time_s,cars_on_campus,cumulative_spawned,cumulative_exited
0,3200,0,0
1,3200,0,0
2,3200,0,0
3,3200,0,0
4,3200,0,0
5,3200,0,0
6,3200,0,0
7,3200,0,0
8,3200,0,0
9,3200,0,0
10,3200,0,0
11,3200,0,0
12,3200,0,0
13,3200,0,0
14,3200,0,0
15,3200,0,0
16,3200,0,0
17,3200,0,0
18,3200,0,0
19,3200,0,0
20,3200,0,0
21,3200,0,0
22,3200,0,0
23,3200,0,0
24,3200,0,0
25,3200,0,0
26,3200,0,0
27,3200,0,0
28,3200,0,0
29,3200,0,0
30,3200,0,0
31,3200,0,0
32,3200,0,0
33,3200,0,0
34,3200,0,0
35,3200,0,0
36,3200,0,0
37,3200,0,0
38,3200,0,0
39,3200,0,0
40,3200,0,0
41,3200,0,0
42,3200,0,0
43,3200,0,0
44,3200,0,0
45,3200,0,0
46,3200,0,0
47,3200,0,0
48,3200,0,0
49,3200,0,0
50,3200,0,0
51,3200,0,0
52,3200,0,0
53,3200,0,0
54,3200,0,0
55,3200,0,0
56,3200,0,0
57,3200,0,0
58,3200,0,0
59,3200,0,0
60,3200,3200,0
61,3200,3200,0
62,3200,3200,0
63,3200,3200,0
64,3200,3200,0
65,3200,3200,0
66,3200,3200,0
67,3200,3200,0
68,3200,3200,0
69,3200,3200,0
70,3200,3200,0
71,3200,3200,0
72,3200,3200,0
73,3200,3200,0
74,3200,3200,0
75,3200,3200,0
76,3200,3200,0
77,3200,3200,0
78,3200,3200,0
79,3200,3200,0
80,3200,3200,0
81,3200,3200,0
82,3200,3200,0
83,3200,3200,0
84,3200,3200,0
85,3200,3200,0
86,3200,3200,0
87,3200,3200,0
88,3200,3200,0
89,3200,3200,0
90,3200,3200,0
91,3200,3200,0
92,3200,3200,0
93,3200,3200,0
94,3200,3200,0
95,3200,3200,0
96,3200,3200,0
97,3200,3200,0
98,3200,3200,0
99,3200,3200,0
100,3200,3200,0
101,3200,3200,0
102,3200,3200,0
103,3200,3200,0
104,3200,3200,0
105,3200,3200,0
106,3200,3200,0
107,3200,3200,0
108,3200,3200,0
109,3200,3200,0
110,3200,3200,0
111,3200,3200,0
112,3200,3200,0
113,3200,3200,0
114,3200,3200,0
115,3200,3200,0
116,3200,3200,0
117,3200,3200,0
118,3200,3200,0
119,3200,3200,0
120,3200,3200,0
121,3200,3200,0
122,3200,3200,0
123,3200,3200,0
124,3200,3200,0
125,3200,3200,0
126,3200,3200,0
127,3200,3200,0
128,3200,3200,0
129,3200,3200,0
130,3200,3200,0
131,3200,3200,0
132,3200,3200,0
133,3200,3200,0
134,3200,3200,0
135,3200,3200,0
136,3200,3200,0
137,3200,3200,0
138,3200,3200,0
139,3200,3200,0
140,3200,3200,0
141,3200,3200,0
142,3200,3200,0
143,3200,3200,0
144,3200,3200,0
145,3200,3200,0
146,3200,3200,0
147,3200,3200,0
148,3200,3200,0
149,3200,3200,0
150,3200,3200,0
151,3200,3200,0
152,3200,3200,0
153,3200,3200,0
154,3200,3200,0
155,3200,3200,0
156,3200,3200,0
157,3200,3200,0
158,3200,3200,0
159,3200,3200,0
160,3200,3200,0
161,3200,3200,0
162,3200,3200,0
163,3200,3200,0
164,3200,3200,0
165,3200,3200,0
166,3200,3200,0
167,3200,3200,0
168,3200,3200,0
169,3200,3200,0
170,3200,3200,0
171,3200,3200,0
172,3200,3200,0
173,3200,3200,0
174,3200,3200,0
175,3200,3200,0
176,3200,3200,0
177,3200,3200,0
178,3200,3200,0
179,3200,3200,0
180,3200,3200,0
181,3200,3200,0
182,3200,3200,0
183,3200,3200,0
184,3200,3200,0
185,3200,3200,0
186,3200,3200,0
187,3200,3200,0
188,3200,3200,0
189,3200,3200,0
190,3200,3200,0
191,3200,3200,0
192,3200,3200,0
193,3200,3200,0
194,3200,3200,0
195,3200,3200,0
196,3200,3200,0
197,3200,3200,0
198,3200,3200,0
199,3200,3200,0
200,3200,3200,0
201,3200,3200,0
202,3200,3200,0
203,3200,3200,0
204,3200,3200,0
205,3200,3200,0
206,3200,3200,0
207,3200,3200,0
208,3200,3200,0
209,3200,3200,0
210,3200,3200,0
211,3200,3200,0
212,3200,3200,0
213,3200,3200,0
214,3200,3200,0
215,3200,3200,0
216,3200,3200,0
217,3200,3200,0
218,3200,3200,0
219,3200,3200,0
220,3200,3200,0
221,3200,3200,0
222,3200,3200,0
223,3200,3200,0
224,3200,3200,0
225,3200,3200,0
226,3200,3200,0
227,3200,3200,0
228,3200,3200,0
229,3200,3200,0
230,3200,3200,0
231,3200,3200,0
232,3200,3200,0
233,3200,3200,0
234,3200,3200,0
235,3200,3200,0
236,3200,3200,0
237,3200,3200,0
238,3200,3200,0
239,3200,3200,0
240,3200,3200,0
241,3200,3200,0
242,3200,3200,0
243,3200,3200,0
244,3200,3200,0
245,3200,3200,0
246,3200,3200,0
247,3200,3200,0
248,3200,3200,0
249,3200,3200,0
250,3200,3200,0
251,3200,3200,0
252,3200,3200,0
253,3200,3200,0
254,3200,3200,0
255,3200,3200,0
256,3200,3200,0
257,3200,3200,0
258,3200,3200,0
259,3200,3200,0
260,3200,3200,0
261,3200,3200,0
262,3200,3200,0
263,3200,3200,0
264,3200,3200,0
265,3200,3200,0
266,3200,3200,0
267,3200,3200,0
268,3200,3200,0
269,3200,3200,0
270,3200,3200,0
271,3200,3200,0
272,3200,3200,0
273,3200,3200,0
274,3200,3200,0
275,3200,3200,0
276,3200,3200,0
277,3200,3200,0
278,3200,3200,0
279,3200,3200,0
280,3200,3200,0
281,3200,3200,0
282,3200,3200,0
283,3200,3200,0
284,3200,3200,0
285,3200,3200,0
286,3200,3200,0
287,3200,3200,0
288,3200,3200,0
289,3200,3200,0
290,3200,3200,0
291,3200,3200,0
292,3200,3200,0
293,3200,3200,0
294,3200,3200,0
295,3200,3200,0
296,3200,3200,0
297,3200,3200,0
298,3200,3200,0
299,3200,3200,0
300,3200,3200,0
301,3200,3200,0
302,3200,3200,0
303,3200,3200,0
304,3200,3200,0
305,3200,3200,0
306,3200,3200,0
307,3200,3200,0
308,3200,3200,0
309,3200,3200,0
310,3200,3200,0
311,3200,3200,0
312,3200,3200,0
313,3200,3200,0
314,3200,3200,0
315,3200,3200,0
316,3200,3200,0
317,3200,3200,0
318,3200,3200,0
319,3200,3200,0
320,3200,3200,0
321,3200,3200,0
322,3200,3200,0
323,3200,3200,0
324,3200,3200,0
325,3200,3200,0
326,3200,3200,0
327,3200,3200,0
328,3200,3200,0
329,3200,3200,0
330,3200,3200,0
331,3200,3200,0
332,3200,3200,0
333,3200,3200,0
334,3200,3200,0
335,3200,3200,0
336,3200,3200,0
337,3200,3200,0
338,3200,3200,0
339,3200,3200,0
340,3200,3200,0
341,3200,3200,0
342,3200,3200,0
343,3200,3200,0
344,3200,3200,0
345,3200,3200,0
346,3200,3200,0
347,3200,3200,0
348,3200,3200,0
349,3200,3200,0
350,3200,3200,0
351,3200,3200,0
352,3200,3200,0
353,3200,3200,0
354,3200,3200,0
355,3200,3200,0
356,3200,3200,0
357,3200,3200,0
358,3200,3200,0
359,3200,3200,0
360,3200,3200,0
361,3200,3200,0
362,3200,3200,0
363,3200,3200,0
364,3200,3200,0
365,3200,3200,0
366,3200,3200,0
367,3200,3200,0
368,3200,3200,0
369,3200,3200,0
370,3200,3200,0
371,3200,3200,0
372,3200,3200,0
373,3200,3200,0
374,3200,3200,0
375,3200,3200,0
376,3200,3200,0
377,3200,3200,0
378,3200,3200,0
379,3200,3200,0
380,3200,3200,0
381,3200,3200,0
382,3200,3200,0
383,3200,3200,0
384,3200,3200,0
385,3200,3200,0
386,3200,3200,0
387,3200,3200,0
388,3200,3200,0
389,3200,3200,0
390,3200,3200,0
391,3200,3200,0
392,3200,3200,0
393,3200,3200,0
394,3200,3200,0
395,3200,3200,0
396,3200,3200,0
397,3200,3200,0
398,3200,3200,0
399,3200,3200,0
400,3200,3200,0
401,3200,3200,0
402,3200,3200,0
403,3200,3200,0
404,3200,3200,0
405,3200,3200,0
406,3200,3200,0
407,3200,3200,0
408,3200,3200,0
409,3200,3200,0
410,3200,3200,0
411,3200,3200,0
412,3200,3200,0
413,3200,3200,0
414,3200,3200,0
415,3200,3200,0
416,3200,3200,0
417,3200,3200,0
418,3200,3200,0
419,3200,3200,0
420,3200,3200,0
421,3200,3200,0
422,3200,3200,0
423,3200,3200,0
424,3200,3200,0
425,3200,3200,0
426,3200,3200,0
427,3200,3200,0
428,3200,3200,0
429,3200,3200,0
430,3200,3200,0
431,3200,3200,0
432,3200,3200,0
433,3200,3200,0
434,3200,3200,0
435,3200,3200,0
436,3200,3200,0
437,3200,3200,0
438,3200,3200,0
439,3200,3200,0
440,3200,3200,0
441,3200,3200,0
442,3200,3200,0
443,3200,3200,0
444,3200,3200,0
445,3200,3200,0
446,3200,3200,0
447,3200,3200,0
448,3200,3200,0
449,3200,3200,0
450,3200,3200,0
451,3200,3200,0
452,3200,3200,0
453,3200,3200,0
454,3200,3200,0
455,3200,3200,0
456,3200,3200,0
457,3200,3200,0
458,3200,3200,0
459,3200,3200,0
460,3200,3200,0
461,3200,3200,0
462,3200,3200,0
463,3200,3200,0
464,3200,3200,0
465,3200,3200,0
466,3200,3200,0
467,3200,3200,0
468,3200,3200,0
469,3200,3200,0
470,3200,3200,0
471,3200,3200,0
472,3200,3200,0
473,3200,3200,0
474,3200,3200,0
475,3200,3200,0
476,3200,3200,0
477,3200,3200,0
478,3200,3200,0
479,3200,3200,0
480,3200,3200,0
481,3200,3200,0
482,3200,3200,0
483,3200,3200,0
484,3200,3200,0
485,3200,3200,0
486,3200,3200,0
487,3200,3200,0
488,3200,3200,0
489,3200,3200,0
490,3200,3200,0
491,3200,3200,0
492,3200,3200,0
493,3200,3200,0
494,3200,3200,0
495,3200,3200,0
496,3200,3200,0
497,3200,3200,0
498,3200,3200,0
499,3200,3200,0
500,3200,3200,0
501,3200,3200,0
502,3200,3200,0
503,3200,3200,0
504,3200,3200,0
505,3200,3200,0
506,3200,3200,0
507,3200,3200,0
508,3200,3200,0
509,3200,3200,0
510,3200,3200,0
511,3200,3200,0
512,3200,3200,0
513,3200,3200,0
514,3200,3200,0
515,3200,3200,0
516,3200,3200,0
517,3200,3200,0
518,3200,3200,0
519,3200,3200,0
520,3200,3200,0
521,3200,3200,0
522,3200,3200,0
523,3200,3200,0
524,3200,3200,0
525,3200,3200,0
526,3200,3200,0
527,3200,3200,0
528,3200,3200,0
529,3200,3200,0
530,3200,3200,0
531,3200,3200,0
532,3200,3200,0
533,3200,3200,0
534,3200,3200,0
535,3200,3200,0
536,3200,3200,0
537,3200,3200,0
538,3200,3200,0
539,3200,3200,0
540,3200,3200,0
541,3200,3200,0
542,3200,3200,0
543,3200,3200,0
544,3200,3200,0
545,3200,3200,0
546,3200,3200,0
547,3200,3200,0
548,3200,3200,0
549,3200,3200,0
550,3200,3200,0
551,3200,3200,0
552,3200,3200,0
553,3200,3200,0
554,3200,3200,0
555,3200,3200,0
556,3200,3200,0
557,3200,3200,0
558,3200,3200,0
559,3200,3200,0
560,3200,3200,0
561,3200,3200,0
562,3200,3200,0
563,3200,3200,0
564,3200,3200,0
565,3200,3200,0
566,3200,3200,0
567,3200,3200,0
568,3200,3200,0
569,3200,3200,0
570,3200,3200,0
571,3200,3200,0
572,3200,3200,0
573,3200,3200,0
574,3200,3200,0
575,3200,3200,0
576,3200,3200,0
577,3200,3200,0
578,3200,3200,0
579,3200,3200,0
580,3200,3200,0
581,3200,3200,0
582,3200,3200,0
583,3200,3200,0
584,3200,3200,0
585,3200,3200,0
586,3200,3200,0
587,3200,3200,0
588,3200,3200,0
589,3200,3200,0
590,3200,3200,0
591,3200,3200,0
592,3200,3200,0
593,3200,3200,0
594,3200,3200,0
595,3200,3200,0
596,3200,3200,0
597,3200,3200,0
598,3200,3200,0
599,3200,3200,0
600,3200,3200,0
601,3200,3200,0
602,3200,3200,0
603,3200,3200,0
604,3200,3200,0
605,3200,3200,0
606,3200,3200,0
607,3200,3200,0
608,3200,3200,0
609,3200,3200,0
610,3200,3200,0
611,3200,3200,0
612,3200,3200,0
613,3200,3200,0
614,3200,3200,0
615,3200,3200,0
616,3200,3200,0
617,3200,3200,0
618,3200,3200,0
619,3200,3200,0
620,3200,3200,0
621,3200,3200,0
622,3200,3200,0
623,3200,3200,0
624,3200,3200,0
625,3200,3200,0
626,3200,3200,0
627,3200,3200,0
628,3200,3200,0
629,3200,3200,0
630,3200,3200,0
631,3200,3200,0
632,3200,3200,0
633,3200,3200,0
634,3200,3200,0
635,3200,3200,0
636,3200,3200,0
637,3200,3200,0
638,3200,3200,0
639,3200,3200,0
640,3200,3200,0
641,3200,3200,0
642,3200,3200,0
643,3200,3200,0
644,3200,3200,0
645,3200,3200,0
646,3200,3200,0
647,3200,3200,0
648,3200,3200,0
649,3200,3200,0
650,3200,3200,0
651,3200,3200,0
652,3200,3200,0
653,3200,3200,0
654,3200,3200,0
655,3200,3200,0
656,3200,3200,0
657,3200,3200,0
658,3200,3200,0
659,3200,3200,0
660,3200,3200,0
661,3200,3200,0
662,3200,3200,0
663,3200,3200,0
664,3200,3200,0
665,3200,3200,0
666,3200,3200,0
667,3200,3200,0
668,3200,3200,0
669,3200,3200,0
670,3200,3200,0
671,3200,3200,0
672,3200,3200,0
673,3200,3200,0
674,3200,3200,0
675,3200,3200,0
676,3200,3200,0
677,3200,3200,0
678,3200,3200,0
679,3200,3200,0
680,3200,3200,0
681,3200,3200,0
682,3200,3200,0
683,3200,3200,0
684,3200,3200,0
685,3200,3200,0
686,3200,3200,0
687,3200,3200,0
688,3200,3200,0
689,3200,3200,0
690,3200,3200,0
691,3200,3200,0
692,3200,3200,0
693,3200,3200,0
694,3200,3200,0
695,3200,3200,0
696,3200,3200,0
697,3200,3200,0
698,3200,3200,0
699,3200,3200,0
700,3200,3200,0
701,3200,3200,0
702,3200,3200,0
703,3200,3200,0
704,3200,3200,0
705,3200,3200,0
706,3200,3200,0
707,3200,3200,0
708,3200,3200,0
709,3200,3200,0
710,3200,3200,0
711,3200,3200,0
712,3200,3200,0
713,3200,3200,0
714,3200,3200,0
715,3200,3200,0
716,3200,3200,0
717,3200,3200,0
718,3200,3200,0
719,3200,3200,0
720,3200,3200,0
721,3200,3200,0
722,3200,3200,0
723,3200,3200,0
724,3200,3200,0
725,3200,3200,0
726,3200,3200,0
727,3200,3200,0
728,3200,3200,0
729,3200,3200,0
730,3200,3200,0
731,3200,3200,0
732,3200,3200,0
733,3200,3200,0
734,3200,3200,0
735,3200,3200,0
736,3200,3200,0
737,3200,3200,0
738,3200,3200,0
739,3200,3200,0
740,3200,3200,0
741,3200,3200,0
742,3200,3200,0
743,3200,3200,0
744,3200,3200,0
745,3200,3200,0
746,3200,3200,0
747,3200,3200,0
748,3200,3200,0
749,3200,3200,0
750,3200,3200,0
751,3200,3200,0
752,3200,3200,0
753,3200,3200,0
754,3200,3200,0
755,3200,3200,0
756,3200,3200,0
757,3200,3200,0
758,3200,3200,0
759,3200,3200,0
760,3200,3200,0
761,3200,3200,0
762,3200,3200,0
763,3200,3200,0
764,3200,3200,0
765,3200,3200,0
766,3200,3200,0
767,3200,3200,0
768,3200,3200,0
769,3200,3200,0
770,3200,3200,0
771,3200,3200,0
772,3200,3200,0
773,3200,3200,0
774,3200,3200,0
775,3200,3200,0
776,3200,3200,0
777,3200,3200,0
778,3200,3200,0
779,3200,3200,0
780,3200,3200,0
781,3200,3200,0
782,3200,3200,0
783,3200,3200,0
784,3200,3200,0
785,3200,3200,0
786,3200,3200,0
787,3200,3200,0
788,3200,3200,0
789,3200,3200,0
790,3200,3200,0
791,3200,3200,0
792,3200,3200,0
793,3200,3200,0
794,3200,3200,0
795,3200,3200,0
796,3200,3200,0
797,3200,3200,0
798,3200,3200,0
799,3200,3200,0
800,3200,3200,0
801,3200,3200,0
802,3200,3200,0
803,3200,3200,0
804,3200,3200,0
805,3200,3200,0
806,3200,3200,0
807,3200,3200,0
808,3200,3200,0
809,3200,3200,0
810,3200,3200,0
811,3200,3200,0
812,3200,3200,0
813,3200,3200,0
814,3200,3200,0
815,3200,3200,0
816,3200,3200,0
817,3200,3200,0
818,3200,3200,0
819,3200,3200,0
820,3200,3200,0
821,3200,3200,0
822,3200,3200,0
823,3200,3200,0
824,3200,3200,0
825,3200,3200,0
826,3200,3200,0
827,3200,3200,0
828,3200,3200,0
829,3200,3200,0
830,3200,3200,0
831,3200,3200,0
832,3200,3200,0
833,3200,3200,0
834,3200,3200,0
835,3200,3200,0
836,3200,3200,0
837,3200,3200,0
838,3200,3200,0
839,3200,3200,0
840,3200,3200,0
841,3200,3200,0
842,3200,3200,0
843,3200,3200,0
844,3200,3200,0
845,3200,3200,0
846,3200,3200,0
847,3200,3200,0
848,3200,3200,0
849,3200,3200,0
850,3200,3200,0
851,3200,3200,0
852,3200,3200,0
853,3200,3200,0
854,3200,3200,0
855,3200,3200,0
856,3200,3200,0
857,3200,3200,0
858,3200,3200,0
859,3200,3200,0
860,3200,3200,0
861,3200,3200,0
862,3200,3200,0
863,3200,3200,0
864,3200,3200,0
865,3200,3200,0
866,3200,3200,0
867,3200,3200,0
868,3200,3200,0
869,3200,3200,0
870,3200,3200,0
871,3200,3200,0
872,3200,3200,0
873,3200,3200,0
874,3200,3200,0
875,3200,3200,0
876,3200,3200,0
877,3200,3200,0
878,3200,3200,0
879,3200,3200,0
880,3200,3200,0
881,3200,3200,0
882,3200,3200,0
883,3200,3200,0
884,3200,3200,0
885,3200,3200,0
886,3200,3200,0
887,3200,3200,0
888,3200,3200,0
889,3200,3200,0
890,3200,3200,0
891,3200,3200,0
892,3200,3200,0
893,3200,3200,0
894,3200,3200,0
895,3200,3200,0
896,3200,3200,0
897,3200,3200,0
898,3200,3200,0
899,3200,3200,0
900,3200,3200,0
901,3200,3200,0
902,3200,3200,0
903,3200,3200,0
904,3200,3200,0
905,3200,3200,0
906,3200,3200,0
907,3200,3200,0
908,3200,3200,0
909,3200,3200,0
910,3200,3200,0
911,3200,3200,0
912,3200,3200,0
913,3200,3200,0
914,3200,3200,0
915,3200,3200,0
916,3200,3200,0
917,3200,3200,0
918,3200,3200,0
919,3200,3200,0
920,3200,3200,0
921,3200,3200,0
922,3200,3200,0
923,3200,3200,0
924,3200,3200,0
925,3200,3200,0
926,3200,3200,0
927,3200,3200,0
928,3200,3200,0
929,3200,3200,0
930,3200,3200,0
931,3200,3200,0
932,3200,3200,0
933,3200,3200,0
934,3200,3200,0
935,3200,3200,0
936,3200,3200,0
937,3200,3200,0
938,3200,3200,0
939,3200,3200,0
940,3200,3200,0
941,3200,3200,0
942,3200,3200,0
943,3200,3200,0
944,3200,3200,0
945,3200,3200,0
946,3200,3200,0
947,3200,3200,0
948,3200,3200,0
949,3200,3200,0
950,3200,3200,0
951,3200,3200,0
952,3200,3200,0
953,3200,3200,0
954,3200,3200,0
955,3200,3200,0
956,3200,3200,0
957,3200,3200,0
958,3200,3200,0
959,3200,3200,0
960,3200,3200,0
961,3200,3200,0
962,3200,3200,0
963,3200,3200,0
964,3200,3200,0
965,3200,3200,0
966,3200,3200,0
967,3200,3200,0
968,3200,3200,0
969,3200,3200,0
970,3200,3200,0
971,3200,3200,0
972,3200,3200,0
973,3200,3200,0
974,3200,3200,0
975,3200,3200,0
976,3200,3200,0
977,3200,3200,0
978,3200,3200,0
979,3200,3200,0
980,3200,3200,0
981,3200,3200,0
982,3200,3200,0
983,3200,3200,0
984,3200,3200,0
985,3200,3200,0
986,3200,3200,0
987,3200,3200,0
988,3200,3200,0
989,3200,3200,0
990,3200,3200,0
991,3200,3200,0
992,3200,3200,0
993,3200,3200,0
994,3200,3200,0
995,3200,3200,0
996,3200,3200,0
997,3200,3200,0
998,3200,3200,0
999,3200,3200,0
1000,3200,3200,0
1001,3200,3200,0
1002,3200,3200,0
1003,3200,3200,0
1004,3200,3200,0
1005,3200,3200,0
1006,3200,3200,0
1007,3200,3200,0
1008,3200,3200,0
1009,3200,3200,0
1010,3200,3200,0
1011,3200,3200,0
1012,3200,3200,0
1013,3200,3200,0
1014,3200,3200,0
1015,3200,3200,0
1016,3200,3200,0
1017,3200,3200,0
1018,3200,3200,0
1019,3200,3200,0
1020,3200,3200,0
1021,3200,3200,0
1022,3200,3200,0
1023,3200,3200,0
1024,3200,3200,0
1025,3200,3200,0
1026,3200,3200,0
1027,3200,3200,0
1028,3200,3200,0
1029,3200,3200,0
1030,3200,3200,0
1031,3200,3200,0
1032,3200,3200,0
1033,3200,3200,0
1034,3200,3200,0
1035,3200,3200,0
1036,3200,3200,0
1037,3200,3200,0
1038,3200,3200,0
1039,3200,3200,0
1040,3200,3200,0
1041,3200,3200,0
1042,3200,3200,0
1043,3200,3200,0
1044,3200,3200,0
1045,3200,3200,0
1046,3200,3200,0
1047,3200,3200,0
1048,3200,3200,0
1049,3200,3200,0
1050,3200,3200,0
1051,3200,3200,0
1052,3200,3200,0
1053,3200,3200,0
1054,3200,3200,0
1055,3200,3200,0
1056,3200,3200,0
1057,3200,3200,0
1058,3200,3200,0
1059,3200,3200,0
1060,3200,3200,0
1061,3200,3200,0
1062,3200,3200,0
1063,3200,3200,0
1064,3200,3200,0
1065,3200,3200,0
1066,3200,3200,0
1067,3200,3200,0
1068,3200,3200,0
1069,3200,3200,0
1070,3200,3200,0
1071,3200,3200,0
1072,3200,3200,0
1073,3200,3200,0
1074,3200,3200,0
1075,3200,3200,0
1076,3200,3200,0
1077,3200,3200,0
1078,3200,3200,0
1079,3200,3200,0
1080,3200,3200,0
1081,3200,3200,0
1082,3200,3200,0
1083,3200,3200,0
1084,3200,3200,0
1085,3200,3200,0
1086,3200,3200,0
1087,3200,3200,0
1088,3200,3200,0
1089,3200,3200,0
1090,3200,3200,0
1091,3200,3200,0
1092,3200,3200,0
1093,3200,3200,0
1094,3200,3200,0
1095,3200,3200,0
1096,3200,3200,0
1097,3200,3200,0
1098,3200,3200,0
1099,3200,3200,0
1100,3200,3200,0
1101,3200,3200,0
1102,3200,3200,0
1103,3200,3200,0
1104,3200,3200,0
1105,3200,3200,0
1106,3200,3200,0
1107,3200,3200,0
1108,3200,3200,0
1109,3200,3200,0
1110,3200,3200,0
1111,3200,3200,0
1112,3200,3200,0
1113,3200,3200,0
1114,3200,3200,0
1115,3200,3200,0
1116,3200,3200,0
1117,3200,3200,0
1118,3200,3200,0
1119,3200,3200,0
1120,3200,3200,0
1121,3200,3200,0
1122,3200,3200,0
1123,3200,3200,0
1124,3200,3200,0
1125,3200,3200,0
1126,3200,3200,0
1127,3200,3200,0
1128,3200,3200,0
1129,3200,3200,0
1130,3200,3200,0
1131,3200,3200,0
1132,3200,3200,0
1133,3200,3200,0
1134,3200,3200,0
1135,3200,3200,0
1136,3200,3200,0
1137,3200,3200,0
1138,3200,3200,0
1139,3200,3200,0
1140,3200,3200,0
1141,3200,3200,0
1142,3200,3200,0
1143,3200,3200,0
1144,3200,3200,0
1145,3200,3200,0
1146,3200,3200,0
1147,3200,3200,0
1148,3200,3200,0
1149,3200,3200,0
1150,3200,3200,0
1151,3200,3200,0
1152,3200,3200,0
1153,3200,3200,0
1154,3200,3200,0
1155,3200,3200,0
1156,3200,3200,0
1157,3200,3200,0
1158,3200,3200,0
1159,3200,3200,0
1160,3200,3200,0
1161,3200,3200,0
1162,3200,3200,0
1163,3200,3200,0
1164,3200,3200,0
1165,3200,3200,0
1166,3200,3200,0
1167,3200,3200,0
1168,3200,3200,0
1169,3200,3200,0
1170,3200,3200,0
1171,3200,3200,0
1172,3200,3200,0
1173,3200,3200,0
1174,3200,3200,0
1175,3200,3200,0
1176,3200,3200,0
1177,3200,3200,0
1178,3200,3200,0
1179,3200,3200,0
1180,3200,3200,0
1181,3200,3200,0
1182,3200,3200,0
1183,3200,3200,0
1184,3200,3200,0
1185,3200,3200,0
1186,3200,3200,0
1187,3200,3200,0
1188,3200,3200,0
1189,3200,3200,0
1190,3200,3200,0
1191,3200,3200,0
1192,3200,3200,0
1193,3200,3200,0
1194,3200,3200,0
1195,3200,3200,0
1196,3200,3200,0
1197,3200,3200,0
1198,3200,3200,0
1199,3200,3200,0
1200,3200,3200,0
1201,3200,3200,0
1202,3200,3200,0
1203,3200,3200,0
1204,3200,3200,0
1205,3200,3200,0
1206,3200,3200,0
1207,3200,3200,0
1208,3200,3200,0
1209,3200,3200,0
1210,3200,3200,0
1211,3200,3200,0
1212,3200,3200,0
1213,3200,3200,0
1214,3200,3200,0
1215,3200,3200,0
1216,3200,3200,0
1217,3200,3200,0
1218,3200,3200,0
1219,3200,3200,0
1220,3200,3200,0
1221,3200,3200,0
1222,3200,3200,0
1223,3200,3200,0
1224,3200,3200,0
1225,3200,3200,0
1226,3200,3200,0
1227,3200,3200,0
1228,3200,3200,0
1229,3200,3200,0
1230,3200,3200,0
1231,3200,3200,0
1232,3200,3200,0
1233,3200,3200,0
1234,3200,3200,0
1235,3200,3200,0
1236,3200,3200,0
1237,3200,3200,0
1238,3200,3200,0
1239,3200,3200,0
1240,3200,3200,0
1241,3200,3200,0
1242,3200,3200,0
1243,3200,3200,0
1244,3200,3200,0
1245,3200,3200,0
1246,3200,3200,0
1247,3200,3200,0
1248,3200,3200,0
1249,3200,3200,0
1250,3200,3200,0
1251,3200,3200,0
1252,3200,3200,0
1253,3200,3200,0
1254,3200,3200,0
1255,3200,3200,0
1256,3200,3200,0
1257,3200,3200,0
1258,3200,3200,0
1259,3200,3200,0
1260,3200,3200,0
1261,3200,3200,0
1262,3200,3200,0
1263,3200,3200,0
1264,3200,3200,0
1265,3200,3200,0
1266,3200,3200,0
1267,3200,3200,0
1268,3200,3200,0
1269,3200,3200,0
1270,3200,3200,0
1271,3200,3200,0
1272,3200,3200,0
1273,3200,3200,0
1274,3200,3200,0
1275,3200,3200,0
1276,3200,3200,0
1277,3200,3200,0
1278,3200,3200,0
1279,3200,3200,0
1280,3200,3200,0
1281,3200,3200,0
1282,3200,3200,0
1283,3200,3200,0
1284,3200,3200,0
1285,3200,3200,0
1286,3200,3200,0
1287,3200,3200,0
1288,3200,3200,0
1289,3200,3200,0
1290,3200,3200,0
1291,3200,3200,0
1292,3200,3200,0
1293,3200,3200,0
1294,3200,3200,0
1295,3200,3200,0
1296,3200,3200,0
1297,3200,3200,0
1298,3200,3200,0
1299,3200,3200,0
1300,3200,3200,0
1301,3200,3200,0
1302,3200,3200,0
1303,3200,3200,0
1304,3200,3200,0
1305,3200,3200,0
1306,3200,3200,0
1307,3200,3200,0
1308,3200,3200,0
1309,3200,3200,0
1310,3200,3200,0
1311,3200,3200,0
1312,3200,3200,0
1313,3200,3200,0
1314,3200,3200,0
1315,3200,3200,0
1316,3200,3200,0
1317,3200,3200,0
1318,3200,3200,0
1319,3200,3200,0
1320,3200,3200,0
1321,3200,3200,0
1322,3200,3200,0
1323,3200,3200,0
1324,3200,3200,0
1325,3200,3200,0
1326,3200,3200,0
1327,3200,3200,0
1328,3200,3200,0
1329,3200,3200,0
1330,3200,3200,0
1331,3200,3200,0
1332,3200,3200,0
1333,3200,3200,0
1334,3200,3200,0
1335,3200,3200,0
1336,3200,3200,0
1337,3200,3200,0
1338,3200,3200,0
1339,3200,3200,0
1340,3200,3200,0
1341,3200,3200,0
1342,3200,3200,0
1343,3200,3200,0
1344,3200,3200,0
1345,3200,3200,0
1346,3200,3200,0
1347,3200,3200,0
1348,3200,3200,0
1349,3200,3200,0
1350,3200,3200,0
1351,3200,3200,0
1352,3200,3200,0
1353,3200,3200,0
1354,3200,3200,0
1355,3200,3200,0
1356,3200,3200,0
1357,3200,3200,0
1358,3200,3200,0
1359,3200,3200,0
1360,3200,3200,0
1361,3200,3200,0
1362,3200,3200,0
1363,3200,3200,0
1364,3200,3200,0
1365,3200,3200,0
1366,3200,3200,0
1367,3200,3200,0
1368,3200,3200,0
1369,3200,3200,0
1370,3200,3200,0
1371,3200,3200,0
1372,3200,3200,0
1373,3200,3200,0
1374,3200,3200,0
1375,3200,3200,0
1376,3200,3200,0
1377,3200,3200,0
1378,3200,3200,0
1379,3200,3200,0
1380,3200,3200,0
1381,3200,3200,0
1382,3200,3200,0
1383,3200,3200,0
1384,3200,3200,0
1385,3200,3200,0
1386,3200,3200,0
1387,3200,3200,0
1388,3200,3200,0
1389,3200,3200,0
1390,3200,3200,0
1391,3200,3200,0
1392,3200,3200,0
1393,3200,3200,0
1394,3200,3200,0
1395,3200,3200,0
1396,3200,3200,0
1397,3200,3200,0
1398,3200,3200,0
1399,3200,3200,0
1400,3200,3200,0
1401,3200,3200,0
1402,3200,3200,0
1403,3200,3200,0
1404,3200,3200,0
1405,3200,3200,0
1406,3200,3200,0
1407,3200,3200,0
1408,3200,3200,0
1409,3200,3200,0
1410,3200,3200,0
1411,3200,3200,0
1412,3200,3200,0
1413,3200,3200,0
1414,3200,3200,0
1415,3200,3200,0
1416,3200,3200,0
1417,3200,3200,0
1418,3200,3200,0
1419,3200,3200,0
1420,3200,3200,0
1421,3200,3200,0
1422,3200,3200,0
1423,3200,3200,0
1424,3200,3200,0
1425,3200,3200,0
1426,3200,3200,0
1427,3200,3200,0
1428,3200,3200,0
1429,3200,3200,0
1430,3200,3200,0
1431,3200,3200,0
1432,3200,3200,0
1433,3200,3200,0
1434,3200,3200,0
1435,3200,3200,0
1436,3200,3200,0
1437,3200,3200,0
1438,3200,3200,0
1439,3200,3200,0
1440,3200,3200,0
1441,3200,3200,0
1442,3200,3200,0
1443,3200,3200,0
1444,3200,3200,0
1445,3200,3200,0
1446,3200,3200,0
1447,3200,3200,0
1448,3200,3200,0
1449,3200,3200,0
1450,3200,3200,0
1451,3200,3200,0
1452,3200,3200,0
1453,3200,3200,0
1454,3200,3200,0
1455,3200,3200,0
1456,3200,3200,0
1457,3200,3200,0
1458,3200,3200,0
1459,3200,3200,0
1460,3200,3200,0
1461,3200,3200,0
1462,3200,3200,0
1463,3200,3200,0
1464,3200,3200,0
1465,3200,3200,0
1466,3200,3200,0
1467,3200,3200,0
1468,3200,3200,0
1469,3200,3200,0
1470,3200,3200,0
1471,3200,3200,0
1472,3200,3200,0
1473,3200,3200,0
1474,3200,3200,0
1475,3200,3200,0
1476,3200,3200,0
1477,3200,3200,0
1478,3200,3200,0
1479,3200,3200,0
1480,3200,3200,0
1481,3200,3200,0
1482,3200,3200,0
1483,3200,3200,0
1484,3200,3200,0
1485,3200,3200,0
1486,3200,3200,0
1487,3200,3200,0
1488,3200,3200,0
1489,3200,3200,0
1490,3200,3200,0
1491,3200,3200,0
1492,3200,3200,0
1493,3200,3200,0
1494,3200,3200,0
1495,3200,3200,0
1496,3200,3200,0
1497,3200,3200,0
1498,3200,3200,0
1499,3200,3200,0
1500,3200,3200,0
1501,3200,3200,0
1502,3200,3200,0
1503,3200,3200,0
1504,3200,3200,0
1505,3200,3200,0
1506,3200,3200,0
1507,3200,3200,0
1508,3200,3200,0
1509,3200,3200,0
1510,3200,3200,0
1511,3200,3200,0
1512,3200,3200,0
1513,3200,3200,0
1514,3200,3200,0
1515,3200,3200,0
1516,3200,3200,0
1517,3200,3200,0
1518,3200,3200,0
1519,3200,3200,0
1520,3200,3200,0
1521,3200,3200,0
1522,3200,3200,0
1523,3200,3200,0
1524,3200,3200,0
1525,3200,3200,0
1526,3200,3200,0
1527,3200,3200,0
1528,3200,3200,0
1529,3200,3200,0
1530,3200,3200,0
1531,3200,3200,0
1532,3200,3200,0
1533,3200,3200,0
1534,3200,3200,0
1535,3200,3200,0
1536,3200,3200,0
1537,3200,3200,0
1538,3200,3200,0
1539,3200,3200,0
1540,3200,3200,0
1541,3200,3200,0
1542,3200,3200,0
1543,3200,3200,0
1544,3200,3200,0
1545,3200,3200,0
1546,3200,3200,0
1547,3200,3200,0
1548,3200,3200,0
1549,3200,3200,0
1550,3200,3200,0
1551,3200,3200,0
1552,3200,3200,0
1553,3200,3200,0
1554,3200,3200,0
1555,3200,3200,0
1556,3200,3200,0
1557,3200,3200,0
1558,3200,3200,0
1559,3200,3200,0
1560,3200,3200,0
1561,3200,3200,0
1562,3200,3200,0
1563,3200,3200,0
1564,3200,3200,0
1565,3200,3200,0
1566,3200,3200,0
1567,3200,3200,0
1568,3200,3200,0
1569,3200,3200,0
1570,3200,3200,0
1571,3200,3200,0
1572,3200,3200,0
1573,3200,3200,0
1574,3200,3200,0
1575,3200,3200,0
1576,3200,3200,0
1577,3200,3200,0
1578,3200,3200,0
1579,3200,3200,0
1580,3200,3200,0
1581,3200,3200,0
1582,3200,3200,0
1583,3200,3200,0
1584,3200,3200,0
1585,3200,3200,0
1586,3200,3200,0
1587,3200,3200,0
1588,3200,3200,0
1589,3200,3200,0
1590,3200,3200,0
1591,3200,3200,0
1592,3200,3200,0
1593,3200,3200,0
1594,3200,3200,0
1595,3200,3200,0
1596,3200,3200,0
1597,3200,3200,0
1598,3200,3200,0
1599,3200,3200,0
1600,3200,3200,0
1601,3200,3200,0
1602,3200,3200,0
1603,3200,3200,0
1604,3200,3200,0
1605,3200,3200,0
1606,3200,3200,0
1607,3200,3200,0
1608,3200,3200,0
1609,3200,3200,0
1610,3200,3200,0
1611,3200,3200,0
1612,3200,3200,0
1613,3200,3200,0
1614,3200,3200,0
1615,3200,3200,0
1616,3200,3200,0
1617,3200,3200,0
1618,3200,3200,0
1619,3200,3200,0
1620,3200,3200,0
1621,3200,3200,0
1622,3200,3200,0
1623,3200,3200,0
1624,3200,3200,0
1625,3200,3200,0
1626,3200,3200,0
1627,3200,3200,0
1628,3200,3200,0
1629,3200,3200,0
1630,3200,3200,0
1631,3200,3200,0
1632,3200,3200,0
1633,3200,3200,0
1634,3200,3200,0
1635,3200,3200,0
1636,3200,3200,0
1637,3200,3200,0
1638,3200,3200,0
1639,3200,3200,0
1640,3200,3200,0
1641,3200,3200,0
1642,3200,3200,0
1643,3200,3200,0
1644,3200,3200,0
1645,3200,3200,0
1646,3200,3200,0
1647,3200,3200,0
1648,3200,3200,0
1649,3200,3200,0
1650,3200,3200,0
1651,3200,3200,0
1652,3200,3200,0
1653,3200,3200,0
1654,3200,3200,0
1655,3200,3200,0
1656,3200,3200,0
1657,3200,3200,0
1658,3200,3200,0
1659,3200,3200,0
1660,3200,3200,0
1661,3200,3200,0
1662,3200,3200,0
1663,3200,3200,0
1664,3200,3200,0
1665,3200,3200,0
1666,3200,3200,0
1667,3200,3200,0
1668,3200,3200,0
1669,3200,3200,0
1670,3200,3200,0
1671,3200,3200,0
1672,3200,3200,0
1673,3200,3200,0
1674,3200,3200,0
1675,3200,3200,0
1676,3200,3200,0
1677,3200,3200,0
1678,3200,3200,0
1679,3200,3200,0
1680,3200,3200,0
1681,3200,3200,0
1682,3200,3200,0
1683,3200,3200,0
1684,3200,3200,0
1685,3200,3200,0
1686,3200,3200,0
1687,3200,3200,0
1688,3200,3200,0
1689,3200,3200,0
1690,3200,3200,0
1691,3200,3200,0
1692,3200,3200,0
1693,3200,3200,0
1694,3200,3200,0
1695,3200,3200,0
1696,3200,3200,0
1697,3200,3200,0
1698,3200,3200,0
1699,3200,3200,0
1700,3200,3200,0
1701,3200,3200,0
1702,3200,3200,0
1703,3200,3200,0
1704,3200,3200,0
1705,3200,3200,0
1706,3200,3200,0
1707,3200,3200,0
1708,3200,3200,0
1709,3200,3200,0
1710,3200,3200,0
1711,3200,3200,0
1712,3200,3200,0
1713,3200,3200,0
1714,3200,3200,0
1715,3200,3200,0
1716,3200,3200,0
1717,3200,3200,0
1718,3200,3200,0
1719,3200,3200,0
1720,3200,3200,0
1721,3200,3200,0
1722,3200,3200,0
1723,3200,3200,0
1724,3200,3200,0
1725,3200,3200,0
1726,3200,3200,0
1727,3200,3200,0
1728,3200,3200,0
1729,3200,3200,0
1730,3200,3200,0
1731,3200,3200,0
1732,3200,3200,0
1733,3200,3200,0
1734,3200,3200,0
1735,3200,3200,0
1736,3200,3200,0
1737,3200,3200,0
1738,3200,3200,0
1739,3200,3200,0
1740,3200,3200,0
1741,3200,3200,0
1742,3200,3200,0
1743,3200,3200,0
1744,3200,3200,0
1745,3200,3200,0
1746,3200,3200,0
1747,3200,3200,0
1748,3200,3200,0
1749,3200,3200,0
1750,3200,3200,0
1751,3200,3200,0
1752,3200,3200,0
1753,3200,3200,0
1754,3200,3200,0
1755,3200,3200,0
1756,3200,3200,0
1757,3200,3200,0
1758,3200,3200,0
1759,3200,3200,0
1760,3200,3200,0
1761,3200,3200,0
1762,3200,3200,0
1763,3200,3200,0
1764,3200,3200,0
1765,3200,3200,0
1766,3200,3200,0
1767,3200,3200,0
1768,3200,3200,0
1769,3200,3200,0
1770,3200,3200,0
1771,3200,3200,0
1772,3200,3200,0
1773,3200,3200,0
1774,3200,3200,0
1775,3200,3200,0
1776,3200,3200,0
1777,3200,3200,0
1778,3200,3200,0
1779,3200,3200,0
1780,3200,3200,0
1781,3200,3200,0
1782,3200,3200,0
1783,3200,3200,0
1784,3200,3200,0
1785,3200,3200,0
1786,3200,3200,0
1787,3200,3200,0
1788,3200,3200,0
1789,3200,3200,0
1790,3200,3200,0
1791,3200,3200,0
1792,3200,3200,0
1793,3200,3200,0
1794,3200,3200,0
1795,3200,3200,0
1796,3200,3200,0
1797,3200,3200,0
1798,3200,3200,0
1799,3200,3200,0
1800,3200,3200,0
1801,3200,3200,0
1802,3200,3200,0
1803,3200,3200,0
1804,3200,3200,0
1805,3200,3200,0
1806,3200,3200,0
1807,3200,3200,0
1808,3200,3200,0
1809,3200,3200,0
1810,3200,3200,0
1811,3200,3200,0
1812,3200,3200,0
1813,3200,3200,0
1814,3200,3200,0
1815,3200,3200,0
1816,3200,3200,0
1817,3200,3200,0
1818,3200,3200,0
1819,3200,3200,0
1820,3200,3200,0
1821,3200,3200,0
1822,3200,3200,0
1823,3200,3200,0
1824,3200,3200,0
1825,3200,3200,0
1826,3200,3200,0
1827,3200,3200,0
1828,3200,3200,0
1829,3200,3200,0
1830,3200,3200,0
1831,3200,3200,0
1832,3200,3200,0
1833,3200,3200,0
1834,3200,3200,0
1835,3200,3200,0
1836,3200,3200,0
1837,3200,3200,0
1838,3200,3200,0
1839,3200,3200,0
1840,3200,3200,0
1841,3200,3200,0
1842,3200,3200,0
1843,3200,3200,0
1844,3200,3200,0
1845,3200,3200,0
1846,3200,3200,0
1847,3200,3200,0
1848,3200,3200,0
1849,3200,3200,0
1850,3200,3200,0
1851,3200,3200,0
1852,3200,3200,0
1853,3200,3200,0
1854,3200,3200,0
1855,3200,3200,0
1856,3200,3200,0
1857,3200,3200,0
1858,3200,3200,0
1859,3200,3200,0
1860,3200,3200,0
1861,3200,3200,0
1862,3200,3200,0
1863,3200,3200,0
1864,3200,3200,0
1865,3200,3200,0
1866,3200,3200,0
1867,3200,3200,0
1868,3200,3200,0
1869,3200,3200,0
1870,3200,3200,0
1871,3200,3200,0
1872,3200,3200,0
1873,3200,3200,0
1874,3200,3200,0
1875,3200,3200,0
1876,3200,3200,0
1877,3200,3200,0
1878,3200,3200,0
1879,3200,3200,0
1880,3200,3200,0
1881,3200,3200,0
1882,3200,3200,0
1883,3200,3200,0
1884,3200,3200,0
1885,3200,3200,0
1886,3200,3200,0
1887,3200,3200,0
1888,3200,3200,0
1889,3200,3200,0
1890,3200,3200,0
1891,3200,3200,0
1892,3200,3200,0
1893,3200,3200,0
1894,3200,3200,0
1895,3200,3200,0
1896,3200,3200,0
1897,3200,3200,0
1898,3200,3200,0
1899,3200,3200,0
1900,3200,3200,0
1901,3200,3200,0
1902,3200,3200,0
1903,3200,3200,0
1904,3200,3200,0
1905,3200,3200,0
1906,3200,3200,0
1907,3200,3200,0
1908,3200,3200,0
1909,3200,3200,0
1910,3200,3200,0
1911,3200,3200,0
1912,3200,3200,0
1913,3200,3200,0
1914,3200,3200,0
1915,3200,3200,0
1916,3200,3200,0
1917,3200,3200,0
1918,3200,3200,0
1919,3200,3200,0
1920,3200,3200,0
1921,3200,3200,0
1922,3200,3200,0
1923,3200,3200,0
1924,3200,3200,0
1925,3200,3200,0
1926,3200,3200,0
1927,3200,3200,0
1928,3200,3200,0
1929,3200,3200,0
1930,3200,3200,0
1931,3200,3200,0
1932,3200,3200,0
1933,3200,3200,0
1934,3200,3200,0
1935,3200,3200,0
1936,3200,3200,0
1937,3200,3200,0
1938,3200,3200,0
1939,3200,3200,0
1940,3200,3200,0
1941,3200,3200,0
1942,3200,3200,0
1943,3200,3200,0
1944,3200,3200,0
1945,3200,3200,0
1946,3200,3200,0
1947,3200,3200,0
1948,3200,3200,0
1949,3200,3200,0
1950,3200,3200,0
1951,3200,3200,0
1952,3200,3200,0
1953,3200,3200,0
1954,3200,3200,0
1955,3200,3200,0
1956,3200,3200,0
1957,3200,3200,0
1958,3200,3200,0
1959,3200,3200,0
1960,3200,3200,0
1961,3200,3200,0
1962,3200,3200,0
1963,3200,3200,0
1964,3200,3200,0
1965,3200,3200,0
1966,3200,3200,0
1967,3200,3200,0
1968,3200,3200,0
1969,3200,3200,0
1970,3200,3200,0
1971,3200,3200,0
1972,3200,3200,0
1973,3200,3200,0
1974,3200,3200,0
1975,3200,3200,0
1976,3200,3200,0
1977,3200,3200,0
1978,3200,3200,0
1979,3200,3200,0
1980,3200,3200,0
1981,3200,3200,0
1982,3200,3200,0
1983,3200,3200,0
1984,3200,3200,0
1985,3200,3200,0
1986,3200,3200,0
1987,3200,3200,0
1988,3200,3200,0
1989,3200,3200,0
1990,3200,3200,0
1991,3200,3200,0
1992,3200,3200,0
1993,3200,3200,0
1994,3200,3200,0
1995,3200,3200,0
1996,3200,3200,0
1997,3200,3200,0
1998,3200,3200,0
1999,3200,3200,0
2000,3200,3200,0
2001,3200,3200,0
2002,3200,3200,0
2003,3200,3200,0
2004,3200,3200,0
2005,3200,3200,0
2006,3200,3200,0
2007,3200,3200,0
2008,3200,3200,0
2009,3200,3200,0
2010,3200,3200,0
2011,3200,3200,0
2012,3200,3200,0
2013,3200,3200,0
2014,3200,3200,0
2015,3200,3200,0
2016,3200,3200,0
2017,3200,3200,0
2018,3200,3200,0
2019,3200,3200,0
2020,3200,3200,0
2021,3200,3200,0
2022,3200,3200,0
2023,3200,3200,0
2024,3200,3200,0
2025,3200,3200,0
2026,3200,3200,0
2027,3200,3200,0
2028,3200,3200,0
2029,3200,3200,0
2030,3200,3200,0
2031,3200,3200,0
2032,3200,3200,0
2033,3200,3200,0
2034,3200,3200,0
2035,3200,3200,0
2036,3200,3200,0
2037,3200,3200,0
2038,3200,3200,0
2039,3200,3200,0
2040,3200,3200,0
2041,3200,3200,0
2042,3200,3200,0
2043,3200,3200,0
2044,3200,3200,0
2045,3200,3200,0
2046,3200,3200,0
2047,3200,3200,0
2048,3200,3200,0
2049,3200,3200,0
2050,3200,3200,0
2051,3200,3200,0
2052,3200,3200,0
2053,3200,3200,0
2054,3200,3200,0
2055,3200,3200,0
2056,3200,3200,0
2057,3200,3200,0
2058,3200,3200,0
2059,3200,3200,0
2060,3200,3200,0
2061,3200,3200,0
2062,3200,3200,0
2063,3200,3200,0
2064,3200,3200,0
2065,3200,3200,0
2066,3200,3200,0
2067,3200,3200,0
2068,3200,3200,0
2069,3200,3200,0
2070,3200,3200,0
2071,3200,3200,0
2072,3200,3200,0
2073,3200,3200,0
2074,3200,3200,0
2075,3200,3200,0
2076,3200,3200,0
2077,3200,3200,0
2078,3200,3200,0
2079,3200,3200,0
2080,3200,3200,0
2081,3200,3200,0
2082,3200,3200,0
2083,3200,3200,0
2084,3200,3200,0
2085,3200,3200,0
2086,3200,3200,0
2087,3200,3200,0
2088,3200,3200,0
2089,3200,3200,0
2090,3200,3200,0
2091,3200,3200,0
2092,3200,3200,0
2093,3200,3200,0
2094,3200,3200,0
2095,3200,3200,0
2096,3200,3200,0
2097,3200,3200,0
2098,3200,3200,0
2099,3200,3200,0
2100,3200,3200,0
2101,3200,3200,0
2102,3200,3200,0
2103,3200,3200,0
2104,3200,3200,0
2105,3200,3200,0
2106,3200,3200,0
2107,3200,3200,0
2108,3200,3200,0
2109,3200,3200,0
2110,3200,3200,0
2111,3200,3200,0
2112,3200,3200,0
2113,3200,3200,0
2114,3200,3200,0
2115,3200,3200,0
2116,3200,3200,0
2117,3200,3200,0
2118,3200,3200,0
2119,3200,3200,0
2120,3200,3200,0
2121,3200,3200,0
2122,3200,3200,0
2123,3200,3200,0
2124,3200,3200,0
2125,3200,3200,0
2126,3200,3200,0
2127,3200,3200,0
2128,3200,3200,0
2129,3200,3200,0
2130,3200,3200,0
2131,3200,3200,0
2132,3200,3200,0
2133,3200,3200,0
2134,3200,3200,0
2135,3200,3200,0
2136,3200,3200,0
2137,3200,3200,0
2138,3200,3200,0
2139,3200,3200,0
2140,3200,3200,0
2141,3200,3200,0
2142,3200,3200,0
2143,3200,3200,0
2144,3200,3200,0
2145,3200,3200,0
2146,3200,3200,0
2147,3200,3200,0
2148,3200,3200,0
2149,3200,3200,0
2150,3200,3200,0
2151,3200,3200,0
2152,3200,3200,0
2153,3200,3200,0
2154,3200,3200,0
2155,3200,3200,0
2156,3200,3200,0
2157,3200,3200,0
2158,3200,3200,0
2159,3200,3200,0
2160,3200,3200,0
2161,3200,3200,0
2162,3200,3200,0
2163,3200,3200,0
2164,3200,3200,0
2165,3200,3200,0
2166,3200,3200,0
2167,3200,3200,0
2168,3200,3200,0
2169,3200,3200,0
2170,3200,3200,0
2171,3200,3200,0
2172,3200,3200,0
2173,3200,3200,0
2174,3200,3200,0
2175,3200,3200,0
2176,3200,3200,0
2177,3200,3200,0
2178,3200,3200,0
2179,3200,3200,0
2180,3200,3200,0
2181,3200,3200,0
2182,3200,3200,0
2183,3200,3200,0
2184,3200,3200,0
2185,3200,3200,0
2186,3200,3200,0
2187,3200,3200,0
2188,3200,3200,0
2189,3200,3200,0
2190,3200,3200,0
2191,3200,3200,0
2192,3200,3200,0
2193,3200,3200,0
2194,3200,3200,0
2195,3200,3200,0
2196,3200,3200,0
2197,3200,3200,0
2198,3200,3200,0
2199,3200,3200,0
2200,3200,3200,0
2201,3200,3200,0
2202,3200,3200,0
2203,3200,3200,0
2204,3200,3200,0
2205,3200,3200,0
2206,3200,3200,0
2207,3200,3200,0
2208,3200,3200,0
2209,3200,3200,0
2210,3200,3200,0
2211,3200,3200,0
2212,3200,3200,0
2213,3200,3200,0
2214,3200,3200,0
2215,3200,3200,0
2216,3200,3200,0
2217,3200,3200,0
2218,3200,3200,0
2219,3200,3200,0
2220,3200,3200,0
2221,3200,3200,0
2222,3200,3200,0
2223,3200,3200,0
2224,3200,3200,0
2225,3200,3200,0
2226,3200,3200,0
2227,3200,3200,0
2228,3200,3200,0
2229,3200,3200,0
2230,3200,3200,0
2231,3200,3200,0
2232,3200,3200,0
2233,3200,3200,0
2234,3200,3200,0
2235,3200,3200,0
2236,3200,3200,0
2237,3200,3200,0
2238,3200,3200,0
2239,3200,3200,0
2240,3200,3200,0
2241,3200,3200,0
2242,3200,3200,0
2243,3200,3200,0
2244,3200,3200,0
2245,3200,3200,0
2246,3200,3200,0
2247,3200,3200,0
2248,3200,3200,0
2249,3200,3200,0
2250,3200,3200,0
2251,3200,3200,0
2252,3200,3200,0
2253,3200,3200,0
2254,3200,3200,0
2255,3200,3200,0
2256,3200,3200,0
2257,3200,3200,0
2258,3200,3200,0
2259,3200,3200,0
2260,3200,3200,0
2261,3200,3200,0
2262,3200,3200,0
2263,3200,3200,0
2264,3200,3200,0
2265,3200,3200,0
2266,3200,3200,0
2267,3200,3200,0
2268,3200,3200,0
2269,3200,3200,0
2270,3200,3200,0
2271,3200,3200,0
2272,3200,3200,0
2273,3200,3200,0
2274,3200,3200,0
2275,3200,3200,0
2276,3200,3200,0
2277,3200,3200,0
2278,3200,3200,0
2279,3200,3200,0
2280,3200,3200,0
2281,3200,3200,0
2282,3200,3200,0
2283,3200,3200,0
2284,3200,3200,0
2285,3200,3200,0
2286,3200,3200,0
2287,3200,3200,0
2288,3200,3200,0
2289,3200,3200,0
2290,3200,3200,0
2291,3200,3200,0
2292,3200,3200,0
2293,3200,3200,0
2294,3200,3200,0
2295,3200,3200,0
2296,3200,3200,0
2297,3200,3200,0
2298,3200,3200,0
2299,3200,3200,0
2300,3200,3200,0
2301,3200,3200,0
2302,3200,3200,0
2303,3200,3200,0
2304,3200,3200,0
2305,3200,3200,0
2306,3200,3200,0
2307,3200,3200,0
2308,3200,3200,0
2309,3200,3200,0
2310,3200,3200,0
2311,3200,3200,0
2312,3200,3200,0
2313,3200,3200,0
2314,3200,3200,0
2315,3200,3200,0
2316,3200,3200,0
2317,3200,3200,0
2318,3200,3200,0
2319,3200,3200,0
2320,3200,3200,0
2321,3200,3200,0
2322,3200,3200,0
2323,3200,3200,0
2324,3200,3200,0
2325,3200,3200,0
2326,3200,3200,0
2327,3200,3200,0
2328,3200,3200,0
2329,3200,3200,0
2330,3200,3200,0
2331,3200,3200,0
2332,3200,3200,0
2333,3200,3200,0
2334,3200,3200,0
2335,3200,3200,0
2336,3200,3200,0
2337,3200,3200,0
2338,3200,3200,0
2339,3200,3200,0
2340,3200,3200,0
2341,3200,3200,0
2342,3200,3200,0
2343,3200,3200,0
2344,3200,3200,0
2345,3200,3200,0
2346,3200,3200,0
2347,3200,3200,0
2348,3200,3200,0
2349,3200,3200,0
2350,3200,3200,0
2351,3200,3200,0
2352,3200,3200,0
2353,3200,3200,0
2354,3200,3200,0
2355,3200,3200,0
2356,3200,3200,0
2357,3200,3200,0
2358,3200,3200,0
2359,3200,3200,0
2360,3200,3200,0
2361,3200,3200,0
2362,3200,3200,0
2363,3200,3200,0
2364,3200,3200,0
2365,3200,3200,0
2366,3200,3200,0
2367,3200,3200,0
2368,3200,3200,0
2369,3200,3200,0
2370,3200,3200,0
2371,3200,3200,0
2372,3200,3200,0
2373,3200,3200,0
2374,3200,3200,0
2375,3200,3200,0
2376,3200,3200,0
2377,3200,3200,0
2378,3200,3200,0
2379,3200,3200,0
2380,3200,3200,0
2381,3200,3200,0
2382,3200,3200,0
2383,3200,3200,0
2384,3200,3200,0
2385,3200,3200,0
2386,3200,3200,0
2387,3200,3200,0
2388,3200,3200,0
2389,3200,3200,0
2390,3200,3200,0
2391,3200,3200,0
2392,3200,3200,0
2393,3200,3200,0
2394,3200,3200,0
2395,3200,3200,0
2396,3200,3200,0
2397,3200,3200,0
2398,3200,3200,0
2399,3200,3200,0
2400,3200,3200,0
2401,3200,3200,0
2402,3200,3200,0
2403,3200,3200,0
2404,3200,3200,0
2405,3200,3200,0
2406,3200,3200,0
2407,3200,3200,0
2408,3200,3200,0
2409,3200,3200,0
2410,3200,3200,0
2411,3200,3200,0
2412,3200,3200,0
2413,3200,3200,0
2414,3200,3200,0
2415,3200,3200,0
2416,3200,3200,0
2417,3200,3200,0
2418,3200,3200,0
2419,3200,3200,0
2420,3200,3200,0
2421,3200,3200,0
2422,3200,3200,0
2423,3200,3200,0
2424,3200,3200,0
2425,3200,3200,0
2426,3200,3200,0
2427,3200,3200,0
2428,3200,3200,0
2429,3200,3200,0
2430,3200,3200,0
2431,3200,3200,0
2432,3200,3200,0
2433,3200,3200,0
2434,3200,3200,0
2435,3200,3200,0
2436,3200,3200,0
2437,3200,3200,0
2438,3200,3200,0
2439,3200,3200,0
2440,3200,3200,0
2441,3200,3200,0
2442,3200,3200,0
2443,3200,3200,0
2444,3200,3200,0
2445,3200,3200,0
2446,3200,3200,0
2447,3200,3200,0
2448,3200,3200,0
2449,3200,3200,0
2450,3200,3200,0
2451,3200,3200,0
2452,3200,3200,0
2453,3200,3200,0
2454,3200,3200,0
2455,3200,3200,0
2456,3200,3200,0
2457,3200,3200,0
2458,3200,3200,0
2459,3200,3200,0
2460,3200,3200,0
2461,3200,3200,0
2462,3200,3200,0
2463,3200,3200,0
2464,3200,3200,0
2465,3200,3200,0
2466,3200,3200,0
2467,3200,3200,0
2468,3200,3200,0
2469,3200,3200,0
2470,3200,3200,0
2471,3200,3200,0
2472,3200,3200,0
2473,3200,3200,0
2474,3200,3200,0
2475,3200,3200,0
2476,3200,3200,0
2477,3200,3200,0
2478,3200,3200,0
2479,3200,3200,0
2480,3200,3200,0
2481,3200,3200,0
2482,3200,3200,0
2483,3200,3200,0
2484,3200,3200,0
2485,3200,3200,0
2486,3200,3200,0
2487,3200,3200,0
2488,3200,3200,0
2489,3200,3200,0
2490,3200,3200,0
2491,3200,3200,0
2492,3200,3200,0
2493,3200,3200,0
2494,3200,3200,0
2495,3200,3200,0
2496,3200,3200,0
2497,3200,3200,0
2498,3200,3200,0
2499,3200,3200,0
2500,3200,3200,0
2501,3200,3200,0
2502,3200,3200,0
2503,3200,3200,0
2504,3200,3200,0
2505,3200,3200,0
2506,3200,3200,0
2507,3200,3200,0
2508,3200,3200,0
2509,3200,3200,0
2510,3200,3200,0
2511,3200,3200,0
2512,3200,3200,0
2513,3200,3200,0
2514,3200,3200,0
2515,3200,3200,0
2516,3200,3200,0
2517,3200,3200,0
2518,3200,3200,0
2519,3200,3200,0
2520,3200,3200,0
2521,3200,3200,0
2522,3200,3200,0
2523,3200,3200,0
2524,3200,3200,0
2525,3200,3200,0
2526,3200,3200,0
2527,3200,3200,0
2528,3200,3200,0
2529,3200,3200,0
2530,3200,3200,0
2531,3200,3200,0
2532,3200,3200,0
2533,3200,3200,0
2534,3200,3200,0
2535,3200,3200,0
2536,3200,3200,0
2537,3200,3200,0
2538,3200,3200,0
2539,3200,3200,0
2540,3200,3200,0
2541,3200,3200,0
2542,3200,3200,0
2543,3200,3200,0
2544,3200,3200,0
2545,3200,3200,0
2546,3200,3200,0
2547,3200,3200,0
2548,3200,3200,0
2549,3200,3200,0
2550,3200,3200,0
2551,3200,3200,0
2552,3200,3200,0
2553,3200,3200,0
2554,3200,3200,0
2555,3200,3200,0
2556,3200,3200,0
2557,3200,3200,0
2558,3200,3200,0
2559,3200,3200,0
2560,3200,3200,0
2561,3200,3200,0
2562,3200,3200,0
2563,3200,3200,0
2564,3200,3200,0
2565,3200,3200,0
2566,3200,3200,0
2567,3200,3200,0
2568,3200,3200,0
2569,3200,3200,0
2570,3200,3200,0
2571,3200,3200,0
2572,3200,3200,0
2573,3200,3200,0
2574,3200,3200,0
2575,3200,3200,0
2576,3200,3200,0
2577,3200,3200,0
2578,3200,3200,0
2579,3200,3200,0
2580,3200,3200,0
2581,3200,3200,0
2582,3200,3200,0
2583,3200,3200,0
2584,3200,3200,0
2585,3200,3200,0
2586,3200,3200,0
2587,3200,3200,0
2588,3200,3200,0
2589,3200,3200,0
2590,3200,3200,0
2591,3200,3200,0
2592,3200,3200,0
2593,3200,3200,0
2594,3200,3200,0
2595,3200,3200,0
2596,3200,3200,0
2597,3200,3200,0
2598,3200,3200,0
2599,3200,3200,0
2600,3200,3200,0
2601,3200,3200,0
2602,3200,3200,0
2603,3200,3200,0
2604,3200,3200,0
2605,3200,3200,0
2606,3200,3200,0
2607,3200,3200,0
2608,3200,3200,0
2609,3200,3200,0
2610,3200,3200,0
2611,3200,3200,0
2612,3200,3200,0
2613,3200,3200,0
2614,3200,3200,0
2615,3200,3200,0
2616,3200,3200,0
2617,3200,3200,0
2618,3200,3200,0
2619,3200,3200,0
2620,3200,3200,0
2621,3200,3200,0
2622,3200,3200,0
2623,3200,3200,0
2624,3200,3200,0
2625,3200,3200,0
2626,3200,3200,0
2627,3200,3200,0
2628,3200,3200,0
2629,3200,3200,0
2630,3200,3200,0
2631,3200,3200,0
2632,3200,3200,0
2633,3200,3200,0
2634,3200,3200,0
2635,3200,3200,0
2636,3200,3200,0
2637,3200,3200,0
2638,3200,3200,0
2639,3200,3200,0
2640,3200,3200,0
2641,3200,3200,0
2642,3200,3200,0
2643,3200,3200,0
2644,3200,3200,0
2645,3200,3200,0
2646,3200,3200,0
2647,3200,3200,0
2648,3200,3200,0
2649,3200,3200,0
2650,3200,3200,0
2651,3200,3200,0
2652,3200,3200,0
2653,3200,3200,0
2654,3200,3200,0
2655,3200,3200,0
2656,3200,3200,0
2657,3200,3200,0
2658,3200,3200,0
2659,3200,3200,0
2660,3200,3200,0
2661,3200,3200,0
2662,3200,3200,0
2663,3200,3200,0
2664,3200,3200,0
2665,3200,3200,0
2666,3200,3200,0
2667,3200,3200,0
2668,3200,3200,0
2669,3200,3200,0
2670,3200,3200,0
2671,3200,3200,0
2672,3200,3200,0
2673,3200,3200,0
2674,3200,3200,0
2675,3200,3200,0
2676,3200,3200,0
2677,3200,3200,0
2678,3200,3200,0
2679,3200,3200,0
2680,3200,3200,0
2681,3200,3200,0
2682,3200,3200,0
2683,3200,3200,0
2684,3200,3200,0
2685,3200,3200,0
2686,3200,3200,0
2687,3200,3200,0
2688,3200,3200,0
2689,3200,3200,0
2690,3200,3200,0
2691,3200,3200,0
2692,3200,3200,0
2693,3200,3200,0
2694,3200,3200,0
2695,3200,3200,0
2696,3200,3200,0
2697,3200,3200,0
2698,3200,3200,0
2699,3200,3200,0
2700,3200,3200,0
2701,3200,3200,0
2702,3200,3200,0
2703,3200,3200,0
2704,3200,3200,0
2705,3200,3200,0
2706,3200,3200,0
2707,3200,3200,0
2708,3200,3200,0
2709,3200,3200,0
2710,3200,3200,0
2711,3200,3200,0
2712,3200,3200,0
2713,3200,3200,0
2714,3200,3200,0
2715,3200,3200,0
2716,3200,3200,0
2717,3200,3200,0
2718,3200,3200,0
2719,3200,3200,0
2720,3200,3200,0
2721,3200,3200,0
2722,3200,3200,0
2723,3200,3200,0
2724,3200,3200,0
2725,3200,3200,0
2726,3200,3200,0
2727,3200,3200,0
2728,3200,3200,0
2729,3200,3200,0
2730,3200,3200,0
2731,3200,3200,0
2732,3200,3200,0
2733,3200,3200,0
2734,3200,3200,0
2735,3200,3200,0
2736,3200,3200,0
2737,3200,3200,0
2738,3200,3200,0
2739,3200,3200,0
2740,3200,3200,0
2741,3200,3200,0
2742,3200,3200,0
2743,3200,3200,0
2744,3200,3200,0
2745,3200,3200,0
2746,3200,3200,0
2747,3200,3200,0
2748,3200,3200,0
2749,3200,3200,0
2750,3200,3200,0
2751,3200,3200,0
2752,3200,3200,0
2753,3200,3200,0
2754,3200,3200,0
2755,3200,3200,0
2756,3200,3200,0
2757,3200,3200,0
2758,3200,3200,0
2759,3200,3200,0
2760,3200,3200,0
2761,3200,3200,0
2762,3200,3200,0
2763,3200,3200,0
2764,3200,3200,0
2765,3200,3200,0
2766,3200,3200,0
2767,3200,3200,0
2768,3200,3200,0
2769,3200,3200,0
2770,3200,3200,0
2771,3200,3200,0
2772,3200,3200,0
2773,3200,3200,0
2774,3200,3200,0
2775,3200,3200,0
2776,3200,3200,0
2777,3200,3200,0
2778,3200,3200,0
2779,3200,3200,0
2780,3200,3200,0
2781,3200,3200,0
2782,3200,3200,0
2783,3200,3200,0
2784,3200,3200,0
2785,3200,3200,0
2786,3200,3200,0
2787,3200,3200,0
2788,3200,3200,0
2789,3200,3200,0
2790,3200,3200,0
2791,3200,3200,0
2792,3200,3200,0
2793,3200,3200,0
2794,3200,3200,0
2795,3200,3200,0
2796,3200,3200,0
2797,3200,3200,0
2798,3200,3200,0
2799,3200,3200,0
2800,3200,3200,0
2801,3200,3200,0
2802,3200,3200,0
2803,3200,3200,0
2804,3200,3200,0
2805,3200,3200,0
2806,3200,3200,0
2807,3200,3200,0
2808,3200,3200,0
2809,3200,3200,0
2810,3200,3200,0
2811,3200,3200,0
2812,3200,3200,0
2813,3200,3200,0
2814,3200,3200,0
2815,3200,3200,0
2816,3200,3200,0
2817,3200,3200,0
2818,3200,3200,0
2819,3200,3200,0
2820,3200,3200,0
2821,3200,3200,0
2822,3200,3200,0
2823,3200,3200,0
2824,3200,3200,0
2825,3200,3200,0
2826,3200,3200,0
2827,3200,3200,0
2828,3200,3200,0
2829,3200,3200,0
2830,3200,3200,0
2831,3200,3200,0
2832,3200,3200,0
2833,3200,3200,0
2834,3200,3200,0
2835,3200,3200,0
2836,3200,3200,0
2837,3200,3200,0
2838,3200,3200,0
2839,3200,3200,0
2840,3200,3200,0
2841,3200,3200,0
2842,3200,3200,0
2843,3200,3200,0
2844,3200,3200,0
2845,3200,3200,0
2846,3200,3200,0
2847,3200,3200,0
2848,3200,3200,0
2849,3200,3200,0
2850,3200,3200,0
2851,3200,3200,0
2852,3200,3200,0
2853,3200,3200,0
2854,3200,3200,0
2855,3200,3200,0
2856,3200,3200,0
2857,3200,3200,0
2858,3200,3200,0
2859,3200,3200,0
2860,3200,3200,0
2861,3200,3200,0
2862,3200,3200,0
2863,3200,3200,0
2864,3200,3200,0
2865,3200,3200,0
2866,3200,3200,0
2867,3200,3200,0
2868,3200,3200,0
2869,3200,3200,0
2870,3200,3200,0
2871,3200,3200,0
2872,3200,3200,0
2873,3200,3200,0
2874,3200,3200,0
2875,3200,3200,0
2876,3200,3200,0
2877,3200,3200,0
2878,3200,3200,0
2879,3200,3200,0
2880,3200,3200,0
2881,3200,3200,0
2882,3200,3200,0
2883,3200,3200,0
2884,3200,3200,0
2885,3200,3200,0
2886,3200,3200,0
2887,3200,3200,0
2888,3200,3200,0
2889,3200,3200,0
2890,3200,3200,0
2891,3200,3200,0
2892,3200,3200,0
2893,3200,3200,0
2894,3200,3200,0
2895,3200,3200,0
2896,3200,3200,0
2897,3200,3200,0
2898,3200,3200,0
2899,3200,3200,0
2900,3200,3200,0
2901,3200,3200,0
2902,3200,3200,0
2903,3200,3200,0
2904,3200,3200,0
2905,3200,3200,0
2906,3200,3200,0
2907,3200,3200,0
2908,3200,3200,0
2909,3200,3200,0
2910,3200,3200,0
2911,3200,3200,0
2912,3200,3200,0
2913,3200,3200,0
2914,3200,3200,0
2915,3200,3200,0
2916,3200,3200,0
2917,3200,3200,0
2918,3200,3200,0
2919,3200,3200,0
2920,3200,3200,0
2921,3200,3200,0
2922,3200,3200,0
2923,3200,3200,0
2924,3200,3200,0
2925,3200,3200,0
2926,3200,3200,0
2927,3200,3200,0
2928,3200,3200,0
2929,3200,3200,0
2930,3200,3200,0
2931,3200,3200,0
2932,3200,3200,0
2933,3200,3200,0
2934,3200,3200,0
2935,3200,3200,0
2936,3200,3200,0
2937,3200,3200,0
2938,3200,3200,0
2939,3200,3200,0
2940,3200,3200,0
2941,3200,3200,0
2942,3200,3200,0
2943,3200,3200,0
2944,3200,3200,0
2945,3200,3200,0
2946,3200,3200,0
2947,3200,3200,0
2948,3200,3200,0
2949,3200,3200,0
2950,3200,3200,0
2951,3200,3200,0
2952,3200,3200,0
2953,3200,3200,0
2954,3200,3200,0
2955,3200,3200,0
2956,3200,3200,0
2957,3200,3200,0
2958,3200,3200,0
2959,3200,3200,0
2960,3200,3200,0
2961,3200,3200,0
2962,3200,3200,0
2963,3200,3200,0
2964,3200,3200,0
2965,3200,3200,0
2966,3200,3200,0
2967,3200,3200,0
2968,3200,3200,0
2969,3200,3200,0
2970,3200,3200,0
2971,3200,3200,0
2972,3200,3200,0
2973,3200,3200,0
2974,3200,3200,0
2975,3200,3200,0
2976,3200,3200,0
2977,3200,3200,0
2978,3200,3200,0
2979,3200,3200,0
2980,3200,3200,0
2981,3200,3200,0
2982,3200,3200,0
2983,3200,3200,0
2984,3200,3200,0
2985,3200,3200,0
2986,3200,3200,0
2987,3200,3200,0
2988,3200,3200,0
2989,3200,3200,0
2990,3200,3200,0
2991,3200,3200,0
2992,3200,3200,0
2993,3200,3200,0
2994,3200,3200,0
2995,3200,3200,0
2996,3200,3200,0
2997,3200,3200,0
2998,3200,3200,0
2999,3200,3200,0
3000,3200,3200,0
3001,3200,3200,0
3002,3200,3200,0
3003,3200,3200,0
3004,3200,3200,0
3005,3200,3200,0
3006,3200,3200,0
3007,3200,3200,0
3008,3200,3200,0
3009,3200,3200,0
3010,3200,3200,0
3011,3200,3200,0
3012,3200,3200,0
3013,3200,3200,0
3014,3200,3200,0
3015,3200,3200,0
3016,3200,3200,0
3017,3200,3200,0
3018,3200,3200,0
3019,3200,3200,0
3020,3200,3200,0
3021,3200,3200,0
3022,3200,3200,0
3023,3200,3200,0
3024,3200,3200,0
3025,3200,3200,0
3026,3200,3200,0
3027,3200,3200,0
3028,3200,3200,0
3029,3200,3200,0
3030,3200,3200,0
3031,3200,3200,0
3032,3200,3200,0
3033,3200,3200,0
3034,3200,3200,0
3035,3200,3200,0
3036,3200,3200,0
3037,3200,3200,0
3038,3200,3200,0
3039,3200,3200,0
3040,3200,3200,0
3041,3200,3200,0
3042,3200,3200,0
3043,3200,3200,0
3044,3200,3200,0
3045,3200,3200,0
3046,3200,3200,0
3047,3200,3200,0
3048,3200,3200,0
3049,3200,3200,0
3050,3200,3200,0
3051,3200,3200,0
3052,3200,3200,0
3053,3200,3200,0
3054,3200,3200,0
3055,3200,3200,0
3056,3200,3200,0
3057,3200,3200,0
3058,3200,3200,0
3059,3200,3200,0
3060,3200,3200,0
3061,3200,3200,0
3062,3200,3200,0
3063,3200,3200,0
3064,3200,3200,0
3065,3200,3200,0
3066,3200,3200,0
3067,3200,3200,0
3068,3200,3200,0
3069,3200,3200,0
3070,3200,3200,0
3071,3200,3200,0
3072,3200,3200,0
3073,3200,3200,0
3074,3200,3200,0
3075,3200,3200,0
3076,3200,3200,0
3077,3200,3200,0
3078,3200,3200,0
3079,3200,3200,0
3080,3200,3200,0
3081,3200,3200,0
3082,3200,3200,0
3083,3200,3200,0
3084,3200,3200,0
3085,3200,3200,0
3086,3200,3200,0
3087,3200,3200,0
3088,3200,3200,0
3089,3200,3200,0
3090,3200,3200,0
3091,3200,3200,0
3092,3200,3200,0
3093,3200,3200,0
3094,3200,3200,0
3095,3200,3200,0
3096,3200,3200,0
3097,3200,3200,0
3098,3200,3200,0
3099,3200,3200,0
3100,3200,3200,0
3101,3200,3200,0
3102,3200,3200,0
3103,3200,3200,0
3104,3200,3200,0
3105,3200,3200,0
3106,3200,3200,0
3107,3200,3200,0
3108,3200,3200,0
3109,3200,3200,0
3110,3200,3200,0
3111,3200,3200,0
3112,3200,3200,0
3113,3200,3200,0
3114,3200,3200,0
3115,3200,3200,0
3116,3200,3200,0
3117,3200,3200,0
3118,3200,3200,0
3119,3200,3200,0
3120,3200,3200,0
3121,3200,3200,0
3122,3200,3200,0
3123,3200,3200,0
3124,3200,3200,0
3125,3200,3200,0
3126,3200,3200,0
3127,3200,3200,0
3128,3200,3200,0
3129,3200,3200,0
3130,3200,3200,0
3131,3200,3200,0
3132,3200,3200,0
3133,3200,3200,0
3134,3200,3200,0
3135,3200,3200,0
3136,3200,3200,0
3137,3200,3200,0
3138,3200,3200,0
3139,3200,3200,0
3140,3200,3200,0
3141,3200,3200,0
3142,3200,3200,0
3143,3200,3200,0
3144,3200,3200,0
3145,3200,3200,0
3146,3200,3200,0
3147,3200,3200,0
3148,3200,3200,0
3149,3200,3200,0
3150,3200,3200,0
3151,3200,3200,0
3152,3200,3200,0
3153,3200,3200,0
3154,3200,3200,0
3155,3200,3200,0
3156,3200,3200,0
3157,3200,3200,0
3158,3200,3200,0
3159,3200,3200,0
3160,3200,3200,0
3161,3200,3200,0
3162,3200,3200,0
3163,3200,3200,0
3164,3200,3200,0
3165,3200,3200,0
3166,3200,3200,0
3167,3200,3200,0
3168,3200,3200,0
3169,3200,3200,0
3170,3200,3200,0
3171,3200,3200,0
3172,3200,3200,0
3173,3200,3200,0
3174,3200,3200,0
3175,3200,3200,0
3176,3200,3200,0
3177,3200,3200,0
3178,3200,3200,0
3179,3200,3200,0
3180,3200,3200,0
3181,3200,3200,0
3182,3200,3200,0
3183,3200,3200,0
3184,3200,3200,0
3185,3200,3200,0
3186,3200,3200,0
3187,3200,3200,0
3188,3200,3200,0
3189,3200,3200,0
3190,3200,3200,0
3191,3200,3200,0
3192,3200,3200,0
3193,3200,3200,0
3194,3200,3200,0
3195,3200,3200,0
3196,3200,3200,0
3197,3200,3200,0
3198,3200,3200,0
3199,3200,3200,0
3200,3200,3200,0
3201,3200,3200,0
3202,3200,3200,0
3203,3200,3200,0
3204,3200,3200,0
3205,3200,3200,0
3206,3200,3200,0
3207,3200,3200,0
3208,3200,3200,0
3209,3200,3200,0
3210,3200,3200,0
3211,3200,3200,0
3212,3200,3200,0
3213,3200,3200,0
3214,3200,3200,0
3215,3200,3200,0
3216,3200,3200,0
3217,3200,3200,0
3218,3200,3200,0
3219,3200,3200,0
3220,3200,3200,0
3221,3200,3200,0
3222,3200,3200,0
3223,3200,3200,0
3224,3200,3200,0
3225,3200,3200,0
3226,3200,3200,0
3227,3200,3200,0
3228,3200,3200,0
3229,3200,3200,0
3230,3200,3200,0
3231,3200,3200,0
3232,3200,3200,0
3233,3200,3200,0
3234,3200,3200,0
3235,3200,3200,0
3236,3200,3200,0
3237,3200,3200,0
3238,3200,3200,0
3239,3200,3200,0
3240,3200,3200,0
3241,3200,3200,0
3242,3200,3200,0
3243,3200,3200,0
3244,3200,3200,0
3245,3200,3200,0
3246,3200,3200,0
3247,3200,3200,0
3248,3200,3200,0
3249,3200,3200,0
3250,3200,3200,0
3251,3200,3200,0
3252,3200,3200,0
3253,3200,3200,0
3254,3200,3200,0
3255,3200,3200,0
3256,3200,3200,0
3257,3200,3200,0
3258,3200,3200,0
3259,3200,3200,0
3260,3200,3200,0
3261,3200,3200,0
3262,3200,3200,0
3263,3200,3200,0
3264,3200,3200,0
3265,3200,3200,0
3266,3200,3200,0
3267,3200,3200,0
3268,3200,3200,0
3269,3200,3200,0
3270,3200,3200,0
3271,3200,3200,0
3272,3200,3200,0
3273,3200,3200,0
3274,3200,3200,0
3275,3200,3200,0
3276,3200,3200,0
3277,3200,3200,0
3278,3200,3200,0
3279,3200,3200,0
3280,3200,3200,0
3281,3200,3200,0
3282,3200,3200,0
3283,3200,3200,0
3284,3200,3200,0
3285,3200,3200,0
3286,3200,3200,0
3287,3200,3200,0
3288,3200,3200,0
3289,3200,3200,0
3290,3200,3200,0
3291,3200,3200,0
3292,3200,3200,0
3293,3200,3200,0
3294,3200,3200,0
3295,3200,3200,0
3296,3200,3200,0
3297,3200,3200,0
3298,3200,3200,0
3299,3200,3200,0
3300,3200,3200,0
3301,3200,3200,0
3302,3200,3200,0
3303,3200,3200,0
3304,3200,3200,0
3305,3200,3200,0
3306,3200,3200,0
3307,3200,3200,0
3308,3200,3200,0
3309,3200,3200,0
3310,3200,3200,0
3311,3200,3200,0
3312,3200,3200,0
3313,3200,3200,0
3314,3200,3200,0
3315,3200,3200,0
3316,3200,3200,0
3317,3200,3200,0
3318,3200,3200,0
3319,3200,3200,0
3320,3200,3200,0
3321,3200,3200,0
3322,3200,3200,0
3323,3200,3200,0
3324,3200,3200,0
3325,3200,3200,0
3326,3200,3200,0
3327,3200,3200,0
3328,3200,3200,0
3329,3200,3200,0
3330,3200,3200,0
3331,3200,3200,0
3332,3200,3200,0
3333,3200,3200,0
3334,3200,3200,0
3335,3200,3200,0
3336,3200,3200,0
3337,3200,3200,0
3338,3200,3200,0
3339,3200,3200,0
3340,3200,3200,0
3341,3200,3200,0
3342,3200,3200,0
3343,3200,3200,0
3344,3200,3200,0
3345,3200,3200,0
3346,3200,3200,0
3347,3200,3200,0
3348,3200,3200,0
3349,3200,3200,0
3350,3200,3200,0
3351,3200,3200,0
3352,3200,3200,0
3353,3200,3200,0
3354,3200,3200,0
3355,3200,3200,0
3356,3200,3200,0
3357,3200,3200,0
3358,3200,3200,0
3359,3200,3200,0
3360,3200,3200,0
3361,3200,3200,0
3362,3200,3200,0
3363,3200,3200,0
3364,3200,3200,0
3365,3200,3200,0
3366,3200,3200,0
3367,3200,3200,0
3368,3200,3200,0
3369,3200,3200,0
3370,3200,3200,0
3371,3200,3200,0
3372,3200,3200,0
3373,3200,3200,0
3374,3200,3200,0
3375,3200,3200,0
3376,3200,3200,0
3377,3200,3200,0
3378,3200,3200,0
3379,3200,3200,0
3380,3200,3200,0
3381,3200,3200,0
3382,3200,3200,0
3383,3200,3200,0
3384,3200,3200,0
3385,3200,3200,0
3386,3200,3200,0
3387,3200,3200,0
3388,3200,3200,0
3389,3200,3200,0
3390,3200,3200,0
3391,3200,3200,0
3392,3200,3200,0
3393,3200,3200,0
3394,3200,3200,0
3395,3200,3200,0
3396,3200,3200,0
3397,3200,3200,0
3398,3200,3200,0
3399,3200,3200,0
3400,3200,3200,0
3401,3200,3200,0
3402,3200,3200,0
3403,3200,3200,0
3404,3200,3200,0
3405,3200,3200,0
3406,3200,3200,0
3407,3200,3200,0
3408,3200,3200,0
3409,3200,3200,0
3410,3200,3200,0
3411,3200,3200,0
3412,3200,3200,0
3413,3200,3200,0
3414,3200,3200,0
3415,3200,3200,0
3416,3200,3200,0
3417,3200,3200,0
3418,3200,3200,0
3419,3200,3200,0
3420,3200,3200,0
3421,3200,3200,0
3422,3200,3200,0
3423,3200,3200,0
3424,3200,3200,0
3425,3200,3200,0
3426,3200,3200,0
3427,3200,3200,0
3428,3200,3200,0
3429,3200,3200,0
3430,3200,3200,0
3431,3200,3200,0
3432,3200,3200,0
3433,3200,3200,0
3434,3200,3200,0
3435,3200,3200,0
3436,3200,3200,0
3437,3200,3200,0
3438,3200,3200,0
3439,3200,3200,0
3440,3200,3200,0
3441,3200,3200,0
3442,3200,3200,0
3443,3200,3200,0
3444,3200,3200,0
3445,3200,3200,0
3446,3200,3200,0
3447,3200,3200,0
3448,3200,3200,0
3449,3200,3200,0
3450,3200,3200,0
3451,3200,3200,0
3452,3200,3200,0
3453,3200,3200,0
3454,3200,3200,0
3455,3200,3200,0
3456,3200,3200,0
3457,3200,3200,0
3458,3200,3200,0
3459,3200,3200,0
3460,3200,3200,0
3461,3200,3200,0
3462,3200,3200,0
3463,3200,3200,0
3464,3200,3200,0
3465,3200,3200,0
3466,3200,3200,0
3467,3200,3200,0
3468,3200,3200,0
3469,3200,3200,0
3470,3200,3200,0
3471,3200,3200,0
3472,3200,3200,0
3473,3200,3200,0
3474,3200,3200,0
3475,3200,3200,0
3476,3200,3200,0
3477,3200,3200,0
3478,3200,3200,0
3479,3200,3200,0
3480,3200,3200,0
3481,3200,3200,0
3482,3200,3200,0
3483,3200,3200,0
3484,3200,3200,0
3485,3200,3200,0
3486,3200,3200,0
3487,3200,3200,0
3488,3200,3200,0
3489,3200,3200,0
3490,3200,3200,0
3491,3200,3200,0
3492,3200,3200,0
3493,3200,3200,0
3494,3200,3200,0
3495,3200,3200,0
3496,3200,3200,0
3497,3200,3200,0
3498,3200,3200,0
3499,3200,3200,0
3500,3200,3200,0
3501,3200,3200,0
3502,3200,3200,0
3503,3200,3200,0
3504,3200,3200,0
3505,3200,3200,0
3506,3200,3200,0
3507,3200,3200,0
3508,3200,3200,0
3509,3200,3200,0
3510,3200,3200,0
3511,3200,3200,0
3512,3200,3200,0
3513,3200,3200,0
3514,3200,3200,0
3515,3200,3200,0
3516,3200,3200,0
3517,3200,3200,0
3518,3200,3200,0
3519,3200,3200,0
3520,3200,3200,0
3521,3200,3200,0
3522,3200,3200,0
3523,3200,3200,0
3524,3200,3200,0
3525,3200,3200,0
3526,3200,3200,0
3527,3200,3200,0
3528,3200,3200,0
3529,3200,3200,0
3530,3200,3200,0
3531,3200,3200,0
3532,3200,3200,0
3533,3200,3200,0
3534,3200,3200,0
3535,3200,3200,0
3536,3200,3200,0
3537,3200,3200,0
3538,3200,3200,0
3539,3200,3200,0
3540,3200,3200,0
3541,3200,3200,0
3542,3200,3200,0
3543,3200,3200,0
3544,3200,3200,0
3545,3200,3200,0
3546,3200,3200,0
3547,3200,3200,0
3548,3200,3200,0
3549,3200,3200,0
3550,3200,3200,0
3551,3200,3200,0
3552,3200,3200,0
3553,3200,3200,0
3554,3200,3200,0
3555,3200,3200,0
3556,3200,3200,0
3557,3200,3200,0
3558,3200,3200,0
3559,3200,3200,0
3560,3200,3200,0
3561,3200,3200,0
3562,3200,3200,0
3563,3200,3200,0
3564,3200,3200,0
3565,3200,3200,0
3566,3200,3200,0
3567,3200,3200,0
3568,3200,3200,0
3569,3200,3200,0
3570,3200,3200,0
3571,3200,3200,0
3572,3200,3200,0
3573,3200,3200,0
3574,3200,3200,0
3575,3200,3200,0
3576,3200,3200,0
3577,3200,3200,0
3578,3200,3200,0
3579,3200,3200,0
3580,3200,3200,0
3581,3200,3200,0
3582,3200,3200,0
3583,3200,3200,0
3584,3200,3200,0
3585,3200,3200,0
3586,3200,3200,0
3587,3200,3200,0
3588,3200,3200,0
3589,3200,3200,0
3590,3200,3200,0
3591,3200,3200,0
3592,3200,3200,0
3593,3200,3200,0
3594,3200,3200,0
3595,3200,3200,0
3596,3200,3200,0
3597,3200,3200,0
3598,3200,3200,0
3599,3200,3200,0
3600,3200,3200,0
3601,3200,3200,0
3602,3200,3200,0
3603,3200,3200,0
3604,3200,3200,0
3605,3200,3200,0
3606,3200,3200,0
3607,3200,3200,0
3608,3200,3200,0
3609,3200,3200,0
3610,3200,3200,0
3611,3200,3200,0
3612,3200,3200,0
3613,3200,3200,0
3614,3200,3200,0
3615,3200,3200,0
3616,3200,3200,0
3617,3200,3200,0
3618,3200,3200,0
3619,3200,3200,0
3620,3200,3200,0
3621,3200,3200,0
3622,3200,3200,0
3623,3200,3200,0
3624,3200,3200,0
3625,3200,3200,0
3626,3200,3200,0
3627,3200,3200,0
3628,3200,3200,0
3629,3200,3200,0
3630,3200,3200,0
3631,3200,3200,0
3632,3200,3200,0
3633,3200,3200,0
3634,3200,3200,0
3635,3200,3200,0
3636,3200,3200,0
3637,3200,3200,0
3638,3200,3200,0
3639,3200,3200,0
3640,3200,3200,0
3641,3200,3200,0
3642,3200,3200,0
3643,3200,3200,0
3644,3200,3200,0
3645,3200,3200,0
3646,3200,3200,0
3647,3200,3200,0
3648,3200,3200,0
3649,3200,3200,0
3650,3200,3200,0
3651,3200,3200,0
3652,3200,3200,0
3653,3200,3200,0
3654,3200,3200,0
3655,3200,3200,0
3656,3200,3200,0
3657,3200,3200,0
3658,3200,3200,0
3659,3200,3200,0
3660,3200,3200,0
3661,3200,3200,0
3662,3200,3200,0
3663,3200,3200,0
3664,3200,3200,0
3665,3200,3200,0
3666,3200,3200,0
3667,3200,3200,0
3668,3200,3200,0
3669,3200,3200,0
3670,3200,3200,0
3671,3200,3200,0
3672,3200,3200,0
3673,3200,3200,0
3674,3200,3200,0
3675,3200,3200,0
3676,3200,3200,0
3677,3200,3200,0
3678,3200,3200,0
3679,3200,3200,0
3680,3200,3200,0
3681,3200,3200,0
3682,3200,3200,0
3683,3200,3200,0
3684,3200,3200,0
3685,3200,3200,0
3686,3200,3200,0
3687,3200,3200,0
3688,3200,3200,0
3689,3200,3200,0
3690,3200,3200,0
3691,3200,3200,0
3692,3200,3200,0
3693,3200,3200,0
3694,3200,3200,0
3695,3200,3200,0
3696,3200,3200,0
3697,3200,3200,0
3698,3200,3200,0
3699,3200,3200,0
3700,3200,3200,0
3701,3200,3200,0
3702,3200,3200,0
3703,3200,3200,0
3704,3200,3200,0
3705,3200,3200,0
3706,3200,3200,0
3707,3200,3200,0
3708,3200,3200,0
3709,3200,3200,0
3710,3200,3200,0
3711,3200,3200,0
3712,3200,3200,0
3713,3200,3200,0
3714,3200,3200,0
3715,3200,3200,0
3716,3200,3200,0
3717,3200,3200,0
3718,3200,3200,0
3719,3200,3200,0
3720,3200,3200,0
3721,3200,3200,0
3722,3200,3200,0
3723,3200,3200,0
3724,3200,3200,0
3725,3200,3200,0
3726,3200,3200,0
3727,3200,3200,0
3728,3200,3200,0
3729,3200,3200,0
3730,3200,3200,0
3731,3200,3200,0
3732,3200,3200,0
3733,3200,3200,0
3734,3200,3200,0
3735,3200,3200,0
3736,3200,3200,0
3737,3200,3200,0
3738,3200,3200,0
3739,3200,3200,0
3740,3200,3200,0
3741,3200,3200,0
3742,3200,3200,0
3743,3200,3200,0
3744,3200,3200,0
3745,3200,3200,0
3746,3200,3200,0
3747,3200,3200,0
3748,3200,3200,0
3749,3200,3200,0
3750,3200,3200,0
3751,3200,3200,0
3752,3200,3200,0
3753,3200,3200,0
3754,3200,3200,0
3755,3200,3200,0
3756,3200,3200,0
3757,3200,3200,0
3758,3200,3200,0
3759,3200,3200,0
3760,3200,3200,0
3761,3200,3200,0
3762,3200,3200,0
3763,3200,3200,0
3764,3200,3200,0
3765,3200,3200,0
3766,3200,3200,0
3767,3200,3200,0
3768,3200,3200,0
3769,3200,3200,0
3770,3200,3200,0
3771,3200,3200,0
3772,3200,3200,0
3773,3200,3200,0
3774,3200,3200,0
3775,3200,3200,0
3776,3200,3200,0
3777,3200,3200,0
3778,3200,3200,0
3779,3200,3200,0
3780,3200,3200,0
3781,3200,3200,0
3782,3200,3200,0
3783,3200,3200,0
3784,3200,3200,0
3785,3200,3200,0
3786,3200,3200,0
3787,3200,3200,0
3788,3200,3200,0
3789,3200,3200,0
3790,3200,3200,0
3791,3200,3200,0
3792,3200,3200,0
3793,3200,3200,0
3794,3200,3200,0
3795,3200,3200,0
3796,3200,3200,0
3797,3200,3200,0
3798,3200,3200,0
3799,3200,3200,0
3800,3200,3200,0
3801,3200,3200,0
3802,3200,3200,0
3803,3200,3200,0
3804,3200,3200,0
3805,3200,3200,0
3806,3200,3200,0
3807,3200,3200,0
3808,3200,3200,0
3809,3200,3200,0
3810,3200,3200,0
3811,3200,3200,0
3812,3200,3200,0
3813,3200,3200,0
3814,3200,3200,0
3815,3200,3200,0
3816,3200,3200,0
3817,3200,3200,0
3818,3200,3200,0
3819,3200,3200,0
3820,3200,3200,0
3821,3200,3200,0
3822,3200,3200,0
3823,3200,3200,0
3824,3200,3200,0
3825,3200,3200,0
3826,3200,3200,0
3827,3200,3200,0
3828,3200,3200,0
3829,3200,3200,0
3830,3200,3200,0
3831,3200,3200,0
3832,3200,3200,0
3833,3200,3200,0
3834,3200,3200,0
3835,3200,3200,0
3836,3200,3200,0
3837,3200,3200,0
3838,3200,3200,0
3839,3200,3200,0
3840,3200,3200,0
3841,3200,3200,0
3842,3200,3200,0
3843,3200,3200,0
3844,3200,3200,0
3845,3200,3200,0
3846,3200,3200,0
3847,3200,3200,0
3848,3200,3200,0
3849,3200,3200,0
3850,3200,3200,0
3851,3200,3200,0
3852,3200,3200,0
3853,3200,3200,0
3854,3200,3200,0
3855,3200,3200,0
3856,3200,3200,0
3857,3200,3200,0
3858,3200,3200,0
3859,3200,3200,0
3860,3200,3200,0
3861,3200,3200,0
3862,3200,3200,0
3863,3200,3200,0
3864,3200,3200,0
3865,3200,3200,0
3866,3200,3200,0
3867,3200,3200,0
3868,3200,3200,0
3869,3200,3200,0
3870,3200,3200,0
3871,3200,3200,0
3872,3200,3200,0
3873,3200,3200,0
3874,3200,3200,0
3875,3200,3200,0
3876,3200,3200,0
3877,3200,3200,0
3878,3200,3200,0
3879,3200,3200,0
3880,3200,3200,0
3881,3200,3200,0
3882,3200,3200,0
3883,3200,3200,0
3884,3200,3200,0
3885,3200,3200,0
3886,3200,3200,0
3887,3200,3200,0
3888,3200,3200,0
3889,3200,3200,0
3890,3200,3200,0
3891,3200,3200,0
3892,3200,3200,0
3893,3200,3200,0
3894,3200,3200,0
3895,3200,3200,0
3896,3200,3200,0
3897,3200,3200,0
3898,3200,3200,0
3899,3200,3200,0
3900,3200,3200,0
3901,3200,3200,0
3902,3200,3200,0
3903,3200,3200,0
3904,3200,3200,0
3905,3200,3200,0
3906,3200,3200,0
3907,3200,3200,0
3908,3200,3200,0
3909,3200,3200,0
3910,3200,3200,0
3911,3200,3200,0
3912,3200,3200,0
3913,3200,3200,0
3914,3200,3200,0
3915,3200,3200,0
3916,3200,3200,0
3917,3200,3200,0
3918,3200,3200,0
3919,3200,3200,0
3920,3200,3200,0
3921,3200,3200,0
3922,3200,3200,0
3923,3200,3200,0
3924,3200,3200,0
3925,3200,3200,0
3926,3200,3200,0
3927,3200,3200,0
3928,3200,3200,0
3929,3200,3200,0
3930,3200,3200,0
3931,3200,3200,0
3932,3200,3200,0
3933,3200,3200,0
3934,3200,3200,0
3935,3200,3200,0
3936,3200,3200,0
3937,3200,3200,0
3938,3200,3200,0
3939,3200,3200,0
3940,3200,3200,0
3941,3200,3200,0
3942,3200,3200,0
3943,3200,3200,0
3944,3200,3200,0
3945,3200,3200,0
3946,3200,3200,0
3947,3200,3200,0
3948,3200,3200,0
3949,3200,3200,0
3950,3200,3200,0
3951,3200,3200,0
3952,3200,3200,0
3953,3200,3200,0
3954,3200,3200,0
3955,3200,3200,0
3956,3200,3200,0
3957,3200,3200,0
3958,3200,3200,0
3959,3200,3200,0
3960,3200,3200,0
3961,3200,3200,0
3962,3200,3200,0
3963,3200,3200,0
3964,3200,3200,0
3965,3200,3200,0
3966,3200,3200,0
3967,3200,3200,0
3968,3200,3200,0
3969,3200,3200,0
3970,3200,3200,0
3971,3200,3200,0
3972,3200,3200,0
3973,3200,3200,0
3974,3200,3200,0
3975,3200,3200,0
3976,3200,3200,0
3977,3200,3200,0
3978,3200,3200,0
3979,3200,3200,0
3980,3200,3200,0
3981,3200,3200,0
3982,3200,3200,0
3983,3200,3200,0
3984,3200,3200,0
3985,3200,3200,0
3986,3200,3200,0
3987,3200,3200,0
3988,3200,3200,0
3989,3200,3200,0
3990,3200,3200,0
3991,3200,3200,0
3992,3200,3200,0
3993,3200,3200,0
3994,3200,3200,0
3995,3200,3200,0
3996,3200,3200,0
3997,3200,3200,0
3998,3200,3200,0
3999,3200,3200,0
4000,3200,3200,0
4001,3200,3200,0
4002,3200,3200,0
4003,3200,3200,0
4004,3200,3200,0
4005,3200,3200,0
4006,3200,3200,0
4007,3200,3200,0
4008,3200,3200,0
4009,3200,3200,0
4010,3200,3200,0
4011,3200,3200,0
4012,3200,3200,0
4013,3200,3200,0
4014,3200,3200,0
4015,3200,3200,0
4016,3200,3200,0
4017,3200,3200,0
4018,3200,3200,0
4019,3200,3200,0
4020,3200,3200,0
4021,3200,3200,0
4022,3200,3200,0
4023,3200,3200,0
4024,3200,3200,0
4025,3200,3200,0
4026,3200,3200,0
4027,3200,3200,0
4028,3200,3200,0
4029,3200,3200,0
4030,3200,3200,0
4031,3200,3200,0
4032,3200,3200,0
4033,3200,3200,0
4034,3200,3200,0
4035,3200,3200,0
4036,3200,3200,0
4037,3200,3200,0
4038,3200,3200,0
4039,3200,3200,0
4040,3200,3200,0
4041,3200,3200,0
4042,3200,3200,0
4043,3200,3200,0
4044,3200,3200,0
4045,3200,3200,0
4046,3200,3200,0
4047,3200,3200,0
4048,3200,3200,0
4049,3200,3200,0
4050,3200,3200,0
4051,3200,3200,0
4052,3200,3200,0
4053,3200,3200,0
4054,3200,3200,0
4055,3200,3200,0
4056,3200,3200,0
4057,3200,3200,0
4058,3200,3200,0
4059,3200,3200,0
4060,3200,3200,0
4061,3200,3200,0
4062,3200,3200,0
4063,3200,3200,0
4064,3200,3200,0
4065,3200,3200,0
4066,3200,3200,0
4067,3200,3200,0
4068,3200,3200,0
4069,3200,3200,0
4070,3200,3200,0
4071,3200,3200,0
4072,3200,3200,0
4073,3200,3200,0
4074,3200,3200,0
4075,3200,3200,0
4076,3200,3200,0
4077,3200,3200,0
4078,3200,3200,0
4079,3200,3200,0
4080,3200,3200,0
4081,3200,3200,0
4082,3200,3200,0
4083,3200,3200,0
4084,3200,3200,0
4085,3200,3200,0
4086,3200,3200,0
4087,3200,3200,0
4088,3200,3200,0
4089,3200,3200,0
4090,3200,3200,0
4091,3200,3200,0
4092,3200,3200,0
4093,3200,3200,0
4094,3200,3200,0
4095,3200,3200,0
4096,3200,3200,0
4097,3200,3200,0
4098,3200,3200,0
4099,3200,3200,0
4100,3200,3200,0
4101,3200,3200,0
4102,3200,3200,0
4103,3200,3200,0
4104,3200,3200,0
4105,3200,3200,0
4106,3200,3200,0
4107,3200,3200,0
4108,3200,3200,0
4109,3200,3200,0
4110,3200,3200,0
4111,3200,3200,0
4112,3200,3200,0
4113,3200,3200,0
4114,3200,3200,0
4115,3200,3200,0
4116,3200,3200,0
4117,3200,3200,0
4118,3200,3200,0
4119,3200,3200,0
4120,3200,3200,0
4121,3200,3200,0
4122,3200,3200,0
4123,3200,3200,0
4124,3200,3200,0
4125,3200,3200,0
4126,3200,3200,0
4127,3200,3200,0
4128,3200,3200,0
4129,3200,3200,0
4130,3200,3200,0
4131,3200,3200,0
4132,3200,3200,0
4133,3200,3200,0
4134,3200,3200,0
4135,3200,3200,0
4136,3200,3200,0
4137,3200,3200,0
4138,3200,3200,0
4139,3200,3200,0
4140,3200,3200,0
4141,3200,3200,0
4142,3200,3200,0
4143,3200,3200,0
4144,3200,3200,0
4145,3200,3200,0
4146,3200,3200,0
4147,3200,3200,0
4148,3200,3200,0
4149,3200,3200,0
4150,3200,3200,0
4151,3200,3200,0
4152,3200,3200,0
4153,3200,3200,0
4154,3200,3200,0
4155,3200,3200,0
4156,3200,3200,0
4157,3200,3200,0
4158,3200,3200,0
4159,3200,3200,0
4160,3200,3200,0
4161,3200,3200,0
4162,3200,3200,0
4163,3200,3200,0
4164,3200,3200,0
4165,3200,3200,0
4166,3200,3200,0
4167,3200,3200,0
4168,3200,3200,0
4169,3200,3200,0
4170,3200,3200,0
4171,3200,3200,0
4172,3200,3200,0
4173,3200,3200,0
4174,3200,3200,0
4175,3200,3200,0
4176,3200,3200,0
4177,3200,3200,0
4178,3200,3200,0
4179,3200,3200,0
4180,3200,3200,0
4181,3200,3200,0
4182,3200,3200,0
4183,3200,3200,0
4184,3200,3200,0
4185,3200,3200,0
4186,3200,3200,0
4187,3200,3200,0
4188,3200,3200,0
4189,3200,3200,0
4190,3200,3200,0
4191,3200,3200,0
4192,3200,3200,0
4193,3200,3200,0
4194,3200,3200,0
4195,3200,3200,0
4196,3200,3200,0
4197,3200,3200,0
4198,3200,3200,0
4199,3200,3200,0
4200,3200,3200,0
4201,3200,3200,0
4202,3200,3200,0
4203,3200,3200,0
4204,3200,3200,0
4205,3200,3200,0
4206,3200,3200,0
4207,3200,3200,0
4208,3200,3200,0
4209,3200,3200,0
4210,3200,3200,0
4211,3200,3200,0
4212,3200,3200,0
4213,3200,3200,0
4214,3200,3200,0
4215,3200,3200,0
4216,3200,3200,0
4217,3200,3200,0
4218,3200,3200,0
4219,3200,3200,0
4220,3200,3200,0
4221,3200,3200,0
4222,3200,3200,0
4223,3200,3200,0
4224,3200,3200,0
4225,3200,3200,0
4226,3200,3200,0
4227,3200,3200,0
4228,3200,3200,0
4229,3200,3200,0
4230,3200,3200,0
4231,3200,3200,0
4232,3200,3200,0
4233,3200,3200,0
4234,3200,3200,0
4235,3200,3200,0
4236,3200,3200,0
4237,3200,3200,0
4238,3200,3200,0
4239,3200,3200,0
4240,3200,3200,0
4241,3200,3200,0
4242,3200,3200,0
4243,3200,3200,0
4244,3200,3200,0
4245,3200,3200,0
4246,3200,3200,0
4247,3200,3200,0
4248,3200,3200,0
4249,3200,3200,0
4250,3200,3200,0
4251,3200,3200,0
4252,3200,3200,0
4253,3200,3200,0
4254,3200,3200,0
4255,3200,3200,0
4256,3200,3200,0
4257,3200,3200,0
4258,3200,3200,0
4259,3200,3200,0
4260,3200,3200,0
4261,3200,3200,0
4262,3200,3200,0
4263,3200,3200,0
4264,3200,3200,0
4265,3200,3200,0
4266,3200,3200,0
4267,3200,3200,0
4268,3200,3200,0
4269,3200,3200,0
4270,3200,3200,0
4271,3200,3200,0
4272,3200,3200,0
4273,3200,3200,0
4274,3200,3200,0
4275,3200,3200,0
4276,3200,3200,0
4277,3200,3200,0
4278,3200,3200,0
4279,3200,3200,0
4280,3200,3200,0
4281,3200,3200,0
4282,3200,3200,0
4283,3200,3200,0
4284,3200,3200,0
4285,3200,3200,0
4286,3200,3200,0
4287,3200,3200,0
4288,3200,3200,0
4289,3200,3200,0
4290,3200,3200,0
4291,3200,3200,0
4292,3200,3200,0
4293,3200,3200,0
4294,3200,3200,0
4295,3200,3200,0
4296,3200,3200,0
4297,3200,3200,0
4298,3200,3200,0
4299,3200,3200,0
4300,3200,3200,0
4301,3200,3200,0
4302,3200,3200,0
4303,3200,3200,0
4304,3200,3200,0
4305,3200,3200,0
4306,3200,3200,0
4307,3200,3200,0
4308,3200,3200,0
4309,3200,3200,0
4310,3200,3200,0
4311,3200,3200,0
4312,3200,3200,0
4313,3200,3200,0
4314,3200,3200,0
4315,3200,3200,0
4316,3200,3200,0
4317,3200,3200,0
4318,3200,3200,0
4319,3200,3200,0
4320,3200,3200,0
4321,3200,3200,0
4322,3200,3200,0
4323,3200,3200,0
4324,3200,3200,0
4325,3200,3200,0
4326,3200,3200,0
4327,3200,3200,0
4328,3200,3200,0
4329,3200,3200,0
4330,3200,3200,0
4331,3200,3200,0
4332,3200,3200,0
4333,3200,3200,0
4334,3200,3200,0
4335,3200,3200,0
4336,3200,3200,0
4337,3200,3200,0
4338,3200,3200,0
4339,3200,3200,0
4340,3200,3200,0
4341,3200,3200,0
4342,3200,3200,0
4343,3200,3200,0
4344,3200,3200,0
4345,3200,3200,0
4346,3200,3200,0
4347,3200,3200,0
4348,3200,3200,0
4349,3200,3200,0
4350,3200,3200,0
4351,3200,3200,0
4352,3200,3200,0
4353,3200,3200,0
4354,3200,3200,0
4355,3200,3200,0
4356,3200,3200,0
4357,3200,3200,0
4358,3200,3200,0
4359,3200,3200,0
4360,3200,3200,0
4361,3200,3200,0
4362,3200,3200,0
4363,3200,3200,0
4364,3200,3200,0
4365,3200,3200,0
4366,3200,3200,0
4367,3200,3200,0
4368,3200,3200,0
4369,3200,3200,0
4370,3200,3200,0
4371,3200,3200,0
4372,3200,3200,0
4373,3200,3200,0
4374,3200,3200,0
4375,3200,3200,0
4376,3200,3200,0
4377,3200,3200,0
4378,3200,3200,0
4379,3200,3200,0
4380,3200,3200,0
4381,3200,3200,0
4382,3200,3200,0
4383,3200,3200,0
4384,3200,3200,0
4385,3200,3200,0
4386,3200,3200,0
4387,3200,3200,0
4388,3200,3200,0
4389,3200,3200,0
4390,3200,3200,0
4391,3200,3200,0
4392,3200,3200,0
4393,3200,3200,0
4394,3200,3200,0
4395,3200,3200,0
4396,3200,3200,0
4397,3200,3200,0
4398,3200,3200,0
4399,3200,3200,0
4400,3200,3200,0
4401,3200,3200,0
4402,3200,3200,0
4403,3200,3200,0
4404,3200,3200,0
4405,3200,3200,0
4406,3200,3200,0
4407,3200,3200,0
4408,3200,3200,0
4409,3200,3200,0
4410,3200,3200,0
4411,3200,3200,0
4412,3200,3200,0
4413,3200,3200,0
4414,3200,3200,0
4415,3200,3200,0
4416,3200,3200,0
4417,3200,3200,0
4418,3200,3200,0
4419,3200,3200,0
4420,3200,3200,0
4421,3200,3200,0
4422,3200,3200,0
4423,3200,3200,0
4424,3200,3200,0
4425,3200,3200,0
4426,3200,3200,0
4427,3200,3200,0
4428,3200,3200,0
4429,3200,3200,0
4430,3200,3200,0
4431,3200,3200,0
4432,3200,3200,0
4433,3200,3200,0
4434,3200,3200,0
4435,3200,3200,0
4436,3200,3200,0
4437,3200,3200,0
4438,3200,3200,0
4439,3200,3200,0
4440,3200,3200,0
4441,3200,3200,0
4442,3200,3200,0
4443,3200,3200,0
4444,3200,3200,0
4445,3200,3200,0
4446,3200,3200,0
4447,3200,3200,0
4448,3200,3200,0
4449,3200,3200,0
4450,3200,3200,0
4451,3200,3200,0
4452,3200,3200,0
4453,3200,3200,0
4454,3200,3200,0
4455,3200,3200,0
4456,3200,3200,0
4457,3200,3200,0
4458,3200,3200,0
4459,3200,3200,0
4460,3200,3200,0
4461,3200,3200,0
4462,3200,3200,0
4463,3200,3200,0
4464,3200,3200,0
4465,3200,3200,0
4466,3200,3200,0
4467,3200,3200,0
4468,3200,3200,0
4469,3200,3200,0
4470,3200,3200,0
4471,3200,3200,0
4472,3200,3200,0
4473,3200,3200,0
4474,3200,3200,0
4475,3200,3200,0
4476,3200,3200,0
4477,3200,3200,0
4478,3200,3200,0
4479,3200,3200,0
4480,3200,3200,0
4481,3200,3200,0
4482,3200,3200,0
4483,3200,3200,0
4484,3200,3200,0
4485,3200,3200,0
4486,3200,3200,0
4487,3200,3200,0
4488,3200,3200,0
4489,3200,3200,0
4490,3200,3200,0
4491,3200,3200,0
4492,3200,3200,0
4493,3200,3200,0
4494,3200,3200,0
4495,3200,3200,0
4496,3200,3200,0
4497,3200,3200,0
4498,3200,3200,0
4499,3200,3200,0
4500,3200,3200,0
4501,3200,3200,0
4502,3200,3200,0
4503,3200,3200,0
4504,3200,3200,0
4505,3200,3200,0
4506,3200,3200,0
4507,3200,3200,0
4508,3200,3200,0
4509,3200,3200,0
4510,3200,3200,0
4511,3200,3200,0
4512,3200,3200,0
4513,3200,3200,0
4514,3200,3200,0
4515,3200,3200,0
4516,3200,3200,0
4517,3200,3200,0
4518,3200,3200,0
4519,3200,3200,0
4520,3200,3200,0
4521,3200,3200,0
4522,3200,3200,0
4523,3200,3200,0
4524,3200,3200,0
4525,3200,3200,0
4526,3200,3200,0
4527,3200,3200,0
4528,3200,3200,0
4529,3200,3200,0
4530,3200,3200,0
4531,3200,3200,0
4532,3200,3200,0
4533,3200,3200,0
4534,3200,3200,0
4535,3200,3200,0
4536,3200,3200,0
4537,3200,3200,0
4538,3200,3200,0
4539,3200,3200,0
4540,3200,3200,0
4541,3200,3200,0
4542,3200,3200,0
4543,3200,3200,0
4544,3200,3200,0
4545,3200,3200,0
4546,3200,3200,0
4547,3200,3200,0
4548,3200,3200,0
4549,3200,3200,0
4550,3200,3200,0
4551,3200,3200,0
4552,3200,3200,0
4553,3200,3200,0
4554,3200,3200,0
4555,3200,3200,0
4556,3200,3200,0
4557,3200,3200,0
4558,3200,3200,0
4559,3200,3200,0
4560,3200,3200,0
4561,3200,3200,0
4562,3200,3200,0
4563,3200,3200,0
4564,3200,3200,0
4565,3200,3200,0
4566,3200,3200,0
4567,3200,3200,0
4568,3200,3200,0
4569,3200,3200,0
4570,3200,3200,0
4571,3200,3200,0
4572,3200,3200,0
4573,3200,3200,0
4574,3200,3200,0
4575,3200,3200,0
4576,3200,3200,0
4577,3200,3200,0
4578,3200,3200,0
4579,3200,3200,0
4580,3200,3200,0
4581,3200,3200,0
4582,3200,3200,0
4583,3200,3200,0
4584,3200,3200,0
4585,3200,3200,0
4586,3200,3200,0
4587,3200,3200,0
4588,3200,3200,0
4589,3200,3200,0
4590,3200,3200,0
4591,3200,3200,0
4592,3200,3200,0
4593,3200,3200,0
4594,3200,3200,0
4595,3200,3200,0
4596,3200,3200,0
4597,3200,3200,0
4598,3200,3200,0
4599,3200,3200,0
4600,3200,3200,0
4601,3200,3200,0
4602,3200,3200,0
4603,3200,3200,0
4604,3200,3200,0
4605,3200,3200,0
4606,3200,3200,0
4607,3200,3200,0
4608,3200,3200,0
4609,3200,3200,0
4610,3200,3200,0
4611,3200,3200,0
4612,3200,3200,0
4613,3200,3200,0
4614,3200,3200,0
4615,3200,3200,0
4616,3200,3200,0
4617,3200,3200,0
4618,3200,3200,0
4619,3200,3200,0
4620,3200,3200,0
4621,3200,3200,0
4622,3200,3200,0
4623,3200,3200,0
4624,3200,3200,0
4625,3200,3200,0
4626,3200,3200,0
4627,3200,3200,0
4628,3200,3200,0
4629,3200,3200,0
4630,3200,3200,0
4631,3200,3200,0
4632,3200,3200,0
4633,3200,3200,0
4634,3200,3200,0
4635,3200,3200,0
4636,3200,3200,0
4637,3200,3200,0
4638,3200,3200,0
4639,3200,3200,0
4640,3200,3200,0
4641,3200,3200,0
4642,3200,3200,0
4643,3200,3200,0
4644,3200,3200,0
4645,3200,3200,0
4646,3200,3200,0
4647,3200,3200,0
4648,3200,3200,0
4649,3200,3200,0
4650,3200,3200,0
4651,3200,3200,0
4652,3200,3200,0
4653,3200,3200,0
4654,3200,3200,0
4655,3200,3200,0
4656,3200,3200,0
4657,3200,3200,0
4658,3200,3200,0
4659,3200,3200,0
4660,3200,3200,0
4661,3200,3200,0
4662,3200,3200,0
4663,3200,3200,0
4664,3200,3200,0
4665,3200,3200,0
4666,3200,3200,0
4667,3200,3200,0
4668,3200,3200,0
4669,3200,3200,0
4670,3200,3200,0
4671,3200,3200,0
4672,3200,3200,0
4673,3200,3200,0
4674,3200,3200,0
4675,3200,3200,0
4676,3200,3200,0
4677,3200,3200,0
4678,3200,3200,0
4679,3200,3200,0
4680,3200,3200,0
4681,3200,3200,0
4682,3200,3200,0
4683,3200,3200,0
4684,3200,3200,0
4685,3200,3200,0
4686,3200,3200,0
4687,3200,3200,0
4688,3200,3200,0
4689,3200,3200,0
4690,3200,3200,0
4691,3200,3200,0
4692,3200,3200,0
4693,3200,3200,0
4694,3200,3200,0
4695,3200,3200,0
4696,3200,3200,0
4697,3200,3200,0
4698,3200,3200,0
4699,3200,3200,0
4700,3200,3200,0
4701,3200,3200,0
4702,3200,3200,0
4703,3200,3200,0
4704,3200,3200,0
4705,3200,3200,0
4706,3200,3200,0
4707,3200,3200,0
4708,3200,3200,0
4709,3200,3200,0
4710,3200,3200,0
4711,3200,3200,0
4712,3200,3200,0
4713,3200,3200,0
4714,3200,3200,0
4715,3200,3200,0
4716,3200,3200,0
4717,3200,3200,0
4718,3200,3200,0
4719,3200,3200,0
4720,3200,3200,0
4721,3200,3200,0
4722,3200,3200,0
4723,3200,3200,0
4724,3200,3200,0
4725,3200,3200,0
4726,3200,3200,0
4727,3200,3200,0
4728,3200,3200,0
4729,3200,3200,0
4730,3200,3200,0
4731,3200,3200,0
4732,3200,3200,0
4733,3200,3200,0
4734,3200,3200,0
4735,3200,3200,0
4736,3200,3200,0
4737,3200,3200,0
4738,3200,3200,0
4739,3200,3200,0
4740,3200,3200,0
4741,3200,3200,0
4742,3200,3200,0
4743,3200,3200,0
4744,3200,3200,0
4745,3200,3200,0
4746,3200,3200,0
4747,3200,3200,0
4748,3200,3200,0
4749,3200,3200,0
4750,3200,3200,0
4751,3200,3200,0
4752,3200,3200,0
4753,3200,3200,0
4754,3200,3200,0
4755,3200,3200,0
4756,3200,3200,0
4757,3200,3200,0
4758,3200,3200,0
4759,3200,3200,0
4760,3200,3200,0
4761,3200,3200,0
4762,3200,3200,0
4763,3200,3200,0
4764,3200,3200,0
4765,3200,3200,0
4766,3200,3200,0
4767,3200,3200,0
4768,3200,3200,0
4769,3200,3200,0
4770,3200,3200,0
4771,3200,3200,0
4772,3200,3200,0
4773,3200,3200,0
4774,3200,3200,0
4775,3200,3200,0
4776,3200,3200,0
4777,3200,3200,0
4778,3200,3200,0
4779,3200,3200,0
4780,3200,3200,0
4781,3200,3200,0
4782,3200,3200,0
4783,3200,3200,0
4784,3200,3200,0
4785,3200,3200,0
4786,3200,3200,0
4787,3200,3200,0
4788,3200,3200,0
4789,3200,3200,0
4790,3200,3200,0
4791,3200,3200,0
4792,3200,3200,0
4793,3200,3200,0
4794,3200,3200,0
4795,3200,3200,0
4796,3200,3200,0
4797,3200,3200,0
4798,3200,3200,0
4799,3200,3200,0
4800,3200,3200,0
4801,3200,3200,0
4802,3200,3200,0
4803,3200,3200,0
4804,3200,3200,0
4805,3200,3200,0
4806,3200,3200,0
4807,3200,3200,0
4808,3200,3200,0
4809,3200,3200,0
4810,3200,3200,0
4811,3200,3200,0
4812,3200,3200,0
4813,3200,3200,0
4814,3200,3200,0
4815,3200,3200,0
4816,3200,3200,0
4817,3200,3200,0
4818,3200,3200,0
4819,3200,3200,0
4820,3200,3200,0
4821,3200,3200,0
4822,3200,3200,0
4823,3200,3200,0
4824,3200,3200,0
4825,3200,3200,0
4826,3200,3200,0
4827,3200,3200,0
4828,3200,3200,0
4829,3200,3200,0
4830,3200,3200,0
4831,3200,3200,0
4832,3200,3200,0
4833,3200,3200,0
4834,3200,3200,0
4835,3200,3200,0
4836,3200,3200,0
4837,3200,3200,0
4838,3200,3200,0
4839,3200,3200,0
4840,3200,3200,0
4841,3200,3200,0
4842,3200,3200,0
4843,3200,3200,0
4844,3200,3200,0
4845,3200,3200,0
4846,3200,3200,0
4847,3200,3200,0
4848,3200,3200,0
4849,3200,3200,0
4850,3200,3200,0
4851,3200,3200,0
4852,3200,3200,0
4853,3200,3200,0
4854,3200,3200,0
4855,3200,3200,0
4856,3200,3200,0
4857,3200,3200,0
4858,3200,3200,0
4859,3200,3200,0
4860,3200,3200,0
4861,3200,3200,0
4862,3200,3200,0
4863,3200,3200,0
4864,3200,3200,0
4865,3200,3200,0
4866,3200,3200,0
4867,3200,3200,0
4868,3200,3200,0
4869,3200,3200,0
4870,3200,3200,0
4871,3200,3200,0
4872,3200,3200,0
4873,3200,3200,0
4874,3200,3200,0
4875,3200,3200,0
4876,3200,3200,0
4877,3200,3200,0
4878,3200,3200,0
4879,3200,3200,0
4880,3200,3200,0
4881,3200,3200,0
4882,3200,3200,0
4883,3200,3200,0
4884,3200,3200,0
4885,3200,3200,0
4886,3200,3200,0
4887,3200,3200,0
4888,3200,3200,0
4889,3200,3200,0
4890,3200,3200,0
4891,3200,3200,0
4892,3200,3200,0
4893,3200,3200,0
4894,3200,3200,0
4895,3200,3200,0
4896,3200,3200,0
4897,3200,3200,0
4898,3200,3200,0
4899,3200,3200,0
4900,3200,3200,0
4901,3200,3200,0
4902,3200,3200,0
4903,3200,3200,0
4904,3200,3200,0
4905,3200,3200,0
4906,3200,3200,0
4907,3200,3200,0
4908,3200,3200,0
4909,3200,3200,0
4910,3200,3200,0
4911,3200,3200,0
4912,3200,3200,0
4913,3200,3200,0
4914,3200,3200,0
4915,3200,3200,0
4916,3200,3200,0
4917,3200,3200,0
4918,3200,3200,0
4919,3200,3200,0
4920,3200,3200,0
4921,3200,3200,0
4922,3200,3200,0
4923,3200,3200,0
4924,3200,3200,0
4925,3200,3200,0
4926,3200,3200,0
4927,3200,3200,0
4928,3200,3200,0
4929,3200,3200,0
4930,3200,3200,0
4931,3200,3200,0
4932,3200,3200,0
4933,3200,3200,0
4934,3200,3200,0
4935,3200,3200,0
4936,3200,3200,0
4937,3200,3200,0
4938,3200,3200,0
4939,3200,3200,0
4940,3200,3200,0
4941,3200,3200,0
4942,3200,3200,0
4943,3200,3200,0
4944,3200,3200,0
4945,3200,3200,0
4946,3200,3200,0
4947,3200,3200,0
4948,3200,3200,0
4949,3200,3200,0
4950,3200,3200,0
4951,3200,3200,0
4952,3200,3200,0
4953,3200,3200,0
4954,3200,3200,0
4955,3200,3200,0
4956,3200,3200,0
4957,3200,3200,0
4958,3200,3200,0
4959,3200,3200,0
4960,3200,3200,0
4961,3200,3200,0
4962,3200,3200,0
4963,3200,3200,0
4964,3200,3200,0
4965,3200,3200,0
4966,3200,3200,0
4967,3200,3200,0
4968,3200,3200,0
4969,3200,3200,0
4970,3200,3200,0
4971,3200,3200,0
4972,3200,3200,0
4973,3200,3200,0
4974,3200,3200,0
4975,3200,3200,0
4976,3200,3200,0
4977,3200,3200,0
4978,3200,3200,0
4979,3200,3200,0
4980,3200,3200,0
4981,3200,3200,0
4982,3200,3200,0
4983,3200,3200,0
4984,3200,3200,0
4985,3200,3200,0
4986,3200,3200,0
4987,3200,3200,0
4988,3200,3200,0
4989,3200,3200,0
4990,3200,3200,0
4991,3200,3200,0
4992,3200,3200,0
4993,3200,3200,0
4994,3200,3200,0
4995,3200,3200,0
4996,3200,3200,0
4997,3200,3200,0
4998,3200,3200,0
4999,3200,3200,0
5000,3200,3200,0
5001,3200,3200,0
5002,3200,3200,0
5003,3200,3200,0
5004,3200,3200,0
5005,3200,3200,0
5006,3200,3200,0
5007,3200,3200,0
5008,3200,3200,0
5009,3200,3200,0
5010,3200,3200,0
5011,3200,3200,0
5012,3200,3200,0
5013,3200,3200,0
5014,3200,3200,0
5015,3200,3200,0
5016,3200,3200,0
5017,3200,3200,0
5018,3200,3200,0
5019,3200,3200,0
5020,3200,3200,0
5021,3200,3200,0
5022,3200,3200,0
5023,3200,3200,0
5024,3200,3200,0
5025,3200,3200,0
5026,3200,3200,0
5027,3200,3200,0
5028,3200,3200,0
5029,3200,3200,0
5030,3200,3200,0
5031,3200,3200,0
5032,3200,3200,0
5033,3200,3200,0
5034,3200,3200,0
5035,3200,3200,0
5036,3200,3200,0
5037,3200,3200,0
5038,3200,3200,0
5039,3200,3200,0
5040,3200,3200,0
5041,3200,3200,0
5042,3200,3200,0
5043,3200,3200,0
5044,3200,3200,0
5045,3200,3200,0
5046,3200,3200,0
5047,3200,3200,0
5048,3200,3200,0
5049,3200,3200,0
5050,3200,3200,0
5051,3200,3200,0
5052,3200,3200,0
5053,3200,3200,0
5054,3200,3200,0
5055,3200,3200,0
5056,3200,3200,0
5057,3200,3200,0
5058,3200,3200,0
5059,3200,3200,0
5060,3200,3200,0
5061,3200,3200,0
5062,3200,3200,0
5063,3200,3200,0
5064,3200,3200,0
5065,3200,3200,0
5066,3200,3200,0
5067,3200,3200,0
5068,3200,3200,0
5069,3200,3200,0
5070,3200,3200,0
5071,3200,3200,0
5072,3200,3200,0
5073,3200,3200,0
5074,3200,3200,0
5075,3200,3200,0
5076,3200,3200,0
5077,3200,3200,0
5078,3200,3200,0
5079,3200,3200,0
5080,3200,3200,0
5081,3200,3200,0
5082,3200,3200,0
5083,3200,3200,0
5084,3200,3200,0
5085,3200,3200,0
5086,3200,3200,0
5087,3200,3200,0
5088,3200,3200,0
5089,3200,3200,0
5090,3200,3200,0
5091,3200,3200,0
5092,3200,3200,0
5093,3200,3200,0
5094,3200,3200,0
5095,3200,3200,0
5096,3200,3200,0
5097,3200,3200,0
5098,3200,3200,0
5099,3200,3200,0
5100,3200,3200,0
5101,3200,3200,0
5102,3200,3200,0
5103,3200,3200,0
5104,3200,3200,0
5105,3200,3200,0
5106,3200,3200,0
5107,3200,3200,0
5108,3200,3200,0
5109,3200,3200,0
5110,3200,3200,0
5111,3200,3200,0
5112,3200,3200,0
5113,3200,3200,0
5114,3200,3200,0
5115,3200,3200,0
5116,3200,3200,0
5117,3200,3200,0
5118,3200,3200,0
5119,3200,3200,0
5120,3200,3200,0
5121,3200,3200,0
5122,3200,3200,0
5123,3200,3200,0
5124,3200,3200,0
5125,3200,3200,0
5126,3200,3200,0
5127,3200,3200,0
5128,3200,3200,0
5129,3200,3200,0
5130,3200,3200,0
5131,3200,3200,0
5132,3200,3200,0
5133,3200,3200,0
5134,3200,3200,0
5135,3200,3200,0
5136,3200,3200,0
5137,3200,3200,0
5138,3200,3200,0
5139,3200,3200,0
5140,3200,3200,0
5141,3200,3200,0
5142,3200,3200,0
5143,3200,3200,0
5144,3200,3200,0
5145,3200,3200,0
5146,3200,3200,0
5147,3200,3200,0
5148,3200,3200,0
5149,3200,3200,0
5150,3200,3200,0
5151,3200,3200,0
5152,3200,3200,0
5153,3200,3200,0
5154,3200,3200,0
5155,3200,3200,0
5156,3200,3200,0
5157,3200,3200,0
5158,3200,3200,0
5159,3200,3200,0
5160,3200,3200,0
5161,3200,3200,0
5162,3200,3200,0
5163,3200,3200,0
5164,3200,3200,0
5165,3200,3200,0
5166,3200,3200,0
5167,3200,3200,0
5168,3200,3200,0
5169,3200,3200,0
5170,3200,3200,0
5171,3200,3200,0
5172,3200,3200,0
5173,3200,3200,0
5174,3200,3200,0
5175,3200,3200,0
5176,3200,3200,0
5177,3200,3200,0
5178,3200,3200,0
5179,3200,3200,0
5180,3200,3200,0
5181,3200,3200,0
5182,3200,3200,0
5183,3200,3200,0
5184,3200,3200,0
5185,3200,3200,0
5186,3200,3200,0
5187,3200,3200,0
5188,3200,3200,0
5189,3200,3200,0
5190,3200,3200,0
5191,3200,3200,0
5192,3200,3200,0
5193,3200,3200,0
5194,3200,3200,0
5195,3200,3200,0
5196,3200,3200,0
5197,3200,3200,0
5198,3200,3200,0
5199,3200,3200,0
5200,3200,3200,0
5201,3200,3200,0
5202,3200,3200,0
5203,3200,3200,0
5204,3200,3200,0
5205,3200,3200,0
5206,3200,3200,0
5207,3200,3200,0
5208,3200,3200,0
5209,3200,3200,0
5210,3200,3200,0
5211,3200,3200,0
5212,3200,3200,0
5213,3200,3200,0
5214,3200,3200,0
5215,3200,3200,0
5216,3200,3200,0
5217,3200,3200,0
5218,3200,3200,0
5219,3200,3200,0
5220,3200,3200,0
5221,3200,3200,0
5222,3200,3200,0
5223,3200,3200,0
5224,3200,3200,0
5225,3200,3200,0
5226,3200,3200,0
5227,3200,3200,0
5228,3200,3200,0
5229,3200,3200,0
5230,3200,3200,0
5231,3200,3200,0
5232,3200,3200,0
5233,3200,3200,0
5234,3200,3200,0
5235,3200,3200,0
5236,3200,3200,0
5237,3200,3200,0
5238,3200,3200,0
5239,3200,3200,0
5240,3200,3200,0
5241,3200,3200,0
5242,3200,3200,0
5243,3200,3200,0
5244,3200,3200,0
5245,3200,3200,0
5246,3200,3200,0
5247,3200,3200,0
5248,3200,3200,0
5249,3200,3200,0
5250,3200,3200,0
5251,3200,3200,0
5252,3200,3200,0
5253,3200,3200,0
5254,3200,3200,0
5255,3200,3200,0
5256,3200,3200,0
5257,3200,3200,0
5258,3200,3200,0
5259,3200,3200,0
5260,3200,3200,0
5261,3200,3200,0
5262,3200,3200,0
5263,3200,3200,0
5264,3200,3200,0
5265,3200,3200,0
5266,3200,3200,0
5267,3200,3200,0
5268,3200,3200,0
5269,3200,3200,0
5270,3200,3200,0
5271,3200,3200,0
5272,3200,3200,0
5273,3200,3200,0
5274,3200,3200,0
5275,3200,3200,0
5276,3200,3200,0
5277,3200,3200,0
5278,3200,3200,0
5279,3200,3200,0
5280,3200,3200,0
5281,3200,3200,0
5282,3200,3200,0
5283,3200,3200,0
5284,3200,3200,0
5285,3200,3200,0
5286,3200,3200,0
5287,3200,3200,0
5288,3200,3200,0
5289,3200,3200,0
5290,3200,3200,0
5291,3200,3200,0
5292,3200,3200,0
5293,3200,3200,0
5294,3200,3200,0
5295,3200,3200,0
5296,3200,3200,0
5297,3200,3200,0
5298,3200,3200,0
5299,3200,3200,0
5300,3200,3200,0
5301,3200,3200,0
5302,3200,3200,0
5303,3200,3200,0
5304,3200,3200,0
5305,3200,3200,0
5306,3200,3200,0
5307,3200,3200,0
5308,3200,3200,0
5309,3200,3200,0
5310,3200,3200,0
5311,3200,3200,0
5312,3200,3200,0
5313,3200,3200,0
5314,3200,3200,0
5315,3200,3200,0
5316,3200,3200,0
5317,3200,3200,0
5318,3200,3200,0
5319,3200,3200,0
5320,3200,3200,0
5321,3200,3200,0
5322,3200,3200,0
5323,3200,3200,0
5324,3200,3200,0
5325,3200,3200,0
5326,3200,3200,0
5327,3200,3200,0
5328,3200,3200,0
5329,3200,3200,0
5330,3200,3200,0
5331,3200,3200,0
5332,3200,3200,0
5333,3200,3200,0
5334,3200,3200,0
5335,3200,3200,0
5336,3200,3200,0
5337,3200,3200,0
5338,3200,3200,0
5339,3200,3200,0
5340,3200,3200,0
5341,3200,3200,0
5342,3200,3200,0
5343,3200,3200,0
5344,3200,3200,0
5345,3200,3200,0
5346,3200,3200,0
5347,3200,3200,0
5348,3200,3200,0
5349,3200,3200,0
5350,3200,3200,0
5351,3200,3200,0
5352,3200,3200,0
5353,3200,3200,0
5354,3200,3200,0
5355,3200,3200,0
5356,3200,3200,0
5357,3200,3200,0
5358,3200,3200,0
5359,3200,3200,0
5360,3200,3200,0
5361,3200,3200,0
5362,3200,3200,0
5363,3200,3200,0
5364,3200,3200,0
5365,3200,3200,0
5366,3200,3200,0
5367,3200,3200,0
5368,3200,3200,0
5369,3200,3200,0
5370,3200,3200,0
5371,3200,3200,0
5372,3200,3200,0
5373,3200,3200,0
5374,3200,3200,0
5375,3200,3200,0
5376,3200,3200,0
5377,3200,3200,0
5378,3200,3200,0
5379,3200,3200,0
5380,3200,3200,0
5381,3200,3200,0
5382,3200,3200,0
5383,3200,3200,0
5384,3200,3200,0
5385,3200,3200,0
5386,3200,3200,0
5387,3200,3200,0
5388,3200,3200,0
5389,3200,3200,0
5390,3200,3200,0
5391,3200,3200,0
5392,3200,3200,0
5393,3200,3200,0
5394,3200,3200,0
5395,3200,3200,0
5396,3200,3200,0
5397,3200,3200,0
5398,3200,3200,0
5399,3200,3200,0
5400,3200,3200,0
5401,3200,3200,0
5402,3200,3200,0
5403,3200,3200,0
5404,3200,3200,0
5405,3200,3200,0
5406,3200,3200,0
5407,3200,3200,0
5408,3200,3200,0
5409,3200,3200,0
5410,3200,3200,0
5411,3200,3200,0
5412,3200,3200,0
5413,3200,3200,0
5414,3200,3200,0
5415,3200,3200,0
5416,3200,3200,0
5417,3200,3200,0
5418,3200,3200,0
5419,3200,3200,0
5420,3200,3200,0
5421,3200,3200,0
5422,3200,3200,0
5423,3200,3200,0
5424,3200,3200,0
5425,3200,3200,0
5426,3200,3200,0
5427,3200,3200,0
5428,3200,3200,0
5429,3200,3200,0
5430,3200,3200,0
5431,3200,3200,0
5432,3200,3200,0
5433,3200,3200,0
5434,3200,3200,0
5435,3200,3200,0
5436,3200,3200,0
5437,3200,3200,0
5438,3200,3200,0
5439,3200,3200,0
5440,3200,3200,0
5441,3200,3200,0
5442,3200,3200,0
5443,3200,3200,0
5444,3200,3200,0
5445,3200,3200,0
5446,3200,3200,0
5447,3200,3200,0
5448,3200,3200,0
5449,3200,3200,0
5450,3200,3200,0
5451,3200,3200,0
5452,3200,3200,0
5453,3200,3200,0
5454,3200,3200,0
5455,3200,3200,0
5456,3200,3200,0
5457,3200,3200,0
5458,3200,3200,0
5459,3200,3200,0
5460,3200,3200,0
5461,3200,3200,0
5462,3200,3200,0
5463,3200,3200,0
5464,3200,3200,0
5465,3200,3200,0
5466,3200,3200,0
5467,3200,3200,0
5468,3200,3200,0
5469,3200,3200,0
5470,3200,3200,0
5471,3200,3200,0
5472,3200,3200,0
5473,3200,3200,0
5474,3200,3200,0
5475,3200,3200,0
5476,3200,3200,0
5477,3200,3200,0
5478,3200,3200,0
5479,3200,3200,0
5480,3200,3200,0
5481,3200,3200,0
5482,3200,3200,0
5483,3200,3200,0
5484,3200,3200,0
5485,3200,3200,0
5486,3200,3200,0
5487,3200,3200,0
5488,3200,3200,0
5489,3200,3200,0
5490,3200,3200,0
5491,3200,3200,0
5492,3200,3200,0
5493,3200,3200,0
5494,3200,3200,0
5495,3200,3200,0
5496,3200,3200,0
5497,3200,3200,0
5498,3200,3200,0
5499,3200,3200,0
5500,3200,3200,0
5501,3200,3200,0
5502,3200,3200,0
5503,3200,3200,0
5504,3200,3200,0
5505,3200,3200,0
5506,3200,3200,0
5507,3200,3200,0
5508,3200,3200,0
5509,3200,3200,0
5510,3200,3200,0
5511,3200,3200,0
5512,3200,3200,0
5513,3200,3200,0
5514,3200,3200,0
5515,3200,3200,0
5516,3200,3200,0
5517,3200,3200,0
5518,3200,3200,0
5519,3200,3200,0
5520,3200,3200,0
5521,3200,3200,0
5522,3200,3200,0
5523,3200,3200,0
5524,3200,3200,0
5525,3200,3200,0
5526,3200,3200,0
5527,3200,3200,0
5528,3200,3200,0
5529,3200,3200,0
5530,3200,3200,0
5531,3200,3200,0
5532,3200,3200,0
5533,3200,3200,0
5534,3200,3200,0
5535,3200,3200,0
5536,3200,3200,0
5537,3200,3200,0
5538,3200,3200,0
5539,3200,3200,0
5540,3200,3200,0
5541,3200,3200,0
5542,3200,3200,0
5543,3200,3200,0
5544,3200,3200,0
5545,3200,3200,0
5546,3200,3200,0
5547,3200,3200,0
5548,3200,3200,0
5549,3200,3200,0
5550,3200,3200,0
5551,3200,3200,0
5552,3200,3200,0
5553,3200,3200,0
5554,3200,3200,0
5555,3200,3200,0
5556,3200,3200,0
5557,3200,3200,0
5558,3200,3200,0
5559,3200,3200,0
5560,3200,3200,0
5561,3200,3200,0
5562,3200,3200,0
5563,3200,3200,0
5564,3200,3200,0
5565,3200,3200,0
5566,3200,3200,0
5567,3200,3200,0
5568,3200,3200,0
5569,3200,3200,0
5570,3200,3200,0
5571,3200,3200,0
5572,3200,3200,0
5573,3200,3200,0
5574,3200,3200,0
5575,3200,3200,0
5576,3200,3200,0
5577,3200,3200,0
5578,3200,3200,0
5579,3200,3200,0
5580,3200,3200,0
5581,3200,3200,0
5582,3200,3200,0
5583,3200,3200,0
5584,3200,3200,0
5585,3200,3200,0
5586,3200,3200,0
5587,3200,3200,0
5588,3200,3200,0
5589,3200,3200,0
5590,3200,3200,0
5591,3200,3200,0
5592,3200,3200,0
5593,3200,3200,0
5594,3200,3200,0
5595,3200,3200,0
5596,3200,3200,0
5597,3200,3200,0
5598,3200,3200,0
5599,3200,3200,0
5600,3200,3200,0
5601,3200,3200,0
5602,3200,3200,0
5603,3200,3200,0
5604,3200,3200,0
5605,3200,3200,0
5606,3200,3200,0
5607,3200,3200,0
5608,3200,3200,0
5609,3200,3200,0
5610,3200,3200,0
5611,3200,3200,0
5612,3200,3200,0
5613,3200,3200,0
5614,3200,3200,0
5615,3200,3200,0
5616,3200,3200,0
5617,3200,3200,0
5618,3200,3200,0
5619,3200,3200,0
5620,3200,3200,0
5621,3200,3200,0
5622,3200,3200,0
5623,3200,3200,0
5624,3200,3200,0
5625,3200,3200,0
5626,3200,3200,0
5627,3200,3200,0
5628,3200,3200,0
5629,3200,3200,0
5630,3200,3200,0
5631,3200,3200,0
5632,3200,3200,0
5633,3200,3200,0
5634,3200,3200,0
5635,3200,3200,0
5636,3200,3200,0
5637,3200,3200,0
5638,3200,3200,0
5639,3200,3200,0
5640,3200,3200,0
5641,3200,3200,0
5642,3200,3200,0
5643,3200,3200,0
5644,3200,3200,0
5645,3200,3200,0
5646,3200,3200,0
5647,3200,3200,0
5648,3200,3200,0
5649,3200,3200,0
5650,3200,3200,0
5651,3200,3200,0
5652,3200,3200,0
5653,3200,3200,0
5654,3200,3200,0
5655,3200,3200,0
5656,3200,3200,0
5657,3200,3200,0
5658,3200,3200,0
5659,3200,3200,0
5660,3200,3200,0
5661,3200,3200,0
5662,3200,3200,0
5663,3200,3200,0
5664,3200,3200,0
5665,3200,3200,0
5666,3200,3200,0
5667,3200,3200,0
5668,3200,3200,0
5669,3200,3200,0
5670,3200,3200,0
5671,3200,3200,0
5672,3200,3200,0
5673,3200,3200,0
5674,3200,3200,0
5675,3200,3200,0
5676,3200,3200,0
5677,3200,3200,0
5678,3200,3200,0
5679,3200,3200,0
5680,3200,3200,0
5681,3200,3200,0
5682,3200,3200,0
5683,3200,3200,0
5684,3200,3200,0
5685,3200,3200,0
5686,3200,3200,0
5687,3200,3200,0
5688,3200,3200,0
5689,3200,3200,0
5690,3200,3200,0
5691,3200,3200,0
5692,3200,3200,0
5693,3200,3200,0
5694,3200,3200,0
5695,3200,3200,0
5696,3200,3200,0
5697,3200,3200,0
5698,3200,3200,0
5699,3200,3200,0
5700,3200,3200,0
5701,3200,3200,0
5702,3200,3200,0
5703,3200,3200,0
5704,3200,3200,0
5705,3200,3200,0
5706,3200,3200,0
5707,3200,3200,0
5708,3200,3200,0
5709,3200,3200,0
5710,3200,3200,0
5711,3200,3200,0
5712,3200,3200,0
5713,3200,3200,0
5714,3200,3200,0
5715,3200,3200,0
5716,3200,3200,0
5717,3200,3200,0
5718,3200,3200,0
5719,3200,3200,0
5720,3200,3200,0
5721,3200,3200,0
5722,3200,3200,0
5723,3200,3200,0
5724,3200,3200,0
5725,3200,3200,0
5726,3200,3200,0
5727,3200,3200,0
5728,3200,3200,0
5729,3200,3200,0
5730,3200,3200,0
5731,3200,3200,0
5732,3200,3200,0
5733,3200,3200,0
5734,3200,3200,0
5735,3200,3200,0
5736,3200,3200,0
5737,3200,3200,0
5738,3200,3200,0
5739,3200,3200,0
5740,3200,3200,0
5741,3200,3200,0
5742,3200,3200,0
5743,3200,3200,0
5744,3200,3200,0
5745,3200,3200,0
5746,3200,3200,0
5747,3200,3200,0
5748,3200,3200,0
5749,3200,3200,0
5750,3200,3200,0
5751,3200,3200,0
5752,3200,3200,0
5753,3200,3200,0
5754,3200,3200,0
5755,3200,3200,0
5756,3200,3200,0
5757,3200,3200,0
5758,3200,3200,0
5759,3200,3200,0
5760,3200,3200,0
5761,3200,3200,0
5762,3200,3200,0
5763,3200,3200,0
5764,3200,3200,0
5765,3200,3200,0
5766,3200,3200,0
5767,3200,3200,0
5768,3200,3200,0
5769,3200,3200,0
5770,3200,3200,0
5771,3200,3200,0
5772,3200,3200,0
5773,3200,3200,0
5774,3200,3200,0
5775,3200,3200,0
5776,3200,3200,0
5777,3200,3200,0
5778,3200,3200,0
5779,3200,3200,0
5780,3200,3200,0
5781,3200,3200,0
5782,3200,3200,0
5783,3200,3200,0
5784,3200,3200,0
5785,3200,3200,0
5786,3200,3200,0
5787,3200,3200,0
5788,3200,3200,0
5789,3200,3200,0
5790,3200,3200,0
5791,3200,3200,0
5792,3200,3200,0
5793,3200,3200,0
5794,3200,3200,0
5795,3200,3200,0
5796,3200,3200,0
5797,3200,3200,0
5798,3200,3200,0
5799,3200,3200,0
5800,3200,3200,0
5801,3200,3200,0
5802,3200,3200,0
5803,3200,3200,0
5804,3200,3200,0
5805,3200,3200,0
5806,3200,3200,0
5807,3200,3200,0
5808,3200,3200,0
5809,3200,3200,0
5810,3200,3200,0
5811,3200,3200,0
5812,3200,3200,0
5813,3200,3200,0
5814,3200,3200,0
5815,3200,3200,0
5816,3200,3200,0
5817,3200,3200,0
5818,3200,3200,0
5819,3200,3200,0
5820,3200,3200,0
5821,3200,3200,0
5822,3200,3200,0
5823,3200,3200,0
5824,3200,3200,0
5825,3200,3200,0
5826,3200,3200,0
5827,3200,3200,0
5828,3200,3200,0
5829,3200,3200,0
5830,3200,3200,0
5831,3200,3200,0
5832,3200,3200,0
5833,3200,3200,0
5834,3200,3200,0
5835,3200,3200,0
5836,3200,3200,0
5837,3200,3200,0
5838,3200,3200,0
5839,3200,3200,0
5840,3200,3200,0
5841,3200,3200,0
5842,3200,3200,0
5843,3200,3200,0
5844,3200,3200,0
5845,3200,3200,0
5846,3200,3200,0
5847,3200,3200,0
5848,3200,3200,0
5849,3200,3200,0
5850,3200,3200,0
5851,3200,3200,0
5852,3200,3200,0
5853,3200,3200,0
5854,3200,3200,0
5855,3200,3200,0
5856,3200,3200,0
5857,3200,3200,0
5858,3200,3200,0
5859,3200,3200,0
5860,3200,3200,0
5861,3200,3200,0
5862,3200,3200,0
5863,3200,3200,0
5864,3200,3200,0
5865,3200,3200,0
5866,3200,3200,0
5867,3200,3200,0
5868,3200,3200,0
5869,3200,3200,0
5870,3200,3200,0
5871,3200,3200,0
5872,3200,3200,0
5873,3200,3200,0
5874,3200,3200,0
5875,3200,3200,0
5876,3200,3200,0
5877,3200,3200,0
5878,3200,3200,0
5879,3200,3200,0
5880,3200,3200,0
5881,3200,3200,0
5882,3200,3200,0
5883,3200,3200,0
5884,3200,3200,0
5885,3200,3200,0
5886,3200,3200,0
5887,3200,3200,0
5888,3200,3200,0
5889,3200,3200,0
5890,3200,3200,0
5891,3200,3200,0
5892,3200,3200,0
5893,3200,3200,0
5894,3200,3200,0
5895,3200,3200,0
5896,3200,3200,0
5897,3200,3200,0
5898,3200,3200,0
5899,3200,3200,0
5900,3200,3200,0
5901,3200,3200,0
5902,3200,3200,0
5903,3200,3200,0
5904,3200,3200,0
5905,3200,3200,0
5906,3200,3200,0
5907,3200,3200,0
5908,3200,3200,0
5909,3200,3200,0
5910,3200,3200,0
5911,3200,3200,0
5912,3200,3200,0
5913,3200,3200,0
5914,3200,3200,0
5915,3200,3200,0
5916,3200,3200,0
5917,3200,3200,0
5918,3200,3200,0
5919,3200,3200,0
5920,3200,3200,0
5921,3200,3200,0
5922,3200,3200,0
5923,3200,3200,0
5924,3200,3200,0
5925,3200,3200,0
5926,3200,3200,0
5927,3200,3200,0
5928,3200,3200,0
5929,3200,3200,0
5930,3200,3200,0
5931,3200,3200,0
5932,3200,3200,0
5933,3200,3200,0
5934,3200,3200,0
5935,3200,3200,0
5936,3200,3200,0
5937,3200,3200,0
5938,3200,3200,0
5939,3200,3200,0
5940,3200,3200,0
5941,3200,3200,0
5942,3200,3200,0
5943,3200,3200,0
5944,3200,3200,0
5945,3200,3200,0
5946,3200,3200,0
5947,3200,3200,0
5948,3200,3200,0
5949,3200,3200,0
5950,3200,3200,0
5951,3200,3200,0
5952,3200,3200,0
5953,3200,3200,0
5954,3200,3200,0
5955,3200,3200,0
5956,3200,3200,0
5957,3200,3200,0
5958,3200,3200,0
5959,3200,3200,0
5960,3200,3200,0
5961,3200,3200,0
5962,3200,3200,0
5963,3200,3200,0
5964,3200,3200,0
5965,3200,3200,0
5966,3200,3200,0
5967,3200,3200,0
5968,3200,3200,0
5969,3200,3200,0
5970,3200,3200,0
5971,3200,3200,0
5972,3200,3200,0
5973,3200,3200,0
5974,3200,3200,0
5975,3200,3200,0
5976,3200,3200,0
5977,3200,3200,0
5978,3200,3200,0
5979,3200,3200,0
5980,3200,3200,0
5981,3200,3200,0
5982,3200,3200,0
5983,3200,3200,0
5984,3200,3200,0
5985,3200,3200,0
5986,3200,3200,0
5987,3200,3200,0
5988,3200,3200,0
5989,3200,3200,0
5990,3200,3200,0
5991,3200,3200,0
5992,3200,3200,0
5993,3200,3200,0
5994,3200,3200,0
5995,3200,3200,0
5996,3200,3200,0
5997,3200,3200,0
5998,3200,3200,0
5999,3200,3200,0
6000,3200,3200,0
6001,3200,3200,0
6002,3200,3200,0
6003,3200,3200,0
6004,3200,3200,0
6005,3200,3200,0
6006,3200,3200,0
6007,3200,3200,0
6008,3200,3200,0
6009,3200,3200,0
6010,3200,3200,0
6011,3200,3200,0
6012,3200,3200,0
6013,3200,3200,0
6014,3200,3200,0
6015,3200,3200,0
6016,3200,3200,0
6017,3200,3200,0
6018,3200,3200,0
6019,3200,3200,0
6020,3200,3200,0
6021,3200,3200,0
6022,3200,3200,0
6023,3200,3200,0
6024,3200,3200,0
6025,3200,3200,0
6026,3200,3200,0
6027,3200,3200,0
6028,3200,3200,0
6029,3200,3200,0
6030,3200,3200,0
6031,3200,3200,0
6032,3200,3200,0
6033,3200,3200,0
6034,3200,3200,0
6035,3200,3200,0
6036,3200,3200,0
6037,3200,3200,0
6038,3200,3200,0
6039,3200,3200,0
6040,3200,3200,0
6041,3200,3200,0
6042,3200,3200,0
6043,3200,3200,0
6044,3200,3200,0
6045,3200,3200,0
6046,3200,3200,0
6047,3200,3200,0
6048,3200,3200,0
6049,3200,3200,0
6050,3200,3200,0
6051,3200,3200,0
6052,3200,3200,0
6053,3200,3200,0
6054,3200,3200,0
6055,3200,3200,0
6056,3200,3200,0
6057,3200,3200,0
6058,3200,3200,0
6059,3200,3200,0
6060,3200,3200,0
6061,3200,3200,0
6062,3200,3200,0
6063,3200,3200,0
6064,3200,3200,0
6065,3200,3200,0
6066,3200,3200,0
6067,3200,3200,0
6068,3200,3200,0
6069,3200,3200,0
6070,3200,3200,0
6071,3200,3200,0
6072,3200,3200,0
6073,3200,3200,0
6074,3200,3200,0
6075,3200,3200,0
6076,3200,3200,0
6077,3200,3200,0
6078,3200,3200,0
6079,3200,3200,0
6080,3200,3200,0
6081,3200,3200,0
6082,3200,3200,0
6083,3200,3200,0
6084,3200,3200,0
6085,3200,3200,0
6086,3200,3200,0
6087,3200,3200,0
6088,3200,3200,0
6089,3200,3200,0
6090,3200,3200,0
6091,3200,3200,0
6092,3200,3200,0
6093,3200,3200,0
6094,3200,3200,0
6095,3200,3200,0
6096,3200,3200,0
6097,3200,3200,0
6098,3200,3200,0
6099,3200,3200,0
6100,3200,3200,0
6101,3200,3200,0
6102,3200,3200,0
6103,3200,3200,0
6104,3200,3200,0
6105,3200,3200,0
6106,3200,3200,0
6107,3200,3200,0
6108,3200,3200,0
6109,3200,3200,0
6110,3200,3200,0
6111,3200,3200,0
6112,3200,3200,0
6113,3200,3200,0
6114,3200,3200,0
6115,3200,3200,0
6116,3200,3200,0
6117,3200,3200,0
6118,3200,3200,0
6119,3200,3200,0
6120,3200,3200,0
6121,3200,3200,0
6122,3200,3200,0
6123,3200,3200,0
6124,3200,3200,0
6125,3200,3200,0
6126,3200,3200,0
6127,3200,3200,0
6128,3200,3200,0
6129,3200,3200,0
6130,3200,3200,0
6131,3200,3200,0
6132,3200,3200,0
6133,3200,3200,0
6134,3200,3200,0
6135,3200,3200,0
6136,3200,3200,0
6137,3200,3200,0
6138,3200,3200,0
6139,3200,3200,0
6140,3200,3200,0
6141,3200,3200,0
6142,3200,3200,0
6143,3200,3200,0
6144,3200,3200,0
6145,3200,3200,0
6146,3200,3200,0
6147,3200,3200,0
6148,3200,3200,0
6149,3200,3200,0
6150,3200,3200,0
6151,3200,3200,0
6152,3200,3200,0
6153,3200,3200,0
6154,3200,3200,0
6155,3200,3200,0
6156,3200,3200,0
6157,3200,3200,0
6158,3200,3200,0
6159,3200,3200,0
6160,3200,3200,0
6161,3200,3200,0
6162,3200,3200,0
6163,3200,3200,0
6164,3200,3200,0
6165,3200,3200,0
6166,3200,3200,0
6167,3200,3200,0
6168,3200,3200,0
6169,3200,3200,0
6170,3200,3200,0
6171,3200,3200,0
6172,3200,3200,0
6173,3200,3200,0
6174,3200,3200,0
6175,3200,3200,0
6176,3200,3200,0
6177,3200,3200,0
6178,3200,3200,0
6179,3200,3200,0
6180,3200,3200,0
6181,3200,3200,0
6182,3200,3200,0
6183,3200,3200,0
6184,3200,3200,0
6185,3200,3200,0
6186,3200,3200,0
6187,3200,3200,0
6188,3200,3200,0
6189,3200,3200,0
6190,3200,3200,0
6191,3200,3200,0
6192,3200,3200,0
6193,3200,3200,0
6194,3200,3200,0
6195,3200,3200,0
6196,3200,3200,0
6197,3200,3200,0
6198,3200,3200,0
6199,3200,3200,0
6200,3200,3200,0
6201,3200,3200,0
6202,3200,3200,0
6203,3200,3200,0
6204,3200,3200,0
6205,3200,3200,0
6206,3200,3200,0
6207,3200,3200,0
6208,3200,3200,0
6209,3200,3200,0
6210,3200,3200,0
6211,3200,3200,0
6212,3200,3200,0
6213,3200,3200,0
6214,3200,3200,0
6215,3200,3200,0
6216,3200,3200,0
6217,3200,3200,0
6218,3200,3200,0
6219,3200,3200,0
6220,3200,3200,0
6221,3200,3200,0
6222,3200,3200,0
6223,3200,3200,0
6224,3200,3200,0
6225,3200,3200,0
6226,3200,3200,0
6227,3200,3200,0
6228,3200,3200,0
6229,3200,3200,0
6230,3200,3200,0
6231,3200,3200,0
6232,3200,3200,0
6233,3200,3200,0
6234,3200,3200,0
6235,3200,3200,0
6236,3200,3200,0
6237,3200,3200,0
6238,3200,3200,0
6239,3200,3200,0
6240,3200,3200,0
6241,3200,3200,0
6242,3200,3200,0
6243,3200,3200,0
6244,3200,3200,0
6245,3200,3200,0
6246,3200,3200,0
6247,3200,3200,0
6248,3200,3200,0
6249,3200,3200,0
6250,3200,3200,0
6251,3200,3200,0
6252,3200,3200,0
6253,3200,3200,0
6254,3200,3200,0
6255,3200,3200,0
6256,3200,3200,0
6257,3200,3200,0
6258,3200,3200,0
6259,3200,3200,0
6260,3200,3200,0
6261,3200,3200,0
6262,3200,3200,0
6263,3200,3200,0
6264,3200,3200,0
6265,3200,3200,0
6266,3200,3200,0
6267,3200,3200,0
6268,3200,3200,0
6269,3200,3200,0
6270,3200,3200,0
6271,3200,3200,0
6272,3200,3200,0
6273,3200,3200,0
6274,3200,3200,0
6275,3200,3200,0
6276,3200,3200,0
6277,3200,3200,0
6278,3200,3200,0
6279,3200,3200,0
6280,3200,3200,0
6281,3200,3200,0
6282,3200,3200,0
6283,3200,3200,0
6284,3200,3200,0
6285,3200,3200,0
6286,3200,3200,0
6287,3200,3200,0
6288,3200,3200,0
6289,3200,3200,0
6290,3200,3200,0
6291,3200,3200,0
6292,3200,3200,0
6293,3200,3200,0
6294,3200,3200,0
6295,3200,3200,0
6296,3200,3200,0
6297,3200,3200,0
6298,3200,3200,0
6299,3200,3200,0
6300,3200,3200,0
6301,3200,3200,0
6302,3200,3200,0
6303,3200,3200,0
6304,3200,3200,0
6305,3200,3200,0
6306,3200,3200,0
6307,3200,3200,0
6308,3200,3200,0
6309,3200,3200,0
6310,3200,3200,0
6311,3200,3200,0
6312,3200,3200,0
6313,3200,3200,0
6314,3200,3200,0
6315,3200,3200,0
6316,3200,3200,0
6317,3200,3200,0
6318,3200,3200,0
6319,3200,3200,0
6320,3200,3200,0
6321,3200,3200,0
6322,3200,3200,0
6323,3200,3200,0
6324,3200,3200,0
6325,3200,3200,0
6326,3200,3200,0
6327,3200,3200,0
6328,3200,3200,0
6329,3200,3200,0
6330,3200,3200,0
6331,3200,3200,0
6332,3200,3200,0
6333,3200,3200,0
6334,3200,3200,0
6335,3200,3200,0
6336,3200,3200,0
6337,3200,3200,0
6338,3200,3200,0
6339,3200,3200,0
6340,3200,3200,0
6341,3200,3200,0
6342,3200,3200,0
6343,3200,3200,0
6344,3200,3200,0
6345,3200,3200,0
6346,3200,3200,0
6347,3200,3200,0
6348,3200,3200,0
6349,3200,3200,0
6350,3200,3200,0
6351,3200,3200,0
6352,3200,3200,0
6353,3200,3200,0
6354,3200,3200,0
6355,3200,3200,0
6356,3200,3200,0
6357,3200,3200,0
6358,3200,3200,0
6359,3200,3200,0
6360,3200,3200,0
6361,3200,3200,0
6362,3200,3200,0
6363,3200,3200,0
6364,3200,3200,0
6365,3200,3200,0
6366,3200,3200,0
6367,3200,3200,0
6368,3200,3200,0
6369,3200,3200,0
6370,3200,3200,0
6371,3200,3200,0
6372,3200,3200,0
6373,3200,3200,0
6374,3200,3200,0
6375,3200,3200,0
6376,3200,3200,0
6377,3200,3200,0
6378,3200,3200,0
6379,3200,3200,0
6380,3200,3200,0
6381,3200,3200,0
6382,3200,3200,0
6383,3200,3200,0
6384,3200,3200,0
6385,3200,3200,0
6386,3200,3200,0
6387,3200,3200,0
6388,3200,3200,0
6389,3200,3200,0
6390,3200,3200,0
6391,3200,3200,0
6392,3200,3200,0
6393,3200,3200,0
6394,3200,3200,0
6395,3200,3200,0
6396,3200,3200,0
6397,3200,3200,0
6398,3200,3200,0
6399,3200,3200,0
6400,3200,3200,0
6401,3200,3200,0
6402,3200,3200,0
6403,3200,3200,0
6404,3200,3200,0
6405,3200,3200,0
6406,3200,3200,0
6407,3200,3200,0
6408,3200,3200,0
6409,3200,3200,0
6410,3200,3200,0
6411,3200,3200,0
6412,3200,3200,0
6413,3200,3200,0
6414,3200,3200,0
6415,3200,3200,0
6416,3200,3200,0
6417,3200,3200,0
6418,3200,3200,0
6419,3200,3200,0
6420,3200,3200,0
6421,3200,3200,0
6422,3200,3200,0
6423,3200,3200,0
6424,3200,3200,0
6425,3200,3200,0
6426,3200,3200,0
6427,3200,3200,0
6428,3200,3200,0
6429,3200,3200,0
6430,3200,3200,0
6431,3200,3200,0
6432,3200,3200,0
6433,3200,3200,0
6434,3200,3200,0
6435,3200,3200,0
6436,3200,3200,0
6437,3200,3200,0
6438,3200,3200,0
6439,3200,3200,0
6440,3200,3200,0
6441,3200,3200,0
6442,3200,3200,0
6443,3200,3200,0
6444,3200,3200,0
6445,3200,3200,0
6446,3200,3200,0
6447,3200,3200,0
6448,3200,3200,0
6449,3200,3200,0
6450,3200,3200,0
6451,3200,3200,0
6452,3200,3200,0
6453,3200,3200,0
6454,3200,3200,0
6455,3200,3200,0
6456,3200,3200,0
6457,3200,3200,0
6458,3200,3200,0
6459,3200,3200,0
6460,3200,3200,0
6461,3200,3200,0
6462,3200,3200,0
6463,3200,3200,0
6464,3200,3200,0
6465,3200,3200,0
6466,3200,3200,0
6467,3200,3200,0
6468,3200,3200,0
6469,3200,3200,0
6470,3200,3200,0
6471,3200,3200,0
6472,3200,3200,0
6473,3200,3200,0
6474,3200,3200,0
6475,3200,3200,0
6476,3200,3200,0
6477,3200,3200,0
6478,3200,3200,0
6479,3200,3200,0
6480,3200,3200,0
6481,3200,3200,0
6482,3200,3200,0
6483,3200,3200,0
6484,3200,3200,0
6485,3200,3200,0
6486,3200,3200,0
6487,3200,3200,0
6488,3200,3200,0
6489,3200,3200,0
6490,3200,3200,0
6491,3200,3200,0
6492,3200,3200,0
6493,3200,3200,0
6494,3200,3200,0
6495,3200,3200,0
6496,3200,3200,0
6497,3200,3200,0
6498,3200,3200,0
6499,3200,3200,0
6500,3200,3200,0
6501,3200,3200,0
6502,3200,3200,0
6503,3200,3200,0
6504,3200,3200,0
6505,3200,3200,0
6506,3200,3200,0
6507,3200,3200,0
6508,3200,3200,0
6509,3200,3200,0
6510,3200,3200,0
6511,3200,3200,0
6512,3200,3200,0
6513,3200,3200,0
6514,3200,3200,0
6515,3200,3200,0
6516,3200,3200,0
6517,3200,3200,0
6518,3200,3200,0
6519,3200,3200,0
6520,3200,3200,0
6521,3200,3200,0
6522,3200,3200,0
6523,3200,3200,0
6524,3200,3200,0
6525,3200,3200,0
6526,3200,3200,0
6527,3200,3200,0
6528,3200,3200,0
6529,3200,3200,0
6530,3200,3200,0
6531,3200,3200,0
6532,3200,3200,0
6533,3200,3200,0
6534,3200,3200,0
6535,3200,3200,0
6536,3200,3200,0
6537,3200,3200,0
6538,3200,3200,0
6539,3200,3200,0
6540,3200,3200,0
6541,3200,3200,0
6542,3200,3200,0
6543,3200,3200,0
6544,3200,3200,0
6545,3200,3200,0
6546,3200,3200,0
6547,3200,3200,0
6548,3200,3200,0
6549,3200,3200,0
6550,3200,3200,0
6551,3200,3200,0
6552,3200,3200,0
6553,3200,3200,0
6554,3200,3200,0
6555,3200,3200,0
6556,3200,3200,0
6557,3200,3200,0
6558,3200,3200,0
6559,3200,3200,0
6560,3200,3200,0
6561,3200,3200,0
6562,3200,3200,0
6563,3200,3200,0
6564,3200,3200,0
6565,3200,3200,0
6566,3200,3200,0
6567,3200,3200,0
6568,3200,3200,0
6569,3200,3200,0
6570,3200,3200,0
6571,3200,3200,0
6572,3200,3200,0
6573,3200,3200,0
6574,3200,3200,0
6575,3200,3200,0
6576,3200,3200,0
6577,3200,3200,0
6578,3200,3200,0
6579,3200,3200,0
6580,3200,3200,0
6581,3200,3200,0
6582,3200,3200,0
6583,3200,3200,0
6584,3200,3200,0
6585,3200,3200,0
6586,3200,3200,0
6587,3200,3200,0
6588,3200,3200,0
6589,3200,3200,0
6590,3200,3200,0
6591,3200,3200,0
6592,3200,3200,0
6593,3200,3200,0
6594,3200,3200,0
6595,3200,3200,0
6596,3200,3200,0
6597,3200,3200,0
6598,3200,3200,0
6599,3200,3200,0
6600,3200,3200,0
6601,3200,3200,0
6602,3200,3200,0
6603,3200,3200,0
6604,3200,3200,0
6605,3200,3200,0
6606,3200,3200,0
6607,3200,3200,0
6608,3200,3200,0
6609,3200,3200,0
6610,3200,3200,0
6611,3200,3200,0
6612,3200,3200,0
6613,3200,3200,0
6614,3200,3200,0
6615,3200,3200,0
6616,3200,3200,0
6617,3200,3200,0
6618,3200,3200,0
6619,3200,3200,0
6620,3200,3200,0
6621,3200,3200,0
6622,3200,3200,0
6623,3200,3200,0
6624,3200,3200,0
6625,3200,3200,0
6626,3200,3200,0
6627,3200,3200,0
6628,3200,3200,0
6629,3200,3200,0
6630,3200,3200,0
6631,3200,3200,0
6632,3200,3200,0
6633,3200,3200,0
6634,3200,3200,0
6635,3200,3200,0
6636,3200,3200,0
6637,3200,3200,0
6638,3200,3200,0
6639,3200,3200,0
6640,3200,3200,0
6641,3200,3200,0
6642,3200,3200,0
6643,3200,3200,0
6644,3200,3200,0
6645,3200,3200,0
6646,3200,3200,0
6647,3200,3200,0
6648,3200,3200,0
6649,3200,3200,0
6650,3200,3200,0
6651,3200,3200,0
6652,3200,3200,0
6653,3200,3200,0
6654,3200,3200,0
6655,3200,3200,0
6656,3200,3200,0
6657,3200,3200,0
6658,3200,3200,0
6659,3200,3200,0
6660,3200,3200,0
6661,3200,3200,0
6662,3200,3200,0
6663,3200,3200,0
6664,3200,3200,0
6665,3200,3200,0
6666,3200,3200,0
6667,3200,3200,0
6668,3200,3200,0
6669,3200,3200,0
6670,3200,3200,0
6671,3200,3200,0
6672,3200,3200,0
6673,3200,3200,0
6674,3200,3200,0
6675,3200,3200,0
6676,3200,3200,0
6677,3200,3200,0
6678,3200,3200,0
6679,3200,3200,0
6680,3200,3200,0
6681,3200,3200,0
6682,3200,3200,0
6683,3200,3200,0
6684,3200,3200,0
6685,3200,3200,0
6686,3200,3200,0
6687,3200,3200,0
6688,3200,3200,0
6689,3200,3200,0
6690,3200,3200,0
6691,3200,3200,0
6692,3200,3200,0
6693,3200,3200,0
6694,3200,3200,0
6695,3200,3200,0
6696,3200,3200,0
6697,3200,3200,0
6698,3200,3200,0
6699,3200,3200,0
6700,3200,3200,0
6701,3200,3200,0
6702,3200,3200,0
6703,3200,3200,0
6704,3200,3200,0
6705,3200,3200,0
6706,3200,3200,0
6707,3200,3200,0
6708,3200,3200,0
6709,3200,3200,0
6710,3200,3200,0
6711,3200,3200,0
6712,3200,3200,0
6713,3200,3200,0
6714,3200,3200,0
6715,3200,3200,0
6716,3200,3200,0
6717,3200,3200,0
6718,3200,3200,0
6719,3200,3200,0
6720,3200,3200,0
6721,3200,3200,0
6722,3200,3200,0
6723,3200,3200,0
6724,3200,3200,0
6725,3200,3200,0
6726,3200,3200,0
6727,3200,3200,0
6728,3200,3200,0
6729,3200,3200,0
6730,3200,3200,0
6731,3200,3200,0
6732,3200,3200,0
6733,3200,3200,0
6734,3200,3200,0
6735,3200,3200,0
6736,3200,3200,0
6737,3200,3200,0
6738,3200,3200,0
6739,3200,3200,0
6740,3200,3200,0
6741,3200,3200,0
6742,3200,3200,0
6743,3200,3200,0
6744,3200,3200,0
6745,3200,3200,0
6746,3200,3200,0
6747,3200,3200,0
6748,3200,3200,0
6749,3200,3200,0
6750,3200,3200,0
6751,3200,3200,0
6752,3200,3200,0
6753,3200,3200,0
6754,3200,3200,0
6755,3200,3200,0
6756,3200,3200,0
6757,3200,3200,0
6758,3200,3200,0
6759,3200,3200,0
6760,3200,3200,0
6761,3200,3200,0
6762,3200,3200,0
6763,3200,3200,0
6764,3200,3200,0
6765,3200,3200,0
6766,3200,3200,0
6767,3200,3200,0
6768,3200,3200,0
6769,3200,3200,0
6770,3200,3200,0
6771,3200,3200,0
6772,3200,3200,0
6773,3200,3200,0
6774,3200,3200,0
6775,3200,3200,0
6776,3200,3200,0
6777,3200,3200,0
6778,3200,3200,0
6779,3200,3200,0
6780,3200,3200,0
6781,3200,3200,0
6782,3200,3200,0
6783,3200,3200,0
6784,3200,3200,0
6785,3200,3200,0
6786,3200,3200,0
6787,3200,3200,0
6788,3200,3200,0
6789,3200,3200,0
6790,3200,3200,0
6791,3200,3200,0
6792,3200,3200,0
6793,3200,3200,0
6794,3200,3200,0
6795,3200,3200,0
6796,3200,3200,0
6797,3200,3200,0
6798,3200,3200,0
6799,3200,3200,0
6800,3200,3200,0
6801,3200,3200,0
6802,3200,3200,0
6803,3200,3200,0
6804,3200,3200,0
6805,3200,3200,0
6806,3200,3200,0
6807,3200,3200,0
6808,3200,3200,0
6809,3200,3200,0
6810,3200,3200,0
6811,3200,3200,0
6812,3200,3200,0
6813,3200,3200,0
6814,3200,3200,0
6815,3200,3200,0
6816,3200,3200,0
6817,3200,3200,0
6818,3200,3200,0
6819,3200,3200,0
6820,3200,3200,0
6821,3200,3200,0
6822,3200,3200,0
6823,3200,3200,0
6824,3200,3200,0
6825,3200,3200,0
6826,3200,3200,0
6827,3200,3200,0
6828,3200,3200,0
6829,3200,3200,0
6830,3200,3200,0
6831,3200,3200,0
6832,3200,3200,0
6833,3200,3200,0
6834,3200,3200,0
6835,3200,3200,0
6836,3200,3200,0
6837,3200,3200,0
6838,3200,3200,0
6839,3200,3200,0
6840,3200,3200,0
6841,3200,3200,0
6842,3200,3200,0
6843,3200,3200,0
6844,3200,3200,0
6845,3200,3200,0
6846,3200,3200,0
6847,3200,3200,0
6848,3200,3200,0
6849,3200,3200,0
6850,3200,3200,0
6851,3200,3200,0
6852,3200,3200,0
6853,3200,3200,0
6854,3200,3200,0
6855,3200,3200,0
6856,3200,3200,0
6857,3200,3200,0
6858,3200,3200,0
6859,3200,3200,0
6860,3200,3200,0
6861,3200,3200,0
6862,3200,3200,0
6863,3200,3200,0
6864,3200,3200,0
6865,3200,3200,0
6866,3200,3200,0
6867,3200,3200,0
6868,3200,3200,0
6869,3200,3200,0
6870,3200,3200,0
6871,3200,3200,0
6872,3200,3200,0
6873,3200,3200,0
6874,3200,3200,0
6875,3200,3200,0
6876,3200,3200,0
6877,3200,3200,0
6878,3200,3200,0
6879,3200,3200,0
6880,3200,3200,0
6881,3200,3200,0
6882,3200,3200,0
6883,3200,3200,0
6884,3200,3200,0
6885,3200,3200,0
6886,3200,3200,0
6887,3200,3200,0
6888,3200,3200,0
6889,3200,3200,0
6890,3200,3200,0
6891,3200,3200,0
6892,3200,3200,0
6893,3200,3200,0
6894,3200,3200,0
6895,3200,3200,0
6896,3200,3200,0
6897,3200,3200,0
6898,3200,3200,0
6899,3200,3200,0
6900,3200,3200,0
6901,3200,3200,0
6902,3200,3200,0
6903,3200,3200,0
6904,3200,3200,0
6905,3200,3200,0
6906,3200,3200,0
6907,3200,3200,0
6908,3200,3200,0
6909,3200,3200,0
6910,3200,3200,0
6911,3200,3200,0
6912,3200,3200,0
6913,3200,3200,0
6914,3200,3200,0
6915,3200,3200,0
6916,3200,3200,0
6917,3200,3200,0
6918,3200,3200,0
6919,3200,3200,0
6920,3200,3200,0
6921,3200,3200,0
6922,3200,3200,0
6923,3200,3200,0
6924,3200,3200,0
6925,3200,3200,0
6926,3200,3200,0
6927,3200,3200,0
6928,3200,3200,0
6929,3200,3200,0
6930,3200,3200,0
6931,3200,3200,0
6932,3200,3200,0
6933,3200,3200,0
6934,3200,3200,0
6935,3200,3200,0
6936,3200,3200,0
6937,3200,3200,0
6938,3200,3200,0
6939,3200,3200,0
6940,3200,3200,0
6941,3200,3200,0
6942,3200,3200,0
6943,3200,3200,0
6944,3200,3200,0
6945,3200,3200,0
6946,3200,3200,0
6947,3200,3200,0
6948,3200,3200,0
6949,3200,3200,0
6950,3200,3200,0
6951,3200,3200,0
6952,3200,3200,0
6953,3200,3200,0
6954,3200,3200,0
6955,3200,3200,0
6956,3200,3200,0
6957,3200,3200,0
6958,3200,3200,0
6959,3200,3200,0
6960,3200,3200,0
6961,3200,3200,0
6962,3200,3200,0
6963,3200,3200,0
6964,3200,3200,0
6965,3200,3200,0
6966,3200,3200,0
6967,3200,3200,0
6968,3200,3200,0
6969,3200,3200,0
6970,3200,3200,0
6971,3200,3200,0
6972,3200,3200,0
6973,3200,3200,0
6974,3200,3200,0
6975,3200,3200,0
6976,3200,3200,0
6977,3200,3200,0
6978,3200,3200,0
6979,3200,3200,0
6980,3200,3200,0
6981,3200,3200,0
6982,3200,3200,0
6983,3200,3200,0
6984,3200,3200,0
6985,3200,3200,0
6986,3200,3200,0
6987,3200,3200,0
6988,3200,3200,0
6989,3200,3200,0
6990,3200,3200,0
6991,3200,3200,0
6992,3200,3200,0
6993,3200,3200,0
6994,3200,3200,0
6995,3200,3200,0
6996,3200,3200,0
6997,3200,3200,0
6998,3200,3200,0
6999,3200,3200,0
7000,3200,3200,0
7001,3200,3200,0
7002,3200,3200,0
7003,3200,3200,0
7004,3200,3200,0
7005,3200,3200,0
7006,3200,3200,0
7007,3200,3200,0
7008,3200,3200,0
7009,3200,3200,0
7010,3200,3200,0
7011,3200,3200,0
7012,3200,3200,0
7013,3200,3200,0
7014,3200,3200,0
7015,3200,3200,0
7016,3200,3200,0
7017,3200,3200,0
7018,3200,3200,0
7019,3200,3200,0
7020,3200,3200,0
7021,3200,3200,0
7022,3200,3200,0
7023,3200,3200,0
7024,3200,3200,0
7025,3200,3200,0
7026,3200,3200,0
7027,3200,3200,0
7028,3200,3200,0
7029,3200,3200,0
7030,3200,3200,0
7031,3200,3200,0
7032,3200,3200,0
7033,3200,3200,0
7034,3200,3200,0
7035,3200,3200,0
7036,3200,3200,0
7037,3200,3200,0
7038,3200,3200,0
7039,3200,3200,0
7040,3200,3200,0
7041,3200,3200,0
7042,3200,3200,0
7043,3200,3200,0
7044,3200,3200,0
7045,3200,3200,0
7046,3200,3200,0
7047,3200,3200,0
7048,3200,3200,0
7049,3200,3200,0
7050,3200,3200,0
7051,3200,3200,0
7052,3200,3200,0
7053,3200,3200,0
7054,3200,3200,0
7055,3200,3200,0
7056,3200,3200,0
7057,3200,3200,0
7058,3200,3200,0
7059,3200,3200,0
7060,3200,3200,0
7061,3200,3200,0
7062,3200,3200,0
7063,3200,3200,0
7064,3200,3200,0
7065,3200,3200,0
7066,3200,3200,0
7067,3200,3200,0
7068,3200,3200,0
7069,3200,3200,0
7070,3200,3200,0
7071,3200,3200,0
7072,3200,3200,0
7073,3200,3200,0
7074,3200,3200,0
7075,3200,3200,0
7076,3200,3200,0
7077,3200,3200,0
7078,3200,3200,0
7079,3200,3200,0
7080,3200,3200,0
7081,3200,3200,0
7082,3200,3200,0
7083,3200,3200,0
7084,3200,3200,0
7085,3200,3200,0
7086,3200,3200,0
7087,3200,3200,0
7088,3200,3200,0
7089,3200,3200,0
7090,3200,3200,0
7091,3200,3200,0
7092,3200,3200,0
7093,3200,3200,0
7094,3200,3200,0
7095,3200,3200,0
7096,3200,3200,0
7097,3200,3200,0
7098,3200,3200,0
7099,3200,3200,0
7100,3200,3200,0
7101,3200,3200,0
7102,3200,3200,0
7103,3200,3200,0
7104,3200,3200,0
7105,3200,3200,0
7106,3200,3200,0
7107,3200,3200,0
7108,3200,3200,0
7109,3200,3200,0
7110,3200,3200,0
7111,3200,3200,0
7112,3200,3200,0
7113,3200,3200,0
7114,3200,3200,0
7115,3200,3200,0
7116,3200,3200,0
7117,3200,3200,0
7118,3200,3200,0
7119,3200,3200,0
7120,3200,3200,0
7121,3200,3200,0
7122,3200,3200,0
7123,3200,3200,0
7124,3200,3200,0
7125,3200,3200,0
7126,3200,3200,0
7127,3200,3200,0
7128,3200,3200,0
7129,3200,3200,0
7130,3200,3200,0
7131,3200,3200,0
7132,3200,3200,0
7133,3200,3200,0
7134,3200,3200,0
7135,3200,3200,0
7136,3200,3200,0
7137,3200,3200,0
7138,3200,3200,0
7139,3200,3200,0
7140,3200,3200,0
7141,3200,3200,0
7142,3200,3200,0
7143,3200,3200,0
7144,3200,3200,0
7145,3200,3200,0
7146,3200,3200,0
7147,3200,3200,0
7148,3200,3200,0
7149,3200,3200,0
7150,3200,3200,0
7151,3200,3200,0
7152,3200,3200,0
7153,3200,3200,0
7154,3200,3200,0
7155,3200,3200,0
7156,3200,3200,0
7157,3200,3200,0
7158,3200,3200,0
7159,3200,3200,0
7160,3200,3200,0
7161,3200,3200,0
7162,3200,3200,0
7163,3200,3200,0
7164,3200,3200,0
7165,3200,3200,0
7166,3200,3200,0
7167,3200,3200,0
7168,3200,3200,0
7169,3200,3200,0
7170,3200,3200,0
7171,3200,3200,0
7172,3200,3200,0
7173,3200,3200,0
7174,3200,3200,0
7175,3200,3200,0
7176,3200,3200,0
7177,3200,3200,0
7178,3200,3200,0
7179,3200,3200,0
7180,3200,3200,0
7181,3200,3200,0
7182,3200,3200,0
7183,3200,3200,0
7184,3200,3200,0
7185,3200,3200,0
7186,3200,3200,0
7187,3200,3200,0
7188,3200,3200,0
7189,3200,3200,0
7190,3200,3200,0
7191,3200,3200,0
7192,3200,3200,0
7193,3200,3200,0
7194,3200,3200,0
7195,3200,3200,0
7196,3200,3200,0
7197,3200,3200,0
7198,3200,3200,0
7199,3200,3200,0
7200,3200,3200,0
7201,3200,3200,0
7202,3200,3200,0
7203,3200,3200,0
7204,3200,3200,0
7205,3200,3200,0
7206,3200,3200,0
7207,3200,3200,0
7208,3200,3200,0
7209,3200,3200,0
7210,3200,3200,0
7211,3200,3200,0
7212,3200,3200,0
7213,3200,3200,0
7214,3200,3200,0
7215,3200,3200,0
7216,3200,3200,0
7217,3200,3200,0
7218,3200,3200,0
7219,3200,3200,0
7220,3200,3200,0
7221,3200,3200,0
7222,3200,3200,0
7223,3200,3200,0
7224,3200,3200,0
7225,3200,3200,0
7226,3200,3200,0
7227,3200,3200,0
7228,3200,3200,0
7229,3200,3200,0
7230,3200,3200,0
7231,3200,3200,0
7232,3200,3200,0
7233,3200,3200,0
7234,3200,3200,0
7235,3200,3200,0
7236,3200,3200,0
7237,3200,3200,0
7238,3200,3200,0
7239,3200,3200,0
7240,3200,3200,0
7241,3200,3200,0
7242,3200,3200,0
7243,3200,3200,0
7244,3200,3200,0
7245,3200,3200,0
7246,3200,3200,0
7247,3200,3200,0
7248,3200,3200,0
7249,3200,3200,0
7250,3200,3200,0
7251,3200,3200,0
7252,3200,3200,0
7253,3200,3200,0
7254,3200,3200,0
7255,3200,3200,0
7256,3200,3200,0
7257,3200,3200,0
7258,3200,3200,0
7259,3200,3200,0
7260,3200,3200,0
7261,3200,3200,0
7262,3200,3200,0
7263,3200,3200,0
7264,3200,3200,0
7265,3200,3200,0
7266,3200,3200,0
7267,3200,3200,0
7268,3200,3200,0
7269,3200,3200,0
7270,3200,3200,0
7271,3200,3200,0
7272,3200,3200,0
7273,3200,3200,0
7274,3200,3200,0
7275,3200,3200,0
7276,3200,3200,0
7277,3200,3200,0
7278,3200,3200,0
7279,3200,3200,0
7280,3200,3200,0
7281,3200,3200,0
7282,3200,3200,0
7283,3200,3200,0
7284,3200,3200,0
7285,3200,3200,0
7286,3200,3200,0
7287,3200,3200,0
7288,3200,3200,0
7289,3200,3200,0
7290,3200,3200,0
7291,3200,3200,0
7292,3200,3200,0
7293,3200,3200,0
7294,3200,3200,0
7295,3200,3200,0
7296,3200,3200,0
7297,3200,3200,0
7298,3200,3200,0
7299,3200,3200,0
7300,3200,3200,0
7301,3200,3200,0
7302,3200,3200,0
7303,3200,3200,0
7304,3200,3200,0
7305,3200,3200,0
7306,3200,3200,0
7307,3200,3200,0
7308,3200,3200,0
7309,3200,3200,0
7310,3200,3200,0
7311,3200,3200,0
7312,3200,3200,0
7313,3200,3200,0
7314,3200,3200,0
7315,3200,3200,0
7316,3200,3200,0
7317,3200,3200,0
7318,3200,3200,0
7319,3200,3200,0
7320,3200,3200,0
7321,3200,3200,0
7322,3200,3200,0
7323,3200,3200,0
7324,3200,3200,0
7325,3200,3200,0
7326,3200,3200,0
7327,3200,3200,0
7328,3200,3200,0
7329,3200,3200,0
7330,3200,3200,0
7331,3200,3200,0
7332,3200,3200,0
7333,3200,3200,0
7334,3200,3200,0
7335,3200,3200,0
7336,3200,3200,0
7337,3200,3200,0
7338,3200,3200,0
7339,3200,3200,0
7340,3200,3200,0
7341,3200,3200,0
7342,3200,3200,0
7343,3200,3200,0
7344,3200,3200,0
7345,3200,3200,0
7346,3200,3200,0
7347,3200,3200,0
7348,3200,3200,0
7349,3200,3200,0
7350,3200,3200,0
7351,3200,3200,0
7352,3200,3200,0
7353,3200,3200,0
7354,3200,3200,0
7355,3200,3200,0
7356,3200,3200,0
7357,3200,3200,0
7358,3200,3200,0
7359,3200,3200,0
7360,3200,3200,0
7361,3200,3200,0
7362,3200,3200,0
7363,3200,3200,0
7364,3200,3200,0
7365,3200,3200,0
7366,3200,3200,0
7367,3200,3200,0
7368,3200,3200,0
7369,3200,3200,0
7370,3200,3200,0
7371,3200,3200,0
7372,3200,3200,0
7373,3200,3200,0
7374,3200,3200,0
7375,3200,3200,0
7376,3200,3200,0
7377,3200,3200,0
7378,3200,3200,0
7379,3200,3200,0
7380,3200,3200,0
7381,3200,3200,0
7382,3200,3200,0
7383,3200,3200,0
7384,3200,3200,0
7385,3200,3200,0
7386,3200,3200,0
7387,3200,3200,0
7388,3200,3200,0
7389,3200,3200,0
7390,3200,3200,0
7391,3200,3200,0
7392,3200,3200,0
7393,3200,3200,0
7394,3200,3200,0
7395,3200,3200,0
7396,3200,3200,0
7397,3200,3200,0
7398,3200,3200,0
7399,3200,3200,0
7400,3200,3200,0
7401,3200,3200,0
7402,3200,3200,0
7403,3200,3200,0
7404,3200,3200,0
7405,3200,3200,0
7406,3200,3200,0
7407,3200,3200,0
7408,3200,3200,0
7409,3200,3200,0
7410,3200,3200,0
7411,3200,3200,0
7412,3200,3200,0
7413,3200,3200,0
7414,3200,3200,0
7415,3200,3200,0
7416,3200,3200,0
7417,3200,3200,0
7418,3200,3200,0
7419,3200,3200,0
7420,3200,3200,0
7421,3200,3200,0
7422,3200,3200,0
7423,3200,3200,0
7424,3200,3200,0
7425,3200,3200,0
7426,3200,3200,0
7427,3200,3200,0
7428,3200,3200,0
7429,3200,3200,0
7430,3200,3200,0
7431,3200,3200,0
7432,3200,3200,0
7433,3200,3200,0
7434,3200,3200,0
7435,3200,3200,0
7436,3200,3200,0
7437,3200,3200,0
7438,3200,3200,0
7439,3200,3200,0
7440,3200,3200,0
7441,3200,3200,0
7442,3200,3200,0
7443,3200,3200,0
7444,3200,3200,0
7445,3200,3200,0
7446,3200,3200,0
7447,3200,3200,0
7448,3200,3200,0
7449,3200,3200,0
7450,3200,3200,0
7451,3200,3200,0
7452,3200,3200,0
7453,3200,3200,0
7454,3200,3200,0
7455,3200,3200,0
7456,3200,3200,0
7457,3200,3200,0
7458,3200,3200,0
7459,3200,3200,0
7460,3200,3200,0
7461,3200,3200,0
7462,3200,3200,0
7463,3200,3200,0
7464,3200,3200,0
7465,3200,3200,0
7466,3200,3200,0
7467,3200,3200,0
7468,3200,3200,0
7469,3200,3200,0
7470,3200,3200,0
7471,3200,3200,0
7472,3200,3200,0
7473,3200,3200,0
7474,3200,3200,0
7475,3200,3200,0
7476,3200,3200,0
7477,3200,3200,0
7478,3200,3200,0
7479,3200,3200,0
7480,3200,3200,0
7481,3200,3200,0
7482,3200,3200,0
7483,3200,3200,0
7484,3200,3200,0
7485,3200,3200,0
7486,3200,3200,0
7487,3200,3200,0
7488,3200,3200,0
7489,3200,3200,0
7490,3200,3200,0
7491,3200,3200,0
7492,3200,3200,0
7493,3200,3200,0
7494,3200,3200,0
7495,3200,3200,0
7496,3200,3200,0
7497,3200,3200,0
7498,3200,3200,0
7499,3200,3200,0
7500,3200,3200,0
7501,3200,3200,0
7502,3200,3200,0
7503,3200,3200,0
7504,3200,3200,0
7505,3200,3200,0
7506,3200,3200,0
7507,3200,3200,0
7508,3200,3200,0
7509,3200,3200,0
7510,3200,3200,0
7511,3200,3200,0
7512,3200,3200,0
7513,3200,3200,0
7514,3200,3200,0
7515,3200,3200,0
7516,3200,3200,0
7517,3200,3200,0
7518,3200,3200,0
7519,3200,3200,0
7520,3200,3200,0
7521,3200,3200,0
7522,3200,3200,0
7523,3200,3200,0
7524,3200,3200,0
7525,3200,3200,0
7526,3200,3200,0
7527,3200,3200,0
7528,3200,3200,0
7529,3200,3200,0
7530,3200,3200,0
7531,3200,3200,0
7532,3200,3200,0
7533,3200,3200,0
7534,3200,3200,0
7535,3200,3200,0
7536,3200,3200,0
7537,3200,3200,0
7538,3200,3200,0
7539,3200,3200,0
7540,3200,3200,0
7541,3200,3200,0
7542,3200,3200,0
7543,3200,3200,0
7544,3200,3200,0
7545,3200,3200,0
7546,3200,3200,0
7547,3200,3200,0
7548,3200,3200,0
7549,3200,3200,0
7550,3200,3200,0
7551,3200,3200,0
7552,3200,3200,0
7553,3200,3200,0
7554,3200,3200,0
7555,3200,3200,0
7556,3200,3200,0
7557,3200,3200,0
7558,3200,3200,0
7559,3200,3200,0
7560,3200,3200,0
7561,3200,3200,0
7562,3200,3200,0
7563,3200,3200,0
7564,3200,3200,0
7565,3200,3200,0
7566,3200,3200,0
7567,3200,3200,0
7568,3200,3200,0
7569,3200,3200,0
7570,3200,3200,0
7571,3200,3200,0
7572,3200,3200,0
7573,3200,3200,0
7574,3200,3200,0
7575,3200,3200,0
7576,3200,3200,0
7577,3200,3200,0
7578,3200,3200,0
7579,3200,3200,0
7580,3200,3200,0
7581,3200,3200,0
7582,3200,3200,0
7583,3200,3200,0
7584,3200,3200,0
7585,3200,3200,0
7586,3200,3200,0
7587,3200,3200,0
7588,3200,3200,0
7589,3200,3200,0
7590,3200,3200,0
7591,3200,3200,0
7592,3200,3200,0
7593,3200,3200,0
7594,3200,3200,0
7595,3200,3200,0
7596,3200,3200,0
7597,3200,3200,0
7598,3200,3200,0
7599,3200,3200,0
7600,3200,3200,0
7601,3200,3200,0
7602,3200,3200,0
7603,3200,3200,0
7604,3200,3200,0
7605,3200,3200,0
7606,3200,3200,0
7607,3200,3200,0
7608,3200,3200,0
7609,3200,3200,0
7610,3200,3200,0
7611,3200,3200,0
7612,3200,3200,0
7613,3200,3200,0
7614,3200,3200,0
7615,3200,3200,0
7616,3200,3200,0
7617,3200,3200,0
7618,3200,3200,0
7619,3200,3200,0
7620,3200,3200,0
7621,3200,3200,0
7622,3200,3200,0
7623,3200,3200,0
7624,3200,3200,0
7625,3200,3200,0
7626,3200,3200,0
7627,3200,3200,0
7628,3200,3200,0
7629,3200,3200,0
7630,3200,3200,0
7631,3200,3200,0
7632,3200,3200,0
7633,3200,3200,0
7634,3200,3200,0
7635,3200,3200,0
7636,3200,3200,0
7637,3200,3200,0
7638,3200,3200,0
7639,3200,3200,0
7640,3200,3200,0
7641,3200,3200,0
7642,3200,3200,0
7643,3200,3200,0
7644,3200,3200,0
7645,3200,3200,0
7646,3200,3200,0
7647,3200,3200,0
7648,3200,3200,0
7649,3200,3200,0
7650,3200,3200,0
7651,3200,3200,0
7652,3200,3200,0
7653,3200,3200,0
7654,3200,3200,0
7655,3200,3200,0
7656,3200,3200,0
7657,3200,3200,0
7658,3200,3200,0
7659,3200,3200,0
7660,3200,3200,0
7661,3200,3200,0
7662,3200,3200,0
7663,3200,3200,0
7664,3200,3200,0
7665,3200,3200,0
7666,3200,3200,0
7667,3200,3200,0
7668,3200,3200,0
7669,3200,3200,0
7670,3200,3200,0
7671,3200,3200,0
7672,3200,3200,0
7673,3200,3200,0
7674,3200,3200,0
7675,3200,3200,0
7676,3200,3200,0
7677,3200,3200,0
7678,3200,3200,0
7679,3200,3200,0
7680,3200,3200,0
7681,3200,3200,0
7682,3200,3200,0
7683,3200,3200,0
7684,3200,3200,0
7685,3200,3200,0
7686,3200,3200,0
7687,3200,3200,0
7688,3200,3200,0
7689,3200,3200,0
7690,3200,3200,0
7691,3200,3200,0
7692,3200,3200,0
7693,3200,3200,0
7694,3200,3200,0
7695,3200,3200,0
7696,3200,3200,0
7697,3200,3200,0
7698,3200,3200,0
7699,3200,3200,0
7700,3200,3200,0
7701,3200,3200,0
7702,3200,3200,0
7703,3200,3200,0
7704,3200,3200,0
7705,3200,3200,0
7706,3200,3200,0
7707,3200,3200,0
7708,3200,3200,0
7709,3200,3200,0
7710,3200,3200,0
7711,3200,3200,0
7712,3200,3200,0
7713,3200,3200,0
7714,3200,3200,0
7715,3200,3200,0
7716,3200,3200,0
7717,3200,3200,0
7718,3200,3200,0
7719,3200,3200,0
7720,3200,3200,0
7721,3200,3200,0
7722,3200,3200,0
7723,3200,3200,0
7724,3200,3200,0
7725,3200,3200,0
7726,3200,3200,0
7727,3200,3200,0
7728,3200,3200,0
7729,3200,3200,0
7730,3200,3200,0
7731,3200,3200,0
7732,3200,3200,0
7733,3200,3200,0
7734,3200,3200,0
7735,3200,3200,0
7736,3200,3200,0
7737,3200,3200,0
7738,3200,3200,0
7739,3200,3200,0
7740,3200,3200,0
7741,3200,3200,0
7742,3200,3200,0
7743,3200,3200,0
7744,3200,3200,0
7745,3200,3200,0
7746,3200,3200,0
7747,3200,3200,0
7748,3200,3200,0
7749,3200,3200,0
7750,3200,3200,0
7751,3200,3200,0
7752,3200,3200,0
7753,3200,3200,0
7754,3200,3200,0
7755,3200,3200,0
7756,3200,3200,0
7757,3200,3200,0
7758,3200,3200,0
7759,3200,3200,0
7760,3200,3200,0
7761,3200,3200,0
7762,3200,3200,0
7763,3200,3200,0
7764,3200,3200,0
7765,3200,3200,0
7766,3200,3200,0
7767,3200,3200,0
7768,3200,3200,0
7769,3200,3200,0
7770,3200,3200,0
7771,3200,3200,0
7772,3200,3200,0
7773,3200,3200,0
7774,3200,3200,0
7775,3200,3200,0
7776,3200,3200,0
7777,3200,3200,0
7778,3200,3200,0
7779,3200,3200,0
7780,3200,3200,0
7781,3200,3200,0
7782,3200,3200,0
7783,3200,3200,0
7784,3200,3200,0
7785,3200,3200,0
7786,3200,3200,0
7787,3200,3200,0
7788,3200,3200,0
7789,3200,3200,0
7790,3200,3200,0
7791,3200,3200,0
7792,3200,3200,0
7793,3200,3200,0
7794,3200,3200,0
7795,3200,3200,0
7796,3200,3200,0
7797,3200,3200,0
7798,3200,3200,0
7799,3200,3200,0
7800,3200,3200,0
7801,3200,3200,0
7802,3200,3200,0
7803,3200,3200,0
7804,3200,3200,0
7805,3200,3200,0
7806,3200,3200,0
7807,3200,3200,0
7808,3200,3200,0
7809,3200,3200,0
7810,3200,3200,0
7811,3200,3200,0
7812,3200,3200,0
7813,3200,3200,0
7814,3200,3200,0
7815,3200,3200,0
7816,3200,3200,0
7817,3200,3200,0
7818,3200,3200,0
7819,3200,3200,0
7820,3200,3200,0
7821,3200,3200,0
7822,3200,3200,0
7823,3200,3200,0
7824,3200,3200,0
7825,3200,3200,0
7826,3200,3200,0
7827,3200,3200,0
7828,3200,3200,0
7829,3200,3200,0
7830,3200,3200,0
7831,3200,3200,0
7832,3200,3200,0
7833,3200,3200,0
7834,3200,3200,0
7835,3200,3200,0
7836,3200,3200,0
7837,3200,3200,0
7838,3200,3200,0
7839,3200,3200,0
7840,3200,3200,0
7841,3200,3200,0
7842,3200,3200,0
7843,3200,3200,0
7844,3200,3200,0
7845,3200,3200,0
7846,3200,3200,0
7847,3200,3200,0
7848,3200,3200,0
7849,3200,3200,0
7850,3200,3200,0
7851,3200,3200,0
7852,3200,3200,0
7853,3200,3200,0
7854,3200,3200,0
7855,3200,3200,0
7856,3200,3200,0
7857,3200,3200,0
7858,3200,3200,0
7859,3200,3200,0
7860,3200,3200,0
7861,3200,3200,0
7862,3200,3200,0
7863,3200,3200,0
7864,3200,3200,0
7865,3200,3200,0
7866,3200,3200,0
7867,3200,3200,0
7868,3200,3200,0
7869,3200,3200,0
7870,3200,3200,0
7871,3200,3200,0
7872,3200,3200,0
7873,3200,3200,0
7874,3200,3200,0
7875,3200,3200,0
7876,3200,3200,0
7877,3200,3200,0
7878,3200,3200,0
7879,3200,3200,0
7880,3200,3200,0
7881,3200,3200,0
7882,3200,3200,0
7883,3200,3200,0
7884,3200,3200,0
7885,3200,3200,0
7886,3200,3200,0
7887,3200,3200,0
7888,3200,3200,0
7889,3200,3200,0
7890,3200,3200,0
7891,3200,3200,0
7892,3200,3200,0
7893,3200,3200,0
7894,3200,3200,0
7895,3200,3200,0
7896,3200,3200,0
7897,3200,3200,0
7898,3200,3200,0
7899,3200,3200,0
7900,3200,3200,0
7901,3200,3200,0
7902,3200,3200,0
7903,3200,3200,0
7904,3200,3200,0
7905,3200,3200,0
7906,3200,3200,0
7907,3200,3200,0
7908,3200,3200,0
7909,3200,3200,0
7910,3200,3200,0
7911,3200,3200,0
7912,3200,3200,0
7913,3200,3200,0
7914,3200,3200,0
7915,3200,3200,0
7916,3200,3200,0
7917,3200,3200,0
7918,3200,3200,0
7919,3200,3200,0
7920,3200,3200,0
7921,3200,3200,0
7922,3200,3200,0
7923,3200,3200,0
7924,3200,3200,0
7925,3200,3200,0
7926,3200,3200,0
7927,3200,3200,0
7928,3200,3200,0
7929,3200,3200,0
7930,3200,3200,0
7931,3200,3200,0
7932,3200,3200,0
7933,3200,3200,0
7934,3200,3200,0
7935,3200,3200,0
7936,3200,3200,0
7937,3200,3200,0
7938,3200,3200,0
7939,3200,3200,0
7940,3200,3200,0
7941,3200,3200,0
7942,3200,3200,0
7943,3200,3200,0
7944,3200,3200,0
7945,3200,3200,0
7946,3200,3200,0
7947,3200,3200,0
7948,3200,3200,0
7949,3200,3200,0
7950,3200,3200,0
7951,3200,3200,0
7952,3200,3200,0
7953,3200,3200,0
7954,3200,3200,0
7955,3200,3200,0
7956,3200,3200,0
7957,3200,3200,0
7958,3200,3200,0
7959,3200,3200,0
7960,3200,3200,0
7961,3200,3200,0
7962,3200,3200,0
7963,3200,3200,0
7964,3200,3200,0
7965,3200,3200,0
7966,3200,3200,0
7967,3200,3200,0
7968,3200,3200,0
7969,3200,3200,0
7970,3200,3200,0
7971,3200,3200,0
7972,3200,3200,0
7973,3200,3200,0
7974,3200,3200,0
7975,3200,3200,0
7976,3200,3200,0
7977,3200,3200,0
7978,3200,3200,0
7979,3200,3200,0
7980,3200,3200,0
7981,3200,3200,0
7982,3200,3200,0
7983,3200,3200,0
7984,3200,3200,0
7985,3200,3200,0
7986,3200,3200,0
7987,3200,3200,0
7988,3200,3200,0
7989,3200,3200,0
7990,3200,3200,0
7991,3200,3200,0
7992,3200,3200,0
7993,3200,3200,0
7994,3200,3200,0
7995,3200,3200,0
7996,3200,3200,0
7997,3200,3200,0
7998,3200,3200,0
7999,3200,3200,0
8000,3200,3200,0
8001,3200,3200,0
8002,3200,3200,0
8003,3200,3200,0
8004,3200,3200,0
8005,3200,3200,0
8006,3200,3200,0
8007,3200,3200,0
8008,3200,3200,0
8009,3200,3200,0
8010,3200,3200,0
8011,3200,3200,0
8012,3200,3200,0
8013,3200,3200,0
8014,3200,3200,0
8015,3200,3200,0
8016,3200,3200,0
8017,3200,3200,0
8018,3200,3200,0
8019,3200,3200,0
8020,3200,3200,0
8021,3200,3200,0
8022,3200,3200,0
8023,3200,3200,0
8024,3200,3200,0
8025,3200,3200,0
8026,3200,3200,0
8027,3200,3200,0
8028,3200,3200,0
8029,3200,3200,0
8030,3200,3200,0
8031,3200,3200,0
8032,3200,3200,0
8033,3200,3200,0
8034,3200,3200,0
8035,3200,3200,0
8036,3200,3200,0
8037,3200,3200,0
8038,3200,3200,0
8039,3200,3200,0
8040,3200,3200,0
8041,3200,3200,0
8042,3200,3200,0
8043,3200,3200,0
8044,3200,3200,0
8045,3200,3200,0
8046,3200,3200,0
8047,3200,3200,0
8048,3200,3200,0
8049,3200,3200,0
8050,3200,3200,0
8051,3200,3200,0
8052,3200,3200,0
8053,3200,3200,0
8054,3200,3200,0
8055,3200,3200,0
8056,3200,3200,0
8057,3200,3200,0
8058,3200,3200,0
8059,3200,3200,0
8060,3200,3200,0
8061,3200,3200,0
8062,3200,3200,0
8063,3200,3200,0
8064,3200,3200,0
8065,3200,3200,0
8066,3200,3200,0
8067,3200,3200,0
8068,3200,3200,0
8069,3200,3200,0
8070,3200,3200,0
8071,3200,3200,0
8072,3200,3200,0
8073,3200,3200,0
8074,3200,3200,0
8075,3200,3200,0
8076,3200,3200,0
8077,3200,3200,0
8078,3200,3200,0
8079,3200,3200,0
8080,3200,3200,0
8081,3200,3200,0
8082,3200,3200,0
8083,3200,3200,0
8084,3200,3200,0
8085,3200,3200,0
8086,3200,3200,0
8087,3200,3200,0
8088,3200,3200,0
8089,3200,3200,0
8090,3200,3200,0
8091,3200,3200,0
8092,3200,3200,0
8093,3200,3200,0
8094,3200,3200,0
8095,3200,3200,0
8096,3200,3200,0
8097,3200,3200,0
8098,3200,3200,0
8099,3200,3200,0
8100,3200,3200,0
8101,3200,3200,0
8102,3200,3200,0
8103,3200,3200,0
8104,3200,3200,0
8105,3200,3200,0
8106,3200,3200,0
8107,3200,3200,0
8108,3200,3200,0
8109,3200,3200,0
8110,3200,3200,0
8111,3200,3200,0
8112,3200,3200,0
8113,3200,3200,0
8114,3200,3200,0
8115,3200,3200,0
8116,3200,3200,0
8117,3200,3200,0
8118,3200,3200,0
8119,3200,3200,0
8120,3200,3200,0
8121,3200,3200,0
8122,3200,3200,0
8123,3200,3200,0
8124,3200,3200,0
8125,3200,3200,0
8126,3200,3200,0
8127,3200,3200,0
8128,3200,3200,0
8129,3200,3200,0
8130,3200,3200,0
8131,3200,3200,0
8132,3200,3200,0
8133,3200,3200,0
8134,3200,3200,0
8135,3200,3200,0
8136,3200,3200,0
8137,3200,3200,0
8138,3200,3200,0
8139,3200,3200,0
8140,3200,3200,0
8141,3200,3200,0
8142,3200,3200,0
8143,3200,3200,0
8144,3200,3200,0
8145,3200,3200,0
8146,3200,3200,0
8147,3200,3200,0
8148,3200,3200,0
8149,3200,3200,0
8150,3200,3200,0
8151,3200,3200,0
8152,3200,3200,0
8153,3200,3200,0
8154,3200,3200,0
8155,3200,3200,0
8156,3200,3200,0
8157,3200,3200,0
8158,3200,3200,0
8159,3200,3200,0
8160,3200,3200,0
8161,3200,3200,0
8162,3200,3200,0
8163,3200,3200,0
8164,3200,3200,0
8165,3200,3200,0
8166,3200,3200,0
8167,3200,3200,0
8168,3200,3200,0
8169,3200,3200,0
8170,3200,3200,0
8171,3200,3200,0
8172,3200,3200,0
8173,3200,3200,0
8174,3200,3200,0
8175,3200,3200,0
8176,3200,3200,0
8177,3200,3200,0
8178,3200,3200,0
8179,3200,3200,0
8180,3200,3200,0
8181,3200,3200,0
8182,3200,3200,0
8183,3200,3200,0
8184,3200,3200,0
8185,3200,3200,0
8186,3200,3200,0
8187,3200,3200,0
8188,3200,3200,0
8189,3200,3200,0
8190,3200,3200,0
8191,3200,3200,0
8192,3200,3200,0
8193,3200,3200,0
8194,3200,3200,0
8195,3200,3200,0
8196,3200,3200,0
8197,3200,3200,0
8198,3200,3200,0
8199,3200,3200,0
8200,3200,3200,0
8201,3200,3200,0
8202,3200,3200,0
8203,3200,3200,0
8204,3200,3200,0
8205,3200,3200,0
8206,3200,3200,0
8207,3200,3200,0
8208,3200,3200,0
8209,3200,3200,0
8210,3200,3200,0
8211,3200,3200,0
8212,3200,3200,0
8213,3200,3200,0
8214,3200,3200,0
8215,3200,3200,0
8216,3200,3200,0
8217,3200,3200,0
8218,3200,3200,0
8219,3200,3200,0
8220,3200,3200,0
8221,3200,3200,0
8222,3200,3200,0
8223,3200,3200,0
8224,3200,3200,0
8225,3200,3200,0
8226,3200,3200,0
8227,3200,3200,0
8228,3200,3200,0
8229,3200,3200,0
8230,3200,3200,0
8231,3200,3200,0
8232,3200,3200,0
8233,3200,3200,0
8234,3200,3200,0
8235,3200,3200,0
8236,3200,3200,0
8237,3200,3200,0
8238,3200,3200,0
8239,3200,3200,0
8240,3200,3200,0
8241,3200,3200,0
8242,3200,3200,0
8243,3200,3200,0
8244,3200,3200,0
8245,3200,3200,0
8246,3200,3200,0
8247,3200,3200,0
8248,3200,3200,0
8249,3200,3200,0
8250,3200,3200,0
8251,3200,3200,0
8252,3200,3200,0
8253,3200,3200,0
8254,3200,3200,0
8255,3200,3200,0
8256,3200,3200,0
8257,3200,3200,0
8258,3200,3200,0
8259,3200,3200,0
8260,3200,3200,0
8261,3200,3200,0
8262,3200,3200,0
8263,3200,3200,0
8264,3200,3200,0
8265,3200,3200,0
8266,3200,3200,0
8267,3200,3200,0
8268,3200,3200,0
8269,3200,3200,0
8270,3200,3200,0
8271,3200,3200,0
8272,3200,3200,0
8273,3200,3200,0
8274,3200,3200,0
8275,3200,3200,0
8276,3200,3200,0
8277,3200,3200,0
8278,3200,3200,0
8279,3200,3200,0
8280,3200,3200,0
8281,3200,3200,0
8282,3200,3200,0
8283,3200,3200,0
8284,3200,3200,0
8285,3200,3200,0
8286,3200,3200,0
8287,3200,3200,0
8288,3200,3200,0
8289,3200,3200,0
8290,3200,3200,0
8291,3200,3200,0
8292,3200,3200,0
8293,3200,3200,0
8294,3200,3200,0
8295,3200,3200,0
8296,3200,3200,0
8297,3200,3200,0
8298,3200,3200,0
8299,3200,3200,0
8300,3200,3200,0
8301,3200,3200,0
8302,3200,3200,0
8303,3200,3200,0
8304,3200,3200,0
8305,3200,3200,0
8306,3200,3200,0
8307,3200,3200,0
8308,3200,3200,0
8309,3200,3200,0
8310,3200,3200,0
8311,3200,3200,0
8312,3200,3200,0
8313,3200,3200,0
8314,3200,3200,0
8315,3200,3200,0
8316,3200,3200,0
8317,3200,3200,0
8318,3200,3200,0
8319,3200,3200,0
8320,3200,3200,0
8321,3200,3200,0
8322,3200,3200,0
8323,3200,3200,0
8324,3200,3200,0
8325,3200,3200,0
8326,3200,3200,0
8327,3200,3200,0
8328,3200,3200,0
8329,3200,3200,0
8330,3200,3200,0
8331,3200,3200,0
8332,3200,3200,0
8333,3200,3200,0
8334,3200,3200,0
8335,3200,3200,0
8336,3200,3200,0
8337,3200,3200,0
8338,3200,3200,0
8339,3200,3200,0
8340,3200,3200,0
8341,3200,3200,0
8342,3200,3200,0
8343,3200,3200,0
8344,3200,3200,0
8345,3200,3200,0
8346,3200,3200,0
8347,3200,3200,0
8348,3200,3200,0
8349,3200,3200,0
8350,3200,3200,0
8351,3200,3200,0
8352,3200,3200,0
8353,3200,3200,0
8354,3200,3200,0
8355,3200,3200,0
8356,3200,3200,0
8357,3200,3200,0
8358,3200,3200,0
8359,3200,3200,0
8360,3200,3200,0
8361,3200,3200,0
8362,3200,3200,0
8363,3200,3200,0
8364,3200,3200,0
8365,3200,3200,0
8366,3200,3200,0
8367,3200,3200,0
8368,3200,3200,0
8369,3200,3200,0
8370,3200,3200,0
8371,3200,3200,0
8372,3200,3200,0
8373,3200,3200,0
8374,3200,3200,0
8375,3200,3200,0
8376,3200,3200,0
8377,3200,3200,0
8378,3200,3200,0
8379,3200,3200,0
8380,3200,3200,0
8381,3200,3200,0
8382,3200,3200,0
8383,3200,3200,0
8384,3200,3200,0
8385,3200,3200,0
8386,3200,3200,0
8387,3200,3200,0
8388,3200,3200,0
8389,3200,3200,0
8390,3200,3200,0
8391,3200,3200,0
8392,3200,3200,0
8393,3200,3200,0
8394,3200,3200,0
8395,3200,3200,0
8396,3200,3200,0
8397,3200,3200,0
8398,3200,3200,0
8399,3200,3200,0
8400,3200,3200,0
8401,3200,3200,0
8402,3200,3200,0
8403,3200,3200,0
8404,3200,3200,0
8405,3200,3200,0
8406,3200,3200,0
8407,3200,3200,0
8408,3200,3200,0
8409,3200,3200,0
8410,3200,3200,0
8411,3200,3200,0
8412,3200,3200,0
8413,3200,3200,0
8414,3200,3200,0
8415,3200,3200,0
8416,3200,3200,0
8417,3200,3200,0
8418,3200,3200,0
8419,3200,3200,0
8420,3200,3200,0
8421,3200,3200,0
8422,3200,3200,0
8423,3200,3200,0
8424,3200,3200,0
8425,3200,3200,0
8426,3200,3200,0
8427,3200,3200,0
8428,3200,3200,0
8429,3200,3200,0
8430,3200,3200,0
8431,3200,3200,0
8432,3200,3200,0
8433,3200,3200,0
8434,3200,3200,0
8435,3200,3200,0
8436,3200,3200,0
8437,3200,3200,0
8438,3200,3200,0
8439,3200,3200,0
8440,3200,3200,0
8441,3200,3200,0
8442,3200,3200,0
8443,3200,3200,0
8444,3200,3200,0
8445,3200,3200,0
8446,3200,3200,0
8447,3200,3200,0
8448,3200,3200,0
8449,3200,3200,0
8450,3200,3200,0
8451,3200,3200,0
8452,3200,3200,0
8453,3200,3200,0
8454,3200,3200,0
8455,3200,3200,0
8456,3200,3200,0
8457,3200,3200,0
8458,3200,3200,0
8459,3200,3200,0
8460,3200,3200,0
8461,3200,3200,0
8462,3200,3200,0
8463,3200,3200,0
8464,3200,3200,0
8465,3200,3200,0
8466,3200,3200,0
8467,3200,3200,0
8468,3200,3200,0
8469,3200,3200,0
8470,3200,3200,0
8471,3200,3200,0
8472,3200,3200,0
8473,3200,3200,0
8474,3200,3200,0
8475,3200,3200,0
8476,3200,3200,0
8477,3200,3200,0
8478,3200,3200,0
8479,3200,3200,0
8480,3200,3200,0
8481,3200,3200,0
8482,3200,3200,0
8483,3200,3200,0
8484,3200,3200,0
8485,3200,3200,0
8486,3200,3200,0
8487,3200,3200,0
8488,3200,3200,0
8489,3200,3200,0
8490,3200,3200,0
8491,3200,3200,0
8492,3200,3200,0
8493,3200,3200,0
8494,3200,3200,0
8495,3200,3200,0
8496,3200,3200,0
8497,3200,3200,0
8498,3200,3200,0
8499,3200,3200,0
8500,3200,3200,0
8501,3200,3200,0
8502,3200,3200,0
8503,3200,3200,0
8504,3200,3200,0
8505,3200,3200,0
8506,3200,3200,0
8507,3200,3200,0
8508,3200,3200,0
8509,3200,3200,0
8510,3200,3200,0
8511,3200,3200,0
8512,3200,3200,0
8513,3200,3200,0
8514,3200,3200,0
8515,3200,3200,0
8516,3200,3200,0
8517,3200,3200,0
8518,3200,3200,0
8519,3200,3200,0
8520,3200,3200,0
8521,3200,3200,0
8522,3200,3200,0
8523,3200,3200,0
8524,3200,3200,0
8525,3200,3200,0
8526,3200,3200,0
8527,3200,3200,0
8528,3200,3200,0
8529,3200,3200,0
8530,3200,3200,0
8531,3200,3200,0
8532,3200,3200,0
8533,3200,3200,0
8534,3200,3200,0
8535,3200,3200,0
8536,3200,3200,0
8537,3200,3200,0
8538,3200,3200,0
8539,3200,3200,0
8540,3200,3200,0
8541,3200,3200,0
8542,3200,3200,0
8543,3200,3200,0
8544,3200,3200,0
8545,3200,3200,0
8546,3200,3200,0
8547,3200,3200,0
8548,3200,3200,0
8549,3200,3200,0
8550,3200,3200,0
8551,3200,3200,0
8552,3200,3200,0
8553,3200,3200,0
8554,3200,3200,0
8555,3200,3200,0
8556,3200,3200,0
8557,3200,3200,0
8558,3200,3200,0
8559,3200,3200,0
8560,3200,3200,0
8561,3200,3200,0
8562,3200,3200,0
8563,3200,3200,0
8564,3200,3200,0
8565,3200,3200,0
8566,3200,3200,0
8567,3200,3200,0
8568,3200,3200,0
8569,3200,3200,0
8570,3200,3200,0
8571,3200,3200,0
8572,3200,3200,0
8573,3200,3200,0
8574,3200,3200,0
8575,3200,3200,0
8576,3200,3200,0
8577,3200,3200,0
8578,3200,3200,0
8579,3200,3200,0
8580,3200,3200,0
8581,3200,3200,0
8582,3200,3200,0
8583,3200,3200,0
8584,3200,3200,0
8585,3200,3200,0
8586,3200,3200,0
8587,3200,3200,0
8588,3200,3200,0
8589,3200,3200,0
8590,3200,3200,0
8591,3200,3200,0
8592,3200,3200,0
8593,3200,3200,0
8594,3200,3200,0
8595,3200,3200,0
8596,3200,3200,0
8597,3200,3200,0
8598,3200,3200,0
8599,3200,3200,0
8600,3200,3200,0
8601,3200,3200,0
8602,3200,3200,0
8603,3200,3200,0
8604,3200,3200,0
8605,3200,3200,0
8606,3200,3200,0
8607,3200,3200,0
8608,3200,3200,0
8609,3200,3200,0
8610,3200,3200,0
8611,3200,3200,0
8612,3200,3200,0
8613,3200,3200,0
8614,3200,3200,0
8615,3200,3200,0
8616,3200,3200,0
8617,3200,3200,0
8618,3200,3200,0
8619,3200,3200,0
8620,3200,3200,0
8621,3200,3200,0
8622,3200,3200,0
8623,3200,3200,0
8624,3200,3200,0
8625,3200,3200,0
8626,3200,3200,0
8627,3200,3200,0
8628,3200,3200,0
8629,3200,3200,0
8630,3200,3200,0
8631,3200,3200,0
8632,3200,3200,0
8633,3200,3200,0
8634,3200,3200,0
8635,3200,3200,0
8636,3200,3200,0
8637,3200,3200,0
8638,3200,3200,0
8639,3200,3200,0
8640,3200,3200,0
8641,3200,3200,0
8642,3200,3200,0
8643,3200,3200,0
8644,3200,3200,0
8645,3200,3200,0
8646,3200,3200,0
8647,3200,3200,0
8648,3200,3200,0
8649,3200,3200,0
8650,3200,3200,0
8651,3200,3200,0
8652,3200,3200,0
8653,3200,3200,0
8654,3200,3200,0
8655,3200,3200,0
8656,3200,3200,0
8657,3200,3200,0
8658,3200,3200,0
8659,3200,3200,0
8660,3200,3200,0
8661,3200,3200,0
8662,3200,3200,0
8663,3200,3200,0
8664,3200,3200,0
8665,3200,3200,0
8666,3200,3200,0
8667,3200,3200,0
8668,3200,3200,0
8669,3200,3200,0
8670,3200,3200,0
8671,3200,3200,0
8672,3200,3200,0
8673,3200,3200,0
8674,3200,3200,0
8675,3200,3200,0
8676,3200,3200,0
8677,3200,3200,0
8678,3200,3200,0
8679,3200,3200,0
8680,3200,3200,0
8681,3200,3200,0
8682,3200,3200,0
8683,3200,3200,0
8684,3200,3200,0
8685,3200,3200,0
8686,3200,3200,0
8687,3200,3200,0
8688,3200,3200,0
8689,3200,3200,0
8690,3200,3200,0
8691,3200,3200,0
8692,3200,3200,0
8693,3200,3200,0
8694,3200,3200,0
8695,3200,3200,0
8696,3200,3200,0
8697,3200,3200,0
8698,3200,3200,0
8699,3200,3200,0
8700,3200,3200,0
8701,3200,3200,0
8702,3200,3200,0
8703,3200,3200,0
8704,3200,3200,0
8705,3200,3200,0
8706,3200,3200,0
8707,3200,3200,0
8708,3200,3200,0
8709,3200,3200,0
8710,3200,3200,0
8711,3200,3200,0
8712,3200,3200,0
8713,3200,3200,0
8714,3200,3200,0
8715,3200,3200,0
8716,3200,3200,0
8717,3200,3200,0
8718,3200,3200,0
8719,3200,3200,0
8720,3200,3200,0
8721,3200,3200,0
8722,3200,3200,0
8723,3200,3200,0
8724,3200,3200,0
8725,3200,3200,0
8726,3200,3200,0
8727,3200,3200,0
8728,3200,3200,0
8729,3200,3200,0
8730,3200,3200,0
8731,3200,3200,0
8732,3200,3200,0
8733,3200,3200,0
8734,3200,3200,0
8735,3200,3200,0
8736,3200,3200,0
8737,3200,3200,0
8738,3200,3200,0
8739,3200,3200,0
8740,3200,3200,0
8741,3200,3200,0
8742,3200,3200,0
8743,3200,3200,0
8744,3200,3200,0
8745,3200,3200,0
8746,3200,3200,0
8747,3200,3200,0
8748,3200,3200,0
8749,3200,3200,0
8750,3200,3200,0
8751,3200,3200,0
8752,3200,3200,0
8753,3200,3200,0
8754,3200,3200,0
8755,3200,3200,0
8756,3200,3200,0
8757,3200,3200,0
8758,3200,3200,0
8759,3200,3200,0
8760,3200,3200,0
8761,3200,3200,0
8762,3200,3200,0
8763,3200,3200,0
8764,3200,3200,0
8765,3200,3200,0
8766,3200,3200,0
8767,3200,3200,0
8768,3200,3200,0
8769,3200,3200,0
8770,3200,3200,0
8771,3200,3200,0
8772,3200,3200,0
8773,3200,3200,0
8774,3200,3200,0
8775,3200,3200,0
8776,3200,3200,0
8777,3200,3200,0
8778,3200,3200,0
8779,3200,3200,0
8780,3200,3200,0
8781,3200,3200,0
8782,3200,3200,0
8783,3200,3200,0
8784,3200,3200,0
8785,3200,3200,0
8786,3200,3200,0
8787,3200,3200,0
8788,3200,3200,0
8789,3200,3200,0
8790,3200,3200,0
8791,3200,3200,0
8792,3200,3200,0
8793,3200,3200,0
8794,3200,3200,0
8795,3200,3200,0
8796,3200,3200,0
8797,3200,3200,0
8798,3200,3200,0
8799,3200,3200,0
8800,3200,3200,0
8801,3200,3200,0
8802,3200,3200,0
8803,3200,3200,0
8804,3200,3200,0
8805,3200,3200,0
8806,3200,3200,0
8807,3200,3200,0
8808,3200,3200,0
8809,3200,3200,0
8810,3200,3200,0
8811,3200,3200,0
8812,3200,3200,0
8813,3200,3200,0
8814,3200,3200,0
8815,3200,3200,0
8816,3200,3200,0
8817,3200,3200,0
8818,3200,3200,0
8819,3200,3200,0
8820,3200,3200,0
8821,3200,3200,0
8822,3200,3200,0
8823,3200,3200,0
8824,3200,3200,0
8825,3200,3200,0
8826,3200,3200,0
8827,3200,3200,0
8828,3200,3200,0
8829,3200,3200,0
8830,3200,3200,0
8831,3200,3200,0
8832,3200,3200,0
8833,3200,3200,0
8834,3200,3200,0
8835,3200,3200,0
8836,3200,3200,0
8837,3200,3200,0
8838,3200,3200,0
8839,3200,3200,0
8840,3200,3200,0
8841,3200,3200,0
8842,3200,3200,0
8843,3200,3200,0
8844,3200,3200,0
8845,3200,3200,0
8846,3200,3200,0
8847,3200,3200,0
8848,3200,3200,0
8849,3200,3200,0
8850,3200,3200,0
8851,3200,3200,0
8852,3200,3200,0
8853,3200,3200,0
8854,3200,3200,0
8855,3200,3200,0
8856,3200,3200,0
8857,3200,3200,0
8858,3200,3200,0
8859,3200,3200,0
8860,3200,3200,0
8861,3200,3200,0
8862,3200,3200,0
8863,3200,3200,0
8864,3200,3200,0
8865,3200,3200,0
8866,3200,3200,0
8867,3200,3200,0
8868,3200,3200,0
8869,3200,3200,0
8870,3200,3200,0
8871,3200,3200,0
8872,3200,3200,0
8873,3200,3200,0
8874,3200,3200,0
8875,3200,3200,0
8876,3200,3200,0
8877,3200,3200,0
8878,3200,3200,0
8879,3200,3200,0
8880,3200,3200,0
8881,3200,3200,0
8882,3200,3200,0
8883,3200,3200,0
8884,3200,3200,0
8885,3200,3200,0
8886,3200,3200,0
8887,3200,3200,0
8888,3200,3200,0
8889,3200,3200,0
8890,3200,3200,0
8891,3200,3200,0
8892,3200,3200,0
8893,3200,3200,0
8894,3200,3200,0
8895,3200,3200,0
8896,3200,3200,0
8897,3200,3200,0
8898,3200,3200,0
8899,3200,3200,0
8900,3200,3200,0
8901,3200,3200,0
8902,3200,3200,0
8903,3200,3200,0
8904,3200,3200,0
8905,3200,3200,0
8906,3200,3200,0
8907,3200,3200,0
8908,3200,3200,0
8909,3200,3200,0
8910,3200,3200,0
8911,3200,3200,0
8912,3200,3200,0
8913,3200,3200,0
8914,3200,3200,0
8915,3200,3200,0
8916,3200,3200,0
8917,3200,3200,0
8918,3200,3200,0
8919,3200,3200,0
8920,3200,3200,0
8921,3200,3200,0
8922,3200,3200,0
8923,3200,3200,0
8924,3200,3200,0
8925,3200,3200,0
8926,3200,3200,0
8927,3200,3200,0
8928,3200,3200,0
8929,3200,3200,0
8930,3200,3200,0
8931,3200,3200,0
8932,3200,3200,0
8933,3200,3200,0
8934,3200,3200,0
8935,3200,3200,0
8936,3200,3200,0
8937,3200,3200,0
8938,3200,3200,0
8939,3200,3200,0
8940,3200,3200,0
8941,3200,3200,0
8942,3200,3200,0
8943,3200,3200,0
8944,3200,3200,0
8945,3200,3200,0
8946,3200,3200,0
8947,3200,3200,0
8948,3200,3200,0
8949,3200,3200,0
8950,3200,3200,0
8951,3200,3200,0
8952,3200,3200,0
8953,3200,3200,0
8954,3200,3200,0
8955,3200,3200,0
8956,3200,3200,0
8957,3200,3200,0
8958,3200,3200,0
8959,3200,3200,0
8960,3200,3200,0
8961,3200,3200,0
8962,3200,3200,0
8963,3200,3200,0
8964,3200,3200,0
8965,3200,3200,0
8966,3200,3200,0
8967,3200,3200,0
8968,3200,3200,0
8969,3200,3200,0
8970,3200,3200,0
8971,3200,3200,0
8972,3200,3200,0
8973,3200,3200,0
8974,3200,3200,0
8975,3200,3200,0
8976,3200,3200,0
8977,3200,3200,0
8978,3200,3200,0
8979,3200,3200,0
8980,3200,3200,0
8981,3200,3200,0
8982,3200,3200,0
8983,3200,3200,0
8984,3200,3200,0
8985,3200,3200,0
8986,3200,3200,0
8987,3200,3200,0
8988,3200,3200,0
8989,3200,3200,0
8990,3200,3200,0
8991,3200,3200,0
8992,3200,3200,0
8993,3200,3200,0
8994,3200,3200,0
8995,3200,3200,0
8996,3200,3200,0
8997,3200,3200,0
8998,3200,3200,0
8999,3200,3200,0
9000,3200,3200,0
9001,3200,3200,0
9002,3200,3200,0
9003,3200,3200,0
9004,3200,3200,0
9005,3200,3200,0
9006,3200,3200,0
9007,3200,3200,0
9008,3200,3200,0
9009,3200,3200,0
9010,3200,3200,0
9011,3200,3200,0
9012,3200,3200,0
9013,3200,3200,0
9014,3200,3200,0
9015,3200,3200,0
9016,3200,3200,0
9017,3200,3200,0
9018,3200,3200,0
9019,3200,3200,0
9020,3200,3200,0
9021,3200,3200,0
9022,3200,3200,0
9023,3200,3200,0
9024,3200,3200,0
9025,3200,3200,0
9026,3200,3200,0
9027,3200,3200,0
9028,3200,3200,0
9029,3200,3200,0
9030,3200,3200,0
9031,3200,3200,0
9032,3200,3200,0
9033,3200,3200,0
9034,3200,3200,0
9035,3200,3200,0
9036,3200,3200,0
9037,3200,3200,0
9038,3200,3200,0
9039,3200,3200,0
9040,3200,3200,0
9041,3200,3200,0
9042,3200,3200,0
9043,3200,3200,0
9044,3200,3200,0
9045,3200,3200,0
9046,3200,3200,0
9047,3200,3200,0
9048,3200,3200,0
9049,3200,3200,0
9050,3200,3200,0
9051,3200,3200,0
9052,3200,3200,0
9053,3200,3200,0
9054,3200,3200,0
9055,3200,3200,0
9056,3200,3200,0
9057,3200,3200,0
9058,3200,3200,0
9059,3200,3200,0
9060,3200,3200,0
9061,3200,3200,0
9062,3200,3200,0
9063,3200,3200,0
9064,3200,3200,0
9065,3200,3200,0
9066,3200,3200,0
9067,3200,3200,0
9068,3200,3200,0
9069,3200,3200,0
9070,3200,3200,0
9071,3200,3200,0
9072,3200,3200,0
9073,3200,3200,0
9074,3200,3200,0
9075,3200,3200,0
9076,3200,3200,0
9077,3200,3200,0
9078,3200,3200,0
9079,3200,3200,0
9080,3200,3200,0
9081,3200,3200,0
9082,3200,3200,0
9083,3200,3200,0
9084,3200,3200,0
9085,3200,3200,0
9086,3200,3200,0
9087,3200,3200,0
9088,3200,3200,0
9089,3200,3200,0
9090,3200,3200,0
9091,3200,3200,0
9092,3200,3200,0
9093,3200,3200,0
9094,3200,3200,0
9095,3200,3200,0
9096,3200,3200,0
9097,3200,3200,0
9098,3200,3200,0
9099,3200,3200,0
9100,3200,3200,0
9101,3200,3200,0
9102,3200,3200,0
9103,3200,3200,0
9104,3200,3200,0
9105,3200,3200,0
9106,3200,3200,0
9107,3200,3200,0
9108,3200,3200,0
9109,3200,3200,0
9110,3200,3200,0
9111,3200,3200,0
9112,3200,3200,0
9113,3200,3200,0
9114,3200,3200,0
9115,3200,3200,0
9116,3200,3200,0
9117,3200,3200,0
9118,3200,3200,0
9119,3200,3200,0
9120,3200,3200,0
9121,3200,3200,0
9122,3200,3200,0
9123,3200,3200,0
9124,3200,3200,0
9125,3200,3200,0
9126,3200,3200,0
9127,3200,3200,0
9128,3200,3200,0
9129,3200,3200,0
9130,3200,3200,0
9131,3200,3200,0
9132,3200,3200,0
9133,3200,3200,0
9134,3200,3200,0
9135,3200,3200,0
9136,3200,3200,0
9137,3200,3200,0
9138,3200,3200,0
9139,3200,3200,0
9140,3200,3200,0
9141,3200,3200,0
9142,3200,3200,0
9143,3200,3200,0
9144,3200,3200,0
9145,3200,3200,0
9146,3200,3200,0
9147,3200,3200,0
9148,3200,3200,0
9149,3200,3200,0
9150,3200,3200,0
9151,3200,3200,0
9152,3200,3200,0
9153,3200,3200,0
9154,3200,3200,0
9155,3200,3200,0
9156,3200,3200,0
9157,3200,3200,0
9158,3200,3200,0
9159,3200,3200,0
9160,3200,3200,0
9161,3200,3200,0
9162,3200,3200,0
9163,3200,3200,0
9164,3200,3200,0
9165,3200,3200,0
9166,3200,3200,0
9167,3200,3200,0
9168,3200,3200,0
9169,3200,3200,0
9170,3200,3200,0
9171,3200,3200,0
9172,3200,3200,0
9173,3200,3200,0
9174,3200,3200,0
9175,3200,3200,0
9176,3200,3200,0
9177,3200,3200,0
9178,3200,3200,0
9179,3200,3200,0
9180,3200,3200,0
9181,3200,3200,0
9182,3200,3200,0
9183,3200,3200,0
9184,3200,3200,0
9185,3200,3200,0
9186,3200,3200,0
9187,3200,3200,0
9188,3200,3200,0
9189,3200,3200,0
9190,3200,3200,0
9191,3200,3200,0
9192,3200,3200,0
9193,3200,3200,0
9194,3200,3200,0
9195,3200,3200,0
9196,3200,3200,0
9197,3200,3200,0
9198,3200,3200,0
9199,3200,3200,0
9200,3200,3200,0
9201,3200,3200,0
9202,3200,3200,0
9203,3200,3200,0
9204,3200,3200,0
9205,3200,3200,0
9206,3200,3200,0
9207,3200,3200,0
9208,3200,3200,0
9209,3200,3200,0
9210,3200,3200,0
9211,3200,3200,0
9212,3200,3200,0
9213,3200,3200,0
9214,3200,3200,0
9215,3200,3200,0
9216,3200,3200,0
9217,3200,3200,0
9218,3200,3200,0
9219,3200,3200,0
9220,3200,3200,0
9221,3200,3200,0
9222,3200,3200,0
9223,3200,3200,0
9224,3200,3200,0
9225,3200,3200,0
9226,3200,3200,0
9227,3200,3200,0
9228,3200,3200,0
9229,3200,3200,0
9230,3200,3200,0
9231,3200,3200,0
9232,3200,3200,0
9233,3200,3200,0
9234,3200,3200,0
9235,3200,3200,0
9236,3200,3200,0
9237,3200,3200,0
9238,3200,3200,0
9239,3200,3200,0
9240,3200,3200,0
9241,3200,3200,0
9242,3200,3200,0
9243,3200,3200,0
9244,3200,3200,0
9245,3200,3200,0
9246,3200,3200,0
9247,3200,3200,0
9248,3200,3200,0
9249,3200,3200,0
9250,3200,3200,0
9251,3200,3200,0
9252,3200,3200,0
9253,3200,3200,0
9254,3200,3200,0
9255,3200,3200,0
9256,3200,3200,0
9257,3200,3200,0
9258,3200,3200,0
9259,3200,3200,0
9260,3200,3200,0
9261,3200,3200,0
9262,3200,3200,0
9263,3200,3200,0
9264,3200,3200,0
9265,3200,3200,0
9266,3200,3200,0
9267,3200,3200,0
9268,3200,3200,0
9269,3200,3200,0
9270,3200,3200,0
9271,3200,3200,0
9272,3200,3200,0
9273,3200,3200,0
9274,3200,3200,0
9275,3200,3200,0
9276,3200,3200,0
9277,3200,3200,0
9278,3200,3200,0
9279,3200,3200,0
9280,3200,3200,0
9281,3200,3200,0
9282,3200,3200,0
9283,3200,3200,0
9284,3200,3200,0
9285,3200,3200,0
9286,3200,3200,0
9287,3200,3200,0
9288,3200,3200,0
9289,3200,3200,0
9290,3200,3200,0
9291,3200,3200,0
9292,3200,3200,0
9293,3200,3200,0
9294,3200,3200,0
9295,3200,3200,0
9296,3200,3200,0
9297,3200,3200,0
9298,3200,3200,0
9299,3200,3200,0
9300,3200,3200,0
9301,3200,3200,0
9302,3200,3200,0
9303,3200,3200,0
9304,3200,3200,0
9305,3200,3200,0
9306,3200,3200,0
9307,3200,3200,0
9308,3200,3200,0
9309,3200,3200,0
9310,3200,3200,0
9311,3200,3200,0
9312,3200,3200,0
9313,3200,3200,0
9314,3200,3200,0
9315,3200,3200,0
9316,3200,3200,0
9317,3200,3200,0
9318,3200,3200,0
9319,3200,3200,0
9320,3200,3200,0
9321,3200,3200,0
9322,3200,3200,0
9323,3200,3200,0
9324,3200,3200,0
9325,3200,3200,0
9326,3200,3200,0
9327,3200,3200,0
9328,3200,3200,0
9329,3200,3200,0
9330,3200,3200,0
9331,3200,3200,0
9332,3200,3200,0
9333,3200,3200,0
9334,3200,3200,0
9335,3200,3200,0
9336,3200,3200,0
9337,3200,3200,0
9338,3200,3200,0
9339,3200,3200,0
9340,3200,3200,0
9341,3200,3200,0
9342,3200,3200,0
9343,3200,3200,0
9344,3200,3200,0
9345,3200,3200,0
9346,3200,3200,0
9347,3200,3200,0
9348,3200,3200,0
9349,3200,3200,0
9350,3200,3200,0
9351,3200,3200,0
9352,3200,3200,0
9353,3200,3200,0
9354,3200,3200,0
9355,3200,3200,0
9356,3200,3200,0
9357,3200,3200,0
9358,3200,3200,0
9359,3200,3200,0
9360,3200,3200,0
9361,3200,3200,0
9362,3200,3200,0
9363,3200,3200,0
9364,3200,3200,0
9365,3200,3200,0
9366,3200,3200,0
9367,3200,3200,0
9368,3200,3200,0
9369,3200,3200,0
9370,3200,3200,0
9371,3200,3200,0
9372,3200,3200,0
9373,3200,3200,0
9374,3200,3200,0
9375,3200,3200,0
9376,3200,3200,0
9377,3200,3200,0
9378,3200,3200,0
9379,3200,3200,0
9380,3200,3200,0
9381,3200,3200,0
9382,3200,3200,0
9383,3200,3200,0
9384,3200,3200,0
9385,3200,3200,0
9386,3200,3200,0
9387,3200,3200,0
9388,3200,3200,0
9389,3200,3200,0
9390,3200,3200,0
9391,3200,3200,0
9392,3200,3200,0
9393,3200,3200,0
9394,3200,3200,0
9395,3200,3200,0
9396,3200,3200,0
9397,3200,3200,0
9398,3200,3200,0
9399,3200,3200,0
9400,3200,3200,0
9401,3200,3200,0
9402,3200,3200,0
9403,3200,3200,0
9404,3200,3200,0
9405,3200,3200,0
9406,3200,3200,0
9407,3200,3200,0
9408,3200,3200,0
9409,3200,3200,0
9410,3200,3200,0
9411,3200,3200,0
9412,3200,3200,0
9413,3200,3200,0
9414,3200,3200,0
9415,3200,3200,0
9416,3200,3200,0
9417,3200,3200,0
9418,3200,3200,0
9419,3200,3200,0
9420,3200,3200,0
9421,3200,3200,0
9422,3200,3200,0
9423,3200,3200,0
9424,3200,3200,0
9425,3200,3200,0
9426,3200,3200,0
9427,3200,3200,0
9428,3200,3200,0
9429,3200,3200,0
9430,3200,3200,0
9431,3200,3200,0
9432,3200,3200,0
9433,3200,3200,0
9434,3200,3200,0
9435,3200,3200,0
9436,3200,3200,0
9437,3200,3200,0
9438,3200,3200,0
9439,3200,3200,0
9440,3200,3200,0
9441,3200,3200,0
9442,3200,3200,0
9443,3200,3200,0
9444,3200,3200,0
9445,3200,3200,0
9446,3200,3200,0
9447,3200,3200,0
9448,3200,3200,0
9449,3200,3200,0
9450,3200,3200,0
9451,3200,3200,0
9452,3200,3200,0
9453,3200,3200,0
9454,3200,3200,0
9455,3200,3200,0
9456,3200,3200,0
9457,3200,3200,0
9458,3200,3200,0
9459,3200,3200,0
9460,3200,3200,0
9461,3200,3200,0
9462,3200,3200,0
9463,3200,3200,0
9464,3200,3200,0
9465,3200,3200,0
9466,3200,3200,0
9467,3200,3200,0
9468,3200,3200,0
9469,3200,3200,0
9470,3200,3200,0
9471,3200,3200,0
9472,3200,3200,0
9473,3200,3200,0
9474,3200,3200,0
9475,3200,3200,0
9476,3200,3200,0
9477,3200,3200,0
9478,3200,3200,0
9479,3200,3200,0
9480,3200,3200,0
9481,3200,3200,0
9482,3200,3200,0
9483,3200,3200,0
9484,3200,3200,0
9485,3200,3200,0
9486,3200,3200,0
9487,3200,3200,0
9488,3200,3200,0
9489,3200,3200,0
9490,3200,3200,0
9491,3200,3200,0
9492,3200,3200,0
9493,3200,3200,0
9494,3200,3200,0
9495,3200,3200,0
9496,3200,3200,0
9497,3200,3200,0
9498,3200,3200,0
9499,3200,3200,0
9500,3200,3200,0
9501,3200,3200,0
9502,3200,3200,0
9503,3200,3200,0
9504,3200,3200,0
9505,3200,3200,0
9506,3200,3200,0
9507,3200,3200,0
9508,3200,3200,0
9509,3200,3200,0
9510,3200,3200,0
9511,3200,3200,0
9512,3200,3200,0
9513,3200,3200,0
9514,3200,3200,0
9515,3200,3200,0
9516,3200,3200,0
9517,3200,3200,0
9518,3200,3200,0
9519,3200,3200,0
9520,3200,3200,0
9521,3200,3200,0
9522,3200,3200,0
9523,3200,3200,0
9524,3200,3200,0
9525,3200,3200,0
9526,3200,3200,0
9527,3200,3200,0
9528,3200,3200,0
9529,3200,3200,0
9530,3200,3200,0
9531,3200,3200,0
9532,3200,3200,0
9533,3200,3200,0
9534,3200,3200,0
9535,3200,3200,0
9536,3200,3200,0
9537,3200,3200,0
9538,3200,3200,0
9539,3200,3200,0
9540,3200,3200,0
9541,3200,3200,0
9542,3200,3200,0
9543,3200,3200,0
9544,3200,3200,0
9545,3200,3200,0
9546,3200,3200,0
9547,3200,3200,0
9548,3200,3200,0
9549,3200,3200,0
9550,3200,3200,0
9551,3200,3200,0
9552,3200,3200,0
9553,3200,3200,0
9554,3200,3200,0
9555,3200,3200,0
9556,3200,3200,0
9557,3200,3200,0
9558,3200,3200,0
9559,3200,3200,0
9560,3200,3200,0
9561,3200,3200,0
9562,3200,3200,0
9563,3200,3200,0
9564,3200,3200,0
9565,3200,3200,0
9566,3200,3200,0
9567,3200,3200,0
9568,3200,3200,0
9569,3200,3200,0
9570,3200,3200,0
9571,3200,3200,0
9572,3200,3200,0
9573,3200,3200,0
9574,3200,3200,0
9575,3200,3200,0
9576,3200,3200,0
9577,3200,3200,0
9578,3200,3200,0
9579,3200,3200,0
9580,3200,3200,0
9581,3200,3200,0
9582,3200,3200,0
9583,3200,3200,0
9584,3200,3200,0
9585,3200,3200,0
9586,3200,3200,0
9587,3200,3200,0
9588,3200,3200,0
9589,3200,3200,0
9590,3200,3200,0
9591,3200,3200,0
9592,3200,3200,0
9593,3200,3200,0
9594,3200,3200,0
9595,3200,3200,0
9596,3200,3200,0
9597,3200,3200,0
9598,3200,3200,0
9599,3200,3200,0
9600,3200,3200,0
9601,3200,3200,0
9602,3200,3200,0
9603,3200,3200,0
9604,3200,3200,0
9605,3200,3200,0
9606,3200,3200,0
9607,3200,3200,0
9608,3200,3200,0
9609,3200,3200,0
9610,3200,3200,0
9611,3200,3200,0
9612,3200,3200,0
9613,3200,3200,0
9614,3200,3200,0
9615,3200,3200,0
9616,3200,3200,0
9617,3200,3200,0
9618,3200,3200,0
9619,3200,3200,0
9620,3200,3200,0
9621,3200,3200,0
9622,3200,3200,0
9623,3200,3200,0
9624,3200,3200,0
9625,3200,3200,0
9626,3200,3200,0
9627,3200,3200,0
9628,3200,3200,0
9629,3200,3200,0
9630,3200,3200,0
9631,3200,3200,0
9632,3200,3200,0
9633,3200,3200,0
9634,3200,3200,0
9635,3200,3200,0
9636,3200,3200,0
9637,3200,3200,0
9638,3200,3200,0
9639,3200,3200,0
9640,3200,3200,0
9641,3200,3200,0
9642,3200,3200,0
9643,3200,3200,0
9644,3200,3200,0
9645,3200,3200,0
9646,3200,3200,0
9647,3200,3200,0
9648,3200,3200,0
9649,3200,3200,0
9650,3200,3200,0
9651,3200,3200,0
9652,3200,3200,0
9653,3200,3200,0
9654,3200,3200,0
9655,3200,3200,0
9656,3200,3200,0
9657,3200,3200,0
9658,3200,3200,0
9659,3200,3200,0
9660,3200,3200,0
9661,3200,3200,0
9662,3200,3200,0
9663,3200,3200,0
9664,3200,3200,0
9665,3200,3200,0
9666,3200,3200,0
9667,3200,3200,0
9668,3200,3200,0
9669,3200,3200,0
9670,3200,3200,0
9671,3200,3200,0
9672,3200,3200,0
9673,3200,3200,0
9674,3200,3200,0
9675,3200,3200,0
9676,3200,3200,0
9677,3200,3200,0
9678,3200,3200,0
9679,3200,3200,0
9680,3200,3200,0
9681,3200,3200,0
9682,3200,3200,0
9683,3200,3200,0
9684,3200,3200,0
9685,3200,3200,0
9686,3200,3200,0
9687,3200,3200,0
9688,3200,3200,0
9689,3200,3200,0
9690,3200,3200,0
9691,3200,3200,0
9692,3200,3200,0
9693,3200,3200,0
9694,3200,3200,0
9695,3200,3200,0
9696,3200,3200,0
9697,3200,3200,0
9698,3200,3200,0
9699,3200,3200,0
9700,3200,3200,0
9701,3200,3200,0
9702,3200,3200,0
9703,3200,3200,0
9704,3200,3200,0
9705,3200,3200,0
9706,3200,3200,0
9707,3200,3200,0
9708,3200,3200,0
9709,3200,3200,0
9710,3200,3200,0
9711,3200,3200,0
9712,3200,3200,0
9713,3200,3200,0
9714,3200,3200,0
9715,3200,3200,0
9716,3200,3200,0
9717,3200,3200,0
9718,3200,3200,0
9719,3200,3200,0
9720,3200,3200,0
9721,3200,3200,0
9722,3200,3200,0
9723,3200,3200,0
9724,3200,3200,0
9725,3200,3200,0
9726,3200,3200,0
9727,3200,3200,0
9728,3200,3200,0
9729,3200,3200,0
9730,3200,3200,0
9731,3200,3200,0
9732,3200,3200,0
9733,3200,3200,0
9734,3200,3200,0
9735,3200,3200,0
9736,3200,3200,0
9737,3200,3200,0
9738,3200,3200,0
9739,3200,3200,0
9740,3200,3200,0
9741,3200,3200,0
9742,3200,3200,0
9743,3200,3200,0
9744,3200,3200,0
9745,3200,3200,0
9746,3200,3200,0
9747,3200,3200,0
9748,3200,3200,0
9749,3200,3200,0
9750,3200,3200,0
9751,3200,3200,0
9752,3200,3200,0
9753,3200,3200,0
9754,3200,3200,0
9755,3200,3200,0
9756,3200,3200,0
9757,3200,3200,0
9758,3200,3200,0
9759,3200,3200,0
9760,3200,3200,0
9761,3200,3200,0
9762,3200,3200,0
9763,3200,3200,0
9764,3200,3200,0
9765,3200,3200,0
9766,3200,3200,0
9767,3200,3200,0
9768,3200,3200,0
9769,3200,3200,0
9770,3200,3200,0
9771,3200,3200,0
9772,3200,3200,0
9773,3200,3200,0
9774,3200,3200,0
9775,3200,3200,0
9776,3200,3200,0
9777,3200,3200,0
9778,3200,3200,0
9779,3200,3200,0
9780,3200,3200,0
9781,3200,3200,0
9782,3200,3200,0
9783,3200,3200,0
9784,3200,3200,0
9785,3200,3200,0
9786,3200,3200,0
9787,3200,3200,0
9788,3200,3200,0
9789,3200,3200,0
9790,3200,3200,0
9791,3200,3200,0
9792,3200,3200,0
9793,3200,3200,0
9794,3200,3200,0
9795,3200,3200,0
9796,3200,3200,0
9797,3200,3200,0
9798,3200,3200,0
9799,3200,3200,0
9800,3200,3200,0
9801,3200,3200,0
9802,3200,3200,0
9803,3200,3200,0
9804,3200,3200,0
9805,3200,3200,0
9806,3200,3200,0
9807,3200,3200,0
9808,3200,3200,0
9809,3200,3200,0
9810,3200,3200,0
9811,3200,3200,0
9812,3200,3200,0
9813,3200,3200,0
9814,3200,3200,0
9815,3200,3200,0
9816,3200,3200,0
9817,3200,3200,0
9818,3200,3200,0
9819,3200,3200,0
9820,3200,3200,0
9821,3200,3200,0
9822,3200,3200,0
9823,3200,3200,0
9824,3200,3200,0
9825,3200,3200,0
9826,3200,3200,0
9827,3200,3200,0
9828,3200,3200,0
9829,3200,3200,0
9830,3200,3200,0
9831,3200,3200,0
9832,3200,3200,0
9833,3200,3200,0
9834,3200,3200,0
9835,3200,3200,0
9836,3200,3200,0
9837,3200,3200,0
9838,3200,3200,0
9839,3200,3200,0
9840,3200,3200,0
9841,3200,3200,0
9842,3200,3200,0
9843,3200,3200,0
9844,3200,3200,0
9845,3200,3200,0
9846,3200,3200,0
9847,3200,3200,0
9848,3200,3200,0
9849,3200,3200,0
9850,3200,3200,0
9851,3200,3200,0
9852,3200,3200,0
9853,3200,3200,0
9854,3200,3200,0
9855,3200,3200,0
9856,3200,3200,0
9857,3200,3200,0
9858,3200,3200,0
9859,3200,3200,0
9860,3200,3200,0
9861,3200,3200,0
9862,3200,3200,0
9863,3200,3200,0
9864,3200,3200,0
9865,3200,3200,0
9866,3200,3200,0
9867,3200,3200,0
9868,3200,3200,0
9869,3200,3200,0
9870,3200,3200,0
9871,3200,3200,0
9872,3200,3200,0
9873,3200,3200,0
9874,3200,3200,0
9875,3200,3200,0
9876,3200,3200,0
9877,3200,3200,0
9878,3200,3200,0
9879,3200,3200,0
9880,3200,3200,0
9881,3200,3200,0
9882,3200,3200,0
9883,3200,3200,0
9884,3200,3200,0
9885,3200,3200,0
9886,3200,3200,0
9887,3200,3200,0
9888,3200,3200,0
9889,3200,3200,0
9890,3200,3200,0
9891,3200,3200,0
9892,3200,3200,0
9893,3200,3200,0
9894,3200,3200,0
9895,3200,3200,0
9896,3200,3200,0
9897,3200,3200,0
9898,3200,3200,0
9899,3200,3200,0
9900,3200,3200,0
9901,3200,3200,0
9902,3200,3200,0
9903,3200,3200,0
9904,3200,3200,0
9905,3200,3200,0
9906,3200,3200,0
9907,3200,3200,0
9908,3200,3200,0
9909,3200,3200,0
9910,3200,3200,0
9911,3200,3200,0
9912,3200,3200,0
9913,3200,3200,0
9914,3200,3200,0
9915,3200,3200,0
9916,3200,3200,0
9917,3200,3200,0
9918,3200,3200,0
9919,3200,3200,0
9920,3200,3200,0
9921,3200,3200,0
9922,3200,3200,0
9923,3200,3200,0
9924,3200,3200,0
9925,3200,3200,0
9926,3200,3200,0
9927,3200,3200,0
9928,3200,3200,0
9929,3200,3200,0
9930,3200,3200,0
9931,3200,3200,0
9932,3200,3200,0
9933,3200,3200,0
9934,3200,3200,0
9935,3200,3200,0
9936,3200,3200,0
9937,3200,3200,0
9938,3200,3200,0
9939,3200,3200,0
9940,3200,3200,0
9941,3200,3200,0
9942,3200,3200,0
9943,3200,3200,0
9944,3200,3200,0
9945,3200,3200,0
9946,3200,3200,0
9947,3200,3200,0
9948,3200,3200,0
9949,3200,3200,0
9950,3200,3200,0
9951,3200,3200,0
9952,3200,3200,0
9953,3200,3200,0
9954,3200,3200,0
9955,3200,3200,0
9956,3200,3200,0
9957,3200,3200,0
9958,3200,3200,0
9959,3200,3200,0
9960,3200,3200,0
9961,3200,3200,0
9962,3200,3200,0
9963,3200,3200,0
9964,3200,3200,0
9965,3200,3200,0
9966,3200,3200,0
9967,3200,3200,0
9968,3200,3200,0
9969,3200,3200,0
9970,3200,3200,0
9971,3200,3200,0
9972,3200,3200,0
9973,3200,3200,0
9974,3200,3200,0
9975,3200,3200,0
9976,3200,3200,0
9977,3200,3200,0
9978,3200,3200,0
9979,3200,3200,0
9980,3200,3200,0
9981,3200,3200,0
9982,3200,3200,0
9983,3200,3200,0
9984,3200,3200,0
9985,3200,3200,0
9986,3200,3200,0
9987,3200,3200,0
9988,3200,3200,0
9989,3200,3200,0
9990,3200,3200,0
9991,3200,3200,0
9992,3200,3200,0
9993,3200,3200,0
9994,3200,3200,0
9995,3200,3200,0
9996,3200,3200,0
9997,3200,3200,0
9998,3200,3200,0
9999,3200,3200,0
10000,3200,3200,0
10001,3200,3200,0
10002,3200,3200,0
10003,3200,3200,0
10004,3200,3200,0
10005,3200,3200,0
10006,3200,3200,0
10007,3200,3200,0
10008,3200,3200,0
10009,3200,3200,0
10010,3200,3200,0
10011,3200,3200,0
10012,3200,3200,0
10013,3200,3200,0
10014,3200,3200,0
10015,3200,3200,0
10016,3200,3200,0
10017,3200,3200,0
10018,3200,3200,0
10019,3200,3200,0
10020,3200,3200,0
10021,3200,3200,0
10022,3200,3200,0
10023,3200,3200,0
10024,3200,3200,0
10025,3200,3200,0
10026,3200,3200,0
10027,3200,3200,0
10028,3200,3200,0
10029,3200,3200,0
10030,3200,3200,0
10031,3200,3200,0
10032,3200,3200,0
10033,3200,3200,0
10034,3200,3200,0
10035,3200,3200,0
10036,3200,3200,0
10037,3200,3200,0
10038,3200,3200,0
10039,3200,3200,0
10040,3200,3200,0
10041,3200,3200,0
10042,3200,3200,0
10043,3200,3200,0
10044,3200,3200,0
10045,3200,3200,0
10046,3200,3200,0
10047,3200,3200,0
10048,3200,3200,0
10049,3200,3200,0
10050,3200,3200,0
10051,3200,3200,0
10052,3200,3200,0
10053,3200,3200,0
10054,3200,3200,0
10055,3200,3200,0
10056,3200,3200,0
10057,3200,3200,0
10058,3200,3200,0
10059,3200,3200,0
10060,3200,3200,0
10061,3200,3200,0
10062,3200,3200,0
10063,3200,3200,0
10064,3200,3200,0
10065,3200,3200,0
10066,3200,3200,0
10067,3200,3200,0
10068,3200,3200,0
10069,3200,3200,0
10070,3200,3200,0
10071,3200,3200,0
10072,3200,3200,0
10073,3200,3200,0
10074,3200,3200,0
10075,3200,3200,0
10076,3200,3200,0
10077,3200,3200,0
10078,3200,3200,0
10079,3200,3200,0
10080,3200,3200,0
10081,3200,3200,0
10082,3200,3200,0
10083,3200,3200,0
10084,3200,3200,0
10085,3200,3200,0
10086,3200,3200,0
10087,3200,3200,0
10088,3200,3200,0
10089,3200,3200,0
10090,3200,3200,0
10091,3200,3200,0
10092,3200,3200,0
10093,3200,3200,0
10094,3200,3200,0
10095,3200,3200,0
10096,3200,3200,0
10097,3200,3200,0
10098,3200,3200,0
10099,3200,3200,0
10100,3200,3200,0
10101,3200,3200,0
10102,3200,3200,0
10103,3200,3200,0
10104,3200,3200,0
10105,3200,3200,0
10106,3200,3200,0
10107,3200,3200,0
10108,3200,3200,0
10109,3200,3200,0
10110,3200,3200,0
10111,3200,3200,0
10112,3200,3200,0
10113,3200,3200,0
10114,3200,3200,0
10115,3200,3200,0
10116,3200,3200,0
10117,3200,3200,0
10118,3200,3200,0
10119,3200,3200,0
10120,3200,3200,0
10121,3200,3200,0
10122,3200,3200,0
10123,3200,3200,0
10124,3200,3200,0
10125,3200,3200,0
10126,3200,3200,0
10127,3200,3200,0
10128,3200,3200,0
10129,3200,3200,0
10130,3200,3200,0
10131,3200,3200,0
10132,3200,3200,0
10133,3200,3200,0
10134,3200,3200,0
10135,3200,3200,0
10136,3200,3200,0
10137,3200,3200,0
10138,3200,3200,0
10139,3200,3200,0
10140,3200,3200,0
10141,3200,3200,0
10142,3200,3200,0
10143,3200,3200,0
10144,3200,3200,0
10145,3200,3200,0
10146,3200,3200,0
10147,3200,3200,0
10148,3200,3200,0
10149,3200,3200,0
10150,3200,3200,0
10151,3200,3200,0
10152,3200,3200,0
10153,3200,3200,0
10154,3200,3200,0
10155,3200,3200,0
10156,3200,3200,0
10157,3200,3200,0
10158,3200,3200,0
10159,3200,3200,0
10160,3200,3200,0
10161,3200,3200,0
10162,3200,3200,0
10163,3200,3200,0
10164,3200,3200,0
10165,3200,3200,0
10166,3200,3200,0
10167,3200,3200,0
10168,3200,3200,0
10169,3200,3200,0
10170,3200,3200,0
10171,3200,3200,0
10172,3200,3200,0
10173,3200,3200,0
10174,3200,3200,0
10175,3200,3200,0
10176,3200,3200,0
10177,3200,3200,0
10178,3200,3200,0
10179,3200,3200,0
10180,3200,3200,0
10181,3200,3200,0
10182,3200,3200,0
10183,3200,3200,0
10184,3200,3200,0
10185,3200,3200,0
10186,3200,3200,0
10187,3200,3200,0
10188,3200,3200,0
10189,3200,3200,0
10190,3200,3200,0
10191,3200,3200,0
10192,3200,3200,0
10193,3200,3200,0
10194,3200,3200,0
10195,3200,3200,0
10196,3200,3200,0
10197,3200,3200,0
10198,3200,3200,0
10199,3200,3200,0
10200,3200,3200,0
10201,3200,3200,0
10202,3200,3200,0
10203,3200,3200,0
10204,3200,3200,0
10205,3200,3200,0
10206,3200,3200,0
10207,3200,3200,0
10208,3200,3200,0
10209,3200,3200,0
10210,3200,3200,0
10211,3200,3200,0
10212,3200,3200,0
10213,3200,3200,0
10214,3200,3200,0
10215,3200,3200,0
10216,3200,3200,0
10217,3200,3200,0
10218,3200,3200,0
10219,3200,3200,0
10220,3200,3200,0
10221,3200,3200,0
10222,3200,3200,0
10223,3200,3200,0
10224,3200,3200,0
10225,3200,3200,0
10226,3200,3200,0
10227,3200,3200,0
10228,3200,3200,0
10229,3200,3200,0
10230,3200,3200,0
10231,3200,3200,0
10232,3200,3200,0
10233,3200,3200,0
10234,3200,3200,0
10235,3200,3200,0
10236,3200,3200,0
10237,3200,3200,0
10238,3200,3200,0
10239,3200,3200,0
10240,3200,3200,0
10241,3200,3200,0
10242,3200,3200,0
10243,3200,3200,0
10244,3200,3200,0
10245,3200,3200,0
10246,3200,3200,0
10247,3200,3200,0
10248,3200,3200,0
10249,3200,3200,0
10250,3200,3200,0
10251,3200,3200,0
10252,3200,3200,0
10253,3200,3200,0
10254,3200,3200,0
10255,3200,3200,0
10256,3200,3200,0
10257,3200,3200,0
10258,3200,3200,0
10259,3200,3200,0
10260,3200,3200,0
10261,3200,3200,0
10262,3200,3200,0
10263,3200,3200,0
10264,3200,3200,0
10265,3200,3200,0
10266,3200,3200,0
10267,3200,3200,0
10268,3200,3200,0
10269,3200,3200,0
10270,3200,3200,0
10271,3200,3200,0
10272,3200,3200,0
10273,3200,3200,0
10274,3200,3200,0
10275,3200,3200,0
10276,3200,3200,0
10277,3200,3200,0
10278,3200,3200,0
10279,3200,3200,0
10280,3200,3200,0
10281,3200,3200,0
10282,3200,3200,0
10283,3200,3200,0
10284,3200,3200,0
10285,3200,3200,0
10286,3200,3200,0
10287,3200,3200,0
10288,3200,3200,0
10289,3200,3200,0
10290,3200,3200,0
10291,3200,3200,0
10292,3200,3200,0
10293,3200,3200,0
10294,3200,3200,0
10295,3200,3200,0
10296,3200,3200,0
10297,3200,3200,0
10298,3200,3200,0
10299,3200,3200,0
10300,3200,3200,0
10301,3200,3200,0
10302,3200,3200,0
10303,3200,3200,0
10304,3200,3200,0
10305,3200,3200,0
10306,3200,3200,0
10307,3200,3200,0
10308,3200,3200,0
10309,3200,3200,0
10310,3200,3200,0
10311,3200,3200,0
10312,3200,3200,0
10313,3200,3200,0
10314,3200,3200,0
10315,3200,3200,0
10316,3200,3200,0
10317,3200,3200,0
10318,3200,3200,0
10319,3200,3200,0
10320,3200,3200,0
10321,3200,3200,0
10322,3200,3200,0
10323,3200,3200,0
10324,3200,3200,0
10325,3200,3200,0
10326,3200,3200,0
10327,3200,3200,0
10328,3200,3200,0
10329,3200,3200,0
10330,3200,3200,0
10331,3200,3200,0
10332,3200,3200,0
10333,3200,3200,0
10334,3200,3200,0
10335,3200,3200,0
10336,3200,3200,0
10337,3200,3200,0
10338,3200,3200,0
10339,3200,3200,0
10340,3200,3200,0
10341,3200,3200,0
10342,3200,3200,0
10343,3200,3200,0
10344,3200,3200,0
10345,3200,3200,0
10346,3200,3200,0
10347,3200,3200,0
10348,3200,3200,0
10349,3200,3200,0
10350,3200,3200,0
10351,3200,3200,0
10352,3200,3200,0
10353,3200,3200,0
10354,3200,3200,0
10355,3200,3200,0
10356,3200,3200,0
10357,3200,3200,0
10358,3200,3200,0
10359,3200,3200,0
10360,3200,3200,0
10361,3200,3200,0
10362,3200,3200,0
10363,3200,3200,0
10364,3200,3200,0
10365,3200,3200,0
10366,3200,3200,0
10367,3200,3200,0
10368,3200,3200,0
10369,3200,3200,0
10370,3200,3200,0
10371,3200,3200,0
10372,3200,3200,0
10373,3200,3200,0
10374,3200,3200,0
10375,3200,3200,0
10376,3200,3200,0
10377,3200,3200,0
10378,3200,3200,0
10379,3200,3200,0
10380,3200,3200,0
10381,3200,3200,0
10382,3200,3200,0
10383,3200,3200,0
10384,3200,3200,0
10385,3200,3200,0
10386,3200,3200,0
10387,3200,3200,0
10388,3200,3200,0
10389,3200,3200,0
10390,3200,3200,0
10391,3200,3200,0
10392,3200,3200,0
10393,3200,3200,0
10394,3200,3200,0
10395,3200,3200,0
10396,3200,3200,0
10397,3200,3200,0
10398,3200,3200,0
10399,3200,3200,0
10400,3200,3200,0
10401,3200,3200,0
10402,3200,3200,0
10403,3200,3200,0
10404,3200,3200,0
10405,3200,3200,0
10406,3200,3200,0
10407,3200,3200,0
10408,3200,3200,0
10409,3200,3200,0
10410,3200,3200,0
10411,3200,3200,0
10412,3200,3200,0
10413,3200,3200,0
10414,3200,3200,0
10415,3200,3200,0
10416,3200,3200,0
10417,3200,3200,0
10418,3200,3200,0
10419,3200,3200,0
10420,3200,3200,0
10421,3200,3200,0
10422,3200,3200,0
10423,3200,3200,0
10424,3200,3200,0
10425,3200,3200,0
10426,3200,3200,0
10427,3200,3200,0
10428,3200,3200,0
10429,3200,3200,0
10430,3200,3200,0
10431,3200,3200,0
10432,3200,3200,0
10433,3200,3200,0
10434,3200,3200,0
10435,3200,3200,0
10436,3200,3200,0
10437,3200,3200,0
10438,3200,3200,0
10439,3200,3200,0
10440,3200,3200,0
10441,3200,3200,0
10442,3200,3200,0
10443,3200,3200,0
10444,3200,3200,0
10445,3200,3200,0
10446,3200,3200,0
10447,3200,3200,0
10448,3200,3200,0
10449,3200,3200,0
10450,3200,3200,0
10451,3200,3200,0
10452,3200,3200,0
10453,3200,3200,0
10454,3200,3200,0
10455,3200,3200,0
10456,3200,3200,0
10457,3200,3200,0
10458,3200,3200,0
10459,3200,3200,0
10460,3200,3200,0
10461,3200,3200,0
10462,3200,3200,0
10463,3200,3200,0
10464,3200,3200,0
10465,3200,3200,0
10466,3200,3200,0
10467,3200,3200,0
10468,3200,3200,0
10469,3200,3200,0
10470,3200,3200,0
10471,3200,3200,0
10472,3200,3200,0
10473,3200,3200,0
10474,3200,3200,0
10475,3200,3200,0
10476,3200,3200,0
10477,3200,3200,0
10478,3200,3200,0
10479,3200,3200,0
10480,3200,3200,0
10481,3200,3200,0
10482,3200,3200,0
10483,3200,3200,0
10484,3200,3200,0
10485,3200,3200,0
10486,3200,3200,0
10487,3200,3200,0
10488,3200,3200,0
10489,3200,3200,0
10490,3200,3200,0
10491,3200,3200,0
10492,3200,3200,0
10493,3200,3200,0
10494,3200,3200,0
10495,3200,3200,0
10496,3200,3200,0
10497,3200,3200,0
10498,3200,3200,0
10499,3200,3200,0
10500,3200,3200,0
10501,3200,3200,0
10502,3200,3200,0
10503,3200,3200,0
10504,3200,3200,0
10505,3200,3200,0
10506,3200,3200,0
10507,3200,3200,0
10508,3200,3200,0
10509,3200,3200,0
10510,3200,3200,0
10511,3200,3200,0
10512,3200,3200,0
10513,3200,3200,0
10514,3200,3200,0
10515,3200,3200,0
10516,3200,3200,0
10517,3200,3200,0
10518,3200,3200,0
10519,3200,3200,0
10520,3200,3200,0
10521,3200,3200,0
10522,3200,3200,0
10523,3200,3200,0
10524,3200,3200,0
10525,3200,3200,0
10526,3200,3200,0
10527,3200,3200,0
10528,3200,3200,0
10529,3200,3200,0
10530,3200,3200,0
10531,3200,3200,0
10532,3200,3200,0
10533,3200,3200,0
10534,3200,3200,0
10535,3200,3200,0
10536,3200,3200,0
10537,3200,3200,0
10538,3200,3200,0
10539,3200,3200,0
10540,3200,3200,0
10541,3200,3200,0
10542,3200,3200,0
10543,3200,3200,0
10544,3200,3200,0
10545,3200,3200,0
10546,3200,3200,0
10547,3200,3200,0
10548,3200,3200,0
10549,3200,3200,0
10550,3200,3200,0
10551,3200,3200,0
10552,3200,3200,0
10553,3200,3200,0
10554,3200,3200,0
10555,3200,3200,0
10556,3200,3200,0
10557,3200,3200,0
10558,3200,3200,0
10559,3200,3200,0
10560,3200,3200,0
10561,3200,3200,0
10562,3200,3200,0
10563,3200,3200,0
10564,3200,3200,0
10565,3200,3200,0
10566,3200,3200,0
10567,3200,3200,0
10568,3200,3200,0
10569,3200,3200,0
10570,3200,3200,0
10571,3200,3200,0
10572,3200,3200,0
10573,3200,3200,0
10574,3200,3200,0
10575,3200,3200,0
10576,3200,3200,0
10577,3200,3200,0
10578,3200,3200,0
10579,3200,3200,0
10580,3200,3200,0
10581,3200,3200,0
10582,3200,3200,0
10583,3200,3200,0
10584,3200,3200,0
10585,3200,3200,0
10586,3200,3200,0
10587,3200,3200,0
10588,3200,3200,0
10589,3200,3200,0
10590,3200,3200,0
10591,3200,3200,0
10592,3200,3200,0
10593,3200,3200,0
10594,3200,3200,0
10595,3200,3200,0
10596,3200,3200,0
10597,3200,3200,0
10598,3200,3200,0
10599,3200,3200,0
10600,3200,3200,0
10601,3200,3200,0
10602,3200,3200,0
10603,3200,3200,0
10604,3200,3200,0
10605,3200,3200,0
10606,3200,3200,0
10607,3200,3200,0
10608,3200,3200,0
10609,3200,3200,0
10610,3200,3200,0
10611,3200,3200,0
10612,3200,3200,0
10613,3200,3200,0
10614,3200,3200,0
10615,3200,3200,0
10616,3200,3200,0
10617,3200,3200,0
10618,3200,3200,0
10619,3200,3200,0
10620,3200,3200,0
10621,3200,3200,0
10622,3200,3200,0
10623,3200,3200,0
10624,3200,3200,0
10625,3200,3200,0
10626,3200,3200,0
10627,3200,3200,0
10628,3200,3200,0
10629,3200,3200,0
10630,3200,3200,0
10631,3200,3200,0
10632,3200,3200,0
10633,3200,3200,0
10634,3200,3200,0
10635,3200,3200,0
10636,3200,3200,0
10637,3200,3200,0
10638,3200,3200,0
10639,3200,3200,0
10640,3200,3200,0
10641,3200,3200,0
10642,3200,3200,0
10643,3200,3200,0
10644,3200,3200,0
10645,3200,3200,0
10646,3200,3200,0
10647,3200,3200,0
10648,3200,3200,0
10649,3200,3200,0
10650,3200,3200,0
10651,3200,3200,0
10652,3200,3200,0
10653,3200,3200,0
10654,3200,3200,0
10655,3200,3200,0
10656,3200,3200,0
10657,3200,3200,0
10658,3200,3200,0
10659,3200,3200,0
10660,3200,3200,0
10661,3200,3200,0
10662,3200,3200,0
10663,3200,3200,0
10664,3200,3200,0
10665,3200,3200,0
10666,3200,3200,0
10667,3200,3200,0
10668,3200,3200,0
10669,3200,3200,0
10670,3200,3200,0
10671,3200,3200,0
10672,3200,3200,0
10673,3200,3200,0
10674,3200,3200,0
10675,3200,3200,0
10676,3200,3200,0
10677,3200,3200,0
10678,3200,3200,0
10679,3200,3200,0
10680,3200,3200,0
10681,3200,3200,0
10682,3200,3200,0
10683,3200,3200,0
10684,3200,3200,0
10685,3200,3200,0
10686,3200,3200,0
10687,3200,3200,0
10688,3200,3200,0
10689,3200,3200,0
10690,3200,3200,0
10691,3200,3200,0
10692,3200,3200,0
10693,3200,3200,0
10694,3200,3200,0
10695,3200,3200,0
10696,3200,3200,0
10697,3200,3200,0
10698,3200,3200,0
10699,3200,3200,0
10700,3200,3200,0
10701,3200,3200,0
10702,3200,3200,0
10703,3200,3200,0
10704,3200,3200,0
10705,3200,3200,0
10706,3200,3200,0
10707,3200,3200,0
10708,3200,3200,0
10709,3200,3200,0
10710,3200,3200,0
10711,3200,3200,0
10712,3200,3200,0
10713,3200,3200,0
10714,3200,3200,0
10715,3200,3200,0
10716,3200,3200,0
10717,3200,3200,0
10718,3200,3200,0
10719,3200,3200,0
10720,3200,3200,0
10721,3200,3200,0
10722,3200,3200,0
10723,3200,3200,0
10724,3200,3200,0
10725,3200,3200,0
10726,3200,3200,0
10727,3200,3200,0
10728,3200,3200,0
10729,3200,3200,0
10730,3200,3200,0
10731,3200,3200,0
10732,3200,3200,0
10733,3200,3200,0
10734,3200,3200,0
10735,3200,3200,0
10736,3200,3200,0
10737,3200,3200,0
10738,3200,3200,0
10739,3200,3200,0
10740,3200,3200,0
10741,3200,3200,0
10742,3200,3200,0
10743,3200,3200,0
10744,3200,3200,0
10745,3200,3200,0
10746,3200,3200,0
10747,3200,3200,0
10748,3200,3200,0
10749,3200,3200,0
10750,3200,3200,0
10751,3200,3200,0
10752,3200,3200,0
10753,3200,3200,0
10754,3200,3200,0
10755,3200,3200,0
10756,3200,3200,0
10757,3200,3200,0
10758,3200,3200,0
10759,3200,3200,0
10760,3200,3200,0
10761,3200,3200,0
10762,3200,3200,0
10763,3200,3200,0
10764,3200,3200,0
10765,3200,3200,0
10766,3200,3200,0
10767,3200,3200,0
10768,3200,3200,0
10769,3200,3200,0
10770,3200,3200,0
10771,3200,3200,0
10772,3200,3200,0
10773,3200,3200,0
10774,3200,3200,0
10775,3200,3200,0
10776,3200,3200,0
10777,3200,3200,0
10778,3200,3200,0
10779,3200,3200,0
10780,3200,3200,0
10781,3200,3200,0
10782,3200,3200,0
10783,3200,3200,0
10784,3200,3200,0
10785,3200,3200,0
10786,3200,3200,0
10787,3200,3200,0
10788,3200,3200,0
10789,3200,3200,0
10790,3200,3200,0
10791,3200,3200,0
10792,3200,3200,0
10793,3200,3200,0
10794,3200,3200,0
10795,3200,3200,0
10796,3200,3200,0
10797,3200,3200,0
10798,3200,3200,0
10799,3200,3200,0
10800,3200,3200,0
10801,3200,3200,0
10802,3200,3200,0
10803,3200,3200,0
10804,3200,3200,0
10805,3200,3200,0
10806,3200,3200,0
10807,3200,3200,0
10808,3200,3200,0
10809,3200,3200,0
10810,3200,3200,0
10811,3200,3200,0
10812,3200,3200,0
10813,3200,3200,0
10814,3200,3200,0
10815,3200,3200,0
10816,3200,3200,0
10817,3200,3200,0
10818,3200,3200,0
10819,3200,3200,0
10820,3200,3200,0
10821,3200,3200,0
10822,3200,3200,0
10823,3200,3200,0
10824,3200,3200,0
10825,3200,3200,0
10826,3200,3200,0
10827,3200,3200,0
10828,3200,3200,0
10829,3200,3200,0
10830,3200,3200,0
10831,3200,3200,0
10832,3200,3200,0
10833,3200,3200,0
10834,3200,3200,0
10835,3200,3200,0
10836,3200,3200,0
10837,3200,3200,0
10838,3200,3200,0
10839,3200,3200,0
10840,3200,3200,0
10841,3200,3200,0
10842,3200,3200,0
10843,3200,3200,0
10844,3200,3200,0
10845,3200,3200,0
10846,3200,3200,0
10847,3200,3200,0
10848,3200,3200,0
10849,3200,3200,0
10850,3200,3200,0
10851,3200,3200,0
10852,3200,3200,0
10853,3200,3200,0
10854,3200,3200,0
10855,3200,3200,0
10856,3200,3200,0
10857,3200,3200,0
10858,3200,3200,0
10859,3200,3200,0
10860,3200,3200,0
10861,3200,3200,0
10862,3200,3200,0
10863,3200,3200,0
10864,3200,3200,0
10865,3200,3200,0
10866,3200,3200,0
10867,3200,3200,0
10868,3200,3200,0
10869,3200,3200,0
10870,3200,3200,0
10871,3200,3200,0
10872,3200,3200,0
10873,3200,3200,0
10874,3200,3200,0
10875,3200,3200,0
10876,3200,3200,0
10877,3200,3200,0
10878,3200,3200,0
10879,3200,3200,0
10880,3200,3200,0
10881,3200,3200,0
10882,3200,3200,0
10883,3200,3200,0
10884,3200,3200,0
10885,3200,3200,0
10886,3200,3200,0
10887,3200,3200,0
10888,3200,3200,0
10889,3200,3200,0
10890,3200,3200,0
10891,3200,3200,0
10892,3200,3200,0
10893,3200,3200,0
10894,3200,3200,0
10895,3200,3200,0
10896,3200,3200,0
10897,3200,3200,0
10898,3200,3200,0
10899,3200,3200,0
10900,3200,3200,0
10901,3200,3200,0
10902,3200,3200,0
10903,3200,3200,0
10904,3200,3200,0
10905,3200,3200,0
10906,3200,3200,0
10907,3200,3200,0
10908,3200,3200,0
10909,3200,3200,0
10910,3200,3200,0
10911,3200,3200,0
10912,3200,3200,0
10913,3200,3200,0
10914,3200,3200,0
10915,3200,3200,0
10916,3200,3200,0
10917,3200,3200,0
10918,3200,3200,0
10919,3200,3200,0
10920,3200,3200,0
10921,3200,3200,0
10922,3200,3200,0
10923,3200,3200,0
10924,3200,3200,0
10925,3200,3200,0
10926,3200,3200,0
10927,3200,3200,0
10928,3200,3200,0
10929,3200,3200,0
10930,3200,3200,0
10931,3200,3200,0
10932,3200,3200,0
10933,3200,3200,0
10934,3200,3200,0
10935,3200,3200,0
10936,3200,3200,0
10937,3200,3200,0
10938,3200,3200,0
10939,3200,3200,0
10940,3200,3200,0
10941,3200,3200,0
10942,3200,3200,0
10943,3200,3200,0
10944,3200,3200,0
10945,3200,3200,0
10946,3200,3200,0
10947,3200,3200,0
10948,3200,3200,0
10949,3200,3200,0
10950,3200,3200,0
10951,3200,3200,0
10952,3200,3200,0
10953,3200,3200,0
10954,3200,3200,0
10955,3200,3200,0
10956,3200,3200,0
10957,3200,3200,0
10958,3200,3200,0
10959,3200,3200,0
10960,3200,3200,0
10961,3200,3200,0
10962,3200,3200,0
10963,3200,3200,0
10964,3200,3200,0
10965,3200,3200,0
10966,3200,3200,0
10967,3200,3200,0
10968,3200,3200,0
10969,3200,3200,0
10970,3200,3200,0
10971,3200,3200,0
10972,3200,3200,0
10973,3200,3200,0
10974,3200,3200,0
10975,3200,3200,0
10976,3200,3200,0
10977,3200,3200,0
10978,3200,3200,0
10979,3200,3200,0
10980,3200,3200,0
10981,3200,3200,0
10982,3200,3200,0
10983,3200,3200,0
10984,3200,3200,0
10985,3200,3200,0
10986,3200,3200,0
10987,3200,3200,0
10988,3200,3200,0
10989,3200,3200,0
10990,3200,3200,0
10991,3200,3200,0
10992,3200,3200,0
10993,3200,3200,0
10994,3200,3200,0
10995,3200,3200,0
10996,3200,3200,0
10997,3200,3200,0
10998,3200,3200,0
10999,3200,3200,0
11000,3200,3200,0
11001,3200,3200,0
11002,3200,3200,0
11003,3200,3200,0
11004,3200,3200,0
11005,3200,3200,0
11006,3200,3200,0
11007,3200,3200,0
11008,3200,3200,0
11009,3200,3200,0
11010,3200,3200,0
11011,3200,3200,0
11012,3200,3200,0
11013,3200,3200,0
11014,3200,3200,0
11015,3200,3200,0
11016,3200,3200,0
11017,3200,3200,0
11018,3200,3200,0
11019,3200,3200,0
11020,3200,3200,0
11021,3200,3200,0
11022,3200,3200,0
11023,3200,3200,0
11024,3200,3200,0
11025,3200,3200,0
11026,3200,3200,0
11027,3200,3200,0
11028,3200,3200,0
11029,3200,3200,0
11030,3200,3200,0
11031,3200,3200,0
11032,3200,3200,0
11033,3200,3200,0
11034,3200,3200,0
11035,3200,3200,0
11036,3200,3200,0
11037,3200,3200,0
11038,3200,3200,0
11039,3200,3200,0
11040,3200,3200,0
11041,3200,3200,0
11042,3200,3200,0
11043,3200,3200,0
11044,3200,3200,0
11045,3200,3200,0
11046,3200,3200,0
11047,3200,3200,0
11048,3200,3200,0
11049,3200,3200,0
11050,3200,3200,0
11051,3200,3200,0
11052,3200,3200,0
11053,3200,3200,0
11054,3200,3200,0
11055,3200,3200,0
11056,3200,3200,0
11057,3200,3200,0
11058,3200,3200,0
11059,3200,3200,0
11060,3200,3200,0
11061,3200,3200,0
11062,3200,3200,0
11063,3200,3200,0
11064,3200,3200,0
11065,3200,3200,0
11066,3200,3200,0
11067,3200,3200,0
11068,3200,3200,0
11069,3200,3200,0
11070,3200,3200,0
11071,3200,3200,0
11072,3200,3200,0
11073,3200,3200,0
11074,3200,3200,0
11075,3200,3200,0
11076,3200,3200,0
11077,3200,3200,0
11078,3200,3200,0
11079,3200,3200,0
11080,3200,3200,0
11081,3200,3200,0
11082,3200,3200,0
11083,3200,3200,0
11084,3200,3200,0
11085,3200,3200,0
11086,3200,3200,0
11087,3200,3200,0
11088,3200,3200,0
11089,3200,3200,0
11090,3200,3200,0
11091,3200,3200,0
11092,3200,3200,0
11093,3200,3200,0
11094,3200,3200,0
11095,3200,3200,0
11096,3200,3200,0
11097,3200,3200,0
11098,3200,3200,0
11099,3200,3200,0
11100,3200,3200,0
11101,3200,3200,0
11102,3200,3200,0
11103,3200,3200,0
11104,3200,3200,0
11105,3200,3200,0
11106,3200,3200,0
11107,3200,3200,0
11108,3200,3200,0
11109,3200,3200,0
11110,3200,3200,0
11111,3200,3200,0
11112,3200,3200,0
11113,3200,3200,0
11114,3200,3200,0
11115,3200,3200,0
11116,3200,3200,0
11117,3200,3200,0
11118,3200,3200,0
11119,3200,3200,0
11120,3200,3200,0
11121,3200,3200,0
11122,3200,3200,0
11123,3200,3200,0
11124,3200,3200,0
11125,3200,3200,0
11126,3200,3200,0
11127,3200,3200,0
11128,3200,3200,0
11129,3200,3200,0
11130,3200,3200,0
11131,3200,3200,0
11132,3200,3200,0
11133,3200,3200,0
11134,3200,3200,0
11135,3200,3200,0
11136,3200,3200,0
11137,3200,3200,0
11138,3200,3200,0
11139,3200,3200,0
11140,3200,3200,0
11141,3200,3200,0
11142,3200,3200,0
11143,3200,3200,0
11144,3200,3200,0
11145,3200,3200,0
11146,3200,3200,0
11147,3200,3200,0
11148,3200,3200,0
11149,3200,3200,0
11150,3200,3200,0
11151,3200,3200,0
11152,3200,3200,0
11153,3200,3200,0
11154,3200,3200,0
11155,3200,3200,0
11156,3200,3200,0
11157,3200,3200,0
11158,3200,3200,0
11159,3200,3200,0
11160,3200,3200,0
11161,3200,3200,0
11162,3200,3200,0
11163,3200,3200,0
11164,3200,3200,0
11165,3200,3200,0
11166,3200,3200,0
11167,3200,3200,0
11168,3200,3200,0
11169,3200,3200,0
11170,3200,3200,0
11171,3200,3200,0
11172,3200,3200,0
11173,3200,3200,0
11174,3200,3200,0
11175,3200,3200,0
11176,3200,3200,0
11177,3200,3200,0
11178,3200,3200,0
11179,3200,3200,0
11180,3200,3200,0
11181,3200,3200,0
11182,3200,3200,0
11183,3200,3200,0
11184,3200,3200,0
11185,3200,3200,0
11186,3200,3200,0
11187,3200,3200,0
11188,3200,3200,0
11189,3200,3200,0
11190,3200,3200,0
11191,3200,3200,0
11192,3200,3200,0
11193,3200,3200,0
11194,3200,3200,0
11195,3200,3200,0
11196,3200,3200,0
11197,3200,3200,0
11198,3200,3200,0
11199,3200,3200,0
11200,3200,3200,0
11201,3200,3200,0
11202,3200,3200,0
11203,3200,3200,0
11204,3200,3200,0
11205,3200,3200,0
11206,3200,3200,0
11207,3200,3200,0
11208,3200,3200,0
11209,3200,3200,0
11210,3200,3200,0
11211,3200,3200,0
11212,3200,3200,0
11213,3200,3200,0
11214,3200,3200,0
11215,3200,3200,0
11216,3200,3200,0
11217,3200,3200,0
11218,3200,3200,0
11219,3200,3200,0
11220,3200,3200,0
11221,3200,3200,0
11222,3200,3200,0
11223,3200,3200,0
11224,3200,3200,0
11225,3200,3200,0
11226,3200,3200,0
11227,3200,3200,0
11228,3200,3200,0
11229,3200,3200,0
11230,3200,3200,0
11231,3200,3200,0
11232,3200,3200,0
11233,3200,3200,0
11234,3200,3200,0
11235,3200,3200,0
11236,3200,3200,0
11237,3200,3200,0
11238,3200,3200,0
11239,3200,3200,0
11240,3200,3200,0
11241,3200,3200,0
11242,3200,3200,0
11243,3200,3200,0
11244,3200,3200,0
11245,3200,3200,0
11246,3200,3200,0
11247,3200,3200,0
11248,3200,3200,0
11249,3200,3200,0
11250,3200,3200,0
11251,3200,3200,0
11252,3200,3200,0
11253,3200,3200,0
11254,3200,3200,0
11255,3200,3200,0
11256,3200,3200,0
11257,3200,3200,0
11258,3200,3200,0
11259,3200,3200,0
11260,3200,3200,0
11261,3200,3200,0
11262,3200,3200,0
11263,3200,3200,0
11264,3200,3200,0
11265,3200,3200,0
11266,3200,3200,0
11267,3200,3200,0
11268,3200,3200,0
11269,3200,3200,0
11270,3200,3200,0
11271,3200,3200,0
11272,3200,3200,0
11273,3200,3200,0
11274,3200,3200,0
11275,3200,3200,0
11276,3200,3200,0
11277,3200,3200,0
11278,3200,3200,0
11279,3200,3200,0
11280,3200,3200,0
11281,3200,3200,0
11282,3200,3200,0
11283,3200,3200,0
11284,3200,3200,0
11285,3200,3200,0
11286,3200,3200,0
11287,3200,3200,0
11288,3200,3200,0
11289,3200,3200,0
11290,3200,3200,0
11291,3200,3200,0
11292,3200,3200,0
11293,3200,3200,0
11294,3200,3200,0
11295,3200,3200,0
11296,3200,3200,0
11297,3200,3200,0
11298,3200,3200,0
11299,3200,3200,0
11300,3200,3200,0
11301,3200,3200,0
11302,3200,3200,0
11303,3200,3200,0
11304,3200,3200,0
11305,3200,3200,0
11306,3200,3200,0
11307,3200,3200,0
11308,3200,3200,0
11309,3200,3200,0
11310,3200,3200,0
11311,3200,3200,0
11312,3200,3200,0
11313,3200,3200,0
11314,3200,3200,0
11315,3200,3200,0
11316,3200,3200,0
11317,3200,3200,0
11318,3200,3200,0
11319,3200,3200,0
11320,3200,3200,0
11321,3200,3200,0
11322,3200,3200,0
11323,3200,3200,0
11324,3200,3200,0
11325,3200,3200,0
11326,3200,3200,0
11327,3200,3200,0
11328,3200,3200,0
11329,3200,3200,0
11330,3200,3200,0
11331,3200,3200,0
11332,3200,3200,0
11333,3200,3200,0
11334,3200,3200,0
11335,3200,3200,0
11336,3200,3200,0
11337,3200,3200,0
11338,3200,3200,0
11339,3200,3200,0
11340,3200,3200,0
11341,3200,3200,0
11342,3200,3200,0
11343,3200,3200,0
11344,3200,3200,0
11345,3200,3200,0
11346,3200,3200,0
11347,3200,3200,0
11348,3200,3200,0
11349,3200,3200,0
11350,3200,3200,0
11351,3200,3200,0
11352,3200,3200,0
11353,3200,3200,0
11354,3200,3200,0
11355,3200,3200,0
11356,3200,3200,0
11357,3200,3200,0
11358,3200,3200,0
11359,3200,3200,0
11360,3200,3200,0
11361,3200,3200,0
11362,3200,3200,0
11363,3200,3200,0
11364,3200,3200,0
11365,3200,3200,0
11366,3200,3200,0
11367,3200,3200,0
11368,3200,3200,0
11369,3200,3200,0
11370,3200,3200,0
11371,3200,3200,0
11372,3200,3200,0
11373,3200,3200,0
11374,3200,3200,0
11375,3200,3200,0
11376,3200,3200,0
11377,3200,3200,0
11378,3200,3200,0
11379,3200,3200,0
11380,3200,3200,0
11381,3200,3200,0
11382,3200,3200,0
11383,3200,3200,0
11384,3200,3200,0
11385,3200,3200,0
11386,3200,3200,0
11387,3200,3200,0
11388,3200,3200,0
11389,3200,3200,0
11390,3200,3200,0
11391,3200,3200,0
11392,3200,3200,0
11393,3200,3200,0
11394,3200,3200,0
11395,3200,3200,0
11396,3200,3200,0
11397,3200,3200,0
11398,3200,3200,0
11399,3200,3200,0
11400,3200,3200,0
11401,3200,3200,0
11402,3200,3200,0
11403,3200,3200,0
11404,3200,3200,0
11405,3200,3200,0
11406,3200,3200,0
11407,3200,3200,0
11408,3200,3200,0
11409,3200,3200,0
11410,3200,3200,0
11411,3200,3200,0
11412,3200,3200,0
11413,3200,3200,0
11414,3200,3200,0
11415,3200,3200,0
11416,3200,3200,0
11417,3200,3200,0
11418,3200,3200,0
11419,3200,3200,0
11420,3200,3200,0
11421,3200,3200,0
11422,3200,3200,0
11423,3200,3200,0
11424,3200,3200,0
11425,3200,3200,0
11426,3200,3200,0
11427,3200,3200,0
11428,3200,3200,0
11429,3200,3200,0
11430,3200,3200,0
11431,3200,3200,0
11432,3200,3200,0
11433,3200,3200,0
11434,3200,3200,0
11435,3200,3200,0
11436,3200,3200,0
11437,3200,3200,0
11438,3200,3200,0
11439,3200,3200,0
11440,3200,3200,0
11441,3200,3200,0
11442,3200,3200,0
11443,3200,3200,0
11444,3200,3200,0
11445,3200,3200,0
11446,3200,3200,0
11447,3200,3200,0
11448,3200,3200,0
11449,3200,3200,0
11450,3200,3200,0
11451,3200,3200,0
11452,3200,3200,0
11453,3200,3200,0
11454,3200,3200,0
11455,3200,3200,0
11456,3200,3200,0
11457,3200,3200,0
11458,3200,3200,0
11459,3200,3200,0
11460,3200,3200,0
11461,3200,3200,0
11462,3200,3200,0
11463,3200,3200,0
11464,3200,3200,0
11465,3200,3200,0
11466,3200,3200,0
11467,3200,3200,0
11468,3200,3200,0
11469,3200,3200,0
11470,3200,3200,0
11471,3200,3200,0
11472,3200,3200,0
11473,3200,3200,0
11474,3200,3200,0
11475,3200,3200,0
11476,3200,3200,0
11477,3200,3200,0
11478,3200,3200,0
11479,3200,3200,0
11480,3200,3200,0
11481,3200,3200,0
11482,3200,3200,0
11483,3200,3200,0
11484,3200,3200,0
11485,3200,3200,0
11486,3200,3200,0
11487,3200,3200,0
11488,3200,3200,0
11489,3200,3200,0
11490,3200,3200,0
11491,3200,3200,0
11492,3200,3200,0
11493,3200,3200,0
11494,3200,3200,0
11495,3200,3200,0
11496,3200,3200,0
11497,3200,3200,0
11498,3200,3200,0
11499,3200,3200,0
11500,3200,3200,0
11501,3200,3200,0
11502,3200,3200,0
11503,3200,3200,0
11504,3200,3200,0
11505,3200,3200,0
11506,3200,3200,0
11507,3200,3200,0
11508,3200,3200,0
11509,3200,3200,0
11510,3200,3200,0
11511,3200,3200,0
11512,3200,3200,0
11513,3200,3200,0
11514,3200,3200,0
11515,3200,3200,0
11516,3200,3200,0
11517,3200,3200,0
11518,3200,3200,0
11519,3200,3200,0
11520,3200,3200,0
11521,3200,3200,0
11522,3200,3200,0
11523,3200,3200,0
11524,3200,3200,0
11525,3200,3200,0
11526,3200,3200,0
11527,3200,3200,0
11528,3200,3200,0
11529,3200,3200,0
11530,3200,3200,0
11531,3200,3200,0
11532,3200,3200,0
11533,3200,3200,0
11534,3200,3200,0
11535,3200,3200,0
11536,3200,3200,0
11537,3200,3200,0
11538,3200,3200,0
11539,3200,3200,0
11540,3200,3200,0
11541,3200,3200,0
11542,3200,3200,0
11543,3200,3200,0
11544,3200,3200,0
11545,3200,3200,0
11546,3200,3200,0
11547,3200,3200,0
11548,3200,3200,0
11549,3200,3200,0
11550,3200,3200,0
11551,3200,3200,0
11552,3200,3200,0
11553,3200,3200,0
11554,3200,3200,0
11555,3200,3200,0
11556,3200,3200,0
11557,3200,3200,0
11558,3200,3200,0
11559,3200,3200,0
11560,3200,3200,0
11561,3200,3200,0
11562,3200,3200,0
11563,3200,3200,0
11564,3200,3200,0
11565,3200,3200,0
11566,3200,3200,0
11567,3200,3200,0
11568,3200,3200,0
11569,3200,3200,0
11570,3200,3200,0
11571,3200,3200,0
11572,3200,3200,0
11573,3200,3200,0
11574,3200,3200,0
11575,3200,3200,0
11576,3200,3200,0
11577,3200,3200,0
11578,3200,3200,0
11579,3200,3200,0
11580,3200,3200,0
11581,3200,3200,0
11582,3200,3200,0
11583,3200,3200,0
11584,3200,3200,0
11585,3200,3200,0
11586,3200,3200,0
11587,3200,3200,0
11588,3200,3200,0
11589,3200,3200,0
11590,3200,3200,0
11591,3200,3200,0
11592,3200,3200,0
11593,3200,3200,0
11594,3200,3200,0
11595,3200,3200,0
11596,3200,3200,0
11597,3200,3200,0
11598,3200,3200,0
11599,3200,3200,0
11600,3200,3200,0
11601,3200,3200,0
11602,3200,3200,0
11603,3200,3200,0
11604,3200,3200,0
11605,3200,3200,0
11606,3200,3200,0
11607,3200,3200,0
11608,3200,3200,0
11609,3200,3200,0
11610,3200,3200,0
11611,3200,3200,0
11612,3200,3200,0
11613,3200,3200,0
11614,3200,3200,0
11615,3200,3200,0
11616,3200,3200,0
11617,3200,3200,0
11618,3200,3200,0
11619,3200,3200,0
11620,3200,3200,0
11621,3200,3200,0
11622,3200,3200,0
11623,3200,3200,0
11624,3200,3200,0
11625,3200,3200,0
11626,3200,3200,0
11627,3200,3200,0
11628,3200,3200,0
11629,3200,3200,0
11630,3200,3200,0
11631,3200,3200,0
11632,3200,3200,0
11633,3200,3200,0
11634,3200,3200,0
11635,3200,3200,0
11636,3200,3200,0
11637,3200,3200,0
11638,3200,3200,0
11639,3200,3200,0
11640,3200,3200,0
11641,3200,3200,0
11642,3200,3200,0
11643,3200,3200,0
11644,3200,3200,0
11645,3200,3200,0
11646,3200,3200,0
11647,3200,3200,0
11648,3200,3200,0
11649,3200,3200,0
11650,3200,3200,0
11651,3200,3200,0
11652,3200,3200,0
11653,3200,3200,0
11654,3200,3200,0
11655,3200,3200,0
11656,3200,3200,0
11657,3200,3200,0
11658,3200,3200,0
11659,3200,3200,0
11660,3200,3200,0
11661,3200,3200,0
11662,3200,3200,0
11663,3200,3200,0
11664,3200,3200,0
11665,3200,3200,0
11666,3200,3200,0
11667,3200,3200,0
11668,3200,3200,0
11669,3200,3200,0
11670,3200,3200,0
11671,3200,3200,0
11672,3200,3200,0
11673,3200,3200,0
11674,3200,3200,0
11675,3200,3200,0
11676,3200,3200,0
11677,3200,3200,0
11678,3200,3200,0
11679,3200,3200,0
11680,3200,3200,0
11681,3200,3200,0
11682,3200,3200,0
11683,3200,3200,0
11684,3200,3200,0
11685,3200,3200,0
11686,3200,3200,0
11687,3200,3200,0
11688,3200,3200,0
11689,3200,3200,0
11690,3200,3200,0
11691,3200,3200,0
11692,3200,3200,0
11693,3200,3200,0
11694,3200,3200,0
11695,3200,3200,0
11696,3200,3200,0
11697,3200,3200,0
11698,3200,3200,0
11699,3200,3200,0
11700,3200,3200,0
11701,3200,3200,0
11702,3200,3200,0
11703,3200,3200,0
11704,3200,3200,0
11705,3200,3200,0
11706,3200,3200,0
11707,3200,3200,0
11708,3200,3200,0
11709,3200,3200,0
11710,3200,3200,0
11711,3200,3200,0
11712,3200,3200,0
11713,3200,3200,0
11714,3200,3200,0
11715,3200,3200,0
11716,3200,3200,0
11717,3200,3200,0
11718,3200,3200,0
11719,3200,3200,0
11720,3200,3200,0
11721,3200,3200,0
11722,3200,3200,0
11723,3200,3200,0
11724,3200,3200,0
11725,3200,3200,0
11726,3200,3200,0
11727,3200,3200,0
11728,3200,3200,0
11729,3200,3200,0
11730,3200,3200,0
11731,3200,3200,0
11732,3200,3200,0
11733,3200,3200,0
11734,3200,3200,0
11735,3200,3200,0
11736,3200,3200,0
11737,3200,3200,0
11738,3200,3200,0
11739,3200,3200,0
11740,3200,3200,0
11741,3200,3200,0
11742,3200,3200,0
11743,3200,3200,0
11744,3200,3200,0
11745,3200,3200,0
11746,3200,3200,0
11747,3200,3200,0
11748,3200,3200,0
11749,3200,3200,0
11750,3200,3200,0
11751,3200,3200,0
11752,3200,3200,0
11753,3200,3200,0
11754,3200,3200,0
11755,3200,3200,0
11756,3200,3200,0
11757,3200,3200,0
11758,3200,3200,0
11759,3200,3200,0
11760,3200,3200,0
11761,3200,3200,0
11762,3200,3200,0
11763,3200,3200,0
11764,3200,3200,0
11765,3200,3200,0
11766,3200,3200,0
11767,3200,3200,0
11768,3200,3200,0
11769,3200,3200,0
11770,3200,3200,0
11771,3200,3200,0
11772,3200,3200,0
11773,3200,3200,0
11774,3200,3200,0
11775,3200,3200,0
11776,3200,3200,0
11777,3200,3200,0
11778,3200,3200,0
11779,3200,3200,0
11780,3200,3200,0
11781,3200,3200,0
11782,3200,3200,0
11783,3200,3200,0
11784,3200,3200,0
11785,3200,3200,0
11786,3200,3200,0
11787,3200,3200,0
11788,3200,3200,0
11789,3200,3200,0
11790,3200,3200,0
11791,3200,3200,0
11792,3200,3200,0
11793,3200,3200,0
11794,3200,3200,0
11795,3200,3200,0
11796,3200,3200,0
11797,3200,3200,0
11798,3200,3200,0
11799,3200,3200,0
11800,3200,3200,0
11801,3200,3200,0
11802,3200,3200,0
11803,3200,3200,0
11804,3200,3200,0
11805,3200,3200,0
11806,3200,3200,0
11807,3200,3200,0
11808,3200,3200,0
11809,3200,3200,0
11810,3200,3200,0
11811,3200,3200,0
11812,3200,3200,0
11813,3200,3200,0
11814,3200,3200,0
11815,3200,3200,0
11816,3200,3200,0
11817,3200,3200,0
11818,3200,3200,0
11819,3200,3200,0
11820,3200,3200,0
11821,3200,3200,0
11822,3200,3200,0
11823,3200,3200,0
11824,3200,3200,0
11825,3200,3200,0
11826,3200,3200,0
11827,3200,3200,0
11828,3200,3200,0
11829,3200,3200,0
11830,3200,3200,0
11831,3200,3200,0
11832,3200,3200,0
11833,3200,3200,0
11834,3200,3200,0
11835,3200,3200,0
11836,3200,3200,0
11837,3200,3200,0
11838,3200,3200,0
11839,3200,3200,0
11840,3200,3200,0
11841,3200,3200,0
11842,3200,3200,0
11843,3200,3200,0
11844,3200,3200,0
11845,3200,3200,0
11846,3200,3200,0
11847,3200,3200,0
11848,3200,3200,0
11849,3200,3200,0
11850,3200,3200,0
11851,3200,3200,0
11852,3200,3200,0
11853,3200,3200,0
11854,3200,3200,0
11855,3200,3200,0
11856,3200,3200,0
11857,3200,3200,0
11858,3200,3200,0
11859,3200,3200,0
11860,3200,3200,0
11861,3200,3200,0
11862,3200,3200,0
11863,3200,3200,0
11864,3200,3200,0
11865,3200,3200,0
11866,3200,3200,0
11867,3200,3200,0
11868,3200,3200,0
11869,3200,3200,0
11870,3200,3200,0
11871,3200,3200,0
11872,3200,3200,0
11873,3200,3200,0
11874,3200,3200,0
11875,3200,3200,0
11876,3200,3200,0
11877,3200,3200,0
11878,3200,3200,0
11879,3200,3200,0
11880,3200,3200,0
11881,3200,3200,0
11882,3200,3200,0
11883,3200,3200,0
11884,3200,3200,0
11885,3200,3200,0
11886,3200,3200,0
11887,3200,3200,0
11888,3200,3200,0
11889,3200,3200,0
11890,3200,3200,0
11891,3200,3200,0
11892,3200,3200,0
11893,3200,3200,0
11894,3200,3200,0
11895,3200,3200,0
11896,3200,3200,0
11897,3200,3200,0
11898,3200,3200,0
11899,3200,3200,0
11900,3200,3200,0
11901,3200,3200,0
11902,3200,3200,0
11903,3200,3200,0
11904,3200,3200,0
11905,3200,3200,0
11906,3200,3200,0
11907,3200,3200,0
11908,3200,3200,0
11909,3200,3200,0
11910,3200,3200,0
11911,3200,3200,0
11912,3200,3200,0
11913,3200,3200,0
11914,3200,3200,0
11915,3200,3200,0
11916,3200,3200,0
11917,3200,3200,0
11918,3200,3200,0
11919,3200,3200,0
11920,3200,3200,0
11921,3200,3200,0
11922,3200,3200,0
11923,3200,3200,0
11924,3200,3200,0
11925,3200,3200,0
11926,3200,3200,0
11927,3200,3200,0
11928,3200,3200,0
11929,3200,3200,0
11930,3200,3200,0
11931,3200,3200,0
11932,3200,3200,0
11933,3200,3200,0
11934,3200,3200,0
11935,3200,3200,0
11936,3200,3200,0
11937,3200,3200,0
11938,3200,3200,0
11939,3200,3200,0
11940,3200,3200,0
11941,3200,3200,0
11942,3200,3200,0
11943,3200,3200,0
11944,3200,3200,0
11945,3200,3200,0
11946,3200,3200,0
11947,3200,3200,0
11948,3200,3200,0
11949,3200,3200,0
11950,3200,3200,0
11951,3200,3200,0
11952,3200,3200,0
11953,3200,3200,0
11954,3200,3200,0
11955,3200,3200,0
11956,3200,3200,0
11957,3200,3200,0
11958,3200,3200,0
11959,3200,3200,0
11960,3200,3200,0
11961,3200,3200,0
11962,3200,3200,0
11963,3200,3200,0
11964,3200,3200,0
11965,3200,3200,0
11966,3200,3200,0
11967,3200,3200,0
11968,3200,3200,0
11969,3200,3200,0
11970,3200,3200,0
11971,3200,3200,0
11972,3200,3200,0
11973,3200,3200,0
11974,3200,3200,0
11975,3200,3200,0
11976,3200,3200,0
11977,3200,3200,0
11978,3200,3200,0
11979,3200,3200,0
11980,3200,3200,0
11981,3200,3200,0
11982,3200,3200,0
11983,3200,3200,0
11984,3200,3200,0
11985,3200,3200,0
11986,3200,3200,0
11987,3200,3200,0
11988,3200,3200,0
11989,3200,3200,0
11990,3200,3200,0
11991,3200,3200,0
11992,3200,3200,0
11993,3200,3200,0
11994,3200,3200,0
11995,3200,3200,0
11996,3200,3200,0
11997,3200,3200,0
11998,3200,3200,0
11999,3200,3200,0
12000,3200,3200,0
12001,3200,3200,0
12002,3200,3200,0
12003,3200,3200,0
12004,3200,3200,0
12005,3200,3200,0
12006,3200,3200,0
12007,3200,3200,0
12008,3200,3200,0
12009,3200,3200,0
12010,3200,3200,0
12011,3200,3200,0
12012,3200,3200,0
12013,3200,3200,0
12014,3200,3200,0
12015,3200,3200,0
12016,3200,3200,0
12017,3200,3200,0
12018,3200,3200,0
12019,3200,3200,0
12020,3200,3200,0
12021,3200,3200,0
12022,3200,3200,0
12023,3200,3200,0
12024,3200,3200,0
12025,3200,3200,0
12026,3200,3200,0
12027,3200,3200,0
12028,3200,3200,0
12029,3200,3200,0
12030,3200,3200,0
12031,3200,3200,0
12032,3200,3200,0
12033,3200,3200,0
12034,3200,3200,0
12035,3200,3200,0
12036,3200,3200,0
12037,3200,3200,0
12038,3200,3200,0
12039,3200,3200,0
12040,3200,3200,0
12041,3200,3200,0
12042,3200,3200,0
12043,3200,3200,0
12044,3200,3200,0
12045,3200,3200,0
12046,3200,3200,0
12047,3200,3200,0
12048,3200,3200,0
12049,3200,3200,0
12050,3200,3200,0
12051,3200,3200,0
12052,3200,3200,0
12053,3200,3200,0
12054,3200,3200,0
12055,3200,3200,0
12056,3200,3200,0
12057,3200,3200,0
12058,3200,3200,0
12059,3200,3200,0
12060,3200,3200,0
12061,3200,3200,0
12062,3200,3200,0
12063,3200,3200,0
12064,3200,3200,0
12065,3200,3200,0
12066,3200,3200,0
12067,3200,3200,0
12068,3200,3200,0
12069,3200,3200,0
12070,3200,3200,0
12071,3200,3200,0
12072,3200,3200,0
12073,3200,3200,0
12074,3200,3200,0
12075,3200,3200,0
12076,3200,3200,0
12077,3200,3200,0
12078,3200,3200,0
12079,3200,3200,0
12080,3200,3200,0
12081,3200,3200,0
12082,3200,3200,0
12083,3200,3200,0
12084,3200,3200,0
12085,3200,3200,0
12086,3200,3200,0
12087,3200,3200,0
12088,3200,3200,0
12089,3200,3200,0
12090,3200,3200,0
12091,3200,3200,0
12092,3200,3200,0
12093,3200,3200,0
12094,3200,3200,0
12095,3200,3200,0
12096,3200,3200,0
12097,3200,3200,0
12098,3200,3200,0
12099,3200,3200,0
12100,3200,3200,0
12101,3200,3200,0
12102,3200,3200,0
12103,3200,3200,0
12104,3200,3200,0
12105,3200,3200,0
12106,3200,3200,0
12107,3200,3200,0
12108,3200,3200,0
12109,3200,3200,0
12110,3200,3200,0
12111,3200,3200,0
12112,3200,3200,0
12113,3200,3200,0
12114,3200,3200,0
12115,3200,3200,0
12116,3200,3200,0
12117,3200,3200,0
12118,3200,3200,0
12119,3200,3200,0
12120,3200,3200,0
12121,3200,3200,0
12122,3200,3200,0
12123,3200,3200,0
12124,3200,3200,0
12125,3200,3200,0
12126,3200,3200,0
12127,3200,3200,0
12128,3200,3200,0
12129,3200,3200,0
12130,3200,3200,0
12131,3200,3200,0
12132,3200,3200,0
12133,3200,3200,0
12134,3200,3200,0
12135,3200,3200,0
12136,3200,3200,0
12137,3200,3200,0
12138,3200,3200,0
12139,3200,3200,0
12140,3200,3200,0
12141,3200,3200,0
12142,3200,3200,0
12143,3200,3200,0
12144,3200,3200,0
12145,3200,3200,0
12146,3200,3200,0
12147,3200,3200,0
12148,3200,3200,0
12149,3200,3200,0
12150,3200,3200,0
12151,3200,3200,0
12152,3200,3200,0
12153,3200,3200,0
12154,3200,3200,0
12155,3200,3200,0
12156,3200,3200,0
12157,3200,3200,0
12158,3200,3200,0
12159,3200,3200,0
12160,3200,3200,0
12161,3200,3200,0
12162,3200,3200,0
12163,3200,3200,0
12164,3200,3200,0
12165,3200,3200,0
12166,3200,3200,0
12167,3200,3200,0
12168,3200,3200,0
12169,3200,3200,0
12170,3200,3200,0
12171,3200,3200,0
12172,3200,3200,0
12173,3200,3200,0
12174,3200,3200,0
12175,3200,3200,0
12176,3200,3200,0
12177,3200,3200,0
12178,3200,3200,0
12179,3200,3200,0
12180,3200,3200,0
12181,3200,3200,0
12182,3200,3200,0
12183,3200,3200,0
12184,3200,3200,0
12185,3200,3200,0
12186,3200,3200,0
12187,3200,3200,0
12188,3200,3200,0
12189,3200,3200,0
12190,3200,3200,0
12191,3200,3200,0
12192,3200,3200,0
12193,3200,3200,0
12194,3200,3200,0
12195,3200,3200,0
12196,3200,3200,0
12197,3200,3200,0
12198,3200,3200,0
12199,3200,3200,0
12200,3200,3200,0
12201,3200,3200,0
12202,3200,3200,0
12203,3200,3200,0
12204,3200,3200,0
12205,3200,3200,0
12206,3200,3200,0
12207,3200,3200,0
12208,3200,3200,0
12209,3200,3200,0
12210,3200,3200,0
12211,3200,3200,0
12212,3200,3200,0
12213,3200,3200,0
12214,3200,3200,0
12215,3200,3200,0
12216,3200,3200,0
12217,3200,3200,0
12218,3200,3200,0
12219,3200,3200,0
12220,3200,3200,0
12221,3200,3200,0
12222,3200,3200,0
12223,3200,3200,0
12224,3200,3200,0
12225,3200,3200,0
12226,3200,3200,0
12227,3200,3200,0
12228,3200,3200,0
12229,3200,3200,0
12230,3200,3200,0
12231,3200,3200,0
12232,3200,3200,0
12233,3200,3200,0
12234,3200,3200,0
12235,3200,3200,0
12236,3200,3200,0
12237,3200,3200,0
12238,3200,3200,0
12239,3200,3200,0
12240,3200,3200,0
12241,3200,3200,0
12242,3200,3200,0
12243,3200,3200,0
12244,3200,3200,0
12245,3200,3200,0
12246,3200,3200,0
12247,3200,3200,0
12248,3200,3200,0
12249,3200,3200,0
12250,3200,3200,0
12251,3200,3200,0
12252,3200,3200,0
12253,3200,3200,0
12254,3200,3200,0
12255,3200,3200,0
12256,3200,3200,0
12257,3200,3200,0
12258,3200,3200,0
12259,3200,3200,0
12260,3200,3200,0
12261,3200,3200,0
12262,3200,3200,0
12263,3200,3200,0
12264,3200,3200,0
12265,3200,3200,0
12266,3200,3200,0
12267,3200,3200,0
12268,3200,3200,0
12269,3200,3200,0
12270,3200,3200,0
12271,3200,3200,0
12272,3200,3200,0
12273,3200,3200,0
12274,3200,3200,0
12275,3200,3200,0
12276,3200,3200,0
12277,3200,3200,0
12278,3200,3200,0
12279,3200,3200,0
12280,3200,3200,0
12281,3200,3200,0
12282,3200,3200,0
12283,3200,3200,0
12284,3200,3200,0
12285,3200,3200,0
12286,3200,3200,0
12287,3200,3200,0
12288,3200,3200,0
12289,3200,3200,0
12290,3200,3200,0
12291,3200,3200,0
12292,3200,3200,0
12293,3200,3200,0
12294,3200,3200,0
12295,3200,3200,0
12296,3200,3200,0
12297,3200,3200,0
12298,3200,3200,0
12299,3200,3200,0
12300,3200,3200,0
12301,3200,3200,0
12302,3200,3200,0
12303,3200,3200,0
12304,3200,3200,0
12305,3200,3200,0
12306,3200,3200,0
12307,3200,3200,0
12308,3200,3200,0
12309,3200,3200,0
12310,3200,3200,0
12311,3200,3200,0
12312,3200,3200,0
12313,3200,3200,0
12314,3200,3200,0
12315,3200,3200,0
12316,3200,3200,0
12317,3200,3200,0
12318,3200,3200,0
12319,3200,3200,0
12320,3200,3200,0
12321,3200,3200,0
12322,3200,3200,0
12323,3200,3200,0
12324,3200,3200,0
12325,3200,3200,0
12326,3200,3200,0
12327,3200,3200,0
12328,3200,3200,0
12329,3200,3200,0
12330,3200,3200,0
12331,3200,3200,0
12332,3200,3200,0
12333,3200,3200,0
12334,3200,3200,0
12335,3200,3200,0
12336,3200,3200,0
12337,3200,3200,0
12338,3200,3200,0
12339,3200,3200,0
12340,3200,3200,0
12341,3200,3200,0
12342,3200,3200,0
12343,3200,3200,0
12344,3200,3200,0
12345,3200,3200,0
12346,3200,3200,0
12347,3200,3200,0
12348,3200,3200,0
12349,3200,3200,0
12350,3200,3200,0
12351,3200,3200,0
12352,3200,3200,0
12353,3200,3200,0
12354,3200,3200,0
12355,3200,3200,0
12356,3200,3200,0
12357,3200,3200,0
12358,3200,3200,0
12359,3200,3200,0
12360,3200,3200,0
12361,3200,3200,0
12362,3200,3200,0
12363,3200,3200,0
12364,3200,3200,0
12365,3200,3200,0
12366,3200,3200,0
12367,3200,3200,0
12368,3200,3200,0
12369,3200,3200,0
12370,3200,3200,0
12371,3200,3200,0
12372,3200,3200,0
12373,3200,3200,0
12374,3200,3200,0
12375,3200,3200,0
12376,3200,3200,0
12377,3200,3200,0
12378,3200,3200,0
12379,3200,3200,0
12380,3200,3200,0
12381,3200,3200,0
12382,3200,3200,0
12383,3200,3200,0
12384,3200,3200,0
12385,3200,3200,0
12386,3200,3200,0
12387,3200,3200,0
12388,3200,3200,0
12389,3200,3200,0
12390,3200,3200,0
12391,3200,3200,0
12392,3200,3200,0
12393,3200,3200,0
12394,3200,3200,0
12395,3200,3200,0
12396,3200,3200,0
12397,3200,3200,0
12398,3200,3200,0
12399,3200,3200,0
12400,3200,3200,0
12401,3200,3200,0
12402,3200,3200,0
12403,3200,3200,0
12404,3200,3200,0
12405,3200,3200,0
12406,3200,3200,0
12407,3200,3200,0
12408,3200,3200,0
12409,3200,3200,0
12410,3200,3200,0
12411,3200,3200,0
12412,3200,3200,0
12413,3200,3200,0
12414,3200,3200,0
12415,3200,3200,0
12416,3200,3200,0
12417,3200,3200,0
12418,3200,3200,0
12419,3200,3200,0
12420,3200,3200,0
12421,3200,3200,0
12422,3200,3200,0
12423,3200,3200,0
12424,3200,3200,0
12425,3200,3200,0
12426,3200,3200,0
12427,3200,3200,0
12428,3200,3200,0
12429,3200,3200,0
12430,3200,3200,0
12431,3200,3200,0
12432,3200,3200,0
12433,3200,3200,0
12434,3200,3200,0
12435,3200,3200,0
12436,3200,3200,0
12437,3200,3200,0
12438,3200,3200,0
12439,3200,3200,0
12440,3200,3200,0
12441,3200,3200,0
12442,3200,3200,0
12443,3200,3200,0
12444,3200,3200,0
12445,3200,3200,0
12446,3200,3200,0
12447,3200,3200,0
12448,3200,3200,0
12449,3200,3200,0
12450,3200,3200,0
12451,3200,3200,0
12452,3200,3200,0
12453,3200,3200,0
12454,3200,3200,0
12455,3200,3200,0
12456,3200,3200,0
12457,3200,3200,0
12458,3200,3200,0
12459,3200,3200,0
12460,3200,3200,0
12461,3200,3200,0
12462,3200,3200,0
12463,3200,3200,0
12464,3200,3200,0
12465,3200,3200,0
12466,3200,3200,0
12467,3200,3200,0
12468,3200,3200,0
12469,3200,3200,0
12470,3200,3200,0
12471,3200,3200,0
12472,3200,3200,0
12473,3200,3200,0
12474,3200,3200,0
12475,3200,3200,0
12476,3200,3200,0
12477,3200,3200,0
12478,3200,3200,0
12479,3200,3200,0
12480,3200,3200,0
12481,3200,3200,0
12482,3200,3200,0
12483,3200,3200,0
12484,3200,3200,0
12485,3200,3200,0
12486,3200,3200,0
12487,3200,3200,0
12488,3200,3200,0
12489,3200,3200,0
12490,3200,3200,0
12491,3200,3200,0
12492,3200,3200,0
12493,3200,3200,0
12494,3200,3200,0
12495,3200,3200,0
12496,3200,3200,0
12497,3200,3200,0
12498,3200,3200,0
12499,3200,3200,0
12500,3200,3200,0
12501,3200,3200,0
12502,3200,3200,0
12503,3200,3200,0
12504,3200,3200,0
12505,3200,3200,0
12506,3200,3200,0
12507,3200,3200,0
12508,3200,3200,0
12509,3200,3200,0
12510,3200,3200,0
12511,3200,3200,0
12512,3200,3200,0
12513,3200,3200,0
12514,3200,3200,0
12515,3200,3200,0
12516,3200,3200,0
12517,3200,3200,0
12518,3200,3200,0
12519,3200,3200,0
12520,3200,3200,0
12521,3200,3200,0
12522,3200,3200,0
12523,3200,3200,0
12524,3200,3200,0
12525,3200,3200,0
12526,3200,3200,0
12527,3200,3200,0
12528,3200,3200,0
12529,3200,3200,0
12530,3200,3200,0
12531,3200,3200,0
12532,3200,3200,0
12533,3200,3200,0
12534,3200,3200,0
12535,3200,3200,0
12536,3200,3200,0
12537,3200,3200,0
12538,3200,3200,0
12539,3200,3200,0
12540,3200,3200,0
12541,3200,3200,0
12542,3200,3200,0
12543,3200,3200,0
12544,3200,3200,0
12545,3200,3200,0
12546,3200,3200,0
12547,3200,3200,0
12548,3200,3200,0
12549,3200,3200,0
12550,3200,3200,0
12551,3200,3200,0
12552,3200,3200,0
12553,3200,3200,0
12554,3200,3200,0
12555,3200,3200,0
12556,3200,3200,0
12557,3200,3200,0
12558,3200,3200,0
12559,3200,3200,0
12560,3200,3200,0
12561,3200,3200,0
12562,3200,3200,0
12563,3200,3200,0
12564,3200,3200,0
12565,3200,3200,0
12566,3200,3200,0
12567,3200,3200,0
12568,3200,3200,0
12569,3200,3200,0
12570,3200,3200,0
12571,3200,3200,0
12572,3200,3200,0
12573,3200,3200,0
12574,3200,3200,0
12575,3200,3200,0
12576,3200,3200,0
12577,3200,3200,0
12578,3200,3200,0
12579,3200,3200,0
12580,3200,3200,0
12581,3200,3200,0
12582,3200,3200,0
12583,3200,3200,0
12584,3200,3200,0
12585,3200,3200,0
12586,3200,3200,0
12587,3200,3200,0
12588,3200,3200,0
12589,3200,3200,0
12590,3200,3200,0
12591,3200,3200,0
12592,3200,3200,0
12593,3200,3200,0
12594,3200,3200,0
12595,3200,3200,0
12596,3200,3200,0
12597,3200,3200,0
12598,3200,3200,0
12599,3200,3200,0
12600,3200,3200,0
12601,3200,3200,0
12602,3200,3200,0
12603,3200,3200,0
12604,3200,3200,0
12605,3200,3200,0
12606,3200,3200,0
12607,3200,3200,0
12608,3200,3200,0
12609,3200,3200,0
12610,3200,3200,0
12611,3200,3200,0
12612,3200,3200,0
12613,3200,3200,0
12614,3200,3200,0
12615,3200,3200,0
12616,3200,3200,0
12617,3200,3200,0
12618,3200,3200,0
12619,3200,3200,0
12620,3200,3200,0
12621,3200,3200,0
12622,3200,3200,0
12623,3200,3200,0
12624,3200,3200,0
12625,3200,3200,0
12626,3200,3200,0
12627,3200,3200,0
12628,3200,3200,0
12629,3200,3200,0
12630,3200,3200,0
12631,3200,3200,0
12632,3200,3200,0
12633,3200,3200,0
12634,3200,3200,0
12635,3200,3200,0
12636,3200,3200,0
12637,3200,3200,0
12638,3200,3200,0
12639,3200,3200,0
12640,3200,3200,0
12641,3200,3200,0
12642,3200,3200,0
12643,3200,3200,0
12644,3200,3200,0
12645,3200,3200,0
12646,3200,3200,0
12647,3200,3200,0
12648,3200,3200,0
12649,3200,3200,0
12650,3200,3200,0
12651,3200,3200,0
12652,3200,3200,0
12653,3200,3200,0
12654,3200,3200,0
12655,3200,3200,0
12656,3200,3200,0
12657,3200,3200,0
12658,3200,3200,0
12659,3200,3200,0
12660,3200,3200,0
12661,3200,3200,0
12662,3200,3200,0
12663,3200,3200,0
12664,3200,3200,0
12665,3200,3200,0
12666,3200,3200,0
12667,3200,3200,0
12668,3200,3200,0
12669,3200,3200,0
12670,3200,3200,0
12671,3200,3200,0
12672,3200,3200,0
12673,3200,3200,0
12674,3200,3200,0
12675,3200,3200,0
12676,3200,3200,0
12677,3200,3200,0
12678,3200,3200,0
12679,3200,3200,0
12680,3200,3200,0
12681,3200,3200,0
12682,3200,3200,0
12683,3200,3200,0
12684,3200,3200,0
12685,3200,3200,0
12686,3200,3200,0
12687,3200,3200,0
12688,3200,3200,0
12689,3200,3200,0
12690,3200,3200,0
12691,3200,3200,0
12692,3200,3200,0
12693,3200,3200,0
12694,3200,3200,0
12695,3200,3200,0
12696,3200,3200,0
12697,3200,3200,0
12698,3200,3200,0
12699,3200,3200,0
12700,3200,3200,0
12701,3200,3200,0
12702,3200,3200,0
12703,3200,3200,0
12704,3200,3200,0
12705,3200,3200,0
12706,3200,3200,0
12707,3200,3200,0
12708,3200,3200,0
12709,3200,3200,0
12710,3200,3200,0
12711,3200,3200,0
12712,3200,3200,0
12713,3200,3200,0
12714,3200,3200,0
12715,3200,3200,0
12716,3200,3200,0
12717,3200,3200,0
12718,3200,3200,0
12719,3200,3200,0
12720,3200,3200,0
12721,3200,3200,0
12722,3200,3200,0
12723,3200,3200,0
12724,3200,3200,0
12725,3200,3200,0
12726,3200,3200,0
12727,3200,3200,0
12728,3200,3200,0
12729,3200,3200,0
12730,3200,3200,0
12731,3200,3200,0
12732,3200,3200,0
12733,3200,3200,0
12734,3200,3200,0
12735,3200,3200,0
12736,3200,3200,0
12737,3200,3200,0
12738,3200,3200,0
12739,3200,3200,0
12740,3200,3200,0
12741,3200,3200,0
12742,3200,3200,0
12743,3200,3200,0
12744,3200,3200,0
12745,3200,3200,0
12746,3200,3200,0
12747,3200,3200,0
12748,3200,3200,0
12749,3200,3200,0
12750,3200,3200,0
12751,3200,3200,0
12752,3200,3200,0
12753,3200,3200,0
12754,3200,3200,0
12755,3200,3200,0
12756,3200,3200,0
12757,3200,3200,0
12758,3200,3200,0
12759,3200,3200,0
12760,3200,3200,0
12761,3200,3200,0
12762,3200,3200,0
12763,3200,3200,0
12764,3200,3200,0
12765,3200,3200,0
12766,3200,3200,0
12767,3200,3200,0
12768,3200,3200,0
12769,3200,3200,0
12770,3200,3200,0
12771,3200,3200,0
12772,3200,3200,0
12773,3200,3200,0
12774,3200,3200,0
12775,3200,3200,0
12776,3200,3200,0
12777,3200,3200,0
12778,3200,3200,0
12779,3200,3200,0
12780,3200,3200,0
12781,3200,3200,0
12782,3200,3200,0
12783,3200,3200,0
12784,3200,3200,0
12785,3200,3200,0
12786,3200,3200,0
12787,3200,3200,0
12788,3200,3200,0
12789,3200,3200,0
12790,3200,3200,0
12791,3200,3200,0
12792,3200,3200,0
12793,3200,3200,0
12794,3200,3200,0
12795,3200,3200,0
12796,3200,3200,0
12797,3200,3200,0
12798,3200,3200,0
12799,3200,3200,0
12800,3200,3200,0
12801,3200,3200,0
12802,3200,3200,0
12803,3200,3200,0
12804,3200,3200,0
12805,3200,3200,0
12806,3200,3200,0
12807,3200,3200,0
12808,3200,3200,0
12809,3200,3200,0
12810,3200,3200,0
12811,3200,3200,0
12812,3200,3200,0
12813,3200,3200,0
12814,3200,3200,0
12815,3200,3200,0
12816,3200,3200,0
12817,3200,3200,0
12818,3200,3200,0
12819,3200,3200,0
12820,3200,3200,0
12821,3200,3200,0
12822,3200,3200,0
12823,3200,3200,0
12824,3200,3200,0
12825,3200,3200,0
12826,3200,3200,0
12827,3200,3200,0
12828,3200,3200,0
12829,3200,3200,0
12830,3200,3200,0
12831,3200,3200,0
12832,3200,3200,0
12833,3200,3200,0
12834,3200,3200,0
12835,3200,3200,0
12836,3200,3200,0
12837,3200,3200,0
12838,3200,3200,0
12839,3200,3200,0
12840,3200,3200,0
12841,3200,3200,0
12842,3200,3200,0
12843,3200,3200,0
12844,3200,3200,0
12845,3200,3200,0
12846,3200,3200,0
12847,3200,3200,0
12848,3200,3200,0
12849,3200,3200,0
12850,3200,3200,0
12851,3200,3200,0
12852,3200,3200,0
12853,3200,3200,0
12854,3200,3200,0
12855,3200,3200,0
12856,3200,3200,0
12857,3200,3200,0
12858,3200,3200,0
12859,3200,3200,0
12860,3200,3200,0
12861,3200,3200,0
12862,3200,3200,0
12863,3200,3200,0
12864,3200,3200,0
12865,3200,3200,0
12866,3200,3200,0
12867,3200,3200,0
12868,3200,3200,0
12869,3200,3200,0
12870,3200,3200,0
12871,3200,3200,0
12872,3200,3200,0
12873,3200,3200,0
12874,3200,3200,0
12875,3200,3200,0
12876,3200,3200,0
12877,3200,3200,0
12878,3200,3200,0
12879,3200,3200,0
12880,3200,3200,0
12881,3200,3200,0
12882,3200,3200,0
12883,3200,3200,0
12884,3200,3200,0
12885,3200,3200,0
12886,3200,3200,0
12887,3200,3200,0
12888,3200,3200,0
12889,3200,3200,0
12890,3200,3200,0
12891,3200,3200,0
12892,3200,3200,0
12893,3200,3200,0
12894,3200,3200,0
12895,3200,3200,0
12896,3200,3200,0
12897,3200,3200,0
12898,3200,3200,0
12899,3200,3200,0
12900,3200,3200,0
12901,3200,3200,0
12902,3200,3200,0
12903,3200,3200,0
12904,3200,3200,0
12905,3200,3200,0
12906,3200,3200,0
12907,3200,3200,0
12908,3200,3200,0
12909,3200,3200,0
12910,3200,3200,0
12911,3200,3200,0
12912,3200,3200,0
12913,3200,3200,0
12914,3200,3200,0
12915,3200,3200,0
12916,3200,3200,0
12917,3200,3200,0
12918,3200,3200,0
12919,3200,3200,0
12920,3200,3200,0
12921,3200,3200,0
12922,3200,3200,0
12923,3200,3200,0
12924,3200,3200,0
12925,3200,3200,0
12926,3200,3200,0
12927,3200,3200,0
12928,3200,3200,0
12929,3200,3200,0
12930,3200,3200,0
12931,3200,3200,0
12932,3200,3200,0
12933,3200,3200,0
12934,3200,3200,0
12935,3200,3200,0
12936,3200,3200,0
12937,3200,3200,0
12938,3200,3200,0
12939,3200,3200,0
12940,3200,3200,0
12941,3200,3200,0
12942,3200,3200,0
12943,3200,3200,0
12944,3200,3200,0
12945,3200,3200,0
12946,3200,3200,0
12947,3200,3200,0
12948,3200,3200,0
12949,3200,3200,0
12950,3200,3200,0
12951,3200,3200,0
12952,3200,3200,0
12953,3200,3200,0
12954,3200,3200,0
12955,3200,3200,0
12956,3200,3200,0
12957,3200,3200,0
12958,3200,3200,0
12959,3200,3200,0
12960,3200,3200,0
12961,3200,3200,0
12962,3200,3200,0
12963,3200,3200,0
12964,3200,3200,0
12965,3200,3200,0
12966,3200,3200,0
12967,3200,3200,0
12968,3200,3200,0
12969,3200,3200,0
12970,3200,3200,0
12971,3200,3200,0
12972,3200,3200,0
12973,3200,3200,0
12974,3200,3200,0
12975,3200,3200,0
12976,3200,3200,0
12977,3200,3200,0
12978,3200,3200,0
12979,3200,3200,0
12980,3200,3200,0
12981,3200,3200,0
12982,3200,3200,0
12983,3200,3200,0
12984,3200,3200,0
12985,3200,3200,0
12986,3200,3200,0
12987,3200,3200,0
12988,3200,3200,0
12989,3200,3200,0
12990,3200,3200,0
12991,3200,3200,0
12992,3200,3200,0
12993,3200,3200,0
12994,3200,3200,0
12995,3200,3200,0
12996,3200,3200,0
12997,3200,3200,0
12998,3200,3200,0
12999,3200,3200,0
13000,3200,3200,0
13001,3200,3200,0
13002,3200,3200,0
13003,3200,3200,0
13004,3200,3200,0
13005,3200,3200,0
13006,3200,3200,0
13007,3200,3200,0
13008,3200,3200,0
13009,3200,3200,0
13010,3200,3200,0
13011,3200,3200,0
13012,3200,3200,0
13013,3200,3200,0
13014,3200,3200,0
13015,3200,3200,0
13016,3200,3200,0
13017,3200,3200,0
13018,3200,3200,0
13019,3200,3200,0
13020,3200,3200,0
13021,3200,3200,0
13022,3200,3200,0
13023,3200,3200,0
13024,3200,3200,0
13025,3200,3200,0
13026,3200,3200,0
13027,3200,3200,0
13028,3200,3200,0
13029,3200,3200,0
13030,3200,3200,0
13031,3200,3200,0
13032,3200,3200,0
13033,3200,3200,0
13034,3200,3200,0
13035,3200,3200,0
13036,3200,3200,0
13037,3200,3200,0
13038,3200,3200,0
13039,3200,3200,0
13040,3200,3200,0
13041,3200,3200,0
13042,3200,3200,0
13043,3200,3200,0
13044,3200,3200,0
13045,3200,3200,0
13046,3200,3200,0
13047,3200,3200,0
13048,3200,3200,0
13049,3200,3200,0
13050,3200,3200,0
13051,3200,3200,0
13052,3200,3200,0
13053,3200,3200,0
13054,3200,3200,0
13055,3200,3200,0
13056,3200,3200,0
13057,3200,3200,0
13058,3200,3200,0
13059,3200,3200,0
13060,3200,3200,0
13061,3200,3200,0
13062,3200,3200,0
13063,3200,3200,0
13064,3200,3200,0
13065,3200,3200,0
13066,3200,3200,0
13067,3200,3200,0
13068,3200,3200,0
13069,3200,3200,0
13070,3200,3200,0
13071,3200,3200,0
13072,3200,3200,0
13073,3200,3200,0
13074,3200,3200,0
13075,3200,3200,0
13076,3200,3200,0
13077,3200,3200,0
13078,3200,3200,0
13079,3200,3200,0
13080,3200,3200,0
13081,3200,3200,0
13082,3200,3200,0
13083,3200,3200,0
13084,3200,3200,0
13085,3200,3200,0
13086,3200,3200,0
13087,3200,3200,0
13088,3200,3200,0
13089,3200,3200,0
13090,3200,3200,0
13091,3200,3200,0
13092,3200,3200,0
13093,3200,3200,0
13094,3200,3200,0
13095,3200,3200,0
13096,3200,3200,0
13097,3200,3200,0
13098,3200,3200,0
13099,3200,3200,0
13100,3200,3200,0
13101,3200,3200,0
13102,3200,3200,0
13103,3200,3200,0
13104,3200,3200,0
13105,3200,3200,0
13106,3200,3200,0
13107,3200,3200,0
13108,3200,3200,0
13109,3200,3200,0
13110,3200,3200,0
13111,3200,3200,0
13112,3200,3200,0
13113,3200,3200,0
13114,3200,3200,0
13115,3200,3200,0
13116,3200,3200,0
13117,3200,3200,0
13118,3200,3200,0
13119,3200,3200,0
13120,3200,3200,0
13121,3200,3200,0
13122,3200,3200,0
13123,3200,3200,0
13124,3200,3200,0
13125,3200,3200,0
13126,3200,3200,0
13127,3200,3200,0
13128,3200,3200,0
13129,3200,3200,0
13130,3200,3200,0
13131,3200,3200,0
13132,3200,3200,0
13133,3200,3200,0
13134,3200,3200,0
13135,3200,3200,0
13136,3200,3200,0
13137,3200,3200,0
13138,3200,3200,0
13139,3200,3200,0
13140,3200,3200,0
13141,3200,3200,0
13142,3200,3200,0
13143,3200,3200,0
13144,3200,3200,0
13145,3200,3200,0
13146,3200,3200,0
13147,3200,3200,0
13148,3200,3200,0
13149,3200,3200,0
13150,3200,3200,0
13151,3200,3200,0
13152,3200,3200,0
13153,3200,3200,0
13154,3200,3200,0
13155,3200,3200,0
13156,3200,3200,0
13157,3200,3200,0
13158,3200,3200,0
13159,3200,3200,0
13160,3200,3200,0
13161,3200,3200,0
13162,3200,3200,0
13163,3200,3200,0
13164,3200,3200,0
13165,3200,3200,0
13166,3200,3200,0
13167,3200,3200,0
13168,3200,3200,0
13169,3200,3200,0
13170,3200,3200,0
13171,3200,3200,0
13172,3200,3200,0
13173,3200,3200,0
13174,3200,3200,0
13175,3200,3200,0
13176,3200,3200,0
13177,3200,3200,0
13178,3200,3200,0
13179,3200,3200,0
13180,3200,3200,0
13181,3200,3200,0
13182,3200,3200,0
13183,3200,3200,0
13184,3200,3200,0
13185,3200,3200,0
13186,3200,3200,0
13187,3200,3200,0
13188,3200,3200,0
13189,3200,3200,0
13190,3200,3200,0
13191,3200,3200,0
13192,3200,3200,0
13193,3200,3200,0
13194,3200,3200,0
13195,3200,3200,0
13196,3200,3200,0
13197,3200,3200,0
13198,3200,3200,0
13199,3200,3200,0
13200,3200,3200,0
13201,3200,3200,0
13202,3200,3200,0
13203,3200,3200,0
13204,3200,3200,0
13205,3200,3200,0
13206,3200,3200,0
13207,3200,3200,0
13208,3200,3200,0
13209,3200,3200,0
13210,3200,3200,0
13211,3200,3200,0
13212,3200,3200,0
13213,3200,3200,0
13214,3200,3200,0
13215,3200,3200,0
13216,3200,3200,0
13217,3200,3200,0
13218,3200,3200,0
13219,3200,3200,0
13220,3200,3200,0
13221,3200,3200,0
13222,3200,3200,0
13223,3200,3200,0
13224,3200,3200,0
13225,3200,3200,0
13226,3200,3200,0
13227,3200,3200,0
13228,3200,3200,0
13229,3200,3200,0
13230,3200,3200,0
13231,3200,3200,0
13232,3200,3200,0
13233,3200,3200,0
13234,3200,3200,0
13235,3200,3200,0
13236,3200,3200,0
13237,3200,3200,0
13238,3200,3200,0
13239,3200,3200,0
13240,3200,3200,0
13241,3200,3200,0
13242,3200,3200,0
13243,3200,3200,0
13244,3200,3200,0
13245,3200,3200,0
13246,3200,3200,0
13247,3200,3200,0
13248,3200,3200,0
13249,3200,3200,0
13250,3200,3200,0
13251,3200,3200,0
13252,3200,3200,0
13253,3200,3200,0
13254,3200,3200,0
13255,3200,3200,0
13256,3200,3200,0
13257,3200,3200,0
13258,3200,3200,0
13259,3200,3200,0
13260,3200,3200,0
13261,3200,3200,0
13262,3200,3200,0
13263,3200,3200,0
13264,3200,3200,0
13265,3200,3200,0
13266,3200,3200,0
13267,3200,3200,0
13268,3200,3200,0
13269,3200,3200,0
13270,3200,3200,0
13271,3200,3200,0
13272,3200,3200,0
13273,3200,3200,0
13274,3200,3200,0
13275,3200,3200,0
13276,3200,3200,0
13277,3200,3200,0
13278,3200,3200,0
13279,3200,3200,0
13280,3200,3200,0
13281,3200,3200,0
13282,3200,3200,0
13283,3200,3200,0
13284,3200,3200,0
13285,3200,3200,0
13286,3200,3200,0
13287,3200,3200,0
13288,3200,3200,0
13289,3200,3200,0
13290,3200,3200,0
13291,3200,3200,0
13292,3200,3200,0
13293,3200,3200,0
13294,3200,3200,0
13295,3200,3200,0
13296,3200,3200,0
13297,3200,3200,0
13298,3200,3200,0
13299,3200,3200,0
13300,3200,3200,0
13301,3200,3200,0
13302,3200,3200,0
13303,3200,3200,0
13304,3200,3200,0
13305,3200,3200,0
13306,3200,3200,0
13307,3200,3200,0
13308,3200,3200,0
13309,3200,3200,0
13310,3200,3200,0
13311,3200,3200,0
13312,3200,3200,0
13313,3200,3200,0
13314,3200,3200,0
13315,3200,3200,0
13316,3200,3200,0
13317,3200,3200,0
13318,3200,3200,0
13319,3200,3200,0
13320,3200,3200,0
13321,3200,3200,0
13322,3200,3200,0
13323,3200,3200,0
13324,3200,3200,0
13325,3200,3200,0
13326,3200,3200,0
13327,3200,3200,0
13328,3200,3200,0
13329,3200,3200,0
13330,3200,3200,0
13331,3200,3200,0
13332,3200,3200,0
13333,3200,3200,0
13334,3200,3200,0
13335,3200,3200,0
13336,3200,3200,0
13337,3200,3200,0
13338,3200,3200,0
13339,3200,3200,0
13340,3200,3200,0
13341,3200,3200,0
13342,3200,3200,0
13343,3200,3200,0
13344,3200,3200,0
13345,3200,3200,0
13346,3200,3200,0
13347,3200,3200,0
13348,3200,3200,0
13349,3200,3200,0
13350,3200,3200,0
13351,3200,3200,0
13352,3200,3200,0
13353,3200,3200,0
13354,3200,3200,0
13355,3200,3200,0
13356,3200,3200,0
13357,3200,3200,0
13358,3200,3200,0
13359,3200,3200,0
13360,3200,3200,0
13361,3200,3200,0
13362,3200,3200,0
13363,3200,3200,0
13364,3200,3200,0
13365,3200,3200,0
13366,3200,3200,0
13367,3200,3200,0
13368,3200,3200,0
13369,3200,3200,0
13370,3200,3200,0
13371,3200,3200,0
13372,3200,3200,0
13373,3200,3200,0
13374,3200,3200,0
13375,3200,3200,0
13376,3200,3200,0
13377,3200,3200,0
13378,3200,3200,0
13379,3200,3200,0
13380,3200,3200,0
13381,3200,3200,0
13382,3200,3200,0
13383,3200,3200,0
13384,3200,3200,0
13385,3200,3200,0
13386,3200,3200,0
13387,3200,3200,0
13388,3200,3200,0
13389,3200,3200,0
13390,3200,3200,0
13391,3200,3200,0
13392,3200,3200,0
13393,3200,3200,0
13394,3200,3200,0
13395,3200,3200,0
13396,3200,3200,0
13397,3200,3200,0
13398,3200,3200,0
13399,3200,3200,0
13400,3200,3200,0
13401,3200,3200,0
13402,3200,3200,0
13403,3200,3200,0
13404,3200,3200,0
13405,3200,3200,0
13406,3200,3200,0
13407,3200,3200,0
13408,3200,3200,0
13409,3200,3200,0
13410,3200,3200,0
13411,3200,3200,0
13412,3200,3200,0
13413,3200,3200,0
13414,3200,3200,0
13415,3200,3200,0
13416,3200,3200,0
13417,3200,3200,0
13418,3200,3200,0
13419,3200,3200,0
13420,3200,3200,0
13421,3200,3200,0
13422,3200,3200,0
13423,3200,3200,0
13424,3200,3200,0
13425,3200,3200,0
13426,3200,3200,0
13427,3200,3200,0
13428,3200,3200,0
13429,3200,3200,0
13430,3200,3200,0
13431,3200,3200,0
13432,3200,3200,0
13433,3200,3200,0
13434,3200,3200,0
13435,3200,3200,0
13436,3200,3200,0
13437,3200,3200,0
13438,3200,3200,0
13439,3200,3200,0
13440,3200,3200,0
13441,3200,3200,0
13442,3200,3200,0
13443,3200,3200,0
13444,3200,3200,0
13445,3200,3200,0
13446,3200,3200,0
13447,3200,3200,0
13448,3200,3200,0
13449,3200,3200,0
13450,3200,3200,0
13451,3200,3200,0
13452,3200,3200,0
13453,3200,3200,0
13454,3200,3200,0
13455,3200,3200,0
13456,3200,3200,0
13457,3200,3200,0
13458,3200,3200,0
13459,3200,3200,0
13460,3200,3200,0
13461,3200,3200,0
13462,3200,3200,0
13463,3200,3200,0
13464,3200,3200,0
13465,3200,3200,0
13466,3200,3200,0
13467,3200,3200,0
13468,3200,3200,0
13469,3200,3200,0
13470,3200,3200,0
13471,3200,3200,0
13472,3200,3200,0
13473,3200,3200,0
13474,3200,3200,0
13475,3200,3200,0
13476,3200,3200,0
13477,3200,3200,0
13478,3200,3200,0
13479,3200,3200,0
13480,3200,3200,0
13481,3200,3200,0
13482,3200,3200,0
13483,3200,3200,0
13484,3200,3200,0
13485,3200,3200,0
13486,3200,3200,0
13487,3200,3200,0
13488,3200,3200,0
13489,3200,3200,0
13490,3200,3200,0
13491,3200,3200,0
13492,3200,3200,0
13493,3200,3200,0
13494,3200,3200,0
13495,3200,3200,0
13496,3200,3200,0
13497,3200,3200,0
13498,3200,3200,0
13499,3200,3200,0
13500,3200,3200,0
13501,3200,3200,0
13502,3200,3200,0
13503,3200,3200,0
13504,3200,3200,0
13505,3200,3200,0
13506,3200,3200,0
13507,3200,3200,0
13508,3200,3200,0
13509,3200,3200,0
13510,3200,3200,0
13511,3200,3200,0
13512,3200,3200,0
13513,3200,3200,0
13514,3200,3200,0
13515,3200,3200,0
13516,3200,3200,0
13517,3200,3200,0
13518,3200,3200,0
13519,3200,3200,0
13520,3200,3200,0
13521,3200,3200,0
13522,3200,3200,0
13523,3200,3200,0
13524,3200,3200,0
13525,3200,3200,0
13526,3200,3200,0
13527,3200,3200,0
13528,3200,3200,0
13529,3200,3200,0
13530,3200,3200,0
13531,3200,3200,0
13532,3200,3200,0
13533,3200,3200,0
13534,3200,3200,0
13535,3200,3200,0
13536,3200,3200,0
13537,3200,3200,0
13538,3200,3200,0
13539,3200,3200,0
13540,3200,3200,0
13541,3200,3200,0
13542,3200,3200,0
13543,3200,3200,0
13544,3200,3200,0
13545,3200,3200,0
13546,3200,3200,0
13547,3200,3200,0
13548,3200,3200,0
13549,3200,3200,0
13550,3200,3200,0
13551,3200,3200,0
13552,3200,3200,0
13553,3200,3200,0
13554,3200,3200,0
13555,3200,3200,0
13556,3200,3200,0
13557,3200,3200,0
13558,3200,3200,0
13559,3200,3200,0
13560,3200,3200,0
13561,3200,3200,0
13562,3200,3200,0
13563,3200,3200,0
13564,3200,3200,0
13565,3200,3200,0
13566,3200,3200,0
13567,3200,3200,0
13568,3200,3200,0
13569,3200,3200,0
13570,3200,3200,0
13571,3200,3200,0
13572,3200,3200,0
13573,3200,3200,0
13574,3200,3200,0
13575,3200,3200,0
13576,3200,3200,0
13577,3200,3200,0
13578,3200,3200,0
13579,3200,3200,0
13580,3200,3200,0
13581,3200,3200,0
13582,3200,3200,0
13583,3200,3200,0
13584,3200,3200,0
13585,3200,3200,0
13586,3200,3200,0
13587,3200,3200,0
13588,3200,3200,0
13589,3200,3200,0
13590,3200,3200,0
13591,3200,3200,0
13592,3200,3200,0
13593,3200,3200,0
13594,3200,3200,0
13595,3200,3200,0
13596,3200,3200,0
13597,3200,3200,0
13598,3200,3200,0
13599,3200,3200,0
13600,3200,3200,0
13601,3200,3200,0
13602,3200,3200,0
13603,3200,3200,0
13604,3200,3200,0
13605,3200,3200,0
13606,3200,3200,0
13607,3200,3200,0
13608,3200,3200,0
13609,3200,3200,0
13610,3200,3200,0
13611,3200,3200,0
13612,3200,3200,0
13613,3200,3200,0
13614,3200,3200,0
13615,3200,3200,0
13616,3200,3200,0
13617,3200,3200,0
13618,3200,3200,0
13619,3200,3200,0
13620,3200,3200,0
13621,3200,3200,0
13622,3200,3200,0
13623,3200,3200,0
13624,3200,3200,0
13625,3200,3200,0
13626,3200,3200,0
13627,3200,3200,0
13628,3200,3200,0
13629,3200,3200,0
13630,3200,3200,0
13631,3200,3200,0
13632,3200,3200,0
13633,3200,3200,0
13634,3200,3200,0
13635,3200,3200,0
13636,3200,3200,0
13637,3200,3200,0
13638,3200,3200,0
13639,3200,3200,0
13640,3200,3200,0
13641,3200,3200,0
13642,3200,3200,0
13643,3200,3200,0
13644,3200,3200,0
13645,3200,3200,0
13646,3200,3200,0
13647,3200,3200,0
13648,3200,3200,0
13649,3200,3200,0
13650,3200,3200,0
13651,3200,3200,0
13652,3200,3200,0
13653,3200,3200,0
13654,3200,3200,0
13655,3200,3200,0
13656,3200,3200,0
13657,3200,3200,0
13658,3200,3200,0
13659,3200,3200,0
13660,3200,3200,0
13661,3200,3200,0
13662,3200,3200,0
13663,3200,3200,0
13664,3200,3200,0
13665,3200,3200,0
13666,3200,3200,0
13667,3200,3200,0
13668,3200,3200,0
13669,3200,3200,0
13670,3200,3200,0
13671,3200,3200,0
13672,3200,3200,0
13673,3200,3200,0
13674,3200,3200,0
13675,3200,3200,0
13676,3200,3200,0
13677,3200,3200,0
13678,3200,3200,0
13679,3200,3200,0
13680,3200,3200,0
13681,3200,3200,0
13682,3200,3200,0
13683,3200,3200,0
13684,3200,3200,0
13685,3200,3200,0
13686,3200,3200,0
13687,3200,3200,0
13688,3200,3200,0
13689,3200,3200,0
13690,3200,3200,0
13691,3200,3200,0
13692,3200,3200,0
13693,3200,3200,0
13694,3200,3200,0
13695,3200,3200,0
13696,3200,3200,0
13697,3200,3200,0
13698,3200,3200,0
13699,3200,3200,0
13700,3200,3200,0
13701,3200,3200,0
13702,3200,3200,0
13703,3200,3200,0
13704,3200,3200,0
13705,3200,3200,0
13706,3200,3200,0
13707,3200,3200,0
13708,3200,3200,0
13709,3200,3200,0
13710,3200,3200,0
13711,3200,3200,0
13712,3200,3200,0
13713,3200,3200,0
13714,3200,3200,0
13715,3200,3200,0
13716,3200,3200,0
13717,3200,3200,0
13718,3200,3200,0
13719,3200,3200,0
13720,3200,3200,0
13721,3200,3200,0
13722,3200,3200,0
13723,3200,3200,0
13724,3200,3200,0
13725,3200,3200,0
13726,3200,3200,0
13727,3200,3200,0
13728,3200,3200,0
13729,3200,3200,0
13730,3200,3200,0
13731,3200,3200,0
13732,3200,3200,0
13733,3200,3200,0
13734,3200,3200,0
13735,3200,3200,0
13736,3200,3200,0
13737,3200,3200,0
13738,3200,3200,0
13739,3200,3200,0
13740,3200,3200,0
13741,3200,3200,0
13742,3200,3200,0
13743,3200,3200,0
13744,3200,3200,0
13745,3200,3200,0
13746,3200,3200,0
13747,3200,3200,0
13748,3200,3200,0
13749,3200,3200,0
13750,3200,3200,0
13751,3200,3200,0
13752,3200,3200,0
13753,3200,3200,0
13754,3200,3200,0
13755,3200,3200,0
13756,3200,3200,0
13757,3200,3200,0
13758,3200,3200,0
13759,3200,3200,0
13760,3200,3200,0
13761,3200,3200,0
13762,3200,3200,0
13763,3200,3200,0
13764,3200,3200,0
13765,3200,3200,0
13766,3200,3200,0
13767,3200,3200,0
13768,3200,3200,0
13769,3200,3200,0
13770,3200,3200,0
13771,3200,3200,0
13772,3200,3200,0
13773,3200,3200,0
13774,3200,3200,0
13775,3200,3200,0
13776,3200,3200,0
13777,3200,3200,0
13778,3200,3200,0
13779,3200,3200,0
13780,3200,3200,0
13781,3200,3200,0
13782,3200,3200,0
13783,3200,3200,0
13784,3200,3200,0
13785,3200,3200,0
13786,3200,3200,0
13787,3200,3200,0
13788,3200,3200,0
13789,3200,3200,0
13790,3200,3200,0
13791,3200,3200,0
13792,3200,3200,0
13793,3200,3200,0
13794,3200,3200,0
13795,3200,3200,0
13796,3200,3200,0
13797,3200,3200,0
13798,3200,3200,0
13799,3200,3200,0
13800,3200,3200,0
13801,3200,3200,0
13802,3200,3200,0
13803,3200,3200,0
13804,3200,3200,0
13805,3200,3200,0
13806,3200,3200,0
13807,3200,3200,0
13808,3200,3200,0
13809,3200,3200,0
13810,3200,3200,0
13811,3200,3200,0
13812,3200,3200,0
13813,3200,3200,0
13814,3200,3200,0
13815,3200,3200,0
13816,3200,3200,0
13817,3200,3200,0
13818,3200,3200,0
13819,3200,3200,0
13820,3200,3200,0
13821,3200,3200,0
13822,3200,3200,0
13823,3200,3200,0
13824,3200,3200,0
13825,3200,3200,0
13826,3200,3200,0
13827,3200,3200,0
13828,3200,3200,0
13829,3200,3200,0
13830,3200,3200,0
13831,3200,3200,0
13832,3200,3200,0
13833,3200,3200,0
13834,3200,3200,0
13835,3200,3200,0
13836,3200,3200,0
13837,3200,3200,0
13838,3200,3200,0
13839,3200,3200,0
13840,3200,3200,0
13841,3200,3200,0
13842,3200,3200,0
13843,3200,3200,0
13844,3200,3200,0
13845,3200,3200,0
13846,3200,3200,0
13847,3200,3200,0
13848,3200,3200,0
13849,3200,3200,0
13850,3200,3200,0
13851,3200,3200,0
13852,3200,3200,0
13853,3200,3200,0
13854,3200,3200,0
13855,3200,3200,0
13856,3200,3200,0
13857,3200,3200,0
13858,3200,3200,0
13859,3200,3200,0
13860,3200,3200,0
13861,3200,3200,0
13862,3200,3200,0
13863,3200,3200,0
13864,3200,3200,0
13865,3200,3200,0
13866,3200,3200,0
13867,3200,3200,0
13868,3200,3200,0
13869,3200,3200,0
13870,3200,3200,0
13871,3200,3200,0
13872,3200,3200,0
13873,3200,3200,0
13874,3200,3200,0
13875,3200,3200,0
13876,3200,3200,0
13877,3200,3200,0
13878,3200,3200,0
13879,3200,3200,0
13880,3200,3200,0
13881,3200,3200,0
13882,3200,3200,0
13883,3200,3200,0
13884,3200,3200,0
13885,3200,3200,0
13886,3200,3200,0
13887,3200,3200,0
13888,3200,3200,0
13889,3200,3200,0
13890,3200,3200,0
13891,3200,3200,0
13892,3200,3200,0
13893,3200,3200,0
13894,3200,3200,0
13895,3200,3200,0
13896,3200,3200,0
13897,3200,3200,0
13898,3200,3200,0
13899,3200,3200,0
13900,3200,3200,0
13901,3200,3200,0
13902,3200,3200,0
13903,3200,3200,0
13904,3200,3200,0
13905,3200,3200,0
13906,3200,3200,0
13907,3200,3200,0
13908,3200,3200,0
13909,3200,3200,0
13910,3200,3200,0
13911,3200,3200,0
13912,3200,3200,0
13913,3200,3200,0
13914,3200,3200,0
13915,3200,3200,0
13916,3200,3200,0
13917,3200,3200,0
13918,3200,3200,0
13919,3200,3200,0
13920,3200,3200,0
13921,3200,3200,0
13922,3200,3200,0
13923,3200,3200,0
13924,3200,3200,0
13925,3200,3200,0
13926,3200,3200,0
13927,3200,3200,0
13928,3200,3200,0
13929,3200,3200,0
13930,3200,3200,0
13931,3200,3200,0
13932,3200,3200,0
13933,3200,3200,0
13934,3200,3200,0
13935,3200,3200,0
13936,3200,3200,0
13937,3200,3200,0
13938,3200,3200,0
13939,3200,3200,0
13940,3200,3200,0
13941,3200,3200,0
13942,3200,3200,0
13943,3200,3200,0
13944,3200,3200,0
13945,3200,3200,0
13946,3200,3200,0
13947,3200,3200,0
13948,3200,3200,0
13949,3200,3200,0
13950,3200,3200,0
13951,3200,3200,0
13952,3200,3200,0
13953,3200,3200,0
13954,3200,3200,0
13955,3200,3200,0
13956,3200,3200,0
13957,3200,3200,0
13958,3200,3200,0
13959,3200,3200,0
13960,3200,3200,0
13961,3200,3200,0
13962,3200,3200,0
13963,3200,3200,0
13964,3200,3200,0
13965,3200,3200,0
13966,3200,3200,0
13967,3200,3200,0
13968,3200,3200,0
13969,3200,3200,0
13970,3200,3200,0
13971,3200,3200,0
13972,3200,3200,0
13973,3200,3200,0
13974,3200,3200,0
13975,3200,3200,0
13976,3200,3200,0
13977,3200,3200,0
13978,3200,3200,0
13979,3200,3200,0
13980,3200,3200,0
13981,3200,3200,0
13982,3200,3200,0
13983,3200,3200,0
13984,3200,3200,0
13985,3200,3200,0
13986,3200,3200,0
13987,3200,3200,0
13988,3200,3200,0
13989,3200,3200,0
13990,3200,3200,0
13991,3200,3200,0
13992,3200,3200,0
13993,3200,3200,0
13994,3200,3200,0
13995,3200,3200,0
13996,3200,3200,0
13997,3200,3200,0
13998,3200,3200,0
13999,3200,3200,0
14000,3200,3200,0
14001,3200,3200,0
14002,3200,3200,0
14003,3200,3200,0
14004,3200,3200,0
14005,3200,3200,0
14006,3200,3200,0
14007,3200,3200,0
14008,3200,3200,0
14009,3200,3200,0
14010,3200,3200,0
14011,3200,3200,0
14012,3200,3200,0
14013,3200,3200,0
14014,3200,3200,0
14015,3200,3200,0
14016,3200,3200,0
14017,3200,3200,0
14018,3200,3200,0
14019,3200,3200,0
14020,3200,3200,0
14021,3200,3200,0
14022,3200,3200,0
14023,3200,3200,0
14024,3200,3200,0
14025,3200,3200,0
14026,3200,3200,0
14027,3200,3200,0
14028,3200,3200,0
14029,3200,3200,0
14030,3200,3200,0
14031,3200,3200,0
14032,3200,3200,0
14033,3200,3200,0
14034,3200,3200,0
14035,3200,3200,0
14036,3200,3200,0
14037,3200,3200,0
14038,3200,3200,0
14039,3200,3200,0
14040,3200,3200,0
14041,3200,3200,0
14042,3200,3200,0
14043,3200,3200,0
14044,3200,3200,0
14045,3200,3200,0
14046,3200,3200,0
14047,3200,3200,0
14048,3200,3200,0
14049,3200,3200,0
14050,3200,3200,0
14051,3200,3200,0
14052,3200,3200,0
14053,3200,3200,0
14054,3200,3200,0
14055,3200,3200,0
14056,3200,3200,0
14057,3200,3200,0
14058,3200,3200,0
14059,3200,3200,0
14060,3200,3200,0
14061,3200,3200,0
14062,3200,3200,0
14063,3200,3200,0
14064,3200,3200,0
14065,3200,3200,0
14066,3200,3200,0
14067,3200,3200,0
14068,3200,3200,0
14069,3200,3200,0
14070,3200,3200,0
14071,3200,3200,0
14072,3200,3200,0
14073,3200,3200,0
14074,3200,3200,0
14075,3200,3200,0
14076,3200,3200,0
14077,3200,3200,0
14078,3200,3200,0
14079,3200,3200,0
14080,3200,3200,0
14081,3200,3200,0
14082,3200,3200,0
14083,3200,3200,0
14084,3200,3200,0
14085,3200,3200,0
14086,3200,3200,0
14087,3200,3200,0
14088,3200,3200,0
14089,3200,3200,0
14090,3200,3200,0
14091,3200,3200,0
14092,3200,3200,0
14093,3200,3200,0
14094,3200,3200,0
14095,3200,3200,0
14096,3200,3200,0
14097,3200,3200,0
14098,3200,3200,0
14099,3200,3200,0
14100,3200,3200,0
14101,3200,3200,0
14102,3200,3200,0
14103,3200,3200,0
14104,3200,3200,0
14105,3200,3200,0
14106,3200,3200,0
14107,3200,3200,0
14108,3200,3200,0
14109,3200,3200,0
14110,3200,3200,0
14111,3200,3200,0
14112,3200,3200,0
14113,3200,3200,0
14114,3200,3200,0
14115,3200,3200,0
14116,3200,3200,0
14117,3200,3200,0
14118,3200,3200,0
14119,3200,3200,0
14120,3200,3200,0
14121,3200,3200,0
14122,3200,3200,0
14123,3200,3200,0
14124,3200,3200,0
14125,3200,3200,0
14126,3200,3200,0
14127,3200,3200,0
14128,3200,3200,0
14129,3200,3200,0
14130,3200,3200,0
14131,3200,3200,0
14132,3200,3200,0
14133,3200,3200,0
14134,3200,3200,0
14135,3200,3200,0
14136,3200,3200,0
14137,3200,3200,0
14138,3200,3200,0
14139,3200,3200,0
14140,3200,3200,0
14141,3200,3200,0
14142,3200,3200,0
14143,3200,3200,0
14144,3200,3200,0
14145,3200,3200,0
14146,3200,3200,0
14147,3200,3200,0
14148,3200,3200,0
14149,3200,3200,0
14150,3200,3200,0
14151,3200,3200,0
14152,3200,3200,0
14153,3200,3200,0
14154,3200,3200,0
14155,3200,3200,0
14156,3200,3200,0
14157,3200,3200,0
14158,3200,3200,0
14159,3200,3200,0
14160,3200,3200,0
14161,3200,3200,0
14162,3200,3200,0
14163,3200,3200,0
14164,3200,3200,0
14165,3200,3200,0
14166,3200,3200,0
14167,3200,3200,0
14168,3200,3200,0
14169,3200,3200,0
14170,3200,3200,0
14171,3200,3200,0
14172,3200,3200,0
14173,3200,3200,0
14174,3200,3200,0
14175,3200,3200,0
14176,3200,3200,0
14177,3200,3200,0
14178,3200,3200,0
14179,3200,3200,0
14180,3200,3200,0
14181,3200,3200,0
14182,3200,3200,0
14183,3200,3200,0
14184,3200,3200,0
14185,3200,3200,0
14186,3200,3200,0
14187,3200,3200,0
14188,3200,3200,0
14189,3200,3200,0
14190,3200,3200,0
14191,3200,3200,0
14192,3200,3200,0
14193,3200,3200,0
14194,3200,3200,0
14195,3200,3200,0
14196,3200,3200,0
14197,3200,3200,0
14198,3200,3200,0
14199,3200,3200,0
14200,3200,3200,0
14201,3200,3200,0
14202,3200,3200,0
14203,3200,3200,0
14204,3200,3200,0
14205,3200,3200,0
14206,3200,3200,0
14207,3200,3200,0
14208,3200,3200,0
14209,3200,3200,0
14210,3200,3200,0
14211,3200,3200,0
14212,3200,3200,0
14213,3200,3200,0
14214,3200,3200,0
14215,3200,3200,0
14216,3200,3200,0
14217,3200,3200,0
14218,3200,3200,0
14219,3200,3200,0
14220,3200,3200,0
14221,3200,3200,0
14222,3200,3200,0
14223,3200,3200,0
14224,3200,3200,0
14225,3200,3200,0
14226,3200,3200,0
14227,3200,3200,0
14228,3200,3200,0
14229,3200,3200,0
14230,3200,3200,0
14231,3200,3200,0
14232,3200,3200,0
14233,3200,3200,0
14234,3200,3200,0
14235,3200,3200,0
14236,3200,3200,0
14237,3200,3200,0
14238,3200,3200,0
14239,3200,3200,0
14240,3200,3200,0
14241,3200,3200,0
14242,3200,3200,0
14243,3200,3200,0
14244,3200,3200,0
14245,3200,3200,0
14246,3200,3200,0
14247,3200,3200,0
14248,3200,3200,0
14249,3200,3200,0
14250,3200,3200,0
14251,3200,3200,0
14252,3200,3200,0
14253,3200,3200,0
14254,3200,3200,0
14255,3200,3200,0
14256,3200,3200,0
14257,3200,3200,0
14258,3200,3200,0
14259,3200,3200,0
14260,3200,3200,0
14261,3200,3200,0
14262,3200,3200,0
14263,3200,3200,0
14264,3200,3200,0
14265,3200,3200,0
14266,3200,3200,0
14267,3200,3200,0
14268,3200,3200,0
14269,3200,3200,0
14270,3200,3200,0
14271,3200,3200,0
14272,3200,3200,0
14273,3200,3200,0
14274,3200,3200,0
14275,3200,3200,0
14276,3200,3200,0
14277,3200,3200,0
14278,3200,3200,0
14279,3200,3200,0
14280,3200,3200,0
14281,3200,3200,0
14282,3200,3200,0
14283,3200,3200,0
14284,3200,3200,0
14285,3200,3200,0
14286,3200,3200,0
14287,3200,3200,0
14288,3200,3200,0
14289,3200,3200,0
14290,3200,3200,0
14291,3200,3200,0
14292,3200,3200,0
14293,3200,3200,0
14294,3200,3200,0
14295,3200,3200,0
14296,3200,3200,0
14297,3200,3200,0
14298,3200,3200,0
14299,3200,3200,0
14300,3200,3200,0
14301,3200,3200,0
14302,3200,3200,0
14303,3200,3200,0
14304,3200,3200,0
14305,3200,3200,0
14306,3200,3200,0
14307,3200,3200,0
14308,3200,3200,0
14309,3200,3200,0
14310,3200,3200,0
14311,3200,3200,0
14312,3200,3200,0
14313,3200,3200,0
14314,3200,3200,0
14315,3200,3200,0
14316,3200,3200,0
14317,3200,3200,0
14318,3200,3200,0
14319,3200,3200,0
14320,3200,3200,0
14321,3200,3200,0
14322,3200,3200,0
14323,3200,3200,0
14324,3200,3200,0
14325,3200,3200,0
14326,3200,3200,0
14327,3200,3200,0
14328,3200,3200,0
14329,3200,3200,0
14330,3200,3200,0
14331,3200,3200,0
14332,3200,3200,0
14333,3200,3200,0
14334,3200,3200,0
14335,3200,3200,0
14336,3200,3200,0
14337,3200,3200,0
14338,3200,3200,0
14339,3200,3200,0
14340,3200,3200,0
14341,3200,3200,0
14342,3200,3200,0
14343,3200,3200,0
14344,3200,3200,0
14345,3200,3200,0
14346,3200,3200,0
14347,3200,3200,0
14348,3200,3200,0
14349,3200,3200,0
14350,3200,3200,0
14351,3200,3200,0
14352,3200,3200,0
14353,3200,3200,0
14354,3200,3200,0
14355,3200,3200,0
14356,3200,3200,0
14357,3200,3200,0
14358,3200,3200,0
14359,3200,3200,0
14360,3200,3200,0
14361,3200,3200,0
14362,3200,3200,0
14363,3200,3200,0
14364,3200,3200,0
14365,3200,3200,0
14366,3200,3200,0
14367,3200,3200,0
14368,3200,3200,0
14369,3200,3200,0
14370,3200,3200,0
14371,3200,3200,0
14372,3200,3200,0
14373,3200,3200,0
14374,3200,3200,0
14375,3200,3200,0
14376,3200,3200,0
14377,3200,3200,0
14378,3200,3200,0
14379,3200,3200,0
14380,3200,3200,0
14381,3200,3200,0
14382,3200,3200,0
14383,3200,3200,0
14384,3200,3200,0
14385,3200,3200,0
14386,3200,3200,0
14387,3200,3200,0
14388,3200,3200,0
14389,3200,3200,0
14390,3200,3200,0
14391,3200,3200,0
14392,3200,3200,0
14393,3200,3200,0
14394,3200,3200,0
14395,3200,3200,0
14396,3200,3200,0
14397,3200,3200,0
14398,3200,3200,0
14399,3200,3200,0
14400,3200,3200,0
14401,3200,3200,0
14402,3200,3200,0
14403,3200,3200,0
14404,3200,3200,0
14405,3200,3200,0
14406,3200,3200,0
14407,3200,3200,0
14408,3200,3200,0
14409,3200,3200,0
14410,3200,3200,0
14411,3200,3200,0
14412,3200,3200,0
14413,3200,3200,0
14414,3200,3200,0
14415,3200,3200,0
14416,3200,3200,0
14417,3200,3200,0
14418,3200,3200,0
14419,3200,3200,0
14420,3200,3200,0
14421,3200,3200,0
14422,3200,3200,0
14423,3200,3200,0
14424,3200,3200,0
14425,3200,3200,0
14426,3200,3200,0
14427,3200,3200,0
14428,3200,3200,0
14429,3200,3200,0
14430,3200,3200,0
14431,3200,3200,0
14432,3200,3200,0
14433,3200,3200,0
14434,3200,3200,0
14435,3200,3200,0
14436,3200,3200,0
14437,3200,3200,0
14438,3200,3200,0
14439,3200,3200,0
14440,3200,3200,0
14441,3200,3200,0
14442,3200,3200,0
14443,3200,3200,0
14444,3200,3200,0
14445,3200,3200,0
14446,3200,3200,0
14447,3200,3200,0
14448,3200,3200,0
14449,3200,3200,0
14450,3200,3200,0
14451,3200,3200,0
14452,3200,3200,0
14453,3200,3200,0
14454,3200,3200,0
14455,3200,3200,0
14456,3200,3200,0
14457,3200,3200,0
14458,3200,3200,0
14459,3200,3200,0
14460,3200,3200,0
