time_s,cars_on_campus,cumulative_spawned,cumulative_exited
0,3200,0,0
1,3200,0,0
2,3200,0,0
3,3200,0,0
4,3200,0,0
5,3200,0,0
6,3200,0,0
7,3200,0,0
8,3200,0,0
9,3200,0,0
10,3200,0,0
11,3200,0,0
12,3200,0,0
13,3200,0,0
14,3200,0,0
15,3200,0,0
16,3200,0,0
17,3200,0,0
18,3200,0,0
19,3200,0,0
20,3200,0,0
21,3200,0,0
22,3200,0,0
23,3200,0,0
24,3200,0,0
25,3200,0,0
26,3200,0,0
27,3200,0,0
28,3200,0,0
29,3200,0,0
30,3200,0,0
31,3200,0,0
32,3200,0,0
33,3200,0,0
34,3200,0,0
35,3200,0,0
36,3200,0,0
37,3200,0,0
38,3200,0,0
39,3200,0,0
40,3200,0,0
41,3200,0,0
42,3200,0,0
43,3200,0,0
44,3200,0,0
45,3200,0,0
46,3200,0,0
47,3200,0,0
48,3200,0,0
49,3200,0,0
50,3200,0,0
51,3200,0,0
52,3200,0,0
53,3200,0,0
54,3200,0,0
55,3200,0,0
56,3200,0,0
57,3200,0,0
58,3200,0,0
59,3200,0,0
60,3200,2300,0
61,3200,2300,0
62,3200,2300,0
63,3200,2300,0
64,3200,2300,0
65,3200,2300,0
66,3200,2300,0
67,3200,2300,0
68,3200,2300,0
69,3200,2300,0
70,3200,2300,0
71,3200,2300,0
72,3200,2300,0
73,3200,2300,0
74,3200,2300,0
75,3200,2300,0
76,3200,2300,0
77,3200,2300,0
78,3200,2300,0
79,3200,2300,0
80,3200,2300,0
81,3200,2300,0
82,3200,2300,0
83,3200,2300,0
84,3200,2300,0
85,3200,2300,0
86,3200,2300,0
87,3200,2300,0
88,3200,2300,0
89,3200,2300,0
90,3200,2300,0
91,3200,2300,0
92,3200,2300,0
93,3199,2300,1
94,3198,2300,2
95,3198,2300,2
96,3198,2300,2
97,3198,2300,2
98,3197,2300,3
99,3196,2300,4
100,3196,2300,4
101,3196,2300,4
102,3196,2300,4
103,3195,2300,5
104,3195,2300,5
105,3195,2300,5
106,3194,2300,6
107,3194,2300,6
108,3193,2300,7
109,3193,2300,7
110,3193,2300,7
111,3191,2300,9
112,3191,2300,9
113,3190,2300,10
114,3190,2300,10
115,3190,2300,10
116,3188,2300,12
117,3188,2300,12
118,3187,2300,13
119,3187,2300,13
120,3186,2300,14
121,3185,2300,15
122,3185,2300,15
123,3184,2300,16
124,3183,2300,17
125,3183,2300,17
126,3182,2300,18
127,3181,2300,19
128,3181,2300,19
129,3180,2300,20
130,3179,2300,21
131,3178,2300,22
132,3178,2300,22
133,3178,2300,22
134,3175,2300,25
135,3175,2300,25
136,3175,2300,25
137,3173,2300,27
138,3172,2300,28
139,3172,2300,28
140,3171,2300,29
141,3170,2300,30
142,3169,2300,31
143,3168,2300,32
144,3168,2300,32
145,3168,2300,32
146,3165,2300,35
147,3164,2300,36
148,3163,2300,37
149,3162,2300,38
150,3161,2300,39
151,3160,2300,40
152,3159,2300,41
153,3158,2300,42
154,3157,2300,43
155,3156,2300,44
156,3156,2300,44
157,3154,2300,46
158,3152,2300,48
159,3152,2300,48
160,3151,2300,49
161,3150,2300,50
162,3150,2300,50
163,3148,2300,52
164,3147,2300,53
165,3147,2300,53
166,3144,2300,56
167,3143,2300,57
168,3143,2300,57
169,3141,2300,59
170,3140,2300,60
171,3139,2300,61
172,3138,2300,62
173,3136,2300,64
174,3136,2300,64
175,3133,2300,67
176,3132,2300,68
177,3132,2300,68
178,3129,2300,71
179,3129,2300,71
180,3128,2300,72
181,3125,2300,75
182,3125,2300,75
183,3124,2300,76
184,3122,2300,78
185,3121,2300,79
186,3121,2300,79
187,3118,2300,82
188,3117,2300,83
189,3117,2300,83
190,3114,2300,86
191,3113,2300,87
192,3112,2300,88
193,3112,2300,88
194,3111,2300,89
195,3109,2300,91
196,3108,2300,92
197,3107,2300,93
198,3106,2300,94
199,3104,2300,96
200,3103,2300,97
201,3102,2300,98
202,3100,2300,100
203,3099,2300,101
204,3098,2300,102
205,3098,2300,102
206,3096,2300,104
207,3094,2300,106
208,3093,2300,107
209,3092,2300,108
210,3090,2300,110
211,3089,2300,111
212,3088,2300,112
213,3086,2300,114
214,3085,2300,115
215,3084,2300,116
216,3081,2300,119
217,3081,2300,119
218,3081,2300,119
219,3081,2300,119
220,3079,2300,121
221,3078,2300,122
222,3078,2300,122
223,3077,2300,123
224,3077,2300,123
225,3075,2300,125
226,3075,2300,125
227,3074,2300,126
228,3072,2300,128
229,3071,2300,129
230,3071,2300,129
231,3071,2300,129
232,3069,2300,131
233,3068,2300,132
234,3068,2300,132
235,3066,2300,134
236,3065,2300,135
237,3065,2300,135
238,3065,2300,135
239,3062,2300,138
240,3062,2300,138
241,3062,2300,138
242,3060,2300,140
243,3060,2300,140
244,3059,2300,141
245,3057,2300,143
246,3057,2300,143
247,3056,2300,144
248,3055,2300,145
249,3055,2300,145
250,3054,2300,146
251,3053,2300,147
252,3053,2300,147
253,3052,2300,148
254,3052,2300,148
255,3050,2300,150
256,3049,2300,151
257,3048,2300,152
258,3047,2300,153
259,3046,2300,154
260,3045,2300,155
261,3044,2300,156
262,3043,2300,157
263,3042,2300,158
264,3041,2300,159
265,3040,2300,160
266,3040,2300,160
267,3040,2300,160
268,3038,2300,162
269,3037,2300,163
270,3037,2300,163
271,3036,2300,164
272,3035,2300,165
273,3034,2300,166
274,3034,2300,166
275,3031,2300,169
276,3031,2300,169
277,3030,2300,170
278,3028,2300,172
279,3028,2300,172
280,3028,2300,172
281,3026,2300,174
282,3025,2300,175
283,3024,2300,176
284,3024,2300,176
285,3023,2300,177
286,3022,2300,178
287,3022,2300,178
288,3021,2300,179
289,3020,2300,180
290,3018,2300,182
291,3018,2300,182
292,3018,2300,182
293,3016,2300,184
294,3016,2300,184
295,3015,2300,185
296,3015,2300,185
297,3014,2300,186
298,3014,2300,186
299,3014,2300,186
300,3013,2300,187
301,3012,2300,188
302,3012,2300,188
303,3010,2300,190
304,3010,2300,190
305,3009,2300,191
306,3009,2300,191
307,3007,2300,193
308,3007,2300,193
309,3007,2300,193
310,3006,2300,194
311,3005,2300,195
312,3004,2300,196
313,3003,2300,197
314,3002,2300,198
315,3002,2300,198
316,3002,2300,198
317,3001,2300,199
318,3000,2300,200
319,3000,2300,200
320,3000,2300,200
321,2999,2300,201
322,2999,2300,201
323,2999,2300,201
324,2998,2300,202
325,2997,2300,203
326,2997,2300,203
327,2997,2300,203
328,2997,2300,203
329,2997,2300,203
330,2996,2300,204
331,2995,2300,205
332,2994,2300,206
333,2993,2300,207
334,2993,2300,207
335,2993,2300,207
336,2992,2300,208
337,2992,2300,208
338,2991,2300,209
339,2989,2300,211
340,2989,2300,211
341,2988,2300,212
342,2988,2300,212
343,2987,2300,213
344,2987,2300,213
345,2985,2300,215
346,2985,2300,215
347,2985,2300,215
348,2984,2300,216
349,2984,2300,216
350,2982,2300,218
351,2982,2300,218
352,2982,2300,218
353,2981,2300,219
354,2980,2300,220
355,2979,2300,221
356,2979,2300,221
357,2978,2300,222
358,2978,2300,222
359,2978,2300,222
360,2977,2300,223
361,2976,2300,224
362,2975,2300,225
363,2974,2300,226
364,2974,2300,226
365,2972,2300,228
366,2971,2300,229
367,2970,2300,230
368,2970,2300,230
369,2967,2300,233
370,2966,2300,234
371,2966,2300,234
372,2964,2300,236
373,2964,2300,236
374,2963,2300,237
375,2961,2300,239
376,2960,2300,240
377,2959,2300,241
378,2957,2300,243
379,2956,2300,244
380,2955,2300,245
381,2954,2300,246
382,2953,2300,247
383,2953,2300,247
384,2953,2300,247
385,2952,2300,248
386,2952,2300,248
387,2952,2300,248
388,2951,2300,249
389,2950,2300,250
390,2950,2300,250
391,2950,2300,250
392,2950,2300,250
393,2950,2300,250
394,2949,2300,251
395,2949,2300,251
396,2947,2300,253
397,2947,2300,253
398,2947,2300,253
399,2947,2300,253
400,2946,2300,254
401,2944,2300,256
402,2944,2300,256
403,2943,2300,257
404,2943,2300,257
405,2942,2300,258
406,2942,2300,258
407,2942,2300,258
408,2940,2300,260
409,2940,2300,260
410,2940,2300,260
411,2939,2300,261
412,2938,2300,262
413,2938,2300,262
414,2938,2300,262
415,2938,2300,262
416,2937,2300,263
417,2937,2300,263
418,2936,2300,264
419,2936,2300,264
420,2935,2300,265
421,2935,2300,265
422,2935,2300,265
423,2935,2300,265
424,2933,2300,267
425,2933,2300,267
426,2933,2300,267
427,2933,2300,267
428,2933,2300,267
429,2932,2300,268
430,2931,2300,269
431,2931,2300,269
432,2928,2300,272
433,2928,2300,272
434,2928,2300,272
435,2927,2300,273
436,2926,2300,274
437,2926,2300,274
438,2925,2300,275
439,2925,2300,275
440,2925,2300,275
441,2924,2300,276
442,2924,2300,276
443,2923,2300,277
444,2923,2300,277
445,2922,2300,278
446,2922,2300,278
447,2922,2300,278
448,2922,2300,278
449,2920,2300,280
450,2920,2300,280
451,2918,2300,282
452,2918,2300,282
453,2917,2300,283
454,2917,2300,283
455,2917,2300,283
456,2916,2300,284
457,2915,2300,285
458,2915,2300,285
459,2914,2300,286
460,2914,2300,286
461,2914,2300,286
462,2914,2300,286
463,2913,2300,287
464,2913,2300,287
465,2913,2300,287
466,2911,2300,289
467,2911,2300,289
468,2911,2300,289
469,2910,2300,290
470,2909,2300,291
471,2909,2300,291
472,2907,2300,293
473,2907,2300,293
474,2907,2300,293
475,2907,2300,293
476,2906,2300,294
477,2906,2300,294
478,2906,2300,294
479,2906,2300,294
480,2906,2300,294
481,2906,2300,294
482,2906,2300,294
483,2906,2300,294
484,2906,2300,294
485,2905,2300,295
486,2905,2300,295
487,2904,2300,296
488,2904,2300,296
489,2904,2300,296
490,2904,2300,296
491,2904,2300,296
492,2902,2300,298
493,2902,2300,298
494,2902,2300,298
495,2902,2300,298
496,2902,2300,298
497,2901,2300,299
498,2901,2300,299
499,2901,2300,299
500,2901,2300,299
501,2900,2300,300
502,2899,2300,301
503,2899,2300,301
504,2898,2300,302
505,2897,2300,303
506,2897,2300,303
507,2896,2300,304
508,2895,2300,305
509,2895,2300,305
510,2894,2300,306
511,2894,2300,306
512,2893,2300,307
513,2892,2300,308
514,2892,2300,308
515,2890,2300,310
516,2890,2300,310
517,2889,2300,311
518,2889,2300,311
519,2888,2300,312
520,2887,2300,313
521,2887,2300,313
522,2887,2300,313
523,2885,2300,315
524,2884,2300,316
525,2883,2300,317
526,2883,2300,317
527,2882,2300,318
528,2882,2300,318
529,2882,2300,318
530,2881,2300,319
531,2881,2300,319
532,2880,2300,320
533,2879,2300,321
534,2879,2300,321
535,2878,2300,322
536,2877,2300,323
537,2877,2300,323
538,2876,2300,324
539,2874,2300,326
540,2874,2300,326
541,2872,2300,328
542,2872,2300,328
543,2871,2300,329
544,2871,2300,329
545,2871,2300,329
546,2870,2300,330
547,2869,2300,331
548,2868,2300,332
549,2867,2300,333
550,2866,2300,334
551,2866,2300,334
552,2866,2300,334
553,2865,2300,335
554,2863,2300,337
555,2863,2300,337
556,2863,2300,337
557,2863,2300,337
558,2863,2300,337
559,2862,2300,338
560,2861,2300,339
561,2861,2300,339
562,2860,2300,340
563,2859,2300,341
564,2859,2300,341
565,2858,2300,342
566,2857,2300,343
567,2855,2300,345
568,2855,2300,345
569,2855,2300,345
570,2854,2300,346
571,2853,2300,347
572,2851,2300,349
573,2851,2300,349
574,2850,2300,350
575,2850,2300,350
576,2850,2300,350
577,2850,2300,350
578,2849,2300,351
579,2849,2300,351
580,2848,2300,352
581,2848,2300,352
582,2848,2300,352
583,2847,2300,353
584,2846,2300,354
585,2846,2300,354
586,2845,2300,355
587,2844,2300,356
588,2843,2300,357
589,2843,2300,357
590,2842,2300,358
591,2841,2300,359
592,2840,2300,360
593,2840,2300,360
594,2839,2300,361
595,2839,2300,361
596,2838,2300,362
597,2837,2300,363
598,2837,2300,363
599,2836,2300,364
600,2836,2300,364
601,2835,2300,365
602,2833,2300,367
603,2832,2300,368
604,2831,2300,369
605,2830,2300,370
606,2830,2300,370
607,2829,2300,371
608,2829,2300,371
609,2827,2300,373
610,2826,2300,374
611,2826,2300,374
612,2825,2300,375
613,2825,2300,375
614,2824,2300,376
615,2824,2300,376
616,2823,2300,377
617,2823,2300,377
618,2823,2300,377
619,2822,2300,378
620,2822,2300,378
621,2821,2300,379
622,2821,2300,379
623,2821,2300,379
624,2820,2300,380
625,2820,2300,380
626,2819,2300,381
627,2818,2300,382
628,2817,2300,383
629,2816,2300,384
630,2814,2300,386
631,2814,2300,386
632,2813,2300,387
633,2813,2300,387
634,2811,2300,389
635,2811,2300,389
636,2811,2300,389
637,2810,2300,390
638,2810,2300,390
639,2809,2300,391
640,2808,2300,392
641,2807,2300,393
642,2807,2300,393
643,2805,2300,395
644,2805,2300,395
645,2805,2300,395
646,2805,2300,395
647,2805,2300,395
648,2803,2300,397
649,2803,2300,397
650,2803,2300,397
651,2803,2300,397
652,2801,2300,399
653,2800,2300,400
654,2800,2300,400
655,2798,2300,402
656,2798,2300,402
657,2798,2300,402
658,2797,2300,403
659,2795,2300,405
660,2795,2300,405
661,2794,2300,406
662,2793,2300,407
663,2792,2300,408
664,2791,2300,409
665,2791,2300,409
666,2791,2300,409
667,2791,2300,409
668,2790,2300,410
669,2790,2300,410
670,2788,2300,412
671,2787,2300,413
672,2787,2300,413
673,2787,2300,413
674,2787,2300,413
675,2786,2300,414
676,2786,2300,414
677,2786,2300,414
678,2786,2300,414
679,2786,2300,414
680,2785,2300,415
681,2785,2300,415
682,2785,2300,415
683,2785,2300,415
684,2784,2300,416
685,2784,2300,416
686,2784,2300,416
687,2784,2300,416
688,2784,2300,416
689,2784,2300,416
690,2784,2300,416
691,2784,2300,416
692,2783,2300,417
693,2783,2300,417
694,2783,2300,417
695,2783,2300,417
696,2783,2300,417
697,2783,2300,417
698,2783,2300,417
699,2782,2300,418
700,2782,2300,418
701,2782,2300,418
702,2782,2300,418
703,2781,2300,419
704,2781,2300,419
705,2781,2300,419
706,2780,2300,420
707,2780,2300,420
708,2779,2300,421
709,2779,2300,421
710,2778,2300,422
711,2778,2300,422
712,2778,2300,422
713,2778,2300,422
714,2777,2300,423
715,2777,2300,423
716,2777,2300,423
717,2777,2300,423
718,2776,2300,424
719,2776,2300,424
720,2775,2300,425
721,2775,2300,425
722,2775,2300,425
723,2775,2300,425
724,2775,2300,425
725,2775,2300,425
726,2775,2300,425
727,2775,2300,425
728,2774,2300,426
729,2774,2300,426
730,2774,2300,426
731,2774,2300,426
732,2773,2300,427
733,2772,2300,428
734,2772,2300,428
735,2772,2300,428
736,2772,2300,428
737,2772,2300,428
738,2772,2300,428
739,2772,2300,428
740,2772,2300,428
741,2772,2300,428
742,2772,2300,428
743,2772,2300,428
744,2772,2300,428
745,2772,2300,428
746,2772,2300,428
747,2772,2300,428
748,2772,2300,428
749,2772,2300,428
750,2771,2300,429
751,2771,2300,429
752,2771,2300,429
753,2771,2300,429
754,2771,2300,429
755,2771,2300,429
756,2770,2300,430
757,2770,2300,430
758,2769,2300,431
759,2769,2300,431
760,2769,2300,431
761,2769,2300,431
762,2768,2300,432
763,2767,2300,433
764,2767,2300,433
765,2767,2300,433
766,2766,2300,434
767,2766,2300,434
768,2765,2300,435
769,2765,2300,435
770,2765,2300,435
771,2765,2300,435
772,2765,2300,435
773,2765,2300,435
774,2765,2300,435
775,2764,2300,436
776,2764,2300,436
777,2763,2300,437
778,2763,2300,437
779,2762,2300,438
780,2762,2300,438
781,2762,2300,438
782,2762,2300,438
783,2761,2300,439
784,2761,2300,439
785,2761,2300,439
786,2760,2300,440
787,2760,2300,440
788,2760,2300,440
789,2760,2300,440
790,2760,2300,440
791,2760,2300,440
792,2760,2300,440
793,2759,2300,441
794,2759,2300,441
795,2758,2300,442
796,2758,2300,442
797,2758,2300,442
798,2758,2300,442
799,2758,2300,442
800,2758,2300,442
801,2758,2300,442
802,2757,2300,443
803,2757,2300,443
804,2756,2300,444
805,2756,2300,444
806,2756,2300,444
807,2755,2300,445
808,2755,2300,445
809,2755,2300,445
810,2755,2300,445
811,2754,2300,446
812,2754,2300,446
813,2753,2300,447
814,2753,2300,447
815,2753,2300,447
816,2753,2300,447
817,2753,2300,447
818,2753,2300,447
819,2753,2300,447
820,2753,2300,447
821,2753,2300,447
822,2753,2300,447
823,2753,2300,447
824,2752,2300,448
825,2752,2300,448
826,2752,2300,448
827,2752,2300,448
828,2751,2300,449
829,2751,2300,449
830,2751,2300,449
831,2751,2300,449
832,2751,2300,449
833,2751,2300,449
834,2751,2300,449
835,2750,2300,450
836,2750,2300,450
837,2750,2300,450
838,2749,2300,451
839,2749,2300,451
840,2749,2300,451
841,2749,2300,451
842,2748,2300,452
843,2748,2300,452
844,2748,2300,452
845,2748,2300,452
846,2748,2300,452
847,2748,2300,452
848,2747,2300,453
849,2747,2300,453
850,2747,2300,453
851,2747,2300,453
852,2747,2300,453
853,2746,2300,454
854,2746,2300,454
855,2746,2300,454
856,2745,2300,455
857,2745,2300,455
858,2744,2300,456
859,2744,2300,456
860,2744,2300,456
861,2744,2300,456
862,2744,2300,456
863,2744,2300,456
864,2744,2300,456
865,2744,2300,456
866,2743,2300,457
867,2743,2300,457
868,2742,2300,458
869,2742,2300,458
870,2742,2300,458
871,2742,2300,458
872,2741,2300,459
873,2741,2300,459
874,2740,2300,460
875,2740,2300,460
876,2740,2300,460
877,2740,2300,460
878,2740,2300,460
879,2740,2300,460
880,2740,2300,460
881,2739,2300,461
882,2739,2300,461
883,2738,2300,462
884,2738,2300,462
885,2738,2300,462
886,2737,2300,463
887,2737,2300,463
888,2737,2300,463
889,2737,2300,463
890,2737,2300,463
891,2736,2300,464
892,2736,2300,464
893,2736,2300,464
894,2736,2300,464
895,2736,2300,464
896,2735,2300,465
897,2735,2300,465
898,2735,2300,465
899,2735,2300,465
900,2735,2300,465
901,2735,2300,465
902,2735,2300,465
903,2735,2300,465
904,2735,2300,465
905,2735,2300,465
906,2735,2300,465
907,2734,2300,466
908,2734,2300,466
909,2733,2300,467
910,2733,2300,467
911,2733,2300,467
912,2732,2300,468
913,2732,2300,468
914,2732,2300,468
915,2731,2300,469
916,2731,2300,469
917,2730,2300,470
918,2730,2300,470
919,2730,2300,470
920,2730,2300,470
921,2730,2300,470
922,2730,2300,470
923,2730,2300,470
924,2730,2300,470
925,2729,2300,471
926,2729,2300,471
927,2729,2300,471
928,2729,2300,471
929,2729,2300,471
930,2728,2300,472
931,2728,2300,472
932,2727,2300,473
933,2727,2300,473
934,2727,2300,473
935,2726,2300,474
936,2726,2300,474
937,2725,2300,475
938,2725,2300,475
939,2725,2300,475
940,2724,2300,476
941,2724,2300,476
942,2724,2300,476
943,2724,2300,476
944,2724,2300,476
945,2723,2300,477
946,2722,2300,478
947,2722,2300,478
948,2722,2300,478
949,2722,2300,478
950,2722,2300,478
951,2722,2300,478
952,2721,2300,479
953,2721,2300,479
954,2721,2300,479
955,2720,2300,480
956,2720,2300,480
957,2720,2300,480
958,2720,2300,480
959,2720,2300,480
960,2719,2300,481
961,2719,2300,481
962,2719,2300,481
963,2719,2300,481
964,2718,2300,482
965,2718,2300,482
966,2717,2300,483
967,2717,2300,483
968,2717,2300,483
969,2716,2300,484
970,2716,2300,484
971,2716,2300,484
972,2716,2300,484
973,2715,2300,485
974,2715,2300,485
975,2715,2300,485
976,2715,2300,485
977,2715,2300,485
978,2715,2300,485
979,2715,2300,485
980,2714,2300,486
981,2714,2300,486
982,2714,2300,486
983,2713,2300,487
984,2713,2300,487
985,2712,2300,488
986,2712,2300,488
987,2712,2300,488
988,2711,2300,489
989,2711,2300,489
990,2710,2300,490
991,2710,2300,490
992,2710,2300,490
993,2709,2300,491
994,2709,2300,491
995,2709,2300,491
996,2709,2300,491
997,2709,2300,491
998,2709,2300,491
999,2709,2300,491
1000,2709,2300,491
1001,2709,2300,491
1002,2709,2300,491
1003,2709,2300,491
1004,2709,2300,491
1005,2709,2300,491
1006,2709,2300,491
1007,2709,2300,491
1008,2709,2300,491
1009,2709,2300,491
1010,2709,2300,491
1011,2709,2300,491
1012,2709,2300,491
1013,2708,2300,492
1014,2707,2300,493
1015,2707,2300,493
1016,2707,2300,493
1017,2707,2300,493
1018,2706,2300,494
1019,2706,2300,494
1020,2706,2300,494
1021,2705,2300,495
1022,2705,2300,495
1023,2705,2300,495
1024,2705,2300,495
1025,2704,2300,496
1026,2704,2300,496
1027,2703,2300,497
1028,2703,2300,497
1029,2703,2300,497
1030,2702,2300,498
1031,2702,2300,498
1032,2702,2300,498
1033,2701,2300,499
1034,2701,2300,499
1035,2701,2300,499
1036,2701,2300,499
1037,2701,2300,499
1038,2701,2300,499
1039,2701,2300,499
1040,2701,2300,499
1041,2701,2300,499
1042,2701,2300,499
1043,2701,2300,499
1044,2700,2300,500
1045,2700,2300,500
1046,2700,2300,500
1047,2699,2300,501
1048,2699,2300,501
1049,2699,2300,501
1050,2699,2300,501
1051,2699,2300,501
1052,2699,2300,501
1053,2698,2300,502
1054,2698,2300,502
1055,2697,2300,503
1056,2697,2300,503
1057,2697,2300,503
1058,2697,2300,503
1059,2696,2300,504
1060,2696,2300,504
1061,2695,2300,505
1062,2695,2300,505
1063,2695,2300,505
1064,2695,2300,505
1065,2695,2300,505
1066,2695,2300,505
1067,2695,2300,505
1068,2694,2300,506
1069,2694,2300,506
1070,2694,2300,506
1071,2693,2300,507
1072,2693,2300,507
1073,2693,2300,507
1074,2693,2300,507
1075,2692,2300,508
1076,2692,2300,508
1077,2692,2300,508
1078,2692,2300,508
1079,2692,2300,508
1080,2691,2300,509
1081,2690,2300,510
1082,2690,2300,510
1083,2690,2300,510
1084,2690,2300,510
1085,2690,2300,510
1086,2689,2300,511
1087,2689,2300,511
1088,2688,2300,512
1089,2688,2300,512
1090,2688,2300,512
1091,2688,2300,512
1092,2688,2300,512
1093,2687,2300,513
1094,2687,2300,513
1095,2687,2300,513
1096,2687,2300,513
1097,2687,2300,513
1098,2687,2300,513
1099,2687,2300,513
1100,2687,2300,513
1101,2687,2300,513
1102,2687,2300,513
1103,2687,2300,513
1104,2687,2300,513
1105,2687,2300,513
1106,2687,2300,513
1107,2686,2300,514
1108,2686,2300,514
1109,2686,2300,514
1110,2685,2300,515
1111,2685,2300,515
1112,2685,2300,515
1113,2684,2300,516
1114,2684,2300,516
1115,2683,2300,517
1116,2683,2300,517
1117,2683,2300,517
1118,2683,2300,517
1119,2683,2300,517
1120,2683,2300,517
1121,2682,2300,518
1122,2682,2300,518
1123,2682,2300,518
1124,2682,2300,518
1125,2682,2300,518
1126,2681,2300,519
1127,2681,2300,519
1128,2681,2300,519
1129,2681,2300,519
1130,2681,2300,519
1131,2681,2300,519
1132,2681,2300,519
1133,2681,2300,519
1134,2680,2300,520
1135,2680,2300,520
1136,2680,2300,520
1137,2680,2300,520
1138,2679,2300,521
1139,2679,2300,521
1140,2678,2300,522
1141,2678,2300,522
1142,2678,2300,522
1143,2678,2300,522
1144,2678,2300,522
1145,2678,2300,522
1146,2678,2300,522
1147,2678,2300,522
1148,2678,2300,522
1149,2678,2300,522
1150,2678,2300,522
1151,2678,2300,522
1152,2677,2300,523
1153,2677,2300,523
1154,2676,2300,524
1155,2676,2300,524
1156,2676,2300,524
1157,2675,2300,525
1158,2675,2300,525
1159,2675,2300,525
1160,2675,2300,525
1161,2675,2300,525
1162,2674,2300,526
1163,2674,2300,526
1164,2673,2300,527
1165,2673,2300,527
1166,2673,2300,527
1167,2672,2300,528
1168,2672,2300,528
1169,2672,2300,528
1170,2672,2300,528
1171,2672,2300,528
1172,2671,2300,529
1173,2671,2300,529
1174,2671,2300,529
1175,2671,2300,529
1176,2671,2300,529
1177,2671,2300,529
1178,2671,2300,529
1179,2671,2300,529
1180,2670,2300,530
1181,2670,2300,530
1182,2669,2300,531
1183,2669,2300,531
1184,2668,2300,532
1185,2668,2300,532
1186,2668,2300,532
1187,2668,2300,532
1188,2668,2300,532
1189,2668,2300,532
1190,2668,2300,532
1191,2667,2300,533
1192,2667,2300,533
1193,2667,2300,533
1194,2666,2300,534
1195,2666,2300,534
1196,2666,2300,534
1197,2665,2300,535
1198,2665,2300,535
1199,2665,2300,535
1200,2664,2300,536
1201,2664,2300,536
1202,2664,2300,536
1203,2664,2300,536
1204,2663,2300,537
1205,2663,2300,537
1206,2663,2300,537
1207,2663,2300,537
1208,2663,2300,537
1209,2663,2300,537
1210,2663,2300,537
1211,2663,2300,537
1212,2662,2300,538
1213,2661,2300,539
1214,2661,2300,539
1215,2660,2300,540
1216,2660,2300,540
1217,2660,2300,540
1218,2660,2300,540
1219,2660,2300,540
1220,2659,2300,541
1221,2659,2300,541
1222,2659,2300,541
1223,2658,2300,542
1224,2658,2300,542
1225,2658,2300,542
1226,2658,2300,542
1227,2657,2300,543
1228,2657,2300,543
1229,2657,2300,543
1230,2657,2300,543
1231,2657,2300,543
1232,2657,2300,543
1233,2656,2300,544
1234,2656,2300,544
1235,2656,2300,544
1236,2656,2300,544
1237,2656,2300,544
1238,2656,2300,544
1239,2656,2300,544
1240,2656,2300,544
1241,2656,2300,544
1242,2655,2300,545
1243,2655,2300,545
1244,2655,2300,545
1245,2654,2300,546
1246,2654,2300,546
1247,2654,2300,546
1248,2653,2300,547
1249,2653,2300,547
1250,2652,2300,548
1251,2652,2300,548
1252,2652,2300,548
1253,2652,2300,548
1254,2652,2300,548
1255,2652,2300,548
1256,2652,2300,548
1257,2651,2300,549
1258,2651,2300,549
1259,2651,2300,549
1260,2651,2300,549
1261,2651,2300,549
1262,2651,2300,549
1263,2650,2300,550
1264,2650,2300,550
1265,2650,2300,550
1266,2649,2300,551
1267,2649,2300,551
1268,2649,2300,551
1269,2648,2300,552
1270,2648,2300,552
1271,2647,2300,553
1272,2647,2300,553
1273,2647,2300,553
1274,2647,2300,553
1275,2646,2300,554
1276,2646,2300,554
1277,2646,2300,554
1278,2646,2300,554
1279,2646,2300,554
1280,2646,2300,554
1281,2645,2300,555
1282,2644,2300,556
1283,2644,2300,556
1284,2644,2300,556
1285,2644,2300,556
1286,2644,2300,556
1287,2643,2300,557
1288,2643,2300,557
1289,2643,2300,557
1290,2643,2300,557
1291,2643,2300,557
1292,2643,2300,557
1293,2643,2300,557
1294,2643,2300,557
1295,2643,2300,557
1296,2642,2300,558
1297,2642,2300,558
1298,2642,2300,558
1299,2641,2300,559
1300,2641,2300,559
1301,2641,2300,559
1302,2641,2300,559
1303,2641,2300,559
1304,2640,2300,560
1305,2640,2300,560
1306,2640,2300,560
1307,2639,2300,561
1308,2639,2300,561
1309,2639,2300,561
1310,2639,2300,561
1311,2639,2300,561
1312,2639,2300,561
1313,2639,2300,561
1314,2639,2300,561
1315,2639,2300,561
1316,2639,2300,561
1317,2638,2300,562
1318,2638,2300,562
1319,2638,2300,562
1320,2637,2300,563
1321,2637,2300,563
1322,2637,2300,563
1323,2637,2300,563
1324,2637,2300,563
1325,2637,2300,563
1326,2636,2300,564
1327,2636,2300,564
1328,2635,2300,565
1329,2635,2300,565
1330,2635,2300,565
1331,2635,2300,565
1332,2635,2300,565
1333,2635,2300,565
1334,2635,2300,565
1335,2634,2300,566
1336,2634,2300,566
1337,2634,2300,566
1338,2634,2300,566
1339,2634,2300,566
1340,2633,2300,567
1341,2633,2300,567
1342,2633,2300,567
1343,2632,2300,568
1344,2632,2300,568
1345,2632,2300,568
1346,2631,2300,569
1347,2631,2300,569
1348,2631,2300,569
1349,2631,2300,569
1350,2631,2300,569
1351,2631,2300,569
1352,2631,2300,569
1353,2630,2300,570
1354,2630,2300,570
1355,2630,2300,570
1356,2629,2300,571
1357,2629,2300,571
1358,2628,2300,572
1359,2628,2300,572
1360,2628,2300,572
1361,2627,2300,573
1362,2627,2300,573
1363,2627,2300,573
1364,2626,2300,574
1365,2626,2300,574
1366,2625,2300,575
1367,2625,2300,575
1368,2625,2300,575
1369,2625,2300,575
1370,2625,2300,575
1371,2624,2300,576
1372,2624,2300,576
1373,2624,2300,576
1374,2624,2300,576
1375,2624,2300,576
1376,2624,2300,576
1377,2624,2300,576
1378,2624,2300,576
1379,2624,2300,576
1380,2623,2300,577
1381,2622,2300,578
1382,2622,2300,578
1383,2622,2300,578
1384,2622,2300,578
1385,2622,2300,578
1386,2622,2300,578
1387,2621,2300,579
1388,2621,2300,579
1389,2621,2300,579
1390,2620,2300,580
1391,2620,2300,580
1392,2620,2300,580
1393,2619,2300,581
1394,2618,2300,582
1395,2618,2300,582
1396,2617,2300,583
1397,2617,2300,583
1398,2617,2300,583
1399,2616,2300,584
1400,2616,2300,584
1401,2616,2300,584
1402,2616,2300,584
1403,2616,2300,584
1404,2615,2300,585
1405,2615,2300,585
1406,2615,2300,585
1407,2614,2300,586
1408,2614,2300,586
1409,2614,2300,586
1410,2614,2300,586
1411,2614,2300,586
1412,2614,2300,586
1413,2614,2300,586
1414,2614,2300,586
1415,2614,2300,586
1416,2614,2300,586
1417,2613,2300,587
1418,2613,2300,587
1419,2612,2300,588
1420,2612,2300,588
1421,2612,2300,588
1422,2612,2300,588
1423,2612,2300,588
1424,2612,2300,588
1425,2612,2300,588
1426,2612,2300,588
1427,2611,2300,589
1428,2611,2300,589
1429,2611,2300,589
1430,2610,2300,590
1431,2610,2300,590
1432,2610,2300,590
1433,2610,2300,590
1434,2610,2300,590
1435,2610,2300,590
1436,2609,2300,591
1437,2609,2300,591
1438,2609,2300,591
1439,2608,2300,592
1440,2608,2300,592
1441,2608,2300,592
1442,2608,2300,592
1443,2608,2300,592
1444,2607,2300,593
1445,2607,2300,593
1446,2607,2300,593
1447,2607,2300,593
1448,2607,2300,593
1449,2607,2300,593
1450,2607,2300,593
1451,2606,2300,594
1452,2606,2300,594
1453,2606,2300,594
1454,2606,2300,594
1455,2606,2300,594
1456,2606,2300,594
1457,2606,2300,594
1458,2605,2300,595
1459,2605,2300,595
1460,2605,2300,595
1461,2605,2300,595
1462,2604,2300,596
1463,2604,2300,596
1464,2603,2300,597
1465,2603,2300,597
1466,2603,2300,597
1467,2603,2300,597
1468,2603,2300,597
1469,2602,2300,598
1470,2602,2300,598
1471,2602,2300,598
1472,2602,2300,598
1473,2602,2300,598
1474,2602,2300,598
1475,2602,2300,598
1476,2602,2300,598
1477,2602,2300,598
1478,2602,2300,598
1479,2602,2300,598
1480,2602,2300,598
1481,2602,2300,598
1482,2602,2300,598
1483,2602,2300,598
1484,2600,2300,600
1485,2599,2300,601
1486,2598,2300,602
1487,2598,2300,602
1488,2597,2300,603
1489,2597,2300,603
1490,2597,2300,603
1491,2596,2300,604
1492,2596,2300,604
1493,2596,2300,604
1494,2596,2300,604
1495,2596,2300,604
1496,2596,2300,604
1497,2596,2300,604
1498,2596,2300,604
1499,2595,2300,605
1500,2595,2300,605
1501,2595,2300,605
1502,2595,2300,605
1503,2595,2300,605
1504,2595,2300,605
1505,2595,2300,605
1506,2595,2300,605
1507,2594,2300,606
1508,2594,2300,606
1509,2594,2300,606
1510,2593,2300,607
1511,2593,2300,607
1512,2592,2300,608
1513,2592,2300,608
1514,2592,2300,608
1515,2592,2300,608
1516,2592,2300,608
1517,2592,2300,608
1518,2592,2300,608
1519,2592,2300,608
1520,2592,2300,608
1521,2591,2300,609
1522,2591,2300,609
1523,2591,2300,609
1524,2591,2300,609
1525,2591,2300,609
1526,2591,2300,609
1527,2590,2300,610
1528,2590,2300,610
1529,2590,2300,610
1530,2589,2300,611
1531,2589,2300,611
1532,2589,2300,611
1533,2589,2300,611
1534,2589,2300,611
1535,2589,2300,611
1536,2589,2300,611
1537,2588,2300,612
1538,2588,2300,612
1539,2588,2300,612
1540,2587,2300,613
1541,2587,2300,613
1542,2586,2300,614
1543,2586,2300,614
1544,2586,2300,614
1545,2585,2300,615
1546,2585,2300,615
1547,2585,2300,615
1548,2585,2300,615
1549,2585,2300,615
1550,2585,2300,615
1551,2584,2300,616
1552,2584,2300,616
1553,2584,2300,616
1554,2584,2300,616
1555,2584,2300,616
1556,2584,2300,616
1557,2583,2300,617
1558,2583,2300,617
1559,2583,2300,617
1560,2583,2300,617
1561,2583,2300,617
1562,2582,2300,618
1563,2582,2300,618
1564,2582,2300,618
1565,2582,2300,618
1566,2581,2300,619
1567,2581,2300,619
1568,2581,2300,619
1569,2580,2300,620
1570,2580,2300,620
1571,2580,2300,620
1572,2580,2300,620
1573,2579,2300,621
1574,2579,2300,621
1575,2578,2300,622
1576,2578,2300,622
1577,2578,2300,622
1578,2578,2300,622
1579,2578,2300,622
1580,2577,2300,623
1581,2577,2300,623
1582,2577,2300,623
1583,2576,2300,624
1584,2576,2300,624
1585,2576,2300,624
1586,2575,2300,625
1587,2574,2300,626
1588,2574,2300,626
1589,2574,2300,626
1590,2574,2300,626
1591,2574,2300,626
1592,2573,2300,627
1593,2573,2300,627
1594,2573,2300,627
1595,2572,2300,628
1596,2572,2300,628
1597,2572,2300,628
1598,2571,2300,629
1599,2571,2300,629
1600,2571,2300,629
1601,2570,2300,630
1602,2570,2300,630
1603,2570,2300,630
1604,2570,2300,630
1605,2570,2300,630
1606,2569,2300,631
1607,2569,2300,631
1608,2569,2300,631
1609,2569,2300,631
1610,2568,2300,632
1611,2568,2300,632
1612,2568,2300,632
1613,2568,2300,632
1614,2567,2300,633
1615,2567,2300,633
1616,2567,2300,633
1617,2567,2300,633
1618,2567,2300,633
1619,2567,2300,633
1620,2567,2300,633
1621,2566,2300,634
1622,2566,2300,634
1623,2566,2300,634
1624,2566,2300,634
1625,2566,2300,634
1626,2566,2300,634
1627,2565,2300,635
1628,2565,2300,635
1629,2565,2300,635
1630,2564,2300,636
1631,2564,2300,636
1632,2564,2300,636
1633,2564,2300,636
1634,2564,2300,636
1635,2563,2300,637
1636,2563,2300,637
1637,2562,2300,638
1638,2562,2300,638
1639,2562,2300,638
1640,2562,2300,638
1641,2561,2300,639
1642,2561,2300,639
1643,2560,2300,640
1644,2560,2300,640
1645,2560,2300,640
1646,2560,2300,640
1647,2560,2300,640
1648,2559,2300,641
1649,2559,2300,641
1650,2559,2300,641
1651,2558,2300,642
1652,2558,2300,642
1653,2558,2300,642
1654,2558,2300,642
1655,2558,2300,642
1656,2558,2300,642
1657,2558,2300,642
1658,2557,2300,643
1659,2557,2300,643
1660,2556,2300,644
1661,2556,2300,644
1662,2556,2300,644
1663,2556,2300,644
1664,2556,2300,644
1665,2556,2300,644
1666,2556,2300,644
1667,2556,2300,644
1668,2556,2300,644
1669,2556,2300,644
1670,2555,2300,645
1671,2554,2300,646
1672,2554,2300,646
1673,2554,2300,646
1674,2553,2300,647
1675,2553,2300,647
1676,2553,2300,647
1677,2553,2300,647
1678,2553,2300,647
1679,2553,2300,647
1680,2553,2300,647
1681,2552,2300,648
1682,2552,2300,648
1683,2551,2300,649
1684,2551,2300,649
1685,2551,2300,649
1686,2550,2300,650
1687,2550,2300,650
1688,2550,2300,650
1689,2550,2300,650
1690,2550,2300,650
1691,2549,2300,651
1692,2549,2300,651
1693,2548,2300,652
1694,2548,2300,652
1695,2548,2300,652
1696,2548,2300,652
1697,2548,2300,652
1698,2548,2300,652
1699,2547,2300,653
1700,2547,2300,653
1701,2547,2300,653
1702,2546,2300,654
1703,2546,2300,654
1704,2546,2300,654
1705,2546,2300,654
1706,2545,2300,655
1707,2545,2300,655
1708,2544,2300,656
1709,2544,2300,656
1710,2544,2300,656
1711,2544,2300,656
1712,2544,2300,656
1713,2544,2300,656
1714,2544,2300,656
1715,2544,2300,656
1716,2544,2300,656
1717,2543,2300,657
1718,2543,2300,657
1719,2543,2300,657
1720,2543,2300,657
1721,2543,2300,657
1722,2543,2300,657
1723,2542,2300,658
1724,2542,2300,658
1725,2541,2300,659
1726,2541,2300,659
1727,2541,2300,659
1728,2541,2300,659
1729,2541,2300,659
1730,2541,2300,659
1731,2540,2300,660
1732,2540,2300,660
1733,2540,2300,660
1734,2540,2300,660
1735,2540,2300,660
1736,2540,2300,660
1737,2540,2300,660
1738,2540,2300,660
1739,2540,2300,660
1740,2540,2300,660
1741,2540,2300,660
1742,2540,2300,660
1743,2540,2300,660
1744,2540,2300,660
1745,2539,2300,661
1746,2539,2300,661
1747,2538,2300,662
1748,2538,2300,662
1749,2538,2300,662
1750,2538,2300,662
1751,2538,2300,662
1752,2538,2300,662
1753,2538,2300,662
1754,2538,2300,662
1755,2538,2300,662
1756,2538,2300,662
1757,2537,2300,663
1758,2537,2300,663
1759,2537,2300,663
1760,2536,2300,664
1761,2536,2300,664
1762,2536,2300,664
1763,2535,2300,665
1764,2535,2300,665
1765,2535,2300,665
1766,2534,2300,666
1767,2534,2300,666
1768,2534,2300,666
1769,2533,2300,667
1770,2533,2300,667
1771,2533,2300,667
1772,2532,2300,668
1773,2532,2300,668
1774,2532,2300,668
1775,2531,2300,669
1776,2531,2300,669
1777,2531,2300,669
1778,2530,2300,670
1779,2530,2300,670
1780,2530,2300,670
1781,2529,2300,671
1782,2529,2300,671
1783,2528,2300,672
1784,2528,2300,672
1785,2528,2300,672
1786,2528,2300,672
1787,2527,2300,673
1788,2527,2300,673
1789,2527,2300,673
1790,2526,2300,674
1791,2526,2300,674
1792,2526,2300,674
1793,2525,2300,675
1794,2525,2300,675
1795,2525,2300,675
1796,2525,2300,675
1797,2525,2300,675
1798,2525,2300,675
1799,2525,2300,675
1800,2525,2300,675
1801,2525,2300,675
1802,2525,2300,675
1803,2524,2300,676
1804,2523,2300,677
1805,2523,2300,677
1806,2523,2300,677
1807,2523,2300,677
1808,2522,2300,678
1809,2522,2300,678
1810,2521,2300,679
1811,2521,2300,679
1812,2521,2300,679
1813,2521,2300,679
1814,2521,2300,679
1815,2521,2300,679
1816,2521,2300,679
1817,2521,2300,679
1818,2521,2300,679
1819,2520,2300,680
1820,2520,2300,680
1821,2519,2300,681
1822,2519,2300,681
1823,2519,2300,681
1824,2519,2300,681
1825,2519,2300,681
1826,2518,2300,682
1827,2518,2300,682
1828,2517,2300,683
1829,2517,2300,683
1830,2517,2300,683
1831,2517,2300,683
1832,2516,2300,684
1833,2516,2300,684
1834,2516,2300,684
1835,2516,2300,684
1836,2516,2300,684
1837,2516,2300,684
1838,2516,2300,684
1839,2516,2300,684
1840,2516,2300,684
1841,2516,2300,684
1842,2516,2300,684
1843,2516,2300,684
1844,2516,2300,684
1845,2516,2300,684
1846,2516,2300,684
1847,2516,2300,684
1848,2516,2300,684
1849,2515,2300,685
1850,2515,2300,685
1851,2515,2300,685
1852,2514,2300,686
1853,2514,2300,686
1854,2514,2300,686
1855,2513,2300,687
1856,2513,2300,687
1857,2512,2300,688
1858,2512,2300,688
1859,2512,2300,688
1860,2511,2300,689
1861,2511,2300,689
1862,2510,2300,690
1863,2510,2300,690
1864,2510,2300,690
1865,2509,2300,691
1866,2509,2300,691
1867,2509,2300,691
1868,2508,2300,692
1869,2508,2300,692
1870,2508,2300,692
1871,2508,2300,692
1872,2508,2300,692
1873,2508,2300,692
1874,2507,2300,693
1875,2506,2300,694
1876,2506,2300,694
1877,2506,2300,694
1878,2506,2300,694
1879,2506,2300,694
1880,2506,2300,694
1881,2506,2300,694
1882,2505,2300,695
1883,2505,2300,695
1884,2505,2300,695
1885,2505,2300,695
1886,2505,2300,695
1887,2504,2300,696
1888,2504,2300,696
1889,2504,2300,696
1890,2503,2300,697
1891,2503,2300,697
1892,2503,2300,697
1893,2503,2300,697
1894,2503,2300,697
1895,2503,2300,697
1896,2503,2300,697
1897,2502,2300,698
1898,2502,2300,698
1899,2501,2300,699
1900,2501,2300,699
1901,2501,2300,699
1902,2501,2300,699
1903,2501,2300,699
1904,2500,2300,700
1905,2500,2300,700
1906,2499,2300,701
1907,2499,2300,701
1908,2499,2300,701
1909,2499,2300,701
1910,2499,2300,701
1911,2498,2300,702
1912,2498,2300,702
1913,2498,2300,702
1914,2498,2300,702
1915,2498,2300,702
1916,2498,2300,702
1917,2498,2300,702
1918,2498,2300,702
1919,2498,2300,702
1920,2497,2300,703
1921,2497,2300,703
1922,2497,2300,703
1923,2497,2300,703
1924,2496,2300,704
1925,2496,2300,704
1926,2496,2300,704
1927,2495,2300,705
1928,2495,2300,705
1929,2495,2300,705
1930,2494,2300,706
1931,2494,2300,706
1932,2494,2300,706
1933,2494,2300,706
1934,2494,2300,706
1935,2493,2300,707
1936,2493,2300,707
1937,2493,2300,707
1938,2492,2300,708
1939,2492,2300,708
1940,2492,2300,708
1941,2492,2300,708
1942,2492,2300,708
1943,2492,2300,708
1944,2491,2300,709
1945,2491,2300,709
1946,2490,2300,710
1947,2490,2300,710
1948,2490,2300,710
1949,2490,2300,710
1950,2490,2300,710
1951,2489,2300,711
1952,2489,2300,711
1953,2489,2300,711
1954,2488,2300,712
1955,2488,2300,712
1956,2488,2300,712
1957,2488,2300,712
1958,2488,2300,712
1959,2488,2300,712
1960,2487,2300,713
1961,2486,2300,714
1962,2486,2300,714
1963,2486,2300,714
1964,2486,2300,714
1965,2486,2300,714
1966,2486,2300,714
1967,2486,2300,714
1968,2486,2300,714
1969,2486,2300,714
1970,2486,2300,714
1971,2486,2300,714
1972,2485,2300,715
1973,2485,2300,715
1974,2484,2300,716
1975,2484,2300,716
1976,2484,2300,716
1977,2484,2300,716
1978,2483,2300,717
1979,2483,2300,717
1980,2483,2300,717
1981,2483,2300,717
1982,2483,2300,717
1983,2483,2300,717
1984,2483,2300,717
1985,2483,2300,717
1986,2482,2300,718
1987,2482,2300,718
1988,2482,2300,718
1989,2482,2300,718
1990,2482,2300,718
1991,2481,2300,719
1992,2481,2300,719
1993,2481,2300,719
1994,2481,2300,719
1995,2481,2300,719
1996,2481,2300,719
1997,2481,2300,719
1998,2481,2300,719
1999,2480,2300,720
2000,2480,2300,720
2001,2480,2300,720
2002,2479,2300,721
2003,2479,2300,721
2004,2479,2300,721
2005,2478,2300,722
2006,2478,2300,722
2007,2478,2300,722
2008,2478,2300,722
2009,2478,2300,722
2010,2477,2300,723
2011,2477,2300,723
2012,2476,2300,724
2013,2476,2300,724
2014,2476,2300,724
2015,2476,2300,724
2016,2476,2300,724
2017,2476,2300,724
2018,2476,2300,724
2019,2476,2300,724
2020,2475,2300,725
2021,2475,2300,725
2022,2475,2300,725
2023,2474,2300,726
2024,2474,2300,726
2025,2474,2300,726
2026,2473,2300,727
2027,2473,2300,727
2028,2473,2300,727
2029,2472,2300,728
2030,2471,2300,729
2031,2471,2300,729
2032,2471,2300,729
2033,2471,2300,729
2034,2471,2300,729
2035,2471,2300,729
2036,2470,2300,730
2037,2470,2300,730
2038,2470,2300,730
2039,2470,2300,730
2040,2470,2300,730
2041,2470,2300,730
2042,2469,2300,731
2043,2468,2300,732
2044,2468,2300,732
2045,2468,2300,732
2046,2468,2300,732
2047,2468,2300,732
2048,2468,2300,732
2049,2468,2300,732
2050,2468,2300,732
2051,2467,2300,733
2052,2467,2300,733
2053,2467,2300,733
2054,2466,2300,734
2055,2466,2300,734
2056,2466,2300,734
2057,2466,2300,734
2058,2465,2300,735
2059,2465,2300,735
2060,2465,2300,735
2061,2465,2300,735
2062,2465,2300,735
2063,2465,2300,735
2064,2464,2300,736
2065,2464,2300,736
2066,2464,2300,736
2067,2464,2300,736
2068,2464,2300,736
2069,2463,2300,737
2070,2463,2300,737
2071,2463,2300,737
2072,2463,2300,737
2073,2462,2300,738
2074,2462,2300,738
2075,2462,2300,738
2076,2462,2300,738
2077,2462,2300,738
2078,2462,2300,738
2079,2461,2300,739
2080,2461,2300,739
2081,2461,2300,739
2082,2461,2300,739
2083,2461,2300,739
2084,2461,2300,739
2085,2460,2300,740
2086,2460,2300,740
2087,2460,2300,740
2088,2460,2300,740
2089,2460,2300,740
2090,2460,2300,740
2091,2459,2300,741
2092,2459,2300,741
2093,2459,2300,741
2094,2459,2300,741
2095,2459,2300,741
2096,2459,2300,741
2097,2459,2300,741
2098,2459,2300,741
2099,2459,2300,741
2100,2459,2300,741
2101,2459,2300,741
2102,2458,2300,742
2103,2458,2300,742
2104,2457,2300,743
2105,2457,2300,743
2106,2457,2300,743
2107,2457,2300,743
2108,2456,2300,744
2109,2455,2300,745
2110,2455,2300,745
2111,2455,2300,745
2112,2455,2300,745
2113,2454,2300,746
2114,2454,2300,746
2115,2453,2300,747
2116,2453,2300,747
2117,2452,2300,748
2118,2452,2300,748
2119,2451,2300,749
2120,2450,2300,750
2121,2450,2300,750
2122,2449,2300,751
2123,2449,2300,751
2124,2449,2300,751
2125,2449,2300,751
2126,2448,2300,752
2127,2448,2300,752
2128,2448,2300,752
2129,2448,2300,752
2130,2447,2300,753
2131,2446,2300,754
2132,2446,2300,754
2133,2446,2300,754
2134,2446,2300,754
2135,2445,2300,755
2136,2445,2300,755
2137,2445,2300,755
2138,2445,2300,755
2139,2445,2300,755
2140,2444,2300,756
2141,2444,2300,756
2142,2444,2300,756
2143,2443,2300,757
2144,2443,2300,757
2145,2442,2300,758
2146,2442,2300,758
2147,2442,2300,758
2148,2442,2300,758
2149,2442,2300,758
2150,2442,2300,758
2151,2442,2300,758
2152,2442,2300,758
2153,2442,2300,758
2154,2442,2300,758
2155,2442,2300,758
2156,2442,2300,758
2157,2442,2300,758
2158,2442,2300,758
2159,2441,2300,759
2160,2441,2300,759
2161,2441,2300,759
2162,2441,2300,759
2163,2441,2300,759
2164,2441,2300,759
2165,2441,2300,759
2166,2441,2300,759
2167,2441,2300,759
2168,2441,2300,759
2169,2440,2300,760
2170,2440,2300,760
2171,2440,2300,760
2172,2439,2300,761
2173,2439,2300,761
2174,2438,2300,762
2175,2438,2300,762
2176,2438,2300,762
2177,2437,2300,763
2178,2437,2300,763
2179,2437,2300,763
2180,2437,2300,763
2181,2436,2300,764
2182,2436,2300,764
2183,2435,2300,765
2184,2435,2300,765
2185,2435,2300,765
2186,2435,2300,765
2187,2435,2300,765
2188,2435,2300,765
2189,2434,2300,766
2190,2434,2300,766
2191,2434,2300,766
2192,2434,2300,766
2193,2434,2300,766
2194,2434,2300,766
2195,2433,2300,767
2196,2433,2300,767
2197,2433,2300,767
2198,2432,2300,768
2199,2432,2300,768
2200,2432,2300,768
2201,2432,2300,768
2202,2432,2300,768
2203,2432,2300,768
2204,2431,2300,769
2205,2431,2300,769
2206,2430,2300,770
2207,2429,2300,771
2208,2429,2300,771
2209,2429,2300,771
2210,2428,2300,772
2211,2428,2300,772
2212,2427,2300,773
2213,2427,2300,773
2214,2427,2300,773
2215,2427,2300,773
2216,2427,2300,773
2217,2427,2300,773
2218,2427,2300,773
2219,2427,2300,773
2220,2427,2300,773
2221,2427,2300,773
2222,2427,2300,773
2223,2427,2300,773
2224,2427,2300,773
2225,2427,2300,773
2226,2427,2300,773
2227,2427,2300,773
2228,2427,2300,773
2229,2427,2300,773
2230,2426,2300,774
2231,2425,2300,775
2232,2425,2300,775
2233,2425,2300,775
2234,2425,2300,775
2235,2424,2300,776
2236,2424,2300,776
2237,2424,2300,776
2238,2424,2300,776
2239,2424,2300,776
2240,2424,2300,776
2241,2424,2300,776
2242,2423,2300,777
2243,2423,2300,777
2244,2423,2300,777
2245,2423,2300,777
2246,2423,2300,777
2247,2422,2300,778
2248,2421,2300,779
2249,2421,2300,779
2250,2421,2300,779
2251,2421,2300,779
2252,2421,2300,779
2253,2420,2300,780
2254,2420,2300,780
2255,2419,2300,781
2256,2419,2300,781
2257,2419,2300,781
2258,2419,2300,781
2259,2418,2300,782
2260,2418,2300,782
2261,2417,2300,783
2262,2417,2300,783
2263,2416,2300,784
2264,2415,2300,785
2265,2415,2300,785
2266,2415,2300,785
2267,2415,2300,785
2268,2415,2300,785
2269,2415,2300,785
2270,2415,2300,785
2271,2415,2300,785
2272,2415,2300,785
2273,2415,2300,785
2274,2414,2300,786
2275,2414,2300,786
2276,2414,2300,786
2277,2414,2300,786
2278,2414,2300,786
2279,2414,2300,786
2280,2413,2300,787
2281,2413,2300,787
2282,2413,2300,787
2283,2413,2300,787
2284,2412,2300,788
2285,2412,2300,788
2286,2412,2300,788
2287,2412,2300,788
2288,2411,2300,789
2289,2411,2300,789
2290,2410,2300,790
2291,2410,2300,790
2292,2410,2300,790
2293,2410,2300,790
2294,2410,2300,790
2295,2410,2300,790
2296,2409,2300,791
2297,2409,2300,791
2298,2408,2300,792
2299,2408,2300,792
2300,2408,2300,792
2301,2408,2300,792
2302,2408,2300,792
2303,2408,2300,792
2304,2408,2300,792
2305,2408,2300,792
2306,2408,2300,792
2307,2407,2300,793
2308,2407,2300,793
2309,2407,2300,793
2310,2406,2300,794
2311,2406,2300,794
2312,2406,2300,794
2313,2406,2300,794
2314,2405,2300,795
2315,2405,2300,795
2316,2405,2300,795
2317,2405,2300,795
2318,2404,2300,796
2319,2404,2300,796
2320,2404,2300,796
2321,2403,2300,797
2322,2403,2300,797
2323,2402,2300,798
2324,2402,2300,798
2325,2401,2300,799
2326,2401,2300,799
2327,2401,2300,799
2328,2401,2300,799
2329,2400,2300,800
2330,2400,2300,800
2331,2400,2300,800
2332,2400,2300,800
2333,2399,2300,801
2334,2399,2300,801
2335,2399,2300,801
2336,2399,2300,801
2337,2398,2300,802
2338,2398,2300,802
2339,2398,2300,802
2340,2398,2300,802
2341,2397,2300,803
2342,2397,2300,803
2343,2397,2300,803
2344,2397,2300,803
2345,2397,2300,803
2346,2396,2300,804
2347,2396,2300,804
2348,2395,2300,805
2349,2395,2300,805
2350,2395,2300,805
2351,2395,2300,805
2352,2395,2300,805
2353,2395,2300,805
2354,2395,2300,805
2355,2395,2300,805
2356,2395,2300,805
2357,2394,2300,806
2358,2394,2300,806
2359,2393,2300,807
2360,2393,2300,807
2361,2393,2300,807
2362,2392,2300,808
2363,2392,2300,808
2364,2392,2300,808
2365,2392,2300,808
2366,2392,2300,808
2367,2392,2300,808
2368,2392,2300,808
2369,2392,2300,808
2370,2391,2300,809
2371,2391,2300,809
2372,2390,2300,810
2373,2390,2300,810
2374,2390,2300,810
2375,2390,2300,810
2376,2389,2300,811
2377,2389,2300,811
2378,2389,2300,811
2379,2389,2300,811
2380,2388,2300,812
2381,2388,2300,812
2382,2388,2300,812
2383,2388,2300,812
2384,2388,2300,812
2385,2387,2300,813
2386,2387,2300,813
2387,2387,2300,813
2388,2387,2300,813
2389,2387,2300,813
2390,2387,2300,813
2391,2386,2300,814
2392,2386,2300,814
2393,2385,2300,815
2394,2385,2300,815
2395,2385,2300,815
2396,2384,2300,816
2397,2384,2300,816
2398,2384,2300,816
2399,2384,2300,816
2400,2384,2300,816
2401,2383,2300,817
2402,2383,2300,817
2403,2383,2300,817
2404,2383,2300,817
2405,2383,2300,817
2406,2383,2300,817
2407,2383,2300,817
2408,2383,2300,817
2409,2382,2300,818
2410,2382,2300,818
2411,2382,2300,818
2412,2382,2300,818
2413,2382,2300,818
2414,2382,2300,818
2415,2382,2300,818
2416,2382,2300,818
2417,2381,2300,819
2418,2381,2300,819
2419,2381,2300,819
2420,2381,2300,819
2421,2381,2300,819
2422,2381,2300,819
2423,2381,2300,819
2424,2380,2300,820
2425,2380,2300,820
2426,2380,2300,820
2427,2380,2300,820
2428,2379,2300,821
2429,2379,2300,821
2430,2378,2300,822
2431,2378,2300,822
2432,2378,2300,822
2433,2377,2300,823
2434,2377,2300,823
2435,2376,2300,824
2436,2376,2300,824
2437,2375,2300,825
2438,2375,2300,825
2439,2375,2300,825
2440,2375,2300,825
2441,2375,2300,825
2442,2374,2300,826
2443,2374,2300,826
2444,2373,2300,827
2445,2373,2300,827
2446,2373,2300,827
2447,2372,2300,828
2448,2372,2300,828
2449,2371,2300,829
2450,2371,2300,829
2451,2371,2300,829
2452,2371,2300,829
2453,2371,2300,829
2454,2371,2300,829
2455,2371,2300,829
2456,2371,2300,829
2457,2370,2300,830
2458,2370,2300,830
2459,2370,2300,830
2460,2370,2300,830
2461,2370,2300,830
2462,2370,2300,830
2463,2370,2300,830
2464,2369,2300,831
2465,2369,2300,831
2466,2369,2300,831
2467,2368,2300,832
2468,2368,2300,832
2469,2368,2300,832
2470,2367,2300,833
2471,2367,2300,833
2472,2366,2300,834
2473,2366,2300,834
2474,2366,2300,834
2475,2366,2300,834
2476,2366,2300,834
2477,2366,2300,834
2478,2366,2300,834
2479,2366,2300,834
2480,2366,2300,834
2481,2366,2300,834
2482,2366,2300,834
2483,2365,2300,835
2484,2365,2300,835
2485,2364,2300,836
2486,2364,2300,836
2487,2364,2300,836
2488,2363,2300,837
2489,2363,2300,837
2490,2363,2300,837
2491,2362,2300,838
2492,2362,2300,838
2493,2361,2300,839
2494,2361,2300,839
2495,2361,2300,839
2496,2361,2300,839
2497,2361,2300,839
2498,2361,2300,839
2499,2361,2300,839
2500,2361,2300,839
2501,2361,2300,839
2502,2361,2300,839
2503,2361,2300,839
2504,2361,2300,839
2505,2360,2300,840
2506,2360,2300,840
2507,2360,2300,840
2508,2360,2300,840
2509,2359,2300,841
2510,2359,2300,841
2511,2359,2300,841
2512,2359,2300,841
2513,2358,2300,842
2514,2358,2300,842
2515,2358,2300,842
2516,2358,2300,842
2517,2357,2300,843
2518,2357,2300,843
2519,2357,2300,843
2520,2356,2300,844
2521,2356,2300,844
2522,2356,2300,844
2523,2356,2300,844
2524,2355,2300,845
2525,2355,2300,845
2526,2355,2300,845
2527,2355,2300,845
2528,2355,2300,845
2529,2355,2300,845
2530,2354,2300,846
2531,2354,2300,846
2532,2354,2300,846
2533,2354,2300,846
2534,2354,2300,846
2535,2353,2300,847
2536,2353,2300,847
2537,2352,2300,848
2538,2352,2300,848
2539,2352,2300,848
2540,2351,2300,849
2541,2351,2300,849
2542,2351,2300,849
2543,2351,2300,849
2544,2350,2300,850
2545,2350,2300,850
2546,2349,2300,851
2547,2349,2300,851
2548,2348,2300,852
2549,2348,2300,852
2550,2348,2300,852
2551,2348,2300,852
2552,2348,2300,852
2553,2348,2300,852
2554,2348,2300,852
2555,2348,2300,852
2556,2348,2300,852
2557,2348,2300,852
2558,2348,2300,852
2559,2347,2300,853
2560,2347,2300,853
2561,2347,2300,853
2562,2347,2300,853
2563,2347,2300,853
2564,2347,2300,853
2565,2347,2300,853
2566,2346,2300,854
2567,2346,2300,854
2568,2346,2300,854
2569,2345,2300,855
2570,2345,2300,855
2571,2345,2300,855
2572,2344,2300,856
2573,2344,2300,856
2574,2344,2300,856
2575,2344,2300,856
2576,2344,2300,856
2577,2344,2300,856
2578,2344,2300,856
2579,2343,2300,857
2580,2343,2300,857
2581,2342,2300,858
2582,2342,2300,858
2583,2342,2300,858
2584,2342,2300,858
2585,2341,2300,859
2586,2341,2300,859
2587,2341,2300,859
2588,2340,2300,860
2589,2340,2300,860
2590,2340,2300,860
2591,2340,2300,860
2592,2340,2300,860
2593,2339,2300,861
2594,2339,2300,861
2595,2338,2300,862
2596,2338,2300,862
2597,2337,2300,863
2598,2337,2300,863
2599,2337,2300,863
2600,2337,2300,863
2601,2336,2300,864
2602,2335,2300,865
2603,2335,2300,865
2604,2335,2300,865
2605,2335,2300,865
2606,2335,2300,865
2607,2334,2300,866
2608,2334,2300,866
2609,2334,2300,866
2610,2334,2300,866
2611,2334,2300,866
2612,2334,2300,866
2613,2334,2300,866
2614,2334,2300,866
2615,2334,2300,866
2616,2334,2300,866
2617,2334,2300,866
2618,2333,2300,867
2619,2333,2300,867
2620,2332,2300,868
2621,2332,2300,868
2622,2332,2300,868
2623,2331,2300,869
2624,2331,2300,869
2625,2331,2300,869
2626,2331,2300,869
2627,2331,2300,869
2628,2331,2300,869
2629,2331,2300,869
2630,2331,2300,869
2631,2331,2300,869
2632,2330,2300,870
2633,2330,2300,870
2634,2329,2300,871
2635,2329,2300,871
2636,2329,2300,871
2637,2328,2300,872
2638,2328,2300,872
2639,2328,2300,872
2640,2328,2300,872
2641,2328,2300,872
2642,2328,2300,872
2643,2327,2300,873
2644,2327,2300,873
2645,2326,2300,874
2646,2326,2300,874
2647,2326,2300,874
2648,2326,2300,874
2649,2326,2300,874
2650,2326,2300,874
2651,2326,2300,874
2652,2326,2300,874
2653,2326,2300,874
2654,2326,2300,874
2655,2325,2300,875
2656,2324,2300,876
2657,2324,2300,876
2658,2324,2300,876
2659,2324,2300,876
2660,2324,2300,876
2661,2323,2300,877
2662,2323,2300,877
2663,2323,2300,877
2664,2323,2300,877
2665,2323,2300,877
2666,2322,2300,878
2667,2322,2300,878
2668,2322,2300,878
2669,2321,2300,879
2670,2321,2300,879
2671,2321,2300,879
2672,2321,2300,879
2673,2321,2300,879
2674,2321,2300,879
2675,2321,2300,879
2676,2321,2300,879
2677,2320,2300,880
2678,2320,2300,880
2679,2319,2300,881
2680,2319,2300,881
2681,2319,2300,881
2682,2318,2300,882
2683,2318,2300,882
2684,2318,2300,882
2685,2318,2300,882
2686,2317,2300,883
2687,2317,2300,883
2688,2316,2300,884
2689,2316,2300,884
2690,2315,2300,885
2691,2315,2300,885
2692,2315,2300,885
2693,2314,2300,886
2694,2314,2300,886
2695,2314,2300,886
2696,2314,2300,886
2697,2314,2300,886
2698,2313,2300,887
2699,2312,2300,888
2700,2312,2300,888
2701,2312,2300,888
2702,2312,2300,888
2703,2312,2300,888
2704,2312,2300,888
2705,2311,2300,889
2706,2311,2300,889
2707,2310,2300,890
2708,2310,2300,890
2709,2310,2300,890
2710,2310,2300,890
2711,2309,2300,891
2712,2309,2300,891
2713,2309,2300,891
2714,2309,2300,891
2715,2309,2300,891
2716,2309,2300,891
2717,2309,2300,891
2718,2309,2300,891
2719,2309,2300,891
2720,2309,2300,891
2721,2309,2300,891
2722,2309,2300,891
2723,2309,2300,891
2724,2309,2300,891
2725,2309,2300,891
2726,2308,2300,892
2727,2307,2300,893
2728,2307,2300,893
2729,2307,2300,893
2730,2307,2300,893
2731,2306,2300,894
2732,2306,2300,894
2733,2306,2300,894
2734,2305,2300,895
2735,2305,2300,895
2736,2305,2300,895
2737,2305,2300,895
2738,2304,2300,896
2739,2304,2300,896
2740,2304,2300,896
2741,2304,2300,896
2742,2304,2300,896
2743,2303,2300,897
2744,2303,2300,897
2745,2303,2300,897
2746,2303,2300,897
2747,2303,2300,897
2748,2303,2300,897
2749,2302,2300,898
2750,2302,2300,898
2751,2302,2300,898
2752,2302,2300,898
2753,2301,2300,899
2754,2301,2300,899
2755,2300,2300,900
2756,2300,2300,900
2757,2300,2300,900
2758,2300,2300,900
2759,2300,2300,900
2760,2299,2300,901
2761,2299,2300,901
2762,2298,2300,902
2763,2298,2300,902
2764,2298,2300,902
2765,2298,2300,902
2766,2297,2300,903
2767,2296,2300,904
2768,2296,2300,904
2769,2296,2300,904
2770,2296,2300,904
2771,2295,2300,905
2772,2295,2300,905
2773,2295,2300,905
2774,2295,2300,905
2775,2295,2300,905
2776,2295,2300,905
2777,2295,2300,905
2778,2294,2300,906
2779,2293,2300,907
2780,2293,2300,907
2781,2293,2300,907
2782,2293,2300,907
2783,2292,2300,908
2784,2292,2300,908
2785,2292,2300,908
2786,2291,2300,909
2787,2291,2300,909
2788,2291,2300,909
2789,2291,2300,909
2790,2291,2300,909
2791,2291,2300,909
2792,2291,2300,909
2793,2291,2300,909
2794,2291,2300,909
2795,2291,2300,909
2796,2291,2300,909
2797,2291,2300,909
2798,2291,2300,909
2799,2291,2300,909
2800,2290,2300,910
2801,2290,2300,910
2802,2290,2300,910
2803,2289,2300,911
2804,2289,2300,911
2805,2288,2300,912
2806,2288,2300,912
2807,2288,2300,912
2808,2288,2300,912
2809,2288,2300,912
2810,2288,2300,912
2811,2288,2300,912
2812,2287,2300,913
2813,2286,2300,914
2814,2286,2300,914
2815,2286,2300,914
2816,2285,2300,915
2817,2285,2300,915
2818,2284,2300,916
2819,2284,2300,916
2820,2284,2300,916
2821,2284,2300,916
2822,2283,2300,917
2823,2283,2300,917
2824,2283,2300,917
2825,2283,2300,917
2826,2283,2300,917
2827,2283,2300,917
2828,2283,2300,917
2829,2282,2300,918
2830,2282,2300,918
2831,2282,2300,918
2832,2282,2300,918
2833,2282,2300,918
2834,2282,2300,918
2835,2281,2300,919
2836,2281,2300,919
2837,2281,2300,919
2838,2281,2300,919
2839,2280,2300,920
2840,2279,2300,921
2841,2279,2300,921
2842,2279,2300,921
2843,2279,2300,921
2844,2279,2300,921
2845,2279,2300,921
2846,2279,2300,921
2847,2279,2300,921
2848,2279,2300,921
2849,2278,2300,922
2850,2278,2300,922
2851,2278,2300,922
2852,2278,2300,922
2853,2277,2300,923
2854,2277,2300,923
2855,2276,2300,924
2856,2276,2300,924
2857,2276,2300,924
2858,2276,2300,924
2859,2276,2300,924
2860,2276,2300,924
2861,2276,2300,924
2862,2276,2300,924
2863,2275,2300,925
2864,2275,2300,925
2865,2275,2300,925
2866,2275,2300,925
2867,2274,2300,926
2868,2274,2300,926
2869,2274,2300,926
2870,2274,2300,926
2871,2273,2300,927
2872,2273,2300,927
2873,2273,2300,927
2874,2272,2300,928
2875,2271,2300,929
2876,2271,2300,929
2877,2271,2300,929
2878,2271,2300,929
2879,2271,2300,929
2880,2271,2300,929
2881,2271,2300,929
2882,2271,2300,929
2883,2270,2300,930
2884,2270,2300,930
2885,2270,2300,930
2886,2270,2300,930
2887,2269,2300,931
2888,2269,2300,931
2889,2269,2300,931
2890,2269,2300,931
2891,2268,2300,932
2892,2268,2300,932
2893,2268,2300,932
2894,2267,2300,933
2895,2267,2300,933
2896,2267,2300,933
2897,2267,2300,933
2898,2266,2300,934
2899,2266,2300,934
2900,2266,2300,934
2901,2266,2300,934
2902,2266,2300,934
2903,2265,2300,935
2904,2265,2300,935
2905,2265,2300,935
2906,2265,2300,935
2907,2265,2300,935
2908,2265,2300,935
2909,2265,2300,935
2910,2265,2300,935
2911,2264,2300,936
2912,2264,2300,936
2913,2263,2300,937
2914,2263,2300,937
2915,2263,2300,937
2916,2262,2300,938
2917,2262,2300,938
2918,2262,2300,938
2919,2261,2300,939
2920,2261,2300,939
2921,2261,2300,939
2922,2261,2300,939
2923,2261,2300,939
2924,2261,2300,939
2925,2260,2300,940
2926,2260,2300,940
2927,2259,2300,941
2928,2259,2300,941
2929,2259,2300,941
2930,2259,2300,941
2931,2259,2300,941
2932,2259,2300,941
2933,2259,2300,941
2934,2259,2300,941
2935,2259,2300,941
2936,2259,2300,941
2937,2259,2300,941
2938,2258,2300,942
2939,2257,2300,943
2940,2257,2300,943
2941,2257,2300,943
2942,2257,2300,943
2943,2256,2300,944
2944,2255,2300,945
2945,2255,2300,945
2946,2255,2300,945
2947,2255,2300,945
2948,2255,2300,945
2949,2254,2300,946
2950,2254,2300,946
2951,2254,2300,946
2952,2254,2300,946
2953,2254,2300,946
2954,2254,2300,946
2955,2253,2300,947
2956,2253,2300,947
2957,2253,2300,947
2958,2253,2300,947
2959,2252,2300,948
2960,2252,2300,948
2961,2252,2300,948
2962,2251,2300,949
2963,2251,2300,949
2964,2251,2300,949
2965,2251,2300,949
2966,2251,2300,949
2967,2251,2300,949
2968,2251,2300,949
2969,2251,2300,949
2970,2250,2300,950
2971,2250,2300,950
2972,2250,2300,950
2973,2249,2300,951
2974,2249,2300,951
2975,2249,2300,951
2976,2248,2300,952
2977,2248,2300,952
2978,2247,2300,953
2979,2247,2300,953
2980,2247,2300,953
2981,2246,2300,954
2982,2246,2300,954
2983,2245,2300,955
2984,2245,2300,955
2985,2244,2300,956
2986,2244,2300,956
2987,2244,2300,956
2988,2244,2300,956
2989,2244,2300,956
2990,2244,2300,956
2991,2244,2300,956
2992,2244,2300,956
2993,2244,2300,956
2994,2244,2300,956
2995,2243,2300,957
2996,2243,2300,957
2997,2243,2300,957
2998,2243,2300,957
2999,2242,2300,958
3000,2242,2300,958
3001,2241,2300,959
3002,2241,2300,959
3003,2241,2300,959
3004,2241,2300,959
3005,2241,2300,959
3006,2240,2300,960
3007,2240,2300,960
3008,2240,2300,960
3009,2240,2300,960
3010,2240,2300,960
3011,2239,2300,961
3012,2239,2300,961
3013,2239,2300,961
3014,2239,2300,961
3015,2238,2300,962
3016,2238,2300,962
3017,2238,2300,962
3018,2238,2300,962
3019,2238,2300,962
3020,2238,2300,962
3021,2238,2300,962
3022,2237,2300,963
3023,2237,2300,963
3024,2237,2300,963
3025,2236,2300,964
3026,2236,2300,964
3027,2236,2300,964
3028,2235,2300,965
3029,2234,2300,966
3030,2234,2300,966
3031,2234,2300,966
3032,2234,2300,966
3033,2234,2300,966
3034,2233,2300,967
3035,2233,2300,967
3036,2233,2300,967
3037,2233,2300,967
3038,2233,2300,967
3039,2233,2300,967
3040,2233,2300,967
3041,2233,2300,967
3042,2233,2300,967
3043,2232,2300,968
3044,2232,2300,968
3045,2232,2300,968
3046,2231,2300,969
3047,2231,2300,969
3048,2231,2300,969
3049,2230,2300,970
3050,2230,2300,970
3051,2230,2300,970
3052,2230,2300,970
3053,2230,2300,970
3054,2230,2300,970
3055,2230,2300,970
3056,2230,2300,970
3057,2230,2300,970
3058,2230,2300,970
3059,2229,2300,971
3060,2229,2300,971
3061,2228,2300,972
3062,2228,2300,972
3063,2227,2300,973
3064,2227,2300,973
3065,2227,2300,973
3066,2227,2300,973
3067,2227,2300,973
3068,2227,2300,973
3069,2227,2300,973
3070,2227,2300,973
3071,2227,2300,973
3072,2226,2300,974
3073,2226,2300,974
3074,2226,2300,974
3075,2226,2300,974
3076,2226,2300,974
3077,2225,2300,975
3078,2225,2300,975
3079,2225,2300,975
3080,2224,2300,976
3081,2224,2300,976
3082,2223,2300,977
3083,2223,2300,977
3084,2223,2300,977
3085,2222,2300,978
3086,2222,2300,978
3087,2222,2300,978
3088,2222,2300,978
3089,2222,2300,978
3090,2222,2300,978
3091,2221,2300,979
3092,2221,2300,979
3093,2221,2300,979
3094,2221,2300,979
3095,2221,2300,979
3096,2221,2300,979
3097,2221,2300,979
3098,2221,2300,979
3099,2220,2300,980
3100,2220,2300,980
3101,2220,2300,980
3102,2220,2300,980
3103,2220,2300,980
3104,2220,2300,980
3105,2220,2300,980
3106,2219,2300,981
3107,2219,2300,981
3108,2219,2300,981
3109,2218,2300,982
3110,2218,2300,982
3111,2217,2300,983
3112,2217,2300,983
3113,2217,2300,983
3114,2217,2300,983
3115,2217,2300,983
3116,2217,2300,983
3117,2217,2300,983
3118,2216,2300,984
3119,2216,2300,984
3120,2215,2300,985
3121,2215,2300,985
3122,2215,2300,985
3123,2214,2300,986
3124,2214,2300,986
3125,2214,2300,986
3126,2214,2300,986
3127,2214,2300,986
3128,2213,2300,987
3129,2213,2300,987
3130,2213,2300,987
3131,2212,2300,988
3132,2212,2300,988
3133,2211,2300,989
3134,2211,2300,989
3135,2210,2300,990
3136,2210,2300,990
3137,2210,2300,990
3138,2210,2300,990
3139,2210,2300,990
3140,2210,2300,990
3141,2209,2300,991
3142,2209,2300,991
3143,2209,2300,991
3144,2208,2300,992
3145,2208,2300,992
3146,2208,2300,992
3147,2208,2300,992
3148,2208,2300,992
3149,2208,2300,992
3150,2208,2300,992
3151,2207,2300,993
3152,2207,2300,993
3153,2207,2300,993
3154,2206,2300,994
3155,2206,2300,994
3156,2206,2300,994
3157,2206,2300,994
3158,2206,2300,994
3159,2206,2300,994
3160,2206,2300,994
3161,2205,2300,995
3162,2205,2300,995
3163,2204,2300,996
3164,2204,2300,996
3165,2204,2300,996
3166,2204,2300,996
3167,2204,2300,996
3168,2203,2300,997
3169,2203,2300,997
3170,2203,2300,997
3171,2203,2300,997
3172,2202,2300,998
3173,2202,2300,998
3174,2202,2300,998
3175,2202,2300,998
3176,2202,2300,998
3177,2202,2300,998
3178,2202,2300,998
3179,2202,2300,998
3180,2201,2300,999
3181,2201,2300,999
3182,2200,2300,1000
3183,2200,2300,1000
3184,2200,2300,1000
3185,2200,2300,1000
3186,2200,2300,1000
3187,2200,2300,1000
3188,2199,2300,1001
3189,2199,2300,1001
3190,2199,2300,1001
3191,2199,2300,1001
3192,2199,2300,1001
3193,2198,2300,1002
3194,2198,2300,1002
3195,2198,2300,1002
3196,2197,2300,1003
3197,2197,2300,1003
3198,2197,2300,1003
3199,2196,2300,1004
3200,2196,2300,1004
3201,2196,2300,1004
3202,2196,2300,1004
3203,2196,2300,1004
3204,2195,2300,1005
3205,2195,2300,1005
3206,2195,2300,1005
3207,2195,2300,1005
3208,2194,2300,1006
3209,2194,2300,1006
3210,2194,2300,1006
3211,2194,2300,1006
3212,2193,2300,1007
3213,2193,2300,1007
3214,2193,2300,1007
3215,2193,2300,1007
3216,2193,2300,1007
3217,2193,2300,1007
3218,2193,2300,1007
3219,2193,2300,1007
3220,2193,2300,1007
3221,2193,2300,1007
3222,2193,2300,1007
3223,2192,2300,1008
3224,2192,2300,1008
3225,2191,2300,1009
3226,2191,2300,1009
3227,2191,2300,1009
3228,2191,2300,1009
3229,2191,2300,1009
3230,2191,2300,1009
3231,2190,2300,1010
3232,2190,2300,1010
3233,2190,2300,1010
3234,2189,2300,1011
3235,2189,2300,1011
3236,2188,2300,1012
3237,2188,2300,1012
3238,2188,2300,1012
3239,2188,2300,1012
3240,2187,2300,1013
3241,2187,2300,1013
3242,2187,2300,1013
3243,2187,2300,1013
3244,2186,2300,1014
3245,2186,2300,1014
3246,2185,2300,1015
3247,2184,2300,1016
3248,2184,2300,1016
3249,2184,2300,1016
3250,2184,2300,1016
3251,2184,2300,1016
3252,2184,2300,1016
3253,2184,2300,1016
3254,2184,2300,1016
3255,2184,2300,1016
3256,2184,2300,1016
3257,2184,2300,1016
3258,2184,2300,1016
3259,2184,2300,1016
3260,2184,2300,1016
3261,2184,2300,1016
3262,2184,2300,1016
3263,2183,2300,1017
3264,2182,2300,1018
3265,2182,2300,1018
3266,2182,2300,1018
3267,2182,2300,1018
3268,2181,2300,1019
3269,2181,2300,1019
3270,2180,2300,1020
3271,2180,2300,1020
3272,2180,2300,1020
3273,2180,2300,1020
3274,2180,2300,1020
3275,2180,2300,1020
3276,2180,2300,1020
3277,2179,2300,1021
3278,2179,2300,1021
3279,2179,2300,1021
3280,2179,2300,1021
3281,2178,2300,1022
3282,2178,2300,1022
3283,2178,2300,1022
3284,2178,2300,1022
3285,2178,2300,1022
3286,2178,2300,1022
3287,2178,2300,1022
3288,2177,2300,1023
3289,2177,2300,1023
3290,2176,2300,1024
3291,2176,2300,1024
3292,2176,2300,1024
3293,2176,2300,1024
3294,2176,2300,1024
3295,2175,2300,1025
3296,2175,2300,1025
3297,2175,2300,1025
3298,2175,2300,1025
3299,2175,2300,1025
3300,2174,2300,1026
3301,2174,2300,1026
3302,2173,2300,1027
3303,2173,2300,1027
3304,2173,2300,1027
3305,2173,2300,1027
3306,2173,2300,1027
3307,2173,2300,1027
3308,2173,2300,1027
3309,2173,2300,1027
3310,2173,2300,1027
3311,2173,2300,1027
3312,2173,2300,1027
3313,2172,2300,1028
3314,2172,2300,1028
3315,2171,2300,1029
3316,2171,2300,1029
3317,2171,2300,1029
3318,2170,2300,1030
3319,2170,2300,1030
3320,2170,2300,1030
3321,2169,2300,1031
3322,2169,2300,1031
3323,2169,2300,1031
3324,2169,2300,1031
3325,2169,2300,1031
3326,2169,2300,1031
3327,2169,2300,1031
3328,2168,2300,1032
3329,2168,2300,1032
3330,2168,2300,1032
3331,2168,2300,1032
3332,2167,2300,1033
3333,2167,2300,1033
3334,2167,2300,1033
3335,2167,2300,1033
3336,2166,2300,1034
3337,2165,2300,1035
3338,2165,2300,1035
3339,2165,2300,1035
3340,2165,2300,1035
3341,2164,2300,1036
3342,2164,2300,1036
3343,2163,2300,1037
3344,2163,2300,1037
3345,2163,2300,1037
3346,2162,2300,1038
3347,2162,2300,1038
3348,2162,2300,1038
3349,2161,2300,1039
3350,2161,2300,1039
3351,2161,2300,1039
3352,2160,2300,1040
3353,2160,2300,1040
3354,2159,2300,1041
3355,2159,2300,1041
3356,2159,2300,1041
3357,2159,2300,1041
3358,2159,2300,1041
3359,2159,2300,1041
3360,2159,2300,1041
3361,2159,2300,1041
3362,2158,2300,1042
3363,2158,2300,1042
3364,2158,2300,1042
3365,2158,2300,1042
3366,2158,2300,1042
3367,2158,2300,1042
3368,2158,2300,1042
3369,2158,2300,1042
3370,2158,2300,1042
3371,2157,2300,1043
3372,2157,2300,1043
3373,2157,2300,1043
3374,2157,2300,1043
3375,2157,2300,1043
3376,2157,2300,1043
3377,2157,2300,1043
3378,2156,2300,1044
3379,2155,2300,1045
3380,2155,2300,1045
3381,2155,2300,1045
3382,2155,2300,1045
3383,2154,2300,1046
3384,2154,2300,1046
3385,2154,2300,1046
3386,2154,2300,1046
3387,2153,2300,1047
3388,2153,2300,1047
3389,2153,2300,1047
3390,2153,2300,1047
3391,2153,2300,1047
3392,2153,2300,1047
3393,2153,2300,1047
3394,2153,2300,1047
3395,2153,2300,1047
3396,2153,2300,1047
3397,2153,2300,1047
3398,2152,2300,1048
3399,2152,2300,1048
3400,2152,2300,1048
3401,2151,2300,1049
3402,2151,2300,1049
3403,2151,2300,1049
3404,2150,2300,1050
3405,2149,2300,1051
3406,2149,2300,1051
3407,2148,2300,1052
3408,2148,2300,1052
3409,2148,2300,1052
3410,2148,2300,1052
3411,2148,2300,1052
3412,2148,2300,1052
3413,2148,2300,1052
3414,2147,2300,1053
3415,2147,2300,1053
3416,2146,2300,1054
3417,2146,2300,1054
3418,2146,2300,1054
3419,2145,2300,1055
3420,2145,2300,1055
3421,2145,2300,1055
3422,2144,2300,1056
3423,2144,2300,1056
3424,2143,2300,1057
3425,2142,2300,1058
3426,2142,2300,1058
3427,2142,2300,1058
3428,2142,2300,1058
3429,2142,2300,1058
3430,2142,2300,1058
3431,2142,2300,1058
3432,2141,2300,1059
3433,2141,2300,1059
3434,2141,2300,1059
3435,2141,2300,1059
3436,2141,2300,1059
3437,2140,2300,1060
3438,2140,2300,1060
3439,2140,2300,1060
3440,2140,2300,1060
3441,2140,2300,1060
3442,2140,2300,1060
3443,2140,2300,1060
3444,2139,2300,1061
3445,2139,2300,1061
3446,2139,2300,1061
3447,2139,2300,1061
3448,2138,2300,1062
3449,2138,2300,1062
3450,2138,2300,1062
3451,2138,2300,1062
3452,2138,2300,1062
3453,2138,2300,1062
3454,2138,2300,1062
3455,2137,2300,1063
3456,2136,2300,1064
3457,2136,2300,1064
3458,2136,2300,1064
3459,2136,2300,1064
3460,2135,2300,1065
3461,2135,2300,1065
3462,2135,2300,1065
3463,2135,2300,1065
3464,2135,2300,1065
3465,2134,2300,1066
3466,2134,2300,1066
3467,2134,2300,1066
3468,2134,2300,1066
3469,2134,2300,1066
3470,2133,2300,1067
3471,2133,2300,1067
3472,2133,2300,1067
3473,2133,2300,1067
3474,2133,2300,1067
3475,2133,2300,1067
3476,2133,2300,1067
3477,2133,2300,1067
3478,2132,2300,1068
3479,2132,2300,1068
3480,2132,2300,1068
3481,2132,2300,1068
3482,2132,2300,1068
3483,2132,2300,1068
3484,2131,2300,1069
3485,2131,2300,1069
3486,2130,2300,1070
3487,2130,2300,1070
3488,2130,2300,1070
3489,2129,2300,1071
3490,2129,2300,1071
3491,2129,2300,1071
3492,2128,2300,1072
3493,2128,2300,1072
3494,2127,2300,1073
3495,2127,2300,1073
3496,2127,2300,1073
3497,2127,2300,1073
3498,2127,2300,1073
3499,2127,2300,1073
3500,2127,2300,1073
3501,2127,2300,1073
3502,2127,2300,1073
3503,2127,2300,1073
3504,2126,2300,1074
3505,2126,2300,1074
3506,2126,2300,1074
3507,2126,2300,1074
3508,2125,2300,1075
3509,2125,2300,1075
3510,2124,2300,1076
3511,2124,2300,1076
3512,2124,2300,1076
3513,2124,2300,1076
3514,2123,2300,1077
3515,2123,2300,1077
3516,2123,2300,1077
3517,2123,2300,1077
3518,2123,2300,1077
3519,2123,2300,1077
3520,2123,2300,1077
3521,2123,2300,1077
3522,2122,2300,1078
3523,2122,2300,1078
3524,2122,2300,1078
3525,2122,2300,1078
3526,2121,2300,1079
3527,2121,2300,1079
3528,2121,2300,1079
3529,2121,2300,1079
3530,2120,2300,1080
3531,2119,2300,1081
3532,2119,2300,1081
3533,2118,2300,1082
3534,2118,2300,1082
3535,2118,2300,1082
3536,2117,2300,1083
3537,2117,2300,1083
3538,2116,2300,1084
3539,2116,2300,1084
3540,2116,2300,1084
3541,2116,2300,1084
3542,2116,2300,1084
3543,2116,2300,1084
3544,2116,2300,1084
3545,2116,2300,1084
3546,2116,2300,1084
3547,2115,2300,1085
3548,2115,2300,1085
3549,2115,2300,1085
3550,2115,2300,1085
3551,2115,2300,1085
3552,2115,2300,1085
3553,2115,2300,1085
3554,2114,2300,1086
3555,2114,2300,1086
3556,2114,2300,1086
3557,2114,2300,1086
3558,2113,2300,1087
3559,2113,2300,1087
3560,2113,2300,1087
3561,2112,2300,1088
3562,2112,2300,1088
3563,2112,2300,1088
3564,2111,2300,1089
3565,2111,2300,1089
3566,2111,2300,1089
3567,2111,2300,1089
3568,2111,2300,1089
3569,2110,2300,1090
3570,2110,2300,1090
3571,2110,2300,1090
3572,2110,2300,1090
3573,2110,2300,1090
3574,2109,2300,1091
3575,2109,2300,1091
3576,2109,2300,1091
3577,2108,2300,1092
3578,2108,2300,1092
3579,2108,2300,1092
3580,2108,2300,1092
3581,2108,2300,1092
3582,2108,2300,1092
3583,2108,2300,1092
3584,2107,2300,1093
3585,2106,2300,1094
3586,2106,2300,1094
3587,2106,2300,1094
3588,2106,2300,1094
3589,2106,2300,1094
3590,2106,2300,1094
3591,2106,2300,1094
3592,2106,2300,1094
3593,2106,2300,1094
3594,2106,2300,1094
3595,2106,2300,1094
3596,2105,2300,1095
3597,2105,2300,1095
3598,2104,2300,1096
3599,2104,2300,1096
3600,2104,2300,1096
3601,2104,2300,1096
3602,2104,2300,1096
3603,2104,2300,1096
3604,2104,2300,1096
3605,2104,2300,1096
3606,2103,2300,1097
3607,2103,2300,1097
3608,2103,2300,1097
3609,2103,2300,1097
3610,2102,2300,1098
3611,2102,2300,1098
3612,2102,2300,1098
3613,2102,2300,1098
3614,2102,2300,1098
3615,2102,2300,1098
3616,2102,2300,1098
3617,2102,2300,1098
3618,2102,2300,1098
3619,2101,2300,1099
3620,2101,2300,1099
3621,2100,2300,1100
3622,2100,2300,1100
3623,2100,2300,1100
3624,2100,2300,1100
3625,2099,2300,1101
3626,2099,2300,1101
3627,2098,2300,1102
3628,2098,2300,1102
3629,2098,2300,1102
3630,2098,2300,1102
3631,2097,2300,1103
3632,2097,2300,1103
3633,2097,2300,1103
3634,2096,2300,1104
3635,2096,2300,1104
3636,2096,2300,1104
3637,2096,2300,1104
3638,2095,2300,1105
3639,2095,2300,1105
3640,2095,2300,1105
3641,2094,2300,1106
3642,2094,2300,1106
3643,2094,2300,1106
3644,2094,2300,1106
3645,2093,2300,1107
3646,2093,2300,1107
3647,2093,2300,1107
3648,2093,2300,1107
3649,2093,2300,1107
3650,2093,2300,1107
3651,2092,2300,1108
3652,2092,2300,1108
3653,2092,2300,1108
3654,2092,2300,1108
3655,2092,2300,1108
3656,2092,2300,1108
3657,2092,2300,1108
3658,2092,2300,1108
3659,2092,2300,1108
3660,2091,2300,1109
3661,2091,2300,1109
3662,2091,2300,1109
3663,2090,2300,1110
3664,2090,2300,1110
3665,2089,2300,1111
3666,2089,2300,1111
3667,2089,2300,1111
3668,2088,2300,1112
3669,2087,2300,1113
3670,2087,2300,1113
3671,2087,2300,1113
3672,2087,2300,1113
3673,2087,2300,1113
3674,2086,2300,1114
3675,2086,2300,1114
3676,2086,2300,1114
3677,2086,2300,1114
3678,2086,2300,1114
3679,2086,2300,1114
3680,2086,2300,1114
3681,2086,2300,1114
3682,2086,2300,1114
3683,2086,2300,1114
3684,2086,2300,1114
3685,2086,2300,1114
3686,2085,2300,1115
3687,2085,2300,1115
3688,2084,2300,1116
3689,2084,2300,1116
3690,2084,2300,1116
3691,2084,2300,1116
3692,2084,2300,1116
3693,2084,2300,1116
3694,2084,2300,1116
3695,2084,2300,1116
3696,2084,2300,1116
3697,2083,2300,1117
3698,2083,2300,1117
3699,2083,2300,1117
3700,2083,2300,1117
3701,2083,2300,1117
3702,2082,2300,1118
3703,2082,2300,1118
3704,2082,2300,1118
3705,2081,2300,1119
3706,2081,2300,1119
3707,2081,2300,1119
3708,2080,2300,1120
3709,2080,2300,1120
3710,2080,2300,1120
3711,2079,2300,1121
3712,2079,2300,1121
3713,2078,2300,1122
3714,2078,2300,1122
3715,2078,2300,1122
3716,2078,2300,1122
3717,2077,2300,1123
3718,2076,2300,1124
3719,2076,2300,1124
3720,2076,2300,1124
3721,2075,2300,1125
3722,2075,2300,1125
3723,2075,2300,1125
3724,2075,2300,1125
3725,2075,2300,1125
3726,2075,2300,1125
3727,2075,2300,1125
3728,2074,2300,1126
3729,2074,2300,1126
3730,2074,2300,1126
3731,2074,2300,1126
3732,2074,2300,1126
3733,2074,2300,1126
3734,2074,2300,1126
3735,2074,2300,1126
3736,2073,2300,1127
3737,2073,2300,1127
3738,2073,2300,1127
3739,2072,2300,1128
3740,2072,2300,1128
3741,2071,2300,1129
3742,2071,2300,1129
3743,2071,2300,1129
3744,2071,2300,1129
3745,2071,2300,1129
3746,2071,2300,1129
3747,2071,2300,1129
3748,2070,2300,1130
3749,2069,2300,1131
3750,2069,2300,1131
3751,2069,2300,1131
3752,2069,2300,1131
3753,2068,2300,1132
3754,2068,2300,1132
3755,2068,2300,1132
3756,2068,2300,1132
3757,2068,2300,1132
3758,2068,2300,1132
3759,2067,2300,1133
3760,2067,2300,1133
3761,2066,2300,1134
3762,2066,2300,1134
3763,2065,2300,1135
3764,2065,2300,1135
3765,2065,2300,1135
3766,2065,2300,1135
3767,2065,2300,1135
3768,2065,2300,1135
3769,2064,2300,1136
3770,2064,2300,1136
3771,2064,2300,1136
3772,2064,2300,1136
3773,2063,2300,1137
3774,2063,2300,1137
3775,2063,2300,1137
3776,2063,2300,1137
3777,2062,2300,1138
3778,2062,2300,1138
3779,2061,2300,1139
3780,2061,2300,1139
3781,2061,2300,1139
3782,2061,2300,1139
3783,2061,2300,1139
3784,2061,2300,1139
3785,2060,2300,1140
3786,2060,2300,1140
3787,2059,2300,1141
3788,2059,2300,1141
3789,2058,2300,1142
3790,2058,2300,1142
3791,2058,2300,1142
3792,2058,2300,1142
3793,2058,2300,1142
3794,2058,2300,1142
3795,2058,2300,1142
3796,2058,2300,1142
3797,2058,2300,1142
3798,2058,2300,1142
3799,2058,2300,1142
3800,2058,2300,1142
3801,2057,2300,1143
3802,2057,2300,1143
3803,2057,2300,1143
3804,2057,2300,1143
3805,2057,2300,1143
3806,2056,2300,1144
3807,2056,2300,1144
3808,2056,2300,1144
3809,2056,2300,1144
3810,2056,2300,1144
3811,2056,2300,1144
3812,2055,2300,1145
3813,2055,2300,1145
3814,2054,2300,1146
3815,2054,2300,1146
3816,2054,2300,1146
3817,2054,2300,1146
3818,2053,2300,1147
3819,2052,2300,1148
3820,2052,2300,1148
3821,2052,2300,1148
3822,2052,2300,1148
3823,2052,2300,1148
3824,2052,2300,1148
3825,2052,2300,1148
3826,2052,2300,1148
3827,2051,2300,1149
3828,2051,2300,1149
3829,2051,2300,1149
3830,2051,2300,1149
3831,2050,2300,1150
3832,2050,2300,1150
3833,2049,2300,1151
3834,2049,2300,1151
3835,2049,2300,1151
3836,2049,2300,1151
3837,2049,2300,1151
3838,2048,2300,1152
3839,2048,2300,1152
3840,2048,2300,1152
3841,2047,2300,1153
3842,2047,2300,1153
3843,2047,2300,1153
3844,2047,2300,1153
3845,2047,2300,1153
3846,2047,2300,1153
3847,2047,2300,1153
3848,2046,2300,1154
3849,2046,2300,1154
3850,2046,2300,1154
3851,2046,2300,1154
3852,2046,2300,1154
3853,2046,2300,1154
3854,2045,2300,1155
3855,2045,2300,1155
3856,2044,2300,1156
3857,2044,2300,1156
3858,2044,2300,1156
3859,2043,2300,1157
3860,2043,2300,1157
3861,2043,2300,1157
3862,2043,2300,1157
3863,2042,2300,1158
3864,2042,2300,1158
3865,2042,2300,1158
3866,2042,2300,1158
3867,2041,2300,1159
3868,2041,2300,1159
3869,2041,2300,1159
3870,2040,2300,1160
3871,2040,2300,1160
3872,2040,2300,1160
3873,2040,2300,1160
3874,2040,2300,1160
3875,2040,2300,1160
3876,2040,2300,1160
3877,2040,2300,1160
3878,2040,2300,1160
3879,2039,2300,1161
3880,2038,2300,1162
3881,2038,2300,1162
3882,2038,2300,1162
3883,2038,2300,1162
3884,2038,2300,1162
3885,2037,2300,1163
3886,2037,2300,1163
3887,2036,2300,1164
3888,2036,2300,1164
3889,2036,2300,1164
3890,2036,2300,1164
3891,2036,2300,1164
3892,2035,2300,1165
3893,2035,2300,1165
3894,2034,2300,1166
3895,2034,2300,1166
3896,2034,2300,1166
3897,2034,2300,1166
3898,2034,2300,1166
3899,2034,2300,1166
3900,2034,2300,1166
3901,2034,2300,1166
3902,2033,2300,1167
3903,2033,2300,1167
3904,2032,2300,1168
3905,2032,2300,1168
3906,2032,2300,1168
3907,2032,2300,1168
3908,2032,2300,1168
3909,2032,2300,1168
3910,2031,2300,1169
3911,2031,2300,1169
3912,2031,2300,1169
3913,2031,2300,1169
3914,2031,2300,1169
3915,2031,2300,1169
3916,2030,2300,1170
3917,2030,2300,1170
3918,2030,2300,1170
3919,2030,2300,1170
3920,2030,2300,1170
3921,2030,2300,1170
3922,2030,2300,1170
3923,2030,2300,1170
3924,2029,2300,1171
3925,2029,2300,1171
3926,2028,2300,1172
3927,2028,2300,1172
3928,2028,2300,1172
3929,2027,2300,1173
3930,2027,2300,1173
3931,2027,2300,1173
3932,2027,2300,1173
3933,2027,2300,1173
3934,2027,2300,1173
3935,2026,2300,1174
3936,2026,2300,1174
3937,2025,2300,1175
3938,2025,2300,1175
3939,2025,2300,1175
3940,2024,2300,1176
3941,2024,2300,1176
3942,2024,2300,1176
3943,2023,2300,1177
3944,2023,2300,1177
3945,2023,2300,1177
3946,2023,2300,1177
3947,2023,2300,1177
3948,2023,2300,1177
3949,2023,2300,1177
3950,2022,2300,1178
3951,2022,2300,1178
3952,2022,2300,1178
3953,2022,2300,1178
3954,2022,2300,1178
3955,2022,2300,1178
3956,2022,2300,1178
3957,2021,2300,1179
3958,2021,2300,1179
3959,2021,2300,1179
3960,2020,2300,1180
3961,2020,2300,1180
3962,2020,2300,1180
3963,2020,2300,1180
3964,2019,2300,1181
3965,2019,2300,1181
3966,2019,2300,1181
3967,2018,2300,1182
3968,2018,2300,1182
3969,2017,2300,1183
3970,2017,2300,1183
3971,2017,2300,1183
3972,2017,2300,1183
3973,2017,2300,1183
3974,2017,2300,1183
3975,2017,2300,1183
3976,2017,2300,1183
3977,2016,2300,1184
3978,2016,2300,1184
3979,2016,2300,1184
3980,2015,2300,1185
3981,2014,2300,1186
3982,2014,2300,1186
3983,2014,2300,1186
3984,2014,2300,1186
3985,2014,2300,1186
3986,2014,2300,1186
3987,2013,2300,1187
3988,2013,2300,1187
3989,2013,2300,1187
3990,2013,2300,1187
3991,2013,2300,1187
3992,2013,2300,1187
3993,2013,2300,1187
3994,2013,2300,1187
3995,2013,2300,1187
3996,2012,2300,1188
3997,2012,2300,1188
3998,2011,2300,1189
3999,2011,2300,1189
4000,2011,2300,1189
4001,2010,2300,1190
4002,2010,2300,1190
4003,2010,2300,1190
4004,2010,2300,1190
4005,2010,2300,1190
4006,2010,2300,1190
4007,2010,2300,1190
4008,2010,2300,1190
4009,2009,2300,1191
4010,2009,2300,1191
4011,2009,2300,1191
4012,2009,2300,1191
4013,2009,2300,1191
4014,2009,2300,1191
4015,2009,2300,1191
4016,2009,2300,1191
4017,2008,2300,1192
4018,2008,2300,1192
4019,2008,2300,1192
4020,2007,2300,1193
4021,2007,2300,1193
4022,2007,2300,1193
4023,2007,2300,1193
4024,2006,2300,1194
4025,2006,2300,1194
4026,2006,2300,1194
4027,2005,2300,1195
4028,2005,2300,1195
4029,2005,2300,1195
4030,2005,2300,1195
4031,2004,2300,1196
4032,2004,2300,1196
4033,2004,2300,1196
4034,2004,2300,1196
4035,2003,2300,1197
4036,2003,2300,1197
4037,2003,2300,1197
4038,2003,2300,1197
4039,2003,2300,1197
4040,2002,2300,1198
4041,2002,2300,1198
4042,2001,2300,1199
4043,2001,2300,1199
4044,2001,2300,1199
4045,2001,2300,1199
4046,2000,2300,1200
4047,2000,2300,1200
4048,2000,2300,1200
4049,1999,2300,1201
4050,1999,2300,1201
4051,1999,2300,1201
4052,1999,2300,1201
4053,1999,2300,1201
4054,1999,2300,1201
4055,1999,2300,1201
4056,1999,2300,1201
4057,1999,2300,1201
4058,1998,2300,1202
4059,1998,2300,1202
4060,1998,2300,1202
4061,1998,2300,1202
4062,1998,2300,1202
4063,1998,2300,1202
4064,1998,2300,1202
4065,1998,2300,1202
4066,1998,2300,1202
4067,1998,2300,1202
4068,1998,2300,1202
4069,1998,2300,1202
4070,1998,2300,1202
4071,1998,2300,1202
4072,1997,2300,1203
4073,1997,2300,1203
4074,1997,2300,1203
4075,1996,2300,1204
4076,1996,2300,1204
4077,1995,2300,1205
4078,1995,2300,1205
4079,1995,2300,1205
4080,1994,2300,1206
4081,1994,2300,1206
4082,1994,2300,1206
4083,1993,2300,1207
4084,1993,2300,1207
4085,1992,2300,1208
4086,1992,2300,1208
4087,1991,2300,1209
4088,1991,2300,1209
4089,1991,2300,1209
4090,1990,2300,1210
4091,1990,2300,1210
4092,1990,2300,1210
4093,1990,2300,1210
4094,1989,2300,1211
4095,1989,2300,1211
4096,1988,2300,1212
4097,1988,2300,1212
4098,1987,2300,1213
4099,1987,2300,1213
4100,1987,2300,1213
4101,1987,2300,1213
4102,1987,2300,1213
4103,1987,2300,1213
4104,1987,2300,1213
4105,1986,2300,1214
4106,1986,2300,1214
4107,1986,2300,1214
4108,1986,2300,1214
4109,1986,2300,1214
4110,1985,2300,1215
4111,1985,2300,1215
4112,1985,2300,1215
4113,1985,2300,1215
4114,1984,2300,1216
4115,1984,2300,1216
4116,1983,2300,1217
4117,1983,2300,1217
4118,1983,2300,1217
4119,1983,2300,1217
4120,1983,2300,1217
4121,1983,2300,1217
4122,1983,2300,1217
4123,1983,2300,1217
4124,1983,2300,1217
4125,1983,2300,1217
4126,1982,2300,1218
4127,1981,2300,1219
4128,1981,2300,1219
4129,1981,2300,1219
4130,1980,2300,1220
4131,1980,2300,1220
4132,1980,2300,1220
4133,1979,2300,1221
4134,1978,2300,1222
4135,1978,2300,1222
4136,1978,2300,1222
4137,1978,2300,1222
4138,1978,2300,1222
4139,1977,2300,1223
4140,1977,2300,1223
4141,1977,2300,1223
4142,1976,2300,1224
4143,1976,2300,1224
4144,1976,2300,1224
4145,1976,2300,1224
4146,1975,2300,1225
4147,1975,2300,1225
4148,1975,2300,1225
4149,1975,2300,1225
4150,1975,2300,1225
4151,1975,2300,1225
4152,1974,2300,1226
4153,1974,2300,1226
4154,1974,2300,1226
4155,1974,2300,1226
4156,1974,2300,1226
4157,1974,2300,1226
4158,1974,2300,1226
4159,1974,2300,1226
4160,1974,2300,1226
4161,1974,2300,1226
4162,1973,2300,1227
4163,1973,2300,1227
4164,1973,2300,1227
4165,1973,2300,1227
4166,1973,2300,1227
4167,1973,2300,1227
4168,1973,2300,1227
4169,1972,2300,1228
4170,1972,2300,1228
4171,1972,2300,1228
4172,1972,2300,1228
4173,1971,2300,1229
4174,1971,2300,1229
4175,1971,2300,1229
4176,1971,2300,1229
4177,1970,2300,1230
4178,1969,2300,1231
4179,1969,2300,1231
4180,1968,2300,1232
4181,1968,2300,1232
4182,1967,2300,1233
4183,1967,2300,1233
4184,1967,2300,1233
4185,1967,2300,1233
4186,1967,2300,1233
4187,1966,2300,1234
4188,1966,2300,1234
4189,1966,2300,1234
4190,1965,2300,1235
4191,1965,2300,1235
4192,1964,2300,1236
4193,1964,2300,1236
4194,1964,2300,1236
4195,1964,2300,1236
4196,1963,2300,1237
4197,1963,2300,1237
4198,1963,2300,1237
4199,1963,2300,1237
4200,1963,2300,1237
4201,1963,2300,1237
4202,1963,2300,1237
4203,1963,2300,1237
4204,1962,2300,1238
4205,1961,2300,1239
4206,1961,2300,1239
4207,1961,2300,1239
4208,1961,2300,1239
4209,1961,2300,1239
4210,1961,2300,1239
4211,1960,2300,1240
4212,1959,2300,1241
4213,1959,2300,1241
4214,1959,2300,1241
4215,1959,2300,1241
4216,1959,2300,1241
4217,1959,2300,1241
4218,1959,2300,1241
4219,1959,2300,1241
4220,1958,2300,1242
4221,1958,2300,1242
4222,1958,2300,1242
4223,1958,2300,1242
4224,1958,2300,1242
4225,1958,2300,1242
4226,1958,2300,1242
4227,1958,2300,1242
4228,1958,2300,1242
4229,1957,2300,1243
4230,1957,2300,1243
4231,1957,2300,1243
4232,1956,2300,1244
4233,1955,2300,1245
4234,1955,2300,1245
4235,1955,2300,1245
4236,1955,2300,1245
4237,1955,2300,1245
4238,1954,2300,1246
4239,1954,2300,1246
4240,1954,2300,1246
4241,1953,2300,1247
4242,1953,2300,1247
4243,1952,2300,1248
4244,1952,2300,1248
4245,1951,2300,1249
4246,1951,2300,1249
4247,1950,2300,1250
4248,1950,2300,1250
4249,1950,2300,1250
4250,1950,2300,1250
4251,1950,2300,1250
4252,1950,2300,1250
4253,1950,2300,1250
4254,1950,2300,1250
4255,1950,2300,1250
4256,1949,2300,1251
4257,1949,2300,1251
4258,1948,2300,1252
4259,1948,2300,1252
4260,1948,2300,1252
4261,1948,2300,1252
4262,1947,2300,1253
4263,1947,2300,1253
4264,1947,2300,1253
4265,1947,2300,1253
4266,1947,2300,1253
4267,1947,2300,1253
4268,1947,2300,1253
4269,1947,2300,1253
4270,1946,2300,1254
4271,1946,2300,1254
4272,1945,2300,1255
4273,1945,2300,1255
4274,1944,2300,1256
4275,1943,2300,1257
4276,1943,2300,1257
4277,1942,2300,1258
4278,1941,2300,1259
4279,1941,2300,1259
4280,1940,2300,1260
4281,1940,2300,1260
4282,1940,2300,1260
4283,1939,2300,1261
4284,1938,2300,1262
4285,1938,2300,1262
4286,1938,2300,1262
4287,1938,2300,1262
4288,1938,2300,1262
4289,1937,2300,1263
4290,1937,2300,1263
4291,1936,2300,1264
4292,1934,2300,1266
4293,1934,2300,1266
4294,1934,2300,1266
4295,1933,2300,1267
4296,1932,2300,1268
4297,1931,2300,1269
4298,1931,2300,1269
4299,1930,2300,1270
4300,1930,2300,1270
4301,1929,2300,1271
4302,1928,2300,1272
4303,1927,2300,1273
4304,1927,2300,1273
4305,1927,2300,1273
4306,1927,2300,1273
4307,1927,2300,1273
4308,1926,2300,1274
4309,1926,2300,1274
4310,1926,2300,1274
4311,1926,2300,1274
4312,1926,2300,1274
4313,1926,2300,1274
4314,1926,2300,1274
4315,1926,2300,1274
4316,1925,2300,1275
4317,1923,2300,1277
4318,1923,2300,1277
4319,1923,2300,1277
4320,1922,2300,1278
4321,1922,2300,1278
4322,1922,2300,1278
4323,1921,2300,1279
4324,1921,2300,1279
4325,1921,2300,1279
4326,1919,2300,1281
4327,1919,2300,1281
4328,1919,2300,1281
4329,1918,2300,1282
4330,1917,2300,1283
4331,1917,2300,1283
4332,1916,2300,1284
4333,1915,2300,1285
4334,1915,2300,1285
4335,1915,2300,1285
4336,1914,2300,1286
4337,1914,2300,1286
4338,1914,2300,1286
4339,1913,2300,1287
4340,1913,2300,1287
4341,1912,2300,1288
4342,1912,2300,1288
4343,1911,2300,1289
4344,1911,2300,1289
4345,1910,2300,1290
4346,1910,2300,1290
4347,1910,2300,1290
4348,1908,2300,1292
4349,1908,2300,1292
4350,1908,2300,1292
4351,1907,2300,1293
4352,1907,2300,1293
4353,1906,2300,1294
4354,1906,2300,1294
4355,1906,2300,1294
4356,1906,2300,1294
4357,1906,2300,1294
4358,1906,2300,1294
4359,1906,2300,1294
4360,1905,2300,1295
4361,1905,2300,1295
4362,1905,2300,1295
4363,1905,2300,1295
4364,1905,2300,1295
4365,1905,2300,1295
4366,1905,2300,1295
4367,1905,2300,1295
4368,1904,2300,1296
4369,1904,2300,1296
4370,1904,2300,1296
4371,1903,2300,1297
4372,1903,2300,1297
4373,1903,2300,1297
4374,1902,2300,1298
4375,1902,2300,1298
4376,1902,2300,1298
4377,1902,2300,1298
4378,1902,2300,1298
4379,1902,2300,1298
4380,1902,2300,1298
4381,1902,2300,1298
4382,1901,2300,1299
4383,1901,2300,1299
4384,1901,2300,1299
4385,1901,2300,1299
4386,1900,2300,1300
4387,1900,2300,1300
4388,1899,2300,1301
4389,1899,2300,1301
4390,1899,2300,1301
4391,1898,2300,1302
4392,1898,2300,1302
4393,1897,2300,1303
4394,1897,2300,1303
4395,1897,2300,1303
4396,1897,2300,1303
4397,1897,2300,1303
4398,1897,2300,1303
4399,1897,2300,1303
4400,1896,2300,1304
4401,1896,2300,1304
4402,1895,2300,1305
4403,1895,2300,1305
4404,1895,2300,1305
4405,1895,2300,1305
4406,1895,2300,1305
4407,1894,2300,1306
4408,1894,2300,1306
4409,1893,2300,1307
4410,1893,2300,1307
4411,1893,2300,1307
4412,1893,2300,1307
4413,1892,2300,1308
4414,1892,2300,1308
4415,1892,2300,1308
4416,1891,2300,1309
4417,1891,2300,1309
4418,1891,2300,1309
4419,1891,2300,1309
4420,1891,2300,1309
4421,1891,2300,1309
4422,1891,2300,1309
4423,1891,2300,1309
4424,1891,2300,1309
4425,1890,2300,1310
4426,1890,2300,1310
4427,1890,2300,1310
4428,1889,2300,1311
4429,1889,2300,1311
4430,1888,2300,1312
4431,1888,2300,1312
4432,1888,2300,1312
4433,1888,2300,1312
4434,1888,2300,1312
4435,1888,2300,1312
4436,1888,2300,1312
4437,1888,2300,1312
4438,1887,2300,1313
4439,1886,2300,1314
4440,1886,2300,1314
4441,1886,2300,1314
4442,1885,2300,1315
4443,1885,2300,1315
4444,1885,2300,1315
4445,1885,2300,1315
4446,1885,2300,1315
4447,1885,2300,1315
4448,1885,2300,1315
4449,1885,2300,1315
4450,1885,2300,1315
4451,1884,2300,1316
4452,1884,2300,1316
4453,1884,2300,1316
4454,1884,2300,1316
4455,1884,2300,1316
4456,1884,2300,1316
4457,1883,2300,1317
4458,1883,2300,1317
4459,1882,2300,1318
4460,1882,2300,1318
4461,1882,2300,1318
4462,1882,2300,1318
4463,1881,2300,1319
4464,1881,2300,1319
4465,1880,2300,1320
4466,1880,2300,1320
4467,1880,2300,1320
4468,1880,2300,1320
4469,1880,2300,1320
4470,1880,2300,1320
4471,1880,2300,1320
4472,1880,2300,1320
4473,1880,2300,1320
4474,1880,2300,1320
4475,1880,2300,1320
4476,1880,2300,1320
4477,1880,2300,1320
4478,1880,2300,1320
4479,1880,2300,1320
4480,1880,2300,1320
4481,1879,2300,1321
4482,1879,2300,1321
4483,1879,2300,1321
4484,1879,2300,1321
4485,1878,2300,1322
4486,1878,2300,1322
4487,1877,2300,1323
4488,1877,2300,1323
4489,1877,2300,1323
4490,1876,2300,1324
4491,1876,2300,1324
4492,1876,2300,1324
4493,1876,2300,1324
4494,1876,2300,1324
4495,1876,2300,1324
4496,1875,2300,1325
4497,1875,2300,1325
4498,1875,2300,1325
4499,1874,2300,1326
4500,1874,2300,1326
4501,1873,2300,1327
4502,1873,2300,1327
4503,1873,2300,1327
4504,1873,2300,1327
4505,1873,2300,1327
4506,1873,2300,1327
4507,1873,2300,1327
4508,1872,2300,1328
4509,1871,2300,1329
4510,1871,2300,1329
4511,1871,2300,1329
4512,1870,2300,1330
4513,1870,2300,1330
4514,1870,2300,1330
4515,1870,2300,1330
4516,1869,2300,1331
4517,1869,2300,1331
4518,1868,2300,1332
4519,1868,2300,1332
4520,1867,2300,1333
4521,1867,2300,1333
4522,1867,2300,1333
4523,1867,2300,1333
4524,1867,2300,1333
4525,1867,2300,1333
4526,1867,2300,1333
4527,1867,2300,1333
4528,1867,2300,1333
4529,1867,2300,1333
4530,1866,2300,1334
4531,1866,2300,1334
4532,1866,2300,1334
4533,1865,2300,1335
4534,1865,2300,1335
4535,1864,2300,1336
4536,1864,2300,1336
4537,1864,2300,1336
4538,1864,2300,1336
4539,1864,2300,1336
4540,1863,2300,1337
4541,1863,2300,1337
4542,1863,2300,1337
4543,1862,2300,1338
4544,1862,2300,1338
4545,1861,2300,1339
4546,1861,2300,1339
4547,1860,2300,1340
4548,1860,2300,1340
4549,1859,2300,1341
4550,1858,2300,1342
4551,1858,2300,1342
4552,1858,2300,1342
4553,1858,2300,1342
4554,1858,2300,1342
4555,1858,2300,1342
4556,1857,2300,1343
4557,1857,2300,1343
4558,1857,2300,1343
4559,1856,2300,1344
4560,1856,2300,1344
4561,1855,2300,1345
4562,1855,2300,1345
4563,1854,2300,1346
4564,1854,2300,1346
4565,1854,2300,1346
4566,1854,2300,1346
4567,1854,2300,1346
4568,1854,2300,1346
4569,1854,2300,1346
4570,1854,2300,1346
4571,1854,2300,1346
4572,1854,2300,1346
4573,1854,2300,1346
4574,1854,2300,1346
4575,1854,2300,1346
4576,1854,2300,1346
4577,1854,2300,1346
4578,1854,2300,1346
4579,1854,2300,1346
4580,1854,2300,1346
4581,1854,2300,1346
4582,1854,2300,1346
4583,1854,2300,1346
4584,1854,2300,1346
4585,1854,2300,1346
4586,1854,2300,1346
4587,1854,2300,1346
4588,1854,2300,1346
4589,1853,2300,1347
4590,1853,2300,1347
4591,1852,2300,1348
4592,1852,2300,1348
4593,1852,2300,1348
4594,1852,2300,1348
4595,1852,2300,1348
4596,1851,2300,1349
4597,1851,2300,1349
4598,1850,2300,1350
4599,1850,2300,1350
4600,1850,2300,1350
4601,1850,2300,1350
4602,1849,2300,1351
4603,1849,2300,1351
4604,1848,2300,1352
4605,1848,2300,1352
4606,1848,2300,1352
4607,1848,2300,1352
4608,1848,2300,1352
4609,1847,2300,1353
4610,1847,2300,1353
4611,1847,2300,1353
4612,1847,2300,1353
4613,1847,2300,1353
4614,1847,2300,1353
4615,1847,2300,1353
4616,1846,2300,1354
4617,1846,2300,1354
4618,1845,2300,1355
4619,1845,2300,1355
4620,1845,2300,1355
4621,1844,2300,1356
4622,1844,2300,1356
4623,1843,2300,1357
4624,1843,2300,1357
4625,1843,2300,1357
4626,1842,2300,1358
4627,1842,2300,1358
4628,1842,2300,1358
4629,1842,2300,1358
4630,1842,2300,1358
4631,1842,2300,1358
4632,1841,2300,1359
4633,1841,2300,1359
4634,1841,2300,1359
4635,1840,2300,1360
4636,1840,2300,1360
4637,1839,2300,1361
4638,1839,2300,1361
4639,1839,2300,1361
4640,1839,2300,1361
4641,1839,2300,1361
4642,1839,2300,1361
4643,1839,2300,1361
4644,1839,2300,1361
4645,1839,2300,1361
4646,1839,2300,1361
4647,1838,2300,1362
4648,1838,2300,1362
4649,1838,2300,1362
4650,1837,2300,1363
4651,1837,2300,1363
4652,1837,2300,1363
4653,1837,2300,1363
4654,1837,2300,1363
4655,1837,2300,1363
4656,1837,2300,1363
4657,1837,2300,1363
4658,1837,2300,1363
4659,1837,2300,1363
4660,1836,2300,1364
4661,1836,2300,1364
4662,1836,2300,1364
4663,1836,2300,1364
4664,1836,2300,1364
4665,1836,2300,1364
4666,1836,2300,1364
4667,1836,2300,1364
4668,1836,2300,1364
4669,1836,2300,1364
4670,1836,2300,1364
4671,1836,2300,1364
4672,1835,2300,1365
4673,1835,2300,1365
4674,1835,2300,1365
4675,1834,2300,1366
4676,1834,2300,1366
4677,1833,2300,1367
4678,1833,2300,1367
4679,1833,2300,1367
4680,1832,2300,1368
4681,1832,2300,1368
4682,1831,2300,1369
4683,1831,2300,1369
4684,1831,2300,1369
4685,1830,2300,1370
4686,1830,2300,1370
4687,1830,2300,1370
4688,1830,2300,1370
4689,1830,2300,1370
4690,1829,2300,1371
4691,1828,2300,1372
4692,1828,2300,1372
4693,1827,2300,1373
4694,1827,2300,1373
4695,1827,2300,1373
4696,1827,2300,1373
4697,1826,2300,1374
4698,1825,2300,1375
4699,1825,2300,1375
4700,1825,2300,1375
4701,1824,2300,1376
4702,1824,2300,1376
4703,1823,2300,1377
4704,1823,2300,1377
4705,1823,2300,1377
4706,1823,2300,1377
4707,1823,2300,1377
4708,1823,2300,1377
4709,1823,2300,1377
4710,1823,2300,1377
4711,1823,2300,1377
4712,1823,2300,1377
4713,1822,2300,1378
4714,1822,2300,1378
4715,1821,2300,1379
4716,1821,2300,1379
4717,1821,2300,1379
4718,1820,2300,1380
4719,1820,2300,1380
4720,1820,2300,1380
4721,1820,2300,1380
4722,1819,2300,1381
4723,1819,2300,1381
4724,1819,2300,1381
4725,1819,2300,1381
4726,1819,2300,1381
4727,1818,2300,1382
4728,1818,2300,1382
4729,1818,2300,1382
4730,1818,2300,1382
4731,1818,2300,1382
4732,1817,2300,1383
4733,1817,2300,1383
4734,1816,2300,1384
4735,1816,2300,1384
4736,1816,2300,1384
4737,1816,2300,1384
4738,1815,2300,1385
4739,1814,2300,1386
4740,1814,2300,1386
4741,1814,2300,1386
4742,1814,2300,1386
4743,1814,2300,1386
4744,1814,2300,1386
4745,1813,2300,1387
4746,1813,2300,1387
4747,1813,2300,1387
4748,1813,2300,1387
4749,1813,2300,1387
4750,1812,2300,1388
4751,1812,2300,1388
4752,1811,2300,1389
4753,1811,2300,1389
4754,1811,2300,1389
4755,1811,2300,1389
4756,1811,2300,1389
4757,1810,2300,1390
4758,1810,2300,1390
4759,1810,2300,1390
4760,1810,2300,1390
4761,1810,2300,1390
4762,1810,2300,1390
4763,1810,2300,1390
4764,1810,2300,1390
4765,1810,2300,1390
4766,1810,2300,1390
4767,1809,2300,1391
4768,1808,2300,1392
4769,1808,2300,1392
4770,1808,2300,1392
4771,1808,2300,1392
4772,1808,2300,1392
4773,1807,2300,1393
4774,1806,2300,1394
4775,1806,2300,1394
4776,1806,2300,1394
4777,1805,2300,1395
4778,1805,2300,1395
4779,1804,2300,1396
4780,1804,2300,1396
4781,1804,2300,1396
4782,1804,2300,1396
4783,1804,2300,1396
4784,1804,2300,1396
4785,1803,2300,1397
4786,1803,2300,1397
4787,1802,2300,1398
4788,1802,2300,1398
4789,1802,2300,1398
4790,1802,2300,1398
4791,1802,2300,1398
4792,1802,2300,1398
4793,1801,2300,1399
4794,1801,2300,1399
4795,1801,2300,1399
4796,1800,2300,1400
4797,1800,2300,1400
4798,1800,2300,1400
4799,1800,2300,1400
4800,1800,2300,1400
4801,1800,2300,1400
4802,1800,2300,1400
4803,1800,2300,1400
4804,1800,2300,1400
4805,1800,2300,1400
4806,1800,2300,1400
4807,1800,2300,1400
4808,1799,2300,1401
4809,1799,2300,1401
4810,1798,2300,1402
4811,1798,2300,1402
4812,1798,2300,1402
4813,1797,2300,1403
4814,1797,2300,1403
4815,1797,2300,1403
4816,1796,2300,1404
4817,1796,2300,1404
4818,1796,2300,1404
4819,1796,2300,1404
4820,1796,2300,1404
4821,1796,2300,1404
4822,1796,2300,1404
4823,1796,2300,1404
4824,1796,2300,1404
4825,1796,2300,1404
4826,1796,2300,1404
4827,1795,2300,1405
4828,1795,2300,1405
4829,1795,2300,1405
4830,1794,2300,1406
4831,1794,2300,1406
4832,1794,2300,1406
4833,1794,2300,1406
4834,1793,2300,1407
4835,1793,2300,1407
4836,1793,2300,1407
4837,1792,2300,1408
4838,1792,2300,1408
4839,1791,2300,1409
4840,1791,2300,1409
4841,1791,2300,1409
4842,1791,2300,1409
4843,1791,2300,1409
4844,1791,2300,1409
4845,1790,2300,1410
4846,1790,2300,1410
4847,1790,2300,1410
4848,1790,2300,1410
4849,1790,2300,1410
4850,1789,2300,1411
4851,1789,2300,1411
4852,1789,2300,1411
4853,1788,2300,1412
4854,1788,2300,1412
4855,1788,2300,1412
4856,1787,2300,1413
4857,1787,2300,1413
4858,1787,2300,1413
4859,1787,2300,1413
4860,1786,2300,1414
4861,1786,2300,1414
4862,1786,2300,1414
4863,1786,2300,1414
4864,1786,2300,1414
4865,1786,2300,1414
4866,1786,2300,1414
4867,1785,2300,1415
4868,1784,2300,1416
4869,1784,2300,1416
4870,1784,2300,1416
4871,1784,2300,1416
4872,1784,2300,1416
4873,1784,2300,1416
4874,1784,2300,1416
4875,1784,2300,1416
4876,1784,2300,1416
4877,1783,2300,1417
4878,1783,2300,1417
4879,1783,2300,1417
4880,1783,2300,1417
4881,1782,2300,1418
4882,1782,2300,1418
4883,1781,2300,1419
4884,1781,2300,1419
4885,1780,2300,1420
4886,1780,2300,1420
4887,1780,2300,1420
4888,1780,2300,1420
4889,1779,2300,1421
4890,1778,2300,1422
4891,1778,2300,1422
4892,1778,2300,1422
4893,1778,2300,1422
4894,1778,2300,1422
4895,1777,2300,1423
4896,1777,2300,1423
4897,1777,2300,1423
4898,1777,2300,1423
4899,1776,2300,1424
4900,1776,2300,1424
4901,1775,2300,1425
4902,1774,2300,1426
4903,1774,2300,1426
4904,1774,2300,1426
4905,1774,2300,1426
4906,1774,2300,1426
4907,1774,2300,1426
4908,1773,2300,1427
4909,1773,2300,1427
4910,1773,2300,1427
4911,1773,2300,1427
4912,1773,2300,1427
4913,1773,2300,1427
4914,1772,2300,1428
4915,1772,2300,1428
4916,1771,2300,1429
4917,1771,2300,1429
4918,1771,2300,1429
4919,1771,2300,1429
4920,1770,2300,1430
4921,1770,2300,1430
4922,1770,2300,1430
4923,1770,2300,1430
4924,1770,2300,1430
4925,1770,2300,1430
4926,1770,2300,1430
4927,1770,2300,1430
4928,1770,2300,1430
4929,1770,2300,1430
4930,1770,2300,1430
4931,1770,2300,1430
4932,1770,2300,1430
4933,1770,2300,1430
4934,1770,2300,1430
4935,1770,2300,1430
4936,1770,2300,1430
4937,1769,2300,1431
4938,1769,2300,1431
4939,1769,2300,1431
4940,1768,2300,1432
4941,1768,2300,1432
4942,1768,2300,1432
4943,1768,2300,1432
4944,1768,2300,1432
4945,1767,2300,1433
4946,1767,2300,1433
4947,1767,2300,1433
4948,1767,2300,1433
4949,1766,2300,1434
4950,1766,2300,1434
4951,1765,2300,1435
4952,1765,2300,1435
4953,1764,2300,1436
4954,1764,2300,1436
4955,1764,2300,1436
4956,1764,2300,1436
4957,1763,2300,1437
4958,1763,2300,1437
4959,1763,2300,1437
4960,1763,2300,1437
4961,1763,2300,1437
4962,1763,2300,1437
4963,1763,2300,1437
4964,1762,2300,1438
4965,1762,2300,1438
4966,1762,2300,1438
4967,1762,2300,1438
4968,1762,2300,1438
4969,1762,2300,1438
4970,1761,2300,1439
4971,1761,2300,1439
4972,1760,2300,1440
4973,1760,2300,1440
4974,1760,2300,1440
4975,1760,2300,1440
4976,1760,2300,1440
4977,1760,2300,1440
4978,1760,2300,1440
4979,1760,2300,1440
4980,1760,2300,1440
4981,1760,2300,1440
4982,1760,2300,1440
4983,1759,2300,1441
4984,1759,2300,1441
4985,1758,2300,1442
4986,1758,2300,1442
4987,1758,2300,1442
4988,1757,2300,1443
4989,1757,2300,1443
4990,1756,2300,1444
4991,1756,2300,1444
4992,1755,2300,1445
4993,1755,2300,1445
4994,1754,2300,1446
4995,1754,2300,1446
4996,1754,2300,1446
4997,1754,2300,1446
4998,1754,2300,1446
4999,1754,2300,1446
5000,1754,2300,1446
5001,1754,2300,1446
5002,1754,2300,1446
5003,1754,2300,1446
5004,1754,2300,1446
5005,1754,2300,1446
5006,1754,2300,1446
5007,1754,2300,1446
5008,1754,2300,1446
5009,1753,2300,1447
5010,1753,2300,1447
5011,1753,2300,1447
5012,1753,2300,1447
5013,1753,2300,1447
5014,1752,2300,1448
5015,1752,2300,1448
5016,1751,2300,1449
5017,1751,2300,1449
5018,1751,2300,1449
5019,1750,2300,1450
5020,1750,2300,1450
5021,1750,2300,1450
5022,1749,2300,1451
5023,1749,2300,1451
5024,1748,2300,1452
5025,1748,2300,1452
5026,1748,2300,1452
5027,1748,2300,1452
5028,1748,2300,1452
5029,1747,2300,1453
5030,1747,2300,1453
5031,1746,2300,1454
5032,1746,2300,1454
5033,1746,2300,1454
5034,1746,2300,1454
5035,1746,2300,1454
5036,1746,2300,1454
5037,1746,2300,1454
5038,1746,2300,1454
5039,1746,2300,1454
5040,1746,2300,1454
5041,1746,2300,1454
5042,1745,2300,1455
5043,1745,2300,1455
5044,1744,2300,1456
5045,1743,2300,1457
5046,1743,2300,1457
5047,1743,2300,1457
5048,1743,2300,1457
5049,1742,2300,1458
5050,1742,2300,1458
5051,1741,2300,1459
5052,1741,2300,1459
5053,1740,2300,1460
5054,1740,2300,1460
5055,1739,2300,1461
5056,1739,2300,1461
5057,1739,2300,1461
5058,1739,2300,1461
5059,1739,2300,1461
5060,1739,2300,1461
5061,1739,2300,1461
5062,1739,2300,1461
5063,1739,2300,1461
5064,1739,2300,1461
5065,1739,2300,1461
5066,1739,2300,1461
5067,1739,2300,1461
5068,1739,2300,1461
5069,1739,2300,1461
5070,1738,2300,1462
5071,1738,2300,1462
5072,1738,2300,1462
5073,1738,2300,1462
5074,1737,2300,1463
5075,1737,2300,1463
5076,1737,2300,1463
5077,1736,2300,1464
5078,1736,2300,1464
5079,1736,2300,1464
5080,1736,2300,1464
5081,1736,2300,1464
5082,1736,2300,1464
5083,1736,2300,1464
5084,1736,2300,1464
5085,1736,2300,1464
5086,1736,2300,1464
5087,1735,2300,1465
5088,1735,2300,1465
5089,1735,2300,1465
5090,1735,2300,1465
5091,1734,2300,1466
5092,1734,2300,1466
5093,1734,2300,1466
5094,1734,2300,1466
5095,1733,2300,1467
5096,1733,2300,1467
5097,1733,2300,1467
5098,1732,2300,1468
5099,1731,2300,1469
5100,1731,2300,1469
5101,1731,2300,1469
5102,1730,2300,1470
5103,1730,2300,1470
5104,1730,2300,1470
5105,1729,2300,1471
5106,1729,2300,1471
5107,1729,2300,1471
5108,1729,2300,1471
5109,1728,2300,1472
5110,1728,2300,1472
5111,1728,2300,1472
5112,1728,2300,1472
5113,1727,2300,1473
5114,1726,2300,1474
5115,1726,2300,1474
5116,1725,2300,1475
5117,1725,2300,1475
5118,1725,2300,1475
5119,1724,2300,1476
5120,1724,2300,1476
5121,1724,2300,1476
5122,1724,2300,1476
5123,1724,2300,1476
5124,1724,2300,1476
5125,1724,2300,1476
5126,1724,2300,1476
5127,1723,2300,1477
5128,1722,2300,1478
5129,1722,2300,1478
5130,1722,2300,1478
5131,1722,2300,1478
5132,1722,2300,1478
5133,1721,2300,1479
5134,1721,2300,1479
5135,1721,2300,1479
5136,1721,2300,1479
5137,1721,2300,1479
5138,1720,2300,1480
5139,1720,2300,1480
5140,1719,2300,1481
5141,1719,2300,1481
5142,1719,2300,1481
5143,1719,2300,1481
5144,1719,2300,1481
5145,1718,2300,1482
5146,1718,2300,1482
5147,1717,2300,1483
5148,1717,2300,1483
5149,1717,2300,1483
5150,1717,2300,1483
5151,1717,2300,1483
5152,1717,2300,1483
5153,1717,2300,1483
5154,1716,2300,1484
5155,1716,2300,1484
5156,1716,2300,1484
5157,1716,2300,1484
5158,1716,2300,1484
5159,1716,2300,1484
5160,1716,2300,1484
5161,1716,2300,1484
5162,1715,2300,1485
5163,1715,2300,1485
5164,1715,2300,1485
5165,1715,2300,1485
5166,1715,2300,1485
5167,1715,2300,1485
5168,1714,2300,1486
5169,1714,2300,1486
5170,1713,2300,1487
5171,1713,2300,1487
5172,1713,2300,1487
5173,1713,2300,1487
5174,1712,2300,1488
5175,1712,2300,1488
5176,1712,2300,1488
5177,1712,2300,1488
5178,1711,2300,1489
5179,1711,2300,1489
5180,1710,2300,1490
5181,1710,2300,1490
5182,1709,2300,1491
5183,1709,2300,1491
5184,1709,2300,1491
5185,1709,2300,1491
5186,1709,2300,1491
5187,1709,2300,1491
5188,1709,2300,1491
5189,1709,2300,1491
5190,1709,2300,1491
5191,1708,2300,1492
5192,1708,2300,1492
5193,1708,2300,1492
5194,1708,2300,1492
5195,1708,2300,1492
5196,1707,2300,1493
5197,1707,2300,1493
5198,1706,2300,1494
5199,1706,2300,1494
5200,1706,2300,1494
5201,1706,2300,1494
5202,1706,2300,1494
5203,1705,2300,1495
5204,1705,2300,1495
5205,1705,2300,1495
5206,1704,2300,1496
5207,1704,2300,1496
5208,1704,2300,1496
5209,1703,2300,1497
5210,1703,2300,1497
5211,1702,2300,1498
5212,1702,2300,1498
5213,1702,2300,1498
5214,1702,2300,1498
5215,1702,2300,1498
5216,1701,2300,1499
5217,1701,2300,1499
5218,1701,2300,1499
5219,1701,2300,1499
5220,1701,2300,1499
5221,1701,2300,1499
5222,1701,2300,1499
5223,1700,2300,1500
5224,1700,2300,1500
5225,1700,2300,1500
5226,1700,2300,1500
5227,1699,2300,1501
5228,1698,2300,1502
5229,1698,2300,1502
5230,1698,2300,1502
5231,1697,2300,1503
5232,1696,2300,1504
5233,1696,2300,1504
5234,1696,2300,1504
5235,1696,2300,1504
5236,1696,2300,1504
5237,1696,2300,1504
5238,1696,2300,1504
5239,1696,2300,1504
5240,1696,2300,1504
5241,1696,2300,1504
5242,1696,2300,1504
5243,1696,2300,1504
5244,1696,2300,1504
5245,1696,2300,1504
5246,1695,2300,1505
5247,1694,2300,1506
5248,1694,2300,1506
5249,1693,2300,1507
5250,1693,2300,1507
5251,1692,2300,1508
5252,1692,2300,1508
5253,1692,2300,1508
5254,1692,2300,1508
5255,1692,2300,1508
5256,1692,2300,1508
5257,1692,2300,1508
5258,1692,2300,1508
5259,1692,2300,1508
5260,1692,2300,1508
5261,1692,2300,1508
5262,1692,2300,1508
5263,1692,2300,1508
5264,1692,2300,1508
5265,1692,2300,1508
5266,1692,2300,1508
5267,1692,2300,1508
5268,1691,2300,1509
5269,1691,2300,1509
5270,1691,2300,1509
5271,1691,2300,1509
5272,1691,2300,1509
5273,1691,2300,1509
5274,1691,2300,1509
5275,1691,2300,1509
5276,1691,2300,1509
5277,1691,2300,1509
5278,1691,2300,1509
5279,1691,2300,1509
5280,1691,2300,1509
5281,1691,2300,1509
5282,1690,2300,1510
5283,1690,2300,1510
5284,1690,2300,1510
5285,1689,2300,1511
5286,1689,2300,1511
5287,1688,2300,1512
5288,1688,2300,1512
5289,1687,2300,1513
5290,1687,2300,1513
5291,1687,2300,1513
5292,1686,2300,1514
5293,1686,2300,1514
5294,1686,2300,1514
5295,1685,2300,1515
5296,1685,2300,1515
5297,1685,2300,1515
5298,1685,2300,1515
5299,1685,2300,1515
5300,1685,2300,1515
5301,1685,2300,1515
5302,1685,2300,1515
5303,1685,2300,1515
5304,1684,2300,1516
5305,1683,2300,1517
5306,1683,2300,1517
5307,1682,2300,1518
5308,1682,2300,1518
5309,1682,2300,1518
5310,1682,2300,1518
5311,1682,2300,1518
5312,1682,2300,1518
5313,1682,2300,1518
5314,1681,2300,1519
5315,1681,2300,1519
5316,1681,2300,1519
5317,1681,2300,1519
5318,1681,2300,1519
5319,1681,2300,1519
5320,1681,2300,1519
5321,1680,2300,1520
5322,1680,2300,1520
5323,1680,2300,1520
5324,1680,2300,1520
5325,1679,2300,1521
5326,1679,2300,1521
5327,1679,2300,1521
5328,1678,2300,1522
5329,1678,2300,1522
5330,1678,2300,1522
5331,1678,2300,1522
5332,1678,2300,1522
5333,1678,2300,1522
5334,1678,2300,1522
5335,1678,2300,1522
5336,1678,2300,1522
5337,1678,2300,1522
5338,1677,2300,1523
5339,1677,2300,1523
5340,1677,2300,1523
5341,1676,2300,1524
5342,1676,2300,1524
5343,1675,2300,1525
5344,1675,2300,1525
5345,1675,2300,1525
5346,1674,2300,1526
5347,1674,2300,1526
5348,1674,2300,1526
5349,1673,2300,1527
5350,1673,2300,1527
5351,1672,2300,1528
5352,1672,2300,1528
5353,1672,2300,1528
5354,1671,2300,1529
5355,1671,2300,1529
5356,1671,2300,1529
5357,1670,2300,1530
5358,1670,2300,1530
5359,1670,2300,1530
5360,1670,2300,1530
5361,1670,2300,1530
5362,1670,2300,1530
5363,1669,2300,1531
5364,1669,2300,1531
5365,1669,2300,1531
5366,1669,2300,1531
5367,1668,2300,1532
5368,1668,2300,1532
5369,1668,2300,1532
5370,1667,2300,1533
5371,1667,2300,1533
5372,1667,2300,1533
5373,1667,2300,1533
5374,1667,2300,1533
5375,1666,2300,1534
5376,1666,2300,1534
5377,1666,2300,1534
5378,1666,2300,1534
5379,1666,2300,1534
5380,1666,2300,1534
5381,1666,2300,1534
5382,1666,2300,1534
5383,1666,2300,1534
5384,1666,2300,1534
5385,1665,2300,1535
5386,1665,2300,1535
5387,1664,2300,1536
5388,1664,2300,1536
5389,1663,2300,1537
5390,1663,2300,1537
5391,1663,2300,1537
5392,1662,2300,1538
5393,1662,2300,1538
5394,1662,2300,1538
5395,1661,2300,1539
5396,1661,2300,1539
5397,1661,2300,1539
5398,1661,2300,1539
5399,1661,2300,1539
5400,1661,2300,1539
5401,1661,2300,1539
5402,1661,2300,1539
5403,1661,2300,1539
5404,1661,2300,1539
5405,1661,2300,1539
5406,1661,2300,1539
5407,1661,2300,1539
5408,1661,2300,1539
5409,1661,2300,1539
5410,1661,2300,1539
5411,1661,2300,1539
5412,1661,2300,1539
5413,1660,2300,1540
5414,1660,2300,1540
5415,1659,2300,1541
5416,1659,2300,1541
5417,1658,2300,1542
5418,1658,2300,1542
5419,1658,2300,1542
5420,1658,2300,1542
5421,1658,2300,1542
5422,1658,2300,1542
5423,1658,2300,1542
5424,1658,2300,1542
5425,1658,2300,1542
5426,1658,2300,1542
5427,1657,2300,1543
5428,1657,2300,1543
5429,1657,2300,1543
5430,1657,2300,1543
5431,1656,2300,1544
5432,1656,2300,1544
5433,1656,2300,1544
5434,1656,2300,1544
5435,1656,2300,1544
5436,1655,2300,1545
5437,1655,2300,1545
5438,1655,2300,1545
5439,1654,2300,1546
5440,1654,2300,1546
5441,1653,2300,1547
5442,1653,2300,1547
5443,1653,2300,1547
5444,1652,2300,1548
5445,1652,2300,1548
5446,1652,2300,1548
5447,1651,2300,1549
5448,1651,2300,1549
5449,1651,2300,1549
5450,1651,2300,1549
5451,1651,2300,1549
5452,1651,2300,1549
5453,1650,2300,1550
5454,1650,2300,1550
5455,1650,2300,1550
5456,1649,2300,1551
5457,1649,2300,1551
5458,1648,2300,1552
5459,1648,2300,1552
5460,1648,2300,1552
5461,1648,2300,1552
5462,1648,2300,1552
5463,1647,2300,1553
5464,1647,2300,1553
5465,1647,2300,1553
5466,1647,2300,1553
5467,1647,2300,1553
5468,1647,2300,1553
5469,1647,2300,1553
5470,1647,2300,1553
5471,1647,2300,1553
5472,1647,2300,1553
5473,1647,2300,1553
5474,1647,2300,1553
5475,1647,2300,1553
5476,1647,2300,1553
5477,1647,2300,1553
5478,1647,2300,1553
5479,1646,2300,1554
5480,1646,2300,1554
5481,1646,2300,1554
5482,1645,2300,1555
5483,1644,2300,1556
5484,1644,2300,1556
5485,1643,2300,1557
5486,1643,2300,1557
5487,1643,2300,1557
5488,1643,2300,1557
5489,1642,2300,1558
5490,1642,2300,1558
5491,1641,2300,1559
5492,1641,2300,1559
5493,1641,2300,1559
5494,1641,2300,1559
5495,1640,2300,1560
5496,1640,2300,1560
5497,1639,2300,1561
5498,1639,2300,1561
5499,1639,2300,1561
5500,1639,2300,1561
5501,1639,2300,1561
5502,1639,2300,1561
5503,1638,2300,1562
5504,1637,2300,1563
5505,1637,2300,1563
5506,1637,2300,1563
5507,1636,2300,1564
5508,1636,2300,1564
5509,1636,2300,1564
5510,1636,2300,1564
5511,1636,2300,1564
5512,1635,2300,1565
5513,1635,2300,1565
5514,1634,2300,1566
5515,1634,2300,1566
5516,1633,2300,1567
5517,1633,2300,1567
5518,1633,2300,1567
5519,1632,2300,1568
5520,1632,2300,1568
5521,1632,2300,1568
5522,1631,2300,1569
5523,1630,2300,1570
5524,1630,2300,1570
5525,1629,2300,1571
5526,1629,2300,1571
5527,1628,2300,1572
5528,1628,2300,1572
5529,1628,2300,1572
5530,1628,2300,1572
5531,1628,2300,1572
5532,1628,2300,1572
5533,1628,2300,1572
5534,1627,2300,1573
5535,1626,2300,1574
5536,1626,2300,1574
5537,1626,2300,1574
5538,1626,2300,1574
5539,1625,2300,1575
5540,1625,2300,1575
5541,1624,2300,1576
5542,1624,2300,1576
5543,1624,2300,1576
5544,1623,2300,1577
5545,1623,2300,1577
5546,1622,2300,1578
5547,1622,2300,1578
5548,1622,2300,1578
5549,1621,2300,1579
5550,1621,2300,1579
5551,1620,2300,1580
5552,1620,2300,1580
5553,1620,2300,1580
5554,1620,2300,1580
5555,1620,2300,1580
5556,1619,2300,1581
5557,1619,2300,1581
5558,1619,2300,1581
5559,1619,2300,1581
5560,1619,2300,1581
5561,1619,2300,1581
5562,1619,2300,1581
5563,1619,2300,1581
5564,1619,2300,1581
5565,1619,2300,1581
5566,1619,2300,1581
5567,1619,2300,1581
5568,1619,2300,1581
5569,1619,2300,1581
5570,1619,2300,1581
5571,1619,2300,1581
5572,1619,2300,1581
5573,1619,2300,1581
5574,1618,2300,1582
5575,1617,2300,1583
5576,1617,2300,1583
5577,1617,2300,1583
5578,1617,2300,1583
5579,1617,2300,1583
5580,1616,2300,1584
5581,1616,2300,1584
5582,1616,2300,1584
5583,1616,2300,1584
5584,1615,2300,1585
5585,1615,2300,1585
5586,1615,2300,1585
5587,1615,2300,1585
5588,1614,2300,1586
5589,1614,2300,1586
5590,1614,2300,1586
5591,1614,2300,1586
5592,1613,2300,1587
5593,1613,2300,1587
5594,1613,2300,1587
5595,1613,2300,1587
5596,1613,2300,1587
5597,1613,2300,1587
5598,1613,2300,1587
5599,1613,2300,1587
5600,1613,2300,1587
5601,1613,2300,1587
5602,1613,2300,1587
5603,1612,2300,1588
5604,1612,2300,1588
5605,1612,2300,1588
5606,1612,2300,1588
5607,1612,2300,1588
5608,1612,2300,1588
5609,1611,2300,1589
5610,1611,2300,1589
5611,1611,2300,1589
5612,1610,2300,1590
5613,1610,2300,1590
5614,1610,2300,1590
5615,1609,2300,1591
5616,1609,2300,1591
5617,1608,2300,1592
5618,1608,2300,1592
5619,1608,2300,1592
5620,1608,2300,1592
5621,1608,2300,1592
5622,1608,2300,1592
5623,1607,2300,1593
5624,1607,2300,1593
5625,1607,2300,1593
5626,1607,2300,1593
5627,1607,2300,1593
5628,1607,2300,1593
5629,1607,2300,1593
5630,1607,2300,1593
5631,1607,2300,1593
5632,1607,2300,1593
5633,1607,2300,1593
5634,1607,2300,1593
5635,1606,2300,1594
5636,1605,2300,1595
5637,1605,2300,1595
5638,1604,2300,1596
5639,1604,2300,1596
5640,1604,2300,1596
5641,1604,2300,1596
5642,1604,2300,1596
5643,1603,2300,1597
5644,1603,2300,1597
5645,1603,2300,1597
5646,1603,2300,1597
5647,1603,2300,1597
5648,1603,2300,1597
5649,1603,2300,1597
5650,1603,2300,1597
5651,1603,2300,1597
5652,1603,2300,1597
5653,1602,2300,1598
5654,1602,2300,1598
5655,1602,2300,1598
5656,1601,2300,1599
5657,1601,2300,1599
5658,1600,2300,1600
5659,1600,2300,1600
5660,1600,2300,1600
5661,1600,2300,1600
5662,1599,2300,1601
5663,1599,2300,1601
5664,1599,2300,1601
5665,1599,2300,1601
5666,1599,2300,1601
5667,1598,2300,1602
5668,1598,2300,1602
5669,1598,2300,1602
5670,1598,2300,1602
5671,1598,2300,1602
5672,1598,2300,1602
5673,1597,2300,1603
5674,1597,2300,1603
5675,1597,2300,1603
5676,1597,2300,1603
5677,1597,2300,1603
5678,1597,2300,1603
5679,1596,2300,1604
5680,1596,2300,1604
5681,1595,2300,1605
5682,1595,2300,1605
5683,1594,2300,1606
5684,1594,2300,1606
5685,1594,2300,1606
5686,1593,2300,1607
5687,1593,2300,1607
5688,1593,2300,1607
5689,1593,2300,1607
5690,1592,2300,1608
5691,1592,2300,1608
5692,1592,2300,1608
5693,1591,2300,1609
5694,1591,2300,1609
5695,1591,2300,1609
5696,1591,2300,1609
5697,1591,2300,1609
5698,1590,2300,1610
5699,1590,2300,1610
5700,1589,2300,1611
5701,1589,2300,1611
5702,1589,2300,1611
5703,1589,2300,1611
5704,1589,2300,1611
5705,1589,2300,1611
5706,1589,2300,1611
5707,1589,2300,1611
5708,1589,2300,1611
5709,1589,2300,1611
5710,1589,2300,1611
5711,1588,2300,1612
5712,1588,2300,1612
5713,1588,2300,1612
5714,1588,2300,1612
5715,1588,2300,1612
5716,1588,2300,1612
5717,1587,2300,1613
5718,1587,2300,1613
5719,1587,2300,1613
5720,1587,2300,1613
5721,1587,2300,1613
5722,1587,2300,1613
5723,1586,2300,1614
5724,1585,2300,1615
5725,1585,2300,1615
5726,1584,2300,1616
5727,1584,2300,1616
5728,1584,2300,1616
5729,1584,2300,1616
5730,1584,2300,1616
5731,1584,2300,1616
5732,1584,2300,1616
5733,1583,2300,1617
5734,1583,2300,1617
5735,1583,2300,1617
5736,1582,2300,1618
5737,1582,2300,1618
5738,1582,2300,1618
5739,1581,2300,1619
5740,1581,2300,1619
5741,1581,2300,1619
5742,1581,2300,1619
5743,1580,2300,1620
5744,1580,2300,1620
5745,1580,2300,1620
5746,1580,2300,1620
5747,1580,2300,1620
5748,1580,2300,1620
5749,1580,2300,1620
5750,1580,2300,1620
5751,1579,2300,1621
5752,1579,2300,1621
5753,1579,2300,1621
5754,1578,2300,1622
5755,1578,2300,1622
5756,1577,2300,1623
5757,1577,2300,1623
5758,1577,2300,1623
5759,1577,2300,1623
5760,1577,2300,1623
5761,1577,2300,1623
5762,1577,2300,1623
5763,1577,2300,1623
5764,1577,2300,1623
5765,1577,2300,1623
5766,1577,2300,1623
5767,1577,2300,1623
5768,1577,2300,1623
5769,1576,2300,1624
5770,1576,2300,1624
5771,1576,2300,1624
5772,1575,2300,1625
5773,1575,2300,1625
5774,1574,2300,1626
5775,1574,2300,1626
5776,1574,2300,1626
5777,1573,2300,1627
5778,1573,2300,1627
5779,1573,2300,1627
5780,1572,2300,1628
5781,1572,2300,1628
5782,1572,2300,1628
5783,1572,2300,1628
5784,1571,2300,1629
5785,1570,2300,1630
5786,1570,2300,1630
5787,1570,2300,1630
5788,1570,2300,1630
5789,1570,2300,1630
5790,1570,2300,1630
5791,1570,2300,1630
5792,1569,2300,1631
5793,1569,2300,1631
5794,1569,2300,1631
5795,1569,2300,1631
5796,1569,2300,1631
5797,1569,2300,1631
5798,1569,2300,1631
5799,1568,2300,1632
5800,1568,2300,1632
5801,1568,2300,1632
5802,1568,2300,1632
5803,1567,2300,1633
5804,1567,2300,1633
5805,1567,2300,1633
5806,1567,2300,1633
5807,1567,2300,1633
5808,1567,2300,1633
5809,1567,2300,1633
5810,1567,2300,1633
5811,1567,2300,1633
5812,1566,2300,1634
5813,1566,2300,1634
5814,1566,2300,1634
5815,1566,2300,1634
5816,1565,2300,1635
5817,1565,2300,1635
5818,1564,2300,1636
5819,1564,2300,1636
5820,1564,2300,1636
5821,1564,2300,1636
5822,1563,2300,1637
5823,1563,2300,1637
5824,1562,2300,1638
5825,1562,2300,1638
5826,1562,2300,1638
5827,1562,2300,1638
5828,1562,2300,1638
5829,1562,2300,1638
5830,1562,2300,1638
5831,1562,2300,1638
5832,1562,2300,1638
5833,1562,2300,1638
5834,1562,2300,1638
5835,1562,2300,1638
5836,1562,2300,1638
5837,1561,2300,1639
5838,1561,2300,1639
5839,1561,2300,1639
5840,1560,2300,1640
5841,1560,2300,1640
5842,1560,2300,1640
5843,1559,2300,1641
5844,1559,2300,1641
5845,1558,2300,1642
5846,1558,2300,1642
5847,1558,2300,1642
5848,1558,2300,1642
5849,1557,2300,1643
5850,1557,2300,1643
5851,1557,2300,1643
5852,1557,2300,1643
5853,1557,2300,1643
5854,1557,2300,1643
5855,1557,2300,1643
5856,1556,2300,1644
5857,1556,2300,1644
5858,1556,2300,1644
5859,1556,2300,1644
5860,1556,2300,1644
5861,1555,2300,1645
5862,1555,2300,1645
5863,1554,2300,1646
5864,1554,2300,1646
5865,1554,2300,1646
5866,1554,2300,1646
5867,1553,2300,1647
5868,1553,2300,1647
5869,1553,2300,1647
5870,1553,2300,1647
5871,1553,2300,1647
5872,1552,2300,1648
5873,1552,2300,1648
5874,1552,2300,1648
5875,1551,2300,1649
5876,1551,2300,1649
5877,1551,2300,1649
5878,1550,2300,1650
5879,1550,2300,1650
5880,1549,2300,1651
5881,1549,2300,1651
5882,1548,2300,1652
5883,1548,2300,1652
5884,1548,2300,1652
5885,1548,2300,1652
5886,1548,2300,1652
5887,1548,2300,1652
5888,1547,2300,1653
5889,1547,2300,1653
5890,1547,2300,1653
5891,1546,2300,1654
5892,1545,2300,1655
5893,1545,2300,1655
5894,1545,2300,1655
5895,1545,2300,1655
5896,1545,2300,1655
5897,1545,2300,1655
5898,1544,2300,1656
5899,1543,2300,1657
5900,1543,2300,1657
5901,1542,2300,1658
5902,1542,2300,1658
5903,1541,2300,1659
5904,1541,2300,1659
5905,1541,2300,1659
5906,1541,2300,1659
5907,1540,2300,1660
5908,1540,2300,1660
5909,1539,2300,1661
5910,1539,2300,1661
5911,1539,2300,1661
5912,1539,2300,1661
5913,1538,2300,1662
5914,1538,2300,1662
5915,1538,2300,1662
5916,1538,2300,1662
5917,1537,2300,1663
5918,1537,2300,1663
5919,1536,2300,1664
5920,1536,2300,1664
5921,1535,2300,1665
5922,1535,2300,1665
5923,1535,2300,1665
5924,1535,2300,1665
5925,1535,2300,1665
5926,1535,2300,1665
5927,1535,2300,1665
5928,1535,2300,1665
5929,1535,2300,1665
5930,1535,2300,1665
5931,1535,2300,1665
5932,1535,2300,1665
5933,1535,2300,1665
5934,1535,2300,1665
5935,1535,2300,1665
5936,1535,2300,1665
5937,1535,2300,1665
5938,1535,2300,1665
5939,1535,2300,1665
5940,1535,2300,1665
5941,1535,2300,1665
5942,1535,2300,1665
5943,1534,2300,1666
5944,1533,2300,1667
5945,1533,2300,1667
5946,1533,2300,1667
5947,1532,2300,1668
5948,1532,2300,1668
5949,1532,2300,1668
5950,1531,2300,1669
5951,1531,2300,1669
5952,1531,2300,1669
5953,1531,2300,1669
5954,1531,2300,1669
5955,1531,2300,1669
5956,1531,2300,1669
5957,1530,2300,1670
5958,1530,2300,1670
5959,1530,2300,1670
5960,1529,2300,1671
5961,1529,2300,1671
5962,1529,2300,1671
5963,1529,2300,1671
5964,1529,2300,1671
5965,1529,2300,1671
5966,1528,2300,1672
5967,1528,2300,1672
5968,1528,2300,1672
5969,1528,2300,1672
5970,1528,2300,1672
5971,1528,2300,1672
5972,1528,2300,1672
5973,1528,2300,1672
5974,1527,2300,1673
5975,1527,2300,1673
5976,1527,2300,1673
5977,1527,2300,1673
5978,1526,2300,1674
5979,1526,2300,1674
5980,1526,2300,1674
5981,1526,2300,1674
5982,1526,2300,1674
5983,1526,2300,1674
5984,1526,2300,1674
5985,1525,2300,1675
5986,1525,2300,1675
5987,1525,2300,1675
5988,1524,2300,1676
5989,1524,2300,1676
5990,1524,2300,1676
5991,1523,2300,1677
5992,1523,2300,1677
5993,1522,2300,1678
5994,1522,2300,1678
5995,1522,2300,1678
5996,1521,2300,1679
5997,1521,2300,1679
5998,1521,2300,1679
5999,1521,2300,1679
6000,1521,2300,1679
6001,1521,2300,1679
6002,1521,2300,1679
6003,1521,2300,1679
6004,1521,2300,1679
6005,1521,2300,1679
6006,1521,2300,1679
6007,1521,2300,1679
6008,1521,2300,1679
6009,1521,2300,1679
6010,1521,2300,1679
6011,1521,2300,1679
6012,1521,2300,1679
6013,1520,2300,1680
6014,1519,2300,1681
6015,1519,2300,1681
6016,1519,2300,1681
6017,1518,2300,1682
6018,1518,2300,1682
6019,1517,2300,1683
6020,1517,2300,1683
6021,1516,2300,1684
6022,1516,2300,1684
6023,1516,2300,1684
6024,1515,2300,1685
6025,1515,2300,1685
6026,1515,2300,1685
6027,1515,2300,1685
6028,1514,2300,1686
6029,1513,2300,1687
6030,1513,2300,1687
6031,1513,2300,1687
6032,1513,2300,1687
6033,1513,2300,1687
6034,1513,2300,1687
6035,1513,2300,1687
6036,1513,2300,1687
6037,1513,2300,1687
6038,1513,2300,1687
6039,1513,2300,1687
6040,1513,2300,1687
6041,1513,2300,1687
6042,1512,2300,1688
6043,1512,2300,1688
6044,1511,2300,1689
6045,1511,2300,1689
6046,1511,2300,1689
6047,1511,2300,1689
6048,1511,2300,1689
6049,1511,2300,1689
6050,1511,2300,1689
6051,1511,2300,1689
6052,1510,2300,1690
6053,1510,2300,1690
6054,1509,2300,1691
6055,1509,2300,1691
6056,1509,2300,1691
6057,1508,2300,1692
6058,1508,2300,1692
6059,1508,2300,1692
6060,1508,2300,1692
6061,1508,2300,1692
6062,1508,2300,1692
6063,1508,2300,1692
6064,1507,2300,1693
6065,1507,2300,1693
6066,1507,2300,1693
6067,1507,2300,1693
6068,1507,2300,1693
6069,1507,2300,1693
6070,1507,2300,1693
6071,1507,2300,1693
6072,1507,2300,1693
6073,1506,2300,1694
6074,1506,2300,1694
6075,1506,2300,1694
6076,1505,2300,1695
6077,1505,2300,1695
6078,1505,2300,1695
6079,1505,2300,1695
6080,1505,2300,1695
6081,1504,2300,1696
6082,1503,2300,1697
6083,1503,2300,1697
6084,1502,2300,1698
6085,1500,2300,1700
6086,1500,2300,1700
6087,1499,2300,1701
6088,1498,2300,1702
6089,1498,2300,1702
6090,1497,2300,1703
6091,1497,2300,1703
6092,1496,2300,1704
6093,1496,2300,1704
6094,1496,2300,1704
6095,1496,2300,1704
6096,1495,2300,1705
6097,1495,2300,1705
6098,1495,2300,1705
6099,1495,2300,1705
6100,1495,2300,1705
6101,1494,2300,1706
6102,1494,2300,1706
6103,1494,2300,1706
6104,1494,2300,1706
6105,1494,2300,1706
6106,1493,2300,1707
6107,1493,2300,1707
6108,1492,2300,1708
6109,1492,2300,1708
6110,1492,2300,1708
6111,1491,2300,1709
6112,1491,2300,1709
6113,1489,2300,1711
6114,1489,2300,1711
6115,1489,2300,1711
6116,1489,2300,1711
6117,1489,2300,1711
6118,1489,2300,1711
6119,1489,2300,1711
6120,1489,2300,1711
6121,1489,2300,1711
6122,1489,2300,1711
6123,1489,2300,1711
6124,1489,2300,1711
6125,1489,2300,1711
6126,1489,2300,1711
6127,1489,2300,1711
6128,1489,2300,1711
6129,1489,2300,1711
6130,1489,2300,1711
6131,1489,2300,1711
6132,1489,2300,1711
6133,1488,2300,1712
6134,1486,2300,1714
6135,1486,2300,1714
6136,1486,2300,1714
6137,1486,2300,1714
6138,1485,2300,1715
6139,1485,2300,1715
6140,1484,2300,1716
6141,1484,2300,1716
6142,1483,2300,1717
6143,1483,2300,1717
6144,1481,2300,1719
6145,1481,2300,1719
6146,1480,2300,1720
6147,1480,2300,1720
6148,1480,2300,1720
6149,1480,2300,1720
6150,1479,2300,1721
6151,1479,2300,1721
6152,1478,2300,1722
6153,1477,2300,1723
6154,1476,2300,1724
6155,1476,2300,1724
6156,1475,2300,1725
6157,1475,2300,1725
6158,1475,2300,1725
6159,1475,2300,1725
6160,1475,2300,1725
6161,1475,2300,1725
6162,1475,2300,1725
6163,1474,2300,1726
6164,1473,2300,1727
6165,1473,2300,1727
6166,1473,2300,1727
6167,1472,2300,1728
6168,1472,2300,1728
6169,1471,2300,1729
6170,1470,2300,1730
6171,1470,2300,1730
6172,1469,2300,1731
6173,1468,2300,1732
6174,1468,2300,1732
6175,1467,2300,1733
6176,1467,2300,1733
6177,1467,2300,1733
6178,1467,2300,1733
6179,1466,2300,1734
6180,1466,2300,1734
6181,1466,2300,1734
6182,1466,2300,1734
6183,1466,2300,1734
6184,1465,2300,1735
6185,1465,2300,1735
6186,1465,2300,1735
6187,1464,2300,1736
6188,1464,2300,1736
6189,1464,2300,1736
6190,1462,2300,1738
6191,1462,2300,1738
6192,1461,2300,1739
6193,1460,2300,1740
6194,1460,2300,1740
6195,1459,2300,1741
6196,1459,2300,1741
6197,1458,2300,1742
6198,1457,2300,1743
6199,1457,2300,1743
6200,1457,2300,1743
6201,1456,2300,1744
6202,1455,2300,1745
6203,1455,2300,1745
6204,1455,2300,1745
6205,1455,2300,1745
6206,1454,2300,1746
6207,1454,2300,1746
6208,1454,2300,1746
6209,1454,2300,1746
6210,1454,2300,1746
6211,1453,2300,1747
6212,1453,2300,1747
6213,1453,2300,1747
6214,1453,2300,1747
6215,1452,2300,1748
6216,1451,2300,1749
6217,1451,2300,1749
6218,1451,2300,1749
6219,1449,2300,1751
6220,1449,2300,1751
6221,1449,2300,1751
6222,1448,2300,1752
6223,1448,2300,1752
6224,1447,2300,1753
6225,1447,2300,1753
6226,1447,2300,1753
6227,1447,2300,1753
6228,1447,2300,1753
6229,1447,2300,1753
6230,1447,2300,1753
6231,1445,2300,1755
6232,1445,2300,1755
6233,1443,2300,1757
6234,1442,2300,1758
6235,1442,2300,1758
6236,1442,2300,1758
6237,1440,2300,1760
6238,1440,2300,1760
6239,1440,2300,1760
6240,1439,2300,1761
6241,1439,2300,1761
6242,1437,2300,1763
6243,1437,2300,1763
6244,1435,2300,1765
6245,1435,2300,1765
6246,1434,2300,1766
6247,1434,2300,1766
6248,1434,2300,1766
6249,1433,2300,1767
6250,1433,2300,1767
6251,1433,2300,1767
6252,1433,2300,1767
6253,1433,2300,1767
6254,1432,2300,1768
6255,1432,2300,1768
6256,1432,2300,1768
6257,1432,2300,1768
6258,1430,2300,1770
6259,1430,2300,1770
6260,1430,2300,1770
6261,1429,2300,1771
6262,1428,2300,1772
6263,1428,2300,1772
6264,1428,2300,1772
6265,1428,2300,1772
6266,1428,2300,1772
6267,1428,2300,1772
6268,1428,2300,1772
6269,1427,2300,1773
6270,1427,2300,1773
6271,1426,2300,1774
6272,1425,2300,1775
6273,1425,2300,1775
6274,1424,2300,1776
6275,1423,2300,1777
6276,1423,2300,1777
6277,1421,2300,1779
6278,1421,2300,1779
6279,1421,2300,1779
6280,1420,2300,1780
6281,1420,2300,1780
6282,1419,2300,1781
6283,1418,2300,1782
6284,1418,2300,1782
6285,1417,2300,1783
6286,1416,2300,1784
6287,1415,2300,1785
6288,1415,2300,1785
6289,1415,2300,1785
6290,1414,2300,1786
6291,1414,2300,1786
6292,1414,2300,1786
6293,1414,2300,1786
6294,1413,2300,1787
6295,1412,2300,1788
6296,1411,2300,1789
6297,1410,2300,1790
6298,1410,2300,1790
6299,1409,2300,1791
6300,1409,2300,1791
6301,1409,2300,1791
6302,1408,2300,1792
6303,1407,2300,1793
6304,1407,2300,1793
6305,1406,2300,1794
6306,1406,2300,1794
6307,1406,2300,1794
6308,1405,2300,1795
6309,1405,2300,1795
6310,1404,2300,1796
6311,1403,2300,1797
6312,1403,2300,1797
6313,1403,2300,1797
6314,1403,2300,1797
6315,1401,2300,1799
6316,1401,2300,1799
6317,1401,2300,1799
6318,1401,2300,1799
6319,1401,2300,1799
6320,1399,2300,1801
6321,1399,2300,1801
6322,1398,2300,1802
6323,1398,2300,1802
6324,1397,2300,1803
6325,1397,2300,1803
6326,1397,2300,1803
6327,1396,2300,1804
6328,1396,2300,1804
6329,1395,2300,1805
6330,1394,2300,1806
6331,1394,2300,1806
6332,1394,2300,1806
6333,1394,2300,1806
6334,1394,2300,1806
6335,1392,2300,1808
6336,1392,2300,1808
6337,1391,2300,1809
6338,1391,2300,1809
6339,1391,2300,1809
6340,1389,2300,1811
6341,1389,2300,1811
6342,1389,2300,1811
6343,1388,2300,1812
6344,1387,2300,1813
6345,1387,2300,1813
6346,1387,2300,1813
6347,1387,2300,1813
6348,1387,2300,1813
6349,1387,2300,1813
6350,1387,2300,1813
6351,1387,2300,1813
6352,1387,2300,1813
6353,1386,2300,1814
6354,1385,2300,1815
6355,1385,2300,1815
6356,1385,2300,1815
6357,1384,2300,1816
6358,1384,2300,1816
6359,1384,2300,1816
6360,1384,2300,1816
6361,1382,2300,1818
6362,1381,2300,1819
6363,1380,2300,1820
6364,1380,2300,1820
6365,1379,2300,1821
6366,1378,2300,1822
6367,1377,2300,1823
6368,1376,2300,1824
6369,1376,2300,1824
6370,1375,2300,1825
6371,1374,2300,1826
6372,1374,2300,1826
6373,1372,2300,1828
6374,1371,2300,1829
6375,1370,2300,1830
6376,1369,2300,1831
6377,1369,2300,1831
6378,1368,2300,1832
6379,1368,2300,1832
6380,1368,2300,1832
6381,1368,2300,1832
6382,1368,2300,1832
6383,1367,2300,1833
6384,1367,2300,1833
6385,1367,2300,1833
6386,1367,2300,1833
6387,1366,2300,1834
6388,1365,2300,1835
6389,1365,2300,1835
6390,1365,2300,1835
6391,1364,2300,1836
6392,1363,2300,1837
6393,1361,2300,1839
6394,1361,2300,1839
6395,1361,2300,1839
6396,1361,2300,1839
6397,1360,2300,1840
6398,1360,2300,1840
6399,1360,2300,1840
6400,1359,2300,1841
6401,1359,2300,1841
6402,1359,2300,1841
6403,1359,2300,1841
6404,1359,2300,1841
6405,1359,2300,1841
6406,1359,2300,1841
6407,1359,2300,1841
6408,1359,2300,1841
6409,1358,2300,1842
6410,1358,2300,1842
6411,1358,2300,1842
6412,1358,2300,1842
6413,1358,2300,1842
6414,1358,2300,1842
6415,1358,2300,1842
6416,1357,2300,1843
6417,1356,2300,1844
6418,1356,2300,1844
6419,1355,2300,1845
6420,1355,2300,1845
6421,1355,2300,1845
6422,1355,2300,1845
6423,1355,2300,1845
6424,1355,2300,1845
6425,1355,2300,1845
6426,1353,2300,1847
6427,1353,2300,1847
6428,1353,2300,1847
6429,1353,2300,1847
6430,1353,2300,1847
6431,1353,2300,1847
6432,1353,2300,1847
6433,1353,2300,1847
6434,1352,2300,1848
6435,1352,2300,1848
6436,1352,2300,1848
6437,1352,2300,1848
6438,1352,2300,1848
6439,1351,2300,1849
6440,1351,2300,1849
6441,1351,2300,1849
6442,1351,2300,1849
6443,1351,2300,1849
6444,1350,2300,1850
6445,1350,2300,1850
6446,1350,2300,1850
6447,1349,2300,1851
6448,1349,2300,1851
6449,1349,2300,1851
6450,1349,2300,1851
6451,1349,2300,1851
6452,1349,2300,1851
6453,1349,2300,1851
6454,1349,2300,1851
6455,1349,2300,1851
6456,1349,2300,1851
6457,1349,2300,1851
6458,1349,2300,1851
6459,1349,2300,1851
6460,1349,2300,1851
6461,1349,2300,1851
6462,1349,2300,1851
6463,1349,2300,1851
6464,1349,2300,1851
6465,1348,2300,1852
6466,1348,2300,1852
6467,1348,2300,1852
6468,1348,2300,1852
6469,1348,2300,1852
6470,1348,2300,1852
6471,1348,2300,1852
6472,1348,2300,1852
6473,1348,2300,1852
6474,1348,2300,1852
6475,1348,2300,1852
6476,1348,2300,1852
6477,1348,2300,1852
6478,1348,2300,1852
6479,1348,2300,1852
6480,1348,2300,1852
6481,1348,2300,1852
6482,1348,2300,1852
6483,1348,2300,1852
6484,1348,2300,1852
6485,1348,2300,1852
6486,1348,2300,1852
6487,1348,2300,1852
6488,1348,2300,1852
6489,1348,2300,1852
6490,1348,2300,1852
6491,1348,2300,1852
6492,1348,2300,1852
6493,1348,2300,1852
6494,1348,2300,1852
6495,1348,2300,1852
6496,1348,2300,1852
6497,1348,2300,1852
6498,1348,2300,1852
6499,1348,2300,1852
6500,1348,2300,1852
6501,1348,2300,1852
6502,1348,2300,1852
6503,1348,2300,1852
6504,1348,2300,1852
6505,1348,2300,1852
6506,1348,2300,1852
6507,1348,2300,1852
6508,1348,2300,1852
6509,1348,2300,1852
6510,1348,2300,1852
6511,1348,2300,1852
6512,1348,2300,1852
6513,1348,2300,1852
6514,1348,2300,1852
6515,1348,2300,1852
6516,1348,2300,1852
6517,1348,2300,1852
6518,1348,2300,1852
6519,1348,2300,1852
6520,1348,2300,1852
6521,1348,2300,1852
6522,1348,2300,1852
6523,1348,2300,1852
6524,1348,2300,1852
6525,1348,2300,1852
6526,1348,2300,1852
6527,1348,2300,1852
6528,1348,2300,1852
6529,1348,2300,1852
6530,1348,2300,1852
6531,1348,2300,1852
6532,1348,2300,1852
6533,1348,2300,1852
6534,1348,2300,1852
6535,1348,2300,1852
6536,1348,2300,1852
6537,1348,2300,1852
6538,1348,2300,1852
6539,1348,2300,1852
6540,1348,2300,1852
6541,1348,2300,1852
6542,1348,2300,1852
6543,1348,2300,1852
6544,1348,2300,1852
6545,1348,2300,1852
6546,1348,2300,1852
6547,1348,2300,1852
6548,1348,2300,1852
6549,1348,2300,1852
6550,1348,2300,1852
6551,1348,2300,1852
6552,1348,2300,1852
6553,1348,2300,1852
6554,1348,2300,1852
6555,1348,2300,1852
6556,1348,2300,1852
6557,1348,2300,1852
6558,1348,2300,1852
6559,1348,2300,1852
6560,1348,2300,1852
6561,1348,2300,1852
6562,1348,2300,1852
6563,1348,2300,1852
6564,1348,2300,1852
6565,1348,2300,1852
6566,1348,2300,1852
6567,1348,2300,1852
6568,1348,2300,1852
6569,1348,2300,1852
6570,1348,2300,1852
6571,1348,2300,1852
6572,1348,2300,1852
6573,1348,2300,1852
6574,1348,2300,1852
6575,1348,2300,1852
6576,1348,2300,1852
6577,1348,2300,1852
6578,1348,2300,1852
6579,1348,2300,1852
6580,1348,2300,1852
6581,1348,2300,1852
6582,1348,2300,1852
6583,1348,2300,1852
6584,1348,2300,1852
6585,1348,2300,1852
6586,1348,2300,1852
6587,1348,2300,1852
6588,1348,2300,1852
6589,1348,2300,1852
6590,1348,2300,1852
6591,1348,2300,1852
6592,1348,2300,1852
6593,1348,2300,1852
6594,1348,2300,1852
6595,1348,2300,1852
6596,1348,2300,1852
6597,1348,2300,1852
6598,1348,2300,1852
6599,1348,2300,1852
6600,1348,2300,1852
6601,1348,2300,1852
6602,1348,2300,1852
6603,1348,2300,1852
6604,1348,2300,1852
6605,1348,2300,1852
6606,1348,2300,1852
6607,1348,2300,1852
6608,1348,2300,1852
6609,1348,2300,1852
6610,1348,2300,1852
6611,1348,2300,1852
6612,1348,2300,1852
6613,1348,2300,1852
6614,1348,2300,1852
6615,1348,2300,1852
6616,1348,2300,1852
6617,1348,2300,1852
6618,1348,2300,1852
6619,1348,2300,1852
6620,1348,2300,1852
6621,1348,2300,1852
6622,1348,2300,1852
6623,1348,2300,1852
6624,1348,2300,1852
6625,1348,2300,1852
6626,1348,2300,1852
6627,1348,2300,1852
6628,1348,2300,1852
6629,1348,2300,1852
6630,1348,2300,1852
6631,1348,2300,1852
6632,1348,2300,1852
6633,1348,2300,1852
6634,1348,2300,1852
6635,1348,2300,1852
6636,1348,2300,1852
6637,1348,2300,1852
6638,1348,2300,1852
6639,1348,2300,1852
6640,1348,2300,1852
6641,1348,2300,1852
6642,1348,2300,1852
6643,1348,2300,1852
6644,1348,2300,1852
6645,1348,2300,1852
6646,1348,2300,1852
6647,1348,2300,1852
6648,1348,2300,1852
6649,1348,2300,1852
6650,1348,2300,1852
6651,1348,2300,1852
6652,1348,2300,1852
6653,1348,2300,1852
6654,1348,2300,1852
6655,1348,2300,1852
6656,1348,2300,1852
6657,1348,2300,1852
6658,1348,2300,1852
6659,1348,2300,1852
6660,1348,2300,1852
6661,1348,2300,1852
6662,1348,2300,1852
6663,1348,2300,1852
6664,1348,2300,1852
6665,1348,2300,1852
6666,1348,2300,1852
6667,1348,2300,1852
6668,1348,2300,1852
6669,1348,2300,1852
6670,1348,2300,1852
6671,1348,2300,1852
6672,1348,2300,1852
6673,1348,2300,1852
6674,1348,2300,1852
6675,1348,2300,1852
6676,1348,2300,1852
6677,1348,2300,1852
6678,1348,2300,1852
6679,1348,2300,1852
6680,1348,2300,1852
6681,1348,2300,1852
6682,1348,2300,1852
6683,1348,2300,1852
6684,1348,2300,1852
6685,1348,2300,1852
6686,1348,2300,1852
6687,1348,2300,1852
6688,1348,2300,1852
6689,1348,2300,1852
6690,1348,2300,1852
6691,1348,2300,1852
6692,1348,2300,1852
6693,1348,2300,1852
6694,1348,2300,1852
6695,1348,2300,1852
6696,1348,2300,1852
6697,1348,2300,1852
6698,1348,2300,1852
6699,1348,2300,1852
6700,1348,2300,1852
6701,1348,2300,1852
6702,1348,2300,1852
6703,1348,2300,1852
6704,1348,2300,1852
6705,1348,2300,1852
6706,1348,2300,1852
6707,1348,2300,1852
6708,1348,2300,1852
6709,1348,2300,1852
6710,1348,2300,1852
6711,1348,2300,1852
6712,1348,2300,1852
6713,1348,2300,1852
6714,1348,2300,1852
6715,1348,2300,1852
6716,1348,2300,1852
6717,1348,2300,1852
6718,1348,2300,1852
6719,1348,2300,1852
6720,1348,2300,1852
6721,1348,2300,1852
6722,1348,2300,1852
6723,1348,2300,1852
6724,1348,2300,1852
6725,1348,2300,1852
6726,1348,2300,1852
6727,1348,2300,1852
6728,1347,2300,1853
6729,1347,2300,1853
6730,1347,2300,1853
6731,1347,2300,1853
6732,1347,2300,1853
6733,1347,2300,1853
6734,1347,2300,1853
6735,1347,2300,1853
6736,1347,2300,1853
6737,1347,2300,1853
6738,1347,2300,1853
6739,1347,2300,1853
6740,1347,2300,1853
6741,1347,2300,1853
6742,1347,2300,1853
6743,1347,2300,1853
6744,1347,2300,1853
6745,1347,2300,1853
6746,1347,2300,1853
6747,1347,2300,1853
6748,1347,2300,1853
6749,1347,2300,1853
6750,1347,2300,1853
6751,1347,2300,1853
6752,1347,2300,1853
6753,1347,2300,1853
6754,1347,2300,1853
6755,1347,2300,1853
6756,1347,2300,1853
6757,1347,2300,1853
6758,1347,2300,1853
6759,1347,2300,1853
6760,1347,2300,1853
6761,1346,2300,1854
6762,1346,2300,1854
6763,1345,2300,1855
6764,1345,2300,1855
6765,1345,2300,1855
6766,1345,2300,1855
6767,1345,2300,1855
6768,1345,2300,1855
6769,1344,2300,1856
6770,1344,2300,1856
6771,1343,2300,1857
6772,1343,2300,1857
6773,1343,2300,1857
6774,1343,2300,1857
6775,1342,2300,1858
6776,1342,2300,1858
6777,1342,2300,1858
6778,1342,2300,1858
6779,1341,2300,1859
6780,1341,2300,1859
6781,1340,2300,1860
6782,1340,2300,1860
6783,1340,2300,1860
6784,1339,2300,1861
6785,1338,2300,1862
6786,1338,2300,1862
6787,1338,2300,1862
6788,1338,2300,1862
6789,1338,2300,1862
6790,1338,2300,1862
6791,1338,2300,1862
6792,1338,2300,1862
6793,1338,2300,1862
6794,1338,2300,1862
6795,1338,2300,1862
6796,1337,2300,1863
6797,1336,2300,1864
6798,1336,2300,1864
6799,1336,2300,1864
6800,1336,2300,1864
6801,1336,2300,1864
6802,1336,2300,1864
6803,1335,2300,1865
6804,1334,2300,1866
6805,1334,2300,1866
6806,1334,2300,1866
6807,1334,2300,1866
6808,1334,2300,1866
6809,1333,2300,1867
6810,1333,2300,1867
6811,1333,2300,1867
6812,1333,2300,1867
6813,1333,2300,1867
6814,1333,2300,1867
6815,1333,2300,1867
6816,1332,2300,1868
6817,1332,2300,1868
6818,1332,2300,1868
6819,1332,2300,1868
6820,1332,2300,1868
6821,1332,2300,1868
6822,1332,2300,1868
6823,1332,2300,1868
6824,1332,2300,1868
6825,1332,2300,1868
6826,1332,2300,1868
6827,1332,2300,1868
6828,1332,2300,1868
6829,1332,2300,1868
6830,1332,2300,1868
6831,1332,2300,1868
6832,1331,2300,1869
6833,1331,2300,1869
6834,1330,2300,1870
6835,1330,2300,1870
6836,1330,2300,1870
6837,1329,2300,1871
6838,1329,2300,1871
6839,1328,2300,1872
6840,1328,2300,1872
6841,1328,2300,1872
6842,1327,2300,1873
6843,1327,2300,1873
6844,1326,2300,1874
6845,1326,2300,1874
6846,1325,2300,1875
6847,1325,2300,1875
6848,1324,2300,1876
6849,1324,2300,1876
6850,1324,2300,1876
6851,1324,2300,1876
6852,1324,2300,1876
6853,1324,2300,1876
6854,1324,2300,1876
6855,1324,2300,1876
6856,1324,2300,1876
6857,1323,2300,1877
6858,1323,2300,1877
6859,1323,2300,1877
6860,1323,2300,1877
6861,1322,2300,1878
6862,1322,2300,1878
6863,1321,2300,1879
6864,1321,2300,1879
6865,1321,2300,1879
6866,1321,2300,1879
6867,1320,2300,1880
6868,1320,2300,1880
6869,1320,2300,1880
6870,1320,2300,1880
6871,1320,2300,1880
6872,1319,2300,1881
6873,1319,2300,1881
6874,1319,2300,1881
6875,1318,2300,1882
6876,1318,2300,1882
6877,1318,2300,1882
6878,1317,2300,1883
6879,1317,2300,1883
6880,1317,2300,1883
6881,1317,2300,1883
6882,1317,2300,1883
6883,1317,2300,1883
6884,1317,2300,1883
6885,1317,2300,1883
6886,1317,2300,1883
6887,1316,2300,1884
6888,1316,2300,1884
6889,1316,2300,1884
6890,1316,2300,1884
6891,1315,2300,1885
6892,1315,2300,1885
6893,1314,2300,1886
6894,1314,2300,1886
6895,1314,2300,1886
6896,1313,2300,1887
6897,1313,2300,1887
6898,1312,2300,1888
6899,1311,2300,1889
6900,1311,2300,1889
6901,1311,2300,1889
6902,1311,2300,1889
6903,1311,2300,1889
6904,1311,2300,1889
6905,1311,2300,1889
6906,1311,2300,1889
6907,1311,2300,1889
6908,1311,2300,1889
6909,1311,2300,1889
6910,1311,2300,1889
6911,1311,2300,1889
6912,1311,2300,1889
6913,1311,2300,1889
6914,1311,2300,1889
6915,1311,2300,1889
6916,1310,2300,1890
6917,1310,2300,1890
6918,1309,2300,1891
6919,1309,2300,1891
6920,1308,2300,1892
6921,1308,2300,1892
6922,1308,2300,1892
6923,1308,2300,1892
6924,1308,2300,1892
6925,1308,2300,1892
6926,1308,2300,1892
6927,1308,2300,1892
6928,1308,2300,1892
6929,1308,2300,1892
6930,1308,2300,1892
6931,1308,2300,1892
6932,1307,2300,1893
6933,1307,2300,1893
6934,1307,2300,1893
6935,1307,2300,1893
6936,1307,2300,1893
6937,1307,2300,1893
6938,1306,2300,1894
6939,1305,2300,1895
6940,1305,2300,1895
6941,1305,2300,1895
6942,1304,2300,1896
6943,1304,2300,1896
6944,1304,2300,1896
6945,1304,2300,1896
6946,1303,2300,1897
6947,1303,2300,1897
6948,1303,2300,1897
6949,1302,2300,1898
6950,1301,2300,1899
6951,1301,2300,1899
6952,1301,2300,1899
6953,1301,2300,1899
6954,1300,2300,1900
6955,1300,2300,1900
6956,1300,2300,1900
6957,1299,2300,1901
6958,1299,2300,1901
6959,1299,2300,1901
6960,1298,2300,1902
6961,1298,2300,1902
6962,1297,2300,1903
6963,1297,2300,1903
6964,1297,2300,1903
6965,1296,2300,1904
6966,1296,2300,1904
6967,1296,2300,1904
6968,1296,2300,1904
6969,1296,2300,1904
6970,1296,2300,1904
6971,1296,2300,1904
6972,1296,2300,1904
6973,1296,2300,1904
6974,1296,2300,1904
6975,1296,2300,1904
6976,1296,2300,1904
6977,1295,2300,1905
6978,1295,2300,1905
6979,1294,2300,1906
6980,1294,2300,1906
6981,1293,2300,1907
6982,1293,2300,1907
6983,1293,2300,1907
6984,1293,2300,1907
6985,1292,2300,1908
6986,1292,2300,1908
6987,1292,2300,1908
6988,1292,2300,1908
6989,1292,2300,1908
6990,1292,2300,1908
6991,1292,2300,1908
6992,1292,2300,1908
6993,1292,2300,1908
6994,1292,2300,1908
6995,1292,2300,1908
6996,1291,2300,1909
6997,1291,2300,1909
6998,1291,2300,1909
6999,1291,2300,1909
7000,1290,2300,1910
7001,1290,2300,1910
7002,1290,2300,1910
7003,1290,2300,1910
7004,1289,2300,1911
7005,1289,2300,1911
7006,1288,2300,1912
7007,1288,2300,1912
7008,1288,2300,1912
7009,1288,2300,1912
7010,1288,2300,1912
7011,1287,2300,1913
7012,1287,2300,1913
7013,1287,2300,1913
7014,1287,2300,1913
7015,1287,2300,1913
7016,1287,2300,1913
7017,1287,2300,1913
7018,1287,2300,1913
7019,1287,2300,1913
7020,1286,2300,1914
7021,1286,2300,1914
7022,1285,2300,1915
7023,1285,2300,1915
7024,1285,2300,1915
7025,1284,2300,1916
7026,1284,2300,1916
7027,1284,2300,1916
7028,1284,2300,1916
7029,1284,2300,1916
7030,1283,2300,1917
7031,1283,2300,1917
7032,1282,2300,1918
7033,1281,2300,1919
7034,1281,2300,1919
7035,1281,2300,1919
7036,1281,2300,1919
7037,1281,2300,1919
7038,1281,2300,1919
7039,1281,2300,1919
7040,1281,2300,1919
7041,1280,2300,1920
7042,1280,2300,1920
7043,1280,2300,1920
7044,1279,2300,1921
7045,1279,2300,1921
7046,1279,2300,1921
7047,1279,2300,1921
7048,1279,2300,1921
7049,1279,2300,1921
7050,1279,2300,1921
7051,1278,2300,1922
7052,1278,2300,1922
7053,1277,2300,1923
7054,1277,2300,1923
7055,1277,2300,1923
7056,1277,2300,1923
7057,1277,2300,1923
7058,1277,2300,1923
7059,1276,2300,1924
7060,1276,2300,1924
7061,1276,2300,1924
7062,1276,2300,1924
7063,1276,2300,1924
7064,1275,2300,1925
7065,1274,2300,1926
7066,1274,2300,1926
7067,1274,2300,1926
7068,1274,2300,1926
7069,1274,2300,1926
7070,1273,2300,1927
7071,1273,2300,1927
7072,1272,2300,1928
7073,1272,2300,1928
7074,1271,2300,1929
7075,1271,2300,1929
7076,1271,2300,1929
7077,1271,2300,1929
7078,1270,2300,1930
7079,1270,2300,1930
7080,1270,2300,1930
7081,1269,2300,1931
7082,1269,2300,1931
7083,1268,2300,1932
7084,1268,2300,1932
7085,1267,2300,1933
7086,1266,2300,1934
7087,1266,2300,1934
7088,1266,2300,1934
7089,1266,2300,1934
7090,1266,2300,1934
7091,1266,2300,1934
7092,1266,2300,1934
7093,1266,2300,1934
7094,1266,2300,1934
7095,1266,2300,1934
7096,1266,2300,1934
7097,1266,2300,1934
7098,1266,2300,1934
7099,1266,2300,1934
7100,1266,2300,1934
7101,1265,2300,1935
7102,1264,2300,1936
7103,1264,2300,1936
7104,1264,2300,1936
7105,1264,2300,1936
7106,1263,2300,1937
7107,1263,2300,1937
7108,1263,2300,1937
7109,1263,2300,1937
7110,1263,2300,1937
7111,1263,2300,1937
7112,1263,2300,1937
7113,1263,2300,1937
7114,1263,2300,1937
7115,1263,2300,1937
7116,1263,2300,1937
7117,1263,2300,1937
7118,1263,2300,1937
7119,1262,2300,1938
7120,1262,2300,1938
7121,1261,2300,1939
7122,1261,2300,1939
7123,1261,2300,1939
7124,1261,2300,1939
7125,1260,2300,1940
7126,1260,2300,1940
7127,1259,2300,1941
7128,1259,2300,1941
7129,1259,2300,1941
7130,1258,2300,1942
7131,1258,2300,1942
7132,1258,2300,1942
7133,1258,2300,1942
7134,1258,2300,1942
7135,1258,2300,1942
7136,1258,2300,1942
7137,1258,2300,1942
7138,1257,2300,1943
7139,1257,2300,1943
7140,1256,2300,1944
7141,1256,2300,1944
7142,1256,2300,1944
7143,1256,2300,1944
7144,1256,2300,1944
7145,1256,2300,1944
7146,1256,2300,1944
7147,1256,2300,1944
7148,1256,2300,1944
7149,1256,2300,1944
7150,1256,2300,1944
7151,1255,2300,1945
7152,1255,2300,1945
7153,1255,2300,1945
7154,1254,2300,1946
7155,1254,2300,1946
7156,1253,2300,1947
7157,1253,2300,1947
7158,1253,2300,1947
7159,1253,2300,1947
7160,1253,2300,1947
7161,1253,2300,1947
7162,1253,2300,1947
7163,1253,2300,1947
7164,1253,2300,1947
7165,1253,2300,1947
7166,1253,2300,1947
7167,1253,2300,1947
7168,1253,2300,1947
7169,1253,2300,1947
7170,1253,2300,1947
7171,1253,2300,1947
7172,1253,2300,1947
7173,1253,2300,1947
7174,1253,2300,1947
7175,1252,2300,1948
7176,1252,2300,1948
7177,1251,2300,1949
7178,1251,2300,1949
7179,1251,2300,1949
7180,1250,2300,1950
7181,1250,2300,1950
7182,1250,2300,1950
7183,1250,2300,1950
7184,1249,2300,1951
7185,1249,2300,1951
7186,1249,2300,1951
7187,1248,2300,1952
7188,1248,2300,1952
7189,1247,2300,1953
7190,1247,2300,1953
7191,1247,2300,1953
7192,1246,2300,1954
7193,1246,2300,1954
7194,1245,2300,1955
7195,1245,2300,1955
7196,1245,2300,1955
7197,1244,2300,1956
7198,1243,2300,1957
7199,1243,2300,1957
7200,1243,2300,1957
7201,1242,2300,1958
7202,1242,2300,1958
7203,1242,2300,1958
7204,1241,2300,1959
7205,1241,2300,1959
7206,1241,2300,1959
7207,1241,2300,1959
7208,1241,2300,1959
7209,1241,2300,1959
7210,1241,2300,1959
7211,1241,2300,1959
7212,1241,2300,1959
7213,1240,2300,1960
7214,1239,2300,1961
7215,1239,2300,1961
7216,1239,2300,1961
7217,1239,2300,1961
7218,1239,2300,1961
7219,1238,2300,1962
7220,1238,2300,1962
7221,1237,2300,1963
7222,1237,2300,1963
7223,1236,2300,1964
7224,1236,2300,1964
7225,1236,2300,1964
7226,1235,2300,1965
7227,1235,2300,1965
7228,1234,2300,1966
7229,1233,2300,1967
7230,1233,2300,1967
7231,1233,2300,1967
7232,1232,2300,1968
7233,1232,2300,1968
7234,1231,2300,1969
7235,1231,2300,1969
7236,1231,2300,1969
7237,1231,2300,1969
7238,1230,2300,1970
7239,1230,2300,1970
7240,1230,2300,1970
7241,1229,2300,1971
7242,1229,2300,1971
7243,1229,2300,1971
7244,1229,2300,1971
7245,1229,2300,1971
7246,1229,2300,1971
7247,1229,2300,1971
7248,1229,2300,1971
7249,1228,2300,1972
7250,1228,2300,1972
7251,1227,2300,1973
7252,1227,2300,1973
7253,1227,2300,1973
7254,1227,2300,1973
7255,1226,2300,1974
7256,1226,2300,1974
7257,1226,2300,1974
7258,1226,2300,1974
7259,1225,2300,1975
7260,1225,3200,1975
7261,1225,3200,1975
7262,1225,3200,1975
7263,1225,3200,1975
7264,1225,3200,1975
7265,1225,3200,1975
7266,1224,3200,1976
7267,1224,3200,1976
7268,1224,3200,1976
7269,1224,3200,1976
7270,1224,3200,1976
7271,1224,3200,1976
7272,1224,3200,1976
7273,1224,3200,1976
7274,1224,3200,1976
7275,1224,3200,1976
7276,1224,3200,1976
7277,1224,3200,1976
7278,1224,3200,1976
7279,1224,3200,1976
7280,1224,3200,1976
7281,1224,3200,1976
7282,1224,3200,1976
7283,1223,3200,1977
7284,1223,3200,1977
7285,1223,3200,1977
7286,1223,3200,1977
7287,1223,3200,1977
7288,1223,3200,1977
7289,1222,3200,1978
7290,1222,3200,1978
7291,1221,3200,1979
7292,1221,3200,1979
7293,1221,3200,1979
7294,1221,3200,1979
7295,1220,3200,1980
7296,1220,3200,1980
7297,1220,3200,1980
7298,1219,3200,1981
7299,1219,3200,1981
7300,1219,3200,1981
7301,1219,3200,1981
7302,1219,3200,1981
7303,1219,3200,1981
7304,1218,3200,1982
7305,1218,3200,1982
7306,1218,3200,1982
7307,1217,3200,1983
7308,1217,3200,1983
7309,1216,3200,1984
7310,1216,3200,1984
7311,1216,3200,1984
7312,1215,3200,1985
7313,1215,3200,1985
7314,1215,3200,1985
7315,1215,3200,1985
7316,1215,3200,1985
7317,1215,3200,1985
7318,1215,3200,1985
7319,1215,3200,1985
7320,1215,3200,1985
7321,1215,3200,1985
7322,1215,3200,1985
7323,1214,3200,1986
7324,1214,3200,1986
7325,1214,3200,1986
7326,1213,3200,1987
7327,1213,3200,1987
7328,1212,3200,1988
7329,1212,3200,1988
7330,1212,3200,1988
7331,1211,3200,1989
7332,1211,3200,1989
7333,1210,3200,1990
7334,1210,3200,1990
7335,1209,3200,1991
7336,1209,3200,1991
7337,1208,3200,1992
7338,1208,3200,1992
7339,1208,3200,1992
7340,1208,3200,1992
7341,1208,3200,1992
7342,1208,3200,1992
7343,1208,3200,1992
7344,1207,3200,1993
7345,1207,3200,1993
7346,1206,3200,1994
7347,1206,3200,1994
7348,1206,3200,1994
7349,1206,3200,1994
7350,1206,3200,1994
7351,1206,3200,1994
7352,1205,3200,1995
7353,1205,3200,1995
7354,1205,3200,1995
7355,1205,3200,1995
7356,1205,3200,1995
7357,1205,3200,1995
7358,1205,3200,1995
7359,1205,3200,1995
7360,1205,3200,1995
7361,1205,3200,1995
7362,1204,3200,1996
7363,1203,3200,1997
7364,1203,3200,1997
7365,1202,3200,1998
7366,1202,3200,1998
7367,1201,3200,1999
7368,1201,3200,1999
7369,1200,3200,2000
7370,1200,3200,2000
7371,1199,3200,2001
7372,1199,3200,2001
7373,1198,3200,2002
7374,1198,3200,2002
7375,1198,3200,2002
7376,1198,3200,2002
7377,1198,3200,2002
7378,1198,3200,2002
7379,1198,3200,2002
7380,1198,3200,2002
7381,1198,3200,2002
7382,1198,3200,2002
7383,1198,3200,2002
7384,1198,3200,2002
7385,1198,3200,2002
7386,1197,3200,2003
7387,1197,3200,2003
7388,1196,3200,2004
7389,1196,3200,2004
7390,1196,3200,2004
7391,1196,3200,2004
7392,1196,3200,2004
7393,1196,3200,2004
7394,1196,3200,2004
7395,1195,3200,2005
7396,1195,3200,2005
7397,1195,3200,2005
7398,1195,3200,2005
7399,1194,3200,2006
7400,1194,3200,2006
7401,1193,3200,2007
7402,1193,3200,2007
7403,1193,3200,2007
7404,1193,3200,2007
7405,1192,3200,2008
7406,1192,3200,2008
7407,1192,3200,2008
7408,1192,3200,2008
7409,1191,3200,2009
7410,1191,3200,2009
7411,1191,3200,2009
7412,1191,3200,2009
7413,1191,3200,2009
7414,1191,3200,2009
7415,1190,3200,2010
7416,1190,3200,2010
7417,1189,3200,2011
7418,1189,3200,2011
7419,1189,3200,2011
7420,1189,3200,2011
7421,1189,3200,2011
7422,1188,3200,2012
7423,1188,3200,2012
7424,1187,3200,2013
7425,1187,3200,2013
7426,1187,3200,2013
7427,1186,3200,2014
7428,1186,3200,2014
7429,1186,3200,2014
7430,1186,3200,2014
7431,1186,3200,2014
7432,1186,3200,2014
7433,1186,3200,2014
7434,1186,3200,2014
7435,1186,3200,2014
7436,1186,3200,2014
7437,1186,3200,2014
7438,1186,3200,2014
7439,1185,3200,2015
7440,1185,3200,2015
7441,1185,3200,2015
7442,1185,3200,2015
7443,1184,3200,2016
7444,1184,3200,2016
7445,1184,3200,2016
7446,1184,3200,2016
7447,1184,3200,2016
7448,1184,3200,2016
7449,1184,3200,2016
7450,1184,3200,2016
7451,1184,3200,2016
7452,1184,3200,2016
7453,1183,3200,2017
7454,1183,3200,2017
7455,1183,3200,2017
7456,1182,3200,2018
7457,1182,3200,2018
7458,1182,3200,2018
7459,1181,3200,2019
7460,1181,3200,2019
7461,1181,3200,2019
7462,1180,3200,2020
7463,1179,3200,2021
7464,1179,3200,2021
7465,1179,3200,2021
7466,1179,3200,2021
7467,1179,3200,2021
7468,1179,3200,2021
7469,1179,3200,2021
7470,1179,3200,2021
7471,1179,3200,2021
7472,1179,3200,2021
7473,1179,3200,2021
7474,1179,3200,2021
7475,1179,3200,2021
7476,1179,3200,2021
7477,1179,3200,2021
7478,1179,3200,2021
7479,1178,3200,2022
7480,1178,3200,2022
7481,1177,3200,2023
7482,1177,3200,2023
7483,1177,3200,2023
7484,1176,3200,2024
7485,1176,3200,2024
7486,1175,3200,2025
7487,1175,3200,2025
7488,1175,3200,2025
7489,1175,3200,2025
7490,1175,3200,2025
7491,1175,3200,2025
7492,1174,3200,2026
7493,1174,3200,2026
7494,1174,3200,2026
7495,1174,3200,2026
7496,1174,3200,2026
7497,1174,3200,2026
7498,1174,3200,2026
7499,1173,3200,2027
7500,1172,3200,2028
7501,1172,3200,2028
7502,1172,3200,2028
7503,1172,3200,2028
7504,1171,3200,2029
7505,1171,3200,2029
7506,1171,3200,2029
7507,1170,3200,2030
7508,1170,3200,2030
7509,1170,3200,2030
7510,1169,3200,2031
7511,1169,3200,2031
7512,1169,3200,2031
7513,1169,3200,2031
7514,1169,3200,2031
7515,1169,3200,2031
7516,1168,3200,2032
7517,1167,3200,2033
7518,1167,3200,2033
7519,1167,3200,2033
7520,1167,3200,2033
7521,1167,3200,2033
7522,1167,3200,2033
7523,1167,3200,2033
7524,1167,3200,2033
7525,1167,3200,2033
7526,1167,3200,2033
7527,1167,3200,2033
7528,1167,3200,2033
7529,1166,3200,2034
7530,1166,3200,2034
7531,1166,3200,2034
7532,1166,3200,2034
7533,1166,3200,2034
7534,1166,3200,2034
7535,1165,3200,2035
7536,1165,3200,2035
7537,1165,3200,2035
7538,1165,3200,2035
7539,1164,3200,2036
7540,1163,3200,2037
7541,1163,3200,2037
7542,1163,3200,2037
7543,1163,3200,2037
7544,1162,3200,2038
7545,1162,3200,2038
7546,1161,3200,2039
7547,1161,3200,2039
7548,1161,3200,2039
7549,1161,3200,2039
7550,1160,3200,2040
7551,1159,3200,2041
7552,1159,3200,2041
7553,1159,3200,2041
7554,1158,3200,2042
7555,1158,3200,2042
7556,1158,3200,2042
7557,1158,3200,2042
7558,1158,3200,2042
7559,1158,3200,2042
7560,1158,3200,2042
7561,1158,3200,2042
7562,1158,3200,2042
7563,1158,3200,2042
7564,1158,3200,2042
7565,1158,3200,2042
7566,1158,3200,2042
7567,1158,3200,2042
7568,1158,3200,2042
7569,1158,3200,2042
7570,1157,3200,2043
7571,1157,3200,2043
7572,1157,3200,2043
7573,1157,3200,2043
7574,1156,3200,2044
7575,1156,3200,2044
7576,1156,3200,2044
7577,1155,3200,2045
7578,1155,3200,2045
7579,1154,3200,2046
7580,1154,3200,2046
7581,1154,3200,2046
7582,1154,3200,2046
7583,1153,3200,2047
7584,1153,3200,2047
7585,1153,3200,2047
7586,1153,3200,2047
7587,1153,3200,2047
7588,1153,3200,2047
7589,1153,3200,2047
7590,1152,3200,2048
7591,1152,3200,2048
7592,1151,3200,2049
7593,1151,3200,2049
7594,1151,3200,2049
7595,1151,3200,2049
7596,1151,3200,2049
7597,1150,3200,2050
7598,1150,3200,2050
7599,1149,3200,2051
7600,1149,3200,2051
7601,1148,3200,2052
7602,1148,3200,2052
7603,1148,3200,2052
7604,1148,3200,2052
7605,1148,3200,2052
7606,1148,3200,2052
7607,1148,3200,2052
7608,1148,3200,2052
7609,1148,3200,2052
7610,1148,3200,2052
7611,1148,3200,2052
7612,1148,3200,2052
7613,1148,3200,2052
7614,1147,3200,2053
7615,1147,3200,2053
7616,1147,3200,2053
7617,1147,3200,2053
7618,1146,3200,2054
7619,1145,3200,2055
7620,1145,3200,2055
7621,1145,3200,2055
7622,1145,3200,2055
7623,1144,3200,2056
7624,1144,3200,2056
7625,1144,3200,2056
7626,1143,3200,2057
7627,1143,3200,2057
7628,1143,3200,2057
7629,1142,3200,2058
7630,1141,3200,2059
7631,1140,3200,2060
7632,1140,3200,2060
7633,1140,3200,2060
7634,1140,3200,2060
7635,1140,3200,2060
7636,1140,3200,2060
7637,1140,3200,2060
7638,1140,3200,2060
7639,1140,3200,2060
7640,1140,3200,2060
7641,1140,3200,2060
7642,1139,3200,2061
7643,1139,3200,2061
7644,1139,3200,2061
7645,1139,3200,2061
7646,1139,3200,2061
7647,1139,3200,2061
7648,1139,3200,2061
7649,1138,3200,2062
7650,1138,3200,2062
7651,1138,3200,2062
7652,1138,3200,2062
7653,1138,3200,2062
7654,1138,3200,2062
7655,1138,3200,2062
7656,1138,3200,2062
7657,1138,3200,2062
7658,1137,3200,2063
7659,1137,3200,2063
7660,1136,3200,2064
7661,1136,3200,2064
7662,1135,3200,2065
7663,1135,3200,2065
7664,1134,3200,2066
7665,1134,3200,2066
7666,1134,3200,2066
7667,1134,3200,2066
7668,1133,3200,2067
7669,1133,3200,2067
7670,1133,3200,2067
7671,1132,3200,2068
7672,1132,3200,2068
7673,1131,3200,2069
7674,1131,3200,2069
7675,1131,3200,2069
7676,1130,3200,2070
7677,1130,3200,2070
7678,1130,3200,2070
7679,1130,3200,2070
7680,1130,3200,2070
7681,1130,3200,2070
7682,1130,3200,2070
7683,1130,3200,2070
7684,1129,3200,2071
7685,1129,3200,2071
7686,1128,3200,2072
7687,1128,3200,2072
7688,1128,3200,2072
7689,1128,3200,2072
7690,1128,3200,2072
7691,1128,3200,2072
7692,1128,3200,2072
7693,1128,3200,2072
7694,1128,3200,2072
7695,1128,3200,2072
7696,1128,3200,2072
7697,1128,3200,2072
7698,1128,3200,2072
7699,1127,3200,2073
7700,1127,3200,2073
7701,1127,3200,2073
7702,1126,3200,2074
7703,1126,3200,2074
7704,1125,3200,2075
7705,1125,3200,2075
7706,1125,3200,2075
7707,1124,3200,2076
7708,1124,3200,2076
7709,1124,3200,2076
7710,1124,3200,2076
7711,1124,3200,2076
7712,1124,3200,2076
7713,1123,3200,2077
7714,1122,3200,2078
7715,1122,3200,2078
7716,1122,3200,2078
7717,1121,3200,2079
7718,1121,3200,2079
7719,1120,3200,2080
7720,1120,3200,2080
7721,1120,3200,2080
7722,1119,3200,2081
7723,1119,3200,2081
7724,1119,3200,2081
7725,1119,3200,2081
7726,1119,3200,2081
7727,1119,3200,2081
7728,1119,3200,2081
7729,1119,3200,2081
7730,1119,3200,2081
7731,1119,3200,2081
7732,1119,3200,2081
7733,1119,3200,2081
7734,1119,3200,2081
7735,1118,3200,2082
7736,1118,3200,2082
7737,1117,3200,2083
7738,1117,3200,2083
7739,1117,3200,2083
7740,1117,3200,2083
7741,1117,3200,2083
7742,1117,3200,2083
7743,1117,3200,2083
7744,1116,3200,2084
7745,1116,3200,2084
7746,1116,3200,2084
7747,1116,3200,2084
7748,1115,3200,2085
7749,1115,3200,2085
7750,1115,3200,2085
7751,1115,3200,2085
7752,1115,3200,2085
7753,1115,3200,2085
7754,1115,3200,2085
7755,1115,3200,2085
7756,1115,3200,2085
7757,1115,3200,2085
7758,1114,3200,2086
7759,1114,3200,2086
7760,1113,3200,2087
7761,1113,3200,2087
7762,1113,3200,2087
7763,1113,3200,2087
7764,1113,3200,2087
7765,1112,3200,2088
7766,1112,3200,2088
7767,1111,3200,2089
7768,1111,3200,2089
7769,1111,3200,2089
7770,1110,3200,2090
7771,1110,3200,2090
7772,1110,3200,2090
7773,1109,3200,2091
7774,1109,3200,2091
7775,1109,3200,2091
7776,1108,3200,2092
7777,1108,3200,2092
7778,1107,3200,2093
7779,1107,3200,2093
7780,1107,3200,2093
7781,1106,3200,2094
7782,1106,3200,2094
7783,1106,3200,2094
7784,1105,3200,2095
7785,1105,3200,2095
7786,1104,3200,2096
7787,1104,3200,2096
7788,1104,3200,2096
7789,1104,3200,2096
7790,1104,3200,2096
7791,1104,3200,2096
7792,1104,3200,2096
7793,1104,3200,2096
7794,1104,3200,2096
7795,1104,3200,2096
7796,1104,3200,2096
7797,1104,3200,2096
7798,1104,3200,2096
7799,1104,3200,2096
7800,1103,3200,2097
7801,1103,3200,2097
7802,1102,3200,2098
7803,1102,3200,2098
7804,1102,3200,2098
7805,1101,3200,2099
7806,1101,3200,2099
7807,1101,3200,2099
7808,1100,3200,2100
7809,1100,3200,2100
7810,1100,3200,2100
7811,1100,3200,2100
7812,1099,3200,2101
7813,1098,3200,2102
7814,1098,3200,2102
7815,1098,3200,2102
7816,1098,3200,2102
7817,1097,3200,2103
7818,1096,3200,2104
7819,1096,3200,2104
7820,1096,3200,2104
7821,1096,3200,2104
7822,1095,3200,2105
7823,1095,3200,2105
7824,1094,3200,2106
7825,1094,3200,2106
7826,1094,3200,2106
7827,1094,3200,2106
7828,1094,3200,2106
7829,1094,3200,2106
7830,1094,3200,2106
7831,1094,3200,2106
7832,1094,3200,2106
7833,1094,3200,2106
7834,1094,3200,2106
7835,1094,3200,2106
7836,1094,3200,2106
7837,1093,3200,2107
7838,1093,3200,2107
7839,1092,3200,2108
7840,1092,3200,2108
7841,1092,3200,2108
7842,1092,3200,2108
7843,1091,3200,2109
7844,1091,3200,2109
7845,1091,3200,2109
7846,1091,3200,2109
7847,1090,3200,2110
7848,1090,3200,2110
7849,1090,3200,2110
7850,1089,3200,2111
7851,1089,3200,2111
7852,1088,3200,2112
7853,1088,3200,2112
7854,1088,3200,2112
7855,1088,3200,2112
7856,1088,3200,2112
7857,1087,3200,2113
7858,1087,3200,2113
7859,1087,3200,2113
7860,1087,3200,2113
7861,1087,3200,2113
7862,1087,3200,2113
7863,1087,3200,2113
7864,1087,3200,2113
7865,1087,3200,2113
7866,1087,3200,2113
7867,1087,3200,2113
7868,1087,3200,2113
7869,1086,3200,2114
7870,1086,3200,2114
7871,1086,3200,2114
7872,1086,3200,2114
7873,1086,3200,2114
7874,1086,3200,2114
7875,1085,3200,2115
7876,1085,3200,2115
7877,1085,3200,2115
7878,1084,3200,2116
7879,1084,3200,2116
7880,1084,3200,2116
7881,1084,3200,2116
7882,1084,3200,2116
7883,1084,3200,2116
7884,1084,3200,2116
7885,1084,3200,2116
7886,1084,3200,2116
7887,1083,3200,2117
7888,1083,3200,2117
7889,1082,3200,2118
7890,1082,3200,2118
7891,1082,3200,2118
7892,1082,3200,2118
7893,1082,3200,2118
7894,1082,3200,2118
7895,1082,3200,2118
7896,1081,3200,2119
7897,1080,3200,2120
7898,1080,3200,2120
7899,1080,3200,2120
7900,1080,3200,2120
7901,1080,3200,2120
7902,1080,3200,2120
7903,1079,3200,2121
7904,1079,3200,2121
7905,1079,3200,2121
7906,1079,3200,2121
7907,1078,3200,2122
7908,1078,3200,2122
7909,1078,3200,2122
7910,1078,3200,2122
7911,1078,3200,2122
7912,1078,3200,2122
7913,1077,3200,2123
7914,1077,3200,2123
7915,1077,3200,2123
7916,1077,3200,2123
7917,1077,3200,2123
7918,1077,3200,2123
7919,1076,3200,2124
7920,1076,3200,2124
7921,1075,3200,2125
7922,1075,3200,2125
7923,1075,3200,2125
7924,1074,3200,2126
7925,1074,3200,2126
7926,1074,3200,2126
7927,1074,3200,2126
7928,1074,3200,2126
7929,1074,3200,2126
7930,1074,3200,2126
7931,1074,3200,2126
7932,1073,3200,2127
7933,1073,3200,2127
7934,1073,3200,2127
7935,1073,3200,2127
7936,1073,3200,2127
7937,1072,3200,2128
7938,1072,3200,2128
7939,1072,3200,2128
7940,1072,3200,2128
7941,1071,3200,2129
7942,1071,3200,2129
7943,1071,3200,2129
7944,1070,3200,2130
7945,1070,3200,2130
7946,1070,3200,2130
7947,1069,3200,2131
7948,1069,3200,2131
7949,1069,3200,2131
7950,1068,3200,2132
7951,1067,3200,2133
7952,1067,3200,2133
7953,1067,3200,2133
7954,1067,3200,2133
7955,1067,3200,2133
7956,1067,3200,2133
7957,1067,3200,2133
7958,1066,3200,2134
7959,1066,3200,2134
7960,1066,3200,2134
7961,1066,3200,2134
7962,1066,3200,2134
7963,1066,3200,2134
7964,1066,3200,2134
7965,1066,3200,2134
7966,1066,3200,2134
7967,1066,3200,2134
7968,1066,3200,2134
7969,1066,3200,2134
7970,1066,3200,2134
7971,1066,3200,2134
7972,1066,3200,2134
7973,1066,3200,2134
7974,1066,3200,2134
7975,1065,3200,2135
7976,1065,3200,2135
7977,1065,3200,2135
7978,1065,3200,2135
7979,1065,3200,2135
7980,1065,3200,2135
7981,1065,3200,2135
7982,1064,3200,2136
7983,1064,3200,2136
7984,1064,3200,2136
7985,1063,3200,2137
7986,1063,3200,2137
7987,1062,3200,2138
7988,1062,3200,2138
7989,1061,3200,2139
7990,1061,3200,2139
7991,1061,3200,2139
7992,1061,3200,2139
7993,1061,3200,2139
7994,1061,3200,2139
7995,1061,3200,2139
7996,1060,3200,2140
7997,1060,3200,2140
7998,1060,3200,2140
7999,1059,3200,2141
8000,1058,3200,2142
8001,1058,3200,2142
8002,1058,3200,2142
8003,1057,3200,2143
8004,1057,3200,2143
8005,1056,3200,2144
8006,1056,3200,2144
8007,1056,3200,2144
8008,1056,3200,2144
8009,1056,3200,2144
8010,1056,3200,2144
8011,1056,3200,2144
8012,1056,3200,2144
8013,1056,3200,2144
8014,1056,3200,2144
8015,1055,3200,2145
8016,1055,3200,2145
8017,1054,3200,2146
8018,1054,3200,2146
8019,1054,3200,2146
8020,1053,3200,2147
8021,1053,3200,2147
8022,1053,3200,2147
8023,1052,3200,2148
8024,1052,3200,2148
8025,1052,3200,2148
8026,1051,3200,2149
8027,1051,3200,2149
8028,1051,3200,2149
8029,1050,3200,2150
8030,1050,3200,2150
8031,1049,3200,2151
8032,1049,3200,2151
8033,1049,3200,2151
8034,1049,3200,2151
8035,1048,3200,2152
8036,1048,3200,2152
8037,1048,3200,2152
8038,1047,3200,2153
8039,1047,3200,2153
8040,1046,3200,2154
8041,1045,3200,2155
8042,1045,3200,2155
8043,1045,3200,2155
8044,1045,3200,2155
8045,1044,3200,2156
8046,1044,3200,2156
8047,1044,3200,2156
8048,1044,3200,2156
8049,1044,3200,2156
8050,1044,3200,2156
8051,1044,3200,2156
8052,1044,3200,2156
8053,1043,3200,2157
8054,1043,3200,2157
8055,1043,3200,2157
8056,1042,3200,2158
8057,1042,3200,2158
8058,1041,3200,2159
8059,1040,3200,2160
8060,1040,3200,2160
8061,1040,3200,2160
8062,1040,3200,2160
8063,1040,3200,2160
8064,1040,3200,2160
8065,1040,3200,2160
8066,1040,3200,2160
8067,1040,3200,2160
8068,1040,3200,2160
8069,1039,3200,2161
8070,1039,3200,2161
8071,1039,3200,2161
8072,1039,3200,2161
8073,1039,3200,2161
8074,1039,3200,2161
8075,1039,3200,2161
8076,1038,3200,2162
8077,1038,3200,2162
8078,1038,3200,2162
8079,1037,3200,2163
8080,1036,3200,2164
8081,1036,3200,2164
8082,1036,3200,2164
8083,1036,3200,2164
8084,1036,3200,2164
8085,1036,3200,2164
8086,1036,3200,2164
8087,1035,3200,2165
8088,1035,3200,2165
8089,1034,3200,2166
8090,1034,3200,2166
8091,1034,3200,2166
8092,1034,3200,2166
8093,1034,3200,2166
8094,1034,3200,2166
8095,1034,3200,2166
8096,1034,3200,2166
8097,1034,3200,2166
8098,1034,3200,2166
8099,1034,3200,2166
8100,1034,3200,2166
8101,1034,3200,2166
8102,1034,3200,2166
8103,1034,3200,2166
8104,1034,3200,2166
8105,1034,3200,2166
8106,1033,3200,2167
8107,1033,3200,2167
8108,1032,3200,2168
8109,1032,3200,2168
8110,1031,3200,2169
8111,1031,3200,2169
8112,1031,3200,2169
8113,1030,3200,2170
8114,1029,3200,2171
8115,1029,3200,2171
8116,1028,3200,2172
8117,1028,3200,2172
8118,1028,3200,2172
8119,1028,3200,2172
8120,1027,3200,2173
8121,1027,3200,2173
8122,1027,3200,2173
8123,1027,3200,2173
8124,1027,3200,2173
8125,1027,3200,2173
8126,1026,3200,2174
8127,1026,3200,2174
8128,1026,3200,2174
8129,1026,3200,2174
8130,1025,3200,2175
8131,1025,3200,2175
8132,1024,3200,2176
8133,1024,3200,2176
8134,1023,3200,2177
8135,1023,3200,2177
8136,1023,3200,2177
8137,1023,3200,2177
8138,1022,3200,2178
8139,1022,3200,2178
8140,1021,3200,2179
8141,1021,3200,2179
8142,1021,3200,2179
8143,1020,3200,2180
8144,1020,3200,2180
8145,1020,3200,2180
8146,1020,3200,2180
8147,1020,3200,2180
8148,1020,3200,2180
8149,1020,3200,2180
8150,1020,3200,2180
8151,1020,3200,2180
8152,1020,3200,2180
8153,1020,3200,2180
8154,1020,3200,2180
8155,1020,3200,2180
8156,1020,3200,2180
8157,1020,3200,2180
8158,1020,3200,2180
8159,1020,3200,2180
8160,1019,3200,2181
8161,1019,3200,2181
8162,1019,3200,2181
8163,1019,3200,2181
8164,1019,3200,2181
8165,1019,3200,2181
8166,1019,3200,2181
8167,1019,3200,2181
8168,1018,3200,2182
8169,1018,3200,2182
8170,1018,3200,2182
8171,1017,3200,2183
8172,1017,3200,2183
8173,1017,3200,2183
8174,1016,3200,2184
8175,1016,3200,2184
8176,1016,3200,2184
8177,1015,3200,2185
8178,1015,3200,2185
8179,1015,3200,2185
8180,1014,3200,2186
8181,1014,3200,2186
8182,1013,3200,2187
8183,1013,3200,2187
8184,1013,3200,2187
8185,1012,3200,2188
8186,1012,3200,2188
8187,1012,3200,2188
8188,1011,3200,2189
8189,1011,3200,2189
8190,1011,3200,2189
8191,1011,3200,2189
8192,1010,3200,2190
8193,1009,3200,2191
8194,1009,3200,2191
8195,1009,3200,2191
8196,1008,3200,2192
8197,1008,3200,2192
8198,1007,3200,2193
8199,1007,3200,2193
8200,1007,3200,2193
8201,1006,3200,2194
8202,1006,3200,2194
8203,1006,3200,2194
8204,1006,3200,2194
8205,1006,3200,2194
8206,1006,3200,2194
8207,1006,3200,2194
8208,1006,3200,2194
8209,1006,3200,2194
8210,1006,3200,2194
8211,1006,3200,2194
8212,1006,3200,2194
8213,1005,3200,2195
8214,1005,3200,2195
8215,1005,3200,2195
8216,1005,3200,2195
8217,1004,3200,2196
8218,1004,3200,2196
8219,1003,3200,2197
8220,1003,3200,2197
8221,1003,3200,2197
8222,1003,3200,2197
8223,1002,3200,2198
8224,1002,3200,2198
8225,1001,3200,2199
8226,1001,3200,2199
8227,1001,3200,2199
8228,1000,3200,2200
8229,1000,3200,2200
8230,1000,3200,2200
8231,1000,3200,2200
8232,1000,3200,2200
8233,999,3200,2201
8234,999,3200,2201
8235,999,3200,2201
8236,999,3200,2201
8237,999,3200,2201
8238,999,3200,2201
8239,999,3200,2201
8240,999,3200,2201
8241,999,3200,2201
8242,999,3200,2201
8243,999,3200,2201
8244,999,3200,2201
8245,999,3200,2201
8246,999,3200,2201
8247,999,3200,2201
8248,999,3200,2201
8249,999,3200,2201
8250,999,3200,2201
8251,999,3200,2201
8252,999,3200,2201
8253,999,3200,2201
8254,999,3200,2201
8255,999,3200,2201
8256,999,3200,2201
8257,999,3200,2201
8258,999,3200,2201
8259,999,3200,2201
8260,998,3200,2202
8261,997,3200,2203
8262,997,3200,2203
8263,997,3200,2203
8264,996,3200,2204
8265,996,3200,2204
8266,996,3200,2204
8267,995,3200,2205
8268,994,3200,2206
8269,994,3200,2206
8270,994,3200,2206
8271,994,3200,2206
8272,993,3200,2207
8273,993,3200,2207
8274,992,3200,2208
8275,992,3200,2208
8276,991,3200,2209
8277,991,3200,2209
8278,991,3200,2209
8279,990,3200,2210
8280,990,3200,2210
8281,990,3200,2210
8282,990,3200,2210
8283,990,3200,2210
8284,990,3200,2210
8285,990,3200,2210
8286,989,3200,2211
8287,989,3200,2211
8288,989,3200,2211
8289,989,3200,2211
8290,988,3200,2212
8291,988,3200,2212
8292,988,3200,2212
8293,988,3200,2212
8294,988,3200,2212
8295,988,3200,2212
8296,988,3200,2212
8297,988,3200,2212
8298,988,3200,2212
8299,988,3200,2212
8300,988,3200,2212
8301,988,3200,2212
8302,988,3200,2212
8303,987,3200,2213
8304,987,3200,2213
8305,986,3200,2214
8306,986,3200,2214
8307,985,3200,2215
8308,985,3200,2215
8309,984,3200,2216
8310,984,3200,2216
8311,984,3200,2216
8312,983,3200,2217
8313,983,3200,2217
8314,983,3200,2217
8315,983,3200,2217
8316,982,3200,2218
8317,981,3200,2219
8318,981,3200,2219
8319,981,3200,2219
8320,981,3200,2219
8321,981,3200,2219
8322,981,3200,2219
8323,981,3200,2219
8324,981,3200,2219
8325,981,3200,2219
8326,981,3200,2219
8327,981,3200,2219
8328,981,3200,2219
8329,981,3200,2219
8330,981,3200,2219
8331,981,3200,2219
8332,981,3200,2219
8333,981,3200,2219
8334,981,3200,2219
8335,981,3200,2219
8336,981,3200,2219
8337,981,3200,2219
8338,981,3200,2219
8339,981,3200,2219
8340,981,3200,2219
8341,981,3200,2219
8342,981,3200,2219
8343,981,3200,2219
8344,981,3200,2219
8345,980,3200,2220
8346,980,3200,2220
8347,980,3200,2220
8348,980,3200,2220
8349,980,3200,2220
8350,980,3200,2220
8351,980,3200,2220
8352,979,3200,2221
8353,979,3200,2221
8354,979,3200,2221
8355,978,3200,2222
8356,978,3200,2222
8357,978,3200,2222
8358,977,3200,2223
8359,977,3200,2223
8360,977,3200,2223
8361,977,3200,2223
8362,976,3200,2224
8363,976,3200,2224
8364,975,3200,2225
8365,975,3200,2225
8366,975,3200,2225
8367,974,3200,2226
8368,973,3200,2227
8369,973,3200,2227
8370,973,3200,2227
8371,972,3200,2228
8372,972,3200,2228
8373,971,3200,2229
8374,971,3200,2229
8375,971,3200,2229
8376,971,3200,2229
8377,970,3200,2230
8378,970,3200,2230
8379,969,3200,2231
8380,969,3200,2231
8381,969,3200,2231
8382,968,3200,2232
8383,968,3200,2232
8384,967,3200,2233
8385,967,3200,2233
8386,967,3200,2233
8387,966,3200,2234
8388,965,3200,2235
8389,965,3200,2235
8390,965,3200,2235
8391,965,3200,2235
8392,965,3200,2235
8393,965,3200,2235
8394,965,3200,2235
8395,965,3200,2235
8396,965,3200,2235
8397,965,3200,2235
8398,965,3200,2235
8399,964,3200,2236
8400,964,3200,2236
8401,963,3200,2237
8402,963,3200,2237
8403,963,3200,2237
8404,962,3200,2238
8405,961,3200,2239
8406,961,3200,2239
8407,961,3200,2239
8408,960,3200,2240
8409,960,3200,2240
8410,959,3200,2241
8411,958,3200,2242
8412,958,3200,2242
8413,958,3200,2242
8414,958,3200,2242
8415,958,3200,2242
8416,958,3200,2242
8417,958,3200,2242
8418,958,3200,2242
8419,958,3200,2242
8420,958,3200,2242
8421,958,3200,2242
8422,958,3200,2242
8423,958,3200,2242
8424,958,3200,2242
8425,958,3200,2242
8426,957,3200,2243
8427,957,3200,2243
8428,957,3200,2243
8429,956,3200,2244
8430,956,3200,2244
8431,956,3200,2244
8432,956,3200,2244
8433,956,3200,2244
8434,956,3200,2244
8435,955,3200,2245
8436,955,3200,2245
8437,955,3200,2245
8438,955,3200,2245
8439,955,3200,2245
8440,955,3200,2245
8441,955,3200,2245
8442,955,3200,2245
8443,955,3200,2245
8444,955,3200,2245
8445,955,3200,2245
8446,955,3200,2245
8447,955,3200,2245
8448,955,3200,2245
8449,955,3200,2245
8450,955,3200,2245
8451,955,3200,2245
8452,955,3200,2245
8453,955,3200,2245
8454,955,3200,2245
8455,955,3200,2245
8456,954,3200,2246
8457,954,3200,2246
8458,954,3200,2246
8459,954,3200,2246
8460,953,3200,2247
8461,953,3200,2247
8462,952,3200,2248
8463,952,3200,2248
8464,952,3200,2248
8465,952,3200,2248
8466,951,3200,2249
8467,951,3200,2249
8468,950,3200,2250
8469,950,3200,2250
8470,949,3200,2251
8471,949,3200,2251
8472,948,3200,2252
8473,948,3200,2252
8474,948,3200,2252
8475,948,3200,2252
8476,948,3200,2252
8477,948,3200,2252
8478,947,3200,2253
8479,947,3200,2253
8480,947,3200,2253
8481,946,3200,2254
8482,946,3200,2254
8483,946,3200,2254
8484,945,3200,2255
8485,945,3200,2255
8486,945,3200,2255
8487,944,3200,2256
8488,944,3200,2256
8489,943,3200,2257
8490,943,3200,2257
8491,942,3200,2258
8492,942,3200,2258
8493,942,3200,2258
8494,942,3200,2258
8495,942,3200,2258
8496,942,3200,2258
8497,942,3200,2258
8498,942,3200,2258
8499,942,3200,2258
8500,942,3200,2258
8501,942,3200,2258
8502,942,3200,2258
8503,942,3200,2258
8504,942,3200,2258
8505,942,3200,2258
8506,941,3200,2259
8507,941,3200,2259
8508,940,3200,2260
8509,940,3200,2260
8510,940,3200,2260
8511,940,3200,2260
8512,940,3200,2260
8513,939,3200,2261
8514,938,3200,2262
8515,938,3200,2262
8516,938,3200,2262
8517,938,3200,2262
8518,938,3200,2262
8519,938,3200,2262
8520,938,3200,2262
8521,938,3200,2262
8522,938,3200,2262
8523,937,3200,2263
8524,937,3200,2263
8525,937,3200,2263
8526,936,3200,2264
8527,936,3200,2264
8528,935,3200,2265
8529,935,3200,2265
8530,935,3200,2265
8531,935,3200,2265
8532,935,3200,2265
8533,934,3200,2266
8534,934,3200,2266
8535,933,3200,2267
8536,933,3200,2267
8537,933,3200,2267
8538,932,3200,2268
8539,932,3200,2268
8540,932,3200,2268
8541,931,3200,2269
8542,930,3200,2270
8543,930,3200,2270
8544,929,3200,2271
8545,929,3200,2271
8546,929,3200,2271
8547,929,3200,2271
8548,928,3200,2272
8549,928,3200,2272
8550,927,3200,2273
8551,926,3200,2274
8552,926,3200,2274
8553,926,3200,2274
8554,925,3200,2275
8555,925,3200,2275
8556,925,3200,2275
8557,924,3200,2276
8558,924,3200,2276
8559,923,3200,2277
8560,923,3200,2277
8561,923,3200,2277
8562,923,3200,2277
8563,923,3200,2277
8564,923,3200,2277
8565,923,3200,2277
8566,923,3200,2277
8567,923,3200,2277
8568,923,3200,2277
8569,923,3200,2277
8570,923,3200,2277
8571,923,3200,2277
8572,923,3200,2277
8573,923,3200,2277
8574,922,3200,2278
8575,922,3200,2278
8576,922,3200,2278
8577,922,3200,2278
8578,922,3200,2278
8579,922,3200,2278
8580,922,3200,2278
8581,922,3200,2278
8582,922,3200,2278
8583,922,3200,2278
8584,922,3200,2278
8585,921,3200,2279
8586,921,3200,2279
8587,920,3200,2280
8588,920,3200,2280
8589,920,3200,2280
8590,920,3200,2280
8591,919,3200,2281
8592,919,3200,2281
8593,918,3200,2282
8594,918,3200,2282
8595,918,3200,2282
8596,918,3200,2282
8597,918,3200,2282
8598,918,3200,2282
8599,918,3200,2282
8600,917,3200,2283
8601,917,3200,2283
8602,917,3200,2283
8603,917,3200,2283
8604,916,3200,2284
8605,916,3200,2284
8606,916,3200,2284
8607,915,3200,2285
8608,915,3200,2285
8609,915,3200,2285
8610,915,3200,2285
8611,915,3200,2285
8612,915,3200,2285
8613,915,3200,2285
8614,915,3200,2285
8615,915,3200,2285
8616,915,3200,2285
8617,915,3200,2285
8618,915,3200,2285
8619,915,3200,2285
8620,915,3200,2285
8621,915,3200,2285
8622,915,3200,2285
8623,915,3200,2285
8624,914,3200,2286
8625,914,3200,2286
8626,914,3200,2286
8627,914,3200,2286
8628,914,3200,2286
8629,913,3200,2287
8630,913,3200,2287
8631,912,3200,2288
8632,912,3200,2288
8633,912,3200,2288
8634,912,3200,2288
8635,911,3200,2289
8636,910,3200,2290
8637,910,3200,2290
8638,910,3200,2290
8639,910,3200,2290
8640,909,3200,2291
8641,909,3200,2291
8642,909,3200,2291
8643,909,3200,2291
8644,908,3200,2292
8645,907,3200,2293
8646,907,3200,2293
8647,906,3200,2294
8648,906,3200,2294
8649,906,3200,2294
8650,905,3200,2295
8651,905,3200,2295
8652,905,3200,2295
8653,904,3200,2296
8654,904,3200,2296
8655,904,3200,2296
8656,904,3200,2296
8657,904,3200,2296
8658,904,3200,2296
8659,904,3200,2296
8660,904,3200,2296
8661,904,3200,2296
8662,903,3200,2297
8663,903,3200,2297
8664,903,3200,2297
8665,902,3200,2298
8666,902,3200,2298
8667,902,3200,2298
8668,902,3200,2298
8669,902,3200,2298
8670,902,3200,2298
8671,901,3200,2299
8672,901,3200,2299
8673,901,3200,2299
8674,901,3200,2299
8675,900,3200,2300
8676,900,3200,2300
8677,900,3200,2300
8678,900,3200,2300
8679,900,3200,2300
8680,900,3200,2300
8681,900,3200,2300
8682,900,3200,2300
8683,900,3200,2300
8684,900,3200,2300
8685,900,3200,2300
8686,900,3200,2300
8687,900,3200,2300
8688,900,3200,2300
8689,900,3200,2300
8690,900,3200,2300
8691,900,3200,2300
8692,900,3200,2300
8693,899,3200,2301
8694,899,3200,2301
8695,899,3200,2301
8696,898,3200,2302
8697,898,3200,2302
8698,898,3200,2302
8699,897,3200,2303
8700,897,3200,2303
8701,897,3200,2303
8702,897,3200,2303
8703,897,3200,2303
8704,897,3200,2303
8705,897,3200,2303
8706,896,3200,2304
8707,895,3200,2305
8708,895,3200,2305
8709,895,3200,2305
8710,895,3200,2305
8711,894,3200,2306
8712,894,3200,2306
8713,894,3200,2306
8714,894,3200,2306
8715,893,3200,2307
8716,892,3200,2308
8717,892,3200,2308
8718,892,3200,2308
8719,891,3200,2309
8720,891,3200,2309
8721,891,3200,2309
8722,890,3200,2310
8723,890,3200,2310
8724,890,3200,2310
8725,890,3200,2310
8726,890,3200,2310
8727,890,3200,2310
8728,890,3200,2310
8729,890,3200,2310
8730,890,3200,2310
8731,889,3200,2311
8732,889,3200,2311
8733,889,3200,2311
8734,889,3200,2311
8735,888,3200,2312
8736,888,3200,2312
8737,887,3200,2313
8738,887,3200,2313
8739,886,3200,2314
8740,886,3200,2314
8741,885,3200,2315
8742,885,3200,2315
8743,885,3200,2315
8744,884,3200,2316
8745,884,3200,2316
8746,884,3200,2316
8747,884,3200,2316
8748,883,3200,2317
8749,883,3200,2317
8750,883,3200,2317
8751,883,3200,2317
8752,883,3200,2317
8753,882,3200,2318
8754,882,3200,2318
8755,881,3200,2319
8756,880,3200,2320
8757,880,3200,2320
8758,880,3200,2320
8759,879,3200,2321
8760,879,3200,2321
8761,879,3200,2321
8762,879,3200,2321
8763,879,3200,2321
8764,879,3200,2321
8765,879,3200,2321
8766,878,3200,2322
8767,877,3200,2323
8768,877,3200,2323
8769,877,3200,2323
8770,877,3200,2323
8771,877,3200,2323
8772,877,3200,2323
8773,877,3200,2323
8774,876,3200,2324
8775,876,3200,2324
8776,876,3200,2324
8777,875,3200,2325
8778,875,3200,2325
8779,875,3200,2325
8780,875,3200,2325
8781,875,3200,2325
8782,874,3200,2326
8783,873,3200,2327
8784,873,3200,2327
8785,873,3200,2327
8786,873,3200,2327
8787,873,3200,2327
8788,873,3200,2327
8789,873,3200,2327
8790,873,3200,2327
8791,872,3200,2328
8792,872,3200,2328
8793,872,3200,2328
8794,872,3200,2328
8795,872,3200,2328
8796,872,3200,2328
8797,872,3200,2328
8798,872,3200,2328
8799,871,3200,2329
8800,871,3200,2329
8801,871,3200,2329
8802,871,3200,2329
8803,871,3200,2329
8804,871,3200,2329
8805,871,3200,2329
8806,870,3200,2330
8807,870,3200,2330
8808,869,3200,2331
8809,869,3200,2331
8810,869,3200,2331
8811,869,3200,2331
8812,869,3200,2331
8813,869,3200,2331
8814,869,3200,2331
8815,869,3200,2331
8816,869,3200,2331
8817,869,3200,2331
8818,869,3200,2331
8819,868,3200,2332
8820,868,3200,2332
8821,867,3200,2333
8822,867,3200,2333
8823,867,3200,2333
8824,867,3200,2333
8825,866,3200,2334
8826,866,3200,2334
8827,865,3200,2335
8828,865,3200,2335
8829,865,3200,2335
8830,864,3200,2336
8831,864,3200,2336
8832,864,3200,2336
8833,863,3200,2337
8834,863,3200,2337
8835,863,3200,2337
8836,863,3200,2337
8837,863,3200,2337
8838,863,3200,2337
8839,863,3200,2337
8840,863,3200,2337
8841,863,3200,2337
8842,863,3200,2337
8843,862,3200,2338
8844,862,3200,2338
8845,862,3200,2338
8846,862,3200,2338
8847,862,3200,2338
8848,862,3200,2338
8849,862,3200,2338
8850,862,3200,2338
8851,861,3200,2339
8852,861,3200,2339
8853,861,3200,2339
8854,861,3200,2339
8855,860,3200,2340
8856,860,3200,2340
8857,859,3200,2341
8858,859,3200,2341
8859,859,3200,2341
8860,858,3200,2342
8861,858,3200,2342
8862,857,3200,2343
8863,857,3200,2343
8864,856,3200,2344
8865,856,3200,2344
8866,856,3200,2344
8867,856,3200,2344
8868,856,3200,2344
8869,856,3200,2344
8870,856,3200,2344
8871,855,3200,2345
8872,855,3200,2345
8873,855,3200,2345
8874,855,3200,2345
8875,854,3200,2346
8876,854,3200,2346
8877,853,3200,2347
8878,853,3200,2347
8879,853,3200,2347
8880,853,3200,2347
8881,852,3200,2348
8882,852,3200,2348
8883,851,3200,2349
8884,851,3200,2349
8885,851,3200,2349
8886,851,3200,2349
8887,851,3200,2349
8888,851,3200,2349
8889,851,3200,2349
8890,851,3200,2349
8891,851,3200,2349
8892,851,3200,2349
8893,851,3200,2349
8894,851,3200,2349
8895,851,3200,2349
8896,850,3200,2350
8897,850,3200,2350
8898,849,3200,2351
8899,849,3200,2351
8900,849,3200,2351
8901,848,3200,2352
8902,848,3200,2352
8903,848,3200,2352
8904,848,3200,2352
8905,847,3200,2353
8906,847,3200,2353
8907,847,3200,2353
8908,847,3200,2353
8909,846,3200,2354
8910,846,3200,2354
8911,846,3200,2354
8912,845,3200,2355
8913,845,3200,2355
8914,844,3200,2356
8915,844,3200,2356
8916,844,3200,2356
8917,843,3200,2357
8918,843,3200,2357
8919,843,3200,2357
8920,842,3200,2358
8921,842,3200,2358
8922,842,3200,2358
8923,841,3200,2359
8924,841,3200,2359
8925,841,3200,2359
8926,841,3200,2359
8927,841,3200,2359
8928,841,3200,2359
8929,841,3200,2359
8930,841,3200,2359
8931,840,3200,2360
8932,840,3200,2360
8933,840,3200,2360
8934,840,3200,2360
8935,840,3200,2360
8936,840,3200,2360
8937,840,3200,2360
8938,840,3200,2360
8939,840,3200,2360
8940,840,3200,2360
8941,840,3200,2360
8942,840,3200,2360
8943,840,3200,2360
8944,839,3200,2361
8945,839,3200,2361
8946,839,3200,2361
8947,839,3200,2361
8948,839,3200,2361
8949,839,3200,2361
8950,839,3200,2361
8951,839,3200,2361
8952,839,3200,2361
8953,839,3200,2361
8954,839,3200,2361
8955,838,3200,2362
8956,838,3200,2362
8957,837,3200,2363
8958,837,3200,2363
8959,837,3200,2363
8960,837,3200,2363
8961,836,3200,2364
8962,836,3200,2364
8963,836,3200,2364
8964,836,3200,2364
8965,836,3200,2364
8966,836,3200,2364
8967,835,3200,2365
8968,835,3200,2365
8969,834,3200,2366
8970,834,3200,2366
8971,834,3200,2366
8972,834,3200,2366
8973,834,3200,2366
8974,833,3200,2367
8975,833,3200,2367
8976,833,3200,2367
8977,833,3200,2367
8978,833,3200,2367
8979,833,3200,2367
8980,833,3200,2367
8981,832,3200,2368
8982,832,3200,2368
8983,831,3200,2369
8984,831,3200,2369
8985,830,3200,2370
8986,830,3200,2370
8987,830,3200,2370
8988,829,3200,2371
8989,829,3200,2371
8990,829,3200,2371
8991,829,3200,2371
8992,829,3200,2371
8993,829,3200,2371
8994,829,3200,2371
8995,829,3200,2371
8996,828,3200,2372
8997,827,3200,2373
8998,827,3200,2373
8999,827,3200,2373
9000,826,3200,2374
9001,826,3200,2374
9002,826,3200,2374
9003,825,3200,2375
9004,825,3200,2375
9005,825,3200,2375
9006,824,3200,2376
9007,824,3200,2376
9008,824,3200,2376
9009,824,3200,2376
9010,824,3200,2376
9011,824,3200,2376
9012,824,3200,2376
9013,824,3200,2376
9014,824,3200,2376
9015,824,3200,2376
9016,824,3200,2376
9017,824,3200,2376
9018,823,3200,2377
9019,823,3200,2377
9020,822,3200,2378
9021,822,3200,2378
9022,822,3200,2378
9023,821,3200,2379
9024,821,3200,2379
9025,821,3200,2379
9026,821,3200,2379
9027,821,3200,2379
9028,821,3200,2379
9029,821,3200,2379
9030,820,3200,2380
9031,820,3200,2380
9032,820,3200,2380
9033,820,3200,2380
9034,820,3200,2380
9035,820,3200,2380
9036,819,3200,2381
9037,819,3200,2381
9038,819,3200,2381
9039,819,3200,2381
9040,819,3200,2381
9041,819,3200,2381
9042,819,3200,2381
9043,819,3200,2381
9044,818,3200,2382
9045,818,3200,2382
9046,818,3200,2382
9047,817,3200,2383
9048,817,3200,2383
9049,817,3200,2383
9050,816,3200,2384
9051,816,3200,2384
9052,816,3200,2384
9053,815,3200,2385
9054,815,3200,2385
9055,814,3200,2386
9056,814,3200,2386
9057,814,3200,2386
9058,813,3200,2387
9059,813,3200,2387
9060,812,3200,2388
9061,812,3200,2388
9062,812,3200,2388
9063,812,3200,2388
9064,812,3200,2388
9065,811,3200,2389
9066,811,3200,2389
9067,810,3200,2390
9068,810,3200,2390
9069,810,3200,2390
9070,810,3200,2390
9071,810,3200,2390
9072,810,3200,2390
9073,810,3200,2390
9074,810,3200,2390
9075,810,3200,2390
9076,810,3200,2390
9077,809,3200,2391
9078,809,3200,2391
9079,809,3200,2391
9080,808,3200,2392
9081,808,3200,2392
9082,807,3200,2393
9083,807,3200,2393
9084,806,3200,2394
9085,806,3200,2394
9086,806,3200,2394
9087,805,3200,2395
9088,805,3200,2395
9089,805,3200,2395
9090,805,3200,2395
9091,804,3200,2396
9092,804,3200,2396
9093,804,3200,2396
9094,804,3200,2396
9095,803,3200,2397
9096,803,3200,2397
9097,803,3200,2397
9098,803,3200,2397
9099,803,3200,2397
9100,802,3200,2398
9101,801,3200,2399
9102,801,3200,2399
9103,800,3200,2400
9104,800,3200,2400
9105,800,3200,2400
9106,800,3200,2400
9107,800,3200,2400
9108,799,3200,2401
9109,798,3200,2402
9110,798,3200,2402
9111,798,3200,2402
9112,798,3200,2402
9113,798,3200,2402
9114,797,3200,2403
9115,797,3200,2403
9116,797,3200,2403
9117,796,3200,2404
9118,796,3200,2404
9119,796,3200,2404
9120,795,3200,2405
9121,795,3200,2405
9122,794,3200,2406
9123,794,3200,2406
9124,794,3200,2406
9125,794,3200,2406
9126,794,3200,2406
9127,794,3200,2406
9128,794,3200,2406
9129,794,3200,2406
9130,794,3200,2406
9131,794,3200,2406
9132,794,3200,2406
9133,794,3200,2406
9134,794,3200,2406
9135,794,3200,2406
9136,794,3200,2406
9137,794,3200,2406
9138,793,3200,2407
9139,793,3200,2407
9140,793,3200,2407
9141,793,3200,2407
9142,793,3200,2407
9143,793,3200,2407
9144,793,3200,2407
9145,792,3200,2408
9146,792,3200,2408
9147,792,3200,2408
9148,792,3200,2408
9149,792,3200,2408
9150,792,3200,2408
9151,792,3200,2408
9152,792,3200,2408
9153,792,3200,2408
9154,792,3200,2408
9155,792,3200,2408
9156,792,3200,2408
9157,792,3200,2408
9158,792,3200,2408
9159,791,3200,2409
9160,791,3200,2409
9161,791,3200,2409
9162,790,3200,2410
9163,789,3200,2411
9164,789,3200,2411
9165,789,3200,2411
9166,789,3200,2411
9167,788,3200,2412
9168,788,3200,2412
9169,787,3200,2413
9170,786,3200,2414
9171,786,3200,2414
9172,786,3200,2414
9173,786,3200,2414
9174,786,3200,2414
9175,786,3200,2414
9176,786,3200,2414
9177,786,3200,2414
9178,786,3200,2414
9179,786,3200,2414
9180,786,3200,2414
9181,786,3200,2414
9182,786,3200,2414
9183,786,3200,2414
9184,785,3200,2415
9185,785,3200,2415
9186,785,3200,2415
9187,785,3200,2415
9188,784,3200,2416
9189,784,3200,2416
9190,784,3200,2416
9191,783,3200,2417
9192,783,3200,2417
9193,783,3200,2417
9194,782,3200,2418
9195,782,3200,2418
9196,782,3200,2418
9197,781,3200,2419
9198,781,3200,2419
9199,780,3200,2420
9200,780,3200,2420
9201,780,3200,2420
9202,779,3200,2421
9203,778,3200,2422
9204,778,3200,2422
9205,777,3200,2423
9206,777,3200,2423
9207,776,3200,2424
9208,776,3200,2424
9209,776,3200,2424
9210,776,3200,2424
9211,776,3200,2424
9212,776,3200,2424
9213,776,3200,2424
9214,776,3200,2424
9215,776,3200,2424
9216,775,3200,2425
9217,774,3200,2426
9218,774,3200,2426
9219,774,3200,2426
9220,774,3200,2426
9221,774,3200,2426
9222,774,3200,2426
9223,773,3200,2427
9224,773,3200,2427
9225,772,3200,2428
9226,772,3200,2428
9227,772,3200,2428
9228,771,3200,2429
9229,771,3200,2429
9230,771,3200,2429
9231,770,3200,2430
9232,770,3200,2430
9233,770,3200,2430
9234,769,3200,2431
9235,769,3200,2431
9236,769,3200,2431
9237,768,3200,2432
9238,768,3200,2432
9239,768,3200,2432
9240,768,3200,2432
9241,768,3200,2432
9242,768,3200,2432
9243,768,3200,2432
9244,768,3200,2432
9245,768,3200,2432
9246,768,3200,2432
9247,767,3200,2433
9248,767,3200,2433
9249,767,3200,2433
9250,767,3200,2433
9251,767,3200,2433
9252,767,3200,2433
9253,767,3200,2433
9254,767,3200,2433
9255,767,3200,2433
9256,766,3200,2434
9257,766,3200,2434
9258,766,3200,2434
9259,765,3200,2435
9260,765,3200,2435
9261,764,3200,2436
9262,764,3200,2436
9263,764,3200,2436
9264,764,3200,2436
9265,764,3200,2436
9266,763,3200,2437
9267,763,3200,2437
9268,763,3200,2437
9269,763,3200,2437
9270,763,3200,2437
9271,763,3200,2437
9272,763,3200,2437
9273,763,3200,2437
9274,763,3200,2437
9275,763,3200,2437
9276,762,3200,2438
9277,762,3200,2438
9278,762,3200,2438
9279,762,3200,2438
9280,762,3200,2438
9281,762,3200,2438
9282,762,3200,2438
9283,762,3200,2438
9284,762,3200,2438
9285,762,3200,2438
9286,762,3200,2438
9287,762,3200,2438
9288,762,3200,2438
9289,761,3200,2439
9290,761,3200,2439
9291,761,3200,2439
9292,760,3200,2440
9293,760,3200,2440
9294,760,3200,2440
9295,759,3200,2441
9296,759,3200,2441
9297,759,3200,2441
9298,759,3200,2441
9299,758,3200,2442
9300,758,3200,2442
9301,758,3200,2442
9302,757,3200,2443
9303,757,3200,2443
9304,756,3200,2444
9305,756,3200,2444
9306,755,3200,2445
9307,755,3200,2445
9308,754,3200,2446
9309,754,3200,2446
9310,754,3200,2446
9311,753,3200,2447
9312,753,3200,2447
9313,752,3200,2448
9314,752,3200,2448
9315,751,3200,2449
9316,751,3200,2449
9317,751,3200,2449
9318,751,3200,2449
9319,751,3200,2449
9320,750,3200,2450
9321,750,3200,2450
9322,750,3200,2450
9323,750,3200,2450
9324,750,3200,2450
9325,750,3200,2450
9326,750,3200,2450
9327,750,3200,2450
9328,750,3200,2450
9329,750,3200,2450
9330,750,3200,2450
9331,750,3200,2450
9332,749,3200,2451
9333,749,3200,2451
9334,749,3200,2451
9335,749,3200,2451
9336,748,3200,2452
9337,748,3200,2452
9338,748,3200,2452
9339,748,3200,2452
9340,747,3200,2453
9341,746,3200,2454
9342,746,3200,2454
9343,746,3200,2454
9344,746,3200,2454
9345,746,3200,2454
9346,746,3200,2454
9347,746,3200,2454
9348,746,3200,2454
9349,746,3200,2454
9350,746,3200,2454
9351,746,3200,2454
9352,746,3200,2454
9353,746,3200,2454
9354,746,3200,2454
9355,746,3200,2454
9356,746,3200,2454
9357,746,3200,2454
9358,746,3200,2454
9359,746,3200,2454
9360,746,3200,2454
9361,746,3200,2454
9362,746,3200,2454
9363,746,3200,2454
9364,746,3200,2454
9365,745,3200,2455
9366,744,3200,2456
9367,744,3200,2456
9368,744,3200,2456
9369,743,3200,2457
9370,743,3200,2457
9371,743,3200,2457
9372,742,3200,2458
9373,742,3200,2458
9374,741,3200,2459
9375,741,3200,2459
9376,741,3200,2459
9377,741,3200,2459
9378,741,3200,2459
9379,741,3200,2459
9380,741,3200,2459
9381,741,3200,2459
9382,741,3200,2459
9383,741,3200,2459
9384,741,3200,2459
9385,741,3200,2459
9386,740,3200,2460
9387,740,3200,2460
9388,739,3200,2461
9389,739,3200,2461
9390,739,3200,2461
9391,738,3200,2462
9392,738,3200,2462
9393,738,3200,2462
9394,738,3200,2462
9395,737,3200,2463
9396,737,3200,2463
9397,736,3200,2464
9398,736,3200,2464
9399,735,3200,2465
9400,735,3200,2465
9401,735,3200,2465
9402,734,3200,2466
9403,734,3200,2466
9404,734,3200,2466
9405,734,3200,2466
9406,733,3200,2467
9407,732,3200,2468
9408,731,3200,2469
9409,731,3200,2469
9410,731,3200,2469
9411,731,3200,2469
9412,731,3200,2469
9413,731,3200,2469
9414,731,3200,2469
9415,731,3200,2469
9416,731,3200,2469
9417,730,3200,2470
9418,730,3200,2470
9419,730,3200,2470
9420,730,3200,2470
9421,729,3200,2471
9422,729,3200,2471
9423,728,3200,2472
9424,728,3200,2472
9425,728,3200,2472
9426,728,3200,2472
9427,727,3200,2473
9428,727,3200,2473
9429,727,3200,2473
9430,727,3200,2473
9431,727,3200,2473
9432,726,3200,2474
9433,726,3200,2474
9434,726,3200,2474
9435,726,3200,2474
9436,726,3200,2474
9437,725,3200,2475
9438,725,3200,2475
9439,725,3200,2475
9440,725,3200,2475
9441,725,3200,2475
9442,725,3200,2475
9443,725,3200,2475
9444,724,3200,2476
9445,723,3200,2477
9446,723,3200,2477
9447,723,3200,2477
9448,722,3200,2478
9449,722,3200,2478
9450,722,3200,2478
9451,721,3200,2479
9452,721,3200,2479
9453,720,3200,2480
9454,720,3200,2480
9455,720,3200,2480
9456,720,3200,2480
9457,720,3200,2480
9458,720,3200,2480
9459,719,3200,2481
9460,718,3200,2482
9461,718,3200,2482
9462,717,3200,2483
9463,717,3200,2483
9464,717,3200,2483
9465,716,3200,2484
9466,716,3200,2484
9467,715,3200,2485
9468,715,3200,2485
9469,715,3200,2485
9470,715,3200,2485
9471,714,3200,2486
9472,714,3200,2486
9473,714,3200,2486
9474,714,3200,2486
9475,714,3200,2486
9476,714,3200,2486
9477,714,3200,2486
9478,714,3200,2486
9479,714,3200,2486
9480,714,3200,2486
9481,714,3200,2486
9482,714,3200,2486
9483,713,3200,2487
9484,713,3200,2487
9485,713,3200,2487
9486,713,3200,2487
9487,713,3200,2487
9488,712,3200,2488
9489,712,3200,2488
9490,711,3200,2489
9491,711,3200,2489
9492,711,3200,2489
9493,711,3200,2489
9494,711,3200,2489
9495,711,3200,2489
9496,711,3200,2489
9497,710,3200,2490
9498,710,3200,2490
9499,710,3200,2490
9500,710,3200,2490
9501,709,3200,2491
9502,709,3200,2491
9503,709,3200,2491
9504,709,3200,2491
9505,709,3200,2491
9506,709,3200,2491
9507,709,3200,2491
9508,708,3200,2492
9509,708,3200,2492
9510,708,3200,2492
9511,708,3200,2492
9512,708,3200,2492
9513,708,3200,2492
9514,708,3200,2492
9515,707,3200,2493
9516,707,3200,2493
9517,706,3200,2494
9518,706,3200,2494
9519,705,3200,2495
9520,705,3200,2495
9521,705,3200,2495
9522,704,3200,2496
9523,704,3200,2496
9524,703,3200,2497
9525,703,3200,2497
9526,703,3200,2497
9527,703,3200,2497
9528,703,3200,2497
9529,703,3200,2497
9530,702,3200,2498
9531,701,3200,2499
9532,701,3200,2499
9533,701,3200,2499
9534,701,3200,2499
9535,701,3200,2499
9536,701,3200,2499
9537,701,3200,2499
9538,701,3200,2499
9539,701,3200,2499
9540,700,3200,2500
9541,700,3200,2500
9542,700,3200,2500
9543,700,3200,2500
9544,700,3200,2500
9545,699,3200,2501
9546,698,3200,2502
9547,698,3200,2502
9548,698,3200,2502
9549,698,3200,2502
9550,698,3200,2502
9551,698,3200,2502
9552,698,3200,2502
9553,698,3200,2502
9554,698,3200,2502
9555,698,3200,2502
9556,698,3200,2502
9557,698,3200,2502
9558,698,3200,2502
9559,698,3200,2502
9560,697,3200,2503
9561,697,3200,2503
9562,696,3200,2504
9563,695,3200,2505
9564,695,3200,2505
9565,695,3200,2505
9566,695,3200,2505
9567,694,3200,2506
9568,694,3200,2506
9569,694,3200,2506
9570,693,3200,2507
9571,693,3200,2507
9572,693,3200,2507
9573,692,3200,2508
9574,692,3200,2508
9575,691,3200,2509
9576,691,3200,2509
9577,691,3200,2509
9578,690,3200,2510
9579,690,3200,2510
9580,689,3200,2511
9581,689,3200,2511
9582,688,3200,2512
9583,688,3200,2512
9584,687,3200,2513
9585,686,3200,2514
9586,686,3200,2514
9587,686,3200,2514
9588,686,3200,2514
9589,686,3200,2514
9590,686,3200,2514
9591,686,3200,2514
9592,686,3200,2514
9593,686,3200,2514
9594,686,3200,2514
9595,686,3200,2514
9596,686,3200,2514
9597,686,3200,2514
9598,686,3200,2514
9599,686,3200,2514
9600,685,3200,2515
9601,685,3200,2515
9602,685,3200,2515
9603,684,3200,2516
9604,684,3200,2516
9605,684,3200,2516
9606,684,3200,2516
9607,684,3200,2516
9608,684,3200,2516
9609,683,3200,2517
9610,683,3200,2517
9611,683,3200,2517
9612,683,3200,2517
9613,683,3200,2517
9614,682,3200,2518
9615,682,3200,2518
9616,682,3200,2518
9617,682,3200,2518
9618,682,3200,2518
9619,682,3200,2518
9620,682,3200,2518
9621,682,3200,2518
9622,682,3200,2518
9623,682,3200,2518
9624,682,3200,2518
9625,682,3200,2518
9626,682,3200,2518
9627,682,3200,2518
9628,682,3200,2518
9629,682,3200,2518
9630,682,3200,2518
9631,681,3200,2519
9632,681,3200,2519
9633,680,3200,2520
9634,680,3200,2520
9635,680,3200,2520
9636,679,3200,2521
9637,679,3200,2521
9638,679,3200,2521
9639,679,3200,2521
9640,678,3200,2522
9641,678,3200,2522
9642,678,3200,2522
9643,677,3200,2523
9644,677,3200,2523
9645,676,3200,2524
9646,676,3200,2524
9647,676,3200,2524
9648,676,3200,2524
9649,675,3200,2525
9650,675,3200,2525
9651,674,3200,2526
9652,674,3200,2526
9653,674,3200,2526
9654,674,3200,2526
9655,674,3200,2526
9656,674,3200,2526
9657,674,3200,2526
9658,674,3200,2526
9659,674,3200,2526
9660,673,3200,2527
9661,673,3200,2527
9662,673,3200,2527
9663,673,3200,2527
9664,673,3200,2527
9665,673,3200,2527
9666,673,3200,2527
9667,673,3200,2527
9668,673,3200,2527
9669,672,3200,2528
9670,672,3200,2528
9671,671,3200,2529
9672,671,3200,2529
9673,671,3200,2529
9674,671,3200,2529
9675,670,3200,2530
9676,670,3200,2530
9677,670,3200,2530
9678,669,3200,2531
9679,669,3200,2531
9680,668,3200,2532
9681,668,3200,2532
9682,668,3200,2532
9683,667,3200,2533
9684,667,3200,2533
9685,667,3200,2533
9686,666,3200,2534
9687,666,3200,2534
9688,666,3200,2534
9689,666,3200,2534
9690,666,3200,2534
9691,666,3200,2534
9692,666,3200,2534
9693,665,3200,2535
9694,665,3200,2535
9695,665,3200,2535
9696,665,3200,2535
9697,665,3200,2535
9698,664,3200,2536
9699,664,3200,2536
9700,664,3200,2536
9701,664,3200,2536
9702,664,3200,2536
9703,664,3200,2536
9704,664,3200,2536
9705,664,3200,2536
9706,663,3200,2537
9707,663,3200,2537
9708,662,3200,2538
9709,662,3200,2538
9710,662,3200,2538
9711,661,3200,2539
9712,661,3200,2539
9713,661,3200,2539
9714,661,3200,2539
9715,661,3200,2539
9716,660,3200,2540
9717,660,3200,2540
9718,660,3200,2540
9719,660,3200,2540
9720,659,3200,2541
9721,659,3200,2541
9722,659,3200,2541
9723,658,3200,2542
9724,658,3200,2542
9725,657,3200,2543
9726,657,3200,2543
9727,657,3200,2543
9728,657,3200,2543
9729,657,3200,2543
9730,657,3200,2543
9731,657,3200,2543
9732,656,3200,2544
9733,656,3200,2544
9734,656,3200,2544
9735,656,3200,2544
9736,655,3200,2545
9737,655,3200,2545
9738,655,3200,2545
9739,655,3200,2545
9740,654,3200,2546
9741,654,3200,2546
9742,654,3200,2546
9743,653,3200,2547
9744,653,3200,2547
9745,653,3200,2547
9746,653,3200,2547
9747,653,3200,2547
9748,653,3200,2547
9749,653,3200,2547
9750,652,3200,2548
9751,652,3200,2548
9752,652,3200,2548
9753,652,3200,2548
9754,651,3200,2549
9755,651,3200,2549
9756,651,3200,2549
9757,650,3200,2550
9758,650,3200,2550
9759,650,3200,2550
9760,650,3200,2550
9761,650,3200,2550
9762,650,3200,2550
9763,650,3200,2550
9764,649,3200,2551
9765,649,3200,2551
9766,649,3200,2551
9767,648,3200,2552
9768,648,3200,2552
9769,647,3200,2553
9770,647,3200,2553
9771,646,3200,2554
9772,646,3200,2554
9773,646,3200,2554
9774,646,3200,2554
9775,645,3200,2555
9776,645,3200,2555
9777,645,3200,2555
9778,645,3200,2555
9779,645,3200,2555
9780,644,3200,2556
9781,644,3200,2556
9782,644,3200,2556
9783,643,3200,2557
9784,643,3200,2557
9785,643,3200,2557
9786,642,3200,2558
9787,642,3200,2558
9788,641,3200,2559
9789,641,3200,2559
9790,640,3200,2560
9791,640,3200,2560
9792,639,3200,2561
9793,639,3200,2561
9794,639,3200,2561
9795,639,3200,2561
9796,639,3200,2561
9797,639,3200,2561
9798,639,3200,2561
9799,639,3200,2561
9800,638,3200,2562
9801,638,3200,2562
9802,638,3200,2562
9803,638,3200,2562
9804,638,3200,2562
9805,638,3200,2562
9806,638,3200,2562
9807,637,3200,2563
9808,637,3200,2563
9809,637,3200,2563
9810,636,3200,2564
9811,636,3200,2564
9812,635,3200,2565
9813,635,3200,2565
9814,635,3200,2565
9815,635,3200,2565
9816,635,3200,2565
9817,634,3200,2566
9818,634,3200,2566
9819,633,3200,2567
9820,633,3200,2567
9821,633,3200,2567
9822,633,3200,2567
9823,633,3200,2567
9824,633,3200,2567
9825,633,3200,2567
9826,633,3200,2567
9827,633,3200,2567
9828,633,3200,2567
9829,633,3200,2567
9830,633,3200,2567
9831,633,3200,2567
9832,633,3200,2567
9833,633,3200,2567
9834,633,3200,2567
9835,633,3200,2567
9836,633,3200,2567
9837,633,3200,2567
9838,633,3200,2567
9839,633,3200,2567
9840,633,3200,2567
9841,633,3200,2567
9842,632,3200,2568
9843,632,3200,2568
9844,631,3200,2569
9845,631,3200,2569
9846,631,3200,2569
9847,631,3200,2569
9848,631,3200,2569
9849,630,3200,2570
9850,630,3200,2570
9851,630,3200,2570
9852,629,3200,2571
9853,629,3200,2571
9854,628,3200,2572
9855,628,3200,2572
9856,628,3200,2572
9857,628,3200,2572
9858,628,3200,2572
9859,628,3200,2572
9860,628,3200,2572
9861,627,3200,2573
9862,627,3200,2573
9863,627,3200,2573
9864,626,3200,2574
9865,626,3200,2574
9866,626,3200,2574
9867,625,3200,2575
9868,625,3200,2575
9869,624,3200,2576
9870,624,3200,2576
9871,624,3200,2576
9872,623,3200,2577
9873,623,3200,2577
9874,623,3200,2577
9875,622,3200,2578
9876,622,3200,2578
9877,622,3200,2578
9878,622,3200,2578
9879,622,3200,2578
9880,622,3200,2578
9881,621,3200,2579
9882,621,3200,2579
9883,621,3200,2579
9884,621,3200,2579
9885,620,3200,2580
9886,620,3200,2580
9887,619,3200,2581
9888,619,3200,2581
9889,619,3200,2581
9890,619,3200,2581
9891,618,3200,2582
9892,618,3200,2582
9893,618,3200,2582
9894,617,3200,2583
9895,617,3200,2583
9896,616,3200,2584
9897,616,3200,2584
9898,615,3200,2585
9899,615,3200,2585
9900,615,3200,2585
9901,615,3200,2585
9902,615,3200,2585
9903,615,3200,2585
9904,614,3200,2586
9905,614,3200,2586
9906,614,3200,2586
9907,614,3200,2586
9908,614,3200,2586
9909,614,3200,2586
9910,613,3200,2587
9911,612,3200,2588
9912,612,3200,2588
9913,612,3200,2588
9914,612,3200,2588
9915,612,3200,2588
9916,612,3200,2588
9917,612,3200,2588
9918,611,3200,2589
9919,611,3200,2589
9920,611,3200,2589
9921,611,3200,2589
9922,611,3200,2589
9923,611,3200,2589
9924,611,3200,2589
9925,611,3200,2589
9926,611,3200,2589
9927,611,3200,2589
9928,610,3200,2590
9929,610,3200,2590
9930,610,3200,2590
9931,609,3200,2591
9932,609,3200,2591
9933,609,3200,2591
9934,609,3200,2591
9935,609,3200,2591
9936,609,3200,2591
9937,609,3200,2591
9938,608,3200,2592
9939,608,3200,2592
9940,608,3200,2592
9941,607,3200,2593
9942,606,3200,2594
9943,606,3200,2594
9944,606,3200,2594
9945,606,3200,2594
9946,606,3200,2594
9947,606,3200,2594
9948,605,3200,2595
9949,605,3200,2595
9950,605,3200,2595
9951,605,3200,2595
9952,605,3200,2595
9953,604,3200,2596
9954,604,3200,2596
9955,604,3200,2596
9956,604,3200,2596
9957,604,3200,2596
9958,604,3200,2596
9959,604,3200,2596
9960,604,3200,2596
9961,604,3200,2596
9962,604,3200,2596
9963,604,3200,2596
9964,603,3200,2597
9965,603,3200,2597
9966,602,3200,2598
9967,602,3200,2598
9968,602,3200,2598
9969,602,3200,2598
9970,601,3200,2599
9971,601,3200,2599
9972,600,3200,2600
9973,600,3200,2600
9974,600,3200,2600
9975,600,3200,2600
9976,599,3200,2601
9977,599,3200,2601
9978,598,3200,2602
9979,598,3200,2602
9980,598,3200,2602
9981,597,3200,2603
9982,597,3200,2603
9983,597,3200,2603
9984,596,3200,2604
9985,596,3200,2604
9986,596,3200,2604
9987,596,3200,2604
9988,596,3200,2604
9989,595,3200,2605
9990,595,3200,2605
9991,594,3200,2606
9992,594,3200,2606
9993,594,3200,2606
9994,593,3200,2607
9995,593,3200,2607
9996,593,3200,2607
9997,593,3200,2607
9998,593,3200,2607
9999,593,3200,2607
10000,593,3200,2607
10001,593,3200,2607
10002,593,3200,2607
10003,593,3200,2607
10004,593,3200,2607
10005,593,3200,2607
10006,593,3200,2607
10007,593,3200,2607
10008,592,3200,2608
10009,591,3200,2609
10010,591,3200,2609
10011,591,3200,2609
10012,590,3200,2610
10013,590,3200,2610
10014,590,3200,2610
10015,590,3200,2610
10016,589,3200,2611
10017,589,3200,2611
10018,588,3200,2612
10019,588,3200,2612
10020,588,3200,2612
10021,588,3200,2612
10022,587,3200,2613
10023,587,3200,2613
10024,587,3200,2613
10025,587,3200,2613
10026,587,3200,2613
10027,587,3200,2613
10028,587,3200,2613
10029,586,3200,2614
10030,585,3200,2615
10031,585,3200,2615
10032,585,3200,2615
10033,585,3200,2615
10034,585,3200,2615
10035,584,3200,2616
10036,584,3200,2616
10037,584,3200,2616
10038,584,3200,2616
10039,584,3200,2616
10040,584,3200,2616
10041,583,3200,2617
10042,583,3200,2617
10043,582,3200,2618
10044,582,3200,2618
10045,582,3200,2618
10046,582,3200,2618
10047,582,3200,2618
10048,582,3200,2618
10049,582,3200,2618
10050,582,3200,2618
10051,581,3200,2619
10052,581,3200,2619
10053,581,3200,2619
10054,581,3200,2619
10055,581,3200,2619
10056,580,3200,2620
10057,580,3200,2620
10058,580,3200,2620
10059,580,3200,2620
10060,579,3200,2621
10061,579,3200,2621
10062,579,3200,2621
10063,579,3200,2621
10064,579,3200,2621
10065,579,3200,2621
10066,579,3200,2621
10067,578,3200,2622
10068,578,3200,2622
10069,577,3200,2623
10070,577,3200,2623
10071,577,3200,2623
10072,577,3200,2623
10073,576,3200,2624
10074,576,3200,2624
10075,575,3200,2625
10076,575,3200,2625
10077,575,3200,2625
10078,575,3200,2625
10079,574,3200,2626
10080,574,3200,2626
10081,573,3200,2627
10082,573,3200,2627
10083,573,3200,2627
10084,573,3200,2627
10085,573,3200,2627
10086,573,3200,2627
10087,573,3200,2627
10088,572,3200,2628
10089,572,3200,2628
10090,572,3200,2628
10091,572,3200,2628
10092,572,3200,2628
10093,572,3200,2628
10094,572,3200,2628
10095,572,3200,2628
10096,572,3200,2628
10097,572,3200,2628
10098,572,3200,2628
10099,572,3200,2628
10100,571,3200,2629
10101,571,3200,2629
10102,570,3200,2630
10103,570,3200,2630
10104,570,3200,2630
10105,569,3200,2631
10106,569,3200,2631
10107,568,3200,2632
10108,568,3200,2632
10109,568,3200,2632
10110,568,3200,2632
10111,568,3200,2632
10112,568,3200,2632
10113,567,3200,2633
10114,567,3200,2633
10115,567,3200,2633
10116,567,3200,2633
10117,567,3200,2633
10118,567,3200,2633
10119,566,3200,2634
10120,566,3200,2634
10121,566,3200,2634
10122,565,3200,2635
10123,565,3200,2635
10124,565,3200,2635
10125,565,3200,2635
10126,565,3200,2635
10127,565,3200,2635
10128,565,3200,2635
10129,565,3200,2635
10130,565,3200,2635
10131,565,3200,2635
10132,565,3200,2635
10133,565,3200,2635
10134,565,3200,2635
10135,565,3200,2635
10136,565,3200,2635
10137,565,3200,2635
10138,565,3200,2635
10139,565,3200,2635
10140,564,3200,2636
10141,564,3200,2636
10142,564,3200,2636
10143,563,3200,2637
10144,563,3200,2637
10145,563,3200,2637
10146,563,3200,2637
10147,563,3200,2637
10148,563,3200,2637
10149,563,3200,2637
10150,563,3200,2637
10151,563,3200,2637
10152,563,3200,2637
10153,563,3200,2637
10154,563,3200,2637
10155,563,3200,2637
10156,562,3200,2638
10157,562,3200,2638
10158,561,3200,2639
10159,561,3200,2639
10160,560,3200,2640
10161,560,3200,2640
10162,560,3200,2640
10163,559,3200,2641
10164,559,3200,2641
10165,559,3200,2641
10166,558,3200,2642
10167,558,3200,2642
10168,558,3200,2642
10169,557,3200,2643
10170,557,3200,2643
10171,557,3200,2643
10172,557,3200,2643
10173,557,3200,2643
10174,557,3200,2643
10175,556,3200,2644
10176,556,3200,2644
10177,555,3200,2645
10178,555,3200,2645
10179,555,3200,2645
10180,555,3200,2645
10181,554,3200,2646
10182,554,3200,2646
10183,554,3200,2646
10184,553,3200,2647
10185,553,3200,2647
10186,553,3200,2647
10187,552,3200,2648
10188,552,3200,2648
10189,551,3200,2649
10190,551,3200,2649
10191,550,3200,2650
10192,550,3200,2650
10193,549,3200,2651
10194,549,3200,2651
10195,549,3200,2651
10196,549,3200,2651
10197,549,3200,2651
10198,549,3200,2651
10199,548,3200,2652
10200,548,3200,2652
10201,548,3200,2652
10202,548,3200,2652
10203,548,3200,2652
10204,548,3200,2652
10205,548,3200,2652
10206,547,3200,2653
10207,547,3200,2653
10208,547,3200,2653
10209,547,3200,2653
10210,546,3200,2654
10211,546,3200,2654
10212,545,3200,2655
10213,545,3200,2655
10214,545,3200,2655
10215,544,3200,2656
10216,544,3200,2656
10217,544,3200,2656
10218,544,3200,2656
10219,544,3200,2656
10220,544,3200,2656
10221,544,3200,2656
10222,543,3200,2657
10223,542,3200,2658
10224,542,3200,2658
10225,542,3200,2658
10226,542,3200,2658
10227,542,3200,2658
10228,542,3200,2658
10229,542,3200,2658
10230,542,3200,2658
10231,542,3200,2658
10232,542,3200,2658
10233,542,3200,2658
10234,542,3200,2658
10235,542,3200,2658
10236,541,3200,2659
10237,541,3200,2659
10238,541,3200,2659
10239,541,3200,2659
10240,541,3200,2659
10241,541,3200,2659
10242,540,3200,2660
10243,540,3200,2660
10244,540,3200,2660
10245,539,3200,2661
10246,539,3200,2661
10247,539,3200,2661
10248,538,3200,2662
10249,538,3200,2662
10250,538,3200,2662
10251,538,3200,2662
10252,537,3200,2663
10253,537,3200,2663
10254,537,3200,2663
10255,536,3200,2664
10256,536,3200,2664
10257,536,3200,2664
10258,535,3200,2665
10259,535,3200,2665
10260,534,3200,2666
10261,534,3200,2666
10262,533,3200,2667
10263,533,3200,2667
10264,532,3200,2668
10265,532,3200,2668
10266,531,3200,2669
10267,531,3200,2669
10268,531,3200,2669
10269,531,3200,2669
10270,531,3200,2669
10271,530,3200,2670
10272,530,3200,2670
10273,530,3200,2670
10274,530,3200,2670
10275,530,3200,2670
10276,530,3200,2670
10277,530,3200,2670
10278,530,3200,2670
10279,530,3200,2670
10280,530,3200,2670
10281,530,3200,2670
10282,530,3200,2670
10283,529,3200,2671
10284,528,3200,2672
10285,528,3200,2672
10286,528,3200,2672
10287,528,3200,2672
10288,528,3200,2672
10289,528,3200,2672
10290,528,3200,2672
10291,528,3200,2672
10292,527,3200,2673
10293,527,3200,2673
10294,527,3200,2673
10295,527,3200,2673
10296,526,3200,2674
10297,526,3200,2674
10298,526,3200,2674
10299,525,3200,2675
10300,525,3200,2675
10301,524,3200,2676
10302,524,3200,2676
10303,524,3200,2676
10304,524,3200,2676
10305,524,3200,2676
10306,524,3200,2676
10307,523,3200,2677
10308,523,3200,2677
10309,523,3200,2677
10310,523,3200,2677
10311,523,3200,2677
10312,523,3200,2677
10313,523,3200,2677
10314,522,3200,2678
10315,521,3200,2679
10316,521,3200,2679
10317,521,3200,2679
10318,521,3200,2679
10319,521,3200,2679
10320,521,3200,2679
10321,520,3200,2680
10322,520,3200,2680
10323,520,3200,2680
10324,520,3200,2680
10325,519,3200,2681
10326,519,3200,2681
10327,519,3200,2681
10328,519,3200,2681
10329,519,3200,2681
10330,518,3200,2682
10331,518,3200,2682
10332,518,3200,2682
10333,518,3200,2682
10334,517,3200,2683
10335,517,3200,2683
10336,517,3200,2683
10337,516,3200,2684
10338,516,3200,2684
10339,516,3200,2684
10340,515,3200,2685
10341,515,3200,2685
10342,515,3200,2685
10343,514,3200,2686
10344,514,3200,2686
10345,514,3200,2686
10346,514,3200,2686
10347,514,3200,2686
10348,514,3200,2686
10349,514,3200,2686
10350,514,3200,2686
10351,513,3200,2687
10352,513,3200,2687
10353,513,3200,2687
10354,512,3200,2688
10355,512,3200,2688
10356,512,3200,2688
10357,512,3200,2688
10358,512,3200,2688
10359,512,3200,2688
10360,511,3200,2689
10361,511,3200,2689
10362,511,3200,2689
10363,510,3200,2690
10364,510,3200,2690
10365,509,3200,2691
10366,509,3200,2691
10367,509,3200,2691
10368,508,3200,2692
10369,508,3200,2692
10370,508,3200,2692
10371,507,3200,2693
10372,507,3200,2693
10373,506,3200,2694
10374,506,3200,2694
10375,506,3200,2694
10376,506,3200,2694
10377,506,3200,2694
10378,506,3200,2694
10379,506,3200,2694
10380,506,3200,2694
10381,506,3200,2694
10382,506,3200,2694
10383,506,3200,2694
10384,506,3200,2694
10385,506,3200,2694
10386,505,3200,2695
10387,505,3200,2695
10388,504,3200,2696
10389,504,3200,2696
10390,503,3200,2697
10391,503,3200,2697
10392,503,3200,2697
10393,503,3200,2697
10394,503,3200,2697
10395,503,3200,2697
10396,503,3200,2697
10397,502,3200,2698
10398,502,3200,2698
10399,502,3200,2698
10400,501,3200,2699
10401,501,3200,2699
10402,501,3200,2699
10403,501,3200,2699
10404,501,3200,2699
10405,501,3200,2699
10406,501,3200,2699
10407,501,3200,2699
10408,501,3200,2699
10409,501,3200,2699
10410,501,3200,2699
10411,500,3200,2700
10412,500,3200,2700
10413,500,3200,2700
10414,500,3200,2700
10415,499,3200,2701
10416,499,3200,2701
10417,498,3200,2702
10418,498,3200,2702
10419,498,3200,2702
10420,498,3200,2702
10421,497,3200,2703
10422,497,3200,2703
10423,497,3200,2703
10424,497,3200,2703
10425,496,3200,2704
10426,496,3200,2704
10427,496,3200,2704
10428,495,3200,2705
10429,495,3200,2705
10430,494,3200,2706
10431,494,3200,2706
10432,494,3200,2706
10433,494,3200,2706
10434,494,3200,2706
10435,494,3200,2706
10436,493,3200,2707
10437,493,3200,2707
10438,493,3200,2707
10439,492,3200,2708
10440,492,3200,2708
10441,492,3200,2708
10442,491,3200,2709
10443,491,3200,2709
10444,491,3200,2709
10445,491,3200,2709
10446,491,3200,2709
10447,490,3200,2710
10448,490,3200,2710
10449,490,3200,2710
10450,489,3200,2711
10451,489,3200,2711
10452,488,3200,2712
10453,488,3200,2712
10454,488,3200,2712
10455,487,3200,2713
10456,487,3200,2713
10457,487,3200,2713
10458,487,3200,2713
10459,486,3200,2714
10460,486,3200,2714
10461,486,3200,2714
10462,486,3200,2714
10463,486,3200,2714
10464,486,3200,2714
10465,486,3200,2714
10466,485,3200,2715
10467,485,3200,2715
10468,484,3200,2716
10469,484,3200,2716
10470,483,3200,2717
10471,483,3200,2717
10472,483,3200,2717
10473,483,3200,2717
10474,483,3200,2717
10475,483,3200,2717
10476,483,3200,2717
10477,482,3200,2718
10478,481,3200,2719
10479,480,3200,2720
10480,480,3200,2720
10481,480,3200,2720
10482,480,3200,2720
10483,479,3200,2721
10484,478,3200,2722
10485,478,3200,2722
10486,478,3200,2722
10487,478,3200,2722
10488,478,3200,2722
10489,477,3200,2723
10490,476,3200,2724
10491,476,3200,2724
10492,476,3200,2724
10493,476,3200,2724
10494,475,3200,2725
10495,475,3200,2725
10496,475,3200,2725
10497,475,3200,2725
10498,475,3200,2725
10499,475,3200,2725
10500,475,3200,2725
10501,475,3200,2725
10502,475,3200,2725
10503,475,3200,2725
10504,475,3200,2725
10505,474,3200,2726
10506,474,3200,2726
10507,474,3200,2726
10508,474,3200,2726
10509,474,3200,2726
10510,474,3200,2726
10511,473,3200,2727
10512,472,3200,2728
10513,472,3200,2728
10514,472,3200,2728
10515,472,3200,2728
10516,472,3200,2728
10517,472,3200,2728
10518,472,3200,2728
10519,472,3200,2728
10520,471,3200,2729
10521,471,3200,2729
10522,471,3200,2729
10523,470,3200,2730
10524,470,3200,2730
10525,470,3200,2730
10526,470,3200,2730
10527,470,3200,2730
10528,470,3200,2730
10529,470,3200,2730
10530,470,3200,2730
10531,470,3200,2730
10532,470,3200,2730
10533,469,3200,2731
10534,469,3200,2731
10535,469,3200,2731
10536,469,3200,2731
10537,469,3200,2731
10538,469,3200,2731
10539,469,3200,2731
10540,469,3200,2731
10541,468,3200,2732
10542,468,3200,2732
10543,468,3200,2732
10544,467,3200,2733
10545,467,3200,2733
10546,467,3200,2733
10547,467,3200,2733
10548,466,3200,2734
10549,466,3200,2734
10550,466,3200,2734
10551,465,3200,2735
10552,465,3200,2735
10553,465,3200,2735
10554,465,3200,2735
10555,465,3200,2735
10556,465,3200,2735
10557,465,3200,2735
10558,465,3200,2735
10559,465,3200,2735
10560,465,3200,2735
10561,465,3200,2735
10562,464,3200,2736
10563,464,3200,2736
10564,463,3200,2737
10565,463,3200,2737
10566,462,3200,2738
10567,462,3200,2738
10568,462,3200,2738
10569,462,3200,2738
10570,462,3200,2738
10571,462,3200,2738
10572,462,3200,2738
10573,462,3200,2738
10574,461,3200,2739
10575,461,3200,2739
10576,461,3200,2739
10577,461,3200,2739
10578,460,3200,2740
10579,460,3200,2740
10580,460,3200,2740
10581,460,3200,2740
10582,459,3200,2741
10583,459,3200,2741
10584,459,3200,2741
10585,458,3200,2742
10586,458,3200,2742
10587,458,3200,2742
10588,457,3200,2743
10589,457,3200,2743
10590,457,3200,2743
10591,456,3200,2744
10592,456,3200,2744
10593,456,3200,2744
10594,455,3200,2745
10595,455,3200,2745
10596,455,3200,2745
10597,455,3200,2745
10598,454,3200,2746
10599,454,3200,2746
10600,454,3200,2746
10601,453,3200,2747
10602,453,3200,2747
10603,452,3200,2748
10604,452,3200,2748
10605,451,3200,2749
10606,450,3200,2750
10607,450,3200,2750
10608,450,3200,2750
10609,450,3200,2750
10610,450,3200,2750
10611,450,3200,2750
10612,449,3200,2751
10613,449,3200,2751
10614,449,3200,2751
10615,449,3200,2751
10616,449,3200,2751
10617,449,3200,2751
10618,449,3200,2751
10619,449,3200,2751
10620,448,3200,2752
10621,448,3200,2752
10622,448,3200,2752
10623,448,3200,2752
10624,448,3200,2752
10625,448,3200,2752
10626,448,3200,2752
10627,448,3200,2752
10628,448,3200,2752
10629,448,3200,2752
10630,448,3200,2752
10631,448,3200,2752
10632,448,3200,2752
10633,448,3200,2752
10634,448,3200,2752
10635,448,3200,2752
10636,448,3200,2752
10637,447,3200,2753
10638,447,3200,2753
10639,447,3200,2753
10640,446,3200,2754
10641,446,3200,2754
10642,446,3200,2754
10643,445,3200,2755
10644,445,3200,2755
10645,445,3200,2755
10646,444,3200,2756
10647,444,3200,2756
10648,444,3200,2756
10649,443,3200,2757
10650,443,3200,2757
10651,442,3200,2758
10652,442,3200,2758
10653,442,3200,2758
10654,441,3200,2759
10655,441,3200,2759
10656,441,3200,2759
10657,440,3200,2760
10658,439,3200,2761
10659,439,3200,2761
10660,438,3200,2762
10661,438,3200,2762
10662,438,3200,2762
10663,438,3200,2762
10664,438,3200,2762
10665,438,3200,2762
10666,438,3200,2762
10667,438,3200,2762
10668,437,3200,2763
10669,437,3200,2763
10670,437,3200,2763
10671,436,3200,2764
10672,436,3200,2764
10673,436,3200,2764
10674,436,3200,2764
10675,436,3200,2764
10676,436,3200,2764
10677,435,3200,2765
10678,435,3200,2765
10679,434,3200,2766
10680,434,3200,2766
10681,434,3200,2766
10682,433,3200,2767
10683,433,3200,2767
10684,433,3200,2767
10685,433,3200,2767
10686,433,3200,2767
10687,433,3200,2767
10688,433,3200,2767
10689,433,3200,2767
10690,432,3200,2768
10691,431,3200,2769
10692,431,3200,2769
10693,431,3200,2769
10694,431,3200,2769
10695,431,3200,2769
10696,431,3200,2769
10697,430,3200,2770
10698,430,3200,2770
10699,430,3200,2770
10700,429,3200,2771
10701,429,3200,2771
10702,429,3200,2771
10703,429,3200,2771
10704,429,3200,2771
10705,429,3200,2771
10706,429,3200,2771
10707,429,3200,2771
10708,429,3200,2771
10709,429,3200,2771
10710,429,3200,2771
10711,429,3200,2771
10712,429,3200,2771
10713,429,3200,2771
10714,429,3200,2771
10715,429,3200,2771
10716,429,3200,2771
10717,428,3200,2772
10718,428,3200,2772
10719,427,3200,2773
10720,427,3200,2773
10721,427,3200,2773
10722,427,3200,2773
10723,427,3200,2773
10724,427,3200,2773
10725,427,3200,2773
10726,427,3200,2773
10727,427,3200,2773
10728,427,3200,2773
10729,427,3200,2773
10730,427,3200,2773
10731,426,3200,2774
10732,426,3200,2774
10733,425,3200,2775
10734,425,3200,2775
10735,425,3200,2775
10736,425,3200,2775
10737,424,3200,2776
10738,424,3200,2776
10739,423,3200,2777
10740,423,3200,2777
10741,423,3200,2777
10742,422,3200,2778
10743,422,3200,2778
10744,421,3200,2779
10745,421,3200,2779
10746,421,3200,2779
10747,420,3200,2780
10748,420,3200,2780
10749,420,3200,2780
10750,420,3200,2780
10751,420,3200,2780
10752,419,3200,2781
10753,419,3200,2781
10754,418,3200,2782
10755,418,3200,2782
10756,418,3200,2782
10757,418,3200,2782
10758,417,3200,2783
10759,416,3200,2784
10760,416,3200,2784
10761,416,3200,2784
10762,415,3200,2785
10763,415,3200,2785
10764,415,3200,2785
10765,414,3200,2786
10766,414,3200,2786
10767,414,3200,2786
10768,414,3200,2786
10769,414,3200,2786
10770,414,3200,2786
10771,414,3200,2786
10772,414,3200,2786
10773,413,3200,2787
10774,413,3200,2787
10775,413,3200,2787
10776,413,3200,2787
10777,412,3200,2788
10778,412,3200,2788
10779,411,3200,2789
10780,411,3200,2789
10781,411,3200,2789
10782,410,3200,2790
10783,410,3200,2790
10784,410,3200,2790
10785,410,3200,2790
10786,410,3200,2790
10787,410,3200,2790
10788,410,3200,2790
10789,409,3200,2791
10790,409,3200,2791
10791,409,3200,2791
10792,409,3200,2791
10793,408,3200,2792
10794,408,3200,2792
10795,408,3200,2792
10796,407,3200,2793
10797,407,3200,2793
10798,406,3200,2794
10799,405,3200,2795
10800,405,3200,2795
10801,405,3200,2795
10802,404,3200,2796
10803,404,3200,2796
10804,403,3200,2797
10805,403,3200,2797
10806,403,3200,2797
10807,403,3200,2797
10808,403,3200,2797
10809,403,3200,2797
10810,403,3200,2797
10811,403,3200,2797
10812,403,3200,2797
10813,403,3200,2797
10814,403,3200,2797
10815,403,3200,2797
10816,403,3200,2797
10817,403,3200,2797
10818,403,3200,2797
10819,403,3200,2797
10820,403,3200,2797
10821,402,3200,2798
10822,401,3200,2799
10823,401,3200,2799
10824,401,3200,2799
10825,401,3200,2799
10826,401,3200,2799
10827,401,3200,2799
10828,401,3200,2799
10829,401,3200,2799
10830,401,3200,2799
10831,400,3200,2800
10832,400,3200,2800
10833,400,3200,2800
10834,400,3200,2800
10835,400,3200,2800
10836,400,3200,2800
10837,399,3200,2801
10838,399,3200,2801
10839,398,3200,2802
10840,397,3200,2803
10841,397,3200,2803
10842,397,3200,2803
10843,397,3200,2803
10844,396,3200,2804
10845,396,3200,2804
10846,396,3200,2804
10847,395,3200,2805
10848,395,3200,2805
10849,395,3200,2805
10850,395,3200,2805
10851,395,3200,2805
10852,395,3200,2805
10853,395,3200,2805
10854,394,3200,2806
10855,394,3200,2806
10856,393,3200,2807
10857,392,3200,2808
10858,392,3200,2808
10859,392,3200,2808
10860,392,3200,2808
10861,392,3200,2808
10862,392,3200,2808
10863,392,3200,2808
10864,391,3200,2809
10865,391,3200,2809
10866,390,3200,2810
10867,390,3200,2810
10868,389,3200,2811
10869,389,3200,2811
10870,388,3200,2812
10871,388,3200,2812
10872,388,3200,2812
10873,388,3200,2812
10874,388,3200,2812
10875,388,3200,2812
10876,388,3200,2812
10877,388,3200,2812
10878,387,3200,2813
10879,387,3200,2813
10880,387,3200,2813
10881,387,3200,2813
10882,386,3200,2814
10883,386,3200,2814
10884,386,3200,2814
10885,386,3200,2814
10886,386,3200,2814
10887,386,3200,2814
10888,385,3200,2815
10889,385,3200,2815
10890,385,3200,2815
10891,384,3200,2816
10892,384,3200,2816
10893,384,3200,2816
10894,383,3200,2817
10895,383,3200,2817
10896,383,3200,2817
10897,383,3200,2817
10898,382,3200,2818
10899,382,3200,2818
10900,382,3200,2818
10901,382,3200,2818
10902,382,3200,2818
10903,382,3200,2818
10904,382,3200,2818
10905,382,3200,2818
10906,382,3200,2818
10907,381,3200,2819
10908,381,3200,2819
10909,381,3200,2819
10910,381,3200,2819
10911,381,3200,2819
10912,381,3200,2819
10913,380,3200,2820
10914,379,3200,2821
10915,379,3200,2821
10916,379,3200,2821
10917,379,3200,2821
10918,378,3200,2822
10919,378,3200,2822
10920,377,3200,2823
10921,377,3200,2823
10922,376,3200,2824
10923,376,3200,2824
10924,376,3200,2824
10925,376,3200,2824
10926,376,3200,2824
10927,376,3200,2824
10928,376,3200,2824
10929,376,3200,2824
10930,376,3200,2824
10931,376,3200,2824
10932,376,3200,2824
10933,376,3200,2824
10934,376,3200,2824
10935,376,3200,2824
10936,376,3200,2824
10937,375,3200,2825
10938,375,3200,2825
10939,375,3200,2825
10940,375,3200,2825
10941,374,3200,2826
10942,374,3200,2826
10943,374,3200,2826
10944,373,3200,2827
10945,373,3200,2827
10946,373,3200,2827
10947,372,3200,2828
10948,372,3200,2828
10949,372,3200,2828
10950,372,3200,2828
10951,371,3200,2829
10952,371,3200,2829
10953,371,3200,2829
10954,370,3200,2830
10955,370,3200,2830
10956,369,3200,2831
10957,369,3200,2831
10958,368,3200,2832
10959,368,3200,2832
10960,368,3200,2832
10961,368,3200,2832
10962,368,3200,2832
10963,368,3200,2832
10964,368,3200,2832
10965,368,3200,2832
10966,368,3200,2832
10967,368,3200,2832
10968,368,3200,2832
10969,368,3200,2832
10970,368,3200,2832
10971,368,3200,2832
10972,368,3200,2832
10973,368,3200,2832
10974,368,3200,2832
10975,368,3200,2832
10976,367,3200,2833
10977,367,3200,2833
10978,366,3200,2834
10979,366,3200,2834
10980,366,3200,2834
10981,366,3200,2834
10982,365,3200,2835
10983,365,3200,2835
10984,365,3200,2835
10985,365,3200,2835
10986,364,3200,2836
10987,363,3200,2837
10988,363,3200,2837
10989,363,3200,2837
10990,363,3200,2837
10991,363,3200,2837
10992,363,3200,2837
10993,363,3200,2837
10994,363,3200,2837
10995,363,3200,2837
10996,363,3200,2837
10997,363,3200,2837
10998,363,3200,2837
10999,363,3200,2837
11000,363,3200,2837
11001,362,3200,2838
11002,362,3200,2838
11003,362,3200,2838
11004,361,3200,2839
11005,361,3200,2839
11006,360,3200,2840
11007,360,3200,2840
11008,360,3200,2840
11009,359,3200,2841
11010,358,3200,2842
11011,358,3200,2842
11012,358,3200,2842
11013,357,3200,2843
11014,357,3200,2843
11015,357,3200,2843
11016,357,3200,2843
11017,357,3200,2843
11018,357,3200,2843
11019,357,3200,2843
11020,357,3200,2843
11021,357,3200,2843
11022,357,3200,2843
11023,357,3200,2843
11024,357,3200,2843
11025,356,3200,2844
11026,356,3200,2844
11027,356,3200,2844
11028,356,3200,2844
11029,356,3200,2844
11030,356,3200,2844
11031,356,3200,2844
11032,356,3200,2844
11033,355,3200,2845
11034,355,3200,2845
11035,355,3200,2845
11036,354,3200,2846
11037,354,3200,2846
11038,354,3200,2846
11039,354,3200,2846
11040,353,3200,2847
11041,353,3200,2847
11042,353,3200,2847
11043,352,3200,2848
11044,352,3200,2848
11045,351,3200,2849
11046,351,3200,2849
11047,351,3200,2849
11048,351,3200,2849
11049,351,3200,2849
11050,351,3200,2849
11051,351,3200,2849
11052,351,3200,2849
11053,351,3200,2849
11054,351,3200,2849
11055,351,3200,2849
11056,350,3200,2850
11057,350,3200,2850
11058,350,3200,2850
11059,349,3200,2851
11060,349,3200,2851
11061,348,3200,2852
11062,348,3200,2852
11063,348,3200,2852
11064,348,3200,2852
11065,347,3200,2853
11066,347,3200,2853
11067,347,3200,2853
11068,347,3200,2853
11069,347,3200,2853
11070,347,3200,2853
11071,346,3200,2854
11072,345,3200,2855
11073,345,3200,2855
11074,345,3200,2855
11075,345,3200,2855
11076,345,3200,2855
11077,345,3200,2855
11078,345,3200,2855
11079,345,3200,2855
11080,345,3200,2855
11081,345,3200,2855
11082,345,3200,2855
11083,344,3200,2856
11084,344,3200,2856
11085,344,3200,2856
11086,343,3200,2857
11087,343,3200,2857
11088,342,3200,2858
11089,342,3200,2858
11090,342,3200,2858
11091,342,3200,2858
11092,341,3200,2859
11093,341,3200,2859
11094,341,3200,2859
11095,340,3200,2860
11096,340,3200,2860
11097,339,3200,2861
11098,339,3200,2861
11099,339,3200,2861
11100,338,3200,2862
11101,337,3200,2863
11102,337,3200,2863
11103,336,3200,2864
11104,336,3200,2864
11105,335,3200,2865
11106,335,3200,2865
11107,335,3200,2865
11108,334,3200,2866
11109,334,3200,2866
11110,334,3200,2866
11111,334,3200,2866
11112,333,3200,2867
11113,333,3200,2867
11114,332,3200,2868
11115,332,3200,2868
11116,332,3200,2868
11117,332,3200,2868
11118,332,3200,2868
11119,332,3200,2868
11120,332,3200,2868
11121,331,3200,2869
11122,331,3200,2869
11123,330,3200,2870
11124,330,3200,2870
11125,330,3200,2870
11126,330,3200,2870
11127,330,3200,2870
11128,329,3200,2871
11129,329,3200,2871
11130,329,3200,2871
11131,329,3200,2871
11132,328,3200,2872
11133,328,3200,2872
11134,328,3200,2872
11135,328,3200,2872
11136,328,3200,2872
11137,328,3200,2872
11138,328,3200,2872
11139,328,3200,2872
11140,328,3200,2872
11141,327,3200,2873
11142,327,3200,2873
11143,327,3200,2873
11144,326,3200,2874
11145,326,3200,2874
11146,326,3200,2874
11147,326,3200,2874
11148,326,3200,2874
11149,326,3200,2874
11150,326,3200,2874
11151,326,3200,2874
11152,326,3200,2874
11153,326,3200,2874
11154,326,3200,2874
11155,326,3200,2874
11156,326,3200,2874
11157,325,3200,2875
11158,325,3200,2875
11159,325,3200,2875
11160,325,3200,2875
11161,325,3200,2875
11162,325,3200,2875
11163,324,3200,2876
11164,324,3200,2876
11165,323,3200,2877
11166,323,3200,2877
11167,323,3200,2877
11168,322,3200,2878
11169,322,3200,2878
11170,322,3200,2878
11171,322,3200,2878
11172,322,3200,2878
11173,322,3200,2878
11174,322,3200,2878
11175,321,3200,2879
11176,321,3200,2879
11177,321,3200,2879
11178,321,3200,2879
11179,321,3200,2879
11180,321,3200,2879
11181,321,3200,2879
11182,321,3200,2879
11183,321,3200,2879
11184,320,3200,2880
11185,320,3200,2880
11186,320,3200,2880
11187,319,3200,2881
11188,319,3200,2881
11189,319,3200,2881
11190,318,3200,2882
11191,318,3200,2882
11192,318,3200,2882
11193,317,3200,2883
11194,317,3200,2883
11195,317,3200,2883
11196,316,3200,2884
11197,316,3200,2884
11198,315,3200,2885
11199,315,3200,2885
11200,315,3200,2885
11201,314,3200,2886
11202,314,3200,2886
11203,314,3200,2886
11204,314,3200,2886
11205,313,3200,2887
11206,313,3200,2887
11207,312,3200,2888
11208,312,3200,2888
11209,312,3200,2888
11210,312,3200,2888
11211,311,3200,2889
11212,311,3200,2889
11213,311,3200,2889
11214,311,3200,2889
11215,311,3200,2889
11216,310,3200,2890
11217,309,3200,2891
11218,308,3200,2892
11219,308,3200,2892
11220,308,3200,2892
11221,308,3200,2892
11222,307,3200,2893
11223,307,3200,2893
11224,307,3200,2893
11225,307,3200,2893
11226,307,3200,2893
11227,307,3200,2893
11228,306,3200,2894
11229,306,3200,2894
11230,306,3200,2894
11231,306,3200,2894
11232,306,3200,2894
11233,306,3200,2894
11234,306,3200,2894
11235,306,3200,2894
11236,305,3200,2895
11237,305,3200,2895
11238,304,3200,2896
11239,304,3200,2896
11240,304,3200,2896
11241,303,3200,2897
11242,303,3200,2897
11243,303,3200,2897
11244,302,3200,2898
11245,302,3200,2898
11246,302,3200,2898
11247,302,3200,2898
11248,302,3200,2898
11249,302,3200,2898
11250,301,3200,2899
11251,301,3200,2899
11252,301,3200,2899
11253,301,3200,2899
11254,301,3200,2899
11255,301,3200,2899
11256,301,3200,2899
11257,301,3200,2899
11258,301,3200,2899
11259,301,3200,2899
11260,301,3200,2899
11261,301,3200,2899
11262,301,3200,2899
11263,301,3200,2899
11264,301,3200,2899
11265,301,3200,2899
11266,301,3200,2899
11267,300,3200,2900
11268,300,3200,2900
11269,300,3200,2900
11270,300,3200,2900
11271,300,3200,2900
11272,300,3200,2900
11273,300,3200,2900
11274,300,3200,2900
11275,300,3200,2900
11276,299,3200,2901
11277,299,3200,2901
11278,298,3200,2902
11279,298,3200,2902
11280,298,3200,2902
11281,298,3200,2902
11282,298,3200,2902
11283,298,3200,2902
11284,297,3200,2903
11285,297,3200,2903
11286,297,3200,2903
11287,297,3200,2903
11288,296,3200,2904
11289,296,3200,2904
11290,296,3200,2904
11291,296,3200,2904
11292,295,3200,2905
11293,295,3200,2905
11294,294,3200,2906
11295,294,3200,2906
11296,294,3200,2906
11297,293,3200,2907
11298,292,3200,2908
11299,292,3200,2908
11300,292,3200,2908
11301,291,3200,2909
11302,291,3200,2909
11303,291,3200,2909
11304,291,3200,2909
11305,291,3200,2909
11306,291,3200,2909
11307,291,3200,2909
11308,291,3200,2909
11309,291,3200,2909
11310,291,3200,2909
11311,291,3200,2909
11312,291,3200,2909
11313,291,3200,2909
11314,290,3200,2910
11315,289,3200,2911
11316,289,3200,2911
11317,289,3200,2911
11318,289,3200,2911
11319,288,3200,2912
11320,288,3200,2912
11321,288,3200,2912
11322,288,3200,2912
11323,288,3200,2912
11324,287,3200,2913
11325,287,3200,2913
11326,287,3200,2913
11327,286,3200,2914
11328,286,3200,2914
11329,285,3200,2915
11330,285,3200,2915
11331,284,3200,2916
11332,284,3200,2916
11333,284,3200,2916
11334,284,3200,2916
11335,283,3200,2917
11336,283,3200,2917
11337,282,3200,2918
11338,282,3200,2918
11339,281,3200,2919
11340,281,3200,2919
11341,281,3200,2919
11342,281,3200,2919
11343,281,3200,2919
11344,281,3200,2919
11345,281,3200,2919
11346,281,3200,2919
11347,281,3200,2919
11348,281,3200,2919
11349,281,3200,2919
11350,280,3200,2920
11351,280,3200,2920
11352,280,3200,2920
11353,280,3200,2920
11354,279,3200,2921
11355,279,3200,2921
11356,279,3200,2921
11357,279,3200,2921
11358,278,3200,2922
11359,278,3200,2922
11360,278,3200,2922
11361,277,3200,2923
11362,277,3200,2923
11363,276,3200,2924
11364,276,3200,2924
11365,276,3200,2924
11366,276,3200,2924
11367,275,3200,2925
11368,275,3200,2925
11369,274,3200,2926
11370,274,3200,2926
11371,274,3200,2926
11372,274,3200,2926
11373,274,3200,2926
11374,273,3200,2927
11375,273,3200,2927
11376,273,3200,2927
11377,273,3200,2927
11378,273,3200,2927
11379,273,3200,2927
11380,272,3200,2928
11381,271,3200,2929
11382,271,3200,2929
11383,270,3200,2930
11384,270,3200,2930
11385,270,3200,2930
11386,270,3200,2930
11387,270,3200,2930
11388,270,3200,2930
11389,270,3200,2930
11390,270,3200,2930
11391,270,3200,2930
11392,270,3200,2930
11393,269,3200,2931
11394,268,3200,2932
11395,268,3200,2932
11396,268,3200,2932
11397,268,3200,2932
11398,268,3200,2932
11399,267,3200,2933
11400,267,3200,2933
11401,267,3200,2933
11402,266,3200,2934
11403,266,3200,2934
11404,266,3200,2934
11405,266,3200,2934
11406,266,3200,2934
11407,266,3200,2934
11408,266,3200,2934
11409,266,3200,2934
11410,266,3200,2934
11411,266,3200,2934
11412,266,3200,2934
11413,266,3200,2934
11414,266,3200,2934
11415,266,3200,2934
11416,266,3200,2934
11417,266,3200,2934
11418,265,3200,2935
11419,265,3200,2935
11420,264,3200,2936
11421,264,3200,2936
11422,264,3200,2936
11423,263,3200,2937
11424,263,3200,2937
11425,262,3200,2938
11426,262,3200,2938
11427,262,3200,2938
11428,262,3200,2938
11429,261,3200,2939
11430,261,3200,2939
11431,260,3200,2940
11432,260,3200,2940
11433,260,3200,2940
11434,259,3200,2941
11435,259,3200,2941
11436,259,3200,2941
11437,259,3200,2941
11438,258,3200,2942
11439,258,3200,2942
11440,257,3200,2943
11441,257,3200,2943
11442,257,3200,2943
11443,257,3200,2943
11444,256,3200,2944
11445,256,3200,2944
11446,256,3200,2944
11447,256,3200,2944
11448,256,3200,2944
11449,255,3200,2945
11450,255,3200,2945
11451,255,3200,2945
11452,255,3200,2945
11453,254,3200,2946
11454,254,3200,2946
11455,253,3200,2947
11456,253,3200,2947
11457,253,3200,2947
11458,253,3200,2947
11459,252,3200,2948
11460,252,3200,2948
11461,252,3200,2948
11462,251,3200,2949
11463,250,3200,2950
11464,250,3200,2950
11465,250,3200,2950
11466,250,3200,2950
11467,250,3200,2950
11468,249,3200,2951
11469,249,3200,2951
11470,249,3200,2951
11471,249,3200,2951
11472,249,3200,2951
11473,249,3200,2951
11474,248,3200,2952
11475,247,3200,2953
11476,247,3200,2953
11477,246,3200,2954
11478,246,3200,2954
11479,246,3200,2954
11480,246,3200,2954
11481,246,3200,2954
11482,246,3200,2954
11483,246,3200,2954
11484,246,3200,2954
11485,246,3200,2954
11486,246,3200,2954
11487,246,3200,2954
11488,246,3200,2954
11489,246,3200,2954
11490,246,3200,2954
11491,245,3200,2955
11492,245,3200,2955
11493,245,3200,2955
11494,245,3200,2955
11495,245,3200,2955
11496,243,3200,2957
11497,243,3200,2957
11498,243,3200,2957
11499,241,3200,2959
11500,241,3200,2959
11501,240,3200,2960
11502,240,3200,2960
11503,240,3200,2960
11504,239,3200,2961
11505,239,3200,2961
11506,239,3200,2961
11507,239,3200,2961
11508,238,3200,2962
11509,237,3200,2963
11510,237,3200,2963
11511,236,3200,2964
11512,235,3200,2965
11513,235,3200,2965
11514,235,3200,2965
11515,233,3200,2967
11516,233,3200,2967
11517,233,3200,2967
11518,233,3200,2967
11519,233,3200,2967
11520,232,3200,2968
11521,232,3200,2968
11522,232,3200,2968
11523,232,3200,2968
11524,232,3200,2968
11525,232,3200,2968
11526,232,3200,2968
11527,232,3200,2968
11528,231,3200,2969
11529,231,3200,2969
11530,230,3200,2970
11531,230,3200,2970
11532,229,3200,2971
11533,228,3200,2972
11534,228,3200,2972
11535,227,3200,2973
11536,227,3200,2973
11537,227,3200,2973
11538,225,3200,2975
11539,225,3200,2975
11540,224,3200,2976
11541,223,3200,2977
11542,222,3200,2978
11543,222,3200,2978
11544,221,3200,2979
11545,221,3200,2979
11546,221,3200,2979
11547,221,3200,2979
11548,221,3200,2979
11549,220,3200,2980
11550,220,3200,2980
11551,220,3200,2980
11552,220,3200,2980
11553,218,3200,2982
11554,218,3200,2982
11555,217,3200,2983
11556,217,3200,2983
11557,217,3200,2983
11558,216,3200,2984
11559,216,3200,2984
11560,216,3200,2984
11561,216,3200,2984
11562,216,3200,2984
11563,215,3200,2985
11564,215,3200,2985
11565,215,3200,2985
11566,215,3200,2985
11567,215,3200,2985
11568,215,3200,2985
11569,214,3200,2986
11570,214,3200,2986
11571,213,3200,2987
11572,213,3200,2987
11573,213,3200,2987
11574,212,3200,2988
11575,212,3200,2988
11576,211,3200,2989
11577,210,3200,2990
11578,210,3200,2990
11579,209,3200,2991
11580,208,3200,2992
11581,208,3200,2992
11582,208,3200,2992
11583,206,3200,2994
11584,206,3200,2994
11585,205,3200,2995
11586,204,3200,2996
11587,204,3200,2996
11588,203,3200,2997
11589,202,3200,2998
11590,201,3200,2999
11591,200,3200,3000
11592,200,3200,3000
11593,200,3200,3000
11594,200,3200,3000
11595,199,3200,3001
11596,197,3200,3003
11597,197,3200,3003
11598,196,3200,3004
11599,196,3200,3004
11600,195,3200,3005
11601,195,3200,3005
11602,195,3200,3005
11603,195,3200,3005
11604,195,3200,3005
11605,194,3200,3006
11606,194,3200,3006
11607,194,3200,3006
11608,192,3200,3008
11609,191,3200,3009
11610,190,3200,3010
11611,189,3200,3011
11612,189,3200,3011
11613,189,3200,3011
11614,189,3200,3011
11615,187,3200,3013
11616,186,3200,3014
11617,186,3200,3014
11618,185,3200,3015
11619,185,3200,3015
11620,185,3200,3015
11621,185,3200,3015
11622,184,3200,3016
11623,183,3200,3017
11624,183,3200,3017
11625,183,3200,3017
11626,182,3200,3018
11627,181,3200,3019
11628,181,3200,3019
11629,179,3200,3021
11630,179,3200,3021
11631,178,3200,3022
11632,178,3200,3022
11633,177,3200,3023
11634,177,3200,3023
11635,177,3200,3023
11636,177,3200,3023
11637,177,3200,3023
11638,177,3200,3023
11639,177,3200,3023
11640,176,3200,3024
11641,176,3200,3024
11642,176,3200,3024
11643,176,3200,3024
11644,175,3200,3025
11645,175,3200,3025
11646,175,3200,3025
11647,174,3200,3026
11648,174,3200,3026
11649,174,3200,3026
11650,174,3200,3026
11651,174,3200,3026
11652,174,3200,3026
11653,174,3200,3026
11654,173,3200,3027
11655,173,3200,3027
11656,173,3200,3027
11657,172,3200,3028
11658,172,3200,3028
11659,171,3200,3029
11660,170,3200,3030
11661,169,3200,3031
11662,169,3200,3031
11663,169,3200,3031
11664,168,3200,3032
11665,168,3200,3032
11666,167,3200,3033
11667,167,3200,3033
11668,166,3200,3034
11669,165,3200,3035
11670,165,3200,3035
11671,165,3200,3035
11672,165,3200,3035
11673,164,3200,3036
11674,163,3200,3037
11675,163,3200,3037
11676,163,3200,3037
11677,163,3200,3037
11678,161,3200,3039
11679,161,3200,3039
11680,161,3200,3039
11681,161,3200,3039
11682,161,3200,3039
11683,161,3200,3039
11684,160,3200,3040
11685,159,3200,3041
11686,159,3200,3041
11687,159,3200,3041
11688,157,3200,3043
11689,157,3200,3043
11690,156,3200,3044
11691,156,3200,3044
11692,155,3200,3045
11693,155,3200,3045
11694,155,3200,3045
11695,154,3200,3046
11696,152,3200,3048
11697,151,3200,3049
11698,150,3200,3050
11699,150,3200,3050
11700,149,3200,3051
11701,149,3200,3051
11702,148,3200,3052
11703,147,3200,3053
11704,147,3200,3053
11705,146,3200,3054
11706,146,3200,3054
11707,145,3200,3055
11708,145,3200,3055
11709,145,3200,3055
11710,142,3200,3058
11711,142,3200,3058
11712,142,3200,3058
11713,141,3200,3059
11714,141,3200,3059
11715,140,3200,3060
11716,140,3200,3060
11717,139,3200,3061
11718,137,3200,3063
11719,137,3200,3063
11720,137,3200,3063
11721,136,3200,3064
11722,136,3200,3064
11723,136,3200,3064
11724,135,3200,3065
11725,134,3200,3066
11726,133,3200,3067
11727,133,3200,3067
11728,133,3200,3067
11729,133,3200,3067
11730,133,3200,3067
11731,132,3200,3068
11732,132,3200,3068
11733,132,3200,3068
11734,132,3200,3068
11735,132,3200,3068
11736,129,3200,3071
11737,129,3200,3071
11738,128,3200,3072
11739,127,3200,3073
11740,126,3200,3074
11741,126,3200,3074
11742,126,3200,3074
11743,125,3200,3075
11744,125,3200,3075
11745,124,3200,3076
11746,124,3200,3076
11747,123,3200,3077
11748,123,3200,3077
11749,123,3200,3077
11750,123,3200,3077
11751,123,3200,3077
11752,123,3200,3077
11753,123,3200,3077
11754,123,3200,3077
11755,122,3200,3078
11756,122,3200,3078
11757,121,3200,3079
11758,121,3200,3079
11759,120,3200,3080
11760,120,3200,3080
11761,119,3200,3081
11762,119,3200,3081
11763,118,3200,3082
11764,118,3200,3082
11765,117,3200,3083
11766,116,3200,3084
11767,115,3200,3085
11768,115,3200,3085
11769,115,3200,3085
11770,114,3200,3086
11771,114,3200,3086
11772,114,3200,3086
11773,113,3200,3087
11774,111,3200,3089
11775,111,3200,3089
11776,110,3200,3090
11777,110,3200,3090
11778,109,3200,3091
11779,109,3200,3091
11780,108,3200,3092
11781,108,3200,3092
11782,108,3200,3092
11783,108,3200,3092
11784,107,3200,3093
11785,107,3200,3093
11786,106,3200,3094
11787,106,3200,3094
11788,106,3200,3094
11789,106,3200,3094
11790,106,3200,3094
11791,106,3200,3094
11792,106,3200,3094
11793,106,3200,3094
11794,106,3200,3094
11795,106,3200,3094
11796,106,3200,3094
11797,106,3200,3094
11798,106,3200,3094
11799,106,3200,3094
11800,106,3200,3094
11801,105,3200,3095
11802,105,3200,3095
11803,105,3200,3095
11804,105,3200,3095
11805,105,3200,3095
11806,104,3200,3096
11807,104,3200,3096
11808,103,3200,3097
11809,101,3200,3099
11810,101,3200,3099
11811,100,3200,3100
11812,100,3200,3100
11813,100,3200,3100
11814,99,3200,3101
11815,98,3200,3102
11816,98,3200,3102
11817,97,3200,3103
11818,97,3200,3103
11819,97,3200,3103
11820,96,3200,3104
11821,96,3200,3104
11822,95,3200,3105
11823,95,3200,3105
11824,95,3200,3105
11825,94,3200,3106
11826,94,3200,3106
11827,94,3200,3106
11828,94,3200,3106
11829,93,3200,3107
11830,92,3200,3108
11831,91,3200,3109
11832,91,3200,3109
11833,91,3200,3109
11834,91,3200,3109
11835,91,3200,3109
11836,91,3200,3109
11837,90,3200,3110
11838,90,3200,3110
11839,90,3200,3110
11840,89,3200,3111
11841,89,3200,3111
11842,89,3200,3111
11843,88,3200,3112
11844,88,3200,3112
11845,87,3200,3113
11846,87,3200,3113
11847,86,3200,3114
11848,85,3200,3115
11849,85,3200,3115
11850,85,3200,3115
11851,84,3200,3116
11852,84,3200,3116
11853,83,3200,3117
11854,83,3200,3117
11855,83,3200,3117
11856,83,3200,3117
11857,83,3200,3117
11858,82,3200,3118
11859,82,3200,3118
11860,82,3200,3118
11861,81,3200,3119
11862,81,3200,3119
11863,81,3200,3119
11864,81,3200,3119
11865,81,3200,3119
11866,81,3200,3119
11867,81,3200,3119
11868,81,3200,3119
11869,80,3200,3120
11870,80,3200,3120
11871,80,3200,3120
11872,80,3200,3120
11873,80,3200,3120
11874,80,3200,3120
11875,80,3200,3120
11876,80,3200,3120
11877,80,3200,3120
11878,80,3200,3120
11879,80,3200,3120
11880,80,3200,3120
11881,80,3200,3120
11882,80,3200,3120
11883,80,3200,3120
11884,80,3200,3120
11885,79,3200,3121
11886,79,3200,3121
11887,78,3200,3122
11888,78,3200,3122
11889,78,3200,3122
11890,78,3200,3122
11891,78,3200,3122
11892,78,3200,3122
11893,78,3200,3122
11894,78,3200,3122
11895,77,3200,3123
11896,76,3200,3124
11897,76,3200,3124
11898,76,3200,3124
11899,76,3200,3124
11900,76,3200,3124
11901,75,3200,3125
11902,75,3200,3125
11903,74,3200,3126
11904,74,3200,3126
11905,74,3200,3126
11906,74,3200,3126
11907,74,3200,3126
11908,74,3200,3126
11909,73,3200,3127
11910,73,3200,3127
11911,73,3200,3127
11912,73,3200,3127
11913,73,3200,3127
11914,72,3200,3128
11915,72,3200,3128
11916,72,3200,3128
11917,72,3200,3128
11918,71,3200,3129
11919,71,3200,3129
11920,71,3200,3129
11921,71,3200,3129
11922,71,3200,3129
11923,71,3200,3129
11924,71,3200,3129
11925,71,3200,3129
11926,71,3200,3129
11927,70,3200,3130
11928,69,3200,3131
11929,69,3200,3131
11930,69,3200,3131
11931,69,3200,3131
11932,69,3200,3131
11933,69,3200,3131
11934,69,3200,3131
11935,69,3200,3131
11936,69,3200,3131
11937,69,3200,3131
11938,69,3200,3131
11939,69,3200,3131
11940,69,3200,3131
11941,69,3200,3131
11942,69,3200,3131
11943,69,3200,3131
11944,69,3200,3131
11945,69,3200,3131
11946,68,3200,3132
11947,68,3200,3132
11948,68,3200,3132
11949,67,3200,3133
11950,67,3200,3133
11951,67,3200,3133
11952,67,3200,3133
11953,66,3200,3134
11954,66,3200,3134
11955,65,3200,3135
11956,65,3200,3135
11957,65,3200,3135
11958,64,3200,3136
11959,64,3200,3136
11960,64,3200,3136
11961,64,3200,3136
11962,64,3200,3136
11963,64,3200,3136
11964,64,3200,3136
11965,63,3200,3137
11966,62,3200,3138
11967,62,3200,3138
11968,62,3200,3138
11969,61,3200,3139
11970,61,3200,3139
11971,61,3200,3139
11972,61,3200,3139
11973,61,3200,3139
11974,61,3200,3139
11975,61,3200,3139
11976,60,3200,3140
11977,59,3200,3141
11978,59,3200,3141
11979,59,3200,3141
11980,59,3200,3141
11981,59,3200,3141
11982,58,3200,3142
11983,57,3200,3143
11984,57,3200,3143
11985,57,3200,3143
11986,57,3200,3143
11987,56,3200,3144
11988,56,3200,3144
11989,55,3200,3145
11990,55,3200,3145
11991,54,3200,3146
11992,54,3200,3146
11993,54,3200,3146
11994,54,3200,3146
11995,54,3200,3146
11996,54,3200,3146
11997,53,3200,3147
11998,53,3200,3147
11999,53,3200,3147
12000,53,3200,3147
12001,53,3200,3147
12002,53,3200,3147
12003,53,3200,3147
12004,53,3200,3147
12005,52,3200,3148
12006,52,3200,3148
12007,52,3200,3148
12008,51,3200,3149
12009,51,3200,3149
12010,51,3200,3149
12011,51,3200,3149
12012,51,3200,3149
12013,51,3200,3149
12014,51,3200,3149
12015,51,3200,3149
12016,51,3200,3149
12017,51,3200,3149
12018,51,3200,3149
12019,51,3200,3149
12020,51,3200,3149
12021,51,3200,3149
12022,51,3200,3149
12023,51,3200,3149
12024,51,3200,3149
12025,51,3200,3149
12026,51,3200,3149
12027,51,3200,3149
12028,51,3200,3149
12029,51,3200,3149
12030,51,3200,3149
12031,51,3200,3149
12032,51,3200,3149
12033,51,3200,3149
12034,51,3200,3149
12035,51,3200,3149
12036,51,3200,3149
12037,51,3200,3149
12038,51,3200,3149
12039,51,3200,3149
12040,51,3200,3149
12041,51,3200,3149
12042,51,3200,3149
12043,51,3200,3149
12044,51,3200,3149
12045,51,3200,3149
12046,51,3200,3149
12047,51,3200,3149
12048,51,3200,3149
12049,51,3200,3149
12050,51,3200,3149
12051,51,3200,3149
12052,51,3200,3149
12053,51,3200,3149
12054,51,3200,3149
12055,51,3200,3149
12056,51,3200,3149
12057,51,3200,3149
12058,51,3200,3149
12059,51,3200,3149
12060,51,3200,3149
12061,51,3200,3149
12062,51,3200,3149
12063,51,3200,3149
12064,51,3200,3149
12065,51,3200,3149
12066,51,3200,3149
12067,51,3200,3149
12068,51,3200,3149
12069,51,3200,3149
12070,51,3200,3149
12071,51,3200,3149
12072,51,3200,3149
12073,51,3200,3149
12074,51,3200,3149
12075,51,3200,3149
12076,51,3200,3149
12077,51,3200,3149
12078,51,3200,3149
12079,51,3200,3149
12080,51,3200,3149
12081,51,3200,3149
12082,51,3200,3149
12083,51,3200,3149
12084,51,3200,3149
12085,51,3200,3149
12086,51,3200,3149
12087,51,3200,3149
12088,51,3200,3149
12089,51,3200,3149
12090,51,3200,3149
12091,51,3200,3149
12092,51,3200,3149
12093,51,3200,3149
12094,51,3200,3149
12095,51,3200,3149
12096,51,3200,3149
12097,51,3200,3149
12098,51,3200,3149
12099,51,3200,3149
12100,51,3200,3149
12101,51,3200,3149
12102,51,3200,3149
12103,51,3200,3149
12104,51,3200,3149
12105,51,3200,3149
12106,51,3200,3149
12107,51,3200,3149
12108,51,3200,3149
12109,51,3200,3149
12110,51,3200,3149
12111,51,3200,3149
12112,51,3200,3149
12113,51,3200,3149
12114,51,3200,3149
12115,51,3200,3149
12116,51,3200,3149
12117,51,3200,3149
12118,51,3200,3149
12119,51,3200,3149
12120,51,3200,3149
12121,51,3200,3149
12122,51,3200,3149
12123,51,3200,3149
12124,51,3200,3149
12125,51,3200,3149
12126,51,3200,3149
12127,51,3200,3149
12128,51,3200,3149
12129,51,3200,3149
12130,51,3200,3149
12131,51,3200,3149
12132,51,3200,3149
12133,51,3200,3149
12134,51,3200,3149
12135,51,3200,3149
12136,51,3200,3149
12137,51,3200,3149
12138,51,3200,3149
12139,51,3200,3149
12140,51,3200,3149
12141,51,3200,3149
12142,51,3200,3149
12143,51,3200,3149
12144,51,3200,3149
12145,51,3200,3149
12146,51,3200,3149
12147,51,3200,3149
12148,51,3200,3149
12149,51,3200,3149
12150,51,3200,3149
12151,51,3200,3149
12152,51,3200,3149
12153,51,3200,3149
12154,51,3200,3149
12155,51,3200,3149
12156,51,3200,3149
12157,51,3200,3149
12158,51,3200,3149
12159,51,3200,3149
12160,51,3200,3149
12161,51,3200,3149
12162,51,3200,3149
12163,51,3200,3149
12164,51,3200,3149
12165,51,3200,3149
12166,51,3200,3149
12167,51,3200,3149
12168,51,3200,3149
12169,51,3200,3149
12170,51,3200,3149
12171,51,3200,3149
12172,51,3200,3149
12173,51,3200,3149
12174,51,3200,3149
12175,51,3200,3149
12176,51,3200,3149
12177,51,3200,3149
12178,51,3200,3149
12179,51,3200,3149
12180,51,3200,3149
12181,51,3200,3149
12182,51,3200,3149
12183,51,3200,3149
12184,51,3200,3149
12185,51,3200,3149
12186,51,3200,3149
12187,51,3200,3149
12188,51,3200,3149
12189,51,3200,3149
12190,51,3200,3149
12191,51,3200,3149
12192,51,3200,3149
12193,51,3200,3149
12194,51,3200,3149
12195,51,3200,3149
12196,51,3200,3149
12197,51,3200,3149
12198,51,3200,3149
12199,51,3200,3149
12200,51,3200,3149
12201,51,3200,3149
12202,51,3200,3149
12203,51,3200,3149
12204,51,3200,3149
12205,51,3200,3149
12206,51,3200,3149
12207,51,3200,3149
12208,51,3200,3149
12209,51,3200,3149
12210,51,3200,3149
12211,51,3200,3149
12212,51,3200,3149
12213,51,3200,3149
12214,51,3200,3149
12215,51,3200,3149
12216,51,3200,3149
12217,51,3200,3149
12218,51,3200,3149
12219,51,3200,3149
12220,51,3200,3149
12221,51,3200,3149
12222,51,3200,3149
12223,51,3200,3149
12224,51,3200,3149
12225,51,3200,3149
12226,51,3200,3149
12227,51,3200,3149
12228,51,3200,3149
12229,51,3200,3149
12230,51,3200,3149
12231,51,3200,3149
12232,51,3200,3149
12233,51,3200,3149
12234,51,3200,3149
12235,51,3200,3149
12236,51,3200,3149
12237,51,3200,3149
12238,51,3200,3149
12239,51,3200,3149
12240,51,3200,3149
12241,51,3200,3149
12242,51,3200,3149
12243,51,3200,3149
12244,51,3200,3149
12245,51,3200,3149
12246,51,3200,3149
12247,51,3200,3149
12248,51,3200,3149
12249,51,3200,3149
12250,51,3200,3149
12251,51,3200,3149
12252,51,3200,3149
12253,51,3200,3149
12254,51,3200,3149
12255,51,3200,3149
12256,51,3200,3149
12257,51,3200,3149
12258,51,3200,3149
12259,51,3200,3149
12260,51,3200,3149
12261,51,3200,3149
12262,51,3200,3149
12263,51,3200,3149
12264,51,3200,3149
12265,51,3200,3149
12266,51,3200,3149
12267,51,3200,3149
12268,51,3200,3149
12269,51,3200,3149
12270,51,3200,3149
12271,51,3200,3149
12272,51,3200,3149
12273,51,3200,3149
12274,51,3200,3149
12275,51,3200,3149
12276,51,3200,3149
12277,51,3200,3149
12278,51,3200,3149
12279,51,3200,3149
12280,51,3200,3149
12281,51,3200,3149
12282,51,3200,3149
12283,51,3200,3149
12284,51,3200,3149
12285,51,3200,3149
12286,51,3200,3149
12287,51,3200,3149
12288,51,3200,3149
12289,51,3200,3149
12290,51,3200,3149
12291,51,3200,3149
12292,51,3200,3149
12293,51,3200,3149
12294,51,3200,3149
12295,51,3200,3149
12296,51,3200,3149
12297,51,3200,3149
12298,51,3200,3149
12299,51,3200,3149
12300,51,3200,3149
12301,51,3200,3149
12302,51,3200,3149
12303,51,3200,3149
12304,51,3200,3149
12305,51,3200,3149
12306,51,3200,3149
12307,51,3200,3149
12308,51,3200,3149
12309,51,3200,3149
12310,51,3200,3149
12311,51,3200,3149
12312,51,3200,3149
12313,51,3200,3149
12314,51,3200,3149
12315,51,3200,3149
12316,51,3200,3149
12317,51,3200,3149
12318,51,3200,3149
12319,51,3200,3149
12320,51,3200,3149
12321,51,3200,3149
12322,51,3200,3149
12323,51,3200,3149
12324,51,3200,3149
12325,51,3200,3149
12326,51,3200,3149
12327,51,3200,3149
12328,51,3200,3149
12329,51,3200,3149
12330,51,3200,3149
12331,51,3200,3149
12332,51,3200,3149
12333,51,3200,3149
12334,51,3200,3149
12335,51,3200,3149
12336,51,3200,3149
12337,51,3200,3149
12338,51,3200,3149
12339,50,3200,3150
12340,50,3200,3150
12341,50,3200,3150
12342,50,3200,3150
12343,49,3200,3151
12344,49,3200,3151
12345,48,3200,3152
12346,48,3200,3152
12347,48,3200,3152
12348,48,3200,3152
12349,48,3200,3152
12350,47,3200,3153
12351,47,3200,3153
12352,46,3200,3154
12353,46,3200,3154
12354,46,3200,3154
12355,46,3200,3154
12356,46,3200,3154
12357,46,3200,3154
12358,45,3200,3155
12359,45,3200,3155
12360,45,3200,3155
12361,44,3200,3156
12362,44,3200,3156
12363,44,3200,3156
12364,43,3200,3157
12365,43,3200,3157
12366,42,3200,3158
12367,42,3200,3158
12368,42,3200,3158
12369,41,3200,3159
12370,41,3200,3159
12371,41,3200,3159
12372,41,3200,3159
12373,41,3200,3159
12374,41,3200,3159
12375,41,3200,3159
12376,41,3200,3159
12377,41,3200,3159
12378,41,3200,3159
12379,41,3200,3159
12380,40,3200,3160
12381,40,3200,3160
12382,40,3200,3160
12383,40,3200,3160
12384,40,3200,3160
12385,40,3200,3160
12386,39,3200,3161
12387,39,3200,3161
12388,39,3200,3161
12389,39,3200,3161
12390,39,3200,3161
12391,38,3200,3162
12392,38,3200,3162
12393,38,3200,3162
12394,37,3200,3163
12395,37,3200,3163
12396,37,3200,3163
12397,37,3200,3163
12398,36,3200,3164
12399,36,3200,3164
12400,36,3200,3164
12401,36,3200,3164
12402,36,3200,3164
12403,36,3200,3164
12404,35,3200,3165
12405,35,3200,3165
12406,35,3200,3165
12407,35,3200,3165
12408,35,3200,3165
12409,35,3200,3165
12410,35,3200,3165
12411,35,3200,3165
12412,34,3200,3166
12413,34,3200,3166
12414,33,3200,3167
12415,33,3200,3167
12416,32,3200,3168
12417,32,3200,3168
12418,31,3200,3169
12419,31,3200,3169
12420,31,3200,3169
12421,30,3200,3170
12422,30,3200,3170
12423,30,3200,3170
12424,30,3200,3170
12425,30,3200,3170
12426,30,3200,3170
12427,30,3200,3170
12428,30,3200,3170
12429,30,3200,3170
12430,30,3200,3170
12431,30,3200,3170
12432,30,3200,3170
12433,30,3200,3170
12434,30,3200,3170
12435,30,3200,3170
12436,30,3200,3170
12437,30,3200,3170
12438,30,3200,3170
12439,29,3200,3171
12440,29,3200,3171
12441,29,3200,3171
12442,29,3200,3171
12443,29,3200,3171
12444,29,3200,3171
12445,29,3200,3171
12446,28,3200,3172
12447,28,3200,3172
12448,27,3200,3173
12449,27,3200,3173
12450,27,3200,3173
12451,27,3200,3173
12452,26,3200,3174
12453,26,3200,3174
12454,26,3200,3174
12455,25,3200,3175
12456,25,3200,3175
12457,24,3200,3176
12458,24,3200,3176
12459,24,3200,3176
12460,23,3200,3177
12461,23,3200,3177
12462,23,3200,3177
12463,23,3200,3177
12464,23,3200,3177
12465,23,3200,3177
12466,23,3200,3177
12467,23,3200,3177
12468,23,3200,3177
12469,23,3200,3177
12470,23,3200,3177
12471,23,3200,3177
12472,23,3200,3177
12473,23,3200,3177
12474,23,3200,3177
12475,23,3200,3177
12476,23,3200,3177
12477,23,3200,3177
12478,23,3200,3177
12479,23,3200,3177
12480,23,3200,3177
12481,23,3200,3177
12482,23,3200,3177
12483,23,3200,3177
12484,23,3200,3177
12485,23,3200,3177
12486,23,3200,3177
12487,23,3200,3177
12488,23,3200,3177
12489,22,3200,3178
12490,22,3200,3178
12491,22,3200,3178
12492,22,3200,3178
12493,22,3200,3178
12494,21,3200,3179
12495,21,3200,3179
12496,20,3200,3180
12497,20,3200,3180
12498,20,3200,3180
12499,19,3200,3181
12500,19,3200,3181
12501,18,3200,3182
12502,18,3200,3182
12503,18,3200,3182
12504,18,3200,3182
12505,18,3200,3182
12506,18,3200,3182
12507,17,3200,3183
12508,17,3200,3183
12509,17,3200,3183
12510,17,3200,3183
12511,16,3200,3184
12512,16,3200,3184
12513,15,3200,3185
12514,14,3200,3186
12515,13,3200,3187
12516,13,3200,3187
12517,12,3200,3188
12518,12,3200,3188
12519,12,3200,3188
12520,12,3200,3188
12521,12,3200,3188
12522,12,3200,3188
12523,12,3200,3188
12524,12,3200,3188
12525,12,3200,3188
12526,12,3200,3188
12527,12,3200,3188
12528,12,3200,3188
12529,12,3200,3188
12530,12,3200,3188
12531,12,3200,3188
12532,12,3200,3188
12533,12,3200,3188
12534,12,3200,3188
12535,12,3200,3188
12536,11,3200,3189
12537,11,3200,3189
12538,10,3200,3190
12539,10,3200,3190
12540,10,3200,3190
12541,9,3200,3191
12542,9,3200,3191
12543,8,3200,3192
12544,7,3200,3193
12545,6,3200,3194
12546,6,3200,3194
12547,6,3200,3194
12548,5,3200,3195
12549,5,3200,3195
12550,5,3200,3195
12551,3,3200,3197
12552,3,3200,3197
12553,3,3200,3197
12554,2,3200,3198
12555,2,3200,3198
12556,2,3200,3198
12557,1,3200,3199
12558,1,3200,3199
12559,1,3200,3199
12560,1,3200,3199
12561,0,3200,3200
12562,0,3200,3200
12563,0,3200,3200
12564,0,3200,3200
12565,0,3200,3200
12566,0,3200,3200
12567,0,3200,3200
12568,0,3200,3200
12569,0,3200,3200
12570,0,3200,3200
12571,0,3200,3200
12572,0,3200,3200
12573,0,3200,3200
12574,0,3200,3200
12575,0,3200,3200
12576,0,3200,3200
12577,0,3200,3200
12578,0,3200,3200
12579,0,3200,3200
12580,0,3200,3200
12581,0,3200,3200
12582,0,3200,3200
12583,0,3200,3200
12584,0,3200,3200
12585,0,3200,3200
12586,0,3200,3200
12587,0,3200,3200
12588,0,3200,3200
12589,0,3200,3200
12590,0,3200,3200
12591,0,3200,3200
12592,0,3200,3200
12593,0,3200,3200
12594,0,3200,3200
12595,0,3200,3200
12596,0,3200,3200
12597,0,3200,3200
12598,0,3200,3200
12599,0,3200,3200
12600,0,3200,3200
12601,0,3200,3200
12602,0,3200,3200
12603,0,3200,3200
12604,0,3200,3200
12605,0,3200,3200
12606,0,3200,3200
12607,0,3200,3200
12608,0,3200,3200
12609,0,3200,3200
12610,0,3200,3200
12611,0,3200,3200
12612,0,3200,3200
12613,0,3200,3200
12614,0,3200,3200
12615,0,3200,3200
12616,0,3200,3200
12617,0,3200,3200
12618,0,3200,3200
12619,0,3200,3200
12620,0,3200,3200
12621,0,3200,3200
12622,0,3200,3200
12623,0,3200,3200
12624,0,3200,3200
12625,0,3200,3200
12626,0,3200,3200
12627,0,3200,3200
12628,0,3200,3200
12629,0,3200,3200
12630,0,3200,3200
12631,0,3200,3200
12632,0,3200,3200
12633,0,3200,3200
12634,0,3200,3200
12635,0,3200,3200
12636,0,3200,3200
12637,0,3200,3200
12638,0,3200,3200
12639,0,3200,3200
12640,0,3200,3200
12641,0,3200,3200
12642,0,3200,3200
12643,0,3200,3200
12644,0,3200,3200
12645,0,3200,3200
12646,0,3200,3200
12647,0,3200,3200
12648,0,3200,3200
12649,0,3200,3200
12650,0,3200,3200
12651,0,3200,3200
12652,0,3200,3200
12653,0,3200,3200
12654,0,3200,3200
12655,0,3200,3200
12656,0,3200,3200
12657,0,3200,3200
12658,0,3200,3200
12659,0,3200,3200
12660,0,3200,3200
12661,0,3200,3200
12662,0,3200,3200
12663,0,3200,3200
12664,0,3200,3200
12665,0,3200,3200
12666,0,3200,3200
12667,0,3200,3200
12668,0,3200,3200
12669,0,3200,3200
12670,0,3200,3200
12671,0,3200,3200
12672,0,3200,3200
12673,0,3200,3200
12674,0,3200,3200
12675,0,3200,3200
12676,0,3200,3200
12677,0,3200,3200
12678,0,3200,3200
12679,0,3200,3200
12680,0,3200,3200
12681,0,3200,3200
12682,0,3200,3200
12683,0,3200,3200
12684,0,3200,3200
12685,0,3200,3200
12686,0,3200,3200
12687,0,3200,3200
12688,0,3200,3200
12689,0,3200,3200
12690,0,3200,3200
12691,0,3200,3200
12692,0,3200,3200
12693,0,3200,3200
12694,0,3200,3200
12695,0,3200,3200
12696,0,3200,3200
12697,0,3200,3200
12698,0,3200,3200
12699,0,3200,3200
12700,0,3200,3200
12701,0,3200,3200
12702,0,3200,3200
12703,0,3200,3200
12704,0,3200,3200
12705,0,3200,3200
12706,0,3200,3200
12707,0,3200,3200
12708,0,3200,3200
12709,0,3200,3200
12710,0,3200,3200
12711,0,3200,3200
12712,0,3200,3200
12713,0,3200,3200
12714,0,3200,3200
12715,0,3200,3200
12716,0,3200,3200
12717,0,3200,3200
12718,0,3200,3200
12719,0,3200,3200
12720,0,3200,3200
12721,0,3200,3200
12722,0,3200,3200
12723,0,3200,3200
12724,0,3200,3200
12725,0,3200,3200
12726,0,3200,3200
12727,0,3200,3200
12728,0,3200,3200
12729,0,3200,3200
12730,0,3200,3200
12731,0,3200,3200
12732,0,3200,3200
12733,0,3200,3200
12734,0,3200,3200
12735,0,3200,3200
12736,0,3200,3200
12737,0,3200,3200
12738,0,3200,3200
12739,0,3200,3200
12740,0,3200,3200
12741,0,3200,3200
12742,0,3200,3200
12743,0,3200,3200
12744,0,3200,3200
12745,0,3200,3200
12746,0,3200,3200
12747,0,3200,3200
12748,0,3200,3200
12749,0,3200,3200
12750,0,3200,3200
12751,0,3200,3200
12752,0,3200,3200
12753,0,3200,3200
12754,0,3200,3200
12755,0,3200,3200
12756,0,3200,3200
12757,0,3200,3200
12758,0,3200,3200
12759,0,3200,3200
12760,0,3200,3200
12761,0,3200,3200
12762,0,3200,3200
12763,0,3200,3200
12764,0,3200,3200
12765,0,3200,3200
12766,0,3200,3200
12767,0,3200,3200
12768,0,3200,3200
12769,0,3200,3200
12770,0,3200,3200
12771,0,3200,3200
12772,0,3200,3200
12773,0,3200,3200
12774,0,3200,3200
12775,0,3200,3200
12776,0,3200,3200
12777,0,3200,3200
12778,0,3200,3200
12779,0,3200,3200
12780,0,3200,3200
12781,0,3200,3200
12782,0,3200,3200
12783,0,3200,3200
12784,0,3200,3200
12785,0,3200,3200
12786,0,3200,3200
12787,0,3200,3200
12788,0,3200,3200
12789,0,3200,3200
12790,0,3200,3200
12791,0,3200,3200
12792,0,3200,3200
12793,0,3200,3200
12794,0,3200,3200
12795,0,3200,3200
12796,0,3200,3200
12797,0,3200,3200
12798,0,3200,3200
12799,0,3200,3200
12800,0,3200,3200
12801,0,3200,3200
12802,0,3200,3200
12803,0,3200,3200
12804,0,3200,3200
12805,0,3200,3200
12806,0,3200,3200
12807,0,3200,3200
12808,0,3200,3200
12809,0,3200,3200
12810,0,3200,3200
12811,0,3200,3200
12812,0,3200,3200
12813,0,3200,3200
12814,0,3200,3200
12815,0,3200,3200
12816,0,3200,3200
12817,0,3200,3200
12818,0,3200,3200
12819,0,3200,3200
12820,0,3200,3200
12821,0,3200,3200
12822,0,3200,3200
12823,0,3200,3200
12824,0,3200,3200
12825,0,3200,3200
12826,0,3200,3200
12827,0,3200,3200
12828,0,3200,3200
12829,0,3200,3200
12830,0,3200,3200
12831,0,3200,3200
12832,0,3200,3200
12833,0,3200,3200
12834,0,3200,3200
12835,0,3200,3200
12836,0,3200,3200
12837,0,3200,3200
12838,0,3200,3200
12839,0,3200,3200
12840,0,3200,3200
12841,0,3200,3200
12842,0,3200,3200
12843,0,3200,3200
12844,0,3200,3200
12845,0,3200,3200
12846,0,3200,3200
12847,0,3200,3200
12848,0,3200,3200
12849,0,3200,3200
12850,0,3200,3200
12851,0,3200,3200
12852,0,3200,3200
12853,0,3200,3200
12854,0,3200,3200
12855,0,3200,3200
12856,0,3200,3200
12857,0,3200,3200
12858,0,3200,3200
12859,0,3200,3200
12860,0,3200,3200
12861,0,3200,3200
12862,0,3200,3200
12863,0,3200,3200
12864,0,3200,3200
12865,0,3200,3200
12866,0,3200,3200
12867,0,3200,3200
12868,0,3200,3200
12869,0,3200,3200
12870,0,3200,3200
12871,0,3200,3200
12872,0,3200,3200
12873,0,3200,3200
12874,0,3200,3200
12875,0,3200,3200
12876,0,3200,3200
12877,0,3200,3200
12878,0,3200,3200
12879,0,3200,3200
12880,0,3200,3200
12881,0,3200,3200
12882,0,3200,3200
12883,0,3200,3200
12884,0,3200,3200
12885,0,3200,3200
12886,0,3200,3200
12887,0,3200,3200
12888,0,3200,3200
12889,0,3200,3200
12890,0,3200,3200
12891,0,3200,3200
12892,0,3200,3200
12893,0,3200,3200
12894,0,3200,3200
12895,0,3200,3200
12896,0,3200,3200
12897,0,3200,3200
12898,0,3200,3200
12899,0,3200,3200
12900,0,3200,3200
12901,0,3200,3200
12902,0,3200,3200
12903,0,3200,3200
12904,0,3200,3200
12905,0,3200,3200
12906,0,3200,3200
12907,0,3200,3200
12908,0,3200,3200
12909,0,3200,3200
12910,0,3200,3200
12911,0,3200,3200
12912,0,3200,3200
12913,0,3200,3200
12914,0,3200,3200
12915,0,3200,3200
12916,0,3200,3200
12917,0,3200,3200
12918,0,3200,3200
12919,0,3200,3200
12920,0,3200,3200
12921,0,3200,3200
12922,0,3200,3200
12923,0,3200,3200
12924,0,3200,3200
12925,0,3200,3200
12926,0,3200,3200
12927,0,3200,3200
12928,0,3200,3200
12929,0,3200,3200
12930,0,3200,3200
12931,0,3200,3200
12932,0,3200,3200
12933,0,3200,3200
12934,0,3200,3200
12935,0,3200,3200
12936,0,3200,3200
12937,0,3200,3200
12938,0,3200,3200
12939,0,3200,3200
12940,0,3200,3200
12941,0,3200,3200
12942,0,3200,3200
12943,0,3200,3200
12944,0,3200,3200
12945,0,3200,3200
12946,0,3200,3200
12947,0,3200,3200
12948,0,3200,3200
12949,0,3200,3200
12950,0,3200,3200
12951,0,3200,3200
12952,0,3200,3200
12953,0,3200,3200
12954,0,3200,3200
12955,0,3200,3200
12956,0,3200,3200
12957,0,3200,3200
12958,0,3200,3200
12959,0,3200,3200
12960,0,3200,3200
12961,0,3200,3200
12962,0,3200,3200
12963,0,3200,3200
12964,0,3200,3200
12965,0,3200,3200
12966,0,3200,3200
12967,0,3200,3200
12968,0,3200,3200
12969,0,3200,3200
12970,0,3200,3200
12971,0,3200,3200
12972,0,3200,3200
12973,0,3200,3200
12974,0,3200,3200
12975,0,3200,3200
12976,0,3200,3200
12977,0,3200,3200
12978,0,3200,3200
12979,0,3200,3200
12980,0,3200,3200
12981,0,3200,3200
12982,0,3200,3200
12983,0,3200,3200
12984,0,3200,3200
12985,0,3200,3200
12986,0,3200,3200
12987,0,3200,3200
12988,0,3200,3200
12989,0,3200,3200
12990,0,3200,3200
12991,0,3200,3200
12992,0,3200,3200
12993,0,3200,3200
12994,0,3200,3200
12995,0,3200,3200
12996,0,3200,3200
12997,0,3200,3200
12998,0,3200,3200
12999,0,3200,3200
13000,0,3200,3200
13001,0,3200,3200
13002,0,3200,3200
13003,0,3200,3200
13004,0,3200,3200
13005,0,3200,3200
13006,0,3200,3200
13007,0,3200,3200
13008,0,3200,3200
13009,0,3200,3200
13010,0,3200,3200
13011,0,3200,3200
13012,0,3200,3200
13013,0,3200,3200
13014,0,3200,3200
13015,0,3200,3200
13016,0,3200,3200
13017,0,3200,3200
13018,0,3200,3200
13019,0,3200,3200
13020,0,3200,3200
13021,0,3200,3200
13022,0,3200,3200
13023,0,3200,3200
13024,0,3200,3200
13025,0,3200,3200
13026,0,3200,3200
13027,0,3200,3200
13028,0,3200,3200
13029,0,3200,3200
13030,0,3200,3200
13031,0,3200,3200
13032,0,3200,3200
13033,0,3200,3200
13034,0,3200,3200
13035,0,3200,3200
13036,0,3200,3200
13037,0,3200,3200
13038,0,3200,3200
13039,0,3200,3200
13040,0,3200,3200
13041,0,3200,3200
13042,0,3200,3200
13043,0,3200,3200
13044,0,3200,3200
13045,0,3200,3200
13046,0,3200,3200
13047,0,3200,3200
13048,0,3200,3200
13049,0,3200,3200
13050,0,3200,3200
13051,0,3200,3200
13052,0,3200,3200
13053,0,3200,3200
13054,0,3200,3200
13055,0,3200,3200
13056,0,3200,3200
13057,0,3200,3200
13058,0,3200,3200
13059,0,3200,3200
13060,0,3200,3200
13061,0,3200,3200
13062,0,3200,3200
13063,0,3200,3200
13064,0,3200,3200
13065,0,3200,3200
13066,0,3200,3200
13067,0,3200,3200
13068,0,3200,3200
13069,0,3200,3200
13070,0,3200,3200
13071,0,3200,3200
13072,0,3200,3200
13073,0,3200,3200
13074,0,3200,3200
13075,0,3200,3200
13076,0,3200,3200
13077,0,3200,3200
13078,0,3200,3200
13079,0,3200,3200
13080,0,3200,3200
13081,0,3200,3200
13082,0,3200,3200
13083,0,3200,3200
13084,0,3200,3200
13085,0,3200,3200
13086,0,3200,3200
13087,0,3200,3200
13088,0,3200,3200
13089,0,3200,3200
13090,0,3200,3200
13091,0,3200,3200
13092,0,3200,3200
13093,0,3200,3200
13094,0,3200,3200
13095,0,3200,3200
13096,0,3200,3200
13097,0,3200,3200
13098,0,3200,3200
13099,0,3200,3200
13100,0,3200,3200
13101,0,3200,3200
13102,0,3200,3200
13103,0,3200,3200
13104,0,3200,3200
13105,0,3200,3200
13106,0,3200,3200
13107,0,3200,3200
13108,0,3200,3200
13109,0,3200,3200
13110,0,3200,3200
13111,0,3200,3200
13112,0,3200,3200
13113,0,3200,3200
13114,0,3200,3200
13115,0,3200,3200
13116,0,3200,3200
13117,0,3200,3200
13118,0,3200,3200
13119,0,3200,3200
13120,0,3200,3200
13121,0,3200,3200
13122,0,3200,3200
13123,0,3200,3200
13124,0,3200,3200
13125,0,3200,3200
13126,0,3200,3200
13127,0,3200,3200
13128,0,3200,3200
13129,0,3200,3200
13130,0,3200,3200
13131,0,3200,3200
13132,0,3200,3200
13133,0,3200,3200
13134,0,3200,3200
13135,0,3200,3200
13136,0,3200,3200
13137,0,3200,3200
13138,0,3200,3200
13139,0,3200,3200
13140,0,3200,3200
13141,0,3200,3200
13142,0,3200,3200
13143,0,3200,3200
13144,0,3200,3200
13145,0,3200,3200
13146,0,3200,3200
13147,0,3200,3200
13148,0,3200,3200
13149,0,3200,3200
13150,0,3200,3200
13151,0,3200,3200
13152,0,3200,3200
13153,0,3200,3200
13154,0,3200,3200
13155,0,3200,3200
13156,0,3200,3200
13157,0,3200,3200
13158,0,3200,3200
13159,0,3200,3200
13160,0,3200,3200
13161,0,3200,3200
13162,0,3200,3200
13163,0,3200,3200
13164,0,3200,3200
13165,0,3200,3200
13166,0,3200,3200
13167,0,3200,3200
13168,0,3200,3200
13169,0,3200,3200
13170,0,3200,3200
13171,0,3200,3200
13172,0,3200,3200
13173,0,3200,3200
13174,0,3200,3200
13175,0,3200,3200
13176,0,3200,3200
13177,0,3200,3200
13178,0,3200,3200
13179,0,3200,3200
13180,0,3200,3200
13181,0,3200,3200
13182,0,3200,3200
13183,0,3200,3200
13184,0,3200,3200
13185,0,3200,3200
13186,0,3200,3200
13187,0,3200,3200
13188,0,3200,3200
13189,0,3200,3200
13190,0,3200,3200
13191,0,3200,3200
13192,0,3200,3200
13193,0,3200,3200
13194,0,3200,3200
13195,0,3200,3200
13196,0,3200,3200
13197,0,3200,3200
13198,0,3200,3200
13199,0,3200,3200
13200,0,3200,3200
13201,0,3200,3200
13202,0,3200,3200
13203,0,3200,3200
13204,0,3200,3200
13205,0,3200,3200
13206,0,3200,3200
13207,0,3200,3200
13208,0,3200,3200
13209,0,3200,3200
13210,0,3200,3200
13211,0,3200,3200
13212,0,3200,3200
13213,0,3200,3200
13214,0,3200,3200
13215,0,3200,3200
13216,0,3200,3200
13217,0,3200,3200
13218,0,3200,3200
13219,0,3200,3200
13220,0,3200,3200
13221,0,3200,3200
13222,0,3200,3200
13223,0,3200,3200
13224,0,3200,3200
13225,0,3200,3200
13226,0,3200,3200
13227,0,3200,3200
13228,0,3200,3200
13229,0,3200,3200
13230,0,3200,3200
13231,0,3200,3200
13232,0,3200,3200
13233,0,3200,3200
13234,0,3200,3200
13235,0,3200,3200
13236,0,3200,3200
13237,0,3200,3200
13238,0,3200,3200
13239,0,3200,3200
13240,0,3200,3200
13241,0,3200,3200
13242,0,3200,3200
13243,0,3200,3200
13244,0,3200,3200
13245,0,3200,3200
13246,0,3200,3200
13247,0,3200,3200
13248,0,3200,3200
13249,0,3200,3200
13250,0,3200,3200
13251,0,3200,3200
13252,0,3200,3200
13253,0,3200,3200
13254,0,3200,3200
13255,0,3200,3200
13256,0,3200,3200
13257,0,3200,3200
13258,0,3200,3200
13259,0,3200,3200
13260,0,3200,3200
13261,0,3200,3200
13262,0,3200,3200
13263,0,3200,3200
13264,0,3200,3200
13265,0,3200,3200
13266,0,3200,3200
13267,0,3200,3200
13268,0,3200,3200
13269,0,3200,3200
13270,0,3200,3200
13271,0,3200,3200
13272,0,3200,3200
13273,0,3200,3200
13274,0,3200,3200
13275,0,3200,3200
13276,0,3200,3200
13277,0,3200,3200
13278,0,3200,3200
13279,0,3200,3200
13280,0,3200,3200
13281,0,3200,3200
13282,0,3200,3200
13283,0,3200,3200
13284,0,3200,3200
13285,0,3200,3200
13286,0,3200,3200
13287,0,3200,3200
13288,0,3200,3200
13289,0,3200,3200
13290,0,3200,3200
13291,0,3200,3200
13292,0,3200,3200
13293,0,3200,3200
13294,0,3200,3200
13295,0,3200,3200
13296,0,3200,3200
13297,0,3200,3200
13298,0,3200,3200
13299,0,3200,3200
13300,0,3200,3200
13301,0,3200,3200
13302,0,3200,3200
13303,0,3200,3200
13304,0,3200,3200
13305,0,3200,3200
13306,0,3200,3200
13307,0,3200,3200
13308,0,3200,3200
13309,0,3200,3200
13310,0,3200,3200
13311,0,3200,3200
13312,0,3200,3200
13313,0,3200,3200
13314,0,3200,3200
13315,0,3200,3200
13316,0,3200,3200
13317,0,3200,3200
13318,0,3200,3200
13319,0,3200,3200
13320,0,3200,3200
13321,0,3200,3200
13322,0,3200,3200
13323,0,3200,3200
13324,0,3200,3200
13325,0,3200,3200
13326,0,3200,3200
13327,0,3200,3200
13328,0,3200,3200
13329,0,3200,3200
13330,0,3200,3200
13331,0,3200,3200
13332,0,3200,3200
13333,0,3200,3200
13334,0,3200,3200
13335,0,3200,3200
13336,0,3200,3200
13337,0,3200,3200
13338,0,3200,3200
13339,0,3200,3200
13340,0,3200,3200
13341,0,3200,3200
13342,0,3200,3200
13343,0,3200,3200
13344,0,3200,3200
13345,0,3200,3200
13346,0,3200,3200
13347,0,3200,3200
13348,0,3200,3200
13349,0,3200,3200
13350,0,3200,3200
13351,0,3200,3200
13352,0,3200,3200
13353,0,3200,3200
13354,0,3200,3200
13355,0,3200,3200
13356,0,3200,3200
13357,0,3200,3200
13358,0,3200,3200
13359,0,3200,3200
13360,0,3200,3200
13361,0,3200,3200
13362,0,3200,3200
13363,0,3200,3200
13364,0,3200,3200
13365,0,3200,3200
13366,0,3200,3200
13367,0,3200,3200
13368,0,3200,3200
13369,0,3200,3200
13370,0,3200,3200
13371,0,3200,3200
13372,0,3200,3200
13373,0,3200,3200
13374,0,3200,3200
13375,0,3200,3200
13376,0,3200,3200
13377,0,3200,3200
13378,0,3200,3200
13379,0,3200,3200
13380,0,3200,3200
13381,0,3200,3200
13382,0,3200,3200
13383,0,3200,3200
13384,0,3200,3200
13385,0,3200,3200
13386,0,3200,3200
13387,0,3200,3200
13388,0,3200,3200
13389,0,3200,3200
13390,0,3200,3200
13391,0,3200,3200
13392,0,3200,3200
13393,0,3200,3200
13394,0,3200,3200
13395,0,3200,3200
13396,0,3200,3200
13397,0,3200,3200
13398,0,3200,3200
13399,0,3200,3200
13400,0,3200,3200
13401,0,3200,3200
13402,0,3200,3200
13403,0,3200,3200
13404,0,3200,3200
13405,0,3200,3200
13406,0,3200,3200
13407,0,3200,3200
13408,0,3200,3200
13409,0,3200,3200
13410,0,3200,3200
13411,0,3200,3200
13412,0,3200,3200
13413,0,3200,3200
13414,0,3200,3200
13415,0,3200,3200
13416,0,3200,3200
13417,0,3200,3200
13418,0,3200,3200
13419,0,3200,3200
13420,0,3200,3200
13421,0,3200,3200
13422,0,3200,3200
13423,0,3200,3200
13424,0,3200,3200
13425,0,3200,3200
13426,0,3200,3200
13427,0,3200,3200
13428,0,3200,3200
13429,0,3200,3200
13430,0,3200,3200
13431,0,3200,3200
13432,0,3200,3200
13433,0,3200,3200
13434,0,3200,3200
13435,0,3200,3200
13436,0,3200,3200
13437,0,3200,3200
13438,0,3200,3200
13439,0,3200,3200
13440,0,3200,3200
13441,0,3200,3200
13442,0,3200,3200
13443,0,3200,3200
13444,0,3200,3200
13445,0,3200,3200
13446,0,3200,3200
13447,0,3200,3200
13448,0,3200,3200
13449,0,3200,3200
13450,0,3200,3200
13451,0,3200,3200
13452,0,3200,3200
13453,0,3200,3200
13454,0,3200,3200
13455,0,3200,3200
13456,0,3200,3200
13457,0,3200,3200
13458,0,3200,3200
13459,0,3200,3200
13460,0,3200,3200
13461,0,3200,3200
13462,0,3200,3200
13463,0,3200,3200
13464,0,3200,3200
13465,0,3200,3200
13466,0,3200,3200
13467,0,3200,3200
13468,0,3200,3200
13469,0,3200,3200
13470,0,3200,3200
13471,0,3200,3200
13472,0,3200,3200
13473,0,3200,3200
13474,0,3200,3200
13475,0,3200,3200
13476,0,3200,3200
13477,0,3200,3200
13478,0,3200,3200
13479,0,3200,3200
13480,0,3200,3200
13481,0,3200,3200
13482,0,3200,3200
13483,0,3200,3200
13484,0,3200,3200
13485,0,3200,3200
13486,0,3200,3200
13487,0,3200,3200
13488,0,3200,3200
13489,0,3200,3200
13490,0,3200,3200
13491,0,3200,3200
13492,0,3200,3200
13493,0,3200,3200
13494,0,3200,3200
13495,0,3200,3200
13496,0,3200,3200
13497,0,3200,3200
13498,0,3200,3200
13499,0,3200,3200
13500,0,3200,3200
13501,0,3200,3200
13502,0,3200,3200
13503,0,3200,3200
13504,0,3200,3200
13505,0,3200,3200
13506,0,3200,3200
13507,0,3200,3200
13508,0,3200,3200
13509,0,3200,3200
13510,0,3200,3200
13511,0,3200,3200
13512,0,3200,3200
13513,0,3200,3200
13514,0,3200,3200
13515,0,3200,3200
13516,0,3200,3200
13517,0,3200,3200
13518,0,3200,3200
13519,0,3200,3200
13520,0,3200,3200
13521,0,3200,3200
13522,0,3200,3200
13523,0,3200,3200
13524,0,3200,3200
13525,0,3200,3200
13526,0,3200,3200
13527,0,3200,3200
13528,0,3200,3200
13529,0,3200,3200
13530,0,3200,3200
13531,0,3200,3200
13532,0,3200,3200
13533,0,3200,3200
13534,0,3200,3200
13535,0,3200,3200
13536,0,3200,3200
13537,0,3200,3200
13538,0,3200,3200
13539,0,3200,3200
13540,0,3200,3200
13541,0,3200,3200
13542,0,3200,3200
13543,0,3200,3200
13544,0,3200,3200
13545,0,3200,3200
13546,0,3200,3200
13547,0,3200,3200
13548,0,3200,3200
13549,0,3200,3200
13550,0,3200,3200
13551,0,3200,3200
13552,0,3200,3200
13553,0,3200,3200
13554,0,3200,3200
13555,0,3200,3200
13556,0,3200,3200
13557,0,3200,3200
13558,0,3200,3200
13559,0,3200,3200
13560,0,3200,3200
13561,0,3200,3200
13562,0,3200,3200
13563,0,3200,3200
13564,0,3200,3200
13565,0,3200,3200
13566,0,3200,3200
13567,0,3200,3200
13568,0,3200,3200
13569,0,3200,3200
13570,0,3200,3200
13571,0,3200,3200
13572,0,3200,3200
13573,0,3200,3200
13574,0,3200,3200
13575,0,3200,3200
13576,0,3200,3200
13577,0,3200,3200
13578,0,3200,3200
13579,0,3200,3200
13580,0,3200,3200
13581,0,3200,3200
13582,0,3200,3200
13583,0,3200,3200
13584,0,3200,3200
13585,0,3200,3200
13586,0,3200,3200
13587,0,3200,3200
13588,0,3200,3200
13589,0,3200,3200
13590,0,3200,3200
13591,0,3200,3200
13592,0,3200,3200
13593,0,3200,3200
13594,0,3200,3200
13595,0,3200,3200
13596,0,3200,3200
13597,0,3200,3200
13598,0,3200,3200
13599,0,3200,3200
13600,0,3200,3200
13601,0,3200,3200
13602,0,3200,3200
13603,0,3200,3200
13604,0,3200,3200
13605,0,3200,3200
13606,0,3200,3200
13607,0,3200,3200
13608,0,3200,3200
13609,0,3200,3200
13610,0,3200,3200
13611,0,3200,3200
13612,0,3200,3200
13613,0,3200,3200
13614,0,3200,3200
13615,0,3200,3200
13616,0,3200,3200
13617,0,3200,3200
13618,0,3200,3200
13619,0,3200,3200
13620,0,3200,3200
13621,0,3200,3200
13622,0,3200,3200
13623,0,3200,3200
13624,0,3200,3200
13625,0,3200,3200
13626,0,3200,3200
13627,0,3200,3200
13628,0,3200,3200
13629,0,3200,3200
13630,0,3200,3200
13631,0,3200,3200
13632,0,3200,3200
13633,0,3200,3200
13634,0,3200,3200
13635,0,3200,3200
13636,0,3200,3200
13637,0,3200,3200
13638,0,3200,3200
13639,0,3200,3200
13640,0,3200,3200
13641,0,3200,3200
13642,0,3200,3200
13643,0,3200,3200
13644,0,3200,3200
13645,0,3200,3200
13646,0,3200,3200
13647,0,3200,3200
13648,0,3200,3200
13649,0,3200,3200
13650,0,3200,3200
13651,0,3200,3200
13652,0,3200,3200
13653,0,3200,3200
13654,0,3200,3200
13655,0,3200,3200
13656,0,3200,3200
13657,0,3200,3200
13658,0,3200,3200
13659,0,3200,3200
13660,0,3200,3200
13661,0,3200,3200
13662,0,3200,3200
13663,0,3200,3200
13664,0,3200,3200
13665,0,3200,3200
13666,0,3200,3200
13667,0,3200,3200
13668,0,3200,3200
13669,0,3200,3200
13670,0,3200,3200
13671,0,3200,3200
13672,0,3200,3200
13673,0,3200,3200
13674,0,3200,3200
13675,0,3200,3200
13676,0,3200,3200
13677,0,3200,3200
13678,0,3200,3200
13679,0,3200,3200
13680,0,3200,3200
13681,0,3200,3200
13682,0,3200,3200
13683,0,3200,3200
13684,0,3200,3200
13685,0,3200,3200
13686,0,3200,3200
13687,0,3200,3200
13688,0,3200,3200
13689,0,3200,3200
13690,0,3200,3200
13691,0,3200,3200
13692,0,3200,3200
13693,0,3200,3200
13694,0,3200,3200
13695,0,3200,3200
13696,0,3200,3200
13697,0,3200,3200
13698,0,3200,3200
13699,0,3200,3200
13700,0,3200,3200
13701,0,3200,3200
13702,0,3200,3200
13703,0,3200,3200
13704,0,3200,3200
13705,0,3200,3200
13706,0,3200,3200
13707,0,3200,3200
13708,0,3200,3200
13709,0,3200,3200
13710,0,3200,3200
13711,0,3200,3200
13712,0,3200,3200
13713,0,3200,3200
13714,0,3200,3200
13715,0,3200,3200
13716,0,3200,3200
13717,0,3200,3200
13718,0,3200,3200
13719,0,3200,3200
13720,0,3200,3200
13721,0,3200,3200
13722,0,3200,3200
13723,0,3200,3200
13724,0,3200,3200
13725,0,3200,3200
13726,0,3200,3200
13727,0,3200,3200
13728,0,3200,3200
13729,0,3200,3200
13730,0,3200,3200
13731,0,3200,3200
13732,0,3200,3200
13733,0,3200,3200
13734,0,3200,3200
13735,0,3200,3200
13736,0,3200,3200
13737,0,3200,3200
13738,0,3200,3200
13739,0,3200,3200
13740,0,3200,3200
13741,0,3200,3200
13742,0,3200,3200
13743,0,3200,3200
13744,0,3200,3200
13745,0,3200,3200
13746,0,3200,3200
13747,0,3200,3200
13748,0,3200,3200
13749,0,3200,3200
13750,0,3200,3200
13751,0,3200,3200
13752,0,3200,3200
13753,0,3200,3200
13754,0,3200,3200
13755,0,3200,3200
13756,0,3200,3200
13757,0,3200,3200
13758,0,3200,3200
13759,0,3200,3200
13760,0,3200,3200
13761,0,3200,3200
13762,0,3200,3200
13763,0,3200,3200
13764,0,3200,3200
13765,0,3200,3200
13766,0,3200,3200
13767,0,3200,3200
13768,0,3200,3200
13769,0,3200,3200
13770,0,3200,3200
13771,0,3200,3200
13772,0,3200,3200
13773,0,3200,3200
13774,0,3200,3200
13775,0,3200,3200
13776,0,3200,3200
13777,0,3200,3200
13778,0,3200,3200
13779,0,3200,3200
13780,0,3200,3200
13781,0,3200,3200
13782,0,3200,3200
13783,0,3200,3200
13784,0,3200,3200
13785,0,3200,3200
13786,0,3200,3200
13787,0,3200,3200
13788,0,3200,3200
13789,0,3200,3200
13790,0,3200,3200
13791,0,3200,3200
13792,0,3200,3200
13793,0,3200,3200
13794,0,3200,3200
13795,0,3200,3200
13796,0,3200,3200
13797,0,3200,3200
13798,0,3200,3200
13799,0,3200,3200
13800,0,3200,3200
13801,0,3200,3200
13802,0,3200,3200
13803,0,3200,3200
13804,0,3200,3200
13805,0,3200,3200
13806,0,3200,3200
13807,0,3200,3200
13808,0,3200,3200
13809,0,3200,3200
13810,0,3200,3200
13811,0,3200,3200
13812,0,3200,3200
13813,0,3200,3200
13814,0,3200,3200
13815,0,3200,3200
13816,0,3200,3200
13817,0,3200,3200
13818,0,3200,3200
13819,0,3200,3200
13820,0,3200,3200
13821,0,3200,3200
13822,0,3200,3200
13823,0,3200,3200
13824,0,3200,3200
13825,0,3200,3200
13826,0,3200,3200
13827,0,3200,3200
13828,0,3200,3200
13829,0,3200,3200
13830,0,3200,3200
13831,0,3200,3200
13832,0,3200,3200
13833,0,3200,3200
13834,0,3200,3200
13835,0,3200,3200
13836,0,3200,3200
13837,0,3200,3200
13838,0,3200,3200
13839,0,3200,3200
13840,0,3200,3200
13841,0,3200,3200
13842,0,3200,3200
13843,0,3200,3200
13844,0,3200,3200
13845,0,3200,3200
13846,0,3200,3200
13847,0,3200,3200
13848,0,3200,3200
13849,0,3200,3200
13850,0,3200,3200
13851,0,3200,3200
13852,0,3200,3200
13853,0,3200,3200
13854,0,3200,3200
13855,0,3200,3200
13856,0,3200,3200
13857,0,3200,3200
13858,0,3200,3200
13859,0,3200,3200
13860,0,3200,3200
13861,0,3200,3200
13862,0,3200,3200
13863,0,3200,3200
13864,0,3200,3200
13865,0,3200,3200
13866,0,3200,3200
13867,0,3200,3200
13868,0,3200,3200
13869,0,3200,3200
13870,0,3200,3200
13871,0,3200,3200
13872,0,3200,3200
13873,0,3200,3200
13874,0,3200,3200
13875,0,3200,3200
13876,0,3200,3200
13877,0,3200,3200
13878,0,3200,3200
13879,0,3200,3200
13880,0,3200,3200
13881,0,3200,3200
13882,0,3200,3200
13883,0,3200,3200
13884,0,3200,3200
13885,0,3200,3200
13886,0,3200,3200
13887,0,3200,3200
13888,0,3200,3200
13889,0,3200,3200
13890,0,3200,3200
13891,0,3200,3200
13892,0,3200,3200
13893,0,3200,3200
13894,0,3200,3200
13895,0,3200,3200
13896,0,3200,3200
13897,0,3200,3200
13898,0,3200,3200
13899,0,3200,3200
13900,0,3200,3200
13901,0,3200,3200
13902,0,3200,3200
13903,0,3200,3200
13904,0,3200,3200
13905,0,3200,3200
13906,0,3200,3200
13907,0,3200,3200
13908,0,3200,3200
13909,0,3200,3200
13910,0,3200,3200
13911,0,3200,3200
13912,0,3200,3200
13913,0,3200,3200
13914,0,3200,3200
13915,0,3200,3200
13916,0,3200,3200
13917,0,3200,3200
13918,0,3200,3200
13919,0,3200,3200
13920,0,3200,3200
13921,0,3200,3200
13922,0,3200,3200
13923,0,3200,3200
13924,0,3200,3200
13925,0,3200,3200
13926,0,3200,3200
13927,0,3200,3200
13928,0,3200,3200
13929,0,3200,3200
13930,0,3200,3200
13931,0,3200,3200
13932,0,3200,3200
13933,0,3200,3200
13934,0,3200,3200
13935,0,3200,3200
13936,0,3200,3200
13937,0,3200,3200
13938,0,3200,3200
13939,0,3200,3200
13940,0,3200,3200
13941,0,3200,3200
13942,0,3200,3200
13943,0,3200,3200
13944,0,3200,3200
13945,0,3200,3200
13946,0,3200,3200
13947,0,3200,3200
13948,0,3200,3200
13949,0,3200,3200
13950,0,3200,3200
13951,0,3200,3200
13952,0,3200,3200
13953,0,3200,3200
13954,0,3200,3200
13955,0,3200,3200
13956,0,3200,3200
13957,0,3200,3200
13958,0,3200,3200
13959,0,3200,3200
13960,0,3200,3200
13961,0,3200,3200
13962,0,3200,3200
13963,0,3200,3200
13964,0,3200,3200
13965,0,3200,3200
13966,0,3200,3200
13967,0,3200,3200
13968,0,3200,3200
13969,0,3200,3200
13970,0,3200,3200
13971,0,3200,3200
13972,0,3200,3200
13973,0,3200,3200
13974,0,3200,3200
13975,0,3200,3200
13976,0,3200,3200
13977,0,3200,3200
13978,0,3200,3200
13979,0,3200,3200
13980,0,3200,3200
13981,0,3200,3200
13982,0,3200,3200
13983,0,3200,3200
13984,0,3200,3200
13985,0,3200,3200
13986,0,3200,3200
13987,0,3200,3200
13988,0,3200,3200
13989,0,3200,3200
13990,0,3200,3200
13991,0,3200,3200
13992,0,3200,3200
13993,0,3200,3200
13994,0,3200,3200
13995,0,3200,3200
13996,0,3200,3200
13997,0,3200,3200
13998,0,3200,3200
13999,0,3200,3200
14000,0,3200,3200
14001,0,3200,3200
14002,0,3200,3200
14003,0,3200,3200
14004,0,3200,3200
14005,0,3200,3200
14006,0,3200,3200
14007,0,3200,3200
14008,0,3200,3200
14009,0,3200,3200
14010,0,3200,3200
14011,0,3200,3200
14012,0,3200,3200
14013,0,3200,3200
14014,0,3200,3200
14015,0,3200,3200
14016,0,3200,3200
14017,0,3200,3200
14018,0,3200,3200
14019,0,3200,3200
14020,0,3200,3200
14021,0,3200,3200
14022,0,3200,3200
14023,0,3200,3200
14024,0,3200,3200
14025,0,3200,3200
14026,0,3200,3200
14027,0,3200,3200
14028,0,3200,3200
14029,0,3200,3200
14030,0,3200,3200
14031,0,3200,3200
14032,0,3200,3200
14033,0,3200,3200
14034,0,3200,3200
14035,0,3200,3200
14036,0,3200,3200
14037,0,3200,3200
14038,0,3200,3200
14039,0,3200,3200
14040,0,3200,3200
14041,0,3200,3200
14042,0,3200,3200
14043,0,3200,3200
14044,0,3200,3200
14045,0,3200,3200
14046,0,3200,3200
14047,0,3200,3200
14048,0,3200,3200
14049,0,3200,3200
14050,0,3200,3200
14051,0,3200,3200
14052,0,3200,3200
14053,0,3200,3200
14054,0,3200,3200
14055,0,3200,3200
14056,0,3200,3200
14057,0,3200,3200
14058,0,3200,3200
14059,0,3200,3200
14060,0,3200,3200
14061,0,3200,3200
14062,0,3200,3200
14063,0,3200,3200
14064,0,3200,3200
14065,0,3200,3200
14066,0,3200,3200
14067,0,3200,3200
14068,0,3200,3200
14069,0,3200,3200
14070,0,3200,3200
14071,0,3200,3200
14072,0,3200,3200
14073,0,3200,3200
14074,0,3200,3200
14075,0,3200,3200
14076,0,3200,3200
14077,0,3200,3200
14078,0,3200,3200
14079,0,3200,3200
14080,0,3200,3200
14081,0,3200,3200
14082,0,3200,3200
14083,0,3200,3200
14084,0,3200,3200
14085,0,3200,3200
14086,0,3200,3200
14087,0,3200,3200
14088,0,3200,3200
14089,0,3200,3200
14090,0,3200,3200
14091,0,3200,3200
14092,0,3200,3200
14093,0,3200,3200
14094,0,3200,3200
14095,0,3200,3200
14096,0,3200,3200
14097,0,3200,3200
14098,0,3200,3200
14099,0,3200,3200
14100,0,3200,3200
14101,0,3200,3200
14102,0,3200,3200
14103,0,3200,3200
14104,0,3200,3200
14105,0,3200,3200
14106,0,3200,3200
14107,0,3200,3200
14108,0,3200,3200
14109,0,3200,3200
14110,0,3200,3200
14111,0,3200,3200
14112,0,3200,3200
14113,0,3200,3200
14114,0,3200,3200
14115,0,3200,3200
14116,0,3200,3200
14117,0,3200,3200
14118,0,3200,3200
14119,0,3200,3200
14120,0,3200,3200
14121,0,3200,3200
14122,0,3200,3200
14123,0,3200,3200
14124,0,3200,3200
14125,0,3200,3200
14126,0,3200,3200
14127,0,3200,3200
14128,0,3200,3200
14129,0,3200,3200
14130,0,3200,3200
14131,0,3200,3200
14132,0,3200,3200
14133,0,3200,3200
14134,0,3200,3200
14135,0,3200,3200
14136,0,3200,3200
14137,0,3200,3200
14138,0,3200,3200
14139,0,3200,3200
14140,0,3200,3200
14141,0,3200,3200
14142,0,3200,3200
14143,0,3200,3200
14144,0,3200,3200
14145,0,3200,3200
14146,0,3200,3200
14147,0,3200,3200
14148,0,3200,3200
14149,0,3200,3200
14150,0,3200,3200
14151,0,3200,3200
14152,0,3200,3200
14153,0,3200,3200
14154,0,3200,3200
14155,0,3200,3200
14156,0,3200,3200
14157,0,3200,3200
14158,0,3200,3200
14159,0,3200,3200
14160,0,3200,3200
14161,0,3200,3200
14162,0,3200,3200
14163,0,3200,3200
14164,0,3200,3200
14165,0,3200,3200
14166,0,3200,3200
14167,0,3200,3200
14168,0,3200,3200
14169,0,3200,3200
14170,0,3200,3200
14171,0,3200,3200
14172,0,3200,3200
14173,0,3200,3200
14174,0,3200,3200
14175,0,3200,3200
14176,0,3200,3200
14177,0,3200,3200
14178,0,3200,3200
14179,0,3200,3200
14180,0,3200,3200
14181,0,3200,3200
14182,0,3200,3200
14183,0,3200,3200
14184,0,3200,3200
14185,0,3200,3200
14186,0,3200,3200
14187,0,3200,3200
14188,0,3200,3200
14189,0,3200,3200
14190,0,3200,3200
14191,0,3200,3200
14192,0,3200,3200
14193,0,3200,3200
14194,0,3200,3200
14195,0,3200,3200
14196,0,3200,3200
14197,0,3200,3200
14198,0,3200,3200
14199,0,3200,3200
14200,0,3200,3200
14201,0,3200,3200
14202,0,3200,3200
14203,0,3200,3200
14204,0,3200,3200
14205,0,3200,3200
14206,0,3200,3200
14207,0,3200,3200
14208,0,3200,3200
14209,0,3200,3200
14210,0,3200,3200
14211,0,3200,3200
14212,0,3200,3200
14213,0,3200,3200
14214,0,3200,3200
14215,0,3200,3200
14216,0,3200,3200
14217,0,3200,3200
14218,0,3200,3200
14219,0,3200,3200
14220,0,3200,3200
14221,0,3200,3200
14222,0,3200,3200
14223,0,3200,3200
14224,0,3200,3200
14225,0,3200,3200
14226,0,3200,3200
14227,0,3200,3200
14228,0,3200,3200
14229,0,3200,3200
14230,0,3200,3200
14231,0,3200,3200
14232,0,3200,3200
14233,0,3200,3200
14234,0,3200,3200
14235,0,3200,3200
14236,0,3200,3200
14237,0,3200,3200
14238,0,3200,3200
14239,0,3200,3200
14240,0,3200,3200
14241,0,3200,3200
14242,0,3200,3200
14243,0,3200,3200
14244,0,3200,3200
14245,0,3200,3200
14246,0,3200,3200
14247,0,3200,3200
14248,0,3200,3200
14249,0,3200,3200
14250,0,3200,3200
14251,0,3200,3200
14252,0,3200,3200
14253,0,3200,3200
14254,0,3200,3200
14255,0,3200,3200
14256,0,3200,3200
14257,0,3200,3200
14258,0,3200,3200
14259,0,3200,3200
14260,0,3200,3200
14261,0,3200,3200
14262,0,3200,3200
14263,0,3200,3200
14264,0,3200,3200
14265,0,3200,3200
14266,0,3200,3200
14267,0,3200,3200
14268,0,3200,3200
14269,0,3200,3200
14270,0,3200,3200
14271,0,3200,3200
14272,0,3200,3200
14273,0,3200,3200
14274,0,3200,3200
14275,0,3200,3200
14276,0,3200,3200
14277,0,3200,3200
14278,0,3200,3200
14279,0,3200,3200
14280,0,3200,3200
14281,0,3200,3200
14282,0,3200,3200
14283,0,3200,3200
14284,0,3200,3200
14285,0,3200,3200
14286,0,3200,3200
14287,0,3200,3200
14288,0,3200,3200
14289,0,3200,3200
14290,0,3200,3200
14291,0,3200,3200
14292,0,3200,3200
14293,0,3200,3200
14294,0,3200,3200
14295,0,3200,3200
14296,0,3200,3200
14297,0,3200,3200
14298,0,3200,3200
14299,0,3200,3200
14300,0,3200,3200
14301,0,3200,3200
14302,0,3200,3200
14303,0,3200,3200
14304,0,3200,3200
14305,0,3200,3200
14306,0,3200,3200
14307,0,3200,3200
14308,0,3200,3200
14309,0,3200,3200
14310,0,3200,3200
14311,0,3200,3200
14312,0,3200,3200
14313,0,3200,3200
14314,0,3200,3200
14315,0,3200,3200
14316,0,3200,3200
14317,0,3200,3200
14318,0,3200,3200
14319,0,3200,3200
14320,0,3200,3200
14321,0,3200,3200
14322,0,3200,3200
14323,0,3200,3200
14324,0,3200,3200
14325,0,3200,3200
14326,0,3200,3200
14327,0,3200,3200
14328,0,3200,3200
14329,0,3200,3200
14330,0,3200,3200
14331,0,3200,3200
14332,0,3200,3200
14333,0,3200,3200
14334,0,3200,3200
14335,0,3200,3200
14336,0,3200,3200
14337,0,3200,3200
14338,0,3200,3200
14339,0,3200,3200
14340,0,3200,3200
14341,0,3200,3200
14342,0,3200,3200
14343,0,3200,3200
14344,0,3200,3200
14345,0,3200,3200
14346,0,3200,3200
14347,0,3200,3200
14348,0,3200,3200
14349,0,3200,3200
14350,0,3200,3200
14351,0,3200,3200
14352,0,3200,3200
14353,0,3200,3200
14354,0,3200,3200
14355,0,3200,3200
14356,0,3200,3200
14357,0,3200,3200
14358,0,3200,3200
14359,0,3200,3200
14360,0,3200,3200
14361,0,3200,3200
14362,0,3200,3200
14363,0,3200,3200
14364,0,3200,3200
14365,0,3200,3200
14366,0,3200,3200
14367,0,3200,3200
14368,0,3200,3200
14369,0,3200,3200
14370,0,3200,3200
14371,0,3200,3200
14372,0,3200,3200
14373,0,3200,3200
14374,0,3200,3200
14375,0,3200,3200
14376,0,3200,3200
14377,0,3200,3200
14378,0,3200,3200
14379,0,3200,3200
14380,0,3200,3200
14381,0,3200,3200
14382,0,3200,3200
14383,0,3200,3200
14384,0,3200,3200
14385,0,3200,3200
14386,0,3200,3200
14387,0,3200,3200
14388,0,3200,3200
14389,0,3200,3200
14390,0,3200,3200
14391,0,3200,3200
14392,0,3200,3200
14393,0,3200,3200
14394,0,3200,3200
14395,0,3200,3200
14396,0,3200,3200
14397,0,3200,3200
14398,0,3200,3200
14399,0,3200,3200
14400,0,3200,3200
14401,0,3200,3200
14402,0,3200,3200
14403,0,3200,3200
14404,0,3200,3200
14405,0,3200,3200
14406,0,3200,3200
14407,0,3200,3200
14408,0,3200,3200
14409,0,3200,3200
14410,0,3200,3200
14411,0,3200,3200
14412,0,3200,3200
14413,0,3200,3200
14414,0,3200,3200
14415,0,3200,3200
14416,0,3200,3200
14417,0,3200,3200
14418,0,3200,3200
14419,0,3200,3200
14420,0,3200,3200
14421,0,3200,3200
14422,0,3200,3200
14423,0,3200,3200
14424,0,3200,3200
14425,0,3200,3200
14426,0,3200,3200
14427,0,3200,3200
14428,0,3200,3200
14429,0,3200,3200
14430,0,3200,3200
14431,0,3200,3200
14432,0,3200,3200
14433,0,3200,3200
14434,0,3200,3200
14435,0,3200,3200
14436,0,3200,3200
14437,0,3200,3200
14438,0,3200,3200
14439,0,3200,3200
14440,0,3200,3200
14441,0,3200,3200
14442,0,3200,3200
14443,0,3200,3200
14444,0,3200,3200
14445,0,3200,3200
14446,0,3200,3200
14447,0,3200,3200
14448,0,3200,3200
14449,0,3200,3200
14450,0,3200,3200
14451,0,3200,3200
14452,0,3200,3200
14453,0,3200,3200
14454,0,3200,3200
14455,0,3200,3200
14456,0,3200,3200
14457,0,3200,3200
14458,0,3200,3200
14459,0,3200,3200
14460,0,3200,3200
14461,0,3200,3200
14462,0,3200,3200
14463,0,3200,3200
14464,0,3200,3200
14465,0,3200,3200
14466,0,3200,3200
14467,0,3200,3200
14468,0,3200,3200
14469,0,3200,3200
14470,0,3200,3200
14471,0,3200,3200
14472,0,3200,3200
14473,0,3200,3200
14474,0,3200,3200
14475,0,3200,3200
14476,0,3200,3200
14477,0,3200,3200
14478,0,3200,3200
14479,0,3200,3200
14480,0,3200,3200
14481,0,3200,3200
14482,0,3200,3200
14483,0,3200,3200
14484,0,3200,3200
14485,0,3200,3200
14486,0,3200,3200
14487,0,3200,3200
14488,0,3200,3200
14489,0,3200,3200
14490,0,3200,3200
14491,0,3200,3200
14492,0,3200,3200
14493,0,3200,3200
14494,0,3200,3200
14495,0,3200,3200
14496,0,3200,3200
14497,0,3200,3200
14498,0,3200,3200
14499,0,3200,3200
14500,0,3200,3200
14501,0,3200,3200
14502,0,3200,3200
14503,0,3200,3200
14504,0,3200,3200
14505,0,3200,3200
14506,0,3200,3200
14507,0,3200,3200
14508,0,3200,3200
14509,0,3200,3200
14510,0,3200,3200
14511,0,3200,3200
14512,0,3200,3200
14513,0,3200,3200
14514,0,3200,3200
14515,0,3200,3200
14516,0,3200,3200
14517,0,3200,3200
14518,0,3200,3200
14519,0,3200,3200
14520,0,3200,3200
14521,0,3200,3200
14522,0,3200,3200
14523,0,3200,3200
14524,0,3200,3200
14525,0,3200,3200
14526,0,3200,3200
14527,0,3200,3200
14528,0,3200,3200
14529,0,3200,3200
14530,0,3200,3200
14531,0,3200,3200
14532,0,3200,3200
14533,0,3200,3200
14534,0,3200,3200
14535,0,3200,3200
14536,0,3200,3200
14537,0,3200,3200
14538,0,3200,3200
14539,0,3200,3200
14540,0,3200,3200
14541,0,3200,3200
14542,0,3200,3200
14543,0,3200,3200
14544,0,3200,3200
14545,0,3200,3200
14546,0,3200,3200
14547,0,3200,3200
14548,0,3200,3200
14549,0,3200,3200
14550,0,3200,3200
14551,0,3200,3200
14552,0,3200,3200
14553,0,3200,3200
14554,0,3200,3200
14555,0,3200,3200
14556,0,3200,3200
14557,0,3200,3200
14558,0,3200,3200
14559,0,3200,3200
14560,0,3200,3200
14561,0,3200,3200
14562,0,3200,3200
14563,0,3200,3200
14564,0,3200,3200
14565,0,3200,3200
14566,0,3200,3200
14567,0,3200,3200
14568,0,3200,3200
14569,0,3200,3200
14570,0,3200,3200
14571,0,3200,3200
14572,0,3200,3200
14573,0,3200,3200
14574,0,3200,3200
14575,0,3200,3200
14576,0,3200,3200
14577,0,3200,3200
14578,0,3200,3200
14579,0,3200,3200
14580,0,3200,3200
14581,0,3200,3200
14582,0,3200,3200
14583,0,3200,3200
14584,0,3200,3200
14585,0,3200,3200
14586,0,3200,3200
14587,0,3200,3200
14588,0,3200,3200
14589,0,3200,3200
14590,0,3200,3200
14591,0,3200,3200
14592,0,3200,3200
14593,0,3200,3200
14594,0,3200,3200
14595,0,3200,3200
14596,0,3200,3200
14597,0,3200,3200
14598,0,3200,3200
14599,0,3200,3200
14600,0,3200,3200
14601,0,3200,3200
14602,0,3200,3200
14603,0,3200,3200
14604,0,3200,3200
14605,0,3200,3200
14606,0,3200,3200
14607,0,3200,3200
14608,0,3200,3200
14609,0,3200,3200
14610,0,3200,3200
14611,0,3200,3200
14612,0,3200,3200
14613,0,3200,3200
14614,0,3200,3200
14615,0,3200,3200
14616,0,3200,3200
14617,0,3200,3200
14618,0,3200,3200
14619,0,3200,3200
14620,0,3200,3200
14621,0,3200,3200
14622,0,3200,3200
14623,0,3200,3200
14624,0,3200,3200
14625,0,3200,3200
14626,0,3200,3200
14627,0,3200,3200
14628,0,3200,3200
14629,0,3200,3200
14630,0,3200,3200
14631,0,3200,3200
14632,0,3200,3200
14633,0,3200,3200
14634,0,3200,3200
14635,0,3200,3200
14636,0,3200,3200
14637,0,3200,3200
14638,0,3200,3200
14639,0,3200,3200
14640,0,3200,3200
14641,0,3200,3200
14642,0,3200,3200
14643,0,3200,3200
14644,0,3200,3200
14645,0,3200,3200
14646,0,3200,3200
14647,0,3200,3200
14648,0,3200,3200
14649,0,3200,3200
14650,0,3200,3200
14651,0,3200,3200
14652,0,3200,3200
14653,0,3200,3200
14654,0,3200,3200
14655,0,3200,3200
14656,0,3200,3200
14657,0,3200,3200
14658,0,3200,3200
14659,0,3200,3200
14660,0,3200,3200
14661,0,3200,3200
14662,0,3200,3200
14663,0,3200,3200
14664,0,3200,3200
14665,0,3200,3200
14666,0,3200,3200
14667,0,3200,3200
14668,0,3200,3200
14669,0,3200,3200
14670,0,3200,3200
14671,0,3200,3200
14672,0,3200,3200
14673,0,3200,3200
14674,0,3200,3200
14675,0,3200,3200
14676,0,3200,3200
14677,0,3200,3200
14678,0,3200,3200
14679,0,3200,3200
14680,0,3200,3200
14681,0,3200,3200
14682,0,3200,3200
14683,0,3200,3200
14684,0,3200,3200
14685,0,3200,3200
14686,0,3200,3200
14687,0,3200,3200
14688,0,3200,3200
14689,0,3200,3200
14690,0,3200,3200
14691,0,3200,3200
14692,0,3200,3200
14693,0,3200,3200
14694,0,3200,3200
14695,0,3200,3200
14696,0,3200,3200
14697,0,3200,3200
14698,0,3200,3200
14699,0,3200,3200
14700,0,3200,3200
14701,0,3200,3200
14702,0,3200,3200
14703,0,3200,3200
14704,0,3200,3200
14705,0,3200,3200
14706,0,3200,3200
14707,0,3200,3200
14708,0,3200,3200
14709,0,3200,3200
14710,0,3200,3200
14711,0,3200,3200
14712,0,3200,3200
14713,0,3200,3200
14714,0,3200,3200
14715,0,3200,3200
14716,0,3200,3200
14717,0,3200,3200
14718,0,3200,3200
14719,0,3200,3200
14720,0,3200,3200
14721,0,3200,3200
14722,0,3200,3200
14723,0,3200,3200
14724,0,3200,3200
14725,0,3200,3200
14726,0,3200,3200
14727,0,3200,3200
14728,0,3200,3200
14729,0,3200,3200
14730,0,3200,3200
14731,0,3200,3200
14732,0,3200,3200
14733,0,3200,3200
14734,0,3200,3200
14735,0,3200,3200
14736,0,3200,3200
14737,0,3200,3200
14738,0,3200,3200
14739,0,3200,3200
14740,0,3200,3200
14741,0,3200,3200
14742,0,3200,3200
14743,0,3200,3200
14744,0,3200,3200
14745,0,3200,3200
14746,0,3200,3200
14747,0,3200,3200
14748,0,3200,3200
14749,0,3200,3200
14750,0,3200,3200
14751,0,3200,3200
14752,0,3200,3200
14753,0,3200,3200
14754,0,3200,3200
14755,0,3200,3200
14756,0,3200,3200
14757,0,3200,3200
14758,0,3200,3200
14759,0,3200,3200
14760,0,3200,3200
14761,0,3200,3200
14762,0,3200,3200
14763,0,3200,3200
14764,0,3200,3200
14765,0,3200,3200
14766,0,3200,3200
14767,0,3200,3200
14768,0,3200,3200
14769,0,3200,3200
14770,0,3200,3200
14771,0,3200,3200
14772,0,3200,3200
14773,0,3200,3200
14774,0,3200,3200
14775,0,3200,3200
14776,0,3200,3200
14777,0,3200,3200
14778,0,3200,3200
14779,0,3200,3200
14780,0,3200,3200
14781,0,3200,3200
14782,0,3200,3200
14783,0,3200,3200
14784,0,3200,3200
14785,0,3200,3200
14786,0,3200,3200
14787,0,3200,3200
14788,0,3200,3200
14789,0,3200,3200
14790,0,3200,3200
14791,0,3200,3200
14792,0,3200,3200
14793,0,3200,3200
14794,0,3200,3200
14795,0,3200,3200
14796,0,3200,3200
14797,0,3200,3200
14798,0,3200,3200
14799,0,3200,3200
14800,0,3200,3200
14801,0,3200,3200
14802,0,3200,3200
14803,0,3200,3200
14804,0,3200,3200
14805,0,3200,3200
14806,0,3200,3200
14807,0,3200,3200
14808,0,3200,3200
14809,0,3200,3200
14810,0,3200,3200
14811,0,3200,3200
14812,0,3200,3200
14813,0,3200,3200
14814,0,3200,3200
14815,0,3200,3200
14816,0,3200,3200
14817,0,3200,3200
14818,0,3200,3200
14819,0,3200,3200
14820,0,3200,3200
14821,0,3200,3200
14822,0,3200,3200
14823,0,3200,3200
14824,0,3200,3200
14825,0,3200,3200
14826,0,3200,3200
14827,0,3200,3200
14828,0,3200,3200
14829,0,3200,3200
14830,0,3200,3200
14831,0,3200,3200
14832,0,3200,3200
14833,0,3200,3200
14834,0,3200,3200
14835,0,3200,3200
14836,0,3200,3200
14837,0,3200,3200
14838,0,3200,3200
14839,0,3200,3200
14840,0,3200,3200
14841,0,3200,3200
14842,0,3200,3200
14843,0,3200,3200
14844,0,3200,3200
14845,0,3200,3200
14846,0,3200,3200
14847,0,3200,3200
14848,0,3200,3200
14849,0,3200,3200
14850,0,3200,3200
14851,0,3200,3200
14852,0,3200,3200
14853,0,3200,3200
14854,0,3200,3200
14855,0,3200,3200
14856,0,3200,3200
14857,0,3200,3200
14858,0,3200,3200
14859,0,3200,3200
14860,0,3200,3200
14861,0,3200,3200
14862,0,3200,3200
14863,0,3200,3200
14864,0,3200,3200
14865,0,3200,3200
14866,0,3200,3200
14867,0,3200,3200
14868,0,3200,3200
14869,0,3200,3200
14870,0,3200,3200
14871,0,3200,3200
14872,0,3200,3200
14873,0,3200,3200
14874,0,3200,3200
14875,0,3200,3200
14876,0,3200,3200
14877,0,3200,3200
14878,0,3200,3200
14879,0,3200,3200
14880,0,3200,3200
14881,0,3200,3200
14882,0,3200,3200
14883,0,3200,3200
14884,0,3200,3200
14885,0,3200,3200
14886,0,3200,3200
14887,0,3200,3200
14888,0,3200,3200
14889,0,3200,3200
14890,0,3200,3200
14891,0,3200,3200
14892,0,3200,3200
14893,0,3200,3200
14894,0,3200,3200
14895,0,3200,3200
14896,0,3200,3200
14897,0,3200,3200
14898,0,3200,3200
14899,0,3200,3200
14900,0,3200,3200
14901,0,3200,3200
14902,0,3200,3200
14903,0,3200,3200
14904,0,3200,3200
14905,0,3200,3200
14906,0,3200,3200
14907,0,3200,3200
14908,0,3200,3200
14909,0,3200,3200
14910,0,3200,3200
14911,0,3200,3200
14912,0,3200,3200
14913,0,3200,3200
14914,0,3200,3200
14915,0,3200,3200
14916,0,3200,3200
14917,0,3200,3200
14918,0,3200,3200
14919,0,3200,3200
14920,0,3200,3200
14921,0,3200,3200
14922,0,3200,3200
14923,0,3200,3200
14924,0,3200,3200
14925,0,3200,3200
14926,0,3200,3200
14927,0,3200,3200
14928,0,3200,3200
14929,0,3200,3200
14930,0,3200,3200
14931,0,3200,3200
14932,0,3200,3200
14933,0,3200,3200
14934,0,3200,3200
14935,0,3200,3200
14936,0,3200,3200
14937,0,3200,3200
14938,0,3200,3200
14939,0,3200,3200
14940,0,3200,3200
14941,0,3200,3200
14942,0,3200,3200
14943,0,3200,3200
14944,0,3200,3200
14945,0,3200,3200
14946,0,3200,3200
14947,0,3200,3200
14948,0,3200,3200
14949,0,3200,3200
14950,0,3200,3200
14951,0,3200,3200
14952,0,3200,3200
14953,0,3200,3200
14954,0,3200,3200
14955,0,3200,3200
14956,0,3200,3200
14957,0,3200,3200
14958,0,3200,3200
14959,0,3200,3200
14960,0,3200,3200
14961,0,3200,3200
14962,0,3200,3200
14963,0,3200,3200
14964,0,3200,3200
14965,0,3200,3200
14966,0,3200,3200
14967,0,3200,3200
14968,0,3200,3200
14969,0,3200,3200
14970,0,3200,3200
14971,0,3200,3200
14972,0,3200,3200
14973,0,3200,3200
14974,0,3200,3200
14975,0,3200,3200
14976,0,3200,3200
14977,0,3200,3200
14978,0,3200,3200
14979,0,3200,3200
14980,0,3200,3200
14981,0,3200,3200
14982,0,3200,3200
14983,0,3200,3200
14984,0,3200,3200
14985,0,3200,3200
14986,0,3200,3200
14987,0,3200,3200
14988,0,3200,3200
14989,0,3200,3200
14990,0,3200,3200
14991,0,3200,3200
14992,0,3200,3200
14993,0,3200,3200
14994,0,3200,3200
14995,0,3200,3200
14996,0,3200,3200
14997,0,3200,3200
14998,0,3200,3200
14999,0,3200,3200
15000,0,3200,3200
15001,0,3200,3200
15002,0,3200,3200
15003,0,3200,3200
15004,0,3200,3200
15005,0,3200,3200
15006,0,3200,3200
15007,0,3200,3200
15008,0,3200,3200
15009,0,3200,3200
15010,0,3200,3200
15011,0,3200,3200
15012,0,3200,3200
15013,0,3200,3200
15014,0,3200,3200
15015,0,3200,3200
15016,0,3200,3200
15017,0,3200,3200
15018,0,3200,3200
15019,0,3200,3200
15020,0,3200,3200
15021,0,3200,3200
15022,0,3200,3200
15023,0,3200,3200
15024,0,3200,3200
15025,0,3200,3200
15026,0,3200,3200
15027,0,3200,3200
15028,0,3200,3200
15029,0,3200,3200
15030,0,3200,3200
15031,0,3200,3200
15032,0,3200,3200
15033,0,3200,3200
15034,0,3200,3200
15035,0,3200,3200
15036,0,3200,3200
15037,0,3200,3200
15038,0,3200,3200
15039,0,3200,3200
15040,0,3200,3200
15041,0,3200,3200
15042,0,3200,3200
15043,0,3200,3200
15044,0,3200,3200
15045,0,3200,3200
15046,0,3200,3200
15047,0,3200,3200
15048,0,3200,3200
15049,0,3200,3200
15050,0,3200,3200
15051,0,3200,3200
15052,0,3200,3200
15053,0,3200,3200
15054,0,3200,3200
15055,0,3200,3200
15056,0,3200,3200
15057,0,3200,3200
15058,0,3200,3200
15059,0,3200,3200
15060,0,3200,3200
15061,0,3200,3200
15062,0,3200,3200
15063,0,3200,3200
15064,0,3200,3200
15065,0,3200,3200
15066,0,3200,3200
15067,0,3200,3200
15068,0,3200,3200
15069,0,3200,3200
15070,0,3200,3200
15071,0,3200,3200
15072,0,3200,3200
15073,0,3200,3200
15074,0,3200,3200
15075,0,3200,3200
15076,0,3200,3200
15077,0,3200,3200
15078,0,3200,3200
15079,0,3200,3200
15080,0,3200,3200
15081,0,3200,3200
15082,0,3200,3200
15083,0,3200,3200
15084,0,3200,3200
15085,0,3200,3200
15086,0,3200,3200
15087,0,3200,3200
15088,0,3200,3200
15089,0,3200,3200
15090,0,3200,3200
15091,0,3200,3200
15092,0,3200,3200
15093,0,3200,3200
15094,0,3200,3200
15095,0,3200,3200
15096,0,3200,3200
15097,0,3200,3200
15098,0,3200,3200
15099,0,3200,3200
15100,0,3200,3200
15101,0,3200,3200
15102,0,3200,3200
15103,0,3200,3200
15104,0,3200,3200
15105,0,3200,3200
15106,0,3200,3200
15107,0,3200,3200
15108,0,3200,3200
15109,0,3200,3200
15110,0,3200,3200
15111,0,3200,3200
15112,0,3200,3200
15113,0,3200,3200
15114,0,3200,3200
15115,0,3200,3200
15116,0,3200,3200
15117,0,3200,3200
15118,0,3200,3200
15119,0,3200,3200
15120,0,3200,3200
15121,0,3200,3200
15122,0,3200,3200
15123,0,3200,3200
15124,0,3200,3200
15125,0,3200,3200
15126,0,3200,3200
15127,0,3200,3200
15128,0,3200,3200
15129,0,3200,3200
15130,0,3200,3200
15131,0,3200,3200
15132,0,3200,3200
15133,0,3200,3200
15134,0,3200,3200
15135,0,3200,3200
15136,0,3200,3200
15137,0,3200,3200
15138,0,3200,3200
15139,0,3200,3200
15140,0,3200,3200
15141,0,3200,3200
15142,0,3200,3200
15143,0,3200,3200
15144,0,3200,3200
15145,0,3200,3200
15146,0,3200,3200
15147,0,3200,3200
15148,0,3200,3200
15149,0,3200,3200
15150,0,3200,3200
15151,0,3200,3200
15152,0,3200,3200
15153,0,3200,3200
15154,0,3200,3200
15155,0,3200,3200
15156,0,3200,3200
15157,0,3200,3200
15158,0,3200,3200
15159,0,3200,3200
15160,0,3200,3200
15161,0,3200,3200
15162,0,3200,3200
15163,0,3200,3200
15164,0,3200,3200
15165,0,3200,3200
15166,0,3200,3200
15167,0,3200,3200
15168,0,3200,3200
15169,0,3200,3200
15170,0,3200,3200
15171,0,3200,3200
15172,0,3200,3200
15173,0,3200,3200
15174,0,3200,3200
15175,0,3200,3200
15176,0,3200,3200
15177,0,3200,3200
15178,0,3200,3200
15179,0,3200,3200
15180,0,3200,3200
15181,0,3200,3200
15182,0,3200,3200
15183,0,3200,3200
15184,0,3200,3200
15185,0,3200,3200
15186,0,3200,3200
15187,0,3200,3200
15188,0,3200,3200
15189,0,3200,3200
15190,0,3200,3200
15191,0,3200,3200
15192,0,3200,3200
15193,0,3200,3200
15194,0,3200,3200
15195,0,3200,3200
15196,0,3200,3200
15197,0,3200,3200
15198,0,3200,3200
15199,0,3200,3200
15200,0,3200,3200
15201,0,3200,3200
15202,0,3200,3200
15203,0,3200,3200
15204,0,3200,3200
15205,0,3200,3200
15206,0,3200,3200
15207,0,3200,3200
15208,0,3200,3200
15209,0,3200,3200
15210,0,3200,3200
15211,0,3200,3200
15212,0,3200,3200
15213,0,3200,3200
15214,0,3200,3200
15215,0,3200,3200
15216,0,3200,3200
15217,0,3200,3200
15218,0,3200,3200
15219,0,3200,3200
15220,0,3200,3200
15221,0,3200,3200
15222,0,3200,3200
15223,0,3200,3200
15224,0,3200,3200
15225,0,3200,3200
15226,0,3200,3200
15227,0,3200,3200
15228,0,3200,3200
15229,0,3200,3200
15230,0,3200,3200
15231,0,3200,3200
15232,0,3200,3200
15233,0,3200,3200
15234,0,3200,3200
15235,0,3200,3200
15236,0,3200,3200
15237,0,3200,3200
15238,0,3200,3200
15239,0,3200,3200
15240,0,3200,3200
15241,0,3200,3200
15242,0,3200,3200
15243,0,3200,3200
15244,0,3200,3200
15245,0,3200,3200
15246,0,3200,3200
15247,0,3200,3200
15248,0,3200,3200
15249,0,3200,3200
15250,0,3200,3200
15251,0,3200,3200
15252,0,3200,3200
15253,0,3200,3200
15254,0,3200,3200
15255,0,3200,3200
15256,0,3200,3200
15257,0,3200,3200
15258,0,3200,3200
15259,0,3200,3200
15260,0,3200,3200
15261,0,3200,3200
15262,0,3200,3200
15263,0,3200,3200
15264,0,3200,3200
15265,0,3200,3200
15266,0,3200,3200
15267,0,3200,3200
15268,0,3200,3200
15269,0,3200,3200
15270,0,3200,3200
15271,0,3200,3200
15272,0,3200,3200
15273,0,3200,3200
15274,0,3200,3200
15275,0,3200,3200
15276,0,3200,3200
15277,0,3200,3200
15278,0,3200,3200
15279,0,3200,3200
15280,0,3200,3200
15281,0,3200,3200
15282,0,3200,3200
15283,0,3200,3200
15284,0,3200,3200
15285,0,3200,3200
15286,0,3200,3200
15287,0,3200,3200
15288,0,3200,3200
15289,0,3200,3200
15290,0,3200,3200
15291,0,3200,3200
15292,0,3200,3200
15293,0,3200,3200
15294,0,3200,3200
15295,0,3200,3200
15296,0,3200,3200
15297,0,3200,3200
15298,0,3200,3200
15299,0,3200,3200
15300,0,3200,3200
15301,0,3200,3200
15302,0,3200,3200
15303,0,3200,3200
15304,0,3200,3200
15305,0,3200,3200
15306,0,3200,3200
15307,0,3200,3200
15308,0,3200,3200
15309,0,3200,3200
15310,0,3200,3200
15311,0,3200,3200
15312,0,3200,3200
15313,0,3200,3200
15314,0,3200,3200
15315,0,3200,3200
15316,0,3200,3200
15317,0,3200,3200
15318,0,3200,3200
15319,0,3200,3200
15320,0,3200,3200
15321,0,3200,3200
15322,0,3200,3200
15323,0,3200,3200
15324,0,3200,3200
15325,0,3200,3200
15326,0,3200,3200
15327,0,3200,3200
15328,0,3200,3200
15329,0,3200,3200
15330,0,3200,3200
15331,0,3200,3200
15332,0,3200,3200
15333,0,3200,3200
15334,0,3200,3200
15335,0,3200,3200
15336,0,3200,3200
15337,0,3200,3200
15338,0,3200,3200
15339,0,3200,3200
15340,0,3200,3200
15341,0,3200,3200
15342,0,3200,3200
15343,0,3200,3200
15344,0,3200,3200
15345,0,3200,3200
15346,0,3200,3200
15347,0,3200,3200
15348,0,3200,3200
15349,0,3200,3200
15350,0,3200,3200
15351,0,3200,3200
15352,0,3200,3200
15353,0,3200,3200
15354,0,3200,3200
15355,0,3200,3200
15356,0,3200,3200
15357,0,3200,3200
15358,0,3200,3200
15359,0,3200,3200
15360,0,3200,3200
15361,0,3200,3200
15362,0,3200,3200
15363,0,3200,3200
15364,0,3200,3200
15365,0,3200,3200
15366,0,3200,3200
15367,0,3200,3200
15368,0,3200,3200
15369,0,3200,3200
15370,0,3200,3200
15371,0,3200,3200
15372,0,3200,3200
15373,0,3200,3200
15374,0,3200,3200
15375,0,3200,3200
15376,0,3200,3200
15377,0,3200,3200
15378,0,3200,3200
15379,0,3200,3200
15380,0,3200,3200
15381,0,3200,3200
15382,0,3200,3200
15383,0,3200,3200
15384,0,3200,3200
15385,0,3200,3200
15386,0,3200,3200
15387,0,3200,3200
15388,0,3200,3200
15389,0,3200,3200
15390,0,3200,3200
15391,0,3200,3200
15392,0,3200,3200
15393,0,3200,3200
15394,0,3200,3200
15395,0,3200,3200
15396,0,3200,3200
15397,0,3200,3200
15398,0,3200,3200
15399,0,3200,3200
15400,0,3200,3200
15401,0,3200,3200
15402,0,3200,3200
15403,0,3200,3200
15404,0,3200,3200
15405,0,3200,3200
15406,0,3200,3200
15407,0,3200,3200
15408,0,3200,3200
15409,0,3200,3200
15410,0,3200,3200
15411,0,3200,3200
15412,0,3200,3200
15413,0,3200,3200
15414,0,3200,3200
15415,0,3200,3200
15416,0,3200,3200
15417,0,3200,3200
15418,0,3200,3200
15419,0,3200,3200
15420,0,3200,3200
15421,0,3200,3200
15422,0,3200,3200
15423,0,3200,3200
15424,0,3200,3200
15425,0,3200,3200
15426,0,3200,3200
15427,0,3200,3200
15428,0,3200,3200
15429,0,3200,3200
15430,0,3200,3200
15431,0,3200,3200
15432,0,3200,3200
15433,0,3200,3200
15434,0,3200,3200
15435,0,3200,3200
15436,0,3200,3200
15437,0,3200,3200
15438,0,3200,3200
15439,0,3200,3200
15440,0,3200,3200
15441,0,3200,3200
15442,0,3200,3200
15443,0,3200,3200
15444,0,3200,3200
15445,0,3200,3200
15446,0,3200,3200
15447,0,3200,3200
15448,0,3200,3200
15449,0,3200,3200
15450,0,3200,3200
15451,0,3200,3200
15452,0,3200,3200
15453,0,3200,3200
15454,0,3200,3200
15455,0,3200,3200
15456,0,3200,3200
15457,0,3200,3200
15458,0,3200,3200
15459,0,3200,3200
15460,0,3200,3200
15461,0,3200,3200
15462,0,3200,3200
15463,0,3200,3200
15464,0,3200,3200
15465,0,3200,3200
15466,0,3200,3200
15467,0,3200,3200
15468,0,3200,3200
15469,0,3200,3200
15470,0,3200,3200
15471,0,3200,3200
15472,0,3200,3200
15473,0,3200,3200
15474,0,3200,3200
15475,0,3200,3200
15476,0,3200,3200
15477,0,3200,3200
15478,0,3200,3200
15479,0,3200,3200
15480,0,3200,3200
15481,0,3200,3200
15482,0,3200,3200
15483,0,3200,3200
15484,0,3200,3200
15485,0,3200,3200
15486,0,3200,3200
15487,0,3200,3200
15488,0,3200,3200
15489,0,3200,3200
15490,0,3200,3200
15491,0,3200,3200
15492,0,3200,3200
15493,0,3200,3200
15494,0,3200,3200
15495,0,3200,3200
15496,0,3200,3200
15497,0,3200,3200
15498,0,3200,3200
15499,0,3200,3200
15500,0,3200,3200
15501,0,3200,3200
15502,0,3200,3200
15503,0,3200,3200
15504,0,3200,3200
15505,0,3200,3200
15506,0,3200,3200
15507,0,3200,3200
15508,0,3200,3200
15509,0,3200,3200
15510,0,3200,3200
15511,0,3200,3200
15512,0,3200,3200
15513,0,3200,3200
15514,0,3200,3200
15515,0,3200,3200
15516,0,3200,3200
15517,0,3200,3200
15518,0,3200,3200
15519,0,3200,3200
15520,0,3200,3200
15521,0,3200,3200
15522,0,3200,3200
15523,0,3200,3200
15524,0,3200,3200
15525,0,3200,3200
15526,0,3200,3200
15527,0,3200,3200
15528,0,3200,3200
15529,0,3200,3200
15530,0,3200,3200
15531,0,3200,3200
15532,0,3200,3200
15533,0,3200,3200
15534,0,3200,3200
15535,0,3200,3200
15536,0,3200,3200
15537,0,3200,3200
15538,0,3200,3200
15539,0,3200,3200
15540,0,3200,3200
15541,0,3200,3200
15542,0,3200,3200
15543,0,3200,3200
15544,0,3200,3200
15545,0,3200,3200
15546,0,3200,3200
15547,0,3200,3200
15548,0,3200,3200
15549,0,3200,3200
15550,0,3200,3200
15551,0,3200,3200
15552,0,3200,3200
15553,0,3200,3200
15554,0,3200,3200
15555,0,3200,3200
15556,0,3200,3200
15557,0,3200,3200
15558,0,3200,3200
15559,0,3200,3200
15560,0,3200,3200
15561,0,3200,3200
15562,0,3200,3200
15563,0,3200,3200
15564,0,3200,3200
15565,0,3200,3200
15566,0,3200,3200
15567,0,3200,3200
15568,0,3200,3200
15569,0,3200,3200
15570,0,3200,3200
15571,0,3200,3200
15572,0,3200,3200
15573,0,3200,3200
15574,0,3200,3200
15575,0,3200,3200
15576,0,3200,3200
15577,0,3200,3200
15578,0,3200,3200
15579,0,3200,3200
15580,0,3200,3200
15581,0,3200,3200
15582,0,3200,3200
15583,0,3200,3200
15584,0,3200,3200
15585,0,3200,3200
15586,0,3200,3200
15587,0,3200,3200
15588,0,3200,3200
15589,0,3200,3200
15590,0,3200,3200
15591,0,3200,3200
15592,0,3200,3200
15593,0,3200,3200
15594,0,3200,3200
15595,0,3200,3200
15596,0,3200,3200
15597,0,3200,3200
15598,0,3200,3200
15599,0,3200,3200
15600,0,3200,3200
15601,0,3200,3200
15602,0,3200,3200
15603,0,3200,3200
15604,0,3200,3200
15605,0,3200,3200
15606,0,3200,3200
15607,0,3200,3200
15608,0,3200,3200
15609,0,3200,3200
15610,0,3200,3200
15611,0,3200,3200
15612,0,3200,3200
15613,0,3200,3200
15614,0,3200,3200
15615,0,3200,3200
15616,0,3200,3200
15617,0,3200,3200
15618,0,3200,3200
15619,0,3200,3200
15620,0,3200,3200
15621,0,3200,3200
15622,0,3200,3200
15623,0,3200,3200
15624,0,3200,3200
15625,0,3200,3200
15626,0,3200,3200
15627,0,3200,3200
15628,0,3200,3200
15629,0,3200,3200
15630,0,3200,3200
15631,0,3200,3200
15632,0,3200,3200
15633,0,3200,3200
15634,0,3200,3200
15635,0,3200,3200
15636,0,3200,3200
15637,0,3200,3200
15638,0,3200,3200
15639,0,3200,3200
15640,0,3200,3200
15641,0,3200,3200
15642,0,3200,3200
15643,0,3200,3200
15644,0,3200,3200
15645,0,3200,3200
15646,0,3200,3200
15647,0,3200,3200
15648,0,3200,3200
15649,0,3200,3200
15650,0,3200,3200
15651,0,3200,3200
15652,0,3200,3200
15653,0,3200,3200
15654,0,3200,3200
15655,0,3200,3200
15656,0,3200,3200
15657,0,3200,3200
15658,0,3200,3200
15659,0,3200,3200
15660,0,3200,3200
15661,0,3200,3200
15662,0,3200,3200
15663,0,3200,3200
15664,0,3200,3200
15665,0,3200,3200
15666,0,3200,3200
15667,0,3200,3200
15668,0,3200,3200
15669,0,3200,3200
15670,0,3200,3200
15671,0,3200,3200
15672,0,3200,3200
15673,0,3200,3200
15674,0,3200,3200
15675,0,3200,3200
15676,0,3200,3200
15677,0,3200,3200
15678,0,3200,3200
15679,0,3200,3200
15680,0,3200,3200
15681,0,3200,3200
15682,0,3200,3200
15683,0,3200,3200
15684,0,3200,3200
15685,0,3200,3200
15686,0,3200,3200
15687,0,3200,3200
15688,0,3200,3200
15689,0,3200,3200
15690,0,3200,3200
15691,0,3200,3200
15692,0,3200,3200
15693,0,3200,3200
15694,0,3200,3200
15695,0,3200,3200
15696,0,3200,3200
15697,0,3200,3200
15698,0,3200,3200
15699,0,3200,3200
15700,0,3200,3200
15701,0,3200,3200
15702,0,3200,3200
15703,0,3200,3200
15704,0,3200,3200
15705,0,3200,3200
15706,0,3200,3200
15707,0,3200,3200
15708,0,3200,3200
15709,0,3200,3200
15710,0,3200,3200
15711,0,3200,3200
15712,0,3200,3200
15713,0,3200,3200
15714,0,3200,3200
15715,0,3200,3200
15716,0,3200,3200
15717,0,3200,3200
15718,0,3200,3200
15719,0,3200,3200
15720,0,3200,3200
15721,0,3200,3200
15722,0,3200,3200
15723,0,3200,3200
15724,0,3200,3200
15725,0,3200,3200
15726,0,3200,3200
15727,0,3200,3200
15728,0,3200,3200
15729,0,3200,3200
15730,0,3200,3200
15731,0,3200,3200
15732,0,3200,3200
15733,0,3200,3200
15734,0,3200,3200
15735,0,3200,3200
15736,0,3200,3200
15737,0,3200,3200
15738,0,3200,3200
15739,0,3200,3200
15740,0,3200,3200
15741,0,3200,3200
15742,0,3200,3200
15743,0,3200,3200
15744,0,3200,3200
15745,0,3200,3200
15746,0,3200,3200
15747,0,3200,3200
15748,0,3200,3200
15749,0,3200,3200
15750,0,3200,3200
15751,0,3200,3200
15752,0,3200,3200
15753,0,3200,3200
15754,0,3200,3200
15755,0,3200,3200
15756,0,3200,3200
15757,0,3200,3200
15758,0,3200,3200
15759,0,3200,3200
15760,0,3200,3200
15761,0,3200,3200
15762,0,3200,3200
15763,0,3200,3200
15764,0,3200,3200
15765,0,3200,3200
15766,0,3200,3200
15767,0,3200,3200
15768,0,3200,3200
15769,0,3200,3200
15770,0,3200,3200
15771,0,3200,3200
15772,0,3200,3200
15773,0,3200,3200
15774,0,3200,3200
15775,0,3200,3200
15776,0,3200,3200
15777,0,3200,3200
15778,0,3200,3200
15779,0,3200,3200
15780,0,3200,3200
15781,0,3200,3200
15782,0,3200,3200
15783,0,3200,3200
15784,0,3200,3200
15785,0,3200,3200
15786,0,3200,3200
15787,0,3200,3200
15788,0,3200,3200
15789,0,3200,3200
15790,0,3200,3200
15791,0,3200,3200
15792,0,3200,3200
15793,0,3200,3200
15794,0,3200,3200
15795,0,3200,3200
15796,0,3200,3200
15797,0,3200,3200
15798,0,3200,3200
15799,0,3200,3200
15800,0,3200,3200
15801,0,3200,3200
15802,0,3200,3200
15803,0,3200,3200
15804,0,3200,3200
15805,0,3200,3200
15806,0,3200,3200
15807,0,3200,3200
15808,0,3200,3200
15809,0,3200,3200
15810,0,3200,3200
15811,0,3200,3200
15812,0,3200,3200
15813,0,3200,3200
15814,0,3200,3200
15815,0,3200,3200
15816,0,3200,3200
15817,0,3200,3200
15818,0,3200,3200
15819,0,3200,3200
15820,0,3200,3200
15821,0,3200,3200
15822,0,3200,3200
15823,0,3200,3200
15824,0,3200,3200
15825,0,3200,3200
15826,0,3200,3200
15827,0,3200,3200
15828,0,3200,3200
15829,0,3200,3200
15830,0,3200,3200
15831,0,3200,3200
15832,0,3200,3200
15833,0,3200,3200
15834,0,3200,3200
15835,0,3200,3200
15836,0,3200,3200
15837,0,3200,3200
15838,0,3200,3200
15839,0,3200,3200
15840,0,3200,3200
15841,0,3200,3200
15842,0,3200,3200
15843,0,3200,3200
15844,0,3200,3200
15845,0,3200,3200
15846,0,3200,3200
15847,0,3200,3200
15848,0,3200,3200
15849,0,3200,3200
15850,0,3200,3200
15851,0,3200,3200
15852,0,3200,3200
15853,0,3200,3200
15854,0,3200,3200
15855,0,3200,3200
15856,0,3200,3200
15857,0,3200,3200
15858,0,3200,3200
15859,0,3200,3200
15860,0,3200,3200
15861,0,3200,3200
15862,0,3200,3200
15863,0,3200,3200
15864,0,3200,3200
15865,0,3200,3200
15866,0,3200,3200
15867,0,3200,3200
15868,0,3200,3200
15869,0,3200,3200
15870,0,3200,3200
15871,0,3200,3200
15872,0,3200,3200
15873,0,3200,3200
15874,0,3200,3200
15875,0,3200,3200
15876,0,3200,3200
15877,0,3200,3200
15878,0,3200,3200
15879,0,3200,3200
15880,0,3200,3200
15881,0,3200,3200
15882,0,3200,3200
15883,0,3200,3200
15884,0,3200,3200
15885,0,3200,3200
15886,0,3200,3200
15887,0,3200,3200
15888,0,3200,3200
15889,0,3200,3200
15890,0,3200,3200
15891,0,3200,3200
15892,0,3200,3200
15893,0,3200,3200
15894,0,3200,3200
15895,0,3200,3200
15896,0,3200,3200
15897,0,3200,3200
15898,0,3200,3200
15899,0,3200,3200
15900,0,3200,3200
15901,0,3200,3200
15902,0,3200,3200
15903,0,3200,3200
15904,0,3200,3200
15905,0,3200,3200
15906,0,3200,3200
15907,0,3200,3200
15908,0,3200,3200
15909,0,3200,3200
15910,0,3200,3200
15911,0,3200,3200
15912,0,3200,3200
15913,0,3200,3200
15914,0,3200,3200
15915,0,3200,3200
15916,0,3200,3200
15917,0,3200,3200
15918,0,3200,3200
15919,0,3200,3200
15920,0,3200,3200
15921,0,3200,3200
15922,0,3200,3200
15923,0,3200,3200
15924,0,3200,3200
15925,0,3200,3200
15926,0,3200,3200
15927,0,3200,3200
15928,0,3200,3200
15929,0,3200,3200
15930,0,3200,3200
15931,0,3200,3200
15932,0,3200,3200
15933,0,3200,3200
15934,0,3200,3200
15935,0,3200,3200
15936,0,3200,3200
15937,0,3200,3200
15938,0,3200,3200
15939,0,3200,3200
15940,0,3200,3200
15941,0,3200,3200
15942,0,3200,3200
15943,0,3200,3200
15944,0,3200,3200
15945,0,3200,3200
15946,0,3200,3200
15947,0,3200,3200
15948,0,3200,3200
15949,0,3200,3200
15950,0,3200,3200
15951,0,3200,3200
15952,0,3200,3200
15953,0,3200,3200
15954,0,3200,3200
15955,0,3200,3200
15956,0,3200,3200
15957,0,3200,3200
15958,0,3200,3200
15959,0,3200,3200
15960,0,3200,3200
15961,0,3200,3200
15962,0,3200,3200
15963,0,3200,3200
15964,0,3200,3200
15965,0,3200,3200
15966,0,3200,3200
15967,0,3200,3200
15968,0,3200,3200
15969,0,3200,3200
15970,0,3200,3200
15971,0,3200,3200
15972,0,3200,3200
15973,0,3200,3200
15974,0,3200,3200
15975,0,3200,3200
15976,0,3200,3200
15977,0,3200,3200
15978,0,3200,3200
15979,0,3200,3200
15980,0,3200,3200
15981,0,3200,3200
15982,0,3200,3200
15983,0,3200,3200
15984,0,3200,3200
15985,0,3200,3200
15986,0,3200,3200
15987,0,3200,3200
15988,0,3200,3200
15989,0,3200,3200
15990,0,3200,3200
15991,0,3200,3200
15992,0,3200,3200
15993,0,3200,3200
15994,0,3200,3200
15995,0,3200,3200
15996,0,3200,3200
15997,0,3200,3200
15998,0,3200,3200
15999,0,3200,3200
16000,0,3200,3200
16001,0,3200,3200
16002,0,3200,3200
16003,0,3200,3200
16004,0,3200,3200
16005,0,3200,3200
16006,0,3200,3200
16007,0,3200,3200
16008,0,3200,3200
16009,0,3200,3200
16010,0,3200,3200
16011,0,3200,3200
16012,0,3200,3200
16013,0,3200,3200
16014,0,3200,3200
16015,0,3200,3200
16016,0,3200,3200
16017,0,3200,3200
16018,0,3200,3200
16019,0,3200,3200
16020,0,3200,3200
16021,0,3200,3200
16022,0,3200,3200
16023,0,3200,3200
16024,0,3200,3200
16025,0,3200,3200
16026,0,3200,3200
16027,0,3200,3200
16028,0,3200,3200
16029,0,3200,3200
16030,0,3200,3200
16031,0,3200,3200
16032,0,3200,3200
16033,0,3200,3200
16034,0,3200,3200
16035,0,3200,3200
16036,0,3200,3200
16037,0,3200,3200
16038,0,3200,3200
16039,0,3200,3200
16040,0,3200,3200
16041,0,3200,3200
16042,0,3200,3200
16043,0,3200,3200
16044,0,3200,3200
16045,0,3200,3200
16046,0,3200,3200
16047,0,3200,3200
16048,0,3200,3200
16049,0,3200,3200
16050,0,3200,3200
16051,0,3200,3200
16052,0,3200,3200
16053,0,3200,3200
16054,0,3200,3200
16055,0,3200,3200
16056,0,3200,3200
16057,0,3200,3200
16058,0,3200,3200
16059,0,3200,3200
16060,0,3200,3200
16061,0,3200,3200
16062,0,3200,3200
16063,0,3200,3200
16064,0,3200,3200
16065,0,3200,3200
16066,0,3200,3200
16067,0,3200,3200
16068,0,3200,3200
16069,0,3200,3200
16070,0,3200,3200
16071,0,3200,3200
16072,0,3200,3200
16073,0,3200,3200
16074,0,3200,3200
16075,0,3200,3200
16076,0,3200,3200
16077,0,3200,3200
16078,0,3200,3200
16079,0,3200,3200
16080,0,3200,3200
16081,0,3200,3200
16082,0,3200,3200
16083,0,3200,3200
16084,0,3200,3200
16085,0,3200,3200
16086,0,3200,3200
16087,0,3200,3200
16088,0,3200,3200
16089,0,3200,3200
16090,0,3200,3200
16091,0,3200,3200
16092,0,3200,3200
16093,0,3200,3200
16094,0,3200,3200
16095,0,3200,3200
16096,0,3200,3200
16097,0,3200,3200
16098,0,3200,3200
16099,0,3200,3200
16100,0,3200,3200
16101,0,3200,3200
16102,0,3200,3200
16103,0,3200,3200
16104,0,3200,3200
16105,0,3200,3200
16106,0,3200,3200
16107,0,3200,3200
16108,0,3200,3200
16109,0,3200,3200
16110,0,3200,3200
16111,0,3200,3200
16112,0,3200,3200
16113,0,3200,3200
16114,0,3200,3200
16115,0,3200,3200
16116,0,3200,3200
16117,0,3200,3200
16118,0,3200,3200
16119,0,3200,3200
16120,0,3200,3200
16121,0,3200,3200
16122,0,3200,3200
16123,0,3200,3200
16124,0,3200,3200
16125,0,3200,3200
16126,0,3200,3200
16127,0,3200,3200
16128,0,3200,3200
16129,0,3200,3200
16130,0,3200,3200
16131,0,3200,3200
16132,0,3200,3200
16133,0,3200,3200
16134,0,3200,3200
16135,0,3200,3200
16136,0,3200,3200
16137,0,3200,3200
16138,0,3200,3200
16139,0,3200,3200
16140,0,3200,3200
16141,0,3200,3200
16142,0,3200,3200
16143,0,3200,3200
16144,0,3200,3200
16145,0,3200,3200
16146,0,3200,3200
16147,0,3200,3200
16148,0,3200,3200
16149,0,3200,3200
16150,0,3200,3200
16151,0,3200,3200
16152,0,3200,3200
16153,0,3200,3200
16154,0,3200,3200
16155,0,3200,3200
16156,0,3200,3200
16157,0,3200,3200
16158,0,3200,3200
16159,0,3200,3200
16160,0,3200,3200
16161,0,3200,3200
16162,0,3200,3200
16163,0,3200,3200
16164,0,3200,3200
16165,0,3200,3200
16166,0,3200,3200
16167,0,3200,3200
16168,0,3200,3200
16169,0,3200,3200
16170,0,3200,3200
16171,0,3200,3200
16172,0,3200,3200
16173,0,3200,3200
16174,0,3200,3200
16175,0,3200,3200
16176,0,3200,3200
16177,0,3200,3200
16178,0,3200,3200
16179,0,3200,3200
16180,0,3200,3200
16181,0,3200,3200
16182,0,3200,3200
16183,0,3200,3200
16184,0,3200,3200
16185,0,3200,3200
16186,0,3200,3200
16187,0,3200,3200
16188,0,3200,3200
16189,0,3200,3200
16190,0,3200,3200
16191,0,3200,3200
16192,0,3200,3200
16193,0,3200,3200
16194,0,3200,3200
16195,0,3200,3200
16196,0,3200,3200
16197,0,3200,3200
16198,0,3200,3200
16199,0,3200,3200
16200,0,3200,3200
16201,0,3200,3200
16202,0,3200,3200
16203,0,3200,3200
16204,0,3200,3200
16205,0,3200,3200
16206,0,3200,3200
16207,0,3200,3200
16208,0,3200,3200
16209,0,3200,3200
16210,0,3200,3200
16211,0,3200,3200
16212,0,3200,3200
16213,0,3200,3200
16214,0,3200,3200
16215,0,3200,3200
16216,0,3200,3200
16217,0,3200,3200
16218,0,3200,3200
16219,0,3200,3200
16220,0,3200,3200
16221,0,3200,3200
16222,0,3200,3200
16223,0,3200,3200
16224,0,3200,3200
16225,0,3200,3200
16226,0,3200,3200
16227,0,3200,3200
16228,0,3200,3200
16229,0,3200,3200
16230,0,3200,3200
16231,0,3200,3200
16232,0,3200,3200
16233,0,3200,3200
16234,0,3200,3200
16235,0,3200,3200
16236,0,3200,3200
16237,0,3200,3200
16238,0,3200,3200
16239,0,3200,3200
16240,0,3200,3200
16241,0,3200,3200
16242,0,3200,3200
16243,0,3200,3200
16244,0,3200,3200
16245,0,3200,3200
16246,0,3200,3200
16247,0,3200,3200
16248,0,3200,3200
16249,0,3200,3200
16250,0,3200,3200
16251,0,3200,3200
16252,0,3200,3200
16253,0,3200,3200
16254,0,3200,3200
16255,0,3200,3200
16256,0,3200,3200
16257,0,3200,3200
16258,0,3200,3200
16259,0,3200,3200
16260,0,3200,3200
16261,0,3200,3200
16262,0,3200,3200
16263,0,3200,3200
16264,0,3200,3200
16265,0,3200,3200
16266,0,3200,3200
16267,0,3200,3200
16268,0,3200,3200
16269,0,3200,3200
16270,0,3200,3200
16271,0,3200,3200
16272,0,3200,3200
16273,0,3200,3200
16274,0,3200,3200
16275,0,3200,3200
16276,0,3200,3200
16277,0,3200,3200
16278,0,3200,3200
16279,0,3200,3200
16280,0,3200,3200
16281,0,3200,3200
16282,0,3200,3200
16283,0,3200,3200
16284,0,3200,3200
16285,0,3200,3200
16286,0,3200,3200
16287,0,3200,3200
16288,0,3200,3200
16289,0,3200,3200
16290,0,3200,3200
16291,0,3200,3200
16292,0,3200,3200
16293,0,3200,3200
16294,0,3200,3200
16295,0,3200,3200
16296,0,3200,3200
16297,0,3200,3200
16298,0,3200,3200
16299,0,3200,3200
16300,0,3200,3200
16301,0,3200,3200
16302,0,3200,3200
16303,0,3200,3200
16304,0,3200,3200
16305,0,3200,3200
16306,0,3200,3200
16307,0,3200,3200
16308,0,3200,3200
16309,0,3200,3200
16310,0,3200,3200
16311,0,3200,3200
16312,0,3200,3200
16313,0,3200,3200
16314,0,3200,3200
16315,0,3200,3200
16316,0,3200,3200
16317,0,3200,3200
16318,0,3200,3200
16319,0,3200,3200
16320,0,3200,3200
16321,0,3200,3200
16322,0,3200,3200
16323,0,3200,3200
16324,0,3200,3200
16325,0,3200,3200
16326,0,3200,3200
16327,0,3200,3200
16328,0,3200,3200
16329,0,3200,3200
16330,0,3200,3200
16331,0,3200,3200
16332,0,3200,3200
16333,0,3200,3200
16334,0,3200,3200
16335,0,3200,3200
16336,0,3200,3200
16337,0,3200,3200
16338,0,3200,3200
16339,0,3200,3200
16340,0,3200,3200
16341,0,3200,3200
16342,0,3200,3200
16343,0,3200,3200
16344,0,3200,3200
16345,0,3200,3200
16346,0,3200,3200
16347,0,3200,3200
16348,0,3200,3200
16349,0,3200,3200
16350,0,3200,3200
16351,0,3200,3200
16352,0,3200,3200
16353,0,3200,3200
16354,0,3200,3200
16355,0,3200,3200
16356,0,3200,3200
16357,0,3200,3200
16358,0,3200,3200
16359,0,3200,3200
16360,0,3200,3200
16361,0,3200,3200
16362,0,3200,3200
16363,0,3200,3200
16364,0,3200,3200
16365,0,3200,3200
16366,0,3200,3200
16367,0,3200,3200
16368,0,3200,3200
16369,0,3200,3200
16370,0,3200,3200
16371,0,3200,3200
16372,0,3200,3200
16373,0,3200,3200
16374,0,3200,3200
16375,0,3200,3200
16376,0,3200,3200
16377,0,3200,3200
16378,0,3200,3200
16379,0,3200,3200
16380,0,3200,3200
16381,0,3200,3200
16382,0,3200,3200
16383,0,3200,3200
16384,0,3200,3200
16385,0,3200,3200
16386,0,3200,3200
16387,0,3200,3200
16388,0,3200,3200
16389,0,3200,3200
16390,0,3200,3200
16391,0,3200,3200
16392,0,3200,3200
16393,0,3200,3200
16394,0,3200,3200
16395,0,3200,3200
16396,0,3200,3200
16397,0,3200,3200
16398,0,3200,3200
16399,0,3200,3200
16400,0,3200,3200
16401,0,3200,3200
16402,0,3200,3200
16403,0,3200,3200
16404,0,3200,3200
16405,0,3200,3200
16406,0,3200,3200
16407,0,3200,3200
16408,0,3200,3200
16409,0,3200,3200
16410,0,3200,3200
16411,0,3200,3200
16412,0,3200,3200
16413,0,3200,3200
16414,0,3200,3200
16415,0,3200,3200
16416,0,3200,3200
16417,0,3200,3200
16418,0,3200,3200
16419,0,3200,3200
16420,0,3200,3200
16421,0,3200,3200
16422,0,3200,3200
16423,0,3200,3200
16424,0,3200,3200
16425,0,3200,3200
16426,0,3200,3200
16427,0,3200,3200
16428,0,3200,3200
16429,0,3200,3200
16430,0,3200,3200
16431,0,3200,3200
16432,0,3200,3200
16433,0,3200,3200
16434,0,3200,3200
16435,0,3200,3200
16436,0,3200,3200
16437,0,3200,3200
16438,0,3200,3200
16439,0,3200,3200
16440,0,3200,3200
16441,0,3200,3200
16442,0,3200,3200
16443,0,3200,3200
16444,0,3200,3200
16445,0,3200,3200
16446,0,3200,3200
16447,0,3200,3200
16448,0,3200,3200
16449,0,3200,3200
16450,0,3200,3200
16451,0,3200,3200
16452,0,3200,3200
16453,0,3200,3200
16454,0,3200,3200
16455,0,3200,3200
16456,0,3200,3200
16457,0,3200,3200
16458,0,3200,3200
16459,0,3200,3200
16460,0,3200,3200
16461,0,3200,3200
16462,0,3200,3200
16463,0,3200,3200
16464,0,3200,3200
16465,0,3200,3200
16466,0,3200,3200
16467,0,3200,3200
16468,0,3200,3200
16469,0,3200,3200
16470,0,3200,3200
16471,0,3200,3200
16472,0,3200,3200
16473,0,3200,3200
16474,0,3200,3200
16475,0,3200,3200
16476,0,3200,3200
16477,0,3200,3200
16478,0,3200,3200
16479,0,3200,3200
16480,0,3200,3200
16481,0,3200,3200
16482,0,3200,3200
16483,0,3200,3200
16484,0,3200,3200
16485,0,3200,3200
16486,0,3200,3200
16487,0,3200,3200
16488,0,3200,3200
16489,0,3200,3200
16490,0,3200,3200
16491,0,3200,3200
16492,0,3200,3200
16493,0,3200,3200
16494,0,3200,3200
16495,0,3200,3200
16496,0,3200,3200
16497,0,3200,3200
16498,0,3200,3200
16499,0,3200,3200
16500,0,3200,3200
16501,0,3200,3200
16502,0,3200,3200
16503,0,3200,3200
16504,0,3200,3200
16505,0,3200,3200
16506,0,3200,3200
16507,0,3200,3200
16508,0,3200,3200
16509,0,3200,3200
16510,0,3200,3200
16511,0,3200,3200
16512,0,3200,3200
16513,0,3200,3200
16514,0,3200,3200
16515,0,3200,3200
16516,0,3200,3200
16517,0,3200,3200
16518,0,3200,3200
16519,0,3200,3200
16520,0,3200,3200
16521,0,3200,3200
16522,0,3200,3200
16523,0,3200,3200
16524,0,3200,3200
16525,0,3200,3200
16526,0,3200,3200
16527,0,3200,3200
16528,0,3200,3200
16529,0,3200,3200
16530,0,3200,3200
16531,0,3200,3200
16532,0,3200,3200
16533,0,3200,3200
16534,0,3200,3200
16535,0,3200,3200
16536,0,3200,3200
16537,0,3200,3200
16538,0,3200,3200
16539,0,3200,3200
16540,0,3200,3200
16541,0,3200,3200
16542,0,3200,3200
16543,0,3200,3200
16544,0,3200,3200
16545,0,3200,3200
16546,0,3200,3200
16547,0,3200,3200
16548,0,3200,3200
16549,0,3200,3200
16550,0,3200,3200
16551,0,3200,3200
16552,0,3200,3200
16553,0,3200,3200
16554,0,3200,3200
16555,0,3200,3200
16556,0,3200,3200
16557,0,3200,3200
16558,0,3200,3200
16559,0,3200,3200
16560,0,3200,3200
16561,0,3200,3200
16562,0,3200,3200
16563,0,3200,3200
16564,0,3200,3200
16565,0,3200,3200
16566,0,3200,3200
16567,0,3200,3200
16568,0,3200,3200
16569,0,3200,3200
16570,0,3200,3200
16571,0,3200,3200
16572,0,3200,3200
16573,0,3200,3200
16574,0,3200,3200
16575,0,3200,3200
16576,0,3200,3200
16577,0,3200,3200
16578,0,3200,3200
16579,0,3200,3200
16580,0,3200,3200
16581,0,3200,3200
16582,0,3200,3200
16583,0,3200,3200
16584,0,3200,3200
16585,0,3200,3200
16586,0,3200,3200
16587,0,3200,3200
16588,0,3200,3200
16589,0,3200,3200
16590,0,3200,3200
16591,0,3200,3200
16592,0,3200,3200
16593,0,3200,3200
16594,0,3200,3200
16595,0,3200,3200
16596,0,3200,3200
16597,0,3200,3200
16598,0,3200,3200
16599,0,3200,3200
16600,0,3200,3200
16601,0,3200,3200
16602,0,3200,3200
16603,0,3200,3200
16604,0,3200,3200
16605,0,3200,3200
16606,0,3200,3200
16607,0,3200,3200
16608,0,3200,3200
16609,0,3200,3200
16610,0,3200,3200
16611,0,3200,3200
16612,0,3200,3200
16613,0,3200,3200
16614,0,3200,3200
16615,0,3200,3200
16616,0,3200,3200
16617,0,3200,3200
16618,0,3200,3200
16619,0,3200,3200
16620,0,3200,3200
16621,0,3200,3200
16622,0,3200,3200
16623,0,3200,3200
16624,0,3200,3200
16625,0,3200,3200
16626,0,3200,3200
16627,0,3200,3200
16628,0,3200,3200
16629,0,3200,3200
16630,0,3200,3200
16631,0,3200,3200
16632,0,3200,3200
16633,0,3200,3200
16634,0,3200,3200
16635,0,3200,3200
16636,0,3200,3200
16637,0,3200,3200
16638,0,3200,3200
16639,0,3200,3200
16640,0,3200,3200
16641,0,3200,3200
16642,0,3200,3200
16643,0,3200,3200
16644,0,3200,3200
16645,0,3200,3200
16646,0,3200,3200
16647,0,3200,3200
16648,0,3200,3200
16649,0,3200,3200
16650,0,3200,3200
16651,0,3200,3200
16652,0,3200,3200
16653,0,3200,3200
16654,0,3200,3200
16655,0,3200,3200
16656,0,3200,3200
16657,0,3200,3200
16658,0,3200,3200
16659,0,3200,3200
16660,0,3200,3200
16661,0,3200,3200
16662,0,3200,3200
16663,0,3200,3200
16664,0,3200,3200
16665,0,3200,3200
16666,0,3200,3200
16667,0,3200,3200
16668,0,3200,3200
16669,0,3200,3200
16670,0,3200,3200
16671,0,3200,3200
16672,0,3200,3200
16673,0,3200,3200
16674,0,3200,3200
16675,0,3200,3200
16676,0,3200,3200
16677,0,3200,3200
16678,0,3200,3200
16679,0,3200,3200
16680,0,3200,3200
16681,0,3200,3200
16682,0,3200,3200
16683,0,3200,3200
16684,0,3200,3200
16685,0,3200,3200
16686,0,3200,3200
16687,0,3200,3200
16688,0,3200,3200
16689,0,3200,3200
16690,0,3200,3200
16691,0,3200,3200
16692,0,3200,3200
16693,0,3200,3200
16694,0,3200,3200
16695,0,3200,3200
16696,0,3200,3200
16697,0,3200,3200
16698,0,3200,3200
16699,0,3200,3200
16700,0,3200,3200
16701,0,3200,3200
16702,0,3200,3200
16703,0,3200,3200
16704,0,3200,3200
16705,0,3200,3200
16706,0,3200,3200
16707,0,3200,3200
16708,0,3200,3200
16709,0,3200,3200
16710,0,3200,3200
16711,0,3200,3200
16712,0,3200,3200
16713,0,3200,3200
16714,0,3200,3200
16715,0,3200,3200
16716,0,3200,3200
16717,0,3200,3200
16718,0,3200,3200
16719,0,3200,3200
16720,0,3200,3200
16721,0,3200,3200
16722,0,3200,3200
16723,0,3200,3200
16724,0,3200,3200
16725,0,3200,3200
16726,0,3200,3200
16727,0,3200,3200
16728,0,3200,3200
16729,0,3200,3200
16730,0,3200,3200
16731,0,3200,3200
16732,0,3200,3200
16733,0,3200,3200
16734,0,3200,3200
16735,0,3200,3200
16736,0,3200,3200
16737,0,3200,3200
16738,0,3200,3200
16739,0,3200,3200
16740,0,3200,3200
16741,0,3200,3200
16742,0,3200,3200
16743,0,3200,3200
16744,0,3200,3200
16745,0,3200,3200
16746,0,3200,3200
16747,0,3200,3200
16748,0,3200,3200
16749,0,3200,3200
16750,0,3200,3200
16751,0,3200,3200
16752,0,3200,3200
16753,0,3200,3200
16754,0,3200,3200
16755,0,3200,3200
16756,0,3200,3200
16757,0,3200,3200
16758,0,3200,3200
16759,0,3200,3200
16760,0,3200,3200
16761,0,3200,3200
16762,0,3200,3200
16763,0,3200,3200
16764,0,3200,3200
16765,0,3200,3200
16766,0,3200,3200
16767,0,3200,3200
16768,0,3200,3200
16769,0,3200,3200
16770,0,3200,3200
16771,0,3200,3200
16772,0,3200,3200
16773,0,3200,3200
16774,0,3200,3200
16775,0,3200,3200
16776,0,3200,3200
16777,0,3200,3200
16778,0,3200,3200
16779,0,3200,3200
16780,0,3200,3200
16781,0,3200,3200
16782,0,3200,3200
16783,0,3200,3200
16784,0,3200,3200
16785,0,3200,3200
16786,0,3200,3200
16787,0,3200,3200
16788,0,3200,3200
16789,0,3200,3200
16790,0,3200,3200
16791,0,3200,3200
16792,0,3200,3200
16793,0,3200,3200
16794,0,3200,3200
16795,0,3200,3200
16796,0,3200,3200
16797,0,3200,3200
16798,0,3200,3200
16799,0,3200,3200
16800,0,3200,3200
16801,0,3200,3200
16802,0,3200,3200
16803,0,3200,3200
16804,0,3200,3200
16805,0,3200,3200
16806,0,3200,3200
16807,0,3200,3200
16808,0,3200,3200
16809,0,3200,3200
16810,0,3200,3200
16811,0,3200,3200
16812,0,3200,3200
16813,0,3200,3200
16814,0,3200,3200
16815,0,3200,3200
16816,0,3200,3200
16817,0,3200,3200
16818,0,3200,3200
16819,0,3200,3200
16820,0,3200,3200
16821,0,3200,3200
16822,0,3200,3200
16823,0,3200,3200
16824,0,3200,3200
16825,0,3200,3200
16826,0,3200,3200
16827,0,3200,3200
16828,0,3200,3200
16829,0,3200,3200
16830,0,3200,3200
16831,0,3200,3200
16832,0,3200,3200
16833,0,3200,3200
16834,0,3200,3200
16835,0,3200,3200
16836,0,3200,3200
16837,0,3200,3200
16838,0,3200,3200
16839,0,3200,3200
16840,0,3200,3200
16841,0,3200,3200
16842,0,3200,3200
16843,0,3200,3200
16844,0,3200,3200
16845,0,3200,3200
16846,0,3200,3200
16847,0,3200,3200
16848,0,3200,3200
16849,0,3200,3200
16850,0,3200,3200
16851,0,3200,3200
16852,0,3200,3200
16853,0,3200,3200
16854,0,3200,3200
16855,0,3200,3200
16856,0,3200,3200
16857,0,3200,3200
16858,0,3200,3200
16859,0,3200,3200
16860,0,3200,3200
16861,0,3200,3200
16862,0,3200,3200
16863,0,3200,3200
16864,0,3200,3200
16865,0,3200,3200
16866,0,3200,3200
16867,0,3200,3200
16868,0,3200,3200
16869,0,3200,3200
16870,0,3200,3200
16871,0,3200,3200
16872,0,3200,3200
16873,0,3200,3200
16874,0,3200,3200
16875,0,3200,3200
16876,0,3200,3200
16877,0,3200,3200
16878,0,3200,3200
16879,0,3200,3200
16880,0,3200,3200
16881,0,3200,3200
16882,0,3200,3200
16883,0,3200,3200
16884,0,3200,3200
16885,0,3200,3200
16886,0,3200,3200
16887,0,3200,3200
16888,0,3200,3200
16889,0,3200,3200
16890,0,3200,3200
16891,0,3200,3200
16892,0,3200,3200
16893,0,3200,3200
16894,0,3200,3200
16895,0,3200,3200
16896,0,3200,3200
16897,0,3200,3200
16898,0,3200,3200
16899,0,3200,3200
16900,0,3200,3200
16901,0,3200,3200
16902,0,3200,3200
16903,0,3200,3200
16904,0,3200,3200
16905,0,3200,3200
16906,0,3200,3200
16907,0,3200,3200
16908,0,3200,3200
16909,0,3200,3200
16910,0,3200,3200
16911,0,3200,3200
16912,0,3200,3200
16913,0,3200,3200
16914,0,3200,3200
16915,0,3200,3200
16916,0,3200,3200
16917,0,3200,3200
16918,0,3200,3200
16919,0,3200,3200
16920,0,3200,3200
16921,0,3200,3200
16922,0,3200,3200
16923,0,3200,3200
16924,0,3200,3200
16925,0,3200,3200
16926,0,3200,3200
16927,0,3200,3200
16928,0,3200,3200
16929,0,3200,3200
16930,0,3200,3200
16931,0,3200,3200
16932,0,3200,3200
16933,0,3200,3200
16934,0,3200,3200
16935,0,3200,3200
16936,0,3200,3200
16937,0,3200,3200
16938,0,3200,3200
16939,0,3200,3200
16940,0,3200,3200
16941,0,3200,3200
16942,0,3200,3200
16943,0,3200,3200
16944,0,3200,3200
16945,0,3200,3200
16946,0,3200,3200
16947,0,3200,3200
16948,0,3200,3200
16949,0,3200,3200
16950,0,3200,3200
16951,0,3200,3200
16952,0,3200,3200
16953,0,3200,3200
16954,0,3200,3200
16955,0,3200,3200
16956,0,3200,3200
16957,0,3200,3200
16958,0,3200,3200
16959,0,3200,3200
16960,0,3200,3200
16961,0,3200,3200
16962,0,3200,3200
16963,0,3200,3200
16964,0,3200,3200
16965,0,3200,3200
16966,0,3200,3200
16967,0,3200,3200
16968,0,3200,3200
16969,0,3200,3200
16970,0,3200,3200
16971,0,3200,3200
16972,0,3200,3200
16973,0,3200,3200
16974,0,3200,3200
16975,0,3200,3200
16976,0,3200,3200
16977,0,3200,3200
16978,0,3200,3200
16979,0,3200,3200
16980,0,3200,3200
16981,0,3200,3200
16982,0,3200,3200
16983,0,3200,3200
16984,0,3200,3200
16985,0,3200,3200
16986,0,3200,3200
16987,0,3200,3200
16988,0,3200,3200
16989,0,3200,3200
16990,0,3200,3200
16991,0,3200,3200
16992,0,3200,3200
16993,0,3200,3200
16994,0,3200,3200
16995,0,3200,3200
16996,0,3200,3200
16997,0,3200,3200
16998,0,3200,3200
16999,0,3200,3200
17000,0,3200,3200
17001,0,3200,3200
17002,0,3200,3200
17003,0,3200,3200
17004,0,3200,3200
17005,0,3200,3200
17006,0,3200,3200
17007,0,3200,3200
17008,0,3200,3200
17009,0,3200,3200
17010,0,3200,3200
17011,0,3200,3200
17012,0,3200,3200
17013,0,3200,3200
17014,0,3200,3200
17015,0,3200,3200
17016,0,3200,3200
17017,0,3200,3200
17018,0,3200,3200
17019,0,3200,3200
17020,0,3200,3200
17021,0,3200,3200
17022,0,3200,3200
17023,0,3200,3200
17024,0,3200,3200
17025,0,3200,3200
17026,0,3200,3200
17027,0,3200,3200
17028,0,3200,3200
17029,0,3200,3200
17030,0,3200,3200
17031,0,3200,3200
17032,0,3200,3200
17033,0,3200,3200
17034,0,3200,3200
17035,0,3200,3200
17036,0,3200,3200
17037,0,3200,3200
17038,0,3200,3200
17039,0,3200,3200
17040,0,3200,3200
17041,0,3200,3200
17042,0,3200,3200
17043,0,3200,3200
17044,0,3200,3200
17045,0,3200,3200
17046,0,3200,3200
17047,0,3200,3200
17048,0,3200,3200
17049,0,3200,3200
17050,0,3200,3200
17051,0,3200,3200
17052,0,3200,3200
17053,0,3200,3200
17054,0,3200,3200
17055,0,3200,3200
17056,0,3200,3200
17057,0,3200,3200
17058,0,3200,3200
17059,0,3200,3200
17060,0,3200,3200
17061,0,3200,3200
17062,0,3200,3200
17063,0,3200,3200
17064,0,3200,3200
17065,0,3200,3200
17066,0,3200,3200
17067,0,3200,3200
17068,0,3200,3200
17069,0,3200,3200
17070,0,3200,3200
17071,0,3200,3200
17072,0,3200,3200
17073,0,3200,3200
17074,0,3200,3200
17075,0,3200,3200
17076,0,3200,3200
17077,0,3200,3200
17078,0,3200,3200
17079,0,3200,3200
17080,0,3200,3200
17081,0,3200,3200
17082,0,3200,3200
17083,0,3200,3200
17084,0,3200,3200
17085,0,3200,3200
17086,0,3200,3200
17087,0,3200,3200
17088,0,3200,3200
17089,0,3200,3200
17090,0,3200,3200
17091,0,3200,3200
17092,0,3200,3200
17093,0,3200,3200
17094,0,3200,3200
17095,0,3200,3200
17096,0,3200,3200
17097,0,3200,3200
17098,0,3200,3200
17099,0,3200,3200
17100,0,3200,3200
17101,0,3200,3200
17102,0,3200,3200
17103,0,3200,3200
17104,0,3200,3200
17105,0,3200,3200
17106,0,3200,3200
17107,0,3200,3200
17108,0,3200,3200
17109,0,3200,3200
17110,0,3200,3200
17111,0,3200,3200
17112,0,3200,3200
17113,0,3200,3200
17114,0,3200,3200
17115,0,3200,3200
17116,0,3200,3200
17117,0,3200,3200
17118,0,3200,3200
17119,0,3200,3200
17120,0,3200,3200
17121,0,3200,3200
17122,0,3200,3200
17123,0,3200,3200
17124,0,3200,3200
17125,0,3200,3200
17126,0,3200,3200
17127,0,3200,3200
17128,0,3200,3200
17129,0,3200,3200
17130,0,3200,3200
17131,0,3200,3200
17132,0,3200,3200
17133,0,3200,3200
17134,0,3200,3200
17135,0,3200,3200
17136,0,3200,3200
17137,0,3200,3200
17138,0,3200,3200
17139,0,3200,3200
17140,0,3200,3200
17141,0,3200,3200
17142,0,3200,3200
17143,0,3200,3200
17144,0,3200,3200
17145,0,3200,3200
17146,0,3200,3200
17147,0,3200,3200
17148,0,3200,3200
17149,0,3200,3200
17150,0,3200,3200
17151,0,3200,3200
17152,0,3200,3200
17153,0,3200,3200
17154,0,3200,3200
17155,0,3200,3200
17156,0,3200,3200
17157,0,3200,3200
17158,0,3200,3200
17159,0,3200,3200
17160,0,3200,3200
17161,0,3200,3200
17162,0,3200,3200
17163,0,3200,3200
17164,0,3200,3200
17165,0,3200,3200
17166,0,3200,3200
17167,0,3200,3200
17168,0,3200,3200
17169,0,3200,3200
17170,0,3200,3200
17171,0,3200,3200
17172,0,3200,3200
17173,0,3200,3200
17174,0,3200,3200
17175,0,3200,3200
17176,0,3200,3200
17177,0,3200,3200
17178,0,3200,3200
17179,0,3200,3200
17180,0,3200,3200
17181,0,3200,3200
17182,0,3200,3200
17183,0,3200,3200
17184,0,3200,3200
17185,0,3200,3200
17186,0,3200,3200
17187,0,3200,3200
17188,0,3200,3200
17189,0,3200,3200
17190,0,3200,3200
17191,0,3200,3200
17192,0,3200,3200
17193,0,3200,3200
17194,0,3200,3200
17195,0,3200,3200
17196,0,3200,3200
17197,0,3200,3200
17198,0,3200,3200
17199,0,3200,3200
17200,0,3200,3200
17201,0,3200,3200
17202,0,3200,3200
17203,0,3200,3200
17204,0,3200,3200
17205,0,3200,3200
17206,0,3200,3200
17207,0,3200,3200
17208,0,3200,3200
17209,0,3200,3200
17210,0,3200,3200
17211,0,3200,3200
17212,0,3200,3200
17213,0,3200,3200
17214,0,3200,3200
17215,0,3200,3200
17216,0,3200,3200
17217,0,3200,3200
17218,0,3200,3200
17219,0,3200,3200
17220,0,3200,3200
17221,0,3200,3200
17222,0,3200,3200
17223,0,3200,3200
17224,0,3200,3200
17225,0,3200,3200
17226,0,3200,3200
17227,0,3200,3200
17228,0,3200,3200
17229,0,3200,3200
17230,0,3200,3200
17231,0,3200,3200
17232,0,3200,3200
17233,0,3200,3200
17234,0,3200,3200
17235,0,3200,3200
17236,0,3200,3200
17237,0,3200,3200
17238,0,3200,3200
17239,0,3200,3200
17240,0,3200,3200
17241,0,3200,3200
17242,0,3200,3200
17243,0,3200,3200
17244,0,3200,3200
17245,0,3200,3200
17246,0,3200,3200
17247,0,3200,3200
17248,0,3200,3200
17249,0,3200,3200
17250,0,3200,3200
17251,0,3200,3200
17252,0,3200,3200
17253,0,3200,3200
17254,0,3200,3200
17255,0,3200,3200
17256,0,3200,3200
17257,0,3200,3200
17258,0,3200,3200
17259,0,3200,3200
17260,0,3200,3200
17261,0,3200,3200
17262,0,3200,3200
17263,0,3200,3200
17264,0,3200,3200
17265,0,3200,3200
17266,0,3200,3200
17267,0,3200,3200
17268,0,3200,3200
17269,0,3200,3200
17270,0,3200,3200
17271,0,3200,3200
17272,0,3200,3200
17273,0,3200,3200
17274,0,3200,3200
17275,0,3200,3200
17276,0,3200,3200
17277,0,3200,3200
17278,0,3200,3200
17279,0,3200,3200
17280,0,3200,3200
17281,0,3200,3200
17282,0,3200,3200
17283,0,3200,3200
17284,0,3200,3200
17285,0,3200,3200
17286,0,3200,3200
17287,0,3200,3200
17288,0,3200,3200
17289,0,3200,3200
17290,0,3200,3200
17291,0,3200,3200
17292,0,3200,3200
17293,0,3200,3200
17294,0,3200,3200
17295,0,3200,3200
17296,0,3200,3200
17297,0,3200,3200
17298,0,3200,3200
17299,0,3200,3200
17300,0,3200,3200
17301,0,3200,3200
17302,0,3200,3200
17303,0,3200,3200
17304,0,3200,3200
17305,0,3200,3200
17306,0,3200,3200
17307,0,3200,3200
17308,0,3200,3200
17309,0,3200,3200
17310,0,3200,3200
17311,0,3200,3200
17312,0,3200,3200
17313,0,3200,3200
17314,0,3200,3200
17315,0,3200,3200
17316,0,3200,3200
17317,0,3200,3200
17318,0,3200,3200
17319,0,3200,3200
17320,0,3200,3200
17321,0,3200,3200
17322,0,3200,3200
17323,0,3200,3200
17324,0,3200,3200
17325,0,3200,3200
17326,0,3200,3200
17327,0,3200,3200
17328,0,3200,3200
17329,0,3200,3200
17330,0,3200,3200
17331,0,3200,3200
17332,0,3200,3200
17333,0,3200,3200
17334,0,3200,3200
17335,0,3200,3200
17336,0,3200,3200
17337,0,3200,3200
17338,0,3200,3200
17339,0,3200,3200
17340,0,3200,3200
17341,0,3200,3200
17342,0,3200,3200
17343,0,3200,3200
17344,0,3200,3200
17345,0,3200,3200
17346,0,3200,3200
17347,0,3200,3200
17348,0,3200,3200
17349,0,3200,3200
17350,0,3200,3200
17351,0,3200,3200
17352,0,3200,3200
17353,0,3200,3200
17354,0,3200,3200
17355,0,3200,3200
17356,0,3200,3200
17357,0,3200,3200
17358,0,3200,3200
17359,0,3200,3200
17360,0,3200,3200
17361,0,3200,3200
17362,0,3200,3200
17363,0,3200,3200
17364,0,3200,3200
17365,0,3200,3200
17366,0,3200,3200
17367,0,3200,3200
17368,0,3200,3200
17369,0,3200,3200
17370,0,3200,3200
17371,0,3200,3200
17372,0,3200,3200
17373,0,3200,3200
17374,0,3200,3200
17375,0,3200,3200
17376,0,3200,3200
17377,0,3200,3200
17378,0,3200,3200
17379,0,3200,3200
17380,0,3200,3200
17381,0,3200,3200
17382,0,3200,3200
17383,0,3200,3200
17384,0,3200,3200
17385,0,3200,3200
17386,0,3200,3200
17387,0,3200,3200
17388,0,3200,3200
17389,0,3200,3200
17390,0,3200,3200
17391,0,3200,3200
17392,0,3200,3200
17393,0,3200,3200
17394,0,3200,3200
17395,0,3200,3200
17396,0,3200,3200
17397,0,3200,3200
17398,0,3200,3200
17399,0,3200,3200
17400,0,3200,3200
17401,0,3200,3200
17402,0,3200,3200
17403,0,3200,3200
17404,0,3200,3200
17405,0,3200,3200
17406,0,3200,3200
17407,0,3200,3200
17408,0,3200,3200
17409,0,3200,3200
17410,0,3200,3200
17411,0,3200,3200
17412,0,3200,3200
17413,0,3200,3200
17414,0,3200,3200
17415,0,3200,3200
17416,0,3200,3200
17417,0,3200,3200
17418,0,3200,3200
17419,0,3200,3200
17420,0,3200,3200
17421,0,3200,3200
17422,0,3200,3200
17423,0,3200,3200
17424,0,3200,3200
17425,0,3200,3200
17426,0,3200,3200
17427,0,3200,3200
17428,0,3200,3200
17429,0,3200,3200
17430,0,3200,3200
17431,0,3200,3200
17432,0,3200,3200
17433,0,3200,3200
17434,0,3200,3200
17435,0,3200,3200
17436,0,3200,3200
17437,0,3200,3200
17438,0,3200,3200
17439,0,3200,3200
17440,0,3200,3200
17441,0,3200,3200
17442,0,3200,3200
17443,0,3200,3200
17444,0,3200,3200
17445,0,3200,3200
17446,0,3200,3200
17447,0,3200,3200
17448,0,3200,3200
17449,0,3200,3200
17450,0,3200,3200
17451,0,3200,3200
17452,0,3200,3200
17453,0,3200,3200
17454,0,3200,3200
17455,0,3200,3200
17456,0,3200,3200
17457,0,3200,3200
17458,0,3200,3200
17459,0,3200,3200
17460,0,3200,3200
17461,0,3200,3200
17462,0,3200,3200
17463,0,3200,3200
17464,0,3200,3200
17465,0,3200,3200
17466,0,3200,3200
17467,0,3200,3200
17468,0,3200,3200
17469,0,3200,3200
17470,0,3200,3200
17471,0,3200,3200
17472,0,3200,3200
17473,0,3200,3200
17474,0,3200,3200
17475,0,3200,3200
17476,0,3200,3200
17477,0,3200,3200
17478,0,3200,3200
17479,0,3200,3200
17480,0,3200,3200
17481,0,3200,3200
17482,0,3200,3200
17483,0,3200,3200
17484,0,3200,3200
17485,0,3200,3200
17486,0,3200,3200
17487,0,3200,3200
17488,0,3200,3200
17489,0,3200,3200
17490,0,3200,3200
17491,0,3200,3200
17492,0,3200,3200
17493,0,3200,3200
17494,0,3200,3200
17495,0,3200,3200
17496,0,3200,3200
17497,0,3200,3200
17498,0,3200,3200
17499,0,3200,3200
17500,0,3200,3200
17501,0,3200,3200
17502,0,3200,3200
17503,0,3200,3200
17504,0,3200,3200
17505,0,3200,3200
17506,0,3200,3200
17507,0,3200,3200
17508,0,3200,3200
17509,0,3200,3200
17510,0,3200,3200
17511,0,3200,3200
17512,0,3200,3200
17513,0,3200,3200
17514,0,3200,3200
17515,0,3200,3200
17516,0,3200,3200
17517,0,3200,3200
17518,0,3200,3200
17519,0,3200,3200
17520,0,3200,3200
17521,0,3200,3200
17522,0,3200,3200
17523,0,3200,3200
17524,0,3200,3200
17525,0,3200,3200
17526,0,3200,3200
17527,0,3200,3200
17528,0,3200,3200
17529,0,3200,3200
17530,0,3200,3200
17531,0,3200,3200
17532,0,3200,3200
17533,0,3200,3200
17534,0,3200,3200
17535,0,3200,3200
17536,0,3200,3200
17537,0,3200,3200
17538,0,3200,3200
17539,0,3200,3200
17540,0,3200,3200
17541,0,3200,3200
17542,0,3200,3200
17543,0,3200,3200
17544,0,3200,3200
17545,0,3200,3200
17546,0,3200,3200
17547,0,3200,3200
17548,0,3200,3200
17549,0,3200,3200
17550,0,3200,3200
17551,0,3200,3200
17552,0,3200,3200
17553,0,3200,3200
17554,0,3200,3200
17555,0,3200,3200
17556,0,3200,3200
17557,0,3200,3200
17558,0,3200,3200
17559,0,3200,3200
17560,0,3200,3200
17561,0,3200,3200
17562,0,3200,3200
17563,0,3200,3200
17564,0,3200,3200
17565,0,3200,3200
17566,0,3200,3200
17567,0,3200,3200
17568,0,3200,3200
17569,0,3200,3200
17570,0,3200,3200
17571,0,3200,3200
17572,0,3200,3200
17573,0,3200,3200
17574,0,3200,3200
17575,0,3200,3200
17576,0,3200,3200
17577,0,3200,3200
17578,0,3200,3200
17579,0,3200,3200
17580,0,3200,3200
17581,0,3200,3200
17582,0,3200,3200
17583,0,3200,3200
17584,0,3200,3200
17585,0,3200,3200
17586,0,3200,3200
17587,0,3200,3200
17588,0,3200,3200
17589,0,3200,3200
17590,0,3200,3200
17591,0,3200,3200
17592,0,3200,3200
17593,0,3200,3200
17594,0,3200,3200
17595,0,3200,3200
17596,0,3200,3200
17597,0,3200,3200
17598,0,3200,3200
17599,0,3200,3200
17600,0,3200,3200
17601,0,3200,3200
17602,0,3200,3200
17603,0,3200,3200
17604,0,3200,3200
17605,0,3200,3200
17606,0,3200,3200
17607,0,3200,3200
17608,0,3200,3200
17609,0,3200,3200
17610,0,3200,3200
17611,0,3200,3200
17612,0,3200,3200
17613,0,3200,3200
17614,0,3200,3200
17615,0,3200,3200
17616,0,3200,3200
17617,0,3200,3200
17618,0,3200,3200
17619,0,3200,3200
17620,0,3200,3200
17621,0,3200,3200
17622,0,3200,3200
17623,0,3200,3200
17624,0,3200,3200
17625,0,3200,3200
17626,0,3200,3200
17627,0,3200,3200
17628,0,3200,3200
17629,0,3200,3200
17630,0,3200,3200
17631,0,3200,3200
17632,0,3200,3200
17633,0,3200,3200
17634,0,3200,3200
17635,0,3200,3200
17636,0,3200,3200
17637,0,3200,3200
17638,0,3200,3200
17639,0,3200,3200
17640,0,3200,3200
17641,0,3200,3200
17642,0,3200,3200
17643,0,3200,3200
17644,0,3200,3200
17645,0,3200,3200
17646,0,3200,3200
17647,0,3200,3200
17648,0,3200,3200
17649,0,3200,3200
17650,0,3200,3200
17651,0,3200,3200
17652,0,3200,3200
17653,0,3200,3200
17654,0,3200,3200
17655,0,3200,3200
17656,0,3200,3200
17657,0,3200,3200
17658,0,3200,3200
17659,0,3200,3200
17660,0,3200,3200
17661,0,3200,3200
17662,0,3200,3200
17663,0,3200,3200
17664,0,3200,3200
17665,0,3200,3200
17666,0,3200,3200
17667,0,3200,3200
17668,0,3200,3200
17669,0,3200,3200
17670,0,3200,3200
17671,0,3200,3200
17672,0,3200,3200
17673,0,3200,3200
17674,0,3200,3200
17675,0,3200,3200
17676,0,3200,3200
17677,0,3200,3200
17678,0,3200,3200
17679,0,3200,3200
17680,0,3200,3200
17681,0,3200,3200
17682,0,3200,3200
17683,0,3200,3200
17684,0,3200,3200
17685,0,3200,3200
17686,0,3200,3200
17687,0,3200,3200
17688,0,3200,3200
17689,0,3200,3200
17690,0,3200,3200
17691,0,3200,3200
17692,0,3200,3200
17693,0,3200,3200
17694,0,3200,3200
17695,0,3200,3200
17696,0,3200,3200
17697,0,3200,3200
17698,0,3200,3200
17699,0,3200,3200
17700,0,3200,3200
17701,0,3200,3200
17702,0,3200,3200
17703,0,3200,3200
17704,0,3200,3200
17705,0,3200,3200
17706,0,3200,3200
17707,0,3200,3200
17708,0,3200,3200
17709,0,3200,3200
17710,0,3200,3200
17711,0,3200,3200
17712,0,3200,3200
17713,0,3200,3200
17714,0,3200,3200
17715,0,3200,3200
17716,0,3200,3200
17717,0,3200,3200
17718,0,3200,3200
17719,0,3200,3200
17720,0,3200,3200
17721,0,3200,3200
17722,0,3200,3200
17723,0,3200,3200
17724,0,3200,3200
17725,0,3200,3200
17726,0,3200,3200
17727,0,3200,3200
17728,0,3200,3200
17729,0,3200,3200
17730,0,3200,3200
17731,0,3200,3200
17732,0,3200,3200
17733,0,3200,3200
17734,0,3200,3200
17735,0,3200,3200
17736,0,3200,3200
17737,0,3200,3200
17738,0,3200,3200
17739,0,3200,3200
17740,0,3200,3200
17741,0,3200,3200
17742,0,3200,3200
17743,0,3200,3200
17744,0,3200,3200
17745,0,3200,3200
17746,0,3200,3200
17747,0,3200,3200
17748,0,3200,3200
17749,0,3200,3200
17750,0,3200,3200
17751,0,3200,3200
17752,0,3200,3200
17753,0,3200,3200
17754,0,3200,3200
17755,0,3200,3200
17756,0,3200,3200
17757,0,3200,3200
17758,0,3200,3200
17759,0,3200,3200
17760,0,3200,3200
17761,0,3200,3200
17762,0,3200,3200
17763,0,3200,3200
17764,0,3200,3200
17765,0,3200,3200
17766,0,3200,3200
17767,0,3200,3200
17768,0,3200,3200
17769,0,3200,3200
17770,0,3200,3200
17771,0,3200,3200
17772,0,3200,3200
17773,0,3200,3200
17774,0,3200,3200
17775,0,3200,3200
17776,0,3200,3200
17777,0,3200,3200
17778,0,3200,3200
17779,0,3200,3200
17780,0,3200,3200
17781,0,3200,3200
17782,0,3200,3200
17783,0,3200,3200
17784,0,3200,3200
17785,0,3200,3200
17786,0,3200,3200
17787,0,3200,3200
17788,0,3200,3200
17789,0,3200,3200
17790,0,3200,3200
17791,0,3200,3200
17792,0,3200,3200
17793,0,3200,3200
17794,0,3200,3200
17795,0,3200,3200
17796,0,3200,3200
17797,0,3200,3200
17798,0,3200,3200
17799,0,3200,3200
17800,0,3200,3200
17801,0,3200,3200
17802,0,3200,3200
17803,0,3200,3200
17804,0,3200,3200
17805,0,3200,3200
17806,0,3200,3200
17807,0,3200,3200
17808,0,3200,3200
17809,0,3200,3200
17810,0,3200,3200
17811,0,3200,3200
17812,0,3200,3200
17813,0,3200,3200
17814,0,3200,3200
17815,0,3200,3200
17816,0,3200,3200
17817,0,3200,3200
17818,0,3200,3200
17819,0,3200,3200
17820,0,3200,3200
17821,0,3200,3200
17822,0,3200,3200
17823,0,3200,3200
17824,0,3200,3200
17825,0,3200,3200
17826,0,3200,3200
17827,0,3200,3200
17828,0,3200,3200
17829,0,3200,3200
17830,0,3200,3200
17831,0,3200,3200
17832,0,3200,3200
17833,0,3200,3200
17834,0,3200,3200
17835,0,3200,3200
17836,0,3200,3200
17837,0,3200,3200
17838,0,3200,3200
17839,0,3200,3200
17840,0,3200,3200
17841,0,3200,3200
17842,0,3200,3200
17843,0,3200,3200
17844,0,3200,3200
17845,0,3200,3200
17846,0,3200,3200
17847,0,3200,3200
17848,0,3200,3200
17849,0,3200,3200
17850,0,3200,3200
17851,0,3200,3200
17852,0,3200,3200
17853,0,3200,3200
17854,0,3200,3200
17855,0,3200,3200
17856,0,3200,3200
17857,0,3200,3200
17858,0,3200,3200
17859,0,3200,3200
17860,0,3200,3200
17861,0,3200,3200
17862,0,3200,3200
17863,0,3200,3200
17864,0,3200,3200
17865,0,3200,3200
17866,0,3200,3200
17867,0,3200,3200
17868,0,3200,3200
17869,0,3200,3200
17870,0,3200,3200
17871,0,3200,3200
17872,0,3200,3200
17873,0,3200,3200
17874,0,3200,3200
17875,0,3200,3200
17876,0,3200,3200
17877,0,3200,3200
17878,0,3200,3200
17879,0,3200,3200
17880,0,3200,3200
17881,0,3200,3200
17882,0,3200,3200
17883,0,3200,3200
17884,0,3200,3200
17885,0,3200,3200
17886,0,3200,3200
17887,0,3200,3200
17888,0,3200,3200
17889,0,3200,3200
17890,0,3200,3200
17891,0,3200,3200
17892,0,3200,3200
17893,0,3200,3200
17894,0,3200,3200
17895,0,3200,3200
17896,0,3200,3200
17897,0,3200,3200
17898,0,3200,3200
17899,0,3200,3200
17900,0,3200,3200
17901,0,3200,3200
17902,0,3200,3200
17903,0,3200,3200
17904,0,3200,3200
17905,0,3200,3200
17906,0,3200,3200
17907,0,3200,3200
17908,0,3200,3200
17909,0,3200,3200
17910,0,3200,3200
17911,0,3200,3200
17912,0,3200,3200
17913,0,3200,3200
17914,0,3200,3200
17915,0,3200,3200
17916,0,3200,3200
17917,0,3200,3200
17918,0,3200,3200
17919,0,3200,3200
17920,0,3200,3200
17921,0,3200,3200
17922,0,3200,3200
17923,0,3200,3200
17924,0,3200,3200
17925,0,3200,3200
17926,0,3200,3200
17927,0,3200,3200
17928,0,3200,3200
17929,0,3200,3200
17930,0,3200,3200
17931,0,3200,3200
17932,0,3200,3200
17933,0,3200,3200
17934,0,3200,3200
17935,0,3200,3200
17936,0,3200,3200
17937,0,3200,3200
17938,0,3200,3200
17939,0,3200,3200
17940,0,3200,3200
17941,0,3200,3200
17942,0,3200,3200
17943,0,3200,3200
17944,0,3200,3200
17945,0,3200,3200
17946,0,3200,3200
17947,0,3200,3200
17948,0,3200,3200
17949,0,3200,3200
17950,0,3200,3200
17951,0,3200,3200
17952,0,3200,3200
17953,0,3200,3200
17954,0,3200,3200
17955,0,3200,3200
17956,0,3200,3200
17957,0,3200,3200
17958,0,3200,3200
17959,0,3200,3200
17960,0,3200,3200
17961,0,3200,3200
17962,0,3200,3200
17963,0,3200,3200
17964,0,3200,3200
17965,0,3200,3200
17966,0,3200,3200
17967,0,3200,3200
17968,0,3200,3200
17969,0,3200,3200
17970,0,3200,3200
17971,0,3200,3200
17972,0,3200,3200
17973,0,3200,3200
17974,0,3200,3200
17975,0,3200,3200
17976,0,3200,3200
17977,0,3200,3200
17978,0,3200,3200
17979,0,3200,3200
17980,0,3200,3200
17981,0,3200,3200
17982,0,3200,3200
17983,0,3200,3200
17984,0,3200,3200
17985,0,3200,3200
17986,0,3200,3200
17987,0,3200,3200
17988,0,3200,3200
17989,0,3200,3200
17990,0,3200,3200
17991,0,3200,3200
17992,0,3200,3200
17993,0,3200,3200
17994,0,3200,3200
17995,0,3200,3200
17996,0,3200,3200
17997,0,3200,3200
17998,0,3200,3200
17999,0,3200,3200
18000,0,3200,3200
18001,0,3200,3200
18002,0,3200,3200
18003,0,3200,3200
18004,0,3200,3200
18005,0,3200,3200
18006,0,3200,3200
18007,0,3200,3200
18008,0,3200,3200
18009,0,3200,3200
18010,0,3200,3200
18011,0,3200,3200
18012,0,3200,3200
18013,0,3200,3200
18014,0,3200,3200
18015,0,3200,3200
18016,0,3200,3200
18017,0,3200,3200
18018,0,3200,3200
18019,0,3200,3200
18020,0,3200,3200
18021,0,3200,3200
18022,0,3200,3200
18023,0,3200,3200
18024,0,3200,3200
18025,0,3200,3200
18026,0,3200,3200
18027,0,3200,3200
18028,0,3200,3200
18029,0,3200,3200
18030,0,3200,3200
18031,0,3200,3200
18032,0,3200,3200
18033,0,3200,3200
18034,0,3200,3200
18035,0,3200,3200
18036,0,3200,3200
18037,0,3200,3200
18038,0,3200,3200
18039,0,3200,3200
18040,0,3200,3200
18041,0,3200,3200
18042,0,3200,3200
18043,0,3200,3200
18044,0,3200,3200
18045,0,3200,3200
18046,0,3200,3200
18047,0,3200,3200
18048,0,3200,3200
18049,0,3200,3200
18050,0,3200,3200
18051,0,3200,3200
18052,0,3200,3200
18053,0,3200,3200
18054,0,3200,3200
18055,0,3200,3200
18056,0,3200,3200
18057,0,3200,3200
18058,0,3200,3200
18059,0,3200,3200
18060,0,3200,3200
18061,0,3200,3200
18062,0,3200,3200
18063,0,3200,3200
18064,0,3200,3200
18065,0,3200,3200
18066,0,3200,3200
18067,0,3200,3200
18068,0,3200,3200
18069,0,3200,3200
18070,0,3200,3200
18071,0,3200,3200
18072,0,3200,3200
18073,0,3200,3200
18074,0,3200,3200
18075,0,3200,3200
18076,0,3200,3200
18077,0,3200,3200
18078,0,3200,3200
18079,0,3200,3200
18080,0,3200,3200
18081,0,3200,3200
18082,0,3200,3200
18083,0,3200,3200
18084,0,3200,3200
18085,0,3200,3200
18086,0,3200,3200
18087,0,3200,3200
18088,0,3200,3200
18089,0,3200,3200
18090,0,3200,3200
18091,0,3200,3200
18092,0,3200,3200
18093,0,3200,3200
18094,0,3200,3200
18095,0,3200,3200
18096,0,3200,3200
18097,0,3200,3200
18098,0,3200,3200
18099,0,3200,3200
18100,0,3200,3200
18101,0,3200,3200
18102,0,3200,3200
18103,0,3200,3200
18104,0,3200,3200
18105,0,3200,3200
18106,0,3200,3200
18107,0,3200,3200
18108,0,3200,3200
18109,0,3200,3200
18110,0,3200,3200
18111,0,3200,3200
18112,0,3200,3200
18113,0,3200,3200
18114,0,3200,3200
18115,0,3200,3200
18116,0,3200,3200
18117,0,3200,3200
18118,0,3200,3200
18119,0,3200,3200
18120,0,3200,3200
18121,0,3200,3200
18122,0,3200,3200
18123,0,3200,3200
18124,0,3200,3200
18125,0,3200,3200
18126,0,3200,3200
18127,0,3200,3200
18128,0,3200,3200
18129,0,3200,3200
18130,0,3200,3200
18131,0,3200,3200
18132,0,3200,3200
18133,0,3200,3200
18134,0,3200,3200
18135,0,3200,3200
18136,0,3200,3200
18137,0,3200,3200
18138,0,3200,3200
18139,0,3200,3200
18140,0,3200,3200
18141,0,3200,3200
18142,0,3200,3200
18143,0,3200,3200
18144,0,3200,3200
18145,0,3200,3200
18146,0,3200,3200
18147,0,3200,3200
18148,0,3200,3200
18149,0,3200,3200
18150,0,3200,3200
18151,0,3200,3200
18152,0,3200,3200
18153,0,3200,3200
18154,0,3200,3200
18155,0,3200,3200
18156,0,3200,3200
18157,0,3200,3200
18158,0,3200,3200
18159,0,3200,3200
18160,0,3200,3200
18161,0,3200,3200
18162,0,3200,3200
18163,0,3200,3200
18164,0,3200,3200
18165,0,3200,3200
18166,0,3200,3200
18167,0,3200,3200
18168,0,3200,3200
18169,0,3200,3200
18170,0,3200,3200
18171,0,3200,3200
18172,0,3200,3200
18173,0,3200,3200
18174,0,3200,3200
18175,0,3200,3200
18176,0,3200,3200
18177,0,3200,3200
18178,0,3200,3200
18179,0,3200,3200
18180,0,3200,3200
18181,0,3200,3200
18182,0,3200,3200
18183,0,3200,3200
18184,0,3200,3200
18185,0,3200,3200
18186,0,3200,3200
18187,0,3200,3200
18188,0,3200,3200
18189,0,3200,3200
18190,0,3200,3200
18191,0,3200,3200
18192,0,3200,3200
18193,0,3200,3200
18194,0,3200,3200
18195,0,3200,3200
18196,0,3200,3200
18197,0,3200,3200
18198,0,3200,3200
18199,0,3200,3200
18200,0,3200,3200
18201,0,3200,3200
18202,0,3200,3200
18203,0,3200,3200
18204,0,3200,3200
18205,0,3200,3200
18206,0,3200,3200
18207,0,3200,3200
18208,0,3200,3200
18209,0,3200,3200
18210,0,3200,3200
18211,0,3200,3200
18212,0,3200,3200
18213,0,3200,3200
18214,0,3200,3200
18215,0,3200,3200
18216,0,3200,3200
18217,0,3200,3200
18218,0,3200,3200
18219,0,3200,3200
18220,0,3200,3200
18221,0,3200,3200
18222,0,3200,3200
18223,0,3200,3200
18224,0,3200,3200
18225,0,3200,3200
18226,0,3200,3200
18227,0,3200,3200
18228,0,3200,3200
18229,0,3200,3200
18230,0,3200,3200
18231,0,3200,3200
18232,0,3200,3200
18233,0,3200,3200
18234,0,3200,3200
18235,0,3200,3200
18236,0,3200,3200
18237,0,3200,3200
18238,0,3200,3200
18239,0,3200,3200
18240,0,3200,3200
18241,0,3200,3200
18242,0,3200,3200
18243,0,3200,3200
18244,0,3200,3200
18245,0,3200,3200
18246,0,3200,3200
18247,0,3200,3200
18248,0,3200,3200
18249,0,3200,3200
18250,0,3200,3200
18251,0,3200,3200
18252,0,3200,3200
18253,0,3200,3200
18254,0,3200,3200
18255,0,3200,3200
18256,0,3200,3200
18257,0,3200,3200
18258,0,3200,3200
18259,0,3200,3200
18260,0,3200,3200
18261,0,3200,3200
18262,0,3200,3200
18263,0,3200,3200
18264,0,3200,3200
18265,0,3200,3200
18266,0,3200,3200
18267,0,3200,3200
18268,0,3200,3200
18269,0,3200,3200
18270,0,3200,3200
18271,0,3200,3200
18272,0,3200,3200
18273,0,3200,3200
18274,0,3200,3200
18275,0,3200,3200
18276,0,3200,3200
18277,0,3200,3200
18278,0,3200,3200
18279,0,3200,3200
18280,0,3200,3200
18281,0,3200,3200
18282,0,3200,3200
18283,0,3200,3200
18284,0,3200,3200
18285,0,3200,3200
18286,0,3200,3200
18287,0,3200,3200
18288,0,3200,3200
18289,0,3200,3200
18290,0,3200,3200
18291,0,3200,3200
18292,0,3200,3200
18293,0,3200,3200
18294,0,3200,3200
18295,0,3200,3200
18296,0,3200,3200
18297,0,3200,3200
18298,0,3200,3200
18299,0,3200,3200
18300,0,3200,3200
18301,0,3200,3200
18302,0,3200,3200
18303,0,3200,3200
18304,0,3200,3200
18305,0,3200,3200
18306,0,3200,3200
18307,0,3200,3200
18308,0,3200,3200
18309,0,3200,3200
18310,0,3200,3200
18311,0,3200,3200
18312,0,3200,3200
18313,0,3200,3200
18314,0,3200,3200
18315,0,3200,3200
18316,0,3200,3200
18317,0,3200,3200
18318,0,3200,3200
18319,0,3200,3200
18320,0,3200,3200
18321,0,3200,3200
18322,0,3200,3200
18323,0,3200,3200
18324,0,3200,3200
18325,0,3200,3200
18326,0,3200,3200
18327,0,3200,3200
18328,0,3200,3200
18329,0,3200,3200
18330,0,3200,3200
18331,0,3200,3200
18332,0,3200,3200
18333,0,3200,3200
18334,0,3200,3200
18335,0,3200,3200
18336,0,3200,3200
18337,0,3200,3200
18338,0,3200,3200
18339,0,3200,3200
18340,0,3200,3200
18341,0,3200,3200
18342,0,3200,3200
18343,0,3200,3200
18344,0,3200,3200
18345,0,3200,3200
18346,0,3200,3200
18347,0,3200,3200
18348,0,3200,3200
18349,0,3200,3200
18350,0,3200,3200
18351,0,3200,3200
18352,0,3200,3200
18353,0,3200,3200
18354,0,3200,3200
18355,0,3200,3200
18356,0,3200,3200
18357,0,3200,3200
18358,0,3200,3200
18359,0,3200,3200
18360,0,3200,3200
18361,0,3200,3200
18362,0,3200,3200
18363,0,3200,3200
18364,0,3200,3200
18365,0,3200,3200
18366,0,3200,3200
18367,0,3200,3200
18368,0,3200,3200
18369,0,3200,3200
18370,0,3200,3200
18371,0,3200,3200
18372,0,3200,3200
18373,0,3200,3200
18374,0,3200,3200
18375,0,3200,3200
18376,0,3200,3200
18377,0,3200,3200
18378,0,3200,3200
18379,0,3200,3200
18380,0,3200,3200
18381,0,3200,3200
18382,0,3200,3200
18383,0,3200,3200
18384,0,3200,3200
18385,0,3200,3200
18386,0,3200,3200
18387,0,3200,3200
18388,0,3200,3200
18389,0,3200,3200
18390,0,3200,3200
18391,0,3200,3200
18392,0,3200,3200
18393,0,3200,3200
18394,0,3200,3200
18395,0,3200,3200
18396,0,3200,3200
18397,0,3200,3200
18398,0,3200,3200
18399,0,3200,3200
18400,0,3200,3200
18401,0,3200,3200
18402,0,3200,3200
18403,0,3200,3200
18404,0,3200,3200
18405,0,3200,3200
18406,0,3200,3200
18407,0,3200,3200
18408,0,3200,3200
18409,0,3200,3200
18410,0,3200,3200
18411,0,3200,3200
18412,0,3200,3200
18413,0,3200,3200
18414,0,3200,3200
18415,0,3200,3200
18416,0,3200,3200
18417,0,3200,3200
18418,0,3200,3200
18419,0,3200,3200
18420,0,3200,3200
18421,0,3200,3200
18422,0,3200,3200
18423,0,3200,3200
18424,0,3200,3200
18425,0,3200,3200
18426,0,3200,3200
18427,0,3200,3200
18428,0,3200,3200
18429,0,3200,3200
18430,0,3200,3200
18431,0,3200,3200
18432,0,3200,3200
18433,0,3200,3200
18434,0,3200,3200
18435,0,3200,3200
18436,0,3200,3200
18437,0,3200,3200
18438,0,3200,3200
18439,0,3200,3200
18440,0,3200,3200
18441,0,3200,3200
18442,0,3200,3200
18443,0,3200,3200
18444,0,3200,3200
18445,0,3200,3200
18446,0,3200,3200
18447,0,3200,3200
18448,0,3200,3200
18449,0,3200,3200
18450,0,3200,3200
18451,0,3200,3200
18452,0,3200,3200
18453,0,3200,3200
18454,0,3200,3200
18455,0,3200,3200
18456,0,3200,3200
18457,0,3200,3200
18458,0,3200,3200
18459,0,3200,3200
18460,0,3200,3200
18461,0,3200,3200
18462,0,3200,3200
18463,0,3200,3200
18464,0,3200,3200
18465,0,3200,3200
18466,0,3200,3200
18467,0,3200,3200
18468,0,3200,3200
18469,0,3200,3200
18470,0,3200,3200
18471,0,3200,3200
18472,0,3200,3200
18473,0,3200,3200
18474,0,3200,3200
18475,0,3200,3200
18476,0,3200,3200
18477,0,3200,3200
18478,0,3200,3200
18479,0,3200,3200
18480,0,3200,3200
18481,0,3200,3200
18482,0,3200,3200
18483,0,3200,3200
18484,0,3200,3200
18485,0,3200,3200
18486,0,3200,3200
18487,0,3200,3200
18488,0,3200,3200
18489,0,3200,3200
18490,0,3200,3200
18491,0,3200,3200
18492,0,3200,3200
18493,0,3200,3200
18494,0,3200,3200
18495,0,3200,3200
18496,0,3200,3200
18497,0,3200,3200
18498,0,3200,3200
18499,0,3200,3200
18500,0,3200,3200
18501,0,3200,3200
18502,0,3200,3200
18503,0,3200,3200
18504,0,3200,3200
18505,0,3200,3200
18506,0,3200,3200
18507,0,3200,3200
18508,0,3200,3200
18509,0,3200,3200
18510,0,3200,3200
18511,0,3200,3200
18512,0,3200,3200
18513,0,3200,3200
18514,0,3200,3200
18515,0,3200,3200
18516,0,3200,3200
18517,0,3200,3200
18518,0,3200,3200
18519,0,3200,3200
18520,0,3200,3200
18521,0,3200,3200
18522,0,3200,3200
18523,0,3200,3200
18524,0,3200,3200
18525,0,3200,3200
18526,0,3200,3200
18527,0,3200,3200
18528,0,3200,3200
18529,0,3200,3200
18530,0,3200,3200
18531,0,3200,3200
18532,0,3200,3200
18533,0,3200,3200
18534,0,3200,3200
18535,0,3200,3200
18536,0,3200,3200
18537,0,3200,3200
18538,0,3200,3200
18539,0,3200,3200
18540,0,3200,3200
18541,0,3200,3200
18542,0,3200,3200
18543,0,3200,3200
18544,0,3200,3200
18545,0,3200,3200
18546,0,3200,3200
18547,0,3200,3200
18548,0,3200,3200
18549,0,3200,3200
18550,0,3200,3200
18551,0,3200,3200
18552,0,3200,3200
18553,0,3200,3200
18554,0,3200,3200
18555,0,3200,3200
18556,0,3200,3200
18557,0,3200,3200
18558,0,3200,3200
18559,0,3200,3200
18560,0,3200,3200
18561,0,3200,3200
18562,0,3200,3200
18563,0,3200,3200
18564,0,3200,3200
18565,0,3200,3200
18566,0,3200,3200
18567,0,3200,3200
18568,0,3200,3200
18569,0,3200,3200
18570,0,3200,3200
18571,0,3200,3200
18572,0,3200,3200
18573,0,3200,3200
18574,0,3200,3200
18575,0,3200,3200
18576,0,3200,3200
18577,0,3200,3200
18578,0,3200,3200
18579,0,3200,3200
18580,0,3200,3200
18581,0,3200,3200
18582,0,3200,3200
18583,0,3200,3200
18584,0,3200,3200
18585,0,3200,3200
18586,0,3200,3200
18587,0,3200,3200
18588,0,3200,3200
18589,0,3200,3200
18590,0,3200,3200
18591,0,3200,3200
18592,0,3200,3200
18593,0,3200,3200
18594,0,3200,3200
18595,0,3200,3200
18596,0,3200,3200
18597,0,3200,3200
18598,0,3200,3200
18599,0,3200,3200
18600,0,3200,3200
18601,0,3200,3200
18602,0,3200,3200
18603,0,3200,3200
18604,0,3200,3200
18605,0,3200,3200
18606,0,3200,3200
18607,0,3200,3200
18608,0,3200,3200
18609,0,3200,3200
18610,0,3200,3200
18611,0,3200,3200
18612,0,3200,3200
18613,0,3200,3200
18614,0,3200,3200
18615,0,3200,3200
18616,0,3200,3200
18617,0,3200,3200
18618,0,3200,3200
18619,0,3200,3200
18620,0,3200,3200
18621,0,3200,3200
18622,0,3200,3200
18623,0,3200,3200
18624,0,3200,3200
18625,0,3200,3200
18626,0,3200,3200
18627,0,3200,3200
18628,0,3200,3200
18629,0,3200,3200
18630,0,3200,3200
18631,0,3200,3200
18632,0,3200,3200
18633,0,3200,3200
18634,0,3200,3200
18635,0,3200,3200
18636,0,3200,3200
18637,0,3200,3200
18638,0,3200,3200
18639,0,3200,3200
18640,0,3200,3200
18641,0,3200,3200
18642,0,3200,3200
18643,0,3200,3200
18644,0,3200,3200
18645,0,3200,3200
18646,0,3200,3200
18647,0,3200,3200
18648,0,3200,3200
18649,0,3200,3200
18650,0,3200,3200
18651,0,3200,3200
18652,0,3200,3200
18653,0,3200,3200
18654,0,3200,3200
18655,0,3200,3200
18656,0,3200,3200
18657,0,3200,3200
18658,0,3200,3200
18659,0,3200,3200
18660,0,3200,3200
18661,0,3200,3200
18662,0,3200,3200
18663,0,3200,3200
18664,0,3200,3200
18665,0,3200,3200
18666,0,3200,3200
18667,0,3200,3200
18668,0,3200,3200
18669,0,3200,3200
18670,0,3200,3200
18671,0,3200,3200
18672,0,3200,3200
18673,0,3200,3200
18674,0,3200,3200
18675,0,3200,3200
18676,0,3200,3200
18677,0,3200,3200
18678,0,3200,3200
18679,0,3200,3200
18680,0,3200,3200
18681,0,3200,3200
18682,0,3200,3200
18683,0,3200,3200
18684,0,3200,3200
18685,0,3200,3200
18686,0,3200,3200
18687,0,3200,3200
18688,0,3200,3200
18689,0,3200,3200
18690,0,3200,3200
18691,0,3200,3200
18692,0,3200,3200
18693,0,3200,3200
18694,0,3200,3200
18695,0,3200,3200
18696,0,3200,3200
18697,0,3200,3200
18698,0,3200,3200
18699,0,3200,3200
18700,0,3200,3200
18701,0,3200,3200
18702,0,3200,3200
18703,0,3200,3200
18704,0,3200,3200
18705,0,3200,3200
18706,0,3200,3200
18707,0,3200,3200
18708,0,3200,3200
18709,0,3200,3200
18710,0,3200,3200
18711,0,3200,3200
18712,0,3200,3200
18713,0,3200,3200
18714,0,3200,3200
18715,0,3200,3200
18716,0,3200,3200
18717,0,3200,3200
18718,0,3200,3200
18719,0,3200,3200
18720,0,3200,3200
18721,0,3200,3200
18722,0,3200,3200
18723,0,3200,3200
18724,0,3200,3200
18725,0,3200,3200
18726,0,3200,3200
18727,0,3200,3200
18728,0,3200,3200
18729,0,3200,3200
18730,0,3200,3200
18731,0,3200,3200
18732,0,3200,3200
18733,0,3200,3200
18734,0,3200,3200
18735,0,3200,3200
18736,0,3200,3200
18737,0,3200,3200
18738,0,3200,3200
18739,0,3200,3200
18740,0,3200,3200
18741,0,3200,3200
18742,0,3200,3200
18743,0,3200,3200
18744,0,3200,3200
18745,0,3200,3200
18746,0,3200,3200
18747,0,3200,3200
18748,0,3200,3200
18749,0,3200,3200
18750,0,3200,3200
18751,0,3200,3200
18752,0,3200,3200
18753,0,3200,3200
18754,0,3200,3200
18755,0,3200,3200
18756,0,3200,3200
18757,0,3200,3200
18758,0,3200,3200
18759,0,3200,3200
18760,0,3200,3200
18761,0,3200,3200
18762,0,3200,3200
18763,0,3200,3200
18764,0,3200,3200
18765,0,3200,3200
18766,0,3200,3200
18767,0,3200,3200
18768,0,3200,3200
18769,0,3200,3200
18770,0,3200,3200
18771,0,3200,3200
18772,0,3200,3200
18773,0,3200,3200
18774,0,3200,3200
18775,0,3200,3200
18776,0,3200,3200
18777,0,3200,3200
18778,0,3200,3200
18779,0,3200,3200
18780,0,3200,3200
18781,0,3200,3200
18782,0,3200,3200
18783,0,3200,3200
18784,0,3200,3200
18785,0,3200,3200
18786,0,3200,3200
18787,0,3200,3200
18788,0,3200,3200
18789,0,3200,3200
18790,0,3200,3200
18791,0,3200,3200
18792,0,3200,3200
18793,0,3200,3200
18794,0,3200,3200
18795,0,3200,3200
18796,0,3200,3200
18797,0,3200,3200
18798,0,3200,3200
18799,0,3200,3200
18800,0,3200,3200
18801,0,3200,3200
18802,0,3200,3200
18803,0,3200,3200
18804,0,3200,3200
18805,0,3200,3200
18806,0,3200,3200
18807,0,3200,3200
18808,0,3200,3200
18809,0,3200,3200
18810,0,3200,3200
18811,0,3200,3200
18812,0,3200,3200
18813,0,3200,3200
18814,0,3200,3200
18815,0,3200,3200
18816,0,3200,3200
18817,0,3200,3200
18818,0,3200,3200
18819,0,3200,3200
18820,0,3200,3200
18821,0,3200,3200
18822,0,3200,3200
18823,0,3200,3200
18824,0,3200,3200
18825,0,3200,3200
18826,0,3200,3200
18827,0,3200,3200
18828,0,3200,3200
18829,0,3200,3200
18830,0,3200,3200
18831,0,3200,3200
18832,0,3200,3200
18833,0,3200,3200
18834,0,3200,3200
18835,0,3200,3200
18836,0,3200,3200
18837,0,3200,3200
18838,0,3200,3200
18839,0,3200,3200
18840,0,3200,3200
18841,0,3200,3200
18842,0,3200,3200
18843,0,3200,3200
18844,0,3200,3200
18845,0,3200,3200
18846,0,3200,3200
18847,0,3200,3200
18848,0,3200,3200
18849,0,3200,3200
18850,0,3200,3200
18851,0,3200,3200
18852,0,3200,3200
18853,0,3200,3200
18854,0,3200,3200
18855,0,3200,3200
18856,0,3200,3200
18857,0,3200,3200
18858,0,3200,3200
18859,0,3200,3200
18860,0,3200,3200
18861,0,3200,3200
18862,0,3200,3200
18863,0,3200,3200
18864,0,3200,3200
18865,0,3200,3200
18866,0,3200,3200
18867,0,3200,3200
18868,0,3200,3200
18869,0,3200,3200
18870,0,3200,3200
18871,0,3200,3200
18872,0,3200,3200
18873,0,3200,3200
18874,0,3200,3200
18875,0,3200,3200
18876,0,3200,3200
18877,0,3200,3200
18878,0,3200,3200
18879,0,3200,3200
18880,0,3200,3200
18881,0,3200,3200
18882,0,3200,3200
18883,0,3200,3200
18884,0,3200,3200
18885,0,3200,3200
18886,0,3200,3200
18887,0,3200,3200
18888,0,3200,3200
18889,0,3200,3200
18890,0,3200,3200
18891,0,3200,3200
18892,0,3200,3200
18893,0,3200,3200
18894,0,3200,3200
18895,0,3200,3200
18896,0,3200,3200
18897,0,3200,3200
18898,0,3200,3200
18899,0,3200,3200
18900,0,3200,3200
18901,0,3200,3200
18902,0,3200,3200
18903,0,3200,3200
18904,0,3200,3200
18905,0,3200,3200
18906,0,3200,3200
18907,0,3200,3200
18908,0,3200,3200
18909,0,3200,3200
18910,0,3200,3200
18911,0,3200,3200
18912,0,3200,3200
18913,0,3200,3200
18914,0,3200,3200
18915,0,3200,3200
18916,0,3200,3200
18917,0,3200,3200
18918,0,3200,3200
18919,0,3200,3200
18920,0,3200,3200
18921,0,3200,3200
18922,0,3200,3200
18923,0,3200,3200
18924,0,3200,3200
18925,0,3200,3200
18926,0,3200,3200
18927,0,3200,3200
18928,0,3200,3200
18929,0,3200,3200
18930,0,3200,3200
18931,0,3200,3200
18932,0,3200,3200
18933,0,3200,3200
18934,0,3200,3200
18935,0,3200,3200
18936,0,3200,3200
18937,0,3200,3200
18938,0,3200,3200
18939,0,3200,3200
18940,0,3200,3200
18941,0,3200,3200
18942,0,3200,3200
18943,0,3200,3200
18944,0,3200,3200
18945,0,3200,3200
18946,0,3200,3200
18947,0,3200,3200
18948,0,3200,3200
18949,0,3200,3200
18950,0,3200,3200
18951,0,3200,3200
18952,0,3200,3200
18953,0,3200,3200
18954,0,3200,3200
18955,0,3200,3200
18956,0,3200,3200
18957,0,3200,3200
18958,0,3200,3200
18959,0,3200,3200
18960,0,3200,3200
18961,0,3200,3200
18962,0,3200,3200
18963,0,3200,3200
18964,0,3200,3200
18965,0,3200,3200
18966,0,3200,3200
18967,0,3200,3200
18968,0,3200,3200
18969,0,3200,3200
18970,0,3200,3200
18971,0,3200,3200
18972,0,3200,3200
18973,0,3200,3200
18974,0,3200,3200
18975,0,3200,3200
18976,0,3200,3200
18977,0,3200,3200
18978,0,3200,3200
18979,0,3200,3200
18980,0,3200,3200
18981,0,3200,3200
18982,0,3200,3200
18983,0,3200,3200
18984,0,3200,3200
18985,0,3200,3200
18986,0,3200,3200
18987,0,3200,3200
18988,0,3200,3200
18989,0,3200,3200
18990,0,3200,3200
18991,0,3200,3200
18992,0,3200,3200
18993,0,3200,3200
18994,0,3200,3200
18995,0,3200,3200
18996,0,3200,3200
18997,0,3200,3200
18998,0,3200,3200
18999,0,3200,3200
19000,0,3200,3200
19001,0,3200,3200
19002,0,3200,3200
19003,0,3200,3200
19004,0,3200,3200
19005,0,3200,3200
19006,0,3200,3200
19007,0,3200,3200
19008,0,3200,3200
19009,0,3200,3200
19010,0,3200,3200
19011,0,3200,3200
19012,0,3200,3200
19013,0,3200,3200
19014,0,3200,3200
19015,0,3200,3200
19016,0,3200,3200
19017,0,3200,3200
19018,0,3200,3200
19019,0,3200,3200
19020,0,3200,3200
19021,0,3200,3200
19022,0,3200,3200
19023,0,3200,3200
19024,0,3200,3200
19025,0,3200,3200
19026,0,3200,3200
19027,0,3200,3200
19028,0,3200,3200
19029,0,3200,3200
19030,0,3200,3200
19031,0,3200,3200
19032,0,3200,3200
19033,0,3200,3200
19034,0,3200,3200
19035,0,3200,3200
19036,0,3200,3200
19037,0,3200,3200
19038,0,3200,3200
19039,0,3200,3200
19040,0,3200,3200
19041,0,3200,3200
19042,0,3200,3200
19043,0,3200,3200
19044,0,3200,3200
19045,0,3200,3200
19046,0,3200,3200
19047,0,3200,3200
19048,0,3200,3200
19049,0,3200,3200
19050,0,3200,3200
19051,0,3200,3200
19052,0,3200,3200
19053,0,3200,3200
19054,0,3200,3200
19055,0,3200,3200
19056,0,3200,3200
19057,0,3200,3200
19058,0,3200,3200
19059,0,3200,3200
19060,0,3200,3200
19061,0,3200,3200
19062,0,3200,3200
19063,0,3200,3200
19064,0,3200,3200
19065,0,3200,3200
19066,0,3200,3200
19067,0,3200,3200
19068,0,3200,3200
19069,0,3200,3200
19070,0,3200,3200
19071,0,3200,3200
19072,0,3200,3200
19073,0,3200,3200
19074,0,3200,3200
19075,0,3200,3200
19076,0,3200,3200
19077,0,3200,3200
19078,0,3200,3200
19079,0,3200,3200
19080,0,3200,3200
19081,0,3200,3200
19082,0,3200,3200
19083,0,3200,3200
19084,0,3200,3200
19085,0,3200,3200
19086,0,3200,3200
19087,0,3200,3200
19088,0,3200,3200
19089,0,3200,3200
19090,0,3200,3200
19091,0,3200,3200
19092,0,3200,3200
19093,0,3200,3200
19094,0,3200,3200
19095,0,3200,3200
19096,0,3200,3200
19097,0,3200,3200
19098,0,3200,3200
19099,0,3200,3200
19100,0,3200,3200
19101,0,3200,3200
19102,0,3200,3200
19103,0,3200,3200
19104,0,3200,3200
19105,0,3200,3200
19106,0,3200,3200
19107,0,3200,3200
19108,0,3200,3200
19109,0,3200,3200
19110,0,3200,3200
19111,0,3200,3200
19112,0,3200,3200
19113,0,3200,3200
19114,0,3200,3200
19115,0,3200,3200
19116,0,3200,3200
19117,0,3200,3200
19118,0,3200,3200
19119,0,3200,3200
19120,0,3200,3200
19121,0,3200,3200
19122,0,3200,3200
19123,0,3200,3200
19124,0,3200,3200
19125,0,3200,3200
19126,0,3200,3200
19127,0,3200,3200
19128,0,3200,3200
19129,0,3200,3200
19130,0,3200,3200
19131,0,3200,3200
19132,0,3200,3200
19133,0,3200,3200
19134,0,3200,3200
19135,0,3200,3200
19136,0,3200,3200
19137,0,3200,3200
19138,0,3200,3200
19139,0,3200,3200
19140,0,3200,3200
19141,0,3200,3200
19142,0,3200,3200
19143,0,3200,3200
19144,0,3200,3200
19145,0,3200,3200
19146,0,3200,3200
19147,0,3200,3200
19148,0,3200,3200
19149,0,3200,3200
19150,0,3200,3200
19151,0,3200,3200
19152,0,3200,3200
19153,0,3200,3200
19154,0,3200,3200
19155,0,3200,3200
19156,0,3200,3200
19157,0,3200,3200
19158,0,3200,3200
19159,0,3200,3200
19160,0,3200,3200
19161,0,3200,3200
19162,0,3200,3200
19163,0,3200,3200
19164,0,3200,3200
19165,0,3200,3200
19166,0,3200,3200
19167,0,3200,3200
19168,0,3200,3200
19169,0,3200,3200
19170,0,3200,3200
19171,0,3200,3200
19172,0,3200,3200
19173,0,3200,3200
19174,0,3200,3200
19175,0,3200,3200
19176,0,3200,3200
19177,0,3200,3200
19178,0,3200,3200
19179,0,3200,3200
19180,0,3200,3200
19181,0,3200,3200
19182,0,3200,3200
19183,0,3200,3200
19184,0,3200,3200
19185,0,3200,3200
19186,0,3200,3200
19187,0,3200,3200
19188,0,3200,3200
19189,0,3200,3200
19190,0,3200,3200
19191,0,3200,3200
19192,0,3200,3200
19193,0,3200,3200
19194,0,3200,3200
19195,0,3200,3200
19196,0,3200,3200
19197,0,3200,3200
19198,0,3200,3200
19199,0,3200,3200
19200,0,3200,3200
19201,0,3200,3200
19202,0,3200,3200
19203,0,3200,3200
19204,0,3200,3200
19205,0,3200,3200
19206,0,3200,3200
19207,0,3200,3200
19208,0,3200,3200
19209,0,3200,3200
19210,0,3200,3200
19211,0,3200,3200
19212,0,3200,3200
19213,0,3200,3200
19214,0,3200,3200
19215,0,3200,3200
19216,0,3200,3200
19217,0,3200,3200
19218,0,3200,3200
19219,0,3200,3200
19220,0,3200,3200
19221,0,3200,3200
19222,0,3200,3200
19223,0,3200,3200
19224,0,3200,3200
19225,0,3200,3200
19226,0,3200,3200
19227,0,3200,3200
19228,0,3200,3200
19229,0,3200,3200
19230,0,3200,3200
19231,0,3200,3200
19232,0,3200,3200
19233,0,3200,3200
19234,0,3200,3200
19235,0,3200,3200
19236,0,3200,3200
19237,0,3200,3200
19238,0,3200,3200
19239,0,3200,3200
19240,0,3200,3200
19241,0,3200,3200
19242,0,3200,3200
19243,0,3200,3200
19244,0,3200,3200
19245,0,3200,3200
19246,0,3200,3200
19247,0,3200,3200
19248,0,3200,3200
19249,0,3200,3200
19250,0,3200,3200
19251,0,3200,3200
19252,0,3200,3200
19253,0,3200,3200
19254,0,3200,3200
19255,0,3200,3200
19256,0,3200,3200
19257,0,3200,3200
19258,0,3200,3200
19259,0,3200,3200
19260,0,3200,3200
19261,0,3200,3200
19262,0,3200,3200
19263,0,3200,3200
19264,0,3200,3200
19265,0,3200,3200
19266,0,3200,3200
19267,0,3200,3200
19268,0,3200,3200
19269,0,3200,3200
19270,0,3200,3200
19271,0,3200,3200
19272,0,3200,3200
19273,0,3200,3200
19274,0,3200,3200
19275,0,3200,3200
19276,0,3200,3200
19277,0,3200,3200
19278,0,3200,3200
19279,0,3200,3200
19280,0,3200,3200
19281,0,3200,3200
19282,0,3200,3200
19283,0,3200,3200
19284,0,3200,3200
19285,0,3200,3200
19286,0,3200,3200
19287,0,3200,3200
19288,0,3200,3200
19289,0,3200,3200
19290,0,3200,3200
19291,0,3200,3200
19292,0,3200,3200
19293,0,3200,3200
19294,0,3200,3200
19295,0,3200,3200
19296,0,3200,3200
19297,0,3200,3200
19298,0,3200,3200
19299,0,3200,3200
19300,0,3200,3200
19301,0,3200,3200
19302,0,3200,3200
19303,0,3200,3200
19304,0,3200,3200
19305,0,3200,3200
19306,0,3200,3200
19307,0,3200,3200
19308,0,3200,3200
19309,0,3200,3200
19310,0,3200,3200
19311,0,3200,3200
19312,0,3200,3200
19313,0,3200,3200
19314,0,3200,3200
19315,0,3200,3200
19316,0,3200,3200
19317,0,3200,3200
19318,0,3200,3200
19319,0,3200,3200
19320,0,3200,3200
19321,0,3200,3200
19322,0,3200,3200
19323,0,3200,3200
19324,0,3200,3200
19325,0,3200,3200
19326,0,3200,3200
19327,0,3200,3200
19328,0,3200,3200
19329,0,3200,3200
19330,0,3200,3200
19331,0,3200,3200
19332,0,3200,3200
19333,0,3200,3200
19334,0,3200,3200
19335,0,3200,3200
19336,0,3200,3200
19337,0,3200,3200
19338,0,3200,3200
19339,0,3200,3200
19340,0,3200,3200
19341,0,3200,3200
19342,0,3200,3200
19343,0,3200,3200
19344,0,3200,3200
19345,0,3200,3200
19346,0,3200,3200
19347,0,3200,3200
19348,0,3200,3200
19349,0,3200,3200
19350,0,3200,3200
19351,0,3200,3200
19352,0,3200,3200
19353,0,3200,3200
19354,0,3200,3200
19355,0,3200,3200
19356,0,3200,3200
19357,0,3200,3200
19358,0,3200,3200
19359,0,3200,3200
19360,0,3200,3200
19361,0,3200,3200
19362,0,3200,3200
19363,0,3200,3200
19364,0,3200,3200
19365,0,3200,3200
19366,0,3200,3200
19367,0,3200,3200
19368,0,3200,3200
19369,0,3200,3200
19370,0,3200,3200
19371,0,3200,3200
19372,0,3200,3200
19373,0,3200,3200
19374,0,3200,3200
19375,0,3200,3200
19376,0,3200,3200
19377,0,3200,3200
19378,0,3200,3200
19379,0,3200,3200
19380,0,3200,3200
19381,0,3200,3200
19382,0,3200,3200
19383,0,3200,3200
19384,0,3200,3200
19385,0,3200,3200
19386,0,3200,3200
19387,0,3200,3200
19388,0,3200,3200
19389,0,3200,3200
19390,0,3200,3200
19391,0,3200,3200
19392,0,3200,3200
19393,0,3200,3200
19394,0,3200,3200
19395,0,3200,3200
19396,0,3200,3200
19397,0,3200,3200
19398,0,3200,3200
19399,0,3200,3200
19400,0,3200,3200
19401,0,3200,3200
19402,0,3200,3200
19403,0,3200,3200
19404,0,3200,3200
19405,0,3200,3200
19406,0,3200,3200
19407,0,3200,3200
19408,0,3200,3200
19409,0,3200,3200
19410,0,3200,3200
19411,0,3200,3200
19412,0,3200,3200
19413,0,3200,3200
19414,0,3200,3200
19415,0,3200,3200
19416,0,3200,3200
19417,0,3200,3200
19418,0,3200,3200
19419,0,3200,3200
19420,0,3200,3200
19421,0,3200,3200
19422,0,3200,3200
19423,0,3200,3200
19424,0,3200,3200
19425,0,3200,3200
19426,0,3200,3200
19427,0,3200,3200
19428,0,3200,3200
19429,0,3200,3200
19430,0,3200,3200
19431,0,3200,3200
19432,0,3200,3200
19433,0,3200,3200
19434,0,3200,3200
19435,0,3200,3200
19436,0,3200,3200
19437,0,3200,3200
19438,0,3200,3200
19439,0,3200,3200
19440,0,3200,3200
19441,0,3200,3200
19442,0,3200,3200
19443,0,3200,3200
19444,0,3200,3200
19445,0,3200,3200
19446,0,3200,3200
19447,0,3200,3200
19448,0,3200,3200
19449,0,3200,3200
19450,0,3200,3200
19451,0,3200,3200
19452,0,3200,3200
19453,0,3200,3200
19454,0,3200,3200
19455,0,3200,3200
19456,0,3200,3200
19457,0,3200,3200
19458,0,3200,3200
19459,0,3200,3200
19460,0,3200,3200
19461,0,3200,3200
19462,0,3200,3200
19463,0,3200,3200
19464,0,3200,3200
19465,0,3200,3200
19466,0,3200,3200
19467,0,3200,3200
19468,0,3200,3200
19469,0,3200,3200
19470,0,3200,3200
19471,0,3200,3200
19472,0,3200,3200
19473,0,3200,3200
19474,0,3200,3200
19475,0,3200,3200
19476,0,3200,3200
19477,0,3200,3200
19478,0,3200,3200
19479,0,3200,3200
19480,0,3200,3200
19481,0,3200,3200
19482,0,3200,3200
19483,0,3200,3200
19484,0,3200,3200
19485,0,3200,3200
19486,0,3200,3200
19487,0,3200,3200
19488,0,3200,3200
19489,0,3200,3200
19490,0,3200,3200
19491,0,3200,3200
19492,0,3200,3200
19493,0,3200,3200
19494,0,3200,3200
19495,0,3200,3200
19496,0,3200,3200
19497,0,3200,3200
19498,0,3200,3200
19499,0,3200,3200
19500,0,3200,3200
19501,0,3200,3200
19502,0,3200,3200
19503,0,3200,3200
19504,0,3200,3200
19505,0,3200,3200
19506,0,3200,3200
19507,0,3200,3200
19508,0,3200,3200
19509,0,3200,3200
19510,0,3200,3200
19511,0,3200,3200
19512,0,3200,3200
19513,0,3200,3200
19514,0,3200,3200
19515,0,3200,3200
19516,0,3200,3200
19517,0,3200,3200
19518,0,3200,3200
19519,0,3200,3200
19520,0,3200,3200
19521,0,3200,3200
19522,0,3200,3200
19523,0,3200,3200
19524,0,3200,3200
19525,0,3200,3200
19526,0,3200,3200
19527,0,3200,3200
19528,0,3200,3200
19529,0,3200,3200
19530,0,3200,3200
19531,0,3200,3200
19532,0,3200,3200
19533,0,3200,3200
19534,0,3200,3200
19535,0,3200,3200
19536,0,3200,3200
19537,0,3200,3200
19538,0,3200,3200
19539,0,3200,3200
19540,0,3200,3200
19541,0,3200,3200
19542,0,3200,3200
19543,0,3200,3200
19544,0,3200,3200
19545,0,3200,3200
19546,0,3200,3200
19547,0,3200,3200
19548,0,3200,3200
19549,0,3200,3200
19550,0,3200,3200
19551,0,3200,3200
19552,0,3200,3200
19553,0,3200,3200
19554,0,3200,3200
19555,0,3200,3200
19556,0,3200,3200
19557,0,3200,3200
19558,0,3200,3200
19559,0,3200,3200
19560,0,3200,3200
19561,0,3200,3200
19562,0,3200,3200
19563,0,3200,3200
19564,0,3200,3200
19565,0,3200,3200
19566,0,3200,3200
19567,0,3200,3200
19568,0,3200,3200
19569,0,3200,3200
19570,0,3200,3200
19571,0,3200,3200
19572,0,3200,3200
19573,0,3200,3200
19574,0,3200,3200
19575,0,3200,3200
19576,0,3200,3200
19577,0,3200,3200
19578,0,3200,3200
19579,0,3200,3200
19580,0,3200,3200
19581,0,3200,3200
19582,0,3200,3200
19583,0,3200,3200
19584,0,3200,3200
19585,0,3200,3200
19586,0,3200,3200
19587,0,3200,3200
19588,0,3200,3200
19589,0,3200,3200
19590,0,3200,3200
19591,0,3200,3200
19592,0,3200,3200
19593,0,3200,3200
19594,0,3200,3200
19595,0,3200,3200
19596,0,3200,3200
19597,0,3200,3200
19598,0,3200,3200
19599,0,3200,3200
19600,0,3200,3200
19601,0,3200,3200
19602,0,3200,3200
19603,0,3200,3200
19604,0,3200,3200
19605,0,3200,3200
19606,0,3200,3200
19607,0,3200,3200
19608,0,3200,3200
19609,0,3200,3200
19610,0,3200,3200
19611,0,3200,3200
19612,0,3200,3200
19613,0,3200,3200
19614,0,3200,3200
19615,0,3200,3200
19616,0,3200,3200
19617,0,3200,3200
19618,0,3200,3200
19619,0,3200,3200
19620,0,3200,3200
19621,0,3200,3200
19622,0,3200,3200
19623,0,3200,3200
19624,0,3200,3200
19625,0,3200,3200
19626,0,3200,3200
19627,0,3200,3200
19628,0,3200,3200
19629,0,3200,3200
19630,0,3200,3200
19631,0,3200,3200
19632,0,3200,3200
19633,0,3200,3200
19634,0,3200,3200
19635,0,3200,3200
19636,0,3200,3200
19637,0,3200,3200
19638,0,3200,3200
19639,0,3200,3200
19640,0,3200,3200
19641,0,3200,3200
19642,0,3200,3200
19643,0,3200,3200
19644,0,3200,3200
19645,0,3200,3200
19646,0,3200,3200
19647,0,3200,3200
19648,0,3200,3200
19649,0,3200,3200
19650,0,3200,3200
19651,0,3200,3200
19652,0,3200,3200
19653,0,3200,3200
19654,0,3200,3200
19655,0,3200,3200
19656,0,3200,3200
19657,0,3200,3200
19658,0,3200,3200
19659,0,3200,3200
19660,0,3200,3200
19661,0,3200,3200
19662,0,3200,3200
19663,0,3200,3200
19664,0,3200,3200
19665,0,3200,3200
19666,0,3200,3200
19667,0,3200,3200
19668,0,3200,3200
19669,0,3200,3200
19670,0,3200,3200
19671,0,3200,3200
19672,0,3200,3200
19673,0,3200,3200
19674,0,3200,3200
19675,0,3200,3200
19676,0,3200,3200
19677,0,3200,3200
19678,0,3200,3200
19679,0,3200,3200
19680,0,3200,3200
19681,0,3200,3200
19682,0,3200,3200
19683,0,3200,3200
19684,0,3200,3200
19685,0,3200,3200
19686,0,3200,3200
19687,0,3200,3200
19688,0,3200,3200
19689,0,3200,3200
19690,0,3200,3200
19691,0,3200,3200
19692,0,3200,3200
19693,0,3200,3200
19694,0,3200,3200
19695,0,3200,3200
19696,0,3200,3200
19697,0,3200,3200
19698,0,3200,3200
19699,0,3200,3200
19700,0,3200,3200
19701,0,3200,3200
19702,0,3200,3200
19703,0,3200,3200
19704,0,3200,3200
19705,0,3200,3200
19706,0,3200,3200
19707,0,3200,3200
19708,0,3200,3200
19709,0,3200,3200
19710,0,3200,3200
19711,0,3200,3200
19712,0,3200,3200
19713,0,3200,3200
19714,0,3200,3200
19715,0,3200,3200
19716,0,3200,3200
19717,0,3200,3200
19718,0,3200,3200
19719,0,3200,3200
19720,0,3200,3200
19721,0,3200,3200
19722,0,3200,3200
19723,0,3200,3200
19724,0,3200,3200
19725,0,3200,3200
19726,0,3200,3200
19727,0,3200,3200
19728,0,3200,3200
19729,0,3200,3200
19730,0,3200,3200
19731,0,3200,3200
19732,0,3200,3200
19733,0,3200,3200
19734,0,3200,3200
19735,0,3200,3200
19736,0,3200,3200
19737,0,3200,3200
19738,0,3200,3200
19739,0,3200,3200
19740,0,3200,3200
19741,0,3200,3200
19742,0,3200,3200
19743,0,3200,3200
19744,0,3200,3200
19745,0,3200,3200
19746,0,3200,3200
19747,0,3200,3200
19748,0,3200,3200
19749,0,3200,3200
19750,0,3200,3200
19751,0,3200,3200
19752,0,3200,3200
19753,0,3200,3200
19754,0,3200,3200
19755,0,3200,3200
19756,0,3200,3200
19757,0,3200,3200
19758,0,3200,3200
19759,0,3200,3200
19760,0,3200,3200
19761,0,3200,3200
19762,0,3200,3200
19763,0,3200,3200
19764,0,3200,3200
19765,0,3200,3200
19766,0,3200,3200
19767,0,3200,3200
19768,0,3200,3200
19769,0,3200,3200
19770,0,3200,3200
19771,0,3200,3200
19772,0,3200,3200
19773,0,3200,3200
19774,0,3200,3200
19775,0,3200,3200
19776,0,3200,3200
19777,0,3200,3200
19778,0,3200,3200
19779,0,3200,3200
19780,0,3200,3200
19781,0,3200,3200
19782,0,3200,3200
19783,0,3200,3200
19784,0,3200,3200
19785,0,3200,3200
19786,0,3200,3200
19787,0,3200,3200
19788,0,3200,3200
19789,0,3200,3200
19790,0,3200,3200
19791,0,3200,3200
19792,0,3200,3200
19793,0,3200,3200
19794,0,3200,3200
19795,0,3200,3200
19796,0,3200,3200
19797,0,3200,3200
19798,0,3200,3200
19799,0,3200,3200
19800,0,3200,3200
19801,0,3200,3200
19802,0,3200,3200
19803,0,3200,3200
19804,0,3200,3200
19805,0,3200,3200
19806,0,3200,3200
19807,0,3200,3200
19808,0,3200,3200
19809,0,3200,3200
19810,0,3200,3200
19811,0,3200,3200
19812,0,3200,3200
19813,0,3200,3200
19814,0,3200,3200
19815,0,3200,3200
19816,0,3200,3200
19817,0,3200,3200
19818,0,3200,3200
19819,0,3200,3200
19820,0,3200,3200
19821,0,3200,3200
19822,0,3200,3200
19823,0,3200,3200
19824,0,3200,3200
19825,0,3200,3200
19826,0,3200,3200
19827,0,3200,3200
19828,0,3200,3200
19829,0,3200,3200
19830,0,3200,3200
19831,0,3200,3200
19832,0,3200,3200
19833,0,3200,3200
19834,0,3200,3200
19835,0,3200,3200
19836,0,3200,3200
19837,0,3200,3200
19838,0,3200,3200
19839,0,3200,3200
19840,0,3200,3200
19841,0,3200,3200
19842,0,3200,3200
19843,0,3200,3200
19844,0,3200,3200
19845,0,3200,3200
19846,0,3200,3200
19847,0,3200,3200
19848,0,3200,3200
19849,0,3200,3200
19850,0,3200,3200
19851,0,3200,3200
19852,0,3200,3200
19853,0,3200,3200
19854,0,3200,3200
19855,0,3200,3200
19856,0,3200,3200
19857,0,3200,3200
19858,0,3200,3200
19859,0,3200,3200
19860,0,3200,3200
19861,0,3200,3200
19862,0,3200,3200
19863,0,3200,3200
19864,0,3200,3200
19865,0,3200,3200
19866,0,3200,3200
19867,0,3200,3200
19868,0,3200,3200
19869,0,3200,3200
19870,0,3200,3200
19871,0,3200,3200
19872,0,3200,3200
19873,0,3200,3200
19874,0,3200,3200
19875,0,3200,3200
19876,0,3200,3200
19877,0,3200,3200
19878,0,3200,3200
19879,0,3200,3200
19880,0,3200,3200
19881,0,3200,3200
19882,0,3200,3200
19883,0,3200,3200
19884,0,3200,3200
19885,0,3200,3200
19886,0,3200,3200
19887,0,3200,3200
19888,0,3200,3200
19889,0,3200,3200
19890,0,3200,3200
19891,0,3200,3200
19892,0,3200,3200
19893,0,3200,3200
19894,0,3200,3200
19895,0,3200,3200
19896,0,3200,3200
19897,0,3200,3200
19898,0,3200,3200
19899,0,3200,3200
19900,0,3200,3200
19901,0,3200,3200
19902,0,3200,3200
19903,0,3200,3200
19904,0,3200,3200
19905,0,3200,3200
19906,0,3200,3200
19907,0,3200,3200
19908,0,3200,3200
19909,0,3200,3200
19910,0,3200,3200
19911,0,3200,3200
19912,0,3200,3200
19913,0,3200,3200
19914,0,3200,3200
19915,0,3200,3200
19916,0,3200,3200
19917,0,3200,3200
19918,0,3200,3200
19919,0,3200,3200
19920,0,3200,3200
19921,0,3200,3200
19922,0,3200,3200
19923,0,3200,3200
19924,0,3200,3200
19925,0,3200,3200
19926,0,3200,3200
19927,0,3200,3200
19928,0,3200,3200
19929,0,3200,3200
19930,0,3200,3200
19931,0,3200,3200
19932,0,3200,3200
19933,0,3200,3200
19934,0,3200,3200
19935,0,3200,3200
19936,0,3200,3200
19937,0,3200,3200
19938,0,3200,3200
19939,0,3200,3200
19940,0,3200,3200
19941,0,3200,3200
19942,0,3200,3200
19943,0,3200,3200
19944,0,3200,3200
19945,0,3200,3200
19946,0,3200,3200
19947,0,3200,3200
19948,0,3200,3200
19949,0,3200,3200
19950,0,3200,3200
19951,0,3200,3200
19952,0,3200,3200
19953,0,3200,3200
19954,0,3200,3200
19955,0,3200,3200
19956,0,3200,3200
19957,0,3200,3200
19958,0,3200,3200
19959,0,3200,3200
19960,0,3200,3200
19961,0,3200,3200
19962,0,3200,3200
19963,0,3200,3200
19964,0,3200,3200
19965,0,3200,3200
19966,0,3200,3200
19967,0,3200,3200
19968,0,3200,3200
19969,0,3200,3200
19970,0,3200,3200
19971,0,3200,3200
19972,0,3200,3200
19973,0,3200,3200
19974,0,3200,3200
19975,0,3200,3200
19976,0,3200,3200
19977,0,3200,3200
19978,0,3200,3200
19979,0,3200,3200
19980,0,3200,3200
19981,0,3200,3200
19982,0,3200,3200
19983,0,3200,3200
19984,0,3200,3200
19985,0,3200,3200
19986,0,3200,3200
19987,0,3200,3200
19988,0,3200,3200
19989,0,3200,3200
19990,0,3200,3200
19991,0,3200,3200
19992,0,3200,3200
19993,0,3200,3200
19994,0,3200,3200
19995,0,3200,3200
19996,0,3200,3200
19997,0,3200,3200
19998,0,3200,3200
19999,0,3200,3200
20000,0,3200,3200
20001,0,3200,3200
20002,0,3200,3200
20003,0,3200,3200
20004,0,3200,3200
20005,0,3200,3200
20006,0,3200,3200
20007,0,3200,3200
20008,0,3200,3200
20009,0,3200,3200
20010,0,3200,3200
20011,0,3200,3200
20012,0,3200,3200
20013,0,3200,3200
20014,0,3200,3200
20015,0,3200,3200
20016,0,3200,3200
20017,0,3200,3200
20018,0,3200,3200
20019,0,3200,3200
20020,0,3200,3200
20021,0,3200,3200
20022,0,3200,3200
20023,0,3200,3200
20024,0,3200,3200
20025,0,3200,3200
20026,0,3200,3200
20027,0,3200,3200
20028,0,3200,3200
20029,0,3200,3200
20030,0,3200,3200
20031,0,3200,3200
20032,0,3200,3200
20033,0,3200,3200
20034,0,3200,3200
20035,0,3200,3200
20036,0,3200,3200
20037,0,3200,3200
20038,0,3200,3200
20039,0,3200,3200
20040,0,3200,3200
20041,0,3200,3200
20042,0,3200,3200
20043,0,3200,3200
20044,0,3200,3200
20045,0,3200,3200
20046,0,3200,3200
20047,0,3200,3200
20048,0,3200,3200
20049,0,3200,3200
20050,0,3200,3200
20051,0,3200,3200
20052,0,3200,3200
20053,0,3200,3200
20054,0,3200,3200
20055,0,3200,3200
20056,0,3200,3200
20057,0,3200,3200
20058,0,3200,3200
20059,0,3200,3200
20060,0,3200,3200
20061,0,3200,3200
20062,0,3200,3200
20063,0,3200,3200
20064,0,3200,3200
20065,0,3200,3200
20066,0,3200,3200
20067,0,3200,3200
20068,0,3200,3200
20069,0,3200,3200
20070,0,3200,3200
20071,0,3200,3200
20072,0,3200,3200
20073,0,3200,3200
20074,0,3200,3200
20075,0,3200,3200
20076,0,3200,3200
20077,0,3200,3200
20078,0,3200,3200
20079,0,3200,3200
20080,0,3200,3200
20081,0,3200,3200
20082,0,3200,3200
20083,0,3200,3200
20084,0,3200,3200
20085,0,3200,3200
20086,0,3200,3200
20087,0,3200,3200
20088,0,3200,3200
20089,0,3200,3200
20090,0,3200,3200
20091,0,3200,3200
20092,0,3200,3200
20093,0,3200,3200
20094,0,3200,3200
20095,0,3200,3200
20096,0,3200,3200
20097,0,3200,3200
20098,0,3200,3200
20099,0,3200,3200
20100,0,3200,3200
20101,0,3200,3200
20102,0,3200,3200
20103,0,3200,3200
20104,0,3200,3200
20105,0,3200,3200
20106,0,3200,3200
20107,0,3200,3200
20108,0,3200,3200
20109,0,3200,3200
20110,0,3200,3200
20111,0,3200,3200
20112,0,3200,3200
20113,0,3200,3200
20114,0,3200,3200
20115,0,3200,3200
20116,0,3200,3200
20117,0,3200,3200
20118,0,3200,3200
20119,0,3200,3200
20120,0,3200,3200
20121,0,3200,3200
20122,0,3200,3200
20123,0,3200,3200
20124,0,3200,3200
20125,0,3200,3200
20126,0,3200,3200
20127,0,3200,3200
20128,0,3200,3200
20129,0,3200,3200
20130,0,3200,3200
20131,0,3200,3200
20132,0,3200,3200
20133,0,3200,3200
20134,0,3200,3200
20135,0,3200,3200
20136,0,3200,3200
20137,0,3200,3200
20138,0,3200,3200
20139,0,3200,3200
20140,0,3200,3200
20141,0,3200,3200
20142,0,3200,3200
20143,0,3200,3200
20144,0,3200,3200
20145,0,3200,3200
20146,0,3200,3200
20147,0,3200,3200
20148,0,3200,3200
20149,0,3200,3200
20150,0,3200,3200
20151,0,3200,3200
20152,0,3200,3200
20153,0,3200,3200
20154,0,3200,3200
20155,0,3200,3200
20156,0,3200,3200
20157,0,3200,3200
20158,0,3200,3200
20159,0,3200,3200
20160,0,3200,3200
20161,0,3200,3200
20162,0,3200,3200
20163,0,3200,3200
20164,0,3200,3200
20165,0,3200,3200
20166,0,3200,3200
20167,0,3200,3200
20168,0,3200,3200
20169,0,3200,3200
20170,0,3200,3200
20171,0,3200,3200
20172,0,3200,3200
20173,0,3200,3200
20174,0,3200,3200
20175,0,3200,3200
20176,0,3200,3200
20177,0,3200,3200
20178,0,3200,3200
20179,0,3200,3200
20180,0,3200,3200
20181,0,3200,3200
20182,0,3200,3200
20183,0,3200,3200
20184,0,3200,3200
20185,0,3200,3200
20186,0,3200,3200
20187,0,3200,3200
20188,0,3200,3200
20189,0,3200,3200
20190,0,3200,3200
20191,0,3200,3200
20192,0,3200,3200
20193,0,3200,3200
20194,0,3200,3200
20195,0,3200,3200
20196,0,3200,3200
20197,0,3200,3200
20198,0,3200,3200
20199,0,3200,3200
20200,0,3200,3200
20201,0,3200,3200
20202,0,3200,3200
20203,0,3200,3200
20204,0,3200,3200
20205,0,3200,3200
20206,0,3200,3200
20207,0,3200,3200
20208,0,3200,3200
20209,0,3200,3200
20210,0,3200,3200
20211,0,3200,3200
20212,0,3200,3200
20213,0,3200,3200
20214,0,3200,3200
20215,0,3200,3200
20216,0,3200,3200
20217,0,3200,3200
20218,0,3200,3200
20219,0,3200,3200
20220,0,3200,3200
20221,0,3200,3200
20222,0,3200,3200
20223,0,3200,3200
20224,0,3200,3200
20225,0,3200,3200
20226,0,3200,3200
20227,0,3200,3200
20228,0,3200,3200
20229,0,3200,3200
20230,0,3200,3200
20231,0,3200,3200
20232,0,3200,3200
20233,0,3200,3200
20234,0,3200,3200
20235,0,3200,3200
20236,0,3200,3200
20237,0,3200,3200
20238,0,3200,3200
20239,0,3200,3200
20240,0,3200,3200
20241,0,3200,3200
20242,0,3200,3200
20243,0,3200,3200
20244,0,3200,3200
20245,0,3200,3200
20246,0,3200,3200
20247,0,3200,3200
20248,0,3200,3200
20249,0,3200,3200
20250,0,3200,3200
20251,0,3200,3200
20252,0,3200,3200
20253,0,3200,3200
20254,0,3200,3200
20255,0,3200,3200
20256,0,3200,3200
20257,0,3200,3200
20258,0,3200,3200
20259,0,3200,3200
20260,0,3200,3200
20261,0,3200,3200
20262,0,3200,3200
20263,0,3200,3200
20264,0,3200,3200
20265,0,3200,3200
20266,0,3200,3200
20267,0,3200,3200
20268,0,3200,3200
20269,0,3200,3200
20270,0,3200,3200
20271,0,3200,3200
20272,0,3200,3200
20273,0,3200,3200
20274,0,3200,3200
20275,0,3200,3200
20276,0,3200,3200
20277,0,3200,3200
20278,0,3200,3200
20279,0,3200,3200
20280,0,3200,3200
20281,0,3200,3200
20282,0,3200,3200
20283,0,3200,3200
20284,0,3200,3200
20285,0,3200,3200
20286,0,3200,3200
20287,0,3200,3200
20288,0,3200,3200
20289,0,3200,3200
20290,0,3200,3200
20291,0,3200,3200
20292,0,3200,3200
20293,0,3200,3200
20294,0,3200,3200
20295,0,3200,3200
20296,0,3200,3200
20297,0,3200,3200
20298,0,3200,3200
20299,0,3200,3200
20300,0,3200,3200
20301,0,3200,3200
20302,0,3200,3200
20303,0,3200,3200
20304,0,3200,3200
20305,0,3200,3200
20306,0,3200,3200
20307,0,3200,3200
20308,0,3200,3200
20309,0,3200,3200
20310,0,3200,3200
20311,0,3200,3200
20312,0,3200,3200
20313,0,3200,3200
20314,0,3200,3200
20315,0,3200,3200
20316,0,3200,3200
20317,0,3200,3200
20318,0,3200,3200
20319,0,3200,3200
20320,0,3200,3200
20321,0,3200,3200
20322,0,3200,3200
20323,0,3200,3200
20324,0,3200,3200
20325,0,3200,3200
20326,0,3200,3200
20327,0,3200,3200
20328,0,3200,3200
20329,0,3200,3200
20330,0,3200,3200
20331,0,3200,3200
20332,0,3200,3200
20333,0,3200,3200
20334,0,3200,3200
20335,0,3200,3200
20336,0,3200,3200
20337,0,3200,3200
20338,0,3200,3200
20339,0,3200,3200
20340,0,3200,3200
20341,0,3200,3200
20342,0,3200,3200
20343,0,3200,3200
20344,0,3200,3200
20345,0,3200,3200
20346,0,3200,3200
20347,0,3200,3200
20348,0,3200,3200
20349,0,3200,3200
20350,0,3200,3200
20351,0,3200,3200
20352,0,3200,3200
20353,0,3200,3200
20354,0,3200,3200
20355,0,3200,3200
20356,0,3200,3200
20357,0,3200,3200
20358,0,3200,3200
20359,0,3200,3200
20360,0,3200,3200
20361,0,3200,3200
20362,0,3200,3200
20363,0,3200,3200
20364,0,3200,3200
20365,0,3200,3200
20366,0,3200,3200
20367,0,3200,3200
20368,0,3200,3200
20369,0,3200,3200
20370,0,3200,3200
20371,0,3200,3200
20372,0,3200,3200
20373,0,3200,3200
20374,0,3200,3200
20375,0,3200,3200
20376,0,3200,3200
20377,0,3200,3200
20378,0,3200,3200
20379,0,3200,3200
20380,0,3200,3200
20381,0,3200,3200
20382,0,3200,3200
20383,0,3200,3200
20384,0,3200,3200
20385,0,3200,3200
20386,0,3200,3200
20387,0,3200,3200
20388,0,3200,3200
20389,0,3200,3200
20390,0,3200,3200
20391,0,3200,3200
20392,0,3200,3200
20393,0,3200,3200
20394,0,3200,3200
20395,0,3200,3200
20396,0,3200,3200
20397,0,3200,3200
20398,0,3200,3200
20399,0,3200,3200
20400,0,3200,3200
20401,0,3200,3200
20402,0,3200,3200
20403,0,3200,3200
20404,0,3200,3200
20405,0,3200,3200
20406,0,3200,3200
20407,0,3200,3200
20408,0,3200,3200
20409,0,3200,3200
20410,0,3200,3200
20411,0,3200,3200
20412,0,3200,3200
20413,0,3200,3200
20414,0,3200,3200
20415,0,3200,3200
20416,0,3200,3200
20417,0,3200,3200
20418,0,3200,3200
20419,0,3200,3200
20420,0,3200,3200
20421,0,3200,3200
20422,0,3200,3200
20423,0,3200,3200
20424,0,3200,3200
20425,0,3200,3200
20426,0,3200,3200
20427,0,3200,3200
20428,0,3200,3200
20429,0,3200,3200
20430,0,3200,3200
20431,0,3200,3200
20432,0,3200,3200
20433,0,3200,3200
20434,0,3200,3200
20435,0,3200,3200
20436,0,3200,3200
20437,0,3200,3200
20438,0,3200,3200
20439,0,3200,3200
20440,0,3200,3200
20441,0,3200,3200
20442,0,3200,3200
20443,0,3200,3200
20444,0,3200,3200
20445,0,3200,3200
20446,0,3200,3200
20447,0,3200,3200
20448,0,3200,3200
20449,0,3200,3200
20450,0,3200,3200
20451,0,3200,3200
20452,0,3200,3200
20453,0,3200,3200
20454,0,3200,3200
20455,0,3200,3200
20456,0,3200,3200
20457,0,3200,3200
20458,0,3200,3200
20459,0,3200,3200
20460,0,3200,3200
20461,0,3200,3200
20462,0,3200,3200
20463,0,3200,3200
20464,0,3200,3200
20465,0,3200,3200
20466,0,3200,3200
20467,0,3200,3200
20468,0,3200,3200
20469,0,3200,3200
20470,0,3200,3200
20471,0,3200,3200
20472,0,3200,3200
20473,0,3200,3200
20474,0,3200,3200
20475,0,3200,3200
20476,0,3200,3200
20477,0,3200,3200
20478,0,3200,3200
20479,0,3200,3200
20480,0,3200,3200
20481,0,3200,3200
20482,0,3200,3200
20483,0,3200,3200
20484,0,3200,3200
20485,0,3200,3200
20486,0,3200,3200
20487,0,3200,3200
20488,0,3200,3200
20489,0,3200,3200
20490,0,3200,3200
20491,0,3200,3200
20492,0,3200,3200
20493,0,3200,3200
20494,0,3200,3200
20495,0,3200,3200
20496,0,3200,3200
20497,0,3200,3200
20498,0,3200,3200
20499,0,3200,3200
20500,0,3200,3200
20501,0,3200,3200
20502,0,3200,3200
20503,0,3200,3200
20504,0,3200,3200
20505,0,3200,3200
20506,0,3200,3200
20507,0,3200,3200
20508,0,3200,3200
20509,0,3200,3200
20510,0,3200,3200
20511,0,3200,3200
20512,0,3200,3200
20513,0,3200,3200
20514,0,3200,3200
20515,0,3200,3200
20516,0,3200,3200
20517,0,3200,3200
20518,0,3200,3200
20519,0,3200,3200
20520,0,3200,3200
20521,0,3200,3200
20522,0,3200,3200
20523,0,3200,3200
20524,0,3200,3200
20525,0,3200,3200
20526,0,3200,3200
20527,0,3200,3200
20528,0,3200,3200
20529,0,3200,3200
20530,0,3200,3200
20531,0,3200,3200
20532,0,3200,3200
20533,0,3200,3200
20534,0,3200,3200
20535,0,3200,3200
20536,0,3200,3200
20537,0,3200,3200
20538,0,3200,3200
20539,0,3200,3200
20540,0,3200,3200
20541,0,3200,3200
20542,0,3200,3200
20543,0,3200,3200
20544,0,3200,3200
20545,0,3200,3200
20546,0,3200,3200
20547,0,3200,3200
20548,0,3200,3200
20549,0,3200,3200
20550,0,3200,3200
20551,0,3200,3200
20552,0,3200,3200
20553,0,3200,3200
20554,0,3200,3200
20555,0,3200,3200
20556,0,3200,3200
20557,0,3200,3200
20558,0,3200,3200
20559,0,3200,3200
20560,0,3200,3200
20561,0,3200,3200
20562,0,3200,3200
20563,0,3200,3200
20564,0,3200,3200
20565,0,3200,3200
20566,0,3200,3200
20567,0,3200,3200
20568,0,3200,3200
20569,0,3200,3200
20570,0,3200,3200
20571,0,3200,3200
20572,0,3200,3200
20573,0,3200,3200
20574,0,3200,3200
20575,0,3200,3200
20576,0,3200,3200
20577,0,3200,3200
20578,0,3200,3200
20579,0,3200,3200
20580,0,3200,3200
20581,0,3200,3200
20582,0,3200,3200
20583,0,3200,3200
20584,0,3200,3200
20585,0,3200,3200
20586,0,3200,3200
20587,0,3200,3200
20588,0,3200,3200
20589,0,3200,3200
20590,0,3200,3200
20591,0,3200,3200
20592,0,3200,3200
20593,0,3200,3200
20594,0,3200,3200
20595,0,3200,3200
20596,0,3200,3200
20597,0,3200,3200
20598,0,3200,3200
20599,0,3200,3200
20600,0,3200,3200
20601,0,3200,3200
20602,0,3200,3200
20603,0,3200,3200
20604,0,3200,3200
20605,0,3200,3200
20606,0,3200,3200
20607,0,3200,3200
20608,0,3200,3200
20609,0,3200,3200
20610,0,3200,3200
20611,0,3200,3200
20612,0,3200,3200
20613,0,3200,3200
20614,0,3200,3200
20615,0,3200,3200
20616,0,3200,3200
20617,0,3200,3200
20618,0,3200,3200
20619,0,3200,3200
20620,0,3200,3200
20621,0,3200,3200
20622,0,3200,3200
20623,0,3200,3200
20624,0,3200,3200
20625,0,3200,3200
20626,0,3200,3200
20627,0,3200,3200
20628,0,3200,3200
20629,0,3200,3200
20630,0,3200,3200
20631,0,3200,3200
20632,0,3200,3200
20633,0,3200,3200
20634,0,3200,3200
20635,0,3200,3200
20636,0,3200,3200
20637,0,3200,3200
20638,0,3200,3200
20639,0,3200,3200
20640,0,3200,3200
