time_s,cars_on_campus,cumulative_spawned,cumulative_exited
0,3200,0,0
1,3200,0,0
2,3200,0,0
3,3200,0,0
4,3200,0,0
5,3200,0,0
6,3200,0,0
7,3200,0,0
8,3200,0,0
9,3200,0,0
10,3200,0,0
11,3200,0,0
12,3200,0,0
13,3200,0,0
14,3200,0,0
15,3200,0,0
16,3200,0,0
17,3200,0,0
18,3200,0,0
19,3200,0,0
20,3200,0,0
21,3200,0,0
22,3200,0,0
23,3200,0,0
24,3200,0,0
25,3200,0,0
26,3200,0,0
27,3200,0,0
28,3200,0,0
29,3200,0,0
30,3200,0,0
31,3200,0,0
32,3200,0,0
33,3200,0,0
34,3200,0,0
35,3200,0,0
36,3200,0,0
37,3200,0,0
38,3200,0,0
39,3200,0,0
40,3200,0,0
41,3200,0,0
42,3200,0,0
43,3200,0,0
44,3200,0,0
45,3200,0,0
46,3200,0,0
47,3200,0,0
48,3200,0,0
49,3200,0,0
50,3200,0,0
51,3200,0,0
52,3200,0,0
53,3200,0,0
54,3200,0,0
55,3200,0,0
56,3200,0,0
57,3200,0,0
58,3200,0,0
59,3200,0,0
60,3200,3200,0
61,3200,3200,0
62,3200,3200,0
63,3200,3200,0
64,3200,3200,0
65,3200,3200,0
66,3200,3200,0
67,3200,3200,0
68,3200,3200,0
69,3200,3200,0
70,3200,3200,0
71,3200,3200,0
72,3200,3200,0
73,3200,3200,0
74,3200,3200,0
75,3200,3200,0
76,3200,3200,0
77,3200,3200,0
78,3200,3200,0
79,3200,3200,0
80,3200,3200,0
81,3200,3200,0
82,3200,3200,0
83,3200,3200,0
84,3200,3200,0
85,3200,3200,0
86,3200,3200,0
87,3200,3200,0
88,3200,3200,0
89,3200,3200,0
90,3200,3200,0
91,3200,3200,0
92,3200,3200,0
93,3199,3200,1
94,3199,3200,1
95,3199,3200,1
96,3199,3200,1
97,3199,3200,1
98,3199,3200,1
99,3198,3200,2
100,3198,3200,2
101,3198,3200,2
102,3198,3200,2
103,3198,3200,2
104,3197,3200,3
105,3197,3200,3
106,3197,3200,3
107,3197,3200,3
108,3197,3200,3
109,3197,3200,3
110,3196,3200,4
111,3196,3200,4
112,3196,3200,4
113,3196,3200,4
114,3195,3200,5
115,3195,3200,5
116,3195,3200,5
117,3195,3200,5
118,3193,3200,7
119,3193,3200,7
120,3193,3200,7
121,3192,3200,8
122,3192,3200,8
123,3192,3200,8
124,3191,3200,9
125,3190,3200,10
126,3190,3200,10
127,3190,3200,10
128,3190,3200,10
129,3189,3200,11
130,3189,3200,11
131,3189,3200,11
132,3189,3200,11
133,3188,3200,12
134,3187,3200,13
135,3187,3200,13
136,3187,3200,13
137,3185,3200,15
138,3185,3200,15
139,3184,3200,16
140,3183,3200,17
141,3182,3200,18
142,3182,3200,18
143,3182,3200,18
144,3181,3200,19
145,3180,3200,20
146,3180,3200,20
147,3178,3200,22
148,3177,3200,23
149,3177,3200,23
150,3176,3200,24
151,3175,3200,25
152,3175,3200,25
153,3174,3200,26
154,3172,3200,28
155,3172,3200,28
156,3172,3200,28
157,3171,3200,29
158,3170,3200,30
159,3170,3200,30
160,3169,3200,31
161,3168,3200,32
162,3167,3200,33
163,3167,3200,33
164,3165,3200,35
165,3165,3200,35
166,3163,3200,37
167,3162,3200,38
168,3162,3200,38
169,3161,3200,39
170,3158,3200,42
171,3158,3200,42
172,3158,3200,42
173,3157,3200,43
174,3157,3200,43
175,3156,3200,44
176,3156,3200,44
177,3154,3200,46
178,3153,3200,47
179,3153,3200,47
180,3153,3200,47
181,3150,3200,50
182,3150,3200,50
183,3149,3200,51
184,3149,3200,51
185,3147,3200,53
186,3146,3200,54
187,3146,3200,54
188,3145,3200,55
189,3143,3200,57
190,3143,3200,57
191,3143,3200,57
192,3140,3200,60
193,3140,3200,60
194,3140,3200,60
195,3138,3200,62
196,3138,3200,62
197,3138,3200,62
198,3136,3200,64
199,3135,3200,65
200,3135,3200,65
201,3133,3200,67
202,3132,3200,68
203,3132,3200,68
204,3132,3200,68
205,3131,3200,69
206,3130,3200,70
207,3129,3200,71
208,3128,3200,72
209,3128,3200,72
210,3126,3200,74
211,3126,3200,74
212,3125,3200,75
213,3124,3200,76
214,3124,3200,76
215,3123,3200,77
216,3122,3200,78
217,3122,3200,78
218,3121,3200,79
219,3121,3200,79
220,3119,3200,81
221,3119,3200,81
222,3119,3200,81
223,3118,3200,82
224,3117,3200,83
225,3117,3200,83
226,3116,3200,84
227,3115,3200,85
228,3115,3200,85
229,3114,3200,86
230,3113,3200,87
231,3113,3200,87
232,3112,3200,88
233,3111,3200,89
234,3111,3200,89
235,3110,3200,90
236,3109,3200,91
237,3109,3200,91
238,3108,3200,92
239,3107,3200,93
240,3107,3200,93
241,3106,3200,94
242,3106,3200,94
243,3105,3200,95
244,3105,3200,95
245,3105,3200,95
246,3104,3200,96
247,3104,3200,96
248,3103,3200,97
249,3102,3200,98
250,3102,3200,98
251,3102,3200,98
252,3100,3200,100
253,3100,3200,100
254,3100,3200,100
255,3099,3200,101
256,3099,3200,101
257,3097,3200,103
258,3097,3200,103
259,3096,3200,104
260,3095,3200,105
261,3094,3200,106
262,3094,3200,106
263,3094,3200,106
264,3092,3200,108
265,3092,3200,108
266,3092,3200,108
267,3091,3200,109
268,3091,3200,109
269,3091,3200,109
270,3090,3200,110
271,3090,3200,110
272,3089,3200,111
273,3088,3200,112
274,3088,3200,112
275,3088,3200,112
276,3088,3200,112
277,3087,3200,113
278,3086,3200,114
279,3086,3200,114
280,3085,3200,115
281,3084,3200,116
282,3084,3200,116
283,3083,3200,117
284,3082,3200,118
285,3082,3200,118
286,3081,3200,119
287,3081,3200,119
288,3080,3200,120
289,3080,3200,120
290,3079,3200,121
291,3078,3200,122
292,3078,3200,122
293,3077,3200,123
294,3077,3200,123
295,3075,3200,125
296,3075,3200,125
297,3075,3200,125
298,3074,3200,126
299,3073,3200,127
300,3073,3200,127
301,3072,3200,128
302,3071,3200,129
303,3071,3200,129
304,3070,3200,130
305,3070,3200,130
306,3069,3200,131
307,3068,3200,132
308,3067,3200,133
309,3067,3200,133
310,3067,3200,133
311,3066,3200,134
312,3065,3200,135
313,3063,3200,137
314,3063,3200,137
315,3063,3200,137
316,3062,3200,138
317,3061,3200,139
318,3061,3200,139
319,3060,3200,140
320,3059,3200,141
321,3059,3200,141
322,3058,3200,142
323,3058,3200,142
324,3057,3200,143
325,3057,3200,143
326,3057,3200,143
327,3057,3200,143
328,3056,3200,144
329,3056,3200,144
330,3056,3200,144
331,3055,3200,145
332,3054,3200,146
333,3053,3200,147
334,3053,3200,147
335,3053,3200,147
336,3052,3200,148
337,3052,3200,148
338,3051,3200,149
339,3051,3200,149
340,3051,3200,149
341,3050,3200,150
342,3049,3200,151
343,3049,3200,151
344,3048,3200,152
345,3047,3200,153
346,3047,3200,153
347,3046,3200,154
348,3045,3200,155
349,3044,3200,156
350,3044,3200,156
351,3043,3200,157
352,3042,3200,158
353,3042,3200,158
354,3041,3200,159
355,3040,3200,160
356,3039,3200,161
357,3039,3200,161
358,3038,3200,162
359,3038,3200,162
360,3036,3200,164
361,3036,3200,164
362,3036,3200,164
363,3035,3200,165
364,3035,3200,165
365,3033,3200,167
366,3033,3200,167
367,3033,3200,167
368,3032,3200,168
369,3031,3200,169
370,3031,3200,169
371,3031,3200,169
372,3031,3200,169
373,3029,3200,171
374,3029,3200,171
375,3028,3200,172
376,3028,3200,172
377,3027,3200,173
378,3027,3200,173
379,3027,3200,173
380,3026,3200,174
381,3024,3200,176
382,3024,3200,176
383,3024,3200,176
384,3024,3200,176
385,3023,3200,177
386,3023,3200,177
387,3021,3200,179
388,3019,3200,181
389,3019,3200,181
390,3019,3200,181
391,3017,3200,183
392,3017,3200,183
393,3017,3200,183
394,3017,3200,183
395,3016,3200,184
396,3015,3200,185
397,3015,3200,185
398,3014,3200,186
399,3013,3200,187
400,3012,3200,188
401,3010,3200,190
402,3009,3200,191
403,3009,3200,191
404,3009,3200,191
405,3009,3200,191
406,3008,3200,192
407,3008,3200,192
408,3006,3200,194
409,3006,3200,194
410,3006,3200,194
411,3005,3200,195
412,3004,3200,196
413,3003,3200,197
414,3002,3200,198
415,3002,3200,198
416,3002,3200,198
417,3001,3200,199
418,3000,3200,200
419,3000,3200,200
420,2999,3200,201
421,2998,3200,202
422,2998,3200,202
423,2998,3200,202
424,2997,3200,203
425,2997,3200,203
426,2997,3200,203
427,2997,3200,203
428,2995,3200,205
429,2995,3200,205
430,2995,3200,205
431,2995,3200,205
432,2995,3200,205
433,2994,3200,206
434,2993,3200,207
435,2993,3200,207
436,2992,3200,208
437,2992,3200,208
438,2992,3200,208
439,2992,3200,208
440,2992,3200,208
441,2990,3200,210
442,2990,3200,210
443,2990,3200,210
444,2988,3200,212
445,2987,3200,213
446,2987,3200,213
447,2986,3200,214
448,2986,3200,214
449,2986,3200,214
450,2985,3200,215
451,2985,3200,215
452,2985,3200,215
453,2985,3200,215
454,2984,3200,216
455,2984,3200,216
456,2983,3200,217
457,2982,3200,218
458,2982,3200,218
459,2982,3200,218
460,2982,3200,218
461,2981,3200,219
462,2981,3200,219
463,2981,3200,219
464,2981,3200,219
465,2981,3200,219
466,2981,3200,219
467,2980,3200,220
468,2980,3200,220
469,2980,3200,220
470,2979,3200,221
471,2979,3200,221
472,2978,3200,222
473,2978,3200,222
474,2977,3200,223
475,2977,3200,223
476,2977,3200,223
477,2976,3200,224
478,2976,3200,224
479,2975,3200,225
480,2975,3200,225
481,2974,3200,226
482,2974,3200,226
483,2974,3200,226
484,2973,3200,227
485,2973,3200,227
486,2971,3200,229
487,2971,3200,229
488,2971,3200,229
489,2971,3200,229
490,2970,3200,230
491,2968,3200,232
492,2968,3200,232
493,2967,3200,233
494,2965,3200,235
495,2965,3200,235
496,2964,3200,236
497,2962,3200,238
498,2962,3200,238
499,2961,3200,239
500,2960,3200,240
501,2960,3200,240
502,2959,3200,241
503,2959,3200,241
504,2959,3200,241
505,2957,3200,243
506,2956,3200,244
507,2955,3200,245
508,2955,3200,245
509,2954,3200,246
510,2953,3200,247
511,2953,3200,247
512,2952,3200,248
513,2952,3200,248
514,2952,3200,248
515,2950,3200,250
516,2949,3200,251
517,2949,3200,251
518,2948,3200,252
519,2947,3200,253
520,2947,3200,253
521,2945,3200,255
522,2945,3200,255
523,2943,3200,257
524,2942,3200,258
525,2942,3200,258
526,2941,3200,259
527,2940,3200,260
528,2940,3200,260
529,2939,3200,261
530,2937,3200,263
531,2936,3200,264
532,2935,3200,265
533,2935,3200,265
534,2934,3200,266
535,2934,3200,266
536,2933,3200,267
537,2932,3200,268
538,2931,3200,269
539,2930,3200,270
540,2929,3200,271
541,2928,3200,272
542,2928,3200,272
543,2927,3200,273
544,2926,3200,274
545,2926,3200,274
546,2926,3200,274
547,2925,3200,275
548,2924,3200,276
549,2923,3200,277
550,2923,3200,277
551,2923,3200,277
552,2922,3200,278
553,2921,3200,279
554,2921,3200,279
555,2920,3200,280
556,2920,3200,280
557,2919,3200,281
558,2919,3200,281
559,2919,3200,281
560,2919,3200,281
561,2918,3200,282
562,2918,3200,282
563,2918,3200,282
564,2917,3200,283
565,2917,3200,283
566,2917,3200,283
567,2916,3200,284
568,2916,3200,284
569,2914,3200,286
570,2912,3200,288
571,2912,3200,288
572,2910,3200,290
573,2910,3200,290
574,2910,3200,290
575,2909,3200,291
576,2907,3200,293
577,2907,3200,293
578,2907,3200,293
579,2907,3200,293
580,2906,3200,294
581,2906,3200,294
582,2904,3200,296
583,2904,3200,296
584,2903,3200,297
585,2902,3200,298
586,2900,3200,300
587,2900,3200,300
588,2898,3200,302
589,2898,3200,302
590,2898,3200,302
591,2897,3200,303
592,2897,3200,303
593,2897,3200,303
594,2897,3200,303
595,2896,3200,304
596,2895,3200,305
597,2894,3200,306
598,2894,3200,306
599,2893,3200,307
600,2892,3200,308
601,2891,3200,309
602,2891,3200,309
603,2891,3200,309
604,2891,3200,309
605,2889,3200,311
606,2888,3200,312
607,2888,3200,312
608,2887,3200,313
609,2887,3200,313
610,2886,3200,314
611,2886,3200,314
612,2885,3200,315
613,2884,3200,316
614,2884,3200,316
615,2883,3200,317
616,2883,3200,317
617,2882,3200,318
618,2881,3200,319
619,2881,3200,319
620,2881,3200,319
621,2880,3200,320
622,2878,3200,322
623,2878,3200,322
624,2878,3200,322
625,2876,3200,324
626,2876,3200,324
627,2876,3200,324
628,2875,3200,325
629,2875,3200,325
630,2874,3200,326
631,2873,3200,327
632,2873,3200,327
633,2873,3200,327
634,2872,3200,328
635,2872,3200,328
636,2871,3200,329
637,2871,3200,329
638,2870,3200,330
639,2870,3200,330
640,2870,3200,330
641,2870,3200,330
642,2869,3200,331
643,2868,3200,332
644,2867,3200,333
645,2867,3200,333
646,2867,3200,333
647,2865,3200,335
648,2864,3200,336
649,2863,3200,337
650,2863,3200,337
651,2862,3200,338
652,2860,3200,340
653,2859,3200,341
654,2859,3200,341
655,2859,3200,341
656,2857,3200,343
657,2857,3200,343
658,2856,3200,344
659,2855,3200,345
660,2855,3200,345
661,2855,3200,345
662,2855,3200,345
663,2854,3200,346
664,2853,3200,347
665,2852,3200,348
666,2852,3200,348
667,2851,3200,349
668,2851,3200,349
669,2850,3200,350
670,2850,3200,350
671,2849,3200,351
672,2849,3200,351
673,2849,3200,351
674,2849,3200,351
675,2849,3200,351
676,2849,3200,351
677,2849,3200,351
678,2849,3200,351
679,2849,3200,351
680,2848,3200,352
681,2848,3200,352
682,2848,3200,352
683,2848,3200,352
684,2848,3200,352
685,2848,3200,352
686,2848,3200,352
687,2848,3200,352
688,2848,3200,352
689,2848,3200,352
690,2848,3200,352
691,2848,3200,352
692,2848,3200,352
693,2847,3200,353
694,2847,3200,353
695,2847,3200,353
696,2847,3200,353
697,2846,3200,354
698,2846,3200,354
699,2846,3200,354
700,2846,3200,354
701,2846,3200,354
702,2846,3200,354
703,2846,3200,354
704,2845,3200,355
705,2845,3200,355
706,2845,3200,355
707,2844,3200,356
708,2844,3200,356
709,2843,3200,357
710,2843,3200,357
711,2843,3200,357
712,2842,3200,358
713,2842,3200,358
714,2842,3200,358
715,2841,3200,359
716,2841,3200,359
717,2841,3200,359
718,2841,3200,359
719,2841,3200,359
720,2841,3200,359
721,2840,3200,360
722,2840,3200,360
723,2839,3200,361
724,2839,3200,361
725,2838,3200,362
726,2838,3200,362
727,2838,3200,362
728,2838,3200,362
729,2838,3200,362
730,2838,3200,362
731,2838,3200,362
732,2838,3200,362
733,2837,3200,363
734,2837,3200,363
735,2837,3200,363
736,2837,3200,363
737,2837,3200,363
738,2837,3200,363
739,2836,3200,364
740,2836,3200,364
741,2836,3200,364
742,2835,3200,365
743,2835,3200,365
744,2835,3200,365
745,2835,3200,365
746,2835,3200,365
747,2835,3200,365
748,2835,3200,365
749,2834,3200,366
750,2834,3200,366
751,2834,3200,366
752,2833,3200,367
753,2833,3200,367
754,2833,3200,367
755,2832,3200,368
756,2832,3200,368
757,2832,3200,368
758,2831,3200,369
759,2831,3200,369
760,2831,3200,369
761,2831,3200,369
762,2831,3200,369
763,2831,3200,369
764,2830,3200,370
765,2830,3200,370
766,2829,3200,371
767,2829,3200,371
768,2829,3200,371
769,2828,3200,372
770,2828,3200,372
771,2828,3200,372
772,2827,3200,373
773,2827,3200,373
774,2827,3200,373
775,2826,3200,374
776,2826,3200,374
777,2826,3200,374
778,2826,3200,374
779,2826,3200,374
780,2825,3200,375
781,2825,3200,375
782,2824,3200,376
783,2824,3200,376
784,2824,3200,376
785,2824,3200,376
786,2824,3200,376
787,2824,3200,376
788,2824,3200,376
789,2824,3200,376
790,2824,3200,376
791,2823,3200,377
792,2823,3200,377
793,2822,3200,378
794,2822,3200,378
795,2822,3200,378
796,2822,3200,378
797,2821,3200,379
798,2821,3200,379
799,2820,3200,380
800,2820,3200,380
801,2820,3200,380
802,2820,3200,380
803,2820,3200,380
804,2820,3200,380
805,2819,3200,381
806,2819,3200,381
807,2819,3200,381
808,2819,3200,381
809,2819,3200,381
810,2818,3200,382
811,2818,3200,382
812,2818,3200,382
813,2817,3200,383
814,2817,3200,383
815,2817,3200,383
816,2817,3200,383
817,2816,3200,384
818,2816,3200,384
819,2816,3200,384
820,2816,3200,384
821,2816,3200,384
822,2816,3200,384
823,2816,3200,384
824,2816,3200,384
825,2816,3200,384
826,2816,3200,384
827,2815,3200,385
828,2814,3200,386
829,2814,3200,386
830,2814,3200,386
831,2814,3200,386
832,2814,3200,386
833,2814,3200,386
834,2814,3200,386
835,2814,3200,386
836,2814,3200,386
837,2814,3200,386
838,2813,3200,387
839,2813,3200,387
840,2812,3200,388
841,2812,3200,388
842,2812,3200,388
843,2812,3200,388
844,2811,3200,389
845,2811,3200,389
846,2811,3200,389
847,2811,3200,389
848,2811,3200,389
849,2811,3200,389
850,2810,3200,390
851,2810,3200,390
852,2810,3200,390
853,2810,3200,390
854,2810,3200,390
855,2810,3200,390
856,2810,3200,390
857,2810,3200,390
858,2810,3200,390
859,2809,3200,391
860,2808,3200,392
861,2808,3200,392
862,2808,3200,392
863,2808,3200,392
864,2807,3200,393
865,2807,3200,393
866,2806,3200,394
867,2806,3200,394
868,2806,3200,394
869,2806,3200,394
870,2806,3200,394
871,2806,3200,394
872,2806,3200,394
873,2806,3200,394
874,2805,3200,395
875,2805,3200,395
876,2805,3200,395
877,2804,3200,396
878,2804,3200,396
879,2804,3200,396
880,2803,3200,397
881,2803,3200,397
882,2803,3200,397
883,2803,3200,397
884,2803,3200,397
885,2802,3200,398
886,2802,3200,398
887,2802,3200,398
888,2802,3200,398
889,2802,3200,398
890,2802,3200,398
891,2802,3200,398
892,2802,3200,398
893,2802,3200,398
894,2802,3200,398
895,2802,3200,398
896,2802,3200,398
897,2801,3200,399
898,2801,3200,399
899,2801,3200,399
900,2801,3200,399
901,2801,3200,399
902,2800,3200,400
903,2800,3200,400
904,2799,3200,401
905,2799,3200,401
906,2798,3200,402
907,2797,3200,403
908,2797,3200,403
909,2797,3200,403
910,2797,3200,403
911,2797,3200,403
912,2797,3200,403
913,2796,3200,404
914,2795,3200,405
915,2795,3200,405
916,2795,3200,405
917,2794,3200,406
918,2794,3200,406
919,2793,3200,407
920,2793,3200,407
921,2793,3200,407
922,2792,3200,408
923,2792,3200,408
924,2792,3200,408
925,2792,3200,408
926,2791,3200,409
927,2791,3200,409
928,2790,3200,410
929,2790,3200,410
930,2790,3200,410
931,2790,3200,410
932,2790,3200,410
933,2790,3200,410
934,2790,3200,410
935,2789,3200,411
936,2789,3200,411
937,2789,3200,411
938,2789,3200,411
939,2788,3200,412
940,2788,3200,412
941,2787,3200,413
942,2787,3200,413
943,2787,3200,413
944,2787,3200,413
945,2787,3200,413
946,2786,3200,414
947,2786,3200,414
948,2786,3200,414
949,2785,3200,415
950,2785,3200,415
951,2785,3200,415
952,2785,3200,415
953,2784,3200,416
954,2784,3200,416
955,2784,3200,416
956,2784,3200,416
957,2784,3200,416
958,2784,3200,416
959,2784,3200,416
960,2783,3200,417
961,2783,3200,417
962,2783,3200,417
963,2783,3200,417
964,2783,3200,417
965,2783,3200,417
966,2783,3200,417
967,2783,3200,417
968,2783,3200,417
969,2783,3200,417
970,2783,3200,417
971,2783,3200,417
972,2783,3200,417
973,2783,3200,417
974,2782,3200,418
975,2782,3200,418
976,2782,3200,418
977,2782,3200,418
978,2781,3200,419
979,2781,3200,419
980,2781,3200,419
981,2781,3200,419
982,2781,3200,419
983,2780,3200,420
984,2780,3200,420
985,2780,3200,420
986,2779,3200,421
987,2779,3200,421
988,2779,3200,421
989,2779,3200,421
990,2779,3200,421
991,2778,3200,422
992,2778,3200,422
993,2778,3200,422
994,2778,3200,422
995,2778,3200,422
996,2777,3200,423
997,2777,3200,423
998,2777,3200,423
999,2777,3200,423
1000,2777,3200,423
1001,2776,3200,424
1002,2776,3200,424
1003,2775,3200,425
1004,2775,3200,425
1005,2775,3200,425
1006,2774,3200,426
1007,2774,3200,426
1008,2773,3200,427
1009,2773,3200,427
1010,2773,3200,427
1011,2773,3200,427
1012,2773,3200,427
1013,2773,3200,427
1014,2773,3200,427
1015,2773,3200,427
1016,2772,3200,428
1017,2771,3200,429
1018,2771,3200,429
1019,2771,3200,429
1020,2771,3200,429
1021,2771,3200,429
1022,2771,3200,429
1023,2771,3200,429
1024,2770,3200,430
1025,2770,3200,430
1026,2770,3200,430
1027,2769,3200,431
1028,2769,3200,431
1029,2768,3200,432
1030,2768,3200,432
1031,2768,3200,432
1032,2768,3200,432
1033,2768,3200,432
1034,2768,3200,432
1035,2768,3200,432
1036,2767,3200,433
1037,2767,3200,433
1038,2767,3200,433
1039,2766,3200,434
1040,2766,3200,434
1041,2766,3200,434
1042,2766,3200,434
1043,2766,3200,434
1044,2766,3200,434
1045,2766,3200,434
1046,2765,3200,435
1047,2765,3200,435
1048,2765,3200,435
1049,2765,3200,435
1050,2765,3200,435
1051,2765,3200,435
1052,2764,3200,436
1053,2764,3200,436
1054,2764,3200,436
1055,2764,3200,436
1056,2763,3200,437
1057,2763,3200,437
1058,2763,3200,437
1059,2762,3200,438
1060,2762,3200,438
1061,2761,3200,439
1062,2761,3200,439
1063,2760,3200,440
1064,2760,3200,440
1065,2759,3200,441
1066,2759,3200,441
1067,2758,3200,442
1068,2758,3200,442
1069,2758,3200,442
1070,2758,3200,442
1071,2758,3200,442
1072,2758,3200,442
1073,2757,3200,443
1074,2757,3200,443
1075,2756,3200,444
1076,2756,3200,444
1077,2756,3200,444
1078,2756,3200,444
1079,2755,3200,445
1080,2755,3200,445
1081,2755,3200,445
1082,2755,3200,445
1083,2755,3200,445
1084,2754,3200,446
1085,2754,3200,446
1086,2754,3200,446
1087,2754,3200,446
1088,2753,3200,447
1089,2753,3200,447
1090,2753,3200,447
1091,2752,3200,448
1092,2752,3200,448
1093,2751,3200,449
1094,2751,3200,449
1095,2751,3200,449
1096,2751,3200,449
1097,2751,3200,449
1098,2751,3200,449
1099,2751,3200,449
1100,2751,3200,449
1101,2751,3200,449
1102,2751,3200,449
1103,2751,3200,449
1104,2751,3200,449
1105,2751,3200,449
1106,2750,3200,450
1107,2750,3200,450
1108,2750,3200,450
1109,2750,3200,450
1110,2750,3200,450
1111,2750,3200,450
1112,2749,3200,451
1113,2749,3200,451
1114,2749,3200,451
1115,2748,3200,452
1116,2748,3200,452
1117,2748,3200,452
1118,2748,3200,452
1119,2747,3200,453
1120,2747,3200,453
1121,2747,3200,453
1122,2747,3200,453
1123,2746,3200,454
1124,2746,3200,454
1125,2746,3200,454
1126,2746,3200,454
1127,2746,3200,454
1128,2745,3200,455
1129,2745,3200,455
1130,2745,3200,455
1131,2745,3200,455
1132,2745,3200,455
1133,2745,3200,455
1134,2744,3200,456
1135,2743,3200,457
1136,2743,3200,457
1137,2743,3200,457
1138,2742,3200,458
1139,2742,3200,458
1140,2741,3200,459
1141,2741,3200,459
1142,2741,3200,459
1143,2741,3200,459
1144,2741,3200,459
1145,2741,3200,459
1146,2740,3200,460
1147,2740,3200,460
1148,2740,3200,460
1149,2740,3200,460
1150,2739,3200,461
1151,2739,3200,461
1152,2738,3200,462
1153,2738,3200,462
1154,2737,3200,463
1155,2737,3200,463
1156,2737,3200,463
1157,2737,3200,463
1158,2737,3200,463
1159,2736,3200,464
1160,2736,3200,464
1161,2736,3200,464
1162,2736,3200,464
1163,2735,3200,465
1164,2735,3200,465
1165,2735,3200,465
1166,2735,3200,465
1167,2735,3200,465
1168,2735,3200,465
1169,2735,3200,465
1170,2735,3200,465
1171,2735,3200,465
1172,2735,3200,465
1173,2735,3200,465
1174,2735,3200,465
1175,2734,3200,466
1176,2734,3200,466
1177,2734,3200,466
1178,2734,3200,466
1179,2734,3200,466
1180,2734,3200,466
1181,2734,3200,466
1182,2734,3200,466
1183,2734,3200,466
1184,2734,3200,466
1185,2733,3200,467
1186,2733,3200,467
1187,2732,3200,468
1188,2732,3200,468
1189,2731,3200,469
1190,2731,3200,469
1191,2731,3200,469
1192,2731,3200,469
1193,2730,3200,470
1194,2730,3200,470
1195,2730,3200,470
1196,2730,3200,470
1197,2730,3200,470
1198,2729,3200,471
1199,2729,3200,471
1200,2729,3200,471
1201,2728,3200,472
1202,2727,3200,473
1203,2727,3200,473
1204,2727,3200,473
1205,2727,3200,473
1206,2727,3200,473
1207,2727,3200,473
1208,2727,3200,473
1209,2727,3200,473
1210,2727,3200,473
1211,2726,3200,474
1212,2726,3200,474
1213,2725,3200,475
1214,2725,3200,475
1215,2725,3200,475
1216,2724,3200,476
1217,2723,3200,477
1218,2723,3200,477
1219,2723,3200,477
1220,2723,3200,477
1221,2723,3200,477
1222,2722,3200,478
1223,2722,3200,478
1224,2722,3200,478
1225,2722,3200,478
1226,2721,3200,479
1227,2721,3200,479
1228,2721,3200,479
1229,2720,3200,480
1230,2720,3200,480
1231,2719,3200,481
1232,2719,3200,481
1233,2719,3200,481
1234,2719,3200,481
1235,2718,3200,482
1236,2718,3200,482
1237,2718,3200,482
1238,2718,3200,482
1239,2718,3200,482
1240,2718,3200,482
1241,2718,3200,482
1242,2718,3200,482
1243,2718,3200,482
1244,2718,3200,482
1245,2718,3200,482
1246,2718,3200,482
1247,2718,3200,482
1248,2716,3200,484
1249,2716,3200,484
1250,2715,3200,485
1251,2715,3200,485
1252,2715,3200,485
1253,2715,3200,485
1254,2715,3200,485
1255,2715,3200,485
1256,2715,3200,485
1257,2714,3200,486
1258,2714,3200,486
1259,2714,3200,486
1260,2714,3200,486
1261,2714,3200,486
1262,2714,3200,486
1263,2714,3200,486
1264,2714,3200,486
1265,2714,3200,486
1266,2714,3200,486
1267,2714,3200,486
1268,2714,3200,486
1269,2714,3200,486
1270,2714,3200,486
1271,2713,3200,487
1272,2713,3200,487
1273,2713,3200,487
1274,2713,3200,487
1275,2713,3200,487
1276,2713,3200,487
1277,2713,3200,487
1278,2713,3200,487
1279,2713,3200,487
1280,2712,3200,488
1281,2711,3200,489
1282,2710,3200,490
1283,2710,3200,490
1284,2710,3200,490
1285,2710,3200,490
1286,2709,3200,491
1287,2709,3200,491
1288,2709,3200,491
1289,2709,3200,491
1290,2708,3200,492
1291,2707,3200,493
1292,2707,3200,493
1293,2707,3200,493
1294,2707,3200,493
1295,2707,3200,493
1296,2707,3200,493
1297,2707,3200,493
1298,2707,3200,493
1299,2707,3200,493
1300,2707,3200,493
1301,2707,3200,493
1302,2707,3200,493
1303,2706,3200,494
1304,2706,3200,494
1305,2706,3200,494
1306,2706,3200,494
1307,2705,3200,495
1308,2704,3200,496
1309,2704,3200,496
1310,2704,3200,496
1311,2703,3200,497
1312,2703,3200,497
1313,2703,3200,497
1314,2703,3200,497
1315,2703,3200,497
1316,2703,3200,497
1317,2703,3200,497
1318,2703,3200,497
1319,2702,3200,498
1320,2702,3200,498
1321,2702,3200,498
1322,2702,3200,498
1323,2701,3200,499
1324,2701,3200,499
1325,2700,3200,500
1326,2700,3200,500
1327,2700,3200,500
1328,2700,3200,500
1329,2700,3200,500
1330,2699,3200,501
1331,2699,3200,501
1332,2699,3200,501
1333,2698,3200,502
1334,2698,3200,502
1335,2698,3200,502
1336,2697,3200,503
1337,2697,3200,503
1338,2697,3200,503
1339,2697,3200,503
1340,2697,3200,503
1341,2697,3200,503
1342,2697,3200,503
1343,2697,3200,503
1344,2697,3200,503
1345,2697,3200,503
1346,2696,3200,504
1347,2696,3200,504
1348,2696,3200,504
1349,2696,3200,504
1350,2696,3200,504
1351,2696,3200,504
1352,2696,3200,504
1353,2696,3200,504
1354,2695,3200,505
1355,2695,3200,505
1356,2694,3200,506
1357,2694,3200,506
1358,2693,3200,507
1359,2693,3200,507
1360,2693,3200,507
1361,2693,3200,507
1362,2692,3200,508
1363,2692,3200,508
1364,2691,3200,509
1365,2689,3200,511
1366,2689,3200,511
1367,2688,3200,512
1368,2688,3200,512
1369,2688,3200,512
1370,2688,3200,512
1371,2688,3200,512
1372,2688,3200,512
1373,2687,3200,513
1374,2687,3200,513
1375,2687,3200,513
1376,2687,3200,513
1377,2686,3200,514
1378,2686,3200,514
1379,2686,3200,514
1380,2686,3200,514
1381,2685,3200,515
1382,2685,3200,515
1383,2684,3200,516
1384,2684,3200,516
1385,2684,3200,516
1386,2684,3200,516
1387,2684,3200,516
1388,2684,3200,516
1389,2684,3200,516
1390,2684,3200,516
1391,2683,3200,517
1392,2683,3200,517
1393,2682,3200,518
1394,2681,3200,519
1395,2681,3200,519
1396,2681,3200,519
1397,2681,3200,519
1398,2681,3200,519
1399,2681,3200,519
1400,2681,3200,519
1401,2681,3200,519
1402,2681,3200,519
1403,2681,3200,519
1404,2680,3200,520
1405,2680,3200,520
1406,2679,3200,521
1407,2679,3200,521
1408,2679,3200,521
1409,2679,3200,521
1410,2678,3200,522
1411,2678,3200,522
1412,2677,3200,523
1413,2677,3200,523
1414,2676,3200,524
1415,2676,3200,524
1416,2676,3200,524
1417,2675,3200,525
1418,2675,3200,525
1419,2675,3200,525
1420,2674,3200,526
1421,2674,3200,526
1422,2674,3200,526
1423,2674,3200,526
1424,2674,3200,526
1425,2673,3200,527
1426,2673,3200,527
1427,2672,3200,528
1428,2672,3200,528
1429,2672,3200,528
1430,2672,3200,528
1431,2672,3200,528
1432,2672,3200,528
1433,2672,3200,528
1434,2672,3200,528
1435,2671,3200,529
1436,2670,3200,530
1437,2670,3200,530
1438,2670,3200,530
1439,2669,3200,531
1440,2669,3200,531
1441,2669,3200,531
1442,2669,3200,531
1443,2669,3200,531
1444,2669,3200,531
1445,2669,3200,531
1446,2668,3200,532
1447,2668,3200,532
1448,2668,3200,532
1449,2668,3200,532
1450,2668,3200,532
1451,2668,3200,532
1452,2668,3200,532
1453,2668,3200,532
1454,2667,3200,533
1455,2667,3200,533
1456,2667,3200,533
1457,2667,3200,533
1458,2667,3200,533
1459,2667,3200,533
1460,2666,3200,534
1461,2666,3200,534
1462,2666,3200,534
1463,2666,3200,534
1464,2665,3200,535
1465,2665,3200,535
1466,2665,3200,535
1467,2664,3200,536
1468,2664,3200,536
1469,2664,3200,536
1470,2663,3200,537
1471,2663,3200,537
1472,2663,3200,537
1473,2662,3200,538
1474,2662,3200,538
1475,2662,3200,538
1476,2662,3200,538
1477,2662,3200,538
1478,2662,3200,538
1479,2661,3200,539
1480,2661,3200,539
1481,2661,3200,539
1482,2661,3200,539
1483,2661,3200,539
1484,2661,3200,539
1485,2661,3200,539
1486,2661,3200,539
1487,2661,3200,539
1488,2660,3200,540
1489,2660,3200,540
1490,2660,3200,540
1491,2659,3200,541
1492,2659,3200,541
1493,2659,3200,541
1494,2659,3200,541
1495,2659,3200,541
1496,2659,3200,541
1497,2659,3200,541
1498,2658,3200,542
1499,2658,3200,542
1500,2658,3200,542
1501,2658,3200,542
1502,2657,3200,543
1503,2657,3200,543
1504,2657,3200,543
1505,2656,3200,544
1506,2656,3200,544
1507,2656,3200,544
1508,2656,3200,544
1509,2656,3200,544
1510,2655,3200,545
1511,2655,3200,545
1512,2655,3200,545
1513,2654,3200,546
1514,2654,3200,546
1515,2654,3200,546
1516,2654,3200,546
1517,2654,3200,546
1518,2654,3200,546
1519,2654,3200,546
1520,2653,3200,547
1521,2653,3200,547
1522,2652,3200,548
1523,2652,3200,548
1524,2652,3200,548
1525,2651,3200,549
1526,2651,3200,549
1527,2651,3200,549
1528,2651,3200,549
1529,2650,3200,550
1530,2650,3200,550
1531,2650,3200,550
1532,2650,3200,550
1533,2650,3200,550
1534,2650,3200,550
1535,2650,3200,550
1536,2650,3200,550
1537,2650,3200,550
1538,2650,3200,550
1539,2649,3200,551
1540,2649,3200,551
1541,2649,3200,551
1542,2648,3200,552
1543,2648,3200,552
1544,2648,3200,552
1545,2648,3200,552
1546,2648,3200,552
1547,2648,3200,552
1548,2648,3200,552
1549,2647,3200,553
1550,2647,3200,553
1551,2647,3200,553
1552,2646,3200,554
1553,2646,3200,554
1554,2645,3200,555
1555,2645,3200,555
1556,2645,3200,555
1557,2645,3200,555
1558,2645,3200,555
1559,2645,3200,555
1560,2645,3200,555
1561,2645,3200,555
1562,2644,3200,556
1563,2644,3200,556
1564,2644,3200,556
1565,2644,3200,556
1566,2643,3200,557
1567,2643,3200,557
1568,2643,3200,557
1569,2642,3200,558
1570,2642,3200,558
1571,2641,3200,559
1572,2641,3200,559
1573,2640,3200,560
1574,2640,3200,560
1575,2640,3200,560
1576,2640,3200,560
1577,2640,3200,560
1578,2640,3200,560
1579,2640,3200,560
1580,2640,3200,560
1581,2639,3200,561
1582,2639,3200,561
1583,2639,3200,561
1584,2638,3200,562
1585,2638,3200,562
1586,2638,3200,562
1587,2638,3200,562
1588,2638,3200,562
1589,2638,3200,562
1590,2637,3200,563
1591,2637,3200,563
1592,2637,3200,563
1593,2637,3200,563
1594,2636,3200,564
1595,2636,3200,564
1596,2636,3200,564
1597,2636,3200,564
1598,2636,3200,564
1599,2636,3200,564
1600,2635,3200,565
1601,2635,3200,565
1602,2635,3200,565
1603,2635,3200,565
1604,2634,3200,566
1605,2634,3200,566
1606,2633,3200,567
1607,2633,3200,567
1608,2633,3200,567
1609,2633,3200,567
1610,2633,3200,567
1611,2633,3200,567
1612,2633,3200,567
1613,2633,3200,567
1614,2633,3200,567
1615,2632,3200,568
1616,2632,3200,568
1617,2632,3200,568
1618,2632,3200,568
1619,2631,3200,569
1620,2630,3200,570
1621,2630,3200,570
1622,2630,3200,570
1623,2630,3200,570
1624,2630,3200,570
1625,2630,3200,570
1626,2630,3200,570
1627,2629,3200,571
1628,2629,3200,571
1629,2629,3200,571
1630,2629,3200,571
1631,2629,3200,571
1632,2628,3200,572
1633,2628,3200,572
1634,2628,3200,572
1635,2627,3200,573
1636,2627,3200,573
1637,2627,3200,573
1638,2626,3200,574
1639,2626,3200,574
1640,2626,3200,574
1641,2626,3200,574
1642,2626,3200,574
1643,2626,3200,574
1644,2625,3200,575
1645,2624,3200,576
1646,2624,3200,576
1647,2624,3200,576
1648,2624,3200,576
1649,2624,3200,576
1650,2623,3200,577
1651,2623,3200,577
1652,2623,3200,577
1653,2623,3200,577
1654,2623,3200,577
1655,2623,3200,577
1656,2622,3200,578
1657,2622,3200,578
1658,2622,3200,578
1659,2622,3200,578
1660,2622,3200,578
1661,2622,3200,578
1662,2622,3200,578
1663,2621,3200,579
1664,2621,3200,579
1665,2621,3200,579
1666,2621,3200,579
1667,2620,3200,580
1668,2620,3200,580
1669,2620,3200,580
1670,2620,3200,580
1671,2620,3200,580
1672,2620,3200,580
1673,2620,3200,580
1674,2619,3200,581
1675,2619,3200,581
1676,2619,3200,581
1677,2619,3200,581
1678,2618,3200,582
1679,2617,3200,583
1680,2617,3200,583
1681,2617,3200,583
1682,2616,3200,584
1683,2616,3200,584
1684,2615,3200,585
1685,2615,3200,585
1686,2615,3200,585
1687,2615,3200,585
1688,2615,3200,585
1689,2614,3200,586
1690,2614,3200,586
1691,2614,3200,586
1692,2613,3200,587
1693,2613,3200,587
1694,2613,3200,587
1695,2613,3200,587
1696,2613,3200,587
1697,2613,3200,587
1698,2613,3200,587
1699,2613,3200,587
1700,2612,3200,588
1701,2612,3200,588
1702,2612,3200,588
1703,2611,3200,589
1704,2611,3200,589
1705,2611,3200,589
1706,2610,3200,590
1707,2610,3200,590
1708,2610,3200,590
1709,2609,3200,591
1710,2609,3200,591
1711,2609,3200,591
1712,2609,3200,591
1713,2609,3200,591
1714,2608,3200,592
1715,2608,3200,592
1716,2607,3200,593
1717,2607,3200,593
1718,2607,3200,593
1719,2607,3200,593
1720,2607,3200,593
1721,2607,3200,593
1722,2607,3200,593
1723,2606,3200,594
1724,2606,3200,594
1725,2605,3200,595
1726,2605,3200,595
1727,2605,3200,595
1728,2605,3200,595
1729,2605,3200,595
1730,2605,3200,595
1731,2605,3200,595
1732,2605,3200,595
1733,2604,3200,596
1734,2604,3200,596
1735,2604,3200,596
1736,2603,3200,597
1737,2603,3200,597
1738,2603,3200,597
1739,2603,3200,597
1740,2603,3200,597
1741,2603,3200,597
1742,2603,3200,597
1743,2603,3200,597
1744,2603,3200,597
1745,2602,3200,598
1746,2602,3200,598
1747,2601,3200,599
1748,2601,3200,599
1749,2601,3200,599
1750,2600,3200,600
1751,2600,3200,600
1752,2599,3200,601
1753,2599,3200,601
1754,2599,3200,601
1755,2599,3200,601
1756,2599,3200,601
1757,2599,3200,601
1758,2599,3200,601
1759,2599,3200,601
1760,2599,3200,601
1761,2599,3200,601
1762,2599,3200,601
1763,2599,3200,601
1764,2599,3200,601
1765,2599,3200,601
1766,2599,3200,601
1767,2599,3200,601
1768,2598,3200,602
1769,2598,3200,602
1770,2597,3200,603
1771,2597,3200,603
1772,2596,3200,604
1773,2596,3200,604
1774,2596,3200,604
1775,2596,3200,604
1776,2596,3200,604
1777,2596,3200,604
1778,2595,3200,605
1779,2595,3200,605
1780,2595,3200,605
1781,2595,3200,605
1782,2595,3200,605
1783,2594,3200,606
1784,2594,3200,606
1785,2594,3200,606
1786,2594,3200,606
1787,2593,3200,607
1788,2593,3200,607
1789,2593,3200,607
1790,2593,3200,607
1791,2592,3200,608
1792,2592,3200,608
1793,2591,3200,609
1794,2591,3200,609
1795,2591,3200,609
1796,2591,3200,609
1797,2591,3200,609
1798,2591,3200,609
1799,2590,3200,610
1800,2590,3200,610
1801,2590,3200,610
1802,2590,3200,610
1803,2590,3200,610
1804,2589,3200,611
1805,2589,3200,611
1806,2589,3200,611
1807,2589,3200,611
1808,2589,3200,611
1809,2588,3200,612
1810,2588,3200,612
1811,2588,3200,612
1812,2587,3200,613
1813,2587,3200,613
1814,2587,3200,613
1815,2586,3200,614
1816,2586,3200,614
1817,2586,3200,614
1818,2586,3200,614
1819,2586,3200,614
1820,2586,3200,614
1821,2586,3200,614
1822,2586,3200,614
1823,2586,3200,614
1824,2586,3200,614
1825,2586,3200,614
1826,2586,3200,614
1827,2586,3200,614
1828,2586,3200,614
1829,2586,3200,614
1830,2586,3200,614
1831,2585,3200,615
1832,2585,3200,615
1833,2585,3200,615
1834,2585,3200,615
1835,2584,3200,616
1836,2584,3200,616
1837,2584,3200,616
1838,2583,3200,617
1839,2582,3200,618
1840,2582,3200,618
1841,2581,3200,619
1842,2581,3200,619
1843,2580,3200,620
1844,2580,3200,620
1845,2580,3200,620
1846,2580,3200,620
1847,2580,3200,620
1848,2580,3200,620
1849,2580,3200,620
1850,2580,3200,620
1851,2579,3200,621
1852,2579,3200,621
1853,2578,3200,622
1854,2578,3200,622
1855,2577,3200,623
1856,2577,3200,623
1857,2577,3200,623
1858,2577,3200,623
1859,2576,3200,624
1860,2576,3200,624
1861,2576,3200,624
1862,2575,3200,625
1863,2575,3200,625
1864,2575,3200,625
1865,2574,3200,626
1866,2574,3200,626
1867,2574,3200,626
1868,2573,3200,627
1869,2573,3200,627
1870,2573,3200,627
1871,2573,3200,627
1872,2573,3200,627
1873,2573,3200,627
1874,2573,3200,627
1875,2572,3200,628
1876,2572,3200,628
1877,2572,3200,628
1878,2572,3200,628
1879,2572,3200,628
1880,2572,3200,628
1881,2572,3200,628
1882,2571,3200,629
1883,2571,3200,629
1884,2571,3200,629
1885,2570,3200,630
1886,2570,3200,630
1887,2569,3200,631
1888,2569,3200,631
1889,2569,3200,631
1890,2569,3200,631
1891,2568,3200,632
1892,2568,3200,632
1893,2567,3200,633
1894,2567,3200,633
1895,2567,3200,633
1896,2566,3200,634
1897,2566,3200,634
1898,2566,3200,634
1899,2566,3200,634
1900,2565,3200,635
1901,2565,3200,635
1902,2564,3200,636
1903,2564,3200,636
1904,2564,3200,636
1905,2564,3200,636
1906,2564,3200,636
1907,2564,3200,636
1908,2564,3200,636
1909,2564,3200,636
1910,2564,3200,636
1911,2564,3200,636
1912,2564,3200,636
1913,2564,3200,636
1914,2564,3200,636
1915,2564,3200,636
1916,2564,3200,636
1917,2563,3200,637
1918,2563,3200,637
1919,2563,3200,637
1920,2563,3200,637
1921,2563,3200,637
1922,2563,3200,637
1923,2562,3200,638
1924,2562,3200,638
1925,2561,3200,639
1926,2561,3200,639
1927,2561,3200,639
1928,2561,3200,639
1929,2560,3200,640
1930,2560,3200,640
1931,2559,3200,641
1932,2559,3200,641
1933,2559,3200,641
1934,2559,3200,641
1935,2559,3200,641
1936,2558,3200,642
1937,2558,3200,642
1938,2558,3200,642
1939,2557,3200,643
1940,2557,3200,643
1941,2557,3200,643
1942,2557,3200,643
1943,2557,3200,643
1944,2557,3200,643
1945,2556,3200,644
1946,2556,3200,644
1947,2555,3200,645
1948,2555,3200,645
1949,2555,3200,645
1950,2555,3200,645
1951,2555,3200,645
1952,2554,3200,646
1953,2554,3200,646
1954,2554,3200,646
1955,2553,3200,647
1956,2553,3200,647
1957,2553,3200,647
1958,2553,3200,647
1959,2553,3200,647
1960,2552,3200,648
1961,2551,3200,649
1962,2551,3200,649
1963,2551,3200,649
1964,2551,3200,649
1965,2551,3200,649
1966,2551,3200,649
1967,2551,3200,649
1968,2551,3200,649
1969,2551,3200,649
1970,2551,3200,649
1971,2551,3200,649
1972,2551,3200,649
1973,2550,3200,650
1974,2549,3200,651
1975,2549,3200,651
1976,2549,3200,651
1977,2549,3200,651
1978,2548,3200,652
1979,2548,3200,652
1980,2548,3200,652
1981,2547,3200,653
1982,2546,3200,654
1983,2545,3200,655
1984,2545,3200,655
1985,2545,3200,655
1986,2545,3200,655
1987,2544,3200,656
1988,2544,3200,656
1989,2544,3200,656
1990,2544,3200,656
1991,2544,3200,656
1992,2544,3200,656
1993,2543,3200,657
1994,2543,3200,657
1995,2543,3200,657
1996,2542,3200,658
1997,2542,3200,658
1998,2542,3200,658
1999,2542,3200,658
2000,2541,3200,659
2001,2541,3200,659
2002,2541,3200,659
2003,2540,3200,660
2004,2540,3200,660
2005,2540,3200,660
2006,2540,3200,660
2007,2540,3200,660
2008,2540,3200,660
2009,2540,3200,660
2010,2540,3200,660
2011,2539,3200,661
2012,2539,3200,661
2013,2539,3200,661
2014,2539,3200,661
2015,2539,3200,661
2016,2539,3200,661
2017,2538,3200,662
2018,2538,3200,662
2019,2538,3200,662
2020,2538,3200,662
2021,2538,3200,662
2022,2538,3200,662
2023,2538,3200,662
2024,2538,3200,662
2025,2538,3200,662
2026,2538,3200,662
2027,2538,3200,662
2028,2537,3200,663
2029,2537,3200,663
2030,2537,3200,663
2031,2537,3200,663
2032,2537,3200,663
2033,2537,3200,663
2034,2536,3200,664
2035,2536,3200,664
2036,2535,3200,665
2037,2535,3200,665
2038,2535,3200,665
2039,2534,3200,666
2040,2534,3200,666
2041,2534,3200,666
2042,2533,3200,667
2043,2533,3200,667
2044,2533,3200,667
2045,2533,3200,667
2046,2533,3200,667
2047,2533,3200,667
2048,2533,3200,667
2049,2533,3200,667
2050,2532,3200,668
2051,2532,3200,668
2052,2532,3200,668
2053,2532,3200,668
2054,2532,3200,668
2055,2531,3200,669
2056,2531,3200,669
2057,2530,3200,670
2058,2530,3200,670
2059,2530,3200,670
2060,2529,3200,671
2061,2529,3200,671
2062,2529,3200,671
2063,2528,3200,672
2064,2528,3200,672
2065,2528,3200,672
2066,2528,3200,672
2067,2527,3200,673
2068,2527,3200,673
2069,2527,3200,673
2070,2526,3200,674
2071,2526,3200,674
2072,2526,3200,674
2073,2526,3200,674
2074,2526,3200,674
2075,2526,3200,674
2076,2526,3200,674
2077,2526,3200,674
2078,2525,3200,675
2079,2525,3200,675
2080,2525,3200,675
2081,2524,3200,676
2082,2524,3200,676
2083,2524,3200,676
2084,2523,3200,677
2085,2523,3200,677
2086,2523,3200,677
2087,2523,3200,677
2088,2523,3200,677
2089,2522,3200,678
2090,2522,3200,678
2091,2522,3200,678
2092,2521,3200,679
2093,2521,3200,679
2094,2521,3200,679
2095,2520,3200,680
2096,2520,3200,680
2097,2520,3200,680
2098,2520,3200,680
2099,2520,3200,680
2100,2520,3200,680
2101,2520,3200,680
2102,2520,3200,680
2103,2520,3200,680
2104,2520,3200,680
2105,2520,3200,680
2106,2520,3200,680
2107,2519,3200,681
2108,2519,3200,681
2109,2519,3200,681
2110,2518,3200,682
2111,2518,3200,682
2112,2518,3200,682
2113,2518,3200,682
2114,2517,3200,683
2115,2517,3200,683
2116,2517,3200,683
2117,2516,3200,684
2118,2516,3200,684
2119,2516,3200,684
2120,2516,3200,684
2121,2515,3200,685
2122,2515,3200,685
2123,2515,3200,685
2124,2515,3200,685
2125,2515,3200,685
2126,2515,3200,685
2127,2515,3200,685
2128,2515,3200,685
2129,2515,3200,685
2130,2515,3200,685
2131,2514,3200,686
2132,2514,3200,686
2133,2514,3200,686
2134,2513,3200,687
2135,2513,3200,687
2136,2513,3200,687
2137,2512,3200,688
2138,2512,3200,688
2139,2512,3200,688
2140,2512,3200,688
2141,2511,3200,689
2142,2511,3200,689
2143,2511,3200,689
2144,2511,3200,689
2145,2510,3200,690
2146,2509,3200,691
2147,2509,3200,691
2148,2509,3200,691
2149,2508,3200,692
2150,2508,3200,692
2151,2508,3200,692
2152,2507,3200,693
2153,2507,3200,693
2154,2507,3200,693
2155,2507,3200,693
2156,2506,3200,694
2157,2505,3200,695
2158,2505,3200,695
2159,2504,3200,696
2160,2504,3200,696
2161,2504,3200,696
2162,2504,3200,696
2163,2503,3200,697
2164,2502,3200,698
2165,2502,3200,698
2166,2502,3200,698
2167,2502,3200,698
2168,2502,3200,698
2169,2501,3200,699
2170,2501,3200,699
2171,2501,3200,699
2172,2501,3200,699
2173,2501,3200,699
2174,2501,3200,699
2175,2500,3200,700
2176,2500,3200,700
2177,2500,3200,700
2178,2500,3200,700
2179,2500,3200,700
2180,2500,3200,700
2181,2500,3200,700
2182,2499,3200,701
2183,2499,3200,701
2184,2499,3200,701
2185,2499,3200,701
2186,2499,3200,701
2187,2498,3200,702
2188,2498,3200,702
2189,2498,3200,702
2190,2498,3200,702
2191,2498,3200,702
2192,2498,3200,702
2193,2498,3200,702
2194,2498,3200,702
2195,2497,3200,703
2196,2496,3200,704
2197,2496,3200,704
2198,2495,3200,705
2199,2495,3200,705
2200,2495,3200,705
2201,2495,3200,705
2202,2494,3200,706
2203,2494,3200,706
2204,2493,3200,707
2205,2493,3200,707
2206,2492,3200,708
2207,2492,3200,708
2208,2491,3200,709
2209,2491,3200,709
2210,2491,3200,709
2211,2491,3200,709
2212,2491,3200,709
2213,2490,3200,710
2214,2490,3200,710
2215,2490,3200,710
2216,2490,3200,710
2217,2490,3200,710
2218,2490,3200,710
2219,2490,3200,710
2220,2490,3200,710
2221,2490,3200,710
2222,2490,3200,710
2223,2490,3200,710
2224,2490,3200,710
2225,2489,3200,711
2226,2489,3200,711
2227,2488,3200,712
2228,2488,3200,712
2229,2488,3200,712
2230,2488,3200,712
2231,2488,3200,712
2232,2488,3200,712
2233,2487,3200,713
2234,2487,3200,713
2235,2487,3200,713
2236,2486,3200,714
2237,2485,3200,715
2238,2485,3200,715
2239,2485,3200,715
2240,2485,3200,715
2241,2485,3200,715
2242,2485,3200,715
2243,2485,3200,715
2244,2485,3200,715
2245,2485,3200,715
2246,2485,3200,715
2247,2485,3200,715
2248,2485,3200,715
2249,2485,3200,715
2250,2485,3200,715
2251,2485,3200,715
2252,2485,3200,715
2253,2485,3200,715
2254,2485,3200,715
2255,2485,3200,715
2256,2485,3200,715
2257,2484,3200,716
2258,2484,3200,716
2259,2484,3200,716
2260,2483,3200,717
2261,2483,3200,717
2262,2483,3200,717
2263,2483,3200,717
2264,2483,3200,717
2265,2482,3200,718
2266,2482,3200,718
2267,2482,3200,718
2268,2482,3200,718
2269,2482,3200,718
2270,2482,3200,718
2271,2482,3200,718
2272,2482,3200,718
2273,2481,3200,719
2274,2481,3200,719
2275,2481,3200,719
2276,2480,3200,720
2277,2480,3200,720
2278,2480,3200,720
2279,2479,3200,721
2280,2479,3200,721
2281,2478,3200,722
2282,2478,3200,722
2283,2477,3200,723
2284,2477,3200,723
2285,2476,3200,724
2286,2476,3200,724
2287,2476,3200,724
2288,2476,3200,724
2289,2476,3200,724
2290,2476,3200,724
2291,2476,3200,724
2292,2476,3200,724
2293,2475,3200,725
2294,2475,3200,725
2295,2475,3200,725
2296,2475,3200,725
2297,2475,3200,725
2298,2474,3200,726
2299,2474,3200,726
2300,2474,3200,726
2301,2473,3200,727
2302,2473,3200,727
2303,2473,3200,727
2304,2473,3200,727
2305,2472,3200,728
2306,2472,3200,728
2307,2472,3200,728
2308,2472,3200,728
2309,2471,3200,729
2310,2471,3200,729
2311,2471,3200,729
2312,2471,3200,729
2313,2471,3200,729
2314,2471,3200,729
2315,2470,3200,730
2316,2470,3200,730
2317,2469,3200,731
2318,2469,3200,731
2319,2469,3200,731
2320,2469,3200,731
2321,2468,3200,732
2322,2468,3200,732
2323,2468,3200,732
2324,2468,3200,732
2325,2468,3200,732
2326,2468,3200,732
2327,2468,3200,732
2328,2467,3200,733
2329,2467,3200,733
2330,2467,3200,733
2331,2467,3200,733
2332,2466,3200,734
2333,2466,3200,734
2334,2465,3200,735
2335,2465,3200,735
2336,2465,3200,735
2337,2465,3200,735
2338,2464,3200,736
2339,2464,3200,736
2340,2464,3200,736
2341,2464,3200,736
2342,2464,3200,736
2343,2464,3200,736
2344,2464,3200,736
2345,2464,3200,736
2346,2463,3200,737
2347,2462,3200,738
2348,2462,3200,738
2349,2462,3200,738
2350,2462,3200,738
2351,2462,3200,738
2352,2461,3200,739
2353,2461,3200,739
2354,2461,3200,739
2355,2461,3200,739
2356,2461,3200,739
2357,2460,3200,740
2358,2460,3200,740
2359,2459,3200,741
2360,2459,3200,741
2361,2459,3200,741
2362,2459,3200,741
2363,2459,3200,741
2364,2459,3200,741
2365,2458,3200,742
2366,2458,3200,742
2367,2458,3200,742
2368,2458,3200,742
2369,2458,3200,742
2370,2457,3200,743
2371,2457,3200,743
2372,2457,3200,743
2373,2457,3200,743
2374,2456,3200,744
2375,2456,3200,744
2376,2456,3200,744
2377,2455,3200,745
2378,2454,3200,746
2379,2454,3200,746
2380,2454,3200,746
2381,2454,3200,746
2382,2454,3200,746
2383,2454,3200,746
2384,2454,3200,746
2385,2454,3200,746
2386,2453,3200,747
2387,2453,3200,747
2388,2452,3200,748
2389,2452,3200,748
2390,2452,3200,748
2391,2452,3200,748
2392,2452,3200,748
2393,2451,3200,749
2394,2451,3200,749
2395,2451,3200,749
2396,2451,3200,749
2397,2451,3200,749
2398,2451,3200,749
2399,2451,3200,749
2400,2451,3200,749
2401,2450,3200,750
2402,2449,3200,751
2403,2448,3200,752
2404,2448,3200,752
2405,2448,3200,752
2406,2447,3200,753
2407,2447,3200,753
2408,2447,3200,753
2409,2447,3200,753
2410,2447,3200,753
2411,2447,3200,753
2412,2447,3200,753
2413,2447,3200,753
2414,2447,3200,753
2415,2446,3200,754
2416,2446,3200,754
2417,2445,3200,755
2418,2445,3200,755
2419,2445,3200,755
2420,2445,3200,755
2421,2444,3200,756
2422,2444,3200,756
2423,2443,3200,757
2424,2443,3200,757
2425,2442,3200,758
2426,2442,3200,758
2427,2441,3200,759
2428,2441,3200,759
2429,2441,3200,759
2430,2441,3200,759
2431,2441,3200,759
2432,2441,3200,759
2433,2441,3200,759
2434,2441,3200,759
2435,2441,3200,759
2436,2441,3200,759
2437,2441,3200,759
2438,2441,3200,759
2439,2440,3200,760
2440,2439,3200,761
2441,2439,3200,761
2442,2439,3200,761
2443,2439,3200,761
2444,2439,3200,761
2445,2438,3200,762
2446,2438,3200,762
2447,2438,3200,762
2448,2438,3200,762
2449,2438,3200,762
2450,2438,3200,762
2451,2438,3200,762
2452,2438,3200,762
2453,2437,3200,763
2454,2436,3200,764
2455,2436,3200,764
2456,2436,3200,764
2457,2436,3200,764
2458,2436,3200,764
2459,2436,3200,764
2460,2436,3200,764
2461,2436,3200,764
2462,2436,3200,764
2463,2436,3200,764
2464,2436,3200,764
2465,2436,3200,764
2466,2436,3200,764
2467,2435,3200,765
2468,2435,3200,765
2469,2435,3200,765
2470,2435,3200,765
2471,2435,3200,765
2472,2435,3200,765
2473,2435,3200,765
2474,2434,3200,766
2475,2433,3200,767
2476,2433,3200,767
2477,2433,3200,767
2478,2432,3200,768
2479,2432,3200,768
2480,2432,3200,768
2481,2432,3200,768
2482,2431,3200,769
2483,2431,3200,769
2484,2431,3200,769
2485,2430,3200,770
2486,2430,3200,770
2487,2430,3200,770
2488,2430,3200,770
2489,2430,3200,770
2490,2429,3200,771
2491,2429,3200,771
2492,2429,3200,771
2493,2429,3200,771
2494,2429,3200,771
2495,2428,3200,772
2496,2428,3200,772
2497,2428,3200,772
2498,2427,3200,773
2499,2427,3200,773
2500,2427,3200,773
2501,2427,3200,773
2502,2427,3200,773
2503,2427,3200,773
2504,2426,3200,774
2505,2426,3200,774
2506,2425,3200,775
2507,2425,3200,775
2508,2425,3200,775
2509,2425,3200,775
2510,2424,3200,776
2511,2424,3200,776
2512,2424,3200,776
2513,2424,3200,776
2514,2424,3200,776
2515,2424,3200,776
2516,2424,3200,776
2517,2423,3200,777
2518,2423,3200,777
2519,2423,3200,777
2520,2423,3200,777
2521,2423,3200,777
2522,2423,3200,777
2523,2423,3200,777
2524,2423,3200,777
2525,2422,3200,778
2526,2422,3200,778
2527,2422,3200,778
2528,2422,3200,778
2529,2421,3200,779
2530,2421,3200,779
2531,2420,3200,780
2532,2420,3200,780
2533,2419,3200,781
2534,2419,3200,781
2535,2419,3200,781
2536,2419,3200,781
2537,2419,3200,781
2538,2419,3200,781
2539,2418,3200,782
2540,2418,3200,782
2541,2418,3200,782
2542,2417,3200,783
2543,2417,3200,783
2544,2417,3200,783
2545,2417,3200,783
2546,2416,3200,784
2547,2416,3200,784
2548,2415,3200,785
2549,2415,3200,785
2550,2415,3200,785
2551,2415,3200,785
2552,2415,3200,785
2553,2414,3200,786
2554,2413,3200,787
2555,2413,3200,787
2556,2413,3200,787
2557,2413,3200,787
2558,2412,3200,788
2559,2412,3200,788
2560,2412,3200,788
2561,2411,3200,789
2562,2411,3200,789
2563,2410,3200,790
2564,2410,3200,790
2565,2410,3200,790
2566,2410,3200,790
2567,2410,3200,790
2568,2409,3200,791
2569,2409,3200,791
2570,2408,3200,792
2571,2408,3200,792
2572,2408,3200,792
2573,2408,3200,792
2574,2407,3200,793
2575,2407,3200,793
2576,2407,3200,793
2577,2406,3200,794
2578,2406,3200,794
2579,2406,3200,794
2580,2406,3200,794
2581,2406,3200,794
2582,2406,3200,794
2583,2406,3200,794
2584,2406,3200,794
2585,2406,3200,794
2586,2406,3200,794
2587,2406,3200,794
2588,2405,3200,795
2589,2405,3200,795
2590,2405,3200,795
2591,2405,3200,795
2592,2405,3200,795
2593,2405,3200,795
2594,2405,3200,795
2595,2405,3200,795
2596,2405,3200,795
2597,2405,3200,795
2598,2405,3200,795
2599,2404,3200,796
2600,2404,3200,796
2601,2404,3200,796
2602,2403,3200,797
2603,2403,3200,797
2604,2403,3200,797
2605,2402,3200,798
2606,2402,3200,798
2607,2402,3200,798
2608,2401,3200,799
2609,2401,3200,799
2610,2400,3200,800
2611,2400,3200,800
2612,2400,3200,800
2613,2400,3200,800
2614,2400,3200,800
2615,2400,3200,800
2616,2400,3200,800
2617,2400,3200,800
2618,2400,3200,800
2619,2400,3200,800
2620,2400,3200,800
2621,2400,3200,800
2622,2399,3200,801
2623,2399,3200,801
2624,2398,3200,802
2625,2398,3200,802
2626,2398,3200,802
2627,2398,3200,802
2628,2398,3200,802
2629,2398,3200,802
2630,2398,3200,802
2631,2398,3200,802
2632,2397,3200,803
2633,2396,3200,804
2634,2396,3200,804
2635,2396,3200,804
2636,2396,3200,804
2637,2395,3200,805
2638,2394,3200,806
2639,2394,3200,806
2640,2394,3200,806
2641,2394,3200,806
2642,2394,3200,806
2643,2394,3200,806
2644,2393,3200,807
2645,2393,3200,807
2646,2393,3200,807
2647,2392,3200,808
2648,2392,3200,808
2649,2392,3200,808
2650,2392,3200,808
2651,2392,3200,808
2652,2392,3200,808
2653,2392,3200,808
2654,2392,3200,808
2655,2391,3200,809
2656,2391,3200,809
2657,2391,3200,809
2658,2391,3200,809
2659,2391,3200,809
2660,2390,3200,810
2661,2390,3200,810
2662,2390,3200,810
2663,2389,3200,811
2664,2389,3200,811
2665,2389,3200,811
2666,2389,3200,811
2667,2388,3200,812
2668,2388,3200,812
2669,2388,3200,812
2670,2388,3200,812
2671,2387,3200,813
2672,2386,3200,814
2673,2386,3200,814
2674,2386,3200,814
2675,2385,3200,815
2676,2385,3200,815
2677,2385,3200,815
2678,2385,3200,815
2679,2385,3200,815
2680,2385,3200,815
2681,2384,3200,816
2682,2384,3200,816
2683,2384,3200,816
2684,2384,3200,816
2685,2384,3200,816
2686,2384,3200,816
2687,2384,3200,816
2688,2384,3200,816
2689,2383,3200,817
2690,2383,3200,817
2691,2383,3200,817
2692,2382,3200,818
2693,2382,3200,818
2694,2382,3200,818
2695,2381,3200,819
2696,2381,3200,819
2697,2380,3200,820
2698,2380,3200,820
2699,2380,3200,820
2700,2380,3200,820
2701,2379,3200,821
2702,2379,3200,821
2703,2379,3200,821
2704,2379,3200,821
2705,2379,3200,821
2706,2379,3200,821
2707,2379,3200,821
2708,2379,3200,821
2709,2378,3200,822
2710,2378,3200,822
2711,2377,3200,823
2712,2377,3200,823
2713,2377,3200,823
2714,2377,3200,823
2715,2377,3200,823
2716,2376,3200,824
2717,2375,3200,825
2718,2375,3200,825
2719,2375,3200,825
2720,2374,3200,826
2721,2374,3200,826
2722,2374,3200,826
2723,2374,3200,826
2724,2374,3200,826
2725,2374,3200,826
2726,2374,3200,826
2727,2374,3200,826
2728,2374,3200,826
2729,2374,3200,826
2730,2374,3200,826
2731,2374,3200,826
2732,2373,3200,827
2733,2373,3200,827
2734,2373,3200,827
2735,2372,3200,828
2736,2372,3200,828
2737,2372,3200,828
2738,2372,3200,828
2739,2371,3200,829
2740,2371,3200,829
2741,2371,3200,829
2742,2371,3200,829
2743,2371,3200,829
2744,2371,3200,829
2745,2370,3200,830
2746,2369,3200,831
2747,2369,3200,831
2748,2369,3200,831
2749,2369,3200,831
2750,2369,3200,831
2751,2369,3200,831
2752,2368,3200,832
2753,2368,3200,832
2754,2368,3200,832
2755,2367,3200,833
2756,2367,3200,833
2757,2367,3200,833
2758,2367,3200,833
2759,2366,3200,834
2760,2366,3200,834
2761,2366,3200,834
2762,2366,3200,834
2763,2366,3200,834
2764,2365,3200,835
2765,2365,3200,835
2766,2365,3200,835
2767,2365,3200,835
2768,2365,3200,835
2769,2365,3200,835
2770,2365,3200,835
2771,2365,3200,835
2772,2365,3200,835
2773,2364,3200,836
2774,2364,3200,836
2775,2363,3200,837
2776,2363,3200,837
2777,2363,3200,837
2778,2363,3200,837
2779,2362,3200,838
2780,2362,3200,838
2781,2362,3200,838
2782,2362,3200,838
2783,2362,3200,838
2784,2361,3200,839
2785,2361,3200,839
2786,2360,3200,840
2787,2360,3200,840
2788,2360,3200,840
2789,2359,3200,841
2790,2359,3200,841
2791,2359,3200,841
2792,2358,3200,842
2793,2358,3200,842
2794,2358,3200,842
2795,2357,3200,843
2796,2357,3200,843
2797,2357,3200,843
2798,2357,3200,843
2799,2357,3200,843
2800,2357,3200,843
2801,2357,3200,843
2802,2357,3200,843
2803,2357,3200,843
2804,2357,3200,843
2805,2356,3200,844
2806,2356,3200,844
2807,2355,3200,845
2808,2355,3200,845
2809,2355,3200,845
2810,2355,3200,845
2811,2354,3200,846
2812,2354,3200,846
2813,2354,3200,846
2814,2353,3200,847
2815,2353,3200,847
2816,2352,3200,848
2817,2352,3200,848
2818,2351,3200,849
2819,2351,3200,849
2820,2351,3200,849
2821,2351,3200,849
2822,2351,3200,849
2823,2351,3200,849
2824,2350,3200,850
2825,2350,3200,850
2826,2350,3200,850
2827,2350,3200,850
2828,2350,3200,850
2829,2350,3200,850
2830,2349,3200,851
2831,2349,3200,851
2832,2349,3200,851
2833,2348,3200,852
2834,2348,3200,852
2835,2348,3200,852
2836,2348,3200,852
2837,2348,3200,852
2838,2347,3200,853
2839,2347,3200,853
2840,2347,3200,853
2841,2347,3200,853
2842,2347,3200,853
2843,2346,3200,854
2844,2346,3200,854
2845,2346,3200,854
2846,2346,3200,854
2847,2345,3200,855
2848,2345,3200,855
2849,2345,3200,855
2850,2345,3200,855
2851,2345,3200,855
2852,2345,3200,855
2853,2345,3200,855
2854,2345,3200,855
2855,2345,3200,855
2856,2345,3200,855
2857,2345,3200,855
2858,2345,3200,855
2859,2345,3200,855
2860,2345,3200,855
2861,2344,3200,856
2862,2344,3200,856
2863,2343,3200,857
2864,2343,3200,857
2865,2343,3200,857
2866,2342,3200,858
2867,2342,3200,858
2868,2342,3200,858
2869,2341,3200,859
2870,2341,3200,859
2871,2341,3200,859
2872,2341,3200,859
2873,2341,3200,859
2874,2341,3200,859
2875,2341,3200,859
2876,2341,3200,859
2877,2340,3200,860
2878,2340,3200,860
2879,2340,3200,860
2880,2339,3200,861
2881,2339,3200,861
2882,2338,3200,862
2883,2338,3200,862
2884,2338,3200,862
2885,2338,3200,862
2886,2338,3200,862
2887,2338,3200,862
2888,2338,3200,862
2889,2337,3200,863
2890,2337,3200,863
2891,2336,3200,864
2892,2335,3200,865
2893,2335,3200,865
2894,2334,3200,866
2895,2334,3200,866
2896,2334,3200,866
2897,2334,3200,866
2898,2334,3200,866
2899,2334,3200,866
2900,2333,3200,867
2901,2333,3200,867
2902,2333,3200,867
2903,2333,3200,867
2904,2332,3200,868
2905,2332,3200,868
2906,2332,3200,868
2907,2332,3200,868
2908,2332,3200,868
2909,2332,3200,868
2910,2332,3200,868
2911,2332,3200,868
2912,2331,3200,869
2913,2331,3200,869
2914,2330,3200,870
2915,2330,3200,870
2916,2330,3200,870
2917,2330,3200,870
2918,2330,3200,870
2919,2330,3200,870
2920,2330,3200,870
2921,2329,3200,871
2922,2329,3200,871
2923,2329,3200,871
2924,2328,3200,872
2925,2328,3200,872
2926,2328,3200,872
2927,2327,3200,873
2928,2327,3200,873
2929,2327,3200,873
2930,2326,3200,874
2931,2326,3200,874
2932,2326,3200,874
2933,2326,3200,874
2934,2326,3200,874
2935,2325,3200,875
2936,2325,3200,875
2937,2325,3200,875
2938,2324,3200,876
2939,2324,3200,876
2940,2324,3200,876
2941,2323,3200,877
2942,2323,3200,877
2943,2323,3200,877
2944,2323,3200,877
2945,2323,3200,877
2946,2322,3200,878
2947,2322,3200,878
2948,2322,3200,878
2949,2322,3200,878
2950,2322,3200,878
2951,2322,3200,878
2952,2322,3200,878
2953,2321,3200,879
2954,2320,3200,880
2955,2320,3200,880
2956,2320,3200,880
2957,2320,3200,880
2958,2320,3200,880
2959,2319,3200,881
2960,2319,3200,881
2961,2319,3200,881
2962,2319,3200,881
2963,2319,3200,881
2964,2318,3200,882
2965,2318,3200,882
2966,2318,3200,882
2967,2318,3200,882
2968,2317,3200,883
2969,2317,3200,883
2970,2317,3200,883
2971,2317,3200,883
2972,2317,3200,883
2973,2317,3200,883
2974,2316,3200,884
2975,2316,3200,884
2976,2316,3200,884
2977,2316,3200,884
2978,2316,3200,884
2979,2316,3200,884
2980,2316,3200,884
2981,2315,3200,885
2982,2315,3200,885
2983,2315,3200,885
2984,2315,3200,885
2985,2314,3200,886
2986,2314,3200,886
2987,2314,3200,886
2988,2313,3200,887
2989,2313,3200,887
2990,2312,3200,888
2991,2312,3200,888
2992,2312,3200,888
2993,2312,3200,888
2994,2311,3200,889
2995,2310,3200,890
2996,2310,3200,890
2997,2310,3200,890
2998,2310,3200,890
2999,2309,3200,891
3000,2309,3200,891
3001,2309,3200,891
3002,2309,3200,891
3003,2309,3200,891
3004,2308,3200,892
3005,2308,3200,892
3006,2308,3200,892
3007,2308,3200,892
3008,2307,3200,893
3009,2307,3200,893
3010,2307,3200,893
3011,2307,3200,893
3012,2306,3200,894
3013,2306,3200,894
3014,2306,3200,894
3015,2306,3200,894
3016,2306,3200,894
3017,2306,3200,894
3018,2306,3200,894
3019,2305,3200,895
3020,2305,3200,895
3021,2305,3200,895
3022,2305,3200,895
3023,2305,3200,895
3024,2304,3200,896
3025,2304,3200,896
3026,2303,3200,897
3027,2303,3200,897
3028,2302,3200,898
3029,2302,3200,898
3030,2302,3200,898
3031,2302,3200,898
3032,2301,3200,899
3033,2301,3200,899
3034,2301,3200,899
3035,2300,3200,900
3036,2300,3200,900
3037,2300,3200,900
3038,2300,3200,900
3039,2300,3200,900
3040,2300,3200,900
3041,2300,3200,900
3042,2300,3200,900
3043,2299,3200,901
3044,2299,3200,901
3045,2299,3200,901
3046,2299,3200,901
3047,2299,3200,901
3048,2299,3200,901
3049,2299,3200,901
3050,2298,3200,902
3051,2298,3200,902
3052,2298,3200,902
3053,2298,3200,902
3054,2298,3200,902
3055,2298,3200,902
3056,2298,3200,902
3057,2298,3200,902
3058,2298,3200,902
3059,2298,3200,902
3060,2298,3200,902
3061,2297,3200,903
3062,2297,3200,903
3063,2297,3200,903
3064,2297,3200,903
3065,2297,3200,903
3066,2297,3200,903
3067,2296,3200,904
3068,2296,3200,904
3069,2295,3200,905
3070,2295,3200,905
3071,2295,3200,905
3072,2294,3200,906
3073,2294,3200,906
3074,2293,3200,907
3075,2293,3200,907
3076,2293,3200,907
3077,2293,3200,907
3078,2293,3200,907
3079,2293,3200,907
3080,2292,3200,908
3081,2292,3200,908
3082,2291,3200,909
3083,2291,3200,909
3084,2291,3200,909
3085,2290,3200,910
3086,2290,3200,910
3087,2290,3200,910
3088,2289,3200,911
3089,2289,3200,911
3090,2289,3200,911
3091,2289,3200,911
3092,2289,3200,911
3093,2288,3200,912
3094,2288,3200,912
3095,2288,3200,912
3096,2288,3200,912
3097,2287,3200,913
3098,2287,3200,913
3099,2287,3200,913
3100,2287,3200,913
3101,2287,3200,913
3102,2287,3200,913
3103,2286,3200,914
3104,2286,3200,914
3105,2285,3200,915
3106,2285,3200,915
3107,2285,3200,915
3108,2284,3200,916
3109,2284,3200,916
3110,2284,3200,916
3111,2284,3200,916
3112,2284,3200,916
3113,2284,3200,916
3114,2284,3200,916
3115,2284,3200,916
3116,2283,3200,917
3117,2283,3200,917
3118,2283,3200,917
3119,2282,3200,918
3120,2282,3200,918
3121,2282,3200,918
3122,2282,3200,918
3123,2282,3200,918
3124,2282,3200,918
3125,2282,3200,918
3126,2282,3200,918
3127,2282,3200,918
3128,2282,3200,918
3129,2281,3200,919
3130,2281,3200,919
3131,2281,3200,919
3132,2281,3200,919
3133,2281,3200,919
3134,2281,3200,919
3135,2281,3200,919
3136,2281,3200,919
3137,2280,3200,920
3138,2280,3200,920
3139,2280,3200,920
3140,2279,3200,921
3141,2279,3200,921
3142,2278,3200,922
3143,2278,3200,922
3144,2278,3200,922
3145,2278,3200,922
3146,2278,3200,922
3147,2277,3200,923
3148,2277,3200,923
3149,2277,3200,923
3150,2276,3200,924
3151,2276,3200,924
3152,2276,3200,924
3153,2276,3200,924
3154,2276,3200,924
3155,2276,3200,924
3156,2276,3200,924
3157,2276,3200,924
3158,2276,3200,924
3159,2275,3200,925
3160,2275,3200,925
3161,2274,3200,926
3162,2274,3200,926
3163,2274,3200,926
3164,2274,3200,926
3165,2274,3200,926
3166,2274,3200,926
3167,2273,3200,927
3168,2273,3200,927
3169,2272,3200,928
3170,2271,3200,929
3171,2271,3200,929
3172,2271,3200,929
3173,2271,3200,929
3174,2271,3200,929
3175,2271,3200,929
3176,2271,3200,929
3177,2270,3200,930
3178,2270,3200,930
3179,2270,3200,930
3180,2270,3200,930
3181,2270,3200,930
3182,2269,3200,931
3183,2269,3200,931
3184,2268,3200,932
3185,2268,3200,932
3186,2268,3200,932
3187,2268,3200,932
3188,2268,3200,932
3189,2267,3200,933
3190,2267,3200,933
3191,2266,3200,934
3192,2266,3200,934
3193,2266,3200,934
3194,2266,3200,934
3195,2266,3200,934
3196,2265,3200,935
3197,2265,3200,935
3198,2265,3200,935
3199,2265,3200,935
3200,2264,3200,936
3201,2264,3200,936
3202,2264,3200,936
3203,2263,3200,937
3204,2263,3200,937
3205,2263,3200,937
3206,2262,3200,938
3207,2261,3200,939
3208,2261,3200,939
3209,2261,3200,939
3210,2261,3200,939
3211,2261,3200,939
3212,2261,3200,939
3213,2260,3200,940
3214,2259,3200,941
3215,2259,3200,941
3216,2259,3200,941
3217,2259,3200,941
3218,2258,3200,942
3219,2258,3200,942
3220,2258,3200,942
3221,2258,3200,942
3222,2258,3200,942
3223,2258,3200,942
3224,2258,3200,942
3225,2258,3200,942
3226,2258,3200,942
3227,2257,3200,943
3228,2257,3200,943
3229,2257,3200,943
3230,2257,3200,943
3231,2257,3200,943
3232,2257,3200,943
3233,2257,3200,943
3234,2257,3200,943
3235,2257,3200,943
3236,2257,3200,943
3237,2257,3200,943
3238,2257,3200,943
3239,2257,3200,943
3240,2257,3200,943
3241,2256,3200,944
3242,2256,3200,944
3243,2256,3200,944
3244,2256,3200,944
3245,2255,3200,945
3246,2255,3200,945
3247,2255,3200,945
3248,2254,3200,946
3249,2254,3200,946
3250,2254,3200,946
3251,2254,3200,946
3252,2254,3200,946
3253,2254,3200,946
3254,2253,3200,947
3255,2252,3200,948
3256,2252,3200,948
3257,2252,3200,948
3258,2251,3200,949
3259,2251,3200,949
3260,2250,3200,950
3261,2250,3200,950
3262,2250,3200,950
3263,2250,3200,950
3264,2250,3200,950
3265,2250,3200,950
3266,2249,3200,951
3267,2249,3200,951
3268,2248,3200,952
3269,2248,3200,952
3270,2247,3200,953
3271,2247,3200,953
3272,2247,3200,953
3273,2247,3200,953
3274,2247,3200,953
3275,2247,3200,953
3276,2247,3200,953
3277,2247,3200,953
3278,2246,3200,954
3279,2246,3200,954
3280,2246,3200,954
3281,2245,3200,955
3282,2245,3200,955
3283,2245,3200,955
3284,2245,3200,955
3285,2245,3200,955
3286,2245,3200,955
3287,2245,3200,955
3288,2245,3200,955
3289,2245,3200,955
3290,2245,3200,955
3291,2245,3200,955
3292,2245,3200,955
3293,2245,3200,955
3294,2244,3200,956
3295,2243,3200,957
3296,2243,3200,957
3297,2243,3200,957
3298,2243,3200,957
3299,2243,3200,957
3300,2243,3200,957
3301,2243,3200,957
3302,2242,3200,958
3303,2241,3200,959
3304,2241,3200,959
3305,2240,3200,960
3306,2240,3200,960
3307,2240,3200,960
3308,2240,3200,960
3309,2239,3200,961
3310,2239,3200,961
3311,2239,3200,961
3312,2239,3200,961
3313,2238,3200,962
3314,2238,3200,962
3315,2238,3200,962
3316,2237,3200,963
3317,2237,3200,963
3318,2237,3200,963
3319,2236,3200,964
3320,2236,3200,964
3321,2235,3200,965
3322,2235,3200,965
3323,2235,3200,965
3324,2235,3200,965
3325,2235,3200,965
3326,2235,3200,965
3327,2235,3200,965
3328,2235,3200,965
3329,2234,3200,966
3330,2234,3200,966
3331,2234,3200,966
3332,2234,3200,966
3333,2233,3200,967
3334,2233,3200,967
3335,2232,3200,968
3336,2232,3200,968
3337,2232,3200,968
3338,2231,3200,969
3339,2231,3200,969
3340,2231,3200,969
3341,2231,3200,969
3342,2231,3200,969
3343,2231,3200,969
3344,2231,3200,969
3345,2231,3200,969
3346,2231,3200,969
3347,2230,3200,970
3348,2230,3200,970
3349,2230,3200,970
3350,2229,3200,971
3351,2229,3200,971
3352,2229,3200,971
3353,2229,3200,971
3354,2229,3200,971
3355,2229,3200,971
3356,2229,3200,971
3357,2229,3200,971
3358,2228,3200,972
3359,2228,3200,972
3360,2228,3200,972
3361,2228,3200,972
3362,2228,3200,972
3363,2228,3200,972
3364,2227,3200,973
3365,2227,3200,973
3366,2227,3200,973
3367,2226,3200,974
3368,2225,3200,975
3369,2225,3200,975
3370,2225,3200,975
3371,2225,3200,975
3372,2225,3200,975
3373,2225,3200,975
3374,2225,3200,975
3375,2225,3200,975
3376,2224,3200,976
3377,2224,3200,976
3378,2224,3200,976
3379,2224,3200,976
3380,2224,3200,976
3381,2223,3200,977
3382,2223,3200,977
3383,2223,3200,977
3384,2223,3200,977
3385,2222,3200,978
3386,2222,3200,978
3387,2222,3200,978
3388,2222,3200,978
3389,2221,3200,979
3390,2221,3200,979
3391,2220,3200,980
3392,2219,3200,981
3393,2219,3200,981
3394,2219,3200,981
3395,2219,3200,981
3396,2219,3200,981
3397,2219,3200,981
3398,2218,3200,982
3399,2218,3200,982
3400,2217,3200,983
3401,2217,3200,983
3402,2216,3200,984
3403,2216,3200,984
3404,2216,3200,984
3405,2215,3200,985
3406,2215,3200,985
3407,2215,3200,985
3408,2214,3200,986
3409,2214,3200,986
3410,2214,3200,986
3411,2214,3200,986
3412,2214,3200,986
3413,2214,3200,986
3414,2214,3200,986
3415,2213,3200,987
3416,2213,3200,987
3417,2213,3200,987
3418,2213,3200,987
3419,2213,3200,987
3420,2213,3200,987
3421,2213,3200,987
3422,2212,3200,988
3423,2212,3200,988
3424,2212,3200,988
3425,2211,3200,989
3426,2211,3200,989
3427,2211,3200,989
3428,2211,3200,989
3429,2211,3200,989
3430,2211,3200,989
3431,2211,3200,989
3432,2211,3200,989
3433,2211,3200,989
3434,2210,3200,990
3435,2210,3200,990
3436,2210,3200,990
3437,2209,3200,991
3438,2209,3200,991
3439,2209,3200,991
3440,2209,3200,991
3441,2209,3200,991
3442,2208,3200,992
3443,2208,3200,992
3444,2208,3200,992
3445,2208,3200,992
3446,2207,3200,993
3447,2207,3200,993
3448,2207,3200,993
3449,2207,3200,993
3450,2206,3200,994
3451,2206,3200,994
3452,2206,3200,994
3453,2206,3200,994
3454,2206,3200,994
3455,2206,3200,994
3456,2205,3200,995
3457,2205,3200,995
3458,2204,3200,996
3459,2204,3200,996
3460,2204,3200,996
3461,2204,3200,996
3462,2204,3200,996
3463,2204,3200,996
3464,2204,3200,996
3465,2203,3200,997
3466,2203,3200,997
3467,2203,3200,997
3468,2202,3200,998
3469,2202,3200,998
3470,2202,3200,998
3471,2202,3200,998
3472,2201,3200,999
3473,2201,3200,999
3474,2201,3200,999
3475,2201,3200,999
3476,2201,3200,999
3477,2201,3200,999
3478,2200,3200,1000
3479,2200,3200,1000
3480,2200,3200,1000
3481,2200,3200,1000
3482,2199,3200,1001
3483,2199,3200,1001
3484,2199,3200,1001
3485,2199,3200,1001
3486,2198,3200,1002
3487,2197,3200,1003
3488,2197,3200,1003
3489,2197,3200,1003
3490,2197,3200,1003
3491,2196,3200,1004
3492,2196,3200,1004
3493,2196,3200,1004
3494,2196,3200,1004
3495,2196,3200,1004
3496,2196,3200,1004
3497,2196,3200,1004
3498,2195,3200,1005
3499,2195,3200,1005
3500,2195,3200,1005
3501,2194,3200,1006
3502,2194,3200,1006
3503,2194,3200,1006
3504,2193,3200,1007
3505,2193,3200,1007
3506,2193,3200,1007
3507,2192,3200,1008
3508,2192,3200,1008
3509,2192,3200,1008
3510,2192,3200,1008
3511,2192,3200,1008
3512,2192,3200,1008
3513,2192,3200,1008
3514,2192,3200,1008
3515,2192,3200,1008
3516,2192,3200,1008
3517,2192,3200,1008
3518,2192,3200,1008
3519,2192,3200,1008
3520,2192,3200,1008
3521,2192,3200,1008
3522,2192,3200,1008
3523,2192,3200,1008
3524,2192,3200,1008
3525,2192,3200,1008
3526,2191,3200,1009
3527,2191,3200,1009
3528,2190,3200,1010
3529,2190,3200,1010
3530,2190,3200,1010
3531,2189,3200,1011
3532,2189,3200,1011
3533,2189,3200,1011
3534,2189,3200,1011
3535,2189,3200,1011
3536,2188,3200,1012
3537,2188,3200,1012
3538,2187,3200,1013
3539,2187,3200,1013
3540,2187,3200,1013
3541,2187,3200,1013
3542,2187,3200,1013
3543,2186,3200,1014
3544,2186,3200,1014
3545,2185,3200,1015
3546,2185,3200,1015
3547,2185,3200,1015
3548,2184,3200,1016
3549,2184,3200,1016
3550,2183,3200,1017
3551,2182,3200,1018
3552,2182,3200,1018
3553,2182,3200,1018
3554,2182,3200,1018
3555,2182,3200,1018
3556,2182,3200,1018
3557,2182,3200,1018
3558,2182,3200,1018
3559,2182,3200,1018
3560,2182,3200,1018
3561,2182,3200,1018
3562,2181,3200,1019
3563,2180,3200,1020
3564,2180,3200,1020
3565,2180,3200,1020
3566,2180,3200,1020
3567,2180,3200,1020
3568,2180,3200,1020
3569,2179,3200,1021
3570,2178,3200,1022
3571,2178,3200,1022
3572,2178,3200,1022
3573,2178,3200,1022
3574,2178,3200,1022
3575,2178,3200,1022
3576,2178,3200,1022
3577,2178,3200,1022
3578,2178,3200,1022
3579,2177,3200,1023
3580,2177,3200,1023
3581,2176,3200,1024
3582,2176,3200,1024
3583,2176,3200,1024
3584,2176,3200,1024
3585,2175,3200,1025
3586,2175,3200,1025
3587,2175,3200,1025
3588,2174,3200,1026
3589,2174,3200,1026
3590,2174,3200,1026
3591,2174,3200,1026
3592,2174,3200,1026
3593,2173,3200,1027
3594,2173,3200,1027
3595,2173,3200,1027
3596,2173,3200,1027
3597,2172,3200,1028
3598,2172,3200,1028
3599,2171,3200,1029
3600,2171,3200,1029
3601,2171,3200,1029
3602,2171,3200,1029
3603,2171,3200,1029
3604,2171,3200,1029
3605,2171,3200,1029
3606,2171,3200,1029
3607,2171,3200,1029
3608,2170,3200,1030
3609,2170,3200,1030
3610,2169,3200,1031
3611,2169,3200,1031
3612,2169,3200,1031
3613,2169,3200,1031
3614,2169,3200,1031
3615,2168,3200,1032
3616,2167,3200,1033
3617,2167,3200,1033
3618,2167,3200,1033
3619,2167,3200,1033
3620,2167,3200,1033
3621,2167,3200,1033
3622,2167,3200,1033
3623,2167,3200,1033
3624,2167,3200,1033
3625,2167,3200,1033
3626,2167,3200,1033
3627,2167,3200,1033
3628,2166,3200,1034
3629,2166,3200,1034
3630,2166,3200,1034
3631,2165,3200,1035
3632,2165,3200,1035
3633,2165,3200,1035
3634,2164,3200,1036
3635,2164,3200,1036
3636,2164,3200,1036
3637,2164,3200,1036
3638,2164,3200,1036
3639,2164,3200,1036
3640,2164,3200,1036
3641,2163,3200,1037
3642,2163,3200,1037
3643,2163,3200,1037
3644,2163,3200,1037
3645,2163,3200,1037
3646,2162,3200,1038
3647,2162,3200,1038
3648,2162,3200,1038
3649,2162,3200,1038
3650,2162,3200,1038
3651,2162,3200,1038
3652,2162,3200,1038
3653,2161,3200,1039
3654,2161,3200,1039
3655,2161,3200,1039
3656,2160,3200,1040
3657,2160,3200,1040
3658,2159,3200,1041
3659,2159,3200,1041
3660,2159,3200,1041
3661,2158,3200,1042
3662,2158,3200,1042
3663,2158,3200,1042
3664,2158,3200,1042
3665,2158,3200,1042
3666,2157,3200,1043
3667,2157,3200,1043
3668,2157,3200,1043
3669,2157,3200,1043
3670,2156,3200,1044
3671,2155,3200,1045
3672,2155,3200,1045
3673,2155,3200,1045
3674,2154,3200,1046
3675,2154,3200,1046
3676,2154,3200,1046
3677,2154,3200,1046
3678,2153,3200,1047
3679,2153,3200,1047
3680,2153,3200,1047
3681,2153,3200,1047
3682,2153,3200,1047
3683,2153,3200,1047
3684,2153,3200,1047
3685,2152,3200,1048
3686,2152,3200,1048
3687,2152,3200,1048
3688,2152,3200,1048
3689,2151,3200,1049
3690,2151,3200,1049
3691,2150,3200,1050
3692,2150,3200,1050
3693,2150,3200,1050
3694,2150,3200,1050
3695,2150,3200,1050
3696,2150,3200,1050
3697,2150,3200,1050
3698,2149,3200,1051
3699,2149,3200,1051
3700,2148,3200,1052
3701,2148,3200,1052
3702,2148,3200,1052
3703,2147,3200,1053
3704,2147,3200,1053
3705,2146,3200,1054
3706,2146,3200,1054
3707,2146,3200,1054
3708,2146,3200,1054
3709,2146,3200,1054
3710,2146,3200,1054
3711,2146,3200,1054
3712,2146,3200,1054
3713,2146,3200,1054
3714,2146,3200,1054
3715,2145,3200,1055
3716,2145,3200,1055
3717,2145,3200,1055
3718,2144,3200,1056
3719,2144,3200,1056
3720,2143,3200,1057
3721,2143,3200,1057
3722,2143,3200,1057
3723,2143,3200,1057
3724,2143,3200,1057
3725,2143,3200,1057
3726,2142,3200,1058
3727,2142,3200,1058
3728,2142,3200,1058
3729,2142,3200,1058
3730,2142,3200,1058
3731,2142,3200,1058
3732,2141,3200,1059
3733,2141,3200,1059
3734,2141,3200,1059
3735,2140,3200,1060
3736,2139,3200,1061
3737,2139,3200,1061
3738,2139,3200,1061
3739,2138,3200,1062
3740,2138,3200,1062
3741,2138,3200,1062
3742,2138,3200,1062
3743,2138,3200,1062
3744,2138,3200,1062
3745,2138,3200,1062
3746,2137,3200,1063
3747,2137,3200,1063
3748,2137,3200,1063
3749,2137,3200,1063
3750,2136,3200,1064
3751,2136,3200,1064
3752,2136,3200,1064
3753,2136,3200,1064
3754,2136,3200,1064
3755,2136,3200,1064
3756,2136,3200,1064
3757,2136,3200,1064
3758,2136,3200,1064
3759,2135,3200,1065
3760,2135,3200,1065
3761,2134,3200,1066
3762,2134,3200,1066
3763,2134,3200,1066
3764,2133,3200,1067
3765,2133,3200,1067
3766,2133,3200,1067
3767,2133,3200,1067
3768,2133,3200,1067
3769,2132,3200,1068
3770,2132,3200,1068
3771,2132,3200,1068
3772,2131,3200,1069
3773,2131,3200,1069
3774,2131,3200,1069
3775,2130,3200,1070
3776,2130,3200,1070
3777,2130,3200,1070
3778,2130,3200,1070
3779,2129,3200,1071
3780,2129,3200,1071
3781,2128,3200,1072
3782,2127,3200,1073
3783,2127,3200,1073
3784,2126,3200,1074
3785,2126,3200,1074
3786,2126,3200,1074
3787,2126,3200,1074
3788,2126,3200,1074
3789,2126,3200,1074
3790,2126,3200,1074
3791,2126,3200,1074
3792,2125,3200,1075
3793,2125,3200,1075
3794,2125,3200,1075
3795,2124,3200,1076
3796,2124,3200,1076
3797,2124,3200,1076
3798,2124,3200,1076
3799,2124,3200,1076
3800,2124,3200,1076
3801,2124,3200,1076
3802,2124,3200,1076
3803,2123,3200,1077
3804,2123,3200,1077
3805,2123,3200,1077
3806,2123,3200,1077
3807,2123,3200,1077
3808,2123,3200,1077
3809,2122,3200,1078
3810,2121,3200,1079
3811,2121,3200,1079
3812,2121,3200,1079
3813,2121,3200,1079
3814,2120,3200,1080
3815,2120,3200,1080
3816,2120,3200,1080
3817,2120,3200,1080
3818,2120,3200,1080
3819,2120,3200,1080
3820,2120,3200,1080
3821,2120,3200,1080
3822,2120,3200,1080
3823,2120,3200,1080
3824,2120,3200,1080
3825,2120,3200,1080
3826,2119,3200,1081
3827,2119,3200,1081
3828,2118,3200,1082
3829,2118,3200,1082
3830,2118,3200,1082
3831,2118,3200,1082
3832,2118,3200,1082
3833,2118,3200,1082
3834,2118,3200,1082
3835,2118,3200,1082
3836,2117,3200,1083
3837,2117,3200,1083
3838,2117,3200,1083
3839,2116,3200,1084
3840,2116,3200,1084
3841,2116,3200,1084
3842,2116,3200,1084
3843,2115,3200,1085
3844,2114,3200,1086
3845,2114,3200,1086
3846,2114,3200,1086
3847,2113,3200,1087
3848,2113,3200,1087
3849,2113,3200,1087
3850,2113,3200,1087
3851,2112,3200,1088
3852,2112,3200,1088
3853,2112,3200,1088
3854,2112,3200,1088
3855,2112,3200,1088
3856,2112,3200,1088
3857,2111,3200,1089
3858,2111,3200,1089
3859,2111,3200,1089
3860,2111,3200,1089
3861,2111,3200,1089
3862,2110,3200,1090
3863,2110,3200,1090
3864,2110,3200,1090
3865,2110,3200,1090
3866,2110,3200,1090
3867,2110,3200,1090
3868,2110,3200,1090
3869,2110,3200,1090
3870,2110,3200,1090
3871,2109,3200,1091
3872,2109,3200,1091
3873,2109,3200,1091
3874,2109,3200,1091
3875,2108,3200,1092
3876,2108,3200,1092
3877,2108,3200,1092
3878,2107,3200,1093
3879,2107,3200,1093
3880,2106,3200,1094
3881,2106,3200,1094
3882,2106,3200,1094
3883,2106,3200,1094
3884,2105,3200,1095
3885,2105,3200,1095
3886,2105,3200,1095
3887,2105,3200,1095
3888,2105,3200,1095
3889,2105,3200,1095
3890,2105,3200,1095
3891,2105,3200,1095
3892,2104,3200,1096
3893,2104,3200,1096
3894,2104,3200,1096
3895,2104,3200,1096
3896,2104,3200,1096
3897,2104,3200,1096
3898,2103,3200,1097
3899,2103,3200,1097
3900,2103,3200,1097
3901,2102,3200,1098
3902,2102,3200,1098
3903,2102,3200,1098
3904,2101,3200,1099
3905,2101,3200,1099
3906,2101,3200,1099
3907,2100,3200,1100
3908,2099,3200,1101
3909,2099,3200,1101
3910,2099,3200,1101
3911,2099,3200,1101
3912,2099,3200,1101
3913,2098,3200,1102
3914,2098,3200,1102
3915,2097,3200,1103
3916,2097,3200,1103
3917,2097,3200,1103
3918,2097,3200,1103
3919,2097,3200,1103
3920,2097,3200,1103
3921,2097,3200,1103
3922,2096,3200,1104
3923,2096,3200,1104
3924,2095,3200,1105
3925,2095,3200,1105
3926,2095,3200,1105
3927,2094,3200,1106
3928,2094,3200,1106
3929,2094,3200,1106
3930,2093,3200,1107
3931,2093,3200,1107
3932,2093,3200,1107
3933,2093,3200,1107
3934,2093,3200,1107
3935,2093,3200,1107
3936,2092,3200,1108
3937,2092,3200,1108
3938,2092,3200,1108
3939,2092,3200,1108
3940,2091,3200,1109
3941,2091,3200,1109
3942,2091,3200,1109
3943,2091,3200,1109
3944,2091,3200,1109
3945,2091,3200,1109
3946,2090,3200,1110
3947,2090,3200,1110
3948,2090,3200,1110
3949,2089,3200,1111
3950,2089,3200,1111
3951,2089,3200,1111
3952,2089,3200,1111
3953,2088,3200,1112
3954,2088,3200,1112
3955,2088,3200,1112
3956,2088,3200,1112
3957,2088,3200,1112
3958,2088,3200,1112
3959,2088,3200,1112
3960,2088,3200,1112
3961,2087,3200,1113
3962,2087,3200,1113
3963,2086,3200,1114
3964,2086,3200,1114
3965,2086,3200,1114
3966,2086,3200,1114
3967,2085,3200,1115
3968,2085,3200,1115
3969,2085,3200,1115
3970,2085,3200,1115
3971,2085,3200,1115
3972,2084,3200,1116
3973,2084,3200,1116
3974,2083,3200,1117
3975,2083,3200,1117
3976,2083,3200,1117
3977,2082,3200,1118
3978,2082,3200,1118
3979,2082,3200,1118
3980,2082,3200,1118
3981,2082,3200,1118
3982,2082,3200,1118
3983,2082,3200,1118
3984,2082,3200,1118
3985,2082,3200,1118
3986,2081,3200,1119
3987,2081,3200,1119
3988,2081,3200,1119
3989,2081,3200,1119
3990,2080,3200,1120
3991,2079,3200,1121
3992,2079,3200,1121
3993,2079,3200,1121
3994,2079,3200,1121
3995,2079,3200,1121
3996,2079,3200,1121
3997,2078,3200,1122
3998,2078,3200,1122
3999,2078,3200,1122
4000,2078,3200,1122
4001,2078,3200,1122
4002,2078,3200,1122
4003,2078,3200,1122
4004,2078,3200,1122
4005,2078,3200,1122
4006,2078,3200,1122
4007,2078,3200,1122
4008,2078,3200,1122
4009,2077,3200,1123
4010,2077,3200,1123
4011,2076,3200,1124
4012,2076,3200,1124
4013,2076,3200,1124
4014,2075,3200,1125
4015,2075,3200,1125
4016,2075,3200,1125
4017,2075,3200,1125
4018,2075,3200,1125
4019,2074,3200,1126
4020,2074,3200,1126
4021,2074,3200,1126
4022,2074,3200,1126
4023,2074,3200,1126
4024,2074,3200,1126
4025,2074,3200,1126
4026,2073,3200,1127
4027,2073,3200,1127
4028,2072,3200,1128
4029,2072,3200,1128
4030,2072,3200,1128
4031,2072,3200,1128
4032,2071,3200,1129
4033,2071,3200,1129
4034,2071,3200,1129
4035,2071,3200,1129
4036,2071,3200,1129
4037,2071,3200,1129
4038,2070,3200,1130
4039,2070,3200,1130
4040,2070,3200,1130
4041,2070,3200,1130
4042,2069,3200,1131
4043,2069,3200,1131
4044,2069,3200,1131
4045,2068,3200,1132
4046,2068,3200,1132
4047,2068,3200,1132
4048,2067,3200,1133
4049,2067,3200,1133
4050,2066,3200,1134
4051,2066,3200,1134
4052,2066,3200,1134
4053,2066,3200,1134
4054,2066,3200,1134
4055,2066,3200,1134
4056,2066,3200,1134
4057,2066,3200,1134
4058,2066,3200,1134
4059,2065,3200,1135
4060,2065,3200,1135
4061,2064,3200,1136
4062,2064,3200,1136
4063,2063,3200,1137
4064,2063,3200,1137
4065,2063,3200,1137
4066,2063,3200,1137
4067,2063,3200,1137
4068,2062,3200,1138
4069,2062,3200,1138
4070,2062,3200,1138
4071,2061,3200,1139
4072,2061,3200,1139
4073,2061,3200,1139
4074,2060,3200,1140
4075,2060,3200,1140
4076,2060,3200,1140
4077,2060,3200,1140
4078,2060,3200,1140
4079,2060,3200,1140
4080,2060,3200,1140
4081,2059,3200,1141
4082,2059,3200,1141
4083,2059,3200,1141
4084,2059,3200,1141
4085,2059,3200,1141
4086,2059,3200,1141
4087,2059,3200,1141
4088,2058,3200,1142
4089,2058,3200,1142
4090,2058,3200,1142
4091,2058,3200,1142
4092,2057,3200,1143
4093,2057,3200,1143
4094,2057,3200,1143
4095,2056,3200,1144
4096,2055,3200,1145
4097,2055,3200,1145
4098,2055,3200,1145
4099,2054,3200,1146
4100,2054,3200,1146
4101,2054,3200,1146
4102,2054,3200,1146
4103,2053,3200,1147
4104,2053,3200,1147
4105,2053,3200,1147
4106,2053,3200,1147
4107,2053,3200,1147
4108,2053,3200,1147
4109,2053,3200,1147
4110,2053,3200,1147
4111,2053,3200,1147
4112,2053,3200,1147
4113,2053,3200,1147
4114,2052,3200,1148
4115,2052,3200,1148
4116,2052,3200,1148
4117,2051,3200,1149
4118,2051,3200,1149
4119,2051,3200,1149
4120,2050,3200,1150
4121,2050,3200,1150
4122,2050,3200,1150
4123,2050,3200,1150
4124,2050,3200,1150
4125,2049,3200,1151
4126,2049,3200,1151
4127,2048,3200,1152
4128,2048,3200,1152
4129,2048,3200,1152
4130,2048,3200,1152
4131,2047,3200,1153
4132,2047,3200,1153
4133,2046,3200,1154
4134,2046,3200,1154
4135,2046,3200,1154
4136,2046,3200,1154
4137,2045,3200,1155
4138,2045,3200,1155
4139,2045,3200,1155
4140,2045,3200,1155
4141,2045,3200,1155
4142,2045,3200,1155
4143,2045,3200,1155
4144,2045,3200,1155
4145,2045,3200,1155
4146,2044,3200,1156
4147,2044,3200,1156
4148,2044,3200,1156
4149,2044,3200,1156
4150,2044,3200,1156
4151,2043,3200,1157
4152,2043,3200,1157
4153,2042,3200,1158
4154,2042,3200,1158
4155,2042,3200,1158
4156,2041,3200,1159
4157,2041,3200,1159
4158,2041,3200,1159
4159,2041,3200,1159
4160,2041,3200,1159
4161,2041,3200,1159
4162,2041,3200,1159
4163,2041,3200,1159
4164,2040,3200,1160
4165,2039,3200,1161
4166,2039,3200,1161
4167,2039,3200,1161
4168,2039,3200,1161
4169,2039,3200,1161
4170,2039,3200,1161
4171,2038,3200,1162
4172,2038,3200,1162
4173,2038,3200,1162
4174,2037,3200,1163
4175,2037,3200,1163
4176,2036,3200,1164
4177,2036,3200,1164
4178,2036,3200,1164
4179,2035,3200,1165
4180,2035,3200,1165
4181,2035,3200,1165
4182,2035,3200,1165
4183,2035,3200,1165
4184,2035,3200,1165
4185,2035,3200,1165
4186,2034,3200,1166
4187,2034,3200,1166
4188,2034,3200,1166
4189,2034,3200,1166
4190,2033,3200,1167
4191,2033,3200,1167
4192,2033,3200,1167
4193,2033,3200,1167
4194,2033,3200,1167
4195,2032,3200,1168
4196,2032,3200,1168
4197,2032,3200,1168
4198,2032,3200,1168
4199,2031,3200,1169
4200,2031,3200,1169
4201,2030,3200,1170
4202,2030,3200,1170
4203,2030,3200,1170
4204,2030,3200,1170
4205,2030,3200,1170
4206,2029,3200,1171
4207,2029,3200,1171
4208,2028,3200,1172
4209,2027,3200,1173
4210,2027,3200,1173
4211,2027,3200,1173
4212,2027,3200,1173
4213,2027,3200,1173
4214,2026,3200,1174
4215,2026,3200,1174
4216,2026,3200,1174
4217,2026,3200,1174
4218,2026,3200,1174
4219,2026,3200,1174
4220,2026,3200,1174
4221,2026,3200,1174
4222,2026,3200,1174
4223,2025,3200,1175
4224,2025,3200,1175
4225,2025,3200,1175
4226,2025,3200,1175
4227,2025,3200,1175
4228,2025,3200,1175
4229,2024,3200,1176
4230,2024,3200,1176
4231,2024,3200,1176
4232,2024,3200,1176
4233,2023,3200,1177
4234,2023,3200,1177
4235,2023,3200,1177
4236,2023,3200,1177
4237,2022,3200,1178
4238,2022,3200,1178
4239,2022,3200,1178
4240,2021,3200,1179
4241,2021,3200,1179
4242,2021,3200,1179
4243,2021,3200,1179
4244,2021,3200,1179
4245,2021,3200,1179
4246,2021,3200,1179
4247,2021,3200,1179
4248,2020,3200,1180
4249,2020,3200,1180
4250,2019,3200,1181
4251,2019,3200,1181
4252,2019,3200,1181
4253,2019,3200,1181
4254,2019,3200,1181
4255,2019,3200,1181
4256,2019,3200,1181
4257,2018,3200,1182
4258,2018,3200,1182
4259,2018,3200,1182
4260,2017,3200,1183
4261,2017,3200,1183
4262,2017,3200,1183
4263,2017,3200,1183
4264,2016,3200,1184
4265,2016,3200,1184
4266,2016,3200,1184
4267,2015,3200,1185
4268,2015,3200,1185
4269,2015,3200,1185
4270,2014,3200,1186
4271,2014,3200,1186
4272,2014,3200,1186
4273,2014,3200,1186
4274,2013,3200,1187
4275,2013,3200,1187
4276,2012,3200,1188
4277,2012,3200,1188
4278,2012,3200,1188
4279,2011,3200,1189
4280,2011,3200,1189
4281,2011,3200,1189
4282,2011,3200,1189
4283,2011,3200,1189
4284,2010,3200,1190
4285,2010,3200,1190
4286,2010,3200,1190
4287,2010,3200,1190
4288,2010,3200,1190
4289,2010,3200,1190
4290,2010,3200,1190
4291,2010,3200,1190
4292,2010,3200,1190
4293,2010,3200,1190
4294,2009,3200,1191
4295,2009,3200,1191
4296,2009,3200,1191
4297,2008,3200,1192
4298,2008,3200,1192
4299,2007,3200,1193
4300,2007,3200,1193
4301,2007,3200,1193
4302,2007,3200,1193
4303,2007,3200,1193
4304,2006,3200,1194
4305,2006,3200,1194
4306,2005,3200,1195
4307,2005,3200,1195
4308,2005,3200,1195
4309,2004,3200,1196
4310,2004,3200,1196
4311,2004,3200,1196
4312,2004,3200,1196
4313,2004,3200,1196
4314,2004,3200,1196
4315,2004,3200,1196
4316,2003,3200,1197
4317,2003,3200,1197
4318,2003,3200,1197
4319,2003,3200,1197
4320,2002,3200,1198
4321,2002,3200,1198
4322,2002,3200,1198
4323,2002,3200,1198
4324,2002,3200,1198
4325,2002,3200,1198
4326,2002,3200,1198
4327,2002,3200,1198
4328,2002,3200,1198
4329,2001,3200,1199
4330,2001,3200,1199
4331,2001,3200,1199
4332,2000,3200,1200
4333,2000,3200,1200
4334,2000,3200,1200
4335,2000,3200,1200
4336,2000,3200,1200
4337,1999,3200,1201
4338,1999,3200,1201
4339,1999,3200,1201
4340,1998,3200,1202
4341,1998,3200,1202
4342,1998,3200,1202
4343,1998,3200,1202
4344,1997,3200,1203
4345,1997,3200,1203
4346,1997,3200,1203
4347,1997,3200,1203
4348,1996,3200,1204
4349,1996,3200,1204
4350,1996,3200,1204
4351,1995,3200,1205
4352,1995,3200,1205
4353,1995,3200,1205
4354,1994,3200,1206
4355,1994,3200,1206
4356,1994,3200,1206
4357,1994,3200,1206
4358,1993,3200,1207
4359,1993,3200,1207
4360,1993,3200,1207
4361,1993,3200,1207
4362,1993,3200,1207
4363,1992,3200,1208
4364,1992,3200,1208
4365,1992,3200,1208
4366,1991,3200,1209
4367,1991,3200,1209
4368,1991,3200,1209
4369,1991,3200,1209
4370,1991,3200,1209
4371,1991,3200,1209
4372,1991,3200,1209
4373,1991,3200,1209
4374,1991,3200,1209
4375,1991,3200,1209
4376,1991,3200,1209
4377,1991,3200,1209
4378,1991,3200,1209
4379,1991,3200,1209
4380,1991,3200,1209
4381,1991,3200,1209
4382,1991,3200,1209
4383,1990,3200,1210
4384,1990,3200,1210
4385,1989,3200,1211
4386,1989,3200,1211
4387,1989,3200,1211
4388,1989,3200,1211
4389,1989,3200,1211
4390,1988,3200,1212
4391,1988,3200,1212
4392,1988,3200,1212
4393,1988,3200,1212
4394,1988,3200,1212
4395,1988,3200,1212
4396,1987,3200,1213
4397,1987,3200,1213
4398,1986,3200,1214
4399,1985,3200,1215
4400,1985,3200,1215
4401,1985,3200,1215
4402,1985,3200,1215
4403,1985,3200,1215
4404,1985,3200,1215
4405,1985,3200,1215
4406,1985,3200,1215
4407,1984,3200,1216
4408,1984,3200,1216
4409,1984,3200,1216
4410,1984,3200,1216
4411,1983,3200,1217
4412,1983,3200,1217
4413,1983,3200,1217
4414,1982,3200,1218
4415,1982,3200,1218
4416,1982,3200,1218
4417,1982,3200,1218
4418,1982,3200,1218
4419,1982,3200,1218
4420,1981,3200,1219
4421,1981,3200,1219
4422,1980,3200,1220
4423,1980,3200,1220
4424,1980,3200,1220
4425,1980,3200,1220
4426,1980,3200,1220
4427,1979,3200,1221
4428,1979,3200,1221
4429,1979,3200,1221
4430,1979,3200,1221
4431,1978,3200,1222
4432,1978,3200,1222
4433,1977,3200,1223
4434,1977,3200,1223
4435,1976,3200,1224
4436,1976,3200,1224
4437,1975,3200,1225
4438,1975,3200,1225
4439,1975,3200,1225
4440,1975,3200,1225
4441,1974,3200,1226
4442,1974,3200,1226
4443,1974,3200,1226
4444,1974,3200,1226
4445,1974,3200,1226
4446,1974,3200,1226
4447,1973,3200,1227
4448,1973,3200,1227
4449,1973,3200,1227
4450,1973,3200,1227
4451,1972,3200,1228
4452,1972,3200,1228
4453,1972,3200,1228
4454,1972,3200,1228
4455,1972,3200,1228
4456,1972,3200,1228
4457,1972,3200,1228
4458,1972,3200,1228
4459,1971,3200,1229
4460,1970,3200,1230
4461,1970,3200,1230
4462,1970,3200,1230
4463,1970,3200,1230
4464,1970,3200,1230
4465,1970,3200,1230
4466,1970,3200,1230
4467,1970,3200,1230
4468,1970,3200,1230
4469,1969,3200,1231
4470,1969,3200,1231
4471,1969,3200,1231
4472,1968,3200,1232
4473,1968,3200,1232
4474,1968,3200,1232
4475,1968,3200,1232
4476,1968,3200,1232
4477,1968,3200,1232
4478,1968,3200,1232
4479,1968,3200,1232
4480,1967,3200,1233
4481,1967,3200,1233
4482,1967,3200,1233
4483,1966,3200,1234
4484,1965,3200,1235
4485,1965,3200,1235
4486,1965,3200,1235
4487,1964,3200,1236
4488,1964,3200,1236
4489,1964,3200,1236
4490,1964,3200,1236
4491,1964,3200,1236
4492,1964,3200,1236
4493,1963,3200,1237
4494,1963,3200,1237
4495,1963,3200,1237
4496,1962,3200,1238
4497,1962,3200,1238
4498,1962,3200,1238
4499,1962,3200,1238
4500,1962,3200,1238
4501,1962,3200,1238
4502,1962,3200,1238
4503,1962,3200,1238
4504,1961,3200,1239
4505,1961,3200,1239
4506,1961,3200,1239
4507,1961,3200,1239
4508,1960,3200,1240
4509,1960,3200,1240
4510,1959,3200,1241
4511,1959,3200,1241
4512,1959,3200,1241
4513,1959,3200,1241
4514,1959,3200,1241
4515,1959,3200,1241
4516,1959,3200,1241
4517,1958,3200,1242
4518,1957,3200,1243
4519,1957,3200,1243
4520,1957,3200,1243
4521,1957,3200,1243
4522,1956,3200,1244
4523,1956,3200,1244
4524,1956,3200,1244
4525,1955,3200,1245
4526,1955,3200,1245
4527,1955,3200,1245
4528,1955,3200,1245
4529,1955,3200,1245
4530,1955,3200,1245
4531,1954,3200,1246
4532,1954,3200,1246
4533,1954,3200,1246
4534,1954,3200,1246
4535,1953,3200,1247
4536,1953,3200,1247
4537,1953,3200,1247
4538,1953,3200,1247
4539,1953,3200,1247
4540,1953,3200,1247
4541,1953,3200,1247
4542,1953,3200,1247
4543,1953,3200,1247
4544,1952,3200,1248
4545,1952,3200,1248
4546,1952,3200,1248
4547,1951,3200,1249
4548,1951,3200,1249
4549,1951,3200,1249
4550,1951,3200,1249
4551,1951,3200,1249
4552,1950,3200,1250
4553,1950,3200,1250
4554,1949,3200,1251
4555,1949,3200,1251
4556,1949,3200,1251
4557,1949,3200,1251
4558,1949,3200,1251
4559,1948,3200,1252
4560,1948,3200,1252
4561,1948,3200,1252
4562,1948,3200,1252
4563,1948,3200,1252
4564,1948,3200,1252
4565,1948,3200,1252
4566,1948,3200,1252
4567,1948,3200,1252
4568,1948,3200,1252
4569,1948,3200,1252
4570,1948,3200,1252
4571,1948,3200,1252
4572,1947,3200,1253
4573,1946,3200,1254
4574,1946,3200,1254
4575,1946,3200,1254
4576,1946,3200,1254
4577,1946,3200,1254
4578,1946,3200,1254
4579,1945,3200,1255
4580,1945,3200,1255
4581,1944,3200,1256
4582,1944,3200,1256
4583,1944,3200,1256
4584,1944,3200,1256
4585,1944,3200,1256
4586,1943,3200,1257
4587,1943,3200,1257
4588,1943,3200,1257
4589,1943,3200,1257
4590,1942,3200,1258
4591,1942,3200,1258
4592,1942,3200,1258
4593,1941,3200,1259
4594,1941,3200,1259
4595,1941,3200,1259
4596,1940,3200,1260
4597,1940,3200,1260
4598,1940,3200,1260
4599,1940,3200,1260
4600,1939,3200,1261
4601,1939,3200,1261
4602,1939,3200,1261
4603,1939,3200,1261
4604,1938,3200,1262
4605,1938,3200,1262
4606,1938,3200,1262
4607,1937,3200,1263
4608,1937,3200,1263
4609,1936,3200,1264
4610,1936,3200,1264
4611,1936,3200,1264
4612,1936,3200,1264
4613,1936,3200,1264
4614,1936,3200,1264
4615,1936,3200,1264
4616,1936,3200,1264
4617,1936,3200,1264
4618,1936,3200,1264
4619,1936,3200,1264
4620,1936,3200,1264
4621,1936,3200,1264
4622,1936,3200,1264
4623,1936,3200,1264
4624,1936,3200,1264
4625,1935,3200,1265
4626,1934,3200,1266
4627,1934,3200,1266
4628,1934,3200,1266
4629,1934,3200,1266
4630,1933,3200,1267
4631,1933,3200,1267
4632,1932,3200,1268
4633,1932,3200,1268
4634,1932,3200,1268
4635,1931,3200,1269
4636,1931,3200,1269
4637,1931,3200,1269
4638,1930,3200,1270
4639,1930,3200,1270
4640,1930,3200,1270
4641,1929,3200,1271
4642,1929,3200,1271
4643,1928,3200,1272
4644,1928,3200,1272
4645,1928,3200,1272
4646,1928,3200,1272
4647,1928,3200,1272
4648,1928,3200,1272
4649,1927,3200,1273
4650,1927,3200,1273
4651,1927,3200,1273
4652,1927,3200,1273
4653,1927,3200,1273
4654,1927,3200,1273
4655,1926,3200,1274
4656,1926,3200,1274
4657,1926,3200,1274
4658,1926,3200,1274
4659,1926,3200,1274
4660,1926,3200,1274
4661,1926,3200,1274
4662,1926,3200,1274
4663,1926,3200,1274
4664,1925,3200,1275
4665,1925,3200,1275
4666,1925,3200,1275
4667,1925,3200,1275
4668,1925,3200,1275
4669,1925,3200,1275
4670,1924,3200,1276
4671,1924,3200,1276
4672,1924,3200,1276
4673,1923,3200,1277
4674,1923,3200,1277
4675,1923,3200,1277
4676,1923,3200,1277
4677,1923,3200,1277
4678,1923,3200,1277
4679,1922,3200,1278
4680,1922,3200,1278
4681,1922,3200,1278
4682,1922,3200,1278
4683,1921,3200,1279
4684,1920,3200,1280
4685,1920,3200,1280
4686,1920,3200,1280
4687,1920,3200,1280
4688,1920,3200,1280
4689,1920,3200,1280
4690,1920,3200,1280
4691,1920,3200,1280
4692,1920,3200,1280
4693,1920,3200,1280
4694,1919,3200,1281
4695,1919,3200,1281
4696,1919,3200,1281
4697,1918,3200,1282
4698,1918,3200,1282
4699,1918,3200,1282
4700,1917,3200,1283
4701,1917,3200,1283
4702,1917,3200,1283
4703,1917,3200,1283
4704,1917,3200,1283
4705,1917,3200,1283
4706,1917,3200,1283
4707,1916,3200,1284
4708,1916,3200,1284
4709,1916,3200,1284
4710,1915,3200,1285
4711,1915,3200,1285
4712,1915,3200,1285
4713,1914,3200,1286
4714,1914,3200,1286
4715,1914,3200,1286
4716,1914,3200,1286
4717,1914,3200,1286
4718,1914,3200,1286
4719,1914,3200,1286
4720,1914,3200,1286
4721,1914,3200,1286
4722,1914,3200,1286
4723,1914,3200,1286
4724,1913,3200,1287
4725,1913,3200,1287
4726,1912,3200,1288
4727,1912,3200,1288
4728,1912,3200,1288
4729,1912,3200,1288
4730,1912,3200,1288
4731,1911,3200,1289
4732,1911,3200,1289
4733,1911,3200,1289
4734,1910,3200,1290
4735,1910,3200,1290
4736,1910,3200,1290
4737,1910,3200,1290
4738,1909,3200,1291
4739,1909,3200,1291
4740,1908,3200,1292
4741,1908,3200,1292
4742,1908,3200,1292
4743,1907,3200,1293
4744,1907,3200,1293
4745,1907,3200,1293
4746,1907,3200,1293
4747,1907,3200,1293
4748,1906,3200,1294
4749,1906,3200,1294
4750,1905,3200,1295
4751,1905,3200,1295
4752,1905,3200,1295
4753,1905,3200,1295
4754,1905,3200,1295
4755,1905,3200,1295
4756,1905,3200,1295
4757,1905,3200,1295
4758,1905,3200,1295
4759,1904,3200,1296
4760,1903,3200,1297
4761,1903,3200,1297
4762,1903,3200,1297
4763,1903,3200,1297
4764,1902,3200,1298
4765,1902,3200,1298
4766,1902,3200,1298
4767,1902,3200,1298
4768,1902,3200,1298
4769,1902,3200,1298
4770,1901,3200,1299
4771,1901,3200,1299
4772,1901,3200,1299
4773,1901,3200,1299
4774,1901,3200,1299
4775,1900,3200,1300
4776,1900,3200,1300
4777,1899,3200,1301
4778,1899,3200,1301
4779,1899,3200,1301
4780,1899,3200,1301
4781,1898,3200,1302
4782,1898,3200,1302
4783,1897,3200,1303
4784,1897,3200,1303
4785,1897,3200,1303
4786,1897,3200,1303
4787,1897,3200,1303
4788,1897,3200,1303
4789,1897,3200,1303
4790,1897,3200,1303
4791,1897,3200,1303
4792,1897,3200,1303
4793,1897,3200,1303
4794,1897,3200,1303
4795,1896,3200,1304
4796,1896,3200,1304
4797,1896,3200,1304
4798,1896,3200,1304
4799,1896,3200,1304
4800,1896,3200,1304
4801,1896,3200,1304
4802,1896,3200,1304
4803,1895,3200,1305
4804,1895,3200,1305
4805,1894,3200,1306
4806,1894,3200,1306
4807,1894,3200,1306
4808,1893,3200,1307
4809,1893,3200,1307
4810,1892,3200,1308
4811,1891,3200,1309
4812,1891,3200,1309
4813,1891,3200,1309
4814,1890,3200,1310
4815,1890,3200,1310
4816,1890,3200,1310
4817,1889,3200,1311
4818,1889,3200,1311
4819,1889,3200,1311
4820,1889,3200,1311
4821,1889,3200,1311
4822,1889,3200,1311
4823,1889,3200,1311
4824,1888,3200,1312
4825,1888,3200,1312
4826,1888,3200,1312
4827,1888,3200,1312
4828,1888,3200,1312
4829,1888,3200,1312
4830,1887,3200,1313
4831,1887,3200,1313
4832,1887,3200,1313
4833,1887,3200,1313
4834,1887,3200,1313
4835,1887,3200,1313
4836,1886,3200,1314
4837,1886,3200,1314
4838,1886,3200,1314
4839,1885,3200,1315
4840,1885,3200,1315
4841,1885,3200,1315
4842,1885,3200,1315
4843,1884,3200,1316
4844,1884,3200,1316
4845,1884,3200,1316
4846,1884,3200,1316
4847,1884,3200,1316
4848,1884,3200,1316
4849,1884,3200,1316
4850,1883,3200,1317
4851,1882,3200,1318
4852,1882,3200,1318
4853,1882,3200,1318
4854,1882,3200,1318
4855,1881,3200,1319
4856,1881,3200,1319
4857,1881,3200,1319
4858,1881,3200,1319
4859,1881,3200,1319
4860,1880,3200,1320
4861,1880,3200,1320
4862,1879,3200,1321
4863,1879,3200,1321
4864,1879,3200,1321
4865,1878,3200,1322
4866,1878,3200,1322
4867,1878,3200,1322
4868,1877,3200,1323
4869,1877,3200,1323
4870,1876,3200,1324
4871,1876,3200,1324
4872,1876,3200,1324
4873,1876,3200,1324
4874,1876,3200,1324
4875,1876,3200,1324
4876,1876,3200,1324
4877,1875,3200,1325
4878,1875,3200,1325
4879,1874,3200,1326
4880,1874,3200,1326
4881,1874,3200,1326
4882,1873,3200,1327
4883,1873,3200,1327
4884,1873,3200,1327
4885,1873,3200,1327
4886,1873,3200,1327
4887,1873,3200,1327
4888,1873,3200,1327
4889,1872,3200,1328
4890,1872,3200,1328
4891,1872,3200,1328
4892,1872,3200,1328
4893,1872,3200,1328
4894,1872,3200,1328
4895,1872,3200,1328
4896,1872,3200,1328
4897,1872,3200,1328
4898,1872,3200,1328
4899,1871,3200,1329
4900,1871,3200,1329
4901,1870,3200,1330
4902,1870,3200,1330
4903,1870,3200,1330
4904,1870,3200,1330
4905,1870,3200,1330
4906,1870,3200,1330
4907,1869,3200,1331
4908,1869,3200,1331
4909,1868,3200,1332
4910,1868,3200,1332
4911,1868,3200,1332
4912,1868,3200,1332
4913,1868,3200,1332
4914,1868,3200,1332
4915,1868,3200,1332
4916,1868,3200,1332
4917,1868,3200,1332
4918,1868,3200,1332
4919,1868,3200,1332
4920,1868,3200,1332
4921,1867,3200,1333
4922,1867,3200,1333
4923,1867,3200,1333
4924,1866,3200,1334
4925,1866,3200,1334
4926,1866,3200,1334
4927,1866,3200,1334
4928,1865,3200,1335
4929,1865,3200,1335
4930,1864,3200,1336
4931,1863,3200,1337
4932,1863,3200,1337
4933,1863,3200,1337
4934,1863,3200,1337
4935,1862,3200,1338
4936,1862,3200,1338
4937,1862,3200,1338
4938,1862,3200,1338
4939,1861,3200,1339
4940,1861,3200,1339
4941,1861,3200,1339
4942,1861,3200,1339
4943,1860,3200,1340
4944,1860,3200,1340
4945,1859,3200,1341
4946,1859,3200,1341
4947,1859,3200,1341
4948,1859,3200,1341
4949,1859,3200,1341
4950,1859,3200,1341
4951,1859,3200,1341
4952,1859,3200,1341
4953,1859,3200,1341
4954,1859,3200,1341
4955,1858,3200,1342
4956,1858,3200,1342
4957,1858,3200,1342
4958,1858,3200,1342
4959,1858,3200,1342
4960,1857,3200,1343
4961,1857,3200,1343
4962,1857,3200,1343
4963,1856,3200,1344
4964,1856,3200,1344
4965,1856,3200,1344
4966,1856,3200,1344
4967,1856,3200,1344
4968,1856,3200,1344
4969,1855,3200,1345
4970,1855,3200,1345
4971,1855,3200,1345
4972,1855,3200,1345
4973,1855,3200,1345
4974,1854,3200,1346
4975,1854,3200,1346
4976,1854,3200,1346
4977,1853,3200,1347
4978,1853,3200,1347
4979,1853,3200,1347
4980,1852,3200,1348
4981,1852,3200,1348
4982,1852,3200,1348
4983,1851,3200,1349
4984,1850,3200,1350
4985,1850,3200,1350
4986,1850,3200,1350
4987,1850,3200,1350
4988,1850,3200,1350
4989,1850,3200,1350
4990,1850,3200,1350
4991,1850,3200,1350
4992,1850,3200,1350
4993,1850,3200,1350
4994,1849,3200,1351
4995,1849,3200,1351
4996,1849,3200,1351
4997,1849,3200,1351
4998,1849,3200,1351
4999,1849,3200,1351
5000,1849,3200,1351
5001,1849,3200,1351
5002,1848,3200,1352
5003,1848,3200,1352
5004,1848,3200,1352
5005,1848,3200,1352
5006,1848,3200,1352
5007,1848,3200,1352
5008,1847,3200,1353
5009,1847,3200,1353
5010,1846,3200,1354
5011,1846,3200,1354
5012,1846,3200,1354
5013,1846,3200,1354
5014,1846,3200,1354
5015,1846,3200,1354
5016,1845,3200,1355
5017,1844,3200,1356
5018,1844,3200,1356
5019,1844,3200,1356
5020,1844,3200,1356
5021,1844,3200,1356
5022,1844,3200,1356
5023,1844,3200,1356
5024,1843,3200,1357
5025,1843,3200,1357
5026,1842,3200,1358
5027,1842,3200,1358
5028,1842,3200,1358
5029,1841,3200,1359
5030,1840,3200,1360
5031,1840,3200,1360
5032,1839,3200,1361
5033,1839,3200,1361
5034,1839,3200,1361
5035,1839,3200,1361
5036,1838,3200,1362
5037,1838,3200,1362
5038,1838,3200,1362
5039,1838,3200,1362
5040,1837,3200,1363
5041,1837,3200,1363
5042,1836,3200,1364
5043,1836,3200,1364
5044,1836,3200,1364
5045,1836,3200,1364
5046,1836,3200,1364
5047,1836,3200,1364
5048,1835,3200,1365
5049,1835,3200,1365
5050,1835,3200,1365
5051,1835,3200,1365
5052,1835,3200,1365
5053,1835,3200,1365
5054,1835,3200,1365
5055,1835,3200,1365
5056,1835,3200,1365
5057,1835,3200,1365
5058,1835,3200,1365
5059,1835,3200,1365
5060,1835,3200,1365
5061,1835,3200,1365
5062,1834,3200,1366
5063,1834,3200,1366
5064,1834,3200,1366
5065,1834,3200,1366
5066,1834,3200,1366
5067,1833,3200,1367
5068,1833,3200,1367
5069,1833,3200,1367
5070,1833,3200,1367
5071,1832,3200,1368
5072,1832,3200,1368
5073,1832,3200,1368
5074,1832,3200,1368
5075,1832,3200,1368
5076,1831,3200,1369
5077,1831,3200,1369
5078,1830,3200,1370
5079,1830,3200,1370
5080,1830,3200,1370
5081,1830,3200,1370
5082,1830,3200,1370
5083,1830,3200,1370
5084,1830,3200,1370
5085,1829,3200,1371
5086,1829,3200,1371
5087,1829,3200,1371
5088,1829,3200,1371
5089,1829,3200,1371
5090,1829,3200,1371
5091,1828,3200,1372
5092,1828,3200,1372
5093,1828,3200,1372
5094,1828,3200,1372
5095,1827,3200,1373
5096,1827,3200,1373
5097,1826,3200,1374
5098,1826,3200,1374
5099,1826,3200,1374
5100,1825,3200,1375
5101,1825,3200,1375
5102,1825,3200,1375
5103,1825,3200,1375
5104,1824,3200,1376
5105,1824,3200,1376
5106,1824,3200,1376
5107,1824,3200,1376
5108,1824,3200,1376
5109,1824,3200,1376
5110,1824,3200,1376
5111,1824,3200,1376
5112,1824,3200,1376
5113,1824,3200,1376
5114,1824,3200,1376
5115,1823,3200,1377
5116,1823,3200,1377
5117,1823,3200,1377
5118,1822,3200,1378
5119,1822,3200,1378
5120,1822,3200,1378
5121,1822,3200,1378
5122,1821,3200,1379
5123,1821,3200,1379
5124,1820,3200,1380
5125,1820,3200,1380
5126,1819,3200,1381
5127,1819,3200,1381
5128,1819,3200,1381
5129,1819,3200,1381
5130,1819,3200,1381
5131,1819,3200,1381
5132,1818,3200,1382
5133,1818,3200,1382
5134,1818,3200,1382
5135,1818,3200,1382
5136,1818,3200,1382
5137,1817,3200,1383
5138,1817,3200,1383
5139,1816,3200,1384
5140,1816,3200,1384
5141,1816,3200,1384
5142,1815,3200,1385
5143,1815,3200,1385
5144,1815,3200,1385
5145,1815,3200,1385
5146,1814,3200,1386
5147,1814,3200,1386
5148,1814,3200,1386
5149,1814,3200,1386
5150,1813,3200,1387
5151,1813,3200,1387
5152,1813,3200,1387
5153,1812,3200,1388
5154,1812,3200,1388
5155,1812,3200,1388
5156,1811,3200,1389
5157,1811,3200,1389
5158,1811,3200,1389
5159,1811,3200,1389
5160,1810,3200,1390
5161,1810,3200,1390
5162,1810,3200,1390
5163,1810,3200,1390
5164,1810,3200,1390
5165,1810,3200,1390
5166,1810,3200,1390
5167,1810,3200,1390
5168,1810,3200,1390
5169,1810,3200,1390
5170,1809,3200,1391
5171,1809,3200,1391
5172,1809,3200,1391
5173,1808,3200,1392
5174,1808,3200,1392
5175,1808,3200,1392
5176,1807,3200,1393
5177,1807,3200,1393
5178,1807,3200,1393
5179,1807,3200,1393
5180,1807,3200,1393
5181,1807,3200,1393
5182,1807,3200,1393
5183,1807,3200,1393
5184,1807,3200,1393
5185,1806,3200,1394
5186,1806,3200,1394
5187,1805,3200,1395
5188,1805,3200,1395
5189,1805,3200,1395
5190,1804,3200,1396
5191,1804,3200,1396
5192,1804,3200,1396
5193,1804,3200,1396
5194,1804,3200,1396
5195,1804,3200,1396
5196,1804,3200,1396
5197,1804,3200,1396
5198,1804,3200,1396
5199,1803,3200,1397
5200,1802,3200,1398
5201,1802,3200,1398
5202,1802,3200,1398
5203,1802,3200,1398
5204,1801,3200,1399
5205,1801,3200,1399
5206,1801,3200,1399
5207,1800,3200,1400
5208,1800,3200,1400
5209,1800,3200,1400
5210,1800,3200,1400
5211,1800,3200,1400
5212,1800,3200,1400
5213,1800,3200,1400
5214,1800,3200,1400
5215,1799,3200,1401
5216,1799,3200,1401
5217,1799,3200,1401
5218,1799,3200,1401
5219,1798,3200,1402
5220,1797,3200,1403
5221,1797,3200,1403
5222,1797,3200,1403
5223,1797,3200,1403
5224,1797,3200,1403
5225,1797,3200,1403
5226,1797,3200,1403
5227,1797,3200,1403
5228,1797,3200,1403
5229,1796,3200,1404
5230,1795,3200,1405
5231,1795,3200,1405
5232,1795,3200,1405
5233,1795,3200,1405
5234,1794,3200,1406
5235,1794,3200,1406
5236,1794,3200,1406
5237,1794,3200,1406
5238,1794,3200,1406
5239,1794,3200,1406
5240,1794,3200,1406
5241,1793,3200,1407
5242,1793,3200,1407
5243,1793,3200,1407
5244,1793,3200,1407
5245,1793,3200,1407
5246,1792,3200,1408
5247,1792,3200,1408
5248,1792,3200,1408
5249,1791,3200,1409
5250,1791,3200,1409
5251,1791,3200,1409
5252,1791,3200,1409
5253,1791,3200,1409
5254,1791,3200,1409
5255,1791,3200,1409
5256,1790,3200,1410
5257,1790,3200,1410
5258,1789,3200,1411
5259,1789,3200,1411
5260,1789,3200,1411
5261,1789,3200,1411
5262,1789,3200,1411
5263,1788,3200,1412
5264,1788,3200,1412
5265,1788,3200,1412
5266,1787,3200,1413
5267,1787,3200,1413
5268,1786,3200,1414
5269,1786,3200,1414
5270,1786,3200,1414
5271,1786,3200,1414
5272,1786,3200,1414
5273,1786,3200,1414
5274,1786,3200,1414
5275,1786,3200,1414
5276,1786,3200,1414
5277,1785,3200,1415
5278,1785,3200,1415
5279,1785,3200,1415
5280,1785,3200,1415
5281,1784,3200,1416
5282,1784,3200,1416
5283,1783,3200,1417
5284,1783,3200,1417
5285,1783,3200,1417
5286,1783,3200,1417
5287,1783,3200,1417
5288,1783,3200,1417
5289,1783,3200,1417
5290,1783,3200,1417
5291,1783,3200,1417
5292,1782,3200,1418
5293,1782,3200,1418
5294,1781,3200,1419
5295,1781,3200,1419
5296,1781,3200,1419
5297,1781,3200,1419
5298,1780,3200,1420
5299,1780,3200,1420
5300,1780,3200,1420
5301,1780,3200,1420
5302,1780,3200,1420
5303,1780,3200,1420
5304,1780,3200,1420
5305,1780,3200,1420
5306,1779,3200,1421
5307,1779,3200,1421
5308,1779,3200,1421
5309,1778,3200,1422
5310,1777,3200,1423
5311,1777,3200,1423
5312,1777,3200,1423
5313,1777,3200,1423
5314,1777,3200,1423
5315,1777,3200,1423
5316,1777,3200,1423
5317,1777,3200,1423
5318,1777,3200,1423
5319,1776,3200,1424
5320,1776,3200,1424
5321,1775,3200,1425
5322,1775,3200,1425
5323,1775,3200,1425
5324,1774,3200,1426
5325,1774,3200,1426
5326,1774,3200,1426
5327,1774,3200,1426
5328,1774,3200,1426
5329,1774,3200,1426
5330,1774,3200,1426
5331,1773,3200,1427
5332,1773,3200,1427
5333,1773,3200,1427
5334,1772,3200,1428
5335,1772,3200,1428
5336,1772,3200,1428
5337,1771,3200,1429
5338,1771,3200,1429
5339,1770,3200,1430
5340,1770,3200,1430
5341,1770,3200,1430
5342,1769,3200,1431
5343,1769,3200,1431
5344,1769,3200,1431
5345,1768,3200,1432
5346,1768,3200,1432
5347,1768,3200,1432
5348,1768,3200,1432
5349,1768,3200,1432
5350,1768,3200,1432
5351,1768,3200,1432
5352,1767,3200,1433
5353,1767,3200,1433
5354,1767,3200,1433
5355,1766,3200,1434
5356,1766,3200,1434
5357,1766,3200,1434
5358,1766,3200,1434
5359,1765,3200,1435
5360,1765,3200,1435
5361,1765,3200,1435
5362,1765,3200,1435
5363,1765,3200,1435
5364,1764,3200,1436
5365,1764,3200,1436
5366,1763,3200,1437
5367,1763,3200,1437
5368,1763,3200,1437
5369,1763,3200,1437
5370,1762,3200,1438
5371,1762,3200,1438
5372,1762,3200,1438
5373,1762,3200,1438
5374,1761,3200,1439
5375,1761,3200,1439
5376,1761,3200,1439
5377,1761,3200,1439
5378,1761,3200,1439
5379,1761,3200,1439
5380,1760,3200,1440
5381,1760,3200,1440
5382,1760,3200,1440
5383,1760,3200,1440
5384,1760,3200,1440
5385,1760,3200,1440
5386,1760,3200,1440
5387,1760,3200,1440
5388,1760,3200,1440
5389,1760,3200,1440
5390,1760,3200,1440
5391,1760,3200,1440
5392,1760,3200,1440
5393,1760,3200,1440
5394,1760,3200,1440
5395,1759,3200,1441
5396,1759,3200,1441
5397,1759,3200,1441
5398,1758,3200,1442
5399,1758,3200,1442
5400,1757,3200,1443
5401,1757,3200,1443
5402,1757,3200,1443
5403,1757,3200,1443
5404,1757,3200,1443
5405,1757,3200,1443
5406,1757,3200,1443
5407,1757,3200,1443
5408,1757,3200,1443
5409,1756,3200,1444
5410,1756,3200,1444
5411,1756,3200,1444
5412,1756,3200,1444
5413,1755,3200,1445
5414,1755,3200,1445
5415,1755,3200,1445
5416,1755,3200,1445
5417,1754,3200,1446
5418,1754,3200,1446
5419,1753,3200,1447
5420,1753,3200,1447
5421,1753,3200,1447
5422,1753,3200,1447
5423,1752,3200,1448
5424,1752,3200,1448
5425,1752,3200,1448
5426,1751,3200,1449
5427,1751,3200,1449
5428,1751,3200,1449
5429,1750,3200,1450
5430,1750,3200,1450
5431,1750,3200,1450
5432,1750,3200,1450
5433,1750,3200,1450
5434,1750,3200,1450
5435,1750,3200,1450
5436,1750,3200,1450
5437,1749,3200,1451
5438,1749,3200,1451
5439,1749,3200,1451
5440,1748,3200,1452
5441,1748,3200,1452
5442,1748,3200,1452
5443,1747,3200,1453
5444,1746,3200,1454
5445,1746,3200,1454
5446,1746,3200,1454
5447,1746,3200,1454
5448,1745,3200,1455
5449,1745,3200,1455
5450,1745,3200,1455
5451,1745,3200,1455
5452,1745,3200,1455
5453,1745,3200,1455
5454,1744,3200,1456
5455,1744,3200,1456
5456,1744,3200,1456
5457,1743,3200,1457
5458,1742,3200,1458
5459,1742,3200,1458
5460,1742,3200,1458
5461,1741,3200,1459
5462,1741,3200,1459
5463,1741,3200,1459
5464,1740,3200,1460
5465,1740,3200,1460
5466,1739,3200,1461
5467,1739,3200,1461
5468,1739,3200,1461
5469,1739,3200,1461
5470,1739,3200,1461
5471,1739,3200,1461
5472,1739,3200,1461
5473,1739,3200,1461
5474,1739,3200,1461
5475,1739,3200,1461
5476,1739,3200,1461
5477,1739,3200,1461
5478,1739,3200,1461
5479,1739,3200,1461
5480,1739,3200,1461
5481,1738,3200,1462
5482,1738,3200,1462
5483,1738,3200,1462
5484,1738,3200,1462
5485,1738,3200,1462
5486,1737,3200,1463
5487,1737,3200,1463
5488,1737,3200,1463
5489,1737,3200,1463
5490,1736,3200,1464
5491,1736,3200,1464
5492,1736,3200,1464
5493,1735,3200,1465
5494,1735,3200,1465
5495,1734,3200,1466
5496,1734,3200,1466
5497,1734,3200,1466
5498,1734,3200,1466
5499,1734,3200,1466
5500,1733,3200,1467
5501,1733,3200,1467
5502,1733,3200,1467
5503,1733,3200,1467
5504,1733,3200,1467
5505,1733,3200,1467
5506,1733,3200,1467
5507,1732,3200,1468
5508,1732,3200,1468
5509,1731,3200,1469
5510,1731,3200,1469
5511,1731,3200,1469
5512,1731,3200,1469
5513,1730,3200,1470
5514,1730,3200,1470
5515,1729,3200,1471
5516,1728,3200,1472
5517,1728,3200,1472
5518,1728,3200,1472
5519,1728,3200,1472
5520,1728,3200,1472
5521,1728,3200,1472
5522,1728,3200,1472
5523,1728,3200,1472
5524,1728,3200,1472
5525,1727,3200,1473
5526,1727,3200,1473
5527,1726,3200,1474
5528,1726,3200,1474
5529,1726,3200,1474
5530,1726,3200,1474
5531,1726,3200,1474
5532,1726,3200,1474
5533,1726,3200,1474
5534,1726,3200,1474
5535,1726,3200,1474
5536,1726,3200,1474
5537,1726,3200,1474
5538,1726,3200,1474
5539,1726,3200,1474
5540,1726,3200,1474
5541,1726,3200,1474
5542,1726,3200,1474
5543,1725,3200,1475
5544,1725,3200,1475
5545,1725,3200,1475
5546,1725,3200,1475
5547,1724,3200,1476
5548,1724,3200,1476
5549,1724,3200,1476
5550,1723,3200,1477
5551,1723,3200,1477
5552,1723,3200,1477
5553,1722,3200,1478
5554,1722,3200,1478
5555,1722,3200,1478
5556,1721,3200,1479
5557,1720,3200,1480
5558,1720,3200,1480
5559,1720,3200,1480
5560,1720,3200,1480
5561,1719,3200,1481
5562,1719,3200,1481
5563,1719,3200,1481
5564,1719,3200,1481
5565,1719,3200,1481
5566,1719,3200,1481
5567,1719,3200,1481
5568,1719,3200,1481
5569,1719,3200,1481
5570,1719,3200,1481
5571,1719,3200,1481
5572,1719,3200,1481
5573,1719,3200,1481
5574,1718,3200,1482
5575,1718,3200,1482
5576,1718,3200,1482
5577,1718,3200,1482
5578,1717,3200,1483
5579,1717,3200,1483
5580,1717,3200,1483
5581,1716,3200,1484
5582,1716,3200,1484
5583,1716,3200,1484
5584,1715,3200,1485
5585,1714,3200,1486
5586,1714,3200,1486
5587,1714,3200,1486
5588,1713,3200,1487
5589,1713,3200,1487
5590,1712,3200,1488
5591,1712,3200,1488
5592,1712,3200,1488
5593,1711,3200,1489
5594,1711,3200,1489
5595,1711,3200,1489
5596,1711,3200,1489
5597,1710,3200,1490
5598,1710,3200,1490
5599,1710,3200,1490
5600,1710,3200,1490
5601,1710,3200,1490
5602,1709,3200,1491
5603,1709,3200,1491
5604,1709,3200,1491
5605,1709,3200,1491
5606,1709,3200,1491
5607,1709,3200,1491
5608,1709,3200,1491
5609,1709,3200,1491
5610,1709,3200,1491
5611,1708,3200,1492
5612,1707,3200,1493
5613,1707,3200,1493
5614,1707,3200,1493
5615,1706,3200,1494
5616,1705,3200,1495
5617,1705,3200,1495
5618,1705,3200,1495
5619,1705,3200,1495
5620,1704,3200,1496
5621,1704,3200,1496
5622,1704,3200,1496
5623,1704,3200,1496
5624,1704,3200,1496
5625,1703,3200,1497
5626,1703,3200,1497
5627,1703,3200,1497
5628,1703,3200,1497
5629,1703,3200,1497
5630,1703,3200,1497
5631,1703,3200,1497
5632,1702,3200,1498
5633,1702,3200,1498
5634,1702,3200,1498
5635,1701,3200,1499
5636,1701,3200,1499
5637,1701,3200,1499
5638,1701,3200,1499
5639,1700,3200,1500
5640,1700,3200,1500
5641,1700,3200,1500
5642,1699,3200,1501
5643,1699,3200,1501
5644,1698,3200,1502
5645,1698,3200,1502
5646,1698,3200,1502
5647,1698,3200,1502
5648,1698,3200,1502
5649,1698,3200,1502
5650,1697,3200,1503
5651,1697,3200,1503
5652,1697,3200,1503
5653,1697,3200,1503
5654,1696,3200,1504
5655,1696,3200,1504
5656,1696,3200,1504
5657,1696,3200,1504
5658,1695,3200,1505
5659,1695,3200,1505
5660,1694,3200,1506
5661,1694,3200,1506
5662,1694,3200,1506
5663,1694,3200,1506
5664,1694,3200,1506
5665,1693,3200,1507
5666,1693,3200,1507
5667,1693,3200,1507
5668,1693,3200,1507
5669,1693,3200,1507
5670,1693,3200,1507
5671,1693,3200,1507
5672,1693,3200,1507
5673,1693,3200,1507
5674,1693,3200,1507
5675,1693,3200,1507
5676,1693,3200,1507
5677,1693,3200,1507
5678,1693,3200,1507
5679,1693,3200,1507
5680,1692,3200,1508
5681,1692,3200,1508
5682,1692,3200,1508
5683,1692,3200,1508
5684,1692,3200,1508
5685,1691,3200,1509
5686,1691,3200,1509
5687,1691,3200,1509
5688,1691,3200,1509
5689,1691,3200,1509
5690,1690,3200,1510
5691,1690,3200,1510
5692,1689,3200,1511
5693,1689,3200,1511
5694,1688,3200,1512
5695,1688,3200,1512
5696,1687,3200,1513
5697,1687,3200,1513
5698,1687,3200,1513
5699,1686,3200,1514
5700,1686,3200,1514
5701,1686,3200,1514
5702,1686,3200,1514
5703,1686,3200,1514
5704,1686,3200,1514
5705,1686,3200,1514
5706,1686,3200,1514
5707,1685,3200,1515
5708,1685,3200,1515
5709,1685,3200,1515
5710,1685,3200,1515
5711,1684,3200,1516
5712,1684,3200,1516
5713,1684,3200,1516
5714,1683,3200,1517
5715,1683,3200,1517
5716,1683,3200,1517
5717,1683,3200,1517
5718,1683,3200,1517
5719,1683,3200,1517
5720,1683,3200,1517
5721,1683,3200,1517
5722,1683,3200,1517
5723,1683,3200,1517
5724,1682,3200,1518
5725,1682,3200,1518
5726,1681,3200,1519
5727,1681,3200,1519
5728,1681,3200,1519
5729,1680,3200,1520
5730,1680,3200,1520
5731,1679,3200,1521
5732,1679,3200,1521
5733,1679,3200,1521
5734,1679,3200,1521
5735,1679,3200,1521
5736,1678,3200,1522
5737,1678,3200,1522
5738,1678,3200,1522
5739,1678,3200,1522
5740,1678,3200,1522
5741,1678,3200,1522
5742,1678,3200,1522
5743,1678,3200,1522
5744,1678,3200,1522
5745,1678,3200,1522
5746,1678,3200,1522
5747,1677,3200,1523
5748,1676,3200,1524
5749,1676,3200,1524
5750,1676,3200,1524
5751,1676,3200,1524
5752,1675,3200,1525
5753,1675,3200,1525
5754,1674,3200,1526
5755,1674,3200,1526
5756,1674,3200,1526
5757,1674,3200,1526
5758,1673,3200,1527
5759,1673,3200,1527
5760,1673,3200,1527
5761,1673,3200,1527
5762,1673,3200,1527
5763,1673,3200,1527
5764,1673,3200,1527
5765,1673,3200,1527
5766,1673,3200,1527
5767,1673,3200,1527
5768,1672,3200,1528
5769,1672,3200,1528
5770,1672,3200,1528
5771,1672,3200,1528
5772,1671,3200,1529
5773,1671,3200,1529
5774,1671,3200,1529
5775,1671,3200,1529
5776,1671,3200,1529
5777,1671,3200,1529
5778,1671,3200,1529
5779,1670,3200,1530
5780,1670,3200,1530
5781,1670,3200,1530
5782,1670,3200,1530
5783,1670,3200,1530
5784,1670,3200,1530
5785,1669,3200,1531
5786,1669,3200,1531
5787,1668,3200,1532
5788,1668,3200,1532
5789,1668,3200,1532
5790,1668,3200,1532
5791,1667,3200,1533
5792,1667,3200,1533
5793,1667,3200,1533
5794,1667,3200,1533
5795,1666,3200,1534
5796,1666,3200,1534
5797,1666,3200,1534
5798,1666,3200,1534
5799,1666,3200,1534
5800,1666,3200,1534
5801,1665,3200,1535
5802,1665,3200,1535
5803,1665,3200,1535
5804,1664,3200,1536
5805,1664,3200,1536
5806,1664,3200,1536
5807,1663,3200,1537
5808,1663,3200,1537
5809,1663,3200,1537
5810,1662,3200,1538
5811,1662,3200,1538
5812,1662,3200,1538
5813,1662,3200,1538
5814,1662,3200,1538
5815,1662,3200,1538
5816,1662,3200,1538
5817,1661,3200,1539
5818,1660,3200,1540
5819,1660,3200,1540
5820,1660,3200,1540
5821,1660,3200,1540
5822,1660,3200,1540
5823,1660,3200,1540
5824,1660,3200,1540
5825,1659,3200,1541
5826,1659,3200,1541
5827,1658,3200,1542
5828,1658,3200,1542
5829,1658,3200,1542
5830,1658,3200,1542
5831,1658,3200,1542
5832,1658,3200,1542
5833,1658,3200,1542
5834,1658,3200,1542
5835,1658,3200,1542
5836,1657,3200,1543
5837,1656,3200,1544
5838,1656,3200,1544
5839,1656,3200,1544
5840,1656,3200,1544
5841,1656,3200,1544
5842,1655,3200,1545
5843,1655,3200,1545
5844,1655,3200,1545
5845,1655,3200,1545
5846,1655,3200,1545
5847,1654,3200,1546
5848,1654,3200,1546
5849,1654,3200,1546
5850,1654,3200,1546
5851,1654,3200,1546
5852,1654,3200,1546
5853,1653,3200,1547
5854,1653,3200,1547
5855,1653,3200,1547
5856,1652,3200,1548
5857,1652,3200,1548
5858,1652,3200,1548
5859,1652,3200,1548
5860,1651,3200,1549
5861,1651,3200,1549
5862,1651,3200,1549
5863,1650,3200,1550
5864,1650,3200,1550
5865,1650,3200,1550
5866,1650,3200,1550
5867,1650,3200,1550
5868,1650,3200,1550
5869,1650,3200,1550
5870,1650,3200,1550
5871,1650,3200,1550
5872,1649,3200,1551
5873,1648,3200,1552
5874,1648,3200,1552
5875,1648,3200,1552
5876,1648,3200,1552
5877,1648,3200,1552
5878,1648,3200,1552
5879,1648,3200,1552
5880,1648,3200,1552
5881,1648,3200,1552
5882,1648,3200,1552
5883,1648,3200,1552
5884,1647,3200,1553
5885,1647,3200,1553
5886,1647,3200,1553
5887,1646,3200,1554
5888,1646,3200,1554
5889,1646,3200,1554
5890,1645,3200,1555
5891,1645,3200,1555
5892,1644,3200,1556
5893,1644,3200,1556
5894,1644,3200,1556
5895,1643,3200,1557
5896,1643,3200,1557
5897,1642,3200,1558
5898,1642,3200,1558
5899,1642,3200,1558
5900,1642,3200,1558
5901,1642,3200,1558
5902,1642,3200,1558
5903,1642,3200,1558
5904,1642,3200,1558
5905,1642,3200,1558
5906,1642,3200,1558
5907,1641,3200,1559
5908,1641,3200,1559
5909,1641,3200,1559
5910,1641,3200,1559
5911,1640,3200,1560
5912,1640,3200,1560
5913,1639,3200,1561
5914,1639,3200,1561
5915,1639,3200,1561
5916,1639,3200,1561
5917,1639,3200,1561
5918,1638,3200,1562
5919,1638,3200,1562
5920,1638,3200,1562
5921,1637,3200,1563
5922,1637,3200,1563
5923,1636,3200,1564
5924,1636,3200,1564
5925,1636,3200,1564
5926,1636,3200,1564
5927,1636,3200,1564
5928,1636,3200,1564
5929,1635,3200,1565
5930,1635,3200,1565
5931,1635,3200,1565
5932,1635,3200,1565
5933,1635,3200,1565
5934,1634,3200,1566
5935,1634,3200,1566
5936,1634,3200,1566
5937,1634,3200,1566
5938,1633,3200,1567
5939,1633,3200,1567
5940,1633,3200,1567
5941,1633,3200,1567
5942,1633,3200,1567
5943,1632,3200,1568
5944,1632,3200,1568
5945,1632,3200,1568
5946,1631,3200,1569
5947,1631,3200,1569
5948,1631,3200,1569
5949,1630,3200,1570
5950,1630,3200,1570
5951,1630,3200,1570
5952,1630,3200,1570
5953,1630,3200,1570
5954,1630,3200,1570
5955,1630,3200,1570
5956,1629,3200,1571
5957,1629,3200,1571
5958,1629,3200,1571
5959,1629,3200,1571
5960,1628,3200,1572
5961,1628,3200,1572
5962,1628,3200,1572
5963,1628,3200,1572
5964,1627,3200,1573
5965,1627,3200,1573
5966,1627,3200,1573
5967,1626,3200,1574
5968,1626,3200,1574
5969,1626,3200,1574
5970,1625,3200,1575
5971,1625,3200,1575
5972,1625,3200,1575
5973,1624,3200,1576
5974,1624,3200,1576
5975,1623,3200,1577
5976,1623,3200,1577
5977,1622,3200,1578
5978,1622,3200,1578
5979,1622,3200,1578
5980,1621,3200,1579
5981,1621,3200,1579
5982,1620,3200,1580
5983,1620,3200,1580
5984,1620,3200,1580
5985,1620,3200,1580
5986,1620,3200,1580
5987,1620,3200,1580
5988,1619,3200,1581
5989,1619,3200,1581
5990,1619,3200,1581
5991,1619,3200,1581
5992,1619,3200,1581
5993,1619,3200,1581
5994,1619,3200,1581
5995,1619,3200,1581
5996,1619,3200,1581
5997,1619,3200,1581
5998,1619,3200,1581
5999,1619,3200,1581
6000,1618,3200,1582
6001,1618,3200,1582
6002,1617,3200,1583
6003,1617,3200,1583
6004,1617,3200,1583
6005,1617,3200,1583
6006,1617,3200,1583
6007,1617,3200,1583
6008,1616,3200,1584
6009,1616,3200,1584
6010,1616,3200,1584
6011,1616,3200,1584
6012,1616,3200,1584
6013,1616,3200,1584
6014,1615,3200,1585
6015,1615,3200,1585
6016,1614,3200,1586
6017,1614,3200,1586
6018,1614,3200,1586
6019,1614,3200,1586
6020,1614,3200,1586
6021,1614,3200,1586
6022,1614,3200,1586
6023,1614,3200,1586
6024,1614,3200,1586
6025,1614,3200,1586
6026,1613,3200,1587
6027,1613,3200,1587
6028,1613,3200,1587
6029,1613,3200,1587
6030,1612,3200,1588
6031,1612,3200,1588
6032,1612,3200,1588
6033,1612,3200,1588
6034,1611,3200,1589
6035,1611,3200,1589
6036,1610,3200,1590
6037,1610,3200,1590
6038,1609,3200,1591
6039,1609,3200,1591
6040,1608,3200,1592
6041,1608,3200,1592
6042,1608,3200,1592
6043,1608,3200,1592
6044,1608,3200,1592
6045,1608,3200,1592
6046,1608,3200,1592
6047,1608,3200,1592
6048,1607,3200,1593
6049,1607,3200,1593
6050,1607,3200,1593
6051,1606,3200,1594
6052,1606,3200,1594
6053,1606,3200,1594
6054,1606,3200,1594
6055,1606,3200,1594
6056,1606,3200,1594
6057,1605,3200,1595
6058,1605,3200,1595
6059,1605,3200,1595
6060,1605,3200,1595
6061,1605,3200,1595
6062,1605,3200,1595
6063,1605,3200,1595
6064,1604,3200,1596
6065,1604,3200,1596
6066,1604,3200,1596
6067,1604,3200,1596
6068,1604,3200,1596
6069,1604,3200,1596
6070,1604,3200,1596
6071,1604,3200,1596
6072,1604,3200,1596
6073,1604,3200,1596
6074,1604,3200,1596
6075,1603,3200,1597
6076,1603,3200,1597
6077,1603,3200,1597
6078,1602,3200,1598
6079,1602,3200,1598
6080,1602,3200,1598
6081,1601,3200,1599
6082,1601,3200,1599
6083,1601,3200,1599
6084,1600,3200,1600
6085,1600,3200,1600
6086,1600,3200,1600
6087,1600,3200,1600
6088,1600,3200,1600
6089,1599,3200,1601
6090,1599,3200,1601
6091,1599,3200,1601
6092,1599,3200,1601
6093,1598,3200,1602
6094,1598,3200,1602
6095,1598,3200,1602
6096,1597,3200,1603
6097,1597,3200,1603
6098,1597,3200,1603
6099,1597,3200,1603
6100,1596,3200,1604
6101,1596,3200,1604
6102,1596,3200,1604
6103,1596,3200,1604
6104,1596,3200,1604
6105,1596,3200,1604
6106,1595,3200,1605
6107,1595,3200,1605
6108,1594,3200,1606
6109,1594,3200,1606
6110,1594,3200,1606
6111,1594,3200,1606
6112,1593,3200,1607
6113,1593,3200,1607
6114,1593,3200,1607
6115,1592,3200,1608
6116,1592,3200,1608
6117,1591,3200,1609
6118,1591,3200,1609
6119,1591,3200,1609
6120,1591,3200,1609
6121,1591,3200,1609
6122,1590,3200,1610
6123,1590,3200,1610
6124,1590,3200,1610
6125,1590,3200,1610
6126,1590,3200,1610
6127,1589,3200,1611
6128,1589,3200,1611
6129,1589,3200,1611
6130,1589,3200,1611
6131,1588,3200,1612
6132,1588,3200,1612
6133,1588,3200,1612
6134,1587,3200,1613
6135,1587,3200,1613
6136,1587,3200,1613
6137,1587,3200,1613
6138,1587,3200,1613
6139,1587,3200,1613
6140,1586,3200,1614
6141,1586,3200,1614
6142,1586,3200,1614
6143,1585,3200,1615
6144,1585,3200,1615
6145,1585,3200,1615
6146,1585,3200,1615
6147,1585,3200,1615
6148,1585,3200,1615
6149,1585,3200,1615
6150,1585,3200,1615
6151,1585,3200,1615
6152,1585,3200,1615
6153,1585,3200,1615
6154,1585,3200,1615
6155,1585,3200,1615
6156,1585,3200,1615
6157,1585,3200,1615
6158,1584,3200,1616
6159,1584,3200,1616
6160,1584,3200,1616
6161,1583,3200,1617
6162,1583,3200,1617
6163,1583,3200,1617
6164,1583,3200,1617
6165,1583,3200,1617
6166,1582,3200,1618
6167,1582,3200,1618
6168,1581,3200,1619
6169,1581,3200,1619
6170,1581,3200,1619
6171,1581,3200,1619
6172,1580,3200,1620
6173,1580,3200,1620
6174,1580,3200,1620
6175,1580,3200,1620
6176,1580,3200,1620
6177,1580,3200,1620
6178,1580,3200,1620
6179,1580,3200,1620
6180,1579,3200,1621
6181,1579,3200,1621
6182,1578,3200,1622
6183,1578,3200,1622
6184,1578,3200,1622
6185,1577,3200,1623
6186,1577,3200,1623
6187,1576,3200,1624
6188,1576,3200,1624
6189,1575,3200,1625
6190,1575,3200,1625
6191,1574,3200,1626
6192,1574,3200,1626
6193,1574,3200,1626
6194,1573,3200,1627
6195,1573,3200,1627
6196,1573,3200,1627
6197,1573,3200,1627
6198,1573,3200,1627
6199,1573,3200,1627
6200,1573,3200,1627
6201,1573,3200,1627
6202,1573,3200,1627
6203,1572,3200,1628
6204,1572,3200,1628
6205,1572,3200,1628
6206,1572,3200,1628
6207,1572,3200,1628
6208,1572,3200,1628
6209,1572,3200,1628
6210,1572,3200,1628
6211,1571,3200,1629
6212,1571,3200,1629
6213,1571,3200,1629
6214,1570,3200,1630
6215,1570,3200,1630
6216,1569,3200,1631
6217,1569,3200,1631
6218,1569,3200,1631
6219,1568,3200,1632
6220,1568,3200,1632
6221,1568,3200,1632
6222,1568,3200,1632
6223,1567,3200,1633
6224,1567,3200,1633
6225,1567,3200,1633
6226,1567,3200,1633
6227,1567,3200,1633
6228,1567,3200,1633
6229,1566,3200,1634
6230,1566,3200,1634
6231,1566,3200,1634
6232,1566,3200,1634
6233,1566,3200,1634
6234,1566,3200,1634
6235,1566,3200,1634
6236,1565,3200,1635
6237,1565,3200,1635
6238,1564,3200,1636
6239,1564,3200,1636
6240,1564,3200,1636
6241,1563,3200,1637
6242,1563,3200,1637
6243,1563,3200,1637
6244,1563,3200,1637
6245,1563,3200,1637
6246,1563,3200,1637
6247,1562,3200,1638
6248,1561,3200,1639
6249,1561,3200,1639
6250,1561,3200,1639
6251,1561,3200,1639
6252,1561,3200,1639
6253,1561,3200,1639
6254,1560,3200,1640
6255,1560,3200,1640
6256,1560,3200,1640
6257,1560,3200,1640
6258,1560,3200,1640
6259,1560,3200,1640
6260,1560,3200,1640
6261,1559,3200,1641
6262,1559,3200,1641
6263,1558,3200,1642
6264,1558,3200,1642
6265,1558,3200,1642
6266,1557,3200,1643
6267,1556,3200,1644
6268,1556,3200,1644
6269,1556,3200,1644
6270,1556,3200,1644
6271,1556,3200,1644
6272,1556,3200,1644
6273,1556,3200,1644
6274,1555,3200,1645
6275,1555,3200,1645
6276,1555,3200,1645
6277,1554,3200,1646
6278,1554,3200,1646
6279,1554,3200,1646
6280,1554,3200,1646
6281,1553,3200,1647
6282,1553,3200,1647
6283,1552,3200,1648
6284,1552,3200,1648
6285,1552,3200,1648
6286,1552,3200,1648
6287,1552,3200,1648
6288,1552,3200,1648
6289,1552,3200,1648
6290,1552,3200,1648
6291,1552,3200,1648
6292,1551,3200,1649
6293,1551,3200,1649
6294,1551,3200,1649
6295,1551,3200,1649
6296,1550,3200,1650
6297,1550,3200,1650
6298,1549,3200,1651
6299,1549,3200,1651
6300,1549,3200,1651
6301,1549,3200,1651
6302,1549,3200,1651
6303,1549,3200,1651
6304,1549,3200,1651
6305,1548,3200,1652
6306,1548,3200,1652
6307,1547,3200,1653
6308,1547,3200,1653
6309,1547,3200,1653
6310,1547,3200,1653
6311,1547,3200,1653
6312,1546,3200,1654
6313,1546,3200,1654
6314,1546,3200,1654
6315,1546,3200,1654
6316,1546,3200,1654
6317,1546,3200,1654
6318,1546,3200,1654
6319,1545,3200,1655
6320,1545,3200,1655
6321,1544,3200,1656
6322,1544,3200,1656
6323,1544,3200,1656
6324,1544,3200,1656
6325,1544,3200,1656
6326,1544,3200,1656
6327,1544,3200,1656
6328,1544,3200,1656
6329,1544,3200,1656
6330,1544,3200,1656
6331,1544,3200,1656
6332,1544,3200,1656
6333,1543,3200,1657
6334,1543,3200,1657
6335,1543,3200,1657
6336,1543,3200,1657
6337,1543,3200,1657
6338,1542,3200,1658
6339,1542,3200,1658
6340,1542,3200,1658
6341,1541,3200,1659
6342,1541,3200,1659
6343,1541,3200,1659
6344,1541,3200,1659
6345,1540,3200,1660
6346,1540,3200,1660
6347,1540,3200,1660
6348,1539,3200,1661
6349,1538,3200,1662
6350,1538,3200,1662
6351,1538,3200,1662
6352,1537,3200,1663
6353,1537,3200,1663
6354,1536,3200,1664
6355,1536,3200,1664
6356,1536,3200,1664
6357,1536,3200,1664
6358,1535,3200,1665
6359,1535,3200,1665
6360,1535,3200,1665
6361,1535,3200,1665
6362,1535,3200,1665
6363,1535,3200,1665
6364,1534,3200,1666
6365,1534,3200,1666
6366,1534,3200,1666
6367,1534,3200,1666
6368,1534,3200,1666
6369,1533,3200,1667
6370,1533,3200,1667
6371,1533,3200,1667
6372,1532,3200,1668
6373,1532,3200,1668
6374,1532,3200,1668
6375,1532,3200,1668
6376,1532,3200,1668
6377,1531,3200,1669
6378,1531,3200,1669
6379,1531,3200,1669
6380,1530,3200,1670
6381,1530,3200,1670
6382,1529,3200,1671
6383,1529,3200,1671
6384,1529,3200,1671
6385,1529,3200,1671
6386,1529,3200,1671
6387,1529,3200,1671
6388,1529,3200,1671
6389,1529,3200,1671
6390,1528,3200,1672
6391,1528,3200,1672
6392,1528,3200,1672
6393,1528,3200,1672
6394,1528,3200,1672
6395,1527,3200,1673
6396,1527,3200,1673
6397,1527,3200,1673
6398,1527,3200,1673
6399,1527,3200,1673
6400,1527,3200,1673
6401,1527,3200,1673
6402,1527,3200,1673
6403,1526,3200,1674
6404,1526,3200,1674
6405,1525,3200,1675
6406,1525,3200,1675
6407,1525,3200,1675
6408,1524,3200,1676
6409,1524,3200,1676
6410,1524,3200,1676
6411,1524,3200,1676
6412,1524,3200,1676
6413,1524,3200,1676
6414,1524,3200,1676
6415,1524,3200,1676
6416,1524,3200,1676
6417,1524,3200,1676
6418,1523,3200,1677
6419,1523,3200,1677
6420,1522,3200,1678
6421,1522,3200,1678
6422,1522,3200,1678
6423,1521,3200,1679
6424,1521,3200,1679
6425,1521,3200,1679
6426,1521,3200,1679
6427,1520,3200,1680
6428,1520,3200,1680
6429,1519,3200,1681
6430,1519,3200,1681
6431,1519,3200,1681
6432,1519,3200,1681
6433,1518,3200,1682
6434,1518,3200,1682
6435,1518,3200,1682
6436,1518,3200,1682
6437,1518,3200,1682
6438,1518,3200,1682
6439,1517,3200,1683
6440,1517,3200,1683
6441,1517,3200,1683
6442,1517,3200,1683
6443,1516,3200,1684
6444,1516,3200,1684
6445,1515,3200,1685
6446,1515,3200,1685
6447,1515,3200,1685
6448,1515,3200,1685
6449,1514,3200,1686
6450,1514,3200,1686
6451,1514,3200,1686
6452,1514,3200,1686
6453,1514,3200,1686
6454,1514,3200,1686
6455,1514,3200,1686
6456,1513,3200,1687
6457,1513,3200,1687
6458,1512,3200,1688
6459,1512,3200,1688
6460,1512,3200,1688
6461,1512,3200,1688
6462,1511,3200,1689
6463,1511,3200,1689
6464,1511,3200,1689
6465,1511,3200,1689
6466,1510,3200,1690
6467,1510,3200,1690
6468,1510,3200,1690
6469,1509,3200,1691
6470,1509,3200,1691
6471,1508,3200,1692
6472,1508,3200,1692
6473,1508,3200,1692
6474,1508,3200,1692
6475,1508,3200,1692
6476,1508,3200,1692
6477,1508,3200,1692
6478,1508,3200,1692
6479,1508,3200,1692
6480,1508,3200,1692
6481,1508,3200,1692
6482,1507,3200,1693
6483,1507,3200,1693
6484,1507,3200,1693
6485,1506,3200,1694
6486,1505,3200,1695
6487,1505,3200,1695
6488,1505,3200,1695
6489,1505,3200,1695
6490,1505,3200,1695
6491,1505,3200,1695
6492,1505,3200,1695
6493,1505,3200,1695
6494,1505,3200,1695
6495,1505,3200,1695
6496,1505,3200,1695
6497,1504,3200,1696
6498,1504,3200,1696
6499,1503,3200,1697
6500,1503,3200,1697
6501,1503,3200,1697
6502,1503,3200,1697
6503,1503,3200,1697
6504,1502,3200,1698
6505,1502,3200,1698
6506,1502,3200,1698
6507,1502,3200,1698
6508,1502,3200,1698
6509,1502,3200,1698
6510,1501,3200,1699
6511,1501,3200,1699
6512,1501,3200,1699
6513,1500,3200,1700
6514,1500,3200,1700
6515,1500,3200,1700
6516,1499,3200,1701
6517,1499,3200,1701
6518,1498,3200,1702
6519,1498,3200,1702
6520,1498,3200,1702
6521,1498,3200,1702
6522,1497,3200,1703
6523,1497,3200,1703
6524,1497,3200,1703
6525,1497,3200,1703
6526,1497,3200,1703
6527,1497,3200,1703
6528,1497,3200,1703
6529,1496,3200,1704
6530,1496,3200,1704
6531,1496,3200,1704
6532,1495,3200,1705
6533,1495,3200,1705
6534,1495,3200,1705
6535,1494,3200,1706
6536,1494,3200,1706
6537,1494,3200,1706
6538,1494,3200,1706
6539,1493,3200,1707
6540,1492,3200,1708
6541,1492,3200,1708
6542,1492,3200,1708
6543,1492,3200,1708
6544,1492,3200,1708
6545,1491,3200,1709
6546,1491,3200,1709
6547,1491,3200,1709
6548,1491,3200,1709
6549,1490,3200,1710
6550,1490,3200,1710
6551,1490,3200,1710
6552,1489,3200,1711
6553,1489,3200,1711
6554,1489,3200,1711
6555,1489,3200,1711
6556,1489,3200,1711
6557,1488,3200,1712
6558,1488,3200,1712
6559,1488,3200,1712
6560,1487,3200,1713
6561,1487,3200,1713
6562,1487,3200,1713
6563,1487,3200,1713
6564,1487,3200,1713
6565,1487,3200,1713
6566,1486,3200,1714
6567,1485,3200,1715
6568,1485,3200,1715
6569,1485,3200,1715
6570,1485,3200,1715
6571,1485,3200,1715
6572,1485,3200,1715
6573,1485,3200,1715
6574,1485,3200,1715
6575,1485,3200,1715
6576,1485,3200,1715
6577,1484,3200,1716
6578,1484,3200,1716
6579,1483,3200,1717
6580,1483,3200,1717
6581,1483,3200,1717
6582,1483,3200,1717
6583,1482,3200,1718
6584,1482,3200,1718
6585,1482,3200,1718
6586,1482,3200,1718
6587,1482,3200,1718
6588,1482,3200,1718
6589,1482,3200,1718
6590,1481,3200,1719
6591,1481,3200,1719
6592,1481,3200,1719
6593,1480,3200,1720
6594,1480,3200,1720
6595,1479,3200,1721
6596,1479,3200,1721
6597,1479,3200,1721
6598,1479,3200,1721
6599,1479,3200,1721
6600,1479,3200,1721
6601,1478,3200,1722
6602,1478,3200,1722
6603,1478,3200,1722
6604,1478,3200,1722
6605,1478,3200,1722
6606,1478,3200,1722
6607,1477,3200,1723
6608,1477,3200,1723
6609,1477,3200,1723
6610,1477,3200,1723
6611,1477,3200,1723
6612,1476,3200,1724
6613,1475,3200,1725
6614,1475,3200,1725
6615,1475,3200,1725
6616,1475,3200,1725
6617,1475,3200,1725
6618,1474,3200,1726
6619,1474,3200,1726
6620,1474,3200,1726
6621,1474,3200,1726
6622,1474,3200,1726
6623,1474,3200,1726
6624,1474,3200,1726
6625,1474,3200,1726
6626,1473,3200,1727
6627,1473,3200,1727
6628,1473,3200,1727
6629,1472,3200,1728
6630,1472,3200,1728
6631,1472,3200,1728
6632,1472,3200,1728
6633,1472,3200,1728
6634,1472,3200,1728
6635,1471,3200,1729
6636,1471,3200,1729
6637,1471,3200,1729
6638,1471,3200,1729
6639,1471,3200,1729
6640,1470,3200,1730
6641,1470,3200,1730
6642,1470,3200,1730
6643,1470,3200,1730
6644,1470,3200,1730
6645,1470,3200,1730
6646,1470,3200,1730
6647,1469,3200,1731
6648,1469,3200,1731
6649,1468,3200,1732
6650,1468,3200,1732
6651,1468,3200,1732
6652,1468,3200,1732
6653,1468,3200,1732
6654,1467,3200,1733
6655,1467,3200,1733
6656,1467,3200,1733
6657,1466,3200,1734
6658,1466,3200,1734
6659,1466,3200,1734
6660,1466,3200,1734
6661,1466,3200,1734
6662,1466,3200,1734
6663,1466,3200,1734
6664,1465,3200,1735
6665,1465,3200,1735
6666,1465,3200,1735
6667,1464,3200,1736
6668,1464,3200,1736
6669,1464,3200,1736
6670,1463,3200,1737
6671,1463,3200,1737
6672,1463,3200,1737
6673,1463,3200,1737
6674,1463,3200,1737
6675,1462,3200,1738
6676,1462,3200,1738
6677,1462,3200,1738
6678,1462,3200,1738
6679,1461,3200,1739
6680,1461,3200,1739
6681,1460,3200,1740
6682,1460,3200,1740
6683,1459,3200,1741
6684,1458,3200,1742
6685,1458,3200,1742
6686,1458,3200,1742
6687,1458,3200,1742
6688,1457,3200,1743
6689,1457,3200,1743
6690,1457,3200,1743
6691,1456,3200,1744
6692,1456,3200,1744
6693,1456,3200,1744
6694,1456,3200,1744
6695,1456,3200,1744
6696,1456,3200,1744
6697,1456,3200,1744
6698,1456,3200,1744
6699,1456,3200,1744
6700,1456,3200,1744
6701,1456,3200,1744
6702,1456,3200,1744
6703,1456,3200,1744
6704,1456,3200,1744
6705,1456,3200,1744
6706,1455,3200,1745
6707,1455,3200,1745
6708,1455,3200,1745
6709,1454,3200,1746
6710,1454,3200,1746
6711,1453,3200,1747
6712,1453,3200,1747
6713,1453,3200,1747
6714,1453,3200,1747
6715,1453,3200,1747
6716,1453,3200,1747
6717,1453,3200,1747
6718,1453,3200,1747
6719,1453,3200,1747
6720,1452,3200,1748
6721,1452,3200,1748
6722,1452,3200,1748
6723,1452,3200,1748
6724,1451,3200,1749
6725,1451,3200,1749
6726,1451,3200,1749
6727,1451,3200,1749
6728,1450,3200,1750
6729,1450,3200,1750
6730,1450,3200,1750
6731,1449,3200,1751
6732,1449,3200,1751
6733,1449,3200,1751
6734,1448,3200,1752
6735,1448,3200,1752
6736,1447,3200,1753
6737,1447,3200,1753
6738,1446,3200,1754
6739,1446,3200,1754
6740,1446,3200,1754
6741,1446,3200,1754
6742,1446,3200,1754
6743,1445,3200,1755
6744,1445,3200,1755
6745,1445,3200,1755
6746,1444,3200,1756
6747,1444,3200,1756
6748,1444,3200,1756
6749,1443,3200,1757
6750,1443,3200,1757
6751,1443,3200,1757
6752,1443,3200,1757
6753,1443,3200,1757
6754,1443,3200,1757
6755,1443,3200,1757
6756,1443,3200,1757
6757,1443,3200,1757
6758,1443,3200,1757
6759,1442,3200,1758
6760,1442,3200,1758
6761,1442,3200,1758
6762,1442,3200,1758
6763,1441,3200,1759
6764,1441,3200,1759
6765,1441,3200,1759
6766,1441,3200,1759
6767,1441,3200,1759
6768,1441,3200,1759
6769,1440,3200,1760
6770,1440,3200,1760
6771,1440,3200,1760
6772,1440,3200,1760
6773,1439,3200,1761
6774,1439,3200,1761
6775,1439,3200,1761
6776,1438,3200,1762
6777,1438,3200,1762
6778,1438,3200,1762
6779,1438,3200,1762
6780,1437,3200,1763
6781,1437,3200,1763
6782,1437,3200,1763
6783,1437,3200,1763
6784,1437,3200,1763
6785,1437,3200,1763
6786,1437,3200,1763
6787,1436,3200,1764
6788,1436,3200,1764
6789,1435,3200,1765
6790,1435,3200,1765
6791,1435,3200,1765
6792,1434,3200,1766
6793,1434,3200,1766
6794,1434,3200,1766
6795,1434,3200,1766
6796,1433,3200,1767
6797,1432,3200,1768
6798,1432,3200,1768
6799,1432,3200,1768
6800,1432,3200,1768
6801,1431,3200,1769
6802,1430,3200,1770
6803,1430,3200,1770
6804,1430,3200,1770
6805,1430,3200,1770
6806,1430,3200,1770
6807,1430,3200,1770
6808,1430,3200,1770
6809,1430,3200,1770
6810,1430,3200,1770
6811,1430,3200,1770
6812,1429,3200,1771
6813,1428,3200,1772
6814,1428,3200,1772
6815,1428,3200,1772
6816,1428,3200,1772
6817,1427,3200,1773
6818,1427,3200,1773
6819,1426,3200,1774
6820,1426,3200,1774
6821,1426,3200,1774
6822,1426,3200,1774
6823,1426,3200,1774
6824,1426,3200,1774
6825,1426,3200,1774
6826,1426,3200,1774
6827,1426,3200,1774
6828,1425,3200,1775
6829,1425,3200,1775
6830,1425,3200,1775
6831,1425,3200,1775
6832,1425,3200,1775
6833,1425,3200,1775
6834,1425,3200,1775
6835,1425,3200,1775
6836,1424,3200,1776
6837,1424,3200,1776
6838,1424,3200,1776
6839,1424,3200,1776
6840,1424,3200,1776
6841,1424,3200,1776
6842,1424,3200,1776
6843,1424,3200,1776
6844,1424,3200,1776
6845,1424,3200,1776
6846,1424,3200,1776
6847,1424,3200,1776
6848,1423,3200,1777
6849,1423,3200,1777
6850,1423,3200,1777
6851,1422,3200,1778
6852,1422,3200,1778
6853,1422,3200,1778
6854,1422,3200,1778
6855,1422,3200,1778
6856,1422,3200,1778
6857,1422,3200,1778
6858,1421,3200,1779
6859,1421,3200,1779
6860,1421,3200,1779
6861,1420,3200,1780
6862,1420,3200,1780
6863,1420,3200,1780
6864,1420,3200,1780
6865,1419,3200,1781
6866,1419,3200,1781
6867,1419,3200,1781
6868,1418,3200,1782
6869,1418,3200,1782
6870,1417,3200,1783
6871,1416,3200,1784
6872,1416,3200,1784
6873,1416,3200,1784
6874,1416,3200,1784
6875,1416,3200,1784
6876,1416,3200,1784
6877,1416,3200,1784
6878,1416,3200,1784
6879,1416,3200,1784
6880,1416,3200,1784
6881,1416,3200,1784
6882,1416,3200,1784
6883,1416,3200,1784
6884,1416,3200,1784
6885,1415,3200,1785
6886,1415,3200,1785
6887,1415,3200,1785
6888,1414,3200,1786
6889,1414,3200,1786
6890,1414,3200,1786
6891,1413,3200,1787
6892,1412,3200,1788
6893,1412,3200,1788
6894,1412,3200,1788
6895,1412,3200,1788
6896,1412,3200,1788
6897,1411,3200,1789
6898,1411,3200,1789
6899,1411,3200,1789
6900,1411,3200,1789
6901,1411,3200,1789
6902,1411,3200,1789
6903,1410,3200,1790
6904,1410,3200,1790
6905,1409,3200,1791
6906,1408,3200,1792
6907,1407,3200,1793
6908,1407,3200,1793
6909,1407,3200,1793
6910,1406,3200,1794
6911,1406,3200,1794
6912,1405,3200,1795
6913,1405,3200,1795
6914,1404,3200,1796
6915,1404,3200,1796
6916,1404,3200,1796
6917,1404,3200,1796
6918,1404,3200,1796
6919,1404,3200,1796
6920,1404,3200,1796
6921,1404,3200,1796
6922,1403,3200,1797
6923,1403,3200,1797
6924,1403,3200,1797
6925,1403,3200,1797
6926,1403,3200,1797
6927,1403,3200,1797
6928,1402,3200,1798
6929,1402,3200,1798
6930,1401,3200,1799
6931,1401,3200,1799
6932,1401,3200,1799
6933,1400,3200,1800
6934,1400,3200,1800
6935,1400,3200,1800
6936,1400,3200,1800
6937,1400,3200,1800
6938,1400,3200,1800
6939,1399,3200,1801
6940,1398,3200,1802
6941,1398,3200,1802
6942,1398,3200,1802
6943,1398,3200,1802
6944,1398,3200,1802
6945,1398,3200,1802
6946,1398,3200,1802
6947,1398,3200,1802
6948,1398,3200,1802
6949,1398,3200,1802
6950,1398,3200,1802
6951,1398,3200,1802
6952,1398,3200,1802
6953,1398,3200,1802
6954,1398,3200,1802
6955,1398,3200,1802
6956,1397,3200,1803
6957,1397,3200,1803
6958,1397,3200,1803
6959,1396,3200,1804
6960,1396,3200,1804
6961,1396,3200,1804
6962,1395,3200,1805
6963,1395,3200,1805
6964,1394,3200,1806
6965,1394,3200,1806
6966,1394,3200,1806
6967,1393,3200,1807
6968,1393,3200,1807
6969,1393,3200,1807
6970,1393,3200,1807
6971,1393,3200,1807
6972,1393,3200,1807
6973,1393,3200,1807
6974,1393,3200,1807
6975,1393,3200,1807
6976,1393,3200,1807
6977,1393,3200,1807
6978,1393,3200,1807
6979,1392,3200,1808
6980,1392,3200,1808
6981,1392,3200,1808
6982,1392,3200,1808
6983,1392,3200,1808
6984,1391,3200,1809
6985,1391,3200,1809
6986,1390,3200,1810
6987,1390,3200,1810
6988,1390,3200,1810
6989,1390,3200,1810
6990,1390,3200,1810
6991,1390,3200,1810
6992,1390,3200,1810
6993,1389,3200,1811
6994,1389,3200,1811
6995,1389,3200,1811
6996,1389,3200,1811
6997,1389,3200,1811
6998,1389,3200,1811
6999,1388,3200,1812
7000,1388,3200,1812
7001,1387,3200,1813
7002,1387,3200,1813
7003,1387,3200,1813
7004,1387,3200,1813
7005,1386,3200,1814
7006,1386,3200,1814
7007,1386,3200,1814
7008,1386,3200,1814
7009,1386,3200,1814
7010,1385,3200,1815
7011,1385,3200,1815
7012,1385,3200,1815
7013,1384,3200,1816
7014,1384,3200,1816
7015,1383,3200,1817
7016,1383,3200,1817
7017,1382,3200,1818
7018,1381,3200,1819
7019,1381,3200,1819
7020,1381,3200,1819
7021,1381,3200,1819
7022,1381,3200,1819
7023,1381,3200,1819
7024,1381,3200,1819
7025,1381,3200,1819
7026,1381,3200,1819
7027,1381,3200,1819
7028,1381,3200,1819
7029,1381,3200,1819
7030,1380,3200,1820
7031,1380,3200,1820
7032,1379,3200,1821
7033,1379,3200,1821
7034,1379,3200,1821
7035,1379,3200,1821
7036,1378,3200,1822
7037,1378,3200,1822
7038,1378,3200,1822
7039,1377,3200,1823
7040,1377,3200,1823
7041,1376,3200,1824
7042,1376,3200,1824
7043,1376,3200,1824
7044,1376,3200,1824
7045,1375,3200,1825
7046,1375,3200,1825
7047,1375,3200,1825
7048,1375,3200,1825
7049,1374,3200,1826
7050,1374,3200,1826
7051,1374,3200,1826
7052,1373,3200,1827
7053,1373,3200,1827
7054,1372,3200,1828
7055,1372,3200,1828
7056,1372,3200,1828
7057,1372,3200,1828
7058,1372,3200,1828
7059,1372,3200,1828
7060,1371,3200,1829
7061,1371,3200,1829
7062,1371,3200,1829
7063,1371,3200,1829
7064,1371,3200,1829
7065,1371,3200,1829
7066,1370,3200,1830
7067,1370,3200,1830
7068,1370,3200,1830
7069,1370,3200,1830
7070,1369,3200,1831
7071,1369,3200,1831
7072,1369,3200,1831
7073,1368,3200,1832
7074,1368,3200,1832
7075,1368,3200,1832
7076,1368,3200,1832
7077,1367,3200,1833
7078,1367,3200,1833
7079,1367,3200,1833
7080,1366,3200,1834
7081,1366,3200,1834
7082,1366,3200,1834
7083,1366,3200,1834
7084,1366,3200,1834
7085,1366,3200,1834
7086,1366,3200,1834
7087,1366,3200,1834
7088,1366,3200,1834
7089,1366,3200,1834
7090,1366,3200,1834
7091,1365,3200,1835
7092,1365,3200,1835
7093,1364,3200,1836
7094,1364,3200,1836
7095,1364,3200,1836
7096,1363,3200,1837
7097,1363,3200,1837
7098,1363,3200,1837
7099,1363,3200,1837
7100,1363,3200,1837
7101,1363,3200,1837
7102,1363,3200,1837
7103,1363,3200,1837
7104,1363,3200,1837
7105,1362,3200,1838
7106,1362,3200,1838
7107,1362,3200,1838
7108,1361,3200,1839
7109,1361,3200,1839
7110,1360,3200,1840
7111,1360,3200,1840
7112,1360,3200,1840
7113,1359,3200,1841
7114,1358,3200,1842
7115,1358,3200,1842
7116,1358,3200,1842
7117,1358,3200,1842
7118,1358,3200,1842
7119,1358,3200,1842
7120,1358,3200,1842
7121,1358,3200,1842
7122,1358,3200,1842
7123,1358,3200,1842
7124,1358,3200,1842
7125,1357,3200,1843
7126,1357,3200,1843
7127,1356,3200,1844
7128,1356,3200,1844
7129,1356,3200,1844
7130,1355,3200,1845
7131,1355,3200,1845
7132,1355,3200,1845
7133,1354,3200,1846
7134,1354,3200,1846
7135,1354,3200,1846
7136,1354,3200,1846
7137,1353,3200,1847
7138,1353,3200,1847
7139,1353,3200,1847
7140,1353,3200,1847
7141,1353,3200,1847
7142,1353,3200,1847
7143,1353,3200,1847
7144,1352,3200,1848
7145,1352,3200,1848
7146,1352,3200,1848
7147,1352,3200,1848
7148,1352,3200,1848
7149,1352,3200,1848
7150,1352,3200,1848
7151,1351,3200,1849
7152,1351,3200,1849
7153,1351,3200,1849
7154,1351,3200,1849
7155,1351,3200,1849
7156,1350,3200,1850
7157,1350,3200,1850
7158,1350,3200,1850
7159,1349,3200,1851
7160,1349,3200,1851
7161,1349,3200,1851
7162,1348,3200,1852
7163,1348,3200,1852
7164,1347,3200,1853
7165,1347,3200,1853
7166,1346,3200,1854
7167,1346,3200,1854
7168,1346,3200,1854
7169,1346,3200,1854
7170,1346,3200,1854
7171,1345,3200,1855
7172,1345,3200,1855
7173,1345,3200,1855
7174,1345,3200,1855
7175,1344,3200,1856
7176,1344,3200,1856
7177,1344,3200,1856
7178,1344,3200,1856
7179,1344,3200,1856
7180,1344,3200,1856
7181,1344,3200,1856
7182,1344,3200,1856
7183,1343,3200,1857
7184,1343,3200,1857
7185,1343,3200,1857
7186,1342,3200,1858
7187,1342,3200,1858
7188,1342,3200,1858
7189,1342,3200,1858
7190,1341,3200,1859
7191,1341,3200,1859
7192,1340,3200,1860
7193,1339,3200,1861
7194,1339,3200,1861
7195,1339,3200,1861
7196,1339,3200,1861
7197,1339,3200,1861
7198,1338,3200,1862
7199,1338,3200,1862
7200,1338,3200,1862
7201,1338,3200,1862
7202,1338,3200,1862
7203,1338,3200,1862
7204,1338,3200,1862
7205,1337,3200,1863
7206,1337,3200,1863
7207,1336,3200,1864
7208,1336,3200,1864
7209,1336,3200,1864
7210,1335,3200,1865
7211,1335,3200,1865
7212,1335,3200,1865
7213,1335,3200,1865
7214,1334,3200,1866
7215,1334,3200,1866
7216,1334,3200,1866
7217,1334,3200,1866
7218,1334,3200,1866
7219,1334,3200,1866
7220,1334,3200,1866
7221,1334,3200,1866
7222,1334,3200,1866
7223,1333,3200,1867
7224,1333,3200,1867
7225,1333,3200,1867
7226,1332,3200,1868
7227,1332,3200,1868
7228,1332,3200,1868
7229,1332,3200,1868
7230,1331,3200,1869
7231,1331,3200,1869
7232,1330,3200,1870
7233,1330,3200,1870
7234,1330,3200,1870
7235,1329,3200,1871
7236,1329,3200,1871
7237,1329,3200,1871
7238,1328,3200,1872
7239,1328,3200,1872
7240,1328,3200,1872
7241,1327,3200,1873
7242,1327,3200,1873
7243,1327,3200,1873
7244,1327,3200,1873
7245,1327,3200,1873
7246,1327,3200,1873
7247,1327,3200,1873
7248,1327,3200,1873
7249,1327,3200,1873
7250,1327,3200,1873
7251,1326,3200,1874
7252,1326,3200,1874
7253,1326,3200,1874
7254,1326,3200,1874
7255,1326,3200,1874
7256,1325,3200,1875
7257,1325,3200,1875
7258,1325,3200,1875
7259,1325,3200,1875
7260,1325,3200,1875
7261,1325,3200,1875
7262,1325,3200,1875
7263,1325,3200,1875
7264,1324,3200,1876
7265,1324,3200,1876
7266,1324,3200,1876
7267,1324,3200,1876
7268,1324,3200,1876
7269,1324,3200,1876
7270,1324,3200,1876
7271,1324,3200,1876
7272,1324,3200,1876
7273,1324,3200,1876
7274,1323,3200,1877
7275,1323,3200,1877
7276,1323,3200,1877
7277,1322,3200,1878
7278,1322,3200,1878
7279,1322,3200,1878
7280,1321,3200,1879
7281,1321,3200,1879
7282,1321,3200,1879
7283,1320,3200,1880
7284,1320,3200,1880
7285,1320,3200,1880
7286,1319,3200,1881
7287,1319,3200,1881
7288,1319,3200,1881
7289,1318,3200,1882
7290,1318,3200,1882
7291,1318,3200,1882
7292,1318,3200,1882
7293,1318,3200,1882
7294,1318,3200,1882
7295,1317,3200,1883
7296,1317,3200,1883
7297,1316,3200,1884
7298,1316,3200,1884
7299,1316,3200,1884
7300,1315,3200,1885
7301,1315,3200,1885
7302,1315,3200,1885
7303,1315,3200,1885
7304,1314,3200,1886
7305,1314,3200,1886
7306,1313,3200,1887
7307,1313,3200,1887
7308,1313,3200,1887
7309,1313,3200,1887
7310,1312,3200,1888
7311,1312,3200,1888
7312,1311,3200,1889
7313,1311,3200,1889
7314,1311,3200,1889
7315,1311,3200,1889
7316,1311,3200,1889
7317,1311,3200,1889
7318,1311,3200,1889
7319,1310,3200,1890
7320,1309,3200,1891
7321,1309,3200,1891
7322,1309,3200,1891
7323,1309,3200,1891
7324,1309,3200,1891
7325,1309,3200,1891
7326,1309,3200,1891
7327,1309,3200,1891
7328,1309,3200,1891
7329,1309,3200,1891
7330,1308,3200,1892
7331,1308,3200,1892
7332,1308,3200,1892
7333,1308,3200,1892
7334,1308,3200,1892
7335,1308,3200,1892
7336,1307,3200,1893
7337,1307,3200,1893
7338,1307,3200,1893
7339,1306,3200,1894
7340,1306,3200,1894
7341,1306,3200,1894
7342,1306,3200,1894
7343,1306,3200,1894
7344,1305,3200,1895
7345,1305,3200,1895
7346,1305,3200,1895
7347,1305,3200,1895
7348,1304,3200,1896
7349,1304,3200,1896
7350,1303,3200,1897
7351,1303,3200,1897
7352,1303,3200,1897
7353,1302,3200,1898
7354,1302,3200,1898
7355,1302,3200,1898
7356,1302,3200,1898
7357,1301,3200,1899
7358,1301,3200,1899
7359,1301,3200,1899
7360,1301,3200,1899
7361,1301,3200,1899
7362,1301,3200,1899
7363,1300,3200,1900
7364,1299,3200,1901
7365,1299,3200,1901
7366,1299,3200,1901
7367,1299,3200,1901
7368,1298,3200,1902
7369,1298,3200,1902
7370,1298,3200,1902
7371,1297,3200,1903
7372,1297,3200,1903
7373,1297,3200,1903
7374,1297,3200,1903
7375,1297,3200,1903
7376,1297,3200,1903
7377,1296,3200,1904
7378,1296,3200,1904
7379,1296,3200,1904
7380,1296,3200,1904
7381,1296,3200,1904
7382,1296,3200,1904
7383,1296,3200,1904
7384,1296,3200,1904
7385,1296,3200,1904
7386,1296,3200,1904
7387,1296,3200,1904
7388,1296,3200,1904
7389,1296,3200,1904
7390,1296,3200,1904
7391,1296,3200,1904
7392,1296,3200,1904
7393,1296,3200,1904
7394,1295,3200,1905
7395,1295,3200,1905
7396,1294,3200,1906
7397,1294,3200,1906
7398,1294,3200,1906
7399,1294,3200,1906
7400,1293,3200,1907
7401,1293,3200,1907
7402,1292,3200,1908
7403,1292,3200,1908
7404,1292,3200,1908
7405,1292,3200,1908
7406,1292,3200,1908
7407,1292,3200,1908
7408,1291,3200,1909
7409,1290,3200,1910
7410,1290,3200,1910
7411,1290,3200,1910
7412,1290,3200,1910
7413,1290,3200,1910
7414,1290,3200,1910
7415,1289,3200,1911
7416,1289,3200,1911
7417,1289,3200,1911
7418,1288,3200,1912
7419,1288,3200,1912
7420,1288,3200,1912
7421,1288,3200,1912
7422,1288,3200,1912
7423,1288,3200,1912
7424,1288,3200,1912
7425,1287,3200,1913
7426,1287,3200,1913
7427,1287,3200,1913
7428,1287,3200,1913
7429,1286,3200,1914
7430,1286,3200,1914
7431,1285,3200,1915
7432,1285,3200,1915
7433,1285,3200,1915
7434,1284,3200,1916
7435,1284,3200,1916
7436,1283,3200,1917
7437,1283,3200,1917
7438,1283,3200,1917
7439,1283,3200,1917
7440,1282,3200,1918
7441,1282,3200,1918
7442,1282,3200,1918
7443,1282,3200,1918
7444,1281,3200,1919
7445,1281,3200,1919
7446,1281,3200,1919
7447,1281,3200,1919
7448,1280,3200,1920
7449,1280,3200,1920
7450,1280,3200,1920
7451,1280,3200,1920
7452,1280,3200,1920
7453,1279,3200,1921
7454,1279,3200,1921
7455,1279,3200,1921
7456,1278,3200,1922
7457,1278,3200,1922
7458,1278,3200,1922
7459,1278,3200,1922
7460,1277,3200,1923
7461,1277,3200,1923
7462,1277,3200,1923
7463,1277,3200,1923
7464,1277,3200,1923
7465,1276,3200,1924
7466,1276,3200,1924
7467,1276,3200,1924
7468,1276,3200,1924
7469,1276,3200,1924
7470,1276,3200,1924
7471,1276,3200,1924
7472,1276,3200,1924
7473,1276,3200,1924
7474,1275,3200,1925
7475,1275,3200,1925
7476,1275,3200,1925
7477,1275,3200,1925
7478,1275,3200,1925
7479,1274,3200,1926
7480,1274,3200,1926
7481,1274,3200,1926
7482,1274,3200,1926
7483,1274,3200,1926
7484,1273,3200,1927
7485,1273,3200,1927
7486,1272,3200,1928
7487,1272,3200,1928
7488,1272,3200,1928
7489,1271,3200,1929
7490,1271,3200,1929
7491,1271,3200,1929
7492,1271,3200,1929
7493,1271,3200,1929
7494,1271,3200,1929
7495,1270,3200,1930
7496,1270,3200,1930
7497,1269,3200,1931
7498,1269,3200,1931
7499,1268,3200,1932
7500,1268,3200,1932
7501,1268,3200,1932
7502,1268,3200,1932
7503,1267,3200,1933
7504,1267,3200,1933
7505,1267,3200,1933
7506,1267,3200,1933
7507,1267,3200,1933
7508,1267,3200,1933
7509,1267,3200,1933
7510,1267,3200,1933
7511,1267,3200,1933
7512,1266,3200,1934
7513,1266,3200,1934
7514,1265,3200,1935
7515,1265,3200,1935
7516,1265,3200,1935
7517,1264,3200,1936
7518,1264,3200,1936
7519,1263,3200,1937
7520,1263,3200,1937
7521,1263,3200,1937
7522,1263,3200,1937
7523,1263,3200,1937
7524,1263,3200,1937
7525,1263,3200,1937
7526,1263,3200,1937
7527,1263,3200,1937
7528,1263,3200,1937
7529,1262,3200,1938
7530,1262,3200,1938
7531,1261,3200,1939
7532,1261,3200,1939
7533,1261,3200,1939
7534,1261,3200,1939
7535,1260,3200,1940
7536,1260,3200,1940
7537,1260,3200,1940
7538,1259,3200,1941
7539,1259,3200,1941
7540,1258,3200,1942
7541,1258,3200,1942
7542,1258,3200,1942
7543,1257,3200,1943
7544,1257,3200,1943
7545,1257,3200,1943
7546,1257,3200,1943
7547,1257,3200,1943
7548,1257,3200,1943
7549,1257,3200,1943
7550,1257,3200,1943
7551,1257,3200,1943
7552,1257,3200,1943
7553,1257,3200,1943
7554,1257,3200,1943
7555,1256,3200,1944
7556,1256,3200,1944
7557,1256,3200,1944
7558,1255,3200,1945
7559,1255,3200,1945
7560,1255,3200,1945
7561,1255,3200,1945
7562,1254,3200,1946
7563,1254,3200,1946
7564,1253,3200,1947
7565,1253,3200,1947
7566,1253,3200,1947
7567,1252,3200,1948
7568,1252,3200,1948
7569,1252,3200,1948
7570,1251,3200,1949
7571,1251,3200,1949
7572,1251,3200,1949
7573,1251,3200,1949
7574,1251,3200,1949
7575,1251,3200,1949
7576,1251,3200,1949
7577,1250,3200,1950
7578,1250,3200,1950
7579,1250,3200,1950
7580,1250,3200,1950
7581,1249,3200,1951
7582,1249,3200,1951
7583,1249,3200,1951
7584,1248,3200,1952
7585,1248,3200,1952
7586,1248,3200,1952
7587,1247,3200,1953
7588,1247,3200,1953
7589,1247,3200,1953
7590,1247,3200,1953
7591,1247,3200,1953
7592,1246,3200,1954
7593,1246,3200,1954
7594,1246,3200,1954
7595,1246,3200,1954
7596,1246,3200,1954
7597,1246,3200,1954
7598,1246,3200,1954
7599,1246,3200,1954
7600,1245,3200,1955
7601,1245,3200,1955
7602,1244,3200,1956
7603,1244,3200,1956
7604,1244,3200,1956
7605,1243,3200,1957
7606,1243,3200,1957
7607,1243,3200,1957
7608,1243,3200,1957
7609,1243,3200,1957
7610,1243,3200,1957
7611,1243,3200,1957
7612,1242,3200,1958
7613,1242,3200,1958
7614,1242,3200,1958
7615,1242,3200,1958
7616,1242,3200,1958
7617,1242,3200,1958
7618,1242,3200,1958
7619,1242,3200,1958
7620,1242,3200,1958
7621,1241,3200,1959
7622,1241,3200,1959
7623,1240,3200,1960
7624,1240,3200,1960
7625,1240,3200,1960
7626,1239,3200,1961
7627,1239,3200,1961
7628,1239,3200,1961
7629,1238,3200,1962
7630,1238,3200,1962
7631,1238,3200,1962
7632,1238,3200,1962
7633,1238,3200,1962
7634,1238,3200,1962
7635,1237,3200,1963
7636,1237,3200,1963
7637,1236,3200,1964
7638,1236,3200,1964
7639,1236,3200,1964
7640,1236,3200,1964
7641,1236,3200,1964
7642,1235,3200,1965
7643,1235,3200,1965
7644,1234,3200,1966
7645,1234,3200,1966
7646,1234,3200,1966
7647,1234,3200,1966
7648,1233,3200,1967
7649,1233,3200,1967
7650,1233,3200,1967
7651,1233,3200,1967
7652,1232,3200,1968
7653,1232,3200,1968
7654,1232,3200,1968
7655,1232,3200,1968
7656,1232,3200,1968
7657,1232,3200,1968
7658,1232,3200,1968
7659,1232,3200,1968
7660,1232,3200,1968
7661,1232,3200,1968
7662,1231,3200,1969
7663,1231,3200,1969
7664,1231,3200,1969
7665,1230,3200,1970
7666,1230,3200,1970
7667,1230,3200,1970
7668,1230,3200,1970
7669,1230,3200,1970
7670,1230,3200,1970
7671,1229,3200,1971
7672,1229,3200,1971
7673,1229,3200,1971
7674,1228,3200,1972
7675,1228,3200,1972
7676,1227,3200,1973
7677,1227,3200,1973
7678,1227,3200,1973
7679,1227,3200,1973
7680,1227,3200,1973
7681,1227,3200,1973
7682,1226,3200,1974
7683,1226,3200,1974
7684,1226,3200,1974
7685,1226,3200,1974
7686,1226,3200,1974
7687,1226,3200,1974
7688,1226,3200,1974
7689,1225,3200,1975
7690,1225,3200,1975
7691,1225,3200,1975
7692,1225,3200,1975
7693,1225,3200,1975
7694,1225,3200,1975
7695,1224,3200,1976
7696,1224,3200,1976
7697,1224,3200,1976
7698,1223,3200,1977
7699,1223,3200,1977
7700,1223,3200,1977
7701,1223,3200,1977
7702,1222,3200,1978
7703,1222,3200,1978
7704,1222,3200,1978
7705,1221,3200,1979
7706,1220,3200,1980
7707,1220,3200,1980
7708,1220,3200,1980
7709,1220,3200,1980
7710,1219,3200,1981
7711,1219,3200,1981
7712,1219,3200,1981
7713,1218,3200,1982
7714,1218,3200,1982
7715,1218,3200,1982
7716,1218,3200,1982
7717,1218,3200,1982
7718,1217,3200,1983
7719,1217,3200,1983
7720,1217,3200,1983
7721,1217,3200,1983
7722,1217,3200,1983
7723,1217,3200,1983
7724,1216,3200,1984
7725,1216,3200,1984
7726,1216,3200,1984
7727,1216,3200,1984
7728,1215,3200,1985
7729,1215,3200,1985
7730,1215,3200,1985
7731,1214,3200,1986
7732,1213,3200,1987
7733,1213,3200,1987
7734,1213,3200,1987
7735,1213,3200,1987
7736,1213,3200,1987
7737,1213,3200,1987
7738,1213,3200,1987
7739,1213,3200,1987
7740,1213,3200,1987
7741,1213,3200,1987
7742,1213,3200,1987
7743,1213,3200,1987
7744,1213,3200,1987
7745,1212,3200,1988
7746,1211,3200,1989
7747,1211,3200,1989
7748,1211,3200,1989
7749,1211,3200,1989
7750,1211,3200,1989
7751,1210,3200,1990
7752,1210,3200,1990
7753,1209,3200,1991
7754,1209,3200,1991
7755,1208,3200,1992
7756,1208,3200,1992
7757,1208,3200,1992
7758,1207,3200,1993
7759,1207,3200,1993
7760,1206,3200,1994
7761,1206,3200,1994
7762,1206,3200,1994
7763,1206,3200,1994
7764,1206,3200,1994
7765,1206,3200,1994
7766,1206,3200,1994
7767,1206,3200,1994
7768,1206,3200,1994
7769,1206,3200,1994
7770,1205,3200,1995
7771,1205,3200,1995
7772,1204,3200,1996
7773,1204,3200,1996
7774,1204,3200,1996
7775,1204,3200,1996
7776,1204,3200,1996
7777,1204,3200,1996
7778,1204,3200,1996
7779,1204,3200,1996
7780,1204,3200,1996
7781,1204,3200,1996
7782,1204,3200,1996
7783,1204,3200,1996
7784,1204,3200,1996
7785,1203,3200,1997
7786,1203,3200,1997
7787,1202,3200,1998
7788,1202,3200,1998
7789,1202,3200,1998
7790,1201,3200,1999
7791,1201,3200,1999
7792,1200,3200,2000
7793,1200,3200,2000
7794,1200,3200,2000
7795,1200,3200,2000
7796,1200,3200,2000
7797,1199,3200,2001
7798,1198,3200,2002
7799,1198,3200,2002
7800,1198,3200,2002
7801,1198,3200,2002
7802,1197,3200,2003
7803,1197,3200,2003
7804,1197,3200,2003
7805,1197,3200,2003
7806,1196,3200,2004
7807,1196,3200,2004
7808,1196,3200,2004
7809,1196,3200,2004
7810,1195,3200,2005
7811,1195,3200,2005
7812,1194,3200,2006
7813,1194,3200,2006
7814,1194,3200,2006
7815,1194,3200,2006
7816,1194,3200,2006
7817,1193,3200,2007
7818,1193,3200,2007
7819,1193,3200,2007
7820,1192,3200,2008
7821,1192,3200,2008
7822,1192,3200,2008
7823,1192,3200,2008
7824,1192,3200,2008
7825,1192,3200,2008
7826,1192,3200,2008
7827,1192,3200,2008
7828,1191,3200,2009
7829,1190,3200,2010
7830,1190,3200,2010
7831,1190,3200,2010
7832,1190,3200,2010
7833,1189,3200,2011
7834,1188,3200,2012
7835,1188,3200,2012
7836,1188,3200,2012
7837,1188,3200,2012
7838,1187,3200,2013
7839,1187,3200,2013
7840,1187,3200,2013
7841,1187,3200,2013
7842,1187,3200,2013
7843,1187,3200,2013
7844,1187,3200,2013
7845,1187,3200,2013
7846,1186,3200,2014
7847,1185,3200,2015
7848,1185,3200,2015
7849,1185,3200,2015
7850,1185,3200,2015
7851,1184,3200,2016
7852,1184,3200,2016
7853,1184,3200,2016
7854,1184,3200,2016
7855,1184,3200,2016
7856,1183,3200,2017
7857,1183,3200,2017
7858,1183,3200,2017
7859,1183,3200,2017
7860,1183,3200,2017
7861,1183,3200,2017
7862,1182,3200,2018
7863,1182,3200,2018
7864,1182,3200,2018
7865,1182,3200,2018
7866,1182,3200,2018
7867,1182,3200,2018
7868,1182,3200,2018
7869,1182,3200,2018
7870,1182,3200,2018
7871,1182,3200,2018
7872,1182,3200,2018
7873,1182,3200,2018
7874,1181,3200,2019
7875,1181,3200,2019
7876,1180,3200,2020
7877,1180,3200,2020
7878,1180,3200,2020
7879,1179,3200,2021
7880,1179,3200,2021
7881,1179,3200,2021
7882,1178,3200,2022
7883,1178,3200,2022
7884,1178,3200,2022
7885,1178,3200,2022
7886,1178,3200,2022
7887,1178,3200,2022
7888,1177,3200,2023
7889,1177,3200,2023
7890,1177,3200,2023
7891,1176,3200,2024
7892,1176,3200,2024
7893,1176,3200,2024
7894,1176,3200,2024
7895,1175,3200,2025
7896,1175,3200,2025
7897,1174,3200,2026
7898,1174,3200,2026
7899,1174,3200,2026
7900,1174,3200,2026
7901,1174,3200,2026
7902,1174,3200,2026
7903,1173,3200,2027
7904,1173,3200,2027
7905,1173,3200,2027
7906,1173,3200,2027
7907,1172,3200,2028
7908,1172,3200,2028
7909,1172,3200,2028
7910,1171,3200,2029
7911,1171,3200,2029
7912,1170,3200,2030
7913,1170,3200,2030
7914,1170,3200,2030
7915,1170,3200,2030
7916,1170,3200,2030
7917,1169,3200,2031
7918,1169,3200,2031
7919,1169,3200,2031
7920,1169,3200,2031
7921,1168,3200,2032
7922,1168,3200,2032
7923,1167,3200,2033
7924,1167,3200,2033
7925,1167,3200,2033
7926,1167,3200,2033
7927,1167,3200,2033
7928,1167,3200,2033
7929,1167,3200,2033
7930,1167,3200,2033
7931,1167,3200,2033
7932,1167,3200,2033
7933,1166,3200,2034
7934,1166,3200,2034
7935,1166,3200,2034
7936,1166,3200,2034
7937,1166,3200,2034
7938,1165,3200,2035
7939,1165,3200,2035
7940,1165,3200,2035
7941,1165,3200,2035
7942,1165,3200,2035
7943,1164,3200,2036
7944,1164,3200,2036
7945,1163,3200,2037
7946,1163,3200,2037
7947,1163,3200,2037
7948,1162,3200,2038
7949,1161,3200,2039
7950,1161,3200,2039
7951,1161,3200,2039
7952,1161,3200,2039
7953,1161,3200,2039
7954,1161,3200,2039
7955,1161,3200,2039
7956,1161,3200,2039
7957,1161,3200,2039
7958,1161,3200,2039
7959,1160,3200,2040
7960,1159,3200,2041
7961,1159,3200,2041
7962,1159,3200,2041
7963,1159,3200,2041
7964,1159,3200,2041
7965,1159,3200,2041
7966,1159,3200,2041
7967,1159,3200,2041
7968,1159,3200,2041
7969,1159,3200,2041
7970,1158,3200,2042
7971,1157,3200,2043
7972,1157,3200,2043
7973,1157,3200,2043
7974,1157,3200,2043
7975,1157,3200,2043
7976,1157,3200,2043
7977,1157,3200,2043
7978,1157,3200,2043
7979,1156,3200,2044
7980,1156,3200,2044
7981,1155,3200,2045
7982,1155,3200,2045
7983,1155,3200,2045
7984,1155,3200,2045
7985,1154,3200,2046
7986,1154,3200,2046
7987,1154,3200,2046
7988,1154,3200,2046
7989,1154,3200,2046
7990,1154,3200,2046
7991,1154,3200,2046
7992,1154,3200,2046
7993,1154,3200,2046
7994,1153,3200,2047
7995,1152,3200,2048
7996,1152,3200,2048
7997,1152,3200,2048
7998,1151,3200,2049
7999,1151,3200,2049
8000,1151,3200,2049
8001,1150,3200,2050
8002,1150,3200,2050
8003,1150,3200,2050
8004,1150,3200,2050
8005,1149,3200,2051
8006,1149,3200,2051
8007,1149,3200,2051
8008,1149,3200,2051
8009,1149,3200,2051
8010,1149,3200,2051
8011,1149,3200,2051
8012,1148,3200,2052
8013,1148,3200,2052
8014,1147,3200,2053
8015,1147,3200,2053
8016,1147,3200,2053
8017,1147,3200,2053
8018,1146,3200,2054
8019,1146,3200,2054
8020,1145,3200,2055
8021,1145,3200,2055
8022,1145,3200,2055
8023,1145,3200,2055
8024,1144,3200,2056
8025,1144,3200,2056
8026,1144,3200,2056
8027,1143,3200,2057
8028,1143,3200,2057
8029,1143,3200,2057
8030,1143,3200,2057
8031,1143,3200,2057
8032,1143,3200,2057
8033,1143,3200,2057
8034,1143,3200,2057
8035,1142,3200,2058
8036,1142,3200,2058
8037,1142,3200,2058
8038,1141,3200,2059
8039,1140,3200,2060
8040,1140,3200,2060
8041,1140,3200,2060
8042,1140,3200,2060
8043,1140,3200,2060
8044,1140,3200,2060
8045,1140,3200,2060
8046,1140,3200,2060
8047,1140,3200,2060
8048,1140,3200,2060
8049,1139,3200,2061
8050,1138,3200,2062
8051,1138,3200,2062
8052,1138,3200,2062
8053,1138,3200,2062
8054,1138,3200,2062
8055,1138,3200,2062
8056,1137,3200,2063
8057,1137,3200,2063
8058,1137,3200,2063
8059,1137,3200,2063
8060,1136,3200,2064
8061,1136,3200,2064
8062,1136,3200,2064
8063,1135,3200,2065
8064,1135,3200,2065
8065,1135,3200,2065
8066,1135,3200,2065
8067,1135,3200,2065
8068,1135,3200,2065
8069,1135,3200,2065
8070,1135,3200,2065
8071,1134,3200,2066
8072,1134,3200,2066
8073,1134,3200,2066
8074,1133,3200,2067
8075,1133,3200,2067
8076,1133,3200,2067
8077,1132,3200,2068
8078,1132,3200,2068
8079,1131,3200,2069
8080,1131,3200,2069
8081,1130,3200,2070
8082,1130,3200,2070
8083,1130,3200,2070
8084,1130,3200,2070
8085,1129,3200,2071
8086,1129,3200,2071
8087,1129,3200,2071
8088,1129,3200,2071
8089,1129,3200,2071
8090,1129,3200,2071
8091,1129,3200,2071
8092,1129,3200,2071
8093,1129,3200,2071
8094,1128,3200,2072
8095,1128,3200,2072
8096,1127,3200,2073
8097,1127,3200,2073
8098,1127,3200,2073
8099,1127,3200,2073
8100,1126,3200,2074
8101,1126,3200,2074
8102,1126,3200,2074
8103,1126,3200,2074
8104,1125,3200,2075
8105,1125,3200,2075
8106,1124,3200,2076
8107,1124,3200,2076
8108,1124,3200,2076
8109,1123,3200,2077
8110,1123,3200,2077
8111,1123,3200,2077
8112,1123,3200,2077
8113,1123,3200,2077
8114,1123,3200,2077
8115,1122,3200,2078
8116,1121,3200,2079
8117,1121,3200,2079
8118,1121,3200,2079
8119,1120,3200,2080
8120,1120,3200,2080
8121,1119,3200,2081
8122,1119,3200,2081
8123,1119,3200,2081
8124,1119,3200,2081
8125,1118,3200,2082
8126,1118,3200,2082
8127,1118,3200,2082
8128,1118,3200,2082
8129,1118,3200,2082
8130,1118,3200,2082
8131,1118,3200,2082
8132,1118,3200,2082
8133,1118,3200,2082
8134,1117,3200,2083
8135,1117,3200,2083
8136,1117,3200,2083
8137,1116,3200,2084
8138,1116,3200,2084
8139,1116,3200,2084
8140,1116,3200,2084
8141,1116,3200,2084
8142,1116,3200,2084
8143,1116,3200,2084
8144,1116,3200,2084
8145,1116,3200,2084
8146,1115,3200,2085
8147,1115,3200,2085
8148,1114,3200,2086
8149,1114,3200,2086
8150,1113,3200,2087
8151,1113,3200,2087
8152,1113,3200,2087
8153,1113,3200,2087
8154,1113,3200,2087
8155,1113,3200,2087
8156,1112,3200,2088
8157,1112,3200,2088
8158,1112,3200,2088
8159,1112,3200,2088
8160,1112,3200,2088
8161,1112,3200,2088
8162,1112,3200,2088
8163,1112,3200,2088
8164,1111,3200,2089
8165,1111,3200,2089
8166,1111,3200,2089
8167,1110,3200,2090
8168,1110,3200,2090
8169,1110,3200,2090
8170,1110,3200,2090
8171,1109,3200,2091
8172,1109,3200,2091
8173,1109,3200,2091
8174,1109,3200,2091
8175,1109,3200,2091
8176,1108,3200,2092
8177,1108,3200,2092
8178,1107,3200,2093
8179,1107,3200,2093
8180,1106,3200,2094
8181,1106,3200,2094
8182,1105,3200,2095
8183,1105,3200,2095
8184,1104,3200,2096
8185,1104,3200,2096
8186,1104,3200,2096
8187,1104,3200,2096
8188,1104,3200,2096
8189,1104,3200,2096
8190,1104,3200,2096
8191,1103,3200,2097
8192,1103,3200,2097
8193,1102,3200,2098
8194,1102,3200,2098
8195,1102,3200,2098
8196,1102,3200,2098
8197,1102,3200,2098
8198,1102,3200,2098
8199,1101,3200,2099
8200,1101,3200,2099
8201,1101,3200,2099
8202,1101,3200,2099
8203,1101,3200,2099
8204,1100,3200,2100
8205,1100,3200,2100
8206,1100,3200,2100
8207,1099,3200,2101
8208,1099,3200,2101
8209,1098,3200,2102
8210,1098,3200,2102
8211,1098,3200,2102
8212,1098,3200,2102
8213,1098,3200,2102
8214,1098,3200,2102
8215,1097,3200,2103
8216,1097,3200,2103
8217,1097,3200,2103
8218,1097,3200,2103
8219,1097,3200,2103
8220,1097,3200,2103
8221,1097,3200,2103
8222,1097,3200,2103
8223,1097,3200,2103
8224,1097,3200,2103
8225,1097,3200,2103
8226,1097,3200,2103
8227,1097,3200,2103
8228,1096,3200,2104
8229,1096,3200,2104
8230,1096,3200,2104
8231,1095,3200,2105
8232,1095,3200,2105
8233,1094,3200,2106
8234,1094,3200,2106
8235,1094,3200,2106
8236,1094,3200,2106
8237,1094,3200,2106
8238,1094,3200,2106
8239,1094,3200,2106
8240,1093,3200,2107
8241,1093,3200,2107
8242,1093,3200,2107
8243,1092,3200,2108
8244,1092,3200,2108
8245,1092,3200,2108
8246,1091,3200,2109
8247,1091,3200,2109
8248,1091,3200,2109
8249,1091,3200,2109
8250,1091,3200,2109
8251,1091,3200,2109
8252,1091,3200,2109
8253,1091,3200,2109
8254,1091,3200,2109
8255,1091,3200,2109
8256,1091,3200,2109
8257,1091,3200,2109
8258,1090,3200,2110
8259,1090,3200,2110
8260,1090,3200,2110
8261,1089,3200,2111
8262,1089,3200,2111
8263,1089,3200,2111
8264,1089,3200,2111
8265,1089,3200,2111
8266,1089,3200,2111
8267,1088,3200,2112
8268,1088,3200,2112
8269,1088,3200,2112
8270,1088,3200,2112
8271,1087,3200,2113
8272,1087,3200,2113
8273,1086,3200,2114
8274,1086,3200,2114
8275,1086,3200,2114
8276,1086,3200,2114
8277,1085,3200,2115
8278,1085,3200,2115
8279,1085,3200,2115
8280,1085,3200,2115
8281,1085,3200,2115
8282,1085,3200,2115
8283,1085,3200,2115
8284,1084,3200,2116
8285,1084,3200,2116
8286,1083,3200,2117
8287,1083,3200,2117
8288,1083,3200,2117
8289,1083,3200,2117
8290,1082,3200,2118
8291,1081,3200,2119
8292,1081,3200,2119
8293,1081,3200,2119
8294,1081,3200,2119
8295,1081,3200,2119
8296,1081,3200,2119
8297,1081,3200,2119
8298,1081,3200,2119
8299,1080,3200,2120
8300,1080,3200,2120
8301,1080,3200,2120
8302,1079,3200,2121
8303,1079,3200,2121
8304,1078,3200,2122
8305,1078,3200,2122
8306,1077,3200,2123
8307,1077,3200,2123
8308,1076,3200,2124
8309,1076,3200,2124
8310,1076,3200,2124
8311,1076,3200,2124
8312,1076,3200,2124
8313,1075,3200,2125
8314,1075,3200,2125
8315,1075,3200,2125
8316,1075,3200,2125
8317,1075,3200,2125
8318,1075,3200,2125
8319,1075,3200,2125
8320,1075,3200,2125
8321,1075,3200,2125
8322,1075,3200,2125
8323,1075,3200,2125
8324,1074,3200,2126
8325,1074,3200,2126
8326,1073,3200,2127
8327,1073,3200,2127
8328,1072,3200,2128
8329,1072,3200,2128
8330,1072,3200,2128
8331,1072,3200,2128
8332,1071,3200,2129
8333,1071,3200,2129
8334,1071,3200,2129
8335,1071,3200,2129
8336,1070,3200,2130
8337,1070,3200,2130
8338,1070,3200,2130
8339,1070,3200,2130
8340,1069,3200,2131
8341,1069,3200,2131
8342,1069,3200,2131
8343,1069,3200,2131
8344,1069,3200,2131
8345,1069,3200,2131
8346,1068,3200,2132
8347,1068,3200,2132
8348,1067,3200,2133
8349,1067,3200,2133
8350,1067,3200,2133
8351,1067,3200,2133
8352,1067,3200,2133
8353,1067,3200,2133
8354,1066,3200,2134
8355,1066,3200,2134
8356,1066,3200,2134
8357,1065,3200,2135
8358,1065,3200,2135
8359,1065,3200,2135
8360,1064,3200,2136
8361,1064,3200,2136
8362,1064,3200,2136
8363,1063,3200,2137
8364,1063,3200,2137
8365,1063,3200,2137
8366,1063,3200,2137
8367,1063,3200,2137
8368,1063,3200,2137
8369,1063,3200,2137
8370,1063,3200,2137
8371,1063,3200,2137
8372,1062,3200,2138
8373,1062,3200,2138
8374,1061,3200,2139
8375,1061,3200,2139
8376,1061,3200,2139
8377,1061,3200,2139
8378,1060,3200,2140
8379,1060,3200,2140
8380,1060,3200,2140
8381,1060,3200,2140
8382,1060,3200,2140
8383,1060,3200,2140
8384,1060,3200,2140
8385,1060,3200,2140
8386,1060,3200,2140
8387,1059,3200,2141
8388,1059,3200,2141
8389,1058,3200,2142
8390,1058,3200,2142
8391,1058,3200,2142
8392,1058,3200,2142
8393,1058,3200,2142
8394,1058,3200,2142
8395,1058,3200,2142
8396,1057,3200,2143
8397,1057,3200,2143
8398,1057,3200,2143
8399,1057,3200,2143
8400,1056,3200,2144
8401,1056,3200,2144
8402,1055,3200,2145
8403,1055,3200,2145
8404,1055,3200,2145
8405,1054,3200,2146
8406,1054,3200,2146
8407,1054,3200,2146
8408,1054,3200,2146
8409,1053,3200,2147
8410,1053,3200,2147
8411,1052,3200,2148
8412,1052,3200,2148
8413,1051,3200,2149
8414,1051,3200,2149
8415,1051,3200,2149
8416,1051,3200,2149
8417,1051,3200,2149
8418,1051,3200,2149
8419,1050,3200,2150
8420,1049,3200,2151
8421,1049,3200,2151
8422,1049,3200,2151
8423,1049,3200,2151
8424,1049,3200,2151
8425,1049,3200,2151
8426,1049,3200,2151
8427,1049,3200,2151
8428,1049,3200,2151
8429,1049,3200,2151
8430,1049,3200,2151
8431,1049,3200,2151
8432,1049,3200,2151
8433,1048,3200,2152
8434,1048,3200,2152
8435,1048,3200,2152
8436,1047,3200,2153
8437,1047,3200,2153
8438,1047,3200,2153
8439,1047,3200,2153
8440,1046,3200,2154
8441,1046,3200,2154
8442,1046,3200,2154
8443,1046,3200,2154
8444,1046,3200,2154
8445,1046,3200,2154
8446,1046,3200,2154
8447,1045,3200,2155
8448,1045,3200,2155
8449,1045,3200,2155
8450,1044,3200,2156
8451,1044,3200,2156
8452,1044,3200,2156
8453,1043,3200,2157
8454,1043,3200,2157
8455,1043,3200,2157
8456,1043,3200,2157
8457,1042,3200,2158
8458,1042,3200,2158
8459,1042,3200,2158
8460,1041,3200,2159
8461,1041,3200,2159
8462,1041,3200,2159
8463,1041,3200,2159
8464,1040,3200,2160
8465,1040,3200,2160
8466,1040,3200,2160
8467,1040,3200,2160
8468,1039,3200,2161
8469,1039,3200,2161
8470,1039,3200,2161
8471,1039,3200,2161
8472,1038,3200,2162
8473,1038,3200,2162
8474,1038,3200,2162
8475,1038,3200,2162
8476,1037,3200,2163
8477,1037,3200,2163
8478,1037,3200,2163
8479,1037,3200,2163
8480,1036,3200,2164
8481,1036,3200,2164
8482,1036,3200,2164
8483,1036,3200,2164
8484,1035,3200,2165
8485,1035,3200,2165
8486,1035,3200,2165
8487,1035,3200,2165
8488,1035,3200,2165
8489,1035,3200,2165
8490,1035,3200,2165
8491,1035,3200,2165
8492,1035,3200,2165
8493,1034,3200,2166
8494,1034,3200,2166
8495,1033,3200,2167
8496,1033,3200,2167
8497,1033,3200,2167
8498,1033,3200,2167
8499,1033,3200,2167
8500,1033,3200,2167
8501,1032,3200,2168
8502,1031,3200,2169
8503,1031,3200,2169
8504,1030,3200,2170
8505,1030,3200,2170
8506,1029,3200,2171
8507,1029,3200,2171
8508,1029,3200,2171
8509,1029,3200,2171
8510,1029,3200,2171
8511,1029,3200,2171
8512,1029,3200,2171
8513,1029,3200,2171
8514,1029,3200,2171
8515,1028,3200,2172
8516,1028,3200,2172
8517,1028,3200,2172
8518,1027,3200,2173
8519,1027,3200,2173
8520,1027,3200,2173
8521,1027,3200,2173
8522,1027,3200,2173
8523,1026,3200,2174
8524,1026,3200,2174
8525,1026,3200,2174
8526,1026,3200,2174
8527,1025,3200,2175
8528,1025,3200,2175
8529,1025,3200,2175
8530,1025,3200,2175
8531,1025,3200,2175
8532,1025,3200,2175
8533,1024,3200,2176
8534,1024,3200,2176
8535,1023,3200,2177
8536,1023,3200,2177
8537,1023,3200,2177
8538,1023,3200,2177
8539,1023,3200,2177
8540,1023,3200,2177
8541,1022,3200,2178
8542,1022,3200,2178
8543,1022,3200,2178
8544,1022,3200,2178
8545,1022,3200,2178
8546,1022,3200,2178
8547,1022,3200,2178
8548,1021,3200,2179
8549,1021,3200,2179
8550,1020,3200,2180
8551,1020,3200,2180
8552,1020,3200,2180
8553,1020,3200,2180
8554,1020,3200,2180
8555,1019,3200,2181
8556,1019,3200,2181
8557,1019,3200,2181
8558,1019,3200,2181
8559,1019,3200,2181
8560,1018,3200,2182
8561,1018,3200,2182
8562,1017,3200,2183
8563,1017,3200,2183
8564,1017,3200,2183
8565,1017,3200,2183
8566,1017,3200,2183
8567,1017,3200,2183
8568,1017,3200,2183
8569,1016,3200,2184
8570,1015,3200,2185
8571,1015,3200,2185
8572,1015,3200,2185
8573,1015,3200,2185
8574,1015,3200,2185
8575,1015,3200,2185
8576,1015,3200,2185
8577,1015,3200,2185
8578,1015,3200,2185
8579,1015,3200,2185
8580,1014,3200,2186
8581,1014,3200,2186
8582,1013,3200,2187
8583,1013,3200,2187
8584,1013,3200,2187
8585,1012,3200,2188
8586,1012,3200,2188
8587,1012,3200,2188
8588,1012,3200,2188
8589,1011,3200,2189
8590,1011,3200,2189
8591,1011,3200,2189
8592,1010,3200,2190
8593,1010,3200,2190
8594,1010,3200,2190
8595,1010,3200,2190
8596,1009,3200,2191
8597,1009,3200,2191
8598,1009,3200,2191
8599,1009,3200,2191
8600,1009,3200,2191
8601,1009,3200,2191
8602,1009,3200,2191
8603,1008,3200,2192
8604,1008,3200,2192
8605,1008,3200,2192
8606,1008,3200,2192
8607,1007,3200,2193
8608,1007,3200,2193
8609,1007,3200,2193
8610,1007,3200,2193
8611,1007,3200,2193
8612,1006,3200,2194
8613,1005,3200,2195
8614,1005,3200,2195
8615,1005,3200,2195
8616,1004,3200,2196
8617,1004,3200,2196
8618,1004,3200,2196
8619,1004,3200,2196
8620,1004,3200,2196
8621,1004,3200,2196
8622,1003,3200,2197
8623,1003,3200,2197
8624,1003,3200,2197
8625,1003,3200,2197
8626,1002,3200,2198
8627,1002,3200,2198
8628,1002,3200,2198
8629,1002,3200,2198
8630,1002,3200,2198
8631,1002,3200,2198
8632,1002,3200,2198
8633,1002,3200,2198
8634,1001,3200,2199
8635,1001,3200,2199
8636,1001,3200,2199
8637,1001,3200,2199
8638,1000,3200,2200
8639,1000,3200,2200
8640,1000,3200,2200
8641,1000,3200,2200
8642,999,3200,2201
8643,999,3200,2201
8644,999,3200,2201
8645,999,3200,2201
8646,999,3200,2201
8647,998,3200,2202
8648,997,3200,2203
8649,997,3200,2203
8650,997,3200,2203
8651,997,3200,2203
8652,997,3200,2203
8653,997,3200,2203
8654,996,3200,2204
8655,996,3200,2204
8656,995,3200,2205
8657,995,3200,2205
8658,995,3200,2205
8659,994,3200,2206
8660,994,3200,2206
8661,994,3200,2206
8662,994,3200,2206
8663,993,3200,2207
8664,993,3200,2207
8665,993,3200,2207
8666,992,3200,2208
8667,992,3200,2208
8668,992,3200,2208
8669,992,3200,2208
8670,992,3200,2208
8671,992,3200,2208
8672,992,3200,2208
8673,991,3200,2209
8674,991,3200,2209
8675,991,3200,2209
8676,990,3200,2210
8677,990,3200,2210
8678,990,3200,2210
8679,990,3200,2210
8680,990,3200,2210
8681,990,3200,2210
8682,990,3200,2210
8683,989,3200,2211
8684,989,3200,2211
8685,989,3200,2211
8686,989,3200,2211
8687,989,3200,2211
8688,988,3200,2212
8689,988,3200,2212
8690,988,3200,2212
8691,987,3200,2213
8692,987,3200,2213
8693,987,3200,2213
8694,986,3200,2214
8695,986,3200,2214
8696,986,3200,2214
8697,985,3200,2215
8698,985,3200,2215
8699,985,3200,2215
8700,985,3200,2215
8701,985,3200,2215
8702,985,3200,2215
8703,984,3200,2216
8704,984,3200,2216
8705,984,3200,2216
8706,984,3200,2216
8707,984,3200,2216
8708,984,3200,2216
8709,984,3200,2216
8710,983,3200,2217
8711,983,3200,2217
8712,982,3200,2218
8713,982,3200,2218
8714,981,3200,2219
8715,981,3200,2219
8716,981,3200,2219
8717,981,3200,2219
8718,981,3200,2219
8719,981,3200,2219
8720,980,3200,2220
8721,980,3200,2220
8722,980,3200,2220
8723,980,3200,2220
8724,980,3200,2220
8725,979,3200,2221
8726,978,3200,2222
8727,978,3200,2222
8728,978,3200,2222
8729,978,3200,2222
8730,978,3200,2222
8731,978,3200,2222
8732,978,3200,2222
8733,978,3200,2222
8734,978,3200,2222
8735,977,3200,2223
8736,977,3200,2223
8737,977,3200,2223
8738,976,3200,2224
8739,976,3200,2224
8740,975,3200,2225
8741,975,3200,2225
8742,975,3200,2225
8743,974,3200,2226
8744,974,3200,2226
8745,974,3200,2226
8746,974,3200,2226
8747,974,3200,2226
8748,973,3200,2227
8749,973,3200,2227
8750,973,3200,2227
8751,973,3200,2227
8752,973,3200,2227
8753,973,3200,2227
8754,973,3200,2227
8755,973,3200,2227
8756,973,3200,2227
8757,973,3200,2227
8758,973,3200,2227
8759,973,3200,2227
8760,972,3200,2228
8761,972,3200,2228
8762,971,3200,2229
8763,971,3200,2229
8764,971,3200,2229
8765,971,3200,2229
8766,970,3200,2230
8767,970,3200,2230
8768,970,3200,2230
8769,970,3200,2230
8770,969,3200,2231
8771,969,3200,2231
8772,969,3200,2231
8773,969,3200,2231
8774,969,3200,2231
8775,969,3200,2231
8776,968,3200,2232
8777,968,3200,2232
8778,968,3200,2232
8779,968,3200,2232
8780,968,3200,2232
8781,968,3200,2232
8782,968,3200,2232
8783,968,3200,2232
8784,968,3200,2232
8785,967,3200,2233
8786,967,3200,2233
8787,967,3200,2233
8788,967,3200,2233
8789,966,3200,2234
8790,966,3200,2234
8791,965,3200,2235
8792,965,3200,2235
8793,965,3200,2235
8794,965,3200,2235
8795,964,3200,2236
8796,964,3200,2236
8797,964,3200,2236
8798,963,3200,2237
8799,963,3200,2237
8800,962,3200,2238
8801,962,3200,2238
8802,962,3200,2238
8803,962,3200,2238
8804,962,3200,2238
8805,962,3200,2238
8806,962,3200,2238
8807,962,3200,2238
8808,962,3200,2238
8809,961,3200,2239
8810,961,3200,2239
8811,961,3200,2239
8812,961,3200,2239
8813,961,3200,2239
8814,961,3200,2239
8815,961,3200,2239
8816,961,3200,2239
8817,961,3200,2239
8818,960,3200,2240
8819,960,3200,2240
8820,960,3200,2240
8821,959,3200,2241
8822,959,3200,2241
8823,959,3200,2241
8824,958,3200,2242
8825,958,3200,2242
8826,957,3200,2243
8827,956,3200,2244
8828,956,3200,2244
8829,956,3200,2244
8830,955,3200,2245
8831,955,3200,2245
8832,954,3200,2246
8833,954,3200,2246
8834,954,3200,2246
8835,953,3200,2247
8836,953,3200,2247
8837,953,3200,2247
8838,953,3200,2247
8839,953,3200,2247
8840,953,3200,2247
8841,953,3200,2247
8842,953,3200,2247
8843,953,3200,2247
8844,953,3200,2247
8845,953,3200,2247
8846,952,3200,2248
8847,952,3200,2248
8848,951,3200,2249
8849,951,3200,2249
8850,951,3200,2249
8851,950,3200,2250
8852,950,3200,2250
8853,950,3200,2250
8854,950,3200,2250
8855,949,3200,2251
8856,949,3200,2251
8857,949,3200,2251
8858,949,3200,2251
8859,949,3200,2251
8860,948,3200,2252
8861,948,3200,2252
8862,947,3200,2253
8863,947,3200,2253
8864,947,3200,2253
8865,947,3200,2253
8866,947,3200,2253
8867,946,3200,2254
8868,946,3200,2254
8869,946,3200,2254
8870,945,3200,2255
8871,945,3200,2255
8872,945,3200,2255
8873,945,3200,2255
8874,945,3200,2255
8875,945,3200,2255
8876,945,3200,2255
8877,945,3200,2255
8878,945,3200,2255
8879,945,3200,2255
8880,945,3200,2255
8881,945,3200,2255
8882,945,3200,2255
8883,944,3200,2256
8884,944,3200,2256
8885,944,3200,2256
8886,943,3200,2257
8887,943,3200,2257
8888,943,3200,2257
8889,943,3200,2257
8890,942,3200,2258
8891,942,3200,2258
8892,941,3200,2259
8893,941,3200,2259
8894,940,3200,2260
8895,940,3200,2260
8896,940,3200,2260
8897,940,3200,2260
8898,940,3200,2260
8899,940,3200,2260
8900,940,3200,2260
8901,939,3200,2261
8902,939,3200,2261
8903,938,3200,2262
8904,938,3200,2262
8905,938,3200,2262
8906,938,3200,2262
8907,938,3200,2262
8908,938,3200,2262
8909,938,3200,2262
8910,938,3200,2262
8911,937,3200,2263
8912,937,3200,2263
8913,937,3200,2263
8914,937,3200,2263
8915,937,3200,2263
8916,936,3200,2264
8917,935,3200,2265
8918,935,3200,2265
8919,935,3200,2265
8920,935,3200,2265
8921,935,3200,2265
8922,935,3200,2265
8923,935,3200,2265
8924,935,3200,2265
8925,935,3200,2265
8926,935,3200,2265
8927,934,3200,2266
8928,934,3200,2266
8929,933,3200,2267
8930,933,3200,2267
8931,933,3200,2267
8932,933,3200,2267
8933,933,3200,2267
8934,932,3200,2268
8935,932,3200,2268
8936,931,3200,2269
8937,931,3200,2269
8938,930,3200,2270
8939,930,3200,2270
8940,929,3200,2271
8941,929,3200,2271
8942,928,3200,2272
8943,928,3200,2272
8944,927,3200,2273
8945,927,3200,2273
8946,927,3200,2273
8947,927,3200,2273
8948,927,3200,2273
8949,927,3200,2273
8950,927,3200,2273
8951,926,3200,2274
8952,926,3200,2274
8953,925,3200,2275
8954,925,3200,2275
8955,925,3200,2275
8956,925,3200,2275
8957,925,3200,2275
8958,925,3200,2275
8959,924,3200,2276
8960,924,3200,2276
8961,924,3200,2276
8962,924,3200,2276
8963,924,3200,2276
8964,923,3200,2277
8965,923,3200,2277
8966,923,3200,2277
8967,923,3200,2277
8968,923,3200,2277
8969,923,3200,2277
8970,923,3200,2277
8971,922,3200,2278
8972,922,3200,2278
8973,922,3200,2278
8974,921,3200,2279
8975,921,3200,2279
8976,921,3200,2279
8977,920,3200,2280
8978,920,3200,2280
8979,920,3200,2280
8980,920,3200,2280
8981,920,3200,2280
8982,920,3200,2280
8983,920,3200,2280
8984,920,3200,2280
8985,920,3200,2280
8986,920,3200,2280
8987,920,3200,2280
8988,919,3200,2281
8989,919,3200,2281
8990,918,3200,2282
8991,918,3200,2282
8992,918,3200,2282
8993,917,3200,2283
8994,917,3200,2283
8995,917,3200,2283
8996,916,3200,2284
8997,916,3200,2284
8998,916,3200,2284
8999,916,3200,2284
9000,916,3200,2284
9001,916,3200,2284
9002,915,3200,2285
9003,915,3200,2285
9004,914,3200,2286
9005,914,3200,2286
9006,914,3200,2286
9007,914,3200,2286
9008,913,3200,2287
9009,913,3200,2287
9010,913,3200,2287
9011,912,3200,2288
9012,912,3200,2288
9013,912,3200,2288
9014,912,3200,2288
9015,911,3200,2289
9016,911,3200,2289
9017,911,3200,2289
9018,911,3200,2289
9019,910,3200,2290
9020,910,3200,2290
9021,910,3200,2290
9022,910,3200,2290
9023,910,3200,2290
9024,910,3200,2290
9025,910,3200,2290
9026,910,3200,2290
9027,909,3200,2291
9028,909,3200,2291
9029,908,3200,2292
9030,908,3200,2292
9031,908,3200,2292
9032,908,3200,2292
9033,907,3200,2293
9034,907,3200,2293
9035,907,3200,2293
9036,906,3200,2294
9037,906,3200,2294
9038,905,3200,2295
9039,905,3200,2295
9040,905,3200,2295
9041,905,3200,2295
9042,905,3200,2295
9043,905,3200,2295
9044,904,3200,2296
9045,904,3200,2296
9046,903,3200,2297
9047,903,3200,2297
9048,902,3200,2298
9049,902,3200,2298
9050,902,3200,2298
9051,901,3200,2299
9052,901,3200,2299
9053,901,3200,2299
9054,900,3200,2300
9055,900,3200,2300
9056,900,3200,2300
9057,900,3200,2300
9058,900,3200,2300
9059,900,3200,2300
9060,900,3200,2300
9061,900,3200,2300
9062,900,3200,2300
9063,900,3200,2300
9064,899,3200,2301
9065,899,3200,2301
9066,898,3200,2302
9067,898,3200,2302
9068,898,3200,2302
9069,898,3200,2302
9070,898,3200,2302
9071,898,3200,2302
9072,898,3200,2302
9073,898,3200,2302
9074,897,3200,2303
9075,897,3200,2303
9076,897,3200,2303
9077,897,3200,2303
9078,896,3200,2304
9079,895,3200,2305
9080,895,3200,2305
9081,895,3200,2305
9082,895,3200,2305
9083,895,3200,2305
9084,894,3200,2306
9085,894,3200,2306
9086,894,3200,2306
9087,894,3200,2306
9088,894,3200,2306
9089,894,3200,2306
9090,894,3200,2306
9091,894,3200,2306
9092,893,3200,2307
9093,893,3200,2307
9094,893,3200,2307
9095,893,3200,2307
9096,893,3200,2307
9097,893,3200,2307
9098,892,3200,2308
9099,892,3200,2308
9100,892,3200,2308
9101,892,3200,2308
9102,891,3200,2309
9103,891,3200,2309
9104,891,3200,2309
9105,891,3200,2309
9106,891,3200,2309
9107,890,3200,2310
9108,889,3200,2311
9109,889,3200,2311
9110,889,3200,2311
9111,889,3200,2311
9112,889,3200,2311
9113,889,3200,2311
9114,889,3200,2311
9115,889,3200,2311
9116,888,3200,2312
9117,887,3200,2313
9118,887,3200,2313
9119,887,3200,2313
9120,887,3200,2313
9121,887,3200,2313
9122,887,3200,2313
9123,886,3200,2314
9124,886,3200,2314
9125,886,3200,2314
9126,886,3200,2314
9127,886,3200,2314
9128,886,3200,2314
9129,886,3200,2314
9130,886,3200,2314
9131,886,3200,2314
9132,886,3200,2314
9133,886,3200,2314
9134,886,3200,2314
9135,885,3200,2315
9136,885,3200,2315
9137,884,3200,2316
9138,884,3200,2316
9139,883,3200,2317
9140,883,3200,2317
9141,883,3200,2317
9142,883,3200,2317
9143,883,3200,2317
9144,883,3200,2317
9145,882,3200,2318
9146,882,3200,2318
9147,881,3200,2319
9148,881,3200,2319
9149,881,3200,2319
9150,880,3200,2320
9151,880,3200,2320
9152,880,3200,2320
9153,879,3200,2321
9154,879,3200,2321
9155,879,3200,2321
9156,879,3200,2321
9157,879,3200,2321
9158,879,3200,2321
9159,879,3200,2321
9160,879,3200,2321
9161,878,3200,2322
9162,878,3200,2322
9163,878,3200,2322
9164,878,3200,2322
9165,878,3200,2322
9166,878,3200,2322
9167,878,3200,2322
9168,877,3200,2323
9169,877,3200,2323
9170,877,3200,2323
9171,877,3200,2323
9172,876,3200,2324
9173,876,3200,2324
9174,876,3200,2324
9175,875,3200,2325
9176,875,3200,2325
9177,874,3200,2326
9178,874,3200,2326
9179,874,3200,2326
9180,874,3200,2326
9181,873,3200,2327
9182,873,3200,2327
9183,872,3200,2328
9184,872,3200,2328
9185,872,3200,2328
9186,872,3200,2328
9187,872,3200,2328
9188,871,3200,2329
9189,871,3200,2329
9190,870,3200,2330
9191,870,3200,2330
9192,870,3200,2330
9193,870,3200,2330
9194,870,3200,2330
9195,870,3200,2330
9196,870,3200,2330
9197,870,3200,2330
9198,870,3200,2330
9199,869,3200,2331
9200,869,3200,2331
9201,868,3200,2332
9202,868,3200,2332
9203,868,3200,2332
9204,867,3200,2333
9205,867,3200,2333
9206,867,3200,2333
9207,866,3200,2334
9208,866,3200,2334
9209,866,3200,2334
9210,866,3200,2334
9211,866,3200,2334
9212,866,3200,2334
9213,866,3200,2334
9214,866,3200,2334
9215,865,3200,2335
9216,865,3200,2335
9217,865,3200,2335
9218,864,3200,2336
9219,864,3200,2336
9220,863,3200,2337
9221,863,3200,2337
9222,863,3200,2337
9223,863,3200,2337
9224,863,3200,2337
9225,863,3200,2337
9226,863,3200,2337
9227,862,3200,2338
9228,862,3200,2338
9229,862,3200,2338
9230,861,3200,2339
9231,861,3200,2339
9232,861,3200,2339
9233,860,3200,2340
9234,860,3200,2340
9235,859,3200,2341
9236,859,3200,2341
9237,859,3200,2341
9238,858,3200,2342
9239,857,3200,2343
9240,857,3200,2343
9241,857,3200,2343
9242,857,3200,2343
9243,856,3200,2344
9244,856,3200,2344
9245,856,3200,2344
9246,856,3200,2344
9247,855,3200,2345
9248,855,3200,2345
9249,854,3200,2346
9250,854,3200,2346
9251,854,3200,2346
9252,854,3200,2346
9253,854,3200,2346
9254,854,3200,2346
9255,854,3200,2346
9256,854,3200,2346
9257,854,3200,2346
9258,854,3200,2346
9259,854,3200,2346
9260,854,3200,2346
9261,854,3200,2346
9262,854,3200,2346
9263,854,3200,2346
9264,854,3200,2346
9265,854,3200,2346
9266,853,3200,2347
9267,853,3200,2347
9268,853,3200,2347
9269,852,3200,2348
9270,852,3200,2348
9271,852,3200,2348
9272,852,3200,2348
9273,852,3200,2348
9274,851,3200,2349
9275,851,3200,2349
9276,851,3200,2349
9277,850,3200,2350
9278,850,3200,2350
9279,849,3200,2351
9280,849,3200,2351
9281,849,3200,2351
9282,849,3200,2351
9283,848,3200,2352
9284,848,3200,2352
9285,848,3200,2352
9286,848,3200,2352
9287,848,3200,2352
9288,847,3200,2353
9289,847,3200,2353
9290,847,3200,2353
9291,847,3200,2353
9292,846,3200,2354
9293,846,3200,2354
9294,846,3200,2354
9295,846,3200,2354
9296,845,3200,2355
9297,845,3200,2355
9298,845,3200,2355
9299,845,3200,2355
9300,845,3200,2355
9301,845,3200,2355
9302,845,3200,2355
9303,845,3200,2355
9304,845,3200,2355
9305,845,3200,2355
9306,845,3200,2355
9307,845,3200,2355
9308,845,3200,2355
9309,845,3200,2355
9310,844,3200,2356
9311,844,3200,2356
9312,844,3200,2356
9313,843,3200,2357
9314,843,3200,2357
9315,843,3200,2357
9316,842,3200,2358
9317,842,3200,2358
9318,842,3200,2358
9319,841,3200,2359
9320,840,3200,2360
9321,839,3200,2361
9322,839,3200,2361
9323,839,3200,2361
9324,839,3200,2361
9325,839,3200,2361
9326,839,3200,2361
9327,839,3200,2361
9328,839,3200,2361
9329,838,3200,2362
9330,838,3200,2362
9331,837,3200,2363
9332,837,3200,2363
9333,837,3200,2363
9334,837,3200,2363
9335,837,3200,2363
9336,836,3200,2364
9337,836,3200,2364
9338,836,3200,2364
9339,836,3200,2364
9340,836,3200,2364
9341,836,3200,2364
9342,835,3200,2365
9343,835,3200,2365
9344,835,3200,2365
9345,835,3200,2365
9346,835,3200,2365
9347,834,3200,2366
9348,834,3200,2366
9349,834,3200,2366
9350,834,3200,2366
9351,834,3200,2366
9352,834,3200,2366
9353,834,3200,2366
9354,834,3200,2366
9355,834,3200,2366
9356,833,3200,2367
9357,833,3200,2367
9358,833,3200,2367
9359,832,3200,2368
9360,832,3200,2368
9361,831,3200,2369
9362,831,3200,2369
9363,830,3200,2370
9364,830,3200,2370
9365,829,3200,2371
9366,829,3200,2371
9367,829,3200,2371
9368,829,3200,2371
9369,829,3200,2371
9370,829,3200,2371
9371,829,3200,2371
9372,829,3200,2371
9373,829,3200,2371
9374,829,3200,2371
9375,829,3200,2371
9376,828,3200,2372
9377,827,3200,2373
9378,827,3200,2373
9379,827,3200,2373
9380,827,3200,2373
9381,827,3200,2373
9382,826,3200,2374
9383,826,3200,2374
9384,826,3200,2374
9385,826,3200,2374
9386,826,3200,2374
9387,826,3200,2374
9388,826,3200,2374
9389,825,3200,2375
9390,825,3200,2375
9391,825,3200,2375
9392,824,3200,2376
9393,824,3200,2376
9394,824,3200,2376
9395,824,3200,2376
9396,823,3200,2377
9397,823,3200,2377
9398,823,3200,2377
9399,822,3200,2378
9400,822,3200,2378
9401,822,3200,2378
9402,821,3200,2379
9403,821,3200,2379
9404,821,3200,2379
9405,821,3200,2379
9406,820,3200,2380
9407,820,3200,2380
9408,820,3200,2380
9409,819,3200,2381
9410,819,3200,2381
9411,819,3200,2381
9412,818,3200,2382
9413,818,3200,2382
9414,818,3200,2382
9415,817,3200,2383
9416,817,3200,2383
9417,817,3200,2383
9418,817,3200,2383
9419,817,3200,2383
9420,817,3200,2383
9421,816,3200,2384
9422,816,3200,2384
9423,816,3200,2384
9424,816,3200,2384
9425,815,3200,2385
9426,815,3200,2385
9427,814,3200,2386
9428,814,3200,2386
9429,813,3200,2387
9430,813,3200,2387
9431,813,3200,2387
9432,813,3200,2387
9433,813,3200,2387
9434,813,3200,2387
9435,813,3200,2387
9436,813,3200,2387
9437,813,3200,2387
9438,813,3200,2387
9439,812,3200,2388
9440,812,3200,2388
9441,812,3200,2388
9442,812,3200,2388
9443,812,3200,2388
9444,811,3200,2389
9445,811,3200,2389
9446,811,3200,2389
9447,811,3200,2389
9448,811,3200,2389
9449,811,3200,2389
9450,811,3200,2389
9451,811,3200,2389
9452,811,3200,2389
9453,810,3200,2390
9454,810,3200,2390
9455,809,3200,2391
9456,809,3200,2391
9457,808,3200,2392
9458,808,3200,2392
9459,808,3200,2392
9460,808,3200,2392
9461,808,3200,2392
9462,808,3200,2392
9463,808,3200,2392
9464,808,3200,2392
9465,808,3200,2392
9466,808,3200,2392
9467,807,3200,2393
9468,807,3200,2393
9469,807,3200,2393
9470,807,3200,2393
9471,806,3200,2394
9472,806,3200,2394
9473,806,3200,2394
9474,806,3200,2394
9475,805,3200,2395
9476,805,3200,2395
9477,805,3200,2395
9478,804,3200,2396
9479,804,3200,2396
9480,804,3200,2396
9481,804,3200,2396
9482,804,3200,2396
9483,804,3200,2396
9484,804,3200,2396
9485,804,3200,2396
9486,804,3200,2396
9487,804,3200,2396
9488,804,3200,2396
9489,803,3200,2397
9490,803,3200,2397
9491,802,3200,2398
9492,802,3200,2398
9493,802,3200,2398
9494,802,3200,2398
9495,801,3200,2399
9496,801,3200,2399
9497,800,3200,2400
9498,800,3200,2400
9499,800,3200,2400
9500,800,3200,2400
9501,800,3200,2400
9502,799,3200,2401
9503,799,3200,2401
9504,798,3200,2402
9505,798,3200,2402
9506,798,3200,2402
9507,797,3200,2403
9508,797,3200,2403
9509,797,3200,2403
9510,797,3200,2403
9511,796,3200,2404
9512,796,3200,2404
9513,796,3200,2404
9514,796,3200,2404
9515,795,3200,2405
9516,795,3200,2405
9517,794,3200,2406
9518,794,3200,2406
9519,794,3200,2406
9520,793,3200,2407
9521,793,3200,2407
9522,793,3200,2407
9523,793,3200,2407
9524,793,3200,2407
9525,793,3200,2407
9526,793,3200,2407
9527,793,3200,2407
9528,793,3200,2407
9529,793,3200,2407
9530,792,3200,2408
9531,792,3200,2408
9532,792,3200,2408
9533,792,3200,2408
9534,792,3200,2408
9535,792,3200,2408
9536,792,3200,2408
9537,792,3200,2408
9538,791,3200,2409
9539,791,3200,2409
9540,791,3200,2409
9541,791,3200,2409
9542,790,3200,2410
9543,790,3200,2410
9544,789,3200,2411
9545,789,3200,2411
9546,789,3200,2411
9547,788,3200,2412
9548,788,3200,2412
9549,787,3200,2413
9550,787,3200,2413
9551,786,3200,2414
9552,786,3200,2414
9553,786,3200,2414
9554,786,3200,2414
9555,785,3200,2415
9556,785,3200,2415
9557,785,3200,2415
9558,785,3200,2415
9559,785,3200,2415
9560,785,3200,2415
9561,785,3200,2415
9562,784,3200,2416
9563,784,3200,2416
9564,783,3200,2417
9565,783,3200,2417
9566,783,3200,2417
9567,783,3200,2417
9568,783,3200,2417
9569,783,3200,2417
9570,783,3200,2417
9571,783,3200,2417
9572,783,3200,2417
9573,782,3200,2418
9574,782,3200,2418
9575,782,3200,2418
9576,782,3200,2418
9577,781,3200,2419
9578,781,3200,2419
9579,780,3200,2420
9580,780,3200,2420
9581,780,3200,2420
9582,779,3200,2421
9583,779,3200,2421
9584,779,3200,2421
9585,779,3200,2421
9586,778,3200,2422
9587,778,3200,2422
9588,778,3200,2422
9589,777,3200,2423
9590,777,3200,2423
9591,777,3200,2423
9592,777,3200,2423
9593,777,3200,2423
9594,777,3200,2423
9595,777,3200,2423
9596,776,3200,2424
9597,776,3200,2424
9598,776,3200,2424
9599,776,3200,2424
9600,775,3200,2425
9601,775,3200,2425
9602,775,3200,2425
9603,775,3200,2425
9604,775,3200,2425
9605,775,3200,2425
9606,774,3200,2426
9607,774,3200,2426
9608,773,3200,2427
9609,773,3200,2427
9610,773,3200,2427
9611,772,3200,2428
9612,772,3200,2428
9613,772,3200,2428
9614,772,3200,2428
9615,771,3200,2429
9616,771,3200,2429
9617,771,3200,2429
9618,771,3200,2429
9619,771,3200,2429
9620,771,3200,2429
9621,771,3200,2429
9622,770,3200,2430
9623,770,3200,2430
9624,769,3200,2431
9625,769,3200,2431
9626,769,3200,2431
9627,769,3200,2431
9628,769,3200,2431
9629,769,3200,2431
9630,768,3200,2432
9631,768,3200,2432
9632,768,3200,2432
9633,767,3200,2433
9634,767,3200,2433
9635,767,3200,2433
9636,766,3200,2434
9637,766,3200,2434
9638,766,3200,2434
9639,765,3200,2435
9640,765,3200,2435
9641,765,3200,2435
9642,764,3200,2436
9643,764,3200,2436
9644,764,3200,2436
9645,764,3200,2436
9646,764,3200,2436
9647,764,3200,2436
9648,764,3200,2436
9649,763,3200,2437
9650,763,3200,2437
9651,762,3200,2438
9652,762,3200,2438
9653,762,3200,2438
9654,762,3200,2438
9655,762,3200,2438
9656,762,3200,2438
9657,761,3200,2439
9658,761,3200,2439
9659,760,3200,2440
9660,760,3200,2440
9661,760,3200,2440
9662,760,3200,2440
9663,760,3200,2440
9664,760,3200,2440
9665,760,3200,2440
9666,760,3200,2440
9667,760,3200,2440
9668,759,3200,2441
9669,759,3200,2441
9670,758,3200,2442
9671,758,3200,2442
9672,758,3200,2442
9673,757,3200,2443
9674,757,3200,2443
9675,757,3200,2443
9676,757,3200,2443
9677,757,3200,2443
9678,757,3200,2443
9679,757,3200,2443
9680,756,3200,2444
9681,756,3200,2444
9682,756,3200,2444
9683,756,3200,2444
9684,756,3200,2444
9685,756,3200,2444
9686,756,3200,2444
9687,756,3200,2444
9688,756,3200,2444
9689,756,3200,2444
9690,756,3200,2444
9691,755,3200,2445
9692,755,3200,2445
9693,754,3200,2446
9694,754,3200,2446
9695,754,3200,2446
9696,753,3200,2447
9697,753,3200,2447
9698,753,3200,2447
9699,753,3200,2447
9700,753,3200,2447
9701,752,3200,2448
9702,752,3200,2448
9703,752,3200,2448
9704,751,3200,2449
9705,751,3200,2449
9706,751,3200,2449
9707,750,3200,2450
9708,750,3200,2450
9709,750,3200,2450
9710,750,3200,2450
9711,750,3200,2450
9712,750,3200,2450
9713,750,3200,2450
9714,750,3200,2450
9715,750,3200,2450
9716,750,3200,2450
9717,749,3200,2451
9718,748,3200,2452
9719,747,3200,2453
9720,747,3200,2453
9721,747,3200,2453
9722,746,3200,2454
9723,746,3200,2454
9724,746,3200,2454
9725,746,3200,2454
9726,746,3200,2454
9727,746,3200,2454
9728,746,3200,2454
9729,745,3200,2455
9730,745,3200,2455
9731,744,3200,2456
9732,744,3200,2456
9733,743,3200,2457
9734,743,3200,2457
9735,742,3200,2458
9736,742,3200,2458
9737,742,3200,2458
9738,742,3200,2458
9739,742,3200,2458
9740,741,3200,2459
9741,741,3200,2459
9742,741,3200,2459
9743,741,3200,2459
9744,741,3200,2459
9745,741,3200,2459
9746,740,3200,2460
9747,740,3200,2460
9748,740,3200,2460
9749,740,3200,2460
9750,739,3200,2461
9751,738,3200,2462
9752,738,3200,2462
9753,738,3200,2462
9754,738,3200,2462
9755,738,3200,2462
9756,738,3200,2462
9757,738,3200,2462
9758,737,3200,2463
9759,737,3200,2463
9760,737,3200,2463
9761,737,3200,2463
9762,736,3200,2464
9763,736,3200,2464
9764,736,3200,2464
9765,736,3200,2464
9766,735,3200,2465
9767,735,3200,2465
9768,735,3200,2465
9769,734,3200,2466
9770,734,3200,2466
9771,734,3200,2466
9772,734,3200,2466
9773,733,3200,2467
9774,732,3200,2468
9775,732,3200,2468
9776,732,3200,2468
9777,732,3200,2468
9778,732,3200,2468
9779,732,3200,2468
9780,732,3200,2468
9781,732,3200,2468
9782,732,3200,2468
9783,732,3200,2468
9784,732,3200,2468
9785,732,3200,2468
9786,732,3200,2468
9787,732,3200,2468
9788,732,3200,2468
9789,732,3200,2468
9790,731,3200,2469
9791,731,3200,2469
9792,731,3200,2469
9793,731,3200,2469
9794,730,3200,2470
9795,730,3200,2470
9796,730,3200,2470
9797,729,3200,2471
9798,729,3200,2471
9799,729,3200,2471
9800,728,3200,2472
9801,728,3200,2472
9802,727,3200,2473
9803,727,3200,2473
9804,727,3200,2473
9805,726,3200,2474
9806,726,3200,2474
9807,726,3200,2474
9808,726,3200,2474
9809,726,3200,2474
9810,726,3200,2474
9811,725,3200,2475
9812,725,3200,2475
9813,725,3200,2475
9814,725,3200,2475
9815,725,3200,2475
9816,725,3200,2475
9817,724,3200,2476
9818,724,3200,2476
9819,724,3200,2476
9820,723,3200,2477
9821,723,3200,2477
9822,723,3200,2477
9823,723,3200,2477
9824,722,3200,2478
9825,722,3200,2478
9826,722,3200,2478
9827,722,3200,2478
9828,722,3200,2478
9829,722,3200,2478
9830,722,3200,2478
9831,721,3200,2479
9832,721,3200,2479
9833,721,3200,2479
9834,720,3200,2480
9835,720,3200,2480
9836,720,3200,2480
9837,719,3200,2481
9838,719,3200,2481
9839,719,3200,2481
9840,718,3200,2482
9841,718,3200,2482
9842,718,3200,2482
9843,718,3200,2482
9844,718,3200,2482
9845,718,3200,2482
9846,718,3200,2482
9847,718,3200,2482
9848,718,3200,2482
9849,718,3200,2482
9850,717,3200,2483
9851,717,3200,2483
9852,717,3200,2483
9853,716,3200,2484
9854,716,3200,2484
9855,716,3200,2484
9856,716,3200,2484
9857,715,3200,2485
9858,714,3200,2486
9859,714,3200,2486
9860,713,3200,2487
9861,713,3200,2487
9862,713,3200,2487
9863,713,3200,2487
9864,713,3200,2487
9865,712,3200,2488
9866,712,3200,2488
9867,712,3200,2488
9868,712,3200,2488
9869,712,3200,2488
9870,712,3200,2488
9871,712,3200,2488
9872,711,3200,2489
9873,711,3200,2489
9874,710,3200,2490
9875,710,3200,2490
9876,710,3200,2490
9877,710,3200,2490
9878,710,3200,2490
9879,710,3200,2490
9880,709,3200,2491
9881,709,3200,2491
9882,709,3200,2491
9883,708,3200,2492
9884,708,3200,2492
9885,708,3200,2492
9886,708,3200,2492
9887,707,3200,2493
9888,707,3200,2493
9889,707,3200,2493
9890,707,3200,2493
9891,707,3200,2493
9892,706,3200,2494
9893,706,3200,2494
9894,706,3200,2494
9895,706,3200,2494
9896,706,3200,2494
9897,706,3200,2494
9898,706,3200,2494
9899,705,3200,2495
9900,705,3200,2495
9901,705,3200,2495
9902,704,3200,2496
9903,704,3200,2496
9904,704,3200,2496
9905,704,3200,2496
9906,704,3200,2496
9907,703,3200,2497
9908,703,3200,2497
9909,703,3200,2497
9910,703,3200,2497
9911,702,3200,2498
9912,702,3200,2498
9913,701,3200,2499
9914,701,3200,2499
9915,701,3200,2499
9916,700,3200,2500
9917,700,3200,2500
9918,700,3200,2500
9919,700,3200,2500
9920,700,3200,2500
9921,700,3200,2500
9922,699,3200,2501
9923,699,3200,2501
9924,699,3200,2501
9925,698,3200,2502
9926,697,3200,2503
9927,696,3200,2504
9928,696,3200,2504
9929,696,3200,2504
9930,695,3200,2505
9931,695,3200,2505
9932,695,3200,2505
9933,695,3200,2505
9934,694,3200,2506
9935,694,3200,2506
9936,694,3200,2506
9937,694,3200,2506
9938,694,3200,2506
9939,693,3200,2507
9940,693,3200,2507
9941,692,3200,2508
9942,691,3200,2509
9943,691,3200,2509
9944,691,3200,2509
9945,691,3200,2509
9946,690,3200,2510
9947,689,3200,2511
9948,689,3200,2511
9949,688,3200,2512
9950,687,3200,2513
9951,687,3200,2513
9952,687,3200,2513
9953,686,3200,2514
9954,685,3200,2515
9955,685,3200,2515
9956,684,3200,2516
9957,683,3200,2517
9958,683,3200,2517
9959,683,3200,2517
9960,681,3200,2519
9961,681,3200,2519
9962,681,3200,2519
9963,681,3200,2519
9964,681,3200,2519
9965,680,3200,2520
9966,680,3200,2520
9967,680,3200,2520
9968,680,3200,2520
9969,678,3200,2522
9970,678,3200,2522
9971,678,3200,2522
9972,677,3200,2523
9973,677,3200,2523
9974,677,3200,2523
9975,677,3200,2523
9976,677,3200,2523
9977,675,3200,2525
9978,675,3200,2525
9979,675,3200,2525
9980,675,3200,2525
9981,674,3200,2526
9982,674,3200,2526
9983,674,3200,2526
9984,673,3200,2527
9985,672,3200,2528
9986,671,3200,2529
9987,671,3200,2529
9988,671,3200,2529
9989,671,3200,2529
9990,670,3200,2530
9991,670,3200,2530
9992,670,3200,2530
9993,670,3200,2530
9994,670,3200,2530
9995,669,3200,2531
9996,668,3200,2532
9997,666,3200,2534
9998,666,3200,2534
9999,665,3200,2535
10000,664,3200,2536
10001,664,3200,2536
10002,663,3200,2537
10003,663,3200,2537
10004,663,3200,2537
10005,662,3200,2538
10006,661,3200,2539
10007,661,3200,2539
10008,661,3200,2539
10009,661,3200,2539
10010,661,3200,2539
10011,661,3200,2539
10012,660,3200,2540
10013,659,3200,2541
10014,658,3200,2542
10015,658,3200,2542
10016,658,3200,2542
10017,657,3200,2543
10018,657,3200,2543
10019,657,3200,2543
10020,657,3200,2543
10021,655,3200,2545
10022,654,3200,2546
10023,653,3200,2547
10024,652,3200,2548
10025,652,3200,2548
10026,652,3200,2548
10027,652,3200,2548
10028,651,3200,2549
10029,651,3200,2549
10030,651,3200,2549
10031,651,3200,2549
10032,650,3200,2550
10033,650,3200,2550
10034,650,3200,2550
10035,649,3200,2551
10036,647,3200,2553
10037,647,3200,2553
10038,647,3200,2553
10039,647,3200,2553
10040,646,3200,2554
10041,645,3200,2555
10042,644,3200,2556
10043,643,3200,2557
10044,643,3200,2557
10045,641,3200,2559
10046,641,3200,2559
10047,640,3200,2560
10048,640,3200,2560
10049,639,3200,2561
10050,639,3200,2561
10051,639,3200,2561
10052,639,3200,2561
10053,639,3200,2561
10054,639,3200,2561
10055,638,3200,2562
10056,638,3200,2562
10057,638,3200,2562
10058,638,3200,2562
10059,638,3200,2562
10060,638,3200,2562
10061,638,3200,2562
10062,637,3200,2563
10063,636,3200,2564
10064,636,3200,2564
10065,635,3200,2565
10066,635,3200,2565
10067,634,3200,2566
10068,634,3200,2566
10069,634,3200,2566
10070,634,3200,2566
10071,632,3200,2568
10072,632,3200,2568
10073,631,3200,2569
10074,630,3200,2570
10075,630,3200,2570
10076,629,3200,2571
10077,629,3200,2571
10078,627,3200,2573
10079,627,3200,2573
10080,627,3200,2573
10081,627,3200,2573
10082,626,3200,2574
10083,625,3200,2575
10084,624,3200,2576
10085,624,3200,2576
10086,623,3200,2577
10087,623,3200,2577
10088,623,3200,2577
10089,623,3200,2577
10090,623,3200,2577
10091,622,3200,2578
10092,621,3200,2579
10093,620,3200,2580
10094,620,3200,2580
10095,619,3200,2581
10096,619,3200,2581
10097,618,3200,2582
10098,617,3200,2583
10099,616,3200,2584
10100,615,3200,2585
10101,615,3200,2585
10102,614,3200,2586
10103,614,3200,2586
10104,614,3200,2586
10105,614,3200,2586
10106,614,3200,2586
10107,614,3200,2586
10108,613,3200,2587
10109,613,3200,2587
10110,613,3200,2587
10111,612,3200,2588
10112,612,3200,2588
10113,611,3200,2589
10114,611,3200,2589
10115,611,3200,2589
10116,610,3200,2590
10117,610,3200,2590
10118,610,3200,2590
10119,609,3200,2591
10120,609,3200,2591
10121,609,3200,2591
10122,608,3200,2592
10123,608,3200,2592
10124,608,3200,2592
10125,607,3200,2593
10126,607,3200,2593
10127,607,3200,2593
10128,607,3200,2593
10129,607,3200,2593
10130,606,3200,2594
10131,606,3200,2594
10132,605,3200,2595
10133,604,3200,2596
10134,604,3200,2596
10135,603,3200,2597
10136,603,3200,2597
10137,603,3200,2597
10138,602,3200,2598
10139,602,3200,2598
10140,600,3200,2600
10141,600,3200,2600
10142,598,3200,2602
10143,598,3200,2602
10144,597,3200,2603
10145,597,3200,2603
10146,597,3200,2603
10147,597,3200,2603
10148,596,3200,2604
10149,595,3200,2605
10150,594,3200,2606
10151,594,3200,2606
10152,594,3200,2606
10153,594,3200,2606
10154,593,3200,2607
10155,593,3200,2607
10156,592,3200,2608
10157,592,3200,2608
10158,591,3200,2609
10159,591,3200,2609
10160,591,3200,2609
10161,591,3200,2609
10162,590,3200,2610
10163,590,3200,2610
10164,589,3200,2611
10165,588,3200,2612
10166,587,3200,2613
10167,587,3200,2613
10168,586,3200,2614
10169,586,3200,2614
10170,585,3200,2615
10171,585,3200,2615
10172,584,3200,2616
10173,584,3200,2616
10174,584,3200,2616
10175,583,3200,2617
10176,583,3200,2617
10177,583,3200,2617
10178,583,3200,2617
10179,582,3200,2618
10180,581,3200,2619
10181,580,3200,2620
10182,579,3200,2621
10183,579,3200,2621
10184,579,3200,2621
10185,578,3200,2622
10186,578,3200,2622
10187,577,3200,2623
10188,577,3200,2623
10189,577,3200,2623
10190,577,3200,2623
10191,575,3200,2625
10192,575,3200,2625
10193,575,3200,2625
10194,575,3200,2625
10195,575,3200,2625
10196,575,3200,2625
10197,575,3200,2625
10198,575,3200,2625
10199,575,3200,2625
10200,575,3200,2625
10201,574,3200,2626
10202,574,3200,2626
10203,573,3200,2627
10204,572,3200,2628
10205,572,3200,2628
10206,571,3200,2629
10207,571,3200,2629
10208,570,3200,2630
10209,569,3200,2631
10210,569,3200,2631
10211,569,3200,2631
10212,568,3200,2632
10213,568,3200,2632
10214,567,3200,2633
10215,566,3200,2634
10216,566,3200,2634
10217,565,3200,2635
10218,564,3200,2636
10219,563,3200,2637
10220,563,3200,2637
10221,563,3200,2637
10222,562,3200,2638
10223,562,3200,2638
10224,562,3200,2638
10225,561,3200,2639
10226,561,3200,2639
10227,561,3200,2639
10228,559,3200,2641
10229,558,3200,2642
10230,557,3200,2643
10231,557,3200,2643
10232,557,3200,2643
10233,557,3200,2643
10234,557,3200,2643
10235,557,3200,2643
10236,557,3200,2643
10237,555,3200,2645
10238,555,3200,2645
10239,553,3200,2647
10240,553,3200,2647
10241,553,3200,2647
10242,552,3200,2648
10243,550,3200,2650
10244,550,3200,2650
10245,549,3200,2651
10246,549,3200,2651
10247,548,3200,2652
10248,548,3200,2652
10249,548,3200,2652
10250,548,3200,2652
10251,548,3200,2652
10252,548,3200,2652
10253,547,3200,2653
10254,547,3200,2653
10255,546,3200,2654
10256,546,3200,2654
10257,546,3200,2654
10258,546,3200,2654
10259,546,3200,2654
10260,545,3200,2655
10261,544,3200,2656
10262,544,3200,2656
10263,544,3200,2656
10264,543,3200,2657
10265,543,3200,2657
10266,542,3200,2658
10267,542,3200,2658
10268,542,3200,2658
10269,542,3200,2658
10270,541,3200,2659
10271,541,3200,2659
10272,541,3200,2659
10273,541,3200,2659
10274,541,3200,2659
10275,540,3200,2660
10276,540,3200,2660
10277,539,3200,2661
10278,539,3200,2661
10279,539,3200,2661
10280,539,3200,2661
10281,539,3200,2661
10282,539,3200,2661
10283,539,3200,2661
10284,539,3200,2661
10285,538,3200,2662
10286,538,3200,2662
10287,538,3200,2662
10288,538,3200,2662
10289,538,3200,2662
10290,538,3200,2662
10291,538,3200,2662
10292,538,3200,2662
10293,537,3200,2663
10294,537,3200,2663
10295,537,3200,2663
10296,536,3200,2664
10297,536,3200,2664
10298,536,3200,2664
10299,536,3200,2664
10300,536,3200,2664
10301,536,3200,2664
10302,536,3200,2664
10303,536,3200,2664
10304,535,3200,2665
10305,535,3200,2665
10306,535,3200,2665
10307,535,3200,2665
10308,535,3200,2665
10309,534,3200,2666
10310,534,3200,2666
10311,534,3200,2666
10312,534,3200,2666
10313,534,3200,2666
10314,534,3200,2666
10315,534,3200,2666
10316,533,3200,2667
10317,533,3200,2667
10318,533,3200,2667
10319,533,3200,2667
10320,533,3200,2667
10321,533,3200,2667
10322,533,3200,2667
10323,532,3200,2668
10324,531,3200,2669
10325,531,3200,2669
10326,531,3200,2669
10327,531,3200,2669
10328,530,3200,2670
10329,530,3200,2670
10330,530,3200,2670
10331,530,3200,2670
10332,530,3200,2670
10333,530,3200,2670
10334,529,3200,2671
10335,529,3200,2671
10336,529,3200,2671
10337,529,3200,2671
10338,529,3200,2671
10339,529,3200,2671
10340,528,3200,2672
10341,528,3200,2672
10342,528,3200,2672
10343,528,3200,2672
10344,528,3200,2672
10345,527,3200,2673
10346,527,3200,2673
10347,527,3200,2673
10348,527,3200,2673
10349,526,3200,2674
10350,526,3200,2674
10351,526,3200,2674
10352,525,3200,2675
10353,525,3200,2675
10354,525,3200,2675
10355,525,3200,2675
10356,525,3200,2675
10357,525,3200,2675
10358,525,3200,2675
10359,525,3200,2675
10360,524,3200,2676
10361,524,3200,2676
10362,523,3200,2677
10363,523,3200,2677
10364,523,3200,2677
10365,523,3200,2677
10366,523,3200,2677
10367,522,3200,2678
10368,522,3200,2678
10369,522,3200,2678
10370,521,3200,2679
10371,521,3200,2679
10372,521,3200,2679
10373,521,3200,2679
10374,521,3200,2679
10375,521,3200,2679
10376,521,3200,2679
10377,520,3200,2680
10378,520,3200,2680
10379,520,3200,2680
10380,520,3200,2680
10381,520,3200,2680
10382,520,3200,2680
10383,519,3200,2681
10384,519,3200,2681
10385,519,3200,2681
10386,519,3200,2681
10387,518,3200,2682
10388,518,3200,2682
10389,518,3200,2682
10390,518,3200,2682
10391,517,3200,2683
10392,517,3200,2683
10393,517,3200,2683
10394,517,3200,2683
10395,516,3200,2684
10396,516,3200,2684
10397,515,3200,2685
10398,515,3200,2685
10399,514,3200,2686
10400,514,3200,2686
10401,514,3200,2686
10402,513,3200,2687
10403,512,3200,2688
10404,512,3200,2688
10405,511,3200,2689
10406,511,3200,2689
10407,511,3200,2689
10408,511,3200,2689
10409,511,3200,2689
10410,511,3200,2689
10411,511,3200,2689
10412,511,3200,2689
10413,511,3200,2689
10414,511,3200,2689
10415,511,3200,2689
10416,511,3200,2689
10417,511,3200,2689
10418,511,3200,2689
10419,511,3200,2689
10420,511,3200,2689
10421,511,3200,2689
10422,511,3200,2689
10423,510,3200,2690
10424,510,3200,2690
10425,509,3200,2691
10426,509,3200,2691
10427,509,3200,2691
10428,509,3200,2691
10429,508,3200,2692
10430,507,3200,2693
10431,507,3200,2693
10432,507,3200,2693
10433,506,3200,2694
10434,505,3200,2695
10435,505,3200,2695
10436,505,3200,2695
10437,505,3200,2695
10438,505,3200,2695
10439,505,3200,2695
10440,505,3200,2695
10441,505,3200,2695
10442,504,3200,2696
10443,504,3200,2696
10444,504,3200,2696
10445,503,3200,2697
10446,503,3200,2697
10447,503,3200,2697
10448,502,3200,2698
10449,502,3200,2698
10450,501,3200,2699
10451,501,3200,2699
10452,501,3200,2699
10453,501,3200,2699
10454,501,3200,2699
10455,501,3200,2699
10456,501,3200,2699
10457,500,3200,2700
10458,500,3200,2700
10459,500,3200,2700
10460,499,3200,2701
10461,499,3200,2701
10462,498,3200,2702
10463,498,3200,2702
10464,498,3200,2702
10465,498,3200,2702
10466,497,3200,2703
10467,496,3200,2704
10468,496,3200,2704
10469,496,3200,2704
10470,496,3200,2704
10471,496,3200,2704
10472,495,3200,2705
10473,495,3200,2705
10474,495,3200,2705
10475,494,3200,2706
10476,494,3200,2706
10477,494,3200,2706
10478,494,3200,2706
10479,493,3200,2707
10480,493,3200,2707
10481,493,3200,2707
10482,493,3200,2707
10483,493,3200,2707
10484,493,3200,2707
10485,493,3200,2707
10486,493,3200,2707
10487,493,3200,2707
10488,493,3200,2707
10489,493,3200,2707
10490,493,3200,2707
10491,493,3200,2707
10492,492,3200,2708
10493,492,3200,2708
10494,491,3200,2709
10495,491,3200,2709
10496,491,3200,2709
10497,491,3200,2709
10498,491,3200,2709
10499,491,3200,2709
10500,490,3200,2710
10501,490,3200,2710
10502,489,3200,2711
10503,489,3200,2711
10504,489,3200,2711
10505,489,3200,2711
10506,489,3200,2711
10507,489,3200,2711
10508,489,3200,2711
10509,488,3200,2712
10510,488,3200,2712
10511,488,3200,2712
10512,488,3200,2712
10513,488,3200,2712
10514,487,3200,2713
10515,487,3200,2713
10516,486,3200,2714
10517,486,3200,2714
10518,486,3200,2714
10519,485,3200,2715
10520,485,3200,2715
10521,485,3200,2715
10522,485,3200,2715
10523,485,3200,2715
10524,484,3200,2716
10525,484,3200,2716
10526,484,3200,2716
10527,483,3200,2717
10528,483,3200,2717
10529,483,3200,2717
10530,483,3200,2717
10531,483,3200,2717
10532,483,3200,2717
10533,483,3200,2717
10534,483,3200,2717
10535,483,3200,2717
10536,482,3200,2718
10537,482,3200,2718
10538,482,3200,2718
10539,481,3200,2719
10540,481,3200,2719
10541,481,3200,2719
10542,480,3200,2720
10543,480,3200,2720
10544,480,3200,2720
10545,480,3200,2720
10546,480,3200,2720
10547,480,3200,2720
10548,479,3200,2721
10549,479,3200,2721
10550,479,3200,2721
10551,479,3200,2721
10552,478,3200,2722
10553,478,3200,2722
10554,478,3200,2722
10555,477,3200,2723
10556,477,3200,2723
10557,477,3200,2723
10558,477,3200,2723
10559,477,3200,2723
10560,477,3200,2723
10561,477,3200,2723
10562,477,3200,2723
10563,477,3200,2723
10564,477,3200,2723
10565,477,3200,2723
10566,476,3200,2724
10567,475,3200,2725
10568,475,3200,2725
10569,475,3200,2725
10570,475,3200,2725
10571,475,3200,2725
10572,474,3200,2726
10573,474,3200,2726
10574,473,3200,2727
10575,473,3200,2727
10576,473,3200,2727
10577,473,3200,2727
10578,472,3200,2728
10579,471,3200,2729
10580,471,3200,2729
10581,471,3200,2729
10582,471,3200,2729
10583,470,3200,2730
10584,470,3200,2730
10585,470,3200,2730
10586,470,3200,2730
10587,470,3200,2730
10588,470,3200,2730
10589,470,3200,2730
10590,470,3200,2730
10591,470,3200,2730
10592,470,3200,2730
10593,470,3200,2730
10594,470,3200,2730
10595,470,3200,2730
10596,470,3200,2730
10597,470,3200,2730
10598,470,3200,2730
10599,470,3200,2730
10600,470,3200,2730
10601,470,3200,2730
10602,469,3200,2731
10603,469,3200,2731
10604,468,3200,2732
10605,468,3200,2732
10606,468,3200,2732
10607,468,3200,2732
10608,468,3200,2732
10609,468,3200,2732
10610,468,3200,2732
10611,468,3200,2732
10612,468,3200,2732
10613,468,3200,2732
10614,468,3200,2732
10615,468,3200,2732
10616,468,3200,2732
10617,468,3200,2732
10618,468,3200,2732
10619,468,3200,2732
10620,468,3200,2732
10621,468,3200,2732
10622,468,3200,2732
10623,468,3200,2732
10624,468,3200,2732
10625,468,3200,2732
10626,468,3200,2732
10627,468,3200,2732
10628,468,3200,2732
10629,468,3200,2732
10630,468,3200,2732
10631,468,3200,2732
10632,468,3200,2732
10633,468,3200,2732
10634,468,3200,2732
10635,468,3200,2732
10636,468,3200,2732
10637,468,3200,2732
10638,468,3200,2732
10639,468,3200,2732
10640,468,3200,2732
10641,468,3200,2732
10642,468,3200,2732
10643,468,3200,2732
10644,468,3200,2732
10645,468,3200,2732
10646,468,3200,2732
10647,468,3200,2732
10648,468,3200,2732
10649,468,3200,2732
10650,468,3200,2732
10651,468,3200,2732
10652,468,3200,2732
10653,468,3200,2732
10654,468,3200,2732
10655,468,3200,2732
10656,468,3200,2732
10657,468,3200,2732
10658,468,3200,2732
10659,468,3200,2732
10660,468,3200,2732
10661,468,3200,2732
10662,468,3200,2732
10663,468,3200,2732
10664,468,3200,2732
10665,468,3200,2732
10666,468,3200,2732
10667,468,3200,2732
10668,468,3200,2732
10669,468,3200,2732
10670,468,3200,2732
10671,468,3200,2732
10672,468,3200,2732
10673,468,3200,2732
10674,468,3200,2732
10675,468,3200,2732
10676,468,3200,2732
10677,468,3200,2732
10678,468,3200,2732
10679,468,3200,2732
10680,468,3200,2732
10681,468,3200,2732
10682,468,3200,2732
10683,468,3200,2732
10684,468,3200,2732
10685,468,3200,2732
10686,468,3200,2732
10687,468,3200,2732
10688,468,3200,2732
10689,468,3200,2732
10690,468,3200,2732
10691,468,3200,2732
10692,468,3200,2732
10693,468,3200,2732
10694,468,3200,2732
10695,468,3200,2732
10696,468,3200,2732
10697,468,3200,2732
10698,468,3200,2732
10699,468,3200,2732
10700,468,3200,2732
10701,468,3200,2732
10702,468,3200,2732
10703,468,3200,2732
10704,468,3200,2732
10705,468,3200,2732
10706,468,3200,2732
10707,468,3200,2732
10708,468,3200,2732
10709,468,3200,2732
10710,468,3200,2732
10711,468,3200,2732
10712,468,3200,2732
10713,468,3200,2732
10714,468,3200,2732
10715,468,3200,2732
10716,468,3200,2732
10717,468,3200,2732
10718,468,3200,2732
10719,468,3200,2732
10720,468,3200,2732
10721,468,3200,2732
10722,468,3200,2732
10723,468,3200,2732
10724,468,3200,2732
10725,468,3200,2732
10726,468,3200,2732
10727,468,3200,2732
10728,468,3200,2732
10729,468,3200,2732
10730,468,3200,2732
10731,468,3200,2732
10732,468,3200,2732
10733,468,3200,2732
10734,468,3200,2732
10735,468,3200,2732
10736,468,3200,2732
10737,468,3200,2732
10738,468,3200,2732
10739,468,3200,2732
10740,468,3200,2732
10741,468,3200,2732
10742,468,3200,2732
10743,468,3200,2732
10744,468,3200,2732
10745,468,3200,2732
10746,468,3200,2732
10747,468,3200,2732
10748,468,3200,2732
10749,468,3200,2732
10750,468,3200,2732
10751,468,3200,2732
10752,468,3200,2732
10753,468,3200,2732
10754,468,3200,2732
10755,468,3200,2732
10756,468,3200,2732
10757,468,3200,2732
10758,468,3200,2732
10759,468,3200,2732
10760,468,3200,2732
10761,468,3200,2732
10762,468,3200,2732
10763,468,3200,2732
10764,468,3200,2732
10765,468,3200,2732
10766,468,3200,2732
10767,468,3200,2732
10768,468,3200,2732
10769,468,3200,2732
10770,468,3200,2732
10771,468,3200,2732
10772,468,3200,2732
10773,468,3200,2732
10774,468,3200,2732
10775,468,3200,2732
10776,468,3200,2732
10777,468,3200,2732
10778,468,3200,2732
10779,468,3200,2732
10780,468,3200,2732
10781,468,3200,2732
10782,468,3200,2732
10783,467,3200,2733
10784,467,3200,2733
10785,467,3200,2733
10786,467,3200,2733
10787,467,3200,2733
10788,467,3200,2733
10789,467,3200,2733
10790,467,3200,2733
10791,467,3200,2733
10792,467,3200,2733
10793,467,3200,2733
10794,467,3200,2733
10795,467,3200,2733
10796,467,3200,2733
10797,467,3200,2733
10798,467,3200,2733
10799,467,3200,2733
10800,467,3200,2733
10801,467,3200,2733
10802,467,3200,2733
10803,467,3200,2733
10804,467,3200,2733
10805,467,3200,2733
10806,467,3200,2733
10807,467,3200,2733
10808,467,3200,2733
10809,467,3200,2733
10810,467,3200,2733
10811,467,3200,2733
10812,467,3200,2733
10813,467,3200,2733
10814,467,3200,2733
10815,467,3200,2733
10816,467,3200,2733
10817,467,3200,2733
10818,467,3200,2733
10819,467,3200,2733
10820,467,3200,2733
10821,467,3200,2733
10822,467,3200,2733
10823,467,3200,2733
10824,467,3200,2733
10825,467,3200,2733
10826,467,3200,2733
10827,467,3200,2733
10828,467,3200,2733
10829,467,3200,2733
10830,467,3200,2733
10831,467,3200,2733
10832,467,3200,2733
10833,467,3200,2733
10834,467,3200,2733
10835,467,3200,2733
10836,467,3200,2733
10837,467,3200,2733
10838,467,3200,2733
10839,467,3200,2733
10840,467,3200,2733
10841,467,3200,2733
10842,467,3200,2733
10843,467,3200,2733
10844,467,3200,2733
10845,467,3200,2733
10846,467,3200,2733
10847,467,3200,2733
10848,467,3200,2733
10849,467,3200,2733
10850,467,3200,2733
10851,467,3200,2733
10852,467,3200,2733
10853,467,3200,2733
10854,467,3200,2733
10855,467,3200,2733
10856,467,3200,2733
10857,467,3200,2733
10858,467,3200,2733
10859,467,3200,2733
10860,467,3200,2733
10861,467,3200,2733
10862,467,3200,2733
10863,467,3200,2733
10864,467,3200,2733
10865,467,3200,2733
10866,467,3200,2733
10867,467,3200,2733
10868,467,3200,2733
10869,467,3200,2733
10870,467,3200,2733
10871,467,3200,2733
10872,467,3200,2733
10873,467,3200,2733
10874,467,3200,2733
10875,467,3200,2733
10876,467,3200,2733
10877,467,3200,2733
10878,467,3200,2733
10879,467,3200,2733
10880,467,3200,2733
10881,467,3200,2733
10882,467,3200,2733
10883,467,3200,2733
10884,467,3200,2733
10885,467,3200,2733
10886,467,3200,2733
10887,467,3200,2733
10888,467,3200,2733
10889,467,3200,2733
10890,467,3200,2733
10891,467,3200,2733
10892,467,3200,2733
10893,467,3200,2733
10894,467,3200,2733
10895,467,3200,2733
10896,467,3200,2733
10897,467,3200,2733
10898,467,3200,2733
10899,467,3200,2733
10900,467,3200,2733
10901,467,3200,2733
10902,467,3200,2733
10903,467,3200,2733
10904,467,3200,2733
10905,467,3200,2733
10906,467,3200,2733
10907,467,3200,2733
10908,467,3200,2733
10909,467,3200,2733
10910,467,3200,2733
10911,467,3200,2733
10912,467,3200,2733
10913,467,3200,2733
10914,467,3200,2733
10915,467,3200,2733
10916,467,3200,2733
10917,467,3200,2733
10918,467,3200,2733
10919,467,3200,2733
10920,467,3200,2733
10921,467,3200,2733
10922,467,3200,2733
10923,467,3200,2733
10924,467,3200,2733
10925,467,3200,2733
10926,467,3200,2733
10927,467,3200,2733
10928,466,3200,2734
10929,466,3200,2734
10930,466,3200,2734
10931,465,3200,2735
10932,465,3200,2735
10933,464,3200,2736
10934,463,3200,2737
10935,463,3200,2737
10936,462,3200,2738
10937,462,3200,2738
10938,462,3200,2738
10939,462,3200,2738
10940,462,3200,2738
10941,462,3200,2738
10942,462,3200,2738
10943,461,3200,2739
10944,461,3200,2739
10945,461,3200,2739
10946,460,3200,2740
10947,460,3200,2740
10948,460,3200,2740
10949,460,3200,2740
10950,460,3200,2740
10951,460,3200,2740
10952,459,3200,2741
10953,459,3200,2741
10954,459,3200,2741
10955,459,3200,2741
10956,458,3200,2742
10957,458,3200,2742
10958,457,3200,2743
10959,457,3200,2743
10960,457,3200,2743
10961,457,3200,2743
10962,456,3200,2744
10963,456,3200,2744
10964,456,3200,2744
10965,455,3200,2745
10966,455,3200,2745
10967,455,3200,2745
10968,455,3200,2745
10969,454,3200,2746
10970,454,3200,2746
10971,454,3200,2746
10972,454,3200,2746
10973,454,3200,2746
10974,454,3200,2746
10975,454,3200,2746
10976,454,3200,2746
10977,453,3200,2747
10978,453,3200,2747
10979,453,3200,2747
10980,453,3200,2747
10981,453,3200,2747
10982,452,3200,2748
10983,452,3200,2748
10984,452,3200,2748
10985,451,3200,2749
10986,451,3200,2749
10987,451,3200,2749
10988,451,3200,2749
10989,451,3200,2749
10990,451,3200,2749
10991,451,3200,2749
10992,450,3200,2750
10993,450,3200,2750
10994,450,3200,2750
10995,449,3200,2751
10996,449,3200,2751
10997,449,3200,2751
10998,448,3200,2752
10999,448,3200,2752
11000,448,3200,2752
11001,448,3200,2752
11002,447,3200,2753
11003,447,3200,2753
11004,447,3200,2753
11005,447,3200,2753
11006,447,3200,2753
11007,447,3200,2753
11008,447,3200,2753
11009,447,3200,2753
11010,447,3200,2753
11011,446,3200,2754
11012,446,3200,2754
11013,446,3200,2754
11014,445,3200,2755
11015,445,3200,2755
11016,445,3200,2755
11017,445,3200,2755
11018,444,3200,2756
11019,444,3200,2756
11020,444,3200,2756
11021,444,3200,2756
11022,444,3200,2756
11023,444,3200,2756
11024,444,3200,2756
11025,444,3200,2756
11026,443,3200,2757
11027,443,3200,2757
11028,442,3200,2758
11029,441,3200,2759
11030,441,3200,2759
11031,441,3200,2759
11032,441,3200,2759
11033,441,3200,2759
11034,441,3200,2759
11035,440,3200,2760
11036,440,3200,2760
11037,440,3200,2760
11038,439,3200,2761
11039,439,3200,2761
11040,439,3200,2761
11041,439,3200,2761
11042,438,3200,2762
11043,438,3200,2762
11044,438,3200,2762
11045,438,3200,2762
11046,438,3200,2762
11047,438,3200,2762
11048,438,3200,2762
11049,437,3200,2763
11050,436,3200,2764
11051,436,3200,2764
11052,436,3200,2764
11053,436,3200,2764
11054,436,3200,2764
11055,436,3200,2764
11056,436,3200,2764
11057,435,3200,2765
11058,435,3200,2765
11059,434,3200,2766
11060,434,3200,2766
11061,434,3200,2766
11062,433,3200,2767
11063,433,3200,2767
11064,433,3200,2767
11065,433,3200,2767
11066,433,3200,2767
11067,433,3200,2767
11068,433,3200,2767
11069,433,3200,2767
11070,433,3200,2767
11071,432,3200,2768
11072,431,3200,2769
11073,431,3200,2769
11074,431,3200,2769
11075,431,3200,2769
11076,430,3200,2770
11077,430,3200,2770
11078,430,3200,2770
11079,429,3200,2771
11080,429,3200,2771
11081,429,3200,2771
11082,429,3200,2771
11083,429,3200,2771
11084,429,3200,2771
11085,429,3200,2771
11086,429,3200,2771
11087,429,3200,2771
11088,428,3200,2772
11089,428,3200,2772
11090,428,3200,2772
11091,428,3200,2772
11092,428,3200,2772
11093,428,3200,2772
11094,428,3200,2772
11095,428,3200,2772
11096,428,3200,2772
11097,427,3200,2773
11098,427,3200,2773
11099,427,3200,2773
11100,427,3200,2773
11101,426,3200,2774
11102,426,3200,2774
11103,425,3200,2775
11104,425,3200,2775
11105,425,3200,2775
11106,424,3200,2776
11107,424,3200,2776
11108,423,3200,2777
11109,423,3200,2777
11110,422,3200,2778
11111,422,3200,2778
11112,422,3200,2778
11113,422,3200,2778
11114,422,3200,2778
11115,422,3200,2778
11116,422,3200,2778
11117,422,3200,2778
11118,422,3200,2778
11119,422,3200,2778
11120,422,3200,2778
11121,422,3200,2778
11122,422,3200,2778
11123,422,3200,2778
11124,422,3200,2778
11125,422,3200,2778
11126,422,3200,2778
11127,421,3200,2779
11128,421,3200,2779
11129,421,3200,2779
11130,420,3200,2780
11131,420,3200,2780
11132,420,3200,2780
11133,419,3200,2781
11134,419,3200,2781
11135,419,3200,2781
11136,419,3200,2781
11137,418,3200,2782
11138,417,3200,2783
11139,417,3200,2783
11140,417,3200,2783
11141,417,3200,2783
11142,417,3200,2783
11143,416,3200,2784
11144,416,3200,2784
11145,416,3200,2784
11146,416,3200,2784
11147,416,3200,2784
11148,416,3200,2784
11149,416,3200,2784
11150,416,3200,2784
11151,416,3200,2784
11152,416,3200,2784
11153,415,3200,2785
11154,415,3200,2785
11155,414,3200,2786
11156,414,3200,2786
11157,414,3200,2786
11158,413,3200,2787
11159,413,3200,2787
11160,413,3200,2787
11161,412,3200,2788
11162,412,3200,2788
11163,412,3200,2788
11164,411,3200,2789
11165,411,3200,2789
11166,411,3200,2789
11167,410,3200,2790
11168,410,3200,2790
11169,410,3200,2790
11170,410,3200,2790
11171,410,3200,2790
11172,410,3200,2790
11173,410,3200,2790
11174,409,3200,2791
11175,409,3200,2791
11176,408,3200,2792
11177,407,3200,2793
11178,407,3200,2793
11179,407,3200,2793
11180,407,3200,2793
11181,407,3200,2793
11182,407,3200,2793
11183,407,3200,2793
11184,407,3200,2793
11185,406,3200,2794
11186,406,3200,2794
11187,406,3200,2794
11188,406,3200,2794
11189,406,3200,2794
11190,406,3200,2794
11191,406,3200,2794
11192,406,3200,2794
11193,406,3200,2794
11194,405,3200,2795
11195,405,3200,2795
11196,404,3200,2796
11197,404,3200,2796
11198,404,3200,2796
11199,403,3200,2797
11200,403,3200,2797
11201,403,3200,2797
11202,403,3200,2797
11203,403,3200,2797
11204,402,3200,2798
11205,401,3200,2799
11206,401,3200,2799
11207,401,3200,2799
11208,401,3200,2799
11209,401,3200,2799
11210,401,3200,2799
11211,400,3200,2800
11212,400,3200,2800
11213,399,3200,2801
11214,399,3200,2801
11215,399,3200,2801
11216,399,3200,2801
11217,398,3200,2802
11218,398,3200,2802
11219,398,3200,2802
11220,397,3200,2803
11221,397,3200,2803
11222,397,3200,2803
11223,396,3200,2804
11224,396,3200,2804
11225,396,3200,2804
11226,395,3200,2805
11227,395,3200,2805
11228,395,3200,2805
11229,394,3200,2806
11230,394,3200,2806
11231,394,3200,2806
11232,394,3200,2806
11233,394,3200,2806
11234,394,3200,2806
11235,394,3200,2806
11236,394,3200,2806
11237,394,3200,2806
11238,394,3200,2806
11239,394,3200,2806
11240,394,3200,2806
11241,394,3200,2806
11242,394,3200,2806
11243,394,3200,2806
11244,394,3200,2806
11245,394,3200,2806
11246,394,3200,2806
11247,394,3200,2806
11248,394,3200,2806
11249,393,3200,2807
11250,393,3200,2807
11251,392,3200,2808
11252,392,3200,2808
11253,392,3200,2808
11254,392,3200,2808
11255,392,3200,2808
11256,391,3200,2809
11257,391,3200,2809
11258,391,3200,2809
11259,391,3200,2809
11260,390,3200,2810
11261,390,3200,2810
11262,390,3200,2810
11263,389,3200,2811
11264,389,3200,2811
11265,389,3200,2811
11266,389,3200,2811
11267,388,3200,2812
11268,388,3200,2812
11269,387,3200,2813
11270,387,3200,2813
11271,387,3200,2813
11272,387,3200,2813
11273,387,3200,2813
11274,386,3200,2814
11275,386,3200,2814
11276,386,3200,2814
11277,386,3200,2814
11278,385,3200,2815
11279,385,3200,2815
11280,385,3200,2815
11281,385,3200,2815
11282,385,3200,2815
11283,385,3200,2815
11284,385,3200,2815
11285,384,3200,2816
11286,384,3200,2816
11287,384,3200,2816
11288,383,3200,2817
11289,383,3200,2817
11290,382,3200,2818
11291,382,3200,2818
11292,382,3200,2818
11293,381,3200,2819
11294,381,3200,2819
11295,381,3200,2819
11296,380,3200,2820
11297,380,3200,2820
11298,380,3200,2820
11299,380,3200,2820
11300,380,3200,2820
11301,380,3200,2820
11302,380,3200,2820
11303,380,3200,2820
11304,380,3200,2820
11305,380,3200,2820
11306,380,3200,2820
11307,380,3200,2820
11308,379,3200,2821
11309,379,3200,2821
11310,379,3200,2821
11311,379,3200,2821
11312,379,3200,2821
11313,379,3200,2821
11314,378,3200,2822
11315,378,3200,2822
11316,378,3200,2822
11317,377,3200,2823
11318,376,3200,2824
11319,376,3200,2824
11320,376,3200,2824
11321,376,3200,2824
11322,376,3200,2824
11323,375,3200,2825
11324,375,3200,2825
11325,375,3200,2825
11326,375,3200,2825
11327,375,3200,2825
11328,374,3200,2826
11329,374,3200,2826
11330,374,3200,2826
11331,374,3200,2826
11332,374,3200,2826
11333,373,3200,2827
11334,373,3200,2827
11335,372,3200,2828
11336,372,3200,2828
11337,372,3200,2828
11338,371,3200,2829
11339,371,3200,2829
11340,371,3200,2829
11341,370,3200,2830
11342,370,3200,2830
11343,370,3200,2830
11344,370,3200,2830
11345,370,3200,2830
11346,370,3200,2830
11347,370,3200,2830
11348,370,3200,2830
11349,370,3200,2830
11350,369,3200,2831
11351,369,3200,2831
11352,368,3200,2832
11353,368,3200,2832
11354,368,3200,2832
11355,368,3200,2832
11356,367,3200,2833
11357,366,3200,2834
11358,366,3200,2834
11359,366,3200,2834
11360,366,3200,2834
11361,365,3200,2835
11362,365,3200,2835
11363,364,3200,2836
11364,364,3200,2836
11365,364,3200,2836
11366,363,3200,2837
11367,363,3200,2837
11368,363,3200,2837
11369,363,3200,2837
11370,363,3200,2837
11371,362,3200,2838
11372,362,3200,2838
11373,361,3200,2839
11374,361,3200,2839
11375,361,3200,2839
11376,361,3200,2839
11377,360,3200,2840
11378,360,3200,2840
11379,360,3200,2840
11380,360,3200,2840
11381,360,3200,2840
11382,360,3200,2840
11383,360,3200,2840
11384,360,3200,2840
11385,360,3200,2840
11386,360,3200,2840
11387,360,3200,2840
11388,360,3200,2840
11389,360,3200,2840
11390,360,3200,2840
11391,359,3200,2841
11392,359,3200,2841
11393,359,3200,2841
11394,358,3200,2842
11395,358,3200,2842
11396,358,3200,2842
11397,357,3200,2843
11398,357,3200,2843
11399,357,3200,2843
11400,357,3200,2843
11401,357,3200,2843
11402,356,3200,2844
11403,356,3200,2844
11404,356,3200,2844
11405,355,3200,2845
11406,355,3200,2845
11407,355,3200,2845
11408,354,3200,2846
11409,354,3200,2846
11410,354,3200,2846
11411,353,3200,2847
11412,353,3200,2847
11413,353,3200,2847
11414,353,3200,2847
11415,353,3200,2847
11416,352,3200,2848
11417,351,3200,2849
11418,351,3200,2849
11419,350,3200,2850
11420,350,3200,2850
11421,350,3200,2850
11422,350,3200,2850
11423,350,3200,2850
11424,350,3200,2850
11425,350,3200,2850
11426,350,3200,2850
11427,350,3200,2850
11428,350,3200,2850
11429,350,3200,2850
11430,350,3200,2850
11431,350,3200,2850
11432,350,3200,2850
11433,350,3200,2850
11434,349,3200,2851
11435,349,3200,2851
11436,349,3200,2851
11437,349,3200,2851
11438,349,3200,2851
11439,348,3200,2852
11440,348,3200,2852
11441,348,3200,2852
11442,348,3200,2852
11443,347,3200,2853
11444,347,3200,2853
11445,347,3200,2853
11446,346,3200,2854
11447,346,3200,2854
11448,346,3200,2854
11449,346,3200,2854
11450,346,3200,2854
11451,345,3200,2855
11452,345,3200,2855
11453,345,3200,2855
11454,345,3200,2855
11455,344,3200,2856
11456,343,3200,2857
11457,343,3200,2857
11458,343,3200,2857
11459,343,3200,2857
11460,343,3200,2857
11461,342,3200,2858
11462,342,3200,2858
11463,341,3200,2859
11464,341,3200,2859
11465,341,3200,2859
11466,341,3200,2859
11467,341,3200,2859
11468,340,3200,2860
11469,340,3200,2860
11470,340,3200,2860
11471,340,3200,2860
11472,340,3200,2860
11473,339,3200,2861
11474,339,3200,2861
11475,338,3200,2862
11476,338,3200,2862
11477,336,3200,2864
11478,336,3200,2864
11479,335,3200,2865
11480,335,3200,2865
11481,335,3200,2865
11482,335,3200,2865
11483,334,3200,2866
11484,334,3200,2866
11485,334,3200,2866
11486,334,3200,2866
11487,334,3200,2866
11488,333,3200,2867
11489,333,3200,2867
11490,333,3200,2867
11491,333,3200,2867
11492,333,3200,2867
11493,332,3200,2868
11494,332,3200,2868
11495,332,3200,2868
11496,332,3200,2868
11497,332,3200,2868
11498,332,3200,2868
11499,331,3200,2869
11500,330,3200,2870
11501,329,3200,2871
11502,328,3200,2872
11503,328,3200,2872
11504,327,3200,2873
11505,326,3200,2874
11506,325,3200,2875
11507,325,3200,2875
11508,325,3200,2875
11509,324,3200,2876
11510,324,3200,2876
11511,324,3200,2876
11512,324,3200,2876
11513,323,3200,2877
11514,323,3200,2877
11515,323,3200,2877
11516,321,3200,2879
11517,321,3200,2879
11518,320,3200,2880
11519,320,3200,2880
11520,319,3200,2881
11521,319,3200,2881
11522,319,3200,2881
11523,318,3200,2882
11524,317,3200,2883
11525,317,3200,2883
11526,317,3200,2883
11527,315,3200,2885
11528,315,3200,2885
11529,315,3200,2885
11530,314,3200,2886
11531,313,3200,2887
11532,313,3200,2887
11533,313,3200,2887
11534,312,3200,2888
11535,312,3200,2888
11536,312,3200,2888
11537,311,3200,2889
11538,310,3200,2890
11539,310,3200,2890
11540,310,3200,2890
11541,308,3200,2892
11542,308,3200,2892
11543,307,3200,2893
11544,307,3200,2893
11545,307,3200,2893
11546,306,3200,2894
11547,304,3200,2896
11548,304,3200,2896
11549,304,3200,2896
11550,303,3200,2897
11551,303,3200,2897
11552,302,3200,2898
11553,302,3200,2898
11554,301,3200,2899
11555,299,3200,2901
11556,299,3200,2901
11557,298,3200,2902
11558,298,3200,2902
11559,298,3200,2902
11560,298,3200,2902
11561,298,3200,2902
11562,298,3200,2902
11563,297,3200,2903
11564,297,3200,2903
11565,296,3200,2904
11566,296,3200,2904
11567,296,3200,2904
11568,296,3200,2904
11569,296,3200,2904
11570,295,3200,2905
11571,295,3200,2905
11572,295,3200,2905
11573,293,3200,2907
11574,292,3200,2908
11575,292,3200,2908
11576,291,3200,2909
11577,291,3200,2909
11578,291,3200,2909
11579,290,3200,2910
11580,290,3200,2910
11581,289,3200,2911
11582,289,3200,2911
11583,289,3200,2911
11584,289,3200,2911
11585,289,3200,2911
11586,288,3200,2912
11587,288,3200,2912
11588,287,3200,2913
11589,287,3200,2913
11590,286,3200,2914
11591,286,3200,2914
11592,286,3200,2914
11593,285,3200,2915
11594,285,3200,2915
11595,285,3200,2915
11596,285,3200,2915
11597,285,3200,2915
11598,284,3200,2916
11599,284,3200,2916
11600,284,3200,2916
11601,283,3200,2917
11602,282,3200,2918
11603,282,3200,2918
11604,282,3200,2918
11605,280,3200,2920
11606,280,3200,2920
11607,278,3200,2922
11608,277,3200,2923
11609,276,3200,2924
11610,276,3200,2924
11611,276,3200,2924
11612,276,3200,2924
11613,275,3200,2925
11614,274,3200,2926
11615,274,3200,2926
11616,274,3200,2926
11617,274,3200,2926
11618,274,3200,2926
11619,274,3200,2926
11620,274,3200,2926
11621,274,3200,2926
11622,274,3200,2926
11623,273,3200,2927
11624,272,3200,2928
11625,272,3200,2928
11626,271,3200,2929
11627,269,3200,2931
11628,269,3200,2931
11629,269,3200,2931
11630,268,3200,2932
11631,268,3200,2932
11632,267,3200,2933
11633,267,3200,2933
11634,267,3200,2933
11635,267,3200,2933
11636,266,3200,2934
11637,266,3200,2934
11638,265,3200,2935
11639,264,3200,2936
11640,264,3200,2936
11641,263,3200,2937
11642,262,3200,2938
11643,261,3200,2939
11644,261,3200,2939
11645,260,3200,2940
11646,259,3200,2941
11647,259,3200,2941
11648,259,3200,2941
11649,258,3200,2942
11650,258,3200,2942
11651,257,3200,2943
11652,256,3200,2944
11653,256,3200,2944
11654,255,3200,2945
11655,255,3200,2945
11656,255,3200,2945
11657,255,3200,2945
11658,255,3200,2945
11659,253,3200,2947
11660,253,3200,2947
11661,253,3200,2947
11662,253,3200,2947
11663,252,3200,2948
11664,251,3200,2949
11665,250,3200,2950
11666,249,3200,2951
11667,249,3200,2951
11668,249,3200,2951
11669,249,3200,2951
11670,248,3200,2952
11671,247,3200,2953
11672,247,3200,2953
11673,247,3200,2953
11674,245,3200,2955
11675,245,3200,2955
11676,245,3200,2955
11677,245,3200,2955
11678,244,3200,2956
11679,243,3200,2957
11680,242,3200,2958
11681,242,3200,2958
11682,242,3200,2958
11683,241,3200,2959
11684,240,3200,2960
11685,240,3200,2960
11686,240,3200,2960
11687,239,3200,2961
11688,239,3200,2961
11689,239,3200,2961
11690,237,3200,2963
11691,237,3200,2963
11692,237,3200,2963
11693,236,3200,2964
11694,236,3200,2964
11695,235,3200,2965
11696,235,3200,2965
11697,235,3200,2965
11698,234,3200,2966
11699,234,3200,2966
11700,232,3200,2968
11701,232,3200,2968
11702,232,3200,2968
11703,232,3200,2968
11704,232,3200,2968
11705,231,3200,2969
11706,230,3200,2970
11707,230,3200,2970
11708,230,3200,2970
11709,227,3200,2973
11710,227,3200,2973
11711,226,3200,2974
11712,226,3200,2974
11713,226,3200,2974
11714,226,3200,2974
11715,226,3200,2974
11716,226,3200,2974
11717,226,3200,2974
11718,226,3200,2974
11719,224,3200,2976
11720,224,3200,2976
11721,223,3200,2977
11722,223,3200,2977
11723,223,3200,2977
11724,222,3200,2978
11725,222,3200,2978
11726,221,3200,2979
11727,221,3200,2979
11728,221,3200,2979
11729,220,3200,2980
11730,220,3200,2980
11731,220,3200,2980
11732,219,3200,2981
11733,219,3200,2981
11734,219,3200,2981
11735,218,3200,2982
11736,217,3200,2983
11737,217,3200,2983
11738,216,3200,2984
11739,215,3200,2985
11740,215,3200,2985
11741,214,3200,2986
11742,214,3200,2986
11743,214,3200,2986
11744,213,3200,2987
11745,211,3200,2989
11746,211,3200,2989
11747,211,3200,2989
11748,211,3200,2989
11749,208,3200,2992
11750,207,3200,2993
11751,205,3200,2995
11752,205,3200,2995
11753,205,3200,2995
11754,205,3200,2995
11755,205,3200,2995
11756,205,3200,2995
11757,204,3200,2996
11758,204,3200,2996
11759,204,3200,2996
11760,204,3200,2996
11761,203,3200,2997
11762,202,3200,2998
11763,201,3200,2999
11764,201,3200,2999
11765,201,3200,2999
11766,200,3200,3000
11767,200,3200,3000
11768,200,3200,3000
11769,200,3200,3000
11770,199,3200,3001
11771,197,3200,3003
11772,197,3200,3003
11773,195,3200,3005
11774,195,3200,3005
11775,193,3200,3007
11776,193,3200,3007
11777,193,3200,3007
11778,193,3200,3007
11779,193,3200,3007
11780,193,3200,3007
11781,191,3200,3009
11782,190,3200,3010
11783,190,3200,3010
11784,189,3200,3011
11785,188,3200,3012
11786,188,3200,3012
11787,188,3200,3012
11788,187,3200,3013
11789,187,3200,3013
11790,187,3200,3013
11791,185,3200,3015
11792,184,3200,3016
11793,184,3200,3016
11794,184,3200,3016
11795,183,3200,3017
11796,183,3200,3017
11797,183,3200,3017
11798,182,3200,3018
11799,182,3200,3018
11800,182,3200,3018
11801,182,3200,3018
11802,182,3200,3018
11803,181,3200,3019
11804,181,3200,3019
11805,181,3200,3019
11806,181,3200,3019
11807,181,3200,3019
11808,180,3200,3020
11809,179,3200,3021
11810,178,3200,3022
11811,178,3200,3022
11812,178,3200,3022
11813,178,3200,3022
11814,178,3200,3022
11815,178,3200,3022
11816,178,3200,3022
11817,177,3200,3023
11818,177,3200,3023
11819,176,3200,3024
11820,175,3200,3025
11821,174,3200,3026
11822,174,3200,3026
11823,173,3200,3027
11824,173,3200,3027
11825,173,3200,3027
11826,172,3200,3028
11827,172,3200,3028
11828,172,3200,3028
11829,172,3200,3028
11830,172,3200,3028
11831,171,3200,3029
11832,171,3200,3029
11833,170,3200,3030
11834,170,3200,3030
11835,169,3200,3031
11836,169,3200,3031
11837,169,3200,3031
11838,168,3200,3032
11839,168,3200,3032
11840,168,3200,3032
11841,167,3200,3033
11842,166,3200,3034
11843,166,3200,3034
11844,165,3200,3035
11845,164,3200,3036
11846,163,3200,3037
11847,163,3200,3037
11848,162,3200,3038
11849,162,3200,3038
11850,161,3200,3039
11851,161,3200,3039
11852,160,3200,3040
11853,159,3200,3041
11854,159,3200,3041
11855,159,3200,3041
11856,159,3200,3041
11857,159,3200,3041
11858,158,3200,3042
11859,158,3200,3042
11860,158,3200,3042
11861,158,3200,3042
11862,157,3200,3043
11863,156,3200,3044
11864,155,3200,3045
11865,155,3200,3045
11866,153,3200,3047
11867,153,3200,3047
11868,152,3200,3048
11869,151,3200,3049
11870,150,3200,3050
11871,150,3200,3050
11872,150,3200,3050
11873,150,3200,3050
11874,150,3200,3050
11875,149,3200,3051
11876,148,3200,3052
11877,148,3200,3052
11878,148,3200,3052
11879,147,3200,3053
11880,147,3200,3053
11881,147,3200,3053
11882,147,3200,3053
11883,146,3200,3054
11884,145,3200,3055
11885,145,3200,3055
11886,145,3200,3055
11887,144,3200,3056
11888,143,3200,3057
11889,143,3200,3057
11890,143,3200,3057
11891,142,3200,3058
11892,141,3200,3059
11893,141,3200,3059
11894,141,3200,3059
11895,141,3200,3059
11896,140,3200,3060
11897,139,3200,3061
11898,138,3200,3062
11899,138,3200,3062
11900,137,3200,3063
11901,137,3200,3063
11902,135,3200,3065
11903,135,3200,3065
11904,135,3200,3065
11905,135,3200,3065
11906,134,3200,3066
11907,133,3200,3067
11908,133,3200,3067
11909,133,3200,3067
11910,131,3200,3069
11911,130,3200,3070
11912,130,3200,3070
11913,130,3200,3070
11914,128,3200,3072
11915,128,3200,3072
11916,127,3200,3073
11917,127,3200,3073
11918,127,3200,3073
11919,127,3200,3073
11920,127,3200,3073
11921,126,3200,3074
11922,126,3200,3074
11923,126,3200,3074
11924,126,3200,3074
11925,126,3200,3074
11926,125,3200,3075
11927,125,3200,3075
11928,124,3200,3076
11929,124,3200,3076
11930,124,3200,3076
11931,123,3200,3077
11932,123,3200,3077
11933,122,3200,3078
11934,122,3200,3078
11935,122,3200,3078
11936,120,3200,3080
11937,120,3200,3080
11938,120,3200,3080
11939,120,3200,3080
11940,120,3200,3080
11941,120,3200,3080
11942,119,3200,3081
11943,118,3200,3082
11944,117,3200,3083
11945,116,3200,3084
11946,116,3200,3084
11947,115,3200,3085
11948,115,3200,3085
11949,115,3200,3085
11950,114,3200,3086
11951,113,3200,3087
11952,111,3200,3089
11953,111,3200,3089
11954,111,3200,3089
11955,111,3200,3089
11956,111,3200,3089
11957,110,3200,3090
11958,110,3200,3090
11959,110,3200,3090
11960,110,3200,3090
11961,110,3200,3090
11962,110,3200,3090
11963,110,3200,3090
11964,109,3200,3091
11965,109,3200,3091
11966,109,3200,3091
11967,108,3200,3092
11968,108,3200,3092
11969,108,3200,3092
11970,108,3200,3092
11971,108,3200,3092
11972,107,3200,3093
11973,107,3200,3093
11974,107,3200,3093
11975,106,3200,3094
11976,106,3200,3094
11977,106,3200,3094
11978,106,3200,3094
11979,106,3200,3094
11980,106,3200,3094
11981,106,3200,3094
11982,106,3200,3094
11983,106,3200,3094
11984,106,3200,3094
11985,105,3200,3095
11986,105,3200,3095
11987,105,3200,3095
11988,104,3200,3096
11989,104,3200,3096
11990,103,3200,3097
11991,102,3200,3098
11992,102,3200,3098
11993,102,3200,3098
11994,102,3200,3098
11995,102,3200,3098
11996,101,3200,3099
11997,101,3200,3099
11998,100,3200,3100
11999,100,3200,3100
12000,100,3200,3100
12001,100,3200,3100
12002,100,3200,3100
12003,100,3200,3100
12004,100,3200,3100
12005,100,3200,3100
12006,100,3200,3100
12007,100,3200,3100
12008,99,3200,3101
12009,99,3200,3101
12010,99,3200,3101
12011,98,3200,3102
12012,98,3200,3102
12013,98,3200,3102
12014,97,3200,3103
12015,97,3200,3103
12016,97,3200,3103
12017,97,3200,3103
12018,97,3200,3103
12019,97,3200,3103
12020,96,3200,3104
12021,96,3200,3104
12022,95,3200,3105
12023,95,3200,3105
12024,94,3200,3106
12025,94,3200,3106
12026,94,3200,3106
12027,94,3200,3106
12028,94,3200,3106
12029,94,3200,3106
12030,94,3200,3106
12031,94,3200,3106
12032,93,3200,3107
12033,92,3200,3108
12034,92,3200,3108
12035,92,3200,3108
12036,92,3200,3108
12037,91,3200,3109
12038,91,3200,3109
12039,91,3200,3109
12040,91,3200,3109
12041,91,3200,3109
12042,91,3200,3109
12043,91,3200,3109
12044,91,3200,3109
12045,91,3200,3109
12046,90,3200,3110
12047,90,3200,3110
12048,89,3200,3111
12049,89,3200,3111
12050,88,3200,3112
12051,88,3200,3112
12052,88,3200,3112
12053,87,3200,3113
12054,87,3200,3113
12055,87,3200,3113
12056,87,3200,3113
12057,87,3200,3113
12058,87,3200,3113
12059,87,3200,3113
12060,87,3200,3113
12061,87,3200,3113
12062,86,3200,3114
12063,86,3200,3114
12064,85,3200,3115
12065,85,3200,3115
12066,85,3200,3115
12067,85,3200,3115
12068,85,3200,3115
12069,85,3200,3115
12070,84,3200,3116
12071,84,3200,3116
12072,84,3200,3116
12073,84,3200,3116
12074,83,3200,3117
12075,83,3200,3117
12076,82,3200,3118
12077,82,3200,3118
12078,82,3200,3118
12079,82,3200,3118
12080,82,3200,3118
12081,81,3200,3119
12082,81,3200,3119
12083,80,3200,3120
12084,80,3200,3120
12085,80,3200,3120
12086,79,3200,3121
12087,79,3200,3121
12088,79,3200,3121
12089,79,3200,3121
12090,79,3200,3121
12091,79,3200,3121
12092,79,3200,3121
12093,79,3200,3121
12094,78,3200,3122
12095,78,3200,3122
12096,78,3200,3122
12097,78,3200,3122
12098,78,3200,3122
12099,78,3200,3122
12100,78,3200,3122
12101,78,3200,3122
12102,78,3200,3122
12103,78,3200,3122
12104,77,3200,3123
12105,77,3200,3123
12106,76,3200,3124
12107,76,3200,3124
12108,76,3200,3124
12109,76,3200,3124
12110,75,3200,3125
12111,75,3200,3125
12112,75,3200,3125
12113,74,3200,3126
12114,73,3200,3127
12115,73,3200,3127
12116,73,3200,3127
12117,72,3200,3128
12118,72,3200,3128
12119,72,3200,3128
12120,72,3200,3128
12121,72,3200,3128
12122,72,3200,3128
12123,71,3200,3129
12124,71,3200,3129
12125,71,3200,3129
12126,70,3200,3130
12127,70,3200,3130
12128,70,3200,3130
12129,70,3200,3130
12130,69,3200,3131
12131,69,3200,3131
12132,68,3200,3132
12133,68,3200,3132
12134,67,3200,3133
12135,67,3200,3133
12136,67,3200,3133
12137,67,3200,3133
12138,67,3200,3133
12139,67,3200,3133
12140,67,3200,3133
12141,67,3200,3133
12142,67,3200,3133
12143,67,3200,3133
12144,67,3200,3133
12145,67,3200,3133
12146,67,3200,3133
12147,66,3200,3134
12148,66,3200,3134
12149,66,3200,3134
12150,65,3200,3135
12151,65,3200,3135
12152,65,3200,3135
12153,65,3200,3135
12154,65,3200,3135
12155,65,3200,3135
12156,65,3200,3135
12157,65,3200,3135
12158,65,3200,3135
12159,65,3200,3135
12160,65,3200,3135
12161,65,3200,3135
12162,64,3200,3136
12163,64,3200,3136
12164,64,3200,3136
12165,64,3200,3136
12166,64,3200,3136
12167,64,3200,3136
12168,64,3200,3136
12169,64,3200,3136
12170,64,3200,3136
12171,64,3200,3136
12172,64,3200,3136
12173,64,3200,3136
12174,64,3200,3136
12175,64,3200,3136
12176,64,3200,3136
12177,64,3200,3136
12178,64,3200,3136
12179,64,3200,3136
12180,64,3200,3136
12181,64,3200,3136
12182,64,3200,3136
12183,64,3200,3136
12184,64,3200,3136
12185,64,3200,3136
12186,64,3200,3136
12187,64,3200,3136
12188,64,3200,3136
12189,64,3200,3136
12190,64,3200,3136
12191,64,3200,3136
12192,64,3200,3136
12193,64,3200,3136
12194,64,3200,3136
12195,64,3200,3136
12196,64,3200,3136
12197,64,3200,3136
12198,64,3200,3136
12199,64,3200,3136
12200,64,3200,3136
12201,64,3200,3136
12202,64,3200,3136
12203,64,3200,3136
12204,64,3200,3136
12205,64,3200,3136
12206,64,3200,3136
12207,64,3200,3136
12208,64,3200,3136
12209,64,3200,3136
12210,64,3200,3136
12211,64,3200,3136
12212,64,3200,3136
12213,64,3200,3136
12214,64,3200,3136
12215,64,3200,3136
12216,64,3200,3136
12217,64,3200,3136
12218,64,3200,3136
12219,64,3200,3136
12220,64,3200,3136
12221,64,3200,3136
12222,64,3200,3136
12223,64,3200,3136
12224,64,3200,3136
12225,64,3200,3136
12226,64,3200,3136
12227,64,3200,3136
12228,64,3200,3136
12229,64,3200,3136
12230,64,3200,3136
12231,64,3200,3136
12232,64,3200,3136
12233,64,3200,3136
12234,64,3200,3136
12235,64,3200,3136
12236,64,3200,3136
12237,64,3200,3136
12238,64,3200,3136
12239,64,3200,3136
12240,64,3200,3136
12241,64,3200,3136
12242,64,3200,3136
12243,64,3200,3136
12244,64,3200,3136
12245,64,3200,3136
12246,64,3200,3136
12247,64,3200,3136
12248,64,3200,3136
12249,64,3200,3136
12250,64,3200,3136
12251,64,3200,3136
12252,64,3200,3136
12253,64,3200,3136
12254,64,3200,3136
12255,64,3200,3136
12256,64,3200,3136
12257,64,3200,3136
12258,64,3200,3136
12259,64,3200,3136
12260,64,3200,3136
12261,64,3200,3136
12262,64,3200,3136
12263,64,3200,3136
12264,64,3200,3136
12265,64,3200,3136
12266,64,3200,3136
12267,64,3200,3136
12268,64,3200,3136
12269,64,3200,3136
12270,64,3200,3136
12271,64,3200,3136
12272,64,3200,3136
12273,64,3200,3136
12274,64,3200,3136
12275,64,3200,3136
12276,64,3200,3136
12277,64,3200,3136
12278,64,3200,3136
12279,64,3200,3136
12280,64,3200,3136
12281,64,3200,3136
12282,64,3200,3136
12283,64,3200,3136
12284,64,3200,3136
12285,64,3200,3136
12286,64,3200,3136
12287,64,3200,3136
12288,64,3200,3136
12289,64,3200,3136
12290,64,3200,3136
12291,64,3200,3136
12292,64,3200,3136
12293,64,3200,3136
12294,64,3200,3136
12295,64,3200,3136
12296,64,3200,3136
12297,64,3200,3136
12298,64,3200,3136
12299,64,3200,3136
12300,64,3200,3136
12301,64,3200,3136
12302,64,3200,3136
12303,64,3200,3136
12304,64,3200,3136
12305,64,3200,3136
12306,64,3200,3136
12307,64,3200,3136
12308,64,3200,3136
12309,64,3200,3136
12310,64,3200,3136
12311,64,3200,3136
12312,64,3200,3136
12313,64,3200,3136
12314,64,3200,3136
12315,64,3200,3136
12316,64,3200,3136
12317,64,3200,3136
12318,64,3200,3136
12319,64,3200,3136
12320,64,3200,3136
12321,64,3200,3136
12322,64,3200,3136
12323,64,3200,3136
12324,64,3200,3136
12325,64,3200,3136
12326,64,3200,3136
12327,64,3200,3136
12328,64,3200,3136
12329,64,3200,3136
12330,64,3200,3136
12331,64,3200,3136
12332,64,3200,3136
12333,64,3200,3136
12334,64,3200,3136
12335,64,3200,3136
12336,64,3200,3136
12337,64,3200,3136
12338,64,3200,3136
12339,64,3200,3136
12340,64,3200,3136
12341,64,3200,3136
12342,64,3200,3136
12343,64,3200,3136
12344,64,3200,3136
12345,64,3200,3136
12346,64,3200,3136
12347,64,3200,3136
12348,64,3200,3136
12349,64,3200,3136
12350,64,3200,3136
12351,64,3200,3136
12352,64,3200,3136
12353,64,3200,3136
12354,64,3200,3136
12355,64,3200,3136
12356,64,3200,3136
12357,64,3200,3136
12358,64,3200,3136
12359,64,3200,3136
12360,64,3200,3136
12361,64,3200,3136
12362,64,3200,3136
12363,64,3200,3136
12364,64,3200,3136
12365,64,3200,3136
12366,64,3200,3136
12367,64,3200,3136
12368,64,3200,3136
12369,64,3200,3136
12370,64,3200,3136
12371,64,3200,3136
12372,64,3200,3136
12373,64,3200,3136
12374,64,3200,3136
12375,64,3200,3136
12376,64,3200,3136
12377,64,3200,3136
12378,64,3200,3136
12379,64,3200,3136
12380,64,3200,3136
12381,64,3200,3136
12382,64,3200,3136
12383,64,3200,3136
12384,64,3200,3136
12385,64,3200,3136
12386,64,3200,3136
12387,64,3200,3136
12388,64,3200,3136
12389,64,3200,3136
12390,64,3200,3136
12391,64,3200,3136
12392,64,3200,3136
12393,64,3200,3136
12394,64,3200,3136
12395,64,3200,3136
12396,64,3200,3136
12397,64,3200,3136
12398,64,3200,3136
12399,64,3200,3136
12400,64,3200,3136
12401,64,3200,3136
12402,64,3200,3136
12403,64,3200,3136
12404,64,3200,3136
12405,64,3200,3136
12406,64,3200,3136
12407,64,3200,3136
12408,64,3200,3136
12409,64,3200,3136
12410,64,3200,3136
12411,64,3200,3136
12412,64,3200,3136
12413,64,3200,3136
12414,64,3200,3136
12415,64,3200,3136
12416,64,3200,3136
12417,64,3200,3136
12418,64,3200,3136
12419,64,3200,3136
12420,64,3200,3136
12421,64,3200,3136
12422,64,3200,3136
12423,64,3200,3136
12424,64,3200,3136
12425,64,3200,3136
12426,64,3200,3136
12427,64,3200,3136
12428,64,3200,3136
12429,64,3200,3136
12430,64,3200,3136
12431,64,3200,3136
12432,64,3200,3136
12433,64,3200,3136
12434,64,3200,3136
12435,64,3200,3136
12436,64,3200,3136
12437,64,3200,3136
12438,64,3200,3136
12439,64,3200,3136
12440,64,3200,3136
12441,64,3200,3136
12442,64,3200,3136
12443,64,3200,3136
12444,64,3200,3136
12445,64,3200,3136
12446,64,3200,3136
12447,64,3200,3136
12448,64,3200,3136
12449,64,3200,3136
12450,64,3200,3136
12451,64,3200,3136
12452,64,3200,3136
12453,64,3200,3136
12454,64,3200,3136
12455,64,3200,3136
12456,64,3200,3136
12457,64,3200,3136
12458,64,3200,3136
12459,64,3200,3136
12460,64,3200,3136
12461,64,3200,3136
12462,64,3200,3136
12463,64,3200,3136
12464,64,3200,3136
12465,64,3200,3136
12466,64,3200,3136
12467,64,3200,3136
12468,64,3200,3136
12469,64,3200,3136
12470,64,3200,3136
12471,64,3200,3136
12472,64,3200,3136
12473,64,3200,3136
12474,64,3200,3136
12475,64,3200,3136
12476,64,3200,3136
12477,64,3200,3136
12478,64,3200,3136
12479,64,3200,3136
12480,64,3200,3136
12481,64,3200,3136
12482,64,3200,3136
12483,64,3200,3136
12484,64,3200,3136
12485,64,3200,3136
12486,64,3200,3136
12487,64,3200,3136
12488,64,3200,3136
12489,64,3200,3136
12490,64,3200,3136
12491,64,3200,3136
12492,64,3200,3136
12493,64,3200,3136
12494,64,3200,3136
12495,64,3200,3136
12496,64,3200,3136
12497,64,3200,3136
12498,64,3200,3136
12499,64,3200,3136
12500,64,3200,3136
12501,64,3200,3136
12502,64,3200,3136
12503,64,3200,3136
12504,64,3200,3136
12505,64,3200,3136
12506,64,3200,3136
12507,64,3200,3136
12508,64,3200,3136
12509,64,3200,3136
12510,64,3200,3136
12511,64,3200,3136
12512,64,3200,3136
12513,64,3200,3136
12514,64,3200,3136
12515,64,3200,3136
12516,64,3200,3136
12517,64,3200,3136
12518,64,3200,3136
12519,64,3200,3136
12520,64,3200,3136
12521,64,3200,3136
12522,64,3200,3136
12523,64,3200,3136
12524,64,3200,3136
12525,64,3200,3136
12526,64,3200,3136
12527,64,3200,3136
12528,64,3200,3136
12529,64,3200,3136
12530,64,3200,3136
12531,64,3200,3136
12532,64,3200,3136
12533,64,3200,3136
12534,64,3200,3136
12535,64,3200,3136
12536,64,3200,3136
12537,64,3200,3136
12538,64,3200,3136
12539,64,3200,3136
12540,64,3200,3136
12541,64,3200,3136
12542,64,3200,3136
12543,64,3200,3136
12544,64,3200,3136
12545,64,3200,3136
12546,64,3200,3136
12547,64,3200,3136
12548,64,3200,3136
12549,64,3200,3136
12550,64,3200,3136
12551,64,3200,3136
12552,64,3200,3136
12553,64,3200,3136
12554,64,3200,3136
12555,64,3200,3136
12556,64,3200,3136
12557,64,3200,3136
12558,64,3200,3136
12559,64,3200,3136
12560,64,3200,3136
12561,64,3200,3136
12562,64,3200,3136
12563,64,3200,3136
12564,64,3200,3136
12565,64,3200,3136
12566,64,3200,3136
12567,64,3200,3136
12568,64,3200,3136
12569,64,3200,3136
12570,64,3200,3136
12571,64,3200,3136
12572,64,3200,3136
12573,64,3200,3136
12574,64,3200,3136
12575,64,3200,3136
12576,64,3200,3136
12577,64,3200,3136
12578,64,3200,3136
12579,64,3200,3136
12580,64,3200,3136
12581,64,3200,3136
12582,64,3200,3136
12583,64,3200,3136
12584,64,3200,3136
12585,64,3200,3136
12586,64,3200,3136
12587,64,3200,3136
12588,64,3200,3136
12589,64,3200,3136
12590,64,3200,3136
12591,64,3200,3136
12592,64,3200,3136
12593,64,3200,3136
12594,64,3200,3136
12595,64,3200,3136
12596,64,3200,3136
12597,64,3200,3136
12598,64,3200,3136
12599,64,3200,3136
12600,64,3200,3136
12601,64,3200,3136
12602,64,3200,3136
12603,64,3200,3136
12604,64,3200,3136
12605,64,3200,3136
12606,64,3200,3136
12607,64,3200,3136
12608,64,3200,3136
12609,64,3200,3136
12610,64,3200,3136
12611,64,3200,3136
12612,64,3200,3136
12613,64,3200,3136
12614,64,3200,3136
12615,64,3200,3136
12616,64,3200,3136
12617,64,3200,3136
12618,64,3200,3136
12619,64,3200,3136
12620,64,3200,3136
12621,64,3200,3136
12622,64,3200,3136
12623,64,3200,3136
12624,64,3200,3136
12625,64,3200,3136
12626,64,3200,3136
12627,64,3200,3136
12628,64,3200,3136
12629,64,3200,3136
12630,64,3200,3136
12631,64,3200,3136
12632,64,3200,3136
12633,64,3200,3136
12634,64,3200,3136
12635,64,3200,3136
12636,64,3200,3136
12637,64,3200,3136
12638,64,3200,3136
12639,64,3200,3136
12640,64,3200,3136
12641,64,3200,3136
12642,64,3200,3136
12643,64,3200,3136
12644,64,3200,3136
12645,64,3200,3136
12646,64,3200,3136
12647,64,3200,3136
12648,64,3200,3136
12649,64,3200,3136
12650,64,3200,3136
12651,64,3200,3136
12652,64,3200,3136
12653,64,3200,3136
12654,64,3200,3136
12655,64,3200,3136
12656,64,3200,3136
12657,64,3200,3136
12658,64,3200,3136
12659,64,3200,3136
12660,64,3200,3136
12661,63,3200,3137
12662,63,3200,3137
12663,62,3200,3138
12664,62,3200,3138
12665,61,3200,3139
12666,61,3200,3139
12667,61,3200,3139
12668,61,3200,3139
12669,60,3200,3140
12670,60,3200,3140
12671,60,3200,3140
12672,60,3200,3140
12673,60,3200,3140
12674,60,3200,3140
12675,60,3200,3140
12676,60,3200,3140
12677,60,3200,3140
12678,60,3200,3140
12679,60,3200,3140
12680,60,3200,3140
12681,60,3200,3140
12682,60,3200,3140
12683,59,3200,3141
12684,59,3200,3141
12685,58,3200,3142
12686,58,3200,3142
12687,58,3200,3142
12688,58,3200,3142
12689,57,3200,3143
12690,57,3200,3143
12691,57,3200,3143
12692,57,3200,3143
12693,57,3200,3143
12694,56,3200,3144
12695,56,3200,3144
12696,56,3200,3144
12697,56,3200,3144
12698,55,3200,3145
12699,55,3200,3145
12700,55,3200,3145
12701,54,3200,3146
12702,54,3200,3146
12703,54,3200,3146
12704,54,3200,3146
12705,53,3200,3147
12706,53,3200,3147
12707,53,3200,3147
12708,53,3200,3147
12709,52,3200,3148
12710,52,3200,3148
12711,51,3200,3149
12712,51,3200,3149
12713,51,3200,3149
12714,50,3200,3150
12715,50,3200,3150
12716,49,3200,3151
12717,49,3200,3151
12718,49,3200,3151
12719,49,3200,3151
12720,49,3200,3151
12721,49,3200,3151
12722,49,3200,3151
12723,49,3200,3151
12724,48,3200,3152
12725,47,3200,3153
12726,47,3200,3153
12727,47,3200,3153
12728,46,3200,3154
12729,46,3200,3154
12730,46,3200,3154
12731,46,3200,3154
12732,46,3200,3154
12733,46,3200,3154
12734,46,3200,3154
12735,46,3200,3154
12736,46,3200,3154
12737,46,3200,3154
12738,46,3200,3154
12739,46,3200,3154
12740,46,3200,3154
12741,46,3200,3154
12742,46,3200,3154
12743,46,3200,3154
12744,46,3200,3154
12745,45,3200,3155
12746,45,3200,3155
12747,45,3200,3155
12748,45,3200,3155
12749,44,3200,3156
12750,44,3200,3156
12751,44,3200,3156
12752,44,3200,3156
12753,44,3200,3156
12754,43,3200,3157
12755,43,3200,3157
12756,43,3200,3157
12757,42,3200,3158
12758,42,3200,3158
12759,42,3200,3158
12760,42,3200,3158
12761,41,3200,3159
12762,41,3200,3159
12763,41,3200,3159
12764,41,3200,3159
12765,40,3200,3160
12766,40,3200,3160
12767,40,3200,3160
12768,39,3200,3161
12769,39,3200,3161
12770,39,3200,3161
12771,39,3200,3161
12772,39,3200,3161
12773,39,3200,3161
12774,38,3200,3162
12775,37,3200,3163
12776,37,3200,3163
12777,37,3200,3163
12778,37,3200,3163
12779,37,3200,3163
12780,37,3200,3163
12781,37,3200,3163
12782,36,3200,3164
12783,36,3200,3164
12784,35,3200,3165
12785,35,3200,3165
12786,35,3200,3165
12787,34,3200,3166
12788,34,3200,3166
12789,34,3200,3166
12790,34,3200,3166
12791,34,3200,3166
12792,34,3200,3166
12793,34,3200,3166
12794,33,3200,3167
12795,33,3200,3167
12796,33,3200,3167
12797,33,3200,3167
12798,33,3200,3167
12799,33,3200,3167
12800,33,3200,3167
12801,33,3200,3167
12802,33,3200,3167
12803,33,3200,3167
12804,33,3200,3167
12805,32,3200,3168
12806,32,3200,3168
12807,31,3200,3169
12808,31,3200,3169
12809,31,3200,3169
12810,31,3200,3169
12811,30,3200,3170
12812,30,3200,3170
12813,30,3200,3170
12814,29,3200,3171
12815,29,3200,3171
12816,29,3200,3171
12817,28,3200,3172
12818,28,3200,3172
12819,28,3200,3172
12820,28,3200,3172
12821,28,3200,3172
12822,28,3200,3172
12823,28,3200,3172
12824,27,3200,3173
12825,27,3200,3173
12826,26,3200,3174
12827,26,3200,3174
12828,26,3200,3174
12829,26,3200,3174
12830,25,3200,3175
12831,25,3200,3175
12832,24,3200,3176
12833,24,3200,3176
12834,24,3200,3176
12835,24,3200,3176
12836,24,3200,3176
12837,23,3200,3177
12838,23,3200,3177
12839,22,3200,3178
12840,22,3200,3178
12841,22,3200,3178
12842,21,3200,3179
12843,21,3200,3179
12844,21,3200,3179
12845,21,3200,3179
12846,21,3200,3179
12847,21,3200,3179
12848,20,3200,3180
12849,20,3200,3180
12850,20,3200,3180
12851,20,3200,3180
12852,20,3200,3180
12853,20,3200,3180
12854,20,3200,3180
12855,19,3200,3181
12856,19,3200,3181
12857,18,3200,3182
12858,18,3200,3182
12859,18,3200,3182
12860,18,3200,3182
12861,18,3200,3182
12862,17,3200,3183
12863,17,3200,3183
12864,17,3200,3183
12865,17,3200,3183
12866,17,3200,3183
12867,17,3200,3183
12868,17,3200,3183
12869,17,3200,3183
12870,17,3200,3183
12871,17,3200,3183
12872,17,3200,3183
12873,17,3200,3183
12874,17,3200,3183
12875,16,3200,3184
12876,16,3200,3184
12877,16,3200,3184
12878,16,3200,3184
12879,15,3200,3185
12880,14,3200,3186
12881,14,3200,3186
12882,14,3200,3186
12883,13,3200,3187
12884,13,3200,3187
12885,13,3200,3187
12886,13,3200,3187
12887,13,3200,3187
12888,12,3200,3188
12889,11,3200,3189
12890,11,3200,3189
12891,11,3200,3189
12892,11,3200,3189
12893,11,3200,3189
12894,10,3200,3190
12895,10,3200,3190
12896,10,3200,3190
12897,9,3200,3191
12898,8,3200,3192
12899,8,3200,3192
12900,8,3200,3192
12901,8,3200,3192
12902,8,3200,3192
12903,8,3200,3192
12904,7,3200,3193
12905,7,3200,3193
12906,7,3200,3193
12907,7,3200,3193
12908,7,3200,3193
12909,7,3200,3193
12910,7,3200,3193
12911,7,3200,3193
12912,7,3200,3193
12913,7,3200,3193
12914,6,3200,3194
12915,6,3200,3194
12916,5,3200,3195
12917,5,3200,3195
12918,5,3200,3195
12919,5,3200,3195
12920,5,3200,3195
12921,5,3200,3195
12922,5,3200,3195
12923,5,3200,3195
12924,4,3200,3196
12925,4,3200,3196
12926,3,3200,3197
12927,3,3200,3197
12928,3,3200,3197
12929,3,3200,3197
12930,2,3200,3198
12931,2,3200,3198
12932,2,3200,3198
12933,2,3200,3198
12934,1,3200,3199
12935,1,3200,3199
12936,1,3200,3199
12937,1,3200,3199
12938,1,3200,3199
12939,1,3200,3199
12940,1,3200,3199
12941,1,3200,3199
12942,1,3200,3199
12943,1,3200,3199
12944,1,3200,3199
12945,1,3200,3199
12946,1,3200,3199
12947,1,3200,3199
12948,1,3200,3199
12949,0,3200,3200
12950,0,3200,3200
12951,0,3200,3200
12952,0,3200,3200
12953,0,3200,3200
12954,0,3200,3200
12955,0,3200,3200
12956,0,3200,3200
12957,0,3200,3200
12958,0,3200,3200
12959,0,3200,3200
12960,0,3200,3200
12961,0,3200,3200
12962,0,3200,3200
12963,0,3200,3200
12964,0,3200,3200
12965,0,3200,3200
12966,0,3200,3200
12967,0,3200,3200
12968,0,3200,3200
12969,0,3200,3200
12970,0,3200,3200
12971,0,3200,3200
12972,0,3200,3200
12973,0,3200,3200
12974,0,3200,3200
12975,0,3200,3200
12976,0,3200,3200
12977,0,3200,3200
12978,0,3200,3200
12979,0,3200,3200
12980,0,3200,3200
12981,0,3200,3200
12982,0,3200,3200
12983,0,3200,3200
12984,0,3200,3200
12985,0,3200,3200
12986,0,3200,3200
12987,0,3200,3200
12988,0,3200,3200
12989,0,3200,3200
12990,0,3200,3200
12991,0,3200,3200
12992,0,3200,3200
12993,0,3200,3200
12994,0,3200,3200
12995,0,3200,3200
12996,0,3200,3200
12997,0,3200,3200
12998,0,3200,3200
12999,0,3200,3200
13000,0,3200,3200
13001,0,3200,3200
13002,0,3200,3200
13003,0,3200,3200
13004,0,3200,3200
13005,0,3200,3200
13006,0,3200,3200
13007,0,3200,3200
13008,0,3200,3200
13009,0,3200,3200
13010,0,3200,3200
13011,0,3200,3200
13012,0,3200,3200
13013,0,3200,3200
13014,0,3200,3200
13015,0,3200,3200
13016,0,3200,3200
13017,0,3200,3200
13018,0,3200,3200
13019,0,3200,3200
13020,0,3200,3200
13021,0,3200,3200
13022,0,3200,3200
13023,0,3200,3200
13024,0,3200,3200
13025,0,3200,3200
13026,0,3200,3200
13027,0,3200,3200
13028,0,3200,3200
13029,0,3200,3200
13030,0,3200,3200
13031,0,3200,3200
13032,0,3200,3200
13033,0,3200,3200
13034,0,3200,3200
13035,0,3200,3200
13036,0,3200,3200
13037,0,3200,3200
13038,0,3200,3200
13039,0,3200,3200
13040,0,3200,3200
13041,0,3200,3200
13042,0,3200,3200
13043,0,3200,3200
13044,0,3200,3200
13045,0,3200,3200
13046,0,3200,3200
13047,0,3200,3200
13048,0,3200,3200
13049,0,3200,3200
13050,0,3200,3200
13051,0,3200,3200
13052,0,3200,3200
13053,0,3200,3200
13054,0,3200,3200
13055,0,3200,3200
13056,0,3200,3200
13057,0,3200,3200
13058,0,3200,3200
13059,0,3200,3200
13060,0,3200,3200
13061,0,3200,3200
13062,0,3200,3200
13063,0,3200,3200
13064,0,3200,3200
13065,0,3200,3200
13066,0,3200,3200
13067,0,3200,3200
13068,0,3200,3200
13069,0,3200,3200
13070,0,3200,3200
13071,0,3200,3200
13072,0,3200,3200
13073,0,3200,3200
13074,0,3200,3200
13075,0,3200,3200
13076,0,3200,3200
13077,0,3200,3200
13078,0,3200,3200
13079,0,3200,3200
13080,0,3200,3200
13081,0,3200,3200
13082,0,3200,3200
13083,0,3200,3200
13084,0,3200,3200
13085,0,3200,3200
13086,0,3200,3200
13087,0,3200,3200
13088,0,3200,3200
13089,0,3200,3200
13090,0,3200,3200
13091,0,3200,3200
13092,0,3200,3200
13093,0,3200,3200
13094,0,3200,3200
13095,0,3200,3200
13096,0,3200,3200
13097,0,3200,3200
13098,0,3200,3200
13099,0,3200,3200
13100,0,3200,3200
13101,0,3200,3200
13102,0,3200,3200
13103,0,3200,3200
13104,0,3200,3200
13105,0,3200,3200
13106,0,3200,3200
13107,0,3200,3200
13108,0,3200,3200
13109,0,3200,3200
13110,0,3200,3200
13111,0,3200,3200
13112,0,3200,3200
13113,0,3200,3200
13114,0,3200,3200
13115,0,3200,3200
13116,0,3200,3200
13117,0,3200,3200
13118,0,3200,3200
13119,0,3200,3200
13120,0,3200,3200
13121,0,3200,3200
13122,0,3200,3200
13123,0,3200,3200
13124,0,3200,3200
13125,0,3200,3200
13126,0,3200,3200
13127,0,3200,3200
13128,0,3200,3200
13129,0,3200,3200
13130,0,3200,3200
13131,0,3200,3200
13132,0,3200,3200
13133,0,3200,3200
13134,0,3200,3200
13135,0,3200,3200
13136,0,3200,3200
13137,0,3200,3200
13138,0,3200,3200
13139,0,3200,3200
13140,0,3200,3200
13141,0,3200,3200
13142,0,3200,3200
13143,0,3200,3200
13144,0,3200,3200
13145,0,3200,3200
13146,0,3200,3200
13147,0,3200,3200
13148,0,3200,3200
13149,0,3200,3200
13150,0,3200,3200
13151,0,3200,3200
13152,0,3200,3200
13153,0,3200,3200
13154,0,3200,3200
13155,0,3200,3200
13156,0,3200,3200
13157,0,3200,3200
13158,0,3200,3200
13159,0,3200,3200
13160,0,3200,3200
13161,0,3200,3200
13162,0,3200,3200
13163,0,3200,3200
13164,0,3200,3200
13165,0,3200,3200
13166,0,3200,3200
13167,0,3200,3200
13168,0,3200,3200
13169,0,3200,3200
13170,0,3200,3200
13171,0,3200,3200
13172,0,3200,3200
13173,0,3200,3200
13174,0,3200,3200
13175,0,3200,3200
13176,0,3200,3200
13177,0,3200,3200
13178,0,3200,3200
13179,0,3200,3200
13180,0,3200,3200
13181,0,3200,3200
13182,0,3200,3200
13183,0,3200,3200
13184,0,3200,3200
13185,0,3200,3200
13186,0,3200,3200
13187,0,3200,3200
13188,0,3200,3200
13189,0,3200,3200
13190,0,3200,3200
13191,0,3200,3200
13192,0,3200,3200
13193,0,3200,3200
13194,0,3200,3200
13195,0,3200,3200
13196,0,3200,3200
13197,0,3200,3200
13198,0,3200,3200
13199,0,3200,3200
13200,0,3200,3200
13201,0,3200,3200
13202,0,3200,3200
13203,0,3200,3200
13204,0,3200,3200
13205,0,3200,3200
13206,0,3200,3200
13207,0,3200,3200
13208,0,3200,3200
13209,0,3200,3200
13210,0,3200,3200
13211,0,3200,3200
13212,0,3200,3200
13213,0,3200,3200
13214,0,3200,3200
13215,0,3200,3200
13216,0,3200,3200
13217,0,3200,3200
13218,0,3200,3200
13219,0,3200,3200
13220,0,3200,3200
13221,0,3200,3200
13222,0,3200,3200
13223,0,3200,3200
13224,0,3200,3200
13225,0,3200,3200
13226,0,3200,3200
13227,0,3200,3200
13228,0,3200,3200
13229,0,3200,3200
13230,0,3200,3200
13231,0,3200,3200
13232,0,3200,3200
13233,0,3200,3200
13234,0,3200,3200
13235,0,3200,3200
13236,0,3200,3200
13237,0,3200,3200
13238,0,3200,3200
13239,0,3200,3200
13240,0,3200,3200
13241,0,3200,3200
13242,0,3200,3200
13243,0,3200,3200
13244,0,3200,3200
13245,0,3200,3200
13246,0,3200,3200
13247,0,3200,3200
13248,0,3200,3200
13249,0,3200,3200
13250,0,3200,3200
13251,0,3200,3200
13252,0,3200,3200
13253,0,3200,3200
13254,0,3200,3200
13255,0,3200,3200
13256,0,3200,3200
13257,0,3200,3200
13258,0,3200,3200
13259,0,3200,3200
13260,0,3200,3200
13261,0,3200,3200
13262,0,3200,3200
13263,0,3200,3200
13264,0,3200,3200
13265,0,3200,3200
13266,0,3200,3200
13267,0,3200,3200
13268,0,3200,3200
13269,0,3200,3200
13270,0,3200,3200
13271,0,3200,3200
13272,0,3200,3200
13273,0,3200,3200
13274,0,3200,3200
13275,0,3200,3200
13276,0,3200,3200
13277,0,3200,3200
13278,0,3200,3200
13279,0,3200,3200
13280,0,3200,3200
13281,0,3200,3200
13282,0,3200,3200
13283,0,3200,3200
13284,0,3200,3200
13285,0,3200,3200
13286,0,3200,3200
13287,0,3200,3200
13288,0,3200,3200
13289,0,3200,3200
13290,0,3200,3200
13291,0,3200,3200
13292,0,3200,3200
13293,0,3200,3200
13294,0,3200,3200
13295,0,3200,3200
13296,0,3200,3200
13297,0,3200,3200
13298,0,3200,3200
13299,0,3200,3200
13300,0,3200,3200
13301,0,3200,3200
13302,0,3200,3200
13303,0,3200,3200
13304,0,3200,3200
13305,0,3200,3200
13306,0,3200,3200
13307,0,3200,3200
13308,0,3200,3200
13309,0,3200,3200
13310,0,3200,3200
13311,0,3200,3200
13312,0,3200,3200
13313,0,3200,3200
13314,0,3200,3200
13315,0,3200,3200
13316,0,3200,3200
13317,0,3200,3200
13318,0,3200,3200
13319,0,3200,3200
13320,0,3200,3200
13321,0,3200,3200
13322,0,3200,3200
13323,0,3200,3200
13324,0,3200,3200
13325,0,3200,3200
13326,0,3200,3200
13327,0,3200,3200
13328,0,3200,3200
13329,0,3200,3200
13330,0,3200,3200
13331,0,3200,3200
13332,0,3200,3200
13333,0,3200,3200
13334,0,3200,3200
13335,0,3200,3200
13336,0,3200,3200
13337,0,3200,3200
13338,0,3200,3200
13339,0,3200,3200
13340,0,3200,3200
13341,0,3200,3200
13342,0,3200,3200
13343,0,3200,3200
13344,0,3200,3200
13345,0,3200,3200
13346,0,3200,3200
13347,0,3200,3200
13348,0,3200,3200
13349,0,3200,3200
13350,0,3200,3200
13351,0,3200,3200
13352,0,3200,3200
13353,0,3200,3200
13354,0,3200,3200
13355,0,3200,3200
13356,0,3200,3200
13357,0,3200,3200
13358,0,3200,3200
13359,0,3200,3200
13360,0,3200,3200
13361,0,3200,3200
13362,0,3200,3200
13363,0,3200,3200
13364,0,3200,3200
13365,0,3200,3200
13366,0,3200,3200
13367,0,3200,3200
13368,0,3200,3200
13369,0,3200,3200
13370,0,3200,3200
13371,0,3200,3200
13372,0,3200,3200
13373,0,3200,3200
13374,0,3200,3200
13375,0,3200,3200
13376,0,3200,3200
13377,0,3200,3200
13378,0,3200,3200
13379,0,3200,3200
13380,0,3200,3200
13381,0,3200,3200
13382,0,3200,3200
13383,0,3200,3200
13384,0,3200,3200
13385,0,3200,3200
13386,0,3200,3200
13387,0,3200,3200
13388,0,3200,3200
13389,0,3200,3200
13390,0,3200,3200
13391,0,3200,3200
13392,0,3200,3200
13393,0,3200,3200
13394,0,3200,3200
13395,0,3200,3200
13396,0,3200,3200
13397,0,3200,3200
13398,0,3200,3200
13399,0,3200,3200
13400,0,3200,3200
13401,0,3200,3200
13402,0,3200,3200
13403,0,3200,3200
13404,0,3200,3200
13405,0,3200,3200
13406,0,3200,3200
13407,0,3200,3200
13408,0,3200,3200
13409,0,3200,3200
13410,0,3200,3200
13411,0,3200,3200
13412,0,3200,3200
13413,0,3200,3200
13414,0,3200,3200
13415,0,3200,3200
13416,0,3200,3200
13417,0,3200,3200
13418,0,3200,3200
13419,0,3200,3200
13420,0,3200,3200
13421,0,3200,3200
13422,0,3200,3200
13423,0,3200,3200
13424,0,3200,3200
13425,0,3200,3200
13426,0,3200,3200
13427,0,3200,3200
13428,0,3200,3200
13429,0,3200,3200
13430,0,3200,3200
13431,0,3200,3200
13432,0,3200,3200
13433,0,3200,3200
13434,0,3200,3200
13435,0,3200,3200
13436,0,3200,3200
13437,0,3200,3200
13438,0,3200,3200
13439,0,3200,3200
13440,0,3200,3200
13441,0,3200,3200
13442,0,3200,3200
13443,0,3200,3200
13444,0,3200,3200
13445,0,3200,3200
13446,0,3200,3200
13447,0,3200,3200
13448,0,3200,3200
13449,0,3200,3200
13450,0,3200,3200
13451,0,3200,3200
13452,0,3200,3200
13453,0,3200,3200
13454,0,3200,3200
13455,0,3200,3200
13456,0,3200,3200
13457,0,3200,3200
13458,0,3200,3200
13459,0,3200,3200
13460,0,3200,3200
13461,0,3200,3200
13462,0,3200,3200
13463,0,3200,3200
13464,0,3200,3200
13465,0,3200,3200
13466,0,3200,3200
13467,0,3200,3200
13468,0,3200,3200
13469,0,3200,3200
13470,0,3200,3200
13471,0,3200,3200
13472,0,3200,3200
13473,0,3200,3200
13474,0,3200,3200
13475,0,3200,3200
13476,0,3200,3200
13477,0,3200,3200
13478,0,3200,3200
13479,0,3200,3200
13480,0,3200,3200
13481,0,3200,3200
13482,0,3200,3200
13483,0,3200,3200
13484,0,3200,3200
13485,0,3200,3200
13486,0,3200,3200
13487,0,3200,3200
13488,0,3200,3200
13489,0,3200,3200
13490,0,3200,3200
13491,0,3200,3200
13492,0,3200,3200
13493,0,3200,3200
13494,0,3200,3200
13495,0,3200,3200
13496,0,3200,3200
13497,0,3200,3200
13498,0,3200,3200
13499,0,3200,3200
13500,0,3200,3200
13501,0,3200,3200
13502,0,3200,3200
13503,0,3200,3200
13504,0,3200,3200
13505,0,3200,3200
13506,0,3200,3200
13507,0,3200,3200
13508,0,3200,3200
13509,0,3200,3200
13510,0,3200,3200
13511,0,3200,3200
13512,0,3200,3200
13513,0,3200,3200
13514,0,3200,3200
13515,0,3200,3200
13516,0,3200,3200
13517,0,3200,3200
13518,0,3200,3200
13519,0,3200,3200
13520,0,3200,3200
13521,0,3200,3200
13522,0,3200,3200
13523,0,3200,3200
13524,0,3200,3200
13525,0,3200,3200
13526,0,3200,3200
13527,0,3200,3200
13528,0,3200,3200
13529,0,3200,3200
13530,0,3200,3200
13531,0,3200,3200
13532,0,3200,3200
13533,0,3200,3200
13534,0,3200,3200
13535,0,3200,3200
13536,0,3200,3200
13537,0,3200,3200
13538,0,3200,3200
13539,0,3200,3200
13540,0,3200,3200
13541,0,3200,3200
13542,0,3200,3200
13543,0,3200,3200
13544,0,3200,3200
13545,0,3200,3200
13546,0,3200,3200
13547,0,3200,3200
13548,0,3200,3200
13549,0,3200,3200
13550,0,3200,3200
13551,0,3200,3200
13552,0,3200,3200
13553,0,3200,3200
13554,0,3200,3200
13555,0,3200,3200
13556,0,3200,3200
13557,0,3200,3200
13558,0,3200,3200
13559,0,3200,3200
13560,0,3200,3200
13561,0,3200,3200
13562,0,3200,3200
13563,0,3200,3200
13564,0,3200,3200
13565,0,3200,3200
13566,0,3200,3200
13567,0,3200,3200
13568,0,3200,3200
13569,0,3200,3200
13570,0,3200,3200
13571,0,3200,3200
13572,0,3200,3200
13573,0,3200,3200
13574,0,3200,3200
13575,0,3200,3200
13576,0,3200,3200
13577,0,3200,3200
13578,0,3200,3200
13579,0,3200,3200
13580,0,3200,3200
13581,0,3200,3200
13582,0,3200,3200
13583,0,3200,3200
13584,0,3200,3200
13585,0,3200,3200
13586,0,3200,3200
13587,0,3200,3200
13588,0,3200,3200
13589,0,3200,3200
13590,0,3200,3200
13591,0,3200,3200
13592,0,3200,3200
13593,0,3200,3200
13594,0,3200,3200
13595,0,3200,3200
13596,0,3200,3200
13597,0,3200,3200
13598,0,3200,3200
13599,0,3200,3200
13600,0,3200,3200
13601,0,3200,3200
13602,0,3200,3200
13603,0,3200,3200
13604,0,3200,3200
13605,0,3200,3200
13606,0,3200,3200
13607,0,3200,3200
13608,0,3200,3200
13609,0,3200,3200
13610,0,3200,3200
13611,0,3200,3200
13612,0,3200,3200
13613,0,3200,3200
13614,0,3200,3200
13615,0,3200,3200
13616,0,3200,3200
13617,0,3200,3200
13618,0,3200,3200
13619,0,3200,3200
13620,0,3200,3200
13621,0,3200,3200
13622,0,3200,3200
13623,0,3200,3200
13624,0,3200,3200
13625,0,3200,3200
13626,0,3200,3200
13627,0,3200,3200
13628,0,3200,3200
13629,0,3200,3200
13630,0,3200,3200
13631,0,3200,3200
13632,0,3200,3200
13633,0,3200,3200
13634,0,3200,3200
13635,0,3200,3200
13636,0,3200,3200
13637,0,3200,3200
13638,0,3200,3200
13639,0,3200,3200
13640,0,3200,3200
13641,0,3200,3200
13642,0,3200,3200
13643,0,3200,3200
13644,0,3200,3200
13645,0,3200,3200
13646,0,3200,3200
13647,0,3200,3200
13648,0,3200,3200
13649,0,3200,3200
13650,0,3200,3200
13651,0,3200,3200
13652,0,3200,3200
13653,0,3200,3200
13654,0,3200,3200
13655,0,3200,3200
13656,0,3200,3200
13657,0,3200,3200
13658,0,3200,3200
13659,0,3200,3200
13660,0,3200,3200
13661,0,3200,3200
13662,0,3200,3200
13663,0,3200,3200
13664,0,3200,3200
13665,0,3200,3200
13666,0,3200,3200
13667,0,3200,3200
13668,0,3200,3200
13669,0,3200,3200
13670,0,3200,3200
13671,0,3200,3200
13672,0,3200,3200
13673,0,3200,3200
13674,0,3200,3200
13675,0,3200,3200
13676,0,3200,3200
13677,0,3200,3200
13678,0,3200,3200
13679,0,3200,3200
13680,0,3200,3200
13681,0,3200,3200
13682,0,3200,3200
13683,0,3200,3200
13684,0,3200,3200
13685,0,3200,3200
13686,0,3200,3200
13687,0,3200,3200
13688,0,3200,3200
13689,0,3200,3200
13690,0,3200,3200
13691,0,3200,3200
13692,0,3200,3200
13693,0,3200,3200
13694,0,3200,3200
13695,0,3200,3200
13696,0,3200,3200
13697,0,3200,3200
13698,0,3200,3200
13699,0,3200,3200
13700,0,3200,3200
13701,0,3200,3200
13702,0,3200,3200
13703,0,3200,3200
13704,0,3200,3200
13705,0,3200,3200
13706,0,3200,3200
13707,0,3200,3200
13708,0,3200,3200
13709,0,3200,3200
13710,0,3200,3200
13711,0,3200,3200
13712,0,3200,3200
13713,0,3200,3200
13714,0,3200,3200
13715,0,3200,3200
13716,0,3200,3200
13717,0,3200,3200
13718,0,3200,3200
13719,0,3200,3200
13720,0,3200,3200
13721,0,3200,3200
13722,0,3200,3200
13723,0,3200,3200
13724,0,3200,3200
13725,0,3200,3200
13726,0,3200,3200
13727,0,3200,3200
13728,0,3200,3200
13729,0,3200,3200
13730,0,3200,3200
13731,0,3200,3200
13732,0,3200,3200
13733,0,3200,3200
13734,0,3200,3200
13735,0,3200,3200
13736,0,3200,3200
13737,0,3200,3200
13738,0,3200,3200
13739,0,3200,3200
13740,0,3200,3200
13741,0,3200,3200
13742,0,3200,3200
13743,0,3200,3200
13744,0,3200,3200
13745,0,3200,3200
13746,0,3200,3200
13747,0,3200,3200
13748,0,3200,3200
13749,0,3200,3200
13750,0,3200,3200
13751,0,3200,3200
13752,0,3200,3200
13753,0,3200,3200
13754,0,3200,3200
13755,0,3200,3200
13756,0,3200,3200
13757,0,3200,3200
13758,0,3200,3200
13759,0,3200,3200
13760,0,3200,3200
13761,0,3200,3200
13762,0,3200,3200
13763,0,3200,3200
13764,0,3200,3200
13765,0,3200,3200
13766,0,3200,3200
13767,0,3200,3200
13768,0,3200,3200
13769,0,3200,3200
13770,0,3200,3200
13771,0,3200,3200
13772,0,3200,3200
13773,0,3200,3200
13774,0,3200,3200
13775,0,3200,3200
13776,0,3200,3200
13777,0,3200,3200
13778,0,3200,3200
13779,0,3200,3200
13780,0,3200,3200
13781,0,3200,3200
13782,0,3200,3200
13783,0,3200,3200
13784,0,3200,3200
13785,0,3200,3200
13786,0,3200,3200
13787,0,3200,3200
13788,0,3200,3200
13789,0,3200,3200
13790,0,3200,3200
13791,0,3200,3200
13792,0,3200,3200
13793,0,3200,3200
13794,0,3200,3200
13795,0,3200,3200
13796,0,3200,3200
13797,0,3200,3200
13798,0,3200,3200
13799,0,3200,3200
13800,0,3200,3200
13801,0,3200,3200
13802,0,3200,3200
13803,0,3200,3200
13804,0,3200,3200
13805,0,3200,3200
13806,0,3200,3200
13807,0,3200,3200
13808,0,3200,3200
13809,0,3200,3200
13810,0,3200,3200
13811,0,3200,3200
13812,0,3200,3200
13813,0,3200,3200
13814,0,3200,3200
13815,0,3200,3200
13816,0,3200,3200
13817,0,3200,3200
13818,0,3200,3200
13819,0,3200,3200
13820,0,3200,3200
13821,0,3200,3200
13822,0,3200,3200
13823,0,3200,3200
13824,0,3200,3200
13825,0,3200,3200
13826,0,3200,3200
13827,0,3200,3200
13828,0,3200,3200
13829,0,3200,3200
13830,0,3200,3200
13831,0,3200,3200
13832,0,3200,3200
13833,0,3200,3200
13834,0,3200,3200
13835,0,3200,3200
13836,0,3200,3200
13837,0,3200,3200
13838,0,3200,3200
13839,0,3200,3200
13840,0,3200,3200
13841,0,3200,3200
13842,0,3200,3200
13843,0,3200,3200
13844,0,3200,3200
13845,0,3200,3200
13846,0,3200,3200
13847,0,3200,3200
13848,0,3200,3200
13849,0,3200,3200
13850,0,3200,3200
13851,0,3200,3200
13852,0,3200,3200
13853,0,3200,3200
13854,0,3200,3200
13855,0,3200,3200
13856,0,3200,3200
13857,0,3200,3200
13858,0,3200,3200
13859,0,3200,3200
13860,0,3200,3200
13861,0,3200,3200
13862,0,3200,3200
13863,0,3200,3200
13864,0,3200,3200
13865,0,3200,3200
13866,0,3200,3200
13867,0,3200,3200
13868,0,3200,3200
13869,0,3200,3200
13870,0,3200,3200
13871,0,3200,3200
13872,0,3200,3200
13873,0,3200,3200
13874,0,3200,3200
13875,0,3200,3200
13876,0,3200,3200
13877,0,3200,3200
13878,0,3200,3200
13879,0,3200,3200
13880,0,3200,3200
13881,0,3200,3200
13882,0,3200,3200
13883,0,3200,3200
13884,0,3200,3200
13885,0,3200,3200
13886,0,3200,3200
13887,0,3200,3200
13888,0,3200,3200
13889,0,3200,3200
13890,0,3200,3200
13891,0,3200,3200
13892,0,3200,3200
13893,0,3200,3200
13894,0,3200,3200
13895,0,3200,3200
13896,0,3200,3200
13897,0,3200,3200
13898,0,3200,3200
13899,0,3200,3200
13900,0,3200,3200
13901,0,3200,3200
13902,0,3200,3200
13903,0,3200,3200
13904,0,3200,3200
13905,0,3200,3200
13906,0,3200,3200
13907,0,3200,3200
13908,0,3200,3200
13909,0,3200,3200
13910,0,3200,3200
13911,0,3200,3200
13912,0,3200,3200
13913,0,3200,3200
13914,0,3200,3200
13915,0,3200,3200
13916,0,3200,3200
13917,0,3200,3200
13918,0,3200,3200
13919,0,3200,3200
13920,0,3200,3200
13921,0,3200,3200
13922,0,3200,3200
13923,0,3200,3200
13924,0,3200,3200
13925,0,3200,3200
13926,0,3200,3200
13927,0,3200,3200
13928,0,3200,3200
13929,0,3200,3200
13930,0,3200,3200
13931,0,3200,3200
13932,0,3200,3200
13933,0,3200,3200
13934,0,3200,3200
13935,0,3200,3200
13936,0,3200,3200
13937,0,3200,3200
13938,0,3200,3200
13939,0,3200,3200
13940,0,3200,3200
13941,0,3200,3200
13942,0,3200,3200
13943,0,3200,3200
13944,0,3200,3200
13945,0,3200,3200
13946,0,3200,3200
13947,0,3200,3200
13948,0,3200,3200
13949,0,3200,3200
13950,0,3200,3200
13951,0,3200,3200
13952,0,3200,3200
13953,0,3200,3200
13954,0,3200,3200
13955,0,3200,3200
13956,0,3200,3200
13957,0,3200,3200
13958,0,3200,3200
13959,0,3200,3200
13960,0,3200,3200
13961,0,3200,3200
13962,0,3200,3200
13963,0,3200,3200
13964,0,3200,3200
13965,0,3200,3200
13966,0,3200,3200
13967,0,3200,3200
13968,0,3200,3200
13969,0,3200,3200
13970,0,3200,3200
13971,0,3200,3200
13972,0,3200,3200
13973,0,3200,3200
13974,0,3200,3200
13975,0,3200,3200
13976,0,3200,3200
13977,0,3200,3200
13978,0,3200,3200
13979,0,3200,3200
13980,0,3200,3200
13981,0,3200,3200
13982,0,3200,3200
13983,0,3200,3200
13984,0,3200,3200
13985,0,3200,3200
13986,0,3200,3200
13987,0,3200,3200
13988,0,3200,3200
13989,0,3200,3200
13990,0,3200,3200
13991,0,3200,3200
13992,0,3200,3200
13993,0,3200,3200
13994,0,3200,3200
13995,0,3200,3200
13996,0,3200,3200
13997,0,3200,3200
13998,0,3200,3200
13999,0,3200,3200
14000,0,3200,3200
14001,0,3200,3200
14002,0,3200,3200
14003,0,3200,3200
14004,0,3200,3200
14005,0,3200,3200
14006,0,3200,3200
14007,0,3200,3200
14008,0,3200,3200
14009,0,3200,3200
14010,0,3200,3200
14011,0,3200,3200
14012,0,3200,3200
14013,0,3200,3200
14014,0,3200,3200
14015,0,3200,3200
14016,0,3200,3200
14017,0,3200,3200
14018,0,3200,3200
14019,0,3200,3200
14020,0,3200,3200
14021,0,3200,3200
14022,0,3200,3200
14023,0,3200,3200
14024,0,3200,3200
14025,0,3200,3200
14026,0,3200,3200
14027,0,3200,3200
14028,0,3200,3200
14029,0,3200,3200
14030,0,3200,3200
14031,0,3200,3200
14032,0,3200,3200
14033,0,3200,3200
14034,0,3200,3200
14035,0,3200,3200
14036,0,3200,3200
14037,0,3200,3200
14038,0,3200,3200
14039,0,3200,3200
14040,0,3200,3200
14041,0,3200,3200
14042,0,3200,3200
14043,0,3200,3200
14044,0,3200,3200
14045,0,3200,3200
14046,0,3200,3200
14047,0,3200,3200
14048,0,3200,3200
14049,0,3200,3200
14050,0,3200,3200
14051,0,3200,3200
14052,0,3200,3200
14053,0,3200,3200
14054,0,3200,3200
14055,0,3200,3200
14056,0,3200,3200
14057,0,3200,3200
14058,0,3200,3200
14059,0,3200,3200
14060,0,3200,3200
14061,0,3200,3200
14062,0,3200,3200
14063,0,3200,3200
14064,0,3200,3200
14065,0,3200,3200
14066,0,3200,3200
14067,0,3200,3200
14068,0,3200,3200
14069,0,3200,3200
14070,0,3200,3200
14071,0,3200,3200
14072,0,3200,3200
14073,0,3200,3200
14074,0,3200,3200
14075,0,3200,3200
14076,0,3200,3200
14077,0,3200,3200
14078,0,3200,3200
14079,0,3200,3200
14080,0,3200,3200
14081,0,3200,3200
14082,0,3200,3200
14083,0,3200,3200
14084,0,3200,3200
14085,0,3200,3200
14086,0,3200,3200
14087,0,3200,3200
14088,0,3200,3200
14089,0,3200,3200
14090,0,3200,3200
14091,0,3200,3200
14092,0,3200,3200
14093,0,3200,3200
14094,0,3200,3200
14095,0,3200,3200
14096,0,3200,3200
14097,0,3200,3200
14098,0,3200,3200
14099,0,3200,3200
14100,0,3200,3200
14101,0,3200,3200
14102,0,3200,3200
14103,0,3200,3200
14104,0,3200,3200
14105,0,3200,3200
14106,0,3200,3200
14107,0,3200,3200
14108,0,3200,3200
14109,0,3200,3200
14110,0,3200,3200
14111,0,3200,3200
14112,0,3200,3200
14113,0,3200,3200
14114,0,3200,3200
14115,0,3200,3200
14116,0,3200,3200
14117,0,3200,3200
14118,0,3200,3200
14119,0,3200,3200
14120,0,3200,3200
14121,0,3200,3200
14122,0,3200,3200
14123,0,3200,3200
14124,0,3200,3200
14125,0,3200,3200
14126,0,3200,3200
14127,0,3200,3200
14128,0,3200,3200
14129,0,3200,3200
14130,0,3200,3200
14131,0,3200,3200
14132,0,3200,3200
14133,0,3200,3200
14134,0,3200,3200
14135,0,3200,3200
14136,0,3200,3200
14137,0,3200,3200
14138,0,3200,3200
14139,0,3200,3200
14140,0,3200,3200
14141,0,3200,3200
14142,0,3200,3200
14143,0,3200,3200
14144,0,3200,3200
14145,0,3200,3200
14146,0,3200,3200
14147,0,3200,3200
14148,0,3200,3200
14149,0,3200,3200
14150,0,3200,3200
14151,0,3200,3200
14152,0,3200,3200
14153,0,3200,3200
14154,0,3200,3200
14155,0,3200,3200
14156,0,3200,3200
14157,0,3200,3200
14158,0,3200,3200
14159,0,3200,3200
14160,0,3200,3200
14161,0,3200,3200
14162,0,3200,3200
14163,0,3200,3200
14164,0,3200,3200
14165,0,3200,3200
14166,0,3200,3200
14167,0,3200,3200
14168,0,3200,3200
14169,0,3200,3200
14170,0,3200,3200
14171,0,3200,3200
14172,0,3200,3200
14173,0,3200,3200
14174,0,3200,3200
14175,0,3200,3200
14176,0,3200,3200
14177,0,3200,3200
14178,0,3200,3200
14179,0,3200,3200
14180,0,3200,3200
14181,0,3200,3200
14182,0,3200,3200
14183,0,3200,3200
14184,0,3200,3200
14185,0,3200,3200
14186,0,3200,3200
14187,0,3200,3200
14188,0,3200,3200
14189,0,3200,3200
14190,0,3200,3200
14191,0,3200,3200
14192,0,3200,3200
14193,0,3200,3200
14194,0,3200,3200
14195,0,3200,3200
14196,0,3200,3200
14197,0,3200,3200
14198,0,3200,3200
14199,0,3200,3200
14200,0,3200,3200
14201,0,3200,3200
14202,0,3200,3200
14203,0,3200,3200
14204,0,3200,3200
14205,0,3200,3200
14206,0,3200,3200
14207,0,3200,3200
14208,0,3200,3200
14209,0,3200,3200
14210,0,3200,3200
14211,0,3200,3200
14212,0,3200,3200
14213,0,3200,3200
14214,0,3200,3200
14215,0,3200,3200
14216,0,3200,3200
14217,0,3200,3200
14218,0,3200,3200
14219,0,3200,3200
14220,0,3200,3200
14221,0,3200,3200
14222,0,3200,3200
14223,0,3200,3200
14224,0,3200,3200
14225,0,3200,3200
14226,0,3200,3200
14227,0,3200,3200
14228,0,3200,3200
14229,0,3200,3200
14230,0,3200,3200
14231,0,3200,3200
14232,0,3200,3200
14233,0,3200,3200
14234,0,3200,3200
14235,0,3200,3200
14236,0,3200,3200
14237,0,3200,3200
14238,0,3200,3200
14239,0,3200,3200
14240,0,3200,3200
14241,0,3200,3200
14242,0,3200,3200
14243,0,3200,3200
14244,0,3200,3200
14245,0,3200,3200
14246,0,3200,3200
14247,0,3200,3200
14248,0,3200,3200
14249,0,3200,3200
14250,0,3200,3200
14251,0,3200,3200
14252,0,3200,3200
14253,0,3200,3200
14254,0,3200,3200
14255,0,3200,3200
14256,0,3200,3200
14257,0,3200,3200
14258,0,3200,3200
14259,0,3200,3200
14260,0,3200,3200
14261,0,3200,3200
14262,0,3200,3200
14263,0,3200,3200
14264,0,3200,3200
14265,0,3200,3200
14266,0,3200,3200
14267,0,3200,3200
14268,0,3200,3200
14269,0,3200,3200
14270,0,3200,3200
14271,0,3200,3200
14272,0,3200,3200
14273,0,3200,3200
14274,0,3200,3200
14275,0,3200,3200
14276,0,3200,3200
14277,0,3200,3200
14278,0,3200,3200
14279,0,3200,3200
14280,0,3200,3200
14281,0,3200,3200
14282,0,3200,3200
14283,0,3200,3200
14284,0,3200,3200
14285,0,3200,3200
14286,0,3200,3200
14287,0,3200,3200
14288,0,3200,3200
14289,0,3200,3200
14290,0,3200,3200
14291,0,3200,3200
14292,0,3200,3200
14293,0,3200,3200
14294,0,3200,3200
14295,0,3200,3200
14296,0,3200,3200
14297,0,3200,3200
14298,0,3200,3200
14299,0,3200,3200
14300,0,3200,3200
14301,0,3200,3200
14302,0,3200,3200
14303,0,3200,3200
14304,0,3200,3200
14305,0,3200,3200
14306,0,3200,3200
14307,0,3200,3200
14308,0,3200,3200
14309,0,3200,3200
14310,0,3200,3200
14311,0,3200,3200
14312,0,3200,3200
14313,0,3200,3200
14314,0,3200,3200
14315,0,3200,3200
14316,0,3200,3200
14317,0,3200,3200
14318,0,3200,3200
14319,0,3200,3200
14320,0,3200,3200
14321,0,3200,3200
14322,0,3200,3200
14323,0,3200,3200
14324,0,3200,3200
14325,0,3200,3200
14326,0,3200,3200
14327,0,3200,3200
14328,0,3200,3200
14329,0,3200,3200
14330,0,3200,3200
14331,0,3200,3200
14332,0,3200,3200
14333,0,3200,3200
14334,0,3200,3200
14335,0,3200,3200
14336,0,3200,3200
14337,0,3200,3200
14338,0,3200,3200
14339,0,3200,3200
14340,0,3200,3200
14341,0,3200,3200
14342,0,3200,3200
14343,0,3200,3200
14344,0,3200,3200
14345,0,3200,3200
14346,0,3200,3200
14347,0,3200,3200
14348,0,3200,3200
14349,0,3200,3200
14350,0,3200,3200
14351,0,3200,3200
14352,0,3200,3200
14353,0,3200,3200
14354,0,3200,3200
14355,0,3200,3200
14356,0,3200,3200
14357,0,3200,3200
14358,0,3200,3200
14359,0,3200,3200
14360,0,3200,3200
14361,0,3200,3200
14362,0,3200,3200
14363,0,3200,3200
14364,0,3200,3200
14365,0,3200,3200
14366,0,3200,3200
14367,0,3200,3200
14368,0,3200,3200
14369,0,3200,3200
14370,0,3200,3200
14371,0,3200,3200
14372,0,3200,3200
14373,0,3200,3200
14374,0,3200,3200
14375,0,3200,3200
14376,0,3200,3200
14377,0,3200,3200
14378,0,3200,3200
14379,0,3200,3200
14380,0,3200,3200
14381,0,3200,3200
14382,0,3200,3200
14383,0,3200,3200
14384,0,3200,3200
14385,0,3200,3200
14386,0,3200,3200
14387,0,3200,3200
14388,0,3200,3200
14389,0,3200,3200
14390,0,3200,3200
14391,0,3200,3200
14392,0,3200,3200
14393,0,3200,3200
14394,0,3200,3200
14395,0,3200,3200
14396,0,3200,3200
14397,0,3200,3200
14398,0,3200,3200
14399,0,3200,3200
14400,0,3200,3200
14401,0,3200,3200
14402,0,3200,3200
14403,0,3200,3200
14404,0,3200,3200
14405,0,3200,3200
14406,0,3200,3200
14407,0,3200,3200
14408,0,3200,3200
14409,0,3200,3200
14410,0,3200,3200
14411,0,3200,3200
14412,0,3200,3200
14413,0,3200,3200
14414,0,3200,3200
14415,0,3200,3200
14416,0,3200,3200
14417,0,3200,3200
14418,0,3200,3200
14419,0,3200,3200
14420,0,3200,3200
14421,0,3200,3200
14422,0,3200,3200
14423,0,3200,3200
14424,0,3200,3200
14425,0,3200,3200
14426,0,3200,3200
14427,0,3200,3200
14428,0,3200,3200
14429,0,3200,3200
14430,0,3200,3200
14431,0,3200,3200
14432,0,3200,3200
14433,0,3200,3200
14434,0,3200,3200
14435,0,3200,3200
14436,0,3200,3200
14437,0,3200,3200
14438,0,3200,3200
14439,0,3200,3200
14440,0,3200,3200
14441,0,3200,3200
14442,0,3200,3200
14443,0,3200,3200
14444,0,3200,3200
14445,0,3200,3200
14446,0,3200,3200
14447,0,3200,3200
14448,0,3200,3200
14449,0,3200,3200
14450,0,3200,3200
14451,0,3200,3200
14452,0,3200,3200
14453,0,3200,3200
14454,0,3200,3200
14455,0,3200,3200
14456,0,3200,3200
14457,0,3200,3200
14458,0,3200,3200
14459,0,3200,3200
14460,0,3200,3200
