startTime,endTime,spawningIntervalInMinutes,spawningAmount,gender,length,age,worker,partTimeWorker,averageSpeed,speed,height,width,mass,source
0:00,23:00,30,5,male,0.22,29,true,false,true,0,1.7,0.46,65,"POLYGON((9.856910159591154 53.56553932034205,9.987372806075529 53.56553932034205,9.987372806075529 53.541880262937354,9.856910159591154 53.541880262937354,9.856910159591154 53.56553932034205))"
0:00,23:00,30,5,female,0.22,26,true,true,true,0,1.72,0.46,75.35,"POLYGON((9.856910159591154 53.56553932034205,9.987372806075529 53.56553932034205,9.987372806075529 53.541880262937354,9.856910159591154 53.541880262937354,9.856910159591154 53.56553932034205))"