startTime,endTime,spawningIntervalInMinutes,spawningAmount,carType,maxSpeed,averageSpeed,trafficCode,startLat,startLon,destLat,destLon,osmRoute,nextTrafficLightPhase,driveMode
09:00,16:30,1,30,Golf,120,60,"german",53.569566,9.978182,53.570075,10.055258,"LINESTRING(9.978182 53.569566,10.055258 53.570075)","Green",3
06:00,16:30,1,15,Golf,110,55,"german",53.569566,9.978182,53.570075,10.055258,"LINESTRING(9.978182 53.569566,10.055258 53.570075)","Red",3
10:00,16:30,1,25,Golf,115,58,"german",53.569566,9.978182,53.570075,10.055258,"LINESTRING(9.978182 53.569566,10.055258 53.570075)","Yellow",3
08:30,16:30,1,10,Golf,130,65,"german",53.569566,9.978182,53.570075,10.055258,"LINESTRING(9.978182 53.569566,10.055258 53.570075)","Green",3
06:00,16:30,1,20,Golf,125,62,"german",53.569566,9.978182,53.570075,10.055258,"LINESTRING(9.978182 53.569566,10.055258 53.570075)","Red",3
08:00,16:30,1,35,Golf,135,67,"german",53.569566,9.978182,53.570075,10.055258,"LINESTRING(9.978182 53.569566,10.055258 53.570075)","Green",3
04:00,16:30,1,15,Golf,110,55,"german",53.569566,9.978182,53.570075,10.055258,"LINESTRING(9.978182 53.569566,10.055258 53.570075)","Yellow",3
