driveMode,startLat,startLot,destLat,destLot
3,53.5468805, 10.0138144,53.552822,9.9932538
