startTime,endTime,spawningIntervalInMinutes,spawningAmount,carType,maxSpeed,averageSpeed,trafficCode,startLat,startLon,destLat,destLon,osmRoute,nextTrafficLightPhase,driveMode
09:00,16:30,1,30,Golf,120,60,"german",53.569566,9.978182,53.570275,10.060258,"LINESTRING(9.978182 53.569566,10.060258 53.570275)","Green",3
06:00,16:30,1,15,Golf,110,55,"german",53.570200,9.975000,53.568000,10.050000,"LINESTRING(9.975000 53.570200,10.050000 53.568000)","Red",3
10:00,16:30,1,25,Golf,115,58,"german",53.567800,9.979500,53.569000,10.065000,"LINESTRING(9.979500 53.567800,10.065000 53.569000)","Yellow",3
08:30,16:30,1,10,Golf,130,65,"german",53.568500,9.980000,53.571000,10.053000,"LINESTRING(9.980000 53.568500,10.053000 53.571000)","Green",3
06:00,16:30,1,20,Golf,125,62,"german",53.569300,9.982500,53.567000,10.058000,"LINESTRING(9.982500 53.569300,10.058000 53.567000)","Red",3
08:00,16:30,1,35,Golf,135,67,"german",53.570100,9.981000,53.568200,10.056000,"LINESTRING(9.981000 53.570100,10.056000 53.568200)","Green",3
04:00,16:30,1,15,Golf,110,55,"german",53.569800,9.977000,53.566500,10.052000,"LINESTRING(9.977000 53.569800,10.052000 53.566500)","Yellow",3
