StartLat,StartLon,DestLat,DestLon,StartTime,EndTime
48.85419453152357,9.122967294856098,48.901184435780095,9.15408571807577,2025-8-10 07:00:00,2025-08-10 17:00:00

