TruckType,StartLat,StartLon,DestLat,DestLon,DriveMode
SmallTruck,48.843280562105285,9.112401721341394,48.962729083942506,9.221092448334451,3
