time_s,cars_on_campus,cumulative_spawned,cumulative_exited
0,3200,0,0
1,3200,0,0
2,3200,0,0
3,3200,0,0
4,3200,0,0
5,3200,0,0
6,3200,0,0
7,3200,0,0
8,3200,0,0
9,3200,0,0
10,3200,0,0
11,3200,0,0
12,3200,0,0
13,3200,0,0
14,3200,0,0
15,3200,0,0
16,3200,0,0
17,3200,0,0
18,3200,0,0
19,3200,0,0
20,3200,0,0
21,3200,0,0
22,3200,0,0
23,3200,0,0
24,3200,0,0
25,3200,0,0
26,3200,0,0
27,3200,0,0
28,3200,0,0
29,3200,0,0
30,3200,0,0
31,3200,0,0
32,3200,0,0
33,3200,0,0
34,3200,0,0
35,3200,0,0
36,3200,0,0
37,3200,0,0
38,3200,0,0
39,3200,0,0
40,3200,0,0
41,3200,0,0
42,3200,0,0
43,3200,0,0
44,3200,0,0
45,3200,0,0
46,3200,0,0
47,3200,0,0
48,3200,0,0
49,3200,0,0
50,3200,0,0
51,3200,0,0
52,3200,0,0
53,3200,0,0
54,3200,0,0
55,3200,0,0
56,3200,0,0
57,3200,0,0
58,3200,0,0
59,3200,0,0
60,3200,3200,0
61,3200,3200,0
62,3200,3200,0
63,3200,3200,0
64,3200,3200,0
65,3200,3200,0
66,3200,3200,0
67,3200,3200,0
68,3200,3200,0
69,3200,3200,0
70,3200,3200,0
71,3200,3200,0
72,3200,3200,0
73,3200,3200,0
74,3200,3200,0
75,3200,3200,0
76,3200,3200,0
77,3200,3200,0
78,3200,3200,0
79,3200,3200,0
80,3200,3200,0
81,3200,3200,0
82,3200,3200,0
83,3200,3200,0
84,3200,3200,0
85,3200,3200,0
86,3200,3200,0
87,3200,3200,0
88,3200,3200,0
89,3200,3200,0
90,3200,3200,0
91,3200,3200,0
92,3200,3200,0
93,3199,3200,1
94,3198,3200,2
95,3198,3200,2
96,3198,3200,2
97,3198,3200,2
98,3197,3200,3
99,3196,3200,4
100,3196,3200,4
101,3196,3200,4
102,3196,3200,4
103,3195,3200,5
104,3194,3200,6
105,3194,3200,6
106,3194,3200,6
107,3193,3200,7
108,3193,3200,7
109,3192,3200,8
110,3192,3200,8
111,3192,3200,8
112,3191,3200,9
113,3190,3200,10
114,3190,3200,10
115,3190,3200,10
116,3188,3200,12
117,3188,3200,12
118,3187,3200,13
119,3186,3200,14
120,3185,3200,15
121,3185,3200,15
122,3184,3200,16
123,3184,3200,16
124,3183,3200,17
125,3182,3200,18
126,3181,3200,19
127,3181,3200,19
128,3181,3200,19
129,3179,3200,21
130,3179,3200,21
131,3178,3200,22
132,3178,3200,22
133,3176,3200,24
134,3176,3200,24
135,3175,3200,25
136,3173,3200,27
137,3172,3200,28
138,3172,3200,28
139,3170,3200,30
140,3169,3200,31
141,3168,3200,32
142,3168,3200,32
143,3167,3200,33
144,3165,3200,35
145,3165,3200,35
146,3165,3200,35
147,3163,3200,37
148,3161,3200,39
149,3161,3200,39
150,3160,3200,40
151,3159,3200,41
152,3159,3200,41
153,3158,3200,42
154,3156,3200,44
155,3155,3200,45
156,3154,3200,46
157,3154,3200,46
158,3153,3200,47
159,3151,3200,49
160,3150,3200,50
161,3149,3200,51
162,3148,3200,52
163,3147,3200,53
164,3146,3200,54
165,3146,3200,54
166,3144,3200,56
167,3143,3200,57
168,3142,3200,58
169,3141,3200,59
170,3139,3200,61
171,3138,3200,62
172,3136,3200,64
173,3135,3200,65
174,3133,3200,67
175,3132,3200,68
176,3132,3200,68
177,3129,3200,71
178,3129,3200,71
179,3129,3200,71
180,3127,3200,73
181,3125,3200,75
182,3125,3200,75
183,3124,3200,76
184,3122,3200,78
185,3121,3200,79
186,3121,3200,79
187,3119,3200,81
188,3117,3200,83
189,3117,3200,83
190,3117,3200,83
191,3115,3200,85
192,3114,3200,86
193,3113,3200,87
194,3112,3200,88
195,3110,3200,90
196,3109,3200,91
197,3109,3200,91
198,3107,3200,93
199,3106,3200,94
200,3106,3200,94
201,3105,3200,95
202,3103,3200,97
203,3102,3200,98
204,3101,3200,99
205,3100,3200,100
206,3098,3200,102
207,3097,3200,103
208,3095,3200,105
209,3094,3200,106
210,3092,3200,108
211,3091,3200,109
212,3090,3200,110
213,3088,3200,112
214,3087,3200,113
215,3086,3200,114
216,3084,3200,116
217,3082,3200,118
218,3082,3200,118
219,3079,3200,121
220,3079,3200,121
221,3077,3200,123
222,3076,3200,124
223,3076,3200,124
224,3075,3200,125
225,3073,3200,127
226,3073,3200,127
227,3073,3200,127
228,3071,3200,129
229,3070,3200,130
230,3070,3200,130
231,3069,3200,131
232,3068,3200,132
233,3067,3200,133
234,3067,3200,133
235,3065,3200,135
236,3064,3200,136
237,3063,3200,137
238,3063,3200,137
239,3063,3200,137
240,3060,3200,140
241,3060,3200,140
242,3059,3200,141
243,3059,3200,141
244,3059,3200,141
245,3057,3200,143
246,3056,3200,144
247,3056,3200,144
248,3054,3200,146
249,3053,3200,147
250,3053,3200,147
251,3052,3200,148
252,3051,3200,149
253,3050,3200,150
254,3050,3200,150
255,3050,3200,150
256,3049,3200,151
257,3047,3200,153
258,3047,3200,153
259,3047,3200,153
260,3045,3200,155
261,3044,3200,156
262,3043,3200,157
263,3042,3200,158
264,3041,3200,159
265,3041,3200,159
266,3040,3200,160
267,3039,3200,161
268,3038,3200,162
269,3037,3200,163
270,3036,3200,164
271,3034,3200,166
272,3034,3200,166
273,3033,3200,167
274,3032,3200,168
275,3031,3200,169
276,3031,3200,169
277,3029,3200,171
278,3029,3200,171
279,3028,3200,172
280,3027,3200,173
281,3027,3200,173
282,3026,3200,174
283,3026,3200,174
284,3024,3200,176
285,3024,3200,176
286,3024,3200,176
287,3023,3200,177
288,3022,3200,178
289,3022,3200,178
290,3022,3200,178
291,3020,3200,180
292,3020,3200,180
293,3020,3200,180
294,3020,3200,180
295,3019,3200,181
296,3018,3200,182
297,3018,3200,182
298,3017,3200,183
299,3016,3200,184
300,3016,3200,184
301,3015,3200,185
302,3015,3200,185
303,3014,3200,186
304,3014,3200,186
305,3013,3200,187
306,3012,3200,188
307,3012,3200,188
308,3011,3200,189
309,3011,3200,189
310,3010,3200,190
311,3009,3200,191
312,3008,3200,192
313,3008,3200,192
314,3007,3200,193
315,3006,3200,194
316,3006,3200,194
317,3005,3200,195
318,3004,3200,196
319,3004,3200,196
320,3003,3200,197
321,3003,3200,197
322,3002,3200,198
323,3001,3200,199
324,3001,3200,199
325,3000,3200,200
326,3000,3200,200
327,2999,3200,201
328,2998,3200,202
329,2998,3200,202
330,2998,3200,202
331,2996,3200,204
332,2996,3200,204
333,2996,3200,204
334,2995,3200,205
335,2995,3200,205
336,2994,3200,206
337,2994,3200,206
338,2993,3200,207
339,2992,3200,208
340,2992,3200,208
341,2991,3200,209
342,2990,3200,210
343,2989,3200,211
344,2989,3200,211
345,2988,3200,212
346,2988,3200,212
347,2988,3200,212
348,2986,3200,214
349,2986,3200,214
350,2986,3200,214
351,2985,3200,215
352,2985,3200,215
353,2984,3200,216
354,2983,3200,217
355,2983,3200,217
356,2983,3200,217
357,2982,3200,218
358,2981,3200,219
359,2981,3200,219
360,2980,3200,220
361,2978,3200,222
362,2978,3200,222
363,2978,3200,222
364,2977,3200,223
365,2977,3200,223
366,2977,3200,223
367,2976,3200,224
368,2975,3200,225
369,2975,3200,225
370,2974,3200,226
371,2973,3200,227
372,2973,3200,227
373,2972,3200,228
374,2971,3200,229
375,2971,3200,229
376,2970,3200,230
377,2970,3200,230
378,2970,3200,230
379,2970,3200,230
380,2970,3200,230
381,2967,3200,233
382,2967,3200,233
383,2967,3200,233
384,2966,3200,234
385,2966,3200,234
386,2965,3200,235
387,2965,3200,235
388,2964,3200,236
389,2963,3200,237
390,2963,3200,237
391,2962,3200,238
392,2962,3200,238
393,2962,3200,238
394,2961,3200,239
395,2960,3200,240
396,2960,3200,240
397,2959,3200,241
398,2959,3200,241
399,2957,3200,243
400,2957,3200,243
401,2957,3200,243
402,2956,3200,244
403,2955,3200,245
404,2955,3200,245
405,2955,3200,245
406,2954,3200,246
407,2953,3200,247
408,2953,3200,247
409,2952,3200,248
410,2952,3200,248
411,2951,3200,249
412,2951,3200,249
413,2950,3200,250
414,2950,3200,250
415,2949,3200,251
416,2948,3200,252
417,2948,3200,252
418,2948,3200,252
419,2947,3200,253
420,2946,3200,254
421,2946,3200,254
422,2945,3200,255
423,2945,3200,255
424,2945,3200,255
425,2944,3200,256
426,2944,3200,256
427,2943,3200,257
428,2942,3200,258
429,2942,3200,258
430,2941,3200,259
431,2941,3200,259
432,2940,3200,260
433,2940,3200,260
434,2940,3200,260
435,2939,3200,261
436,2938,3200,262
437,2938,3200,262
438,2938,3200,262
439,2937,3200,263
440,2937,3200,263
441,2937,3200,263
442,2935,3200,265
443,2935,3200,265
444,2934,3200,266
445,2934,3200,266
446,2933,3200,267
447,2932,3200,268
448,2932,3200,268
449,2932,3200,268
450,2931,3200,269
451,2930,3200,270
452,2929,3200,271
453,2929,3200,271
454,2927,3200,273
455,2927,3200,273
456,2927,3200,273
457,2927,3200,273
458,2926,3200,274
459,2926,3200,274
460,2925,3200,275
461,2924,3200,276
462,2924,3200,276
463,2924,3200,276
464,2923,3200,277
465,2923,3200,277
466,2923,3200,277
467,2923,3200,277
468,2923,3200,277
469,2923,3200,277
470,2923,3200,277
471,2923,3200,277
472,2923,3200,277
473,2922,3200,278
474,2922,3200,278
475,2922,3200,278
476,2921,3200,279
477,2921,3200,279
478,2921,3200,279
479,2920,3200,280
480,2919,3200,281
481,2918,3200,282
482,2918,3200,282
483,2917,3200,283
484,2916,3200,284
485,2914,3200,286
486,2914,3200,286
487,2914,3200,286
488,2913,3200,287
489,2913,3200,287
490,2913,3200,287
491,2913,3200,287
492,2911,3200,289
493,2911,3200,289
494,2909,3200,291
495,2909,3200,291
496,2908,3200,292
497,2907,3200,293
498,2906,3200,294
499,2905,3200,295
500,2905,3200,295
501,2903,3200,297
502,2902,3200,298
503,2900,3200,300
504,2900,3200,300
505,2899,3200,301
506,2899,3200,301
507,2898,3200,302
508,2897,3200,303
509,2896,3200,304
510,2896,3200,304
511,2895,3200,305
512,2893,3200,307
513,2893,3200,307
514,2893,3200,307
515,2893,3200,307
516,2892,3200,308
517,2891,3200,309
518,2890,3200,310
519,2890,3200,310
520,2889,3200,311
521,2888,3200,312
522,2888,3200,312
523,2888,3200,312
524,2886,3200,314
525,2886,3200,314
526,2885,3200,315
527,2885,3200,315
528,2885,3200,315
529,2884,3200,316
530,2884,3200,316
531,2884,3200,316
532,2883,3200,317
533,2883,3200,317
534,2883,3200,317
535,2883,3200,317
536,2883,3200,317
537,2881,3200,319
538,2879,3200,321
539,2879,3200,321
540,2878,3200,322
541,2878,3200,322
542,2878,3200,322
543,2877,3200,323
544,2875,3200,325
545,2875,3200,325
546,2874,3200,326
547,2873,3200,327
548,2873,3200,327
549,2872,3200,328
550,2872,3200,328
551,2870,3200,330
552,2869,3200,331
553,2869,3200,331
554,2869,3200,331
555,2868,3200,332
556,2867,3200,333
557,2866,3200,334
558,2865,3200,335
559,2865,3200,335
560,2864,3200,336
561,2863,3200,337
562,2862,3200,338
563,2861,3200,339
564,2861,3200,339
565,2859,3200,341
566,2859,3200,341
567,2859,3200,341
568,2858,3200,342
569,2858,3200,342
570,2857,3200,343
571,2856,3200,344
572,2855,3200,345
573,2854,3200,346
574,2854,3200,346
575,2852,3200,348
576,2851,3200,349
577,2851,3200,349
578,2850,3200,350
579,2849,3200,351
580,2849,3200,351
581,2849,3200,351
582,2849,3200,351
583,2849,3200,351
584,2848,3200,352
585,2848,3200,352
586,2848,3200,352
587,2846,3200,354
588,2846,3200,354
589,2845,3200,355
590,2845,3200,355
591,2845,3200,355
592,2843,3200,357
593,2842,3200,358
594,2841,3200,359
595,2841,3200,359
596,2840,3200,360
597,2839,3200,361
598,2838,3200,362
599,2838,3200,362
600,2837,3200,363
601,2836,3200,364
602,2836,3200,364
603,2836,3200,364
604,2834,3200,366
605,2834,3200,366
606,2833,3200,367
607,2833,3200,367
608,2832,3200,368
609,2831,3200,369
610,2830,3200,370
611,2830,3200,370
612,2829,3200,371
613,2829,3200,371
614,2829,3200,371
615,2827,3200,373
616,2827,3200,373
617,2827,3200,373
618,2827,3200,373
619,2826,3200,374
620,2825,3200,375
621,2825,3200,375
622,2824,3200,376
623,2824,3200,376
624,2822,3200,378
625,2822,3200,378
626,2821,3200,379
627,2820,3200,380
628,2820,3200,380
629,2819,3200,381
630,2818,3200,382
631,2816,3200,384
632,2816,3200,384
633,2815,3200,385
634,2814,3200,386
635,2813,3200,387
636,2813,3200,387
637,2813,3200,387
638,2813,3200,387
639,2813,3200,387
640,2811,3200,389
641,2810,3200,390
642,2810,3200,390
643,2810,3200,390
644,2809,3200,391
645,2809,3200,391
646,2808,3200,392
647,2808,3200,392
648,2808,3200,392
649,2807,3200,393
650,2805,3200,395
651,2804,3200,396
652,2804,3200,396
653,2803,3200,397
654,2802,3200,398
655,2801,3200,399
656,2800,3200,400
657,2800,3200,400
658,2800,3200,400
659,2799,3200,401
660,2799,3200,401
661,2798,3200,402
662,2798,3200,402
663,2797,3200,403
664,2797,3200,403
665,2797,3200,403
666,2797,3200,403
667,2797,3200,403
668,2795,3200,405
669,2795,3200,405
670,2794,3200,406
671,2794,3200,406
672,2792,3200,408
673,2792,3200,408
674,2792,3200,408
675,2791,3200,409
676,2791,3200,409
677,2790,3200,410
678,2789,3200,411
679,2788,3200,412
680,2786,3200,414
681,2785,3200,415
682,2784,3200,416
683,2784,3200,416
684,2784,3200,416
685,2784,3200,416
686,2784,3200,416
687,2783,3200,417
688,2783,3200,417
689,2782,3200,418
690,2782,3200,418
691,2781,3200,419
692,2781,3200,419
693,2780,3200,420
694,2779,3200,421
695,2779,3200,421
696,2777,3200,423
697,2777,3200,423
698,2776,3200,424
699,2775,3200,425
700,2775,3200,425
701,2774,3200,426
702,2773,3200,427
703,2773,3200,427
704,2772,3200,428
705,2771,3200,429
706,2771,3200,429
707,2771,3200,429
708,2770,3200,430
709,2770,3200,430
710,2770,3200,430
711,2770,3200,430
712,2768,3200,432
713,2767,3200,433
714,2765,3200,435
715,2765,3200,435
716,2765,3200,435
717,2765,3200,435
718,2765,3200,435
719,2764,3200,436
720,2764,3200,436
721,2763,3200,437
722,2762,3200,438
723,2761,3200,439
724,2761,3200,439
725,2761,3200,439
726,2761,3200,439
727,2760,3200,440
728,2759,3200,441
729,2759,3200,441
730,2758,3200,442
731,2757,3200,443
732,2757,3200,443
733,2756,3200,444
734,2755,3200,445
735,2754,3200,446
736,2754,3200,446
737,2754,3200,446
738,2753,3200,447
739,2753,3200,447
740,2752,3200,448
741,2752,3200,448
742,2751,3200,449
743,2749,3200,451
744,2749,3200,451
745,2748,3200,452
746,2748,3200,452
747,2748,3200,452
748,2747,3200,453
749,2746,3200,454
750,2746,3200,454
751,2744,3200,456
752,2743,3200,457
753,2742,3200,458
754,2741,3200,459
755,2740,3200,460
756,2740,3200,460
757,2739,3200,461
758,2739,3200,461
759,2738,3200,462
760,2738,3200,462
761,2738,3200,462
762,2737,3200,463
763,2736,3200,464
764,2735,3200,465
765,2734,3200,466
766,2734,3200,466
767,2734,3200,466
768,2734,3200,466
769,2733,3200,467
770,2732,3200,468
771,2731,3200,469
772,2731,3200,469
773,2731,3200,469
774,2730,3200,470
775,2730,3200,470
776,2730,3200,470
777,2730,3200,470
778,2729,3200,471
779,2729,3200,471
780,2729,3200,471
781,2728,3200,472
782,2728,3200,472
783,2728,3200,472
784,2727,3200,473
785,2726,3200,474
786,2726,3200,474
787,2724,3200,476
788,2724,3200,476
789,2723,3200,477
790,2723,3200,477
791,2722,3200,478
792,2720,3200,480
793,2720,3200,480
794,2720,3200,480
795,2720,3200,480
796,2719,3200,481
797,2718,3200,482
798,2718,3200,482
799,2718,3200,482
800,2717,3200,483
801,2716,3200,484
802,2716,3200,484
803,2715,3200,485
804,2714,3200,486
805,2713,3200,487
806,2713,3200,487
807,2711,3200,489
808,2710,3200,490
809,2709,3200,491
810,2708,3200,492
811,2708,3200,492
812,2708,3200,492
813,2708,3200,492
814,2706,3200,494
815,2705,3200,495
816,2705,3200,495
817,2703,3200,497
818,2703,3200,497
819,2702,3200,498
820,2702,3200,498
821,2701,3200,499
822,2701,3200,499
823,2699,3200,501
824,2698,3200,502
825,2698,3200,502
826,2697,3200,503
827,2697,3200,503
828,2696,3200,504
829,2696,3200,504
830,2695,3200,505
831,2695,3200,505
832,2694,3200,506
833,2694,3200,506
834,2693,3200,507
835,2693,3200,507
836,2692,3200,508
837,2691,3200,509
838,2690,3200,510
839,2689,3200,511
840,2688,3200,512
841,2688,3200,512
842,2687,3200,513
843,2686,3200,514
844,2686,3200,514
845,2685,3200,515
846,2685,3200,515
847,2684,3200,516
848,2684,3200,516
849,2683,3200,517
850,2683,3200,517
851,2683,3200,517
852,2683,3200,517
853,2681,3200,519
854,2681,3200,519
855,2681,3200,519
856,2680,3200,520
857,2680,3200,520
858,2680,3200,520
859,2679,3200,521
860,2679,3200,521
861,2679,3200,521
862,2678,3200,522
863,2678,3200,522
864,2678,3200,522
865,2678,3200,522
866,2677,3200,523
867,2677,3200,523
868,2677,3200,523
869,2676,3200,524
870,2675,3200,525
871,2674,3200,526
872,2674,3200,526
873,2674,3200,526
874,2673,3200,527
875,2673,3200,527
876,2673,3200,527
877,2673,3200,527
878,2672,3200,528
879,2672,3200,528
880,2670,3200,530
881,2670,3200,530
882,2669,3200,531
883,2668,3200,532
884,2668,3200,532
885,2667,3200,533
886,2666,3200,534
887,2665,3200,535
888,2664,3200,536
889,2663,3200,537
890,2662,3200,538
891,2662,3200,538
892,2660,3200,540
893,2659,3200,541
894,2659,3200,541
895,2658,3200,542
896,2658,3200,542
897,2657,3200,543
898,2656,3200,544
899,2656,3200,544
900,2655,3200,545
901,2654,3200,546
902,2654,3200,546
903,2654,3200,546
904,2653,3200,547
905,2653,3200,547
906,2651,3200,549
907,2651,3200,549
908,2650,3200,550
909,2650,3200,550
910,2649,3200,551
911,2648,3200,552
912,2647,3200,553
913,2646,3200,554
914,2645,3200,555
915,2644,3200,556
916,2643,3200,557
917,2642,3200,558
918,2642,3200,558
919,2642,3200,558
920,2641,3200,559
921,2641,3200,559
922,2641,3200,559
923,2640,3200,560
924,2639,3200,561
925,2639,3200,561
926,2639,3200,561
927,2639,3200,561
928,2639,3200,561
929,2639,3200,561
930,2638,3200,562
931,2637,3200,563
932,2636,3200,564
933,2635,3200,565
934,2635,3200,565
935,2635,3200,565
936,2634,3200,566
937,2634,3200,566
938,2634,3200,566
939,2632,3200,568
940,2632,3200,568
941,2632,3200,568
942,2631,3200,569
943,2631,3200,569
944,2630,3200,570
945,2629,3200,571
946,2628,3200,572
947,2628,3200,572
948,2627,3200,573
949,2626,3200,574
950,2626,3200,574
951,2625,3200,575
952,2625,3200,575
953,2625,3200,575
954,2623,3200,577
955,2622,3200,578
956,2622,3200,578
957,2622,3200,578
958,2621,3200,579
959,2620,3200,580
960,2620,3200,580
961,2620,3200,580
962,2619,3200,581
963,2618,3200,582
964,2618,3200,582
965,2616,3200,584
966,2616,3200,584
967,2615,3200,585
968,2615,3200,585
969,2614,3200,586
970,2614,3200,586
971,2612,3200,588
972,2611,3200,589
973,2610,3200,590
974,2609,3200,591
975,2609,3200,591
976,2608,3200,592
977,2608,3200,592
978,2608,3200,592
979,2607,3200,593
980,2607,3200,593
981,2607,3200,593
982,2607,3200,593
983,2607,3200,593
984,2606,3200,594
985,2606,3200,594
986,2606,3200,594
987,2605,3200,595
988,2604,3200,596
989,2604,3200,596
990,2603,3200,597
991,2602,3200,598
992,2602,3200,598
993,2601,3200,599
994,2600,3200,600
995,2599,3200,601
996,2599,3200,601
997,2599,3200,601
998,2598,3200,602
999,2598,3200,602
1000,2598,3200,602
1001,2597,3200,603
1002,2597,3200,603
1003,2595,3200,605
1004,2595,3200,605
1005,2595,3200,605
1006,2595,3200,605
1007,2594,3200,606
1008,2594,3200,606
1009,2593,3200,607
1010,2593,3200,607
1011,2593,3200,607
1012,2593,3200,607
1013,2592,3200,608
1014,2590,3200,610
1015,2590,3200,610
1016,2589,3200,611
1017,2589,3200,611
1018,2589,3200,611
1019,2588,3200,612
1020,2587,3200,613
1021,2586,3200,614
1022,2585,3200,615
1023,2585,3200,615
1024,2585,3200,615
1025,2584,3200,616
1026,2584,3200,616
1027,2583,3200,617
1028,2581,3200,619
1029,2580,3200,620
1030,2580,3200,620
1031,2579,3200,621
1032,2579,3200,621
1033,2579,3200,621
1034,2578,3200,622
1035,2577,3200,623
1036,2577,3200,623
1037,2576,3200,624
1038,2575,3200,625
1039,2574,3200,626
1040,2573,3200,627
1041,2573,3200,627
1042,2571,3200,629
1043,2571,3200,629
1044,2571,3200,629
1045,2571,3200,629
1046,2571,3200,629
1047,2570,3200,630
1048,2569,3200,631
1049,2569,3200,631
1050,2569,3200,631
1051,2567,3200,633
1052,2566,3200,634
1053,2564,3200,636
1054,2564,3200,636
1055,2564,3200,636
1056,2562,3200,638
1057,2561,3200,639
1058,2561,3200,639
1059,2560,3200,640
1060,2560,3200,640
1061,2559,3200,641
1062,2558,3200,642
1063,2557,3200,643
1064,2556,3200,644
1065,2554,3200,646
1066,2554,3200,646
1067,2554,3200,646
1068,2554,3200,646
1069,2553,3200,647
1070,2552,3200,648
1071,2551,3200,649
1072,2550,3200,650
1073,2550,3200,650
1074,2549,3200,651
1075,2549,3200,651
1076,2548,3200,652
1077,2548,3200,652
1078,2547,3200,653
1079,2547,3200,653
1080,2546,3200,654
1081,2545,3200,655
1082,2545,3200,655
1083,2544,3200,656
1084,2544,3200,656
1085,2544,3200,656
1086,2543,3200,657
1087,2542,3200,658
1088,2540,3200,660
1089,2540,3200,660
1090,2540,3200,660
1091,2540,3200,660
1092,2539,3200,661
1093,2539,3200,661
1094,2539,3200,661
1095,2539,3200,661
1096,2539,3200,661
1097,2537,3200,663
1098,2537,3200,663
1099,2537,3200,663
1100,2537,3200,663
1101,2536,3200,664
1102,2535,3200,665
1103,2534,3200,666
1104,2532,3200,668
1105,2532,3200,668
1106,2531,3200,669
1107,2531,3200,669
1108,2531,3200,669
1109,2531,3200,669
1110,2530,3200,670
1111,2530,3200,670
1112,2529,3200,671
1113,2528,3200,672
1114,2527,3200,673
1115,2526,3200,674
1116,2526,3200,674
1117,2525,3200,675
1118,2523,3200,677
1119,2522,3200,678
1120,2521,3200,679
1121,2521,3200,679
1122,2520,3200,680
1123,2520,3200,680
1124,2519,3200,681
1125,2518,3200,682
1126,2518,3200,682
1127,2517,3200,683
1128,2516,3200,684
1129,2516,3200,684
1130,2515,3200,685
1131,2515,3200,685
1132,2514,3200,686
1133,2513,3200,687
1134,2512,3200,688
1135,2512,3200,688
1136,2512,3200,688
1137,2512,3200,688
1138,2512,3200,688
1139,2511,3200,689
1140,2510,3200,690
1141,2510,3200,690
1142,2509,3200,691
1143,2509,3200,691
1144,2508,3200,692
1145,2507,3200,693
1146,2506,3200,694
1147,2505,3200,695
1148,2505,3200,695
1149,2505,3200,695
1150,2504,3200,696
1151,2504,3200,696
1152,2504,3200,696
1153,2503,3200,697
1154,2503,3200,697
1155,2501,3200,699
1156,2501,3200,699
1157,2500,3200,700
1158,2500,3200,700
1159,2500,3200,700
1160,2500,3200,700
1161,2498,3200,702
1162,2497,3200,703
1163,2496,3200,704
1164,2496,3200,704
1165,2496,3200,704
1166,2496,3200,704
1167,2495,3200,705
1168,2495,3200,705
1169,2495,3200,705
1170,2495,3200,705
1171,2494,3200,706
1172,2492,3200,708
1173,2492,3200,708
1174,2491,3200,709
1175,2491,3200,709
1176,2491,3200,709
1177,2491,3200,709
1178,2490,3200,710
1179,2489,3200,711
1180,2489,3200,711
1181,2487,3200,713
1182,2487,3200,713
1183,2486,3200,714
1184,2486,3200,714
1185,2485,3200,715
1186,2485,3200,715
1187,2484,3200,716
1188,2483,3200,717
1189,2481,3200,719
1190,2481,3200,719
1191,2481,3200,719
1192,2480,3200,720
1193,2480,3200,720
1194,2479,3200,721
1195,2479,3200,721
1196,2478,3200,722
1197,2477,3200,723
1198,2477,3200,723
1199,2476,3200,724
1200,2475,3200,725
1201,2475,3200,725
1202,2474,3200,726
1203,2473,3200,727
1204,2472,3200,728
1205,2472,3200,728
1206,2472,3200,728
1207,2472,3200,728
1208,2472,3200,728
1209,2471,3200,729
1210,2471,3200,729
1211,2470,3200,730
1212,2469,3200,731
1213,2469,3200,731
1214,2469,3200,731
1215,2467,3200,733
1216,2466,3200,734
1217,2466,3200,734
1218,2465,3200,735
1219,2464,3200,736
1220,2463,3200,737
1221,2463,3200,737
1222,2461,3200,739
1223,2461,3200,739
1224,2460,3200,740
1225,2460,3200,740
1226,2458,3200,742
1227,2457,3200,743
1228,2457,3200,743
1229,2457,3200,743
1230,2457,3200,743
1231,2457,3200,743
1232,2457,3200,743
1233,2456,3200,744
1234,2454,3200,746
1235,2454,3200,746
1236,2454,3200,746
1237,2452,3200,748
1238,2451,3200,749
1239,2451,3200,749
1240,2451,3200,749
1241,2450,3200,750
1242,2450,3200,750
1243,2449,3200,751
1244,2449,3200,751
1245,2448,3200,752
1246,2448,3200,752
1247,2448,3200,752
1248,2447,3200,753
1249,2447,3200,753
1250,2447,3200,753
1251,2446,3200,754
1252,2446,3200,754
1253,2445,3200,755
1254,2444,3200,756
1255,2443,3200,757
1256,2443,3200,757
1257,2441,3200,759
1258,2439,3200,761
1259,2439,3200,761
1260,2439,3200,761
1261,2438,3200,762
1262,2438,3200,762
1263,2437,3200,763
1264,2437,3200,763
1265,2436,3200,764
1266,2436,3200,764
1267,2435,3200,765
1268,2435,3200,765
1269,2434,3200,766
1270,2434,3200,766
1271,2433,3200,767
1272,2433,3200,767
1273,2432,3200,768
1274,2432,3200,768
1275,2432,3200,768
1276,2432,3200,768
1277,2431,3200,769
1278,2430,3200,770
1279,2429,3200,771
1280,2428,3200,772
1281,2427,3200,773
1282,2426,3200,774
1283,2425,3200,775
1284,2425,3200,775
1285,2425,3200,775
1286,2424,3200,776
1287,2423,3200,777
1288,2423,3200,777
1289,2422,3200,778
1290,2422,3200,778
1291,2422,3200,778
1292,2421,3200,779
1293,2421,3200,779
1294,2421,3200,779
1295,2420,3200,780
1296,2420,3200,780
1297,2419,3200,781
1298,2419,3200,781
1299,2419,3200,781
1300,2419,3200,781
1301,2418,3200,782
1302,2417,3200,783
1303,2416,3200,784
1304,2414,3200,786
1305,2414,3200,786
1306,2413,3200,787
1307,2413,3200,787
1308,2412,3200,788
1309,2412,3200,788
1310,2411,3200,789
1311,2410,3200,790
1312,2409,3200,791
1313,2408,3200,792
1314,2407,3200,793
1315,2407,3200,793
1316,2406,3200,794
1317,2406,3200,794
1318,2406,3200,794
1319,2405,3200,795
1320,2404,3200,796
1321,2403,3200,797
1322,2402,3200,798
1323,2401,3200,799
1324,2400,3200,800
1325,2399,3200,801
1326,2399,3200,801
1327,2399,3200,801
1328,2398,3200,802
1329,2398,3200,802
1330,2396,3200,804
1331,2396,3200,804
1332,2395,3200,805
1333,2394,3200,806
1334,2394,3200,806
1335,2393,3200,807
1336,2393,3200,807
1337,2393,3200,807
1338,2393,3200,807
1339,2393,3200,807
1340,2393,3200,807
1341,2393,3200,807
1342,2392,3200,808
1343,2392,3200,808
1344,2391,3200,809
1345,2391,3200,809
1346,2391,3200,809
1347,2389,3200,811
1348,2388,3200,812
1349,2387,3200,813
1350,2386,3200,814
1351,2386,3200,814
1352,2385,3200,815
1353,2385,3200,815
1354,2385,3200,815
1355,2385,3200,815
1356,2384,3200,816
1357,2383,3200,817
1358,2383,3200,817
1359,2381,3200,819
1360,2381,3200,819
1361,2380,3200,820
1362,2379,3200,821
1363,2379,3200,821
1364,2378,3200,822
1365,2378,3200,822
1366,2377,3200,823
1367,2375,3200,825
1368,2375,3200,825
1369,2374,3200,826
1370,2373,3200,827
1371,2373,3200,827
1372,2372,3200,828
1373,2371,3200,829
1374,2370,3200,830
1375,2370,3200,830
1376,2368,3200,832
1377,2368,3200,832
1378,2367,3200,833
1379,2367,3200,833
1380,2366,3200,834
1381,2365,3200,835
1382,2364,3200,836
1383,2364,3200,836
1384,2363,3200,837
1385,2363,3200,837
1386,2362,3200,838
1387,2362,3200,838
1388,2362,3200,838
1389,2361,3200,839
1390,2359,3200,841
1391,2359,3200,841
1392,2358,3200,842
1393,2358,3200,842
1394,2358,3200,842
1395,2357,3200,843
1396,2356,3200,844
1397,2355,3200,845
1398,2355,3200,845
1399,2355,3200,845
1400,2354,3200,846
1401,2353,3200,847
1402,2353,3200,847
1403,2352,3200,848
1404,2351,3200,849
1405,2350,3200,850
1406,2349,3200,851
1407,2349,3200,851
1408,2348,3200,852
1409,2348,3200,852
1410,2348,3200,852
1411,2347,3200,853
1412,2347,3200,853
1413,2345,3200,855
1414,2345,3200,855
1415,2345,3200,855
1416,2344,3200,856
1417,2342,3200,858
1418,2342,3200,858
1419,2340,3200,860
1420,2339,3200,861
1421,2337,3200,863
1422,2337,3200,863
1423,2335,3200,865
1424,2335,3200,865
1425,2335,3200,865
1426,2335,3200,865
1427,2334,3200,866
1428,2333,3200,867
1429,2333,3200,867
1430,2332,3200,868
1431,2332,3200,868
1432,2331,3200,869
1433,2331,3200,869
1434,2331,3200,869
1435,2331,3200,869
1436,2330,3200,870
1437,2330,3200,870
1438,2329,3200,871
1439,2329,3200,871
1440,2328,3200,872
1441,2327,3200,873
1442,2327,3200,873
1443,2327,3200,873
1444,2326,3200,874
1445,2325,3200,875
1446,2325,3200,875
1447,2325,3200,875
1448,2324,3200,876
1449,2324,3200,876
1450,2323,3200,877
1451,2323,3200,877
1452,2322,3200,878
1453,2321,3200,879
1454,2321,3200,879
1455,2320,3200,880
1456,2320,3200,880
1457,2320,3200,880
1458,2320,3200,880
1459,2319,3200,881
1460,2318,3200,882
1461,2317,3200,883
1462,2316,3200,884
1463,2316,3200,884
1464,2315,3200,885
1465,2315,3200,885
1466,2315,3200,885
1467,2314,3200,886
1468,2313,3200,887
1469,2312,3200,888
1470,2312,3200,888
1471,2311,3200,889
1472,2311,3200,889
1473,2311,3200,889
1474,2310,3200,890
1475,2308,3200,892
1476,2308,3200,892
1477,2308,3200,892
1478,2308,3200,892
1479,2308,3200,892
1480,2306,3200,894
1481,2306,3200,894
1482,2305,3200,895
1483,2305,3200,895
1484,2304,3200,896
1485,2304,3200,896
1486,2303,3200,897
1487,2303,3200,897
1488,2301,3200,899
1489,2301,3200,899
1490,2300,3200,900
1491,2300,3200,900
1492,2300,3200,900
1493,2300,3200,900
1494,2299,3200,901
1495,2298,3200,902
1496,2297,3200,903
1497,2296,3200,904
1498,2296,3200,904
1499,2295,3200,905
1500,2295,3200,905
1501,2294,3200,906
1502,2293,3200,907
1503,2292,3200,908
1504,2291,3200,909
1505,2290,3200,910
1506,2290,3200,910
1507,2290,3200,910
1508,2289,3200,911
1509,2288,3200,912
1510,2288,3200,912
1511,2287,3200,913
1512,2287,3200,913
1513,2286,3200,914
1514,2285,3200,915
1515,2285,3200,915
1516,2284,3200,916
1517,2284,3200,916
1518,2284,3200,916
1519,2284,3200,916
1520,2283,3200,917
1521,2283,3200,917
1522,2282,3200,918
1523,2281,3200,919
1524,2280,3200,920
1525,2280,3200,920
1526,2280,3200,920
1527,2280,3200,920
1528,2280,3200,920
1529,2280,3200,920
1530,2280,3200,920
1531,2279,3200,921
1532,2279,3200,921
1533,2278,3200,922
1534,2277,3200,923
1535,2277,3200,923
1536,2276,3200,924
1537,2276,3200,924
1538,2274,3200,926
1539,2274,3200,926
1540,2273,3200,927
1541,2273,3200,927
1542,2271,3200,929
1543,2271,3200,929
1544,2270,3200,930
1545,2270,3200,930
1546,2270,3200,930
1547,2269,3200,931
1548,2269,3200,931
1549,2268,3200,932
1550,2268,3200,932
1551,2266,3200,934
1552,2266,3200,934
1553,2265,3200,935
1554,2264,3200,936
1555,2264,3200,936
1556,2262,3200,938
1557,2261,3200,939
1558,2260,3200,940
1559,2260,3200,940
1560,2259,3200,941
1561,2258,3200,942
1562,2258,3200,942
1563,2256,3200,944
1564,2256,3200,944
1565,2255,3200,945
1566,2254,3200,946
1567,2254,3200,946
1568,2253,3200,947
1569,2253,3200,947
1570,2251,3200,949
1571,2251,3200,949
1572,2250,3200,950
1573,2250,3200,950
1574,2250,3200,950
1575,2249,3200,951
1576,2249,3200,951
1577,2248,3200,952
1578,2247,3200,953
1579,2246,3200,954
1580,2246,3200,954
1581,2245,3200,955
1582,2245,3200,955
1583,2245,3200,955
1584,2244,3200,956
1585,2242,3200,958
1586,2242,3200,958
1587,2241,3200,959
1588,2241,3200,959
1589,2240,3200,960
1590,2239,3200,961
1591,2239,3200,961
1592,2238,3200,962
1593,2238,3200,962
1594,2237,3200,963
1595,2237,3200,963
1596,2236,3200,964
1597,2235,3200,965
1598,2234,3200,966
1599,2233,3200,967
1600,2232,3200,968
1601,2231,3200,969
1602,2231,3200,969
1603,2231,3200,969
1604,2231,3200,969
1605,2229,3200,971
1606,2229,3200,971
1607,2228,3200,972
1608,2228,3200,972
1609,2227,3200,973
1610,2227,3200,973
1611,2227,3200,973
1612,2226,3200,974
1613,2225,3200,975
1614,2224,3200,976
1615,2224,3200,976
1616,2224,3200,976
1617,2223,3200,977
1618,2222,3200,978
1619,2222,3200,978
1620,2221,3200,979
1621,2219,3200,981
1622,2219,3200,981
1623,2218,3200,982
1624,2218,3200,982
1625,2218,3200,982
1626,2217,3200,983
1627,2217,3200,983
1628,2216,3200,984
1629,2216,3200,984
1630,2216,3200,984
1631,2215,3200,985
1632,2215,3200,985
1633,2213,3200,987
1634,2212,3200,988
1635,2211,3200,989
1636,2211,3200,989
1637,2211,3200,989
1638,2210,3200,990
1639,2210,3200,990
1640,2208,3200,992
1641,2208,3200,992
1642,2207,3200,993
1643,2207,3200,993
1644,2206,3200,994
1645,2206,3200,994
1646,2206,3200,994
1647,2206,3200,994
1648,2204,3200,996
1649,2203,3200,997
1650,2202,3200,998
1651,2201,3200,999
1652,2201,3200,999
1653,2201,3200,999
1654,2200,3200,1000
1655,2200,3200,1000
1656,2200,3200,1000
1657,2200,3200,1000
1658,2198,3200,1002
1659,2198,3200,1002
1660,2197,3200,1003
1661,2197,3200,1003
1662,2197,3200,1003
1663,2197,3200,1003
1664,2197,3200,1003
1665,2197,3200,1003
1666,2196,3200,1004
1667,2195,3200,1005
1668,2194,3200,1006
1669,2193,3200,1007
1670,2191,3200,1009
1671,2191,3200,1009
1672,2191,3200,1009
1673,2190,3200,1010
1674,2190,3200,1010
1675,2189,3200,1011
1676,2188,3200,1012
1677,2187,3200,1013
1678,2186,3200,1014
1679,2186,3200,1014
1680,2184,3200,1016
1681,2184,3200,1016
1682,2182,3200,1018
1683,2182,3200,1018
1684,2181,3200,1019
1685,2181,3200,1019
1686,2181,3200,1019
1687,2180,3200,1020
1688,2179,3200,1021
1689,2177,3200,1023
1690,2177,3200,1023
1691,2176,3200,1024
1692,2176,3200,1024
1693,2176,3200,1024
1694,2175,3200,1025
1695,2174,3200,1026
1696,2174,3200,1026
1697,2174,3200,1026
1698,2174,3200,1026
1699,2173,3200,1027
1700,2173,3200,1027
1701,2171,3200,1029
1702,2171,3200,1029
1703,2170,3200,1030
1704,2170,3200,1030
1705,2170,3200,1030
1706,2169,3200,1031
1707,2169,3200,1031
1708,2169,3200,1031
1709,2169,3200,1031
1710,2168,3200,1032
1711,2167,3200,1033
1712,2166,3200,1034
1713,2165,3200,1035
1714,2165,3200,1035
1715,2164,3200,1036
1716,2164,3200,1036
1717,2163,3200,1037
1718,2163,3200,1037
1719,2163,3200,1037
1720,2163,3200,1037
1721,2163,3200,1037
1722,2163,3200,1037
1723,2162,3200,1038
1724,2161,3200,1039
1725,2160,3200,1040
1726,2160,3200,1040
1727,2160,3200,1040
1728,2159,3200,1041
1729,2159,3200,1041
1730,2158,3200,1042
1731,2157,3200,1043
1732,2157,3200,1043
1733,2155,3200,1045
1734,2155,3200,1045
1735,2155,3200,1045
1736,2155,3200,1045
1737,2155,3200,1045
1738,2155,3200,1045
1739,2154,3200,1046
1740,2154,3200,1046
1741,2153,3200,1047
1742,2152,3200,1048
1743,2152,3200,1048
1744,2150,3200,1050
1745,2150,3200,1050
1746,2149,3200,1051
1747,2148,3200,1052
1748,2147,3200,1053
1749,2147,3200,1053
1750,2147,3200,1053
1751,2146,3200,1054
1752,2145,3200,1055
1753,2144,3200,1056
1754,2143,3200,1057
1755,2143,3200,1057
1756,2142,3200,1058
1757,2141,3200,1059
1758,2141,3200,1059
1759,2141,3200,1059
1760,2140,3200,1060
1761,2139,3200,1061
1762,2139,3200,1061
1763,2137,3200,1063
1764,2137,3200,1063
1765,2137,3200,1063
1766,2136,3200,1064
1767,2136,3200,1064
1768,2136,3200,1064
1769,2136,3200,1064
1770,2135,3200,1065
1771,2134,3200,1066
1772,2134,3200,1066
1773,2134,3200,1066
1774,2133,3200,1067
1775,2133,3200,1067
1776,2133,3200,1067
1777,2132,3200,1068
1778,2132,3200,1068
1779,2132,3200,1068
1780,2131,3200,1069
1781,2130,3200,1070
1782,2130,3200,1070
1783,2130,3200,1070
1784,2129,3200,1071
1785,2128,3200,1072
1786,2127,3200,1073
1787,2127,3200,1073
1788,2127,3200,1073
1789,2127,3200,1073
1790,2125,3200,1075
1791,2125,3200,1075
1792,2125,3200,1075
1793,2124,3200,1076
1794,2124,3200,1076
1795,2123,3200,1077
1796,2123,3200,1077
1797,2123,3200,1077
1798,2123,3200,1077
1799,2122,3200,1078
1800,2121,3200,1079
1801,2121,3200,1079
1802,2121,3200,1079
1803,2120,3200,1080
1804,2120,3200,1080
1805,2120,3200,1080
1806,2120,3200,1080
1807,2119,3200,1081
1808,2118,3200,1082
1809,2118,3200,1082
1810,2118,3200,1082
1811,2117,3200,1083
1812,2115,3200,1085
1813,2114,3200,1086
1814,2114,3200,1086
1815,2113,3200,1087
1816,2113,3200,1087
1817,2112,3200,1088
1818,2112,3200,1088
1819,2112,3200,1088
1820,2110,3200,1090
1821,2110,3200,1090
1822,2109,3200,1091
1823,2109,3200,1091
1824,2109,3200,1091
1825,2109,3200,1091
1826,2109,3200,1091
1827,2109,3200,1091
1828,2109,3200,1091
1829,2109,3200,1091
1830,2109,3200,1091
1831,2109,3200,1091
1832,2109,3200,1091
1833,2108,3200,1092
1834,2108,3200,1092
1835,2108,3200,1092
1836,2107,3200,1093
1837,2107,3200,1093
1838,2107,3200,1093
1839,2106,3200,1094
1840,2106,3200,1094
1841,2106,3200,1094
1842,2105,3200,1095
1843,2104,3200,1096
1844,2104,3200,1096
1845,2103,3200,1097
1846,2102,3200,1098
1847,2101,3200,1099
1848,2101,3200,1099
1849,2100,3200,1100
1850,2100,3200,1100
1851,2099,3200,1101
1852,2099,3200,1101
1853,2099,3200,1101
1854,2098,3200,1102
1855,2098,3200,1102
1856,2098,3200,1102
1857,2097,3200,1103
1858,2097,3200,1103
1859,2097,3200,1103
1860,2095,3200,1105
1861,2095,3200,1105
1862,2095,3200,1105
1863,2094,3200,1106
1864,2094,3200,1106
1865,2093,3200,1107
1866,2092,3200,1108
1867,2092,3200,1108
1868,2092,3200,1108
1869,2091,3200,1109
1870,2090,3200,1110
1871,2090,3200,1110
1872,2089,3200,1111
1873,2089,3200,1111
1874,2089,3200,1111
1875,2088,3200,1112
1876,2087,3200,1113
1877,2087,3200,1113
1878,2087,3200,1113
1879,2085,3200,1115
1880,2084,3200,1116
1881,2083,3200,1117
1882,2083,3200,1117
1883,2082,3200,1118
1884,2082,3200,1118
1885,2082,3200,1118
1886,2081,3200,1119
1887,2080,3200,1120
1888,2080,3200,1120
1889,2080,3200,1120
1890,2080,3200,1120
1891,2079,3200,1121
1892,2079,3200,1121
1893,2078,3200,1122
1894,2077,3200,1123
1895,2077,3200,1123
1896,2077,3200,1123
1897,2077,3200,1123
1898,2077,3200,1123
1899,2077,3200,1123
1900,2077,3200,1123
1901,2077,3200,1123
1902,2076,3200,1124
1903,2076,3200,1124
1904,2075,3200,1125
1905,2073,3200,1127
1906,2073,3200,1127
1907,2071,3200,1129
1908,2071,3200,1129
1909,2070,3200,1130
1910,2070,3200,1130
1911,2070,3200,1130
1912,2070,3200,1130
1913,2069,3200,1131
1914,2068,3200,1132
1915,2067,3200,1133
1916,2067,3200,1133
1917,2066,3200,1134
1918,2066,3200,1134
1919,2065,3200,1135
1920,2065,3200,1135
1921,2064,3200,1136
1922,2063,3200,1137
1923,2063,3200,1137
1924,2062,3200,1138
1925,2062,3200,1138
1926,2062,3200,1138
1927,2061,3200,1139
1928,2061,3200,1139
1929,2061,3200,1139
1930,2061,3200,1139
1931,2060,3200,1140
1932,2059,3200,1141
1933,2058,3200,1142
1934,2058,3200,1142
1935,2057,3200,1143
1936,2057,3200,1143
1937,2057,3200,1143
1938,2057,3200,1143
1939,2057,3200,1143
1940,2057,3200,1143
1941,2057,3200,1143
1942,2056,3200,1144
1943,2056,3200,1144
1944,2055,3200,1145
1945,2055,3200,1145
1946,2054,3200,1146
1947,2054,3200,1146
1948,2054,3200,1146
1949,2053,3200,1147
1950,2053,3200,1147
1951,2052,3200,1148
1952,2052,3200,1148
1953,2052,3200,1148
1954,2052,3200,1148
1955,2052,3200,1148
1956,2051,3200,1149
1957,2051,3200,1149
1958,2051,3200,1149
1959,2051,3200,1149
1960,2050,3200,1150
1961,2050,3200,1150
1962,2050,3200,1150
1963,2049,3200,1151
1964,2049,3200,1151
1965,2048,3200,1152
1966,2048,3200,1152
1967,2048,3200,1152
1968,2048,3200,1152
1969,2048,3200,1152
1970,2048,3200,1152
1971,2048,3200,1152
1972,2048,3200,1152
1973,2048,3200,1152
1974,2047,3200,1153
1975,2047,3200,1153
1976,2047,3200,1153
1977,2046,3200,1154
1978,2046,3200,1154
1979,2044,3200,1156
1980,2044,3200,1156
1981,2043,3200,1157
1982,2043,3200,1157
1983,2043,3200,1157
1984,2043,3200,1157
1985,2042,3200,1158
1986,2042,3200,1158
1987,2041,3200,1159
1988,2041,3200,1159
1989,2041,3200,1159
1990,2040,3200,1160
1991,2039,3200,1161
1992,2039,3200,1161
1993,2037,3200,1163
1994,2036,3200,1164
1995,2034,3200,1166
1996,2034,3200,1166
1997,2034,3200,1166
1998,2034,3200,1166
1999,2033,3200,1167
2000,2033,3200,1167
2001,2031,3200,1169
2002,2031,3200,1169
2003,2029,3200,1171
2004,2029,3200,1171
2005,2028,3200,1172
2006,2028,3200,1172
2007,2027,3200,1173
2008,2027,3200,1173
2009,2026,3200,1174
2010,2025,3200,1175
2011,2025,3200,1175
2012,2025,3200,1175
2013,2025,3200,1175
2014,2024,3200,1176
2015,2023,3200,1177
2016,2022,3200,1178
2017,2022,3200,1178
2018,2022,3200,1178
2019,2021,3200,1179
2020,2020,3200,1180
2021,2020,3200,1180
2022,2020,3200,1180
2023,2019,3200,1181
2024,2018,3200,1182
2025,2018,3200,1182
2026,2017,3200,1183
2027,2017,3200,1183
2028,2016,3200,1184
2029,2016,3200,1184
2030,2014,3200,1186
2031,2014,3200,1186
2032,2014,3200,1186
2033,2014,3200,1186
2034,2013,3200,1187
2035,2012,3200,1188
2036,2012,3200,1188
2037,2012,3200,1188
2038,2011,3200,1189
2039,2011,3200,1189
2040,2010,3200,1190
2041,2010,3200,1190
2042,2010,3200,1190
2043,2010,3200,1190
2044,2010,3200,1190
2045,2010,3200,1190
2046,2010,3200,1190
2047,2009,3200,1191
2048,2008,3200,1192
2049,2008,3200,1192
2050,2008,3200,1192
2051,2008,3200,1192
2052,2007,3200,1193
2053,2006,3200,1194
2054,2006,3200,1194
2055,2005,3200,1195
2056,2005,3200,1195
2057,2005,3200,1195
2058,2004,3200,1196
2059,2004,3200,1196
2060,2004,3200,1196
2061,2003,3200,1197
2062,2002,3200,1198
2063,2002,3200,1198
2064,2001,3200,1199
2065,2000,3200,1200
2066,2000,3200,1200
2067,2000,3200,1200
2068,2000,3200,1200
2069,2000,3200,1200
2070,2000,3200,1200
2071,2000,3200,1200
2072,2000,3200,1200
2073,2000,3200,1200
2074,2000,3200,1200
2075,1999,3200,1201
2076,1999,3200,1201
2077,1999,3200,1201
2078,1998,3200,1202
2079,1998,3200,1202
2080,1997,3200,1203
2081,1996,3200,1204
2082,1995,3200,1205
2083,1995,3200,1205
2084,1994,3200,1206
2085,1994,3200,1206
2086,1992,3200,1208
2087,1992,3200,1208
2088,1991,3200,1209
2089,1991,3200,1209
2090,1990,3200,1210
2091,1990,3200,1210
2092,1989,3200,1211
2093,1989,3200,1211
2094,1989,3200,1211
2095,1988,3200,1212
2096,1987,3200,1213
2097,1987,3200,1213
2098,1986,3200,1214
2099,1985,3200,1215
2100,1984,3200,1216
2101,1984,3200,1216
2102,1983,3200,1217
2103,1982,3200,1218
2104,1982,3200,1218
2105,1981,3200,1219
2106,1981,3200,1219
2107,1980,3200,1220
2108,1980,3200,1220
2109,1979,3200,1221
2110,1978,3200,1222
2111,1977,3200,1223
2112,1976,3200,1224
2113,1975,3200,1225
2114,1975,3200,1225
2115,1975,3200,1225
2116,1975,3200,1225
2117,1975,3200,1225
2118,1975,3200,1225
2119,1974,3200,1226
2120,1974,3200,1226
2121,1973,3200,1227
2122,1971,3200,1229
2123,1971,3200,1229
2124,1971,3200,1229
2125,1971,3200,1229
2126,1969,3200,1231
2127,1969,3200,1231
2128,1968,3200,1232
2129,1967,3200,1233
2130,1967,3200,1233
2131,1966,3200,1234
2132,1965,3200,1235
2133,1965,3200,1235
2134,1965,3200,1235
2135,1964,3200,1236
2136,1964,3200,1236
2137,1963,3200,1237
2138,1962,3200,1238
2139,1962,3200,1238
2140,1960,3200,1240
2141,1960,3200,1240
2142,1959,3200,1241
2143,1959,3200,1241
2144,1957,3200,1243
2145,1957,3200,1243
2146,1957,3200,1243
2147,1957,3200,1243
2148,1956,3200,1244
2149,1956,3200,1244
2150,1956,3200,1244
2151,1956,3200,1244
2152,1955,3200,1245
2153,1955,3200,1245
2154,1955,3200,1245
2155,1955,3200,1245
2156,1955,3200,1245
2157,1954,3200,1246
2158,1954,3200,1246
2159,1953,3200,1247
2160,1953,3200,1247
2161,1953,3200,1247
2162,1952,3200,1248
2163,1951,3200,1249
2164,1949,3200,1251
2165,1949,3200,1251
2166,1949,3200,1251
2167,1948,3200,1252
2168,1947,3200,1253
2169,1947,3200,1253
2170,1947,3200,1253
2171,1947,3200,1253
2172,1946,3200,1254
2173,1946,3200,1254
2174,1946,3200,1254
2175,1945,3200,1255
2176,1944,3200,1256
2177,1944,3200,1256
2178,1942,3200,1258
2179,1942,3200,1258
2180,1942,3200,1258
2181,1942,3200,1258
2182,1940,3200,1260
2183,1940,3200,1260
2184,1939,3200,1261
2185,1938,3200,1262
2186,1938,3200,1262
2187,1938,3200,1262
2188,1938,3200,1262
2189,1937,3200,1263
2190,1936,3200,1264
2191,1935,3200,1265
2192,1935,3200,1265
2193,1935,3200,1265
2194,1934,3200,1266
2195,1934,3200,1266
2196,1933,3200,1267
2197,1933,3200,1267
2198,1932,3200,1268
2199,1931,3200,1269
2200,1931,3200,1269
2201,1931,3200,1269
2202,1931,3200,1269
2203,1931,3200,1269
2204,1930,3200,1270
2205,1929,3200,1271
2206,1929,3200,1271
2207,1928,3200,1272
2208,1928,3200,1272
2209,1927,3200,1273
2210,1927,3200,1273
2211,1927,3200,1273
2212,1926,3200,1274
2213,1925,3200,1275
2214,1925,3200,1275
2215,1923,3200,1277
2216,1922,3200,1278
2217,1922,3200,1278
2218,1922,3200,1278
2219,1922,3200,1278
2220,1922,3200,1278
2221,1922,3200,1278
2222,1922,3200,1278
2223,1921,3200,1279
2224,1920,3200,1280
2225,1919,3200,1281
2226,1919,3200,1281
2227,1919,3200,1281
2228,1919,3200,1281
2229,1919,3200,1281
2230,1919,3200,1281
2231,1918,3200,1282
2232,1917,3200,1283
2233,1917,3200,1283
2234,1917,3200,1283
2235,1917,3200,1283
2236,1917,3200,1283
2237,1917,3200,1283
2238,1916,3200,1284
2239,1916,3200,1284
2240,1915,3200,1285
2241,1914,3200,1286
2242,1914,3200,1286
2243,1913,3200,1287
2244,1913,3200,1287
2245,1913,3200,1287
2246,1913,3200,1287
2247,1913,3200,1287
2248,1912,3200,1288
2249,1912,3200,1288
2250,1911,3200,1289
2251,1910,3200,1290
2252,1910,3200,1290
2253,1909,3200,1291
2254,1909,3200,1291
2255,1909,3200,1291
2256,1908,3200,1292
2257,1908,3200,1292
2258,1908,3200,1292
2259,1908,3200,1292
2260,1908,3200,1292
2261,1908,3200,1292
2262,1908,3200,1292
2263,1906,3200,1294
2264,1906,3200,1294
2265,1906,3200,1294
2266,1906,3200,1294
2267,1906,3200,1294
2268,1905,3200,1295
2269,1905,3200,1295
2270,1905,3200,1295
2271,1905,3200,1295
2272,1905,3200,1295
2273,1904,3200,1296
2274,1904,3200,1296
2275,1904,3200,1296
2276,1903,3200,1297
2277,1903,3200,1297
2278,1903,3200,1297
2279,1902,3200,1298
2280,1901,3200,1299
2281,1901,3200,1299
2282,1900,3200,1300
2283,1900,3200,1300
2284,1900,3200,1300
2285,1900,3200,1300
2286,1899,3200,1301
2287,1898,3200,1302
2288,1898,3200,1302
2289,1898,3200,1302
2290,1897,3200,1303
2291,1897,3200,1303
2292,1896,3200,1304
2293,1896,3200,1304
2294,1895,3200,1305
2295,1895,3200,1305
2296,1895,3200,1305
2297,1893,3200,1307
2298,1893,3200,1307
2299,1892,3200,1308
2300,1891,3200,1309
2301,1890,3200,1310
2302,1890,3200,1310
2303,1889,3200,1311
2304,1889,3200,1311
2305,1887,3200,1313
2306,1887,3200,1313
2307,1887,3200,1313
2308,1887,3200,1313
2309,1886,3200,1314
2310,1886,3200,1314
2311,1886,3200,1314
2312,1886,3200,1314
2313,1885,3200,1315
2314,1885,3200,1315
2315,1885,3200,1315
2316,1884,3200,1316
2317,1884,3200,1316
2318,1882,3200,1318
2319,1882,3200,1318
2320,1880,3200,1320
2321,1879,3200,1321
2322,1879,3200,1321
2323,1877,3200,1323
2324,1876,3200,1324
2325,1876,3200,1324
2326,1876,3200,1324
2327,1876,3200,1324
2328,1875,3200,1325
2329,1874,3200,1326
2330,1873,3200,1327
2331,1873,3200,1327
2332,1873,3200,1327
2333,1872,3200,1328
2334,1872,3200,1328
2335,1871,3200,1329
2336,1870,3200,1330
2337,1870,3200,1330
2338,1870,3200,1330
2339,1869,3200,1331
2340,1869,3200,1331
2341,1869,3200,1331
2342,1868,3200,1332
2343,1868,3200,1332
2344,1867,3200,1333
2345,1867,3200,1333
2346,1867,3200,1333
2347,1867,3200,1333
2348,1867,3200,1333
2349,1867,3200,1333
2350,1867,3200,1333
2351,1865,3200,1335
2352,1865,3200,1335
2353,1863,3200,1337
2354,1863,3200,1337
2355,1861,3200,1339
2356,1861,3200,1339
2357,1860,3200,1340
2358,1860,3200,1340
2359,1860,3200,1340
2360,1860,3200,1340
2361,1860,3200,1340
2362,1859,3200,1341
2363,1859,3200,1341
2364,1859,3200,1341
2365,1859,3200,1341
2366,1859,3200,1341
2367,1858,3200,1342
2368,1857,3200,1343
2369,1855,3200,1345
2370,1854,3200,1346
2371,1853,3200,1347
2372,1853,3200,1347
2373,1852,3200,1348
2374,1852,3200,1348
2375,1852,3200,1348
2376,1852,3200,1348
2377,1851,3200,1349
2378,1851,3200,1349
2379,1849,3200,1351
2380,1849,3200,1351
2381,1849,3200,1351
2382,1848,3200,1352
2383,1848,3200,1352
2384,1848,3200,1352
2385,1846,3200,1354
2386,1846,3200,1354
2387,1845,3200,1355
2388,1845,3200,1355
2389,1844,3200,1356
2390,1843,3200,1357
2391,1843,3200,1357
2392,1842,3200,1358
2393,1842,3200,1358
2394,1841,3200,1359
2395,1841,3200,1359
2396,1841,3200,1359
2397,1840,3200,1360
2398,1840,3200,1360
2399,1839,3200,1361
2400,1839,3200,1361
2401,1838,3200,1362
2402,1838,3200,1362
2403,1838,3200,1362
2404,1837,3200,1363
2405,1837,3200,1363
2406,1836,3200,1364
2407,1836,3200,1364
2408,1834,3200,1366
2409,1834,3200,1366
2410,1834,3200,1366
2411,1834,3200,1366
2412,1834,3200,1366
2413,1833,3200,1367
2414,1833,3200,1367
2415,1832,3200,1368
2416,1832,3200,1368
2417,1832,3200,1368
2418,1832,3200,1368
2419,1832,3200,1368
2420,1832,3200,1368
2421,1831,3200,1369
2422,1831,3200,1369
2423,1831,3200,1369
2424,1831,3200,1369
2425,1831,3200,1369
2426,1830,3200,1370
2427,1830,3200,1370
2428,1830,3200,1370
2429,1829,3200,1371
2430,1829,3200,1371
2431,1828,3200,1372
2432,1828,3200,1372
2433,1828,3200,1372
2434,1827,3200,1373
2435,1827,3200,1373
2436,1827,3200,1373
2437,1826,3200,1374
2438,1825,3200,1375
2439,1824,3200,1376
2440,1824,3200,1376
2441,1823,3200,1377
2442,1823,3200,1377
2443,1823,3200,1377
2444,1822,3200,1378
2445,1820,3200,1380
2446,1820,3200,1380
2447,1820,3200,1380
2448,1819,3200,1381
2449,1819,3200,1381
2450,1818,3200,1382
2451,1818,3200,1382
2452,1816,3200,1384
2453,1816,3200,1384
2454,1816,3200,1384
2455,1815,3200,1385
2456,1814,3200,1386
2457,1814,3200,1386
2458,1814,3200,1386
2459,1813,3200,1387
2460,1811,3200,1389
2461,1811,3200,1389
2462,1810,3200,1390
2463,1810,3200,1390
2464,1810,3200,1390
2465,1810,3200,1390
2466,1809,3200,1391
2467,1808,3200,1392
2468,1808,3200,1392
2469,1807,3200,1393
2470,1807,3200,1393
2471,1806,3200,1394
2472,1806,3200,1394
2473,1806,3200,1394
2474,1805,3200,1395
2475,1805,3200,1395
2476,1804,3200,1396
2477,1804,3200,1396
2478,1804,3200,1396
2479,1803,3200,1397
2480,1803,3200,1397
2481,1803,3200,1397
2482,1802,3200,1398
2483,1802,3200,1398
2484,1802,3200,1398
2485,1802,3200,1398
2486,1802,3200,1398
2487,1802,3200,1398
2488,1800,3200,1400
2489,1798,3200,1402
2490,1798,3200,1402
2491,1798,3200,1402
2492,1798,3200,1402
2493,1797,3200,1403
2494,1797,3200,1403
2495,1796,3200,1404
2496,1795,3200,1405
2497,1795,3200,1405
2498,1794,3200,1406
2499,1793,3200,1407
2500,1792,3200,1408
2501,1792,3200,1408
2502,1792,3200,1408
2503,1792,3200,1408
2504,1791,3200,1409
2505,1790,3200,1410
2506,1790,3200,1410
2507,1790,3200,1410
2508,1790,3200,1410
2509,1790,3200,1410
2510,1790,3200,1410
2511,1789,3200,1411
2512,1789,3200,1411
2513,1788,3200,1412
2514,1788,3200,1412
2515,1787,3200,1413
2516,1787,3200,1413
2517,1786,3200,1414
2518,1786,3200,1414
2519,1786,3200,1414
2520,1786,3200,1414
2521,1786,3200,1414
2522,1786,3200,1414
2523,1786,3200,1414
2524,1786,3200,1414
2525,1785,3200,1415
2526,1785,3200,1415
2527,1785,3200,1415
2528,1784,3200,1416
2529,1784,3200,1416
2530,1784,3200,1416
2531,1783,3200,1417
2532,1782,3200,1418
2533,1782,3200,1418
2534,1782,3200,1418
2535,1781,3200,1419
2536,1781,3200,1419
2537,1780,3200,1420
2538,1780,3200,1420
2539,1779,3200,1421
2540,1778,3200,1422
2541,1777,3200,1423
2542,1776,3200,1424
2543,1775,3200,1425
2544,1775,3200,1425
2545,1774,3200,1426
2546,1774,3200,1426
2547,1773,3200,1427
2548,1773,3200,1427
2549,1773,3200,1427
2550,1773,3200,1427
2551,1773,3200,1427
2552,1773,3200,1427
2553,1773,3200,1427
2554,1772,3200,1428
2555,1771,3200,1429
2556,1771,3200,1429
2557,1771,3200,1429
2558,1769,3200,1431
2559,1768,3200,1432
2560,1768,3200,1432
2561,1768,3200,1432
2562,1768,3200,1432
2563,1767,3200,1433
2564,1767,3200,1433
2565,1767,3200,1433
2566,1767,3200,1433
2567,1766,3200,1434
2568,1766,3200,1434
2569,1765,3200,1435
2570,1765,3200,1435
2571,1764,3200,1436
2572,1763,3200,1437
2573,1762,3200,1438
2574,1761,3200,1439
2575,1760,3200,1440
2576,1760,3200,1440
2577,1760,3200,1440
2578,1760,3200,1440
2579,1760,3200,1440
2580,1760,3200,1440
2581,1760,3200,1440
2582,1760,3200,1440
2583,1759,3200,1441
2584,1757,3200,1443
2585,1756,3200,1444
2586,1755,3200,1445
2587,1755,3200,1445
2588,1754,3200,1446
2589,1754,3200,1446
2590,1754,3200,1446
2591,1754,3200,1446
2592,1753,3200,1447
2593,1753,3200,1447
2594,1752,3200,1448
2595,1752,3200,1448
2596,1752,3200,1448
2597,1751,3200,1449
2598,1751,3200,1449
2599,1751,3200,1449
2600,1751,3200,1449
2601,1750,3200,1450
2602,1750,3200,1450
2603,1749,3200,1451
2604,1749,3200,1451
2605,1748,3200,1452
2606,1747,3200,1453
2607,1747,3200,1453
2608,1747,3200,1453
2609,1745,3200,1455
2610,1745,3200,1455
2611,1745,3200,1455
2612,1744,3200,1456
2613,1744,3200,1456
2614,1744,3200,1456
2615,1744,3200,1456
2616,1743,3200,1457
2617,1742,3200,1458
2618,1741,3200,1459
2619,1741,3200,1459
2620,1741,3200,1459
2621,1741,3200,1459
2622,1740,3200,1460
2623,1739,3200,1461
2624,1739,3200,1461
2625,1737,3200,1463
2626,1737,3200,1463
2627,1737,3200,1463
2628,1735,3200,1465
2629,1735,3200,1465
2630,1734,3200,1466
2631,1733,3200,1467
2632,1733,3200,1467
2633,1732,3200,1468
2634,1732,3200,1468
2635,1732,3200,1468
2636,1732,3200,1468
2637,1732,3200,1468
2638,1731,3200,1469
2639,1731,3200,1469
2640,1730,3200,1470
2641,1730,3200,1470
2642,1730,3200,1470
2643,1728,3200,1472
2644,1727,3200,1473
2645,1727,3200,1473
2646,1727,3200,1473
2647,1727,3200,1473
2648,1727,3200,1473
2649,1727,3200,1473
2650,1725,3200,1475
2651,1725,3200,1475
2652,1724,3200,1476
2653,1724,3200,1476
2654,1724,3200,1476
2655,1723,3200,1477
2656,1723,3200,1477
2657,1723,3200,1477
2658,1722,3200,1478
2659,1722,3200,1478
2660,1721,3200,1479
2661,1721,3200,1479
2662,1721,3200,1479
2663,1721,3200,1479
2664,1719,3200,1481
2665,1719,3200,1481
2666,1718,3200,1482
2667,1717,3200,1483
2668,1717,3200,1483
2669,1717,3200,1483
2670,1717,3200,1483
2671,1717,3200,1483
2672,1717,3200,1483
2673,1716,3200,1484
2674,1716,3200,1484
2675,1716,3200,1484
2676,1716,3200,1484
2677,1716,3200,1484
2678,1715,3200,1485
2679,1715,3200,1485
2680,1714,3200,1486
2681,1714,3200,1486
2682,1713,3200,1487
2683,1713,3200,1487
2684,1713,3200,1487
2685,1713,3200,1487
2686,1712,3200,1488
2687,1712,3200,1488
2688,1711,3200,1489
2689,1711,3200,1489
2690,1710,3200,1490
2691,1710,3200,1490
2692,1710,3200,1490
2693,1709,3200,1491
2694,1709,3200,1491
2695,1708,3200,1492
2696,1706,3200,1494
2697,1706,3200,1494
2698,1706,3200,1494
2699,1705,3200,1495
2700,1705,3200,1495
2701,1703,3200,1497
2702,1703,3200,1497
2703,1701,3200,1499
2704,1701,3200,1499
2705,1701,3200,1499
2706,1701,3200,1499
2707,1700,3200,1500
2708,1700,3200,1500
2709,1699,3200,1501
2710,1699,3200,1501
2711,1698,3200,1502
2712,1698,3200,1502
2713,1697,3200,1503
2714,1696,3200,1504
2715,1696,3200,1504
2716,1695,3200,1505
2717,1694,3200,1506
2718,1694,3200,1506
2719,1694,3200,1506
2720,1694,3200,1506
2721,1693,3200,1507
2722,1692,3200,1508
2723,1691,3200,1509
2724,1691,3200,1509
2725,1691,3200,1509
2726,1691,3200,1509
2727,1690,3200,1510
2728,1690,3200,1510
2729,1689,3200,1511
2730,1689,3200,1511
2731,1688,3200,1512
2732,1688,3200,1512
2733,1688,3200,1512
2734,1688,3200,1512
2735,1688,3200,1512
2736,1687,3200,1513
2737,1687,3200,1513
2738,1687,3200,1513
2739,1685,3200,1515
2740,1685,3200,1515
2741,1684,3200,1516
2742,1684,3200,1516
2743,1683,3200,1517
2744,1683,3200,1517
2745,1682,3200,1518
2746,1682,3200,1518
2747,1682,3200,1518
2748,1681,3200,1519
2749,1680,3200,1520
2750,1680,3200,1520
2751,1679,3200,1521
2752,1679,3200,1521
2753,1679,3200,1521
2754,1679,3200,1521
2755,1678,3200,1522
2756,1678,3200,1522
2757,1678,3200,1522
2758,1676,3200,1524
2759,1676,3200,1524
2760,1676,3200,1524
2761,1675,3200,1525
2762,1675,3200,1525
2763,1674,3200,1526
2764,1674,3200,1526
2765,1672,3200,1528
2766,1672,3200,1528
2767,1671,3200,1529
2768,1671,3200,1529
2769,1671,3200,1529
2770,1671,3200,1529
2771,1671,3200,1529
2772,1671,3200,1529
2773,1671,3200,1529
2774,1671,3200,1529
2775,1669,3200,1531
2776,1668,3200,1532
2777,1667,3200,1533
2778,1667,3200,1533
2779,1667,3200,1533
2780,1666,3200,1534
2781,1666,3200,1534
2782,1665,3200,1535
2783,1663,3200,1537
2784,1663,3200,1537
2785,1663,3200,1537
2786,1663,3200,1537
2787,1663,3200,1537
2788,1663,3200,1537
2789,1663,3200,1537
2790,1662,3200,1538
2791,1661,3200,1539
2792,1661,3200,1539
2793,1659,3200,1541
2794,1658,3200,1542
2795,1658,3200,1542
2796,1658,3200,1542
2797,1657,3200,1543
2798,1655,3200,1545
2799,1655,3200,1545
2800,1654,3200,1546
2801,1654,3200,1546
2802,1654,3200,1546
2803,1654,3200,1546
2804,1652,3200,1548
2805,1651,3200,1549
2806,1651,3200,1549
2807,1651,3200,1549
2808,1651,3200,1549
2809,1651,3200,1549
2810,1651,3200,1549
2811,1651,3200,1549
2812,1651,3200,1549
2813,1651,3200,1549
2814,1650,3200,1550
2815,1649,3200,1551
2816,1649,3200,1551
2817,1649,3200,1551
2818,1648,3200,1552
2819,1647,3200,1553
2820,1647,3200,1553
2821,1647,3200,1553
2822,1647,3200,1553
2823,1645,3200,1555
2824,1644,3200,1556
2825,1643,3200,1557
2826,1643,3200,1557
2827,1643,3200,1557
2828,1642,3200,1558
2829,1641,3200,1559
2830,1641,3200,1559
2831,1641,3200,1559
2832,1640,3200,1560
2833,1640,3200,1560
2834,1639,3200,1561
2835,1639,3200,1561
2836,1639,3200,1561
2837,1639,3200,1561
2838,1639,3200,1561
2839,1639,3200,1561
2840,1639,3200,1561
2841,1638,3200,1562
2842,1638,3200,1562
2843,1638,3200,1562
2844,1637,3200,1563
2845,1636,3200,1564
2846,1636,3200,1564
2847,1636,3200,1564
2848,1635,3200,1565
2849,1634,3200,1566
2850,1633,3200,1567
2851,1632,3200,1568
2852,1632,3200,1568
2853,1630,3200,1570
2854,1630,3200,1570
2855,1630,3200,1570
2856,1629,3200,1571
2857,1629,3200,1571
2858,1629,3200,1571
2859,1628,3200,1572
2860,1628,3200,1572
2861,1627,3200,1573
2862,1627,3200,1573
2863,1627,3200,1573
2864,1625,3200,1575
2865,1625,3200,1575
2866,1625,3200,1575
2867,1625,3200,1575
2868,1625,3200,1575
2869,1625,3200,1575
2870,1624,3200,1576
2871,1624,3200,1576
2872,1622,3200,1578
2873,1620,3200,1580
2874,1620,3200,1580
2875,1619,3200,1581
2876,1619,3200,1581
2877,1619,3200,1581
2878,1619,3200,1581
2879,1618,3200,1582
2880,1617,3200,1583
2881,1617,3200,1583
2882,1617,3200,1583
2883,1616,3200,1584
2884,1615,3200,1585
2885,1614,3200,1586
2886,1613,3200,1587
2887,1613,3200,1587
2888,1613,3200,1587
2889,1613,3200,1587
2890,1613,3200,1587
2891,1613,3200,1587
2892,1612,3200,1588
2893,1612,3200,1588
2894,1611,3200,1589
2895,1611,3200,1589
2896,1611,3200,1589
2897,1610,3200,1590
2898,1609,3200,1591
2899,1609,3200,1591
2900,1608,3200,1592
2901,1608,3200,1592
2902,1608,3200,1592
2903,1608,3200,1592
2904,1608,3200,1592
2905,1606,3200,1594
2906,1606,3200,1594
2907,1606,3200,1594
2908,1606,3200,1594
2909,1606,3200,1594
2910,1606,3200,1594
2911,1605,3200,1595
2912,1605,3200,1595
2913,1605,3200,1595
2914,1604,3200,1596
2915,1604,3200,1596
2916,1603,3200,1597
2917,1603,3200,1597
2918,1603,3200,1597
2919,1601,3200,1599
2920,1601,3200,1599
2921,1601,3200,1599
2922,1601,3200,1599
2923,1601,3200,1599
2924,1600,3200,1600
2925,1600,3200,1600
2926,1599,3200,1601
2927,1599,3200,1601
2928,1599,3200,1601
2929,1599,3200,1601
2930,1598,3200,1602
2931,1597,3200,1603
2932,1597,3200,1603
2933,1596,3200,1604
2934,1596,3200,1604
2935,1596,3200,1604
2936,1595,3200,1605
2937,1594,3200,1606
2938,1594,3200,1606
2939,1592,3200,1608
2940,1592,3200,1608
2941,1592,3200,1608
2942,1591,3200,1609
2943,1590,3200,1610
2944,1590,3200,1610
2945,1588,3200,1612
2946,1587,3200,1613
2947,1587,3200,1613
2948,1587,3200,1613
2949,1587,3200,1613
2950,1587,3200,1613
2951,1585,3200,1615
2952,1585,3200,1615
2953,1584,3200,1616
2954,1584,3200,1616
2955,1583,3200,1617
2956,1582,3200,1618
2957,1582,3200,1618
2958,1582,3200,1618
2959,1582,3200,1618
2960,1581,3200,1619
2961,1581,3200,1619
2962,1580,3200,1620
2963,1580,3200,1620
2964,1580,3200,1620
2965,1580,3200,1620
2966,1580,3200,1620
2967,1580,3200,1620
2968,1579,3200,1621
2969,1579,3200,1621
2970,1579,3200,1621
2971,1579,3200,1621
2972,1578,3200,1622
2973,1578,3200,1622
2974,1578,3200,1622
2975,1577,3200,1623
2976,1577,3200,1623
2977,1576,3200,1624
2978,1576,3200,1624
2979,1576,3200,1624
2980,1575,3200,1625
2981,1575,3200,1625
2982,1574,3200,1626
2983,1573,3200,1627
2984,1573,3200,1627
2985,1573,3200,1627
2986,1573,3200,1627
2987,1572,3200,1628
2988,1572,3200,1628
2989,1572,3200,1628
2990,1572,3200,1628
2991,1570,3200,1630
2992,1570,3200,1630
2993,1570,3200,1630
2994,1570,3200,1630
2995,1570,3200,1630
2996,1570,3200,1630
2997,1569,3200,1631
2998,1568,3200,1632
2999,1568,3200,1632
3000,1567,3200,1633
3001,1567,3200,1633
3002,1567,3200,1633
3003,1566,3200,1634
3004,1565,3200,1635
3005,1565,3200,1635
3006,1564,3200,1636
3007,1563,3200,1637
3008,1562,3200,1638
3009,1562,3200,1638
3010,1561,3200,1639
3011,1561,3200,1639
3012,1560,3200,1640
3013,1560,3200,1640
3014,1558,3200,1642
3015,1558,3200,1642
3016,1558,3200,1642
3017,1557,3200,1643
3018,1556,3200,1644
3019,1556,3200,1644
3020,1556,3200,1644
3021,1556,3200,1644
3022,1556,3200,1644
3023,1556,3200,1644
3024,1555,3200,1645
3025,1555,3200,1645
3026,1555,3200,1645
3027,1554,3200,1646
3028,1554,3200,1646
3029,1553,3200,1647
3030,1552,3200,1648
3031,1551,3200,1649
3032,1550,3200,1650
3033,1549,3200,1651
3034,1549,3200,1651
3035,1548,3200,1652
3036,1547,3200,1653
3037,1547,3200,1653
3038,1547,3200,1653
3039,1546,3200,1654
3040,1546,3200,1654
3041,1545,3200,1655
3042,1545,3200,1655
3043,1545,3200,1655
3044,1544,3200,1656
3045,1544,3200,1656
3046,1544,3200,1656
3047,1542,3200,1658
3048,1542,3200,1658
3049,1541,3200,1659
3050,1540,3200,1660
3051,1540,3200,1660
3052,1540,3200,1660
3053,1540,3200,1660
3054,1539,3200,1661
3055,1538,3200,1662
3056,1537,3200,1663
3057,1536,3200,1664
3058,1536,3200,1664
3059,1536,3200,1664
3060,1535,3200,1665
3061,1535,3200,1665
3062,1534,3200,1666
3063,1533,3200,1667
3064,1533,3200,1667
3065,1532,3200,1668
3066,1532,3200,1668
3067,1532,3200,1668
3068,1531,3200,1669
3069,1531,3200,1669
3070,1530,3200,1670
3071,1529,3200,1671
3072,1528,3200,1672
3073,1527,3200,1673
3074,1526,3200,1674
3075,1526,3200,1674
3076,1525,3200,1675
3077,1524,3200,1676
3078,1523,3200,1677
3079,1522,3200,1678
3080,1522,3200,1678
3081,1522,3200,1678
3082,1521,3200,1679
3083,1521,3200,1679
3084,1520,3200,1680
3085,1519,3200,1681
3086,1519,3200,1681
3087,1519,3200,1681
3088,1518,3200,1682
3089,1518,3200,1682
3090,1518,3200,1682
3091,1518,3200,1682
3092,1517,3200,1683
3093,1516,3200,1684
3094,1516,3200,1684
3095,1515,3200,1685
3096,1515,3200,1685
3097,1515,3200,1685
3098,1515,3200,1685
3099,1515,3200,1685
3100,1515,3200,1685
3101,1514,3200,1686
3102,1513,3200,1687
3103,1513,3200,1687
3104,1513,3200,1687
3105,1512,3200,1688
3106,1512,3200,1688
3107,1512,3200,1688
3108,1512,3200,1688
3109,1512,3200,1688
3110,1512,3200,1688
3111,1512,3200,1688
3112,1512,3200,1688
3113,1510,3200,1690
3114,1509,3200,1691
3115,1509,3200,1691
3116,1509,3200,1691
3117,1508,3200,1692
3118,1507,3200,1693
3119,1507,3200,1693
3120,1505,3200,1695
3121,1505,3200,1695
3122,1505,3200,1695
3123,1505,3200,1695
3124,1505,3200,1695
3125,1504,3200,1696
3126,1504,3200,1696
3127,1503,3200,1697
3128,1502,3200,1698
3129,1502,3200,1698
3130,1502,3200,1698
3131,1501,3200,1699
3132,1500,3200,1700
3133,1500,3200,1700
3134,1500,3200,1700
3135,1499,3200,1701
3136,1498,3200,1702
3137,1498,3200,1702
3138,1497,3200,1703
3139,1496,3200,1704
3140,1495,3200,1705
3141,1495,3200,1705
3142,1495,3200,1705
3143,1495,3200,1705
3144,1495,3200,1705
3145,1495,3200,1705
3146,1495,3200,1705
3147,1495,3200,1705
3148,1494,3200,1706
3149,1494,3200,1706
3150,1493,3200,1707
3151,1493,3200,1707
3152,1493,3200,1707
3153,1493,3200,1707
3154,1492,3200,1708
3155,1492,3200,1708
3156,1491,3200,1709
3157,1490,3200,1710
3158,1490,3200,1710
3159,1490,3200,1710
3160,1490,3200,1710
3161,1490,3200,1710
3162,1490,3200,1710
3163,1490,3200,1710
3164,1490,3200,1710
3165,1490,3200,1710
3166,1489,3200,1711
3167,1489,3200,1711
3168,1488,3200,1712
3169,1488,3200,1712
3170,1487,3200,1713
3171,1487,3200,1713
3172,1485,3200,1715
3173,1485,3200,1715
3174,1485,3200,1715
3175,1484,3200,1716
3176,1483,3200,1717
3177,1483,3200,1717
3178,1482,3200,1718
3179,1482,3200,1718
3180,1482,3200,1718
3181,1481,3200,1719
3182,1480,3200,1720
3183,1479,3200,1721
3184,1479,3200,1721
3185,1478,3200,1722
3186,1477,3200,1723
3187,1477,3200,1723
3188,1476,3200,1724
3189,1476,3200,1724
3190,1476,3200,1724
3191,1476,3200,1724
3192,1475,3200,1725
3193,1475,3200,1725
3194,1475,3200,1725
3195,1475,3200,1725
3196,1475,3200,1725
3197,1474,3200,1726
3198,1473,3200,1727
3199,1473,3200,1727
3200,1472,3200,1728
3201,1472,3200,1728
3202,1470,3200,1730
3203,1469,3200,1731
3204,1469,3200,1731
3205,1469,3200,1731
3206,1468,3200,1732
3207,1468,3200,1732
3208,1468,3200,1732
3209,1468,3200,1732
3210,1467,3200,1733
3211,1467,3200,1733
3212,1467,3200,1733
3213,1465,3200,1735
3214,1465,3200,1735
3215,1464,3200,1736
3216,1464,3200,1736
3217,1463,3200,1737
3218,1463,3200,1737
3219,1462,3200,1738
3220,1462,3200,1738
3221,1462,3200,1738
3222,1460,3200,1740
3223,1459,3200,1741
3224,1459,3200,1741
3225,1459,3200,1741
3226,1458,3200,1742
3227,1457,3200,1743
3228,1457,3200,1743
3229,1457,3200,1743
3230,1456,3200,1744
3231,1456,3200,1744
3232,1455,3200,1745
3233,1455,3200,1745
3234,1454,3200,1746
3235,1452,3200,1748
3236,1452,3200,1748
3237,1451,3200,1749
3238,1451,3200,1749
3239,1451,3200,1749
3240,1450,3200,1750
3241,1450,3200,1750
3242,1450,3200,1750
3243,1448,3200,1752
3244,1448,3200,1752
3245,1447,3200,1753
3246,1446,3200,1754
3247,1446,3200,1754
3248,1446,3200,1754
3249,1446,3200,1754
3250,1445,3200,1755
3251,1445,3200,1755
3252,1444,3200,1756
3253,1444,3200,1756
3254,1444,3200,1756
3255,1443,3200,1757
3256,1443,3200,1757
3257,1442,3200,1758
3258,1442,3200,1758
3259,1440,3200,1760
3260,1439,3200,1761
3261,1438,3200,1762
3262,1438,3200,1762
3263,1438,3200,1762
3264,1438,3200,1762
3265,1438,3200,1762
3266,1438,3200,1762
3267,1437,3200,1763
3268,1437,3200,1763
3269,1437,3200,1763
3270,1437,3200,1763
3271,1436,3200,1764
3272,1436,3200,1764
3273,1436,3200,1764
3274,1436,3200,1764
3275,1435,3200,1765
3276,1435,3200,1765
3277,1434,3200,1766
3278,1434,3200,1766
3279,1434,3200,1766
3280,1433,3200,1767
3281,1433,3200,1767
3282,1433,3200,1767
3283,1432,3200,1768
3284,1432,3200,1768
3285,1432,3200,1768
3286,1431,3200,1769
3287,1431,3200,1769
3288,1431,3200,1769
3289,1431,3200,1769
3290,1431,3200,1769
3291,1430,3200,1770
3292,1428,3200,1772
3293,1428,3200,1772
3294,1426,3200,1774
3295,1426,3200,1774
3296,1426,3200,1774
3297,1425,3200,1775
3298,1425,3200,1775
3299,1424,3200,1776
3300,1424,3200,1776
3301,1424,3200,1776
3302,1424,3200,1776
3303,1423,3200,1777
3304,1423,3200,1777
3305,1423,3200,1777
3306,1423,3200,1777
3307,1423,3200,1777
3308,1423,3200,1777
3309,1423,3200,1777
3310,1423,3200,1777
3311,1423,3200,1777
3312,1423,3200,1777
3313,1421,3200,1779
3314,1420,3200,1780
3315,1420,3200,1780
3316,1419,3200,1781
3317,1418,3200,1782
3318,1417,3200,1783
3319,1417,3200,1783
3320,1416,3200,1784
3321,1415,3200,1785
3322,1414,3200,1786
3323,1414,3200,1786
3324,1413,3200,1787
3325,1413,3200,1787
3326,1413,3200,1787
3327,1413,3200,1787
3328,1412,3200,1788
3329,1412,3200,1788
3330,1411,3200,1789
3331,1411,3200,1789
3332,1411,3200,1789
3333,1411,3200,1789
3334,1409,3200,1791
3335,1409,3200,1791
3336,1409,3200,1791
3337,1409,3200,1791
3338,1408,3200,1792
3339,1408,3200,1792
3340,1408,3200,1792
3341,1406,3200,1794
3342,1406,3200,1794
3343,1405,3200,1795
3344,1403,3200,1797
3345,1403,3200,1797
3346,1402,3200,1798
3347,1402,3200,1798
3348,1401,3200,1799
3349,1400,3200,1800
3350,1400,3200,1800
3351,1399,3200,1801
3352,1399,3200,1801
3353,1399,3200,1801
3354,1399,3200,1801
3355,1399,3200,1801
3356,1398,3200,1802
3357,1398,3200,1802
3358,1397,3200,1803
3359,1397,3200,1803
3360,1397,3200,1803
3361,1397,3200,1803
3362,1395,3200,1805
3363,1395,3200,1805
3364,1395,3200,1805
3365,1394,3200,1806
3366,1393,3200,1807
3367,1392,3200,1808
3368,1392,3200,1808
3369,1391,3200,1809
3370,1391,3200,1809
3371,1389,3200,1811
3372,1389,3200,1811
3373,1389,3200,1811
3374,1389,3200,1811
3375,1388,3200,1812
3376,1388,3200,1812
3377,1388,3200,1812
3378,1387,3200,1813
3379,1387,3200,1813
3380,1387,3200,1813
3381,1386,3200,1814
3382,1386,3200,1814
3383,1386,3200,1814
3384,1385,3200,1815
3385,1385,3200,1815
3386,1385,3200,1815
3387,1385,3200,1815
3388,1384,3200,1816
3389,1384,3200,1816
3390,1383,3200,1817
3391,1383,3200,1817
3392,1383,3200,1817
3393,1383,3200,1817
3394,1383,3200,1817
3395,1383,3200,1817
3396,1381,3200,1819
3397,1380,3200,1820
3398,1380,3200,1820
3399,1380,3200,1820
3400,1380,3200,1820
3401,1380,3200,1820
3402,1380,3200,1820
3403,1380,3200,1820
3404,1379,3200,1821
3405,1379,3200,1821
3406,1378,3200,1822
3407,1377,3200,1823
3408,1377,3200,1823
3409,1377,3200,1823
3410,1376,3200,1824
3411,1376,3200,1824
3412,1374,3200,1826
3413,1374,3200,1826
3414,1372,3200,1828
3415,1372,3200,1828
3416,1371,3200,1829
3417,1371,3200,1829
3418,1371,3200,1829
3419,1370,3200,1830
3420,1369,3200,1831
3421,1369,3200,1831
3422,1369,3200,1831
3423,1368,3200,1832
3424,1368,3200,1832
3425,1368,3200,1832
3426,1368,3200,1832
3427,1368,3200,1832
3428,1367,3200,1833
3429,1367,3200,1833
3430,1365,3200,1835
3431,1364,3200,1836
3432,1362,3200,1838
3433,1362,3200,1838
3434,1361,3200,1839
3435,1361,3200,1839
3436,1361,3200,1839
3437,1360,3200,1840
3438,1359,3200,1841
3439,1359,3200,1841
3440,1358,3200,1842
3441,1357,3200,1843
3442,1356,3200,1844
3443,1356,3200,1844
3444,1355,3200,1845
3445,1355,3200,1845
3446,1355,3200,1845
3447,1354,3200,1846
3448,1354,3200,1846
3449,1354,3200,1846
3450,1354,3200,1846
3451,1354,3200,1846
3452,1353,3200,1847
3453,1353,3200,1847
3454,1353,3200,1847
3455,1353,3200,1847
3456,1353,3200,1847
3457,1353,3200,1847
3458,1353,3200,1847
3459,1352,3200,1848
3460,1352,3200,1848
3461,1352,3200,1848
3462,1352,3200,1848
3463,1352,3200,1848
3464,1352,3200,1848
3465,1352,3200,1848
3466,1352,3200,1848
3467,1352,3200,1848
3468,1352,3200,1848
3469,1352,3200,1848
3470,1351,3200,1849
3471,1351,3200,1849
3472,1351,3200,1849
3473,1350,3200,1850
3474,1350,3200,1850
3475,1349,3200,1851
3476,1349,3200,1851
3477,1349,3200,1851
3478,1349,3200,1851
3479,1347,3200,1853
3480,1346,3200,1854
3481,1346,3200,1854
3482,1346,3200,1854
3483,1346,3200,1854
3484,1346,3200,1854
3485,1345,3200,1855
3486,1344,3200,1856
3487,1344,3200,1856
3488,1343,3200,1857
3489,1341,3200,1859
3490,1341,3200,1859
3491,1341,3200,1859
3492,1339,3200,1861
3493,1339,3200,1861
3494,1339,3200,1861
3495,1339,3200,1861
3496,1339,3200,1861
3497,1339,3200,1861
3498,1339,3200,1861
3499,1338,3200,1862
3500,1338,3200,1862
3501,1338,3200,1862
3502,1338,3200,1862
3503,1336,3200,1864
3504,1335,3200,1865
3505,1335,3200,1865
3506,1334,3200,1866
3507,1333,3200,1867
3508,1331,3200,1869
3509,1331,3200,1869
3510,1330,3200,1870
3511,1329,3200,1871
3512,1329,3200,1871
3513,1329,3200,1871
3514,1329,3200,1871
3515,1329,3200,1871
3516,1329,3200,1871
3517,1328,3200,1872
3518,1328,3200,1872
3519,1328,3200,1872
3520,1328,3200,1872
3521,1327,3200,1873
3522,1327,3200,1873
3523,1327,3200,1873
3524,1327,3200,1873
3525,1326,3200,1874
3526,1326,3200,1874
3527,1324,3200,1876
3528,1324,3200,1876
3529,1322,3200,1878
3530,1321,3200,1879
3531,1319,3200,1881
3532,1318,3200,1882
3533,1318,3200,1882
3534,1318,3200,1882
3535,1318,3200,1882
3536,1316,3200,1884
3537,1315,3200,1885
3538,1315,3200,1885
3539,1313,3200,1887
3540,1313,3200,1887
3541,1312,3200,1888
3542,1312,3200,1888
3543,1311,3200,1889
3544,1310,3200,1890
3545,1309,3200,1891
3546,1308,3200,1892
3547,1308,3200,1892
3548,1308,3200,1892
3549,1308,3200,1892
3550,1308,3200,1892
3551,1308,3200,1892
3552,1307,3200,1893
3553,1307,3200,1893
3554,1306,3200,1894
3555,1306,3200,1894
3556,1305,3200,1895
3557,1305,3200,1895
3558,1305,3200,1895
3559,1305,3200,1895
3560,1305,3200,1895
3561,1305,3200,1895
3562,1305,3200,1895
3563,1305,3200,1895
3564,1304,3200,1896
3565,1303,3200,1897
3566,1303,3200,1897
3567,1301,3200,1899
3568,1300,3200,1900
3569,1299,3200,1901
3570,1298,3200,1902
3571,1297,3200,1903
3572,1296,3200,1904
3573,1296,3200,1904
3574,1296,3200,1904
3575,1296,3200,1904
3576,1294,3200,1906
3577,1294,3200,1906
3578,1294,3200,1906
3579,1293,3200,1907
3580,1293,3200,1907
3581,1293,3200,1907
3582,1293,3200,1907
3583,1293,3200,1907
3584,1293,3200,1907
3585,1293,3200,1907
3586,1292,3200,1908
3587,1292,3200,1908
3588,1292,3200,1908
3589,1291,3200,1909
3590,1291,3200,1909
3591,1291,3200,1909
3592,1291,3200,1909
3593,1291,3200,1909
3594,1291,3200,1909
3595,1291,3200,1909
3596,1290,3200,1910
3597,1290,3200,1910
3598,1289,3200,1911
3599,1288,3200,1912
3600,1287,3200,1913
3601,1287,3200,1913
3602,1286,3200,1914
3603,1286,3200,1914
3604,1286,3200,1914
3605,1286,3200,1914
3606,1286,3200,1914
3607,1285,3200,1915
3608,1284,3200,1916
3609,1282,3200,1918
3610,1282,3200,1918
3611,1281,3200,1919
3612,1281,3200,1919
3613,1280,3200,1920
3614,1280,3200,1920
3615,1280,3200,1920
3616,1279,3200,1921
3617,1278,3200,1922
3618,1277,3200,1923
3619,1276,3200,1924
3620,1276,3200,1924
3621,1276,3200,1924
3622,1276,3200,1924
3623,1276,3200,1924
3624,1276,3200,1924
3625,1275,3200,1925
3626,1275,3200,1925
3627,1273,3200,1927
3628,1273,3200,1927
3629,1273,3200,1927
3630,1273,3200,1927
3631,1272,3200,1928
3632,1271,3200,1929
3633,1271,3200,1929
3634,1270,3200,1930
3635,1270,3200,1930
3636,1270,3200,1930
3637,1268,3200,1932
3638,1268,3200,1932
3639,1268,3200,1932
3640,1268,3200,1932
3641,1268,3200,1932
3642,1266,3200,1934
3643,1266,3200,1934
3644,1266,3200,1934
3645,1266,3200,1934
3646,1265,3200,1935
3647,1264,3200,1936
3648,1264,3200,1936
3649,1264,3200,1936
3650,1264,3200,1936
3651,1264,3200,1936
3652,1263,3200,1937
3653,1263,3200,1937
3654,1263,3200,1937
3655,1262,3200,1938
3656,1262,3200,1938
3657,1261,3200,1939
3658,1260,3200,1940
3659,1259,3200,1941
3660,1258,3200,1942
3661,1258,3200,1942
3662,1257,3200,1943
3663,1256,3200,1944
3664,1256,3200,1944
3665,1256,3200,1944
3666,1256,3200,1944
3667,1255,3200,1945
3668,1255,3200,1945
3669,1253,3200,1947
3670,1253,3200,1947
3671,1252,3200,1948
3672,1251,3200,1949
3673,1251,3200,1949
3674,1250,3200,1950
3675,1250,3200,1950
3676,1249,3200,1951
3677,1249,3200,1951
3678,1248,3200,1952
3679,1248,3200,1952
3680,1248,3200,1952
3681,1248,3200,1952
3682,1247,3200,1953
3683,1247,3200,1953
3684,1246,3200,1954
3685,1245,3200,1955
3686,1243,3200,1957
3687,1243,3200,1957
3688,1243,3200,1957
3689,1243,3200,1957
3690,1243,3200,1957
3691,1242,3200,1958
3692,1242,3200,1958
3693,1242,3200,1958
3694,1241,3200,1959
3695,1241,3200,1959
3696,1240,3200,1960
3697,1239,3200,1961
3698,1239,3200,1961
3699,1239,3200,1961
3700,1239,3200,1961
3701,1238,3200,1962
3702,1237,3200,1963
3703,1237,3200,1963
3704,1237,3200,1963
3705,1237,3200,1963
3706,1236,3200,1964
3707,1236,3200,1964
3708,1236,3200,1964
3709,1234,3200,1966
3710,1234,3200,1966
3711,1233,3200,1967
3712,1233,3200,1967
3713,1232,3200,1968
3714,1232,3200,1968
3715,1232,3200,1968
3716,1232,3200,1968
3717,1232,3200,1968
3718,1231,3200,1969
3719,1231,3200,1969
3720,1231,3200,1969
3721,1230,3200,1970
3722,1230,3200,1970
3723,1230,3200,1970
3724,1229,3200,1971
3725,1229,3200,1971
3726,1228,3200,1972
3727,1228,3200,1972
3728,1227,3200,1973
3729,1227,3200,1973
3730,1227,3200,1973
3731,1226,3200,1974
3732,1225,3200,1975
3733,1224,3200,1976
3734,1224,3200,1976
3735,1223,3200,1977
3736,1222,3200,1978
3737,1222,3200,1978
3738,1221,3200,1979
3739,1221,3200,1979
3740,1220,3200,1980
3741,1220,3200,1980
3742,1219,3200,1981
3743,1219,3200,1981
3744,1218,3200,1982
3745,1218,3200,1982
3746,1218,3200,1982
3747,1216,3200,1984
3748,1216,3200,1984
3749,1216,3200,1984
3750,1215,3200,1985
3751,1215,3200,1985
3752,1215,3200,1985
3753,1215,3200,1985
3754,1215,3200,1985
3755,1214,3200,1986
3756,1214,3200,1986
3757,1214,3200,1986
3758,1214,3200,1986
3759,1213,3200,1987
3760,1213,3200,1987
3761,1212,3200,1988
3762,1212,3200,1988
3763,1211,3200,1989
3764,1210,3200,1990
3765,1210,3200,1990
3766,1210,3200,1990
3767,1210,3200,1990
3768,1210,3200,1990
3769,1210,3200,1990
3770,1210,3200,1990
3771,1210,3200,1990
3772,1209,3200,1991
3773,1208,3200,1992
3774,1208,3200,1992
3775,1207,3200,1993
3776,1206,3200,1994
3777,1205,3200,1995
3778,1204,3200,1996
3779,1204,3200,1996
3780,1204,3200,1996
3781,1203,3200,1997
3782,1203,3200,1997
3783,1203,3200,1997
3784,1203,3200,1997
3785,1201,3200,1999
3786,1199,3200,2001
3787,1199,3200,2001
3788,1198,3200,2002
3789,1198,3200,2002
3790,1196,3200,2004
3791,1196,3200,2004
3792,1195,3200,2005
3793,1195,3200,2005
3794,1194,3200,2006
3795,1193,3200,2007
3796,1193,3200,2007
3797,1192,3200,2008
3798,1191,3200,2009
3799,1190,3200,2010
3800,1190,3200,2010
3801,1190,3200,2010
3802,1189,3200,2011
3803,1188,3200,2012
3804,1188,3200,2012
3805,1188,3200,2012
3806,1188,3200,2012
3807,1187,3200,2013
3808,1187,3200,2013
3809,1187,3200,2013
3810,1187,3200,2013
3811,1186,3200,2014
3812,1185,3200,2015
3813,1185,3200,2015
3814,1184,3200,2016
3815,1184,3200,2016
3816,1184,3200,2016
3817,1184,3200,2016
3818,1184,3200,2016
3819,1184,3200,2016
3820,1183,3200,2017
3821,1183,3200,2017
3822,1183,3200,2017
3823,1182,3200,2018
3824,1181,3200,2019
3825,1181,3200,2019
3826,1181,3200,2019
3827,1180,3200,2020
3828,1180,3200,2020
3829,1179,3200,2021
3830,1179,3200,2021
3831,1179,3200,2021
3832,1179,3200,2021
3833,1178,3200,2022
3834,1178,3200,2022
3835,1177,3200,2023
3836,1175,3200,2025
3837,1173,3200,2027
3838,1173,3200,2027
3839,1173,3200,2027
3840,1173,3200,2027
3841,1173,3200,2027
3842,1173,3200,2027
3843,1172,3200,2028
3844,1172,3200,2028
3845,1171,3200,2029
3846,1170,3200,2030
3847,1170,3200,2030
3848,1168,3200,2032
3849,1168,3200,2032
3850,1167,3200,2033
3851,1166,3200,2034
3852,1166,3200,2034
3853,1166,3200,2034
3854,1166,3200,2034
3855,1166,3200,2034
3856,1165,3200,2035
3857,1165,3200,2035
3858,1165,3200,2035
3859,1165,3200,2035
3860,1165,3200,2035
3861,1165,3200,2035
3862,1163,3200,2037
3863,1163,3200,2037
3864,1161,3200,2039
3865,1161,3200,2039
3866,1160,3200,2040
3867,1159,3200,2041
3868,1159,3200,2041
3869,1157,3200,2043
3870,1157,3200,2043
3871,1157,3200,2043
3872,1157,3200,2043
3873,1156,3200,2044
3874,1156,3200,2044
3875,1156,3200,2044
3876,1156,3200,2044
3877,1155,3200,2045
3878,1155,3200,2045
3879,1154,3200,2046
3880,1153,3200,2047
3881,1152,3200,2048
3882,1151,3200,2049
3883,1151,3200,2049
3884,1151,3200,2049
3885,1150,3200,2050
3886,1149,3200,2051
3887,1149,3200,2051
3888,1149,3200,2051
3889,1149,3200,2051
3890,1149,3200,2051
3891,1148,3200,2052
3892,1148,3200,2052
3893,1147,3200,2053
3894,1146,3200,2054
3895,1146,3200,2054
3896,1146,3200,2054
3897,1146,3200,2054
3898,1144,3200,2056
3899,1143,3200,2057
3900,1143,3200,2057
3901,1142,3200,2058
3902,1142,3200,2058
3903,1142,3200,2058
3904,1141,3200,2059
3905,1141,3200,2059
3906,1141,3200,2059
3907,1140,3200,2060
3908,1139,3200,2061
3909,1139,3200,2061
3910,1139,3200,2061
3911,1139,3200,2061
3912,1139,3200,2061
3913,1139,3200,2061
3914,1139,3200,2061
3915,1139,3200,2061
3916,1138,3200,2062
3917,1138,3200,2062
3918,1138,3200,2062
3919,1138,3200,2062
3920,1138,3200,2062
3921,1138,3200,2062
3922,1138,3200,2062
3923,1137,3200,2063
3924,1137,3200,2063
3925,1137,3200,2063
3926,1136,3200,2064
3927,1136,3200,2064
3928,1135,3200,2065
3929,1135,3200,2065
3930,1135,3200,2065
3931,1135,3200,2065
3932,1134,3200,2066
3933,1134,3200,2066
3934,1133,3200,2067
3935,1133,3200,2067
3936,1133,3200,2067
3937,1133,3200,2067
3938,1132,3200,2068
3939,1132,3200,2068
3940,1132,3200,2068
3941,1132,3200,2068
3942,1131,3200,2069
3943,1131,3200,2069
3944,1131,3200,2069
3945,1131,3200,2069
3946,1131,3200,2069
3947,1131,3200,2069
3948,1131,3200,2069
3949,1131,3200,2069
3950,1130,3200,2070
3951,1130,3200,2070
3952,1130,3200,2070
3953,1129,3200,2071
3954,1129,3200,2071
3955,1129,3200,2071
3956,1129,3200,2071
3957,1129,3200,2071
3958,1129,3200,2071
3959,1128,3200,2072
3960,1128,3200,2072
3961,1128,3200,2072
3962,1128,3200,2072
3963,1128,3200,2072
3964,1128,3200,2072
3965,1128,3200,2072
3966,1128,3200,2072
3967,1128,3200,2072
3968,1128,3200,2072
3969,1128,3200,2072
3970,1128,3200,2072
3971,1127,3200,2073
3972,1127,3200,2073
3973,1127,3200,2073
3974,1126,3200,2074
3975,1126,3200,2074
3976,1126,3200,2074
3977,1126,3200,2074
3978,1126,3200,2074
3979,1125,3200,2075
3980,1125,3200,2075
3981,1125,3200,2075
3982,1124,3200,2076
3983,1124,3200,2076
3984,1124,3200,2076
3985,1123,3200,2077
3986,1123,3200,2077
3987,1123,3200,2077
3988,1123,3200,2077
3989,1123,3200,2077
3990,1123,3200,2077
3991,1123,3200,2077
3992,1122,3200,2078
3993,1122,3200,2078
3994,1121,3200,2079
3995,1121,3200,2079
3996,1121,3200,2079
3997,1121,3200,2079
3998,1121,3200,2079
3999,1121,3200,2079
4000,1121,3200,2079
4001,1121,3200,2079
4002,1120,3200,2080
4003,1120,3200,2080
4004,1119,3200,2081
4005,1119,3200,2081
4006,1119,3200,2081
4007,1119,3200,2081
4008,1119,3200,2081
4009,1119,3200,2081
4010,1119,3200,2081
4011,1119,3200,2081
4012,1119,3200,2081
4013,1118,3200,2082
4014,1117,3200,2083
4015,1117,3200,2083
4016,1117,3200,2083
4017,1117,3200,2083
4018,1116,3200,2084
4019,1116,3200,2084
4020,1116,3200,2084
4021,1116,3200,2084
4022,1116,3200,2084
4023,1116,3200,2084
4024,1116,3200,2084
4025,1115,3200,2085
4026,1115,3200,2085
4027,1114,3200,2086
4028,1114,3200,2086
4029,1113,3200,2087
4030,1113,3200,2087
4031,1113,3200,2087
4032,1113,3200,2087
4033,1113,3200,2087
4034,1112,3200,2088
4035,1112,3200,2088
4036,1112,3200,2088
4037,1112,3200,2088
4038,1112,3200,2088
4039,1111,3200,2089
4040,1111,3200,2089
4041,1110,3200,2090
4042,1110,3200,2090
4043,1110,3200,2090
4044,1109,3200,2091
4045,1109,3200,2091
4046,1109,3200,2091
4047,1109,3200,2091
4048,1109,3200,2091
4049,1109,3200,2091
4050,1109,3200,2091
4051,1108,3200,2092
4052,1108,3200,2092
4053,1108,3200,2092
4054,1108,3200,2092
4055,1108,3200,2092
4056,1107,3200,2093
4057,1107,3200,2093
4058,1106,3200,2094
4059,1106,3200,2094
4060,1106,3200,2094
4061,1106,3200,2094
4062,1105,3200,2095
4063,1105,3200,2095
4064,1105,3200,2095
4065,1105,3200,2095
4066,1105,3200,2095
4067,1105,3200,2095
4068,1104,3200,2096
4069,1104,3200,2096
4070,1103,3200,2097
4071,1103,3200,2097
4072,1103,3200,2097
4073,1103,3200,2097
4074,1102,3200,2098
4075,1102,3200,2098
4076,1101,3200,2099
4077,1100,3200,2100
4078,1100,3200,2100
4079,1100,3200,2100
4080,1100,3200,2100
4081,1100,3200,2100
4082,1100,3200,2100
4083,1100,3200,2100
4084,1100,3200,2100
4085,1100,3200,2100
4086,1100,3200,2100
4087,1100,3200,2100
4088,1100,3200,2100
4089,1100,3200,2100
4090,1100,3200,2100
4091,1099,3200,2101
4092,1099,3200,2101
4093,1098,3200,2102
4094,1098,3200,2102
4095,1098,3200,2102
4096,1098,3200,2102
4097,1098,3200,2102
4098,1098,3200,2102
4099,1098,3200,2102
4100,1097,3200,2103
4101,1097,3200,2103
4102,1097,3200,2103
4103,1096,3200,2104
4104,1096,3200,2104
4105,1095,3200,2105
4106,1095,3200,2105
4107,1095,3200,2105
4108,1095,3200,2105
4109,1095,3200,2105
4110,1094,3200,2106
4111,1094,3200,2106
4112,1093,3200,2107
4113,1093,3200,2107
4114,1093,3200,2107
4115,1093,3200,2107
4116,1093,3200,2107
4117,1092,3200,2108
4118,1092,3200,2108
4119,1091,3200,2109
4120,1091,3200,2109
4121,1091,3200,2109
4122,1091,3200,2109
4123,1090,3200,2110
4124,1089,3200,2111
4125,1089,3200,2111
4126,1089,3200,2111
4127,1089,3200,2111
4128,1089,3200,2111
4129,1089,3200,2111
4130,1089,3200,2111
4131,1089,3200,2111
4132,1089,3200,2111
4133,1089,3200,2111
4134,1089,3200,2111
4135,1088,3200,2112
4136,1088,3200,2112
4137,1088,3200,2112
4138,1088,3200,2112
4139,1088,3200,2112
4140,1087,3200,2113
4141,1087,3200,2113
4142,1087,3200,2113
4143,1086,3200,2114
4144,1086,3200,2114
4145,1085,3200,2115
4146,1085,3200,2115
4147,1085,3200,2115
4148,1085,3200,2115
4149,1085,3200,2115
4150,1085,3200,2115
4151,1085,3200,2115
4152,1085,3200,2115
4153,1085,3200,2115
4154,1084,3200,2116
4155,1084,3200,2116
4156,1084,3200,2116
4157,1083,3200,2117
4158,1083,3200,2117
4159,1083,3200,2117
4160,1083,3200,2117
4161,1082,3200,2118
4162,1082,3200,2118
4163,1082,3200,2118
4164,1082,3200,2118
4165,1082,3200,2118
4166,1082,3200,2118
4167,1082,3200,2118
4168,1082,3200,2118
4169,1081,3200,2119
4170,1080,3200,2120
4171,1080,3200,2120
4172,1080,3200,2120
4173,1080,3200,2120
4174,1080,3200,2120
4175,1079,3200,2121
4176,1079,3200,2121
4177,1079,3200,2121
4178,1079,3200,2121
4179,1079,3200,2121
4180,1079,3200,2121
4181,1078,3200,2122
4182,1078,3200,2122
4183,1078,3200,2122
4184,1077,3200,2123
4185,1077,3200,2123
4186,1077,3200,2123
4187,1077,3200,2123
4188,1076,3200,2124
4189,1076,3200,2124
4190,1076,3200,2124
4191,1076,3200,2124
4192,1075,3200,2125
4193,1075,3200,2125
4194,1075,3200,2125
4195,1074,3200,2126
4196,1073,3200,2127
4197,1073,3200,2127
4198,1073,3200,2127
4199,1073,3200,2127
4200,1073,3200,2127
4201,1073,3200,2127
4202,1073,3200,2127
4203,1073,3200,2127
4204,1073,3200,2127
4205,1072,3200,2128
4206,1072,3200,2128
4207,1072,3200,2128
4208,1072,3200,2128
4209,1072,3200,2128
4210,1072,3200,2128
4211,1071,3200,2129
4212,1071,3200,2129
4213,1071,3200,2129
4214,1070,3200,2130
4215,1070,3200,2130
4216,1070,3200,2130
4217,1070,3200,2130
4218,1070,3200,2130
4219,1070,3200,2130
4220,1069,3200,2131
4221,1069,3200,2131
4222,1068,3200,2132
4223,1068,3200,2132
4224,1068,3200,2132
4225,1067,3200,2133
4226,1067,3200,2133
4227,1067,3200,2133
4228,1067,3200,2133
4229,1066,3200,2134
4230,1065,3200,2135
4231,1065,3200,2135
4232,1064,3200,2136
4233,1064,3200,2136
4234,1063,3200,2137
4235,1061,3200,2139
4236,1061,3200,2139
4237,1060,3200,2140
4238,1060,3200,2140
4239,1060,3200,2140
4240,1060,3200,2140
4241,1058,3200,2142
4242,1058,3200,2142
4243,1056,3200,2144
4244,1056,3200,2144
4245,1056,3200,2144
4246,1055,3200,2145
4247,1055,3200,2145
4248,1054,3200,2146
4249,1053,3200,2147
4250,1053,3200,2147
4251,1051,3200,2149
4252,1051,3200,2149
4253,1051,3200,2149
4254,1050,3200,2150
4255,1050,3200,2150
4256,1050,3200,2150
4257,1050,3200,2150
4258,1050,3200,2150
4259,1050,3200,2150
4260,1048,3200,2152
4261,1048,3200,2152
4262,1047,3200,2153
4263,1047,3200,2153
4264,1045,3200,2155
4265,1045,3200,2155
4266,1045,3200,2155
4267,1045,3200,2155
4268,1045,3200,2155
4269,1044,3200,2156
4270,1044,3200,2156
4271,1044,3200,2156
4272,1043,3200,2157
4273,1043,3200,2157
4274,1042,3200,2158
4275,1042,3200,2158
4276,1042,3200,2158
4277,1042,3200,2158
4278,1042,3200,2158
4279,1041,3200,2159
4280,1041,3200,2159
4281,1041,3200,2159
4282,1039,3200,2161
4283,1038,3200,2162
4284,1038,3200,2162
4285,1037,3200,2163
4286,1036,3200,2164
4287,1036,3200,2164
4288,1035,3200,2165
4289,1035,3200,2165
4290,1034,3200,2166
4291,1034,3200,2166
4292,1034,3200,2166
4293,1033,3200,2167
4294,1032,3200,2168
4295,1032,3200,2168
4296,1032,3200,2168
4297,1032,3200,2168
4298,1032,3200,2168
4299,1031,3200,2169
4300,1030,3200,2170
4301,1029,3200,2171
4302,1029,3200,2171
4303,1029,3200,2171
4304,1027,3200,2173
4305,1026,3200,2174
4306,1026,3200,2174
4307,1024,3200,2176
4308,1024,3200,2176
4309,1024,3200,2176
4310,1023,3200,2177
4311,1022,3200,2178
4312,1022,3200,2178
4313,1021,3200,2179
4314,1021,3200,2179
4315,1020,3200,2180
4316,1020,3200,2180
4317,1020,3200,2180
4318,1019,3200,2181
4319,1019,3200,2181
4320,1019,3200,2181
4321,1019,3200,2181
4322,1018,3200,2182
4323,1018,3200,2182
4324,1017,3200,2183
4325,1017,3200,2183
4326,1015,3200,2185
4327,1015,3200,2185
4328,1015,3200,2185
4329,1015,3200,2185
4330,1015,3200,2185
4331,1014,3200,2186
4332,1014,3200,2186
4333,1014,3200,2186
4334,1014,3200,2186
4335,1014,3200,2186
4336,1014,3200,2186
4337,1013,3200,2187
4338,1013,3200,2187
4339,1013,3200,2187
4340,1013,3200,2187
4341,1013,3200,2187
4342,1013,3200,2187
4343,1013,3200,2187
4344,1013,3200,2187
4345,1013,3200,2187
4346,1013,3200,2187
4347,1013,3200,2187
4348,1012,3200,2188
4349,1011,3200,2189
4350,1011,3200,2189
4351,1011,3200,2189
4352,1011,3200,2189
4353,1011,3200,2189
4354,1010,3200,2190
4355,1010,3200,2190
4356,1009,3200,2191
4357,1009,3200,2191
4358,1009,3200,2191
4359,1009,3200,2191
4360,1009,3200,2191
4361,1008,3200,2192
4362,1008,3200,2192
4363,1007,3200,2193
4364,1007,3200,2193
4365,1006,3200,2194
4366,1006,3200,2194
4367,1005,3200,2195
4368,1005,3200,2195
4369,1005,3200,2195
4370,1005,3200,2195
4371,1005,3200,2195
4372,1005,3200,2195
4373,1005,3200,2195
4374,1005,3200,2195
4375,1005,3200,2195
4376,1005,3200,2195
4377,1004,3200,2196
4378,1003,3200,2197
4379,1003,3200,2197
4380,1003,3200,2197
4381,1003,3200,2197
4382,1003,3200,2197
4383,1003,3200,2197
4384,1003,3200,2197
4385,1002,3200,2198
4386,1002,3200,2198
4387,1002,3200,2198
4388,1001,3200,2199
4389,1001,3200,2199
4390,1001,3200,2199
4391,1001,3200,2199
4392,1001,3200,2199
4393,1001,3200,2199
4394,1001,3200,2199
4395,1001,3200,2199
4396,1001,3200,2199
4397,1001,3200,2199
4398,1001,3200,2199
4399,1001,3200,2199
4400,1001,3200,2199
4401,1001,3200,2199
4402,1000,3200,2200
4403,999,3200,2201
4404,999,3200,2201
4405,999,3200,2201
4406,999,3200,2201
4407,999,3200,2201
4408,998,3200,2202
4409,997,3200,2203
4410,997,3200,2203
4411,996,3200,2204
4412,996,3200,2204
4413,996,3200,2204
4414,996,3200,2204
4415,996,3200,2204
4416,995,3200,2205
4417,995,3200,2205
4418,995,3200,2205
4419,995,3200,2205
4420,995,3200,2205
4421,995,3200,2205
4422,994,3200,2206
4423,993,3200,2207
4424,993,3200,2207
4425,993,3200,2207
4426,993,3200,2207
4427,992,3200,2208
4428,992,3200,2208
4429,992,3200,2208
4430,991,3200,2209
4431,991,3200,2209
4432,991,3200,2209
4433,990,3200,2210
4434,990,3200,2210
4435,990,3200,2210
4436,990,3200,2210
4437,990,3200,2210
4438,990,3200,2210
4439,990,3200,2210
4440,990,3200,2210
4441,990,3200,2210
4442,990,3200,2210
4443,990,3200,2210
4444,989,3200,2211
4445,989,3200,2211
4446,989,3200,2211
4447,989,3200,2211
4448,989,3200,2211
4449,988,3200,2212
4450,988,3200,2212
4451,987,3200,2213
4452,987,3200,2213
4453,987,3200,2213
4454,987,3200,2213
4455,987,3200,2213
4456,987,3200,2213
4457,987,3200,2213
4458,987,3200,2213
4459,987,3200,2213
4460,987,3200,2213
4461,987,3200,2213
4462,987,3200,2213
4463,987,3200,2213
4464,987,3200,2213
4465,986,3200,2214
4466,986,3200,2214
4467,985,3200,2215
4468,985,3200,2215
4469,985,3200,2215
4470,985,3200,2215
4471,985,3200,2215
4472,984,3200,2216
4473,984,3200,2216
4474,984,3200,2216
4475,984,3200,2216
4476,984,3200,2216
4477,983,3200,2217
4478,983,3200,2217
4479,983,3200,2217
4480,983,3200,2217
4481,983,3200,2217
4482,983,3200,2217
4483,982,3200,2218
4484,982,3200,2218
4485,982,3200,2218
4486,981,3200,2219
4487,981,3200,2219
4488,981,3200,2219
4489,980,3200,2220
4490,979,3200,2221
4491,979,3200,2221
4492,979,3200,2221
4493,979,3200,2221
4494,978,3200,2222
4495,978,3200,2222
4496,978,3200,2222
4497,977,3200,2223
4498,977,3200,2223
4499,977,3200,2223
4500,976,3200,2224
4501,976,3200,2224
4502,975,3200,2225
4503,975,3200,2225
4504,975,3200,2225
4505,975,3200,2225
4506,975,3200,2225
4507,975,3200,2225
4508,975,3200,2225
4509,974,3200,2226
4510,973,3200,2227
4511,973,3200,2227
4512,973,3200,2227
4513,972,3200,2228
4514,972,3200,2228
4515,972,3200,2228
4516,971,3200,2229
4517,971,3200,2229
4518,970,3200,2230
4519,970,3200,2230
4520,970,3200,2230
4521,969,3200,2231
4522,969,3200,2231
4523,969,3200,2231
4524,969,3200,2231
4525,969,3200,2231
4526,969,3200,2231
4527,968,3200,2232
4528,967,3200,2233
4529,966,3200,2234
4530,966,3200,2234
4531,966,3200,2234
4532,966,3200,2234
4533,966,3200,2234
4534,966,3200,2234
4535,966,3200,2234
4536,965,3200,2235
4537,964,3200,2236
4538,964,3200,2236
4539,964,3200,2236
4540,964,3200,2236
4541,964,3200,2236
4542,964,3200,2236
4543,964,3200,2236
4544,964,3200,2236
4545,964,3200,2236
4546,964,3200,2236
4547,964,3200,2236
4548,964,3200,2236
4549,964,3200,2236
4550,964,3200,2236
4551,963,3200,2237
4552,962,3200,2238
4553,962,3200,2238
4554,962,3200,2238
4555,962,3200,2238
4556,962,3200,2238
4557,962,3200,2238
4558,962,3200,2238
4559,962,3200,2238
4560,962,3200,2238
4561,962,3200,2238
4562,962,3200,2238
4563,962,3200,2238
4564,962,3200,2238
4565,961,3200,2239
4566,961,3200,2239
4567,960,3200,2240
4568,960,3200,2240
4569,959,3200,2241
4570,959,3200,2241
4571,959,3200,2241
4572,959,3200,2241
4573,959,3200,2241
4574,958,3200,2242
4575,958,3200,2242
4576,958,3200,2242
4577,957,3200,2243
4578,957,3200,2243
4579,957,3200,2243
4580,956,3200,2244
4581,956,3200,2244
4582,956,3200,2244
4583,956,3200,2244
4584,955,3200,2245
4585,955,3200,2245
4586,954,3200,2246
4587,954,3200,2246
4588,954,3200,2246
4589,953,3200,2247
4590,953,3200,2247
4591,953,3200,2247
4592,953,3200,2247
4593,953,3200,2247
4594,953,3200,2247
4595,953,3200,2247
4596,953,3200,2247
4597,953,3200,2247
4598,953,3200,2247
4599,952,3200,2248
4600,952,3200,2248
4601,952,3200,2248
4602,951,3200,2249
4603,951,3200,2249
4604,951,3200,2249
4605,951,3200,2249
4606,950,3200,2250
4607,950,3200,2250
4608,950,3200,2250
4609,950,3200,2250
4610,950,3200,2250
4611,950,3200,2250
4612,949,3200,2251
4613,949,3200,2251
4614,949,3200,2251
4615,949,3200,2251
4616,948,3200,2252
4617,948,3200,2252
4618,948,3200,2252
4619,947,3200,2253
4620,947,3200,2253
4621,947,3200,2253
4622,947,3200,2253
4623,947,3200,2253
4624,947,3200,2253
4625,946,3200,2254
4626,946,3200,2254
4627,945,3200,2255
4628,945,3200,2255
4629,945,3200,2255
4630,945,3200,2255
4631,945,3200,2255
4632,945,3200,2255
4633,945,3200,2255
4634,945,3200,2255
4635,945,3200,2255
4636,945,3200,2255
4637,945,3200,2255
4638,944,3200,2256
4639,944,3200,2256
4640,943,3200,2257
4641,943,3200,2257
4642,942,3200,2258
4643,942,3200,2258
4644,942,3200,2258
4645,942,3200,2258
4646,941,3200,2259
4647,941,3200,2259
4648,940,3200,2260
4649,940,3200,2260
4650,939,3200,2261
4651,939,3200,2261
4652,939,3200,2261
4653,939,3200,2261
4654,939,3200,2261
4655,939,3200,2261
4656,939,3200,2261
4657,938,3200,2262
4658,938,3200,2262
4659,937,3200,2263
4660,936,3200,2264
4661,936,3200,2264
4662,936,3200,2264
4663,936,3200,2264
4664,936,3200,2264
4665,936,3200,2264
4666,936,3200,2264
4667,935,3200,2265
4668,935,3200,2265
4669,935,3200,2265
4670,935,3200,2265
4671,934,3200,2266
4672,934,3200,2266
4673,934,3200,2266
4674,934,3200,2266
4675,934,3200,2266
4676,934,3200,2266
4677,933,3200,2267
4678,933,3200,2267
4679,933,3200,2267
4680,932,3200,2268
4681,932,3200,2268
4682,931,3200,2269
4683,931,3200,2269
4684,930,3200,2270
4685,930,3200,2270
4686,930,3200,2270
4687,930,3200,2270
4688,930,3200,2270
4689,930,3200,2270
4690,929,3200,2271
4691,929,3200,2271
4692,929,3200,2271
4693,929,3200,2271
4694,929,3200,2271
4695,929,3200,2271
4696,928,3200,2272
4697,928,3200,2272
4698,927,3200,2273
4699,927,3200,2273
4700,926,3200,2274
4701,926,3200,2274
4702,926,3200,2274
4703,926,3200,2274
4704,925,3200,2275
4705,925,3200,2275
4706,924,3200,2276
4707,924,3200,2276
4708,924,3200,2276
4709,924,3200,2276
4710,923,3200,2277
4711,923,3200,2277
4712,923,3200,2277
4713,923,3200,2277
4714,923,3200,2277
4715,923,3200,2277
4716,922,3200,2278
4717,922,3200,2278
4718,922,3200,2278
4719,922,3200,2278
4720,921,3200,2279
4721,921,3200,2279
4722,921,3200,2279
4723,921,3200,2279
4724,921,3200,2279
4725,921,3200,2279
4726,921,3200,2279
4727,920,3200,2280
4728,920,3200,2280
4729,920,3200,2280
4730,920,3200,2280
4731,920,3200,2280
4732,920,3200,2280
4733,920,3200,2280
4734,920,3200,2280
4735,920,3200,2280
4736,920,3200,2280
4737,920,3200,2280
4738,920,3200,2280
4739,920,3200,2280
4740,920,3200,2280
4741,919,3200,2281
4742,919,3200,2281
4743,919,3200,2281
4744,919,3200,2281
4745,919,3200,2281
4746,918,3200,2282
4747,918,3200,2282
4748,918,3200,2282
4749,918,3200,2282
4750,918,3200,2282
4751,917,3200,2283
4752,917,3200,2283
4753,917,3200,2283
4754,917,3200,2283
4755,916,3200,2284
4756,916,3200,2284
4757,916,3200,2284
4758,915,3200,2285
4759,915,3200,2285
4760,915,3200,2285
4761,914,3200,2286
4762,914,3200,2286
4763,914,3200,2286
4764,914,3200,2286
4765,914,3200,2286
4766,914,3200,2286
4767,914,3200,2286
4768,913,3200,2287
4769,913,3200,2287
4770,913,3200,2287
4771,912,3200,2288
4772,912,3200,2288
4773,911,3200,2289
4774,911,3200,2289
4775,911,3200,2289
4776,911,3200,2289
4777,910,3200,2290
4778,910,3200,2290
4779,910,3200,2290
4780,910,3200,2290
4781,910,3200,2290
4782,910,3200,2290
4783,910,3200,2290
4784,909,3200,2291
4785,909,3200,2291
4786,909,3200,2291
4787,909,3200,2291
4788,909,3200,2291
4789,908,3200,2292
4790,908,3200,2292
4791,908,3200,2292
4792,907,3200,2293
4793,906,3200,2294
4794,906,3200,2294
4795,906,3200,2294
4796,906,3200,2294
4797,906,3200,2294
4798,906,3200,2294
4799,906,3200,2294
4800,906,3200,2294
4801,906,3200,2294
4802,905,3200,2295
4803,905,3200,2295
4804,905,3200,2295
4805,904,3200,2296
4806,903,3200,2297
4807,902,3200,2298
4808,902,3200,2298
4809,902,3200,2298
4810,902,3200,2298
4811,902,3200,2298
4812,902,3200,2298
4813,901,3200,2299
4814,901,3200,2299
4815,900,3200,2300
4816,900,3200,2300
4817,899,3200,2301
4818,898,3200,2302
4819,898,3200,2302
4820,898,3200,2302
4821,898,3200,2302
4822,898,3200,2302
4823,897,3200,2303
4824,896,3200,2304
4825,896,3200,2304
4826,896,3200,2304
4827,896,3200,2304
4828,896,3200,2304
4829,896,3200,2304
4830,896,3200,2304
4831,896,3200,2304
4832,895,3200,2305
4833,895,3200,2305
4834,895,3200,2305
4835,895,3200,2305
4836,894,3200,2306
4837,894,3200,2306
4838,894,3200,2306
4839,893,3200,2307
4840,893,3200,2307
4841,893,3200,2307
4842,893,3200,2307
4843,893,3200,2307
4844,893,3200,2307
4845,892,3200,2308
4846,892,3200,2308
4847,892,3200,2308
4848,892,3200,2308
4849,892,3200,2308
4850,892,3200,2308
4851,891,3200,2309
4852,891,3200,2309
4853,890,3200,2310
4854,889,3200,2311
4855,889,3200,2311
4856,889,3200,2311
4857,889,3200,2311
4858,889,3200,2311
4859,889,3200,2311
4860,889,3200,2311
4861,889,3200,2311
4862,889,3200,2311
4863,889,3200,2311
4864,889,3200,2311
4865,889,3200,2311
4866,889,3200,2311
4867,888,3200,2312
4868,888,3200,2312
4869,887,3200,2313
4870,887,3200,2313
4871,887,3200,2313
4872,887,3200,2313
4873,887,3200,2313
4874,887,3200,2313
4875,887,3200,2313
4876,886,3200,2314
4877,886,3200,2314
4878,886,3200,2314
4879,885,3200,2315
4880,885,3200,2315
4881,884,3200,2316
4882,884,3200,2316
4883,884,3200,2316
4884,884,3200,2316
4885,884,3200,2316
4886,884,3200,2316
4887,884,3200,2316
4888,884,3200,2316
4889,884,3200,2316
4890,884,3200,2316
4891,884,3200,2316
4892,884,3200,2316
4893,883,3200,2317
4894,883,3200,2317
4895,883,3200,2317
4896,883,3200,2317
4897,883,3200,2317
4898,883,3200,2317
4899,883,3200,2317
4900,883,3200,2317
4901,883,3200,2317
4902,883,3200,2317
4903,883,3200,2317
4904,882,3200,2318
4905,882,3200,2318
4906,881,3200,2319
4907,881,3200,2319
4908,881,3200,2319
4909,880,3200,2320
4910,880,3200,2320
4911,880,3200,2320
4912,880,3200,2320
4913,879,3200,2321
4914,878,3200,2322
4915,878,3200,2322
4916,878,3200,2322
4917,878,3200,2322
4918,878,3200,2322
4919,878,3200,2322
4920,877,3200,2323
4921,877,3200,2323
4922,877,3200,2323
4923,876,3200,2324
4924,876,3200,2324
4925,875,3200,2325
4926,875,3200,2325
4927,875,3200,2325
4928,875,3200,2325
4929,874,3200,2326
4930,874,3200,2326
4931,874,3200,2326
4932,874,3200,2326
4933,874,3200,2326
4934,874,3200,2326
4935,874,3200,2326
4936,873,3200,2327
4937,873,3200,2327
4938,873,3200,2327
4939,873,3200,2327
4940,873,3200,2327
4941,873,3200,2327
4942,873,3200,2327
4943,873,3200,2327
4944,873,3200,2327
4945,873,3200,2327
4946,873,3200,2327
4947,873,3200,2327
4948,873,3200,2327
4949,873,3200,2327
4950,873,3200,2327
4951,872,3200,2328
4952,872,3200,2328
4953,871,3200,2329
4954,870,3200,2330
4955,870,3200,2330
4956,869,3200,2331
4957,869,3200,2331
4958,869,3200,2331
4959,869,3200,2331
4960,869,3200,2331
4961,869,3200,2331
4962,869,3200,2331
4963,868,3200,2332
4964,868,3200,2332
4965,868,3200,2332
4966,868,3200,2332
4967,868,3200,2332
4968,867,3200,2333
4969,867,3200,2333
4970,867,3200,2333
4971,867,3200,2333
4972,867,3200,2333
4973,866,3200,2334
4974,865,3200,2335
4975,865,3200,2335
4976,865,3200,2335
4977,865,3200,2335
4978,865,3200,2335
4979,865,3200,2335
4980,865,3200,2335
4981,864,3200,2336
4982,864,3200,2336
4983,864,3200,2336
4984,863,3200,2337
4985,863,3200,2337
4986,863,3200,2337
4987,863,3200,2337
4988,863,3200,2337
4989,862,3200,2338
4990,862,3200,2338
4991,862,3200,2338
4992,861,3200,2339
4993,861,3200,2339
4994,861,3200,2339
4995,861,3200,2339
4996,861,3200,2339
4997,860,3200,2340
4998,859,3200,2341
4999,859,3200,2341
5000,859,3200,2341
5001,858,3200,2342
5002,858,3200,2342
5003,858,3200,2342
5004,858,3200,2342
5005,857,3200,2343
5006,857,3200,2343
5007,857,3200,2343
5008,857,3200,2343
5009,857,3200,2343
5010,857,3200,2343
5011,856,3200,2344
5012,855,3200,2345
5013,855,3200,2345
5014,855,3200,2345
5015,855,3200,2345
5016,854,3200,2346
5017,854,3200,2346
5018,854,3200,2346
5019,854,3200,2346
5020,854,3200,2346
5021,854,3200,2346
5022,853,3200,2347
5023,853,3200,2347
5024,853,3200,2347
5025,853,3200,2347
5026,853,3200,2347
5027,852,3200,2348
5028,852,3200,2348
5029,852,3200,2348
5030,852,3200,2348
5031,852,3200,2348
5032,851,3200,2349
5033,851,3200,2349
5034,851,3200,2349
5035,851,3200,2349
5036,850,3200,2350
5037,849,3200,2351
5038,849,3200,2351
5039,849,3200,2351
5040,849,3200,2351
5041,849,3200,2351
5042,849,3200,2351
5043,849,3200,2351
5044,849,3200,2351
5045,849,3200,2351
5046,849,3200,2351
5047,849,3200,2351
5048,848,3200,2352
5049,848,3200,2352
5050,848,3200,2352
5051,848,3200,2352
5052,847,3200,2353
5053,847,3200,2353
5054,846,3200,2354
5055,846,3200,2354
5056,846,3200,2354
5057,846,3200,2354
5058,845,3200,2355
5059,844,3200,2356
5060,844,3200,2356
5061,844,3200,2356
5062,844,3200,2356
5063,844,3200,2356
5064,844,3200,2356
5065,844,3200,2356
5066,844,3200,2356
5067,843,3200,2357
5068,843,3200,2357
5069,843,3200,2357
5070,843,3200,2357
5071,842,3200,2358
5072,842,3200,2358
5073,842,3200,2358
5074,841,3200,2359
5075,841,3200,2359
5076,840,3200,2360
5077,840,3200,2360
5078,839,3200,2361
5079,838,3200,2362
5080,838,3200,2362
5081,838,3200,2362
5082,838,3200,2362
5083,838,3200,2362
5084,838,3200,2362
5085,838,3200,2362
5086,837,3200,2363
5087,837,3200,2363
5088,837,3200,2363
5089,837,3200,2363
5090,837,3200,2363
5091,837,3200,2363
5092,836,3200,2364
5093,836,3200,2364
5094,835,3200,2365
5095,835,3200,2365
5096,835,3200,2365
5097,835,3200,2365
5098,835,3200,2365
5099,835,3200,2365
5100,835,3200,2365
5101,835,3200,2365
5102,834,3200,2366
5103,833,3200,2367
5104,833,3200,2367
5105,833,3200,2367
5106,833,3200,2367
5107,832,3200,2368
5108,832,3200,2368
5109,832,3200,2368
5110,832,3200,2368
5111,831,3200,2369
5112,831,3200,2369
5113,831,3200,2369
5114,830,3200,2370
5115,830,3200,2370
5116,830,3200,2370
5117,830,3200,2370
5118,830,3200,2370
5119,830,3200,2370
5120,830,3200,2370
5121,830,3200,2370
5122,830,3200,2370
5123,830,3200,2370
5124,830,3200,2370
5125,830,3200,2370
5126,830,3200,2370
5127,830,3200,2370
5128,830,3200,2370
5129,830,3200,2370
5130,830,3200,2370
5131,830,3200,2370
5132,830,3200,2370
5133,829,3200,2371
5134,829,3200,2371
5135,829,3200,2371
5136,829,3200,2371
5137,828,3200,2372
5138,828,3200,2372
5139,828,3200,2372
5140,828,3200,2372
5141,828,3200,2372
5142,828,3200,2372
5143,828,3200,2372
5144,827,3200,2373
5145,827,3200,2373
5146,827,3200,2373
5147,826,3200,2374
5148,826,3200,2374
5149,826,3200,2374
5150,825,3200,2375
5151,825,3200,2375
5152,825,3200,2375
5153,825,3200,2375
5154,825,3200,2375
5155,825,3200,2375
5156,824,3200,2376
5157,824,3200,2376
5158,824,3200,2376
5159,823,3200,2377
5160,823,3200,2377
5161,822,3200,2378
5162,822,3200,2378
5163,822,3200,2378
5164,822,3200,2378
5165,821,3200,2379
5166,821,3200,2379
5167,820,3200,2380
5168,820,3200,2380
5169,820,3200,2380
5170,819,3200,2381
5171,819,3200,2381
5172,819,3200,2381
5173,818,3200,2382
5174,818,3200,2382
5175,818,3200,2382
5176,817,3200,2383
5177,817,3200,2383
5178,816,3200,2384
5179,816,3200,2384
5180,816,3200,2384
5181,816,3200,2384
5182,816,3200,2384
5183,815,3200,2385
5184,815,3200,2385
5185,815,3200,2385
5186,815,3200,2385
5187,815,3200,2385
5188,815,3200,2385
5189,815,3200,2385
5190,815,3200,2385
5191,815,3200,2385
5192,815,3200,2385
5193,815,3200,2385
5194,815,3200,2385
5195,815,3200,2385
5196,814,3200,2386
5197,814,3200,2386
5198,813,3200,2387
5199,813,3200,2387
5200,813,3200,2387
5201,813,3200,2387
5202,813,3200,2387
5203,812,3200,2388
5204,812,3200,2388
5205,812,3200,2388
5206,812,3200,2388
5207,812,3200,2388
5208,811,3200,2389
5209,810,3200,2390
5210,810,3200,2390
5211,809,3200,2391
5212,809,3200,2391
5213,808,3200,2392
5214,808,3200,2392
5215,808,3200,2392
5216,808,3200,2392
5217,808,3200,2392
5218,808,3200,2392
5219,808,3200,2392
5220,808,3200,2392
5221,807,3200,2393
5222,807,3200,2393
5223,806,3200,2394
5224,806,3200,2394
5225,806,3200,2394
5226,806,3200,2394
5227,805,3200,2395
5228,805,3200,2395
5229,805,3200,2395
5230,805,3200,2395
5231,804,3200,2396
5232,804,3200,2396
5233,804,3200,2396
5234,804,3200,2396
5235,803,3200,2397
5236,803,3200,2397
5237,803,3200,2397
5238,803,3200,2397
5239,803,3200,2397
5240,803,3200,2397
5241,803,3200,2397
5242,803,3200,2397
5243,803,3200,2397
5244,803,3200,2397
5245,803,3200,2397
5246,803,3200,2397
5247,803,3200,2397
5248,803,3200,2397
5249,803,3200,2397
5250,803,3200,2397
5251,803,3200,2397
5252,803,3200,2397
5253,803,3200,2397
5254,803,3200,2397
5255,803,3200,2397
5256,803,3200,2397
5257,803,3200,2397
5258,802,3200,2398
5259,802,3200,2398
5260,801,3200,2399
5261,801,3200,2399
5262,801,3200,2399
5263,800,3200,2400
5264,800,3200,2400
5265,799,3200,2401
5266,799,3200,2401
5267,798,3200,2402
5268,798,3200,2402
5269,798,3200,2402
5270,797,3200,2403
5271,797,3200,2403
5272,797,3200,2403
5273,796,3200,2404
5274,796,3200,2404
5275,795,3200,2405
5276,795,3200,2405
5277,795,3200,2405
5278,794,3200,2406
5279,794,3200,2406
5280,794,3200,2406
5281,793,3200,2407
5282,793,3200,2407
5283,792,3200,2408
5284,791,3200,2409
5285,791,3200,2409
5286,790,3200,2410
5287,790,3200,2410
5288,789,3200,2411
5289,789,3200,2411
5290,789,3200,2411
5291,789,3200,2411
5292,789,3200,2411
5293,789,3200,2411
5294,789,3200,2411
5295,789,3200,2411
5296,789,3200,2411
5297,789,3200,2411
5298,789,3200,2411
5299,789,3200,2411
5300,788,3200,2412
5301,788,3200,2412
5302,787,3200,2413
5303,787,3200,2413
5304,786,3200,2414
5305,786,3200,2414
5306,786,3200,2414
5307,785,3200,2415
5308,785,3200,2415
5309,785,3200,2415
5310,785,3200,2415
5311,785,3200,2415
5312,785,3200,2415
5313,785,3200,2415
5314,785,3200,2415
5315,785,3200,2415
5316,785,3200,2415
5317,785,3200,2415
5318,785,3200,2415
5319,785,3200,2415
5320,785,3200,2415
5321,785,3200,2415
5322,784,3200,2416
5323,784,3200,2416
5324,784,3200,2416
5325,784,3200,2416
5326,784,3200,2416
5327,784,3200,2416
5328,783,3200,2417
5329,783,3200,2417
5330,783,3200,2417
5331,782,3200,2418
5332,781,3200,2419
5333,781,3200,2419
5334,780,3200,2420
5335,780,3200,2420
5336,780,3200,2420
5337,780,3200,2420
5338,780,3200,2420
5339,779,3200,2421
5340,779,3200,2421
5341,779,3200,2421
5342,779,3200,2421
5343,779,3200,2421
5344,779,3200,2421
5345,779,3200,2421
5346,779,3200,2421
5347,779,3200,2421
5348,779,3200,2421
5349,779,3200,2421
5350,779,3200,2421
5351,779,3200,2421
5352,778,3200,2422
5353,778,3200,2422
5354,778,3200,2422
5355,778,3200,2422
5356,778,3200,2422
5357,777,3200,2423
5358,777,3200,2423
5359,776,3200,2424
5360,776,3200,2424
5361,776,3200,2424
5362,775,3200,2425
5363,775,3200,2425
5364,775,3200,2425
5365,775,3200,2425
5366,774,3200,2426
5367,774,3200,2426
5368,774,3200,2426
5369,774,3200,2426
5370,774,3200,2426
5371,774,3200,2426
5372,774,3200,2426
5373,774,3200,2426
5374,774,3200,2426
5375,774,3200,2426
5376,774,3200,2426
5377,773,3200,2427
5378,773,3200,2427
5379,773,3200,2427
5380,773,3200,2427
5381,773,3200,2427
5382,772,3200,2428
5383,772,3200,2428
5384,772,3200,2428
5385,772,3200,2428
5386,772,3200,2428
5387,771,3200,2429
5388,771,3200,2429
5389,770,3200,2430
5390,770,3200,2430
5391,769,3200,2431
5392,769,3200,2431
5393,768,3200,2432
5394,768,3200,2432
5395,768,3200,2432
5396,767,3200,2433
5397,766,3200,2434
5398,766,3200,2434
5399,765,3200,2435
5400,765,3200,2435
5401,764,3200,2436
5402,764,3200,2436
5403,764,3200,2436
5404,764,3200,2436
5405,764,3200,2436
5406,764,3200,2436
5407,764,3200,2436
5408,764,3200,2436
5409,764,3200,2436
5410,764,3200,2436
5411,764,3200,2436
5412,764,3200,2436
5413,764,3200,2436
5414,764,3200,2436
5415,764,3200,2436
5416,763,3200,2437
5417,763,3200,2437
5418,762,3200,2438
5419,762,3200,2438
5420,762,3200,2438
5421,761,3200,2439
5422,761,3200,2439
5423,760,3200,2440
5424,760,3200,2440
5425,760,3200,2440
5426,760,3200,2440
5427,759,3200,2441
5428,759,3200,2441
5429,758,3200,2442
5430,758,3200,2442
5431,758,3200,2442
5432,757,3200,2443
5433,757,3200,2443
5434,757,3200,2443
5435,757,3200,2443
5436,757,3200,2443
5437,757,3200,2443
5438,757,3200,2443
5439,757,3200,2443
5440,756,3200,2444
5441,756,3200,2444
5442,756,3200,2444
5443,756,3200,2444
5444,756,3200,2444
5445,756,3200,2444
5446,756,3200,2444
5447,755,3200,2445
5448,755,3200,2445
5449,754,3200,2446
5450,754,3200,2446
5451,754,3200,2446
5452,754,3200,2446
5453,754,3200,2446
5454,754,3200,2446
5455,754,3200,2446
5456,754,3200,2446
5457,754,3200,2446
5458,753,3200,2447
5459,753,3200,2447
5460,753,3200,2447
5461,753,3200,2447
5462,752,3200,2448
5463,751,3200,2449
5464,751,3200,2449
5465,751,3200,2449
5466,751,3200,2449
5467,751,3200,2449
5468,750,3200,2450
5469,749,3200,2451
5470,749,3200,2451
5471,749,3200,2451
5472,749,3200,2451
5473,748,3200,2452
5474,748,3200,2452
5475,747,3200,2453
5476,747,3200,2453
5477,746,3200,2454
5478,746,3200,2454
5479,745,3200,2455
5480,745,3200,2455
5481,745,3200,2455
5482,744,3200,2456
5483,744,3200,2456
5484,744,3200,2456
5485,744,3200,2456
5486,744,3200,2456
5487,744,3200,2456
5488,744,3200,2456
5489,744,3200,2456
5490,744,3200,2456
5491,744,3200,2456
5492,744,3200,2456
5493,743,3200,2457
5494,743,3200,2457
5495,743,3200,2457
5496,743,3200,2457
5497,743,3200,2457
5498,743,3200,2457
5499,743,3200,2457
5500,742,3200,2458
5501,741,3200,2459
5502,741,3200,2459
5503,741,3200,2459
5504,740,3200,2460
5505,740,3200,2460
5506,740,3200,2460
5507,739,3200,2461
5508,739,3200,2461
5509,739,3200,2461
5510,739,3200,2461
5511,739,3200,2461
5512,739,3200,2461
5513,739,3200,2461
5514,739,3200,2461
5515,739,3200,2461
5516,738,3200,2462
5517,738,3200,2462
5518,738,3200,2462
5519,737,3200,2463
5520,736,3200,2464
5521,736,3200,2464
5522,736,3200,2464
5523,735,3200,2465
5524,735,3200,2465
5525,735,3200,2465
5526,735,3200,2465
5527,735,3200,2465
5528,735,3200,2465
5529,735,3200,2465
5530,735,3200,2465
5531,735,3200,2465
5532,735,3200,2465
5533,735,3200,2465
5534,735,3200,2465
5535,735,3200,2465
5536,735,3200,2465
5537,735,3200,2465
5538,734,3200,2466
5539,734,3200,2466
5540,734,3200,2466
5541,733,3200,2467
5542,733,3200,2467
5543,732,3200,2468
5544,732,3200,2468
5545,732,3200,2468
5546,731,3200,2469
5547,731,3200,2469
5548,730,3200,2470
5549,730,3200,2470
5550,729,3200,2471
5551,729,3200,2471
5552,729,3200,2471
5553,729,3200,2471
5554,729,3200,2471
5555,729,3200,2471
5556,729,3200,2471
5557,729,3200,2471
5558,729,3200,2471
5559,729,3200,2471
5560,728,3200,2472
5561,727,3200,2473
5562,727,3200,2473
5563,726,3200,2474
5564,726,3200,2474
5565,726,3200,2474
5566,726,3200,2474
5567,726,3200,2474
5568,726,3200,2474
5569,726,3200,2474
5570,726,3200,2474
5571,726,3200,2474
5572,725,3200,2475
5573,725,3200,2475
5574,725,3200,2475
5575,725,3200,2475
5576,724,3200,2476
5577,724,3200,2476
5578,723,3200,2477
5579,723,3200,2477
5580,723,3200,2477
5581,723,3200,2477
5582,723,3200,2477
5583,723,3200,2477
5584,723,3200,2477
5585,723,3200,2477
5586,723,3200,2477
5587,723,3200,2477
5588,723,3200,2477
5589,723,3200,2477
5590,723,3200,2477
5591,722,3200,2478
5592,722,3200,2478
5593,722,3200,2478
5594,721,3200,2479
5595,721,3200,2479
5596,721,3200,2479
5597,721,3200,2479
5598,721,3200,2479
5599,721,3200,2479
5600,721,3200,2479
5601,721,3200,2479
5602,721,3200,2479
5603,720,3200,2480
5604,720,3200,2480
5605,719,3200,2481
5606,719,3200,2481
5607,719,3200,2481
5608,718,3200,2482
5609,718,3200,2482
5610,718,3200,2482
5611,718,3200,2482
5612,718,3200,2482
5613,718,3200,2482
5614,717,3200,2483
5615,717,3200,2483
5616,716,3200,2484
5617,716,3200,2484
5618,716,3200,2484
5619,715,3200,2485
5620,715,3200,2485
5621,715,3200,2485
5622,714,3200,2486
5623,714,3200,2486
5624,714,3200,2486
5625,713,3200,2487
5626,713,3200,2487
5627,712,3200,2488
5628,712,3200,2488
5629,712,3200,2488
5630,712,3200,2488
5631,712,3200,2488
5632,712,3200,2488
5633,712,3200,2488
5634,712,3200,2488
5635,712,3200,2488
5636,712,3200,2488
5637,711,3200,2489
5638,711,3200,2489
5639,711,3200,2489
5640,711,3200,2489
5641,710,3200,2490
5642,710,3200,2490
5643,710,3200,2490
5644,710,3200,2490
5645,710,3200,2490
5646,709,3200,2491
5647,709,3200,2491
5648,709,3200,2491
5649,709,3200,2491
5650,708,3200,2492
5651,708,3200,2492
5652,707,3200,2493
5653,707,3200,2493
5654,707,3200,2493
5655,706,3200,2494
5656,706,3200,2494
5657,706,3200,2494
5658,705,3200,2495
5659,705,3200,2495
5660,704,3200,2496
5661,703,3200,2497
5662,703,3200,2497
5663,702,3200,2498
5664,702,3200,2498
5665,702,3200,2498
5666,701,3200,2499
5667,701,3200,2499
5668,701,3200,2499
5669,701,3200,2499
5670,701,3200,2499
5671,701,3200,2499
5672,700,3200,2500
5673,700,3200,2500
5674,700,3200,2500
5675,700,3200,2500
5676,700,3200,2500
5677,700,3200,2500
5678,700,3200,2500
5679,700,3200,2500
5680,700,3200,2500
5681,700,3200,2500
5682,700,3200,2500
5683,700,3200,2500
5684,700,3200,2500
5685,699,3200,2501
5686,698,3200,2502
5687,698,3200,2502
5688,697,3200,2503
5689,697,3200,2503
5690,697,3200,2503
5691,697,3200,2503
5692,696,3200,2504
5693,696,3200,2504
5694,696,3200,2504
5695,695,3200,2505
5696,695,3200,2505
5697,694,3200,2506
5698,694,3200,2506
5699,694,3200,2506
5700,693,3200,2507
5701,693,3200,2507
5702,692,3200,2508
5703,692,3200,2508
5704,692,3200,2508
5705,692,3200,2508
5706,692,3200,2508
5707,691,3200,2509
5708,691,3200,2509
5709,691,3200,2509
5710,691,3200,2509
5711,691,3200,2509
5712,691,3200,2509
5713,691,3200,2509
5714,691,3200,2509
5715,691,3200,2509
5716,691,3200,2509
5717,691,3200,2509
5718,690,3200,2510
5719,689,3200,2511
5720,689,3200,2511
5721,689,3200,2511
5722,689,3200,2511
5723,689,3200,2511
5724,689,3200,2511
5725,689,3200,2511
5726,689,3200,2511
5727,689,3200,2511
5728,689,3200,2511
5729,688,3200,2512
5730,688,3200,2512
5731,688,3200,2512
5732,688,3200,2512
5733,687,3200,2513
5734,687,3200,2513
5735,687,3200,2513
5736,686,3200,2514
5737,686,3200,2514
5738,686,3200,2514
5739,685,3200,2515
5740,684,3200,2516
5741,684,3200,2516
5742,684,3200,2516
5743,684,3200,2516
5744,684,3200,2516
5745,684,3200,2516
5746,684,3200,2516
5747,684,3200,2516
5748,684,3200,2516
5749,684,3200,2516
5750,683,3200,2517
5751,683,3200,2517
5752,683,3200,2517
5753,683,3200,2517
5754,683,3200,2517
5755,683,3200,2517
5756,683,3200,2517
5757,683,3200,2517
5758,683,3200,2517
5759,683,3200,2517
5760,683,3200,2517
5761,682,3200,2518
5762,682,3200,2518
5763,681,3200,2519
5764,681,3200,2519
5765,680,3200,2520
5766,680,3200,2520
5767,680,3200,2520
5768,679,3200,2521
5769,679,3200,2521
5770,678,3200,2522
5771,678,3200,2522
5772,678,3200,2522
5773,678,3200,2522
5774,677,3200,2523
5775,677,3200,2523
5776,676,3200,2524
5777,676,3200,2524
5778,675,3200,2525
5779,675,3200,2525
5780,675,3200,2525
5781,675,3200,2525
5782,675,3200,2525
5783,674,3200,2526
5784,673,3200,2527
5785,673,3200,2527
5786,673,3200,2527
5787,672,3200,2528
5788,672,3200,2528
5789,672,3200,2528
5790,672,3200,2528
5791,672,3200,2528
5792,672,3200,2528
5793,671,3200,2529
5794,671,3200,2529
5795,671,3200,2529
5796,671,3200,2529
5797,670,3200,2530
5798,670,3200,2530
5799,670,3200,2530
5800,670,3200,2530
5801,670,3200,2530
5802,669,3200,2531
5803,669,3200,2531
5804,669,3200,2531
5805,669,3200,2531
5806,669,3200,2531
5807,668,3200,2532
5808,668,3200,2532
5809,668,3200,2532
5810,668,3200,2532
5811,668,3200,2532
5812,668,3200,2532
5813,668,3200,2532
5814,668,3200,2532
5815,668,3200,2532
5816,668,3200,2532
5817,668,3200,2532
5818,668,3200,2532
5819,668,3200,2532
5820,668,3200,2532
5821,668,3200,2532
5822,668,3200,2532
5823,667,3200,2533
5824,667,3200,2533
5825,667,3200,2533
5826,667,3200,2533
5827,667,3200,2533
5828,667,3200,2533
5829,666,3200,2534
5830,666,3200,2534
5831,666,3200,2534
5832,666,3200,2534
5833,666,3200,2534
5834,666,3200,2534
5835,666,3200,2534
5836,666,3200,2534
5837,666,3200,2534
5838,666,3200,2534
5839,666,3200,2534
5840,665,3200,2535
5841,665,3200,2535
5842,664,3200,2536
5843,664,3200,2536
5844,664,3200,2536
5845,663,3200,2537
5846,663,3200,2537
5847,663,3200,2537
5848,663,3200,2537
5849,662,3200,2538
5850,662,3200,2538
5851,662,3200,2538
5852,661,3200,2539
5853,661,3200,2539
5854,661,3200,2539
5855,661,3200,2539
5856,661,3200,2539
5857,661,3200,2539
5858,660,3200,2540
5859,659,3200,2541
5860,659,3200,2541
5861,659,3200,2541
5862,659,3200,2541
5863,658,3200,2542
5864,658,3200,2542
5865,657,3200,2543
5866,657,3200,2543
5867,657,3200,2543
5868,656,3200,2544
5869,656,3200,2544
5870,656,3200,2544
5871,655,3200,2545
5872,655,3200,2545
5873,654,3200,2546
5874,654,3200,2546
5875,654,3200,2546
5876,653,3200,2547
5877,653,3200,2547
5878,653,3200,2547
5879,653,3200,2547
5880,652,3200,2548
5881,652,3200,2548
5882,651,3200,2549
5883,651,3200,2549
5884,651,3200,2549
5885,650,3200,2550
5886,650,3200,2550
5887,650,3200,2550
5888,650,3200,2550
5889,650,3200,2550
5890,650,3200,2550
5891,650,3200,2550
5892,649,3200,2551
5893,649,3200,2551
5894,649,3200,2551
5895,649,3200,2551
5896,649,3200,2551
5897,649,3200,2551
5898,649,3200,2551
5899,649,3200,2551
5900,648,3200,2552
5901,648,3200,2552
5902,647,3200,2553
5903,647,3200,2553
5904,647,3200,2553
5905,646,3200,2554
5906,646,3200,2554
5907,645,3200,2555
5908,645,3200,2555
5909,645,3200,2555
5910,645,3200,2555
5911,644,3200,2556
5912,644,3200,2556
5913,644,3200,2556
5914,644,3200,2556
5915,644,3200,2556
5916,644,3200,2556
5917,644,3200,2556
5918,643,3200,2557
5919,642,3200,2558
5920,642,3200,2558
5921,641,3200,2559
5922,641,3200,2559
5923,641,3200,2559
5924,640,3200,2560
5925,640,3200,2560
5926,640,3200,2560
5927,640,3200,2560
5928,640,3200,2560
5929,639,3200,2561
5930,639,3200,2561
5931,638,3200,2562
5932,638,3200,2562
5933,638,3200,2562
5934,638,3200,2562
5935,638,3200,2562
5936,638,3200,2562
5937,638,3200,2562
5938,638,3200,2562
5939,638,3200,2562
5940,638,3200,2562
5941,638,3200,2562
5942,638,3200,2562
5943,638,3200,2562
5944,638,3200,2562
5945,637,3200,2563
5946,637,3200,2563
5947,637,3200,2563
5948,637,3200,2563
5949,636,3200,2564
5950,636,3200,2564
5951,635,3200,2565
5952,635,3200,2565
5953,635,3200,2565
5954,635,3200,2565
5955,635,3200,2565
5956,634,3200,2566
5957,634,3200,2566
5958,634,3200,2566
5959,634,3200,2566
5960,634,3200,2566
5961,633,3200,2567
5962,633,3200,2567
5963,632,3200,2568
5964,631,3200,2569
5965,631,3200,2569
5966,630,3200,2570
5967,630,3200,2570
5968,629,3200,2571
5969,629,3200,2571
5970,629,3200,2571
5971,629,3200,2571
5972,628,3200,2572
5973,628,3200,2572
5974,627,3200,2573
5975,627,3200,2573
5976,627,3200,2573
5977,626,3200,2574
5978,626,3200,2574
5979,626,3200,2574
5980,626,3200,2574
5981,626,3200,2574
5982,626,3200,2574
5983,626,3200,2574
5984,625,3200,2575
5985,625,3200,2575
5986,625,3200,2575
5987,625,3200,2575
5988,624,3200,2576
5989,624,3200,2576
5990,624,3200,2576
5991,623,3200,2577
5992,622,3200,2578
5993,622,3200,2578
5994,622,3200,2578
5995,621,3200,2579
5996,621,3200,2579
5997,621,3200,2579
5998,621,3200,2579
5999,621,3200,2579
6000,620,3200,2580
6001,620,3200,2580
6002,620,3200,2580
6003,619,3200,2581
6004,619,3200,2581
6005,619,3200,2581
6006,619,3200,2581
6007,619,3200,2581
6008,619,3200,2581
6009,618,3200,2582
6010,618,3200,2582
6011,618,3200,2582
6012,617,3200,2583
6013,617,3200,2583
6014,616,3200,2584
6015,616,3200,2584
6016,616,3200,2584
6017,616,3200,2584
6018,616,3200,2584
6019,616,3200,2584
6020,616,3200,2584
6021,616,3200,2584
6022,615,3200,2585
6023,614,3200,2586
6024,614,3200,2586
6025,613,3200,2587
6026,612,3200,2588
6027,612,3200,2588
6028,611,3200,2589
6029,611,3200,2589
6030,611,3200,2589
6031,609,3200,2591
6032,609,3200,2591
6033,608,3200,2592
6034,607,3200,2593
6035,607,3200,2593
6036,607,3200,2593
6037,605,3200,2595
6038,605,3200,2595
6039,605,3200,2595
6040,605,3200,2595
6041,604,3200,2596
6042,603,3200,2597
6043,603,3200,2597
6044,601,3200,2599
6045,601,3200,2599
6046,600,3200,2600
6047,600,3200,2600
6048,600,3200,2600
6049,599,3200,2601
6050,598,3200,2602
6051,597,3200,2603
6052,596,3200,2604
6053,596,3200,2604
6054,596,3200,2604
6055,596,3200,2604
6056,595,3200,2605
6057,595,3200,2605
6058,593,3200,2607
6059,593,3200,2607
6060,593,3200,2607
6061,593,3200,2607
6062,593,3200,2607
6063,593,3200,2607
6064,593,3200,2607
6065,593,3200,2607
6066,592,3200,2608
6067,592,3200,2608
6068,592,3200,2608
6069,592,3200,2608
6070,591,3200,2609
6071,591,3200,2609
6072,591,3200,2609
6073,590,3200,2610
6074,590,3200,2610
6075,590,3200,2610
6076,590,3200,2610
6077,589,3200,2611
6078,588,3200,2612
6079,587,3200,2613
6080,586,3200,2614
6081,586,3200,2614
6082,585,3200,2615
6083,585,3200,2615
6084,584,3200,2616
6085,584,3200,2616
6086,583,3200,2617
6087,583,3200,2617
6088,583,3200,2617
6089,582,3200,2618
6090,581,3200,2619
6091,581,3200,2619
6092,581,3200,2619
6093,580,3200,2620
6094,579,3200,2621
6095,579,3200,2621
6096,578,3200,2622
6097,578,3200,2622
6098,578,3200,2622
6099,576,3200,2624
6100,576,3200,2624
6101,575,3200,2625
6102,575,3200,2625
6103,575,3200,2625
6104,574,3200,2626
6105,574,3200,2626
6106,574,3200,2626
6107,574,3200,2626
6108,574,3200,2626
6109,573,3200,2627
6110,572,3200,2628
6111,572,3200,2628
6112,571,3200,2629
6113,570,3200,2630
6114,570,3200,2630
6115,569,3200,2631
6116,568,3200,2632
6117,568,3200,2632
6118,567,3200,2633
6119,567,3200,2633
6120,567,3200,2633
6121,566,3200,2634
6122,565,3200,2635
6123,565,3200,2635
6124,565,3200,2635
6125,565,3200,2635
6126,563,3200,2637
6127,563,3200,2637
6128,561,3200,2639
6129,561,3200,2639
6130,561,3200,2639
6131,560,3200,2640
6132,559,3200,2641
6133,559,3200,2641
6134,559,3200,2641
6135,559,3200,2641
6136,557,3200,2643
6137,557,3200,2643
6138,556,3200,2644
6139,556,3200,2644
6140,554,3200,2646
6141,554,3200,2646
6142,554,3200,2646
6143,554,3200,2646
6144,553,3200,2647
6145,553,3200,2647
6146,553,3200,2647
6147,553,3200,2647
6148,552,3200,2648
6149,552,3200,2648
6150,550,3200,2650
6151,550,3200,2650
6152,550,3200,2650
6153,549,3200,2651
6154,549,3200,2651
6155,548,3200,2652
6156,548,3200,2652
6157,546,3200,2654
6158,546,3200,2654
6159,545,3200,2655
6160,544,3200,2656
6161,544,3200,2656
6162,544,3200,2656
6163,544,3200,2656
6164,544,3200,2656
6165,544,3200,2656
6166,543,3200,2657
6167,543,3200,2657
6168,543,3200,2657
6169,541,3200,2659
6170,541,3200,2659
6171,541,3200,2659
6172,541,3200,2659
6173,541,3200,2659
6174,540,3200,2660
6175,540,3200,2660
6176,539,3200,2661
6177,538,3200,2662
6178,537,3200,2663
6179,537,3200,2663
6180,536,3200,2664
6181,535,3200,2665
6182,534,3200,2666
6183,533,3200,2667
6184,532,3200,2668
6185,532,3200,2668
6186,531,3200,2669
6187,531,3200,2669
6188,530,3200,2670
6189,530,3200,2670
6190,530,3200,2670
6191,530,3200,2670
6192,530,3200,2670
6193,530,3200,2670
6194,530,3200,2670
6195,530,3200,2670
6196,530,3200,2670
6197,529,3200,2671
6198,529,3200,2671
6199,528,3200,2672
6200,527,3200,2673
6201,527,3200,2673
6202,526,3200,2674
6203,526,3200,2674
6204,525,3200,2675
6205,524,3200,2676
6206,524,3200,2676
6207,524,3200,2676
6208,524,3200,2676
6209,523,3200,2677
6210,523,3200,2677
6211,521,3200,2679
6212,521,3200,2679
6213,519,3200,2681
6214,519,3200,2681
6215,519,3200,2681
6216,519,3200,2681
6217,518,3200,2682
6218,517,3200,2683
6219,516,3200,2684
6220,515,3200,2685
6221,515,3200,2685
6222,514,3200,2686
6223,514,3200,2686
6224,514,3200,2686
6225,514,3200,2686
6226,514,3200,2686
6227,514,3200,2686
6228,514,3200,2686
6229,513,3200,2687
6230,513,3200,2687
6231,513,3200,2687
6232,513,3200,2687
6233,513,3200,2687
6234,513,3200,2687
6235,512,3200,2688
6236,511,3200,2689
6237,510,3200,2690
6238,510,3200,2690
6239,509,3200,2691
6240,508,3200,2692
6241,507,3200,2693
6242,506,3200,2694
6243,506,3200,2694
6244,506,3200,2694
6245,505,3200,2695
6246,504,3200,2696
6247,504,3200,2696
6248,504,3200,2696
6249,503,3200,2697
6250,502,3200,2698
6251,502,3200,2698
6252,502,3200,2698
6253,501,3200,2699
6254,501,3200,2699
6255,500,3200,2700
6256,500,3200,2700
6257,500,3200,2700
6258,500,3200,2700
6259,500,3200,2700
6260,499,3200,2701
6261,499,3200,2701
6262,499,3200,2701
6263,499,3200,2701
6264,498,3200,2702
6265,498,3200,2702
6266,496,3200,2704
6267,495,3200,2705
6268,494,3200,2706
6269,494,3200,2706
6270,494,3200,2706
6271,494,3200,2706
6272,494,3200,2706
6273,494,3200,2706
6274,493,3200,2707
6275,493,3200,2707
6276,493,3200,2707
6277,492,3200,2708
6278,491,3200,2709
6279,491,3200,2709
6280,490,3200,2710
6281,489,3200,2711
6282,489,3200,2711
6283,488,3200,2712
6284,487,3200,2713
6285,487,3200,2713
6286,486,3200,2714
6287,486,3200,2714
6288,486,3200,2714
6289,486,3200,2714
6290,486,3200,2714
6291,486,3200,2714
6292,486,3200,2714
6293,486,3200,2714
6294,486,3200,2714
6295,485,3200,2715
6296,485,3200,2715
6297,485,3200,2715
6298,484,3200,2716
6299,484,3200,2716
6300,483,3200,2717
6301,483,3200,2717
6302,483,3200,2717
6303,483,3200,2717
6304,483,3200,2717
6305,483,3200,2717
6306,483,3200,2717
6307,483,3200,2717
6308,483,3200,2717
6309,483,3200,2717
6310,483,3200,2717
6311,483,3200,2717
6312,483,3200,2717
6313,483,3200,2717
6314,483,3200,2717
6315,482,3200,2718
6316,482,3200,2718
6317,482,3200,2718
6318,482,3200,2718
6319,482,3200,2718
6320,482,3200,2718
6321,482,3200,2718
6322,482,3200,2718
6323,482,3200,2718
6324,482,3200,2718
6325,482,3200,2718
6326,482,3200,2718
6327,482,3200,2718
6328,482,3200,2718
6329,482,3200,2718
6330,482,3200,2718
6331,482,3200,2718
6332,482,3200,2718
6333,482,3200,2718
6334,482,3200,2718
6335,482,3200,2718
6336,482,3200,2718
6337,482,3200,2718
6338,482,3200,2718
6339,482,3200,2718
6340,482,3200,2718
6341,482,3200,2718
6342,482,3200,2718
6343,482,3200,2718
6344,482,3200,2718
6345,482,3200,2718
6346,482,3200,2718
6347,482,3200,2718
6348,482,3200,2718
6349,482,3200,2718
6350,482,3200,2718
6351,482,3200,2718
6352,482,3200,2718
6353,482,3200,2718
6354,482,3200,2718
6355,482,3200,2718
6356,482,3200,2718
6357,482,3200,2718
6358,482,3200,2718
6359,482,3200,2718
6360,482,3200,2718
6361,482,3200,2718
6362,482,3200,2718
6363,482,3200,2718
6364,482,3200,2718
6365,482,3200,2718
6366,482,3200,2718
6367,482,3200,2718
6368,482,3200,2718
6369,482,3200,2718
6370,482,3200,2718
6371,482,3200,2718
6372,482,3200,2718
6373,482,3200,2718
6374,482,3200,2718
6375,482,3200,2718
6376,482,3200,2718
6377,482,3200,2718
6378,482,3200,2718
6379,482,3200,2718
6380,482,3200,2718
6381,482,3200,2718
6382,482,3200,2718
6383,482,3200,2718
6384,482,3200,2718
6385,482,3200,2718
6386,482,3200,2718
6387,482,3200,2718
6388,482,3200,2718
6389,482,3200,2718
6390,482,3200,2718
6391,482,3200,2718
6392,482,3200,2718
6393,482,3200,2718
6394,482,3200,2718
6395,482,3200,2718
6396,482,3200,2718
6397,482,3200,2718
6398,482,3200,2718
6399,482,3200,2718
6400,482,3200,2718
6401,482,3200,2718
6402,482,3200,2718
6403,482,3200,2718
6404,482,3200,2718
6405,482,3200,2718
6406,482,3200,2718
6407,482,3200,2718
6408,482,3200,2718
6409,482,3200,2718
6410,482,3200,2718
6411,482,3200,2718
6412,482,3200,2718
6413,482,3200,2718
6414,482,3200,2718
6415,482,3200,2718
6416,482,3200,2718
6417,482,3200,2718
6418,482,3200,2718
6419,482,3200,2718
6420,482,3200,2718
6421,482,3200,2718
6422,482,3200,2718
6423,482,3200,2718
6424,482,3200,2718
6425,482,3200,2718
6426,482,3200,2718
6427,482,3200,2718
6428,482,3200,2718
6429,482,3200,2718
6430,482,3200,2718
6431,482,3200,2718
6432,482,3200,2718
6433,482,3200,2718
6434,482,3200,2718
6435,482,3200,2718
6436,482,3200,2718
6437,482,3200,2718
6438,482,3200,2718
6439,482,3200,2718
6440,482,3200,2718
6441,482,3200,2718
6442,482,3200,2718
6443,482,3200,2718
6444,482,3200,2718
6445,482,3200,2718
6446,482,3200,2718
6447,482,3200,2718
6448,482,3200,2718
6449,482,3200,2718
6450,482,3200,2718
6451,482,3200,2718
6452,482,3200,2718
6453,482,3200,2718
6454,482,3200,2718
6455,482,3200,2718
6456,482,3200,2718
6457,482,3200,2718
6458,482,3200,2718
6459,482,3200,2718
6460,482,3200,2718
6461,482,3200,2718
6462,482,3200,2718
6463,482,3200,2718
6464,482,3200,2718
6465,482,3200,2718
6466,482,3200,2718
6467,482,3200,2718
6468,482,3200,2718
6469,482,3200,2718
6470,482,3200,2718
6471,482,3200,2718
6472,482,3200,2718
6473,482,3200,2718
6474,482,3200,2718
6475,482,3200,2718
6476,482,3200,2718
6477,482,3200,2718
6478,482,3200,2718
6479,482,3200,2718
6480,482,3200,2718
6481,482,3200,2718
6482,482,3200,2718
6483,482,3200,2718
6484,482,3200,2718
6485,482,3200,2718
6486,482,3200,2718
6487,482,3200,2718
6488,482,3200,2718
6489,482,3200,2718
6490,482,3200,2718
6491,482,3200,2718
6492,482,3200,2718
6493,482,3200,2718
6494,482,3200,2718
6495,482,3200,2718
6496,482,3200,2718
6497,482,3200,2718
6498,482,3200,2718
6499,482,3200,2718
6500,482,3200,2718
6501,482,3200,2718
6502,482,3200,2718
6503,482,3200,2718
6504,482,3200,2718
6505,482,3200,2718
6506,482,3200,2718
6507,482,3200,2718
6508,482,3200,2718
6509,482,3200,2718
6510,482,3200,2718
6511,482,3200,2718
6512,482,3200,2718
6513,482,3200,2718
6514,482,3200,2718
6515,482,3200,2718
6516,482,3200,2718
6517,482,3200,2718
6518,482,3200,2718
6519,482,3200,2718
6520,482,3200,2718
6521,482,3200,2718
6522,482,3200,2718
6523,482,3200,2718
6524,482,3200,2718
6525,482,3200,2718
6526,482,3200,2718
6527,482,3200,2718
6528,482,3200,2718
6529,482,3200,2718
6530,482,3200,2718
6531,482,3200,2718
6532,482,3200,2718
6533,482,3200,2718
6534,482,3200,2718
6535,482,3200,2718
6536,482,3200,2718
6537,482,3200,2718
6538,482,3200,2718
6539,482,3200,2718
6540,482,3200,2718
6541,482,3200,2718
6542,482,3200,2718
6543,482,3200,2718
6544,482,3200,2718
6545,482,3200,2718
6546,482,3200,2718
6547,482,3200,2718
6548,482,3200,2718
6549,482,3200,2718
6550,482,3200,2718
6551,482,3200,2718
6552,482,3200,2718
6553,482,3200,2718
6554,482,3200,2718
6555,482,3200,2718
6556,482,3200,2718
6557,482,3200,2718
6558,482,3200,2718
6559,482,3200,2718
6560,482,3200,2718
6561,482,3200,2718
6562,482,3200,2718
6563,482,3200,2718
6564,482,3200,2718
6565,482,3200,2718
6566,482,3200,2718
6567,482,3200,2718
6568,482,3200,2718
6569,482,3200,2718
6570,482,3200,2718
6571,482,3200,2718
6572,482,3200,2718
6573,482,3200,2718
6574,482,3200,2718
6575,482,3200,2718
6576,482,3200,2718
6577,482,3200,2718
6578,482,3200,2718
6579,482,3200,2718
6580,482,3200,2718
6581,482,3200,2718
6582,482,3200,2718
6583,482,3200,2718
6584,482,3200,2718
6585,482,3200,2718
6586,482,3200,2718
6587,482,3200,2718
6588,482,3200,2718
6589,482,3200,2718
6590,482,3200,2718
6591,482,3200,2718
6592,482,3200,2718
6593,482,3200,2718
6594,482,3200,2718
6595,482,3200,2718
6596,482,3200,2718
6597,482,3200,2718
6598,482,3200,2718
6599,482,3200,2718
6600,482,3200,2718
6601,482,3200,2718
6602,482,3200,2718
6603,482,3200,2718
6604,482,3200,2718
6605,482,3200,2718
6606,482,3200,2718
6607,482,3200,2718
6608,482,3200,2718
6609,482,3200,2718
6610,482,3200,2718
6611,482,3200,2718
6612,482,3200,2718
6613,482,3200,2718
6614,482,3200,2718
6615,482,3200,2718
6616,482,3200,2718
6617,482,3200,2718
6618,482,3200,2718
6619,482,3200,2718
6620,481,3200,2719
6621,481,3200,2719
6622,481,3200,2719
6623,480,3200,2720
6624,479,3200,2721
6625,479,3200,2721
6626,479,3200,2721
6627,479,3200,2721
6628,479,3200,2721
6629,479,3200,2721
6630,479,3200,2721
6631,479,3200,2721
6632,479,3200,2721
6633,479,3200,2721
6634,479,3200,2721
6635,479,3200,2721
6636,479,3200,2721
6637,479,3200,2721
6638,479,3200,2721
6639,478,3200,2722
6640,477,3200,2723
6641,477,3200,2723
6642,476,3200,2724
6643,476,3200,2724
6644,476,3200,2724
6645,476,3200,2724
6646,476,3200,2724
6647,476,3200,2724
6648,475,3200,2725
6649,475,3200,2725
6650,475,3200,2725
6651,475,3200,2725
6652,474,3200,2726
6653,473,3200,2727
6654,473,3200,2727
6655,473,3200,2727
6656,473,3200,2727
6657,473,3200,2727
6658,473,3200,2727
6659,473,3200,2727
6660,473,3200,2727
6661,473,3200,2727
6662,472,3200,2728
6663,472,3200,2728
6664,472,3200,2728
6665,471,3200,2729
6666,471,3200,2729
6667,470,3200,2730
6668,470,3200,2730
6669,470,3200,2730
6670,470,3200,2730
6671,470,3200,2730
6672,470,3200,2730
6673,470,3200,2730
6674,470,3200,2730
6675,470,3200,2730
6676,470,3200,2730
6677,470,3200,2730
6678,470,3200,2730
6679,470,3200,2730
6680,470,3200,2730
6681,470,3200,2730
6682,469,3200,2731
6683,469,3200,2731
6684,469,3200,2731
6685,468,3200,2732
6686,468,3200,2732
6687,468,3200,2732
6688,467,3200,2733
6689,467,3200,2733
6690,466,3200,2734
6691,466,3200,2734
6692,466,3200,2734
6693,466,3200,2734
6694,466,3200,2734
6695,466,3200,2734
6696,465,3200,2735
6697,465,3200,2735
6698,465,3200,2735
6699,465,3200,2735
6700,464,3200,2736
6701,463,3200,2737
6702,463,3200,2737
6703,463,3200,2737
6704,462,3200,2738
6705,461,3200,2739
6706,461,3200,2739
6707,461,3200,2739
6708,461,3200,2739
6709,461,3200,2739
6710,461,3200,2739
6711,460,3200,2740
6712,460,3200,2740
6713,459,3200,2741
6714,459,3200,2741
6715,459,3200,2741
6716,459,3200,2741
6717,459,3200,2741
6718,459,3200,2741
6719,459,3200,2741
6720,459,3200,2741
6721,459,3200,2741
6722,459,3200,2741
6723,459,3200,2741
6724,459,3200,2741
6725,459,3200,2741
6726,459,3200,2741
6727,459,3200,2741
6728,459,3200,2741
6729,459,3200,2741
6730,458,3200,2742
6731,458,3200,2742
6732,457,3200,2743
6733,457,3200,2743
6734,456,3200,2744
6735,456,3200,2744
6736,456,3200,2744
6737,456,3200,2744
6738,455,3200,2745
6739,455,3200,2745
6740,455,3200,2745
6741,454,3200,2746
6742,454,3200,2746
6743,454,3200,2746
6744,454,3200,2746
6745,454,3200,2746
6746,454,3200,2746
6747,454,3200,2746
6748,454,3200,2746
6749,453,3200,2747
6750,453,3200,2747
6751,453,3200,2747
6752,453,3200,2747
6753,452,3200,2748
6754,452,3200,2748
6755,452,3200,2748
6756,452,3200,2748
6757,451,3200,2749
6758,451,3200,2749
6759,451,3200,2749
6760,451,3200,2749
6761,451,3200,2749
6762,451,3200,2749
6763,451,3200,2749
6764,451,3200,2749
6765,451,3200,2749
6766,451,3200,2749
6767,450,3200,2750
6768,450,3200,2750
6769,449,3200,2751
6770,449,3200,2751
6771,448,3200,2752
6772,448,3200,2752
6773,448,3200,2752
6774,448,3200,2752
6775,448,3200,2752
6776,447,3200,2753
6777,446,3200,2754
6778,446,3200,2754
6779,446,3200,2754
6780,445,3200,2755
6781,444,3200,2756
6782,444,3200,2756
6783,444,3200,2756
6784,443,3200,2757
6785,443,3200,2757
6786,443,3200,2757
6787,443,3200,2757
6788,443,3200,2757
6789,442,3200,2758
6790,442,3200,2758
6791,442,3200,2758
6792,442,3200,2758
6793,442,3200,2758
6794,442,3200,2758
6795,442,3200,2758
6796,442,3200,2758
6797,441,3200,2759
6798,440,3200,2760
6799,440,3200,2760
6800,440,3200,2760
6801,440,3200,2760
6802,440,3200,2760
6803,439,3200,2761
6804,438,3200,2762
6805,438,3200,2762
6806,438,3200,2762
6807,438,3200,2762
6808,438,3200,2762
6809,438,3200,2762
6810,438,3200,2762
6811,438,3200,2762
6812,438,3200,2762
6813,437,3200,2763
6814,437,3200,2763
6815,437,3200,2763
6816,436,3200,2764
6817,436,3200,2764
6818,436,3200,2764
6819,436,3200,2764
6820,435,3200,2765
6821,435,3200,2765
6822,434,3200,2766
6823,434,3200,2766
6824,433,3200,2767
6825,433,3200,2767
6826,433,3200,2767
6827,432,3200,2768
6828,432,3200,2768
6829,432,3200,2768
6830,432,3200,2768
6831,432,3200,2768
6832,432,3200,2768
6833,432,3200,2768
6834,432,3200,2768
6835,431,3200,2769
6836,431,3200,2769
6837,430,3200,2770
6838,430,3200,2770
6839,430,3200,2770
6840,430,3200,2770
6841,430,3200,2770
6842,429,3200,2771
6843,429,3200,2771
6844,429,3200,2771
6845,428,3200,2772
6846,428,3200,2772
6847,428,3200,2772
6848,428,3200,2772
6849,427,3200,2773
6850,427,3200,2773
6851,427,3200,2773
6852,427,3200,2773
6853,427,3200,2773
6854,427,3200,2773
6855,427,3200,2773
6856,427,3200,2773
6857,427,3200,2773
6858,427,3200,2773
6859,426,3200,2774
6860,426,3200,2774
6861,426,3200,2774
6862,425,3200,2775
6863,425,3200,2775
6864,425,3200,2775
6865,424,3200,2776
6866,424,3200,2776
6867,423,3200,2777
6868,423,3200,2777
6869,423,3200,2777
6870,423,3200,2777
6871,422,3200,2778
6872,422,3200,2778
6873,421,3200,2779
6874,421,3200,2779
6875,420,3200,2780
6876,420,3200,2780
6877,420,3200,2780
6878,420,3200,2780
6879,419,3200,2781
6880,418,3200,2782
6881,418,3200,2782
6882,418,3200,2782
6883,418,3200,2782
6884,418,3200,2782
6885,418,3200,2782
6886,418,3200,2782
6887,418,3200,2782
6888,418,3200,2782
6889,417,3200,2783
6890,417,3200,2783
6891,417,3200,2783
6892,417,3200,2783
6893,417,3200,2783
6894,417,3200,2783
6895,417,3200,2783
6896,417,3200,2783
6897,417,3200,2783
6898,417,3200,2783
6899,417,3200,2783
6900,417,3200,2783
6901,417,3200,2783
6902,417,3200,2783
6903,416,3200,2784
6904,416,3200,2784
6905,416,3200,2784
6906,416,3200,2784
6907,416,3200,2784
6908,416,3200,2784
6909,416,3200,2784
6910,416,3200,2784
6911,415,3200,2785
6912,415,3200,2785
6913,414,3200,2786
6914,414,3200,2786
6915,414,3200,2786
6916,413,3200,2787
6917,413,3200,2787
6918,412,3200,2788
6919,412,3200,2788
6920,412,3200,2788
6921,412,3200,2788
6922,412,3200,2788
6923,412,3200,2788
6924,411,3200,2789
6925,411,3200,2789
6926,411,3200,2789
6927,411,3200,2789
6928,411,3200,2789
6929,411,3200,2789
6930,411,3200,2789
6931,411,3200,2789
6932,410,3200,2790
6933,410,3200,2790
6934,409,3200,2791
6935,409,3200,2791
6936,408,3200,2792
6937,408,3200,2792
6938,408,3200,2792
6939,407,3200,2793
6940,407,3200,2793
6941,407,3200,2793
6942,407,3200,2793
6943,406,3200,2794
6944,406,3200,2794
6945,405,3200,2795
6946,405,3200,2795
6947,405,3200,2795
6948,405,3200,2795
6949,405,3200,2795
6950,405,3200,2795
6951,405,3200,2795
6952,405,3200,2795
6953,405,3200,2795
6954,405,3200,2795
6955,405,3200,2795
6956,405,3200,2795
6957,405,3200,2795
6958,405,3200,2795
6959,405,3200,2795
6960,404,3200,2796
6961,404,3200,2796
6962,403,3200,2797
6963,402,3200,2798
6964,402,3200,2798
6965,402,3200,2798
6966,401,3200,2799
6967,401,3200,2799
6968,401,3200,2799
6969,400,3200,2800
6970,400,3200,2800
6971,399,3200,2801
6972,399,3200,2801
6973,398,3200,2802
6974,398,3200,2802
6975,398,3200,2802
6976,398,3200,2802
6977,398,3200,2802
6978,397,3200,2803
6979,397,3200,2803
6980,396,3200,2804
6981,396,3200,2804
6982,395,3200,2805
6983,394,3200,2806
6984,394,3200,2806
6985,394,3200,2806
6986,394,3200,2806
6987,394,3200,2806
6988,394,3200,2806
6989,393,3200,2807
6990,393,3200,2807
6991,393,3200,2807
6992,393,3200,2807
6993,393,3200,2807
6994,393,3200,2807
6995,393,3200,2807
6996,393,3200,2807
6997,393,3200,2807
6998,393,3200,2807
6999,393,3200,2807
7000,393,3200,2807
7001,392,3200,2808
7002,392,3200,2808
7003,392,3200,2808
7004,391,3200,2809
7005,391,3200,2809
7006,391,3200,2809
7007,391,3200,2809
7008,391,3200,2809
7009,391,3200,2809
7010,391,3200,2809
7011,391,3200,2809
7012,391,3200,2809
7013,390,3200,2810
7014,390,3200,2810
7015,390,3200,2810
7016,389,3200,2811
7017,388,3200,2812
7018,388,3200,2812
7019,388,3200,2812
7020,388,3200,2812
7021,388,3200,2812
7022,388,3200,2812
7023,387,3200,2813
7024,387,3200,2813
7025,387,3200,2813
7026,386,3200,2814
7027,386,3200,2814
7028,385,3200,2815
7029,385,3200,2815
7030,385,3200,2815
7031,385,3200,2815
7032,385,3200,2815
7033,385,3200,2815
7034,385,3200,2815
7035,385,3200,2815
7036,384,3200,2816
7037,384,3200,2816
7038,384,3200,2816
7039,384,3200,2816
7040,384,3200,2816
7041,384,3200,2816
7042,384,3200,2816
7043,384,3200,2816
7044,384,3200,2816
7045,384,3200,2816
7046,384,3200,2816
7047,383,3200,2817
7048,383,3200,2817
7049,383,3200,2817
7050,382,3200,2818
7051,382,3200,2818
7052,382,3200,2818
7053,381,3200,2819
7054,381,3200,2819
7055,381,3200,2819
7056,381,3200,2819
7057,380,3200,2820
7058,380,3200,2820
7059,380,3200,2820
7060,379,3200,2821
7061,379,3200,2821
7062,378,3200,2822
7063,378,3200,2822
7064,378,3200,2822
7065,377,3200,2823
7066,377,3200,2823
7067,376,3200,2824
7068,376,3200,2824
7069,375,3200,2825
7070,375,3200,2825
7071,375,3200,2825
7072,375,3200,2825
7073,375,3200,2825
7074,375,3200,2825
7075,375,3200,2825
7076,375,3200,2825
7077,374,3200,2826
7078,374,3200,2826
7079,374,3200,2826
7080,374,3200,2826
7081,374,3200,2826
7082,374,3200,2826
7083,373,3200,2827
7084,373,3200,2827
7085,373,3200,2827
7086,373,3200,2827
7087,373,3200,2827
7088,373,3200,2827
7089,373,3200,2827
7090,373,3200,2827
7091,373,3200,2827
7092,373,3200,2827
7093,373,3200,2827
7094,372,3200,2828
7095,372,3200,2828
7096,371,3200,2829
7097,371,3200,2829
7098,371,3200,2829
7099,371,3200,2829
7100,370,3200,2830
7101,369,3200,2831
7102,369,3200,2831
7103,369,3200,2831
7104,369,3200,2831
7105,368,3200,2832
7106,368,3200,2832
7107,367,3200,2833
7108,367,3200,2833
7109,367,3200,2833
7110,367,3200,2833
7111,367,3200,2833
7112,367,3200,2833
7113,367,3200,2833
7114,366,3200,2834
7115,365,3200,2835
7116,365,3200,2835
7117,365,3200,2835
7118,365,3200,2835
7119,365,3200,2835
7120,364,3200,2836
7121,364,3200,2836
7122,364,3200,2836
7123,363,3200,2837
7124,362,3200,2838
7125,361,3200,2839
7126,361,3200,2839
7127,361,3200,2839
7128,360,3200,2840
7129,360,3200,2840
7130,359,3200,2841
7131,359,3200,2841
7132,359,3200,2841
7133,358,3200,2842
7134,357,3200,2843
7135,357,3200,2843
7136,357,3200,2843
7137,357,3200,2843
7138,357,3200,2843
7139,357,3200,2843
7140,357,3200,2843
7141,356,3200,2844
7142,356,3200,2844
7143,356,3200,2844
7144,356,3200,2844
7145,355,3200,2845
7146,355,3200,2845
7147,355,3200,2845
7148,355,3200,2845
7149,355,3200,2845
7150,355,3200,2845
7151,355,3200,2845
7152,355,3200,2845
7153,355,3200,2845
7154,355,3200,2845
7155,355,3200,2845
7156,354,3200,2846
7157,354,3200,2846
7158,354,3200,2846
7159,354,3200,2846
7160,354,3200,2846
7161,353,3200,2847
7162,353,3200,2847
7163,352,3200,2848
7164,352,3200,2848
7165,352,3200,2848
7166,352,3200,2848
7167,352,3200,2848
7168,352,3200,2848
7169,351,3200,2849
7170,351,3200,2849
7171,351,3200,2849
7172,351,3200,2849
7173,351,3200,2849
7174,350,3200,2850
7175,349,3200,2851
7176,349,3200,2851
7177,349,3200,2851
7178,348,3200,2852
7179,348,3200,2852
7180,348,3200,2852
7181,347,3200,2853
7182,347,3200,2853
7183,347,3200,2853
7184,347,3200,2853
7185,347,3200,2853
7186,347,3200,2853
7187,347,3200,2853
7188,347,3200,2853
7189,347,3200,2853
7190,347,3200,2853
7191,347,3200,2853
7192,347,3200,2853
7193,347,3200,2853
7194,347,3200,2853
7195,347,3200,2853
7196,347,3200,2853
7197,346,3200,2854
7198,346,3200,2854
7199,346,3200,2854
7200,346,3200,2854
7201,345,3200,2855
7202,345,3200,2855
7203,344,3200,2856
7204,344,3200,2856
7205,344,3200,2856
7206,344,3200,2856
7207,344,3200,2856
7208,344,3200,2856
7209,343,3200,2857
7210,343,3200,2857
7211,343,3200,2857
7212,342,3200,2858
7213,342,3200,2858
7214,342,3200,2858
7215,341,3200,2859
7216,341,3200,2859
7217,340,3200,2860
7218,340,3200,2860
7219,340,3200,2860
7220,340,3200,2860
7221,340,3200,2860
7222,340,3200,2860
7223,340,3200,2860
7224,340,3200,2860
7225,340,3200,2860
7226,340,3200,2860
7227,340,3200,2860
7228,340,3200,2860
7229,340,3200,2860
7230,339,3200,2861
7231,339,3200,2861
7232,339,3200,2861
7233,338,3200,2862
7234,338,3200,2862
7235,337,3200,2863
7236,337,3200,2863
7237,337,3200,2863
7238,337,3200,2863
7239,337,3200,2863
7240,336,3200,2864
7241,336,3200,2864
7242,336,3200,2864
7243,335,3200,2865
7244,335,3200,2865
7245,335,3200,2865
7246,334,3200,2866
7247,334,3200,2866
7248,334,3200,2866
7249,334,3200,2866
7250,334,3200,2866
7251,334,3200,2866
7252,334,3200,2866
7253,334,3200,2866
7254,334,3200,2866
7255,334,3200,2866
7256,333,3200,2867
7257,333,3200,2867
7258,333,3200,2867
7259,333,3200,2867
7260,332,3200,2868
7261,332,3200,2868
7262,332,3200,2868
7263,332,3200,2868
7264,331,3200,2869
7265,331,3200,2869
7266,330,3200,2870
7267,330,3200,2870
7268,329,3200,2871
7269,329,3200,2871
7270,328,3200,2872
7271,328,3200,2872
7272,328,3200,2872
7273,328,3200,2872
7274,328,3200,2872
7275,328,3200,2872
7276,328,3200,2872
7277,328,3200,2872
7278,328,3200,2872
7279,328,3200,2872
7280,328,3200,2872
7281,327,3200,2873
7282,327,3200,2873
7283,327,3200,2873
7284,326,3200,2874
7285,326,3200,2874
7286,326,3200,2874
7287,326,3200,2874
7288,326,3200,2874
7289,326,3200,2874
7290,326,3200,2874
7291,326,3200,2874
7292,326,3200,2874
7293,326,3200,2874
7294,325,3200,2875
7295,325,3200,2875
7296,324,3200,2876
7297,324,3200,2876
7298,324,3200,2876
7299,323,3200,2877
7300,323,3200,2877
7301,323,3200,2877
7302,323,3200,2877
7303,323,3200,2877
7304,322,3200,2878
7305,322,3200,2878
7306,322,3200,2878
7307,321,3200,2879
7308,320,3200,2880
7309,320,3200,2880
7310,320,3200,2880
7311,320,3200,2880
7312,320,3200,2880
7313,320,3200,2880
7314,320,3200,2880
7315,319,3200,2881
7316,318,3200,2882
7317,318,3200,2882
7318,318,3200,2882
7319,318,3200,2882
7320,318,3200,2882
7321,317,3200,2883
7322,317,3200,2883
7323,317,3200,2883
7324,316,3200,2884
7325,315,3200,2885
7326,315,3200,2885
7327,314,3200,2886
7328,314,3200,2886
7329,314,3200,2886
7330,314,3200,2886
7331,313,3200,2887
7332,313,3200,2887
7333,313,3200,2887
7334,313,3200,2887
7335,313,3200,2887
7336,313,3200,2887
7337,312,3200,2888
7338,312,3200,2888
7339,312,3200,2888
7340,311,3200,2889
7341,310,3200,2890
7342,309,3200,2891
7343,309,3200,2891
7344,309,3200,2891
7345,309,3200,2891
7346,309,3200,2891
7347,309,3200,2891
7348,309,3200,2891
7349,309,3200,2891
7350,309,3200,2891
7351,308,3200,2892
7352,308,3200,2892
7353,308,3200,2892
7354,308,3200,2892
7355,307,3200,2893
7356,307,3200,2893
7357,307,3200,2893
7358,307,3200,2893
7359,307,3200,2893
7360,307,3200,2893
7361,307,3200,2893
7362,307,3200,2893
7363,307,3200,2893
7364,307,3200,2893
7365,307,3200,2893
7366,306,3200,2894
7367,306,3200,2894
7368,305,3200,2895
7369,305,3200,2895
7370,305,3200,2895
7371,305,3200,2895
7372,305,3200,2895
7373,305,3200,2895
7374,305,3200,2895
7375,305,3200,2895
7376,305,3200,2895
7377,305,3200,2895
7378,305,3200,2895
7379,305,3200,2895
7380,305,3200,2895
7381,305,3200,2895
7382,304,3200,2896
7383,304,3200,2896
7384,304,3200,2896
7385,304,3200,2896
7386,303,3200,2897
7387,302,3200,2898
7388,302,3200,2898
7389,302,3200,2898
7390,302,3200,2898
7391,302,3200,2898
7392,302,3200,2898
7393,302,3200,2898
7394,302,3200,2898
7395,302,3200,2898
7396,302,3200,2898
7397,302,3200,2898
7398,302,3200,2898
7399,302,3200,2898
7400,301,3200,2899
7401,301,3200,2899
7402,301,3200,2899
7403,300,3200,2900
7404,300,3200,2900
7405,300,3200,2900
7406,300,3200,2900
7407,300,3200,2900
7408,299,3200,2901
7409,298,3200,2902
7410,297,3200,2903
7411,297,3200,2903
7412,296,3200,2904
7413,296,3200,2904
7414,296,3200,2904
7415,296,3200,2904
7416,295,3200,2905
7417,295,3200,2905
7418,295,3200,2905
7419,294,3200,2906
7420,294,3200,2906
7421,294,3200,2906
7422,294,3200,2906
7423,294,3200,2906
7424,294,3200,2906
7425,294,3200,2906
7426,294,3200,2906
7427,294,3200,2906
7428,293,3200,2907
7429,293,3200,2907
7430,293,3200,2907
7431,293,3200,2907
7432,293,3200,2907
7433,292,3200,2908
7434,292,3200,2908
7435,291,3200,2909
7436,291,3200,2909
7437,291,3200,2909
7438,291,3200,2909
7439,291,3200,2909
7440,291,3200,2909
7441,291,3200,2909
7442,290,3200,2910
7443,290,3200,2910
7444,290,3200,2910
7445,289,3200,2911
7446,288,3200,2912
7447,288,3200,2912
7448,288,3200,2912
7449,287,3200,2913
7450,287,3200,2913
7451,286,3200,2914
7452,285,3200,2915
7453,285,3200,2915
7454,284,3200,2916
7455,284,3200,2916
7456,284,3200,2916
7457,283,3200,2917
7458,283,3200,2917
7459,282,3200,2918
7460,282,3200,2918
7461,281,3200,2919
7462,281,3200,2919
7463,281,3200,2919
7464,279,3200,2921
7465,279,3200,2921
7466,277,3200,2923
7467,276,3200,2924
7468,275,3200,2925
7469,274,3200,2926
7470,274,3200,2926
7471,273,3200,2927
7472,273,3200,2927
7473,273,3200,2927
7474,272,3200,2928
7475,272,3200,2928
7476,271,3200,2929
7477,270,3200,2930
7478,269,3200,2931
7479,269,3200,2931
7480,269,3200,2931
7481,268,3200,2932
7482,266,3200,2934
7483,266,3200,2934
7484,266,3200,2934
7485,266,3200,2934
7486,265,3200,2935
7487,265,3200,2935
7488,265,3200,2935
7489,263,3200,2937
7490,263,3200,2937
7491,263,3200,2937
7492,263,3200,2937
7493,263,3200,2937
7494,261,3200,2939
7495,260,3200,2940
7496,260,3200,2940
7497,260,3200,2940
7498,260,3200,2940
7499,260,3200,2940
7500,260,3200,2940
7501,259,3200,2941
7502,258,3200,2942
7503,258,3200,2942
7504,258,3200,2942
7505,258,3200,2942
7506,257,3200,2943
7507,256,3200,2944
7508,256,3200,2944
7509,256,3200,2944
7510,256,3200,2944
7511,256,3200,2944
7512,256,3200,2944
7513,255,3200,2945
7514,254,3200,2946
7515,254,3200,2946
7516,254,3200,2946
7517,253,3200,2947
7518,253,3200,2947
7519,253,3200,2947
7520,251,3200,2949
7521,251,3200,2949
7522,251,3200,2949
7523,250,3200,2950
7524,249,3200,2951
7525,249,3200,2951
7526,249,3200,2951
7527,248,3200,2952
7528,248,3200,2952
7529,248,3200,2952
7530,248,3200,2952
7531,246,3200,2954
7532,246,3200,2954
7533,245,3200,2955
7534,244,3200,2956
7535,244,3200,2956
7536,244,3200,2956
7537,243,3200,2957
7538,243,3200,2957
7539,243,3200,2957
7540,242,3200,2958
7541,241,3200,2959
7542,241,3200,2959
7543,240,3200,2960
7544,240,3200,2960
7545,240,3200,2960
7546,238,3200,2962
7547,237,3200,2963
7548,237,3200,2963
7549,237,3200,2963
7550,237,3200,2963
7551,237,3200,2963
7552,237,3200,2963
7553,237,3200,2963
7554,237,3200,2963
7555,236,3200,2964
7556,236,3200,2964
7557,236,3200,2964
7558,235,3200,2965
7559,235,3200,2965
7560,234,3200,2966
7561,233,3200,2967
7562,232,3200,2968
7563,232,3200,2968
7564,231,3200,2969
7565,231,3200,2969
7566,230,3200,2970
7567,229,3200,2971
7568,229,3200,2971
7569,228,3200,2972
7570,227,3200,2973
7571,226,3200,2974
7572,226,3200,2974
7573,226,3200,2974
7574,225,3200,2975
7575,224,3200,2976
7576,224,3200,2976
7577,224,3200,2976
7578,223,3200,2977
7579,222,3200,2978
7580,220,3200,2980
7581,219,3200,2981
7582,218,3200,2982
7583,218,3200,2982
7584,217,3200,2983
7585,217,3200,2983
7586,217,3200,2983
7587,217,3200,2983
7588,217,3200,2983
7589,216,3200,2984
7590,216,3200,2984
7591,216,3200,2984
7592,216,3200,2984
7593,215,3200,2985
7594,215,3200,2985
7595,214,3200,2986
7596,214,3200,2986
7597,214,3200,2986
7598,213,3200,2987
7599,213,3200,2987
7600,213,3200,2987
7601,212,3200,2988
7602,212,3200,2988
7603,210,3200,2990
7604,210,3200,2990
7605,210,3200,2990
7606,210,3200,2990
7607,210,3200,2990
7608,209,3200,2991
7609,209,3200,2991
7610,208,3200,2992
7611,207,3200,2993
7612,207,3200,2993
7613,207,3200,2993
7614,206,3200,2994
7615,206,3200,2994
7616,206,3200,2994
7617,205,3200,2995
7618,205,3200,2995
7619,204,3200,2996
7620,204,3200,2996
7621,202,3200,2998
7622,202,3200,2998
7623,202,3200,2998
7624,201,3200,2999
7625,200,3200,3000
7626,199,3200,3001
7627,199,3200,3001
7628,199,3200,3001
7629,198,3200,3002
7630,197,3200,3003
7631,197,3200,3003
7632,197,3200,3003
7633,197,3200,3003
7634,197,3200,3003
7635,197,3200,3003
7636,196,3200,3004
7637,196,3200,3004
7638,196,3200,3004
7639,195,3200,3005
7640,195,3200,3005
7641,194,3200,3006
7642,194,3200,3006
7643,193,3200,3007
7644,193,3200,3007
7645,192,3200,3008
7646,191,3200,3009
7647,190,3200,3010
7648,190,3200,3010
7649,189,3200,3011
7650,189,3200,3011
7651,189,3200,3011
7652,189,3200,3011
7653,189,3200,3011
7654,188,3200,3012
7655,188,3200,3012
7656,187,3200,3013
7657,187,3200,3013
7658,186,3200,3014
7659,185,3200,3015
7660,184,3200,3016
7661,184,3200,3016
7662,184,3200,3016
7663,183,3200,3017
7664,182,3200,3018
7665,182,3200,3018
7666,180,3200,3020
7667,180,3200,3020
7668,180,3200,3020
7669,179,3200,3021
7670,178,3200,3022
7671,178,3200,3022
7672,177,3200,3023
7673,175,3200,3025
7674,175,3200,3025
7675,174,3200,3026
7676,174,3200,3026
7677,173,3200,3027
7678,173,3200,3027
7679,173,3200,3027
7680,172,3200,3028
7681,172,3200,3028
7682,171,3200,3029
7683,171,3200,3029
7684,171,3200,3029
7685,171,3200,3029
7686,170,3200,3030
7687,170,3200,3030
7688,170,3200,3030
7689,170,3200,3030
7690,168,3200,3032
7691,167,3200,3033
7692,167,3200,3033
7693,167,3200,3033
7694,167,3200,3033
7695,166,3200,3034
7696,166,3200,3034
7697,166,3200,3034
7698,165,3200,3035
7699,165,3200,3035
7700,164,3200,3036
7701,164,3200,3036
7702,164,3200,3036
7703,164,3200,3036
7704,163,3200,3037
7705,162,3200,3038
7706,162,3200,3038
7707,162,3200,3038
7708,161,3200,3039
7709,159,3200,3041
7710,159,3200,3041
7711,159,3200,3041
7712,157,3200,3043
7713,157,3200,3043
7714,156,3200,3044
7715,155,3200,3045
7716,155,3200,3045
7717,155,3200,3045
7718,154,3200,3046
7719,154,3200,3046
7720,154,3200,3046
7721,153,3200,3047
7722,153,3200,3047
7723,151,3200,3049
7724,151,3200,3049
7725,149,3200,3051
7726,149,3200,3051
7727,149,3200,3051
7728,148,3200,3052
7729,148,3200,3052
7730,148,3200,3052
7731,147,3200,3053
7732,147,3200,3053
7733,147,3200,3053
7734,147,3200,3053
7735,147,3200,3053
7736,147,3200,3053
7737,146,3200,3054
7738,146,3200,3054
7739,146,3200,3054
7740,146,3200,3054
7741,146,3200,3054
7742,145,3200,3055
7743,145,3200,3055
7744,144,3200,3056
7745,143,3200,3057
7746,143,3200,3057
7747,143,3200,3057
7748,142,3200,3058
7749,142,3200,3058
7750,141,3200,3059
7751,141,3200,3059
7752,141,3200,3059
7753,141,3200,3059
7754,141,3200,3059
7755,141,3200,3059
7756,141,3200,3059
7757,140,3200,3060
7758,140,3200,3060
7759,140,3200,3060
7760,140,3200,3060
7761,139,3200,3061
7762,139,3200,3061
7763,138,3200,3062
7764,138,3200,3062
7765,138,3200,3062
7766,138,3200,3062
7767,138,3200,3062
7768,138,3200,3062
7769,136,3200,3064
7770,136,3200,3064
7771,136,3200,3064
7772,135,3200,3065
7773,135,3200,3065
7774,134,3200,3066
7775,134,3200,3066
7776,133,3200,3067
7777,133,3200,3067
7778,133,3200,3067
7779,133,3200,3067
7780,133,3200,3067
7781,133,3200,3067
7782,133,3200,3067
7783,132,3200,3068
7784,132,3200,3068
7785,131,3200,3069
7786,130,3200,3070
7787,130,3200,3070
7788,130,3200,3070
7789,130,3200,3070
7790,130,3200,3070
7791,130,3200,3070
7792,130,3200,3070
7793,130,3200,3070
7794,130,3200,3070
7795,130,3200,3070
7796,129,3200,3071
7797,128,3200,3072
7798,128,3200,3072
7799,128,3200,3072
7800,128,3200,3072
7801,128,3200,3072
7802,128,3200,3072
7803,127,3200,3073
7804,127,3200,3073
7805,127,3200,3073
7806,127,3200,3073
7807,127,3200,3073
7808,127,3200,3073
7809,127,3200,3073
7810,127,3200,3073
7811,127,3200,3073
7812,127,3200,3073
7813,127,3200,3073
7814,127,3200,3073
7815,127,3200,3073
7816,127,3200,3073
7817,127,3200,3073
7818,126,3200,3074
7819,125,3200,3075
7820,125,3200,3075
7821,125,3200,3075
7822,124,3200,3076
7823,124,3200,3076
7824,124,3200,3076
7825,124,3200,3076
7826,124,3200,3076
7827,124,3200,3076
7828,123,3200,3077
7829,123,3200,3077
7830,123,3200,3077
7831,123,3200,3077
7832,123,3200,3077
7833,122,3200,3078
7834,122,3200,3078
7835,121,3200,3079
7836,121,3200,3079
7837,121,3200,3079
7838,121,3200,3079
7839,121,3200,3079
7840,121,3200,3079
7841,121,3200,3079
7842,121,3200,3079
7843,121,3200,3079
7844,120,3200,3080
7845,120,3200,3080
7846,120,3200,3080
7847,120,3200,3080
7848,120,3200,3080
7849,120,3200,3080
7850,119,3200,3081
7851,119,3200,3081
7852,119,3200,3081
7853,119,3200,3081
7854,119,3200,3081
7855,119,3200,3081
7856,119,3200,3081
7857,119,3200,3081
7858,118,3200,3082
7859,118,3200,3082
7860,118,3200,3082
7861,118,3200,3082
7862,118,3200,3082
7863,117,3200,3083
7864,116,3200,3084
7865,116,3200,3084
7866,116,3200,3084
7867,116,3200,3084
7868,116,3200,3084
7869,115,3200,3085
7870,115,3200,3085
7871,115,3200,3085
7872,114,3200,3086
7873,114,3200,3086
7874,113,3200,3087
7875,112,3200,3088
7876,112,3200,3088
7877,112,3200,3088
7878,112,3200,3088
7879,112,3200,3088
7880,111,3200,3089
7881,111,3200,3089
7882,111,3200,3089
7883,111,3200,3089
7884,111,3200,3089
7885,111,3200,3089
7886,110,3200,3090
7887,110,3200,3090
7888,110,3200,3090
7889,109,3200,3091
7890,109,3200,3091
7891,109,3200,3091
7892,108,3200,3092
7893,108,3200,3092
7894,107,3200,3093
7895,106,3200,3094
7896,105,3200,3095
7897,105,3200,3095
7898,105,3200,3095
7899,105,3200,3095
7900,104,3200,3096
7901,104,3200,3096
7902,104,3200,3096
7903,104,3200,3096
7904,104,3200,3096
7905,104,3200,3096
7906,104,3200,3096
7907,104,3200,3096
7908,104,3200,3096
7909,104,3200,3096
7910,104,3200,3096
7911,103,3200,3097
7912,103,3200,3097
7913,103,3200,3097
7914,101,3200,3099
7915,101,3200,3099
7916,100,3200,3100
7917,100,3200,3100
7918,100,3200,3100
7919,99,3200,3101
7920,99,3200,3101
7921,99,3200,3101
7922,99,3200,3101
7923,99,3200,3101
7924,99,3200,3101
7925,99,3200,3101
7926,99,3200,3101
7927,99,3200,3101
7928,99,3200,3101
7929,99,3200,3101
7930,99,3200,3101
7931,99,3200,3101
7932,99,3200,3101
7933,99,3200,3101
7934,99,3200,3101
7935,99,3200,3101
7936,99,3200,3101
7937,98,3200,3102
7938,98,3200,3102
7939,98,3200,3102
7940,98,3200,3102
7941,98,3200,3102
7942,98,3200,3102
7943,97,3200,3103
7944,97,3200,3103
7945,97,3200,3103
7946,97,3200,3103
7947,96,3200,3104
7948,96,3200,3104
7949,96,3200,3104
7950,96,3200,3104
7951,95,3200,3105
7952,94,3200,3106
7953,93,3200,3107
7954,93,3200,3107
7955,93,3200,3107
7956,93,3200,3107
7957,93,3200,3107
7958,93,3200,3107
7959,93,3200,3107
7960,93,3200,3107
7961,93,3200,3107
7962,93,3200,3107
7963,92,3200,3108
7964,92,3200,3108
7965,92,3200,3108
7966,90,3200,3110
7967,90,3200,3110
7968,90,3200,3110
7969,90,3200,3110
7970,90,3200,3110
7971,90,3200,3110
7972,90,3200,3110
7973,90,3200,3110
7974,89,3200,3111
7975,89,3200,3111
7976,89,3200,3111
7977,89,3200,3111
7978,89,3200,3111
7979,89,3200,3111
7980,88,3200,3112
7981,88,3200,3112
7982,87,3200,3113
7983,87,3200,3113
7984,87,3200,3113
7985,86,3200,3114
7986,86,3200,3114
7987,86,3200,3114
7988,85,3200,3115
7989,85,3200,3115
7990,85,3200,3115
7991,85,3200,3115
7992,85,3200,3115
7993,85,3200,3115
7994,84,3200,3116
7995,84,3200,3116
7996,84,3200,3116
7997,84,3200,3116
7998,83,3200,3117
7999,83,3200,3117
8000,82,3200,3118
8001,82,3200,3118
8002,82,3200,3118
8003,82,3200,3118
8004,82,3200,3118
8005,82,3200,3118
8006,81,3200,3119
8007,81,3200,3119
8008,81,3200,3119
8009,81,3200,3119
8010,81,3200,3119
8011,80,3200,3120
8012,80,3200,3120
8013,79,3200,3121
8014,79,3200,3121
8015,78,3200,3122
8016,78,3200,3122
8017,78,3200,3122
8018,78,3200,3122
8019,78,3200,3122
8020,77,3200,3123
8021,77,3200,3123
8022,76,3200,3124
8023,76,3200,3124
8024,76,3200,3124
8025,76,3200,3124
8026,76,3200,3124
8027,76,3200,3124
8028,75,3200,3125
8029,75,3200,3125
8030,75,3200,3125
8031,75,3200,3125
8032,75,3200,3125
8033,75,3200,3125
8034,75,3200,3125
8035,75,3200,3125
8036,75,3200,3125
8037,75,3200,3125
8038,75,3200,3125
8039,75,3200,3125
8040,75,3200,3125
8041,75,3200,3125
8042,75,3200,3125
8043,75,3200,3125
8044,75,3200,3125
8045,75,3200,3125
8046,75,3200,3125
8047,75,3200,3125
8048,75,3200,3125
8049,75,3200,3125
8050,75,3200,3125
8051,75,3200,3125
8052,75,3200,3125
8053,75,3200,3125
8054,75,3200,3125
8055,75,3200,3125
8056,75,3200,3125
8057,75,3200,3125
8058,75,3200,3125
8059,75,3200,3125
8060,75,3200,3125
8061,75,3200,3125
8062,75,3200,3125
8063,75,3200,3125
8064,75,3200,3125
8065,75,3200,3125
8066,75,3200,3125
8067,75,3200,3125
8068,75,3200,3125
8069,75,3200,3125
8070,75,3200,3125
8071,75,3200,3125
8072,75,3200,3125
8073,75,3200,3125
8074,75,3200,3125
8075,75,3200,3125
8076,75,3200,3125
8077,75,3200,3125
8078,75,3200,3125
8079,75,3200,3125
8080,75,3200,3125
8081,75,3200,3125
8082,75,3200,3125
8083,75,3200,3125
8084,75,3200,3125
8085,75,3200,3125
8086,75,3200,3125
8087,75,3200,3125
8088,75,3200,3125
8089,75,3200,3125
8090,75,3200,3125
8091,75,3200,3125
8092,75,3200,3125
8093,75,3200,3125
8094,75,3200,3125
8095,75,3200,3125
8096,75,3200,3125
8097,75,3200,3125
8098,75,3200,3125
8099,75,3200,3125
8100,75,3200,3125
8101,75,3200,3125
8102,75,3200,3125
8103,75,3200,3125
8104,75,3200,3125
8105,75,3200,3125
8106,75,3200,3125
8107,75,3200,3125
8108,75,3200,3125
8109,75,3200,3125
8110,75,3200,3125
8111,75,3200,3125
8112,75,3200,3125
8113,75,3200,3125
8114,75,3200,3125
8115,75,3200,3125
8116,75,3200,3125
8117,75,3200,3125
8118,75,3200,3125
8119,75,3200,3125
8120,75,3200,3125
8121,75,3200,3125
8122,75,3200,3125
8123,75,3200,3125
8124,75,3200,3125
8125,75,3200,3125
8126,75,3200,3125
8127,75,3200,3125
8128,75,3200,3125
8129,75,3200,3125
8130,75,3200,3125
8131,75,3200,3125
8132,75,3200,3125
8133,75,3200,3125
8134,75,3200,3125
8135,75,3200,3125
8136,75,3200,3125
8137,75,3200,3125
8138,75,3200,3125
8139,75,3200,3125
8140,75,3200,3125
8141,75,3200,3125
8142,75,3200,3125
8143,75,3200,3125
8144,75,3200,3125
8145,75,3200,3125
8146,75,3200,3125
8147,75,3200,3125
8148,75,3200,3125
8149,75,3200,3125
8150,75,3200,3125
8151,75,3200,3125
8152,75,3200,3125
8153,75,3200,3125
8154,75,3200,3125
8155,75,3200,3125
8156,75,3200,3125
8157,75,3200,3125
8158,75,3200,3125
8159,75,3200,3125
8160,75,3200,3125
8161,75,3200,3125
8162,75,3200,3125
8163,75,3200,3125
8164,75,3200,3125
8165,75,3200,3125
8166,75,3200,3125
8167,75,3200,3125
8168,75,3200,3125
8169,75,3200,3125
8170,75,3200,3125
8171,75,3200,3125
8172,75,3200,3125
8173,75,3200,3125
8174,75,3200,3125
8175,75,3200,3125
8176,75,3200,3125
8177,75,3200,3125
8178,75,3200,3125
8179,75,3200,3125
8180,75,3200,3125
8181,75,3200,3125
8182,75,3200,3125
8183,75,3200,3125
8184,75,3200,3125
8185,75,3200,3125
8186,75,3200,3125
8187,75,3200,3125
8188,75,3200,3125
8189,75,3200,3125
8190,75,3200,3125
8191,75,3200,3125
8192,75,3200,3125
8193,75,3200,3125
8194,75,3200,3125
8195,75,3200,3125
8196,75,3200,3125
8197,75,3200,3125
8198,75,3200,3125
8199,75,3200,3125
8200,75,3200,3125
8201,75,3200,3125
8202,75,3200,3125
8203,75,3200,3125
8204,75,3200,3125
8205,75,3200,3125
8206,75,3200,3125
8207,75,3200,3125
8208,75,3200,3125
8209,75,3200,3125
8210,75,3200,3125
8211,75,3200,3125
8212,75,3200,3125
8213,75,3200,3125
8214,75,3200,3125
8215,75,3200,3125
8216,75,3200,3125
8217,75,3200,3125
8218,75,3200,3125
8219,75,3200,3125
8220,75,3200,3125
8221,75,3200,3125
8222,75,3200,3125
8223,75,3200,3125
8224,75,3200,3125
8225,75,3200,3125
8226,75,3200,3125
8227,75,3200,3125
8228,75,3200,3125
8229,75,3200,3125
8230,75,3200,3125
8231,75,3200,3125
8232,75,3200,3125
8233,75,3200,3125
8234,75,3200,3125
8235,75,3200,3125
8236,75,3200,3125
8237,75,3200,3125
8238,75,3200,3125
8239,75,3200,3125
8240,75,3200,3125
8241,75,3200,3125
8242,75,3200,3125
8243,75,3200,3125
8244,75,3200,3125
8245,75,3200,3125
8246,75,3200,3125
8247,75,3200,3125
8248,75,3200,3125
8249,75,3200,3125
8250,75,3200,3125
8251,75,3200,3125
8252,75,3200,3125
8253,75,3200,3125
8254,75,3200,3125
8255,75,3200,3125
8256,75,3200,3125
8257,75,3200,3125
8258,75,3200,3125
8259,75,3200,3125
8260,75,3200,3125
8261,75,3200,3125
8262,75,3200,3125
8263,75,3200,3125
8264,75,3200,3125
8265,75,3200,3125
8266,75,3200,3125
8267,75,3200,3125
8268,75,3200,3125
8269,75,3200,3125
8270,75,3200,3125
8271,75,3200,3125
8272,75,3200,3125
8273,75,3200,3125
8274,75,3200,3125
8275,75,3200,3125
8276,75,3200,3125
8277,75,3200,3125
8278,75,3200,3125
8279,75,3200,3125
8280,75,3200,3125
8281,75,3200,3125
8282,75,3200,3125
8283,75,3200,3125
8284,75,3200,3125
8285,75,3200,3125
8286,75,3200,3125
8287,75,3200,3125
8288,75,3200,3125
8289,75,3200,3125
8290,75,3200,3125
8291,75,3200,3125
8292,75,3200,3125
8293,75,3200,3125
8294,75,3200,3125
8295,75,3200,3125
8296,75,3200,3125
8297,75,3200,3125
8298,75,3200,3125
8299,75,3200,3125
8300,75,3200,3125
8301,75,3200,3125
8302,75,3200,3125
8303,75,3200,3125
8304,75,3200,3125
8305,75,3200,3125
8306,75,3200,3125
8307,75,3200,3125
8308,75,3200,3125
8309,75,3200,3125
8310,75,3200,3125
8311,75,3200,3125
8312,75,3200,3125
8313,75,3200,3125
8314,75,3200,3125
8315,75,3200,3125
8316,75,3200,3125
8317,75,3200,3125
8318,75,3200,3125
8319,75,3200,3125
8320,75,3200,3125
8321,75,3200,3125
8322,75,3200,3125
8323,75,3200,3125
8324,75,3200,3125
8325,75,3200,3125
8326,75,3200,3125
8327,75,3200,3125
8328,75,3200,3125
8329,75,3200,3125
8330,75,3200,3125
8331,75,3200,3125
8332,75,3200,3125
8333,75,3200,3125
8334,75,3200,3125
8335,75,3200,3125
8336,75,3200,3125
8337,75,3200,3125
8338,75,3200,3125
8339,75,3200,3125
8340,75,3200,3125
8341,75,3200,3125
8342,75,3200,3125
8343,75,3200,3125
8344,75,3200,3125
8345,75,3200,3125
8346,75,3200,3125
8347,75,3200,3125
8348,75,3200,3125
8349,75,3200,3125
8350,75,3200,3125
8351,75,3200,3125
8352,75,3200,3125
8353,75,3200,3125
8354,75,3200,3125
8355,75,3200,3125
8356,75,3200,3125
8357,75,3200,3125
8358,75,3200,3125
8359,74,3200,3126
8360,74,3200,3126
8361,74,3200,3126
8362,73,3200,3127
8363,73,3200,3127
8364,73,3200,3127
8365,73,3200,3127
8366,73,3200,3127
8367,73,3200,3127
8368,73,3200,3127
8369,72,3200,3128
8370,72,3200,3128
8371,71,3200,3129
8372,71,3200,3129
8373,71,3200,3129
8374,70,3200,3130
8375,70,3200,3130
8376,70,3200,3130
8377,69,3200,3131
8378,69,3200,3131
8379,69,3200,3131
8380,69,3200,3131
8381,69,3200,3131
8382,69,3200,3131
8383,68,3200,3132
8384,68,3200,3132
8385,68,3200,3132
8386,67,3200,3133
8387,67,3200,3133
8388,67,3200,3133
8389,67,3200,3133
8390,67,3200,3133
8391,67,3200,3133
8392,67,3200,3133
8393,67,3200,3133
8394,67,3200,3133
8395,67,3200,3133
8396,67,3200,3133
8397,67,3200,3133
8398,67,3200,3133
8399,66,3200,3134
8400,66,3200,3134
8401,66,3200,3134
8402,66,3200,3134
8403,66,3200,3134
8404,66,3200,3134
8405,65,3200,3135
8406,65,3200,3135
8407,65,3200,3135
8408,65,3200,3135
8409,65,3200,3135
8410,64,3200,3136
8411,64,3200,3136
8412,64,3200,3136
8413,64,3200,3136
8414,64,3200,3136
8415,64,3200,3136
8416,63,3200,3137
8417,63,3200,3137
8418,62,3200,3138
8419,62,3200,3138
8420,62,3200,3138
8421,62,3200,3138
8422,62,3200,3138
8423,62,3200,3138
8424,62,3200,3138
8425,62,3200,3138
8426,62,3200,3138
8427,62,3200,3138
8428,61,3200,3139
8429,61,3200,3139
8430,61,3200,3139
8431,61,3200,3139
8432,61,3200,3139
8433,61,3200,3139
8434,61,3200,3139
8435,60,3200,3140
8436,60,3200,3140
8437,60,3200,3140
8438,60,3200,3140
8439,60,3200,3140
8440,60,3200,3140
8441,60,3200,3140
8442,59,3200,3141
8443,59,3200,3141
8444,58,3200,3142
8445,57,3200,3143
8446,57,3200,3143
8447,57,3200,3143
8448,56,3200,3144
8449,56,3200,3144
8450,56,3200,3144
8451,55,3200,3145
8452,55,3200,3145
8453,55,3200,3145
8454,54,3200,3146
8455,54,3200,3146
8456,53,3200,3147
8457,53,3200,3147
8458,53,3200,3147
8459,53,3200,3147
8460,53,3200,3147
8461,53,3200,3147
8462,53,3200,3147
8463,53,3200,3147
8464,53,3200,3147
8465,52,3200,3148
8466,52,3200,3148
8467,52,3200,3148
8468,52,3200,3148
8469,52,3200,3148
8470,52,3200,3148
8471,52,3200,3148
8472,52,3200,3148
8473,51,3200,3149
8474,51,3200,3149
8475,51,3200,3149
8476,51,3200,3149
8477,51,3200,3149
8478,50,3200,3150
8479,50,3200,3150
8480,50,3200,3150
8481,49,3200,3151
8482,49,3200,3151
8483,48,3200,3152
8484,48,3200,3152
8485,47,3200,3153
8486,47,3200,3153
8487,46,3200,3154
8488,46,3200,3154
8489,46,3200,3154
8490,46,3200,3154
8491,46,3200,3154
8492,46,3200,3154
8493,45,3200,3155
8494,45,3200,3155
8495,45,3200,3155
8496,44,3200,3156
8497,44,3200,3156
8498,43,3200,3157
8499,43,3200,3157
8500,43,3200,3157
8501,42,3200,3158
8502,42,3200,3158
8503,41,3200,3159
8504,41,3200,3159
8505,40,3200,3160
8506,40,3200,3160
8507,40,3200,3160
8508,40,3200,3160
8509,39,3200,3161
8510,39,3200,3161
8511,38,3200,3162
8512,38,3200,3162
8513,38,3200,3162
8514,37,3200,3163
8515,37,3200,3163
8516,37,3200,3163
8517,37,3200,3163
8518,37,3200,3163
8519,37,3200,3163
8520,37,3200,3163
8521,37,3200,3163
8522,37,3200,3163
8523,37,3200,3163
8524,37,3200,3163
8525,37,3200,3163
8526,37,3200,3163
8527,37,3200,3163
8528,37,3200,3163
8529,37,3200,3163
8530,37,3200,3163
8531,37,3200,3163
8532,37,3200,3163
8533,37,3200,3163
8534,37,3200,3163
8535,37,3200,3163
8536,37,3200,3163
8537,37,3200,3163
8538,37,3200,3163
8539,37,3200,3163
8540,37,3200,3163
8541,37,3200,3163
8542,37,3200,3163
8543,37,3200,3163
8544,37,3200,3163
8545,37,3200,3163
8546,37,3200,3163
8547,37,3200,3163
8548,37,3200,3163
8549,37,3200,3163
8550,37,3200,3163
8551,37,3200,3163
8552,37,3200,3163
8553,37,3200,3163
8554,37,3200,3163
8555,37,3200,3163
8556,36,3200,3164
8557,36,3200,3164
8558,36,3200,3164
8559,35,3200,3165
8560,34,3200,3166
8561,34,3200,3166
8562,34,3200,3166
8563,34,3200,3166
8564,33,3200,3167
8565,32,3200,3168
8566,32,3200,3168
8567,32,3200,3168
8568,31,3200,3169
8569,30,3200,3170
8570,30,3200,3170
8571,30,3200,3170
8572,30,3200,3170
8573,30,3200,3170
8574,30,3200,3170
8575,29,3200,3171
8576,29,3200,3171
8577,28,3200,3172
8578,28,3200,3172
8579,27,3200,3173
8580,27,3200,3173
8581,26,3200,3174
8582,25,3200,3175
8583,24,3200,3176
8584,24,3200,3176
8585,24,3200,3176
8586,24,3200,3176
8587,24,3200,3176
8588,24,3200,3176
8589,24,3200,3176
8590,24,3200,3176
8591,24,3200,3176
8592,24,3200,3176
8593,24,3200,3176
8594,24,3200,3176
8595,24,3200,3176
8596,24,3200,3176
8597,24,3200,3176
8598,24,3200,3176
8599,24,3200,3176
8600,24,3200,3176
8601,24,3200,3176
8602,24,3200,3176
8603,24,3200,3176
8604,23,3200,3177
8605,23,3200,3177
8606,23,3200,3177
8607,23,3200,3177
8608,22,3200,3178
8609,22,3200,3178
8610,22,3200,3178
8611,22,3200,3178
8612,22,3200,3178
8613,21,3200,3179
8614,21,3200,3179
8615,21,3200,3179
8616,21,3200,3179
8617,21,3200,3179
8618,21,3200,3179
8619,21,3200,3179
8620,21,3200,3179
8621,21,3200,3179
8622,21,3200,3179
8623,21,3200,3179
8624,21,3200,3179
8625,21,3200,3179
8626,21,3200,3179
8627,21,3200,3179
8628,20,3200,3180
8629,20,3200,3180
8630,20,3200,3180
8631,20,3200,3180
8632,19,3200,3181
8633,19,3200,3181
8634,19,3200,3181
8635,19,3200,3181
8636,19,3200,3181
8637,18,3200,3182
8638,18,3200,3182
8639,17,3200,3183
8640,17,3200,3183
8641,16,3200,3184
8642,16,3200,3184
8643,16,3200,3184
8644,15,3200,3185
8645,14,3200,3186
8646,13,3200,3187
8647,12,3200,3188
8648,12,3200,3188
8649,12,3200,3188
8650,12,3200,3188
8651,12,3200,3188
8652,12,3200,3188
8653,12,3200,3188
8654,12,3200,3188
8655,12,3200,3188
8656,12,3200,3188
8657,11,3200,3189
8658,10,3200,3190
8659,10,3200,3190
8660,10,3200,3190
8661,9,3200,3191
8662,9,3200,3191
8663,8,3200,3192
8664,8,3200,3192
8665,8,3200,3192
8666,7,3200,3193
8667,7,3200,3193
8668,7,3200,3193
8669,6,3200,3194
8670,6,3200,3194
8671,6,3200,3194
8672,6,3200,3194
8673,6,3200,3194
8674,4,3200,3196
8675,4,3200,3196
8676,3,3200,3197
8677,3,3200,3197
8678,3,3200,3197
8679,3,3200,3197
8680,3,3200,3197
8681,3,3200,3197
8682,2,3200,3198
8683,2,3200,3198
8684,1,3200,3199
8685,1,3200,3199
8686,1,3200,3199
8687,1,3200,3199
8688,1,3200,3199
8689,0,3200,3200
8690,0,3200,3200
8691,0,3200,3200
8692,0,3200,3200
8693,0,3200,3200
8694,0,3200,3200
8695,0,3200,3200
8696,0,3200,3200
8697,0,3200,3200
8698,0,3200,3200
8699,0,3200,3200
8700,0,3200,3200
8701,0,3200,3200
8702,0,3200,3200
8703,0,3200,3200
8704,0,3200,3200
8705,0,3200,3200
8706,0,3200,3200
8707,0,3200,3200
8708,0,3200,3200
8709,0,3200,3200
8710,0,3200,3200
8711,0,3200,3200
8712,0,3200,3200
8713,0,3200,3200
8714,0,3200,3200
8715,0,3200,3200
8716,0,3200,3200
8717,0,3200,3200
8718,0,3200,3200
8719,0,3200,3200
8720,0,3200,3200
8721,0,3200,3200
8722,0,3200,3200
8723,0,3200,3200
8724,0,3200,3200
8725,0,3200,3200
8726,0,3200,3200
8727,0,3200,3200
8728,0,3200,3200
8729,0,3200,3200
8730,0,3200,3200
8731,0,3200,3200
8732,0,3200,3200
8733,0,3200,3200
8734,0,3200,3200
8735,0,3200,3200
8736,0,3200,3200
8737,0,3200,3200
8738,0,3200,3200
8739,0,3200,3200
8740,0,3200,3200
8741,0,3200,3200
8742,0,3200,3200
8743,0,3200,3200
8744,0,3200,3200
8745,0,3200,3200
8746,0,3200,3200
8747,0,3200,3200
8748,0,3200,3200
8749,0,3200,3200
8750,0,3200,3200
8751,0,3200,3200
8752,0,3200,3200
8753,0,3200,3200
8754,0,3200,3200
8755,0,3200,3200
8756,0,3200,3200
8757,0,3200,3200
8758,0,3200,3200
8759,0,3200,3200
8760,0,3200,3200
8761,0,3200,3200
8762,0,3200,3200
8763,0,3200,3200
8764,0,3200,3200
8765,0,3200,3200
8766,0,3200,3200
8767,0,3200,3200
8768,0,3200,3200
8769,0,3200,3200
8770,0,3200,3200
8771,0,3200,3200
8772,0,3200,3200
8773,0,3200,3200
8774,0,3200,3200
8775,0,3200,3200
8776,0,3200,3200
8777,0,3200,3200
8778,0,3200,3200
8779,0,3200,3200
8780,0,3200,3200
8781,0,3200,3200
8782,0,3200,3200
8783,0,3200,3200
8784,0,3200,3200
8785,0,3200,3200
8786,0,3200,3200
8787,0,3200,3200
8788,0,3200,3200
8789,0,3200,3200
8790,0,3200,3200
8791,0,3200,3200
8792,0,3200,3200
8793,0,3200,3200
8794,0,3200,3200
8795,0,3200,3200
8796,0,3200,3200
8797,0,3200,3200
8798,0,3200,3200
8799,0,3200,3200
8800,0,3200,3200
8801,0,3200,3200
8802,0,3200,3200
8803,0,3200,3200
8804,0,3200,3200
8805,0,3200,3200
8806,0,3200,3200
8807,0,3200,3200
8808,0,3200,3200
8809,0,3200,3200
8810,0,3200,3200
8811,0,3200,3200
8812,0,3200,3200
8813,0,3200,3200
8814,0,3200,3200
8815,0,3200,3200
8816,0,3200,3200
8817,0,3200,3200
8818,0,3200,3200
8819,0,3200,3200
8820,0,3200,3200
8821,0,3200,3200
8822,0,3200,3200
8823,0,3200,3200
8824,0,3200,3200
8825,0,3200,3200
8826,0,3200,3200
8827,0,3200,3200
8828,0,3200,3200
8829,0,3200,3200
8830,0,3200,3200
8831,0,3200,3200
8832,0,3200,3200
8833,0,3200,3200
8834,0,3200,3200
8835,0,3200,3200
8836,0,3200,3200
8837,0,3200,3200
8838,0,3200,3200
8839,0,3200,3200
8840,0,3200,3200
8841,0,3200,3200
8842,0,3200,3200
8843,0,3200,3200
8844,0,3200,3200
8845,0,3200,3200
8846,0,3200,3200
8847,0,3200,3200
8848,0,3200,3200
8849,0,3200,3200
8850,0,3200,3200
8851,0,3200,3200
8852,0,3200,3200
8853,0,3200,3200
8854,0,3200,3200
8855,0,3200,3200
8856,0,3200,3200
8857,0,3200,3200
8858,0,3200,3200
8859,0,3200,3200
8860,0,3200,3200
8861,0,3200,3200
8862,0,3200,3200
8863,0,3200,3200
8864,0,3200,3200
8865,0,3200,3200
8866,0,3200,3200
8867,0,3200,3200
8868,0,3200,3200
8869,0,3200,3200
8870,0,3200,3200
8871,0,3200,3200
8872,0,3200,3200
8873,0,3200,3200
8874,0,3200,3200
8875,0,3200,3200
8876,0,3200,3200
8877,0,3200,3200
8878,0,3200,3200
8879,0,3200,3200
8880,0,3200,3200
8881,0,3200,3200
8882,0,3200,3200
8883,0,3200,3200
8884,0,3200,3200
8885,0,3200,3200
8886,0,3200,3200
8887,0,3200,3200
8888,0,3200,3200
8889,0,3200,3200
8890,0,3200,3200
8891,0,3200,3200
8892,0,3200,3200
8893,0,3200,3200
8894,0,3200,3200
8895,0,3200,3200
8896,0,3200,3200
8897,0,3200,3200
8898,0,3200,3200
8899,0,3200,3200
8900,0,3200,3200
8901,0,3200,3200
8902,0,3200,3200
8903,0,3200,3200
8904,0,3200,3200
8905,0,3200,3200
8906,0,3200,3200
8907,0,3200,3200
8908,0,3200,3200
8909,0,3200,3200
8910,0,3200,3200
8911,0,3200,3200
8912,0,3200,3200
8913,0,3200,3200
8914,0,3200,3200
8915,0,3200,3200
8916,0,3200,3200
8917,0,3200,3200
8918,0,3200,3200
8919,0,3200,3200
8920,0,3200,3200
8921,0,3200,3200
8922,0,3200,3200
8923,0,3200,3200
8924,0,3200,3200
8925,0,3200,3200
8926,0,3200,3200
8927,0,3200,3200
8928,0,3200,3200
8929,0,3200,3200
8930,0,3200,3200
8931,0,3200,3200
8932,0,3200,3200
8933,0,3200,3200
8934,0,3200,3200
8935,0,3200,3200
8936,0,3200,3200
8937,0,3200,3200
8938,0,3200,3200
8939,0,3200,3200
8940,0,3200,3200
8941,0,3200,3200
8942,0,3200,3200
8943,0,3200,3200
8944,0,3200,3200
8945,0,3200,3200
8946,0,3200,3200
8947,0,3200,3200
8948,0,3200,3200
8949,0,3200,3200
8950,0,3200,3200
8951,0,3200,3200
8952,0,3200,3200
8953,0,3200,3200
8954,0,3200,3200
8955,0,3200,3200
8956,0,3200,3200
8957,0,3200,3200
8958,0,3200,3200
8959,0,3200,3200
8960,0,3200,3200
8961,0,3200,3200
8962,0,3200,3200
8963,0,3200,3200
8964,0,3200,3200
8965,0,3200,3200
8966,0,3200,3200
8967,0,3200,3200
8968,0,3200,3200
8969,0,3200,3200
8970,0,3200,3200
8971,0,3200,3200
8972,0,3200,3200
8973,0,3200,3200
8974,0,3200,3200
8975,0,3200,3200
8976,0,3200,3200
8977,0,3200,3200
8978,0,3200,3200
8979,0,3200,3200
8980,0,3200,3200
8981,0,3200,3200
8982,0,3200,3200
8983,0,3200,3200
8984,0,3200,3200
8985,0,3200,3200
8986,0,3200,3200
8987,0,3200,3200
8988,0,3200,3200
8989,0,3200,3200
8990,0,3200,3200
8991,0,3200,3200
8992,0,3200,3200
8993,0,3200,3200
8994,0,3200,3200
8995,0,3200,3200
8996,0,3200,3200
8997,0,3200,3200
8998,0,3200,3200
8999,0,3200,3200
9000,0,3200,3200
9001,0,3200,3200
9002,0,3200,3200
9003,0,3200,3200
9004,0,3200,3200
9005,0,3200,3200
9006,0,3200,3200
9007,0,3200,3200
9008,0,3200,3200
9009,0,3200,3200
9010,0,3200,3200
9011,0,3200,3200
9012,0,3200,3200
9013,0,3200,3200
9014,0,3200,3200
9015,0,3200,3200
9016,0,3200,3200
9017,0,3200,3200
9018,0,3200,3200
9019,0,3200,3200
9020,0,3200,3200
9021,0,3200,3200
9022,0,3200,3200
9023,0,3200,3200
9024,0,3200,3200
9025,0,3200,3200
9026,0,3200,3200
9027,0,3200,3200
9028,0,3200,3200
9029,0,3200,3200
9030,0,3200,3200
9031,0,3200,3200
9032,0,3200,3200
9033,0,3200,3200
9034,0,3200,3200
9035,0,3200,3200
9036,0,3200,3200
9037,0,3200,3200
9038,0,3200,3200
9039,0,3200,3200
9040,0,3200,3200
9041,0,3200,3200
9042,0,3200,3200
9043,0,3200,3200
9044,0,3200,3200
9045,0,3200,3200
9046,0,3200,3200
9047,0,3200,3200
9048,0,3200,3200
9049,0,3200,3200
9050,0,3200,3200
9051,0,3200,3200
9052,0,3200,3200
9053,0,3200,3200
9054,0,3200,3200
9055,0,3200,3200
9056,0,3200,3200
9057,0,3200,3200
9058,0,3200,3200
9059,0,3200,3200
9060,0,3200,3200
9061,0,3200,3200
9062,0,3200,3200
9063,0,3200,3200
9064,0,3200,3200
9065,0,3200,3200
9066,0,3200,3200
9067,0,3200,3200
9068,0,3200,3200
9069,0,3200,3200
9070,0,3200,3200
9071,0,3200,3200
9072,0,3200,3200
9073,0,3200,3200
9074,0,3200,3200
9075,0,3200,3200
9076,0,3200,3200
9077,0,3200,3200
9078,0,3200,3200
9079,0,3200,3200
9080,0,3200,3200
9081,0,3200,3200
9082,0,3200,3200
9083,0,3200,3200
9084,0,3200,3200
9085,0,3200,3200
9086,0,3200,3200
9087,0,3200,3200
9088,0,3200,3200
9089,0,3200,3200
9090,0,3200,3200
9091,0,3200,3200
9092,0,3200,3200
9093,0,3200,3200
9094,0,3200,3200
9095,0,3200,3200
9096,0,3200,3200
9097,0,3200,3200
9098,0,3200,3200
9099,0,3200,3200
9100,0,3200,3200
9101,0,3200,3200
9102,0,3200,3200
9103,0,3200,3200
9104,0,3200,3200
9105,0,3200,3200
9106,0,3200,3200
9107,0,3200,3200
9108,0,3200,3200
9109,0,3200,3200
9110,0,3200,3200
9111,0,3200,3200
9112,0,3200,3200
9113,0,3200,3200
9114,0,3200,3200
9115,0,3200,3200
9116,0,3200,3200
9117,0,3200,3200
9118,0,3200,3200
9119,0,3200,3200
9120,0,3200,3200
9121,0,3200,3200
9122,0,3200,3200
9123,0,3200,3200
9124,0,3200,3200
9125,0,3200,3200
9126,0,3200,3200
9127,0,3200,3200
9128,0,3200,3200
9129,0,3200,3200
9130,0,3200,3200
9131,0,3200,3200
9132,0,3200,3200
9133,0,3200,3200
9134,0,3200,3200
9135,0,3200,3200
9136,0,3200,3200
9137,0,3200,3200
9138,0,3200,3200
9139,0,3200,3200
9140,0,3200,3200
9141,0,3200,3200
9142,0,3200,3200
9143,0,3200,3200
9144,0,3200,3200
9145,0,3200,3200
9146,0,3200,3200
9147,0,3200,3200
9148,0,3200,3200
9149,0,3200,3200
9150,0,3200,3200
9151,0,3200,3200
9152,0,3200,3200
9153,0,3200,3200
9154,0,3200,3200
9155,0,3200,3200
9156,0,3200,3200
9157,0,3200,3200
9158,0,3200,3200
9159,0,3200,3200
9160,0,3200,3200
9161,0,3200,3200
9162,0,3200,3200
9163,0,3200,3200
9164,0,3200,3200
9165,0,3200,3200
9166,0,3200,3200
9167,0,3200,3200
9168,0,3200,3200
9169,0,3200,3200
9170,0,3200,3200
9171,0,3200,3200
9172,0,3200,3200
9173,0,3200,3200
9174,0,3200,3200
9175,0,3200,3200
9176,0,3200,3200
9177,0,3200,3200
9178,0,3200,3200
9179,0,3200,3200
9180,0,3200,3200
9181,0,3200,3200
9182,0,3200,3200
9183,0,3200,3200
9184,0,3200,3200
9185,0,3200,3200
9186,0,3200,3200
9187,0,3200,3200
9188,0,3200,3200
9189,0,3200,3200
9190,0,3200,3200
9191,0,3200,3200
9192,0,3200,3200
9193,0,3200,3200
9194,0,3200,3200
9195,0,3200,3200
9196,0,3200,3200
9197,0,3200,3200
9198,0,3200,3200
9199,0,3200,3200
9200,0,3200,3200
9201,0,3200,3200
9202,0,3200,3200
9203,0,3200,3200
9204,0,3200,3200
9205,0,3200,3200
9206,0,3200,3200
9207,0,3200,3200
9208,0,3200,3200
9209,0,3200,3200
9210,0,3200,3200
9211,0,3200,3200
9212,0,3200,3200
9213,0,3200,3200
9214,0,3200,3200
9215,0,3200,3200
9216,0,3200,3200
9217,0,3200,3200
9218,0,3200,3200
9219,0,3200,3200
9220,0,3200,3200
9221,0,3200,3200
9222,0,3200,3200
9223,0,3200,3200
9224,0,3200,3200
9225,0,3200,3200
9226,0,3200,3200
9227,0,3200,3200
9228,0,3200,3200
9229,0,3200,3200
9230,0,3200,3200
9231,0,3200,3200
9232,0,3200,3200
9233,0,3200,3200
9234,0,3200,3200
9235,0,3200,3200
9236,0,3200,3200
9237,0,3200,3200
9238,0,3200,3200
9239,0,3200,3200
9240,0,3200,3200
9241,0,3200,3200
9242,0,3200,3200
9243,0,3200,3200
9244,0,3200,3200
9245,0,3200,3200
9246,0,3200,3200
9247,0,3200,3200
9248,0,3200,3200
9249,0,3200,3200
9250,0,3200,3200
9251,0,3200,3200
9252,0,3200,3200
9253,0,3200,3200
9254,0,3200,3200
9255,0,3200,3200
9256,0,3200,3200
9257,0,3200,3200
9258,0,3200,3200
9259,0,3200,3200
9260,0,3200,3200
9261,0,3200,3200
9262,0,3200,3200
9263,0,3200,3200
9264,0,3200,3200
9265,0,3200,3200
9266,0,3200,3200
9267,0,3200,3200
9268,0,3200,3200
9269,0,3200,3200
9270,0,3200,3200
9271,0,3200,3200
9272,0,3200,3200
9273,0,3200,3200
9274,0,3200,3200
9275,0,3200,3200
9276,0,3200,3200
9277,0,3200,3200
9278,0,3200,3200
9279,0,3200,3200
9280,0,3200,3200
9281,0,3200,3200
9282,0,3200,3200
9283,0,3200,3200
9284,0,3200,3200
9285,0,3200,3200
9286,0,3200,3200
9287,0,3200,3200
9288,0,3200,3200
9289,0,3200,3200
9290,0,3200,3200
9291,0,3200,3200
9292,0,3200,3200
9293,0,3200,3200
9294,0,3200,3200
9295,0,3200,3200
9296,0,3200,3200
9297,0,3200,3200
9298,0,3200,3200
9299,0,3200,3200
9300,0,3200,3200
9301,0,3200,3200
9302,0,3200,3200
9303,0,3200,3200
9304,0,3200,3200
9305,0,3200,3200
9306,0,3200,3200
9307,0,3200,3200
9308,0,3200,3200
9309,0,3200,3200
9310,0,3200,3200
9311,0,3200,3200
9312,0,3200,3200
9313,0,3200,3200
9314,0,3200,3200
9315,0,3200,3200
9316,0,3200,3200
9317,0,3200,3200
9318,0,3200,3200
9319,0,3200,3200
9320,0,3200,3200
9321,0,3200,3200
9322,0,3200,3200
9323,0,3200,3200
9324,0,3200,3200
9325,0,3200,3200
9326,0,3200,3200
9327,0,3200,3200
9328,0,3200,3200
9329,0,3200,3200
9330,0,3200,3200
9331,0,3200,3200
9332,0,3200,3200
9333,0,3200,3200
9334,0,3200,3200
9335,0,3200,3200
9336,0,3200,3200
9337,0,3200,3200
9338,0,3200,3200
9339,0,3200,3200
9340,0,3200,3200
9341,0,3200,3200
9342,0,3200,3200
9343,0,3200,3200
9344,0,3200,3200
9345,0,3200,3200
9346,0,3200,3200
9347,0,3200,3200
9348,0,3200,3200
9349,0,3200,3200
9350,0,3200,3200
9351,0,3200,3200
9352,0,3200,3200
9353,0,3200,3200
9354,0,3200,3200
9355,0,3200,3200
9356,0,3200,3200
9357,0,3200,3200
9358,0,3200,3200
9359,0,3200,3200
9360,0,3200,3200
9361,0,3200,3200
9362,0,3200,3200
9363,0,3200,3200
9364,0,3200,3200
9365,0,3200,3200
9366,0,3200,3200
9367,0,3200,3200
9368,0,3200,3200
9369,0,3200,3200
9370,0,3200,3200
9371,0,3200,3200
9372,0,3200,3200
9373,0,3200,3200
9374,0,3200,3200
9375,0,3200,3200
9376,0,3200,3200
9377,0,3200,3200
9378,0,3200,3200
9379,0,3200,3200
9380,0,3200,3200
9381,0,3200,3200
9382,0,3200,3200
9383,0,3200,3200
9384,0,3200,3200
9385,0,3200,3200
9386,0,3200,3200
9387,0,3200,3200
9388,0,3200,3200
9389,0,3200,3200
9390,0,3200,3200
9391,0,3200,3200
9392,0,3200,3200
9393,0,3200,3200
9394,0,3200,3200
9395,0,3200,3200
9396,0,3200,3200
9397,0,3200,3200
9398,0,3200,3200
9399,0,3200,3200
9400,0,3200,3200
9401,0,3200,3200
9402,0,3200,3200
9403,0,3200,3200
9404,0,3200,3200
9405,0,3200,3200
9406,0,3200,3200
9407,0,3200,3200
9408,0,3200,3200
9409,0,3200,3200
9410,0,3200,3200
9411,0,3200,3200
9412,0,3200,3200
9413,0,3200,3200
9414,0,3200,3200
9415,0,3200,3200
9416,0,3200,3200
9417,0,3200,3200
9418,0,3200,3200
9419,0,3200,3200
9420,0,3200,3200
9421,0,3200,3200
9422,0,3200,3200
9423,0,3200,3200
9424,0,3200,3200
9425,0,3200,3200
9426,0,3200,3200
9427,0,3200,3200
9428,0,3200,3200
9429,0,3200,3200
9430,0,3200,3200
9431,0,3200,3200
9432,0,3200,3200
9433,0,3200,3200
9434,0,3200,3200
9435,0,3200,3200
9436,0,3200,3200
9437,0,3200,3200
9438,0,3200,3200
9439,0,3200,3200
9440,0,3200,3200
9441,0,3200,3200
9442,0,3200,3200
9443,0,3200,3200
9444,0,3200,3200
9445,0,3200,3200
9446,0,3200,3200
9447,0,3200,3200
9448,0,3200,3200
9449,0,3200,3200
9450,0,3200,3200
9451,0,3200,3200
9452,0,3200,3200
9453,0,3200,3200
9454,0,3200,3200
9455,0,3200,3200
9456,0,3200,3200
9457,0,3200,3200
9458,0,3200,3200
9459,0,3200,3200
9460,0,3200,3200
9461,0,3200,3200
9462,0,3200,3200
9463,0,3200,3200
9464,0,3200,3200
9465,0,3200,3200
9466,0,3200,3200
9467,0,3200,3200
9468,0,3200,3200
9469,0,3200,3200
9470,0,3200,3200
9471,0,3200,3200
9472,0,3200,3200
9473,0,3200,3200
9474,0,3200,3200
9475,0,3200,3200
9476,0,3200,3200
9477,0,3200,3200
9478,0,3200,3200
9479,0,3200,3200
9480,0,3200,3200
9481,0,3200,3200
9482,0,3200,3200
9483,0,3200,3200
9484,0,3200,3200
9485,0,3200,3200
9486,0,3200,3200
9487,0,3200,3200
9488,0,3200,3200
9489,0,3200,3200
9490,0,3200,3200
9491,0,3200,3200
9492,0,3200,3200
9493,0,3200,3200
9494,0,3200,3200
9495,0,3200,3200
9496,0,3200,3200
9497,0,3200,3200
9498,0,3200,3200
9499,0,3200,3200
9500,0,3200,3200
9501,0,3200,3200
9502,0,3200,3200
9503,0,3200,3200
9504,0,3200,3200
9505,0,3200,3200
9506,0,3200,3200
9507,0,3200,3200
9508,0,3200,3200
9509,0,3200,3200
9510,0,3200,3200
9511,0,3200,3200
9512,0,3200,3200
9513,0,3200,3200
9514,0,3200,3200
9515,0,3200,3200
9516,0,3200,3200
9517,0,3200,3200
9518,0,3200,3200
9519,0,3200,3200
9520,0,3200,3200
9521,0,3200,3200
9522,0,3200,3200
9523,0,3200,3200
9524,0,3200,3200
9525,0,3200,3200
9526,0,3200,3200
9527,0,3200,3200
9528,0,3200,3200
9529,0,3200,3200
9530,0,3200,3200
9531,0,3200,3200
9532,0,3200,3200
9533,0,3200,3200
9534,0,3200,3200
9535,0,3200,3200
9536,0,3200,3200
9537,0,3200,3200
9538,0,3200,3200
9539,0,3200,3200
9540,0,3200,3200
9541,0,3200,3200
9542,0,3200,3200
9543,0,3200,3200
9544,0,3200,3200
9545,0,3200,3200
9546,0,3200,3200
9547,0,3200,3200
9548,0,3200,3200
9549,0,3200,3200
9550,0,3200,3200
9551,0,3200,3200
9552,0,3200,3200
9553,0,3200,3200
9554,0,3200,3200
9555,0,3200,3200
9556,0,3200,3200
9557,0,3200,3200
9558,0,3200,3200
9559,0,3200,3200
9560,0,3200,3200
9561,0,3200,3200
9562,0,3200,3200
9563,0,3200,3200
9564,0,3200,3200
9565,0,3200,3200
9566,0,3200,3200
9567,0,3200,3200
9568,0,3200,3200
9569,0,3200,3200
9570,0,3200,3200
9571,0,3200,3200
9572,0,3200,3200
9573,0,3200,3200
9574,0,3200,3200
9575,0,3200,3200
9576,0,3200,3200
9577,0,3200,3200
9578,0,3200,3200
9579,0,3200,3200
9580,0,3200,3200
9581,0,3200,3200
9582,0,3200,3200
9583,0,3200,3200
9584,0,3200,3200
9585,0,3200,3200
9586,0,3200,3200
9587,0,3200,3200
9588,0,3200,3200
9589,0,3200,3200
9590,0,3200,3200
9591,0,3200,3200
9592,0,3200,3200
9593,0,3200,3200
9594,0,3200,3200
9595,0,3200,3200
9596,0,3200,3200
9597,0,3200,3200
9598,0,3200,3200
9599,0,3200,3200
9600,0,3200,3200
9601,0,3200,3200
9602,0,3200,3200
9603,0,3200,3200
9604,0,3200,3200
9605,0,3200,3200
9606,0,3200,3200
9607,0,3200,3200
9608,0,3200,3200
9609,0,3200,3200
9610,0,3200,3200
9611,0,3200,3200
9612,0,3200,3200
9613,0,3200,3200
9614,0,3200,3200
9615,0,3200,3200
9616,0,3200,3200
9617,0,3200,3200
9618,0,3200,3200
9619,0,3200,3200
9620,0,3200,3200
9621,0,3200,3200
9622,0,3200,3200
9623,0,3200,3200
9624,0,3200,3200
9625,0,3200,3200
9626,0,3200,3200
9627,0,3200,3200
9628,0,3200,3200
9629,0,3200,3200
9630,0,3200,3200
9631,0,3200,3200
9632,0,3200,3200
9633,0,3200,3200
9634,0,3200,3200
9635,0,3200,3200
9636,0,3200,3200
9637,0,3200,3200
9638,0,3200,3200
9639,0,3200,3200
9640,0,3200,3200
9641,0,3200,3200
9642,0,3200,3200
9643,0,3200,3200
9644,0,3200,3200
9645,0,3200,3200
9646,0,3200,3200
9647,0,3200,3200
9648,0,3200,3200
9649,0,3200,3200
9650,0,3200,3200
9651,0,3200,3200
9652,0,3200,3200
9653,0,3200,3200
9654,0,3200,3200
9655,0,3200,3200
9656,0,3200,3200
9657,0,3200,3200
9658,0,3200,3200
9659,0,3200,3200
9660,0,3200,3200
9661,0,3200,3200
9662,0,3200,3200
9663,0,3200,3200
9664,0,3200,3200
9665,0,3200,3200
9666,0,3200,3200
9667,0,3200,3200
9668,0,3200,3200
9669,0,3200,3200
9670,0,3200,3200
9671,0,3200,3200
9672,0,3200,3200
9673,0,3200,3200
9674,0,3200,3200
9675,0,3200,3200
9676,0,3200,3200
9677,0,3200,3200
9678,0,3200,3200
9679,0,3200,3200
9680,0,3200,3200
9681,0,3200,3200
9682,0,3200,3200
9683,0,3200,3200
9684,0,3200,3200
9685,0,3200,3200
9686,0,3200,3200
9687,0,3200,3200
9688,0,3200,3200
9689,0,3200,3200
9690,0,3200,3200
9691,0,3200,3200
9692,0,3200,3200
9693,0,3200,3200
9694,0,3200,3200
9695,0,3200,3200
9696,0,3200,3200
9697,0,3200,3200
9698,0,3200,3200
9699,0,3200,3200
9700,0,3200,3200
9701,0,3200,3200
9702,0,3200,3200
9703,0,3200,3200
9704,0,3200,3200
9705,0,3200,3200
9706,0,3200,3200
9707,0,3200,3200
9708,0,3200,3200
9709,0,3200,3200
9710,0,3200,3200
9711,0,3200,3200
9712,0,3200,3200
9713,0,3200,3200
9714,0,3200,3200
9715,0,3200,3200
9716,0,3200,3200
9717,0,3200,3200
9718,0,3200,3200
9719,0,3200,3200
9720,0,3200,3200
9721,0,3200,3200
9722,0,3200,3200
9723,0,3200,3200
9724,0,3200,3200
9725,0,3200,3200
9726,0,3200,3200
9727,0,3200,3200
9728,0,3200,3200
9729,0,3200,3200
9730,0,3200,3200
9731,0,3200,3200
9732,0,3200,3200
9733,0,3200,3200
9734,0,3200,3200
9735,0,3200,3200
9736,0,3200,3200
9737,0,3200,3200
9738,0,3200,3200
9739,0,3200,3200
9740,0,3200,3200
9741,0,3200,3200
9742,0,3200,3200
9743,0,3200,3200
9744,0,3200,3200
9745,0,3200,3200
9746,0,3200,3200
9747,0,3200,3200
9748,0,3200,3200
9749,0,3200,3200
9750,0,3200,3200
9751,0,3200,3200
9752,0,3200,3200
9753,0,3200,3200
9754,0,3200,3200
9755,0,3200,3200
9756,0,3200,3200
9757,0,3200,3200
9758,0,3200,3200
9759,0,3200,3200
9760,0,3200,3200
9761,0,3200,3200
9762,0,3200,3200
9763,0,3200,3200
9764,0,3200,3200
9765,0,3200,3200
9766,0,3200,3200
9767,0,3200,3200
9768,0,3200,3200
9769,0,3200,3200
9770,0,3200,3200
9771,0,3200,3200
9772,0,3200,3200
9773,0,3200,3200
9774,0,3200,3200
9775,0,3200,3200
9776,0,3200,3200
9777,0,3200,3200
9778,0,3200,3200
9779,0,3200,3200
9780,0,3200,3200
9781,0,3200,3200
9782,0,3200,3200
9783,0,3200,3200
9784,0,3200,3200
9785,0,3200,3200
9786,0,3200,3200
9787,0,3200,3200
9788,0,3200,3200
9789,0,3200,3200
9790,0,3200,3200
9791,0,3200,3200
9792,0,3200,3200
9793,0,3200,3200
9794,0,3200,3200
9795,0,3200,3200
9796,0,3200,3200
9797,0,3200,3200
9798,0,3200,3200
9799,0,3200,3200
9800,0,3200,3200
9801,0,3200,3200
9802,0,3200,3200
9803,0,3200,3200
9804,0,3200,3200
9805,0,3200,3200
9806,0,3200,3200
9807,0,3200,3200
9808,0,3200,3200
9809,0,3200,3200
9810,0,3200,3200
9811,0,3200,3200
9812,0,3200,3200
9813,0,3200,3200
9814,0,3200,3200
9815,0,3200,3200
9816,0,3200,3200
9817,0,3200,3200
9818,0,3200,3200
9819,0,3200,3200
9820,0,3200,3200
9821,0,3200,3200
9822,0,3200,3200
9823,0,3200,3200
9824,0,3200,3200
9825,0,3200,3200
9826,0,3200,3200
9827,0,3200,3200
9828,0,3200,3200
9829,0,3200,3200
9830,0,3200,3200
9831,0,3200,3200
9832,0,3200,3200
9833,0,3200,3200
9834,0,3200,3200
9835,0,3200,3200
9836,0,3200,3200
9837,0,3200,3200
9838,0,3200,3200
9839,0,3200,3200
9840,0,3200,3200
9841,0,3200,3200
9842,0,3200,3200
9843,0,3200,3200
9844,0,3200,3200
9845,0,3200,3200
9846,0,3200,3200
9847,0,3200,3200
9848,0,3200,3200
9849,0,3200,3200
9850,0,3200,3200
9851,0,3200,3200
9852,0,3200,3200
9853,0,3200,3200
9854,0,3200,3200
9855,0,3200,3200
9856,0,3200,3200
9857,0,3200,3200
9858,0,3200,3200
9859,0,3200,3200
9860,0,3200,3200
9861,0,3200,3200
9862,0,3200,3200
9863,0,3200,3200
9864,0,3200,3200
9865,0,3200,3200
9866,0,3200,3200
9867,0,3200,3200
9868,0,3200,3200
9869,0,3200,3200
9870,0,3200,3200
9871,0,3200,3200
9872,0,3200,3200
9873,0,3200,3200
9874,0,3200,3200
9875,0,3200,3200
9876,0,3200,3200
9877,0,3200,3200
9878,0,3200,3200
9879,0,3200,3200
9880,0,3200,3200
9881,0,3200,3200
9882,0,3200,3200
9883,0,3200,3200
9884,0,3200,3200
9885,0,3200,3200
9886,0,3200,3200
9887,0,3200,3200
9888,0,3200,3200
9889,0,3200,3200
9890,0,3200,3200
9891,0,3200,3200
9892,0,3200,3200
9893,0,3200,3200
9894,0,3200,3200
9895,0,3200,3200
9896,0,3200,3200
9897,0,3200,3200
9898,0,3200,3200
9899,0,3200,3200
9900,0,3200,3200
9901,0,3200,3200
9902,0,3200,3200
9903,0,3200,3200
9904,0,3200,3200
9905,0,3200,3200
9906,0,3200,3200
9907,0,3200,3200
9908,0,3200,3200
9909,0,3200,3200
9910,0,3200,3200
9911,0,3200,3200
9912,0,3200,3200
9913,0,3200,3200
9914,0,3200,3200
9915,0,3200,3200
9916,0,3200,3200
9917,0,3200,3200
9918,0,3200,3200
9919,0,3200,3200
9920,0,3200,3200
9921,0,3200,3200
9922,0,3200,3200
9923,0,3200,3200
9924,0,3200,3200
9925,0,3200,3200
9926,0,3200,3200
9927,0,3200,3200
9928,0,3200,3200
9929,0,3200,3200
9930,0,3200,3200
9931,0,3200,3200
9932,0,3200,3200
9933,0,3200,3200
9934,0,3200,3200
9935,0,3200,3200
9936,0,3200,3200
9937,0,3200,3200
9938,0,3200,3200
9939,0,3200,3200
9940,0,3200,3200
9941,0,3200,3200
9942,0,3200,3200
9943,0,3200,3200
9944,0,3200,3200
9945,0,3200,3200
9946,0,3200,3200
9947,0,3200,3200
9948,0,3200,3200
9949,0,3200,3200
9950,0,3200,3200
9951,0,3200,3200
9952,0,3200,3200
9953,0,3200,3200
9954,0,3200,3200
9955,0,3200,3200
9956,0,3200,3200
9957,0,3200,3200
9958,0,3200,3200
9959,0,3200,3200
9960,0,3200,3200
9961,0,3200,3200
9962,0,3200,3200
9963,0,3200,3200
9964,0,3200,3200
9965,0,3200,3200
9966,0,3200,3200
9967,0,3200,3200
9968,0,3200,3200
9969,0,3200,3200
9970,0,3200,3200
9971,0,3200,3200
9972,0,3200,3200
9973,0,3200,3200
9974,0,3200,3200
9975,0,3200,3200
9976,0,3200,3200
9977,0,3200,3200
9978,0,3200,3200
9979,0,3200,3200
9980,0,3200,3200
9981,0,3200,3200
9982,0,3200,3200
9983,0,3200,3200
9984,0,3200,3200
9985,0,3200,3200
9986,0,3200,3200
9987,0,3200,3200
9988,0,3200,3200
9989,0,3200,3200
9990,0,3200,3200
9991,0,3200,3200
9992,0,3200,3200
9993,0,3200,3200
9994,0,3200,3200
9995,0,3200,3200
9996,0,3200,3200
9997,0,3200,3200
9998,0,3200,3200
9999,0,3200,3200
10000,0,3200,3200
10001,0,3200,3200
10002,0,3200,3200
10003,0,3200,3200
10004,0,3200,3200
10005,0,3200,3200
10006,0,3200,3200
10007,0,3200,3200
10008,0,3200,3200
10009,0,3200,3200
10010,0,3200,3200
10011,0,3200,3200
10012,0,3200,3200
10013,0,3200,3200
10014,0,3200,3200
10015,0,3200,3200
10016,0,3200,3200
10017,0,3200,3200
10018,0,3200,3200
10019,0,3200,3200
10020,0,3200,3200
10021,0,3200,3200
10022,0,3200,3200
10023,0,3200,3200
10024,0,3200,3200
10025,0,3200,3200
10026,0,3200,3200
10027,0,3200,3200
10028,0,3200,3200
10029,0,3200,3200
10030,0,3200,3200
10031,0,3200,3200
10032,0,3200,3200
10033,0,3200,3200
10034,0,3200,3200
10035,0,3200,3200
10036,0,3200,3200
10037,0,3200,3200
10038,0,3200,3200
10039,0,3200,3200
10040,0,3200,3200
10041,0,3200,3200
10042,0,3200,3200
10043,0,3200,3200
10044,0,3200,3200
10045,0,3200,3200
10046,0,3200,3200
10047,0,3200,3200
10048,0,3200,3200
10049,0,3200,3200
10050,0,3200,3200
10051,0,3200,3200
10052,0,3200,3200
10053,0,3200,3200
10054,0,3200,3200
10055,0,3200,3200
10056,0,3200,3200
10057,0,3200,3200
10058,0,3200,3200
10059,0,3200,3200
10060,0,3200,3200
10061,0,3200,3200
10062,0,3200,3200
10063,0,3200,3200
10064,0,3200,3200
10065,0,3200,3200
10066,0,3200,3200
10067,0,3200,3200
10068,0,3200,3200
10069,0,3200,3200
10070,0,3200,3200
10071,0,3200,3200
10072,0,3200,3200
10073,0,3200,3200
10074,0,3200,3200
10075,0,3200,3200
10076,0,3200,3200
10077,0,3200,3200
10078,0,3200,3200
10079,0,3200,3200
10080,0,3200,3200
10081,0,3200,3200
10082,0,3200,3200
10083,0,3200,3200
10084,0,3200,3200
10085,0,3200,3200
10086,0,3200,3200
10087,0,3200,3200
10088,0,3200,3200
10089,0,3200,3200
10090,0,3200,3200
10091,0,3200,3200
10092,0,3200,3200
10093,0,3200,3200
10094,0,3200,3200
10095,0,3200,3200
10096,0,3200,3200
10097,0,3200,3200
10098,0,3200,3200
10099,0,3200,3200
10100,0,3200,3200
10101,0,3200,3200
10102,0,3200,3200
10103,0,3200,3200
10104,0,3200,3200
10105,0,3200,3200
10106,0,3200,3200
10107,0,3200,3200
10108,0,3200,3200
10109,0,3200,3200
10110,0,3200,3200
10111,0,3200,3200
10112,0,3200,3200
10113,0,3200,3200
10114,0,3200,3200
10115,0,3200,3200
10116,0,3200,3200
10117,0,3200,3200
10118,0,3200,3200
10119,0,3200,3200
10120,0,3200,3200
10121,0,3200,3200
10122,0,3200,3200
10123,0,3200,3200
10124,0,3200,3200
10125,0,3200,3200
10126,0,3200,3200
10127,0,3200,3200
10128,0,3200,3200
10129,0,3200,3200
10130,0,3200,3200
10131,0,3200,3200
10132,0,3200,3200
10133,0,3200,3200
10134,0,3200,3200
10135,0,3200,3200
10136,0,3200,3200
10137,0,3200,3200
10138,0,3200,3200
10139,0,3200,3200
10140,0,3200,3200
10141,0,3200,3200
10142,0,3200,3200
10143,0,3200,3200
10144,0,3200,3200
10145,0,3200,3200
10146,0,3200,3200
10147,0,3200,3200
10148,0,3200,3200
10149,0,3200,3200
10150,0,3200,3200
10151,0,3200,3200
10152,0,3200,3200
10153,0,3200,3200
10154,0,3200,3200
10155,0,3200,3200
10156,0,3200,3200
10157,0,3200,3200
10158,0,3200,3200
10159,0,3200,3200
10160,0,3200,3200
10161,0,3200,3200
10162,0,3200,3200
10163,0,3200,3200
10164,0,3200,3200
10165,0,3200,3200
10166,0,3200,3200
10167,0,3200,3200
10168,0,3200,3200
10169,0,3200,3200
10170,0,3200,3200
10171,0,3200,3200
10172,0,3200,3200
10173,0,3200,3200
10174,0,3200,3200
10175,0,3200,3200
10176,0,3200,3200
10177,0,3200,3200
10178,0,3200,3200
10179,0,3200,3200
10180,0,3200,3200
10181,0,3200,3200
10182,0,3200,3200
10183,0,3200,3200
10184,0,3200,3200
10185,0,3200,3200
10186,0,3200,3200
10187,0,3200,3200
10188,0,3200,3200
10189,0,3200,3200
10190,0,3200,3200
10191,0,3200,3200
10192,0,3200,3200
10193,0,3200,3200
10194,0,3200,3200
10195,0,3200,3200
10196,0,3200,3200
10197,0,3200,3200
10198,0,3200,3200
10199,0,3200,3200
10200,0,3200,3200
10201,0,3200,3200
10202,0,3200,3200
10203,0,3200,3200
10204,0,3200,3200
10205,0,3200,3200
10206,0,3200,3200
10207,0,3200,3200
10208,0,3200,3200
10209,0,3200,3200
10210,0,3200,3200
10211,0,3200,3200
10212,0,3200,3200
10213,0,3200,3200
10214,0,3200,3200
10215,0,3200,3200
10216,0,3200,3200
10217,0,3200,3200
10218,0,3200,3200
10219,0,3200,3200
10220,0,3200,3200
10221,0,3200,3200
10222,0,3200,3200
10223,0,3200,3200
10224,0,3200,3200
10225,0,3200,3200
10226,0,3200,3200
10227,0,3200,3200
10228,0,3200,3200
10229,0,3200,3200
10230,0,3200,3200
10231,0,3200,3200
10232,0,3200,3200
10233,0,3200,3200
10234,0,3200,3200
10235,0,3200,3200
10236,0,3200,3200
10237,0,3200,3200
10238,0,3200,3200
10239,0,3200,3200
10240,0,3200,3200
10241,0,3200,3200
10242,0,3200,3200
10243,0,3200,3200
10244,0,3200,3200
10245,0,3200,3200
10246,0,3200,3200
10247,0,3200,3200
10248,0,3200,3200
10249,0,3200,3200
10250,0,3200,3200
10251,0,3200,3200
10252,0,3200,3200
10253,0,3200,3200
10254,0,3200,3200
10255,0,3200,3200
10256,0,3200,3200
10257,0,3200,3200
10258,0,3200,3200
10259,0,3200,3200
10260,0,3200,3200
10261,0,3200,3200
10262,0,3200,3200
10263,0,3200,3200
10264,0,3200,3200
10265,0,3200,3200
10266,0,3200,3200
10267,0,3200,3200
10268,0,3200,3200
10269,0,3200,3200
10270,0,3200,3200
10271,0,3200,3200
10272,0,3200,3200
10273,0,3200,3200
10274,0,3200,3200
10275,0,3200,3200
10276,0,3200,3200
10277,0,3200,3200
10278,0,3200,3200
10279,0,3200,3200
10280,0,3200,3200
10281,0,3200,3200
10282,0,3200,3200
10283,0,3200,3200
10284,0,3200,3200
10285,0,3200,3200
10286,0,3200,3200
10287,0,3200,3200
10288,0,3200,3200
10289,0,3200,3200
10290,0,3200,3200
10291,0,3200,3200
10292,0,3200,3200
10293,0,3200,3200
10294,0,3200,3200
10295,0,3200,3200
10296,0,3200,3200
10297,0,3200,3200
10298,0,3200,3200
10299,0,3200,3200
10300,0,3200,3200
10301,0,3200,3200
10302,0,3200,3200
10303,0,3200,3200
10304,0,3200,3200
10305,0,3200,3200
10306,0,3200,3200
10307,0,3200,3200
10308,0,3200,3200
10309,0,3200,3200
10310,0,3200,3200
10311,0,3200,3200
10312,0,3200,3200
10313,0,3200,3200
10314,0,3200,3200
10315,0,3200,3200
10316,0,3200,3200
10317,0,3200,3200
10318,0,3200,3200
10319,0,3200,3200
10320,0,3200,3200
10321,0,3200,3200
10322,0,3200,3200
10323,0,3200,3200
10324,0,3200,3200
10325,0,3200,3200
10326,0,3200,3200
10327,0,3200,3200
10328,0,3200,3200
10329,0,3200,3200
10330,0,3200,3200
10331,0,3200,3200
10332,0,3200,3200
10333,0,3200,3200
10334,0,3200,3200
10335,0,3200,3200
10336,0,3200,3200
10337,0,3200,3200
10338,0,3200,3200
10339,0,3200,3200
10340,0,3200,3200
10341,0,3200,3200
10342,0,3200,3200
10343,0,3200,3200
10344,0,3200,3200
10345,0,3200,3200
10346,0,3200,3200
10347,0,3200,3200
10348,0,3200,3200
10349,0,3200,3200
10350,0,3200,3200
10351,0,3200,3200
10352,0,3200,3200
10353,0,3200,3200
10354,0,3200,3200
10355,0,3200,3200
10356,0,3200,3200
10357,0,3200,3200
10358,0,3200,3200
10359,0,3200,3200
10360,0,3200,3200
10361,0,3200,3200
10362,0,3200,3200
10363,0,3200,3200
10364,0,3200,3200
10365,0,3200,3200
10366,0,3200,3200
10367,0,3200,3200
10368,0,3200,3200
10369,0,3200,3200
10370,0,3200,3200
10371,0,3200,3200
10372,0,3200,3200
10373,0,3200,3200
10374,0,3200,3200
10375,0,3200,3200
10376,0,3200,3200
10377,0,3200,3200
10378,0,3200,3200
10379,0,3200,3200
10380,0,3200,3200
10381,0,3200,3200
10382,0,3200,3200
10383,0,3200,3200
10384,0,3200,3200
10385,0,3200,3200
10386,0,3200,3200
10387,0,3200,3200
10388,0,3200,3200
10389,0,3200,3200
10390,0,3200,3200
10391,0,3200,3200
10392,0,3200,3200
10393,0,3200,3200
10394,0,3200,3200
10395,0,3200,3200
10396,0,3200,3200
10397,0,3200,3200
10398,0,3200,3200
10399,0,3200,3200
10400,0,3200,3200
10401,0,3200,3200
10402,0,3200,3200
10403,0,3200,3200
10404,0,3200,3200
10405,0,3200,3200
10406,0,3200,3200
10407,0,3200,3200
10408,0,3200,3200
10409,0,3200,3200
10410,0,3200,3200
10411,0,3200,3200
10412,0,3200,3200
10413,0,3200,3200
10414,0,3200,3200
10415,0,3200,3200
10416,0,3200,3200
10417,0,3200,3200
10418,0,3200,3200
10419,0,3200,3200
10420,0,3200,3200
10421,0,3200,3200
10422,0,3200,3200
10423,0,3200,3200
10424,0,3200,3200
10425,0,3200,3200
10426,0,3200,3200
10427,0,3200,3200
10428,0,3200,3200
10429,0,3200,3200
10430,0,3200,3200
10431,0,3200,3200
10432,0,3200,3200
10433,0,3200,3200
10434,0,3200,3200
10435,0,3200,3200
10436,0,3200,3200
10437,0,3200,3200
10438,0,3200,3200
10439,0,3200,3200
10440,0,3200,3200
10441,0,3200,3200
10442,0,3200,3200
10443,0,3200,3200
10444,0,3200,3200
10445,0,3200,3200
10446,0,3200,3200
10447,0,3200,3200
10448,0,3200,3200
10449,0,3200,3200
10450,0,3200,3200
10451,0,3200,3200
10452,0,3200,3200
10453,0,3200,3200
10454,0,3200,3200
10455,0,3200,3200
10456,0,3200,3200
10457,0,3200,3200
10458,0,3200,3200
10459,0,3200,3200
10460,0,3200,3200
10461,0,3200,3200
10462,0,3200,3200
10463,0,3200,3200
10464,0,3200,3200
10465,0,3200,3200
10466,0,3200,3200
10467,0,3200,3200
10468,0,3200,3200
10469,0,3200,3200
10470,0,3200,3200
10471,0,3200,3200
10472,0,3200,3200
10473,0,3200,3200
10474,0,3200,3200
10475,0,3200,3200
10476,0,3200,3200
10477,0,3200,3200
10478,0,3200,3200
10479,0,3200,3200
10480,0,3200,3200
10481,0,3200,3200
10482,0,3200,3200
10483,0,3200,3200
10484,0,3200,3200
10485,0,3200,3200
10486,0,3200,3200
10487,0,3200,3200
10488,0,3200,3200
10489,0,3200,3200
10490,0,3200,3200
10491,0,3200,3200
10492,0,3200,3200
10493,0,3200,3200
10494,0,3200,3200
10495,0,3200,3200
10496,0,3200,3200
10497,0,3200,3200
10498,0,3200,3200
10499,0,3200,3200
10500,0,3200,3200
10501,0,3200,3200
10502,0,3200,3200
10503,0,3200,3200
10504,0,3200,3200
10505,0,3200,3200
10506,0,3200,3200
10507,0,3200,3200
10508,0,3200,3200
10509,0,3200,3200
10510,0,3200,3200
10511,0,3200,3200
10512,0,3200,3200
10513,0,3200,3200
10514,0,3200,3200
10515,0,3200,3200
10516,0,3200,3200
10517,0,3200,3200
10518,0,3200,3200
10519,0,3200,3200
10520,0,3200,3200
10521,0,3200,3200
10522,0,3200,3200
10523,0,3200,3200
10524,0,3200,3200
10525,0,3200,3200
10526,0,3200,3200
10527,0,3200,3200
10528,0,3200,3200
10529,0,3200,3200
10530,0,3200,3200
10531,0,3200,3200
10532,0,3200,3200
10533,0,3200,3200
10534,0,3200,3200
10535,0,3200,3200
10536,0,3200,3200
10537,0,3200,3200
10538,0,3200,3200
10539,0,3200,3200
10540,0,3200,3200
10541,0,3200,3200
10542,0,3200,3200
10543,0,3200,3200
10544,0,3200,3200
10545,0,3200,3200
10546,0,3200,3200
10547,0,3200,3200
10548,0,3200,3200
10549,0,3200,3200
10550,0,3200,3200
10551,0,3200,3200
10552,0,3200,3200
10553,0,3200,3200
10554,0,3200,3200
10555,0,3200,3200
10556,0,3200,3200
10557,0,3200,3200
10558,0,3200,3200
10559,0,3200,3200
10560,0,3200,3200
10561,0,3200,3200
10562,0,3200,3200
10563,0,3200,3200
10564,0,3200,3200
10565,0,3200,3200
10566,0,3200,3200
10567,0,3200,3200
10568,0,3200,3200
10569,0,3200,3200
10570,0,3200,3200
10571,0,3200,3200
10572,0,3200,3200
10573,0,3200,3200
10574,0,3200,3200
10575,0,3200,3200
10576,0,3200,3200
10577,0,3200,3200
10578,0,3200,3200
10579,0,3200,3200
10580,0,3200,3200
10581,0,3200,3200
10582,0,3200,3200
10583,0,3200,3200
10584,0,3200,3200
10585,0,3200,3200
10586,0,3200,3200
10587,0,3200,3200
10588,0,3200,3200
10589,0,3200,3200
10590,0,3200,3200
10591,0,3200,3200
10592,0,3200,3200
10593,0,3200,3200
10594,0,3200,3200
10595,0,3200,3200
10596,0,3200,3200
10597,0,3200,3200
10598,0,3200,3200
10599,0,3200,3200
10600,0,3200,3200
10601,0,3200,3200
10602,0,3200,3200
10603,0,3200,3200
10604,0,3200,3200
10605,0,3200,3200
10606,0,3200,3200
10607,0,3200,3200
10608,0,3200,3200
10609,0,3200,3200
10610,0,3200,3200
10611,0,3200,3200
10612,0,3200,3200
10613,0,3200,3200
10614,0,3200,3200
10615,0,3200,3200
10616,0,3200,3200
10617,0,3200,3200
10618,0,3200,3200
10619,0,3200,3200
10620,0,3200,3200
10621,0,3200,3200
10622,0,3200,3200
10623,0,3200,3200
10624,0,3200,3200
10625,0,3200,3200
10626,0,3200,3200
10627,0,3200,3200
10628,0,3200,3200
10629,0,3200,3200
10630,0,3200,3200
10631,0,3200,3200
10632,0,3200,3200
10633,0,3200,3200
10634,0,3200,3200
10635,0,3200,3200
10636,0,3200,3200
10637,0,3200,3200
10638,0,3200,3200
10639,0,3200,3200
10640,0,3200,3200
10641,0,3200,3200
10642,0,3200,3200
10643,0,3200,3200
10644,0,3200,3200
10645,0,3200,3200
10646,0,3200,3200
10647,0,3200,3200
10648,0,3200,3200
10649,0,3200,3200
10650,0,3200,3200
10651,0,3200,3200
10652,0,3200,3200
10653,0,3200,3200
10654,0,3200,3200
10655,0,3200,3200
10656,0,3200,3200
10657,0,3200,3200
10658,0,3200,3200
10659,0,3200,3200
10660,0,3200,3200
10661,0,3200,3200
10662,0,3200,3200
10663,0,3200,3200
10664,0,3200,3200
10665,0,3200,3200
10666,0,3200,3200
10667,0,3200,3200
10668,0,3200,3200
10669,0,3200,3200
10670,0,3200,3200
10671,0,3200,3200
10672,0,3200,3200
10673,0,3200,3200
10674,0,3200,3200
10675,0,3200,3200
10676,0,3200,3200
10677,0,3200,3200
10678,0,3200,3200
10679,0,3200,3200
10680,0,3200,3200
10681,0,3200,3200
10682,0,3200,3200
10683,0,3200,3200
10684,0,3200,3200
10685,0,3200,3200
10686,0,3200,3200
10687,0,3200,3200
10688,0,3200,3200
10689,0,3200,3200
10690,0,3200,3200
10691,0,3200,3200
10692,0,3200,3200
10693,0,3200,3200
10694,0,3200,3200
10695,0,3200,3200
10696,0,3200,3200
10697,0,3200,3200
10698,0,3200,3200
10699,0,3200,3200
10700,0,3200,3200
10701,0,3200,3200
10702,0,3200,3200
10703,0,3200,3200
10704,0,3200,3200
10705,0,3200,3200
10706,0,3200,3200
10707,0,3200,3200
10708,0,3200,3200
10709,0,3200,3200
10710,0,3200,3200
10711,0,3200,3200
10712,0,3200,3200
10713,0,3200,3200
10714,0,3200,3200
10715,0,3200,3200
10716,0,3200,3200
10717,0,3200,3200
10718,0,3200,3200
10719,0,3200,3200
10720,0,3200,3200
10721,0,3200,3200
10722,0,3200,3200
10723,0,3200,3200
10724,0,3200,3200
10725,0,3200,3200
10726,0,3200,3200
10727,0,3200,3200
10728,0,3200,3200
10729,0,3200,3200
10730,0,3200,3200
10731,0,3200,3200
10732,0,3200,3200
10733,0,3200,3200
10734,0,3200,3200
10735,0,3200,3200
10736,0,3200,3200
10737,0,3200,3200
10738,0,3200,3200
10739,0,3200,3200
10740,0,3200,3200
10741,0,3200,3200
10742,0,3200,3200
10743,0,3200,3200
10744,0,3200,3200
10745,0,3200,3200
10746,0,3200,3200
10747,0,3200,3200
10748,0,3200,3200
10749,0,3200,3200
10750,0,3200,3200
10751,0,3200,3200
10752,0,3200,3200
10753,0,3200,3200
10754,0,3200,3200
10755,0,3200,3200
10756,0,3200,3200
10757,0,3200,3200
10758,0,3200,3200
10759,0,3200,3200
10760,0,3200,3200
10761,0,3200,3200
10762,0,3200,3200
10763,0,3200,3200
10764,0,3200,3200
10765,0,3200,3200
10766,0,3200,3200
10767,0,3200,3200
10768,0,3200,3200
10769,0,3200,3200
10770,0,3200,3200
10771,0,3200,3200
10772,0,3200,3200
10773,0,3200,3200
10774,0,3200,3200
10775,0,3200,3200
10776,0,3200,3200
10777,0,3200,3200
10778,0,3200,3200
10779,0,3200,3200
10780,0,3200,3200
10781,0,3200,3200
10782,0,3200,3200
10783,0,3200,3200
10784,0,3200,3200
10785,0,3200,3200
10786,0,3200,3200
10787,0,3200,3200
10788,0,3200,3200
10789,0,3200,3200
10790,0,3200,3200
10791,0,3200,3200
10792,0,3200,3200
10793,0,3200,3200
10794,0,3200,3200
10795,0,3200,3200
10796,0,3200,3200
10797,0,3200,3200
10798,0,3200,3200
10799,0,3200,3200
10800,0,3200,3200
10801,0,3200,3200
10802,0,3200,3200
10803,0,3200,3200
10804,0,3200,3200
10805,0,3200,3200
10806,0,3200,3200
10807,0,3200,3200
10808,0,3200,3200
10809,0,3200,3200
10810,0,3200,3200
10811,0,3200,3200
10812,0,3200,3200
10813,0,3200,3200
10814,0,3200,3200
10815,0,3200,3200
10816,0,3200,3200
10817,0,3200,3200
10818,0,3200,3200
10819,0,3200,3200
10820,0,3200,3200
10821,0,3200,3200
10822,0,3200,3200
10823,0,3200,3200
10824,0,3200,3200
10825,0,3200,3200
10826,0,3200,3200
10827,0,3200,3200
10828,0,3200,3200
10829,0,3200,3200
10830,0,3200,3200
10831,0,3200,3200
10832,0,3200,3200
10833,0,3200,3200
10834,0,3200,3200
10835,0,3200,3200
10836,0,3200,3200
10837,0,3200,3200
10838,0,3200,3200
10839,0,3200,3200
10840,0,3200,3200
10841,0,3200,3200
10842,0,3200,3200
10843,0,3200,3200
10844,0,3200,3200
10845,0,3200,3200
10846,0,3200,3200
10847,0,3200,3200
10848,0,3200,3200
10849,0,3200,3200
10850,0,3200,3200
10851,0,3200,3200
10852,0,3200,3200
10853,0,3200,3200
10854,0,3200,3200
10855,0,3200,3200
10856,0,3200,3200
10857,0,3200,3200
10858,0,3200,3200
10859,0,3200,3200
10860,0,3200,3200
10861,0,3200,3200
10862,0,3200,3200
10863,0,3200,3200
10864,0,3200,3200
10865,0,3200,3200
10866,0,3200,3200
10867,0,3200,3200
10868,0,3200,3200
10869,0,3200,3200
10870,0,3200,3200
10871,0,3200,3200
10872,0,3200,3200
10873,0,3200,3200
10874,0,3200,3200
10875,0,3200,3200
10876,0,3200,3200
10877,0,3200,3200
10878,0,3200,3200
10879,0,3200,3200
10880,0,3200,3200
10881,0,3200,3200
10882,0,3200,3200
10883,0,3200,3200
10884,0,3200,3200
10885,0,3200,3200
10886,0,3200,3200
10887,0,3200,3200
10888,0,3200,3200
10889,0,3200,3200
10890,0,3200,3200
10891,0,3200,3200
10892,0,3200,3200
10893,0,3200,3200
10894,0,3200,3200
10895,0,3200,3200
10896,0,3200,3200
10897,0,3200,3200
10898,0,3200,3200
10899,0,3200,3200
10900,0,3200,3200
10901,0,3200,3200
10902,0,3200,3200
10903,0,3200,3200
10904,0,3200,3200
10905,0,3200,3200
10906,0,3200,3200
10907,0,3200,3200
10908,0,3200,3200
10909,0,3200,3200
10910,0,3200,3200
10911,0,3200,3200
10912,0,3200,3200
10913,0,3200,3200
10914,0,3200,3200
10915,0,3200,3200
10916,0,3200,3200
10917,0,3200,3200
10918,0,3200,3200
10919,0,3200,3200
10920,0,3200,3200
10921,0,3200,3200
10922,0,3200,3200
10923,0,3200,3200
10924,0,3200,3200
10925,0,3200,3200
10926,0,3200,3200
10927,0,3200,3200
10928,0,3200,3200
10929,0,3200,3200
10930,0,3200,3200
10931,0,3200,3200
10932,0,3200,3200
10933,0,3200,3200
10934,0,3200,3200
10935,0,3200,3200
10936,0,3200,3200
10937,0,3200,3200
10938,0,3200,3200
10939,0,3200,3200
10940,0,3200,3200
10941,0,3200,3200
10942,0,3200,3200
10943,0,3200,3200
10944,0,3200,3200
10945,0,3200,3200
10946,0,3200,3200
10947,0,3200,3200
10948,0,3200,3200
10949,0,3200,3200
10950,0,3200,3200
10951,0,3200,3200
10952,0,3200,3200
10953,0,3200,3200
10954,0,3200,3200
10955,0,3200,3200
10956,0,3200,3200
10957,0,3200,3200
10958,0,3200,3200
10959,0,3200,3200
10960,0,3200,3200
10961,0,3200,3200
10962,0,3200,3200
10963,0,3200,3200
10964,0,3200,3200
10965,0,3200,3200
10966,0,3200,3200
10967,0,3200,3200
10968,0,3200,3200
10969,0,3200,3200
10970,0,3200,3200
10971,0,3200,3200
10972,0,3200,3200
10973,0,3200,3200
10974,0,3200,3200
10975,0,3200,3200
10976,0,3200,3200
10977,0,3200,3200
10978,0,3200,3200
10979,0,3200,3200
10980,0,3200,3200
10981,0,3200,3200
10982,0,3200,3200
10983,0,3200,3200
10984,0,3200,3200
10985,0,3200,3200
10986,0,3200,3200
10987,0,3200,3200
10988,0,3200,3200
10989,0,3200,3200
10990,0,3200,3200
10991,0,3200,3200
10992,0,3200,3200
10993,0,3200,3200
10994,0,3200,3200
10995,0,3200,3200
10996,0,3200,3200
10997,0,3200,3200
10998,0,3200,3200
10999,0,3200,3200
11000,0,3200,3200
11001,0,3200,3200
11002,0,3200,3200
11003,0,3200,3200
11004,0,3200,3200
11005,0,3200,3200
11006,0,3200,3200
11007,0,3200,3200
11008,0,3200,3200
11009,0,3200,3200
11010,0,3200,3200
11011,0,3200,3200
11012,0,3200,3200
11013,0,3200,3200
11014,0,3200,3200
11015,0,3200,3200
11016,0,3200,3200
11017,0,3200,3200
11018,0,3200,3200
11019,0,3200,3200
11020,0,3200,3200
11021,0,3200,3200
11022,0,3200,3200
11023,0,3200,3200
11024,0,3200,3200
11025,0,3200,3200
11026,0,3200,3200
11027,0,3200,3200
11028,0,3200,3200
11029,0,3200,3200
11030,0,3200,3200
11031,0,3200,3200
11032,0,3200,3200
11033,0,3200,3200
11034,0,3200,3200
11035,0,3200,3200
11036,0,3200,3200
11037,0,3200,3200
11038,0,3200,3200
11039,0,3200,3200
11040,0,3200,3200
11041,0,3200,3200
11042,0,3200,3200
11043,0,3200,3200
11044,0,3200,3200
11045,0,3200,3200
11046,0,3200,3200
11047,0,3200,3200
11048,0,3200,3200
11049,0,3200,3200
11050,0,3200,3200
11051,0,3200,3200
11052,0,3200,3200
11053,0,3200,3200
11054,0,3200,3200
11055,0,3200,3200
11056,0,3200,3200
11057,0,3200,3200
11058,0,3200,3200
11059,0,3200,3200
11060,0,3200,3200
11061,0,3200,3200
11062,0,3200,3200
11063,0,3200,3200
11064,0,3200,3200
11065,0,3200,3200
11066,0,3200,3200
11067,0,3200,3200
11068,0,3200,3200
11069,0,3200,3200
11070,0,3200,3200
11071,0,3200,3200
11072,0,3200,3200
11073,0,3200,3200
11074,0,3200,3200
11075,0,3200,3200
11076,0,3200,3200
11077,0,3200,3200
11078,0,3200,3200
11079,0,3200,3200
11080,0,3200,3200
11081,0,3200,3200
11082,0,3200,3200
11083,0,3200,3200
11084,0,3200,3200
11085,0,3200,3200
11086,0,3200,3200
11087,0,3200,3200
11088,0,3200,3200
11089,0,3200,3200
11090,0,3200,3200
11091,0,3200,3200
11092,0,3200,3200
11093,0,3200,3200
11094,0,3200,3200
11095,0,3200,3200
11096,0,3200,3200
11097,0,3200,3200
11098,0,3200,3200
11099,0,3200,3200
11100,0,3200,3200
11101,0,3200,3200
11102,0,3200,3200
11103,0,3200,3200
11104,0,3200,3200
11105,0,3200,3200
11106,0,3200,3200
11107,0,3200,3200
11108,0,3200,3200
11109,0,3200,3200
11110,0,3200,3200
11111,0,3200,3200
11112,0,3200,3200
11113,0,3200,3200
11114,0,3200,3200
11115,0,3200,3200
11116,0,3200,3200
11117,0,3200,3200
11118,0,3200,3200
11119,0,3200,3200
11120,0,3200,3200
11121,0,3200,3200
11122,0,3200,3200
11123,0,3200,3200
11124,0,3200,3200
11125,0,3200,3200
11126,0,3200,3200
11127,0,3200,3200
11128,0,3200,3200
11129,0,3200,3200
11130,0,3200,3200
11131,0,3200,3200
11132,0,3200,3200
11133,0,3200,3200
11134,0,3200,3200
11135,0,3200,3200
11136,0,3200,3200
11137,0,3200,3200
11138,0,3200,3200
11139,0,3200,3200
11140,0,3200,3200
11141,0,3200,3200
11142,0,3200,3200
11143,0,3200,3200
11144,0,3200,3200
11145,0,3200,3200
11146,0,3200,3200
11147,0,3200,3200
11148,0,3200,3200
11149,0,3200,3200
11150,0,3200,3200
11151,0,3200,3200
11152,0,3200,3200
11153,0,3200,3200
11154,0,3200,3200
11155,0,3200,3200
11156,0,3200,3200
11157,0,3200,3200
11158,0,3200,3200
11159,0,3200,3200
11160,0,3200,3200
11161,0,3200,3200
11162,0,3200,3200
11163,0,3200,3200
11164,0,3200,3200
11165,0,3200,3200
11166,0,3200,3200
11167,0,3200,3200
11168,0,3200,3200
11169,0,3200,3200
11170,0,3200,3200
11171,0,3200,3200
11172,0,3200,3200
11173,0,3200,3200
11174,0,3200,3200
11175,0,3200,3200
11176,0,3200,3200
11177,0,3200,3200
11178,0,3200,3200
11179,0,3200,3200
11180,0,3200,3200
11181,0,3200,3200
11182,0,3200,3200
11183,0,3200,3200
11184,0,3200,3200
11185,0,3200,3200
11186,0,3200,3200
11187,0,3200,3200
11188,0,3200,3200
11189,0,3200,3200
11190,0,3200,3200
11191,0,3200,3200
11192,0,3200,3200
11193,0,3200,3200
11194,0,3200,3200
11195,0,3200,3200
11196,0,3200,3200
11197,0,3200,3200
11198,0,3200,3200
11199,0,3200,3200
11200,0,3200,3200
11201,0,3200,3200
11202,0,3200,3200
11203,0,3200,3200
11204,0,3200,3200
11205,0,3200,3200
11206,0,3200,3200
11207,0,3200,3200
11208,0,3200,3200
11209,0,3200,3200
11210,0,3200,3200
11211,0,3200,3200
11212,0,3200,3200
11213,0,3200,3200
11214,0,3200,3200
11215,0,3200,3200
11216,0,3200,3200
11217,0,3200,3200
11218,0,3200,3200
11219,0,3200,3200
11220,0,3200,3200
11221,0,3200,3200
11222,0,3200,3200
11223,0,3200,3200
11224,0,3200,3200
11225,0,3200,3200
11226,0,3200,3200
11227,0,3200,3200
11228,0,3200,3200
11229,0,3200,3200
11230,0,3200,3200
11231,0,3200,3200
11232,0,3200,3200
11233,0,3200,3200
11234,0,3200,3200
11235,0,3200,3200
11236,0,3200,3200
11237,0,3200,3200
11238,0,3200,3200
11239,0,3200,3200
11240,0,3200,3200
11241,0,3200,3200
11242,0,3200,3200
11243,0,3200,3200
11244,0,3200,3200
11245,0,3200,3200
11246,0,3200,3200
11247,0,3200,3200
11248,0,3200,3200
11249,0,3200,3200
11250,0,3200,3200
11251,0,3200,3200
11252,0,3200,3200
11253,0,3200,3200
11254,0,3200,3200
11255,0,3200,3200
11256,0,3200,3200
11257,0,3200,3200
11258,0,3200,3200
11259,0,3200,3200
11260,0,3200,3200
11261,0,3200,3200
11262,0,3200,3200
11263,0,3200,3200
11264,0,3200,3200
11265,0,3200,3200
11266,0,3200,3200
11267,0,3200,3200
11268,0,3200,3200
11269,0,3200,3200
11270,0,3200,3200
11271,0,3200,3200
11272,0,3200,3200
11273,0,3200,3200
11274,0,3200,3200
11275,0,3200,3200
11276,0,3200,3200
11277,0,3200,3200
11278,0,3200,3200
11279,0,3200,3200
11280,0,3200,3200
11281,0,3200,3200
11282,0,3200,3200
11283,0,3200,3200
11284,0,3200,3200
11285,0,3200,3200
11286,0,3200,3200
11287,0,3200,3200
11288,0,3200,3200
11289,0,3200,3200
11290,0,3200,3200
11291,0,3200,3200
11292,0,3200,3200
11293,0,3200,3200
11294,0,3200,3200
11295,0,3200,3200
11296,0,3200,3200
11297,0,3200,3200
11298,0,3200,3200
11299,0,3200,3200
11300,0,3200,3200
11301,0,3200,3200
11302,0,3200,3200
11303,0,3200,3200
11304,0,3200,3200
11305,0,3200,3200
11306,0,3200,3200
11307,0,3200,3200
11308,0,3200,3200
11309,0,3200,3200
11310,0,3200,3200
11311,0,3200,3200
11312,0,3200,3200
11313,0,3200,3200
11314,0,3200,3200
11315,0,3200,3200
11316,0,3200,3200
11317,0,3200,3200
11318,0,3200,3200
11319,0,3200,3200
11320,0,3200,3200
11321,0,3200,3200
11322,0,3200,3200
11323,0,3200,3200
11324,0,3200,3200
11325,0,3200,3200
11326,0,3200,3200
11327,0,3200,3200
11328,0,3200,3200
11329,0,3200,3200
11330,0,3200,3200
11331,0,3200,3200
11332,0,3200,3200
11333,0,3200,3200
11334,0,3200,3200
11335,0,3200,3200
11336,0,3200,3200
11337,0,3200,3200
11338,0,3200,3200
11339,0,3200,3200
11340,0,3200,3200
11341,0,3200,3200
11342,0,3200,3200
11343,0,3200,3200
11344,0,3200,3200
11345,0,3200,3200
11346,0,3200,3200
11347,0,3200,3200
11348,0,3200,3200
11349,0,3200,3200
11350,0,3200,3200
11351,0,3200,3200
11352,0,3200,3200
11353,0,3200,3200
11354,0,3200,3200
11355,0,3200,3200
11356,0,3200,3200
11357,0,3200,3200
11358,0,3200,3200
11359,0,3200,3200
11360,0,3200,3200
11361,0,3200,3200
11362,0,3200,3200
11363,0,3200,3200
11364,0,3200,3200
11365,0,3200,3200
11366,0,3200,3200
11367,0,3200,3200
11368,0,3200,3200
11369,0,3200,3200
11370,0,3200,3200
11371,0,3200,3200
11372,0,3200,3200
11373,0,3200,3200
11374,0,3200,3200
11375,0,3200,3200
11376,0,3200,3200
11377,0,3200,3200
11378,0,3200,3200
11379,0,3200,3200
11380,0,3200,3200
11381,0,3200,3200
11382,0,3200,3200
11383,0,3200,3200
11384,0,3200,3200
11385,0,3200,3200
11386,0,3200,3200
11387,0,3200,3200
11388,0,3200,3200
11389,0,3200,3200
11390,0,3200,3200
11391,0,3200,3200
11392,0,3200,3200
11393,0,3200,3200
11394,0,3200,3200
11395,0,3200,3200
11396,0,3200,3200
11397,0,3200,3200
11398,0,3200,3200
11399,0,3200,3200
11400,0,3200,3200
11401,0,3200,3200
11402,0,3200,3200
11403,0,3200,3200
11404,0,3200,3200
11405,0,3200,3200
11406,0,3200,3200
11407,0,3200,3200
11408,0,3200,3200
11409,0,3200,3200
11410,0,3200,3200
11411,0,3200,3200
11412,0,3200,3200
11413,0,3200,3200
11414,0,3200,3200
11415,0,3200,3200
11416,0,3200,3200
11417,0,3200,3200
11418,0,3200,3200
11419,0,3200,3200
11420,0,3200,3200
11421,0,3200,3200
11422,0,3200,3200
11423,0,3200,3200
11424,0,3200,3200
11425,0,3200,3200
11426,0,3200,3200
11427,0,3200,3200
11428,0,3200,3200
11429,0,3200,3200
11430,0,3200,3200
11431,0,3200,3200
11432,0,3200,3200
11433,0,3200,3200
11434,0,3200,3200
11435,0,3200,3200
11436,0,3200,3200
11437,0,3200,3200
11438,0,3200,3200
11439,0,3200,3200
11440,0,3200,3200
11441,0,3200,3200
11442,0,3200,3200
11443,0,3200,3200
11444,0,3200,3200
11445,0,3200,3200
11446,0,3200,3200
11447,0,3200,3200
11448,0,3200,3200
11449,0,3200,3200
11450,0,3200,3200
11451,0,3200,3200
11452,0,3200,3200
11453,0,3200,3200
11454,0,3200,3200
11455,0,3200,3200
11456,0,3200,3200
11457,0,3200,3200
11458,0,3200,3200
11459,0,3200,3200
11460,0,3200,3200
11461,0,3200,3200
11462,0,3200,3200
11463,0,3200,3200
11464,0,3200,3200
11465,0,3200,3200
11466,0,3200,3200
11467,0,3200,3200
11468,0,3200,3200
11469,0,3200,3200
11470,0,3200,3200
11471,0,3200,3200
11472,0,3200,3200
11473,0,3200,3200
11474,0,3200,3200
11475,0,3200,3200
11476,0,3200,3200
11477,0,3200,3200
11478,0,3200,3200
11479,0,3200,3200
11480,0,3200,3200
11481,0,3200,3200
11482,0,3200,3200
11483,0,3200,3200
11484,0,3200,3200
11485,0,3200,3200
11486,0,3200,3200
11487,0,3200,3200
11488,0,3200,3200
11489,0,3200,3200
11490,0,3200,3200
11491,0,3200,3200
11492,0,3200,3200
11493,0,3200,3200
11494,0,3200,3200
11495,0,3200,3200
11496,0,3200,3200
11497,0,3200,3200
11498,0,3200,3200
11499,0,3200,3200
11500,0,3200,3200
11501,0,3200,3200
11502,0,3200,3200
11503,0,3200,3200
11504,0,3200,3200
11505,0,3200,3200
11506,0,3200,3200
11507,0,3200,3200
11508,0,3200,3200
11509,0,3200,3200
11510,0,3200,3200
11511,0,3200,3200
11512,0,3200,3200
11513,0,3200,3200
11514,0,3200,3200
11515,0,3200,3200
11516,0,3200,3200
11517,0,3200,3200
11518,0,3200,3200
11519,0,3200,3200
11520,0,3200,3200
11521,0,3200,3200
11522,0,3200,3200
11523,0,3200,3200
11524,0,3200,3200
11525,0,3200,3200
11526,0,3200,3200
11527,0,3200,3200
11528,0,3200,3200
11529,0,3200,3200
11530,0,3200,3200
11531,0,3200,3200
11532,0,3200,3200
11533,0,3200,3200
11534,0,3200,3200
11535,0,3200,3200
11536,0,3200,3200
11537,0,3200,3200
11538,0,3200,3200
11539,0,3200,3200
11540,0,3200,3200
11541,0,3200,3200
11542,0,3200,3200
11543,0,3200,3200
11544,0,3200,3200
11545,0,3200,3200
11546,0,3200,3200
11547,0,3200,3200
11548,0,3200,3200
11549,0,3200,3200
11550,0,3200,3200
11551,0,3200,3200
11552,0,3200,3200
11553,0,3200,3200
11554,0,3200,3200
11555,0,3200,3200
11556,0,3200,3200
11557,0,3200,3200
11558,0,3200,3200
11559,0,3200,3200
11560,0,3200,3200
11561,0,3200,3200
11562,0,3200,3200
11563,0,3200,3200
11564,0,3200,3200
11565,0,3200,3200
11566,0,3200,3200
11567,0,3200,3200
11568,0,3200,3200
11569,0,3200,3200
11570,0,3200,3200
11571,0,3200,3200
11572,0,3200,3200
11573,0,3200,3200
11574,0,3200,3200
11575,0,3200,3200
11576,0,3200,3200
11577,0,3200,3200
11578,0,3200,3200
11579,0,3200,3200
11580,0,3200,3200
11581,0,3200,3200
11582,0,3200,3200
11583,0,3200,3200
11584,0,3200,3200
11585,0,3200,3200
11586,0,3200,3200
11587,0,3200,3200
11588,0,3200,3200
11589,0,3200,3200
11590,0,3200,3200
11591,0,3200,3200
11592,0,3200,3200
11593,0,3200,3200
11594,0,3200,3200
11595,0,3200,3200
11596,0,3200,3200
11597,0,3200,3200
11598,0,3200,3200
11599,0,3200,3200
11600,0,3200,3200
11601,0,3200,3200
11602,0,3200,3200
11603,0,3200,3200
11604,0,3200,3200
11605,0,3200,3200
11606,0,3200,3200
11607,0,3200,3200
11608,0,3200,3200
11609,0,3200,3200
11610,0,3200,3200
11611,0,3200,3200
11612,0,3200,3200
11613,0,3200,3200
11614,0,3200,3200
11615,0,3200,3200
11616,0,3200,3200
11617,0,3200,3200
11618,0,3200,3200
11619,0,3200,3200
11620,0,3200,3200
11621,0,3200,3200
11622,0,3200,3200
11623,0,3200,3200
11624,0,3200,3200
11625,0,3200,3200
11626,0,3200,3200
11627,0,3200,3200
11628,0,3200,3200
11629,0,3200,3200
11630,0,3200,3200
11631,0,3200,3200
11632,0,3200,3200
11633,0,3200,3200
11634,0,3200,3200
11635,0,3200,3200
11636,0,3200,3200
11637,0,3200,3200
11638,0,3200,3200
11639,0,3200,3200
11640,0,3200,3200
11641,0,3200,3200
11642,0,3200,3200
11643,0,3200,3200
11644,0,3200,3200
11645,0,3200,3200
11646,0,3200,3200
11647,0,3200,3200
11648,0,3200,3200
11649,0,3200,3200
11650,0,3200,3200
11651,0,3200,3200
11652,0,3200,3200
11653,0,3200,3200
11654,0,3200,3200
11655,0,3200,3200
11656,0,3200,3200
11657,0,3200,3200
11658,0,3200,3200
11659,0,3200,3200
11660,0,3200,3200
11661,0,3200,3200
11662,0,3200,3200
11663,0,3200,3200
11664,0,3200,3200
11665,0,3200,3200
11666,0,3200,3200
11667,0,3200,3200
11668,0,3200,3200
11669,0,3200,3200
11670,0,3200,3200
11671,0,3200,3200
11672,0,3200,3200
11673,0,3200,3200
11674,0,3200,3200
11675,0,3200,3200
11676,0,3200,3200
11677,0,3200,3200
11678,0,3200,3200
11679,0,3200,3200
11680,0,3200,3200
11681,0,3200,3200
11682,0,3200,3200
11683,0,3200,3200
11684,0,3200,3200
11685,0,3200,3200
11686,0,3200,3200
11687,0,3200,3200
11688,0,3200,3200
11689,0,3200,3200
11690,0,3200,3200
11691,0,3200,3200
11692,0,3200,3200
11693,0,3200,3200
11694,0,3200,3200
11695,0,3200,3200
11696,0,3200,3200
11697,0,3200,3200
11698,0,3200,3200
11699,0,3200,3200
11700,0,3200,3200
11701,0,3200,3200
11702,0,3200,3200
11703,0,3200,3200
11704,0,3200,3200
11705,0,3200,3200
11706,0,3200,3200
11707,0,3200,3200
11708,0,3200,3200
11709,0,3200,3200
11710,0,3200,3200
11711,0,3200,3200
11712,0,3200,3200
11713,0,3200,3200
11714,0,3200,3200
11715,0,3200,3200
11716,0,3200,3200
11717,0,3200,3200
11718,0,3200,3200
11719,0,3200,3200
11720,0,3200,3200
11721,0,3200,3200
11722,0,3200,3200
11723,0,3200,3200
11724,0,3200,3200
11725,0,3200,3200
11726,0,3200,3200
11727,0,3200,3200
11728,0,3200,3200
11729,0,3200,3200
11730,0,3200,3200
11731,0,3200,3200
11732,0,3200,3200
11733,0,3200,3200
11734,0,3200,3200
11735,0,3200,3200
11736,0,3200,3200
11737,0,3200,3200
11738,0,3200,3200
11739,0,3200,3200
11740,0,3200,3200
11741,0,3200,3200
11742,0,3200,3200
11743,0,3200,3200
11744,0,3200,3200
11745,0,3200,3200
11746,0,3200,3200
11747,0,3200,3200
11748,0,3200,3200
11749,0,3200,3200
11750,0,3200,3200
11751,0,3200,3200
11752,0,3200,3200
11753,0,3200,3200
11754,0,3200,3200
11755,0,3200,3200
11756,0,3200,3200
11757,0,3200,3200
11758,0,3200,3200
11759,0,3200,3200
11760,0,3200,3200
11761,0,3200,3200
11762,0,3200,3200
11763,0,3200,3200
11764,0,3200,3200
11765,0,3200,3200
11766,0,3200,3200
11767,0,3200,3200
11768,0,3200,3200
11769,0,3200,3200
11770,0,3200,3200
11771,0,3200,3200
11772,0,3200,3200
11773,0,3200,3200
11774,0,3200,3200
11775,0,3200,3200
11776,0,3200,3200
11777,0,3200,3200
11778,0,3200,3200
11779,0,3200,3200
11780,0,3200,3200
11781,0,3200,3200
11782,0,3200,3200
11783,0,3200,3200
11784,0,3200,3200
11785,0,3200,3200
11786,0,3200,3200
11787,0,3200,3200
11788,0,3200,3200
11789,0,3200,3200
11790,0,3200,3200
11791,0,3200,3200
11792,0,3200,3200
11793,0,3200,3200
11794,0,3200,3200
11795,0,3200,3200
11796,0,3200,3200
11797,0,3200,3200
11798,0,3200,3200
11799,0,3200,3200
11800,0,3200,3200
11801,0,3200,3200
11802,0,3200,3200
11803,0,3200,3200
11804,0,3200,3200
11805,0,3200,3200
11806,0,3200,3200
11807,0,3200,3200
11808,0,3200,3200
11809,0,3200,3200
11810,0,3200,3200
11811,0,3200,3200
11812,0,3200,3200
11813,0,3200,3200
11814,0,3200,3200
11815,0,3200,3200
11816,0,3200,3200
11817,0,3200,3200
11818,0,3200,3200
11819,0,3200,3200
11820,0,3200,3200
11821,0,3200,3200
11822,0,3200,3200
11823,0,3200,3200
11824,0,3200,3200
11825,0,3200,3200
11826,0,3200,3200
11827,0,3200,3200
11828,0,3200,3200
11829,0,3200,3200
11830,0,3200,3200
11831,0,3200,3200
11832,0,3200,3200
11833,0,3200,3200
11834,0,3200,3200
11835,0,3200,3200
11836,0,3200,3200
11837,0,3200,3200
11838,0,3200,3200
11839,0,3200,3200
11840,0,3200,3200
11841,0,3200,3200
11842,0,3200,3200
11843,0,3200,3200
11844,0,3200,3200
11845,0,3200,3200
11846,0,3200,3200
11847,0,3200,3200
11848,0,3200,3200
11849,0,3200,3200
11850,0,3200,3200
11851,0,3200,3200
11852,0,3200,3200
11853,0,3200,3200
11854,0,3200,3200
11855,0,3200,3200
11856,0,3200,3200
11857,0,3200,3200
11858,0,3200,3200
11859,0,3200,3200
11860,0,3200,3200
11861,0,3200,3200
11862,0,3200,3200
11863,0,3200,3200
11864,0,3200,3200
11865,0,3200,3200
11866,0,3200,3200
11867,0,3200,3200
11868,0,3200,3200
11869,0,3200,3200
11870,0,3200,3200
11871,0,3200,3200
11872,0,3200,3200
11873,0,3200,3200
11874,0,3200,3200
11875,0,3200,3200
11876,0,3200,3200
11877,0,3200,3200
11878,0,3200,3200
11879,0,3200,3200
11880,0,3200,3200
11881,0,3200,3200
11882,0,3200,3200
11883,0,3200,3200
11884,0,3200,3200
11885,0,3200,3200
11886,0,3200,3200
11887,0,3200,3200
11888,0,3200,3200
11889,0,3200,3200
11890,0,3200,3200
11891,0,3200,3200
11892,0,3200,3200
11893,0,3200,3200
11894,0,3200,3200
11895,0,3200,3200
11896,0,3200,3200
11897,0,3200,3200
11898,0,3200,3200
11899,0,3200,3200
11900,0,3200,3200
11901,0,3200,3200
11902,0,3200,3200
11903,0,3200,3200
11904,0,3200,3200
11905,0,3200,3200
11906,0,3200,3200
11907,0,3200,3200
11908,0,3200,3200
11909,0,3200,3200
11910,0,3200,3200
11911,0,3200,3200
11912,0,3200,3200
11913,0,3200,3200
11914,0,3200,3200
11915,0,3200,3200
11916,0,3200,3200
11917,0,3200,3200
11918,0,3200,3200
11919,0,3200,3200
11920,0,3200,3200
11921,0,3200,3200
11922,0,3200,3200
11923,0,3200,3200
11924,0,3200,3200
11925,0,3200,3200
11926,0,3200,3200
11927,0,3200,3200
11928,0,3200,3200
11929,0,3200,3200
11930,0,3200,3200
11931,0,3200,3200
11932,0,3200,3200
11933,0,3200,3200
11934,0,3200,3200
11935,0,3200,3200
11936,0,3200,3200
11937,0,3200,3200
11938,0,3200,3200
11939,0,3200,3200
11940,0,3200,3200
11941,0,3200,3200
11942,0,3200,3200
11943,0,3200,3200
11944,0,3200,3200
11945,0,3200,3200
11946,0,3200,3200
11947,0,3200,3200
11948,0,3200,3200
11949,0,3200,3200
11950,0,3200,3200
11951,0,3200,3200
11952,0,3200,3200
11953,0,3200,3200
11954,0,3200,3200
11955,0,3200,3200
11956,0,3200,3200
11957,0,3200,3200
11958,0,3200,3200
11959,0,3200,3200
11960,0,3200,3200
11961,0,3200,3200
11962,0,3200,3200
11963,0,3200,3200
11964,0,3200,3200
11965,0,3200,3200
11966,0,3200,3200
11967,0,3200,3200
11968,0,3200,3200
11969,0,3200,3200
11970,0,3200,3200
11971,0,3200,3200
11972,0,3200,3200
11973,0,3200,3200
11974,0,3200,3200
11975,0,3200,3200
11976,0,3200,3200
11977,0,3200,3200
11978,0,3200,3200
11979,0,3200,3200
11980,0,3200,3200
11981,0,3200,3200
11982,0,3200,3200
11983,0,3200,3200
11984,0,3200,3200
11985,0,3200,3200
11986,0,3200,3200
11987,0,3200,3200
11988,0,3200,3200
11989,0,3200,3200
11990,0,3200,3200
11991,0,3200,3200
11992,0,3200,3200
11993,0,3200,3200
11994,0,3200,3200
11995,0,3200,3200
11996,0,3200,3200
11997,0,3200,3200
11998,0,3200,3200
11999,0,3200,3200
12000,0,3200,3200
12001,0,3200,3200
12002,0,3200,3200
12003,0,3200,3200
12004,0,3200,3200
12005,0,3200,3200
12006,0,3200,3200
12007,0,3200,3200
12008,0,3200,3200
12009,0,3200,3200
12010,0,3200,3200
12011,0,3200,3200
12012,0,3200,3200
12013,0,3200,3200
12014,0,3200,3200
12015,0,3200,3200
12016,0,3200,3200
12017,0,3200,3200
12018,0,3200,3200
12019,0,3200,3200
12020,0,3200,3200
12021,0,3200,3200
12022,0,3200,3200
12023,0,3200,3200
12024,0,3200,3200
12025,0,3200,3200
12026,0,3200,3200
12027,0,3200,3200
12028,0,3200,3200
12029,0,3200,3200
12030,0,3200,3200
12031,0,3200,3200
12032,0,3200,3200
12033,0,3200,3200
12034,0,3200,3200
12035,0,3200,3200
12036,0,3200,3200
12037,0,3200,3200
12038,0,3200,3200
12039,0,3200,3200
12040,0,3200,3200
12041,0,3200,3200
12042,0,3200,3200
12043,0,3200,3200
12044,0,3200,3200
12045,0,3200,3200
12046,0,3200,3200
12047,0,3200,3200
12048,0,3200,3200
12049,0,3200,3200
12050,0,3200,3200
12051,0,3200,3200
12052,0,3200,3200
12053,0,3200,3200
12054,0,3200,3200
12055,0,3200,3200
12056,0,3200,3200
12057,0,3200,3200
12058,0,3200,3200
12059,0,3200,3200
12060,0,3200,3200
12061,0,3200,3200
12062,0,3200,3200
12063,0,3200,3200
12064,0,3200,3200
12065,0,3200,3200
12066,0,3200,3200
12067,0,3200,3200
12068,0,3200,3200
12069,0,3200,3200
12070,0,3200,3200
12071,0,3200,3200
12072,0,3200,3200
12073,0,3200,3200
12074,0,3200,3200
12075,0,3200,3200
12076,0,3200,3200
12077,0,3200,3200
12078,0,3200,3200
12079,0,3200,3200
12080,0,3200,3200
12081,0,3200,3200
12082,0,3200,3200
12083,0,3200,3200
12084,0,3200,3200
12085,0,3200,3200
12086,0,3200,3200
12087,0,3200,3200
12088,0,3200,3200
12089,0,3200,3200
12090,0,3200,3200
12091,0,3200,3200
12092,0,3200,3200
12093,0,3200,3200
12094,0,3200,3200
12095,0,3200,3200
12096,0,3200,3200
12097,0,3200,3200
12098,0,3200,3200
12099,0,3200,3200
12100,0,3200,3200
12101,0,3200,3200
12102,0,3200,3200
12103,0,3200,3200
12104,0,3200,3200
12105,0,3200,3200
12106,0,3200,3200
12107,0,3200,3200
12108,0,3200,3200
12109,0,3200,3200
12110,0,3200,3200
12111,0,3200,3200
12112,0,3200,3200
12113,0,3200,3200
12114,0,3200,3200
12115,0,3200,3200
12116,0,3200,3200
12117,0,3200,3200
12118,0,3200,3200
12119,0,3200,3200
12120,0,3200,3200
12121,0,3200,3200
12122,0,3200,3200
12123,0,3200,3200
12124,0,3200,3200
12125,0,3200,3200
12126,0,3200,3200
12127,0,3200,3200
12128,0,3200,3200
12129,0,3200,3200
12130,0,3200,3200
12131,0,3200,3200
12132,0,3200,3200
12133,0,3200,3200
12134,0,3200,3200
12135,0,3200,3200
12136,0,3200,3200
12137,0,3200,3200
12138,0,3200,3200
12139,0,3200,3200
12140,0,3200,3200
12141,0,3200,3200
12142,0,3200,3200
12143,0,3200,3200
12144,0,3200,3200
12145,0,3200,3200
12146,0,3200,3200
12147,0,3200,3200
12148,0,3200,3200
12149,0,3200,3200
12150,0,3200,3200
12151,0,3200,3200
12152,0,3200,3200
12153,0,3200,3200
12154,0,3200,3200
12155,0,3200,3200
12156,0,3200,3200
12157,0,3200,3200
12158,0,3200,3200
12159,0,3200,3200
12160,0,3200,3200
12161,0,3200,3200
12162,0,3200,3200
12163,0,3200,3200
12164,0,3200,3200
12165,0,3200,3200
12166,0,3200,3200
12167,0,3200,3200
12168,0,3200,3200
12169,0,3200,3200
12170,0,3200,3200
12171,0,3200,3200
12172,0,3200,3200
12173,0,3200,3200
12174,0,3200,3200
12175,0,3200,3200
12176,0,3200,3200
12177,0,3200,3200
12178,0,3200,3200
12179,0,3200,3200
12180,0,3200,3200
12181,0,3200,3200
12182,0,3200,3200
12183,0,3200,3200
12184,0,3200,3200
12185,0,3200,3200
12186,0,3200,3200
12187,0,3200,3200
12188,0,3200,3200
12189,0,3200,3200
12190,0,3200,3200
12191,0,3200,3200
12192,0,3200,3200
12193,0,3200,3200
12194,0,3200,3200
12195,0,3200,3200
12196,0,3200,3200
12197,0,3200,3200
12198,0,3200,3200
12199,0,3200,3200
12200,0,3200,3200
12201,0,3200,3200
12202,0,3200,3200
12203,0,3200,3200
12204,0,3200,3200
12205,0,3200,3200
12206,0,3200,3200
12207,0,3200,3200
12208,0,3200,3200
12209,0,3200,3200
12210,0,3200,3200
12211,0,3200,3200
12212,0,3200,3200
12213,0,3200,3200
12214,0,3200,3200
12215,0,3200,3200
12216,0,3200,3200
12217,0,3200,3200
12218,0,3200,3200
12219,0,3200,3200
12220,0,3200,3200
12221,0,3200,3200
12222,0,3200,3200
12223,0,3200,3200
12224,0,3200,3200
12225,0,3200,3200
12226,0,3200,3200
12227,0,3200,3200
12228,0,3200,3200
12229,0,3200,3200
12230,0,3200,3200
12231,0,3200,3200
12232,0,3200,3200
12233,0,3200,3200
12234,0,3200,3200
12235,0,3200,3200
12236,0,3200,3200
12237,0,3200,3200
12238,0,3200,3200
12239,0,3200,3200
12240,0,3200,3200
12241,0,3200,3200
12242,0,3200,3200
12243,0,3200,3200
12244,0,3200,3200
12245,0,3200,3200
12246,0,3200,3200
12247,0,3200,3200
12248,0,3200,3200
12249,0,3200,3200
12250,0,3200,3200
12251,0,3200,3200
12252,0,3200,3200
12253,0,3200,3200
12254,0,3200,3200
12255,0,3200,3200
12256,0,3200,3200
12257,0,3200,3200
12258,0,3200,3200
12259,0,3200,3200
12260,0,3200,3200
12261,0,3200,3200
12262,0,3200,3200
12263,0,3200,3200
12264,0,3200,3200
12265,0,3200,3200
12266,0,3200,3200
12267,0,3200,3200
12268,0,3200,3200
12269,0,3200,3200
12270,0,3200,3200
12271,0,3200,3200
12272,0,3200,3200
12273,0,3200,3200
12274,0,3200,3200
12275,0,3200,3200
12276,0,3200,3200
12277,0,3200,3200
12278,0,3200,3200
12279,0,3200,3200
12280,0,3200,3200
12281,0,3200,3200
12282,0,3200,3200
12283,0,3200,3200
12284,0,3200,3200
12285,0,3200,3200
12286,0,3200,3200
12287,0,3200,3200
12288,0,3200,3200
12289,0,3200,3200
12290,0,3200,3200
12291,0,3200,3200
12292,0,3200,3200
12293,0,3200,3200
12294,0,3200,3200
12295,0,3200,3200
12296,0,3200,3200
12297,0,3200,3200
12298,0,3200,3200
12299,0,3200,3200
12300,0,3200,3200
12301,0,3200,3200
12302,0,3200,3200
12303,0,3200,3200
12304,0,3200,3200
12305,0,3200,3200
12306,0,3200,3200
12307,0,3200,3200
12308,0,3200,3200
12309,0,3200,3200
12310,0,3200,3200
12311,0,3200,3200
12312,0,3200,3200
12313,0,3200,3200
12314,0,3200,3200
12315,0,3200,3200
12316,0,3200,3200
12317,0,3200,3200
12318,0,3200,3200
12319,0,3200,3200
12320,0,3200,3200
12321,0,3200,3200
12322,0,3200,3200
12323,0,3200,3200
12324,0,3200,3200
12325,0,3200,3200
12326,0,3200,3200
12327,0,3200,3200
12328,0,3200,3200
12329,0,3200,3200
12330,0,3200,3200
12331,0,3200,3200
12332,0,3200,3200
12333,0,3200,3200
12334,0,3200,3200
12335,0,3200,3200
12336,0,3200,3200
12337,0,3200,3200
12338,0,3200,3200
12339,0,3200,3200
12340,0,3200,3200
12341,0,3200,3200
12342,0,3200,3200
12343,0,3200,3200
12344,0,3200,3200
12345,0,3200,3200
12346,0,3200,3200
12347,0,3200,3200
12348,0,3200,3200
12349,0,3200,3200
12350,0,3200,3200
12351,0,3200,3200
12352,0,3200,3200
12353,0,3200,3200
12354,0,3200,3200
12355,0,3200,3200
12356,0,3200,3200
12357,0,3200,3200
12358,0,3200,3200
12359,0,3200,3200
12360,0,3200,3200
12361,0,3200,3200
12362,0,3200,3200
12363,0,3200,3200
12364,0,3200,3200
12365,0,3200,3200
12366,0,3200,3200
12367,0,3200,3200
12368,0,3200,3200
12369,0,3200,3200
12370,0,3200,3200
12371,0,3200,3200
12372,0,3200,3200
12373,0,3200,3200
12374,0,3200,3200
12375,0,3200,3200
12376,0,3200,3200
12377,0,3200,3200
12378,0,3200,3200
12379,0,3200,3200
12380,0,3200,3200
12381,0,3200,3200
12382,0,3200,3200
12383,0,3200,3200
12384,0,3200,3200
12385,0,3200,3200
12386,0,3200,3200
12387,0,3200,3200
12388,0,3200,3200
12389,0,3200,3200
12390,0,3200,3200
12391,0,3200,3200
12392,0,3200,3200
12393,0,3200,3200
12394,0,3200,3200
12395,0,3200,3200
12396,0,3200,3200
12397,0,3200,3200
12398,0,3200,3200
12399,0,3200,3200
12400,0,3200,3200
12401,0,3200,3200
12402,0,3200,3200
12403,0,3200,3200
12404,0,3200,3200
12405,0,3200,3200
12406,0,3200,3200
12407,0,3200,3200
12408,0,3200,3200
12409,0,3200,3200
12410,0,3200,3200
12411,0,3200,3200
12412,0,3200,3200
12413,0,3200,3200
12414,0,3200,3200
12415,0,3200,3200
12416,0,3200,3200
12417,0,3200,3200
12418,0,3200,3200
12419,0,3200,3200
12420,0,3200,3200
12421,0,3200,3200
12422,0,3200,3200
12423,0,3200,3200
12424,0,3200,3200
12425,0,3200,3200
12426,0,3200,3200
12427,0,3200,3200
12428,0,3200,3200
12429,0,3200,3200
12430,0,3200,3200
12431,0,3200,3200
12432,0,3200,3200
12433,0,3200,3200
12434,0,3200,3200
12435,0,3200,3200
12436,0,3200,3200
12437,0,3200,3200
12438,0,3200,3200
12439,0,3200,3200
12440,0,3200,3200
12441,0,3200,3200
12442,0,3200,3200
12443,0,3200,3200
12444,0,3200,3200
12445,0,3200,3200
12446,0,3200,3200
12447,0,3200,3200
12448,0,3200,3200
12449,0,3200,3200
12450,0,3200,3200
12451,0,3200,3200
12452,0,3200,3200
12453,0,3200,3200
12454,0,3200,3200
12455,0,3200,3200
12456,0,3200,3200
12457,0,3200,3200
12458,0,3200,3200
12459,0,3200,3200
12460,0,3200,3200
12461,0,3200,3200
12462,0,3200,3200
12463,0,3200,3200
12464,0,3200,3200
12465,0,3200,3200
12466,0,3200,3200
12467,0,3200,3200
12468,0,3200,3200
12469,0,3200,3200
12470,0,3200,3200
12471,0,3200,3200
12472,0,3200,3200
12473,0,3200,3200
12474,0,3200,3200
12475,0,3200,3200
12476,0,3200,3200
12477,0,3200,3200
12478,0,3200,3200
12479,0,3200,3200
12480,0,3200,3200
12481,0,3200,3200
12482,0,3200,3200
12483,0,3200,3200
12484,0,3200,3200
12485,0,3200,3200
12486,0,3200,3200
12487,0,3200,3200
12488,0,3200,3200
12489,0,3200,3200
12490,0,3200,3200
12491,0,3200,3200
12492,0,3200,3200
12493,0,3200,3200
12494,0,3200,3200
12495,0,3200,3200
12496,0,3200,3200
12497,0,3200,3200
12498,0,3200,3200
12499,0,3200,3200
12500,0,3200,3200
12501,0,3200,3200
12502,0,3200,3200
12503,0,3200,3200
12504,0,3200,3200
12505,0,3200,3200
12506,0,3200,3200
12507,0,3200,3200
12508,0,3200,3200
12509,0,3200,3200
12510,0,3200,3200
12511,0,3200,3200
12512,0,3200,3200
12513,0,3200,3200
12514,0,3200,3200
12515,0,3200,3200
12516,0,3200,3200
12517,0,3200,3200
12518,0,3200,3200
12519,0,3200,3200
12520,0,3200,3200
12521,0,3200,3200
12522,0,3200,3200
12523,0,3200,3200
12524,0,3200,3200
12525,0,3200,3200
12526,0,3200,3200
12527,0,3200,3200
12528,0,3200,3200
12529,0,3200,3200
12530,0,3200,3200
12531,0,3200,3200
12532,0,3200,3200
12533,0,3200,3200
12534,0,3200,3200
12535,0,3200,3200
12536,0,3200,3200
12537,0,3200,3200
12538,0,3200,3200
12539,0,3200,3200
12540,0,3200,3200
12541,0,3200,3200
12542,0,3200,3200
12543,0,3200,3200
12544,0,3200,3200
12545,0,3200,3200
12546,0,3200,3200
12547,0,3200,3200
12548,0,3200,3200
12549,0,3200,3200
12550,0,3200,3200
12551,0,3200,3200
12552,0,3200,3200
12553,0,3200,3200
12554,0,3200,3200
12555,0,3200,3200
12556,0,3200,3200
12557,0,3200,3200
12558,0,3200,3200
12559,0,3200,3200
12560,0,3200,3200
12561,0,3200,3200
12562,0,3200,3200
12563,0,3200,3200
12564,0,3200,3200
12565,0,3200,3200
12566,0,3200,3200
12567,0,3200,3200
12568,0,3200,3200
12569,0,3200,3200
12570,0,3200,3200
12571,0,3200,3200
12572,0,3200,3200
12573,0,3200,3200
12574,0,3200,3200
12575,0,3200,3200
12576,0,3200,3200
12577,0,3200,3200
12578,0,3200,3200
12579,0,3200,3200
12580,0,3200,3200
12581,0,3200,3200
12582,0,3200,3200
12583,0,3200,3200
12584,0,3200,3200
12585,0,3200,3200
12586,0,3200,3200
12587,0,3200,3200
12588,0,3200,3200
12589,0,3200,3200
12590,0,3200,3200
12591,0,3200,3200
12592,0,3200,3200
12593,0,3200,3200
12594,0,3200,3200
12595,0,3200,3200
12596,0,3200,3200
12597,0,3200,3200
12598,0,3200,3200
12599,0,3200,3200
12600,0,3200,3200
12601,0,3200,3200
12602,0,3200,3200
12603,0,3200,3200
12604,0,3200,3200
12605,0,3200,3200
12606,0,3200,3200
12607,0,3200,3200
12608,0,3200,3200
12609,0,3200,3200
12610,0,3200,3200
12611,0,3200,3200
12612,0,3200,3200
12613,0,3200,3200
12614,0,3200,3200
12615,0,3200,3200
12616,0,3200,3200
12617,0,3200,3200
12618,0,3200,3200
12619,0,3200,3200
12620,0,3200,3200
12621,0,3200,3200
12622,0,3200,3200
12623,0,3200,3200
12624,0,3200,3200
12625,0,3200,3200
12626,0,3200,3200
12627,0,3200,3200
12628,0,3200,3200
12629,0,3200,3200
12630,0,3200,3200
12631,0,3200,3200
12632,0,3200,3200
12633,0,3200,3200
12634,0,3200,3200
12635,0,3200,3200
12636,0,3200,3200
12637,0,3200,3200
12638,0,3200,3200
12639,0,3200,3200
12640,0,3200,3200
12641,0,3200,3200
12642,0,3200,3200
12643,0,3200,3200
12644,0,3200,3200
12645,0,3200,3200
12646,0,3200,3200
12647,0,3200,3200
12648,0,3200,3200
12649,0,3200,3200
12650,0,3200,3200
12651,0,3200,3200
12652,0,3200,3200
12653,0,3200,3200
12654,0,3200,3200
12655,0,3200,3200
12656,0,3200,3200
12657,0,3200,3200
12658,0,3200,3200
12659,0,3200,3200
12660,0,3200,3200
12661,0,3200,3200
12662,0,3200,3200
12663,0,3200,3200
12664,0,3200,3200
12665,0,3200,3200
12666,0,3200,3200
12667,0,3200,3200
12668,0,3200,3200
12669,0,3200,3200
12670,0,3200,3200
12671,0,3200,3200
12672,0,3200,3200
12673,0,3200,3200
12674,0,3200,3200
12675,0,3200,3200
12676,0,3200,3200
12677,0,3200,3200
12678,0,3200,3200
12679,0,3200,3200
12680,0,3200,3200
12681,0,3200,3200
12682,0,3200,3200
12683,0,3200,3200
12684,0,3200,3200
12685,0,3200,3200
12686,0,3200,3200
12687,0,3200,3200
12688,0,3200,3200
12689,0,3200,3200
12690,0,3200,3200
12691,0,3200,3200
12692,0,3200,3200
12693,0,3200,3200
12694,0,3200,3200
12695,0,3200,3200
12696,0,3200,3200
12697,0,3200,3200
12698,0,3200,3200
12699,0,3200,3200
12700,0,3200,3200
12701,0,3200,3200
12702,0,3200,3200
12703,0,3200,3200
12704,0,3200,3200
12705,0,3200,3200
12706,0,3200,3200
12707,0,3200,3200
12708,0,3200,3200
12709,0,3200,3200
12710,0,3200,3200
12711,0,3200,3200
12712,0,3200,3200
12713,0,3200,3200
12714,0,3200,3200
12715,0,3200,3200
12716,0,3200,3200
12717,0,3200,3200
12718,0,3200,3200
12719,0,3200,3200
12720,0,3200,3200
12721,0,3200,3200
12722,0,3200,3200
12723,0,3200,3200
12724,0,3200,3200
12725,0,3200,3200
12726,0,3200,3200
12727,0,3200,3200
12728,0,3200,3200
12729,0,3200,3200
12730,0,3200,3200
12731,0,3200,3200
12732,0,3200,3200
12733,0,3200,3200
12734,0,3200,3200
12735,0,3200,3200
12736,0,3200,3200
12737,0,3200,3200
12738,0,3200,3200
12739,0,3200,3200
12740,0,3200,3200
12741,0,3200,3200
12742,0,3200,3200
12743,0,3200,3200
12744,0,3200,3200
12745,0,3200,3200
12746,0,3200,3200
12747,0,3200,3200
12748,0,3200,3200
12749,0,3200,3200
12750,0,3200,3200
12751,0,3200,3200
12752,0,3200,3200
12753,0,3200,3200
12754,0,3200,3200
12755,0,3200,3200
12756,0,3200,3200
12757,0,3200,3200
12758,0,3200,3200
12759,0,3200,3200
12760,0,3200,3200
12761,0,3200,3200
12762,0,3200,3200
12763,0,3200,3200
12764,0,3200,3200
12765,0,3200,3200
12766,0,3200,3200
12767,0,3200,3200
12768,0,3200,3200
12769,0,3200,3200
12770,0,3200,3200
12771,0,3200,3200
12772,0,3200,3200
12773,0,3200,3200
12774,0,3200,3200
12775,0,3200,3200
12776,0,3200,3200
12777,0,3200,3200
12778,0,3200,3200
12779,0,3200,3200
12780,0,3200,3200
12781,0,3200,3200
12782,0,3200,3200
12783,0,3200,3200
12784,0,3200,3200
12785,0,3200,3200
12786,0,3200,3200
12787,0,3200,3200
12788,0,3200,3200
12789,0,3200,3200
12790,0,3200,3200
12791,0,3200,3200
12792,0,3200,3200
12793,0,3200,3200
12794,0,3200,3200
12795,0,3200,3200
12796,0,3200,3200
12797,0,3200,3200
12798,0,3200,3200
12799,0,3200,3200
12800,0,3200,3200
12801,0,3200,3200
12802,0,3200,3200
12803,0,3200,3200
12804,0,3200,3200
12805,0,3200,3200
12806,0,3200,3200
12807,0,3200,3200
12808,0,3200,3200
12809,0,3200,3200
12810,0,3200,3200
12811,0,3200,3200
12812,0,3200,3200
12813,0,3200,3200
12814,0,3200,3200
12815,0,3200,3200
12816,0,3200,3200
12817,0,3200,3200
12818,0,3200,3200
12819,0,3200,3200
12820,0,3200,3200
12821,0,3200,3200
12822,0,3200,3200
12823,0,3200,3200
12824,0,3200,3200
12825,0,3200,3200
12826,0,3200,3200
12827,0,3200,3200
12828,0,3200,3200
12829,0,3200,3200
12830,0,3200,3200
12831,0,3200,3200
12832,0,3200,3200
12833,0,3200,3200
12834,0,3200,3200
12835,0,3200,3200
12836,0,3200,3200
12837,0,3200,3200
12838,0,3200,3200
12839,0,3200,3200
12840,0,3200,3200
12841,0,3200,3200
12842,0,3200,3200
12843,0,3200,3200
12844,0,3200,3200
12845,0,3200,3200
12846,0,3200,3200
12847,0,3200,3200
12848,0,3200,3200
12849,0,3200,3200
12850,0,3200,3200
12851,0,3200,3200
12852,0,3200,3200
12853,0,3200,3200
12854,0,3200,3200
12855,0,3200,3200
12856,0,3200,3200
12857,0,3200,3200
12858,0,3200,3200
12859,0,3200,3200
12860,0,3200,3200
12861,0,3200,3200
12862,0,3200,3200
12863,0,3200,3200
12864,0,3200,3200
12865,0,3200,3200
12866,0,3200,3200
12867,0,3200,3200
12868,0,3200,3200
12869,0,3200,3200
12870,0,3200,3200
12871,0,3200,3200
12872,0,3200,3200
12873,0,3200,3200
12874,0,3200,3200
12875,0,3200,3200
12876,0,3200,3200
12877,0,3200,3200
12878,0,3200,3200
12879,0,3200,3200
12880,0,3200,3200
12881,0,3200,3200
12882,0,3200,3200
12883,0,3200,3200
12884,0,3200,3200
12885,0,3200,3200
12886,0,3200,3200
12887,0,3200,3200
12888,0,3200,3200
12889,0,3200,3200
12890,0,3200,3200
12891,0,3200,3200
12892,0,3200,3200
12893,0,3200,3200
12894,0,3200,3200
12895,0,3200,3200
12896,0,3200,3200
12897,0,3200,3200
12898,0,3200,3200
12899,0,3200,3200
12900,0,3200,3200
12901,0,3200,3200
12902,0,3200,3200
12903,0,3200,3200
12904,0,3200,3200
12905,0,3200,3200
12906,0,3200,3200
12907,0,3200,3200
12908,0,3200,3200
12909,0,3200,3200
12910,0,3200,3200
12911,0,3200,3200
12912,0,3200,3200
12913,0,3200,3200
12914,0,3200,3200
12915,0,3200,3200
12916,0,3200,3200
12917,0,3200,3200
12918,0,3200,3200
12919,0,3200,3200
12920,0,3200,3200
12921,0,3200,3200
12922,0,3200,3200
12923,0,3200,3200
12924,0,3200,3200
12925,0,3200,3200
12926,0,3200,3200
12927,0,3200,3200
12928,0,3200,3200
12929,0,3200,3200
12930,0,3200,3200
12931,0,3200,3200
12932,0,3200,3200
12933,0,3200,3200
12934,0,3200,3200
12935,0,3200,3200
12936,0,3200,3200
12937,0,3200,3200
12938,0,3200,3200
12939,0,3200,3200
12940,0,3200,3200
12941,0,3200,3200
12942,0,3200,3200
12943,0,3200,3200
12944,0,3200,3200
12945,0,3200,3200
12946,0,3200,3200
12947,0,3200,3200
12948,0,3200,3200
12949,0,3200,3200
12950,0,3200,3200
12951,0,3200,3200
12952,0,3200,3200
12953,0,3200,3200
12954,0,3200,3200
12955,0,3200,3200
12956,0,3200,3200
12957,0,3200,3200
12958,0,3200,3200
12959,0,3200,3200
12960,0,3200,3200
12961,0,3200,3200
12962,0,3200,3200
12963,0,3200,3200
12964,0,3200,3200
12965,0,3200,3200
12966,0,3200,3200
12967,0,3200,3200
12968,0,3200,3200
12969,0,3200,3200
12970,0,3200,3200
12971,0,3200,3200
12972,0,3200,3200
12973,0,3200,3200
12974,0,3200,3200
12975,0,3200,3200
12976,0,3200,3200
12977,0,3200,3200
12978,0,3200,3200
12979,0,3200,3200
12980,0,3200,3200
12981,0,3200,3200
12982,0,3200,3200
12983,0,3200,3200
12984,0,3200,3200
12985,0,3200,3200
12986,0,3200,3200
12987,0,3200,3200
12988,0,3200,3200
12989,0,3200,3200
12990,0,3200,3200
12991,0,3200,3200
12992,0,3200,3200
12993,0,3200,3200
12994,0,3200,3200
12995,0,3200,3200
12996,0,3200,3200
12997,0,3200,3200
12998,0,3200,3200
12999,0,3200,3200
13000,0,3200,3200
13001,0,3200,3200
13002,0,3200,3200
13003,0,3200,3200
13004,0,3200,3200
13005,0,3200,3200
13006,0,3200,3200
13007,0,3200,3200
13008,0,3200,3200
13009,0,3200,3200
13010,0,3200,3200
13011,0,3200,3200
13012,0,3200,3200
13013,0,3200,3200
13014,0,3200,3200
13015,0,3200,3200
13016,0,3200,3200
13017,0,3200,3200
13018,0,3200,3200
13019,0,3200,3200
13020,0,3200,3200
13021,0,3200,3200
13022,0,3200,3200
13023,0,3200,3200
13024,0,3200,3200
13025,0,3200,3200
13026,0,3200,3200
13027,0,3200,3200
13028,0,3200,3200
13029,0,3200,3200
13030,0,3200,3200
13031,0,3200,3200
13032,0,3200,3200
13033,0,3200,3200
13034,0,3200,3200
13035,0,3200,3200
13036,0,3200,3200
13037,0,3200,3200
13038,0,3200,3200
13039,0,3200,3200
13040,0,3200,3200
13041,0,3200,3200
13042,0,3200,3200
13043,0,3200,3200
13044,0,3200,3200
13045,0,3200,3200
13046,0,3200,3200
13047,0,3200,3200
13048,0,3200,3200
13049,0,3200,3200
13050,0,3200,3200
13051,0,3200,3200
13052,0,3200,3200
13053,0,3200,3200
13054,0,3200,3200
13055,0,3200,3200
13056,0,3200,3200
13057,0,3200,3200
13058,0,3200,3200
13059,0,3200,3200
13060,0,3200,3200
13061,0,3200,3200
13062,0,3200,3200
13063,0,3200,3200
13064,0,3200,3200
13065,0,3200,3200
13066,0,3200,3200
13067,0,3200,3200
13068,0,3200,3200
13069,0,3200,3200
13070,0,3200,3200
13071,0,3200,3200
13072,0,3200,3200
13073,0,3200,3200
13074,0,3200,3200
13075,0,3200,3200
13076,0,3200,3200
13077,0,3200,3200
13078,0,3200,3200
13079,0,3200,3200
13080,0,3200,3200
13081,0,3200,3200
13082,0,3200,3200
13083,0,3200,3200
13084,0,3200,3200
13085,0,3200,3200
13086,0,3200,3200
13087,0,3200,3200
13088,0,3200,3200
13089,0,3200,3200
13090,0,3200,3200
13091,0,3200,3200
13092,0,3200,3200
13093,0,3200,3200
13094,0,3200,3200
13095,0,3200,3200
13096,0,3200,3200
13097,0,3200,3200
13098,0,3200,3200
13099,0,3200,3200
13100,0,3200,3200
13101,0,3200,3200
13102,0,3200,3200
13103,0,3200,3200
13104,0,3200,3200
13105,0,3200,3200
13106,0,3200,3200
13107,0,3200,3200
13108,0,3200,3200
13109,0,3200,3200
13110,0,3200,3200
13111,0,3200,3200
13112,0,3200,3200
13113,0,3200,3200
13114,0,3200,3200
13115,0,3200,3200
13116,0,3200,3200
13117,0,3200,3200
13118,0,3200,3200
13119,0,3200,3200
13120,0,3200,3200
13121,0,3200,3200
13122,0,3200,3200
13123,0,3200,3200
13124,0,3200,3200
13125,0,3200,3200
13126,0,3200,3200
13127,0,3200,3200
13128,0,3200,3200
13129,0,3200,3200
13130,0,3200,3200
13131,0,3200,3200
13132,0,3200,3200
13133,0,3200,3200
13134,0,3200,3200
13135,0,3200,3200
13136,0,3200,3200
13137,0,3200,3200
13138,0,3200,3200
13139,0,3200,3200
13140,0,3200,3200
13141,0,3200,3200
13142,0,3200,3200
13143,0,3200,3200
13144,0,3200,3200
13145,0,3200,3200
13146,0,3200,3200
13147,0,3200,3200
13148,0,3200,3200
13149,0,3200,3200
13150,0,3200,3200
13151,0,3200,3200
13152,0,3200,3200
13153,0,3200,3200
13154,0,3200,3200
13155,0,3200,3200
13156,0,3200,3200
13157,0,3200,3200
13158,0,3200,3200
13159,0,3200,3200
13160,0,3200,3200
13161,0,3200,3200
13162,0,3200,3200
13163,0,3200,3200
13164,0,3200,3200
13165,0,3200,3200
13166,0,3200,3200
13167,0,3200,3200
13168,0,3200,3200
13169,0,3200,3200
13170,0,3200,3200
13171,0,3200,3200
13172,0,3200,3200
13173,0,3200,3200
13174,0,3200,3200
13175,0,3200,3200
13176,0,3200,3200
13177,0,3200,3200
13178,0,3200,3200
13179,0,3200,3200
13180,0,3200,3200
13181,0,3200,3200
13182,0,3200,3200
13183,0,3200,3200
13184,0,3200,3200
13185,0,3200,3200
13186,0,3200,3200
13187,0,3200,3200
13188,0,3200,3200
13189,0,3200,3200
13190,0,3200,3200
13191,0,3200,3200
13192,0,3200,3200
13193,0,3200,3200
13194,0,3200,3200
13195,0,3200,3200
13196,0,3200,3200
13197,0,3200,3200
13198,0,3200,3200
13199,0,3200,3200
13200,0,3200,3200
13201,0,3200,3200
13202,0,3200,3200
13203,0,3200,3200
13204,0,3200,3200
13205,0,3200,3200
13206,0,3200,3200
13207,0,3200,3200
13208,0,3200,3200
13209,0,3200,3200
13210,0,3200,3200
13211,0,3200,3200
13212,0,3200,3200
13213,0,3200,3200
13214,0,3200,3200
13215,0,3200,3200
13216,0,3200,3200
13217,0,3200,3200
13218,0,3200,3200
13219,0,3200,3200
13220,0,3200,3200
13221,0,3200,3200
13222,0,3200,3200
13223,0,3200,3200
13224,0,3200,3200
13225,0,3200,3200
13226,0,3200,3200
13227,0,3200,3200
13228,0,3200,3200
13229,0,3200,3200
13230,0,3200,3200
13231,0,3200,3200
13232,0,3200,3200
13233,0,3200,3200
13234,0,3200,3200
13235,0,3200,3200
13236,0,3200,3200
13237,0,3200,3200
13238,0,3200,3200
13239,0,3200,3200
13240,0,3200,3200
13241,0,3200,3200
13242,0,3200,3200
13243,0,3200,3200
13244,0,3200,3200
13245,0,3200,3200
13246,0,3200,3200
13247,0,3200,3200
13248,0,3200,3200
13249,0,3200,3200
13250,0,3200,3200
13251,0,3200,3200
13252,0,3200,3200
13253,0,3200,3200
13254,0,3200,3200
13255,0,3200,3200
13256,0,3200,3200
13257,0,3200,3200
13258,0,3200,3200
13259,0,3200,3200
13260,0,3200,3200
13261,0,3200,3200
13262,0,3200,3200
13263,0,3200,3200
13264,0,3200,3200
13265,0,3200,3200
13266,0,3200,3200
13267,0,3200,3200
13268,0,3200,3200
13269,0,3200,3200
13270,0,3200,3200
13271,0,3200,3200
13272,0,3200,3200
13273,0,3200,3200
13274,0,3200,3200
13275,0,3200,3200
13276,0,3200,3200
13277,0,3200,3200
13278,0,3200,3200
13279,0,3200,3200
13280,0,3200,3200
13281,0,3200,3200
13282,0,3200,3200
13283,0,3200,3200
13284,0,3200,3200
13285,0,3200,3200
13286,0,3200,3200
13287,0,3200,3200
13288,0,3200,3200
13289,0,3200,3200
13290,0,3200,3200
13291,0,3200,3200
13292,0,3200,3200
13293,0,3200,3200
13294,0,3200,3200
13295,0,3200,3200
13296,0,3200,3200
13297,0,3200,3200
13298,0,3200,3200
13299,0,3200,3200
13300,0,3200,3200
13301,0,3200,3200
13302,0,3200,3200
13303,0,3200,3200
13304,0,3200,3200
13305,0,3200,3200
13306,0,3200,3200
13307,0,3200,3200
13308,0,3200,3200
13309,0,3200,3200
13310,0,3200,3200
13311,0,3200,3200
13312,0,3200,3200
13313,0,3200,3200
13314,0,3200,3200
13315,0,3200,3200
13316,0,3200,3200
13317,0,3200,3200
13318,0,3200,3200
13319,0,3200,3200
13320,0,3200,3200
13321,0,3200,3200
13322,0,3200,3200
13323,0,3200,3200
13324,0,3200,3200
13325,0,3200,3200
13326,0,3200,3200
13327,0,3200,3200
13328,0,3200,3200
13329,0,3200,3200
13330,0,3200,3200
13331,0,3200,3200
13332,0,3200,3200
13333,0,3200,3200
13334,0,3200,3200
13335,0,3200,3200
13336,0,3200,3200
13337,0,3200,3200
13338,0,3200,3200
13339,0,3200,3200
13340,0,3200,3200
13341,0,3200,3200
13342,0,3200,3200
13343,0,3200,3200
13344,0,3200,3200
13345,0,3200,3200
13346,0,3200,3200
13347,0,3200,3200
13348,0,3200,3200
13349,0,3200,3200
13350,0,3200,3200
13351,0,3200,3200
13352,0,3200,3200
13353,0,3200,3200
13354,0,3200,3200
13355,0,3200,3200
13356,0,3200,3200
13357,0,3200,3200
13358,0,3200,3200
13359,0,3200,3200
13360,0,3200,3200
13361,0,3200,3200
13362,0,3200,3200
13363,0,3200,3200
13364,0,3200,3200
13365,0,3200,3200
13366,0,3200,3200
13367,0,3200,3200
13368,0,3200,3200
13369,0,3200,3200
13370,0,3200,3200
13371,0,3200,3200
13372,0,3200,3200
13373,0,3200,3200
13374,0,3200,3200
13375,0,3200,3200
13376,0,3200,3200
13377,0,3200,3200
13378,0,3200,3200
13379,0,3200,3200
13380,0,3200,3200
13381,0,3200,3200
13382,0,3200,3200
13383,0,3200,3200
13384,0,3200,3200
13385,0,3200,3200
13386,0,3200,3200
13387,0,3200,3200
13388,0,3200,3200
13389,0,3200,3200
13390,0,3200,3200
13391,0,3200,3200
13392,0,3200,3200
13393,0,3200,3200
13394,0,3200,3200
13395,0,3200,3200
13396,0,3200,3200
13397,0,3200,3200
13398,0,3200,3200
13399,0,3200,3200
13400,0,3200,3200
13401,0,3200,3200
13402,0,3200,3200
13403,0,3200,3200
13404,0,3200,3200
13405,0,3200,3200
13406,0,3200,3200
13407,0,3200,3200
13408,0,3200,3200
13409,0,3200,3200
13410,0,3200,3200
13411,0,3200,3200
13412,0,3200,3200
13413,0,3200,3200
13414,0,3200,3200
13415,0,3200,3200
13416,0,3200,3200
13417,0,3200,3200
13418,0,3200,3200
13419,0,3200,3200
13420,0,3200,3200
13421,0,3200,3200
13422,0,3200,3200
13423,0,3200,3200
13424,0,3200,3200
13425,0,3200,3200
13426,0,3200,3200
13427,0,3200,3200
13428,0,3200,3200
13429,0,3200,3200
13430,0,3200,3200
13431,0,3200,3200
13432,0,3200,3200
13433,0,3200,3200
13434,0,3200,3200
13435,0,3200,3200
13436,0,3200,3200
13437,0,3200,3200
13438,0,3200,3200
13439,0,3200,3200
13440,0,3200,3200
13441,0,3200,3200
13442,0,3200,3200
13443,0,3200,3200
13444,0,3200,3200
13445,0,3200,3200
13446,0,3200,3200
13447,0,3200,3200
13448,0,3200,3200
13449,0,3200,3200
13450,0,3200,3200
13451,0,3200,3200
13452,0,3200,3200
13453,0,3200,3200
13454,0,3200,3200
13455,0,3200,3200
13456,0,3200,3200
13457,0,3200,3200
13458,0,3200,3200
13459,0,3200,3200
13460,0,3200,3200
13461,0,3200,3200
13462,0,3200,3200
13463,0,3200,3200
13464,0,3200,3200
13465,0,3200,3200
13466,0,3200,3200
13467,0,3200,3200
13468,0,3200,3200
13469,0,3200,3200
13470,0,3200,3200
13471,0,3200,3200
13472,0,3200,3200
13473,0,3200,3200
13474,0,3200,3200
13475,0,3200,3200
13476,0,3200,3200
13477,0,3200,3200
13478,0,3200,3200
13479,0,3200,3200
13480,0,3200,3200
13481,0,3200,3200
13482,0,3200,3200
13483,0,3200,3200
13484,0,3200,3200
13485,0,3200,3200
13486,0,3200,3200
13487,0,3200,3200
13488,0,3200,3200
13489,0,3200,3200
13490,0,3200,3200
13491,0,3200,3200
13492,0,3200,3200
13493,0,3200,3200
13494,0,3200,3200
13495,0,3200,3200
13496,0,3200,3200
13497,0,3200,3200
13498,0,3200,3200
13499,0,3200,3200
13500,0,3200,3200
13501,0,3200,3200
13502,0,3200,3200
13503,0,3200,3200
13504,0,3200,3200
13505,0,3200,3200
13506,0,3200,3200
13507,0,3200,3200
13508,0,3200,3200
13509,0,3200,3200
13510,0,3200,3200
13511,0,3200,3200
13512,0,3200,3200
13513,0,3200,3200
13514,0,3200,3200
13515,0,3200,3200
13516,0,3200,3200
13517,0,3200,3200
13518,0,3200,3200
13519,0,3200,3200
13520,0,3200,3200
13521,0,3200,3200
13522,0,3200,3200
13523,0,3200,3200
13524,0,3200,3200
13525,0,3200,3200
13526,0,3200,3200
13527,0,3200,3200
13528,0,3200,3200
13529,0,3200,3200
13530,0,3200,3200
13531,0,3200,3200
13532,0,3200,3200
13533,0,3200,3200
13534,0,3200,3200
13535,0,3200,3200
13536,0,3200,3200
13537,0,3200,3200
13538,0,3200,3200
13539,0,3200,3200
13540,0,3200,3200
13541,0,3200,3200
13542,0,3200,3200
13543,0,3200,3200
13544,0,3200,3200
13545,0,3200,3200
13546,0,3200,3200
13547,0,3200,3200
13548,0,3200,3200
13549,0,3200,3200
13550,0,3200,3200
13551,0,3200,3200
13552,0,3200,3200
13553,0,3200,3200
13554,0,3200,3200
13555,0,3200,3200
13556,0,3200,3200
13557,0,3200,3200
13558,0,3200,3200
13559,0,3200,3200
13560,0,3200,3200
13561,0,3200,3200
13562,0,3200,3200
13563,0,3200,3200
13564,0,3200,3200
13565,0,3200,3200
13566,0,3200,3200
13567,0,3200,3200
13568,0,3200,3200
13569,0,3200,3200
13570,0,3200,3200
13571,0,3200,3200
13572,0,3200,3200
13573,0,3200,3200
13574,0,3200,3200
13575,0,3200,3200
13576,0,3200,3200
13577,0,3200,3200
13578,0,3200,3200
13579,0,3200,3200
13580,0,3200,3200
13581,0,3200,3200
13582,0,3200,3200
13583,0,3200,3200
13584,0,3200,3200
13585,0,3200,3200
13586,0,3200,3200
13587,0,3200,3200
13588,0,3200,3200
13589,0,3200,3200
13590,0,3200,3200
13591,0,3200,3200
13592,0,3200,3200
13593,0,3200,3200
13594,0,3200,3200
13595,0,3200,3200
13596,0,3200,3200
13597,0,3200,3200
13598,0,3200,3200
13599,0,3200,3200
13600,0,3200,3200
13601,0,3200,3200
13602,0,3200,3200
13603,0,3200,3200
13604,0,3200,3200
13605,0,3200,3200
13606,0,3200,3200
13607,0,3200,3200
13608,0,3200,3200
13609,0,3200,3200
13610,0,3200,3200
13611,0,3200,3200
13612,0,3200,3200
13613,0,3200,3200
13614,0,3200,3200
13615,0,3200,3200
13616,0,3200,3200
13617,0,3200,3200
13618,0,3200,3200
13619,0,3200,3200
13620,0,3200,3200
13621,0,3200,3200
13622,0,3200,3200
13623,0,3200,3200
13624,0,3200,3200
13625,0,3200,3200
13626,0,3200,3200
13627,0,3200,3200
13628,0,3200,3200
13629,0,3200,3200
13630,0,3200,3200
13631,0,3200,3200
13632,0,3200,3200
13633,0,3200,3200
13634,0,3200,3200
13635,0,3200,3200
13636,0,3200,3200
13637,0,3200,3200
13638,0,3200,3200
13639,0,3200,3200
13640,0,3200,3200
13641,0,3200,3200
13642,0,3200,3200
13643,0,3200,3200
13644,0,3200,3200
13645,0,3200,3200
13646,0,3200,3200
13647,0,3200,3200
13648,0,3200,3200
13649,0,3200,3200
13650,0,3200,3200
13651,0,3200,3200
13652,0,3200,3200
13653,0,3200,3200
13654,0,3200,3200
13655,0,3200,3200
13656,0,3200,3200
13657,0,3200,3200
13658,0,3200,3200
13659,0,3200,3200
13660,0,3200,3200
13661,0,3200,3200
13662,0,3200,3200
13663,0,3200,3200
13664,0,3200,3200
13665,0,3200,3200
13666,0,3200,3200
13667,0,3200,3200
13668,0,3200,3200
13669,0,3200,3200
13670,0,3200,3200
13671,0,3200,3200
13672,0,3200,3200
13673,0,3200,3200
13674,0,3200,3200
13675,0,3200,3200
13676,0,3200,3200
13677,0,3200,3200
13678,0,3200,3200
13679,0,3200,3200
13680,0,3200,3200
13681,0,3200,3200
13682,0,3200,3200
13683,0,3200,3200
13684,0,3200,3200
13685,0,3200,3200
13686,0,3200,3200
13687,0,3200,3200
13688,0,3200,3200
13689,0,3200,3200
13690,0,3200,3200
13691,0,3200,3200
13692,0,3200,3200
13693,0,3200,3200
13694,0,3200,3200
13695,0,3200,3200
13696,0,3200,3200
13697,0,3200,3200
13698,0,3200,3200
13699,0,3200,3200
13700,0,3200,3200
13701,0,3200,3200
13702,0,3200,3200
13703,0,3200,3200
13704,0,3200,3200
13705,0,3200,3200
13706,0,3200,3200
13707,0,3200,3200
13708,0,3200,3200
13709,0,3200,3200
13710,0,3200,3200
13711,0,3200,3200
13712,0,3200,3200
13713,0,3200,3200
13714,0,3200,3200
13715,0,3200,3200
13716,0,3200,3200
13717,0,3200,3200
13718,0,3200,3200
13719,0,3200,3200
13720,0,3200,3200
13721,0,3200,3200
13722,0,3200,3200
13723,0,3200,3200
13724,0,3200,3200
13725,0,3200,3200
13726,0,3200,3200
13727,0,3200,3200
13728,0,3200,3200
13729,0,3200,3200
13730,0,3200,3200
13731,0,3200,3200
13732,0,3200,3200
13733,0,3200,3200
13734,0,3200,3200
13735,0,3200,3200
13736,0,3200,3200
13737,0,3200,3200
13738,0,3200,3200
13739,0,3200,3200
13740,0,3200,3200
13741,0,3200,3200
13742,0,3200,3200
13743,0,3200,3200
13744,0,3200,3200
13745,0,3200,3200
13746,0,3200,3200
13747,0,3200,3200
13748,0,3200,3200
13749,0,3200,3200
13750,0,3200,3200
13751,0,3200,3200
13752,0,3200,3200
13753,0,3200,3200
13754,0,3200,3200
13755,0,3200,3200
13756,0,3200,3200
13757,0,3200,3200
13758,0,3200,3200
13759,0,3200,3200
13760,0,3200,3200
13761,0,3200,3200
13762,0,3200,3200
13763,0,3200,3200
13764,0,3200,3200
13765,0,3200,3200
13766,0,3200,3200
13767,0,3200,3200
13768,0,3200,3200
13769,0,3200,3200
13770,0,3200,3200
13771,0,3200,3200
13772,0,3200,3200
13773,0,3200,3200
13774,0,3200,3200
13775,0,3200,3200
13776,0,3200,3200
13777,0,3200,3200
13778,0,3200,3200
13779,0,3200,3200
13780,0,3200,3200
13781,0,3200,3200
13782,0,3200,3200
13783,0,3200,3200
13784,0,3200,3200
13785,0,3200,3200
13786,0,3200,3200
13787,0,3200,3200
13788,0,3200,3200
13789,0,3200,3200
13790,0,3200,3200
13791,0,3200,3200
13792,0,3200,3200
13793,0,3200,3200
13794,0,3200,3200
13795,0,3200,3200
13796,0,3200,3200
13797,0,3200,3200
13798,0,3200,3200
13799,0,3200,3200
13800,0,3200,3200
13801,0,3200,3200
13802,0,3200,3200
13803,0,3200,3200
13804,0,3200,3200
13805,0,3200,3200
13806,0,3200,3200
13807,0,3200,3200
13808,0,3200,3200
13809,0,3200,3200
13810,0,3200,3200
13811,0,3200,3200
13812,0,3200,3200
13813,0,3200,3200
13814,0,3200,3200
13815,0,3200,3200
13816,0,3200,3200
13817,0,3200,3200
13818,0,3200,3200
13819,0,3200,3200
13820,0,3200,3200
13821,0,3200,3200
13822,0,3200,3200
13823,0,3200,3200
13824,0,3200,3200
13825,0,3200,3200
13826,0,3200,3200
13827,0,3200,3200
13828,0,3200,3200
13829,0,3200,3200
13830,0,3200,3200
13831,0,3200,3200
13832,0,3200,3200
13833,0,3200,3200
13834,0,3200,3200
13835,0,3200,3200
13836,0,3200,3200
13837,0,3200,3200
13838,0,3200,3200
13839,0,3200,3200
13840,0,3200,3200
13841,0,3200,3200
13842,0,3200,3200
13843,0,3200,3200
13844,0,3200,3200
13845,0,3200,3200
13846,0,3200,3200
13847,0,3200,3200
13848,0,3200,3200
13849,0,3200,3200
13850,0,3200,3200
13851,0,3200,3200
13852,0,3200,3200
13853,0,3200,3200
13854,0,3200,3200
13855,0,3200,3200
13856,0,3200,3200
13857,0,3200,3200
13858,0,3200,3200
13859,0,3200,3200
13860,0,3200,3200
13861,0,3200,3200
13862,0,3200,3200
13863,0,3200,3200
13864,0,3200,3200
13865,0,3200,3200
13866,0,3200,3200
13867,0,3200,3200
13868,0,3200,3200
13869,0,3200,3200
13870,0,3200,3200
13871,0,3200,3200
13872,0,3200,3200
13873,0,3200,3200
13874,0,3200,3200
13875,0,3200,3200
13876,0,3200,3200
13877,0,3200,3200
13878,0,3200,3200
13879,0,3200,3200
13880,0,3200,3200
13881,0,3200,3200
13882,0,3200,3200
13883,0,3200,3200
13884,0,3200,3200
13885,0,3200,3200
13886,0,3200,3200
13887,0,3200,3200
13888,0,3200,3200
13889,0,3200,3200
13890,0,3200,3200
13891,0,3200,3200
13892,0,3200,3200
13893,0,3200,3200
13894,0,3200,3200
13895,0,3200,3200
13896,0,3200,3200
13897,0,3200,3200
13898,0,3200,3200
13899,0,3200,3200
13900,0,3200,3200
13901,0,3200,3200
13902,0,3200,3200
13903,0,3200,3200
13904,0,3200,3200
13905,0,3200,3200
13906,0,3200,3200
13907,0,3200,3200
13908,0,3200,3200
13909,0,3200,3200
13910,0,3200,3200
13911,0,3200,3200
13912,0,3200,3200
13913,0,3200,3200
13914,0,3200,3200
13915,0,3200,3200
13916,0,3200,3200
13917,0,3200,3200
13918,0,3200,3200
13919,0,3200,3200
13920,0,3200,3200
13921,0,3200,3200
13922,0,3200,3200
13923,0,3200,3200
13924,0,3200,3200
13925,0,3200,3200
13926,0,3200,3200
13927,0,3200,3200
13928,0,3200,3200
13929,0,3200,3200
13930,0,3200,3200
13931,0,3200,3200
13932,0,3200,3200
13933,0,3200,3200
13934,0,3200,3200
13935,0,3200,3200
13936,0,3200,3200
13937,0,3200,3200
13938,0,3200,3200
13939,0,3200,3200
13940,0,3200,3200
13941,0,3200,3200
13942,0,3200,3200
13943,0,3200,3200
13944,0,3200,3200
13945,0,3200,3200
13946,0,3200,3200
13947,0,3200,3200
13948,0,3200,3200
13949,0,3200,3200
13950,0,3200,3200
13951,0,3200,3200
13952,0,3200,3200
13953,0,3200,3200
13954,0,3200,3200
13955,0,3200,3200
13956,0,3200,3200
13957,0,3200,3200
13958,0,3200,3200
13959,0,3200,3200
13960,0,3200,3200
13961,0,3200,3200
13962,0,3200,3200
13963,0,3200,3200
13964,0,3200,3200
13965,0,3200,3200
13966,0,3200,3200
13967,0,3200,3200
13968,0,3200,3200
13969,0,3200,3200
13970,0,3200,3200
13971,0,3200,3200
13972,0,3200,3200
13973,0,3200,3200
13974,0,3200,3200
13975,0,3200,3200
13976,0,3200,3200
13977,0,3200,3200
13978,0,3200,3200
13979,0,3200,3200
13980,0,3200,3200
13981,0,3200,3200
13982,0,3200,3200
13983,0,3200,3200
13984,0,3200,3200
13985,0,3200,3200
13986,0,3200,3200
13987,0,3200,3200
13988,0,3200,3200
13989,0,3200,3200
13990,0,3200,3200
13991,0,3200,3200
13992,0,3200,3200
13993,0,3200,3200
13994,0,3200,3200
13995,0,3200,3200
13996,0,3200,3200
13997,0,3200,3200
13998,0,3200,3200
13999,0,3200,3200
14000,0,3200,3200
14001,0,3200,3200
14002,0,3200,3200
14003,0,3200,3200
14004,0,3200,3200
14005,0,3200,3200
14006,0,3200,3200
14007,0,3200,3200
14008,0,3200,3200
14009,0,3200,3200
14010,0,3200,3200
14011,0,3200,3200
14012,0,3200,3200
14013,0,3200,3200
14014,0,3200,3200
14015,0,3200,3200
14016,0,3200,3200
14017,0,3200,3200
14018,0,3200,3200
14019,0,3200,3200
14020,0,3200,3200
14021,0,3200,3200
14022,0,3200,3200
14023,0,3200,3200
14024,0,3200,3200
14025,0,3200,3200
14026,0,3200,3200
14027,0,3200,3200
14028,0,3200,3200
14029,0,3200,3200
14030,0,3200,3200
14031,0,3200,3200
14032,0,3200,3200
14033,0,3200,3200
14034,0,3200,3200
14035,0,3200,3200
14036,0,3200,3200
14037,0,3200,3200
14038,0,3200,3200
14039,0,3200,3200
14040,0,3200,3200
14041,0,3200,3200
14042,0,3200,3200
14043,0,3200,3200
14044,0,3200,3200
14045,0,3200,3200
14046,0,3200,3200
14047,0,3200,3200
14048,0,3200,3200
14049,0,3200,3200
14050,0,3200,3200
14051,0,3200,3200
14052,0,3200,3200
14053,0,3200,3200
14054,0,3200,3200
14055,0,3200,3200
14056,0,3200,3200
14057,0,3200,3200
14058,0,3200,3200
14059,0,3200,3200
14060,0,3200,3200
14061,0,3200,3200
14062,0,3200,3200
14063,0,3200,3200
14064,0,3200,3200
14065,0,3200,3200
14066,0,3200,3200
14067,0,3200,3200
14068,0,3200,3200
14069,0,3200,3200
14070,0,3200,3200
14071,0,3200,3200
14072,0,3200,3200
14073,0,3200,3200
14074,0,3200,3200
14075,0,3200,3200
14076,0,3200,3200
14077,0,3200,3200
14078,0,3200,3200
14079,0,3200,3200
14080,0,3200,3200
14081,0,3200,3200
14082,0,3200,3200
14083,0,3200,3200
14084,0,3200,3200
14085,0,3200,3200
14086,0,3200,3200
14087,0,3200,3200
14088,0,3200,3200
14089,0,3200,3200
14090,0,3200,3200
14091,0,3200,3200
14092,0,3200,3200
14093,0,3200,3200
14094,0,3200,3200
14095,0,3200,3200
14096,0,3200,3200
14097,0,3200,3200
14098,0,3200,3200
14099,0,3200,3200
14100,0,3200,3200
14101,0,3200,3200
14102,0,3200,3200
14103,0,3200,3200
14104,0,3200,3200
14105,0,3200,3200
14106,0,3200,3200
14107,0,3200,3200
14108,0,3200,3200
14109,0,3200,3200
14110,0,3200,3200
14111,0,3200,3200
14112,0,3200,3200
14113,0,3200,3200
14114,0,3200,3200
14115,0,3200,3200
14116,0,3200,3200
14117,0,3200,3200
14118,0,3200,3200
14119,0,3200,3200
14120,0,3200,3200
14121,0,3200,3200
14122,0,3200,3200
14123,0,3200,3200
14124,0,3200,3200
14125,0,3200,3200
14126,0,3200,3200
14127,0,3200,3200
14128,0,3200,3200
14129,0,3200,3200
14130,0,3200,3200
14131,0,3200,3200
14132,0,3200,3200
14133,0,3200,3200
14134,0,3200,3200
14135,0,3200,3200
14136,0,3200,3200
14137,0,3200,3200
14138,0,3200,3200
14139,0,3200,3200
14140,0,3200,3200
14141,0,3200,3200
14142,0,3200,3200
14143,0,3200,3200
14144,0,3200,3200
14145,0,3200,3200
14146,0,3200,3200
14147,0,3200,3200
14148,0,3200,3200
14149,0,3200,3200
14150,0,3200,3200
14151,0,3200,3200
14152,0,3200,3200
14153,0,3200,3200
14154,0,3200,3200
14155,0,3200,3200
14156,0,3200,3200
14157,0,3200,3200
14158,0,3200,3200
14159,0,3200,3200
14160,0,3200,3200
14161,0,3200,3200
14162,0,3200,3200
14163,0,3200,3200
14164,0,3200,3200
14165,0,3200,3200
14166,0,3200,3200
14167,0,3200,3200
14168,0,3200,3200
14169,0,3200,3200
14170,0,3200,3200
14171,0,3200,3200
14172,0,3200,3200
14173,0,3200,3200
14174,0,3200,3200
14175,0,3200,3200
14176,0,3200,3200
14177,0,3200,3200
14178,0,3200,3200
14179,0,3200,3200
14180,0,3200,3200
14181,0,3200,3200
14182,0,3200,3200
14183,0,3200,3200
14184,0,3200,3200
14185,0,3200,3200
14186,0,3200,3200
14187,0,3200,3200
14188,0,3200,3200
14189,0,3200,3200
14190,0,3200,3200
14191,0,3200,3200
14192,0,3200,3200
14193,0,3200,3200
14194,0,3200,3200
14195,0,3200,3200
14196,0,3200,3200
14197,0,3200,3200
14198,0,3200,3200
14199,0,3200,3200
14200,0,3200,3200
14201,0,3200,3200
14202,0,3200,3200
14203,0,3200,3200
14204,0,3200,3200
14205,0,3200,3200
14206,0,3200,3200
14207,0,3200,3200
14208,0,3200,3200
14209,0,3200,3200
14210,0,3200,3200
14211,0,3200,3200
14212,0,3200,3200
14213,0,3200,3200
14214,0,3200,3200
14215,0,3200,3200
14216,0,3200,3200
14217,0,3200,3200
14218,0,3200,3200
14219,0,3200,3200
14220,0,3200,3200
14221,0,3200,3200
14222,0,3200,3200
14223,0,3200,3200
14224,0,3200,3200
14225,0,3200,3200
14226,0,3200,3200
14227,0,3200,3200
14228,0,3200,3200
14229,0,3200,3200
14230,0,3200,3200
14231,0,3200,3200
14232,0,3200,3200
14233,0,3200,3200
14234,0,3200,3200
14235,0,3200,3200
14236,0,3200,3200
14237,0,3200,3200
14238,0,3200,3200
14239,0,3200,3200
14240,0,3200,3200
14241,0,3200,3200
14242,0,3200,3200
14243,0,3200,3200
14244,0,3200,3200
14245,0,3200,3200
14246,0,3200,3200
14247,0,3200,3200
14248,0,3200,3200
14249,0,3200,3200
14250,0,3200,3200
14251,0,3200,3200
14252,0,3200,3200
14253,0,3200,3200
14254,0,3200,3200
14255,0,3200,3200
14256,0,3200,3200
14257,0,3200,3200
14258,0,3200,3200
14259,0,3200,3200
14260,0,3200,3200
14261,0,3200,3200
14262,0,3200,3200
14263,0,3200,3200
14264,0,3200,3200
14265,0,3200,3200
14266,0,3200,3200
14267,0,3200,3200
14268,0,3200,3200
14269,0,3200,3200
14270,0,3200,3200
14271,0,3200,3200
14272,0,3200,3200
14273,0,3200,3200
14274,0,3200,3200
14275,0,3200,3200
14276,0,3200,3200
14277,0,3200,3200
14278,0,3200,3200
14279,0,3200,3200
14280,0,3200,3200
14281,0,3200,3200
14282,0,3200,3200
14283,0,3200,3200
14284,0,3200,3200
14285,0,3200,3200
14286,0,3200,3200
14287,0,3200,3200
14288,0,3200,3200
14289,0,3200,3200
14290,0,3200,3200
14291,0,3200,3200
14292,0,3200,3200
14293,0,3200,3200
14294,0,3200,3200
14295,0,3200,3200
14296,0,3200,3200
14297,0,3200,3200
14298,0,3200,3200
14299,0,3200,3200
14300,0,3200,3200
14301,0,3200,3200
14302,0,3200,3200
14303,0,3200,3200
14304,0,3200,3200
14305,0,3200,3200
14306,0,3200,3200
14307,0,3200,3200
14308,0,3200,3200
14309,0,3200,3200
14310,0,3200,3200
14311,0,3200,3200
14312,0,3200,3200
14313,0,3200,3200
14314,0,3200,3200
14315,0,3200,3200
14316,0,3200,3200
14317,0,3200,3200
14318,0,3200,3200
14319,0,3200,3200
14320,0,3200,3200
14321,0,3200,3200
14322,0,3200,3200
14323,0,3200,3200
14324,0,3200,3200
14325,0,3200,3200
14326,0,3200,3200
14327,0,3200,3200
14328,0,3200,3200
14329,0,3200,3200
14330,0,3200,3200
14331,0,3200,3200
14332,0,3200,3200
14333,0,3200,3200
14334,0,3200,3200
14335,0,3200,3200
14336,0,3200,3200
14337,0,3200,3200
14338,0,3200,3200
14339,0,3200,3200
14340,0,3200,3200
14341,0,3200,3200
14342,0,3200,3200
14343,0,3200,3200
14344,0,3200,3200
14345,0,3200,3200
14346,0,3200,3200
14347,0,3200,3200
14348,0,3200,3200
14349,0,3200,3200
14350,0,3200,3200
14351,0,3200,3200
14352,0,3200,3200
14353,0,3200,3200
14354,0,3200,3200
14355,0,3200,3200
14356,0,3200,3200
14357,0,3200,3200
14358,0,3200,3200
14359,0,3200,3200
14360,0,3200,3200
14361,0,3200,3200
14362,0,3200,3200
14363,0,3200,3200
14364,0,3200,3200
14365,0,3200,3200
14366,0,3200,3200
14367,0,3200,3200
14368,0,3200,3200
14369,0,3200,3200
14370,0,3200,3200
14371,0,3200,3200
14372,0,3200,3200
14373,0,3200,3200
14374,0,3200,3200
14375,0,3200,3200
14376,0,3200,3200
14377,0,3200,3200
14378,0,3200,3200
14379,0,3200,3200
14380,0,3200,3200
14381,0,3200,3200
14382,0,3200,3200
14383,0,3200,3200
14384,0,3200,3200
14385,0,3200,3200
14386,0,3200,3200
14387,0,3200,3200
14388,0,3200,3200
14389,0,3200,3200
14390,0,3200,3200
14391,0,3200,3200
14392,0,3200,3200
14393,0,3200,3200
14394,0,3200,3200
14395,0,3200,3200
14396,0,3200,3200
14397,0,3200,3200
14398,0,3200,3200
14399,0,3200,3200
14400,0,3200,3200
14401,0,3200,3200
14402,0,3200,3200
14403,0,3200,3200
14404,0,3200,3200
14405,0,3200,3200
14406,0,3200,3200
14407,0,3200,3200
14408,0,3200,3200
14409,0,3200,3200
14410,0,3200,3200
14411,0,3200,3200
14412,0,3200,3200
14413,0,3200,3200
14414,0,3200,3200
14415,0,3200,3200
14416,0,3200,3200
14417,0,3200,3200
14418,0,3200,3200
14419,0,3200,3200
14420,0,3200,3200
14421,0,3200,3200
14422,0,3200,3200
14423,0,3200,3200
14424,0,3200,3200
14425,0,3200,3200
14426,0,3200,3200
14427,0,3200,3200
14428,0,3200,3200
14429,0,3200,3200
14430,0,3200,3200
14431,0,3200,3200
14432,0,3200,3200
14433,0,3200,3200
14434,0,3200,3200
14435,0,3200,3200
14436,0,3200,3200
14437,0,3200,3200
14438,0,3200,3200
14439,0,3200,3200
14440,0,3200,3200
14441,0,3200,3200
14442,0,3200,3200
14443,0,3200,3200
14444,0,3200,3200
14445,0,3200,3200
14446,0,3200,3200
14447,0,3200,3200
14448,0,3200,3200
14449,0,3200,3200
14450,0,3200,3200
14451,0,3200,3200
14452,0,3200,3200
14453,0,3200,3200
14454,0,3200,3200
14455,0,3200,3200
14456,0,3200,3200
14457,0,3200,3200
14458,0,3200,3200
14459,0,3200,3200
14460,0,3200,3200
