{
  "type": "FeatureCollection",
  "name": "edges_drive",
  "crs": {
    "type": "name",
    "properties": {
      "name": "urn:ogc:def:crs:OGC:1.3:CRS84"
    }
  },
  "features": [
    {
      "type": "Feature",
      "properties": {
        "u": 59094787,
        "v": 59095650,
        "key": 0,
        "osmid": "[7939114, 538861666]",
        "highway": "unclassified",
        "lanes": "2",
        "maxspeed": "25",
        "name": "",
        "oneway": false,
        "reversed": "False",
        "length": 232.95780618317232,
        "ref": "",
        "tunnel": "",
        "bridge": "",
        "width": "",
        "access": "",
        "junction": ""
      },
      "geometry": {
        "type": "LineString",
        "coordinates": [
          [
            -75.6867785,
            45.3744794
          ],
          [
            -75.6860441,
            45.3745254
          ],
          [
            -75.6862713,
            45.3760944
          ]
        ]
      }
    },
    {
      "type": "Feature",
      "properties": {
        "u": 59094787,
        "v": 165279027,
        "key": 0,
        "osmid": 7939114,
        "highway": "unclassified",
        "lanes": "2",
        "maxspeed": "25",
        "name": "",
        "oneway": false,
        "reversed": "True",
        "length": 143.17565918307537,
        "ref": "",
        "tunnel": "",
        "bridge": "",
        "width": "",
        "access": "",
        "junction": ""
      },
      "geometry": {
        "type": "LineString",
        "coordinates": [
          [
            -75.6867785,
            45.3744794
          ],
          [
            -75.6871422,
            45.3744512
          ],
          [
            -75.6877523,
            45.374411
          ],
          [
            -75.6883304,
            45.3743741
          ],
          [
            -75.688433,
            45.3743705
          ],
          [
            -75.6886021,
            45.3743523
          ]
        ]
      }
    },
    {
      "type": "Feature",
      "properties": {
        "u": 59094787,
        "v": 901847307,
        "key": 0,
        "osmid": 7939138,
        "highway": "unclassified",
        "lanes": "2",
        "maxspeed": "25",
        "name": "",
        "oneway": false,
        "reversed": "True",
        "length": 123.95832891120995,
        "ref": "",
        "tunnel": "",
        "bridge": "",
        "width": "",
        "access": "",
        "junction": ""
      },
      "geometry": {
        "type": "LineString",
        "coordinates": [
          [
            -75.6867785,
            45.3744794
          ],
          [
            -75.6867692,
            45.3744177
          ],
          [
            -75.6866848,
            45.3737995
          ],
          [
            -75.6866747,
            45.3737254
          ],
          [
            -75.686639,
            45.3734662
          ],
          [
            -75.6866257,
            45.3733698
          ]
        ]
      }
    },
    {
      "type": "Feature",
      "properties": {
        "u": 59095650,
        "v": 165279038,
        "key": 0,
        "osmid": 7939295,
        "highway": "unclassified",
        "lanes": "2",
        "maxspeed": "35",
        "name": "",
        "oneway": false,
        "reversed": "False",
        "length": 175.46340137325848,
        "ref": "",
        "tunnel": "",
        "bridge": "",
        "width": "",
        "access": "",
        "junction": ""
      },
      "geometry": {
        "type": "LineString",
        "coordinates": [
          [
            -75.6862713,
            45.3760944
          ],
          [
            -75.6872929,
            45.3760199
          ],
          [
            -75.6873347,
            45.3760168
          ],
          [
            -75.6873641,
            45.3760145
          ],
          [
            -75.6874788,
            45.3760063
          ],
          [
            -75.6883776,
            45.3759383
          ],
          [
            -75.6885055,
            45.3759304
          ]
        ]
      }
    },
    {
      "type": "Feature",
      "properties": {
        "u": 59095650,
        "v": 957626550,
        "key": 0,
        "osmid": "[130207184, 538861666, 7939211, 130207187]",
        "highway": "unclassified",
        "lanes": "2",
        "maxspeed": "25",
        "name": "",
        "oneway": false,
        "reversed": "False",
        "length": 175.34550511420264,
        "ref": "",
        "tunnel": "yes",
        "bridge": "",
        "width": "",
        "access": "",
        "junction": ""
      },
      "geometry": {
        "type": "LineString",
        "coordinates": [
          [
            -75.6862713,
            45.3760944
          ],
          [
            -75.6863149,
            45.3764861
          ],
          [
            -75.6863203,
            45.3765303
          ],
          [
            -75.6863279,
            45.3765466
          ],
          [
            -75.6863664,
            45.3766296
          ],
          [
            -75.6864104,
            45.3767244
          ],
          [
            -75.6864814,
            45.376837
          ],
          [
            -75.6865415,
            45.3769072
          ],
          [
            -75.6866384,
            45.3770134
          ],
          [
            -75.6869341,
            45.37734
          ],
          [
            -75.6871459,
            45.3774983
          ]
        ]
      }
    },
    {
      "type": "Feature",
      "properties": {
        "u": 59095650,
        "v": 59094787,
        "key": 0,
        "osmid": "[538861666, 7939114]",
        "highway": "unclassified",
        "lanes": "2",
        "maxspeed": "25",
        "name": "",
        "oneway": false,
        "reversed": "True",
        "length": 232.95780618317232,
        "ref": "",
        "tunnel": "",
        "bridge": "",
        "width": "",
        "access": "",
        "junction": ""
      },
      "geometry": {
        "type": "LineString",
        "coordinates": [
          [
            -75.6862713,
            45.3760944
          ],
          [
            -75.6860441,
            45.3745254
          ],
          [
            -75.6867785,
            45.3744794
          ]
        ]
      }
    },
    {
      "type": "Feature",
      "properties": {
        "u": 59106094,
        "v": 901870500,
        "key": 0,
        "osmid": 76509083,
        "highway": "residential",
        "lanes": "2",
        "maxspeed": "40",
        "name": "Dupont Street",
        "oneway": false,
        "reversed": "False",
        "length": 185.04790372266075,
        "ref": "",
        "tunnel": "",
        "bridge": "",
        "width": "",
        "access": "",
        "junction": ""
      },
      "geometry": {
        "type": "LineString",
        "coordinates": [
          [
            -75.6861716,
            45.3661465
          ],
          [
            -75.686302,
            45.3665586
          ],
          [
            -75.6867526,
            45.3676834
          ],
          [
            -75.6867699,
            45.3677559
          ]
        ]
      }
    },
    {
      "type": "Feature",
      "properties": {
        "u": 165279027,
        "v": 59094787,
        "key": 0,
        "osmid": 7939114,
        "highway": "unclassified",
        "lanes": "2",
        "maxspeed": "25",
        "name": "",
        "oneway": false,
        "reversed": "False",
        "length": 143.17565918307534,
        "ref": "",
        "tunnel": "",
        "bridge": "",
        "width": "",
        "access": "",
        "junction": ""
      },
      "geometry": {
        "type": "LineString",
        "coordinates": [
          [
            -75.6886021,
            45.3743523
          ],
          [
            -75.688433,
            45.3743705
          ],
          [
            -75.6883304,
            45.3743741
          ],
          [
            -75.6877523,
            45.374411
          ],
          [
            -75.6871422,
            45.3744512
          ],
          [
            -75.6867785,
            45.3744794
          ]
        ]
      }
    },
    {
      "type": "Feature",
      "properties": {
        "u": 165279027,
        "v": 165279038,
        "key": 0,
        "osmid": 80675323,
        "highway": "unclassified",
        "lanes": "2",
        "maxspeed": "35",
        "name": "",
        "oneway": false,
        "reversed": "False",
        "length": 177.65721612432583,
        "ref": "",
        "tunnel": "",
        "bridge": "",
        "width": "",
        "access": "",
        "junction": ""
      },
      "geometry": {
        "type": "LineString",
        "coordinates": [
          [
            -75.6886021,
            45.3743523
          ],
          [
            -75.6885735,
            45.3744256
          ],
          [
            -75.688409,
            45.3749727
          ],
          [
            -75.6884083,
            45.3749885
          ],
          [
            -75.6883898,
            45.3750753
          ],
          [
            -75.6884007,
            45.3751651
          ],
          [
            -75.6884452,
            45.3754904
          ],
          [
            -75.6884809,
            45.3757506
          ],
          [
            -75.6884941,
            45.3758472
          ],
          [
            -75.6885055,
            45.3759304
          ]
        ]
      }
    },
    {
      "type": "Feature",
      "properties": {
        "u": 165279027,
        "v": 4882865107,
        "key": 0,
        "osmid": 538861668,
        "highway": "unclassified",
        "lanes": "2",
        "maxspeed": "35",
        "name": "",
        "oneway": false,
        "reversed": "True",
        "length": 125.48844787763048,
        "ref": "",
        "tunnel": "",
        "bridge": "",
        "width": "",
        "access": "",
        "junction": ""
      },
      "geometry": {
        "type": "LineString",
        "coordinates": [
          [
            -75.6886021,
            45.3743523
          ],
          [
            -75.6886164,
            45.3743215
          ],
          [
            -75.6886438,
            45.3742681
          ],
          [
            -75.6886741,
            45.3742039
          ],
          [
            -75.6886503,
            45.373991
          ],
          [
            -75.6886381,
            45.3739105
          ],
          [
            -75.6886356,
            45.373894
          ],
          [
            -75.6886334,
            45.3738796
          ],
          [
            -75.6886326,
            45.3738751
          ],
          [
            -75.6885814,
            45.3735873
          ],
          [
            -75.6885487,
            45.3733466
          ],
          [
            -75.688545,
            45.373319
          ],
          [
            -75.6885339,
            45.3732373
          ]
        ]
      }
    },
    {
      "type": "Feature",
      "properties": {
        "u": 165279027,
        "v": 3454879917,
        "key": 0,
        "osmid": 538861669,
        "highway": "unclassified",
        "lanes": "2",
        "maxspeed": "",
        "name": "",
        "oneway": false,
        "reversed": "True",
        "length": 100.30217170740082,
        "ref": "",
        "tunnel": "",
        "bridge": "",
        "width": "",
        "access": "",
        "junction": ""
      },
      "geometry": {
        "type": "LineString",
        "coordinates": [
          [
            -75.6886021,
            45.3743523
          ],
          [
            -75.6886675,
            45.3743354
          ],
          [
            -75.6887548,
            45.3743171
          ],
          [
            -75.6888391,
            45.3743056
          ],
          [
            -75.6896108,
            45.374246
          ],
          [
            -75.6897043,
            45.374239
          ],
          [
            -75.6898705,
            45.3742272
          ]
        ]
      }
    },
    {
      "type": "Feature",
      "properties": {
        "u": 165279038,
        "v": 59095650,
        "key": 0,
        "osmid": 7939295,
        "highway": "unclassified",
        "lanes": "2",
        "maxspeed": "35",
        "name": "",
        "oneway": false,
        "reversed": "True",
        "length": 175.46340137325848,
        "ref": "",
        "tunnel": "",
        "bridge": "",
        "width": "",
        "access": "",
        "junction": ""
      },
      "geometry": {
        "type": "LineString",
        "coordinates": [
          [
            -75.6885055,
            45.3759304
          ],
          [
            -75.6883776,
            45.3759383
          ],
          [
            -75.6874788,
            45.3760063
          ],
          [
            -75.6873641,
            45.3760145
          ],
          [
            -75.6873347,
            45.3760168
          ],
          [
            -75.6872929,
            45.3760199
          ],
          [
            -75.6862713,
            45.3760944
          ]
        ]
      }
    },
    {
      "type": "Feature",
      "properties": {
        "u": 165279038,
        "v": 165279027,
        "key": 0,
        "osmid": 80675323,
        "highway": "unclassified",
        "lanes": "2",
        "maxspeed": "35",
        "name": "",
        "oneway": false,
        "reversed": "True",
        "length": 177.65721612432577,
        "ref": "",
        "tunnel": "",
        "bridge": "",
        "width": "",
        "access": "",
        "junction": ""
      },
      "geometry": {
        "type": "LineString",
        "coordinates": [
          [
            -75.6885055,
            45.3759304
          ],
          [
            -75.6884941,
            45.3758472
          ],
          [
            -75.6884809,
            45.3757506
          ],
          [
            -75.6884452,
            45.3754904
          ],
          [
            -75.6884007,
            45.3751651
          ],
          [
            -75.6883898,
            45.3750753
          ],
          [
            -75.6884083,
            45.3749885
          ],
          [
            -75.688409,
            45.3749727
          ],
          [
            -75.6885735,
            45.3744256
          ],
          [
            -75.6886021,
            45.3743523
          ]
        ]
      }
    },
    {
      "type": "Feature",
      "properties": {
        "u": 165279038,
        "v": 5710064748,
        "key": 0,
        "osmid": 538861667,
        "highway": "unclassified",
        "lanes": "2",
        "maxspeed": "35",
        "name": "",
        "oneway": false,
        "reversed": "False",
        "length": 81.18342110882904,
        "ref": "",
        "tunnel": "",
        "bridge": "",
        "width": "",
        "access": "",
        "junction": ""
      },
      "geometry": {
        "type": "LineString",
        "coordinates": [
          [
            -75.6885055,
            45.3759304
          ],
          [
            -75.6885304,
            45.3760542
          ],
          [
            -75.6885495,
            45.3761494
          ],
          [
            -75.6885722,
            45.3762293
          ],
          [
            -75.6886303,
            45.3763072
          ],
          [
            -75.6888596,
            45.3765064
          ],
          [
            -75.6889342,
            45.3765712
          ]
        ]
      }
    },
    {
      "type": "Feature",
      "properties": {
        "u": 412668435,
        "v": 901065637,
        "key": 0,
        "osmid": 76422593,
        "highway": "residential",
        "lanes": "2",
        "maxspeed": "50",
        "name": "Green Valley Crescent",
        "oneway": false,
        "reversed": "False",
        "length": 201.14613215239444,
        "ref": "",
        "tunnel": "",
        "bridge": "",
        "width": "",
        "access": "",
        "junction": ""
      },
      "geometry": {
        "type": "LineString",
        "coordinates": [
          [
            -75.7035775,
            45.3767503
          ],
          [
            -75.703772,
            45.3768406
          ],
          [
            -75.7038779,
            45.3768897
          ],
          [
            -75.7055793,
            45.3774388
          ],
          [
            -75.7057203,
            45.3774897
          ],
          [
            -75.7057587,
            45.3775036
          ],
          [
            -75.7058842,
            45.3775489
          ]
        ]
      }
    },
    {
      "type": "Feature",
      "properties": {
        "u": 412671569,
        "v": 901067374,
        "key": 0,
        "osmid": 76421386,
        "highway": "residential",
        "lanes": "2",
        "maxspeed": "",
        "name": "Rideauview Terrace",
        "oneway": false,
        "reversed": "False",
        "length": 159.45040957367428,
        "ref": "",
        "tunnel": "",
        "bridge": "",
        "width": "",
        "access": "",
        "junction": ""
      },
      "geometry": {
        "type": "LineString",
        "coordinates": [
          [
            -75.7032346,
            45.3780163
          ],
          [
            -75.703678,
            45.3781195
          ],
          [
            -75.7044948,
            45.3782217
          ],
          [
            -75.7048652,
            45.3783444
          ],
          [
            -75.7049407,
            45.3783612
          ],
          [
            -75.7050118,
            45.3783953
          ],
          [
            -75.7050359,
            45.3784071
          ],
          [
            -75.7051513,
            45.3784634
          ]
        ]
      }
    },
    {
      "type": "Feature",
      "properties": {
        "u": 828195034,
        "v": 901051401,
        "key": 0,
        "osmid": 130293861,
        "highway": "residential",
        "lanes": "2",
        "maxspeed": "30",
        "name": "Canal Woods Terrace",
        "oneway": false,
        "reversed": "False",
        "length": 135.02133585432608,
        "ref": "",
        "tunnel": "",
        "bridge": "",
        "width": "",
        "access": "",
        "junction": ""
      },
      "geometry": {
        "type": "LineString",
        "coordinates": [
          [
            -75.6934762,
            45.3903343
          ],
          [
            -75.6935731,
            45.3904923
          ],
          [
            -75.693999,
            45.3912244
          ],
          [
            -75.6941386,
            45.3914559
          ]
        ]
      }
    },
    {
      "type": "Feature",
      "properties": {
        "u": 828195034,
        "v": 1435493447,
        "key": 0,
        "osmid": 130293865,
        "highway": "residential",
        "lanes": "1",
        "maxspeed": "30",
        "name": "Canal Woods Terrace",
        "oneway": true,
        "reversed": "False",
        "length": 23.508418777364124,
        "ref": "",
        "tunnel": "",
        "bridge": "",
        "width": "",
        "access": "",
        "junction": ""
      },
      "geometry": {
        "type": "LineString",
        "coordinates": [
          [
            -75.6934762,
            45.3903343
          ],
          [
            -75.6934637,
            45.3902222
          ],
          [
            -75.6934647,
            45.3901967
          ],
          [
            -75.6934653,
            45.3901832
          ],
          [
            -75.6934779,
            45.3901239
          ]
        ]
      }
    },
    {
      "type": "Feature",
      "properties": {
        "u": 901051401,
        "v": 901055005,
        "key": 0,
        "osmid": 76419742,
        "highway": "residential",
        "lanes": "2",
        "maxspeed": "30",
        "name": "Aylmer Avenue",
        "oneway": false,
        "reversed": "False",
        "length": 79.10192210959836,
        "ref": "",
        "tunnel": "",
        "bridge": "",
        "width": "",
        "access": "",
        "junction": ""
      },
      "geometry": {
        "type": "LineString",
        "coordinates": [
          [
            -75.6941386,
            45.3914559
          ],
          [
            -75.6940688,
            45.3914849
          ],
          [
            -75.6940261,
            45.3915034
          ],
          [
            -75.6932704,
            45.3918224
          ]
        ]
      }
    },
    {
      "type": "Feature",
      "properties": {
        "u": 901051401,
        "v": 905116641,
        "key": 0,
        "osmid": 130293861,
        "highway": "residential",
        "lanes": "2",
        "maxspeed": "30",
        "name": "Canal Woods Terrace",
        "oneway": false,
        "reversed": "False",
        "length": 150.63140428014626,
        "ref": "",
        "tunnel": "",
        "bridge": "",
        "width": "",
        "access": "",
        "junction": ""
      },
      "geometry": {
        "type": "LineString",
        "coordinates": [
          [
            -75.6941386,
            45.3914559
          ],
          [
            -75.6942148,
            45.3915858
          ],
          [
            -75.6944627,
            45.3920083
          ],
          [
            -75.6948349,
            45.3926426
          ],
          [
            -75.6948498,
            45.3926677
          ],
          [
            -75.6948735,
            45.3927084
          ]
        ]
      }
    },
    {
      "type": "Feature",
      "properties": {
        "u": 901051401,
        "v": 828195034,
        "key": 0,
        "osmid": 130293861,
        "highway": "residential",
        "lanes": "2",
        "maxspeed": "30",
        "name": "Canal Woods Terrace",
        "oneway": false,
        "reversed": "True",
        "length": 135.02133585432608,
        "ref": "",
        "tunnel": "",
        "bridge": "",
        "width": "",
        "access": "",
        "junction": ""
      },
      "geometry": {
        "type": "LineString",
        "coordinates": [
          [
            -75.6941386,
            45.3914559
          ],
          [
            -75.693999,
            45.3912244
          ],
          [
            -75.6935731,
            45.3904923
          ],
          [
            -75.6934762,
            45.3903343
          ]
        ]
      }
    },
    {
      "type": "Feature",
      "properties": {
        "u": 901052136,
        "v": 901055005,
        "key": 0,
        "osmid": 76423173,
        "highway": "residential",
        "lanes": "2",
        "maxspeed": "30",
        "name": "Aylmer Avenue",
        "oneway": false,
        "reversed": "True",
        "length": 92.26637146417659,
        "ref": "",
        "tunnel": "",
        "bridge": "",
        "width": "",
        "access": "",
        "junction": ""
      },
      "geometry": {
        "type": "LineString",
        "coordinates": [
          [
            -75.6922554,
            45.3922472
          ],
          [
            -75.6932704,
            45.3918224
          ]
        ]
      }
    },
    {
      "type": "Feature",
      "properties": {
        "u": 901052136,
        "v": 901061912,
        "key": 0,
        "osmid": 76419389,
        "highway": "residential",
        "lanes": "2",
        "maxspeed": "30",
        "name": "Aylmer Avenue",
        "oneway": false,
        "reversed": "False",
        "length": 113.45722781727459,
        "ref": "",
        "tunnel": "",
        "bridge": "",
        "width": "",
        "access": "",
        "junction": ""
      },
      "geometry": {
        "type": "LineString",
        "coordinates": [
          [
            -75.6922554,
            45.3922472
          ],
          [
            -75.6911226,
            45.3927175
          ],
          [
            -75.6910815,
            45.3927345
          ],
          [
            -75.6910046,
            45.3927664
          ]
        ]
      }
    },
    {
      "type": "Feature",
      "properties": {
        "u": 901052136,
        "v": 901056459,
        "key": 0,
        "osmid": 76421829,
        "highway": "residential",
        "lanes": "2",
        "maxspeed": "30",
        "name": "Carlyle Avenue",
        "oneway": false,
        "reversed": "False",
        "length": 95.8130094978487,
        "ref": "",
        "tunnel": "",
        "bridge": "",
        "width": "",
        "access": "",
        "junction": ""
      },
      "geometry": {
        "type": "LineString",
        "coordinates": [
          [
            -75.6922554,
            45.3922472
          ],
          [
            -75.6922939,
            45.3922914
          ],
          [
            -75.6923157,
            45.3923165
          ],
          [
            -75.6926575,
            45.3927089
          ],
          [
            -75.6928324,
            45.3929404
          ],
          [
            -75.6928756,
            45.3929903
          ]
        ]
      }
    },
    {
      "type": "Feature",
      "properties": {
        "u": 901052136,
        "v": 901065825,
        "key": 0,
        "osmid": "[76423249, 76422070]",
        "highway": "residential",
        "lanes": "2",
        "maxspeed": "30",
        "name": "Carlyle Avenue",
        "oneway": false,
        "reversed": "True",
        "length": 74.39049125095653,
        "ref": "",
        "tunnel": "",
        "bridge": "",
        "width": "",
        "access": "",
        "junction": ""
      },
      "geometry": {
        "type": "LineString",
        "coordinates": [
          [
            -75.6922554,
            45.3922472
          ],
          [
            -75.6922114,
            45.3921964
          ],
          [
            -75.692185,
            45.392166
          ],
          [
            -75.6920049,
            45.3919583
          ],
          [
            -75.6918442,
            45.3917535
          ],
          [
            -75.6917776,
            45.3916686
          ]
        ]
      }
    },
    {
      "type": "Feature",
      "properties": {
        "u": 901052164,
        "v": 901053436,
        "key": 0,
        "osmid": 76419047,
        "highway": "secondary",
        "lanes": "2",
        "maxspeed": "40",
        "name": "Colonel By Drive",
        "oneway": false,
        "reversed": "True",
        "length": 155.59232489608817,
        "ref": "",
        "tunnel": "",
        "bridge": "",
        "width": "",
        "access": "",
        "junction": ""
      },
      "geometry": {
        "type": "LineString",
        "coordinates": [
          [
            -75.6898977,
            45.3942391
          ],
          [
            -75.689923,
            45.3942295
          ],
          [
            -75.6904034,
            45.3940428
          ],
          [
            -75.6907882,
            45.3939285
          ],
          [
            -75.6911589,
            45.3938444
          ],
          [
            -75.6915754,
            45.3937913
          ],
          [
            -75.6916301,
            45.3937845
          ],
          [
            -75.6917565,
            45.393768
          ]
        ]
      }
    },
    {
      "type": "Feature",
      "properties": {
        "u": 901052164,
        "v": 901061692,
        "key": 0,
        "osmid": 76421721,
        "highway": "residential",
        "lanes": "2",
        "maxspeed": "30",
        "name": "L\u00e9onard Avenue",
        "oneway": false,
        "reversed": "True",
        "length": 97.7655470804163,
        "ref": "",
        "tunnel": "",
        "bridge": "",
        "width": "",
        "access": "",
        "junction": ""
      },
      "geometry": {
        "type": "LineString",
        "coordinates": [
          [
            -75.6898977,
            45.3942391
          ],
          [
            -75.6898342,
            45.3941555
          ],
          [
            -75.6898249,
            45.3941432
          ],
          [
            -75.6896643,
            45.3939296
          ],
          [
            -75.689334,
            45.393527
          ],
          [
            -75.6892883,
            45.3934712
          ]
        ]
      }
    },
    {
      "type": "Feature",
      "properties": {
        "u": 901052344,
        "v": 1435493298,
        "key": 0,
        "osmid": 76843114,
        "highway": "primary_link",
        "lanes": "1",
        "maxspeed": "",
        "name": "",
        "oneway": true,
        "reversed": "False",
        "length": 10.609285289050183,
        "ref": "",
        "tunnel": "",
        "bridge": "",
        "width": "",
        "access": "",
        "junction": ""
      },
      "geometry": {
        "type": "LineString",
        "coordinates": [
          [
            -75.6975039,
            45.3931464
          ],
          [
            -75.6974592,
            45.3930563
          ]
        ]
      }
    },
    {
      "type": "Feature",
      "properties": {
        "u": 901052344,
        "v": 901057163,
        "key": 0,
        "osmid": 623151022,
        "highway": "secondary",
        "lanes": "1",
        "maxspeed": "60",
        "name": "Colonel By Drive",
        "oneway": true,
        "reversed": "False",
        "length": 199.9069072315756,
        "ref": "",
        "tunnel": "",
        "bridge": "",
        "width": "",
        "access": "",
        "junction": ""
      },
      "geometry": {
        "type": "LineString",
        "coordinates": [
          [
            -75.6975039,
            45.3931464
          ],
          [
            -75.6983784,
            45.3925399
          ],
          [
            -75.6989258,
            45.392155
          ],
          [
            -75.6991428,
            45.3920024
          ],
          [
            -75.6992212,
            45.3919303
          ],
          [
            -75.6992714,
            45.3918537
          ]
        ]
      }
    },
    {
      "type": "Feature",
      "properties": {
        "u": 901052370,
        "v": 901061912,
        "key": 0,
        "osmid": 76419297,
        "highway": "residential",
        "lanes": "2",
        "maxspeed": "30",
        "name": "Seneca Street",
        "oneway": false,
        "reversed": "True",
        "length": 37.65883877600984,
        "ref": "",
        "tunnel": "",
        "bridge": "",
        "width": "",
        "access": "",
        "junction": ""
      },
      "geometry": {
        "type": "LineString",
        "coordinates": [
          [
            -75.6912477,
            45.3930589
          ],
          [
            -75.6910679,
            45.3928425
          ],
          [
            -75.6910496,
            45.3928205
          ],
          [
            -75.6910046,
            45.3927664
          ]
        ]
      }
    },
    {
      "type": "Feature",
      "properties": {
        "u": 901052370,
        "v": 901056459,
        "key": 0,
        "osmid": 76421619,
        "highway": "residential",
        "lanes": "2",
        "maxspeed": "30",
        "name": "Downing Street",
        "oneway": false,
        "reversed": "True",
        "length": 128.71545632910397,
        "ref": "",
        "tunnel": "",
        "bridge": "",
        "width": "",
        "access": "",
        "junction": ""
      },
      "geometry": {
        "type": "LineString",
        "coordinates": [
          [
            -75.6912477,
            45.3930589
          ],
          [
            -75.691349,
            45.393058
          ],
          [
            -75.6913979,
            45.3930575
          ],
          [
            -75.6927042,
            45.3930507
          ],
          [
            -75.6927623,
            45.393029
          ],
          [
            -75.6928032,
            45.3930138
          ],
          [
            -75.6928756,
            45.3929903
          ]
        ]
      }
    },
    {
      "type": "Feature",
      "properties": {
        "u": 901052370,
        "v": 901053436,
        "key": 0,
        "osmid": "[76421748, 1039725871]",
        "highway": "residential",
        "lanes": "2",
        "maxspeed": "30",
        "name": "Seneca Street",
        "oneway": false,
        "reversed": "False",
        "length": 88.99519808481392,
        "ref": "",
        "tunnel": "",
        "bridge": "",
        "width": "",
        "access": "",
        "junction": ""
      },
      "geometry": {
        "type": "LineString",
        "coordinates": [
          [
            -75.6912477,
            45.3930589
          ],
          [
            -75.6914343,
            45.3932746
          ],
          [
            -75.6915773,
            45.3934399
          ],
          [
            -75.6917269,
            45.3936518
          ],
          [
            -75.6917565,
            45.393768
          ]
        ]
      }
    },
    {
      "type": "Feature",
      "properties": {
        "u": 901052403,
        "v": 901054889,
        "key": 0,
        "osmid": 76420823,
        "highway": "residential",
        "lanes": "2",
        "maxspeed": "30",
        "name": "Hopewell Avenue",
        "oneway": false,
        "reversed": "True",
        "length": 153.22420038775815,
        "ref": "",
        "tunnel": "",
        "bridge": "",
        "width": "",
        "access": "",
        "junction": ""
      },
      "geometry": {
        "type": "LineString",
        "coordinates": [
          [
            -75.6877818,
            45.3916035
          ],
          [
            -75.6878459,
            45.3915784
          ],
          [
            -75.689384,
            45.3909633
          ],
          [
            -75.6894162,
            45.3909511
          ],
          [
            -75.6894867,
            45.3909214
          ]
        ]
      }
    },
    {
      "type": "Feature",
      "properties": {
        "u": 901052403,
        "v": 903984997,
        "key": 0,
        "osmid": 76421039,
        "highway": "residential",
        "lanes": "2",
        "maxspeed": "30",
        "name": "L\u00e9onard Avenue",
        "oneway": false,
        "reversed": "True",
        "length": 78.2033721867364,
        "ref": "",
        "tunnel": "",
        "bridge": "",
        "width": "",
        "access": "",
        "junction": ""
      },
      "geometry": {
        "type": "LineString",
        "coordinates": [
          [
            -75.6877818,
            45.3916035
          ],
          [
            -75.6877469,
            45.391564
          ],
          [
            -75.687426,
            45.3912006
          ],
          [
            -75.687254,
            45.3910058
          ]
        ]
      }
    },
    {
      "type": "Feature",
      "properties": {
        "u": 901052403,
        "v": 901065624,
        "key": 0,
        "osmid": 76421223,
        "highway": "residential",
        "lanes": "2",
        "maxspeed": "30",
        "name": "L\u00e9onard Avenue",
        "oneway": false,
        "reversed": "False",
        "length": 79.63470292909261,
        "ref": "",
        "tunnel": "",
        "bridge": "",
        "width": "",
        "access": "",
        "junction": ""
      },
      "geometry": {
        "type": "LineString",
        "coordinates": [
          [
            -75.6877818,
            45.3916035
          ],
          [
            -75.6878266,
            45.3916631
          ],
          [
            -75.6881976,
            45.3921565
          ],
          [
            -75.6882188,
            45.3921847
          ],
          [
            -75.688258,
            45.3922368
          ]
        ]
      }
    },
    {
      "type": "Feature",
      "properties": {
        "u": 901053326,
        "v": 901055005,
        "key": 0,
        "osmid": 76420608,
        "highway": "residential",
        "lanes": "2",
        "maxspeed": "30",
        "name": "Fulton Avenue",
        "oneway": false,
        "reversed": "False",
        "length": 114.7270762172699,
        "ref": "",
        "tunnel": "",
        "bridge": "",
        "width": "",
        "access": "",
        "junction": ""
      },
      "geometry": {
        "type": "LineString",
        "coordinates": [
          [
            -75.6925091,
            45.39094
          ],
          [
            -75.6925533,
            45.390992
          ],
          [
            -75.6930254,
            45.3915463
          ],
          [
            -75.6932061,
            45.3917499
          ],
          [
            -75.6932269,
            45.3917733
          ],
          [
            -75.6932704,
            45.3918224
          ]
        ]
      }
    },
    {
      "type": "Feature",
      "properties": {
        "u": 901053436,
        "v": 901052164,
        "key": 0,
        "osmid": 76419047,
        "highway": "secondary",
        "lanes": "2",
        "maxspeed": "40",
        "name": "Colonel By Drive",
        "oneway": false,
        "reversed": "False",
        "length": 155.59232489608814,
        "ref": "",
        "tunnel": "",
        "bridge": "",
        "width": "",
        "access": "",
        "junction": ""
      },
      "geometry": {
        "type": "LineString",
        "coordinates": [
          [
            -75.6917565,
            45.393768
          ],
          [
            -75.6916301,
            45.3937845
          ],
          [
            -75.6915754,
            45.3937913
          ],
          [
            -75.6911589,
            45.3938444
          ],
          [
            -75.6907882,
            45.3939285
          ],
          [
            -75.6904034,
            45.3940428
          ],
          [
            -75.689923,
            45.3942295
          ],
          [
            -75.6898977,
            45.3942391
          ]
        ]
      }
    },
    {
      "type": "Feature",
      "properties": {
        "u": 901053436,
        "v": 901065633,
        "key": 0,
        "osmid": 76420365,
        "highway": "secondary",
        "lanes": "2",
        "maxspeed": "40",
        "name": "Colonel By Drive",
        "oneway": false,
        "reversed": "True",
        "length": 118.33624023072397,
        "ref": "",
        "tunnel": "",
        "bridge": "",
        "width": "",
        "access": "",
        "junction": ""
      },
      "geometry": {
        "type": "LineString",
        "coordinates": [
          [
            -75.6917565,
            45.393768
          ],
          [
            -75.6924286,
            45.3937076
          ],
          [
            -75.6928702,
            45.3936934
          ],
          [
            -75.6930867,
            45.3936922
          ],
          [
            -75.6932659,
            45.3936971
          ]
        ]
      }
    },
    {
      "type": "Feature",
      "properties": {
        "u": 901053436,
        "v": 901052370,
        "key": 0,
        "osmid": "[76421748, 1039725871]",
        "highway": "residential",
        "lanes": "2",
        "maxspeed": "30",
        "name": "Seneca Street",
        "oneway": false,
        "reversed": "True",
        "length": 88.99519808481392,
        "ref": "",
        "tunnel": "",
        "bridge": "",
        "width": "",
        "access": "",
        "junction": ""
      },
      "geometry": {
        "type": "LineString",
        "coordinates": [
          [
            -75.6917565,
            45.393768
          ],
          [
            -75.6917269,
            45.3936518
          ],
          [
            -75.6915773,
            45.3934399
          ],
          [
            -75.6914343,
            45.3932746
          ],
          [
            -75.6912477,
            45.3930589
          ]
        ]
      }
    },
    {
      "type": "Feature",
      "properties": {
        "u": 901053754,
        "v": 901061912,
        "key": 0,
        "osmid": 76418982,
        "highway": "residential",
        "lanes": "2",
        "maxspeed": "30",
        "name": "Aylmer Avenue",
        "oneway": false,
        "reversed": "True",
        "length": 66.9503518644144,
        "ref": "",
        "tunnel": "",
        "bridge": "",
        "width": "",
        "access": "",
        "junction": ""
      },
      "geometry": {
        "type": "LineString",
        "coordinates": [
          [
            -75.6902641,
            45.3930699
          ],
          [
            -75.6908996,
            45.3928095
          ],
          [
            -75.6909415,
            45.3927923
          ],
          [
            -75.6910046,
            45.3927664
          ]
        ]
      }
    },
    {
      "type": "Feature",
      "properties": {
        "u": 901053754,
        "v": 901061692,
        "key": 0,
        "osmid": 76419939,
        "highway": "residential",
        "lanes": "2",
        "maxspeed": "30",
        "name": "Aylmer Avenue",
        "oneway": false,
        "reversed": "False",
        "length": 88.30031222777399,
        "ref": "",
        "tunnel": "",
        "bridge": "",
        "width": "",
        "access": "",
        "junction": ""
      },
      "geometry": {
        "type": "LineString",
        "coordinates": [
          [
            -75.6902641,
            45.3930699
          ],
          [
            -75.6893588,
            45.3934422
          ],
          [
            -75.6892883,
            45.3934712
          ]
        ]
      }
    },
    {
      "type": "Feature",
      "properties": {
        "u": 901053754,
        "v": 901062808,
        "key": 0,
        "osmid": "[76420130, 76422035]",
        "highway": "residential",
        "lanes": "2",
        "maxspeed": "30",
        "name": "Roslyn Avenue",
        "oneway": false,
        "reversed": "True",
        "length": 159.30512230376618,
        "ref": "",
        "tunnel": "",
        "bridge": "",
        "width": "",
        "access": "",
        "junction": ""
      },
      "geometry": {
        "type": "LineString",
        "coordinates": [
          [
            -75.6902641,
            45.3930699
          ],
          [
            -75.6902239,
            45.3930195
          ],
          [
            -75.6902029,
            45.3929932
          ],
          [
            -75.6896869,
            45.3923459
          ],
          [
            -75.6895275,
            45.3921655
          ],
          [
            -75.6893115,
            45.3919204
          ],
          [
            -75.6892911,
            45.3918975
          ],
          [
            -75.6892349,
            45.3918333
          ]
        ]
      }
    },
    {
      "type": "Feature",
      "properties": {
        "u": 901053754,
        "v": 5077617133,
        "key": 0,
        "osmid": 76421568,
        "highway": "residential",
        "lanes": "2",
        "maxspeed": "30",
        "name": "Roslyn Avenue",
        "oneway": false,
        "reversed": "False",
        "length": 87.53717446009287,
        "ref": "",
        "tunnel": "",
        "bridge": "",
        "width": "",
        "access": "",
        "junction": ""
      },
      "geometry": {
        "type": "LineString",
        "coordinates": [
          [
            -75.6902641,
            45.3930699
          ],
          [
            -75.6902975,
            45.393111
          ],
          [
            -75.6903221,
            45.3931412
          ],
          [
            -75.6908243,
            45.3937518
          ]
        ]
      }
    },
    {
      "type": "Feature",
      "properties": {
        "u": 901054215,
        "v": 901063545,
        "key": 0,
        "osmid": 76419125,
        "highway": "residential",
        "lanes": "1",
        "maxspeed": "30",
        "name": "Canal Woods Terrace",
        "oneway": true,
        "reversed": "False",
        "length": 8.795187335083591,
        "ref": "",
        "tunnel": "",
        "bridge": "",
        "width": "",
        "access": "",
        "junction": ""
      },
      "geometry": {
        "type": "LineString",
        "coordinates": [
          [
            -75.6952062,
            45.3937595
          ],
          [
            -75.6952456,
            45.3938336
          ]
        ]
      }
    },
    {
      "type": "Feature",
      "properties": {
        "u": 901054215,
        "v": 901065633,
        "key": 0,
        "osmid": 130293863,
        "highway": "secondary",
        "lanes": "2",
        "maxspeed": "40",
        "name": "Colonel By Drive",
        "oneway": true,
        "reversed": "False",
        "length": 151.73511653732518,
        "ref": "",
        "tunnel": "",
        "bridge": "",
        "width": "",
        "access": "",
        "junction": ""
      },
      "geometry": {
        "type": "LineString",
        "coordinates": [
          [
            -75.6952062,
            45.3937595
          ],
          [
            -75.6949907,
            45.393749
          ],
          [
            -75.6939271,
            45.3936989
          ],
          [
            -75.6932659,
            45.3936971
          ]
        ]
      }
    },
    {
      "type": "Feature",
      "properties": {
        "u": 901054889,
        "v": 901052403,
        "key": 0,
        "osmid": 76420823,
        "highway": "residential",
        "lanes": "2",
        "maxspeed": "30",
        "name": "Hopewell Avenue",
        "oneway": false,
        "reversed": "False",
        "length": 153.22420038775815,
        "ref": "",
        "tunnel": "",
        "bridge": "",
        "width": "",
        "access": "",
        "junction": ""
      },
      "geometry": {
        "type": "LineString",
        "coordinates": [
          [
            -75.6894867,
            45.3909214
          ],
          [
            -75.6894162,
            45.3909511
          ],
          [
            -75.689384,
            45.3909633
          ],
          [
            -75.6878459,
            45.3915784
          ],
          [
            -75.6877818,
            45.3916035
          ]
        ]
      }
    },
    {
      "type": "Feature",
      "properties": {
        "u": 901054889,
        "v": 901066916,
        "key": 0,
        "osmid": "[76422240, 76420892]",
        "highway": "residential",
        "lanes": "2",
        "maxspeed": "30",
        "name": "Seneca Street",
        "oneway": false,
        "reversed": "True",
        "length": 79.11582429263959,
        "ref": "",
        "tunnel": "",
        "bridge": "",
        "width": "",
        "access": "",
        "junction": ""
      },
      "geometry": {
        "type": "LineString",
        "coordinates": [
          [
            -75.6894867,
            45.3909214
          ],
          [
            -75.6892048,
            45.390579
          ],
          [
            -75.6890409,
            45.3903849
          ],
          [
            -75.6890293,
            45.3903711
          ],
          [
            -75.6890128,
            45.3903516
          ],
          [
            -75.6889753,
            45.3903072
          ]
        ]
      }
    },
    {
      "type": "Feature",
      "properties": {
        "u": 901054889,
        "v": 901066222,
        "key": 0,
        "osmid": "[76421107, 76422317]",
        "highway": "residential",
        "lanes": "2",
        "maxspeed": "30",
        "name": "Hopewell Avenue",
        "oneway": false,
        "reversed": "True",
        "length": 306.18848428742945,
        "ref": "",
        "tunnel": "",
        "bridge": "",
        "width": "",
        "access": "",
        "junction": ""
      },
      "geometry": {
        "type": "LineString",
        "coordinates": [
          [
            -75.6894867,
            45.3909214
          ],
          [
            -75.689556,
            45.3908916
          ],
          [
            -75.6895723,
            45.3908836
          ],
          [
            -75.6902705,
            45.390579
          ],
          [
            -75.6903127,
            45.3905596
          ],
          [
            -75.6917386,
            45.3899758
          ],
          [
            -75.6928747,
            45.3895365
          ]
        ]
      }
    },
    {
      "type": "Feature",
      "properties": {
        "u": 901054889,
        "v": 901062411,
        "key": 0,
        "osmid": 76423036,
        "highway": "residential",
        "lanes": "2",
        "maxspeed": "30",
        "name": "Seneca Street",
        "oneway": false,
        "reversed": "False",
        "length": 77.76995122028532,
        "ref": "",
        "tunnel": "",
        "bridge": "",
        "width": "",
        "access": "",
        "junction": ""
      },
      "geometry": {
        "type": "LineString",
        "coordinates": [
          [
            -75.6894867,
            45.3909214
          ],
          [
            -75.6899402,
            45.3914724
          ],
          [
            -75.6899826,
            45.3915279
          ]
        ]
      }
    },
    {
      "type": "Feature",
      "properties": {
        "u": 901055005,
        "v": 901052136,
        "key": 0,
        "osmid": 76423173,
        "highway": "residential",
        "lanes": "2",
        "maxspeed": "30",
        "name": "Aylmer Avenue",
        "oneway": false,
        "reversed": "False",
        "length": 92.26637146417659,
        "ref": "",
        "tunnel": "",
        "bridge": "",
        "width": "",
        "access": "",
        "junction": ""
      },
      "geometry": {
        "type": "LineString",
        "coordinates": [
          [
            -75.6932704,
            45.3918224
          ],
          [
            -75.6922554,
            45.3922472
          ]
        ]
      }
    },
    {
      "type": "Feature",
      "properties": {
        "u": 901055005,
        "v": 901051401,
        "key": 0,
        "osmid": 76419742,
        "highway": "residential",
        "lanes": "2",
        "maxspeed": "30",
        "name": "Aylmer Avenue",
        "oneway": false,
        "reversed": "True",
        "length": 79.10192210959836,
        "ref": "",
        "tunnel": "",
        "bridge": "",
        "width": "",
        "access": "",
        "junction": ""
      },
      "geometry": {
        "type": "LineString",
        "coordinates": [
          [
            -75.6932704,
            45.3918224
          ],
          [
            -75.6940261,
            45.3915034
          ],
          [
            -75.6940688,
            45.3914849
          ],
          [
            -75.6941386,
            45.3914559
          ]
        ]
      }
    },
    {
      "type": "Feature",
      "properties": {
        "u": 901055005,
        "v": 901053326,
        "key": 0,
        "osmid": 76420608,
        "highway": "residential",
        "lanes": "2",
        "maxspeed": "30",
        "name": "Fulton Avenue",
        "oneway": false,
        "reversed": "True",
        "length": 114.7270762172699,
        "ref": "",
        "tunnel": "",
        "bridge": "",
        "width": "",
        "access": "",
        "junction": ""
      },
      "geometry": {
        "type": "LineString",
        "coordinates": [
          [
            -75.6932704,
            45.3918224
          ],
          [
            -75.6932269,
            45.3917733
          ],
          [
            -75.6932061,
            45.3917499
          ],
          [
            -75.6930254,
            45.3915463
          ],
          [
            -75.6925533,
            45.390992
          ],
          [
            -75.6925091,
            45.39094
          ]
        ]
      }
    },
    {
      "type": "Feature",
      "properties": {
        "u": 901055005,
        "v": 901064979,
        "key": 0,
        "osmid": 76420673,
        "highway": "residential",
        "lanes": "2",
        "maxspeed": "30",
        "name": "Fulton Avenue",
        "oneway": false,
        "reversed": "False",
        "length": 256.0080887601575,
        "ref": "",
        "tunnel": "",
        "bridge": "",
        "width": "",
        "access": "",
        "junction": ""
      },
      "geometry": {
        "type": "LineString",
        "coordinates": [
          [
            -75.6932704,
            45.3918224
          ],
          [
            -75.6933052,
            45.3918648
          ],
          [
            -75.6933275,
            45.3918921
          ],
          [
            -75.6945592,
            45.3933969
          ],
          [
            -75.6945857,
            45.393421
          ],
          [
            -75.6946102,
            45.3934333
          ],
          [
            -75.6946453,
            45.3934416
          ],
          [
            -75.6947114,
            45.3934463
          ],
          [
            -75.6947423,
            45.3934486
          ],
          [
            -75.6951141,
            45.393465
          ],
          [
            -75.6951601,
            45.393467
          ],
          [
            -75.6952258,
            45.3934693
          ]
        ]
      }
    },
    {
      "type": "Feature",
      "properties": {
        "u": 901056459,
        "v": 6978063720,
        "key": 0,
        "osmid": 76419003,
        "highway": "residential",
        "lanes": "2",
        "maxspeed": "30",
        "name": "Carlyle Avenue",
        "oneway": false,
        "reversed": "False",
        "length": 42.8366238906261,
        "ref": "",
        "tunnel": "",
        "bridge": "",
        "width": "",
        "access": "",
        "junction": ""
      },
      "geometry": {
        "type": "LineString",
        "coordinates": [
          [
            -75.6928756,
            45.3929903
          ],
          [
            -75.693161,
            45.3933193
          ]
        ]
      }
    },
    {
      "type": "Feature",
      "properties": {
        "u": 901056459,
        "v": 901052370,
        "key": 0,
        "osmid": 76421619,
        "highway": "residential",
        "lanes": "2",
        "maxspeed": "30",
        "name": "Downing Street",
        "oneway": false,
        "reversed": "False",
        "length": 128.71545632910397,
        "ref": "",
        "tunnel": "",
        "bridge": "",
        "width": "",
        "access": "",
        "junction": ""
      },
      "geometry": {
        "type": "LineString",
        "coordinates": [
          [
            -75.6928756,
            45.3929903
          ],
          [
            -75.6928032,
            45.3930138
          ],
          [
            -75.6927623,
            45.393029
          ],
          [
            -75.6927042,
            45.3930507
          ],
          [
            -75.6913979,
            45.3930575
          ],
          [
            -75.691349,
            45.393058
          ],
          [
            -75.6912477,
            45.3930589
          ]
        ]
      }
    },
    {
      "type": "Feature",
      "properties": {
        "u": 901056459,
        "v": 901052136,
        "key": 0,
        "osmid": 76421829,
        "highway": "residential",
        "lanes": "2",
        "maxspeed": "30",
        "name": "Carlyle Avenue",
        "oneway": false,
        "reversed": "True",
        "length": 95.8130094978487,
        "ref": "",
        "tunnel": "",
        "bridge": "",
        "width": "",
        "access": "",
        "junction": ""
      },
      "geometry": {
        "type": "LineString",
        "coordinates": [
          [
            -75.6928756,
            45.3929903
          ],
          [
            -75.6928324,
            45.3929404
          ],
          [
            -75.6926575,
            45.3927089
          ],
          [
            -75.6923157,
            45.3923165
          ],
          [
            -75.6922939,
            45.3922914
          ],
          [
            -75.6922554,
            45.3922472
          ]
        ]
      }
    },
    {
      "type": "Feature",
      "properties": {
        "u": 901057163,
        "v": 1435493298,
        "key": 0,
        "osmid": 76422797,
        "highway": "secondary",
        "lanes": "1",
        "maxspeed": "60",
        "name": "Colonel By Drive",
        "oneway": true,
        "reversed": "False",
        "length": 194.79572607914264,
        "ref": "",
        "tunnel": "",
        "bridge": "",
        "width": "",
        "access": "",
        "junction": ""
      },
      "geometry": {
        "type": "LineString",
        "coordinates": [
          [
            -75.6992714,
            45.3918537
          ],
          [
            -75.699185,
            45.3918992
          ],
          [
            -75.6990827,
            45.3919714
          ],
          [
            -75.6988753,
            45.3921148
          ],
          [
            -75.6983124,
            45.392509
          ],
          [
            -75.6974592,
            45.3930563
          ]
        ]
      }
    },
    {
      "type": "Feature",
      "properties": {
        "u": 901057163,
        "v": 1435832291,
        "key": 0,
        "osmid": 137413788,
        "highway": "secondary",
        "lanes": "2",
        "maxspeed": "60",
        "name": "Colonel By Drive",
        "oneway": false,
        "reversed": "True",
        "length": 833.1629300906774,
        "ref": "",
        "tunnel": "",
        "bridge": "",
        "width": "",
        "access": "",
        "junction": ""
      },
      "geometry": {
        "type": "LineString",
        "coordinates": [
          [
            -75.6992714,
            45.3918537
          ],
          [
            -75.6993172,
            45.3918109
          ],
          [
            -75.6995251,
            45.3916055
          ],
          [
            -75.6996128,
            45.3915116
          ],
          [
            -75.6996859,
            45.3914274
          ],
          [
            -75.699756,
            45.391336
          ],
          [
            -75.6998299,
            45.3912382
          ],
          [
            -75.6998856,
            45.3911537
          ],
          [
            -75.6999378,
            45.3910743
          ],
          [
            -75.6999983,
            45.390971
          ],
          [
            -75.7000463,
            45.390869
          ],
          [
            -75.7000946,
            45.3907699
          ],
          [
            -75.7001475,
            45.3906567
          ],
          [
            -75.7001877,
            45.3905583
          ],
          [
            -75.7002233,
            45.3904497
          ],
          [
            -75.700252,
            45.3903491
          ],
          [
            -75.700276,
            45.3902447
          ],
          [
            -75.7002929,
            45.3901592
          ],
          [
            -75.7003091,
            45.3900691
          ],
          [
            -75.70032,
            45.3899867
          ],
          [
            -75.7003295,
            45.3898862
          ],
          [
            -75.7003368,
            45.3897922
          ],
          [
            -75.7003391,
            45.3896914
          ],
          [
            -75.7003358,
            45.3895933
          ],
          [
            -75.7003304,
            45.3895011
          ],
          [
            -75.7003227,
            45.3894164
          ],
          [
            -75.7003096,
            45.3893225
          ],
          [
            -75.7002954,
            45.3892338
          ],
          [
            -75.7002754,
            45.3891386
          ],
          [
            -75.700254,
            45.3890398
          ],
          [
            -75.700218,
            45.3889153
          ],
          [
            -75.7001382,
            45.3886586
          ],
          [
            -75.7000612,
            45.388417
          ],
          [
            -75.6997081,
            45.3872481
          ],
          [
            -75.6995649,
            45.3867923
          ],
          [
            -75.6992419,
            45.3857373
          ],
          [
            -75.6991978,
            45.3855926
          ],
          [
            -75.6991738,
            45.3854956
          ],
          [
            -75.6991533,
            45.3853967
          ],
          [
            -75.6991347,
            45.3852942
          ],
          [
            -75.6991211,
            45.3852017
          ],
          [
            -75.6991139,
            45.3851092
          ],
          [
            -75.6991107,
            45.3850135
          ],
          [
            -75.6991079,
            45.3849174
          ],
          [
            -75.6991115,
            45.3848107
          ],
          [
            -75.6991175,
            45.3847163
          ],
          [
            -75.6991286,
            45.3846177
          ]
        ]
      }
    },
    {
      "type": "Feature",
      "properties": {
        "u": 901060067,
        "v": 901067586,
        "key": 0,
        "osmid": "[76421856, 735218685]",
        "highway": "unclassified",
        "lanes": "2",
        "maxspeed": "",
        "name": "National Capital Commission Driveway",
        "oneway": false,
        "reversed": "True",
        "length": 57.68192894056569,
        "ref": "",
        "tunnel": "",
        "bridge": "",
        "width": "[\"9\", \"8.7\"]",
        "access": "",
        "junction": ""
      },
      "geometry": {
        "type": "LineString",
        "coordinates": [
          [
            -75.7061006,
            45.3908299
          ],
          [
            -75.7063193,
            45.3907374
          ],
          [
            -75.7064138,
            45.3906993
          ],
          [
            -75.7065132,
            45.3906589
          ],
          [
            -75.706695,
            45.3905832
          ],
          [
            -75.7067343,
            45.3905636
          ]
        ]
      }
    },
    {
      "type": "Feature",
      "properties": {
        "u": 901060074,
        "v": 901065825,
        "key": 0,
        "osmid": 76422360,
        "highway": "residential",
        "lanes": "2",
        "maxspeed": "30",
        "name": "Carlyle Avenue",
        "oneway": false,
        "reversed": "False",
        "length": 40.667838455212774,
        "ref": "",
        "tunnel": "",
        "bridge": "",
        "width": "",
        "access": "",
        "junction": ""
      },
      "geometry": {
        "type": "LineString",
        "coordinates": [
          [
            -75.6915211,
            45.3913503
          ],
          [
            -75.6917776,
            45.3916686
          ]
        ]
      }
    },
    {
      "type": "Feature",
      "properties": {
        "u": 901060694,
        "v": 903985310,
        "key": 0,
        "osmid": "[76422672, 76419417]",
        "highway": "residential",
        "lanes": "2",
        "maxspeed": "30",
        "name": "Rosedale Avenue",
        "oneway": false,
        "reversed": "True",
        "length": 157.41708400342176,
        "ref": "",
        "tunnel": "",
        "bridge": "",
        "width": "",
        "access": "",
        "junction": ""
      },
      "geometry": {
        "type": "LineString",
        "coordinates": [
          [
            -75.6882655,
            45.3938927
          ],
          [
            -75.6882284,
            45.3938459
          ],
          [
            -75.6882062,
            45.3938179
          ],
          [
            -75.6878298,
            45.3933652
          ],
          [
            -75.6875297,
            45.3929823
          ],
          [
            -75.687426,
            45.3928663
          ],
          [
            -75.6873159,
            45.3927431
          ],
          [
            -75.6872939,
            45.3927185
          ],
          [
            -75.6872484,
            45.3926709
          ]
        ]
      }
    },
    {
      "type": "Feature",
      "properties": {
        "u": 901060694,
        "v": 901061692,
        "key": 0,
        "osmid": 76421436,
        "highway": "residential",
        "lanes": "2",
        "maxspeed": "30",
        "name": "Aylmer Avenue",
        "oneway": false,
        "reversed": "True",
        "length": 92.60183872981833,
        "ref": "",
        "tunnel": "",
        "bridge": "",
        "width": "",
        "access": "",
        "junction": ""
      },
      "geometry": {
        "type": "LineString",
        "coordinates": [
          [
            -75.6882655,
            45.3938927
          ],
          [
            -75.6892203,
            45.3934992
          ],
          [
            -75.6892883,
            45.3934712
          ]
        ]
      }
    },
    {
      "type": "Feature",
      "properties": {
        "u": 901060694,
        "v": 903994351,
        "key": 0,
        "osmid": 76728934,
        "highway": "residential",
        "lanes": "2",
        "maxspeed": "30",
        "name": "Aylmer Avenue",
        "oneway": false,
        "reversed": "False",
        "length": 89.89565049388986,
        "ref": "",
        "tunnel": "",
        "bridge": "",
        "width": "",
        "access": "",
        "junction": ""
      },
      "geometry": {
        "type": "LineString",
        "coordinates": [
          [
            -75.6882655,
            45.3938927
          ],
          [
            -75.687426,
            45.3942359
          ],
          [
            -75.6872706,
            45.3942995
          ]
        ]
      }
    },
    {
      "type": "Feature",
      "properties": {
        "u": 901061692,
        "v": 901065624,
        "key": 0,
        "osmid": "[76419930, 76419698]",
        "highway": "residential",
        "lanes": "2",
        "maxspeed": "30",
        "name": "L\u00e9onard Avenue",
        "oneway": false,
        "reversed": "True",
        "length": 159.10116065947147,
        "ref": "",
        "tunnel": "",
        "bridge": "",
        "width": "",
        "access": "",
        "junction": ""
      },
      "geometry": {
        "type": "LineString",
        "coordinates": [
          [
            -75.6892883,
            45.3934712
          ],
          [
            -75.689243,
            45.3934171
          ],
          [
            -75.6885355,
            45.3925711
          ],
          [
            -75.6883353,
            45.3923269
          ],
          [
            -75.6883175,
            45.3923062
          ],
          [
            -75.688258,
            45.3922368
          ]
        ]
      }
    },
    {
      "type": "Feature",
      "properties": {
        "u": 901061692,
        "v": 901053754,
        "key": 0,
        "osmid": 76419939,
        "highway": "residential",
        "lanes": "2",
        "maxspeed": "30",
        "name": "Aylmer Avenue",
        "oneway": false,
        "reversed": "True",
        "length": 88.30031222777399,
        "ref": "",
        "tunnel": "",
        "bridge": "",
        "width": "",
        "access": "",
        "junction": ""
      },
      "geometry": {
        "type": "LineString",
        "coordinates": [
          [
            -75.6892883,
            45.3934712
          ],
          [
            -75.6893588,
            45.3934422
          ],
          [
            -75.6902641,
            45.3930699
          ]
        ]
      }
    },
    {
      "type": "Feature",
      "properties": {
        "u": 901061692,
        "v": 901060694,
        "key": 0,
        "osmid": 76421436,
        "highway": "residential",
        "lanes": "2",
        "maxspeed": "30",
        "name": "Aylmer Avenue",
        "oneway": false,
        "reversed": "False",
        "length": 92.60183872981833,
        "ref": "",
        "tunnel": "",
        "bridge": "",
        "width": "",
        "access": "",
        "junction": ""
      },
      "geometry": {
        "type": "LineString",
        "coordinates": [
          [
            -75.6892883,
            45.3934712
          ],
          [
            -75.6892203,
            45.3934992
          ],
          [
            -75.6882655,
            45.3938927
          ]
        ]
      }
    },
    {
      "type": "Feature",
      "properties": {
        "u": 901061692,
        "v": 901052164,
        "key": 0,
        "osmid": 76421721,
        "highway": "residential",
        "lanes": "2",
        "maxspeed": "30",
        "name": "L\u00e9onard Avenue",
        "oneway": false,
        "reversed": "False",
        "length": 97.7655470804163,
        "ref": "",
        "tunnel": "",
        "bridge": "",
        "width": "",
        "access": "",
        "junction": ""
      },
      "geometry": {
        "type": "LineString",
        "coordinates": [
          [
            -75.6892883,
            45.3934712
          ],
          [
            -75.689334,
            45.393527
          ],
          [
            -75.6896643,
            45.3939296
          ],
          [
            -75.6898249,
            45.3941432
          ],
          [
            -75.6898342,
            45.3941555
          ],
          [
            -75.6898977,
            45.3942391
          ]
        ]
      }
    },
    {
      "type": "Feature",
      "properties": {
        "u": 901061912,
        "v": 901053754,
        "key": 0,
        "osmid": 76418982,
        "highway": "residential",
        "lanes": "2",
        "maxspeed": "30",
        "name": "Aylmer Avenue",
        "oneway": false,
        "reversed": "False",
        "length": 66.95035186441442,
        "ref": "",
        "tunnel": "",
        "bridge": "",
        "width": "",
        "access": "",
        "junction": ""
      },
      "geometry": {
        "type": "LineString",
        "coordinates": [
          [
            -75.6910046,
            45.3927664
          ],
          [
            -75.6909415,
            45.3927923
          ],
          [
            -75.6908996,
            45.3928095
          ],
          [
            -75.6902641,
            45.3930699
          ]
        ]
      }
    },
    {
      "type": "Feature",
      "properties": {
        "u": 901061912,
        "v": 901052370,
        "key": 0,
        "osmid": 76419297,
        "highway": "residential",
        "lanes": "2",
        "maxspeed": "30",
        "name": "Seneca Street",
        "oneway": false,
        "reversed": "False",
        "length": 37.65883877600984,
        "ref": "",
        "tunnel": "",
        "bridge": "",
        "width": "",
        "access": "",
        "junction": ""
      },
      "geometry": {
        "type": "LineString",
        "coordinates": [
          [
            -75.6910046,
            45.3927664
          ],
          [
            -75.6910496,
            45.3928205
          ],
          [
            -75.6910679,
            45.3928425
          ],
          [
            -75.6912477,
            45.3930589
          ]
        ]
      }
    },
    {
      "type": "Feature",
      "properties": {
        "u": 901061912,
        "v": 901052136,
        "key": 0,
        "osmid": 76419389,
        "highway": "residential",
        "lanes": "2",
        "maxspeed": "30",
        "name": "Aylmer Avenue",
        "oneway": false,
        "reversed": "True",
        "length": 113.45722781727459,
        "ref": "",
        "tunnel": "",
        "bridge": "",
        "width": "",
        "access": "",
        "junction": ""
      },
      "geometry": {
        "type": "LineString",
        "coordinates": [
          [
            -75.6910046,
            45.3927664
          ],
          [
            -75.6910815,
            45.3927345
          ],
          [
            -75.6911226,
            45.3927175
          ],
          [
            -75.6922554,
            45.3922472
          ]
        ]
      }
    },
    {
      "type": "Feature",
      "properties": {
        "u": 901061912,
        "v": 901065619,
        "key": 0,
        "osmid": "[76420232, 76422996]",
        "highway": "residential",
        "lanes": "2",
        "maxspeed": "30",
        "name": "Seneca Street",
        "oneway": false,
        "reversed": "True",
        "length": 76.1898779023541,
        "ref": "",
        "tunnel": "",
        "bridge": "",
        "width": "",
        "access": "",
        "junction": ""
      },
      "geometry": {
        "type": "LineString",
        "coordinates": [
          [
            -75.6910046,
            45.3927664
          ],
          [
            -75.6909574,
            45.3927081
          ],
          [
            -75.6909369,
            45.3926827
          ],
          [
            -75.6907582,
            45.3924617
          ],
          [
            -75.6905985,
            45.3922678
          ],
          [
            -75.6905195,
            45.3921719
          ]
        ]
      }
    },
    {
      "type": "Feature",
      "properties": {
        "u": 901062284,
        "v": 901068252,
        "key": 0,
        "osmid": "[1355835882, 76422132]",
        "highway": "primary",
        "lanes": "2",
        "maxspeed": "60",
        "name": "Prince Of Wales Drive",
        "oneway": true,
        "reversed": "False",
        "length": 65.44573600667037,
        "ref": "73",
        "tunnel": "",
        "bridge": "",
        "width": "",
        "access": "",
        "junction": ""
      },
      "geometry": {
        "type": "LineString",
        "coordinates": [
          [
            -75.7076077,
            45.3909889
          ],
          [
            -75.7076032,
            45.3909457
          ],
          [
            -75.7075941,
            45.3909008
          ],
          [
            -75.707524,
            45.390748
          ],
          [
            -75.7074978,
            45.3906731
          ],
          [
            -75.707492,
            45.3906307
          ],
          [
            -75.7075006,
            45.3905689
          ],
          [
            -75.7075059,
            45.3905261
          ],
          [
            -75.7075194,
            45.3904668
          ],
          [
            -75.7075312,
            45.3904129
          ]
        ]
      }
    },
    {
      "type": "Feature",
      "properties": {
        "u": 901062346,
        "v": 905117603,
        "key": 0,
        "osmid": 76843181,
        "highway": "primary_link",
        "lanes": "1",
        "maxspeed": "",
        "name": "",
        "oneway": true,
        "reversed": "False",
        "length": 27.402516251882066,
        "ref": "",
        "tunnel": "",
        "bridge": "",
        "width": "",
        "access": "",
        "junction": ""
      },
      "geometry": {
        "type": "LineString",
        "coordinates": [
          [
            -75.6949076,
            45.3927665
          ],
          [
            -75.6949993,
            45.3927366
          ],
          [
            -75.6952266,
            45.3926638
          ]
        ]
      }
    },
    {
      "type": "Feature",
      "properties": {
        "u": 901062346,
        "v": 905116641,
        "key": 0,
        "osmid": 456557737,
        "highway": "residential",
        "lanes": "2",
        "maxspeed": "30",
        "name": "Canal Woods Terrace",
        "oneway": false,
        "reversed": "True",
        "length": 6.987658852398699,
        "ref": "",
        "tunnel": "",
        "bridge": "",
        "width": "",
        "access": "",
        "junction": ""
      },
      "geometry": {
        "type": "LineString",
        "coordinates": [
          [
            -75.6949076,
            45.3927665
          ],
          [
            -75.6948946,
            45.3927444
          ],
          [
            -75.6948735,
            45.3927084
          ]
        ]
      }
    },
    {
      "type": "Feature",
      "properties": {
        "u": 901062346,
        "v": 905117646,
        "key": 0,
        "osmid": 456557743,
        "highway": "residential",
        "lanes": "2",
        "maxspeed": "30",
        "name": "Canal Woods Terrace",
        "oneway": false,
        "reversed": "False",
        "length": 25.22255809420291,
        "ref": "",
        "tunnel": "",
        "bridge": "",
        "width": "",
        "access": "",
        "junction": ""
      },
      "geometry": {
        "type": "LineString",
        "coordinates": [
          [
            -75.6949076,
            45.3927665
          ],
          [
            -75.6949284,
            45.3928021
          ],
          [
            -75.6949433,
            45.3928276
          ],
          [
            -75.6949698,
            45.3928728
          ],
          [
            -75.6950304,
            45.3929763
          ]
        ]
      }
    },
    {
      "type": "Feature",
      "properties": {
        "u": 901062411,
        "v": 901067113,
        "key": 0,
        "osmid": 76421029,
        "highway": "tertiary",
        "lanes": "2",
        "maxspeed": "30",
        "name": "Sunnyside Avenue",
        "oneway": false,
        "reversed": "True",
        "length": 241.47247444699883,
        "ref": "",
        "tunnel": "",
        "bridge": "",
        "width": "",
        "access": "",
        "junction": ""
      },
      "geometry": {
        "type": "LineString",
        "coordinates": [
          [
            -75.6899826,
            45.3915279
          ],
          [
            -75.6900685,
            45.3914913
          ],
          [
            -75.6901502,
            45.3914576
          ],
          [
            -75.690838,
            45.3911646
          ],
          [
            -75.6912928,
            45.3910133
          ],
          [
            -75.6922763,
            45.3906073
          ],
          [
            -75.6924817,
            45.3905209
          ],
          [
            -75.6925303,
            45.3905005
          ],
          [
            -75.6926567,
            45.3904406
          ]
        ]
      }
    },
    {
      "type": "Feature",
      "properties": {
        "u": 901062411,
        "v": 901065619,
        "key": 0,
        "osmid": "[76420328, 76421030]",
        "highway": "residential",
        "lanes": "2",
        "maxspeed": "30",
        "name": "Seneca Street",
        "oneway": false,
        "reversed": "False",
        "length": 82.98160126862246,
        "ref": "",
        "tunnel": "",
        "bridge": "",
        "width": "",
        "access": "",
        "junction": ""
      },
      "geometry": {
        "type": "LineString",
        "coordinates": [
          [
            -75.6899826,
            45.3915279
          ],
          [
            -75.6900464,
            45.3916017
          ],
          [
            -75.6902656,
            45.3918637
          ],
          [
            -75.6904804,
            45.3921244
          ],
          [
            -75.6905195,
            45.3921719
          ]
        ]
      }
    },
    {
      "type": "Feature",
      "properties": {
        "u": 901062411,
        "v": 901062808,
        "key": 0,
        "osmid": 76421698,
        "highway": "tertiary",
        "lanes": "2",
        "maxspeed": "30",
        "name": "Sunnyside Avenue",
        "oneway": false,
        "reversed": "False",
        "length": 67.54668349441702,
        "ref": "",
        "tunnel": "",
        "bridge": "",
        "width": "",
        "access": "",
        "junction": ""
      },
      "geometry": {
        "type": "LineString",
        "coordinates": [
          [
            -75.6899826,
            45.3915279
          ],
          [
            -75.6899015,
            45.3915594
          ],
          [
            -75.6898595,
            45.3915757
          ],
          [
            -75.6893273,
            45.3917952
          ],
          [
            -75.6892349,
            45.3918333
          ]
        ]
      }
    },
    {
      "type": "Feature",
      "properties": {
        "u": 901062411,
        "v": 901054889,
        "key": 0,
        "osmid": 76423036,
        "highway": "residential",
        "lanes": "2",
        "maxspeed": "30",
        "name": "Seneca Street",
        "oneway": false,
        "reversed": "True",
        "length": 77.76995122028532,
        "ref": "",
        "tunnel": "",
        "bridge": "",
        "width": "",
        "access": "",
        "junction": ""
      },
      "geometry": {
        "type": "LineString",
        "coordinates": [
          [
            -75.6899826,
            45.3915279
          ],
          [
            -75.6899402,
            45.3914724
          ],
          [
            -75.6894867,
            45.3909214
          ]
        ]
      }
    },
    {
      "type": "Feature",
      "properties": {
        "u": 901062808,
        "v": 901062411,
        "key": 0,
        "osmid": 76421698,
        "highway": "tertiary",
        "lanes": "2",
        "maxspeed": "30",
        "name": "Sunnyside Avenue",
        "oneway": false,
        "reversed": "True",
        "length": 67.54668349441702,
        "ref": "",
        "tunnel": "",
        "bridge": "",
        "width": "",
        "access": "",
        "junction": ""
      },
      "geometry": {
        "type": "LineString",
        "coordinates": [
          [
            -75.6892349,
            45.3918333
          ],
          [
            -75.6893273,
            45.3917952
          ],
          [
            -75.6898595,
            45.3915757
          ],
          [
            -75.6899015,
            45.3915594
          ],
          [
            -75.6899826,
            45.3915279
          ]
        ]
      }
    },
    {
      "type": "Feature",
      "properties": {
        "u": 901062808,
        "v": 901053754,
        "key": 0,
        "osmid": "[76420130, 76422035]",
        "highway": "residential",
        "lanes": "2",
        "maxspeed": "30",
        "name": "Roslyn Avenue",
        "oneway": false,
        "reversed": "False",
        "length": 159.3051223037662,
        "ref": "",
        "tunnel": "",
        "bridge": "",
        "width": "",
        "access": "",
        "junction": ""
      },
      "geometry": {
        "type": "LineString",
        "coordinates": [
          [
            -75.6892349,
            45.3918333
          ],
          [
            -75.6892911,
            45.3918975
          ],
          [
            -75.6893115,
            45.3919204
          ],
          [
            -75.6895275,
            45.3921655
          ],
          [
            -75.6896869,
            45.3923459
          ],
          [
            -75.6902029,
            45.3929932
          ],
          [
            -75.6902239,
            45.3930195
          ],
          [
            -75.6902641,
            45.3930699
          ]
        ]
      }
    },
    {
      "type": "Feature",
      "properties": {
        "u": 901062808,
        "v": 901065624,
        "key": 0,
        "osmid": 76422650,
        "highway": "tertiary",
        "lanes": "2",
        "maxspeed": "30",
        "name": "Sunnyside Avenue",
        "oneway": false,
        "reversed": "False",
        "length": 88.50244989900524,
        "ref": "",
        "tunnel": "",
        "bridge": "",
        "width": "",
        "access": "",
        "junction": ""
      },
      "geometry": {
        "type": "LineString",
        "coordinates": [
          [
            -75.6892349,
            45.3918333
          ],
          [
            -75.6891724,
            45.3918592
          ],
          [
            -75.6883887,
            45.3921853
          ],
          [
            -75.6883537,
            45.3921991
          ],
          [
            -75.688258,
            45.3922368
          ]
        ]
      }
    },
    {
      "type": "Feature",
      "properties": {
        "u": 901063167,
        "v": 1435066119,
        "key": 0,
        "osmid": 436784653,
        "highway": "primary",
        "lanes": "4",
        "maxspeed": "60",
        "name": "Bronson Avenue",
        "oneway": true,
        "reversed": "False",
        "length": 8.851176399233598,
        "ref": "79",
        "tunnel": "",
        "bridge": "",
        "width": "",
        "access": "",
        "junction": ""
      },
      "geometry": {
        "type": "LineString",
        "coordinates": [
          [
            -75.6937182,
            45.3899373
          ],
          [
            -75.6937719,
            45.3900074
          ]
        ]
      }
    },
    {
      "type": "Feature",
      "properties": {
        "u": 901063167,
        "v": 901070152,
        "key": 0,
        "osmid": 76422139,
        "highway": "tertiary",
        "lanes": "1",
        "maxspeed": "40",
        "name": "Sunnyside Avenue",
        "oneway": true,
        "reversed": "False",
        "length": 37.57350100088004,
        "ref": "",
        "tunnel": "",
        "bridge": "",
        "width": "",
        "access": "",
        "junction": ""
      },
      "geometry": {
        "type": "LineString",
        "coordinates": [
          [
            -75.6937182,
            45.3899373
          ],
          [
            -75.693583,
            45.3899944
          ],
          [
            -75.6935308,
            45.3900157
          ],
          [
            -75.6933212,
            45.3901011
          ],
          [
            -75.6933033,
            45.3901084
          ]
        ]
      }
    },
    {
      "type": "Feature",
      "properties": {
        "u": 901063545,
        "v": 1435493430,
        "key": 0,
        "osmid": 130293862,
        "highway": "residential",
        "lanes": "1",
        "maxspeed": "30",
        "name": "Canal Woods Terrace",
        "oneway": true,
        "reversed": "False",
        "length": 8.846717388649743,
        "ref": "",
        "tunnel": "",
        "bridge": "",
        "width": "",
        "access": "",
        "junction": ""
      },
      "geometry": {
        "type": "LineString",
        "coordinates": [
          [
            -75.6952456,
            45.3938336
          ],
          [
            -75.6952935,
            45.3937615
          ]
        ]
      }
    },
    {
      "type": "Feature",
      "properties": {
        "u": 901063545,
        "v": 901052344,
        "key": 0,
        "osmid": "[76419675, 623151015]",
        "highway": "secondary",
        "lanes": "[\"2\", \"1\"]",
        "maxspeed": "40",
        "name": "Colonel By Drive",
        "oneway": true,
        "reversed": "False",
        "length": 200.13860183073797,
        "ref": "",
        "tunnel": "",
        "bridge": "",
        "width": "",
        "access": "",
        "junction": ""
      },
      "geometry": {
        "type": "LineString",
        "coordinates": [
          [
            -75.6952456,
            45.3938336
          ],
          [
            -75.6954444,
            45.3938402
          ],
          [
            -75.6955704,
            45.3938427
          ],
          [
            -75.6956802,
            45.3938421
          ],
          [
            -75.6957888,
            45.3938355
          ],
          [
            -75.6958794,
            45.3938261
          ],
          [
            -75.69601,
            45.3938115
          ],
          [
            -75.6961501,
            45.3937836
          ],
          [
            -75.6962927,
            45.3937502
          ],
          [
            -75.6963992,
            45.3937225
          ],
          [
            -75.6965053,
            45.3936869
          ],
          [
            -75.6966079,
            45.3936529
          ],
          [
            -75.6967235,
            45.3936067
          ],
          [
            -75.6968344,
            45.3935598
          ],
          [
            -75.6969463,
            45.3935035
          ],
          [
            -75.6971284,
            45.3933905
          ],
          [
            -75.6975039,
            45.3931464
          ]
        ]
      }
    },
    {
      "type": "Feature",
      "properties": {
        "u": 901063580,
        "v": 1435832249,
        "key": 0,
        "osmid": 600025673,
        "highway": "tertiary",
        "lanes": "4",
        "maxspeed": "30",
        "name": "University Drive",
        "oneway": false,
        "reversed": "True",
        "length": 34.33755381905565,
        "ref": "",
        "tunnel": "",
        "bridge": "",
        "width": "",
        "access": "",
        "junction": ""
      },
      "geometry": {
        "type": "LineString",
        "coordinates": [
          [
            -75.7004525,
            45.3792575
          ],
          [
            -75.7007457,
            45.3790274
          ]
        ]
      }
    },
    {
      "type": "Feature",
      "properties": {
        "u": 901063580,
        "v": 5157889159,
        "key": 0,
        "osmid": "[463644772, 538113725, 264387278, 130335831]",
        "highway": "tertiary",
        "lanes": "2",
        "maxspeed": "30",
        "name": "University Drive",
        "oneway": false,
        "reversed": "False",
        "length": 516.4543844982617,
        "ref": "",
        "tunnel": "building_passage",
        "bridge": "",
        "width": "",
        "access": "",
        "junction": ""
      },
      "geometry": {
        "type": "LineString",
        "coordinates": [
          [
            -75.7004525,
            45.3792575
          ],
          [
            -75.6994772,
            45.3799687
          ],
          [
            -75.6993726,
            45.3800531
          ],
          [
            -75.6992897,
            45.3801152
          ],
          [
            -75.6989942,
            45.3803423
          ],
          [
            -75.6988899,
            45.3804276
          ],
          [
            -75.6988725,
            45.3804403
          ],
          [
            -75.6985303,
            45.3806901
          ],
          [
            -75.69809,
            45.3810134
          ],
          [
            -75.6977303,
            45.3812829
          ],
          [
            -75.6976351,
            45.3813482
          ],
          [
            -75.6975484,
            45.3814056
          ],
          [
            -75.6974384,
            45.38147
          ],
          [
            -75.6973543,
            45.3815169
          ],
          [
            -75.6972603,
            45.3815657
          ],
          [
            -75.6971626,
            45.3816165
          ],
          [
            -75.6970674,
            45.381661
          ],
          [
            -75.6970233,
            45.3816881
          ],
          [
            -75.6969845,
            45.3817202
          ],
          [
            -75.696969,
            45.3817341
          ],
          [
            -75.6967165,
            45.3819965
          ],
          [
            -75.69666,
            45.3820386
          ],
          [
            -75.6965793,
            45.3820823
          ],
          [
            -75.6965162,
            45.382116
          ],
          [
            -75.6964533,
            45.3821496
          ],
          [
            -75.6964435,
            45.3821554
          ],
          [
            -75.6964357,
            45.38216
          ],
          [
            -75.6959728,
            45.3823898
          ],
          [
            -75.6959058,
            45.3824238
          ],
          [
            -75.6958825,
            45.3824349
          ],
          [
            -75.6958533,
            45.3824434
          ],
          [
            -75.6958162,
            45.3824557
          ],
          [
            -75.6957408,
            45.3824755
          ]
        ]
      }
    },
    {
      "type": "Feature",
      "properties": {
        "u": 901063900,
        "v": 901069328,
        "key": 0,
        "osmid": 432365101,
        "highway": "residential",
        "lanes": "2",
        "maxspeed": "",
        "name": "Brewer Way",
        "oneway": false,
        "reversed": "True",
        "length": 15.389654938474628,
        "ref": "",
        "tunnel": "",
        "bridge": "",
        "width": "",
        "access": "",
        "junction": ""
      },
      "geometry": {
        "type": "LineString",
        "coordinates": [
          [
            -75.6914227,
            45.3869999
          ],
          [
            -75.6915963,
            45.3869344
          ]
        ]
      }
    },
    {
      "type": "Feature",
      "properties": {
        "u": 901063900,
        "v": 901063167,
        "key": 0,
        "osmid": "[490908992, 1328264313, 305214700, 432365103]",
        "highway": "primary",
        "lanes": "[\"3\", \"4\"]",
        "maxspeed": "60",
        "name": "Bronson Avenue",
        "oneway": true,
        "reversed": "False",
        "length": 372.6016199748045,
        "ref": "79",
        "tunnel": "",
        "bridge": "",
        "width": "",
        "access": "",
        "junction": ""
      },
      "geometry": {
        "type": "LineString",
        "coordinates": [
          [
            -75.6914227,
            45.3869999
          ],
          [
            -75.691479,
            45.3870726
          ],
          [
            -75.6917354,
            45.3874046
          ],
          [
            -75.6917726,
            45.387454
          ],
          [
            -75.6921674,
            45.3879791
          ],
          [
            -75.6926374,
            45.3885777
          ],
          [
            -75.692828,
            45.3888175
          ],
          [
            -75.6930316,
            45.38907
          ],
          [
            -75.693124,
            45.3891891
          ],
          [
            -75.6933346,
            45.3894604
          ],
          [
            -75.6935214,
            45.3896913
          ],
          [
            -75.6936441,
            45.389843
          ],
          [
            -75.693676,
            45.3898836
          ],
          [
            -75.6937182,
            45.3899373
          ]
        ]
      }
    },
    {
      "type": "Feature",
      "properties": {
        "u": 901064345,
        "v": 940951688,
        "key": 0,
        "osmid": 435296019,
        "highway": "primary",
        "lanes": "4",
        "maxspeed": "60",
        "name": "Heron Road",
        "oneway": true,
        "reversed": "False",
        "length": 41.2155493771674,
        "ref": "16",
        "tunnel": "",
        "bridge": "",
        "width": "",
        "access": "",
        "junction": ""
      },
      "geometry": {
        "type": "LineString",
        "coordinates": [
          [
            -75.6893113,
            45.3769188
          ],
          [
            -75.6887868,
            45.3769594
          ]
        ]
      }
    },
    {
      "type": "Feature",
      "properties": {
        "u": 901064345,
        "v": 5710064748,
        "key": 0,
        "osmid": 83749649,
        "highway": "unclassified",
        "lanes": "1",
        "maxspeed": "",
        "name": "",
        "oneway": true,
        "reversed": "False",
        "length": 48.59761765391922,
        "ref": "",
        "tunnel": "",
        "bridge": "",
        "width": "",
        "access": "",
        "junction": ""
      },
      "geometry": {
        "type": "LineString",
        "coordinates": [
          [
            -75.6893113,
            45.3769188
          ],
          [
            -75.6891948,
            45.3768088
          ],
          [
            -75.6890898,
            45.3767147
          ],
          [
            -75.6889936,
            45.3766256
          ],
          [
            -75.6889342,
            45.3765712
          ]
        ]
      }
    },
    {
      "type": "Feature",
      "properties": {
        "u": 901064373,
        "v": 7041068350,
        "key": 0,
        "osmid": 76843213,
        "highway": "trunk_link",
        "lanes": "1",
        "maxspeed": "",
        "name": "",
        "oneway": true,
        "reversed": "False",
        "length": 65.04603456999939,
        "ref": "",
        "tunnel": "",
        "bridge": "",
        "width": "",
        "access": "",
        "junction": ""
      },
      "geometry": {
        "type": "LineString",
        "coordinates": [
          [
            -75.6878531,
            45.3821144
          ],
          [
            -75.6875718,
            45.3822005
          ],
          [
            -75.6874872,
            45.3822217
          ],
          [
            -75.6874151,
            45.3822304
          ],
          [
            -75.6873436,
            45.3822319
          ],
          [
            -75.6872765,
            45.3822244
          ],
          [
            -75.6872099,
            45.3822092
          ],
          [
            -75.6871498,
            45.3821925
          ],
          [
            -75.6870705,
            45.3821643
          ]
        ]
      }
    },
    {
      "type": "Feature",
      "properties": {
        "u": 901064373,
        "v": 903995789,
        "key": 0,
        "osmid": 600507747,
        "highway": "primary",
        "lanes": "2",
        "maxspeed": "60",
        "name": "Riverside Drive",
        "oneway": true,
        "reversed": "False",
        "length": 52.4399021036093,
        "ref": "19",
        "tunnel": "",
        "bridge": "",
        "width": "",
        "access": "",
        "junction": ""
      },
      "geometry": {
        "type": "LineString",
        "coordinates": [
          [
            -75.6878531,
            45.3821144
          ],
          [
            -75.6877394,
            45.3821803
          ],
          [
            -75.6873312,
            45.3824111
          ]
        ]
      }
    },
    {
      "type": "Feature",
      "properties": {
        "u": 901064979,
        "v": 901054215,
        "key": 0,
        "osmid": 76419125,
        "highway": "residential",
        "lanes": "1",
        "maxspeed": "30",
        "name": "Canal Woods Terrace",
        "oneway": true,
        "reversed": "False",
        "length": 32.33930866343385,
        "ref": "",
        "tunnel": "",
        "bridge": "",
        "width": "",
        "access": "",
        "junction": ""
      },
      "geometry": {
        "type": "LineString",
        "coordinates": [
          [
            -75.6952258,
            45.3934693
          ],
          [
            -75.695226,
            45.3934975
          ],
          [
            -75.6952289,
            45.3935388
          ],
          [
            -75.6952176,
            45.3936613
          ],
          [
            -75.6952158,
            45.3936765
          ],
          [
            -75.6952135,
            45.3936944
          ],
          [
            -75.6952062,
            45.3937595
          ]
        ]
      }
    },
    {
      "type": "Feature",
      "properties": {
        "u": 901064979,
        "v": 901055005,
        "key": 0,
        "osmid": 76420673,
        "highway": "residential",
        "lanes": "2",
        "maxspeed": "30",
        "name": "Fulton Avenue",
        "oneway": false,
        "reversed": "True",
        "length": 256.0080887601575,
        "ref": "",
        "tunnel": "",
        "bridge": "",
        "width": "",
        "access": "",
        "junction": ""
      },
      "geometry": {
        "type": "LineString",
        "coordinates": [
          [
            -75.6952258,
            45.3934693
          ],
          [
            -75.6951601,
            45.393467
          ],
          [
            -75.6951141,
            45.393465
          ],
          [
            -75.6947423,
            45.3934486
          ],
          [
            -75.6947114,
            45.3934463
          ],
          [
            -75.6946453,
            45.3934416
          ],
          [
            -75.6946102,
            45.3934333
          ],
          [
            -75.6945857,
            45.393421
          ],
          [
            -75.6945592,
            45.3933969
          ],
          [
            -75.6933275,
            45.3918921
          ],
          [
            -75.6933052,
            45.3918648
          ],
          [
            -75.6932704,
            45.3918224
          ]
        ]
      }
    },
    {
      "type": "Feature",
      "properties": {
        "u": 901065248,
        "v": 905110195,
        "key": 0,
        "osmid": 76842008,
        "highway": "primary_link",
        "lanes": "1",
        "maxspeed": "",
        "name": "",
        "oneway": true,
        "reversed": "False",
        "length": 98.13885739148736,
        "ref": "",
        "tunnel": "",
        "bridge": "",
        "width": "",
        "access": "",
        "junction": ""
      },
      "geometry": {
        "type": "LineString",
        "coordinates": [
          [
            -75.692421,
            45.3767049
          ],
          [
            -75.6919741,
            45.3766262
          ],
          [
            -75.6918855,
            45.3766102
          ],
          [
            -75.6918062,
            45.376587
          ],
          [
            -75.6917375,
            45.376564
          ],
          [
            -75.691707,
            45.3765416
          ],
          [
            -75.6916514,
            45.3764965
          ],
          [
            -75.6916245,
            45.3764708
          ],
          [
            -75.6916,
            45.376443
          ],
          [
            -75.6915769,
            45.3764105
          ],
          [
            -75.691556,
            45.3763791
          ],
          [
            -75.6914675,
            45.3762375
          ]
        ]
      }
    },
    {
      "type": "Feature",
      "properties": {
        "u": 901065248,
        "v": 901069603,
        "key": 0,
        "osmid": 456377578,
        "highway": "primary",
        "lanes": "3",
        "maxspeed": "60",
        "name": "Heron Road",
        "oneway": true,
        "reversed": "False",
        "length": 69.14043655782817,
        "ref": "16",
        "tunnel": "",
        "bridge": "",
        "width": "",
        "access": "",
        "junction": ""
      },
      "geometry": {
        "type": "LineString",
        "coordinates": [
          [
            -75.692421,
            45.3767049
          ],
          [
            -75.691957,
            45.3767353
          ],
          [
            -75.691655,
            45.376758
          ],
          [
            -75.6915402,
            45.3767666
          ]
        ]
      }
    },
    {
      "type": "Feature",
      "properties": {
        "u": 901065531,
        "v": 901068792,
        "key": 0,
        "osmid": 76421286,
        "highway": "primary",
        "lanes": "2",
        "maxspeed": "60",
        "name": "Prince Of Wales Drive",
        "oneway": true,
        "reversed": "False",
        "length": 71.60137577549305,
        "ref": "73",
        "tunnel": "",
        "bridge": "",
        "width": "",
        "access": "",
        "junction": ""
      },
      "geometry": {
        "type": "LineString",
        "coordinates": [
          [
            -75.7071288,
            45.3758277
          ],
          [
            -75.7070685,
            45.3759283
          ],
          [
            -75.7070673,
            45.3759308
          ],
          [
            -75.7068387,
            45.3762575
          ],
          [
            -75.7067718,
            45.3764189
          ]
        ]
      }
    },
    {
      "type": "Feature",
      "properties": {
        "u": 901065619,
        "v": 901062411,
        "key": 0,
        "osmid": "[76420328, 76421030]",
        "highway": "residential",
        "lanes": "2",
        "maxspeed": "30",
        "name": "Seneca Street",
        "oneway": false,
        "reversed": "True",
        "length": 82.98160126862247,
        "ref": "",
        "tunnel": "",
        "bridge": "",
        "width": "",
        "access": "",
        "junction": ""
      },
      "geometry": {
        "type": "LineString",
        "coordinates": [
          [
            -75.6905195,
            45.3921719
          ],
          [
            -75.6904804,
            45.3921244
          ],
          [
            -75.6902656,
            45.3918637
          ],
          [
            -75.6900464,
            45.3916017
          ],
          [
            -75.6899826,
            45.3915279
          ]
        ]
      }
    },
    {
      "type": "Feature",
      "properties": {
        "u": 901065619,
        "v": 901065825,
        "key": 0,
        "osmid": 76420639,
        "highway": "residential",
        "lanes": "2",
        "maxspeed": "30",
        "name": "Pansy Avenue",
        "oneway": false,
        "reversed": "True",
        "length": 113.06552168142935,
        "ref": "",
        "tunnel": "",
        "bridge": "",
        "width": "",
        "access": "",
        "junction": ""
      },
      "geometry": {
        "type": "LineString",
        "coordinates": [
          [
            -75.6905195,
            45.3921719
          ],
          [
            -75.6905904,
            45.3921446
          ],
          [
            -75.6906258,
            45.3921309
          ],
          [
            -75.6916748,
            45.391709
          ],
          [
            -75.6917047,
            45.391697
          ],
          [
            -75.6917776,
            45.3916686
          ]
        ]
      }
    },
    {
      "type": "Feature",
      "properties": {
        "u": 901065619,
        "v": 901061912,
        "key": 0,
        "osmid": "[76420232, 76422996]",
        "highway": "residential",
        "lanes": "2",
        "maxspeed": "30",
        "name": "Seneca Street",
        "oneway": false,
        "reversed": "False",
        "length": 76.1898779023541,
        "ref": "",
        "tunnel": "",
        "bridge": "",
        "width": "",
        "access": "",
        "junction": ""
      },
      "geometry": {
        "type": "LineString",
        "coordinates": [
          [
            -75.6905195,
            45.3921719
          ],
          [
            -75.6905985,
            45.3922678
          ],
          [
            -75.6907582,
            45.3924617
          ],
          [
            -75.6909369,
            45.3926827
          ],
          [
            -75.6909574,
            45.3927081
          ],
          [
            -75.6910046,
            45.3927664
          ]
        ]
      }
    },
    {
      "type": "Feature",
      "properties": {
        "u": 901065624,
        "v": 901061692,
        "key": 0,
        "osmid": "[76419698, 76419930]",
        "highway": "residential",
        "lanes": "2",
        "maxspeed": "30",
        "name": "L\u00e9onard Avenue",
        "oneway": false,
        "reversed": "False",
        "length": 159.10116065947147,
        "ref": "",
        "tunnel": "",
        "bridge": "",
        "width": "",
        "access": "",
        "junction": ""
      },
      "geometry": {
        "type": "LineString",
        "coordinates": [
          [
            -75.688258,
            45.3922368
          ],
          [
            -75.6883175,
            45.3923062
          ],
          [
            -75.6883353,
            45.3923269
          ],
          [
            -75.6885355,
            45.3925711
          ],
          [
            -75.689243,
            45.3934171
          ],
          [
            -75.6892883,
            45.3934712
          ]
        ]
      }
    },
    {
      "type": "Feature",
      "properties": {
        "u": 901065624,
        "v": 901052403,
        "key": 0,
        "osmid": 76421223,
        "highway": "residential",
        "lanes": "2",
        "maxspeed": "30",
        "name": "L\u00e9onard Avenue",
        "oneway": false,
        "reversed": "True",
        "length": 79.63470292909263,
        "ref": "",
        "tunnel": "",
        "bridge": "",
        "width": "",
        "access": "",
        "junction": ""
      },
      "geometry": {
        "type": "LineString",
        "coordinates": [
          [
            -75.688258,
            45.3922368
          ],
          [
            -75.6882188,
            45.3921847
          ],
          [
            -75.6881976,
            45.3921565
          ],
          [
            -75.6878266,
            45.3916631
          ],
          [
            -75.6877818,
            45.3916035
          ]
        ]
      }
    },
    {
      "type": "Feature",
      "properties": {
        "u": 901065624,
        "v": 901062808,
        "key": 0,
        "osmid": 76422650,
        "highway": "tertiary",
        "lanes": "2",
        "maxspeed": "30",
        "name": "Sunnyside Avenue",
        "oneway": false,
        "reversed": "True",
        "length": 88.50244989900524,
        "ref": "",
        "tunnel": "",
        "bridge": "",
        "width": "",
        "access": "",
        "junction": ""
      },
      "geometry": {
        "type": "LineString",
        "coordinates": [
          [
            -75.688258,
            45.3922368
          ],
          [
            -75.6883537,
            45.3921991
          ],
          [
            -75.6883887,
            45.3921853
          ],
          [
            -75.6891724,
            45.3918592
          ],
          [
            -75.6892349,
            45.3918333
          ]
        ]
      }
    },
    {
      "type": "Feature",
      "properties": {
        "u": 901065624,
        "v": 903985310,
        "key": 0,
        "osmid": 76729176,
        "highway": "tertiary",
        "lanes": "2",
        "maxspeed": "30",
        "name": "Sunnyside Avenue",
        "oneway": false,
        "reversed": "False",
        "length": 92.44057064977851,
        "ref": "",
        "tunnel": "",
        "bridge": "",
        "width": "",
        "access": "",
        "junction": ""
      },
      "geometry": {
        "type": "LineString",
        "coordinates": [
          [
            -75.688258,
            45.3922368
          ],
          [
            -75.6881959,
            45.3922627
          ],
          [
            -75.6881644,
            45.3922758
          ],
          [
            -75.6873209,
            45.3926397
          ],
          [
            -75.6872484,
            45.3926709
          ]
        ]
      }
    },
    {
      "type": "Feature",
      "properties": {
        "u": 901065633,
        "v": 901053436,
        "key": 0,
        "osmid": 76420365,
        "highway": "secondary",
        "lanes": "2",
        "maxspeed": "40",
        "name": "Colonel By Drive",
        "oneway": false,
        "reversed": "False",
        "length": 118.33624023072397,
        "ref": "",
        "tunnel": "",
        "bridge": "",
        "width": "",
        "access": "",
        "junction": ""
      },
      "geometry": {
        "type": "LineString",
        "coordinates": [
          [
            -75.6932659,
            45.3936971
          ],
          [
            -75.6930867,
            45.3936922
          ],
          [
            -75.6928702,
            45.3936934
          ],
          [
            -75.6924286,
            45.3937076
          ],
          [
            -75.6917565,
            45.393768
          ]
        ]
      }
    },
    {
      "type": "Feature",
      "properties": {
        "u": 901065633,
        "v": 901063545,
        "key": 0,
        "osmid": 623151006,
        "highway": "secondary",
        "lanes": "2",
        "maxspeed": "40",
        "name": "Colonel By Drive",
        "oneway": true,
        "reversed": "False",
        "length": 155.38054678024847,
        "ref": "",
        "tunnel": "",
        "bridge": "",
        "width": "",
        "access": "",
        "junction": ""
      },
      "geometry": {
        "type": "LineString",
        "coordinates": [
          [
            -75.6932659,
            45.3936971
          ],
          [
            -75.6937213,
            45.3937368
          ],
          [
            -75.6938794,
            45.3937509
          ],
          [
            -75.6940104,
            45.3937631
          ],
          [
            -75.6942037,
            45.3937799
          ],
          [
            -75.6944508,
            45.3937939
          ],
          [
            -75.6946612,
            45.3938042
          ],
          [
            -75.6948165,
            45.3938117
          ],
          [
            -75.6949784,
            45.3938203
          ],
          [
            -75.6952456,
            45.3938336
          ]
        ]
      }
    },
    {
      "type": "Feature",
      "properties": {
        "u": 901065637,
        "v": 901067374,
        "key": 0,
        "osmid": 76421216,
        "highway": "primary",
        "lanes": "2",
        "maxspeed": "60",
        "name": "Prince Of Wales Drive",
        "oneway": false,
        "reversed": "False",
        "length": 116.69328915265048,
        "ref": "73",
        "tunnel": "",
        "bridge": "",
        "width": "",
        "access": "",
        "junction": ""
      },
      "geometry": {
        "type": "LineString",
        "coordinates": [
          [
            -75.7058842,
            45.3775489
          ],
          [
            -75.7052597,
            45.3783284
          ],
          [
            -75.7051513,
            45.3784634
          ]
        ]
      }
    },
    {
      "type": "Feature",
      "properties": {
        "u": 901065637,
        "v": 901068792,
        "key": 0,
        "osmid": 76421229,
        "highway": "primary",
        "lanes": "4",
        "maxspeed": "60",
        "name": "Prince Of Wales Drive",
        "oneway": false,
        "reversed": "True",
        "length": 143.5099491002201,
        "ref": "73",
        "tunnel": "",
        "bridge": "",
        "width": "",
        "access": "",
        "junction": ""
      },
      "geometry": {
        "type": "LineString",
        "coordinates": [
          [
            -75.7058842,
            45.3775489
          ],
          [
            -75.7063111,
            45.3770003
          ],
          [
            -75.7064693,
            45.376797
          ],
          [
            -75.7067718,
            45.3764189
          ]
        ]
      }
    },
    {
      "type": "Feature",
      "properties": {
        "u": 901065637,
        "v": 412668435,
        "key": 0,
        "osmid": 76422593,
        "highway": "residential",
        "lanes": "2",
        "maxspeed": "50",
        "name": "Green Valley Crescent",
        "oneway": false,
        "reversed": "True",
        "length": 201.14613215239444,
        "ref": "",
        "tunnel": "",
        "bridge": "",
        "width": "",
        "access": "",
        "junction": ""
      },
      "geometry": {
        "type": "LineString",
        "coordinates": [
          [
            -75.7058842,
            45.3775489
          ],
          [
            -75.7057587,
            45.3775036
          ],
          [
            -75.7057203,
            45.3774897
          ],
          [
            -75.7055793,
            45.3774388
          ],
          [
            -75.7038779,
            45.3768897
          ],
          [
            -75.703772,
            45.3768406
          ],
          [
            -75.7035775,
            45.3767503
          ]
        ]
      }
    },
    {
      "type": "Feature",
      "properties": {
        "u": 901065692,
        "v": 901067938,
        "key": 0,
        "osmid": 76421478,
        "highway": "residential",
        "lanes": "2",
        "maxspeed": "30",
        "name": "Seneca Street",
        "oneway": false,
        "reversed": "False",
        "length": 67.40599253789404,
        "ref": "",
        "tunnel": "",
        "bridge": "",
        "width": "",
        "access": "",
        "junction": ""
      },
      "geometry": {
        "type": "LineString",
        "coordinates": [
          [
            -75.6880263,
            45.3891824
          ],
          [
            -75.6880711,
            45.389234
          ],
          [
            -75.6884428,
            45.389662
          ],
          [
            -75.6884726,
            45.3897012
          ]
        ]
      }
    },
    {
      "type": "Feature",
      "properties": {
        "u": 901065692,
        "v": 901069020,
        "key": 0,
        "osmid": 76422346,
        "highway": "residential",
        "lanes": "2",
        "maxspeed": "30",
        "name": "Seneca Street",
        "oneway": false,
        "reversed": "True",
        "length": 70.25578417485981,
        "ref": "",
        "tunnel": "",
        "bridge": "",
        "width": "",
        "access": "",
        "junction": ""
      },
      "geometry": {
        "type": "LineString",
        "coordinates": [
          [
            -75.6880263,
            45.3891824
          ],
          [
            -75.6879917,
            45.3891384
          ],
          [
            -75.6876801,
            45.3887511
          ],
          [
            -75.6876148,
            45.3886752
          ],
          [
            -75.6875989,
            45.3886567
          ],
          [
            -75.6875932,
            45.3886501
          ],
          [
            -75.6875794,
            45.3886341
          ]
        ]
      }
    },
    {
      "type": "Feature",
      "properties": {
        "u": 901065733,
        "v": 901065248,
        "key": 0,
        "osmid": "[532842241, 571851447, 531821900, 76421042, 571851445, 188954423, 76422616, 600025690, 600025691, 600025692, 600025693]",
        "highway": "primary",
        "lanes": "[\"3\", \"4\"]",
        "maxspeed": "60",
        "name": "Heron Road",
        "oneway": true,
        "reversed": "False",
        "length": 1100.2387370336905,
        "ref": "16",
        "tunnel": "",
        "bridge": "yes",
        "width": "",
        "access": "",
        "junction": ""
      },
      "geometry": {
        "type": "LineString",
        "coordinates": [
          [
            -75.7063029,
            45.3751429
          ],
          [
            -75.705159,
            45.3752194
          ],
          [
            -75.704863,
            45.3752434
          ],
          [
            -75.7038399,
            45.3753251
          ],
          [
            -75.7027534,
            45.3754191
          ],
          [
            -75.7019872,
            45.3754936
          ],
          [
            -75.6991096,
            45.3757572
          ],
          [
            -75.6986283,
            45.3758085
          ],
          [
            -75.6982962,
            45.375839
          ],
          [
            -75.6980214,
            45.3758689
          ],
          [
            -75.6979129,
            45.3758834
          ],
          [
            -75.6977309,
            45.3759097
          ],
          [
            -75.6976191,
            45.3759272
          ],
          [
            -75.6974506,
            45.375955
          ],
          [
            -75.6972229,
            45.375997
          ],
          [
            -75.6968205,
            45.3760761
          ],
          [
            -75.6958408,
            45.376276
          ],
          [
            -75.6956406,
            45.3763209
          ],
          [
            -75.6953491,
            45.3763843
          ],
          [
            -75.6950902,
            45.3764283
          ],
          [
            -75.6948187,
            45.3764692
          ],
          [
            -75.6945468,
            45.3765106
          ],
          [
            -75.6943802,
            45.3765309
          ],
          [
            -75.6941889,
            45.3765545
          ],
          [
            -75.6939081,
            45.3765833
          ],
          [
            -75.6931446,
            45.3766454
          ],
          [
            -75.6927633,
            45.3766764
          ],
          [
            -75.692421,
            45.3767049
          ]
        ]
      }
    },
    {
      "type": "Feature",
      "properties": {
        "u": 901065825,
        "v": 901060074,
        "key": 0,
        "osmid": 76422360,
        "highway": "residential",
        "lanes": "2",
        "maxspeed": "30",
        "name": "Carlyle Avenue",
        "oneway": false,
        "reversed": "True",
        "length": 40.667838455212774,
        "ref": "",
        "tunnel": "",
        "bridge": "",
        "width": "",
        "access": "",
        "junction": ""
      },
      "geometry": {
        "type": "LineString",
        "coordinates": [
          [
            -75.6917776,
            45.3916686
          ],
          [
            -75.6915211,
            45.3913503
          ]
        ]
      }
    },
    {
      "type": "Feature",
      "properties": {
        "u": 901065825,
        "v": 901065619,
        "key": 0,
        "osmid": 76420639,
        "highway": "residential",
        "lanes": "2",
        "maxspeed": "30",
        "name": "Pansy Avenue",
        "oneway": false,
        "reversed": "False",
        "length": 113.06552168142935,
        "ref": "",
        "tunnel": "",
        "bridge": "",
        "width": "",
        "access": "",
        "junction": ""
      },
      "geometry": {
        "type": "LineString",
        "coordinates": [
          [
            -75.6917776,
            45.3916686
          ],
          [
            -75.6917047,
            45.391697
          ],
          [
            -75.6916748,
            45.391709
          ],
          [
            -75.6906258,
            45.3921309
          ],
          [
            -75.6905904,
            45.3921446
          ],
          [
            -75.6905195,
            45.3921719
          ]
        ]
      }
    },
    {
      "type": "Feature",
      "properties": {
        "u": 901065825,
        "v": 901052136,
        "key": 0,
        "osmid": "[76423249, 76422070]",
        "highway": "residential",
        "lanes": "2",
        "maxspeed": "30",
        "name": "Carlyle Avenue",
        "oneway": false,
        "reversed": "False",
        "length": 74.39049125095653,
        "ref": "",
        "tunnel": "",
        "bridge": "",
        "width": "",
        "access": "",
        "junction": ""
      },
      "geometry": {
        "type": "LineString",
        "coordinates": [
          [
            -75.6917776,
            45.3916686
          ],
          [
            -75.6918442,
            45.3917535
          ],
          [
            -75.6920049,
            45.3919583
          ],
          [
            -75.692185,
            45.392166
          ],
          [
            -75.6922114,
            45.3921964
          ],
          [
            -75.6922554,
            45.3922472
          ]
        ]
      }
    },
    {
      "type": "Feature",
      "properties": {
        "u": 901066096,
        "v": 901067342,
        "key": 0,
        "osmid": 1266753415,
        "highway": "primary",
        "lanes": "1",
        "maxspeed": "60",
        "name": "",
        "oneway": true,
        "reversed": "False",
        "length": 5.103015169834976,
        "ref": "73",
        "tunnel": "",
        "bridge": "",
        "width": "",
        "access": "",
        "junction": "roundabout"
      },
      "geometry": {
        "type": "LineString",
        "coordinates": [
          [
            -75.7074649,
            45.3902044
          ],
          [
            -75.7074092,
            45.3901804
          ]
        ]
      }
    },
    {
      "type": "Feature",
      "properties": {
        "u": 901066166,
        "v": 901067071,
        "key": 0,
        "osmid": 76421240,
        "highway": "residential",
        "lanes": "2",
        "maxspeed": "",
        "name": "Fairchild Private",
        "oneway": false,
        "reversed": "False",
        "length": 73.48379402310172,
        "ref": "",
        "tunnel": "",
        "bridge": "",
        "width": "",
        "access": "",
        "junction": ""
      },
      "geometry": {
        "type": "LineString",
        "coordinates": [
          [
            -75.7038585,
            45.3787634
          ],
          [
            -75.7046523,
            45.3789154
          ],
          [
            -75.7047667,
            45.3789359
          ]
        ]
      }
    },
    {
      "type": "Feature",
      "properties": {
        "u": 901066222,
        "v": 901070028,
        "key": 0,
        "osmid": 76421132,
        "highway": "residential",
        "lanes": "2",
        "maxspeed": "30",
        "name": "Sloan Avenue",
        "oneway": false,
        "reversed": "False",
        "length": 30.628957498777396,
        "ref": "",
        "tunnel": "",
        "bridge": "",
        "width": "",
        "access": "",
        "junction": ""
      },
      "geometry": {
        "type": "LineString",
        "coordinates": [
          [
            -75.6928747,
            45.3895365
          ],
          [
            -75.6930594,
            45.3897795
          ]
        ]
      }
    },
    {
      "type": "Feature",
      "properties": {
        "u": 901066222,
        "v": 901054889,
        "key": 0,
        "osmid": "[76421107, 76422317]",
        "highway": "residential",
        "lanes": "2",
        "maxspeed": "30",
        "name": "Hopewell Avenue",
        "oneway": false,
        "reversed": "False",
        "length": 306.18848428742945,
        "ref": "",
        "tunnel": "",
        "bridge": "",
        "width": "",
        "access": "",
        "junction": ""
      },
      "geometry": {
        "type": "LineString",
        "coordinates": [
          [
            -75.6928747,
            45.3895365
          ],
          [
            -75.6917386,
            45.3899758
          ],
          [
            -75.6903127,
            45.3905596
          ],
          [
            -75.6902705,
            45.390579
          ],
          [
            -75.6895723,
            45.3908836
          ],
          [
            -75.689556,
            45.3908916
          ],
          [
            -75.6894867,
            45.3909214
          ]
        ]
      }
    },
    {
      "type": "Feature",
      "properties": {
        "u": 901066222,
        "v": 5316483277,
        "key": 0,
        "osmid": 76421234,
        "highway": "residential",
        "lanes": "2",
        "maxspeed": "30",
        "name": "Sloan Avenue",
        "oneway": false,
        "reversed": "True",
        "length": 215.9806539828871,
        "ref": "",
        "tunnel": "",
        "bridge": "",
        "width": "",
        "access": "",
        "junction": ""
      },
      "geometry": {
        "type": "LineString",
        "coordinates": [
          [
            -75.6928747,
            45.3895365
          ],
          [
            -75.6922687,
            45.3886735
          ],
          [
            -75.6920305,
            45.388357
          ],
          [
            -75.6918382,
            45.3882279
          ],
          [
            -75.6913968,
            45.3879223
          ]
        ]
      }
    },
    {
      "type": "Feature",
      "properties": {
        "u": 901066474,
        "v": 905109626,
        "key": 0,
        "osmid": 600507750,
        "highway": "primary",
        "lanes": "5",
        "maxspeed": "60",
        "name": "Heron Road",
        "oneway": true,
        "reversed": "False",
        "length": 62.22491888014297,
        "ref": "16",
        "tunnel": "",
        "bridge": "",
        "width": "",
        "access": "",
        "junction": ""
      },
      "geometry": {
        "type": "LineString",
        "coordinates": [
          [
            -75.6895148,
            45.3770538
          ],
          [
            -75.6895926,
            45.377048
          ],
          [
            -75.690307,
            45.3769947
          ]
        ]
      }
    },
    {
      "type": "Feature",
      "properties": {
        "u": 901066647,
        "v": 901068203,
        "key": 0,
        "osmid": 188954426,
        "highway": "primary",
        "lanes": "4",
        "maxspeed": "60",
        "name": "Riverside Drive",
        "oneway": true,
        "reversed": "False",
        "length": 15.002512197323178,
        "ref": "19",
        "tunnel": "",
        "bridge": "",
        "width": "",
        "access": "",
        "junction": ""
      },
      "geometry": {
        "type": "LineString",
        "coordinates": [
          [
            -75.6913731,
            45.3767792
          ],
          [
            -75.6913955,
            45.3769132
          ]
        ]
      }
    },
    {
      "type": "Feature",
      "properties": {
        "u": 901066647,
        "v": 901067360,
        "key": 0,
        "osmid": 288832979,
        "highway": "primary",
        "lanes": "4",
        "maxspeed": "60",
        "name": "Heron Road",
        "oneway": true,
        "reversed": "False",
        "length": 34.06711340386707,
        "ref": "16",
        "tunnel": "",
        "bridge": "",
        "width": "",
        "access": "",
        "junction": ""
      },
      "geometry": {
        "type": "LineString",
        "coordinates": [
          [
            -75.6913731,
            45.3767792
          ],
          [
            -75.6912511,
            45.3767874
          ],
          [
            -75.6909391,
            45.3768096
          ]
        ]
      }
    },
    {
      "type": "Feature",
      "properties": {
        "u": 901066747,
        "v": 901067586,
        "key": 0,
        "osmid": 112215401,
        "highway": "unclassified",
        "lanes": "1",
        "maxspeed": "",
        "name": "National Capital Commission Driveway",
        "oneway": true,
        "reversed": "False",
        "length": 36.78034119119136,
        "ref": "",
        "tunnel": "",
        "bridge": "",
        "width": "5",
        "access": "",
        "junction": ""
      },
      "geometry": {
        "type": "LineString",
        "coordinates": [
          [
            -75.7070641,
            45.3903292
          ],
          [
            -75.7070001,
            45.3903888
          ],
          [
            -75.706945,
            45.3904324
          ],
          [
            -75.7068921,
            45.390464
          ],
          [
            -75.706843,
            45.3904924
          ],
          [
            -75.7067343,
            45.3905636
          ]
        ]
      }
    },
    {
      "type": "Feature",
      "properties": {
        "u": 901066747,
        "v": 901070559,
        "key": 0,
        "osmid": 1266753416,
        "highway": "primary",
        "lanes": "2",
        "maxspeed": "60",
        "name": "",
        "oneway": true,
        "reversed": "False",
        "length": 20.046995234485898,
        "ref": "73",
        "tunnel": "",
        "bridge": "",
        "width": "",
        "access": "",
        "junction": "roundabout"
      },
      "geometry": {
        "type": "LineString",
        "coordinates": [
          [
            -75.7070641,
            45.3903292
          ],
          [
            -75.7070683,
            45.3903715
          ],
          [
            -75.7070872,
            45.3904118
          ],
          [
            -75.7071194,
            45.3904477
          ],
          [
            -75.7071739,
            45.3904844
          ]
        ]
      }
    },
    {
      "type": "Feature",
      "properties": {
        "u": 901066752,
        "v": 901070258,
        "key": 0,
        "osmid": 76421934,
        "highway": "primary",
        "lanes": "4",
        "maxspeed": "60",
        "name": "Heron Road",
        "oneway": true,
        "reversed": "False",
        "length": 11.069785962241946,
        "ref": "16",
        "tunnel": "",
        "bridge": "",
        "width": "",
        "access": "",
        "junction": ""
      },
      "geometry": {
        "type": "LineString",
        "coordinates": [
          [
            -75.7075272,
            45.3750703
          ],
          [
            -75.7073861,
            45.3750796
          ]
        ]
      }
    },
    {
      "type": "Feature",
      "properties": {
        "u": 901066752,
        "v": 905128208,
        "key": 0,
        "osmid": 76506477,
        "highway": "primary",
        "lanes": "2",
        "maxspeed": "60",
        "name": "Prince Of Wales Drive",
        "oneway": true,
        "reversed": "False",
        "length": 83.88816445217665,
        "ref": "73",
        "tunnel": "",
        "bridge": "",
        "width": "",
        "access": "",
        "junction": ""
      },
      "geometry": {
        "type": "LineString",
        "coordinates": [
          [
            -75.7075272,
            45.3750703
          ],
          [
            -75.7075563,
            45.3749882
          ],
          [
            -75.7076623,
            45.3746752
          ],
          [
            -75.7077008,
            45.3745851
          ],
          [
            -75.7078384,
            45.3743502
          ]
        ]
      }
    },
    {
      "type": "Feature",
      "properties": {
        "u": 901066916,
        "v": 901067938,
        "key": 0,
        "osmid": 76421166,
        "highway": "residential",
        "lanes": "2",
        "maxspeed": "30",
        "name": "Seneca Street",
        "oneway": false,
        "reversed": "True",
        "length": 77.9867744713913,
        "ref": "",
        "tunnel": "",
        "bridge": "",
        "width": "",
        "access": "",
        "junction": ""
      },
      "geometry": {
        "type": "LineString",
        "coordinates": [
          [
            -75.6889753,
            45.3903072
          ],
          [
            -75.6889337,
            45.3902548
          ],
          [
            -75.6889144,
            45.3902306
          ],
          [
            -75.6884726,
            45.3897012
          ]
        ]
      }
    },
    {
      "type": "Feature",
      "properties": {
        "u": 901066916,
        "v": 901067938,
        "key": 1,
        "osmid": "[76421561, 76422515]",
        "highway": "residential",
        "lanes": "2",
        "maxspeed": "30",
        "name": "[\"Glen Avenue\", \"Grove Avenue\"]",
        "oneway": false,
        "reversed": "False",
        "length": 304.8595776681515,
        "ref": "",
        "tunnel": "",
        "bridge": "",
        "width": "",
        "access": "",
        "junction": ""
      },
      "geometry": {
        "type": "LineString",
        "coordinates": [
          [
            -75.6889753,
            45.3903072
          ],
          [
            -75.689045,
            45.3902765
          ],
          [
            -75.690198,
            45.3897887
          ],
          [
            -75.6902136,
            45.3897583
          ],
          [
            -75.6902114,
            45.389723
          ],
          [
            -75.6901938,
            45.389693
          ],
          [
            -75.6900064,
            45.389463
          ],
          [
            -75.689865,
            45.3892907
          ],
          [
            -75.6898426,
            45.3892634
          ],
          [
            -75.6897846,
            45.3892009
          ],
          [
            -75.6897533,
            45.3891894
          ],
          [
            -75.6897273,
            45.3891826
          ],
          [
            -75.6896978,
            45.3891853
          ],
          [
            -75.689657,
            45.3892016
          ],
          [
            -75.6893295,
            45.3893439
          ],
          [
            -75.6885728,
            45.3896566
          ],
          [
            -75.6885333,
            45.3896741
          ],
          [
            -75.6884726,
            45.3897012
          ]
        ]
      }
    },
    {
      "type": "Feature",
      "properties": {
        "u": 901066916,
        "v": 901054889,
        "key": 0,
        "osmid": "[76422240, 76420892]",
        "highway": "residential",
        "lanes": "2",
        "maxspeed": "30",
        "name": "Seneca Street",
        "oneway": false,
        "reversed": "False",
        "length": 79.11582429263959,
        "ref": "",
        "tunnel": "",
        "bridge": "",
        "width": "",
        "access": "",
        "junction": ""
      },
      "geometry": {
        "type": "LineString",
        "coordinates": [
          [
            -75.6889753,
            45.3903072
          ],
          [
            -75.6890128,
            45.3903516
          ],
          [
            -75.6890293,
            45.3903711
          ],
          [
            -75.6890409,
            45.3903849
          ],
          [
            -75.6892048,
            45.390579
          ],
          [
            -75.6894867,
            45.3909214
          ]
        ]
      }
    },
    {
      "type": "Feature",
      "properties": {
        "u": 901066941,
        "v": 901068280,
        "key": 0,
        "osmid": 76422082,
        "highway": "primary",
        "lanes": "4",
        "maxspeed": "60",
        "name": "Heron Road",
        "oneway": true,
        "reversed": "False",
        "length": 11.014015738537271,
        "ref": "16",
        "tunnel": "",
        "bridge": "",
        "width": "",
        "access": "",
        "junction": ""
      },
      "geometry": {
        "type": "LineString",
        "coordinates": [
          [
            -75.707351,
            45.3752084
          ],
          [
            -75.7074913,
            45.3751985
          ]
        ]
      }
    },
    {
      "type": "Feature",
      "properties": {
        "u": 901066941,
        "v": 901065531,
        "key": 0,
        "osmid": 76422191,
        "highway": "primary",
        "lanes": "2",
        "maxspeed": "60",
        "name": "Prince Of Wales Drive",
        "oneway": true,
        "reversed": "False",
        "length": 71.15579710873818,
        "ref": "73",
        "tunnel": "",
        "bridge": "",
        "width": "",
        "access": "",
        "junction": ""
      },
      "geometry": {
        "type": "LineString",
        "coordinates": [
          [
            -75.707351,
            45.3752084
          ],
          [
            -75.7073075,
            45.3753309
          ],
          [
            -75.7072395,
            45.3755896
          ],
          [
            -75.7071813,
            45.3757269
          ],
          [
            -75.7071288,
            45.3758277
          ]
        ]
      }
    },
    {
      "type": "Feature",
      "properties": {
        "u": 901067071,
        "v": 901067374,
        "key": 0,
        "osmid": 76422291,
        "highway": "primary",
        "lanes": "2",
        "maxspeed": "60",
        "name": "Prince Of Wales Drive",
        "oneway": false,
        "reversed": "True",
        "length": 60.52089992564617,
        "ref": "73",
        "tunnel": "",
        "bridge": "",
        "width": "",
        "access": "",
        "junction": ""
      },
      "geometry": {
        "type": "LineString",
        "coordinates": [
          [
            -75.7047667,
            45.3789359
          ],
          [
            -75.7051513,
            45.3784634
          ]
        ]
      }
    },
    {
      "type": "Feature",
      "properties": {
        "u": 901067071,
        "v": 901066166,
        "key": 0,
        "osmid": 76421240,
        "highway": "residential",
        "lanes": "2",
        "maxspeed": "",
        "name": "Fairchild Private",
        "oneway": false,
        "reversed": "True",
        "length": 73.48379402310172,
        "ref": "",
        "tunnel": "",
        "bridge": "",
        "width": "",
        "access": "",
        "junction": ""
      },
      "geometry": {
        "type": "LineString",
        "coordinates": [
          [
            -75.7047667,
            45.3789359
          ],
          [
            -75.7046523,
            45.3789154
          ],
          [
            -75.7038585,
            45.3787634
          ]
        ]
      }
    },
    {
      "type": "Feature",
      "properties": {
        "u": 901067071,
        "v": 6306084726,
        "key": 0,
        "osmid": "[76422419, 76421255]",
        "highway": "primary",
        "lanes": "2",
        "maxspeed": "60",
        "name": "Prince Of Wales Drive",
        "oneway": false,
        "reversed": "False",
        "length": 98.66881830253341,
        "ref": "73",
        "tunnel": "",
        "bridge": "",
        "width": "",
        "access": "",
        "junction": ""
      },
      "geometry": {
        "type": "LineString",
        "coordinates": [
          [
            -75.7047667,
            45.3789359
          ],
          [
            -75.70471,
            45.3790093
          ],
          [
            -75.7043281,
            45.3795017
          ],
          [
            -75.7042448,
            45.3796024
          ],
          [
            -75.7041757,
            45.3796872
          ],
          [
            -75.704154,
            45.3797118
          ]
        ]
      }
    },
    {
      "type": "Feature",
      "properties": {
        "u": 901067112,
        "v": 901068280,
        "key": 0,
        "osmid": 76422093,
        "highway": "primary",
        "lanes": "3",
        "maxspeed": "60",
        "name": "Prince Of Wales Drive",
        "oneway": true,
        "reversed": "False",
        "length": 73.80968279113014,
        "ref": "73",
        "tunnel": "",
        "bridge": "",
        "width": "",
        "access": "",
        "junction": ""
      },
      "geometry": {
        "type": "LineString",
        "coordinates": [
          [
            -75.7072613,
            45.3758419
          ],
          [
            -75.7073141,
            45.375725
          ],
          [
            -75.7073602,
            45.3756049
          ],
          [
            -75.7074527,
            45.3753053
          ],
          [
            -75.7074913,
            45.3751985
          ]
        ]
      }
    },
    {
      "type": "Feature",
      "properties": {
        "u": 901067113,
        "v": 901062411,
        "key": 0,
        "osmid": 76421029,
        "highway": "tertiary",
        "lanes": "2",
        "maxspeed": "30",
        "name": "Sunnyside Avenue",
        "oneway": false,
        "reversed": "False",
        "length": 241.47247444699883,
        "ref": "",
        "tunnel": "",
        "bridge": "",
        "width": "",
        "access": "",
        "junction": ""
      },
      "geometry": {
        "type": "LineString",
        "coordinates": [
          [
            -75.6926567,
            45.3904406
          ],
          [
            -75.6925303,
            45.3905005
          ],
          [
            -75.6924817,
            45.3905209
          ],
          [
            -75.6922763,
            45.3906073
          ],
          [
            -75.6912928,
            45.3910133
          ],
          [
            -75.690838,
            45.3911646
          ],
          [
            -75.6901502,
            45.3914576
          ],
          [
            -75.6900685,
            45.3914913
          ],
          [
            -75.6899826,
            45.3915279
          ]
        ]
      }
    },
    {
      "type": "Feature",
      "properties": {
        "u": 901067113,
        "v": 901070028,
        "key": 0,
        "osmid": 76421194,
        "highway": "residential",
        "lanes": "2",
        "maxspeed": "30",
        "name": "Carraway Private",
        "oneway": false,
        "reversed": "True",
        "length": 107.70979937828297,
        "ref": "",
        "tunnel": "",
        "bridge": "",
        "width": "",
        "access": "",
        "junction": ""
      },
      "geometry": {
        "type": "LineString",
        "coordinates": [
          [
            -75.6926567,
            45.3904406
          ],
          [
            -75.692617,
            45.3903878
          ],
          [
            -75.6924616,
            45.3901811
          ],
          [
            -75.6924052,
            45.3901051
          ],
          [
            -75.6924056,
            45.39006
          ],
          [
            -75.692446,
            45.3900143
          ],
          [
            -75.6930084,
            45.389799
          ],
          [
            -75.6930594,
            45.3897795
          ]
        ]
      }
    },
    {
      "type": "Feature",
      "properties": {
        "u": 901067113,
        "v": 1435493289,
        "key": 0,
        "osmid": 130212557,
        "highway": "tertiary",
        "lanes": "2",
        "maxspeed": "30",
        "name": "Sunnyside Avenue",
        "oneway": true,
        "reversed": "False",
        "length": 52.61018809959162,
        "ref": "",
        "tunnel": "",
        "bridge": "",
        "width": "",
        "access": "",
        "junction": ""
      },
      "geometry": {
        "type": "LineString",
        "coordinates": [
          [
            -75.6926567,
            45.3904406
          ],
          [
            -75.6930582,
            45.3902944
          ],
          [
            -75.6932271,
            45.3902262
          ],
          [
            -75.6932502,
            45.3902169
          ]
        ]
      }
    },
    {
      "type": "Feature",
      "properties": {
        "u": 901067245,
        "v": 901069603,
        "key": 0,
        "osmid": 188954425,
        "highway": "primary",
        "lanes": "2",
        "maxspeed": "60",
        "name": "Riverside Drive",
        "oneway": true,
        "reversed": "False",
        "length": 15.207384640812451,
        "ref": "19",
        "tunnel": "",
        "bridge": "",
        "width": "",
        "access": "",
        "junction": ""
      },
      "geometry": {
        "type": "LineString",
        "coordinates": [
          [
            -75.6915666,
            45.3769021
          ],
          [
            -75.6915402,
            45.3767666
          ]
        ]
      }
    },
    {
      "type": "Feature",
      "properties": {
        "u": 901067245,
        "v": 901067682,
        "key": 0,
        "osmid": 397100322,
        "highway": "primary",
        "lanes": "3",
        "maxspeed": "60",
        "name": "Heron Road",
        "oneway": true,
        "reversed": "False",
        "length": 43.86555878501513,
        "ref": "16",
        "tunnel": "",
        "bridge": "",
        "width": "",
        "access": "",
        "junction": ""
      },
      "geometry": {
        "type": "LineString",
        "coordinates": [
          [
            -75.6915666,
            45.3769021
          ],
          [
            -75.6921261,
            45.376868
          ]
        ]
      }
    },
    {
      "type": "Feature",
      "properties": {
        "u": 901067342,
        "v": 1276227734,
        "key": 0,
        "osmid": 76422002,
        "highway": "primary",
        "lanes": "1",
        "maxspeed": "60",
        "name": "",
        "oneway": true,
        "reversed": "False",
        "length": 32.465097551683584,
        "ref": "73",
        "tunnel": "",
        "bridge": "",
        "width": "",
        "access": "",
        "junction": "roundabout"
      },
      "geometry": {
        "type": "LineString",
        "coordinates": [
          [
            -75.7074092,
            45.3901804
          ],
          [
            -75.7073524,
            45.3901682
          ],
          [
            -75.7072931,
            45.390166
          ],
          [
            -75.7072347,
            45.3901738
          ],
          [
            -75.7071808,
            45.3901912
          ],
          [
            -75.7071343,
            45.3902171
          ],
          [
            -75.7070981,
            45.3902502
          ],
          [
            -75.7070742,
            45.3902884
          ]
        ]
      }
    },
    {
      "type": "Feature",
      "properties": {
        "u": 901067342,
        "v": 901068898,
        "key": 0,
        "osmid": "[1355835880, 76421020]",
        "highway": "primary",
        "lanes": "1",
        "maxspeed": "60",
        "name": "Prince Of Wales Drive",
        "oneway": true,
        "reversed": "False",
        "length": 148.7187477265494,
        "ref": "73",
        "tunnel": "",
        "bridge": "",
        "width": "",
        "access": "",
        "junction": ""
      },
      "geometry": {
        "type": "LineString",
        "coordinates": [
          [
            -75.7074092,
            45.3901804
          ],
          [
            -75.7073459,
            45.3901103
          ],
          [
            -75.7073178,
            45.390084
          ],
          [
            -75.7072883,
            45.3900491
          ],
          [
            -75.7072712,
            45.3900282
          ],
          [
            -75.7072574,
            45.3900114
          ],
          [
            -75.707212,
            45.3899452
          ],
          [
            -75.7071787,
            45.3898822
          ],
          [
            -75.7068149,
            45.3891939
          ],
          [
            -75.7066717,
            45.3889513
          ]
        ]
      }
    },
    {
      "type": "Feature",
      "properties": {
        "u": 901067360,
        "v": 901064345,
        "key": 0,
        "osmid": 456377574,
        "highway": "primary",
        "lanes": "4",
        "maxspeed": "60",
        "name": "Heron Road",
        "oneway": true,
        "reversed": "False",
        "length": 127.7225904376588,
        "ref": "16",
        "tunnel": "",
        "bridge": "",
        "width": "",
        "access": "",
        "junction": ""
      },
      "geometry": {
        "type": "LineString",
        "coordinates": [
          [
            -75.6909391,
            45.3768096
          ],
          [
            -75.6893113,
            45.3769188
          ]
        ]
      }
    },
    {
      "type": "Feature",
      "properties": {
        "u": 901067374,
        "v": 901067071,
        "key": 0,
        "osmid": 76422291,
        "highway": "primary",
        "lanes": "2",
        "maxspeed": "60",
        "name": "Prince Of Wales Drive",
        "oneway": false,
        "reversed": "False",
        "length": 60.52089992564617,
        "ref": "73",
        "tunnel": "",
        "bridge": "",
        "width": "",
        "access": "",
        "junction": ""
      },
      "geometry": {
        "type": "LineString",
        "coordinates": [
          [
            -75.7051513,
            45.3784634
          ],
          [
            -75.7047667,
            45.3789359
          ]
        ]
      }
    },
    {
      "type": "Feature",
      "properties": {
        "u": 901067374,
        "v": 901065637,
        "key": 0,
        "osmid": 76421216,
        "highway": "primary",
        "lanes": "2",
        "maxspeed": "60",
        "name": "Prince Of Wales Drive",
        "oneway": false,
        "reversed": "True",
        "length": 116.69328915265048,
        "ref": "73",
        "tunnel": "",
        "bridge": "",
        "width": "",
        "access": "",
        "junction": ""
      },
      "geometry": {
        "type": "LineString",
        "coordinates": [
          [
            -75.7051513,
            45.3784634
          ],
          [
            -75.7052597,
            45.3783284
          ],
          [
            -75.7058842,
            45.3775489
          ]
        ]
      }
    },
    {
      "type": "Feature",
      "properties": {
        "u": 901067374,
        "v": 412671569,
        "key": 0,
        "osmid": 76421386,
        "highway": "residential",
        "lanes": "2",
        "maxspeed": "",
        "name": "Rideauview Terrace",
        "oneway": false,
        "reversed": "True",
        "length": 159.45040957367422,
        "ref": "",
        "tunnel": "",
        "bridge": "",
        "width": "",
        "access": "",
        "junction": ""
      },
      "geometry": {
        "type": "LineString",
        "coordinates": [
          [
            -75.7051513,
            45.3784634
          ],
          [
            -75.7050359,
            45.3784071
          ],
          [
            -75.7050118,
            45.3783953
          ],
          [
            -75.7049407,
            45.3783612
          ],
          [
            -75.7048652,
            45.3783444
          ],
          [
            -75.7044948,
            45.3782217
          ],
          [
            -75.703678,
            45.3781195
          ],
          [
            -75.7032346,
            45.3780163
          ]
        ]
      }
    },
    {
      "type": "Feature",
      "properties": {
        "u": 901067586,
        "v": 901070559,
        "key": 0,
        "osmid": 76421275,
        "highway": "unclassified",
        "lanes": "1",
        "maxspeed": "",
        "name": "National Capital Commission Driveway",
        "oneway": true,
        "reversed": "False",
        "length": 35.5000490304711,
        "ref": "",
        "tunnel": "",
        "bridge": "",
        "width": "5",
        "access": "",
        "junction": ""
      },
      "geometry": {
        "type": "LineString",
        "coordinates": [
          [
            -75.7067343,
            45.3905636
          ],
          [
            -75.7069473,
            45.3905158
          ],
          [
            -75.7070249,
            45.3905038
          ],
          [
            -75.7070829,
            45.3904961
          ],
          [
            -75.7071739,
            45.3904844
          ]
        ]
      }
    },
    {
      "type": "Feature",
      "properties": {
        "u": 901067586,
        "v": 901060067,
        "key": 0,
        "osmid": "[76421856, 735218685]",
        "highway": "unclassified",
        "lanes": "2",
        "maxspeed": "",
        "name": "National Capital Commission Driveway",
        "oneway": false,
        "reversed": "False",
        "length": 57.6819289405657,
        "ref": "",
        "tunnel": "",
        "bridge": "",
        "width": "[\"9\", \"8.7\"]",
        "access": "",
        "junction": ""
      },
      "geometry": {
        "type": "LineString",
        "coordinates": [
          [
            -75.7067343,
            45.3905636
          ],
          [
            -75.706695,
            45.3905832
          ],
          [
            -75.7065132,
            45.3906589
          ],
          [
            -75.7064138,
            45.3906993
          ],
          [
            -75.7063193,
            45.3907374
          ],
          [
            -75.7061006,
            45.3908299
          ]
        ]
      }
    },
    {
      "type": "Feature",
      "properties": {
        "u": 901067682,
        "v": 5508988137,
        "key": 0,
        "osmid": "[313469985, 76422565, 600025688, 76421484, 571851446, 571851448, 600025689]",
        "highway": "primary",
        "lanes": "3",
        "maxspeed": "60",
        "name": "Heron Road",
        "oneway": true,
        "reversed": "False",
        "length": 1015.0876032191196,
        "ref": "16",
        "tunnel": "",
        "bridge": "yes",
        "width": "",
        "access": "",
        "junction": ""
      },
      "geometry": {
        "type": "LineString",
        "coordinates": [
          [
            -75.6921261,
            45.376868
          ],
          [
            -75.6928619,
            45.3768117
          ],
          [
            -75.6929921,
            45.3768021
          ],
          [
            -75.6938282,
            45.3767339
          ],
          [
            -75.6940788,
            45.3767098
          ],
          [
            -75.6944074,
            45.3766693
          ],
          [
            -75.6946287,
            45.3766429
          ],
          [
            -75.6948218,
            45.3766156
          ],
          [
            -75.6952197,
            45.3765518
          ],
          [
            -75.6956198,
            45.3764799
          ],
          [
            -75.6962809,
            45.3763612
          ],
          [
            -75.6967315,
            45.3762802
          ],
          [
            -75.6970025,
            45.3762388
          ],
          [
            -75.697378,
            45.3761823
          ],
          [
            -75.6976743,
            45.3761417
          ],
          [
            -75.6980457,
            45.3760972
          ],
          [
            -75.6986559,
            45.3760425
          ],
          [
            -75.6991187,
            45.3760011
          ],
          [
            -75.7017596,
            45.3757591
          ],
          [
            -75.7026441,
            45.3756818
          ],
          [
            -75.7030936,
            45.3756386
          ],
          [
            -75.7034221,
            45.3756091
          ],
          [
            -75.7049511,
            45.375452
          ]
        ]
      }
    },
    {
      "type": "Feature",
      "properties": {
        "u": 901067938,
        "v": 903990717,
        "key": 0,
        "osmid": 76420956,
        "highway": "residential",
        "lanes": "2",
        "maxspeed": "30",
        "name": "Grove Avenue",
        "oneway": true,
        "reversed": "False",
        "length": 153.085444312214,
        "ref": "",
        "tunnel": "",
        "bridge": "",
        "width": "",
        "access": "",
        "junction": ""
      },
      "geometry": {
        "type": "LineString",
        "coordinates": [
          [
            -75.6884726,
            45.3897012
          ],
          [
            -75.6883875,
            45.3897369
          ],
          [
            -75.6881228,
            45.3898478
          ],
          [
            -75.687426,
            45.3901398
          ],
          [
            -75.6867766,
            45.3903913
          ]
        ]
      }
    },
    {
      "type": "Feature",
      "properties": {
        "u": 901067938,
        "v": 901066916,
        "key": 0,
        "osmid": 76421166,
        "highway": "residential",
        "lanes": "2",
        "maxspeed": "30",
        "name": "Seneca Street",
        "oneway": false,
        "reversed": "False",
        "length": 77.9867744713913,
        "ref": "",
        "tunnel": "",
        "bridge": "",
        "width": "",
        "access": "",
        "junction": ""
      },
      "geometry": {
        "type": "LineString",
        "coordinates": [
          [
            -75.6884726,
            45.3897012
          ],
          [
            -75.6889144,
            45.3902306
          ],
          [
            -75.6889337,
            45.3902548
          ],
          [
            -75.6889753,
            45.3903072
          ]
        ]
      }
    },
    {
      "type": "Feature",
      "properties": {
        "u": 901067938,
        "v": 901066916,
        "key": 1,
        "osmid": "[76421561, 76422515]",
        "highway": "residential",
        "lanes": "2",
        "maxspeed": "30",
        "name": "[\"Glen Avenue\", \"Grove Avenue\"]",
        "oneway": false,
        "reversed": "True",
        "length": 304.8595776681515,
        "ref": "",
        "tunnel": "",
        "bridge": "",
        "width": "",
        "access": "",
        "junction": ""
      },
      "geometry": {
        "type": "LineString",
        "coordinates": [
          [
            -75.6884726,
            45.3897012
          ],
          [
            -75.6885333,
            45.3896741
          ],
          [
            -75.6885728,
            45.3896566
          ],
          [
            -75.6893295,
            45.3893439
          ],
          [
            -75.689657,
            45.3892016
          ],
          [
            -75.6896978,
            45.3891853
          ],
          [
            -75.6897273,
            45.3891826
          ],
          [
            -75.6897533,
            45.3891894
          ],
          [
            -75.6897846,
            45.3892009
          ],
          [
            -75.6898426,
            45.3892634
          ],
          [
            -75.689865,
            45.3892907
          ],
          [
            -75.6900064,
            45.389463
          ],
          [
            -75.6901938,
            45.389693
          ],
          [
            -75.6902114,
            45.389723
          ],
          [
            -75.6902136,
            45.3897583
          ],
          [
            -75.690198,
            45.3897887
          ],
          [
            -75.689045,
            45.3902765
          ],
          [
            -75.6889753,
            45.3903072
          ]
        ]
      }
    },
    {
      "type": "Feature",
      "properties": {
        "u": 901067938,
        "v": 901065692,
        "key": 0,
        "osmid": 76421478,
        "highway": "residential",
        "lanes": "2",
        "maxspeed": "30",
        "name": "Seneca Street",
        "oneway": false,
        "reversed": "True",
        "length": 67.40599253789404,
        "ref": "",
        "tunnel": "",
        "bridge": "",
        "width": "",
        "access": "",
        "junction": ""
      },
      "geometry": {
        "type": "LineString",
        "coordinates": [
          [
            -75.6884726,
            45.3897012
          ],
          [
            -75.6884428,
            45.389662
          ],
          [
            -75.6880711,
            45.389234
          ],
          [
            -75.6880263,
            45.3891824
          ]
        ]
      }
    },
    {
      "type": "Feature",
      "properties": {
        "u": 901068203,
        "v": 901067245,
        "key": 0,
        "osmid": 397100321,
        "highway": "primary",
        "lanes": "3",
        "maxspeed": "60",
        "name": "Heron Road",
        "oneway": true,
        "reversed": "False",
        "length": 13.42113146922529,
        "ref": "16",
        "tunnel": "",
        "bridge": "",
        "width": "",
        "access": "",
        "junction": ""
      },
      "geometry": {
        "type": "LineString",
        "coordinates": [
          [
            -75.6913955,
            45.3769132
          ],
          [
            -75.6915666,
            45.3769021
          ]
        ]
      }
    },
    {
      "type": "Feature",
      "properties": {
        "u": 901068203,
        "v": 905109599,
        "key": 0,
        "osmid": 456377576,
        "highway": "primary",
        "lanes": "2",
        "maxspeed": "60",
        "name": "Riverside Drive",
        "oneway": true,
        "reversed": "False",
        "length": 47.4236242881521,
        "ref": "19",
        "tunnel": "",
        "bridge": "",
        "width": "",
        "access": "",
        "junction": ""
      },
      "geometry": {
        "type": "LineString",
        "coordinates": [
          [
            -75.6913955,
            45.3769132
          ],
          [
            -75.6914158,
            45.3770438
          ],
          [
            -75.6914506,
            45.3773379
          ]
        ]
      }
    },
    {
      "type": "Feature",
      "properties": {
        "u": 901068252,
        "v": 1276227753,
        "key": 0,
        "osmid": 1266753415,
        "highway": "primary",
        "lanes": "1",
        "maxspeed": "60",
        "name": "",
        "oneway": true,
        "reversed": "False",
        "length": 5.108842191547761,
        "ref": "73",
        "tunnel": "",
        "bridge": "",
        "width": "",
        "access": "",
        "junction": "roundabout"
      },
      "geometry": {
        "type": "LineString",
        "coordinates": [
          [
            -75.7075312,
            45.3904129
          ],
          [
            -75.7075514,
            45.3903692
          ]
        ]
      }
    },
    {
      "type": "Feature",
      "properties": {
        "u": 901068280,
        "v": 901066752,
        "key": 0,
        "osmid": 76421472,
        "highway": "primary",
        "lanes": "3",
        "maxspeed": "60",
        "name": "Prince Of Wales Drive",
        "oneway": true,
        "reversed": "False",
        "length": 14.528397045348205,
        "ref": "73",
        "tunnel": "",
        "bridge": "",
        "width": "",
        "access": "",
        "junction": ""
      },
      "geometry": {
        "type": "LineString",
        "coordinates": [
          [
            -75.7074913,
            45.3751985
          ],
          [
            -75.7075272,
            45.3750703
          ]
        ]
      }
    },
    {
      "type": "Feature",
      "properties": {
        "u": 901068365,
        "v": 901066096,
        "key": 0,
        "osmid": 112215391,
        "highway": "tertiary",
        "lanes": "1",
        "maxspeed": "",
        "name": "National Capital Commission Driveway",
        "oneway": true,
        "reversed": "False",
        "length": 28.126685360223682,
        "ref": "",
        "tunnel": "",
        "bridge": "",
        "width": "",
        "access": "",
        "junction": ""
      },
      "geometry": {
        "type": "LineString",
        "coordinates": [
          [
            -75.7078087,
            45.3901298
          ],
          [
            -75.7076924,
            45.3901541
          ],
          [
            -75.7076486,
            45.3901651
          ],
          [
            -75.7076135,
            45.3901747
          ],
          [
            -75.7076027,
            45.3901773
          ],
          [
            -75.7075468,
            45.3901906
          ],
          [
            -75.7074649,
            45.3902044
          ]
        ]
      }
    },
    {
      "type": "Feature",
      "properties": {
        "u": 901068426,
        "v": 901063900,
        "key": 0,
        "osmid": "[76420937, 76421025, 880435927]",
        "highway": "[\"primary\", \"trunk\"]",
        "lanes": "3",
        "maxspeed": "[\"60\", \"70\"]",
        "name": "Bronson Avenue",
        "oneway": true,
        "reversed": "False",
        "length": 628.9095257864337,
        "ref": "79",
        "tunnel": "",
        "bridge": "yes",
        "width": "",
        "access": "",
        "junction": ""
      },
      "geometry": {
        "type": "LineString",
        "coordinates": [
          [
            -75.6877589,
            45.3819639
          ],
          [
            -75.6892705,
            45.3841089
          ],
          [
            -75.6897313,
            45.3847343
          ],
          [
            -75.6900348,
            45.3851349
          ],
          [
            -75.6902908,
            45.3854654
          ],
          [
            -75.6906659,
            45.3859955
          ],
          [
            -75.6908452,
            45.3862395
          ],
          [
            -75.6910672,
            45.3865322
          ],
          [
            -75.6913755,
            45.3869375
          ],
          [
            -75.6914227,
            45.3869999
          ]
        ]
      }
    },
    {
      "type": "Feature",
      "properties": {
        "u": 901068605,
        "v": 901064373,
        "key": 0,
        "osmid": 520408275,
        "highway": "primary",
        "lanes": "3",
        "maxspeed": "60",
        "name": "Riverside Drive",
        "oneway": true,
        "reversed": "False",
        "length": 26.14907516371352,
        "ref": "19",
        "tunnel": "",
        "bridge": "",
        "width": "",
        "access": "",
        "junction": ""
      },
      "geometry": {
        "type": "LineString",
        "coordinates": [
          [
            -75.6881194,
            45.3819719
          ],
          [
            -75.688059,
            45.3820025
          ],
          [
            -75.6878531,
            45.3821144
          ]
        ]
      }
    },
    {
      "type": "Feature",
      "properties": {
        "u": 901068792,
        "v": 901065637,
        "key": 0,
        "osmid": 76421229,
        "highway": "primary",
        "lanes": "4",
        "maxspeed": "60",
        "name": "Prince Of Wales Drive",
        "oneway": false,
        "reversed": "False",
        "length": 143.5099491002201,
        "ref": "73",
        "tunnel": "",
        "bridge": "",
        "width": "",
        "access": "",
        "junction": ""
      },
      "geometry": {
        "type": "LineString",
        "coordinates": [
          [
            -75.7067718,
            45.3764189
          ],
          [
            -75.7064693,
            45.376797
          ],
          [
            -75.7063111,
            45.3770003
          ],
          [
            -75.7058842,
            45.3775489
          ]
        ]
      }
    },
    {
      "type": "Feature",
      "properties": {
        "u": 901068792,
        "v": 901067112,
        "key": 0,
        "osmid": 76421703,
        "highway": "primary",
        "lanes": "3",
        "maxspeed": "60",
        "name": "Prince Of Wales Drive",
        "oneway": true,
        "reversed": "False",
        "length": 75.11037765617183,
        "ref": "73",
        "tunnel": "",
        "bridge": "",
        "width": "",
        "access": "",
        "junction": ""
      },
      "geometry": {
        "type": "LineString",
        "coordinates": [
          [
            -75.7067718,
            45.3764189
          ],
          [
            -75.7069307,
            45.376292
          ],
          [
            -75.7072613,
            45.3758419
          ]
        ]
      }
    },
    {
      "type": "Feature",
      "properties": {
        "u": 901068898,
        "v": 12021442551,
        "key": 0,
        "osmid": "[76421320, 76422443, 76422252, 76422419]",
        "highway": "primary",
        "lanes": "2",
        "maxspeed": "60",
        "name": "Prince Of Wales Drive",
        "oneway": false,
        "reversed": "True",
        "length": 1056.91704980717,
        "ref": "73",
        "tunnel": "",
        "bridge": "",
        "width": "",
        "access": "",
        "junction": ""
      },
      "geometry": {
        "type": "LineString",
        "coordinates": [
          [
            -75.7066717,
            45.3889513
          ],
          [
            -75.7066453,
            45.3888565
          ],
          [
            -75.7066345,
            45.388722
          ],
          [
            -75.7066656,
            45.3869387
          ],
          [
            -75.7066686,
            45.3862934
          ],
          [
            -75.7066687,
            45.3862727
          ],
          [
            -75.7067026,
            45.3851841
          ],
          [
            -75.7066885,
            45.3848614
          ],
          [
            -75.7066399,
            45.3846811
          ],
          [
            -75.7065593,
            45.3844862
          ],
          [
            -75.7064411,
            45.3842838
          ],
          [
            -75.705579,
            45.3829543
          ],
          [
            -75.7055307,
            45.3828798
          ],
          [
            -75.7054856,
            45.3828103
          ],
          [
            -75.7041866,
            45.3808496
          ],
          [
            -75.7039662,
            45.3804691
          ],
          [
            -75.7039433,
            45.3804009
          ],
          [
            -75.7039298,
            45.3803327
          ],
          [
            -75.7039353,
            45.3801894
          ],
          [
            -75.7039594,
            45.3800461
          ],
          [
            -75.7039943,
            45.3799568
          ],
          [
            -75.7040433,
            45.3798675
          ]
        ]
      }
    },
    {
      "type": "Feature",
      "properties": {
        "u": 901068898,
        "v": 1276227734,
        "key": 0,
        "osmid": "[76422605, 1266753414, 1355835879]",
        "highway": "primary",
        "lanes": "[\"2\", \"1\"]",
        "maxspeed": "60",
        "name": "Prince Of Wales Drive",
        "oneway": true,
        "reversed": "False",
        "length": 154.74385198739333,
        "ref": "73",
        "tunnel": "",
        "bridge": "",
        "width": "",
        "access": "",
        "junction": ""
      },
      "geometry": {
        "type": "LineString",
        "coordinates": [
          [
            -75.7066717,
            45.3889513
          ],
          [
            -75.7066957,
            45.3891009
          ],
          [
            -75.7067317,
            45.3892391
          ],
          [
            -75.7069488,
            45.3896349
          ],
          [
            -75.7070333,
            45.3897889
          ],
          [
            -75.7070749,
            45.3898675
          ],
          [
            -75.7070938,
            45.3899031
          ],
          [
            -75.707122,
            45.390019
          ],
          [
            -75.707122,
            45.3900486
          ],
          [
            -75.707122,
            45.3900717
          ],
          [
            -75.7071083,
            45.3901342
          ],
          [
            -75.7070972,
            45.390187
          ],
          [
            -75.7070742,
            45.3902884
          ]
        ]
      }
    },
    {
      "type": "Feature",
      "properties": {
        "u": 901069020,
        "v": 901065692,
        "key": 0,
        "osmid": 76422346,
        "highway": "residential",
        "lanes": "2",
        "maxspeed": "30",
        "name": "Seneca Street",
        "oneway": false,
        "reversed": "False",
        "length": 70.25578417485981,
        "ref": "",
        "tunnel": "",
        "bridge": "",
        "width": "",
        "access": "",
        "junction": ""
      },
      "geometry": {
        "type": "LineString",
        "coordinates": [
          [
            -75.6875794,
            45.3886341
          ],
          [
            -75.6875932,
            45.3886501
          ],
          [
            -75.6875989,
            45.3886567
          ],
          [
            -75.6876148,
            45.3886752
          ],
          [
            -75.6876801,
            45.3887511
          ],
          [
            -75.6879917,
            45.3891384
          ],
          [
            -75.6880263,
            45.3891824
          ]
        ]
      }
    },
    {
      "type": "Feature",
      "properties": {
        "u": 901069328,
        "v": 901063900,
        "key": 0,
        "osmid": 432365101,
        "highway": "residential",
        "lanes": "2",
        "maxspeed": "",
        "name": "Brewer Way",
        "oneway": false,
        "reversed": "False",
        "length": 15.389654938474628,
        "ref": "",
        "tunnel": "",
        "bridge": "",
        "width": "",
        "access": "",
        "junction": ""
      },
      "geometry": {
        "type": "LineString",
        "coordinates": [
          [
            -75.6915963,
            45.3869344
          ],
          [
            -75.6914227,
            45.3869999
          ]
        ]
      }
    },
    {
      "type": "Feature",
      "properties": {
        "u": 901069603,
        "v": 901066647,
        "key": 0,
        "osmid": 193732659,
        "highway": "primary",
        "lanes": "3",
        "maxspeed": "60",
        "name": "Heron Road",
        "oneway": true,
        "reversed": "False",
        "length": 13.1268396255442,
        "ref": "16",
        "tunnel": "",
        "bridge": "",
        "width": "",
        "access": "",
        "junction": ""
      },
      "geometry": {
        "type": "LineString",
        "coordinates": [
          [
            -75.6915402,
            45.3767666
          ],
          [
            -75.6913731,
            45.3767792
          ]
        ]
      }
    },
    {
      "type": "Feature",
      "properties": {
        "u": 901069603,
        "v": 905110195,
        "key": 0,
        "osmid": 456377575,
        "highway": "primary",
        "lanes": "2",
        "maxspeed": "60",
        "name": "Riverside Drive",
        "oneway": true,
        "reversed": "False",
        "length": 59.107563589618906,
        "ref": "19",
        "tunnel": "",
        "bridge": "",
        "width": "",
        "access": "",
        "junction": ""
      },
      "geometry": {
        "type": "LineString",
        "coordinates": [
          [
            -75.6915402,
            45.3767666
          ],
          [
            -75.6915214,
            45.3766423
          ],
          [
            -75.6914675,
            45.3762375
          ]
        ]
      }
    },
    {
      "type": "Feature",
      "properties": {
        "u": 901070028,
        "v": 901066222,
        "key": 0,
        "osmid": 76421132,
        "highway": "residential",
        "lanes": "2",
        "maxspeed": "30",
        "name": "Sloan Avenue",
        "oneway": false,
        "reversed": "True",
        "length": 30.628957498777396,
        "ref": "",
        "tunnel": "",
        "bridge": "",
        "width": "",
        "access": "",
        "junction": ""
      },
      "geometry": {
        "type": "LineString",
        "coordinates": [
          [
            -75.6930594,
            45.3897795
          ],
          [
            -75.6928747,
            45.3895365
          ]
        ]
      }
    },
    {
      "type": "Feature",
      "properties": {
        "u": 901070028,
        "v": 901070152,
        "key": 0,
        "osmid": 76421123,
        "highway": "residential",
        "lanes": "2",
        "maxspeed": "30",
        "name": "Sloan Avenue",
        "oneway": false,
        "reversed": "False",
        "length": 41.235362541843294,
        "ref": "",
        "tunnel": "",
        "bridge": "",
        "width": "",
        "access": "",
        "junction": ""
      },
      "geometry": {
        "type": "LineString",
        "coordinates": [
          [
            -75.6930594,
            45.3897795
          ],
          [
            -75.6932678,
            45.3900625
          ],
          [
            -75.6933033,
            45.3901084
          ]
        ]
      }
    },
    {
      "type": "Feature",
      "properties": {
        "u": 901070028,
        "v": 901067113,
        "key": 0,
        "osmid": 76421194,
        "highway": "residential",
        "lanes": "2",
        "maxspeed": "30",
        "name": "Carraway Private",
        "oneway": false,
        "reversed": "False",
        "length": 107.70979937828295,
        "ref": "",
        "tunnel": "",
        "bridge": "",
        "width": "",
        "access": "",
        "junction": ""
      },
      "geometry": {
        "type": "LineString",
        "coordinates": [
          [
            -75.6930594,
            45.3897795
          ],
          [
            -75.6930084,
            45.389799
          ],
          [
            -75.692446,
            45.3900143
          ],
          [
            -75.6924056,
            45.39006
          ],
          [
            -75.6924052,
            45.3901051
          ],
          [
            -75.6924616,
            45.3901811
          ],
          [
            -75.692617,
            45.3903878
          ],
          [
            -75.6926567,
            45.3904406
          ]
        ]
      }
    },
    {
      "type": "Feature",
      "properties": {
        "u": 901070152,
        "v": 901070028,
        "key": 0,
        "osmid": 76421123,
        "highway": "residential",
        "lanes": "2",
        "maxspeed": "30",
        "name": "Sloan Avenue",
        "oneway": false,
        "reversed": "True",
        "length": 41.235362541843294,
        "ref": "",
        "tunnel": "",
        "bridge": "",
        "width": "",
        "access": "",
        "junction": ""
      },
      "geometry": {
        "type": "LineString",
        "coordinates": [
          [
            -75.6933033,
            45.3901084
          ],
          [
            -75.6932678,
            45.3900625
          ],
          [
            -75.6930594,
            45.3897795
          ]
        ]
      }
    },
    {
      "type": "Feature",
      "properties": {
        "u": 901070152,
        "v": 901067113,
        "key": 0,
        "osmid": 468191651,
        "highway": "tertiary",
        "lanes": "1",
        "maxspeed": "30",
        "name": "Sunnyside Avenue",
        "oneway": true,
        "reversed": "False",
        "length": 62.69717464491977,
        "ref": "",
        "tunnel": "",
        "bridge": "",
        "width": "",
        "access": "",
        "junction": ""
      },
      "geometry": {
        "type": "LineString",
        "coordinates": [
          [
            -75.6933033,
            45.3901084
          ],
          [
            -75.6930058,
            45.3902385
          ],
          [
            -75.6926567,
            45.3904406
          ]
        ]
      }
    },
    {
      "type": "Feature",
      "properties": {
        "u": 901070200,
        "v": 1435832286,
        "key": 0,
        "osmid": 456373012,
        "highway": "secondary",
        "lanes": "3",
        "maxspeed": "60",
        "name": "Colonel By Drive",
        "oneway": false,
        "reversed": "False",
        "length": 41.43221624405111,
        "ref": "",
        "tunnel": "",
        "bridge": "",
        "width": "",
        "access": "",
        "junction": ""
      },
      "geometry": {
        "type": "LineString",
        "coordinates": [
          [
            -75.7013581,
            45.3788234
          ],
          [
            -75.7013642,
            45.3789054
          ],
          [
            -75.7013858,
            45.3791955
          ]
        ]
      }
    },
    {
      "type": "Feature",
      "properties": {
        "u": 901070200,
        "v": 1435832249,
        "key": 0,
        "osmid": 456570278,
        "highway": "tertiary",
        "lanes": "2",
        "maxspeed": "30",
        "name": "University Drive",
        "oneway": false,
        "reversed": "False",
        "length": 54.478264558333535,
        "ref": "",
        "tunnel": "",
        "bridge": "",
        "width": "",
        "access": "",
        "junction": ""
      },
      "geometry": {
        "type": "LineString",
        "coordinates": [
          [
            -75.7013581,
            45.3788234
          ],
          [
            -75.7012393,
            45.3788374
          ],
          [
            -75.7012134,
            45.3788405
          ],
          [
            -75.7011379,
            45.3788518
          ],
          [
            -75.701064,
            45.3788688
          ],
          [
            -75.7009835,
            45.3788905
          ],
          [
            -75.700922,
            45.3789151
          ],
          [
            -75.7008708,
            45.3789404
          ],
          [
            -75.7008107,
            45.3789784
          ],
          [
            -75.7007457,
            45.3790274
          ]
        ]
      }
    },
    {
      "type": "Feature",
      "properties": {
        "u": 901070200,
        "v": 905128962,
        "key": 0,
        "osmid": "[600025679, 456373013, 76505722, 532949499, 600025694]",
        "highway": "secondary",
        "lanes": "[\"3\", \"2\"]",
        "maxspeed": "60",
        "name": "Colonel By Drive",
        "oneway": false,
        "reversed": "True",
        "length": 1026.155299762912,
        "ref": "",
        "tunnel": "",
        "bridge": "",
        "width": "",
        "access": "",
        "junction": ""
      },
      "geometry": {
        "type": "LineString",
        "coordinates": [
          [
            -75.7013581,
            45.3788234
          ],
          [
            -75.7013534,
            45.3787295
          ],
          [
            -75.7013393,
            45.3784462
          ],
          [
            -75.7013283,
            45.3782523
          ],
          [
            -75.7013092,
            45.3777856
          ],
          [
            -75.7012996,
            45.3773672
          ],
          [
            -75.7012892,
            45.3771987
          ],
          [
            -75.7012944,
            45.3770114
          ],
          [
            -75.7013262,
            45.3768064
          ],
          [
            -75.7013644,
            45.3765874
          ],
          [
            -75.7014454,
            45.3762303
          ],
          [
            -75.7014771,
            45.3761296
          ],
          [
            -75.7015753,
            45.3758632
          ],
          [
            -75.7016188,
            45.3757012
          ],
          [
            -75.7016421,
            45.3755845
          ],
          [
            -75.7016628,
            45.3754443
          ],
          [
            -75.7016706,
            45.3753761
          ],
          [
            -75.7016755,
            45.3752864
          ],
          [
            -75.701667,
            45.3749763
          ],
          [
            -75.701644,
            45.3748144
          ],
          [
            -75.7015839,
            45.3745509
          ],
          [
            -75.7014367,
            45.3741568
          ],
          [
            -75.7013342,
            45.373974
          ],
          [
            -75.7012234,
            45.3738073
          ],
          [
            -75.7008098,
            45.3732674
          ],
          [
            -75.7004361,
            45.3727406
          ],
          [
            -75.700209,
            45.3723078
          ],
          [
            -75.6999417,
            45.3717169
          ],
          [
            -75.699817,
            45.3715038
          ],
          [
            -75.699571,
            45.3711549
          ],
          [
            -75.6993708,
            45.3709276
          ],
          [
            -75.6992027,
            45.3707587
          ],
          [
            -75.698942,
            45.370548
          ],
          [
            -75.6984645,
            45.370199
          ]
        ]
      }
    },
    {
      "type": "Feature",
      "properties": {
        "u": 901070258,
        "v": 901066941,
        "key": 0,
        "osmid": 76421280,
        "highway": "primary",
        "lanes": "3",
        "maxspeed": "50",
        "name": "Prince Of Wales Drive",
        "oneway": true,
        "reversed": "False",
        "length": 14.581987209024808,
        "ref": "73",
        "tunnel": "",
        "bridge": "",
        "width": "",
        "access": "",
        "junction": ""
      },
      "geometry": {
        "type": "LineString",
        "coordinates": [
          [
            -75.7073861,
            45.3750796
          ],
          [
            -75.707351,
            45.3752084
          ]
        ]
      }
    },
    {
      "type": "Feature",
      "properties": {
        "u": 901070258,
        "v": 901065733,
        "key": 0,
        "osmid": 76421897,
        "highway": "primary",
        "lanes": "2",
        "maxspeed": "60",
        "name": "Heron Road",
        "oneway": true,
        "reversed": "False",
        "length": 84.90376087500019,
        "ref": "16",
        "tunnel": "",
        "bridge": "",
        "width": "",
        "access": "",
        "junction": ""
      },
      "geometry": {
        "type": "LineString",
        "coordinates": [
          [
            -75.7073861,
            45.3750796
          ],
          [
            -75.7072958,
            45.3750833
          ],
          [
            -75.7063029,
            45.3751429
          ]
        ]
      }
    },
    {
      "type": "Feature",
      "properties": {
        "u": 901070559,
        "v": 901070693,
        "key": 0,
        "osmid": 1266753416,
        "highway": "primary",
        "lanes": "2",
        "maxspeed": "60",
        "name": "",
        "oneway": true,
        "reversed": "False",
        "length": 3.5764118104786102,
        "ref": "73",
        "tunnel": "",
        "bridge": "",
        "width": "",
        "access": "",
        "junction": "roundabout"
      },
      "geometry": {
        "type": "LineString",
        "coordinates": [
          [
            -75.7071739,
            45.3904844
          ],
          [
            -75.7072156,
            45.3904977
          ]
        ]
      }
    },
    {
      "type": "Feature",
      "properties": {
        "u": 901070693,
        "v": 901062284,
        "key": 0,
        "osmid": "[1355835881, 76423143]",
        "highway": "primary",
        "lanes": "1",
        "maxspeed": "60",
        "name": "Prince Of Wales Drive",
        "oneway": true,
        "reversed": "False",
        "length": 63.20787367508809,
        "ref": "73",
        "tunnel": "",
        "bridge": "",
        "width": "",
        "access": "",
        "junction": ""
      },
      "geometry": {
        "type": "LineString",
        "coordinates": [
          [
            -75.7072156,
            45.3904977
          ],
          [
            -75.7072735,
            45.3905577
          ],
          [
            -75.707315,
            45.3905982
          ],
          [
            -75.7073587,
            45.3906397
          ],
          [
            -75.7073915,
            45.3906867
          ],
          [
            -75.7075176,
            45.3909147
          ],
          [
            -75.7076077,
            45.3909889
          ]
        ]
      }
    },
    {
      "type": "Feature",
      "properties": {
        "u": 901070693,
        "v": 901068252,
        "key": 0,
        "osmid": 1266753415,
        "highway": "primary",
        "lanes": "1",
        "maxspeed": "60",
        "name": "",
        "oneway": true,
        "reversed": "False",
        "length": 28.983877923671407,
        "ref": "73",
        "tunnel": "",
        "bridge": "",
        "width": "",
        "access": "",
        "junction": "roundabout"
      },
      "geometry": {
        "type": "LineString",
        "coordinates": [
          [
            -75.7072156,
            45.3904977
          ],
          [
            -75.7072877,
            45.3905102
          ],
          [
            -75.7073618,
            45.3905069
          ],
          [
            -75.7074311,
            45.3904883
          ],
          [
            -75.7074893,
            45.3904559
          ],
          [
            -75.7075312,
            45.3904129
          ]
        ]
      }
    },
    {
      "type": "Feature",
      "properties": {
        "u": 901070712,
        "v": 9370739431,
        "key": 0,
        "osmid": "[538113728, 1266755566, 1442147127]",
        "highway": "tertiary",
        "lanes": "[\"2\", \"1\"]",
        "maxspeed": "40",
        "name": "University Drive",
        "oneway": true,
        "reversed": "False",
        "length": 159.40849805328867,
        "ref": "",
        "tunnel": "",
        "bridge": "",
        "width": "",
        "access": "",
        "junction": ""
      },
      "geometry": {
        "type": "LineString",
        "coordinates": [
          [
            -75.6942103,
            45.3898352
          ],
          [
            -75.6948641,
            45.3895284
          ],
          [
            -75.6949251,
            45.3895001
          ],
          [
            -75.6952987,
            45.3893132
          ],
          [
            -75.6953967,
            45.3892574
          ],
          [
            -75.6957645,
            45.3890798
          ],
          [
            -75.6958088,
            45.3890672
          ],
          [
            -75.6959083,
            45.3890488
          ]
        ]
      }
    },
    {
      "type": "Feature",
      "properties": {
        "u": 901772290,
        "v": 901797647,
        "key": 0,
        "osmid": 76506517,
        "highway": "residential",
        "lanes": "2",
        "maxspeed": "",
        "name": "Maryland Avenue",
        "oneway": false,
        "reversed": "False",
        "length": 138.17721456190142,
        "ref": "",
        "tunnel": "",
        "bridge": "",
        "width": "",
        "access": "",
        "junction": ""
      },
      "geometry": {
        "type": "LineString",
        "coordinates": [
          [
            -75.70502,
            45.3706975
          ],
          [
            -75.7049047,
            45.370754
          ],
          [
            -75.7048786,
            45.3707672
          ],
          [
            -75.7048586,
            45.3707763
          ],
          [
            -75.7040974,
            45.3711203
          ],
          [
            -75.7035573,
            45.3713955
          ]
        ]
      }
    },
    {
      "type": "Feature",
      "properties": {
        "u": 901772290,
        "v": 901780538,
        "key": 0,
        "osmid": "[1396740344, 76505719]",
        "highway": "primary",
        "lanes": "3",
        "maxspeed": "50",
        "name": "Prince Of Wales Drive",
        "oneway": false,
        "reversed": "True",
        "length": 49.551560673148096,
        "ref": "73",
        "tunnel": "",
        "bridge": "",
        "width": "",
        "access": "",
        "junction": ""
      },
      "geometry": {
        "type": "LineString",
        "coordinates": [
          [
            -75.70502,
            45.3706975
          ],
          [
            -75.7048635,
            45.3706395
          ],
          [
            -75.7046161,
            45.3705528
          ],
          [
            -75.704585,
            45.3705424
          ],
          [
            -75.7044528,
            45.3704981
          ]
        ]
      }
    },
    {
      "type": "Feature",
      "properties": {
        "u": 901772290,
        "v": 901791155,
        "key": 0,
        "osmid": "[1396740345, 76505799]",
        "highway": "primary",
        "lanes": "[\"3\", \"2\"]",
        "maxspeed": "50",
        "name": "Prince Of Wales Drive",
        "oneway": false,
        "reversed": "False",
        "length": 239.7874567444875,
        "ref": "73",
        "tunnel": "",
        "bridge": "",
        "width": "",
        "access": "",
        "junction": ""
      },
      "geometry": {
        "type": "LineString",
        "coordinates": [
          [
            -75.70502,
            45.3706975
          ],
          [
            -75.7054802,
            45.370869
          ],
          [
            -75.7058481,
            45.3710066
          ],
          [
            -75.7064243,
            45.3712135
          ],
          [
            -75.7068683,
            45.3713766
          ],
          [
            -75.7073312,
            45.3715514
          ],
          [
            -75.7074646,
            45.371609
          ],
          [
            -75.7075755,
            45.3716618
          ],
          [
            -75.7077055,
            45.3717362
          ]
        ]
      }
    },
    {
      "type": "Feature",
      "properties": {
        "u": 901772353,
        "v": 901801574,
        "key": 0,
        "osmid": 76844044,
        "highway": "primary_link",
        "lanes": "1",
        "maxspeed": "",
        "name": "",
        "oneway": true,
        "reversed": "False",
        "length": 66.95991551119425,
        "ref": "",
        "tunnel": "",
        "bridge": "",
        "width": "",
        "access": "",
        "junction": ""
      },
      "geometry": {
        "type": "LineString",
        "coordinates": [
          [
            -75.6893698,
            45.3671119
          ],
          [
            -75.6893447,
            45.3673121
          ],
          [
            -75.6893275,
            45.3674299
          ],
          [
            -75.6893153,
            45.3674543
          ],
          [
            -75.6892835,
            45.3674999
          ],
          [
            -75.6892207,
            45.3675379
          ],
          [
            -75.6890315,
            45.3676028
          ]
        ]
      }
    },
    {
      "type": "Feature",
      "properties": {
        "u": 901772353,
        "v": 901796888,
        "key": 0,
        "osmid": 338409507,
        "highway": "primary",
        "lanes": "3",
        "maxspeed": "60",
        "name": "Riverside Drive",
        "oneway": true,
        "reversed": "False",
        "length": 51.16629155465193,
        "ref": "19",
        "tunnel": "",
        "bridge": "",
        "width": "",
        "access": "",
        "junction": ""
      },
      "geometry": {
        "type": "LineString",
        "coordinates": [
          [
            -75.6893698,
            45.3671119
          ],
          [
            -75.6894941,
            45.367477
          ],
          [
            -75.6895211,
            45.3675596
          ]
        ]
      }
    },
    {
      "type": "Feature",
      "properties": {
        "u": 901780538,
        "v": 901781330,
        "key": 0,
        "osmid": 76505056,
        "highway": "tertiary",
        "lanes": "2",
        "maxspeed": "50",
        "name": "Dynes Road",
        "oneway": false,
        "reversed": "True",
        "length": 99.39443164093697,
        "ref": "",
        "tunnel": "",
        "bridge": "",
        "width": "",
        "access": "",
        "junction": ""
      },
      "geometry": {
        "type": "LineString",
        "coordinates": [
          [
            -75.7044528,
            45.3704981
          ],
          [
            -75.7045383,
            45.3703787
          ],
          [
            -75.7045511,
            45.3703607
          ],
          [
            -75.7045818,
            45.3703187
          ],
          [
            -75.7046232,
            45.3702779
          ],
          [
            -75.7046727,
            45.3702446
          ],
          [
            -75.7048397,
            45.3701693
          ],
          [
            -75.7053851,
            45.3699235
          ]
        ]
      }
    },
    {
      "type": "Feature",
      "properties": {
        "u": 901780538,
        "v": 901800257,
        "key": 0,
        "osmid": "[76506528, 600025698, 600025699, 1274235912, 76505622]",
        "highway": "primary",
        "lanes": "[\"3\", \"4\"]",
        "maxspeed": "50",
        "name": "Prince Of Wales Drive",
        "oneway": false,
        "reversed": "True",
        "length": 267.7040469425709,
        "ref": "73",
        "tunnel": "",
        "bridge": "",
        "width": "",
        "access": "",
        "junction": ""
      },
      "geometry": {
        "type": "LineString",
        "coordinates": [
          [
            -75.7044528,
            45.3704981
          ],
          [
            -75.704355,
            45.3704689
          ],
          [
            -75.7043221,
            45.3704591
          ],
          [
            -75.7041092,
            45.3704021
          ],
          [
            -75.7040326,
            45.3703821
          ],
          [
            -75.7037904,
            45.3703209
          ],
          [
            -75.703659,
            45.3702881
          ],
          [
            -75.7033865,
            45.3702189
          ],
          [
            -75.703044,
            45.3701315
          ],
          [
            -75.7027437,
            45.3700566
          ],
          [
            -75.7025087,
            45.369979
          ],
          [
            -75.7024607,
            45.3699605
          ],
          [
            -75.7024059,
            45.3699333
          ],
          [
            -75.7023048,
            45.369886
          ],
          [
            -75.7022409,
            45.3698515
          ],
          [
            -75.7022005,
            45.3698293
          ],
          [
            -75.7021134,
            45.3697778
          ],
          [
            -75.7019376,
            45.3696617
          ],
          [
            -75.7017785,
            45.369517
          ],
          [
            -75.7017385,
            45.3694708
          ],
          [
            -75.7016522,
            45.3693709
          ],
          [
            -75.7016204,
            45.3693342
          ],
          [
            -75.7015977,
            45.3693021
          ]
        ]
      }
    },
    {
      "type": "Feature",
      "properties": {
        "u": 901780538,
        "v": 901772290,
        "key": 0,
        "osmid": "[1396740344, 76505719]",
        "highway": "primary",
        "lanes": "3",
        "maxspeed": "50",
        "name": "Prince Of Wales Drive",
        "oneway": false,
        "reversed": "False",
        "length": 49.5515606731481,
        "ref": "73",
        "tunnel": "",
        "bridge": "",
        "width": "",
        "access": "",
        "junction": ""
      },
      "geometry": {
        "type": "LineString",
        "coordinates": [
          [
            -75.7044528,
            45.3704981
          ],
          [
            -75.704585,
            45.3705424
          ],
          [
            -75.7046161,
            45.3705528
          ],
          [
            -75.7048635,
            45.3706395
          ],
          [
            -75.70502,
            45.3706975
          ]
        ]
      }
    },
    {
      "type": "Feature",
      "properties": {
        "u": 901780974,
        "v": 905128277,
        "key": 0,
        "osmid": 76505727,
        "highway": "secondary",
        "lanes": "3",
        "maxspeed": "60",
        "name": "Hog's Back Road",
        "oneway": false,
        "reversed": "True",
        "length": 25.904655019160572,
        "ref": "51",
        "tunnel": "",
        "bridge": "",
        "width": "",
        "access": "",
        "junction": ""
      },
      "geometry": {
        "type": "LineString",
        "coordinates": [
          [
            -75.698194,
            45.3700105
          ],
          [
            -75.698271,
            45.3699745
          ],
          [
            -75.6984625,
            45.3698739
          ]
        ]
      }
    },
    {
      "type": "Feature",
      "properties": {
        "u": 901780974,
        "v": 905128962,
        "key": 0,
        "osmid": 76505801,
        "highway": "secondary",
        "lanes": "2",
        "maxspeed": "60",
        "name": "Colonel By Drive",
        "oneway": false,
        "reversed": "False",
        "length": 29.763088381351814,
        "ref": "",
        "tunnel": "",
        "bridge": "",
        "width": "",
        "access": "",
        "junction": ""
      },
      "geometry": {
        "type": "LineString",
        "coordinates": [
          [
            -75.698194,
            45.3700105
          ],
          [
            -75.698265,
            45.3700598
          ],
          [
            -75.6984645,
            45.370199
          ]
        ]
      }
    },
    {
      "type": "Feature",
      "properties": {
        "u": 901780974,
        "v": 901794084,
        "key": 0,
        "osmid": 76506646,
        "highway": "secondary",
        "lanes": "2",
        "maxspeed": "60",
        "name": "Hog's Back Road",
        "oneway": false,
        "reversed": "False",
        "length": 63.58628807979625,
        "ref": "51",
        "tunnel": "",
        "bridge": "",
        "width": "",
        "access": "",
        "junction": ""
      },
      "geometry": {
        "type": "LineString",
        "coordinates": [
          [
            -75.698194,
            45.3700105
          ],
          [
            -75.6981068,
            45.370053
          ],
          [
            -75.6980482,
            45.3700786
          ],
          [
            -75.6979121,
            45.3701402
          ],
          [
            -75.6975151,
            45.3703259
          ]
        ]
      }
    },
    {
      "type": "Feature",
      "properties": {
        "u": 901781330,
        "v": 901780538,
        "key": 0,
        "osmid": 76505056,
        "highway": "tertiary",
        "lanes": "2",
        "maxspeed": "50",
        "name": "Dynes Road",
        "oneway": false,
        "reversed": "False",
        "length": 99.39443164093696,
        "ref": "",
        "tunnel": "",
        "bridge": "",
        "width": "",
        "access": "",
        "junction": ""
      },
      "geometry": {
        "type": "LineString",
        "coordinates": [
          [
            -75.7053851,
            45.3699235
          ],
          [
            -75.7048397,
            45.3701693
          ],
          [
            -75.7046727,
            45.3702446
          ],
          [
            -75.7046232,
            45.3702779
          ],
          [
            -75.7045818,
            45.3703187
          ],
          [
            -75.7045511,
            45.3703607
          ],
          [
            -75.7045383,
            45.3703787
          ],
          [
            -75.7044528,
            45.3704981
          ]
        ]
      }
    },
    {
      "type": "Feature",
      "properties": {
        "u": 901781330,
        "v": 901789164,
        "key": 0,
        "osmid": 76506429,
        "highway": "residential",
        "lanes": "2",
        "maxspeed": "50",
        "name": "Morley Boulevard",
        "oneway": false,
        "reversed": "False",
        "length": 110.61099618046964,
        "ref": "",
        "tunnel": "",
        "bridge": "",
        "width": "",
        "access": "",
        "junction": ""
      },
      "geometry": {
        "type": "LineString",
        "coordinates": [
          [
            -75.7053851,
            45.3699235
          ],
          [
            -75.7054399,
            45.3699726
          ],
          [
            -75.7054593,
            45.3699902
          ],
          [
            -75.7057083,
            45.3702513
          ],
          [
            -75.705818,
            45.3703394
          ],
          [
            -75.7059574,
            45.3704124
          ],
          [
            -75.706418,
            45.3705623
          ]
        ]
      }
    },
    {
      "type": "Feature",
      "properties": {
        "u": 901782704,
        "v": 901791619,
        "key": 0,
        "osmid": 76505533,
        "highway": "secondary",
        "lanes": "4",
        "maxspeed": "50",
        "name": "Meadowlands Drive",
        "oneway": false,
        "reversed": "False",
        "length": 399.4042986153896,
        "ref": "51",
        "tunnel": "",
        "bridge": "",
        "width": "",
        "access": "",
        "junction": ""
      },
      "geometry": {
        "type": "LineString",
        "coordinates": [
          [
            -75.7069676,
            45.3650934
          ],
          [
            -75.706918,
            45.3651449
          ],
          [
            -75.7061161,
            45.3659617
          ],
          [
            -75.7060689,
            45.3659964
          ],
          [
            -75.7059695,
            45.3660696
          ],
          [
            -75.7058516,
            45.3661398
          ],
          [
            -75.7057659,
            45.3661908
          ],
          [
            -75.705223,
            45.3664669
          ],
          [
            -75.7051974,
            45.3664783
          ],
          [
            -75.7046008,
            45.3667759
          ],
          [
            -75.7039129,
            45.3671207
          ],
          [
            -75.7033036,
            45.3674262
          ],
          [
            -75.7032167,
            45.3674698
          ]
        ]
      }
    },
    {
      "type": "Feature",
      "properties": {
        "u": 901782704,
        "v": 901794604,
        "key": 0,
        "osmid": 76505653,
        "highway": "residential",
        "lanes": "2",
        "maxspeed": "50",
        "name": "Claymor Avenue",
        "oneway": false,
        "reversed": "False",
        "length": 125.95094454893103,
        "ref": "",
        "tunnel": "",
        "bridge": "",
        "width": "",
        "access": "",
        "junction": ""
      },
      "geometry": {
        "type": "LineString",
        "coordinates": [
          [
            -75.7069676,
            45.3650934
          ],
          [
            -75.7070798,
            45.3651446
          ],
          [
            -75.7073961,
            45.3652851
          ],
          [
            -75.7075099,
            45.3653669
          ],
          [
            -75.7078588,
            45.3659812
          ]
        ]
      }
    },
    {
      "type": "Feature",
      "properties": {
        "u": 901789164,
        "v": 901781330,
        "key": 0,
        "osmid": 76506429,
        "highway": "residential",
        "lanes": "2",
        "maxspeed": "50",
        "name": "Morley Boulevard",
        "oneway": false,
        "reversed": "True",
        "length": 110.61099618046964,
        "ref": "",
        "tunnel": "",
        "bridge": "",
        "width": "",
        "access": "",
        "junction": ""
      },
      "geometry": {
        "type": "LineString",
        "coordinates": [
          [
            -75.706418,
            45.3705623
          ],
          [
            -75.7059574,
            45.3704124
          ],
          [
            -75.705818,
            45.3703394
          ],
          [
            -75.7057083,
            45.3702513
          ],
          [
            -75.7054593,
            45.3699902
          ],
          [
            -75.7054399,
            45.3699726
          ],
          [
            -75.7053851,
            45.3699235
          ]
        ]
      }
    },
    {
      "type": "Feature",
      "properties": {
        "u": 901790193,
        "v": 901797647,
        "key": 0,
        "osmid": 76506134,
        "highway": "residential",
        "lanes": "2",
        "maxspeed": "",
        "name": "Maryland Avenue",
        "oneway": false,
        "reversed": "True",
        "length": 117.71175660142892,
        "ref": "",
        "tunnel": "",
        "bridge": "",
        "width": "",
        "access": "",
        "junction": ""
      },
      "geometry": {
        "type": "LineString",
        "coordinates": [
          [
            -75.7022465,
            45.3719177
          ],
          [
            -75.7035573,
            45.3713955
          ]
        ]
      }
    },
    {
      "type": "Feature",
      "properties": {
        "u": 901790295,
        "v": 901797647,
        "key": 0,
        "osmid": 76505234,
        "highway": "residential",
        "lanes": "2",
        "maxspeed": "",
        "name": "Lampman Crescent",
        "oneway": false,
        "reversed": "True",
        "length": 332.2336153936735,
        "ref": "",
        "tunnel": "",
        "bridge": "",
        "width": "",
        "access": "",
        "junction": ""
      },
      "geometry": {
        "type": "LineString",
        "coordinates": [
          [
            -75.7025199,
            45.3725008
          ],
          [
            -75.7029315,
            45.3731309
          ],
          [
            -75.7030454,
            45.3731439
          ],
          [
            -75.703163,
            45.3731115
          ],
          [
            -75.7041428,
            45.3724345
          ],
          [
            -75.7042087,
            45.3722909
          ],
          [
            -75.7041467,
            45.3721555
          ],
          [
            -75.703909,
            45.3718119
          ],
          [
            -75.7035573,
            45.3713955
          ]
        ]
      }
    },
    {
      "type": "Feature",
      "properties": {
        "u": 901790794,
        "v": 4526484442,
        "key": 0,
        "osmid": 456386486,
        "highway": "primary",
        "lanes": "2",
        "maxspeed": "50",
        "name": "Prince Of Wales Drive",
        "oneway": false,
        "reversed": "False",
        "length": 6.021054126816766,
        "ref": "",
        "tunnel": "",
        "bridge": "",
        "width": "",
        "access": "",
        "junction": ""
      },
      "geometry": {
        "type": "LineString",
        "coordinates": [
          [
            -75.7009909,
            45.3671051
          ],
          [
            -75.7010008,
            45.3671588
          ]
        ]
      }
    },
    {
      "type": "Feature",
      "properties": {
        "u": 901790794,
        "v": 901791675,
        "key": 0,
        "osmid": 76505217,
        "highway": "residential",
        "lanes": "2",
        "maxspeed": "",
        "name": "Nesbitt Place",
        "oneway": false,
        "reversed": "False",
        "length": 159.99928067181796,
        "ref": "",
        "tunnel": "",
        "bridge": "",
        "width": "",
        "access": "",
        "junction": ""
      },
      "geometry": {
        "type": "LineString",
        "coordinates": [
          [
            -75.7009909,
            45.3671051
          ],
          [
            -75.7008821,
            45.3671464
          ],
          [
            -75.700841,
            45.3671604
          ],
          [
            -75.700667,
            45.3672179
          ],
          [
            -75.7002703,
            45.3674167
          ],
          [
            -75.6997285,
            45.3676883
          ],
          [
            -75.6994077,
            45.367803
          ],
          [
            -75.6992413,
            45.3678379
          ]
        ]
      }
    },
    {
      "type": "Feature",
      "properties": {
        "u": 901790794,
        "v": 901801529,
        "key": 0,
        "osmid": 76506843,
        "highway": "primary",
        "lanes": "2",
        "maxspeed": "50",
        "name": "Prince Of Wales Drive",
        "oneway": false,
        "reversed": "True",
        "length": 166.99752250402082,
        "ref": "73",
        "tunnel": "",
        "bridge": "",
        "width": "",
        "access": "",
        "junction": ""
      },
      "geometry": {
        "type": "LineString",
        "coordinates": [
          [
            -75.7009909,
            45.3671051
          ],
          [
            -75.7009278,
            45.3666935
          ],
          [
            -75.7007619,
            45.3656119
          ]
        ]
      }
    },
    {
      "type": "Feature",
      "properties": {
        "u": 901791034,
        "v": 905128928,
        "key": 0,
        "osmid": 76505449,
        "highway": "primary",
        "lanes": "4",
        "maxspeed": "50",
        "name": "Prince Of Wales Drive",
        "oneway": true,
        "reversed": "False",
        "length": 41.21466032100886,
        "ref": "73",
        "tunnel": "",
        "bridge": "",
        "width": "",
        "access": "",
        "junction": ""
      },
      "geometry": {
        "type": "LineString",
        "coordinates": [
          [
            -75.7078168,
            45.3741629
          ],
          [
            -75.7075848,
            45.3744958
          ]
        ]
      }
    },
    {
      "type": "Feature",
      "properties": {
        "u": 901791034,
        "v": 901801021,
        "key": 0,
        "osmid": 76506466,
        "highway": "secondary_link",
        "lanes": "2",
        "maxspeed": "",
        "name": "",
        "oneway": false,
        "reversed": "False",
        "length": 10.641113648459674,
        "ref": "",
        "tunnel": "",
        "bridge": "",
        "width": "",
        "access": "",
        "junction": ""
      },
      "geometry": {
        "type": "LineString",
        "coordinates": [
          [
            -75.7078168,
            45.3741629
          ],
          [
            -75.7079368,
            45.3742082
          ]
        ]
      }
    },
    {
      "type": "Feature",
      "properties": {
        "u": 901791155,
        "v": 901795417,
        "key": 0,
        "osmid": 76505478,
        "highway": "residential",
        "lanes": "2",
        "maxspeed": "",
        "name": "Villa Crescent",
        "oneway": false,
        "reversed": "False",
        "length": 206.9798407355654,
        "ref": "",
        "tunnel": "",
        "bridge": "",
        "width": "",
        "access": "",
        "junction": ""
      },
      "geometry": {
        "type": "LineString",
        "coordinates": [
          [
            -75.7077055,
            45.3717362
          ],
          [
            -75.7076328,
            45.3717776
          ],
          [
            -75.7076107,
            45.3717897
          ],
          [
            -75.7075602,
            45.3718193
          ],
          [
            -75.7075035,
            45.3718446
          ],
          [
            -75.7056594,
            45.3726679
          ],
          [
            -75.7054533,
            45.3726968
          ]
        ]
      }
    },
    {
      "type": "Feature",
      "properties": {
        "u": 901791155,
        "v": 901772290,
        "key": 0,
        "osmid": "[1396740345, 76505799]",
        "highway": "primary",
        "lanes": "[\"3\", \"2\"]",
        "maxspeed": "50",
        "name": "Prince Of Wales Drive",
        "oneway": false,
        "reversed": "True",
        "length": 239.7874567444875,
        "ref": "73",
        "tunnel": "",
        "bridge": "",
        "width": "",
        "access": "",
        "junction": ""
      },
      "geometry": {
        "type": "LineString",
        "coordinates": [
          [
            -75.7077055,
            45.3717362
          ],
          [
            -75.7075755,
            45.3716618
          ],
          [
            -75.7074646,
            45.371609
          ],
          [
            -75.7073312,
            45.3715514
          ],
          [
            -75.7068683,
            45.3713766
          ],
          [
            -75.7064243,
            45.3712135
          ],
          [
            -75.7058481,
            45.3710066
          ],
          [
            -75.7054802,
            45.370869
          ],
          [
            -75.70502,
            45.3706975
          ]
        ]
      }
    },
    {
      "type": "Feature",
      "properties": {
        "u": 901791177,
        "v": 901793881,
        "key": 0,
        "osmid": 76504887,
        "highway": "residential",
        "lanes": "2",
        "maxspeed": "50",
        "name": "Bellamy Street",
        "oneway": false,
        "reversed": "False",
        "length": 183.0792261953571,
        "ref": "",
        "tunnel": "",
        "bridge": "",
        "width": "",
        "access": "",
        "junction": ""
      },
      "geometry": {
        "type": "LineString",
        "coordinates": [
          [
            -75.7069617,
            45.3664316
          ],
          [
            -75.7070428,
            45.3665129
          ],
          [
            -75.7078521,
            45.3678974
          ],
          [
            -75.7078794,
            45.3679441
          ]
        ]
      }
    },
    {
      "type": "Feature",
      "properties": {
        "u": 901791177,
        "v": 901794604,
        "key": 0,
        "osmid": 76506628,
        "highway": "residential",
        "lanes": "2",
        "maxspeed": "50",
        "name": "Debra Avenue",
        "oneway": false,
        "reversed": "True",
        "length": 87.48702626541964,
        "ref": "",
        "tunnel": "",
        "bridge": "",
        "width": "",
        "access": "",
        "junction": ""
      },
      "geometry": {
        "type": "LineString",
        "coordinates": [
          [
            -75.7069617,
            45.3664316
          ],
          [
            -75.7072813,
            45.3661932
          ],
          [
            -75.7075397,
            45.3660774
          ],
          [
            -75.7077632,
            45.36601
          ],
          [
            -75.7078588,
            45.3659812
          ]
        ]
      }
    },
    {
      "type": "Feature",
      "properties": {
        "u": 901791177,
        "v": 901791619,
        "key": 0,
        "osmid": "[459143282, 76506956]",
        "highway": "residential",
        "lanes": "2",
        "maxspeed": "50",
        "name": "Debra Avenue",
        "oneway": false,
        "reversed": "False",
        "length": 396.36033541829977,
        "ref": "",
        "tunnel": "",
        "bridge": "",
        "width": "",
        "access": "",
        "junction": ""
      },
      "geometry": {
        "type": "LineString",
        "coordinates": [
          [
            -75.7069617,
            45.3664316
          ],
          [
            -75.7065337,
            45.3667388
          ],
          [
            -75.7064169,
            45.3668018
          ],
          [
            -75.7062517,
            45.3668929
          ],
          [
            -75.706227,
            45.3669081
          ],
          [
            -75.7060548,
            45.3670158
          ],
          [
            -75.705914,
            45.3672095
          ],
          [
            -75.705811,
            45.3672718
          ],
          [
            -75.7057453,
            45.3673065
          ],
          [
            -75.7057107,
            45.3673248
          ],
          [
            -75.7053182,
            45.3675121
          ],
          [
            -75.7049757,
            45.3676721
          ],
          [
            -75.7045858,
            45.3678645
          ],
          [
            -75.7044102,
            45.3679536
          ],
          [
            -75.7042187,
            45.3680646
          ],
          [
            -75.7040631,
            45.3681055
          ],
          [
            -75.7039611,
            45.3680958
          ],
          [
            -75.7039048,
            45.3680843
          ],
          [
            -75.7038595,
            45.3680591
          ],
          [
            -75.703556,
            45.3677983
          ],
          [
            -75.7033026,
            45.3675426
          ],
          [
            -75.7032167,
            45.3674698
          ]
        ]
      }
    },
    {
      "type": "Feature",
      "properties": {
        "u": 901791619,
        "v": 901782704,
        "key": 0,
        "osmid": 76505533,
        "highway": "secondary",
        "lanes": "4",
        "maxspeed": "50",
        "name": "Meadowlands Drive",
        "oneway": false,
        "reversed": "True",
        "length": 399.4042986153896,
        "ref": "51",
        "tunnel": "",
        "bridge": "",
        "width": "",
        "access": "",
        "junction": ""
      },
      "geometry": {
        "type": "LineString",
        "coordinates": [
          [
            -75.7032167,
            45.3674698
          ],
          [
            -75.7033036,
            45.3674262
          ],
          [
            -75.7039129,
            45.3671207
          ],
          [
            -75.7046008,
            45.3667759
          ],
          [
            -75.7051974,
            45.3664783
          ],
          [
            -75.705223,
            45.3664669
          ],
          [
            -75.7057659,
            45.3661908
          ],
          [
            -75.7058516,
            45.3661398
          ],
          [
            -75.7059695,
            45.3660696
          ],
          [
            -75.7060689,
            45.3659964
          ],
          [
            -75.7061161,
            45.3659617
          ],
          [
            -75.706918,
            45.3651449
          ],
          [
            -75.7069676,
            45.3650934
          ]
        ]
      }
    },
    {
      "type": "Feature",
      "properties": {
        "u": 901791619,
        "v": 901791177,
        "key": 0,
        "osmid": "[459143282, 76506956]",
        "highway": "residential",
        "lanes": "2",
        "maxspeed": "50",
        "name": "Debra Avenue",
        "oneway": false,
        "reversed": "True",
        "length": 396.36033541829977,
        "ref": "",
        "tunnel": "",
        "bridge": "",
        "width": "",
        "access": "",
        "junction": ""
      },
      "geometry": {
        "type": "LineString",
        "coordinates": [
          [
            -75.7032167,
            45.3674698
          ],
          [
            -75.7033026,
            45.3675426
          ],
          [
            -75.703556,
            45.3677983
          ],
          [
            -75.7038595,
            45.3680591
          ],
          [
            -75.7039048,
            45.3680843
          ],
          [
            -75.7039611,
            45.3680958
          ],
          [
            -75.7040631,
            45.3681055
          ],
          [
            -75.7042187,
            45.3680646
          ],
          [
            -75.7044102,
            45.3679536
          ],
          [
            -75.7045858,
            45.3678645
          ],
          [
            -75.7049757,
            45.3676721
          ],
          [
            -75.7053182,
            45.3675121
          ],
          [
            -75.7057107,
            45.3673248
          ],
          [
            -75.7057453,
            45.3673065
          ],
          [
            -75.705811,
            45.3672718
          ],
          [
            -75.705914,
            45.3672095
          ],
          [
            -75.7060548,
            45.3670158
          ],
          [
            -75.706227,
            45.3669081
          ],
          [
            -75.7062517,
            45.3668929
          ],
          [
            -75.7064169,
            45.3668018
          ],
          [
            -75.7065337,
            45.3667388
          ],
          [
            -75.7069617,
            45.3664316
          ]
        ]
      }
    },
    {
      "type": "Feature",
      "properties": {
        "u": 901791619,
        "v": 4526484439,
        "key": 0,
        "osmid": "[459143280, 459143281]",
        "highway": "secondary",
        "lanes": "4",
        "maxspeed": "50",
        "name": "Meadowlands Drive",
        "oneway": false,
        "reversed": "False",
        "length": 71.65319777948632,
        "ref": "51",
        "tunnel": "",
        "bridge": "",
        "width": "",
        "access": "",
        "junction": ""
      },
      "geometry": {
        "type": "LineString",
        "coordinates": [
          [
            -75.7032167,
            45.3674698
          ],
          [
            -75.7031084,
            45.367525
          ],
          [
            -75.7030238,
            45.367565
          ],
          [
            -75.7028345,
            45.3676677
          ],
          [
            -75.70267,
            45.3677528
          ],
          [
            -75.7025994,
            45.3677894
          ],
          [
            -75.7024775,
            45.3678511
          ]
        ]
      }
    },
    {
      "type": "Feature",
      "properties": {
        "u": 901791675,
        "v": 901790794,
        "key": 0,
        "osmid": 76505217,
        "highway": "residential",
        "lanes": "2",
        "maxspeed": "",
        "name": "Nesbitt Place",
        "oneway": false,
        "reversed": "True",
        "length": 159.99928067181796,
        "ref": "",
        "tunnel": "",
        "bridge": "",
        "width": "",
        "access": "",
        "junction": ""
      },
      "geometry": {
        "type": "LineString",
        "coordinates": [
          [
            -75.6992413,
            45.3678379
          ],
          [
            -75.6994077,
            45.367803
          ],
          [
            -75.6997285,
            45.3676883
          ],
          [
            -75.7002703,
            45.3674167
          ],
          [
            -75.700667,
            45.3672179
          ],
          [
            -75.700841,
            45.3671604
          ],
          [
            -75.7008821,
            45.3671464
          ],
          [
            -75.7009909,
            45.3671051
          ]
        ]
      }
    },
    {
      "type": "Feature",
      "properties": {
        "u": 901792674,
        "v": 901794135,
        "key": 0,
        "osmid": 496593428,
        "highway": "residential",
        "lanes": "2",
        "maxspeed": "",
        "name": "Melfa Circle",
        "oneway": false,
        "reversed": "True",
        "length": 72.90561903468709,
        "ref": "",
        "tunnel": "",
        "bridge": "",
        "width": "",
        "access": "",
        "junction": ""
      },
      "geometry": {
        "type": "LineString",
        "coordinates": [
          [
            -75.6992576,
            45.3666714
          ],
          [
            -75.6991094,
            45.3662685
          ],
          [
            -75.6990241,
            45.3660366
          ]
        ]
      }
    },
    {
      "type": "Feature",
      "properties": {
        "u": 901793099,
        "v": 901801173,
        "key": 0,
        "osmid": 76504871,
        "highway": "primary_link",
        "lanes": "2",
        "maxspeed": "",
        "name": "",
        "oneway": false,
        "reversed": "False",
        "length": 14.142441321132345,
        "ref": "",
        "tunnel": "",
        "bridge": "",
        "width": "",
        "access": "",
        "junction": ""
      },
      "geometry": {
        "type": "LineString",
        "coordinates": [
          [
            -75.690555,
            45.3706947
          ],
          [
            -75.6903779,
            45.3707211
          ]
        ]
      }
    },
    {
      "type": "Feature",
      "properties": {
        "u": 901793099,
        "v": 901801933,
        "key": 0,
        "osmid": "[338409506, 338409509, 76506577, 600507766, 600507767]",
        "highway": "primary",
        "lanes": "[\"3\", \"4\", \"2\"]",
        "maxspeed": "60",
        "name": "Riverside Drive",
        "oneway": true,
        "reversed": "False",
        "length": 356.8019588667537,
        "ref": "19",
        "tunnel": "",
        "bridge": "",
        "width": "",
        "access": "",
        "junction": ""
      },
      "geometry": {
        "type": "LineString",
        "coordinates": [
          [
            -75.690555,
            45.3706947
          ],
          [
            -75.6902204,
            45.3695479
          ],
          [
            -75.6899919,
            45.3687519
          ],
          [
            -75.6898851,
            45.3683588
          ],
          [
            -75.689779,
            45.3679427
          ],
          [
            -75.6897092,
            45.3677034
          ],
          [
            -75.6896931,
            45.367642
          ],
          [
            -75.689669,
            45.367547
          ]
        ]
      }
    },
    {
      "type": "Feature",
      "properties": {
        "u": 901793881,
        "v": 901791177,
        "key": 0,
        "osmid": 76504887,
        "highway": "residential",
        "lanes": "2",
        "maxspeed": "50",
        "name": "Bellamy Street",
        "oneway": false,
        "reversed": "True",
        "length": 183.0792261953571,
        "ref": "",
        "tunnel": "",
        "bridge": "",
        "width": "",
        "access": "",
        "junction": ""
      },
      "geometry": {
        "type": "LineString",
        "coordinates": [
          [
            -75.7078794,
            45.3679441
          ],
          [
            -75.7078521,
            45.3678974
          ],
          [
            -75.7070428,
            45.3665129
          ],
          [
            -75.7069617,
            45.3664316
          ]
        ]
      }
    },
    {
      "type": "Feature",
      "properties": {
        "u": 901793881,
        "v": 901797053,
        "key": 0,
        "osmid": 76505526,
        "highway": "residential",
        "lanes": "2",
        "maxspeed": "50",
        "name": "Eiffel Avenue",
        "oneway": false,
        "reversed": "False",
        "length": 75.22509703103708,
        "ref": "",
        "tunnel": "",
        "bridge": "",
        "width": "",
        "access": "",
        "junction": ""
      },
      "geometry": {
        "type": "LineString",
        "coordinates": [
          [
            -75.7078794,
            45.3679441
          ],
          [
            -75.7072371,
            45.3682297
          ],
          [
            -75.7070453,
            45.368276
          ]
        ]
      }
    },
    {
      "type": "Feature",
      "properties": {
        "u": 901794084,
        "v": 905128776,
        "key": 0,
        "osmid": "[76505328, 76505307, 76505380, 76506173]",
        "highway": "secondary",
        "lanes": "2",
        "maxspeed": "60",
        "name": "Hog's Back Road",
        "oneway": false,
        "reversed": "False",
        "length": 557.3192826242159,
        "ref": "51",
        "tunnel": "",
        "bridge": "yes",
        "width": "",
        "access": "",
        "junction": ""
      },
      "geometry": {
        "type": "LineString",
        "coordinates": [
          [
            -75.6975151,
            45.3703259
          ],
          [
            -75.6969737,
            45.3705781
          ],
          [
            -75.696031,
            45.3710317
          ],
          [
            -75.6955321,
            45.3712802
          ],
          [
            -75.6953757,
            45.3713596
          ],
          [
            -75.6950178,
            45.3715599
          ],
          [
            -75.6949504,
            45.3715965
          ],
          [
            -75.6948802,
            45.3716405
          ],
          [
            -75.6937652,
            45.3723395
          ],
          [
            -75.6933848,
            45.3725578
          ],
          [
            -75.6929911,
            45.3727313
          ],
          [
            -75.6926986,
            45.3728321
          ],
          [
            -75.6923796,
            45.3729188
          ],
          [
            -75.6920236,
            45.3729892
          ],
          [
            -75.6916181,
            45.373044
          ]
        ]
      }
    },
    {
      "type": "Feature",
      "properties": {
        "u": 901794084,
        "v": 901780974,
        "key": 0,
        "osmid": 76506646,
        "highway": "secondary",
        "lanes": "2",
        "maxspeed": "60",
        "name": "Hog's Back Road",
        "oneway": false,
        "reversed": "True",
        "length": 63.58628807979625,
        "ref": "51",
        "tunnel": "",
        "bridge": "",
        "width": "",
        "access": "",
        "junction": ""
      },
      "geometry": {
        "type": "LineString",
        "coordinates": [
          [
            -75.6975151,
            45.3703259
          ],
          [
            -75.6979121,
            45.3701402
          ],
          [
            -75.6980482,
            45.3700786
          ],
          [
            -75.6981068,
            45.370053
          ],
          [
            -75.698194,
            45.3700105
          ]
        ]
      }
    },
    {
      "type": "Feature",
      "properties": {
        "u": 901794084,
        "v": 905128962,
        "key": 0,
        "osmid": 76844109,
        "highway": "secondary_link",
        "lanes": "1",
        "maxspeed": "",
        "name": "",
        "oneway": true,
        "reversed": "False",
        "length": 78.58738145858685,
        "ref": "",
        "tunnel": "",
        "bridge": "",
        "width": "",
        "access": "",
        "junction": ""
      },
      "geometry": {
        "type": "LineString",
        "coordinates": [
          [
            -75.6975151,
            45.3703259
          ],
          [
            -75.69796,
            45.3701848
          ],
          [
            -75.6981389,
            45.3701551
          ],
          [
            -75.6981657,
            45.3701533
          ],
          [
            -75.6982456,
            45.3701565
          ],
          [
            -75.6984645,
            45.370199
          ]
        ]
      }
    },
    {
      "type": "Feature",
      "properties": {
        "u": 901794135,
        "v": 901794221,
        "key": 0,
        "osmid": 76505389,
        "highway": "residential",
        "lanes": "2",
        "maxspeed": "",
        "name": "Melfa Crescent",
        "oneway": false,
        "reversed": "True",
        "length": 15.202505052491155,
        "ref": "",
        "tunnel": "",
        "bridge": "",
        "width": "",
        "access": "",
        "junction": ""
      },
      "geometry": {
        "type": "LineString",
        "coordinates": [
          [
            -75.6990241,
            45.3660366
          ],
          [
            -75.6992036,
            45.3659838
          ]
        ]
      }
    },
    {
      "type": "Feature",
      "properties": {
        "u": 901794135,
        "v": 901792674,
        "key": 0,
        "osmid": 496593428,
        "highway": "residential",
        "lanes": "2",
        "maxspeed": "",
        "name": "Melfa Circle",
        "oneway": false,
        "reversed": "False",
        "length": 72.90561903468709,
        "ref": "",
        "tunnel": "",
        "bridge": "",
        "width": "",
        "access": "",
        "junction": ""
      },
      "geometry": {
        "type": "LineString",
        "coordinates": [
          [
            -75.6990241,
            45.3660366
          ],
          [
            -75.6991094,
            45.3662685
          ],
          [
            -75.6992576,
            45.3666714
          ]
        ]
      }
    },
    {
      "type": "Feature",
      "properties": {
        "u": 901794178,
        "v": 4526484436,
        "key": 0,
        "osmid": 456386485,
        "highway": "primary",
        "lanes": "3",
        "maxspeed": "50",
        "name": "Prince Of Wales Drive",
        "oneway": true,
        "reversed": "False",
        "length": 9.527748041646543,
        "ref": "73",
        "tunnel": "",
        "bridge": "",
        "width": "",
        "access": "",
        "junction": ""
      },
      "geometry": {
        "type": "LineString",
        "coordinates": [
          [
            -75.7011221,
            45.3683605
          ],
          [
            -75.7011482,
            45.3684442
          ]
        ]
      }
    },
    {
      "type": "Feature",
      "properties": {
        "u": 901794178,
        "v": 4526484432,
        "key": 0,
        "osmid": 456386488,
        "highway": "secondary",
        "lanes": "2",
        "maxspeed": "50",
        "name": "Hog's Back Road",
        "oneway": true,
        "reversed": "False",
        "length": 97.78898092757396,
        "ref": "51",
        "tunnel": "",
        "bridge": "",
        "width": "",
        "access": "",
        "junction": ""
      },
      "geometry": {
        "type": "LineString",
        "coordinates": [
          [
            -75.7011221,
            45.3683605
          ],
          [
            -75.7010135,
            45.368405
          ],
          [
            -75.7006357,
            45.3685621
          ],
          [
            -75.7005086,
            45.3686222
          ],
          [
            -75.7002897,
            45.3687576
          ],
          [
            -75.7001578,
            45.3689003
          ]
        ]
      }
    },
    {
      "type": "Feature",
      "properties": {
        "u": 901794221,
        "v": 901794135,
        "key": 0,
        "osmid": 76505389,
        "highway": "residential",
        "lanes": "2",
        "maxspeed": "",
        "name": "Melfa Crescent",
        "oneway": false,
        "reversed": "False",
        "length": 15.202505052491155,
        "ref": "",
        "tunnel": "",
        "bridge": "",
        "width": "",
        "access": "",
        "junction": ""
      },
      "geometry": {
        "type": "LineString",
        "coordinates": [
          [
            -75.6992036,
            45.3659838
          ],
          [
            -75.6990241,
            45.3660366
          ]
        ]
      }
    },
    {
      "type": "Feature",
      "properties": {
        "u": 901794221,
        "v": 901801529,
        "key": 0,
        "osmid": 76505989,
        "highway": "residential",
        "lanes": "2",
        "maxspeed": "",
        "name": "Melfa Crescent",
        "oneway": false,
        "reversed": "True",
        "length": 128.77445007340867,
        "ref": "",
        "tunnel": "",
        "bridge": "",
        "width": "",
        "access": "",
        "junction": ""
      },
      "geometry": {
        "type": "LineString",
        "coordinates": [
          [
            -75.6992036,
            45.3659838
          ],
          [
            -75.6993484,
            45.3659476
          ],
          [
            -75.7000407,
            45.3657743
          ],
          [
            -75.7006323,
            45.3656262
          ],
          [
            -75.7006546,
            45.3656206
          ],
          [
            -75.7007619,
            45.3656119
          ]
        ]
      }
    },
    {
      "type": "Feature",
      "properties": {
        "u": 901794604,
        "v": 901782704,
        "key": 0,
        "osmid": 76505653,
        "highway": "residential",
        "lanes": "2",
        "maxspeed": "50",
        "name": "Claymor Avenue",
        "oneway": false,
        "reversed": "True",
        "length": 125.950944548931,
        "ref": "",
        "tunnel": "",
        "bridge": "",
        "width": "",
        "access": "",
        "junction": ""
      },
      "geometry": {
        "type": "LineString",
        "coordinates": [
          [
            -75.7078588,
            45.3659812
          ],
          [
            -75.7075099,
            45.3653669
          ],
          [
            -75.7073961,
            45.3652851
          ],
          [
            -75.7070798,
            45.3651446
          ],
          [
            -75.7069676,
            45.3650934
          ]
        ]
      }
    },
    {
      "type": "Feature",
      "properties": {
        "u": 901794604,
        "v": 901791177,
        "key": 0,
        "osmid": 76506628,
        "highway": "residential",
        "lanes": "2",
        "maxspeed": "50",
        "name": "Debra Avenue",
        "oneway": false,
        "reversed": "False",
        "length": 87.48702626541964,
        "ref": "",
        "tunnel": "",
        "bridge": "",
        "width": "",
        "access": "",
        "junction": ""
      },
      "geometry": {
        "type": "LineString",
        "coordinates": [
          [
            -75.7078588,
            45.3659812
          ],
          [
            -75.7077632,
            45.36601
          ],
          [
            -75.7075397,
            45.3660774
          ],
          [
            -75.7072813,
            45.3661932
          ],
          [
            -75.7069617,
            45.3664316
          ]
        ]
      }
    },
    {
      "type": "Feature",
      "properties": {
        "u": 901795386,
        "v": 901796899,
        "key": 0,
        "osmid": 76506257,
        "highway": "secondary",
        "lanes": "4",
        "maxspeed": "50",
        "name": "Brookfield Road",
        "oneway": false,
        "reversed": "True",
        "length": 14.884507823352283,
        "ref": "51",
        "tunnel": "",
        "bridge": "",
        "width": "",
        "access": "",
        "junction": ""
      },
      "geometry": {
        "type": "LineString",
        "coordinates": [
          [
            -75.6908579,
            45.3730837
          ],
          [
            -75.691048,
            45.3730745
          ]
        ]
      }
    },
    {
      "type": "Feature",
      "properties": {
        "u": 901795386,
        "v": 905125114,
        "key": 0,
        "osmid": 76505155,
        "highway": "secondary",
        "lanes": "3",
        "maxspeed": "50",
        "name": "Brookfield Road",
        "oneway": false,
        "reversed": "False",
        "length": 52.39407443878403,
        "ref": "51",
        "tunnel": "",
        "bridge": "",
        "width": "",
        "access": "",
        "junction": ""
      },
      "geometry": {
        "type": "LineString",
        "coordinates": [
          [
            -75.6908579,
            45.3730837
          ],
          [
            -75.6907333,
            45.3730938
          ],
          [
            -75.6906846,
            45.3730964
          ],
          [
            -75.6901896,
            45.3731233
          ]
        ]
      }
    },
    {
      "type": "Feature",
      "properties": {
        "u": 901795386,
        "v": 905125000,
        "key": 0,
        "osmid": 335817665,
        "highway": "primary",
        "lanes": "3",
        "maxspeed": "60",
        "name": "Riverside Drive",
        "oneway": true,
        "reversed": "False",
        "length": 33.36163704471117,
        "ref": "19",
        "tunnel": "",
        "bridge": "",
        "width": "",
        "access": "",
        "junction": ""
      },
      "geometry": {
        "type": "LineString",
        "coordinates": [
          [
            -75.6908579,
            45.3730837
          ],
          [
            -75.6908674,
            45.3731605
          ],
          [
            -75.6908949,
            45.3733826
          ]
        ]
      }
    },
    {
      "type": "Feature",
      "properties": {
        "u": 901795417,
        "v": 901791155,
        "key": 0,
        "osmid": 76505478,
        "highway": "residential",
        "lanes": "2",
        "maxspeed": "",
        "name": "Villa Crescent",
        "oneway": false,
        "reversed": "True",
        "length": 206.97984073556543,
        "ref": "",
        "tunnel": "",
        "bridge": "",
        "width": "",
        "access": "",
        "junction": ""
      },
      "geometry": {
        "type": "LineString",
        "coordinates": [
          [
            -75.7054533,
            45.3726968
          ],
          [
            -75.7056594,
            45.3726679
          ],
          [
            -75.7075035,
            45.3718446
          ],
          [
            -75.7075602,
            45.3718193
          ],
          [
            -75.7076107,
            45.3717897
          ],
          [
            -75.7076328,
            45.3717776
          ],
          [
            -75.7077055,
            45.3717362
          ]
        ]
      }
    },
    {
      "type": "Feature",
      "properties": {
        "u": 901796888,
        "v": 901801574,
        "key": 0,
        "osmid": 76506491,
        "highway": "tertiary",
        "lanes": "2",
        "maxspeed": "",
        "name": "Ridgewood Avenue",
        "oneway": false,
        "reversed": "False",
        "length": 38.552969610651374,
        "ref": "",
        "tunnel": "",
        "bridge": "",
        "width": "",
        "access": "",
        "junction": ""
      },
      "geometry": {
        "type": "LineString",
        "coordinates": [
          [
            -75.6895211,
            45.3675596
          ],
          [
            -75.6894117,
            45.3675715
          ],
          [
            -75.6890315,
            45.3676028
          ]
        ]
      }
    },
    {
      "type": "Feature",
      "properties": {
        "u": 901796888,
        "v": 901801933,
        "key": 0,
        "osmid": 76506850,
        "highway": "tertiary",
        "lanes": "2",
        "maxspeed": "40",
        "name": "Ridgewood Avenue",
        "oneway": false,
        "reversed": "True",
        "length": 11.640134440925456,
        "ref": "",
        "tunnel": "",
        "bridge": "",
        "width": "",
        "access": "",
        "junction": ""
      },
      "geometry": {
        "type": "LineString",
        "coordinates": [
          [
            -75.6895211,
            45.3675596
          ],
          [
            -75.6896127,
            45.3675526
          ],
          [
            -75.689669,
            45.367547
          ]
        ]
      }
    },
    {
      "type": "Feature",
      "properties": {
        "u": 901796888,
        "v": 905125076,
        "key": 0,
        "osmid": 338409508,
        "highway": "primary",
        "lanes": "2",
        "maxspeed": "60",
        "name": "Riverside Drive",
        "oneway": true,
        "reversed": "False",
        "length": 37.61586054862447,
        "ref": "19",
        "tunnel": "",
        "bridge": "",
        "width": "",
        "access": "",
        "junction": ""
      },
      "geometry": {
        "type": "LineString",
        "coordinates": [
          [
            -75.6895211,
            45.3675596
          ],
          [
            -75.6895445,
            45.3676426
          ],
          [
            -75.6896032,
            45.3678929
          ]
        ]
      }
    },
    {
      "type": "Feature",
      "properties": {
        "u": 901796899,
        "v": 901795386,
        "key": 0,
        "osmid": 76506257,
        "highway": "secondary",
        "lanes": "4",
        "maxspeed": "50",
        "name": "Brookfield Road",
        "oneway": false,
        "reversed": "False",
        "length": 14.884507823352283,
        "ref": "51",
        "tunnel": "",
        "bridge": "",
        "width": "",
        "access": "",
        "junction": ""
      },
      "geometry": {
        "type": "LineString",
        "coordinates": [
          [
            -75.691048,
            45.3730745
          ],
          [
            -75.6908579,
            45.3730837
          ]
        ]
      }
    },
    {
      "type": "Feature",
      "properties": {
        "u": 901796899,
        "v": 905128776,
        "key": 0,
        "osmid": 76504868,
        "highway": "secondary",
        "lanes": "3",
        "maxspeed": "60",
        "name": "Hog's Back Road",
        "oneway": false,
        "reversed": "True",
        "length": 44.664567818591735,
        "ref": "51",
        "tunnel": "",
        "bridge": "",
        "width": "",
        "access": "",
        "junction": ""
      },
      "geometry": {
        "type": "LineString",
        "coordinates": [
          [
            -75.691048,
            45.3730745
          ],
          [
            -75.6911864,
            45.373065
          ],
          [
            -75.691234,
            45.3730627
          ],
          [
            -75.6916181,
            45.373044
          ]
        ]
      }
    },
    {
      "type": "Feature",
      "properties": {
        "u": 901796899,
        "v": 905129094,
        "key": 0,
        "osmid": 335817666,
        "highway": "primary",
        "lanes": "3",
        "maxspeed": "60",
        "name": "Riverside Drive",
        "oneway": true,
        "reversed": "False",
        "length": 57.40846135320974,
        "ref": "19",
        "tunnel": "",
        "bridge": "",
        "width": "",
        "access": "",
        "junction": ""
      },
      "geometry": {
        "type": "LineString",
        "coordinates": [
          [
            -75.691048,
            45.3730745
          ],
          [
            -75.6910367,
            45.3729848
          ],
          [
            -75.6909836,
            45.3725602
          ]
        ]
      }
    },
    {
      "type": "Feature",
      "properties": {
        "u": 901797039,
        "v": 901772353,
        "key": 0,
        "osmid": "[338409505, 76506854]",
        "highway": "primary",
        "lanes": "[\"2\", \"4\"]",
        "maxspeed": "60",
        "name": "Riverside Drive",
        "oneway": true,
        "reversed": "False",
        "length": 90.83710556121264,
        "ref": "19",
        "tunnel": "",
        "bridge": "",
        "width": "",
        "access": "",
        "junction": ""
      },
      "geometry": {
        "type": "LineString",
        "coordinates": [
          [
            -75.6891057,
            45.3663164
          ],
          [
            -75.6892452,
            45.3667141
          ],
          [
            -75.6893698,
            45.3671119
          ]
        ]
      }
    },
    {
      "type": "Feature",
      "properties": {
        "u": 901797039,
        "v": 1731064050,
        "key": 0,
        "osmid": 76509994,
        "highway": "residential",
        "lanes": "2",
        "maxspeed": "",
        "name": "Bayport Private",
        "oneway": false,
        "reversed": "False",
        "length": 164.13465689479574,
        "ref": "",
        "tunnel": "",
        "bridge": "",
        "width": "",
        "access": "",
        "junction": ""
      },
      "geometry": {
        "type": "LineString",
        "coordinates": [
          [
            -75.6891057,
            45.3663164
          ],
          [
            -75.689002,
            45.366329
          ],
          [
            -75.6888648,
            45.3663368
          ],
          [
            -75.6880871,
            45.3664135
          ],
          [
            -75.6878694,
            45.3663518
          ],
          [
            -75.6872696,
            45.3664016
          ],
          [
            -75.6872167,
            45.3663278
          ],
          [
            -75.6871859,
            45.3662489
          ]
        ]
      }
    },
    {
      "type": "Feature",
      "properties": {
        "u": 901797053,
        "v": 901793881,
        "key": 0,
        "osmid": 76505526,
        "highway": "residential",
        "lanes": "2",
        "maxspeed": "50",
        "name": "Eiffel Avenue",
        "oneway": false,
        "reversed": "True",
        "length": 75.22509703103708,
        "ref": "",
        "tunnel": "",
        "bridge": "",
        "width": "",
        "access": "",
        "junction": ""
      },
      "geometry": {
        "type": "LineString",
        "coordinates": [
          [
            -75.7070453,
            45.368276
          ],
          [
            -75.7072371,
            45.3682297
          ],
          [
            -75.7078794,
            45.3679441
          ]
        ]
      }
    },
    {
      "type": "Feature",
      "properties": {
        "u": 901797647,
        "v": 901790193,
        "key": 0,
        "osmid": 76506134,
        "highway": "residential",
        "lanes": "2",
        "maxspeed": "",
        "name": "Maryland Avenue",
        "oneway": false,
        "reversed": "False",
        "length": 117.71175660142892,
        "ref": "",
        "tunnel": "",
        "bridge": "",
        "width": "",
        "access": "",
        "junction": ""
      },
      "geometry": {
        "type": "LineString",
        "coordinates": [
          [
            -75.7035573,
            45.3713955
          ],
          [
            -75.7022465,
            45.3719177
          ]
        ]
      }
    },
    {
      "type": "Feature",
      "properties": {
        "u": 901797647,
        "v": 901790295,
        "key": 0,
        "osmid": 76505234,
        "highway": "residential",
        "lanes": "2",
        "maxspeed": "",
        "name": "Lampman Crescent",
        "oneway": false,
        "reversed": "False",
        "length": 332.2336153936735,
        "ref": "",
        "tunnel": "",
        "bridge": "",
        "width": "",
        "access": "",
        "junction": ""
      },
      "geometry": {
        "type": "LineString",
        "coordinates": [
          [
            -75.7035573,
            45.3713955
          ],
          [
            -75.703909,
            45.3718119
          ],
          [
            -75.7041467,
            45.3721555
          ],
          [
            -75.7042087,
            45.3722909
          ],
          [
            -75.7041428,
            45.3724345
          ],
          [
            -75.703163,
            45.3731115
          ],
          [
            -75.7030454,
            45.3731439
          ],
          [
            -75.7029315,
            45.3731309
          ],
          [
            -75.7025199,
            45.3725008
          ]
        ]
      }
    },
    {
      "type": "Feature",
      "properties": {
        "u": 901797647,
        "v": 901772290,
        "key": 0,
        "osmid": 76506517,
        "highway": "residential",
        "lanes": "2",
        "maxspeed": "",
        "name": "Maryland Avenue",
        "oneway": false,
        "reversed": "True",
        "length": 138.17721456190142,
        "ref": "",
        "tunnel": "",
        "bridge": "",
        "width": "",
        "access": "",
        "junction": ""
      },
      "geometry": {
        "type": "LineString",
        "coordinates": [
          [
            -75.7035573,
            45.3713955
          ],
          [
            -75.7040974,
            45.3711203
          ],
          [
            -75.7048586,
            45.3707763
          ],
          [
            -75.7048786,
            45.3707672
          ],
          [
            -75.7049047,
            45.370754
          ],
          [
            -75.70502,
            45.3706975
          ]
        ]
      }
    },
    {
      "type": "Feature",
      "properties": {
        "u": 901800257,
        "v": 901780538,
        "key": 0,
        "osmid": "[76506528, 600025698, 600025699, 1274235912, 76505622]",
        "highway": "primary",
        "lanes": "[\"3\", \"4\"]",
        "maxspeed": "50",
        "name": "Prince Of Wales Drive",
        "oneway": false,
        "reversed": "False",
        "length": 267.7040469425709,
        "ref": "73",
        "tunnel": "",
        "bridge": "",
        "width": "",
        "access": "",
        "junction": ""
      },
      "geometry": {
        "type": "LineString",
        "coordinates": [
          [
            -75.7015977,
            45.3693021
          ],
          [
            -75.7016204,
            45.3693342
          ],
          [
            -75.7016522,
            45.3693709
          ],
          [
            -75.7017385,
            45.3694708
          ],
          [
            -75.7017785,
            45.369517
          ],
          [
            -75.7019376,
            45.3696617
          ],
          [
            -75.7021134,
            45.3697778
          ],
          [
            -75.7022005,
            45.3698293
          ],
          [
            -75.7022409,
            45.3698515
          ],
          [
            -75.7023048,
            45.369886
          ],
          [
            -75.7024059,
            45.3699333
          ],
          [
            -75.7024607,
            45.3699605
          ],
          [
            -75.7025087,
            45.369979
          ],
          [
            -75.7027437,
            45.3700566
          ],
          [
            -75.703044,
            45.3701315
          ],
          [
            -75.7033865,
            45.3702189
          ],
          [
            -75.703659,
            45.3702881
          ],
          [
            -75.7037904,
            45.3703209
          ],
          [
            -75.7040326,
            45.3703821
          ],
          [
            -75.7041092,
            45.3704021
          ],
          [
            -75.7043221,
            45.3704591
          ],
          [
            -75.704355,
            45.3704689
          ],
          [
            -75.7044528,
            45.3704981
          ]
        ]
      }
    },
    {
      "type": "Feature",
      "properties": {
        "u": 901800257,
        "v": 4526484429,
        "key": 0,
        "osmid": 456386491,
        "highway": "primary",
        "lanes": "3",
        "maxspeed": "50",
        "name": "Prince Of Wales Drive",
        "oneway": true,
        "reversed": "False",
        "length": 103.48297934678624,
        "ref": "73",
        "tunnel": "",
        "bridge": "",
        "width": "",
        "access": "",
        "junction": ""
      },
      "geometry": {
        "type": "LineString",
        "coordinates": [
          [
            -75.7015977,
            45.3693021
          ],
          [
            -75.7015608,
            45.3691748
          ],
          [
            -75.7014723,
            45.3689589
          ],
          [
            -75.7013834,
            45.368718
          ],
          [
            -75.70133,
            45.3685742
          ],
          [
            -75.7013099,
            45.3685147
          ],
          [
            -75.7012963,
            45.3684755
          ],
          [
            -75.7012704,
            45.3684006
          ]
        ]
      }
    },
    {
      "type": "Feature",
      "properties": {
        "u": 901801021,
        "v": 901791034,
        "key": 0,
        "osmid": 76506466,
        "highway": "secondary_link",
        "lanes": "2",
        "maxspeed": "",
        "name": "",
        "oneway": false,
        "reversed": "True",
        "length": 10.641113648459674,
        "ref": "",
        "tunnel": "",
        "bridge": "",
        "width": "",
        "access": "",
        "junction": ""
      },
      "geometry": {
        "type": "LineString",
        "coordinates": [
          [
            -75.7079368,
            45.3742082
          ],
          [
            -75.7078168,
            45.3741629
          ]
        ]
      }
    },
    {
      "type": "Feature",
      "properties": {
        "u": 901801173,
        "v": 901793099,
        "key": 0,
        "osmid": 76504871,
        "highway": "primary_link",
        "lanes": "2",
        "maxspeed": "",
        "name": "",
        "oneway": false,
        "reversed": "True",
        "length": 14.142441321132345,
        "ref": "",
        "tunnel": "",
        "bridge": "",
        "width": "",
        "access": "",
        "junction": ""
      },
      "geometry": {
        "type": "LineString",
        "coordinates": [
          [
            -75.6903779,
            45.3707211
          ],
          [
            -75.690555,
            45.3706947
          ]
        ]
      }
    },
    {
      "type": "Feature",
      "properties": {
        "u": 901801173,
        "v": 905128633,
        "key": 0,
        "osmid": "[338409561, 76505371, 600507764]",
        "highway": "primary",
        "lanes": "[\"3\", \"2\", \"4\"]",
        "maxspeed": "60",
        "name": "Riverside Drive",
        "oneway": true,
        "reversed": "False",
        "length": 227.67204131473025,
        "ref": "19",
        "tunnel": "",
        "bridge": "",
        "width": "",
        "access": "",
        "junction": ""
      },
      "geometry": {
        "type": "LineString",
        "coordinates": [
          [
            -75.6903779,
            45.3707211
          ],
          [
            -75.690478,
            45.3711082
          ],
          [
            -75.6905316,
            45.3713157
          ],
          [
            -75.6905754,
            45.371485
          ],
          [
            -75.690671,
            45.3718052
          ],
          [
            -75.6907142,
            45.3720353
          ],
          [
            -75.6907394,
            45.3721727
          ],
          [
            -75.6907615,
            45.3722936
          ],
          [
            -75.6908158,
            45.3727434
          ]
        ]
      }
    },
    {
      "type": "Feature",
      "properties": {
        "u": 901801529,
        "v": 901794221,
        "key": 0,
        "osmid": 76505989,
        "highway": "residential",
        "lanes": "2",
        "maxspeed": "",
        "name": "Melfa Crescent",
        "oneway": false,
        "reversed": "False",
        "length": 128.77445007340867,
        "ref": "",
        "tunnel": "",
        "bridge": "",
        "width": "",
        "access": "",
        "junction": ""
      },
      "geometry": {
        "type": "LineString",
        "coordinates": [
          [
            -75.7007619,
            45.3656119
          ],
          [
            -75.7006546,
            45.3656206
          ],
          [
            -75.7006323,
            45.3656262
          ],
          [
            -75.7000407,
            45.3657743
          ],
          [
            -75.6993484,
            45.3659476
          ],
          [
            -75.6992036,
            45.3659838
          ]
        ]
      }
    },
    {
      "type": "Feature",
      "properties": {
        "u": 901801529,
        "v": 901790794,
        "key": 0,
        "osmid": 76506843,
        "highway": "primary",
        "lanes": "2",
        "maxspeed": "50",
        "name": "Prince Of Wales Drive",
        "oneway": false,
        "reversed": "False",
        "length": 166.99752250402082,
        "ref": "73",
        "tunnel": "",
        "bridge": "",
        "width": "",
        "access": "",
        "junction": ""
      },
      "geometry": {
        "type": "LineString",
        "coordinates": [
          [
            -75.7007619,
            45.3656119
          ],
          [
            -75.7009278,
            45.3666935
          ],
          [
            -75.7009909,
            45.3671051
          ]
        ]
      }
    },
    {
      "type": "Feature",
      "properties": {
        "u": 901801574,
        "v": 901870500,
        "key": 0,
        "osmid": 76505412,
        "highway": "tertiary",
        "lanes": "2",
        "maxspeed": "40",
        "name": "Ridgewood Avenue",
        "oneway": false,
        "reversed": "False",
        "length": 177.52006476275002,
        "ref": "",
        "tunnel": "",
        "bridge": "",
        "width": "",
        "access": "",
        "junction": ""
      },
      "geometry": {
        "type": "LineString",
        "coordinates": [
          [
            -75.6890315,
            45.3676028
          ],
          [
            -75.688893,
            45.3676104
          ],
          [
            -75.6885204,
            45.3676435
          ],
          [
            -75.6884127,
            45.36765
          ],
          [
            -75.6879038,
            45.3676808
          ],
          [
            -75.687709,
            45.3676926
          ],
          [
            -75.6874643,
            45.3677074
          ],
          [
            -75.687426,
            45.3677097
          ],
          [
            -75.6872043,
            45.3677248
          ],
          [
            -75.6870719,
            45.3677338
          ],
          [
            -75.686785,
            45.3677539
          ],
          [
            -75.6867699,
            45.3677559
          ]
        ]
      }
    },
    {
      "type": "Feature",
      "properties": {
        "u": 901801574,
        "v": 901796888,
        "key": 0,
        "osmid": 76506491,
        "highway": "tertiary",
        "lanes": "2",
        "maxspeed": "",
        "name": "Ridgewood Avenue",
        "oneway": false,
        "reversed": "True",
        "length": 38.552969610651374,
        "ref": "",
        "tunnel": "",
        "bridge": "",
        "width": "",
        "access": "",
        "junction": ""
      },
      "geometry": {
        "type": "LineString",
        "coordinates": [
          [
            -75.6890315,
            45.3676028
          ],
          [
            -75.6894117,
            45.3675715
          ],
          [
            -75.6895211,
            45.3675596
          ]
        ]
      }
    },
    {
      "type": "Feature",
      "properties": {
        "u": 901801574,
        "v": 905125076,
        "key": 0,
        "osmid": 76844168,
        "highway": "primary_link",
        "lanes": "1",
        "maxspeed": "",
        "name": "",
        "oneway": true,
        "reversed": "False",
        "length": 57.75818777051563,
        "ref": "",
        "tunnel": "",
        "bridge": "",
        "width": "",
        "access": "",
        "junction": ""
      },
      "geometry": {
        "type": "LineString",
        "coordinates": [
          [
            -75.6890315,
            45.3676028
          ],
          [
            -75.689171,
            45.3676273
          ],
          [
            -75.689282,
            45.3676533
          ],
          [
            -75.6894399,
            45.3677235
          ],
          [
            -75.6894976,
            45.3677737
          ],
          [
            -75.6896032,
            45.3678929
          ]
        ]
      }
    },
    {
      "type": "Feature",
      "properties": {
        "u": 901801933,
        "v": 901796888,
        "key": 0,
        "osmid": 76506850,
        "highway": "tertiary",
        "lanes": "2",
        "maxspeed": "40",
        "name": "Ridgewood Avenue",
        "oneway": false,
        "reversed": "False",
        "length": 11.640134440925456,
        "ref": "",
        "tunnel": "",
        "bridge": "",
        "width": "",
        "access": "",
        "junction": ""
      },
      "geometry": {
        "type": "LineString",
        "coordinates": [
          [
            -75.689669,
            45.367547
          ],
          [
            -75.6896127,
            45.3675526
          ],
          [
            -75.6895211,
            45.3675596
          ]
        ]
      }
    },
    {
      "type": "Feature",
      "properties": {
        "u": 901847307,
        "v": 59094787,
        "key": 0,
        "osmid": 7939138,
        "highway": "unclassified",
        "lanes": "2",
        "maxspeed": "25",
        "name": "",
        "oneway": false,
        "reversed": "False",
        "length": 123.95832891120995,
        "ref": "",
        "tunnel": "",
        "bridge": "",
        "width": "",
        "access": "",
        "junction": ""
      },
      "geometry": {
        "type": "LineString",
        "coordinates": [
          [
            -75.6866257,
            45.3733698
          ],
          [
            -75.686639,
            45.3734662
          ],
          [
            -75.6866747,
            45.3737254
          ],
          [
            -75.6866848,
            45.3737995
          ],
          [
            -75.6867692,
            45.3744177
          ],
          [
            -75.6867785,
            45.3744794
          ]
        ]
      }
    },
    {
      "type": "Feature",
      "properties": {
        "u": 901847307,
        "v": 4882865107,
        "key": 0,
        "osmid": 507871496,
        "highway": "secondary",
        "lanes": "4",
        "maxspeed": "50",
        "name": "Brookfield Road",
        "oneway": false,
        "reversed": "True",
        "length": 149.78157588072787,
        "ref": "51",
        "tunnel": "",
        "bridge": "",
        "width": "",
        "access": "",
        "junction": ""
      },
      "geometry": {
        "type": "LineString",
        "coordinates": [
          [
            -75.6866257,
            45.3733698
          ],
          [
            -75.68673,
            45.373362
          ],
          [
            -75.6879126,
            45.3732802
          ],
          [
            -75.6885339,
            45.3732373
          ]
        ]
      }
    },
    {
      "type": "Feature",
      "properties": {
        "u": 901870500,
        "v": 901801574,
        "key": 0,
        "osmid": 76505412,
        "highway": "tertiary",
        "lanes": "2",
        "maxspeed": "40",
        "name": "Ridgewood Avenue",
        "oneway": false,
        "reversed": "True",
        "length": 177.52006476275,
        "ref": "",
        "tunnel": "",
        "bridge": "",
        "width": "",
        "access": "",
        "junction": ""
      },
      "geometry": {
        "type": "LineString",
        "coordinates": [
          [
            -75.6867699,
            45.3677559
          ],
          [
            -75.686785,
            45.3677539
          ],
          [
            -75.6870719,
            45.3677338
          ],
          [
            -75.6872043,
            45.3677248
          ],
          [
            -75.687426,
            45.3677097
          ],
          [
            -75.6874643,
            45.3677074
          ],
          [
            -75.687709,
            45.3676926
          ],
          [
            -75.6879038,
            45.3676808
          ],
          [
            -75.6884127,
            45.36765
          ],
          [
            -75.6885204,
            45.3676435
          ],
          [
            -75.688893,
            45.3676104
          ],
          [
            -75.6890315,
            45.3676028
          ]
        ]
      }
    },
    {
      "type": "Feature",
      "properties": {
        "u": 901870500,
        "v": 59106094,
        "key": 0,
        "osmid": 76509083,
        "highway": "residential",
        "lanes": "2",
        "maxspeed": "40",
        "name": "Dupont Street",
        "oneway": false,
        "reversed": "True",
        "length": 185.04790372266075,
        "ref": "",
        "tunnel": "",
        "bridge": "",
        "width": "",
        "access": "",
        "junction": ""
      },
      "geometry": {
        "type": "LineString",
        "coordinates": [
          [
            -75.6867699,
            45.3677559
          ],
          [
            -75.6867526,
            45.3676834
          ],
          [
            -75.686302,
            45.3665586
          ],
          [
            -75.6861716,
            45.3661465
          ]
        ]
      }
    },
    {
      "type": "Feature",
      "properties": {
        "u": 903984323,
        "v": 901065692,
        "key": 0,
        "osmid": 76422545,
        "highway": "residential",
        "lanes": "2",
        "maxspeed": "30",
        "name": "Ossington Avenue",
        "oneway": true,
        "reversed": "False",
        "length": 150.44040716917635,
        "ref": "",
        "tunnel": "",
        "bridge": "",
        "width": "",
        "access": "",
        "junction": ""
      },
      "geometry": {
        "type": "LineString",
        "coordinates": [
          [
            -75.6863636,
            45.3898657
          ],
          [
            -75.686418,
            45.3898436
          ],
          [
            -75.6864478,
            45.3898315
          ],
          [
            -75.687426,
            45.3894334
          ],
          [
            -75.6879656,
            45.3892078
          ],
          [
            -75.6880263,
            45.3891824
          ]
        ]
      }
    },
    {
      "type": "Feature",
      "properties": {
        "u": 903984323,
        "v": 903990717,
        "key": 0,
        "osmid": 76728221,
        "highway": "residential",
        "lanes": "2",
        "maxspeed": "30",
        "name": "L\u00e9onard Avenue",
        "oneway": false,
        "reversed": "False",
        "length": 66.7521159269884,
        "ref": "",
        "tunnel": "",
        "bridge": "",
        "width": "",
        "access": "",
        "junction": ""
      },
      "geometry": {
        "type": "LineString",
        "coordinates": [
          [
            -75.6863636,
            45.3898657
          ],
          [
            -75.6867177,
            45.3903163
          ],
          [
            -75.686741,
            45.3903459
          ],
          [
            -75.6867766,
            45.3903913
          ]
        ]
      }
    },
    {
      "type": "Feature",
      "properties": {
        "u": 903984327,
        "v": 903993682,
        "key": 0,
        "osmid": 76729891,
        "highway": "primary_link",
        "lanes": "2",
        "maxspeed": "",
        "name": "",
        "oneway": false,
        "reversed": "False",
        "length": 13.328263286950586,
        "ref": "",
        "tunnel": "",
        "bridge": "",
        "width": "",
        "access": "",
        "junction": ""
      },
      "geometry": {
        "type": "LineString",
        "coordinates": [
          [
            -75.686105,
            45.3830881
          ],
          [
            -75.6862169,
            45.3831786
          ]
        ]
      }
    },
    {
      "type": "Feature",
      "properties": {
        "u": 903984997,
        "v": 901052403,
        "key": 0,
        "osmid": 76421039,
        "highway": "residential",
        "lanes": "2",
        "maxspeed": "30",
        "name": "L\u00e9onard Avenue",
        "oneway": false,
        "reversed": "False",
        "length": 78.2033721867364,
        "ref": "",
        "tunnel": "",
        "bridge": "",
        "width": "",
        "access": "",
        "junction": ""
      },
      "geometry": {
        "type": "LineString",
        "coordinates": [
          [
            -75.687254,
            45.3910058
          ],
          [
            -75.687426,
            45.3912006
          ],
          [
            -75.6877469,
            45.391564
          ],
          [
            -75.6877818,
            45.3916035
          ]
        ]
      }
    },
    {
      "type": "Feature",
      "properties": {
        "u": 903984997,
        "v": 901066916,
        "key": 0,
        "osmid": "[76728899, 76422259]",
        "highway": "residential",
        "lanes": "2",
        "maxspeed": "30",
        "name": "Glen Avenue",
        "oneway": true,
        "reversed": "False",
        "length": 155.2614447662057,
        "ref": "",
        "tunnel": "",
        "bridge": "",
        "width": "",
        "access": "",
        "junction": ""
      },
      "geometry": {
        "type": "LineString",
        "coordinates": [
          [
            -75.687254,
            45.3910058
          ],
          [
            -75.6873488,
            45.3909698
          ],
          [
            -75.687426,
            45.3909405
          ],
          [
            -75.6883277,
            45.3905683
          ],
          [
            -75.6888041,
            45.3903801
          ],
          [
            -75.6889055,
            45.3903369
          ],
          [
            -75.6889753,
            45.3903072
          ]
        ]
      }
    },
    {
      "type": "Feature",
      "properties": {
        "u": 903984997,
        "v": 903990717,
        "key": 0,
        "osmid": 76729062,
        "highway": "residential",
        "lanes": "2",
        "maxspeed": "30",
        "name": "L\u00e9onard Avenue",
        "oneway": false,
        "reversed": "True",
        "length": 77.83747722857025,
        "ref": "",
        "tunnel": "",
        "bridge": "",
        "width": "",
        "access": "",
        "junction": ""
      },
      "geometry": {
        "type": "LineString",
        "coordinates": [
          [
            -75.687254,
            45.3910058
          ],
          [
            -75.6868413,
            45.3904746
          ],
          [
            -75.6868292,
            45.390459
          ],
          [
            -75.6867766,
            45.3903913
          ]
        ]
      }
    },
    {
      "type": "Feature",
      "properties": {
        "u": 903985310,
        "v": 901060694,
        "key": 0,
        "osmid": "[76422672, 76419417]",
        "highway": "residential",
        "lanes": "2",
        "maxspeed": "30",
        "name": "Rosedale Avenue",
        "oneway": false,
        "reversed": "False",
        "length": 157.41708400342176,
        "ref": "",
        "tunnel": "",
        "bridge": "",
        "width": "",
        "access": "",
        "junction": ""
      },
      "geometry": {
        "type": "LineString",
        "coordinates": [
          [
            -75.6872484,
            45.3926709
          ],
          [
            -75.6872939,
            45.3927185
          ],
          [
            -75.6873159,
            45.3927431
          ],
          [
            -75.687426,
            45.3928663
          ],
          [
            -75.6875297,
            45.3929823
          ],
          [
            -75.6878298,
            45.3933652
          ],
          [
            -75.6882062,
            45.3938179
          ],
          [
            -75.6882284,
            45.3938459
          ],
          [
            -75.6882655,
            45.3938927
          ]
        ]
      }
    },
    {
      "type": "Feature",
      "properties": {
        "u": 903985310,
        "v": 901065624,
        "key": 0,
        "osmid": 76729176,
        "highway": "tertiary",
        "lanes": "2",
        "maxspeed": "30",
        "name": "Sunnyside Avenue",
        "oneway": false,
        "reversed": "True",
        "length": 92.44057064977851,
        "ref": "",
        "tunnel": "",
        "bridge": "",
        "width": "",
        "access": "",
        "junction": ""
      },
      "geometry": {
        "type": "LineString",
        "coordinates": [
          [
            -75.6872484,
            45.3926709
          ],
          [
            -75.6873209,
            45.3926397
          ],
          [
            -75.6881644,
            45.3922758
          ],
          [
            -75.6881959,
            45.3922627
          ],
          [
            -75.688258,
            45.3922368
          ]
        ]
      }
    },
    {
      "type": "Feature",
      "properties": {
        "u": 903986651,
        "v": 903995789,
        "key": 0,
        "osmid": 130126760,
        "highway": "trunk_link",
        "lanes": "1",
        "maxspeed": "",
        "name": "",
        "oneway": true,
        "reversed": "False",
        "length": 14.278810859360771,
        "ref": "",
        "tunnel": "",
        "bridge": "",
        "width": "",
        "access": "",
        "junction": ""
      },
      "geometry": {
        "type": "LineString",
        "coordinates": [
          [
            -75.6873326,
            45.3825387
          ],
          [
            -75.6873421,
            45.382472
          ],
          [
            -75.6873312,
            45.3824111
          ]
        ]
      }
    },
    {
      "type": "Feature",
      "properties": {
        "u": 903986651,
        "v": 905110064,
        "key": 0,
        "osmid": "[600507749, 335818186, 76422282, 76421422, 520408276]",
        "highway": "primary",
        "lanes": "[\"3\", \"2\"]",
        "maxspeed": "60",
        "name": "Riverside Drive",
        "oneway": true,
        "reversed": "False",
        "length": 654.4473640794597,
        "ref": "19",
        "tunnel": "",
        "bridge": "yes",
        "width": "",
        "access": "",
        "junction": ""
      },
      "geometry": {
        "type": "LineString",
        "coordinates": [
          [
            -75.6873326,
            45.3825387
          ],
          [
            -75.687426,
            45.3824823
          ],
          [
            -75.6878073,
            45.3822705
          ],
          [
            -75.6881625,
            45.3820699
          ],
          [
            -75.688663,
            45.3817862
          ],
          [
            -75.6887343,
            45.3817449
          ],
          [
            -75.6888442,
            45.3816734
          ],
          [
            -75.6889569,
            45.3815952
          ],
          [
            -75.6890534,
            45.3815211
          ],
          [
            -75.6891523,
            45.3814427
          ],
          [
            -75.6892536,
            45.3813646
          ],
          [
            -75.6903129,
            45.3804859
          ],
          [
            -75.6906481,
            45.3802103
          ],
          [
            -75.6907793,
            45.3800971
          ],
          [
            -75.690893,
            45.3799992
          ],
          [
            -75.6909988,
            45.3798978
          ],
          [
            -75.6910941,
            45.3798027
          ],
          [
            -75.6911897,
            45.3796921
          ],
          [
            -75.6912246,
            45.3796506
          ],
          [
            -75.6912491,
            45.3796214
          ],
          [
            -75.691314,
            45.3795364
          ],
          [
            -75.6913613,
            45.3794679
          ],
          [
            -75.6914092,
            45.3793967
          ],
          [
            -75.6914512,
            45.3793205
          ],
          [
            -75.6914973,
            45.3792312
          ],
          [
            -75.6915121,
            45.3791995
          ],
          [
            -75.691533,
            45.3791565
          ],
          [
            -75.6915704,
            45.3790668
          ],
          [
            -75.6916093,
            45.3789633
          ],
          [
            -75.6916504,
            45.3788346
          ],
          [
            -75.6916698,
            45.3787484
          ],
          [
            -75.6916897,
            45.378646
          ],
          [
            -75.6917098,
            45.3785253
          ],
          [
            -75.6917202,
            45.3784011
          ],
          [
            -75.6917231,
            45.3782844
          ],
          [
            -75.691716,
            45.3781317
          ],
          [
            -75.691695,
            45.3778235
          ]
        ]
      }
    },
    {
      "type": "Feature",
      "properties": {
        "u": 903990717,
        "v": 903984323,
        "key": 0,
        "osmid": 76728221,
        "highway": "residential",
        "lanes": "2",
        "maxspeed": "30",
        "name": "L\u00e9onard Avenue",
        "oneway": false,
        "reversed": "True",
        "length": 66.7521159269884,
        "ref": "",
        "tunnel": "",
        "bridge": "",
        "width": "",
        "access": "",
        "junction": ""
      },
      "geometry": {
        "type": "LineString",
        "coordinates": [
          [
            -75.6867766,
            45.3903913
          ],
          [
            -75.686741,
            45.3903459
          ],
          [
            -75.6867177,
            45.3903163
          ],
          [
            -75.6863636,
            45.3898657
          ]
        ]
      }
    },
    {
      "type": "Feature",
      "properties": {
        "u": 903990717,
        "v": 903984997,
        "key": 0,
        "osmid": 76729062,
        "highway": "residential",
        "lanes": "2",
        "maxspeed": "30",
        "name": "L\u00e9onard Avenue",
        "oneway": false,
        "reversed": "False",
        "length": 77.83747722857025,
        "ref": "",
        "tunnel": "",
        "bridge": "",
        "width": "",
        "access": "",
        "junction": ""
      },
      "geometry": {
        "type": "LineString",
        "coordinates": [
          [
            -75.6867766,
            45.3903913
          ],
          [
            -75.6868292,
            45.390459
          ],
          [
            -75.6868413,
            45.3904746
          ],
          [
            -75.687254,
            45.3910058
          ]
        ]
      }
    },
    {
      "type": "Feature",
      "properties": {
        "u": 903992181,
        "v": 903984327,
        "key": 0,
        "osmid": 397100632,
        "highway": "primary",
        "lanes": "2",
        "maxspeed": "60",
        "name": "Riverside Drive",
        "oneway": true,
        "reversed": "False",
        "length": 82.03749580476855,
        "ref": "19",
        "tunnel": "",
        "bridge": "",
        "width": "",
        "access": "",
        "junction": ""
      },
      "geometry": {
        "type": "LineString",
        "coordinates": [
          [
            -75.6869341,
            45.3826351
          ],
          [
            -75.686105,
            45.3830881
          ]
        ]
      }
    },
    {
      "type": "Feature",
      "properties": {
        "u": 903993231,
        "v": 903994351,
        "key": 0,
        "osmid": "[76728273, 76730036]",
        "highway": "residential",
        "lanes": "2",
        "maxspeed": "30",
        "name": "[\"Grosvenor Avenue\", \"Woodbine Place\"]",
        "oneway": false,
        "reversed": "True",
        "length": 140.46400359667027,
        "ref": "",
        "tunnel": "",
        "bridge": "",
        "width": "",
        "access": "",
        "junction": ""
      },
      "geometry": {
        "type": "LineString",
        "coordinates": [
          [
            -75.6862081,
            45.393581
          ],
          [
            -75.6864778,
            45.393475
          ],
          [
            -75.6865483,
            45.393449
          ],
          [
            -75.6866026,
            45.393513
          ],
          [
            -75.6872115,
            45.3942299
          ],
          [
            -75.6872324,
            45.3942545
          ],
          [
            -75.6872706,
            45.3942995
          ]
        ]
      }
    },
    {
      "type": "Feature",
      "properties": {
        "u": 903993649,
        "v": 905099455,
        "key": 0,
        "osmid": 76729438,
        "highway": "trunk_link",
        "lanes": "2",
        "maxspeed": "",
        "name": "",
        "oneway": false,
        "reversed": "False",
        "length": 124.06102360805698,
        "ref": "",
        "tunnel": "",
        "bridge": "",
        "width": "",
        "access": "",
        "junction": ""
      },
      "geometry": {
        "type": "LineString",
        "coordinates": [
          [
            -75.686044,
            45.3812072
          ],
          [
            -75.6861615,
            45.3813346
          ],
          [
            -75.6862079,
            45.3813824
          ],
          [
            -75.6866603,
            45.3818018
          ],
          [
            -75.6869895,
            45.3821032
          ]
        ]
      }
    },
    {
      "type": "Feature",
      "properties": {
        "u": 903993649,
        "v": 905099411,
        "key": 0,
        "osmid": "[587737498, 76844037]",
        "highway": "trunk_link",
        "lanes": "1",
        "maxspeed": "",
        "name": "",
        "oneway": true,
        "reversed": "False",
        "length": 114.13371002690924,
        "ref": "",
        "tunnel": "",
        "bridge": "",
        "width": "",
        "access": "",
        "junction": ""
      },
      "geometry": {
        "type": "LineString",
        "coordinates": [
          [
            -75.686044,
            45.3812072
          ],
          [
            -75.686029,
            45.3811398
          ],
          [
            -75.6860154,
            45.3810849
          ],
          [
            -75.6860154,
            45.3810335
          ],
          [
            -75.6860278,
            45.3809796
          ],
          [
            -75.6860518,
            45.3809265
          ],
          [
            -75.686091,
            45.3808813
          ],
          [
            -75.686134,
            45.3808434
          ],
          [
            -75.6861943,
            45.3808069
          ],
          [
            -75.68626,
            45.3807739
          ],
          [
            -75.6863221,
            45.3807571
          ],
          [
            -75.6863908,
            45.3807482
          ],
          [
            -75.6864558,
            45.3807466
          ],
          [
            -75.6865303,
            45.3807514
          ],
          [
            -75.686609,
            45.3807656
          ],
          [
            -75.6866816,
            45.380788
          ],
          [
            -75.6867473,
            45.3808193
          ],
          [
            -75.6868048,
            45.3808516
          ],
          [
            -75.6869193,
            45.3809302
          ]
        ]
      }
    },
    {
      "type": "Feature",
      "properties": {
        "u": 903993682,
        "v": 903984327,
        "key": 0,
        "osmid": 76729891,
        "highway": "primary_link",
        "lanes": "2",
        "maxspeed": "",
        "name": "",
        "oneway": false,
        "reversed": "True",
        "length": 13.328263286950586,
        "ref": "",
        "tunnel": "",
        "bridge": "",
        "width": "",
        "access": "",
        "junction": ""
      },
      "geometry": {
        "type": "LineString",
        "coordinates": [
          [
            -75.6862169,
            45.3831786
          ],
          [
            -75.686105,
            45.3830881
          ]
        ]
      }
    },
    {
      "type": "Feature",
      "properties": {
        "u": 903993682,
        "v": 903986651,
        "key": 0,
        "osmid": "[600507746, 313466011]",
        "highway": "primary",
        "lanes": "[\"3\", \"2\"]",
        "maxspeed": "60",
        "name": "Riverside Drive",
        "oneway": true,
        "reversed": "False",
        "length": 112.51388080457146,
        "ref": "19",
        "tunnel": "",
        "bridge": "",
        "width": "",
        "access": "",
        "junction": ""
      },
      "geometry": {
        "type": "LineString",
        "coordinates": [
          [
            -75.6862169,
            45.3831786
          ],
          [
            -75.6862754,
            45.3831413
          ],
          [
            -75.6865552,
            45.382975
          ],
          [
            -75.6873326,
            45.3825387
          ]
        ]
      }
    },
    {
      "type": "Feature",
      "properties": {
        "u": 903994351,
        "v": 903993231,
        "key": 0,
        "osmid": "[76728273, 76730036]",
        "highway": "residential",
        "lanes": "2",
        "maxspeed": "30",
        "name": "[\"Grosvenor Avenue\", \"Woodbine Place\"]",
        "oneway": false,
        "reversed": "True",
        "length": 140.46400359667027,
        "ref": "",
        "tunnel": "",
        "bridge": "",
        "width": "",
        "access": "",
        "junction": ""
      },
      "geometry": {
        "type": "LineString",
        "coordinates": [
          [
            -75.6872706,
            45.3942995
          ],
          [
            -75.6872324,
            45.3942545
          ],
          [
            -75.6872115,
            45.3942299
          ],
          [
            -75.6866026,
            45.393513
          ],
          [
            -75.6865483,
            45.393449
          ],
          [
            -75.6864778,
            45.393475
          ],
          [
            -75.6862081,
            45.393581
          ]
        ]
      }
    },
    {
      "type": "Feature",
      "properties": {
        "u": 903994351,
        "v": 901060694,
        "key": 0,
        "osmid": 76728934,
        "highway": "residential",
        "lanes": "2",
        "maxspeed": "30",
        "name": "Aylmer Avenue",
        "oneway": false,
        "reversed": "True",
        "length": 89.89565049388986,
        "ref": "",
        "tunnel": "",
        "bridge": "",
        "width": "",
        "access": "",
        "junction": ""
      },
      "geometry": {
        "type": "LineString",
        "coordinates": [
          [
            -75.6872706,
            45.3942995
          ],
          [
            -75.687426,
            45.3942359
          ],
          [
            -75.6882655,
            45.3938927
          ]
        ]
      }
    },
    {
      "type": "Feature",
      "properties": {
        "u": 903995789,
        "v": 903992181,
        "key": 0,
        "osmid": 397100632,
        "highway": "primary",
        "lanes": "2",
        "maxspeed": "60",
        "name": "Riverside Drive",
        "oneway": true,
        "reversed": "False",
        "length": 39.77730600717254,
        "ref": "19",
        "tunnel": "",
        "bridge": "",
        "width": "",
        "access": "",
        "junction": ""
      },
      "geometry": {
        "type": "LineString",
        "coordinates": [
          [
            -75.6873312,
            45.3824111
          ],
          [
            -75.6869341,
            45.3826351
          ]
        ]
      }
    },
    {
      "type": "Feature",
      "properties": {
        "u": 903995789,
        "v": 7041068350,
        "key": 0,
        "osmid": 397100633,
        "highway": "trunk_link",
        "lanes": "1",
        "maxspeed": "",
        "name": "",
        "oneway": true,
        "reversed": "False",
        "length": 34.26443918206037,
        "ref": "",
        "tunnel": "",
        "bridge": "",
        "width": "",
        "access": "",
        "junction": ""
      },
      "geometry": {
        "type": "LineString",
        "coordinates": [
          [
            -75.6873312,
            45.3824111
          ],
          [
            -75.6872716,
            45.3823485
          ],
          [
            -75.6871617,
            45.3822331
          ],
          [
            -75.6870705,
            45.3821643
          ]
        ]
      }
    },
    {
      "type": "Feature",
      "properties": {
        "u": 905099411,
        "v": 901068426,
        "key": 0,
        "osmid": 520408277,
        "highway": "trunk_link",
        "lanes": "1",
        "maxspeed": "",
        "name": "",
        "oneway": true,
        "reversed": "False",
        "length": 132.53825104288939,
        "ref": "",
        "tunnel": "",
        "bridge": "",
        "width": "",
        "access": "",
        "junction": ""
      },
      "geometry": {
        "type": "LineString",
        "coordinates": [
          [
            -75.6869193,
            45.3809302
          ],
          [
            -75.6872222,
            45.3813247
          ],
          [
            -75.6875758,
            45.3817901
          ],
          [
            -75.6877589,
            45.3819639
          ]
        ]
      }
    },
    {
      "type": "Feature",
      "properties": {
        "u": 905099455,
        "v": 903993649,
        "key": 0,
        "osmid": 76729438,
        "highway": "trunk_link",
        "lanes": "2",
        "maxspeed": "",
        "name": "",
        "oneway": false,
        "reversed": "True",
        "length": 124.06102360805697,
        "ref": "",
        "tunnel": "",
        "bridge": "",
        "width": "",
        "access": "",
        "junction": ""
      },
      "geometry": {
        "type": "LineString",
        "coordinates": [
          [
            -75.6869895,
            45.3821032
          ],
          [
            -75.6866603,
            45.3818018
          ],
          [
            -75.6862079,
            45.3813824
          ],
          [
            -75.6861615,
            45.3813346
          ],
          [
            -75.686044,
            45.3812072
          ]
        ]
      }
    },
    {
      "type": "Feature",
      "properties": {
        "u": 905099455,
        "v": 903992181,
        "key": 0,
        "osmid": 76844050,
        "highway": "trunk_link",
        "lanes": "1",
        "maxspeed": "",
        "name": "",
        "oneway": true,
        "reversed": "False",
        "length": 64.68313480600455,
        "ref": "",
        "tunnel": "",
        "bridge": "",
        "width": "",
        "access": "",
        "junction": ""
      },
      "geometry": {
        "type": "LineString",
        "coordinates": [
          [
            -75.6869895,
            45.3821032
          ],
          [
            -75.6870712,
            45.3822366
          ],
          [
            -75.687093,
            45.3822873
          ],
          [
            -75.6871094,
            45.3823422
          ],
          [
            -75.6871084,
            45.382392
          ],
          [
            -75.6871032,
            45.3824186
          ],
          [
            -75.6870972,
            45.3824495
          ],
          [
            -75.6870681,
            45.382504
          ],
          [
            -75.6869341,
            45.3826351
          ]
        ]
      }
    },
    {
      "type": "Feature",
      "properties": {
        "u": 905107939,
        "v": 901068605,
        "key": 0,
        "osmid": "[587737499, 76421351]",
        "highway": "trunk_link",
        "lanes": "1",
        "maxspeed": "",
        "name": "",
        "oneway": true,
        "reversed": "False",
        "length": 485.20509705392743,
        "ref": "",
        "tunnel": "",
        "bridge": "",
        "width": "",
        "access": "",
        "junction": ""
      },
      "geometry": {
        "type": "LineString",
        "coordinates": [
          [
            -75.6878348,
            45.381815
          ],
          [
            -75.6876279,
            45.3813604
          ],
          [
            -75.687417,
            45.3809613
          ],
          [
            -75.687151,
            45.3805088
          ],
          [
            -75.6871049,
            45.380423
          ],
          [
            -75.6870836,
            45.3803569
          ],
          [
            -75.6870758,
            45.3802964
          ],
          [
            -75.6870824,
            45.3802354
          ],
          [
            -75.6870949,
            45.380186
          ],
          [
            -75.6871255,
            45.3801346
          ],
          [
            -75.6871573,
            45.3800907
          ],
          [
            -75.6872322,
            45.380048
          ],
          [
            -75.6872734,
            45.3800277
          ],
          [
            -75.6873233,
            45.3800117
          ],
          [
            -75.6873838,
            45.38
          ],
          [
            -75.6874414,
            45.3799974
          ],
          [
            -75.6875011,
            45.3799995
          ],
          [
            -75.6875619,
            45.3800085
          ],
          [
            -75.6876195,
            45.3800264
          ],
          [
            -75.6876683,
            45.3800515
          ],
          [
            -75.6877145,
            45.3800855
          ],
          [
            -75.6877552,
            45.3801244
          ],
          [
            -75.6877881,
            45.3801688
          ],
          [
            -75.6878098,
            45.3802113
          ],
          [
            -75.6878327,
            45.3802876
          ],
          [
            -75.6878506,
            45.3806203
          ],
          [
            -75.6878582,
            45.3806878
          ],
          [
            -75.6878715,
            45.3807588
          ],
          [
            -75.6878861,
            45.3808221
          ],
          [
            -75.6879157,
            45.3809042
          ],
          [
            -75.6879468,
            45.3809702
          ],
          [
            -75.6879867,
            45.3810324
          ],
          [
            -75.6880338,
            45.3810929
          ],
          [
            -75.6880832,
            45.3811496
          ],
          [
            -75.6883339,
            45.3813887
          ],
          [
            -75.6883808,
            45.3814383
          ],
          [
            -75.6884114,
            45.3814729
          ],
          [
            -75.6884346,
            45.38151
          ],
          [
            -75.6884483,
            45.3815508
          ],
          [
            -75.6884499,
            45.3815888
          ],
          [
            -75.6884383,
            45.3816318
          ],
          [
            -75.6884227,
            45.381679
          ],
          [
            -75.6883931,
            45.3817233
          ],
          [
            -75.6883498,
            45.3817623
          ],
          [
            -75.6882901,
            45.3818122
          ],
          [
            -75.6881194,
            45.3819719
          ]
        ]
      }
    },
    {
      "type": "Feature",
      "properties": {
        "u": 905107939,
        "v": 903991282,
        "key": 0,
        "osmid": "[76421585, 733428789]",
        "highway": "trunk",
        "lanes": "3",
        "maxspeed": "70",
        "name": "Bronson Avenue",
        "oneway": true,
        "reversed": "False",
        "length": 187.8843296283038,
        "ref": "79",
        "tunnel": "",
        "bridge": "",
        "width": "",
        "access": "",
        "junction": ""
      },
      "geometry": {
        "type": "LineString",
        "coordinates": [
          [
            -75.6878348,
            45.381815
          ],
          [
            -75.6873821,
            45.3811703
          ],
          [
            -75.6872566,
            45.3809983
          ],
          [
            -75.6871687,
            45.3808859
          ],
          [
            -75.6870771,
            45.3807674
          ],
          [
            -75.6869858,
            45.380666
          ],
          [
            -75.6866599,
            45.3803447
          ]
        ]
      }
    },
    {
      "type": "Feature",
      "properties": {
        "u": 905109599,
        "v": 901068605,
        "key": 0,
        "osmid": "[76421088, 600507748, 456377580, 397100629, 188954424, 76421151]",
        "highway": "primary",
        "lanes": "[\"3\", \"2\"]",
        "maxspeed": "60",
        "name": "Riverside Drive",
        "oneway": true,
        "reversed": "False",
        "length": 613.1816880221633,
        "ref": "19",
        "tunnel": "",
        "bridge": "yes",
        "width": "",
        "access": "",
        "junction": ""
      },
      "geometry": {
        "type": "LineString",
        "coordinates": [
          [
            -75.6914506,
            45.3773379
          ],
          [
            -75.6915484,
            45.3779629
          ],
          [
            -75.6915689,
            45.3781183
          ],
          [
            -75.6915816,
            45.3782251
          ],
          [
            -75.6915854,
            45.3783076
          ],
          [
            -75.6915894,
            45.3784159
          ],
          [
            -75.6915821,
            45.3785405
          ],
          [
            -75.6915723,
            45.3786594
          ],
          [
            -75.691557,
            45.3787493
          ],
          [
            -75.6915318,
            45.3788475
          ],
          [
            -75.6915018,
            45.3789486
          ],
          [
            -75.6914464,
            45.3790977
          ],
          [
            -75.6913976,
            45.3792065
          ],
          [
            -75.6913573,
            45.3792797
          ],
          [
            -75.6913206,
            45.3793417
          ],
          [
            -75.6912788,
            45.3794075
          ],
          [
            -75.6912305,
            45.3794806
          ],
          [
            -75.6911527,
            45.3795836
          ],
          [
            -75.6911246,
            45.3796229
          ],
          [
            -75.6910542,
            45.379704
          ],
          [
            -75.6909561,
            45.3798095
          ],
          [
            -75.6908501,
            45.3799127
          ],
          [
            -75.6907482,
            45.3800075
          ],
          [
            -75.6906001,
            45.3801296
          ],
          [
            -75.6901849,
            45.380463
          ],
          [
            -75.6898451,
            45.3807292
          ],
          [
            -75.6896692,
            45.3808688
          ],
          [
            -75.6893807,
            45.381097
          ],
          [
            -75.688937,
            45.3814482
          ],
          [
            -75.6888337,
            45.3815247
          ],
          [
            -75.6887175,
            45.3816102
          ],
          [
            -75.6886305,
            45.3816682
          ],
          [
            -75.6881194,
            45.3819719
          ]
        ]
      }
    },
    {
      "type": "Feature",
      "properties": {
        "u": 905109626,
        "v": 905109599,
        "key": 0,
        "osmid": 76842015,
        "highway": "primary_link",
        "lanes": "1",
        "maxspeed": "",
        "name": "",
        "oneway": true,
        "reversed": "False",
        "length": 107.81876165273854,
        "ref": "",
        "tunnel": "",
        "bridge": "",
        "width": "3",
        "access": "",
        "junction": ""
      },
      "geometry": {
        "type": "LineString",
        "coordinates": [
          [
            -75.690307,
            45.3769947
          ],
          [
            -75.6909192,
            45.3770322
          ],
          [
            -75.6909836,
            45.377043
          ],
          [
            -75.6912342,
            45.377085
          ],
          [
            -75.6913144,
            45.3771132
          ],
          [
            -75.6913775,
            45.3771708
          ],
          [
            -75.6914506,
            45.3773379
          ]
        ]
      }
    },
    {
      "type": "Feature",
      "properties": {
        "u": 905109626,
        "v": 901068203,
        "key": 0,
        "osmid": 456377577,
        "highway": "primary",
        "lanes": "5",
        "maxspeed": "60",
        "name": "Heron Road",
        "oneway": true,
        "reversed": "False",
        "length": 85.50196951767873,
        "ref": "16",
        "tunnel": "",
        "bridge": "",
        "width": "",
        "access": "",
        "junction": ""
      },
      "geometry": {
        "type": "LineString",
        "coordinates": [
          [
            -75.690307,
            45.3769947
          ],
          [
            -75.6912709,
            45.3769225
          ],
          [
            -75.6913955,
            45.3769132
          ]
        ]
      }
    },
    {
      "type": "Feature",
      "properties": {
        "u": 905109869,
        "v": 901067360,
        "key": 0,
        "osmid": 76842014,
        "highway": "primary_link",
        "lanes": "1",
        "maxspeed": "",
        "name": "",
        "oneway": true,
        "reversed": "False",
        "length": 93.5065322049488,
        "ref": "",
        "tunnel": "",
        "bridge": "",
        "width": "",
        "access": "",
        "junction": ""
      },
      "geometry": {
        "type": "LineString",
        "coordinates": [
          [
            -75.6912606,
            45.3760421
          ],
          [
            -75.6912345,
            45.3763274
          ],
          [
            -75.6912282,
            45.3763883
          ],
          [
            -75.6912102,
            45.3764845
          ],
          [
            -75.6911835,
            45.3765658
          ],
          [
            -75.6911732,
            45.376588
          ],
          [
            -75.6911683,
            45.3766016
          ],
          [
            -75.6911343,
            45.3766907
          ],
          [
            -75.6910727,
            45.3767473
          ],
          [
            -75.6909391,
            45.3768096
          ]
        ]
      }
    },
    {
      "type": "Feature",
      "properties": {
        "u": 905109869,
        "v": 901066647,
        "key": 0,
        "osmid": "[1342130297, 425564583]",
        "highway": "primary",
        "lanes": "4",
        "maxspeed": "60",
        "name": "Riverside Drive",
        "oneway": true,
        "reversed": "False",
        "length": 82.43159321908485,
        "ref": "19",
        "tunnel": "",
        "bridge": "",
        "width": "",
        "access": "",
        "junction": ""
      },
      "geometry": {
        "type": "LineString",
        "coordinates": [
          [
            -75.6912606,
            45.3760421
          ],
          [
            -75.6913047,
            45.376331
          ],
          [
            -75.6913538,
            45.3766526
          ],
          [
            -75.6913731,
            45.3767792
          ]
        ]
      }
    },
    {
      "type": "Feature",
      "properties": {
        "u": 905110064,
        "v": 901067682,
        "key": 0,
        "osmid": 76842012,
        "highway": "primary_link",
        "lanes": "1",
        "maxspeed": "",
        "name": "",
        "oneway": true,
        "reversed": "False",
        "length": 122.32140737521095,
        "ref": "",
        "tunnel": "",
        "bridge": "",
        "width": "",
        "access": "",
        "junction": ""
      },
      "geometry": {
        "type": "LineString",
        "coordinates": [
          [
            -75.691695,
            45.3778235
          ],
          [
            -75.6917214,
            45.3774675
          ],
          [
            -75.6917096,
            45.3773103
          ],
          [
            -75.6917162,
            45.3772613
          ],
          [
            -75.6917233,
            45.3772158
          ],
          [
            -75.691732,
            45.3771634
          ],
          [
            -75.6917456,
            45.3771141
          ],
          [
            -75.6917627,
            45.3770607
          ],
          [
            -75.6918133,
            45.3769883
          ],
          [
            -75.6919342,
            45.3769226
          ],
          [
            -75.6921261,
            45.376868
          ]
        ]
      }
    },
    {
      "type": "Feature",
      "properties": {
        "u": 905110064,
        "v": 901067245,
        "key": 0,
        "osmid": 313465212,
        "highway": "primary",
        "lanes": "2",
        "maxspeed": "60",
        "name": "Riverside Drive",
        "oneway": true,
        "reversed": "False",
        "length": 102.94483043052038,
        "ref": "19",
        "tunnel": "",
        "bridge": "",
        "width": "",
        "access": "",
        "junction": ""
      },
      "geometry": {
        "type": "LineString",
        "coordinates": [
          [
            -75.691695,
            45.3778235
          ],
          [
            -75.6915848,
            45.377033
          ],
          [
            -75.6915666,
            45.3769021
          ]
        ]
      }
    },
    {
      "type": "Feature",
      "properties": {
        "u": 905110195,
        "v": 905128179,
        "key": 0,
        "osmid": "[532842240, 737163241, 188954427]",
        "highway": "primary",
        "lanes": "[\"3\", \"4\"]",
        "maxspeed": "60",
        "name": "Riverside Drive",
        "oneway": true,
        "reversed": "False",
        "length": 302.97136453710806,
        "ref": "19",
        "tunnel": "",
        "bridge": "",
        "width": "",
        "access": "",
        "junction": ""
      },
      "geometry": {
        "type": "LineString",
        "coordinates": [
          [
            -75.6914675,
            45.3762375
          ],
          [
            -75.691361,
            45.3753178
          ],
          [
            -75.6913158,
            45.3750017
          ],
          [
            -75.6911043,
            45.3735249
          ]
        ]
      }
    },
    {
      "type": "Feature",
      "properties": {
        "u": 905116641,
        "v": 901051401,
        "key": 0,
        "osmid": 130293861,
        "highway": "residential",
        "lanes": "2",
        "maxspeed": "30",
        "name": "Canal Woods Terrace",
        "oneway": false,
        "reversed": "True",
        "length": 150.63140428014626,
        "ref": "",
        "tunnel": "",
        "bridge": "",
        "width": "",
        "access": "",
        "junction": ""
      },
      "geometry": {
        "type": "LineString",
        "coordinates": [
          [
            -75.6948735,
            45.3927084
          ],
          [
            -75.6948498,
            45.3926677
          ],
          [
            -75.6948349,
            45.3926426
          ],
          [
            -75.6944627,
            45.3920083
          ],
          [
            -75.6942148,
            45.3915858
          ],
          [
            -75.6941386,
            45.3914559
          ]
        ]
      }
    },
    {
      "type": "Feature",
      "properties": {
        "u": 905116641,
        "v": 901062346,
        "key": 0,
        "osmid": 456557737,
        "highway": "residential",
        "lanes": "2",
        "maxspeed": "30",
        "name": "Canal Woods Terrace",
        "oneway": false,
        "reversed": "False",
        "length": 6.987658852398699,
        "ref": "",
        "tunnel": "",
        "bridge": "",
        "width": "",
        "access": "",
        "junction": ""
      },
      "geometry": {
        "type": "LineString",
        "coordinates": [
          [
            -75.6948735,
            45.3927084
          ],
          [
            -75.6948946,
            45.3927444
          ],
          [
            -75.6949076,
            45.3927665
          ]
        ]
      }
    },
    {
      "type": "Feature",
      "properties": {
        "u": 905117452,
        "v": 905118689,
        "key": 0,
        "osmid": 76421058,
        "highway": "primary",
        "lanes": "2",
        "maxspeed": "60",
        "name": "Bronson Avenue",
        "oneway": true,
        "reversed": "False",
        "length": 36.912492651794345,
        "ref": "79",
        "tunnel": "",
        "bridge": "",
        "width": "",
        "access": "",
        "junction": ""
      },
      "geometry": {
        "type": "LineString",
        "coordinates": [
          [
            -75.6955994,
            45.3923315
          ],
          [
            -75.6956486,
            45.3924094
          ],
          [
            -75.6956929,
            45.3924799
          ],
          [
            -75.6957346,
            45.3925581
          ],
          [
            -75.6957728,
            45.39264
          ]
        ]
      }
    },
    {
      "type": "Feature",
      "properties": {
        "u": 905117452,
        "v": 905116641,
        "key": 0,
        "osmid": 76843109,
        "highway": "primary_link",
        "lanes": "1",
        "maxspeed": "",
        "name": "",
        "oneway": true,
        "reversed": "False",
        "length": 74.11363093069136,
        "ref": "",
        "tunnel": "",
        "bridge": "",
        "width": "",
        "access": "",
        "junction": ""
      },
      "geometry": {
        "type": "LineString",
        "coordinates": [
          [
            -75.6955994,
            45.3923315
          ],
          [
            -75.6955879,
            45.3923788
          ],
          [
            -75.6955763,
            45.3924047
          ],
          [
            -75.6955366,
            45.3924479
          ],
          [
            -75.6955156,
            45.3924705
          ],
          [
            -75.6954427,
            45.3925178
          ],
          [
            -75.6953665,
            45.3925499
          ],
          [
            -75.6953139,
            45.3925694
          ],
          [
            -75.6951819,
            45.3926092
          ],
          [
            -75.6950067,
            45.392667
          ],
          [
            -75.6949692,
            45.3926793
          ],
          [
            -75.6948735,
            45.3927084
          ]
        ]
      }
    },
    {
      "type": "Feature",
      "properties": {
        "u": 905117475,
        "v": 901052344,
        "key": 0,
        "osmid": 1350685414,
        "highway": "primary_link",
        "lanes": "1",
        "maxspeed": "",
        "name": "",
        "oneway": true,
        "reversed": "False",
        "length": 9.611299505693374,
        "ref": "",
        "tunnel": "",
        "bridge": "",
        "width": "",
        "access": "",
        "junction": ""
      },
      "geometry": {
        "type": "LineString",
        "coordinates": [
          [
            -75.6973964,
            45.3931043
          ],
          [
            -75.6975039,
            45.3931464
          ]
        ]
      }
    },
    {
      "type": "Feature",
      "properties": {
        "u": 905117475,
        "v": 1435493312,
        "key": 0,
        "osmid": 1350685413,
        "highway": "secondary",
        "lanes": "1",
        "maxspeed": "60",
        "name": "Colonel By Drive",
        "oneway": true,
        "reversed": "False",
        "length": 65.69394040055276,
        "ref": "",
        "tunnel": "",
        "bridge": "",
        "width": "",
        "access": "",
        "junction": ""
      },
      "geometry": {
        "type": "LineString",
        "coordinates": [
          [
            -75.6973964,
            45.3931043
          ],
          [
            -75.6970561,
            45.3933342
          ],
          [
            -75.6969706,
            45.3933901
          ],
          [
            -75.6968841,
            45.3934396
          ],
          [
            -75.696765,
            45.3934922
          ]
        ]
      }
    },
    {
      "type": "Feature",
      "properties": {
        "u": 905117603,
        "v": 905118689,
        "key": 0,
        "osmid": 76843232,
        "highway": "primary_link",
        "lanes": "1",
        "maxspeed": "",
        "name": "",
        "oneway": true,
        "reversed": "False",
        "length": 43.20663990198704,
        "ref": "",
        "tunnel": "",
        "bridge": "",
        "width": "",
        "access": "",
        "junction": ""
      },
      "geometry": {
        "type": "LineString",
        "coordinates": [
          [
            -75.6952266,
            45.3926638
          ],
          [
            -75.695291,
            45.392645
          ],
          [
            -75.695345,
            45.3926365
          ],
          [
            -75.6954737,
            45.392632
          ],
          [
            -75.6956637,
            45.3926354
          ],
          [
            -75.6956962,
            45.3926361
          ],
          [
            -75.6957728,
            45.39264
          ]
        ]
      }
    },
    {
      "type": "Feature",
      "properties": {
        "u": 905117604,
        "v": 1435531967,
        "key": 0,
        "osmid": 76843164,
        "highway": "primary_link",
        "lanes": "1",
        "maxspeed": "",
        "name": "",
        "oneway": true,
        "reversed": "False",
        "length": 67.41305978454898,
        "ref": "",
        "tunnel": "",
        "bridge": "",
        "width": "",
        "access": "",
        "junction": ""
      },
      "geometry": {
        "type": "LineString",
        "coordinates": [
          [
            -75.694494,
            45.3896198
          ],
          [
            -75.6943332,
            45.3896548
          ],
          [
            -75.6941744,
            45.3896812
          ],
          [
            -75.6941139,
            45.3896851
          ],
          [
            -75.694084,
            45.3896858
          ],
          [
            -75.6940227,
            45.3896876
          ],
          [
            -75.693972,
            45.3896891
          ],
          [
            -75.6939272,
            45.3896884
          ],
          [
            -75.6939065,
            45.3896887
          ],
          [
            -75.6938726,
            45.3896892
          ],
          [
            -75.6938365,
            45.3896822
          ],
          [
            -75.6937967,
            45.38967
          ],
          [
            -75.6936924,
            45.3895956
          ]
        ]
      }
    },
    {
      "type": "Feature",
      "properties": {
        "u": 905117604,
        "v": 11772764642,
        "key": 0,
        "osmid": 1302553384,
        "highway": "tertiary",
        "lanes": "3",
        "maxspeed": "40",
        "name": "University Drive",
        "oneway": true,
        "reversed": "False",
        "length": 53.93222889852144,
        "ref": "",
        "tunnel": "",
        "bridge": "",
        "width": "",
        "access": "",
        "junction": ""
      },
      "geometry": {
        "type": "LineString",
        "coordinates": [
          [
            -75.694494,
            45.3896198
          ],
          [
            -75.6940614,
            45.3897978
          ],
          [
            -75.6940065,
            45.3898204
          ],
          [
            -75.6938977,
            45.3898645
          ]
        ]
      }
    },
    {
      "type": "Feature",
      "properties": {
        "u": 905117646,
        "v": 1435493300,
        "key": 0,
        "osmid": 456557740,
        "highway": "residential",
        "lanes": "2",
        "maxspeed": "30",
        "name": "Canal Woods Terrace",
        "oneway": false,
        "reversed": "False",
        "length": 18.313073472965375,
        "ref": "",
        "tunnel": "",
        "bridge": "",
        "width": "",
        "access": "",
        "junction": ""
      },
      "geometry": {
        "type": "LineString",
        "coordinates": [
          [
            -75.6950304,
            45.3929763
          ],
          [
            -75.69512,
            45.3931285
          ]
        ]
      }
    },
    {
      "type": "Feature",
      "properties": {
        "u": 905117646,
        "v": 905117603,
        "key": 0,
        "osmid": 76843169,
        "highway": "primary_link",
        "lanes": "1",
        "maxspeed": "",
        "name": "",
        "oneway": true,
        "reversed": "False",
        "length": 40.04752092064467,
        "ref": "",
        "tunnel": "",
        "bridge": "",
        "width": "",
        "access": "",
        "junction": ""
      },
      "geometry": {
        "type": "LineString",
        "coordinates": [
          [
            -75.6950304,
            45.3929763
          ],
          [
            -75.6950266,
            45.3929158
          ],
          [
            -75.6950331,
            45.3928708
          ],
          [
            -75.6950473,
            45.3928302
          ],
          [
            -75.6950714,
            45.3927846
          ],
          [
            -75.6951001,
            45.3927536
          ],
          [
            -75.6951211,
            45.392733
          ],
          [
            -75.6951421,
            45.3927153
          ],
          [
            -75.6952266,
            45.3926638
          ]
        ]
      }
    },
    {
      "type": "Feature",
      "properties": {
        "u": 905117646,
        "v": 901062346,
        "key": 0,
        "osmid": 456557743,
        "highway": "residential",
        "lanes": "2",
        "maxspeed": "30",
        "name": "Canal Woods Terrace",
        "oneway": false,
        "reversed": "True",
        "length": 25.22255809420291,
        "ref": "",
        "tunnel": "",
        "bridge": "",
        "width": "",
        "access": "",
        "junction": ""
      },
      "geometry": {
        "type": "LineString",
        "coordinates": [
          [
            -75.6950304,
            45.3929763
          ],
          [
            -75.6949698,
            45.3928728
          ],
          [
            -75.6949433,
            45.3928276
          ],
          [
            -75.6949284,
            45.3928021
          ],
          [
            -75.6949076,
            45.3927665
          ]
        ]
      }
    },
    {
      "type": "Feature",
      "properties": {
        "u": 905118768,
        "v": 1435493312,
        "key": 0,
        "osmid": 76843132,
        "highway": "primary_link",
        "lanes": "1",
        "maxspeed": "",
        "name": "",
        "oneway": true,
        "reversed": "False",
        "length": 83.72812220555579,
        "ref": "",
        "tunnel": "",
        "bridge": "",
        "width": "",
        "access": "",
        "junction": ""
      },
      "geometry": {
        "type": "LineString",
        "coordinates": [
          [
            -75.696975,
            45.3928466
          ],
          [
            -75.6970402,
            45.3929207
          ],
          [
            -75.6970712,
            45.3929656
          ],
          [
            -75.6970914,
            45.3930025
          ],
          [
            -75.6971082,
            45.3930497
          ],
          [
            -75.6971167,
            45.3930885
          ],
          [
            -75.6971176,
            45.393129
          ],
          [
            -75.6971073,
            45.3931734
          ],
          [
            -75.6970819,
            45.3932189
          ],
          [
            -75.6970396,
            45.3932759
          ],
          [
            -75.6969347,
            45.3933648
          ],
          [
            -75.696765,
            45.3934922
          ]
        ]
      }
    },
    {
      "type": "Feature",
      "properties": {
        "u": 905118768,
        "v": 905117475,
        "key": 0,
        "osmid": 76843216,
        "highway": "primary_link",
        "lanes": "1",
        "maxspeed": "",
        "name": "",
        "oneway": true,
        "reversed": "False",
        "length": 43.790969761477314,
        "ref": "",
        "tunnel": "",
        "bridge": "",
        "width": "",
        "access": "",
        "junction": ""
      },
      "geometry": {
        "type": "LineString",
        "coordinates": [
          [
            -75.696975,
            45.3928466
          ],
          [
            -75.697053,
            45.3928794
          ],
          [
            -75.6971071,
            45.3929094
          ],
          [
            -75.6971487,
            45.3929356
          ],
          [
            -75.6972249,
            45.3929875
          ],
          [
            -75.6973175,
            45.393052
          ],
          [
            -75.6973964,
            45.3931043
          ]
        ]
      }
    },
    {
      "type": "Feature",
      "properties": {
        "u": 905125000,
        "v": 905109869,
        "key": 0,
        "osmid": "[600507761, 600507762, 76421183]",
        "highway": "primary",
        "lanes": "[\"3\", \"4\", \"5\"]",
        "maxspeed": "60",
        "name": "Riverside Drive",
        "oneway": true,
        "reversed": "False",
        "length": 297.1204588473733,
        "ref": "19",
        "tunnel": "",
        "bridge": "",
        "width": "",
        "access": "",
        "junction": ""
      },
      "geometry": {
        "type": "LineString",
        "coordinates": [
          [
            -75.6908949,
            45.3733826
          ],
          [
            -75.6910251,
            45.374381
          ],
          [
            -75.6911008,
            45.3749953
          ],
          [
            -75.691178,
            45.3754389
          ],
          [
            -75.6912606,
            45.3760421
          ]
        ]
      }
    },
    {
      "type": "Feature",
      "properties": {
        "u": 905125076,
        "v": 901801173,
        "key": 0,
        "osmid": 456377573,
        "highway": "primary",
        "lanes": "2",
        "maxspeed": "60",
        "name": "Riverside Drive",
        "oneway": true,
        "reversed": "False",
        "length": 320.26551314677414,
        "ref": "19",
        "tunnel": "",
        "bridge": "",
        "width": "",
        "access": "",
        "junction": ""
      },
      "geometry": {
        "type": "LineString",
        "coordinates": [
          [
            -75.6896032,
            45.3678929
          ],
          [
            -75.6898876,
            45.3688647
          ],
          [
            -75.6899918,
            45.3692591
          ],
          [
            -75.690043,
            45.3694532
          ],
          [
            -75.6901093,
            45.3697039
          ],
          [
            -75.6901448,
            45.3698384
          ],
          [
            -75.6903779,
            45.3707211
          ]
        ]
      }
    },
    {
      "type": "Feature",
      "properties": {
        "u": 905125114,
        "v": 901795386,
        "key": 0,
        "osmid": 76505155,
        "highway": "secondary",
        "lanes": "3",
        "maxspeed": "50",
        "name": "Brookfield Road",
        "oneway": false,
        "reversed": "True",
        "length": 52.39407443878403,
        "ref": "51",
        "tunnel": "",
        "bridge": "",
        "width": "",
        "access": "",
        "junction": ""
      },
      "geometry": {
        "type": "LineString",
        "coordinates": [
          [
            -75.6901896,
            45.3731233
          ],
          [
            -75.6906846,
            45.3730964
          ],
          [
            -75.6907333,
            45.3730938
          ],
          [
            -75.6908579,
            45.3730837
          ]
        ]
      }
    },
    {
      "type": "Feature",
      "properties": {
        "u": 905125114,
        "v": 4882865107,
        "key": 0,
        "osmid": 76510481,
        "highway": "secondary",
        "lanes": "4",
        "maxspeed": "50",
        "name": "Brookfield Road",
        "oneway": false,
        "reversed": "False",
        "length": 129.95194907278074,
        "ref": "51",
        "tunnel": "",
        "bridge": "",
        "width": "",
        "access": "",
        "junction": ""
      },
      "geometry": {
        "type": "LineString",
        "coordinates": [
          [
            -75.6901896,
            45.3731233
          ],
          [
            -75.6897272,
            45.3731537
          ],
          [
            -75.6893352,
            45.3731811
          ],
          [
            -75.6885339,
            45.3732373
          ]
        ]
      }
    },
    {
      "type": "Feature",
      "properties": {
        "u": 905125114,
        "v": 905125000,
        "key": 0,
        "osmid": 76843894,
        "highway": "primary_link",
        "lanes": "1",
        "maxspeed": "",
        "name": "",
        "oneway": true,
        "reversed": "False",
        "length": 66.70113427844689,
        "ref": "",
        "tunnel": "",
        "bridge": "",
        "width": "",
        "access": "",
        "junction": ""
      },
      "geometry": {
        "type": "LineString",
        "coordinates": [
          [
            -75.6901896,
            45.3731233
          ],
          [
            -75.6904037,
            45.3731523
          ],
          [
            -75.6905632,
            45.3731809
          ],
          [
            -75.6907176,
            45.3732166
          ],
          [
            -75.6908059,
            45.3732533
          ],
          [
            -75.6908521,
            45.3732999
          ],
          [
            -75.6908949,
            45.3733826
          ]
        ]
      }
    },
    {
      "type": "Feature",
      "properties": {
        "u": 905128179,
        "v": 905128776,
        "key": 0,
        "osmid": 76843997,
        "highway": "primary_link",
        "lanes": "1",
        "maxspeed": "",
        "name": "",
        "oneway": true,
        "reversed": "False",
        "length": 71.1787184093908,
        "ref": "",
        "tunnel": "",
        "bridge": "",
        "width": "",
        "access": "",
        "junction": ""
      },
      "geometry": {
        "type": "LineString",
        "coordinates": [
          [
            -75.6911043,
            45.3735249
          ],
          [
            -75.6911281,
            45.3733964
          ],
          [
            -75.6911739,
            45.3733062
          ],
          [
            -75.691289,
            45.3732016
          ],
          [
            -75.6914122,
            45.373119
          ],
          [
            -75.6916181,
            45.373044
          ]
        ]
      }
    },
    {
      "type": "Feature",
      "properties": {
        "u": 905128179,
        "v": 901796899,
        "key": 0,
        "osmid": 338408363,
        "highway": "primary",
        "lanes": "4",
        "maxspeed": "60",
        "name": "Riverside Drive",
        "oneway": true,
        "reversed": "False",
        "length": 50.274981951326716,
        "ref": "19",
        "tunnel": "",
        "bridge": "",
        "width": "",
        "access": "",
        "junction": ""
      },
      "geometry": {
        "type": "LineString",
        "coordinates": [
          [
            -75.6911043,
            45.3735249
          ],
          [
            -75.691063,
            45.3731947
          ],
          [
            -75.691058,
            45.373155
          ],
          [
            -75.691048,
            45.3730745
          ]
        ]
      }
    },
    {
      "type": "Feature",
      "properties": {
        "u": 905128208,
        "v": 901801021,
        "key": 0,
        "osmid": 76504912,
        "highway": "primary",
        "lanes": "2",
        "maxspeed": "50",
        "name": "Prince Of Wales Drive",
        "oneway": true,
        "reversed": "False",
        "length": 17.561091147054164,
        "ref": "73",
        "tunnel": "",
        "bridge": "",
        "width": "",
        "access": "",
        "junction": ""
      },
      "geometry": {
        "type": "LineString",
        "coordinates": [
          [
            -75.7078384,
            45.3743502
          ],
          [
            -75.7079368,
            45.3742082
          ]
        ]
      }
    },
    {
      "type": "Feature",
      "properties": {
        "u": 905128277,
        "v": 4526484432,
        "key": 0,
        "osmid": "[538382776, 76505658, 76505424, 600025695]",
        "highway": "secondary",
        "lanes": "[\"3\", \"4\"]",
        "maxspeed": "60",
        "name": "Hog's Back Road",
        "oneway": false,
        "reversed": "True",
        "length": 172.49993839850745,
        "ref": "51",
        "tunnel": "",
        "bridge": "yes",
        "width": "",
        "access": "",
        "junction": ""
      },
      "geometry": {
        "type": "LineString",
        "coordinates": [
          [
            -75.6984625,
            45.3698739
          ],
          [
            -75.6989042,
            45.3696524
          ],
          [
            -75.6993435,
            45.3694471
          ],
          [
            -75.6996595,
            45.3692882
          ],
          [
            -75.6997986,
            45.3692115
          ],
          [
            -75.6999466,
            45.3691088
          ],
          [
            -75.6999942,
            45.3690673
          ],
          [
            -75.7001578,
            45.3689003
          ]
        ]
      }
    },
    {
      "type": "Feature",
      "properties": {
        "u": 905128277,
        "v": 901780974,
        "key": 0,
        "osmid": 76505727,
        "highway": "secondary",
        "lanes": "3",
        "maxspeed": "60",
        "name": "Hog's Back Road",
        "oneway": false,
        "reversed": "False",
        "length": 25.904655019160572,
        "ref": "51",
        "tunnel": "",
        "bridge": "",
        "width": "",
        "access": "",
        "junction": ""
      },
      "geometry": {
        "type": "LineString",
        "coordinates": [
          [
            -75.6984625,
            45.3698739
          ],
          [
            -75.698271,
            45.3699745
          ],
          [
            -75.698194,
            45.3700105
          ]
        ]
      }
    },
    {
      "type": "Feature",
      "properties": {
        "u": 905128633,
        "v": 901795386,
        "key": 0,
        "osmid": 76505440,
        "highway": "primary",
        "lanes": "4",
        "maxspeed": "60",
        "name": "Riverside Drive",
        "oneway": true,
        "reversed": "False",
        "length": 37.987179010704764,
        "ref": "19",
        "tunnel": "",
        "bridge": "",
        "width": "",
        "access": "",
        "junction": ""
      },
      "geometry": {
        "type": "LineString",
        "coordinates": [
          [
            -75.6908158,
            45.3727434
          ],
          [
            -75.6908399,
            45.3729382
          ],
          [
            -75.6908493,
            45.3729941
          ],
          [
            -75.6908579,
            45.3730837
          ]
        ]
      }
    },
    {
      "type": "Feature",
      "properties": {
        "u": 905128633,
        "v": 905125114,
        "key": 0,
        "osmid": 76844030,
        "highway": "primary_link",
        "lanes": "1",
        "maxspeed": "",
        "name": "",
        "oneway": true,
        "reversed": "False",
        "length": 69.74311412644452,
        "ref": "",
        "tunnel": "",
        "bridge": "",
        "width": "",
        "access": "",
        "junction": ""
      },
      "geometry": {
        "type": "LineString",
        "coordinates": [
          [
            -75.6908158,
            45.3727434
          ],
          [
            -75.6907175,
            45.3729274
          ],
          [
            -75.6906688,
            45.3729742
          ],
          [
            -75.6905759,
            45.3730278
          ],
          [
            -75.6904946,
            45.3730559
          ],
          [
            -75.6901896,
            45.3731233
          ]
        ]
      }
    },
    {
      "type": "Feature",
      "properties": {
        "u": 905128776,
        "v": 901796899,
        "key": 0,
        "osmid": 76504868,
        "highway": "secondary",
        "lanes": "3",
        "maxspeed": "60",
        "name": "Hog's Back Road",
        "oneway": false,
        "reversed": "False",
        "length": 44.66456781859174,
        "ref": "51",
        "tunnel": "",
        "bridge": "",
        "width": "",
        "access": "",
        "junction": ""
      },
      "geometry": {
        "type": "LineString",
        "coordinates": [
          [
            -75.6916181,
            45.373044
          ],
          [
            -75.691234,
            45.3730627
          ],
          [
            -75.6911864,
            45.373065
          ],
          [
            -75.691048,
            45.3730745
          ]
        ]
      }
    },
    {
      "type": "Feature",
      "properties": {
        "u": 905128776,
        "v": 901794084,
        "key": 0,
        "osmid": "[76505328, 76505307, 76505380, 76506173]",
        "highway": "secondary",
        "lanes": "2",
        "maxspeed": "60",
        "name": "Hog's Back Road",
        "oneway": false,
        "reversed": "True",
        "length": 557.3192826242158,
        "ref": "51",
        "tunnel": "",
        "bridge": "yes",
        "width": "",
        "access": "",
        "junction": ""
      },
      "geometry": {
        "type": "LineString",
        "coordinates": [
          [
            -75.6916181,
            45.373044
          ],
          [
            -75.6920236,
            45.3729892
          ],
          [
            -75.6923796,
            45.3729188
          ],
          [
            -75.6926986,
            45.3728321
          ],
          [
            -75.6929911,
            45.3727313
          ],
          [
            -75.6933848,
            45.3725578
          ],
          [
            -75.6937652,
            45.3723395
          ],
          [
            -75.6948802,
            45.3716405
          ],
          [
            -75.6949504,
            45.3715965
          ],
          [
            -75.6950178,
            45.3715599
          ],
          [
            -75.6953757,
            45.3713596
          ],
          [
            -75.6955321,
            45.3712802
          ],
          [
            -75.696031,
            45.3710317
          ],
          [
            -75.6969737,
            45.3705781
          ],
          [
            -75.6975151,
            45.3703259
          ]
        ]
      }
    },
    {
      "type": "Feature",
      "properties": {
        "u": 905128776,
        "v": 905129094,
        "key": 0,
        "osmid": 76843832,
        "highway": "primary_link",
        "lanes": "1",
        "maxspeed": "",
        "name": "",
        "oneway": true,
        "reversed": "False",
        "length": 79.37935523779777,
        "ref": "",
        "tunnel": "",
        "bridge": "",
        "width": "",
        "access": "",
        "junction": ""
      },
      "geometry": {
        "type": "LineString",
        "coordinates": [
          [
            -75.6916181,
            45.373044
          ],
          [
            -75.6913469,
            45.372992
          ],
          [
            -75.6912065,
            45.3729166
          ],
          [
            -75.6911019,
            45.3728059
          ],
          [
            -75.6909836,
            45.3725602
          ]
        ]
      }
    },
    {
      "type": "Feature",
      "properties": {
        "u": 905128928,
        "v": 901070258,
        "key": 0,
        "osmid": 76506967,
        "highway": "primary",
        "lanes": "3",
        "maxspeed": "50",
        "name": "Prince Of Wales Drive",
        "oneway": true,
        "reversed": "False",
        "length": 66.74548150872334,
        "ref": "73",
        "tunnel": "",
        "bridge": "",
        "width": "",
        "access": "",
        "junction": ""
      },
      "geometry": {
        "type": "LineString",
        "coordinates": [
          [
            -75.7075848,
            45.3744958
          ],
          [
            -75.7074117,
            45.3750024
          ],
          [
            -75.7073861,
            45.3750796
          ]
        ]
      }
    },
    {
      "type": "Feature",
      "properties": {
        "u": 905128928,
        "v": 901065733,
        "key": 0,
        "osmid": 76843876,
        "highway": "primary_link",
        "lanes": "1",
        "maxspeed": "50",
        "name": "",
        "oneway": true,
        "reversed": "False",
        "length": 129.90893956788483,
        "ref": "",
        "tunnel": "",
        "bridge": "",
        "width": "",
        "access": "",
        "junction": ""
      },
      "geometry": {
        "type": "LineString",
        "coordinates": [
          [
            -75.7075848,
            45.3744958
          ],
          [
            -75.7073455,
            45.3747673
          ],
          [
            -75.7072407,
            45.3748667
          ],
          [
            -75.7071758,
            45.3749134
          ],
          [
            -75.7070566,
            45.3749744
          ],
          [
            -75.7069559,
            45.3750076
          ],
          [
            -75.7068507,
            45.3750314
          ],
          [
            -75.7063029,
            45.3751429
          ]
        ]
      }
    },
    {
      "type": "Feature",
      "properties": {
        "u": 905128962,
        "v": 901780974,
        "key": 0,
        "osmid": 76505801,
        "highway": "secondary",
        "lanes": "2",
        "maxspeed": "60",
        "name": "Colonel By Drive",
        "oneway": false,
        "reversed": "True",
        "length": 29.763088381351814,
        "ref": "",
        "tunnel": "",
        "bridge": "",
        "width": "",
        "access": "",
        "junction": ""
      },
      "geometry": {
        "type": "LineString",
        "coordinates": [
          [
            -75.6984645,
            45.370199
          ],
          [
            -75.698265,
            45.3700598
          ],
          [
            -75.698194,
            45.3700105
          ]
        ]
      }
    },
    {
      "type": "Feature",
      "properties": {
        "u": 905128962,
        "v": 905128277,
        "key": 0,
        "osmid": 76844156,
        "highway": "secondary_link",
        "lanes": "1",
        "maxspeed": "",
        "name": "",
        "oneway": true,
        "reversed": "False",
        "length": 37.43877912520245,
        "ref": "",
        "tunnel": "",
        "bridge": "",
        "width": "",
        "access": "",
        "junction": ""
      },
      "geometry": {
        "type": "LineString",
        "coordinates": [
          [
            -75.6984645,
            45.370199
          ],
          [
            -75.6984048,
            45.3700461
          ],
          [
            -75.6984041,
            45.3700213
          ],
          [
            -75.6984173,
            45.36997
          ],
          [
            -75.6984625,
            45.3698739
          ]
        ]
      }
    },
    {
      "type": "Feature",
      "properties": {
        "u": 905128962,
        "v": 901070200,
        "key": 0,
        "osmid": "[600025679, 456373013, 76505722, 532949499, 600025694]",
        "highway": "secondary",
        "lanes": "[\"3\", \"2\"]",
        "maxspeed": "60",
        "name": "Colonel By Drive",
        "oneway": false,
        "reversed": "False",
        "length": 1026.155299762912,
        "ref": "",
        "tunnel": "",
        "bridge": "",
        "width": "",
        "access": "",
        "junction": ""
      },
      "geometry": {
        "type": "LineString",
        "coordinates": [
          [
            -75.6984645,
            45.370199
          ],
          [
            -75.698942,
            45.370548
          ],
          [
            -75.6992027,
            45.3707587
          ],
          [
            -75.6993708,
            45.3709276
          ],
          [
            -75.699571,
            45.3711549
          ],
          [
            -75.699817,
            45.3715038
          ],
          [
            -75.6999417,
            45.3717169
          ],
          [
            -75.700209,
            45.3723078
          ],
          [
            -75.7004361,
            45.3727406
          ],
          [
            -75.7008098,
            45.3732674
          ],
          [
            -75.7012234,
            45.3738073
          ],
          [
            -75.7013342,
            45.373974
          ],
          [
            -75.7014367,
            45.3741568
          ],
          [
            -75.7015839,
            45.3745509
          ],
          [
            -75.701644,
            45.3748144
          ],
          [
            -75.701667,
            45.3749763
          ],
          [
            -75.7016755,
            45.3752864
          ],
          [
            -75.7016706,
            45.3753761
          ],
          [
            -75.7016628,
            45.3754443
          ],
          [
            -75.7016421,
            45.3755845
          ],
          [
            -75.7016188,
            45.3757012
          ],
          [
            -75.7015753,
            45.3758632
          ],
          [
            -75.7014771,
            45.3761296
          ],
          [
            -75.7014454,
            45.3762303
          ],
          [
            -75.7013644,
            45.3765874
          ],
          [
            -75.7013262,
            45.3768064
          ],
          [
            -75.7012944,
            45.3770114
          ],
          [
            -75.7012892,
            45.3771987
          ],
          [
            -75.7012996,
            45.3773672
          ],
          [
            -75.7013092,
            45.3777856
          ],
          [
            -75.7013283,
            45.3782523
          ],
          [
            -75.7013393,
            45.3784462
          ],
          [
            -75.7013534,
            45.3787295
          ],
          [
            -75.7013581,
            45.3788234
          ]
        ]
      }
    },
    {
      "type": "Feature",
      "properties": {
        "u": 905129094,
        "v": 901793099,
        "key": 0,
        "osmid": "[338408364, 600507765]",
        "highway": "primary",
        "lanes": "[\"3\", \"4\"]",
        "maxspeed": "60",
        "name": "Riverside Drive",
        "oneway": true,
        "reversed": "False",
        "length": 210.24785562449574,
        "ref": "19",
        "tunnel": "",
        "bridge": "",
        "width": "",
        "access": "",
        "junction": ""
      },
      "geometry": {
        "type": "LineString",
        "coordinates": [
          [
            -75.6909836,
            45.3725602
          ],
          [
            -75.6909117,
            45.3720891
          ],
          [
            -75.6908768,
            45.3719101
          ],
          [
            -75.6908312,
            45.3717085
          ],
          [
            -75.690555,
            45.3706947
          ]
        ]
      }
    },
    {
      "type": "Feature",
      "properties": {
        "u": 957626550,
        "v": 59095650,
        "key": 0,
        "osmid": "[130207184, 538861666, 130207187, 7939211]",
        "highway": "unclassified",
        "lanes": "2",
        "maxspeed": "25",
        "name": "",
        "oneway": false,
        "reversed": "True",
        "length": 175.34550511420264,
        "ref": "",
        "tunnel": "yes",
        "bridge": "",
        "width": "",
        "access": "",
        "junction": ""
      },
      "geometry": {
        "type": "LineString",
        "coordinates": [
          [
            -75.6871459,
            45.3774983
          ],
          [
            -75.6869341,
            45.37734
          ],
          [
            -75.6866384,
            45.3770134
          ],
          [
            -75.6865415,
            45.3769072
          ],
          [
            -75.6864814,
            45.376837
          ],
          [
            -75.6864104,
            45.3767244
          ],
          [
            -75.6863664,
            45.3766296
          ],
          [
            -75.6863279,
            45.3765466
          ],
          [
            -75.6863203,
            45.3765303
          ],
          [
            -75.6863149,
            45.3764861
          ],
          [
            -75.6862713,
            45.3760944
          ]
        ]
      }
    },
    {
      "type": "Feature",
      "properties": {
        "u": 957626575,
        "v": 4658776914,
        "key": 0,
        "osmid": 83748346,
        "highway": "unclassified",
        "lanes": "1",
        "maxspeed": "25",
        "name": "",
        "oneway": true,
        "reversed": "False",
        "length": 9.506183439443395,
        "ref": "",
        "tunnel": "",
        "bridge": "",
        "width": "",
        "access": "",
        "junction": ""
      },
      "geometry": {
        "type": "LineString",
        "coordinates": [
          [
            -75.6892838,
            45.3773419
          ],
          [
            -75.6891628,
            45.3773511
          ]
        ]
      }
    },
    {
      "type": "Feature",
      "properties": {
        "u": 957626575,
        "v": 901066474,
        "key": 0,
        "osmid": 83748343,
        "highway": "primary_link",
        "lanes": "",
        "maxspeed": "",
        "name": "",
        "oneway": true,
        "reversed": "False",
        "length": 37.63139697309867,
        "ref": "",
        "tunnel": "",
        "bridge": "",
        "width": "",
        "access": "",
        "junction": ""
      },
      "geometry": {
        "type": "LineString",
        "coordinates": [
          [
            -75.6892838,
            45.3773419
          ],
          [
            -75.6893058,
            45.3772654
          ],
          [
            -75.6893386,
            45.3772149
          ],
          [
            -75.6893645,
            45.3771778
          ],
          [
            -75.6893956,
            45.377142
          ],
          [
            -75.6895148,
            45.3770538
          ]
        ]
      }
    },
    {
      "type": "Feature",
      "properties": {
        "u": 1276227734,
        "v": 901066747,
        "key": 0,
        "osmid": 1266753416,
        "highway": "primary",
        "lanes": "2",
        "maxspeed": "60",
        "name": "",
        "oneway": true,
        "reversed": "False",
        "length": 4.604805930007044,
        "ref": "73",
        "tunnel": "",
        "bridge": "",
        "width": "",
        "access": "",
        "junction": "roundabout"
      },
      "geometry": {
        "type": "LineString",
        "coordinates": [
          [
            -75.7070742,
            45.3902884
          ],
          [
            -75.7070641,
            45.3903292
          ]
        ]
      }
    },
    {
      "type": "Feature",
      "properties": {
        "u": 1276227753,
        "v": 901068365,
        "key": 0,
        "osmid": 76421747,
        "highway": "tertiary",
        "lanes": "1",
        "maxspeed": "",
        "name": "National Capital Commission Driveway",
        "oneway": true,
        "reversed": "False",
        "length": 33.39952987606394,
        "ref": "",
        "tunnel": "",
        "bridge": "",
        "width": "",
        "access": "",
        "junction": ""
      },
      "geometry": {
        "type": "LineString",
        "coordinates": [
          [
            -75.7075514,
            45.3903692
          ],
          [
            -75.7076009,
            45.3903163
          ],
          [
            -75.7076359,
            45.3902798
          ],
          [
            -75.7076823,
            45.3902415
          ],
          [
            -75.7077376,
            45.3901969
          ],
          [
            -75.7078087,
            45.3901298
          ]
        ]
      }
    },
    {
      "type": "Feature",
      "properties": {
        "u": 1276227753,
        "v": 901066096,
        "key": 0,
        "osmid": 1266753415,
        "highway": "primary",
        "lanes": "1",
        "maxspeed": "60",
        "name": "",
        "oneway": true,
        "reversed": "False",
        "length": 20.42758690334123,
        "ref": "73",
        "tunnel": "",
        "bridge": "",
        "width": "",
        "access": "",
        "junction": "roundabout"
      },
      "geometry": {
        "type": "LineString",
        "coordinates": [
          [
            -75.7075514,
            45.3903692
          ],
          [
            -75.7075545,
            45.3903233
          ],
          [
            -75.7075402,
            45.3902785
          ],
          [
            -75.7075096,
            45.3902379
          ],
          [
            -75.7074649,
            45.3902044
          ]
        ]
      }
    },
    {
      "type": "Feature",
      "properties": {
        "u": 1435007325,
        "v": 2611776630,
        "key": 0,
        "osmid": 456377569,
        "highway": "primary",
        "lanes": "3",
        "maxspeed": "60",
        "name": "Heron Road",
        "oneway": true,
        "reversed": "False",
        "length": 128.61537895679118,
        "ref": "16",
        "tunnel": "",
        "bridge": "",
        "width": "",
        "access": "",
        "junction": ""
      },
      "geometry": {
        "type": "LineString",
        "coordinates": [
          [
            -75.6864314,
            45.3772726
          ],
          [
            -75.6871332,
            45.3772185
          ],
          [
            -75.6880692,
            45.377153
          ]
        ]
      }
    },
    {
      "type": "Feature",
      "properties": {
        "u": 1435007349,
        "v": 901066474,
        "key": 0,
        "osmid": 1382206873,
        "highway": "primary",
        "lanes": "3",
        "maxspeed": "60",
        "name": "Heron Road",
        "oneway": true,
        "reversed": "False",
        "length": 44.24544903305552,
        "ref": "16",
        "tunnel": "",
        "bridge": "",
        "width": "",
        "access": "",
        "junction": ""
      },
      "geometry": {
        "type": "LineString",
        "coordinates": [
          [
            -75.6889508,
            45.3770909
          ],
          [
            -75.6895148,
            45.3770538
          ]
        ]
      }
    },
    {
      "type": "Feature",
      "properties": {
        "u": 1435007349,
        "v": 4658776914,
        "key": 0,
        "osmid": 471722137,
        "highway": "primary_link",
        "lanes": "1",
        "maxspeed": "",
        "name": "",
        "oneway": true,
        "reversed": "False",
        "length": 38.29513062205716,
        "ref": "",
        "tunnel": "",
        "bridge": "",
        "width": "",
        "access": "",
        "junction": ""
      },
      "geometry": {
        "type": "LineString",
        "coordinates": [
          [
            -75.6889508,
            45.3770909
          ],
          [
            -75.6891209,
            45.3771714
          ],
          [
            -75.6891569,
            45.3771942
          ],
          [
            -75.6891796,
            45.3772229
          ],
          [
            -75.6891965,
            45.3772601
          ],
          [
            -75.6891908,
            45.377291
          ],
          [
            -75.6891628,
            45.3773511
          ]
        ]
      }
    },
    {
      "type": "Feature",
      "properties": {
        "u": 1435066117,
        "v": 1435531944,
        "key": 0,
        "osmid": "[76420969, 76421866, 1328264316]",
        "highway": "primary",
        "lanes": "3",
        "maxspeed": "60",
        "name": "Bronson Avenue",
        "oneway": true,
        "reversed": "False",
        "length": 225.22587616785174,
        "ref": "79",
        "tunnel": "",
        "bridge": "",
        "width": "",
        "access": "",
        "junction": ""
      },
      "geometry": {
        "type": "LineString",
        "coordinates": [
          [
            -75.695881,
            45.3925898
          ],
          [
            -75.6958162,
            45.3924582
          ],
          [
            -75.6957763,
            45.3923823
          ],
          [
            -75.6956586,
            45.3921783
          ],
          [
            -75.6956472,
            45.3921585
          ],
          [
            -75.6956091,
            45.3921059
          ],
          [
            -75.695329,
            45.3917176
          ],
          [
            -75.6952925,
            45.3916691
          ],
          [
            -75.6946164,
            45.3907723
          ]
        ]
      }
    },
    {
      "type": "Feature",
      "properties": {
        "u": 1435066119,
        "v": 11772764640,
        "key": 0,
        "osmid": 1267602298,
        "highway": "tertiary",
        "lanes": "2",
        "maxspeed": "",
        "name": "Sunnyside Avenue",
        "oneway": true,
        "reversed": "False",
        "length": 16.369445007258292,
        "ref": "",
        "tunnel": "",
        "bridge": "",
        "width": "",
        "access": "",
        "junction": ""
      },
      "geometry": {
        "type": "LineString",
        "coordinates": [
          [
            -75.6937719,
            45.3900074
          ],
          [
            -75.693956,
            45.389937
          ]
        ]
      }
    },
    {
      "type": "Feature",
      "properties": {
        "u": 1435066119,
        "v": 905117452,
        "key": 0,
        "osmid": "[463644768, 305214619, 1283505590, 305214702]",
        "highway": "primary",
        "lanes": "3",
        "maxspeed": "60",
        "name": "Bronson Avenue",
        "oneway": true,
        "reversed": "False",
        "length": 295.2274124266246,
        "ref": "79",
        "tunnel": "",
        "bridge": "",
        "width": "",
        "access": "",
        "junction": ""
      },
      "geometry": {
        "type": "LineString",
        "coordinates": [
          [
            -75.6937719,
            45.3900074
          ],
          [
            -75.6938268,
            45.3900746
          ],
          [
            -75.6938595,
            45.3901163
          ],
          [
            -75.6940182,
            45.390319
          ],
          [
            -75.6941123,
            45.3904392
          ],
          [
            -75.6942813,
            45.3906466
          ],
          [
            -75.6947047,
            45.3911764
          ],
          [
            -75.6947537,
            45.3912369
          ],
          [
            -75.6949886,
            45.391538
          ],
          [
            -75.6954562,
            45.3921426
          ],
          [
            -75.6955025,
            45.3922001
          ],
          [
            -75.6955209,
            45.3922244
          ],
          [
            -75.6955994,
            45.3923315
          ]
        ]
      }
    },
    {
      "type": "Feature",
      "properties": {
        "u": 1435493289,
        "v": 1435493447,
        "key": 0,
        "osmid": 130212557,
        "highway": "tertiary",
        "lanes": "2",
        "maxspeed": "30",
        "name": "Sunnyside Avenue",
        "oneway": true,
        "reversed": "False",
        "length": 20.5694640952284,
        "ref": "",
        "tunnel": "",
        "bridge": "",
        "width": "",
        "access": "",
        "junction": ""
      },
      "geometry": {
        "type": "LineString",
        "coordinates": [
          [
            -75.6932502,
            45.3902169
          ],
          [
            -75.6934779,
            45.3901239
          ]
        ]
      }
    },
    {
      "type": "Feature",
      "properties": {
        "u": 1435493289,
        "v": 828195034,
        "key": 0,
        "osmid": 130293866,
        "highway": "residential",
        "lanes": "1",
        "maxspeed": "30",
        "name": "Canal Woods Terrace",
        "oneway": true,
        "reversed": "False",
        "length": 22.699243976969615,
        "ref": "",
        "tunnel": "",
        "bridge": "",
        "width": "",
        "access": "",
        "junction": ""
      },
      "geometry": {
        "type": "LineString",
        "coordinates": [
          [
            -75.6932502,
            45.3902169
          ],
          [
            -75.6933162,
            45.390229
          ],
          [
            -75.6933355,
            45.3902368
          ],
          [
            -75.6933748,
            45.3902511
          ],
          [
            -75.6934762,
            45.3903343
          ]
        ]
      }
    },
    {
      "type": "Feature",
      "properties": {
        "u": 1435493298,
        "v": 905117475,
        "key": 0,
        "osmid": 76422797,
        "highway": "secondary",
        "lanes": "1",
        "maxspeed": "60",
        "name": "Colonel By Drive",
        "oneway": true,
        "reversed": "False",
        "length": 7.248063657783737,
        "ref": "",
        "tunnel": "",
        "bridge": "",
        "width": "",
        "access": "",
        "junction": ""
      },
      "geometry": {
        "type": "LineString",
        "coordinates": [
          [
            -75.6974592,
            45.3930563
          ],
          [
            -75.6973964,
            45.3931043
          ]
        ]
      }
    },
    {
      "type": "Feature",
      "properties": {
        "u": 1435493298,
        "v": 1435066117,
        "key": 0,
        "osmid": 76843114,
        "highway": "primary_link",
        "lanes": "1",
        "maxspeed": "",
        "name": "",
        "oneway": true,
        "reversed": "False",
        "length": 142.8548678421277,
        "ref": "",
        "tunnel": "",
        "bridge": "",
        "width": "",
        "access": "",
        "junction": ""
      },
      "geometry": {
        "type": "LineString",
        "coordinates": [
          [
            -75.6974592,
            45.3930563
          ],
          [
            -75.6972831,
            45.3929392
          ],
          [
            -75.6972004,
            45.3928788
          ],
          [
            -75.6971327,
            45.3928306
          ],
          [
            -75.6970738,
            45.392801
          ],
          [
            -75.6970131,
            45.3927779
          ],
          [
            -75.6969392,
            45.3927561
          ],
          [
            -75.6968694,
            45.3927435
          ],
          [
            -75.6968006,
            45.3927391
          ],
          [
            -75.6967298,
            45.3927362
          ],
          [
            -75.6964997,
            45.3927323
          ],
          [
            -75.6963265,
            45.3927356
          ],
          [
            -75.6961135,
            45.3927352
          ],
          [
            -75.6960797,
            45.3927294
          ],
          [
            -75.6960299,
            45.3927144
          ],
          [
            -75.696002,
            45.3926969
          ],
          [
            -75.6959362,
            45.3926395
          ],
          [
            -75.695881,
            45.3925898
          ]
        ]
      }
    },
    {
      "type": "Feature",
      "properties": {
        "u": 1435493300,
        "v": 905117646,
        "key": 0,
        "osmid": 456557740,
        "highway": "residential",
        "lanes": "2",
        "maxspeed": "30",
        "name": "Canal Woods Terrace",
        "oneway": false,
        "reversed": "True",
        "length": 18.313073472965375,
        "ref": "",
        "tunnel": "",
        "bridge": "",
        "width": "",
        "access": "",
        "junction": ""
      },
      "geometry": {
        "type": "LineString",
        "coordinates": [
          [
            -75.69512,
            45.3931285
          ],
          [
            -75.6950304,
            45.3929763
          ]
        ]
      }
    },
    {
      "type": "Feature",
      "properties": {
        "u": 1435493300,
        "v": 901064979,
        "key": 0,
        "osmid": 76419125,
        "highway": "residential",
        "lanes": "1",
        "maxspeed": "30",
        "name": "Canal Woods Terrace",
        "oneway": true,
        "reversed": "False",
        "length": 38.81550642612426,
        "ref": "",
        "tunnel": "",
        "bridge": "",
        "width": "",
        "access": "",
        "junction": ""
      },
      "geometry": {
        "type": "LineString",
        "coordinates": [
          [
            -75.69512,
            45.3931285
          ],
          [
            -75.6951585,
            45.3932571
          ],
          [
            -75.6951829,
            45.3933257
          ],
          [
            -75.6952032,
            45.3933759
          ],
          [
            -75.6952112,
            45.3934164
          ],
          [
            -75.6952258,
            45.3934693
          ]
        ]
      }
    },
    {
      "type": "Feature",
      "properties": {
        "u": 1435493312,
        "v": 1435493430,
        "key": 0,
        "osmid": 76422416,
        "highway": "secondary",
        "lanes": "2",
        "maxspeed": "40",
        "name": "Colonel By Drive",
        "oneway": true,
        "reversed": "False",
        "length": 121.78305092144856,
        "ref": "",
        "tunnel": "",
        "bridge": "",
        "width": "",
        "access": "",
        "junction": ""
      },
      "geometry": {
        "type": "LineString",
        "coordinates": [
          [
            -75.696765,
            45.3934922
          ],
          [
            -75.6966767,
            45.3935316
          ],
          [
            -75.6965942,
            45.3935702
          ],
          [
            -75.6964965,
            45.3936079
          ],
          [
            -75.6963957,
            45.3936457
          ],
          [
            -75.6962812,
            45.3936804
          ],
          [
            -75.6962044,
            45.3936999
          ],
          [
            -75.6961159,
            45.3937207
          ],
          [
            -75.696033,
            45.3937365
          ],
          [
            -75.6959236,
            45.3937557
          ],
          [
            -75.6958208,
            45.3937661
          ],
          [
            -75.6957263,
            45.3937703
          ],
          [
            -75.6956158,
            45.3937722
          ],
          [
            -75.6955088,
            45.3937698
          ],
          [
            -75.6952935,
            45.3937615
          ]
        ]
      }
    },
    {
      "type": "Feature",
      "properties": {
        "u": 1435493430,
        "v": 901054215,
        "key": 0,
        "osmid": 130293863,
        "highway": "secondary",
        "lanes": "2",
        "maxspeed": "40",
        "name": "Colonel By Drive",
        "oneway": true,
        "reversed": "False",
        "length": 6.820411278477558,
        "ref": "",
        "tunnel": "",
        "bridge": "",
        "width": "",
        "access": "",
        "junction": ""
      },
      "geometry": {
        "type": "LineString",
        "coordinates": [
          [
            -75.6952935,
            45.3937615
          ],
          [
            -75.6952062,
            45.3937595
          ]
        ]
      }
    },
    {
      "type": "Feature",
      "properties": {
        "u": 1435493430,
        "v": 1435493300,
        "key": 0,
        "osmid": 130293862,
        "highway": "residential",
        "lanes": "1",
        "maxspeed": "30",
        "name": "Canal Woods Terrace",
        "oneway": true,
        "reversed": "False",
        "length": 73.72260143461452,
        "ref": "",
        "tunnel": "",
        "bridge": "",
        "width": "",
        "access": "",
        "junction": ""
      },
      "geometry": {
        "type": "LineString",
        "coordinates": [
          [
            -75.6952935,
            45.3937615
          ],
          [
            -75.6953009,
            45.3936972
          ],
          [
            -75.6953033,
            45.3936491
          ],
          [
            -75.695314,
            45.3935172
          ],
          [
            -75.6953078,
            45.3934619
          ],
          [
            -75.6953022,
            45.3934144
          ],
          [
            -75.6952807,
            45.3933574
          ],
          [
            -75.6952264,
            45.3932555
          ],
          [
            -75.69512,
            45.3931285
          ]
        ]
      }
    },
    {
      "type": "Feature",
      "properties": {
        "u": 1435493447,
        "v": 1435066119,
        "key": 0,
        "osmid": 130212557,
        "highway": "tertiary",
        "lanes": "2",
        "maxspeed": "30",
        "name": "Sunnyside Avenue",
        "oneway": true,
        "reversed": "False",
        "length": 26.362981652138625,
        "ref": "",
        "tunnel": "",
        "bridge": "",
        "width": "",
        "access": "",
        "junction": ""
      },
      "geometry": {
        "type": "LineString",
        "coordinates": [
          [
            -75.6934779,
            45.3901239
          ],
          [
            -75.6935855,
            45.3900801
          ],
          [
            -75.6936359,
            45.3900596
          ],
          [
            -75.6937719,
            45.3900074
          ]
        ]
      }
    },
    {
      "type": "Feature",
      "properties": {
        "u": 1435531944,
        "v": 11772764640,
        "key": 0,
        "osmid": "[1328264315, 305214701]",
        "highway": "primary",
        "lanes": "4",
        "maxspeed": "60",
        "name": "Bronson Avenue",
        "oneway": true,
        "reversed": "False",
        "length": 106.24457973426244,
        "ref": "79",
        "tunnel": "",
        "bridge": "",
        "width": "",
        "access": "",
        "junction": ""
      },
      "geometry": {
        "type": "LineString",
        "coordinates": [
          [
            -75.6946164,
            45.3907723
          ],
          [
            -75.6944696,
            45.390579
          ],
          [
            -75.6942333,
            45.390281
          ],
          [
            -75.6940534,
            45.3900542
          ],
          [
            -75.6940417,
            45.3900402
          ],
          [
            -75.6940078,
            45.3899997
          ],
          [
            -75.693956,
            45.389937
          ]
        ]
      }
    },
    {
      "type": "Feature",
      "properties": {
        "u": 1435531944,
        "v": 901070712,
        "key": 0,
        "osmid": "[76843140, 1283505589]",
        "highway": "primary_link",
        "lanes": "1",
        "maxspeed": "",
        "name": "",
        "oneway": true,
        "reversed": "False",
        "length": 110.62095879406371,
        "ref": "",
        "tunnel": "",
        "bridge": "",
        "width": "",
        "access": "",
        "junction": ""
      },
      "geometry": {
        "type": "LineString",
        "coordinates": [
          [
            -75.6946164,
            45.3907723
          ],
          [
            -75.6944583,
            45.3904313
          ],
          [
            -75.6944034,
            45.3903463
          ],
          [
            -75.6943269,
            45.3902491
          ],
          [
            -75.6942722,
            45.3901798
          ],
          [
            -75.6942526,
            45.3901529
          ],
          [
            -75.6942296,
            45.3901173
          ],
          [
            -75.694223,
            45.3900953
          ],
          [
            -75.6942184,
            45.3900741
          ],
          [
            -75.6942152,
            45.3900324
          ],
          [
            -75.694212,
            45.3899914
          ],
          [
            -75.6942087,
            45.3899496
          ],
          [
            -75.6942058,
            45.3899058
          ],
          [
            -75.6942043,
            45.3898826
          ],
          [
            -75.6942073,
            45.3898629
          ],
          [
            -75.6942103,
            45.3898352
          ]
        ]
      }
    },
    {
      "type": "Feature",
      "properties": {
        "u": 1435531959,
        "v": 8581420062,
        "key": 0,
        "osmid": 130298108,
        "highway": "tertiary",
        "lanes": "2",
        "maxspeed": "40",
        "name": "University Drive",
        "oneway": false,
        "reversed": "True",
        "length": 64.77752007027681,
        "ref": "",
        "tunnel": "",
        "bridge": "",
        "width": "",
        "access": "",
        "junction": ""
      },
      "geometry": {
        "type": "LineString",
        "coordinates": [
          [
            -75.6958038,
            45.38826
          ],
          [
            -75.6956715,
            45.3876849
          ]
        ]
      }
    },
    {
      "type": "Feature",
      "properties": {
        "u": 1435531959,
        "v": 9370739423,
        "key": 0,
        "osmid": "[1283505592, 1015917690, 1267602304]",
        "highway": "tertiary",
        "lanes": "2",
        "maxspeed": "40",
        "name": "University Drive",
        "oneway": true,
        "reversed": "False",
        "length": 66.35751500014067,
        "ref": "",
        "tunnel": "",
        "bridge": "",
        "width": "",
        "access": "",
        "junction": ""
      },
      "geometry": {
        "type": "LineString",
        "coordinates": [
          [
            -75.6958038,
            45.38826
          ],
          [
            -75.6957908,
            45.3883351
          ],
          [
            -75.6957913,
            45.3883857
          ],
          [
            -75.6958029,
            45.3884908
          ],
          [
            -75.6958098,
            45.3885369
          ],
          [
            -75.695837,
            45.3887182
          ],
          [
            -75.6958339,
            45.3887491
          ],
          [
            -75.6958233,
            45.3888543
          ]
        ]
      }
    },
    {
      "type": "Feature",
      "properties": {
        "u": 1435531963,
        "v": 9370739420,
        "key": 0,
        "osmid": "[130331839, 130298110, 130298111]",
        "highway": "tertiary",
        "lanes": "1",
        "maxspeed": "40",
        "name": "Campus Avenue",
        "oneway": false,
        "reversed": "True",
        "length": 77.00707185483171,
        "ref": "",
        "tunnel": "",
        "bridge": "yes",
        "width": "3",
        "access": "",
        "junction": ""
      },
      "geometry": {
        "type": "LineString",
        "coordinates": [
          [
            -75.6970087,
            45.3885825
          ],
          [
            -75.6968989,
            45.3886226
          ],
          [
            -75.6968661,
            45.3886352
          ],
          [
            -75.6968139,
            45.3886553
          ],
          [
            -75.6963838,
            45.3888267
          ],
          [
            -75.6962771,
            45.3888679
          ],
          [
            -75.6962336,
            45.3888841
          ],
          [
            -75.6961455,
            45.3889172
          ]
        ]
      }
    },
    {
      "type": "Feature",
      "properties": {
        "u": 1435531963,
        "v": 901068481,
        "key": 0,
        "osmid": 538113727,
        "highway": "tertiary",
        "lanes": "1",
        "maxspeed": "40",
        "name": "Campus Avenue",
        "oneway": true,
        "reversed": "False",
        "length": 347.4503002570574,
        "ref": "",
        "tunnel": "",
        "bridge": "",
        "width": "3",
        "access": "",
        "junction": ""
      },
      "geometry": {
        "type": "LineString",
        "coordinates": [
          [
            -75.6970087,
            45.3885825
          ],
          [
            -75.6969623,
            45.3885057
          ],
          [
            -75.6969109,
            45.3884179
          ],
          [
            -75.6968323,
            45.3882764
          ],
          [
            -75.6968028,
            45.388227
          ],
          [
            -75.6967574,
            45.3881442
          ],
          [
            -75.6967018,
            45.3880358
          ],
          [
            -75.6966868,
            45.3880036
          ],
          [
            -75.6966472,
            45.3879138
          ],
          [
            -75.6966187,
            45.3878405
          ],
          [
            -75.6965902,
            45.3877671
          ],
          [
            -75.6965311,
            45.3875668
          ],
          [
            -75.6964701,
            45.3873628
          ],
          [
            -75.6964509,
            45.3872792
          ],
          [
            -75.6964355,
            45.3871706
          ],
          [
            -75.696416,
            45.3870602
          ],
          [
            -75.6964051,
            45.3869331
          ],
          [
            -75.6963964,
            45.3868549
          ],
          [
            -75.6963874,
            45.3866278
          ],
          [
            -75.6963793,
            45.3860486
          ],
          [
            -75.6963732,
            45.385611
          ],
          [
            -75.6963748,
            45.3855219
          ]
        ]
      }
    },
    {
      "type": "Feature",
      "properties": {
        "u": 1435531967,
        "v": 7010355503,
        "key": 0,
        "osmid": 432365102,
        "highway": "primary",
        "lanes": "3",
        "maxspeed": "60",
        "name": "Bronson Avenue",
        "oneway": true,
        "reversed": "False",
        "length": 180.26325118115344,
        "ref": "79",
        "tunnel": "",
        "bridge": "",
        "width": "",
        "access": "",
        "junction": ""
      },
      "geometry": {
        "type": "LineString",
        "coordinates": [
          [
            -75.6936924,
            45.3895956
          ],
          [
            -75.6936369,
            45.3895289
          ],
          [
            -75.6932446,
            45.3890572
          ],
          [
            -75.6928195,
            45.388536
          ],
          [
            -75.6927141,
            45.3883988
          ],
          [
            -75.6925574,
            45.3881843
          ]
        ]
      }
    },
    {
      "type": "Feature",
      "properties": {
        "u": 1435781052,
        "v": 2924096375,
        "key": 0,
        "osmid": 76421311,
        "highway": "unclassified",
        "lanes": "1",
        "maxspeed": "40",
        "name": "Raven Road",
        "oneway": false,
        "reversed": "True",
        "length": 180.74280325440998,
        "ref": "",
        "tunnel": "",
        "bridge": "",
        "width": "3",
        "access": "",
        "junction": ""
      },
      "geometry": {
        "type": "LineString",
        "coordinates": [
          [
            -75.6919309,
            45.3846527
          ],
          [
            -75.6923962,
            45.3845125
          ],
          [
            -75.6929293,
            45.3843503
          ],
          [
            -75.6930058,
            45.3843287
          ],
          [
            -75.6932928,
            45.3842391
          ],
          [
            -75.6935126,
            45.3841706
          ],
          [
            -75.6938793,
            45.3840539
          ],
          [
            -75.694052,
            45.3840027
          ]
        ]
      }
    },
    {
      "type": "Feature",
      "properties": {
        "u": 1435832249,
        "v": 901063580,
        "key": 0,
        "osmid": 600025673,
        "highway": "tertiary",
        "lanes": "4",
        "maxspeed": "30",
        "name": "University Drive",
        "oneway": false,
        "reversed": "False",
        "length": 34.33755381905565,
        "ref": "",
        "tunnel": "",
        "bridge": "",
        "width": "",
        "access": "",
        "junction": ""
      },
      "geometry": {
        "type": "LineString",
        "coordinates": [
          [
            -75.7007457,
            45.3790274
          ],
          [
            -75.7004525,
            45.3792575
          ]
        ]
      }
    },
    {
      "type": "Feature",
      "properties": {
        "u": 1435832249,
        "v": 1435832286,
        "key": 0,
        "osmid": 130333575,
        "highway": "secondary_link",
        "lanes": "1",
        "maxspeed": "30",
        "name": "",
        "oneway": true,
        "reversed": "False",
        "length": 72.88715139762645,
        "ref": "",
        "tunnel": "",
        "bridge": "",
        "width": "",
        "access": "",
        "junction": ""
      },
      "geometry": {
        "type": "LineString",
        "coordinates": [
          [
            -75.7007457,
            45.3790274
          ],
          [
            -75.7009523,
            45.3789459
          ],
          [
            -75.701023,
            45.3789279
          ],
          [
            -75.7010794,
            45.3789213
          ],
          [
            -75.7011357,
            45.3789204
          ],
          [
            -75.7011799,
            45.3789251
          ],
          [
            -75.7012202,
            45.3789355
          ],
          [
            -75.7012711,
            45.3789628
          ],
          [
            -75.7013047,
            45.3789929
          ],
          [
            -75.7013301,
            45.3790278
          ],
          [
            -75.7013531,
            45.379076
          ],
          [
            -75.7013858,
            45.3791955
          ]
        ]
      }
    },
    {
      "type": "Feature",
      "properties": {
        "u": 1435832249,
        "v": 901070200,
        "key": 0,
        "osmid": 456570278,
        "highway": "tertiary",
        "lanes": "2",
        "maxspeed": "30",
        "name": "University Drive",
        "oneway": false,
        "reversed": "True",
        "length": 54.478264558333535,
        "ref": "",
        "tunnel": "",
        "bridge": "",
        "width": "",
        "access": "",
        "junction": ""
      },
      "geometry": {
        "type": "LineString",
        "coordinates": [
          [
            -75.7007457,
            45.3790274
          ],
          [
            -75.7008107,
            45.3789784
          ],
          [
            -75.7008708,
            45.3789404
          ],
          [
            -75.700922,
            45.3789151
          ],
          [
            -75.7009835,
            45.3788905
          ],
          [
            -75.701064,
            45.3788688
          ],
          [
            -75.7011379,
            45.3788518
          ],
          [
            -75.7012134,
            45.3788405
          ],
          [
            -75.7012393,
            45.3788374
          ],
          [
            -75.7013581,
            45.3788234
          ]
        ]
      }
    },
    {
      "type": "Feature",
      "properties": {
        "u": 1435832286,
        "v": 901070200,
        "key": 0,
        "osmid": 456373012,
        "highway": "secondary",
        "lanes": "3",
        "maxspeed": "60",
        "name": "Colonel By Drive",
        "oneway": false,
        "reversed": "True",
        "length": 41.43221624405111,
        "ref": "",
        "tunnel": "",
        "bridge": "",
        "width": "",
        "access": "",
        "junction": ""
      },
      "geometry": {
        "type": "LineString",
        "coordinates": [
          [
            -75.7013858,
            45.3791955
          ],
          [
            -75.7013642,
            45.3789054
          ],
          [
            -75.7013581,
            45.3788234
          ]
        ]
      }
    },
    {
      "type": "Feature",
      "properties": {
        "u": 1435832286,
        "v": 1435843451,
        "key": 0,
        "osmid": "[753597132, 600025671]",
        "highway": "secondary",
        "lanes": "[\"3\", \"2\"]",
        "maxspeed": "60",
        "name": "Colonel By Drive",
        "oneway": false,
        "reversed": "False",
        "length": 482.3712129090419,
        "ref": "",
        "tunnel": "",
        "bridge": "",
        "width": "",
        "access": "",
        "junction": ""
      },
      "geometry": {
        "type": "LineString",
        "coordinates": [
          [
            -75.7013858,
            45.3791955
          ],
          [
            -75.7014182,
            45.3795205
          ],
          [
            -75.7014325,
            45.3796837
          ],
          [
            -75.7014377,
            45.3797856
          ],
          [
            -75.7014396,
            45.3798974
          ],
          [
            -75.7014377,
            45.3800188
          ],
          [
            -75.7014313,
            45.3801498
          ],
          [
            -75.7014206,
            45.3802769
          ],
          [
            -75.7014007,
            45.3804172
          ],
          [
            -75.7013796,
            45.3805274
          ],
          [
            -75.701345,
            45.3806661
          ],
          [
            -75.701308,
            45.3808013
          ],
          [
            -75.7012424,
            45.3809989
          ],
          [
            -75.7011834,
            45.3811601
          ],
          [
            -75.7011231,
            45.3813063
          ],
          [
            -75.7010735,
            45.3814221
          ],
          [
            -75.7010178,
            45.3815376
          ],
          [
            -75.7009627,
            45.3816459
          ],
          [
            -75.7008316,
            45.3818656
          ],
          [
            -75.7007567,
            45.3819867
          ],
          [
            -75.7006848,
            45.3820921
          ],
          [
            -75.7006236,
            45.3821819
          ],
          [
            -75.7005681,
            45.3822542
          ],
          [
            -75.700495,
            45.3823403
          ],
          [
            -75.7004129,
            45.3824355
          ],
          [
            -75.7002703,
            45.382601
          ],
          [
            -75.7001772,
            45.3827062
          ],
          [
            -75.7000476,
            45.3828448
          ],
          [
            -75.6999314,
            45.3829778
          ],
          [
            -75.6998125,
            45.3831144
          ],
          [
            -75.6997539,
            45.3831865
          ],
          [
            -75.6996961,
            45.3832582
          ]
        ]
      }
    },
    {
      "type": "Feature",
      "properties": {
        "u": 1435832291,
        "v": 901057163,
        "key": 0,
        "osmid": 137413788,
        "highway": "secondary",
        "lanes": "2",
        "maxspeed": "60",
        "name": "Colonel By Drive",
        "oneway": false,
        "reversed": "False",
        "length": 833.1629300906777,
        "ref": "",
        "tunnel": "",
        "bridge": "",
        "width": "",
        "access": "",
        "junction": ""
      },
      "geometry": {
        "type": "LineString",
        "coordinates": [
          [
            -75.6991286,
            45.3846177
          ],
          [
            -75.6991175,
            45.3847163
          ],
          [
            -75.6991115,
            45.3848107
          ],
          [
            -75.6991079,
            45.3849174
          ],
          [
            -75.6991107,
            45.3850135
          ],
          [
            -75.6991139,
            45.3851092
          ],
          [
            -75.6991211,
            45.3852017
          ],
          [
            -75.6991347,
            45.3852942
          ],
          [
            -75.6991533,
            45.3853967
          ],
          [
            -75.6991738,
            45.3854956
          ],
          [
            -75.6991978,
            45.3855926
          ],
          [
            -75.6992419,
            45.3857373
          ],
          [
            -75.6995649,
            45.3867923
          ],
          [
            -75.6997081,
            45.3872481
          ],
          [
            -75.7000612,
            45.388417
          ],
          [
            -75.7001382,
            45.3886586
          ],
          [
            -75.700218,
            45.3889153
          ],
          [
            -75.700254,
            45.3890398
          ],
          [
            -75.7002754,
            45.3891386
          ],
          [
            -75.7002954,
            45.3892338
          ],
          [
            -75.7003096,
            45.3893225
          ],
          [
            -75.7003227,
            45.3894164
          ],
          [
            -75.7003304,
            45.3895011
          ],
          [
            -75.7003358,
            45.3895933
          ],
          [
            -75.7003391,
            45.3896914
          ],
          [
            -75.7003368,
            45.3897922
          ],
          [
            -75.7003295,
            45.3898862
          ],
          [
            -75.70032,
            45.3899867
          ],
          [
            -75.7003091,
            45.3900691
          ],
          [
            -75.7002929,
            45.3901592
          ],
          [
            -75.700276,
            45.3902447
          ],
          [
            -75.700252,
            45.3903491
          ],
          [
            -75.7002233,
            45.3904497
          ],
          [
            -75.7001877,
            45.3905583
          ],
          [
            -75.7001475,
            45.3906567
          ],
          [
            -75.7000946,
            45.3907699
          ],
          [
            -75.7000463,
            45.390869
          ],
          [
            -75.6999983,
            45.390971
          ],
          [
            -75.6999378,
            45.3910743
          ],
          [
            -75.6998856,
            45.3911537
          ],
          [
            -75.6998299,
            45.3912382
          ],
          [
            -75.699756,
            45.391336
          ],
          [
            -75.6996859,
            45.3914274
          ],
          [
            -75.6996128,
            45.3915116
          ],
          [
            -75.6995251,
            45.3916055
          ],
          [
            -75.6993172,
            45.3918109
          ],
          [
            -75.6992714,
            45.3918537
          ]
        ]
      }
    },
    {
      "type": "Feature",
      "properties": {
        "u": 1435832291,
        "v": 1435843451,
        "key": 0,
        "osmid": 753597131,
        "highway": "secondary",
        "lanes": "1",
        "maxspeed": "60",
        "name": "Colonel By Drive",
        "oneway": true,
        "reversed": "False",
        "length": 158.25541076228635,
        "ref": "",
        "tunnel": "",
        "bridge": "",
        "width": "",
        "access": "",
        "junction": ""
      },
      "geometry": {
        "type": "LineString",
        "coordinates": [
          [
            -75.6991286,
            45.3846177
          ],
          [
            -75.699167,
            45.3844708
          ],
          [
            -75.6992007,
            45.3843056
          ],
          [
            -75.6992218,
            45.384225
          ],
          [
            -75.6993018,
            45.3839949
          ],
          [
            -75.6993406,
            45.3839032
          ],
          [
            -75.699449,
            45.3836957
          ],
          [
            -75.6994911,
            45.3836171
          ],
          [
            -75.6995371,
            45.3835442
          ],
          [
            -75.6995947,
            45.3834511
          ],
          [
            -75.699647,
            45.3833744
          ],
          [
            -75.6996961,
            45.3832582
          ]
        ]
      }
    },
    {
      "type": "Feature",
      "properties": {
        "u": 1435843451,
        "v": 1435832291,
        "key": 0,
        "osmid": 753597130,
        "highway": "secondary",
        "lanes": "1",
        "maxspeed": "60",
        "name": "Colonel By Drive",
        "oneway": true,
        "reversed": "False",
        "length": 160.83234036397312,
        "ref": "",
        "tunnel": "",
        "bridge": "",
        "width": "",
        "access": "",
        "junction": ""
      },
      "geometry": {
        "type": "LineString",
        "coordinates": [
          [
            -75.6996961,
            45.3832582
          ],
          [
            -75.6995893,
            45.3833622
          ],
          [
            -75.6995244,
            45.3834436
          ],
          [
            -75.6993902,
            45.3836231
          ],
          [
            -75.6992565,
            45.3838818
          ],
          [
            -75.6991891,
            45.3840441
          ],
          [
            -75.6991535,
            45.3841686
          ],
          [
            -75.6991259,
            45.3842989
          ],
          [
            -75.6991176,
            45.384381
          ],
          [
            -75.6991214,
            45.3844689
          ],
          [
            -75.6991286,
            45.3846177
          ]
        ]
      }
    },
    {
      "type": "Feature",
      "properties": {
        "u": 1435843451,
        "v": 1435832286,
        "key": 0,
        "osmid": "[753597132, 600025671]",
        "highway": "secondary",
        "lanes": "[\"3\", \"2\"]",
        "maxspeed": "60",
        "name": "Colonel By Drive",
        "oneway": false,
        "reversed": "True",
        "length": 482.371212909042,
        "ref": "",
        "tunnel": "",
        "bridge": "",
        "width": "",
        "access": "",
        "junction": ""
      },
      "geometry": {
        "type": "LineString",
        "coordinates": [
          [
            -75.6996961,
            45.3832582
          ],
          [
            -75.6997539,
            45.3831865
          ],
          [
            -75.6998125,
            45.3831144
          ],
          [
            -75.6999314,
            45.3829778
          ],
          [
            -75.7000476,
            45.3828448
          ],
          [
            -75.7001772,
            45.3827062
          ],
          [
            -75.7002703,
            45.382601
          ],
          [
            -75.7004129,
            45.3824355
          ],
          [
            -75.700495,
            45.3823403
          ],
          [
            -75.7005681,
            45.3822542
          ],
          [
            -75.7006236,
            45.3821819
          ],
          [
            -75.7006848,
            45.3820921
          ],
          [
            -75.7007567,
            45.3819867
          ],
          [
            -75.7008316,
            45.3818656
          ],
          [
            -75.7009627,
            45.3816459
          ],
          [
            -75.7010178,
            45.3815376
          ],
          [
            -75.7010735,
            45.3814221
          ],
          [
            -75.7011231,
            45.3813063
          ],
          [
            -75.7011834,
            45.3811601
          ],
          [
            -75.7012424,
            45.3809989
          ],
          [
            -75.701308,
            45.3808013
          ],
          [
            -75.701345,
            45.3806661
          ],
          [
            -75.7013796,
            45.3805274
          ],
          [
            -75.7014007,
            45.3804172
          ],
          [
            -75.7014206,
            45.3802769
          ],
          [
            -75.7014313,
            45.3801498
          ],
          [
            -75.7014377,
            45.3800188
          ],
          [
            -75.7014396,
            45.3798974
          ],
          [
            -75.7014377,
            45.3797856
          ],
          [
            -75.7014325,
            45.3796837
          ],
          [
            -75.7014182,
            45.3795205
          ],
          [
            -75.7013858,
            45.3791955
          ]
        ]
      }
    },
    {
      "type": "Feature",
      "properties": {
        "u": 1731064050,
        "v": 901797039,
        "key": 0,
        "osmid": 76509994,
        "highway": "residential",
        "lanes": "2",
        "maxspeed": "",
        "name": "Bayport Private",
        "oneway": false,
        "reversed": "True",
        "length": 164.13465689479574,
        "ref": "",
        "tunnel": "",
        "bridge": "",
        "width": "",
        "access": "",
        "junction": ""
      },
      "geometry": {
        "type": "LineString",
        "coordinates": [
          [
            -75.6871859,
            45.3662489
          ],
          [
            -75.6872167,
            45.3663278
          ],
          [
            -75.6872696,
            45.3664016
          ],
          [
            -75.6878694,
            45.3663518
          ],
          [
            -75.6880871,
            45.3664135
          ],
          [
            -75.6888648,
            45.3663368
          ],
          [
            -75.689002,
            45.366329
          ],
          [
            -75.6891057,
            45.3663164
          ]
        ]
      }
    },
    {
      "type": "Feature",
      "properties": {
        "u": 2611776630,
        "v": 901064345,
        "key": 0,
        "osmid": 8919513,
        "highway": "primary_link",
        "lanes": "1",
        "maxspeed": "",
        "name": "",
        "oneway": true,
        "reversed": "False",
        "length": 102.21193921183588,
        "ref": "",
        "tunnel": "",
        "bridge": "",
        "width": "",
        "access": "no",
        "junction": ""
      },
      "geometry": {
        "type": "LineString",
        "coordinates": [
          [
            -75.6880692,
            45.377153
          ],
          [
            -75.6883707,
            45.3770917
          ],
          [
            -75.6890333,
            45.3770289
          ],
          [
            -75.6891305,
            45.3770138
          ],
          [
            -75.689197,
            45.3769867
          ],
          [
            -75.6893113,
            45.3769188
          ]
        ]
      }
    },
    {
      "type": "Feature",
      "properties": {
        "u": 2611776630,
        "v": 1435007349,
        "key": 0,
        "osmid": "[1382206874, 435296020]",
        "highway": "primary",
        "lanes": "3",
        "maxspeed": "60",
        "name": "Heron Road",
        "oneway": true,
        "reversed": "False",
        "length": 69.20499825199437,
        "ref": "16",
        "tunnel": "",
        "bridge": "",
        "width": "",
        "access": "",
        "junction": ""
      },
      "geometry": {
        "type": "LineString",
        "coordinates": [
          [
            -75.6880692,
            45.377153
          ],
          [
            -75.6884442,
            45.3771266
          ],
          [
            -75.6889508,
            45.3770909
          ]
        ]
      }
    },
    {
      "type": "Feature",
      "properties": {
        "u": 2924096375,
        "v": 1435781052,
        "key": 0,
        "osmid": 76421311,
        "highway": "unclassified",
        "lanes": "1",
        "maxspeed": "40",
        "name": "Raven Road",
        "oneway": false,
        "reversed": "False",
        "length": 180.74280325440992,
        "ref": "",
        "tunnel": "",
        "bridge": "",
        "width": "3",
        "access": "",
        "junction": ""
      },
      "geometry": {
        "type": "LineString",
        "coordinates": [
          [
            -75.694052,
            45.3840027
          ],
          [
            -75.6938793,
            45.3840539
          ],
          [
            -75.6935126,
            45.3841706
          ],
          [
            -75.6932928,
            45.3842391
          ],
          [
            -75.6930058,
            45.3843287
          ],
          [
            -75.6929293,
            45.3843503
          ],
          [
            -75.6923962,
            45.3845125
          ],
          [
            -75.6919309,
            45.3846527
          ]
        ]
      }
    },
    {
      "type": "Feature",
      "properties": {
        "u": 2924096375,
        "v": 5157889159,
        "key": 0,
        "osmid": "[637334960, 637334959, 264387279]",
        "highway": "tertiary",
        "lanes": "2",
        "maxspeed": "",
        "name": "University Drive",
        "oneway": false,
        "reversed": "True",
        "length": 309.8648933456119,
        "ref": "",
        "tunnel": "",
        "bridge": "",
        "width": "",
        "access": "",
        "junction": ""
      },
      "geometry": {
        "type": "LineString",
        "coordinates": [
          [
            -75.694052,
            45.3840027
          ],
          [
            -75.6940048,
            45.3839279
          ],
          [
            -75.6937829,
            45.3835593
          ],
          [
            -75.6937782,
            45.3835516
          ],
          [
            -75.6937377,
            45.383488
          ],
          [
            -75.6937072,
            45.3834269
          ],
          [
            -75.693685,
            45.3833617
          ],
          [
            -75.6936743,
            45.3833023
          ],
          [
            -75.6936747,
            45.3832403
          ],
          [
            -75.6936827,
            45.3831883
          ],
          [
            -75.6936961,
            45.3831322
          ],
          [
            -75.6937035,
            45.3831181
          ],
          [
            -75.6937248,
            45.3830771
          ],
          [
            -75.6937555,
            45.3830321
          ],
          [
            -75.6937996,
            45.3829795
          ],
          [
            -75.6938541,
            45.3829319
          ],
          [
            -75.6939121,
            45.3828843
          ],
          [
            -75.6939774,
            45.3828342
          ],
          [
            -75.6940442,
            45.3827833
          ],
          [
            -75.6941151,
            45.3827371
          ],
          [
            -75.6941955,
            45.3826888
          ],
          [
            -75.6942703,
            45.3826482
          ],
          [
            -75.6943544,
            45.3826123
          ],
          [
            -75.6944615,
            45.382569
          ],
          [
            -75.694536,
            45.3825381
          ],
          [
            -75.6945987,
            45.3825149
          ],
          [
            -75.6947732,
            45.3824502
          ],
          [
            -75.6950222,
            45.3823693
          ],
          [
            -75.6950493,
            45.38236
          ],
          [
            -75.6952679,
            45.3822853
          ],
          [
            -75.6953456,
            45.3822651
          ],
          [
            -75.6954273,
            45.3822602
          ],
          [
            -75.6954793,
            45.3822677
          ],
          [
            -75.695515,
            45.3822823
          ],
          [
            -75.6955557,
            45.3823017
          ],
          [
            -75.6956679,
            45.3823874
          ],
          [
            -75.695672,
            45.3823923
          ],
          [
            -75.6957408,
            45.3824755
          ]
        ]
      }
    },
    {
      "type": "Feature",
      "properties": {
        "u": 2925321891,
        "v": 901800257,
        "key": 0,
        "osmid": 456386483,
        "highway": "primary",
        "lanes": "2",
        "maxspeed": "50",
        "name": "Prince Of Wales Drive",
        "oneway": true,
        "reversed": "False",
        "length": 55.128424268388976,
        "ref": "73",
        "tunnel": "",
        "bridge": "",
        "width": "",
        "access": "",
        "junction": ""
      },
      "geometry": {
        "type": "LineString",
        "coordinates": [
          [
            -75.7013122,
            45.3688531
          ],
          [
            -75.7013722,
            45.3689855
          ],
          [
            -75.701485,
            45.3691923
          ],
          [
            -75.7015977,
            45.3693021
          ]
        ]
      }
    },
    {
      "type": "Feature",
      "properties": {
        "u": 2925322557,
        "v": 4526484444,
        "key": 0,
        "osmid": 288986093,
        "highway": "primary_link",
        "lanes": "1",
        "maxspeed": "",
        "name": "",
        "oneway": true,
        "reversed": "False",
        "length": 31.16766174668426,
        "ref": "",
        "tunnel": "",
        "bridge": "",
        "width": "",
        "access": "",
        "junction": ""
      },
      "geometry": {
        "type": "LineString",
        "coordinates": [
          [
            -75.7015666,
            45.3681963
          ],
          [
            -75.7014909,
            45.3681989
          ],
          [
            -75.7014162,
            45.368198
          ],
          [
            -75.7013783,
            45.3681946
          ],
          [
            -75.7013446,
            45.3681849
          ],
          [
            -75.7012119,
            45.368106
          ]
        ]
      }
    },
    {
      "type": "Feature",
      "properties": {
        "u": 2925322557,
        "v": 4526484445,
        "key": 0,
        "osmid": 456386477,
        "highway": "secondary",
        "lanes": "3",
        "maxspeed": "50",
        "name": "Meadowlands Drive",
        "oneway": true,
        "reversed": "False",
        "length": 28.205943689231752,
        "ref": "51",
        "tunnel": "",
        "bridge": "",
        "width": "",
        "access": "",
        "junction": ""
      },
      "geometry": {
        "type": "LineString",
        "coordinates": [
          [
            -75.7015666,
            45.3681963
          ],
          [
            -75.7013788,
            45.3682652
          ],
          [
            -75.7013285,
            45.3682837
          ],
          [
            -75.7012456,
            45.3683124
          ]
        ]
      }
    },
    {
      "type": "Feature",
      "properties": {
        "u": 3454879917,
        "v": 165279027,
        "key": 0,
        "osmid": 538861669,
        "highway": "unclassified",
        "lanes": "2",
        "maxspeed": "",
        "name": "",
        "oneway": false,
        "reversed": "False",
        "length": 100.3021717074008,
        "ref": "",
        "tunnel": "",
        "bridge": "",
        "width": "",
        "access": "",
        "junction": ""
      },
      "geometry": {
        "type": "LineString",
        "coordinates": [
          [
            -75.6898705,
            45.3742272
          ],
          [
            -75.6897043,
            45.374239
          ],
          [
            -75.6896108,
            45.374246
          ],
          [
            -75.6888391,
            45.3743056
          ],
          [
            -75.6887548,
            45.3743171
          ],
          [
            -75.6886675,
            45.3743354
          ],
          [
            -75.6886021,
            45.3743523
          ]
        ]
      }
    },
    {
      "type": "Feature",
      "properties": {
        "u": 4526484429,
        "v": 4526484445,
        "key": 0,
        "osmid": 456386480,
        "highway": "primary",
        "lanes": "3",
        "maxspeed": "50",
        "name": "Prince Of Wales Drive",
        "oneway": true,
        "reversed": "False",
        "length": 9.996930289310328,
        "ref": "73",
        "tunnel": "",
        "bridge": "",
        "width": "",
        "access": "",
        "junction": ""
      },
      "geometry": {
        "type": "LineString",
        "coordinates": [
          [
            -75.7012704,
            45.3684006
          ],
          [
            -75.7012456,
            45.3683124
          ]
        ]
      }
    },
    {
      "type": "Feature",
      "properties": {
        "u": 4526484429,
        "v": 4526484439,
        "key": 0,
        "osmid": 456386487,
        "highway": "secondary",
        "lanes": "2",
        "maxspeed": "50",
        "name": "Meadowlands Drive",
        "oneway": true,
        "reversed": "False",
        "length": 112.99197246488018,
        "ref": "51",
        "tunnel": "",
        "bridge": "",
        "width": "",
        "access": "",
        "junction": ""
      },
      "geometry": {
        "type": "LineString",
        "coordinates": [
          [
            -75.7012704,
            45.3684006
          ],
          [
            -75.7013583,
            45.3683692
          ],
          [
            -75.7014934,
            45.3683211
          ],
          [
            -75.7017531,
            45.3682237
          ],
          [
            -75.7022256,
            45.3680172
          ],
          [
            -75.7024775,
            45.3678511
          ]
        ]
      }
    },
    {
      "type": "Feature",
      "properties": {
        "u": 4526484432,
        "v": 905128277,
        "key": 0,
        "osmid": "[76505424, 76505658, 538382776, 600025695]",
        "highway": "secondary",
        "lanes": "[\"3\", \"4\"]",
        "maxspeed": "60",
        "name": "Hog's Back Road",
        "oneway": false,
        "reversed": "False",
        "length": 172.49993839850745,
        "ref": "51",
        "tunnel": "",
        "bridge": "yes",
        "width": "",
        "access": "",
        "junction": ""
      },
      "geometry": {
        "type": "LineString",
        "coordinates": [
          [
            -75.7001578,
            45.3689003
          ],
          [
            -75.6999942,
            45.3690673
          ],
          [
            -75.6999466,
            45.3691088
          ],
          [
            -75.6997986,
            45.3692115
          ],
          [
            -75.6996595,
            45.3692882
          ],
          [
            -75.6993435,
            45.3694471
          ],
          [
            -75.6989042,
            45.3696524
          ],
          [
            -75.6984625,
            45.3698739
          ]
        ]
      }
    },
    {
      "type": "Feature",
      "properties": {
        "u": 4526484432,
        "v": 4526484435,
        "key": 0,
        "osmid": 456386490,
        "highway": "secondary",
        "lanes": "3",
        "maxspeed": "50",
        "name": "Hog's Back Road",
        "oneway": true,
        "reversed": "False",
        "length": 50.66738186021338,
        "ref": "51",
        "tunnel": "",
        "bridge": "",
        "width": "",
        "access": "",
        "junction": ""
      },
      "geometry": {
        "type": "LineString",
        "coordinates": [
          [
            -75.7001578,
            45.3689003
          ],
          [
            -75.7003642,
            45.3688024
          ],
          [
            -75.7005676,
            45.3686815
          ],
          [
            -75.700679,
            45.3686303
          ]
        ]
      }
    },
    {
      "type": "Feature",
      "properties": {
        "u": 4526484435,
        "v": 2925321891,
        "key": 0,
        "osmid": 288986106,
        "highway": "primary_link",
        "lanes": "1",
        "maxspeed": "",
        "name": "",
        "oneway": true,
        "reversed": "False",
        "length": 59.46800317127371,
        "ref": "",
        "tunnel": "",
        "bridge": "",
        "width": "",
        "access": "",
        "junction": ""
      },
      "geometry": {
        "type": "LineString",
        "coordinates": [
          [
            -75.700679,
            45.3686303
          ],
          [
            -75.7009365,
            45.3686425
          ],
          [
            -75.7009751,
            45.3686458
          ],
          [
            -75.7010106,
            45.3686524
          ],
          [
            -75.7010755,
            45.368671
          ],
          [
            -75.7011299,
            45.3686955
          ],
          [
            -75.7012177,
            45.3687467
          ],
          [
            -75.7012526,
            45.3687804
          ],
          [
            -75.7013122,
            45.3688531
          ]
        ]
      }
    },
    {
      "type": "Feature",
      "properties": {
        "u": 4526484435,
        "v": 4526484436,
        "key": 0,
        "osmid": 456386478,
        "highway": "secondary",
        "lanes": "3",
        "maxspeed": "50",
        "name": "Hog's Back Road",
        "oneway": true,
        "reversed": "False",
        "length": 42.09352519239225,
        "ref": "51",
        "tunnel": "",
        "bridge": "",
        "width": "",
        "access": "",
        "junction": ""
      },
      "geometry": {
        "type": "LineString",
        "coordinates": [
          [
            -75.700679,
            45.3686303
          ],
          [
            -75.7010201,
            45.3684936
          ],
          [
            -75.7010597,
            45.3684777
          ],
          [
            -75.7011482,
            45.3684442
          ]
        ]
      }
    },
    {
      "type": "Feature",
      "properties": {
        "u": 4526484436,
        "v": 4526484429,
        "key": 0,
        "osmid": 456386481,
        "highway": "secondary",
        "lanes": "3",
        "maxspeed": "50",
        "name": "Meadowlands Drive",
        "oneway": true,
        "reversed": "False",
        "length": 10.706742286613123,
        "ref": "51",
        "tunnel": "",
        "bridge": "",
        "width": "",
        "access": "",
        "junction": ""
      },
      "geometry": {
        "type": "LineString",
        "coordinates": [
          [
            -75.7011482,
            45.3684442
          ],
          [
            -75.7012704,
            45.3684006
          ]
        ]
      }
    },
    {
      "type": "Feature",
      "properties": {
        "u": 4526484436,
        "v": 2925321891,
        "key": 0,
        "osmid": 456386484,
        "highway": "primary",
        "lanes": "2",
        "maxspeed": "50",
        "name": "Prince Of Wales Drive",
        "oneway": true,
        "reversed": "False",
        "length": 47.24356362582304,
        "ref": "73",
        "tunnel": "",
        "bridge": "",
        "width": "",
        "access": "",
        "junction": ""
      },
      "geometry": {
        "type": "LineString",
        "coordinates": [
          [
            -75.7011482,
            45.3684442
          ],
          [
            -75.7011773,
            45.3685262
          ],
          [
            -75.7013122,
            45.3688531
          ]
        ]
      }
    },
    {
      "type": "Feature",
      "properties": {
        "u": 4526484439,
        "v": 2925322557,
        "key": 0,
        "osmid": 456386489,
        "highway": "secondary",
        "lanes": "3",
        "maxspeed": "50",
        "name": "Meadowlands Drive",
        "oneway": true,
        "reversed": "False",
        "length": 80.95122896736703,
        "ref": "51",
        "tunnel": "",
        "bridge": "",
        "width": "",
        "access": "",
        "junction": ""
      },
      "geometry": {
        "type": "LineString",
        "coordinates": [
          [
            -75.7024775,
            45.3678511
          ],
          [
            -75.7021525,
            45.3679585
          ],
          [
            -75.7018416,
            45.3680912
          ],
          [
            -75.7017319,
            45.368138
          ],
          [
            -75.7015666,
            45.3681963
          ]
        ]
      }
    },
    {
      "type": "Feature",
      "properties": {
        "u": 4526484439,
        "v": 901791619,
        "key": 0,
        "osmid": "[459143280, 459143281]",
        "highway": "secondary",
        "lanes": "4",
        "maxspeed": "50",
        "name": "Meadowlands Drive",
        "oneway": false,
        "reversed": "True",
        "length": 71.65319777948633,
        "ref": "51",
        "tunnel": "",
        "bridge": "",
        "width": "",
        "access": "",
        "junction": ""
      },
      "geometry": {
        "type": "LineString",
        "coordinates": [
          [
            -75.7024775,
            45.3678511
          ],
          [
            -75.7025994,
            45.3677894
          ],
          [
            -75.70267,
            45.3677528
          ],
          [
            -75.7028345,
            45.3676677
          ],
          [
            -75.7030238,
            45.367565
          ],
          [
            -75.7031084,
            45.367525
          ],
          [
            -75.7032167,
            45.3674698
          ]
        ]
      }
    },
    {
      "type": "Feature",
      "properties": {
        "u": 4526484442,
        "v": 901790794,
        "key": 0,
        "osmid": 456386486,
        "highway": "primary",
        "lanes": "2",
        "maxspeed": "50",
        "name": "Prince Of Wales Drive",
        "oneway": false,
        "reversed": "True",
        "length": 6.021054126816766,
        "ref": "",
        "tunnel": "",
        "bridge": "",
        "width": "",
        "access": "",
        "junction": ""
      },
      "geometry": {
        "type": "LineString",
        "coordinates": [
          [
            -75.7010008,
            45.3671588
          ],
          [
            -75.7009909,
            45.3671051
          ]
        ]
      }
    },
    {
      "type": "Feature",
      "properties": {
        "u": 4526484442,
        "v": 901794178,
        "key": 0,
        "osmid": 76505597,
        "highway": "primary",
        "lanes": "4",
        "maxspeed": "50",
        "name": "Prince Of Wales Drive",
        "oneway": true,
        "reversed": "False",
        "length": 134.73348737394616,
        "ref": "73",
        "tunnel": "",
        "bridge": "",
        "width": "",
        "access": "",
        "junction": ""
      },
      "geometry": {
        "type": "LineString",
        "coordinates": [
          [
            -75.7010008,
            45.3671588
          ],
          [
            -75.7009697,
            45.3672205
          ],
          [
            -75.7009686,
            45.3673205
          ],
          [
            -75.7010109,
            45.367681
          ],
          [
            -75.7010481,
            45.3679808
          ],
          [
            -75.701066,
            45.3681049
          ],
          [
            -75.7010805,
            45.3681965
          ],
          [
            -75.7010904,
            45.3682425
          ],
          [
            -75.7011011,
            45.3682926
          ],
          [
            -75.7011221,
            45.3683605
          ]
        ]
      }
    },
    {
      "type": "Feature",
      "properties": {
        "u": 4526484444,
        "v": 4526484442,
        "key": 0,
        "osmid": 456386482,
        "highway": "primary",
        "lanes": "2",
        "maxspeed": "50",
        "name": "Prince Of Wales Drive",
        "oneway": true,
        "reversed": "False",
        "length": 106.98237182033525,
        "ref": "73",
        "tunnel": "",
        "bridge": "",
        "width": "",
        "access": "",
        "junction": ""
      },
      "geometry": {
        "type": "LineString",
        "coordinates": [
          [
            -75.7012119,
            45.368106
          ],
          [
            -75.7011716,
            45.3678285
          ],
          [
            -75.701167,
            45.3677965
          ],
          [
            -75.7011095,
            45.367539
          ],
          [
            -75.7010734,
            45.3673104
          ],
          [
            -75.7010407,
            45.3672243
          ],
          [
            -75.7010008,
            45.3671588
          ]
        ]
      }
    },
    {
      "type": "Feature",
      "properties": {
        "u": 4526484445,
        "v": 901794178,
        "key": 0,
        "osmid": 456386479,
        "highway": "secondary",
        "lanes": "3",
        "maxspeed": "50",
        "name": "Meadowlands Drive",
        "oneway": true,
        "reversed": "False",
        "length": 11.031138422605117,
        "ref": "51",
        "tunnel": "",
        "bridge": "",
        "width": "",
        "access": "",
        "junction": ""
      },
      "geometry": {
        "type": "LineString",
        "coordinates": [
          [
            -75.7012456,
            45.3683124
          ],
          [
            -75.7011221,
            45.3683605
          ]
        ]
      }
    },
    {
      "type": "Feature",
      "properties": {
        "u": 4526484445,
        "v": 4526484444,
        "key": 0,
        "osmid": 456386476,
        "highway": "primary",
        "lanes": "2",
        "maxspeed": "50",
        "name": "Prince Of Wales Drive",
        "oneway": true,
        "reversed": "False",
        "length": 23.101166625662625,
        "ref": "73",
        "tunnel": "",
        "bridge": "",
        "width": "",
        "access": "",
        "junction": ""
      },
      "geometry": {
        "type": "LineString",
        "coordinates": [
          [
            -75.7012456,
            45.3683124
          ],
          [
            -75.7012343,
            45.3682435
          ],
          [
            -75.7012119,
            45.368106
          ]
        ]
      }
    },
    {
      "type": "Feature",
      "properties": {
        "u": 4658776914,
        "v": 957626550,
        "key": 0,
        "osmid": "[83748346, 538563924]",
        "highway": "unclassified",
        "lanes": "1",
        "maxspeed": "25",
        "name": "",
        "oneway": true,
        "reversed": "False",
        "length": 161.02639669023267,
        "ref": "",
        "tunnel": "",
        "bridge": "",
        "width": "",
        "access": "",
        "junction": ""
      },
      "geometry": {
        "type": "LineString",
        "coordinates": [
          [
            -75.6891628,
            45.3773511
          ],
          [
            -75.6890374,
            45.3773598
          ],
          [
            -75.6887781,
            45.3773788
          ],
          [
            -75.6885216,
            45.3773976
          ],
          [
            -75.6883592,
            45.3774095
          ],
          [
            -75.6883139,
            45.3774152
          ],
          [
            -75.6882554,
            45.3774261
          ],
          [
            -75.6879853,
            45.3774823
          ],
          [
            -75.6878044,
            45.3775198
          ],
          [
            -75.6877607,
            45.3775266
          ],
          [
            -75.687721,
            45.3775322
          ],
          [
            -75.6875998,
            45.3775496
          ],
          [
            -75.6875161,
            45.3775578
          ],
          [
            -75.6874566,
            45.3775587
          ],
          [
            -75.6874006,
            45.3775548
          ],
          [
            -75.6873259,
            45.3775437
          ],
          [
            -75.6871459,
            45.3774983
          ]
        ]
      }
    },
    {
      "type": "Feature",
      "properties": {
        "u": 4882865107,
        "v": 905125114,
        "key": 0,
        "osmid": 76510481,
        "highway": "secondary",
        "lanes": "4",
        "maxspeed": "50",
        "name": "Brookfield Road",
        "oneway": false,
        "reversed": "True",
        "length": 129.95194907278074,
        "ref": "51",
        "tunnel": "",
        "bridge": "",
        "width": "",
        "access": "",
        "junction": ""
      },
      "geometry": {
        "type": "LineString",
        "coordinates": [
          [
            -75.6885339,
            45.3732373
          ],
          [
            -75.6893352,
            45.3731811
          ],
          [
            -75.6897272,
            45.3731537
          ],
          [
            -75.6901896,
            45.3731233
          ]
        ]
      }
    },
    {
      "type": "Feature",
      "properties": {
        "u": 4882865107,
        "v": 901847307,
        "key": 0,
        "osmid": 507871496,
        "highway": "secondary",
        "lanes": "4",
        "maxspeed": "50",
        "name": "Brookfield Road",
        "oneway": false,
        "reversed": "False",
        "length": 149.78157588072787,
        "ref": "51",
        "tunnel": "",
        "bridge": "",
        "width": "",
        "access": "",
        "junction": ""
      },
      "geometry": {
        "type": "LineString",
        "coordinates": [
          [
            -75.6885339,
            45.3732373
          ],
          [
            -75.6879126,
            45.3732802
          ],
          [
            -75.68673,
            45.373362
          ],
          [
            -75.6866257,
            45.3733698
          ]
        ]
      }
    },
    {
      "type": "Feature",
      "properties": {
        "u": 4882865107,
        "v": 165279027,
        "key": 0,
        "osmid": 538861668,
        "highway": "unclassified",
        "lanes": "2",
        "maxspeed": "35",
        "name": "",
        "oneway": false,
        "reversed": "False",
        "length": 125.48844787763046,
        "ref": "",
        "tunnel": "",
        "bridge": "",
        "width": "",
        "access": "",
        "junction": ""
      },
      "geometry": {
        "type": "LineString",
        "coordinates": [
          [
            -75.6885339,
            45.3732373
          ],
          [
            -75.688545,
            45.373319
          ],
          [
            -75.6885487,
            45.3733466
          ],
          [
            -75.6885814,
            45.3735873
          ],
          [
            -75.6886326,
            45.3738751
          ],
          [
            -75.6886334,
            45.3738796
          ],
          [
            -75.6886356,
            45.373894
          ],
          [
            -75.6886381,
            45.3739105
          ],
          [
            -75.6886503,
            45.373991
          ],
          [
            -75.6886741,
            45.3742039
          ],
          [
            -75.6886438,
            45.3742681
          ],
          [
            -75.6886164,
            45.3743215
          ],
          [
            -75.6886021,
            45.3743523
          ]
        ]
      }
    },
    {
      "type": "Feature",
      "properties": {
        "u": 5077617133,
        "v": 901053754,
        "key": 0,
        "osmid": 76421568,
        "highway": "residential",
        "lanes": "2",
        "maxspeed": "30",
        "name": "Roslyn Avenue",
        "oneway": false,
        "reversed": "True",
        "length": 87.53717446009287,
        "ref": "",
        "tunnel": "",
        "bridge": "",
        "width": "",
        "access": "",
        "junction": ""
      },
      "geometry": {
        "type": "LineString",
        "coordinates": [
          [
            -75.6908243,
            45.3937518
          ],
          [
            -75.6903221,
            45.3931412
          ],
          [
            -75.6902975,
            45.393111
          ],
          [
            -75.6902641,
            45.3930699
          ]
        ]
      }
    },
    {
      "type": "Feature",
      "properties": {
        "u": 5157889159,
        "v": 901063580,
        "key": 0,
        "osmid": "[463644772, 538113725, 264387278, 130335831]",
        "highway": "tertiary",
        "lanes": "2",
        "maxspeed": "30",
        "name": "University Drive",
        "oneway": false,
        "reversed": "True",
        "length": 516.4543844982618,
        "ref": "",
        "tunnel": "building_passage",
        "bridge": "",
        "width": "",
        "access": "",
        "junction": ""
      },
      "geometry": {
        "type": "LineString",
        "coordinates": [
          [
            -75.6957408,
            45.3824755
          ],
          [
            -75.6958162,
            45.3824557
          ],
          [
            -75.6958533,
            45.3824434
          ],
          [
            -75.6958825,
            45.3824349
          ],
          [
            -75.6959058,
            45.3824238
          ],
          [
            -75.6959728,
            45.3823898
          ],
          [
            -75.6964357,
            45.38216
          ],
          [
            -75.6964435,
            45.3821554
          ],
          [
            -75.6964533,
            45.3821496
          ],
          [
            -75.6965162,
            45.382116
          ],
          [
            -75.6965793,
            45.3820823
          ],
          [
            -75.69666,
            45.3820386
          ],
          [
            -75.6967165,
            45.3819965
          ],
          [
            -75.696969,
            45.3817341
          ],
          [
            -75.6969845,
            45.3817202
          ],
          [
            -75.6970233,
            45.3816881
          ],
          [
            -75.6970674,
            45.381661
          ],
          [
            -75.6971626,
            45.3816165
          ],
          [
            -75.6972603,
            45.3815657
          ],
          [
            -75.6973543,
            45.3815169
          ],
          [
            -75.6974384,
            45.38147
          ],
          [
            -75.6975484,
            45.3814056
          ],
          [
            -75.6976351,
            45.3813482
          ],
          [
            -75.6977303,
            45.3812829
          ],
          [
            -75.69809,
            45.3810134
          ],
          [
            -75.6985303,
            45.3806901
          ],
          [
            -75.6988725,
            45.3804403
          ],
          [
            -75.6988899,
            45.3804276
          ],
          [
            -75.6989942,
            45.3803423
          ],
          [
            -75.6992897,
            45.3801152
          ],
          [
            -75.6993726,
            45.3800531
          ],
          [
            -75.6994772,
            45.3799687
          ],
          [
            -75.7004525,
            45.3792575
          ]
        ]
      }
    },
    {
      "type": "Feature",
      "properties": {
        "u": 5157889159,
        "v": 2924096375,
        "key": 0,
        "osmid": "[637334960, 264387279, 637334959]",
        "highway": "tertiary",
        "lanes": "2",
        "maxspeed": "",
        "name": "University Drive",
        "oneway": false,
        "reversed": "False",
        "length": 309.8648933456118,
        "ref": "",
        "tunnel": "",
        "bridge": "",
        "width": "",
        "access": "",
        "junction": ""
      },
      "geometry": {
        "type": "LineString",
        "coordinates": [
          [
            -75.6957408,
            45.3824755
          ],
          [
            -75.695672,
            45.3823923
          ],
          [
            -75.6956679,
            45.3823874
          ],
          [
            -75.6955557,
            45.3823017
          ],
          [
            -75.695515,
            45.3822823
          ],
          [
            -75.6954793,
            45.3822677
          ],
          [
            -75.6954273,
            45.3822602
          ],
          [
            -75.6953456,
            45.3822651
          ],
          [
            -75.6952679,
            45.3822853
          ],
          [
            -75.6950493,
            45.38236
          ],
          [
            -75.6950222,
            45.3823693
          ],
          [
            -75.6947732,
            45.3824502
          ],
          [
            -75.6945987,
            45.3825149
          ],
          [
            -75.694536,
            45.3825381
          ],
          [
            -75.6944615,
            45.382569
          ],
          [
            -75.6943544,
            45.3826123
          ],
          [
            -75.6942703,
            45.3826482
          ],
          [
            -75.6941955,
            45.3826888
          ],
          [
            -75.6941151,
            45.3827371
          ],
          [
            -75.6940442,
            45.3827833
          ],
          [
            -75.6939774,
            45.3828342
          ],
          [
            -75.6939121,
            45.3828843
          ],
          [
            -75.6938541,
            45.3829319
          ],
          [
            -75.6937996,
            45.3829795
          ],
          [
            -75.6937555,
            45.3830321
          ],
          [
            -75.6937248,
            45.3830771
          ],
          [
            -75.6937035,
            45.3831181
          ],
          [
            -75.6936961,
            45.3831322
          ],
          [
            -75.6936827,
            45.3831883
          ],
          [
            -75.6936747,
            45.3832403
          ],
          [
            -75.6936743,
            45.3833023
          ],
          [
            -75.693685,
            45.3833617
          ],
          [
            -75.6937072,
            45.3834269
          ],
          [
            -75.6937377,
            45.383488
          ],
          [
            -75.6937782,
            45.3835516
          ],
          [
            -75.6937829,
            45.3835593
          ],
          [
            -75.6940048,
            45.3839279
          ],
          [
            -75.694052,
            45.3840027
          ]
        ]
      }
    },
    {
      "type": "Feature",
      "properties": {
        "u": 5222571303,
        "v": 905118768,
        "key": 0,
        "osmid": 76843216,
        "highway": "primary_link",
        "lanes": "1",
        "maxspeed": "",
        "name": "",
        "oneway": true,
        "reversed": "False",
        "length": 86.53225040958505,
        "ref": "",
        "tunnel": "",
        "bridge": "",
        "width": "",
        "access": "",
        "junction": ""
      },
      "geometry": {
        "type": "LineString",
        "coordinates": [
          [
            -75.6960127,
            45.3929682
          ],
          [
            -75.6960313,
            45.3929085
          ],
          [
            -75.6960398,
            45.3928906
          ],
          [
            -75.6960529,
            45.3928683
          ],
          [
            -75.6960772,
            45.3928495
          ],
          [
            -75.6961133,
            45.392829
          ],
          [
            -75.6961653,
            45.3928124
          ],
          [
            -75.6962152,
            45.3928033
          ],
          [
            -75.6962823,
            45.3928021
          ],
          [
            -75.6967127,
            45.3928043
          ],
          [
            -75.6967694,
            45.392807
          ],
          [
            -75.6968214,
            45.3928118
          ],
          [
            -75.6969069,
            45.3928267
          ],
          [
            -75.696975,
            45.3928466
          ]
        ]
      }
    },
    {
      "type": "Feature",
      "properties": {
        "u": 5222571303,
        "v": 1435066117,
        "key": 0,
        "osmid": 600412831,
        "highway": "primary",
        "lanes": "2",
        "maxspeed": "60",
        "name": "Bronson Avenue",
        "oneway": true,
        "reversed": "False",
        "length": 43.321617162152734,
        "ref": "79",
        "tunnel": "",
        "bridge": "",
        "width": "",
        "access": "",
        "junction": ""
      },
      "geometry": {
        "type": "LineString",
        "coordinates": [
          [
            -75.6960127,
            45.3929682
          ],
          [
            -75.695957,
            45.3927936
          ],
          [
            -75.695881,
            45.3925898
          ]
        ]
      }
    },
    {
      "type": "Feature",
      "properties": {
        "u": 5316483277,
        "v": 901066222,
        "key": 0,
        "osmid": 76421234,
        "highway": "residential",
        "lanes": "2",
        "maxspeed": "30",
        "name": "Sloan Avenue",
        "oneway": false,
        "reversed": "False",
        "length": 215.9806539828871,
        "ref": "",
        "tunnel": "",
        "bridge": "",
        "width": "",
        "access": "",
        "junction": ""
      },
      "geometry": {
        "type": "LineString",
        "coordinates": [
          [
            -75.6913968,
            45.3879223
          ],
          [
            -75.6918382,
            45.3882279
          ],
          [
            -75.6920305,
            45.388357
          ],
          [
            -75.6922687,
            45.3886735
          ],
          [
            -75.6928747,
            45.3895365
          ]
        ]
      }
    },
    {
      "type": "Feature",
      "properties": {
        "u": 5508988137,
        "v": 901065531,
        "key": 0,
        "osmid": 76842295,
        "highway": "primary_link",
        "lanes": "1",
        "maxspeed": "60",
        "name": "",
        "oneway": true,
        "reversed": "False",
        "length": 207.94338487595346,
        "ref": "",
        "tunnel": "",
        "bridge": "",
        "width": "",
        "access": "",
        "junction": ""
      },
      "geometry": {
        "type": "LineString",
        "coordinates": [
          [
            -75.7049511,
            45.375452
          ],
          [
            -75.7052193,
            45.3754446
          ],
          [
            -75.705556,
            45.375438
          ],
          [
            -75.706197,
            45.3754107
          ],
          [
            -75.7063915,
            45.3753922
          ],
          [
            -75.7066423,
            45.3753683
          ],
          [
            -75.7067249,
            45.3753635
          ],
          [
            -75.7067981,
            45.3753709
          ],
          [
            -75.7068778,
            45.3753875
          ],
          [
            -75.7069427,
            45.3754097
          ],
          [
            -75.7069988,
            45.3754428
          ],
          [
            -75.7070428,
            45.3754797
          ],
          [
            -75.7070705,
            45.375508
          ],
          [
            -75.7070861,
            45.3755364
          ],
          [
            -75.7071106,
            45.3755921
          ],
          [
            -75.7071211,
            45.3756462
          ],
          [
            -75.7071249,
            45.3756971
          ],
          [
            -75.7071288,
            45.3758277
          ]
        ]
      }
    },
    {
      "type": "Feature",
      "properties": {
        "u": 5508988137,
        "v": 901066941,
        "key": 0,
        "osmid": 456369683,
        "highway": "primary",
        "lanes": "4",
        "maxspeed": "60",
        "name": "Heron Road",
        "oneway": true,
        "reversed": "False",
        "length": 189.40425089013513,
        "ref": "16",
        "tunnel": "",
        "bridge": "",
        "width": "",
        "access": "",
        "junction": ""
      },
      "geometry": {
        "type": "LineString",
        "coordinates": [
          [
            -75.7049511,
            45.375452
          ],
          [
            -75.7072564,
            45.3752169
          ],
          [
            -75.707351,
            45.3752084
          ]
        ]
      }
    },
    {
      "type": "Feature",
      "properties": {
        "u": 5710064748,
        "v": 940951688,
        "key": 0,
        "osmid": 8919535,
        "highway": "unclassified",
        "lanes": "1",
        "maxspeed": "",
        "name": "",
        "oneway": true,
        "reversed": "False",
        "length": 46.14755213832021,
        "ref": "",
        "tunnel": "",
        "bridge": "",
        "width": "",
        "access": "",
        "junction": ""
      },
      "geometry": {
        "type": "LineString",
        "coordinates": [
          [
            -75.6889342,
            45.3765712
          ],
          [
            -75.688943,
            45.3766328
          ],
          [
            -75.68893,
            45.3767364
          ],
          [
            -75.6889172,
            45.3767871
          ],
          [
            -75.6889037,
            45.3768324
          ],
          [
            -75.6888725,
            45.3768708
          ],
          [
            -75.6887868,
            45.3769594
          ]
        ]
      }
    },
    {
      "type": "Feature",
      "properties": {
        "u": 5710064748,
        "v": 165279038,
        "key": 0,
        "osmid": 538861667,
        "highway": "unclassified",
        "lanes": "2",
        "maxspeed": "35",
        "name": "",
        "oneway": false,
        "reversed": "True",
        "length": 81.18342110882904,
        "ref": "",
        "tunnel": "",
        "bridge": "",
        "width": "",
        "access": "",
        "junction": ""
      },
      "geometry": {
        "type": "LineString",
        "coordinates": [
          [
            -75.6889342,
            45.3765712
          ],
          [
            -75.6888596,
            45.3765064
          ],
          [
            -75.6886303,
            45.3763072
          ],
          [
            -75.6885722,
            45.3762293
          ],
          [
            -75.6885495,
            45.3761494
          ],
          [
            -75.6885304,
            45.3760542
          ],
          [
            -75.6885055,
            45.3759304
          ]
        ]
      }
    },
    {
      "type": "Feature",
      "properties": {
        "u": 6306084726,
        "v": 6306084734,
        "key": 0,
        "osmid": 1297487418,
        "highway": "residential",
        "lanes": "1",
        "maxspeed": "",
        "name": "Peridot Private",
        "oneway": true,
        "reversed": "False",
        "length": 21.391260533443663,
        "ref": "",
        "tunnel": "",
        "bridge": "",
        "width": "",
        "access": "",
        "junction": ""
      },
      "geometry": {
        "type": "LineString",
        "coordinates": [
          [
            -75.704154,
            45.3797118
          ],
          [
            -75.7038802,
            45.3797071
          ]
        ]
      }
    },
    {
      "type": "Feature",
      "properties": {
        "u": 6306084726,
        "v": 12021442551,
        "key": 0,
        "osmid": 76422419,
        "highway": "primary",
        "lanes": "2",
        "maxspeed": "60",
        "name": "Prince Of Wales Drive",
        "oneway": false,
        "reversed": "False",
        "length": 19.369459754540596,
        "ref": "73",
        "tunnel": "",
        "bridge": "",
        "width": "",
        "access": "",
        "junction": ""
      },
      "geometry": {
        "type": "LineString",
        "coordinates": [
          [
            -75.704154,
            45.3797118
          ],
          [
            -75.7040721,
            45.3798194
          ],
          [
            -75.7040433,
            45.3798675
          ]
        ]
      }
    },
    {
      "type": "Feature",
      "properties": {
        "u": 6306084726,
        "v": 901067071,
        "key": 0,
        "osmid": "[76422419, 76421255]",
        "highway": "primary",
        "lanes": "2",
        "maxspeed": "60",
        "name": "Prince Of Wales Drive",
        "oneway": false,
        "reversed": "True",
        "length": 98.66881830253341,
        "ref": "73",
        "tunnel": "",
        "bridge": "",
        "width": "",
        "access": "",
        "junction": ""
      },
      "geometry": {
        "type": "LineString",
        "coordinates": [
          [
            -75.704154,
            45.3797118
          ],
          [
            -75.7041757,
            45.3796872
          ],
          [
            -75.7042448,
            45.3796024
          ],
          [
            -75.7043281,
            45.3795017
          ],
          [
            -75.70471,
            45.3790093
          ],
          [
            -75.7047667,
            45.3789359
          ]
        ]
      }
    },
    {
      "type": "Feature",
      "properties": {
        "u": 6306084734,
        "v": 6306084740,
        "key": 0,
        "osmid": 673382348,
        "highway": "residential",
        "lanes": "2",
        "maxspeed": "",
        "name": "Peridot Private",
        "oneway": false,
        "reversed": "False",
        "length": 68.66496254909654,
        "ref": "",
        "tunnel": "",
        "bridge": "",
        "width": "",
        "access": "",
        "junction": ""
      },
      "geometry": {
        "type": "LineString",
        "coordinates": [
          [
            -75.7038802,
            45.3797071
          ],
          [
            -75.7032277,
            45.3796898
          ],
          [
            -75.7031859,
            45.3796916
          ],
          [
            -75.7031697,
            45.3797025
          ],
          [
            -75.7031627,
            45.3797161
          ],
          [
            -75.7031607,
            45.3797355
          ],
          [
            -75.7031554,
            45.3798152
          ]
        ]
      }
    },
    {
      "type": "Feature",
      "properties": {
        "u": 6306084734,
        "v": 12021442551,
        "key": 0,
        "osmid": 1297487419,
        "highway": "residential",
        "lanes": "1",
        "maxspeed": "",
        "name": "Peridot Private",
        "oneway": true,
        "reversed": "False",
        "length": 22.091882180419095,
        "ref": "",
        "tunnel": "",
        "bridge": "",
        "width": "",
        "access": "",
        "junction": ""
      },
      "geometry": {
        "type": "LineString",
        "coordinates": [
          [
            -75.7038802,
            45.3797071
          ],
          [
            -75.7039527,
            45.3797582
          ],
          [
            -75.704005,
            45.3798175
          ],
          [
            -75.7040433,
            45.3798675
          ]
        ]
      }
    },
    {
      "type": "Feature",
      "properties": {
        "u": 6306084740,
        "v": 6306084734,
        "key": 0,
        "osmid": 673382348,
        "highway": "residential",
        "lanes": "2",
        "maxspeed": "",
        "name": "Peridot Private",
        "oneway": false,
        "reversed": "True",
        "length": 68.66496254909653,
        "ref": "",
        "tunnel": "",
        "bridge": "",
        "width": "",
        "access": "",
        "junction": ""
      },
      "geometry": {
        "type": "LineString",
        "coordinates": [
          [
            -75.7031554,
            45.3798152
          ],
          [
            -75.7031607,
            45.3797355
          ],
          [
            -75.7031627,
            45.3797161
          ],
          [
            -75.7031697,
            45.3797025
          ],
          [
            -75.7031859,
            45.3796916
          ],
          [
            -75.7032277,
            45.3796898
          ],
          [
            -75.7038802,
            45.3797071
          ]
        ]
      }
    },
    {
      "type": "Feature",
      "properties": {
        "u": 6978063720,
        "v": 901056459,
        "key": 0,
        "osmid": 76419003,
        "highway": "residential",
        "lanes": "2",
        "maxspeed": "30",
        "name": "Carlyle Avenue",
        "oneway": false,
        "reversed": "True",
        "length": 42.8366238906261,
        "ref": "",
        "tunnel": "",
        "bridge": "",
        "width": "",
        "access": "",
        "junction": ""
      },
      "geometry": {
        "type": "LineString",
        "coordinates": [
          [
            -75.693161,
            45.3933193
          ],
          [
            -75.6928756,
            45.3929903
          ]
        ]
      }
    },
    {
      "type": "Feature",
      "properties": {
        "u": 7010355498,
        "v": 8581420062,
        "key": 0,
        "osmid": 130298108,
        "highway": "tertiary",
        "lanes": "2",
        "maxspeed": "40",
        "name": "University Drive",
        "oneway": false,
        "reversed": "False",
        "length": 19.170824390106393,
        "ref": "",
        "tunnel": "",
        "bridge": "",
        "width": "",
        "access": "",
        "junction": ""
      },
      "geometry": {
        "type": "LineString",
        "coordinates": [
          [
            -75.6956315,
            45.3875148
          ],
          [
            -75.695638,
            45.3875448
          ],
          [
            -75.69564,
            45.3875533
          ],
          [
            -75.6956715,
            45.3876849
          ]
        ]
      }
    },
    {
      "type": "Feature",
      "properties": {
        "u": 7010355498,
        "v": 8581420063,
        "key": 0,
        "osmid": 924632856,
        "highway": "unclassified",
        "lanes": "2",
        "maxspeed": "",
        "name": "Stadium Way",
        "oneway": false,
        "reversed": "True",
        "length": 48.94762858261487,
        "ref": "",
        "tunnel": "",
        "bridge": "",
        "width": "",
        "access": "",
        "junction": ""
      },
      "geometry": {
        "type": "LineString",
        "coordinates": [
          [
            -75.6956315,
            45.3875148
          ],
          [
            -75.6954506,
            45.387539
          ],
          [
            -75.6950176,
            45.3876035
          ]
        ]
      }
    },
    {
      "type": "Feature",
      "properties": {
        "u": 7010355503,
        "v": 901069328,
        "key": 0,
        "osmid": "[1283505594, 1328264314, 490908991]",
        "highway": "primary",
        "lanes": "[\"3\", \"4\"]",
        "maxspeed": "60",
        "name": "Bronson Avenue",
        "oneway": true,
        "reversed": "False",
        "length": 157.96270982345277,
        "ref": "79",
        "tunnel": "",
        "bridge": "",
        "width": "",
        "access": "",
        "junction": ""
      },
      "geometry": {
        "type": "LineString",
        "coordinates": [
          [
            -75.6925574,
            45.3881843
          ],
          [
            -75.6923893,
            45.387976
          ],
          [
            -75.6923188,
            45.3878844
          ],
          [
            -75.6920576,
            45.3875449
          ],
          [
            -75.6916594,
            45.3870205
          ],
          [
            -75.6916469,
            45.3870034
          ],
          [
            -75.6915963,
            45.3869344
          ]
        ]
      }
    },
    {
      "type": "Feature",
      "properties": {
        "u": 7041068350,
        "v": 905099455,
        "key": 0,
        "osmid": 397100633,
        "highway": "trunk_link",
        "lanes": "1",
        "maxspeed": "",
        "name": "",
        "oneway": true,
        "reversed": "False",
        "length": 9.283259773839907,
        "ref": "",
        "tunnel": "",
        "bridge": "",
        "width": "",
        "access": "",
        "junction": ""
      },
      "geometry": {
        "type": "LineString",
        "coordinates": [
          [
            -75.6870705,
            45.3821643
          ],
          [
            -75.6869895,
            45.3821032
          ]
        ]
      }
    },
    {
      "type": "Feature",
      "properties": {
        "u": 8581420062,
        "v": 1435531959,
        "key": 0,
        "osmid": 130298108,
        "highway": "tertiary",
        "lanes": "2",
        "maxspeed": "40",
        "name": "University Drive",
        "oneway": false,
        "reversed": "False",
        "length": 64.77752007027681,
        "ref": "",
        "tunnel": "",
        "bridge": "",
        "width": "",
        "access": "",
        "junction": ""
      },
      "geometry": {
        "type": "LineString",
        "coordinates": [
          [
            -75.6956715,
            45.3876849
          ],
          [
            -75.6958038,
            45.38826
          ]
        ]
      }
    },
    {
      "type": "Feature",
      "properties": {
        "u": 8581420062,
        "v": 7010355498,
        "key": 0,
        "osmid": 130298108,
        "highway": "tertiary",
        "lanes": "2",
        "maxspeed": "40",
        "name": "University Drive",
        "oneway": false,
        "reversed": "True",
        "length": 19.170824390106393,
        "ref": "",
        "tunnel": "",
        "bridge": "",
        "width": "",
        "access": "",
        "junction": ""
      },
      "geometry": {
        "type": "LineString",
        "coordinates": [
          [
            -75.6956715,
            45.3876849
          ],
          [
            -75.69564,
            45.3875533
          ],
          [
            -75.695638,
            45.3875448
          ],
          [
            -75.6956315,
            45.3875148
          ]
        ]
      }
    },
    {
      "type": "Feature",
      "properties": {
        "u": 8581420063,
        "v": 7010355498,
        "key": 0,
        "osmid": 924632856,
        "highway": "unclassified",
        "lanes": "2",
        "maxspeed": "",
        "name": "Stadium Way",
        "oneway": false,
        "reversed": "False",
        "length": 48.94762858261487,
        "ref": "",
        "tunnel": "",
        "bridge": "",
        "width": "",
        "access": "",
        "junction": ""
      },
      "geometry": {
        "type": "LineString",
        "coordinates": [
          [
            -75.6950176,
            45.3876035
          ],
          [
            -75.6954506,
            45.387539
          ],
          [
            -75.6956315,
            45.3875148
          ]
        ]
      }
    },
    {
      "type": "Feature",
      "properties": {
        "u": 8581420063,
        "v": 8581420062,
        "key": 0,
        "osmid": 924632863,
        "highway": "unclassified",
        "lanes": "1",
        "maxspeed": "",
        "name": "Stadium Way",
        "oneway": true,
        "reversed": "False",
        "length": 53.15702383692205,
        "ref": "",
        "tunnel": "",
        "bridge": "",
        "width": "",
        "access": "",
        "junction": ""
      },
      "geometry": {
        "type": "LineString",
        "coordinates": [
          [
            -75.6950176,
            45.3876035
          ],
          [
            -75.6952402,
            45.3875941
          ],
          [
            -75.6953797,
            45.3875988
          ],
          [
            -75.6954698,
            45.3876156
          ],
          [
            -75.6955366,
            45.3876346
          ],
          [
            -75.6956715,
            45.3876849
          ]
        ]
      }
    },
    {
      "type": "Feature",
      "properties": {
        "u": 9370739420,
        "v": 1435531963,
        "key": 0,
        "osmid": "[130298111, 130298110, 130331839]",
        "highway": "tertiary",
        "lanes": "1",
        "maxspeed": "40",
        "name": "Campus Avenue",
        "oneway": false,
        "reversed": "False",
        "length": 77.00707185483172,
        "ref": "",
        "tunnel": "",
        "bridge": "yes",
        "width": "3",
        "access": "",
        "junction": ""
      },
      "geometry": {
        "type": "LineString",
        "coordinates": [
          [
            -75.6961455,
            45.3889172
          ],
          [
            -75.6962336,
            45.3888841
          ],
          [
            -75.6962771,
            45.3888679
          ],
          [
            -75.6963838,
            45.3888267
          ],
          [
            -75.6968139,
            45.3886553
          ],
          [
            -75.6968661,
            45.3886352
          ],
          [
            -75.6968989,
            45.3886226
          ],
          [
            -75.6970087,
            45.3885825
          ]
        ]
      }
    },
    {
      "type": "Feature",
      "properties": {
        "u": 9370739420,
        "v": 9370739436,
        "key": 0,
        "osmid": 1015917694,
        "highway": "tertiary",
        "lanes": "1",
        "maxspeed": "",
        "name": "",
        "oneway": true,
        "reversed": "False",
        "length": 16.413326192375248,
        "ref": "",
        "tunnel": "",
        "bridge": "",
        "width": "3",
        "access": "",
        "junction": "roundabout"
      },
      "geometry": {
        "type": "LineString",
        "coordinates": [
          [
            -75.6961455,
            45.3889172
          ],
          [
            -75.6961327,
            45.3888814
          ],
          [
            -75.6961056,
            45.3888498
          ],
          [
            -75.6960667,
            45.388825
          ],
          [
            -75.6960192,
            45.3888092
          ]
        ]
      }
    },
    {
      "type": "Feature",
      "properties": {
        "u": 9370739424,
        "v": 9370739431,
        "key": 0,
        "osmid": 1016688283,
        "highway": "tertiary",
        "lanes": "2",
        "maxspeed": "",
        "name": "",
        "oneway": true,
        "reversed": "False",
        "length": 17.873499945302623,
        "ref": "",
        "tunnel": "",
        "bridge": "",
        "width": "",
        "access": "",
        "junction": "roundabout"
      },
      "geometry": {
        "type": "LineString",
        "coordinates": [
          [
            -75.6957878,
            45.3889242
          ],
          [
            -75.6957944,
            45.3889641
          ],
          [
            -75.6958186,
            45.3890005
          ],
          [
            -75.6958579,
            45.3890297
          ],
          [
            -75.6959083,
            45.3890488
          ]
        ]
      }
    },
    {
      "type": "Feature",
      "properties": {
        "u": 9370739431,
        "v": 9370739420,
        "key": 0,
        "osmid": 1016688285,
        "highway": "tertiary",
        "lanes": "1",
        "maxspeed": "",
        "name": "",
        "oneway": true,
        "reversed": "False",
        "length": 27.943689604934068,
        "ref": "",
        "tunnel": "",
        "bridge": "",
        "width": "3",
        "access": "",
        "junction": "roundabout"
      },
      "geometry": {
        "type": "LineString",
        "coordinates": [
          [
            -75.6959083,
            45.3890488
          ],
          [
            -75.6959623,
            45.3890557
          ],
          [
            -75.696019,
            45.3890503
          ],
          [
            -75.6960705,
            45.3890326
          ],
          [
            -75.6961114,
            45.3890045
          ],
          [
            -75.6961328,
            45.3889751
          ],
          [
            -75.6961454,
            45.3889432
          ],
          [
            -75.6961455,
            45.3889172
          ]
        ]
      }
    },
    {
      "type": "Feature",
      "properties": {
        "u": 9370739436,
        "v": 1435531959,
        "key": 0,
        "osmid": "[1283505593, 1015917699]",
        "highway": "tertiary",
        "lanes": "1",
        "maxspeed": "40",
        "name": "University Drive",
        "oneway": true,
        "reversed": "False",
        "length": 63.72288970676615,
        "ref": "",
        "tunnel": "",
        "bridge": "",
        "width": "3",
        "access": "",
        "junction": ""
      },
      "geometry": {
        "type": "LineString",
        "coordinates": [
          [
            -75.6960192,
            45.3888092
          ],
          [
            -75.6959776,
            45.3887586
          ],
          [
            -75.6959606,
            45.3887295
          ],
          [
            -75.6959458,
            45.3887042
          ],
          [
            -75.6959343,
            45.388672
          ],
          [
            -75.695893,
            45.3885479
          ],
          [
            -75.6958688,
            45.3884462
          ],
          [
            -75.6958511,
            45.3883719
          ],
          [
            -75.6958301,
            45.3883178
          ],
          [
            -75.6958038,
            45.38826
          ]
        ]
      }
    },
    {
      "type": "Feature",
      "properties": {
        "u": 11772764640,
        "v": 11772764642,
        "key": 0,
        "osmid": 305214699,
        "highway": "primary",
        "lanes": "3",
        "maxspeed": "60",
        "name": "Bronson Avenue",
        "oneway": true,
        "reversed": "False",
        "length": 9.258328699411694,
        "ref": "79",
        "tunnel": "",
        "bridge": "",
        "width": "",
        "access": "",
        "junction": ""
      },
      "geometry": {
        "type": "LineString",
        "coordinates": [
          [
            -75.693956,
            45.389937
          ],
          [
            -75.6938977,
            45.3898645
          ]
        ]
      }
    },
    {
      "type": "Feature",
      "properties": {
        "u": 11772764640,
        "v": 901070712,
        "key": 0,
        "osmid": 305941312,
        "highway": "tertiary",
        "lanes": "1",
        "maxspeed": "40",
        "name": "University Drive",
        "oneway": true,
        "reversed": "False",
        "length": 22.86055236035173,
        "ref": "",
        "tunnel": "",
        "bridge": "",
        "width": "",
        "access": "",
        "junction": ""
      },
      "geometry": {
        "type": "LineString",
        "coordinates": [
          [
            -75.693956,
            45.389937
          ],
          [
            -75.6940701,
            45.3898931
          ],
          [
            -75.6941178,
            45.3898734
          ],
          [
            -75.6942103,
            45.3898352
          ]
        ]
      }
    },
    {
      "type": "Feature",
      "properties": {
        "u": 11772764642,
        "v": 901063167,
        "key": 0,
        "osmid": 1300505855,
        "highway": "tertiary",
        "lanes": "3",
        "maxspeed": "40",
        "name": "University Drive",
        "oneway": true,
        "reversed": "False",
        "length": 16.1867013030645,
        "ref": "",
        "tunnel": "",
        "bridge": "",
        "width": "",
        "access": "",
        "junction": ""
      },
      "geometry": {
        "type": "LineString",
        "coordinates": [
          [
            -75.6938977,
            45.3898645
          ],
          [
            -75.6937182,
            45.3899373
          ]
        ]
      }
    },
    {
      "type": "Feature",
      "properties": {
        "u": 11772764642,
        "v": 1435531967,
        "key": 0,
        "osmid": 1300505854,
        "highway": "primary",
        "lanes": "3",
        "maxspeed": "60",
        "name": "Bronson Avenue",
        "oneway": true,
        "reversed": "False",
        "length": 33.927183539166975,
        "ref": "79",
        "tunnel": "",
        "bridge": "",
        "width": "",
        "access": "",
        "junction": ""
      },
      "geometry": {
        "type": "LineString",
        "coordinates": [
          [
            -75.6938977,
            45.3898645
          ],
          [
            -75.6938554,
            45.3898092
          ],
          [
            -75.6938253,
            45.3897697
          ],
          [
            -75.6936924,
            45.3895956
          ]
        ]
      }
    },
    {
      "type": "Feature",
      "properties": {
        "u": 12021442551,
        "v": 901068898,
        "key": 0,
        "osmid": "[76421320, 76422443, 76422419, 76422252]",
        "highway": "primary",
        "lanes": "2",
        "maxspeed": "60",
        "name": "Prince Of Wales Drive",
        "oneway": false,
        "reversed": "False",
        "length": 1056.9170498071703,
        "ref": "73",
        "tunnel": "",
        "bridge": "",
        "width": "",
        "access": "",
        "junction": ""
      },
      "geometry": {
        "type": "LineString",
        "coordinates": [
          [
            -75.7040433,
            45.3798675
          ],
          [
            -75.7039943,
            45.3799568
          ],
          [
            -75.7039594,
            45.3800461
          ],
          [
            -75.7039353,
            45.3801894
          ],
          [
            -75.7039298,
            45.3803327
          ],
          [
            -75.7039433,
            45.3804009
          ],
          [
            -75.7039662,
            45.3804691
          ],
          [
            -75.7041866,
            45.3808496
          ],
          [
            -75.7054856,
            45.3828103
          ],
          [
            -75.7055307,
            45.3828798
          ],
          [
            -75.705579,
            45.3829543
          ],
          [
            -75.7064411,
            45.3842838
          ],
          [
            -75.7065593,
            45.3844862
          ],
          [
            -75.7066399,
            45.3846811
          ],
          [
            -75.7066885,
            45.3848614
          ],
          [
            -75.7067026,
            45.3851841
          ],
          [
            -75.7066687,
            45.3862727
          ],
          [
            -75.7066686,
            45.3862934
          ],
          [
            -75.7066656,
            45.3869387
          ],
          [
            -75.7066345,
            45.388722
          ],
          [
            -75.7066453,
            45.3888565
          ],
          [
            -75.7066717,
            45.3889513
          ]
        ]
      }
    },
    {
      "type": "Feature",
      "properties": {
        "u": 12021442551,
        "v": 6306084726,
        "key": 0,
        "osmid": 76422419,
        "highway": "primary",
        "lanes": "2",
        "maxspeed": "60",
        "name": "Prince Of Wales Drive",
        "oneway": false,
        "reversed": "True",
        "length": 19.369459754540596,
        "ref": "73",
        "tunnel": "",
        "bridge": "",
        "width": "",
        "access": "",
        "junction": ""
      },
      "geometry": {
        "type": "LineString",
        "coordinates": [
          [
            -75.7040433,
            45.3798675
          ],
          [
            -75.7040721,
            45.3798194
          ],
          [
            -75.704154,
            45.3797118
          ]
        ]
      }
    },
    {
      "type": "Feature",
      "properties": {
        "key": 0,
        "osmid": "[463836610, 587750051, 600025672, 301043954, 301043956, 374618933, 76422398]",
        "highway": "tertiary",
        "lanes": "1",
        "maxspeed": "40",
        "name": "Library Road",
        "oneway": false,
        "ref": "",
        "tunnel": "",
        "bridge": "",
        "width": "3",
        "access": "",
        "junction": "",
        "u": 901068481,
        "v": 9900131001,
        "reversed": "False",
        "length": 685.3289400001116,
        "split_for_p1": true
      },
      "geometry": {
        "type": "LineString",
        "coordinates": [
          [
            -75.6963748,
            45.3855219
          ],
          [
            -75.6964649,
            45.3855232
          ],
          [
            -75.6965464,
            45.3855223
          ],
          [
            -75.6975308,
            45.3855268
          ],
          [
            -75.6977069,
            45.3855337
          ],
          [
            -75.6979683,
            45.3855265
          ],
          [
            -75.6980426,
            45.3855251
          ],
          [
            -75.6981139,
            45.3855199
          ],
          [
            -75.6981817,
            45.3855115
          ],
          [
            -75.6982636,
            45.3854955
          ],
          [
            -75.698345,
            45.3854735
          ],
          [
            -75.6984194,
            45.385445
          ],
          [
            -75.6984903,
            45.385408
          ],
          [
            -75.6985483,
            45.385375
          ],
          [
            -75.6986049,
            45.3853328
          ],
          [
            -75.6986485,
            45.3852963
          ],
          [
            -75.6986723,
            45.3852735
          ],
          [
            -75.698702,
            45.3852383
          ],
          [
            -75.6987283,
            45.3851999
          ],
          [
            -75.698759,
            45.3851551
          ],
          [
            -75.6987832,
            45.3851112
          ],
          [
            -75.6988036,
            45.3850657
          ],
          [
            -75.6988172,
            45.3850066
          ],
          [
            -75.6988198,
            45.3849819
          ],
          [
            -75.6988478,
            45.3847167
          ],
          [
            -75.6988857,
            45.3843726
          ],
          [
            -75.6988983,
            45.3842721
          ],
          [
            -75.698917,
            45.3841425
          ],
          [
            -75.6989202,
            45.3841027
          ],
          [
            -75.6989259,
            45.3839942
          ],
          [
            -75.6989342,
            45.383908
          ],
          [
            -75.6989617,
            45.3837831
          ],
          [
            -75.6989656,
            45.3837571
          ],
          [
            -75.6989725,
            45.3837334
          ],
          [
            -75.6989858,
            45.3836893
          ],
          [
            -75.6989928,
            45.3836661
          ],
          [
            -75.6990175,
            45.3836018
          ],
          [
            -75.6990446,
            45.3835382
          ],
          [
            -75.6990817,
            45.3834682
          ],
          [
            -75.6991193,
            45.3834059
          ],
          [
            -75.6991801,
            45.3833258
          ],
          [
            -75.6996259,
            45.3827473
          ],
          [
            -75.6997208,
            45.3826242
          ],
          [
            -75.6999181,
            45.3823682
          ],
          [
            -75.7000194,
            45.3822335
          ],
          [
            -75.7001954,
            45.3819935
          ],
          [
            -75.7004133,
            45.381701
          ],
          [
            -75.7006879,
            45.3813098
          ]
        ]
      }
    },
    {
      "type": "Feature",
      "properties": {
        "key": 0,
        "osmid": "[463836610, 587750051, 600025672, 301043954, 301043956, 374618933, 76422398]",
        "highway": "tertiary",
        "lanes": "1",
        "maxspeed": "40",
        "name": "Library Road",
        "oneway": false,
        "ref": "",
        "tunnel": "",
        "bridge": "",
        "width": "3",
        "access": "",
        "junction": "",
        "u": 9900131001,
        "v": 901068481,
        "reversed": "True",
        "length": 685.3289400001119,
        "split_for_p1": true
      },
      "geometry": {
        "type": "LineString",
        "coordinates": [
          [
            -75.7006879,
            45.3813098
          ],
          [
            -75.7004133,
            45.381701
          ],
          [
            -75.7001954,
            45.3819935
          ],
          [
            -75.7000194,
            45.3822335
          ],
          [
            -75.6999181,
            45.3823682
          ],
          [
            -75.6997208,
            45.3826242
          ],
          [
            -75.6996259,
            45.3827473
          ],
          [
            -75.6991801,
            45.3833258
          ],
          [
            -75.6991193,
            45.3834059
          ],
          [
            -75.6990817,
            45.3834682
          ],
          [
            -75.6990446,
            45.3835382
          ],
          [
            -75.6990175,
            45.3836018
          ],
          [
            -75.6989928,
            45.3836661
          ],
          [
            -75.6989858,
            45.3836893
          ],
          [
            -75.6989725,
            45.3837334
          ],
          [
            -75.6989656,
            45.3837571
          ],
          [
            -75.6989617,
            45.3837831
          ],
          [
            -75.6989342,
            45.383908
          ],
          [
            -75.6989259,
            45.3839942
          ],
          [
            -75.6989202,
            45.3841027
          ],
          [
            -75.698917,
            45.3841425
          ],
          [
            -75.6988983,
            45.3842721
          ],
          [
            -75.6988857,
            45.3843726
          ],
          [
            -75.6988478,
            45.3847167
          ],
          [
            -75.6988198,
            45.3849819
          ],
          [
            -75.6988172,
            45.3850066
          ],
          [
            -75.6988036,
            45.3850657
          ],
          [
            -75.6987832,
            45.3851112
          ],
          [
            -75.698759,
            45.3851551
          ],
          [
            -75.6987283,
            45.3851999
          ],
          [
            -75.698702,
            45.3852383
          ],
          [
            -75.6986723,
            45.3852735
          ],
          [
            -75.6986485,
            45.3852963
          ],
          [
            -75.6986049,
            45.3853328
          ],
          [
            -75.6985483,
            45.385375
          ],
          [
            -75.6984903,
            45.385408
          ],
          [
            -75.6984194,
            45.385445
          ],
          [
            -75.698345,
            45.3854735
          ],
          [
            -75.6982636,
            45.3854955
          ],
          [
            -75.6981817,
            45.3855115
          ],
          [
            -75.6981139,
            45.3855199
          ],
          [
            -75.6980426,
            45.3855251
          ],
          [
            -75.6979683,
            45.3855265
          ],
          [
            -75.6977069,
            45.3855337
          ],
          [
            -75.6975308,
            45.3855268
          ],
          [
            -75.6965464,
            45.3855223
          ],
          [
            -75.6964649,
            45.3855232
          ],
          [
            -75.6963748,
            45.3855219
          ]
        ]
      }
    },
    {
      "type": "Feature",
      "properties": {
        "key": 0,
        "osmid": "[463836610, 587750051, 600025672, 301043954, 301043956, 374618933, 76422398]",
        "highway": "tertiary",
        "lanes": "1",
        "maxspeed": "40",
        "name": "Library Road",
        "oneway": false,
        "ref": "",
        "tunnel": "",
        "bridge": "",
        "width": "3",
        "access": "",
        "junction": "",
        "u": 9900131001,
        "v": 901063580,
        "reversed": "False",
        "length": 240.86227545144754,
        "split_for_p1": true
      },
      "geometry": {
        "type": "LineString",
        "coordinates": [
          [
            -75.7006879,
            45.3813098
          ],
          [
            -75.700761,
            45.3812085
          ],
          [
            -75.7008017,
            45.3811443
          ],
          [
            -75.7008301,
            45.3810826
          ],
          [
            -75.7008608,
            45.3810149
          ],
          [
            -75.7008885,
            45.3809402
          ],
          [
            -75.7009102,
            45.3808644
          ],
          [
            -75.7009291,
            45.3807782
          ],
          [
            -75.7009418,
            45.3807053
          ],
          [
            -75.7009505,
            45.380628
          ],
          [
            -75.7009507,
            45.3805521
          ],
          [
            -75.7009495,
            45.3804562
          ],
          [
            -75.7009399,
            45.3803298
          ],
          [
            -75.7009287,
            45.3802493
          ],
          [
            -75.7009213,
            45.3801952
          ],
          [
            -75.7009031,
            45.3800984
          ],
          [
            -75.7008815,
            45.3800092
          ],
          [
            -75.7008652,
            45.37995
          ],
          [
            -75.7008347,
            45.3798709
          ],
          [
            -75.7008124,
            45.379805
          ],
          [
            -75.7007817,
            45.379734
          ],
          [
            -75.7007406,
            45.3796457
          ],
          [
            -75.7007043,
            45.3795827
          ],
          [
            -75.7006719,
            45.3795236
          ],
          [
            -75.700618,
            45.3794404
          ],
          [
            -75.7005385,
            45.379333
          ],
          [
            -75.7005234,
            45.3793127
          ],
          [
            -75.7004525,
            45.3792575
          ]
        ]
      }
    },
    {
      "type": "Feature",
      "properties": {
        "key": 0,
        "osmid": "[463836610, 587750051, 600025672, 301043954, 301043956, 374618933, 76422398]",
        "highway": "tertiary",
        "lanes": "1",
        "maxspeed": "40",
        "name": "Library Road",
        "oneway": false,
        "ref": "",
        "tunnel": "",
        "bridge": "",
        "width": "3",
        "access": "",
        "junction": "",
        "u": 901063580,
        "v": 9900131001,
        "reversed": "True",
        "length": 240.86227545144752,
        "split_for_p1": true
      },
      "geometry": {
        "type": "LineString",
        "coordinates": [
          [
            -75.7004525,
            45.3792575
          ],
          [
            -75.7005234,
            45.3793127
          ],
          [
            -75.7005385,
            45.379333
          ],
          [
            -75.700618,
            45.3794404
          ],
          [
            -75.7006719,
            45.3795236
          ],
          [
            -75.7007043,
            45.3795827
          ],
          [
            -75.7007406,
            45.3796457
          ],
          [
            -75.7007817,
            45.379734
          ],
          [
            -75.7008124,
            45.379805
          ],
          [
            -75.7008347,
            45.3798709
          ],
          [
            -75.7008652,
            45.37995
          ],
          [
            -75.7008815,
            45.3800092
          ],
          [
            -75.7009031,
            45.3800984
          ],
          [
            -75.7009213,
            45.3801952
          ],
          [
            -75.7009287,
            45.3802493
          ],
          [
            -75.7009399,
            45.3803298
          ],
          [
            -75.7009495,
            45.3804562
          ],
          [
            -75.7009507,
            45.3805521
          ],
          [
            -75.7009505,
            45.380628
          ],
          [
            -75.7009418,
            45.3807053
          ],
          [
            -75.7009291,
            45.3807782
          ],
          [
            -75.7009102,
            45.3808644
          ],
          [
            -75.7008885,
            45.3809402
          ],
          [
            -75.7008608,
            45.3810149
          ],
          [
            -75.7008301,
            45.3810826
          ],
          [
            -75.7008017,
            45.3811443
          ],
          [
            -75.700761,
            45.3812085
          ],
          [
            -75.7006879,
            45.3813098
          ]
        ]
      }
    },
    {
      "type": "Feature",
      "properties": {
        "key": 0,
        "osmid": "[1266773281, 1266773282, 727563622, 726999887, 76421201, 1266773278, 1266773279]",
        "highway": "tertiary",
        "lanes": "1",
        "maxspeed": "40",
        "name": "Campus Avenue",
        "oneway": false,
        "ref": "",
        "tunnel": "",
        "bridge": "",
        "width": "3",
        "access": "",
        "junction": "",
        "u": 901068481,
        "v": 9900131002,
        "reversed": "False",
        "length": 207.189791491115,
        "split_for_p2": true
      },
      "geometry": {
        "type": "LineString",
        "coordinates": [
          [
            -75.6963748,
            45.3855219
          ],
          [
            -75.696372,
            45.3854651
          ],
          [
            -75.6963632,
            45.3848303
          ],
          [
            -75.6963589,
            45.3846302
          ],
          [
            -75.6963588,
            45.3845782
          ],
          [
            -75.6963587,
            45.3845216
          ],
          [
            -75.6963558,
            45.3844594
          ],
          [
            -75.696335,
            45.3840614
          ],
          [
            -75.6963352,
            45.3840337
          ],
          [
            -75.6963322,
            45.3839521
          ],
          [
            -75.6962981,
            45.3837598
          ],
          [
            -75.6962752,
            45.3836591
          ]
        ]
      }
    },
    {
      "type": "Feature",
      "properties": {
        "key": 0,
        "osmid": "[1266773281, 1266773282, 727563622, 726999887, 76421201, 1266773278, 1266773279]",
        "highway": "tertiary",
        "lanes": "1",
        "maxspeed": "40",
        "name": "Campus Avenue",
        "oneway": false,
        "ref": "",
        "tunnel": "",
        "bridge": "",
        "width": "3",
        "access": "",
        "junction": "",
        "u": 9900131002,
        "v": 901068481,
        "reversed": "True",
        "length": 207.18979149111502,
        "split_for_p2": true
      },
      "geometry": {
        "type": "LineString",
        "coordinates": [
          [
            -75.6962752,
            45.3836591
          ],
          [
            -75.6962981,
            45.3837598
          ],
          [
            -75.6963322,
            45.3839521
          ],
          [
            -75.6963352,
            45.3840337
          ],
          [
            -75.696335,
            45.3840614
          ],
          [
            -75.6963558,
            45.3844594
          ],
          [
            -75.6963587,
            45.3845216
          ],
          [
            -75.6963588,
            45.3845782
          ],
          [
            -75.6963589,
            45.3846302
          ],
          [
            -75.6963632,
            45.3848303
          ],
          [
            -75.696372,
            45.3854651
          ],
          [
            -75.6963748,
            45.3855219
          ]
        ]
      }
    },
    {
      "type": "Feature",
      "properties": {
        "key": 0,
        "osmid": "[1266773281, 1266773282, 727563622, 726999887, 76421201, 1266773278, 1266773279]",
        "highway": "tertiary",
        "lanes": "1",
        "maxspeed": "40",
        "name": "Campus Avenue",
        "oneway": false,
        "ref": "",
        "tunnel": "",
        "bridge": "",
        "width": "3",
        "access": "",
        "junction": "",
        "u": 9900131002,
        "v": 5157889159,
        "reversed": "False",
        "length": 139.42166325371204,
        "split_for_p2": true
      },
      "geometry": {
        "type": "LineString",
        "coordinates": [
          [
            -75.6962752,
            45.3836591
          ],
          [
            -75.696254,
            45.3835648
          ],
          [
            -75.6961971,
            45.3833899
          ],
          [
            -75.6961128,
            45.3831833
          ],
          [
            -75.6960642,
            45.3830703
          ],
          [
            -75.6960423,
            45.3830194
          ],
          [
            -75.6959425,
            45.3828238
          ],
          [
            -75.6959198,
            45.3827812
          ],
          [
            -75.6958971,
            45.3827445
          ],
          [
            -75.6958289,
            45.3826344
          ],
          [
            -75.6957905,
            45.3825652
          ],
          [
            -75.6957408,
            45.3824755
          ]
        ]
      }
    },
    {
      "type": "Feature",
      "properties": {
        "key": 0,
        "osmid": "[1266773281, 1266773282, 727563622, 726999887, 76421201, 1266773278, 1266773279]",
        "highway": "tertiary",
        "lanes": "1",
        "maxspeed": "40",
        "name": "Campus Avenue",
        "oneway": false,
        "ref": "",
        "tunnel": "",
        "bridge": "",
        "width": "3",
        "access": "",
        "junction": "",
        "u": 5157889159,
        "v": 9900131002,
        "reversed": "True",
        "length": 139.42166325371204,
        "split_for_p2": true
      },
      "geometry": {
        "type": "LineString",
        "coordinates": [
          [
            -75.6957408,
            45.3824755
          ],
          [
            -75.6957905,
            45.3825652
          ],
          [
            -75.6958289,
            45.3826344
          ],
          [
            -75.6958971,
            45.3827445
          ],
          [
            -75.6959198,
            45.3827812
          ],
          [
            -75.6959425,
            45.3828238
          ],
          [
            -75.6960423,
            45.3830194
          ],
          [
            -75.6960642,
            45.3830703
          ],
          [
            -75.6961128,
            45.3831833
          ],
          [
            -75.6961971,
            45.3833899
          ],
          [
            -75.696254,
            45.3835648
          ],
          [
            -75.6962752,
            45.3836591
          ]
        ]
      }
    },
    {
      "type": "Feature",
      "properties": {
        "key": 0,
        "osmid": "749667989,749667991",
        "highway": "unclassified",
        "lanes": "1",
        "maxspeed": "40",
        "name": "Stadium Way",
        "oneway": false,
        "ref": "",
        "tunnel": "",
        "bridge": "",
        "width": "3",
        "access": "",
        "junction": "",
        "injected_stadium_way": true,
        "u": 8581420063,
        "v": 9900131005,
        "reversed": "False",
        "length": 128.68914439745012,
        "split_for_p5": true
      },
      "geometry": {
        "type": "LineString",
        "coordinates": [
          [
            -75.6950176,
            45.3876035
          ],
          [
            -75.6949009,
            45.3876177
          ],
          [
            -75.6947802,
            45.3876261
          ],
          [
            -75.6945408,
            45.3876373
          ],
          [
            -75.6944103,
            45.3876488
          ],
          [
            -75.6943413,
            45.3876592
          ],
          [
            -75.694284,
            45.3876685
          ],
          [
            -75.6941499,
            45.3876902
          ],
          [
            -75.6939943,
            45.3877203
          ],
          [
            -75.6936876,
            45.3877867
          ],
          [
            -75.6935372,
            45.3878244
          ]
        ]
      }
    },
    {
      "type": "Feature",
      "properties": {
        "key": 0,
        "osmid": "749667989,749667991",
        "highway": "unclassified",
        "lanes": "1",
        "maxspeed": "40",
        "name": "Stadium Way",
        "oneway": false,
        "ref": "",
        "tunnel": "",
        "bridge": "",
        "width": "3",
        "access": "",
        "junction": "",
        "injected_stadium_way": true,
        "u": 9900131005,
        "v": 8581420063,
        "reversed": "True",
        "length": 128.68914439745012,
        "split_for_p5": true
      },
      "geometry": {
        "type": "LineString",
        "coordinates": [
          [
            -75.6935372,
            45.3878244
          ],
          [
            -75.6936876,
            45.3877867
          ],
          [
            -75.6939943,
            45.3877203
          ],
          [
            -75.6941499,
            45.3876902
          ],
          [
            -75.694284,
            45.3876685
          ],
          [
            -75.6943413,
            45.3876592
          ],
          [
            -75.6944103,
            45.3876488
          ],
          [
            -75.6945408,
            45.3876373
          ],
          [
            -75.6947802,
            45.3876261
          ],
          [
            -75.6949009,
            45.3876177
          ],
          [
            -75.6950176,
            45.3876035
          ]
        ]
      }
    },
    {
      "type": "Feature",
      "properties": {
        "key": 0,
        "osmid": "749667989,749667991",
        "highway": "unclassified",
        "lanes": "1",
        "maxspeed": "40",
        "name": "Stadium Way",
        "oneway": false,
        "ref": "",
        "tunnel": "",
        "bridge": "",
        "width": "3",
        "access": "",
        "junction": "",
        "injected_stadium_way": true,
        "u": 9900131005,
        "v": 7010355503,
        "reversed": "False",
        "length": 92.42118203500567,
        "split_for_p5": true
      },
      "geometry": {
        "type": "LineString",
        "coordinates": [
          [
            -75.6935372,
            45.3878244
          ],
          [
            -75.6933937,
            45.38787
          ],
          [
            -75.6930649,
            45.3879831
          ],
          [
            -75.6927618,
            45.3881027
          ],
          [
            -75.6927396,
            45.3881111
          ],
          [
            -75.6927118,
            45.3881224
          ],
          [
            -75.6926334,
            45.3881544
          ],
          [
            -75.6925574,
            45.3881843
          ]
        ]
      }
    },
    {
      "type": "Feature",
      "properties": {
        "key": 0,
        "osmid": "749667989,749667991",
        "highway": "unclassified",
        "lanes": "1",
        "maxspeed": "40",
        "name": "Stadium Way",
        "oneway": false,
        "ref": "",
        "tunnel": "",
        "bridge": "",
        "width": "3",
        "access": "",
        "junction": "",
        "injected_stadium_way": true,
        "u": 7010355503,
        "v": 9900131005,
        "reversed": "True",
        "length": 92.42118203500567,
        "split_for_p5": true
      },
      "geometry": {
        "type": "LineString",
        "coordinates": [
          [
            -75.6925574,
            45.3881843
          ],
          [
            -75.6926334,
            45.3881544
          ],
          [
            -75.6927118,
            45.3881224
          ],
          [
            -75.6927396,
            45.3881111
          ],
          [
            -75.6927618,
            45.3881027
          ],
          [
            -75.6930649,
            45.3879831
          ],
          [
            -75.6933937,
            45.38787
          ],
          [
            -75.6935372,
            45.3878244
          ]
        ]
      }
    },
    {
      "type": "Feature",
      "properties": {
        "u": 9900131001,
        "v": 9900300000,
        "key": 0,
        "osmid": "carleton_parking_p1_osm_130334333_0",
        "highway": "service",
        "lanes": "1",
        "maxspeed": "15",
        "name": "P1 parking aisle",
        "oneway": false,
        "reversed": "False",
        "length": 6.132370283774258,
        "ref": "",
        "tunnel": "",
        "bridge": "",
        "width": "3",
        "access": "private",
        "junction": "",
        "parking_lot": "P1",
        "carleton_parking": true
      },
      "geometry": {
        "type": "LineString",
        "coordinates": [
          [
            -75.7006879,
            45.3813098
          ],
          [
            -75.7006203,
            45.3812905
          ]
        ]
      }
    },
    {
      "type": "Feature",
      "properties": {
        "u": 9900300000,
        "v": 9900131001,
        "key": 0,
        "osmid": "carleton_parking_p1_osm_130334333_0",
        "highway": "service",
        "lanes": "1",
        "maxspeed": "15",
        "name": "P1 parking aisle",
        "oneway": false,
        "reversed": "True",
        "length": 6.132370283774258,
        "ref": "",
        "tunnel": "",
        "bridge": "",
        "width": "3",
        "access": "private",
        "junction": "",
        "parking_lot": "P1",
        "carleton_parking": true
      },
      "geometry": {
        "type": "LineString",
        "coordinates": [
          [
            -75.7006203,
            45.3812905
          ],
          [
            -75.7006879,
            45.3813098
          ]
        ]
      }
    },
    {
      "type": "Feature",
      "properties": {
        "u": 9900300000,
        "v": 9900300001,
        "key": 0,
        "osmid": "carleton_parking_p1_osm_130334333_1",
        "highway": "service",
        "lanes": "1",
        "maxspeed": "15",
        "name": "P1 parking aisle",
        "oneway": false,
        "reversed": "False",
        "length": 12.89593305059255,
        "ref": "",
        "tunnel": "",
        "bridge": "",
        "width": "3",
        "access": "private",
        "junction": "",
        "parking_lot": "P1",
        "carleton_parking": true
      },
      "geometry": {
        "type": "LineString",
        "coordinates": [
          [
            -75.7006203,
            45.3812905
          ],
          [
            -75.7004781,
            45.38125
          ]
        ]
      }
    },
    {
      "type": "Feature",
      "properties": {
        "u": 9900300001,
        "v": 9900300000,
        "key": 0,
        "osmid": "carleton_parking_p1_osm_130334333_1",
        "highway": "service",
        "lanes": "1",
        "maxspeed": "15",
        "name": "P1 parking aisle",
        "oneway": false,
        "reversed": "True",
        "length": 12.89593305059255,
        "ref": "",
        "tunnel": "",
        "bridge": "",
        "width": "3",
        "access": "private",
        "junction": "",
        "parking_lot": "P1",
        "carleton_parking": true
      },
      "geometry": {
        "type": "LineString",
        "coordinates": [
          [
            -75.7004781,
            45.38125
          ],
          [
            -75.7006203,
            45.3812905
          ]
        ]
      }
    },
    {
      "type": "Feature",
      "properties": {
        "u": 9900300001,
        "v": 9900300002,
        "key": 0,
        "osmid": "carleton_parking_p1_osm_130334333_2",
        "highway": "service",
        "lanes": "1",
        "maxspeed": "15",
        "name": "P1 parking aisle",
        "oneway": false,
        "reversed": "False",
        "length": 10.218663329569933,
        "ref": "",
        "tunnel": "",
        "bridge": "",
        "width": "3",
        "access": "private",
        "junction": "",
        "parking_lot": "P1",
        "carleton_parking": true
      },
      "geometry": {
        "type": "LineString",
        "coordinates": [
          [
            -75.7004781,
            45.38125
          ],
          [
            -75.7003686,
            45.381212
          ]
        ]
      }
    },
    {
      "type": "Feature",
      "properties": {
        "u": 9900300002,
        "v": 9900300001,
        "key": 0,
        "osmid": "carleton_parking_p1_osm_130334333_2",
        "highway": "service",
        "lanes": "1",
        "maxspeed": "15",
        "name": "P1 parking aisle",
        "oneway": false,
        "reversed": "True",
        "length": 10.218663329569933,
        "ref": "",
        "tunnel": "",
        "bridge": "",
        "width": "3",
        "access": "private",
        "junction": "",
        "parking_lot": "P1",
        "carleton_parking": true
      },
      "geometry": {
        "type": "LineString",
        "coordinates": [
          [
            -75.7003686,
            45.381212
          ],
          [
            -75.7004781,
            45.38125
          ]
        ]
      }
    },
    {
      "type": "Feature",
      "properties": {
        "u": 9900300002,
        "v": 9900300003,
        "key": 0,
        "osmid": "carleton_parking_p1_osm_130334333_3",
        "highway": "service",
        "lanes": "1",
        "maxspeed": "15",
        "name": "P1 parking aisle",
        "oneway": false,
        "reversed": "False",
        "length": 4.555302866996645,
        "ref": "",
        "tunnel": "",
        "bridge": "",
        "width": "3",
        "access": "private",
        "junction": "",
        "parking_lot": "P1",
        "carleton_parking": true
      },
      "geometry": {
        "type": "LineString",
        "coordinates": [
          [
            -75.7003686,
            45.381212
          ],
          [
            -75.700326,
            45.3811871
          ]
        ]
      }
    },
    {
      "type": "Feature",
      "properties": {
        "u": 9900300003,
        "v": 9900300002,
        "key": 0,
        "osmid": "carleton_parking_p1_osm_130334333_3",
        "highway": "service",
        "lanes": "1",
        "maxspeed": "15",
        "name": "P1 parking aisle",
        "oneway": false,
        "reversed": "True",
        "length": 4.555302866996645,
        "ref": "",
        "tunnel": "",
        "bridge": "",
        "width": "3",
        "access": "private",
        "junction": "",
        "parking_lot": "P1",
        "carleton_parking": true
      },
      "geometry": {
        "type": "LineString",
        "coordinates": [
          [
            -75.700326,
            45.3811871
          ],
          [
            -75.7003686,
            45.381212
          ]
        ]
      }
    },
    {
      "type": "Feature",
      "properties": {
        "u": 9900300003,
        "v": 9900300004,
        "key": 0,
        "osmid": "carleton_parking_p1_osm_130334333_4",
        "highway": "service",
        "lanes": "1",
        "maxspeed": "15",
        "name": "P1 parking aisle",
        "oneway": false,
        "reversed": "False",
        "length": 28.412627438174162,
        "ref": "",
        "tunnel": "",
        "bridge": "",
        "width": "3",
        "access": "private",
        "junction": "",
        "parking_lot": "P1",
        "carleton_parking": true
      },
      "geometry": {
        "type": "LineString",
        "coordinates": [
          [
            -75.700326,
            45.3811871
          ],
          [
            -75.7001121,
            45.3809904
          ]
        ]
      }
    },
    {
      "type": "Feature",
      "properties": {
        "u": 9900300004,
        "v": 9900300003,
        "key": 0,
        "osmid": "carleton_parking_p1_osm_130334333_4",
        "highway": "service",
        "lanes": "1",
        "maxspeed": "15",
        "name": "P1 parking aisle",
        "oneway": false,
        "reversed": "True",
        "length": 28.412627438174162,
        "ref": "",
        "tunnel": "",
        "bridge": "",
        "width": "3",
        "access": "private",
        "junction": "",
        "parking_lot": "P1",
        "carleton_parking": true
      },
      "geometry": {
        "type": "LineString",
        "coordinates": [
          [
            -75.7001121,
            45.3809904
          ],
          [
            -75.700326,
            45.3811871
          ]
        ]
      }
    },
    {
      "type": "Feature",
      "properties": {
        "u": 9900300004,
        "v": 9900300005,
        "key": 0,
        "osmid": "carleton_parking_p1_osm_130334333_5",
        "highway": "service",
        "lanes": "1",
        "maxspeed": "15",
        "name": "P1 parking aisle",
        "oneway": false,
        "reversed": "False",
        "length": 9.403873947155791,
        "ref": "",
        "tunnel": "",
        "bridge": "",
        "width": "3",
        "access": "private",
        "junction": "",
        "parking_lot": "P1",
        "carleton_parking": true
      },
      "geometry": {
        "type": "LineString",
        "coordinates": [
          [
            -75.7001121,
            45.3809904
          ],
          [
            -75.7000413,
            45.3809253
          ]
        ]
      }
    },
    {
      "type": "Feature",
      "properties": {
        "u": 9900300005,
        "v": 9900300004,
        "key": 0,
        "osmid": "carleton_parking_p1_osm_130334333_5",
        "highway": "service",
        "lanes": "1",
        "maxspeed": "15",
        "name": "P1 parking aisle",
        "oneway": false,
        "reversed": "True",
        "length": 9.403873947155791,
        "ref": "",
        "tunnel": "",
        "bridge": "",
        "width": "3",
        "access": "private",
        "junction": "",
        "parking_lot": "P1",
        "carleton_parking": true
      },
      "geometry": {
        "type": "LineString",
        "coordinates": [
          [
            -75.7000413,
            45.3809253
          ],
          [
            -75.7001121,
            45.3809904
          ]
        ]
      }
    },
    {
      "type": "Feature",
      "properties": {
        "u": 9900300005,
        "v": 9900300006,
        "key": 0,
        "osmid": "carleton_parking_p1_osm_130334333_6",
        "highway": "service",
        "lanes": "1",
        "maxspeed": "15",
        "name": "P1 parking aisle",
        "oneway": false,
        "reversed": "False",
        "length": 3.9215812385646194,
        "ref": "",
        "tunnel": "",
        "bridge": "",
        "width": "3",
        "access": "private",
        "junction": "",
        "parking_lot": "P1",
        "carleton_parking": true
      },
      "geometry": {
        "type": "LineString",
        "coordinates": [
          [
            -75.7000413,
            45.3809253
          ],
          [
            -75.6999975,
            45.3809142
          ]
        ]
      }
    },
    {
      "type": "Feature",
      "properties": {
        "u": 9900300006,
        "v": 9900300005,
        "key": 0,
        "osmid": "carleton_parking_p1_osm_130334333_6",
        "highway": "service",
        "lanes": "1",
        "maxspeed": "15",
        "name": "P1 parking aisle",
        "oneway": false,
        "reversed": "True",
        "length": 3.9215812385646194,
        "ref": "",
        "tunnel": "",
        "bridge": "",
        "width": "3",
        "access": "private",
        "junction": "",
        "parking_lot": "P1",
        "carleton_parking": true
      },
      "geometry": {
        "type": "LineString",
        "coordinates": [
          [
            -75.6999975,
            45.3809142
          ],
          [
            -75.7000413,
            45.3809253
          ]
        ]
      }
    },
    {
      "type": "Feature",
      "properties": {
        "u": 9900300001,
        "v": 9900300007,
        "key": 0,
        "osmid": "carleton_parking_p1_osm_600025670_0",
        "highway": "service",
        "lanes": "1",
        "maxspeed": "15",
        "name": "P1 parking aisle",
        "oneway": false,
        "reversed": "False",
        "length": 12.401701667268355,
        "ref": "",
        "tunnel": "",
        "bridge": "",
        "width": "3",
        "access": "private",
        "junction": "",
        "parking_lot": "P1",
        "carleton_parking": true
      },
      "geometry": {
        "type": "LineString",
        "coordinates": [
          [
            -75.7004781,
            45.38125
          ],
          [
            -75.7005523,
            45.3811538
          ]
        ]
      }
    },
    {
      "type": "Feature",
      "properties": {
        "u": 9900300007,
        "v": 9900300001,
        "key": 0,
        "osmid": "carleton_parking_p1_osm_600025670_0",
        "highway": "service",
        "lanes": "1",
        "maxspeed": "15",
        "name": "P1 parking aisle",
        "oneway": false,
        "reversed": "True",
        "length": 12.401701667268355,
        "ref": "",
        "tunnel": "",
        "bridge": "",
        "width": "3",
        "access": "private",
        "junction": "",
        "parking_lot": "P1",
        "carleton_parking": true
      },
      "geometry": {
        "type": "LineString",
        "coordinates": [
          [
            -75.7005523,
            45.3811538
          ],
          [
            -75.7004781,
            45.38125
          ]
        ]
      }
    },
    {
      "type": "Feature",
      "properties": {
        "u": 9900300007,
        "v": 9900300008,
        "key": 0,
        "osmid": "carleton_parking_p1_osm_600025670_1",
        "highway": "service",
        "lanes": "1",
        "maxspeed": "15",
        "name": "P1 parking aisle",
        "oneway": false,
        "reversed": "False",
        "length": 9.182385052034967,
        "ref": "",
        "tunnel": "",
        "bridge": "",
        "width": "3",
        "access": "private",
        "junction": "",
        "parking_lot": "P1",
        "carleton_parking": true
      },
      "geometry": {
        "type": "LineString",
        "coordinates": [
          [
            -75.7005523,
            45.3811538
          ],
          [
            -75.7006073,
            45.3810826
          ]
        ]
      }
    },
    {
      "type": "Feature",
      "properties": {
        "u": 9900300008,
        "v": 9900300007,
        "key": 0,
        "osmid": "carleton_parking_p1_osm_600025670_1",
        "highway": "service",
        "lanes": "1",
        "maxspeed": "15",
        "name": "P1 parking aisle",
        "oneway": false,
        "reversed": "True",
        "length": 9.182385052034967,
        "ref": "",
        "tunnel": "",
        "bridge": "",
        "width": "3",
        "access": "private",
        "junction": "",
        "parking_lot": "P1",
        "carleton_parking": true
      },
      "geometry": {
        "type": "LineString",
        "coordinates": [
          [
            -75.7006073,
            45.3810826
          ],
          [
            -75.7005523,
            45.3811538
          ]
        ]
      }
    },
    {
      "type": "Feature",
      "properties": {
        "u": 9900300008,
        "v": 9900300009,
        "key": 0,
        "osmid": "carleton_parking_p1_osm_600025670_2",
        "highway": "service",
        "lanes": "1",
        "maxspeed": "15",
        "name": "P1 parking aisle",
        "oneway": false,
        "reversed": "False",
        "length": 11.423635551293286,
        "ref": "",
        "tunnel": "",
        "bridge": "",
        "width": "3",
        "access": "private",
        "junction": "",
        "parking_lot": "P1",
        "carleton_parking": true
      },
      "geometry": {
        "type": "LineString",
        "coordinates": [
          [
            -75.7006073,
            45.3810826
          ],
          [
            -75.7006593,
            45.3809877
          ]
        ]
      }
    },
    {
      "type": "Feature",
      "properties": {
        "u": 9900300009,
        "v": 9900300008,
        "key": 0,
        "osmid": "carleton_parking_p1_osm_600025670_2",
        "highway": "service",
        "lanes": "1",
        "maxspeed": "15",
        "name": "P1 parking aisle",
        "oneway": false,
        "reversed": "True",
        "length": 11.423635551293286,
        "ref": "",
        "tunnel": "",
        "bridge": "",
        "width": "3",
        "access": "private",
        "junction": "",
        "parking_lot": "P1",
        "carleton_parking": true
      },
      "geometry": {
        "type": "LineString",
        "coordinates": [
          [
            -75.7006593,
            45.3809877
          ],
          [
            -75.7006073,
            45.3810826
          ]
        ]
      }
    },
    {
      "type": "Feature",
      "properties": {
        "u": 9900300009,
        "v": 9900300010,
        "key": 0,
        "osmid": "carleton_parking_p1_osm_600025670_3",
        "highway": "service",
        "lanes": "1",
        "maxspeed": "15",
        "name": "P1 parking aisle",
        "oneway": false,
        "reversed": "False",
        "length": 3.318323365511322,
        "ref": "",
        "tunnel": "",
        "bridge": "",
        "width": "3",
        "access": "private",
        "junction": "",
        "parking_lot": "P1",
        "carleton_parking": true
      },
      "geometry": {
        "type": "LineString",
        "coordinates": [
          [
            -75.7006593,
            45.3809877
          ],
          [
            -75.7006743,
            45.3809601
          ]
        ]
      }
    },
    {
      "type": "Feature",
      "properties": {
        "u": 9900300010,
        "v": 9900300009,
        "key": 0,
        "osmid": "carleton_parking_p1_osm_600025670_3",
        "highway": "service",
        "lanes": "1",
        "maxspeed": "15",
        "name": "P1 parking aisle",
        "oneway": false,
        "reversed": "True",
        "length": 3.318323365511322,
        "ref": "",
        "tunnel": "",
        "bridge": "",
        "width": "3",
        "access": "private",
        "junction": "",
        "parking_lot": "P1",
        "carleton_parking": true
      },
      "geometry": {
        "type": "LineString",
        "coordinates": [
          [
            -75.7006743,
            45.3809601
          ],
          [
            -75.7006593,
            45.3809877
          ]
        ]
      }
    },
    {
      "type": "Feature",
      "properties": {
        "u": 9900300010,
        "v": 9900300011,
        "key": 0,
        "osmid": "carleton_parking_p1_osm_600025670_4",
        "highway": "service",
        "lanes": "1",
        "maxspeed": "15",
        "name": "P1 parking aisle",
        "oneway": false,
        "reversed": "False",
        "length": 21.139470954030504,
        "ref": "",
        "tunnel": "",
        "bridge": "",
        "width": "3",
        "access": "private",
        "junction": "",
        "parking_lot": "P1",
        "carleton_parking": true
      },
      "geometry": {
        "type": "LineString",
        "coordinates": [
          [
            -75.7006743,
            45.3809601
          ],
          [
            -75.7007186,
            45.3807727
          ]
        ]
      }
    },
    {
      "type": "Feature",
      "properties": {
        "u": 9900300011,
        "v": 9900300010,
        "key": 0,
        "osmid": "carleton_parking_p1_osm_600025670_4",
        "highway": "service",
        "lanes": "1",
        "maxspeed": "15",
        "name": "P1 parking aisle",
        "oneway": false,
        "reversed": "True",
        "length": 21.139470954030504,
        "ref": "",
        "tunnel": "",
        "bridge": "",
        "width": "3",
        "access": "private",
        "junction": "",
        "parking_lot": "P1",
        "carleton_parking": true
      },
      "geometry": {
        "type": "LineString",
        "coordinates": [
          [
            -75.7007186,
            45.3807727
          ],
          [
            -75.7006743,
            45.3809601
          ]
        ]
      }
    },
    {
      "type": "Feature",
      "properties": {
        "u": 9900300011,
        "v": 9900300012,
        "key": 0,
        "osmid": "carleton_parking_p1_osm_600025670_5",
        "highway": "service",
        "lanes": "1",
        "maxspeed": "15",
        "name": "P1 parking aisle",
        "oneway": false,
        "reversed": "False",
        "length": 22.35183836491406,
        "ref": "",
        "tunnel": "",
        "bridge": "",
        "width": "3",
        "access": "private",
        "junction": "",
        "parking_lot": "P1",
        "carleton_parking": true
      },
      "geometry": {
        "type": "LineString",
        "coordinates": [
          [
            -75.7007186,
            45.3807727
          ],
          [
            -75.70074,
            45.380572
          ]
        ]
      }
    },
    {
      "type": "Feature",
      "properties": {
        "u": 9900300012,
        "v": 9900300011,
        "key": 0,
        "osmid": "carleton_parking_p1_osm_600025670_5",
        "highway": "service",
        "lanes": "1",
        "maxspeed": "15",
        "name": "P1 parking aisle",
        "oneway": false,
        "reversed": "True",
        "length": 22.35183836491406,
        "ref": "",
        "tunnel": "",
        "bridge": "",
        "width": "3",
        "access": "private",
        "junction": "",
        "parking_lot": "P1",
        "carleton_parking": true
      },
      "geometry": {
        "type": "LineString",
        "coordinates": [
          [
            -75.70074,
            45.380572
          ],
          [
            -75.7007186,
            45.3807727
          ]
        ]
      }
    },
    {
      "type": "Feature",
      "properties": {
        "u": 9900300012,
        "v": 9900300013,
        "key": 0,
        "osmid": "carleton_parking_p1_osm_600025670_6",
        "highway": "service",
        "lanes": "1",
        "maxspeed": "15",
        "name": "P1 parking aisle",
        "oneway": false,
        "reversed": "False",
        "length": 16.6484993662058,
        "ref": "",
        "tunnel": "",
        "bridge": "",
        "width": "3",
        "access": "private",
        "junction": "",
        "parking_lot": "P1",
        "carleton_parking": true
      },
      "geometry": {
        "type": "LineString",
        "coordinates": [
          [
            -75.70074,
            45.380572
          ],
          [
            -75.7007521,
            45.3804223
          ]
        ]
      }
    },
    {
      "type": "Feature",
      "properties": {
        "u": 9900300013,
        "v": 9900300012,
        "key": 0,
        "osmid": "carleton_parking_p1_osm_600025670_6",
        "highway": "service",
        "lanes": "1",
        "maxspeed": "15",
        "name": "P1 parking aisle",
        "oneway": false,
        "reversed": "True",
        "length": 16.6484993662058,
        "ref": "",
        "tunnel": "",
        "bridge": "",
        "width": "3",
        "access": "private",
        "junction": "",
        "parking_lot": "P1",
        "carleton_parking": true
      },
      "geometry": {
        "type": "LineString",
        "coordinates": [
          [
            -75.7007521,
            45.3804223
          ],
          [
            -75.70074,
            45.380572
          ]
        ]
      }
    },
    {
      "type": "Feature",
      "properties": {
        "u": 9900300014,
        "v": 9900300007,
        "key": 0,
        "osmid": "carleton_parking_p1_osm_600025667_0",
        "highway": "service",
        "lanes": "1",
        "maxspeed": "15",
        "name": "P1 parking aisle",
        "oneway": false,
        "reversed": "False",
        "length": 47.498252297139544,
        "ref": "",
        "tunnel": "",
        "bridge": "",
        "width": "3",
        "access": "private",
        "junction": "",
        "parking_lot": "P1",
        "carleton_parking": true
      },
      "geometry": {
        "type": "LineString",
        "coordinates": [
          [
            -75.7002076,
            45.380817
          ],
          [
            -75.7005523,
            45.3811538
          ]
        ]
      }
    },
    {
      "type": "Feature",
      "properties": {
        "u": 9900300007,
        "v": 9900300014,
        "key": 0,
        "osmid": "carleton_parking_p1_osm_600025667_0",
        "highway": "service",
        "lanes": "1",
        "maxspeed": "15",
        "name": "P1 parking aisle",
        "oneway": false,
        "reversed": "True",
        "length": 47.498252297139544,
        "ref": "",
        "tunnel": "",
        "bridge": "",
        "width": "3",
        "access": "private",
        "junction": "",
        "parking_lot": "P1",
        "carleton_parking": true
      },
      "geometry": {
        "type": "LineString",
        "coordinates": [
          [
            -75.7005523,
            45.3811538
          ],
          [
            -75.7002076,
            45.380817
          ]
        ]
      }
    },
    {
      "type": "Feature",
      "properties": {
        "u": 9900300009,
        "v": 9900300015,
        "key": 0,
        "osmid": "carleton_parking_p1_osm_600025668_0",
        "highway": "service",
        "lanes": "1",
        "maxspeed": "15",
        "name": "P1 parking aisle",
        "oneway": false,
        "reversed": "False",
        "length": 37.35743020163183,
        "ref": "",
        "tunnel": "",
        "bridge": "",
        "width": "3",
        "access": "private",
        "junction": "",
        "parking_lot": "P1",
        "carleton_parking": true
      },
      "geometry": {
        "type": "LineString",
        "coordinates": [
          [
            -75.7006593,
            45.3809877
          ],
          [
            -75.7003914,
            45.3807209
          ]
        ]
      }
    },
    {
      "type": "Feature",
      "properties": {
        "u": 9900300015,
        "v": 9900300009,
        "key": 0,
        "osmid": "carleton_parking_p1_osm_600025668_0",
        "highway": "service",
        "lanes": "1",
        "maxspeed": "15",
        "name": "P1 parking aisle",
        "oneway": false,
        "reversed": "True",
        "length": 37.35743020163183,
        "ref": "",
        "tunnel": "",
        "bridge": "",
        "width": "3",
        "access": "private",
        "junction": "",
        "parking_lot": "P1",
        "carleton_parking": true
      },
      "geometry": {
        "type": "LineString",
        "coordinates": [
          [
            -75.7003914,
            45.3807209
          ],
          [
            -75.7006593,
            45.3809877
          ]
        ]
      }
    },
    {
      "type": "Feature",
      "properties": {
        "u": 9900300015,
        "v": 9900300016,
        "key": 0,
        "osmid": "carleton_parking_p1_osm_600025668_1",
        "highway": "service",
        "lanes": "1",
        "maxspeed": "15",
        "name": "P1 parking aisle",
        "oneway": false,
        "reversed": "False",
        "length": 5.662256766660333,
        "ref": "",
        "tunnel": "",
        "bridge": "",
        "width": "3",
        "access": "private",
        "junction": "",
        "parking_lot": "P1",
        "carleton_parking": true
      },
      "geometry": {
        "type": "LineString",
        "coordinates": [
          [
            -75.7003914,
            45.3807209
          ],
          [
            -75.7003474,
            45.3806826
          ]
        ]
      }
    },
    {
      "type": "Feature",
      "properties": {
        "u": 9900300016,
        "v": 9900300015,
        "key": 0,
        "osmid": "carleton_parking_p1_osm_600025668_1",
        "highway": "service",
        "lanes": "1",
        "maxspeed": "15",
        "name": "P1 parking aisle",
        "oneway": false,
        "reversed": "True",
        "length": 5.662256766660333,
        "ref": "",
        "tunnel": "",
        "bridge": "",
        "width": "3",
        "access": "private",
        "junction": "",
        "parking_lot": "P1",
        "carleton_parking": true
      },
      "geometry": {
        "type": "LineString",
        "coordinates": [
          [
            -75.7003474,
            45.3806826
          ],
          [
            -75.7003914,
            45.3807209
          ]
        ]
      }
    },
    {
      "type": "Feature",
      "properties": {
        "u": 9900300016,
        "v": 9900300017,
        "key": 0,
        "osmid": "carleton_parking_p1_osm_600025669_0",
        "highway": "service",
        "lanes": "1",
        "maxspeed": "15",
        "name": "P1 parking aisle",
        "oneway": false,
        "reversed": "False",
        "length": 2.423634644026443,
        "ref": "",
        "tunnel": "",
        "bridge": "",
        "width": "3",
        "access": "private",
        "junction": "",
        "parking_lot": "P1",
        "carleton_parking": true
      },
      "geometry": {
        "type": "LineString",
        "coordinates": [
          [
            -75.7003474,
            45.3806826
          ],
          [
            -75.7003243,
            45.3806954
          ]
        ]
      }
    },
    {
      "type": "Feature",
      "properties": {
        "u": 9900300017,
        "v": 9900300016,
        "key": 0,
        "osmid": "carleton_parking_p1_osm_600025669_0",
        "highway": "service",
        "lanes": "1",
        "maxspeed": "15",
        "name": "P1 parking aisle",
        "oneway": false,
        "reversed": "True",
        "length": 2.423634644026443,
        "ref": "",
        "tunnel": "",
        "bridge": "",
        "width": "3",
        "access": "private",
        "junction": "",
        "parking_lot": "P1",
        "carleton_parking": true
      },
      "geometry": {
        "type": "LineString",
        "coordinates": [
          [
            -75.7003243,
            45.3806954
          ],
          [
            -75.7003474,
            45.3806826
          ]
        ]
      }
    },
    {
      "type": "Feature",
      "properties": {
        "u": 9900300017,
        "v": 9900300014,
        "key": 0,
        "osmid": "carleton_parking_p1_osm_600025669_1",
        "highway": "service",
        "lanes": "1",
        "maxspeed": "15",
        "name": "P1 parking aisle",
        "oneway": false,
        "reversed": "False",
        "length": 16.75057270725434,
        "ref": "",
        "tunnel": "",
        "bridge": "",
        "width": "3",
        "access": "private",
        "junction": "",
        "parking_lot": "P1",
        "carleton_parking": true
      },
      "geometry": {
        "type": "LineString",
        "coordinates": [
          [
            -75.7003243,
            45.3806954
          ],
          [
            -75.7002076,
            45.380817
          ]
        ]
      }
    },
    {
      "type": "Feature",
      "properties": {
        "u": 9900300014,
        "v": 9900300017,
        "key": 0,
        "osmid": "carleton_parking_p1_osm_600025669_1",
        "highway": "service",
        "lanes": "1",
        "maxspeed": "15",
        "name": "P1 parking aisle",
        "oneway": false,
        "reversed": "True",
        "length": 16.75057270725434,
        "ref": "",
        "tunnel": "",
        "bridge": "",
        "width": "3",
        "access": "private",
        "junction": "",
        "parking_lot": "P1",
        "carleton_parking": true
      },
      "geometry": {
        "type": "LineString",
        "coordinates": [
          [
            -75.7002076,
            45.380817
          ],
          [
            -75.7003243,
            45.3806954
          ]
        ]
      }
    },
    {
      "type": "Feature",
      "properties": {
        "u": 9900300014,
        "v": 9900300005,
        "key": 0,
        "osmid": "carleton_parking_p1_osm_600025669_2",
        "highway": "service",
        "lanes": "1",
        "maxspeed": "15",
        "name": "P1 parking aisle",
        "oneway": false,
        "reversed": "False",
        "length": 18.55596976584429,
        "ref": "",
        "tunnel": "",
        "bridge": "",
        "width": "3",
        "access": "private",
        "junction": "",
        "parking_lot": "P1",
        "carleton_parking": true
      },
      "geometry": {
        "type": "LineString",
        "coordinates": [
          [
            -75.7002076,
            45.380817
          ],
          [
            -75.7000413,
            45.3809253
          ]
        ]
      }
    },
    {
      "type": "Feature",
      "properties": {
        "u": 9900300005,
        "v": 9900300014,
        "key": 0,
        "osmid": "carleton_parking_p1_osm_600025669_2",
        "highway": "service",
        "lanes": "1",
        "maxspeed": "15",
        "name": "P1 parking aisle",
        "oneway": false,
        "reversed": "True",
        "length": 18.55596976584429,
        "ref": "",
        "tunnel": "",
        "bridge": "",
        "width": "3",
        "access": "private",
        "junction": "",
        "parking_lot": "P1",
        "carleton_parking": true
      },
      "geometry": {
        "type": "LineString",
        "coordinates": [
          [
            -75.7000413,
            45.3809253
          ],
          [
            -75.7002076,
            45.380817
          ]
        ]
      }
    },
    {
      "type": "Feature",
      "properties": {
        "u": 9900300005,
        "v": 9900300018,
        "key": 0,
        "osmid": "carleton_parking_p1_osm_600025669_3",
        "highway": "service",
        "lanes": "1",
        "maxspeed": "15",
        "name": "P1 parking aisle",
        "oneway": false,
        "reversed": "False",
        "length": 13.480214597546006,
        "ref": "",
        "tunnel": "",
        "bridge": "",
        "width": "3",
        "access": "private",
        "junction": "",
        "parking_lot": "P1",
        "carleton_parking": true
      },
      "geometry": {
        "type": "LineString",
        "coordinates": [
          [
            -75.7000413,
            45.3809253
          ],
          [
            -75.6999354,
            45.3810157
          ]
        ]
      }
    },
    {
      "type": "Feature",
      "properties": {
        "u": 9900300018,
        "v": 9900300005,
        "key": 0,
        "osmid": "carleton_parking_p1_osm_600025669_3",
        "highway": "service",
        "lanes": "1",
        "maxspeed": "15",
        "name": "P1 parking aisle",
        "oneway": false,
        "reversed": "True",
        "length": 13.480214597546006,
        "ref": "",
        "tunnel": "",
        "bridge": "",
        "width": "3",
        "access": "private",
        "junction": "",
        "parking_lot": "P1",
        "carleton_parking": true
      },
      "geometry": {
        "type": "LineString",
        "coordinates": [
          [
            -75.6999354,
            45.3810157
          ],
          [
            -75.7000413,
            45.3809253
          ]
        ]
      }
    },
    {
      "type": "Feature",
      "properties": {
        "u": 9900300018,
        "v": 9900300019,
        "key": 0,
        "osmid": "carleton_parking_p1_osm_600025669_4",
        "highway": "service",
        "lanes": "1",
        "maxspeed": "15",
        "name": "P1 parking aisle",
        "oneway": false,
        "reversed": "False",
        "length": 33.01176545707931,
        "ref": "",
        "tunnel": "",
        "bridge": "",
        "width": "3",
        "access": "private",
        "junction": "",
        "parking_lot": "P1",
        "carleton_parking": true
      },
      "geometry": {
        "type": "LineString",
        "coordinates": [
          [
            -75.6999354,
            45.3810157
          ],
          [
            -75.7001741,
            45.3812503
          ]
        ]
      }
    },
    {
      "type": "Feature",
      "properties": {
        "u": 9900300019,
        "v": 9900300018,
        "key": 0,
        "osmid": "carleton_parking_p1_osm_600025669_4",
        "highway": "service",
        "lanes": "1",
        "maxspeed": "15",
        "name": "P1 parking aisle",
        "oneway": false,
        "reversed": "True",
        "length": 33.01176545707931,
        "ref": "",
        "tunnel": "",
        "bridge": "",
        "width": "3",
        "access": "private",
        "junction": "",
        "parking_lot": "P1",
        "carleton_parking": true
      },
      "geometry": {
        "type": "LineString",
        "coordinates": [
          [
            -75.7001741,
            45.3812503
          ],
          [
            -75.6999354,
            45.3810157
          ]
        ]
      }
    },
    {
      "type": "Feature",
      "properties": {
        "u": 9900300019,
        "v": 9900300020,
        "key": 0,
        "osmid": "carleton_parking_p1_osm_600025669_5",
        "highway": "service",
        "lanes": "1",
        "maxspeed": "15",
        "name": "P1 parking aisle",
        "oneway": false,
        "reversed": "False",
        "length": 2.7837559325624337,
        "ref": "",
        "tunnel": "",
        "bridge": "",
        "width": "3",
        "access": "private",
        "junction": "",
        "parking_lot": "P1",
        "carleton_parking": true
      },
      "geometry": {
        "type": "LineString",
        "coordinates": [
          [
            -75.7001741,
            45.3812503
          ],
          [
            -75.7001942,
            45.3812701
          ]
        ]
      }
    },
    {
      "type": "Feature",
      "properties": {
        "u": 9900300020,
        "v": 9900300019,
        "key": 0,
        "osmid": "carleton_parking_p1_osm_600025669_5",
        "highway": "service",
        "lanes": "1",
        "maxspeed": "15",
        "name": "P1 parking aisle",
        "oneway": false,
        "reversed": "True",
        "length": 2.7837559325624337,
        "ref": "",
        "tunnel": "",
        "bridge": "",
        "width": "3",
        "access": "private",
        "junction": "",
        "parking_lot": "P1",
        "carleton_parking": true
      },
      "geometry": {
        "type": "LineString",
        "coordinates": [
          [
            -75.7001942,
            45.3812701
          ],
          [
            -75.7001741,
            45.3812503
          ]
        ]
      }
    },
    {
      "type": "Feature",
      "properties": {
        "u": 9900300020,
        "v": 9900300021,
        "key": 0,
        "osmid": "carleton_parking_p1_osm_600025669_6",
        "highway": "service",
        "lanes": "1",
        "maxspeed": "15",
        "name": "P1 parking aisle",
        "oneway": false,
        "reversed": "False",
        "length": 4.149833159256015,
        "ref": "",
        "tunnel": "",
        "bridge": "",
        "width": "3",
        "access": "private",
        "junction": "",
        "parking_lot": "P1",
        "carleton_parking": true
      },
      "geometry": {
        "type": "LineString",
        "coordinates": [
          [
            -75.7001942,
            45.3812701
          ],
          [
            -75.7002392,
            45.3812846
          ]
        ]
      }
    },
    {
      "type": "Feature",
      "properties": {
        "u": 9900300021,
        "v": 9900300020,
        "key": 0,
        "osmid": "carleton_parking_p1_osm_600025669_6",
        "highway": "service",
        "lanes": "1",
        "maxspeed": "15",
        "name": "P1 parking aisle",
        "oneway": false,
        "reversed": "True",
        "length": 4.149833159256015,
        "ref": "",
        "tunnel": "",
        "bridge": "",
        "width": "3",
        "access": "private",
        "junction": "",
        "parking_lot": "P1",
        "carleton_parking": true
      },
      "geometry": {
        "type": "LineString",
        "coordinates": [
          [
            -75.7002392,
            45.3812846
          ],
          [
            -75.7001942,
            45.3812701
          ]
        ]
      }
    },
    {
      "type": "Feature",
      "properties": {
        "u": 9900300022,
        "v": 9900300023,
        "key": 0,
        "osmid": "carleton_parking_p2_svc_118_0",
        "highway": "service",
        "lanes": "1",
        "maxspeed": "15",
        "name": "P2 lot service",
        "oneway": false,
        "reversed": "False",
        "length": 27.3732911366414,
        "ref": "",
        "tunnel": "",
        "bridge": "",
        "width": "3",
        "access": "private",
        "junction": "",
        "parking_lot": "P2",
        "carleton_parking": true
      },
      "geometry": {
        "type": "LineString",
        "coordinates": [
          [
            -75.6964538,
            45.3840451
          ],
          [
            -75.696717,
            45.383903
          ]
        ]
      }
    },
    {
      "type": "Feature",
      "properties": {
        "u": 9900300023,
        "v": 9900300022,
        "key": 0,
        "osmid": "carleton_parking_p2_svc_118_0",
        "highway": "service",
        "lanes": "1",
        "maxspeed": "15",
        "name": "P2 lot service",
        "oneway": false,
        "reversed": "True",
        "length": 27.3732911366414,
        "ref": "",
        "tunnel": "",
        "bridge": "",
        "width": "3",
        "access": "private",
        "junction": "",
        "parking_lot": "P2",
        "carleton_parking": true
      },
      "geometry": {
        "type": "LineString",
        "coordinates": [
          [
            -75.696717,
            45.383903
          ],
          [
            -75.6964538,
            45.3840451
          ]
        ]
      }
    },
    {
      "type": "Feature",
      "properties": {
        "u": 9900300024,
        "v": 9900300025,
        "key": 0,
        "osmid": "carleton_parking_p2_svc_119_0",
        "highway": "service",
        "lanes": "1",
        "maxspeed": "15",
        "name": "P2 lot service",
        "oneway": false,
        "reversed": "False",
        "length": 9.00652835490873,
        "ref": "",
        "tunnel": "",
        "bridge": "",
        "width": "3",
        "access": "private",
        "junction": "",
        "parking_lot": "P2",
        "carleton_parking": true
      },
      "geometry": {
        "type": "LineString",
        "coordinates": [
          [
            -75.6964679,
            45.3836086
          ],
          [
            -75.6963711,
            45.3836416
          ]
        ]
      }
    },
    {
      "type": "Feature",
      "properties": {
        "u": 9900300025,
        "v": 9900300024,
        "key": 0,
        "osmid": "carleton_parking_p2_svc_119_0",
        "highway": "service",
        "lanes": "1",
        "maxspeed": "15",
        "name": "P2 lot service",
        "oneway": false,
        "reversed": "True",
        "length": 9.00652835490873,
        "ref": "",
        "tunnel": "",
        "bridge": "",
        "width": "3",
        "access": "private",
        "junction": "",
        "parking_lot": "P2",
        "carleton_parking": true
      },
      "geometry": {
        "type": "LineString",
        "coordinates": [
          [
            -75.6963711,
            45.3836416
          ],
          [
            -75.6964679,
            45.3836086
          ]
        ]
      }
    },
    {
      "type": "Feature",
      "properties": {
        "u": 9900300025,
        "v": 9900300026,
        "key": 0,
        "osmid": "carleton_parking_p2_svc_119_1",
        "highway": "service",
        "lanes": "1",
        "maxspeed": "15",
        "name": "P2 lot service",
        "oneway": false,
        "reversed": "False",
        "length": 2.81426065020341,
        "ref": "",
        "tunnel": "",
        "bridge": "",
        "width": "3",
        "access": "private",
        "junction": "",
        "parking_lot": "P2",
        "carleton_parking": true
      },
      "geometry": {
        "type": "LineString",
        "coordinates": [
          [
            -75.6963711,
            45.3836416
          ],
          [
            -75.6963389,
            45.3836475
          ]
        ]
      }
    },
    {
      "type": "Feature",
      "properties": {
        "u": 9900300026,
        "v": 9900300025,
        "key": 0,
        "osmid": "carleton_parking_p2_svc_119_1",
        "highway": "service",
        "lanes": "1",
        "maxspeed": "15",
        "name": "P2 lot service",
        "oneway": false,
        "reversed": "True",
        "length": 2.81426065020341,
        "ref": "",
        "tunnel": "",
        "bridge": "",
        "width": "3",
        "access": "private",
        "junction": "",
        "parking_lot": "P2",
        "carleton_parking": true
      },
      "geometry": {
        "type": "LineString",
        "coordinates": [
          [
            -75.6963389,
            45.3836475
          ],
          [
            -75.6963711,
            45.3836416
          ]
        ]
      }
    },
    {
      "type": "Feature",
      "properties": {
        "u": 9900300026,
        "v": 9900300027,
        "key": 0,
        "osmid": "carleton_parking_p2_svc_119_2",
        "highway": "service",
        "lanes": "1",
        "maxspeed": "15",
        "name": "P2 lot service",
        "oneway": false,
        "reversed": "False",
        "length": 5.565494048925559,
        "ref": "",
        "tunnel": "",
        "bridge": "",
        "width": "3",
        "access": "private",
        "junction": "",
        "parking_lot": "P2",
        "carleton_parking": true
      },
      "geometry": {
        "type": "LineString",
        "coordinates": [
          [
            -75.6963389,
            45.3836475
          ],
          [
            -75.6962752,
            45.3836591
          ]
        ]
      }
    },
    {
      "type": "Feature",
      "properties": {
        "u": 9900300027,
        "v": 9900300026,
        "key": 0,
        "osmid": "carleton_parking_p2_svc_119_2",
        "highway": "service",
        "lanes": "1",
        "maxspeed": "15",
        "name": "P2 lot service",
        "oneway": false,
        "reversed": "True",
        "length": 5.565494048925559,
        "ref": "",
        "tunnel": "",
        "bridge": "",
        "width": "3",
        "access": "private",
        "junction": "",
        "parking_lot": "P2",
        "carleton_parking": true
      },
      "geometry": {
        "type": "LineString",
        "coordinates": [
          [
            -75.6962752,
            45.3836591
          ],
          [
            -75.6963389,
            45.3836475
          ]
        ]
      }
    },
    {
      "type": "Feature",
      "properties": {
        "u": 9900300024,
        "v": 9900300023,
        "key": 0,
        "osmid": "carleton_parking_p2_svc_120_0",
        "highway": "service",
        "lanes": "1",
        "maxspeed": "15",
        "name": "P2 lot service",
        "oneway": false,
        "reversed": "False",
        "length": 38.938347792194676,
        "ref": "",
        "tunnel": "",
        "bridge": "",
        "width": "3",
        "access": "private",
        "junction": "",
        "parking_lot": "P2",
        "carleton_parking": true
      },
      "geometry": {
        "type": "LineString",
        "coordinates": [
          [
            -75.6964679,
            45.3836086
          ],
          [
            -75.696717,
            45.383903
          ]
        ]
      }
    },
    {
      "type": "Feature",
      "properties": {
        "u": 9900300023,
        "v": 9900300024,
        "key": 0,
        "osmid": "carleton_parking_p2_svc_120_0",
        "highway": "service",
        "lanes": "1",
        "maxspeed": "15",
        "name": "P2 lot service",
        "oneway": false,
        "reversed": "True",
        "length": 38.938347792194676,
        "ref": "",
        "tunnel": "",
        "bridge": "",
        "width": "3",
        "access": "private",
        "junction": "",
        "parking_lot": "P2",
        "carleton_parking": true
      },
      "geometry": {
        "type": "LineString",
        "coordinates": [
          [
            -75.696717,
            45.383903
          ],
          [
            -75.6964679,
            45.3836086
          ]
        ]
      }
    },
    {
      "type": "Feature",
      "properties": {
        "u": 9900300023,
        "v": 9900300028,
        "key": 0,
        "osmid": "carleton_parking_p2_svc_120_1",
        "highway": "service",
        "lanes": "1",
        "maxspeed": "15",
        "name": "P2 lot service",
        "oneway": false,
        "reversed": "False",
        "length": 20.17722360638686,
        "ref": "",
        "tunnel": "",
        "bridge": "",
        "width": "3",
        "access": "private",
        "junction": "",
        "parking_lot": "P2",
        "carleton_parking": true
      },
      "geometry": {
        "type": "LineString",
        "coordinates": [
          [
            -75.696717,
            45.383903
          ],
          [
            -75.6969242,
            45.3838143
          ]
        ]
      }
    },
    {
      "type": "Feature",
      "properties": {
        "u": 9900300028,
        "v": 9900300023,
        "key": 0,
        "osmid": "carleton_parking_p2_svc_120_1",
        "highway": "service",
        "lanes": "1",
        "maxspeed": "15",
        "name": "P2 lot service",
        "oneway": false,
        "reversed": "True",
        "length": 20.17722360638686,
        "ref": "",
        "tunnel": "",
        "bridge": "",
        "width": "3",
        "access": "private",
        "junction": "",
        "parking_lot": "P2",
        "carleton_parking": true
      },
      "geometry": {
        "type": "LineString",
        "coordinates": [
          [
            -75.6969242,
            45.3838143
          ],
          [
            -75.696717,
            45.383903
          ]
        ]
      }
    },
    {
      "type": "Feature",
      "properties": {
        "u": 9900300028,
        "v": 9900300029,
        "key": 0,
        "osmid": "carleton_parking_p2_svc_120_2",
        "highway": "service",
        "lanes": "1",
        "maxspeed": "15",
        "name": "P2 lot service",
        "oneway": false,
        "reversed": "False",
        "length": 18.603564494934474,
        "ref": "",
        "tunnel": "",
        "bridge": "",
        "width": "3",
        "access": "private",
        "junction": "",
        "parking_lot": "P2",
        "carleton_parking": true
      },
      "geometry": {
        "type": "LineString",
        "coordinates": [
          [
            -75.6969242,
            45.3838143
          ],
          [
            -75.6971153,
            45.3837326
          ]
        ]
      }
    },
    {
      "type": "Feature",
      "properties": {
        "u": 9900300029,
        "v": 9900300028,
        "key": 0,
        "osmid": "carleton_parking_p2_svc_120_2",
        "highway": "service",
        "lanes": "1",
        "maxspeed": "15",
        "name": "P2 lot service",
        "oneway": false,
        "reversed": "True",
        "length": 18.603564494934474,
        "ref": "",
        "tunnel": "",
        "bridge": "",
        "width": "3",
        "access": "private",
        "junction": "",
        "parking_lot": "P2",
        "carleton_parking": true
      },
      "geometry": {
        "type": "LineString",
        "coordinates": [
          [
            -75.6971153,
            45.3837326
          ],
          [
            -75.6969242,
            45.3838143
          ]
        ]
      }
    },
    {
      "type": "Feature",
      "properties": {
        "u": 9900300029,
        "v": 9900300030,
        "key": 0,
        "osmid": "carleton_parking_p2_svc_120_3",
        "highway": "service",
        "lanes": "1",
        "maxspeed": "15",
        "name": "P2 lot service",
        "oneway": false,
        "reversed": "False",
        "length": 5.381171287025375,
        "ref": "",
        "tunnel": "",
        "bridge": "",
        "width": "3",
        "access": "private",
        "junction": "",
        "parking_lot": "P2",
        "carleton_parking": true
      },
      "geometry": {
        "type": "LineString",
        "coordinates": [
          [
            -75.6971153,
            45.3837326
          ],
          [
            -75.6971706,
            45.383709
          ]
        ]
      }
    },
    {
      "type": "Feature",
      "properties": {
        "u": 9900300030,
        "v": 9900300029,
        "key": 0,
        "osmid": "carleton_parking_p2_svc_120_3",
        "highway": "service",
        "lanes": "1",
        "maxspeed": "15",
        "name": "P2 lot service",
        "oneway": false,
        "reversed": "True",
        "length": 5.381171287025375,
        "ref": "",
        "tunnel": "",
        "bridge": "",
        "width": "3",
        "access": "private",
        "junction": "",
        "parking_lot": "P2",
        "carleton_parking": true
      },
      "geometry": {
        "type": "LineString",
        "coordinates": [
          [
            -75.6971706,
            45.383709
          ],
          [
            -75.6971153,
            45.3837326
          ]
        ]
      }
    },
    {
      "type": "Feature",
      "properties": {
        "u": 9900300030,
        "v": 9900300031,
        "key": 0,
        "osmid": "carleton_parking_p2_svc_120_4",
        "highway": "service",
        "lanes": "1",
        "maxspeed": "15",
        "name": "P2 lot service",
        "oneway": false,
        "reversed": "False",
        "length": 6.404536098935857,
        "ref": "",
        "tunnel": "",
        "bridge": "",
        "width": "3",
        "access": "private",
        "junction": "",
        "parking_lot": "P2",
        "carleton_parking": true
      },
      "geometry": {
        "type": "LineString",
        "coordinates": [
          [
            -75.6971706,
            45.383709
          ],
          [
            -75.6972128,
            45.3836612
          ]
        ]
      }
    },
    {
      "type": "Feature",
      "properties": {
        "u": 9900300031,
        "v": 9900300030,
        "key": 0,
        "osmid": "carleton_parking_p2_svc_120_4",
        "highway": "service",
        "lanes": "1",
        "maxspeed": "15",
        "name": "P2 lot service",
        "oneway": false,
        "reversed": "True",
        "length": 6.404536098935857,
        "ref": "",
        "tunnel": "",
        "bridge": "",
        "width": "3",
        "access": "private",
        "junction": "",
        "parking_lot": "P2",
        "carleton_parking": true
      },
      "geometry": {
        "type": "LineString",
        "coordinates": [
          [
            -75.6972128,
            45.3836612
          ],
          [
            -75.6971706,
            45.383709
          ]
        ]
      }
    },
    {
      "type": "Feature",
      "properties": {
        "u": 9900300031,
        "v": 9900300032,
        "key": 0,
        "osmid": "carleton_parking_p2_svc_120_5",
        "highway": "service",
        "lanes": "1",
        "maxspeed": "15",
        "name": "P2 lot service",
        "oneway": false,
        "reversed": "False",
        "length": 6.197444206086184,
        "ref": "",
        "tunnel": "",
        "bridge": "",
        "width": "3",
        "access": "private",
        "junction": "",
        "parking_lot": "P2",
        "carleton_parking": true
      },
      "geometry": {
        "type": "LineString",
        "coordinates": [
          [
            -75.6972128,
            45.3836612
          ],
          [
            -75.6972153,
            45.3836054
          ]
        ]
      }
    },
    {
      "type": "Feature",
      "properties": {
        "u": 9900300032,
        "v": 9900300031,
        "key": 0,
        "osmid": "carleton_parking_p2_svc_120_5",
        "highway": "service",
        "lanes": "1",
        "maxspeed": "15",
        "name": "P2 lot service",
        "oneway": false,
        "reversed": "True",
        "length": 6.197444206086184,
        "ref": "",
        "tunnel": "",
        "bridge": "",
        "width": "3",
        "access": "private",
        "junction": "",
        "parking_lot": "P2",
        "carleton_parking": true
      },
      "geometry": {
        "type": "LineString",
        "coordinates": [
          [
            -75.6972153,
            45.3836054
          ],
          [
            -75.6972128,
            45.3836612
          ]
        ]
      }
    },
    {
      "type": "Feature",
      "properties": {
        "u": 9900300032,
        "v": 9900300033,
        "key": 0,
        "osmid": "carleton_parking_p2_svc_120_6",
        "highway": "service",
        "lanes": "1",
        "maxspeed": "15",
        "name": "P2 lot service",
        "oneway": false,
        "reversed": "False",
        "length": 27.850272983220545,
        "ref": "",
        "tunnel": "",
        "bridge": "",
        "width": "3",
        "access": "private",
        "junction": "",
        "parking_lot": "P2",
        "carleton_parking": true
      },
      "geometry": {
        "type": "LineString",
        "coordinates": [
          [
            -75.6972153,
            45.3836054
          ],
          [
            -75.6970311,
            45.3833979
          ]
        ]
      }
    },
    {
      "type": "Feature",
      "properties": {
        "u": 9900300033,
        "v": 9900300032,
        "key": 0,
        "osmid": "carleton_parking_p2_svc_120_6",
        "highway": "service",
        "lanes": "1",
        "maxspeed": "15",
        "name": "P2 lot service",
        "oneway": false,
        "reversed": "True",
        "length": 27.850272983220545,
        "ref": "",
        "tunnel": "",
        "bridge": "",
        "width": "3",
        "access": "private",
        "junction": "",
        "parking_lot": "P2",
        "carleton_parking": true
      },
      "geometry": {
        "type": "LineString",
        "coordinates": [
          [
            -75.6970311,
            45.3833979
          ],
          [
            -75.6972153,
            45.3836054
          ]
        ]
      }
    },
    {
      "type": "Feature",
      "properties": {
        "u": 9900300033,
        "v": 9900300034,
        "key": 0,
        "osmid": "carleton_parking_p2_svc_120_7",
        "highway": "service",
        "lanes": "1",
        "maxspeed": "15",
        "name": "P2 lot service",
        "oneway": false,
        "reversed": "False",
        "length": 4.204628121843405,
        "ref": "",
        "tunnel": "",
        "bridge": "",
        "width": "3",
        "access": "private",
        "junction": "",
        "parking_lot": "P2",
        "carleton_parking": true
      },
      "geometry": {
        "type": "LineString",
        "coordinates": [
          [
            -75.6970311,
            45.3833979
          ],
          [
            -75.6969975,
            45.3833701
          ]
        ]
      }
    },
    {
      "type": "Feature",
      "properties": {
        "u": 9900300034,
        "v": 9900300033,
        "key": 0,
        "osmid": "carleton_parking_p2_svc_120_7",
        "highway": "service",
        "lanes": "1",
        "maxspeed": "15",
        "name": "P2 lot service",
        "oneway": false,
        "reversed": "True",
        "length": 4.204628121843405,
        "ref": "",
        "tunnel": "",
        "bridge": "",
        "width": "3",
        "access": "private",
        "junction": "",
        "parking_lot": "P2",
        "carleton_parking": true
      },
      "geometry": {
        "type": "LineString",
        "coordinates": [
          [
            -75.6969975,
            45.3833701
          ],
          [
            -75.6970311,
            45.3833979
          ]
        ]
      }
    },
    {
      "type": "Feature",
      "properties": {
        "u": 9900300034,
        "v": 9900300035,
        "key": 0,
        "osmid": "carleton_parking_p2_svc_120_8",
        "highway": "service",
        "lanes": "1",
        "maxspeed": "15",
        "name": "P2 lot service",
        "oneway": false,
        "reversed": "False",
        "length": 4.051359813578458,
        "ref": "",
        "tunnel": "",
        "bridge": "",
        "width": "3",
        "access": "private",
        "junction": "",
        "parking_lot": "P2",
        "carleton_parking": true
      },
      "geometry": {
        "type": "LineString",
        "coordinates": [
          [
            -75.6969975,
            45.3833701
          ],
          [
            -75.6969508,
            45.3833774
          ]
        ]
      }
    },
    {
      "type": "Feature",
      "properties": {
        "u": 9900300035,
        "v": 9900300034,
        "key": 0,
        "osmid": "carleton_parking_p2_svc_120_8",
        "highway": "service",
        "lanes": "1",
        "maxspeed": "15",
        "name": "P2 lot service",
        "oneway": false,
        "reversed": "True",
        "length": 4.051359813578458,
        "ref": "",
        "tunnel": "",
        "bridge": "",
        "width": "3",
        "access": "private",
        "junction": "",
        "parking_lot": "P2",
        "carleton_parking": true
      },
      "geometry": {
        "type": "LineString",
        "coordinates": [
          [
            -75.6969508,
            45.3833774
          ],
          [
            -75.6969975,
            45.3833701
          ]
        ]
      }
    },
    {
      "type": "Feature",
      "properties": {
        "u": 9900300035,
        "v": 9900300036,
        "key": 0,
        "osmid": "carleton_parking_p2_svc_120_9",
        "highway": "service",
        "lanes": "1",
        "maxspeed": "15",
        "name": "P2 lot service",
        "oneway": false,
        "reversed": "False",
        "length": 13.523983384974903,
        "ref": "",
        "tunnel": "",
        "bridge": "",
        "width": "3",
        "access": "private",
        "junction": "",
        "parking_lot": "P2",
        "carleton_parking": true
      },
      "geometry": {
        "type": "LineString",
        "coordinates": [
          [
            -75.6969508,
            45.3833774
          ],
          [
            -75.6968159,
            45.383442
          ]
        ]
      }
    },
    {
      "type": "Feature",
      "properties": {
        "u": 9900300036,
        "v": 9900300035,
        "key": 0,
        "osmid": "carleton_parking_p2_svc_120_9",
        "highway": "service",
        "lanes": "1",
        "maxspeed": "15",
        "name": "P2 lot service",
        "oneway": false,
        "reversed": "True",
        "length": 13.523983384974903,
        "ref": "",
        "tunnel": "",
        "bridge": "",
        "width": "3",
        "access": "private",
        "junction": "",
        "parking_lot": "P2",
        "carleton_parking": true
      },
      "geometry": {
        "type": "LineString",
        "coordinates": [
          [
            -75.6968159,
            45.383442
          ],
          [
            -75.6969508,
            45.3833774
          ]
        ]
      }
    },
    {
      "type": "Feature",
      "properties": {
        "u": 9900300036,
        "v": 9900300037,
        "key": 0,
        "osmid": "carleton_parking_p2_svc_120_10",
        "highway": "service",
        "lanes": "1",
        "maxspeed": "15",
        "name": "P2 lot service",
        "oneway": false,
        "reversed": "False",
        "length": 17.63953101583991,
        "ref": "",
        "tunnel": "",
        "bridge": "",
        "width": "3",
        "access": "private",
        "junction": "",
        "parking_lot": "P2",
        "carleton_parking": true
      },
      "geometry": {
        "type": "LineString",
        "coordinates": [
          [
            -75.6968159,
            45.383442
          ],
          [
            -75.6966399,
            45.3835262
          ]
        ]
      }
    },
    {
      "type": "Feature",
      "properties": {
        "u": 9900300037,
        "v": 9900300036,
        "key": 0,
        "osmid": "carleton_parking_p2_svc_120_10",
        "highway": "service",
        "lanes": "1",
        "maxspeed": "15",
        "name": "P2 lot service",
        "oneway": false,
        "reversed": "True",
        "length": 17.63953101583991,
        "ref": "",
        "tunnel": "",
        "bridge": "",
        "width": "3",
        "access": "private",
        "junction": "",
        "parking_lot": "P2",
        "carleton_parking": true
      },
      "geometry": {
        "type": "LineString",
        "coordinates": [
          [
            -75.6966399,
            45.3835262
          ],
          [
            -75.6968159,
            45.383442
          ]
        ]
      }
    },
    {
      "type": "Feature",
      "properties": {
        "u": 9900300037,
        "v": 9900300024,
        "key": 0,
        "osmid": "carleton_parking_p2_svc_120_11",
        "highway": "service",
        "lanes": "1",
        "maxspeed": "15",
        "name": "P2 lot service",
        "oneway": false,
        "reversed": "False",
        "length": 17.245319160508473,
        "ref": "",
        "tunnel": "",
        "bridge": "",
        "width": "3",
        "access": "private",
        "junction": "",
        "parking_lot": "P2",
        "carleton_parking": true
      },
      "geometry": {
        "type": "LineString",
        "coordinates": [
          [
            -75.6966399,
            45.3835262
          ],
          [
            -75.6964679,
            45.3836086
          ]
        ]
      }
    },
    {
      "type": "Feature",
      "properties": {
        "u": 9900300024,
        "v": 9900300037,
        "key": 0,
        "osmid": "carleton_parking_p2_svc_120_11",
        "highway": "service",
        "lanes": "1",
        "maxspeed": "15",
        "name": "P2 lot service",
        "oneway": false,
        "reversed": "True",
        "length": 17.245319160508473,
        "ref": "",
        "tunnel": "",
        "bridge": "",
        "width": "3",
        "access": "private",
        "junction": "",
        "parking_lot": "P2",
        "carleton_parking": true
      },
      "geometry": {
        "type": "LineString",
        "coordinates": [
          [
            -75.6964679,
            45.3836086
          ],
          [
            -75.6966399,
            45.3835262
          ]
        ]
      }
    },
    {
      "type": "Feature",
      "properties": {
        "u": 9900300028,
        "v": 9900300037,
        "key": 0,
        "osmid": "carleton_parking_p2_svc_121_0",
        "highway": "service",
        "lanes": "1",
        "maxspeed": "15",
        "name": "P2 lot service",
        "oneway": false,
        "reversed": "False",
        "length": 40.08284205328213,
        "ref": "",
        "tunnel": "",
        "bridge": "",
        "width": "3",
        "access": "private",
        "junction": "",
        "parking_lot": "P2",
        "carleton_parking": true
      },
      "geometry": {
        "type": "LineString",
        "coordinates": [
          [
            -75.6969242,
            45.3838143
          ],
          [
            -75.6966399,
            45.3835262
          ]
        ]
      }
    },
    {
      "type": "Feature",
      "properties": {
        "u": 9900300037,
        "v": 9900300028,
        "key": 0,
        "osmid": "carleton_parking_p2_svc_121_0",
        "highway": "service",
        "lanes": "1",
        "maxspeed": "15",
        "name": "P2 lot service",
        "oneway": false,
        "reversed": "True",
        "length": 40.08284205328213,
        "ref": "",
        "tunnel": "",
        "bridge": "",
        "width": "3",
        "access": "private",
        "junction": "",
        "parking_lot": "P2",
        "carleton_parking": true
      },
      "geometry": {
        "type": "LineString",
        "coordinates": [
          [
            -75.6966399,
            45.3835262
          ],
          [
            -75.6969242,
            45.3838143
          ]
        ]
      }
    },
    {
      "type": "Feature",
      "properties": {
        "u": 9900300029,
        "v": 9900300036,
        "key": 0,
        "osmid": "carleton_parking_p2_svc_122_0",
        "highway": "service",
        "lanes": "1",
        "maxspeed": "15",
        "name": "P2 lot service",
        "oneway": false,
        "reversed": "False",
        "length": 41.086979014139054,
        "ref": "",
        "tunnel": "",
        "bridge": "",
        "width": "3",
        "access": "private",
        "junction": "",
        "parking_lot": "P2",
        "carleton_parking": true
      },
      "geometry": {
        "type": "LineString",
        "coordinates": [
          [
            -75.6971153,
            45.3837326
          ],
          [
            -75.6968159,
            45.383442
          ]
        ]
      }
    },
    {
      "type": "Feature",
      "properties": {
        "u": 9900300036,
        "v": 9900300029,
        "key": 0,
        "osmid": "carleton_parking_p2_svc_122_0",
        "highway": "service",
        "lanes": "1",
        "maxspeed": "15",
        "name": "P2 lot service",
        "oneway": false,
        "reversed": "True",
        "length": 41.086979014139054,
        "ref": "",
        "tunnel": "",
        "bridge": "",
        "width": "3",
        "access": "private",
        "junction": "",
        "parking_lot": "P2",
        "carleton_parking": true
      },
      "geometry": {
        "type": "LineString",
        "coordinates": [
          [
            -75.6968159,
            45.383442
          ],
          [
            -75.6971153,
            45.3837326
          ]
        ]
      }
    },
    {
      "type": "Feature",
      "properties": {
        "u": 9900300024,
        "v": 9900300038,
        "key": 0,
        "osmid": "carleton_parking_p2_egress_a",
        "highway": "service",
        "lanes": "1",
        "maxspeed": "10",
        "name": "P2 lot egress (narrow)",
        "oneway": false,
        "reversed": "False",
        "length": 5.626440423153185,
        "ref": "",
        "tunnel": "",
        "bridge": "",
        "width": "3",
        "access": "private",
        "junction": "",
        "parking_lot": "P2",
        "carleton_parking": true
      },
      "geometry": {
        "type": "LineString",
        "coordinates": [
          [
            -75.6964679,
            45.3836086
          ],
          [
            -75.6964052725,
            45.383625012500005
          ]
        ]
      }
    },
    {
      "type": "Feature",
      "properties": {
        "u": 9900300038,
        "v": 9900300024,
        "key": 0,
        "osmid": "carleton_parking_p2_egress_a",
        "highway": "service",
        "lanes": "1",
        "maxspeed": "10",
        "name": "P2 lot egress (narrow)",
        "oneway": false,
        "reversed": "True",
        "length": 5.626440423153185,
        "ref": "",
        "tunnel": "",
        "bridge": "",
        "width": "3",
        "access": "private",
        "junction": "",
        "parking_lot": "P2",
        "carleton_parking": true
      },
      "geometry": {
        "type": "LineString",
        "coordinates": [
          [
            -75.6964052725,
            45.383625012500005
          ],
          [
            -75.6964679,
            45.3836086
          ]
        ]
      }
    },
    {
      "type": "Feature",
      "properties": {
        "u": 9900300038,
        "v": 9900300027,
        "key": 0,
        "osmid": "carleton_parking_p2_egress_b",
        "highway": "service",
        "lanes": "1",
        "maxspeed": "10",
        "name": "P2 lot egress (narrow)",
        "oneway": false,
        "reversed": "False",
        "length": 11.685683955416762,
        "ref": "",
        "tunnel": "",
        "bridge": "",
        "width": "3",
        "access": "private",
        "junction": "",
        "parking_lot": "P2",
        "carleton_parking": true
      },
      "geometry": {
        "type": "LineString",
        "coordinates": [
          [
            -75.6964052725,
            45.383625012500005
          ],
          [
            -75.6962752,
            45.3836591
          ]
        ]
      }
    },
    {
      "type": "Feature",
      "properties": {
        "u": 9900300027,
        "v": 9900300038,
        "key": 0,
        "osmid": "carleton_parking_p2_egress_b",
        "highway": "service",
        "lanes": "1",
        "maxspeed": "10",
        "name": "P2 lot egress (narrow)",
        "oneway": false,
        "reversed": "True",
        "length": 11.685683955416762,
        "ref": "",
        "tunnel": "",
        "bridge": "",
        "width": "3",
        "access": "private",
        "junction": "",
        "parking_lot": "P2",
        "carleton_parking": true
      },
      "geometry": {
        "type": "LineString",
        "coordinates": [
          [
            -75.6962752,
            45.3836591
          ],
          [
            -75.6964052725,
            45.383625012500005
          ]
        ]
      }
    },
    {
      "type": "Feature",
      "properties": {
        "u": 9900300039,
        "v": 9900300040,
        "key": 0,
        "osmid": "carleton_parking_p3_osm_130330553_0",
        "highway": "service",
        "lanes": "1",
        "maxspeed": "15",
        "name": "P3 parking aisle",
        "oneway": false,
        "reversed": "False",
        "length": 16.31488254648147,
        "ref": "",
        "tunnel": "",
        "bridge": "",
        "width": "3",
        "access": "private",
        "junction": "",
        "parking_lot": "P3",
        "carleton_parking": true
      },
      "geometry": {
        "type": "LineString",
        "coordinates": [
          [
            -75.6928474,
            45.3845817
          ],
          [
            -75.6929277,
            45.3847152
          ]
        ]
      }
    },
    {
      "type": "Feature",
      "properties": {
        "u": 9900300040,
        "v": 9900300039,
        "key": 0,
        "osmid": "carleton_parking_p3_osm_130330553_0",
        "highway": "service",
        "lanes": "1",
        "maxspeed": "15",
        "name": "P3 parking aisle",
        "oneway": false,
        "reversed": "True",
        "length": 16.31488254648147,
        "ref": "",
        "tunnel": "",
        "bridge": "",
        "width": "3",
        "access": "private",
        "junction": "",
        "parking_lot": "P3",
        "carleton_parking": true
      },
      "geometry": {
        "type": "LineString",
        "coordinates": [
          [
            -75.6929277,
            45.3847152
          ],
          [
            -75.6928474,
            45.3845817
          ]
        ]
      }
    },
    {
      "type": "Feature",
      "properties": {
        "u": 9900300040,
        "v": 9900300041,
        "key": 0,
        "osmid": "carleton_parking_p3_osm_130330553_1",
        "highway": "service",
        "lanes": "1",
        "maxspeed": "15",
        "name": "P3 parking aisle",
        "oneway": false,
        "reversed": "False",
        "length": 18.062418606133352,
        "ref": "",
        "tunnel": "",
        "bridge": "",
        "width": "3",
        "access": "private",
        "junction": "",
        "parking_lot": "P3",
        "carleton_parking": true
      },
      "geometry": {
        "type": "LineString",
        "coordinates": [
          [
            -75.6929277,
            45.3847152
          ],
          [
            -75.6930166,
            45.384863
          ]
        ]
      }
    },
    {
      "type": "Feature",
      "properties": {
        "u": 9900300041,
        "v": 9900300040,
        "key": 0,
        "osmid": "carleton_parking_p3_osm_130330553_1",
        "highway": "service",
        "lanes": "1",
        "maxspeed": "15",
        "name": "P3 parking aisle",
        "oneway": false,
        "reversed": "True",
        "length": 18.062418606133352,
        "ref": "",
        "tunnel": "",
        "bridge": "",
        "width": "3",
        "access": "private",
        "junction": "",
        "parking_lot": "P3",
        "carleton_parking": true
      },
      "geometry": {
        "type": "LineString",
        "coordinates": [
          [
            -75.6930166,
            45.384863
          ],
          [
            -75.6929277,
            45.3847152
          ]
        ]
      }
    },
    {
      "type": "Feature",
      "properties": {
        "u": 9900300041,
        "v": 9900300042,
        "key": 0,
        "osmid": "carleton_parking_p3_osm_130330553_2",
        "highway": "service",
        "lanes": "1",
        "maxspeed": "15",
        "name": "P3 parking aisle",
        "oneway": false,
        "reversed": "False",
        "length": 1.6390213569978058,
        "ref": "",
        "tunnel": "",
        "bridge": "",
        "width": "3",
        "access": "private",
        "junction": "",
        "parking_lot": "P3",
        "carleton_parking": true
      },
      "geometry": {
        "type": "LineString",
        "coordinates": [
          [
            -75.6930166,
            45.384863
          ],
          [
            -75.6930247,
            45.3848764
          ]
        ]
      }
    },
    {
      "type": "Feature",
      "properties": {
        "u": 9900300042,
        "v": 9900300041,
        "key": 0,
        "osmid": "carleton_parking_p3_osm_130330553_2",
        "highway": "service",
        "lanes": "1",
        "maxspeed": "15",
        "name": "P3 parking aisle",
        "oneway": false,
        "reversed": "True",
        "length": 1.6390213569978058,
        "ref": "",
        "tunnel": "",
        "bridge": "",
        "width": "3",
        "access": "private",
        "junction": "",
        "parking_lot": "P3",
        "carleton_parking": true
      },
      "geometry": {
        "type": "LineString",
        "coordinates": [
          [
            -75.6930247,
            45.3848764
          ],
          [
            -75.6930166,
            45.384863
          ]
        ]
      }
    },
    {
      "type": "Feature",
      "properties": {
        "u": 9900300042,
        "v": 9900300043,
        "key": 0,
        "osmid": "carleton_parking_p3_osm_130330553_3",
        "highway": "service",
        "lanes": "1",
        "maxspeed": "15",
        "name": "P3 parking aisle",
        "oneway": false,
        "reversed": "False",
        "length": 15.581949059801017,
        "ref": "",
        "tunnel": "",
        "bridge": "",
        "width": "3",
        "access": "private",
        "junction": "",
        "parking_lot": "P3",
        "carleton_parking": true
      },
      "geometry": {
        "type": "LineString",
        "coordinates": [
          [
            -75.6930247,
            45.3848764
          ],
          [
            -75.6931014,
            45.3850039
          ]
        ]
      }
    },
    {
      "type": "Feature",
      "properties": {
        "u": 9900300043,
        "v": 9900300042,
        "key": 0,
        "osmid": "carleton_parking_p3_osm_130330553_3",
        "highway": "service",
        "lanes": "1",
        "maxspeed": "15",
        "name": "P3 parking aisle",
        "oneway": false,
        "reversed": "True",
        "length": 15.581949059801017,
        "ref": "",
        "tunnel": "",
        "bridge": "",
        "width": "3",
        "access": "private",
        "junction": "",
        "parking_lot": "P3",
        "carleton_parking": true
      },
      "geometry": {
        "type": "LineString",
        "coordinates": [
          [
            -75.6931014,
            45.3850039
          ],
          [
            -75.6930247,
            45.3848764
          ]
        ]
      }
    },
    {
      "type": "Feature",
      "properties": {
        "u": 9900300043,
        "v": 9900300044,
        "key": 0,
        "osmid": "carleton_parking_p3_osm_130330553_4",
        "highway": "service",
        "lanes": "1",
        "maxspeed": "15",
        "name": "P3 parking aisle",
        "oneway": false,
        "reversed": "False",
        "length": 12.47413576305202,
        "ref": "",
        "tunnel": "",
        "bridge": "",
        "width": "3",
        "access": "private",
        "junction": "",
        "parking_lot": "P3",
        "carleton_parking": true
      },
      "geometry": {
        "type": "LineString",
        "coordinates": [
          [
            -75.6931014,
            45.3850039
          ],
          [
            -75.6931834,
            45.3850971
          ]
        ]
      }
    },
    {
      "type": "Feature",
      "properties": {
        "u": 9900300044,
        "v": 9900300043,
        "key": 0,
        "osmid": "carleton_parking_p3_osm_130330553_4",
        "highway": "service",
        "lanes": "1",
        "maxspeed": "15",
        "name": "P3 parking aisle",
        "oneway": false,
        "reversed": "True",
        "length": 12.47413576305202,
        "ref": "",
        "tunnel": "",
        "bridge": "",
        "width": "3",
        "access": "private",
        "junction": "",
        "parking_lot": "P3",
        "carleton_parking": true
      },
      "geometry": {
        "type": "LineString",
        "coordinates": [
          [
            -75.6931834,
            45.3850971
          ],
          [
            -75.6931014,
            45.3850039
          ]
        ]
      }
    },
    {
      "type": "Feature",
      "properties": {
        "u": 9900300045,
        "v": 9900300046,
        "key": 0,
        "osmid": "carleton_parking_p3_osm_130330554_0",
        "highway": "service",
        "lanes": "1",
        "maxspeed": "15",
        "name": "P3 parking aisle",
        "oneway": false,
        "reversed": "False",
        "length": 12.429064015136971,
        "ref": "",
        "tunnel": "",
        "bridge": "",
        "width": "3",
        "access": "private",
        "junction": "",
        "parking_lot": "P3",
        "carleton_parking": true
      },
      "geometry": {
        "type": "LineString",
        "coordinates": [
          [
            -75.6922721,
            45.3852484
          ],
          [
            -75.6922112,
            45.3851466
          ]
        ]
      }
    },
    {
      "type": "Feature",
      "properties": {
        "u": 9900300046,
        "v": 9900300045,
        "key": 0,
        "osmid": "carleton_parking_p3_osm_130330554_0",
        "highway": "service",
        "lanes": "1",
        "maxspeed": "15",
        "name": "P3 parking aisle",
        "oneway": false,
        "reversed": "True",
        "length": 12.429064015136971,
        "ref": "",
        "tunnel": "",
        "bridge": "",
        "width": "3",
        "access": "private",
        "junction": "",
        "parking_lot": "P3",
        "carleton_parking": true
      },
      "geometry": {
        "type": "LineString",
        "coordinates": [
          [
            -75.6922112,
            45.3851466
          ],
          [
            -75.6922721,
            45.3852484
          ]
        ]
      }
    },
    {
      "type": "Feature",
      "properties": {
        "u": 9900300046,
        "v": 9900300047,
        "key": 0,
        "osmid": "carleton_parking_p3_osm_130330554_1",
        "highway": "service",
        "lanes": "1",
        "maxspeed": "15",
        "name": "P3 parking aisle",
        "oneway": false,
        "reversed": "False",
        "length": 3.85939108643187,
        "ref": "",
        "tunnel": "",
        "bridge": "",
        "width": "3",
        "access": "private",
        "junction": "",
        "parking_lot": "P3",
        "carleton_parking": true
      },
      "geometry": {
        "type": "LineString",
        "coordinates": [
          [
            -75.6922112,
            45.3851466
          ],
          [
            -75.6922046,
            45.3851122
          ]
        ]
      }
    },
    {
      "type": "Feature",
      "properties": {
        "u": 9900300047,
        "v": 9900300046,
        "key": 0,
        "osmid": "carleton_parking_p3_osm_130330554_1",
        "highway": "service",
        "lanes": "1",
        "maxspeed": "15",
        "name": "P3 parking aisle",
        "oneway": false,
        "reversed": "True",
        "length": 3.85939108643187,
        "ref": "",
        "tunnel": "",
        "bridge": "",
        "width": "3",
        "access": "private",
        "junction": "",
        "parking_lot": "P3",
        "carleton_parking": true
      },
      "geometry": {
        "type": "LineString",
        "coordinates": [
          [
            -75.6922046,
            45.3851122
          ],
          [
            -75.6922112,
            45.3851466
          ]
        ]
      }
    },
    {
      "type": "Feature",
      "properties": {
        "u": 9900300047,
        "v": 9900300048,
        "key": 0,
        "osmid": "carleton_parking_p3_osm_130330554_2",
        "highway": "service",
        "lanes": "1",
        "maxspeed": "15",
        "name": "P3 parking aisle",
        "oneway": false,
        "reversed": "False",
        "length": 14.510762532298566,
        "ref": "",
        "tunnel": "",
        "bridge": "",
        "width": "3",
        "access": "private",
        "junction": "",
        "parking_lot": "P3",
        "carleton_parking": true
      },
      "geometry": {
        "type": "LineString",
        "coordinates": [
          [
            -75.6922046,
            45.3851122
          ],
          [
            -75.6923639,
            45.3850652
          ]
        ]
      }
    },
    {
      "type": "Feature",
      "properties": {
        "u": 9900300048,
        "v": 9900300047,
        "key": 0,
        "osmid": "carleton_parking_p3_osm_130330554_2",
        "highway": "service",
        "lanes": "1",
        "maxspeed": "15",
        "name": "P3 parking aisle",
        "oneway": false,
        "reversed": "True",
        "length": 14.510762532298566,
        "ref": "",
        "tunnel": "",
        "bridge": "",
        "width": "3",
        "access": "private",
        "junction": "",
        "parking_lot": "P3",
        "carleton_parking": true
      },
      "geometry": {
        "type": "LineString",
        "coordinates": [
          [
            -75.6923639,
            45.3850652
          ],
          [
            -75.6922046,
            45.3851122
          ]
        ]
      }
    },
    {
      "type": "Feature",
      "properties": {
        "u": 9900300048,
        "v": 9900300042,
        "key": 0,
        "osmid": "carleton_parking_p3_osm_130330554_3",
        "highway": "service",
        "lanes": "1",
        "maxspeed": "15",
        "name": "P3 parking aisle",
        "oneway": false,
        "reversed": "False",
        "length": 59.95024345357132,
        "ref": "",
        "tunnel": "",
        "bridge": "",
        "width": "3",
        "access": "private",
        "junction": "",
        "parking_lot": "P3",
        "carleton_parking": true
      },
      "geometry": {
        "type": "LineString",
        "coordinates": [
          [
            -75.6923639,
            45.3850652
          ],
          [
            -75.6930247,
            45.3848764
          ]
        ]
      }
    },
    {
      "type": "Feature",
      "properties": {
        "u": 9900300042,
        "v": 9900300048,
        "key": 0,
        "osmid": "carleton_parking_p3_osm_130330554_3",
        "highway": "service",
        "lanes": "1",
        "maxspeed": "15",
        "name": "P3 parking aisle",
        "oneway": false,
        "reversed": "True",
        "length": 59.95024345357132,
        "ref": "",
        "tunnel": "",
        "bridge": "",
        "width": "3",
        "access": "private",
        "junction": "",
        "parking_lot": "P3",
        "carleton_parking": true
      },
      "geometry": {
        "type": "LineString",
        "coordinates": [
          [
            -75.6930247,
            45.3848764
          ],
          [
            -75.6923639,
            45.3850652
          ]
        ]
      }
    },
    {
      "type": "Feature",
      "properties": {
        "u": 9900300040,
        "v": 9900300049,
        "key": 0,
        "osmid": "carleton_parking_p3_osm_130330557_0",
        "highway": "service",
        "lanes": "1",
        "maxspeed": "15",
        "name": "P3 parking aisle",
        "oneway": false,
        "reversed": "False",
        "length": 60.1056638640301,
        "ref": "",
        "tunnel": "",
        "bridge": "",
        "width": "3",
        "access": "private",
        "junction": "",
        "parking_lot": "P3",
        "carleton_parking": true
      },
      "geometry": {
        "type": "LineString",
        "coordinates": [
          [
            -75.6929277,
            45.3847152
          ],
          [
            -75.6922712,
            45.3849164
          ]
        ]
      }
    },
    {
      "type": "Feature",
      "properties": {
        "u": 9900300049,
        "v": 9900300040,
        "key": 0,
        "osmid": "carleton_parking_p3_osm_130330557_0",
        "highway": "service",
        "lanes": "1",
        "maxspeed": "15",
        "name": "P3 parking aisle",
        "oneway": false,
        "reversed": "True",
        "length": 60.1056638640301,
        "ref": "",
        "tunnel": "",
        "bridge": "",
        "width": "3",
        "access": "private",
        "junction": "",
        "parking_lot": "P3",
        "carleton_parking": true
      },
      "geometry": {
        "type": "LineString",
        "coordinates": [
          [
            -75.6922712,
            45.3849164
          ],
          [
            -75.6929277,
            45.3847152
          ]
        ]
      }
    },
    {
      "type": "Feature",
      "properties": {
        "u": 9900300043,
        "v": 9900300045,
        "key": 0,
        "osmid": "carleton_parking_p3_osm_130330558_0",
        "highway": "service",
        "lanes": "1",
        "maxspeed": "15",
        "name": "P3 parking aisle",
        "oneway": false,
        "reversed": "False",
        "length": 75.53451562421066,
        "ref": "",
        "tunnel": "",
        "bridge": "",
        "width": "3",
        "access": "private",
        "junction": "",
        "parking_lot": "P3",
        "carleton_parking": true
      },
      "geometry": {
        "type": "LineString",
        "coordinates": [
          [
            -75.6931014,
            45.3850039
          ],
          [
            -75.6922721,
            45.3852484
          ]
        ]
      }
    },
    {
      "type": "Feature",
      "properties": {
        "u": 9900300045,
        "v": 9900300043,
        "key": 0,
        "osmid": "carleton_parking_p3_osm_130330558_0",
        "highway": "service",
        "lanes": "1",
        "maxspeed": "15",
        "name": "P3 parking aisle",
        "oneway": false,
        "reversed": "True",
        "length": 75.53451562421066,
        "ref": "",
        "tunnel": "",
        "bridge": "",
        "width": "3",
        "access": "private",
        "junction": "",
        "parking_lot": "P3",
        "carleton_parking": true
      },
      "geometry": {
        "type": "LineString",
        "coordinates": [
          [
            -75.6922721,
            45.3852484
          ],
          [
            -75.6931014,
            45.3850039
          ]
        ]
      }
    },
    {
      "type": "Feature",
      "properties": {
        "u": 9900300048,
        "v": 9900300049,
        "key": 0,
        "osmid": "carleton_parking_p3_osm_130330559_0",
        "highway": "service",
        "lanes": "1",
        "maxspeed": "15",
        "name": "P3 parking aisle",
        "oneway": false,
        "reversed": "False",
        "length": 18.3000328550743,
        "ref": "",
        "tunnel": "",
        "bridge": "",
        "width": "3",
        "access": "private",
        "junction": "",
        "parking_lot": "P3",
        "carleton_parking": true
      },
      "geometry": {
        "type": "LineString",
        "coordinates": [
          [
            -75.6923639,
            45.3850652
          ],
          [
            -75.6922712,
            45.3849164
          ]
        ]
      }
    },
    {
      "type": "Feature",
      "properties": {
        "u": 9900300049,
        "v": 9900300048,
        "key": 0,
        "osmid": "carleton_parking_p3_osm_130330559_0",
        "highway": "service",
        "lanes": "1",
        "maxspeed": "15",
        "name": "P3 parking aisle",
        "oneway": false,
        "reversed": "True",
        "length": 18.3000328550743,
        "ref": "",
        "tunnel": "",
        "bridge": "",
        "width": "3",
        "access": "private",
        "junction": "",
        "parking_lot": "P3",
        "carleton_parking": true
      },
      "geometry": {
        "type": "LineString",
        "coordinates": [
          [
            -75.6922712,
            45.3849164
          ],
          [
            -75.6923639,
            45.3850652
          ]
        ]
      }
    },
    {
      "type": "Feature",
      "properties": {
        "u": 9900300049,
        "v": 9900300050,
        "key": 0,
        "osmid": "carleton_parking_p3_osm_130330559_1",
        "highway": "service",
        "lanes": "1",
        "maxspeed": "15",
        "name": "P3 parking aisle",
        "oneway": false,
        "reversed": "False",
        "length": 16.857055432827455,
        "ref": "",
        "tunnel": "",
        "bridge": "",
        "width": "3",
        "access": "private",
        "junction": "",
        "parking_lot": "P3",
        "carleton_parking": true
      },
      "geometry": {
        "type": "LineString",
        "coordinates": [
          [
            -75.6922712,
            45.3849164
          ],
          [
            -75.6921859,
            45.3847793
          ]
        ]
      }
    },
    {
      "type": "Feature",
      "properties": {
        "u": 9900300050,
        "v": 9900300049,
        "key": 0,
        "osmid": "carleton_parking_p3_osm_130330559_1",
        "highway": "service",
        "lanes": "1",
        "maxspeed": "15",
        "name": "P3 parking aisle",
        "oneway": false,
        "reversed": "True",
        "length": 16.857055432827455,
        "ref": "",
        "tunnel": "",
        "bridge": "",
        "width": "3",
        "access": "private",
        "junction": "",
        "parking_lot": "P3",
        "carleton_parking": true
      },
      "geometry": {
        "type": "LineString",
        "coordinates": [
          [
            -75.6921859,
            45.3847793
          ],
          [
            -75.6922712,
            45.3849164
          ]
        ]
      }
    },
    {
      "type": "Feature",
      "properties": {
        "u": 9900300050,
        "v": 9900300039,
        "key": 0,
        "osmid": "carleton_parking_p3_osm_130330561_0",
        "highway": "service",
        "lanes": "1",
        "maxspeed": "15",
        "name": "P3 parking aisle",
        "oneway": false,
        "reversed": "False",
        "length": 60.354076625146995,
        "ref": "",
        "tunnel": "",
        "bridge": "",
        "width": "3",
        "access": "private",
        "junction": "",
        "parking_lot": "P3",
        "carleton_parking": true
      },
      "geometry": {
        "type": "LineString",
        "coordinates": [
          [
            -75.6921859,
            45.3847793
          ],
          [
            -75.6928474,
            45.3845817
          ]
        ]
      }
    },
    {
      "type": "Feature",
      "properties": {
        "u": 9900300039,
        "v": 9900300050,
        "key": 0,
        "osmid": "carleton_parking_p3_osm_130330561_0",
        "highway": "service",
        "lanes": "1",
        "maxspeed": "15",
        "name": "P3 parking aisle",
        "oneway": false,
        "reversed": "True",
        "length": 60.354076625146995,
        "ref": "",
        "tunnel": "",
        "bridge": "",
        "width": "3",
        "access": "private",
        "junction": "",
        "parking_lot": "P3",
        "carleton_parking": true
      },
      "geometry": {
        "type": "LineString",
        "coordinates": [
          [
            -75.6928474,
            45.3845817
          ],
          [
            -75.6921859,
            45.3847793
          ]
        ]
      }
    },
    {
      "type": "Feature",
      "properties": {
        "u": 9900300047,
        "v": 9900300051,
        "key": 0,
        "osmid": "carleton_parking_p3_osm_130329201_0",
        "highway": "service",
        "lanes": "1",
        "maxspeed": "15",
        "name": "P3 parking aisle",
        "oneway": false,
        "reversed": "False",
        "length": 23.85828393020692,
        "ref": "",
        "tunnel": "",
        "bridge": "",
        "width": "3",
        "access": "private",
        "junction": "",
        "parking_lot": "P3",
        "carleton_parking": true
      },
      "geometry": {
        "type": "LineString",
        "coordinates": [
          [
            -75.6922046,
            45.3851122
          ],
          [
            -75.6920871,
            45.384917
          ]
        ]
      }
    },
    {
      "type": "Feature",
      "properties": {
        "u": 9900300051,
        "v": 9900300047,
        "key": 0,
        "osmid": "carleton_parking_p3_osm_130329201_0",
        "highway": "service",
        "lanes": "1",
        "maxspeed": "15",
        "name": "P3 parking aisle",
        "oneway": false,
        "reversed": "True",
        "length": 23.85828393020692,
        "ref": "",
        "tunnel": "",
        "bridge": "",
        "width": "3",
        "access": "private",
        "junction": "",
        "parking_lot": "P3",
        "carleton_parking": true
      },
      "geometry": {
        "type": "LineString",
        "coordinates": [
          [
            -75.6920871,
            45.384917
          ],
          [
            -75.6922046,
            45.3851122
          ]
        ]
      }
    },
    {
      "type": "Feature",
      "properties": {
        "u": 9900300051,
        "v": 9900300052,
        "key": 0,
        "osmid": "carleton_parking_p3_osm_130329201_1",
        "highway": "service",
        "lanes": "1",
        "maxspeed": "15",
        "name": "P3 parking aisle",
        "oneway": false,
        "reversed": "False",
        "length": 24.24549312765184,
        "ref": "",
        "tunnel": "",
        "bridge": "",
        "width": "3",
        "access": "private",
        "junction": "",
        "parking_lot": "P3",
        "carleton_parking": true
      },
      "geometry": {
        "type": "LineString",
        "coordinates": [
          [
            -75.6920871,
            45.384917
          ],
          [
            -75.6919695,
            45.384718
          ]
        ]
      }
    },
    {
      "type": "Feature",
      "properties": {
        "u": 9900300052,
        "v": 9900300051,
        "key": 0,
        "osmid": "carleton_parking_p3_osm_130329201_1",
        "highway": "service",
        "lanes": "1",
        "maxspeed": "15",
        "name": "P3 parking aisle",
        "oneway": false,
        "reversed": "True",
        "length": 24.24549312765184,
        "ref": "",
        "tunnel": "",
        "bridge": "",
        "width": "3",
        "access": "private",
        "junction": "",
        "parking_lot": "P3",
        "carleton_parking": true
      },
      "geometry": {
        "type": "LineString",
        "coordinates": [
          [
            -75.6919695,
            45.384718
          ],
          [
            -75.6920871,
            45.384917
          ]
        ]
      }
    },
    {
      "type": "Feature",
      "properties": {
        "u": 9900300052,
        "v": 1435781052,
        "key": 0,
        "osmid": "carleton_parking_p3_osm_130329201_2",
        "highway": "service",
        "lanes": "1",
        "maxspeed": "15",
        "name": "P3 parking aisle",
        "oneway": false,
        "reversed": "False",
        "length": 7.956306548424109,
        "ref": "",
        "tunnel": "",
        "bridge": "",
        "width": "3",
        "access": "private",
        "junction": "",
        "parking_lot": "P3",
        "carleton_parking": true
      },
      "geometry": {
        "type": "LineString",
        "coordinates": [
          [
            -75.6919695,
            45.384718
          ],
          [
            -75.6919309,
            45.3846527
          ]
        ]
      }
    },
    {
      "type": "Feature",
      "properties": {
        "u": 1435781052,
        "v": 9900300052,
        "key": 0,
        "osmid": "carleton_parking_p3_osm_130329201_2",
        "highway": "service",
        "lanes": "1",
        "maxspeed": "15",
        "name": "P3 parking aisle",
        "oneway": false,
        "reversed": "True",
        "length": 7.956306548424109,
        "ref": "",
        "tunnel": "",
        "bridge": "",
        "width": "3",
        "access": "private",
        "junction": "",
        "parking_lot": "P3",
        "carleton_parking": true
      },
      "geometry": {
        "type": "LineString",
        "coordinates": [
          [
            -75.6919309,
            45.3846527
          ],
          [
            -75.6919695,
            45.384718
          ]
        ]
      }
    },
    {
      "type": "Feature",
      "properties": {
        "u": 9900300053,
        "v": 9900300054,
        "key": 0,
        "osmid": "carleton_parking_p4_osm_753597150_0",
        "highway": "service",
        "lanes": "1",
        "maxspeed": "15",
        "name": "P4 parking aisle",
        "oneway": false,
        "reversed": "False",
        "length": 29.26649127333776,
        "ref": "",
        "tunnel": "",
        "bridge": "",
        "width": "3",
        "access": "private",
        "junction": "",
        "parking_lot": "P4",
        "carleton_parking": true
      },
      "geometry": {
        "type": "LineString",
        "coordinates": [
          [
            -75.6952788,
            45.3855932
          ],
          [
            -75.6956145,
            45.3855346
          ]
        ]
      }
    },
    {
      "type": "Feature",
      "properties": {
        "u": 9900300054,
        "v": 9900300053,
        "key": 0,
        "osmid": "carleton_parking_p4_osm_753597150_0",
        "highway": "service",
        "lanes": "1",
        "maxspeed": "15",
        "name": "P4 parking aisle",
        "oneway": false,
        "reversed": "True",
        "length": 29.26649127333776,
        "ref": "",
        "tunnel": "",
        "bridge": "",
        "width": "3",
        "access": "private",
        "junction": "",
        "parking_lot": "P4",
        "carleton_parking": true
      },
      "geometry": {
        "type": "LineString",
        "coordinates": [
          [
            -75.6956145,
            45.3855346
          ],
          [
            -75.6952788,
            45.3855932
          ]
        ]
      }
    },
    {
      "type": "Feature",
      "properties": {
        "u": 9900300054,
        "v": 9900300055,
        "key": 0,
        "osmid": "carleton_parking_p4_osm_753597150_1",
        "highway": "service",
        "lanes": "1",
        "maxspeed": "15",
        "name": "P4 parking aisle",
        "oneway": false,
        "reversed": "False",
        "length": 23.17645610693417,
        "ref": "",
        "tunnel": "",
        "bridge": "",
        "width": "3",
        "access": "private",
        "junction": "",
        "parking_lot": "P4",
        "carleton_parking": true
      },
      "geometry": {
        "type": "LineString",
        "coordinates": [
          [
            -75.6956145,
            45.3855346
          ],
          [
            -75.6955957,
            45.3853263
          ]
        ]
      }
    },
    {
      "type": "Feature",
      "properties": {
        "u": 9900300055,
        "v": 9900300054,
        "key": 0,
        "osmid": "carleton_parking_p4_osm_753597150_1",
        "highway": "service",
        "lanes": "1",
        "maxspeed": "15",
        "name": "P4 parking aisle",
        "oneway": false,
        "reversed": "True",
        "length": 23.17645610693417,
        "ref": "",
        "tunnel": "",
        "bridge": "",
        "width": "3",
        "access": "private",
        "junction": "",
        "parking_lot": "P4",
        "carleton_parking": true
      },
      "geometry": {
        "type": "LineString",
        "coordinates": [
          [
            -75.6955957,
            45.3853263
          ],
          [
            -75.6956145,
            45.3855346
          ]
        ]
      }
    },
    {
      "type": "Feature",
      "properties": {
        "u": 9900300055,
        "v": 9900300056,
        "key": 0,
        "osmid": "carleton_parking_p4_osm_753597150_2",
        "highway": "service",
        "lanes": "1",
        "maxspeed": "15",
        "name": "P4 parking aisle",
        "oneway": false,
        "reversed": "False",
        "length": 14.175143746070011,
        "ref": "",
        "tunnel": "",
        "bridge": "",
        "width": "3",
        "access": "private",
        "junction": "",
        "parking_lot": "P4",
        "carleton_parking": true
      },
      "geometry": {
        "type": "LineString",
        "coordinates": [
          [
            -75.6955957,
            45.3853263
          ],
          [
            -75.6955842,
            45.3851989
          ]
        ]
      }
    },
    {
      "type": "Feature",
      "properties": {
        "u": 9900300056,
        "v": 9900300055,
        "key": 0,
        "osmid": "carleton_parking_p4_osm_753597150_2",
        "highway": "service",
        "lanes": "1",
        "maxspeed": "15",
        "name": "P4 parking aisle",
        "oneway": false,
        "reversed": "True",
        "length": 14.175143746070011,
        "ref": "",
        "tunnel": "",
        "bridge": "",
        "width": "3",
        "access": "private",
        "junction": "",
        "parking_lot": "P4",
        "carleton_parking": true
      },
      "geometry": {
        "type": "LineString",
        "coordinates": [
          [
            -75.6955842,
            45.3851989
          ],
          [
            -75.6955957,
            45.3853263
          ]
        ]
      }
    },
    {
      "type": "Feature",
      "properties": {
        "u": 9900300056,
        "v": 9900300057,
        "key": 0,
        "osmid": "carleton_parking_p4_osm_753597150_3",
        "highway": "service",
        "lanes": "1",
        "maxspeed": "15",
        "name": "P4 parking aisle",
        "oneway": false,
        "reversed": "False",
        "length": 7.522002539511478,
        "ref": "",
        "tunnel": "",
        "bridge": "",
        "width": "3",
        "access": "private",
        "junction": "",
        "parking_lot": "P4",
        "carleton_parking": true
      },
      "geometry": {
        "type": "LineString",
        "coordinates": [
          [
            -75.6955842,
            45.3851989
          ],
          [
            -75.695502,
            45.3851738
          ]
        ]
      }
    },
    {
      "type": "Feature",
      "properties": {
        "u": 9900300057,
        "v": 9900300056,
        "key": 0,
        "osmid": "carleton_parking_p4_osm_753597150_3",
        "highway": "service",
        "lanes": "1",
        "maxspeed": "15",
        "name": "P4 parking aisle",
        "oneway": false,
        "reversed": "True",
        "length": 7.522002539511478,
        "ref": "",
        "tunnel": "",
        "bridge": "",
        "width": "3",
        "access": "private",
        "junction": "",
        "parking_lot": "P4",
        "carleton_parking": true
      },
      "geometry": {
        "type": "LineString",
        "coordinates": [
          [
            -75.695502,
            45.3851738
          ],
          [
            -75.6955842,
            45.3851989
          ]
        ]
      }
    },
    {
      "type": "Feature",
      "properties": {
        "u": 9900300057,
        "v": 9900300058,
        "key": 0,
        "osmid": "carleton_parking_p4_osm_753597150_4",
        "highway": "service",
        "lanes": "1",
        "maxspeed": "15",
        "name": "P4 parking aisle",
        "oneway": false,
        "reversed": "False",
        "length": 36.74429072234991,
        "ref": "",
        "tunnel": "",
        "bridge": "",
        "width": "3",
        "access": "private",
        "junction": "",
        "parking_lot": "P4",
        "carleton_parking": true
      },
      "geometry": {
        "type": "LineString",
        "coordinates": [
          [
            -75.695502,
            45.3851738
          ],
          [
            -75.6950759,
            45.3852296
          ]
        ]
      }
    },
    {
      "type": "Feature",
      "properties": {
        "u": 9900300058,
        "v": 9900300057,
        "key": 0,
        "osmid": "carleton_parking_p4_osm_753597150_4",
        "highway": "service",
        "lanes": "1",
        "maxspeed": "15",
        "name": "P4 parking aisle",
        "oneway": false,
        "reversed": "True",
        "length": 36.74429072234991,
        "ref": "",
        "tunnel": "",
        "bridge": "",
        "width": "3",
        "access": "private",
        "junction": "",
        "parking_lot": "P4",
        "carleton_parking": true
      },
      "geometry": {
        "type": "LineString",
        "coordinates": [
          [
            -75.6950759,
            45.3852296
          ],
          [
            -75.695502,
            45.3851738
          ]
        ]
      }
    },
    {
      "type": "Feature",
      "properties": {
        "u": 9900300058,
        "v": 9900300059,
        "key": 0,
        "osmid": "carleton_parking_p4_osm_753597150_5",
        "highway": "service",
        "lanes": "1",
        "maxspeed": "15",
        "name": "P4 parking aisle",
        "oneway": false,
        "reversed": "False",
        "length": 19.035885113674006,
        "ref": "",
        "tunnel": "",
        "bridge": "",
        "width": "3",
        "access": "private",
        "junction": "",
        "parking_lot": "P4",
        "carleton_parking": true
      },
      "geometry": {
        "type": "LineString",
        "coordinates": [
          [
            -75.6950759,
            45.3852296
          ],
          [
            -75.6951639,
            45.3853873
          ]
        ]
      }
    },
    {
      "type": "Feature",
      "properties": {
        "u": 9900300059,
        "v": 9900300058,
        "key": 0,
        "osmid": "carleton_parking_p4_osm_753597150_5",
        "highway": "service",
        "lanes": "1",
        "maxspeed": "15",
        "name": "P4 parking aisle",
        "oneway": false,
        "reversed": "True",
        "length": 19.035885113674006,
        "ref": "",
        "tunnel": "",
        "bridge": "",
        "width": "3",
        "access": "private",
        "junction": "",
        "parking_lot": "P4",
        "carleton_parking": true
      },
      "geometry": {
        "type": "LineString",
        "coordinates": [
          [
            -75.6951639,
            45.3853873
          ],
          [
            -75.6950759,
            45.3852296
          ]
        ]
      }
    },
    {
      "type": "Feature",
      "properties": {
        "u": 9900300059,
        "v": 9900300060,
        "key": 0,
        "osmid": "carleton_parking_p4_osm_753597150_6",
        "highway": "service",
        "lanes": "1",
        "maxspeed": "15",
        "name": "P4 parking aisle",
        "oneway": false,
        "reversed": "False",
        "length": 20.65414410409527,
        "ref": "",
        "tunnel": "",
        "bridge": "",
        "width": "3",
        "access": "private",
        "junction": "",
        "parking_lot": "P4",
        "carleton_parking": true
      },
      "geometry": {
        "type": "LineString",
        "coordinates": [
          [
            -75.6951639,
            45.3853873
          ],
          [
            -75.6952594,
            45.3855584
          ]
        ]
      }
    },
    {
      "type": "Feature",
      "properties": {
        "u": 9900300060,
        "v": 9900300059,
        "key": 0,
        "osmid": "carleton_parking_p4_osm_753597150_6",
        "highway": "service",
        "lanes": "1",
        "maxspeed": "15",
        "name": "P4 parking aisle",
        "oneway": false,
        "reversed": "True",
        "length": 20.65414410409527,
        "ref": "",
        "tunnel": "",
        "bridge": "",
        "width": "3",
        "access": "private",
        "junction": "",
        "parking_lot": "P4",
        "carleton_parking": true
      },
      "geometry": {
        "type": "LineString",
        "coordinates": [
          [
            -75.6952594,
            45.3855584
          ],
          [
            -75.6951639,
            45.3853873
          ]
        ]
      }
    },
    {
      "type": "Feature",
      "properties": {
        "u": 9900300060,
        "v": 9900300053,
        "key": 0,
        "osmid": "carleton_parking_p4_osm_753597150_7",
        "highway": "service",
        "lanes": "1",
        "maxspeed": "15",
        "name": "P4 parking aisle",
        "oneway": false,
        "reversed": "False",
        "length": 4.200050576033985,
        "ref": "",
        "tunnel": "",
        "bridge": "",
        "width": "3",
        "access": "private",
        "junction": "",
        "parking_lot": "P4",
        "carleton_parking": true
      },
      "geometry": {
        "type": "LineString",
        "coordinates": [
          [
            -75.6952594,
            45.3855584
          ],
          [
            -75.6952788,
            45.3855932
          ]
        ]
      }
    },
    {
      "type": "Feature",
      "properties": {
        "u": 9900300053,
        "v": 9900300060,
        "key": 0,
        "osmid": "carleton_parking_p4_osm_753597150_7",
        "highway": "service",
        "lanes": "1",
        "maxspeed": "15",
        "name": "P4 parking aisle",
        "oneway": false,
        "reversed": "True",
        "length": 4.200050576033985,
        "ref": "",
        "tunnel": "",
        "bridge": "",
        "width": "3",
        "access": "private",
        "junction": "",
        "parking_lot": "P4",
        "carleton_parking": true
      },
      "geometry": {
        "type": "LineString",
        "coordinates": [
          [
            -75.6952788,
            45.3855932
          ],
          [
            -75.6952594,
            45.3855584
          ]
        ]
      }
    },
    {
      "type": "Feature",
      "properties": {
        "u": 9900300055,
        "v": 9900300059,
        "key": 0,
        "osmid": "carleton_parking_p4_osm_1220370821_0",
        "highway": "service",
        "lanes": "1",
        "maxspeed": "15",
        "name": "P4 parking aisle",
        "oneway": false,
        "reversed": "False",
        "length": 37.32233446611157,
        "ref": "",
        "tunnel": "",
        "bridge": "",
        "width": "3",
        "access": "private",
        "junction": "",
        "parking_lot": "P4",
        "carleton_parking": true
      },
      "geometry": {
        "type": "LineString",
        "coordinates": [
          [
            -75.6955957,
            45.3853263
          ],
          [
            -75.6951639,
            45.3853873
          ]
        ]
      }
    },
    {
      "type": "Feature",
      "properties": {
        "u": 9900300059,
        "v": 9900300055,
        "key": 0,
        "osmid": "carleton_parking_p4_osm_1220370821_0",
        "highway": "service",
        "lanes": "1",
        "maxspeed": "15",
        "name": "P4 parking aisle",
        "oneway": false,
        "reversed": "True",
        "length": 37.32233446611157,
        "ref": "",
        "tunnel": "",
        "bridge": "",
        "width": "3",
        "access": "private",
        "junction": "",
        "parking_lot": "P4",
        "carleton_parking": true
      },
      "geometry": {
        "type": "LineString",
        "coordinates": [
          [
            -75.6951639,
            45.3853873
          ],
          [
            -75.6955957,
            45.3853263
          ]
        ]
      }
    },
    {
      "type": "Feature",
      "properties": {
        "u": 9900300053,
        "v": 9900300061,
        "key": 0,
        "osmid": "carleton_parking_p4_egress_a",
        "highway": "service",
        "lanes": "1",
        "maxspeed": "10",
        "name": "P4 lot egress (narrow)",
        "oneway": false,
        "reversed": "False",
        "length": 14.20945226544681,
        "ref": "",
        "tunnel": "",
        "bridge": "",
        "width": "3",
        "access": "private",
        "junction": "",
        "parking_lot": "P4",
        "carleton_parking": true
      },
      "geometry": {
        "type": "LineString",
        "coordinates": [
          [
            -75.6952788,
            45.3855932
          ],
          [
            -75.69512897182095,
            45.38564997694643
          ]
        ]
      }
    },
    {
      "type": "Feature",
      "properties": {
        "u": 9900300061,
        "v": 9900300053,
        "key": 0,
        "osmid": "carleton_parking_p4_egress_a",
        "highway": "service",
        "lanes": "1",
        "maxspeed": "10",
        "name": "P4 lot egress (narrow)",
        "oneway": false,
        "reversed": "True",
        "length": 14.20945226544681,
        "ref": "",
        "tunnel": "",
        "bridge": "",
        "width": "3",
        "access": "private",
        "junction": "",
        "parking_lot": "P4",
        "carleton_parking": true
      },
      "geometry": {
        "type": "LineString",
        "coordinates": [
          [
            -75.69512897182095,
            45.38564997694643
          ],
          [
            -75.6952788,
            45.3855932
          ]
        ]
      }
    },
    {
      "type": "Feature",
      "properties": {
        "u": 9900300061,
        "v": 900080100,
        "key": 0,
        "osmid": "carleton_parking_p4_egress_b",
        "highway": "service",
        "lanes": "1",
        "maxspeed": "10",
        "name": "P4 lot egress (narrow)",
        "oneway": false,
        "reversed": "False",
        "length": 6.999999999795441,
        "ref": "",
        "tunnel": "",
        "bridge": "",
        "width": "3",
        "access": "private",
        "junction": "",
        "parking_lot": "P4",
        "carleton_parking": true
      },
      "geometry": {
        "type": "LineString",
        "coordinates": [
          [
            -75.69512897182095,
            45.38564997694643
          ],
          [
            -75.6950553203229,
            45.38567819064799
          ]
        ]
      }
    },
    {
      "type": "Feature",
      "properties": {
        "u": 900080100,
        "v": 9900300061,
        "key": 0,
        "osmid": "carleton_parking_p4_egress_b",
        "highway": "service",
        "lanes": "1",
        "maxspeed": "10",
        "name": "P4 lot egress (narrow)",
        "oneway": false,
        "reversed": "True",
        "length": 6.999999999795441,
        "ref": "",
        "tunnel": "",
        "bridge": "",
        "width": "3",
        "access": "private",
        "junction": "",
        "parking_lot": "P4",
        "carleton_parking": true
      },
      "geometry": {
        "type": "LineString",
        "coordinates": [
          [
            -75.6950553203229,
            45.38567819064799
          ],
          [
            -75.69512897182095,
            45.38564997694643
          ]
        ]
      }
    },
    {
      "type": "Feature",
      "properties": {
        "u": 9900300062,
        "v": 9900300063,
        "key": 0,
        "osmid": "carleton_parking_p5_osm_550922554_0",
        "highway": "service",
        "lanes": "1",
        "maxspeed": "15",
        "name": "P5 parking aisle",
        "oneway": false,
        "reversed": "False",
        "length": 122.4005757571074,
        "ref": "",
        "tunnel": "",
        "bridge": "",
        "width": "3",
        "access": "private",
        "junction": "",
        "parking_lot": "P5",
        "carleton_parking": true
      },
      "geometry": {
        "type": "LineString",
        "coordinates": [
          [
            -75.6922141,
            45.3869371
          ],
          [
            -75.69298,
            45.3878709
          ]
        ]
      }
    },
    {
      "type": "Feature",
      "properties": {
        "u": 9900300063,
        "v": 9900300062,
        "key": 0,
        "osmid": "carleton_parking_p5_osm_550922554_0",
        "highway": "service",
        "lanes": "1",
        "maxspeed": "15",
        "name": "P5 parking aisle",
        "oneway": false,
        "reversed": "True",
        "length": 122.4005757571074,
        "ref": "",
        "tunnel": "",
        "bridge": "",
        "width": "3",
        "access": "private",
        "junction": "",
        "parking_lot": "P5",
        "carleton_parking": true
      },
      "geometry": {
        "type": "LineString",
        "coordinates": [
          [
            -75.69298,
            45.3878709
          ],
          [
            -75.6922141,
            45.3869371
          ]
        ]
      }
    },
    {
      "type": "Feature",
      "properties": {
        "u": 9900300064,
        "v": 9900300065,
        "key": 0,
        "osmid": "carleton_parking_p5_osm_550922556_0",
        "highway": "service",
        "lanes": "1",
        "maxspeed": "15",
        "name": "P5 parking aisle",
        "oneway": false,
        "reversed": "False",
        "length": 122.81406363077356,
        "ref": "",
        "tunnel": "",
        "bridge": "",
        "width": "3",
        "access": "private",
        "junction": "",
        "parking_lot": "P5",
        "carleton_parking": true
      },
      "geometry": {
        "type": "LineString",
        "coordinates": [
          [
            -75.6931727,
            45.3877951
          ],
          [
            -75.6924129,
            45.386854
          ]
        ]
      }
    },
    {
      "type": "Feature",
      "properties": {
        "u": 9900300065,
        "v": 9900300064,
        "key": 0,
        "osmid": "carleton_parking_p5_osm_550922556_0",
        "highway": "service",
        "lanes": "1",
        "maxspeed": "15",
        "name": "P5 parking aisle",
        "oneway": false,
        "reversed": "True",
        "length": 122.81406363077356,
        "ref": "",
        "tunnel": "",
        "bridge": "",
        "width": "3",
        "access": "private",
        "junction": "",
        "parking_lot": "P5",
        "carleton_parking": true
      },
      "geometry": {
        "type": "LineString",
        "coordinates": [
          [
            -75.6924129,
            45.386854
          ],
          [
            -75.6931727,
            45.3877951
          ]
        ]
      }
    },
    {
      "type": "Feature",
      "properties": {
        "u": 9900300066,
        "v": 9900300065,
        "key": 0,
        "osmid": "carleton_parking_p5_osm_550922557_0",
        "highway": "service",
        "lanes": "1",
        "maxspeed": "15",
        "name": "P5 parking aisle",
        "oneway": false,
        "reversed": "False",
        "length": 16.813107089176878,
        "ref": "",
        "tunnel": "",
        "bridge": "",
        "width": "3",
        "access": "private",
        "junction": "",
        "parking_lot": "P5",
        "carleton_parking": true
      },
      "geometry": {
        "type": "LineString",
        "coordinates": [
          [
            -75.6925865,
            45.3867814
          ],
          [
            -75.6924129,
            45.386854
          ]
        ]
      }
    },
    {
      "type": "Feature",
      "properties": {
        "u": 9900300065,
        "v": 9900300066,
        "key": 0,
        "osmid": "carleton_parking_p5_osm_550922557_0",
        "highway": "service",
        "lanes": "1",
        "maxspeed": "15",
        "name": "P5 parking aisle",
        "oneway": false,
        "reversed": "True",
        "length": 16.813107089176878,
        "ref": "",
        "tunnel": "",
        "bridge": "",
        "width": "3",
        "access": "private",
        "junction": "",
        "parking_lot": "P5",
        "carleton_parking": true
      },
      "geometry": {
        "type": "LineString",
        "coordinates": [
          [
            -75.6924129,
            45.386854
          ],
          [
            -75.6925865,
            45.3867814
          ]
        ]
      }
    },
    {
      "type": "Feature",
      "properties": {
        "u": 9900300065,
        "v": 9900300062,
        "key": 0,
        "osmid": "carleton_parking_p5_osm_550922557_1",
        "highway": "service",
        "lanes": "1",
        "maxspeed": "15",
        "name": "P5 parking aisle",
        "oneway": false,
        "reversed": "False",
        "length": 19.251660312399533,
        "ref": "",
        "tunnel": "",
        "bridge": "",
        "width": "3",
        "access": "private",
        "junction": "",
        "parking_lot": "P5",
        "carleton_parking": true
      },
      "geometry": {
        "type": "LineString",
        "coordinates": [
          [
            -75.6924129,
            45.386854
          ],
          [
            -75.6922141,
            45.3869371
          ]
        ]
      }
    },
    {
      "type": "Feature",
      "properties": {
        "u": 9900300062,
        "v": 9900300065,
        "key": 0,
        "osmid": "carleton_parking_p5_osm_550922557_1",
        "highway": "service",
        "lanes": "1",
        "maxspeed": "15",
        "name": "P5 parking aisle",
        "oneway": false,
        "reversed": "True",
        "length": 19.251660312399533,
        "ref": "",
        "tunnel": "",
        "bridge": "",
        "width": "3",
        "access": "private",
        "junction": "",
        "parking_lot": "P5",
        "carleton_parking": true
      },
      "geometry": {
        "type": "LineString",
        "coordinates": [
          [
            -75.6922141,
            45.3869371
          ],
          [
            -75.6924129,
            45.386854
          ]
        ]
      }
    },
    {
      "type": "Feature",
      "properties": {
        "u": 9900300062,
        "v": 9900300067,
        "key": 0,
        "osmid": "carleton_parking_p5_osm_550922557_2",
        "highway": "service",
        "lanes": "1",
        "maxspeed": "15",
        "name": "P5 parking aisle",
        "oneway": false,
        "reversed": "False",
        "length": 17.994563042562337,
        "ref": "",
        "tunnel": "",
        "bridge": "",
        "width": "3",
        "access": "private",
        "junction": "",
        "parking_lot": "P5",
        "carleton_parking": true
      },
      "geometry": {
        "type": "LineString",
        "coordinates": [
          [
            -75.6922141,
            45.3869371
          ],
          [
            -75.6920283,
            45.3870148
          ]
        ]
      }
    },
    {
      "type": "Feature",
      "properties": {
        "u": 9900300067,
        "v": 9900300062,
        "key": 0,
        "osmid": "carleton_parking_p5_osm_550922557_2",
        "highway": "service",
        "lanes": "1",
        "maxspeed": "15",
        "name": "P5 parking aisle",
        "oneway": false,
        "reversed": "True",
        "length": 17.994563042562337,
        "ref": "",
        "tunnel": "",
        "bridge": "",
        "width": "3",
        "access": "private",
        "junction": "",
        "parking_lot": "P5",
        "carleton_parking": true
      },
      "geometry": {
        "type": "LineString",
        "coordinates": [
          [
            -75.6920283,
            45.3870148
          ],
          [
            -75.6922141,
            45.3869371
          ]
        ]
      }
    },
    {
      "type": "Feature",
      "properties": {
        "u": 9900300067,
        "v": 9900300068,
        "key": 0,
        "osmid": "carleton_parking_p5_osm_550922557_3",
        "highway": "service",
        "lanes": "1",
        "maxspeed": "15",
        "name": "P5 parking aisle",
        "oneway": false,
        "reversed": "False",
        "length": 121.97605484903784,
        "ref": "",
        "tunnel": "",
        "bridge": "",
        "width": "3",
        "access": "private",
        "junction": "",
        "parking_lot": "P5",
        "carleton_parking": true
      },
      "geometry": {
        "type": "LineString",
        "coordinates": [
          [
            -75.6920283,
            45.3870148
          ],
          [
            -75.6927954,
            45.3879435
          ]
        ]
      }
    },
    {
      "type": "Feature",
      "properties": {
        "u": 9900300068,
        "v": 9900300067,
        "key": 0,
        "osmid": "carleton_parking_p5_osm_550922557_3",
        "highway": "service",
        "lanes": "1",
        "maxspeed": "15",
        "name": "P5 parking aisle",
        "oneway": false,
        "reversed": "True",
        "length": 121.97605484903784,
        "ref": "",
        "tunnel": "",
        "bridge": "",
        "width": "3",
        "access": "private",
        "junction": "",
        "parking_lot": "P5",
        "carleton_parking": true
      },
      "geometry": {
        "type": "LineString",
        "coordinates": [
          [
            -75.6927954,
            45.3879435
          ],
          [
            -75.6920283,
            45.3870148
          ]
        ]
      }
    },
    {
      "type": "Feature",
      "properties": {
        "u": 9900300068,
        "v": 9900300063,
        "key": 0,
        "osmid": "carleton_parking_p5_osm_550922557_4",
        "highway": "service",
        "lanes": "1",
        "maxspeed": "15",
        "name": "P5 parking aisle",
        "oneway": false,
        "reversed": "False",
        "length": 17.639402341997343,
        "ref": "",
        "tunnel": "",
        "bridge": "",
        "width": "3",
        "access": "private",
        "junction": "",
        "parking_lot": "P5",
        "carleton_parking": true
      },
      "geometry": {
        "type": "LineString",
        "coordinates": [
          [
            -75.6927954,
            45.3879435
          ],
          [
            -75.69298,
            45.3878709
          ]
        ]
      }
    },
    {
      "type": "Feature",
      "properties": {
        "u": 9900300063,
        "v": 9900300068,
        "key": 0,
        "osmid": "carleton_parking_p5_osm_550922557_4",
        "highway": "service",
        "lanes": "1",
        "maxspeed": "15",
        "name": "P5 parking aisle",
        "oneway": false,
        "reversed": "True",
        "length": 17.639402341997343,
        "ref": "",
        "tunnel": "",
        "bridge": "",
        "width": "3",
        "access": "private",
        "junction": "",
        "parking_lot": "P5",
        "carleton_parking": true
      },
      "geometry": {
        "type": "LineString",
        "coordinates": [
          [
            -75.69298,
            45.3878709
          ],
          [
            -75.6927954,
            45.3879435
          ]
        ]
      }
    },
    {
      "type": "Feature",
      "properties": {
        "u": 9900300063,
        "v": 9900300064,
        "key": 0,
        "osmid": "carleton_parking_p5_osm_550922557_5",
        "highway": "service",
        "lanes": "1",
        "maxspeed": "15",
        "name": "P5 parking aisle",
        "oneway": false,
        "reversed": "False",
        "length": 18.4141263897428,
        "ref": "",
        "tunnel": "",
        "bridge": "",
        "width": "3",
        "access": "private",
        "junction": "",
        "parking_lot": "P5",
        "carleton_parking": true
      },
      "geometry": {
        "type": "LineString",
        "coordinates": [
          [
            -75.69298,
            45.3878709
          ],
          [
            -75.6931727,
            45.3877951
          ]
        ]
      }
    },
    {
      "type": "Feature",
      "properties": {
        "u": 9900300064,
        "v": 9900300063,
        "key": 0,
        "osmid": "carleton_parking_p5_osm_550922557_5",
        "highway": "service",
        "lanes": "1",
        "maxspeed": "15",
        "name": "P5 parking aisle",
        "oneway": false,
        "reversed": "True",
        "length": 18.4141263897428,
        "ref": "",
        "tunnel": "",
        "bridge": "",
        "width": "3",
        "access": "private",
        "junction": "",
        "parking_lot": "P5",
        "carleton_parking": true
      },
      "geometry": {
        "type": "LineString",
        "coordinates": [
          [
            -75.6931727,
            45.3877951
          ],
          [
            -75.69298,
            45.3878709
          ]
        ]
      }
    },
    {
      "type": "Feature",
      "properties": {
        "u": 9900300064,
        "v": 9900300069,
        "key": 0,
        "osmid": "carleton_parking_p5_osm_550922557_6",
        "highway": "service",
        "lanes": "1",
        "maxspeed": "15",
        "name": "P5 parking aisle",
        "oneway": false,
        "reversed": "False",
        "length": 18.21491243106145,
        "ref": "",
        "tunnel": "",
        "bridge": "",
        "width": "3",
        "access": "private",
        "junction": "",
        "parking_lot": "P5",
        "carleton_parking": true
      },
      "geometry": {
        "type": "LineString",
        "coordinates": [
          [
            -75.6931727,
            45.3877951
          ],
          [
            -75.6933631,
            45.3877198
          ]
        ]
      }
    },
    {
      "type": "Feature",
      "properties": {
        "u": 9900300069,
        "v": 9900300064,
        "key": 0,
        "osmid": "carleton_parking_p5_osm_550922557_6",
        "highway": "service",
        "lanes": "1",
        "maxspeed": "15",
        "name": "P5 parking aisle",
        "oneway": false,
        "reversed": "True",
        "length": 18.21491243106145,
        "ref": "",
        "tunnel": "",
        "bridge": "",
        "width": "3",
        "access": "private",
        "junction": "",
        "parking_lot": "P5",
        "carleton_parking": true
      },
      "geometry": {
        "type": "LineString",
        "coordinates": [
          [
            -75.6933631,
            45.3877198
          ],
          [
            -75.6931727,
            45.3877951
          ]
        ]
      }
    },
    {
      "type": "Feature",
      "properties": {
        "u": 9900300070,
        "v": 9900300071,
        "key": 0,
        "osmid": "carleton_parking_p5_osm_550922560_0",
        "highway": "service",
        "lanes": "1",
        "maxspeed": "15",
        "name": "P5 parking aisle",
        "oneway": false,
        "reversed": "False",
        "length": 61.597536065319126,
        "ref": "",
        "tunnel": "",
        "bridge": "",
        "width": "3",
        "access": "private",
        "junction": "",
        "parking_lot": "P5",
        "carleton_parking": true
      },
      "geometry": {
        "type": "LineString",
        "coordinates": [
          [
            -75.693222,
            45.3872786
          ],
          [
            -75.693901,
            45.3870847
          ]
        ]
      }
    },
    {
      "type": "Feature",
      "properties": {
        "u": 9900300071,
        "v": 9900300070,
        "key": 0,
        "osmid": "carleton_parking_p5_osm_550922560_0",
        "highway": "service",
        "lanes": "1",
        "maxspeed": "15",
        "name": "P5 parking aisle",
        "oneway": false,
        "reversed": "True",
        "length": 61.597536065319126,
        "ref": "",
        "tunnel": "",
        "bridge": "",
        "width": "3",
        "access": "private",
        "junction": "",
        "parking_lot": "P5",
        "carleton_parking": true
      },
      "geometry": {
        "type": "LineString",
        "coordinates": [
          [
            -75.693901,
            45.3870847
          ],
          [
            -75.693222,
            45.3872786
          ]
        ]
      }
    },
    {
      "type": "Feature",
      "properties": {
        "u": 9900300072,
        "v": 9900300073,
        "key": 0,
        "osmid": "carleton_parking_p5_osm_550922562_0",
        "highway": "service",
        "lanes": "1",
        "maxspeed": "15",
        "name": "P5 parking aisle",
        "oneway": false,
        "reversed": "False",
        "length": 13.600214154522257,
        "ref": "",
        "tunnel": "",
        "bridge": "",
        "width": "3",
        "access": "private",
        "junction": "",
        "parking_lot": "P5",
        "carleton_parking": true
      },
      "geometry": {
        "type": "LineString",
        "coordinates": [
          [
            -75.6931654,
            45.3874707
          ],
          [
            -75.6933104,
            45.3874189
          ]
        ]
      }
    },
    {
      "type": "Feature",
      "properties": {
        "u": 9900300073,
        "v": 9900300072,
        "key": 0,
        "osmid": "carleton_parking_p5_osm_550922562_0",
        "highway": "service",
        "lanes": "1",
        "maxspeed": "15",
        "name": "P5 parking aisle",
        "oneway": false,
        "reversed": "True",
        "length": 13.600214154522257,
        "ref": "",
        "tunnel": "",
        "bridge": "",
        "width": "3",
        "access": "private",
        "junction": "",
        "parking_lot": "P5",
        "carleton_parking": true
      },
      "geometry": {
        "type": "LineString",
        "coordinates": [
          [
            -75.6933104,
            45.3874189
          ],
          [
            -75.6931654,
            45.3874707
          ]
        ]
      }
    },
    {
      "type": "Feature",
      "properties": {
        "u": 9900300073,
        "v": 9900300074,
        "key": 0,
        "osmid": "carleton_parking_p5_osm_550922562_1",
        "highway": "service",
        "lanes": "1",
        "maxspeed": "15",
        "name": "P5 parking aisle",
        "oneway": false,
        "reversed": "False",
        "length": 61.079969271889894,
        "ref": "",
        "tunnel": "",
        "bridge": "",
        "width": "3",
        "access": "private",
        "junction": "",
        "parking_lot": "P5",
        "carleton_parking": true
      },
      "geometry": {
        "type": "LineString",
        "coordinates": [
          [
            -75.6933104,
            45.3874189
          ],
          [
            -75.6939802,
            45.3872196
          ]
        ]
      }
    },
    {
      "type": "Feature",
      "properties": {
        "u": 9900300074,
        "v": 9900300073,
        "key": 0,
        "osmid": "carleton_parking_p5_osm_550922562_1",
        "highway": "service",
        "lanes": "1",
        "maxspeed": "15",
        "name": "P5 parking aisle",
        "oneway": false,
        "reversed": "True",
        "length": 61.079969271889894,
        "ref": "",
        "tunnel": "",
        "bridge": "",
        "width": "3",
        "access": "private",
        "junction": "",
        "parking_lot": "P5",
        "carleton_parking": true
      },
      "geometry": {
        "type": "LineString",
        "coordinates": [
          [
            -75.6939802,
            45.3872196
          ],
          [
            -75.6933104,
            45.3874189
          ]
        ]
      }
    },
    {
      "type": "Feature",
      "properties": {
        "u": 9900300075,
        "v": 9900300076,
        "key": 0,
        "osmid": "carleton_parking_p5_osm_550922565_0",
        "highway": "service",
        "lanes": "1",
        "maxspeed": "15",
        "name": "P5 parking aisle",
        "oneway": false,
        "reversed": "False",
        "length": 12.96320014324447,
        "ref": "",
        "tunnel": "",
        "bridge": "",
        "width": "3",
        "access": "private",
        "junction": "",
        "parking_lot": "P5",
        "carleton_parking": true
      },
      "geometry": {
        "type": "LineString",
        "coordinates": [
          [
            -75.6933997,
            45.3875722
          ],
          [
            -75.6935417,
            45.3875296
          ]
        ]
      }
    },
    {
      "type": "Feature",
      "properties": {
        "u": 9900300076,
        "v": 9900300075,
        "key": 0,
        "osmid": "carleton_parking_p5_osm_550922565_0",
        "highway": "service",
        "lanes": "1",
        "maxspeed": "15",
        "name": "P5 parking aisle",
        "oneway": false,
        "reversed": "True",
        "length": 12.96320014324447,
        "ref": "",
        "tunnel": "",
        "bridge": "",
        "width": "3",
        "access": "private",
        "junction": "",
        "parking_lot": "P5",
        "carleton_parking": true
      },
      "geometry": {
        "type": "LineString",
        "coordinates": [
          [
            -75.6935417,
            45.3875296
          ],
          [
            -75.6933997,
            45.3875722
          ]
        ]
      }
    },
    {
      "type": "Feature",
      "properties": {
        "u": 9900300076,
        "v": 9900300077,
        "key": 0,
        "osmid": "carleton_parking_p5_osm_550922565_1",
        "highway": "service",
        "lanes": "1",
        "maxspeed": "15",
        "name": "P5 parking aisle",
        "oneway": false,
        "reversed": "False",
        "length": 48.14966069109164,
        "ref": "",
        "tunnel": "",
        "bridge": "",
        "width": "3",
        "access": "private",
        "junction": "",
        "parking_lot": "P5",
        "carleton_parking": true
      },
      "geometry": {
        "type": "LineString",
        "coordinates": [
          [
            -75.6935417,
            45.3875296
          ],
          [
            -75.6940691,
            45.3873713
          ]
        ]
      }
    },
    {
      "type": "Feature",
      "properties": {
        "u": 9900300077,
        "v": 9900300076,
        "key": 0,
        "osmid": "carleton_parking_p5_osm_550922565_1",
        "highway": "service",
        "lanes": "1",
        "maxspeed": "15",
        "name": "P5 parking aisle",
        "oneway": false,
        "reversed": "True",
        "length": 48.14966069109164,
        "ref": "",
        "tunnel": "",
        "bridge": "",
        "width": "3",
        "access": "private",
        "junction": "",
        "parking_lot": "P5",
        "carleton_parking": true
      },
      "geometry": {
        "type": "LineString",
        "coordinates": [
          [
            -75.6940691,
            45.3873713
          ],
          [
            -75.6935417,
            45.3875296
          ]
        ]
      }
    },
    {
      "type": "Feature",
      "properties": {
        "u": 9900300078,
        "v": 9900300079,
        "key": 0,
        "osmid": "carleton_parking_p5_osm_550922567_0",
        "highway": "service",
        "lanes": "1",
        "maxspeed": "15",
        "name": "P5 parking aisle",
        "oneway": false,
        "reversed": "False",
        "length": 58.689109346561814,
        "ref": "",
        "tunnel": "",
        "bridge": "",
        "width": "3",
        "access": "private",
        "junction": "",
        "parking_lot": "P5",
        "carleton_parking": true
      },
      "geometry": {
        "type": "LineString",
        "coordinates": [
          [
            -75.6931343,
            45.3871396
          ],
          [
            -75.6937838,
            45.3869602
          ]
        ]
      }
    },
    {
      "type": "Feature",
      "properties": {
        "u": 9900300079,
        "v": 9900300078,
        "key": 0,
        "osmid": "carleton_parking_p5_osm_550922567_0",
        "highway": "service",
        "lanes": "1",
        "maxspeed": "15",
        "name": "P5 parking aisle",
        "oneway": false,
        "reversed": "True",
        "length": 58.689109346561814,
        "ref": "",
        "tunnel": "",
        "bridge": "",
        "width": "3",
        "access": "private",
        "junction": "",
        "parking_lot": "P5",
        "carleton_parking": true
      },
      "geometry": {
        "type": "LineString",
        "coordinates": [
          [
            -75.6937838,
            45.3869602
          ],
          [
            -75.6931343,
            45.3871396
          ]
        ]
      }
    },
    {
      "type": "Feature",
      "properties": {
        "u": 9900300079,
        "v": 9900300080,
        "key": 0,
        "osmid": "carleton_parking_p5_osm_550922567_1",
        "highway": "service",
        "lanes": "1",
        "maxspeed": "15",
        "name": "P5 parking aisle",
        "oneway": false,
        "reversed": "False",
        "length": 1.4606422687101686,
        "ref": "",
        "tunnel": "",
        "bridge": "",
        "width": "3",
        "access": "private",
        "junction": "",
        "parking_lot": "P5",
        "carleton_parking": true
      },
      "geometry": {
        "type": "LineString",
        "coordinates": [
          [
            -75.6937838,
            45.3869602
          ],
          [
            -75.6937998,
            45.386965
          ]
        ]
      }
    },
    {
      "type": "Feature",
      "properties": {
        "u": 9900300080,
        "v": 9900300079,
        "key": 0,
        "osmid": "carleton_parking_p5_osm_550922567_1",
        "highway": "service",
        "lanes": "1",
        "maxspeed": "15",
        "name": "P5 parking aisle",
        "oneway": false,
        "reversed": "True",
        "length": 1.4606422687101686,
        "ref": "",
        "tunnel": "",
        "bridge": "",
        "width": "3",
        "access": "private",
        "junction": "",
        "parking_lot": "P5",
        "carleton_parking": true
      },
      "geometry": {
        "type": "LineString",
        "coordinates": [
          [
            -75.6937998,
            45.386965
          ],
          [
            -75.6937838,
            45.3869602
          ]
        ]
      }
    },
    {
      "type": "Feature",
      "properties": {
        "u": 9900300080,
        "v": 9900300081,
        "key": 0,
        "osmid": "carleton_parking_p5_osm_550922567_2",
        "highway": "service",
        "lanes": "1",
        "maxspeed": "15",
        "name": "P5 parking aisle",
        "oneway": false,
        "reversed": "False",
        "length": 3.4292801355279137,
        "ref": "",
        "tunnel": "",
        "bridge": "",
        "width": "3",
        "access": "private",
        "junction": "",
        "parking_lot": "P5",
        "carleton_parking": true
      },
      "geometry": {
        "type": "LineString",
        "coordinates": [
          [
            -75.6937998,
            45.386965
          ],
          [
            -75.6938374,
            45.3869762
          ]
        ]
      }
    },
    {
      "type": "Feature",
      "properties": {
        "u": 9900300081,
        "v": 9900300080,
        "key": 0,
        "osmid": "carleton_parking_p5_osm_550922567_2",
        "highway": "service",
        "lanes": "1",
        "maxspeed": "15",
        "name": "P5 parking aisle",
        "oneway": false,
        "reversed": "True",
        "length": 3.4292801355279137,
        "ref": "",
        "tunnel": "",
        "bridge": "",
        "width": "3",
        "access": "private",
        "junction": "",
        "parking_lot": "P5",
        "carleton_parking": true
      },
      "geometry": {
        "type": "LineString",
        "coordinates": [
          [
            -75.6938374,
            45.3869762
          ],
          [
            -75.6937998,
            45.386965
          ]
        ]
      }
    },
    {
      "type": "Feature",
      "properties": {
        "u": 9900300081,
        "v": 9900300071,
        "key": 0,
        "osmid": "carleton_parking_p5_osm_550922567_3",
        "highway": "service",
        "lanes": "1",
        "maxspeed": "15",
        "name": "P5 parking aisle",
        "oneway": false,
        "reversed": "False",
        "length": 13.201163897526445,
        "ref": "",
        "tunnel": "",
        "bridge": "",
        "width": "3",
        "access": "private",
        "junction": "",
        "parking_lot": "P5",
        "carleton_parking": true
      },
      "geometry": {
        "type": "LineString",
        "coordinates": [
          [
            -75.6938374,
            45.3869762
          ],
          [
            -75.693901,
            45.3870847
          ]
        ]
      }
    },
    {
      "type": "Feature",
      "properties": {
        "u": 9900300071,
        "v": 9900300081,
        "key": 0,
        "osmid": "carleton_parking_p5_osm_550922567_3",
        "highway": "service",
        "lanes": "1",
        "maxspeed": "15",
        "name": "P5 parking aisle",
        "oneway": false,
        "reversed": "True",
        "length": 13.201163897526445,
        "ref": "",
        "tunnel": "",
        "bridge": "",
        "width": "3",
        "access": "private",
        "junction": "",
        "parking_lot": "P5",
        "carleton_parking": true
      },
      "geometry": {
        "type": "LineString",
        "coordinates": [
          [
            -75.693901,
            45.3870847
          ],
          [
            -75.6938374,
            45.3869762
          ]
        ]
      }
    },
    {
      "type": "Feature",
      "properties": {
        "u": 9900300071,
        "v": 9900300074,
        "key": 0,
        "osmid": "carleton_parking_p5_osm_550922567_4",
        "highway": "service",
        "lanes": "1",
        "maxspeed": "15",
        "name": "P5 parking aisle",
        "oneway": false,
        "reversed": "False",
        "length": 16.41759742498698,
        "ref": "",
        "tunnel": "",
        "bridge": "",
        "width": "3",
        "access": "private",
        "junction": "",
        "parking_lot": "P5",
        "carleton_parking": true
      },
      "geometry": {
        "type": "LineString",
        "coordinates": [
          [
            -75.693901,
            45.3870847
          ],
          [
            -75.6939802,
            45.3872196
          ]
        ]
      }
    },
    {
      "type": "Feature",
      "properties": {
        "u": 9900300074,
        "v": 9900300071,
        "key": 0,
        "osmid": "carleton_parking_p5_osm_550922567_4",
        "highway": "service",
        "lanes": "1",
        "maxspeed": "15",
        "name": "P5 parking aisle",
        "oneway": false,
        "reversed": "True",
        "length": 16.41759742498698,
        "ref": "",
        "tunnel": "",
        "bridge": "",
        "width": "3",
        "access": "private",
        "junction": "",
        "parking_lot": "P5",
        "carleton_parking": true
      },
      "geometry": {
        "type": "LineString",
        "coordinates": [
          [
            -75.6939802,
            45.3872196
          ],
          [
            -75.693901,
            45.3870847
          ]
        ]
      }
    },
    {
      "type": "Feature",
      "properties": {
        "u": 9900300074,
        "v": 9900300077,
        "key": 0,
        "osmid": "carleton_parking_p5_osm_550922567_5",
        "highway": "service",
        "lanes": "1",
        "maxspeed": "15",
        "name": "P5 parking aisle",
        "oneway": false,
        "reversed": "False",
        "length": 18.456503187750222,
        "ref": "",
        "tunnel": "",
        "bridge": "",
        "width": "3",
        "access": "private",
        "junction": "",
        "parking_lot": "P5",
        "carleton_parking": true
      },
      "geometry": {
        "type": "LineString",
        "coordinates": [
          [
            -75.6939802,
            45.3872196
          ],
          [
            -75.6940691,
            45.3873713
          ]
        ]
      }
    },
    {
      "type": "Feature",
      "properties": {
        "u": 9900300077,
        "v": 9900300074,
        "key": 0,
        "osmid": "carleton_parking_p5_osm_550922567_5",
        "highway": "service",
        "lanes": "1",
        "maxspeed": "15",
        "name": "P5 parking aisle",
        "oneway": false,
        "reversed": "True",
        "length": 18.456503187750222,
        "ref": "",
        "tunnel": "",
        "bridge": "",
        "width": "3",
        "access": "private",
        "junction": "",
        "parking_lot": "P5",
        "carleton_parking": true
      },
      "geometry": {
        "type": "LineString",
        "coordinates": [
          [
            -75.6940691,
            45.3873713
          ],
          [
            -75.6939802,
            45.3872196
          ]
        ]
      }
    },
    {
      "type": "Feature",
      "properties": {
        "u": 9900300077,
        "v": 9900300082,
        "key": 0,
        "osmid": "carleton_parking_p5_osm_550922567_6",
        "highway": "service",
        "lanes": "1",
        "maxspeed": "15",
        "name": "P5 parking aisle",
        "oneway": false,
        "reversed": "False",
        "length": 10.046141909685383,
        "ref": "",
        "tunnel": "",
        "bridge": "",
        "width": "3",
        "access": "private",
        "junction": "",
        "parking_lot": "P5",
        "carleton_parking": true
      },
      "geometry": {
        "type": "LineString",
        "coordinates": [
          [
            -75.6940691,
            45.3873713
          ],
          [
            -75.6941177,
            45.3874538
          ]
        ]
      }
    },
    {
      "type": "Feature",
      "properties": {
        "u": 9900300082,
        "v": 9900300077,
        "key": 0,
        "osmid": "carleton_parking_p5_osm_550922567_6",
        "highway": "service",
        "lanes": "1",
        "maxspeed": "15",
        "name": "P5 parking aisle",
        "oneway": false,
        "reversed": "True",
        "length": 10.046141909685383,
        "ref": "",
        "tunnel": "",
        "bridge": "",
        "width": "3",
        "access": "private",
        "junction": "",
        "parking_lot": "P5",
        "carleton_parking": true
      },
      "geometry": {
        "type": "LineString",
        "coordinates": [
          [
            -75.6941177,
            45.3874538
          ],
          [
            -75.6940691,
            45.3873713
          ]
        ]
      }
    },
    {
      "type": "Feature",
      "properties": {
        "u": 9900300082,
        "v": 9900300083,
        "key": 0,
        "osmid": "carleton_parking_p5_osm_550922567_7",
        "highway": "service",
        "lanes": "1",
        "maxspeed": "15",
        "name": "P5 parking aisle",
        "oneway": false,
        "reversed": "False",
        "length": 5.543652537853445,
        "ref": "",
        "tunnel": "",
        "bridge": "",
        "width": "3",
        "access": "private",
        "junction": "",
        "parking_lot": "P5",
        "carleton_parking": true
      },
      "geometry": {
        "type": "LineString",
        "coordinates": [
          [
            -75.6941177,
            45.3874538
          ],
          [
            -75.6941204,
            45.3875037
          ]
        ]
      }
    },
    {
      "type": "Feature",
      "properties": {
        "u": 9900300083,
        "v": 9900300082,
        "key": 0,
        "osmid": "carleton_parking_p5_osm_550922567_7",
        "highway": "service",
        "lanes": "1",
        "maxspeed": "15",
        "name": "P5 parking aisle",
        "oneway": false,
        "reversed": "True",
        "length": 5.543652537853445,
        "ref": "",
        "tunnel": "",
        "bridge": "",
        "width": "3",
        "access": "private",
        "junction": "",
        "parking_lot": "P5",
        "carleton_parking": true
      },
      "geometry": {
        "type": "LineString",
        "coordinates": [
          [
            -75.6941204,
            45.3875037
          ],
          [
            -75.6941177,
            45.3874538
          ]
        ]
      }
    },
    {
      "type": "Feature",
      "properties": {
        "u": 9900300083,
        "v": 9900300084,
        "key": 0,
        "osmid": "carleton_parking_p5_osm_550922567_8",
        "highway": "service",
        "lanes": "1",
        "maxspeed": "15",
        "name": "P5 parking aisle",
        "oneway": false,
        "reversed": "False",
        "length": 3.6505419117717803,
        "ref": "",
        "tunnel": "",
        "bridge": "",
        "width": "3",
        "access": "private",
        "junction": "",
        "parking_lot": "P5",
        "carleton_parking": true
      },
      "geometry": {
        "type": "LineString",
        "coordinates": [
          [
            -75.6941204,
            45.3875037
          ],
          [
            -75.6940941,
            45.3875297
          ]
        ]
      }
    },
    {
      "type": "Feature",
      "properties": {
        "u": 9900300084,
        "v": 9900300083,
        "key": 0,
        "osmid": "carleton_parking_p5_osm_550922567_8",
        "highway": "service",
        "lanes": "1",
        "maxspeed": "15",
        "name": "P5 parking aisle",
        "oneway": false,
        "reversed": "True",
        "length": 3.6505419117717803,
        "ref": "",
        "tunnel": "",
        "bridge": "",
        "width": "3",
        "access": "private",
        "junction": "",
        "parking_lot": "P5",
        "carleton_parking": true
      },
      "geometry": {
        "type": "LineString",
        "coordinates": [
          [
            -75.6940941,
            45.3875297
          ],
          [
            -75.6941204,
            45.3875037
          ]
        ]
      }
    },
    {
      "type": "Feature",
      "properties": {
        "u": 9900300084,
        "v": 9900300085,
        "key": 0,
        "osmid": "carleton_parking_p5_osm_550922567_9",
        "highway": "service",
        "lanes": "1",
        "maxspeed": "15",
        "name": "P5 parking aisle",
        "oneway": false,
        "reversed": "False",
        "length": 2.303210185530397,
        "ref": "",
        "tunnel": "",
        "bridge": "",
        "width": "3",
        "access": "private",
        "junction": "",
        "parking_lot": "P5",
        "carleton_parking": true
      },
      "geometry": {
        "type": "LineString",
        "coordinates": [
          [
            -75.6940941,
            45.3875297
          ],
          [
            -75.6940775,
            45.3875461
          ]
        ]
      }
    },
    {
      "type": "Feature",
      "properties": {
        "u": 9900300085,
        "v": 9900300084,
        "key": 0,
        "osmid": "carleton_parking_p5_osm_550922567_9",
        "highway": "service",
        "lanes": "1",
        "maxspeed": "15",
        "name": "P5 parking aisle",
        "oneway": false,
        "reversed": "True",
        "length": 2.303210185530397,
        "ref": "",
        "tunnel": "",
        "bridge": "",
        "width": "3",
        "access": "private",
        "junction": "",
        "parking_lot": "P5",
        "carleton_parking": true
      },
      "geometry": {
        "type": "LineString",
        "coordinates": [
          [
            -75.6940775,
            45.3875461
          ],
          [
            -75.6940941,
            45.3875297
          ]
        ]
      }
    },
    {
      "type": "Feature",
      "properties": {
        "u": 9900300085,
        "v": 9900300086,
        "key": 0,
        "osmid": "carleton_parking_p5_osm_550922567_10",
        "highway": "service",
        "lanes": "1",
        "maxspeed": "15",
        "name": "P5 parking aisle",
        "oneway": false,
        "reversed": "False",
        "length": 39.61649863708828,
        "ref": "",
        "tunnel": "",
        "bridge": "",
        "width": "3",
        "access": "private",
        "junction": "",
        "parking_lot": "P5",
        "carleton_parking": true
      },
      "geometry": {
        "type": "LineString",
        "coordinates": [
          [
            -75.6940775,
            45.3875461
          ],
          [
            -75.6936407,
            45.3876706
          ]
        ]
      }
    },
    {
      "type": "Feature",
      "properties": {
        "u": 9900300086,
        "v": 9900300085,
        "key": 0,
        "osmid": "carleton_parking_p5_osm_550922567_10",
        "highway": "service",
        "lanes": "1",
        "maxspeed": "15",
        "name": "P5 parking aisle",
        "oneway": false,
        "reversed": "True",
        "length": 39.61649863708828,
        "ref": "",
        "tunnel": "",
        "bridge": "",
        "width": "3",
        "access": "private",
        "junction": "",
        "parking_lot": "P5",
        "carleton_parking": true
      },
      "geometry": {
        "type": "LineString",
        "coordinates": [
          [
            -75.6936407,
            45.3876706
          ],
          [
            -75.6940775,
            45.3875461
          ]
        ]
      }
    },
    {
      "type": "Feature",
      "properties": {
        "u": 9900300086,
        "v": 9900300076,
        "key": 0,
        "osmid": "carleton_parking_p5_osm_550922567_11",
        "highway": "service",
        "lanes": "1",
        "maxspeed": "15",
        "name": "P5 parking aisle",
        "oneway": false,
        "reversed": "False",
        "length": 17.769806583242854,
        "ref": "",
        "tunnel": "",
        "bridge": "",
        "width": "3",
        "access": "private",
        "junction": "",
        "parking_lot": "P5",
        "carleton_parking": true
      },
      "geometry": {
        "type": "LineString",
        "coordinates": [
          [
            -75.6936407,
            45.3876706
          ],
          [
            -75.6935417,
            45.3875296
          ]
        ]
      }
    },
    {
      "type": "Feature",
      "properties": {
        "u": 9900300076,
        "v": 9900300086,
        "key": 0,
        "osmid": "carleton_parking_p5_osm_550922567_11",
        "highway": "service",
        "lanes": "1",
        "maxspeed": "15",
        "name": "P5 parking aisle",
        "oneway": false,
        "reversed": "True",
        "length": 17.769806583242854,
        "ref": "",
        "tunnel": "",
        "bridge": "",
        "width": "3",
        "access": "private",
        "junction": "",
        "parking_lot": "P5",
        "carleton_parking": true
      },
      "geometry": {
        "type": "LineString",
        "coordinates": [
          [
            -75.6935417,
            45.3875296
          ],
          [
            -75.6936407,
            45.3876706
          ]
        ]
      }
    },
    {
      "type": "Feature",
      "properties": {
        "u": 9900300087,
        "v": 9900300072,
        "key": 0,
        "osmid": "carleton_parking_p5_osm_924632862_0",
        "highway": "service",
        "lanes": "1",
        "maxspeed": "15",
        "name": "P5 parking aisle",
        "oneway": false,
        "reversed": "False",
        "length": 51.395527188871384,
        "ref": "",
        "tunnel": "",
        "bridge": "",
        "width": "3",
        "access": "private",
        "junction": "",
        "parking_lot": "P5",
        "carleton_parking": true
      },
      "geometry": {
        "type": "LineString",
        "coordinates": [
          [
            -75.692848,
            45.3870766
          ],
          [
            -75.6931654,
            45.3874707
          ]
        ]
      }
    },
    {
      "type": "Feature",
      "properties": {
        "u": 9900300072,
        "v": 9900300087,
        "key": 0,
        "osmid": "carleton_parking_p5_osm_924632862_0",
        "highway": "service",
        "lanes": "1",
        "maxspeed": "15",
        "name": "P5 parking aisle",
        "oneway": false,
        "reversed": "True",
        "length": 51.395527188871384,
        "ref": "",
        "tunnel": "",
        "bridge": "",
        "width": "3",
        "access": "private",
        "junction": "",
        "parking_lot": "P5",
        "carleton_parking": true
      },
      "geometry": {
        "type": "LineString",
        "coordinates": [
          [
            -75.6931654,
            45.3874707
          ],
          [
            -75.692848,
            45.3870766
          ]
        ]
      }
    },
    {
      "type": "Feature",
      "properties": {
        "u": 9900300072,
        "v": 9900300069,
        "key": 0,
        "osmid": "carleton_parking_p5_osm_924632862_1",
        "highway": "service",
        "lanes": "1",
        "maxspeed": "15",
        "name": "P5 parking aisle",
        "oneway": false,
        "reversed": "False",
        "length": 32.356131571148325,
        "ref": "",
        "tunnel": "",
        "bridge": "",
        "width": "3",
        "access": "private",
        "junction": "",
        "parking_lot": "P5",
        "carleton_parking": true
      },
      "geometry": {
        "type": "LineString",
        "coordinates": [
          [
            -75.6931654,
            45.3874707
          ],
          [
            -75.6933631,
            45.3877198
          ]
        ]
      }
    },
    {
      "type": "Feature",
      "properties": {
        "u": 9900300069,
        "v": 9900300072,
        "key": 0,
        "osmid": "carleton_parking_p5_osm_924632862_1",
        "highway": "service",
        "lanes": "1",
        "maxspeed": "15",
        "name": "P5 parking aisle",
        "oneway": false,
        "reversed": "True",
        "length": 32.356131571148325,
        "ref": "",
        "tunnel": "",
        "bridge": "",
        "width": "3",
        "access": "private",
        "junction": "",
        "parking_lot": "P5",
        "carleton_parking": true
      },
      "geometry": {
        "type": "LineString",
        "coordinates": [
          [
            -75.6933631,
            45.3877198
          ],
          [
            -75.6931654,
            45.3874707
          ]
        ]
      }
    },
    {
      "type": "Feature",
      "properties": {
        "u": 9900300088,
        "v": 9900300089,
        "key": 0,
        "osmid": "carleton_parking_p5_osm_130329208_0",
        "highway": "service",
        "lanes": "1",
        "maxspeed": "15",
        "name": "P5 parking aisle",
        "oneway": false,
        "reversed": "False",
        "length": 11.987985267528368,
        "ref": "",
        "tunnel": "",
        "bridge": "",
        "width": "3",
        "access": "private",
        "junction": "",
        "parking_lot": "P5",
        "carleton_parking": true
      },
      "geometry": {
        "type": "LineString",
        "coordinates": [
          [
            -75.6919327,
            45.3863724
          ],
          [
            -75.6920297,
            45.3864508
          ]
        ]
      }
    },
    {
      "type": "Feature",
      "properties": {
        "u": 9900300089,
        "v": 9900300088,
        "key": 0,
        "osmid": "carleton_parking_p5_osm_130329208_0",
        "highway": "service",
        "lanes": "1",
        "maxspeed": "15",
        "name": "P5 parking aisle",
        "oneway": false,
        "reversed": "True",
        "length": 11.987985267528368,
        "ref": "",
        "tunnel": "",
        "bridge": "",
        "width": "3",
        "access": "private",
        "junction": "",
        "parking_lot": "P5",
        "carleton_parking": true
      },
      "geometry": {
        "type": "LineString",
        "coordinates": [
          [
            -75.6920297,
            45.3864508
          ],
          [
            -75.6919327,
            45.3863724
          ]
        ]
      }
    },
    {
      "type": "Feature",
      "properties": {
        "u": 9900300089,
        "v": 9900300090,
        "key": 0,
        "osmid": "carleton_parking_p5_osm_130329208_1",
        "highway": "service",
        "lanes": "1",
        "maxspeed": "15",
        "name": "P5 parking aisle",
        "oneway": false,
        "reversed": "False",
        "length": 25.423782198463652,
        "ref": "",
        "tunnel": "",
        "bridge": "",
        "width": "3",
        "access": "private",
        "junction": "",
        "parking_lot": "P5",
        "carleton_parking": true
      },
      "geometry": {
        "type": "LineString",
        "coordinates": [
          [
            -75.6920297,
            45.3864508
          ],
          [
            -75.6923158,
            45.3865176
          ]
        ]
      }
    },
    {
      "type": "Feature",
      "properties": {
        "u": 9900300090,
        "v": 9900300089,
        "key": 0,
        "osmid": "carleton_parking_p5_osm_130329208_1",
        "highway": "service",
        "lanes": "1",
        "maxspeed": "15",
        "name": "P5 parking aisle",
        "oneway": false,
        "reversed": "True",
        "length": 25.423782198463652,
        "ref": "",
        "tunnel": "",
        "bridge": "",
        "width": "3",
        "access": "private",
        "junction": "",
        "parking_lot": "P5",
        "carleton_parking": true
      },
      "geometry": {
        "type": "LineString",
        "coordinates": [
          [
            -75.6923158,
            45.3865176
          ],
          [
            -75.6920297,
            45.3864508
          ]
        ]
      }
    },
    {
      "type": "Feature",
      "properties": {
        "u": 9900300090,
        "v": 9900300091,
        "key": 0,
        "osmid": "carleton_parking_p5_osm_130329208_2",
        "highway": "service",
        "lanes": "1",
        "maxspeed": "15",
        "name": "P5 parking aisle",
        "oneway": false,
        "reversed": "False",
        "length": 5.972931933935357,
        "ref": "",
        "tunnel": "",
        "bridge": "",
        "width": "3",
        "access": "private",
        "junction": "",
        "parking_lot": "P5",
        "carleton_parking": true
      },
      "geometry": {
        "type": "LineString",
        "coordinates": [
          [
            -75.6923158,
            45.3865176
          ],
          [
            -75.6923721,
            45.3865498
          ]
        ]
      }
    },
    {
      "type": "Feature",
      "properties": {
        "u": 9900300091,
        "v": 9900300090,
        "key": 0,
        "osmid": "carleton_parking_p5_osm_130329208_2",
        "highway": "service",
        "lanes": "1",
        "maxspeed": "15",
        "name": "P5 parking aisle",
        "oneway": false,
        "reversed": "True",
        "length": 5.972931933935357,
        "ref": "",
        "tunnel": "",
        "bridge": "",
        "width": "3",
        "access": "private",
        "junction": "",
        "parking_lot": "P5",
        "carleton_parking": true
      },
      "geometry": {
        "type": "LineString",
        "coordinates": [
          [
            -75.6923721,
            45.3865498
          ],
          [
            -75.6923158,
            45.3865176
          ]
        ]
      }
    },
    {
      "type": "Feature",
      "properties": {
        "u": 9900300091,
        "v": 9900300092,
        "key": 0,
        "osmid": "carleton_parking_p5_osm_130329208_3",
        "highway": "service",
        "lanes": "1",
        "maxspeed": "15",
        "name": "P5 parking aisle",
        "oneway": false,
        "reversed": "False",
        "length": 5.398965627132478,
        "ref": "",
        "tunnel": "",
        "bridge": "",
        "width": "3",
        "access": "private",
        "junction": "",
        "parking_lot": "P5",
        "carleton_parking": true
      },
      "geometry": {
        "type": "LineString",
        "coordinates": [
          [
            -75.6923721,
            45.3865498
          ],
          [
            -75.6924223,
            45.3865796
          ]
        ]
      }
    },
    {
      "type": "Feature",
      "properties": {
        "u": 9900300092,
        "v": 9900300091,
        "key": 0,
        "osmid": "carleton_parking_p5_osm_130329208_3",
        "highway": "service",
        "lanes": "1",
        "maxspeed": "15",
        "name": "P5 parking aisle",
        "oneway": false,
        "reversed": "True",
        "length": 5.398965627132478,
        "ref": "",
        "tunnel": "",
        "bridge": "",
        "width": "3",
        "access": "private",
        "junction": "",
        "parking_lot": "P5",
        "carleton_parking": true
      },
      "geometry": {
        "type": "LineString",
        "coordinates": [
          [
            -75.6924223,
            45.3865796
          ],
          [
            -75.6923721,
            45.3865498
          ]
        ]
      }
    },
    {
      "type": "Feature",
      "properties": {
        "u": 9900300092,
        "v": 9900300093,
        "key": 0,
        "osmid": "carleton_parking_p5_osm_130329208_4",
        "highway": "service",
        "lanes": "1",
        "maxspeed": "15",
        "name": "P5 parking aisle",
        "oneway": false,
        "reversed": "False",
        "length": 6.06962029162543,
        "ref": "",
        "tunnel": "",
        "bridge": "",
        "width": "3",
        "access": "private",
        "junction": "",
        "parking_lot": "P5",
        "carleton_parking": true
      },
      "geometry": {
        "type": "LineString",
        "coordinates": [
          [
            -75.6924223,
            45.3865796
          ],
          [
            -75.6924691,
            45.3866209
          ]
        ]
      }
    },
    {
      "type": "Feature",
      "properties": {
        "u": 9900300093,
        "v": 9900300092,
        "key": 0,
        "osmid": "carleton_parking_p5_osm_130329208_4",
        "highway": "service",
        "lanes": "1",
        "maxspeed": "15",
        "name": "P5 parking aisle",
        "oneway": false,
        "reversed": "True",
        "length": 6.06962029162543,
        "ref": "",
        "tunnel": "",
        "bridge": "",
        "width": "3",
        "access": "private",
        "junction": "",
        "parking_lot": "P5",
        "carleton_parking": true
      },
      "geometry": {
        "type": "LineString",
        "coordinates": [
          [
            -75.6924691,
            45.3866209
          ],
          [
            -75.6924223,
            45.3865796
          ]
        ]
      }
    },
    {
      "type": "Feature",
      "properties": {
        "u": 9900300093,
        "v": 9900300094,
        "key": 0,
        "osmid": "carleton_parking_p5_osm_130329208_5",
        "highway": "service",
        "lanes": "1",
        "maxspeed": "15",
        "name": "P5 parking aisle",
        "oneway": false,
        "reversed": "False",
        "length": 6.396095628989086,
        "ref": "",
        "tunnel": "",
        "bridge": "",
        "width": "3",
        "access": "private",
        "junction": "",
        "parking_lot": "P5",
        "carleton_parking": true
      },
      "geometry": {
        "type": "LineString",
        "coordinates": [
          [
            -75.6924691,
            45.3866209
          ],
          [
            -75.692513,
            45.3866677
          ]
        ]
      }
    },
    {
      "type": "Feature",
      "properties": {
        "u": 9900300094,
        "v": 9900300093,
        "key": 0,
        "osmid": "carleton_parking_p5_osm_130329208_5",
        "highway": "service",
        "lanes": "1",
        "maxspeed": "15",
        "name": "P5 parking aisle",
        "oneway": false,
        "reversed": "True",
        "length": 6.396095628989086,
        "ref": "",
        "tunnel": "",
        "bridge": "",
        "width": "3",
        "access": "private",
        "junction": "",
        "parking_lot": "P5",
        "carleton_parking": true
      },
      "geometry": {
        "type": "LineString",
        "coordinates": [
          [
            -75.692513,
            45.3866677
          ],
          [
            -75.6924691,
            45.3866209
          ]
        ]
      }
    },
    {
      "type": "Feature",
      "properties": {
        "u": 9900300094,
        "v": 9900300095,
        "key": 0,
        "osmid": "carleton_parking_p5_osm_130329208_6",
        "highway": "service",
        "lanes": "1",
        "maxspeed": "15",
        "name": "P5 parking aisle",
        "oneway": false,
        "reversed": "False",
        "length": 9.218358180021003,
        "ref": "",
        "tunnel": "",
        "bridge": "",
        "width": "3",
        "access": "private",
        "junction": "",
        "parking_lot": "P5",
        "carleton_parking": true
      },
      "geometry": {
        "type": "LineString",
        "coordinates": [
          [
            -75.692513,
            45.3866677
          ],
          [
            -75.6925699,
            45.3867384
          ]
        ]
      }
    },
    {
      "type": "Feature",
      "properties": {
        "u": 9900300095,
        "v": 9900300094,
        "key": 0,
        "osmid": "carleton_parking_p5_osm_130329208_6",
        "highway": "service",
        "lanes": "1",
        "maxspeed": "15",
        "name": "P5 parking aisle",
        "oneway": false,
        "reversed": "True",
        "length": 9.218358180021003,
        "ref": "",
        "tunnel": "",
        "bridge": "",
        "width": "3",
        "access": "private",
        "junction": "",
        "parking_lot": "P5",
        "carleton_parking": true
      },
      "geometry": {
        "type": "LineString",
        "coordinates": [
          [
            -75.6925699,
            45.3867384
          ],
          [
            -75.692513,
            45.3866677
          ]
        ]
      }
    },
    {
      "type": "Feature",
      "properties": {
        "u": 9900300095,
        "v": 9900300066,
        "key": 0,
        "osmid": "carleton_parking_p5_osm_130329208_7",
        "highway": "service",
        "lanes": "1",
        "maxspeed": "15",
        "name": "P5 parking aisle",
        "oneway": false,
        "reversed": "False",
        "length": 4.977192984013879,
        "ref": "",
        "tunnel": "",
        "bridge": "",
        "width": "3",
        "access": "private",
        "junction": "",
        "parking_lot": "P5",
        "carleton_parking": true
      },
      "geometry": {
        "type": "LineString",
        "coordinates": [
          [
            -75.6925699,
            45.3867384
          ],
          [
            -75.6925865,
            45.3867814
          ]
        ]
      }
    },
    {
      "type": "Feature",
      "properties": {
        "u": 9900300066,
        "v": 9900300095,
        "key": 0,
        "osmid": "carleton_parking_p5_osm_130329208_7",
        "highway": "service",
        "lanes": "1",
        "maxspeed": "15",
        "name": "P5 parking aisle",
        "oneway": false,
        "reversed": "True",
        "length": 4.977192984013879,
        "ref": "",
        "tunnel": "",
        "bridge": "",
        "width": "3",
        "access": "private",
        "junction": "",
        "parking_lot": "P5",
        "carleton_parking": true
      },
      "geometry": {
        "type": "LineString",
        "coordinates": [
          [
            -75.6925865,
            45.3867814
          ],
          [
            -75.6925699,
            45.3867384
          ]
        ]
      }
    },
    {
      "type": "Feature",
      "properties": {
        "u": 9900300066,
        "v": 9900300096,
        "key": 0,
        "osmid": "carleton_parking_p5_osm_130329208_8",
        "highway": "service",
        "lanes": "1",
        "maxspeed": "15",
        "name": "P5 parking aisle",
        "oneway": false,
        "reversed": "False",
        "length": 30.270905514917214,
        "ref": "",
        "tunnel": "",
        "bridge": "",
        "width": "3",
        "access": "private",
        "junction": "",
        "parking_lot": "P5",
        "carleton_parking": true
      },
      "geometry": {
        "type": "LineString",
        "coordinates": [
          [
            -75.6925865,
            45.3867814
          ],
          [
            -75.6927862,
            45.3870072
          ]
        ]
      }
    },
    {
      "type": "Feature",
      "properties": {
        "u": 9900300096,
        "v": 9900300066,
        "key": 0,
        "osmid": "carleton_parking_p5_osm_130329208_8",
        "highway": "service",
        "lanes": "1",
        "maxspeed": "15",
        "name": "P5 parking aisle",
        "oneway": false,
        "reversed": "True",
        "length": 30.270905514917214,
        "ref": "",
        "tunnel": "",
        "bridge": "",
        "width": "3",
        "access": "private",
        "junction": "",
        "parking_lot": "P5",
        "carleton_parking": true
      },
      "geometry": {
        "type": "LineString",
        "coordinates": [
          [
            -75.6927862,
            45.3870072
          ],
          [
            -75.6925865,
            45.3867814
          ]
        ]
      }
    },
    {
      "type": "Feature",
      "properties": {
        "u": 9900300096,
        "v": 9900300087,
        "key": 0,
        "osmid": "carleton_parking_p5_osm_130329208_9",
        "highway": "service",
        "lanes": "1",
        "maxspeed": "15",
        "name": "P5 parking aisle",
        "oneway": false,
        "reversed": "False",
        "length": 9.32396806941253,
        "ref": "",
        "tunnel": "",
        "bridge": "",
        "width": "3",
        "access": "private",
        "junction": "",
        "parking_lot": "P5",
        "carleton_parking": true
      },
      "geometry": {
        "type": "LineString",
        "coordinates": [
          [
            -75.6927862,
            45.3870072
          ],
          [
            -75.692848,
            45.3870766
          ]
        ]
      }
    },
    {
      "type": "Feature",
      "properties": {
        "u": 9900300087,
        "v": 9900300096,
        "key": 0,
        "osmid": "carleton_parking_p5_osm_130329208_9",
        "highway": "service",
        "lanes": "1",
        "maxspeed": "15",
        "name": "P5 parking aisle",
        "oneway": false,
        "reversed": "True",
        "length": 9.32396806941253,
        "ref": "",
        "tunnel": "",
        "bridge": "",
        "width": "3",
        "access": "private",
        "junction": "",
        "parking_lot": "P5",
        "carleton_parking": true
      },
      "geometry": {
        "type": "LineString",
        "coordinates": [
          [
            -75.692848,
            45.3870766
          ],
          [
            -75.6927862,
            45.3870072
          ]
        ]
      }
    },
    {
      "type": "Feature",
      "properties": {
        "u": 9900300087,
        "v": 9900300097,
        "key": 0,
        "osmid": "carleton_parking_p5_osm_130329208_10",
        "highway": "service",
        "lanes": "1",
        "maxspeed": "15",
        "name": "P5 parking aisle",
        "oneway": false,
        "reversed": "False",
        "length": 10.375241503189583,
        "ref": "",
        "tunnel": "",
        "bridge": "",
        "width": "3",
        "access": "private",
        "junction": "",
        "parking_lot": "P5",
        "carleton_parking": true
      },
      "geometry": {
        "type": "LineString",
        "coordinates": [
          [
            -75.692848,
            45.3870766
          ],
          [
            -75.6929617,
            45.3870426
          ]
        ]
      }
    },
    {
      "type": "Feature",
      "properties": {
        "u": 9900300097,
        "v": 9900300087,
        "key": 0,
        "osmid": "carleton_parking_p5_osm_130329208_10",
        "highway": "service",
        "lanes": "1",
        "maxspeed": "15",
        "name": "P5 parking aisle",
        "oneway": false,
        "reversed": "True",
        "length": 10.375241503189583,
        "ref": "",
        "tunnel": "",
        "bridge": "",
        "width": "3",
        "access": "private",
        "junction": "",
        "parking_lot": "P5",
        "carleton_parking": true
      },
      "geometry": {
        "type": "LineString",
        "coordinates": [
          [
            -75.6929617,
            45.3870426
          ],
          [
            -75.692848,
            45.3870766
          ]
        ]
      }
    },
    {
      "type": "Feature",
      "properties": {
        "u": 9900300097,
        "v": 9900300098,
        "key": 0,
        "osmid": "carleton_parking_p5_osm_130329208_11",
        "highway": "service",
        "lanes": "1",
        "maxspeed": "15",
        "name": "P5 parking aisle",
        "oneway": false,
        "reversed": "False",
        "length": 2.774486887966389,
        "ref": "",
        "tunnel": "",
        "bridge": "",
        "width": "3",
        "access": "private",
        "junction": "",
        "parking_lot": "P5",
        "carleton_parking": true
      },
      "geometry": {
        "type": "LineString",
        "coordinates": [
          [
            -75.6929617,
            45.3870426
          ],
          [
            -75.6929923,
            45.3870339
          ]
        ]
      }
    },
    {
      "type": "Feature",
      "properties": {
        "u": 9900300098,
        "v": 9900300097,
        "key": 0,
        "osmid": "carleton_parking_p5_osm_130329208_11",
        "highway": "service",
        "lanes": "1",
        "maxspeed": "15",
        "name": "P5 parking aisle",
        "oneway": false,
        "reversed": "True",
        "length": 2.774486887966389,
        "ref": "",
        "tunnel": "",
        "bridge": "",
        "width": "3",
        "access": "private",
        "junction": "",
        "parking_lot": "P5",
        "carleton_parking": true
      },
      "geometry": {
        "type": "LineString",
        "coordinates": [
          [
            -75.6929923,
            45.3870339
          ],
          [
            -75.6929617,
            45.3870426
          ]
        ]
      }
    },
    {
      "type": "Feature",
      "properties": {
        "u": 9900300098,
        "v": 9900300099,
        "key": 0,
        "osmid": "carleton_parking_p5_osm_130329208_12",
        "highway": "service",
        "lanes": "1",
        "maxspeed": "15",
        "name": "P5 parking aisle",
        "oneway": false,
        "reversed": "False",
        "length": 6.2395784597061,
        "ref": "",
        "tunnel": "",
        "bridge": "",
        "width": "3",
        "access": "private",
        "junction": "",
        "parking_lot": "P5",
        "carleton_parking": true
      },
      "geometry": {
        "type": "LineString",
        "coordinates": [
          [
            -75.6929923,
            45.3870339
          ],
          [
            -75.6930611,
            45.3870143
          ]
        ]
      }
    },
    {
      "type": "Feature",
      "properties": {
        "u": 9900300099,
        "v": 9900300098,
        "key": 0,
        "osmid": "carleton_parking_p5_osm_130329208_12",
        "highway": "service",
        "lanes": "1",
        "maxspeed": "15",
        "name": "P5 parking aisle",
        "oneway": false,
        "reversed": "True",
        "length": 6.2395784597061,
        "ref": "",
        "tunnel": "",
        "bridge": "",
        "width": "3",
        "access": "private",
        "junction": "",
        "parking_lot": "P5",
        "carleton_parking": true
      },
      "geometry": {
        "type": "LineString",
        "coordinates": [
          [
            -75.6930611,
            45.3870143
          ],
          [
            -75.6929923,
            45.3870339
          ]
        ]
      }
    },
    {
      "type": "Feature",
      "properties": {
        "u": 9900300099,
        "v": 9900300078,
        "key": 0,
        "osmid": "carleton_parking_p5_osm_130329222_0",
        "highway": "service",
        "lanes": "1",
        "maxspeed": "10",
        "name": "P5 lot egress (Stadium Way)",
        "oneway": false,
        "reversed": "False",
        "length": 15.236603719157008,
        "ref": "",
        "tunnel": "",
        "bridge": "",
        "width": "3",
        "access": "private",
        "junction": "",
        "parking_lot": "P5",
        "carleton_parking": true
      },
      "geometry": {
        "type": "LineString",
        "coordinates": [
          [
            -75.6930611,
            45.3870143
          ],
          [
            -75.6931343,
            45.3871396
          ]
        ]
      }
    },
    {
      "type": "Feature",
      "properties": {
        "u": 9900300078,
        "v": 9900300099,
        "key": 0,
        "osmid": "carleton_parking_p5_osm_130329222_0",
        "highway": "service",
        "lanes": "1",
        "maxspeed": "10",
        "name": "P5 lot egress (Stadium Way)",
        "oneway": false,
        "reversed": "True",
        "length": 15.236603719157008,
        "ref": "",
        "tunnel": "",
        "bridge": "",
        "width": "3",
        "access": "private",
        "junction": "",
        "parking_lot": "P5",
        "carleton_parking": true
      },
      "geometry": {
        "type": "LineString",
        "coordinates": [
          [
            -75.6931343,
            45.3871396
          ],
          [
            -75.6930611,
            45.3870143
          ]
        ]
      }
    },
    {
      "type": "Feature",
      "properties": {
        "u": 9900300078,
        "v": 9900300070,
        "key": 0,
        "osmid": "carleton_parking_p5_osm_130329222_1",
        "highway": "service",
        "lanes": "1",
        "maxspeed": "10",
        "name": "P5 lot egress (Stadium Way)",
        "oneway": false,
        "reversed": "False",
        "length": 17.13544896627972,
        "ref": "",
        "tunnel": "",
        "bridge": "",
        "width": "3",
        "access": "private",
        "junction": "",
        "parking_lot": "P5",
        "carleton_parking": true
      },
      "geometry": {
        "type": "LineString",
        "coordinates": [
          [
            -75.6931343,
            45.3871396
          ],
          [
            -75.693222,
            45.3872786
          ]
        ]
      }
    },
    {
      "type": "Feature",
      "properties": {
        "u": 9900300070,
        "v": 9900300078,
        "key": 0,
        "osmid": "carleton_parking_p5_osm_130329222_1",
        "highway": "service",
        "lanes": "1",
        "maxspeed": "10",
        "name": "P5 lot egress (Stadium Way)",
        "oneway": false,
        "reversed": "True",
        "length": 17.13544896627972,
        "ref": "",
        "tunnel": "",
        "bridge": "",
        "width": "3",
        "access": "private",
        "junction": "",
        "parking_lot": "P5",
        "carleton_parking": true
      },
      "geometry": {
        "type": "LineString",
        "coordinates": [
          [
            -75.693222,
            45.3872786
          ],
          [
            -75.6931343,
            45.3871396
          ]
        ]
      }
    },
    {
      "type": "Feature",
      "properties": {
        "u": 9900300070,
        "v": 9900300073,
        "key": 0,
        "osmid": "carleton_parking_p5_osm_130329222_2",
        "highway": "service",
        "lanes": "1",
        "maxspeed": "10",
        "name": "P5 lot egress (Stadium Way)",
        "oneway": false,
        "reversed": "False",
        "length": 17.291265681790076,
        "ref": "",
        "tunnel": "",
        "bridge": "",
        "width": "3",
        "access": "private",
        "junction": "",
        "parking_lot": "P5",
        "carleton_parking": true
      },
      "geometry": {
        "type": "LineString",
        "coordinates": [
          [
            -75.693222,
            45.3872786
          ],
          [
            -75.6933104,
            45.3874189
          ]
        ]
      }
    },
    {
      "type": "Feature",
      "properties": {
        "u": 9900300073,
        "v": 9900300070,
        "key": 0,
        "osmid": "carleton_parking_p5_osm_130329222_2",
        "highway": "service",
        "lanes": "1",
        "maxspeed": "10",
        "name": "P5 lot egress (Stadium Way)",
        "oneway": false,
        "reversed": "True",
        "length": 17.291265681790076,
        "ref": "",
        "tunnel": "",
        "bridge": "",
        "width": "3",
        "access": "private",
        "junction": "",
        "parking_lot": "P5",
        "carleton_parking": true
      },
      "geometry": {
        "type": "LineString",
        "coordinates": [
          [
            -75.6933104,
            45.3874189
          ],
          [
            -75.693222,
            45.3872786
          ]
        ]
      }
    },
    {
      "type": "Feature",
      "properties": {
        "u": 9900300073,
        "v": 9900300075,
        "key": 0,
        "osmid": "carleton_parking_p5_osm_130329222_3",
        "highway": "service",
        "lanes": "1",
        "maxspeed": "10",
        "name": "P5 lot egress (Stadium Way)",
        "oneway": false,
        "reversed": "False",
        "length": 18.632502675224345,
        "ref": "",
        "tunnel": "",
        "bridge": "",
        "width": "3",
        "access": "private",
        "junction": "",
        "parking_lot": "P5",
        "carleton_parking": true
      },
      "geometry": {
        "type": "LineString",
        "coordinates": [
          [
            -75.6933104,
            45.3874189
          ],
          [
            -75.6933997,
            45.3875722
          ]
        ]
      }
    },
    {
      "type": "Feature",
      "properties": {
        "u": 9900300075,
        "v": 9900300073,
        "key": 0,
        "osmid": "carleton_parking_p5_osm_130329222_3",
        "highway": "service",
        "lanes": "1",
        "maxspeed": "10",
        "name": "P5 lot egress (Stadium Way)",
        "oneway": false,
        "reversed": "True",
        "length": 18.632502675224345,
        "ref": "",
        "tunnel": "",
        "bridge": "",
        "width": "3",
        "access": "private",
        "junction": "",
        "parking_lot": "P5",
        "carleton_parking": true
      },
      "geometry": {
        "type": "LineString",
        "coordinates": [
          [
            -75.6933997,
            45.3875722
          ],
          [
            -75.6933104,
            45.3874189
          ]
        ]
      }
    },
    {
      "type": "Feature",
      "properties": {
        "u": 9900300075,
        "v": 9900300100,
        "key": 0,
        "osmid": "carleton_parking_p5_osm_130329222_4",
        "highway": "service",
        "lanes": "1",
        "maxspeed": "10",
        "name": "P5 lot egress (Stadium Way)",
        "oneway": false,
        "reversed": "False",
        "length": 17.899399178440056,
        "ref": "",
        "tunnel": "",
        "bridge": "",
        "width": "3",
        "access": "private",
        "junction": "",
        "parking_lot": "P5",
        "carleton_parking": true
      },
      "geometry": {
        "type": "LineString",
        "coordinates": [
          [
            -75.6933997,
            45.3875722
          ],
          [
            -75.6934851,
            45.3877196
          ]
        ]
      }
    },
    {
      "type": "Feature",
      "properties": {
        "u": 9900300100,
        "v": 9900300075,
        "key": 0,
        "osmid": "carleton_parking_p5_osm_130329222_4",
        "highway": "service",
        "lanes": "1",
        "maxspeed": "10",
        "name": "P5 lot egress (Stadium Way)",
        "oneway": false,
        "reversed": "True",
        "length": 17.899399178440056,
        "ref": "",
        "tunnel": "",
        "bridge": "",
        "width": "3",
        "access": "private",
        "junction": "",
        "parking_lot": "P5",
        "carleton_parking": true
      },
      "geometry": {
        "type": "LineString",
        "coordinates": [
          [
            -75.6934851,
            45.3877196
          ],
          [
            -75.6933997,
            45.3875722
          ]
        ]
      }
    },
    {
      "type": "Feature",
      "properties": {
        "u": 9900300100,
        "v": 9900300101,
        "key": 0,
        "osmid": "carleton_parking_p5_osm_130329222_5",
        "highway": "service",
        "lanes": "1",
        "maxspeed": "10",
        "name": "P5 lot egress (Stadium Way)",
        "oneway": false,
        "reversed": "False",
        "length": 5.088818513341034,
        "ref": "",
        "tunnel": "",
        "bridge": "",
        "width": "3",
        "access": "private",
        "junction": "",
        "parking_lot": "P5",
        "carleton_parking": true
      },
      "geometry": {
        "type": "LineString",
        "coordinates": [
          [
            -75.6934851,
            45.3877196
          ],
          [
            -75.6935088,
            45.3877617
          ]
        ]
      }
    },
    {
      "type": "Feature",
      "properties": {
        "u": 9900300101,
        "v": 9900300100,
        "key": 0,
        "osmid": "carleton_parking_p5_osm_130329222_5",
        "highway": "service",
        "lanes": "1",
        "maxspeed": "10",
        "name": "P5 lot egress (Stadium Way)",
        "oneway": false,
        "reversed": "True",
        "length": 5.088818513341034,
        "ref": "",
        "tunnel": "",
        "bridge": "",
        "width": "3",
        "access": "private",
        "junction": "",
        "parking_lot": "P5",
        "carleton_parking": true
      },
      "geometry": {
        "type": "LineString",
        "coordinates": [
          [
            -75.6935088,
            45.3877617
          ],
          [
            -75.6934851,
            45.3877196
          ]
        ]
      }
    },
    {
      "type": "Feature",
      "properties": {
        "u": 9900300101,
        "v": 9900131005,
        "key": 0,
        "osmid": "carleton_parking_p5_osm_130329222_6",
        "highway": "service",
        "lanes": "1",
        "maxspeed": "10",
        "name": "P5 lot egress (Stadium Way)",
        "oneway": false,
        "reversed": "False",
        "length": 7.366465915726637,
        "ref": "",
        "tunnel": "",
        "bridge": "",
        "width": "3",
        "access": "private",
        "junction": "",
        "parking_lot": "P5",
        "carleton_parking": true
      },
      "geometry": {
        "type": "LineString",
        "coordinates": [
          [
            -75.6935088,
            45.3877617
          ],
          [
            -75.6935372,
            45.3878244
          ]
        ]
      }
    },
    {
      "type": "Feature",
      "properties": {
        "u": 9900131005,
        "v": 9900300101,
        "key": 0,
        "osmid": "carleton_parking_p5_osm_130329222_6",
        "highway": "service",
        "lanes": "1",
        "maxspeed": "10",
        "name": "P5 lot egress (Stadium Way)",
        "oneway": false,
        "reversed": "True",
        "length": 7.366465915726637,
        "ref": "",
        "tunnel": "",
        "bridge": "",
        "width": "3",
        "access": "private",
        "junction": "",
        "parking_lot": "P5",
        "carleton_parking": true
      },
      "geometry": {
        "type": "LineString",
        "coordinates": [
          [
            -75.6935372,
            45.3878244
          ],
          [
            -75.6935088,
            45.3877617
          ]
        ]
      }
    },
    {
      "type": "Feature",
      "properties": {
        "u": 9900300102,
        "v": 9900300103,
        "key": 0,
        "osmid": "carleton_parking_p6_osm_584934559_0",
        "highway": "service",
        "lanes": "1",
        "maxspeed": "15",
        "name": "P6 parking aisle",
        "oneway": false,
        "reversed": "False",
        "length": 41.59826136713534,
        "ref": "",
        "tunnel": "",
        "bridge": "",
        "width": "3",
        "access": "private",
        "junction": "",
        "parking_lot": "P6",
        "carleton_parking": true
      },
      "geometry": {
        "type": "LineString",
        "coordinates": [
          [
            -75.6995471,
            45.3901606
          ],
          [
            -75.6991892,
            45.3904162
          ]
        ]
      }
    },
    {
      "type": "Feature",
      "properties": {
        "u": 9900300103,
        "v": 9900300102,
        "key": 0,
        "osmid": "carleton_parking_p6_osm_584934559_0",
        "highway": "service",
        "lanes": "1",
        "maxspeed": "15",
        "name": "P6 parking aisle",
        "oneway": false,
        "reversed": "True",
        "length": 41.59826136713534,
        "ref": "",
        "tunnel": "",
        "bridge": "",
        "width": "3",
        "access": "private",
        "junction": "",
        "parking_lot": "P6",
        "carleton_parking": true
      },
      "geometry": {
        "type": "LineString",
        "coordinates": [
          [
            -75.6991892,
            45.3904162
          ],
          [
            -75.6995471,
            45.3901606
          ]
        ]
      }
    },
    {
      "type": "Feature",
      "properties": {
        "u": 9900300104,
        "v": 9900300105,
        "key": 0,
        "osmid": "carleton_parking_p6_osm_584934560_0",
        "highway": "service",
        "lanes": "1",
        "maxspeed": "15",
        "name": "P6 parking aisle",
        "oneway": false,
        "reversed": "False",
        "length": 60.59797690483684,
        "ref": "",
        "tunnel": "",
        "bridge": "",
        "width": "3",
        "access": "private",
        "junction": "",
        "parking_lot": "P6",
        "carleton_parking": true
      },
      "geometry": {
        "type": "LineString",
        "coordinates": [
          [
            -75.6995451,
            45.3899751
          ],
          [
            -75.6990103,
            45.3903361
          ]
        ]
      }
    },
    {
      "type": "Feature",
      "properties": {
        "u": 9900300105,
        "v": 9900300104,
        "key": 0,
        "osmid": "carleton_parking_p6_osm_584934560_0",
        "highway": "service",
        "lanes": "1",
        "maxspeed": "15",
        "name": "P6 parking aisle",
        "oneway": false,
        "reversed": "True",
        "length": 60.59797690483684,
        "ref": "",
        "tunnel": "",
        "bridge": "",
        "width": "3",
        "access": "private",
        "junction": "",
        "parking_lot": "P6",
        "carleton_parking": true
      },
      "geometry": {
        "type": "LineString",
        "coordinates": [
          [
            -75.6990103,
            45.3903361
          ],
          [
            -75.6995451,
            45.3899751
          ]
        ]
      }
    },
    {
      "type": "Feature",
      "properties": {
        "u": 9900300106,
        "v": 9900300107,
        "key": 0,
        "osmid": "carleton_parking_p6_osm_584934561_0",
        "highway": "service",
        "lanes": "1",
        "maxspeed": "15",
        "name": "P6 parking aisle",
        "oneway": false,
        "reversed": "False",
        "length": 73.30684585294672,
        "ref": "",
        "tunnel": "",
        "bridge": "",
        "width": "3",
        "access": "private",
        "junction": "",
        "parking_lot": "P6",
        "carleton_parking": true
      },
      "geometry": {
        "type": "LineString",
        "coordinates": [
          [
            -75.6995436,
            45.3898347
          ],
          [
            -75.6988859,
            45.3902619
          ]
        ]
      }
    },
    {
      "type": "Feature",
      "properties": {
        "u": 9900300107,
        "v": 9900300106,
        "key": 0,
        "osmid": "carleton_parking_p6_osm_584934561_0",
        "highway": "service",
        "lanes": "1",
        "maxspeed": "15",
        "name": "P6 parking aisle",
        "oneway": false,
        "reversed": "True",
        "length": 73.30684585294672,
        "ref": "",
        "tunnel": "",
        "bridge": "",
        "width": "3",
        "access": "private",
        "junction": "",
        "parking_lot": "P6",
        "carleton_parking": true
      },
      "geometry": {
        "type": "LineString",
        "coordinates": [
          [
            -75.6988859,
            45.3902619
          ],
          [
            -75.6995436,
            45.3898347
          ]
        ]
      }
    },
    {
      "type": "Feature",
      "properties": {
        "u": 9900300108,
        "v": 9900300109,
        "key": 0,
        "osmid": "carleton_parking_p6_osm_584934562_0",
        "highway": "service",
        "lanes": "1",
        "maxspeed": "15",
        "name": "P6 parking aisle",
        "oneway": false,
        "reversed": "False",
        "length": 91.4007897376677,
        "ref": "",
        "tunnel": "",
        "bridge": "",
        "width": "3",
        "access": "private",
        "junction": "",
        "parking_lot": "P6",
        "carleton_parking": true
      },
      "geometry": {
        "type": "LineString",
        "coordinates": [
          [
            -75.6995411,
            45.3896096
          ],
          [
            -75.6987317,
            45.3901517
          ]
        ]
      }
    },
    {
      "type": "Feature",
      "properties": {
        "u": 9900300109,
        "v": 9900300108,
        "key": 0,
        "osmid": "carleton_parking_p6_osm_584934562_0",
        "highway": "service",
        "lanes": "1",
        "maxspeed": "15",
        "name": "P6 parking aisle",
        "oneway": false,
        "reversed": "True",
        "length": 91.4007897376677,
        "ref": "",
        "tunnel": "",
        "bridge": "",
        "width": "3",
        "access": "private",
        "junction": "",
        "parking_lot": "P6",
        "carleton_parking": true
      },
      "geometry": {
        "type": "LineString",
        "coordinates": [
          [
            -75.6987317,
            45.3901517
          ],
          [
            -75.6995411,
            45.3896096
          ]
        ]
      }
    },
    {
      "type": "Feature",
      "properties": {
        "u": 9900300110,
        "v": 9900300111,
        "key": 0,
        "osmid": "carleton_parking_p6_osm_584934563_0",
        "highway": "service",
        "lanes": "1",
        "maxspeed": "15",
        "name": "P6 parking aisle",
        "oneway": false,
        "reversed": "False",
        "length": 101.55540075187247,
        "ref": "",
        "tunnel": "",
        "bridge": "",
        "width": "3",
        "access": "private",
        "junction": "",
        "parking_lot": "P6",
        "carleton_parking": true
      },
      "geometry": {
        "type": "LineString",
        "coordinates": [
          [
            -75.6985715,
            45.3900373
          ],
          [
            -75.6994737,
            45.3894375
          ]
        ]
      }
    },
    {
      "type": "Feature",
      "properties": {
        "u": 9900300111,
        "v": 9900300110,
        "key": 0,
        "osmid": "carleton_parking_p6_osm_584934563_0",
        "highway": "service",
        "lanes": "1",
        "maxspeed": "15",
        "name": "P6 parking aisle",
        "oneway": false,
        "reversed": "True",
        "length": 101.55540075187247,
        "ref": "",
        "tunnel": "",
        "bridge": "",
        "width": "3",
        "access": "private",
        "junction": "",
        "parking_lot": "P6",
        "carleton_parking": true
      },
      "geometry": {
        "type": "LineString",
        "coordinates": [
          [
            -75.6994737,
            45.3894375
          ],
          [
            -75.6985715,
            45.3900373
          ]
        ]
      }
    },
    {
      "type": "Feature",
      "properties": {
        "u": 9900300112,
        "v": 9900300113,
        "key": 0,
        "osmid": "carleton_parking_p6_osm_584934564_0",
        "highway": "service",
        "lanes": "1",
        "maxspeed": "15",
        "name": "P6 parking aisle",
        "oneway": false,
        "reversed": "False",
        "length": 102.15380843435186,
        "ref": "",
        "tunnel": "",
        "bridge": "",
        "width": "3",
        "access": "private",
        "junction": "",
        "parking_lot": "P6",
        "carleton_parking": true
      },
      "geometry": {
        "type": "LineString",
        "coordinates": [
          [
            -75.6993346,
            45.3893264
          ],
          [
            -75.6984258,
            45.3899286
          ]
        ]
      }
    },
    {
      "type": "Feature",
      "properties": {
        "u": 9900300113,
        "v": 9900300112,
        "key": 0,
        "osmid": "carleton_parking_p6_osm_584934564_0",
        "highway": "service",
        "lanes": "1",
        "maxspeed": "15",
        "name": "P6 parking aisle",
        "oneway": false,
        "reversed": "True",
        "length": 102.15380843435186,
        "ref": "",
        "tunnel": "",
        "bridge": "",
        "width": "3",
        "access": "private",
        "junction": "",
        "parking_lot": "P6",
        "carleton_parking": true
      },
      "geometry": {
        "type": "LineString",
        "coordinates": [
          [
            -75.6984258,
            45.3899286
          ],
          [
            -75.6993346,
            45.3893264
          ]
        ]
      }
    },
    {
      "type": "Feature",
      "properties": {
        "u": 9900300114,
        "v": 9900300115,
        "key": 0,
        "osmid": "carleton_parking_p6_osm_584934565_0",
        "highway": "service",
        "lanes": "1",
        "maxspeed": "15",
        "name": "P6 parking aisle",
        "oneway": false,
        "reversed": "False",
        "length": 102.37288711934285,
        "ref": "",
        "tunnel": "",
        "bridge": "",
        "width": "3",
        "access": "private",
        "junction": "",
        "parking_lot": "P6",
        "carleton_parking": true
      },
      "geometry": {
        "type": "LineString",
        "coordinates": [
          [
            -75.6982711,
            45.3898081
          ],
          [
            -75.6991798,
            45.3892028
          ]
        ]
      }
    },
    {
      "type": "Feature",
      "properties": {
        "u": 9900300115,
        "v": 9900300114,
        "key": 0,
        "osmid": "carleton_parking_p6_osm_584934565_0",
        "highway": "service",
        "lanes": "1",
        "maxspeed": "15",
        "name": "P6 parking aisle",
        "oneway": false,
        "reversed": "True",
        "length": 102.37288711934285,
        "ref": "",
        "tunnel": "",
        "bridge": "",
        "width": "3",
        "access": "private",
        "junction": "",
        "parking_lot": "P6",
        "carleton_parking": true
      },
      "geometry": {
        "type": "LineString",
        "coordinates": [
          [
            -75.6991798,
            45.3892028
          ],
          [
            -75.6982711,
            45.3898081
          ]
        ]
      }
    },
    {
      "type": "Feature",
      "properties": {
        "u": 9900300116,
        "v": 9900300117,
        "key": 0,
        "osmid": "carleton_parking_p6_osm_584934566_0",
        "highway": "service",
        "lanes": "1",
        "maxspeed": "15",
        "name": "P6 parking aisle",
        "oneway": false,
        "reversed": "False",
        "length": 102.5216443713206,
        "ref": "",
        "tunnel": "",
        "bridge": "",
        "width": "3",
        "access": "private",
        "junction": "",
        "parking_lot": "P6",
        "carleton_parking": true
      },
      "geometry": {
        "type": "LineString",
        "coordinates": [
          [
            -75.6990232,
            45.3890777
          ],
          [
            -75.6981279,
            45.3896966
          ]
        ]
      }
    },
    {
      "type": "Feature",
      "properties": {
        "u": 9900300117,
        "v": 9900300116,
        "key": 0,
        "osmid": "carleton_parking_p6_osm_584934566_0",
        "highway": "service",
        "lanes": "1",
        "maxspeed": "15",
        "name": "P6 parking aisle",
        "oneway": false,
        "reversed": "True",
        "length": 102.5216443713206,
        "ref": "",
        "tunnel": "",
        "bridge": "",
        "width": "3",
        "access": "private",
        "junction": "",
        "parking_lot": "P6",
        "carleton_parking": true
      },
      "geometry": {
        "type": "LineString",
        "coordinates": [
          [
            -75.6981279,
            45.3896966
          ],
          [
            -75.6990232,
            45.3890777
          ]
        ]
      }
    },
    {
      "type": "Feature",
      "properties": {
        "u": 9900300118,
        "v": 9900300119,
        "key": 0,
        "osmid": "carleton_parking_p6_osm_584934567_0",
        "highway": "service",
        "lanes": "1",
        "maxspeed": "15",
        "name": "P6 parking aisle",
        "oneway": false,
        "reversed": "False",
        "length": 99.41823985197436,
        "ref": "",
        "tunnel": "",
        "bridge": "",
        "width": "3",
        "access": "private",
        "junction": "",
        "parking_lot": "P6",
        "carleton_parking": true
      },
      "geometry": {
        "type": "LineString",
        "coordinates": [
          [
            -75.6979891,
            45.3895656
          ],
          [
            -75.6988699,
            45.3889763
          ]
        ]
      }
    },
    {
      "type": "Feature",
      "properties": {
        "u": 9900300119,
        "v": 9900300118,
        "key": 0,
        "osmid": "carleton_parking_p6_osm_584934567_0",
        "highway": "service",
        "lanes": "1",
        "maxspeed": "15",
        "name": "P6 parking aisle",
        "oneway": false,
        "reversed": "True",
        "length": 99.41823985197436,
        "ref": "",
        "tunnel": "",
        "bridge": "",
        "width": "3",
        "access": "private",
        "junction": "",
        "parking_lot": "P6",
        "carleton_parking": true
      },
      "geometry": {
        "type": "LineString",
        "coordinates": [
          [
            -75.6988699,
            45.3889763
          ],
          [
            -75.6979891,
            45.3895656
          ]
        ]
      }
    },
    {
      "type": "Feature",
      "properties": {
        "u": 9900300120,
        "v": 9900300121,
        "key": 0,
        "osmid": "carleton_parking_p6_osm_584934568_0",
        "highway": "service",
        "lanes": "1",
        "maxspeed": "15",
        "name": "P6 parking aisle",
        "oneway": false,
        "reversed": "False",
        "length": 19.685589653639624,
        "ref": "",
        "tunnel": "",
        "bridge": "",
        "width": "3",
        "access": "private",
        "junction": "",
        "parking_lot": "P6",
        "carleton_parking": true
      },
      "geometry": {
        "type": "LineString",
        "coordinates": [
          [
            -75.6987063,
            45.3888681
          ],
          [
            -75.6985347,
            45.3889872
          ]
        ]
      }
    },
    {
      "type": "Feature",
      "properties": {
        "u": 9900300121,
        "v": 9900300120,
        "key": 0,
        "osmid": "carleton_parking_p6_osm_584934568_0",
        "highway": "service",
        "lanes": "1",
        "maxspeed": "15",
        "name": "P6 parking aisle",
        "oneway": false,
        "reversed": "True",
        "length": 19.685589653639624,
        "ref": "",
        "tunnel": "",
        "bridge": "",
        "width": "3",
        "access": "private",
        "junction": "",
        "parking_lot": "P6",
        "carleton_parking": true
      },
      "geometry": {
        "type": "LineString",
        "coordinates": [
          [
            -75.6985347,
            45.3889872
          ],
          [
            -75.6987063,
            45.3888681
          ]
        ]
      }
    },
    {
      "type": "Feature",
      "properties": {
        "u": 9900300121,
        "v": 9900300122,
        "key": 0,
        "osmid": "carleton_parking_p6_osm_584934568_1",
        "highway": "service",
        "lanes": "1",
        "maxspeed": "15",
        "name": "P6 parking aisle",
        "oneway": false,
        "reversed": "False",
        "length": 20.08492605109695,
        "ref": "",
        "tunnel": "",
        "bridge": "",
        "width": "3",
        "access": "private",
        "junction": "",
        "parking_lot": "P6",
        "carleton_parking": true
      },
      "geometry": {
        "type": "LineString",
        "coordinates": [
          [
            -75.6985347,
            45.3889872
          ],
          [
            -75.6983596,
            45.3891087
          ]
        ]
      }
    },
    {
      "type": "Feature",
      "properties": {
        "u": 9900300122,
        "v": 9900300121,
        "key": 0,
        "osmid": "carleton_parking_p6_osm_584934568_1",
        "highway": "service",
        "lanes": "1",
        "maxspeed": "15",
        "name": "P6 parking aisle",
        "oneway": false,
        "reversed": "True",
        "length": 20.08492605109695,
        "ref": "",
        "tunnel": "",
        "bridge": "",
        "width": "3",
        "access": "private",
        "junction": "",
        "parking_lot": "P6",
        "carleton_parking": true
      },
      "geometry": {
        "type": "LineString",
        "coordinates": [
          [
            -75.6983596,
            45.3891087
          ],
          [
            -75.6985347,
            45.3889872
          ]
        ]
      }
    },
    {
      "type": "Feature",
      "properties": {
        "u": 9900300122,
        "v": 9900300123,
        "key": 0,
        "osmid": "carleton_parking_p6_osm_584934568_2",
        "highway": "service",
        "lanes": "1",
        "maxspeed": "15",
        "name": "P6 parking aisle",
        "oneway": false,
        "reversed": "False",
        "length": 55.767382558372084,
        "ref": "",
        "tunnel": "",
        "bridge": "",
        "width": "3",
        "access": "private",
        "junction": "",
        "parking_lot": "P6",
        "carleton_parking": true
      },
      "geometry": {
        "type": "LineString",
        "coordinates": [
          [
            -75.6983596,
            45.3891087
          ],
          [
            -75.6978749,
            45.3894473
          ]
        ]
      }
    },
    {
      "type": "Feature",
      "properties": {
        "u": 9900300123,
        "v": 9900300122,
        "key": 0,
        "osmid": "carleton_parking_p6_osm_584934568_2",
        "highway": "service",
        "lanes": "1",
        "maxspeed": "15",
        "name": "P6 parking aisle",
        "oneway": false,
        "reversed": "True",
        "length": 55.767382558372084,
        "ref": "",
        "tunnel": "",
        "bridge": "",
        "width": "3",
        "access": "private",
        "junction": "",
        "parking_lot": "P6",
        "carleton_parking": true
      },
      "geometry": {
        "type": "LineString",
        "coordinates": [
          [
            -75.6978749,
            45.3894473
          ],
          [
            -75.6983596,
            45.3891087
          ]
        ]
      }
    },
    {
      "type": "Feature",
      "properties": {
        "u": 9900300124,
        "v": 9900300125,
        "key": 0,
        "osmid": "carleton_parking_p6_osm_584934569_0",
        "highway": "service",
        "lanes": "1",
        "maxspeed": "15",
        "name": "P6 parking aisle",
        "oneway": false,
        "reversed": "False",
        "length": 17.233764279712833,
        "ref": "",
        "tunnel": "",
        "bridge": "",
        "width": "3",
        "access": "private",
        "junction": "",
        "parking_lot": "P6",
        "carleton_parking": true
      },
      "geometry": {
        "type": "LineString",
        "coordinates": [
          [
            -75.6984983,
            45.3885929
          ],
          [
            -75.6983154,
            45.3886599
          ]
        ]
      }
    },
    {
      "type": "Feature",
      "properties": {
        "u": 9900300125,
        "v": 9900300124,
        "key": 0,
        "osmid": "carleton_parking_p6_osm_584934569_0",
        "highway": "service",
        "lanes": "1",
        "maxspeed": "15",
        "name": "P6 parking aisle",
        "oneway": false,
        "reversed": "True",
        "length": 17.233764279712833,
        "ref": "",
        "tunnel": "",
        "bridge": "",
        "width": "3",
        "access": "private",
        "junction": "",
        "parking_lot": "P6",
        "carleton_parking": true
      },
      "geometry": {
        "type": "LineString",
        "coordinates": [
          [
            -75.6983154,
            45.3886599
          ],
          [
            -75.6984983,
            45.3885929
          ]
        ]
      }
    },
    {
      "type": "Feature",
      "properties": {
        "u": 9900300126,
        "v": 9900300127,
        "key": 0,
        "osmid": "carleton_parking_p6_osm_584934571_0",
        "highway": "service",
        "lanes": "1",
        "maxspeed": "15",
        "name": "P6 parking aisle",
        "oneway": false,
        "reversed": "False",
        "length": 18.011254129341527,
        "ref": "",
        "tunnel": "",
        "bridge": "",
        "width": "3",
        "access": "private",
        "junction": "",
        "parking_lot": "P6",
        "carleton_parking": true
      },
      "geometry": {
        "type": "LineString",
        "coordinates": [
          [
            -75.6981907,
            45.3884973
          ],
          [
            -75.6983823,
            45.388428
          ]
        ]
      }
    },
    {
      "type": "Feature",
      "properties": {
        "u": 9900300127,
        "v": 9900300126,
        "key": 0,
        "osmid": "carleton_parking_p6_osm_584934571_0",
        "highway": "service",
        "lanes": "1",
        "maxspeed": "15",
        "name": "P6 parking aisle",
        "oneway": false,
        "reversed": "True",
        "length": 18.011254129341527,
        "ref": "",
        "tunnel": "",
        "bridge": "",
        "width": "3",
        "access": "private",
        "junction": "",
        "parking_lot": "P6",
        "carleton_parking": true
      },
      "geometry": {
        "type": "LineString",
        "coordinates": [
          [
            -75.6983823,
            45.388428
          ],
          [
            -75.6981907,
            45.3884973
          ]
        ]
      }
    },
    {
      "type": "Feature",
      "properties": {
        "u": 9900300127,
        "v": 9900300124,
        "key": 0,
        "osmid": "carleton_parking_p6_osm_584934571_1",
        "highway": "service",
        "lanes": "1",
        "maxspeed": "15",
        "name": "P6 parking aisle",
        "oneway": false,
        "reversed": "False",
        "length": 20.790679527169203,
        "ref": "",
        "tunnel": "",
        "bridge": "",
        "width": "3",
        "access": "private",
        "junction": "",
        "parking_lot": "P6",
        "carleton_parking": true
      },
      "geometry": {
        "type": "LineString",
        "coordinates": [
          [
            -75.6983823,
            45.388428
          ],
          [
            -75.6984983,
            45.3885929
          ]
        ]
      }
    },
    {
      "type": "Feature",
      "properties": {
        "u": 9900300124,
        "v": 9900300127,
        "key": 0,
        "osmid": "carleton_parking_p6_osm_584934571_1",
        "highway": "service",
        "lanes": "1",
        "maxspeed": "15",
        "name": "P6 parking aisle",
        "oneway": false,
        "reversed": "True",
        "length": 20.790679527169203,
        "ref": "",
        "tunnel": "",
        "bridge": "",
        "width": "3",
        "access": "private",
        "junction": "",
        "parking_lot": "P6",
        "carleton_parking": true
      },
      "geometry": {
        "type": "LineString",
        "coordinates": [
          [
            -75.6984983,
            45.3885929
          ],
          [
            -75.6983823,
            45.388428
          ]
        ]
      }
    },
    {
      "type": "Feature",
      "properties": {
        "u": 9900300124,
        "v": 9900300128,
        "key": 0,
        "osmid": "carleton_parking_p6_osm_584934571_2",
        "highway": "service",
        "lanes": "1",
        "maxspeed": "15",
        "name": "P6 parking aisle",
        "oneway": false,
        "reversed": "False",
        "length": 20.57037947422438,
        "ref": "",
        "tunnel": "",
        "bridge": "",
        "width": "3",
        "access": "private",
        "junction": "",
        "parking_lot": "P6",
        "carleton_parking": true
      },
      "geometry": {
        "type": "LineString",
        "coordinates": [
          [
            -75.6984983,
            45.3885929
          ],
          [
            -75.6986186,
            45.3887537
          ]
        ]
      }
    },
    {
      "type": "Feature",
      "properties": {
        "u": 9900300128,
        "v": 9900300124,
        "key": 0,
        "osmid": "carleton_parking_p6_osm_584934571_2",
        "highway": "service",
        "lanes": "1",
        "maxspeed": "15",
        "name": "P6 parking aisle",
        "oneway": false,
        "reversed": "True",
        "length": 20.57037947422438,
        "ref": "",
        "tunnel": "",
        "bridge": "",
        "width": "3",
        "access": "private",
        "junction": "",
        "parking_lot": "P6",
        "carleton_parking": true
      },
      "geometry": {
        "type": "LineString",
        "coordinates": [
          [
            -75.6986186,
            45.3887537
          ],
          [
            -75.6984983,
            45.3885929
          ]
        ]
      }
    },
    {
      "type": "Feature",
      "properties": {
        "u": 9900300129,
        "v": 9900300128,
        "key": 0,
        "osmid": "carleton_parking_p6_osm_130332629_0",
        "highway": "service",
        "lanes": "1",
        "maxspeed": "15",
        "name": "P6 parking aisle",
        "oneway": false,
        "reversed": "False",
        "length": 18.22272653398436,
        "ref": "",
        "tunnel": "",
        "bridge": "",
        "width": "3",
        "access": "private",
        "junction": "",
        "parking_lot": "P6",
        "carleton_parking": true
      },
      "geometry": {
        "type": "LineString",
        "coordinates": [
          [
            -75.6984331,
            45.388836
          ],
          [
            -75.6986186,
            45.3887537
          ]
        ]
      }
    },
    {
      "type": "Feature",
      "properties": {
        "u": 9900300128,
        "v": 9900300129,
        "key": 0,
        "osmid": "carleton_parking_p6_osm_130332629_0",
        "highway": "service",
        "lanes": "1",
        "maxspeed": "15",
        "name": "P6 parking aisle",
        "oneway": false,
        "reversed": "True",
        "length": 18.22272653398436,
        "ref": "",
        "tunnel": "",
        "bridge": "",
        "width": "3",
        "access": "private",
        "junction": "",
        "parking_lot": "P6",
        "carleton_parking": true
      },
      "geometry": {
        "type": "LineString",
        "coordinates": [
          [
            -75.6986186,
            45.3887537
          ],
          [
            -75.6984331,
            45.388836
          ]
        ]
      }
    },
    {
      "type": "Feature",
      "properties": {
        "u": 9900300128,
        "v": 9900300120,
        "key": 0,
        "osmid": "carleton_parking_p6_osm_130332629_1",
        "highway": "service",
        "lanes": "1",
        "maxspeed": "15",
        "name": "P6 parking aisle",
        "oneway": false,
        "reversed": "False",
        "length": 14.724772759066617,
        "ref": "",
        "tunnel": "",
        "bridge": "",
        "width": "3",
        "access": "private",
        "junction": "",
        "parking_lot": "P6",
        "carleton_parking": true
      },
      "geometry": {
        "type": "LineString",
        "coordinates": [
          [
            -75.6986186,
            45.3887537
          ],
          [
            -75.6987063,
            45.3888681
          ]
        ]
      }
    },
    {
      "type": "Feature",
      "properties": {
        "u": 9900300120,
        "v": 9900300128,
        "key": 0,
        "osmid": "carleton_parking_p6_osm_130332629_1",
        "highway": "service",
        "lanes": "1",
        "maxspeed": "15",
        "name": "P6 parking aisle",
        "oneway": false,
        "reversed": "True",
        "length": 14.724772759066617,
        "ref": "",
        "tunnel": "",
        "bridge": "",
        "width": "3",
        "access": "private",
        "junction": "",
        "parking_lot": "P6",
        "carleton_parking": true
      },
      "geometry": {
        "type": "LineString",
        "coordinates": [
          [
            -75.6987063,
            45.3888681
          ],
          [
            -75.6986186,
            45.3887537
          ]
        ]
      }
    },
    {
      "type": "Feature",
      "properties": {
        "u": 9900300120,
        "v": 9900300119,
        "key": 0,
        "osmid": "carleton_parking_p6_osm_130332629_2",
        "highway": "service",
        "lanes": "1",
        "maxspeed": "15",
        "name": "P6 parking aisle",
        "oneway": false,
        "reversed": "False",
        "length": 18.374486116816016,
        "ref": "",
        "tunnel": "",
        "bridge": "",
        "width": "3",
        "access": "private",
        "junction": "",
        "parking_lot": "P6",
        "carleton_parking": true
      },
      "geometry": {
        "type": "LineString",
        "coordinates": [
          [
            -75.6987063,
            45.3888681
          ],
          [
            -75.6988699,
            45.3889763
          ]
        ]
      }
    },
    {
      "type": "Feature",
      "properties": {
        "u": 9900300119,
        "v": 9900300120,
        "key": 0,
        "osmid": "carleton_parking_p6_osm_130332629_2",
        "highway": "service",
        "lanes": "1",
        "maxspeed": "15",
        "name": "P6 parking aisle",
        "oneway": false,
        "reversed": "True",
        "length": 18.374486116816016,
        "ref": "",
        "tunnel": "",
        "bridge": "",
        "width": "3",
        "access": "private",
        "junction": "",
        "parking_lot": "P6",
        "carleton_parking": true
      },
      "geometry": {
        "type": "LineString",
        "coordinates": [
          [
            -75.6988699,
            45.3889763
          ],
          [
            -75.6987063,
            45.3888681
          ]
        ]
      }
    },
    {
      "type": "Feature",
      "properties": {
        "u": 9900300119,
        "v": 9900300116,
        "key": 0,
        "osmid": "carleton_parking_p6_osm_130332629_3",
        "highway": "service",
        "lanes": "1",
        "maxspeed": "15",
        "name": "P6 parking aisle",
        "oneway": false,
        "reversed": "False",
        "length": 17.218535343988762,
        "ref": "",
        "tunnel": "",
        "bridge": "",
        "width": "3",
        "access": "private",
        "junction": "",
        "parking_lot": "P6",
        "carleton_parking": true
      },
      "geometry": {
        "type": "LineString",
        "coordinates": [
          [
            -75.6988699,
            45.3889763
          ],
          [
            -75.6990232,
            45.3890777
          ]
        ]
      }
    },
    {
      "type": "Feature",
      "properties": {
        "u": 9900300116,
        "v": 9900300119,
        "key": 0,
        "osmid": "carleton_parking_p6_osm_130332629_3",
        "highway": "service",
        "lanes": "1",
        "maxspeed": "15",
        "name": "P6 parking aisle",
        "oneway": false,
        "reversed": "True",
        "length": 17.218535343988762,
        "ref": "",
        "tunnel": "",
        "bridge": "",
        "width": "3",
        "access": "private",
        "junction": "",
        "parking_lot": "P6",
        "carleton_parking": true
      },
      "geometry": {
        "type": "LineString",
        "coordinates": [
          [
            -75.6990232,
            45.3890777
          ],
          [
            -75.6988699,
            45.3889763
          ]
        ]
      }
    },
    {
      "type": "Feature",
      "properties": {
        "u": 9900300116,
        "v": 9900300115,
        "key": 0,
        "osmid": "carleton_parking_p6_osm_130332629_4",
        "highway": "service",
        "lanes": "1",
        "maxspeed": "15",
        "name": "P6 parking aisle",
        "oneway": false,
        "reversed": "False",
        "length": 19.2355528695524,
        "ref": "",
        "tunnel": "",
        "bridge": "",
        "width": "3",
        "access": "private",
        "junction": "",
        "parking_lot": "P6",
        "carleton_parking": true
      },
      "geometry": {
        "type": "LineString",
        "coordinates": [
          [
            -75.6990232,
            45.3890777
          ],
          [
            -75.6991798,
            45.3892028
          ]
        ]
      }
    },
    {
      "type": "Feature",
      "properties": {
        "u": 9900300115,
        "v": 9900300116,
        "key": 0,
        "osmid": "carleton_parking_p6_osm_130332629_4",
        "highway": "service",
        "lanes": "1",
        "maxspeed": "15",
        "name": "P6 parking aisle",
        "oneway": false,
        "reversed": "True",
        "length": 19.2355528695524,
        "ref": "",
        "tunnel": "",
        "bridge": "",
        "width": "3",
        "access": "private",
        "junction": "",
        "parking_lot": "P6",
        "carleton_parking": true
      },
      "geometry": {
        "type": "LineString",
        "coordinates": [
          [
            -75.6991798,
            45.3892028
          ],
          [
            -75.6990232,
            45.3890777
          ]
        ]
      }
    },
    {
      "type": "Feature",
      "properties": {
        "u": 9900300115,
        "v": 9900300112,
        "key": 0,
        "osmid": "carleton_parking_p6_osm_130332629_5",
        "highway": "service",
        "lanes": "1",
        "maxspeed": "15",
        "name": "P6 parking aisle",
        "oneway": false,
        "reversed": "False",
        "length": 19.009481533580857,
        "ref": "",
        "tunnel": "",
        "bridge": "",
        "width": "3",
        "access": "private",
        "junction": "",
        "parking_lot": "P6",
        "carleton_parking": true
      },
      "geometry": {
        "type": "LineString",
        "coordinates": [
          [
            -75.6991798,
            45.3892028
          ],
          [
            -75.6993346,
            45.3893264
          ]
        ]
      }
    },
    {
      "type": "Feature",
      "properties": {
        "u": 9900300112,
        "v": 9900300115,
        "key": 0,
        "osmid": "carleton_parking_p6_osm_130332629_5",
        "highway": "service",
        "lanes": "1",
        "maxspeed": "15",
        "name": "P6 parking aisle",
        "oneway": false,
        "reversed": "True",
        "length": 19.009481533580857,
        "ref": "",
        "tunnel": "",
        "bridge": "",
        "width": "3",
        "access": "private",
        "junction": "",
        "parking_lot": "P6",
        "carleton_parking": true
      },
      "geometry": {
        "type": "LineString",
        "coordinates": [
          [
            -75.6993346,
            45.3893264
          ],
          [
            -75.6991798,
            45.3892028
          ]
        ]
      }
    },
    {
      "type": "Feature",
      "properties": {
        "u": 9900300112,
        "v": 9900300111,
        "key": 0,
        "osmid": "carleton_parking_p6_osm_130332629_6",
        "highway": "service",
        "lanes": "1",
        "maxspeed": "15",
        "name": "P6 parking aisle",
        "oneway": false,
        "reversed": "False",
        "length": 17.084374224752374,
        "ref": "",
        "tunnel": "",
        "bridge": "",
        "width": "3",
        "access": "private",
        "junction": "",
        "parking_lot": "P6",
        "carleton_parking": true
      },
      "geometry": {
        "type": "LineString",
        "coordinates": [
          [
            -75.6993346,
            45.3893264
          ],
          [
            -75.6994737,
            45.3894375
          ]
        ]
      }
    },
    {
      "type": "Feature",
      "properties": {
        "u": 9900300111,
        "v": 9900300112,
        "key": 0,
        "osmid": "carleton_parking_p6_osm_130332629_6",
        "highway": "service",
        "lanes": "1",
        "maxspeed": "15",
        "name": "P6 parking aisle",
        "oneway": false,
        "reversed": "True",
        "length": 17.084374224752374,
        "ref": "",
        "tunnel": "",
        "bridge": "",
        "width": "3",
        "access": "private",
        "junction": "",
        "parking_lot": "P6",
        "carleton_parking": true
      },
      "geometry": {
        "type": "LineString",
        "coordinates": [
          [
            -75.6994737,
            45.3894375
          ],
          [
            -75.6993346,
            45.3893264
          ]
        ]
      }
    },
    {
      "type": "Feature",
      "properties": {
        "u": 9900300111,
        "v": 9900300130,
        "key": 0,
        "osmid": "carleton_parking_p6_osm_130332629_7",
        "highway": "service",
        "lanes": "1",
        "maxspeed": "15",
        "name": "P6 parking aisle",
        "oneway": false,
        "reversed": "False",
        "length": 8.132794022720118,
        "ref": "",
        "tunnel": "",
        "bridge": "",
        "width": "3",
        "access": "private",
        "junction": "",
        "parking_lot": "P6",
        "carleton_parking": true
      },
      "geometry": {
        "type": "LineString",
        "coordinates": [
          [
            -75.6994737,
            45.3894375
          ],
          [
            -75.6995399,
            45.3894904
          ]
        ]
      }
    },
    {
      "type": "Feature",
      "properties": {
        "u": 9900300130,
        "v": 9900300111,
        "key": 0,
        "osmid": "carleton_parking_p6_osm_130332629_7",
        "highway": "service",
        "lanes": "1",
        "maxspeed": "15",
        "name": "P6 parking aisle",
        "oneway": false,
        "reversed": "True",
        "length": 8.132794022720118,
        "ref": "",
        "tunnel": "",
        "bridge": "",
        "width": "3",
        "access": "private",
        "junction": "",
        "parking_lot": "P6",
        "carleton_parking": true
      },
      "geometry": {
        "type": "LineString",
        "coordinates": [
          [
            -75.6995399,
            45.3894904
          ],
          [
            -75.6994737,
            45.3894375
          ]
        ]
      }
    },
    {
      "type": "Feature",
      "properties": {
        "u": 9900300130,
        "v": 9900300108,
        "key": 0,
        "osmid": "carleton_parking_p6_osm_130332629_8",
        "highway": "service",
        "lanes": "1",
        "maxspeed": "15",
        "name": "P6 parking aisle",
        "oneway": false,
        "reversed": "False",
        "length": 13.231593155812112,
        "ref": "",
        "tunnel": "",
        "bridge": "",
        "width": "3",
        "access": "private",
        "junction": "",
        "parking_lot": "P6",
        "carleton_parking": true
      },
      "geometry": {
        "type": "LineString",
        "coordinates": [
          [
            -75.6995399,
            45.3894904
          ],
          [
            -75.6995411,
            45.3896096
          ]
        ]
      }
    },
    {
      "type": "Feature",
      "properties": {
        "u": 9900300108,
        "v": 9900300130,
        "key": 0,
        "osmid": "carleton_parking_p6_osm_130332629_8",
        "highway": "service",
        "lanes": "1",
        "maxspeed": "15",
        "name": "P6 parking aisle",
        "oneway": false,
        "reversed": "True",
        "length": 13.231593155812112,
        "ref": "",
        "tunnel": "",
        "bridge": "",
        "width": "3",
        "access": "private",
        "junction": "",
        "parking_lot": "P6",
        "carleton_parking": true
      },
      "geometry": {
        "type": "LineString",
        "coordinates": [
          [
            -75.6995411,
            45.3896096
          ],
          [
            -75.6995399,
            45.3894904
          ]
        ]
      }
    },
    {
      "type": "Feature",
      "properties": {
        "u": 9900300108,
        "v": 9900300106,
        "key": 0,
        "osmid": "carleton_parking_p6_osm_130332629_9",
        "highway": "service",
        "lanes": "1",
        "maxspeed": "15",
        "name": "P6 parking aisle",
        "oneway": false,
        "reversed": "False",
        "length": 24.98700361124303,
        "ref": "",
        "tunnel": "",
        "bridge": "",
        "width": "3",
        "access": "private",
        "junction": "",
        "parking_lot": "P6",
        "carleton_parking": true
      },
      "geometry": {
        "type": "LineString",
        "coordinates": [
          [
            -75.6995411,
            45.3896096
          ],
          [
            -75.6995436,
            45.3898347
          ]
        ]
      }
    },
    {
      "type": "Feature",
      "properties": {
        "u": 9900300106,
        "v": 9900300108,
        "key": 0,
        "osmid": "carleton_parking_p6_osm_130332629_9",
        "highway": "service",
        "lanes": "1",
        "maxspeed": "15",
        "name": "P6 parking aisle",
        "oneway": false,
        "reversed": "True",
        "length": 24.98700361124303,
        "ref": "",
        "tunnel": "",
        "bridge": "",
        "width": "3",
        "access": "private",
        "junction": "",
        "parking_lot": "P6",
        "carleton_parking": true
      },
      "geometry": {
        "type": "LineString",
        "coordinates": [
          [
            -75.6995436,
            45.3898347
          ],
          [
            -75.6995411,
            45.3896096
          ]
        ]
      }
    },
    {
      "type": "Feature",
      "properties": {
        "u": 9900300106,
        "v": 9900300104,
        "key": 0,
        "osmid": "carleton_parking_p6_osm_130332629_10",
        "highway": "service",
        "lanes": "1",
        "maxspeed": "15",
        "name": "P6 parking aisle",
        "oneway": false,
        "reversed": "False",
        "length": 15.584921546409959,
        "ref": "",
        "tunnel": "",
        "bridge": "",
        "width": "3",
        "access": "private",
        "junction": "",
        "parking_lot": "P6",
        "carleton_parking": true
      },
      "geometry": {
        "type": "LineString",
        "coordinates": [
          [
            -75.6995436,
            45.3898347
          ],
          [
            -75.6995451,
            45.3899751
          ]
        ]
      }
    },
    {
      "type": "Feature",
      "properties": {
        "u": 9900300104,
        "v": 9900300106,
        "key": 0,
        "osmid": "carleton_parking_p6_osm_130332629_10",
        "highway": "service",
        "lanes": "1",
        "maxspeed": "15",
        "name": "P6 parking aisle",
        "oneway": false,
        "reversed": "True",
        "length": 15.584921546409959,
        "ref": "",
        "tunnel": "",
        "bridge": "",
        "width": "3",
        "access": "private",
        "junction": "",
        "parking_lot": "P6",
        "carleton_parking": true
      },
      "geometry": {
        "type": "LineString",
        "coordinates": [
          [
            -75.6995451,
            45.3899751
          ],
          [
            -75.6995436,
            45.3898347
          ]
        ]
      }
    },
    {
      "type": "Feature",
      "properties": {
        "u": 9900300104,
        "v": 9900300102,
        "key": 0,
        "osmid": "carleton_parking_p6_osm_130332629_11",
        "highway": "service",
        "lanes": "1",
        "maxspeed": "15",
        "name": "P6 parking aisle",
        "oneway": false,
        "reversed": "False",
        "length": 20.591201768062962,
        "ref": "",
        "tunnel": "",
        "bridge": "",
        "width": "3",
        "access": "private",
        "junction": "",
        "parking_lot": "P6",
        "carleton_parking": true
      },
      "geometry": {
        "type": "LineString",
        "coordinates": [
          [
            -75.6995451,
            45.3899751
          ],
          [
            -75.6995471,
            45.3901606
          ]
        ]
      }
    },
    {
      "type": "Feature",
      "properties": {
        "u": 9900300102,
        "v": 9900300104,
        "key": 0,
        "osmid": "carleton_parking_p6_osm_130332629_11",
        "highway": "service",
        "lanes": "1",
        "maxspeed": "15",
        "name": "P6 parking aisle",
        "oneway": false,
        "reversed": "True",
        "length": 20.591201768062962,
        "ref": "",
        "tunnel": "",
        "bridge": "",
        "width": "3",
        "access": "private",
        "junction": "",
        "parking_lot": "P6",
        "carleton_parking": true
      },
      "geometry": {
        "type": "LineString",
        "coordinates": [
          [
            -75.6995471,
            45.3901606
          ],
          [
            -75.6995451,
            45.3899751
          ]
        ]
      }
    },
    {
      "type": "Feature",
      "properties": {
        "u": 9900300102,
        "v": 9900300131,
        "key": 0,
        "osmid": "carleton_parking_p6_osm_130332629_12",
        "highway": "service",
        "lanes": "1",
        "maxspeed": "15",
        "name": "P6 parking aisle",
        "oneway": false,
        "reversed": "False",
        "length": 20.92419059965131,
        "ref": "",
        "tunnel": "",
        "bridge": "",
        "width": "3",
        "access": "private",
        "junction": "",
        "parking_lot": "P6",
        "carleton_parking": true
      },
      "geometry": {
        "type": "LineString",
        "coordinates": [
          [
            -75.6995471,
            45.3901606
          ],
          [
            -75.6995491,
            45.3903491
          ]
        ]
      }
    },
    {
      "type": "Feature",
      "properties": {
        "u": 9900300131,
        "v": 9900300102,
        "key": 0,
        "osmid": "carleton_parking_p6_osm_130332629_12",
        "highway": "service",
        "lanes": "1",
        "maxspeed": "15",
        "name": "P6 parking aisle",
        "oneway": false,
        "reversed": "True",
        "length": 20.92419059965131,
        "ref": "",
        "tunnel": "",
        "bridge": "",
        "width": "3",
        "access": "private",
        "junction": "",
        "parking_lot": "P6",
        "carleton_parking": true
      },
      "geometry": {
        "type": "LineString",
        "coordinates": [
          [
            -75.6995491,
            45.3903491
          ],
          [
            -75.6995471,
            45.3901606
          ]
        ]
      }
    },
    {
      "type": "Feature",
      "properties": {
        "u": 9900300131,
        "v": 9900300132,
        "key": 0,
        "osmid": "carleton_parking_p6_osm_130332629_13",
        "highway": "service",
        "lanes": "1",
        "maxspeed": "15",
        "name": "P6 parking aisle",
        "oneway": false,
        "reversed": "False",
        "length": 22.13800692250056,
        "ref": "",
        "tunnel": "",
        "bridge": "",
        "width": "3",
        "access": "private",
        "junction": "",
        "parking_lot": "P6",
        "carleton_parking": true
      },
      "geometry": {
        "type": "LineString",
        "coordinates": [
          [
            -75.6995491,
            45.3903491
          ],
          [
            -75.6993844,
            45.3905036
          ]
        ]
      }
    },
    {
      "type": "Feature",
      "properties": {
        "u": 9900300132,
        "v": 9900300131,
        "key": 0,
        "osmid": "carleton_parking_p6_osm_130332629_13",
        "highway": "service",
        "lanes": "1",
        "maxspeed": "15",
        "name": "P6 parking aisle",
        "oneway": false,
        "reversed": "True",
        "length": 22.13800692250056,
        "ref": "",
        "tunnel": "",
        "bridge": "",
        "width": "3",
        "access": "private",
        "junction": "",
        "parking_lot": "P6",
        "carleton_parking": true
      },
      "geometry": {
        "type": "LineString",
        "coordinates": [
          [
            -75.6993844,
            45.3905036
          ],
          [
            -75.6995491,
            45.3903491
          ]
        ]
      }
    },
    {
      "type": "Feature",
      "properties": {
        "u": 9900300132,
        "v": 9900300103,
        "key": 0,
        "osmid": "carleton_parking_p6_osm_130332629_14",
        "highway": "service",
        "lanes": "1",
        "maxspeed": "15",
        "name": "P6 parking aisle",
        "oneway": false,
        "reversed": "False",
        "length": 19.22008392156886,
        "ref": "",
        "tunnel": "",
        "bridge": "",
        "width": "3",
        "access": "private",
        "junction": "",
        "parking_lot": "P6",
        "carleton_parking": true
      },
      "geometry": {
        "type": "LineString",
        "coordinates": [
          [
            -75.6993844,
            45.3905036
          ],
          [
            -75.6991892,
            45.3904162
          ]
        ]
      }
    },
    {
      "type": "Feature",
      "properties": {
        "u": 9900300103,
        "v": 9900300132,
        "key": 0,
        "osmid": "carleton_parking_p6_osm_130332629_14",
        "highway": "service",
        "lanes": "1",
        "maxspeed": "15",
        "name": "P6 parking aisle",
        "oneway": false,
        "reversed": "True",
        "length": 19.22008392156886,
        "ref": "",
        "tunnel": "",
        "bridge": "",
        "width": "3",
        "access": "private",
        "junction": "",
        "parking_lot": "P6",
        "carleton_parking": true
      },
      "geometry": {
        "type": "LineString",
        "coordinates": [
          [
            -75.6991892,
            45.3904162
          ],
          [
            -75.6993844,
            45.3905036
          ]
        ]
      }
    },
    {
      "type": "Feature",
      "properties": {
        "u": 9900300103,
        "v": 9900300105,
        "key": 0,
        "osmid": "carleton_parking_p6_osm_130332629_15",
        "highway": "service",
        "lanes": "1",
        "maxspeed": "15",
        "name": "P6 parking aisle",
        "oneway": false,
        "reversed": "False",
        "length": 17.615030555720168,
        "ref": "",
        "tunnel": "",
        "bridge": "",
        "width": "3",
        "access": "private",
        "junction": "",
        "parking_lot": "P6",
        "carleton_parking": true
      },
      "geometry": {
        "type": "LineString",
        "coordinates": [
          [
            -75.6991892,
            45.3904162
          ],
          [
            -75.6990103,
            45.3903361
          ]
        ]
      }
    },
    {
      "type": "Feature",
      "properties": {
        "u": 9900300105,
        "v": 9900300103,
        "key": 0,
        "osmid": "carleton_parking_p6_osm_130332629_15",
        "highway": "service",
        "lanes": "1",
        "maxspeed": "15",
        "name": "P6 parking aisle",
        "oneway": false,
        "reversed": "True",
        "length": 17.615030555720168,
        "ref": "",
        "tunnel": "",
        "bridge": "",
        "width": "3",
        "access": "private",
        "junction": "",
        "parking_lot": "P6",
        "carleton_parking": true
      },
      "geometry": {
        "type": "LineString",
        "coordinates": [
          [
            -75.6990103,
            45.3903361
          ],
          [
            -75.6991892,
            45.3904162
          ]
        ]
      }
    },
    {
      "type": "Feature",
      "properties": {
        "u": 9900300105,
        "v": 9900300133,
        "key": 0,
        "osmid": "carleton_parking_p6_osm_130332629_16",
        "highway": "service",
        "lanes": "1",
        "maxspeed": "15",
        "name": "P6 parking aisle",
        "oneway": false,
        "reversed": "False",
        "length": 5.439923881103285,
        "ref": "",
        "tunnel": "",
        "bridge": "",
        "width": "3",
        "access": "private",
        "junction": "",
        "parking_lot": "P6",
        "carleton_parking": true
      },
      "geometry": {
        "type": "LineString",
        "coordinates": [
          [
            -75.6990103,
            45.3903361
          ],
          [
            -75.6989551,
            45.3903113
          ]
        ]
      }
    },
    {
      "type": "Feature",
      "properties": {
        "u": 9900300133,
        "v": 9900300105,
        "key": 0,
        "osmid": "carleton_parking_p6_osm_130332629_16",
        "highway": "service",
        "lanes": "1",
        "maxspeed": "15",
        "name": "P6 parking aisle",
        "oneway": false,
        "reversed": "True",
        "length": 5.439923881103285,
        "ref": "",
        "tunnel": "",
        "bridge": "",
        "width": "3",
        "access": "private",
        "junction": "",
        "parking_lot": "P6",
        "carleton_parking": true
      },
      "geometry": {
        "type": "LineString",
        "coordinates": [
          [
            -75.6989551,
            45.3903113
          ],
          [
            -75.6990103,
            45.3903361
          ]
        ]
      }
    },
    {
      "type": "Feature",
      "properties": {
        "u": 9900300133,
        "v": 9900300107,
        "key": 0,
        "osmid": "carleton_parking_p6_osm_130332629_17",
        "highway": "service",
        "lanes": "1",
        "maxspeed": "15",
        "name": "P6 parking aisle",
        "oneway": false,
        "reversed": "False",
        "length": 8.041492372377405,
        "ref": "",
        "tunnel": "",
        "bridge": "",
        "width": "3",
        "access": "private",
        "junction": "",
        "parking_lot": "P6",
        "carleton_parking": true
      },
      "geometry": {
        "type": "LineString",
        "coordinates": [
          [
            -75.6989551,
            45.3903113
          ],
          [
            -75.6988859,
            45.3902619
          ]
        ]
      }
    },
    {
      "type": "Feature",
      "properties": {
        "u": 9900300107,
        "v": 9900300133,
        "key": 0,
        "osmid": "carleton_parking_p6_osm_130332629_17",
        "highway": "service",
        "lanes": "1",
        "maxspeed": "15",
        "name": "P6 parking aisle",
        "oneway": false,
        "reversed": "True",
        "length": 8.041492372377405,
        "ref": "",
        "tunnel": "",
        "bridge": "",
        "width": "3",
        "access": "private",
        "junction": "",
        "parking_lot": "P6",
        "carleton_parking": true
      },
      "geometry": {
        "type": "LineString",
        "coordinates": [
          [
            -75.6988859,
            45.3902619
          ],
          [
            -75.6989551,
            45.3903113
          ]
        ]
      }
    },
    {
      "type": "Feature",
      "properties": {
        "u": 9900300107,
        "v": 9900300109,
        "key": 0,
        "osmid": "carleton_parking_p6_osm_130332629_18",
        "highway": "service",
        "lanes": "1",
        "maxspeed": "15",
        "name": "P6 parking aisle",
        "oneway": false,
        "reversed": "False",
        "length": 17.928194717775863,
        "ref": "",
        "tunnel": "",
        "bridge": "",
        "width": "3",
        "access": "private",
        "junction": "",
        "parking_lot": "P6",
        "carleton_parking": true
      },
      "geometry": {
        "type": "LineString",
        "coordinates": [
          [
            -75.6988859,
            45.3902619
          ],
          [
            -75.6987317,
            45.3901517
          ]
        ]
      }
    },
    {
      "type": "Feature",
      "properties": {
        "u": 9900300109,
        "v": 9900300107,
        "key": 0,
        "osmid": "carleton_parking_p6_osm_130332629_18",
        "highway": "service",
        "lanes": "1",
        "maxspeed": "15",
        "name": "P6 parking aisle",
        "oneway": false,
        "reversed": "True",
        "length": 17.928194717775863,
        "ref": "",
        "tunnel": "",
        "bridge": "",
        "width": "3",
        "access": "private",
        "junction": "",
        "parking_lot": "P6",
        "carleton_parking": true
      },
      "geometry": {
        "type": "LineString",
        "coordinates": [
          [
            -75.6987317,
            45.3901517
          ],
          [
            -75.6988859,
            45.3902619
          ]
        ]
      }
    },
    {
      "type": "Feature",
      "properties": {
        "u": 9900300109,
        "v": 9900300110,
        "key": 0,
        "osmid": "carleton_parking_p6_osm_130332629_19",
        "highway": "service",
        "lanes": "1",
        "maxspeed": "15",
        "name": "P6 parking aisle",
        "oneway": false,
        "reversed": "False",
        "length": 18.619131331358403,
        "ref": "",
        "tunnel": "",
        "bridge": "",
        "width": "3",
        "access": "private",
        "junction": "",
        "parking_lot": "P6",
        "carleton_parking": true
      },
      "geometry": {
        "type": "LineString",
        "coordinates": [
          [
            -75.6987317,
            45.3901517
          ],
          [
            -75.6985715,
            45.3900373
          ]
        ]
      }
    },
    {
      "type": "Feature",
      "properties": {
        "u": 9900300110,
        "v": 9900300109,
        "key": 0,
        "osmid": "carleton_parking_p6_osm_130332629_19",
        "highway": "service",
        "lanes": "1",
        "maxspeed": "15",
        "name": "P6 parking aisle",
        "oneway": false,
        "reversed": "True",
        "length": 18.619131331358403,
        "ref": "",
        "tunnel": "",
        "bridge": "",
        "width": "3",
        "access": "private",
        "junction": "",
        "parking_lot": "P6",
        "carleton_parking": true
      },
      "geometry": {
        "type": "LineString",
        "coordinates": [
          [
            -75.6985715,
            45.3900373
          ],
          [
            -75.6987317,
            45.3901517
          ]
        ]
      }
    },
    {
      "type": "Feature",
      "properties": {
        "u": 9900300110,
        "v": 9900300134,
        "key": 0,
        "osmid": "carleton_parking_p6_osm_130332629_20",
        "highway": "service",
        "lanes": "1",
        "maxspeed": "15",
        "name": "P6 parking aisle",
        "oneway": false,
        "reversed": "False",
        "length": 8.733785934345331,
        "ref": "",
        "tunnel": "",
        "bridge": "",
        "width": "3",
        "access": "private",
        "junction": "",
        "parking_lot": "P6",
        "carleton_parking": true
      },
      "geometry": {
        "type": "LineString",
        "coordinates": [
          [
            -75.6985715,
            45.3900373
          ],
          [
            -75.6984964,
            45.3899836
          ]
        ]
      }
    },
    {
      "type": "Feature",
      "properties": {
        "u": 9900300134,
        "v": 9900300110,
        "key": 0,
        "osmid": "carleton_parking_p6_osm_130332629_20",
        "highway": "service",
        "lanes": "1",
        "maxspeed": "15",
        "name": "P6 parking aisle",
        "oneway": false,
        "reversed": "True",
        "length": 8.733785934345331,
        "ref": "",
        "tunnel": "",
        "bridge": "",
        "width": "3",
        "access": "private",
        "junction": "",
        "parking_lot": "P6",
        "carleton_parking": true
      },
      "geometry": {
        "type": "LineString",
        "coordinates": [
          [
            -75.6984964,
            45.3899836
          ],
          [
            -75.6985715,
            45.3900373
          ]
        ]
      }
    },
    {
      "type": "Feature",
      "properties": {
        "u": 9900300134,
        "v": 9900300113,
        "key": 0,
        "osmid": "carleton_parking_p6_osm_130332629_21",
        "highway": "service",
        "lanes": "1",
        "maxspeed": "15",
        "name": "P6 parking aisle",
        "oneway": false,
        "reversed": "False",
        "length": 8.56055056671157,
        "ref": "",
        "tunnel": "",
        "bridge": "",
        "width": "3",
        "access": "private",
        "junction": "",
        "parking_lot": "P6",
        "carleton_parking": true
      },
      "geometry": {
        "type": "LineString",
        "coordinates": [
          [
            -75.6984964,
            45.3899836
          ],
          [
            -75.6984258,
            45.3899286
          ]
        ]
      }
    },
    {
      "type": "Feature",
      "properties": {
        "u": 9900300113,
        "v": 9900300134,
        "key": 0,
        "osmid": "carleton_parking_p6_osm_130332629_21",
        "highway": "service",
        "lanes": "1",
        "maxspeed": "15",
        "name": "P6 parking aisle",
        "oneway": false,
        "reversed": "True",
        "length": 8.56055056671157,
        "ref": "",
        "tunnel": "",
        "bridge": "",
        "width": "3",
        "access": "private",
        "junction": "",
        "parking_lot": "P6",
        "carleton_parking": true
      },
      "geometry": {
        "type": "LineString",
        "coordinates": [
          [
            -75.6984258,
            45.3899286
          ],
          [
            -75.6984964,
            45.3899836
          ]
        ]
      }
    },
    {
      "type": "Feature",
      "properties": {
        "u": 9900300113,
        "v": 9900300114,
        "key": 0,
        "osmid": "carleton_parking_p6_osm_130332629_22",
        "highway": "service",
        "lanes": "1",
        "maxspeed": "15",
        "name": "P6 parking aisle",
        "oneway": false,
        "reversed": "False",
        "length": 18.75668815312875,
        "ref": "",
        "tunnel": "",
        "bridge": "",
        "width": "3",
        "access": "private",
        "junction": "",
        "parking_lot": "P6",
        "carleton_parking": true
      },
      "geometry": {
        "type": "LineString",
        "coordinates": [
          [
            -75.6984258,
            45.3899286
          ],
          [
            -75.6982711,
            45.3898081
          ]
        ]
      }
    },
    {
      "type": "Feature",
      "properties": {
        "u": 9900300114,
        "v": 9900300113,
        "key": 0,
        "osmid": "carleton_parking_p6_osm_130332629_22",
        "highway": "service",
        "lanes": "1",
        "maxspeed": "15",
        "name": "P6 parking aisle",
        "oneway": false,
        "reversed": "True",
        "length": 18.75668815312875,
        "ref": "",
        "tunnel": "",
        "bridge": "",
        "width": "3",
        "access": "private",
        "junction": "",
        "parking_lot": "P6",
        "carleton_parking": true
      },
      "geometry": {
        "type": "LineString",
        "coordinates": [
          [
            -75.6982711,
            45.3898081
          ],
          [
            -75.6984258,
            45.3899286
          ]
        ]
      }
    },
    {
      "type": "Feature",
      "properties": {
        "u": 9900300114,
        "v": 9900300117,
        "key": 0,
        "osmid": "carleton_parking_p6_osm_130332629_23",
        "highway": "service",
        "lanes": "1",
        "maxspeed": "15",
        "name": "P6 parking aisle",
        "oneway": false,
        "reversed": "False",
        "length": 17.359013112799232,
        "ref": "",
        "tunnel": "",
        "bridge": "",
        "width": "3",
        "access": "private",
        "junction": "",
        "parking_lot": "P6",
        "carleton_parking": true
      },
      "geometry": {
        "type": "LineString",
        "coordinates": [
          [
            -75.6982711,
            45.3898081
          ],
          [
            -75.6981279,
            45.3896966
          ]
        ]
      }
    },
    {
      "type": "Feature",
      "properties": {
        "u": 9900300117,
        "v": 9900300114,
        "key": 0,
        "osmid": "carleton_parking_p6_osm_130332629_23",
        "highway": "service",
        "lanes": "1",
        "maxspeed": "15",
        "name": "P6 parking aisle",
        "oneway": false,
        "reversed": "True",
        "length": 17.359013112799232,
        "ref": "",
        "tunnel": "",
        "bridge": "",
        "width": "3",
        "access": "private",
        "junction": "",
        "parking_lot": "P6",
        "carleton_parking": true
      },
      "geometry": {
        "type": "LineString",
        "coordinates": [
          [
            -75.6981279,
            45.3896966
          ],
          [
            -75.6982711,
            45.3898081
          ]
        ]
      }
    },
    {
      "type": "Feature",
      "properties": {
        "u": 9900300117,
        "v": 9900300135,
        "key": 0,
        "osmid": "carleton_parking_p6_osm_130332629_24",
        "highway": "service",
        "lanes": "1",
        "maxspeed": "15",
        "name": "P6 parking aisle",
        "oneway": false,
        "reversed": "False",
        "length": 6.052650879187233,
        "ref": "",
        "tunnel": "",
        "bridge": "",
        "width": "3",
        "access": "private",
        "junction": "",
        "parking_lot": "P6",
        "carleton_parking": true
      },
      "geometry": {
        "type": "LineString",
        "coordinates": [
          [
            -75.6981279,
            45.3896966
          ],
          [
            -75.698078,
            45.3896577
          ]
        ]
      }
    },
    {
      "type": "Feature",
      "properties": {
        "u": 9900300135,
        "v": 9900300117,
        "key": 0,
        "osmid": "carleton_parking_p6_osm_130332629_24",
        "highway": "service",
        "lanes": "1",
        "maxspeed": "15",
        "name": "P6 parking aisle",
        "oneway": false,
        "reversed": "True",
        "length": 6.052650879187233,
        "ref": "",
        "tunnel": "",
        "bridge": "",
        "width": "3",
        "access": "private",
        "junction": "",
        "parking_lot": "P6",
        "carleton_parking": true
      },
      "geometry": {
        "type": "LineString",
        "coordinates": [
          [
            -75.698078,
            45.3896577
          ],
          [
            -75.6981279,
            45.3896966
          ]
        ]
      }
    },
    {
      "type": "Feature",
      "properties": {
        "u": 9900300135,
        "v": 9900300118,
        "key": 0,
        "osmid": "carleton_parking_p6_osm_130332629_25",
        "highway": "service",
        "lanes": "1",
        "maxspeed": "15",
        "name": "P6 parking aisle",
        "oneway": false,
        "reversed": "False",
        "length": 12.712689167145156,
        "ref": "",
        "tunnel": "",
        "bridge": "",
        "width": "3",
        "access": "private",
        "junction": "",
        "parking_lot": "P6",
        "carleton_parking": true
      },
      "geometry": {
        "type": "LineString",
        "coordinates": [
          [
            -75.698078,
            45.3896577
          ],
          [
            -75.6979891,
            45.3895656
          ]
        ]
      }
    },
    {
      "type": "Feature",
      "properties": {
        "u": 9900300118,
        "v": 9900300135,
        "key": 0,
        "osmid": "carleton_parking_p6_osm_130332629_25",
        "highway": "service",
        "lanes": "1",
        "maxspeed": "15",
        "name": "P6 parking aisle",
        "oneway": false,
        "reversed": "True",
        "length": 12.712689167145156,
        "ref": "",
        "tunnel": "",
        "bridge": "",
        "width": "3",
        "access": "private",
        "junction": "",
        "parking_lot": "P6",
        "carleton_parking": true
      },
      "geometry": {
        "type": "LineString",
        "coordinates": [
          [
            -75.6979891,
            45.3895656
          ],
          [
            -75.698078,
            45.3896577
          ]
        ]
      }
    },
    {
      "type": "Feature",
      "properties": {
        "u": 9900300118,
        "v": 9900300123,
        "key": 0,
        "osmid": "carleton_parking_p6_osm_130332629_26",
        "highway": "service",
        "lanes": "1",
        "maxspeed": "15",
        "name": "P6 parking aisle",
        "oneway": false,
        "reversed": "False",
        "length": 16.329632227300497,
        "ref": "",
        "tunnel": "",
        "bridge": "",
        "width": "3",
        "access": "private",
        "junction": "",
        "parking_lot": "P6",
        "carleton_parking": true
      },
      "geometry": {
        "type": "LineString",
        "coordinates": [
          [
            -75.6979891,
            45.3895656
          ],
          [
            -75.6978749,
            45.3894473
          ]
        ]
      }
    },
    {
      "type": "Feature",
      "properties": {
        "u": 9900300123,
        "v": 9900300118,
        "key": 0,
        "osmid": "carleton_parking_p6_osm_130332629_26",
        "highway": "service",
        "lanes": "1",
        "maxspeed": "15",
        "name": "P6 parking aisle",
        "oneway": false,
        "reversed": "True",
        "length": 16.329632227300497,
        "ref": "",
        "tunnel": "",
        "bridge": "",
        "width": "3",
        "access": "private",
        "junction": "",
        "parking_lot": "P6",
        "carleton_parking": true
      },
      "geometry": {
        "type": "LineString",
        "coordinates": [
          [
            -75.6978749,
            45.3894473
          ],
          [
            -75.6979891,
            45.3895656
          ]
        ]
      }
    },
    {
      "type": "Feature",
      "properties": {
        "u": 9900300123,
        "v": 9900300136,
        "key": 0,
        "osmid": "carleton_parking_p6_osm_130332629_27",
        "highway": "service",
        "lanes": "1",
        "maxspeed": "15",
        "name": "P6 parking aisle",
        "oneway": false,
        "reversed": "False",
        "length": 32.82841043114706,
        "ref": "",
        "tunnel": "",
        "bridge": "",
        "width": "3",
        "access": "private",
        "junction": "",
        "parking_lot": "P6",
        "carleton_parking": true
      },
      "geometry": {
        "type": "LineString",
        "coordinates": [
          [
            -75.6978749,
            45.3894473
          ],
          [
            -75.6976423,
            45.3892112
          ]
        ]
      }
    },
    {
      "type": "Feature",
      "properties": {
        "u": 9900300136,
        "v": 9900300123,
        "key": 0,
        "osmid": "carleton_parking_p6_osm_130332629_27",
        "highway": "service",
        "lanes": "1",
        "maxspeed": "15",
        "name": "P6 parking aisle",
        "oneway": false,
        "reversed": "True",
        "length": 32.82841043114706,
        "ref": "",
        "tunnel": "",
        "bridge": "",
        "width": "3",
        "access": "private",
        "junction": "",
        "parking_lot": "P6",
        "carleton_parking": true
      },
      "geometry": {
        "type": "LineString",
        "coordinates": [
          [
            -75.6976423,
            45.3892112
          ],
          [
            -75.6978749,
            45.3894473
          ]
        ]
      }
    },
    {
      "type": "Feature",
      "properties": {
        "u": 9900300137,
        "v": 9900300138,
        "key": 0,
        "osmid": "carleton_parking_p6_osm_584934573_0",
        "highway": "service",
        "lanes": "1",
        "maxspeed": "10",
        "name": "P6 lot egress (east)",
        "oneway": false,
        "reversed": "False",
        "length": 30.216245357774188,
        "ref": "",
        "tunnel": "",
        "bridge": "",
        "width": "3",
        "access": "private",
        "junction": "",
        "parking_lot": "P6",
        "carleton_parking": true
      },
      "geometry": {
        "type": "LineString",
        "coordinates": [
          [
            -75.6970553,
            45.3886451
          ],
          [
            -75.6972826,
            45.3888544
          ]
        ]
      }
    },
    {
      "type": "Feature",
      "properties": {
        "u": 9900300138,
        "v": 9900300137,
        "key": 0,
        "osmid": "carleton_parking_p6_osm_584934573_0",
        "highway": "service",
        "lanes": "1",
        "maxspeed": "10",
        "name": "P6 lot egress (east)",
        "oneway": false,
        "reversed": "True",
        "length": 30.216245357774188,
        "ref": "",
        "tunnel": "",
        "bridge": "",
        "width": "3",
        "access": "private",
        "junction": "",
        "parking_lot": "P6",
        "carleton_parking": true
      },
      "geometry": {
        "type": "LineString",
        "coordinates": [
          [
            -75.6972826,
            45.3888544
          ],
          [
            -75.6970553,
            45.3886451
          ]
        ]
      }
    },
    {
      "type": "Feature",
      "properties": {
        "u": 9900300138,
        "v": 9900300139,
        "key": 0,
        "osmid": "carleton_parking_p6_osm_584934573_1",
        "highway": "service",
        "lanes": "1",
        "maxspeed": "10",
        "name": "P6 lot egress (east)",
        "oneway": false,
        "reversed": "False",
        "length": 34.580974720966395,
        "ref": "",
        "tunnel": "",
        "bridge": "",
        "width": "3",
        "access": "private",
        "junction": "",
        "parking_lot": "P6",
        "carleton_parking": true
      },
      "geometry": {
        "type": "LineString",
        "coordinates": [
          [
            -75.6972826,
            45.3888544
          ],
          [
            -75.6975302,
            45.3891016
          ]
        ]
      }
    },
    {
      "type": "Feature",
      "properties": {
        "u": 9900300139,
        "v": 9900300138,
        "key": 0,
        "osmid": "carleton_parking_p6_osm_584934573_1",
        "highway": "service",
        "lanes": "1",
        "maxspeed": "10",
        "name": "P6 lot egress (east)",
        "oneway": false,
        "reversed": "True",
        "length": 34.580974720966395,
        "ref": "",
        "tunnel": "",
        "bridge": "",
        "width": "3",
        "access": "private",
        "junction": "",
        "parking_lot": "P6",
        "carleton_parking": true
      },
      "geometry": {
        "type": "LineString",
        "coordinates": [
          [
            -75.6975302,
            45.3891016
          ],
          [
            -75.6972826,
            45.3888544
          ]
        ]
      }
    },
    {
      "type": "Feature",
      "properties": {
        "u": 9900300139,
        "v": 9900300136,
        "key": 0,
        "osmid": "carleton_parking_p6_osm_584934573_2",
        "highway": "service",
        "lanes": "1",
        "maxspeed": "10",
        "name": "P6 lot egress (east)",
        "oneway": false,
        "reversed": "False",
        "length": 15.452965269087885,
        "ref": "",
        "tunnel": "",
        "bridge": "",
        "width": "3",
        "access": "private",
        "junction": "",
        "parking_lot": "P6",
        "carleton_parking": true
      },
      "geometry": {
        "type": "LineString",
        "coordinates": [
          [
            -75.6975302,
            45.3891016
          ],
          [
            -75.6976423,
            45.3892112
          ]
        ]
      }
    },
    {
      "type": "Feature",
      "properties": {
        "u": 9900300136,
        "v": 9900300139,
        "key": 0,
        "osmid": "carleton_parking_p6_osm_584934573_2",
        "highway": "service",
        "lanes": "1",
        "maxspeed": "10",
        "name": "P6 lot egress (east)",
        "oneway": false,
        "reversed": "True",
        "length": 15.452965269087885,
        "ref": "",
        "tunnel": "",
        "bridge": "",
        "width": "3",
        "access": "private",
        "junction": "",
        "parking_lot": "P6",
        "carleton_parking": true
      },
      "geometry": {
        "type": "LineString",
        "coordinates": [
          [
            -75.6976423,
            45.3892112
          ],
          [
            -75.6975302,
            45.3891016
          ]
        ]
      }
    },
    {
      "type": "Feature",
      "properties": {
        "u": 9900300137,
        "v": 1435531963,
        "key": 0,
        "osmid": "carleton_parking_p6_osm_130332634_0",
        "highway": "service",
        "lanes": "1",
        "maxspeed": "10",
        "name": "P6 lot egress (east)",
        "oneway": false,
        "reversed": "False",
        "length": 7.998285001335798,
        "ref": "",
        "tunnel": "",
        "bridge": "",
        "width": "3",
        "access": "private",
        "junction": "",
        "parking_lot": "P6",
        "carleton_parking": true
      },
      "geometry": {
        "type": "LineString",
        "coordinates": [
          [
            -75.6970553,
            45.3886451
          ],
          [
            -75.6970087,
            45.3885825
          ]
        ]
      }
    },
    {
      "type": "Feature",
      "properties": {
        "u": 1435531963,
        "v": 9900300137,
        "key": 0,
        "osmid": "carleton_parking_p6_osm_130332634_0",
        "highway": "service",
        "lanes": "1",
        "maxspeed": "10",
        "name": "P6 lot egress (east)",
        "oneway": false,
        "reversed": "True",
        "length": 7.998285001335798,
        "ref": "",
        "tunnel": "",
        "bridge": "",
        "width": "3",
        "access": "private",
        "junction": "",
        "parking_lot": "P6",
        "carleton_parking": true
      },
      "geometry": {
        "type": "LineString",
        "coordinates": [
          [
            -75.6970087,
            45.3885825
          ],
          [
            -75.6970553,
            45.3886451
          ]
        ]
      }
    },
    {
      "type": "Feature",
      "properties": {
        "u": 9900300140,
        "v": 9900300141,
        "key": 0,
        "osmid": "carleton_parking_p7_svc_31_0",
        "highway": "service",
        "lanes": "1",
        "maxspeed": "15",
        "name": "P7 lot service",
        "oneway": false,
        "reversed": "False",
        "length": 22.923829545469673,
        "ref": "",
        "tunnel": "",
        "bridge": "",
        "width": "3",
        "access": "private",
        "junction": "",
        "parking_lot": "P7",
        "carleton_parking": true
      },
      "geometry": {
        "type": "LineString",
        "coordinates": [
          [
            -75.6964248,
            45.3893907
          ],
          [
            -75.6961918,
            45.3894947
          ]
        ]
      }
    },
    {
      "type": "Feature",
      "properties": {
        "u": 9900300141,
        "v": 9900300140,
        "key": 0,
        "osmid": "carleton_parking_p7_svc_31_0",
        "highway": "service",
        "lanes": "1",
        "maxspeed": "15",
        "name": "P7 lot service",
        "oneway": false,
        "reversed": "True",
        "length": 22.923829545469673,
        "ref": "",
        "tunnel": "",
        "bridge": "",
        "width": "3",
        "access": "private",
        "junction": "",
        "parking_lot": "P7",
        "carleton_parking": true
      },
      "geometry": {
        "type": "LineString",
        "coordinates": [
          [
            -75.6961918,
            45.3894947
          ],
          [
            -75.6964248,
            45.3893907
          ]
        ]
      }
    },
    {
      "type": "Feature",
      "properties": {
        "u": 9900300141,
        "v": 9900300142,
        "key": 0,
        "osmid": "carleton_parking_p7_svc_31_1",
        "highway": "service",
        "lanes": "1",
        "maxspeed": "15",
        "name": "P7 lot service",
        "oneway": false,
        "reversed": "False",
        "length": 80.7162122451121,
        "ref": "",
        "tunnel": "",
        "bridge": "",
        "width": "3",
        "access": "private",
        "junction": "",
        "parking_lot": "P7",
        "carleton_parking": true
      },
      "geometry": {
        "type": "LineString",
        "coordinates": [
          [
            -75.6961918,
            45.3894947
          ],
          [
            -75.6953714,
            45.3898609
          ]
        ]
      }
    },
    {
      "type": "Feature",
      "properties": {
        "u": 9900300142,
        "v": 9900300141,
        "key": 0,
        "osmid": "carleton_parking_p7_svc_31_1",
        "highway": "service",
        "lanes": "1",
        "maxspeed": "15",
        "name": "P7 lot service",
        "oneway": false,
        "reversed": "True",
        "length": 80.7162122451121,
        "ref": "",
        "tunnel": "",
        "bridge": "",
        "width": "3",
        "access": "private",
        "junction": "",
        "parking_lot": "P7",
        "carleton_parking": true
      },
      "geometry": {
        "type": "LineString",
        "coordinates": [
          [
            -75.6953714,
            45.3898609
          ],
          [
            -75.6961918,
            45.3894947
          ]
        ]
      }
    },
    {
      "type": "Feature",
      "properties": {
        "u": 9900300142,
        "v": 9900300143,
        "key": 0,
        "osmid": "carleton_parking_p7_svc_31_2",
        "highway": "service",
        "lanes": "1",
        "maxspeed": "15",
        "name": "P7 lot service",
        "oneway": false,
        "reversed": "False",
        "length": 18.369563141114355,
        "ref": "",
        "tunnel": "",
        "bridge": "",
        "width": "3",
        "access": "private",
        "junction": "",
        "parking_lot": "P7",
        "carleton_parking": true
      },
      "geometry": {
        "type": "LineString",
        "coordinates": [
          [
            -75.6953714,
            45.3898609
          ],
          [
            -75.6954964,
            45.3899959
          ]
        ]
      }
    },
    {
      "type": "Feature",
      "properties": {
        "u": 9900300143,
        "v": 9900300142,
        "key": 0,
        "osmid": "carleton_parking_p7_svc_31_2",
        "highway": "service",
        "lanes": "1",
        "maxspeed": "15",
        "name": "P7 lot service",
        "oneway": false,
        "reversed": "True",
        "length": 18.369563141114355,
        "ref": "",
        "tunnel": "",
        "bridge": "",
        "width": "3",
        "access": "private",
        "junction": "",
        "parking_lot": "P7",
        "carleton_parking": true
      },
      "geometry": {
        "type": "LineString",
        "coordinates": [
          [
            -75.6954964,
            45.3899959
          ],
          [
            -75.6953714,
            45.3898609
          ]
        ]
      }
    },
    {
      "type": "Feature",
      "properties": {
        "u": 9900300143,
        "v": 9900300144,
        "key": 0,
        "osmid": "carleton_parking_p7_svc_31_3",
        "highway": "service",
        "lanes": "1",
        "maxspeed": "15",
        "name": "P7 lot service",
        "oneway": false,
        "reversed": "False",
        "length": 18.01122786514709,
        "ref": "",
        "tunnel": "",
        "bridge": "",
        "width": "3",
        "access": "private",
        "junction": "",
        "parking_lot": "P7",
        "carleton_parking": true
      },
      "geometry": {
        "type": "LineString",
        "coordinates": [
          [
            -75.6954964,
            45.3899959
          ],
          [
            -75.6956189,
            45.3901283
          ]
        ]
      }
    },
    {
      "type": "Feature",
      "properties": {
        "u": 9900300144,
        "v": 9900300143,
        "key": 0,
        "osmid": "carleton_parking_p7_svc_31_3",
        "highway": "service",
        "lanes": "1",
        "maxspeed": "15",
        "name": "P7 lot service",
        "oneway": false,
        "reversed": "True",
        "length": 18.01122786514709,
        "ref": "",
        "tunnel": "",
        "bridge": "",
        "width": "3",
        "access": "private",
        "junction": "",
        "parking_lot": "P7",
        "carleton_parking": true
      },
      "geometry": {
        "type": "LineString",
        "coordinates": [
          [
            -75.6956189,
            45.3901283
          ],
          [
            -75.6954964,
            45.3899959
          ]
        ]
      }
    },
    {
      "type": "Feature",
      "properties": {
        "u": 9900300144,
        "v": 9900300145,
        "key": 0,
        "osmid": "carleton_parking_p7_svc_31_4",
        "highway": "service",
        "lanes": "1",
        "maxspeed": "15",
        "name": "P7 lot service",
        "oneway": false,
        "reversed": "False",
        "length": 17.541898512263227,
        "ref": "",
        "tunnel": "",
        "bridge": "",
        "width": "3",
        "access": "private",
        "junction": "",
        "parking_lot": "P7",
        "carleton_parking": true
      },
      "geometry": {
        "type": "LineString",
        "coordinates": [
          [
            -75.6956189,
            45.3901283
          ],
          [
            -75.6957383,
            45.3902572
          ]
        ]
      }
    },
    {
      "type": "Feature",
      "properties": {
        "u": 9900300145,
        "v": 9900300144,
        "key": 0,
        "osmid": "carleton_parking_p7_svc_31_4",
        "highway": "service",
        "lanes": "1",
        "maxspeed": "15",
        "name": "P7 lot service",
        "oneway": false,
        "reversed": "True",
        "length": 17.541898512263227,
        "ref": "",
        "tunnel": "",
        "bridge": "",
        "width": "3",
        "access": "private",
        "junction": "",
        "parking_lot": "P7",
        "carleton_parking": true
      },
      "geometry": {
        "type": "LineString",
        "coordinates": [
          [
            -75.6957383,
            45.3902572
          ],
          [
            -75.6956189,
            45.3901283
          ]
        ]
      }
    },
    {
      "type": "Feature",
      "properties": {
        "u": 9900300145,
        "v": 9900300146,
        "key": 0,
        "osmid": "carleton_parking_p7_svc_31_5",
        "highway": "service",
        "lanes": "1",
        "maxspeed": "15",
        "name": "P7 lot service",
        "oneway": false,
        "reversed": "False",
        "length": 17.337245858278838,
        "ref": "",
        "tunnel": "",
        "bridge": "",
        "width": "3",
        "access": "private",
        "junction": "",
        "parking_lot": "P7",
        "carleton_parking": true
      },
      "geometry": {
        "type": "LineString",
        "coordinates": [
          [
            -75.6957383,
            45.3902572
          ],
          [
            -75.6958563,
            45.3903846
          ]
        ]
      }
    },
    {
      "type": "Feature",
      "properties": {
        "u": 9900300146,
        "v": 9900300145,
        "key": 0,
        "osmid": "carleton_parking_p7_svc_31_5",
        "highway": "service",
        "lanes": "1",
        "maxspeed": "15",
        "name": "P7 lot service",
        "oneway": false,
        "reversed": "True",
        "length": 17.337245858278838,
        "ref": "",
        "tunnel": "",
        "bridge": "",
        "width": "3",
        "access": "private",
        "junction": "",
        "parking_lot": "P7",
        "carleton_parking": true
      },
      "geometry": {
        "type": "LineString",
        "coordinates": [
          [
            -75.6958563,
            45.3903846
          ],
          [
            -75.6957383,
            45.3902572
          ]
        ]
      }
    },
    {
      "type": "Feature",
      "properties": {
        "u": 9900300146,
        "v": 9900300147,
        "key": 0,
        "osmid": "carleton_parking_p7_svc_31_6",
        "highway": "service",
        "lanes": "1",
        "maxspeed": "15",
        "name": "P7 lot service",
        "oneway": false,
        "reversed": "False",
        "length": 16.983825948444192,
        "ref": "",
        "tunnel": "",
        "bridge": "",
        "width": "3",
        "access": "private",
        "junction": "",
        "parking_lot": "P7",
        "carleton_parking": true
      },
      "geometry": {
        "type": "LineString",
        "coordinates": [
          [
            -75.6958563,
            45.3903846
          ],
          [
            -75.6959719,
            45.3905094
          ]
        ]
      }
    },
    {
      "type": "Feature",
      "properties": {
        "u": 9900300147,
        "v": 9900300146,
        "key": 0,
        "osmid": "carleton_parking_p7_svc_31_6",
        "highway": "service",
        "lanes": "1",
        "maxspeed": "15",
        "name": "P7 lot service",
        "oneway": false,
        "reversed": "True",
        "length": 16.983825948444192,
        "ref": "",
        "tunnel": "",
        "bridge": "",
        "width": "3",
        "access": "private",
        "junction": "",
        "parking_lot": "P7",
        "carleton_parking": true
      },
      "geometry": {
        "type": "LineString",
        "coordinates": [
          [
            -75.6959719,
            45.3905094
          ],
          [
            -75.6958563,
            45.3903846
          ]
        ]
      }
    },
    {
      "type": "Feature",
      "properties": {
        "u": 9900300147,
        "v": 9900300148,
        "key": 0,
        "osmid": "carleton_parking_p7_svc_31_7",
        "highway": "service",
        "lanes": "1",
        "maxspeed": "15",
        "name": "P7 lot service",
        "oneway": false,
        "reversed": "False",
        "length": 8.1105503730236,
        "ref": "",
        "tunnel": "",
        "bridge": "",
        "width": "3",
        "access": "private",
        "junction": "",
        "parking_lot": "P7",
        "carleton_parking": true
      },
      "geometry": {
        "type": "LineString",
        "coordinates": [
          [
            -75.6959719,
            45.3905094
          ],
          [
            -75.6960271,
            45.390569
          ]
        ]
      }
    },
    {
      "type": "Feature",
      "properties": {
        "u": 9900300148,
        "v": 9900300147,
        "key": 0,
        "osmid": "carleton_parking_p7_svc_31_7",
        "highway": "service",
        "lanes": "1",
        "maxspeed": "15",
        "name": "P7 lot service",
        "oneway": false,
        "reversed": "True",
        "length": 8.1105503730236,
        "ref": "",
        "tunnel": "",
        "bridge": "",
        "width": "3",
        "access": "private",
        "junction": "",
        "parking_lot": "P7",
        "carleton_parking": true
      },
      "geometry": {
        "type": "LineString",
        "coordinates": [
          [
            -75.6960271,
            45.390569
          ],
          [
            -75.6959719,
            45.3905094
          ]
        ]
      }
    },
    {
      "type": "Feature",
      "properties": {
        "u": 9900300148,
        "v": 9900300149,
        "key": 0,
        "osmid": "carleton_parking_p7_svc_31_8",
        "highway": "service",
        "lanes": "1",
        "maxspeed": "15",
        "name": "P7 lot service",
        "oneway": false,
        "reversed": "False",
        "length": 9.929097718257324,
        "ref": "",
        "tunnel": "",
        "bridge": "",
        "width": "3",
        "access": "private",
        "junction": "",
        "parking_lot": "P7",
        "carleton_parking": true
      },
      "geometry": {
        "type": "LineString",
        "coordinates": [
          [
            -75.6960271,
            45.390569
          ],
          [
            -75.6960933,
            45.3906427
          ]
        ]
      }
    },
    {
      "type": "Feature",
      "properties": {
        "u": 9900300149,
        "v": 9900300148,
        "key": 0,
        "osmid": "carleton_parking_p7_svc_31_8",
        "highway": "service",
        "lanes": "1",
        "maxspeed": "15",
        "name": "P7 lot service",
        "oneway": false,
        "reversed": "True",
        "length": 9.929097718257324,
        "ref": "",
        "tunnel": "",
        "bridge": "",
        "width": "3",
        "access": "private",
        "junction": "",
        "parking_lot": "P7",
        "carleton_parking": true
      },
      "geometry": {
        "type": "LineString",
        "coordinates": [
          [
            -75.6960933,
            45.3906427
          ],
          [
            -75.6960271,
            45.390569
          ]
        ]
      }
    },
    {
      "type": "Feature",
      "properties": {
        "u": 9900300149,
        "v": 9900300150,
        "key": 0,
        "osmid": "carleton_parking_p7_svc_31_9",
        "highway": "service",
        "lanes": "1",
        "maxspeed": "15",
        "name": "P7 lot service",
        "oneway": false,
        "reversed": "False",
        "length": 17.56695526111166,
        "ref": "",
        "tunnel": "",
        "bridge": "",
        "width": "3",
        "access": "private",
        "junction": "",
        "parking_lot": "P7",
        "carleton_parking": true
      },
      "geometry": {
        "type": "LineString",
        "coordinates": [
          [
            -75.6960933,
            45.3906427
          ],
          [
            -75.6962106,
            45.390773
          ]
        ]
      }
    },
    {
      "type": "Feature",
      "properties": {
        "u": 9900300150,
        "v": 9900300149,
        "key": 0,
        "osmid": "carleton_parking_p7_svc_31_9",
        "highway": "service",
        "lanes": "1",
        "maxspeed": "15",
        "name": "P7 lot service",
        "oneway": false,
        "reversed": "True",
        "length": 17.56695526111166,
        "ref": "",
        "tunnel": "",
        "bridge": "",
        "width": "3",
        "access": "private",
        "junction": "",
        "parking_lot": "P7",
        "carleton_parking": true
      },
      "geometry": {
        "type": "LineString",
        "coordinates": [
          [
            -75.6962106,
            45.390773
          ],
          [
            -75.6960933,
            45.3906427
          ]
        ]
      }
    },
    {
      "type": "Feature",
      "properties": {
        "u": 9900300150,
        "v": 9900300151,
        "key": 0,
        "osmid": "carleton_parking_p7_svc_31_10",
        "highway": "service",
        "lanes": "1",
        "maxspeed": "15",
        "name": "P7 lot service",
        "oneway": false,
        "reversed": "False",
        "length": 17.81778571774388,
        "ref": "",
        "tunnel": "",
        "bridge": "",
        "width": "3",
        "access": "private",
        "junction": "",
        "parking_lot": "P7",
        "carleton_parking": true
      },
      "geometry": {
        "type": "LineString",
        "coordinates": [
          [
            -75.6962106,
            45.390773
          ],
          [
            -75.6963295,
            45.3909052
          ]
        ]
      }
    },
    {
      "type": "Feature",
      "properties": {
        "u": 9900300151,
        "v": 9900300150,
        "key": 0,
        "osmid": "carleton_parking_p7_svc_31_10",
        "highway": "service",
        "lanes": "1",
        "maxspeed": "15",
        "name": "P7 lot service",
        "oneway": false,
        "reversed": "True",
        "length": 17.81778571774388,
        "ref": "",
        "tunnel": "",
        "bridge": "",
        "width": "3",
        "access": "private",
        "junction": "",
        "parking_lot": "P7",
        "carleton_parking": true
      },
      "geometry": {
        "type": "LineString",
        "coordinates": [
          [
            -75.6963295,
            45.3909052
          ],
          [
            -75.6962106,
            45.390773
          ]
        ]
      }
    },
    {
      "type": "Feature",
      "properties": {
        "u": 9900300151,
        "v": 9900300152,
        "key": 0,
        "osmid": "carleton_parking_p7_svc_31_11",
        "highway": "service",
        "lanes": "1",
        "maxspeed": "15",
        "name": "P7 lot service",
        "oneway": false,
        "reversed": "False",
        "length": 17.115818940240374,
        "ref": "",
        "tunnel": "",
        "bridge": "",
        "width": "3",
        "access": "private",
        "junction": "",
        "parking_lot": "P7",
        "carleton_parking": true
      },
      "geometry": {
        "type": "LineString",
        "coordinates": [
          [
            -75.6963295,
            45.3909052
          ],
          [
            -75.6964437,
            45.3910322
          ]
        ]
      }
    },
    {
      "type": "Feature",
      "properties": {
        "u": 9900300152,
        "v": 9900300151,
        "key": 0,
        "osmid": "carleton_parking_p7_svc_31_11",
        "highway": "service",
        "lanes": "1",
        "maxspeed": "15",
        "name": "P7 lot service",
        "oneway": false,
        "reversed": "True",
        "length": 17.115818940240374,
        "ref": "",
        "tunnel": "",
        "bridge": "",
        "width": "3",
        "access": "private",
        "junction": "",
        "parking_lot": "P7",
        "carleton_parking": true
      },
      "geometry": {
        "type": "LineString",
        "coordinates": [
          [
            -75.6964437,
            45.3910322
          ],
          [
            -75.6963295,
            45.3909052
          ]
        ]
      }
    },
    {
      "type": "Feature",
      "properties": {
        "u": 9900300152,
        "v": 9900300153,
        "key": 0,
        "osmid": "carleton_parking_p7_svc_31_12",
        "highway": "service",
        "lanes": "1",
        "maxspeed": "15",
        "name": "P7 lot service",
        "oneway": false,
        "reversed": "False",
        "length": 17.56695526111166,
        "ref": "",
        "tunnel": "",
        "bridge": "",
        "width": "3",
        "access": "private",
        "junction": "",
        "parking_lot": "P7",
        "carleton_parking": true
      },
      "geometry": {
        "type": "LineString",
        "coordinates": [
          [
            -75.6964437,
            45.3910322
          ],
          [
            -75.696561,
            45.3911625
          ]
        ]
      }
    },
    {
      "type": "Feature",
      "properties": {
        "u": 9900300153,
        "v": 9900300152,
        "key": 0,
        "osmid": "carleton_parking_p7_svc_31_12",
        "highway": "service",
        "lanes": "1",
        "maxspeed": "15",
        "name": "P7 lot service",
        "oneway": false,
        "reversed": "True",
        "length": 17.56695526111166,
        "ref": "",
        "tunnel": "",
        "bridge": "",
        "width": "3",
        "access": "private",
        "junction": "",
        "parking_lot": "P7",
        "carleton_parking": true
      },
      "geometry": {
        "type": "LineString",
        "coordinates": [
          [
            -75.696561,
            45.3911625
          ],
          [
            -75.6964437,
            45.3910322
          ]
        ]
      }
    },
    {
      "type": "Feature",
      "properties": {
        "u": 9900300153,
        "v": 9900300154,
        "key": 0,
        "osmid": "carleton_parking_p7_svc_31_13",
        "highway": "service",
        "lanes": "1",
        "maxspeed": "15",
        "name": "P7 lot service",
        "oneway": false,
        "reversed": "False",
        "length": 16.916017335462502,
        "ref": "",
        "tunnel": "",
        "bridge": "",
        "width": "3",
        "access": "private",
        "junction": "",
        "parking_lot": "P7",
        "carleton_parking": true
      },
      "geometry": {
        "type": "LineString",
        "coordinates": [
          [
            -75.696561,
            45.3911625
          ],
          [
            -75.6966739,
            45.391288
          ]
        ]
      }
    },
    {
      "type": "Feature",
      "properties": {
        "u": 9900300154,
        "v": 9900300153,
        "key": 0,
        "osmid": "carleton_parking_p7_svc_31_13",
        "highway": "service",
        "lanes": "1",
        "maxspeed": "15",
        "name": "P7 lot service",
        "oneway": false,
        "reversed": "True",
        "length": 16.916017335462502,
        "ref": "",
        "tunnel": "",
        "bridge": "",
        "width": "3",
        "access": "private",
        "junction": "",
        "parking_lot": "P7",
        "carleton_parking": true
      },
      "geometry": {
        "type": "LineString",
        "coordinates": [
          [
            -75.6966739,
            45.391288
          ],
          [
            -75.696561,
            45.3911625
          ]
        ]
      }
    },
    {
      "type": "Feature",
      "properties": {
        "u": 9900300154,
        "v": 9900300155,
        "key": 0,
        "osmid": "carleton_parking_p7_svc_31_14",
        "highway": "service",
        "lanes": "1",
        "maxspeed": "15",
        "name": "P7 lot service",
        "oneway": false,
        "reversed": "False",
        "length": 95.41884394287632,
        "ref": "",
        "tunnel": "",
        "bridge": "",
        "width": "3",
        "access": "private",
        "junction": "",
        "parking_lot": "P7",
        "carleton_parking": true
      },
      "geometry": {
        "type": "LineString",
        "coordinates": [
          [
            -75.6966739,
            45.391288
          ],
          [
            -75.6976406,
            45.390851
          ]
        ]
      }
    },
    {
      "type": "Feature",
      "properties": {
        "u": 9900300155,
        "v": 9900300154,
        "key": 0,
        "osmid": "carleton_parking_p7_svc_31_14",
        "highway": "service",
        "lanes": "1",
        "maxspeed": "15",
        "name": "P7 lot service",
        "oneway": false,
        "reversed": "True",
        "length": 95.41884394287632,
        "ref": "",
        "tunnel": "",
        "bridge": "",
        "width": "3",
        "access": "private",
        "junction": "",
        "parking_lot": "P7",
        "carleton_parking": true
      },
      "geometry": {
        "type": "LineString",
        "coordinates": [
          [
            -75.6976406,
            45.390851
          ],
          [
            -75.6966739,
            45.391288
          ]
        ]
      }
    },
    {
      "type": "Feature",
      "properties": {
        "u": 9900300155,
        "v": 9900300156,
        "key": 0,
        "osmid": "carleton_parking_p7_svc_31_15",
        "highway": "service",
        "lanes": "1",
        "maxspeed": "15",
        "name": "P7 lot service",
        "oneway": false,
        "reversed": "False",
        "length": 8.62634808290626,
        "ref": "",
        "tunnel": "",
        "bridge": "",
        "width": "3",
        "access": "private",
        "junction": "",
        "parking_lot": "P7",
        "carleton_parking": true
      },
      "geometry": {
        "type": "LineString",
        "coordinates": [
          [
            -75.6976406,
            45.390851
          ],
          [
            -75.697728,
            45.3908115
          ]
        ]
      }
    },
    {
      "type": "Feature",
      "properties": {
        "u": 9900300156,
        "v": 9900300155,
        "key": 0,
        "osmid": "carleton_parking_p7_svc_31_15",
        "highway": "service",
        "lanes": "1",
        "maxspeed": "15",
        "name": "P7 lot service",
        "oneway": false,
        "reversed": "True",
        "length": 8.62634808290626,
        "ref": "",
        "tunnel": "",
        "bridge": "",
        "width": "3",
        "access": "private",
        "junction": "",
        "parking_lot": "P7",
        "carleton_parking": true
      },
      "geometry": {
        "type": "LineString",
        "coordinates": [
          [
            -75.697728,
            45.3908115
          ],
          [
            -75.6976406,
            45.390851
          ]
        ]
      }
    },
    {
      "type": "Feature",
      "properties": {
        "u": 9900300156,
        "v": 9900300157,
        "key": 0,
        "osmid": "carleton_parking_p7_svc_31_16",
        "highway": "service",
        "lanes": "1",
        "maxspeed": "15",
        "name": "P7 lot service",
        "oneway": false,
        "reversed": "False",
        "length": 17.411300546703316,
        "ref": "",
        "tunnel": "",
        "bridge": "",
        "width": "3",
        "access": "private",
        "junction": "",
        "parking_lot": "P7",
        "carleton_parking": true
      },
      "geometry": {
        "type": "LineString",
        "coordinates": [
          [
            -75.697728,
            45.3908115
          ],
          [
            -75.6976109,
            45.3906828
          ]
        ]
      }
    },
    {
      "type": "Feature",
      "properties": {
        "u": 9900300157,
        "v": 9900300156,
        "key": 0,
        "osmid": "carleton_parking_p7_svc_31_16",
        "highway": "service",
        "lanes": "1",
        "maxspeed": "15",
        "name": "P7 lot service",
        "oneway": false,
        "reversed": "True",
        "length": 17.411300546703316,
        "ref": "",
        "tunnel": "",
        "bridge": "",
        "width": "3",
        "access": "private",
        "junction": "",
        "parking_lot": "P7",
        "carleton_parking": true
      },
      "geometry": {
        "type": "LineString",
        "coordinates": [
          [
            -75.6976109,
            45.3906828
          ],
          [
            -75.697728,
            45.3908115
          ]
        ]
      }
    },
    {
      "type": "Feature",
      "properties": {
        "u": 9900300157,
        "v": 9900300158,
        "key": 0,
        "osmid": "carleton_parking_p7_svc_31_17",
        "highway": "service",
        "lanes": "1",
        "maxspeed": "15",
        "name": "P7 lot service",
        "oneway": false,
        "reversed": "False",
        "length": 17.239454573192354,
        "ref": "",
        "tunnel": "",
        "bridge": "",
        "width": "3",
        "access": "private",
        "junction": "",
        "parking_lot": "P7",
        "carleton_parking": true
      },
      "geometry": {
        "type": "LineString",
        "coordinates": [
          [
            -75.6976109,
            45.3906828
          ],
          [
            -75.6974949,
            45.3905554
          ]
        ]
      }
    },
    {
      "type": "Feature",
      "properties": {
        "u": 9900300158,
        "v": 9900300157,
        "key": 0,
        "osmid": "carleton_parking_p7_svc_31_17",
        "highway": "service",
        "lanes": "1",
        "maxspeed": "15",
        "name": "P7 lot service",
        "oneway": false,
        "reversed": "True",
        "length": 17.239454573192354,
        "ref": "",
        "tunnel": "",
        "bridge": "",
        "width": "3",
        "access": "private",
        "junction": "",
        "parking_lot": "P7",
        "carleton_parking": true
      },
      "geometry": {
        "type": "LineString",
        "coordinates": [
          [
            -75.6974949,
            45.3905554
          ],
          [
            -75.6976109,
            45.3906828
          ]
        ]
      }
    },
    {
      "type": "Feature",
      "properties": {
        "u": 9900300158,
        "v": 9900300159,
        "key": 0,
        "osmid": "carleton_parking_p7_svc_31_18",
        "highway": "service",
        "lanes": "1",
        "maxspeed": "15",
        "name": "P7 lot service",
        "oneway": false,
        "reversed": "False",
        "length": 17.3833674665268,
        "ref": "",
        "tunnel": "",
        "bridge": "",
        "width": "3",
        "access": "private",
        "junction": "",
        "parking_lot": "P7",
        "carleton_parking": true
      },
      "geometry": {
        "type": "LineString",
        "coordinates": [
          [
            -75.6974949,
            45.3905554
          ],
          [
            -75.697378,
            45.3904269
          ]
        ]
      }
    },
    {
      "type": "Feature",
      "properties": {
        "u": 9900300159,
        "v": 9900300158,
        "key": 0,
        "osmid": "carleton_parking_p7_svc_31_18",
        "highway": "service",
        "lanes": "1",
        "maxspeed": "15",
        "name": "P7 lot service",
        "oneway": false,
        "reversed": "True",
        "length": 17.3833674665268,
        "ref": "",
        "tunnel": "",
        "bridge": "",
        "width": "3",
        "access": "private",
        "junction": "",
        "parking_lot": "P7",
        "carleton_parking": true
      },
      "geometry": {
        "type": "LineString",
        "coordinates": [
          [
            -75.697378,
            45.3904269
          ],
          [
            -75.6974949,
            45.3905554
          ]
        ]
      }
    },
    {
      "type": "Feature",
      "properties": {
        "u": 9900300159,
        "v": 9900300160,
        "key": 0,
        "osmid": "carleton_parking_p7_svc_31_19",
        "highway": "service",
        "lanes": "1",
        "maxspeed": "15",
        "name": "P7 lot service",
        "oneway": false,
        "reversed": "False",
        "length": 16.43972272409745,
        "ref": "",
        "tunnel": "",
        "bridge": "",
        "width": "3",
        "access": "private",
        "junction": "",
        "parking_lot": "P7",
        "carleton_parking": true
      },
      "geometry": {
        "type": "LineString",
        "coordinates": [
          [
            -75.697378,
            45.3904269
          ],
          [
            -75.6972674,
            45.3903054
          ]
        ]
      }
    },
    {
      "type": "Feature",
      "properties": {
        "u": 9900300160,
        "v": 9900300159,
        "key": 0,
        "osmid": "carleton_parking_p7_svc_31_19",
        "highway": "service",
        "lanes": "1",
        "maxspeed": "15",
        "name": "P7 lot service",
        "oneway": false,
        "reversed": "True",
        "length": 16.43972272409745,
        "ref": "",
        "tunnel": "",
        "bridge": "",
        "width": "3",
        "access": "private",
        "junction": "",
        "parking_lot": "P7",
        "carleton_parking": true
      },
      "geometry": {
        "type": "LineString",
        "coordinates": [
          [
            -75.6972674,
            45.3903054
          ],
          [
            -75.697378,
            45.3904269
          ]
        ]
      }
    },
    {
      "type": "Feature",
      "properties": {
        "u": 9900300160,
        "v": 9900300161,
        "key": 0,
        "osmid": "carleton_parking_p7_svc_31_20",
        "highway": "service",
        "lanes": "1",
        "maxspeed": "15",
        "name": "P7 lot service",
        "oneway": false,
        "reversed": "False",
        "length": 3.877213495933422,
        "ref": "",
        "tunnel": "",
        "bridge": "",
        "width": "3",
        "access": "private",
        "junction": "",
        "parking_lot": "P7",
        "carleton_parking": true
      },
      "geometry": {
        "type": "LineString",
        "coordinates": [
          [
            -75.6972674,
            45.3903054
          ],
          [
            -75.6972414,
            45.3902767
          ]
        ]
      }
    },
    {
      "type": "Feature",
      "properties": {
        "u": 9900300161,
        "v": 9900300160,
        "key": 0,
        "osmid": "carleton_parking_p7_svc_31_20",
        "highway": "service",
        "lanes": "1",
        "maxspeed": "15",
        "name": "P7 lot service",
        "oneway": false,
        "reversed": "True",
        "length": 3.877213495933422,
        "ref": "",
        "tunnel": "",
        "bridge": "",
        "width": "3",
        "access": "private",
        "junction": "",
        "parking_lot": "P7",
        "carleton_parking": true
      },
      "geometry": {
        "type": "LineString",
        "coordinates": [
          [
            -75.6972414,
            45.3902767
          ],
          [
            -75.6972674,
            45.3903054
          ]
        ]
      }
    },
    {
      "type": "Feature",
      "properties": {
        "u": 9900300161,
        "v": 9900300162,
        "key": 0,
        "osmid": "carleton_parking_p7_svc_31_21",
        "highway": "service",
        "lanes": "1",
        "maxspeed": "15",
        "name": "P7 lot service",
        "oneway": false,
        "reversed": "False",
        "length": 15.263505590108663,
        "ref": "",
        "tunnel": "",
        "bridge": "",
        "width": "3",
        "access": "private",
        "junction": "",
        "parking_lot": "P7",
        "carleton_parking": true
      },
      "geometry": {
        "type": "LineString",
        "coordinates": [
          [
            -75.6972414,
            45.3902767
          ],
          [
            -75.6971387,
            45.3901639
          ]
        ]
      }
    },
    {
      "type": "Feature",
      "properties": {
        "u": 9900300162,
        "v": 9900300161,
        "key": 0,
        "osmid": "carleton_parking_p7_svc_31_21",
        "highway": "service",
        "lanes": "1",
        "maxspeed": "15",
        "name": "P7 lot service",
        "oneway": false,
        "reversed": "True",
        "length": 15.263505590108663,
        "ref": "",
        "tunnel": "",
        "bridge": "",
        "width": "3",
        "access": "private",
        "junction": "",
        "parking_lot": "P7",
        "carleton_parking": true
      },
      "geometry": {
        "type": "LineString",
        "coordinates": [
          [
            -75.6971387,
            45.3901639
          ],
          [
            -75.6972414,
            45.3902767
          ]
        ]
      }
    },
    {
      "type": "Feature",
      "properties": {
        "u": 9900300162,
        "v": 9900300163,
        "key": 0,
        "osmid": "carleton_parking_p7_svc_31_22",
        "highway": "service",
        "lanes": "1",
        "maxspeed": "15",
        "name": "P7 lot service",
        "oneway": false,
        "reversed": "False",
        "length": 17.75074632908575,
        "ref": "",
        "tunnel": "",
        "bridge": "",
        "width": "3",
        "access": "private",
        "junction": "",
        "parking_lot": "P7",
        "carleton_parking": true
      },
      "geometry": {
        "type": "LineString",
        "coordinates": [
          [
            -75.6971387,
            45.3901639
          ],
          [
            -75.6970193,
            45.3900327
          ]
        ]
      }
    },
    {
      "type": "Feature",
      "properties": {
        "u": 9900300163,
        "v": 9900300162,
        "key": 0,
        "osmid": "carleton_parking_p7_svc_31_22",
        "highway": "service",
        "lanes": "1",
        "maxspeed": "15",
        "name": "P7 lot service",
        "oneway": false,
        "reversed": "True",
        "length": 17.75074632908575,
        "ref": "",
        "tunnel": "",
        "bridge": "",
        "width": "3",
        "access": "private",
        "junction": "",
        "parking_lot": "P7",
        "carleton_parking": true
      },
      "geometry": {
        "type": "LineString",
        "coordinates": [
          [
            -75.6970193,
            45.3900327
          ],
          [
            -75.6971387,
            45.3901639
          ]
        ]
      }
    },
    {
      "type": "Feature",
      "properties": {
        "u": 9900300163,
        "v": 9900300164,
        "key": 0,
        "osmid": "carleton_parking_p7_svc_31_23",
        "highway": "service",
        "lanes": "1",
        "maxspeed": "15",
        "name": "P7 lot service",
        "oneway": false,
        "reversed": "False",
        "length": 10.716515743956858,
        "ref": "",
        "tunnel": "",
        "bridge": "",
        "width": "3",
        "access": "private",
        "junction": "",
        "parking_lot": "P7",
        "carleton_parking": true
      },
      "geometry": {
        "type": "LineString",
        "coordinates": [
          [
            -75.6970193,
            45.3900327
          ],
          [
            -75.6969472,
            45.3899535
          ]
        ]
      }
    },
    {
      "type": "Feature",
      "properties": {
        "u": 9900300164,
        "v": 9900300163,
        "key": 0,
        "osmid": "carleton_parking_p7_svc_31_23",
        "highway": "service",
        "lanes": "1",
        "maxspeed": "15",
        "name": "P7 lot service",
        "oneway": false,
        "reversed": "True",
        "length": 10.716515743956858,
        "ref": "",
        "tunnel": "",
        "bridge": "",
        "width": "3",
        "access": "private",
        "junction": "",
        "parking_lot": "P7",
        "carleton_parking": true
      },
      "geometry": {
        "type": "LineString",
        "coordinates": [
          [
            -75.6969472,
            45.3899535
          ],
          [
            -75.6970193,
            45.3900327
          ]
        ]
      }
    },
    {
      "type": "Feature",
      "properties": {
        "u": 9900300164,
        "v": 9900300165,
        "key": 0,
        "osmid": "carleton_parking_p7_svc_31_24",
        "highway": "service",
        "lanes": "1",
        "maxspeed": "15",
        "name": "P7 lot service",
        "oneway": false,
        "reversed": "False",
        "length": 6.887552381197814,
        "ref": "",
        "tunnel": "",
        "bridge": "",
        "width": "3",
        "access": "private",
        "junction": "",
        "parking_lot": "P7",
        "carleton_parking": true
      },
      "geometry": {
        "type": "LineString",
        "coordinates": [
          [
            -75.6969472,
            45.3899535
          ],
          [
            -75.6969003,
            45.3899029
          ]
        ]
      }
    },
    {
      "type": "Feature",
      "properties": {
        "u": 9900300165,
        "v": 9900300164,
        "key": 0,
        "osmid": "carleton_parking_p7_svc_31_24",
        "highway": "service",
        "lanes": "1",
        "maxspeed": "15",
        "name": "P7 lot service",
        "oneway": false,
        "reversed": "True",
        "length": 6.887552381197814,
        "ref": "",
        "tunnel": "",
        "bridge": "",
        "width": "3",
        "access": "private",
        "junction": "",
        "parking_lot": "P7",
        "carleton_parking": true
      },
      "geometry": {
        "type": "LineString",
        "coordinates": [
          [
            -75.6969003,
            45.3899029
          ],
          [
            -75.6969472,
            45.3899535
          ]
        ]
      }
    },
    {
      "type": "Feature",
      "properties": {
        "u": 9900300165,
        "v": 9900300166,
        "key": 0,
        "osmid": "carleton_parking_p7_svc_31_25",
        "highway": "service",
        "lanes": "1",
        "maxspeed": "15",
        "name": "P7 lot service",
        "oneway": false,
        "reversed": "False",
        "length": 16.989547113958814,
        "ref": "",
        "tunnel": "",
        "bridge": "",
        "width": "3",
        "access": "private",
        "junction": "",
        "parking_lot": "P7",
        "carleton_parking": true
      },
      "geometry": {
        "type": "LineString",
        "coordinates": [
          [
            -75.6969003,
            45.3899029
          ],
          [
            -75.6967844,
            45.3897782
          ]
        ]
      }
    },
    {
      "type": "Feature",
      "properties": {
        "u": 9900300166,
        "v": 9900300165,
        "key": 0,
        "osmid": "carleton_parking_p7_svc_31_25",
        "highway": "service",
        "lanes": "1",
        "maxspeed": "15",
        "name": "P7 lot service",
        "oneway": false,
        "reversed": "True",
        "length": 16.989547113958814,
        "ref": "",
        "tunnel": "",
        "bridge": "",
        "width": "3",
        "access": "private",
        "junction": "",
        "parking_lot": "P7",
        "carleton_parking": true
      },
      "geometry": {
        "type": "LineString",
        "coordinates": [
          [
            -75.6967844,
            45.3897782
          ],
          [
            -75.6969003,
            45.3899029
          ]
        ]
      }
    },
    {
      "type": "Feature",
      "properties": {
        "u": 9900300166,
        "v": 9900300167,
        "key": 0,
        "osmid": "carleton_parking_p7_svc_31_26",
        "highway": "service",
        "lanes": "1",
        "maxspeed": "15",
        "name": "P7 lot service",
        "oneway": false,
        "reversed": "False",
        "length": 17.49585254448057,
        "ref": "",
        "tunnel": "",
        "bridge": "",
        "width": "3",
        "access": "private",
        "junction": "",
        "parking_lot": "P7",
        "carleton_parking": true
      },
      "geometry": {
        "type": "LineString",
        "coordinates": [
          [
            -75.6967844,
            45.3897782
          ],
          [
            -75.6966652,
            45.3896497
          ]
        ]
      }
    },
    {
      "type": "Feature",
      "properties": {
        "u": 9900300167,
        "v": 9900300166,
        "key": 0,
        "osmid": "carleton_parking_p7_svc_31_26",
        "highway": "service",
        "lanes": "1",
        "maxspeed": "15",
        "name": "P7 lot service",
        "oneway": false,
        "reversed": "True",
        "length": 17.49585254448057,
        "ref": "",
        "tunnel": "",
        "bridge": "",
        "width": "3",
        "access": "private",
        "junction": "",
        "parking_lot": "P7",
        "carleton_parking": true
      },
      "geometry": {
        "type": "LineString",
        "coordinates": [
          [
            -75.6966652,
            45.3896497
          ],
          [
            -75.6967844,
            45.3897782
          ]
        ]
      }
    },
    {
      "type": "Feature",
      "properties": {
        "u": 9900300167,
        "v": 9900300168,
        "key": 0,
        "osmid": "carleton_parking_p7_svc_31_27",
        "highway": "service",
        "lanes": "1",
        "maxspeed": "15",
        "name": "P7 lot service",
        "oneway": false,
        "reversed": "False",
        "length": 17.389001591214377,
        "ref": "",
        "tunnel": "",
        "bridge": "",
        "width": "3",
        "access": "private",
        "junction": "",
        "parking_lot": "P7",
        "carleton_parking": true
      },
      "geometry": {
        "type": "LineString",
        "coordinates": [
          [
            -75.6966652,
            45.3896497
          ],
          [
            -75.6965467,
            45.389522
          ]
        ]
      }
    },
    {
      "type": "Feature",
      "properties": {
        "u": 9900300168,
        "v": 9900300167,
        "key": 0,
        "osmid": "carleton_parking_p7_svc_31_27",
        "highway": "service",
        "lanes": "1",
        "maxspeed": "15",
        "name": "P7 lot service",
        "oneway": false,
        "reversed": "True",
        "length": 17.389001591214377,
        "ref": "",
        "tunnel": "",
        "bridge": "",
        "width": "3",
        "access": "private",
        "junction": "",
        "parking_lot": "P7",
        "carleton_parking": true
      },
      "geometry": {
        "type": "LineString",
        "coordinates": [
          [
            -75.6965467,
            45.389522
          ],
          [
            -75.6966652,
            45.3896497
          ]
        ]
      }
    },
    {
      "type": "Feature",
      "properties": {
        "u": 9900300168,
        "v": 9900300140,
        "key": 0,
        "osmid": "carleton_parking_p7_svc_31_28",
        "highway": "service",
        "lanes": "1",
        "maxspeed": "15",
        "name": "P7 lot service",
        "oneway": false,
        "reversed": "False",
        "length": 17.88213921018138,
        "ref": "",
        "tunnel": "",
        "bridge": "",
        "width": "3",
        "access": "private",
        "junction": "",
        "parking_lot": "P7",
        "carleton_parking": true
      },
      "geometry": {
        "type": "LineString",
        "coordinates": [
          [
            -75.6965467,
            45.389522
          ],
          [
            -75.6964248,
            45.3893907
          ]
        ]
      }
    },
    {
      "type": "Feature",
      "properties": {
        "u": 9900300140,
        "v": 9900300168,
        "key": 0,
        "osmid": "carleton_parking_p7_svc_31_28",
        "highway": "service",
        "lanes": "1",
        "maxspeed": "15",
        "name": "P7 lot service",
        "oneway": false,
        "reversed": "True",
        "length": 17.88213921018138,
        "ref": "",
        "tunnel": "",
        "bridge": "",
        "width": "3",
        "access": "private",
        "junction": "",
        "parking_lot": "P7",
        "carleton_parking": true
      },
      "geometry": {
        "type": "LineString",
        "coordinates": [
          [
            -75.6964248,
            45.3893907
          ],
          [
            -75.6965467,
            45.389522
          ]
        ]
      }
    },
    {
      "type": "Feature",
      "properties": {
        "u": 9900300154,
        "v": 9900300169,
        "key": 0,
        "osmid": "carleton_parking_p7_svc_128_0",
        "highway": "service",
        "lanes": "1",
        "maxspeed": "15",
        "name": "P7 lot service",
        "oneway": false,
        "reversed": "False",
        "length": 18.241517256878147,
        "ref": "",
        "tunnel": "",
        "bridge": "",
        "width": "3",
        "access": "private",
        "junction": "",
        "parking_lot": "P7",
        "carleton_parking": true
      },
      "geometry": {
        "type": "LineString",
        "coordinates": [
          [
            -75.6966739,
            45.391288
          ],
          [
            -75.6967959,
            45.3914232
          ]
        ]
      }
    },
    {
      "type": "Feature",
      "properties": {
        "u": 9900300169,
        "v": 9900300154,
        "key": 0,
        "osmid": "carleton_parking_p7_svc_128_0",
        "highway": "service",
        "lanes": "1",
        "maxspeed": "15",
        "name": "P7 lot service",
        "oneway": false,
        "reversed": "True",
        "length": 18.241517256878147,
        "ref": "",
        "tunnel": "",
        "bridge": "",
        "width": "3",
        "access": "private",
        "junction": "",
        "parking_lot": "P7",
        "carleton_parking": true
      },
      "geometry": {
        "type": "LineString",
        "coordinates": [
          [
            -75.6967959,
            45.3914232
          ],
          [
            -75.6966739,
            45.391288
          ]
        ]
      }
    },
    {
      "type": "Feature",
      "properties": {
        "u": 9900300169,
        "v": 9900300170,
        "key": 0,
        "osmid": "carleton_parking_p7_svc_128_1",
        "highway": "service",
        "lanes": "1",
        "maxspeed": "15",
        "name": "P7 lot service",
        "oneway": false,
        "reversed": "False",
        "length": 17.502489341296954,
        "ref": "",
        "tunnel": "",
        "bridge": "",
        "width": "3",
        "access": "private",
        "junction": "",
        "parking_lot": "P7",
        "carleton_parking": true
      },
      "geometry": {
        "type": "LineString",
        "coordinates": [
          [
            -75.6967959,
            45.3914232
          ],
          [
            -75.696913,
            45.3915529
          ]
        ]
      }
    },
    {
      "type": "Feature",
      "properties": {
        "u": 9900300170,
        "v": 9900300169,
        "key": 0,
        "osmid": "carleton_parking_p7_svc_128_1",
        "highway": "service",
        "lanes": "1",
        "maxspeed": "15",
        "name": "P7 lot service",
        "oneway": false,
        "reversed": "True",
        "length": 17.502489341296954,
        "ref": "",
        "tunnel": "",
        "bridge": "",
        "width": "3",
        "access": "private",
        "junction": "",
        "parking_lot": "P7",
        "carleton_parking": true
      },
      "geometry": {
        "type": "LineString",
        "coordinates": [
          [
            -75.696913,
            45.3915529
          ],
          [
            -75.6967959,
            45.3914232
          ]
        ]
      }
    },
    {
      "type": "Feature",
      "properties": {
        "u": 9900300170,
        "v": 9900300171,
        "key": 0,
        "osmid": "carleton_parking_p7_svc_128_2",
        "highway": "service",
        "lanes": "1",
        "maxspeed": "15",
        "name": "P7 lot service",
        "oneway": false,
        "reversed": "False",
        "length": 17.023413178438137,
        "ref": "",
        "tunnel": "",
        "bridge": "",
        "width": "3",
        "access": "private",
        "junction": "",
        "parking_lot": "P7",
        "carleton_parking": true
      },
      "geometry": {
        "type": "LineString",
        "coordinates": [
          [
            -75.696913,
            45.3915529
          ],
          [
            -75.6970268,
            45.3916791
          ]
        ]
      }
    },
    {
      "type": "Feature",
      "properties": {
        "u": 9900300171,
        "v": 9900300170,
        "key": 0,
        "osmid": "carleton_parking_p7_svc_128_2",
        "highway": "service",
        "lanes": "1",
        "maxspeed": "15",
        "name": "P7 lot service",
        "oneway": false,
        "reversed": "True",
        "length": 17.023413178438137,
        "ref": "",
        "tunnel": "",
        "bridge": "",
        "width": "3",
        "access": "private",
        "junction": "",
        "parking_lot": "P7",
        "carleton_parking": true
      },
      "geometry": {
        "type": "LineString",
        "coordinates": [
          [
            -75.6970268,
            45.3916791
          ],
          [
            -75.696913,
            45.3915529
          ]
        ]
      }
    },
    {
      "type": "Feature",
      "properties": {
        "u": 9900300171,
        "v": 9900300172,
        "key": 0,
        "osmid": "carleton_parking_p7_svc_128_3",
        "highway": "service",
        "lanes": "1",
        "maxspeed": "15",
        "name": "P7 lot service",
        "oneway": false,
        "reversed": "False",
        "length": 17.283896575332207,
        "ref": "",
        "tunnel": "",
        "bridge": "",
        "width": "3",
        "access": "private",
        "junction": "",
        "parking_lot": "P7",
        "carleton_parking": true
      },
      "geometry": {
        "type": "LineString",
        "coordinates": [
          [
            -75.6970268,
            45.3916791
          ],
          [
            -75.6971424,
            45.3918072
          ]
        ]
      }
    },
    {
      "type": "Feature",
      "properties": {
        "u": 9900300172,
        "v": 9900300171,
        "key": 0,
        "osmid": "carleton_parking_p7_svc_128_3",
        "highway": "service",
        "lanes": "1",
        "maxspeed": "15",
        "name": "P7 lot service",
        "oneway": false,
        "reversed": "True",
        "length": 17.283896575332207,
        "ref": "",
        "tunnel": "",
        "bridge": "",
        "width": "3",
        "access": "private",
        "junction": "",
        "parking_lot": "P7",
        "carleton_parking": true
      },
      "geometry": {
        "type": "LineString",
        "coordinates": [
          [
            -75.6971424,
            45.3918072
          ],
          [
            -75.6970268,
            45.3916791
          ]
        ]
      }
    },
    {
      "type": "Feature",
      "properties": {
        "u": 9900300172,
        "v": 9900300173,
        "key": 0,
        "osmid": "carleton_parking_p7_svc_128_4",
        "highway": "service",
        "lanes": "1",
        "maxspeed": "15",
        "name": "P7 lot service",
        "oneway": false,
        "reversed": "False",
        "length": 17.544382034844652,
        "ref": "",
        "tunnel": "",
        "bridge": "",
        "width": "3",
        "access": "private",
        "junction": "",
        "parking_lot": "P7",
        "carleton_parking": true
      },
      "geometry": {
        "type": "LineString",
        "coordinates": [
          [
            -75.6971424,
            45.3918072
          ],
          [
            -75.6972598,
            45.3919372
          ]
        ]
      }
    },
    {
      "type": "Feature",
      "properties": {
        "u": 9900300173,
        "v": 9900300172,
        "key": 0,
        "osmid": "carleton_parking_p7_svc_128_4",
        "highway": "service",
        "lanes": "1",
        "maxspeed": "15",
        "name": "P7 lot service",
        "oneway": false,
        "reversed": "True",
        "length": 17.544382034844652,
        "ref": "",
        "tunnel": "",
        "bridge": "",
        "width": "3",
        "access": "private",
        "junction": "",
        "parking_lot": "P7",
        "carleton_parking": true
      },
      "geometry": {
        "type": "LineString",
        "coordinates": [
          [
            -75.6972598,
            45.3919372
          ],
          [
            -75.6971424,
            45.3918072
          ]
        ]
      }
    },
    {
      "type": "Feature",
      "properties": {
        "u": 9900300173,
        "v": 9900300174,
        "key": 0,
        "osmid": "carleton_parking_p7_svc_128_5",
        "highway": "service",
        "lanes": "1",
        "maxspeed": "15",
        "name": "P7 lot service",
        "oneway": false,
        "reversed": "False",
        "length": 18.04172155675389,
        "ref": "",
        "tunnel": "",
        "bridge": "",
        "width": "3",
        "access": "private",
        "junction": "",
        "parking_lot": "P7",
        "carleton_parking": true
      },
      "geometry": {
        "type": "LineString",
        "coordinates": [
          [
            -75.6972598,
            45.3919372
          ],
          [
            -75.6973805,
            45.3920709
          ]
        ]
      }
    },
    {
      "type": "Feature",
      "properties": {
        "u": 9900300174,
        "v": 9900300173,
        "key": 0,
        "osmid": "carleton_parking_p7_svc_128_5",
        "highway": "service",
        "lanes": "1",
        "maxspeed": "15",
        "name": "P7 lot service",
        "oneway": false,
        "reversed": "True",
        "length": 18.04172155675389,
        "ref": "",
        "tunnel": "",
        "bridge": "",
        "width": "3",
        "access": "private",
        "junction": "",
        "parking_lot": "P7",
        "carleton_parking": true
      },
      "geometry": {
        "type": "LineString",
        "coordinates": [
          [
            -75.6973805,
            45.3920709
          ],
          [
            -75.6972598,
            45.3919372
          ]
        ]
      }
    },
    {
      "type": "Feature",
      "properties": {
        "u": 9900300174,
        "v": 9900300175,
        "key": 0,
        "osmid": "carleton_parking_p7_svc_128_6",
        "highway": "service",
        "lanes": "1",
        "maxspeed": "15",
        "name": "P7 lot service",
        "oneway": false,
        "reversed": "False",
        "length": 8.145227660410187,
        "ref": "",
        "tunnel": "",
        "bridge": "",
        "width": "3",
        "access": "private",
        "junction": "",
        "parking_lot": "P7",
        "carleton_parking": true
      },
      "geometry": {
        "type": "LineString",
        "coordinates": [
          [
            -75.6973805,
            45.3920709
          ],
          [
            -75.6972979,
            45.3921081
          ]
        ]
      }
    },
    {
      "type": "Feature",
      "properties": {
        "u": 9900300175,
        "v": 9900300174,
        "key": 0,
        "osmid": "carleton_parking_p7_svc_128_6",
        "highway": "service",
        "lanes": "1",
        "maxspeed": "15",
        "name": "P7 lot service",
        "oneway": false,
        "reversed": "True",
        "length": 8.145227660410187,
        "ref": "",
        "tunnel": "",
        "bridge": "",
        "width": "3",
        "access": "private",
        "junction": "",
        "parking_lot": "P7",
        "carleton_parking": true
      },
      "geometry": {
        "type": "LineString",
        "coordinates": [
          [
            -75.6972979,
            45.3921081
          ],
          [
            -75.6973805,
            45.3920709
          ]
        ]
      }
    },
    {
      "type": "Feature",
      "properties": {
        "u": 9900300175,
        "v": 9900300176,
        "key": 0,
        "osmid": "carleton_parking_p7_svc_128_7",
        "highway": "service",
        "lanes": "1",
        "maxspeed": "15",
        "name": "P7 lot service",
        "oneway": false,
        "reversed": "False",
        "length": 30.297573036080617,
        "ref": "",
        "tunnel": "",
        "bridge": "",
        "width": "3",
        "access": "private",
        "junction": "",
        "parking_lot": "P7",
        "carleton_parking": true
      },
      "geometry": {
        "type": "LineString",
        "coordinates": [
          [
            -75.6972979,
            45.3921081
          ],
          [
            -75.6969906,
            45.3922464
          ]
        ]
      }
    },
    {
      "type": "Feature",
      "properties": {
        "u": 9900300176,
        "v": 9900300175,
        "key": 0,
        "osmid": "carleton_parking_p7_svc_128_7",
        "highway": "service",
        "lanes": "1",
        "maxspeed": "15",
        "name": "P7 lot service",
        "oneway": false,
        "reversed": "True",
        "length": 30.297573036080617,
        "ref": "",
        "tunnel": "",
        "bridge": "",
        "width": "3",
        "access": "private",
        "junction": "",
        "parking_lot": "P7",
        "carleton_parking": true
      },
      "geometry": {
        "type": "LineString",
        "coordinates": [
          [
            -75.6969906,
            45.3922464
          ],
          [
            -75.6972979,
            45.3921081
          ]
        ]
      }
    },
    {
      "type": "Feature",
      "properties": {
        "u": 9900300176,
        "v": 9900300177,
        "key": 0,
        "osmid": "carleton_parking_p7_svc_128_8",
        "highway": "service",
        "lanes": "1",
        "maxspeed": "15",
        "name": "P7 lot service",
        "oneway": false,
        "reversed": "False",
        "length": 8.160621208241208,
        "ref": "",
        "tunnel": "",
        "bridge": "",
        "width": "3",
        "access": "private",
        "junction": "",
        "parking_lot": "P7",
        "carleton_parking": true
      },
      "geometry": {
        "type": "LineString",
        "coordinates": [
          [
            -75.6969906,
            45.3922464
          ],
          [
            -75.6969021,
            45.3922749
          ]
        ]
      }
    },
    {
      "type": "Feature",
      "properties": {
        "u": 9900300177,
        "v": 9900300176,
        "key": 0,
        "osmid": "carleton_parking_p7_svc_128_8",
        "highway": "service",
        "lanes": "1",
        "maxspeed": "15",
        "name": "P7 lot service",
        "oneway": false,
        "reversed": "True",
        "length": 8.160621208241208,
        "ref": "",
        "tunnel": "",
        "bridge": "",
        "width": "3",
        "access": "private",
        "junction": "",
        "parking_lot": "P7",
        "carleton_parking": true
      },
      "geometry": {
        "type": "LineString",
        "coordinates": [
          [
            -75.6969021,
            45.3922749
          ],
          [
            -75.6969906,
            45.3922464
          ]
        ]
      }
    },
    {
      "type": "Feature",
      "properties": {
        "u": 9900300177,
        "v": 9900300178,
        "key": 0,
        "osmid": "carleton_parking_p7_svc_128_9",
        "highway": "service",
        "lanes": "1",
        "maxspeed": "15",
        "name": "P7 lot service",
        "oneway": false,
        "reversed": "False",
        "length": 8.594693014816789,
        "ref": "",
        "tunnel": "",
        "bridge": "",
        "width": "3",
        "access": "private",
        "junction": "",
        "parking_lot": "P7",
        "carleton_parking": true
      },
      "geometry": {
        "type": "LineString",
        "coordinates": [
          [
            -75.6969021,
            45.3922749
          ],
          [
            -75.696805,
            45.3922965
          ]
        ]
      }
    },
    {
      "type": "Feature",
      "properties": {
        "u": 9900300178,
        "v": 9900300177,
        "key": 0,
        "osmid": "carleton_parking_p7_svc_128_9",
        "highway": "service",
        "lanes": "1",
        "maxspeed": "15",
        "name": "P7 lot service",
        "oneway": false,
        "reversed": "True",
        "length": 8.594693014816789,
        "ref": "",
        "tunnel": "",
        "bridge": "",
        "width": "3",
        "access": "private",
        "junction": "",
        "parking_lot": "P7",
        "carleton_parking": true
      },
      "geometry": {
        "type": "LineString",
        "coordinates": [
          [
            -75.696805,
            45.3922965
          ],
          [
            -75.6969021,
            45.3922749
          ]
        ]
      }
    },
    {
      "type": "Feature",
      "properties": {
        "u": 9900300178,
        "v": 9900300179,
        "key": 0,
        "osmid": "carleton_parking_p7_svc_128_10",
        "highway": "service",
        "lanes": "1",
        "maxspeed": "15",
        "name": "P7 lot service",
        "oneway": false,
        "reversed": "False",
        "length": 7.002904575402241,
        "ref": "",
        "tunnel": "",
        "bridge": "",
        "width": "3",
        "access": "private",
        "junction": "",
        "parking_lot": "P7",
        "carleton_parking": true
      },
      "geometry": {
        "type": "LineString",
        "coordinates": [
          [
            -75.696805,
            45.3922965
          ],
          [
            -75.6967234,
            45.3923052
          ]
        ]
      }
    },
    {
      "type": "Feature",
      "properties": {
        "u": 9900300179,
        "v": 9900300178,
        "key": 0,
        "osmid": "carleton_parking_p7_svc_128_10",
        "highway": "service",
        "lanes": "1",
        "maxspeed": "15",
        "name": "P7 lot service",
        "oneway": false,
        "reversed": "True",
        "length": 7.002904575402241,
        "ref": "",
        "tunnel": "",
        "bridge": "",
        "width": "3",
        "access": "private",
        "junction": "",
        "parking_lot": "P7",
        "carleton_parking": true
      },
      "geometry": {
        "type": "LineString",
        "coordinates": [
          [
            -75.6967234,
            45.3923052
          ],
          [
            -75.696805,
            45.3922965
          ]
        ]
      }
    },
    {
      "type": "Feature",
      "properties": {
        "u": 9900300179,
        "v": 9900300180,
        "key": 0,
        "osmid": "carleton_parking_p7_svc_128_11",
        "highway": "service",
        "lanes": "1",
        "maxspeed": "15",
        "name": "P7 lot service",
        "oneway": false,
        "reversed": "False",
        "length": 8.647948536653109,
        "ref": "",
        "tunnel": "",
        "bridge": "",
        "width": "3",
        "access": "private",
        "junction": "",
        "parking_lot": "P7",
        "carleton_parking": true
      },
      "geometry": {
        "type": "LineString",
        "coordinates": [
          [
            -75.6967234,
            45.3923052
          ],
          [
            -75.6966217,
            45.3923074
          ]
        ]
      }
    },
    {
      "type": "Feature",
      "properties": {
        "u": 9900300180,
        "v": 9900300179,
        "key": 0,
        "osmid": "carleton_parking_p7_svc_128_11",
        "highway": "service",
        "lanes": "1",
        "maxspeed": "15",
        "name": "P7 lot service",
        "oneway": false,
        "reversed": "True",
        "length": 8.647948536653109,
        "ref": "",
        "tunnel": "",
        "bridge": "",
        "width": "3",
        "access": "private",
        "junction": "",
        "parking_lot": "P7",
        "carleton_parking": true
      },
      "geometry": {
        "type": "LineString",
        "coordinates": [
          [
            -75.6966217,
            45.3923074
          ],
          [
            -75.6967234,
            45.3923052
          ]
        ]
      }
    },
    {
      "type": "Feature",
      "properties": {
        "u": 9900300180,
        "v": 9900300181,
        "key": 0,
        "osmid": "carleton_parking_p7_svc_128_12",
        "highway": "service",
        "lanes": "1",
        "maxspeed": "15",
        "name": "P7 lot service",
        "oneway": false,
        "reversed": "False",
        "length": 7.040735330547777,
        "ref": "",
        "tunnel": "",
        "bridge": "",
        "width": "3",
        "access": "private",
        "junction": "",
        "parking_lot": "P7",
        "carleton_parking": true
      },
      "geometry": {
        "type": "LineString",
        "coordinates": [
          [
            -75.6966217,
            45.3923074
          ],
          [
            -75.6965401,
            45.3922965
          ]
        ]
      }
    },
    {
      "type": "Feature",
      "properties": {
        "u": 9900300181,
        "v": 9900300180,
        "key": 0,
        "osmid": "carleton_parking_p7_svc_128_12",
        "highway": "service",
        "lanes": "1",
        "maxspeed": "15",
        "name": "P7 lot service",
        "oneway": false,
        "reversed": "True",
        "length": 7.040735330547777,
        "ref": "",
        "tunnel": "",
        "bridge": "",
        "width": "3",
        "access": "private",
        "junction": "",
        "parking_lot": "P7",
        "carleton_parking": true
      },
      "geometry": {
        "type": "LineString",
        "coordinates": [
          [
            -75.6965401,
            45.3922965
          ],
          [
            -75.6966217,
            45.3923074
          ]
        ]
      }
    },
    {
      "type": "Feature",
      "properties": {
        "u": 9900300181,
        "v": 9900300182,
        "key": 0,
        "osmid": "carleton_parking_p7_svc_128_13",
        "highway": "service",
        "lanes": "1",
        "maxspeed": "15",
        "name": "P7 lot service",
        "oneway": false,
        "reversed": "False",
        "length": 4.159144659663507,
        "ref": "",
        "tunnel": "",
        "bridge": "",
        "width": "3",
        "access": "private",
        "junction": "",
        "parking_lot": "P7",
        "carleton_parking": true
      },
      "geometry": {
        "type": "LineString",
        "coordinates": [
          [
            -75.6965401,
            45.3922965
          ],
          [
            -75.6964927,
            45.3922872
          ]
        ]
      }
    },
    {
      "type": "Feature",
      "properties": {
        "u": 9900300182,
        "v": 9900300181,
        "key": 0,
        "osmid": "carleton_parking_p7_svc_128_13",
        "highway": "service",
        "lanes": "1",
        "maxspeed": "15",
        "name": "P7 lot service",
        "oneway": false,
        "reversed": "True",
        "length": 4.159144659663507,
        "ref": "",
        "tunnel": "",
        "bridge": "",
        "width": "3",
        "access": "private",
        "junction": "",
        "parking_lot": "P7",
        "carleton_parking": true
      },
      "geometry": {
        "type": "LineString",
        "coordinates": [
          [
            -75.6964927,
            45.3922872
          ],
          [
            -75.6965401,
            45.3922965
          ]
        ]
      }
    },
    {
      "type": "Feature",
      "properties": {
        "u": 9900300182,
        "v": 9900300183,
        "key": 0,
        "osmid": "carleton_parking_p7_svc_128_14",
        "highway": "service",
        "lanes": "1",
        "maxspeed": "15",
        "name": "P7 lot service",
        "oneway": false,
        "reversed": "False",
        "length": 4.494081574681073,
        "ref": "",
        "tunnel": "",
        "bridge": "",
        "width": "3",
        "access": "private",
        "junction": "",
        "parking_lot": "P7",
        "carleton_parking": true
      },
      "geometry": {
        "type": "LineString",
        "coordinates": [
          [
            -75.6964927,
            45.3922872
          ],
          [
            -75.6964415,
            45.3922771
          ]
        ]
      }
    },
    {
      "type": "Feature",
      "properties": {
        "u": 9900300183,
        "v": 9900300182,
        "key": 0,
        "osmid": "carleton_parking_p7_svc_128_14",
        "highway": "service",
        "lanes": "1",
        "maxspeed": "15",
        "name": "P7 lot service",
        "oneway": false,
        "reversed": "True",
        "length": 4.494081574681073,
        "ref": "",
        "tunnel": "",
        "bridge": "",
        "width": "3",
        "access": "private",
        "junction": "",
        "parking_lot": "P7",
        "carleton_parking": true
      },
      "geometry": {
        "type": "LineString",
        "coordinates": [
          [
            -75.6964415,
            45.3922771
          ],
          [
            -75.6964927,
            45.3922872
          ]
        ]
      }
    },
    {
      "type": "Feature",
      "properties": {
        "u": 9900300183,
        "v": 9900300184,
        "key": 0,
        "osmid": "carleton_parking_p7_svc_128_15",
        "highway": "service",
        "lanes": "1",
        "maxspeed": "15",
        "name": "P7 lot service",
        "oneway": false,
        "reversed": "False",
        "length": 8.743526648662394,
        "ref": "",
        "tunnel": "",
        "bridge": "",
        "width": "3",
        "access": "private",
        "junction": "",
        "parking_lot": "P7",
        "carleton_parking": true
      },
      "geometry": {
        "type": "LineString",
        "coordinates": [
          [
            -75.6964415,
            45.3922771
          ],
          [
            -75.6963444,
            45.3922511
          ]
        ]
      }
    },
    {
      "type": "Feature",
      "properties": {
        "u": 9900300184,
        "v": 9900300183,
        "key": 0,
        "osmid": "carleton_parking_p7_svc_128_15",
        "highway": "service",
        "lanes": "1",
        "maxspeed": "15",
        "name": "P7 lot service",
        "oneway": false,
        "reversed": "True",
        "length": 8.743526648662394,
        "ref": "",
        "tunnel": "",
        "bridge": "",
        "width": "3",
        "access": "private",
        "junction": "",
        "parking_lot": "P7",
        "carleton_parking": true
      },
      "geometry": {
        "type": "LineString",
        "coordinates": [
          [
            -75.6963444,
            45.3922511
          ],
          [
            -75.6964415,
            45.3922771
          ]
        ]
      }
    },
    {
      "type": "Feature",
      "properties": {
        "u": 9900300184,
        "v": 9900300185,
        "key": 0,
        "osmid": "carleton_parking_p7_svc_128_16",
        "highway": "service",
        "lanes": "1",
        "maxspeed": "15",
        "name": "P7 lot service",
        "oneway": false,
        "reversed": "False",
        "length": 8.678346493486593,
        "ref": "",
        "tunnel": "",
        "bridge": "",
        "width": "3",
        "access": "private",
        "junction": "",
        "parking_lot": "P7",
        "carleton_parking": true
      },
      "geometry": {
        "type": "LineString",
        "coordinates": [
          [
            -75.6963444,
            45.3922511
          ],
          [
            -75.6962551,
            45.3922132
          ]
        ]
      }
    },
    {
      "type": "Feature",
      "properties": {
        "u": 9900300185,
        "v": 9900300184,
        "key": 0,
        "osmid": "carleton_parking_p7_svc_128_16",
        "highway": "service",
        "lanes": "1",
        "maxspeed": "15",
        "name": "P7 lot service",
        "oneway": false,
        "reversed": "True",
        "length": 8.678346493486593,
        "ref": "",
        "tunnel": "",
        "bridge": "",
        "width": "3",
        "access": "private",
        "junction": "",
        "parking_lot": "P7",
        "carleton_parking": true
      },
      "geometry": {
        "type": "LineString",
        "coordinates": [
          [
            -75.6962551,
            45.3922132
          ],
          [
            -75.6963444,
            45.3922511
          ]
        ]
      }
    },
    {
      "type": "Feature",
      "properties": {
        "u": 9900300185,
        "v": 9900300186,
        "key": 0,
        "osmid": "carleton_parking_p7_svc_128_17",
        "highway": "service",
        "lanes": "1",
        "maxspeed": "15",
        "name": "P7 lot service",
        "oneway": false,
        "reversed": "False",
        "length": 7.778080838873238,
        "ref": "",
        "tunnel": "",
        "bridge": "",
        "width": "3",
        "access": "private",
        "junction": "",
        "parking_lot": "P7",
        "carleton_parking": true
      },
      "geometry": {
        "type": "LineString",
        "coordinates": [
          [
            -75.6962551,
            45.3922132
          ],
          [
            -75.6961842,
            45.3921689
          ]
        ]
      }
    },
    {
      "type": "Feature",
      "properties": {
        "u": 9900300186,
        "v": 9900300185,
        "key": 0,
        "osmid": "carleton_parking_p7_svc_128_17",
        "highway": "service",
        "lanes": "1",
        "maxspeed": "15",
        "name": "P7 lot service",
        "oneway": false,
        "reversed": "True",
        "length": 7.778080838873238,
        "ref": "",
        "tunnel": "",
        "bridge": "",
        "width": "3",
        "access": "private",
        "junction": "",
        "parking_lot": "P7",
        "carleton_parking": true
      },
      "geometry": {
        "type": "LineString",
        "coordinates": [
          [
            -75.6961842,
            45.3921689
          ],
          [
            -75.6962551,
            45.3922132
          ]
        ]
      }
    },
    {
      "type": "Feature",
      "properties": {
        "u": 9900300186,
        "v": 9900300187,
        "key": 0,
        "osmid": "carleton_parking_p7_svc_128_18",
        "highway": "service",
        "lanes": "1",
        "maxspeed": "15",
        "name": "P7 lot service",
        "oneway": false,
        "reversed": "False",
        "length": 8.142832815989056,
        "ref": "",
        "tunnel": "",
        "bridge": "",
        "width": "3",
        "access": "private",
        "junction": "",
        "parking_lot": "P7",
        "carleton_parking": true
      },
      "geometry": {
        "type": "LineString",
        "coordinates": [
          [
            -75.6961842,
            45.3921689
          ],
          [
            -75.6961195,
            45.3921148
          ]
        ]
      }
    },
    {
      "type": "Feature",
      "properties": {
        "u": 9900300187,
        "v": 9900300186,
        "key": 0,
        "osmid": "carleton_parking_p7_svc_128_18",
        "highway": "service",
        "lanes": "1",
        "maxspeed": "15",
        "name": "P7 lot service",
        "oneway": false,
        "reversed": "True",
        "length": 8.142832815989056,
        "ref": "",
        "tunnel": "",
        "bridge": "",
        "width": "3",
        "access": "private",
        "junction": "",
        "parking_lot": "P7",
        "carleton_parking": true
      },
      "geometry": {
        "type": "LineString",
        "coordinates": [
          [
            -75.6961195,
            45.3921148
          ],
          [
            -75.6961842,
            45.3921689
          ]
        ]
      }
    },
    {
      "type": "Feature",
      "properties": {
        "u": 9900300187,
        "v": 9900300188,
        "key": 0,
        "osmid": "carleton_parking_p7_svc_128_19",
        "highway": "service",
        "lanes": "1",
        "maxspeed": "15",
        "name": "P7 lot service",
        "oneway": false,
        "reversed": "False",
        "length": 2.413171334683161,
        "ref": "",
        "tunnel": "",
        "bridge": "",
        "width": "3",
        "access": "private",
        "junction": "",
        "parking_lot": "P7",
        "carleton_parking": true
      },
      "geometry": {
        "type": "LineString",
        "coordinates": [
          [
            -75.6961195,
            45.3921148
          ],
          [
            -75.6961032,
            45.392097
          ]
        ]
      }
    },
    {
      "type": "Feature",
      "properties": {
        "u": 9900300188,
        "v": 9900300187,
        "key": 0,
        "osmid": "carleton_parking_p7_svc_128_19",
        "highway": "service",
        "lanes": "1",
        "maxspeed": "15",
        "name": "P7 lot service",
        "oneway": false,
        "reversed": "True",
        "length": 2.413171334683161,
        "ref": "",
        "tunnel": "",
        "bridge": "",
        "width": "3",
        "access": "private",
        "junction": "",
        "parking_lot": "P7",
        "carleton_parking": true
      },
      "geometry": {
        "type": "LineString",
        "coordinates": [
          [
            -75.6961032,
            45.392097
          ],
          [
            -75.6961195,
            45.3921148
          ]
        ]
      }
    },
    {
      "type": "Feature",
      "properties": {
        "u": 9900300188,
        "v": 9900300189,
        "key": 0,
        "osmid": "carleton_parking_p7_svc_128_20",
        "highway": "service",
        "lanes": "1",
        "maxspeed": "15",
        "name": "P7 lot service",
        "oneway": false,
        "reversed": "False",
        "length": 4.19423533021965,
        "ref": "",
        "tunnel": "",
        "bridge": "",
        "width": "3",
        "access": "private",
        "junction": "",
        "parking_lot": "P7",
        "carleton_parking": true
      },
      "geometry": {
        "type": "LineString",
        "coordinates": [
          [
            -75.6961032,
            45.392097
          ],
          [
            -75.6960748,
            45.3920661
          ]
        ]
      }
    },
    {
      "type": "Feature",
      "properties": {
        "u": 9900300189,
        "v": 9900300188,
        "key": 0,
        "osmid": "carleton_parking_p7_svc_128_20",
        "highway": "service",
        "lanes": "1",
        "maxspeed": "15",
        "name": "P7 lot service",
        "oneway": false,
        "reversed": "True",
        "length": 4.19423533021965,
        "ref": "",
        "tunnel": "",
        "bridge": "",
        "width": "3",
        "access": "private",
        "junction": "",
        "parking_lot": "P7",
        "carleton_parking": true
      },
      "geometry": {
        "type": "LineString",
        "coordinates": [
          [
            -75.6960748,
            45.3920661
          ],
          [
            -75.6961032,
            45.392097
          ]
        ]
      }
    },
    {
      "type": "Feature",
      "properties": {
        "u": 9900300189,
        "v": 9900300190,
        "key": 0,
        "osmid": "carleton_parking_p7_svc_128_21",
        "highway": "service",
        "lanes": "1",
        "maxspeed": "15",
        "name": "P7 lot service",
        "oneway": false,
        "reversed": "False",
        "length": 6.991096749621881,
        "ref": "",
        "tunnel": "",
        "bridge": "",
        "width": "3",
        "access": "private",
        "junction": "",
        "parking_lot": "P7",
        "carleton_parking": true
      },
      "geometry": {
        "type": "LineString",
        "coordinates": [
          [
            -75.6960748,
            45.3920661
          ],
          [
            -75.696044,
            45.3920077
          ]
        ]
      }
    },
    {
      "type": "Feature",
      "properties": {
        "u": 9900300190,
        "v": 9900300189,
        "key": 0,
        "osmid": "carleton_parking_p7_svc_128_21",
        "highway": "service",
        "lanes": "1",
        "maxspeed": "15",
        "name": "P7 lot service",
        "oneway": false,
        "reversed": "True",
        "length": 6.991096749621881,
        "ref": "",
        "tunnel": "",
        "bridge": "",
        "width": "3",
        "access": "private",
        "junction": "",
        "parking_lot": "P7",
        "carleton_parking": true
      },
      "geometry": {
        "type": "LineString",
        "coordinates": [
          [
            -75.696044,
            45.3920077
          ],
          [
            -75.6960748,
            45.3920661
          ]
        ]
      }
    },
    {
      "type": "Feature",
      "properties": {
        "u": 9900300190,
        "v": 9900300191,
        "key": 0,
        "osmid": "carleton_parking_p7_svc_128_22",
        "highway": "service",
        "lanes": "1",
        "maxspeed": "15",
        "name": "P7 lot service",
        "oneway": false,
        "reversed": "False",
        "length": 6.774666754900915,
        "ref": "",
        "tunnel": "",
        "bridge": "",
        "width": "3",
        "access": "private",
        "junction": "",
        "parking_lot": "P7",
        "carleton_parking": true
      },
      "geometry": {
        "type": "LineString",
        "coordinates": [
          [
            -75.696044,
            45.3920077
          ],
          [
            -75.6960162,
            45.3919505
          ]
        ]
      }
    },
    {
      "type": "Feature",
      "properties": {
        "u": 9900300191,
        "v": 9900300190,
        "key": 0,
        "osmid": "carleton_parking_p7_svc_128_22",
        "highway": "service",
        "lanes": "1",
        "maxspeed": "15",
        "name": "P7 lot service",
        "oneway": false,
        "reversed": "True",
        "length": 6.774666754900915,
        "ref": "",
        "tunnel": "",
        "bridge": "",
        "width": "3",
        "access": "private",
        "junction": "",
        "parking_lot": "P7",
        "carleton_parking": true
      },
      "geometry": {
        "type": "LineString",
        "coordinates": [
          [
            -75.6960162,
            45.3919505
          ],
          [
            -75.696044,
            45.3920077
          ]
        ]
      }
    },
    {
      "type": "Feature",
      "properties": {
        "u": 9900300191,
        "v": 9900300192,
        "key": 0,
        "osmid": "carleton_parking_p7_svc_128_23",
        "highway": "service",
        "lanes": "1",
        "maxspeed": "15",
        "name": "P7 lot service",
        "oneway": false,
        "reversed": "False",
        "length": 16.89952917507806,
        "ref": "",
        "tunnel": "",
        "bridge": "",
        "width": "3",
        "access": "private",
        "junction": "",
        "parking_lot": "P7",
        "carleton_parking": true
      },
      "geometry": {
        "type": "LineString",
        "coordinates": [
          [
            -75.6960162,
            45.3919505
          ],
          [
            -75.6959469,
            45.3918078
          ]
        ]
      }
    },
    {
      "type": "Feature",
      "properties": {
        "u": 9900300192,
        "v": 9900300191,
        "key": 0,
        "osmid": "carleton_parking_p7_svc_128_23",
        "highway": "service",
        "lanes": "1",
        "maxspeed": "15",
        "name": "P7 lot service",
        "oneway": false,
        "reversed": "True",
        "length": 16.89952917507806,
        "ref": "",
        "tunnel": "",
        "bridge": "",
        "width": "3",
        "access": "private",
        "junction": "",
        "parking_lot": "P7",
        "carleton_parking": true
      },
      "geometry": {
        "type": "LineString",
        "coordinates": [
          [
            -75.6959469,
            45.3918078
          ],
          [
            -75.6960162,
            45.3919505
          ]
        ]
      }
    },
    {
      "type": "Feature",
      "properties": {
        "u": 9900300192,
        "v": 9900300193,
        "key": 0,
        "osmid": "carleton_parking_p7_svc_128_24",
        "highway": "service",
        "lanes": "1",
        "maxspeed": "15",
        "name": "P7 lot service",
        "oneway": false,
        "reversed": "False",
        "length": 18.30943102900133,
        "ref": "",
        "tunnel": "",
        "bridge": "",
        "width": "3",
        "access": "private",
        "junction": "",
        "parking_lot": "P7",
        "carleton_parking": true
      },
      "geometry": {
        "type": "LineString",
        "coordinates": [
          [
            -75.6959469,
            45.3918078
          ],
          [
            -75.6958718,
            45.3916532
          ]
        ]
      }
    },
    {
      "type": "Feature",
      "properties": {
        "u": 9900300193,
        "v": 9900300192,
        "key": 0,
        "osmid": "carleton_parking_p7_svc_128_24",
        "highway": "service",
        "lanes": "1",
        "maxspeed": "15",
        "name": "P7 lot service",
        "oneway": false,
        "reversed": "True",
        "length": 18.30943102900133,
        "ref": "",
        "tunnel": "",
        "bridge": "",
        "width": "3",
        "access": "private",
        "junction": "",
        "parking_lot": "P7",
        "carleton_parking": true
      },
      "geometry": {
        "type": "LineString",
        "coordinates": [
          [
            -75.6958718,
            45.3916532
          ],
          [
            -75.6959469,
            45.3918078
          ]
        ]
      }
    },
    {
      "type": "Feature",
      "properties": {
        "u": 9900300193,
        "v": 9900300194,
        "key": 0,
        "osmid": "carleton_parking_p7_svc_128_25",
        "highway": "service",
        "lanes": "1",
        "maxspeed": "15",
        "name": "P7 lot service",
        "oneway": false,
        "reversed": "False",
        "length": 17.303628446743666,
        "ref": "",
        "tunnel": "",
        "bridge": "",
        "width": "3",
        "access": "private",
        "junction": "",
        "parking_lot": "P7",
        "carleton_parking": true
      },
      "geometry": {
        "type": "LineString",
        "coordinates": [
          [
            -75.6958718,
            45.3916532
          ],
          [
            -75.6958008,
            45.3915071
          ]
        ]
      }
    },
    {
      "type": "Feature",
      "properties": {
        "u": 9900300194,
        "v": 9900300193,
        "key": 0,
        "osmid": "carleton_parking_p7_svc_128_25",
        "highway": "service",
        "lanes": "1",
        "maxspeed": "15",
        "name": "P7 lot service",
        "oneway": false,
        "reversed": "True",
        "length": 17.303628446743666,
        "ref": "",
        "tunnel": "",
        "bridge": "",
        "width": "3",
        "access": "private",
        "junction": "",
        "parking_lot": "P7",
        "carleton_parking": true
      },
      "geometry": {
        "type": "LineString",
        "coordinates": [
          [
            -75.6958008,
            45.3915071
          ],
          [
            -75.6958718,
            45.3916532
          ]
        ]
      }
    },
    {
      "type": "Feature",
      "properties": {
        "u": 9900300194,
        "v": 9900300195,
        "key": 0,
        "osmid": "carleton_parking_p7_svc_128_26",
        "highway": "service",
        "lanes": "1",
        "maxspeed": "15",
        "name": "P7 lot service",
        "oneway": false,
        "reversed": "False",
        "length": 18.417880883687875,
        "ref": "",
        "tunnel": "",
        "bridge": "",
        "width": "3",
        "access": "private",
        "junction": "",
        "parking_lot": "P7",
        "carleton_parking": true
      },
      "geometry": {
        "type": "LineString",
        "coordinates": [
          [
            -75.6958008,
            45.3915071
          ],
          [
            -75.6957252,
            45.3913516
          ]
        ]
      }
    },
    {
      "type": "Feature",
      "properties": {
        "u": 9900300195,
        "v": 9900300194,
        "key": 0,
        "osmid": "carleton_parking_p7_svc_128_26",
        "highway": "service",
        "lanes": "1",
        "maxspeed": "15",
        "name": "P7 lot service",
        "oneway": false,
        "reversed": "True",
        "length": 18.417880883687875,
        "ref": "",
        "tunnel": "",
        "bridge": "",
        "width": "3",
        "access": "private",
        "junction": "",
        "parking_lot": "P7",
        "carleton_parking": true
      },
      "geometry": {
        "type": "LineString",
        "coordinates": [
          [
            -75.6957252,
            45.3913516
          ],
          [
            -75.6958008,
            45.3915071
          ]
        ]
      }
    },
    {
      "type": "Feature",
      "properties": {
        "u": 9900300195,
        "v": 9900300196,
        "key": 0,
        "osmid": "carleton_parking_p7_svc_128_27",
        "highway": "service",
        "lanes": "1",
        "maxspeed": "15",
        "name": "P7 lot service",
        "oneway": false,
        "reversed": "False",
        "length": 17.443288576156487,
        "ref": "",
        "tunnel": "",
        "bridge": "",
        "width": "3",
        "access": "private",
        "junction": "",
        "parking_lot": "P7",
        "carleton_parking": true
      },
      "geometry": {
        "type": "LineString",
        "coordinates": [
          [
            -75.6957252,
            45.3913516
          ],
          [
            -75.6956537,
            45.3912043
          ]
        ]
      }
    },
    {
      "type": "Feature",
      "properties": {
        "u": 9900300196,
        "v": 9900300195,
        "key": 0,
        "osmid": "carleton_parking_p7_svc_128_27",
        "highway": "service",
        "lanes": "1",
        "maxspeed": "15",
        "name": "P7 lot service",
        "oneway": false,
        "reversed": "True",
        "length": 17.443288576156487,
        "ref": "",
        "tunnel": "",
        "bridge": "",
        "width": "3",
        "access": "private",
        "junction": "",
        "parking_lot": "P7",
        "carleton_parking": true
      },
      "geometry": {
        "type": "LineString",
        "coordinates": [
          [
            -75.6956537,
            45.3912043
          ],
          [
            -75.6957252,
            45.3913516
          ]
        ]
      }
    },
    {
      "type": "Feature",
      "properties": {
        "u": 9900300196,
        "v": 9900300197,
        "key": 0,
        "osmid": "carleton_parking_p7_svc_128_28",
        "highway": "service",
        "lanes": "1",
        "maxspeed": "15",
        "name": "P7 lot service",
        "oneway": false,
        "reversed": "False",
        "length": 17.89492831467565,
        "ref": "",
        "tunnel": "",
        "bridge": "",
        "width": "3",
        "access": "private",
        "junction": "",
        "parking_lot": "P7",
        "carleton_parking": true
      },
      "geometry": {
        "type": "LineString",
        "coordinates": [
          [
            -75.6956537,
            45.3912043
          ],
          [
            -75.6955803,
            45.3910532
          ]
        ]
      }
    },
    {
      "type": "Feature",
      "properties": {
        "u": 9900300197,
        "v": 9900300196,
        "key": 0,
        "osmid": "carleton_parking_p7_svc_128_28",
        "highway": "service",
        "lanes": "1",
        "maxspeed": "15",
        "name": "P7 lot service",
        "oneway": false,
        "reversed": "True",
        "length": 17.89492831467565,
        "ref": "",
        "tunnel": "",
        "bridge": "",
        "width": "3",
        "access": "private",
        "junction": "",
        "parking_lot": "P7",
        "carleton_parking": true
      },
      "geometry": {
        "type": "LineString",
        "coordinates": [
          [
            -75.6955803,
            45.3910532
          ],
          [
            -75.6956537,
            45.3912043
          ]
        ]
      }
    },
    {
      "type": "Feature",
      "properties": {
        "u": 9900300197,
        "v": 9900300198,
        "key": 0,
        "osmid": "carleton_parking_p7_svc_128_29",
        "highway": "service",
        "lanes": "1",
        "maxspeed": "15",
        "name": "P7 lot service",
        "oneway": false,
        "reversed": "False",
        "length": 17.266490854772396,
        "ref": "",
        "tunnel": "",
        "bridge": "",
        "width": "3",
        "access": "private",
        "junction": "",
        "parking_lot": "P7",
        "carleton_parking": true
      },
      "geometry": {
        "type": "LineString",
        "coordinates": [
          [
            -75.6955803,
            45.3910532
          ],
          [
            -75.6955095,
            45.3909074
          ]
        ]
      }
    },
    {
      "type": "Feature",
      "properties": {
        "u": 9900300198,
        "v": 9900300197,
        "key": 0,
        "osmid": "carleton_parking_p7_svc_128_29",
        "highway": "service",
        "lanes": "1",
        "maxspeed": "15",
        "name": "P7 lot service",
        "oneway": false,
        "reversed": "True",
        "length": 17.266490854772396,
        "ref": "",
        "tunnel": "",
        "bridge": "",
        "width": "3",
        "access": "private",
        "junction": "",
        "parking_lot": "P7",
        "carleton_parking": true
      },
      "geometry": {
        "type": "LineString",
        "coordinates": [
          [
            -75.6955095,
            45.3909074
          ],
          [
            -75.6955803,
            45.3910532
          ]
        ]
      }
    },
    {
      "type": "Feature",
      "properties": {
        "u": 9900300198,
        "v": 9900300199,
        "key": 0,
        "osmid": "carleton_parking_p7_svc_129_0",
        "highway": "service",
        "lanes": "1",
        "maxspeed": "15",
        "name": "P7 lot service",
        "oneway": false,
        "reversed": "False",
        "length": 48.534027535923954,
        "ref": "",
        "tunnel": "",
        "bridge": "",
        "width": "3",
        "access": "private",
        "junction": "",
        "parking_lot": "P7",
        "carleton_parking": true
      },
      "geometry": {
        "type": "LineString",
        "coordinates": [
          [
            -75.6955095,
            45.3909074
          ],
          [
            -75.6960008,
            45.3906846
          ]
        ]
      }
    },
    {
      "type": "Feature",
      "properties": {
        "u": 9900300199,
        "v": 9900300198,
        "key": 0,
        "osmid": "carleton_parking_p7_svc_129_0",
        "highway": "service",
        "lanes": "1",
        "maxspeed": "15",
        "name": "P7 lot service",
        "oneway": false,
        "reversed": "True",
        "length": 48.534027535923954,
        "ref": "",
        "tunnel": "",
        "bridge": "",
        "width": "3",
        "access": "private",
        "junction": "",
        "parking_lot": "P7",
        "carleton_parking": true
      },
      "geometry": {
        "type": "LineString",
        "coordinates": [
          [
            -75.6960008,
            45.3906846
          ],
          [
            -75.6955095,
            45.3909074
          ]
        ]
      }
    },
    {
      "type": "Feature",
      "properties": {
        "u": 9900300199,
        "v": 9900300149,
        "key": 0,
        "osmid": "carleton_parking_p7_svc_129_1",
        "highway": "service",
        "lanes": "1",
        "maxspeed": "15",
        "name": "P7 lot service",
        "oneway": false,
        "reversed": "False",
        "length": 9.135084951444354,
        "ref": "",
        "tunnel": "",
        "bridge": "",
        "width": "3",
        "access": "private",
        "junction": "",
        "parking_lot": "P7",
        "carleton_parking": true
      },
      "geometry": {
        "type": "LineString",
        "coordinates": [
          [
            -75.6960008,
            45.3906846
          ],
          [
            -75.6960933,
            45.3906427
          ]
        ]
      }
    },
    {
      "type": "Feature",
      "properties": {
        "u": 9900300149,
        "v": 9900300199,
        "key": 0,
        "osmid": "carleton_parking_p7_svc_129_1",
        "highway": "service",
        "lanes": "1",
        "maxspeed": "15",
        "name": "P7 lot service",
        "oneway": false,
        "reversed": "True",
        "length": 9.135084951444354,
        "ref": "",
        "tunnel": "",
        "bridge": "",
        "width": "3",
        "access": "private",
        "junction": "",
        "parking_lot": "P7",
        "carleton_parking": true
      },
      "geometry": {
        "type": "LineString",
        "coordinates": [
          [
            -75.6960933,
            45.3906427
          ],
          [
            -75.6960008,
            45.3906846
          ]
        ]
      }
    },
    {
      "type": "Feature",
      "properties": {
        "u": 9900300149,
        "v": 9900300200,
        "key": 0,
        "osmid": "carleton_parking_p7_svc_129_2",
        "highway": "service",
        "lanes": "1",
        "maxspeed": "15",
        "name": "P7 lot service",
        "oneway": false,
        "reversed": "False",
        "length": 21.419260754363453,
        "ref": "",
        "tunnel": "",
        "bridge": "",
        "width": "3",
        "access": "private",
        "junction": "",
        "parking_lot": "P7",
        "carleton_parking": true
      },
      "geometry": {
        "type": "LineString",
        "coordinates": [
          [
            -75.6960933,
            45.3906427
          ],
          [
            -75.6963096,
            45.3905437
          ]
        ]
      }
    },
    {
      "type": "Feature",
      "properties": {
        "u": 9900300200,
        "v": 9900300149,
        "key": 0,
        "osmid": "carleton_parking_p7_svc_129_2",
        "highway": "service",
        "lanes": "1",
        "maxspeed": "15",
        "name": "P7 lot service",
        "oneway": false,
        "reversed": "True",
        "length": 21.419260754363453,
        "ref": "",
        "tunnel": "",
        "bridge": "",
        "width": "3",
        "access": "private",
        "junction": "",
        "parking_lot": "P7",
        "carleton_parking": true
      },
      "geometry": {
        "type": "LineString",
        "coordinates": [
          [
            -75.6963096,
            45.3905437
          ],
          [
            -75.6960933,
            45.3906427
          ]
        ]
      }
    },
    {
      "type": "Feature",
      "properties": {
        "u": 9900300200,
        "v": 9900300201,
        "key": 0,
        "osmid": "carleton_parking_p7_svc_129_3",
        "highway": "service",
        "lanes": "1",
        "maxspeed": "15",
        "name": "P7 lot service",
        "oneway": false,
        "reversed": "False",
        "length": 19.902729105717473,
        "ref": "",
        "tunnel": "",
        "bridge": "",
        "width": "3",
        "access": "private",
        "junction": "",
        "parking_lot": "P7",
        "carleton_parking": true
      },
      "geometry": {
        "type": "LineString",
        "coordinates": [
          [
            -75.6963096,
            45.3905437
          ],
          [
            -75.6965105,
            45.3904516
          ]
        ]
      }
    },
    {
      "type": "Feature",
      "properties": {
        "u": 9900300201,
        "v": 9900300200,
        "key": 0,
        "osmid": "carleton_parking_p7_svc_129_3",
        "highway": "service",
        "lanes": "1",
        "maxspeed": "15",
        "name": "P7 lot service",
        "oneway": false,
        "reversed": "True",
        "length": 19.902729105717473,
        "ref": "",
        "tunnel": "",
        "bridge": "",
        "width": "3",
        "access": "private",
        "junction": "",
        "parking_lot": "P7",
        "carleton_parking": true
      },
      "geometry": {
        "type": "LineString",
        "coordinates": [
          [
            -75.6965105,
            45.3904516
          ],
          [
            -75.6963096,
            45.3905437
          ]
        ]
      }
    },
    {
      "type": "Feature",
      "properties": {
        "u": 9900300201,
        "v": 9900300202,
        "key": 0,
        "osmid": "carleton_parking_p7_svc_129_4",
        "highway": "service",
        "lanes": "1",
        "maxspeed": "15",
        "name": "P7 lot service",
        "oneway": false,
        "reversed": "False",
        "length": 18.796730455371932,
        "ref": "",
        "tunnel": "",
        "bridge": "",
        "width": "3",
        "access": "private",
        "junction": "",
        "parking_lot": "P7",
        "carleton_parking": true
      },
      "geometry": {
        "type": "LineString",
        "coordinates": [
          [
            -75.6965105,
            45.3904516
          ],
          [
            -75.6967003,
            45.3903647
          ]
        ]
      }
    },
    {
      "type": "Feature",
      "properties": {
        "u": 9900300202,
        "v": 9900300201,
        "key": 0,
        "osmid": "carleton_parking_p7_svc_129_4",
        "highway": "service",
        "lanes": "1",
        "maxspeed": "15",
        "name": "P7 lot service",
        "oneway": false,
        "reversed": "True",
        "length": 18.796730455371932,
        "ref": "",
        "tunnel": "",
        "bridge": "",
        "width": "3",
        "access": "private",
        "junction": "",
        "parking_lot": "P7",
        "carleton_parking": true
      },
      "geometry": {
        "type": "LineString",
        "coordinates": [
          [
            -75.6967003,
            45.3903647
          ],
          [
            -75.6965105,
            45.3904516
          ]
        ]
      }
    },
    {
      "type": "Feature",
      "properties": {
        "u": 9900300202,
        "v": 9900300203,
        "key": 0,
        "osmid": "carleton_parking_p7_svc_129_5",
        "highway": "service",
        "lanes": "1",
        "maxspeed": "15",
        "name": "P7 lot service",
        "oneway": false,
        "reversed": "False",
        "length": 24.18380005351176,
        "ref": "",
        "tunnel": "",
        "bridge": "",
        "width": "3",
        "access": "private",
        "junction": "",
        "parking_lot": "P7",
        "carleton_parking": true
      },
      "geometry": {
        "type": "LineString",
        "coordinates": [
          [
            -75.6967003,
            45.3903647
          ],
          [
            -75.6969445,
            45.3902529
          ]
        ]
      }
    },
    {
      "type": "Feature",
      "properties": {
        "u": 9900300203,
        "v": 9900300202,
        "key": 0,
        "osmid": "carleton_parking_p7_svc_129_5",
        "highway": "service",
        "lanes": "1",
        "maxspeed": "15",
        "name": "P7 lot service",
        "oneway": false,
        "reversed": "True",
        "length": 24.18380005351176,
        "ref": "",
        "tunnel": "",
        "bridge": "",
        "width": "3",
        "access": "private",
        "junction": "",
        "parking_lot": "P7",
        "carleton_parking": true
      },
      "geometry": {
        "type": "LineString",
        "coordinates": [
          [
            -75.6969445,
            45.3902529
          ],
          [
            -75.6967003,
            45.3903647
          ]
        ]
      }
    },
    {
      "type": "Feature",
      "properties": {
        "u": 9900300203,
        "v": 9900300204,
        "key": 0,
        "osmid": "carleton_parking_p7_svc_129_6",
        "highway": "service",
        "lanes": "1",
        "maxspeed": "15",
        "name": "P7 lot service",
        "oneway": false,
        "reversed": "False",
        "length": 10.529095532805476,
        "ref": "",
        "tunnel": "",
        "bridge": "",
        "width": "3",
        "access": "private",
        "junction": "",
        "parking_lot": "P7",
        "carleton_parking": true
      },
      "geometry": {
        "type": "LineString",
        "coordinates": [
          [
            -75.6969445,
            45.3902529
          ],
          [
            -75.6970508,
            45.3902042
          ]
        ]
      }
    },
    {
      "type": "Feature",
      "properties": {
        "u": 9900300204,
        "v": 9900300203,
        "key": 0,
        "osmid": "carleton_parking_p7_svc_129_6",
        "highway": "service",
        "lanes": "1",
        "maxspeed": "15",
        "name": "P7 lot service",
        "oneway": false,
        "reversed": "True",
        "length": 10.529095532805476,
        "ref": "",
        "tunnel": "",
        "bridge": "",
        "width": "3",
        "access": "private",
        "junction": "",
        "parking_lot": "P7",
        "carleton_parking": true
      },
      "geometry": {
        "type": "LineString",
        "coordinates": [
          [
            -75.6970508,
            45.3902042
          ],
          [
            -75.6969445,
            45.3902529
          ]
        ]
      }
    },
    {
      "type": "Feature",
      "properties": {
        "u": 9900300204,
        "v": 9900300162,
        "key": 0,
        "osmid": "carleton_parking_p7_svc_129_7",
        "highway": "service",
        "lanes": "1",
        "maxspeed": "15",
        "name": "P7 lot service",
        "oneway": false,
        "reversed": "False",
        "length": 8.708256147936101,
        "ref": "",
        "tunnel": "",
        "bridge": "",
        "width": "3",
        "access": "private",
        "junction": "",
        "parking_lot": "P7",
        "carleton_parking": true
      },
      "geometry": {
        "type": "LineString",
        "coordinates": [
          [
            -75.6970508,
            45.3902042
          ],
          [
            -75.6971387,
            45.3901639
          ]
        ]
      }
    },
    {
      "type": "Feature",
      "properties": {
        "u": 9900300162,
        "v": 9900300204,
        "key": 0,
        "osmid": "carleton_parking_p7_svc_129_7",
        "highway": "service",
        "lanes": "1",
        "maxspeed": "15",
        "name": "P7 lot service",
        "oneway": false,
        "reversed": "True",
        "length": 8.708256147936101,
        "ref": "",
        "tunnel": "",
        "bridge": "",
        "width": "3",
        "access": "private",
        "junction": "",
        "parking_lot": "P7",
        "carleton_parking": true
      },
      "geometry": {
        "type": "LineString",
        "coordinates": [
          [
            -75.6971387,
            45.3901639
          ],
          [
            -75.6970508,
            45.3902042
          ]
        ]
      }
    },
    {
      "type": "Feature",
      "properties": {
        "u": 9900300168,
        "v": 9900300143,
        "key": 0,
        "osmid": "carleton_parking_p7_svc_130_0",
        "highway": "service",
        "lanes": "1",
        "maxspeed": "15",
        "name": "P7 lot service",
        "oneway": false,
        "reversed": "False",
        "length": 103.62036473945193,
        "ref": "",
        "tunnel": "",
        "bridge": "",
        "width": "3",
        "access": "private",
        "junction": "",
        "parking_lot": "P7",
        "carleton_parking": true
      },
      "geometry": {
        "type": "LineString",
        "coordinates": [
          [
            -75.6965467,
            45.389522
          ],
          [
            -75.6954964,
            45.3899959
          ]
        ]
      }
    },
    {
      "type": "Feature",
      "properties": {
        "u": 9900300143,
        "v": 9900300168,
        "key": 0,
        "osmid": "carleton_parking_p7_svc_130_0",
        "highway": "service",
        "lanes": "1",
        "maxspeed": "15",
        "name": "P7 lot service",
        "oneway": false,
        "reversed": "True",
        "length": 103.62036473945193,
        "ref": "",
        "tunnel": "",
        "bridge": "",
        "width": "3",
        "access": "private",
        "junction": "",
        "parking_lot": "P7",
        "carleton_parking": true
      },
      "geometry": {
        "type": "LineString",
        "coordinates": [
          [
            -75.6954964,
            45.3899959
          ],
          [
            -75.6965467,
            45.389522
          ]
        ]
      }
    },
    {
      "type": "Feature",
      "properties": {
        "u": 9900300144,
        "v": 9900300167,
        "key": 0,
        "osmid": "carleton_parking_p7_svc_131_0",
        "highway": "service",
        "lanes": "1",
        "maxspeed": "15",
        "name": "P7 lot service",
        "oneway": false,
        "reversed": "False",
        "length": 103.59414213845506,
        "ref": "",
        "tunnel": "",
        "bridge": "",
        "width": "3",
        "access": "private",
        "junction": "",
        "parking_lot": "P7",
        "carleton_parking": true
      },
      "geometry": {
        "type": "LineString",
        "coordinates": [
          [
            -75.6956189,
            45.3901283
          ],
          [
            -75.6966652,
            45.3896497
          ]
        ]
      }
    },
    {
      "type": "Feature",
      "properties": {
        "u": 9900300167,
        "v": 9900300144,
        "key": 0,
        "osmid": "carleton_parking_p7_svc_131_0",
        "highway": "service",
        "lanes": "1",
        "maxspeed": "15",
        "name": "P7 lot service",
        "oneway": false,
        "reversed": "True",
        "length": 103.59414213845506,
        "ref": "",
        "tunnel": "",
        "bridge": "",
        "width": "3",
        "access": "private",
        "junction": "",
        "parking_lot": "P7",
        "carleton_parking": true
      },
      "geometry": {
        "type": "LineString",
        "coordinates": [
          [
            -75.6966652,
            45.3896497
          ],
          [
            -75.6956189,
            45.3901283
          ]
        ]
      }
    },
    {
      "type": "Feature",
      "properties": {
        "u": 9900300166,
        "v": 9900300145,
        "key": 0,
        "osmid": "carleton_parking_p7_svc_132_0",
        "highway": "service",
        "lanes": "1",
        "maxspeed": "15",
        "name": "P7 lot service",
        "oneway": false,
        "reversed": "False",
        "length": 103.60232720927856,
        "ref": "",
        "tunnel": "",
        "bridge": "",
        "width": "3",
        "access": "private",
        "junction": "",
        "parking_lot": "P7",
        "carleton_parking": true
      },
      "geometry": {
        "type": "LineString",
        "coordinates": [
          [
            -75.6967844,
            45.3897782
          ],
          [
            -75.6957383,
            45.3902572
          ]
        ]
      }
    },
    {
      "type": "Feature",
      "properties": {
        "u": 9900300145,
        "v": 9900300166,
        "key": 0,
        "osmid": "carleton_parking_p7_svc_132_0",
        "highway": "service",
        "lanes": "1",
        "maxspeed": "15",
        "name": "P7 lot service",
        "oneway": false,
        "reversed": "True",
        "length": 103.60232720927856,
        "ref": "",
        "tunnel": "",
        "bridge": "",
        "width": "3",
        "access": "private",
        "junction": "",
        "parking_lot": "P7",
        "carleton_parking": true
      },
      "geometry": {
        "type": "LineString",
        "coordinates": [
          [
            -75.6957383,
            45.3902572
          ],
          [
            -75.6967844,
            45.3897782
          ]
        ]
      }
    },
    {
      "type": "Feature",
      "properties": {
        "u": 9900300146,
        "v": 9900300165,
        "key": 0,
        "osmid": "carleton_parking_p7_svc_133_0",
        "highway": "service",
        "lanes": "1",
        "maxspeed": "15",
        "name": "P7 lot service",
        "oneway": false,
        "reversed": "False",
        "length": 103.60352059424723,
        "ref": "",
        "tunnel": "",
        "bridge": "",
        "width": "3",
        "access": "private",
        "junction": "",
        "parking_lot": "P7",
        "carleton_parking": true
      },
      "geometry": {
        "type": "LineString",
        "coordinates": [
          [
            -75.6958563,
            45.3903846
          ],
          [
            -75.6969003,
            45.3899029
          ]
        ]
      }
    },
    {
      "type": "Feature",
      "properties": {
        "u": 9900300165,
        "v": 9900300146,
        "key": 0,
        "osmid": "carleton_parking_p7_svc_133_0",
        "highway": "service",
        "lanes": "1",
        "maxspeed": "15",
        "name": "P7 lot service",
        "oneway": false,
        "reversed": "True",
        "length": 103.60352059424723,
        "ref": "",
        "tunnel": "",
        "bridge": "",
        "width": "3",
        "access": "private",
        "junction": "",
        "parking_lot": "P7",
        "carleton_parking": true
      },
      "geometry": {
        "type": "LineString",
        "coordinates": [
          [
            -75.6969003,
            45.3899029
          ],
          [
            -75.6958563,
            45.3903846
          ]
        ]
      }
    },
    {
      "type": "Feature",
      "properties": {
        "u": 9900300163,
        "v": 9900300205,
        "key": 0,
        "osmid": "carleton_parking_p7_svc_134_0",
        "highway": "service",
        "lanes": "1",
        "maxspeed": "15",
        "name": "P7 lot service",
        "oneway": false,
        "reversed": "False",
        "length": 8.888375231241831,
        "ref": "",
        "tunnel": "",
        "bridge": "",
        "width": "3",
        "access": "private",
        "junction": "",
        "parking_lot": "P7",
        "carleton_parking": true
      },
      "geometry": {
        "type": "LineString",
        "coordinates": [
          [
            -75.6970193,
            45.3900327
          ],
          [
            -75.6969294,
            45.3900736
          ]
        ]
      }
    },
    {
      "type": "Feature",
      "properties": {
        "u": 9900300205,
        "v": 9900300163,
        "key": 0,
        "osmid": "carleton_parking_p7_svc_134_0",
        "highway": "service",
        "lanes": "1",
        "maxspeed": "15",
        "name": "P7 lot service",
        "oneway": false,
        "reversed": "True",
        "length": 8.888375231241831,
        "ref": "",
        "tunnel": "",
        "bridge": "",
        "width": "3",
        "access": "private",
        "junction": "",
        "parking_lot": "P7",
        "carleton_parking": true
      },
      "geometry": {
        "type": "LineString",
        "coordinates": [
          [
            -75.6969294,
            45.3900736
          ],
          [
            -75.6970193,
            45.3900327
          ]
        ]
      }
    },
    {
      "type": "Feature",
      "properties": {
        "u": 9900300205,
        "v": 9900300206,
        "key": 0,
        "osmid": "carleton_parking_p7_svc_134_1",
        "highway": "service",
        "lanes": "1",
        "maxspeed": "15",
        "name": "P7 lot service",
        "oneway": false,
        "reversed": "False",
        "length": 10.13796833364473,
        "ref": "",
        "tunnel": "",
        "bridge": "",
        "width": "3",
        "access": "private",
        "junction": "",
        "parking_lot": "P7",
        "carleton_parking": true
      },
      "geometry": {
        "type": "LineString",
        "coordinates": [
          [
            -75.6969294,
            45.3900736
          ],
          [
            -75.6968269,
            45.3901203
          ]
        ]
      }
    },
    {
      "type": "Feature",
      "properties": {
        "u": 9900300206,
        "v": 9900300205,
        "key": 0,
        "osmid": "carleton_parking_p7_svc_134_1",
        "highway": "service",
        "lanes": "1",
        "maxspeed": "15",
        "name": "P7 lot service",
        "oneway": false,
        "reversed": "True",
        "length": 10.13796833364473,
        "ref": "",
        "tunnel": "",
        "bridge": "",
        "width": "3",
        "access": "private",
        "junction": "",
        "parking_lot": "P7",
        "carleton_parking": true
      },
      "geometry": {
        "type": "LineString",
        "coordinates": [
          [
            -75.6968269,
            45.3901203
          ],
          [
            -75.6969294,
            45.3900736
          ]
        ]
      }
    },
    {
      "type": "Feature",
      "properties": {
        "u": 9900300206,
        "v": 9900300207,
        "key": 0,
        "osmid": "carleton_parking_p7_svc_134_2",
        "highway": "service",
        "lanes": "1",
        "maxspeed": "15",
        "name": "P7 lot service",
        "oneway": false,
        "reversed": "False",
        "length": 24.136713584625657,
        "ref": "",
        "tunnel": "",
        "bridge": "",
        "width": "3",
        "access": "private",
        "junction": "",
        "parking_lot": "P7",
        "carleton_parking": true
      },
      "geometry": {
        "type": "LineString",
        "coordinates": [
          [
            -75.6968269,
            45.3901203
          ],
          [
            -75.6965828,
            45.3902314
          ]
        ]
      }
    },
    {
      "type": "Feature",
      "properties": {
        "u": 9900300207,
        "v": 9900300206,
        "key": 0,
        "osmid": "carleton_parking_p7_svc_134_2",
        "highway": "service",
        "lanes": "1",
        "maxspeed": "15",
        "name": "P7 lot service",
        "oneway": false,
        "reversed": "True",
        "length": 24.136713584625657,
        "ref": "",
        "tunnel": "",
        "bridge": "",
        "width": "3",
        "access": "private",
        "junction": "",
        "parking_lot": "P7",
        "carleton_parking": true
      },
      "geometry": {
        "type": "LineString",
        "coordinates": [
          [
            -75.6965828,
            45.3902314
          ],
          [
            -75.6968269,
            45.3901203
          ]
        ]
      }
    },
    {
      "type": "Feature",
      "properties": {
        "u": 9900300207,
        "v": 9900300208,
        "key": 0,
        "osmid": "carleton_parking_p7_svc_134_3",
        "highway": "service",
        "lanes": "1",
        "maxspeed": "15",
        "name": "P7 lot service",
        "oneway": false,
        "reversed": "False",
        "length": 19.265728104903378,
        "ref": "",
        "tunnel": "",
        "bridge": "",
        "width": "3",
        "access": "private",
        "junction": "",
        "parking_lot": "P7",
        "carleton_parking": true
      },
      "geometry": {
        "type": "LineString",
        "coordinates": [
          [
            -75.6965828,
            45.3902314
          ],
          [
            -75.6963879,
            45.39032
          ]
        ]
      }
    },
    {
      "type": "Feature",
      "properties": {
        "u": 9900300208,
        "v": 9900300207,
        "key": 0,
        "osmid": "carleton_parking_p7_svc_134_3",
        "highway": "service",
        "lanes": "1",
        "maxspeed": "15",
        "name": "P7 lot service",
        "oneway": false,
        "reversed": "True",
        "length": 19.265728104903378,
        "ref": "",
        "tunnel": "",
        "bridge": "",
        "width": "3",
        "access": "private",
        "junction": "",
        "parking_lot": "P7",
        "carleton_parking": true
      },
      "geometry": {
        "type": "LineString",
        "coordinates": [
          [
            -75.6963879,
            45.39032
          ],
          [
            -75.6965828,
            45.3902314
          ]
        ]
      }
    },
    {
      "type": "Feature",
      "properties": {
        "u": 9900300208,
        "v": 9900300209,
        "key": 0,
        "osmid": "carleton_parking_p7_svc_134_4",
        "highway": "service",
        "lanes": "1",
        "maxspeed": "15",
        "name": "P7 lot service",
        "oneway": false,
        "reversed": "False",
        "length": 19.413391713131585,
        "ref": "",
        "tunnel": "",
        "bridge": "",
        "width": "3",
        "access": "private",
        "junction": "",
        "parking_lot": "P7",
        "carleton_parking": true
      },
      "geometry": {
        "type": "LineString",
        "coordinates": [
          [
            -75.6963879,
            45.39032
          ],
          [
            -75.6961916,
            45.3904094
          ]
        ]
      }
    },
    {
      "type": "Feature",
      "properties": {
        "u": 9900300209,
        "v": 9900300208,
        "key": 0,
        "osmid": "carleton_parking_p7_svc_134_4",
        "highway": "service",
        "lanes": "1",
        "maxspeed": "15",
        "name": "P7 lot service",
        "oneway": false,
        "reversed": "True",
        "length": 19.413391713131585,
        "ref": "",
        "tunnel": "",
        "bridge": "",
        "width": "3",
        "access": "private",
        "junction": "",
        "parking_lot": "P7",
        "carleton_parking": true
      },
      "geometry": {
        "type": "LineString",
        "coordinates": [
          [
            -75.6961916,
            45.3904094
          ],
          [
            -75.6963879,
            45.39032
          ]
        ]
      }
    },
    {
      "type": "Feature",
      "properties": {
        "u": 9900300209,
        "v": 9900300147,
        "key": 0,
        "osmid": "carleton_parking_p7_svc_134_5",
        "highway": "service",
        "lanes": "1",
        "maxspeed": "15",
        "name": "P7 lot service",
        "oneway": false,
        "reversed": "False",
        "length": 21.72434004171853,
        "ref": "",
        "tunnel": "",
        "bridge": "",
        "width": "3",
        "access": "private",
        "junction": "",
        "parking_lot": "P7",
        "carleton_parking": true
      },
      "geometry": {
        "type": "LineString",
        "coordinates": [
          [
            -75.6961916,
            45.3904094
          ],
          [
            -75.6959719,
            45.3905094
          ]
        ]
      }
    },
    {
      "type": "Feature",
      "properties": {
        "u": 9900300147,
        "v": 9900300209,
        "key": 0,
        "osmid": "carleton_parking_p7_svc_134_5",
        "highway": "service",
        "lanes": "1",
        "maxspeed": "15",
        "name": "P7 lot service",
        "oneway": false,
        "reversed": "True",
        "length": 21.72434004171853,
        "ref": "",
        "tunnel": "",
        "bridge": "",
        "width": "3",
        "access": "private",
        "junction": "",
        "parking_lot": "P7",
        "carleton_parking": true
      },
      "geometry": {
        "type": "LineString",
        "coordinates": [
          [
            -75.6959719,
            45.3905094
          ],
          [
            -75.6961916,
            45.3904094
          ]
        ]
      }
    },
    {
      "type": "Feature",
      "properties": {
        "u": 9900300160,
        "v": 9900300210,
        "key": 0,
        "osmid": "carleton_parking_p7_svc_137_0",
        "highway": "service",
        "lanes": "1",
        "maxspeed": "15",
        "name": "P7 lot service",
        "oneway": false,
        "reversed": "False",
        "length": 8.861628261942334,
        "ref": "",
        "tunnel": "",
        "bridge": "",
        "width": "3",
        "access": "private",
        "junction": "",
        "parking_lot": "P7",
        "carleton_parking": true
      },
      "geometry": {
        "type": "LineString",
        "coordinates": [
          [
            -75.6972674,
            45.3903054
          ],
          [
            -75.6971771,
            45.3903453
          ]
        ]
      }
    },
    {
      "type": "Feature",
      "properties": {
        "u": 9900300210,
        "v": 9900300160,
        "key": 0,
        "osmid": "carleton_parking_p7_svc_137_0",
        "highway": "service",
        "lanes": "1",
        "maxspeed": "15",
        "name": "P7 lot service",
        "oneway": false,
        "reversed": "True",
        "length": 8.861628261942334,
        "ref": "",
        "tunnel": "",
        "bridge": "",
        "width": "3",
        "access": "private",
        "junction": "",
        "parking_lot": "P7",
        "carleton_parking": true
      },
      "geometry": {
        "type": "LineString",
        "coordinates": [
          [
            -75.6971771,
            45.3903453
          ],
          [
            -75.6972674,
            45.3903054
          ]
        ]
      }
    },
    {
      "type": "Feature",
      "properties": {
        "u": 9900300210,
        "v": 9900300150,
        "key": 0,
        "osmid": "carleton_parking_p7_svc_137_1",
        "highway": "service",
        "lanes": "1",
        "maxspeed": "15",
        "name": "P7 lot service",
        "oneway": false,
        "reversed": "False",
        "length": 94.88350961273,
        "ref": "",
        "tunnel": "",
        "bridge": "",
        "width": "3",
        "access": "private",
        "junction": "",
        "parking_lot": "P7",
        "carleton_parking": true
      },
      "geometry": {
        "type": "LineString",
        "coordinates": [
          [
            -75.6971771,
            45.3903453
          ],
          [
            -75.6962106,
            45.390773
          ]
        ]
      }
    },
    {
      "type": "Feature",
      "properties": {
        "u": 9900300150,
        "v": 9900300210,
        "key": 0,
        "osmid": "carleton_parking_p7_svc_137_1",
        "highway": "service",
        "lanes": "1",
        "maxspeed": "15",
        "name": "P7 lot service",
        "oneway": false,
        "reversed": "True",
        "length": 94.88350961273,
        "ref": "",
        "tunnel": "",
        "bridge": "",
        "width": "3",
        "access": "private",
        "junction": "",
        "parking_lot": "P7",
        "carleton_parking": true
      },
      "geometry": {
        "type": "LineString",
        "coordinates": [
          [
            -75.6962106,
            45.390773
          ],
          [
            -75.6971771,
            45.3903453
          ]
        ]
      }
    },
    {
      "type": "Feature",
      "properties": {
        "u": 9900300150,
        "v": 9900300211,
        "key": 0,
        "osmid": "carleton_parking_p7_svc_137_2",
        "highway": "service",
        "lanes": "1",
        "maxspeed": "15",
        "name": "P7 lot service",
        "oneway": false,
        "reversed": "False",
        "length": 8.736391274007602,
        "ref": "",
        "tunnel": "",
        "bridge": "",
        "width": "3",
        "access": "private",
        "junction": "",
        "parking_lot": "P7",
        "carleton_parking": true
      },
      "geometry": {
        "type": "LineString",
        "coordinates": [
          [
            -75.6962106,
            45.390773
          ],
          [
            -75.6961217,
            45.3908125
          ]
        ]
      }
    },
    {
      "type": "Feature",
      "properties": {
        "u": 9900300211,
        "v": 9900300150,
        "key": 0,
        "osmid": "carleton_parking_p7_svc_137_2",
        "highway": "service",
        "lanes": "1",
        "maxspeed": "15",
        "name": "P7 lot service",
        "oneway": false,
        "reversed": "True",
        "length": 8.736391274007602,
        "ref": "",
        "tunnel": "",
        "bridge": "",
        "width": "3",
        "access": "private",
        "junction": "",
        "parking_lot": "P7",
        "carleton_parking": true
      },
      "geometry": {
        "type": "LineString",
        "coordinates": [
          [
            -75.6961217,
            45.3908125
          ],
          [
            -75.6962106,
            45.390773
          ]
        ]
      }
    },
    {
      "type": "Feature",
      "properties": {
        "u": 9900300211,
        "v": 9900300197,
        "key": 0,
        "osmid": "carleton_parking_p7_svc_137_3",
        "highway": "service",
        "lanes": "1",
        "maxspeed": "15",
        "name": "P7 lot service",
        "oneway": false,
        "reversed": "False",
        "length": 53.21262871075133,
        "ref": "",
        "tunnel": "",
        "bridge": "",
        "width": "3",
        "access": "private",
        "junction": "",
        "parking_lot": "P7",
        "carleton_parking": true
      },
      "geometry": {
        "type": "LineString",
        "coordinates": [
          [
            -75.6961217,
            45.3908125
          ],
          [
            -75.6955803,
            45.3910532
          ]
        ]
      }
    },
    {
      "type": "Feature",
      "properties": {
        "u": 9900300197,
        "v": 9900300211,
        "key": 0,
        "osmid": "carleton_parking_p7_svc_137_3",
        "highway": "service",
        "lanes": "1",
        "maxspeed": "15",
        "name": "P7 lot service",
        "oneway": false,
        "reversed": "True",
        "length": 53.21262871075133,
        "ref": "",
        "tunnel": "",
        "bridge": "",
        "width": "3",
        "access": "private",
        "junction": "",
        "parking_lot": "P7",
        "carleton_parking": true
      },
      "geometry": {
        "type": "LineString",
        "coordinates": [
          [
            -75.6955803,
            45.3910532
          ],
          [
            -75.6961217,
            45.3908125
          ]
        ]
      }
    },
    {
      "type": "Feature",
      "properties": {
        "u": 9900300196,
        "v": 9900300212,
        "key": 0,
        "osmid": "carleton_parking_p7_svc_138_0",
        "highway": "service",
        "lanes": "1",
        "maxspeed": "15",
        "name": "P7 lot service",
        "oneway": false,
        "reversed": "False",
        "length": 57.730608735395755,
        "ref": "",
        "tunnel": "",
        "bridge": "",
        "width": "3",
        "access": "private",
        "junction": "",
        "parking_lot": "P7",
        "carleton_parking": true
      },
      "geometry": {
        "type": "LineString",
        "coordinates": [
          [
            -75.6956537,
            45.3912043
          ],
          [
            -75.6962417,
            45.390944
          ]
        ]
      }
    },
    {
      "type": "Feature",
      "properties": {
        "u": 9900300212,
        "v": 9900300196,
        "key": 0,
        "osmid": "carleton_parking_p7_svc_138_0",
        "highway": "service",
        "lanes": "1",
        "maxspeed": "15",
        "name": "P7 lot service",
        "oneway": false,
        "reversed": "True",
        "length": 57.730608735395755,
        "ref": "",
        "tunnel": "",
        "bridge": "",
        "width": "3",
        "access": "private",
        "junction": "",
        "parking_lot": "P7",
        "carleton_parking": true
      },
      "geometry": {
        "type": "LineString",
        "coordinates": [
          [
            -75.6962417,
            45.390944
          ],
          [
            -75.6956537,
            45.3912043
          ]
        ]
      }
    },
    {
      "type": "Feature",
      "properties": {
        "u": 9900300212,
        "v": 9900300151,
        "key": 0,
        "osmid": "carleton_parking_p7_svc_138_1",
        "highway": "service",
        "lanes": "1",
        "maxspeed": "15",
        "name": "P7 lot service",
        "oneway": false,
        "reversed": "False",
        "length": 8.616547756634162,
        "ref": "",
        "tunnel": "",
        "bridge": "",
        "width": "3",
        "access": "private",
        "junction": "",
        "parking_lot": "P7",
        "carleton_parking": true
      },
      "geometry": {
        "type": "LineString",
        "coordinates": [
          [
            -75.6962417,
            45.390944
          ],
          [
            -75.6963295,
            45.3909052
          ]
        ]
      }
    },
    {
      "type": "Feature",
      "properties": {
        "u": 9900300151,
        "v": 9900300212,
        "key": 0,
        "osmid": "carleton_parking_p7_svc_138_1",
        "highway": "service",
        "lanes": "1",
        "maxspeed": "15",
        "name": "P7 lot service",
        "oneway": false,
        "reversed": "True",
        "length": 8.616547756634162,
        "ref": "",
        "tunnel": "",
        "bridge": "",
        "width": "3",
        "access": "private",
        "junction": "",
        "parking_lot": "P7",
        "carleton_parking": true
      },
      "geometry": {
        "type": "LineString",
        "coordinates": [
          [
            -75.6963295,
            45.3909052
          ],
          [
            -75.6962417,
            45.390944
          ]
        ]
      }
    },
    {
      "type": "Feature",
      "properties": {
        "u": 9900300151,
        "v": 9900300213,
        "key": 0,
        "osmid": "carleton_parking_p7_svc_138_2",
        "highway": "service",
        "lanes": "1",
        "maxspeed": "15",
        "name": "P7 lot service",
        "oneway": false,
        "reversed": "False",
        "length": 94.93207508654771,
        "ref": "",
        "tunnel": "",
        "bridge": "",
        "width": "3",
        "access": "private",
        "junction": "",
        "parking_lot": "P7",
        "carleton_parking": true
      },
      "geometry": {
        "type": "LineString",
        "coordinates": [
          [
            -75.6963295,
            45.3909052
          ],
          [
            -75.697289,
            45.3904675
          ]
        ]
      }
    },
    {
      "type": "Feature",
      "properties": {
        "u": 9900300213,
        "v": 9900300151,
        "key": 0,
        "osmid": "carleton_parking_p7_svc_138_2",
        "highway": "service",
        "lanes": "1",
        "maxspeed": "15",
        "name": "P7 lot service",
        "oneway": false,
        "reversed": "True",
        "length": 94.93207508654771,
        "ref": "",
        "tunnel": "",
        "bridge": "",
        "width": "3",
        "access": "private",
        "junction": "",
        "parking_lot": "P7",
        "carleton_parking": true
      },
      "geometry": {
        "type": "LineString",
        "coordinates": [
          [
            -75.697289,
            45.3904675
          ],
          [
            -75.6963295,
            45.3909052
          ]
        ]
      }
    },
    {
      "type": "Feature",
      "properties": {
        "u": 9900300213,
        "v": 9900300159,
        "key": 0,
        "osmid": "carleton_parking_p7_svc_138_3",
        "highway": "service",
        "lanes": "1",
        "maxspeed": "15",
        "name": "P7 lot service",
        "oneway": false,
        "reversed": "False",
        "length": 8.805604383676641,
        "ref": "",
        "tunnel": "",
        "bridge": "",
        "width": "3",
        "access": "private",
        "junction": "",
        "parking_lot": "P7",
        "carleton_parking": true
      },
      "geometry": {
        "type": "LineString",
        "coordinates": [
          [
            -75.697289,
            45.3904675
          ],
          [
            -75.697378,
            45.3904269
          ]
        ]
      }
    },
    {
      "type": "Feature",
      "properties": {
        "u": 9900300159,
        "v": 9900300213,
        "key": 0,
        "osmid": "carleton_parking_p7_svc_138_3",
        "highway": "service",
        "lanes": "1",
        "maxspeed": "15",
        "name": "P7 lot service",
        "oneway": false,
        "reversed": "True",
        "length": 8.805604383676641,
        "ref": "",
        "tunnel": "",
        "bridge": "",
        "width": "3",
        "access": "private",
        "junction": "",
        "parking_lot": "P7",
        "carleton_parking": true
      },
      "geometry": {
        "type": "LineString",
        "coordinates": [
          [
            -75.697378,
            45.3904269
          ],
          [
            -75.697289,
            45.3904675
          ]
        ]
      }
    },
    {
      "type": "Feature",
      "properties": {
        "u": 9900300158,
        "v": 9900300214,
        "key": 0,
        "osmid": "carleton_parking_p7_svc_139_0",
        "highway": "service",
        "lanes": "1",
        "maxspeed": "15",
        "name": "P7 lot service",
        "oneway": false,
        "reversed": "False",
        "length": 8.801576313873577,
        "ref": "",
        "tunnel": "",
        "bridge": "",
        "width": "3",
        "access": "private",
        "junction": "",
        "parking_lot": "P7",
        "carleton_parking": true
      },
      "geometry": {
        "type": "LineString",
        "coordinates": [
          [
            -75.6974949,
            45.3905554
          ],
          [
            -75.6974058,
            45.3905958
          ]
        ]
      }
    },
    {
      "type": "Feature",
      "properties": {
        "u": 9900300214,
        "v": 9900300158,
        "key": 0,
        "osmid": "carleton_parking_p7_svc_139_0",
        "highway": "service",
        "lanes": "1",
        "maxspeed": "15",
        "name": "P7 lot service",
        "oneway": false,
        "reversed": "True",
        "length": 8.801576313873577,
        "ref": "",
        "tunnel": "",
        "bridge": "",
        "width": "3",
        "access": "private",
        "junction": "",
        "parking_lot": "P7",
        "carleton_parking": true
      },
      "geometry": {
        "type": "LineString",
        "coordinates": [
          [
            -75.6974058,
            45.3905958
          ],
          [
            -75.6974949,
            45.3905554
          ]
        ]
      }
    },
    {
      "type": "Feature",
      "properties": {
        "u": 9900300214,
        "v": 9900300152,
        "key": 0,
        "osmid": "carleton_parking_p7_svc_139_1",
        "highway": "service",
        "lanes": "1",
        "maxspeed": "15",
        "name": "P7 lot service",
        "oneway": false,
        "reversed": "False",
        "length": 95.04838459608054,
        "ref": "",
        "tunnel": "",
        "bridge": "",
        "width": "3",
        "access": "private",
        "junction": "",
        "parking_lot": "P7",
        "carleton_parking": true
      },
      "geometry": {
        "type": "LineString",
        "coordinates": [
          [
            -75.6974058,
            45.3905958
          ],
          [
            -75.6964437,
            45.3910322
          ]
        ]
      }
    },
    {
      "type": "Feature",
      "properties": {
        "u": 9900300152,
        "v": 9900300214,
        "key": 0,
        "osmid": "carleton_parking_p7_svc_139_1",
        "highway": "service",
        "lanes": "1",
        "maxspeed": "15",
        "name": "P7 lot service",
        "oneway": false,
        "reversed": "True",
        "length": 95.04838459608054,
        "ref": "",
        "tunnel": "",
        "bridge": "",
        "width": "3",
        "access": "private",
        "junction": "",
        "parking_lot": "P7",
        "carleton_parking": true
      },
      "geometry": {
        "type": "LineString",
        "coordinates": [
          [
            -75.6964437,
            45.3910322
          ],
          [
            -75.6974058,
            45.3905958
          ]
        ]
      }
    },
    {
      "type": "Feature",
      "properties": {
        "u": 9900300152,
        "v": 9900300215,
        "key": 0,
        "osmid": "carleton_parking_p7_svc_139_2",
        "highway": "service",
        "lanes": "1",
        "maxspeed": "15",
        "name": "P7 lot service",
        "oneway": false,
        "reversed": "False",
        "length": 8.478390882014446,
        "ref": "",
        "tunnel": "",
        "bridge": "",
        "width": "3",
        "access": "private",
        "junction": "",
        "parking_lot": "P7",
        "carleton_parking": true
      },
      "geometry": {
        "type": "LineString",
        "coordinates": [
          [
            -75.6964437,
            45.3910322
          ],
          [
            -75.6963574,
            45.3910705
          ]
        ]
      }
    },
    {
      "type": "Feature",
      "properties": {
        "u": 9900300215,
        "v": 9900300152,
        "key": 0,
        "osmid": "carleton_parking_p7_svc_139_2",
        "highway": "service",
        "lanes": "1",
        "maxspeed": "15",
        "name": "P7 lot service",
        "oneway": false,
        "reversed": "True",
        "length": 8.478390882014446,
        "ref": "",
        "tunnel": "",
        "bridge": "",
        "width": "3",
        "access": "private",
        "junction": "",
        "parking_lot": "P7",
        "carleton_parking": true
      },
      "geometry": {
        "type": "LineString",
        "coordinates": [
          [
            -75.6963574,
            45.3910705
          ],
          [
            -75.6964437,
            45.3910322
          ]
        ]
      }
    },
    {
      "type": "Feature",
      "properties": {
        "u": 9900300215,
        "v": 9900300195,
        "key": 0,
        "osmid": "carleton_parking_p7_svc_139_3",
        "highway": "service",
        "lanes": "1",
        "maxspeed": "15",
        "name": "P7 lot service",
        "oneway": false,
        "reversed": "False",
        "length": 62.138846251038046,
        "ref": "",
        "tunnel": "",
        "bridge": "",
        "width": "3",
        "access": "private",
        "junction": "",
        "parking_lot": "P7",
        "carleton_parking": true
      },
      "geometry": {
        "type": "LineString",
        "coordinates": [
          [
            -75.6963574,
            45.3910705
          ],
          [
            -75.6957252,
            45.3913516
          ]
        ]
      }
    },
    {
      "type": "Feature",
      "properties": {
        "u": 9900300195,
        "v": 9900300215,
        "key": 0,
        "osmid": "carleton_parking_p7_svc_139_3",
        "highway": "service",
        "lanes": "1",
        "maxspeed": "15",
        "name": "P7 lot service",
        "oneway": false,
        "reversed": "True",
        "length": 62.138846251038046,
        "ref": "",
        "tunnel": "",
        "bridge": "",
        "width": "3",
        "access": "private",
        "junction": "",
        "parking_lot": "P7",
        "carleton_parking": true
      },
      "geometry": {
        "type": "LineString",
        "coordinates": [
          [
            -75.6957252,
            45.3913516
          ],
          [
            -75.6963574,
            45.3910705
          ]
        ]
      }
    },
    {
      "type": "Feature",
      "properties": {
        "u": 9900300194,
        "v": 9900300216,
        "key": 0,
        "osmid": "carleton_parking_p7_svc_140_0",
        "highway": "service",
        "lanes": "1",
        "maxspeed": "15",
        "name": "P7 lot service",
        "oneway": false,
        "reversed": "False",
        "length": 66.74334566642912,
        "ref": "",
        "tunnel": "",
        "bridge": "",
        "width": "3",
        "access": "private",
        "junction": "",
        "parking_lot": "P7",
        "carleton_parking": true
      },
      "geometry": {
        "type": "LineString",
        "coordinates": [
          [
            -75.6958008,
            45.3915071
          ],
          [
            -75.6964765,
            45.3912008
          ]
        ]
      }
    },
    {
      "type": "Feature",
      "properties": {
        "u": 9900300216,
        "v": 9900300194,
        "key": 0,
        "osmid": "carleton_parking_p7_svc_140_0",
        "highway": "service",
        "lanes": "1",
        "maxspeed": "15",
        "name": "P7 lot service",
        "oneway": false,
        "reversed": "True",
        "length": 66.74334566642912,
        "ref": "",
        "tunnel": "",
        "bridge": "",
        "width": "3",
        "access": "private",
        "junction": "",
        "parking_lot": "P7",
        "carleton_parking": true
      },
      "geometry": {
        "type": "LineString",
        "coordinates": [
          [
            -75.6964765,
            45.3912008
          ],
          [
            -75.6958008,
            45.3915071
          ]
        ]
      }
    },
    {
      "type": "Feature",
      "properties": {
        "u": 9900300216,
        "v": 9900300153,
        "key": 0,
        "osmid": "carleton_parking_p7_svc_140_1",
        "highway": "service",
        "lanes": "1",
        "maxspeed": "15",
        "name": "P7 lot service",
        "oneway": false,
        "reversed": "False",
        "length": 8.346367948977594,
        "ref": "",
        "tunnel": "",
        "bridge": "",
        "width": "3",
        "access": "private",
        "junction": "",
        "parking_lot": "P7",
        "carleton_parking": true
      },
      "geometry": {
        "type": "LineString",
        "coordinates": [
          [
            -75.6964765,
            45.3912008
          ],
          [
            -75.696561,
            45.3911625
          ]
        ]
      }
    },
    {
      "type": "Feature",
      "properties": {
        "u": 9900300153,
        "v": 9900300216,
        "key": 0,
        "osmid": "carleton_parking_p7_svc_140_1",
        "highway": "service",
        "lanes": "1",
        "maxspeed": "15",
        "name": "P7 lot service",
        "oneway": false,
        "reversed": "True",
        "length": 8.346367948977594,
        "ref": "",
        "tunnel": "",
        "bridge": "",
        "width": "3",
        "access": "private",
        "junction": "",
        "parking_lot": "P7",
        "carleton_parking": true
      },
      "geometry": {
        "type": "LineString",
        "coordinates": [
          [
            -75.696561,
            45.3911625
          ],
          [
            -75.6964765,
            45.3912008
          ]
        ]
      }
    },
    {
      "type": "Feature",
      "properties": {
        "u": 9900300153,
        "v": 9900300217,
        "key": 0,
        "osmid": "carleton_parking_p7_svc_140_2",
        "highway": "service",
        "lanes": "1",
        "maxspeed": "15",
        "name": "P7 lot service",
        "oneway": false,
        "reversed": "False",
        "length": 95.16174053814176,
        "ref": "",
        "tunnel": "",
        "bridge": "",
        "width": "3",
        "access": "private",
        "junction": "",
        "parking_lot": "P7",
        "carleton_parking": true
      },
      "geometry": {
        "type": "LineString",
        "coordinates": [
          [
            -75.696561,
            45.3911625
          ],
          [
            -75.6975224,
            45.3907232
          ]
        ]
      }
    },
    {
      "type": "Feature",
      "properties": {
        "u": 9900300217,
        "v": 9900300153,
        "key": 0,
        "osmid": "carleton_parking_p7_svc_140_2",
        "highway": "service",
        "lanes": "1",
        "maxspeed": "15",
        "name": "P7 lot service",
        "oneway": false,
        "reversed": "True",
        "length": 95.16174053814176,
        "ref": "",
        "tunnel": "",
        "bridge": "",
        "width": "3",
        "access": "private",
        "junction": "",
        "parking_lot": "P7",
        "carleton_parking": true
      },
      "geometry": {
        "type": "LineString",
        "coordinates": [
          [
            -75.6975224,
            45.3907232
          ],
          [
            -75.696561,
            45.3911625
          ]
        ]
      }
    },
    {
      "type": "Feature",
      "properties": {
        "u": 9900300217,
        "v": 9900300157,
        "key": 0,
        "osmid": "carleton_parking_p7_svc_140_3",
        "highway": "service",
        "lanes": "1",
        "maxspeed": "15",
        "name": "P7 lot service",
        "oneway": false,
        "reversed": "False",
        "length": 8.75773084829064,
        "ref": "",
        "tunnel": "",
        "bridge": "",
        "width": "3",
        "access": "private",
        "junction": "",
        "parking_lot": "P7",
        "carleton_parking": true
      },
      "geometry": {
        "type": "LineString",
        "coordinates": [
          [
            -75.6975224,
            45.3907232
          ],
          [
            -75.6976109,
            45.3906828
          ]
        ]
      }
    },
    {
      "type": "Feature",
      "properties": {
        "u": 9900300157,
        "v": 9900300217,
        "key": 0,
        "osmid": "carleton_parking_p7_svc_140_3",
        "highway": "service",
        "lanes": "1",
        "maxspeed": "15",
        "name": "P7 lot service",
        "oneway": false,
        "reversed": "True",
        "length": 8.75773084829064,
        "ref": "",
        "tunnel": "",
        "bridge": "",
        "width": "3",
        "access": "private",
        "junction": "",
        "parking_lot": "P7",
        "carleton_parking": true
      },
      "geometry": {
        "type": "LineString",
        "coordinates": [
          [
            -75.6976109,
            45.3906828
          ],
          [
            -75.6975224,
            45.3907232
          ]
        ]
      }
    },
    {
      "type": "Feature",
      "properties": {
        "u": 9900300154,
        "v": 9900300218,
        "key": 0,
        "osmid": "carleton_parking_p7_svc_141_0",
        "highway": "service",
        "lanes": "1",
        "maxspeed": "15",
        "name": "P7 lot service",
        "oneway": false,
        "reversed": "False",
        "length": 8.567856280061111,
        "ref": "",
        "tunnel": "",
        "bridge": "",
        "width": "3",
        "access": "private",
        "junction": "",
        "parking_lot": "P7",
        "carleton_parking": true
      },
      "geometry": {
        "type": "LineString",
        "coordinates": [
          [
            -75.6966739,
            45.391288
          ],
          [
            -75.6965873,
            45.3913275
          ]
        ]
      }
    },
    {
      "type": "Feature",
      "properties": {
        "u": 9900300218,
        "v": 9900300154,
        "key": 0,
        "osmid": "carleton_parking_p7_svc_141_0",
        "highway": "service",
        "lanes": "1",
        "maxspeed": "15",
        "name": "P7 lot service",
        "oneway": false,
        "reversed": "True",
        "length": 8.567856280061111,
        "ref": "",
        "tunnel": "",
        "bridge": "",
        "width": "3",
        "access": "private",
        "junction": "",
        "parking_lot": "P7",
        "carleton_parking": true
      },
      "geometry": {
        "type": "LineString",
        "coordinates": [
          [
            -75.6965873,
            45.3913275
          ],
          [
            -75.6966739,
            45.391288
          ]
        ]
      }
    },
    {
      "type": "Feature",
      "properties": {
        "u": 9900300218,
        "v": 9900300193,
        "key": 0,
        "osmid": "carleton_parking_p7_svc_141_1",
        "highway": "service",
        "lanes": "1",
        "maxspeed": "15",
        "name": "P7 lot service",
        "oneway": false,
        "reversed": "False",
        "length": 70.75157965376984,
        "ref": "",
        "tunnel": "",
        "bridge": "",
        "width": "3",
        "access": "private",
        "junction": "",
        "parking_lot": "P7",
        "carleton_parking": true
      },
      "geometry": {
        "type": "LineString",
        "coordinates": [
          [
            -75.6965873,
            45.3913275
          ],
          [
            -75.6958718,
            45.3916532
          ]
        ]
      }
    },
    {
      "type": "Feature",
      "properties": {
        "u": 9900300193,
        "v": 9900300218,
        "key": 0,
        "osmid": "carleton_parking_p7_svc_141_1",
        "highway": "service",
        "lanes": "1",
        "maxspeed": "15",
        "name": "P7 lot service",
        "oneway": false,
        "reversed": "True",
        "length": 70.75157965376984,
        "ref": "",
        "tunnel": "",
        "bridge": "",
        "width": "3",
        "access": "private",
        "junction": "",
        "parking_lot": "P7",
        "carleton_parking": true
      },
      "geometry": {
        "type": "LineString",
        "coordinates": [
          [
            -75.6958718,
            45.3916532
          ],
          [
            -75.6965873,
            45.3913275
          ]
        ]
      }
    },
    {
      "type": "Feature",
      "properties": {
        "u": 9900300192,
        "v": 9900300219,
        "key": 0,
        "osmid": "carleton_parking_p7_svc_142_0",
        "highway": "service",
        "lanes": "1",
        "maxspeed": "15",
        "name": "P7 lot service",
        "oneway": false,
        "reversed": "False",
        "length": 75.5685299235214,
        "ref": "",
        "tunnel": "",
        "bridge": "",
        "width": "3",
        "access": "private",
        "junction": "",
        "parking_lot": "P7",
        "carleton_parking": true
      },
      "geometry": {
        "type": "LineString",
        "coordinates": [
          [
            -75.6959469,
            45.3918078
          ],
          [
            -75.6967121,
            45.3914612
          ]
        ]
      }
    },
    {
      "type": "Feature",
      "properties": {
        "u": 9900300219,
        "v": 9900300192,
        "key": 0,
        "osmid": "carleton_parking_p7_svc_142_0",
        "highway": "service",
        "lanes": "1",
        "maxspeed": "15",
        "name": "P7 lot service",
        "oneway": false,
        "reversed": "True",
        "length": 75.5685299235214,
        "ref": "",
        "tunnel": "",
        "bridge": "",
        "width": "3",
        "access": "private",
        "junction": "",
        "parking_lot": "P7",
        "carleton_parking": true
      },
      "geometry": {
        "type": "LineString",
        "coordinates": [
          [
            -75.6967121,
            45.3914612
          ],
          [
            -75.6959469,
            45.3918078
          ]
        ]
      }
    },
    {
      "type": "Feature",
      "properties": {
        "u": 9900300219,
        "v": 9900300169,
        "key": 0,
        "osmid": "carleton_parking_p7_svc_142_1",
        "highway": "service",
        "lanes": "1",
        "maxspeed": "15",
        "name": "P7 lot service",
        "oneway": false,
        "reversed": "False",
        "length": 8.278203488788607,
        "ref": "",
        "tunnel": "",
        "bridge": "",
        "width": "3",
        "access": "private",
        "junction": "",
        "parking_lot": "P7",
        "carleton_parking": true
      },
      "geometry": {
        "type": "LineString",
        "coordinates": [
          [
            -75.6967121,
            45.3914612
          ],
          [
            -75.6967959,
            45.3914232
          ]
        ]
      }
    },
    {
      "type": "Feature",
      "properties": {
        "u": 9900300169,
        "v": 9900300219,
        "key": 0,
        "osmid": "carleton_parking_p7_svc_142_1",
        "highway": "service",
        "lanes": "1",
        "maxspeed": "15",
        "name": "P7 lot service",
        "oneway": false,
        "reversed": "True",
        "length": 8.278203488788607,
        "ref": "",
        "tunnel": "",
        "bridge": "",
        "width": "3",
        "access": "private",
        "junction": "",
        "parking_lot": "P7",
        "carleton_parking": true
      },
      "geometry": {
        "type": "LineString",
        "coordinates": [
          [
            -75.6967959,
            45.3914232
          ],
          [
            -75.6967121,
            45.3914612
          ]
        ]
      }
    },
    {
      "type": "Feature",
      "properties": {
        "u": 9900300170,
        "v": 9900300220,
        "key": 0,
        "osmid": "carleton_parking_p7_svc_143_0",
        "highway": "service",
        "lanes": "1",
        "maxspeed": "15",
        "name": "P7 lot service",
        "oneway": false,
        "reversed": "False",
        "length": 8.084038129938993,
        "ref": "",
        "tunnel": "",
        "bridge": "",
        "width": "3",
        "access": "private",
        "junction": "",
        "parking_lot": "P7",
        "carleton_parking": true
      },
      "geometry": {
        "type": "LineString",
        "coordinates": [
          [
            -75.696913,
            45.3915529
          ],
          [
            -75.6968307,
            45.3915894
          ]
        ]
      }
    },
    {
      "type": "Feature",
      "properties": {
        "u": 9900300220,
        "v": 9900300170,
        "key": 0,
        "osmid": "carleton_parking_p7_svc_143_0",
        "highway": "service",
        "lanes": "1",
        "maxspeed": "15",
        "name": "P7 lot service",
        "oneway": false,
        "reversed": "True",
        "length": 8.084038129938993,
        "ref": "",
        "tunnel": "",
        "bridge": "",
        "width": "3",
        "access": "private",
        "junction": "",
        "parking_lot": "P7",
        "carleton_parking": true
      },
      "geometry": {
        "type": "LineString",
        "coordinates": [
          [
            -75.6968307,
            45.3915894
          ],
          [
            -75.696913,
            45.3915529
          ]
        ]
      }
    },
    {
      "type": "Feature",
      "properties": {
        "u": 9900300220,
        "v": 9900300191,
        "key": 0,
        "osmid": "carleton_parking_p7_svc_143_1",
        "highway": "service",
        "lanes": "1",
        "maxspeed": "15",
        "name": "P7 lot service",
        "oneway": false,
        "reversed": "False",
        "length": 79.99821120938932,
        "ref": "",
        "tunnel": "",
        "bridge": "",
        "width": "3",
        "access": "private",
        "junction": "",
        "parking_lot": "P7",
        "carleton_parking": true
      },
      "geometry": {
        "type": "LineString",
        "coordinates": [
          [
            -75.6968307,
            45.3915894
          ],
          [
            -75.6960162,
            45.3919505
          ]
        ]
      }
    },
    {
      "type": "Feature",
      "properties": {
        "u": 9900300191,
        "v": 9900300220,
        "key": 0,
        "osmid": "carleton_parking_p7_svc_143_1",
        "highway": "service",
        "lanes": "1",
        "maxspeed": "15",
        "name": "P7 lot service",
        "oneway": false,
        "reversed": "True",
        "length": 79.99821120938932,
        "ref": "",
        "tunnel": "",
        "bridge": "",
        "width": "3",
        "access": "private",
        "junction": "",
        "parking_lot": "P7",
        "carleton_parking": true
      },
      "geometry": {
        "type": "LineString",
        "coordinates": [
          [
            -75.6960162,
            45.3919505
          ],
          [
            -75.6968307,
            45.3915894
          ]
        ]
      }
    },
    {
      "type": "Feature",
      "properties": {
        "u": 9900300188,
        "v": 9900300221,
        "key": 0,
        "osmid": "carleton_parking_p7_svc_144_0",
        "highway": "service",
        "lanes": "1",
        "maxspeed": "15",
        "name": "P7 lot service",
        "oneway": false,
        "reversed": "False",
        "length": 83.36328136586086,
        "ref": "",
        "tunnel": "",
        "bridge": "",
        "width": "3",
        "access": "private",
        "junction": "",
        "parking_lot": "P7",
        "carleton_parking": true
      },
      "geometry": {
        "type": "LineString",
        "coordinates": [
          [
            -75.6961032,
            45.392097
          ],
          [
            -75.6969476,
            45.391715
          ]
        ]
      }
    },
    {
      "type": "Feature",
      "properties": {
        "u": 9900300221,
        "v": 9900300188,
        "key": 0,
        "osmid": "carleton_parking_p7_svc_144_0",
        "highway": "service",
        "lanes": "1",
        "maxspeed": "15",
        "name": "P7 lot service",
        "oneway": false,
        "reversed": "True",
        "length": 83.36328136586086,
        "ref": "",
        "tunnel": "",
        "bridge": "",
        "width": "3",
        "access": "private",
        "junction": "",
        "parking_lot": "P7",
        "carleton_parking": true
      },
      "geometry": {
        "type": "LineString",
        "coordinates": [
          [
            -75.6969476,
            45.391715
          ],
          [
            -75.6961032,
            45.392097
          ]
        ]
      }
    },
    {
      "type": "Feature",
      "properties": {
        "u": 9900300221,
        "v": 9900300171,
        "key": 0,
        "osmid": "carleton_parking_p7_svc_144_1",
        "highway": "service",
        "lanes": "1",
        "maxspeed": "15",
        "name": "P7 lot service",
        "oneway": false,
        "reversed": "False",
        "length": 7.822995079403605,
        "ref": "",
        "tunnel": "",
        "bridge": "",
        "width": "3",
        "access": "private",
        "junction": "",
        "parking_lot": "P7",
        "carleton_parking": true
      },
      "geometry": {
        "type": "LineString",
        "coordinates": [
          [
            -75.6969476,
            45.391715
          ],
          [
            -75.6970268,
            45.3916791
          ]
        ]
      }
    },
    {
      "type": "Feature",
      "properties": {
        "u": 9900300171,
        "v": 9900300221,
        "key": 0,
        "osmid": "carleton_parking_p7_svc_144_1",
        "highway": "service",
        "lanes": "1",
        "maxspeed": "15",
        "name": "P7 lot service",
        "oneway": false,
        "reversed": "True",
        "length": 7.822995079403605,
        "ref": "",
        "tunnel": "",
        "bridge": "",
        "width": "3",
        "access": "private",
        "junction": "",
        "parking_lot": "P7",
        "carleton_parking": true
      },
      "geometry": {
        "type": "LineString",
        "coordinates": [
          [
            -75.6970268,
            45.3916791
          ],
          [
            -75.6969476,
            45.391715
          ]
        ]
      }
    },
    {
      "type": "Feature",
      "properties": {
        "u": 9900300172,
        "v": 9900300222,
        "key": 0,
        "osmid": "carleton_parking_p7_svc_145_0",
        "highway": "service",
        "lanes": "1",
        "maxspeed": "15",
        "name": "P7 lot service",
        "oneway": false,
        "reversed": "False",
        "length": 7.493530451069106,
        "ref": "",
        "tunnel": "",
        "bridge": "",
        "width": "3",
        "access": "private",
        "junction": "",
        "parking_lot": "P7",
        "carleton_parking": true
      },
      "geometry": {
        "type": "LineString",
        "coordinates": [
          [
            -75.6971424,
            45.3918072
          ],
          [
            -75.6970667,
            45.3918418
          ]
        ]
      }
    },
    {
      "type": "Feature",
      "properties": {
        "u": 9900300222,
        "v": 9900300172,
        "key": 0,
        "osmid": "carleton_parking_p7_svc_145_0",
        "highway": "service",
        "lanes": "1",
        "maxspeed": "15",
        "name": "P7 lot service",
        "oneway": false,
        "reversed": "True",
        "length": 7.493530451069106,
        "ref": "",
        "tunnel": "",
        "bridge": "",
        "width": "3",
        "access": "private",
        "junction": "",
        "parking_lot": "P7",
        "carleton_parking": true
      },
      "geometry": {
        "type": "LineString",
        "coordinates": [
          [
            -75.6970667,
            45.3918418
          ],
          [
            -75.6971424,
            45.3918072
          ]
        ]
      }
    },
    {
      "type": "Feature",
      "properties": {
        "u": 9900300222,
        "v": 9900300185,
        "key": 0,
        "osmid": "carleton_parking_p7_svc_145_1",
        "highway": "service",
        "lanes": "1",
        "maxspeed": "15",
        "name": "P7 lot service",
        "oneway": false,
        "reversed": "False",
        "length": 80.36542665257457,
        "ref": "",
        "tunnel": "",
        "bridge": "",
        "width": "3",
        "access": "private",
        "junction": "",
        "parking_lot": "P7",
        "carleton_parking": true
      },
      "geometry": {
        "type": "LineString",
        "coordinates": [
          [
            -75.6970667,
            45.3918418
          ],
          [
            -75.6962551,
            45.3922132
          ]
        ]
      }
    },
    {
      "type": "Feature",
      "properties": {
        "u": 9900300185,
        "v": 9900300222,
        "key": 0,
        "osmid": "carleton_parking_p7_svc_145_1",
        "highway": "service",
        "lanes": "1",
        "maxspeed": "15",
        "name": "P7 lot service",
        "oneway": false,
        "reversed": "True",
        "length": 80.36542665257457,
        "ref": "",
        "tunnel": "",
        "bridge": "",
        "width": "3",
        "access": "private",
        "junction": "",
        "parking_lot": "P7",
        "carleton_parking": true
      },
      "geometry": {
        "type": "LineString",
        "coordinates": [
          [
            -75.6962551,
            45.3922132
          ],
          [
            -75.6970667,
            45.3918418
          ]
        ]
      }
    },
    {
      "type": "Feature",
      "properties": {
        "u": 9900300182,
        "v": 9900300223,
        "key": 0,
        "osmid": "carleton_parking_p7_svc_146_0",
        "highway": "service",
        "lanes": "1",
        "maxspeed": "15",
        "name": "P7 lot service",
        "oneway": false,
        "reversed": "False",
        "length": 68.22233769557153,
        "ref": "",
        "tunnel": "",
        "bridge": "",
        "width": "3",
        "access": "private",
        "junction": "",
        "parking_lot": "P7",
        "carleton_parking": true
      },
      "geometry": {
        "type": "LineString",
        "coordinates": [
          [
            -75.6964927,
            45.3922872
          ],
          [
            -75.6971822,
            45.3919726
          ]
        ]
      }
    },
    {
      "type": "Feature",
      "properties": {
        "u": 9900300223,
        "v": 9900300182,
        "key": 0,
        "osmid": "carleton_parking_p7_svc_146_0",
        "highway": "service",
        "lanes": "1",
        "maxspeed": "15",
        "name": "P7 lot service",
        "oneway": false,
        "reversed": "True",
        "length": 68.22233769557153,
        "ref": "",
        "tunnel": "",
        "bridge": "",
        "width": "3",
        "access": "private",
        "junction": "",
        "parking_lot": "P7",
        "carleton_parking": true
      },
      "geometry": {
        "type": "LineString",
        "coordinates": [
          [
            -75.6971822,
            45.3919726
          ],
          [
            -75.6964927,
            45.3922872
          ]
        ]
      }
    },
    {
      "type": "Feature",
      "properties": {
        "u": 9900300223,
        "v": 9900300173,
        "key": 0,
        "osmid": "carleton_parking_p7_svc_146_1",
        "highway": "service",
        "lanes": "1",
        "maxspeed": "15",
        "name": "P7 lot service",
        "oneway": false,
        "reversed": "False",
        "length": 7.677721039370781,
        "ref": "",
        "tunnel": "",
        "bridge": "",
        "width": "3",
        "access": "private",
        "junction": "",
        "parking_lot": "P7",
        "carleton_parking": true
      },
      "geometry": {
        "type": "LineString",
        "coordinates": [
          [
            -75.6971822,
            45.3919726
          ],
          [
            -75.6972598,
            45.3919372
          ]
        ]
      }
    },
    {
      "type": "Feature",
      "properties": {
        "u": 9900300173,
        "v": 9900300223,
        "key": 0,
        "osmid": "carleton_parking_p7_svc_146_1",
        "highway": "service",
        "lanes": "1",
        "maxspeed": "15",
        "name": "P7 lot service",
        "oneway": false,
        "reversed": "True",
        "length": 7.677721039370781,
        "ref": "",
        "tunnel": "",
        "bridge": "",
        "width": "3",
        "access": "private",
        "junction": "",
        "parking_lot": "P7",
        "carleton_parking": true
      },
      "geometry": {
        "type": "LineString",
        "coordinates": [
          [
            -75.6972598,
            45.3919372
          ],
          [
            -75.6971822,
            45.3919726
          ]
        ]
      }
    },
    {
      "type": "Feature",
      "properties": {
        "u": 9900300140,
        "v": 9900300224,
        "key": 0,
        "osmid": "carleton_parking_p7_egress_a",
        "highway": "service",
        "lanes": "1",
        "maxspeed": "10",
        "name": "P7 lot egress (narrow)",
        "oneway": false,
        "reversed": "False",
        "length": 18.74325257516642,
        "ref": "",
        "tunnel": "",
        "bridge": "",
        "width": "3",
        "access": "private",
        "junction": "",
        "parking_lot": "P7",
        "carleton_parking": true
      },
      "geometry": {
        "type": "LineString",
        "coordinates": [
          [
            -75.6964248,
            45.3893907
          ],
          [
            -75.6963340275,
            45.3892368125
          ]
        ]
      }
    },
    {
      "type": "Feature",
      "properties": {
        "u": 9900300224,
        "v": 9900300140,
        "key": 0,
        "osmid": "carleton_parking_p7_egress_a",
        "highway": "service",
        "lanes": "1",
        "maxspeed": "10",
        "name": "P7 lot egress (narrow)",
        "oneway": false,
        "reversed": "True",
        "length": 18.74325257516642,
        "ref": "",
        "tunnel": "",
        "bridge": "",
        "width": "3",
        "access": "private",
        "junction": "",
        "parking_lot": "P7",
        "carleton_parking": true
      },
      "geometry": {
        "type": "LineString",
        "coordinates": [
          [
            -75.6963340275,
            45.3892368125
          ],
          [
            -75.6964248,
            45.3893907
          ]
        ]
      }
    },
    {
      "type": "Feature",
      "properties": {
        "u": 9900300224,
        "v": 9370739420,
        "key": 0,
        "osmid": "carleton_parking_p7_egress_b",
        "highway": "service",
        "lanes": "1",
        "maxspeed": "10",
        "name": "P7 lot egress (narrow)",
        "oneway": false,
        "reversed": "False",
        "length": 38.9282938102886,
        "ref": "",
        "tunnel": "",
        "bridge": "",
        "width": "3",
        "access": "private",
        "junction": "",
        "parking_lot": "P7",
        "carleton_parking": true
      },
      "geometry": {
        "type": "LineString",
        "coordinates": [
          [
            -75.6963340275,
            45.3892368125
          ],
          [
            -75.6961455,
            45.3889172
          ]
        ]
      }
    },
    {
      "type": "Feature",
      "properties": {
        "u": 9370739420,
        "v": 9900300224,
        "key": 0,
        "osmid": "carleton_parking_p7_egress_b",
        "highway": "service",
        "lanes": "1",
        "maxspeed": "10",
        "name": "P7 lot egress (narrow)",
        "oneway": false,
        "reversed": "True",
        "length": 38.9282938102886,
        "ref": "",
        "tunnel": "",
        "bridge": "",
        "width": "3",
        "access": "private",
        "junction": "",
        "parking_lot": "P7",
        "carleton_parking": true
      },
      "geometry": {
        "type": "LineString",
        "coordinates": [
          [
            -75.6961455,
            45.3889172
          ],
          [
            -75.6963340275,
            45.3892368125
          ]
        ]
      }
    },
    {
      "type": "Feature",
      "properties": {
        "key": 0,
        "osmid": "[463644771, 880435924, 76421261, 1283505591]",
        "highway": "tertiary",
        "lanes": "1",
        "maxspeed": "40",
        "name": "University Drive",
        "oneway": false,
        "ref": "",
        "tunnel": "",
        "bridge": "",
        "width": "3",
        "access": "",
        "junction": "",
        "split_for_p4": true,
        "u": 2924096375,
        "v": 900080100,
        "reversed": "False",
        "length": 204.6055906228268,
        "smoothed_p4_join": true
      },
      "geometry": {
        "type": "LineString",
        "coordinates": [
          [
            -75.694052,
            45.3840027
          ],
          [
            -75.6940979,
            45.3840763
          ],
          [
            -75.6946712,
            45.3850254
          ],
          [
            -75.6947127,
            45.3850989
          ],
          [
            -75.6947705,
            45.3851982
          ],
          [
            -75.6949436,
            45.3854909
          ],
          [
            -75.6950505,
            45.3856701
          ],
          [
            -75.6950553203229,
            45.38567819064799
          ]
        ]
      }
    },
    {
      "type": "Feature",
      "properties": {
        "key": 0,
        "osmid": "[463644771, 880435924, 76421261, 1283505591]",
        "highway": "tertiary",
        "lanes": "1",
        "maxspeed": "40",
        "name": "University Drive",
        "oneway": false,
        "ref": "",
        "tunnel": "",
        "bridge": "",
        "width": "3",
        "access": "",
        "junction": "",
        "split_for_p4": true,
        "u": 900080100,
        "v": 2924096375,
        "reversed": "True",
        "length": 204.6055906228268,
        "smoothed_p4_join": true
      },
      "geometry": {
        "type": "LineString",
        "coordinates": [
          [
            -75.6950553203229,
            45.38567819064799
          ],
          [
            -75.6950505,
            45.3856701
          ],
          [
            -75.6949436,
            45.3854909
          ],
          [
            -75.6947705,
            45.3851982
          ],
          [
            -75.6947127,
            45.3850989
          ],
          [
            -75.6946712,
            45.3850254
          ],
          [
            -75.6940979,
            45.3840763
          ],
          [
            -75.694052,
            45.3840027
          ]
        ]
      }
    },
    {
      "type": "Feature",
      "properties": {
        "key": 0,
        "osmid": "[463644771, 880435924, 76421261, 1283505591]",
        "highway": "tertiary",
        "lanes": "1",
        "maxspeed": "40",
        "name": "University Drive",
        "oneway": false,
        "ref": "",
        "tunnel": "",
        "bridge": "",
        "width": "3",
        "access": "",
        "junction": "",
        "split_for_p4": true,
        "u": 900080100,
        "v": 7010355498,
        "reversed": "False",
        "length": 210.4746812536484,
        "smoothed_p4_join": true
      },
      "geometry": {
        "type": "LineString",
        "coordinates": [
          [
            -75.6950553203229,
            45.38567819064799
          ],
          [
            -75.6950788,
            45.3857176
          ],
          [
            -75.6951055,
            45.3857566
          ],
          [
            -75.6951506,
            45.385835
          ],
          [
            -75.6951924,
            45.3859158
          ],
          [
            -75.6952338,
            45.3860058
          ],
          [
            -75.6952783,
            45.3861175
          ],
          [
            -75.6953118,
            45.3862095
          ],
          [
            -75.6953445,
            45.3863021
          ],
          [
            -75.6953846,
            45.3864432
          ],
          [
            -75.6954181,
            45.3865705
          ],
          [
            -75.6954409,
            45.3866742
          ],
          [
            -75.6954679,
            45.3867907
          ],
          [
            -75.6955432,
            45.3871249
          ],
          [
            -75.6956315,
            45.3875148
          ]
        ]
      }
    },
    {
      "type": "Feature",
      "properties": {
        "key": 0,
        "osmid": "[463644771, 880435924, 76421261, 1283505591]",
        "highway": "tertiary",
        "lanes": "1",
        "maxspeed": "40",
        "name": "University Drive",
        "oneway": false,
        "ref": "",
        "tunnel": "",
        "bridge": "",
        "width": "3",
        "access": "",
        "junction": "",
        "split_for_p4": true,
        "u": 7010355498,
        "v": 900080100,
        "reversed": "True",
        "length": 210.4746812536484,
        "smoothed_p4_join": true
      },
      "geometry": {
        "type": "LineString",
        "coordinates": [
          [
            -75.6956315,
            45.3875148
          ],
          [
            -75.6955432,
            45.3871249
          ],
          [
            -75.6954679,
            45.3867907
          ],
          [
            -75.6954409,
            45.3866742
          ],
          [
            -75.6954181,
            45.3865705
          ],
          [
            -75.6953846,
            45.3864432
          ],
          [
            -75.6953445,
            45.3863021
          ],
          [
            -75.6953118,
            45.3862095
          ],
          [
            -75.6952783,
            45.3861175
          ],
          [
            -75.6952338,
            45.3860058
          ],
          [
            -75.6951924,
            45.3859158
          ],
          [
            -75.6951506,
            45.385835
          ],
          [
            -75.6951055,
            45.3857566
          ],
          [
            -75.6950788,
            45.3857176
          ],
          [
            -75.6950553203229,
            45.38567819064799
          ]
        ]
      }
    },
    {
      "type": "Feature",
      "properties": {
        "key": 0,
        "osmid": "carleton_brewer_park_dest",
        "highway": "unclassified",
        "lanes": "2",
        "maxspeed": "",
        "name": "Brewer Way",
        "oneway": false,
        "ref": "",
        "tunnel": "",
        "bridge": "",
        "width": "",
        "access": "",
        "junction": "",
        "carleton_brewer_park": true,
        "u": 901063900,
        "v": 9900700001,
        "reversed": "False",
        "length": 179.9948140579047
      },
      "geometry": {
        "type": "LineString",
        "coordinates": [
          [
            -75.6914227,
            45.3869999
          ],
          [
            -75.6913254,
            45.3870381
          ],
          [
            -75.6910064,
            45.3871656
          ],
          [
            -75.6907824,
            45.3872579
          ],
          [
            -75.6906724,
            45.387305
          ],
          [
            -75.6905709,
            45.3873651
          ],
          [
            -75.690529,
            45.387435
          ],
          [
            -75.6905468,
            45.3875012
          ],
          [
            -75.6906354,
            45.3876198
          ],
          [
            -75.6906977,
            45.3877065
          ],
          [
            -75.690584,
            45.387753
          ],
          [
            -75.690231,
            45.387911
          ],
          [
            -75.690183,
            45.387983
          ]
        ]
      }
    },
    {
      "type": "Feature",
      "properties": {
        "key": 0,
        "osmid": "carleton_brewer_park_dest",
        "highway": "unclassified",
        "lanes": "2",
        "maxspeed": "",
        "name": "Brewer Way",
        "oneway": false,
        "ref": "",
        "tunnel": "",
        "bridge": "",
        "width": "",
        "access": "",
        "junction": "",
        "carleton_brewer_park": true,
        "u": 9900700001,
        "v": 901063900,
        "reversed": "True",
        "length": 179.99481405790473
      },
      "geometry": {
        "type": "LineString",
        "coordinates": [
          [
            -75.690183,
            45.387983
          ],
          [
            -75.690231,
            45.387911
          ],
          [
            -75.690584,
            45.387753
          ],
          [
            -75.6906977,
            45.3877065
          ],
          [
            -75.6906354,
            45.3876198
          ],
          [
            -75.6905468,
            45.3875012
          ],
          [
            -75.690529,
            45.387435
          ],
          [
            -75.6905709,
            45.3873651
          ],
          [
            -75.6906724,
            45.387305
          ],
          [
            -75.6907824,
            45.3872579
          ],
          [
            -75.6910064,
            45.3871656
          ],
          [
            -75.6913254,
            45.3870381
          ],
          [
            -75.6914227,
            45.3869999
          ]
        ]
      }
    },
    {
      "type": "Feature",
      "properties": {
        "key": 0,
        "osmid": "carleton_brewer_park_dest",
        "highway": "unclassified",
        "lanes": "2",
        "maxspeed": "",
        "name": "Brewer Way",
        "oneway": false,
        "ref": "",
        "tunnel": "",
        "bridge": "",
        "width": "",
        "access": "",
        "junction": "",
        "carleton_brewer_park": true,
        "u": 9900700001,
        "v": 901064831,
        "reversed": "False",
        "length": 248.72598924617176
      },
      "geometry": {
        "type": "LineString",
        "coordinates": [
          [
            -75.690183,
            45.387983
          ],
          [
            -75.690197,
            45.388051
          ],
          [
            -75.6902345,
            45.3881088
          ],
          [
            -75.6903471,
            45.3882614
          ],
          [
            -75.6903661,
            45.3882871
          ],
          [
            -75.6910059,
            45.3891297
          ],
          [
            -75.6910394,
            45.3891689
          ],
          [
            -75.6911384,
            45.3892848
          ],
          [
            -75.6912017,
            45.389359
          ],
          [
            -75.691359,
            45.3895466
          ],
          [
            -75.6914059,
            45.3896025
          ],
          [
            -75.6915586,
            45.3897679
          ],
          [
            -75.691667,
            45.389907
          ]
        ]
      }
    },
    {
      "type": "Feature",
      "properties": {
        "key": 0,
        "osmid": "carleton_brewer_park_dest",
        "highway": "unclassified",
        "lanes": "2",
        "maxspeed": "",
        "name": "Brewer Way",
        "oneway": false,
        "ref": "",
        "tunnel": "",
        "bridge": "",
        "width": "",
        "access": "",
        "junction": "",
        "carleton_brewer_park": true,
        "u": 901064831,
        "v": 9900700001,
        "reversed": "True",
        "length": 248.7259892461718
      },
      "geometry": {
        "type": "LineString",
        "coordinates": [
          [
            -75.691667,
            45.389907
          ],
          [
            -75.6915586,
            45.3897679
          ],
          [
            -75.6914059,
            45.3896025
          ],
          [
            -75.691359,
            45.3895466
          ],
          [
            -75.6912017,
            45.389359
          ],
          [
            -75.6911384,
            45.3892848
          ],
          [
            -75.6910394,
            45.3891689
          ],
          [
            -75.6910059,
            45.3891297
          ],
          [
            -75.6903661,
            45.3882871
          ],
          [
            -75.6903471,
            45.3882614
          ],
          [
            -75.6902345,
            45.3881088
          ],
          [
            -75.690197,
            45.388051
          ],
          [
            -75.690183,
            45.387983
          ]
        ]
      }
    },
    {
      "type": "Feature",
      "properties": {
        "key": 0,
        "osmid": "[305214720, 539766954, 880435926, 76421407]",
        "highway": "[\"trunk\", \"primary\"]",
        "lanes": "3",
        "maxspeed": "[\"60\", \"70\"]",
        "name": "Bronson Avenue",
        "oneway": true,
        "ref": "79",
        "tunnel": "",
        "bridge": "yes",
        "width": "",
        "access": "",
        "junction": "",
        "carleton_raven_bronson_join": true,
        "u": 901069328,
        "v": 7964597061,
        "reversed": "False",
        "length": 236.54081028130088
      },
      "geometry": {
        "type": "LineString",
        "coordinates": [
          [
            -75.6915963,
            45.3869344
          ],
          [
            -75.6915491,
            45.3868776
          ],
          [
            -75.6914759,
            45.3867915
          ],
          [
            -75.6913044,
            45.3865816
          ],
          [
            -75.6910192,
            45.3862326
          ],
          [
            -75.6909224,
            45.3861069
          ],
          [
            -75.6908173,
            45.3859653
          ],
          [
            -75.6902698,
            45.3852198
          ],
          [
            -75.6901823,
            45.3850997
          ]
        ]
      }
    },
    {
      "type": "Feature",
      "properties": {
        "key": 0,
        "osmid": "[305214720, 539766954, 880435926, 76421407]",
        "highway": "[\"trunk\", \"primary\"]",
        "lanes": "3",
        "maxspeed": "[\"60\", \"70\"]",
        "name": "Bronson Avenue",
        "oneway": true,
        "ref": "79",
        "tunnel": "",
        "bridge": "yes",
        "width": "",
        "access": "",
        "junction": "",
        "carleton_raven_bronson_join": true,
        "u": 7964597061,
        "v": 901069328,
        "reversed": "True",
        "length": 236.54081028130085
      },
      "geometry": {
        "type": "LineString",
        "coordinates": [
          [
            -75.6901823,
            45.3850997
          ],
          [
            -75.6902698,
            45.3852198
          ],
          [
            -75.6908173,
            45.3859653
          ],
          [
            -75.6909224,
            45.3861069
          ],
          [
            -75.6910192,
            45.3862326
          ],
          [
            -75.6913044,
            45.3865816
          ],
          [
            -75.6914759,
            45.3867915
          ],
          [
            -75.6915491,
            45.3868776
          ],
          [
            -75.6915963,
            45.3869344
          ]
        ]
      }
    },
    {
      "type": "Feature",
      "properties": {
        "key": 0,
        "osmid": "[305214720, 539766954, 880435926, 76421407]",
        "highway": "[\"trunk\", \"primary\"]",
        "lanes": "3",
        "maxspeed": "[\"60\", \"70\"]",
        "name": "Bronson Avenue",
        "oneway": true,
        "ref": "79",
        "tunnel": "",
        "bridge": "yes",
        "width": "",
        "access": "",
        "junction": "",
        "carleton_raven_bronson_join": true,
        "u": 7964597061,
        "v": 905107939,
        "reversed": "False",
        "length": 415.6549382914254
      },
      "geometry": {
        "type": "LineString",
        "coordinates": [
          [
            -75.6901823,
            45.3850997
          ],
          [
            -75.6900501,
            45.3849276
          ],
          [
            -75.689861,
            45.384671
          ],
          [
            -75.6894184,
            45.3840605
          ],
          [
            -75.687901,
            45.3819148
          ],
          [
            -75.6878348,
            45.381815
          ]
        ]
      }
    },
    {
      "type": "Feature",
      "properties": {
        "key": 0,
        "osmid": "[305214720, 539766954, 880435926, 76421407]",
        "highway": "[\"trunk\", \"primary\"]",
        "lanes": "3",
        "maxspeed": "[\"60\", \"70\"]",
        "name": "Bronson Avenue",
        "oneway": true,
        "ref": "79",
        "tunnel": "",
        "bridge": "yes",
        "width": "",
        "access": "",
        "junction": "",
        "carleton_raven_bronson_join": true,
        "u": 905107939,
        "v": 7964597061,
        "reversed": "True",
        "length": 415.6549382914254
      },
      "geometry": {
        "type": "LineString",
        "coordinates": [
          [
            -75.6878348,
            45.381815
          ],
          [
            -75.687901,
            45.3819148
          ],
          [
            -75.6894184,
            45.3840605
          ],
          [
            -75.689861,
            45.384671
          ],
          [
            -75.6900501,
            45.3849276
          ],
          [
            -75.6901823,
            45.3850997
          ]
        ]
      }
    },
    {
      "type": "Feature",
      "properties": {
        "key": 0,
        "osmid": "carleton_scenario07_r28",
        "highway": "service",
        "lanes": "1",
        "maxspeed": "30",
        "name": "Raven Rd emergency link to Bronson Ave (OSM way 1025157958)",
        "oneway": false,
        "ref": "",
        "tunnel": "",
        "bridge": "",
        "width": "",
        "access": "emergency",
        "junction": "",
        "carleton_scenario": true,
        "osm_way": 1025157958,
        "osm_note": "OSM service access=no; enabled as emergency egress",
        "u": 1435781052,
        "v": 7964597061,
        "reversed": "False",
        "length": 156.7076453796163
      },
      "geometry": {
        "type": "LineString",
        "coordinates": [
          [
            -75.6919309,
            45.3846527
          ],
          [
            -75.6917823,
            45.3846961
          ],
          [
            -75.6903189,
            45.3850662
          ],
          [
            -75.6901823,
            45.3850997
          ]
        ]
      }
    },
    {
      "type": "Feature",
      "properties": {
        "key": 0,
        "osmid": "carleton_scenario07_r28",
        "highway": "service",
        "lanes": "1",
        "maxspeed": "30",
        "name": "Raven Rd emergency link to Bronson Ave (OSM way 1025157958)",
        "oneway": false,
        "ref": "",
        "tunnel": "",
        "bridge": "",
        "width": "",
        "access": "emergency",
        "junction": "",
        "carleton_scenario": true,
        "osm_way": 1025157958,
        "osm_note": "OSM service access=no; enabled as emergency egress",
        "u": 7964597061,
        "v": 1435781052,
        "reversed": "True",
        "length": 156.7076453796163
      },
      "geometry": {
        "type": "LineString",
        "coordinates": [
          [
            -75.6901823,
            45.3850997
          ],
          [
            -75.6903189,
            45.3850662
          ],
          [
            -75.6917823,
            45.3846961
          ],
          [
            -75.6919309,
            45.3846527
          ]
        ]
      }
    }
  ],
  "properties": {
    "aoi_south": 45.365,
    "aoi_west": -75.708,
    "aoi_north": 45.3945,
    "aoi_east": -75.686,
    "downloaded_at": "2026-07-20T14:39:45.142994Z",
    "network_type": "drive",
    "source": "osmnx.graph_from_bbox"
  }
}
