{"type":"FeatureCollection","name":"edges_drive","crs":{"type":"name","properties":{"name":"urn:ogc:def:crs:OGC:1.3:CRS84"}},"features":[{"type":"Feature","properties":{"u":828195034,"v":901051401,"key":0,"osmid":"130293861","highway":"residential","lanes":"2","maxspeed":"30","name":"Canal Woods Terrace","oneway":false,"reversed":"False","length":135.02133585432608,"ref":"","tunnel":"","bridge":"","width":"","access":"","junction":""},"geometry":{"type":"LineString","coordinates":[[-75.6934762,45.3903343],[-75.6935731,45.3904923],[-75.693999,45.3912244],[-75.6941386,45.3914559]]}},{"type":"Feature","properties":{"u":828195034,"v":1435493447,"key":0,"osmid":"130293865","highway":"residential","lanes":"1","maxspeed":"30","name":"Canal Woods Terrace","oneway":true,"reversed":"False","length":23.508418777364124,"ref":"","tunnel":"","bridge":"","width":"","access":"","junction":""},"geometry":{"type":"LineString","coordinates":[[-75.6934762,45.3903343],[-75.6934637,45.3902222],[-75.6934647,45.3901967],[-75.6934653,45.3901832],[-75.6934779,45.3901239]]}},{"type":"Feature","properties":{"u":901051401,"v":901055005,"key":0,"osmid":"76419742","highway":"residential","lanes":"2","maxspeed":"30","name":"Aylmer Avenue","oneway":false,"reversed":"False","length":79.10192210959836,"ref":"","tunnel":"","bridge":"","width":"","access":"","junction":""},"geometry":{"type":"LineString","coordinates":[[-75.6941386,45.3914559],[-75.6940688,45.3914849],[-75.6940261,45.3915034],[-75.6932704,45.3918224]]}},{"type":"Feature","properties":{"u":901051401,"v":905116641,"key":0,"osmid":"130293861","highway":"residential","lanes":"2","maxspeed":"30","name":"Canal Woods Terrace","oneway":false,"reversed":"False","length":150.63140428014626,"ref":"","tunnel":"","bridge":"","width":"","access":"","junction":""},"geometry":{"type":"LineString","coordinates":[[-75.6941386,45.3914559],[-75.6942148,45.3915858],[-75.6944627,45.3920083],[-75.6948349,45.3926426],[-75.6948498,45.3926677],[-75.6948735,45.3927084]]}},{"type":"Feature","properties":{"u":901051401,"v":828195034,"key":0,"osmid":"130293861","highway":"residential","lanes":"2","maxspeed":"30","name":"Canal Woods Terrace","oneway":false,"reversed":"True","length":135.02133585432608,"ref":"","tunnel":"","bridge":"","width":"","access":"","junction":""},"geometry":{"type":"LineString","coordinates":[[-75.6941386,45.3914559],[-75.693999,45.3912244],[-75.6935731,45.3904923],[-75.6934762,45.3903343]]}},{"type":"Feature","properties":{"u":901052136,"v":901055005,"key":0,"osmid":"76423173","highway":"residential","lanes":"2","maxspeed":"30","name":"Aylmer Avenue","oneway":false,"reversed":"True","length":92.26637146417659,"ref":"","tunnel":"","bridge":"","width":"","access":"","junction":""},"geometry":{"type":"LineString","coordinates":[[-75.6922554,45.3922472],[-75.6932704,45.3918224]]}},{"type":"Feature","properties":{"u":901052136,"v":901061912,"key":0,"osmid":"76419389","highway":"residential","lanes":"2","maxspeed":"30","name":"Aylmer Avenue","oneway":false,"reversed":"False","length":113.45722781727459,"ref":"","tunnel":"","bridge":"","width":"","access":"","junction":""},"geometry":{"type":"LineString","coordinates":[[-75.6922554,45.3922472],[-75.6911226,45.3927175],[-75.6910815,45.3927345],[-75.6910046,45.3927664]]}},{"type":"Feature","properties":{"u":901052136,"v":901056459,"key":0,"osmid":"76421829","highway":"residential","lanes":"2","maxspeed":"30","name":"Carlyle Avenue","oneway":false,"reversed":"False","length":95.8130094978487,"ref":"","tunnel":"","bridge":"","width":"","access":"","junction":""},"geometry":{"type":"LineString","coordinates":[[-75.6922554,45.3922472],[-75.6922939,45.3922914],[-75.6923157,45.3923165],[-75.6926575,45.3927089],[-75.6928324,45.3929404],[-75.6928756,45.3929903]]}},{"type":"Feature","properties":{"u":901052136,"v":901065825,"key":0,"osmid":[76423249,76422070],"highway":"residential","lanes":"2","maxspeed":"30","name":"Carlyle Avenue","oneway":false,"reversed":"True","length":74.39049125095653,"ref":"","tunnel":"","bridge":"","width":"","access":"","junction":""},"geometry":{"type":"LineString","coordinates":[[-75.6922554,45.3922472],[-75.6922114,45.3921964],[-75.692185,45.392166],[-75.6920049,45.3919583],[-75.6918442,45.3917535],[-75.6917776,45.3916686]]}},{"type":"Feature","properties":{"u":901052164,"v":901053436,"key":0,"osmid":"76419047","highway":"secondary","lanes":"2","maxspeed":"40","name":"Colonel By Drive","oneway":false,"reversed":"True","length":155.59232489608817,"ref":"","tunnel":"","bridge":"","width":"","access":"","junction":""},"geometry":{"type":"LineString","coordinates":[[-75.6898977,45.3942391],[-75.689923,45.3942295],[-75.6904034,45.3940428],[-75.6907882,45.3939285],[-75.6911589,45.3938444],[-75.6915754,45.3937913],[-75.6916301,45.3937845],[-75.6917565,45.393768]]}},{"type":"Feature","properties":{"u":901052164,"v":901061692,"key":0,"osmid":"76421721","highway":"residential","lanes":"2","maxspeed":"30","name":"L\u00e9onard Avenue","oneway":false,"reversed":"True","length":97.7655470804163,"ref":"","tunnel":"","bridge":"","width":"","access":"","junction":""},"geometry":{"type":"LineString","coordinates":[[-75.6898977,45.3942391],[-75.6898342,45.3941555],[-75.6898249,45.3941432],[-75.6896643,45.3939296],[-75.689334,45.393527],[-75.6892883,45.3934712]]}},{"type":"Feature","properties":{"u":901052344,"v":1435493298,"key":0,"osmid":"76843114","highway":"primary_link","lanes":"1","maxspeed":"","name":"","oneway":true,"reversed":"False","length":10.609285289050183,"ref":"","tunnel":"","bridge":"","width":"","access":"","junction":""},"geometry":{"type":"LineString","coordinates":[[-75.6975039,45.3931464],[-75.6974592,45.3930563]]}},{"type":"Feature","properties":{"u":901052344,"v":901057163,"key":0,"osmid":"623151022","highway":"secondary","lanes":"1","maxspeed":"60","name":"Colonel By Drive","oneway":true,"reversed":"False","length":199.9069072315756,"ref":"","tunnel":"","bridge":"","width":"","access":"","junction":""},"geometry":{"type":"LineString","coordinates":[[-75.6975039,45.3931464],[-75.6983784,45.3925399],[-75.6989258,45.392155],[-75.6991428,45.3920024],[-75.6992212,45.3919303],[-75.6992714,45.3918537]]}},{"type":"Feature","properties":{"u":901052370,"v":901061912,"key":0,"osmid":"76419297","highway":"residential","lanes":"2","maxspeed":"30","name":"Seneca Street","oneway":false,"reversed":"True","length":37.65883877600984,"ref":"","tunnel":"","bridge":"","width":"","access":"","junction":""},"geometry":{"type":"LineString","coordinates":[[-75.6912477,45.3930589],[-75.6910679,45.3928425],[-75.6910496,45.3928205],[-75.6910046,45.3927664]]}},{"type":"Feature","properties":{"u":901052370,"v":901056459,"key":0,"osmid":"76421619","highway":"residential","lanes":"2","maxspeed":"30","name":"Downing Street","oneway":false,"reversed":"True","length":128.71545632910397,"ref":"","tunnel":"","bridge":"","width":"","access":"","junction":""},"geometry":{"type":"LineString","coordinates":[[-75.6912477,45.3930589],[-75.691349,45.393058],[-75.6913979,45.3930575],[-75.6927042,45.3930507],[-75.6927623,45.393029],[-75.6928032,45.3930138],[-75.6928756,45.3929903]]}},{"type":"Feature","properties":{"u":901052370,"v":901053436,"key":0,"osmid":[76421748,1039725871],"highway":"residential","lanes":"2","maxspeed":"30","name":"Seneca Street","oneway":false,"reversed":"False","length":88.99519808481392,"ref":"","tunnel":"","bridge":"","width":"","access":"","junction":""},"geometry":{"type":"LineString","coordinates":[[-75.6912477,45.3930589],[-75.6914343,45.3932746],[-75.6915773,45.3934399],[-75.6917269,45.3936518],[-75.6917565,45.393768]]}},{"type":"Feature","properties":{"u":901052403,"v":901054889,"key":0,"osmid":"76420823","highway":"residential","lanes":"2","maxspeed":"30","name":"Hopewell Avenue","oneway":false,"reversed":"True","length":153.22420038775815,"ref":"","tunnel":"","bridge":"","width":"","access":"","junction":""},"geometry":{"type":"LineString","coordinates":[[-75.6877818,45.3916035],[-75.6878459,45.3915784],[-75.689384,45.3909633],[-75.6894162,45.3909511],[-75.6894867,45.3909214]]}},{"type":"Feature","properties":{"u":901052403,"v":903984997,"key":0,"osmid":"76421039","highway":"residential","lanes":"2","maxspeed":"30","name":"L\u00e9onard Avenue","oneway":false,"reversed":"True","length":78.2033721867364,"ref":"","tunnel":"","bridge":"","width":"","access":"","junction":""},"geometry":{"type":"LineString","coordinates":[[-75.6877818,45.3916035],[-75.6877469,45.391564],[-75.687426,45.3912006],[-75.687254,45.3910058]]}},{"type":"Feature","properties":{"u":901052403,"v":901065624,"key":0,"osmid":"76421223","highway":"residential","lanes":"2","maxspeed":"30","name":"L\u00e9onard Avenue","oneway":false,"reversed":"False","length":79.63470292909261,"ref":"","tunnel":"","bridge":"","width":"","access":"","junction":""},"geometry":{"type":"LineString","coordinates":[[-75.6877818,45.3916035],[-75.6878266,45.3916631],[-75.6881976,45.3921565],[-75.6882188,45.3921847],[-75.688258,45.3922368]]}},{"type":"Feature","properties":{"u":901053326,"v":901055005,"key":0,"osmid":"76420608","highway":"residential","lanes":"2","maxspeed":"30","name":"Fulton Avenue","oneway":false,"reversed":"False","length":114.7270762172699,"ref":"","tunnel":"","bridge":"","width":"","access":"","junction":""},"geometry":{"type":"LineString","coordinates":[[-75.6925091,45.39094],[-75.6925533,45.390992],[-75.6930254,45.3915463],[-75.6932061,45.3917499],[-75.6932269,45.3917733],[-75.6932704,45.3918224]]}},{"type":"Feature","properties":{"u":901053436,"v":901052164,"key":0,"osmid":"76419047","highway":"secondary","lanes":"2","maxspeed":"40","name":"Colonel By Drive","oneway":false,"reversed":"False","length":155.59232489608814,"ref":"","tunnel":"","bridge":"","width":"","access":"","junction":""},"geometry":{"type":"LineString","coordinates":[[-75.6917565,45.393768],[-75.6916301,45.3937845],[-75.6915754,45.3937913],[-75.6911589,45.3938444],[-75.6907882,45.3939285],[-75.6904034,45.3940428],[-75.689923,45.3942295],[-75.6898977,45.3942391]]}},{"type":"Feature","properties":{"u":901053436,"v":901065633,"key":0,"osmid":"76420365","highway":"secondary","lanes":"2","maxspeed":"40","name":"Colonel By Drive","oneway":false,"reversed":"True","length":118.33624023072397,"ref":"","tunnel":"","bridge":"","width":"","access":"","junction":""},"geometry":{"type":"LineString","coordinates":[[-75.6917565,45.393768],[-75.6924286,45.3937076],[-75.6928702,45.3936934],[-75.6930867,45.3936922],[-75.6932659,45.3936971]]}},{"type":"Feature","properties":{"u":901053436,"v":901052370,"key":0,"osmid":[76421748,1039725871],"highway":"residential","lanes":"2","maxspeed":"30","name":"Seneca Street","oneway":false,"reversed":"True","length":88.99519808481392,"ref":"","tunnel":"","bridge":"","width":"","access":"","junction":""},"geometry":{"type":"LineString","coordinates":[[-75.6917565,45.393768],[-75.6917269,45.3936518],[-75.6915773,45.3934399],[-75.6914343,45.3932746],[-75.6912477,45.3930589]]}},{"type":"Feature","properties":{"u":901053754,"v":901061912,"key":0,"osmid":"76418982","highway":"residential","lanes":"2","maxspeed":"30","name":"Aylmer Avenue","oneway":false,"reversed":"True","length":66.9503518644144,"ref":"","tunnel":"","bridge":"","width":"","access":"","junction":""},"geometry":{"type":"LineString","coordinates":[[-75.6902641,45.3930699],[-75.6908996,45.3928095],[-75.6909415,45.3927923],[-75.6910046,45.3927664]]}},{"type":"Feature","properties":{"u":901053754,"v":901061692,"key":0,"osmid":"76419939","highway":"residential","lanes":"2","maxspeed":"30","name":"Aylmer Avenue","oneway":false,"reversed":"False","length":88.30031222777399,"ref":"","tunnel":"","bridge":"","width":"","access":"","junction":""},"geometry":{"type":"LineString","coordinates":[[-75.6902641,45.3930699],[-75.6893588,45.3934422],[-75.6892883,45.3934712]]}},{"type":"Feature","properties":{"u":901053754,"v":901062808,"key":0,"osmid":[76420130,76422035],"highway":"residential","lanes":"2","maxspeed":"30","name":"Roslyn Avenue","oneway":false,"reversed":"True","length":159.30512230376618,"ref":"","tunnel":"","bridge":"","width":"","access":"","junction":""},"geometry":{"type":"LineString","coordinates":[[-75.6902641,45.3930699],[-75.6902239,45.3930195],[-75.6902029,45.3929932],[-75.6896869,45.3923459],[-75.6895275,45.3921655],[-75.6893115,45.3919204],[-75.6892911,45.3918975],[-75.6892349,45.3918333]]}},{"type":"Feature","properties":{"u":901053754,"v":5077617133,"key":0,"osmid":"76421568","highway":"residential","lanes":"2","maxspeed":"30","name":"Roslyn Avenue","oneway":false,"reversed":"False","length":87.53717446009287,"ref":"","tunnel":"","bridge":"","width":"","access":"","junction":""},"geometry":{"type":"LineString","coordinates":[[-75.6902641,45.3930699],[-75.6902975,45.393111],[-75.6903221,45.3931412],[-75.6908243,45.3937518]]}},{"type":"Feature","properties":{"u":901054215,"v":901063545,"key":0,"osmid":"76419125","highway":"residential","lanes":"1","maxspeed":"30","name":"Canal Woods Terrace","oneway":true,"reversed":"False","length":8.795187335083591,"ref":"","tunnel":"","bridge":"","width":"","access":"","junction":""},"geometry":{"type":"LineString","coordinates":[[-75.6952062,45.3937595],[-75.6952456,45.3938336]]}},{"type":"Feature","properties":{"u":901054215,"v":901065633,"key":0,"osmid":"130293863","highway":"secondary","lanes":"2","maxspeed":"40","name":"Colonel By Drive","oneway":true,"reversed":"False","length":151.73511653732518,"ref":"","tunnel":"","bridge":"","width":"","access":"","junction":""},"geometry":{"type":"LineString","coordinates":[[-75.6952062,45.3937595],[-75.6949907,45.393749],[-75.6939271,45.3936989],[-75.6932659,45.3936971]]}},{"type":"Feature","properties":{"u":901054889,"v":901052403,"key":0,"osmid":"76420823","highway":"residential","lanes":"2","maxspeed":"30","name":"Hopewell Avenue","oneway":false,"reversed":"False","length":153.22420038775815,"ref":"","tunnel":"","bridge":"","width":"","access":"","junction":""},"geometry":{"type":"LineString","coordinates":[[-75.6894867,45.3909214],[-75.6894162,45.3909511],[-75.689384,45.3909633],[-75.6878459,45.3915784],[-75.6877818,45.3916035]]}},{"type":"Feature","properties":{"u":901054889,"v":901066916,"key":0,"osmid":[76422240,76420892],"highway":"residential","lanes":"2","maxspeed":"30","name":"Seneca Street","oneway":false,"reversed":"True","length":79.11582429263959,"ref":"","tunnel":"","bridge":"","width":"","access":"","junction":""},"geometry":{"type":"LineString","coordinates":[[-75.6894867,45.3909214],[-75.6892048,45.390579],[-75.6890409,45.3903849],[-75.6890293,45.3903711],[-75.6890128,45.3903516],[-75.6889753,45.3903072]]}},{"type":"Feature","properties":{"u":901054889,"v":901066222,"key":0,"osmid":[76421107,76422317],"highway":"residential","lanes":"2","maxspeed":"30","name":"Hopewell Avenue","oneway":false,"reversed":"True","length":306.18848428742945,"ref":"","tunnel":"","bridge":"","width":"","access":"","junction":""},"geometry":{"type":"LineString","coordinates":[[-75.6894867,45.3909214],[-75.689556,45.3908916],[-75.6895723,45.3908836],[-75.6902705,45.390579],[-75.6903127,45.3905596],[-75.6917386,45.3899758],[-75.6928747,45.3895365]]}},{"type":"Feature","properties":{"u":901054889,"v":901062411,"key":0,"osmid":"76423036","highway":"residential","lanes":"2","maxspeed":"30","name":"Seneca Street","oneway":false,"reversed":"False","length":77.76995122028532,"ref":"","tunnel":"","bridge":"","width":"","access":"","junction":""},"geometry":{"type":"LineString","coordinates":[[-75.6894867,45.3909214],[-75.6899402,45.3914724],[-75.6899826,45.3915279]]}},{"type":"Feature","properties":{"u":901055005,"v":901052136,"key":0,"osmid":"76423173","highway":"residential","lanes":"2","maxspeed":"30","name":"Aylmer Avenue","oneway":false,"reversed":"False","length":92.26637146417659,"ref":"","tunnel":"","bridge":"","width":"","access":"","junction":""},"geometry":{"type":"LineString","coordinates":[[-75.6932704,45.3918224],[-75.6922554,45.3922472]]}},{"type":"Feature","properties":{"u":901055005,"v":901051401,"key":0,"osmid":"76419742","highway":"residential","lanes":"2","maxspeed":"30","name":"Aylmer Avenue","oneway":false,"reversed":"True","length":79.10192210959836,"ref":"","tunnel":"","bridge":"","width":"","access":"","junction":""},"geometry":{"type":"LineString","coordinates":[[-75.6932704,45.3918224],[-75.6940261,45.3915034],[-75.6940688,45.3914849],[-75.6941386,45.3914559]]}},{"type":"Feature","properties":{"u":901055005,"v":901053326,"key":0,"osmid":"76420608","highway":"residential","lanes":"2","maxspeed":"30","name":"Fulton Avenue","oneway":false,"reversed":"True","length":114.7270762172699,"ref":"","tunnel":"","bridge":"","width":"","access":"","junction":""},"geometry":{"type":"LineString","coordinates":[[-75.6932704,45.3918224],[-75.6932269,45.3917733],[-75.6932061,45.3917499],[-75.6930254,45.3915463],[-75.6925533,45.390992],[-75.6925091,45.39094]]}},{"type":"Feature","properties":{"u":901055005,"v":901064979,"key":0,"osmid":"76420673","highway":"residential","lanes":"2","maxspeed":"30","name":"Fulton Avenue","oneway":false,"reversed":"False","length":256.0080887601575,"ref":"","tunnel":"","bridge":"","width":"","access":"","junction":""},"geometry":{"type":"LineString","coordinates":[[-75.6932704,45.3918224],[-75.6933052,45.3918648],[-75.6933275,45.3918921],[-75.6945592,45.3933969],[-75.6945857,45.393421],[-75.6946102,45.3934333],[-75.6946453,45.3934416],[-75.6947114,45.3934463],[-75.6947423,45.3934486],[-75.6951141,45.393465],[-75.6951601,45.393467],[-75.6952258,45.3934693]]}},{"type":"Feature","properties":{"u":901056459,"v":6978063720,"key":0,"osmid":"76419003","highway":"residential","lanes":"2","maxspeed":"30","name":"Carlyle Avenue","oneway":false,"reversed":"False","length":42.8366238906261,"ref":"","tunnel":"","bridge":"","width":"","access":"","junction":""},"geometry":{"type":"LineString","coordinates":[[-75.6928756,45.3929903],[-75.693161,45.3933193]]}},{"type":"Feature","properties":{"u":901056459,"v":901052370,"key":0,"osmid":"76421619","highway":"residential","lanes":"2","maxspeed":"30","name":"Downing Street","oneway":false,"reversed":"False","length":128.71545632910397,"ref":"","tunnel":"","bridge":"","width":"","access":"","junction":""},"geometry":{"type":"LineString","coordinates":[[-75.6928756,45.3929903],[-75.6928032,45.3930138],[-75.6927623,45.393029],[-75.6927042,45.3930507],[-75.6913979,45.3930575],[-75.691349,45.393058],[-75.6912477,45.3930589]]}},{"type":"Feature","properties":{"u":901056459,"v":901052136,"key":0,"osmid":"76421829","highway":"residential","lanes":"2","maxspeed":"30","name":"Carlyle Avenue","oneway":false,"reversed":"True","length":95.8130094978487,"ref":"","tunnel":"","bridge":"","width":"","access":"","junction":""},"geometry":{"type":"LineString","coordinates":[[-75.6928756,45.3929903],[-75.6928324,45.3929404],[-75.6926575,45.3927089],[-75.6923157,45.3923165],[-75.6922939,45.3922914],[-75.6922554,45.3922472]]}},{"type":"Feature","properties":{"u":901057163,"v":1435493298,"key":0,"osmid":"76422797","highway":"secondary","lanes":"1","maxspeed":"60","name":"Colonel By Drive","oneway":true,"reversed":"False","length":194.79572607914264,"ref":"","tunnel":"","bridge":"","width":"","access":"","junction":""},"geometry":{"type":"LineString","coordinates":[[-75.6992714,45.3918537],[-75.699185,45.3918992],[-75.6990827,45.3919714],[-75.6988753,45.3921148],[-75.6983124,45.392509],[-75.6974592,45.3930563]]}},{"type":"Feature","properties":{"u":901057163,"v":1435832291,"key":0,"osmid":"137413788","highway":"secondary","lanes":"2","maxspeed":"60","name":"Colonel By Drive","oneway":false,"reversed":"True","length":833.1629300906774,"ref":"","tunnel":"","bridge":"","width":"","access":"","junction":""},"geometry":{"type":"LineString","coordinates":[[-75.6992714,45.3918537],[-75.6993172,45.3918109],[-75.6995251,45.3916055],[-75.6996128,45.3915116],[-75.6996859,45.3914274],[-75.699756,45.391336],[-75.6998299,45.3912382],[-75.6998856,45.3911537],[-75.6999378,45.3910743],[-75.6999983,45.390971],[-75.7000463,45.390869],[-75.7000946,45.3907699],[-75.7001475,45.3906567],[-75.7001877,45.3905583],[-75.7002233,45.3904497],[-75.700252,45.3903491],[-75.700276,45.3902447],[-75.7002929,45.3901592],[-75.7003091,45.3900691],[-75.70032,45.3899867],[-75.7003295,45.3898862],[-75.7003368,45.3897922],[-75.7003391,45.3896914],[-75.7003358,45.3895933],[-75.7003304,45.3895011],[-75.7003227,45.3894164],[-75.7003096,45.3893225],[-75.7002954,45.3892338],[-75.7002754,45.3891386],[-75.700254,45.3890398],[-75.700218,45.3889153],[-75.7001382,45.3886586],[-75.7000612,45.388417],[-75.6997081,45.3872481],[-75.6995649,45.3867923],[-75.6992419,45.3857373],[-75.6991978,45.3855926],[-75.6991738,45.3854956],[-75.6991533,45.3853967],[-75.6991347,45.3852942],[-75.6991211,45.3852017],[-75.6991139,45.3851092],[-75.6991107,45.3850135],[-75.6991079,45.3849174],[-75.6991115,45.3848107],[-75.6991175,45.3847163],[-75.6991286,45.3846177]]}},{"type":"Feature","properties":{"u":901060074,"v":901065825,"key":0,"osmid":"76422360","highway":"residential","lanes":"2","maxspeed":"30","name":"Carlyle Avenue","oneway":false,"reversed":"False","length":40.667838455212774,"ref":"","tunnel":"","bridge":"","width":"","access":"","junction":""},"geometry":{"type":"LineString","coordinates":[[-75.6915211,45.3913503],[-75.6917776,45.3916686]]}},{"type":"Feature","properties":{"u":901060694,"v":903985310,"key":0,"osmid":[76422672,76419417],"highway":"residential","lanes":"2","maxspeed":"30","name":"Rosedale Avenue","oneway":false,"reversed":"True","length":157.41708400342176,"ref":"","tunnel":"","bridge":"","width":"","access":"","junction":""},"geometry":{"type":"LineString","coordinates":[[-75.6882655,45.3938927],[-75.6882284,45.3938459],[-75.6882062,45.3938179],[-75.6878298,45.3933652],[-75.6875297,45.3929823],[-75.687426,45.3928663],[-75.6873159,45.3927431],[-75.6872939,45.3927185],[-75.6872484,45.3926709]]}},{"type":"Feature","properties":{"u":901060694,"v":901061692,"key":0,"osmid":"76421436","highway":"residential","lanes":"2","maxspeed":"30","name":"Aylmer Avenue","oneway":false,"reversed":"True","length":92.60183872981833,"ref":"","tunnel":"","bridge":"","width":"","access":"","junction":""},"geometry":{"type":"LineString","coordinates":[[-75.6882655,45.3938927],[-75.6892203,45.3934992],[-75.6892883,45.3934712]]}},{"type":"Feature","properties":{"u":901060694,"v":903994351,"key":0,"osmid":"76728934","highway":"residential","lanes":"2","maxspeed":"30","name":"Aylmer Avenue","oneway":false,"reversed":"False","length":89.89565049388986,"ref":"","tunnel":"","bridge":"","width":"","access":"","junction":""},"geometry":{"type":"LineString","coordinates":[[-75.6882655,45.3938927],[-75.687426,45.3942359],[-75.6872706,45.3942995]]}},{"type":"Feature","properties":{"u":901061692,"v":901065624,"key":0,"osmid":[76419930,76419698],"highway":"residential","lanes":"2","maxspeed":"30","name":"L\u00e9onard Avenue","oneway":false,"reversed":"True","length":159.10116065947147,"ref":"","tunnel":"","bridge":"","width":"","access":"","junction":""},"geometry":{"type":"LineString","coordinates":[[-75.6892883,45.3934712],[-75.689243,45.3934171],[-75.6885355,45.3925711],[-75.6883353,45.3923269],[-75.6883175,45.3923062],[-75.688258,45.3922368]]}},{"type":"Feature","properties":{"u":901061692,"v":901053754,"key":0,"osmid":"76419939","highway":"residential","lanes":"2","maxspeed":"30","name":"Aylmer Avenue","oneway":false,"reversed":"True","length":88.30031222777399,"ref":"","tunnel":"","bridge":"","width":"","access":"","junction":""},"geometry":{"type":"LineString","coordinates":[[-75.6892883,45.3934712],[-75.6893588,45.3934422],[-75.6902641,45.3930699]]}},{"type":"Feature","properties":{"u":901061692,"v":901060694,"key":0,"osmid":"76421436","highway":"residential","lanes":"2","maxspeed":"30","name":"Aylmer Avenue","oneway":false,"reversed":"False","length":92.60183872981833,"ref":"","tunnel":"","bridge":"","width":"","access":"","junction":""},"geometry":{"type":"LineString","coordinates":[[-75.6892883,45.3934712],[-75.6892203,45.3934992],[-75.6882655,45.3938927]]}},{"type":"Feature","properties":{"u":901061692,"v":901052164,"key":0,"osmid":"76421721","highway":"residential","lanes":"2","maxspeed":"30","name":"L\u00e9onard Avenue","oneway":false,"reversed":"False","length":97.7655470804163,"ref":"","tunnel":"","bridge":"","width":"","access":"","junction":""},"geometry":{"type":"LineString","coordinates":[[-75.6892883,45.3934712],[-75.689334,45.393527],[-75.6896643,45.3939296],[-75.6898249,45.3941432],[-75.6898342,45.3941555],[-75.6898977,45.3942391]]}},{"type":"Feature","properties":{"u":901061912,"v":901053754,"key":0,"osmid":"76418982","highway":"residential","lanes":"2","maxspeed":"30","name":"Aylmer Avenue","oneway":false,"reversed":"False","length":66.95035186441442,"ref":"","tunnel":"","bridge":"","width":"","access":"","junction":""},"geometry":{"type":"LineString","coordinates":[[-75.6910046,45.3927664],[-75.6909415,45.3927923],[-75.6908996,45.3928095],[-75.6902641,45.3930699]]}},{"type":"Feature","properties":{"u":901061912,"v":901052370,"key":0,"osmid":"76419297","highway":"residential","lanes":"2","maxspeed":"30","name":"Seneca Street","oneway":false,"reversed":"False","length":37.65883877600984,"ref":"","tunnel":"","bridge":"","width":"","access":"","junction":""},"geometry":{"type":"LineString","coordinates":[[-75.6910046,45.3927664],[-75.6910496,45.3928205],[-75.6910679,45.3928425],[-75.6912477,45.3930589]]}},{"type":"Feature","properties":{"u":901061912,"v":901052136,"key":0,"osmid":"76419389","highway":"residential","lanes":"2","maxspeed":"30","name":"Aylmer Avenue","oneway":false,"reversed":"True","length":113.45722781727459,"ref":"","tunnel":"","bridge":"","width":"","access":"","junction":""},"geometry":{"type":"LineString","coordinates":[[-75.6910046,45.3927664],[-75.6910815,45.3927345],[-75.6911226,45.3927175],[-75.6922554,45.3922472]]}},{"type":"Feature","properties":{"u":901061912,"v":901065619,"key":0,"osmid":[76420232,76422996],"highway":"residential","lanes":"2","maxspeed":"30","name":"Seneca Street","oneway":false,"reversed":"True","length":76.1898779023541,"ref":"","tunnel":"","bridge":"","width":"","access":"","junction":""},"geometry":{"type":"LineString","coordinates":[[-75.6910046,45.3927664],[-75.6909574,45.3927081],[-75.6909369,45.3926827],[-75.6907582,45.3924617],[-75.6905985,45.3922678],[-75.6905195,45.3921719]]}},{"type":"Feature","properties":{"u":901062346,"v":905117603,"key":0,"osmid":"76843181","highway":"primary_link","lanes":"1","maxspeed":"","name":"","oneway":true,"reversed":"False","length":27.402516251882066,"ref":"","tunnel":"","bridge":"","width":"","access":"","junction":""},"geometry":{"type":"LineString","coordinates":[[-75.6949076,45.3927665],[-75.6949993,45.3927366],[-75.6952266,45.3926638]]}},{"type":"Feature","properties":{"u":901062346,"v":905116641,"key":0,"osmid":"456557737","highway":"residential","lanes":"2","maxspeed":"30","name":"Canal Woods Terrace","oneway":false,"reversed":"True","length":6.987658852398699,"ref":"","tunnel":"","bridge":"","width":"","access":"","junction":""},"geometry":{"type":"LineString","coordinates":[[-75.6949076,45.3927665],[-75.6948946,45.3927444],[-75.6948735,45.3927084]]}},{"type":"Feature","properties":{"u":901062346,"v":905117646,"key":0,"osmid":"456557743","highway":"residential","lanes":"2","maxspeed":"30","name":"Canal Woods Terrace","oneway":false,"reversed":"False","length":25.22255809420291,"ref":"","tunnel":"","bridge":"","width":"","access":"","junction":""},"geometry":{"type":"LineString","coordinates":[[-75.6949076,45.3927665],[-75.6949284,45.3928021],[-75.6949433,45.3928276],[-75.6949698,45.3928728],[-75.6950304,45.3929763]]}},{"type":"Feature","properties":{"u":901062411,"v":901067113,"key":0,"osmid":"76421029","highway":"tertiary","lanes":"2","maxspeed":"30","name":"Sunnyside Avenue","oneway":false,"reversed":"True","length":241.47247444699883,"ref":"","tunnel":"","bridge":"","width":"","access":"","junction":""},"geometry":{"type":"LineString","coordinates":[[-75.6899826,45.3915279],[-75.6900685,45.3914913],[-75.6901502,45.3914576],[-75.690838,45.3911646],[-75.6912928,45.3910133],[-75.6922763,45.3906073],[-75.6924817,45.3905209],[-75.6925303,45.3905005],[-75.6926567,45.3904406]]}},{"type":"Feature","properties":{"u":901062411,"v":901065619,"key":0,"osmid":[76420328,76421030],"highway":"residential","lanes":"2","maxspeed":"30","name":"Seneca Street","oneway":false,"reversed":"False","length":82.98160126862246,"ref":"","tunnel":"","bridge":"","width":"","access":"","junction":""},"geometry":{"type":"LineString","coordinates":[[-75.6899826,45.3915279],[-75.6900464,45.3916017],[-75.6902656,45.3918637],[-75.6904804,45.3921244],[-75.6905195,45.3921719]]}},{"type":"Feature","properties":{"u":901062411,"v":901062808,"key":0,"osmid":"76421698","highway":"tertiary","lanes":"2","maxspeed":"30","name":"Sunnyside Avenue","oneway":false,"reversed":"False","length":67.54668349441702,"ref":"","tunnel":"","bridge":"","width":"","access":"","junction":""},"geometry":{"type":"LineString","coordinates":[[-75.6899826,45.3915279],[-75.6899015,45.3915594],[-75.6898595,45.3915757],[-75.6893273,45.3917952],[-75.6892349,45.3918333]]}},{"type":"Feature","properties":{"u":901062411,"v":901054889,"key":0,"osmid":"76423036","highway":"residential","lanes":"2","maxspeed":"30","name":"Seneca Street","oneway":false,"reversed":"True","length":77.76995122028532,"ref":"","tunnel":"","bridge":"","width":"","access":"","junction":""},"geometry":{"type":"LineString","coordinates":[[-75.6899826,45.3915279],[-75.6899402,45.3914724],[-75.6894867,45.3909214]]}},{"type":"Feature","properties":{"u":901062808,"v":901062411,"key":0,"osmid":"76421698","highway":"tertiary","lanes":"2","maxspeed":"30","name":"Sunnyside Avenue","oneway":false,"reversed":"True","length":67.54668349441702,"ref":"","tunnel":"","bridge":"","width":"","access":"","junction":""},"geometry":{"type":"LineString","coordinates":[[-75.6892349,45.3918333],[-75.6893273,45.3917952],[-75.6898595,45.3915757],[-75.6899015,45.3915594],[-75.6899826,45.3915279]]}},{"type":"Feature","properties":{"u":901062808,"v":901053754,"key":0,"osmid":[76420130,76422035],"highway":"residential","lanes":"2","maxspeed":"30","name":"Roslyn Avenue","oneway":false,"reversed":"False","length":159.3051223037662,"ref":"","tunnel":"","bridge":"","width":"","access":"","junction":""},"geometry":{"type":"LineString","coordinates":[[-75.6892349,45.3918333],[-75.6892911,45.3918975],[-75.6893115,45.3919204],[-75.6895275,45.3921655],[-75.6896869,45.3923459],[-75.6902029,45.3929932],[-75.6902239,45.3930195],[-75.6902641,45.3930699]]}},{"type":"Feature","properties":{"u":901062808,"v":901065624,"key":0,"osmid":"76422650","highway":"tertiary","lanes":"2","maxspeed":"30","name":"Sunnyside Avenue","oneway":false,"reversed":"False","length":88.50244989900524,"ref":"","tunnel":"","bridge":"","width":"","access":"","junction":""},"geometry":{"type":"LineString","coordinates":[[-75.6892349,45.3918333],[-75.6891724,45.3918592],[-75.6883887,45.3921853],[-75.6883537,45.3921991],[-75.688258,45.3922368]]}},{"type":"Feature","properties":{"u":901063167,"v":1435066119,"key":0,"osmid":"436784653","highway":"primary","lanes":"4","maxspeed":"60","name":"Bronson Avenue","oneway":true,"reversed":"False","length":8.851176399233598,"ref":"79","tunnel":"","bridge":"","width":"","access":"","junction":""},"geometry":{"type":"LineString","coordinates":[[-75.6937182,45.3899373],[-75.6937719,45.3900074]]}},{"type":"Feature","properties":{"u":901063167,"v":901070152,"key":0,"osmid":"76422139","highway":"tertiary","lanes":"1","maxspeed":"40","name":"Sunnyside Avenue","oneway":true,"reversed":"False","length":37.57350100088004,"ref":"","tunnel":"","bridge":"","width":"","access":"","junction":""},"geometry":{"type":"LineString","coordinates":[[-75.6937182,45.3899373],[-75.693583,45.3899944],[-75.6935308,45.3900157],[-75.6933212,45.3901011],[-75.6933033,45.3901084]]}},{"type":"Feature","properties":{"u":901063545,"v":1435493430,"key":0,"osmid":"130293862","highway":"residential","lanes":"1","maxspeed":"30","name":"Canal Woods Terrace","oneway":true,"reversed":"False","length":8.846717388649743,"ref":"","tunnel":"","bridge":"","width":"","access":"","junction":""},"geometry":{"type":"LineString","coordinates":[[-75.6952456,45.3938336],[-75.6952935,45.3937615]]}},{"type":"Feature","properties":{"u":901063545,"v":901052344,"key":0,"osmid":[76419675,623151015],"highway":"secondary","lanes":["1","2"],"maxspeed":"40","name":"Colonel By Drive","oneway":true,"reversed":"False","length":200.13860183073797,"ref":"","tunnel":"","bridge":"","width":"","access":"","junction":""},"geometry":{"type":"LineString","coordinates":[[-75.6952456,45.3938336],[-75.6954444,45.3938402],[-75.6955704,45.3938427],[-75.6956802,45.3938421],[-75.6957888,45.3938355],[-75.6958794,45.3938261],[-75.69601,45.3938115],[-75.6961501,45.3937836],[-75.6962927,45.3937502],[-75.6963992,45.3937225],[-75.6965053,45.3936869],[-75.6966079,45.3936529],[-75.6967235,45.3936067],[-75.6968344,45.3935598],[-75.6969463,45.3935035],[-75.6971284,45.3933905],[-75.6975039,45.3931464]]}},{"type":"Feature","properties":{"u":901063580,"v":1435832249,"key":0,"osmid":"600025673","highway":"tertiary","lanes":"4","maxspeed":"30","name":"University Drive","oneway":false,"reversed":"True","length":34.33755381905565,"ref":"","tunnel":"","bridge":"","width":"","access":"","junction":""},"geometry":{"type":"LineString","coordinates":[[-75.7004525,45.3792575],[-75.7007457,45.3790274]]}},{"type":"Feature","properties":{"u":901063580,"v":5157889159,"key":0,"osmid":[463644772,538113725,264387278,130335831],"highway":"tertiary","lanes":"2","maxspeed":"30","name":"University Drive","oneway":false,"reversed":"False","length":516.4543844982617,"ref":"","tunnel":"building_passage","bridge":"","width":"","access":"","junction":""},"geometry":{"type":"LineString","coordinates":[[-75.7004525,45.3792575],[-75.6994772,45.3799687],[-75.6993726,45.3800531],[-75.6992897,45.3801152],[-75.6989942,45.3803423],[-75.6988899,45.3804276],[-75.6988725,45.3804403],[-75.6985303,45.3806901],[-75.69809,45.3810134],[-75.6977303,45.3812829],[-75.6976351,45.3813482],[-75.6975484,45.3814056],[-75.6974384,45.38147],[-75.6973543,45.3815169],[-75.6972603,45.3815657],[-75.6971626,45.3816165],[-75.6970674,45.381661],[-75.6970233,45.3816881],[-75.6969845,45.3817202],[-75.696969,45.3817341],[-75.6967165,45.3819965],[-75.69666,45.3820386],[-75.6965793,45.3820823],[-75.6965162,45.382116],[-75.6964533,45.3821496],[-75.6964435,45.3821554],[-75.6964357,45.38216],[-75.6959728,45.3823898],[-75.6959058,45.3824238],[-75.6958825,45.3824349],[-75.6958533,45.3824434],[-75.6958162,45.3824557],[-75.6957408,45.3824755]]}},{"type":"Feature","properties":{"u":901063580,"v":9900131001,"key":0,"osmid":[463836610,587750051,600025672,301043954,301043956,374618933,76422398],"highway":"tertiary","lanes":"2","maxspeed":"40","name":"Library Road","oneway":false,"reversed":"True","length":240.86227545144752,"ref":"","tunnel":"","bridge":"","width":"","access":"","junction":""},"geometry":{"type":"LineString","coordinates":[[-75.7004525,45.3792575],[-75.7005234,45.3793127],[-75.7005385,45.379333],[-75.700618,45.3794404],[-75.7006719,45.3795236],[-75.7007043,45.3795827],[-75.7007406,45.3796457],[-75.7007817,45.379734],[-75.7008124,45.379805],[-75.7008347,45.3798709],[-75.7008652,45.37995],[-75.7008815,45.3800092],[-75.7009031,45.3800984],[-75.7009213,45.3801952],[-75.7009287,45.3802493],[-75.7009399,45.3803298],[-75.7009495,45.3804562],[-75.7009507,45.3805521],[-75.7009505,45.380628],[-75.7009418,45.3807053],[-75.7009291,45.3807782],[-75.7009102,45.3808644],[-75.7008885,45.3809402],[-75.7008608,45.3810149],[-75.7008301,45.3810826],[-75.7008017,45.3811443],[-75.700761,45.3812085],[-75.7006879,45.3813098]]}},{"type":"Feature","properties":{"u":9900131001,"v":901068481,"key":1,"osmid":[463836610,587750051,600025672,301043954,301043956,374618933,76422398],"highway":"tertiary","lanes":"2","maxspeed":"40","name":"Library Road","oneway":false,"reversed":"True","length":685.3289400001119,"ref":"","tunnel":"","bridge":"","width":"","access":"","junction":""},"geometry":{"type":"LineString","coordinates":[[-75.7006879,45.3813098],[-75.7004133,45.381701],[-75.7001954,45.3819935],[-75.7000194,45.3822335],[-75.6999181,45.3823682],[-75.6997208,45.3826242],[-75.6996259,45.3827473],[-75.6991801,45.3833258],[-75.6991193,45.3834059],[-75.6990817,45.3834682],[-75.6990446,45.3835382],[-75.6990175,45.3836018],[-75.6989928,45.3836661],[-75.6989858,45.3836893],[-75.6989725,45.3837334],[-75.6989656,45.3837571],[-75.6989617,45.3837831],[-75.6989342,45.383908],[-75.6989259,45.3839942],[-75.6989202,45.3841027],[-75.698917,45.3841425],[-75.6988983,45.3842721],[-75.6988857,45.3843726],[-75.6988478,45.3847167],[-75.6988198,45.3849819],[-75.6988172,45.3850066],[-75.6988036,45.3850657],[-75.6987832,45.3851112],[-75.698759,45.3851551],[-75.6987283,45.3851999],[-75.698702,45.3852383],[-75.6986723,45.3852735],[-75.6986485,45.3852963],[-75.6986049,45.3853328],[-75.6985483,45.385375],[-75.6984903,45.385408],[-75.6984194,45.385445],[-75.698345,45.3854735],[-75.6982636,45.3854955],[-75.6981817,45.3855115],[-75.6981139,45.3855199],[-75.6980426,45.3855251],[-75.6979683,45.3855265],[-75.6977069,45.3855337],[-75.6975308,45.3855268],[-75.6965464,45.3855223],[-75.6964649,45.3855232],[-75.6963748,45.3855219]]}},{"type":"Feature","properties":{"u":901063900,"v":901069328,"key":0,"osmid":"432365101","highway":"residential","lanes":"2","maxspeed":"","name":"Brewer Way","oneway":false,"reversed":"True","length":15.389654938474628,"ref":"","tunnel":"","bridge":"","width":"","access":"","junction":""},"geometry":{"type":"LineString","coordinates":[[-75.6914227,45.3869999],[-75.6915963,45.3869344]]}},{"type":"Feature","properties":{"u":901063900,"v":901063167,"key":0,"osmid":[490908992,1328264313,305214700,432365103],"highway":"primary","lanes":["4","3"],"maxspeed":"60","name":"Bronson Avenue","oneway":true,"reversed":"False","length":372.6016199748045,"ref":"79","tunnel":"","bridge":"","width":"","access":"","junction":""},"geometry":{"type":"LineString","coordinates":[[-75.6914227,45.3869999],[-75.691479,45.3870726],[-75.6917354,45.3874046],[-75.6917726,45.387454],[-75.6921674,45.3879791],[-75.6926374,45.3885777],[-75.692828,45.3888175],[-75.6930316,45.38907],[-75.693124,45.3891891],[-75.6933346,45.3894604],[-75.6935214,45.3896913],[-75.6936441,45.389843],[-75.693676,45.3898836],[-75.6937182,45.3899373]]}},{"type":"Feature","properties":{"u":901063900,"v":901064831,"key":0,"osmid":[638848922,76421007],"highway":"unclassified","lanes":"2","maxspeed":"","name":"Brewer Way","oneway":false,"reversed":"False","length":415.41941575486476,"ref":"","tunnel":"","bridge":"","width":"","access":"","junction":""},"geometry":{"type":"LineString","coordinates":[[-75.6914227,45.3869999],[-75.6913254,45.3870381],[-75.6910064,45.3871656],[-75.6907824,45.3872579],[-75.6906724,45.387305],[-75.6905709,45.3873651],[-75.690529,45.387435],[-75.6905468,45.3875012],[-75.6906354,45.3876198],[-75.6906977,45.3877065],[-75.690584,45.387753],[-75.690231,45.387911],[-75.690183,45.387983],[-75.690197,45.388051],[-75.6902345,45.3881088],[-75.6903471,45.3882614],[-75.6903661,45.3882871],[-75.6910059,45.3891297],[-75.6910394,45.3891689],[-75.6911384,45.3892848],[-75.6912017,45.389359],[-75.691359,45.3895466],[-75.6914059,45.3896025],[-75.6915586,45.3897679],[-75.691667,45.389907]]}},{"type":"Feature","properties":{"u":901064345,"v":940951688,"key":0,"osmid":"435296019","highway":"primary","lanes":"4","maxspeed":"60","name":"Heron Road","oneway":true,"reversed":"False","length":41.2155493771674,"ref":"16","tunnel":"","bridge":"","width":"","access":"","junction":""},"geometry":{"type":"LineString","coordinates":[[-75.6893113,45.3769188],[-75.6887868,45.3769594]]}},{"type":"Feature","properties":{"u":901064345,"v":5710064748,"key":0,"osmid":"83749649","highway":"unclassified","lanes":"1","maxspeed":"","name":"","oneway":true,"reversed":"False","length":48.59761765391922,"ref":"","tunnel":"","bridge":"","width":"","access":"","junction":""},"geometry":{"type":"LineString","coordinates":[[-75.6893113,45.3769188],[-75.6891948,45.3768088],[-75.6890898,45.3767147],[-75.6889936,45.3766256],[-75.6889342,45.3765712]]}},{"type":"Feature","properties":{"u":901064373,"v":7041068350,"key":0,"osmid":"76843213","highway":"trunk_link","lanes":"1","maxspeed":"","name":"","oneway":true,"reversed":"False","length":65.04603456999939,"ref":"","tunnel":"","bridge":"","width":"","access":"","junction":""},"geometry":{"type":"LineString","coordinates":[[-75.6878531,45.3821144],[-75.6875718,45.3822005],[-75.6874872,45.3822217],[-75.6874151,45.3822304],[-75.6873436,45.3822319],[-75.6872765,45.3822244],[-75.6872099,45.3822092],[-75.6871498,45.3821925],[-75.6870705,45.3821643]]}},{"type":"Feature","properties":{"u":901064373,"v":903995789,"key":0,"osmid":"600507747","highway":"primary","lanes":"2","maxspeed":"60","name":"Riverside Drive","oneway":true,"reversed":"False","length":52.4399021036093,"ref":"19","tunnel":"","bridge":"","width":"","access":"","junction":""},"geometry":{"type":"LineString","coordinates":[[-75.6878531,45.3821144],[-75.6877394,45.3821803],[-75.6873312,45.3824111]]}},{"type":"Feature","properties":{"u":901064831,"v":901063900,"key":0,"osmid":[638848922,76421007],"highway":"unclassified","lanes":"2","maxspeed":"","name":"Brewer Way","oneway":false,"reversed":"True","length":415.41941575486476,"ref":"","tunnel":"","bridge":"","width":"","access":"","junction":""},"geometry":{"type":"LineString","coordinates":[[-75.691667,45.389907],[-75.6915586,45.3897679],[-75.6914059,45.3896025],[-75.691359,45.3895466],[-75.6912017,45.389359],[-75.6911384,45.3892848],[-75.6910394,45.3891689],[-75.6910059,45.3891297],[-75.6903661,45.3882871],[-75.6903471,45.3882614],[-75.6902345,45.3881088],[-75.690197,45.388051],[-75.690183,45.387983],[-75.690231,45.387911],[-75.690584,45.387753],[-75.6906977,45.3877065],[-75.6906354,45.3876198],[-75.6905468,45.3875012],[-75.690529,45.387435],[-75.6905709,45.3873651],[-75.6906724,45.387305],[-75.6907824,45.3872579],[-75.6910064,45.3871656],[-75.6913254,45.3870381],[-75.6914227,45.3869999]]}},{"type":"Feature","properties":{"u":901064979,"v":901054215,"key":0,"osmid":"76419125","highway":"residential","lanes":"1","maxspeed":"30","name":"Canal Woods Terrace","oneway":true,"reversed":"False","length":32.33930866343385,"ref":"","tunnel":"","bridge":"","width":"","access":"","junction":""},"geometry":{"type":"LineString","coordinates":[[-75.6952258,45.3934693],[-75.695226,45.3934975],[-75.6952289,45.3935388],[-75.6952176,45.3936613],[-75.6952158,45.3936765],[-75.6952135,45.3936944],[-75.6952062,45.3937595]]}},{"type":"Feature","properties":{"u":901064979,"v":901055005,"key":0,"osmid":"76420673","highway":"residential","lanes":"2","maxspeed":"30","name":"Fulton Avenue","oneway":false,"reversed":"True","length":256.0080887601575,"ref":"","tunnel":"","bridge":"","width":"","access":"","junction":""},"geometry":{"type":"LineString","coordinates":[[-75.6952258,45.3934693],[-75.6951601,45.393467],[-75.6951141,45.393465],[-75.6947423,45.3934486],[-75.6947114,45.3934463],[-75.6946453,45.3934416],[-75.6946102,45.3934333],[-75.6945857,45.393421],[-75.6945592,45.3933969],[-75.6933275,45.3918921],[-75.6933052,45.3918648],[-75.6932704,45.3918224]]}},{"type":"Feature","properties":{"u":901065248,"v":905110195,"key":0,"osmid":"76842008","highway":"primary_link","lanes":"1","maxspeed":"","name":"","oneway":true,"reversed":"False","length":98.13885739148736,"ref":"","tunnel":"","bridge":"","width":"","access":"","junction":""},"geometry":{"type":"LineString","coordinates":[[-75.692421,45.3767049],[-75.6919741,45.3766262],[-75.6918855,45.3766102],[-75.6918062,45.376587],[-75.6917375,45.376564],[-75.691707,45.3765416],[-75.6916514,45.3764965],[-75.6916245,45.3764708],[-75.6916,45.376443],[-75.6915769,45.3764105],[-75.691556,45.3763791],[-75.6914675,45.3762375]]}},{"type":"Feature","properties":{"u":901065248,"v":901069603,"key":0,"osmid":"456377578","highway":"primary","lanes":"3","maxspeed":"60","name":"Heron Road","oneway":true,"reversed":"False","length":69.14043655782817,"ref":"16","tunnel":"","bridge":"","width":"","access":"","junction":""},"geometry":{"type":"LineString","coordinates":[[-75.692421,45.3767049],[-75.691957,45.3767353],[-75.691655,45.376758],[-75.6915402,45.3767666]]}},{"type":"Feature","properties":{"u":901065619,"v":901062411,"key":0,"osmid":[76420328,76421030],"highway":"residential","lanes":"2","maxspeed":"30","name":"Seneca Street","oneway":false,"reversed":"True","length":82.98160126862247,"ref":"","tunnel":"","bridge":"","width":"","access":"","junction":""},"geometry":{"type":"LineString","coordinates":[[-75.6905195,45.3921719],[-75.6904804,45.3921244],[-75.6902656,45.3918637],[-75.6900464,45.3916017],[-75.6899826,45.3915279]]}},{"type":"Feature","properties":{"u":901065619,"v":901065825,"key":0,"osmid":"76420639","highway":"residential","lanes":"2","maxspeed":"30","name":"Pansy Avenue","oneway":false,"reversed":"True","length":113.06552168142935,"ref":"","tunnel":"","bridge":"","width":"","access":"","junction":""},"geometry":{"type":"LineString","coordinates":[[-75.6905195,45.3921719],[-75.6905904,45.3921446],[-75.6906258,45.3921309],[-75.6916748,45.391709],[-75.6917047,45.391697],[-75.6917776,45.3916686]]}},{"type":"Feature","properties":{"u":901065619,"v":901061912,"key":0,"osmid":[76420232,76422996],"highway":"residential","lanes":"2","maxspeed":"30","name":"Seneca Street","oneway":false,"reversed":"False","length":76.1898779023541,"ref":"","tunnel":"","bridge":"","width":"","access":"","junction":""},"geometry":{"type":"LineString","coordinates":[[-75.6905195,45.3921719],[-75.6905985,45.3922678],[-75.6907582,45.3924617],[-75.6909369,45.3926827],[-75.6909574,45.3927081],[-75.6910046,45.3927664]]}},{"type":"Feature","properties":{"u":901065624,"v":901061692,"key":0,"osmid":[76419698,76419930],"highway":"residential","lanes":"2","maxspeed":"30","name":"L\u00e9onard Avenue","oneway":false,"reversed":"False","length":159.10116065947147,"ref":"","tunnel":"","bridge":"","width":"","access":"","junction":""},"geometry":{"type":"LineString","coordinates":[[-75.688258,45.3922368],[-75.6883175,45.3923062],[-75.6883353,45.3923269],[-75.6885355,45.3925711],[-75.689243,45.3934171],[-75.6892883,45.3934712]]}},{"type":"Feature","properties":{"u":901065624,"v":901052403,"key":0,"osmid":"76421223","highway":"residential","lanes":"2","maxspeed":"30","name":"L\u00e9onard Avenue","oneway":false,"reversed":"True","length":79.63470292909263,"ref":"","tunnel":"","bridge":"","width":"","access":"","junction":""},"geometry":{"type":"LineString","coordinates":[[-75.688258,45.3922368],[-75.6882188,45.3921847],[-75.6881976,45.3921565],[-75.6878266,45.3916631],[-75.6877818,45.3916035]]}},{"type":"Feature","properties":{"u":901065624,"v":901062808,"key":0,"osmid":"76422650","highway":"tertiary","lanes":"2","maxspeed":"30","name":"Sunnyside Avenue","oneway":false,"reversed":"True","length":88.50244989900524,"ref":"","tunnel":"","bridge":"","width":"","access":"","junction":""},"geometry":{"type":"LineString","coordinates":[[-75.688258,45.3922368],[-75.6883537,45.3921991],[-75.6883887,45.3921853],[-75.6891724,45.3918592],[-75.6892349,45.3918333]]}},{"type":"Feature","properties":{"u":901065624,"v":903985310,"key":0,"osmid":"76729176","highway":"tertiary","lanes":"2","maxspeed":"30","name":"Sunnyside Avenue","oneway":false,"reversed":"False","length":92.44057064977851,"ref":"","tunnel":"","bridge":"","width":"","access":"","junction":""},"geometry":{"type":"LineString","coordinates":[[-75.688258,45.3922368],[-75.6881959,45.3922627],[-75.6881644,45.3922758],[-75.6873209,45.3926397],[-75.6872484,45.3926709]]}},{"type":"Feature","properties":{"u":901065633,"v":901053436,"key":0,"osmid":"76420365","highway":"secondary","lanes":"2","maxspeed":"40","name":"Colonel By Drive","oneway":false,"reversed":"False","length":118.33624023072397,"ref":"","tunnel":"","bridge":"","width":"","access":"","junction":""},"geometry":{"type":"LineString","coordinates":[[-75.6932659,45.3936971],[-75.6930867,45.3936922],[-75.6928702,45.3936934],[-75.6924286,45.3937076],[-75.6917565,45.393768]]}},{"type":"Feature","properties":{"u":901065633,"v":901063545,"key":0,"osmid":"623151006","highway":"secondary","lanes":"2","maxspeed":"40","name":"Colonel By Drive","oneway":true,"reversed":"False","length":155.38054678024847,"ref":"","tunnel":"","bridge":"","width":"","access":"","junction":""},"geometry":{"type":"LineString","coordinates":[[-75.6932659,45.3936971],[-75.6937213,45.3937368],[-75.6938794,45.3937509],[-75.6940104,45.3937631],[-75.6942037,45.3937799],[-75.6944508,45.3937939],[-75.6946612,45.3938042],[-75.6948165,45.3938117],[-75.6949784,45.3938203],[-75.6952456,45.3938336]]}},{"type":"Feature","properties":{"u":901065692,"v":901067938,"key":0,"osmid":"76421478","highway":"residential","lanes":"2","maxspeed":"30","name":"Seneca Street","oneway":false,"reversed":"False","length":67.40599253789404,"ref":"","tunnel":"","bridge":"","width":"","access":"","junction":""},"geometry":{"type":"LineString","coordinates":[[-75.6880263,45.3891824],[-75.6880711,45.389234],[-75.6884428,45.389662],[-75.6884726,45.3897012]]}},{"type":"Feature","properties":{"u":901065692,"v":901069020,"key":0,"osmid":"76422346","highway":"residential","lanes":"2","maxspeed":"30","name":"Seneca Street","oneway":false,"reversed":"True","length":70.25578417485981,"ref":"","tunnel":"","bridge":"","width":"","access":"","junction":""},"geometry":{"type":"LineString","coordinates":[[-75.6880263,45.3891824],[-75.6879917,45.3891384],[-75.6876801,45.3887511],[-75.6876148,45.3886752],[-75.6875989,45.3886567],[-75.6875932,45.3886501],[-75.6875794,45.3886341]]}},{"type":"Feature","properties":{"u":901065825,"v":901060074,"key":0,"osmid":"76422360","highway":"residential","lanes":"2","maxspeed":"30","name":"Carlyle Avenue","oneway":false,"reversed":"True","length":40.667838455212774,"ref":"","tunnel":"","bridge":"","width":"","access":"","junction":""},"geometry":{"type":"LineString","coordinates":[[-75.6917776,45.3916686],[-75.6915211,45.3913503]]}},{"type":"Feature","properties":{"u":901065825,"v":901065619,"key":0,"osmid":"76420639","highway":"residential","lanes":"2","maxspeed":"30","name":"Pansy Avenue","oneway":false,"reversed":"False","length":113.06552168142935,"ref":"","tunnel":"","bridge":"","width":"","access":"","junction":""},"geometry":{"type":"LineString","coordinates":[[-75.6917776,45.3916686],[-75.6917047,45.391697],[-75.6916748,45.391709],[-75.6906258,45.3921309],[-75.6905904,45.3921446],[-75.6905195,45.3921719]]}},{"type":"Feature","properties":{"u":901065825,"v":901052136,"key":0,"osmid":[76423249,76422070],"highway":"residential","lanes":"2","maxspeed":"30","name":"Carlyle Avenue","oneway":false,"reversed":"False","length":74.39049125095653,"ref":"","tunnel":"","bridge":"","width":"","access":"","junction":""},"geometry":{"type":"LineString","coordinates":[[-75.6917776,45.3916686],[-75.6918442,45.3917535],[-75.6920049,45.3919583],[-75.692185,45.392166],[-75.6922114,45.3921964],[-75.6922554,45.3922472]]}},{"type":"Feature","properties":{"u":901066222,"v":901070028,"key":0,"osmid":"76421132","highway":"residential","lanes":"2","maxspeed":"30","name":"Sloan Avenue","oneway":false,"reversed":"False","length":30.628957498777396,"ref":"","tunnel":"","bridge":"","width":"","access":"","junction":""},"geometry":{"type":"LineString","coordinates":[[-75.6928747,45.3895365],[-75.6930594,45.3897795]]}},{"type":"Feature","properties":{"u":901066222,"v":901054889,"key":0,"osmid":[76421107,76422317],"highway":"residential","lanes":"2","maxspeed":"30","name":"Hopewell Avenue","oneway":false,"reversed":"False","length":306.18848428742945,"ref":"","tunnel":"","bridge":"","width":"","access":"","junction":""},"geometry":{"type":"LineString","coordinates":[[-75.6928747,45.3895365],[-75.6917386,45.3899758],[-75.6903127,45.3905596],[-75.6902705,45.390579],[-75.6895723,45.3908836],[-75.689556,45.3908916],[-75.6894867,45.3909214]]}},{"type":"Feature","properties":{"u":901066222,"v":5316483277,"key":0,"osmid":"76421234","highway":"residential","lanes":"2","maxspeed":"30","name":"Sloan Avenue","oneway":false,"reversed":"True","length":215.9806539828871,"ref":"","tunnel":"","bridge":"","width":"","access":"","junction":""},"geometry":{"type":"LineString","coordinates":[[-75.6928747,45.3895365],[-75.6922687,45.3886735],[-75.6920305,45.388357],[-75.6918382,45.3882279],[-75.6913968,45.3879223]]}},{"type":"Feature","properties":{"u":901066474,"v":905109626,"key":0,"osmid":"600507750","highway":"primary","lanes":"5","maxspeed":"60","name":"Heron Road","oneway":true,"reversed":"False","length":62.22491888014297,"ref":"16","tunnel":"","bridge":"","width":"","access":"","junction":""},"geometry":{"type":"LineString","coordinates":[[-75.6895148,45.3770538],[-75.6895926,45.377048],[-75.690307,45.3769947]]}},{"type":"Feature","properties":{"u":901066647,"v":901068203,"key":0,"osmid":"188954426","highway":"primary","lanes":"4","maxspeed":"60","name":"Riverside Drive","oneway":true,"reversed":"False","length":15.002512197323178,"ref":"19","tunnel":"","bridge":"","width":"","access":"","junction":""},"geometry":{"type":"LineString","coordinates":[[-75.6913731,45.3767792],[-75.6913955,45.3769132]]}},{"type":"Feature","properties":{"u":901066647,"v":901067360,"key":0,"osmid":"288832979","highway":"primary","lanes":"4","maxspeed":"60","name":"Heron Road","oneway":true,"reversed":"False","length":34.06711340386707,"ref":"16","tunnel":"","bridge":"","width":"","access":"","junction":""},"geometry":{"type":"LineString","coordinates":[[-75.6913731,45.3767792],[-75.6912511,45.3767874],[-75.6909391,45.3768096]]}},{"type":"Feature","properties":{"u":901066916,"v":901067938,"key":0,"osmid":"76421166","highway":"residential","lanes":"2","maxspeed":"30","name":"Seneca Street","oneway":false,"reversed":"True","length":77.9867744713913,"ref":"","tunnel":"","bridge":"","width":"","access":"","junction":""},"geometry":{"type":"LineString","coordinates":[[-75.6889753,45.3903072],[-75.6889337,45.3902548],[-75.6889144,45.3902306],[-75.6884726,45.3897012]]}},{"type":"Feature","properties":{"u":901066916,"v":901067938,"key":1,"osmid":[76421561,76422515],"highway":"residential","lanes":"2","maxspeed":"30","name":["Glen Avenue","Grove Avenue"],"oneway":false,"reversed":"False","length":304.8595776681515,"ref":"","tunnel":"","bridge":"","width":"","access":"","junction":""},"geometry":{"type":"LineString","coordinates":[[-75.6889753,45.3903072],[-75.689045,45.3902765],[-75.690198,45.3897887],[-75.6902136,45.3897583],[-75.6902114,45.389723],[-75.6901938,45.389693],[-75.6900064,45.389463],[-75.689865,45.3892907],[-75.6898426,45.3892634],[-75.6897846,45.3892009],[-75.6897533,45.3891894],[-75.6897273,45.3891826],[-75.6896978,45.3891853],[-75.689657,45.3892016],[-75.6893295,45.3893439],[-75.6885728,45.3896566],[-75.6885333,45.3896741],[-75.6884726,45.3897012]]}},{"type":"Feature","properties":{"u":901066916,"v":901054889,"key":0,"osmid":[76422240,76420892],"highway":"residential","lanes":"2","maxspeed":"30","name":"Seneca Street","oneway":false,"reversed":"False","length":79.11582429263959,"ref":"","tunnel":"","bridge":"","width":"","access":"","junction":""},"geometry":{"type":"LineString","coordinates":[[-75.6889753,45.3903072],[-75.6890128,45.3903516],[-75.6890293,45.3903711],[-75.6890409,45.3903849],[-75.6892048,45.390579],[-75.6894867,45.3909214]]}},{"type":"Feature","properties":{"u":901067113,"v":901062411,"key":0,"osmid":"76421029","highway":"tertiary","lanes":"2","maxspeed":"30","name":"Sunnyside Avenue","oneway":false,"reversed":"False","length":241.47247444699883,"ref":"","tunnel":"","bridge":"","width":"","access":"","junction":""},"geometry":{"type":"LineString","coordinates":[[-75.6926567,45.3904406],[-75.6925303,45.3905005],[-75.6924817,45.3905209],[-75.6922763,45.3906073],[-75.6912928,45.3910133],[-75.690838,45.3911646],[-75.6901502,45.3914576],[-75.6900685,45.3914913],[-75.6899826,45.3915279]]}},{"type":"Feature","properties":{"u":901067113,"v":901070028,"key":0,"osmid":"76421194","highway":"residential","lanes":"2","maxspeed":"30","name":"Carraway Private","oneway":false,"reversed":"True","length":107.70979937828297,"ref":"","tunnel":"","bridge":"","width":"","access":"","junction":""},"geometry":{"type":"LineString","coordinates":[[-75.6926567,45.3904406],[-75.692617,45.3903878],[-75.6924616,45.3901811],[-75.6924052,45.3901051],[-75.6924056,45.39006],[-75.692446,45.3900143],[-75.6930084,45.389799],[-75.6930594,45.3897795]]}},{"type":"Feature","properties":{"u":901067113,"v":1435493289,"key":0,"osmid":"130212557","highway":"tertiary","lanes":"2","maxspeed":"30","name":"Sunnyside Avenue","oneway":true,"reversed":"False","length":52.61018809959162,"ref":"","tunnel":"","bridge":"","width":"","access":"","junction":""},"geometry":{"type":"LineString","coordinates":[[-75.6926567,45.3904406],[-75.6930582,45.3902944],[-75.6932271,45.3902262],[-75.6932502,45.3902169]]}},{"type":"Feature","properties":{"u":901067245,"v":901069603,"key":0,"osmid":"188954425","highway":"primary","lanes":"2","maxspeed":"60","name":"Riverside Drive","oneway":true,"reversed":"False","length":15.207384640812451,"ref":"19","tunnel":"","bridge":"","width":"","access":"","junction":""},"geometry":{"type":"LineString","coordinates":[[-75.6915666,45.3769021],[-75.6915402,45.3767666]]}},{"type":"Feature","properties":{"u":901067245,"v":901067682,"key":0,"osmid":"397100322","highway":"primary","lanes":"3","maxspeed":"60","name":"Heron Road","oneway":true,"reversed":"False","length":43.86555878501513,"ref":"16","tunnel":"","bridge":"","width":"","access":"","junction":""},"geometry":{"type":"LineString","coordinates":[[-75.6915666,45.3769021],[-75.6921261,45.376868]]}},{"type":"Feature","properties":{"u":901067360,"v":901064345,"key":0,"osmid":"456377574","highway":"primary","lanes":"4","maxspeed":"60","name":"Heron Road","oneway":true,"reversed":"False","length":127.7225904376588,"ref":"16","tunnel":"","bridge":"","width":"","access":"","junction":""},"geometry":{"type":"LineString","coordinates":[[-75.6909391,45.3768096],[-75.6893113,45.3769188]]}},{"type":"Feature","properties":{"u":901067938,"v":903990717,"key":0,"osmid":"76420956","highway":"residential","lanes":"2","maxspeed":"30","name":"Grove Avenue","oneway":true,"reversed":"False","length":153.085444312214,"ref":"","tunnel":"","bridge":"","width":"","access":"","junction":""},"geometry":{"type":"LineString","coordinates":[[-75.6884726,45.3897012],[-75.6883875,45.3897369],[-75.6881228,45.3898478],[-75.687426,45.3901398],[-75.6867766,45.3903913]]}},{"type":"Feature","properties":{"u":901067938,"v":901066916,"key":0,"osmid":"76421166","highway":"residential","lanes":"2","maxspeed":"30","name":"Seneca Street","oneway":false,"reversed":"False","length":77.9867744713913,"ref":"","tunnel":"","bridge":"","width":"","access":"","junction":""},"geometry":{"type":"LineString","coordinates":[[-75.6884726,45.3897012],[-75.6889144,45.3902306],[-75.6889337,45.3902548],[-75.6889753,45.3903072]]}},{"type":"Feature","properties":{"u":901067938,"v":901066916,"key":1,"osmid":[76421561,76422515],"highway":"residential","lanes":"2","maxspeed":"30","name":["Glen Avenue","Grove Avenue"],"oneway":false,"reversed":"True","length":304.8595776681515,"ref":"","tunnel":"","bridge":"","width":"","access":"","junction":""},"geometry":{"type":"LineString","coordinates":[[-75.6884726,45.3897012],[-75.6885333,45.3896741],[-75.6885728,45.3896566],[-75.6893295,45.3893439],[-75.689657,45.3892016],[-75.6896978,45.3891853],[-75.6897273,45.3891826],[-75.6897533,45.3891894],[-75.6897846,45.3892009],[-75.6898426,45.3892634],[-75.689865,45.3892907],[-75.6900064,45.389463],[-75.6901938,45.389693],[-75.6902114,45.389723],[-75.6902136,45.3897583],[-75.690198,45.3897887],[-75.689045,45.3902765],[-75.6889753,45.3903072]]}},{"type":"Feature","properties":{"u":901067938,"v":901065692,"key":0,"osmid":"76421478","highway":"residential","lanes":"2","maxspeed":"30","name":"Seneca Street","oneway":false,"reversed":"True","length":67.40599253789404,"ref":"","tunnel":"","bridge":"","width":"","access":"","junction":""},"geometry":{"type":"LineString","coordinates":[[-75.6884726,45.3897012],[-75.6884428,45.389662],[-75.6880711,45.389234],[-75.6880263,45.3891824]]}},{"type":"Feature","properties":{"u":901068203,"v":901067245,"key":0,"osmid":"397100321","highway":"primary","lanes":"3","maxspeed":"60","name":"Heron Road","oneway":true,"reversed":"False","length":13.42113146922529,"ref":"16","tunnel":"","bridge":"","width":"","access":"","junction":""},"geometry":{"type":"LineString","coordinates":[[-75.6913955,45.3769132],[-75.6915666,45.3769021]]}},{"type":"Feature","properties":{"u":901068203,"v":905109599,"key":0,"osmid":"456377576","highway":"primary","lanes":"2","maxspeed":"60","name":"Riverside Drive","oneway":true,"reversed":"False","length":47.4236242881521,"ref":"19","tunnel":"","bridge":"","width":"","access":"","junction":""},"geometry":{"type":"LineString","coordinates":[[-75.6913955,45.3769132],[-75.6914158,45.3770438],[-75.6914506,45.3773379]]}},{"type":"Feature","properties":{"u":901068426,"v":901063900,"key":0,"osmid":[76420937,76421025,880435927],"highway":["trunk","primary"],"lanes":"3","maxspeed":["70","60"],"name":"Bronson Avenue","oneway":true,"reversed":"False","length":628.9095257864337,"ref":"79","tunnel":"","bridge":"yes","width":"","access":"","junction":""},"geometry":{"type":"LineString","coordinates":[[-75.6877589,45.3819639],[-75.6892705,45.3841089],[-75.6897313,45.3847343],[-75.6900348,45.3851349],[-75.6902908,45.3854654],[-75.6906659,45.3859955],[-75.6908452,45.3862395],[-75.6910672,45.3865322],[-75.6913755,45.3869375],[-75.6914227,45.3869999]]}},{"type":"Feature","properties":{"u":901068481,"v":9900131001,"key":0,"osmid":[463836610,587750051,600025672,301043954,301043956,374618933,76422398],"highway":"tertiary","lanes":"2","maxspeed":"40","name":"Library Road","oneway":false,"reversed":"False","length":685.3289400001116,"ref":"","tunnel":"","bridge":"","width":"","access":"","junction":""},"geometry":{"type":"LineString","coordinates":[[-75.6963748,45.3855219],[-75.6964649,45.3855232],[-75.6965464,45.3855223],[-75.6975308,45.3855268],[-75.6977069,45.3855337],[-75.6979683,45.3855265],[-75.6980426,45.3855251],[-75.6981139,45.3855199],[-75.6981817,45.3855115],[-75.6982636,45.3854955],[-75.698345,45.3854735],[-75.6984194,45.385445],[-75.6984903,45.385408],[-75.6985483,45.385375],[-75.6986049,45.3853328],[-75.6986485,45.3852963],[-75.6986723,45.3852735],[-75.698702,45.3852383],[-75.6987283,45.3851999],[-75.698759,45.3851551],[-75.6987832,45.3851112],[-75.6988036,45.3850657],[-75.6988172,45.3850066],[-75.6988198,45.3849819],[-75.6988478,45.3847167],[-75.6988857,45.3843726],[-75.6988983,45.3842721],[-75.698917,45.3841425],[-75.6989202,45.3841027],[-75.6989259,45.3839942],[-75.6989342,45.383908],[-75.6989617,45.3837831],[-75.6989656,45.3837571],[-75.6989725,45.3837334],[-75.6989858,45.3836893],[-75.6989928,45.3836661],[-75.6990175,45.3836018],[-75.6990446,45.3835382],[-75.6990817,45.3834682],[-75.6991193,45.3834059],[-75.6991801,45.3833258],[-75.6996259,45.3827473],[-75.6997208,45.3826242],[-75.6999181,45.3823682],[-75.7000194,45.3822335],[-75.7001954,45.3819935],[-75.7004133,45.381701],[-75.7006879,45.3813098]]}},{"type":"Feature","properties":{"u":9900131001,"v":901063580,"key":1,"osmid":[463836610,587750051,600025672,301043954,301043956,374618933,76422398],"highway":"tertiary","lanes":"2","maxspeed":"40","name":"Library Road","oneway":false,"reversed":"False","length":240.86227545144754,"ref":"","tunnel":"","bridge":"","width":"","access":"","junction":""},"geometry":{"type":"LineString","coordinates":[[-75.7006879,45.3813098],[-75.700761,45.3812085],[-75.7008017,45.3811443],[-75.7008301,45.3810826],[-75.7008608,45.3810149],[-75.7008885,45.3809402],[-75.7009102,45.3808644],[-75.7009291,45.3807782],[-75.7009418,45.3807053],[-75.7009505,45.380628],[-75.7009507,45.3805521],[-75.7009495,45.3804562],[-75.7009399,45.3803298],[-75.7009287,45.3802493],[-75.7009213,45.3801952],[-75.7009031,45.3800984],[-75.7008815,45.3800092],[-75.7008652,45.37995],[-75.7008347,45.3798709],[-75.7008124,45.379805],[-75.7007817,45.379734],[-75.7007406,45.3796457],[-75.7007043,45.3795827],[-75.7006719,45.3795236],[-75.700618,45.3794404],[-75.7005385,45.379333],[-75.7005234,45.3793127],[-75.7004525,45.3792575]]}},{"type":"Feature","properties":{"u":901068481,"v":9900131002,"key":0,"osmid":[1266773281,1266773282,727563622,726999887,76421201,1266773278,1266773279],"highway":"tertiary","lanes":["1","3","2"],"maxspeed":"40","name":"Campus Avenue","oneway":true,"reversed":"False","length":207.189791491115,"ref":"","tunnel":"","bridge":"","width":"","access":"","junction":""},"geometry":{"type":"LineString","coordinates":[[-75.6963748,45.3855219],[-75.696372,45.3854651],[-75.6963632,45.3848303],[-75.6963589,45.3846302],[-75.6963588,45.3845782],[-75.6963587,45.3845216],[-75.6963558,45.3844594],[-75.696335,45.3840614],[-75.6963352,45.3840337],[-75.6963322,45.3839521],[-75.6962981,45.3837598],[-75.6962752,45.3836591]]}},{"type":"Feature","properties":{"u":9900131002,"v":5157889159,"key":1,"osmid":[1266773281,1266773282,727563622,726999887,76421201,1266773278,1266773279],"highway":"tertiary","lanes":["1","3","2"],"maxspeed":"40","name":"Campus Avenue","oneway":true,"reversed":"False","length":139.42166325371204,"ref":"","tunnel":"","bridge":"","width":"","access":"","junction":""},"geometry":{"type":"LineString","coordinates":[[-75.6962752,45.3836591],[-75.696254,45.3835648],[-75.6961971,45.3833899],[-75.6961128,45.3831833],[-75.6960642,45.3830703],[-75.6960423,45.3830194],[-75.6959425,45.3828238],[-75.6959198,45.3827812],[-75.6958971,45.3827445],[-75.6958289,45.3826344],[-75.6957905,45.3825652],[-75.6957408,45.3824755]]}},{"type":"Feature","properties":{"u":901068605,"v":901064373,"key":0,"osmid":"520408275","highway":"primary","lanes":"3","maxspeed":"60","name":"Riverside Drive","oneway":true,"reversed":"False","length":26.14907516371352,"ref":"19","tunnel":"","bridge":"","width":"","access":"","junction":""},"geometry":{"type":"LineString","coordinates":[[-75.6881194,45.3819719],[-75.688059,45.3820025],[-75.6878531,45.3821144]]}},{"type":"Feature","properties":{"u":901069020,"v":901065692,"key":0,"osmid":"76422346","highway":"residential","lanes":"2","maxspeed":"30","name":"Seneca Street","oneway":false,"reversed":"False","length":70.25578417485981,"ref":"","tunnel":"","bridge":"","width":"","access":"","junction":""},"geometry":{"type":"LineString","coordinates":[[-75.6875794,45.3886341],[-75.6875932,45.3886501],[-75.6875989,45.3886567],[-75.6876148,45.3886752],[-75.6876801,45.3887511],[-75.6879917,45.3891384],[-75.6880263,45.3891824]]}},{"type":"Feature","properties":{"u":901069328,"v":901063900,"key":0,"osmid":"432365101","highway":"residential","lanes":"2","maxspeed":"","name":"Brewer Way","oneway":false,"reversed":"False","length":15.389654938474628,"ref":"","tunnel":"","bridge":"","width":"","access":"","junction":""},"geometry":{"type":"LineString","coordinates":[[-75.6915963,45.3869344],[-75.6914227,45.3869999]]}},{"type":"Feature","properties":{"u":901069328,"v":905107939,"key":0,"osmid":[305214720,539766954,880435926,76421407],"highway":["trunk","primary"],"lanes":"3","maxspeed":["70","60"],"name":"Bronson Avenue","oneway":true,"reversed":"False","length":640.7338350356105,"ref":"79","tunnel":"","bridge":"yes","width":"","access":"","junction":""},"geometry":{"type":"LineString","coordinates":[[-75.6915963,45.3869344],[-75.6915491,45.3868776],[-75.6914759,45.3867915],[-75.6913044,45.3865816],[-75.6910192,45.3862326],[-75.6909224,45.3861069],[-75.6908173,45.3859653],[-75.6902698,45.3852198],[-75.6901823,45.3850997],[-75.6900501,45.3849276],[-75.689861,45.384671],[-75.6894184,45.3840605],[-75.687901,45.3819148],[-75.6878348,45.381815]]}},{"type":"Feature","properties":{"u":901069603,"v":901066647,"key":0,"osmid":"193732659","highway":"primary","lanes":"3","maxspeed":"60","name":"Heron Road","oneway":true,"reversed":"False","length":13.1268396255442,"ref":"16","tunnel":"","bridge":"","width":"","access":"","junction":""},"geometry":{"type":"LineString","coordinates":[[-75.6915402,45.3767666],[-75.6913731,45.3767792]]}},{"type":"Feature","properties":{"u":901069603,"v":905110195,"key":0,"osmid":"456377575","highway":"primary","lanes":"2","maxspeed":"60","name":"Riverside Drive","oneway":true,"reversed":"False","length":59.107563589618906,"ref":"19","tunnel":"","bridge":"","width":"","access":"","junction":""},"geometry":{"type":"LineString","coordinates":[[-75.6915402,45.3767666],[-75.6915214,45.3766423],[-75.6914675,45.3762375]]}},{"type":"Feature","properties":{"u":901070028,"v":901066222,"key":0,"osmid":"76421132","highway":"residential","lanes":"2","maxspeed":"30","name":"Sloan Avenue","oneway":false,"reversed":"True","length":30.628957498777396,"ref":"","tunnel":"","bridge":"","width":"","access":"","junction":""},"geometry":{"type":"LineString","coordinates":[[-75.6930594,45.3897795],[-75.6928747,45.3895365]]}},{"type":"Feature","properties":{"u":901070028,"v":901070152,"key":0,"osmid":"76421123","highway":"residential","lanes":"2","maxspeed":"30","name":"Sloan Avenue","oneway":false,"reversed":"False","length":41.235362541843294,"ref":"","tunnel":"","bridge":"","width":"","access":"","junction":""},"geometry":{"type":"LineString","coordinates":[[-75.6930594,45.3897795],[-75.6932678,45.3900625],[-75.6933033,45.3901084]]}},{"type":"Feature","properties":{"u":901070028,"v":901067113,"key":0,"osmid":"76421194","highway":"residential","lanes":"2","maxspeed":"30","name":"Carraway Private","oneway":false,"reversed":"False","length":107.70979937828295,"ref":"","tunnel":"","bridge":"","width":"","access":"","junction":""},"geometry":{"type":"LineString","coordinates":[[-75.6930594,45.3897795],[-75.6930084,45.389799],[-75.692446,45.3900143],[-75.6924056,45.39006],[-75.6924052,45.3901051],[-75.6924616,45.3901811],[-75.692617,45.3903878],[-75.6926567,45.3904406]]}},{"type":"Feature","properties":{"u":901070152,"v":901070028,"key":0,"osmid":"76421123","highway":"residential","lanes":"2","maxspeed":"30","name":"Sloan Avenue","oneway":false,"reversed":"True","length":41.235362541843294,"ref":"","tunnel":"","bridge":"","width":"","access":"","junction":""},"geometry":{"type":"LineString","coordinates":[[-75.6933033,45.3901084],[-75.6932678,45.3900625],[-75.6930594,45.3897795]]}},{"type":"Feature","properties":{"u":901070152,"v":901067113,"key":0,"osmid":"468191651","highway":"tertiary","lanes":"1","maxspeed":"30","name":"Sunnyside Avenue","oneway":true,"reversed":"False","length":62.69717464491977,"ref":"","tunnel":"","bridge":"","width":"","access":"","junction":""},"geometry":{"type":"LineString","coordinates":[[-75.6933033,45.3901084],[-75.6930058,45.3902385],[-75.6926567,45.3904406]]}},{"type":"Feature","properties":{"u":901070200,"v":1435832286,"key":0,"osmid":"456373012","highway":"secondary","lanes":"3","maxspeed":"60","name":"Colonel By Drive","oneway":false,"reversed":"False","length":41.43221624405111,"ref":"","tunnel":"","bridge":"","width":"","access":"","junction":""},"geometry":{"type":"LineString","coordinates":[[-75.7013581,45.3788234],[-75.7013642,45.3789054],[-75.7013858,45.3791955]]}},{"type":"Feature","properties":{"u":901070200,"v":1435832249,"key":0,"osmid":"456570278","highway":"tertiary","lanes":"2","maxspeed":"30","name":"University Drive","oneway":false,"reversed":"False","length":54.478264558333535,"ref":"","tunnel":"","bridge":"","width":"","access":"","junction":""},"geometry":{"type":"LineString","coordinates":[[-75.7013581,45.3788234],[-75.7012393,45.3788374],[-75.7012134,45.3788405],[-75.7011379,45.3788518],[-75.701064,45.3788688],[-75.7009835,45.3788905],[-75.700922,45.3789151],[-75.7008708,45.3789404],[-75.7008107,45.3789784],[-75.7007457,45.3790274]]}},{"type":"Feature","properties":{"u":901070712,"v":9370739431,"key":0,"osmid":[538113728,1266755566,1442147127],"highway":"tertiary","lanes":["1","2"],"maxspeed":"40","name":"University Drive","oneway":true,"reversed":"False","length":159.40849805328867,"ref":"","tunnel":"","bridge":"","width":"","access":"","junction":""},"geometry":{"type":"LineString","coordinates":[[-75.6942103,45.3898352],[-75.6948641,45.3895284],[-75.6949251,45.3895001],[-75.6952987,45.3893132],[-75.6953967,45.3892574],[-75.6957645,45.3890798],[-75.6958088,45.3890672],[-75.6959083,45.3890488]]}},{"type":"Feature","properties":{"u":903984997,"v":901052403,"key":0,"osmid":"76421039","highway":"residential","lanes":"2","maxspeed":"30","name":"L\u00e9onard Avenue","oneway":false,"reversed":"False","length":78.2033721867364,"ref":"","tunnel":"","bridge":"","width":"","access":"","junction":""},"geometry":{"type":"LineString","coordinates":[[-75.687254,45.3910058],[-75.687426,45.3912006],[-75.6877469,45.391564],[-75.6877818,45.3916035]]}},{"type":"Feature","properties":{"u":903984997,"v":901066916,"key":0,"osmid":[76728899,76422259],"highway":"residential","lanes":"2","maxspeed":"30","name":"Glen Avenue","oneway":true,"reversed":"False","length":155.2614447662057,"ref":"","tunnel":"","bridge":"","width":"","access":"","junction":""},"geometry":{"type":"LineString","coordinates":[[-75.687254,45.3910058],[-75.6873488,45.3909698],[-75.687426,45.3909405],[-75.6883277,45.3905683],[-75.6888041,45.3903801],[-75.6889055,45.3903369],[-75.6889753,45.3903072]]}},{"type":"Feature","properties":{"u":903984997,"v":903990717,"key":0,"osmid":"76729062","highway":"residential","lanes":"2","maxspeed":"30","name":"L\u00e9onard Avenue","oneway":false,"reversed":"True","length":77.83747722857025,"ref":"","tunnel":"","bridge":"","width":"","access":"","junction":""},"geometry":{"type":"LineString","coordinates":[[-75.687254,45.3910058],[-75.6868413,45.3904746],[-75.6868292,45.390459],[-75.6867766,45.3903913]]}},{"type":"Feature","properties":{"u":903985310,"v":901060694,"key":0,"osmid":[76422672,76419417],"highway":"residential","lanes":"2","maxspeed":"30","name":"Rosedale Avenue","oneway":false,"reversed":"False","length":157.41708400342176,"ref":"","tunnel":"","bridge":"","width":"","access":"","junction":""},"geometry":{"type":"LineString","coordinates":[[-75.6872484,45.3926709],[-75.6872939,45.3927185],[-75.6873159,45.3927431],[-75.687426,45.3928663],[-75.6875297,45.3929823],[-75.6878298,45.3933652],[-75.6882062,45.3938179],[-75.6882284,45.3938459],[-75.6882655,45.3938927]]}},{"type":"Feature","properties":{"u":903985310,"v":901065624,"key":0,"osmid":"76729176","highway":"tertiary","lanes":"2","maxspeed":"30","name":"Sunnyside Avenue","oneway":false,"reversed":"True","length":92.44057064977851,"ref":"","tunnel":"","bridge":"","width":"","access":"","junction":""},"geometry":{"type":"LineString","coordinates":[[-75.6872484,45.3926709],[-75.6873209,45.3926397],[-75.6881644,45.3922758],[-75.6881959,45.3922627],[-75.688258,45.3922368]]}},{"type":"Feature","properties":{"u":903986651,"v":903995789,"key":0,"osmid":"130126760","highway":"trunk_link","lanes":"1","maxspeed":"","name":"","oneway":true,"reversed":"False","length":14.278810859360771,"ref":"","tunnel":"","bridge":"","width":"","access":"","junction":""},"geometry":{"type":"LineString","coordinates":[[-75.6873326,45.3825387],[-75.6873421,45.382472],[-75.6873312,45.3824111]]}},{"type":"Feature","properties":{"u":903986651,"v":905110064,"key":0,"osmid":[600507749,335818186,76422282,76421422,520408276],"highway":"primary","lanes":["3","2"],"maxspeed":"60","name":"Riverside Drive","oneway":true,"reversed":"False","length":654.4473640794597,"ref":"19","tunnel":"","bridge":"yes","width":"","access":"","junction":""},"geometry":{"type":"LineString","coordinates":[[-75.6873326,45.3825387],[-75.687426,45.3824823],[-75.6878073,45.3822705],[-75.6881625,45.3820699],[-75.688663,45.3817862],[-75.6887343,45.3817449],[-75.6888442,45.3816734],[-75.6889569,45.3815952],[-75.6890534,45.3815211],[-75.6891523,45.3814427],[-75.6892536,45.3813646],[-75.6903129,45.3804859],[-75.6906481,45.3802103],[-75.6907793,45.3800971],[-75.690893,45.3799992],[-75.6909988,45.3798978],[-75.6910941,45.3798027],[-75.6911897,45.3796921],[-75.6912246,45.3796506],[-75.6912491,45.3796214],[-75.691314,45.3795364],[-75.6913613,45.3794679],[-75.6914092,45.3793967],[-75.6914512,45.3793205],[-75.6914973,45.3792312],[-75.6915121,45.3791995],[-75.691533,45.3791565],[-75.6915704,45.3790668],[-75.6916093,45.3789633],[-75.6916504,45.3788346],[-75.6916698,45.3787484],[-75.6916897,45.378646],[-75.6917098,45.3785253],[-75.6917202,45.3784011],[-75.6917231,45.3782844],[-75.691716,45.3781317],[-75.691695,45.3778235]]}},{"type":"Feature","properties":{"u":903990717,"v":903984997,"key":0,"osmid":"76729062","highway":"residential","lanes":"2","maxspeed":"30","name":"L\u00e9onard Avenue","oneway":false,"reversed":"False","length":77.83747722857025,"ref":"","tunnel":"","bridge":"","width":"","access":"","junction":""},"geometry":{"type":"LineString","coordinates":[[-75.6867766,45.3903913],[-75.6868292,45.390459],[-75.6868413,45.3904746],[-75.687254,45.3910058]]}},{"type":"Feature","properties":{"u":903994351,"v":901060694,"key":0,"osmid":"76728934","highway":"residential","lanes":"2","maxspeed":"30","name":"Aylmer Avenue","oneway":false,"reversed":"True","length":89.89565049388986,"ref":"","tunnel":"","bridge":"","width":"","access":"","junction":""},"geometry":{"type":"LineString","coordinates":[[-75.6872706,45.3942995],[-75.687426,45.3942359],[-75.6882655,45.3938927]]}},{"type":"Feature","properties":{"u":903995789,"v":903992181,"key":0,"osmid":"397100632","highway":"primary","lanes":"2","maxspeed":"60","name":"Riverside Drive","oneway":true,"reversed":"False","length":39.77730600717254,"ref":"19","tunnel":"","bridge":"","width":"","access":"","junction":""},"geometry":{"type":"LineString","coordinates":[[-75.6873312,45.3824111],[-75.6869341,45.3826351]]}},{"type":"Feature","properties":{"u":903995789,"v":7041068350,"key":0,"osmid":"397100633","highway":"trunk_link","lanes":"1","maxspeed":"","name":"","oneway":true,"reversed":"False","length":34.26443918206037,"ref":"","tunnel":"","bridge":"","width":"","access":"","junction":""},"geometry":{"type":"LineString","coordinates":[[-75.6873312,45.3824111],[-75.6872716,45.3823485],[-75.6871617,45.3822331],[-75.6870705,45.3821643]]}},{"type":"Feature","properties":{"u":905099411,"v":901068426,"key":0,"osmid":"520408277","highway":"trunk_link","lanes":"1","maxspeed":"","name":"","oneway":true,"reversed":"False","length":132.53825104288939,"ref":"","tunnel":"","bridge":"","width":"","access":"","junction":""},"geometry":{"type":"LineString","coordinates":[[-75.6869193,45.3809302],[-75.6872222,45.3813247],[-75.6875758,45.3817901],[-75.6877589,45.3819639]]}},{"type":"Feature","properties":{"u":905099455,"v":903992181,"key":0,"osmid":"76844050","highway":"trunk_link","lanes":"1","maxspeed":"","name":"","oneway":true,"reversed":"False","length":64.68313480600455,"ref":"","tunnel":"","bridge":"","width":"","access":"","junction":""},"geometry":{"type":"LineString","coordinates":[[-75.6869895,45.3821032],[-75.6870712,45.3822366],[-75.687093,45.3822873],[-75.6871094,45.3823422],[-75.6871084,45.382392],[-75.6871032,45.3824186],[-75.6870972,45.3824495],[-75.6870681,45.382504],[-75.6869341,45.3826351]]}},{"type":"Feature","properties":{"u":905107939,"v":901068605,"key":0,"osmid":[587737499,76421351],"highway":"trunk_link","lanes":"1","maxspeed":"","name":"","oneway":true,"reversed":"False","length":485.20509705392743,"ref":"","tunnel":"","bridge":"","width":"","access":"","junction":""},"geometry":{"type":"LineString","coordinates":[[-75.6878348,45.381815],[-75.6876279,45.3813604],[-75.687417,45.3809613],[-75.687151,45.3805088],[-75.6871049,45.380423],[-75.6870836,45.3803569],[-75.6870758,45.3802964],[-75.6870824,45.3802354],[-75.6870949,45.380186],[-75.6871255,45.3801346],[-75.6871573,45.3800907],[-75.6872322,45.380048],[-75.6872734,45.3800277],[-75.6873233,45.3800117],[-75.6873838,45.38],[-75.6874414,45.3799974],[-75.6875011,45.3799995],[-75.6875619,45.3800085],[-75.6876195,45.3800264],[-75.6876683,45.3800515],[-75.6877145,45.3800855],[-75.6877552,45.3801244],[-75.6877881,45.3801688],[-75.6878098,45.3802113],[-75.6878327,45.3802876],[-75.6878506,45.3806203],[-75.6878582,45.3806878],[-75.6878715,45.3807588],[-75.6878861,45.3808221],[-75.6879157,45.3809042],[-75.6879468,45.3809702],[-75.6879867,45.3810324],[-75.6880338,45.3810929],[-75.6880832,45.3811496],[-75.6883339,45.3813887],[-75.6883808,45.3814383],[-75.6884114,45.3814729],[-75.6884346,45.38151],[-75.6884483,45.3815508],[-75.6884499,45.3815888],[-75.6884383,45.3816318],[-75.6884227,45.381679],[-75.6883931,45.3817233],[-75.6883498,45.3817623],[-75.6882901,45.3818122],[-75.6881194,45.3819719]]}},{"type":"Feature","properties":{"u":905107939,"v":903991282,"key":0,"osmid":[76421585,733428789],"highway":"trunk","lanes":"3","maxspeed":"70","name":"Bronson Avenue","oneway":true,"reversed":"False","length":187.8843296283038,"ref":"79","tunnel":"","bridge":"","width":"","access":"","junction":""},"geometry":{"type":"LineString","coordinates":[[-75.6878348,45.381815],[-75.6873821,45.3811703],[-75.6872566,45.3809983],[-75.6871687,45.3808859],[-75.6870771,45.3807674],[-75.6869858,45.380666],[-75.6866599,45.3803447]]}},{"type":"Feature","properties":{"u":905109599,"v":901068605,"key":0,"osmid":[76421088,600507748,456377580,397100629,188954424,76421151],"highway":"primary","lanes":["3","2"],"maxspeed":"60","name":"Riverside Drive","oneway":true,"reversed":"False","length":613.1816880221633,"ref":"19","tunnel":"","bridge":"yes","width":"","access":"","junction":""},"geometry":{"type":"LineString","coordinates":[[-75.6914506,45.3773379],[-75.6915484,45.3779629],[-75.6915689,45.3781183],[-75.6915816,45.3782251],[-75.6915854,45.3783076],[-75.6915894,45.3784159],[-75.6915821,45.3785405],[-75.6915723,45.3786594],[-75.691557,45.3787493],[-75.6915318,45.3788475],[-75.6915018,45.3789486],[-75.6914464,45.3790977],[-75.6913976,45.3792065],[-75.6913573,45.3792797],[-75.6913206,45.3793417],[-75.6912788,45.3794075],[-75.6912305,45.3794806],[-75.6911527,45.3795836],[-75.6911246,45.3796229],[-75.6910542,45.379704],[-75.6909561,45.3798095],[-75.6908501,45.3799127],[-75.6907482,45.3800075],[-75.6906001,45.3801296],[-75.6901849,45.380463],[-75.6898451,45.3807292],[-75.6896692,45.3808688],[-75.6893807,45.381097],[-75.688937,45.3814482],[-75.6888337,45.3815247],[-75.6887175,45.3816102],[-75.6886305,45.3816682],[-75.6881194,45.3819719]]}},{"type":"Feature","properties":{"u":905109626,"v":905109599,"key":0,"osmid":"76842015","highway":"primary_link","lanes":"1","maxspeed":"","name":"","oneway":true,"reversed":"False","length":107.81876165273854,"ref":"","tunnel":"","bridge":"","width":"3","access":"","junction":""},"geometry":{"type":"LineString","coordinates":[[-75.690307,45.3769947],[-75.6909192,45.3770322],[-75.6909836,45.377043],[-75.6912342,45.377085],[-75.6913144,45.3771132],[-75.6913775,45.3771708],[-75.6914506,45.3773379]]}},{"type":"Feature","properties":{"u":905109626,"v":901068203,"key":0,"osmid":"456377577","highway":"primary","lanes":"5","maxspeed":"60","name":"Heron Road","oneway":true,"reversed":"False","length":85.50196951767873,"ref":"16","tunnel":"","bridge":"","width":"","access":"","junction":""},"geometry":{"type":"LineString","coordinates":[[-75.690307,45.3769947],[-75.6912709,45.3769225],[-75.6913955,45.3769132]]}},{"type":"Feature","properties":{"u":905110064,"v":901067682,"key":0,"osmid":"76842012","highway":"primary_link","lanes":"1","maxspeed":"","name":"","oneway":true,"reversed":"False","length":122.32140737521095,"ref":"","tunnel":"","bridge":"","width":"","access":"","junction":""},"geometry":{"type":"LineString","coordinates":[[-75.691695,45.3778235],[-75.6917214,45.3774675],[-75.6917096,45.3773103],[-75.6917162,45.3772613],[-75.6917233,45.3772158],[-75.691732,45.3771634],[-75.6917456,45.3771141],[-75.6917627,45.3770607],[-75.6918133,45.3769883],[-75.6919342,45.3769226],[-75.6921261,45.376868]]}},{"type":"Feature","properties":{"u":905110064,"v":901067245,"key":0,"osmid":"313465212","highway":"primary","lanes":"2","maxspeed":"60","name":"Riverside Drive","oneway":true,"reversed":"False","length":102.94483043052038,"ref":"19","tunnel":"","bridge":"","width":"","access":"","junction":""},"geometry":{"type":"LineString","coordinates":[[-75.691695,45.3778235],[-75.6915848,45.377033],[-75.6915666,45.3769021]]}},{"type":"Feature","properties":{"u":905116641,"v":901051401,"key":0,"osmid":"130293861","highway":"residential","lanes":"2","maxspeed":"30","name":"Canal Woods Terrace","oneway":false,"reversed":"True","length":150.63140428014626,"ref":"","tunnel":"","bridge":"","width":"","access":"","junction":""},"geometry":{"type":"LineString","coordinates":[[-75.6948735,45.3927084],[-75.6948498,45.3926677],[-75.6948349,45.3926426],[-75.6944627,45.3920083],[-75.6942148,45.3915858],[-75.6941386,45.3914559]]}},{"type":"Feature","properties":{"u":905116641,"v":901062346,"key":0,"osmid":"456557737","highway":"residential","lanes":"2","maxspeed":"30","name":"Canal Woods Terrace","oneway":false,"reversed":"False","length":6.987658852398699,"ref":"","tunnel":"","bridge":"","width":"","access":"","junction":""},"geometry":{"type":"LineString","coordinates":[[-75.6948735,45.3927084],[-75.6948946,45.3927444],[-75.6949076,45.3927665]]}},{"type":"Feature","properties":{"u":905117452,"v":905118689,"key":0,"osmid":"76421058","highway":"primary","lanes":"2","maxspeed":"60","name":"Bronson Avenue","oneway":true,"reversed":"False","length":36.912492651794345,"ref":"79","tunnel":"","bridge":"","width":"","access":"","junction":""},"geometry":{"type":"LineString","coordinates":[[-75.6955994,45.3923315],[-75.6956486,45.3924094],[-75.6956929,45.3924799],[-75.6957346,45.3925581],[-75.6957728,45.39264]]}},{"type":"Feature","properties":{"u":905117452,"v":905116641,"key":0,"osmid":"76843109","highway":"primary_link","lanes":"1","maxspeed":"","name":"","oneway":true,"reversed":"False","length":74.11363093069136,"ref":"","tunnel":"","bridge":"","width":"","access":"","junction":""},"geometry":{"type":"LineString","coordinates":[[-75.6955994,45.3923315],[-75.6955879,45.3923788],[-75.6955763,45.3924047],[-75.6955366,45.3924479],[-75.6955156,45.3924705],[-75.6954427,45.3925178],[-75.6953665,45.3925499],[-75.6953139,45.3925694],[-75.6951819,45.3926092],[-75.6950067,45.392667],[-75.6949692,45.3926793],[-75.6948735,45.3927084]]}},{"type":"Feature","properties":{"u":905117475,"v":901052344,"key":0,"osmid":"1350685414","highway":"primary_link","lanes":"1","maxspeed":"","name":"","oneway":true,"reversed":"False","length":9.611299505693374,"ref":"","tunnel":"","bridge":"","width":"","access":"","junction":""},"geometry":{"type":"LineString","coordinates":[[-75.6973964,45.3931043],[-75.6975039,45.3931464]]}},{"type":"Feature","properties":{"u":905117475,"v":1435493312,"key":0,"osmid":"1350685413","highway":"secondary","lanes":"1","maxspeed":"60","name":"Colonel By Drive","oneway":true,"reversed":"False","length":65.69394040055276,"ref":"","tunnel":"","bridge":"","width":"","access":"","junction":""},"geometry":{"type":"LineString","coordinates":[[-75.6973964,45.3931043],[-75.6970561,45.3933342],[-75.6969706,45.3933901],[-75.6968841,45.3934396],[-75.696765,45.3934922]]}},{"type":"Feature","properties":{"u":905117603,"v":905118689,"key":0,"osmid":"76843232","highway":"primary_link","lanes":"1","maxspeed":"","name":"","oneway":true,"reversed":"False","length":43.20663990198704,"ref":"","tunnel":"","bridge":"","width":"","access":"","junction":""},"geometry":{"type":"LineString","coordinates":[[-75.6952266,45.3926638],[-75.695291,45.392645],[-75.695345,45.3926365],[-75.6954737,45.392632],[-75.6956637,45.3926354],[-75.6956962,45.3926361],[-75.6957728,45.39264]]}},{"type":"Feature","properties":{"u":905117604,"v":1435531967,"key":0,"osmid":"76843164","highway":"primary_link","lanes":"1","maxspeed":"","name":"","oneway":true,"reversed":"False","length":67.41305978454898,"ref":"","tunnel":"","bridge":"","width":"","access":"","junction":""},"geometry":{"type":"LineString","coordinates":[[-75.694494,45.3896198],[-75.6943332,45.3896548],[-75.6941744,45.3896812],[-75.6941139,45.3896851],[-75.694084,45.3896858],[-75.6940227,45.3896876],[-75.693972,45.3896891],[-75.6939272,45.3896884],[-75.6939065,45.3896887],[-75.6938726,45.3896892],[-75.6938365,45.3896822],[-75.6937967,45.38967],[-75.6936924,45.3895956]]}},{"type":"Feature","properties":{"u":905117604,"v":11772764642,"key":0,"osmid":"1302553384","highway":"tertiary","lanes":"3","maxspeed":"40","name":"University Drive","oneway":true,"reversed":"False","length":53.93222889852144,"ref":"","tunnel":"","bridge":"","width":"","access":"","junction":""},"geometry":{"type":"LineString","coordinates":[[-75.694494,45.3896198],[-75.6940614,45.3897978],[-75.6940065,45.3898204],[-75.6938977,45.3898645]]}},{"type":"Feature","properties":{"u":905117646,"v":1435493300,"key":0,"osmid":"456557740","highway":"residential","lanes":"2","maxspeed":"30","name":"Canal Woods Terrace","oneway":false,"reversed":"False","length":18.313073472965375,"ref":"","tunnel":"","bridge":"","width":"","access":"","junction":""},"geometry":{"type":"LineString","coordinates":[[-75.6950304,45.3929763],[-75.69512,45.3931285]]}},{"type":"Feature","properties":{"u":905117646,"v":905117603,"key":0,"osmid":"76843169","highway":"primary_link","lanes":"1","maxspeed":"","name":"","oneway":true,"reversed":"False","length":40.04752092064467,"ref":"","tunnel":"","bridge":"","width":"","access":"","junction":""},"geometry":{"type":"LineString","coordinates":[[-75.6950304,45.3929763],[-75.6950266,45.3929158],[-75.6950331,45.3928708],[-75.6950473,45.3928302],[-75.6950714,45.3927846],[-75.6951001,45.3927536],[-75.6951211,45.392733],[-75.6951421,45.3927153],[-75.6952266,45.3926638]]}},{"type":"Feature","properties":{"u":905117646,"v":901062346,"key":0,"osmid":"456557743","highway":"residential","lanes":"2","maxspeed":"30","name":"Canal Woods Terrace","oneway":false,"reversed":"True","length":25.22255809420291,"ref":"","tunnel":"","bridge":"","width":"","access":"","junction":""},"geometry":{"type":"LineString","coordinates":[[-75.6950304,45.3929763],[-75.6949698,45.3928728],[-75.6949433,45.3928276],[-75.6949284,45.3928021],[-75.6949076,45.3927665]]}},{"type":"Feature","properties":{"u":905118768,"v":1435493312,"key":0,"osmid":"76843132","highway":"primary_link","lanes":"1","maxspeed":"","name":"","oneway":true,"reversed":"False","length":83.72812220555579,"ref":"","tunnel":"","bridge":"","width":"","access":"","junction":""},"geometry":{"type":"LineString","coordinates":[[-75.696975,45.3928466],[-75.6970402,45.3929207],[-75.6970712,45.3929656],[-75.6970914,45.3930025],[-75.6971082,45.3930497],[-75.6971167,45.3930885],[-75.6971176,45.393129],[-75.6971073,45.3931734],[-75.6970819,45.3932189],[-75.6970396,45.3932759],[-75.6969347,45.3933648],[-75.696765,45.3934922]]}},{"type":"Feature","properties":{"u":905118768,"v":905117475,"key":0,"osmid":"76843216","highway":"primary_link","lanes":"1","maxspeed":"","name":"","oneway":true,"reversed":"False","length":43.790969761477314,"ref":"","tunnel":"","bridge":"","width":"","access":"","junction":""},"geometry":{"type":"LineString","coordinates":[[-75.696975,45.3928466],[-75.697053,45.3928794],[-75.6971071,45.3929094],[-75.6971487,45.3929356],[-75.6972249,45.3929875],[-75.6973175,45.393052],[-75.6973964,45.3931043]]}},{"type":"Feature","properties":{"u":957626575,"v":4658776914,"key":0,"osmid":"83748346","highway":"unclassified","lanes":"1","maxspeed":"25","name":"","oneway":true,"reversed":"False","length":9.506183439443395,"ref":"","tunnel":"","bridge":"","width":"","access":"","junction":""},"geometry":{"type":"LineString","coordinates":[[-75.6892838,45.3773419],[-75.6891628,45.3773511]]}},{"type":"Feature","properties":{"u":957626575,"v":901066474,"key":0,"osmid":"83748343","highway":"primary_link","lanes":"","maxspeed":"","name":"","oneway":true,"reversed":"False","length":37.63139697309867,"ref":"","tunnel":"","bridge":"","width":"","access":"","junction":""},"geometry":{"type":"LineString","coordinates":[[-75.6892838,45.3773419],[-75.6893058,45.3772654],[-75.6893386,45.3772149],[-75.6893645,45.3771778],[-75.6893956,45.377142],[-75.6895148,45.3770538]]}},{"type":"Feature","properties":{"u":1435007325,"v":2611776630,"key":0,"osmid":"456377569","highway":"primary","lanes":"3","maxspeed":"60","name":"Heron Road","oneway":true,"reversed":"False","length":128.61537895679118,"ref":"16","tunnel":"","bridge":"","width":"","access":"","junction":""},"geometry":{"type":"LineString","coordinates":[[-75.6864314,45.3772726],[-75.6871332,45.3772185],[-75.6880692,45.377153]]}},{"type":"Feature","properties":{"u":1435007349,"v":901066474,"key":0,"osmid":"1382206873","highway":"primary","lanes":"3","maxspeed":"60","name":"Heron Road","oneway":true,"reversed":"False","length":44.24544903305552,"ref":"16","tunnel":"","bridge":"","width":"","access":"","junction":""},"geometry":{"type":"LineString","coordinates":[[-75.6889508,45.3770909],[-75.6895148,45.3770538]]}},{"type":"Feature","properties":{"u":1435007349,"v":4658776914,"key":0,"osmid":"471722137","highway":"primary_link","lanes":"1","maxspeed":"","name":"","oneway":true,"reversed":"False","length":38.29513062205716,"ref":"","tunnel":"","bridge":"","width":"","access":"","junction":""},"geometry":{"type":"LineString","coordinates":[[-75.6889508,45.3770909],[-75.6891209,45.3771714],[-75.6891569,45.3771942],[-75.6891796,45.3772229],[-75.6891965,45.3772601],[-75.6891908,45.377291],[-75.6891628,45.3773511]]}},{"type":"Feature","properties":{"u":1435066117,"v":1435531944,"key":0,"osmid":[76420969,76421866,1328264316],"highway":"primary","lanes":"3","maxspeed":"60","name":"Bronson Avenue","oneway":true,"reversed":"False","length":225.22587616785174,"ref":"79","tunnel":"","bridge":"","width":"","access":"","junction":""},"geometry":{"type":"LineString","coordinates":[[-75.695881,45.3925898],[-75.6958162,45.3924582],[-75.6957763,45.3923823],[-75.6956586,45.3921783],[-75.6956472,45.3921585],[-75.6956091,45.3921059],[-75.695329,45.3917176],[-75.6952925,45.3916691],[-75.6946164,45.3907723]]}},{"type":"Feature","properties":{"u":1435066119,"v":11772764640,"key":0,"osmid":"1267602298","highway":"tertiary","lanes":"2","maxspeed":"","name":"Sunnyside Avenue","oneway":true,"reversed":"False","length":16.369445007258292,"ref":"","tunnel":"","bridge":"","width":"","access":"","junction":""},"geometry":{"type":"LineString","coordinates":[[-75.6937719,45.3900074],[-75.693956,45.389937]]}},{"type":"Feature","properties":{"u":1435066119,"v":905117452,"key":0,"osmid":[463644768,305214619,1283505590,305214702],"highway":"primary","lanes":"3","maxspeed":"60","name":"Bronson Avenue","oneway":true,"reversed":"False","length":295.2274124266246,"ref":"79","tunnel":"","bridge":"","width":"","access":"","junction":""},"geometry":{"type":"LineString","coordinates":[[-75.6937719,45.3900074],[-75.6938268,45.3900746],[-75.6938595,45.3901163],[-75.6940182,45.390319],[-75.6941123,45.3904392],[-75.6942813,45.3906466],[-75.6947047,45.3911764],[-75.6947537,45.3912369],[-75.6949886,45.391538],[-75.6954562,45.3921426],[-75.6955025,45.3922001],[-75.6955209,45.3922244],[-75.6955994,45.3923315]]}},{"type":"Feature","properties":{"u":1435493289,"v":1435493447,"key":0,"osmid":"130212557","highway":"tertiary","lanes":"2","maxspeed":"30","name":"Sunnyside Avenue","oneway":true,"reversed":"False","length":20.5694640952284,"ref":"","tunnel":"","bridge":"","width":"","access":"","junction":""},"geometry":{"type":"LineString","coordinates":[[-75.6932502,45.3902169],[-75.6934779,45.3901239]]}},{"type":"Feature","properties":{"u":1435493289,"v":828195034,"key":0,"osmid":"130293866","highway":"residential","lanes":"1","maxspeed":"30","name":"Canal Woods Terrace","oneway":true,"reversed":"False","length":22.699243976969615,"ref":"","tunnel":"","bridge":"","width":"","access":"","junction":""},"geometry":{"type":"LineString","coordinates":[[-75.6932502,45.3902169],[-75.6933162,45.390229],[-75.6933355,45.3902368],[-75.6933748,45.3902511],[-75.6934762,45.3903343]]}},{"type":"Feature","properties":{"u":1435493298,"v":905117475,"key":0,"osmid":"76422797","highway":"secondary","lanes":"1","maxspeed":"60","name":"Colonel By Drive","oneway":true,"reversed":"False","length":7.248063657783737,"ref":"","tunnel":"","bridge":"","width":"","access":"","junction":""},"geometry":{"type":"LineString","coordinates":[[-75.6974592,45.3930563],[-75.6973964,45.3931043]]}},{"type":"Feature","properties":{"u":1435493298,"v":1435066117,"key":0,"osmid":"76843114","highway":"primary_link","lanes":"1","maxspeed":"","name":"","oneway":true,"reversed":"False","length":142.8548678421277,"ref":"","tunnel":"","bridge":"","width":"","access":"","junction":""},"geometry":{"type":"LineString","coordinates":[[-75.6974592,45.3930563],[-75.6972831,45.3929392],[-75.6972004,45.3928788],[-75.6971327,45.3928306],[-75.6970738,45.392801],[-75.6970131,45.3927779],[-75.6969392,45.3927561],[-75.6968694,45.3927435],[-75.6968006,45.3927391],[-75.6967298,45.3927362],[-75.6964997,45.3927323],[-75.6963265,45.3927356],[-75.6961135,45.3927352],[-75.6960797,45.3927294],[-75.6960299,45.3927144],[-75.696002,45.3926969],[-75.6959362,45.3926395],[-75.695881,45.3925898]]}},{"type":"Feature","properties":{"u":1435493300,"v":905117646,"key":0,"osmid":"456557740","highway":"residential","lanes":"2","maxspeed":"30","name":"Canal Woods Terrace","oneway":false,"reversed":"True","length":18.313073472965375,"ref":"","tunnel":"","bridge":"","width":"","access":"","junction":""},"geometry":{"type":"LineString","coordinates":[[-75.69512,45.3931285],[-75.6950304,45.3929763]]}},{"type":"Feature","properties":{"u":1435493300,"v":901064979,"key":0,"osmid":"76419125","highway":"residential","lanes":"1","maxspeed":"30","name":"Canal Woods Terrace","oneway":true,"reversed":"False","length":38.81550642612426,"ref":"","tunnel":"","bridge":"","width":"","access":"","junction":""},"geometry":{"type":"LineString","coordinates":[[-75.69512,45.3931285],[-75.6951585,45.3932571],[-75.6951829,45.3933257],[-75.6952032,45.3933759],[-75.6952112,45.3934164],[-75.6952258,45.3934693]]}},{"type":"Feature","properties":{"u":1435493312,"v":1435493430,"key":0,"osmid":"76422416","highway":"secondary","lanes":"2","maxspeed":"40","name":"Colonel By Drive","oneway":true,"reversed":"False","length":121.78305092144856,"ref":"","tunnel":"","bridge":"","width":"","access":"","junction":""},"geometry":{"type":"LineString","coordinates":[[-75.696765,45.3934922],[-75.6966767,45.3935316],[-75.6965942,45.3935702],[-75.6964965,45.3936079],[-75.6963957,45.3936457],[-75.6962812,45.3936804],[-75.6962044,45.3936999],[-75.6961159,45.3937207],[-75.696033,45.3937365],[-75.6959236,45.3937557],[-75.6958208,45.3937661],[-75.6957263,45.3937703],[-75.6956158,45.3937722],[-75.6955088,45.3937698],[-75.6952935,45.3937615]]}},{"type":"Feature","properties":{"u":1435493430,"v":901054215,"key":0,"osmid":"130293863","highway":"secondary","lanes":"2","maxspeed":"40","name":"Colonel By Drive","oneway":true,"reversed":"False","length":6.820411278477558,"ref":"","tunnel":"","bridge":"","width":"","access":"","junction":""},"geometry":{"type":"LineString","coordinates":[[-75.6952935,45.3937615],[-75.6952062,45.3937595]]}},{"type":"Feature","properties":{"u":1435493430,"v":1435493300,"key":0,"osmid":"130293862","highway":"residential","lanes":"1","maxspeed":"30","name":"Canal Woods Terrace","oneway":true,"reversed":"False","length":73.72260143461452,"ref":"","tunnel":"","bridge":"","width":"","access":"","junction":""},"geometry":{"type":"LineString","coordinates":[[-75.6952935,45.3937615],[-75.6953009,45.3936972],[-75.6953033,45.3936491],[-75.695314,45.3935172],[-75.6953078,45.3934619],[-75.6953022,45.3934144],[-75.6952807,45.3933574],[-75.6952264,45.3932555],[-75.69512,45.3931285]]}},{"type":"Feature","properties":{"u":1435493447,"v":1435066119,"key":0,"osmid":"130212557","highway":"tertiary","lanes":"2","maxspeed":"30","name":"Sunnyside Avenue","oneway":true,"reversed":"False","length":26.362981652138625,"ref":"","tunnel":"","bridge":"","width":"","access":"","junction":""},"geometry":{"type":"LineString","coordinates":[[-75.6934779,45.3901239],[-75.6935855,45.3900801],[-75.6936359,45.3900596],[-75.6937719,45.3900074]]}},{"type":"Feature","properties":{"u":1435531944,"v":11772764640,"key":0,"osmid":[1328264315,305214701],"highway":"primary","lanes":"4","maxspeed":"60","name":"Bronson Avenue","oneway":true,"reversed":"False","length":106.24457973426244,"ref":"79","tunnel":"","bridge":"","width":"","access":"","junction":""},"geometry":{"type":"LineString","coordinates":[[-75.6946164,45.3907723],[-75.6944696,45.390579],[-75.6942333,45.390281],[-75.6940534,45.3900542],[-75.6940417,45.3900402],[-75.6940078,45.3899997],[-75.693956,45.389937]]}},{"type":"Feature","properties":{"u":1435531944,"v":901070712,"key":0,"osmid":[76843140,1283505589],"highway":"primary_link","lanes":"1","maxspeed":"","name":"","oneway":true,"reversed":"False","length":110.62095879406371,"ref":"","tunnel":"","bridge":"","width":"","access":"","junction":""},"geometry":{"type":"LineString","coordinates":[[-75.6946164,45.3907723],[-75.6944583,45.3904313],[-75.6944034,45.3903463],[-75.6943269,45.3902491],[-75.6942722,45.3901798],[-75.6942526,45.3901529],[-75.6942296,45.3901173],[-75.694223,45.3900953],[-75.6942184,45.3900741],[-75.6942152,45.3900324],[-75.694212,45.3899914],[-75.6942087,45.3899496],[-75.6942058,45.3899058],[-75.6942043,45.3898826],[-75.6942073,45.3898629],[-75.6942103,45.3898352]]}},{"type":"Feature","properties":{"u":1435531959,"v":8581420062,"key":0,"osmid":"130298108","highway":"tertiary","lanes":"2","maxspeed":"40","name":"University Drive","oneway":false,"reversed":"True","length":64.77752007027681,"ref":"","tunnel":"","bridge":"","width":"","access":"","junction":""},"geometry":{"type":"LineString","coordinates":[[-75.6958038,45.38826],[-75.6956715,45.3876849]]}},{"type":"Feature","properties":{"u":1435531959,"v":9370739423,"key":0,"osmid":[1283505592,1015917690,1267602304],"highway":"tertiary","lanes":"2","maxspeed":"40","name":"University Drive","oneway":true,"reversed":"False","length":66.35751500014067,"ref":"","tunnel":"","bridge":"","width":"","access":"","junction":""},"geometry":{"type":"LineString","coordinates":[[-75.6958038,45.38826],[-75.6957908,45.3883351],[-75.6957913,45.3883857],[-75.6958029,45.3884908],[-75.6958098,45.3885369],[-75.695837,45.3887182],[-75.6958339,45.3887491],[-75.6958233,45.3888543]]}},{"type":"Feature","properties":{"u":1435531963,"v":9370739420,"key":0,"osmid":[130331839,130298110,130298111],"highway":"tertiary","lanes":"2","maxspeed":"40","name":"Campus Avenue","oneway":false,"reversed":"True","length":77.00707185483171,"ref":"","tunnel":"","bridge":"yes","width":"","access":"","junction":""},"geometry":{"type":"LineString","coordinates":[[-75.6970087,45.3885825],[-75.6968989,45.3886226],[-75.6968661,45.3886352],[-75.6968139,45.3886553],[-75.6963838,45.3888267],[-75.6962771,45.3888679],[-75.6962336,45.3888841],[-75.6961455,45.3889172]]}},{"type":"Feature","properties":{"u":1435531963,"v":901068481,"key":0,"osmid":"538113727","highway":"tertiary","lanes":"2","maxspeed":"40","name":"Campus Avenue","oneway":true,"reversed":"False","length":347.4503002570574,"ref":"","tunnel":"","bridge":"","width":"","access":"","junction":""},"geometry":{"type":"LineString","coordinates":[[-75.6970087,45.3885825],[-75.6969623,45.3885057],[-75.6969109,45.3884179],[-75.6968323,45.3882764],[-75.6968028,45.388227],[-75.6967574,45.3881442],[-75.6967018,45.3880358],[-75.6966868,45.3880036],[-75.6966472,45.3879138],[-75.6966187,45.3878405],[-75.6965902,45.3877671],[-75.6965311,45.3875668],[-75.6964701,45.3873628],[-75.6964509,45.3872792],[-75.6964355,45.3871706],[-75.696416,45.3870602],[-75.6964051,45.3869331],[-75.6963964,45.3868549],[-75.6963874,45.3866278],[-75.6963793,45.3860486],[-75.6963732,45.385611],[-75.6963748,45.3855219]]}},{"type":"Feature","properties":{"u":1435531967,"v":7010355503,"key":0,"osmid":"432365102","highway":"primary","lanes":"3","maxspeed":"60","name":"Bronson Avenue","oneway":true,"reversed":"False","length":180.26325118115344,"ref":"79","tunnel":"","bridge":"","width":"","access":"","junction":""},"geometry":{"type":"LineString","coordinates":[[-75.6936924,45.3895956],[-75.6936369,45.3895289],[-75.6932446,45.3890572],[-75.6928195,45.388536],[-75.6927141,45.3883988],[-75.6925574,45.3881843]]}},{"type":"Feature","properties":{"u":1435781052,"v":2924096375,"key":0,"osmid":"76421311","highway":"unclassified","lanes":"2","maxspeed":"40","name":"Raven Road","oneway":false,"reversed":"True","length":180.74280325440998,"ref":"","tunnel":"","bridge":"","width":"","access":"","junction":""},"geometry":{"type":"LineString","coordinates":[[-75.6919309,45.3846527],[-75.6923962,45.3845125],[-75.6929293,45.3843503],[-75.6930058,45.3843287],[-75.6932928,45.3842391],[-75.6935126,45.3841706],[-75.6938793,45.3840539],[-75.694052,45.3840027]]}},{"type":"Feature","properties":{"u":1435832249,"v":901063580,"key":0,"osmid":"600025673","highway":"tertiary","lanes":"4","maxspeed":"30","name":"University Drive","oneway":false,"reversed":"False","length":34.33755381905565,"ref":"","tunnel":"","bridge":"","width":"","access":"","junction":""},"geometry":{"type":"LineString","coordinates":[[-75.7007457,45.3790274],[-75.7004525,45.3792575]]}},{"type":"Feature","properties":{"u":1435832249,"v":1435832286,"key":0,"osmid":"130333575","highway":"secondary_link","lanes":"1","maxspeed":"30","name":"","oneway":true,"reversed":"False","length":72.88715139762645,"ref":"","tunnel":"","bridge":"","width":"","access":"","junction":""},"geometry":{"type":"LineString","coordinates":[[-75.7007457,45.3790274],[-75.7009523,45.3789459],[-75.701023,45.3789279],[-75.7010794,45.3789213],[-75.7011357,45.3789204],[-75.7011799,45.3789251],[-75.7012202,45.3789355],[-75.7012711,45.3789628],[-75.7013047,45.3789929],[-75.7013301,45.3790278],[-75.7013531,45.379076],[-75.7013858,45.3791955]]}},{"type":"Feature","properties":{"u":1435832249,"v":901070200,"key":0,"osmid":"456570278","highway":"tertiary","lanes":"2","maxspeed":"30","name":"University Drive","oneway":false,"reversed":"True","length":54.478264558333535,"ref":"","tunnel":"","bridge":"","width":"","access":"","junction":""},"geometry":{"type":"LineString","coordinates":[[-75.7007457,45.3790274],[-75.7008107,45.3789784],[-75.7008708,45.3789404],[-75.700922,45.3789151],[-75.7009835,45.3788905],[-75.701064,45.3788688],[-75.7011379,45.3788518],[-75.7012134,45.3788405],[-75.7012393,45.3788374],[-75.7013581,45.3788234]]}},{"type":"Feature","properties":{"u":1435832286,"v":901070200,"key":0,"osmid":"456373012","highway":"secondary","lanes":"3","maxspeed":"60","name":"Colonel By Drive","oneway":false,"reversed":"True","length":41.43221624405111,"ref":"","tunnel":"","bridge":"","width":"","access":"","junction":""},"geometry":{"type":"LineString","coordinates":[[-75.7013858,45.3791955],[-75.7013642,45.3789054],[-75.7013581,45.3788234]]}},{"type":"Feature","properties":{"u":1435832286,"v":1435843451,"key":0,"osmid":[753597132,600025671],"highway":"secondary","lanes":["3","2"],"maxspeed":"60","name":"Colonel By Drive","oneway":false,"reversed":"False","length":482.3712129090419,"ref":"","tunnel":"","bridge":"","width":"","access":"","junction":""},"geometry":{"type":"LineString","coordinates":[[-75.7013858,45.3791955],[-75.7014182,45.3795205],[-75.7014325,45.3796837],[-75.7014377,45.3797856],[-75.7014396,45.3798974],[-75.7014377,45.3800188],[-75.7014313,45.3801498],[-75.7014206,45.3802769],[-75.7014007,45.3804172],[-75.7013796,45.3805274],[-75.701345,45.3806661],[-75.701308,45.3808013],[-75.7012424,45.3809989],[-75.7011834,45.3811601],[-75.7011231,45.3813063],[-75.7010735,45.3814221],[-75.7010178,45.3815376],[-75.7009627,45.3816459],[-75.7008316,45.3818656],[-75.7007567,45.3819867],[-75.7006848,45.3820921],[-75.7006236,45.3821819],[-75.7005681,45.3822542],[-75.700495,45.3823403],[-75.7004129,45.3824355],[-75.7002703,45.382601],[-75.7001772,45.3827062],[-75.7000476,45.3828448],[-75.6999314,45.3829778],[-75.6998125,45.3831144],[-75.6997539,45.3831865],[-75.6996961,45.3832582]]}},{"type":"Feature","properties":{"u":1435832291,"v":901057163,"key":0,"osmid":"137413788","highway":"secondary","lanes":"2","maxspeed":"60","name":"Colonel By Drive","oneway":false,"reversed":"False","length":833.1629300906777,"ref":"","tunnel":"","bridge":"","width":"","access":"","junction":""},"geometry":{"type":"LineString","coordinates":[[-75.6991286,45.3846177],[-75.6991175,45.3847163],[-75.6991115,45.3848107],[-75.6991079,45.3849174],[-75.6991107,45.3850135],[-75.6991139,45.3851092],[-75.6991211,45.3852017],[-75.6991347,45.3852942],[-75.6991533,45.3853967],[-75.6991738,45.3854956],[-75.6991978,45.3855926],[-75.6992419,45.3857373],[-75.6995649,45.3867923],[-75.6997081,45.3872481],[-75.7000612,45.388417],[-75.7001382,45.3886586],[-75.700218,45.3889153],[-75.700254,45.3890398],[-75.7002754,45.3891386],[-75.7002954,45.3892338],[-75.7003096,45.3893225],[-75.7003227,45.3894164],[-75.7003304,45.3895011],[-75.7003358,45.3895933],[-75.7003391,45.3896914],[-75.7003368,45.3897922],[-75.7003295,45.3898862],[-75.70032,45.3899867],[-75.7003091,45.3900691],[-75.7002929,45.3901592],[-75.700276,45.3902447],[-75.700252,45.3903491],[-75.7002233,45.3904497],[-75.7001877,45.3905583],[-75.7001475,45.3906567],[-75.7000946,45.3907699],[-75.7000463,45.390869],[-75.6999983,45.390971],[-75.6999378,45.3910743],[-75.6998856,45.3911537],[-75.6998299,45.3912382],[-75.699756,45.391336],[-75.6996859,45.3914274],[-75.6996128,45.3915116],[-75.6995251,45.3916055],[-75.6993172,45.3918109],[-75.6992714,45.3918537]]}},{"type":"Feature","properties":{"u":1435832291,"v":1435843451,"key":0,"osmid":"753597131","highway":"secondary","lanes":"1","maxspeed":"60","name":"Colonel By Drive","oneway":true,"reversed":"False","length":158.25541076228635,"ref":"","tunnel":"","bridge":"","width":"","access":"","junction":""},"geometry":{"type":"LineString","coordinates":[[-75.6991286,45.3846177],[-75.699167,45.3844708],[-75.6992007,45.3843056],[-75.6992218,45.384225],[-75.6993018,45.3839949],[-75.6993406,45.3839032],[-75.699449,45.3836957],[-75.6994911,45.3836171],[-75.6995371,45.3835442],[-75.6995947,45.3834511],[-75.699647,45.3833744],[-75.6996961,45.3832582]]}},{"type":"Feature","properties":{"u":1435843451,"v":1435832291,"key":0,"osmid":"753597130","highway":"secondary","lanes":"1","maxspeed":"60","name":"Colonel By Drive","oneway":true,"reversed":"False","length":160.83234036397312,"ref":"","tunnel":"","bridge":"","width":"","access":"","junction":""},"geometry":{"type":"LineString","coordinates":[[-75.6996961,45.3832582],[-75.6995893,45.3833622],[-75.6995244,45.3834436],[-75.6993902,45.3836231],[-75.6992565,45.3838818],[-75.6991891,45.3840441],[-75.6991535,45.3841686],[-75.6991259,45.3842989],[-75.6991176,45.384381],[-75.6991214,45.3844689],[-75.6991286,45.3846177]]}},{"type":"Feature","properties":{"u":1435843451,"v":1435832286,"key":0,"osmid":[753597132,600025671],"highway":"secondary","lanes":["3","2"],"maxspeed":"60","name":"Colonel By Drive","oneway":false,"reversed":"True","length":482.371212909042,"ref":"","tunnel":"","bridge":"","width":"","access":"","junction":""},"geometry":{"type":"LineString","coordinates":[[-75.6996961,45.3832582],[-75.6997539,45.3831865],[-75.6998125,45.3831144],[-75.6999314,45.3829778],[-75.7000476,45.3828448],[-75.7001772,45.3827062],[-75.7002703,45.382601],[-75.7004129,45.3824355],[-75.700495,45.3823403],[-75.7005681,45.3822542],[-75.7006236,45.3821819],[-75.7006848,45.3820921],[-75.7007567,45.3819867],[-75.7008316,45.3818656],[-75.7009627,45.3816459],[-75.7010178,45.3815376],[-75.7010735,45.3814221],[-75.7011231,45.3813063],[-75.7011834,45.3811601],[-75.7012424,45.3809989],[-75.701308,45.3808013],[-75.701345,45.3806661],[-75.7013796,45.3805274],[-75.7014007,45.3804172],[-75.7014206,45.3802769],[-75.7014313,45.3801498],[-75.7014377,45.3800188],[-75.7014396,45.3798974],[-75.7014377,45.3797856],[-75.7014325,45.3796837],[-75.7014182,45.3795205],[-75.7013858,45.3791955]]}},{"type":"Feature","properties":{"u":2611776630,"v":901064345,"key":0,"osmid":"8919513","highway":"primary_link","lanes":"1","maxspeed":"","name":"","oneway":true,"reversed":"False","length":102.21193921183588,"ref":"","tunnel":"","bridge":"","width":"","access":"no","junction":""},"geometry":{"type":"LineString","coordinates":[[-75.6880692,45.377153],[-75.6883707,45.3770917],[-75.6890333,45.3770289],[-75.6891305,45.3770138],[-75.689197,45.3769867],[-75.6893113,45.3769188]]}},{"type":"Feature","properties":{"u":2611776630,"v":1435007349,"key":0,"osmid":[1382206874,435296020],"highway":"primary","lanes":"3","maxspeed":"60","name":"Heron Road","oneway":true,"reversed":"False","length":69.20499825199437,"ref":"16","tunnel":"","bridge":"","width":"","access":"","junction":""},"geometry":{"type":"LineString","coordinates":[[-75.6880692,45.377153],[-75.6884442,45.3771266],[-75.6889508,45.3770909]]}},{"type":"Feature","properties":{"u":2924096375,"v":1435781052,"key":0,"osmid":"76421311","highway":"unclassified","lanes":"2","maxspeed":"40","name":"Raven Road","oneway":false,"reversed":"False","length":180.74280325440992,"ref":"","tunnel":"","bridge":"","width":"","access":"","junction":""},"geometry":{"type":"LineString","coordinates":[[-75.694052,45.3840027],[-75.6938793,45.3840539],[-75.6935126,45.3841706],[-75.6932928,45.3842391],[-75.6930058,45.3843287],[-75.6929293,45.3843503],[-75.6923962,45.3845125],[-75.6919309,45.3846527]]}},{"type":"Feature","properties":{"u":2924096375,"v":5157889159,"key":0,"osmid":[637334960,637334959,264387279],"highway":"tertiary","lanes":"2","maxspeed":"","name":"University Drive","oneway":false,"reversed":"True","length":309.8648933456119,"ref":"","tunnel":"","bridge":"","width":"","access":"","junction":""},"geometry":{"type":"LineString","coordinates":[[-75.694052,45.3840027],[-75.6940048,45.3839279],[-75.6937829,45.3835593],[-75.6937782,45.3835516],[-75.6937377,45.383488],[-75.6937072,45.3834269],[-75.693685,45.3833617],[-75.6936743,45.3833023],[-75.6936747,45.3832403],[-75.6936827,45.3831883],[-75.6936961,45.3831322],[-75.6937035,45.3831181],[-75.6937248,45.3830771],[-75.6937555,45.3830321],[-75.6937996,45.3829795],[-75.6938541,45.3829319],[-75.6939121,45.3828843],[-75.6939774,45.3828342],[-75.6940442,45.3827833],[-75.6941151,45.3827371],[-75.6941955,45.3826888],[-75.6942703,45.3826482],[-75.6943544,45.3826123],[-75.6944615,45.382569],[-75.694536,45.3825381],[-75.6945987,45.3825149],[-75.6947732,45.3824502],[-75.6950222,45.3823693],[-75.6950493,45.38236],[-75.6952679,45.3822853],[-75.6953456,45.3822651],[-75.6954273,45.3822602],[-75.6954793,45.3822677],[-75.695515,45.3822823],[-75.6955557,45.3823017],[-75.6956679,45.3823874],[-75.695672,45.3823923],[-75.6957408,45.3824755]]}},{"type":"Feature","properties":{"u":2924096375,"v":900080100,"key":0,"osmid":[463644771,880435924,76421261,1283505591],"highway":"tertiary","lanes":"2","maxspeed":"40","name":"University Drive","oneway":false,"reversed":"False","length":203.20209592195928,"ref":"","tunnel":"","bridge":"","width":"","access":"","junction":""},"geometry":{"type":"LineString","coordinates":[[-75.694052,45.3840027],[-75.6940979,45.3840763],[-75.6946712,45.3850254],[-75.6947127,45.3850989],[-75.6947705,45.3851982],[-75.6949436,45.3854909],[-75.695,45.3857]]}},{"type":"Feature","properties":{"u":900080100,"v":7010355498,"key":0,"osmid":[463644771,880435924,76421261,1283505591],"highway":"tertiary","lanes":"2","maxspeed":"40","name":"University Drive","oneway":false,"reversed":"False","length":215.94902735938643,"ref":"","tunnel":"","bridge":"","width":"","access":"","junction":""},"geometry":{"type":"LineString","coordinates":[[-75.695,45.3857],[-75.6950505,45.3856701],[-75.6950788,45.3857176],[-75.6951055,45.3857566],[-75.6951506,45.385835],[-75.6951924,45.3859158],[-75.6952338,45.3860058],[-75.6952783,45.3861175],[-75.6953118,45.3862095],[-75.6953445,45.3863021],[-75.6953846,45.3864432],[-75.6954181,45.3865705],[-75.6954409,45.3866742],[-75.6954679,45.3867907],[-75.6955432,45.3871249],[-75.6956315,45.3875148]]}},{"type":"Feature","properties":{"u":4658776914,"v":957626550,"key":0,"osmid":[83748346,538563924],"highway":"unclassified","lanes":"1","maxspeed":"25","name":"","oneway":true,"reversed":"False","length":161.02639669023267,"ref":"","tunnel":"","bridge":"","width":"","access":"","junction":""},"geometry":{"type":"LineString","coordinates":[[-75.6891628,45.3773511],[-75.6890374,45.3773598],[-75.6887781,45.3773788],[-75.6885216,45.3773976],[-75.6883592,45.3774095],[-75.6883139,45.3774152],[-75.6882554,45.3774261],[-75.6879853,45.3774823],[-75.6878044,45.3775198],[-75.6877607,45.3775266],[-75.687721,45.3775322],[-75.6875998,45.3775496],[-75.6875161,45.3775578],[-75.6874566,45.3775587],[-75.6874006,45.3775548],[-75.6873259,45.3775437],[-75.6871459,45.3774983]]}},{"type":"Feature","properties":{"u":5077617133,"v":901053754,"key":0,"osmid":"76421568","highway":"residential","lanes":"2","maxspeed":"30","name":"Roslyn Avenue","oneway":false,"reversed":"True","length":87.53717446009287,"ref":"","tunnel":"","bridge":"","width":"","access":"","junction":""},"geometry":{"type":"LineString","coordinates":[[-75.6908243,45.3937518],[-75.6903221,45.3931412],[-75.6902975,45.393111],[-75.6902641,45.3930699]]}},{"type":"Feature","properties":{"u":5157889159,"v":901063580,"key":0,"osmid":[463644772,538113725,264387278,130335831],"highway":"tertiary","lanes":"2","maxspeed":"30","name":"University Drive","oneway":false,"reversed":"True","length":516.4543844982618,"ref":"","tunnel":"building_passage","bridge":"","width":"","access":"","junction":""},"geometry":{"type":"LineString","coordinates":[[-75.6957408,45.3824755],[-75.6958162,45.3824557],[-75.6958533,45.3824434],[-75.6958825,45.3824349],[-75.6959058,45.3824238],[-75.6959728,45.3823898],[-75.6964357,45.38216],[-75.6964435,45.3821554],[-75.6964533,45.3821496],[-75.6965162,45.382116],[-75.6965793,45.3820823],[-75.69666,45.3820386],[-75.6967165,45.3819965],[-75.696969,45.3817341],[-75.6969845,45.3817202],[-75.6970233,45.3816881],[-75.6970674,45.381661],[-75.6971626,45.3816165],[-75.6972603,45.3815657],[-75.6973543,45.3815169],[-75.6974384,45.38147],[-75.6975484,45.3814056],[-75.6976351,45.3813482],[-75.6977303,45.3812829],[-75.69809,45.3810134],[-75.6985303,45.3806901],[-75.6988725,45.3804403],[-75.6988899,45.3804276],[-75.6989942,45.3803423],[-75.6992897,45.3801152],[-75.6993726,45.3800531],[-75.6994772,45.3799687],[-75.7004525,45.3792575]]}},{"type":"Feature","properties":{"u":5157889159,"v":2924096375,"key":0,"osmid":[637334960,264387279,637334959],"highway":"tertiary","lanes":"2","maxspeed":"","name":"University Drive","oneway":false,"reversed":"False","length":309.8648933456118,"ref":"","tunnel":"","bridge":"","width":"","access":"","junction":""},"geometry":{"type":"LineString","coordinates":[[-75.6957408,45.3824755],[-75.695672,45.3823923],[-75.6956679,45.3823874],[-75.6955557,45.3823017],[-75.695515,45.3822823],[-75.6954793,45.3822677],[-75.6954273,45.3822602],[-75.6953456,45.3822651],[-75.6952679,45.3822853],[-75.6950493,45.38236],[-75.6950222,45.3823693],[-75.6947732,45.3824502],[-75.6945987,45.3825149],[-75.694536,45.3825381],[-75.6944615,45.382569],[-75.6943544,45.3826123],[-75.6942703,45.3826482],[-75.6941955,45.3826888],[-75.6941151,45.3827371],[-75.6940442,45.3827833],[-75.6939774,45.3828342],[-75.6939121,45.3828843],[-75.6938541,45.3829319],[-75.6937996,45.3829795],[-75.6937555,45.3830321],[-75.6937248,45.3830771],[-75.6937035,45.3831181],[-75.6936961,45.3831322],[-75.6936827,45.3831883],[-75.6936747,45.3832403],[-75.6936743,45.3833023],[-75.693685,45.3833617],[-75.6937072,45.3834269],[-75.6937377,45.383488],[-75.6937782,45.3835516],[-75.6937829,45.3835593],[-75.6940048,45.3839279],[-75.694052,45.3840027]]}},{"type":"Feature","properties":{"u":5222571303,"v":905118768,"key":0,"osmid":"76843216","highway":"primary_link","lanes":"1","maxspeed":"","name":"","oneway":true,"reversed":"False","length":86.53225040958505,"ref":"","tunnel":"","bridge":"","width":"","access":"","junction":""},"geometry":{"type":"LineString","coordinates":[[-75.6960127,45.3929682],[-75.6960313,45.3929085],[-75.6960398,45.3928906],[-75.6960529,45.3928683],[-75.6960772,45.3928495],[-75.6961133,45.392829],[-75.6961653,45.3928124],[-75.6962152,45.3928033],[-75.6962823,45.3928021],[-75.6967127,45.3928043],[-75.6967694,45.392807],[-75.6968214,45.3928118],[-75.6969069,45.3928267],[-75.696975,45.3928466]]}},{"type":"Feature","properties":{"u":5222571303,"v":1435066117,"key":0,"osmid":"600412831","highway":"primary","lanes":"2","maxspeed":"60","name":"Bronson Avenue","oneway":true,"reversed":"False","length":43.321617162152734,"ref":"79","tunnel":"","bridge":"","width":"","access":"","junction":""},"geometry":{"type":"LineString","coordinates":[[-75.6960127,45.3929682],[-75.695957,45.3927936],[-75.695881,45.3925898]]}},{"type":"Feature","properties":{"u":5316483277,"v":901066222,"key":0,"osmid":"76421234","highway":"residential","lanes":"2","maxspeed":"30","name":"Sloan Avenue","oneway":false,"reversed":"False","length":215.9806539828871,"ref":"","tunnel":"","bridge":"","width":"","access":"","junction":""},"geometry":{"type":"LineString","coordinates":[[-75.6913968,45.3879223],[-75.6918382,45.3882279],[-75.6920305,45.388357],[-75.6922687,45.3886735],[-75.6928747,45.3895365]]}},{"type":"Feature","properties":{"u":5710064748,"v":940951688,"key":0,"osmid":"8919535","highway":"unclassified","lanes":"1","maxspeed":"","name":"","oneway":true,"reversed":"False","length":46.14755213832021,"ref":"","tunnel":"","bridge":"","width":"","access":"","junction":""},"geometry":{"type":"LineString","coordinates":[[-75.6889342,45.3765712],[-75.688943,45.3766328],[-75.68893,45.3767364],[-75.6889172,45.3767871],[-75.6889037,45.3768324],[-75.6888725,45.3768708],[-75.6887868,45.3769594]]}},{"type":"Feature","properties":{"u":6978063720,"v":901056459,"key":0,"osmid":"76419003","highway":"residential","lanes":"2","maxspeed":"30","name":"Carlyle Avenue","oneway":false,"reversed":"True","length":42.8366238906261,"ref":"","tunnel":"","bridge":"","width":"","access":"","junction":""},"geometry":{"type":"LineString","coordinates":[[-75.693161,45.3933193],[-75.6928756,45.3929903]]}},{"type":"Feature","properties":{"u":7010355498,"v":8581420062,"key":0,"osmid":"130298108","highway":"tertiary","lanes":"2","maxspeed":"40","name":"University Drive","oneway":false,"reversed":"False","length":19.170824390106393,"ref":"","tunnel":"","bridge":"","width":"","access":"","junction":""},"geometry":{"type":"LineString","coordinates":[[-75.6956315,45.3875148],[-75.695638,45.3875448],[-75.69564,45.3875533],[-75.6956715,45.3876849]]}},{"type":"Feature","properties":{"u":7010355498,"v":8581420063,"key":0,"osmid":"924632856","highway":"unclassified","lanes":"2","maxspeed":"","name":"Stadium Way","oneway":false,"reversed":"True","length":48.94762858261487,"ref":"","tunnel":"","bridge":"","width":"","access":"","junction":""},"geometry":{"type":"LineString","coordinates":[[-75.6956315,45.3875148],[-75.6954506,45.387539],[-75.6950176,45.3876035]]}},{"type":"Feature","properties":{"u":7010355498,"v":900080100,"key":0,"osmid":[463644771,880435924,76421261,1283505591],"highway":"tertiary","lanes":"2","maxspeed":"40","name":"University Drive","oneway":false,"reversed":"True","length":211.52287445774587,"ref":"","tunnel":"","bridge":"","width":"","access":"","junction":""},"geometry":{"type":"LineString","coordinates":[[-75.6956315,45.3875148],[-75.6955432,45.3871249],[-75.6954679,45.3867907],[-75.6954409,45.3866742],[-75.6954181,45.3865705],[-75.6953846,45.3864432],[-75.6953445,45.3863021],[-75.6953118,45.3862095],[-75.6952783,45.3861175],[-75.6952338,45.3860058],[-75.6951924,45.3859158],[-75.6951506,45.385835],[-75.6951055,45.3857566],[-75.6950788,45.3857176],[-75.695,45.3857]]}},{"type":"Feature","properties":{"u":900080100,"v":2924096375,"key":0,"osmid":[463644771,880435924,76421261,1283505591],"highway":"tertiary","lanes":"2","maxspeed":"40","name":"University Drive","oneway":false,"reversed":"True","length":206.3003018736674,"ref":"","tunnel":"","bridge":"","width":"","access":"","junction":""},"geometry":{"type":"LineString","coordinates":[[-75.695,45.3857],[-75.6950505,45.3856701],[-75.6949436,45.3854909],[-75.6947705,45.3851982],[-75.6947127,45.3850989],[-75.6946712,45.3850254],[-75.6940979,45.3840763],[-75.694052,45.3840027]]}},{"type":"Feature","properties":{"u":7010355503,"v":8581420063,"key":0,"osmid":[749667989,749667991],"highway":"unclassified","lanes":"2","maxspeed":"","name":"Stadium Way","oneway":false,"reversed":[false,true],"length":205.12068231057114,"ref":"","tunnel":"","bridge":"","width":"","access":"","junction":""},"geometry":{"type":"LineString","coordinates":[[-75.6925574,45.3881843],[-75.6926334,45.3881544],[-75.6927118,45.3881224],[-75.6927396,45.3881111],[-75.6927618,45.3881027],[-75.6930649,45.3879831],[-75.6933937,45.38787],[-75.6935372,45.3878244],[-75.6936876,45.3877867],[-75.6939943,45.3877203],[-75.6941499,45.3876902],[-75.694284,45.3876685],[-75.6943413,45.3876592],[-75.6944103,45.3876488],[-75.6945408,45.3876373],[-75.6947802,45.3876261],[-75.6949009,45.3876177],[-75.6950176,45.3876035]]}},{"type":"Feature","properties":{"u":7010355503,"v":901069328,"key":0,"osmid":[1283505594,1328264314,490908991],"highway":"primary","lanes":["4","3"],"maxspeed":"60","name":"Bronson Avenue","oneway":true,"reversed":"False","length":157.96270982345277,"ref":"79","tunnel":"","bridge":"","width":"","access":"","junction":""},"geometry":{"type":"LineString","coordinates":[[-75.6925574,45.3881843],[-75.6923893,45.387976],[-75.6923188,45.3878844],[-75.6920576,45.3875449],[-75.6916594,45.3870205],[-75.6916469,45.3870034],[-75.6915963,45.3869344]]}},{"type":"Feature","properties":{"u":7041068350,"v":905099455,"key":0,"osmid":"397100633","highway":"trunk_link","lanes":"1","maxspeed":"","name":"","oneway":true,"reversed":"False","length":9.283259773839907,"ref":"","tunnel":"","bridge":"","width":"","access":"","junction":""},"geometry":{"type":"LineString","coordinates":[[-75.6870705,45.3821643],[-75.6869895,45.3821032]]}},{"type":"Feature","properties":{"u":8581420062,"v":1435531959,"key":0,"osmid":"130298108","highway":"tertiary","lanes":"2","maxspeed":"40","name":"University Drive","oneway":false,"reversed":"False","length":64.77752007027681,"ref":"","tunnel":"","bridge":"","width":"","access":"","junction":""},"geometry":{"type":"LineString","coordinates":[[-75.6956715,45.3876849],[-75.6958038,45.38826]]}},{"type":"Feature","properties":{"u":8581420062,"v":7010355498,"key":0,"osmid":"130298108","highway":"tertiary","lanes":"2","maxspeed":"40","name":"University Drive","oneway":false,"reversed":"True","length":19.170824390106393,"ref":"","tunnel":"","bridge":"","width":"","access":"","junction":""},"geometry":{"type":"LineString","coordinates":[[-75.6956715,45.3876849],[-75.69564,45.3875533],[-75.695638,45.3875448],[-75.6956315,45.3875148]]}},{"type":"Feature","properties":{"u":8581420063,"v":7010355503,"key":0,"osmid":[749667989,749667991],"highway":"unclassified","lanes":"2","maxspeed":"","name":"Stadium Way","oneway":false,"reversed":[false,true],"length":205.12068231057114,"ref":"","tunnel":"","bridge":"","width":"","access":"","junction":""},"geometry":{"type":"LineString","coordinates":[[-75.6950176,45.3876035],[-75.6949009,45.3876177],[-75.6947802,45.3876261],[-75.6945408,45.3876373],[-75.6944103,45.3876488],[-75.6943413,45.3876592],[-75.694284,45.3876685],[-75.6941499,45.3876902],[-75.6939943,45.3877203],[-75.6936876,45.3877867],[-75.6935372,45.3878244],[-75.6933937,45.38787],[-75.6930649,45.3879831],[-75.6927618,45.3881027],[-75.6927396,45.3881111],[-75.6927118,45.3881224],[-75.6926334,45.3881544],[-75.6925574,45.3881843]]}},{"type":"Feature","properties":{"u":8581420063,"v":7010355498,"key":0,"osmid":"924632856","highway":"unclassified","lanes":"2","maxspeed":"","name":"Stadium Way","oneway":false,"reversed":"False","length":48.94762858261487,"ref":"","tunnel":"","bridge":"","width":"","access":"","junction":""},"geometry":{"type":"LineString","coordinates":[[-75.6950176,45.3876035],[-75.6954506,45.387539],[-75.6956315,45.3875148]]}},{"type":"Feature","properties":{"u":8581420063,"v":8581420062,"key":0,"osmid":"924632863","highway":"unclassified","lanes":"1","maxspeed":"","name":"Stadium Way","oneway":true,"reversed":"False","length":53.15702383692205,"ref":"","tunnel":"","bridge":"","width":"","access":"","junction":""},"geometry":{"type":"LineString","coordinates":[[-75.6950176,45.3876035],[-75.6952402,45.3875941],[-75.6953797,45.3875988],[-75.6954698,45.3876156],[-75.6955366,45.3876346],[-75.6956715,45.3876849]]}},{"type":"Feature","properties":{"u":9370739420,"v":1435531963,"key":0,"osmid":[130298111,130298110,130331839],"highway":"tertiary","lanes":"2","maxspeed":"40","name":"Campus Avenue","oneway":false,"reversed":"False","length":77.00707185483172,"ref":"","tunnel":"","bridge":"yes","width":"","access":"","junction":""},"geometry":{"type":"LineString","coordinates":[[-75.6961455,45.3889172],[-75.6962336,45.3888841],[-75.6962771,45.3888679],[-75.6963838,45.3888267],[-75.6968139,45.3886553],[-75.6968661,45.3886352],[-75.6968989,45.3886226],[-75.6970087,45.3885825]]}},{"type":"Feature","properties":{"u":9370739420,"v":9370739436,"key":0,"osmid":"1015917694","highway":"tertiary","lanes":"2","maxspeed":"","name":"","oneway":true,"reversed":"False","length":16.413326192375248,"ref":"","tunnel":"","bridge":"","width":"","access":"","junction":"roundabout"},"geometry":{"type":"LineString","coordinates":[[-75.6961455,45.3889172],[-75.6961327,45.3888814],[-75.6961056,45.3888498],[-75.6960667,45.388825],[-75.6960192,45.3888092]]}},{"type":"Feature","properties":{"u":9370739423,"v":9370739424,"key":0,"osmid":"1016688284","highway":"tertiary","lanes":"2","maxspeed":"","name":"","oneway":true,"reversed":"False","length":8.346095409869715,"ref":"","tunnel":"","bridge":"","width":"","access":"","junction":"roundabout"},"geometry":{"type":"LineString","coordinates":[[-75.6958233,45.3888543],[-75.695798,45.3888874],[-75.6957878,45.3889242]]}},{"type":"Feature","properties":{"u":9370739424,"v":905117604,"key":0,"osmid":[1015917698,1267602299],"highway":"tertiary","lanes":["3","2"],"maxspeed":"40","name":"University Drive","oneway":true,"reversed":"False","length":128.19815925148205,"ref":"","tunnel":"","bridge":"","width":"","access":"","junction":""},"geometry":{"type":"LineString","coordinates":[[-75.6957878,45.3889242],[-75.6957189,45.389006],[-75.6956635,45.389043],[-75.6955946,45.3890837],[-75.6954167,45.3891714],[-75.6953166,45.3892232],[-75.6952005,45.3892848],[-75.6948118,45.3894751],[-75.6946893,45.3895337],[-75.694494,45.3896198]]}},{"type":"Feature","properties":{"u":9370739424,"v":9370739431,"key":0,"osmid":"1016688283","highway":"tertiary","lanes":"2","maxspeed":"","name":"","oneway":true,"reversed":"False","length":17.873499945302623,"ref":"","tunnel":"","bridge":"","width":"","access":"","junction":"roundabout"},"geometry":{"type":"LineString","coordinates":[[-75.6957878,45.3889242],[-75.6957944,45.3889641],[-75.6958186,45.3890005],[-75.6958579,45.3890297],[-75.6959083,45.3890488]]}},{"type":"Feature","properties":{"u":9370739431,"v":9370739420,"key":0,"osmid":"1016688285","highway":"tertiary","lanes":"2","maxspeed":"","name":"","oneway":true,"reversed":"False","length":27.943689604934068,"ref":"","tunnel":"","bridge":"","width":"","access":"","junction":"roundabout"},"geometry":{"type":"LineString","coordinates":[[-75.6959083,45.3890488],[-75.6959623,45.3890557],[-75.696019,45.3890503],[-75.6960705,45.3890326],[-75.6961114,45.3890045],[-75.6961328,45.3889751],[-75.6961454,45.3889432],[-75.6961455,45.3889172]]}},{"type":"Feature","properties":{"u":9370739436,"v":1435531959,"key":0,"osmid":[1283505593,1015917699],"highway":"tertiary","lanes":"2","maxspeed":"40","name":"University Drive","oneway":true,"reversed":"False","length":63.72288970676615,"ref":"","tunnel":"","bridge":"","width":"","access":"","junction":""},"geometry":{"type":"LineString","coordinates":[[-75.6960192,45.3888092],[-75.6959776,45.3887586],[-75.6959606,45.3887295],[-75.6959458,45.3887042],[-75.6959343,45.388672],[-75.695893,45.3885479],[-75.6958688,45.3884462],[-75.6958511,45.3883719],[-75.6958301,45.3883178],[-75.6958038,45.38826]]}},{"type":"Feature","properties":{"u":9370739436,"v":9370739423,"key":0,"osmid":"1016688282","highway":"tertiary","lanes":"2","maxspeed":"","name":"","oneway":true,"reversed":"False","length":17.082782074081177,"ref":"","tunnel":"","bridge":"","width":"","access":"","junction":"roundabout"},"geometry":{"type":"LineString","coordinates":[[-75.6960192,45.3888092],[-75.6959651,45.3888038],[-75.6959111,45.38881],[-75.6958623,45.3888274],[-75.6958233,45.3888543]]}},{"type":"Feature","properties":{"u":11772764640,"v":11772764642,"key":0,"osmid":"305214699","highway":"primary","lanes":"3","maxspeed":"60","name":"Bronson Avenue","oneway":true,"reversed":"False","length":9.258328699411694,"ref":"79","tunnel":"","bridge":"","width":"","access":"","junction":""},"geometry":{"type":"LineString","coordinates":[[-75.693956,45.389937],[-75.6938977,45.3898645]]}},{"type":"Feature","properties":{"u":11772764640,"v":901070712,"key":0,"osmid":"305941312","highway":"tertiary","lanes":"1","maxspeed":"40","name":"University Drive","oneway":true,"reversed":"False","length":22.86055236035173,"ref":"","tunnel":"","bridge":"","width":"","access":"","junction":""},"geometry":{"type":"LineString","coordinates":[[-75.693956,45.389937],[-75.6940701,45.3898931],[-75.6941178,45.3898734],[-75.6942103,45.3898352]]}},{"type":"Feature","properties":{"u":11772764642,"v":901063167,"key":0,"osmid":"1300505855","highway":"tertiary","lanes":"3","maxspeed":"40","name":"University Drive","oneway":true,"reversed":"False","length":16.1867013030645,"ref":"","tunnel":"","bridge":"","width":"","access":"","junction":""},"geometry":{"type":"LineString","coordinates":[[-75.6938977,45.3898645],[-75.6937182,45.3899373]]}},{"type":"Feature","properties":{"u":11772764642,"v":1435531967,"key":0,"osmid":"1300505854","highway":"primary","lanes":"3","maxspeed":"60","name":"Bronson Avenue","oneway":true,"reversed":"False","length":33.927183539166975,"ref":"79","tunnel":"","bridge":"","width":"","access":"","junction":""},"geometry":{"type":"LineString","coordinates":[[-75.6938977,45.3898645],[-75.6938554,45.3898092],[-75.6938253,45.3897697],[-75.6936924,45.3895956]]}},{"type":"Feature","properties":{"u":900070001,"v":900070002,"key":0,"osmid":"carleton_scenario07_r28","highway":"residential","lanes":"2","maxspeed":"40","name":"Raven Rd emergency link (scenario 07)","oneway":false,"reversed":"False","length":351.8049164925254,"ref":"","tunnel":"","bridge":"","width":"","access":"","junction":"","scenario07_emergency":true},"geometry":{"type":"LineString","coordinates":[[-75.694052,45.3840027],[-75.694,45.384],[-75.6903,45.3851],[-75.6901823,45.3850997]]}}]}