lot,campus_exit,campus_exit_from_t0_s,campus_exit_travel_s,finish_exit,finish_from_t0_s
P6,Bronson Ave & University Dr,247,186,Brewer Park,4635
P7,Bronson Ave & University Dr,10276,10215,Brewer Park,10749
P5,Stadium Way,3221,3160,Brewer Park,3332
P7,Bronson Ave & University Dr,8677,8616,Brewer Park,9157
P1,Colonel By,362,301,Hogs Back Plaza (SW dest.),605
P7,Bronson Ave & University Dr,7973,7912,Brewer Park,8458
P3,Raven Rd emergency,1029,968,Brewer Park,1662
P7,Bronson Ave & University Dr,11597,11536,Brewer Park,12062
P5,Stadium Way,3244,3183,Brewer Park,3353
P7,Bronson Ave & University Dr,8696,8635,Brewer Park,9167
P7,Bronson Ave & University Dr,9101,9040,Brewer Park,9565
P5,Stadium Way,2700,2639,Brewer Park,2809
P5,Stadium Way,3755,3694,Brewer Park,3870
P7,Bronson Ave & University Dr,8803,8742,Brewer Park,9273
P3,Raven Rd emergency,520,459,Brewer Park,1232
P7,Bronson Ave & University Dr,9971,9910,Brewer Park,10452
P5,Stadium Way,2616,2555,Brewer Park,2727
P7,Bronson Ave & University Dr,11402,11341,Brewer Park,11890
P5,Stadium Way,148,87,Brewer Park,177
P6,Bronson Ave & University Dr,6946,6885,Brewer Park,7414
P3,Raven Rd emergency,1252,1191,Brewer Park,1890
P6,Bronson Ave & University Dr,5500,5439,Brewer Park,5958
P7,Bronson Ave & University Dr,9277,9216,Brewer Park,9745
P5,Stadium Way,3113,3052,Brewer Park,3229
P2,Colonel By,485,424,Hogs Back Plaza (SW dest.),826
P3,Raven Rd emergency,225,164,Brewer Park,466
P5,Stadium Way,2996,2935,Brewer Park,3104
P5,Stadium Way,2967,2906,Brewer Park,3074
P7,Bronson Ave & University Dr,10183,10122,Brewer Park,10658
P3,Raven Rd emergency,652,591,Brewer Park,1332
P7,Bronson Ave & University Dr,11252,11191,Brewer Park,11726
P5,Stadium Way,2082,2021,Brewer Park,2192
P2,Colonel By,624,563,Hogs Back Plaza (SW dest.),1082
P5,Stadium Way,2443,2382,Brewer Park,2553
P7,Bronson Ave & University Dr,11452,11391,Brewer Park,11927
P6,Bronson Ave & University Dr,4598,4537,Brewer Park,5078
P7,Bronson Ave & University Dr,9368,9307,Brewer Park,9841
P3,Raven Rd emergency,322,261,Brewer Park,740
P6,Bronson Ave & University Dr,7247,7186,Brewer Park,7714
P7,Bronson Ave & University Dr,10247,10186,Brewer Park,11031
P5,Stadium Way,2653,2592,Brewer Park,2762
P7,Bronson Ave & University Dr,10762,10701,Brewer Park,11225
P7,Bronson Ave & University Dr,10268,10207,Brewer Park,11052
P5,Stadium Way,1799,1738,Brewer Park,1904
P7,Bronson Ave & University Dr,9236,9175,Brewer Park,9707
P4,Stadium Way,3004,2943,Brewer Park,3114
P1,Colonel By,210,149,Hogs Back Plaza (SW dest.),421
P7,Bronson Ave & University Dr,8085,8024,Brewer Park,8561
P5,Stadium Way,543,482,Brewer Park,651
P5,Stadium Way,1689,1628,Brewer Park,1801
P5,Stadium Way,2819,2758,Brewer Park,2931
P7,Bronson Ave & University Dr,8655,8594,Brewer Park,9131
P5,Stadium Way,1197,1136,Brewer Park,1307
P1,Colonel By,213,152,Hogs Back Plaza (SW dest.),425
P3,Raven Rd emergency,379,318,Brewer Park,919
P5,Stadium Way,2914,2853,Brewer Park,3033
P5,Stadium Way,2464,2403,Brewer Park,2578
P6,Bronson Ave & University Dr,5914,5853,Brewer Park,6390
P6,Bronson Ave & University Dr,5951,5890,Brewer Park,6427
P6,Bronson Ave & University Dr,4721,4660,Brewer Park,5193
P5,Stadium Way,1952,1891,Brewer Park,2067
P7,Bronson Ave & University Dr,11620,11559,Brewer Park,12406
P5,Stadium Way,2641,2580,Brewer Park,2750
P5,Stadium Way,249,188,Brewer Park,329
P5,Stadium Way,1199,1138,Brewer Park,1311
P7,Bronson Ave & University Dr,11674,11613,Brewer Park,12458
P4,Stadium Way,4104,4043,Brewer Park,4212
P7,Bronson Ave & University Dr,8155,8094,Brewer Park,8622
P5,Stadium Way,255,194,Brewer Park,338
P7,Bronson Ave & University Dr,11056,10995,Brewer Park,11518
P7,Bronson Ave & University Dr,10925,10864,Brewer Park,11402
P3,Raven Rd emergency,112,51,Brewer Park,211
P4,Stadium Way,3995,3934,Brewer Park,4107
P3,Raven Rd emergency,739,678,Brewer Park,1403
P6,Bronson Ave & University Dr,5975,5914,Brewer Park,6437
P5,Stadium Way,3711,3650,Brewer Park,3823
P6,Bronson Ave & University Dr,5816,5755,Brewer Park,6287
P6,Bronson Ave & University Dr,5713,5652,Brewer Park,6183
P7,Bronson Ave & University Dr,11943,11882,Brewer Park,12729
P7,Bronson Ave & University Dr,8729,8668,Brewer Park,9213
P7,Bronson Ave & University Dr,11140,11079,Brewer Park,11612
P4,Stadium Way,4033,3972,Brewer Park,4144
P1,Colonel By,125,64,Hogs Back Plaza (SW dest.),309
P2,Colonel By,238,177,Hogs Back Plaza (SW dest.),781
P1,Colonel By,415,354,Hogs Back Plaza (SW dest.),669
P6,Bronson Ave & University Dr,6324,6263,Brewer Park,6797
P1,Colonel By,121,60,Hogs Back Plaza (SW dest.),304
P7,Bronson Ave & University Dr,12525,12464,Brewer Park,12988
P5,Stadium Way,1777,1716,Brewer Park,1886
P5,Stadium Way,3026,2965,Brewer Park,3135
P7,Bronson Ave & University Dr,10773,10712,Brewer Park,11232
P5,Stadium Way,458,397,Brewer Park,568
P5,Stadium Way,2008,1947,Brewer Park,2124
P5,Stadium Way,1208,1147,Brewer Park,1316
P5,Stadium Way,569,508,Brewer Park,685
P7,Bronson Ave & University Dr,11830,11769,Brewer Park,12300
P7,Bronson Ave & University Dr,9200,9139,Brewer Park,9677
P7,Bronson Ave & University Dr,10140,10079,Brewer Park,10914
P7,Bronson Ave & University Dr,10978,10917,Brewer Park,11448
P7,Bronson Ave & University Dr,11776,11715,Brewer Park,12574
P7,Bronson Ave & University Dr,9742,9681,Brewer Park,10213
P7,Bronson Ave & University Dr,9358,9297,Brewer Park,9837
P7,Bronson Ave & University Dr,11518,11457,Brewer Park,12296
P7,Bronson Ave & University Dr,9732,9671,Brewer Park,10197
P7,Bronson Ave & University Dr,8270,8209,Brewer Park,8733
P6,Bronson Ave & University Dr,5191,5130,Brewer Park,5663
P5,Stadium Way,2898,2837,Brewer Park,3009
P7,Bronson Ave & University Dr,10614,10553,Brewer Park,11090
P4,Stadium Way,4240,4179,Brewer Park,4353
P5,Stadium Way,3281,3220,Brewer Park,3392
P6,Bronson Ave & University Dr,5376,5315,Brewer Park,5855
P5,Stadium Way,2070,2009,Brewer Park,2184
P5,Stadium Way,2462,2401,Brewer Park,2570
P5,Stadium Way,3405,3344,Brewer Park,3515
P2,Colonel By,574,513,Hogs Back Plaza (SW dest.),985
P7,Bronson Ave & University Dr,11748,11687,Brewer Park,12540
P4,Stadium Way,3645,3584,Brewer Park,3748
P5,Stadium Way,579,518,Brewer Park,694
P5,Stadium Way,1247,1186,Brewer Park,1354
P7,Bronson Ave & University Dr,10217,10156,Brewer Park,11011
P7,Bronson Ave & University Dr,8142,8081,Brewer Park,8608
P7,Bronson Ave & University Dr,12469,12408,Brewer Park,12927
P5,Stadium Way,3848,3787,Brewer Park,3959
P7,Bronson Ave & University Dr,9110,9049,Brewer Park,9578
P6,Bronson Ave & University Dr,5513,5452,Brewer Park,5987
P6,Bronson Ave & University Dr,7273,7212,Brewer Park,7735
P7,Bronson Ave & University Dr,10024,9963,Brewer Park,10495
P6,Bronson Ave & University Dr,6994,6933,Brewer Park,7454
P7,Bronson Ave & University Dr,9574,9513,Brewer Park,10048
P6,Bronson Ave & University Dr,4502,4441,Brewer Park,4977
P7,Bronson Ave & University Dr,10125,10064,Brewer Park,10896
P6,Bronson Ave & University Dr,4568,4507,Brewer Park,5040
P7,Bronson Ave & University Dr,10840,10779,Brewer Park,11296
P4,Stadium Way,4130,4069,Brewer Park,4237
P7,Bronson Ave & University Dr,8759,8698,Brewer Park,9241
P7,Bronson Ave & University Dr,11780,11719,Brewer Park,12587
P4,Stadium Way,4144,4083,Brewer Park,4250
P5,Stadium Way,2259,2198,Brewer Park,2360
P7,Bronson Ave & University Dr,8734,8673,Brewer Park,9217
P1,Colonel By,311,250,Hogs Back Plaza (SW dest.),545
P6,Bronson Ave & University Dr,7344,7283,Brewer Park,7798
P2,Colonel By,653,592,Hogs Back Plaza (SW dest.),1130
P6,Bronson Ave & University Dr,4628,4567,Brewer Park,5108
P7,Bronson Ave & University Dr,10110,10049,Brewer Park,10594
P7,Bronson Ave & University Dr,10681,10620,Brewer Park,11152
P6,Bronson Ave & University Dr,5359,5298,Brewer Park,5838
P6,Bronson Ave & University Dr,6672,6611,Brewer Park,7135
P7,Bronson Ave & University Dr,11335,11274,Brewer Park,11807
P6,Bronson Ave & University Dr,7190,7129,Brewer Park,7655
P6,Bronson Ave & University Dr,7141,7080,Brewer Park,7602
P7,Bronson Ave & University Dr,9152,9091,Brewer Park,9617
P1,Colonel By,93,32,Hogs Back Plaza (SW dest.),262
P5,Stadium Way,2286,2225,Brewer Park,2389
P6,Bronson Ave & University Dr,7016,6955,Brewer Park,7491
P6,Bronson Ave & University Dr,177,116,Brewer Park,4543
P4,Stadium Way,4048,3987,Brewer Park,4152
P2,Colonel By,166,105,Hogs Back Plaza (SW dest.),703
P7,Bronson Ave & University Dr,8214,8153,Brewer Park,8676
P4,Stadium Way,4056,3995,Brewer Park,4161
P5,Stadium Way,3597,3536,Brewer Park,3706
P6,Bronson Ave & University Dr,6249,6188,Brewer Park,6729
P7,Bronson Ave & University Dr,11298,11237,Brewer Park,11777
P1,Colonel By,156,95,Hogs Back Plaza (SW dest.),345
P5,Stadium Way,1847,1786,Brewer Park,1957
P6,Bronson Ave & University Dr,4247,4186,Brewer Park,4712
P7,Bronson Ave & University Dr,7970,7909,Brewer Park,8454
P7,Bronson Ave & University Dr,11584,11523,Brewer Park,12049
P7,Bronson Ave & University Dr,9829,9768,Brewer Park,10302
P7,Bronson Ave & University Dr,11955,11894,Brewer Park,12750
P1,Colonel By,426,365,Hogs Back Plaza (SW dest.),687
P5,Stadium Way,1613,1552,Brewer Park,1720
P6,Bronson Ave & University Dr,7128,7067,Brewer Park,7585
P6,Bronson Ave & University Dr,7740,7679,Brewer Park,8218
P6,Bronson Ave & University Dr,7000,6939,Brewer Park,7462
P7,Bronson Ave & University Dr,9886,9825,Brewer Park,10361
P7,Bronson Ave & University Dr,11028,10967,Brewer Park,11493
P7,Bronson Ave & University Dr,9996,9935,Brewer Park,10477
P6,Bronson Ave & University Dr,6108,6047,Brewer Park,6580
P7,Bronson Ave & University Dr,11721,11660,Brewer Park,12501
P6,Bronson Ave & University Dr,7672,7611,Brewer Park,8131
P6,Bronson Ave & University Dr,7124,7063,Brewer Park,7581
P6,Bronson Ave & University Dr,4710,4649,Brewer Park,5180
P6,Bronson Ave & University Dr,6319,6258,Brewer Park,6788
P7,Bronson Ave & University Dr,9523,9462,Brewer Park,9992
P4,Stadium Way,4231,4170,Brewer Park,4340
P6,Bronson Ave & University Dr,7381,7320,Brewer Park,7844
P7,Bronson Ave & University Dr,8905,8844,Brewer Park,9390
P3,Raven Rd emergency,431,370,Brewer Park,1082
P7,Bronson Ave & University Dr,12460,12399,Brewer Park,12915
P7,Bronson Ave & University Dr,9560,9499,Brewer Park,10029
P7,Bronson Ave & University Dr,11222,11161,Brewer Park,11686
P6,Bronson Ave & University Dr,4421,4360,Brewer Park,4880
P5,Stadium Way,2310,2249,Brewer Park,2417
P6,Bronson Ave & University Dr,4508,4447,Brewer Park,4981
P7,Bronson Ave & University Dr,10283,10222,Brewer Park,10761
P7,Bronson Ave & University Dr,10604,10543,Brewer Park,11078
P5,Stadium Way,1739,1678,Brewer Park,1847
P7,Bronson Ave & University Dr,9371,9310,Brewer Park,9846
P5,Stadium Way,1431,1370,Brewer Park,1540
P6,Bronson Ave & University Dr,6436,6375,Brewer Park,6914
P7,Bronson Ave & University Dr,11736,11675,Brewer Park,12201
P6,Bronson Ave & University Dr,5047,4986,Brewer Park,5527
P5,Stadium Way,2050,1989,Brewer Park,2159
P7,Bronson Ave & University Dr,11293,11232,Brewer Park,11769
P3,Raven Rd emergency,593,532,Brewer Park,1298
P3,Raven Rd emergency,167,106,Brewer Park,347
P6,Bronson Ave & University Dr,4749,4688,Brewer Park,5219
P6,Bronson Ave & University Dr,7733,7672,Brewer Park,8208
P4,Stadium Way,4304,4243,Brewer Park,4415
P7,Bronson Ave & University Dr,9382,9321,Brewer Park,9855
P5,Stadium Way,1456,1395,Brewer Park,1569
P7,Bronson Ave & University Dr,8511,8450,Brewer Park,8980
P5,Stadium Way,236,175,Brewer Park,311
P3,Raven Rd emergency,389,328,Brewer Park,945
P5,Stadium Way,3370,3309,Brewer Park,3485
P5,Stadium Way,3183,3122,Brewer Park,3293
P6,Bronson Ave & University Dr,4520,4459,Brewer Park,4985
P7,Bronson Ave & University Dr,11982,11921,Brewer Park,12782
P7,Bronson Ave & University Dr,9290,9229,Brewer Park,9762
P7,Bronson Ave & University Dr,9739,9678,Brewer Park,10209
P3,Raven Rd emergency,1057,996,Brewer Park,1690
P5,Stadium Way,2567,2506,Brewer Park,2682
P7,Bronson Ave & University Dr,10890,10829,Brewer Park,11367
P7,Bronson Ave & University Dr,12353,12292,Brewer Park,12833
P7,Bronson Ave & University Dr,10956,10895,Brewer Park,11427
P7,Bronson Ave & University Dr,9953,9892,Brewer Park,10440
P6,Bronson Ave & University Dr,7063,7002,Brewer Park,7534
P7,Bronson Ave & University Dr,10067,10006,Brewer Park,10544
P5,Stadium Way,3144,3083,Brewer Park,3258
P7,Bronson Ave & University Dr,9163,9102,Brewer Park,9637
P4,Stadium Way,4243,4182,Brewer Park,4358
P5,Stadium Way,3472,3411,Brewer Park,3582
P5,Stadium Way,2693,2632,Brewer Park,2800
P7,Bronson Ave & University Dr,11854,11793,Brewer Park,12646
P1,Colonel By,323,262,Hogs Back Plaza (SW dest.),558
P6,Bronson Ave & University Dr,6192,6131,Brewer Park,6667
P5,Stadium Way,3251,3190,Brewer Park,3362
P6,Bronson Ave & University Dr,4564,4503,Brewer Park,5036
P7,Bronson Ave & University Dr,12565,12504,Brewer Park,13044
P1,Colonel By,217,156,Hogs Back Plaza (SW dest.),430
P7,Bronson Ave & University Dr,11118,11057,Brewer Park,11583
P5,Stadium Way,2643,2582,Brewer Park,2754
P5,Stadium Way,384,323,Brewer Park,495
P5,Stadium Way,3342,3281,Brewer Park,3450
P6,Bronson Ave & University Dr,5748,5687,Brewer Park,6221
P1,Colonel By,451,390,Hogs Back Plaza (SW dest.),719
P6,Bronson Ave & University Dr,4899,4838,Brewer Park,5372
P6,Bronson Ave & University Dr,6021,5960,Brewer Park,6484
P7,Bronson Ave & University Dr,11946,11885,Brewer Park,12733
P7,Bronson Ave & University Dr,11191,11130,Brewer Park,11660
P6,Bronson Ave & University Dr,7375,7314,Brewer Park,7836
P5,Stadium Way,3302,3241,Brewer Park,3413
P7,Bronson Ave & University Dr,10309,10248,Brewer Park,10781
P6,Bronson Ave & University Dr,5294,5233,Brewer Park,5759
P5,Stadium Way,2297,2236,Brewer Park,2401
P5,Stadium Way,2013,1952,Brewer Park,2129
P5,Stadium Way,2068,2007,Brewer Park,2180
P5,Stadium Way,2475,2414,Brewer Park,2585
P6,Bronson Ave & University Dr,7287,7226,Brewer Park,7743
P7,Bronson Ave & University Dr,11671,11610,Brewer Park,12150
P5,Stadium Way,1911,1850,Brewer Park,2028
P7,Bronson Ave & University Dr,11368,11307,Brewer Park,11851
P7,Bronson Ave & University Dr,11188,11127,Brewer Park,11655
P7,Bronson Ave & University Dr,8117,8056,Brewer Park,8595
P7,Bronson Ave & University Dr,10193,10132,Brewer Park,10975
P6,Bronson Ave & University Dr,7647,7586,Brewer Park,8098
P6,Bronson Ave & University Dr,4615,4554,Brewer Park,5099
P4,Stadium Way,4207,4146,Brewer Park,4320
P6,Bronson Ave & University Dr,7170,7109,Brewer Park,7635
P7,Bronson Ave & University Dr,11818,11757,Brewer Park,12616
P6,Bronson Ave & University Dr,6847,6786,Brewer Park,7309
P7,Bronson Ave & University Dr,9168,9107,Brewer Park,9646
P3,Raven Rd emergency,207,146,Brewer Park,422
P7,Bronson Ave & University Dr,9025,8964,Brewer Park,9511
P5,Stadium Way,3165,3104,Brewer Park,3284
P6,Bronson Ave & University Dr,6972,6911,Brewer Park,7442
P6,Bronson Ave & University Dr,4876,4815,Brewer Park,5362
P7,Bronson Ave & University Dr,8460,8399,Brewer Park,8927
P2,Colonel By,610,549,Hogs Back Plaza (SW dest.),1056
P5,Stadium Way,2728,2667,Brewer Park,2840
P3,Raven Rd emergency,1022,961,Brewer Park,1645
P5,Stadium Way,3413,3352,Brewer Park,3523
P5,Stadium Way,3777,3716,Brewer Park,3888
P7,Bronson Ave & University Dr,10046,9985,Brewer Park,10522
P5,Stadium Way,304,243,Brewer Park,410
P5,Stadium Way,3562,3501,Brewer Park,3667
P6,Bronson Ave & University Dr,6766,6705,Brewer Park,7223
P7,Bronson Ave & University Dr,10247,10186,Brewer Park,10733
P7,Bronson Ave & University Dr,9655,9594,Brewer Park,10116
P6,Bronson Ave & University Dr,7468,7407,Brewer Park,7927
P6,Bronson Ave & University Dr,6579,6518,Brewer Park,7050
P6,Bronson Ave & University Dr,7133,7072,Brewer Park,7593
P7,Bronson Ave & University Dr,11781,11720,Brewer Park,12247
P7,Bronson Ave & University Dr,12541,12480,Brewer Park,13011
P7,Bronson Ave & University Dr,11707,11646,Brewer Park,12176
P5,Stadium Way,802,741,Brewer Park,915
P5,Stadium Way,2122,2061,Brewer Park,2226
P7,Bronson Ave & University Dr,11477,11416,Brewer Park,11940
P5,Stadium Way,3724,3663,Brewer Park,3843
P5,Stadium Way,198,137,Brewer Park,250
P6,Bronson Ave & University Dr,5861,5800,Brewer Park,6334
P5,Stadium Way,3536,3475,Brewer Park,3647
P7,Bronson Ave & University Dr,10693,10632,Brewer Park,11160
P7,Bronson Ave & University Dr,9119,9058,Brewer Park,9591
P5,Stadium Way,2598,2537,Brewer Park,2709
P5,Stadium Way,1575,1514,Brewer Park,1694
P5,Stadium Way,2383,2322,Brewer Park,2495
P1,Colonel By,295,234,Hogs Back Plaza (SW dest.),530
P7,Bronson Ave & University Dr,8899,8838,Brewer Park,9381
P5,Stadium Way,915,854,Brewer Park,1025
P6,Bronson Ave & University Dr,6196,6135,Brewer Park,6672
P6,Bronson Ave & University Dr,7250,7189,Brewer Park,7718
P4,Stadium Way,3997,3936,Brewer Park,4111
P5,Stadium Way,682,621,Brewer Park,787
P7,Bronson Ave & University Dr,10859,10798,Brewer Park,11328
P6,Bronson Ave & University Dr,4629,4568,Brewer Park,5113
P4,Stadium Way,4139,4078,Brewer Park,4245
P3,Raven Rd emergency,337,276,Brewer Park,803
P7,Bronson Ave & University Dr,8220,8159,Brewer Park,8689
P7,Bronson Ave & University Dr,116,55,Brewer Park,4463
P5,Stadium Way,903,842,Brewer Park,1009
P6,Bronson Ave & University Dr,5007,4946,Brewer Park,5489
P6,Bronson Ave & University Dr,5611,5550,Brewer Park,6091
P6,Bronson Ave & University Dr,5976,5915,Brewer Park,6441
P6,Bronson Ave & University Dr,6017,5956,Brewer Park,6476
P5,Stadium Way,877,816,Brewer Park,988
P7,Bronson Ave & University Dr,10040,9979,Brewer Park,10811
P7,Bronson Ave & University Dr,10224,10163,Brewer Park,10692
P1,Colonel By,429,368,Hogs Back Plaza (SW dest.),691
P5,Stadium Way,2749,2688,Brewer Park,2854
P5,Stadium Way,1987,1926,Brewer Park,2103
P3,Raven Rd emergency,333,272,Brewer Park,778
P4,Stadium Way,496,435,Brewer Park,606
P7,Bronson Ave & University Dr,8438,8377,Brewer Park,8895
P6,Bronson Ave & University Dr,7008,6947,Brewer Park,7474
P6,Bronson Ave & University Dr,6930,6869,Brewer Park,7389
P5,Stadium Way,339,278,Brewer Park,457
P7,Bronson Ave & University Dr,7922,7861,Brewer Park,8406
P4,Stadium Way,4256,4195,Brewer Park,4366
P5,Stadium Way,3186,3125,Brewer Park,3301
P5,Stadium Way,3287,3226,Brewer Park,3405
P1,Colonel By,366,305,Hogs Back Plaza (SW dest.),610
P7,Bronson Ave & University Dr,144,83,Brewer Park,4498
P2,Colonel By,495,434,Hogs Back Plaza (SW dest.),847
P7,Bronson Ave & University Dr,10020,9959,Brewer Park,10799
P3,Raven Rd emergency,732,671,Brewer Park,1398
P7,Bronson Ave & University Dr,11257,11196,Brewer Park,11735
P5,Stadium Way,118,57,Brewer Park,140
P5,Stadium Way,774,713,Brewer Park,882
P5,Stadium Way,306,245,Brewer Park,414
P5,Stadium Way,1228,1167,Brewer Park,1337
P6,Bronson Ave & University Dr,4685,4624,Brewer Park,5162
P7,Bronson Ave & University Dr,11805,11744,Brewer Park,12603
P7,Bronson Ave & University Dr,8390,8329,Brewer Park,8846
P3,Raven Rd emergency,1068,1007,Brewer Park,1702
P3,Raven Rd emergency,312,251,Brewer Park,672
P6,Bronson Ave & University Dr,160,99,Brewer Park,4518
P2,Colonel By,437,376,Hogs Back Plaza (SW dest.),786
P5,Stadium Way,3401,3340,Brewer Park,3510
P5,Stadium Way,3914,3853,Brewer Park,4024
P6,Bronson Ave & University Dr,6465,6404,Brewer Park,6943
P7,Bronson Ave & University Dr,9107,9046,Brewer Park,9573
P3,Raven Rd emergency,841,780,Brewer Park,1468
P7,Bronson Ave & University Dr,11976,11915,Brewer Park,12778
P7,Bronson Ave & University Dr,8048,7987,Brewer Park,8525
P5,Stadium Way,1502,1441,Brewer Park,1608
P6,Bronson Ave & University Dr,7184,7123,Brewer Park,7647
P5,Stadium Way,2352,2291,Brewer Park,2465
P7,Bronson Ave & University Dr,8619,8558,Brewer Park,9097
P6,Bronson Ave & University Dr,6333,6272,Brewer Park,6805
P7,Bronson Ave & University Dr,8064,8003,Brewer Park,8538
P5,Stadium Way,2433,2372,Brewer Park,2544
P6,Bronson Ave & University Dr,164,103,Brewer Park,4524
P6,Bronson Ave & University Dr,6440,6379,Brewer Park,6918
P7,Bronson Ave & University Dr,8370,8309,Brewer Park,8826
P6,Bronson Ave & University Dr,4619,4558,Brewer Park,5103
P6,Bronson Ave & University Dr,5244,5183,Brewer Park,5734
P6,Bronson Ave & University Dr,5970,5909,Brewer Park,6432
P6,Bronson Ave & University Dr,6455,6394,Brewer Park,6930
P7,Bronson Ave & University Dr,11588,11527,Brewer Park,12058
P6,Bronson Ave & University Dr,6701,6640,Brewer Park,7168
P7,Bronson Ave & University Dr,8136,8075,Brewer Park,8599
P5,Stadium Way,2727,2666,Brewer Park,2836
P4,Stadium Way,3799,3738,Brewer Park,3909
P3,Raven Rd emergency,552,491,Brewer Park,1262
P6,Bronson Ave & University Dr,7649,7588,Brewer Park,8103
P5,Stadium Way,2040,1979,Brewer Park,2146
P5,Stadium Way,1302,1241,Brewer Park,1407
P6,Bronson Ave & University Dr,6151,6090,Brewer Park,6631
P7,Bronson Ave & University Dr,11989,11928,Brewer Park,12796
P2,Colonel By,543,482,Hogs Back Plaza (SW dest.),946
P7,Bronson Ave & University Dr,8614,8553,Brewer Park,9088
P1,Colonel By,283,222,Hogs Back Plaza (SW dest.),517
P2,Colonel By,180,119,Hogs Back Plaza (SW dest.),741
P7,Bronson Ave & University Dr,11758,11697,Brewer Park,12553
P5,Stadium Way,2796,2735,Brewer Park,2908
P7,Bronson Ave & University Dr,11886,11825,Brewer Park,12683
P7,Bronson Ave & University Dr,11034,10973,Brewer Park,11498
P6,Bronson Ave & University Dr,5237,5176,Brewer Park,5725
P3,Raven Rd emergency,213,152,Brewer Park,435
P5,Stadium Way,3607,3546,Brewer Park,3718
P7,Bronson Ave & University Dr,10870,10809,Brewer Park,11341
P6,Bronson Ave & University Dr,5289,5228,Brewer Park,5751
P6,Bronson Ave & University Dr,4371,4310,Brewer Park,4845
P5,Stadium Way,874,813,Brewer Park,984
P3,Raven Rd emergency,91,30,Brewer Park,169
P7,Bronson Ave & University Dr,8262,8201,Brewer Park,8718
P4,Stadium Way,4006,3945,Brewer Park,4120
P7,Bronson Ave & University Dr,10957,10896,Brewer Park,11431
P7,Bronson Ave & University Dr,8456,8395,Brewer Park,8919
P5,Stadium Way,2976,2915,Brewer Park,3091
P5,Stadium Way,3036,2975,Brewer Park,3149
P5,Stadium Way,2999,2938,Brewer Park,3109
P6,Bronson Ave & University Dr,7776,7715,Brewer Park,8258
P7,Bronson Ave & University Dr,8489,8428,Brewer Park,8953
P6,Bronson Ave & University Dr,4967,4906,Brewer Park,5442
P6,Bronson Ave & University Dr,4457,4396,Brewer Park,4924
P6,Bronson Ave & University Dr,7847,7786,Brewer Park,8316
P7,Bronson Ave & University Dr,9786,9725,Brewer Park,10263
P7,Bronson Ave & University Dr,10244,10183,Brewer Park,10728
P6,Bronson Ave & University Dr,7372,7311,Brewer Park,7832
P6,Bronson Ave & University Dr,6751,6690,Brewer Park,7201
P7,Bronson Ave & University Dr,9137,9076,Brewer Park,9609
P5,Stadium Way,2001,1940,Brewer Park,2112
P6,Bronson Ave & University Dr,5984,5923,Brewer Park,6450
P6,Bronson Ave & University Dr,4438,4377,Brewer Park,4905
P6,Bronson Ave & University Dr,5132,5071,Brewer Park,5620
P2,Colonel By,440,379,Hogs Back Plaza (SW dest.),790
P5,Stadium Way,1001,940,Brewer Park,1112
P5,Stadium Way,690,629,Brewer Park,795
P6,Bronson Ave & University Dr,6619,6558,Brewer Park,7101
P7,Bronson Ave & University Dr,10851,10790,Brewer Park,11318
P6,Bronson Ave & University Dr,4827,4766,Brewer Park,5311
P7,Bronson Ave & University Dr,8658,8597,Brewer Park,9136
P3,Raven Rd emergency,108,47,Brewer Park,207
P5,Stadium Way,2074,2013,Brewer Park,2188
P6,Bronson Ave & University Dr,6896,6835,Brewer Park,7356
P7,Bronson Ave & University Dr,11839,11778,Brewer Park,12314
P5,Stadium Way,1473,1412,Brewer Park,1577
P6,Bronson Ave & University Dr,199,138,Brewer Park,4568
P7,Bronson Ave & University Dr,10202,10141,Brewer Park,10994
P6,Bronson Ave & University Dr,4798,4737,Brewer Park,5280
P5,Stadium Way,2553,2492,Brewer Park,2670
P6,Bronson Ave & University Dr,272,211,Brewer Park,4666
P6,Bronson Ave & University Dr,216,155,Brewer Park,4592
P6,Bronson Ave & University Dr,5654,5593,Brewer Park,6135
P5,Stadium Way,3928,3867,Brewer Park,4040
P5,Stadium Way,1935,1874,Brewer Park,2050
P7,Bronson Ave & University Dr,10206,10145,Brewer Park,10677
P5,Stadium Way,2564,2503,Brewer Park,2678
P6,Bronson Ave & University Dr,4825,4764,Brewer Park,5306
P7,Bronson Ave & University Dr,10151,10090,Brewer Park,10933
P7,Bronson Ave & University Dr,11657,11596,Brewer Park,12129
P7,Bronson Ave & University Dr,8237,8176,Brewer Park,8702
P5,Stadium Way,3723,3662,Brewer Park,3839
P7,Bronson Ave & University Dr,11726,11665,Brewer Park,12193
P5,Stadium Way,1250,1189,Brewer Park,1358
P6,Bronson Ave & University Dr,4237,4176,Brewer Park,4696
P7,Bronson Ave & University Dr,7901,7840,Brewer Park,8374
P7,Bronson Ave & University Dr,10804,10743,Brewer Park,11276
P1,Colonel By,194,133,Hogs Back Plaza (SW dest.),396
P5,Stadium Way,3185,3124,Brewer Park,3297
P6,Bronson Ave & University Dr,5063,5002,Brewer Park,5544
P7,Bronson Ave & University Dr,7985,7924,Brewer Park,8467
P5,Stadium Way,2923,2862,Brewer Park,3040
P2,Colonel By,223,162,Hogs Back Plaza (SW dest.),777
P5,Stadium Way,3331,3270,Brewer Park,3438
P5,Stadium Way,3870,3809,Brewer Park,3980
P4,Stadium Way,4127,4066,Brewer Park,4232
P7,Bronson Ave & University Dr,11334,11273,Brewer Park,11803
P1,Colonel By,314,253,Hogs Back Plaza (SW dest.),549
P5,Stadium Way,2751,2690,Brewer Park,2858
P7,Bronson Ave & University Dr,10095,10034,Brewer Park,10858
P7,Bronson Ave & University Dr,11644,11583,Brewer Park,12414
P7,Bronson Ave & University Dr,11621,11560,Brewer Park,12402
P6,Bronson Ave & University Dr,7834,7773,Brewer Park,8296
P7,Bronson Ave & University Dr,10233,10172,Brewer Park,11015
P7,Bronson Ave & University Dr,9981,9920,Brewer Park,10461
P6,Bronson Ave & University Dr,4242,4181,Brewer Park,4705
P7,Bronson Ave & University Dr,9703,9642,Brewer Park,10166
P7,Bronson Ave & University Dr,8559,8498,Brewer Park,9020
P3,Raven Rd emergency,320,259,Brewer Park,703
P7,Bronson Ave & University Dr,11366,11305,Brewer Park,11846
P6,Bronson Ave & University Dr,6174,6113,Brewer Park,6651
P5,Stadium Way,3882,3821,Brewer Park,3992
P5,Stadium Way,3069,3008,Brewer Park,3181
P7,Bronson Ave & University Dr,9089,9028,Brewer Park,9553
P5,Stadium Way,419,358,Brewer Park,528
P7,Bronson Ave & University Dr,9114,9053,Brewer Park,9582
P7,Bronson Ave & University Dr,11572,11511,Brewer Park,12345
P6,Bronson Ave & University Dr,7206,7145,Brewer Park,7668
P1,Colonel By,150,89,Hogs Back Plaza (SW dest.),338
P6,Bronson Ave & University Dr,6101,6040,Brewer Park,6571
P7,Bronson Ave & University Dr,11876,11815,Brewer Park,12327
P6,Bronson Ave & University Dr,4965,4904,Brewer Park,5438
P4,Stadium Way,4174,4113,Brewer Park,4293
P7,Bronson Ave & University Dr,11286,11225,Brewer Park,11760
P6,Bronson Ave & University Dr,6112,6051,Brewer Park,6588
P2,Colonel By,460,399,Hogs Back Plaza (SW dest.),804
P7,Bronson Ave & University Dr,8074,8013,Brewer Park,8546
P7,Bronson Ave & University Dr,10115,10054,Brewer Park,10884
P5,Stadium Way,242,181,Brewer Park,320
P7,Bronson Ave & University Dr,10968,10907,Brewer Park,11440
P5,Stadium Way,2784,2723,Brewer Park,2896
P4,Stadium Way,4206,4145,Brewer Park,4316
P5,Stadium Way,3451,3390,Brewer Park,3560
P7,Bronson Ave & University Dr,10009,9948,Brewer Park,10785
P7,Bronson Ave & University Dr,133,72,Brewer Park,4485
P7,Bronson Ave & University Dr,10281,10220,Brewer Park,11065
P7,Bronson Ave & University Dr,8806,8745,Brewer Park,9278
P7,Bronson Ave & University Dr,7959,7898,Brewer Park,8436
P6,Bronson Ave & University Dr,5631,5570,Brewer Park,6100
P6,Bronson Ave & University Dr,6412,6351,Brewer Park,6885
P2,Colonel By,619,558,Hogs Back Plaza (SW dest.),1074
P6,Bronson Ave & University Dr,7535,7474,Brewer Park,7994
P4,Stadium Way,3955,3894,Brewer Park,4064
P5,Stadium Way,1857,1796,Brewer Park,1967
P7,Bronson Ave & University Dr,11682,11621,Brewer Park,12159
P7,Bronson Ave & University Dr,8177,8116,Brewer Park,8654
P5,Stadium Way,2953,2892,Brewer Park,3061
P7,Bronson Ave & University Dr,8083,8022,Brewer Park,8558
P6,Bronson Ave & University Dr,5182,5121,Brewer Park,5651
P7,Bronson Ave & University Dr,8026,7965,Brewer Park,8501
P4,Stadium Way,581,520,Brewer Park,699
P5,Stadium Way,132,71,Brewer Park,156
P5,Stadium Way,2061,2000,Brewer Park,2172
P3,Raven Rd emergency,235,174,Brewer Park,499
P5,Stadium Way,1839,1778,Brewer Park,1953
P6,Bronson Ave & University Dr,7713,7652,Brewer Park,8181
P7,Bronson Ave & University Dr,11401,11340,Brewer Park,11886
P7,Bronson Ave & University Dr,9717,9656,Brewer Park,10183
P4,Stadium Way,4093,4032,Brewer Park,4204
P6,Bronson Ave & University Dr,7218,7157,Brewer Park,7681
P5,Stadium Way,3927,3866,Brewer Park,4036
P5,Stadium Way,2902,2841,Brewer Park,3017
P6,Bronson Ave & University Dr,185,124,Brewer Park,4551
P4,Stadium Way,4015,3954,Brewer Park,4128
P2,Colonel By,643,582,Hogs Back Plaza (SW dest.),1113
P5,Stadium Way,2788,2727,Brewer Park,2900
P5,Stadium Way,3445,3384,Brewer Park,3552
P7,Bronson Ave & University Dr,10751,10690,Brewer Park,11217
P5,Stadium Way,597,536,Brewer Park,715
P3,Raven Rd emergency,331,270,Brewer Park,761
P7,Bronson Ave & University Dr,11787,11726,Brewer Park,12256
P3,Raven Rd emergency,395,334,Brewer Park,961
P6,Bronson Ave & University Dr,6241,6180,Brewer Park,6717
P7,Bronson Ave & University Dr,8952,8891,Brewer Park,9427
P5,Stadium Way,2535,2474,Brewer Park,2643
P6,Bronson Ave & University Dr,171,110,Brewer Park,4532
P7,Bronson Ave & University Dr,11577,11516,Brewer Park,12353
P3,Raven Rd emergency,1003,942,Brewer Park,1620
P6,Bronson Ave & University Dr,6062,6001,Brewer Park,6529
P5,Stadium Way,3819,3758,Brewer Park,3929
P6,Bronson Ave & University Dr,7859,7798,Brewer Park,8334
P6,Bronson Ave & University Dr,7718,7657,Brewer Park,8189
P7,Bronson Ave & University Dr,8573,8512,Brewer Park,9040
P3,Raven Rd emergency,592,531,Brewer Park,1294
P6,Bronson Ave & University Dr,6962,6901,Brewer Park,7427
P6,Bronson Ave & University Dr,5336,5275,Brewer Park,5813
P6,Bronson Ave & University Dr,4337,4276,Brewer Park,4791
P7,Bronson Ave & University Dr,11699,11638,Brewer Park,12484
P3,Raven Rd emergency,894,833,Brewer Park,1527
P6,Bronson Ave & University Dr,5786,5725,Brewer Park,6254
P6,Bronson Ave & University Dr,7655,7594,Brewer Park,8107
P5,Stadium Way,3662,3601,Brewer Park,3771
P6,Bronson Ave & University Dr,6938,6877,Brewer Park,7401
P3,Raven Rd emergency,514,453,Brewer Park,1181
P7,Bronson Ave & University Dr,12555,12494,Brewer Park,13027
P7,Bronson Ave & University Dr,8980,8919,Brewer Park,9459
P6,Bronson Ave & University Dr,5810,5749,Brewer Park,6278
P7,Bronson Ave & University Dr,11457,11396,Brewer Park,11931
P4,Stadium Way,3932,3871,Brewer Park,4045
P5,Stadium Way,2706,2645,Brewer Park,2817
P7,Bronson Ave & University Dr,9844,9783,Brewer Park,10315
P6,Bronson Ave & University Dr,6103,6042,Brewer Park,6575
P7,Bronson Ave & University Dr,8167,8106,Brewer Park,8643
P6,Bronson Ave & University Dr,6679,6618,Brewer Park,7143
P6,Bronson Ave & University Dr,6867,6806,Brewer Park,7340
P7,Bronson Ave & University Dr,10848,10787,Brewer Park,11314
P6,Bronson Ave & University Dr,5354,5293,Brewer Park,5834
P5,Stadium Way,2130,2069,Brewer Park,2243
P5,Stadium Way,3194,3133,Brewer Park,3306
P7,Bronson Ave & University Dr,10113,10052,Brewer Park,10598
P2,Colonel By,599,538,Hogs Back Plaza (SW dest.),1035
P5,Stadium Way,2862,2801,Brewer Park,2969
P7,Bronson Ave & University Dr,11546,11485,Brewer Park,12020
P4,Stadium Way,4297,4236,Brewer Park,4407
P6,Bronson Ave & University Dr,6681,6620,Brewer Park,7147
P5,Stadium Way,3075,3014,Brewer Park,3190
P5,Stadium Way,3420,3359,Brewer Park,3532
P6,Bronson Ave & University Dr,5517,5456,Brewer Park,5991
P6,Bronson Ave & University Dr,4790,4729,Brewer Park,5266
P7,Bronson Ave & University Dr,11508,11447,Brewer Park,11981
P6,Bronson Ave & University Dr,5302,5241,Brewer Park,5773
P7,Bronson Ave & University Dr,11736,11675,Brewer Park,12522
P3,Raven Rd emergency,164,103,Brewer Park,334
P5,Stadium Way,2403,2342,Brewer Park,2509
P5,Stadium Way,3088,3027,Brewer Park,3204
P5,Stadium Way,1966,1905,Brewer Park,2084
P1,Colonel By,356,295,Hogs Back Plaza (SW dest.),597
P4,Stadium Way,4303,4242,Brewer Park,4411
P6,Bronson Ave & University Dr,227,166,Brewer Park,4609
P6,Bronson Ave & University Dr,6783,6722,Brewer Park,7252
P7,Bronson Ave & University Dr,11950,11889,Brewer Park,12742
P7,Bronson Ave & University Dr,11799,11738,Brewer Park,12265
P3,Raven Rd emergency,854,793,Brewer Park,1497
P6,Bronson Ave & University Dr,7723,7662,Brewer Park,8200
P6,Bronson Ave & University Dr,5505,5444,Brewer Park,5969
P5,Stadium Way,2548,2487,Brewer Park,2661
P7,Bronson Ave & University Dr,12349,12288,Brewer Park,12828
P5,Stadium Way,3471,3410,Brewer Park,3578
P7,Bronson Ave & University Dr,9529,9468,Brewer Park,10001
P3,Raven Rd emergency,256,195,Brewer Park,554
P7,Bronson Ave & University Dr,11130,11069,Brewer Park,11608
P7,Bronson Ave & University Dr,12325,12264,Brewer Park,12800
P6,Bronson Ave & University Dr,4771,4710,Brewer Park,5246
P7,Bronson Ave & University Dr,8595,8534,Brewer Park,9061
P7,Bronson Ave & University Dr,11267,11206,Brewer Park,11739
P1,Colonel By,411,350,Hogs Back Plaza (SW dest.),661
P7,Bronson Ave & University Dr,10070,10009,Brewer Park,10552
P3,Raven Rd emergency,163,102,Brewer Park,325
P5,Stadium Way,2485,2424,Brewer Park,2593
P6,Bronson Ave & University Dr,7028,6967,Brewer Park,7503
P7,Bronson Ave & University Dr,10832,10771,Brewer Park,11289
P7,Bronson Ave & University Dr,8698,8637,Brewer Park,9171
P6,Bronson Ave & University Dr,5651,5590,Brewer Park,6130
P6,Bronson Ave & University Dr,6668,6607,Brewer Park,7131
P7,Bronson Ave & University Dr,11517,11456,Brewer Park,11994
P5,Stadium Way,2854,2793,Brewer Park,2961
P6,Bronson Ave & University Dr,5912,5851,Brewer Park,6386
P2,Colonel By,478,417,Hogs Back Plaza (SW dest.),808
P7,Bronson Ave & University Dr,11636,11575,Brewer Park,12410
P6,Bronson Ave & University Dr,7538,7477,Brewer Park,7998
P5,Stadium Way,2826,2765,Brewer Park,2940
P5,Stadium Way,3748,3687,Brewer Park,3862
P7,Bronson Ave & University Dr,9326,9265,Brewer Park,9805
P5,Stadium Way,2969,2908,Brewer Park,3078
P6,Bronson Ave & University Dr,7074,7013,Brewer Park,7546
P7,Bronson Ave & University Dr,11488,11427,Brewer Park,11958
P5,Stadium Way,3963,3902,Brewer Park,4075
P5,Stadium Way,1885,1824,Brewer Park,1997
P7,Bronson Ave & University Dr,10237,10176,Brewer Park,10714
P6,Bronson Ave & University Dr,6573,6512,Brewer Park,7042
P7,Bronson Ave & University Dr,8338,8277,Brewer Park,8805
P5,Stadium Way,3118,3057,Brewer Park,3233
P6,Bronson Ave & University Dr,4356,4295,Brewer Park,4823
P5,Stadium Way,3713,3652,Brewer Park,3827
P5,Stadium Way,2300,2239,Brewer Park,2405
P7,Bronson Ave & University Dr,10241,10180,Brewer Park,10724
P6,Bronson Ave & University Dr,4788,4727,Brewer Park,5262
P7,Bronson Ave & University Dr,98,37,Brewer Park,4442
P7,Bronson Ave & University Dr,12462,12401,Brewer Park,12919
P6,Bronson Ave & University Dr,7234,7173,Brewer Park,7697
P1,Colonel By,264,203,Hogs Back Plaza (SW dest.),488
P3,Raven Rd emergency,349,288,Brewer Park,830
P6,Bronson Ave & University Dr,5098,5037,Brewer Park,5586
P6,Bronson Ave & University Dr,4728,4667,Brewer Park,5197
P6,Bronson Ave & University Dr,4375,4314,Brewer Park,4849
P5,Stadium Way,3984,3923,Brewer Park,4093
P5,Stadium Way,3415,3354,Brewer Park,3527
P6,Bronson Ave & University Dr,4410,4349,Brewer Park,4867
P7,Bronson Ave & University Dr,8941,8880,Brewer Park,9416
P6,Bronson Ave & University Dr,6553,6492,Brewer Park,7019
P7,Bronson Ave & University Dr,10645,10584,Brewer Park,11124
P5,Stadium Way,1290,1229,Brewer Park,1394
P5,Stadium Way,456,395,Brewer Park,563
P6,Bronson Ave & University Dr,5595,5534,Brewer Park,6069
P6,Bronson Ave & University Dr,6430,6369,Brewer Park,6910
P7,Bronson Ave & University Dr,9571,9510,Brewer Park,10043
P7,Bronson Ave & University Dr,9157,9096,Brewer Park,9626
P7,Bronson Ave & University Dr,11651,11590,Brewer Park,12422
P5,Stadium Way,1088,1027,Brewer Park,1203
P7,Bronson Ave & University Dr,9187,9126,Brewer Park,9664
P7,Bronson Ave & University Dr,9117,9056,Brewer Park,9587
P6,Bronson Ave & University Dr,5075,5014,Brewer Park,5561
P7,Bronson Ave & University Dr,8440,8379,Brewer Park,8899
P4,Stadium Way,4041,3980,Brewer Park,4148
P7,Bronson Ave & University Dr,9696,9635,Brewer Park,10158
P3,Raven Rd emergency,243,182,Brewer Park,520
P6,Bronson Ave & University Dr,4476,4415,Brewer Park,4947
P5,Stadium Way,2455,2394,Brewer Park,2565
P6,Bronson Ave & University Dr,7158,7097,Brewer Park,7621
P7,Bronson Ave & University Dr,12410,12349,Brewer Park,12890
P5,Stadium Way,2528,2467,Brewer Park,2635
P7,Bronson Ave & University Dr,9607,9546,Brewer Park,10081
P6,Bronson Ave & University Dr,4765,4704,Brewer Park,5237
P5,Stadium Way,1531,1470,Brewer Park,1633
P6,Bronson Ave & University Dr,7006,6945,Brewer Park,7470
P7,Bronson Ave & University Dr,11363,11302,Brewer Park,11842
P6,Bronson Ave & University Dr,5055,4994,Brewer Park,5536
P7,Bronson Ave & University Dr,9762,9701,Brewer Park,10228
P7,Bronson Ave & University Dr,9737,9676,Brewer Park,10205
P5,Stadium Way,416,355,Brewer Park,525
P7,Bronson Ave & University Dr,11609,11548,Brewer Park,12075
P5,Stadium Way,3254,3193,Brewer Park,3366
P6,Bronson Ave & University Dr,6958,6897,Brewer Park,7423
P7,Bronson Ave & University Dr,10178,10117,Brewer Park,10654
P7,Bronson Ave & University Dr,9189,9128,Brewer Park,9668
P7,Bronson Ave & University Dr,9606,9545,Brewer Park,10077
P5,Stadium Way,2551,2490,Brewer Park,2666
P6,Bronson Ave & University Dr,4495,4434,Brewer Park,4965
P5,Stadium Way,2921,2860,Brewer Park,3036
P7,Bronson Ave & University Dr,8458,8397,Brewer Park,8923
P6,Bronson Ave & University Dr,4830,4769,Brewer Park,5315
P6,Bronson Ave & University Dr,7434,7373,Brewer Park,7895
P6,Bronson Ave & University Dr,5614,5553,Brewer Park,6096
P3,Raven Rd emergency,448,387,Brewer Park,1117
P5,Stadium Way,3109,3048,Brewer Park,3224
P7,Bronson Ave & University Dr,11079,11018,Brewer Park,11540
P5,Stadium Way,1761,1700,Brewer Park,1872
P7,Bronson Ave & University Dr,10108,10047,Brewer Park,10590
P6,Bronson Ave & University Dr,4543,4482,Brewer Park,5015
P6,Bronson Ave & University Dr,6050,5989,Brewer Park,6511
P5,Stadium Way,2340,2279,Brewer Park,2450
P6,Bronson Ave & University Dr,5091,5030,Brewer Park,5578
P7,Bronson Ave & University Dr,9945,9884,Brewer Park,10426
P5,Stadium Way,3306,3245,Brewer Park,3417
P6,Bronson Ave & University Dr,7682,7621,Brewer Park,8145
P7,Bronson Ave & University Dr,12549,12488,Brewer Park,13019
P7,Bronson Ave & University Dr,9918,9857,Brewer Park,10400
P1,Colonel By,442,381,Hogs Back Plaza (SW dest.),711
P6,Bronson Ave & University Dr,6770,6709,Brewer Park,7231
P7,Bronson Ave & University Dr,9908,9847,Brewer Park,10382
P7,Bronson Ave & University Dr,103,42,Brewer Park,4446
P7,Bronson Ave & University Dr,9852,9791,Brewer Park,10327
P7,Bronson Ave & University Dr,11506,11445,Brewer Park,11977
P6,Bronson Ave & University Dr,151,90,Brewer Park,4507
P2,Colonel By,488,427,Hogs Back Plaza (SW dest.),831
P7,Bronson Ave & University Dr,11667,11606,Brewer Park,12142
P3,Raven Rd emergency,317,256,Brewer Park,690
P6,Bronson Ave & University Dr,6154,6093,Brewer Park,6639
P6,Bronson Ave & University Dr,6857,6796,Brewer Park,7325
P6,Bronson Ave & University Dr,7669,7608,Brewer Park,8123
P7,Bronson Ave & University Dr,12474,12413,Brewer Park,12954
P4,Stadium Way,318,257,Brewer Park,431
P1,Colonel By,440,379,Hogs Back Plaza (SW dest.),708
P7,Bronson Ave & University Dr,11688,11627,Brewer Park,12475
P6,Bronson Ave & University Dr,6086,6025,Brewer Park,6551
P2,Colonel By,595,534,Hogs Back Plaza (SW dest.),1027
P7,Bronson Ave & University Dr,11546,11485,Brewer Park,12323
P6,Bronson Ave & University Dr,6693,6632,Brewer Park,7156
P6,Bronson Ave & University Dr,6982,6921,Brewer Park,7450
P7,Bronson Ave & University Dr,11700,11639,Brewer Park,12479
P6,Bronson Ave & University Dr,4540,4479,Brewer Park,5010
P6,Bronson Ave & University Dr,7885,7824,Brewer Park,8361
P7,Bronson Ave & University Dr,10154,10093,Brewer Park,10633
P7,Bronson Ave & University Dr,11603,11542,Brewer Park,12067
P6,Bronson Ave & University Dr,5660,5599,Brewer Park,6139
P7,Bronson Ave & University Dr,8557,8496,Brewer Park,9016
P6,Bronson Ave & University Dr,4678,4617,Brewer Park,5148
P6,Bronson Ave & University Dr,5485,5424,Brewer Park,5935
P7,Bronson Ave & University Dr,11512,11451,Brewer Park,11990
P5,Stadium Way,3835,3774,Brewer Park,3942
P6,Bronson Ave & University Dr,4458,4397,Brewer Park,4929
P7,Bronson Ave & University Dr,9721,9660,Brewer Park,10187
P5,Stadium Way,2200,2139,Brewer Park,2297
P7,Bronson Ave & University Dr,8812,8751,Brewer Park,9287
P7,Bronson Ave & University Dr,10132,10071,Brewer Park,10616
P7,Bronson Ave & University Dr,10232,10171,Brewer Park,10706
P2,Colonel By,635,574,Hogs Back Plaza (SW dest.),1100
P3,Raven Rd emergency,274,213,Brewer Park,594
P6,Bronson Ave & University Dr,6251,6190,Brewer Park,6734
P3,Raven Rd emergency,461,400,Brewer Park,1129
P5,Stadium Way,3239,3178,Brewer Park,3346
P7,Bronson Ave & University Dr,10105,10044,Brewer Park,10585
P2,Colonel By,504,443,Hogs Back Plaza (SW dest.),860
P7,Bronson Ave & University Dr,10030,9969,Brewer Park,10504
P5,Stadium Way,2280,2219,Brewer Park,2385
P5,Stadium Way,2836,2775,Brewer Park,2953
P7,Bronson Ave & University Dr,9212,9151,Brewer Park,9686
P6,Bronson Ave & University Dr,5291,5230,Brewer Park,5755
P6,Bronson Ave & University Dr,7580,7519,Brewer Park,8050
P7,Bronson Ave & University Dr,8744,8683,Brewer Park,9234
P6,Bronson Ave & University Dr,5039,4978,Brewer Park,5514
P3,Raven Rd emergency,423,362,Brewer Park,1046
P7,Bronson Ave & University Dr,10069,10008,Brewer Park,10548
P4,Stadium Way,3654,3593,Brewer Park,3757
P7,Bronson Ave & University Dr,8889,8828,Brewer Park,9372
P5,Stadium Way,465,404,Brewer Park,576
P6,Bronson Ave & University Dr,6644,6583,Brewer Park,7122
P7,Bronson Ave & University Dr,11544,11483,Brewer Park,12319
P6,Bronson Ave & University Dr,6531,6470,Brewer Park,7002
P6,Bronson Ave & University Dr,5852,5791,Brewer Park,6325
P3,Raven Rd emergency,488,427,Brewer Park,1157
P6,Bronson Ave & University Dr,4353,4292,Brewer Park,4819
P6,Bronson Ave & University Dr,7769,7708,Brewer Park,8249
P7,Bronson Ave & University Dr,11938,11877,Brewer Park,12725
P5,Stadium Way,2418,2357,Brewer Park,2526
P5,Stadium Way,3249,3188,Brewer Park,3358
P7,Bronson Ave & University Dr,8144,8083,Brewer Park,8612
P5,Stadium Way,1192,1131,Brewer Park,1303
P5,Stadium Way,2867,2806,Brewer Park,2974
P6,Bronson Ave & University Dr,4344,4283,Brewer Park,4803
P6,Bronson Ave & University Dr,6235,6174,Brewer Park,6712
P2,Colonel By,177,116,Hogs Back Plaza (SW dest.),737
P7,Bronson Ave & University Dr,8335,8274,Brewer Park,8800
P5,Stadium Way,3133,3072,Brewer Park,3249
P7,Bronson Ave & University Dr,10630,10569,Brewer Park,11111
P6,Bronson Ave & University Dr,5696,5635,Brewer Park,6152
P7,Bronson Ave & University Dr,11820,11759,Brewer Park,12621
P7,Bronson Ave & University Dr,7911,7850,Brewer Park,8390
P7,Bronson Ave & University Dr,8866,8805,Brewer Park,9339
P7,Bronson Ave & University Dr,10136,10075,Brewer Park,10910
P7,Bronson Ave & University Dr,10185,10124,Brewer Park,10967
P7,Bronson Ave & University Dr,10036,9975,Brewer Park,10513
P5,Stadium Way,3427,3366,Brewer Park,3540
P5,Stadium Way,2218,2157,Brewer Park,2318
P7,Bronson Ave & University Dr,8901,8840,Brewer Park,9386
P6,Bronson Ave & University Dr,7666,7605,Brewer Park,8119
P7,Bronson Ave & University Dr,8881,8820,Brewer Park,9357
P5,Stadium Way,2303,2242,Brewer Park,2409
P7,Bronson Ave & University Dr,11637,11576,Brewer Park,12109
P6,Bronson Ave & University Dr,4384,4323,Brewer Park,4858
P5,Stadium Way,1537,1476,Brewer Park,1641
P7,Bronson Ave & University Dr,9206,9145,Brewer Park,9681
P1,Colonel By,260,199,Hogs Back Plaza (SW dest.),484
P6,Bronson Ave & University Dr,5644,5583,Brewer Park,6117
P5,Stadium Way,2439,2378,Brewer Park,2548
P7,Bronson Ave & University Dr,9598,9537,Brewer Park,10064
P6,Bronson Ave & University Dr,214,153,Brewer Park,4588
P5,Stadium Way,1046,985,Brewer Park,1149
P6,Bronson Ave & University Dr,6729,6668,Brewer Park,7188
P6,Bronson Ave & University Dr,4311,4250,Brewer Park,4782
P7,Bronson Ave & University Dr,10044,9983,Brewer Park,10518
P6,Bronson Ave & University Dr,6724,6663,Brewer Park,7180
P3,Raven Rd emergency,277,216,Brewer Park,598
P5,Stadium Way,2402,2341,Brewer Park,2505
P7,Bronson Ave & University Dr,10660,10599,Brewer Park,11136
P5,Stadium Way,3628,3567,Brewer Park,3731
P7,Bronson Ave & University Dr,8572,8511,Brewer Park,9036
P6,Bronson Ave & University Dr,7340,7279,Brewer Park,7791
P5,Stadium Way,2645,2584,Brewer Park,2758
P2,Colonel By,579,518,Hogs Back Plaza (SW dest.),998
P3,Raven Rd emergency,234,173,Brewer Park,487
P7,Bronson Ave & University Dr,10188,10127,Brewer Park,10666
P2,Colonel By,170,109,Hogs Back Plaza (SW dest.),728
P7,Bronson Ave & University Dr,8380,8319,Brewer Park,8833
P7,Bronson Ave & University Dr,9261,9200,Brewer Park,9724
P5,Stadium Way,1454,1393,Brewer Park,1565
P5,Stadium Way,364,303,Brewer Park,474
P6,Bronson Ave & University Dr,6312,6251,Brewer Park,6779
P7,Bronson Ave & University Dr,9914,9853,Brewer Park,10391
P6,Bronson Ave & University Dr,4975,4914,Brewer Park,5450
P6,Bronson Ave & University Dr,5180,5119,Brewer Park,5647
P5,Stadium Way,3688,3627,Brewer Park,3797
P7,Bronson Ave & University Dr,8233,8172,Brewer Park,8698
P6,Bronson Ave & University Dr,6515,6454,Brewer Park,6990
P7,Bronson Ave & University Dr,8314,8253,Brewer Park,8779
P4,Stadium Way,4280,4219,Brewer Park,4390
P7,Bronson Ave & University Dr,10874,10813,Brewer Park,11345
P7,Bronson Ave & University Dr,9508,9447,Brewer Park,9975
P7,Bronson Ave & University Dr,8969,8908,Brewer Park,9442
P4,Stadium Way,4004,3943,Brewer Park,4115
P6,Bronson Ave & University Dr,6936,6875,Brewer Park,7397
P3,Raven Rd emergency,943,882,Brewer Park,1548
P6,Bronson Ave & University Dr,5112,5051,Brewer Park,5607
P7,Bronson Ave & University Dr,11987,11926,Brewer Park,12791
P6,Bronson Ave & University Dr,6557,6496,Brewer Park,7023
P7,Bronson Ave & University Dr,8702,8641,Brewer Park,9180
P7,Bronson Ave & University Dr,8268,8207,Brewer Park,8729
P7,Bronson Ave & University Dr,8321,8260,Brewer Park,8788
P6,Bronson Ave & University Dr,140,79,Brewer Park,4494
P6,Bronson Ave & University Dr,4582,4521,Brewer Park,5049
P5,Stadium Way,2908,2847,Brewer Park,3021
P1,Colonel By,369,308,Hogs Back Plaza (SW dest.),614
P7,Bronson Ave & University Dr,9910,9849,Brewer Park,10386
P3,Raven Rd emergency,210,149,Brewer Park,426
P7,Bronson Ave & University Dr,10194,10133,Brewer Park,10980
P3,Raven Rd emergency,220,159,Brewer Park,453
P3,Raven Rd emergency,96,35,Brewer Park,182
P5,Stadium Way,2519,2458,Brewer Park,2627
P5,Stadium Way,258,197,Brewer Park,343
P6,Bronson Ave & University Dr,7440,7379,Brewer Park,7903
P7,Bronson Ave & University Dr,11615,11554,Brewer Park,12084
P7,Bronson Ave & University Dr,11059,10998,Brewer Park,11523
P5,Stadium Way,263,202,Brewer Park,351
P7,Bronson Ave & University Dr,12558,12497,Brewer Park,13034
P7,Bronson Ave & University Dr,8665,8604,Brewer Park,9149
P5,Stadium Way,613,552,Brewer Park,728
P7,Bronson Ave & University Dr,9334,9273,Brewer Park,9823
P7,Bronson Ave & University Dr,10914,10853,Brewer Park,11384
P6,Bronson Ave & University Dr,7406,7345,Brewer Park,7869
P5,Stadium Way,2841,2780,Brewer Park,2957
P5,Stadium Way,382,321,Brewer Park,491
P5,Stadium Way,3635,3574,Brewer Park,3739
P2,Colonel By,590,529,Hogs Back Plaza (SW dest.),1018
P2,Colonel By,521,460,Hogs Back Plaza (SW dest.),895
P7,Bronson Ave & University Dr,11120,11059,Brewer Park,11587
P5,Stadium Way,3958,3897,Brewer Park,4068
P5,Stadium Way,1815,1754,Brewer Park,1926
P7,Bronson Ave & University Dr,10016,9955,Brewer Park,10482
P4,Stadium Way,4070,4009,Brewer Park,4178
P7,Bronson Ave & University Dr,9676,9615,Brewer Park,10137
P6,Bronson Ave & University Dr,269,208,Brewer Park,4662
P7,Bronson Ave & University Dr,11491,11430,Brewer Park,11963
P6,Bronson Ave & University Dr,5802,5741,Brewer Park,6274
P5,Stadium Way,731,670,Brewer Park,839
P5,Stadium Way,3589,3528,Brewer Park,3697
P3,Raven Rd emergency,459,398,Brewer Park,1125
P5,Stadium Way,3033,2972,Brewer Park,3145
P5,Stadium Way,638,577,Brewer Park,748
P7,Bronson Ave & University Dr,11341,11280,Brewer Park,11816
P7,Bronson Ave & University Dr,10094,10033,Brewer Park,10569
P7,Bronson Ave & University Dr,8846,8785,Brewer Park,9322
P6,Bronson Ave & University Dr,5520,5459,Brewer Park,6000
P5,Stadium Way,2498,2437,Brewer Park,2606
P6,Bronson Ave & University Dr,6777,6716,Brewer Park,7243
P7,Bronson Ave & University Dr,10940,10879,Brewer Park,11415
P7,Bronson Ave & University Dr,8051,7990,Brewer Park,8529
P3,Raven Rd emergency,289,228,Brewer Park,633
P5,Stadium Way,1712,1651,Brewer Park,1821
P4,Stadium Way,4118,4057,Brewer Park,4225
P7,Bronson Ave & University Dr,8977,8916,Brewer Park,9454
P7,Bronson Ave & University Dr,11742,11681,Brewer Park,12531
P5,Stadium Way,3324,3263,Brewer Park,3430
P6,Bronson Ave & University Dr,7060,6999,Brewer Park,7530
P5,Stadium Way,1675,1614,Brewer Park,1784
P6,Bronson Ave & University Dr,6514,6453,Brewer Park,6986
P6,Bronson Ave & University Dr,4562,4501,Brewer Park,5031
P4,Stadium Way,4156,4095,Brewer Park,4263
P3,Raven Rd emergency,1051,990,Brewer Park,1686
P7,Bronson Ave & University Dr,9850,9789,Brewer Park,10323
P7,Bronson Ave & University Dr,10894,10833,Brewer Park,11371
P6,Bronson Ave & University Dr,4367,4306,Brewer Park,4837
P6,Bronson Ave & University Dr,4836,4775,Brewer Park,5323
P6,Bronson Ave & University Dr,6153,6092,Brewer Park,6635
P6,Bronson Ave & University Dr,6759,6698,Brewer Park,7214
P5,Stadium Way,2421,2360,Brewer Park,2531
P7,Bronson Ave & University Dr,11725,11664,Brewer Park,12506
P7,Bronson Ave & University Dr,8686,8625,Brewer Park,9162
P7,Bronson Ave & University Dr,10091,10030,Brewer Park,10850
P4,Stadium Way,4148,4087,Brewer Park,4254
P5,Stadium Way,2940,2879,Brewer Park,3049
P5,Stadium Way,2188,2127,Brewer Park,2281
P1,Colonel By,422,361,Hogs Back Plaza (SW dest.),674
P7,Bronson Ave & University Dr,10793,10732,Brewer Park,11267
P5,Stadium Way,3264,3203,Brewer Park,3370
P6,Bronson Ave & University Dr,5322,5261,Brewer Park,5795
P6,Bronson Ave & University Dr,7187,7126,Brewer Park,7652
P6,Bronson Ave & University Dr,4360,4299,Brewer Park,4828
P3,Raven Rd emergency,153,92,Brewer Park,306
P6,Bronson Ave & University Dr,7176,7115,Brewer Park,7642
P7,Bronson Ave & University Dr,12483,12422,Brewer Park,12932
P6,Bronson Ave & University Dr,6843,6782,Brewer Park,7305
P6,Bronson Ave & University Dr,4283,4222,Brewer Park,4755
P6,Bronson Ave & University Dr,6070,6009,Brewer Park,6538
P6,Bronson Ave & University Dr,4264,4203,Brewer Park,4735
P7,Bronson Ave & University Dr,8617,8556,Brewer Park,9093
P5,Stadium Way,2285,2224,Brewer Park,2376
P7,Bronson Ave & University Dr,8964,8903,Brewer Park,9438
P7,Bronson Ave & University Dr,12467,12406,Brewer Park,12923
P6,Bronson Ave & University Dr,4737,4676,Brewer Park,5211
P4,Stadium Way,4150,4089,Brewer Park,4258
P5,Stadium Way,1161,1100,Brewer Park,1267
P6,Bronson Ave & University Dr,7312,7251,Brewer Park,7773
P7,Bronson Ave & University Dr,12518,12457,Brewer Park,12961
P7,Bronson Ave & University Dr,10931,10870,Brewer Park,11411
P7,Bronson Ave & University Dr,10777,10716,Brewer Park,11241
P5,Stadium Way,3163,3102,Brewer Park,3280
P5,Stadium Way,1833,1772,Brewer Park,1948
P6,Bronson Ave & University Dr,7108,7047,Brewer Park,7573
P6,Bronson Ave & University Dr,7661,7600,Brewer Park,8116
P7,Bronson Ave & University Dr,9577,9516,Brewer Park,10056
P6,Bronson Ave & University Dr,6354,6293,Brewer Park,6834
P7,Bronson Ave & University Dr,12492,12431,Brewer Park,12941
P6,Bronson Ave & University Dr,5898,5837,Brewer Park,6364
P7,Bronson Ave & University Dr,11440,11379,Brewer Park,11920
P3,Raven Rd emergency,374,313,Brewer Park,907
P5,Stadium Way,2345,2284,Brewer Park,2454
P7,Bronson Ave & University Dr,8797,8736,Brewer Park,9270
P6,Bronson Ave & University Dr,5203,5142,Brewer Park,5676
P7,Bronson Ave & University Dr,7961,7900,Brewer Park,8440
P7,Bronson Ave & University Dr,11876,11815,Brewer Park,12675
P7,Bronson Ave & University Dr,8202,8141,Brewer Park,8662
P7,Bronson Ave & University Dr,11722,11661,Brewer Park,12189
P5,Stadium Way,3789,3728,Brewer Park,3901
P6,Bronson Ave & University Dr,7708,7647,Brewer Park,8171
P6,Bronson Ave & University Dr,6225,6164,Brewer Park,6704
P7,Bronson Ave & University Dr,9893,9832,Brewer Park,10370
P5,Stadium Way,1640,1579,Brewer Park,1755
P6,Bronson Ave & University Dr,6134,6073,Brewer Park,6610
P6,Bronson Ave & University Dr,5400,5339,Brewer Park,5868
P5,Stadium Way,3349,3288,Brewer Park,3459
P6,Bronson Ave & University Dr,5558,5497,Brewer Park,6039
P7,Bronson Ave & University Dr,9715,9654,Brewer Park,10178
P5,Stadium Way,2378,2317,Brewer Park,2487
P6,Bronson Ave & University Dr,5114,5053,Brewer Park,5612
P7,Bronson Ave & University Dr,9859,9798,Brewer Park,10336
P6,Bronson Ave & University Dr,6255,6194,Brewer Park,6738
P5,Stadium Way,2584,2523,Brewer Park,2696
P7,Bronson Ave & University Dr,9035,8974,Brewer Park,9519
P7,Bronson Ave & University Dr,9576,9515,Brewer Park,10052
P7,Bronson Ave & University Dr,7906,7845,Brewer Park,8382
P6,Bronson Ave & University Dr,5519,5458,Brewer Park,5996
P5,Stadium Way,2333,2272,Brewer Park,2438
P5,Stadium Way,2233,2172,Brewer Park,2331
P6,Bronson Ave & University Dr,7237,7176,Brewer Park,7702
P6,Bronson Ave & University Dr,4350,4289,Brewer Park,4811
P7,Bronson Ave & University Dr,9831,9770,Brewer Park,10307
P7,Bronson Ave & University Dr,9451,9390,Brewer Park,9915
P7,Bronson Ave & University Dr,11395,11334,Brewer Park,11877
P5,Stadium Way,1144,1083,Brewer Park,1254
P7,Bronson Ave & University Dr,11081,11020,Brewer Park,11544
P7,Bronson Ave & University Dr,11105,11044,Brewer Park,11562
P5,Stadium Way,3584,3523,Brewer Park,3688
P6,Bronson Ave & University Dr,4924,4863,Brewer Park,5406
P6,Bronson Ave & University Dr,6585,6524,Brewer Park,7058
P2,Colonel By,600,539,Hogs Back Plaza (SW dest.),1039
P7,Bronson Ave & University Dr,8699,8638,Brewer Park,9175
P2,Colonel By,598,537,Hogs Back Plaza (SW dest.),1031
P7,Bronson Ave & University Dr,11565,11504,Brewer Park,12336
P6,Bronson Ave & University Dr,5027,4966,Brewer Park,5505
P2,Colonel By,602,541,Hogs Back Plaza (SW dest.),1043
P6,Bronson Ave & University Dr,7357,7296,Brewer Park,7815
P6,Bronson Ave & University Dr,5184,5123,Brewer Park,5655
P5,Stadium Way,843,782,Brewer Park,953
P5,Stadium Way,212,151,Brewer Park,272
P7,Bronson Ave & University Dr,10147,10086,Brewer Park,10929
P5,Stadium Way,2620,2559,Brewer Park,2732
P5,Stadium Way,3557,3496,Brewer Park,3662
P5,Stadium Way,3334,3273,Brewer Park,3442
P5,Stadium Way,698,637,Brewer Park,808
P3,Raven Rd emergency,407,346,Brewer Park,1005
P5,Stadium Way,603,542,Brewer Park,719
P7,Bronson Ave & University Dr,11483,11422,Brewer Park,11950
P1,Colonel By,385,324,Hogs Back Plaza (SW dest.),634
P6,Bronson Ave & University Dr,5772,5711,Brewer Park,6239
P6,Bronson Ave & University Dr,5824,5763,Brewer Park,6299
P7,Bronson Ave & University Dr,7996,7935,Brewer Park,8479
P5,Stadium Way,3017,2956,Brewer Park,3131
P6,Bronson Ave & University Dr,7608,7547,Brewer Park,8072
P7,Bronson Ave & University Dr,11727,11666,Brewer Park,12510
P6,Bronson Ave & University Dr,4869,4808,Brewer Park,5353
P7,Bronson Ave & University Dr,7925,7864,Brewer Park,8410
P7,Bronson Ave & University Dr,8305,8244,Brewer Park,8766
P5,Stadium Way,2486,2425,Brewer Park,2597
P6,Bronson Ave & University Dr,4979,4918,Brewer Park,5459
P2,Colonel By,203,142,Hogs Back Plaza (SW dest.),766
P7,Bronson Ave & University Dr,9634,9573,Brewer Park,10102
P5,Stadium Way,2677,2616,Brewer Park,2783
P7,Bronson Ave & University Dr,8659,8598,Brewer Park,9140
P5,Stadium Way,3240,3179,Brewer Park,3350
P5,Stadium Way,3565,3504,Brewer Park,3671
P7,Bronson Ave & University Dr,8816,8755,Brewer Park,9296
P6,Bronson Ave & University Dr,6323,6262,Brewer Park,6793
P7,Bronson Ave & University Dr,9521,9460,Brewer Park,9988
P5,Stadium Way,1450,1389,Brewer Park,1556
P7,Bronson Ave & University Dr,10234,10173,Brewer Park,10710
P7,Bronson Ave & University Dr,11767,11706,Brewer Park,12236
P7,Bronson Ave & University Dr,10103,10042,Brewer Park,10581
P3,Raven Rd emergency,485,424,Brewer Park,1145
P5,Stadium Way,2723,2662,Brewer Park,2832
P5,Stadium Way,1686,1625,Brewer Park,1797
P7,Bronson Ave & University Dr,8839,8778,Brewer Park,9317
P6,Bronson Ave & University Dr,5693,5632,Brewer Park,6147
P3,Raven Rd emergency,643,582,Brewer Park,1324
P1,Colonel By,197,136,Hogs Back Plaza (SW dest.),400
P6,Bronson Ave & University Dr,4545,4484,Brewer Park,5019
P5,Stadium Way,2657,2596,Brewer Park,2766
P5,Stadium Way,2912,2851,Brewer Park,3028
P7,Bronson Ave & University Dr,12458,12397,Brewer Park,12911
P1,Colonel By,280,219,Hogs Back Plaza (SW dest.),513
P6,Bronson Ave & University Dr,4674,4613,Brewer Park,5144
P7,Bronson Ave & University Dr,10774,10713,Brewer Park,11236
P6,Bronson Ave & University Dr,5902,5841,Brewer Park,6372
P5,Stadium Way,1969,1908,Brewer Park,2089
P6,Bronson Ave & University Dr,5705,5644,Brewer Park,6169
P6,Bronson Ave & University Dr,5051,4990,Brewer Park,5531
P5,Stadium Way,129,68,Brewer Park,151
P6,Bronson Ave & University Dr,5634,5573,Brewer Park,6104
P5,Stadium Way,817,756,Brewer Park,928
P2,Colonel By,551,490,Hogs Back Plaza (SW dest.),959
P6,Bronson Ave & University Dr,7459,7398,Brewer Park,7912
P7,Bronson Ave & University Dr,8436,8375,Brewer Park,8891
P5,Stadium Way,2952,2891,Brewer Park,3057
P6,Bronson Ave & University Dr,6911,6850,Brewer Park,7365
P7,Bronson Ave & University Dr,10624,10563,Brewer Park,11103
P5,Stadium Way,230,169,Brewer Park,302
P5,Stadium Way,634,573,Brewer Park,744
P6,Bronson Ave & University Dr,6478,6417,Brewer Park,6960
P5,Stadium Way,3907,3846,Brewer Park,4014
P7,Bronson Ave & University Dr,10745,10684,Brewer Park,11209
P6,Bronson Ave & University Dr,6928,6867,Brewer Park,7385
P7,Bronson Ave & University Dr,9007,8946,Brewer Park,9498
P7,Bronson Ave & University Dr,10883,10822,Brewer Park,11359
P5,Stadium Way,3501,3440,Brewer Park,3613
P7,Bronson Ave & University Dr,11660,11599,Brewer Park,12133
P6,Bronson Ave & University Dr,5939,5878,Brewer Park,6413
P7,Bronson Ave & University Dr,9298,9237,Brewer Park,9770
P7,Bronson Ave & University Dr,11545,11484,Brewer Park,12016
P2,Colonel By,206,145,Hogs Back Plaza (SW dest.),769
P7,Bronson Ave & University Dr,10667,10606,Brewer Park,11144
P7,Bronson Ave & University Dr,10764,10703,Brewer Park,11229
P7,Bronson Ave & University Dr,11582,11521,Brewer Park,12357
P6,Bronson Ave & University Dr,4499,4438,Brewer Park,4973
P7,Bronson Ave & University Dr,8931,8870,Brewer Park,9412
P7,Bronson Ave & University Dr,9471,9410,Brewer Park,9941
P6,Bronson Ave & University Dr,6405,6344,Brewer Park,6880
P6,Bronson Ave & University Dr,5936,5875,Brewer Park,6409
P7,Bronson Ave & University Dr,10970,10909,Brewer Park,11444
P6,Bronson Ave & University Dr,5587,5526,Brewer Park,6061
P5,Stadium Way,1346,1285,Brewer Park,1452
P6,Bronson Ave & University Dr,7348,7287,Brewer Park,7802
P5,Stadium Way,2016,1955,Brewer Park,2133
P5,Stadium Way,971,910,Brewer Park,1077
P6,Bronson Ave & University Dr,4907,4846,Brewer Park,5384
P7,Bronson Ave & University Dr,10642,10581,Brewer Park,11116
P7,Bronson Ave & University Dr,7987,7926,Brewer Park,8470
P5,Stadium Way,3278,3217,Brewer Park,3387
P3,Raven Rd emergency,1136,1075,Brewer Park,1764
P7,Bronson Ave & University Dr,10900,10839,Brewer Park,11380
P7,Bronson Ave & University Dr,11789,11728,Brewer Park,12260
P3,Raven Rd emergency,959,898,Brewer Park,1560
P5,Stadium Way,2338,2277,Brewer Park,2446
P6,Bronson Ave & University Dr,4861,4800,Brewer Park,5339
P7,Bronson Ave & University Dr,9705,9644,Brewer Park,10170
P6,Bronson Ave & University Dr,7856,7795,Brewer Park,8330
P5,Stadium Way,2891,2830,Brewer Park,2996
P7,Bronson Ave & University Dr,12395,12334,Brewer Park,12873
P7,Bronson Ave & University Dr,10783,10722,Brewer Park,11250
P6,Bronson Ave & University Dr,7611,7550,Brewer Park,8080
P6,Bronson Ave & University Dr,5883,5822,Brewer Park,6347
P6,Bronson Ave & University Dr,5298,5237,Brewer Park,5764
P5,Stadium Way,404,343,Brewer Park,516
P7,Bronson Ave & University Dr,11635,11574,Brewer Park,12105
P5,Stadium Way,2973,2912,Brewer Park,3087
P7,Bronson Ave & University Dr,11129,11068,Brewer Park,11604
P7,Bronson Ave & University Dr,8524,8463,Brewer Park,8987
P1,Colonel By,290,229,Hogs Back Plaza (SW dest.),522
P5,Stadium Way,3410,3349,Brewer Park,3519
P4,Stadium Way,266,205,Brewer Park,356
P2,Colonel By,577,516,Hogs Back Plaza (SW dest.),990
P5,Stadium Way,2426,2365,Brewer Park,2540
P6,Bronson Ave & University Dr,6865,6804,Brewer Park,7335
P7,Bronson Ave & University Dr,7919,7858,Brewer Park,8402
P7,Bronson Ave & University Dr,8814,8753,Brewer Park,9292
P1,Colonel By,455,394,Hogs Back Plaza (SW dest.),723
P7,Bronson Ave & University Dr,8308,8247,Brewer Park,8770
P6,Bronson Ave & University Dr,5015,4954,Brewer Park,5501
P4,Stadium Way,4123,4062,Brewer Park,4229
P5,Stadium Way,1861,1800,Brewer Park,1975
P3,Raven Rd emergency,184,123,Brewer Park,372
P3,Raven Rd emergency,590,529,Brewer Park,1290
P3,Raven Rd emergency,270,209,Brewer Park,589
P6,Bronson Ave & University Dr,6118,6057,Brewer Park,6597
P7,Bronson Ave & University Dr,9279,9218,Brewer Park,9749
P6,Bronson Ave & University Dr,6094,6033,Brewer Park,6559
P7,Bronson Ave & University Dr,9313,9252,Brewer Park,9788
P5,Stadium Way,3728,3667,Brewer Park,3848
P4,Stadium Way,4267,4206,Brewer Park,4374
P6,Bronson Ave & University Dr,6137,6076,Brewer Park,6614
P6,Bronson Ave & University Dr,5409,5348,Brewer Park,5878
P6,Bronson Ave & University Dr,4524,4463,Brewer Park,4990
P6,Bronson Ave & University Dr,6353,6292,Brewer Park,6831
P6,Bronson Ave & University Dr,6545,6484,Brewer Park,7006
P3,Raven Rd emergency,1226,1165,Brewer Park,1867
P6,Bronson Ave & University Dr,5429,5368,Brewer Park,5904
P7,Bronson Ave & University Dr,8778,8717,Brewer Park,9257
P5,Stadium Way,1923,1862,Brewer Park,2041
P7,Bronson Ave & University Dr,8333,8272,Brewer Park,8796
P6,Bronson Ave & University Dr,5707,5646,Brewer Park,6173
P6,Bronson Ave & University Dr,6220,6159,Brewer Park,6695
P7,Bronson Ave & University Dr,12562,12501,Brewer Park,13040
P6,Bronson Ave & University Dr,7300,7239,Brewer Park,7756
P1,Colonel By,221,160,Hogs Back Plaza (SW dest.),435
P5,Stadium Way,1979,1918,Brewer Park,2098
P7,Bronson Ave & University Dr,9690,9629,Brewer Park,10150
P2,Colonel By,561,500,Hogs Back Plaza (SW dest.),972
P6,Bronson Ave & University Dr,6363,6302,Brewer Park,6850
P7,Bronson Ave & University Dr,11556,11495,Brewer Park,12032
P6,Bronson Ave & University Dr,4529,4468,Brewer Park,4994
P7,Bronson Ave & University Dr,11639,11578,Brewer Park,12113
P4,Stadium Way,3516,3455,Brewer Park,3626
P6,Bronson Ave & University Dr,5901,5840,Brewer Park,6368
P5,Stadium Way,532,471,Brewer Park,647
P7,Bronson Ave & University Dr,10254,10193,Brewer Park,10745
P7,Bronson Ave & University Dr,10651,10590,Brewer Park,11128
P7,Bronson Ave & University Dr,10302,10241,Brewer Park,10772
P6,Bronson Ave & University Dr,7015,6954,Brewer Park,7487
P7,Bronson Ave & University Dr,9234,9173,Brewer Park,9703
P5,Stadium Way,2625,2564,Brewer Park,2736
P1,Colonel By,373,312,Hogs Back Plaza (SW dest.),619
P6,Bronson Ave & University Dr,5220,5159,Brewer Park,5698
P2,Colonel By,508,447,Hogs Back Plaza (SW dest.),873
P6,Bronson Ave & University Dr,4232,4171,Brewer Park,4687
P6,Bronson Ave & University Dr,5598,5537,Brewer Park,6074
P1,Colonel By,132,71,Hogs Back Plaza (SW dest.),318
P6,Bronson Ave & University Dr,5714,5653,Brewer Park,6187
P6,Bronson Ave & University Dr,6975,6914,Brewer Park,7446
P5,Stadium Way,2244,2183,Brewer Park,2343
P6,Bronson Ave & University Dr,5202,5141,Brewer Park,5672
P5,Stadium Way,3081,3020,Brewer Park,3199
P6,Bronson Ave & University Dr,6748,6687,Brewer Park,7196
P6,Bronson Ave & University Dr,148,87,Brewer Park,4503
P7,Bronson Ave & University Dr,7909,7848,Brewer Park,8386
P3,Raven Rd emergency,250,189,Brewer Park,541
P6,Bronson Ave & University Dr,5158,5097,Brewer Park,5642
P6,Bronson Ave & University Dr,6944,6883,Brewer Park,7409
P6,Bronson Ave & University Dr,5752,5691,Brewer Park,6225
P5,Stadium Way,3904,3843,Brewer Park,4009
P5,Stadium Way,227,166,Brewer Park,297
P6,Bronson Ave & University Dr,5444,5383,Brewer Park,5918
P7,Bronson Ave & University Dr,10238,10177,Brewer Park,11019
P5,Stadium Way,3720,3659,Brewer Park,3835
P6,Bronson Ave & University Dr,5909,5848,Brewer Park,6381
P5,Stadium Way,2961,2900,Brewer Park,3070
P6,Bronson Ave & University Dr,189,128,Brewer Park,4555
P5,Stadium Way,3483,3422,Brewer Park,3590
P6,Bronson Ave & University Dr,5213,5152,Brewer Park,5686
P7,Bronson Ave & University Dr,9842,9781,Brewer Park,10311
P7,Bronson Ave & University Dr,8232,8171,Brewer Park,8693
P3,Raven Rd emergency,382,321,Brewer Park,923
P7,Bronson Ave & University Dr,8796,8735,Brewer Park,9266
P2,Colonel By,536,475,Hogs Back Plaza (SW dest.),925
P5,Stadium Way,2407,2346,Brewer Park,2514
P6,Bronson Ave & University Dr,6860,6799,Brewer Park,7330
P6,Bronson Ave & University Dr,4555,4494,Brewer Park,5023
P6,Bronson Ave & University Dr,6099,6038,Brewer Park,6567
P5,Stadium Way,1548,1487,Brewer Park,1658
P7,Bronson Ave & University Dr,8718,8657,Brewer Park,9204
P6,Bronson Ave & University Dr,181,120,Brewer Park,4547
P7,Bronson Ave & University Dr,8607,8546,Brewer Park,9074
P7,Bronson Ave & University Dr,10786,10725,Brewer Park,11254
P7,Bronson Ave & University Dr,10616,10555,Brewer Park,11094
P7,Bronson Ave & University Dr,9711,9650,Brewer Park,10175
P3,Raven Rd emergency,730,669,Brewer Park,1390
P7,Bronson Ave & University Dr,10279,10218,Brewer Park,10757
P2,Colonel By,649,588,Hogs Back Plaza (SW dest.),1122
P6,Bronson Ave & University Dr,7879,7818,Brewer Park,8351
P7,Bronson Ave & University Dr,9393,9332,Brewer Park,9872
P7,Bronson Ave & University Dr,8504,8443,Brewer Park,8971
P7,Bronson Ave & University Dr,11407,11346,Brewer Park,11898
P6,Bronson Ave & University Dr,6775,6714,Brewer Park,7239
P6,Bronson Ave & University Dr,6191,6130,Brewer Park,6663
P7,Bronson Ave & University Dr,11669,11608,Brewer Park,12146
P5,Stadium Way,3702,3641,Brewer Park,3813
P7,Bronson Ave & University Dr,8444,8383,Brewer Park,8907
P4,Stadium Way,4164,4103,Brewer Park,4280
P7,Bronson Ave & University Dr,11872,11811,Brewer Park,12666
P7,Bronson Ave & University Dr,11229,11168,Brewer Park,11695
P6,Bronson Ave & University Dr,4290,4229,Brewer Park,4768
P4,Stadium Way,4312,4251,Brewer Park,4425
P6,Bronson Ave & University Dr,7543,7482,Brewer Park,8002
P5,Stadium Way,850,789,Brewer Park,966
P7,Bronson Ave & University Dr,11664,11603,Brewer Park,12137
P5,Stadium Way,2313,2252,Brewer Park,2421
P5,Stadium Way,2578,2517,Brewer Park,2687
P5,Stadium Way,3138,3077,Brewer Park,3254
P6,Bronson Ave & University Dr,5327,5266,Brewer Park,5800
P5,Stadium Way,3894,3833,Brewer Park,4005
P7,Bronson Ave & University Dr,8643,8582,Brewer Park,9114
P7,Bronson Ave & University Dr,8929,8868,Brewer Park,9408
P4,Stadium Way,4090,4029,Brewer Park,4199
P7,Bronson Ave & University Dr,10918,10857,Brewer Park,11393
P3,Raven Rd emergency,886,825,Brewer Park,1505
P6,Bronson Ave & University Dr,6607,6546,Brewer Park,7084
P5,Stadium Way,492,431,Brewer Park,602
P6,Bronson Ave & University Dr,7559,7498,Brewer Park,8019
P7,Bronson Ave & University Dr,12378,12317,Brewer Park,12851
P7,Bronson Ave & University Dr,12381,12320,Brewer Park,12855
P7,Bronson Ave & University Dr,12372,12311,Brewer Park,12842
P7,Bronson Ave & University Dr,9468,9407,Brewer Park,9937
P7,Bronson Ave & University Dr,10704,10643,Brewer Park,11174
P7,Bronson Ave & University Dr,11925,11864,Brewer Park,12712
P7,Bronson Ave & University Dr,11742,11681,Brewer Park,12215
P6,Bronson Ave & University Dr,5209,5148,Brewer Park,5681
P6,Bronson Ave & University Dr,6998,6937,Brewer Park,7458
P7,Bronson Ave & University Dr,12528,12467,Brewer Park,12992
P7,Bronson Ave & University Dr,11730,11669,Brewer Park,12514
P7,Bronson Ave & University Dr,11847,11786,Brewer Park,12642
P5,Stadium Way,3348,3287,Brewer Park,3455
P6,Bronson Ave & University Dr,7525,7464,Brewer Park,7985
P7,Bronson Ave & University Dr,11549,11488,Brewer Park,12024
P1,Colonel By,110,49,Hogs Back Plaza (SW dest.),287
P6,Bronson Ave & University Dr,4969,4908,Brewer Park,5446
P6,Bronson Ave & University Dr,6068,6007,Brewer Park,6534
P7,Bronson Ave & University Dr,12489,12428,Brewer Park,12936
P6,Bronson Ave & University Dr,5607,5546,Brewer Park,6087
P7,Bronson Ave & University Dr,8264,8203,Brewer Park,8723
P5,Stadium Way,3464,3403,Brewer Park,3574
P5,Stadium Way,3454,3393,Brewer Park,3564
P7,Bronson Ave & University Dr,10723,10662,Brewer Park,11191
P5,Stadium Way,820,759,Brewer Park,932
P7,Bronson Ave & University Dr,11594,11533,Brewer Park,12375
P7,Bronson Ave & University Dr,8739,8678,Brewer Park,9226
P7,Bronson Ave & University Dr,11574,11513,Brewer Park,12349
P7,Bronson Ave & University Dr,9386,9325,Brewer Park,9860
P7,Bronson Ave & University Dr,8240,8179,Brewer Park,8706
P5,Stadium Way,1691,1630,Brewer Park,1805
P7,Bronson Ave & University Dr,8292,8231,Brewer Park,8757
P3,Raven Rd emergency,992,931,Brewer Park,1612
P7,Bronson Ave & University Dr,8602,8541,Brewer Park,9066
P3,Raven Rd emergency,681,620,Brewer Park,1383
P7,Bronson Ave & University Dr,11947,11886,Brewer Park,12738
P6,Bronson Ave & University Dr,7173,7112,Brewer Park,7639
P6,Bronson Ave & University Dr,6603,6542,Brewer Park,7080
P7,Bronson Ave & University Dr,11397,11336,Brewer Park,11882
P7,Bronson Ave & University Dr,8647,8586,Brewer Park,9122
P7,Bronson Ave & University Dr,9272,9211,Brewer Park,9733
P6,Bronson Ave & University Dr,4436,4375,Brewer Park,4901
P5,Stadium Way,3485,3424,Brewer Park,3595
P5,Stadium Way,2984,2923,Brewer Park,3096
P6,Bronson Ave & University Dr,7335,7274,Brewer Park,7786
P6,Bronson Ave & University Dr,4347,4286,Brewer Park,4807
P2,Colonel By,570,509,Hogs Back Plaza (SW dest.),981
P6,Bronson Ave & University Dr,4441,4380,Brewer Park,4909
P7,Bronson Ave & University Dr,11318,11257,Brewer Park,11785
P1,Colonel By,135,74,Hogs Back Plaza (SW dest.),321
P2,Colonel By,183,122,Hogs Back Plaza (SW dest.),745
P5,Stadium Way,213,152,Brewer Park,276
P5,Stadium Way,2410,2349,Brewer Park,2519
P6,Bronson Ave & University Dr,5784,5723,Brewer Park,6250
P5,Stadium Way,2135,2074,Brewer Park,2247
P6,Bronson Ave & University Dr,6727,6666,Brewer Park,7184
P6,Bronson Ave & University Dr,7067,7006,Brewer Park,7538
P6,Bronson Ave & University Dr,5602,5541,Brewer Park,6078
P7,Bronson Ave & University Dr,11822,11761,Brewer Park,12291
P7,Bronson Ave & University Dr,11325,11264,Brewer Park,11794
P7,Bronson Ave & University Dr,8919,8858,Brewer Park,9404
P6,Bronson Ave & University Dr,5214,5153,Brewer Park,5690
P5,Stadium Way,2478,2417,Brewer Park,2589
P5,Stadium Way,2196,2135,Brewer Park,2289
P6,Bronson Ave & University Dr,4863,4802,Brewer Park,5343
P7,Bronson Ave & University Dr,8774,8713,Brewer Park,9253
P5,Stadium Way,2685,2624,Brewer Park,2792
P5,Stadium Way,1446,1385,Brewer Park,1552
P5,Stadium Way,2414,2353,Brewer Park,2522
P5,Stadium Way,3587,3526,Brewer Park,3692
P7,Bronson Ave & University Dr,11963,11902,Brewer Park,12760
P3,Raven Rd emergency,259,198,Brewer Park,558
P7,Bronson Ave & University Dr,8316,8255,Brewer Park,8784
P5,Stadium Way,986,925,Brewer Park,1091
P3,Raven Rd emergency,143,82,Brewer Park,280
P6,Bronson Ave & University Dr,4998,4937,Brewer Park,5476
P6,Bronson Ave & University Dr,231,170,Brewer Park,4614
P7,Bronson Ave & University Dr,8609,8548,Brewer Park,9078
P1,Colonel By,330,269,Hogs Back Plaza (SW dest.),570
P5,Stadium Way,1946,1885,Brewer Park,2059
P5,Stadium Way,2327,2266,Brewer Park,2429
P6,Bronson Ave & University Dr,4601,4540,Brewer Park,5086
P7,Bronson Ave & University Dr,10220,10159,Brewer Park,10688
P7,Bronson Ave & University Dr,10643,10582,Brewer Park,11120
P7,Bronson Ave & University Dr,10043,9982,Brewer Park,10815
P1,Colonel By,245,184,Hogs Back Plaza (SW dest.),466
P7,Bronson Ave & University Dr,8397,8336,Brewer Park,8856
P5,Stadium Way,1579,1518,Brewer Park,1698
P5,Stadium Way,1618,1557,Brewer Park,1728
P3,Raven Rd emergency,227,166,Brewer Park,478
P3,Raven Rd emergency,404,343,Brewer Park,997
P7,Bronson Ave & University Dr,11684,11623,Brewer Park,12167
P6,Bronson Ave & University Dr,6699,6638,Brewer Park,7164
P6,Bronson Ave & University Dr,4900,4839,Brewer Park,5376
P7,Bronson Ave & University Dr,11569,11508,Brewer Park,12340
P6,Bronson Ave & University Dr,7147,7086,Brewer Park,7613
P7,Bronson Ave & University Dr,9095,9034,Brewer Park,9561
P2,Colonel By,192,131,Hogs Back Plaza (SW dest.),753
P7,Bronson Ave & University Dr,10022,9961,Brewer Park,10491
P2,Colonel By,456,395,Hogs Back Plaza (SW dest.),799
P7,Bronson Ave & University Dr,9483,9422,Brewer Park,9958
P1,Colonel By,252,191,Hogs Back Plaza (SW dest.),475
P6,Bronson Ave & University Dr,5542,5481,Brewer Park,6014
P2,Colonel By,542,481,Hogs Back Plaza (SW dest.),942
P6,Bronson Ave & University Dr,7876,7815,Brewer Park,8346
P3,Raven Rd emergency,365,304,Brewer Park,865
P5,Stadium Way,3814,3753,Brewer Park,3925
P7,Bronson Ave & University Dr,8272,8211,Brewer Park,8737
P6,Bronson Ave & University Dr,6836,6775,Brewer Park,7295
P6,Bronson Ave & University Dr,6583,6522,Brewer Park,7054
P7,Bronson Ave & University Dr,10215,10154,Brewer Park,11006
P5,Stadium Way,1422,1361,Brewer Park,1531
P5,Stadium Way,595,534,Brewer Park,711
P7,Bronson Ave & University Dr,9453,9392,Brewer Park,9919
P1,Colonel By,293,232,Hogs Back Plaza (SW dest.),526
P7,Bronson Ave & University Dr,8066,8005,Brewer Park,8542
P5,Stadium Way,826,765,Brewer Park,941
P7,Bronson Ave & University Dr,11966,11905,Brewer Park,12769
P3,Raven Rd emergency,200,139,Brewer Park,405
P7,Bronson Ave & University Dr,11612,11551,Brewer Park,12387
P6,Bronson Ave & University Dr,7122,7061,Brewer Park,7577
P7,Bronson Ave & University Dr,11114,11053,Brewer Park,11575
P3,Raven Rd emergency,1026,965,Brewer Park,1653
P7,Bronson Ave & University Dr,11676,11615,Brewer Park,12453
P7,Bronson Ave & University Dr,12339,12278,Brewer Park,12815
P5,Stadium Way,1810,1749,Brewer Park,1917
P6,Bronson Ave & University Dr,6594,6533,Brewer Park,7063
P7,Bronson Ave & University Dr,8509,8448,Brewer Park,8975
P6,Bronson Ave & University Dr,7342,7281,Brewer Park,7794
P5,Stadium Way,3013,2952,Brewer Park,3122
P7,Bronson Ave & University Dr,9160,9099,Brewer Park,9630
P3,Raven Rd emergency,341,280,Brewer Park,812
P1,Colonel By,146,85,Hogs Back Plaza (SW dest.),333
P3,Raven Rd emergency,862,801,Brewer Park,1501
P7,Bronson Ave & University Dr,8077,8016,Brewer Park,8550
P5,Stadium Way,2449,2388,Brewer Park,2557
P7,Bronson Ave & University Dr,9320,9259,Brewer Park,9795
P4,Stadium Way,4085,4024,Brewer Park,4191
P5,Stadium Way,1910,1849,Brewer Park,2024
P5,Stadium Way,3839,3778,Brewer Park,3950
P7,Bronson Ave & University Dr,12342,12281,Brewer Park,12819
P5,Stadium Way,2505,2444,Brewer Park,2615
P2,Colonel By,632,571,Hogs Back Plaza (SW dest.),1091
P7,Bronson Ave & University Dr,8772,8711,Brewer Park,9249
P6,Bronson Ave & University Dr,5727,5666,Brewer Park,6201
P7,Bronson Ave & University Dr,8631,8570,Brewer Park,9110
P3,Raven Rd emergency,194,133,Brewer Park,402
P5,Stadium Way,1627,1566,Brewer Park,1742
P2,Colonel By,518,457,Hogs Back Plaza (SW dest.),886
P5,Stadium Way,1026,965,Brewer Park,1133
P6,Bronson Ave & University Dr,7369,7308,Brewer Park,7828
P3,Raven Rd emergency,361,300,Brewer Park,860
P6,Bronson Ave & University Dr,5697,5636,Brewer Park,6156
P6,Bronson Ave & University Dr,5397,5336,Brewer Park,5864
P7,Bronson Ave & University Dr,10289,10228,Brewer Park,10768
P6,Bronson Ave & University Dr,7054,6993,Brewer Park,7525
P7,Bronson Ave & University Dr,8875,8814,Brewer Park,9348
P7,Bronson Ave & University Dr,11161,11100,Brewer Park,11635
P5,Stadium Way,3554,3493,Brewer Park,3658
P5,Stadium Way,1899,1838,Brewer Park,2010
P7,Bronson Ave & University Dr,11186,11125,Brewer Park,11651
P5,Stadium Way,3696,3635,Brewer Park,3809
P6,Bronson Ave & University Dr,4485,4424,Brewer Park,4956
P6,Bronson Ave & University Dr,5550,5489,Brewer Park,6027
P7,Bronson Ave & University Dr,11520,11459,Brewer Park,11998
P5,Stadium Way,3148,3087,Brewer Park,3262
P5,Stadium Way,1285,1224,Brewer Park,1387
P5,Stadium Way,283,222,Brewer Park,381
P5,Stadium Way,2810,2749,Brewer Park,2922
P7,Bronson Ave & University Dr,7929,7868,Brewer Park,8414
P7,Bronson Ave & University Dr,11928,11867,Brewer Park,12716
P5,Stadium Way,3961,3900,Brewer Park,4071
P7,Bronson Ave & University Dr,9053,8992,Brewer Park,9530
P6,Bronson Ave & University Dr,5107,5046,Brewer Park,5599
P3,Raven Rd emergency,1167,1106,Brewer Park,1780
P7,Bronson Ave & University Dr,11953,11892,Brewer Park,12746
P6,Bronson Ave & University Dr,6007,5946,Brewer Park,6462
P7,Bronson Ave & University Dr,7955,7894,Brewer Park,8431
P7,Bronson Ave & University Dr,11525,11464,Brewer Park,12002
P5,Stadium Way,3972,3911,Brewer Park,4080
P7,Bronson Ave & University Dr,10278,10217,Brewer Park,10753
P6,Bronson Ave & University Dr,7572,7511,Brewer Park,8037
P7,Bronson Ave & University Dr,11435,11374,Brewer Park,11915
P2,Colonel By,480,419,Hogs Back Plaza (SW dest.),813
P5,Stadium Way,2451,2390,Brewer Park,2561
P5,Stadium Way,3812,3751,Brewer Park,3921
P6,Bronson Ave & University Dr,6142,6081,Brewer Park,6622
P5,Stadium Way,1499,1438,Brewer Park,1604
P5,Stadium Way,3854,3793,Brewer Park,3968
P5,Stadium Way,2203,2142,Brewer Park,2301
P3,Raven Rd emergency,218,157,Brewer Park,449
P7,Bronson Ave & University Dr,11753,11692,Brewer Park,12544
P4,Stadium Way,4016,3955,Brewer Park,4132
P3,Raven Rd emergency,328,267,Brewer Park,757
P7,Bronson Ave & University Dr,11882,11821,Brewer Park,12679
P4,Stadium Way,3987,3926,Brewer Park,4098
P6,Bronson Ave & University Dr,7301,7240,Brewer Park,7761
P5,Stadium Way,1822,1761,Brewer Park,1935
P7,Bronson Ave & University Dr,8323,8262,Brewer Park,8792
P7,Bronson Ave & University Dr,9387,9326,Brewer Park,9864
P6,Bronson Ave & University Dr,7297,7236,Brewer Park,7752
P1,Colonel By,405,344,Hogs Back Plaza (SW dest.),656
P7,Bronson Ave & University Dr,10748,10687,Brewer Park,11214
P2,Colonel By,492,431,Hogs Back Plaza (SW dest.),839
P6,Bronson Ave & University Dr,5449,5388,Brewer Park,5922
P6,Bronson Ave & University Dr,6335,6274,Brewer Park,6810
P7,Bronson Ave & University Dr,8535,8474,Brewer Park,9001
P5,Stadium Way,2216,2155,Brewer Park,2313
P6,Bronson Ave & University Dr,7223,7162,Brewer Park,7689
P7,Bronson Ave & University Dr,9803,9742,Brewer Park,10276
P7,Bronson Ave & University Dr,10004,9943,Brewer Park,10777
P7,Bronson Ave & University Dr,8107,8046,Brewer Park,8579
P6,Bronson Ave & University Dr,4840,4779,Brewer Park,5331
P6,Bronson Ave & University Dr,4822,4761,Brewer Park,5301
P7,Bronson Ave & University Dr,10888,10827,Brewer Park,11363
P7,Bronson Ave & University Dr,8211,8150,Brewer Park,8671
P4,Stadium Way,4026,3965,Brewer Park,4140
P6,Bronson Ave & University Dr,4666,4605,Brewer Park,5131
P7,Bronson Ave & University Dr,7915,7854,Brewer Park,8398
P2,Colonel By,147,86,Hogs Back Plaza (SW dest.),409
P6,Bronson Ave & University Dr,5372,5311,Brewer Park,5851
P7,Bronson Ave & University Dr,8714,8653,Brewer Park,9196
P7,Bronson Ave & University Dr,10206,10145,Brewer Park,10998
P6,Bronson Ave & University Dr,4273,4212,Brewer Park,4743
P7,Bronson Ave & University Dr,11651,11590,Brewer Park,12121
P5,Stadium Way,2176,2115,Brewer Park,2273
P7,Bronson Ave & University Dr,8742,8681,Brewer Park,9230
P7,Bronson Ave & University Dr,11608,11547,Brewer Park,12071
P3,Raven Rd emergency,421,360,Brewer Park,1042
P5,Stadium Way,2681,2620,Brewer Park,2788
P5,Stadium Way,2704,2643,Brewer Park,2813
P6,Bronson Ave & University Dr,7160,7099,Brewer Park,7626
P6,Bronson Ave & University Dr,7402,7341,Brewer Park,7860
P3,Raven Rd emergency,417,356,Brewer Park,1038
P7,Bronson Ave & University Dr,11344,11283,Brewer Park,11820
P6,Bronson Ave & University Dr,7424,7363,Brewer Park,7882
P5,Stadium Way,3690,3629,Brewer Park,3801
P7,Bronson Ave & University Dr,11873,11812,Brewer Park,12671
P3,Raven Rd emergency,285,224,Brewer Park,628
P7,Bronson Ave & University Dr,8552,8491,Brewer Park,9011
P1,Colonel By,231,170,Hogs Back Plaza (SW dest.),448
P6,Bronson Ave & University Dr,5044,4983,Brewer Park,5522
P6,Bronson Ave & University Dr,5878,5817,Brewer Park,6343
P7,Bronson Ave & University Dr,8537,8476,Brewer Park,9006
P6,Bronson Ave & University Dr,7768,7707,Brewer Park,8244
P5,Stadium Way,3783,3722,Brewer Park,3893
P5,Stadium Way,2121,2060,Brewer Park,2234
P7,Bronson Ave & University Dr,8219,8158,Brewer Park,8685
P6,Bronson Ave & University Dr,5545,5484,Brewer Park,6018
P5,Stadium Way,1733,1672,Brewer Park,1842
P6,Bronson Ave & University Dr,5637,5576,Brewer Park,6108
P6,Bronson Ave & University Dr,5157,5096,Brewer Park,5637
P7,Bronson Ave & University Dr,9611,9550,Brewer Park,10085
P7,Bronson Ave & University Dr,9331,9270,Brewer Park,9815
P6,Bronson Ave & University Dr,7702,7641,Brewer Park,8167
P7,Bronson Ave & University Dr,10067,10006,Brewer Park,10837
P5,Stadium Way,3015,2954,Brewer Park,3127
P7,Bronson Ave & University Dr,8339,8278,Brewer Park,8809
P3,Raven Rd emergency,247,186,Brewer Park,537
P6,Bronson Ave & University Dr,6343,6282,Brewer Park,6818
P5,Stadium Way,2781,2720,Brewer Park,2887
P1,Colonel By,337,276,Hogs Back Plaza (SW dest.),575
P6,Bronson Ave & University Dr,6601,6540,Brewer Park,7076
P7,Bronson Ave & University Dr,11770,11709,Brewer Park,12240
P7,Bronson Ave & University Dr,12374,12313,Brewer Park,12846
P6,Bronson Ave & University Dr,7422,7361,Brewer Park,7878
P5,Stadium Way,1954,1893,Brewer Park,2071
P6,Bronson Ave & University Dr,130,69,Brewer Park,4481
P6,Bronson Ave & University Dr,7680,7619,Brewer Park,8139
P5,Stadium Way,2270,2209,Brewer Park,2372
P5,Stadium Way,3823,3762,Brewer Park,3934
P5,Stadium Way,1178,1117,Brewer Park,1285
P5,Stadium Way,3212,3151,Brewer Park,3320
P7,Bronson Ave & University Dr,10713,10652,Brewer Park,11187
P5,Stadium Way,1624,1563,Brewer Park,1737
P7,Bronson Ave & University Dr,9657,9596,Brewer Park,10120
P5,Stadium Way,326,265,Brewer Park,440
P7,Bronson Ave & University Dr,8514,8453,Brewer Park,8984
P6,Bronson Ave & University Dr,7239,7178,Brewer Park,7706
P7,Bronson Ave & University Dr,8108,8047,Brewer Park,8583
P5,Stadium Way,2007,1946,Brewer Park,2120
P3,Raven Rd emergency,1031,970,Brewer Park,1672
P7,Bronson Ave & University Dr,9051,8990,Brewer Park,9527
P5,Stadium Way,1820,1759,Brewer Park,1931
P6,Bronson Ave & University Dr,5639,5578,Brewer Park,6113
P6,Bronson Ave & University Dr,5929,5868,Brewer Park,6405
P6,Bronson Ave & University Dr,4394,4333,Brewer Park,4863
P6,Bronson Ave & University Dr,7578,7517,Brewer Park,8046
P7,Bronson Ave & University Dr,9323,9262,Brewer Park,9800
P7,Bronson Ave & University Dr,11838,11777,Brewer Park,12632
P7,Bronson Ave & University Dr,10619,10558,Brewer Park,11099
P7,Bronson Ave & University Dr,9494,9433,Brewer Park,9968
P5,Stadium Way,1323,1262,Brewer Park,1439
P6,Bronson Ave & University Dr,6026,5965,Brewer Park,6488
P7,Bronson Ave & University Dr,9532,9471,Brewer Park,10005
P5,Stadium Way,2258,2197,Brewer Park,2356
P5,Stadium Way,3029,2968,Brewer Park,3140
P7,Bronson Ave & University Dr,10361,10300,Brewer Park,10825
P5,Stadium Way,1795,1734,Brewer Park,1899
P6,Bronson Ave & University Dr,6177,6116,Brewer Park,6655
P7,Bronson Ave & University Dr,9566,9505,Brewer Park,10034
P6,Bronson Ave & University Dr,7873,7812,Brewer Park,8341
P6,Bronson Ave & University Dr,5304,5243,Brewer Park,5778
P7,Bronson Ave & University Dr,11631,11570,Brewer Park,12101
P6,Bronson Ave & University Dr,4872,4811,Brewer Park,5357
P2,Colonel By,499,438,Hogs Back Plaza (SW dest.),856
P3,Raven Rd emergency,393,332,Brewer Park,957
P6,Bronson Ave & University Dr,4223,4162,Brewer Park,4675
P6,Bronson Ave & University Dr,7609,7548,Brewer Park,8076
P5,Stadium Way,1860,1799,Brewer Park,1971
P7,Bronson Ave & University Dr,9633,9572,Brewer Park,10098
P1,Colonel By,446,385,Hogs Back Plaza (SW dest.),715
P6,Bronson Ave & University Dr,6348,6287,Brewer Park,6827
P7,Bronson Ave & University Dr,9391,9330,Brewer Park,9868
P6,Bronson Ave & University Dr,4954,4893,Brewer Park,5426
P7,Bronson Ave & University Dr,11778,11717,Brewer Park,12244
P7,Bronson Ave & University Dr,7965,7904,Brewer Park,8443
P4,Stadium Way,4248,4187,Brewer Park,4362
P7,Bronson Ave & University Dr,11816,11755,Brewer Park,12612
P4,Stadium Way,3150,3089,Brewer Park,3266
P5,Stadium Way,3158,3097,Brewer Park,3275
P5,Stadium Way,3610,3549,Brewer Park,3723
P7,Bronson Ave & University Dr,11710,11649,Brewer Park,12497
P5,Stadium Way,3826,3765,Brewer Park,3938
P7,Bronson Ave & University Dr,9033,8972,Brewer Park,9515
P6,Bronson Ave & University Dr,7699,7638,Brewer Park,8163
P7,Bronson Ave & University Dr,12544,12483,Brewer Park,13015
P7,Bronson Ave & University Dr,11782,11721,Brewer Park,12582
P1,Colonel By,207,146,Hogs Back Plaza (SW dest.),417
P6,Bronson Ave & University Dr,6077,6016,Brewer Park,6547
P5,Stadium Way,1680,1619,Brewer Park,1789
P7,Bronson Ave & University Dr,8945,8884,Brewer Park,9420
P6,Bronson Ave & University Dr,5800,5739,Brewer Park,6270
P6,Bronson Ave & University Dr,4479,4418,Brewer Park,4952
P6,Bronson Ave & University Dr,6427,6366,Brewer Park,6906
P2,Colonel By,534,473,Hogs Back Plaza (SW dest.),920
P5,Stadium Way,3889,3828,Brewer Park,3996
P6,Bronson Ave & University Dr,7012,6951,Brewer Park,7482
P7,Bronson Ave & University Dr,7990,7929,Brewer Park,8474
P1,Colonel By,320,259,Hogs Back Plaza (SW dest.),554
P6,Bronson Ave & University Dr,6158,6097,Brewer Park,6643
P7,Bronson Ave & University Dr,9804,9743,Brewer Park,10280
P5,Stadium Way,2171,2110,Brewer Park,2277
P7,Bronson Ave & University Dr,10999,10938,Brewer Park,11479
P6,Bronson Ave & University Dr,4767,4706,Brewer Park,5241
P6,Bronson Ave & University Dr,225,164,Brewer Park,4605
P7,Bronson Ave & University Dr,9916,9855,Brewer Park,10395
P1,Colonel By,276,215,Hogs Back Plaza (SW dest.),509
P5,Stadium Way,3613,3552,Brewer Park,3727
P4,Stadium Way,4087,4026,Brewer Park,4195
P7,Bronson Ave & University Dr,8886,8825,Brewer Park,9366
P6,Bronson Ave & University Dr,5649,5588,Brewer Park,6126
P7,Bronson Ave & University Dr,8869,8808,Brewer Park,9344
P6,Bronson Ave & University Dr,7558,7497,Brewer Park,8015
P6,Bronson Ave & University Dr,6232,6171,Brewer Park,6708
P7,Bronson Ave & University Dr,8393,8332,Brewer Park,8851
P7,Bronson Ave & University Dr,10610,10549,Brewer Park,11086
P7,Bronson Ave & University Dr,9789,9728,Brewer Park,10268
P7,Bronson Ave & University Dr,8652,8591,Brewer Park,9127
P3,Raven Rd emergency,541,480,Brewer Park,1250
P7,Bronson Ave & University Dr,11774,11713,Brewer Park,12570
P7,Bronson Ave & University Dr,12535,12474,Brewer Park,12979
P1,Colonel By,402,341,Hogs Back Plaza (SW dest.),652
P1,Colonel By,140,79,Hogs Back Plaza (SW dest.),326
P7,Bronson Ave & University Dr,11976,11915,Brewer Park,12773
P7,Bronson Ave & University Dr,10090,10029,Brewer Park,10564
P6,Bronson Ave & University Dr,5733,5672,Brewer Park,6210
P3,Raven Rd emergency,146,85,Brewer Park,284
P5,Stadium Way,3300,3239,Brewer Park,3409
P6,Bronson Ave & University Dr,5195,5134,Brewer Park,5668
P6,Bronson Ave & University Dr,196,135,Brewer Park,4564
P3,Raven Rd emergency,172,111,Brewer Park,360
P4,Stadium Way,4068,4007,Brewer Park,4174
P6,Bronson Ave & University Dr,4702,4641,Brewer Park,5171
P5,Stadium Way,1700,1639,Brewer Park,1813
P6,Bronson Ave & University Dr,4531,4470,Brewer Park,4998
P7,Bronson Ave & University Dr,8088,8027,Brewer Park,8566
P5,Stadium Way,2972,2911,Brewer Park,3082
P6,Bronson Ave & University Dr,6141,6080,Brewer Park,6618
P5,Stadium Way,1322,1261,Brewer Park,1435
P7,Bronson Ave & University Dr,8464,8403,Brewer Park,8936
P7,Bronson Ave & University Dr,8175,8114,Brewer Park,8651
P6,Bronson Ave & University Dr,5813,5752,Brewer Park,6283
P7,Bronson Ave & University Dr,11275,11214,Brewer Park,11746
P6,Bronson Ave & University Dr,4943,4882,Brewer Park,5411
P7,Bronson Ave & University Dr,9935,9874,Brewer Park,10409
P7,Bronson Ave & University Dr,10941,10880,Brewer Park,11419
P5,Stadium Way,3073,3012,Brewer Park,3185
P3,Raven Rd emergency,505,444,Brewer Park,1171
P5,Stadium Way,3397,3336,Brewer Park,3505
P5,Stadium Way,225,164,Brewer Park,293
P7,Bronson Ave & University Dr,10278,10217,Brewer Park,11060
P6,Bronson Ave & University Dr,7761,7700,Brewer Park,8231
P6,Bronson Ave & University Dr,7244,7183,Brewer Park,7710
P7,Bronson Ave & University Dr,8166,8105,Brewer Park,8639
P7,Bronson Ave & University Dr,11906,11845,Brewer Park,12704
P2,Colonel By,539,478,Hogs Back Plaza (SW dest.),934
P7,Bronson Ave & University Dr,8146,8085,Brewer Park,8617
P6,Bronson Ave & University Dr,6529,6468,Brewer Park,6998
P7,Bronson Ave & University Dr,8451,8390,Brewer Park,8911
P7,Bronson Ave & University Dr,11561,11500,Brewer Park,12332
P7,Bronson Ave & University Dr,11711,11650,Brewer Park,12180
P7,Bronson Ave & University Dr,11729,11668,Brewer Park,12197
P5,Stadium Way,674,613,Brewer Park,782
P6,Bronson Ave & University Dr,7485,7424,Brewer Park,7948
P5,Stadium Way,512,451,Brewer Park,624
P3,Raven Rd emergency,845,784,Brewer Park,1472
P6,Bronson Ave & University Dr,7583,7522,Brewer Park,8055
P5,Stadium Way,1960,1899,Brewer Park,2079
P6,Bronson Ave & University Dr,219,158,Brewer Park,4596
P2,Colonel By,519,458,Hogs Back Plaza (SW dest.),890
P7,Bronson Ave & University Dr,11128,11067,Brewer Park,11600
P6,Bronson Ave & University Dr,6550,6489,Brewer Park,7015
P6,Bronson Ave & University Dr,7083,7022,Brewer Park,7560
P6,Bronson Ave & University Dr,5538,5477,Brewer Park,6010
P5,Stadium Way,1386,1325,Brewer Park,1494
P5,Stadium Way,891,830,Brewer Park,1001
P7,Bronson Ave & University Dr,113,52,Brewer Park,4459
P7,Bronson Ave & University Dr,10083,10022,Brewer Park,10845
P7,Bronson Ave & University Dr,9121,9060,Brewer Park,9595
P5,Stadium Way,2305,2244,Brewer Park,2413
P4,Stadium Way,4168,4107,Brewer Park,4284
P4,Stadium Way,4270,4209,Brewer Park,4378
P7,Bronson Ave & University Dr,8630,8569,Brewer Park,9106
P5,Stadium Way,1902,1841,Brewer Park,2015
P7,Bronson Ave & University Dr,8989,8928,Brewer Park,9475
P6,Bronson Ave & University Dr,6762,6701,Brewer Park,7219
P2,Colonel By,530,469,Hogs Back Plaza (SW dest.),908
P6,Bronson Ave & University Dr,5455,5394,Brewer Park,5931
P7,Bronson Ave & University Dr,9549,9488,Brewer Park,10018
P6,Bronson Ave & University Dr,4473,4412,Brewer Park,4943
P3,Raven Rd emergency,517,456,Brewer Park,1190
P7,Bronson Ave & University Dr,11461,11400,Brewer Park,11935
P6,Bronson Ave & University Dr,6292,6231,Brewer Park,6760
P7,Bronson Ave & University Dr,9889,9828,Brewer Park,10366
P6,Bronson Ave & University Dr,4426,4365,Brewer Park,4885
P7,Bronson Ave & University Dr,8247,8186,Brewer Park,8710
P7,Bronson Ave & University Dr,11049,10988,Brewer Park,11506
P5,Stadium Way,2691,2630,Brewer Park,2796
P6,Bronson Ave & University Dr,5415,5354,Brewer Park,5887
P1,Colonel By,200,139,Hogs Back Plaza (SW dest.),404
P7,Bronson Ave & University Dr,11090,11029,Brewer Park,11558
P7,Bronson Ave & University Dr,11962,11901,Brewer Park,12755
P6,Bronson Ave & University Dr,5553,5492,Brewer Park,6031
P7,Bronson Ave & University Dr,11350,11289,Brewer Park,11830
P6,Bronson Ave & University Dr,5242,5181,Brewer Park,5729
P6,Bronson Ave & University Dr,5232,5171,Brewer Park,5720
P7,Bronson Ave & University Dr,11117,11056,Brewer Park,11579
P6,Bronson Ave & University Dr,4362,4301,Brewer Park,4832
P6,Bronson Ave & University Dr,4655,4594,Brewer Park,5118
P7,Bronson Ave & University Dr,11177,11116,Brewer Park,11639
P5,Stadium Way,179,118,Brewer Park,219
P7,Bronson Ave & University Dr,8859,8798,Brewer Park,9330
P5,Stadium Way,2869,2808,Brewer Park,2978
P6,Bronson Ave & University Dr,4275,4214,Brewer Park,4747
P5,Stadium Way,2663,2602,Brewer Park,2775
P6,Bronson Ave & University Dr,6487,6426,Brewer Park,6965
P7,Bronson Ave & University Dr,11154,11093,Brewer Park,11625
P3,Raven Rd emergency,971,910,Brewer Park,1585
P2,Colonel By,642,581,Hogs Back Plaza (SW dest.),1109
P5,Stadium Way,3979,3918,Brewer Park,4089
P7,Bronson Ave & University Dr,9315,9254,Brewer Park,9791
P7,Bronson Ave & University Dr,10032,9971,Brewer Park,10807
P1,Colonel By,350,289,Hogs Back Plaza (SW dest.),592
P6,Bronson Ave & University Dr,6768,6707,Brewer Park,7227
P4,Stadium Way,3123,3062,Brewer Park,3237
P5,Stadium Way,3155,3094,Brewer Park,3271
P7,Bronson Ave & University Dr,9427,9366,Brewer Park,9902
P7,Bronson Ave & University Dr,11054,10993,Brewer Park,11514
P3,Raven Rd emergency,661,600,Brewer Park,1350
P7,Bronson Ave & University Dr,10881,10820,Brewer Park,11355
P6,Bronson Ave & University Dr,7716,7655,Brewer Park,8185
P7,Bronson Ave & University Dr,9559,9498,Brewer Park,10025
P7,Bronson Ave & University Dr,11651,11590,Brewer Park,12427
P6,Bronson Ave & University Dr,4918,4857,Brewer Park,5397
P6,Bronson Ave & University Dr,4878,4817,Brewer Park,5367
P1,Colonel By,267,206,Hogs Back Plaza (SW dest.),492
P5,Stadium Way,3975,3914,Brewer Park,4084
P5,Stadium Way,159,98,Brewer Park,194
P5,Stadium Way,1266,1205,Brewer Park,1378
P7,Bronson Ave & University Dr,11361,11300,Brewer Park,11838
P6,Bronson Ave & University Dr,5136,5075,Brewer Park,5624
P7,Bronson Ave & University Dr,8575,8514,Brewer Park,9044
P1,Colonel By,298,237,Hogs Back Plaza (SW dest.),534
P3,Raven Rd emergency,758,697,Brewer Park,1421
P6,Bronson Ave & University Dr,6923,6862,Brewer Park,7377
P2,Colonel By,615,554,Hogs Back Plaza (SW dest.),1069
P3,Raven Rd emergency,295,234,Brewer Park,642
P7,Bronson Ave & University Dr,11329,11268,Brewer Park,11799
P6,Bronson Ave & University Dr,6599,6538,Brewer Park,7071
P6,Bronson Ave & University Dr,7303,7242,Brewer Park,7765
P1,Colonel By,170,109,Hogs Back Plaza (SW dest.),366
P6,Bronson Ave & University Dr,5821,5760,Brewer Park,6291
P7,Bronson Ave & University Dr,10834,10773,Brewer Park,11293
P3,Raven Rd emergency,975,914,Brewer Park,1599
P2,Colonel By,505,444,Hogs Back Plaza (SW dest.),864
P5,Stadium Way,3218,3157,Brewer Park,3328
P7,Bronson Ave & University Dr,11121,11060,Brewer Park,11591
P6,Bronson Ave & University Dr,6621,6560,Brewer Park,7106
P7,Bronson Ave & University Dr,8341,8280,Brewer Park,8813
P6,Bronson Ave & University Dr,5547,5486,Brewer Park,6023
P7,Bronson Ave & University Dr,9069,9008,Brewer Park,9548
P5,Stadium Way,3048,2987,Brewer Park,3154
P6,Bronson Ave & University Dr,6926,6865,Brewer Park,7381
P7,Bronson Ave & University Dr,10144,10083,Brewer Park,10625
P5,Stadium Way,714,653,Brewer Park,826
P6,Bronson Ave & University Dr,5226,5165,Brewer Park,5707
P6,Bronson Ave & University Dr,6474,6413,Brewer Park,6956
P3,Raven Rd emergency,176,115,Brewer Park,364
P7,Bronson Ave & University Dr,9162,9101,Brewer Park,9634
P5,Stadium Way,3944,3883,Brewer Park,4054
P7,Bronson Ave & University Dr,9580,9519,Brewer Park,10060
P5,Stadium Way,3858,3797,Brewer Park,3972
P5,Stadium Way,865,804,Brewer Park,979
P6,Bronson Ave & University Dr,6752,6691,Brewer Park,7205
P6,Bronson Ave & University Dr,7208,7147,Brewer Park,7673
P7,Bronson Ave & University Dr,12421,12360,Brewer Park,12894
P6,Bronson Ave & University Dr,6568,6507,Brewer Park,7038
P7,Bronson Ave & University Dr,11815,11754,Brewer Park,12607
P6,Bronson Ave & University Dr,5095,5034,Brewer Park,5582
P1,Colonel By,128,67,Hogs Back Plaza (SW dest.),313
P5,Stadium Way,2511,2450,Brewer Park,2623
P6,Bronson Ave & University Dr,6075,6014,Brewer Park,6543
P6,Bronson Ave & University Dr,4977,4916,Brewer Park,5455
P7,Bronson Ave & University Dr,9155,9094,Brewer Park,9622
P5,Stadium Way,3267,3206,Brewer Park,3374
P7,Bronson Ave & University Dr,11268,11207,Brewer Park,11742
P2,Colonel By,584,523,Hogs Back Plaza (SW dest.),1006
P7,Bronson Ave & University Dr,9301,9240,Brewer Park,9774
P5,Stadium Way,791,730,Brewer Park,898
P7,Bronson Ave & University Dr,9067,9006,Brewer Park,9543
P6,Bronson Ave & University Dr,7738,7677,Brewer Park,8214
P7,Bronson Ave & University Dr,8580,8519,Brewer Park,9052
P5,Stadium Way,2255,2194,Brewer Park,2352
P5,Stadium Way,2121,2060,Brewer Park,2222
P7,Bronson Ave & University Dr,11242,11181,Brewer Park,11717
P7,Bronson Ave & University Dr,11907,11846,Brewer Park,12708
P3,Raven Rd emergency,149,88,Brewer Park,288
P6,Bronson Ave & University Dr,6893,6832,Brewer Park,7352
P3,Raven Rd emergency,130,69,Brewer Park,242
P5,Stadium Way,591,530,Brewer Park,707
P6,Bronson Ave & University Dr,4811,4750,Brewer Park,5284
P7,Bronson Ave & University Dr,9263,9202,Brewer Park,9728
P6,Bronson Ave & University Dr,4288,4227,Brewer Park,4763
P3,Raven Rd emergency,508,447,Brewer Park,1176
P5,Stadium Way,2783,2722,Brewer Park,2892
P7,Bronson Ave & University Dr,11389,11328,Brewer Park,11864
P5,Stadium Way,2591,2530,Brewer Park,2705
P7,Bronson Ave & University Dr,9516,9455,Brewer Park,9983
P7,Bronson Ave & University Dr,12538,12477,Brewer Park,13006
P6,Bronson Ave & University Dr,6756,6695,Brewer Park,7209
P7,Bronson Ave & University Dr,10121,10060,Brewer Park,10892
P7,Bronson Ave & University Dr,10177,10116,Brewer Park,10650
P6,Bronson Ave & University Dr,6356,6295,Brewer Park,6838
P6,Bronson Ave & University Dr,7432,7371,Brewer Park,7891
P3,Raven Rd emergency,456,395,Brewer Park,1121
P6,Bronson Ave & University Dr,4707,4646,Brewer Park,5176
P6,Bronson Ave & University Dr,6420,6359,Brewer Park,6893
P4,Stadium Way,4189,4128,Brewer Park,4306
P5,Stadium Way,1567,1506,Brewer Park,1681
P6,Bronson Ave & University Dr,7354,7293,Brewer Park,7807
P3,Raven Rd emergency,783,722,Brewer Park,1443
P6,Bronson Ave & University Dr,256,195,Brewer Park,4645
P5,Stadium Way,767,706,Brewer Park,874
P6,Bronson Ave & University Dr,5746,5685,Brewer Park,6218
P7,Bronson Ave & University Dr,8038,7977,Brewer Park,8513
P7,Bronson Ave & University Dr,11655,11594,Brewer Park,12125
P5,Stadium Way,425,364,Brewer Park,532
P1,Colonel By,204,143,Hogs Back Plaza (SW dest.),413
P5,Stadium Way,3762,3701,Brewer Park,3879
P7,Bronson Ave & University Dr,9289,9228,Brewer Park,9758
P7,Bronson Ave & University Dr,10988,10927,Brewer Park,11460
P5,Stadium Way,711,650,Brewer Park,821
P6,Bronson Ave & University Dr,4352,4291,Brewer Park,4815
P7,Bronson Ave & University Dr,7930,7869,Brewer Park,8418
P6,Bronson Ave & University Dr,5704,5643,Brewer Park,6165
P7,Bronson Ave & University Dr,10128,10067,Brewer Park,10607
P6,Bronson Ave & University Dr,4286,4225,Brewer Park,4759
P7,Bronson Ave & University Dr,8010,7949,Brewer Park,8496
P3,Raven Rd emergency,303,242,Brewer Park,659
P7,Bronson Ave & University Dr,10032,9971,Brewer Park,10509
P5,Stadium Way,2834,2773,Brewer Park,2948
P7,Bronson Ave & University Dr,11656,11595,Brewer Park,12432
P5,Stadium Way,3668,3607,Brewer Park,3780
P7,Bronson Ave & University Dr,10014,9953,Brewer Park,10791
P7,Bronson Ave & University Dr,94,33,Brewer Park,4438
P6,Bronson Ave & University Dr,137,76,Brewer Park,4490
P6,Bronson Ave & University Dr,5511,5450,Brewer Park,5982
P7,Bronson Ave & University Dr,11836,11775,Brewer Park,12309
P7,Bronson Ave & University Dr,9138,9077,Brewer Park,9613
P5,Stadium Way,3716,3655,Brewer Park,3831
P6,Bronson Ave & University Dr,154,93,Brewer Park,4511
P5,Stadium Way,3311,3250,Brewer Park,3422
P6,Bronson Ave & University Dr,5347,5286,Brewer Park,5825
P7,Bronson Ave & University Dr,8985,8924,Brewer Park,9467
P5,Stadium Way,2776,2715,Brewer Park,2879
P5,Stadium Way,794,733,Brewer Park,902
P6,Bronson Ave & University Dr,6425,6364,Brewer Park,6902
P6,Bronson Ave & University Dr,6626,6565,Brewer Park,7110
P6,Bronson Ave & University Dr,6914,6853,Brewer Park,7370
P6,Bronson Ave & University Dr,4272,4211,Brewer Park,4739
P5,Stadium Way,1263,1202,Brewer Park,1374
P6,Bronson Ave & University Dr,4308,4247,Brewer Park,4777
P5,Stadium Way,2659,2598,Brewer Park,2770
P7,Bronson Ave & University Dr,9992,9931,Brewer Park,10469
P6,Bronson Ave & University Dr,5556,5495,Brewer Park,6035
P7,Bronson Ave & University Dr,8312,8251,Brewer Park,8775
P7,Bronson Ave & University Dr,10098,10037,Brewer Park,10573
P6,Bronson Ave & University Dr,5424,5363,Brewer Park,5895
P7,Bronson Ave & University Dr,9496,9435,Brewer Park,9972
P7,Bronson Ave & University Dr,11796,11735,Brewer Park,12595
P4,Stadium Way,4158,4097,Brewer Park,4267
P6,Bronson Ave & University Dr,5330,5269,Brewer Park,5804
P7,Bronson Ave & University Dr,9130,9069,Brewer Park,9605
P6,Bronson Ave & University Dr,7813,7752,Brewer Park,8279
P7,Bronson Ave & University Dr,11180,11119,Brewer Park,11643
P7,Bronson Ave & University Dr,8705,8644,Brewer Park,9184
P7,Bronson Ave & University Dr,9673,9612,Brewer Park,10133
P3,Raven Rd emergency,238,177,Brewer Park,511
P6,Bronson Ave & University Dr,5362,5301,Brewer Park,5842
P7,Bronson Ave & University Dr,8751,8690,Brewer Park,9237
P5,Stadium Way,1827,1766,Brewer Park,1939
P5,Stadium Way,3948,3887,Brewer Park,4059
P7,Bronson Ave & University Dr,11213,11152,Brewer Park,11669
P6,Bronson Ave & University Dr,6186,6125,Brewer Park,6659
P6,Bronson Ave & University Dr,4471,4410,Brewer Park,4938
P1,Colonel By,412,351,Hogs Back Plaza (SW dest.),665
P3,Raven Rd emergency,466,405,Brewer Park,1137
P7,Bronson Ave & University Dr,7895,7834,Brewer Park,8366
P5,Stadium Way,2754,2693,Brewer Park,2862
P5,Stadium Way,2504,2443,Brewer Park,2611
P7,Bronson Ave & University Dr,8712,8651,Brewer Park,9192
P7,Bronson Ave & University Dr,9552,9491,Brewer Park,10022
P4,Stadium Way,4054,3993,Brewer Park,4157
P7,Bronson Ave & University Dr,11744,11683,Brewer Park,12219
P7,Bronson Ave & University Dr,9399,9338,Brewer Park,9881
P5,Stadium Way,3606,3545,Brewer Park,3714
P6,Bronson Ave & University Dr,7595,7534,Brewer Park,8063
P7,Bronson Ave & University Dr,12401,12340,Brewer Park,12882
P5,Stadium Way,607,546,Brewer Park,724
P6,Bronson Ave & University Dr,6358,6297,Brewer Park,6842
P5,Stadium Way,3842,3781,Brewer Park,3955
P7,Bronson Ave & University Dr,124,63,Brewer Park,4471
P6,Bronson Ave & University Dr,6036,5975,Brewer Park,6506
P7,Bronson Ave & University Dr,8281,8220,Brewer Park,8749
P7,Bronson Ave & University Dr,12513,12452,Brewer Park,12976
P7,Bronson Ave & University Dr,10989,10928,Brewer Park,11464
P7,Bronson Ave & University Dr,11618,11557,Brewer Park,12397
P4,Stadium Way,4172,4111,Brewer Park,4289
P6,Bronson Ave & University Dr,6200,6139,Brewer Park,6676
P6,Bronson Ave & University Dr,5564,5503,Brewer Park,6052
P7,Bronson Ave & University Dr,8482,8421,Brewer Park,8944
P4,Stadium Way,3366,3305,Brewer Park,3480
P6,Bronson Ave & University Dr,6595,6534,Brewer Park,7067
P6,Bronson Ave & University Dr,6561,6500,Brewer Park,7028
P6,Bronson Ave & University Dr,4693,4632,Brewer Park,5167
P7,Bronson Ave & University Dr,10760,10699,Brewer Park,11221
P1,Colonel By,248,187,Hogs Back Plaza (SW dest.),470
P5,Stadium Way,3581,3520,Brewer Park,3684
P3,Raven Rd emergency,138,77,Brewer Park,259
P4,Stadium Way,3056,2995,Brewer Park,3166
P5,Stadium Way,1108,1047,Brewer Park,1220
P6,Bronson Ave & University Dr,4538,4477,Brewer Park,5006
P5,Stadium Way,1930,1869,Brewer Park,2045
P6,Bronson Ave & University Dr,6577,6516,Brewer Park,7046
P6,Bronson Ave & University Dr,7320,7259,Brewer Park,7782
P6,Bronson Ave & University Dr,4468,4407,Brewer Park,4933
P7,Bronson Ave & University Dr,8660,8599,Brewer Park,9144
P6,Bronson Ave & University Dr,5797,5736,Brewer Park,6266
P3,Raven Rd emergency,282,221,Brewer Park,615
P5,Stadium Way,1105,1044,Brewer Park,1215
P7,Bronson Ave & University Dr,8818,8757,Brewer Park,9300
P5,Stadium Way,353,292,Brewer Park,470
P3,Raven Rd emergency,114,53,Brewer Park,215
P6,Bronson Ave & University Dr,6816,6755,Brewer Park,7278
P6,Bronson Ave & University Dr,4841,4780,Brewer Park,5335
P4,Stadium Way,4288,4227,Brewer Park,4394
P6,Bronson Ave & University Dr,222,161,Brewer Park,4601
P7,Bronson Ave & University Dr,8452,8391,Brewer Park,8915
P5,Stadium Way,3523,3462,Brewer Park,3634
P7,Bronson Ave & University Dr,10743,10682,Brewer Park,11204
P7,Bronson Ave & University Dr,12532,12471,Brewer Park,12996
P7,Bronson Ave & University Dr,10862,10801,Brewer Park,11333
P6,Bronson Ave & University Dr,7697,7636,Brewer Park,8158
P7,Bronson Ave & University Dr,10609,10548,Brewer Park,11082
P7,Bronson Ave & University Dr,8676,8615,Brewer Park,9153
P5,Stadium Way,614,553,Brewer Park,732
P7,Bronson Ave & University Dr,9734,9673,Brewer Park,10201
P3,Raven Rd emergency,1012,951,Brewer Park,1624
P6,Bronson Ave & University Dr,4989,4928,Brewer Park,5463
P5,Stadium Way,2388,2327,Brewer Park,2500
P7,Bronson Ave & University Dr,8137,8076,Brewer Park,8603
P5,Stadium Way,1684,1623,Brewer Park,1793
P6,Bronson Ave & University Dr,7146,7085,Brewer Park,7609
P7,Bronson Ave & University Dr,10696,10635,Brewer Park,11165
P6,Bronson Ave & University Dr,7412,7351,Brewer Park,7874
P7,Bronson Ave & University Dr,10997,10936,Brewer Park,11474
P5,Stadium Way,3657,3596,Brewer Park,3762
P7,Bronson Ave & University Dr,10135,10074,Brewer Park,10905
P2,Colonel By,482,421,Hogs Back Plaza (SW dest.),818
P7,Bronson Ave & University Dr,11419,11358,Brewer Park,11907
P4,Stadium Way,4064,4003,Brewer Park,4170
P6,Bronson Ave & University Dr,7462,7401,Brewer Park,7916
P6,Bronson Ave & University Dr,7268,7207,Brewer Park,7727
P4,Stadium Way,4058,3997,Brewer Park,4166
P5,Stadium Way,206,145,Brewer Park,263
P7,Bronson Ave & University Dr,10142,10081,Brewer Park,10621
P5,Stadium Way,1077,1016,Brewer Park,1194
P1,Colonel By,160,99,Hogs Back Plaza (SW dest.),349
P6,Bronson Ave & University Dr,4961,4900,Brewer Park,5433
P7,Bronson Ave & University Dr,8858,8797,Brewer Park,9326
P6,Bronson Ave & University Dr,241,180,Brewer Park,4627
P4,Stadium Way,4225,4164,Brewer Park,4332
P1,Colonel By,359,298,Hogs Back Plaza (SW dest.),601
P6,Bronson Ave & University Dr,5871,5810,Brewer Park,6338
P4,Stadium Way,4083,4022,Brewer Park,4187
P2,Colonel By,188,127,Hogs Back Plaza (SW dest.),749
P6,Bronson Ave & University Dr,6059,5998,Brewer Park,6524
P7,Bronson Ave & University Dr,9398,9337,Brewer Park,9876
P6,Bronson Ave & University Dr,7405,7344,Brewer Park,7865
P5,Stadium Way,3423,3362,Brewer Park,3536
P6,Bronson Ave & University Dr,5412,5351,Brewer Park,5882
P7,Bronson Ave & University Dr,8498,8437,Brewer Park,8967
P7,Bronson Ave & University Dr,9867,9806,Brewer Park,10341
P5,Stadium Way,2141,2080,Brewer Park,2255
P7,Bronson Ave & University Dr,11820,11759,Brewer Park,12286
P3,Raven Rd emergency,253,192,Brewer Park,550
P7,Bronson Ave & University Dr,9014,8953,Brewer Park,9507
P6,Bronson Ave & University Dr,7861,7800,Brewer Park,8338
P7,Bronson Ave & University Dr,9287,9226,Brewer Park,9753
P6,Bronson Ave & University Dr,6269,6208,Brewer Park,6746
P5,Stadium Way,3682,3621,Brewer Park,3788
P7,Bronson Ave & University Dr,7967,7906,Brewer Park,8448
P7,Bronson Ave & University Dr,9526,9465,Brewer Park,9996
P5,Stadium Way,1534,1473,Brewer Park,1637
P5,Stadium Way,1853,1792,Brewer Park,1962
P3,Raven Rd emergency,1140,1079,Brewer Park,1768
P6,Bronson Ave & University Dr,6509,6448,Brewer Park,6981
P5,Stadium Way,997,936,Brewer Park,1108
P7,Bronson Ave & University Dr,9126,9065,Brewer Park,9600
P7,Bronson Ave & University Dr,11109,11048,Brewer Park,11567
P3,Raven Rd emergency,932,871,Brewer Park,1544
P6,Bronson Ave & University Dr,4599,4538,Brewer Park,5082
P6,Bronson Ave & University Dr,6305,6244,Brewer Park,6774
P7,Bronson Ave & University Dr,12383,12322,Brewer Park,12859
P4,Stadium Way,4257,4196,Brewer Park,4370
P6,Bronson Ave & University Dr,4301,4240,Brewer Park,4772
P6,Bronson Ave & University Dr,5388,5327,Brewer Park,5860
P7,Bronson Ave & University Dr,9869,9808,Brewer Park,10345
P5,Stadium Way,2886,2825,Brewer Park,2992
P6,Bronson Ave & University Dr,5367,5306,Brewer Park,5846
P7,Bronson Ave & University Dr,9539,9478,Brewer Park,10013
P7,Bronson Ave & University Dr,11690,11629,Brewer Park,12470
P6,Bronson Ave & University Dr,7080,7019,Brewer Park,7556
P6,Bronson Ave & University Dr,7841,7780,Brewer Park,8305
P6,Bronson Ave & University Dr,6242,6181,Brewer Park,6721
P7,Bronson Ave & University Dr,8037,7976,Brewer Park,8509
P7,Bronson Ave & University Dr,11840,11779,Brewer Park,12637
P7,Bronson Ave & University Dr,10600,10539,Brewer Park,11070
P5,Stadium Way,136,75,Brewer Park,164
P6,Bronson Ave & University Dr,244,183,Brewer Park,4631
P6,Bronson Ave & University Dr,7394,7333,Brewer Park,7857
P5,Stadium Way,2206,2145,Brewer Park,2305
P6,Bronson Ave & University Dr,5308,5247,Brewer Park,5787
P7,Bronson Ave & University Dr,9435,9374,Brewer Park,9911
P7,Bronson Ave & University Dr,10250,10189,Brewer Park,10741
P5,Stadium Way,1360,1299,Brewer Park,1464
P5,Stadium Way,2171,2110,Brewer Park,2269
P6,Bronson Ave & University Dr,7603,7542,Brewer Park,8068
P7,Bronson Ave & University Dr,8994,8933,Brewer Park,9489
P7,Bronson Ave & University Dr,10166,10105,Brewer Park,10950
P6,Bronson Ave & University Dr,5605,5544,Brewer Park,6083
P7,Bronson Ave & University Dr,11708,11647,Brewer Park,12488
P5,Stadium Way,2022,1961,Brewer Park,2137
P6,Bronson Ave & University Dr,7545,7484,Brewer Park,8006
P3,Raven Rd emergency,550,489,Brewer Park,1258
P5,Stadium Way,3570,3509,Brewer Park,3680
P5,Stadium Way,2539,2478,Brewer Park,2648
P5,Stadium Way,1959,1898,Brewer Park,2075
P6,Bronson Ave & University Dr,7658,7597,Brewer Park,8112
P6,Bronson Ave & University Dr,6884,6823,Brewer Park,7348
P6,Bronson Ave & University Dr,6129,6068,Brewer Park,6606
P1,Colonel By,114,53,Hogs Back Plaza (SW dest.),293
P7,Bronson Ave & University Dr,9416,9355,Brewer Park,9895
P6,Bronson Ave & University Dr,7163,7102,Brewer Park,7631
P6,Bronson Ave & University Dr,5715,5654,Brewer Park,6191
P7,Bronson Ave & University Dr,11862,11801,Brewer Park,12658
P6,Bronson Ave & University Dr,4497,4436,Brewer Park,4969
P7,Bronson Ave & University Dr,8780,8719,Brewer Park,9261
P7,Bronson Ave & University Dr,9847,9786,Brewer Park,10319
P6,Bronson Ave & University Dr,5042,4981,Brewer Park,5518
P7,Bronson Ave & University Dr,11966,11905,Brewer Park,12764
P7,Bronson Ave & University Dr,10919,10858,Brewer Park,11397
P6,Bronson Ave & University Dr,167,106,Brewer Park,4528
P7,Bronson Ave & University Dr,11748,11687,Brewer Park,12535
P4,Stadium Way,4228,4167,Brewer Park,4336
P6,Bronson Ave & University Dr,6268,6207,Brewer Park,6742
P6,Bronson Ave & University Dr,7634,7573,Brewer Park,8093
P7,Bronson Ave & University Dr,8604,8543,Brewer Park,9070
P7,Bronson Ave & University Dr,8360,8299,Brewer Park,8817
P3,Raven Rd emergency,101,40,Brewer Park,199
P1,Colonel By,270,209,Hogs Back Plaza (SW dest.),496
P6,Bronson Ave & University Dr,6444,6383,Brewer Park,6927
P7,Bronson Ave & University Dr,8480,8419,Brewer Park,8940
P6,Bronson Ave & University Dr,5066,5005,Brewer Park,5548
P6,Bronson Ave & University Dr,6379,6318,Brewer Park,6863
P5,Stadium Way,3077,3016,Brewer Park,3195
P6,Bronson Ave & University Dr,5661,5600,Brewer Park,6143
P1,Colonel By,348,287,Hogs Back Plaza (SW dest.),588
P6,Bronson Ave & University Dr,6848,6787,Brewer Park,7313
P6,Bronson Ave & University Dr,6491,6430,Brewer Park,6973
P1,Colonel By,306,245,Hogs Back Plaza (SW dest.),542
P3,Raven Rd emergency,1076,1015,Brewer Park,1733
P5,Stadium Way,3922,3861,Brewer Park,4028
P7,Bronson Ave & University Dr,9772,9711,Brewer Park,10238
P5,Stadium Way,2125,2064,Brewer Park,2238
P5,Stadium Way,329,268,Brewer Park,444
P6,Bronson Ave & University Dr,6468,6407,Brewer Park,6948
P3,Raven Rd emergency,752,691,Brewer Park,1417
P6,Bronson Ave & University Dr,205,144,Brewer Park,4576
P2,Colonel By,490,429,Hogs Back Plaza (SW dest.),835
P3,Raven Rd emergency,267,206,Brewer Park,585
P4,Stadium Way,4294,4233,Brewer Park,4403
P7,Bronson Ave & University Dr,8371,8310,Brewer Park,8830
P7,Bronson Ave & University Dr,9823,9762,Brewer Park,10293
P7,Bronson Ave & University Dr,8528,8467,Brewer Park,8992
P6,Bronson Ave & University Dr,5068,5007,Brewer Park,5553
P6,Bronson Ave & University Dr,6790,6729,Brewer Park,7265
P7,Bronson Ave & University Dr,10828,10767,Brewer Park,11285
P5,Stadium Way,3208,3147,Brewer Park,3315
P7,Bronson Ave & University Dr,10211,10150,Brewer Park,10684
P4,Stadium Way,2627,2566,Brewer Park,2740
P6,Bronson Ave & University Dr,5758,5697,Brewer Park,6234
P7,Bronson Ave & University Dr,8403,8342,Brewer Park,8869
P6,Bronson Ave & University Dr,7002,6941,Brewer Park,7466
P6,Bronson Ave & University Dr,6442,6381,Brewer Park,6923
P5,Stadium Way,1316,1255,Brewer Park,1426
P3,Raven Rd emergency,107,46,Brewer Park,203
P6,Bronson Ave & University Dr,4536,4475,Brewer Park,5002
P6,Bronson Ave & University Dr,7139,7078,Brewer Park,7598
P7,Bronson Ave & University Dr,8173,8112,Brewer Park,8647
P7,Bronson Ave & University Dr,9306,9245,Brewer Park,9779
P6,Bronson Ave & University Dr,7617,7556,Brewer Park,8084
P6,Bronson Ave & University Dr,5101,5040,Brewer Park,5591
P7,Bronson Ave & University Dr,11683,11622,Brewer Park,12163
P7,Bronson Ave & University Dr,11404,11343,Brewer Park,11894
P5,Stadium Way,2369,2308,Brewer Park,2479
P7,Bronson Ave & University Dr,9820,9759,Brewer Park,10289
P6,Bronson Ave & University Dr,5283,5222,Brewer Park,5742
P7,Bronson Ave & University Dr,11278,11217,Brewer Park,11751
P2,Colonel By,153,92,Hogs Back Plaza (SW dest.),501
P3,Raven Rd emergency,442,381,Brewer Park,1100
P7,Bronson Ave & University Dr,11647,11586,Brewer Park,12418
P7,Bronson Ave & University Dr,9672,9611,Brewer Park,10128
P6,Bronson Ave & University Dr,5562,5501,Brewer Park,6048
P6,Bronson Ave & University Dr,7515,7454,Brewer Park,7977
P7,Bronson Ave & University Dr,9785,9724,Brewer Park,10257
P2,Colonel By,537,476,Hogs Back Plaza (SW dest.),929
P7,Bronson Ave & University Dr,10210,10149,Brewer Park,11002
P7,Bronson Ave & University Dr,9216,9155,Brewer Park,9690
P7,Bronson Ave & University Dr,11369,11308,Brewer Park,11855
P7,Bronson Ave & University Dr,10123,10062,Brewer Park,10603
P2,Colonel By,634,573,Hogs Back Plaza (SW dest.),1096
P7,Bronson Ave & University Dr,8054,7993,Brewer Park,8533
P3,Raven Rd emergency,523,462,Brewer Park,1236
P5,Stadium Way,2735,2674,Brewer Park,2849
P6,Bronson Ave & University Dr,6675,6614,Brewer Park,7139
P7,Bronson Ave & University Dr,9919,9858,Brewer Park,10404
P3,Raven Rd emergency,1169,1108,Brewer Park,1809
P3,Raven Rd emergency,413,352,Brewer Park,1033
P7,Bronson Ave & University Dr,11497,11436,Brewer Park,11968
P6,Bronson Ave & University Dr,6489,6428,Brewer Park,6969
P6,Bronson Ave & University Dr,4995,4934,Brewer Park,5472
P7,Bronson Ave & University Dr,11560,11499,Brewer Park,12036
P5,Stadium Way,3480,3419,Brewer Park,3586
P7,Bronson Ave & University Dr,8389,8328,Brewer Park,8842
P7,Bronson Ave & University Dr,10143,10082,Brewer Park,10919
P7,Bronson Ave & University Dr,10029,9968,Brewer Park,10803
P7,Bronson Ave & University Dr,11523,11462,Brewer Park,12305
P7,Bronson Ave & University Dr,7897,7836,Brewer Park,8370
P6,Bronson Ave & University Dr,7010,6949,Brewer Park,7478
P7,Bronson Ave & University Dr,10992,10931,Brewer Park,11469
P6,Bronson Ave & University Dr,6120,6059,Brewer Park,6602
P5,Stadium Way,1172,1111,Brewer Park,1276
P5,Stadium Way,2159,2098,Brewer Park,2264
P3,Raven Rd emergency,126,65,Brewer Park,237
P6,Bronson Ave & University Dr,5885,5824,Brewer Park,6351
P3,Raven Rd emergency,292,231,Brewer Park,637
P6,Bronson Ave & University Dr,7721,7660,Brewer Park,8194
P7,Bronson Ave & University Dr,11714,11653,Brewer Park,12185
P7,Bronson Ave & University Dr,11083,11022,Brewer Park,11549
P6,Bronson Ave & University Dr,7486,7425,Brewer Park,7952
P7,Bronson Ave & University Dr,9183,9122,Brewer Park,9659
P5,Stadium Way,744,683,Brewer Park,856
P6,Bronson Ave & University Dr,6091,6030,Brewer Park,6555
P7,Bronson Ave & University Dr,8949,8888,Brewer Park,9423
P7,Bronson Ave & University Dr,10172,10111,Brewer Park,10958
P6,Bronson Ave & University Dr,4785,4724,Brewer Park,5258
P5,Stadium Way,2800,2739,Brewer Park,2912
P5,Stadium Way,2003,1942,Brewer Park,2116
P1,Colonel By,163,102,Hogs Back Plaza (SW dest.),353
P6,Bronson Ave & University Dr,6506,6445,Brewer Park,6977
P7,Bronson Ave & University Dr,11026,10965,Brewer Park,11488
P5,Stadium Way,3650,3589,Brewer Park,3753
P4,Stadium Way,4008,3947,Brewer Park,4124
P6,Bronson Ave & University Dr,6715,6654,Brewer Park,7177
P7,Bronson Ave & University Dr,11417,11356,Brewer Park,11902
P2,Colonel By,158,97,Hogs Back Plaza (SW dest.),678
P7,Bronson Ave & University Dr,11619,11558,Brewer Park,12088
P4,Stadium Way,4098,4037,Brewer Park,4208
P7,Bronson Ave & University Dr,10059,9998,Brewer Park,10535
P6,Bronson Ave & University Dr,262,201,Brewer Park,4654
P7,Bronson Ave & University Dr,8160,8099,Brewer Park,8630
P7,Bronson Ave & University Dr,11934,11873,Brewer Park,12721
P6,Bronson Ave & University Dr,6461,6400,Brewer Park,6939
P7,Bronson Ave & University Dr,10239,10178,Brewer Park,10719
P7,Bronson Ave & University Dr,11986,11925,Brewer Park,12786
P5,Stadium Way,1377,1316,Brewer Park,1485
P6,Bronson Ave & University Dr,6817,6756,Brewer Park,7282
P7,Bronson Ave & University Dr,11826,11765,Brewer Park,12624
P7,Bronson Ave & University Dr,9872,9811,Brewer Park,10348
P7,Bronson Ave & University Dr,10949,10888,Brewer Park,11423
P7,Bronson Ave & University Dr,8884,8823,Brewer Park,9362
P6,Bronson Ave & University Dr,5285,5224,Brewer Park,5746
P5,Stadium Way,759,698,Brewer Park,870
P5,Stadium Way,3104,3043,Brewer Park,3216
P7,Bronson Ave & University Dr,8836,8775,Brewer Park,9312
P2,Colonel By,493,432,Hogs Back Plaza (SW dest.),843
P6,Bronson Ave & University Dr,6965,6904,Brewer Park,7432
P6,Bronson Ave & University Dr,6899,6838,Brewer Park,7361
P6,Bronson Ave & University Dr,6385,6324,Brewer Park,6872
P7,Bronson Ave & University Dr,8092,8031,Brewer Park,8570
P6,Bronson Ave & University Dr,7566,7505,Brewer Park,8028
P3,Raven Rd emergency,262,201,Brewer Park,572
P3,Raven Rd emergency,133,72,Brewer Park,255
P5,Stadium Way,2292,2231,Brewer Park,2397
P6,Bronson Ave & University Dr,4922,4861,Brewer Park,5402
P5,Stadium Way,3329,3268,Brewer Park,3434
P7,Bronson Ave & University Dr,10018,9957,Brewer Park,10486
P6,Bronson Ave & University Dr,4416,4355,Brewer Park,4876
P5,Stadium Way,3752,3691,Brewer Park,3866
P7,Bronson Ave & University Dr,11245,11184,Brewer Park,11721
P3,Raven Rd emergency,852,791,Brewer Park,1490
P7,Bronson Ave & University Dr,9179,9118,Brewer Park,9655
P1,Colonel By,187,126,Hogs Back Plaza (SW dest.),387
P6,Bronson Ave & University Dr,7836,7775,Brewer Park,8300
P7,Bronson Ave & University Dr,10788,10727,Brewer Park,11258
P3,Raven Rd emergency,385,324,Brewer Park,936
P7,Bronson Ave & University Dr,11123,11062,Brewer Park,11595
P6,Bronson Ave & University Dr,5265,5204,Brewer Park,5738
P6,Bronson Ave & University Dr,7503,7442,Brewer Park,7969
P5,Stadium Way,1770,1709,Brewer Park,1882
P5,Stadium Way,2894,2833,Brewer Park,3000
P7,Bronson Ave & University Dr,11510,11449,Brewer Park,11985
P7,Bronson Ave & University Dr,9374,9313,Brewer Park,9851
P5,Stadium Way,3382,3321,Brewer Park,3493
P7,Bronson Ave & University Dr,9614,9553,Brewer Park,10089
P3,Raven Rd emergency,305,244,Brewer Park,664
P7,Bronson Ave & University Dr,8620,8559,Brewer Park,9101
P2,Colonel By,606,545,Hogs Back Plaza (SW dest.),1048
P6,Bronson Ave & University Dr,5507,5446,Brewer Park,5974
P7,Bronson Ave & University Dr,9218,9157,Brewer Park,9694
P7,Bronson Ave & University Dr,11486,11425,Brewer Park,11954
P3,Raven Rd emergency,486,425,Brewer Park,1153
P6,Bronson Ave & University Dr,5775,5714,Brewer Park,6243
P6,Bronson Ave & University Dr,4243,4182,Brewer Park,4708
P7,Bronson Ave & University Dr,11898,11837,Brewer Park,12695
P5,Stadium Way,2808,2747,Brewer Park,2917
P5,Stadium Way,157,96,Brewer Park,190
P6,Bronson Ave & University Dr,5320,5259,Brewer Park,5791
P6,Bronson Ave & University Dr,5560,5499,Brewer Park,6043
P7,Bronson Ave & University Dr,9258,9197,Brewer Park,9720
P3,Raven Rd emergency,428,367,Brewer Park,1068
P5,Stadium Way,2734,2673,Brewer Park,2845
P7,Bronson Ave & University Dr,10259,10198,Brewer Park,11045
P5,Stadium Way,2085,2024,Brewer Park,2196
P7,Bronson Ave & University Dr,8645,8584,Brewer Park,9118
P7,Bronson Ave & University Dr,10146,10085,Brewer Park,10925
P7,Bronson Ave & University Dr,8821,8760,Brewer Park,9304
P4,Stadium Way,618,557,Brewer Park,736
P7,Bronson Ave & University Dr,9782,9721,Brewer Park,10252
P6,Bronson Ave & University Dr,5078,5017,Brewer Park,5565
P7,Bronson Ave & University Dr,10711,10650,Brewer Park,11183
P7,Bronson Ave & University Dr,8992,8931,Brewer Park,9480
P5,Stadium Way,3736,3675,Brewer Park,3852
P5,Stadium Way,1892,1831,Brewer Park,2006
P7,Bronson Ave & University Dr,9825,9764,Brewer Park,10298
P7,Bronson Ave & University Dr,9329,9268,Brewer Park,9810
P7,Bronson Ave & University Dr,7943,7882,Brewer Park,8427
P6,Bronson Ave & University Dr,6317,6256,Brewer Park,6783
P5,Stadium Way,2463,2402,Brewer Park,2574
P6,Bronson Ave & University Dr,6380,6319,Brewer Park,6867
P3,Raven Rd emergency,468,407,Brewer Park,1141
P6,Bronson Ave & University Dr,5492,5431,Brewer Park,5944
P6,Bronson Ave & University Dr,6820,6759,Brewer Park,7286
P7,Bronson Ave & University Dr,10916,10855,Brewer Park,11388
P6,Bronson Ave & University Dr,4817,4756,Brewer Park,5293
P6,Bronson Ave & University Dr,6019,5958,Brewer Park,6480
P5,Stadium Way,3395,3334,Brewer Park,3501
P2,Colonel By,528,467,Hogs Back Plaza (SW dest.),904
P6,Bronson Ave & University Dr,5646,5585,Brewer Park,6121
P6,Bronson Ave & University Dr,6627,6566,Brewer Park,7114
P7,Bronson Ave & University Dr,11527,11466,Brewer Park,12006
P2,Colonel By,627,566,Hogs Back Plaza (SW dest.),1087
P7,Bronson Ave & University Dr,11592,11531,Brewer Park,12366
P6,Bronson Ave & University Dr,7851,7790,Brewer Park,8325
P7,Bronson Ave & University Dr,10204,10143,Brewer Park,10673
P5,Stadium Way,964,903,Brewer Park,1072
P6,Bronson Ave & University Dr,207,146,Brewer Park,4580
P6,Bronson Ave & University Dr,5443,5382,Brewer Park,5914
P7,Bronson Ave & University Dr,8492,8431,Brewer Park,8958
P3,Raven Rd emergency,997,936,Brewer Park,1616
P5,Stadium Way,3448,3387,Brewer Park,3556
P5,Stadium Way,2269,2208,Brewer Park,2381
P6,Bronson Ave & University Dr,5711,5650,Brewer Park,6178
P6,Bronson Ave & University Dr,5842,5781,Brewer Park,6312
P6,Bronson Ave & University Dr,6613,6552,Brewer Park,7097
P7,Bronson Ave & University Dr,10062,10001,Brewer Park,10540
P5,Stadium Way,3442,3381,Brewer Park,3548
P7,Bronson Ave & University Dr,8762,8701,Brewer Park,9245
P7,Bronson Ave & University Dr,9640,9579,Brewer Park,10111
P7,Bronson Ave & University Dr,11182,11121,Brewer Park,11647
P7,Bronson Ave & University Dr,8612,8551,Brewer Park,9083
P7,Bronson Ave & University Dr,11669,11608,Brewer Park,12445
P7,Bronson Ave & University Dr,11805,11744,Brewer Park,12599
P7,Bronson Ave & University Dr,11793,11732,Brewer Park,12591
P3,Raven Rd emergency,315,254,Brewer Park,681
P6,Bronson Ave & University Dr,5403,5342,Brewer Park,5873
P7,Bronson Ave & University Dr,9473,9412,Brewer Park,9945
P6,Bronson Ave & University Dr,5299,5238,Brewer Park,5768
P5,Stadium Way,3180,3119,Brewer Park,3288
P7,Bronson Ave & University Dr,11706,11645,Brewer Park,12172
P5,Stadium Way,2509,2448,Brewer Park,2619
P6,Bronson Ave & University Dr,6207,6146,Brewer Park,6690
P5,Stadium Way,1406,1345,Brewer Park,1518
P5,Stadium Way,2935,2874,Brewer Park,3044
P7,Bronson Ave & University Dr,9167,9106,Brewer Park,9642
P3,Raven Rd emergency,528,467,Brewer Park,1240
P6,Bronson Ave & University Dr,4596,4535,Brewer Park,5073
P7,Bronson Ave & University Dr,10093,10032,Brewer Park,10854
P5,Stadium Way,3802,3741,Brewer Park,3913
P6,Bronson Ave & University Dr,4758,4697,Brewer Park,5228
P7,Bronson Ave & University Dr,11737,11676,Brewer Park,12205
P5,Stadium Way,479,418,Brewer Park,581
P6,Bronson Ave & University Dr,237,176,Brewer Park,4622
P7,Bronson Ave & University Dr,11323,11262,Brewer Park,11789
P5,Stadium Way,3850,3789,Brewer Park,3963
P5,Stadium Way,1232,1171,Brewer Park,1341
P5,Stadium Way,3509,3448,Brewer Park,3621
P3,Raven Rd emergency,656,595,Brewer Park,1346
P6,Bronson Ave & University Dr,6034,5973,Brewer Park,6502
P3,Raven Rd emergency,401,340,Brewer Park,992
P6,Bronson Ave & University Dr,7575,7514,Brewer Park,8041
P3,Raven Rd emergency,444,383,Brewer Park,1104
P7,Bronson Ave & University Dr,8983,8922,Brewer Park,9463
P6,Bronson Ave & University Dr,7389,7328,Brewer Park,7853
P5,Stadium Way,2986,2925,Brewer Park,3100
P7,Bronson Ave & University Dr,11051,10990,Brewer Park,11510
P6,Bronson Ave & University Dr,6853,6792,Brewer Park,7321
P6,Bronson Ave & University Dr,4431,4370,Brewer Park,4893
P7,Bronson Ave & University Dr,8563,8502,Brewer Park,9025
P6,Bronson Ave & University Dr,4682,4621,Brewer Park,5157
P5,Stadium Way,2319,2258,Brewer Park,2425
P7,Bronson Ave & University Dr,11593,11532,Brewer Park,12371
P7,Bronson Ave & University Dr,11857,11796,Brewer Park,12650
P5,Stadium Way,693,632,Brewer Park,799
P5,Stadium Way,1915,1854,Brewer Park,2032
P6,Bronson Ave & University Dr,7729,7668,Brewer Park,8204
P3,Raven Rd emergency,1275,1214,Brewer Park,1912
P6,Bronson Ave & University Dr,4610,4549,Brewer Park,5090
P7,Bronson Ave & University Dr,11628,11567,Brewer Park,12097
P6,Bronson Ave & University Dr,7709,7648,Brewer Park,8177
P3,Raven Rd emergency,279,218,Brewer Park,611
P5,Stadium Way,3664,3603,Brewer Park,3775
P5,Stadium Way,950,889,Brewer Park,1064
P5,Stadium Way,3836,3775,Brewer Park,3946
P7,Bronson Ave & University Dr,9938,9877,Brewer Park,10414
P7,Bronson Ave & University Dr,11816,11755,Brewer Park,12282
P2,Colonel By,639,578,Hogs Back Plaza (SW dest.),1105
P3,Raven Rd emergency,193,132,Brewer Park,389
P7,Bronson Ave & University Dr,10846,10785,Brewer Park,11310
P7,Bronson Ave & University Dr,11076,11015,Brewer Park,11536
P7,Bronson Ave & University Dr,9768,9707,Brewer Park,10233
P7,Bronson Ave & University Dr,10896,10835,Brewer Park,11375
P1,Colonel By,392,331,Hogs Back Plaza (SW dest.),639
P6,Bronson Ave & University Dr,4991,4930,Brewer Park,5467
P6,Bronson Ave & University Dr,4279,4218,Brewer Park,4752
P6,Bronson Ave & University Dr,7478,7417,Brewer Park,7936
P6,Bronson Ave & University Dr,6031,5970,Brewer Park,6498
P7,Bronson Ave & University Dr,10159,10098,Brewer Park,10942
P6,Bronson Ave & University Dr,4819,4758,Brewer Park,5297
P7,Bronson Ave & University Dr,11741,11680,Brewer Park,12526
P5,Stadium Way,2145,2084,Brewer Park,2259
P5,Stadium Way,2104,2043,Brewer Park,2209
P7,Bronson Ave & University Dr,11888,11827,Brewer Park,12688
P5,Stadium Way,3604,3543,Brewer Park,3710
P4,Stadium Way,4162,4101,Brewer Park,4276
P5,Stadium Way,2336,2275,Brewer Park,2441
P6,Bronson Ave & University Dr,7850,7789,Brewer Park,8321
P5,Stadium Way,2250,2189,Brewer Park,2347
P6,Bronson Ave & University Dr,7569,7508,Brewer Park,8033
P6,Bronson Ave & University Dr,6459,6398,Brewer Park,6935
P6,Bronson Ave & University Dr,5071,5010,Brewer Park,5557
P7,Bronson Ave & University Dr,11751,11690,Brewer Park,12223
P6,Bronson Ave & University Dr,4838,4777,Brewer Park,5328
P5,Stadium Way,1486,1425,Brewer Park,1595
P7,Bronson Ave & University Dr,10670,10609,Brewer Park,11149
P7,Bronson Ave & University Dr,8485,8424,Brewer Park,8949
P5,Stadium Way,1974,1913,Brewer Park,2094
P2,Colonel By,588,527,Hogs Back Plaza (SW dest.),1014
P6,Bronson Ave & University Dr,6301,6240,Brewer Park,6769
P4,Stadium Way,4114,4053,Brewer Park,4221
P3,Raven Rd emergency,1217,1156,Brewer Park,1859
P6,Bronson Ave & University Dr,4656,4595,Brewer Park,5122
P6,Bronson Ave & University Dr,193,132,Brewer Park,4560
P6,Bronson Ave & University Dr,5079,5018,Brewer Park,5569
P7,Bronson Ave & University Dr,11151,11090,Brewer Park,11621
P3,Raven Rd emergency,1231,1170,Brewer Park,1877
P7,Bronson Ave & University Dr,9808,9747,Brewer Park,10285
P7,Bronson Ave & University Dr,11732,11671,Brewer Park,12518
P7,Bronson Ave & University Dr,12436,12375,Brewer Park,12903
P7,Bronson Ave & University Dr,9056,8995,Brewer Park,9534
P5,Stadium Way,3100,3039,Brewer Park,3212
P6,Bronson Ave & University Dr,4491,4430,Brewer Park,4960
P7,Bronson Ave & University Dr,11783,11722,Brewer Park,12252
P7,Bronson Ave & University Dr,9480,9419,Brewer Park,9953
P7,Bronson Ave & University Dr,8529,8468,Brewer Park,8997
P7,Bronson Ave & University Dr,110,49,Brewer Park,4454
P1,Colonel By,241,180,Hogs Back Plaza (SW dest.),461
P6,Bronson Ave & University Dr,7129,7068,Brewer Park,7589
P5,Stadium Way,3216,3155,Brewer Park,3324
P7,Bronson Ave & University Dr,8723,8662,Brewer Park,9209
P6,Bronson Ave & University Dr,6096,6035,Brewer Park,6564
P7,Bronson Ave & University Dr,11384,11323,Brewer Park,11859
P6,Bronson Ave & University Dr,7548,7487,Brewer Park,8010
P7,Bronson Ave & University Dr,11300,11239,Brewer Park,11781
P7,Bronson Ave & University Dr,9273,9212,Brewer Park,9737
P2,Colonel By,484,423,Hogs Back Plaza (SW dest.),822
P6,Bronson Ave & University Dr,7774,7713,Brewer Park,8253
P7,Bronson Ave & University Dr,11550,11489,Brewer Park,12028
P7,Bronson Ave & University Dr,8099,8038,Brewer Park,8574
P7,Bronson Ave & University Dr,11579,11518,Brewer Park,12045
P7,Bronson Ave & University Dr,11205,11144,Brewer Park,11665
P6,Bronson Ave & University Dr,7368,7307,Brewer Park,7824
P6,Bronson Ave & University Dr,4338,4277,Brewer Park,4795
P5,Stadium Way,2824,2763,Brewer Park,2935
P7,Bronson Ave & University Dr,9618,9557,Brewer Park,10094
P6,Bronson Ave & University Dr,6289,6228,Brewer Park,6755
P5,Stadium Way,1876,1815,Brewer Park,1988
P3,Raven Rd emergency,1190,1129,Brewer Park,1825
P5,Stadium Way,2088,2027,Brewer Park,2200
P5,Stadium Way,2422,2361,Brewer Park,2535
P5,Stadium Way,3810,3749,Brewer Park,3917
P7,Bronson Ave & University Dr,10084,10023,Brewer Park,10561
P7,Bronson Ave & University Dr,10050,9989,Brewer Park,10526
P6,Bronson Ave & University Dr,6418,6357,Brewer Park,6889
P3,Raven Rd emergency,309,248,Brewer Park,668
P7,Bronson Ave & University Dr,11900,11839,Brewer Park,12699
P7,Bronson Ave & University Dr,8988,8927,Brewer Park,9471
P6,Bronson Ave & University Dr,6808,6747,Brewer Park,7274
P6,Bronson Ave & University Dr,4772,4711,Brewer Park,5250
P3,Raven Rd emergency,371,310,Brewer Park,891
P5,Stadium Way,3276,3215,Brewer Park,3383
P6,Bronson Ave & University Dr,4612,4551,Brewer Park,5094
P1,Colonel By,143,82,Hogs Back Plaza (SW dest.),330
P7,Bronson Ave & University Dr,9752,9691,Brewer Park,10218
P6,Bronson Ave & University Dr,7203,7142,Brewer Park,7664
P6,Bronson Ave & University Dr,4221,4160,Brewer Park,4670
P7,Bronson Ave & University Dr,9274,9213,Brewer Park,9741
P6,Bronson Ave & University Dr,6205,6144,Brewer Park,6685
P4,Stadium Way,4309,4248,Brewer Park,4420
P2,Colonel By,196,135,Hogs Back Plaza (SW dest.),757
P6,Bronson Ave & University Dr,5949,5888,Brewer Park,6422
P7,Bronson Ave & University Dr,9728,9667,Brewer Park,10192
P6,Bronson Ave & University Dr,5189,5128,Brewer Park,5659
P3,Raven Rd emergency,1194,1133,Brewer Park,1829
P4,Stadium Way,4233,4172,Brewer Park,4345
P5,Stadium Way,2059,1998,Brewer Park,2168
P6,Bronson Ave & University Dr,7809,7748,Brewer Park,8275
P6,Bronson Ave & University Dr,6943,6882,Brewer Park,7405
P6,Bronson Ave & University Dr,4754,4693,Brewer Park,5224
P2,Colonel By,650,589,Hogs Back Plaza (SW dest.),1126
P5,Stadium Way,1564,1503,Brewer Park,1677
P6,Bronson Ave & University Dr,4589,4528,Brewer Park,5061
P5,Stadium Way,653,592,Brewer Park,766
P6,Bronson Ave & University Dr,7385,7324,Brewer Park,7849
P7,Bronson Ave & University Dr,10101,10040,Brewer Park,10577
P5,Stadium Way,939,878,Brewer Park,1050
P5,Stadium Way,685,624,Brewer Park,791
P5,Stadium Way,2047,1986,Brewer Park,2155
P7,Bronson Ave & University Dr,9693,9632,Brewer Park,10154
P7,Bronson Ave & University Dr,10208,10147,Brewer Park,10681
P7,Bronson Ave & University Dr,11599,11538,Brewer Park,12383
P7,Bronson Ave & University Dr,9963,9902,Brewer Park,10444
P6,Bronson Ave & University Dr,5002,4941,Brewer Park,5484
P3,Raven Rd emergency,157,96,Brewer Park,315
P4,Stadium Way,4273,4212,Brewer Park,4382
P7,Bronson Ave & University Dr,12398,12337,Brewer Park,12877
P5,Stadium Way,1468,1407,Brewer Park,1573
P5,Stadium Way,2091,2030,Brewer Park,2205
P7,Bronson Ave & University Dr,12389,12328,Brewer Park,12864
P7,Bronson Ave & University Dr,10863,10802,Brewer Park,11337
P7,Bronson Ave & University Dr,8400,8339,Brewer Park,8864
P7,Bronson Ave & University Dr,126,65,Brewer Park,4476
P5,Stadium Way,736,675,Brewer Park,843
P6,Bronson Ave & University Dr,5427,5366,Brewer Park,5899
P3,Raven Rd emergency,1257,1196,Brewer Park,1908
P6,Bronson Ave & University Dr,4257,4196,Brewer Park,4727
P5,Stadium Way,2717,2656,Brewer Park,2822
P7,Bronson Ave & University Dr,8898,8837,Brewer Park,9377
P7,Bronson Ave & University Dr,8204,8143,Brewer Park,8666
P7,Bronson Ave & University Dr,8975,8914,Brewer Park,9450
P1,Colonel By,99,38,Hogs Back Plaza (SW dest.),270
P7,Bronson Ave & University Dr,8284,8223,Brewer Park,8753
P7,Bronson Ave & University Dr,8878,8817,Brewer Park,9353
P2,Colonel By,507,446,Hogs Back Plaza (SW dest.),869
P6,Bronson Ave & University Dr,6374,6313,Brewer Park,6859
P6,Bronson Ave & University Dr,4227,4166,Brewer Park,4679
P6,Bronson Ave & University Dr,6056,5995,Brewer Park,6519
P7,Bronson Ave & University Dr,11773,11712,Brewer Park,12566
P5,Stadium Way,2213,2152,Brewer Park,2309
P5,Stadium Way,1921,1860,Brewer Park,2037
P7,Bronson Ave & University Dr,9466,9405,Brewer Park,9932
P6,Bronson Ave & University Dr,7766,7705,Brewer Park,8240
P6,Bronson Ave & University Dr,7752,7691,Brewer Park,8222
P7,Bronson Ave & University Dr,10264,10203,Brewer Park,11049
P5,Stadium Way,3498,3437,Brewer Park,3609
P6,Bronson Ave & University Dr,6832,6771,Brewer Park,7291
P4,Stadium Way,4107,4046,Brewer Park,4216
P5,Stadium Way,2044,1983,Brewer Park,2150
P5,Stadium Way,1259,1198,Brewer Park,1369
P7,Bronson Ave & University Dr,11759,11698,Brewer Park,12549
P7,Bronson Ave & University Dr,11890,11829,Brewer Park,12691
P5,Stadium Way,2581,2520,Brewer Park,2691
P7,Bronson Ave & University Dr,8429,8368,Brewer Park,8878
P3,Raven Rd emergency,1187,1126,Brewer Park,1817
P6,Bronson Ave & University Dr,7305,7244,Brewer Park,7769
P7,Bronson Ave & University Dr,10098,10037,Brewer Park,10863
P5,Stadium Way,3866,3805,Brewer Park,3976
P2,Colonel By,545,484,Hogs Back Plaza (SW dest.),950
P7,Bronson Ave & University Dr,10057,9996,Brewer Park,10531
P7,Bronson Ave & University Dr,9660,9599,Brewer Park,10124
P7,Bronson Ave & University Dr,9345,9284,Brewer Park,9832
P7,Bronson Ave & University Dr,8443,8382,Brewer Park,8903
P6,Bronson Ave & University Dr,4796,4735,Brewer Park,5275
P7,Bronson Ave & University Dr,11764,11703,Brewer Park,12232
P1,Colonel By,234,173,Hogs Back Plaza (SW dest.),452
P6,Bronson Ave & University Dr,5089,5028,Brewer Park,5573
P1,Colonel By,392,331,Hogs Back Plaza (SW dest.),643
P7,Bronson Ave & University Dr,9292,9231,Brewer Park,9766
P1,Colonel By,238,177,Hogs Back Plaza (SW dest.),457
P7,Bronson Ave & University Dr,9008,8947,Brewer Park,9502
P2,Colonel By,620,559,Hogs Back Plaza (SW dest.),1078
P7,Bronson Ave & University Dr,9456,9395,Brewer Park,9923
P7,Bronson Ave & University Dr,8080,8019,Brewer Park,8554
P7,Bronson Ave & University Dr,10876,10815,Brewer Park,11350
P7,Bronson Ave & University Dr,7977,7916,Brewer Park,8463
P7,Bronson Ave & University Dr,11285,11224,Brewer Park,11756
P7,Bronson Ave & University Dr,12327,12266,Brewer Park,12805
P3,Raven Rd emergency,1196,1135,Brewer Park,1838
P6,Bronson Ave & University Dr,4730,4669,Brewer Park,5202
P2,Colonel By,497,436,Hogs Back Plaza (SW dest.),852
P7,Bronson Ave & University Dr,8912,8851,Brewer Park,9399
P5,Stadium Way,3937,3876,Brewer Park,4049
P1,Colonel By,377,316,Hogs Back Plaza (SW dest.),623
P6,Bronson Ave & University Dr,4252,4191,Brewer Park,4718
P1,Colonel By,382,321,Hogs Back Plaza (SW dest.),630
P7,Bronson Ave & University Dr,7999,7938,Brewer Park,8483
P7,Bronson Ave & University Dr,8157,8096,Brewer Park,8626
P1,Colonel By,344,283,Hogs Back Plaza (SW dest.),584
P7,Bronson Ave & University Dr,11756,11695,Brewer Park,12228
P7,Bronson Ave & University Dr,11812,11751,Brewer Park,12278
P5,Stadium Way,2024,1963,Brewer Park,2141
P7,Bronson Ave & University Dr,10683,10622,Brewer Park,11156
P4,Stadium Way,3630,3569,Brewer Park,3735
P7,Bronson Ave & University Dr,9779,9718,Brewer Park,10247
P6,Bronson Ave & University Dr,7479,7418,Brewer Park,7940
P5,Stadium Way,3106,3045,Brewer Park,3220
P5,Stadium Way,1591,1530,Brewer Park,1707
P1,Colonel By,174,113,Hogs Back Plaza (SW dest.),370
P3,Raven Rd emergency,435,374,Brewer Park,1087
P4,Stadium Way,4323,4262,Brewer Park,4433
P7,Bronson Ave & University Dr,8215,8154,Brewer Park,8680
P6,Bronson Ave & University Dr,7465,7404,Brewer Park,7921
P7,Bronson Ave & University Dr,8996,8935,Brewer Park,9494
P6,Bronson Ave & University Dr,7561,7500,Brewer Park,8023
P5,Stadium Way,2957,2896,Brewer Park,3066
P6,Bronson Ave & University Dr,4413,4352,Brewer Park,4872
P7,Bronson Ave & University Dr,9308,9247,Brewer Park,9783
P5,Stadium Way,146,85,Brewer Park,173
P5,Stadium Way,2613,2552,Brewer Park,2723
P5,Stadium Way,1221,1160,Brewer Park,1328
P5,Stadium Way,154,93,Brewer Park,185
P7,Bronson Ave & University Dr,11758,11697,Brewer Park,12558
P6,Bronson Ave & University Dr,4671,4610,Brewer Park,5135
P6,Bronson Ave & University Dr,4867,4806,Brewer Park,5347
P7,Bronson Ave & University Dr,8430,8369,Brewer Park,8882
P3,Raven Rd emergency,679,618,Brewer Park,1366
P3,Raven Rd emergency,788,727,Brewer Park,1447
P5,Stadium Way,2589,2528,Brewer Park,2700
P6,Bronson Ave & University Dr,5792,5731,Brewer Park,6258
P6,Bronson Ave & University Dr,4584,4523,Brewer Park,5053
P5,Stadium Way,2900,2839,Brewer Park,3013
P1,Colonel By,228,167,Hogs Back Plaza (SW dest.),444
P7,Bronson Ave & University Dr,8187,8126,Brewer Park,8658
P6,Bronson Ave & University Dr,5223,5162,Brewer Park,5703
P6,Bronson Ave & University Dr,4228,4167,Brewer Park,4683
P6,Bronson Ave & University Dr,7757,7696,Brewer Park,8227
P5,Stadium Way,3685,3624,Brewer Park,3792
P3,Raven Rd emergency,1254,1193,Brewer Park,1895
P7,Bronson Ave & University Dr,12405,12344,Brewer Park,12885
P7,Bronson Ave & University Dr,11865,11804,Brewer Park,12662
P6,Bronson Ave & University Dr,7106,7045,Brewer Park,7569
P6,Bronson Ave & University Dr,5305,5244,Brewer Park,5782
P7,Bronson Ave & University Dr,11215,11154,Brewer Park,11673
P6,Bronson Ave & University Dr,234,173,Brewer Park,4618
P7,Bronson Ave & University Dr,9515,9454,Brewer Park,9979
P5,Stadium Way,1615,1554,Brewer Park,1724
P7,Bronson Ave & University Dr,9754,9693,Brewer Park,10223
P4,Stadium Way,3993,3932,Brewer Park,4102
P6,Bronson Ave & University Dr,5907,5846,Brewer Park,6376
P1,Colonel By,184,123,Hogs Back Plaza (SW dest.),383
P7,Bronson Ave & University Dr,9419,9358,Brewer Park,9898
P5,Stadium Way,1058,997,Brewer Park,1167
P5,Stadium Way,1889,1828,Brewer Park,2001
P2,Colonel By,209,148,Hogs Back Plaza (SW dest.),773
P2,Colonel By,563,502,Hogs Back Plaza (SW dest.),976
P4,Stadium Way,2948,2887,Brewer Park,3052
P5,Stadium Way,3362,3301,Brewer Park,3472
P6,Bronson Ave & University Dr,5129,5068,Brewer Park,5616
P7,Bronson Ave & University Dr,9333,9272,Brewer Park,9818
P6,Bronson Ave & University Dr,7192,7131,Brewer Park,7659
P6,Bronson Ave & University Dr,4731,4670,Brewer Park,5206
P7,Bronson Ave & University Dr,9414,9353,Brewer Park,9890
P5,Stadium Way,3745,3684,Brewer Park,3856
P7,Bronson Ave & University Dr,9857,9796,Brewer Park,10332
P4,Stadium Way,4160,4099,Brewer Park,4271
P6,Bronson Ave & University Dr,4904,4843,Brewer Park,5380
P2,Colonel By,578,517,Hogs Back Plaza (SW dest.),994
P3,Raven Rd emergency,888,827,Brewer Park,1510
P6,Bronson Ave & University Dr,5584,5523,Brewer Park,6056
P7,Bronson Ave & University Dr,11604,11543,Brewer Park,12379
P6,Bronson Ave & University Dr,260,199,Brewer Park,4650
P7,Bronson Ave & University Dr,8579,8518,Brewer Park,9048
P5,Stadium Way,1741,1680,Brewer Park,1851
P1,Colonel By,437,376,Hogs Back Plaza (SW dest.),699
P1,Colonel By,273,212,Hogs Back Plaza (SW dest.),505
P7,Bronson Ave & University Dr,9601,9540,Brewer Park,10069
P6,Bronson Ave & University Dr,210,149,Brewer Park,4584
P5,Stadium Way,210,149,Brewer Park,268
P4,Stadium Way,4137,4076,Brewer Park,4241
P6,Bronson Ave & University Dr,7517,7456,Brewer Park,7981
P5,Stadium Way,1119,1058,Brewer Park,1228
P6,Bronson Ave & University Dr,5423,5362,Brewer Park,5891
P6,Bronson Ave & University Dr,5231,5170,Brewer Park,5716
P6,Bronson Ave & University Dr,5349,5288,Brewer Park,5829
P4,Stadium Way,4278,4217,Brewer Park,4386
P6,Bronson Ave & University Dr,6956,6895,Brewer Park,7418
P7,Bronson Ave & University Dr,9432,9371,Brewer Park,9907
P6,Bronson Ave & University Dr,7805,7744,Brewer Park,8271
P5,Stadium Way,1949,1888,Brewer Park,2063
P7,Bronson Ave & University Dr,10079,10018,Brewer Park,10840
P7,Bronson Ave & University Dr,8275,8214,Brewer Park,8741
P7,Bronson Ave & University Dr,8405,8344,Brewer Park,8874
P6,Bronson Ave & University Dr,6850,6789,Brewer Park,7317
P6,Bronson Ave & University Dr,7798,7737,Brewer Park,8262
P7,Bronson Ave & University Dr,9940,9879,Brewer Park,10418
P2,Colonel By,524,463,Hogs Back Plaza (SW dest.),899
P3,Raven Rd emergency,1072,1011,Brewer Park,1715
P5,Stadium Way,2114,2053,Brewer Park,2214
P6,Bronson Ave & University Dr,4945,4884,Brewer Park,5416
P5,Stadium Way,3877,3816,Brewer Park,3984
P6,Bronson Ave & University Dr,4260,4199,Brewer Park,4731
P7,Bronson Ave & University Dr,9638,9577,Brewer Park,10107
P7,Bronson Ave & University Dr,8304,8243,Brewer Park,8762
P6,Bronson Ave & University Dr,5033,4972,Brewer Park,5509
P6,Bronson Ave & University Dr,7687,7626,Brewer Park,8153
P7,Bronson Ave & University Dr,11338,11277,Brewer Park,11811
P5,Stadium Way,2562,2501,Brewer Park,2674
P5,Stadium Way,3365,3304,Brewer Park,3476
P6,Bronson Ave & University Dr,6565,6504,Brewer Park,7033
P5,Stadium Way,2544,2483,Brewer Park,2657
P5,Stadium Way,3706,3645,Brewer Park,3818
P5,Stadium Way,3229,3168,Brewer Park,3341
P2,Colonel By,614,553,Hogs Back Plaza (SW dest.),1064
P2,Colonel By,555,494,Hogs Back Plaza (SW dest.),963
P7,Bronson Ave & University Dr,10047,9986,Brewer Park,10820
P3,Raven Rd emergency,410,349,Brewer Park,1012
P4,Stadium Way,4185,4124,Brewer Park,4302
P7,Bronson Ave & University Dr,12344,12283,Brewer Park,12824
P5,Stadium Way,2542,2481,Brewer Park,2652
P7,Bronson Ave & University Dr,10702,10641,Brewer Park,11169
P1,Colonel By,181,120,Hogs Back Plaza (SW dest.),379
P2,Colonel By,531,470,Hogs Back Plaza (SW dest.),912
P7,Bronson Ave & University Dr,11615,11554,Brewer Park,12392
P6,Bronson Ave & University Dr,6706,6645,Brewer Park,7173
P7,Bronson Ave & University Dr,11682,11621,Brewer Park,12462
P1,Colonel By,338,277,Hogs Back Plaza (SW dest.),579
P7,Bronson Ave & University Dr,12390,12329,Brewer Park,12868
P2,Colonel By,509,448,Hogs Back Plaza (SW dest.),877
P1,Colonel By,191,130,Hogs Back Plaza (SW dest.),392
P7,Bronson Ave & University Dr,11294,11233,Brewer Park,11773
P5,Stadium Way,1350,1289,Brewer Park,1456
P6,Bronson Ave & University Dr,7844,7783,Brewer Park,8310
P6,Bronson Ave & University Dr,5991,5930,Brewer Park,6454
P6,Bronson Ave & University Dr,7456,7395,Brewer Park,7907
P6,Bronson Ave & University Dr,6390,6329,Brewer Park,6876
P1,Colonel By,433,372,Hogs Back Plaza (SW dest.),695
P7,Bronson Ave & University Dr,9493,9432,Brewer Park,9963
P1,Colonel By,399,338,Hogs Back Plaza (SW dest.),648
P5,Stadium Way,2118,2057,Brewer Park,2230
P6,Bronson Ave & University Dr,174,113,Brewer Park,4536
P5,Stadium Way,1829,1768,Brewer Park,1944
P6,Bronson Ave & University Dr,5795,5734,Brewer Park,6262
P6,Bronson Ave & University Dr,6611,6550,Brewer Park,7093
P5,Stadium Way,2243,2182,Brewer Park,2339
P3,Raven Rd emergency,1125,1064,Brewer Park,1751
P7,Bronson Ave & University Dr,10732,10671,Brewer Park,11195
P7,Bronson Ave & University Dr,9402,9341,Brewer Park,9886
P6,Bronson Ave & University Dr,7684,7623,Brewer Park,8149
P6,Bronson Ave & University Dr,7077,7016,Brewer Park,7551
P6,Bronson Ave & University Dr,5889,5828,Brewer Park,6355
P7,Bronson Ave & University Dr,8716,8655,Brewer Park,9200
P7,Bronson Ave & University Dr,8461,8400,Brewer Park,8931
P7,Bronson Ave & University Dr,10117,10056,Brewer Park,10888
P6,Bronson Ave & University Dr,7677,7616,Brewer Park,8135
P5,Stadium Way,2139,2078,Brewer Park,2251
P7,Bronson Ave & University Dr,9459,9398,Brewer Park,9928
P3,Raven Rd emergency,438,377,Brewer Park,1096
P7,Bronson Ave & University Dr,10169,10108,Brewer Park,10954
P5,Stadium Way,2764,2703,Brewer Park,2866
P5,Stadium Way,2371,2310,Brewer Park,2482
P7,Bronson Ave & University Dr,12356,12295,Brewer Park,12837
P5,Stadium Way,3006,2945,Brewer Park,3118
P7,Bronson Ave & University Dr,10125,10064,Brewer Park,10901
P6,Bronson Ave & University Dr,5922,5861,Brewer Park,6400
P7,Bronson Ave & University Dr,11219,11158,Brewer Park,11681
P6,Bronson Ave & University Dr,4443,4382,Brewer Park,4913
P7,Bronson Ave & University Dr,8566,8505,Brewer Park,9031
P6,Bronson Ave & University Dr,4912,4851,Brewer Park,5393
P4,Stadium Way,4222,4161,Brewer Park,4329
P6,Bronson Ave & University Dr,6202,6141,Brewer Park,6680
P6,Bronson Ave & University Dr,7295,7234,Brewer Park,7748
P3,Raven Rd emergency,351,290,Brewer Park,834
P6,Bronson Ave & University Dr,7035,6974,Brewer Park,7506
P7,Bronson Ave & University Dr,10842,10781,Brewer Park,11300
P6,Bronson Ave & University Dr,7631,7570,Brewer Park,8088
P7,Bronson Ave & University Dr,11622,11561,Brewer Park,12093
P3,Raven Rd emergency,1024,963,Brewer Park,1649
P7,Bronson Ave & University Dr,9988,9927,Brewer Park,10465
P7,Bronson Ave & University Dr,11649,11588,Brewer Park,12117
P7,Bronson Ave & University Dr,10186,10125,Brewer Park,10662
P6,Bronson Ave & University Dr,4592,4531,Brewer Park,5064
P6,Bronson Ave & University Dr,6526,6465,Brewer Park,6994
P7,Bronson Ave & University Dr,8971,8910,Brewer Park,9446
P7,Bronson Ave & University Dr,12453,12392,Brewer Park,12907
P6,Bronson Ave & University Dr,6344,6283,Brewer Park,6822
P5,Stadium Way,2491,2430,Brewer Park,2601
P6,Bronson Ave & University Dr,4255,4194,Brewer Park,4723
P7,Bronson Ave & University Dr,9874,9813,Brewer Park,10352
P2,Colonel By,607,546,Hogs Back Plaza (SW dest.),1052
P5,Stadium Way,3880,3819,Brewer Park,3988
P7,Bronson Ave & University Dr,9049,8988,Brewer Park,9523
P6,Bronson Ave & University Dr,4831,4770,Brewer Park,5319
P5,Stadium Way,1111,1050,Brewer Park,1224
P6,Bronson Ave & University Dr,5891,5830,Brewer Park,6359
P6,Bronson Ave & University Dr,266,205,Brewer Park,4658
P7,Bronson Ave & University Dr,10252,10191,Brewer Park,11040
P7,Bronson Ave & University Dr,12523,12462,Brewer Park,12966
P7,Bronson Ave & University Dr,12553,12492,Brewer Park,13023
P7,Bronson Ave & University Dr,8863,8802,Brewer Park,9334
P6,Bronson Ave & University Dr,7589,7528,Brewer Park,8059
P7,Bronson Ave & University Dr,10189,10128,Brewer Park,10971
P6,Bronson Ave & University Dr,7670,7609,Brewer Park,8127
P6,Bronson Ave & University Dr,6969,6908,Brewer Park,7437
P6,Bronson Ave & University Dr,4235,4174,Brewer Park,4692
P6,Bronson Ave & University Dr,6772,6711,Brewer Park,7235
P6,Bronson Ave & University Dr,6245,6184,Brewer Park,6725
P7,Bronson Ave & University Dr,10065,10004,Brewer Park,10833
P5,Stadium Way,1254,1193,Brewer Park,1362
P7,Bronson Ave & University Dr,12535,12474,Brewer Park,13000
P6,Bronson Ave & University Dr,5510,5449,Brewer Park,5978
P7,Bronson Ave & University Dr,107,46,Brewer Park,4450
P3,Raven Rd emergency,1149,1088,Brewer Park,1772
P6,Bronson Ave & University Dr,7051,6990,Brewer Park,7520
P6,Bronson Ave & University Dr,157,96,Brewer Park,4514
P5,Stadium Way,3775,3714,Brewer Park,3883
P6,Bronson Ave & University Dr,5533,5472,Brewer Park,6005
P6,Bronson Ave & University Dr,4586,4525,Brewer Park,5057
P7,Bronson Ave & University Dr,9197,9136,Brewer Park,9672
P6,Bronson Ave & University Dr,4813,4752,Brewer Park,5288
P7,Bronson Ave & University Dr,10626,10565,Brewer Park,11107
P6,Bronson Ave & University Dr,4238,4177,Brewer Park,4700
P7,Bronson Ave & University Dr,11613,11552,Brewer Park,12080
P6,Bronson Ave & University Dr,4793,4732,Brewer Park,5270
P7,Bronson Ave & University Dr,10112,10051,Brewer Park,10875
P5,Stadium Way,398,337,Brewer Park,507
P6,Bronson Ave & University Dr,5941,5880,Brewer Park,6418
P5,Stadium Way,3434,3373,Brewer Park,3544
P6,Bronson Ave & University Dr,6010,5949,Brewer Park,6467
P7,Bronson Ave & University Dr,12509,12448,Brewer Park,12950
P5,Stadium Way,3757,3696,Brewer Park,3875
P6,Bronson Ave & University Dr,7801,7740,Brewer Park,8267
P6,Bronson Ave & University Dr,7227,7166,Brewer Park,7693
P1,Colonel By,106,45,Hogs Back Plaza (SW dest.),276
P6,Bronson Ave & University Dr,5001,4940,Brewer Park,5480
P5,Stadium Way,2472,2411,Brewer Park,2581
P7,Bronson Ave & University Dr,8909,8848,Brewer Park,9394
P6,Bronson Ave & University Dr,202,141,Brewer Park,4572
P1,Colonel By,327,266,Hogs Back Plaza (SW dest.),566
P5,Stadium Way,1054,993,Brewer Park,1162
P5,Stadium Way,3693,3632,Brewer Park,3805
P6,Bronson Ave & University Dr,5344,5283,Brewer Park,5821
P7,Bronson Ave & University Dr,11217,11156,Brewer Park,11677
P6,Bronson Ave & University Dr,6360,6299,Brewer Park,6846
P6,Bronson Ave & University Dr,5488,5427,Brewer Park,5939
P6,Bronson Ave & University Dr,7221,7160,Brewer Park,7685
P6,Bronson Ave & University Dr,7143,7082,Brewer Park,7606
P7,Bronson Ave & University Dr,10172,10111,Brewer Park,10646
P6,Bronson Ave & University Dr,7377,7316,Brewer Park,7840
P6,Bronson Ave & University Dr,6423,6362,Brewer Park,6898
P6,Bronson Ave & University Dr,251,190,Brewer Park,4640
P2,Colonel By,441,380,Hogs Back Plaza (SW dest.),794
P7,Bronson Ave & University Dr,11586,11525,Brewer Park,12053
P6,Bronson Ave & University Dr,4673,4612,Brewer Park,5139
P7,Bronson Ave & University Dr,11778,11717,Brewer Park,12578
P5,Stadium Way,3098,3037,Brewer Park,3208
P3,Raven Rd emergency,1077,1016,Brewer Park,1746
P7,Bronson Ave & University Dr,10017,9956,Brewer Park,10795
P7,Bronson Ave & University Dr,9066,9005,Brewer Park,9539
P5,Stadium Way,3796,3735,Brewer Park,3904
P4,Stadium Way,4292,4231,Brewer Park,4399
P7,Bronson Ave & University Dr,10151,10090,Brewer Park,10629
P5,Stadium Way,3504,3443,Brewer Park,3617
P7,Bronson Ave & University Dr,9952,9891,Brewer Park,10436
P7,Bronson Ave & University Dr,11158,11097,Brewer Park,11630
P5,Stadium Way,2264,2203,Brewer Park,2364
P7,Bronson Ave & University Dr,9602,9541,Brewer Park,10073
P5,Stadium Way,134,73,Brewer Park,160
P5,Stadium Way,3531,3470,Brewer Park,3638
P5,Stadium Way,3786,3725,Brewer Park,3897
P7,Bronson Ave & University Dr,9477,9416,Brewer Park,9949
P6,Bronson Ave & University Dr,6780,6719,Brewer Park,7248
P7,Bronson Ave & University Dr,12513,12452,Brewer Park,12957
P3,Raven Rd emergency,1225,1164,Brewer Park,1863
P7,Bronson Ave & University Dr,9907,9846,Brewer Park,10379
P6,Bronson Ave & University Dr,7025,6964,Brewer Park,7499
P7,Bronson Ave & University Dr,9243,9182,Brewer Park,9712
P7,Bronson Ave & University Dr,7913,7852,Brewer Park,8394
P6,Bronson Ave & University Dr,7826,7765,Brewer Park,8284
P6,Bronson Ave & University Dr,7489,7428,Brewer Park,7956
P7,Bronson Ave & University Dr,11001,10940,Brewer Park,11484
P5,Stadium Way,1484,1423,Brewer Park,1590
P6,Bronson Ave & University Dr,5060,4999,Brewer Park,5540
P4,Stadium Way,4193,4132,Brewer Park,4311
P6,Bronson Ave & University Dr,5918,5857,Brewer Park,6395
P6,Bronson Ave & University Dr,5849,5788,Brewer Park,6320
P6,Bronson Ave & University Dr,4715,4654,Brewer Park,5189
P5,Stadium Way,2816,2755,Brewer Park,2927
P7,Bronson Ave & University Dr,10114,10053,Brewer Park,10879
P3,Raven Rd emergency,642,581,Brewer Park,1320
P6,Bronson Ave & University Dr,6788,6727,Brewer Park,7260
P6,Bronson Ave & University Dr,4712,4651,Brewer Park,5184
P7,Bronson Ave & University Dr,8112,8051,Brewer Park,8587
P7,Bronson Ave & University Dr,9684,9623,Brewer Park,10142
P7,Bronson Ave & University Dr,8029,7968,Brewer Park,8505
P6,Bronson Ave & University Dr,4763,4702,Brewer Park,5232
P5,Stadium Way,2380,2319,Brewer Park,2491
P7,Bronson Ave & University Dr,10241,10180,Brewer Park,11023
P7,Bronson Ave & University Dr,7933,7872,Brewer Park,8423
P5,Stadium Way,3053,2992,Brewer Park,3162
P5,Stadium Way,2773,2712,Brewer Park,2875
P5,Stadium Way,2832,2771,Brewer Park,2944
P7,Bronson Ave & University Dr,9979,9918,Brewer Park,10457
P7,Bronson Ave & University Dr,10161,10100,Brewer Park,10946
P7,Bronson Ave & University Dr,10130,10069,Brewer Park,10612
P7,Bronson Ave & University Dr,10782,10721,Brewer Park,11246
P2,Colonel By,532,471,Hogs Back Plaza (SW dest.),916
P2,Colonel By,581,520,Hogs Back Plaza (SW dest.),1002
P5,Stadium Way,2794,2733,Brewer Park,2904
P7,Bronson Ave & University Dr,9993,9932,Brewer Park,10473
P5,Stadium Way,280,219,Brewer Park,376
P5,Stadium Way,3393,3332,Brewer Park,3497
P6,Bronson Ave & University Dr,7833,7772,Brewer Park,8292
P6,Bronson Ave & University Dr,5783,5722,Brewer Park,6247
P6,Bronson Ave & University Dr,6053,5992,Brewer Park,6515
P5,Stadium Way,1725,1664,Brewer Park,1834
P6,Bronson Ave & University Dr,6695,6634,Brewer Park,7160
P6,Bronson Ave & University Dr,5589,5528,Brewer Park,6065
P3,Raven Rd emergency,908,847,Brewer Park,1535
P3,Raven Rd emergency,223,162,Brewer Park,462
P6,Bronson Ave & University Dr,5503,5442,Brewer Park,5961
P1,Colonel By,257,196,Hogs Back Plaza (SW dest.),480
P6,Bronson Ave & University Dr,6878,6817,Brewer Park,7344
P5,Stadium Way,1875,1814,Brewer Park,1984
P6,Bronson Ave & University Dr,4381,4320,Brewer Park,4853
P4,Stadium Way,3545,3484,Brewer Park,3651
P7,Bronson Ave & University Dr,10082,10021,Brewer Park,10556
P5,Stadium Way,3283,3222,Brewer Park,3396
P7,Bronson Ave & University Dr,10275,10214,Brewer Park,11056
P3,Raven Rd emergency,891,830,Brewer Park,1514
P6,Bronson Ave & University Dr,4557,4496,Brewer Park,5027
P5,Stadium Way,2239,2178,Brewer Park,2335
P6,Bronson Ave & University Dr,5847,5786,Brewer Park,6316
P5,Stadium Way,1872,1811,Brewer Park,1979
P7,Bronson Ave & University Dr,8809,8748,Brewer Park,9283
P7,Bronson Ave & University Dr,10285,10224,Brewer Park,10764
P2,Colonel By,585,524,Hogs Back Plaza (SW dest.),1010
P3,Raven Rd emergency,1019,958,Brewer Park,1628
P6,Bronson Ave & University Dr,7883,7822,Brewer Park,8356
P6,Bronson Ave & University Dr,6922,6861,Brewer Park,7374
P5,Stadium Way,2222,2161,Brewer Park,2322
P7,Bronson Ave & University Dr,8044,7983,Brewer Park,8521
P2,Colonel By,559,498,Hogs Back Plaza (SW dest.),968
P7,Bronson Ave & University Dr,11739,11678,Brewer Park,12210
P2,Colonel By,612,551,Hogs Back Plaza (SW dest.),1060
P6,Bronson Ave & University Dr,7483,7422,Brewer Park,7944
P4,Stadium Way,4219,4158,Brewer Park,4325
P6,Bronson Ave & University Dr,5432,5371,Brewer Park,5909
P7,Bronson Ave & University Dr,12328,12267,Brewer Park,12810
P6,Bronson Ave & University Dr,7037,6976,Brewer Park,7511
P7,Bronson Ave & University Dr,8362,8301,Brewer Park,8821
P1,Colonel By,324,263,Hogs Back Plaza (SW dest.),562
P5,Stadium Way,2884,2823,Brewer Park,2988
P3,Raven Rd emergency,1214,1153,Brewer Park,1855
P3,Raven Rd emergency,1129,1068,Brewer Park,1760
P5,Stadium Way,862,801,Brewer Park,975
P5,Stadium Way,838,777,Brewer Park,950
P6,Bronson Ave & University Dr,5731,5670,Brewer Park,6205
P5,Stadium Way,195,134,Brewer Park,246
P6,Bronson Ave & University Dr,4369,4308,Brewer Park,4841
P3,Raven Rd emergency,298,237,Brewer Park,655
P5,Stadium Way,3660,3599,Brewer Park,3766
P5,Stadium Way,3495,3434,Brewer Park,3604
P6,Bronson Ave & University Dr,4432,4371,Brewer Park,4897
P6,Bronson Ave & University Dr,7314,7253,Brewer Park,7778
P7,Bronson Ave & University Dr,9970,9909,Brewer Park,10448
P6,Bronson Ave & University Dr,7495,7434,Brewer Park,7964
P6,Bronson Ave & University Dr,5140,5079,Brewer Park,5629
P7,Bronson Ave & University Dr,8737,8676,Brewer Park,9222
P7,Bronson Ave & University Dr,11806,11745,Brewer Park,12274
P6,Bronson Ave & University Dr,5104,5043,Brewer Park,5595
P7,Bronson Ave & University Dr,7904,7843,Brewer Park,8378
P7,Bronson Ave & University Dr,10228,10167,Brewer Park,10697
P5,Stadium Way,294,233,Brewer Park,398
P7,Bronson Ave & University Dr,9568,9507,Brewer Park,10039
P5,Stadium Way,3222,3161,Brewer Park,3336
P7,Bronson Ave & University Dr,10183,10122,Brewer Park,10962
P7,Bronson Ave & University Dr,11036,10975,Brewer Park,11502
P6,Bronson Ave & University Dr,4680,4619,Brewer Park,5152
P6,Bronson Ave & University Dr,6296,6235,Brewer Park,6765
P6,Bronson Ave & University Dr,6342,6281,Brewer Park,6814
P6,Bronson Ave & University Dr,6732,6671,Brewer Park,7192
P5,Stadium Way,3372,3311,Brewer Park,3489
P7,Bronson Ave & University Dr,11680,11619,Brewer Park,12154
P7,Bronson Ave & University Dr,9943,9882,Brewer Park,10422
P5,Stadium Way,3060,2999,Brewer Park,3171
P7,Bronson Ave & University Dr,10107,10046,Brewer Park,10871
P6,Bronson Ave & University Dr,5504,5443,Brewer Park,5965
P6,Bronson Ave & University Dr,5014,4953,Brewer Park,5497
P1,Colonel By,117,56,Hogs Back Plaza (SW dest.),298
P3,Raven Rd emergency,750,689,Brewer Park,1412
P5,Stadium Way,2778,2717,Brewer Park,2883
P6,Bronson Ave & University Dr,4593,4532,Brewer Park,5068
P6,Bronson Ave & University Dr,4959,4898,Brewer Park,5430
P7,Bronson Ave & University Dr,9221,9160,Brewer Park,9699
P7,Bronson Ave & University Dr,8382,8321,Brewer Park,8837
P7,Bronson Ave & University Dr,11450,11389,Brewer Park,11924
P3,Raven Rd emergency,376,315,Brewer Park,911
P5,Stadium Way,942,881,Brewer Park,1055
P7,Bronson Ave & University Dr,8163,8102,Brewer Park,8634
P7,Bronson Ave & University Dr,8592,8531,Brewer Park,9056
P5,Stadium Way,3911,3850,Brewer Park,4019
P6,Bronson Ave & University Dr,5011,4950,Brewer Park,5493
P7,Bronson Ave & University Dr,12494,12433,Brewer Park,12945
P6,Bronson Ave & University Dr,6276,6215,Brewer Park,6750
P6,Bronson Ave & University Dr,5978,5917,Brewer Park,6445
P6,Bronson Ave & University Dr,7099,7038,Brewer Park,7564
P5,Stadium Way,2347,2286,Brewer Park,2461
P5,Stadium Way,2855,2794,Brewer Park,2965
P7,Bronson Ave & University Dr,11529,11468,Brewer Park,12011
P5,Stadium Way,1138,1077,Brewer Park,1245
P5,Stadium Way,1097,1036,Brewer Park,1207
P7,Bronson Ave & University Dr,9250,9189,Brewer Park,9716
P5,Stadium Way,916,855,Brewer Park,1029
P5,Stadium Way,2290,2229,Brewer Park,2393
P6,Bronson Ave & University Dr,6657,6596,Brewer Park,7126
P7,Bronson Ave & University Dr,10791,10730,Brewer Park,11263
P7,Bronson Ave & University Dr,11359,11298,Brewer Park,11834
P6,Bronson Ave & University Dr,6328,6267,Brewer Park,6801
P3,Raven Rd emergency,346,285,Brewer Park,817
P7,Bronson Ave & University Dr,11687,11626,Brewer Park,12466
P7,Bronson Ave & University Dr,9172,9111,Brewer Park,9650
P6,Bronson Ave & University Dr,7156,7095,Brewer Park,7617
P7,Bronson Ave & University Dr,10824,10763,Brewer Park,11280
P6,Bronson Ave & University Dr,7437,7376,Brewer Park,7899
P6,Bronson Ave & University Dr,5450,5389,Brewer Park,5926
P7,Bronson Ave & University Dr,11237,11176,Brewer Park,11708
P7,Bronson Ave & University Dr,11671,11610,Brewer Park,12449
P5,Stadium Way,1907,1846,Brewer Park,2019
P5,Stadium Way,1595,1534,Brewer Park,1711
P5,Stadium Way,1410,1349,Brewer Park,1523
P5,Stadium Way,3336,3275,Brewer Park,3446
P6,Bronson Ave & University Dr,6117,6056,Brewer Park,6593
P7,Bronson Ave & University Dr,8823,8762,Brewer Park,9308
P6,Bronson Ave & University Dr,4428,4367,Brewer Park,4889
P6,Bronson Ave & University Dr,4333,4272,Brewer Park,4786
P5,Stadium Way,187,126,Brewer Park,232
P5,Stadium Way,2630,2569,Brewer Park,2745
P5,Stadium Way,1554,1493,Brewer Park,1666
P6,Bronson Ave & University Dr,7271,7210,Brewer Park,7731
P6,Bronson Ave & University Dr,7072,7011,Brewer Park,7543
P7,Bronson Ave & University Dr,10249,10188,Brewer Park,10737
P7,Bronson Ave & University Dr,10856,10795,Brewer Park,11323
P5,Stadium Way,2228,2167,Brewer Park,2327
P7,Bronson Ave & University Dr,11480,11419,Brewer Park,11945
P4,Stadium Way,4078,4017,Brewer Park,4182
P3,Raven Rd emergency,781,720,Brewer Park,1430
P6,Bronson Ave & University Dr,4341,4280,Brewer Park,4799
P7,Bronson Ave & University Dr,9105,9044,Brewer Park,9569
P4,Stadium Way,4181,4120,Brewer Park,4297
P7,Bronson Ave & University Dr,8495,8434,Brewer Park,8962
P1,Colonel By,178,117,Hogs Back Plaza (SW dest.),375
P3,Raven Rd emergency,970,909,Brewer Park,1581
P5,Stadium Way,2873,2812,Brewer Park,2983
P3,Raven Rd emergency,569,508,Brewer Park,1271
P7,Bronson Ave & University Dr,11086,11025,Brewer Park,11553
P5,Stadium Way,3127,3066,Brewer Park,3242
P7,Bronson Ave & University Dr,9877,9816,Brewer Park,10357
P6,Bronson Ave & University Dr,7256,7195,Brewer Park,7723
P1,Colonel By,153,92,Hogs Back Plaza (SW dest.),342
P7,Bronson Ave & University Dr,10230,10169,Brewer Park,10702
P5,Stadium Way,909,848,Brewer Park,1017
P7,Bronson Ave & University Dr,9338,9277,Brewer Park,9827
P1,Colonel By,379,318,Hogs Back Plaza (SW dest.),626
P5,Stadium Way,2608,2547,Brewer Park,2719
P7,Bronson Ave & University Dr,12536,12475,Brewer Park,12983
P6,Bronson Ave & University Dr,5153,5092,Brewer Park,5633
P3,Raven Rd emergency,190,129,Brewer Park,385
P5,Stadium Way,3494,3433,Brewer Park,3600
P4,Stadium Way,4313,4252,Brewer Park,4429
P6,Bronson Ave & University Dr,6005,5944,Brewer Park,6458
P2,Colonel By,173,112,Hogs Back Plaza (SW dest.),732
P6,Bronson Ave & University Dr,6110,6049,Brewer Park,6584
P5,Stadium Way,943,882,Brewer Park,1059
P5,Stadium Way,2667,2606,Brewer Park,2779
P5,Stadium Way,561,500,Brewer Park,676
P7,Bronson Ave & University Dr,11578,11517,Brewer Park,12041
P5,Stadium Way,3552,3491,Brewer Park,3655
P2,Colonel By,549,488,Hogs Back Plaza (SW dest.),955
P5,Stadium Way,437,376,Brewer Park,545
P3,Raven Rd emergency,359,298,Brewer Park,851
P7,Bronson Ave & University Dr,10199,10138,Brewer Park,10989
P5,Stadium Way,3050,2989,Brewer Park,3158
P6,Bronson Ave & University Dr,5217,5156,Brewer Park,5694
P5,Stadium Way,2064,2003,Brewer Park,2176
P6,Bronson Ave & University Dr,5822,5761,Brewer Park,6295
P7,Bronson Ave & University Dr,11801,11740,Brewer Park,12269
P6,Bronson Ave & University Dr,6372,6311,Brewer Park,6855
P6,Bronson Ave & University Dr,7763,7702,Brewer Park,8235
P5,Stadium Way,2766,2705,Brewer Park,2871
P6,Bronson Ave & University Dr,5721,5660,Brewer Park,6196
P7,Bronson Ave & University Dr,11255,11194,Brewer Park,11730
P6,Bronson Ave & University Dr,4909,4848,Brewer Park,5389
P5,Stadium Way,3519,3458,Brewer Park,3630
P5,Stadium Way,3459,3398,Brewer Park,3569
P6,Bronson Ave & University Dr,7275,7214,Brewer Park,7738
P7,Bronson Ave & University Dr,9792,9731,Brewer Park,10272
P3,Raven Rd emergency,398,337,Brewer Park,970
P7,Bronson Ave & University Dr,11390,11329,Brewer Park,11868
P7,Bronson Ave & University Dr,12427,12366,Brewer Park,12898
P5,Stadium Way,1100,1039,Brewer Park,1211
P7,Bronson Ave & University Dr,8709,8648,Brewer Park,9188
P6,Bronson Ave & University Dr,6839,6778,Brewer Park,7299
P5,Stadium Way,788,727,Brewer Park,895
P7,Bronson Ave & University Dr,10926,10865,Brewer Park,11406
P5,Stadium Way,3592,3531,Brewer Park,3702
P7,Bronson Ave & University Dr,10059,9998,Brewer Park,10829
P6,Bronson Ave & University Dr,5743,5682,Brewer Park,6214
P6,Bronson Ave & University Dr,7023,6962,Brewer Park,7495
P6,Bronson Ave & University Dr,4952,4891,Brewer Park,5421
P7,Bronson Ave & University Dr,8040,7979,Brewer Park,8516
P5,Stadium Way,391,330,Brewer Park,503
P6,Bronson Ave & University Dr,4660,4599,Brewer Park,5127
P7,Bronson Ave & University Dr,11420,11359,Brewer Park,11911
P5,Stadium Way,291,230,Brewer Park,393
P6,Bronson Ave & University Dr,5841,5780,Brewer Park,6307
P3,Raven Rd emergency,123,62,Brewer Park,228
P6,Bronson Ave & University Dr,6013,5952,Brewer Park,6471
P7,Bronson Ave & University Dr,10965,10904,Brewer Park,11435
P5,Stadium Way,661,600,Brewer Park,770
P7,Bronson Ave & University Dr,10800,10739,Brewer Park,11272
P5,Stadium Way,2695,2634,Brewer Park,2804
P6,Bronson Ave & University Dr,6547,6486,Brewer Park,7010
P5,Stadium Way,1670,1609,Brewer Park,1776
P7,Bronson Ave & University Dr,10733,10672,Brewer Park,11200
P7,Bronson Ave & University Dr,8261,8200,Brewer Park,8714
P2,Colonel By,540,479,Hogs Back Plaza (SW dest.),938
P3,Raven Rd emergency,119,58,Brewer Park,224
P7,Bronson Ave & University Dr,11836,11775,Brewer Park,12628
P6,Bronson Ave & University Dr,7365,7304,Brewer Park,7819
P5,Stadium Way,2355,2294,Brewer Park,2470
P5,Stadium Way,2524,2463,Brewer Park,2631
P5,Stadium Way,3286,3225,Brewer Park,3401
P6,Bronson Ave & University Dr,6149,6088,Brewer Park,6627
P2,Colonel By,200,139,Hogs Back Plaza (SW dest.),762
P2,Colonel By,515,454,Hogs Back Plaza (SW dest.),882
P5,Stadium Way,3273,3212,Brewer Park,3379
P3,Raven Rd emergency,356,295,Brewer Park,847
P5,Stadium Way,2329,2268,Brewer Park,2434
P5,Stadium Way,2896,2835,Brewer Park,3004
P7,Bronson Ave & University Dr,8007,7946,Brewer Park,8492
P7,Bronson Ave & University Dr,9903,9842,Brewer Park,10374
P6,Bronson Ave & University Dr,6685,6624,Brewer Park,7152
P7,Bronson Ave & University Dr,11236,11175,Brewer Park,11704
P6,Bronson Ave & University Dr,6610,6549,Brewer Park,7089
P7,Bronson Ave & University Dr,11392,11331,Brewer Park,11873
P1,Colonel By,225,164,Hogs Back Plaza (SW dest.),440
P5,Stadium Way,2198,2137,Brewer Park,2293
P7,Bronson Ave & University Dr,11347,11286,Brewer Park,11825
P5,Stadium Way,912,851,Brewer Park,1021
P5,Stadium Way,3065,3004,Brewer Park,3175
P5,Stadium Way,2268,2207,Brewer Park,2368
P6,Bronson Ave & University Dr,4742,4681,Brewer Park,5215
P3,Raven Rd emergency,368,307,Brewer Park,886
P5,Stadium Way,3534,3473,Brewer Park,3643
P5,Stadium Way,1369,1308,Brewer Park,1476
P2,Colonel By,645,584,Hogs Back Plaza (SW dest.),1117
P3,Raven Rd emergency,825,764,Brewer Park,1460
P7,Bronson Ave & University Dr,11240,11179,Brewer Park,11712
P7,Bronson Ave & University Dr,10027,9966,Brewer Park,10499
P7,Bronson Ave & University Dr,10164,10103,Brewer Park,10638
P5,Stadium Way,2531,2470,Brewer Park,2639
P7,Bronson Ave & University Dr,10105,10044,Brewer Park,10867
P3,Raven Rd emergency,850,789,Brewer Park,1481
P7,Bronson Ave & University Dr,10663,10602,Brewer Park,11140
P7,Bronson Ave & University Dr,10709,10648,Brewer Park,11179
P5,Stadium Way,3892,3831,Brewer Park,4001
P7,Bronson Ave & University Dr,11111,11050,Brewer Park,11571
P5,Stadium Way,3640,3579,Brewer Park,3743
P7,Bronson Ave & University Dr,8277,8216,Brewer Park,8745
P5,Stadium Way,2605,2544,Brewer Park,2714
P5,Stadium Way,506,445,Brewer Park,619
P6,Bronson Ave & University Dr,7429,7368,Brewer Park,7886
P7,Bronson Ave & University Dr,11708,11647,Brewer Park,12493
P7,Bronson Ave & University Dr,11066,11005,Brewer Park,11527
P7,Bronson Ave & University Dr,9777,9716,Brewer Park,10242
P5,Stadium Way,1943,1882,Brewer Park,2054
P5,Stadium Way,3673,3612,Brewer Park,3783
P7,Bronson Ave & University Dr,10845,10784,Brewer Park,11305
P7,Bronson Ave & University Dr,121,60,Brewer Park,4467
P6,Bronson Ave & University Dr,7527,7466,Brewer Park,7990
P6,Bronson Ave & University Dr,7212,7151,Brewer Park,7677
P3,Raven Rd emergency,229,168,Brewer Park,482
P6,Bronson Ave & University Dr,4569,4508,Brewer Park,5044
P7,Bronson Ave & University Dr,11661,11600,Brewer Park,12441
P5,Stadium Way,2358,2297,Brewer Park,2475
P5,Stadium Way,3132,3071,Brewer Park,3246
P6,Bronson Ave & University Dr,7831,7770,Brewer Park,8288
P6,Bronson Ave & University Dr,5340,5279,Brewer Park,5817
P5,Stadium Way,667,606,Brewer Park,774
P7,Bronson Ave & University Dr,8004,7943,Brewer Park,8487
P5,Stadium Way,3313,3252,Brewer Park,3426
P7,Bronson Ave & University Dr,11289,11228,Brewer Park,11764
P6,Bronson Ave & University Dr,6795,6734,Brewer Park,7269
P3,Raven Rd emergency,582,521,Brewer Park,1280
P6,Bronson Ave & University Dr,7039,6978,Brewer Park,7515
P7,Bronson Ave & University Dr,9700,9639,Brewer Park,10162
P6,Bronson Ave & University Dr,6470,6409,Brewer Park,6952
P7,Bronson Ave & University Dr,10243,10182,Brewer Park,11027
P7,Bronson Ave & University Dr,9949,9888,Brewer Park,10431
P3,Raven Rd emergency,204,143,Brewer Park,418
P5,Stadium Way,2719,2658,Brewer Park,2827
P2,Colonel By,592,531,Hogs Back Plaza (SW dest.),1022
P7,Bronson Ave & University Dr,8116,8055,Brewer Park,8591
P7,Bronson Ave & University Dr,11587,11526,Brewer Park,12361
P6,Bronson Ave & University Dr,4453,4392,Brewer Park,4920
P5,Stadium Way,1069,1008,Brewer Park,1185
P3,Raven Rd emergency,325,264,Brewer Park,752
P5,Stadium Way,1814,1753,Brewer Park,1922
P7,Bronson Ave & University Dr,11142,11081,Brewer Park,11617
P7,Bronson Ave & University Dr,11503,11442,Brewer Park,11973
P7,Bronson Ave & University Dr,10602,10541,Brewer Park,11074
P5,Stadium Way,2190,2129,Brewer Park,2285
P7,Bronson Ave & University Dr,11859,11798,Brewer Park,12654
P3,Raven Rd emergency,180,119,Brewer Park,368
P7,Bronson Ave & University Dr,8958,8897,Brewer Park,9432
P7,Bronson Ave & University Dr,10154,10093,Brewer Park,10937
P5,Stadium Way,3359,3298,Brewer Park,3468
P5,Stadium Way,768,707,Brewer Park,878
P6,Bronson Ave & University Dr,5756,5695,Brewer Park,6229
P5,Stadium Way,3566,3505,Brewer Park,3675
P6,Bronson Ave & University Dr,7355,7294,Brewer Park,7811
P7,Bronson Ave & University Dr,9687,9626,Brewer Park,10146
P7,Bronson Ave & University Dr,11072,11011,Brewer Park,11531
P7,Bronson Ave & University Dr,10169,10108,Brewer Park,10642
P7,Bronson Ave & University Dr,8993,8932,Brewer Park,9485
P6,Bronson Ave & University Dr,5701,5640,Brewer Park,6161
P5,Stadium Way,3204,3143,Brewer Park,3311
P6,Bronson Ave & University Dr,6166,6105,Brewer Park,6647
P6,Bronson Ave & University Dr,5495,5434,Brewer Park,5949
P7,Bronson Ave & University Dr,11659,11598,Brewer Park,12437
P4,Stadium Way,4021,3960,Brewer Park,4136
P6,Bronson Ave & University Dr,7475,7414,Brewer Park,7932
P5,Stadium Way,2053,1992,Brewer Park,2164
P7,Bronson Ave & University Dr,10249,10188,Brewer Park,11036
P7,Bronson Ave & University Dr,10655,10594,Brewer Park,11132
P6,Bronson Ave & University Dr,5498,5437,Brewer Park,5954
P5,Stadium Way,1880,1819,Brewer Park,1992
P5,Stadium Way,1079,1018,Brewer Park,1199
P6,Bronson Ave & University Dr,6222,6161,Brewer Park,6700
P6,Bronson Ave & University Dr,6932,6871,Brewer Park,7393
P6,Bronson Ave & University Dr,5856,5795,Brewer Park,6330
P5,Stadium Way,3923,3862,Brewer Park,4032
P6,Bronson Ave & University Dr,5332,5271,Brewer Park,5809
P5,Stadium Way,1990,1929,Brewer Park,2108
P6,Bronson Ave & University Dr,7505,7444,Brewer Park,7973
P7,Bronson Ave & University Dr,11231,11170,Brewer Park,11699
P1,Colonel By,302,241,Hogs Back Plaza (SW dest.),538
P7,Bronson Ave & University Dr,12526,12465,Brewer Park,12971
P6,Bronson Ave & University Dr,6637,6576,Brewer Park,7118
P6,Bronson Ave & University Dr,5230,5169,Brewer Park,5712
P6,Bronson Ave & University Dr,4780,4719,Brewer Park,5254
P7,Bronson Ave & University Dr,11769,11708,Brewer Park,12562
P4,Stadium Way,4238,4177,Brewer Park,4349
P6,Bronson Ave & University Dr,6785,6724,Brewer Park,7256
P7,Bronson Ave & University Dr,10984,10923,Brewer Park,11455
P7,Bronson Ave & University Dr,8431,8370,Brewer Park,8886
P7,Bronson Ave & University Dr,9093,9032,Brewer Park,9557
P1,Colonel By,167,106,Hogs Back Plaza (SW dest.),362
P5,Stadium Way,3357,3296,Brewer Park,3463
P5,Stadium Way,2119,2058,Brewer Park,2218
P6,Bronson Ave & University Dr,5109,5048,Brewer Park,5604
P6,Bronson Ave & University Dr,5837,5776,Brewer Park,6303
P6,Bronson Ave & University Dr,6028,5967,Brewer Park,6492
P7,Bronson Ave & University Dr,10197,10136,Brewer Park,10984
P6,Bronson Ave & University Dr,7492,7431,Brewer Park,7960
P7,Bronson Ave & University Dr,9536,9475,Brewer Park,10009
P2,Colonel By,162,101,Hogs Back Plaza (SW dest.),682
P7,Bronson Ave & University Dr,11227,11166,Brewer Park,11691
P7,Bronson Ave & University Dr,8398,8337,Brewer Park,8860
P7,Bronson Ave & University Dr,10982,10921,Brewer Park,11451
