time_s,cars_on_campus,cumulative_spawned,cumulative_exited
0,3200,0,0
1,3200,0,0
2,3200,0,0
3,3200,0,0
4,3200,0,0
5,3200,0,0
6,3200,0,0
7,3200,0,0
8,3200,0,0
9,3200,0,0
10,3200,0,0
11,3200,0,0
12,3200,0,0
13,3200,0,0
14,3200,0,0
15,3200,0,0
16,3200,0,0
17,3200,0,0
18,3200,0,0
19,3200,0,0
20,3200,0,0
21,3200,0,0
22,3200,0,0
23,3200,0,0
24,3200,0,0
25,3200,0,0
26,3200,0,0
27,3200,0,0
28,3200,0,0
29,3200,0,0
30,3200,0,0
31,3200,0,0
32,3200,0,0
33,3200,0,0
34,3200,0,0
35,3200,0,0
36,3200,0,0
37,3200,0,0
38,3200,0,0
39,3200,0,0
40,3200,0,0
41,3200,0,0
42,3200,0,0
43,3200,0,0
44,3200,0,0
45,3200,0,0
46,3200,0,0
47,3200,0,0
48,3200,0,0
49,3200,0,0
50,3200,0,0
51,3200,0,0
52,3200,0,0
53,3200,0,0
54,3200,0,0
55,3200,0,0
56,3200,0,0
57,3200,0,0
58,3200,0,0
59,3200,0,0
60,3200,3200,0
61,3200,3200,0
62,3200,3200,0
63,3200,3200,0
64,3200,3200,0
65,3200,3200,0
66,3200,3200,0
67,3200,3200,0
68,3200,3200,0
69,3200,3200,0
70,3200,3200,0
71,3200,3200,0
72,3200,3200,0
73,3200,3200,0
74,3200,3200,0
75,3200,3200,0
76,3200,3200,0
77,3200,3200,0
78,3200,3200,0
79,3200,3200,0
80,3200,3200,0
81,3200,3200,0
82,3200,3200,0
83,3200,3200,0
84,3200,3200,0
85,3200,3200,0
86,3200,3200,0
87,3200,3200,0
88,3200,3200,0
89,3200,3200,0
90,3200,3200,0
91,3200,3200,0
92,3200,3200,0
93,3199,3200,1
94,3199,3200,1
95,3199,3200,1
96,3199,3200,1
97,3199,3200,1
98,3199,3200,1
99,3198,3200,2
100,3198,3200,2
101,3198,3200,2
102,3197,3200,3
103,3196,3200,4
104,3196,3200,4
105,3196,3200,4
106,3196,3200,4
107,3195,3200,5
108,3194,3200,6
109,3194,3200,6
110,3194,3200,6
111,3193,3200,7
112,3192,3200,8
113,3192,3200,8
114,3192,3200,8
115,3191,3200,9
116,3191,3200,9
117,3191,3200,9
118,3190,3200,10
119,3189,3200,11
120,3189,3200,11
121,3189,3200,11
122,3188,3200,12
123,3188,3200,12
124,3187,3200,13
125,3186,3200,14
126,3185,3200,15
127,3185,3200,15
128,3185,3200,15
129,3184,3200,16
130,3183,3200,17
131,3183,3200,17
132,3183,3200,17
133,3182,3200,18
134,3180,3200,20
135,3180,3200,20
136,3179,3200,21
137,3178,3200,22
138,3178,3200,22
139,3177,3200,23
140,3176,3200,24
141,3175,3200,25
142,3174,3200,26
143,3173,3200,27
144,3172,3200,28
145,3172,3200,28
146,3172,3200,28
147,3170,3200,30
148,3169,3200,31
149,3168,3200,32
150,3168,3200,32
151,3167,3200,33
152,3166,3200,34
153,3165,3200,35
154,3163,3200,37
155,3163,3200,37
156,3162,3200,38
157,3162,3200,38
158,3160,3200,40
159,3159,3200,41
160,3158,3200,42
161,3158,3200,42
162,3157,3200,43
163,3154,3200,46
164,3154,3200,46
165,3154,3200,46
166,3152,3200,48
167,3151,3200,49
168,3150,3200,50
169,3149,3200,51
170,3147,3200,53
171,3147,3200,53
172,3146,3200,54
173,3144,3200,56
174,3142,3200,58
175,3142,3200,58
176,3141,3200,59
177,3138,3200,62
178,3138,3200,62
179,3137,3200,63
180,3135,3200,65
181,3135,3200,65
182,3134,3200,66
183,3131,3200,69
184,3131,3200,69
185,3131,3200,69
186,3129,3200,71
187,3127,3200,73
188,3127,3200,73
189,3126,3200,74
190,3124,3200,76
191,3124,3200,76
192,3121,3200,79
193,3121,3200,79
194,3120,3200,80
195,3119,3200,81
196,3117,3200,83
197,3115,3200,85
198,3115,3200,85
199,3113,3200,87
200,3112,3200,88
201,3112,3200,88
202,3110,3200,90
203,3108,3200,92
204,3108,3200,92
205,3108,3200,92
206,3106,3200,94
207,3104,3200,96
208,3104,3200,96
209,3103,3200,97
210,3101,3200,99
211,3101,3200,99
212,3101,3200,99
213,3099,3200,101
214,3097,3200,103
215,3097,3200,103
216,3096,3200,104
217,3094,3200,106
218,3093,3200,107
219,3093,3200,107
220,3091,3200,109
221,3091,3200,109
222,3090,3200,110
223,3088,3200,112
224,3088,3200,112
225,3088,3200,112
226,3088,3200,112
227,3085,3200,115
228,3085,3200,115
229,3085,3200,115
230,3084,3200,116
231,3083,3200,117
232,3083,3200,117
233,3082,3200,118
234,3082,3200,118
235,3081,3200,119
236,3080,3200,120
237,3079,3200,121
238,3079,3200,121
239,3077,3200,123
240,3077,3200,123
241,3076,3200,124
242,3075,3200,125
243,3075,3200,125
244,3073,3200,127
245,3073,3200,127
246,3072,3200,128
247,3071,3200,129
248,3070,3200,130
249,3070,3200,130
250,3068,3200,132
251,3067,3200,133
252,3066,3200,134
253,3066,3200,134
254,3064,3200,136
255,3063,3200,137
256,3062,3200,138
257,3062,3200,138
258,3060,3200,140
259,3059,3200,141
260,3059,3200,141
261,3059,3200,141
262,3059,3200,141
263,3056,3200,144
264,3056,3200,144
265,3056,3200,144
266,3054,3200,146
267,3053,3200,147
268,3052,3200,148
269,3050,3200,150
270,3049,3200,151
271,3049,3200,151
272,3047,3200,153
273,3047,3200,153
274,3045,3200,155
275,3045,3200,155
276,3044,3200,156
277,3043,3200,157
278,3042,3200,158
279,3041,3200,159
280,3039,3200,161
281,3039,3200,161
282,3039,3200,161
283,3036,3200,164
284,3036,3200,164
285,3036,3200,164
286,3035,3200,165
287,3034,3200,166
288,3033,3200,167
289,3033,3200,167
290,3031,3200,169
291,3030,3200,170
292,3029,3200,171
293,3029,3200,171
294,3027,3200,173
295,3026,3200,174
296,3025,3200,175
297,3025,3200,175
298,3024,3200,176
299,3022,3200,178
300,3022,3200,178
301,3021,3200,179
302,3021,3200,179
303,3020,3200,180
304,3019,3200,181
305,3018,3200,182
306,3018,3200,182
307,3017,3200,183
308,3015,3200,185
309,3014,3200,186
310,3013,3200,187
311,3012,3200,188
312,3012,3200,188
313,3010,3200,190
314,3009,3200,191
315,3009,3200,191
316,3009,3200,191
317,3007,3200,193
318,3007,3200,193
319,3006,3200,194
320,3004,3200,196
321,3003,3200,197
322,3003,3200,197
323,3001,3200,199
324,3000,3200,200
325,3000,3200,200
326,2998,3200,202
327,2997,3200,203
328,2997,3200,203
329,2997,3200,203
330,2997,3200,203
331,2997,3200,203
332,2996,3200,204
333,2995,3200,205
334,2995,3200,205
335,2995,3200,205
336,2994,3200,206
337,2993,3200,207
338,2993,3200,207
339,2992,3200,208
340,2992,3200,208
341,2991,3200,209
342,2991,3200,209
343,2990,3200,210
344,2990,3200,210
345,2989,3200,211
346,2988,3200,212
347,2987,3200,213
348,2987,3200,213
349,2987,3200,213
350,2986,3200,214
351,2985,3200,215
352,2985,3200,215
353,2984,3200,216
354,2983,3200,217
355,2982,3200,218
356,2982,3200,218
357,2982,3200,218
358,2981,3200,219
359,2981,3200,219
360,2981,3200,219
361,2980,3200,220
362,2979,3200,221
363,2979,3200,221
364,2978,3200,222
365,2978,3200,222
366,2975,3200,225
367,2975,3200,225
368,2974,3200,226
369,2974,3200,226
370,2973,3200,227
371,2972,3200,228
372,2971,3200,229
373,2970,3200,230
374,2969,3200,231
375,2968,3200,232
376,2968,3200,232
377,2967,3200,233
378,2966,3200,234
379,2965,3200,235
380,2964,3200,236
381,2962,3200,238
382,2962,3200,238
383,2961,3200,239
384,2960,3200,240
385,2958,3200,242
386,2956,3200,244
387,2956,3200,244
388,2955,3200,245
389,2953,3200,247
390,2953,3200,247
391,2953,3200,247
392,2953,3200,247
393,2953,3200,247
394,2952,3200,248
395,2952,3200,248
396,2950,3200,250
397,2950,3200,250
398,2949,3200,251
399,2948,3200,252
400,2948,3200,252
401,2948,3200,252
402,2946,3200,254
403,2944,3200,256
404,2944,3200,256
405,2944,3200,256
406,2944,3200,256
407,2943,3200,257
408,2942,3200,258
409,2941,3200,259
410,2941,3200,259
411,2941,3200,259
412,2940,3200,260
413,2940,3200,260
414,2940,3200,260
415,2939,3200,261
416,2939,3200,261
417,2939,3200,261
418,2938,3200,262
419,2938,3200,262
420,2938,3200,262
421,2937,3200,263
422,2936,3200,264
423,2935,3200,265
424,2935,3200,265
425,2935,3200,265
426,2933,3200,267
427,2931,3200,269
428,2931,3200,269
429,2929,3200,271
430,2928,3200,272
431,2928,3200,272
432,2927,3200,273
433,2927,3200,273
434,2926,3200,274
435,2925,3200,275
436,2925,3200,275
437,2925,3200,275
438,2923,3200,277
439,2923,3200,277
440,2922,3200,278
441,2920,3200,280
442,2919,3200,281
443,2919,3200,281
444,2918,3200,282
445,2917,3200,283
446,2917,3200,283
447,2917,3200,283
448,2917,3200,283
449,2916,3200,284
450,2916,3200,284
451,2916,3200,284
452,2916,3200,284
453,2914,3200,286
454,2914,3200,286
455,2914,3200,286
456,2913,3200,287
457,2913,3200,287
458,2912,3200,288
459,2911,3200,289
460,2911,3200,289
461,2911,3200,289
462,2910,3200,290
463,2909,3200,291
464,2909,3200,291
465,2909,3200,291
466,2909,3200,291
467,2909,3200,291
468,2909,3200,291
469,2908,3200,292
470,2908,3200,292
471,2908,3200,292
472,2908,3200,292
473,2907,3200,293
474,2907,3200,293
475,2906,3200,294
476,2905,3200,295
477,2905,3200,295
478,2905,3200,295
479,2904,3200,296
480,2904,3200,296
481,2903,3200,297
482,2902,3200,298
483,2901,3200,299
484,2901,3200,299
485,2901,3200,299
486,2900,3200,300
487,2900,3200,300
488,2899,3200,301
489,2899,3200,301
490,2897,3200,303
491,2897,3200,303
492,2897,3200,303
493,2896,3200,304
494,2894,3200,306
495,2894,3200,306
496,2894,3200,306
497,2893,3200,307
498,2891,3200,309
499,2890,3200,310
500,2889,3200,311
501,2889,3200,311
502,2888,3200,312
503,2887,3200,313
504,2887,3200,313
505,2887,3200,313
506,2887,3200,313
507,2886,3200,314
508,2884,3200,316
509,2884,3200,316
510,2884,3200,316
511,2882,3200,318
512,2882,3200,318
513,2881,3200,319
514,2880,3200,320
515,2879,3200,321
516,2879,3200,321
517,2878,3200,322
518,2876,3200,324
519,2876,3200,324
520,2876,3200,324
521,2875,3200,325
522,2874,3200,326
523,2874,3200,326
524,2873,3200,327
525,2872,3200,328
526,2871,3200,329
527,2869,3200,331
528,2869,3200,331
529,2868,3200,332
530,2867,3200,333
531,2867,3200,333
532,2866,3200,334
533,2866,3200,334
534,2865,3200,335
535,2865,3200,335
536,2864,3200,336
537,2864,3200,336
538,2863,3200,337
539,2863,3200,337
540,2862,3200,338
541,2862,3200,338
542,2860,3200,340
543,2860,3200,340
544,2860,3200,340
545,2860,3200,340
546,2859,3200,341
547,2859,3200,341
548,2859,3200,341
549,2857,3200,343
550,2855,3200,345
551,2855,3200,345
552,2855,3200,345
553,2855,3200,345
554,2855,3200,345
555,2855,3200,345
556,2853,3200,347
557,2852,3200,348
558,2851,3200,349
559,2850,3200,350
560,2849,3200,351
561,2849,3200,351
562,2848,3200,352
563,2847,3200,353
564,2846,3200,354
565,2846,3200,354
566,2846,3200,354
567,2845,3200,355
568,2845,3200,355
569,2844,3200,356
570,2844,3200,356
571,2843,3200,357
572,2842,3200,358
573,2842,3200,358
574,2841,3200,359
575,2840,3200,360
576,2840,3200,360
577,2840,3200,360
578,2840,3200,360
579,2839,3200,361
580,2838,3200,362
581,2837,3200,363
582,2837,3200,363
583,2837,3200,363
584,2836,3200,364
585,2836,3200,364
586,2834,3200,366
587,2833,3200,367
588,2833,3200,367
589,2832,3200,368
590,2832,3200,368
591,2830,3200,370
592,2830,3200,370
593,2829,3200,371
594,2829,3200,371
595,2829,3200,371
596,2828,3200,372
597,2828,3200,372
598,2827,3200,373
599,2826,3200,374
600,2825,3200,375
601,2825,3200,375
602,2824,3200,376
603,2823,3200,377
604,2822,3200,378
605,2822,3200,378
606,2820,3200,380
607,2819,3200,381
608,2818,3200,382
609,2817,3200,383
610,2817,3200,383
611,2816,3200,384
612,2815,3200,385
613,2815,3200,385
614,2814,3200,386
615,2814,3200,386
616,2813,3200,387
617,2812,3200,388
618,2812,3200,388
619,2812,3200,388
620,2812,3200,388
621,2811,3200,389
622,2811,3200,389
623,2810,3200,390
624,2810,3200,390
625,2809,3200,391
626,2808,3200,392
627,2808,3200,392
628,2807,3200,393
629,2807,3200,393
630,2807,3200,393
631,2806,3200,394
632,2806,3200,394
633,2805,3200,395
634,2805,3200,395
635,2805,3200,395
636,2804,3200,396
637,2803,3200,397
638,2803,3200,397
639,2801,3200,399
640,2801,3200,399
641,2801,3200,399
642,2800,3200,400
643,2800,3200,400
644,2798,3200,402
645,2797,3200,403
646,2796,3200,404
647,2795,3200,405
648,2795,3200,405
649,2794,3200,406
650,2794,3200,406
651,2793,3200,407
652,2792,3200,408
653,2791,3200,409
654,2791,3200,409
655,2789,3200,411
656,2789,3200,411
657,2789,3200,411
658,2788,3200,412
659,2788,3200,412
660,2787,3200,413
661,2786,3200,414
662,2785,3200,415
663,2785,3200,415
664,2785,3200,415
665,2785,3200,415
666,2785,3200,415
667,2784,3200,416
668,2784,3200,416
669,2784,3200,416
670,2783,3200,417
671,2782,3200,418
672,2781,3200,419
673,2781,3200,419
674,2781,3200,419
675,2781,3200,419
676,2780,3200,420
677,2778,3200,422
678,2777,3200,423
679,2777,3200,423
680,2776,3200,424
681,2776,3200,424
682,2775,3200,425
683,2775,3200,425
684,2774,3200,426
685,2774,3200,426
686,2773,3200,427
687,2773,3200,427
688,2772,3200,428
689,2772,3200,428
690,2772,3200,428
691,2772,3200,428
692,2772,3200,428
693,2771,3200,429
694,2771,3200,429
695,2771,3200,429
696,2771,3200,429
697,2771,3200,429
698,2770,3200,430
699,2770,3200,430
700,2769,3200,431
701,2769,3200,431
702,2769,3200,431
703,2768,3200,432
704,2767,3200,433
705,2767,3200,433
706,2767,3200,433
707,2767,3200,433
708,2767,3200,433
709,2767,3200,433
710,2767,3200,433
711,2767,3200,433
712,2767,3200,433
713,2767,3200,433
714,2766,3200,434
715,2766,3200,434
716,2766,3200,434
717,2765,3200,435
718,2765,3200,435
719,2765,3200,435
720,2765,3200,435
721,2765,3200,435
722,2764,3200,436
723,2764,3200,436
724,2763,3200,437
725,2763,3200,437
726,2763,3200,437
727,2763,3200,437
728,2763,3200,437
729,2763,3200,437
730,2763,3200,437
731,2763,3200,437
732,2762,3200,438
733,2762,3200,438
734,2762,3200,438
735,2762,3200,438
736,2762,3200,438
737,2761,3200,439
738,2761,3200,439
739,2760,3200,440
740,2760,3200,440
741,2760,3200,440
742,2760,3200,440
743,2760,3200,440
744,2760,3200,440
745,2760,3200,440
746,2760,3200,440
747,2760,3200,440
748,2760,3200,440
749,2760,3200,440
750,2759,3200,441
751,2759,3200,441
752,2759,3200,441
753,2758,3200,442
754,2758,3200,442
755,2758,3200,442
756,2758,3200,442
757,2757,3200,443
758,2757,3200,443
759,2757,3200,443
760,2757,3200,443
761,2756,3200,444
762,2756,3200,444
763,2755,3200,445
764,2755,3200,445
765,2755,3200,445
766,2755,3200,445
767,2754,3200,446
768,2754,3200,446
769,2753,3200,447
770,2753,3200,447
771,2753,3200,447
772,2753,3200,447
773,2753,3200,447
774,2752,3200,448
775,2752,3200,448
776,2751,3200,449
777,2751,3200,449
778,2751,3200,449
779,2751,3200,449
780,2751,3200,449
781,2751,3200,449
782,2750,3200,450
783,2749,3200,451
784,2749,3200,451
785,2749,3200,451
786,2749,3200,451
787,2749,3200,451
788,2748,3200,452
789,2748,3200,452
790,2748,3200,452
791,2747,3200,453
792,2747,3200,453
793,2747,3200,453
794,2747,3200,453
795,2747,3200,453
796,2747,3200,453
797,2746,3200,454
798,2746,3200,454
799,2746,3200,454
800,2746,3200,454
801,2746,3200,454
802,2746,3200,454
803,2745,3200,455
804,2745,3200,455
805,2745,3200,455
806,2745,3200,455
807,2745,3200,455
808,2745,3200,455
809,2745,3200,455
810,2745,3200,455
811,2745,3200,455
812,2745,3200,455
813,2745,3200,455
814,2744,3200,456
815,2744,3200,456
816,2744,3200,456
817,2743,3200,457
818,2743,3200,457
819,2742,3200,458
820,2742,3200,458
821,2742,3200,458
822,2741,3200,459
823,2740,3200,460
824,2740,3200,460
825,2740,3200,460
826,2740,3200,460
827,2739,3200,461
828,2739,3200,461
829,2739,3200,461
830,2739,3200,461
831,2739,3200,461
832,2739,3200,461
833,2738,3200,462
834,2738,3200,462
835,2738,3200,462
836,2738,3200,462
837,2738,3200,462
838,2738,3200,462
839,2738,3200,462
840,2738,3200,462
841,2737,3200,463
842,2737,3200,463
843,2737,3200,463
844,2737,3200,463
845,2736,3200,464
846,2736,3200,464
847,2736,3200,464
848,2736,3200,464
849,2736,3200,464
850,2736,3200,464
851,2735,3200,465
852,2735,3200,465
853,2735,3200,465
854,2734,3200,466
855,2734,3200,466
856,2733,3200,467
857,2733,3200,467
858,2733,3200,467
859,2733,3200,467
860,2733,3200,467
861,2733,3200,467
862,2733,3200,467
863,2733,3200,467
864,2733,3200,467
865,2733,3200,467
866,2733,3200,467
867,2733,3200,467
868,2733,3200,467
869,2733,3200,467
870,2732,3200,468
871,2732,3200,468
872,2732,3200,468
873,2731,3200,469
874,2731,3200,469
875,2730,3200,470
876,2730,3200,470
877,2730,3200,470
878,2730,3200,470
879,2730,3200,470
880,2730,3200,470
881,2729,3200,471
882,2729,3200,471
883,2728,3200,472
884,2728,3200,472
885,2728,3200,472
886,2728,3200,472
887,2728,3200,472
888,2728,3200,472
889,2728,3200,472
890,2728,3200,472
891,2728,3200,472
892,2727,3200,473
893,2727,3200,473
894,2726,3200,474
895,2726,3200,474
896,2726,3200,474
897,2725,3200,475
898,2725,3200,475
899,2724,3200,476
900,2724,3200,476
901,2723,3200,477
902,2723,3200,477
903,2723,3200,477
904,2723,3200,477
905,2723,3200,477
906,2723,3200,477
907,2723,3200,477
908,2723,3200,477
909,2723,3200,477
910,2722,3200,478
911,2721,3200,479
912,2721,3200,479
913,2721,3200,479
914,2720,3200,480
915,2720,3200,480
916,2720,3200,480
917,2719,3200,481
918,2719,3200,481
919,2719,3200,481
920,2719,3200,481
921,2719,3200,481
922,2719,3200,481
923,2719,3200,481
924,2718,3200,482
925,2718,3200,482
926,2718,3200,482
927,2718,3200,482
928,2718,3200,482
929,2718,3200,482
930,2718,3200,482
931,2718,3200,482
932,2718,3200,482
933,2717,3200,483
934,2717,3200,483
935,2717,3200,483
936,2716,3200,484
937,2716,3200,484
938,2716,3200,484
939,2716,3200,484
940,2716,3200,484
941,2716,3200,484
942,2715,3200,485
943,2715,3200,485
944,2715,3200,485
945,2714,3200,486
946,2714,3200,486
947,2713,3200,487
948,2713,3200,487
949,2713,3200,487
950,2713,3200,487
951,2713,3200,487
952,2713,3200,487
953,2713,3200,487
954,2713,3200,487
955,2713,3200,487
956,2712,3200,488
957,2712,3200,488
958,2711,3200,489
959,2711,3200,489
960,2711,3200,489
961,2711,3200,489
962,2710,3200,490
963,2710,3200,490
964,2709,3200,491
965,2709,3200,491
966,2709,3200,491
967,2709,3200,491
968,2709,3200,491
969,2709,3200,491
970,2709,3200,491
971,2708,3200,492
972,2707,3200,493
973,2707,3200,493
974,2707,3200,493
975,2707,3200,493
976,2706,3200,494
977,2706,3200,494
978,2706,3200,494
979,2706,3200,494
980,2706,3200,494
981,2706,3200,494
982,2706,3200,494
983,2706,3200,494
984,2706,3200,494
985,2705,3200,495
986,2705,3200,495
987,2705,3200,495
988,2705,3200,495
989,2705,3200,495
990,2705,3200,495
991,2705,3200,495
992,2705,3200,495
993,2705,3200,495
994,2704,3200,496
995,2703,3200,497
996,2703,3200,497
997,2703,3200,497
998,2702,3200,498
999,2702,3200,498
1000,2702,3200,498
1001,2702,3200,498
1002,2701,3200,499
1003,2701,3200,499
1004,2701,3200,499
1005,2701,3200,499
1006,2700,3200,500
1007,2700,3200,500
1008,2700,3200,500
1009,2700,3200,500
1010,2700,3200,500
1011,2700,3200,500
1012,2699,3200,501
1013,2699,3200,501
1014,2699,3200,501
1015,2698,3200,502
1016,2698,3200,502
1017,2698,3200,502
1018,2697,3200,503
1019,2697,3200,503
1020,2696,3200,504
1021,2696,3200,504
1022,2696,3200,504
1023,2696,3200,504
1024,2695,3200,505
1025,2695,3200,505
1026,2694,3200,506
1027,2694,3200,506
1028,2694,3200,506
1029,2694,3200,506
1030,2694,3200,506
1031,2693,3200,507
1032,2693,3200,507
1033,2693,3200,507
1034,2692,3200,508
1035,2692,3200,508
1036,2692,3200,508
1037,2692,3200,508
1038,2691,3200,509
1039,2691,3200,509
1040,2691,3200,509
1041,2690,3200,510
1042,2690,3200,510
1043,2689,3200,511
1044,2689,3200,511
1045,2689,3200,511
1046,2689,3200,511
1047,2689,3200,511
1048,2689,3200,511
1049,2689,3200,511
1050,2689,3200,511
1051,2689,3200,511
1052,2688,3200,512
1053,2688,3200,512
1054,2688,3200,512
1055,2688,3200,512
1056,2687,3200,513
1057,2687,3200,513
1058,2687,3200,513
1059,2687,3200,513
1060,2687,3200,513
1061,2687,3200,513
1062,2687,3200,513
1063,2687,3200,513
1064,2687,3200,513
1065,2687,3200,513
1066,2687,3200,513
1067,2686,3200,514
1068,2686,3200,514
1069,2685,3200,515
1070,2685,3200,515
1071,2685,3200,515
1072,2685,3200,515
1073,2684,3200,516
1074,2684,3200,516
1075,2684,3200,516
1076,2684,3200,516
1077,2684,3200,516
1078,2684,3200,516
1079,2684,3200,516
1080,2683,3200,517
1081,2683,3200,517
1082,2683,3200,517
1083,2683,3200,517
1084,2683,3200,517
1085,2683,3200,517
1086,2682,3200,518
1087,2682,3200,518
1088,2682,3200,518
1089,2682,3200,518
1090,2681,3200,519
1091,2681,3200,519
1092,2681,3200,519
1093,2681,3200,519
1094,2681,3200,519
1095,2681,3200,519
1096,2680,3200,520
1097,2679,3200,521
1098,2679,3200,521
1099,2679,3200,521
1100,2679,3200,521
1101,2679,3200,521
1102,2678,3200,522
1103,2678,3200,522
1104,2678,3200,522
1105,2678,3200,522
1106,2678,3200,522
1107,2678,3200,522
1108,2678,3200,522
1109,2678,3200,522
1110,2678,3200,522
1111,2678,3200,522
1112,2677,3200,523
1113,2677,3200,523
1114,2676,3200,524
1115,2676,3200,524
1116,2676,3200,524
1117,2675,3200,525
1118,2675,3200,525
1119,2675,3200,525
1120,2675,3200,525
1121,2674,3200,526
1122,2674,3200,526
1123,2673,3200,527
1124,2673,3200,527
1125,2673,3200,527
1126,2673,3200,527
1127,2673,3200,527
1128,2673,3200,527
1129,2673,3200,527
1130,2673,3200,527
1131,2673,3200,527
1132,2673,3200,527
1133,2672,3200,528
1134,2672,3200,528
1135,2672,3200,528
1136,2672,3200,528
1137,2672,3200,528
1138,2672,3200,528
1139,2672,3200,528
1140,2672,3200,528
1141,2672,3200,528
1142,2672,3200,528
1143,2672,3200,528
1144,2672,3200,528
1145,2672,3200,528
1146,2671,3200,529
1147,2671,3200,529
1148,2671,3200,529
1149,2670,3200,530
1150,2670,3200,530
1151,2669,3200,531
1152,2669,3200,531
1153,2669,3200,531
1154,2668,3200,532
1155,2668,3200,532
1156,2668,3200,532
1157,2667,3200,533
1158,2666,3200,534
1159,2666,3200,534
1160,2666,3200,534
1161,2665,3200,535
1162,2665,3200,535
1163,2665,3200,535
1164,2665,3200,535
1165,2665,3200,535
1166,2665,3200,535
1167,2665,3200,535
1168,2665,3200,535
1169,2664,3200,536
1170,2664,3200,536
1171,2664,3200,536
1172,2664,3200,536
1173,2664,3200,536
1174,2664,3200,536
1175,2664,3200,536
1176,2663,3200,537
1177,2663,3200,537
1178,2663,3200,537
1179,2662,3200,538
1180,2662,3200,538
1181,2662,3200,538
1182,2661,3200,539
1183,2661,3200,539
1184,2661,3200,539
1185,2661,3200,539
1186,2660,3200,540
1187,2660,3200,540
1188,2659,3200,541
1189,2659,3200,541
1190,2658,3200,542
1191,2658,3200,542
1192,2658,3200,542
1193,2658,3200,542
1194,2658,3200,542
1195,2658,3200,542
1196,2658,3200,542
1197,2657,3200,543
1198,2657,3200,543
1199,2657,3200,543
1200,2657,3200,543
1201,2657,3200,543
1202,2657,3200,543
1203,2657,3200,543
1204,2657,3200,543
1205,2656,3200,544
1206,2656,3200,544
1207,2656,3200,544
1208,2656,3200,544
1209,2656,3200,544
1210,2656,3200,544
1211,2656,3200,544
1212,2655,3200,545
1213,2654,3200,546
1214,2654,3200,546
1215,2654,3200,546
1216,2653,3200,547
1217,2653,3200,547
1218,2653,3200,547
1219,2653,3200,547
1220,2652,3200,548
1221,2652,3200,548
1222,2652,3200,548
1223,2652,3200,548
1224,2652,3200,548
1225,2652,3200,548
1226,2652,3200,548
1227,2652,3200,548
1228,2651,3200,549
1229,2651,3200,549
1230,2651,3200,549
1231,2650,3200,550
1232,2650,3200,550
1233,2650,3200,550
1234,2650,3200,550
1235,2650,3200,550
1236,2650,3200,550
1237,2650,3200,550
1238,2650,3200,550
1239,2650,3200,550
1240,2650,3200,550
1241,2650,3200,550
1242,2649,3200,551
1243,2649,3200,551
1244,2649,3200,551
1245,2648,3200,552
1246,2648,3200,552
1247,2648,3200,552
1248,2648,3200,552
1249,2647,3200,553
1250,2647,3200,553
1251,2647,3200,553
1252,2646,3200,554
1253,2646,3200,554
1254,2646,3200,554
1255,2646,3200,554
1256,2646,3200,554
1257,2646,3200,554
1258,2646,3200,554
1259,2646,3200,554
1260,2645,3200,555
1261,2644,3200,556
1262,2644,3200,556
1263,2644,3200,556
1264,2644,3200,556
1265,2644,3200,556
1266,2644,3200,556
1267,2644,3200,556
1268,2644,3200,556
1269,2643,3200,557
1270,2643,3200,557
1271,2643,3200,557
1272,2643,3200,557
1273,2642,3200,558
1274,2642,3200,558
1275,2641,3200,559
1276,2641,3200,559
1277,2641,3200,559
1278,2640,3200,560
1279,2640,3200,560
1280,2640,3200,560
1281,2639,3200,561
1282,2639,3200,561
1283,2638,3200,562
1284,2638,3200,562
1285,2638,3200,562
1286,2638,3200,562
1287,2638,3200,562
1288,2638,3200,562
1289,2638,3200,562
1290,2638,3200,562
1291,2637,3200,563
1292,2637,3200,563
1293,2636,3200,564
1294,2636,3200,564
1295,2636,3200,564
1296,2636,3200,564
1297,2636,3200,564
1298,2636,3200,564
1299,2635,3200,565
1300,2635,3200,565
1301,2635,3200,565
1302,2634,3200,566
1303,2634,3200,566
1304,2634,3200,566
1305,2634,3200,566
1306,2634,3200,566
1307,2633,3200,567
1308,2633,3200,567
1309,2633,3200,567
1310,2633,3200,567
1311,2632,3200,568
1312,2632,3200,568
1313,2632,3200,568
1314,2632,3200,568
1315,2631,3200,569
1316,2630,3200,570
1317,2630,3200,570
1318,2630,3200,570
1319,2630,3200,570
1320,2629,3200,571
1321,2629,3200,571
1322,2629,3200,571
1323,2628,3200,572
1324,2627,3200,573
1325,2627,3200,573
1326,2627,3200,573
1327,2626,3200,574
1328,2626,3200,574
1329,2625,3200,575
1330,2625,3200,575
1331,2625,3200,575
1332,2625,3200,575
1333,2625,3200,575
1334,2625,3200,575
1335,2625,3200,575
1336,2625,3200,575
1337,2625,3200,575
1338,2625,3200,575
1339,2625,3200,575
1340,2625,3200,575
1341,2625,3200,575
1342,2625,3200,575
1343,2625,3200,575
1344,2625,3200,575
1345,2624,3200,576
1346,2624,3200,576
1347,2623,3200,577
1348,2623,3200,577
1349,2623,3200,577
1350,2622,3200,578
1351,2622,3200,578
1352,2622,3200,578
1353,2622,3200,578
1354,2622,3200,578
1355,2622,3200,578
1356,2622,3200,578
1357,2622,3200,578
1358,2622,3200,578
1359,2622,3200,578
1360,2622,3200,578
1361,2622,3200,578
1362,2622,3200,578
1363,2622,3200,578
1364,2622,3200,578
1365,2621,3200,579
1366,2621,3200,579
1367,2621,3200,579
1368,2621,3200,579
1369,2620,3200,580
1370,2619,3200,581
1371,2619,3200,581
1372,2619,3200,581
1373,2619,3200,581
1374,2619,3200,581
1375,2619,3200,581
1376,2618,3200,582
1377,2618,3200,582
1378,2617,3200,583
1379,2617,3200,583
1380,2617,3200,583
1381,2617,3200,583
1382,2617,3200,583
1383,2616,3200,584
1384,2616,3200,584
1385,2615,3200,585
1386,2615,3200,585
1387,2615,3200,585
1388,2615,3200,585
1389,2615,3200,585
1390,2615,3200,585
1391,2615,3200,585
1392,2615,3200,585
1393,2615,3200,585
1394,2614,3200,586
1395,2614,3200,586
1396,2614,3200,586
1397,2614,3200,586
1398,2614,3200,586
1399,2613,3200,587
1400,2613,3200,587
1401,2613,3200,587
1402,2612,3200,588
1403,2612,3200,588
1404,2611,3200,589
1405,2610,3200,590
1406,2609,3200,591
1407,2608,3200,592
1408,2608,3200,592
1409,2608,3200,592
1410,2608,3200,592
1411,2608,3200,592
1412,2608,3200,592
1413,2607,3200,593
1414,2607,3200,593
1415,2607,3200,593
1416,2607,3200,593
1417,2607,3200,593
1418,2607,3200,593
1419,2606,3200,594
1420,2606,3200,594
1421,2606,3200,594
1422,2606,3200,594
1423,2606,3200,594
1424,2605,3200,595
1425,2605,3200,595
1426,2605,3200,595
1427,2605,3200,595
1428,2604,3200,596
1429,2604,3200,596
1430,2604,3200,596
1431,2604,3200,596
1432,2603,3200,597
1433,2603,3200,597
1434,2603,3200,597
1435,2603,3200,597
1436,2603,3200,597
1437,2602,3200,598
1438,2602,3200,598
1439,2602,3200,598
1440,2601,3200,599
1441,2601,3200,599
1442,2601,3200,599
1443,2601,3200,599
1444,2600,3200,600
1445,2600,3200,600
1446,2600,3200,600
1447,2599,3200,601
1448,2599,3200,601
1449,2599,3200,601
1450,2599,3200,601
1451,2599,3200,601
1452,2599,3200,601
1453,2598,3200,602
1454,2598,3200,602
1455,2598,3200,602
1456,2598,3200,602
1457,2598,3200,602
1458,2598,3200,602
1459,2598,3200,602
1460,2598,3200,602
1461,2598,3200,602
1462,2598,3200,602
1463,2598,3200,602
1464,2598,3200,602
1465,2598,3200,602
1466,2598,3200,602
1467,2598,3200,602
1468,2598,3200,602
1469,2598,3200,602
1470,2597,3200,603
1471,2596,3200,604
1472,2595,3200,605
1473,2594,3200,606
1474,2594,3200,606
1475,2594,3200,606
1476,2594,3200,606
1477,2594,3200,606
1478,2594,3200,606
1479,2594,3200,606
1480,2594,3200,606
1481,2594,3200,606
1482,2594,3200,606
1483,2594,3200,606
1484,2594,3200,606
1485,2593,3200,607
1486,2593,3200,607
1487,2593,3200,607
1488,2593,3200,607
1489,2593,3200,607
1490,2592,3200,608
1491,2592,3200,608
1492,2592,3200,608
1493,2591,3200,609
1494,2591,3200,609
1495,2591,3200,609
1496,2591,3200,609
1497,2591,3200,609
1498,2591,3200,609
1499,2590,3200,610
1500,2590,3200,610
1501,2590,3200,610
1502,2590,3200,610
1503,2589,3200,611
1504,2589,3200,611
1505,2589,3200,611
1506,2589,3200,611
1507,2589,3200,611
1508,2589,3200,611
1509,2588,3200,612
1510,2588,3200,612
1511,2587,3200,613
1512,2587,3200,613
1513,2587,3200,613
1514,2587,3200,613
1515,2586,3200,614
1516,2586,3200,614
1517,2586,3200,614
1518,2586,3200,614
1519,2585,3200,615
1520,2585,3200,615
1521,2585,3200,615
1522,2585,3200,615
1523,2585,3200,615
1524,2585,3200,615
1525,2584,3200,616
1526,2584,3200,616
1527,2584,3200,616
1528,2584,3200,616
1529,2583,3200,617
1530,2583,3200,617
1531,2583,3200,617
1532,2582,3200,618
1533,2581,3200,619
1534,2581,3200,619
1535,2581,3200,619
1536,2581,3200,619
1537,2581,3200,619
1538,2581,3200,619
1539,2581,3200,619
1540,2581,3200,619
1541,2581,3200,619
1542,2581,3200,619
1543,2581,3200,619
1544,2581,3200,619
1545,2581,3200,619
1546,2581,3200,619
1547,2581,3200,619
1548,2581,3200,619
1549,2581,3200,619
1550,2581,3200,619
1551,2580,3200,620
1552,2580,3200,620
1553,2580,3200,620
1554,2579,3200,621
1555,2579,3200,621
1556,2579,3200,621
1557,2579,3200,621
1558,2579,3200,621
1559,2578,3200,622
1560,2578,3200,622
1561,2577,3200,623
1562,2576,3200,624
1563,2576,3200,624
1564,2576,3200,624
1565,2576,3200,624
1566,2576,3200,624
1567,2576,3200,624
1568,2576,3200,624
1569,2575,3200,625
1570,2575,3200,625
1571,2575,3200,625
1572,2574,3200,626
1573,2574,3200,626
1574,2574,3200,626
1575,2574,3200,626
1576,2574,3200,626
1577,2573,3200,627
1578,2573,3200,627
1579,2571,3200,629
1580,2571,3200,629
1581,2570,3200,630
1582,2569,3200,631
1583,2568,3200,632
1584,2568,3200,632
1585,2568,3200,632
1586,2568,3200,632
1587,2568,3200,632
1588,2567,3200,633
1589,2566,3200,634
1590,2566,3200,634
1591,2566,3200,634
1592,2566,3200,634
1593,2565,3200,635
1594,2564,3200,636
1595,2564,3200,636
1596,2564,3200,636
1597,2564,3200,636
1598,2564,3200,636
1599,2563,3200,637
1600,2563,3200,637
1601,2563,3200,637
1602,2563,3200,637
1603,2563,3200,637
1604,2563,3200,637
1605,2563,3200,637
1606,2562,3200,638
1607,2562,3200,638
1608,2562,3200,638
1609,2562,3200,638
1610,2561,3200,639
1611,2561,3200,639
1612,2561,3200,639
1613,2561,3200,639
1614,2561,3200,639
1615,2561,3200,639
1616,2561,3200,639
1617,2561,3200,639
1618,2560,3200,640
1619,2560,3200,640
1620,2560,3200,640
1621,2560,3200,640
1622,2560,3200,640
1623,2560,3200,640
1624,2560,3200,640
1625,2559,3200,641
1626,2558,3200,642
1627,2558,3200,642
1628,2558,3200,642
1629,2558,3200,642
1630,2558,3200,642
1631,2558,3200,642
1632,2558,3200,642
1633,2558,3200,642
1634,2557,3200,643
1635,2557,3200,643
1636,2557,3200,643
1637,2556,3200,644
1638,2556,3200,644
1639,2556,3200,644
1640,2555,3200,645
1641,2555,3200,645
1642,2554,3200,646
1643,2554,3200,646
1644,2554,3200,646
1645,2554,3200,646
1646,2554,3200,646
1647,2554,3200,646
1648,2554,3200,646
1649,2554,3200,646
1650,2554,3200,646
1651,2554,3200,646
1652,2554,3200,646
1653,2553,3200,647
1654,2553,3200,647
1655,2552,3200,648
1656,2552,3200,648
1657,2552,3200,648
1658,2551,3200,649
1659,2551,3200,649
1660,2550,3200,650
1661,2550,3200,650
1662,2550,3200,650
1663,2549,3200,651
1664,2548,3200,652
1665,2548,3200,652
1666,2548,3200,652
1667,2548,3200,652
1668,2548,3200,652
1669,2548,3200,652
1670,2547,3200,653
1671,2546,3200,654
1672,2546,3200,654
1673,2546,3200,654
1674,2546,3200,654
1675,2546,3200,654
1676,2546,3200,654
1677,2546,3200,654
1678,2546,3200,654
1679,2546,3200,654
1680,2546,3200,654
1681,2546,3200,654
1682,2546,3200,654
1683,2545,3200,655
1684,2545,3200,655
1685,2544,3200,656
1686,2544,3200,656
1687,2544,3200,656
1688,2544,3200,656
1689,2544,3200,656
1690,2544,3200,656
1691,2544,3200,656
1692,2544,3200,656
1693,2544,3200,656
1694,2544,3200,656
1695,2543,3200,657
1696,2543,3200,657
1697,2542,3200,658
1698,2542,3200,658
1699,2542,3200,658
1700,2541,3200,659
1701,2541,3200,659
1702,2541,3200,659
1703,2541,3200,659
1704,2541,3200,659
1705,2541,3200,659
1706,2540,3200,660
1707,2540,3200,660
1708,2540,3200,660
1709,2540,3200,660
1710,2539,3200,661
1711,2539,3200,661
1712,2539,3200,661
1713,2538,3200,662
1714,2538,3200,662
1715,2538,3200,662
1716,2537,3200,663
1717,2537,3200,663
1718,2537,3200,663
1719,2536,3200,664
1720,2536,3200,664
1721,2536,3200,664
1722,2536,3200,664
1723,2535,3200,665
1724,2535,3200,665
1725,2534,3200,666
1726,2534,3200,666
1727,2534,3200,666
1728,2533,3200,667
1729,2533,3200,667
1730,2533,3200,667
1731,2533,3200,667
1732,2533,3200,667
1733,2533,3200,667
1734,2533,3200,667
1735,2533,3200,667
1736,2532,3200,668
1737,2532,3200,668
1738,2532,3200,668
1739,2532,3200,668
1740,2532,3200,668
1741,2532,3200,668
1742,2532,3200,668
1743,2532,3200,668
1744,2532,3200,668
1745,2531,3200,669
1746,2531,3200,669
1747,2531,3200,669
1748,2531,3200,669
1749,2530,3200,670
1750,2530,3200,670
1751,2530,3200,670
1752,2530,3200,670
1753,2529,3200,671
1754,2528,3200,672
1755,2528,3200,672
1756,2528,3200,672
1757,2527,3200,673
1758,2527,3200,673
1759,2527,3200,673
1760,2526,3200,674
1761,2526,3200,674
1762,2525,3200,675
1763,2525,3200,675
1764,2525,3200,675
1765,2525,3200,675
1766,2524,3200,676
1767,2524,3200,676
1768,2524,3200,676
1769,2524,3200,676
1770,2524,3200,676
1771,2524,3200,676
1772,2524,3200,676
1773,2523,3200,677
1774,2523,3200,677
1775,2523,3200,677
1776,2523,3200,677
1777,2523,3200,677
1778,2523,3200,677
1779,2522,3200,678
1780,2522,3200,678
1781,2521,3200,679
1782,2521,3200,679
1783,2521,3200,679
1784,2521,3200,679
1785,2521,3200,679
1786,2521,3200,679
1787,2521,3200,679
1788,2521,3200,679
1789,2521,3200,679
1790,2520,3200,680
1791,2520,3200,680
1792,2519,3200,681
1793,2519,3200,681
1794,2519,3200,681
1795,2518,3200,682
1796,2518,3200,682
1797,2518,3200,682
1798,2518,3200,682
1799,2518,3200,682
1800,2518,3200,682
1801,2518,3200,682
1802,2518,3200,682
1803,2518,3200,682
1804,2518,3200,682
1805,2518,3200,682
1806,2518,3200,682
1807,2517,3200,683
1808,2517,3200,683
1809,2517,3200,683
1810,2517,3200,683
1811,2516,3200,684
1812,2516,3200,684
1813,2516,3200,684
1814,2515,3200,685
1815,2515,3200,685
1816,2515,3200,685
1817,2515,3200,685
1818,2514,3200,686
1819,2514,3200,686
1820,2513,3200,687
1821,2513,3200,687
1822,2513,3200,687
1823,2512,3200,688
1824,2512,3200,688
1825,2511,3200,689
1826,2511,3200,689
1827,2511,3200,689
1828,2511,3200,689
1829,2510,3200,690
1830,2510,3200,690
1831,2510,3200,690
1832,2510,3200,690
1833,2510,3200,690
1834,2510,3200,690
1835,2509,3200,691
1836,2509,3200,691
1837,2508,3200,692
1838,2508,3200,692
1839,2508,3200,692
1840,2508,3200,692
1841,2507,3200,693
1842,2507,3200,693
1843,2507,3200,693
1844,2507,3200,693
1845,2507,3200,693
1846,2507,3200,693
1847,2506,3200,694
1848,2506,3200,694
1849,2506,3200,694
1850,2506,3200,694
1851,2506,3200,694
1852,2506,3200,694
1853,2506,3200,694
1854,2505,3200,695
1855,2505,3200,695
1856,2504,3200,696
1857,2504,3200,696
1858,2504,3200,696
1859,2503,3200,697
1860,2503,3200,697
1861,2503,3200,697
1862,2502,3200,698
1863,2502,3200,698
1864,2501,3200,699
1865,2501,3200,699
1866,2501,3200,699
1867,2500,3200,700
1868,2500,3200,700
1869,2500,3200,700
1870,2500,3200,700
1871,2500,3200,700
1872,2499,3200,701
1873,2499,3200,701
1874,2499,3200,701
1875,2499,3200,701
1876,2498,3200,702
1877,2498,3200,702
1878,2498,3200,702
1879,2498,3200,702
1880,2498,3200,702
1881,2497,3200,703
1882,2497,3200,703
1883,2496,3200,704
1884,2496,3200,704
1885,2496,3200,704
1886,2496,3200,704
1887,2496,3200,704
1888,2496,3200,704
1889,2496,3200,704
1890,2496,3200,704
1891,2495,3200,705
1892,2495,3200,705
1893,2495,3200,705
1894,2495,3200,705
1895,2495,3200,705
1896,2494,3200,706
1897,2494,3200,706
1898,2493,3200,707
1899,2493,3200,707
1900,2493,3200,707
1901,2492,3200,708
1902,2492,3200,708
1903,2492,3200,708
1904,2492,3200,708
1905,2492,3200,708
1906,2492,3200,708
1907,2492,3200,708
1908,2492,3200,708
1909,2492,3200,708
1910,2492,3200,708
1911,2492,3200,708
1912,2491,3200,709
1913,2491,3200,709
1914,2491,3200,709
1915,2491,3200,709
1916,2491,3200,709
1917,2491,3200,709
1918,2490,3200,710
1919,2490,3200,710
1920,2489,3200,711
1921,2489,3200,711
1922,2489,3200,711
1923,2489,3200,711
1924,2488,3200,712
1925,2488,3200,712
1926,2488,3200,712
1927,2488,3200,712
1928,2488,3200,712
1929,2488,3200,712
1930,2488,3200,712
1931,2488,3200,712
1932,2488,3200,712
1933,2487,3200,713
1934,2487,3200,713
1935,2486,3200,714
1936,2486,3200,714
1937,2486,3200,714
1938,2485,3200,715
1939,2485,3200,715
1940,2484,3200,716
1941,2484,3200,716
1942,2484,3200,716
1943,2484,3200,716
1944,2484,3200,716
1945,2484,3200,716
1946,2483,3200,717
1947,2483,3200,717
1948,2482,3200,718
1949,2482,3200,718
1950,2482,3200,718
1951,2482,3200,718
1952,2482,3200,718
1953,2482,3200,718
1954,2482,3200,718
1955,2482,3200,718
1956,2482,3200,718
1957,2482,3200,718
1958,2482,3200,718
1959,2482,3200,718
1960,2482,3200,718
1961,2481,3200,719
1962,2481,3200,719
1963,2480,3200,720
1964,2480,3200,720
1965,2480,3200,720
1966,2480,3200,720
1967,2480,3200,720
1968,2479,3200,721
1969,2479,3200,721
1970,2479,3200,721
1971,2479,3200,721
1972,2479,3200,721
1973,2479,3200,721
1974,2479,3200,721
1975,2478,3200,722
1976,2477,3200,723
1977,2477,3200,723
1978,2477,3200,723
1979,2476,3200,724
1980,2476,3200,724
1981,2476,3200,724
1982,2476,3200,724
1983,2476,3200,724
1984,2475,3200,725
1985,2475,3200,725
1986,2475,3200,725
1987,2475,3200,725
1988,2475,3200,725
1989,2474,3200,726
1990,2474,3200,726
1991,2474,3200,726
1992,2474,3200,726
1993,2474,3200,726
1994,2473,3200,727
1995,2473,3200,727
1996,2473,3200,727
1997,2472,3200,728
1998,2472,3200,728
1999,2472,3200,728
2000,2472,3200,728
2001,2472,3200,728
2002,2471,3200,729
2003,2471,3200,729
2004,2470,3200,730
2005,2470,3200,730
2006,2469,3200,731
2007,2469,3200,731
2008,2468,3200,732
2009,2468,3200,732
2010,2468,3200,732
2011,2468,3200,732
2012,2468,3200,732
2013,2468,3200,732
2014,2467,3200,733
2015,2467,3200,733
2016,2467,3200,733
2017,2467,3200,733
2018,2467,3200,733
2019,2467,3200,733
2020,2467,3200,733
2021,2467,3200,733
2022,2467,3200,733
2023,2467,3200,733
2024,2466,3200,734
2025,2466,3200,734
2026,2466,3200,734
2027,2466,3200,734
2028,2465,3200,735
2029,2465,3200,735
2030,2465,3200,735
2031,2465,3200,735
2032,2465,3200,735
2033,2465,3200,735
2034,2464,3200,736
2035,2464,3200,736
2036,2464,3200,736
2037,2463,3200,737
2038,2463,3200,737
2039,2463,3200,737
2040,2462,3200,738
2041,2462,3200,738
2042,2462,3200,738
2043,2461,3200,739
2044,2461,3200,739
2045,2460,3200,740
2046,2460,3200,740
2047,2460,3200,740
2048,2460,3200,740
2049,2459,3200,741
2050,2459,3200,741
2051,2459,3200,741
2052,2458,3200,742
2053,2458,3200,742
2054,2458,3200,742
2055,2457,3200,743
2056,2457,3200,743
2057,2457,3200,743
2058,2457,3200,743
2059,2457,3200,743
2060,2457,3200,743
2061,2457,3200,743
2062,2457,3200,743
2063,2457,3200,743
2064,2456,3200,744
2065,2456,3200,744
2066,2456,3200,744
2067,2456,3200,744
2068,2456,3200,744
2069,2456,3200,744
2070,2456,3200,744
2071,2456,3200,744
2072,2456,3200,744
2073,2456,3200,744
2074,2456,3200,744
2075,2455,3200,745
2076,2454,3200,746
2077,2454,3200,746
2078,2454,3200,746
2079,2453,3200,747
2080,2453,3200,747
2081,2453,3200,747
2082,2453,3200,747
2083,2453,3200,747
2084,2453,3200,747
2085,2452,3200,748
2086,2452,3200,748
2087,2452,3200,748
2088,2451,3200,749
2089,2450,3200,750
2090,2450,3200,750
2091,2450,3200,750
2092,2450,3200,750
2093,2450,3200,750
2094,2450,3200,750
2095,2450,3200,750
2096,2450,3200,750
2097,2449,3200,751
2098,2449,3200,751
2099,2448,3200,752
2100,2448,3200,752
2101,2448,3200,752
2102,2447,3200,753
2103,2447,3200,753
2104,2447,3200,753
2105,2447,3200,753
2106,2447,3200,753
2107,2446,3200,754
2108,2446,3200,754
2109,2446,3200,754
2110,2446,3200,754
2111,2446,3200,754
2112,2446,3200,754
2113,2445,3200,755
2114,2445,3200,755
2115,2445,3200,755
2116,2444,3200,756
2117,2444,3200,756
2118,2444,3200,756
2119,2444,3200,756
2120,2444,3200,756
2121,2444,3200,756
2122,2444,3200,756
2123,2444,3200,756
2124,2443,3200,757
2125,2443,3200,757
2126,2443,3200,757
2127,2443,3200,757
2128,2442,3200,758
2129,2441,3200,759
2130,2441,3200,759
2131,2441,3200,759
2132,2441,3200,759
2133,2440,3200,760
2134,2440,3200,760
2135,2440,3200,760
2136,2439,3200,761
2137,2439,3200,761
2138,2438,3200,762
2139,2438,3200,762
2140,2438,3200,762
2141,2438,3200,762
2142,2438,3200,762
2143,2438,3200,762
2144,2438,3200,762
2145,2438,3200,762
2146,2438,3200,762
2147,2438,3200,762
2148,2438,3200,762
2149,2437,3200,763
2150,2437,3200,763
2151,2437,3200,763
2152,2436,3200,764
2153,2436,3200,764
2154,2436,3200,764
2155,2436,3200,764
2156,2435,3200,765
2157,2435,3200,765
2158,2434,3200,766
2159,2434,3200,766
2160,2433,3200,767
2161,2433,3200,767
2162,2433,3200,767
2163,2433,3200,767
2164,2433,3200,767
2165,2433,3200,767
2166,2433,3200,767
2167,2433,3200,767
2168,2433,3200,767
2169,2433,3200,767
2170,2433,3200,767
2171,2432,3200,768
2172,2432,3200,768
2173,2431,3200,769
2174,2431,3200,769
2175,2431,3200,769
2176,2431,3200,769
2177,2430,3200,770
2178,2430,3200,770
2179,2429,3200,771
2180,2429,3200,771
2181,2429,3200,771
2182,2428,3200,772
2183,2428,3200,772
2184,2428,3200,772
2185,2427,3200,773
2186,2427,3200,773
2187,2427,3200,773
2188,2427,3200,773
2189,2426,3200,774
2190,2426,3200,774
2191,2426,3200,774
2192,2426,3200,774
2193,2426,3200,774
2194,2425,3200,775
2195,2425,3200,775
2196,2425,3200,775
2197,2425,3200,775
2198,2425,3200,775
2199,2425,3200,775
2200,2425,3200,775
2201,2424,3200,776
2202,2424,3200,776
2203,2424,3200,776
2204,2423,3200,777
2205,2423,3200,777
2206,2423,3200,777
2207,2422,3200,778
2208,2422,3200,778
2209,2422,3200,778
2210,2422,3200,778
2211,2422,3200,778
2212,2422,3200,778
2213,2421,3200,779
2214,2421,3200,779
2215,2420,3200,780
2216,2420,3200,780
2217,2420,3200,780
2218,2420,3200,780
2219,2419,3200,781
2220,2419,3200,781
2221,2419,3200,781
2222,2419,3200,781
2223,2419,3200,781
2224,2419,3200,781
2225,2419,3200,781
2226,2418,3200,782
2227,2418,3200,782
2228,2417,3200,783
2229,2417,3200,783
2230,2417,3200,783
2231,2417,3200,783
2232,2417,3200,783
2233,2416,3200,784
2234,2416,3200,784
2235,2416,3200,784
2236,2415,3200,785
2237,2415,3200,785
2238,2415,3200,785
2239,2415,3200,785
2240,2415,3200,785
2241,2415,3200,785
2242,2414,3200,786
2243,2414,3200,786
2244,2413,3200,787
2245,2413,3200,787
2246,2413,3200,787
2247,2413,3200,787
2248,2413,3200,787
2249,2412,3200,788
2250,2412,3200,788
2251,2412,3200,788
2252,2412,3200,788
2253,2412,3200,788
2254,2411,3200,789
2255,2411,3200,789
2256,2411,3200,789
2257,2410,3200,790
2258,2409,3200,791
2259,2409,3200,791
2260,2409,3200,791
2261,2409,3200,791
2262,2408,3200,792
2263,2408,3200,792
2264,2408,3200,792
2265,2408,3200,792
2266,2408,3200,792
2267,2408,3200,792
2268,2408,3200,792
2269,2408,3200,792
2270,2407,3200,793
2271,2407,3200,793
2272,2406,3200,794
2273,2406,3200,794
2274,2406,3200,794
2275,2406,3200,794
2276,2406,3200,794
2277,2406,3200,794
2278,2406,3200,794
2279,2405,3200,795
2280,2405,3200,795
2281,2405,3200,795
2282,2405,3200,795
2283,2405,3200,795
2284,2405,3200,795
2285,2405,3200,795
2286,2404,3200,796
2287,2404,3200,796
2288,2404,3200,796
2289,2403,3200,797
2290,2403,3200,797
2291,2403,3200,797
2292,2403,3200,797
2293,2402,3200,798
2294,2402,3200,798
2295,2401,3200,799
2296,2401,3200,799
2297,2401,3200,799
2298,2400,3200,800
2299,2400,3200,800
2300,2399,3200,801
2301,2399,3200,801
2302,2399,3200,801
2303,2399,3200,801
2304,2399,3200,801
2305,2399,3200,801
2306,2399,3200,801
2307,2399,3200,801
2308,2398,3200,802
2309,2397,3200,803
2310,2397,3200,803
2311,2396,3200,804
2312,2396,3200,804
2313,2396,3200,804
2314,2396,3200,804
2315,2396,3200,804
2316,2396,3200,804
2317,2395,3200,805
2318,2395,3200,805
2319,2395,3200,805
2320,2395,3200,805
2321,2395,3200,805
2322,2394,3200,806
2323,2394,3200,806
2324,2394,3200,806
2325,2393,3200,807
2326,2393,3200,807
2327,2393,3200,807
2328,2392,3200,808
2329,2392,3200,808
2330,2392,3200,808
2331,2391,3200,809
2332,2391,3200,809
2333,2390,3200,810
2334,2390,3200,810
2335,2390,3200,810
2336,2390,3200,810
2337,2390,3200,810
2338,2389,3200,811
2339,2389,3200,811
2340,2388,3200,812
2341,2388,3200,812
2342,2387,3200,813
2343,2387,3200,813
2344,2387,3200,813
2345,2387,3200,813
2346,2387,3200,813
2347,2387,3200,813
2348,2386,3200,814
2349,2386,3200,814
2350,2386,3200,814
2351,2385,3200,815
2352,2385,3200,815
2353,2385,3200,815
2354,2385,3200,815
2355,2384,3200,816
2356,2384,3200,816
2357,2384,3200,816
2358,2384,3200,816
2359,2384,3200,816
2360,2384,3200,816
2361,2383,3200,817
2362,2383,3200,817
2363,2383,3200,817
2364,2383,3200,817
2365,2383,3200,817
2366,2383,3200,817
2367,2383,3200,817
2368,2382,3200,818
2369,2382,3200,818
2370,2381,3200,819
2371,2381,3200,819
2372,2381,3200,819
2373,2381,3200,819
2374,2381,3200,819
2375,2381,3200,819
2376,2381,3200,819
2377,2381,3200,819
2378,2381,3200,819
2379,2380,3200,820
2380,2380,3200,820
2381,2380,3200,820
2382,2380,3200,820
2383,2379,3200,821
2384,2379,3200,821
2385,2379,3200,821
2386,2379,3200,821
2387,2378,3200,822
2388,2378,3200,822
2389,2377,3200,823
2390,2377,3200,823
2391,2377,3200,823
2392,2377,3200,823
2393,2376,3200,824
2394,2376,3200,824
2395,2376,3200,824
2396,2375,3200,825
2397,2375,3200,825
2398,2375,3200,825
2399,2374,3200,826
2400,2374,3200,826
2401,2374,3200,826
2402,2374,3200,826
2403,2374,3200,826
2404,2374,3200,826
2405,2374,3200,826
2406,2373,3200,827
2407,2373,3200,827
2408,2373,3200,827
2409,2373,3200,827
2410,2373,3200,827
2411,2373,3200,827
2412,2372,3200,828
2413,2372,3200,828
2414,2372,3200,828
2415,2371,3200,829
2416,2371,3200,829
2417,2371,3200,829
2418,2371,3200,829
2419,2370,3200,830
2420,2370,3200,830
2421,2369,3200,831
2422,2369,3200,831
2423,2368,3200,832
2424,2368,3200,832
2425,2367,3200,833
2426,2367,3200,833
2427,2366,3200,834
2428,2366,3200,834
2429,2366,3200,834
2430,2366,3200,834
2431,2366,3200,834
2432,2366,3200,834
2433,2366,3200,834
2434,2365,3200,835
2435,2365,3200,835
2436,2365,3200,835
2437,2365,3200,835
2438,2365,3200,835
2439,2365,3200,835
2440,2365,3200,835
2441,2365,3200,835
2442,2365,3200,835
2443,2365,3200,835
2444,2365,3200,835
2445,2365,3200,835
2446,2365,3200,835
2447,2365,3200,835
2448,2365,3200,835
2449,2365,3200,835
2450,2364,3200,836
2451,2364,3200,836
2452,2363,3200,837
2453,2363,3200,837
2454,2362,3200,838
2455,2362,3200,838
2456,2362,3200,838
2457,2361,3200,839
2458,2361,3200,839
2459,2361,3200,839
2460,2360,3200,840
2461,2360,3200,840
2462,2360,3200,840
2463,2359,3200,841
2464,2359,3200,841
2465,2359,3200,841
2466,2358,3200,842
2467,2358,3200,842
2468,2358,3200,842
2469,2358,3200,842
2470,2358,3200,842
2471,2358,3200,842
2472,2358,3200,842
2473,2357,3200,843
2474,2357,3200,843
2475,2357,3200,843
2476,2357,3200,843
2477,2357,3200,843
2478,2357,3200,843
2479,2357,3200,843
2480,2356,3200,844
2481,2356,3200,844
2482,2356,3200,844
2483,2355,3200,845
2484,2355,3200,845
2485,2355,3200,845
2486,2354,3200,846
2487,2354,3200,846
2488,2353,3200,847
2489,2353,3200,847
2490,2353,3200,847
2491,2353,3200,847
2492,2353,3200,847
2493,2353,3200,847
2494,2353,3200,847
2495,2353,3200,847
2496,2353,3200,847
2497,2353,3200,847
2498,2352,3200,848
2499,2352,3200,848
2500,2351,3200,849
2501,2351,3200,849
2502,2351,3200,849
2503,2351,3200,849
2504,2351,3200,849
2505,2351,3200,849
2506,2351,3200,849
2507,2351,3200,849
2508,2350,3200,850
2509,2350,3200,850
2510,2350,3200,850
2511,2350,3200,850
2512,2349,3200,851
2513,2349,3200,851
2514,2349,3200,851
2515,2349,3200,851
2516,2348,3200,852
2517,2348,3200,852
2518,2347,3200,853
2519,2347,3200,853
2520,2347,3200,853
2521,2346,3200,854
2522,2346,3200,854
2523,2346,3200,854
2524,2346,3200,854
2525,2346,3200,854
2526,2346,3200,854
2527,2345,3200,855
2528,2345,3200,855
2529,2344,3200,856
2530,2344,3200,856
2531,2344,3200,856
2532,2343,3200,857
2533,2343,3200,857
2534,2342,3200,858
2535,2342,3200,858
2536,2342,3200,858
2537,2342,3200,858
2538,2342,3200,858
2539,2342,3200,858
2540,2342,3200,858
2541,2342,3200,858
2542,2341,3200,859
2543,2341,3200,859
2544,2341,3200,859
2545,2341,3200,859
2546,2341,3200,859
2547,2341,3200,859
2548,2341,3200,859
2549,2341,3200,859
2550,2341,3200,859
2551,2340,3200,860
2552,2339,3200,861
2553,2339,3200,861
2554,2338,3200,862
2555,2338,3200,862
2556,2338,3200,862
2557,2338,3200,862
2558,2338,3200,862
2559,2338,3200,862
2560,2338,3200,862
2561,2338,3200,862
2562,2338,3200,862
2563,2338,3200,862
2564,2337,3200,863
2565,2337,3200,863
2566,2337,3200,863
2567,2336,3200,864
2568,2336,3200,864
2569,2336,3200,864
2570,2335,3200,865
2571,2335,3200,865
2572,2335,3200,865
2573,2334,3200,866
2574,2334,3200,866
2575,2333,3200,867
2576,2333,3200,867
2577,2332,3200,868
2578,2332,3200,868
2579,2332,3200,868
2580,2332,3200,868
2581,2332,3200,868
2582,2332,3200,868
2583,2332,3200,868
2584,2331,3200,869
2585,2331,3200,869
2586,2330,3200,870
2587,2330,3200,870
2588,2330,3200,870
2589,2330,3200,870
2590,2329,3200,871
2591,2329,3200,871
2592,2328,3200,872
2593,2328,3200,872
2594,2328,3200,872
2595,2328,3200,872
2596,2328,3200,872
2597,2328,3200,872
2598,2328,3200,872
2599,2328,3200,872
2600,2328,3200,872
2601,2327,3200,873
2602,2327,3200,873
2603,2327,3200,873
2604,2327,3200,873
2605,2326,3200,874
2606,2326,3200,874
2607,2326,3200,874
2608,2326,3200,874
2609,2325,3200,875
2610,2325,3200,875
2611,2325,3200,875
2612,2324,3200,876
2613,2324,3200,876
2614,2324,3200,876
2615,2324,3200,876
2616,2324,3200,876
2617,2324,3200,876
2618,2324,3200,876
2619,2323,3200,877
2620,2322,3200,878
2621,2321,3200,879
2622,2321,3200,879
2623,2321,3200,879
2624,2321,3200,879
2625,2321,3200,879
2626,2321,3200,879
2627,2321,3200,879
2628,2321,3200,879
2629,2320,3200,880
2630,2320,3200,880
2631,2320,3200,880
2632,2319,3200,881
2633,2319,3200,881
2634,2319,3200,881
2635,2319,3200,881
2636,2319,3200,881
2637,2319,3200,881
2638,2318,3200,882
2639,2318,3200,882
2640,2318,3200,882
2641,2317,3200,883
2642,2316,3200,884
2643,2315,3200,885
2644,2315,3200,885
2645,2315,3200,885
2646,2315,3200,885
2647,2315,3200,885
2648,2315,3200,885
2649,2315,3200,885
2650,2314,3200,886
2651,2314,3200,886
2652,2314,3200,886
2653,2313,3200,887
2654,2313,3200,887
2655,2313,3200,887
2656,2312,3200,888
2657,2311,3200,889
2658,2311,3200,889
2659,2310,3200,890
2660,2310,3200,890
2661,2310,3200,890
2662,2310,3200,890
2663,2310,3200,890
2664,2309,3200,891
2665,2309,3200,891
2666,2309,3200,891
2667,2309,3200,891
2668,2308,3200,892
2669,2308,3200,892
2670,2308,3200,892
2671,2307,3200,893
2672,2307,3200,893
2673,2307,3200,893
2674,2307,3200,893
2675,2307,3200,893
2676,2307,3200,893
2677,2306,3200,894
2678,2306,3200,894
2679,2305,3200,895
2680,2305,3200,895
2681,2305,3200,895
2682,2305,3200,895
2683,2305,3200,895
2684,2305,3200,895
2685,2304,3200,896
2686,2304,3200,896
2687,2304,3200,896
2688,2304,3200,896
2689,2304,3200,896
2690,2304,3200,896
2691,2304,3200,896
2692,2304,3200,896
2693,2304,3200,896
2694,2304,3200,896
2695,2304,3200,896
2696,2304,3200,896
2697,2303,3200,897
2698,2302,3200,898
2699,2302,3200,898
2700,2302,3200,898
2701,2302,3200,898
2702,2302,3200,898
2703,2302,3200,898
2704,2302,3200,898
2705,2302,3200,898
2706,2301,3200,899
2707,2300,3200,900
2708,2300,3200,900
2709,2300,3200,900
2710,2300,3200,900
2711,2300,3200,900
2712,2300,3200,900
2713,2300,3200,900
2714,2300,3200,900
2715,2300,3200,900
2716,2300,3200,900
2717,2300,3200,900
2718,2300,3200,900
2719,2300,3200,900
2720,2300,3200,900
2721,2299,3200,901
2722,2299,3200,901
2723,2298,3200,902
2724,2298,3200,902
2725,2297,3200,903
2726,2297,3200,903
2727,2296,3200,904
2728,2296,3200,904
2729,2296,3200,904
2730,2296,3200,904
2731,2296,3200,904
2732,2296,3200,904
2733,2296,3200,904
2734,2295,3200,905
2735,2295,3200,905
2736,2295,3200,905
2737,2294,3200,906
2738,2294,3200,906
2739,2294,3200,906
2740,2294,3200,906
2741,2293,3200,907
2742,2293,3200,907
2743,2293,3200,907
2744,2293,3200,907
2745,2292,3200,908
2746,2292,3200,908
2747,2292,3200,908
2748,2292,3200,908
2749,2292,3200,908
2750,2291,3200,909
2751,2291,3200,909
2752,2291,3200,909
2753,2291,3200,909
2754,2291,3200,909
2755,2291,3200,909
2756,2291,3200,909
2757,2291,3200,909
2758,2290,3200,910
2759,2290,3200,910
2760,2290,3200,910
2761,2290,3200,910
2762,2290,3200,910
2763,2289,3200,911
2764,2289,3200,911
2765,2289,3200,911
2766,2289,3200,911
2767,2289,3200,911
2768,2288,3200,912
2769,2288,3200,912
2770,2287,3200,913
2771,2287,3200,913
2772,2287,3200,913
2773,2287,3200,913
2774,2287,3200,913
2775,2287,3200,913
2776,2287,3200,913
2777,2286,3200,914
2778,2286,3200,914
2779,2285,3200,915
2780,2285,3200,915
2781,2285,3200,915
2782,2285,3200,915
2783,2284,3200,916
2784,2284,3200,916
2785,2284,3200,916
2786,2283,3200,917
2787,2283,3200,917
2788,2283,3200,917
2789,2283,3200,917
2790,2283,3200,917
2791,2282,3200,918
2792,2282,3200,918
2793,2282,3200,918
2794,2281,3200,919
2795,2281,3200,919
2796,2281,3200,919
2797,2281,3200,919
2798,2281,3200,919
2799,2281,3200,919
2800,2280,3200,920
2801,2280,3200,920
2802,2280,3200,920
2803,2280,3200,920
2804,2279,3200,921
2805,2279,3200,921
2806,2279,3200,921
2807,2278,3200,922
2808,2277,3200,923
2809,2277,3200,923
2810,2277,3200,923
2811,2277,3200,923
2812,2277,3200,923
2813,2276,3200,924
2814,2276,3200,924
2815,2276,3200,924
2816,2276,3200,924
2817,2276,3200,924
2818,2276,3200,924
2819,2276,3200,924
2820,2276,3200,924
2821,2275,3200,925
2822,2275,3200,925
2823,2274,3200,926
2824,2273,3200,927
2825,2273,3200,927
2826,2273,3200,927
2827,2273,3200,927
2828,2273,3200,927
2829,2273,3200,927
2830,2273,3200,927
2831,2273,3200,927
2832,2273,3200,927
2833,2273,3200,927
2834,2273,3200,927
2835,2273,3200,927
2836,2273,3200,927
2837,2273,3200,927
2838,2272,3200,928
2839,2271,3200,929
2840,2271,3200,929
2841,2271,3200,929
2842,2271,3200,929
2843,2271,3200,929
2844,2270,3200,930
2845,2269,3200,931
2846,2269,3200,931
2847,2269,3200,931
2848,2269,3200,931
2849,2269,3200,931
2850,2269,3200,931
2851,2269,3200,931
2852,2269,3200,931
2853,2268,3200,932
2854,2268,3200,932
2855,2267,3200,933
2856,2267,3200,933
2857,2267,3200,933
2858,2267,3200,933
2859,2267,3200,933
2860,2267,3200,933
2861,2267,3200,933
2862,2266,3200,934
2863,2266,3200,934
2864,2266,3200,934
2865,2266,3200,934
2866,2266,3200,934
2867,2265,3200,935
2868,2265,3200,935
2869,2264,3200,936
2870,2264,3200,936
2871,2264,3200,936
2872,2264,3200,936
2873,2264,3200,936
2874,2264,3200,936
2875,2264,3200,936
2876,2263,3200,937
2877,2263,3200,937
2878,2263,3200,937
2879,2263,3200,937
2880,2262,3200,938
2881,2262,3200,938
2882,2262,3200,938
2883,2261,3200,939
2884,2260,3200,940
2885,2260,3200,940
2886,2260,3200,940
2887,2260,3200,940
2888,2260,3200,940
2889,2260,3200,940
2890,2260,3200,940
2891,2260,3200,940
2892,2260,3200,940
2893,2260,3200,940
2894,2259,3200,941
2895,2258,3200,942
2896,2258,3200,942
2897,2258,3200,942
2898,2258,3200,942
2899,2257,3200,943
2900,2257,3200,943
2901,2257,3200,943
2902,2257,3200,943
2903,2257,3200,943
2904,2257,3200,943
2905,2257,3200,943
2906,2257,3200,943
2907,2256,3200,944
2908,2256,3200,944
2909,2256,3200,944
2910,2256,3200,944
2911,2255,3200,945
2912,2255,3200,945
2913,2255,3200,945
2914,2255,3200,945
2915,2254,3200,946
2916,2253,3200,947
2917,2253,3200,947
2918,2253,3200,947
2919,2253,3200,947
2920,2252,3200,948
2921,2252,3200,948
2922,2252,3200,948
2923,2251,3200,949
2924,2251,3200,949
2925,2251,3200,949
2926,2251,3200,949
2927,2251,3200,949
2928,2251,3200,949
2929,2250,3200,950
2930,2250,3200,950
2931,2250,3200,950
2932,2249,3200,951
2933,2249,3200,951
2934,2249,3200,951
2935,2248,3200,952
2936,2248,3200,952
2937,2248,3200,952
2938,2248,3200,952
2939,2248,3200,952
2940,2248,3200,952
2941,2248,3200,952
2942,2248,3200,952
2943,2247,3200,953
2944,2247,3200,953
2945,2247,3200,953
2946,2247,3200,953
2947,2246,3200,954
2948,2246,3200,954
2949,2246,3200,954
2950,2245,3200,955
2951,2245,3200,955
2952,2245,3200,955
2953,2244,3200,956
2954,2244,3200,956
2955,2244,3200,956
2956,2244,3200,956
2957,2244,3200,956
2958,2244,3200,956
2959,2244,3200,956
2960,2243,3200,957
2961,2243,3200,957
2962,2243,3200,957
2963,2243,3200,957
2964,2243,3200,957
2965,2243,3200,957
2966,2243,3200,957
2967,2242,3200,958
2968,2242,3200,958
2969,2242,3200,958
2970,2241,3200,959
2971,2241,3200,959
2972,2240,3200,960
2973,2240,3200,960
2974,2240,3200,960
2975,2240,3200,960
2976,2239,3200,961
2977,2239,3200,961
2978,2238,3200,962
2979,2238,3200,962
2980,2238,3200,962
2981,2238,3200,962
2982,2238,3200,962
2983,2238,3200,962
2984,2237,3200,963
2985,2237,3200,963
2986,2236,3200,964
2987,2236,3200,964
2988,2236,3200,964
2989,2236,3200,964
2990,2236,3200,964
2991,2235,3200,965
2992,2235,3200,965
2993,2235,3200,965
2994,2235,3200,965
2995,2234,3200,966
2996,2234,3200,966
2997,2233,3200,967
2998,2233,3200,967
2999,2233,3200,967
3000,2233,3200,967
3001,2233,3200,967
3002,2233,3200,967
3003,2232,3200,968
3004,2232,3200,968
3005,2232,3200,968
3006,2232,3200,968
3007,2231,3200,969
3008,2231,3200,969
3009,2230,3200,970
3010,2230,3200,970
3011,2230,3200,970
3012,2230,3200,970
3013,2230,3200,970
3014,2230,3200,970
3015,2230,3200,970
3016,2230,3200,970
3017,2229,3200,971
3018,2229,3200,971
3019,2229,3200,971
3020,2229,3200,971
3021,2229,3200,971
3022,2228,3200,972
3023,2228,3200,972
3024,2228,3200,972
3025,2227,3200,973
3026,2227,3200,973
3027,2227,3200,973
3028,2227,3200,973
3029,2227,3200,973
3030,2227,3200,973
3031,2227,3200,973
3032,2227,3200,973
3033,2227,3200,973
3034,2227,3200,973
3035,2227,3200,973
3036,2226,3200,974
3037,2225,3200,975
3038,2225,3200,975
3039,2225,3200,975
3040,2225,3200,975
3041,2225,3200,975
3042,2225,3200,975
3043,2225,3200,975
3044,2225,3200,975
3045,2224,3200,976
3046,2224,3200,976
3047,2223,3200,977
3048,2223,3200,977
3049,2223,3200,977
3050,2222,3200,978
3051,2222,3200,978
3052,2221,3200,979
3053,2221,3200,979
3054,2220,3200,980
3055,2220,3200,980
3056,2219,3200,981
3057,2219,3200,981
3058,2219,3200,981
3059,2218,3200,982
3060,2218,3200,982
3061,2218,3200,982
3062,2218,3200,982
3063,2218,3200,982
3064,2218,3200,982
3065,2218,3200,982
3066,2218,3200,982
3067,2218,3200,982
3068,2218,3200,982
3069,2218,3200,982
3070,2218,3200,982
3071,2217,3200,983
3072,2217,3200,983
3073,2217,3200,983
3074,2217,3200,983
3075,2217,3200,983
3076,2217,3200,983
3077,2216,3200,984
3078,2215,3200,985
3079,2215,3200,985
3080,2215,3200,985
3081,2214,3200,986
3082,2214,3200,986
3083,2214,3200,986
3084,2214,3200,986
3085,2214,3200,986
3086,2214,3200,986
3087,2214,3200,986
3088,2213,3200,987
3089,2213,3200,987
3090,2213,3200,987
3091,2213,3200,987
3092,2213,3200,987
3093,2212,3200,988
3094,2212,3200,988
3095,2212,3200,988
3096,2211,3200,989
3097,2211,3200,989
3098,2211,3200,989
3099,2211,3200,989
3100,2210,3200,990
3101,2210,3200,990
3102,2209,3200,991
3103,2209,3200,991
3104,2208,3200,992
3105,2208,3200,992
3106,2208,3200,992
3107,2208,3200,992
3108,2207,3200,993
3109,2207,3200,993
3110,2207,3200,993
3111,2207,3200,993
3112,2207,3200,993
3113,2207,3200,993
3114,2207,3200,993
3115,2207,3200,993
3116,2206,3200,994
3117,2206,3200,994
3118,2206,3200,994
3119,2206,3200,994
3120,2205,3200,995
3121,2205,3200,995
3122,2205,3200,995
3123,2205,3200,995
3124,2205,3200,995
3125,2205,3200,995
3126,2205,3200,995
3127,2205,3200,995
3128,2204,3200,996
3129,2204,3200,996
3130,2203,3200,997
3131,2203,3200,997
3132,2203,3200,997
3133,2203,3200,997
3134,2203,3200,997
3135,2203,3200,997
3136,2202,3200,998
3137,2202,3200,998
3138,2201,3200,999
3139,2201,3200,999
3140,2201,3200,999
3141,2201,3200,999
3142,2200,3200,1000
3143,2200,3200,1000
3144,2200,3200,1000
3145,2199,3200,1001
3146,2199,3200,1001
3147,2198,3200,1002
3148,2198,3200,1002
3149,2198,3200,1002
3150,2198,3200,1002
3151,2197,3200,1003
3152,2197,3200,1003
3153,2197,3200,1003
3154,2197,3200,1003
3155,2197,3200,1003
3156,2197,3200,1003
3157,2197,3200,1003
3158,2197,3200,1003
3159,2197,3200,1003
3160,2196,3200,1004
3161,2196,3200,1004
3162,2196,3200,1004
3163,2195,3200,1005
3164,2195,3200,1005
3165,2195,3200,1005
3166,2195,3200,1005
3167,2195,3200,1005
3168,2195,3200,1005
3169,2195,3200,1005
3170,2194,3200,1006
3171,2194,3200,1006
3172,2194,3200,1006
3173,2194,3200,1006
3174,2194,3200,1006
3175,2194,3200,1006
3176,2194,3200,1006
3177,2194,3200,1006
3178,2194,3200,1006
3179,2193,3200,1007
3180,2193,3200,1007
3181,2193,3200,1007
3182,2192,3200,1008
3183,2192,3200,1008
3184,2192,3200,1008
3185,2192,3200,1008
3186,2192,3200,1008
3187,2191,3200,1009
3188,2191,3200,1009
3189,2191,3200,1009
3190,2191,3200,1009
3191,2191,3200,1009
3192,2191,3200,1009
3193,2191,3200,1009
3194,2191,3200,1009
3195,2191,3200,1009
3196,2190,3200,1010
3197,2190,3200,1010
3198,2190,3200,1010
3199,2189,3200,1011
3200,2189,3200,1011
3201,2189,3200,1011
3202,2189,3200,1011
3203,2188,3200,1012
3204,2188,3200,1012
3205,2187,3200,1013
3206,2187,3200,1013
3207,2187,3200,1013
3208,2186,3200,1014
3209,2185,3200,1015
3210,2185,3200,1015
3211,2185,3200,1015
3212,2184,3200,1016
3213,2184,3200,1016
3214,2183,3200,1017
3215,2183,3200,1017
3216,2182,3200,1018
3217,2182,3200,1018
3218,2182,3200,1018
3219,2182,3200,1018
3220,2182,3200,1018
3221,2182,3200,1018
3222,2182,3200,1018
3223,2181,3200,1019
3224,2181,3200,1019
3225,2181,3200,1019
3226,2180,3200,1020
3227,2180,3200,1020
3228,2180,3200,1020
3229,2180,3200,1020
3230,2180,3200,1020
3231,2180,3200,1020
3232,2180,3200,1020
3233,2179,3200,1021
3234,2179,3200,1021
3235,2179,3200,1021
3236,2178,3200,1022
3237,2178,3200,1022
3238,2178,3200,1022
3239,2178,3200,1022
3240,2178,3200,1022
3241,2178,3200,1022
3242,2177,3200,1023
3243,2177,3200,1023
3244,2177,3200,1023
3245,2176,3200,1024
3246,2176,3200,1024
3247,2176,3200,1024
3248,2175,3200,1025
3249,2175,3200,1025
3250,2174,3200,1026
3251,2174,3200,1026
3252,2174,3200,1026
3253,2174,3200,1026
3254,2173,3200,1027
3255,2173,3200,1027
3256,2173,3200,1027
3257,2173,3200,1027
3258,2173,3200,1027
3259,2173,3200,1027
3260,2173,3200,1027
3261,2172,3200,1028
3262,2172,3200,1028
3263,2172,3200,1028
3264,2172,3200,1028
3265,2172,3200,1028
3266,2172,3200,1028
3267,2172,3200,1028
3268,2172,3200,1028
3269,2172,3200,1028
3270,2172,3200,1028
3271,2172,3200,1028
3272,2172,3200,1028
3273,2171,3200,1029
3274,2171,3200,1029
3275,2171,3200,1029
3276,2171,3200,1029
3277,2170,3200,1030
3278,2170,3200,1030
3279,2170,3200,1030
3280,2169,3200,1031
3281,2169,3200,1031
3282,2168,3200,1032
3283,2167,3200,1033
3284,2167,3200,1033
3285,2167,3200,1033
3286,2167,3200,1033
3287,2167,3200,1033
3288,2167,3200,1033
3289,2167,3200,1033
3290,2166,3200,1034
3291,2166,3200,1034
3292,2166,3200,1034
3293,2166,3200,1034
3294,2166,3200,1034
3295,2166,3200,1034
3296,2166,3200,1034
3297,2166,3200,1034
3298,2166,3200,1034
3299,2165,3200,1035
3300,2165,3200,1035
3301,2165,3200,1035
3302,2164,3200,1036
3303,2164,3200,1036
3304,2164,3200,1036
3305,2164,3200,1036
3306,2163,3200,1037
3307,2163,3200,1037
3308,2163,3200,1037
3309,2163,3200,1037
3310,2163,3200,1037
3311,2162,3200,1038
3312,2162,3200,1038
3313,2162,3200,1038
3314,2162,3200,1038
3315,2162,3200,1038
3316,2162,3200,1038
3317,2161,3200,1039
3318,2161,3200,1039
3319,2161,3200,1039
3320,2160,3200,1040
3321,2160,3200,1040
3322,2160,3200,1040
3323,2159,3200,1041
3324,2159,3200,1041
3325,2158,3200,1042
3326,2158,3200,1042
3327,2158,3200,1042
3328,2158,3200,1042
3329,2158,3200,1042
3330,2158,3200,1042
3331,2158,3200,1042
3332,2157,3200,1043
3333,2157,3200,1043
3334,2157,3200,1043
3335,2156,3200,1044
3336,2155,3200,1045
3337,2155,3200,1045
3338,2155,3200,1045
3339,2154,3200,1046
3340,2154,3200,1046
3341,2154,3200,1046
3342,2154,3200,1046
3343,2154,3200,1046
3344,2153,3200,1047
3345,2153,3200,1047
3346,2153,3200,1047
3347,2153,3200,1047
3348,2153,3200,1047
3349,2153,3200,1047
3350,2153,3200,1047
3351,2153,3200,1047
3352,2153,3200,1047
3353,2152,3200,1048
3354,2152,3200,1048
3355,2152,3200,1048
3356,2152,3200,1048
3357,2151,3200,1049
3358,2151,3200,1049
3359,2151,3200,1049
3360,2150,3200,1050
3361,2150,3200,1050
3362,2150,3200,1050
3363,2149,3200,1051
3364,2149,3200,1051
3365,2148,3200,1052
3366,2148,3200,1052
3367,2148,3200,1052
3368,2148,3200,1052
3369,2148,3200,1052
3370,2148,3200,1052
3371,2148,3200,1052
3372,2148,3200,1052
3373,2148,3200,1052
3374,2148,3200,1052
3375,2147,3200,1053
3376,2147,3200,1053
3377,2146,3200,1054
3378,2146,3200,1054
3379,2145,3200,1055
3380,2145,3200,1055
3381,2145,3200,1055
3382,2145,3200,1055
3383,2145,3200,1055
3384,2145,3200,1055
3385,2145,3200,1055
3386,2145,3200,1055
3387,2144,3200,1056
3388,2144,3200,1056
3389,2144,3200,1056
3390,2143,3200,1057
3391,2143,3200,1057
3392,2143,3200,1057
3393,2143,3200,1057
3394,2142,3200,1058
3395,2142,3200,1058
3396,2142,3200,1058
3397,2141,3200,1059
3398,2141,3200,1059
3399,2140,3200,1060
3400,2140,3200,1060
3401,2140,3200,1060
3402,2140,3200,1060
3403,2140,3200,1060
3404,2140,3200,1060
3405,2140,3200,1060
3406,2140,3200,1060
3407,2139,3200,1061
3408,2138,3200,1062
3409,2138,3200,1062
3410,2137,3200,1063
3411,2137,3200,1063
3412,2137,3200,1063
3413,2137,3200,1063
3414,2137,3200,1063
3415,2136,3200,1064
3416,2136,3200,1064
3417,2135,3200,1065
3418,2135,3200,1065
3419,2135,3200,1065
3420,2134,3200,1066
3421,2133,3200,1067
3422,2133,3200,1067
3423,2133,3200,1067
3424,2133,3200,1067
3425,2133,3200,1067
3426,2133,3200,1067
3427,2133,3200,1067
3428,2133,3200,1067
3429,2133,3200,1067
3430,2133,3200,1067
3431,2133,3200,1067
3432,2133,3200,1067
3433,2132,3200,1068
3434,2131,3200,1069
3435,2131,3200,1069
3436,2131,3200,1069
3437,2131,3200,1069
3438,2131,3200,1069
3439,2131,3200,1069
3440,2131,3200,1069
3441,2130,3200,1070
3442,2130,3200,1070
3443,2129,3200,1071
3444,2129,3200,1071
3445,2129,3200,1071
3446,2129,3200,1071
3447,2129,3200,1071
3448,2129,3200,1071
3449,2128,3200,1072
3450,2128,3200,1072
3451,2128,3200,1072
3452,2127,3200,1073
3453,2127,3200,1073
3454,2126,3200,1074
3455,2126,3200,1074
3456,2126,3200,1074
3457,2126,3200,1074
3458,2126,3200,1074
3459,2126,3200,1074
3460,2126,3200,1074
3461,2126,3200,1074
3462,2126,3200,1074
3463,2126,3200,1074
3464,2126,3200,1074
3465,2125,3200,1075
3466,2125,3200,1075
3467,2124,3200,1076
3468,2124,3200,1076
3469,2124,3200,1076
3470,2124,3200,1076
3471,2124,3200,1076
3472,2124,3200,1076
3473,2124,3200,1076
3474,2124,3200,1076
3475,2123,3200,1077
3476,2123,3200,1077
3477,2122,3200,1078
3478,2122,3200,1078
3479,2122,3200,1078
3480,2122,3200,1078
3481,2121,3200,1079
3482,2121,3200,1079
3483,2120,3200,1080
3484,2120,3200,1080
3485,2120,3200,1080
3486,2120,3200,1080
3487,2119,3200,1081
3488,2119,3200,1081
3489,2119,3200,1081
3490,2119,3200,1081
3491,2119,3200,1081
3492,2119,3200,1081
3493,2119,3200,1081
3494,2119,3200,1081
3495,2119,3200,1081
3496,2119,3200,1081
3497,2119,3200,1081
3498,2119,3200,1081
3499,2119,3200,1081
3500,2119,3200,1081
3501,2118,3200,1082
3502,2118,3200,1082
3503,2118,3200,1082
3504,2117,3200,1083
3505,2117,3200,1083
3506,2117,3200,1083
3507,2117,3200,1083
3508,2116,3200,1084
3509,2116,3200,1084
3510,2116,3200,1084
3511,2115,3200,1085
3512,2115,3200,1085
3513,2114,3200,1086
3514,2114,3200,1086
3515,2113,3200,1087
3516,2113,3200,1087
3517,2113,3200,1087
3518,2112,3200,1088
3519,2112,3200,1088
3520,2112,3200,1088
3521,2111,3200,1089
3522,2111,3200,1089
3523,2111,3200,1089
3524,2111,3200,1089
3525,2111,3200,1089
3526,2110,3200,1090
3527,2110,3200,1090
3528,2110,3200,1090
3529,2110,3200,1090
3530,2110,3200,1090
3531,2109,3200,1091
3532,2109,3200,1091
3533,2109,3200,1091
3534,2109,3200,1091
3535,2109,3200,1091
3536,2108,3200,1092
3537,2108,3200,1092
3538,2108,3200,1092
3539,2107,3200,1093
3540,2107,3200,1093
3541,2106,3200,1094
3542,2106,3200,1094
3543,2106,3200,1094
3544,2106,3200,1094
3545,2106,3200,1094
3546,2106,3200,1094
3547,2106,3200,1094
3548,2105,3200,1095
3549,2104,3200,1096
3550,2104,3200,1096
3551,2104,3200,1096
3552,2103,3200,1097
3553,2103,3200,1097
3554,2103,3200,1097
3555,2102,3200,1098
3556,2102,3200,1098
3557,2102,3200,1098
3558,2102,3200,1098
3559,2102,3200,1098
3560,2102,3200,1098
3561,2102,3200,1098
3562,2102,3200,1098
3563,2102,3200,1098
3564,2102,3200,1098
3565,2102,3200,1098
3566,2102,3200,1098
3567,2102,3200,1098
3568,2102,3200,1098
3569,2102,3200,1098
3570,2102,3200,1098
3571,2102,3200,1098
3572,2101,3200,1099
3573,2101,3200,1099
3574,2100,3200,1100
3575,2100,3200,1100
3576,2099,3200,1101
3577,2099,3200,1101
3578,2099,3200,1101
3579,2099,3200,1101
3580,2098,3200,1102
3581,2098,3200,1102
3582,2097,3200,1103
3583,2097,3200,1103
3584,2097,3200,1103
3585,2097,3200,1103
3586,2097,3200,1103
3587,2097,3200,1103
3588,2097,3200,1103
3589,2096,3200,1104
3590,2096,3200,1104
3591,2095,3200,1105
3592,2095,3200,1105
3593,2095,3200,1105
3594,2095,3200,1105
3595,2094,3200,1106
3596,2094,3200,1106
3597,2094,3200,1106
3598,2093,3200,1107
3599,2093,3200,1107
3600,2093,3200,1107
3601,2093,3200,1107
3602,2093,3200,1107
3603,2093,3200,1107
3604,2092,3200,1108
3605,2092,3200,1108
3606,2092,3200,1108
3607,2091,3200,1109
3608,2091,3200,1109
3609,2091,3200,1109
3610,2091,3200,1109
3611,2090,3200,1110
3612,2090,3200,1110
3613,2090,3200,1110
3614,2089,3200,1111
3615,2089,3200,1111
3616,2088,3200,1112
3617,2088,3200,1112
3618,2088,3200,1112
3619,2088,3200,1112
3620,2088,3200,1112
3621,2087,3200,1113
3622,2087,3200,1113
3623,2087,3200,1113
3624,2087,3200,1113
3625,2087,3200,1113
3626,2086,3200,1114
3627,2086,3200,1114
3628,2086,3200,1114
3629,2086,3200,1114
3630,2086,3200,1114
3631,2086,3200,1114
3632,2086,3200,1114
3633,2086,3200,1114
3634,2086,3200,1114
3635,2085,3200,1115
3636,2085,3200,1115
3637,2084,3200,1116
3638,2084,3200,1116
3639,2084,3200,1116
3640,2084,3200,1116
3641,2083,3200,1117
3642,2082,3200,1118
3643,2082,3200,1118
3644,2082,3200,1118
3645,2082,3200,1118
3646,2082,3200,1118
3647,2081,3200,1119
3648,2081,3200,1119
3649,2081,3200,1119
3650,2081,3200,1119
3651,2081,3200,1119
3652,2081,3200,1119
3653,2081,3200,1119
3654,2081,3200,1119
3655,2081,3200,1119
3656,2081,3200,1119
3657,2081,3200,1119
3658,2081,3200,1119
3659,2080,3200,1120
3660,2080,3200,1120
3661,2080,3200,1120
3662,2080,3200,1120
3663,2079,3200,1121
3664,2079,3200,1121
3665,2079,3200,1121
3666,2078,3200,1122
3667,2078,3200,1122
3668,2077,3200,1123
3669,2077,3200,1123
3670,2077,3200,1123
3671,2077,3200,1123
3672,2077,3200,1123
3673,2077,3200,1123
3674,2077,3200,1123
3675,2076,3200,1124
3676,2076,3200,1124
3677,2076,3200,1124
3678,2075,3200,1125
3679,2075,3200,1125
3680,2074,3200,1126
3681,2074,3200,1126
3682,2073,3200,1127
3683,2073,3200,1127
3684,2073,3200,1127
3685,2073,3200,1127
3686,2072,3200,1128
3687,2072,3200,1128
3688,2072,3200,1128
3689,2071,3200,1129
3690,2071,3200,1129
3691,2071,3200,1129
3692,2071,3200,1129
3693,2071,3200,1129
3694,2071,3200,1129
3695,2071,3200,1129
3696,2071,3200,1129
3697,2071,3200,1129
3698,2071,3200,1129
3699,2071,3200,1129
3700,2070,3200,1130
3701,2069,3200,1131
3702,2069,3200,1131
3703,2069,3200,1131
3704,2068,3200,1132
3705,2067,3200,1133
3706,2067,3200,1133
3707,2067,3200,1133
3708,2067,3200,1133
3709,2067,3200,1133
3710,2067,3200,1133
3711,2066,3200,1134
3712,2066,3200,1134
3713,2066,3200,1134
3714,2066,3200,1134
3715,2066,3200,1134
3716,2065,3200,1135
3717,2064,3200,1136
3718,2064,3200,1136
3719,2064,3200,1136
3720,2064,3200,1136
3721,2064,3200,1136
3722,2064,3200,1136
3723,2064,3200,1136
3724,2064,3200,1136
3725,2064,3200,1136
3726,2063,3200,1137
3727,2063,3200,1137
3728,2062,3200,1138
3729,2062,3200,1138
3730,2062,3200,1138
3731,2062,3200,1138
3732,2061,3200,1139
3733,2060,3200,1140
3734,2060,3200,1140
3735,2060,3200,1140
3736,2060,3200,1140
3737,2060,3200,1140
3738,2060,3200,1140
3739,2060,3200,1140
3740,2060,3200,1140
3741,2060,3200,1140
3742,2060,3200,1140
3743,2060,3200,1140
3744,2060,3200,1140
3745,2060,3200,1140
3746,2060,3200,1140
3747,2060,3200,1140
3748,2059,3200,1141
3749,2059,3200,1141
3750,2059,3200,1141
3751,2058,3200,1142
3752,2058,3200,1142
3753,2058,3200,1142
3754,2058,3200,1142
3755,2057,3200,1143
3756,2057,3200,1143
3757,2056,3200,1144
3758,2056,3200,1144
3759,2055,3200,1145
3760,2055,3200,1145
3761,2054,3200,1146
3762,2054,3200,1146
3763,2054,3200,1146
3764,2053,3200,1147
3765,2053,3200,1147
3766,2052,3200,1148
3767,2052,3200,1148
3768,2052,3200,1148
3769,2052,3200,1148
3770,2051,3200,1149
3771,2051,3200,1149
3772,2051,3200,1149
3773,2051,3200,1149
3774,2051,3200,1149
3775,2050,3200,1150
3776,2050,3200,1150
3777,2050,3200,1150
3778,2050,3200,1150
3779,2049,3200,1151
3780,2049,3200,1151
3781,2049,3200,1151
3782,2049,3200,1151
3783,2049,3200,1151
3784,2049,3200,1151
3785,2049,3200,1151
3786,2048,3200,1152
3787,2048,3200,1152
3788,2048,3200,1152
3789,2048,3200,1152
3790,2048,3200,1152
3791,2048,3200,1152
3792,2048,3200,1152
3793,2047,3200,1153
3794,2047,3200,1153
3795,2047,3200,1153
3796,2046,3200,1154
3797,2046,3200,1154
3798,2046,3200,1154
3799,2046,3200,1154
3800,2045,3200,1155
3801,2045,3200,1155
3802,2044,3200,1156
3803,2044,3200,1156
3804,2044,3200,1156
3805,2043,3200,1157
3806,2043,3200,1157
3807,2043,3200,1157
3808,2043,3200,1157
3809,2043,3200,1157
3810,2043,3200,1157
3811,2043,3200,1157
3812,2043,3200,1157
3813,2043,3200,1157
3814,2043,3200,1157
3815,2042,3200,1158
3816,2042,3200,1158
3817,2041,3200,1159
3818,2041,3200,1159
3819,2041,3200,1159
3820,2041,3200,1159
3821,2041,3200,1159
3822,2040,3200,1160
3823,2040,3200,1160
3824,2040,3200,1160
3825,2040,3200,1160
3826,2039,3200,1161
3827,2039,3200,1161
3828,2039,3200,1161
3829,2039,3200,1161
3830,2039,3200,1161
3831,2039,3200,1161
3832,2039,3200,1161
3833,2039,3200,1161
3834,2039,3200,1161
3835,2039,3200,1161
3836,2039,3200,1161
3837,2038,3200,1162
3838,2038,3200,1162
3839,2038,3200,1162
3840,2037,3200,1163
3841,2037,3200,1163
3842,2037,3200,1163
3843,2036,3200,1164
3844,2036,3200,1164
3845,2036,3200,1164
3846,2035,3200,1165
3847,2035,3200,1165
3848,2035,3200,1165
3849,2034,3200,1166
3850,2034,3200,1166
3851,2034,3200,1166
3852,2034,3200,1166
3853,2033,3200,1167
3854,2033,3200,1167
3855,2033,3200,1167
3856,2032,3200,1168
3857,2032,3200,1168
3858,2032,3200,1168
3859,2032,3200,1168
3860,2032,3200,1168
3861,2032,3200,1168
3862,2031,3200,1169
3863,2031,3200,1169
3864,2031,3200,1169
3865,2030,3200,1170
3866,2030,3200,1170
3867,2030,3200,1170
3868,2030,3200,1170
3869,2029,3200,1171
3870,2029,3200,1171
3871,2029,3200,1171
3872,2029,3200,1171
3873,2029,3200,1171
3874,2029,3200,1171
3875,2029,3200,1171
3876,2028,3200,1172
3877,2028,3200,1172
3878,2028,3200,1172
3879,2028,3200,1172
3880,2028,3200,1172
3881,2028,3200,1172
3882,2028,3200,1172
3883,2027,3200,1173
3884,2027,3200,1173
3885,2027,3200,1173
3886,2026,3200,1174
3887,2026,3200,1174
3888,2025,3200,1175
3889,2025,3200,1175
3890,2025,3200,1175
3891,2025,3200,1175
3892,2024,3200,1176
3893,2024,3200,1176
3894,2024,3200,1176
3895,2024,3200,1176
3896,2024,3200,1176
3897,2024,3200,1176
3898,2024,3200,1176
3899,2023,3200,1177
3900,2023,3200,1177
3901,2023,3200,1177
3902,2023,3200,1177
3903,2022,3200,1178
3904,2022,3200,1178
3905,2022,3200,1178
3906,2021,3200,1179
3907,2021,3200,1179
3908,2021,3200,1179
3909,2020,3200,1180
3910,2019,3200,1181
3911,2019,3200,1181
3912,2019,3200,1181
3913,2019,3200,1181
3914,2019,3200,1181
3915,2018,3200,1182
3916,2018,3200,1182
3917,2018,3200,1182
3918,2018,3200,1182
3919,2018,3200,1182
3920,2018,3200,1182
3921,2018,3200,1182
3922,2018,3200,1182
3923,2018,3200,1182
3924,2018,3200,1182
3925,2017,3200,1183
3926,2017,3200,1183
3927,2016,3200,1184
3928,2016,3200,1184
3929,2016,3200,1184
3930,2016,3200,1184
3931,2016,3200,1184
3932,2015,3200,1185
3933,2015,3200,1185
3934,2014,3200,1186
3935,2014,3200,1186
3936,2014,3200,1186
3937,2014,3200,1186
3938,2013,3200,1187
3939,2013,3200,1187
3940,2013,3200,1187
3941,2013,3200,1187
3942,2013,3200,1187
3943,2013,3200,1187
3944,2012,3200,1188
3945,2012,3200,1188
3946,2012,3200,1188
3947,2012,3200,1188
3948,2011,3200,1189
3949,2010,3200,1190
3950,2010,3200,1190
3951,2010,3200,1190
3952,2010,3200,1190
3953,2010,3200,1190
3954,2010,3200,1190
3955,2010,3200,1190
3956,2010,3200,1190
3957,2010,3200,1190
3958,2010,3200,1190
3959,2010,3200,1190
3960,2010,3200,1190
3961,2010,3200,1190
3962,2010,3200,1190
3963,2010,3200,1190
3964,2009,3200,1191
3965,2009,3200,1191
3966,2008,3200,1192
3967,2008,3200,1192
3968,2008,3200,1192
3969,2008,3200,1192
3970,2008,3200,1192
3971,2008,3200,1192
3972,2008,3200,1192
3973,2008,3200,1192
3974,2008,3200,1192
3975,2008,3200,1192
3976,2008,3200,1192
3977,2007,3200,1193
3978,2006,3200,1194
3979,2006,3200,1194
3980,2006,3200,1194
3981,2006,3200,1194
3982,2005,3200,1195
3983,2005,3200,1195
3984,2005,3200,1195
3985,2004,3200,1196
3986,2004,3200,1196
3987,2004,3200,1196
3988,2004,3200,1196
3989,2004,3200,1196
3990,2004,3200,1196
3991,2004,3200,1196
3992,2003,3200,1197
3993,2003,3200,1197
3994,2003,3200,1197
3995,2003,3200,1197
3996,2003,3200,1197
3997,2003,3200,1197
3998,2002,3200,1198
3999,2002,3200,1198
4000,2002,3200,1198
4001,2002,3200,1198
4002,2001,3200,1199
4003,2001,3200,1199
4004,2000,3200,1200
4005,2000,3200,1200
4006,2000,3200,1200
4007,1999,3200,1201
4008,1999,3200,1201
4009,1998,3200,1202
4010,1997,3200,1203
4011,1997,3200,1203
4012,1996,3200,1204
4013,1996,3200,1204
4014,1996,3200,1204
4015,1996,3200,1204
4016,1996,3200,1204
4017,1996,3200,1204
4018,1996,3200,1204
4019,1995,3200,1205
4020,1995,3200,1205
4021,1995,3200,1205
4022,1995,3200,1205
4023,1994,3200,1206
4024,1994,3200,1206
4025,1994,3200,1206
4026,1993,3200,1207
4027,1993,3200,1207
4028,1993,3200,1207
4029,1993,3200,1207
4030,1993,3200,1207
4031,1993,3200,1207
4032,1992,3200,1208
4033,1992,3200,1208
4034,1992,3200,1208
4035,1992,3200,1208
4036,1992,3200,1208
4037,1992,3200,1208
4038,1992,3200,1208
4039,1992,3200,1208
4040,1992,3200,1208
4041,1991,3200,1209
4042,1991,3200,1209
4043,1991,3200,1209
4044,1990,3200,1210
4045,1990,3200,1210
4046,1990,3200,1210
4047,1990,3200,1210
4048,1990,3200,1210
4049,1990,3200,1210
4050,1989,3200,1211
4051,1989,3200,1211
4052,1989,3200,1211
4053,1988,3200,1212
4054,1988,3200,1212
4055,1988,3200,1212
4056,1988,3200,1212
4057,1988,3200,1212
4058,1988,3200,1212
4059,1988,3200,1212
4060,1987,3200,1213
4061,1987,3200,1213
4062,1986,3200,1214
4063,1986,3200,1214
4064,1986,3200,1214
4065,1986,3200,1214
4066,1986,3200,1214
4067,1985,3200,1215
4068,1985,3200,1215
4069,1984,3200,1216
4070,1984,3200,1216
4071,1984,3200,1216
4072,1984,3200,1216
4073,1984,3200,1216
4074,1983,3200,1217
4075,1983,3200,1217
4076,1982,3200,1218
4077,1982,3200,1218
4078,1982,3200,1218
4079,1982,3200,1218
4080,1982,3200,1218
4081,1981,3200,1219
4082,1981,3200,1219
4083,1981,3200,1219
4084,1981,3200,1219
4085,1981,3200,1219
4086,1981,3200,1219
4087,1981,3200,1219
4088,1980,3200,1220
4089,1980,3200,1220
4090,1980,3200,1220
4091,1979,3200,1221
4092,1979,3200,1221
4093,1979,3200,1221
4094,1979,3200,1221
4095,1979,3200,1221
4096,1978,3200,1222
4097,1978,3200,1222
4098,1977,3200,1223
4099,1977,3200,1223
4100,1977,3200,1223
4101,1977,3200,1223
4102,1977,3200,1223
4103,1977,3200,1223
4104,1977,3200,1223
4105,1977,3200,1223
4106,1976,3200,1224
4107,1976,3200,1224
4108,1976,3200,1224
4109,1975,3200,1225
4110,1975,3200,1225
4111,1974,3200,1226
4112,1974,3200,1226
4113,1974,3200,1226
4114,1974,3200,1226
4115,1974,3200,1226
4116,1974,3200,1226
4117,1974,3200,1226
4118,1973,3200,1227
4119,1973,3200,1227
4120,1972,3200,1228
4121,1972,3200,1228
4122,1972,3200,1228
4123,1971,3200,1229
4124,1971,3200,1229
4125,1971,3200,1229
4126,1970,3200,1230
4127,1970,3200,1230
4128,1970,3200,1230
4129,1970,3200,1230
4130,1969,3200,1231
4131,1969,3200,1231
4132,1968,3200,1232
4133,1968,3200,1232
4134,1968,3200,1232
4135,1968,3200,1232
4136,1967,3200,1233
4137,1967,3200,1233
4138,1967,3200,1233
4139,1967,3200,1233
4140,1967,3200,1233
4141,1967,3200,1233
4142,1966,3200,1234
4143,1966,3200,1234
4144,1965,3200,1235
4145,1965,3200,1235
4146,1964,3200,1236
4147,1964,3200,1236
4148,1964,3200,1236
4149,1964,3200,1236
4150,1964,3200,1236
4151,1964,3200,1236
4152,1964,3200,1236
4153,1964,3200,1236
4154,1964,3200,1236
4155,1963,3200,1237
4156,1963,3200,1237
4157,1963,3200,1237
4158,1962,3200,1238
4159,1962,3200,1238
4160,1962,3200,1238
4161,1962,3200,1238
4162,1961,3200,1239
4163,1961,3200,1239
4164,1960,3200,1240
4165,1960,3200,1240
4166,1960,3200,1240
4167,1960,3200,1240
4168,1960,3200,1240
4169,1960,3200,1240
4170,1960,3200,1240
4171,1960,3200,1240
4172,1960,3200,1240
4173,1960,3200,1240
4174,1960,3200,1240
4175,1960,3200,1240
4176,1960,3200,1240
4177,1960,3200,1240
4178,1960,3200,1240
4179,1959,3200,1241
4180,1958,3200,1242
4181,1958,3200,1242
4182,1958,3200,1242
4183,1957,3200,1243
4184,1956,3200,1244
4185,1956,3200,1244
4186,1956,3200,1244
4187,1956,3200,1244
4188,1956,3200,1244
4189,1956,3200,1244
4190,1956,3200,1244
4191,1956,3200,1244
4192,1956,3200,1244
4193,1955,3200,1245
4194,1955,3200,1245
4195,1955,3200,1245
4196,1954,3200,1246
4197,1954,3200,1246
4198,1954,3200,1246
4199,1954,3200,1246
4200,1954,3200,1246
4201,1954,3200,1246
4202,1954,3200,1246
4203,1953,3200,1247
4204,1953,3200,1247
4205,1952,3200,1248
4206,1952,3200,1248
4207,1952,3200,1248
4208,1952,3200,1248
4209,1951,3200,1249
4210,1950,3200,1250
4211,1950,3200,1250
4212,1950,3200,1250
4213,1949,3200,1251
4214,1949,3200,1251
4215,1949,3200,1251
4216,1948,3200,1252
4217,1948,3200,1252
4218,1948,3200,1252
4219,1947,3200,1253
4220,1947,3200,1253
4221,1947,3200,1253
4222,1947,3200,1253
4223,1947,3200,1253
4224,1947,3200,1253
4225,1946,3200,1254
4226,1946,3200,1254
4227,1946,3200,1254
4228,1946,3200,1254
4229,1946,3200,1254
4230,1945,3200,1255
4231,1945,3200,1255
4232,1945,3200,1255
4233,1945,3200,1255
4234,1945,3200,1255
4235,1944,3200,1256
4236,1944,3200,1256
4237,1944,3200,1256
4238,1944,3200,1256
4239,1944,3200,1256
4240,1943,3200,1257
4241,1943,3200,1257
4242,1943,3200,1257
4243,1942,3200,1258
4244,1942,3200,1258
4245,1942,3200,1258
4246,1942,3200,1258
4247,1942,3200,1258
4248,1942,3200,1258
4249,1941,3200,1259
4250,1941,3200,1259
4251,1941,3200,1259
4252,1940,3200,1260
4253,1940,3200,1260
4254,1940,3200,1260
4255,1940,3200,1260
4256,1940,3200,1260
4257,1939,3200,1261
4258,1939,3200,1261
4259,1938,3200,1262
4260,1938,3200,1262
4261,1937,3200,1263
4262,1937,3200,1263
4263,1937,3200,1263
4264,1936,3200,1264
4265,1936,3200,1264
4266,1935,3200,1265
4267,1935,3200,1265
4268,1934,3200,1266
4269,1934,3200,1266
4270,1933,3200,1267
4271,1932,3200,1268
4272,1932,3200,1268
4273,1931,3200,1269
4274,1931,3200,1269
4275,1931,3200,1269
4276,1929,3200,1271
4277,1929,3200,1271
4278,1928,3200,1272
4279,1928,3200,1272
4280,1928,3200,1272
4281,1928,3200,1272
4282,1928,3200,1272
4283,1928,3200,1272
4284,1926,3200,1274
4285,1926,3200,1274
4286,1925,3200,1275
4287,1924,3200,1276
4288,1923,3200,1277
4289,1923,3200,1277
4290,1922,3200,1278
4291,1921,3200,1279
4292,1921,3200,1279
4293,1921,3200,1279
4294,1921,3200,1279
4295,1921,3200,1279
4296,1921,3200,1279
4297,1921,3200,1279
4298,1919,3200,1281
4299,1917,3200,1283
4300,1916,3200,1284
4301,1916,3200,1284
4302,1916,3200,1284
4303,1916,3200,1284
4304,1916,3200,1284
4305,1916,3200,1284
4306,1916,3200,1284
4307,1915,3200,1285
4308,1915,3200,1285
4309,1914,3200,1286
4310,1914,3200,1286
4311,1914,3200,1286
4312,1914,3200,1286
4313,1913,3200,1287
4314,1912,3200,1288
4315,1911,3200,1289
4316,1911,3200,1289
4317,1911,3200,1289
4318,1911,3200,1289
4319,1911,3200,1289
4320,1910,3200,1290
4321,1909,3200,1291
4322,1909,3200,1291
4323,1908,3200,1292
4324,1908,3200,1292
4325,1907,3200,1293
4326,1907,3200,1293
4327,1905,3200,1295
4328,1905,3200,1295
4329,1905,3200,1295
4330,1904,3200,1296
4331,1903,3200,1297
4332,1903,3200,1297
4333,1901,3200,1299
4334,1901,3200,1299
4335,1900,3200,1300
4336,1900,3200,1300
4337,1900,3200,1300
4338,1900,3200,1300
4339,1898,3200,1302
4340,1898,3200,1302
4341,1897,3200,1303
4342,1897,3200,1303
4343,1897,3200,1303
4344,1897,3200,1303
4345,1897,3200,1303
4346,1897,3200,1303
4347,1897,3200,1303
4348,1897,3200,1303
4349,1897,3200,1303
4350,1896,3200,1304
4351,1896,3200,1304
4352,1895,3200,1305
4353,1894,3200,1306
4354,1894,3200,1306
4355,1894,3200,1306
4356,1894,3200,1306
4357,1894,3200,1306
4358,1894,3200,1306
4359,1894,3200,1306
4360,1894,3200,1306
4361,1894,3200,1306
4362,1894,3200,1306
4363,1894,3200,1306
4364,1894,3200,1306
4365,1894,3200,1306
4366,1894,3200,1306
4367,1893,3200,1307
4368,1893,3200,1307
4369,1893,3200,1307
4370,1893,3200,1307
4371,1892,3200,1308
4372,1892,3200,1308
4373,1892,3200,1308
4374,1891,3200,1309
4375,1890,3200,1310
4376,1890,3200,1310
4377,1890,3200,1310
4378,1889,3200,1311
4379,1889,3200,1311
4380,1889,3200,1311
4381,1889,3200,1311
4382,1888,3200,1312
4383,1888,3200,1312
4384,1888,3200,1312
4385,1888,3200,1312
4386,1888,3200,1312
4387,1888,3200,1312
4388,1888,3200,1312
4389,1888,3200,1312
4390,1888,3200,1312
4391,1888,3200,1312
4392,1888,3200,1312
4393,1888,3200,1312
4394,1888,3200,1312
4395,1888,3200,1312
4396,1887,3200,1313
4397,1887,3200,1313
4398,1887,3200,1313
4399,1887,3200,1313
4400,1887,3200,1313
4401,1887,3200,1313
4402,1887,3200,1313
4403,1887,3200,1313
4404,1886,3200,1314
4405,1886,3200,1314
4406,1885,3200,1315
4407,1885,3200,1315
4408,1885,3200,1315
4409,1884,3200,1316
4410,1884,3200,1316
4411,1883,3200,1317
4412,1883,3200,1317
4413,1882,3200,1318
4414,1881,3200,1319
4415,1881,3200,1319
4416,1881,3200,1319
4417,1880,3200,1320
4418,1880,3200,1320
4419,1880,3200,1320
4420,1880,3200,1320
4421,1880,3200,1320
4422,1880,3200,1320
4423,1880,3200,1320
4424,1880,3200,1320
4425,1880,3200,1320
4426,1880,3200,1320
4427,1880,3200,1320
4428,1880,3200,1320
4429,1880,3200,1320
4430,1880,3200,1320
4431,1880,3200,1320
4432,1880,3200,1320
4433,1879,3200,1321
4434,1879,3200,1321
4435,1879,3200,1321
4436,1878,3200,1322
4437,1878,3200,1322
4438,1878,3200,1322
4439,1877,3200,1323
4440,1876,3200,1324
4441,1876,3200,1324
4442,1875,3200,1325
4443,1875,3200,1325
4444,1875,3200,1325
4445,1874,3200,1326
4446,1874,3200,1326
4447,1874,3200,1326
4448,1874,3200,1326
4449,1874,3200,1326
4450,1874,3200,1326
4451,1874,3200,1326
4452,1874,3200,1326
4453,1873,3200,1327
4454,1873,3200,1327
4455,1873,3200,1327
4456,1873,3200,1327
4457,1872,3200,1328
4458,1872,3200,1328
4459,1872,3200,1328
4460,1872,3200,1328
4461,1872,3200,1328
4462,1871,3200,1329
4463,1871,3200,1329
4464,1871,3200,1329
4465,1870,3200,1330
4466,1870,3200,1330
4467,1869,3200,1331
4468,1869,3200,1331
4469,1869,3200,1331
4470,1869,3200,1331
4471,1869,3200,1331
4472,1868,3200,1332
4473,1868,3200,1332
4474,1868,3200,1332
4475,1867,3200,1333
4476,1867,3200,1333
4477,1866,3200,1334
4478,1866,3200,1334
4479,1866,3200,1334
4480,1866,3200,1334
4481,1865,3200,1335
4482,1865,3200,1335
4483,1865,3200,1335
4484,1864,3200,1336
4485,1864,3200,1336
4486,1863,3200,1337
4487,1863,3200,1337
4488,1862,3200,1338
4489,1862,3200,1338
4490,1862,3200,1338
4491,1862,3200,1338
4492,1862,3200,1338
4493,1862,3200,1338
4494,1861,3200,1339
4495,1860,3200,1340
4496,1860,3200,1340
4497,1860,3200,1340
4498,1860,3200,1340
4499,1860,3200,1340
4500,1860,3200,1340
4501,1860,3200,1340
4502,1859,3200,1341
4503,1859,3200,1341
4504,1859,3200,1341
4505,1859,3200,1341
4506,1859,3200,1341
4507,1858,3200,1342
4508,1858,3200,1342
4509,1857,3200,1343
4510,1857,3200,1343
4511,1857,3200,1343
4512,1856,3200,1344
4513,1856,3200,1344
4514,1856,3200,1344
4515,1856,3200,1344
4516,1856,3200,1344
4517,1856,3200,1344
4518,1856,3200,1344
4519,1856,3200,1344
4520,1856,3200,1344
4521,1855,3200,1345
4522,1855,3200,1345
4523,1855,3200,1345
4524,1854,3200,1346
4525,1854,3200,1346
4526,1854,3200,1346
4527,1853,3200,1347
4528,1853,3200,1347
4529,1853,3200,1347
4530,1853,3200,1347
4531,1853,3200,1347
4532,1853,3200,1347
4533,1853,3200,1347
4534,1853,3200,1347
4535,1853,3200,1347
4536,1853,3200,1347
4537,1853,3200,1347
4538,1853,3200,1347
4539,1853,3200,1347
4540,1853,3200,1347
4541,1853,3200,1347
4542,1853,3200,1347
4543,1852,3200,1348
4544,1852,3200,1348
4545,1852,3200,1348
4546,1852,3200,1348
4547,1852,3200,1348
4548,1852,3200,1348
4549,1852,3200,1348
4550,1852,3200,1348
4551,1852,3200,1348
4552,1852,3200,1348
4553,1851,3200,1349
4554,1851,3200,1349
4555,1850,3200,1350
4556,1850,3200,1350
4557,1849,3200,1351
4558,1849,3200,1351
4559,1849,3200,1351
4560,1848,3200,1352
4561,1848,3200,1352
4562,1848,3200,1352
4563,1848,3200,1352
4564,1848,3200,1352
4565,1847,3200,1353
4566,1847,3200,1353
4567,1847,3200,1353
4568,1847,3200,1353
4569,1847,3200,1353
4570,1847,3200,1353
4571,1846,3200,1354
4572,1846,3200,1354
4573,1846,3200,1354
4574,1845,3200,1355
4575,1845,3200,1355
4576,1845,3200,1355
4577,1844,3200,1356
4578,1844,3200,1356
4579,1844,3200,1356
4580,1844,3200,1356
4581,1844,3200,1356
4582,1844,3200,1356
4583,1844,3200,1356
4584,1844,3200,1356
4585,1844,3200,1356
4586,1844,3200,1356
4587,1844,3200,1356
4588,1843,3200,1357
4589,1843,3200,1357
4590,1843,3200,1357
4591,1843,3200,1357
4592,1843,3200,1357
4593,1842,3200,1358
4594,1841,3200,1359
4595,1841,3200,1359
4596,1841,3200,1359
4597,1840,3200,1360
4598,1840,3200,1360
4599,1839,3200,1361
4600,1839,3200,1361
4601,1839,3200,1361
4602,1838,3200,1362
4603,1838,3200,1362
4604,1838,3200,1362
4605,1837,3200,1363
4606,1836,3200,1364
4607,1836,3200,1364
4608,1836,3200,1364
4609,1836,3200,1364
4610,1835,3200,1365
4611,1835,3200,1365
4612,1834,3200,1366
4613,1834,3200,1366
4614,1834,3200,1366
4615,1833,3200,1367
4616,1833,3200,1367
4617,1833,3200,1367
4618,1833,3200,1367
4619,1832,3200,1368
4620,1832,3200,1368
4621,1832,3200,1368
4622,1832,3200,1368
4623,1832,3200,1368
4624,1832,3200,1368
4625,1831,3200,1369
4626,1831,3200,1369
4627,1831,3200,1369
4628,1831,3200,1369
4629,1831,3200,1369
4630,1830,3200,1370
4631,1830,3200,1370
4632,1830,3200,1370
4633,1829,3200,1371
4634,1829,3200,1371
4635,1828,3200,1372
4636,1828,3200,1372
4637,1828,3200,1372
4638,1828,3200,1372
4639,1828,3200,1372
4640,1827,3200,1373
4641,1827,3200,1373
4642,1827,3200,1373
4643,1827,3200,1373
4644,1826,3200,1374
4645,1825,3200,1375
4646,1825,3200,1375
4647,1825,3200,1375
4648,1824,3200,1376
4649,1824,3200,1376
4650,1824,3200,1376
4651,1824,3200,1376
4652,1824,3200,1376
4653,1823,3200,1377
4654,1823,3200,1377
4655,1823,3200,1377
4656,1822,3200,1378
4657,1822,3200,1378
4658,1822,3200,1378
4659,1822,3200,1378
4660,1822,3200,1378
4661,1822,3200,1378
4662,1822,3200,1378
4663,1822,3200,1378
4664,1822,3200,1378
4665,1822,3200,1378
4666,1822,3200,1378
4667,1822,3200,1378
4668,1822,3200,1378
4669,1822,3200,1378
4670,1822,3200,1378
4671,1822,3200,1378
4672,1822,3200,1378
4673,1822,3200,1378
4674,1822,3200,1378
4675,1821,3200,1379
4676,1821,3200,1379
4677,1820,3200,1380
4678,1820,3200,1380
4679,1819,3200,1381
4680,1819,3200,1381
4681,1818,3200,1382
4682,1818,3200,1382
4683,1818,3200,1382
4684,1817,3200,1383
4685,1817,3200,1383
4686,1817,3200,1383
4687,1817,3200,1383
4688,1817,3200,1383
4689,1817,3200,1383
4690,1817,3200,1383
4691,1816,3200,1384
4692,1816,3200,1384
4693,1816,3200,1384
4694,1816,3200,1384
4695,1816,3200,1384
4696,1815,3200,1385
4697,1815,3200,1385
4698,1814,3200,1386
4699,1814,3200,1386
4700,1814,3200,1386
4701,1813,3200,1387
4702,1813,3200,1387
4703,1812,3200,1388
4704,1812,3200,1388
4705,1812,3200,1388
4706,1812,3200,1388
4707,1812,3200,1388
4708,1812,3200,1388
4709,1812,3200,1388
4710,1812,3200,1388
4711,1811,3200,1389
4712,1811,3200,1389
4713,1810,3200,1390
4714,1810,3200,1390
4715,1810,3200,1390
4716,1810,3200,1390
4717,1810,3200,1390
4718,1810,3200,1390
4719,1810,3200,1390
4720,1810,3200,1390
4721,1809,3200,1391
4722,1809,3200,1391
4723,1809,3200,1391
4724,1808,3200,1392
4725,1808,3200,1392
4726,1808,3200,1392
4727,1808,3200,1392
4728,1808,3200,1392
4729,1808,3200,1392
4730,1807,3200,1393
4731,1807,3200,1393
4732,1807,3200,1393
4733,1807,3200,1393
4734,1807,3200,1393
4735,1807,3200,1393
4736,1807,3200,1393
4737,1807,3200,1393
4738,1807,3200,1393
4739,1807,3200,1393
4740,1807,3200,1393
4741,1807,3200,1393
4742,1806,3200,1394
4743,1805,3200,1395
4744,1805,3200,1395
4745,1805,3200,1395
4746,1804,3200,1396
4747,1804,3200,1396
4748,1804,3200,1396
4749,1803,3200,1397
4750,1803,3200,1397
4751,1803,3200,1397
4752,1802,3200,1398
4753,1802,3200,1398
4754,1802,3200,1398
4755,1801,3200,1399
4756,1800,3200,1400
4757,1800,3200,1400
4758,1800,3200,1400
4759,1800,3200,1400
4760,1799,3200,1401
4761,1799,3200,1401
4762,1799,3200,1401
4763,1799,3200,1401
4764,1799,3200,1401
4765,1799,3200,1401
4766,1799,3200,1401
4767,1799,3200,1401
4768,1798,3200,1402
4769,1798,3200,1402
4770,1798,3200,1402
4771,1798,3200,1402
4772,1798,3200,1402
4773,1798,3200,1402
4774,1798,3200,1402
4775,1798,3200,1402
4776,1798,3200,1402
4777,1797,3200,1403
4778,1796,3200,1404
4779,1796,3200,1404
4780,1796,3200,1404
4781,1795,3200,1405
4782,1794,3200,1406
4783,1794,3200,1406
4784,1794,3200,1406
4785,1793,3200,1407
4786,1793,3200,1407
4787,1793,3200,1407
4788,1792,3200,1408
4789,1792,3200,1408
4790,1792,3200,1408
4791,1792,3200,1408
4792,1792,3200,1408
4793,1792,3200,1408
4794,1791,3200,1409
4795,1791,3200,1409
4796,1790,3200,1410
4797,1790,3200,1410
4798,1790,3200,1410
4799,1789,3200,1411
4800,1789,3200,1411
4801,1788,3200,1412
4802,1788,3200,1412
4803,1788,3200,1412
4804,1788,3200,1412
4805,1788,3200,1412
4806,1788,3200,1412
4807,1788,3200,1412
4808,1788,3200,1412
4809,1788,3200,1412
4810,1788,3200,1412
4811,1788,3200,1412
4812,1787,3200,1413
4813,1787,3200,1413
4814,1786,3200,1414
4815,1786,3200,1414
4816,1786,3200,1414
4817,1786,3200,1414
4818,1786,3200,1414
4819,1786,3200,1414
4820,1786,3200,1414
4821,1785,3200,1415
4822,1785,3200,1415
4823,1784,3200,1416
4824,1784,3200,1416
4825,1784,3200,1416
4826,1784,3200,1416
4827,1784,3200,1416
4828,1784,3200,1416
4829,1783,3200,1417
4830,1783,3200,1417
4831,1782,3200,1418
4832,1782,3200,1418
4833,1782,3200,1418
4834,1781,3200,1419
4835,1781,3200,1419
4836,1780,3200,1420
4837,1779,3200,1421
4838,1779,3200,1421
4839,1779,3200,1421
4840,1779,3200,1421
4841,1779,3200,1421
4842,1779,3200,1421
4843,1779,3200,1421
4844,1779,3200,1421
4845,1779,3200,1421
4846,1779,3200,1421
4847,1779,3200,1421
4848,1779,3200,1421
4849,1779,3200,1421
4850,1779,3200,1421
4851,1779,3200,1421
4852,1779,3200,1421
4853,1779,3200,1421
4854,1779,3200,1421
4855,1779,3200,1421
4856,1779,3200,1421
4857,1779,3200,1421
4858,1778,3200,1422
4859,1778,3200,1422
4860,1777,3200,1423
4861,1777,3200,1423
4862,1777,3200,1423
4863,1777,3200,1423
4864,1776,3200,1424
4865,1776,3200,1424
4866,1776,3200,1424
4867,1776,3200,1424
4868,1776,3200,1424
4869,1776,3200,1424
4870,1776,3200,1424
4871,1776,3200,1424
4872,1776,3200,1424
4873,1776,3200,1424
4874,1776,3200,1424
4875,1776,3200,1424
4876,1776,3200,1424
4877,1776,3200,1424
4878,1775,3200,1425
4879,1775,3200,1425
4880,1775,3200,1425
4881,1775,3200,1425
4882,1775,3200,1425
4883,1775,3200,1425
4884,1775,3200,1425
4885,1774,3200,1426
4886,1774,3200,1426
4887,1774,3200,1426
4888,1773,3200,1427
4889,1773,3200,1427
4890,1772,3200,1428
4891,1772,3200,1428
4892,1772,3200,1428
4893,1771,3200,1429
4894,1771,3200,1429
4895,1771,3200,1429
4896,1771,3200,1429
4897,1770,3200,1430
4898,1770,3200,1430
4899,1770,3200,1430
4900,1770,3200,1430
4901,1769,3200,1431
4902,1769,3200,1431
4903,1769,3200,1431
4904,1768,3200,1432
4905,1767,3200,1433
4906,1767,3200,1433
4907,1767,3200,1433
4908,1766,3200,1434
4909,1766,3200,1434
4910,1766,3200,1434
4911,1766,3200,1434
4912,1766,3200,1434
4913,1766,3200,1434
4914,1766,3200,1434
4915,1765,3200,1435
4916,1764,3200,1436
4917,1764,3200,1436
4918,1763,3200,1437
4919,1763,3200,1437
4920,1763,3200,1437
4921,1763,3200,1437
4922,1763,3200,1437
4923,1763,3200,1437
4924,1763,3200,1437
4925,1763,3200,1437
4926,1762,3200,1438
4927,1762,3200,1438
4928,1762,3200,1438
4929,1762,3200,1438
4930,1762,3200,1438
4931,1762,3200,1438
4932,1762,3200,1438
4933,1762,3200,1438
4934,1762,3200,1438
4935,1761,3200,1439
4936,1761,3200,1439
4937,1760,3200,1440
4938,1760,3200,1440
4939,1759,3200,1441
4940,1759,3200,1441
4941,1759,3200,1441
4942,1759,3200,1441
4943,1759,3200,1441
4944,1759,3200,1441
4945,1758,3200,1442
4946,1758,3200,1442
4947,1758,3200,1442
4948,1758,3200,1442
4949,1758,3200,1442
4950,1757,3200,1443
4951,1757,3200,1443
4952,1756,3200,1444
4953,1755,3200,1445
4954,1755,3200,1445
4955,1755,3200,1445
4956,1754,3200,1446
4957,1754,3200,1446
4958,1754,3200,1446
4959,1754,3200,1446
4960,1753,3200,1447
4961,1753,3200,1447
4962,1753,3200,1447
4963,1753,3200,1447
4964,1753,3200,1447
4965,1753,3200,1447
4966,1753,3200,1447
4967,1753,3200,1447
4968,1753,3200,1447
4969,1753,3200,1447
4970,1752,3200,1448
4971,1752,3200,1448
4972,1752,3200,1448
4973,1752,3200,1448
4974,1752,3200,1448
4975,1752,3200,1448
4976,1752,3200,1448
4977,1752,3200,1448
4978,1752,3200,1448
4979,1752,3200,1448
4980,1752,3200,1448
4981,1751,3200,1449
4982,1751,3200,1449
4983,1750,3200,1450
4984,1750,3200,1450
4985,1750,3200,1450
4986,1750,3200,1450
4987,1749,3200,1451
4988,1749,3200,1451
4989,1749,3200,1451
4990,1749,3200,1451
4991,1749,3200,1451
4992,1749,3200,1451
4993,1748,3200,1452
4994,1748,3200,1452
4995,1747,3200,1453
4996,1747,3200,1453
4997,1747,3200,1453
4998,1747,3200,1453
4999,1747,3200,1453
5000,1746,3200,1454
5001,1746,3200,1454
5002,1746,3200,1454
5003,1746,3200,1454
5004,1746,3200,1454
5005,1746,3200,1454
5006,1746,3200,1454
5007,1746,3200,1454
5008,1746,3200,1454
5009,1746,3200,1454
5010,1746,3200,1454
5011,1746,3200,1454
5012,1746,3200,1454
5013,1746,3200,1454
5014,1746,3200,1454
5015,1745,3200,1455
5016,1745,3200,1455
5017,1744,3200,1456
5018,1744,3200,1456
5019,1744,3200,1456
5020,1744,3200,1456
5021,1744,3200,1456
5022,1743,3200,1457
5023,1743,3200,1457
5024,1743,3200,1457
5025,1743,3200,1457
5026,1742,3200,1458
5027,1742,3200,1458
5028,1741,3200,1459
5029,1740,3200,1460
5030,1740,3200,1460
5031,1740,3200,1460
5032,1740,3200,1460
5033,1740,3200,1460
5034,1739,3200,1461
5035,1739,3200,1461
5036,1739,3200,1461
5037,1739,3200,1461
5038,1739,3200,1461
5039,1739,3200,1461
5040,1738,3200,1462
5041,1737,3200,1463
5042,1737,3200,1463
5043,1737,3200,1463
5044,1737,3200,1463
5045,1737,3200,1463
5046,1737,3200,1463
5047,1737,3200,1463
5048,1737,3200,1463
5049,1737,3200,1463
5050,1737,3200,1463
5051,1736,3200,1464
5052,1735,3200,1465
5053,1735,3200,1465
5054,1735,3200,1465
5055,1735,3200,1465
5056,1735,3200,1465
5057,1734,3200,1466
5058,1734,3200,1466
5059,1734,3200,1466
5060,1733,3200,1467
5061,1733,3200,1467
5062,1733,3200,1467
5063,1733,3200,1467
5064,1732,3200,1468
5065,1732,3200,1468
5066,1731,3200,1469
5067,1731,3200,1469
5068,1731,3200,1469
5069,1730,3200,1470
5070,1730,3200,1470
5071,1730,3200,1470
5072,1729,3200,1471
5073,1729,3200,1471
5074,1729,3200,1471
5075,1728,3200,1472
5076,1728,3200,1472
5077,1728,3200,1472
5078,1727,3200,1473
5079,1727,3200,1473
5080,1727,3200,1473
5081,1727,3200,1473
5082,1727,3200,1473
5083,1727,3200,1473
5084,1726,3200,1474
5085,1726,3200,1474
5086,1725,3200,1475
5087,1724,3200,1476
5088,1724,3200,1476
5089,1724,3200,1476
5090,1723,3200,1477
5091,1723,3200,1477
5092,1723,3200,1477
5093,1722,3200,1478
5094,1722,3200,1478
5095,1721,3200,1479
5096,1721,3200,1479
5097,1721,3200,1479
5098,1721,3200,1479
5099,1721,3200,1479
5100,1721,3200,1479
5101,1721,3200,1479
5102,1721,3200,1479
5103,1721,3200,1479
5104,1721,3200,1479
5105,1721,3200,1479
5106,1721,3200,1479
5107,1721,3200,1479
5108,1720,3200,1480
5109,1719,3200,1481
5110,1719,3200,1481
5111,1718,3200,1482
5112,1718,3200,1482
5113,1718,3200,1482
5114,1717,3200,1483
5115,1717,3200,1483
5116,1717,3200,1483
5117,1716,3200,1484
5118,1716,3200,1484
5119,1716,3200,1484
5120,1716,3200,1484
5121,1715,3200,1485
5122,1715,3200,1485
5123,1715,3200,1485
5124,1715,3200,1485
5125,1715,3200,1485
5126,1715,3200,1485
5127,1714,3200,1486
5128,1714,3200,1486
5129,1714,3200,1486
5130,1714,3200,1486
5131,1713,3200,1487
5132,1713,3200,1487
5133,1713,3200,1487
5134,1713,3200,1487
5135,1713,3200,1487
5136,1713,3200,1487
5137,1713,3200,1487
5138,1713,3200,1487
5139,1713,3200,1487
5140,1713,3200,1487
5141,1713,3200,1487
5142,1713,3200,1487
5143,1712,3200,1488
5144,1712,3200,1488
5145,1711,3200,1489
5146,1710,3200,1490
5147,1710,3200,1490
5148,1710,3200,1490
5149,1710,3200,1490
5150,1709,3200,1491
5151,1709,3200,1491
5152,1709,3200,1491
5153,1709,3200,1491
5154,1709,3200,1491
5155,1709,3200,1491
5156,1709,3200,1491
5157,1709,3200,1491
5158,1709,3200,1491
5159,1709,3200,1491
5160,1708,3200,1492
5161,1708,3200,1492
5162,1708,3200,1492
5163,1708,3200,1492
5164,1708,3200,1492
5165,1708,3200,1492
5166,1708,3200,1492
5167,1708,3200,1492
5168,1708,3200,1492
5169,1708,3200,1492
5170,1708,3200,1492
5171,1708,3200,1492
5172,1707,3200,1493
5173,1707,3200,1493
5174,1706,3200,1494
5175,1706,3200,1494
5176,1706,3200,1494
5177,1705,3200,1495
5178,1705,3200,1495
5179,1705,3200,1495
5180,1704,3200,1496
5181,1703,3200,1497
5182,1703,3200,1497
5183,1702,3200,1498
5184,1702,3200,1498
5185,1702,3200,1498
5186,1701,3200,1499
5187,1701,3200,1499
5188,1700,3200,1500
5189,1700,3200,1500
5190,1700,3200,1500
5191,1699,3200,1501
5192,1699,3200,1501
5193,1699,3200,1501
5194,1698,3200,1502
5195,1698,3200,1502
5196,1698,3200,1502
5197,1697,3200,1503
5198,1697,3200,1503
5199,1696,3200,1504
5200,1696,3200,1504
5201,1695,3200,1505
5202,1694,3200,1506
5203,1694,3200,1506
5204,1693,3200,1507
5205,1693,3200,1507
5206,1693,3200,1507
5207,1693,3200,1507
5208,1693,3200,1507
5209,1693,3200,1507
5210,1693,3200,1507
5211,1693,3200,1507
5212,1693,3200,1507
5213,1693,3200,1507
5214,1693,3200,1507
5215,1692,3200,1508
5216,1692,3200,1508
5217,1692,3200,1508
5218,1691,3200,1509
5219,1691,3200,1509
5220,1691,3200,1509
5221,1691,3200,1509
5222,1690,3200,1510
5223,1690,3200,1510
5224,1689,3200,1511
5225,1689,3200,1511
5226,1689,3200,1511
5227,1689,3200,1511
5228,1688,3200,1512
5229,1688,3200,1512
5230,1688,3200,1512
5231,1688,3200,1512
5232,1688,3200,1512
5233,1688,3200,1512
5234,1688,3200,1512
5235,1688,3200,1512
5236,1687,3200,1513
5237,1687,3200,1513
5238,1687,3200,1513
5239,1687,3200,1513
5240,1686,3200,1514
5241,1686,3200,1514
5242,1686,3200,1514
5243,1686,3200,1514
5244,1685,3200,1515
5245,1685,3200,1515
5246,1685,3200,1515
5247,1684,3200,1516
5248,1684,3200,1516
5249,1684,3200,1516
5250,1683,3200,1517
5251,1683,3200,1517
5252,1682,3200,1518
5253,1682,3200,1518
5254,1682,3200,1518
5255,1681,3200,1519
5256,1681,3200,1519
5257,1681,3200,1519
5258,1680,3200,1520
5259,1680,3200,1520
5260,1679,3200,1521
5261,1679,3200,1521
5262,1679,3200,1521
5263,1679,3200,1521
5264,1679,3200,1521
5265,1679,3200,1521
5266,1679,3200,1521
5267,1679,3200,1521
5268,1679,3200,1521
5269,1679,3200,1521
5270,1679,3200,1521
5271,1679,3200,1521
5272,1678,3200,1522
5273,1678,3200,1522
5274,1678,3200,1522
5275,1678,3200,1522
5276,1678,3200,1522
5277,1678,3200,1522
5278,1677,3200,1523
5279,1676,3200,1524
5280,1676,3200,1524
5281,1676,3200,1524
5282,1675,3200,1525
5283,1675,3200,1525
5284,1675,3200,1525
5285,1675,3200,1525
5286,1675,3200,1525
5287,1674,3200,1526
5288,1674,3200,1526
5289,1674,3200,1526
5290,1674,3200,1526
5291,1674,3200,1526
5292,1674,3200,1526
5293,1674,3200,1526
5294,1674,3200,1526
5295,1674,3200,1526
5296,1674,3200,1526
5297,1674,3200,1526
5298,1674,3200,1526
5299,1674,3200,1526
5300,1674,3200,1526
5301,1674,3200,1526
5302,1674,3200,1526
5303,1674,3200,1526
5304,1674,3200,1526
5305,1674,3200,1526
5306,1673,3200,1527
5307,1673,3200,1527
5308,1672,3200,1528
5309,1672,3200,1528
5310,1671,3200,1529
5311,1671,3200,1529
5312,1671,3200,1529
5313,1671,3200,1529
5314,1671,3200,1529
5315,1671,3200,1529
5316,1670,3200,1530
5317,1670,3200,1530
5318,1669,3200,1531
5319,1669,3200,1531
5320,1669,3200,1531
5321,1669,3200,1531
5322,1669,3200,1531
5323,1669,3200,1531
5324,1669,3200,1531
5325,1669,3200,1531
5326,1668,3200,1532
5327,1667,3200,1533
5328,1667,3200,1533
5329,1666,3200,1534
5330,1666,3200,1534
5331,1666,3200,1534
5332,1665,3200,1535
5333,1665,3200,1535
5334,1665,3200,1535
5335,1665,3200,1535
5336,1665,3200,1535
5337,1665,3200,1535
5338,1665,3200,1535
5339,1665,3200,1535
5340,1665,3200,1535
5341,1664,3200,1536
5342,1664,3200,1536
5343,1663,3200,1537
5344,1663,3200,1537
5345,1662,3200,1538
5346,1662,3200,1538
5347,1662,3200,1538
5348,1662,3200,1538
5349,1661,3200,1539
5350,1661,3200,1539
5351,1661,3200,1539
5352,1661,3200,1539
5353,1660,3200,1540
5354,1660,3200,1540
5355,1660,3200,1540
5356,1660,3200,1540
5357,1660,3200,1540
5358,1660,3200,1540
5359,1659,3200,1541
5360,1658,3200,1542
5361,1658,3200,1542
5362,1658,3200,1542
5363,1658,3200,1542
5364,1658,3200,1542
5365,1658,3200,1542
5366,1658,3200,1542
5367,1658,3200,1542
5368,1657,3200,1543
5369,1657,3200,1543
5370,1657,3200,1543
5371,1657,3200,1543
5372,1657,3200,1543
5373,1657,3200,1543
5374,1657,3200,1543
5375,1657,3200,1543
5376,1656,3200,1544
5377,1655,3200,1545
5378,1655,3200,1545
5379,1655,3200,1545
5380,1655,3200,1545
5381,1655,3200,1545
5382,1655,3200,1545
5383,1655,3200,1545
5384,1655,3200,1545
5385,1655,3200,1545
5386,1654,3200,1546
5387,1654,3200,1546
5388,1654,3200,1546
5389,1654,3200,1546
5390,1653,3200,1547
5391,1653,3200,1547
5392,1653,3200,1547
5393,1652,3200,1548
5394,1652,3200,1548
5395,1651,3200,1549
5396,1651,3200,1549
5397,1651,3200,1549
5398,1651,3200,1549
5399,1650,3200,1550
5400,1650,3200,1550
5401,1650,3200,1550
5402,1650,3200,1550
5403,1650,3200,1550
5404,1650,3200,1550
5405,1649,3200,1551
5406,1649,3200,1551
5407,1648,3200,1552
5408,1648,3200,1552
5409,1647,3200,1553
5410,1647,3200,1553
5411,1647,3200,1553
5412,1647,3200,1553
5413,1647,3200,1553
5414,1647,3200,1553
5415,1647,3200,1553
5416,1646,3200,1554
5417,1646,3200,1554
5418,1645,3200,1555
5419,1645,3200,1555
5420,1645,3200,1555
5421,1645,3200,1555
5422,1645,3200,1555
5423,1645,3200,1555
5424,1645,3200,1555
5425,1645,3200,1555
5426,1645,3200,1555
5427,1645,3200,1555
5428,1644,3200,1556
5429,1644,3200,1556
5430,1644,3200,1556
5431,1644,3200,1556
5432,1644,3200,1556
5433,1643,3200,1557
5434,1643,3200,1557
5435,1643,3200,1557
5436,1642,3200,1558
5437,1642,3200,1558
5438,1642,3200,1558
5439,1641,3200,1559
5440,1641,3200,1559
5441,1641,3200,1559
5442,1640,3200,1560
5443,1640,3200,1560
5444,1640,3200,1560
5445,1640,3200,1560
5446,1640,3200,1560
5447,1639,3200,1561
5448,1639,3200,1561
5449,1639,3200,1561
5450,1638,3200,1562
5451,1638,3200,1562
5452,1638,3200,1562
5453,1637,3200,1563
5454,1636,3200,1564
5455,1636,3200,1564
5456,1636,3200,1564
5457,1636,3200,1564
5458,1635,3200,1565
5459,1634,3200,1566
5460,1634,3200,1566
5461,1634,3200,1566
5462,1633,3200,1567
5463,1633,3200,1567
5464,1633,3200,1567
5465,1633,3200,1567
5466,1633,3200,1567
5467,1633,3200,1567
5468,1633,3200,1567
5469,1633,3200,1567
5470,1633,3200,1567
5471,1633,3200,1567
5472,1633,3200,1567
5473,1633,3200,1567
5474,1633,3200,1567
5475,1633,3200,1567
5476,1633,3200,1567
5477,1633,3200,1567
5478,1632,3200,1568
5479,1632,3200,1568
5480,1631,3200,1569
5481,1631,3200,1569
5482,1631,3200,1569
5483,1631,3200,1569
5484,1631,3200,1569
5485,1631,3200,1569
5486,1631,3200,1569
5487,1631,3200,1569
5488,1631,3200,1569
5489,1630,3200,1570
5490,1630,3200,1570
5491,1629,3200,1571
5492,1629,3200,1571
5493,1629,3200,1571
5494,1628,3200,1572
5495,1628,3200,1572
5496,1628,3200,1572
5497,1627,3200,1573
5498,1627,3200,1573
5499,1627,3200,1573
5500,1626,3200,1574
5501,1626,3200,1574
5502,1626,3200,1574
5503,1626,3200,1574
5504,1626,3200,1574
5505,1626,3200,1574
5506,1626,3200,1574
5507,1626,3200,1574
5508,1625,3200,1575
5509,1625,3200,1575
5510,1625,3200,1575
5511,1625,3200,1575
5512,1625,3200,1575
5513,1625,3200,1575
5514,1624,3200,1576
5515,1624,3200,1576
5516,1624,3200,1576
5517,1623,3200,1577
5518,1623,3200,1577
5519,1623,3200,1577
5520,1623,3200,1577
5521,1623,3200,1577
5522,1623,3200,1577
5523,1623,3200,1577
5524,1623,3200,1577
5525,1623,3200,1577
5526,1623,3200,1577
5527,1623,3200,1577
5528,1623,3200,1577
5529,1623,3200,1577
5530,1622,3200,1578
5531,1622,3200,1578
5532,1622,3200,1578
5533,1622,3200,1578
5534,1622,3200,1578
5535,1622,3200,1578
5536,1621,3200,1579
5537,1621,3200,1579
5538,1620,3200,1580
5539,1620,3200,1580
5540,1620,3200,1580
5541,1619,3200,1581
5542,1619,3200,1581
5543,1619,3200,1581
5544,1618,3200,1582
5545,1618,3200,1582
5546,1617,3200,1583
5547,1617,3200,1583
5548,1617,3200,1583
5549,1617,3200,1583
5550,1617,3200,1583
5551,1617,3200,1583
5552,1617,3200,1583
5553,1617,3200,1583
5554,1617,3200,1583
5555,1617,3200,1583
5556,1617,3200,1583
5557,1617,3200,1583
5558,1617,3200,1583
5559,1617,3200,1583
5560,1617,3200,1583
5561,1617,3200,1583
5562,1616,3200,1584
5563,1616,3200,1584
5564,1615,3200,1585
5565,1615,3200,1585
5566,1615,3200,1585
5567,1615,3200,1585
5568,1614,3200,1586
5569,1614,3200,1586
5570,1614,3200,1586
5571,1614,3200,1586
5572,1613,3200,1587
5573,1613,3200,1587
5574,1613,3200,1587
5575,1613,3200,1587
5576,1613,3200,1587
5577,1612,3200,1588
5578,1612,3200,1588
5579,1611,3200,1589
5580,1611,3200,1589
5581,1611,3200,1589
5582,1610,3200,1590
5583,1610,3200,1590
5584,1609,3200,1591
5585,1609,3200,1591
5586,1609,3200,1591
5587,1609,3200,1591
5588,1609,3200,1591
5589,1608,3200,1592
5590,1608,3200,1592
5591,1608,3200,1592
5592,1608,3200,1592
5593,1607,3200,1593
5594,1607,3200,1593
5595,1607,3200,1593
5596,1607,3200,1593
5597,1606,3200,1594
5598,1605,3200,1595
5599,1605,3200,1595
5600,1605,3200,1595
5601,1605,3200,1595
5602,1605,3200,1595
5603,1605,3200,1595
5604,1605,3200,1595
5605,1605,3200,1595
5606,1604,3200,1596
5607,1604,3200,1596
5608,1604,3200,1596
5609,1604,3200,1596
5610,1603,3200,1597
5611,1603,3200,1597
5612,1602,3200,1598
5613,1602,3200,1598
5614,1602,3200,1598
5615,1602,3200,1598
5616,1601,3200,1599
5617,1601,3200,1599
5618,1601,3200,1599
5619,1601,3200,1599
5620,1601,3200,1599
5621,1600,3200,1600
5622,1600,3200,1600
5623,1599,3200,1601
5624,1599,3200,1601
5625,1598,3200,1602
5626,1598,3200,1602
5627,1598,3200,1602
5628,1597,3200,1603
5629,1597,3200,1603
5630,1597,3200,1603
5631,1597,3200,1603
5632,1597,3200,1603
5633,1597,3200,1603
5634,1596,3200,1604
5635,1596,3200,1604
5636,1596,3200,1604
5637,1596,3200,1604
5638,1596,3200,1604
5639,1596,3200,1604
5640,1596,3200,1604
5641,1596,3200,1604
5642,1595,3200,1605
5643,1595,3200,1605
5644,1595,3200,1605
5645,1594,3200,1606
5646,1594,3200,1606
5647,1594,3200,1606
5648,1594,3200,1606
5649,1594,3200,1606
5650,1593,3200,1607
5651,1592,3200,1608
5652,1592,3200,1608
5653,1592,3200,1608
5654,1591,3200,1609
5655,1591,3200,1609
5656,1591,3200,1609
5657,1591,3200,1609
5658,1591,3200,1609
5659,1591,3200,1609
5660,1591,3200,1609
5661,1591,3200,1609
5662,1591,3200,1609
5663,1591,3200,1609
5664,1590,3200,1610
5665,1590,3200,1610
5666,1590,3200,1610
5667,1589,3200,1611
5668,1589,3200,1611
5669,1588,3200,1612
5670,1588,3200,1612
5671,1588,3200,1612
5672,1588,3200,1612
5673,1587,3200,1613
5674,1587,3200,1613
5675,1586,3200,1614
5676,1586,3200,1614
5677,1586,3200,1614
5678,1586,3200,1614
5679,1586,3200,1614
5680,1586,3200,1614
5681,1585,3200,1615
5682,1585,3200,1615
5683,1585,3200,1615
5684,1584,3200,1616
5685,1584,3200,1616
5686,1584,3200,1616
5687,1584,3200,1616
5688,1584,3200,1616
5689,1584,3200,1616
5690,1584,3200,1616
5691,1583,3200,1617
5692,1583,3200,1617
5693,1583,3200,1617
5694,1582,3200,1618
5695,1582,3200,1618
5696,1582,3200,1618
5697,1582,3200,1618
5698,1581,3200,1619
5699,1581,3200,1619
5700,1581,3200,1619
5701,1580,3200,1620
5702,1580,3200,1620
5703,1579,3200,1621
5704,1579,3200,1621
5705,1579,3200,1621
5706,1579,3200,1621
5707,1578,3200,1622
5708,1578,3200,1622
5709,1578,3200,1622
5710,1578,3200,1622
5711,1577,3200,1623
5712,1577,3200,1623
5713,1577,3200,1623
5714,1577,3200,1623
5715,1576,3200,1624
5716,1576,3200,1624
5717,1576,3200,1624
5718,1576,3200,1624
5719,1576,3200,1624
5720,1576,3200,1624
5721,1575,3200,1625
5722,1575,3200,1625
5723,1575,3200,1625
5724,1574,3200,1626
5725,1573,3200,1627
5726,1573,3200,1627
5727,1573,3200,1627
5728,1572,3200,1628
5729,1572,3200,1628
5730,1572,3200,1628
5731,1572,3200,1628
5732,1572,3200,1628
5733,1572,3200,1628
5734,1572,3200,1628
5735,1571,3200,1629
5736,1571,3200,1629
5737,1571,3200,1629
5738,1571,3200,1629
5739,1571,3200,1629
5740,1571,3200,1629
5741,1571,3200,1629
5742,1571,3200,1629
5743,1571,3200,1629
5744,1571,3200,1629
5745,1571,3200,1629
5746,1571,3200,1629
5747,1570,3200,1630
5748,1570,3200,1630
5749,1570,3200,1630
5750,1570,3200,1630
5751,1569,3200,1631
5752,1569,3200,1631
5753,1569,3200,1631
5754,1569,3200,1631
5755,1569,3200,1631
5756,1569,3200,1631
5757,1568,3200,1632
5758,1568,3200,1632
5759,1568,3200,1632
5760,1568,3200,1632
5761,1568,3200,1632
5762,1568,3200,1632
5763,1568,3200,1632
5764,1568,3200,1632
5765,1567,3200,1633
5766,1567,3200,1633
5767,1567,3200,1633
5768,1566,3200,1634
5769,1566,3200,1634
5770,1566,3200,1634
5771,1566,3200,1634
5772,1566,3200,1634
5773,1566,3200,1634
5774,1566,3200,1634
5775,1566,3200,1634
5776,1566,3200,1634
5777,1566,3200,1634
5778,1566,3200,1634
5779,1566,3200,1634
5780,1566,3200,1634
5781,1566,3200,1634
5782,1565,3200,1635
5783,1565,3200,1635
5784,1565,3200,1635
5785,1565,3200,1635
5786,1564,3200,1636
5787,1563,3200,1637
5788,1563,3200,1637
5789,1563,3200,1637
5790,1563,3200,1637
5791,1563,3200,1637
5792,1563,3200,1637
5793,1563,3200,1637
5794,1563,3200,1637
5795,1563,3200,1637
5796,1563,3200,1637
5797,1563,3200,1637
5798,1562,3200,1638
5799,1562,3200,1638
5800,1562,3200,1638
5801,1562,3200,1638
5802,1562,3200,1638
5803,1562,3200,1638
5804,1561,3200,1639
5805,1561,3200,1639
5806,1560,3200,1640
5807,1560,3200,1640
5808,1560,3200,1640
5809,1560,3200,1640
5810,1559,3200,1641
5811,1559,3200,1641
5812,1559,3200,1641
5813,1559,3200,1641
5814,1559,3200,1641
5815,1558,3200,1642
5816,1558,3200,1642
5817,1558,3200,1642
5818,1557,3200,1643
5819,1557,3200,1643
5820,1557,3200,1643
5821,1556,3200,1644
5822,1556,3200,1644
5823,1556,3200,1644
5824,1556,3200,1644
5825,1555,3200,1645
5826,1555,3200,1645
5827,1554,3200,1646
5828,1554,3200,1646
5829,1553,3200,1647
5830,1553,3200,1647
5831,1553,3200,1647
5832,1553,3200,1647
5833,1553,3200,1647
5834,1552,3200,1648
5835,1551,3200,1649
5836,1550,3200,1650
5837,1550,3200,1650
5838,1549,3200,1651
5839,1549,3200,1651
5840,1549,3200,1651
5841,1549,3200,1651
5842,1549,3200,1651
5843,1549,3200,1651
5844,1549,3200,1651
5845,1549,3200,1651
5846,1549,3200,1651
5847,1549,3200,1651
5848,1549,3200,1651
5849,1549,3200,1651
5850,1548,3200,1652
5851,1548,3200,1652
5852,1548,3200,1652
5853,1547,3200,1653
5854,1547,3200,1653
5855,1547,3200,1653
5856,1546,3200,1654
5857,1546,3200,1654
5858,1545,3200,1655
5859,1545,3200,1655
5860,1545,3200,1655
5861,1544,3200,1656
5862,1544,3200,1656
5863,1543,3200,1657
5864,1543,3200,1657
5865,1543,3200,1657
5866,1543,3200,1657
5867,1543,3200,1657
5868,1543,3200,1657
5869,1543,3200,1657
5870,1542,3200,1658
5871,1542,3200,1658
5872,1541,3200,1659
5873,1541,3200,1659
5874,1541,3200,1659
5875,1541,3200,1659
5876,1541,3200,1659
5877,1540,3200,1660
5878,1540,3200,1660
5879,1540,3200,1660
5880,1540,3200,1660
5881,1540,3200,1660
5882,1540,3200,1660
5883,1540,3200,1660
5884,1539,3200,1661
5885,1539,3200,1661
5886,1538,3200,1662
5887,1538,3200,1662
5888,1538,3200,1662
5889,1538,3200,1662
5890,1537,3200,1663
5891,1537,3200,1663
5892,1537,3200,1663
5893,1537,3200,1663
5894,1537,3200,1663
5895,1537,3200,1663
5896,1537,3200,1663
5897,1536,3200,1664
5898,1536,3200,1664
5899,1535,3200,1665
5900,1535,3200,1665
5901,1535,3200,1665
5902,1535,3200,1665
5903,1535,3200,1665
5904,1535,3200,1665
5905,1535,3200,1665
5906,1535,3200,1665
5907,1535,3200,1665
5908,1535,3200,1665
5909,1535,3200,1665
5910,1535,3200,1665
5911,1535,3200,1665
5912,1535,3200,1665
5913,1535,3200,1665
5914,1535,3200,1665
5915,1535,3200,1665
5916,1534,3200,1666
5917,1534,3200,1666
5918,1534,3200,1666
5919,1533,3200,1667
5920,1533,3200,1667
5921,1532,3200,1668
5922,1531,3200,1669
5923,1531,3200,1669
5924,1531,3200,1669
5925,1531,3200,1669
5926,1531,3200,1669
5927,1530,3200,1670
5928,1530,3200,1670
5929,1530,3200,1670
5930,1530,3200,1670
5931,1530,3200,1670
5932,1529,3200,1671
5933,1529,3200,1671
5934,1529,3200,1671
5935,1529,3200,1671
5936,1529,3200,1671
5937,1529,3200,1671
5938,1528,3200,1672
5939,1528,3200,1672
5940,1527,3200,1673
5941,1527,3200,1673
5942,1526,3200,1674
5943,1526,3200,1674
5944,1526,3200,1674
5945,1525,3200,1675
5946,1525,3200,1675
5947,1524,3200,1676
5948,1524,3200,1676
5949,1524,3200,1676
5950,1524,3200,1676
5951,1524,3200,1676
5952,1524,3200,1676
5953,1524,3200,1676
5954,1524,3200,1676
5955,1524,3200,1676
5956,1524,3200,1676
5957,1524,3200,1676
5958,1524,3200,1676
5959,1524,3200,1676
5960,1523,3200,1677
5961,1523,3200,1677
5962,1523,3200,1677
5963,1522,3200,1678
5964,1522,3200,1678
5965,1522,3200,1678
5966,1522,3200,1678
5967,1521,3200,1679
5968,1521,3200,1679
5969,1521,3200,1679
5970,1521,3200,1679
5971,1521,3200,1679
5972,1520,3200,1680
5973,1519,3200,1681
5974,1519,3200,1681
5975,1519,3200,1681
5976,1519,3200,1681
5977,1519,3200,1681
5978,1518,3200,1682
5979,1518,3200,1682
5980,1518,3200,1682
5981,1518,3200,1682
5982,1518,3200,1682
5983,1518,3200,1682
5984,1517,3200,1683
5985,1517,3200,1683
5986,1517,3200,1683
5987,1517,3200,1683
5988,1517,3200,1683
5989,1517,3200,1683
5990,1517,3200,1683
5991,1517,3200,1683
5992,1516,3200,1684
5993,1515,3200,1685
5994,1515,3200,1685
5995,1514,3200,1686
5996,1513,3200,1687
5997,1513,3200,1687
5998,1513,3200,1687
5999,1513,3200,1687
6000,1512,3200,1688
6001,1512,3200,1688
6002,1512,3200,1688
6003,1512,3200,1688
6004,1512,3200,1688
6005,1511,3200,1689
6006,1511,3200,1689
6007,1511,3200,1689
6008,1510,3200,1690
6009,1510,3200,1690
6010,1510,3200,1690
6011,1510,3200,1690
6012,1510,3200,1690
6013,1510,3200,1690
6014,1509,3200,1691
6015,1509,3200,1691
6016,1508,3200,1692
6017,1508,3200,1692
6018,1508,3200,1692
6019,1508,3200,1692
6020,1508,3200,1692
6021,1508,3200,1692
6022,1508,3200,1692
6023,1508,3200,1692
6024,1507,3200,1693
6025,1507,3200,1693
6026,1507,3200,1693
6027,1507,3200,1693
6028,1507,3200,1693
6029,1506,3200,1694
6030,1506,3200,1694
6031,1506,3200,1694
6032,1506,3200,1694
6033,1506,3200,1694
6034,1506,3200,1694
6035,1506,3200,1694
6036,1505,3200,1695
6037,1505,3200,1695
6038,1505,3200,1695
6039,1505,3200,1695
6040,1505,3200,1695
6041,1505,3200,1695
6042,1505,3200,1695
6043,1505,3200,1695
6044,1504,3200,1696
6045,1503,3200,1697
6046,1503,3200,1697
6047,1503,3200,1697
6048,1503,3200,1697
6049,1502,3200,1698
6050,1502,3200,1698
6051,1502,3200,1698
6052,1502,3200,1698
6053,1502,3200,1698
6054,1502,3200,1698
6055,1502,3200,1698
6056,1502,3200,1698
6057,1502,3200,1698
6058,1502,3200,1698
6059,1502,3200,1698
6060,1502,3200,1698
6061,1502,3200,1698
6062,1502,3200,1698
6063,1501,3200,1699
6064,1500,3200,1700
6065,1500,3200,1700
6066,1500,3200,1700
6067,1500,3200,1700
6068,1500,3200,1700
6069,1499,3200,1701
6070,1499,3200,1701
6071,1498,3200,1702
6072,1498,3200,1702
6073,1498,3200,1702
6074,1497,3200,1703
6075,1497,3200,1703
6076,1496,3200,1704
6077,1496,3200,1704
6078,1496,3200,1704
6079,1496,3200,1704
6080,1496,3200,1704
6081,1496,3200,1704
6082,1496,3200,1704
6083,1496,3200,1704
6084,1496,3200,1704
6085,1496,3200,1704
6086,1495,3200,1705
6087,1495,3200,1705
6088,1494,3200,1706
6089,1493,3200,1707
6090,1493,3200,1707
6091,1493,3200,1707
6092,1493,3200,1707
6093,1492,3200,1708
6094,1492,3200,1708
6095,1492,3200,1708
6096,1492,3200,1708
6097,1491,3200,1709
6098,1491,3200,1709
6099,1491,3200,1709
6100,1490,3200,1710
6101,1490,3200,1710
6102,1490,3200,1710
6103,1490,3200,1710
6104,1490,3200,1710
6105,1490,3200,1710
6106,1489,3200,1711
6107,1489,3200,1711
6108,1489,3200,1711
6109,1488,3200,1712
6110,1488,3200,1712
6111,1488,3200,1712
6112,1487,3200,1713
6113,1487,3200,1713
6114,1487,3200,1713
6115,1487,3200,1713
6116,1487,3200,1713
6117,1487,3200,1713
6118,1486,3200,1714
6119,1486,3200,1714
6120,1485,3200,1715
6121,1485,3200,1715
6122,1485,3200,1715
6123,1485,3200,1715
6124,1484,3200,1716
6125,1484,3200,1716
6126,1484,3200,1716
6127,1484,3200,1716
6128,1484,3200,1716
6129,1484,3200,1716
6130,1484,3200,1716
6131,1484,3200,1716
6132,1484,3200,1716
6133,1483,3200,1717
6134,1483,3200,1717
6135,1483,3200,1717
6136,1483,3200,1717
6137,1483,3200,1717
6138,1482,3200,1718
6139,1482,3200,1718
6140,1482,3200,1718
6141,1482,3200,1718
6142,1481,3200,1719
6143,1480,3200,1720
6144,1480,3200,1720
6145,1480,3200,1720
6146,1480,3200,1720
6147,1479,3200,1721
6148,1479,3200,1721
6149,1479,3200,1721
6150,1478,3200,1722
6151,1478,3200,1722
6152,1477,3200,1723
6153,1477,3200,1723
6154,1477,3200,1723
6155,1477,3200,1723
6156,1477,3200,1723
6157,1477,3200,1723
6158,1476,3200,1724
6159,1476,3200,1724
6160,1476,3200,1724
6161,1475,3200,1725
6162,1475,3200,1725
6163,1475,3200,1725
6164,1474,3200,1726
6165,1474,3200,1726
6166,1473,3200,1727
6167,1473,3200,1727
6168,1472,3200,1728
6169,1472,3200,1728
6170,1471,3200,1729
6171,1471,3200,1729
6172,1470,3200,1730
6173,1470,3200,1730
6174,1469,3200,1731
6175,1468,3200,1732
6176,1468,3200,1732
6177,1468,3200,1732
6178,1468,3200,1732
6179,1468,3200,1732
6180,1468,3200,1732
6181,1468,3200,1732
6182,1468,3200,1732
6183,1468,3200,1732
6184,1468,3200,1732
6185,1468,3200,1732
6186,1468,3200,1732
6187,1468,3200,1732
6188,1468,3200,1732
6189,1468,3200,1732
6190,1468,3200,1732
6191,1468,3200,1732
6192,1468,3200,1732
6193,1468,3200,1732
6194,1468,3200,1732
6195,1468,3200,1732
6196,1468,3200,1732
6197,1468,3200,1732
6198,1468,3200,1732
6199,1467,3200,1733
6200,1467,3200,1733
6201,1467,3200,1733
6202,1466,3200,1734
6203,1465,3200,1735
6204,1465,3200,1735
6205,1465,3200,1735
6206,1464,3200,1736
6207,1464,3200,1736
6208,1464,3200,1736
6209,1463,3200,1737
6210,1463,3200,1737
6211,1463,3200,1737
6212,1463,3200,1737
6213,1463,3200,1737
6214,1463,3200,1737
6215,1463,3200,1737
6216,1463,3200,1737
6217,1462,3200,1738
6218,1462,3200,1738
6219,1462,3200,1738
6220,1461,3200,1739
6221,1461,3200,1739
6222,1461,3200,1739
6223,1461,3200,1739
6224,1461,3200,1739
6225,1461,3200,1739
6226,1460,3200,1740
6227,1460,3200,1740
6228,1460,3200,1740
6229,1460,3200,1740
6230,1460,3200,1740
6231,1460,3200,1740
6232,1460,3200,1740
6233,1460,3200,1740
6234,1460,3200,1740
6235,1459,3200,1741
6236,1459,3200,1741
6237,1459,3200,1741
6238,1458,3200,1742
6239,1458,3200,1742
6240,1457,3200,1743
6241,1457,3200,1743
6242,1457,3200,1743
6243,1457,3200,1743
6244,1456,3200,1744
6245,1456,3200,1744
6246,1455,3200,1745
6247,1455,3200,1745
6248,1455,3200,1745
6249,1455,3200,1745
6250,1454,3200,1746
6251,1454,3200,1746
6252,1453,3200,1747
6253,1453,3200,1747
6254,1453,3200,1747
6255,1453,3200,1747
6256,1453,3200,1747
6257,1452,3200,1748
6258,1452,3200,1748
6259,1451,3200,1749
6260,1451,3200,1749
6261,1451,3200,1749
6262,1451,3200,1749
6263,1451,3200,1749
6264,1450,3200,1750
6265,1449,3200,1751
6266,1449,3200,1751
6267,1449,3200,1751
6268,1449,3200,1751
6269,1449,3200,1751
6270,1449,3200,1751
6271,1449,3200,1751
6272,1448,3200,1752
6273,1448,3200,1752
6274,1448,3200,1752
6275,1448,3200,1752
6276,1448,3200,1752
6277,1448,3200,1752
6278,1447,3200,1753
6279,1447,3200,1753
6280,1446,3200,1754
6281,1446,3200,1754
6282,1446,3200,1754
6283,1445,3200,1755
6284,1445,3200,1755
6285,1445,3200,1755
6286,1445,3200,1755
6287,1444,3200,1756
6288,1444,3200,1756
6289,1444,3200,1756
6290,1444,3200,1756
6291,1444,3200,1756
6292,1443,3200,1757
6293,1443,3200,1757
6294,1442,3200,1758
6295,1442,3200,1758
6296,1442,3200,1758
6297,1442,3200,1758
6298,1442,3200,1758
6299,1442,3200,1758
6300,1442,3200,1758
6301,1442,3200,1758
6302,1442,3200,1758
6303,1442,3200,1758
6304,1442,3200,1758
6305,1442,3200,1758
6306,1442,3200,1758
6307,1442,3200,1758
6308,1441,3200,1759
6309,1441,3200,1759
6310,1441,3200,1759
6311,1441,3200,1759
6312,1441,3200,1759
6313,1440,3200,1760
6314,1440,3200,1760
6315,1440,3200,1760
6316,1439,3200,1761
6317,1439,3200,1761
6318,1439,3200,1761
6319,1439,3200,1761
6320,1439,3200,1761
6321,1439,3200,1761
6322,1439,3200,1761
6323,1439,3200,1761
6324,1439,3200,1761
6325,1438,3200,1762
6326,1438,3200,1762
6327,1437,3200,1763
6328,1437,3200,1763
6329,1436,3200,1764
6330,1436,3200,1764
6331,1436,3200,1764
6332,1436,3200,1764
6333,1435,3200,1765
6334,1435,3200,1765
6335,1435,3200,1765
6336,1434,3200,1766
6337,1434,3200,1766
6338,1433,3200,1767
6339,1433,3200,1767
6340,1433,3200,1767
6341,1432,3200,1768
6342,1432,3200,1768
6343,1432,3200,1768
6344,1432,3200,1768
6345,1431,3200,1769
6346,1431,3200,1769
6347,1431,3200,1769
6348,1431,3200,1769
6349,1430,3200,1770
6350,1430,3200,1770
6351,1430,3200,1770
6352,1430,3200,1770
6353,1430,3200,1770
6354,1430,3200,1770
6355,1430,3200,1770
6356,1430,3200,1770
6357,1430,3200,1770
6358,1429,3200,1771
6359,1429,3200,1771
6360,1428,3200,1772
6361,1428,3200,1772
6362,1427,3200,1773
6363,1427,3200,1773
6364,1427,3200,1773
6365,1427,3200,1773
6366,1427,3200,1773
6367,1427,3200,1773
6368,1427,3200,1773
6369,1427,3200,1773
6370,1427,3200,1773
6371,1427,3200,1773
6372,1427,3200,1773
6373,1426,3200,1774
6374,1426,3200,1774
6375,1425,3200,1775
6376,1425,3200,1775
6377,1425,3200,1775
6378,1425,3200,1775
6379,1425,3200,1775
6380,1424,3200,1776
6381,1424,3200,1776
6382,1424,3200,1776
6383,1423,3200,1777
6384,1423,3200,1777
6385,1423,3200,1777
6386,1423,3200,1777
6387,1422,3200,1778
6388,1422,3200,1778
6389,1421,3200,1779
6390,1421,3200,1779
6391,1421,3200,1779
6392,1421,3200,1779
6393,1421,3200,1779
6394,1421,3200,1779
6395,1421,3200,1779
6396,1421,3200,1779
6397,1421,3200,1779
6398,1421,3200,1779
6399,1420,3200,1780
6400,1420,3200,1780
6401,1419,3200,1781
6402,1419,3200,1781
6403,1418,3200,1782
6404,1418,3200,1782
6405,1418,3200,1782
6406,1417,3200,1783
6407,1417,3200,1783
6408,1417,3200,1783
6409,1417,3200,1783
6410,1417,3200,1783
6411,1416,3200,1784
6412,1415,3200,1785
6413,1415,3200,1785
6414,1415,3200,1785
6415,1415,3200,1785
6416,1414,3200,1786
6417,1414,3200,1786
6418,1414,3200,1786
6419,1413,3200,1787
6420,1413,3200,1787
6421,1413,3200,1787
6422,1413,3200,1787
6423,1413,3200,1787
6424,1412,3200,1788
6425,1411,3200,1789
6426,1411,3200,1789
6427,1411,3200,1789
6428,1411,3200,1789
6429,1411,3200,1789
6430,1411,3200,1789
6431,1411,3200,1789
6432,1411,3200,1789
6433,1411,3200,1789
6434,1411,3200,1789
6435,1411,3200,1789
6436,1410,3200,1790
6437,1410,3200,1790
6438,1409,3200,1791
6439,1409,3200,1791
6440,1408,3200,1792
6441,1408,3200,1792
6442,1408,3200,1792
6443,1408,3200,1792
6444,1408,3200,1792
6445,1407,3200,1793
6446,1407,3200,1793
6447,1407,3200,1793
6448,1407,3200,1793
6449,1407,3200,1793
6450,1407,3200,1793
6451,1407,3200,1793
6452,1407,3200,1793
6453,1407,3200,1793
6454,1407,3200,1793
6455,1407,3200,1793
6456,1407,3200,1793
6457,1407,3200,1793
6458,1407,3200,1793
6459,1407,3200,1793
6460,1407,3200,1793
6461,1407,3200,1793
6462,1407,3200,1793
6463,1407,3200,1793
6464,1406,3200,1794
6465,1406,3200,1794
6466,1405,3200,1795
6467,1405,3200,1795
6468,1405,3200,1795
6469,1405,3200,1795
6470,1405,3200,1795
6471,1405,3200,1795
6472,1405,3200,1795
6473,1404,3200,1796
6474,1403,3200,1797
6475,1403,3200,1797
6476,1403,3200,1797
6477,1403,3200,1797
6478,1403,3200,1797
6479,1403,3200,1797
6480,1403,3200,1797
6481,1402,3200,1798
6482,1402,3200,1798
6483,1402,3200,1798
6484,1402,3200,1798
6485,1402,3200,1798
6486,1402,3200,1798
6487,1401,3200,1799
6488,1400,3200,1800
6489,1400,3200,1800
6490,1400,3200,1800
6491,1400,3200,1800
6492,1399,3200,1801
6493,1398,3200,1802
6494,1398,3200,1802
6495,1398,3200,1802
6496,1397,3200,1803
6497,1397,3200,1803
6498,1397,3200,1803
6499,1396,3200,1804
6500,1396,3200,1804
6501,1396,3200,1804
6502,1396,3200,1804
6503,1395,3200,1805
6504,1395,3200,1805
6505,1395,3200,1805
6506,1395,3200,1805
6507,1395,3200,1805
6508,1395,3200,1805
6509,1394,3200,1806
6510,1394,3200,1806
6511,1394,3200,1806
6512,1394,3200,1806
6513,1394,3200,1806
6514,1394,3200,1806
6515,1394,3200,1806
6516,1393,3200,1807
6517,1393,3200,1807
6518,1392,3200,1808
6519,1392,3200,1808
6520,1392,3200,1808
6521,1391,3200,1809
6522,1391,3200,1809
6523,1391,3200,1809
6524,1390,3200,1810
6525,1390,3200,1810
6526,1390,3200,1810
6527,1390,3200,1810
6528,1390,3200,1810
6529,1390,3200,1810
6530,1390,3200,1810
6531,1390,3200,1810
6532,1389,3200,1811
6533,1388,3200,1812
6534,1388,3200,1812
6535,1388,3200,1812
6536,1387,3200,1813
6537,1387,3200,1813
6538,1387,3200,1813
6539,1386,3200,1814
6540,1386,3200,1814
6541,1386,3200,1814
6542,1386,3200,1814
6543,1386,3200,1814
6544,1386,3200,1814
6545,1386,3200,1814
6546,1386,3200,1814
6547,1386,3200,1814
6548,1386,3200,1814
6549,1386,3200,1814
6550,1386,3200,1814
6551,1386,3200,1814
6552,1386,3200,1814
6553,1386,3200,1814
6554,1386,3200,1814
6555,1385,3200,1815
6556,1385,3200,1815
6557,1385,3200,1815
6558,1385,3200,1815
6559,1385,3200,1815
6560,1384,3200,1816
6561,1384,3200,1816
6562,1384,3200,1816
6563,1384,3200,1816
6564,1384,3200,1816
6565,1384,3200,1816
6566,1383,3200,1817
6567,1383,3200,1817
6568,1383,3200,1817
6569,1382,3200,1818
6570,1382,3200,1818
6571,1382,3200,1818
6572,1382,3200,1818
6573,1381,3200,1819
6574,1380,3200,1820
6575,1380,3200,1820
6576,1379,3200,1821
6577,1379,3200,1821
6578,1378,3200,1822
6579,1378,3200,1822
6580,1377,3200,1823
6581,1377,3200,1823
6582,1376,3200,1824
6583,1376,3200,1824
6584,1375,3200,1825
6585,1375,3200,1825
6586,1375,3200,1825
6587,1375,3200,1825
6588,1374,3200,1826
6589,1374,3200,1826
6590,1374,3200,1826
6591,1374,3200,1826
6592,1374,3200,1826
6593,1374,3200,1826
6594,1373,3200,1827
6595,1373,3200,1827
6596,1373,3200,1827
6597,1373,3200,1827
6598,1373,3200,1827
6599,1373,3200,1827
6600,1372,3200,1828
6601,1372,3200,1828
6602,1372,3200,1828
6603,1372,3200,1828
6604,1372,3200,1828
6605,1372,3200,1828
6606,1372,3200,1828
6607,1372,3200,1828
6608,1371,3200,1829
6609,1371,3200,1829
6610,1370,3200,1830
6611,1370,3200,1830
6612,1370,3200,1830
6613,1370,3200,1830
6614,1369,3200,1831
6615,1369,3200,1831
6616,1369,3200,1831
6617,1369,3200,1831
6618,1369,3200,1831
6619,1369,3200,1831
6620,1368,3200,1832
6621,1368,3200,1832
6622,1368,3200,1832
6623,1367,3200,1833
6624,1367,3200,1833
6625,1367,3200,1833
6626,1367,3200,1833
6627,1366,3200,1834
6628,1366,3200,1834
6629,1366,3200,1834
6630,1366,3200,1834
6631,1366,3200,1834
6632,1366,3200,1834
6633,1366,3200,1834
6634,1366,3200,1834
6635,1366,3200,1834
6636,1366,3200,1834
6637,1365,3200,1835
6638,1365,3200,1835
6639,1364,3200,1836
6640,1364,3200,1836
6641,1364,3200,1836
6642,1364,3200,1836
6643,1363,3200,1837
6644,1363,3200,1837
6645,1362,3200,1838
6646,1362,3200,1838
6647,1362,3200,1838
6648,1362,3200,1838
6649,1362,3200,1838
6650,1362,3200,1838
6651,1362,3200,1838
6652,1362,3200,1838
6653,1362,3200,1838
6654,1362,3200,1838
6655,1362,3200,1838
6656,1361,3200,1839
6657,1361,3200,1839
6658,1360,3200,1840
6659,1360,3200,1840
6660,1360,3200,1840
6661,1359,3200,1841
6662,1359,3200,1841
6663,1359,3200,1841
6664,1358,3200,1842
6665,1358,3200,1842
6666,1358,3200,1842
6667,1357,3200,1843
6668,1357,3200,1843
6669,1357,3200,1843
6670,1357,3200,1843
6671,1357,3200,1843
6672,1357,3200,1843
6673,1357,3200,1843
6674,1357,3200,1843
6675,1357,3200,1843
6676,1356,3200,1844
6677,1356,3200,1844
6678,1356,3200,1844
6679,1356,3200,1844
6680,1356,3200,1844
6681,1355,3200,1845
6682,1355,3200,1845
6683,1354,3200,1846
6684,1354,3200,1846
6685,1354,3200,1846
6686,1353,3200,1847
6687,1353,3200,1847
6688,1353,3200,1847
6689,1352,3200,1848
6690,1352,3200,1848
6691,1352,3200,1848
6692,1351,3200,1849
6693,1351,3200,1849
6694,1351,3200,1849
6695,1350,3200,1850
6696,1350,3200,1850
6697,1350,3200,1850
6698,1350,3200,1850
6699,1350,3200,1850
6700,1350,3200,1850
6701,1350,3200,1850
6702,1350,3200,1850
6703,1350,3200,1850
6704,1349,3200,1851
6705,1349,3200,1851
6706,1349,3200,1851
6707,1349,3200,1851
6708,1349,3200,1851
6709,1348,3200,1852
6710,1348,3200,1852
6711,1347,3200,1853
6712,1347,3200,1853
6713,1347,3200,1853
6714,1347,3200,1853
6715,1347,3200,1853
6716,1347,3200,1853
6717,1347,3200,1853
6718,1346,3200,1854
6719,1346,3200,1854
6720,1345,3200,1855
6721,1345,3200,1855
6722,1345,3200,1855
6723,1344,3200,1856
6724,1344,3200,1856
6725,1344,3200,1856
6726,1343,3200,1857
6727,1343,3200,1857
6728,1343,3200,1857
6729,1342,3200,1858
6730,1342,3200,1858
6731,1342,3200,1858
6732,1342,3200,1858
6733,1341,3200,1859
6734,1341,3200,1859
6735,1341,3200,1859
6736,1341,3200,1859
6737,1340,3200,1860
6738,1340,3200,1860
6739,1340,3200,1860
6740,1340,3200,1860
6741,1340,3200,1860
6742,1340,3200,1860
6743,1340,3200,1860
6744,1340,3200,1860
6745,1340,3200,1860
6746,1340,3200,1860
6747,1340,3200,1860
6748,1340,3200,1860
6749,1340,3200,1860
6750,1340,3200,1860
6751,1340,3200,1860
6752,1340,3200,1860
6753,1340,3200,1860
6754,1340,3200,1860
6755,1340,3200,1860
6756,1340,3200,1860
6757,1339,3200,1861
6758,1339,3200,1861
6759,1338,3200,1862
6760,1338,3200,1862
6761,1337,3200,1863
6762,1337,3200,1863
6763,1337,3200,1863
6764,1337,3200,1863
6765,1336,3200,1864
6766,1336,3200,1864
6767,1335,3200,1865
6768,1335,3200,1865
6769,1335,3200,1865
6770,1334,3200,1866
6771,1334,3200,1866
6772,1333,3200,1867
6773,1333,3200,1867
6774,1332,3200,1868
6775,1332,3200,1868
6776,1332,3200,1868
6777,1332,3200,1868
6778,1331,3200,1869
6779,1331,3200,1869
6780,1331,3200,1869
6781,1331,3200,1869
6782,1331,3200,1869
6783,1331,3200,1869
6784,1331,3200,1869
6785,1330,3200,1870
6786,1330,3200,1870
6787,1330,3200,1870
6788,1329,3200,1871
6789,1329,3200,1871
6790,1329,3200,1871
6791,1329,3200,1871
6792,1329,3200,1871
6793,1328,3200,1872
6794,1328,3200,1872
6795,1327,3200,1873
6796,1327,3200,1873
6797,1326,3200,1874
6798,1326,3200,1874
6799,1326,3200,1874
6800,1326,3200,1874
6801,1326,3200,1874
6802,1326,3200,1874
6803,1326,3200,1874
6804,1326,3200,1874
6805,1326,3200,1874
6806,1326,3200,1874
6807,1326,3200,1874
6808,1325,3200,1875
6809,1325,3200,1875
6810,1324,3200,1876
6811,1323,3200,1877
6812,1323,3200,1877
6813,1322,3200,1878
6814,1322,3200,1878
6815,1322,3200,1878
6816,1322,3200,1878
6817,1322,3200,1878
6818,1322,3200,1878
6819,1322,3200,1878
6820,1322,3200,1878
6821,1322,3200,1878
6822,1322,3200,1878
6823,1322,3200,1878
6824,1322,3200,1878
6825,1322,3200,1878
6826,1322,3200,1878
6827,1322,3200,1878
6828,1322,3200,1878
6829,1322,3200,1878
6830,1322,3200,1878
6831,1322,3200,1878
6832,1322,3200,1878
6833,1321,3200,1879
6834,1321,3200,1879
6835,1321,3200,1879
6836,1320,3200,1880
6837,1319,3200,1881
6838,1319,3200,1881
6839,1319,3200,1881
6840,1319,3200,1881
6841,1319,3200,1881
6842,1318,3200,1882
6843,1318,3200,1882
6844,1318,3200,1882
6845,1318,3200,1882
6846,1318,3200,1882
6847,1318,3200,1882
6848,1318,3200,1882
6849,1317,3200,1883
6850,1317,3200,1883
6851,1316,3200,1884
6852,1316,3200,1884
6853,1316,3200,1884
6854,1316,3200,1884
6855,1315,3200,1885
6856,1315,3200,1885
6857,1315,3200,1885
6858,1315,3200,1885
6859,1314,3200,1886
6860,1314,3200,1886
6861,1314,3200,1886
6862,1313,3200,1887
6863,1313,3200,1887
6864,1313,3200,1887
6865,1312,3200,1888
6866,1312,3200,1888
6867,1312,3200,1888
6868,1311,3200,1889
6869,1311,3200,1889
6870,1311,3200,1889
6871,1310,3200,1890
6872,1310,3200,1890
6873,1310,3200,1890
6874,1310,3200,1890
6875,1310,3200,1890
6876,1310,3200,1890
6877,1310,3200,1890
6878,1310,3200,1890
6879,1310,3200,1890
6880,1309,3200,1891
6881,1309,3200,1891
6882,1309,3200,1891
6883,1308,3200,1892
6884,1308,3200,1892
6885,1307,3200,1893
6886,1307,3200,1893
6887,1307,3200,1893
6888,1307,3200,1893
6889,1307,3200,1893
6890,1307,3200,1893
6891,1307,3200,1893
6892,1306,3200,1894
6893,1306,3200,1894
6894,1305,3200,1895
6895,1305,3200,1895
6896,1305,3200,1895
6897,1305,3200,1895
6898,1304,3200,1896
6899,1304,3200,1896
6900,1304,3200,1896
6901,1304,3200,1896
6902,1304,3200,1896
6903,1303,3200,1897
6904,1303,3200,1897
6905,1303,3200,1897
6906,1302,3200,1898
6907,1302,3200,1898
6908,1301,3200,1899
6909,1301,3200,1899
6910,1301,3200,1899
6911,1301,3200,1899
6912,1301,3200,1899
6913,1301,3200,1899
6914,1300,3200,1900
6915,1300,3200,1900
6916,1300,3200,1900
6917,1300,3200,1900
6918,1300,3200,1900
6919,1299,3200,1901
6920,1299,3200,1901
6921,1298,3200,1902
6922,1298,3200,1902
6923,1298,3200,1902
6924,1298,3200,1902
6925,1298,3200,1902
6926,1298,3200,1902
6927,1298,3200,1902
6928,1298,3200,1902
6929,1298,3200,1902
6930,1298,3200,1902
6931,1298,3200,1902
6932,1298,3200,1902
6933,1298,3200,1902
6934,1298,3200,1902
6935,1298,3200,1902
6936,1298,3200,1902
6937,1298,3200,1902
6938,1298,3200,1902
6939,1298,3200,1902
6940,1297,3200,1903
6941,1297,3200,1903
6942,1297,3200,1903
6943,1296,3200,1904
6944,1296,3200,1904
6945,1296,3200,1904
6946,1295,3200,1905
6947,1295,3200,1905
6948,1295,3200,1905
6949,1294,3200,1906
6950,1294,3200,1906
6951,1294,3200,1906
6952,1293,3200,1907
6953,1293,3200,1907
6954,1293,3200,1907
6955,1292,3200,1908
6956,1292,3200,1908
6957,1292,3200,1908
6958,1292,3200,1908
6959,1292,3200,1908
6960,1291,3200,1909
6961,1291,3200,1909
6962,1291,3200,1909
6963,1290,3200,1910
6964,1290,3200,1910
6965,1290,3200,1910
6966,1290,3200,1910
6967,1289,3200,1911
6968,1289,3200,1911
6969,1289,3200,1911
6970,1288,3200,1912
6971,1288,3200,1912
6972,1288,3200,1912
6973,1288,3200,1912
6974,1288,3200,1912
6975,1288,3200,1912
6976,1287,3200,1913
6977,1287,3200,1913
6978,1286,3200,1914
6979,1286,3200,1914
6980,1286,3200,1914
6981,1285,3200,1915
6982,1285,3200,1915
6983,1285,3200,1915
6984,1285,3200,1915
6985,1285,3200,1915
6986,1284,3200,1916
6987,1284,3200,1916
6988,1283,3200,1917
6989,1283,3200,1917
6990,1283,3200,1917
6991,1282,3200,1918
6992,1282,3200,1918
6993,1282,3200,1918
6994,1282,3200,1918
6995,1282,3200,1918
6996,1282,3200,1918
6997,1281,3200,1919
6998,1281,3200,1919
6999,1280,3200,1920
7000,1280,3200,1920
7001,1280,3200,1920
7002,1279,3200,1921
7003,1279,3200,1921
7004,1279,3200,1921
7005,1279,3200,1921
7006,1279,3200,1921
7007,1279,3200,1921
7008,1279,3200,1921
7009,1278,3200,1922
7010,1278,3200,1922
7011,1278,3200,1922
7012,1278,3200,1922
7013,1278,3200,1922
7014,1278,3200,1922
7015,1277,3200,1923
7016,1277,3200,1923
7017,1276,3200,1924
7018,1276,3200,1924
7019,1276,3200,1924
7020,1275,3200,1925
7021,1275,3200,1925
7022,1275,3200,1925
7023,1275,3200,1925
7024,1275,3200,1925
7025,1275,3200,1925
7026,1275,3200,1925
7027,1274,3200,1926
7028,1274,3200,1926
7029,1274,3200,1926
7030,1274,3200,1926
7031,1274,3200,1926
7032,1274,3200,1926
7033,1274,3200,1926
7034,1274,3200,1926
7035,1273,3200,1927
7036,1273,3200,1927
7037,1273,3200,1927
7038,1272,3200,1928
7039,1272,3200,1928
7040,1272,3200,1928
7041,1271,3200,1929
7042,1271,3200,1929
7043,1270,3200,1930
7044,1270,3200,1930
7045,1269,3200,1931
7046,1269,3200,1931
7047,1269,3200,1931
7048,1269,3200,1931
7049,1269,3200,1931
7050,1268,3200,1932
7051,1268,3200,1932
7052,1268,3200,1932
7053,1267,3200,1933
7054,1267,3200,1933
7055,1267,3200,1933
7056,1267,3200,1933
7057,1267,3200,1933
7058,1267,3200,1933
7059,1267,3200,1933
7060,1267,3200,1933
7061,1267,3200,1933
7062,1267,3200,1933
7063,1267,3200,1933
7064,1267,3200,1933
7065,1267,3200,1933
7066,1267,3200,1933
7067,1266,3200,1934
7068,1266,3200,1934
7069,1266,3200,1934
7070,1266,3200,1934
7071,1265,3200,1935
7072,1265,3200,1935
7073,1265,3200,1935
7074,1265,3200,1935
7075,1265,3200,1935
7076,1265,3200,1935
7077,1265,3200,1935
7078,1265,3200,1935
7079,1265,3200,1935
7080,1264,3200,1936
7081,1264,3200,1936
7082,1264,3200,1936
7083,1263,3200,1937
7084,1263,3200,1937
7085,1262,3200,1938
7086,1261,3200,1939
7087,1261,3200,1939
7088,1261,3200,1939
7089,1261,3200,1939
7090,1261,3200,1939
7091,1260,3200,1940
7092,1260,3200,1940
7093,1260,3200,1940
7094,1259,3200,1941
7095,1259,3200,1941
7096,1258,3200,1942
7097,1258,3200,1942
7098,1257,3200,1943
7099,1257,3200,1943
7100,1257,3200,1943
7101,1257,3200,1943
7102,1257,3200,1943
7103,1257,3200,1943
7104,1256,3200,1944
7105,1256,3200,1944
7106,1256,3200,1944
7107,1256,3200,1944
7108,1256,3200,1944
7109,1256,3200,1944
7110,1256,3200,1944
7111,1256,3200,1944
7112,1256,3200,1944
7113,1256,3200,1944
7114,1256,3200,1944
7115,1256,3200,1944
7116,1256,3200,1944
7117,1256,3200,1944
7118,1256,3200,1944
7119,1255,3200,1945
7120,1255,3200,1945
7121,1255,3200,1945
7122,1254,3200,1946
7123,1254,3200,1946
7124,1254,3200,1946
7125,1253,3200,1947
7126,1252,3200,1948
7127,1252,3200,1948
7128,1252,3200,1948
7129,1251,3200,1949
7130,1251,3200,1949
7131,1251,3200,1949
7132,1251,3200,1949
7133,1251,3200,1949
7134,1251,3200,1949
7135,1251,3200,1949
7136,1251,3200,1949
7137,1251,3200,1949
7138,1250,3200,1950
7139,1250,3200,1950
7140,1250,3200,1950
7141,1249,3200,1951
7142,1249,3200,1951
7143,1249,3200,1951
7144,1249,3200,1951
7145,1249,3200,1951
7146,1249,3200,1951
7147,1249,3200,1951
7148,1248,3200,1952
7149,1248,3200,1952
7150,1247,3200,1953
7151,1247,3200,1953
7152,1246,3200,1954
7153,1246,3200,1954
7154,1246,3200,1954
7155,1245,3200,1955
7156,1245,3200,1955
7157,1244,3200,1956
7158,1244,3200,1956
7159,1243,3200,1957
7160,1243,3200,1957
7161,1243,3200,1957
7162,1243,3200,1957
7163,1242,3200,1958
7164,1241,3200,1959
7165,1240,3200,1960
7166,1240,3200,1960
7167,1240,3200,1960
7168,1240,3200,1960
7169,1240,3200,1960
7170,1239,3200,1961
7171,1239,3200,1961
7172,1238,3200,1962
7173,1238,3200,1962
7174,1238,3200,1962
7175,1238,3200,1962
7176,1237,3200,1963
7177,1237,3200,1963
7178,1237,3200,1963
7179,1237,3200,1963
7180,1237,3200,1963
7181,1237,3200,1963
7182,1237,3200,1963
7183,1237,3200,1963
7184,1237,3200,1963
7185,1237,3200,1963
7186,1237,3200,1963
7187,1237,3200,1963
7188,1237,3200,1963
7189,1237,3200,1963
7190,1237,3200,1963
7191,1236,3200,1964
7192,1236,3200,1964
7193,1235,3200,1965
7194,1234,3200,1966
7195,1234,3200,1966
7196,1234,3200,1966
7197,1234,3200,1966
7198,1234,3200,1966
7199,1233,3200,1967
7200,1233,3200,1967
7201,1233,3200,1967
7202,1232,3200,1968
7203,1231,3200,1969
7204,1231,3200,1969
7205,1230,3200,1970
7206,1230,3200,1970
7207,1229,3200,1971
7208,1229,3200,1971
7209,1229,3200,1971
7210,1229,3200,1971
7211,1229,3200,1971
7212,1229,3200,1971
7213,1229,3200,1971
7214,1229,3200,1971
7215,1229,3200,1971
7216,1229,3200,1971
7217,1229,3200,1971
7218,1229,3200,1971
7219,1229,3200,1971
7220,1228,3200,1972
7221,1228,3200,1972
7222,1228,3200,1972
7223,1227,3200,1973
7224,1226,3200,1974
7225,1226,3200,1974
7226,1226,3200,1974
7227,1226,3200,1974
7228,1226,3200,1974
7229,1225,3200,1975
7230,1225,3200,1975
7231,1225,3200,1975
7232,1225,3200,1975
7233,1225,3200,1975
7234,1225,3200,1975
7235,1225,3200,1975
7236,1225,3200,1975
7237,1225,3200,1975
7238,1224,3200,1976
7239,1224,3200,1976
7240,1223,3200,1977
7241,1223,3200,1977
7242,1222,3200,1978
7243,1222,3200,1978
7244,1222,3200,1978
7245,1221,3200,1979
7246,1221,3200,1979
7247,1221,3200,1979
7248,1220,3200,1980
7249,1220,3200,1980
7250,1220,3200,1980
7251,1220,3200,1980
7252,1220,3200,1980
7253,1220,3200,1980
7254,1220,3200,1980
7255,1219,3200,1981
7256,1219,3200,1981
7257,1218,3200,1982
7258,1218,3200,1982
7259,1218,3200,1982
7260,1218,3200,1982
7261,1217,3200,1983
7262,1217,3200,1983
7263,1217,3200,1983
7264,1216,3200,1984
7265,1216,3200,1984
7266,1216,3200,1984
7267,1216,3200,1984
7268,1216,3200,1984
7269,1216,3200,1984
7270,1216,3200,1984
7271,1215,3200,1985
7272,1215,3200,1985
7273,1215,3200,1985
7274,1215,3200,1985
7275,1215,3200,1985
7276,1215,3200,1985
7277,1215,3200,1985
7278,1215,3200,1985
7279,1215,3200,1985
7280,1215,3200,1985
7281,1214,3200,1986
7282,1214,3200,1986
7283,1214,3200,1986
7284,1213,3200,1987
7285,1213,3200,1987
7286,1212,3200,1988
7287,1212,3200,1988
7288,1212,3200,1988
7289,1212,3200,1988
7290,1211,3200,1989
7291,1211,3200,1989
7292,1211,3200,1989
7293,1210,3200,1990
7294,1210,3200,1990
7295,1210,3200,1990
7296,1209,3200,1991
7297,1209,3200,1991
7298,1208,3200,1992
7299,1208,3200,1992
7300,1207,3200,1993
7301,1207,3200,1993
7302,1207,3200,1993
7303,1207,3200,1993
7304,1207,3200,1993
7305,1206,3200,1994
7306,1206,3200,1994
7307,1206,3200,1994
7308,1206,3200,1994
7309,1206,3200,1994
7310,1205,3200,1995
7311,1205,3200,1995
7312,1205,3200,1995
7313,1205,3200,1995
7314,1205,3200,1995
7315,1204,3200,1996
7316,1204,3200,1996
7317,1204,3200,1996
7318,1203,3200,1997
7319,1203,3200,1997
7320,1203,3200,1997
7321,1203,3200,1997
7322,1203,3200,1997
7323,1203,3200,1997
7324,1203,3200,1997
7325,1203,3200,1997
7326,1202,3200,1998
7327,1201,3200,1999
7328,1201,3200,1999
7329,1200,3200,2000
7330,1200,3200,2000
7331,1200,3200,2000
7332,1199,3200,2001
7333,1199,3200,2001
7334,1199,3200,2001
7335,1199,3200,2001
7336,1199,3200,2001
7337,1198,3200,2002
7338,1198,3200,2002
7339,1197,3200,2003
7340,1197,3200,2003
7341,1197,3200,2003
7342,1196,3200,2004
7343,1196,3200,2004
7344,1196,3200,2004
7345,1196,3200,2004
7346,1196,3200,2004
7347,1196,3200,2004
7348,1196,3200,2004
7349,1195,3200,2005
7350,1195,3200,2005
7351,1195,3200,2005
7352,1194,3200,2006
7353,1194,3200,2006
7354,1194,3200,2006
7355,1194,3200,2006
7356,1193,3200,2007
7357,1193,3200,2007
7358,1193,3200,2007
7359,1193,3200,2007
7360,1193,3200,2007
7361,1193,3200,2007
7362,1193,3200,2007
7363,1193,3200,2007
7364,1193,3200,2007
7365,1193,3200,2007
7366,1193,3200,2007
7367,1193,3200,2007
7368,1192,3200,2008
7369,1192,3200,2008
7370,1192,3200,2008
7371,1191,3200,2009
7372,1191,3200,2009
7373,1191,3200,2009
7374,1191,3200,2009
7375,1190,3200,2010
7376,1190,3200,2010
7377,1190,3200,2010
7378,1190,3200,2010
7379,1190,3200,2010
7380,1190,3200,2010
7381,1190,3200,2010
7382,1189,3200,2011
7383,1189,3200,2011
7384,1189,3200,2011
7385,1189,3200,2011
7386,1189,3200,2011
7387,1188,3200,2012
7388,1187,3200,2013
7389,1187,3200,2013
7390,1187,3200,2013
7391,1186,3200,2014
7392,1186,3200,2014
7393,1186,3200,2014
7394,1186,3200,2014
7395,1185,3200,2015
7396,1185,3200,2015
7397,1185,3200,2015
7398,1184,3200,2016
7399,1184,3200,2016
7400,1183,3200,2017
7401,1183,3200,2017
7402,1183,3200,2017
7403,1183,3200,2017
7404,1182,3200,2018
7405,1181,3200,2019
7406,1181,3200,2019
7407,1181,3200,2019
7408,1181,3200,2019
7409,1181,3200,2019
7410,1181,3200,2019
7411,1181,3200,2019
7412,1181,3200,2019
7413,1181,3200,2019
7414,1180,3200,2020
7415,1180,3200,2020
7416,1180,3200,2020
7417,1180,3200,2020
7418,1180,3200,2020
7419,1180,3200,2020
7420,1180,3200,2020
7421,1180,3200,2020
7422,1180,3200,2020
7423,1179,3200,2021
7424,1179,3200,2021
7425,1178,3200,2022
7426,1178,3200,2022
7427,1178,3200,2022
7428,1178,3200,2022
7429,1177,3200,2023
7430,1177,3200,2023
7431,1177,3200,2023
7432,1176,3200,2024
7433,1176,3200,2024
7434,1176,3200,2024
7435,1175,3200,2025
7436,1175,3200,2025
7437,1175,3200,2025
7438,1175,3200,2025
7439,1175,3200,2025
7440,1175,3200,2025
7441,1175,3200,2025
7442,1175,3200,2025
7443,1175,3200,2025
7444,1175,3200,2025
7445,1174,3200,2026
7446,1174,3200,2026
7447,1173,3200,2027
7448,1173,3200,2027
7449,1173,3200,2027
7450,1173,3200,2027
7451,1172,3200,2028
7452,1172,3200,2028
7453,1172,3200,2028
7454,1171,3200,2029
7455,1171,3200,2029
7456,1171,3200,2029
7457,1170,3200,2030
7458,1170,3200,2030
7459,1169,3200,2031
7460,1169,3200,2031
7461,1169,3200,2031
7462,1169,3200,2031
7463,1168,3200,2032
7464,1168,3200,2032
7465,1168,3200,2032
7466,1168,3200,2032
7467,1168,3200,2032
7468,1168,3200,2032
7469,1168,3200,2032
7470,1168,3200,2032
7471,1168,3200,2032
7472,1168,3200,2032
7473,1168,3200,2032
7474,1168,3200,2032
7475,1168,3200,2032
7476,1167,3200,2033
7477,1167,3200,2033
7478,1167,3200,2033
7479,1166,3200,2034
7480,1165,3200,2035
7481,1164,3200,2036
7482,1164,3200,2036
7483,1164,3200,2036
7484,1164,3200,2036
7485,1163,3200,2037
7486,1163,3200,2037
7487,1163,3200,2037
7488,1163,3200,2037
7489,1162,3200,2038
7490,1162,3200,2038
7491,1162,3200,2038
7492,1161,3200,2039
7493,1161,3200,2039
7494,1161,3200,2039
7495,1160,3200,2040
7496,1160,3200,2040
7497,1159,3200,2041
7498,1159,3200,2041
7499,1158,3200,2042
7500,1158,3200,2042
7501,1157,3200,2043
7502,1157,3200,2043
7503,1157,3200,2043
7504,1157,3200,2043
7505,1156,3200,2044
7506,1156,3200,2044
7507,1156,3200,2044
7508,1156,3200,2044
7509,1156,3200,2044
7510,1156,3200,2044
7511,1156,3200,2044
7512,1156,3200,2044
7513,1155,3200,2045
7514,1155,3200,2045
7515,1155,3200,2045
7516,1154,3200,2046
7517,1154,3200,2046
7518,1153,3200,2047
7519,1153,3200,2047
7520,1152,3200,2048
7521,1152,3200,2048
7522,1151,3200,2049
7523,1151,3200,2049
7524,1150,3200,2050
7525,1150,3200,2050
7526,1149,3200,2051
7527,1149,3200,2051
7528,1149,3200,2051
7529,1149,3200,2051
7530,1149,3200,2051
7531,1149,3200,2051
7532,1149,3200,2051
7533,1149,3200,2051
7534,1149,3200,2051
7535,1149,3200,2051
7536,1149,3200,2051
7537,1149,3200,2051
7538,1149,3200,2051
7539,1149,3200,2051
7540,1149,3200,2051
7541,1149,3200,2051
7542,1148,3200,2052
7543,1148,3200,2052
7544,1148,3200,2052
7545,1148,3200,2052
7546,1148,3200,2052
7547,1148,3200,2052
7548,1148,3200,2052
7549,1148,3200,2052
7550,1148,3200,2052
7551,1148,3200,2052
7552,1147,3200,2053
7553,1147,3200,2053
7554,1147,3200,2053
7555,1147,3200,2053
7556,1147,3200,2053
7557,1146,3200,2054
7558,1146,3200,2054
7559,1145,3200,2055
7560,1145,3200,2055
7561,1145,3200,2055
7562,1145,3200,2055
7563,1145,3200,2055
7564,1144,3200,2056
7565,1144,3200,2056
7566,1143,3200,2057
7567,1143,3200,2057
7568,1143,3200,2057
7569,1143,3200,2057
7570,1142,3200,2058
7571,1141,3200,2059
7572,1141,3200,2059
7573,1140,3200,2060
7574,1140,3200,2060
7575,1140,3200,2060
7576,1140,3200,2060
7577,1140,3200,2060
7578,1140,3200,2060
7579,1140,3200,2060
7580,1140,3200,2060
7581,1140,3200,2060
7582,1140,3200,2060
7583,1140,3200,2060
7584,1140,3200,2060
7585,1140,3200,2060
7586,1139,3200,2061
7587,1139,3200,2061
7588,1139,3200,2061
7589,1139,3200,2061
7590,1139,3200,2061
7591,1139,3200,2061
7592,1139,3200,2061
7593,1139,3200,2061
7594,1139,3200,2061
7595,1138,3200,2062
7596,1138,3200,2062
7597,1138,3200,2062
7598,1138,3200,2062
7599,1137,3200,2063
7600,1137,3200,2063
7601,1136,3200,2064
7602,1136,3200,2064
7603,1136,3200,2064
7604,1136,3200,2064
7605,1135,3200,2065
7606,1135,3200,2065
7607,1134,3200,2066
7608,1134,3200,2066
7609,1134,3200,2066
7610,1133,3200,2067
7611,1133,3200,2067
7612,1132,3200,2068
7613,1132,3200,2068
7614,1131,3200,2069
7615,1131,3200,2069
7616,1131,3200,2069
7617,1131,3200,2069
7618,1131,3200,2069
7619,1131,3200,2069
7620,1131,3200,2069
7621,1130,3200,2070
7622,1130,3200,2070
7623,1130,3200,2070
7624,1129,3200,2071
7625,1129,3200,2071
7626,1129,3200,2071
7627,1129,3200,2071
7628,1128,3200,2072
7629,1128,3200,2072
7630,1128,3200,2072
7631,1128,3200,2072
7632,1128,3200,2072
7633,1128,3200,2072
7634,1128,3200,2072
7635,1127,3200,2073
7636,1127,3200,2073
7637,1127,3200,2073
7638,1126,3200,2074
7639,1126,3200,2074
7640,1125,3200,2075
7641,1125,3200,2075
7642,1125,3200,2075
7643,1124,3200,2076
7644,1124,3200,2076
7645,1124,3200,2076
7646,1123,3200,2077
7647,1123,3200,2077
7648,1123,3200,2077
7649,1122,3200,2078
7650,1122,3200,2078
7651,1121,3200,2079
7652,1121,3200,2079
7653,1121,3200,2079
7654,1121,3200,2079
7655,1120,3200,2080
7656,1119,3200,2081
7657,1119,3200,2081
7658,1119,3200,2081
7659,1119,3200,2081
7660,1119,3200,2081
7661,1119,3200,2081
7662,1119,3200,2081
7663,1119,3200,2081
7664,1119,3200,2081
7665,1119,3200,2081
7666,1119,3200,2081
7667,1119,3200,2081
7668,1118,3200,2082
7669,1118,3200,2082
7670,1118,3200,2082
7671,1118,3200,2082
7672,1117,3200,2083
7673,1117,3200,2083
7674,1116,3200,2084
7675,1116,3200,2084
7676,1116,3200,2084
7677,1116,3200,2084
7678,1116,3200,2084
7679,1116,3200,2084
7680,1116,3200,2084
7681,1115,3200,2085
7682,1115,3200,2085
7683,1115,3200,2085
7684,1114,3200,2086
7685,1114,3200,2086
7686,1113,3200,2087
7687,1113,3200,2087
7688,1113,3200,2087
7689,1112,3200,2088
7690,1112,3200,2088
7691,1112,3200,2088
7692,1112,3200,2088
7693,1111,3200,2089
7694,1110,3200,2090
7695,1110,3200,2090
7696,1109,3200,2091
7697,1109,3200,2091
7698,1108,3200,2092
7699,1108,3200,2092
7700,1108,3200,2092
7701,1108,3200,2092
7702,1108,3200,2092
7703,1108,3200,2092
7704,1108,3200,2092
7705,1108,3200,2092
7706,1107,3200,2093
7707,1107,3200,2093
7708,1107,3200,2093
7709,1107,3200,2093
7710,1106,3200,2094
7711,1106,3200,2094
7712,1105,3200,2095
7713,1105,3200,2095
7714,1105,3200,2095
7715,1105,3200,2095
7716,1105,3200,2095
7717,1105,3200,2095
7718,1105,3200,2095
7719,1105,3200,2095
7720,1105,3200,2095
7721,1105,3200,2095
7722,1105,3200,2095
7723,1105,3200,2095
7724,1105,3200,2095
7725,1104,3200,2096
7726,1104,3200,2096
7727,1104,3200,2096
7728,1104,3200,2096
7729,1103,3200,2097
7730,1103,3200,2097
7731,1103,3200,2097
7732,1103,3200,2097
7733,1103,3200,2097
7734,1103,3200,2097
7735,1103,3200,2097
7736,1102,3200,2098
7737,1102,3200,2098
7738,1102,3200,2098
7739,1102,3200,2098
7740,1102,3200,2098
7741,1102,3200,2098
7742,1102,3200,2098
7743,1102,3200,2098
7744,1102,3200,2098
7745,1102,3200,2098
7746,1101,3200,2099
7747,1100,3200,2100
7748,1100,3200,2100
7749,1100,3200,2100
7750,1099,3200,2101
7751,1099,3200,2101
7752,1099,3200,2101
7753,1099,3200,2101
7754,1099,3200,2101
7755,1099,3200,2101
7756,1099,3200,2101
7757,1099,3200,2101
7758,1099,3200,2101
7759,1099,3200,2101
7760,1099,3200,2101
7761,1099,3200,2101
7762,1099,3200,2101
7763,1099,3200,2101
7764,1099,3200,2101
7765,1099,3200,2101
7766,1099,3200,2101
7767,1099,3200,2101
7768,1099,3200,2101
7769,1099,3200,2101
7770,1099,3200,2101
7771,1098,3200,2102
7772,1097,3200,2103
7773,1097,3200,2103
7774,1097,3200,2103
7775,1097,3200,2103
7776,1097,3200,2103
7777,1097,3200,2103
7778,1096,3200,2104
7779,1096,3200,2104
7780,1096,3200,2104
7781,1096,3200,2104
7782,1095,3200,2105
7783,1095,3200,2105
7784,1094,3200,2106
7785,1094,3200,2106
7786,1094,3200,2106
7787,1093,3200,2107
7788,1093,3200,2107
7789,1092,3200,2108
7790,1092,3200,2108
7791,1092,3200,2108
7792,1091,3200,2109
7793,1091,3200,2109
7794,1091,3200,2109
7795,1091,3200,2109
7796,1090,3200,2110
7797,1090,3200,2110
7798,1090,3200,2110
7799,1090,3200,2110
7800,1089,3200,2111
7801,1089,3200,2111
7802,1089,3200,2111
7803,1089,3200,2111
7804,1089,3200,2111
7805,1089,3200,2111
7806,1088,3200,2112
7807,1088,3200,2112
7808,1088,3200,2112
7809,1087,3200,2113
7810,1087,3200,2113
7811,1087,3200,2113
7812,1087,3200,2113
7813,1087,3200,2113
7814,1087,3200,2113
7815,1087,3200,2113
7816,1087,3200,2113
7817,1087,3200,2113
7818,1087,3200,2113
7819,1087,3200,2113
7820,1087,3200,2113
7821,1087,3200,2113
7822,1087,3200,2113
7823,1087,3200,2113
7824,1087,3200,2113
7825,1086,3200,2114
7826,1086,3200,2114
7827,1086,3200,2114
7828,1085,3200,2115
7829,1085,3200,2115
7830,1085,3200,2115
7831,1084,3200,2116
7832,1084,3200,2116
7833,1084,3200,2116
7834,1083,3200,2117
7835,1083,3200,2117
7836,1083,3200,2117
7837,1082,3200,2118
7838,1082,3200,2118
7839,1082,3200,2118
7840,1081,3200,2119
7841,1080,3200,2120
7842,1079,3200,2121
7843,1079,3200,2121
7844,1079,3200,2121
7845,1078,3200,2122
7846,1078,3200,2122
7847,1078,3200,2122
7848,1077,3200,2123
7849,1077,3200,2123
7850,1077,3200,2123
7851,1077,3200,2123
7852,1076,3200,2124
7853,1076,3200,2124
7854,1075,3200,2125
7855,1075,3200,2125
7856,1075,3200,2125
7857,1075,3200,2125
7858,1075,3200,2125
7859,1075,3200,2125
7860,1075,3200,2125
7861,1075,3200,2125
7862,1075,3200,2125
7863,1075,3200,2125
7864,1075,3200,2125
7865,1075,3200,2125
7866,1075,3200,2125
7867,1074,3200,2126
7868,1074,3200,2126
7869,1074,3200,2126
7870,1074,3200,2126
7871,1073,3200,2127
7872,1073,3200,2127
7873,1072,3200,2128
7874,1072,3200,2128
7875,1072,3200,2128
7876,1072,3200,2128
7877,1071,3200,2129
7878,1071,3200,2129
7879,1071,3200,2129
7880,1071,3200,2129
7881,1071,3200,2129
7882,1071,3200,2129
7883,1070,3200,2130
7884,1070,3200,2130
7885,1070,3200,2130
7886,1070,3200,2130
7887,1070,3200,2130
7888,1069,3200,2131
7889,1069,3200,2131
7890,1069,3200,2131
7891,1069,3200,2131
7892,1068,3200,2132
7893,1068,3200,2132
7894,1068,3200,2132
7895,1067,3200,2133
7896,1067,3200,2133
7897,1067,3200,2133
7898,1067,3200,2133
7899,1067,3200,2133
7900,1067,3200,2133
7901,1067,3200,2133
7902,1067,3200,2133
7903,1067,3200,2133
7904,1067,3200,2133
7905,1067,3200,2133
7906,1067,3200,2133
7907,1067,3200,2133
7908,1067,3200,2133
7909,1067,3200,2133
7910,1067,3200,2133
7911,1067,3200,2133
7912,1066,3200,2134
7913,1066,3200,2134
7914,1066,3200,2134
7915,1066,3200,2134
7916,1066,3200,2134
7917,1066,3200,2134
7918,1066,3200,2134
7919,1066,3200,2134
7920,1066,3200,2134
7921,1066,3200,2134
7922,1066,3200,2134
7923,1066,3200,2134
7924,1066,3200,2134
7925,1066,3200,2134
7926,1066,3200,2134
7927,1065,3200,2135
7928,1065,3200,2135
7929,1065,3200,2135
7930,1065,3200,2135
7931,1065,3200,2135
7932,1065,3200,2135
7933,1063,3200,2137
7934,1063,3200,2137
7935,1063,3200,2137
7936,1063,3200,2137
7937,1063,3200,2137
7938,1063,3200,2137
7939,1061,3200,2139
7940,1061,3200,2139
7941,1061,3200,2139
7942,1061,3200,2139
7943,1061,3200,2139
7944,1061,3200,2139
7945,1060,3200,2140
7946,1060,3200,2140
7947,1060,3200,2140
7948,1060,3200,2140
7949,1059,3200,2141
7950,1058,3200,2142
7951,1058,3200,2142
7952,1058,3200,2142
7953,1058,3200,2142
7954,1057,3200,2143
7955,1057,3200,2143
7956,1056,3200,2144
7957,1056,3200,2144
7958,1056,3200,2144
7959,1055,3200,2145
7960,1054,3200,2146
7961,1054,3200,2146
7962,1054,3200,2146
7963,1053,3200,2147
7964,1052,3200,2148
7965,1052,3200,2148
7966,1052,3200,2148
7967,1052,3200,2148
7968,1051,3200,2149
7969,1050,3200,2150
7970,1050,3200,2150
7971,1050,3200,2150
7972,1048,3200,2152
7973,1048,3200,2152
7974,1048,3200,2152
7975,1048,3200,2152
7976,1048,3200,2152
7977,1048,3200,2152
7978,1047,3200,2153
7979,1047,3200,2153
7980,1047,3200,2153
7981,1047,3200,2153
7982,1046,3200,2154
7983,1046,3200,2154
7984,1046,3200,2154
7985,1046,3200,2154
7986,1046,3200,2154
7987,1046,3200,2154
7988,1046,3200,2154
7989,1045,3200,2155
7990,1045,3200,2155
7991,1045,3200,2155
7992,1044,3200,2156
7993,1044,3200,2156
7994,1044,3200,2156
7995,1043,3200,2157
7996,1043,3200,2157
7997,1043,3200,2157
7998,1042,3200,2158
7999,1042,3200,2158
8000,1042,3200,2158
8001,1042,3200,2158
8002,1042,3200,2158
8003,1042,3200,2158
8004,1041,3200,2159
8005,1041,3200,2159
8006,1040,3200,2160
8007,1040,3200,2160
8008,1040,3200,2160
8009,1040,3200,2160
8010,1040,3200,2160
8011,1039,3200,2161
8012,1039,3200,2161
8013,1038,3200,2162
8014,1038,3200,2162
8015,1038,3200,2162
8016,1038,3200,2162
8017,1038,3200,2162
8018,1038,3200,2162
8019,1037,3200,2163
8020,1037,3200,2163
8021,1037,3200,2163
8022,1036,3200,2164
8023,1036,3200,2164
8024,1036,3200,2164
8025,1036,3200,2164
8026,1035,3200,2165
8027,1035,3200,2165
8028,1035,3200,2165
8029,1034,3200,2166
8030,1034,3200,2166
8031,1034,3200,2166
8032,1034,3200,2166
8033,1034,3200,2166
8034,1033,3200,2167
8035,1032,3200,2168
8036,1032,3200,2168
8037,1032,3200,2168
8038,1032,3200,2168
8039,1032,3200,2168
8040,1031,3200,2169
8041,1030,3200,2170
8042,1030,3200,2170
8043,1030,3200,2170
8044,1030,3200,2170
8045,1029,3200,2171
8046,1028,3200,2172
8047,1028,3200,2172
8048,1028,3200,2172
8049,1027,3200,2173
8050,1027,3200,2173
8051,1027,3200,2173
8052,1027,3200,2173
8053,1026,3200,2174
8054,1026,3200,2174
8055,1025,3200,2175
8056,1025,3200,2175
8057,1025,3200,2175
8058,1024,3200,2176
8059,1024,3200,2176
8060,1024,3200,2176
8061,1024,3200,2176
8062,1024,3200,2176
8063,1024,3200,2176
8064,1023,3200,2177
8065,1022,3200,2178
8066,1022,3200,2178
8067,1022,3200,2178
8068,1021,3200,2179
8069,1021,3200,2179
8070,1020,3200,2180
8071,1020,3200,2180
8072,1019,3200,2181
8073,1019,3200,2181
8074,1019,3200,2181
8075,1019,3200,2181
8076,1018,3200,2182
8077,1017,3200,2183
8078,1017,3200,2183
8079,1017,3200,2183
8080,1017,3200,2183
8081,1016,3200,2184
8082,1016,3200,2184
8083,1015,3200,2185
8084,1015,3200,2185
8085,1015,3200,2185
8086,1014,3200,2186
8087,1013,3200,2187
8088,1013,3200,2187
8089,1013,3200,2187
8090,1013,3200,2187
8091,1012,3200,2188
8092,1012,3200,2188
8093,1012,3200,2188
8094,1012,3200,2188
8095,1012,3200,2188
8096,1011,3200,2189
8097,1010,3200,2190
8098,1010,3200,2190
8099,1010,3200,2190
8100,1010,3200,2190
8101,1010,3200,2190
8102,1010,3200,2190
8103,1009,3200,2191
8104,1008,3200,2192
8105,1008,3200,2192
8106,1008,3200,2192
8107,1008,3200,2192
8108,1007,3200,2193
8109,1007,3200,2193
8110,1006,3200,2194
8111,1006,3200,2194
8112,1005,3200,2195
8113,1005,3200,2195
8114,1004,3200,2196
8115,1004,3200,2196
8116,1003,3200,2197
8117,1003,3200,2197
8118,1002,3200,2198
8119,1002,3200,2198
8120,1002,3200,2198
8121,1002,3200,2198
8122,1001,3200,2199
8123,1001,3200,2199
8124,1001,3200,2199
8125,1001,3200,2199
8126,1000,3200,2200
8127,999,3200,2201
8128,999,3200,2201
8129,999,3200,2201
8130,998,3200,2202
8131,997,3200,2203
8132,997,3200,2203
8133,997,3200,2203
8134,997,3200,2203
8135,995,3200,2205
8136,995,3200,2205
8137,995,3200,2205
8138,995,3200,2205
8139,994,3200,2206
8140,994,3200,2206
8141,993,3200,2207
8142,993,3200,2207
8143,992,3200,2208
8144,992,3200,2208
8145,992,3200,2208
8146,991,3200,2209
8147,991,3200,2209
8148,991,3200,2209
8149,990,3200,2210
8150,990,3200,2210
8151,990,3200,2210
8152,990,3200,2210
8153,990,3200,2210
8154,989,3200,2211
8155,989,3200,2211
8156,989,3200,2211
8157,988,3200,2212
8158,988,3200,2212
8159,988,3200,2212
8160,988,3200,2212
8161,987,3200,2213
8162,987,3200,2213
8163,986,3200,2214
8164,986,3200,2214
8165,986,3200,2214
8166,985,3200,2215
8167,984,3200,2216
8168,984,3200,2216
8169,983,3200,2217
8170,983,3200,2217
8171,983,3200,2217
8172,983,3200,2217
8173,982,3200,2218
8174,982,3200,2218
8175,982,3200,2218
8176,981,3200,2219
8177,980,3200,2220
8178,980,3200,2220
8179,980,3200,2220
8180,980,3200,2220
8181,980,3200,2220
8182,979,3200,2221
8183,978,3200,2222
8184,978,3200,2222
8185,978,3200,2222
8186,977,3200,2223
8187,977,3200,2223
8188,977,3200,2223
8189,976,3200,2224
8190,976,3200,2224
8191,976,3200,2224
8192,975,3200,2225
8193,975,3200,2225
8194,975,3200,2225
8195,975,3200,2225
8196,975,3200,2225
8197,974,3200,2226
8198,973,3200,2227
8199,973,3200,2227
8200,973,3200,2227
8201,973,3200,2227
8202,971,3200,2229
8203,971,3200,2229
8204,971,3200,2229
8205,971,3200,2229
8206,970,3200,2230
8207,970,3200,2230
8208,970,3200,2230
8209,970,3200,2230
8210,969,3200,2231
8211,968,3200,2232
8212,968,3200,2232
8213,968,3200,2232
8214,968,3200,2232
8215,967,3200,2233
8216,967,3200,2233
8217,966,3200,2234
8218,966,3200,2234
8219,966,3200,2234
8220,965,3200,2235
8221,965,3200,2235
8222,965,3200,2235
8223,965,3200,2235
8224,964,3200,2236
8225,964,3200,2236
8226,964,3200,2236
8227,964,3200,2236
8228,963,3200,2237
8229,963,3200,2237
8230,962,3200,2238
8231,962,3200,2238
8232,962,3200,2238
8233,962,3200,2238
8234,961,3200,2239
8235,961,3200,2239
8236,961,3200,2239
8237,961,3200,2239
8238,961,3200,2239
8239,961,3200,2239
8240,960,3200,2240
8241,960,3200,2240
8242,960,3200,2240
8243,960,3200,2240
8244,960,3200,2240
8245,959,3200,2241
8246,959,3200,2241
8247,958,3200,2242
8248,957,3200,2243
8249,957,3200,2243
8250,957,3200,2243
8251,957,3200,2243
8252,957,3200,2243
8253,956,3200,2244
8254,956,3200,2244
8255,956,3200,2244
8256,956,3200,2244
8257,956,3200,2244
8258,956,3200,2244
8259,955,3200,2245
8260,955,3200,2245
8261,955,3200,2245
8262,955,3200,2245
8263,955,3200,2245
8264,954,3200,2246
8265,953,3200,2247
8266,953,3200,2247
8267,953,3200,2247
8268,953,3200,2247
8269,953,3200,2247
8270,951,3200,2249
8271,951,3200,2249
8272,951,3200,2249
8273,951,3200,2249
8274,951,3200,2249
8275,950,3200,2250
8276,949,3200,2251
8277,949,3200,2251
8278,949,3200,2251
8279,949,3200,2251
8280,948,3200,2252
8281,948,3200,2252
8282,948,3200,2252
8283,948,3200,2252
8284,947,3200,2253
8285,947,3200,2253
8286,946,3200,2254
8287,946,3200,2254
8288,946,3200,2254
8289,946,3200,2254
8290,945,3200,2255
8291,945,3200,2255
8292,945,3200,2255
8293,945,3200,2255
8294,944,3200,2256
8295,943,3200,2257
8296,943,3200,2257
8297,942,3200,2258
8298,942,3200,2258
8299,942,3200,2258
8300,942,3200,2258
8301,942,3200,2258
8302,941,3200,2259
8303,941,3200,2259
8304,941,3200,2259
8305,940,3200,2260
8306,940,3200,2260
8307,939,3200,2261
8308,939,3200,2261
8309,939,3200,2261
8310,939,3200,2261
8311,938,3200,2262
8312,938,3200,2262
8313,938,3200,2262
8314,938,3200,2262
8315,938,3200,2262
8316,937,3200,2263
8317,937,3200,2263
8318,937,3200,2263
8319,936,3200,2264
8320,936,3200,2264
8321,936,3200,2264
8322,936,3200,2264
8323,936,3200,2264
8324,936,3200,2264
8325,934,3200,2266
8326,934,3200,2266
8327,934,3200,2266
8328,934,3200,2266
8329,933,3200,2267
8330,932,3200,2268
8331,932,3200,2268
8332,932,3200,2268
8333,932,3200,2268
8334,931,3200,2269
8335,931,3200,2269
8336,931,3200,2269
8337,931,3200,2269
8338,931,3200,2269
8339,930,3200,2270
8340,930,3200,2270
8341,929,3200,2271
8342,929,3200,2271
8343,929,3200,2271
8344,928,3200,2272
8345,928,3200,2272
8346,927,3200,2273
8347,927,3200,2273
8348,927,3200,2273
8349,926,3200,2274
8350,925,3200,2275
8351,925,3200,2275
8352,925,3200,2275
8353,924,3200,2276
8354,924,3200,2276
8355,924,3200,2276
8356,923,3200,2277
8357,923,3200,2277
8358,923,3200,2277
8359,923,3200,2277
8360,923,3200,2277
8361,922,3200,2278
8362,921,3200,2279
8363,921,3200,2279
8364,921,3200,2279
8365,921,3200,2279
8366,921,3200,2279
8367,920,3200,2280
8368,920,3200,2280
8369,920,3200,2280
8370,919,3200,2281
8371,919,3200,2281
8372,919,3200,2281
8373,919,3200,2281
8374,918,3200,2282
8375,918,3200,2282
8376,917,3200,2283
8377,917,3200,2283
8378,917,3200,2283
8379,916,3200,2284
8380,916,3200,2284
8381,915,3200,2285
8382,915,3200,2285
8383,915,3200,2285
8384,915,3200,2285
8385,915,3200,2285
8386,914,3200,2286
8387,913,3200,2287
8388,913,3200,2287
8389,913,3200,2287
8390,913,3200,2287
8391,913,3200,2287
8392,913,3200,2287
8393,911,3200,2289
8394,911,3200,2289
8395,911,3200,2289
8396,911,3200,2289
8397,911,3200,2289
8398,910,3200,2290
8399,910,3200,2290
8400,910,3200,2290
8401,910,3200,2290
8402,909,3200,2291
8403,909,3200,2291
8404,909,3200,2291
8405,909,3200,2291
8406,909,3200,2291
8407,908,3200,2292
8408,908,3200,2292
8409,908,3200,2292
8410,907,3200,2293
8411,907,3200,2293
8412,907,3200,2293
8413,906,3200,2294
8414,906,3200,2294
8415,906,3200,2294
8416,905,3200,2295
8417,905,3200,2295
8418,905,3200,2295
8419,905,3200,2295
8420,904,3200,2296
8421,904,3200,2296
8422,904,3200,2296
8423,903,3200,2297
8424,902,3200,2298
8425,902,3200,2298
8426,901,3200,2299
8427,901,3200,2299
8428,901,3200,2299
8429,900,3200,2300
8430,899,3200,2301
8431,899,3200,2301
8432,899,3200,2301
8433,898,3200,2302
8434,898,3200,2302
8435,898,3200,2302
8436,898,3200,2302
8437,898,3200,2302
8438,897,3200,2303
8439,897,3200,2303
8440,897,3200,2303
8441,897,3200,2303
8442,897,3200,2303
8443,896,3200,2304
8444,896,3200,2304
8445,895,3200,2305
8446,895,3200,2305
8447,895,3200,2305
8448,895,3200,2305
8449,895,3200,2305
8450,895,3200,2305
8451,894,3200,2306
8452,893,3200,2307
8453,893,3200,2307
8454,893,3200,2307
8455,893,3200,2307
8456,893,3200,2307
8457,892,3200,2308
8458,892,3200,2308
8459,891,3200,2309
8460,890,3200,2310
8461,890,3200,2310
8462,890,3200,2310
8463,890,3200,2310
8464,889,3200,2311
8465,888,3200,2312
8466,888,3200,2312
8467,887,3200,2313
8468,887,3200,2313
8469,887,3200,2313
8470,886,3200,2314
8471,886,3200,2314
8472,886,3200,2314
8473,886,3200,2314
8474,886,3200,2314
8475,886,3200,2314
8476,885,3200,2315
8477,884,3200,2316
8478,884,3200,2316
8479,884,3200,2316
8480,884,3200,2316
8481,883,3200,2317
8482,883,3200,2317
8483,882,3200,2318
8484,882,3200,2318
8485,882,3200,2318
8486,881,3200,2319
8487,880,3200,2320
8488,880,3200,2320
8489,880,3200,2320
8490,880,3200,2320
8491,880,3200,2320
8492,879,3200,2321
8493,878,3200,2322
8494,878,3200,2322
8495,878,3200,2322
8496,877,3200,2323
8497,877,3200,2323
8498,876,3200,2324
8499,876,3200,2324
8500,876,3200,2324
8501,876,3200,2324
8502,875,3200,2325
8503,875,3200,2325
8504,874,3200,2326
8505,874,3200,2326
8506,873,3200,2327
8507,873,3200,2327
8508,873,3200,2327
8509,872,3200,2328
8510,872,3200,2328
8511,871,3200,2329
8512,871,3200,2329
8513,871,3200,2329
8514,870,3200,2330
8515,870,3200,2330
8516,870,3200,2330
8517,870,3200,2330
8518,870,3200,2330
8519,870,3200,2330
8520,868,3200,2332
8521,868,3200,2332
8522,868,3200,2332
8523,868,3200,2332
8524,867,3200,2333
8525,867,3200,2333
8526,866,3200,2334
8527,866,3200,2334
8528,866,3200,2334
8529,865,3200,2335
8530,865,3200,2335
8531,865,3200,2335
8532,863,3200,2337
8533,863,3200,2337
8534,863,3200,2337
8535,863,3200,2337
8536,863,3200,2337
8537,862,3200,2338
8538,862,3200,2338
8539,862,3200,2338
8540,862,3200,2338
8541,862,3200,2338
8542,860,3200,2340
8543,860,3200,2340
8544,860,3200,2340
8545,860,3200,2340
8546,859,3200,2341
8547,858,3200,2342
8548,858,3200,2342
8549,858,3200,2342
8550,858,3200,2342
8551,857,3200,2343
8552,857,3200,2343
8553,857,3200,2343
8554,857,3200,2343
8555,856,3200,2344
8556,856,3200,2344
8557,856,3200,2344
8558,856,3200,2344
8559,856,3200,2344
8560,856,3200,2344
8561,855,3200,2345
8562,854,3200,2346
8563,854,3200,2346
8564,854,3200,2346
8565,854,3200,2346
8566,854,3200,2346
8567,853,3200,2347
8568,853,3200,2347
8569,853,3200,2347
8570,852,3200,2348
8571,852,3200,2348
8572,851,3200,2349
8573,850,3200,2350
8574,850,3200,2350
8575,850,3200,2350
8576,849,3200,2351
8577,849,3200,2351
8578,848,3200,2352
8579,847,3200,2353
8580,847,3200,2353
8581,847,3200,2353
8582,847,3200,2353
8583,846,3200,2354
8584,846,3200,2354
8585,846,3200,2354
8586,846,3200,2354
8587,845,3200,2355
8588,845,3200,2355
8589,845,3200,2355
8590,845,3200,2355
8591,844,3200,2356
8592,844,3200,2356
8593,844,3200,2356
8594,843,3200,2357
8595,843,3200,2357
8596,843,3200,2357
8597,843,3200,2357
8598,843,3200,2357
8599,842,3200,2358
8600,842,3200,2358
8601,842,3200,2358
8602,842,3200,2358
8603,842,3200,2358
8604,842,3200,2358
8605,841,3200,2359
8606,840,3200,2360
8607,840,3200,2360
8608,840,3200,2360
8609,840,3200,2360
8610,840,3200,2360
8611,840,3200,2360
8612,839,3200,2361
8613,839,3200,2361
8614,839,3200,2361
8615,837,3200,2363
8616,837,3200,2363
8617,837,3200,2363
8618,837,3200,2363
8619,836,3200,2364
8620,836,3200,2364
8621,836,3200,2364
8622,835,3200,2365
8623,835,3200,2365
8624,835,3200,2365
8625,835,3200,2365
8626,835,3200,2365
8627,835,3200,2365
8628,834,3200,2366
8629,834,3200,2366
8630,834,3200,2366
8631,834,3200,2366
8632,834,3200,2366
8633,834,3200,2366
8634,833,3200,2367
8635,832,3200,2368
8636,832,3200,2368
8637,832,3200,2368
8638,832,3200,2368
8639,831,3200,2369
8640,831,3200,2369
8641,831,3200,2369
8642,830,3200,2370
8643,830,3200,2370
8644,830,3200,2370
8645,829,3200,2371
8646,829,3200,2371
8647,829,3200,2371
8648,828,3200,2372
8649,828,3200,2372
8650,827,3200,2373
8651,827,3200,2373
8652,827,3200,2373
8653,827,3200,2373
8654,827,3200,2373
8655,826,3200,2374
8656,826,3200,2374
8657,826,3200,2374
8658,826,3200,2374
8659,826,3200,2374
8660,826,3200,2374
8661,826,3200,2374
8662,825,3200,2375
8663,825,3200,2375
8664,825,3200,2375
8665,825,3200,2375
8666,825,3200,2375
8667,825,3200,2375
8668,825,3200,2375
8669,824,3200,2376
8670,824,3200,2376
8671,824,3200,2376
8672,824,3200,2376
8673,824,3200,2376
8674,823,3200,2377
8675,823,3200,2377
8676,823,3200,2377
8677,823,3200,2377
8678,823,3200,2377
8679,823,3200,2377
8680,823,3200,2377
8681,822,3200,2378
8682,822,3200,2378
8683,821,3200,2379
8684,821,3200,2379
8685,821,3200,2379
8686,821,3200,2379
8687,821,3200,2379
8688,821,3200,2379
8689,820,3200,2380
8690,820,3200,2380
8691,819,3200,2381
8692,819,3200,2381
8693,819,3200,2381
8694,819,3200,2381
8695,819,3200,2381
8696,819,3200,2381
8697,819,3200,2381
8698,819,3200,2381
8699,818,3200,2382
8700,818,3200,2382
8701,818,3200,2382
8702,818,3200,2382
8703,818,3200,2382
8704,818,3200,2382
8705,818,3200,2382
8706,818,3200,2382
8707,818,3200,2382
8708,818,3200,2382
8709,818,3200,2382
8710,816,3200,2384
8711,816,3200,2384
8712,816,3200,2384
8713,816,3200,2384
8714,816,3200,2384
8715,816,3200,2384
8716,816,3200,2384
8717,816,3200,2384
8718,816,3200,2384
8719,816,3200,2384
8720,815,3200,2385
8721,815,3200,2385
8722,814,3200,2386
8723,814,3200,2386
8724,814,3200,2386
8725,814,3200,2386
8726,813,3200,2387
8727,813,3200,2387
8728,812,3200,2388
8729,812,3200,2388
8730,812,3200,2388
8731,812,3200,2388
8732,811,3200,2389
8733,810,3200,2390
8734,810,3200,2390
8735,810,3200,2390
8736,810,3200,2390
8737,810,3200,2390
8738,809,3200,2391
8739,809,3200,2391
8740,808,3200,2392
8741,808,3200,2392
8742,808,3200,2392
8743,808,3200,2392
8744,808,3200,2392
8745,808,3200,2392
8746,807,3200,2393
8747,806,3200,2394
8748,806,3200,2394
8749,806,3200,2394
8750,806,3200,2394
8751,806,3200,2394
8752,806,3200,2394
8753,805,3200,2395
8754,805,3200,2395
8755,805,3200,2395
8756,805,3200,2395
8757,805,3200,2395
8758,804,3200,2396
8759,804,3200,2396
8760,804,3200,2396
8761,804,3200,2396
8762,803,3200,2397
8763,803,3200,2397
8764,802,3200,2398
8765,802,3200,2398
8766,802,3200,2398
8767,802,3200,2398
8768,800,3200,2400
8769,800,3200,2400
8770,800,3200,2400
8771,800,3200,2400
8772,800,3200,2400
8773,799,3200,2401
8774,798,3200,2402
8775,798,3200,2402
8776,798,3200,2402
8777,797,3200,2403
8778,796,3200,2404
8779,796,3200,2404
8780,796,3200,2404
8781,796,3200,2404
8782,796,3200,2404
8783,795,3200,2405
8784,795,3200,2405
8785,795,3200,2405
8786,795,3200,2405
8787,795,3200,2405
8788,794,3200,2406
8789,794,3200,2406
8790,793,3200,2407
8791,793,3200,2407
8792,793,3200,2407
8793,792,3200,2408
8794,792,3200,2408
8795,792,3200,2408
8796,791,3200,2409
8797,791,3200,2409
8798,791,3200,2409
8799,790,3200,2410
8800,790,3200,2410
8801,790,3200,2410
8802,790,3200,2410
8803,789,3200,2411
8804,788,3200,2412
8805,788,3200,2412
8806,788,3200,2412
8807,788,3200,2412
8808,787,3200,2413
8809,787,3200,2413
8810,787,3200,2413
8811,786,3200,2414
8812,786,3200,2414
8813,786,3200,2414
8814,786,3200,2414
8815,785,3200,2415
8816,785,3200,2415
8817,785,3200,2415
8818,784,3200,2416
8819,784,3200,2416
8820,784,3200,2416
8821,784,3200,2416
8822,782,3200,2418
8823,782,3200,2418
8824,782,3200,2418
8825,782,3200,2418
8826,781,3200,2419
8827,781,3200,2419
8828,780,3200,2420
8829,780,3200,2420
8830,780,3200,2420
8831,779,3200,2421
8832,779,3200,2421
8833,779,3200,2421
8834,779,3200,2421
8835,779,3200,2421
8836,778,3200,2422
8837,778,3200,2422
8838,778,3200,2422
8839,778,3200,2422
8840,778,3200,2422
8841,778,3200,2422
8842,777,3200,2423
8843,777,3200,2423
8844,777,3200,2423
8845,776,3200,2424
8846,776,3200,2424
8847,776,3200,2424
8848,776,3200,2424
8849,775,3200,2425
8850,775,3200,2425
8851,775,3200,2425
8852,774,3200,2426
8853,774,3200,2426
8854,773,3200,2427
8855,773,3200,2427
8856,773,3200,2427
8857,772,3200,2428
8858,771,3200,2429
8859,771,3200,2429
8860,771,3200,2429
8861,771,3200,2429
8862,770,3200,2430
8863,769,3200,2431
8864,769,3200,2431
8865,768,3200,2432
8866,768,3200,2432
8867,767,3200,2433
8868,767,3200,2433
8869,766,3200,2434
8870,765,3200,2435
8871,765,3200,2435
8872,764,3200,2436
8873,763,3200,2437
8874,763,3200,2437
8875,762,3200,2438
8876,762,3200,2438
8877,761,3200,2439
8878,761,3200,2439
8879,760,3200,2440
8880,760,3200,2440
8881,760,3200,2440
8882,759,3200,2441
8883,758,3200,2442
8884,758,3200,2442
8885,758,3200,2442
8886,757,3200,2443
8887,757,3200,2443
8888,757,3200,2443
8889,755,3200,2445
8890,755,3200,2445
8891,755,3200,2445
8892,755,3200,2445
8893,753,3200,2447
8894,753,3200,2447
8895,753,3200,2447
8896,753,3200,2447
8897,753,3200,2447
8898,752,3200,2448
8899,752,3200,2448
8900,751,3200,2449
8901,751,3200,2449
8902,751,3200,2449
8903,751,3200,2449
8904,751,3200,2449
8905,751,3200,2449
8906,750,3200,2450
8907,749,3200,2451
8908,749,3200,2451
8909,749,3200,2451
8910,748,3200,2452
8911,748,3200,2452
8912,748,3200,2452
8913,748,3200,2452
8914,746,3200,2454
8915,746,3200,2454
8916,746,3200,2454
8917,746,3200,2454
8918,745,3200,2455
8919,745,3200,2455
8920,745,3200,2455
8921,744,3200,2456
8922,744,3200,2456
8923,743,3200,2457
8924,743,3200,2457
8925,743,3200,2457
8926,743,3200,2457
8927,742,3200,2458
8928,741,3200,2459
8929,741,3200,2459
8930,741,3200,2459
8931,740,3200,2460
8932,740,3200,2460
8933,740,3200,2460
8934,740,3200,2460
8935,739,3200,2461
8936,738,3200,2462
8937,738,3200,2462
8938,737,3200,2463
8939,737,3200,2463
8940,737,3200,2463
8941,737,3200,2463
8942,736,3200,2464
8943,735,3200,2465
8944,735,3200,2465
8945,734,3200,2466
8946,734,3200,2466
8947,734,3200,2466
8948,733,3200,2467
8949,733,3200,2467
8950,732,3200,2468
8951,732,3200,2468
8952,732,3200,2468
8953,732,3200,2468
8954,732,3200,2468
8955,731,3200,2469
8956,730,3200,2470
8957,730,3200,2470
8958,730,3200,2470
8959,730,3200,2470
8960,730,3200,2470
8961,729,3200,2471
8962,729,3200,2471
8963,728,3200,2472
8964,728,3200,2472
8965,727,3200,2473
8966,727,3200,2473
8967,727,3200,2473
8968,726,3200,2474
8969,726,3200,2474
8970,726,3200,2474
8971,726,3200,2474
8972,725,3200,2475
8973,725,3200,2475
8974,725,3200,2475
8975,725,3200,2475
8976,724,3200,2476
8977,724,3200,2476
8978,724,3200,2476
8979,724,3200,2476
8980,724,3200,2476
8981,723,3200,2477
8982,722,3200,2478
8983,722,3200,2478
8984,722,3200,2478
8985,721,3200,2479
8986,721,3200,2479
8987,721,3200,2479
8988,721,3200,2479
8989,721,3200,2479
8990,721,3200,2479
8991,721,3200,2479
8992,720,3200,2480
8993,720,3200,2480
8994,720,3200,2480
8995,720,3200,2480
8996,719,3200,2481
8997,719,3200,2481
8998,719,3200,2481
8999,719,3200,2481
9000,719,3200,2481
9001,717,3200,2483
9002,717,3200,2483
9003,717,3200,2483
9004,716,3200,2484
9005,716,3200,2484
9006,716,3200,2484
9007,715,3200,2485
9008,715,3200,2485
9009,715,3200,2485
9010,715,3200,2485
9011,714,3200,2486
9012,714,3200,2486
9013,714,3200,2486
9014,713,3200,2487
9015,713,3200,2487
9016,713,3200,2487
9017,713,3200,2487
9018,713,3200,2487
9019,713,3200,2487
9020,712,3200,2488
9021,712,3200,2488
9022,712,3200,2488
9023,712,3200,2488
9024,712,3200,2488
9025,712,3200,2488
9026,711,3200,2489
9027,711,3200,2489
9028,711,3200,2489
9029,711,3200,2489
9030,711,3200,2489
9031,711,3200,2489
9032,710,3200,2490
9033,710,3200,2490
9034,710,3200,2490
9035,710,3200,2490
9036,710,3200,2490
9037,710,3200,2490
9038,710,3200,2490
9039,710,3200,2490
9040,709,3200,2491
9041,709,3200,2491
9042,709,3200,2491
9043,708,3200,2492
9044,708,3200,2492
9045,707,3200,2493
9046,707,3200,2493
9047,707,3200,2493
9048,705,3200,2495
9049,705,3200,2495
9050,705,3200,2495
9051,705,3200,2495
9052,704,3200,2496
9053,704,3200,2496
9054,704,3200,2496
9055,704,3200,2496
9056,704,3200,2496
9057,704,3200,2496
9058,703,3200,2497
9059,702,3200,2498
9060,702,3200,2498
9061,702,3200,2498
9062,702,3200,2498
9063,702,3200,2498
9064,702,3200,2498
9065,700,3200,2500
9066,700,3200,2500
9067,700,3200,2500
9068,700,3200,2500
9069,700,3200,2500
9070,700,3200,2500
9071,699,3200,2501
9072,698,3200,2502
9073,698,3200,2502
9074,698,3200,2502
9075,698,3200,2502
9076,697,3200,2503
9077,697,3200,2503
9078,697,3200,2503
9079,696,3200,2504
9080,695,3200,2505
9081,695,3200,2505
9082,695,3200,2505
9083,694,3200,2506
9084,694,3200,2506
9085,692,3200,2508
9086,692,3200,2508
9087,692,3200,2508
9088,691,3200,2509
9089,691,3200,2509
9090,691,3200,2509
9091,689,3200,2511
9092,689,3200,2511
9093,689,3200,2511
9094,689,3200,2511
9095,688,3200,2512
9096,687,3200,2513
9097,687,3200,2513
9098,687,3200,2513
9099,686,3200,2514
9100,686,3200,2514
9101,686,3200,2514
9102,685,3200,2515
9103,685,3200,2515
9104,685,3200,2515
9105,684,3200,2516
9106,684,3200,2516
9107,684,3200,2516
9108,684,3200,2516
9109,682,3200,2518
9110,682,3200,2518
9111,682,3200,2518
9112,681,3200,2519
9113,681,3200,2519
9114,681,3200,2519
9115,680,3200,2520
9116,679,3200,2521
9117,679,3200,2521
9118,679,3200,2521
9119,679,3200,2521
9120,678,3200,2522
9121,678,3200,2522
9122,678,3200,2522
9123,678,3200,2522
9124,677,3200,2523
9125,676,3200,2524
9126,676,3200,2524
9127,676,3200,2524
9128,676,3200,2524
9129,675,3200,2525
9130,675,3200,2525
9131,674,3200,2526
9132,674,3200,2526
9133,673,3200,2527
9134,673,3200,2527
9135,673,3200,2527
9136,673,3200,2527
9137,672,3200,2528
9138,672,3200,2528
9139,672,3200,2528
9140,672,3200,2528
9141,672,3200,2528
9142,671,3200,2529
9143,670,3200,2530
9144,670,3200,2530
9145,670,3200,2530
9146,670,3200,2530
9147,669,3200,2531
9148,669,3200,2531
9149,669,3200,2531
9150,669,3200,2531
9151,668,3200,2532
9152,667,3200,2533
9153,667,3200,2533
9154,667,3200,2533
9155,667,3200,2533
9156,667,3200,2533
9157,666,3200,2534
9158,665,3200,2535
9159,665,3200,2535
9160,665,3200,2535
9161,665,3200,2535
9162,665,3200,2535
9163,663,3200,2537
9164,663,3200,2537
9165,663,3200,2537
9166,663,3200,2537
9167,663,3200,2537
9168,663,3200,2537
9169,663,3200,2537
9170,663,3200,2537
9171,663,3200,2537
9172,662,3200,2538
9173,662,3200,2538
9174,661,3200,2539
9175,661,3200,2539
9176,661,3200,2539
9177,660,3200,2540
9178,660,3200,2540
9179,660,3200,2540
9180,660,3200,2540
9181,658,3200,2542
9182,658,3200,2542
9183,658,3200,2542
9184,657,3200,2543
9185,656,3200,2544
9186,656,3200,2544
9187,656,3200,2544
9188,656,3200,2544
9189,655,3200,2545
9190,655,3200,2545
9191,655,3200,2545
9192,655,3200,2545
9193,654,3200,2546
9194,654,3200,2546
9195,654,3200,2546
9196,654,3200,2546
9197,653,3200,2547
9198,653,3200,2547
9199,652,3200,2548
9200,652,3200,2548
9201,652,3200,2548
9202,652,3200,2548
9203,652,3200,2548
9204,651,3200,2549
9205,651,3200,2549
9206,651,3200,2549
9207,651,3200,2549
9208,651,3200,2549
9209,651,3200,2549
9210,651,3200,2549
9211,651,3200,2549
9212,651,3200,2549
9213,650,3200,2550
9214,650,3200,2550
9215,650,3200,2550
9216,650,3200,2550
9217,650,3200,2550
9218,649,3200,2551
9219,649,3200,2551
9220,649,3200,2551
9221,649,3200,2551
9222,648,3200,2552
9223,648,3200,2552
9224,648,3200,2552
9225,648,3200,2552
9226,648,3200,2552
9227,648,3200,2552
9228,648,3200,2552
9229,648,3200,2552
9230,648,3200,2552
9231,647,3200,2553
9232,647,3200,2553
9233,647,3200,2553
9234,647,3200,2553
9235,647,3200,2553
9236,647,3200,2553
9237,647,3200,2553
9238,646,3200,2554
9239,646,3200,2554
9240,645,3200,2555
9241,645,3200,2555
9242,645,3200,2555
9243,645,3200,2555
9244,645,3200,2555
9245,645,3200,2555
9246,644,3200,2556
9247,644,3200,2556
9248,644,3200,2556
9249,644,3200,2556
9250,644,3200,2556
9251,644,3200,2556
9252,643,3200,2557
9253,643,3200,2557
9254,643,3200,2557
9255,643,3200,2557
9256,643,3200,2557
9257,642,3200,2558
9258,642,3200,2558
9259,642,3200,2558
9260,641,3200,2559
9261,641,3200,2559
9262,641,3200,2559
9263,641,3200,2559
9264,641,3200,2559
9265,641,3200,2559
9266,641,3200,2559
9267,640,3200,2560
9268,640,3200,2560
9269,640,3200,2560
9270,640,3200,2560
9271,639,3200,2561
9272,638,3200,2562
9273,638,3200,2562
9274,638,3200,2562
9275,638,3200,2562
9276,637,3200,2563
9277,637,3200,2563
9278,637,3200,2563
9279,637,3200,2563
9280,636,3200,2564
9281,635,3200,2565
9282,635,3200,2565
9283,635,3200,2565
9284,635,3200,2565
9285,634,3200,2566
9286,634,3200,2566
9287,634,3200,2566
9288,634,3200,2566
9289,634,3200,2566
9290,633,3200,2567
9291,633,3200,2567
9292,633,3200,2567
9293,633,3200,2567
9294,633,3200,2567
9295,633,3200,2567
9296,632,3200,2568
9297,632,3200,2568
9298,631,3200,2569
9299,631,3200,2569
9300,631,3200,2569
9301,631,3200,2569
9302,630,3200,2570
9303,630,3200,2570
9304,630,3200,2570
9305,629,3200,2571
9306,629,3200,2571
9307,629,3200,2571
9308,629,3200,2571
9309,629,3200,2571
9310,629,3200,2571
9311,628,3200,2572
9312,627,3200,2573
9313,627,3200,2573
9314,627,3200,2573
9315,627,3200,2573
9316,627,3200,2573
9317,627,3200,2573
9318,627,3200,2573
9319,626,3200,2574
9320,626,3200,2574
9321,626,3200,2574
9322,625,3200,2575
9323,625,3200,2575
9324,625,3200,2575
9325,624,3200,2576
9326,624,3200,2576
9327,624,3200,2576
9328,624,3200,2576
9329,623,3200,2577
9330,622,3200,2578
9331,622,3200,2578
9332,622,3200,2578
9333,622,3200,2578
9334,622,3200,2578
9335,622,3200,2578
9336,620,3200,2580
9337,620,3200,2580
9338,620,3200,2580
9339,620,3200,2580
9340,620,3200,2580
9341,619,3200,2581
9342,619,3200,2581
9343,618,3200,2582
9344,618,3200,2582
9345,618,3200,2582
9346,618,3200,2582
9347,617,3200,2583
9348,617,3200,2583
9349,617,3200,2583
9350,617,3200,2583
9351,616,3200,2584
9352,615,3200,2585
9353,615,3200,2585
9354,615,3200,2585
9355,615,3200,2585
9356,614,3200,2586
9357,614,3200,2586
9358,613,3200,2587
9359,613,3200,2587
9360,613,3200,2587
9361,613,3200,2587
9362,613,3200,2587
9363,613,3200,2587
9364,613,3200,2587
9365,612,3200,2588
9366,612,3200,2588
9367,612,3200,2588
9368,612,3200,2588
9369,612,3200,2588
9370,612,3200,2588
9371,611,3200,2589
9372,610,3200,2590
9373,610,3200,2590
9374,610,3200,2590
9375,610,3200,2590
9376,609,3200,2591
9377,609,3200,2591
9378,609,3200,2591
9379,608,3200,2592
9380,608,3200,2592
9381,608,3200,2592
9382,608,3200,2592
9383,608,3200,2592
9384,608,3200,2592
9385,608,3200,2592
9386,608,3200,2592
9387,607,3200,2593
9388,606,3200,2594
9389,606,3200,2594
9390,606,3200,2594
9391,606,3200,2594
9392,606,3200,2594
9393,606,3200,2594
9394,605,3200,2595
9395,605,3200,2595
9396,605,3200,2595
9397,605,3200,2595
9398,605,3200,2595
9399,604,3200,2596
9400,604,3200,2596
9401,604,3200,2596
9402,604,3200,2596
9403,604,3200,2596
9404,603,3200,2597
9405,603,3200,2597
9406,603,3200,2597
9407,603,3200,2597
9408,602,3200,2598
9409,602,3200,2598
9410,602,3200,2598
9411,602,3200,2598
9412,602,3200,2598
9413,601,3200,2599
9414,601,3200,2599
9415,601,3200,2599
9416,601,3200,2599
9417,600,3200,2600
9418,600,3200,2600
9419,600,3200,2600
9420,599,3200,2601
9421,599,3200,2601
9422,599,3200,2601
9423,599,3200,2601
9424,598,3200,2602
9425,598,3200,2602
9426,598,3200,2602
9427,597,3200,2603
9428,597,3200,2603
9429,597,3200,2603
9430,597,3200,2603
9431,597,3200,2603
9432,596,3200,2604
9433,595,3200,2605
9434,595,3200,2605
9435,594,3200,2606
9436,594,3200,2606
9437,594,3200,2606
9438,593,3200,2607
9439,592,3200,2608
9440,592,3200,2608
9441,592,3200,2608
9442,591,3200,2609
9443,591,3200,2609
9444,590,3200,2610
9445,590,3200,2610
9446,590,3200,2610
9447,589,3200,2611
9448,589,3200,2611
9449,588,3200,2612
9450,587,3200,2613
9451,587,3200,2613
9452,587,3200,2613
9453,587,3200,2613
9454,586,3200,2614
9455,586,3200,2614
9456,585,3200,2615
9457,585,3200,2615
9458,584,3200,2616
9459,584,3200,2616
9460,583,3200,2617
9461,583,3200,2617
9462,583,3200,2617
9463,583,3200,2617
9464,583,3200,2617
9465,583,3200,2617
9466,583,3200,2617
9467,582,3200,2618
9468,582,3200,2618
9469,582,3200,2618
9470,581,3200,2619
9471,581,3200,2619
9472,580,3200,2620
9473,580,3200,2620
9474,580,3200,2620
9475,580,3200,2620
9476,580,3200,2620
9477,580,3200,2620
9478,579,3200,2621
9479,578,3200,2622
9480,577,3200,2623
9481,576,3200,2624
9482,576,3200,2624
9483,576,3200,2624
9484,576,3200,2624
9485,576,3200,2624
9486,574,3200,2626
9487,573,3200,2627
9488,573,3200,2627
9489,573,3200,2627
9490,573,3200,2627
9491,572,3200,2628
9492,571,3200,2629
9493,571,3200,2629
9494,571,3200,2629
9495,571,3200,2629
9496,571,3200,2629
9497,570,3200,2630
9498,568,3200,2632
9499,568,3200,2632
9500,568,3200,2632
9501,567,3200,2633
9502,567,3200,2633
9503,566,3200,2634
9504,565,3200,2635
9505,565,3200,2635
9506,564,3200,2636
9507,563,3200,2637
9508,563,3200,2637
9509,563,3200,2637
9510,561,3200,2639
9511,561,3200,2639
9512,560,3200,2640
9513,559,3200,2641
9514,559,3200,2641
9515,558,3200,2642
9516,558,3200,2642
9517,556,3200,2644
9518,555,3200,2645
9519,555,3200,2645
9520,554,3200,2646
9521,554,3200,2646
9522,552,3200,2648
9523,551,3200,2649
9524,551,3200,2649
9525,551,3200,2649
9526,549,3200,2651
9527,549,3200,2651
9528,549,3200,2651
9529,548,3200,2652
9530,548,3200,2652
9531,547,3200,2653
9532,545,3200,2655
9533,545,3200,2655
9534,545,3200,2655
9535,545,3200,2655
9536,545,3200,2655
9537,544,3200,2656
9538,544,3200,2656
9539,544,3200,2656
9540,543,3200,2657
9541,542,3200,2658
9542,541,3200,2659
9543,541,3200,2659
9544,540,3200,2660
9545,540,3200,2660
9546,539,3200,2661
9547,539,3200,2661
9548,538,3200,2662
9549,537,3200,2663
9550,537,3200,2663
9551,537,3200,2663
9552,536,3200,2664
9553,535,3200,2665
9554,534,3200,2666
9555,533,3200,2667
9556,533,3200,2667
9557,532,3200,2668
9558,531,3200,2669
9559,530,3200,2670
9560,528,3200,2672
9561,528,3200,2672
9562,528,3200,2672
9563,528,3200,2672
9564,528,3200,2672
9565,527,3200,2673
9566,526,3200,2674
9567,525,3200,2675
9568,523,3200,2677
9569,523,3200,2677
9570,521,3200,2679
9571,520,3200,2680
9572,520,3200,2680
9573,519,3200,2681
9574,519,3200,2681
9575,519,3200,2681
9576,518,3200,2682
9577,517,3200,2683
9578,516,3200,2684
9579,516,3200,2684
9580,515,3200,2685
9581,514,3200,2686
9582,513,3200,2687
9583,512,3200,2688
9584,512,3200,2688
9585,511,3200,2689
9586,510,3200,2690
9587,508,3200,2692
9588,507,3200,2693
9589,507,3200,2693
9590,507,3200,2693
9591,506,3200,2694
9592,505,3200,2695
9593,505,3200,2695
9594,503,3200,2697
9595,503,3200,2697
9596,502,3200,2698
9597,500,3200,2700
9598,500,3200,2700
9599,500,3200,2700
9600,500,3200,2700
9601,499,3200,2701
9602,499,3200,2701
9603,499,3200,2701
9604,495,3200,2705
9605,495,3200,2705
9606,494,3200,2706
9607,494,3200,2706
9608,494,3200,2706
9609,492,3200,2708
9610,492,3200,2708
9611,492,3200,2708
9612,492,3200,2708
9613,491,3200,2709
9614,489,3200,2711
9615,489,3200,2711
9616,488,3200,2712
9617,488,3200,2712
9618,488,3200,2712
9619,487,3200,2713
9620,487,3200,2713
9621,487,3200,2713
9622,487,3200,2713
9623,486,3200,2714
9624,485,3200,2715
9625,483,3200,2717
9626,483,3200,2717
9627,483,3200,2717
9628,482,3200,2718
9629,481,3200,2719
9630,480,3200,2720
9631,480,3200,2720
9632,478,3200,2722
9633,478,3200,2722
9634,477,3200,2723
9635,476,3200,2724
9636,476,3200,2724
9637,475,3200,2725
9638,474,3200,2726
9639,474,3200,2726
9640,473,3200,2727
9641,473,3200,2727
9642,472,3200,2728
9643,472,3200,2728
9644,470,3200,2730
9645,470,3200,2730
9646,470,3200,2730
9647,470,3200,2730
9648,470,3200,2730
9649,469,3200,2731
9650,469,3200,2731
9651,468,3200,2732
9652,468,3200,2732
9653,467,3200,2733
9654,467,3200,2733
9655,466,3200,2734
9656,465,3200,2735
9657,464,3200,2736
9658,464,3200,2736
9659,463,3200,2737
9660,463,3200,2737
9661,462,3200,2738
9662,461,3200,2739
9663,461,3200,2739
9664,461,3200,2739
9665,460,3200,2740
9666,460,3200,2740
9667,460,3200,2740
9668,458,3200,2742
9669,458,3200,2742
9670,458,3200,2742
9671,457,3200,2743
9672,456,3200,2744
9673,456,3200,2744
9674,455,3200,2745
9675,454,3200,2746
9676,454,3200,2746
9677,454,3200,2746
9678,453,3200,2747
9679,453,3200,2747
9680,452,3200,2748
9681,452,3200,2748
9682,451,3200,2749
9683,451,3200,2749
9684,450,3200,2750
9685,449,3200,2751
9686,447,3200,2753
9687,447,3200,2753
9688,446,3200,2754
9689,446,3200,2754
9690,445,3200,2755
9691,445,3200,2755
9692,445,3200,2755
9693,444,3200,2756
9694,444,3200,2756
9695,444,3200,2756
9696,443,3200,2757
9697,443,3200,2757
9698,443,3200,2757
9699,442,3200,2758
9700,442,3200,2758
9701,441,3200,2759
9702,440,3200,2760
9703,440,3200,2760
9704,440,3200,2760
9705,440,3200,2760
9706,440,3200,2760
9707,439,3200,2761
9708,438,3200,2762
9709,438,3200,2762
9710,437,3200,2763
9711,437,3200,2763
9712,437,3200,2763
9713,436,3200,2764
9714,436,3200,2764
9715,436,3200,2764
9716,435,3200,2765
9717,435,3200,2765
9718,434,3200,2766
9719,433,3200,2767
9720,432,3200,2768
9721,432,3200,2768
9722,432,3200,2768
9723,432,3200,2768
9724,431,3200,2769
9725,431,3200,2769
9726,430,3200,2770
9727,430,3200,2770
9728,430,3200,2770
9729,430,3200,2770
9730,430,3200,2770
9731,430,3200,2770
9732,429,3200,2771
9733,429,3200,2771
9734,429,3200,2771
9735,429,3200,2771
9736,429,3200,2771
9737,428,3200,2772
9738,427,3200,2773
9739,427,3200,2773
9740,427,3200,2773
9741,427,3200,2773
9742,427,3200,2773
9743,427,3200,2773
9744,426,3200,2774
9745,425,3200,2775
9746,425,3200,2775
9747,425,3200,2775
9748,425,3200,2775
9749,425,3200,2775
9750,423,3200,2777
9751,423,3200,2777
9752,423,3200,2777
9753,422,3200,2778
9754,422,3200,2778
9755,421,3200,2779
9756,421,3200,2779
9757,420,3200,2780
9758,420,3200,2780
9759,419,3200,2781
9760,418,3200,2782
9761,418,3200,2782
9762,417,3200,2783
9763,417,3200,2783
9764,417,3200,2783
9765,416,3200,2784
9766,416,3200,2784
9767,416,3200,2784
9768,416,3200,2784
9769,415,3200,2785
9770,415,3200,2785
9771,415,3200,2785
9772,415,3200,2785
9773,415,3200,2785
9774,414,3200,2786
9775,414,3200,2786
9776,414,3200,2786
9777,414,3200,2786
9778,414,3200,2786
9779,414,3200,2786
9780,414,3200,2786
9781,414,3200,2786
9782,414,3200,2786
9783,414,3200,2786
9784,414,3200,2786
9785,414,3200,2786
9786,414,3200,2786
9787,414,3200,2786
9788,413,3200,2787
9789,413,3200,2787
9790,413,3200,2787
9791,412,3200,2788
9792,412,3200,2788
9793,412,3200,2788
9794,411,3200,2789
9795,411,3200,2789
9796,411,3200,2789
9797,411,3200,2789
9798,411,3200,2789
9799,411,3200,2789
9800,410,3200,2790
9801,410,3200,2790
9802,410,3200,2790
9803,410,3200,2790
9804,410,3200,2790
9805,410,3200,2790
9806,410,3200,2790
9807,410,3200,2790
9808,410,3200,2790
9809,410,3200,2790
9810,410,3200,2790
9811,410,3200,2790
9812,410,3200,2790
9813,410,3200,2790
9814,410,3200,2790
9815,410,3200,2790
9816,410,3200,2790
9817,410,3200,2790
9818,410,3200,2790
9819,410,3200,2790
9820,410,3200,2790
9821,410,3200,2790
9822,409,3200,2791
9823,409,3200,2791
9824,409,3200,2791
9825,409,3200,2791
9826,409,3200,2791
9827,409,3200,2791
9828,409,3200,2791
9829,409,3200,2791
9830,409,3200,2791
9831,409,3200,2791
9832,409,3200,2791
9833,409,3200,2791
9834,409,3200,2791
9835,409,3200,2791
9836,409,3200,2791
9837,409,3200,2791
9838,409,3200,2791
9839,409,3200,2791
9840,409,3200,2791
9841,409,3200,2791
9842,409,3200,2791
9843,409,3200,2791
9844,409,3200,2791
9845,409,3200,2791
9846,409,3200,2791
9847,409,3200,2791
9848,409,3200,2791
9849,409,3200,2791
9850,409,3200,2791
9851,409,3200,2791
9852,409,3200,2791
9853,409,3200,2791
9854,409,3200,2791
9855,409,3200,2791
9856,409,3200,2791
9857,408,3200,2792
9858,408,3200,2792
9859,408,3200,2792
9860,408,3200,2792
9861,408,3200,2792
9862,408,3200,2792
9863,408,3200,2792
9864,408,3200,2792
9865,408,3200,2792
9866,408,3200,2792
9867,408,3200,2792
9868,408,3200,2792
9869,408,3200,2792
9870,408,3200,2792
9871,408,3200,2792
9872,408,3200,2792
9873,408,3200,2792
9874,408,3200,2792
9875,408,3200,2792
9876,408,3200,2792
9877,408,3200,2792
9878,408,3200,2792
9879,408,3200,2792
9880,407,3200,2793
9881,407,3200,2793
9882,407,3200,2793
9883,407,3200,2793
9884,407,3200,2793
9885,407,3200,2793
9886,407,3200,2793
9887,407,3200,2793
9888,407,3200,2793
9889,407,3200,2793
9890,407,3200,2793
9891,407,3200,2793
9892,407,3200,2793
9893,407,3200,2793
9894,407,3200,2793
9895,407,3200,2793
9896,407,3200,2793
9897,407,3200,2793
9898,407,3200,2793
9899,406,3200,2794
9900,406,3200,2794
9901,406,3200,2794
9902,406,3200,2794
9903,406,3200,2794
9904,406,3200,2794
9905,406,3200,2794
9906,406,3200,2794
9907,406,3200,2794
9908,406,3200,2794
9909,405,3200,2795
9910,405,3200,2795
9911,405,3200,2795
9912,405,3200,2795
9913,405,3200,2795
9914,405,3200,2795
9915,405,3200,2795
9916,405,3200,2795
9917,405,3200,2795
9918,405,3200,2795
9919,405,3200,2795
9920,405,3200,2795
9921,405,3200,2795
9922,405,3200,2795
9923,405,3200,2795
9924,404,3200,2796
9925,404,3200,2796
9926,404,3200,2796
9927,404,3200,2796
9928,404,3200,2796
9929,404,3200,2796
9930,404,3200,2796
9931,404,3200,2796
9932,404,3200,2796
9933,404,3200,2796
9934,403,3200,2797
9935,403,3200,2797
9936,403,3200,2797
9937,403,3200,2797
9938,403,3200,2797
9939,403,3200,2797
9940,403,3200,2797
9941,403,3200,2797
9942,403,3200,2797
9943,403,3200,2797
9944,403,3200,2797
9945,402,3200,2798
9946,402,3200,2798
9947,402,3200,2798
9948,402,3200,2798
9949,402,3200,2798
9950,402,3200,2798
9951,402,3200,2798
9952,402,3200,2798
9953,402,3200,2798
9954,402,3200,2798
9955,401,3200,2799
9956,401,3200,2799
9957,401,3200,2799
9958,401,3200,2799
9959,400,3200,2800
9960,400,3200,2800
9961,400,3200,2800
9962,400,3200,2800
9963,400,3200,2800
9964,400,3200,2800
9965,400,3200,2800
9966,399,3200,2801
9967,399,3200,2801
9968,399,3200,2801
9969,399,3200,2801
9970,399,3200,2801
9971,399,3200,2801
9972,399,3200,2801
9973,399,3200,2801
9974,399,3200,2801
9975,399,3200,2801
9976,399,3200,2801
9977,398,3200,2802
9978,398,3200,2802
9979,398,3200,2802
9980,398,3200,2802
9981,398,3200,2802
9982,397,3200,2803
9983,397,3200,2803
9984,397,3200,2803
9985,396,3200,2804
9986,396,3200,2804
9987,396,3200,2804
9988,396,3200,2804
9989,396,3200,2804
9990,396,3200,2804
9991,395,3200,2805
9992,395,3200,2805
9993,395,3200,2805
9994,395,3200,2805
9995,395,3200,2805
9996,394,3200,2806
9997,394,3200,2806
9998,394,3200,2806
9999,394,3200,2806
10000,394,3200,2806
10001,394,3200,2806
10002,394,3200,2806
10003,393,3200,2807
10004,393,3200,2807
10005,393,3200,2807
10006,393,3200,2807
10007,392,3200,2808
10008,392,3200,2808
10009,392,3200,2808
10010,392,3200,2808
10011,392,3200,2808
10012,392,3200,2808
10013,392,3200,2808
10014,392,3200,2808
10015,392,3200,2808
10016,392,3200,2808
10017,392,3200,2808
10018,392,3200,2808
10019,392,3200,2808
10020,392,3200,2808
10021,392,3200,2808
10022,392,3200,2808
10023,392,3200,2808
10024,391,3200,2809
10025,391,3200,2809
10026,391,3200,2809
10027,391,3200,2809
10028,391,3200,2809
10029,391,3200,2809
10030,391,3200,2809
10031,391,3200,2809
10032,391,3200,2809
10033,391,3200,2809
10034,391,3200,2809
10035,391,3200,2809
10036,391,3200,2809
10037,390,3200,2810
10038,390,3200,2810
10039,390,3200,2810
10040,390,3200,2810
10041,390,3200,2810
10042,390,3200,2810
10043,390,3200,2810
10044,390,3200,2810
10045,390,3200,2810
10046,390,3200,2810
10047,390,3200,2810
10048,389,3200,2811
10049,389,3200,2811
10050,389,3200,2811
10051,389,3200,2811
10052,389,3200,2811
10053,388,3200,2812
10054,388,3200,2812
10055,388,3200,2812
10056,388,3200,2812
10057,388,3200,2812
10058,388,3200,2812
10059,388,3200,2812
10060,388,3200,2812
10061,388,3200,2812
10062,388,3200,2812
10063,387,3200,2813
10064,387,3200,2813
10065,387,3200,2813
10066,387,3200,2813
10067,387,3200,2813
10068,386,3200,2814
10069,386,3200,2814
10070,386,3200,2814
10071,386,3200,2814
10072,386,3200,2814
10073,386,3200,2814
10074,386,3200,2814
10075,386,3200,2814
10076,386,3200,2814
10077,386,3200,2814
10078,386,3200,2814
10079,385,3200,2815
10080,385,3200,2815
10081,385,3200,2815
10082,385,3200,2815
10083,385,3200,2815
10084,385,3200,2815
10085,385,3200,2815
10086,384,3200,2816
10087,384,3200,2816
10088,384,3200,2816
10089,384,3200,2816
10090,383,3200,2817
10091,383,3200,2817
10092,382,3200,2818
10093,382,3200,2818
10094,382,3200,2818
10095,381,3200,2819
10096,381,3200,2819
10097,381,3200,2819
10098,381,3200,2819
10099,381,3200,2819
10100,380,3200,2820
10101,379,3200,2821
10102,379,3200,2821
10103,379,3200,2821
10104,379,3200,2821
10105,378,3200,2822
10106,377,3200,2823
10107,377,3200,2823
10108,377,3200,2823
10109,376,3200,2824
10110,376,3200,2824
10111,376,3200,2824
10112,376,3200,2824
10113,375,3200,2825
10114,374,3200,2826
10115,374,3200,2826
10116,374,3200,2826
10117,374,3200,2826
10118,374,3200,2826
10119,374,3200,2826
10120,373,3200,2827
10121,372,3200,2828
10122,372,3200,2828
10123,372,3200,2828
10124,372,3200,2828
10125,372,3200,2828
10126,371,3200,2829
10127,371,3200,2829
10128,371,3200,2829
10129,371,3200,2829
10130,371,3200,2829
10131,371,3200,2829
10132,370,3200,2830
10133,370,3200,2830
10134,370,3200,2830
10135,370,3200,2830
10136,370,3200,2830
10137,369,3200,2831
10138,369,3200,2831
10139,369,3200,2831
10140,368,3200,2832
10141,368,3200,2832
10142,368,3200,2832
10143,367,3200,2833
10144,367,3200,2833
10145,367,3200,2833
10146,366,3200,2834
10147,366,3200,2834
10148,366,3200,2834
10149,365,3200,2835
10150,365,3200,2835
10151,365,3200,2835
10152,365,3200,2835
10153,365,3200,2835
10154,364,3200,2836
10155,364,3200,2836
10156,364,3200,2836
10157,364,3200,2836
10158,364,3200,2836
10159,364,3200,2836
10160,363,3200,2837
10161,363,3200,2837
10162,363,3200,2837
10163,363,3200,2837
10164,363,3200,2837
10165,363,3200,2837
10166,363,3200,2837
10167,361,3200,2839
10168,361,3200,2839
10169,361,3200,2839
10170,361,3200,2839
10171,361,3200,2839
10172,360,3200,2840
10173,359,3200,2841
10174,359,3200,2841
10175,359,3200,2841
10176,357,3200,2843
10177,357,3200,2843
10178,357,3200,2843
10179,356,3200,2844
10180,356,3200,2844
10181,355,3200,2845
10182,355,3200,2845
10183,354,3200,2846
10184,353,3200,2847
10185,353,3200,2847
10186,353,3200,2847
10187,353,3200,2847
10188,351,3200,2849
10189,351,3200,2849
10190,351,3200,2849
10191,351,3200,2849
10192,350,3200,2850
10193,350,3200,2850
10194,350,3200,2850
10195,348,3200,2852
10196,348,3200,2852
10197,348,3200,2852
10198,348,3200,2852
10199,348,3200,2852
10200,348,3200,2852
10201,347,3200,2853
10202,347,3200,2853
10203,347,3200,2853
10204,347,3200,2853
10205,346,3200,2854
10206,346,3200,2854
10207,345,3200,2855
10208,345,3200,2855
10209,345,3200,2855
10210,345,3200,2855
10211,345,3200,2855
10212,344,3200,2856
10213,344,3200,2856
10214,344,3200,2856
10215,344,3200,2856
10216,344,3200,2856
10217,343,3200,2857
10218,342,3200,2858
10219,342,3200,2858
10220,342,3200,2858
10221,342,3200,2858
10222,342,3200,2858
10223,342,3200,2858
10224,341,3200,2859
10225,340,3200,2860
10226,340,3200,2860
10227,340,3200,2860
10228,340,3200,2860
10229,339,3200,2861
10230,338,3200,2862
10231,338,3200,2862
10232,338,3200,2862
10233,338,3200,2862
10234,337,3200,2863
10235,336,3200,2864
10236,336,3200,2864
10237,336,3200,2864
10238,335,3200,2865
10239,334,3200,2866
10240,334,3200,2866
10241,334,3200,2866
10242,333,3200,2867
10243,332,3200,2868
10244,332,3200,2868
10245,332,3200,2868
10246,332,3200,2868
10247,330,3200,2870
10248,330,3200,2870
10249,330,3200,2870
10250,329,3200,2871
10251,328,3200,2872
10252,328,3200,2872
10253,328,3200,2872
10254,327,3200,2873
10255,327,3200,2873
10256,326,3200,2874
10257,325,3200,2875
10258,325,3200,2875
10259,325,3200,2875
10260,325,3200,2875
10261,325,3200,2875
10262,323,3200,2877
10263,323,3200,2877
10264,323,3200,2877
10265,323,3200,2877
10266,322,3200,2878
10267,321,3200,2879
10268,321,3200,2879
10269,321,3200,2879
10270,321,3200,2879
10271,321,3200,2879
10272,320,3200,2880
10273,319,3200,2881
10274,319,3200,2881
10275,319,3200,2881
10276,318,3200,2882
10277,318,3200,2882
10278,318,3200,2882
10279,316,3200,2884
10280,316,3200,2884
10281,316,3200,2884
10282,316,3200,2884
10283,315,3200,2885
10284,315,3200,2885
10285,314,3200,2886
10286,314,3200,2886
10287,313,3200,2887
10288,313,3200,2887
10289,313,3200,2887
10290,313,3200,2887
10291,311,3200,2889
10292,311,3200,2889
10293,311,3200,2889
10294,311,3200,2889
10295,311,3200,2889
10296,310,3200,2890
10297,309,3200,2891
10298,309,3200,2891
10299,309,3200,2891
10300,308,3200,2892
10301,307,3200,2893
10302,307,3200,2893
10303,307,3200,2893
10304,307,3200,2893
10305,306,3200,2894
10306,306,3200,2894
10307,306,3200,2894
10308,305,3200,2895
10309,305,3200,2895
10310,305,3200,2895
10311,305,3200,2895
10312,305,3200,2895
10313,305,3200,2895
10314,304,3200,2896
10315,304,3200,2896
10316,304,3200,2896
10317,303,3200,2897
10318,303,3200,2897
10319,303,3200,2897
10320,303,3200,2897
10321,302,3200,2898
10322,302,3200,2898
10323,302,3200,2898
10324,301,3200,2899
10325,301,3200,2899
10326,301,3200,2899
10327,301,3200,2899
10328,300,3200,2900
10329,300,3200,2900
10330,299,3200,2901
10331,299,3200,2901
10332,299,3200,2901
10333,299,3200,2901
10334,299,3200,2901
10335,299,3200,2901
10336,299,3200,2901
10337,299,3200,2901
10338,299,3200,2901
10339,299,3200,2901
10340,299,3200,2901
10341,299,3200,2901
10342,299,3200,2901
10343,298,3200,2902
10344,298,3200,2902
10345,298,3200,2902
10346,297,3200,2903
10347,297,3200,2903
10348,297,3200,2903
10349,296,3200,2904
10350,296,3200,2904
10351,295,3200,2905
10352,295,3200,2905
10353,294,3200,2906
10354,294,3200,2906
10355,294,3200,2906
10356,293,3200,2907
10357,293,3200,2907
10358,292,3200,2908
10359,292,3200,2908
10360,292,3200,2908
10361,292,3200,2908
10362,291,3200,2909
10363,291,3200,2909
10364,291,3200,2909
10365,291,3200,2909
10366,291,3200,2909
10367,291,3200,2909
10368,291,3200,2909
10369,291,3200,2909
10370,291,3200,2909
10371,291,3200,2909
10372,291,3200,2909
10373,291,3200,2909
10374,291,3200,2909
10375,291,3200,2909
10376,291,3200,2909
10377,291,3200,2909
10378,291,3200,2909
10379,290,3200,2910
10380,289,3200,2911
10381,289,3200,2911
10382,289,3200,2911
10383,289,3200,2911
10384,288,3200,2912
10385,288,3200,2912
10386,288,3200,2912
10387,287,3200,2913
10388,287,3200,2913
10389,287,3200,2913
10390,287,3200,2913
10391,287,3200,2913
10392,287,3200,2913
10393,287,3200,2913
10394,286,3200,2914
10395,286,3200,2914
10396,286,3200,2914
10397,286,3200,2914
10398,284,3200,2916
10399,284,3200,2916
10400,284,3200,2916
10401,284,3200,2916
10402,284,3200,2916
10403,284,3200,2916
10404,283,3200,2917
10405,283,3200,2917
10406,283,3200,2917
10407,283,3200,2917
10408,282,3200,2918
10409,282,3200,2918
10410,282,3200,2918
10411,282,3200,2918
10412,282,3200,2918
10413,282,3200,2918
10414,282,3200,2918
10415,281,3200,2919
10416,281,3200,2919
10417,281,3200,2919
10418,281,3200,2919
10419,281,3200,2919
10420,281,3200,2919
10421,280,3200,2920
10422,279,3200,2921
10423,279,3200,2921
10424,279,3200,2921
10425,279,3200,2921
10426,279,3200,2921
10427,279,3200,2921
10428,279,3200,2921
10429,279,3200,2921
10430,278,3200,2922
10431,278,3200,2922
10432,278,3200,2922
10433,277,3200,2923
10434,277,3200,2923
10435,277,3200,2923
10436,277,3200,2923
10437,276,3200,2924
10438,276,3200,2924
10439,276,3200,2924
10440,276,3200,2924
10441,275,3200,2925
10442,274,3200,2926
10443,274,3200,2926
10444,274,3200,2926
10445,274,3200,2926
10446,274,3200,2926
10447,274,3200,2926
10448,273,3200,2927
10449,273,3200,2927
10450,272,3200,2928
10451,272,3200,2928
10452,272,3200,2928
10453,272,3200,2928
10454,272,3200,2928
10455,271,3200,2929
10456,271,3200,2929
10457,270,3200,2930
10458,270,3200,2930
10459,270,3200,2930
10460,270,3200,2930
10461,270,3200,2930
10462,269,3200,2931
10463,269,3200,2931
10464,269,3200,2931
10465,269,3200,2931
10466,269,3200,2931
10467,268,3200,2932
10468,267,3200,2933
10469,267,3200,2933
10470,267,3200,2933
10471,267,3200,2933
10472,267,3200,2933
10473,266,3200,2934
10474,266,3200,2934
10475,266,3200,2934
10476,265,3200,2935
10477,265,3200,2935
10478,265,3200,2935
10479,264,3200,2936
10480,264,3200,2936
10481,263,3200,2937
10482,263,3200,2937
10483,263,3200,2937
10484,262,3200,2938
10485,260,3200,2940
10486,259,3200,2941
10487,258,3200,2942
10488,258,3200,2942
10489,257,3200,2943
10490,256,3200,2944
10491,256,3200,2944
10492,256,3200,2944
10493,255,3200,2945
10494,255,3200,2945
10495,254,3200,2946
10496,253,3200,2947
10497,253,3200,2947
10498,252,3200,2948
10499,252,3200,2948
10500,251,3200,2949
10501,251,3200,2949
10502,251,3200,2949
10503,250,3200,2950
10504,249,3200,2951
10505,248,3200,2952
10506,247,3200,2953
10507,247,3200,2953
10508,247,3200,2953
10509,246,3200,2954
10510,245,3200,2955
10511,245,3200,2955
10512,245,3200,2955
10513,245,3200,2955
10514,244,3200,2956
10515,243,3200,2957
10516,242,3200,2958
10517,241,3200,2959
10518,241,3200,2959
10519,240,3200,2960
10520,238,3200,2962
10521,238,3200,2962
10522,238,3200,2962
10523,237,3200,2963
10524,235,3200,2965
10525,235,3200,2965
10526,235,3200,2965
10527,233,3200,2967
10528,232,3200,2968
10529,232,3200,2968
10530,232,3200,2968
10531,231,3200,2969
10532,229,3200,2971
10533,229,3200,2971
10534,229,3200,2971
10535,229,3200,2971
10536,227,3200,2973
10537,226,3200,2974
10538,225,3200,2975
10539,225,3200,2975
10540,223,3200,2977
10541,223,3200,2977
10542,222,3200,2978
10543,221,3200,2979
10544,219,3200,2981
10545,219,3200,2981
10546,219,3200,2981
10547,219,3200,2981
10548,218,3200,2982
10549,217,3200,2983
10550,217,3200,2983
10551,217,3200,2983
10552,215,3200,2985
10553,214,3200,2986
10554,214,3200,2986
10555,213,3200,2987
10556,213,3200,2987
10557,211,3200,2989
10558,210,3200,2990
10559,210,3200,2990
10560,209,3200,2991
10561,209,3200,2991
10562,209,3200,2991
10563,207,3200,2993
10564,207,3200,2993
10565,207,3200,2993
10566,206,3200,2994
10567,206,3200,2994
10568,206,3200,2994
10569,205,3200,2995
10570,205,3200,2995
10571,204,3200,2996
10572,203,3200,2997
10573,202,3200,2998
10574,201,3200,2999
10575,199,3200,3001
10576,199,3200,3001
10577,199,3200,3001
10578,198,3200,3002
10579,198,3200,3002
10580,197,3200,3003
10581,197,3200,3003
10582,197,3200,3003
10583,196,3200,3004
10584,194,3200,3006
10585,194,3200,3006
10586,194,3200,3006
10587,194,3200,3006
10588,193,3200,3007
10589,191,3200,3009
10590,191,3200,3009
10591,189,3200,3011
10592,189,3200,3011
10593,187,3200,3013
10594,187,3200,3013
10595,186,3200,3014
10596,184,3200,3016
10597,184,3200,3016
10598,183,3200,3017
10599,182,3200,3018
10600,182,3200,3018
10601,181,3200,3019
10602,181,3200,3019
10603,181,3200,3019
10604,180,3200,3020
10605,179,3200,3021
10606,178,3200,3022
10607,178,3200,3022
10608,178,3200,3022
10609,177,3200,3023
10610,176,3200,3024
10611,176,3200,3024
10612,176,3200,3024
10613,174,3200,3026
10614,173,3200,3027
10615,172,3200,3028
10616,171,3200,3029
10617,171,3200,3029
10618,171,3200,3029
10619,171,3200,3029
10620,169,3200,3031
10621,168,3200,3032
10622,168,3200,3032
10623,167,3200,3033
10624,167,3200,3033
10625,167,3200,3033
10626,167,3200,3033
10627,166,3200,3034
10628,165,3200,3035
10629,165,3200,3035
10630,164,3200,3036
10631,162,3200,3038
10632,161,3200,3039
10633,161,3200,3039
10634,160,3200,3040
10635,160,3200,3040
10636,160,3200,3040
10637,159,3200,3041
10638,158,3200,3042
10639,158,3200,3042
10640,158,3200,3042
10641,158,3200,3042
10642,158,3200,3042
10643,158,3200,3042
10644,157,3200,3043
10645,157,3200,3043
10646,157,3200,3043
10647,156,3200,3044
10648,155,3200,3045
10649,154,3200,3046
10650,152,3200,3048
10651,151,3200,3049
10652,151,3200,3049
10653,149,3200,3051
10654,149,3200,3051
10655,148,3200,3052
10656,148,3200,3052
10657,148,3200,3052
10658,148,3200,3052
10659,148,3200,3052
10660,148,3200,3052
10661,148,3200,3052
10662,148,3200,3052
10663,148,3200,3052
10664,148,3200,3052
10665,147,3200,3053
10666,147,3200,3053
10667,146,3200,3054
10668,146,3200,3054
10669,146,3200,3054
10670,146,3200,3054
10671,145,3200,3055
10672,145,3200,3055
10673,145,3200,3055
10674,145,3200,3055
10675,143,3200,3057
10676,142,3200,3058
10677,141,3200,3059
10678,141,3200,3059
10679,141,3200,3059
10680,140,3200,3060
10681,139,3200,3061
10682,139,3200,3061
10683,137,3200,3063
10684,137,3200,3063
10685,137,3200,3063
10686,137,3200,3063
10687,136,3200,3064
10688,135,3200,3065
10689,135,3200,3065
10690,135,3200,3065
10691,135,3200,3065
10692,135,3200,3065
10693,134,3200,3066
10694,133,3200,3067
10695,133,3200,3067
10696,132,3200,3068
10697,132,3200,3068
10698,132,3200,3068
10699,131,3200,3069
10700,131,3200,3069
10701,130,3200,3070
10702,130,3200,3070
10703,130,3200,3070
10704,130,3200,3070
10705,129,3200,3071
10706,127,3200,3073
10707,127,3200,3073
10708,126,3200,3074
10709,126,3200,3074
10710,126,3200,3074
10711,125,3200,3075
10712,124,3200,3076
10713,123,3200,3077
10714,123,3200,3077
10715,123,3200,3077
10716,123,3200,3077
10717,122,3200,3078
10718,122,3200,3078
10719,121,3200,3079
10720,121,3200,3079
10721,121,3200,3079
10722,119,3200,3081
10723,119,3200,3081
10724,119,3200,3081
10725,119,3200,3081
10726,119,3200,3081
10727,118,3200,3082
10728,118,3200,3082
10729,117,3200,3083
10730,117,3200,3083
10731,117,3200,3083
10732,116,3200,3084
10733,116,3200,3084
10734,115,3200,3085
10735,115,3200,3085
10736,114,3200,3086
10737,114,3200,3086
10738,114,3200,3086
10739,114,3200,3086
10740,113,3200,3087
10741,112,3200,3088
10742,112,3200,3088
10743,112,3200,3088
10744,112,3200,3088
10745,112,3200,3088
10746,112,3200,3088
10747,110,3200,3090
10748,110,3200,3090
10749,109,3200,3091
10750,108,3200,3092
10751,107,3200,3093
10752,107,3200,3093
10753,107,3200,3093
10754,107,3200,3093
10755,107,3200,3093
10756,106,3200,3094
10757,105,3200,3095
10758,104,3200,3096
10759,104,3200,3096
10760,104,3200,3096
10761,104,3200,3096
10762,103,3200,3097
10763,103,3200,3097
10764,102,3200,3098
10765,101,3200,3099
10766,101,3200,3099
10767,101,3200,3099
10768,101,3200,3099
10769,100,3200,3100
10770,100,3200,3100
10771,99,3200,3101
10772,98,3200,3102
10773,98,3200,3102
10774,98,3200,3102
10775,97,3200,3103
10776,97,3200,3103
10777,96,3200,3104
10778,95,3200,3105
10779,95,3200,3105
10780,95,3200,3105
10781,94,3200,3106
10782,93,3200,3107
10783,93,3200,3107
10784,92,3200,3108
10785,92,3200,3108
10786,92,3200,3108
10787,91,3200,3109
10788,91,3200,3109
10789,91,3200,3109
10790,91,3200,3109
10791,91,3200,3109
10792,90,3200,3110
10793,90,3200,3110
10794,90,3200,3110
10795,89,3200,3111
10796,89,3200,3111
10797,89,3200,3111
10798,89,3200,3111
10799,89,3200,3111
10800,88,3200,3112
10801,87,3200,3113
10802,87,3200,3113
10803,86,3200,3114
10804,86,3200,3114
10805,86,3200,3114
10806,85,3200,3115
10807,84,3200,3116
10808,84,3200,3116
10809,84,3200,3116
10810,83,3200,3117
10811,82,3200,3118
10812,81,3200,3119
10813,80,3200,3120
10814,80,3200,3120
10815,80,3200,3120
10816,79,3200,3121
10817,78,3200,3122
10818,78,3200,3122
10819,78,3200,3122
10820,78,3200,3122
10821,78,3200,3122
10822,77,3200,3123
10823,77,3200,3123
10824,77,3200,3123
10825,76,3200,3124
10826,75,3200,3125
10827,75,3200,3125
10828,75,3200,3125
10829,75,3200,3125
10830,75,3200,3125
10831,75,3200,3125
10832,74,3200,3126
10833,74,3200,3126
10834,74,3200,3126
10835,74,3200,3126
10836,74,3200,3126
10837,74,3200,3126
10838,73,3200,3127
10839,73,3200,3127
10840,72,3200,3128
10841,72,3200,3128
10842,71,3200,3129
10843,71,3200,3129
10844,71,3200,3129
10845,70,3200,3130
10846,70,3200,3130
10847,70,3200,3130
10848,70,3200,3130
10849,69,3200,3131
10850,69,3200,3131
10851,68,3200,3132
10852,68,3200,3132
10853,68,3200,3132
10854,67,3200,3133
10855,67,3200,3133
10856,67,3200,3133
10857,67,3200,3133
10858,66,3200,3134
10859,65,3200,3135
10860,65,3200,3135
10861,65,3200,3135
10862,65,3200,3135
10863,64,3200,3136
10864,64,3200,3136
10865,64,3200,3136
10866,63,3200,3137
10867,63,3200,3137
10868,63,3200,3137
10869,62,3200,3138
10870,61,3200,3139
10871,60,3200,3140
10872,59,3200,3141
10873,59,3200,3141
10874,59,3200,3141
10875,59,3200,3141
10876,59,3200,3141
10877,58,3200,3142
10878,58,3200,3142
10879,57,3200,3143
10880,57,3200,3143
10881,57,3200,3143
10882,56,3200,3144
10883,56,3200,3144
10884,56,3200,3144
10885,56,3200,3144
10886,55,3200,3145
10887,55,3200,3145
10888,54,3200,3146
10889,54,3200,3146
10890,54,3200,3146
10891,53,3200,3147
10892,53,3200,3147
10893,53,3200,3147
10894,52,3200,3148
10895,52,3200,3148
10896,52,3200,3148
10897,51,3200,3149
10898,51,3200,3149
10899,50,3200,3150
10900,50,3200,3150
10901,49,3200,3151
10902,49,3200,3151
10903,49,3200,3151
10904,48,3200,3152
10905,48,3200,3152
10906,48,3200,3152
10907,48,3200,3152
10908,47,3200,3153
10909,47,3200,3153
10910,47,3200,3153
10911,47,3200,3153
10912,46,3200,3154
10913,46,3200,3154
10914,46,3200,3154
10915,46,3200,3154
10916,46,3200,3154
10917,45,3200,3155
10918,45,3200,3155
10919,45,3200,3155
10920,45,3200,3155
10921,45,3200,3155
10922,44,3200,3156
10923,44,3200,3156
10924,44,3200,3156
10925,43,3200,3157
10926,43,3200,3157
10927,43,3200,3157
10928,43,3200,3157
10929,43,3200,3157
10930,43,3200,3157
10931,43,3200,3157
10932,43,3200,3157
10933,43,3200,3157
10934,43,3200,3157
10935,43,3200,3157
10936,43,3200,3157
10937,43,3200,3157
10938,43,3200,3157
10939,42,3200,3158
10940,42,3200,3158
10941,42,3200,3158
10942,42,3200,3158
10943,42,3200,3158
10944,42,3200,3158
10945,42,3200,3158
10946,42,3200,3158
10947,42,3200,3158
10948,42,3200,3158
10949,42,3200,3158
10950,42,3200,3158
10951,42,3200,3158
10952,42,3200,3158
10953,42,3200,3158
10954,42,3200,3158
10955,42,3200,3158
10956,42,3200,3158
10957,42,3200,3158
10958,42,3200,3158
10959,42,3200,3158
10960,42,3200,3158
10961,42,3200,3158
10962,42,3200,3158
10963,42,3200,3158
10964,42,3200,3158
10965,42,3200,3158
10966,42,3200,3158
10967,42,3200,3158
10968,42,3200,3158
10969,42,3200,3158
10970,41,3200,3159
10971,41,3200,3159
10972,41,3200,3159
10973,41,3200,3159
10974,41,3200,3159
10975,41,3200,3159
10976,41,3200,3159
10977,41,3200,3159
10978,41,3200,3159
10979,41,3200,3159
10980,41,3200,3159
10981,41,3200,3159
10982,41,3200,3159
10983,41,3200,3159
10984,41,3200,3159
10985,41,3200,3159
10986,41,3200,3159
10987,41,3200,3159
10988,41,3200,3159
10989,41,3200,3159
10990,41,3200,3159
10991,41,3200,3159
10992,41,3200,3159
10993,41,3200,3159
10994,41,3200,3159
10995,41,3200,3159
10996,41,3200,3159
10997,41,3200,3159
10998,41,3200,3159
10999,41,3200,3159
11000,41,3200,3159
11001,41,3200,3159
11002,41,3200,3159
11003,41,3200,3159
11004,41,3200,3159
11005,41,3200,3159
11006,41,3200,3159
11007,41,3200,3159
11008,41,3200,3159
11009,41,3200,3159
11010,41,3200,3159
11011,41,3200,3159
11012,41,3200,3159
11013,41,3200,3159
11014,41,3200,3159
11015,41,3200,3159
11016,41,3200,3159
11017,41,3200,3159
11018,41,3200,3159
11019,41,3200,3159
11020,41,3200,3159
11021,41,3200,3159
11022,41,3200,3159
11023,41,3200,3159
11024,41,3200,3159
11025,41,3200,3159
11026,41,3200,3159
11027,41,3200,3159
11028,41,3200,3159
11029,41,3200,3159
11030,41,3200,3159
11031,41,3200,3159
11032,41,3200,3159
11033,41,3200,3159
11034,41,3200,3159
11035,41,3200,3159
11036,41,3200,3159
11037,41,3200,3159
11038,41,3200,3159
11039,40,3200,3160
11040,40,3200,3160
11041,40,3200,3160
11042,40,3200,3160
11043,40,3200,3160
11044,40,3200,3160
11045,40,3200,3160
11046,40,3200,3160
11047,40,3200,3160
11048,40,3200,3160
11049,40,3200,3160
11050,40,3200,3160
11051,40,3200,3160
11052,40,3200,3160
11053,40,3200,3160
11054,40,3200,3160
11055,40,3200,3160
11056,40,3200,3160
11057,40,3200,3160
11058,40,3200,3160
11059,40,3200,3160
11060,40,3200,3160
11061,40,3200,3160
11062,40,3200,3160
11063,40,3200,3160
11064,40,3200,3160
11065,40,3200,3160
11066,40,3200,3160
11067,40,3200,3160
11068,40,3200,3160
11069,40,3200,3160
11070,40,3200,3160
11071,40,3200,3160
11072,40,3200,3160
11073,40,3200,3160
11074,40,3200,3160
11075,40,3200,3160
11076,40,3200,3160
11077,40,3200,3160
11078,40,3200,3160
11079,40,3200,3160
11080,40,3200,3160
11081,40,3200,3160
11082,40,3200,3160
11083,40,3200,3160
11084,40,3200,3160
11085,40,3200,3160
11086,40,3200,3160
11087,40,3200,3160
11088,40,3200,3160
11089,40,3200,3160
11090,40,3200,3160
11091,40,3200,3160
11092,40,3200,3160
11093,40,3200,3160
11094,40,3200,3160
11095,40,3200,3160
11096,40,3200,3160
11097,40,3200,3160
11098,40,3200,3160
11099,40,3200,3160
11100,40,3200,3160
11101,40,3200,3160
11102,40,3200,3160
11103,40,3200,3160
11104,40,3200,3160
11105,40,3200,3160
11106,40,3200,3160
11107,40,3200,3160
11108,40,3200,3160
11109,40,3200,3160
11110,40,3200,3160
11111,40,3200,3160
11112,40,3200,3160
11113,40,3200,3160
11114,40,3200,3160
11115,40,3200,3160
11116,40,3200,3160
11117,40,3200,3160
11118,39,3200,3161
11119,39,3200,3161
11120,39,3200,3161
11121,39,3200,3161
11122,38,3200,3162
11123,38,3200,3162
11124,38,3200,3162
11125,38,3200,3162
11126,38,3200,3162
11127,38,3200,3162
11128,38,3200,3162
11129,38,3200,3162
11130,38,3200,3162
11131,38,3200,3162
11132,38,3200,3162
11133,38,3200,3162
11134,38,3200,3162
11135,38,3200,3162
11136,37,3200,3163
11137,37,3200,3163
11138,37,3200,3163
11139,37,3200,3163
11140,37,3200,3163
11141,37,3200,3163
11142,37,3200,3163
11143,37,3200,3163
11144,36,3200,3164
11145,36,3200,3164
11146,36,3200,3164
11147,36,3200,3164
11148,36,3200,3164
11149,36,3200,3164
11150,36,3200,3164
11151,36,3200,3164
11152,35,3200,3165
11153,35,3200,3165
11154,35,3200,3165
11155,35,3200,3165
11156,35,3200,3165
11157,35,3200,3165
11158,35,3200,3165
11159,35,3200,3165
11160,35,3200,3165
11161,35,3200,3165
11162,35,3200,3165
11163,35,3200,3165
11164,34,3200,3166
11165,34,3200,3166
11166,34,3200,3166
11167,33,3200,3167
11168,33,3200,3167
11169,32,3200,3168
11170,32,3200,3168
11171,32,3200,3168
11172,32,3200,3168
11173,32,3200,3168
11174,31,3200,3169
11175,31,3200,3169
11176,31,3200,3169
11177,31,3200,3169
11178,31,3200,3169
11179,31,3200,3169
11180,30,3200,3170
11181,30,3200,3170
11182,29,3200,3171
11183,29,3200,3171
11184,29,3200,3171
11185,29,3200,3171
11186,29,3200,3171
11187,28,3200,3172
11188,28,3200,3172
11189,28,3200,3172
11190,28,3200,3172
11191,28,3200,3172
11192,28,3200,3172
11193,27,3200,3173
11194,27,3200,3173
11195,27,3200,3173
11196,27,3200,3173
11197,27,3200,3173
11198,26,3200,3174
11199,26,3200,3174
11200,26,3200,3174
11201,26,3200,3174
11202,26,3200,3174
11203,25,3200,3175
11204,25,3200,3175
11205,25,3200,3175
11206,25,3200,3175
11207,25,3200,3175
11208,25,3200,3175
11209,25,3200,3175
11210,25,3200,3175
11211,25,3200,3175
11212,25,3200,3175
11213,25,3200,3175
11214,24,3200,3176
11215,24,3200,3176
11216,24,3200,3176
11217,24,3200,3176
11218,24,3200,3176
11219,23,3200,3177
11220,23,3200,3177
11221,23,3200,3177
11222,23,3200,3177
11223,22,3200,3178
11224,22,3200,3178
11225,22,3200,3178
11226,22,3200,3178
11227,22,3200,3178
11228,20,3200,3180
11229,20,3200,3180
11230,20,3200,3180
11231,20,3200,3180
11232,20,3200,3180
11233,20,3200,3180
11234,20,3200,3180
11235,20,3200,3180
11236,20,3200,3180
11237,20,3200,3180
11238,20,3200,3180
11239,18,3200,3182
11240,18,3200,3182
11241,18,3200,3182
11242,18,3200,3182
11243,18,3200,3182
11244,18,3200,3182
11245,18,3200,3182
11246,18,3200,3182
11247,18,3200,3182
11248,18,3200,3182
11249,18,3200,3182
11250,17,3200,3183
11251,17,3200,3183
11252,17,3200,3183
11253,17,3200,3183
11254,16,3200,3184
11255,16,3200,3184
11256,16,3200,3184
11257,16,3200,3184
11258,16,3200,3184
11259,15,3200,3185
11260,15,3200,3185
11261,15,3200,3185
11262,15,3200,3185
11263,15,3200,3185
11264,14,3200,3186
11265,14,3200,3186
11266,14,3200,3186
11267,14,3200,3186
11268,14,3200,3186
11269,13,3200,3187
11270,13,3200,3187
11271,13,3200,3187
11272,13,3200,3187
11273,13,3200,3187
11274,12,3200,3188
11275,12,3200,3188
11276,12,3200,3188
11277,12,3200,3188
11278,12,3200,3188
11279,11,3200,3189
11280,11,3200,3189
11281,11,3200,3189
11282,11,3200,3189
11283,11,3200,3189
11284,11,3200,3189
11285,10,3200,3190
11286,10,3200,3190
11287,10,3200,3190
11288,10,3200,3190
11289,10,3200,3190
11290,10,3200,3190
11291,9,3200,3191
11292,9,3200,3191
11293,9,3200,3191
11294,9,3200,3191
11295,9,3200,3191
11296,9,3200,3191
11297,9,3200,3191
11298,9,3200,3191
11299,8,3200,3192
11300,8,3200,3192
11301,8,3200,3192
11302,8,3200,3192
11303,8,3200,3192
11304,8,3200,3192
11305,8,3200,3192
11306,8,3200,3192
11307,8,3200,3192
11308,8,3200,3192
11309,8,3200,3192
11310,8,3200,3192
11311,8,3200,3192
11312,8,3200,3192
11313,8,3200,3192
11314,8,3200,3192
11315,8,3200,3192
11316,7,3200,3193
11317,7,3200,3193
11318,7,3200,3193
11319,7,3200,3193
11320,7,3200,3193
11321,7,3200,3193
11322,7,3200,3193
11323,7,3200,3193
11324,7,3200,3193
11325,7,3200,3193
11326,7,3200,3193
11327,7,3200,3193
11328,6,3200,3194
11329,6,3200,3194
11330,6,3200,3194
11331,6,3200,3194
11332,6,3200,3194
11333,6,3200,3194
11334,6,3200,3194
11335,6,3200,3194
11336,6,3200,3194
11337,6,3200,3194
11338,6,3200,3194
11339,6,3200,3194
11340,5,3200,3195
11341,5,3200,3195
11342,5,3200,3195
11343,5,3200,3195
11344,5,3200,3195
11345,5,3200,3195
11346,5,3200,3195
11347,5,3200,3195
11348,5,3200,3195
11349,5,3200,3195
11350,5,3200,3195
11351,5,3200,3195
11352,4,3200,3196
11353,4,3200,3196
11354,4,3200,3196
11355,4,3200,3196
11356,4,3200,3196
11357,4,3200,3196
11358,3,3200,3197
11359,3,3200,3197
11360,3,3200,3197
11361,3,3200,3197
11362,3,3200,3197
11363,2,3200,3198
11364,2,3200,3198
11365,2,3200,3198
11366,1,3200,3199
11367,1,3200,3199
11368,1,3200,3199
11369,0,3200,3200
11370,0,3200,3200
11371,0,3200,3200
11372,0,3200,3200
11373,0,3200,3200
11374,0,3200,3200
11375,0,3200,3200
11376,0,3200,3200
11377,0,3200,3200
11378,0,3200,3200
11379,0,3200,3200
11380,0,3200,3200
11381,0,3200,3200
11382,0,3200,3200
11383,0,3200,3200
11384,0,3200,3200
11385,0,3200,3200
11386,0,3200,3200
11387,0,3200,3200
11388,0,3200,3200
11389,0,3200,3200
11390,0,3200,3200
11391,0,3200,3200
11392,0,3200,3200
11393,0,3200,3200
11394,0,3200,3200
11395,0,3200,3200
11396,0,3200,3200
11397,0,3200,3200
11398,0,3200,3200
11399,0,3200,3200
11400,0,3200,3200
11401,0,3200,3200
11402,0,3200,3200
11403,0,3200,3200
11404,0,3200,3200
11405,0,3200,3200
11406,0,3200,3200
11407,0,3200,3200
11408,0,3200,3200
11409,0,3200,3200
11410,0,3200,3200
11411,0,3200,3200
11412,0,3200,3200
11413,0,3200,3200
11414,0,3200,3200
11415,0,3200,3200
11416,0,3200,3200
11417,0,3200,3200
11418,0,3200,3200
11419,0,3200,3200
11420,0,3200,3200
11421,0,3200,3200
11422,0,3200,3200
11423,0,3200,3200
11424,0,3200,3200
11425,0,3200,3200
11426,0,3200,3200
11427,0,3200,3200
11428,0,3200,3200
11429,0,3200,3200
11430,0,3200,3200
11431,0,3200,3200
11432,0,3200,3200
11433,0,3200,3200
11434,0,3200,3200
11435,0,3200,3200
11436,0,3200,3200
11437,0,3200,3200
11438,0,3200,3200
11439,0,3200,3200
11440,0,3200,3200
11441,0,3200,3200
11442,0,3200,3200
11443,0,3200,3200
11444,0,3200,3200
11445,0,3200,3200
11446,0,3200,3200
11447,0,3200,3200
11448,0,3200,3200
11449,0,3200,3200
11450,0,3200,3200
11451,0,3200,3200
11452,0,3200,3200
11453,0,3200,3200
11454,0,3200,3200
11455,0,3200,3200
11456,0,3200,3200
11457,0,3200,3200
11458,0,3200,3200
11459,0,3200,3200
11460,0,3200,3200
11461,0,3200,3200
11462,0,3200,3200
11463,0,3200,3200
11464,0,3200,3200
11465,0,3200,3200
11466,0,3200,3200
11467,0,3200,3200
11468,0,3200,3200
11469,0,3200,3200
11470,0,3200,3200
11471,0,3200,3200
11472,0,3200,3200
11473,0,3200,3200
11474,0,3200,3200
11475,0,3200,3200
11476,0,3200,3200
11477,0,3200,3200
11478,0,3200,3200
11479,0,3200,3200
11480,0,3200,3200
11481,0,3200,3200
11482,0,3200,3200
11483,0,3200,3200
11484,0,3200,3200
11485,0,3200,3200
11486,0,3200,3200
11487,0,3200,3200
11488,0,3200,3200
11489,0,3200,3200
11490,0,3200,3200
11491,0,3200,3200
11492,0,3200,3200
11493,0,3200,3200
11494,0,3200,3200
11495,0,3200,3200
11496,0,3200,3200
11497,0,3200,3200
11498,0,3200,3200
11499,0,3200,3200
11500,0,3200,3200
11501,0,3200,3200
11502,0,3200,3200
11503,0,3200,3200
11504,0,3200,3200
11505,0,3200,3200
11506,0,3200,3200
11507,0,3200,3200
11508,0,3200,3200
11509,0,3200,3200
11510,0,3200,3200
11511,0,3200,3200
11512,0,3200,3200
11513,0,3200,3200
11514,0,3200,3200
11515,0,3200,3200
11516,0,3200,3200
11517,0,3200,3200
11518,0,3200,3200
11519,0,3200,3200
11520,0,3200,3200
11521,0,3200,3200
11522,0,3200,3200
11523,0,3200,3200
11524,0,3200,3200
11525,0,3200,3200
11526,0,3200,3200
11527,0,3200,3200
11528,0,3200,3200
11529,0,3200,3200
11530,0,3200,3200
11531,0,3200,3200
11532,0,3200,3200
11533,0,3200,3200
11534,0,3200,3200
11535,0,3200,3200
11536,0,3200,3200
11537,0,3200,3200
11538,0,3200,3200
11539,0,3200,3200
11540,0,3200,3200
11541,0,3200,3200
11542,0,3200,3200
11543,0,3200,3200
11544,0,3200,3200
11545,0,3200,3200
11546,0,3200,3200
11547,0,3200,3200
11548,0,3200,3200
11549,0,3200,3200
11550,0,3200,3200
11551,0,3200,3200
11552,0,3200,3200
11553,0,3200,3200
11554,0,3200,3200
11555,0,3200,3200
11556,0,3200,3200
11557,0,3200,3200
11558,0,3200,3200
11559,0,3200,3200
11560,0,3200,3200
11561,0,3200,3200
11562,0,3200,3200
11563,0,3200,3200
11564,0,3200,3200
11565,0,3200,3200
11566,0,3200,3200
11567,0,3200,3200
11568,0,3200,3200
11569,0,3200,3200
11570,0,3200,3200
11571,0,3200,3200
11572,0,3200,3200
11573,0,3200,3200
11574,0,3200,3200
11575,0,3200,3200
11576,0,3200,3200
11577,0,3200,3200
11578,0,3200,3200
11579,0,3200,3200
11580,0,3200,3200
11581,0,3200,3200
11582,0,3200,3200
11583,0,3200,3200
11584,0,3200,3200
11585,0,3200,3200
11586,0,3200,3200
11587,0,3200,3200
11588,0,3200,3200
11589,0,3200,3200
11590,0,3200,3200
11591,0,3200,3200
11592,0,3200,3200
11593,0,3200,3200
11594,0,3200,3200
11595,0,3200,3200
11596,0,3200,3200
11597,0,3200,3200
11598,0,3200,3200
11599,0,3200,3200
11600,0,3200,3200
11601,0,3200,3200
11602,0,3200,3200
11603,0,3200,3200
11604,0,3200,3200
11605,0,3200,3200
11606,0,3200,3200
11607,0,3200,3200
11608,0,3200,3200
11609,0,3200,3200
11610,0,3200,3200
11611,0,3200,3200
11612,0,3200,3200
11613,0,3200,3200
11614,0,3200,3200
11615,0,3200,3200
11616,0,3200,3200
11617,0,3200,3200
11618,0,3200,3200
11619,0,3200,3200
11620,0,3200,3200
11621,0,3200,3200
11622,0,3200,3200
11623,0,3200,3200
11624,0,3200,3200
11625,0,3200,3200
11626,0,3200,3200
11627,0,3200,3200
11628,0,3200,3200
11629,0,3200,3200
11630,0,3200,3200
11631,0,3200,3200
11632,0,3200,3200
11633,0,3200,3200
11634,0,3200,3200
11635,0,3200,3200
11636,0,3200,3200
11637,0,3200,3200
11638,0,3200,3200
11639,0,3200,3200
11640,0,3200,3200
11641,0,3200,3200
11642,0,3200,3200
11643,0,3200,3200
11644,0,3200,3200
11645,0,3200,3200
11646,0,3200,3200
11647,0,3200,3200
11648,0,3200,3200
11649,0,3200,3200
11650,0,3200,3200
11651,0,3200,3200
11652,0,3200,3200
11653,0,3200,3200
11654,0,3200,3200
11655,0,3200,3200
11656,0,3200,3200
11657,0,3200,3200
11658,0,3200,3200
11659,0,3200,3200
11660,0,3200,3200
11661,0,3200,3200
11662,0,3200,3200
11663,0,3200,3200
11664,0,3200,3200
11665,0,3200,3200
11666,0,3200,3200
11667,0,3200,3200
11668,0,3200,3200
11669,0,3200,3200
11670,0,3200,3200
11671,0,3200,3200
11672,0,3200,3200
11673,0,3200,3200
11674,0,3200,3200
11675,0,3200,3200
11676,0,3200,3200
11677,0,3200,3200
11678,0,3200,3200
11679,0,3200,3200
11680,0,3200,3200
11681,0,3200,3200
11682,0,3200,3200
11683,0,3200,3200
11684,0,3200,3200
11685,0,3200,3200
11686,0,3200,3200
11687,0,3200,3200
11688,0,3200,3200
11689,0,3200,3200
11690,0,3200,3200
11691,0,3200,3200
11692,0,3200,3200
11693,0,3200,3200
11694,0,3200,3200
11695,0,3200,3200
11696,0,3200,3200
11697,0,3200,3200
11698,0,3200,3200
11699,0,3200,3200
11700,0,3200,3200
11701,0,3200,3200
11702,0,3200,3200
11703,0,3200,3200
11704,0,3200,3200
11705,0,3200,3200
11706,0,3200,3200
11707,0,3200,3200
11708,0,3200,3200
11709,0,3200,3200
11710,0,3200,3200
11711,0,3200,3200
11712,0,3200,3200
11713,0,3200,3200
11714,0,3200,3200
11715,0,3200,3200
11716,0,3200,3200
11717,0,3200,3200
11718,0,3200,3200
11719,0,3200,3200
11720,0,3200,3200
11721,0,3200,3200
11722,0,3200,3200
11723,0,3200,3200
11724,0,3200,3200
11725,0,3200,3200
11726,0,3200,3200
11727,0,3200,3200
11728,0,3200,3200
11729,0,3200,3200
11730,0,3200,3200
11731,0,3200,3200
11732,0,3200,3200
11733,0,3200,3200
11734,0,3200,3200
11735,0,3200,3200
11736,0,3200,3200
11737,0,3200,3200
11738,0,3200,3200
11739,0,3200,3200
11740,0,3200,3200
11741,0,3200,3200
11742,0,3200,3200
11743,0,3200,3200
11744,0,3200,3200
11745,0,3200,3200
11746,0,3200,3200
11747,0,3200,3200
11748,0,3200,3200
11749,0,3200,3200
11750,0,3200,3200
11751,0,3200,3200
11752,0,3200,3200
11753,0,3200,3200
11754,0,3200,3200
11755,0,3200,3200
11756,0,3200,3200
11757,0,3200,3200
11758,0,3200,3200
11759,0,3200,3200
11760,0,3200,3200
11761,0,3200,3200
11762,0,3200,3200
11763,0,3200,3200
11764,0,3200,3200
11765,0,3200,3200
11766,0,3200,3200
11767,0,3200,3200
11768,0,3200,3200
11769,0,3200,3200
11770,0,3200,3200
11771,0,3200,3200
11772,0,3200,3200
11773,0,3200,3200
11774,0,3200,3200
11775,0,3200,3200
11776,0,3200,3200
11777,0,3200,3200
11778,0,3200,3200
11779,0,3200,3200
11780,0,3200,3200
11781,0,3200,3200
11782,0,3200,3200
11783,0,3200,3200
11784,0,3200,3200
11785,0,3200,3200
11786,0,3200,3200
11787,0,3200,3200
11788,0,3200,3200
11789,0,3200,3200
11790,0,3200,3200
11791,0,3200,3200
11792,0,3200,3200
11793,0,3200,3200
11794,0,3200,3200
11795,0,3200,3200
11796,0,3200,3200
11797,0,3200,3200
11798,0,3200,3200
11799,0,3200,3200
11800,0,3200,3200
11801,0,3200,3200
11802,0,3200,3200
11803,0,3200,3200
11804,0,3200,3200
11805,0,3200,3200
11806,0,3200,3200
11807,0,3200,3200
11808,0,3200,3200
11809,0,3200,3200
11810,0,3200,3200
11811,0,3200,3200
11812,0,3200,3200
11813,0,3200,3200
11814,0,3200,3200
11815,0,3200,3200
11816,0,3200,3200
11817,0,3200,3200
11818,0,3200,3200
11819,0,3200,3200
11820,0,3200,3200
11821,0,3200,3200
11822,0,3200,3200
11823,0,3200,3200
11824,0,3200,3200
11825,0,3200,3200
11826,0,3200,3200
11827,0,3200,3200
11828,0,3200,3200
11829,0,3200,3200
11830,0,3200,3200
11831,0,3200,3200
11832,0,3200,3200
11833,0,3200,3200
11834,0,3200,3200
11835,0,3200,3200
11836,0,3200,3200
11837,0,3200,3200
11838,0,3200,3200
11839,0,3200,3200
11840,0,3200,3200
11841,0,3200,3200
11842,0,3200,3200
11843,0,3200,3200
11844,0,3200,3200
11845,0,3200,3200
11846,0,3200,3200
11847,0,3200,3200
11848,0,3200,3200
11849,0,3200,3200
11850,0,3200,3200
11851,0,3200,3200
11852,0,3200,3200
11853,0,3200,3200
11854,0,3200,3200
11855,0,3200,3200
11856,0,3200,3200
11857,0,3200,3200
11858,0,3200,3200
11859,0,3200,3200
11860,0,3200,3200
11861,0,3200,3200
11862,0,3200,3200
11863,0,3200,3200
11864,0,3200,3200
11865,0,3200,3200
11866,0,3200,3200
11867,0,3200,3200
11868,0,3200,3200
11869,0,3200,3200
11870,0,3200,3200
11871,0,3200,3200
11872,0,3200,3200
11873,0,3200,3200
11874,0,3200,3200
11875,0,3200,3200
11876,0,3200,3200
11877,0,3200,3200
11878,0,3200,3200
11879,0,3200,3200
11880,0,3200,3200
11881,0,3200,3200
11882,0,3200,3200
11883,0,3200,3200
11884,0,3200,3200
11885,0,3200,3200
11886,0,3200,3200
11887,0,3200,3200
11888,0,3200,3200
11889,0,3200,3200
11890,0,3200,3200
11891,0,3200,3200
11892,0,3200,3200
11893,0,3200,3200
11894,0,3200,3200
11895,0,3200,3200
11896,0,3200,3200
11897,0,3200,3200
11898,0,3200,3200
11899,0,3200,3200
11900,0,3200,3200
11901,0,3200,3200
11902,0,3200,3200
11903,0,3200,3200
11904,0,3200,3200
11905,0,3200,3200
11906,0,3200,3200
11907,0,3200,3200
11908,0,3200,3200
11909,0,3200,3200
11910,0,3200,3200
11911,0,3200,3200
11912,0,3200,3200
11913,0,3200,3200
11914,0,3200,3200
11915,0,3200,3200
11916,0,3200,3200
11917,0,3200,3200
11918,0,3200,3200
11919,0,3200,3200
11920,0,3200,3200
11921,0,3200,3200
11922,0,3200,3200
11923,0,3200,3200
11924,0,3200,3200
11925,0,3200,3200
11926,0,3200,3200
11927,0,3200,3200
11928,0,3200,3200
11929,0,3200,3200
11930,0,3200,3200
11931,0,3200,3200
11932,0,3200,3200
11933,0,3200,3200
11934,0,3200,3200
11935,0,3200,3200
11936,0,3200,3200
11937,0,3200,3200
11938,0,3200,3200
11939,0,3200,3200
11940,0,3200,3200
11941,0,3200,3200
11942,0,3200,3200
11943,0,3200,3200
11944,0,3200,3200
11945,0,3200,3200
11946,0,3200,3200
11947,0,3200,3200
11948,0,3200,3200
11949,0,3200,3200
11950,0,3200,3200
11951,0,3200,3200
11952,0,3200,3200
11953,0,3200,3200
11954,0,3200,3200
11955,0,3200,3200
11956,0,3200,3200
11957,0,3200,3200
11958,0,3200,3200
11959,0,3200,3200
11960,0,3200,3200
11961,0,3200,3200
11962,0,3200,3200
11963,0,3200,3200
11964,0,3200,3200
11965,0,3200,3200
11966,0,3200,3200
11967,0,3200,3200
11968,0,3200,3200
11969,0,3200,3200
11970,0,3200,3200
11971,0,3200,3200
11972,0,3200,3200
11973,0,3200,3200
11974,0,3200,3200
11975,0,3200,3200
11976,0,3200,3200
11977,0,3200,3200
11978,0,3200,3200
11979,0,3200,3200
11980,0,3200,3200
11981,0,3200,3200
11982,0,3200,3200
11983,0,3200,3200
11984,0,3200,3200
11985,0,3200,3200
11986,0,3200,3200
11987,0,3200,3200
11988,0,3200,3200
11989,0,3200,3200
11990,0,3200,3200
11991,0,3200,3200
11992,0,3200,3200
11993,0,3200,3200
11994,0,3200,3200
11995,0,3200,3200
11996,0,3200,3200
11997,0,3200,3200
11998,0,3200,3200
11999,0,3200,3200
12000,0,3200,3200
12001,0,3200,3200
12002,0,3200,3200
12003,0,3200,3200
12004,0,3200,3200
12005,0,3200,3200
12006,0,3200,3200
12007,0,3200,3200
12008,0,3200,3200
12009,0,3200,3200
12010,0,3200,3200
12011,0,3200,3200
12012,0,3200,3200
12013,0,3200,3200
12014,0,3200,3200
12015,0,3200,3200
12016,0,3200,3200
12017,0,3200,3200
12018,0,3200,3200
12019,0,3200,3200
12020,0,3200,3200
12021,0,3200,3200
12022,0,3200,3200
12023,0,3200,3200
12024,0,3200,3200
12025,0,3200,3200
12026,0,3200,3200
12027,0,3200,3200
12028,0,3200,3200
12029,0,3200,3200
12030,0,3200,3200
12031,0,3200,3200
12032,0,3200,3200
12033,0,3200,3200
12034,0,3200,3200
12035,0,3200,3200
12036,0,3200,3200
12037,0,3200,3200
12038,0,3200,3200
12039,0,3200,3200
12040,0,3200,3200
12041,0,3200,3200
12042,0,3200,3200
12043,0,3200,3200
12044,0,3200,3200
12045,0,3200,3200
12046,0,3200,3200
12047,0,3200,3200
12048,0,3200,3200
12049,0,3200,3200
12050,0,3200,3200
12051,0,3200,3200
12052,0,3200,3200
12053,0,3200,3200
12054,0,3200,3200
12055,0,3200,3200
12056,0,3200,3200
12057,0,3200,3200
12058,0,3200,3200
12059,0,3200,3200
12060,0,3200,3200
12061,0,3200,3200
12062,0,3200,3200
12063,0,3200,3200
12064,0,3200,3200
12065,0,3200,3200
12066,0,3200,3200
12067,0,3200,3200
12068,0,3200,3200
12069,0,3200,3200
12070,0,3200,3200
12071,0,3200,3200
12072,0,3200,3200
12073,0,3200,3200
12074,0,3200,3200
12075,0,3200,3200
12076,0,3200,3200
12077,0,3200,3200
12078,0,3200,3200
12079,0,3200,3200
12080,0,3200,3200
12081,0,3200,3200
12082,0,3200,3200
12083,0,3200,3200
12084,0,3200,3200
12085,0,3200,3200
12086,0,3200,3200
12087,0,3200,3200
12088,0,3200,3200
12089,0,3200,3200
12090,0,3200,3200
12091,0,3200,3200
12092,0,3200,3200
12093,0,3200,3200
12094,0,3200,3200
12095,0,3200,3200
12096,0,3200,3200
12097,0,3200,3200
12098,0,3200,3200
12099,0,3200,3200
12100,0,3200,3200
12101,0,3200,3200
12102,0,3200,3200
12103,0,3200,3200
12104,0,3200,3200
12105,0,3200,3200
12106,0,3200,3200
12107,0,3200,3200
12108,0,3200,3200
12109,0,3200,3200
12110,0,3200,3200
12111,0,3200,3200
12112,0,3200,3200
12113,0,3200,3200
12114,0,3200,3200
12115,0,3200,3200
12116,0,3200,3200
12117,0,3200,3200
12118,0,3200,3200
12119,0,3200,3200
12120,0,3200,3200
12121,0,3200,3200
12122,0,3200,3200
12123,0,3200,3200
12124,0,3200,3200
12125,0,3200,3200
12126,0,3200,3200
12127,0,3200,3200
12128,0,3200,3200
12129,0,3200,3200
12130,0,3200,3200
12131,0,3200,3200
12132,0,3200,3200
12133,0,3200,3200
12134,0,3200,3200
12135,0,3200,3200
12136,0,3200,3200
12137,0,3200,3200
12138,0,3200,3200
12139,0,3200,3200
12140,0,3200,3200
12141,0,3200,3200
12142,0,3200,3200
12143,0,3200,3200
12144,0,3200,3200
12145,0,3200,3200
12146,0,3200,3200
12147,0,3200,3200
12148,0,3200,3200
12149,0,3200,3200
12150,0,3200,3200
12151,0,3200,3200
12152,0,3200,3200
12153,0,3200,3200
12154,0,3200,3200
12155,0,3200,3200
12156,0,3200,3200
12157,0,3200,3200
12158,0,3200,3200
12159,0,3200,3200
12160,0,3200,3200
12161,0,3200,3200
12162,0,3200,3200
12163,0,3200,3200
12164,0,3200,3200
12165,0,3200,3200
12166,0,3200,3200
12167,0,3200,3200
12168,0,3200,3200
12169,0,3200,3200
12170,0,3200,3200
12171,0,3200,3200
12172,0,3200,3200
12173,0,3200,3200
12174,0,3200,3200
12175,0,3200,3200
12176,0,3200,3200
12177,0,3200,3200
12178,0,3200,3200
12179,0,3200,3200
12180,0,3200,3200
12181,0,3200,3200
12182,0,3200,3200
12183,0,3200,3200
12184,0,3200,3200
12185,0,3200,3200
12186,0,3200,3200
12187,0,3200,3200
12188,0,3200,3200
12189,0,3200,3200
12190,0,3200,3200
12191,0,3200,3200
12192,0,3200,3200
12193,0,3200,3200
12194,0,3200,3200
12195,0,3200,3200
12196,0,3200,3200
12197,0,3200,3200
12198,0,3200,3200
12199,0,3200,3200
12200,0,3200,3200
12201,0,3200,3200
12202,0,3200,3200
12203,0,3200,3200
12204,0,3200,3200
12205,0,3200,3200
12206,0,3200,3200
12207,0,3200,3200
12208,0,3200,3200
12209,0,3200,3200
12210,0,3200,3200
12211,0,3200,3200
12212,0,3200,3200
12213,0,3200,3200
12214,0,3200,3200
12215,0,3200,3200
12216,0,3200,3200
12217,0,3200,3200
12218,0,3200,3200
12219,0,3200,3200
12220,0,3200,3200
12221,0,3200,3200
12222,0,3200,3200
12223,0,3200,3200
12224,0,3200,3200
12225,0,3200,3200
12226,0,3200,3200
12227,0,3200,3200
12228,0,3200,3200
12229,0,3200,3200
12230,0,3200,3200
12231,0,3200,3200
12232,0,3200,3200
12233,0,3200,3200
12234,0,3200,3200
12235,0,3200,3200
12236,0,3200,3200
12237,0,3200,3200
12238,0,3200,3200
12239,0,3200,3200
12240,0,3200,3200
12241,0,3200,3200
12242,0,3200,3200
12243,0,3200,3200
12244,0,3200,3200
12245,0,3200,3200
12246,0,3200,3200
12247,0,3200,3200
12248,0,3200,3200
12249,0,3200,3200
12250,0,3200,3200
12251,0,3200,3200
12252,0,3200,3200
12253,0,3200,3200
12254,0,3200,3200
12255,0,3200,3200
12256,0,3200,3200
12257,0,3200,3200
12258,0,3200,3200
12259,0,3200,3200
12260,0,3200,3200
12261,0,3200,3200
12262,0,3200,3200
12263,0,3200,3200
12264,0,3200,3200
12265,0,3200,3200
12266,0,3200,3200
12267,0,3200,3200
12268,0,3200,3200
12269,0,3200,3200
12270,0,3200,3200
12271,0,3200,3200
12272,0,3200,3200
12273,0,3200,3200
12274,0,3200,3200
12275,0,3200,3200
12276,0,3200,3200
12277,0,3200,3200
12278,0,3200,3200
12279,0,3200,3200
12280,0,3200,3200
12281,0,3200,3200
12282,0,3200,3200
12283,0,3200,3200
12284,0,3200,3200
12285,0,3200,3200
12286,0,3200,3200
12287,0,3200,3200
12288,0,3200,3200
12289,0,3200,3200
12290,0,3200,3200
12291,0,3200,3200
12292,0,3200,3200
12293,0,3200,3200
12294,0,3200,3200
12295,0,3200,3200
12296,0,3200,3200
12297,0,3200,3200
12298,0,3200,3200
12299,0,3200,3200
12300,0,3200,3200
12301,0,3200,3200
12302,0,3200,3200
12303,0,3200,3200
12304,0,3200,3200
12305,0,3200,3200
12306,0,3200,3200
12307,0,3200,3200
12308,0,3200,3200
12309,0,3200,3200
12310,0,3200,3200
12311,0,3200,3200
12312,0,3200,3200
12313,0,3200,3200
12314,0,3200,3200
12315,0,3200,3200
12316,0,3200,3200
12317,0,3200,3200
12318,0,3200,3200
12319,0,3200,3200
12320,0,3200,3200
12321,0,3200,3200
12322,0,3200,3200
12323,0,3200,3200
12324,0,3200,3200
12325,0,3200,3200
12326,0,3200,3200
12327,0,3200,3200
12328,0,3200,3200
12329,0,3200,3200
12330,0,3200,3200
12331,0,3200,3200
12332,0,3200,3200
12333,0,3200,3200
12334,0,3200,3200
12335,0,3200,3200
12336,0,3200,3200
12337,0,3200,3200
12338,0,3200,3200
12339,0,3200,3200
12340,0,3200,3200
12341,0,3200,3200
12342,0,3200,3200
12343,0,3200,3200
12344,0,3200,3200
12345,0,3200,3200
12346,0,3200,3200
12347,0,3200,3200
12348,0,3200,3200
12349,0,3200,3200
12350,0,3200,3200
12351,0,3200,3200
12352,0,3200,3200
12353,0,3200,3200
12354,0,3200,3200
12355,0,3200,3200
12356,0,3200,3200
12357,0,3200,3200
12358,0,3200,3200
12359,0,3200,3200
12360,0,3200,3200
12361,0,3200,3200
12362,0,3200,3200
12363,0,3200,3200
12364,0,3200,3200
12365,0,3200,3200
12366,0,3200,3200
12367,0,3200,3200
12368,0,3200,3200
12369,0,3200,3200
12370,0,3200,3200
12371,0,3200,3200
12372,0,3200,3200
12373,0,3200,3200
12374,0,3200,3200
12375,0,3200,3200
12376,0,3200,3200
12377,0,3200,3200
12378,0,3200,3200
12379,0,3200,3200
12380,0,3200,3200
12381,0,3200,3200
12382,0,3200,3200
12383,0,3200,3200
12384,0,3200,3200
12385,0,3200,3200
12386,0,3200,3200
12387,0,3200,3200
12388,0,3200,3200
12389,0,3200,3200
12390,0,3200,3200
12391,0,3200,3200
12392,0,3200,3200
12393,0,3200,3200
12394,0,3200,3200
12395,0,3200,3200
12396,0,3200,3200
12397,0,3200,3200
12398,0,3200,3200
12399,0,3200,3200
12400,0,3200,3200
12401,0,3200,3200
12402,0,3200,3200
12403,0,3200,3200
12404,0,3200,3200
12405,0,3200,3200
12406,0,3200,3200
12407,0,3200,3200
12408,0,3200,3200
12409,0,3200,3200
12410,0,3200,3200
12411,0,3200,3200
12412,0,3200,3200
12413,0,3200,3200
12414,0,3200,3200
12415,0,3200,3200
12416,0,3200,3200
12417,0,3200,3200
12418,0,3200,3200
12419,0,3200,3200
12420,0,3200,3200
12421,0,3200,3200
12422,0,3200,3200
12423,0,3200,3200
12424,0,3200,3200
12425,0,3200,3200
12426,0,3200,3200
12427,0,3200,3200
12428,0,3200,3200
12429,0,3200,3200
12430,0,3200,3200
12431,0,3200,3200
12432,0,3200,3200
12433,0,3200,3200
12434,0,3200,3200
12435,0,3200,3200
12436,0,3200,3200
12437,0,3200,3200
12438,0,3200,3200
12439,0,3200,3200
12440,0,3200,3200
12441,0,3200,3200
12442,0,3200,3200
12443,0,3200,3200
12444,0,3200,3200
12445,0,3200,3200
12446,0,3200,3200
12447,0,3200,3200
12448,0,3200,3200
12449,0,3200,3200
12450,0,3200,3200
12451,0,3200,3200
12452,0,3200,3200
12453,0,3200,3200
12454,0,3200,3200
12455,0,3200,3200
12456,0,3200,3200
12457,0,3200,3200
12458,0,3200,3200
12459,0,3200,3200
12460,0,3200,3200
12461,0,3200,3200
12462,0,3200,3200
12463,0,3200,3200
12464,0,3200,3200
12465,0,3200,3200
12466,0,3200,3200
12467,0,3200,3200
12468,0,3200,3200
12469,0,3200,3200
12470,0,3200,3200
12471,0,3200,3200
12472,0,3200,3200
12473,0,3200,3200
12474,0,3200,3200
12475,0,3200,3200
12476,0,3200,3200
12477,0,3200,3200
12478,0,3200,3200
12479,0,3200,3200
12480,0,3200,3200
12481,0,3200,3200
12482,0,3200,3200
12483,0,3200,3200
12484,0,3200,3200
12485,0,3200,3200
12486,0,3200,3200
12487,0,3200,3200
12488,0,3200,3200
12489,0,3200,3200
12490,0,3200,3200
12491,0,3200,3200
12492,0,3200,3200
12493,0,3200,3200
12494,0,3200,3200
12495,0,3200,3200
12496,0,3200,3200
12497,0,3200,3200
12498,0,3200,3200
12499,0,3200,3200
12500,0,3200,3200
12501,0,3200,3200
12502,0,3200,3200
12503,0,3200,3200
12504,0,3200,3200
12505,0,3200,3200
12506,0,3200,3200
12507,0,3200,3200
12508,0,3200,3200
12509,0,3200,3200
12510,0,3200,3200
12511,0,3200,3200
12512,0,3200,3200
12513,0,3200,3200
12514,0,3200,3200
12515,0,3200,3200
12516,0,3200,3200
12517,0,3200,3200
12518,0,3200,3200
12519,0,3200,3200
12520,0,3200,3200
12521,0,3200,3200
12522,0,3200,3200
12523,0,3200,3200
12524,0,3200,3200
12525,0,3200,3200
12526,0,3200,3200
12527,0,3200,3200
12528,0,3200,3200
12529,0,3200,3200
12530,0,3200,3200
12531,0,3200,3200
12532,0,3200,3200
12533,0,3200,3200
12534,0,3200,3200
12535,0,3200,3200
12536,0,3200,3200
12537,0,3200,3200
12538,0,3200,3200
12539,0,3200,3200
12540,0,3200,3200
12541,0,3200,3200
12542,0,3200,3200
12543,0,3200,3200
12544,0,3200,3200
12545,0,3200,3200
12546,0,3200,3200
12547,0,3200,3200
12548,0,3200,3200
12549,0,3200,3200
12550,0,3200,3200
12551,0,3200,3200
12552,0,3200,3200
12553,0,3200,3200
12554,0,3200,3200
12555,0,3200,3200
12556,0,3200,3200
12557,0,3200,3200
12558,0,3200,3200
12559,0,3200,3200
12560,0,3200,3200
12561,0,3200,3200
12562,0,3200,3200
12563,0,3200,3200
12564,0,3200,3200
12565,0,3200,3200
12566,0,3200,3200
12567,0,3200,3200
12568,0,3200,3200
12569,0,3200,3200
12570,0,3200,3200
12571,0,3200,3200
12572,0,3200,3200
12573,0,3200,3200
12574,0,3200,3200
12575,0,3200,3200
12576,0,3200,3200
12577,0,3200,3200
12578,0,3200,3200
12579,0,3200,3200
12580,0,3200,3200
12581,0,3200,3200
12582,0,3200,3200
12583,0,3200,3200
12584,0,3200,3200
12585,0,3200,3200
12586,0,3200,3200
12587,0,3200,3200
12588,0,3200,3200
12589,0,3200,3200
12590,0,3200,3200
12591,0,3200,3200
12592,0,3200,3200
12593,0,3200,3200
12594,0,3200,3200
12595,0,3200,3200
12596,0,3200,3200
12597,0,3200,3200
12598,0,3200,3200
12599,0,3200,3200
12600,0,3200,3200
12601,0,3200,3200
12602,0,3200,3200
12603,0,3200,3200
12604,0,3200,3200
12605,0,3200,3200
12606,0,3200,3200
12607,0,3200,3200
12608,0,3200,3200
12609,0,3200,3200
12610,0,3200,3200
12611,0,3200,3200
12612,0,3200,3200
12613,0,3200,3200
12614,0,3200,3200
12615,0,3200,3200
12616,0,3200,3200
12617,0,3200,3200
12618,0,3200,3200
12619,0,3200,3200
12620,0,3200,3200
12621,0,3200,3200
12622,0,3200,3200
12623,0,3200,3200
12624,0,3200,3200
12625,0,3200,3200
12626,0,3200,3200
12627,0,3200,3200
12628,0,3200,3200
12629,0,3200,3200
12630,0,3200,3200
12631,0,3200,3200
12632,0,3200,3200
12633,0,3200,3200
12634,0,3200,3200
12635,0,3200,3200
12636,0,3200,3200
12637,0,3200,3200
12638,0,3200,3200
12639,0,3200,3200
12640,0,3200,3200
12641,0,3200,3200
12642,0,3200,3200
12643,0,3200,3200
12644,0,3200,3200
12645,0,3200,3200
12646,0,3200,3200
12647,0,3200,3200
12648,0,3200,3200
12649,0,3200,3200
12650,0,3200,3200
12651,0,3200,3200
12652,0,3200,3200
12653,0,3200,3200
12654,0,3200,3200
12655,0,3200,3200
12656,0,3200,3200
12657,0,3200,3200
12658,0,3200,3200
12659,0,3200,3200
12660,0,3200,3200
12661,0,3200,3200
12662,0,3200,3200
12663,0,3200,3200
12664,0,3200,3200
12665,0,3200,3200
12666,0,3200,3200
12667,0,3200,3200
12668,0,3200,3200
12669,0,3200,3200
12670,0,3200,3200
12671,0,3200,3200
12672,0,3200,3200
12673,0,3200,3200
12674,0,3200,3200
12675,0,3200,3200
12676,0,3200,3200
12677,0,3200,3200
12678,0,3200,3200
12679,0,3200,3200
12680,0,3200,3200
12681,0,3200,3200
12682,0,3200,3200
12683,0,3200,3200
12684,0,3200,3200
12685,0,3200,3200
12686,0,3200,3200
12687,0,3200,3200
12688,0,3200,3200
12689,0,3200,3200
12690,0,3200,3200
12691,0,3200,3200
12692,0,3200,3200
12693,0,3200,3200
12694,0,3200,3200
12695,0,3200,3200
12696,0,3200,3200
12697,0,3200,3200
12698,0,3200,3200
12699,0,3200,3200
12700,0,3200,3200
12701,0,3200,3200
12702,0,3200,3200
12703,0,3200,3200
12704,0,3200,3200
12705,0,3200,3200
12706,0,3200,3200
12707,0,3200,3200
12708,0,3200,3200
12709,0,3200,3200
12710,0,3200,3200
12711,0,3200,3200
12712,0,3200,3200
12713,0,3200,3200
12714,0,3200,3200
12715,0,3200,3200
12716,0,3200,3200
12717,0,3200,3200
12718,0,3200,3200
12719,0,3200,3200
12720,0,3200,3200
12721,0,3200,3200
12722,0,3200,3200
12723,0,3200,3200
12724,0,3200,3200
12725,0,3200,3200
12726,0,3200,3200
12727,0,3200,3200
12728,0,3200,3200
12729,0,3200,3200
12730,0,3200,3200
12731,0,3200,3200
12732,0,3200,3200
12733,0,3200,3200
12734,0,3200,3200
12735,0,3200,3200
12736,0,3200,3200
12737,0,3200,3200
12738,0,3200,3200
12739,0,3200,3200
12740,0,3200,3200
12741,0,3200,3200
12742,0,3200,3200
12743,0,3200,3200
12744,0,3200,3200
12745,0,3200,3200
12746,0,3200,3200
12747,0,3200,3200
12748,0,3200,3200
12749,0,3200,3200
12750,0,3200,3200
12751,0,3200,3200
12752,0,3200,3200
12753,0,3200,3200
12754,0,3200,3200
12755,0,3200,3200
12756,0,3200,3200
12757,0,3200,3200
12758,0,3200,3200
12759,0,3200,3200
12760,0,3200,3200
12761,0,3200,3200
12762,0,3200,3200
12763,0,3200,3200
12764,0,3200,3200
12765,0,3200,3200
12766,0,3200,3200
12767,0,3200,3200
12768,0,3200,3200
12769,0,3200,3200
12770,0,3200,3200
12771,0,3200,3200
12772,0,3200,3200
12773,0,3200,3200
12774,0,3200,3200
12775,0,3200,3200
12776,0,3200,3200
12777,0,3200,3200
12778,0,3200,3200
12779,0,3200,3200
12780,0,3200,3200
12781,0,3200,3200
12782,0,3200,3200
12783,0,3200,3200
12784,0,3200,3200
12785,0,3200,3200
12786,0,3200,3200
12787,0,3200,3200
12788,0,3200,3200
12789,0,3200,3200
12790,0,3200,3200
12791,0,3200,3200
12792,0,3200,3200
12793,0,3200,3200
12794,0,3200,3200
12795,0,3200,3200
12796,0,3200,3200
12797,0,3200,3200
12798,0,3200,3200
12799,0,3200,3200
12800,0,3200,3200
12801,0,3200,3200
12802,0,3200,3200
12803,0,3200,3200
12804,0,3200,3200
12805,0,3200,3200
12806,0,3200,3200
12807,0,3200,3200
12808,0,3200,3200
12809,0,3200,3200
12810,0,3200,3200
12811,0,3200,3200
12812,0,3200,3200
12813,0,3200,3200
12814,0,3200,3200
12815,0,3200,3200
12816,0,3200,3200
12817,0,3200,3200
12818,0,3200,3200
12819,0,3200,3200
12820,0,3200,3200
12821,0,3200,3200
12822,0,3200,3200
12823,0,3200,3200
12824,0,3200,3200
12825,0,3200,3200
12826,0,3200,3200
12827,0,3200,3200
12828,0,3200,3200
12829,0,3200,3200
12830,0,3200,3200
12831,0,3200,3200
12832,0,3200,3200
12833,0,3200,3200
12834,0,3200,3200
12835,0,3200,3200
12836,0,3200,3200
12837,0,3200,3200
12838,0,3200,3200
12839,0,3200,3200
12840,0,3200,3200
12841,0,3200,3200
12842,0,3200,3200
12843,0,3200,3200
12844,0,3200,3200
12845,0,3200,3200
12846,0,3200,3200
12847,0,3200,3200
12848,0,3200,3200
12849,0,3200,3200
12850,0,3200,3200
12851,0,3200,3200
12852,0,3200,3200
12853,0,3200,3200
12854,0,3200,3200
12855,0,3200,3200
12856,0,3200,3200
12857,0,3200,3200
12858,0,3200,3200
12859,0,3200,3200
12860,0,3200,3200
12861,0,3200,3200
12862,0,3200,3200
12863,0,3200,3200
12864,0,3200,3200
12865,0,3200,3200
12866,0,3200,3200
12867,0,3200,3200
12868,0,3200,3200
12869,0,3200,3200
12870,0,3200,3200
12871,0,3200,3200
12872,0,3200,3200
12873,0,3200,3200
12874,0,3200,3200
12875,0,3200,3200
12876,0,3200,3200
12877,0,3200,3200
12878,0,3200,3200
12879,0,3200,3200
12880,0,3200,3200
12881,0,3200,3200
12882,0,3200,3200
12883,0,3200,3200
12884,0,3200,3200
12885,0,3200,3200
12886,0,3200,3200
12887,0,3200,3200
12888,0,3200,3200
12889,0,3200,3200
12890,0,3200,3200
12891,0,3200,3200
12892,0,3200,3200
12893,0,3200,3200
12894,0,3200,3200
12895,0,3200,3200
12896,0,3200,3200
12897,0,3200,3200
12898,0,3200,3200
12899,0,3200,3200
12900,0,3200,3200
12901,0,3200,3200
12902,0,3200,3200
12903,0,3200,3200
12904,0,3200,3200
12905,0,3200,3200
12906,0,3200,3200
12907,0,3200,3200
12908,0,3200,3200
12909,0,3200,3200
12910,0,3200,3200
12911,0,3200,3200
12912,0,3200,3200
12913,0,3200,3200
12914,0,3200,3200
12915,0,3200,3200
12916,0,3200,3200
12917,0,3200,3200
12918,0,3200,3200
12919,0,3200,3200
12920,0,3200,3200
12921,0,3200,3200
12922,0,3200,3200
12923,0,3200,3200
12924,0,3200,3200
12925,0,3200,3200
12926,0,3200,3200
12927,0,3200,3200
12928,0,3200,3200
12929,0,3200,3200
12930,0,3200,3200
12931,0,3200,3200
12932,0,3200,3200
12933,0,3200,3200
12934,0,3200,3200
12935,0,3200,3200
12936,0,3200,3200
12937,0,3200,3200
12938,0,3200,3200
12939,0,3200,3200
12940,0,3200,3200
12941,0,3200,3200
12942,0,3200,3200
12943,0,3200,3200
12944,0,3200,3200
12945,0,3200,3200
12946,0,3200,3200
12947,0,3200,3200
12948,0,3200,3200
12949,0,3200,3200
12950,0,3200,3200
12951,0,3200,3200
12952,0,3200,3200
12953,0,3200,3200
12954,0,3200,3200
12955,0,3200,3200
12956,0,3200,3200
12957,0,3200,3200
12958,0,3200,3200
12959,0,3200,3200
12960,0,3200,3200
12961,0,3200,3200
12962,0,3200,3200
12963,0,3200,3200
12964,0,3200,3200
12965,0,3200,3200
12966,0,3200,3200
12967,0,3200,3200
12968,0,3200,3200
12969,0,3200,3200
12970,0,3200,3200
12971,0,3200,3200
12972,0,3200,3200
12973,0,3200,3200
12974,0,3200,3200
12975,0,3200,3200
12976,0,3200,3200
12977,0,3200,3200
12978,0,3200,3200
12979,0,3200,3200
12980,0,3200,3200
12981,0,3200,3200
12982,0,3200,3200
12983,0,3200,3200
12984,0,3200,3200
12985,0,3200,3200
12986,0,3200,3200
12987,0,3200,3200
12988,0,3200,3200
12989,0,3200,3200
12990,0,3200,3200
12991,0,3200,3200
12992,0,3200,3200
12993,0,3200,3200
12994,0,3200,3200
12995,0,3200,3200
12996,0,3200,3200
12997,0,3200,3200
12998,0,3200,3200
12999,0,3200,3200
13000,0,3200,3200
13001,0,3200,3200
13002,0,3200,3200
13003,0,3200,3200
13004,0,3200,3200
13005,0,3200,3200
13006,0,3200,3200
13007,0,3200,3200
13008,0,3200,3200
13009,0,3200,3200
13010,0,3200,3200
13011,0,3200,3200
13012,0,3200,3200
13013,0,3200,3200
13014,0,3200,3200
13015,0,3200,3200
13016,0,3200,3200
13017,0,3200,3200
13018,0,3200,3200
13019,0,3200,3200
13020,0,3200,3200
13021,0,3200,3200
13022,0,3200,3200
13023,0,3200,3200
13024,0,3200,3200
13025,0,3200,3200
13026,0,3200,3200
13027,0,3200,3200
13028,0,3200,3200
13029,0,3200,3200
13030,0,3200,3200
13031,0,3200,3200
13032,0,3200,3200
13033,0,3200,3200
13034,0,3200,3200
13035,0,3200,3200
13036,0,3200,3200
13037,0,3200,3200
13038,0,3200,3200
13039,0,3200,3200
13040,0,3200,3200
13041,0,3200,3200
13042,0,3200,3200
13043,0,3200,3200
13044,0,3200,3200
13045,0,3200,3200
13046,0,3200,3200
13047,0,3200,3200
13048,0,3200,3200
13049,0,3200,3200
13050,0,3200,3200
13051,0,3200,3200
13052,0,3200,3200
13053,0,3200,3200
13054,0,3200,3200
13055,0,3200,3200
13056,0,3200,3200
13057,0,3200,3200
13058,0,3200,3200
13059,0,3200,3200
13060,0,3200,3200
13061,0,3200,3200
13062,0,3200,3200
13063,0,3200,3200
13064,0,3200,3200
13065,0,3200,3200
13066,0,3200,3200
13067,0,3200,3200
13068,0,3200,3200
13069,0,3200,3200
13070,0,3200,3200
13071,0,3200,3200
13072,0,3200,3200
13073,0,3200,3200
13074,0,3200,3200
13075,0,3200,3200
13076,0,3200,3200
13077,0,3200,3200
13078,0,3200,3200
13079,0,3200,3200
13080,0,3200,3200
13081,0,3200,3200
13082,0,3200,3200
13083,0,3200,3200
13084,0,3200,3200
13085,0,3200,3200
13086,0,3200,3200
13087,0,3200,3200
13088,0,3200,3200
13089,0,3200,3200
13090,0,3200,3200
13091,0,3200,3200
13092,0,3200,3200
13093,0,3200,3200
13094,0,3200,3200
13095,0,3200,3200
13096,0,3200,3200
13097,0,3200,3200
13098,0,3200,3200
13099,0,3200,3200
13100,0,3200,3200
13101,0,3200,3200
13102,0,3200,3200
13103,0,3200,3200
13104,0,3200,3200
13105,0,3200,3200
13106,0,3200,3200
13107,0,3200,3200
13108,0,3200,3200
13109,0,3200,3200
13110,0,3200,3200
13111,0,3200,3200
13112,0,3200,3200
13113,0,3200,3200
13114,0,3200,3200
13115,0,3200,3200
13116,0,3200,3200
13117,0,3200,3200
13118,0,3200,3200
13119,0,3200,3200
13120,0,3200,3200
13121,0,3200,3200
13122,0,3200,3200
13123,0,3200,3200
13124,0,3200,3200
13125,0,3200,3200
13126,0,3200,3200
13127,0,3200,3200
13128,0,3200,3200
13129,0,3200,3200
13130,0,3200,3200
13131,0,3200,3200
13132,0,3200,3200
13133,0,3200,3200
13134,0,3200,3200
13135,0,3200,3200
13136,0,3200,3200
13137,0,3200,3200
13138,0,3200,3200
13139,0,3200,3200
13140,0,3200,3200
13141,0,3200,3200
13142,0,3200,3200
13143,0,3200,3200
13144,0,3200,3200
13145,0,3200,3200
13146,0,3200,3200
13147,0,3200,3200
13148,0,3200,3200
13149,0,3200,3200
13150,0,3200,3200
13151,0,3200,3200
13152,0,3200,3200
13153,0,3200,3200
13154,0,3200,3200
13155,0,3200,3200
13156,0,3200,3200
13157,0,3200,3200
13158,0,3200,3200
13159,0,3200,3200
13160,0,3200,3200
13161,0,3200,3200
13162,0,3200,3200
13163,0,3200,3200
13164,0,3200,3200
13165,0,3200,3200
13166,0,3200,3200
13167,0,3200,3200
13168,0,3200,3200
13169,0,3200,3200
13170,0,3200,3200
13171,0,3200,3200
13172,0,3200,3200
13173,0,3200,3200
13174,0,3200,3200
13175,0,3200,3200
13176,0,3200,3200
13177,0,3200,3200
13178,0,3200,3200
13179,0,3200,3200
13180,0,3200,3200
13181,0,3200,3200
13182,0,3200,3200
13183,0,3200,3200
13184,0,3200,3200
13185,0,3200,3200
13186,0,3200,3200
13187,0,3200,3200
13188,0,3200,3200
13189,0,3200,3200
13190,0,3200,3200
13191,0,3200,3200
13192,0,3200,3200
13193,0,3200,3200
13194,0,3200,3200
13195,0,3200,3200
13196,0,3200,3200
13197,0,3200,3200
13198,0,3200,3200
13199,0,3200,3200
13200,0,3200,3200
13201,0,3200,3200
13202,0,3200,3200
13203,0,3200,3200
13204,0,3200,3200
13205,0,3200,3200
13206,0,3200,3200
13207,0,3200,3200
13208,0,3200,3200
13209,0,3200,3200
13210,0,3200,3200
13211,0,3200,3200
13212,0,3200,3200
13213,0,3200,3200
13214,0,3200,3200
13215,0,3200,3200
13216,0,3200,3200
13217,0,3200,3200
13218,0,3200,3200
13219,0,3200,3200
13220,0,3200,3200
13221,0,3200,3200
13222,0,3200,3200
13223,0,3200,3200
13224,0,3200,3200
13225,0,3200,3200
13226,0,3200,3200
13227,0,3200,3200
13228,0,3200,3200
13229,0,3200,3200
13230,0,3200,3200
13231,0,3200,3200
13232,0,3200,3200
13233,0,3200,3200
13234,0,3200,3200
13235,0,3200,3200
13236,0,3200,3200
13237,0,3200,3200
13238,0,3200,3200
13239,0,3200,3200
13240,0,3200,3200
13241,0,3200,3200
13242,0,3200,3200
13243,0,3200,3200
13244,0,3200,3200
13245,0,3200,3200
13246,0,3200,3200
13247,0,3200,3200
13248,0,3200,3200
13249,0,3200,3200
13250,0,3200,3200
13251,0,3200,3200
13252,0,3200,3200
13253,0,3200,3200
13254,0,3200,3200
13255,0,3200,3200
13256,0,3200,3200
13257,0,3200,3200
13258,0,3200,3200
13259,0,3200,3200
13260,0,3200,3200
13261,0,3200,3200
13262,0,3200,3200
13263,0,3200,3200
13264,0,3200,3200
13265,0,3200,3200
13266,0,3200,3200
13267,0,3200,3200
13268,0,3200,3200
13269,0,3200,3200
13270,0,3200,3200
13271,0,3200,3200
13272,0,3200,3200
13273,0,3200,3200
13274,0,3200,3200
13275,0,3200,3200
13276,0,3200,3200
13277,0,3200,3200
13278,0,3200,3200
13279,0,3200,3200
13280,0,3200,3200
13281,0,3200,3200
13282,0,3200,3200
13283,0,3200,3200
13284,0,3200,3200
13285,0,3200,3200
13286,0,3200,3200
13287,0,3200,3200
13288,0,3200,3200
13289,0,3200,3200
13290,0,3200,3200
13291,0,3200,3200
13292,0,3200,3200
13293,0,3200,3200
13294,0,3200,3200
13295,0,3200,3200
13296,0,3200,3200
13297,0,3200,3200
13298,0,3200,3200
13299,0,3200,3200
13300,0,3200,3200
13301,0,3200,3200
13302,0,3200,3200
13303,0,3200,3200
13304,0,3200,3200
13305,0,3200,3200
13306,0,3200,3200
13307,0,3200,3200
13308,0,3200,3200
13309,0,3200,3200
13310,0,3200,3200
13311,0,3200,3200
13312,0,3200,3200
13313,0,3200,3200
13314,0,3200,3200
13315,0,3200,3200
13316,0,3200,3200
13317,0,3200,3200
13318,0,3200,3200
13319,0,3200,3200
13320,0,3200,3200
13321,0,3200,3200
13322,0,3200,3200
13323,0,3200,3200
13324,0,3200,3200
13325,0,3200,3200
13326,0,3200,3200
13327,0,3200,3200
13328,0,3200,3200
13329,0,3200,3200
13330,0,3200,3200
13331,0,3200,3200
13332,0,3200,3200
13333,0,3200,3200
13334,0,3200,3200
13335,0,3200,3200
13336,0,3200,3200
13337,0,3200,3200
13338,0,3200,3200
13339,0,3200,3200
13340,0,3200,3200
13341,0,3200,3200
13342,0,3200,3200
13343,0,3200,3200
13344,0,3200,3200
13345,0,3200,3200
13346,0,3200,3200
13347,0,3200,3200
13348,0,3200,3200
13349,0,3200,3200
13350,0,3200,3200
13351,0,3200,3200
13352,0,3200,3200
13353,0,3200,3200
13354,0,3200,3200
13355,0,3200,3200
13356,0,3200,3200
13357,0,3200,3200
13358,0,3200,3200
13359,0,3200,3200
13360,0,3200,3200
13361,0,3200,3200
13362,0,3200,3200
13363,0,3200,3200
13364,0,3200,3200
13365,0,3200,3200
13366,0,3200,3200
13367,0,3200,3200
13368,0,3200,3200
13369,0,3200,3200
13370,0,3200,3200
13371,0,3200,3200
13372,0,3200,3200
13373,0,3200,3200
13374,0,3200,3200
13375,0,3200,3200
13376,0,3200,3200
13377,0,3200,3200
13378,0,3200,3200
13379,0,3200,3200
13380,0,3200,3200
13381,0,3200,3200
13382,0,3200,3200
13383,0,3200,3200
13384,0,3200,3200
13385,0,3200,3200
13386,0,3200,3200
13387,0,3200,3200
13388,0,3200,3200
13389,0,3200,3200
13390,0,3200,3200
13391,0,3200,3200
13392,0,3200,3200
13393,0,3200,3200
13394,0,3200,3200
13395,0,3200,3200
13396,0,3200,3200
13397,0,3200,3200
13398,0,3200,3200
13399,0,3200,3200
13400,0,3200,3200
13401,0,3200,3200
13402,0,3200,3200
13403,0,3200,3200
13404,0,3200,3200
13405,0,3200,3200
13406,0,3200,3200
13407,0,3200,3200
13408,0,3200,3200
13409,0,3200,3200
13410,0,3200,3200
13411,0,3200,3200
13412,0,3200,3200
13413,0,3200,3200
13414,0,3200,3200
13415,0,3200,3200
13416,0,3200,3200
13417,0,3200,3200
13418,0,3200,3200
13419,0,3200,3200
13420,0,3200,3200
13421,0,3200,3200
13422,0,3200,3200
13423,0,3200,3200
13424,0,3200,3200
13425,0,3200,3200
13426,0,3200,3200
13427,0,3200,3200
13428,0,3200,3200
13429,0,3200,3200
13430,0,3200,3200
13431,0,3200,3200
13432,0,3200,3200
13433,0,3200,3200
13434,0,3200,3200
13435,0,3200,3200
13436,0,3200,3200
13437,0,3200,3200
13438,0,3200,3200
13439,0,3200,3200
13440,0,3200,3200
13441,0,3200,3200
13442,0,3200,3200
13443,0,3200,3200
13444,0,3200,3200
13445,0,3200,3200
13446,0,3200,3200
13447,0,3200,3200
13448,0,3200,3200
13449,0,3200,3200
13450,0,3200,3200
13451,0,3200,3200
13452,0,3200,3200
13453,0,3200,3200
13454,0,3200,3200
13455,0,3200,3200
13456,0,3200,3200
13457,0,3200,3200
13458,0,3200,3200
13459,0,3200,3200
13460,0,3200,3200
13461,0,3200,3200
13462,0,3200,3200
13463,0,3200,3200
13464,0,3200,3200
13465,0,3200,3200
13466,0,3200,3200
13467,0,3200,3200
13468,0,3200,3200
13469,0,3200,3200
13470,0,3200,3200
13471,0,3200,3200
13472,0,3200,3200
13473,0,3200,3200
13474,0,3200,3200
13475,0,3200,3200
13476,0,3200,3200
13477,0,3200,3200
13478,0,3200,3200
13479,0,3200,3200
13480,0,3200,3200
13481,0,3200,3200
13482,0,3200,3200
13483,0,3200,3200
13484,0,3200,3200
13485,0,3200,3200
13486,0,3200,3200
13487,0,3200,3200
13488,0,3200,3200
13489,0,3200,3200
13490,0,3200,3200
13491,0,3200,3200
13492,0,3200,3200
13493,0,3200,3200
13494,0,3200,3200
13495,0,3200,3200
13496,0,3200,3200
13497,0,3200,3200
13498,0,3200,3200
13499,0,3200,3200
13500,0,3200,3200
13501,0,3200,3200
13502,0,3200,3200
13503,0,3200,3200
13504,0,3200,3200
13505,0,3200,3200
13506,0,3200,3200
13507,0,3200,3200
13508,0,3200,3200
13509,0,3200,3200
13510,0,3200,3200
13511,0,3200,3200
13512,0,3200,3200
13513,0,3200,3200
13514,0,3200,3200
13515,0,3200,3200
13516,0,3200,3200
13517,0,3200,3200
13518,0,3200,3200
13519,0,3200,3200
13520,0,3200,3200
13521,0,3200,3200
13522,0,3200,3200
13523,0,3200,3200
13524,0,3200,3200
13525,0,3200,3200
13526,0,3200,3200
13527,0,3200,3200
13528,0,3200,3200
13529,0,3200,3200
13530,0,3200,3200
13531,0,3200,3200
13532,0,3200,3200
13533,0,3200,3200
13534,0,3200,3200
13535,0,3200,3200
13536,0,3200,3200
13537,0,3200,3200
13538,0,3200,3200
13539,0,3200,3200
13540,0,3200,3200
13541,0,3200,3200
13542,0,3200,3200
13543,0,3200,3200
13544,0,3200,3200
13545,0,3200,3200
13546,0,3200,3200
13547,0,3200,3200
13548,0,3200,3200
13549,0,3200,3200
13550,0,3200,3200
13551,0,3200,3200
13552,0,3200,3200
13553,0,3200,3200
13554,0,3200,3200
13555,0,3200,3200
13556,0,3200,3200
13557,0,3200,3200
13558,0,3200,3200
13559,0,3200,3200
13560,0,3200,3200
13561,0,3200,3200
13562,0,3200,3200
13563,0,3200,3200
13564,0,3200,3200
13565,0,3200,3200
13566,0,3200,3200
13567,0,3200,3200
13568,0,3200,3200
13569,0,3200,3200
13570,0,3200,3200
13571,0,3200,3200
13572,0,3200,3200
13573,0,3200,3200
13574,0,3200,3200
13575,0,3200,3200
13576,0,3200,3200
13577,0,3200,3200
13578,0,3200,3200
13579,0,3200,3200
13580,0,3200,3200
13581,0,3200,3200
13582,0,3200,3200
13583,0,3200,3200
13584,0,3200,3200
13585,0,3200,3200
13586,0,3200,3200
13587,0,3200,3200
13588,0,3200,3200
13589,0,3200,3200
13590,0,3200,3200
13591,0,3200,3200
13592,0,3200,3200
13593,0,3200,3200
13594,0,3200,3200
13595,0,3200,3200
13596,0,3200,3200
13597,0,3200,3200
13598,0,3200,3200
13599,0,3200,3200
13600,0,3200,3200
13601,0,3200,3200
13602,0,3200,3200
13603,0,3200,3200
13604,0,3200,3200
13605,0,3200,3200
13606,0,3200,3200
13607,0,3200,3200
13608,0,3200,3200
13609,0,3200,3200
13610,0,3200,3200
13611,0,3200,3200
13612,0,3200,3200
13613,0,3200,3200
13614,0,3200,3200
13615,0,3200,3200
13616,0,3200,3200
13617,0,3200,3200
13618,0,3200,3200
13619,0,3200,3200
13620,0,3200,3200
13621,0,3200,3200
13622,0,3200,3200
13623,0,3200,3200
13624,0,3200,3200
13625,0,3200,3200
13626,0,3200,3200
13627,0,3200,3200
13628,0,3200,3200
13629,0,3200,3200
13630,0,3200,3200
13631,0,3200,3200
13632,0,3200,3200
13633,0,3200,3200
13634,0,3200,3200
13635,0,3200,3200
13636,0,3200,3200
13637,0,3200,3200
13638,0,3200,3200
13639,0,3200,3200
13640,0,3200,3200
13641,0,3200,3200
13642,0,3200,3200
13643,0,3200,3200
13644,0,3200,3200
13645,0,3200,3200
13646,0,3200,3200
13647,0,3200,3200
13648,0,3200,3200
13649,0,3200,3200
13650,0,3200,3200
13651,0,3200,3200
13652,0,3200,3200
13653,0,3200,3200
13654,0,3200,3200
13655,0,3200,3200
13656,0,3200,3200
13657,0,3200,3200
13658,0,3200,3200
13659,0,3200,3200
13660,0,3200,3200
13661,0,3200,3200
13662,0,3200,3200
13663,0,3200,3200
13664,0,3200,3200
13665,0,3200,3200
13666,0,3200,3200
13667,0,3200,3200
13668,0,3200,3200
13669,0,3200,3200
13670,0,3200,3200
13671,0,3200,3200
13672,0,3200,3200
13673,0,3200,3200
13674,0,3200,3200
13675,0,3200,3200
13676,0,3200,3200
13677,0,3200,3200
13678,0,3200,3200
13679,0,3200,3200
13680,0,3200,3200
13681,0,3200,3200
13682,0,3200,3200
13683,0,3200,3200
13684,0,3200,3200
13685,0,3200,3200
13686,0,3200,3200
13687,0,3200,3200
13688,0,3200,3200
13689,0,3200,3200
13690,0,3200,3200
13691,0,3200,3200
13692,0,3200,3200
13693,0,3200,3200
13694,0,3200,3200
13695,0,3200,3200
13696,0,3200,3200
13697,0,3200,3200
13698,0,3200,3200
13699,0,3200,3200
13700,0,3200,3200
13701,0,3200,3200
13702,0,3200,3200
13703,0,3200,3200
13704,0,3200,3200
13705,0,3200,3200
13706,0,3200,3200
13707,0,3200,3200
13708,0,3200,3200
13709,0,3200,3200
13710,0,3200,3200
13711,0,3200,3200
13712,0,3200,3200
13713,0,3200,3200
13714,0,3200,3200
13715,0,3200,3200
13716,0,3200,3200
13717,0,3200,3200
13718,0,3200,3200
13719,0,3200,3200
13720,0,3200,3200
13721,0,3200,3200
13722,0,3200,3200
13723,0,3200,3200
13724,0,3200,3200
13725,0,3200,3200
13726,0,3200,3200
13727,0,3200,3200
13728,0,3200,3200
13729,0,3200,3200
13730,0,3200,3200
13731,0,3200,3200
13732,0,3200,3200
13733,0,3200,3200
13734,0,3200,3200
13735,0,3200,3200
13736,0,3200,3200
13737,0,3200,3200
13738,0,3200,3200
13739,0,3200,3200
13740,0,3200,3200
13741,0,3200,3200
13742,0,3200,3200
13743,0,3200,3200
13744,0,3200,3200
13745,0,3200,3200
13746,0,3200,3200
13747,0,3200,3200
13748,0,3200,3200
13749,0,3200,3200
13750,0,3200,3200
13751,0,3200,3200
13752,0,3200,3200
13753,0,3200,3200
13754,0,3200,3200
13755,0,3200,3200
13756,0,3200,3200
13757,0,3200,3200
13758,0,3200,3200
13759,0,3200,3200
13760,0,3200,3200
13761,0,3200,3200
13762,0,3200,3200
13763,0,3200,3200
13764,0,3200,3200
13765,0,3200,3200
13766,0,3200,3200
13767,0,3200,3200
13768,0,3200,3200
13769,0,3200,3200
13770,0,3200,3200
13771,0,3200,3200
13772,0,3200,3200
13773,0,3200,3200
13774,0,3200,3200
13775,0,3200,3200
13776,0,3200,3200
13777,0,3200,3200
13778,0,3200,3200
13779,0,3200,3200
13780,0,3200,3200
13781,0,3200,3200
13782,0,3200,3200
13783,0,3200,3200
13784,0,3200,3200
13785,0,3200,3200
13786,0,3200,3200
13787,0,3200,3200
13788,0,3200,3200
13789,0,3200,3200
13790,0,3200,3200
13791,0,3200,3200
13792,0,3200,3200
13793,0,3200,3200
13794,0,3200,3200
13795,0,3200,3200
13796,0,3200,3200
13797,0,3200,3200
13798,0,3200,3200
13799,0,3200,3200
13800,0,3200,3200
13801,0,3200,3200
13802,0,3200,3200
13803,0,3200,3200
13804,0,3200,3200
13805,0,3200,3200
13806,0,3200,3200
13807,0,3200,3200
13808,0,3200,3200
13809,0,3200,3200
13810,0,3200,3200
13811,0,3200,3200
13812,0,3200,3200
13813,0,3200,3200
13814,0,3200,3200
13815,0,3200,3200
13816,0,3200,3200
13817,0,3200,3200
13818,0,3200,3200
13819,0,3200,3200
13820,0,3200,3200
13821,0,3200,3200
13822,0,3200,3200
13823,0,3200,3200
13824,0,3200,3200
13825,0,3200,3200
13826,0,3200,3200
13827,0,3200,3200
13828,0,3200,3200
13829,0,3200,3200
13830,0,3200,3200
13831,0,3200,3200
13832,0,3200,3200
13833,0,3200,3200
13834,0,3200,3200
13835,0,3200,3200
13836,0,3200,3200
13837,0,3200,3200
13838,0,3200,3200
13839,0,3200,3200
13840,0,3200,3200
13841,0,3200,3200
13842,0,3200,3200
13843,0,3200,3200
13844,0,3200,3200
13845,0,3200,3200
13846,0,3200,3200
13847,0,3200,3200
13848,0,3200,3200
13849,0,3200,3200
13850,0,3200,3200
13851,0,3200,3200
13852,0,3200,3200
13853,0,3200,3200
13854,0,3200,3200
13855,0,3200,3200
13856,0,3200,3200
13857,0,3200,3200
13858,0,3200,3200
13859,0,3200,3200
13860,0,3200,3200
13861,0,3200,3200
13862,0,3200,3200
13863,0,3200,3200
13864,0,3200,3200
13865,0,3200,3200
13866,0,3200,3200
13867,0,3200,3200
13868,0,3200,3200
13869,0,3200,3200
13870,0,3200,3200
13871,0,3200,3200
13872,0,3200,3200
13873,0,3200,3200
13874,0,3200,3200
13875,0,3200,3200
13876,0,3200,3200
13877,0,3200,3200
13878,0,3200,3200
13879,0,3200,3200
13880,0,3200,3200
13881,0,3200,3200
13882,0,3200,3200
13883,0,3200,3200
13884,0,3200,3200
13885,0,3200,3200
13886,0,3200,3200
13887,0,3200,3200
13888,0,3200,3200
13889,0,3200,3200
13890,0,3200,3200
13891,0,3200,3200
13892,0,3200,3200
13893,0,3200,3200
13894,0,3200,3200
13895,0,3200,3200
13896,0,3200,3200
13897,0,3200,3200
13898,0,3200,3200
13899,0,3200,3200
13900,0,3200,3200
13901,0,3200,3200
13902,0,3200,3200
13903,0,3200,3200
13904,0,3200,3200
13905,0,3200,3200
13906,0,3200,3200
13907,0,3200,3200
13908,0,3200,3200
13909,0,3200,3200
13910,0,3200,3200
13911,0,3200,3200
13912,0,3200,3200
13913,0,3200,3200
13914,0,3200,3200
13915,0,3200,3200
13916,0,3200,3200
13917,0,3200,3200
13918,0,3200,3200
13919,0,3200,3200
13920,0,3200,3200
13921,0,3200,3200
13922,0,3200,3200
13923,0,3200,3200
13924,0,3200,3200
13925,0,3200,3200
13926,0,3200,3200
13927,0,3200,3200
13928,0,3200,3200
13929,0,3200,3200
13930,0,3200,3200
13931,0,3200,3200
13932,0,3200,3200
13933,0,3200,3200
13934,0,3200,3200
13935,0,3200,3200
13936,0,3200,3200
13937,0,3200,3200
13938,0,3200,3200
13939,0,3200,3200
13940,0,3200,3200
13941,0,3200,3200
13942,0,3200,3200
13943,0,3200,3200
13944,0,3200,3200
13945,0,3200,3200
13946,0,3200,3200
13947,0,3200,3200
13948,0,3200,3200
13949,0,3200,3200
13950,0,3200,3200
13951,0,3200,3200
13952,0,3200,3200
13953,0,3200,3200
13954,0,3200,3200
13955,0,3200,3200
13956,0,3200,3200
13957,0,3200,3200
13958,0,3200,3200
13959,0,3200,3200
13960,0,3200,3200
13961,0,3200,3200
13962,0,3200,3200
13963,0,3200,3200
13964,0,3200,3200
13965,0,3200,3200
13966,0,3200,3200
13967,0,3200,3200
13968,0,3200,3200
13969,0,3200,3200
13970,0,3200,3200
13971,0,3200,3200
13972,0,3200,3200
13973,0,3200,3200
13974,0,3200,3200
13975,0,3200,3200
13976,0,3200,3200
13977,0,3200,3200
13978,0,3200,3200
13979,0,3200,3200
13980,0,3200,3200
13981,0,3200,3200
13982,0,3200,3200
13983,0,3200,3200
13984,0,3200,3200
13985,0,3200,3200
13986,0,3200,3200
13987,0,3200,3200
13988,0,3200,3200
13989,0,3200,3200
13990,0,3200,3200
13991,0,3200,3200
13992,0,3200,3200
13993,0,3200,3200
13994,0,3200,3200
13995,0,3200,3200
13996,0,3200,3200
13997,0,3200,3200
13998,0,3200,3200
13999,0,3200,3200
14000,0,3200,3200
14001,0,3200,3200
14002,0,3200,3200
14003,0,3200,3200
14004,0,3200,3200
14005,0,3200,3200
14006,0,3200,3200
14007,0,3200,3200
14008,0,3200,3200
14009,0,3200,3200
14010,0,3200,3200
14011,0,3200,3200
14012,0,3200,3200
14013,0,3200,3200
14014,0,3200,3200
14015,0,3200,3200
14016,0,3200,3200
14017,0,3200,3200
14018,0,3200,3200
14019,0,3200,3200
14020,0,3200,3200
14021,0,3200,3200
14022,0,3200,3200
14023,0,3200,3200
14024,0,3200,3200
14025,0,3200,3200
14026,0,3200,3200
14027,0,3200,3200
14028,0,3200,3200
14029,0,3200,3200
14030,0,3200,3200
14031,0,3200,3200
14032,0,3200,3200
14033,0,3200,3200
14034,0,3200,3200
14035,0,3200,3200
14036,0,3200,3200
14037,0,3200,3200
14038,0,3200,3200
14039,0,3200,3200
14040,0,3200,3200
14041,0,3200,3200
14042,0,3200,3200
14043,0,3200,3200
14044,0,3200,3200
14045,0,3200,3200
14046,0,3200,3200
14047,0,3200,3200
14048,0,3200,3200
14049,0,3200,3200
14050,0,3200,3200
14051,0,3200,3200
14052,0,3200,3200
14053,0,3200,3200
14054,0,3200,3200
14055,0,3200,3200
14056,0,3200,3200
14057,0,3200,3200
14058,0,3200,3200
14059,0,3200,3200
14060,0,3200,3200
14061,0,3200,3200
14062,0,3200,3200
14063,0,3200,3200
14064,0,3200,3200
14065,0,3200,3200
14066,0,3200,3200
14067,0,3200,3200
14068,0,3200,3200
14069,0,3200,3200
14070,0,3200,3200
14071,0,3200,3200
14072,0,3200,3200
14073,0,3200,3200
14074,0,3200,3200
14075,0,3200,3200
14076,0,3200,3200
14077,0,3200,3200
14078,0,3200,3200
14079,0,3200,3200
14080,0,3200,3200
14081,0,3200,3200
14082,0,3200,3200
14083,0,3200,3200
14084,0,3200,3200
14085,0,3200,3200
14086,0,3200,3200
14087,0,3200,3200
14088,0,3200,3200
14089,0,3200,3200
14090,0,3200,3200
14091,0,3200,3200
14092,0,3200,3200
14093,0,3200,3200
14094,0,3200,3200
14095,0,3200,3200
14096,0,3200,3200
14097,0,3200,3200
14098,0,3200,3200
14099,0,3200,3200
14100,0,3200,3200
14101,0,3200,3200
14102,0,3200,3200
14103,0,3200,3200
14104,0,3200,3200
14105,0,3200,3200
14106,0,3200,3200
14107,0,3200,3200
14108,0,3200,3200
14109,0,3200,3200
14110,0,3200,3200
14111,0,3200,3200
14112,0,3200,3200
14113,0,3200,3200
14114,0,3200,3200
14115,0,3200,3200
14116,0,3200,3200
14117,0,3200,3200
14118,0,3200,3200
14119,0,3200,3200
14120,0,3200,3200
14121,0,3200,3200
14122,0,3200,3200
14123,0,3200,3200
14124,0,3200,3200
14125,0,3200,3200
14126,0,3200,3200
14127,0,3200,3200
14128,0,3200,3200
14129,0,3200,3200
14130,0,3200,3200
14131,0,3200,3200
14132,0,3200,3200
14133,0,3200,3200
14134,0,3200,3200
14135,0,3200,3200
14136,0,3200,3200
14137,0,3200,3200
14138,0,3200,3200
14139,0,3200,3200
14140,0,3200,3200
14141,0,3200,3200
14142,0,3200,3200
14143,0,3200,3200
14144,0,3200,3200
14145,0,3200,3200
14146,0,3200,3200
14147,0,3200,3200
14148,0,3200,3200
14149,0,3200,3200
14150,0,3200,3200
14151,0,3200,3200
14152,0,3200,3200
14153,0,3200,3200
14154,0,3200,3200
14155,0,3200,3200
14156,0,3200,3200
14157,0,3200,3200
14158,0,3200,3200
14159,0,3200,3200
14160,0,3200,3200
14161,0,3200,3200
14162,0,3200,3200
14163,0,3200,3200
14164,0,3200,3200
14165,0,3200,3200
14166,0,3200,3200
14167,0,3200,3200
14168,0,3200,3200
14169,0,3200,3200
14170,0,3200,3200
14171,0,3200,3200
14172,0,3200,3200
14173,0,3200,3200
14174,0,3200,3200
14175,0,3200,3200
14176,0,3200,3200
14177,0,3200,3200
14178,0,3200,3200
14179,0,3200,3200
14180,0,3200,3200
14181,0,3200,3200
14182,0,3200,3200
14183,0,3200,3200
14184,0,3200,3200
14185,0,3200,3200
14186,0,3200,3200
14187,0,3200,3200
14188,0,3200,3200
14189,0,3200,3200
14190,0,3200,3200
14191,0,3200,3200
14192,0,3200,3200
14193,0,3200,3200
14194,0,3200,3200
14195,0,3200,3200
14196,0,3200,3200
14197,0,3200,3200
14198,0,3200,3200
14199,0,3200,3200
14200,0,3200,3200
14201,0,3200,3200
14202,0,3200,3200
14203,0,3200,3200
14204,0,3200,3200
14205,0,3200,3200
14206,0,3200,3200
14207,0,3200,3200
14208,0,3200,3200
14209,0,3200,3200
14210,0,3200,3200
14211,0,3200,3200
14212,0,3200,3200
14213,0,3200,3200
14214,0,3200,3200
14215,0,3200,3200
14216,0,3200,3200
14217,0,3200,3200
14218,0,3200,3200
14219,0,3200,3200
14220,0,3200,3200
14221,0,3200,3200
14222,0,3200,3200
14223,0,3200,3200
14224,0,3200,3200
14225,0,3200,3200
14226,0,3200,3200
14227,0,3200,3200
14228,0,3200,3200
14229,0,3200,3200
14230,0,3200,3200
14231,0,3200,3200
14232,0,3200,3200
14233,0,3200,3200
14234,0,3200,3200
14235,0,3200,3200
14236,0,3200,3200
14237,0,3200,3200
14238,0,3200,3200
14239,0,3200,3200
14240,0,3200,3200
14241,0,3200,3200
14242,0,3200,3200
14243,0,3200,3200
14244,0,3200,3200
14245,0,3200,3200
14246,0,3200,3200
14247,0,3200,3200
14248,0,3200,3200
14249,0,3200,3200
14250,0,3200,3200
14251,0,3200,3200
14252,0,3200,3200
14253,0,3200,3200
14254,0,3200,3200
14255,0,3200,3200
14256,0,3200,3200
14257,0,3200,3200
14258,0,3200,3200
14259,0,3200,3200
14260,0,3200,3200
14261,0,3200,3200
14262,0,3200,3200
14263,0,3200,3200
14264,0,3200,3200
14265,0,3200,3200
14266,0,3200,3200
14267,0,3200,3200
14268,0,3200,3200
14269,0,3200,3200
14270,0,3200,3200
14271,0,3200,3200
14272,0,3200,3200
14273,0,3200,3200
14274,0,3200,3200
14275,0,3200,3200
14276,0,3200,3200
14277,0,3200,3200
14278,0,3200,3200
14279,0,3200,3200
14280,0,3200,3200
14281,0,3200,3200
14282,0,3200,3200
14283,0,3200,3200
14284,0,3200,3200
14285,0,3200,3200
14286,0,3200,3200
14287,0,3200,3200
14288,0,3200,3200
14289,0,3200,3200
14290,0,3200,3200
14291,0,3200,3200
14292,0,3200,3200
14293,0,3200,3200
14294,0,3200,3200
14295,0,3200,3200
14296,0,3200,3200
14297,0,3200,3200
14298,0,3200,3200
14299,0,3200,3200
14300,0,3200,3200
14301,0,3200,3200
14302,0,3200,3200
14303,0,3200,3200
14304,0,3200,3200
14305,0,3200,3200
14306,0,3200,3200
14307,0,3200,3200
14308,0,3200,3200
14309,0,3200,3200
14310,0,3200,3200
14311,0,3200,3200
14312,0,3200,3200
14313,0,3200,3200
14314,0,3200,3200
14315,0,3200,3200
14316,0,3200,3200
14317,0,3200,3200
14318,0,3200,3200
14319,0,3200,3200
14320,0,3200,3200
14321,0,3200,3200
14322,0,3200,3200
14323,0,3200,3200
14324,0,3200,3200
14325,0,3200,3200
14326,0,3200,3200
14327,0,3200,3200
14328,0,3200,3200
14329,0,3200,3200
14330,0,3200,3200
14331,0,3200,3200
14332,0,3200,3200
14333,0,3200,3200
14334,0,3200,3200
14335,0,3200,3200
14336,0,3200,3200
14337,0,3200,3200
14338,0,3200,3200
14339,0,3200,3200
14340,0,3200,3200
14341,0,3200,3200
14342,0,3200,3200
14343,0,3200,3200
14344,0,3200,3200
14345,0,3200,3200
14346,0,3200,3200
14347,0,3200,3200
14348,0,3200,3200
14349,0,3200,3200
14350,0,3200,3200
14351,0,3200,3200
14352,0,3200,3200
14353,0,3200,3200
14354,0,3200,3200
14355,0,3200,3200
14356,0,3200,3200
14357,0,3200,3200
14358,0,3200,3200
14359,0,3200,3200
14360,0,3200,3200
14361,0,3200,3200
14362,0,3200,3200
14363,0,3200,3200
14364,0,3200,3200
14365,0,3200,3200
14366,0,3200,3200
14367,0,3200,3200
14368,0,3200,3200
14369,0,3200,3200
14370,0,3200,3200
14371,0,3200,3200
14372,0,3200,3200
14373,0,3200,3200
14374,0,3200,3200
14375,0,3200,3200
14376,0,3200,3200
14377,0,3200,3200
14378,0,3200,3200
14379,0,3200,3200
14380,0,3200,3200
14381,0,3200,3200
14382,0,3200,3200
14383,0,3200,3200
14384,0,3200,3200
14385,0,3200,3200
14386,0,3200,3200
14387,0,3200,3200
14388,0,3200,3200
14389,0,3200,3200
14390,0,3200,3200
14391,0,3200,3200
14392,0,3200,3200
14393,0,3200,3200
14394,0,3200,3200
14395,0,3200,3200
14396,0,3200,3200
14397,0,3200,3200
14398,0,3200,3200
14399,0,3200,3200
14400,0,3200,3200
14401,0,3200,3200
14402,0,3200,3200
14403,0,3200,3200
14404,0,3200,3200
14405,0,3200,3200
14406,0,3200,3200
14407,0,3200,3200
14408,0,3200,3200
14409,0,3200,3200
14410,0,3200,3200
14411,0,3200,3200
14412,0,3200,3200
14413,0,3200,3200
14414,0,3200,3200
14415,0,3200,3200
14416,0,3200,3200
14417,0,3200,3200
14418,0,3200,3200
14419,0,3200,3200
14420,0,3200,3200
14421,0,3200,3200
14422,0,3200,3200
14423,0,3200,3200
14424,0,3200,3200
14425,0,3200,3200
14426,0,3200,3200
14427,0,3200,3200
14428,0,3200,3200
14429,0,3200,3200
14430,0,3200,3200
14431,0,3200,3200
14432,0,3200,3200
14433,0,3200,3200
14434,0,3200,3200
14435,0,3200,3200
14436,0,3200,3200
14437,0,3200,3200
14438,0,3200,3200
14439,0,3200,3200
14440,0,3200,3200
14441,0,3200,3200
14442,0,3200,3200
14443,0,3200,3200
14444,0,3200,3200
14445,0,3200,3200
14446,0,3200,3200
14447,0,3200,3200
14448,0,3200,3200
14449,0,3200,3200
14450,0,3200,3200
14451,0,3200,3200
14452,0,3200,3200
14453,0,3200,3200
14454,0,3200,3200
14455,0,3200,3200
14456,0,3200,3200
14457,0,3200,3200
14458,0,3200,3200
14459,0,3200,3200
14460,0,3200,3200
14461,0,3200,3200
14462,0,3200,3200
14463,0,3200,3200
14464,0,3200,3200
14465,0,3200,3200
14466,0,3200,3200
14467,0,3200,3200
14468,0,3200,3200
14469,0,3200,3200
14470,0,3200,3200
14471,0,3200,3200
14472,0,3200,3200
14473,0,3200,3200
14474,0,3200,3200
14475,0,3200,3200
14476,0,3200,3200
14477,0,3200,3200
14478,0,3200,3200
14479,0,3200,3200
14480,0,3200,3200
14481,0,3200,3200
14482,0,3200,3200
14483,0,3200,3200
14484,0,3200,3200
14485,0,3200,3200
14486,0,3200,3200
14487,0,3200,3200
14488,0,3200,3200
14489,0,3200,3200
14490,0,3200,3200
14491,0,3200,3200
14492,0,3200,3200
14493,0,3200,3200
14494,0,3200,3200
14495,0,3200,3200
14496,0,3200,3200
14497,0,3200,3200
14498,0,3200,3200
14499,0,3200,3200
14500,0,3200,3200
14501,0,3200,3200
14502,0,3200,3200
14503,0,3200,3200
14504,0,3200,3200
14505,0,3200,3200
14506,0,3200,3200
14507,0,3200,3200
14508,0,3200,3200
14509,0,3200,3200
14510,0,3200,3200
14511,0,3200,3200
14512,0,3200,3200
14513,0,3200,3200
14514,0,3200,3200
14515,0,3200,3200
14516,0,3200,3200
14517,0,3200,3200
14518,0,3200,3200
14519,0,3200,3200
14520,0,3200,3200
14521,0,3200,3200
14522,0,3200,3200
14523,0,3200,3200
14524,0,3200,3200
14525,0,3200,3200
14526,0,3200,3200
14527,0,3200,3200
14528,0,3200,3200
14529,0,3200,3200
14530,0,3200,3200
14531,0,3200,3200
14532,0,3200,3200
14533,0,3200,3200
14534,0,3200,3200
14535,0,3200,3200
14536,0,3200,3200
14537,0,3200,3200
14538,0,3200,3200
14539,0,3200,3200
14540,0,3200,3200
14541,0,3200,3200
14542,0,3200,3200
14543,0,3200,3200
14544,0,3200,3200
14545,0,3200,3200
14546,0,3200,3200
14547,0,3200,3200
14548,0,3200,3200
14549,0,3200,3200
14550,0,3200,3200
14551,0,3200,3200
14552,0,3200,3200
14553,0,3200,3200
14554,0,3200,3200
14555,0,3200,3200
14556,0,3200,3200
14557,0,3200,3200
14558,0,3200,3200
14559,0,3200,3200
14560,0,3200,3200
14561,0,3200,3200
14562,0,3200,3200
14563,0,3200,3200
14564,0,3200,3200
14565,0,3200,3200
14566,0,3200,3200
14567,0,3200,3200
14568,0,3200,3200
14569,0,3200,3200
14570,0,3200,3200
14571,0,3200,3200
14572,0,3200,3200
14573,0,3200,3200
14574,0,3200,3200
14575,0,3200,3200
14576,0,3200,3200
14577,0,3200,3200
14578,0,3200,3200
14579,0,3200,3200
14580,0,3200,3200
14581,0,3200,3200
14582,0,3200,3200
14583,0,3200,3200
14584,0,3200,3200
14585,0,3200,3200
14586,0,3200,3200
14587,0,3200,3200
14588,0,3200,3200
14589,0,3200,3200
14590,0,3200,3200
14591,0,3200,3200
14592,0,3200,3200
14593,0,3200,3200
14594,0,3200,3200
14595,0,3200,3200
14596,0,3200,3200
14597,0,3200,3200
14598,0,3200,3200
14599,0,3200,3200
14600,0,3200,3200
14601,0,3200,3200
14602,0,3200,3200
14603,0,3200,3200
14604,0,3200,3200
14605,0,3200,3200
14606,0,3200,3200
14607,0,3200,3200
14608,0,3200,3200
14609,0,3200,3200
14610,0,3200,3200
14611,0,3200,3200
14612,0,3200,3200
14613,0,3200,3200
14614,0,3200,3200
14615,0,3200,3200
14616,0,3200,3200
14617,0,3200,3200
14618,0,3200,3200
14619,0,3200,3200
14620,0,3200,3200
14621,0,3200,3200
14622,0,3200,3200
14623,0,3200,3200
14624,0,3200,3200
14625,0,3200,3200
14626,0,3200,3200
14627,0,3200,3200
14628,0,3200,3200
14629,0,3200,3200
14630,0,3200,3200
14631,0,3200,3200
14632,0,3200,3200
14633,0,3200,3200
14634,0,3200,3200
14635,0,3200,3200
14636,0,3200,3200
14637,0,3200,3200
14638,0,3200,3200
14639,0,3200,3200
14640,0,3200,3200
14641,0,3200,3200
14642,0,3200,3200
14643,0,3200,3200
14644,0,3200,3200
14645,0,3200,3200
14646,0,3200,3200
14647,0,3200,3200
14648,0,3200,3200
14649,0,3200,3200
14650,0,3200,3200
14651,0,3200,3200
14652,0,3200,3200
14653,0,3200,3200
14654,0,3200,3200
14655,0,3200,3200
14656,0,3200,3200
14657,0,3200,3200
14658,0,3200,3200
14659,0,3200,3200
14660,0,3200,3200
14661,0,3200,3200
14662,0,3200,3200
14663,0,3200,3200
14664,0,3200,3200
14665,0,3200,3200
14666,0,3200,3200
14667,0,3200,3200
14668,0,3200,3200
14669,0,3200,3200
14670,0,3200,3200
14671,0,3200,3200
14672,0,3200,3200
14673,0,3200,3200
14674,0,3200,3200
14675,0,3200,3200
14676,0,3200,3200
14677,0,3200,3200
14678,0,3200,3200
14679,0,3200,3200
14680,0,3200,3200
14681,0,3200,3200
14682,0,3200,3200
14683,0,3200,3200
14684,0,3200,3200
14685,0,3200,3200
14686,0,3200,3200
14687,0,3200,3200
14688,0,3200,3200
14689,0,3200,3200
14690,0,3200,3200
14691,0,3200,3200
14692,0,3200,3200
14693,0,3200,3200
14694,0,3200,3200
14695,0,3200,3200
14696,0,3200,3200
14697,0,3200,3200
14698,0,3200,3200
14699,0,3200,3200
14700,0,3200,3200
14701,0,3200,3200
14702,0,3200,3200
14703,0,3200,3200
14704,0,3200,3200
14705,0,3200,3200
14706,0,3200,3200
14707,0,3200,3200
14708,0,3200,3200
14709,0,3200,3200
14710,0,3200,3200
14711,0,3200,3200
14712,0,3200,3200
14713,0,3200,3200
14714,0,3200,3200
14715,0,3200,3200
14716,0,3200,3200
14717,0,3200,3200
14718,0,3200,3200
14719,0,3200,3200
14720,0,3200,3200
14721,0,3200,3200
14722,0,3200,3200
14723,0,3200,3200
14724,0,3200,3200
14725,0,3200,3200
14726,0,3200,3200
14727,0,3200,3200
14728,0,3200,3200
14729,0,3200,3200
14730,0,3200,3200
14731,0,3200,3200
14732,0,3200,3200
14733,0,3200,3200
14734,0,3200,3200
14735,0,3200,3200
14736,0,3200,3200
14737,0,3200,3200
14738,0,3200,3200
14739,0,3200,3200
14740,0,3200,3200
14741,0,3200,3200
14742,0,3200,3200
14743,0,3200,3200
14744,0,3200,3200
14745,0,3200,3200
14746,0,3200,3200
14747,0,3200,3200
14748,0,3200,3200
14749,0,3200,3200
14750,0,3200,3200
14751,0,3200,3200
14752,0,3200,3200
14753,0,3200,3200
14754,0,3200,3200
14755,0,3200,3200
14756,0,3200,3200
14757,0,3200,3200
14758,0,3200,3200
14759,0,3200,3200
14760,0,3200,3200
14761,0,3200,3200
14762,0,3200,3200
14763,0,3200,3200
14764,0,3200,3200
14765,0,3200,3200
14766,0,3200,3200
14767,0,3200,3200
14768,0,3200,3200
14769,0,3200,3200
14770,0,3200,3200
14771,0,3200,3200
14772,0,3200,3200
14773,0,3200,3200
14774,0,3200,3200
14775,0,3200,3200
14776,0,3200,3200
14777,0,3200,3200
14778,0,3200,3200
14779,0,3200,3200
14780,0,3200,3200
14781,0,3200,3200
14782,0,3200,3200
14783,0,3200,3200
14784,0,3200,3200
14785,0,3200,3200
14786,0,3200,3200
14787,0,3200,3200
14788,0,3200,3200
14789,0,3200,3200
14790,0,3200,3200
14791,0,3200,3200
14792,0,3200,3200
14793,0,3200,3200
14794,0,3200,3200
14795,0,3200,3200
14796,0,3200,3200
14797,0,3200,3200
14798,0,3200,3200
14799,0,3200,3200
14800,0,3200,3200
14801,0,3200,3200
14802,0,3200,3200
14803,0,3200,3200
14804,0,3200,3200
14805,0,3200,3200
14806,0,3200,3200
14807,0,3200,3200
14808,0,3200,3200
14809,0,3200,3200
14810,0,3200,3200
14811,0,3200,3200
14812,0,3200,3200
14813,0,3200,3200
14814,0,3200,3200
14815,0,3200,3200
14816,0,3200,3200
14817,0,3200,3200
14818,0,3200,3200
14819,0,3200,3200
14820,0,3200,3200
14821,0,3200,3200
14822,0,3200,3200
14823,0,3200,3200
14824,0,3200,3200
14825,0,3200,3200
14826,0,3200,3200
14827,0,3200,3200
14828,0,3200,3200
14829,0,3200,3200
14830,0,3200,3200
14831,0,3200,3200
14832,0,3200,3200
14833,0,3200,3200
14834,0,3200,3200
14835,0,3200,3200
14836,0,3200,3200
14837,0,3200,3200
14838,0,3200,3200
14839,0,3200,3200
14840,0,3200,3200
14841,0,3200,3200
14842,0,3200,3200
14843,0,3200,3200
14844,0,3200,3200
14845,0,3200,3200
14846,0,3200,3200
14847,0,3200,3200
14848,0,3200,3200
14849,0,3200,3200
14850,0,3200,3200
14851,0,3200,3200
14852,0,3200,3200
14853,0,3200,3200
14854,0,3200,3200
14855,0,3200,3200
14856,0,3200,3200
14857,0,3200,3200
14858,0,3200,3200
14859,0,3200,3200
14860,0,3200,3200
14861,0,3200,3200
14862,0,3200,3200
14863,0,3200,3200
14864,0,3200,3200
14865,0,3200,3200
14866,0,3200,3200
14867,0,3200,3200
14868,0,3200,3200
14869,0,3200,3200
14870,0,3200,3200
14871,0,3200,3200
14872,0,3200,3200
14873,0,3200,3200
14874,0,3200,3200
14875,0,3200,3200
14876,0,3200,3200
14877,0,3200,3200
14878,0,3200,3200
14879,0,3200,3200
14880,0,3200,3200
14881,0,3200,3200
14882,0,3200,3200
14883,0,3200,3200
14884,0,3200,3200
14885,0,3200,3200
14886,0,3200,3200
14887,0,3200,3200
14888,0,3200,3200
14889,0,3200,3200
14890,0,3200,3200
14891,0,3200,3200
14892,0,3200,3200
14893,0,3200,3200
14894,0,3200,3200
14895,0,3200,3200
14896,0,3200,3200
14897,0,3200,3200
14898,0,3200,3200
14899,0,3200,3200
14900,0,3200,3200
14901,0,3200,3200
14902,0,3200,3200
14903,0,3200,3200
14904,0,3200,3200
14905,0,3200,3200
14906,0,3200,3200
14907,0,3200,3200
14908,0,3200,3200
14909,0,3200,3200
14910,0,3200,3200
14911,0,3200,3200
14912,0,3200,3200
14913,0,3200,3200
14914,0,3200,3200
14915,0,3200,3200
14916,0,3200,3200
14917,0,3200,3200
14918,0,3200,3200
14919,0,3200,3200
14920,0,3200,3200
14921,0,3200,3200
14922,0,3200,3200
14923,0,3200,3200
14924,0,3200,3200
14925,0,3200,3200
14926,0,3200,3200
14927,0,3200,3200
14928,0,3200,3200
14929,0,3200,3200
14930,0,3200,3200
14931,0,3200,3200
14932,0,3200,3200
14933,0,3200,3200
14934,0,3200,3200
14935,0,3200,3200
14936,0,3200,3200
14937,0,3200,3200
14938,0,3200,3200
14939,0,3200,3200
14940,0,3200,3200
14941,0,3200,3200
14942,0,3200,3200
14943,0,3200,3200
14944,0,3200,3200
14945,0,3200,3200
14946,0,3200,3200
14947,0,3200,3200
14948,0,3200,3200
14949,0,3200,3200
14950,0,3200,3200
14951,0,3200,3200
14952,0,3200,3200
14953,0,3200,3200
14954,0,3200,3200
14955,0,3200,3200
14956,0,3200,3200
14957,0,3200,3200
14958,0,3200,3200
14959,0,3200,3200
14960,0,3200,3200
14961,0,3200,3200
14962,0,3200,3200
14963,0,3200,3200
14964,0,3200,3200
14965,0,3200,3200
14966,0,3200,3200
14967,0,3200,3200
14968,0,3200,3200
14969,0,3200,3200
14970,0,3200,3200
14971,0,3200,3200
14972,0,3200,3200
14973,0,3200,3200
14974,0,3200,3200
14975,0,3200,3200
14976,0,3200,3200
14977,0,3200,3200
14978,0,3200,3200
14979,0,3200,3200
14980,0,3200,3200
14981,0,3200,3200
14982,0,3200,3200
14983,0,3200,3200
14984,0,3200,3200
14985,0,3200,3200
14986,0,3200,3200
14987,0,3200,3200
14988,0,3200,3200
14989,0,3200,3200
14990,0,3200,3200
14991,0,3200,3200
14992,0,3200,3200
14993,0,3200,3200
14994,0,3200,3200
14995,0,3200,3200
14996,0,3200,3200
14997,0,3200,3200
14998,0,3200,3200
14999,0,3200,3200
15000,0,3200,3200
15001,0,3200,3200
15002,0,3200,3200
15003,0,3200,3200
15004,0,3200,3200
15005,0,3200,3200
15006,0,3200,3200
15007,0,3200,3200
15008,0,3200,3200
15009,0,3200,3200
15010,0,3200,3200
15011,0,3200,3200
15012,0,3200,3200
15013,0,3200,3200
15014,0,3200,3200
15015,0,3200,3200
15016,0,3200,3200
15017,0,3200,3200
15018,0,3200,3200
15019,0,3200,3200
15020,0,3200,3200
15021,0,3200,3200
15022,0,3200,3200
15023,0,3200,3200
15024,0,3200,3200
15025,0,3200,3200
15026,0,3200,3200
15027,0,3200,3200
15028,0,3200,3200
15029,0,3200,3200
15030,0,3200,3200
15031,0,3200,3200
15032,0,3200,3200
15033,0,3200,3200
15034,0,3200,3200
15035,0,3200,3200
15036,0,3200,3200
15037,0,3200,3200
15038,0,3200,3200
15039,0,3200,3200
15040,0,3200,3200
15041,0,3200,3200
15042,0,3200,3200
15043,0,3200,3200
15044,0,3200,3200
15045,0,3200,3200
15046,0,3200,3200
15047,0,3200,3200
15048,0,3200,3200
15049,0,3200,3200
15050,0,3200,3200
15051,0,3200,3200
15052,0,3200,3200
15053,0,3200,3200
15054,0,3200,3200
15055,0,3200,3200
15056,0,3200,3200
15057,0,3200,3200
15058,0,3200,3200
15059,0,3200,3200
15060,0,3200,3200
15061,0,3200,3200
15062,0,3200,3200
15063,0,3200,3200
15064,0,3200,3200
15065,0,3200,3200
15066,0,3200,3200
15067,0,3200,3200
15068,0,3200,3200
15069,0,3200,3200
15070,0,3200,3200
15071,0,3200,3200
15072,0,3200,3200
15073,0,3200,3200
15074,0,3200,3200
15075,0,3200,3200
15076,0,3200,3200
15077,0,3200,3200
15078,0,3200,3200
15079,0,3200,3200
15080,0,3200,3200
15081,0,3200,3200
15082,0,3200,3200
15083,0,3200,3200
15084,0,3200,3200
15085,0,3200,3200
15086,0,3200,3200
15087,0,3200,3200
15088,0,3200,3200
15089,0,3200,3200
15090,0,3200,3200
15091,0,3200,3200
15092,0,3200,3200
15093,0,3200,3200
15094,0,3200,3200
15095,0,3200,3200
15096,0,3200,3200
15097,0,3200,3200
15098,0,3200,3200
15099,0,3200,3200
15100,0,3200,3200
15101,0,3200,3200
15102,0,3200,3200
15103,0,3200,3200
15104,0,3200,3200
15105,0,3200,3200
15106,0,3200,3200
15107,0,3200,3200
15108,0,3200,3200
15109,0,3200,3200
15110,0,3200,3200
15111,0,3200,3200
15112,0,3200,3200
15113,0,3200,3200
15114,0,3200,3200
15115,0,3200,3200
15116,0,3200,3200
15117,0,3200,3200
15118,0,3200,3200
15119,0,3200,3200
15120,0,3200,3200
15121,0,3200,3200
15122,0,3200,3200
15123,0,3200,3200
15124,0,3200,3200
15125,0,3200,3200
15126,0,3200,3200
15127,0,3200,3200
15128,0,3200,3200
15129,0,3200,3200
15130,0,3200,3200
15131,0,3200,3200
15132,0,3200,3200
15133,0,3200,3200
15134,0,3200,3200
15135,0,3200,3200
15136,0,3200,3200
15137,0,3200,3200
15138,0,3200,3200
15139,0,3200,3200
15140,0,3200,3200
15141,0,3200,3200
15142,0,3200,3200
15143,0,3200,3200
15144,0,3200,3200
15145,0,3200,3200
15146,0,3200,3200
15147,0,3200,3200
15148,0,3200,3200
15149,0,3200,3200
15150,0,3200,3200
15151,0,3200,3200
15152,0,3200,3200
15153,0,3200,3200
15154,0,3200,3200
15155,0,3200,3200
15156,0,3200,3200
15157,0,3200,3200
15158,0,3200,3200
15159,0,3200,3200
15160,0,3200,3200
15161,0,3200,3200
15162,0,3200,3200
15163,0,3200,3200
15164,0,3200,3200
15165,0,3200,3200
15166,0,3200,3200
15167,0,3200,3200
15168,0,3200,3200
15169,0,3200,3200
15170,0,3200,3200
15171,0,3200,3200
15172,0,3200,3200
15173,0,3200,3200
15174,0,3200,3200
15175,0,3200,3200
15176,0,3200,3200
15177,0,3200,3200
15178,0,3200,3200
15179,0,3200,3200
15180,0,3200,3200
15181,0,3200,3200
15182,0,3200,3200
15183,0,3200,3200
15184,0,3200,3200
15185,0,3200,3200
15186,0,3200,3200
15187,0,3200,3200
15188,0,3200,3200
15189,0,3200,3200
15190,0,3200,3200
15191,0,3200,3200
15192,0,3200,3200
15193,0,3200,3200
15194,0,3200,3200
15195,0,3200,3200
15196,0,3200,3200
15197,0,3200,3200
15198,0,3200,3200
15199,0,3200,3200
15200,0,3200,3200
15201,0,3200,3200
15202,0,3200,3200
15203,0,3200,3200
15204,0,3200,3200
15205,0,3200,3200
15206,0,3200,3200
15207,0,3200,3200
15208,0,3200,3200
15209,0,3200,3200
15210,0,3200,3200
15211,0,3200,3200
15212,0,3200,3200
15213,0,3200,3200
15214,0,3200,3200
15215,0,3200,3200
15216,0,3200,3200
15217,0,3200,3200
15218,0,3200,3200
15219,0,3200,3200
15220,0,3200,3200
15221,0,3200,3200
15222,0,3200,3200
15223,0,3200,3200
15224,0,3200,3200
15225,0,3200,3200
15226,0,3200,3200
15227,0,3200,3200
15228,0,3200,3200
15229,0,3200,3200
15230,0,3200,3200
15231,0,3200,3200
15232,0,3200,3200
15233,0,3200,3200
15234,0,3200,3200
15235,0,3200,3200
15236,0,3200,3200
15237,0,3200,3200
15238,0,3200,3200
15239,0,3200,3200
15240,0,3200,3200
15241,0,3200,3200
15242,0,3200,3200
15243,0,3200,3200
15244,0,3200,3200
15245,0,3200,3200
15246,0,3200,3200
15247,0,3200,3200
15248,0,3200,3200
15249,0,3200,3200
15250,0,3200,3200
15251,0,3200,3200
15252,0,3200,3200
15253,0,3200,3200
15254,0,3200,3200
15255,0,3200,3200
15256,0,3200,3200
15257,0,3200,3200
15258,0,3200,3200
15259,0,3200,3200
15260,0,3200,3200
15261,0,3200,3200
15262,0,3200,3200
15263,0,3200,3200
15264,0,3200,3200
15265,0,3200,3200
15266,0,3200,3200
15267,0,3200,3200
15268,0,3200,3200
15269,0,3200,3200
15270,0,3200,3200
15271,0,3200,3200
15272,0,3200,3200
15273,0,3200,3200
15274,0,3200,3200
15275,0,3200,3200
15276,0,3200,3200
15277,0,3200,3200
15278,0,3200,3200
15279,0,3200,3200
15280,0,3200,3200
15281,0,3200,3200
15282,0,3200,3200
15283,0,3200,3200
15284,0,3200,3200
15285,0,3200,3200
15286,0,3200,3200
15287,0,3200,3200
15288,0,3200,3200
15289,0,3200,3200
15290,0,3200,3200
15291,0,3200,3200
15292,0,3200,3200
15293,0,3200,3200
15294,0,3200,3200
15295,0,3200,3200
15296,0,3200,3200
15297,0,3200,3200
15298,0,3200,3200
15299,0,3200,3200
15300,0,3200,3200
15301,0,3200,3200
15302,0,3200,3200
15303,0,3200,3200
15304,0,3200,3200
15305,0,3200,3200
15306,0,3200,3200
15307,0,3200,3200
15308,0,3200,3200
15309,0,3200,3200
15310,0,3200,3200
15311,0,3200,3200
15312,0,3200,3200
15313,0,3200,3200
15314,0,3200,3200
15315,0,3200,3200
15316,0,3200,3200
15317,0,3200,3200
15318,0,3200,3200
15319,0,3200,3200
15320,0,3200,3200
15321,0,3200,3200
15322,0,3200,3200
15323,0,3200,3200
15324,0,3200,3200
15325,0,3200,3200
15326,0,3200,3200
15327,0,3200,3200
15328,0,3200,3200
15329,0,3200,3200
15330,0,3200,3200
15331,0,3200,3200
15332,0,3200,3200
15333,0,3200,3200
15334,0,3200,3200
15335,0,3200,3200
15336,0,3200,3200
15337,0,3200,3200
15338,0,3200,3200
15339,0,3200,3200
15340,0,3200,3200
15341,0,3200,3200
15342,0,3200,3200
15343,0,3200,3200
15344,0,3200,3200
15345,0,3200,3200
15346,0,3200,3200
15347,0,3200,3200
15348,0,3200,3200
15349,0,3200,3200
15350,0,3200,3200
15351,0,3200,3200
15352,0,3200,3200
15353,0,3200,3200
15354,0,3200,3200
15355,0,3200,3200
15356,0,3200,3200
15357,0,3200,3200
15358,0,3200,3200
15359,0,3200,3200
15360,0,3200,3200
15361,0,3200,3200
15362,0,3200,3200
15363,0,3200,3200
15364,0,3200,3200
15365,0,3200,3200
15366,0,3200,3200
15367,0,3200,3200
15368,0,3200,3200
15369,0,3200,3200
15370,0,3200,3200
15371,0,3200,3200
15372,0,3200,3200
15373,0,3200,3200
15374,0,3200,3200
15375,0,3200,3200
15376,0,3200,3200
15377,0,3200,3200
15378,0,3200,3200
15379,0,3200,3200
15380,0,3200,3200
15381,0,3200,3200
15382,0,3200,3200
15383,0,3200,3200
15384,0,3200,3200
15385,0,3200,3200
15386,0,3200,3200
15387,0,3200,3200
15388,0,3200,3200
15389,0,3200,3200
15390,0,3200,3200
15391,0,3200,3200
15392,0,3200,3200
15393,0,3200,3200
15394,0,3200,3200
15395,0,3200,3200
15396,0,3200,3200
15397,0,3200,3200
15398,0,3200,3200
15399,0,3200,3200
15400,0,3200,3200
15401,0,3200,3200
15402,0,3200,3200
15403,0,3200,3200
15404,0,3200,3200
15405,0,3200,3200
15406,0,3200,3200
15407,0,3200,3200
15408,0,3200,3200
15409,0,3200,3200
15410,0,3200,3200
15411,0,3200,3200
15412,0,3200,3200
15413,0,3200,3200
15414,0,3200,3200
15415,0,3200,3200
15416,0,3200,3200
15417,0,3200,3200
15418,0,3200,3200
15419,0,3200,3200
15420,0,3200,3200
15421,0,3200,3200
15422,0,3200,3200
15423,0,3200,3200
15424,0,3200,3200
15425,0,3200,3200
15426,0,3200,3200
15427,0,3200,3200
15428,0,3200,3200
15429,0,3200,3200
15430,0,3200,3200
15431,0,3200,3200
15432,0,3200,3200
15433,0,3200,3200
15434,0,3200,3200
15435,0,3200,3200
15436,0,3200,3200
15437,0,3200,3200
15438,0,3200,3200
15439,0,3200,3200
15440,0,3200,3200
15441,0,3200,3200
15442,0,3200,3200
15443,0,3200,3200
15444,0,3200,3200
15445,0,3200,3200
15446,0,3200,3200
15447,0,3200,3200
15448,0,3200,3200
15449,0,3200,3200
15450,0,3200,3200
15451,0,3200,3200
15452,0,3200,3200
15453,0,3200,3200
15454,0,3200,3200
15455,0,3200,3200
15456,0,3200,3200
15457,0,3200,3200
15458,0,3200,3200
15459,0,3200,3200
15460,0,3200,3200
15461,0,3200,3200
15462,0,3200,3200
15463,0,3200,3200
15464,0,3200,3200
15465,0,3200,3200
15466,0,3200,3200
15467,0,3200,3200
15468,0,3200,3200
15469,0,3200,3200
15470,0,3200,3200
15471,0,3200,3200
15472,0,3200,3200
15473,0,3200,3200
15474,0,3200,3200
15475,0,3200,3200
15476,0,3200,3200
15477,0,3200,3200
15478,0,3200,3200
15479,0,3200,3200
15480,0,3200,3200
15481,0,3200,3200
15482,0,3200,3200
15483,0,3200,3200
15484,0,3200,3200
15485,0,3200,3200
15486,0,3200,3200
15487,0,3200,3200
15488,0,3200,3200
15489,0,3200,3200
15490,0,3200,3200
15491,0,3200,3200
15492,0,3200,3200
15493,0,3200,3200
15494,0,3200,3200
15495,0,3200,3200
15496,0,3200,3200
15497,0,3200,3200
15498,0,3200,3200
15499,0,3200,3200
15500,0,3200,3200
15501,0,3200,3200
15502,0,3200,3200
15503,0,3200,3200
15504,0,3200,3200
15505,0,3200,3200
15506,0,3200,3200
15507,0,3200,3200
15508,0,3200,3200
15509,0,3200,3200
15510,0,3200,3200
15511,0,3200,3200
15512,0,3200,3200
15513,0,3200,3200
15514,0,3200,3200
15515,0,3200,3200
15516,0,3200,3200
15517,0,3200,3200
15518,0,3200,3200
15519,0,3200,3200
15520,0,3200,3200
15521,0,3200,3200
15522,0,3200,3200
15523,0,3200,3200
15524,0,3200,3200
15525,0,3200,3200
15526,0,3200,3200
15527,0,3200,3200
15528,0,3200,3200
15529,0,3200,3200
15530,0,3200,3200
15531,0,3200,3200
15532,0,3200,3200
15533,0,3200,3200
15534,0,3200,3200
15535,0,3200,3200
15536,0,3200,3200
15537,0,3200,3200
15538,0,3200,3200
15539,0,3200,3200
15540,0,3200,3200
15541,0,3200,3200
15542,0,3200,3200
15543,0,3200,3200
15544,0,3200,3200
15545,0,3200,3200
15546,0,3200,3200
15547,0,3200,3200
15548,0,3200,3200
15549,0,3200,3200
15550,0,3200,3200
15551,0,3200,3200
15552,0,3200,3200
15553,0,3200,3200
15554,0,3200,3200
15555,0,3200,3200
15556,0,3200,3200
15557,0,3200,3200
15558,0,3200,3200
15559,0,3200,3200
15560,0,3200,3200
15561,0,3200,3200
15562,0,3200,3200
15563,0,3200,3200
15564,0,3200,3200
15565,0,3200,3200
15566,0,3200,3200
15567,0,3200,3200
15568,0,3200,3200
15569,0,3200,3200
15570,0,3200,3200
15571,0,3200,3200
15572,0,3200,3200
15573,0,3200,3200
15574,0,3200,3200
15575,0,3200,3200
15576,0,3200,3200
15577,0,3200,3200
15578,0,3200,3200
15579,0,3200,3200
15580,0,3200,3200
15581,0,3200,3200
15582,0,3200,3200
15583,0,3200,3200
15584,0,3200,3200
15585,0,3200,3200
15586,0,3200,3200
15587,0,3200,3200
15588,0,3200,3200
15589,0,3200,3200
15590,0,3200,3200
15591,0,3200,3200
15592,0,3200,3200
15593,0,3200,3200
15594,0,3200,3200
15595,0,3200,3200
15596,0,3200,3200
15597,0,3200,3200
15598,0,3200,3200
15599,0,3200,3200
15600,0,3200,3200
15601,0,3200,3200
15602,0,3200,3200
15603,0,3200,3200
15604,0,3200,3200
15605,0,3200,3200
15606,0,3200,3200
15607,0,3200,3200
15608,0,3200,3200
15609,0,3200,3200
15610,0,3200,3200
15611,0,3200,3200
15612,0,3200,3200
15613,0,3200,3200
15614,0,3200,3200
15615,0,3200,3200
15616,0,3200,3200
15617,0,3200,3200
15618,0,3200,3200
15619,0,3200,3200
15620,0,3200,3200
15621,0,3200,3200
15622,0,3200,3200
15623,0,3200,3200
15624,0,3200,3200
15625,0,3200,3200
15626,0,3200,3200
15627,0,3200,3200
15628,0,3200,3200
15629,0,3200,3200
15630,0,3200,3200
15631,0,3200,3200
15632,0,3200,3200
15633,0,3200,3200
15634,0,3200,3200
15635,0,3200,3200
15636,0,3200,3200
15637,0,3200,3200
15638,0,3200,3200
15639,0,3200,3200
15640,0,3200,3200
15641,0,3200,3200
15642,0,3200,3200
15643,0,3200,3200
15644,0,3200,3200
15645,0,3200,3200
15646,0,3200,3200
15647,0,3200,3200
15648,0,3200,3200
15649,0,3200,3200
15650,0,3200,3200
15651,0,3200,3200
15652,0,3200,3200
15653,0,3200,3200
15654,0,3200,3200
15655,0,3200,3200
15656,0,3200,3200
15657,0,3200,3200
15658,0,3200,3200
15659,0,3200,3200
15660,0,3200,3200
15661,0,3200,3200
15662,0,3200,3200
15663,0,3200,3200
15664,0,3200,3200
15665,0,3200,3200
15666,0,3200,3200
15667,0,3200,3200
15668,0,3200,3200
15669,0,3200,3200
15670,0,3200,3200
15671,0,3200,3200
15672,0,3200,3200
15673,0,3200,3200
15674,0,3200,3200
15675,0,3200,3200
15676,0,3200,3200
15677,0,3200,3200
15678,0,3200,3200
15679,0,3200,3200
15680,0,3200,3200
15681,0,3200,3200
15682,0,3200,3200
15683,0,3200,3200
15684,0,3200,3200
15685,0,3200,3200
15686,0,3200,3200
15687,0,3200,3200
15688,0,3200,3200
15689,0,3200,3200
15690,0,3200,3200
15691,0,3200,3200
15692,0,3200,3200
15693,0,3200,3200
15694,0,3200,3200
15695,0,3200,3200
15696,0,3200,3200
15697,0,3200,3200
15698,0,3200,3200
15699,0,3200,3200
15700,0,3200,3200
15701,0,3200,3200
15702,0,3200,3200
15703,0,3200,3200
15704,0,3200,3200
15705,0,3200,3200
15706,0,3200,3200
15707,0,3200,3200
15708,0,3200,3200
15709,0,3200,3200
15710,0,3200,3200
15711,0,3200,3200
15712,0,3200,3200
15713,0,3200,3200
15714,0,3200,3200
15715,0,3200,3200
15716,0,3200,3200
15717,0,3200,3200
15718,0,3200,3200
15719,0,3200,3200
15720,0,3200,3200
15721,0,3200,3200
15722,0,3200,3200
15723,0,3200,3200
15724,0,3200,3200
15725,0,3200,3200
15726,0,3200,3200
15727,0,3200,3200
15728,0,3200,3200
15729,0,3200,3200
15730,0,3200,3200
15731,0,3200,3200
15732,0,3200,3200
15733,0,3200,3200
15734,0,3200,3200
15735,0,3200,3200
15736,0,3200,3200
15737,0,3200,3200
15738,0,3200,3200
15739,0,3200,3200
15740,0,3200,3200
15741,0,3200,3200
15742,0,3200,3200
15743,0,3200,3200
15744,0,3200,3200
15745,0,3200,3200
15746,0,3200,3200
15747,0,3200,3200
15748,0,3200,3200
15749,0,3200,3200
15750,0,3200,3200
15751,0,3200,3200
15752,0,3200,3200
15753,0,3200,3200
15754,0,3200,3200
15755,0,3200,3200
15756,0,3200,3200
15757,0,3200,3200
15758,0,3200,3200
15759,0,3200,3200
15760,0,3200,3200
15761,0,3200,3200
15762,0,3200,3200
15763,0,3200,3200
15764,0,3200,3200
15765,0,3200,3200
15766,0,3200,3200
15767,0,3200,3200
15768,0,3200,3200
15769,0,3200,3200
15770,0,3200,3200
15771,0,3200,3200
15772,0,3200,3200
15773,0,3200,3200
15774,0,3200,3200
15775,0,3200,3200
15776,0,3200,3200
15777,0,3200,3200
15778,0,3200,3200
15779,0,3200,3200
15780,0,3200,3200
15781,0,3200,3200
15782,0,3200,3200
15783,0,3200,3200
15784,0,3200,3200
15785,0,3200,3200
15786,0,3200,3200
15787,0,3200,3200
15788,0,3200,3200
15789,0,3200,3200
15790,0,3200,3200
15791,0,3200,3200
15792,0,3200,3200
15793,0,3200,3200
15794,0,3200,3200
15795,0,3200,3200
15796,0,3200,3200
15797,0,3200,3200
15798,0,3200,3200
15799,0,3200,3200
15800,0,3200,3200
15801,0,3200,3200
15802,0,3200,3200
15803,0,3200,3200
15804,0,3200,3200
15805,0,3200,3200
15806,0,3200,3200
15807,0,3200,3200
15808,0,3200,3200
15809,0,3200,3200
15810,0,3200,3200
15811,0,3200,3200
15812,0,3200,3200
15813,0,3200,3200
15814,0,3200,3200
15815,0,3200,3200
15816,0,3200,3200
15817,0,3200,3200
15818,0,3200,3200
15819,0,3200,3200
15820,0,3200,3200
15821,0,3200,3200
15822,0,3200,3200
15823,0,3200,3200
15824,0,3200,3200
15825,0,3200,3200
15826,0,3200,3200
15827,0,3200,3200
15828,0,3200,3200
15829,0,3200,3200
15830,0,3200,3200
15831,0,3200,3200
15832,0,3200,3200
15833,0,3200,3200
15834,0,3200,3200
15835,0,3200,3200
15836,0,3200,3200
15837,0,3200,3200
15838,0,3200,3200
15839,0,3200,3200
15840,0,3200,3200
15841,0,3200,3200
15842,0,3200,3200
15843,0,3200,3200
15844,0,3200,3200
15845,0,3200,3200
15846,0,3200,3200
15847,0,3200,3200
15848,0,3200,3200
15849,0,3200,3200
15850,0,3200,3200
15851,0,3200,3200
15852,0,3200,3200
15853,0,3200,3200
15854,0,3200,3200
15855,0,3200,3200
15856,0,3200,3200
15857,0,3200,3200
15858,0,3200,3200
15859,0,3200,3200
15860,0,3200,3200
15861,0,3200,3200
15862,0,3200,3200
15863,0,3200,3200
15864,0,3200,3200
15865,0,3200,3200
15866,0,3200,3200
15867,0,3200,3200
15868,0,3200,3200
15869,0,3200,3200
15870,0,3200,3200
15871,0,3200,3200
15872,0,3200,3200
15873,0,3200,3200
15874,0,3200,3200
15875,0,3200,3200
15876,0,3200,3200
15877,0,3200,3200
15878,0,3200,3200
15879,0,3200,3200
15880,0,3200,3200
15881,0,3200,3200
15882,0,3200,3200
15883,0,3200,3200
15884,0,3200,3200
15885,0,3200,3200
15886,0,3200,3200
15887,0,3200,3200
15888,0,3200,3200
15889,0,3200,3200
15890,0,3200,3200
15891,0,3200,3200
15892,0,3200,3200
15893,0,3200,3200
15894,0,3200,3200
15895,0,3200,3200
15896,0,3200,3200
15897,0,3200,3200
15898,0,3200,3200
15899,0,3200,3200
15900,0,3200,3200
15901,0,3200,3200
15902,0,3200,3200
15903,0,3200,3200
15904,0,3200,3200
15905,0,3200,3200
15906,0,3200,3200
15907,0,3200,3200
15908,0,3200,3200
15909,0,3200,3200
15910,0,3200,3200
15911,0,3200,3200
15912,0,3200,3200
15913,0,3200,3200
15914,0,3200,3200
15915,0,3200,3200
15916,0,3200,3200
15917,0,3200,3200
15918,0,3200,3200
15919,0,3200,3200
15920,0,3200,3200
15921,0,3200,3200
15922,0,3200,3200
15923,0,3200,3200
15924,0,3200,3200
15925,0,3200,3200
15926,0,3200,3200
15927,0,3200,3200
15928,0,3200,3200
15929,0,3200,3200
15930,0,3200,3200
15931,0,3200,3200
15932,0,3200,3200
15933,0,3200,3200
15934,0,3200,3200
15935,0,3200,3200
15936,0,3200,3200
15937,0,3200,3200
15938,0,3200,3200
15939,0,3200,3200
15940,0,3200,3200
15941,0,3200,3200
15942,0,3200,3200
15943,0,3200,3200
15944,0,3200,3200
15945,0,3200,3200
15946,0,3200,3200
15947,0,3200,3200
15948,0,3200,3200
15949,0,3200,3200
15950,0,3200,3200
15951,0,3200,3200
15952,0,3200,3200
15953,0,3200,3200
15954,0,3200,3200
15955,0,3200,3200
15956,0,3200,3200
15957,0,3200,3200
15958,0,3200,3200
15959,0,3200,3200
15960,0,3200,3200
15961,0,3200,3200
15962,0,3200,3200
15963,0,3200,3200
15964,0,3200,3200
15965,0,3200,3200
15966,0,3200,3200
15967,0,3200,3200
15968,0,3200,3200
15969,0,3200,3200
15970,0,3200,3200
15971,0,3200,3200
15972,0,3200,3200
15973,0,3200,3200
15974,0,3200,3200
15975,0,3200,3200
15976,0,3200,3200
15977,0,3200,3200
15978,0,3200,3200
15979,0,3200,3200
15980,0,3200,3200
15981,0,3200,3200
15982,0,3200,3200
15983,0,3200,3200
15984,0,3200,3200
15985,0,3200,3200
15986,0,3200,3200
15987,0,3200,3200
15988,0,3200,3200
15989,0,3200,3200
15990,0,3200,3200
15991,0,3200,3200
15992,0,3200,3200
15993,0,3200,3200
15994,0,3200,3200
15995,0,3200,3200
15996,0,3200,3200
15997,0,3200,3200
15998,0,3200,3200
15999,0,3200,3200
16000,0,3200,3200
16001,0,3200,3200
16002,0,3200,3200
16003,0,3200,3200
16004,0,3200,3200
16005,0,3200,3200
16006,0,3200,3200
16007,0,3200,3200
16008,0,3200,3200
16009,0,3200,3200
16010,0,3200,3200
16011,0,3200,3200
16012,0,3200,3200
16013,0,3200,3200
16014,0,3200,3200
16015,0,3200,3200
16016,0,3200,3200
16017,0,3200,3200
16018,0,3200,3200
16019,0,3200,3200
16020,0,3200,3200
16021,0,3200,3200
16022,0,3200,3200
16023,0,3200,3200
16024,0,3200,3200
16025,0,3200,3200
16026,0,3200,3200
16027,0,3200,3200
16028,0,3200,3200
16029,0,3200,3200
16030,0,3200,3200
16031,0,3200,3200
16032,0,3200,3200
16033,0,3200,3200
16034,0,3200,3200
16035,0,3200,3200
16036,0,3200,3200
16037,0,3200,3200
16038,0,3200,3200
16039,0,3200,3200
16040,0,3200,3200
16041,0,3200,3200
16042,0,3200,3200
16043,0,3200,3200
16044,0,3200,3200
16045,0,3200,3200
16046,0,3200,3200
16047,0,3200,3200
16048,0,3200,3200
16049,0,3200,3200
16050,0,3200,3200
16051,0,3200,3200
16052,0,3200,3200
16053,0,3200,3200
16054,0,3200,3200
16055,0,3200,3200
16056,0,3200,3200
16057,0,3200,3200
16058,0,3200,3200
16059,0,3200,3200
16060,0,3200,3200
16061,0,3200,3200
16062,0,3200,3200
16063,0,3200,3200
16064,0,3200,3200
16065,0,3200,3200
16066,0,3200,3200
16067,0,3200,3200
16068,0,3200,3200
16069,0,3200,3200
16070,0,3200,3200
16071,0,3200,3200
16072,0,3200,3200
16073,0,3200,3200
16074,0,3200,3200
16075,0,3200,3200
16076,0,3200,3200
16077,0,3200,3200
16078,0,3200,3200
16079,0,3200,3200
16080,0,3200,3200
16081,0,3200,3200
16082,0,3200,3200
16083,0,3200,3200
16084,0,3200,3200
16085,0,3200,3200
16086,0,3200,3200
16087,0,3200,3200
16088,0,3200,3200
16089,0,3200,3200
16090,0,3200,3200
16091,0,3200,3200
16092,0,3200,3200
16093,0,3200,3200
16094,0,3200,3200
16095,0,3200,3200
16096,0,3200,3200
16097,0,3200,3200
16098,0,3200,3200
16099,0,3200,3200
16100,0,3200,3200
16101,0,3200,3200
16102,0,3200,3200
16103,0,3200,3200
16104,0,3200,3200
16105,0,3200,3200
16106,0,3200,3200
16107,0,3200,3200
16108,0,3200,3200
16109,0,3200,3200
16110,0,3200,3200
16111,0,3200,3200
16112,0,3200,3200
16113,0,3200,3200
16114,0,3200,3200
16115,0,3200,3200
16116,0,3200,3200
16117,0,3200,3200
16118,0,3200,3200
16119,0,3200,3200
16120,0,3200,3200
16121,0,3200,3200
16122,0,3200,3200
16123,0,3200,3200
16124,0,3200,3200
16125,0,3200,3200
16126,0,3200,3200
16127,0,3200,3200
16128,0,3200,3200
16129,0,3200,3200
16130,0,3200,3200
16131,0,3200,3200
16132,0,3200,3200
16133,0,3200,3200
16134,0,3200,3200
16135,0,3200,3200
16136,0,3200,3200
16137,0,3200,3200
16138,0,3200,3200
16139,0,3200,3200
16140,0,3200,3200
16141,0,3200,3200
16142,0,3200,3200
16143,0,3200,3200
16144,0,3200,3200
16145,0,3200,3200
16146,0,3200,3200
16147,0,3200,3200
16148,0,3200,3200
16149,0,3200,3200
16150,0,3200,3200
16151,0,3200,3200
16152,0,3200,3200
16153,0,3200,3200
16154,0,3200,3200
16155,0,3200,3200
16156,0,3200,3200
16157,0,3200,3200
16158,0,3200,3200
16159,0,3200,3200
16160,0,3200,3200
16161,0,3200,3200
16162,0,3200,3200
16163,0,3200,3200
16164,0,3200,3200
16165,0,3200,3200
16166,0,3200,3200
16167,0,3200,3200
16168,0,3200,3200
16169,0,3200,3200
16170,0,3200,3200
16171,0,3200,3200
16172,0,3200,3200
16173,0,3200,3200
16174,0,3200,3200
16175,0,3200,3200
16176,0,3200,3200
16177,0,3200,3200
16178,0,3200,3200
16179,0,3200,3200
16180,0,3200,3200
16181,0,3200,3200
16182,0,3200,3200
16183,0,3200,3200
16184,0,3200,3200
16185,0,3200,3200
16186,0,3200,3200
16187,0,3200,3200
16188,0,3200,3200
16189,0,3200,3200
16190,0,3200,3200
16191,0,3200,3200
16192,0,3200,3200
16193,0,3200,3200
16194,0,3200,3200
16195,0,3200,3200
16196,0,3200,3200
16197,0,3200,3200
16198,0,3200,3200
16199,0,3200,3200
16200,0,3200,3200
16201,0,3200,3200
16202,0,3200,3200
16203,0,3200,3200
16204,0,3200,3200
16205,0,3200,3200
16206,0,3200,3200
16207,0,3200,3200
16208,0,3200,3200
16209,0,3200,3200
16210,0,3200,3200
16211,0,3200,3200
16212,0,3200,3200
16213,0,3200,3200
16214,0,3200,3200
16215,0,3200,3200
16216,0,3200,3200
16217,0,3200,3200
16218,0,3200,3200
16219,0,3200,3200
16220,0,3200,3200
16221,0,3200,3200
16222,0,3200,3200
16223,0,3200,3200
16224,0,3200,3200
16225,0,3200,3200
16226,0,3200,3200
16227,0,3200,3200
16228,0,3200,3200
16229,0,3200,3200
16230,0,3200,3200
16231,0,3200,3200
16232,0,3200,3200
16233,0,3200,3200
16234,0,3200,3200
16235,0,3200,3200
16236,0,3200,3200
16237,0,3200,3200
16238,0,3200,3200
16239,0,3200,3200
16240,0,3200,3200
16241,0,3200,3200
16242,0,3200,3200
16243,0,3200,3200
16244,0,3200,3200
16245,0,3200,3200
16246,0,3200,3200
16247,0,3200,3200
16248,0,3200,3200
16249,0,3200,3200
16250,0,3200,3200
16251,0,3200,3200
16252,0,3200,3200
16253,0,3200,3200
16254,0,3200,3200
16255,0,3200,3200
16256,0,3200,3200
16257,0,3200,3200
16258,0,3200,3200
16259,0,3200,3200
16260,0,3200,3200
16261,0,3200,3200
16262,0,3200,3200
16263,0,3200,3200
16264,0,3200,3200
16265,0,3200,3200
16266,0,3200,3200
16267,0,3200,3200
16268,0,3200,3200
16269,0,3200,3200
16270,0,3200,3200
16271,0,3200,3200
16272,0,3200,3200
16273,0,3200,3200
16274,0,3200,3200
16275,0,3200,3200
16276,0,3200,3200
16277,0,3200,3200
16278,0,3200,3200
16279,0,3200,3200
16280,0,3200,3200
16281,0,3200,3200
16282,0,3200,3200
16283,0,3200,3200
16284,0,3200,3200
16285,0,3200,3200
16286,0,3200,3200
16287,0,3200,3200
16288,0,3200,3200
16289,0,3200,3200
16290,0,3200,3200
16291,0,3200,3200
16292,0,3200,3200
16293,0,3200,3200
16294,0,3200,3200
16295,0,3200,3200
16296,0,3200,3200
16297,0,3200,3200
16298,0,3200,3200
16299,0,3200,3200
16300,0,3200,3200
16301,0,3200,3200
16302,0,3200,3200
16303,0,3200,3200
16304,0,3200,3200
16305,0,3200,3200
16306,0,3200,3200
16307,0,3200,3200
16308,0,3200,3200
16309,0,3200,3200
16310,0,3200,3200
16311,0,3200,3200
16312,0,3200,3200
16313,0,3200,3200
16314,0,3200,3200
16315,0,3200,3200
16316,0,3200,3200
16317,0,3200,3200
16318,0,3200,3200
16319,0,3200,3200
16320,0,3200,3200
16321,0,3200,3200
16322,0,3200,3200
16323,0,3200,3200
16324,0,3200,3200
16325,0,3200,3200
16326,0,3200,3200
16327,0,3200,3200
16328,0,3200,3200
16329,0,3200,3200
16330,0,3200,3200
16331,0,3200,3200
16332,0,3200,3200
16333,0,3200,3200
16334,0,3200,3200
16335,0,3200,3200
16336,0,3200,3200
16337,0,3200,3200
16338,0,3200,3200
16339,0,3200,3200
16340,0,3200,3200
16341,0,3200,3200
16342,0,3200,3200
16343,0,3200,3200
16344,0,3200,3200
16345,0,3200,3200
16346,0,3200,3200
16347,0,3200,3200
16348,0,3200,3200
16349,0,3200,3200
16350,0,3200,3200
16351,0,3200,3200
16352,0,3200,3200
16353,0,3200,3200
16354,0,3200,3200
16355,0,3200,3200
16356,0,3200,3200
16357,0,3200,3200
16358,0,3200,3200
16359,0,3200,3200
16360,0,3200,3200
16361,0,3200,3200
16362,0,3200,3200
16363,0,3200,3200
16364,0,3200,3200
16365,0,3200,3200
16366,0,3200,3200
16367,0,3200,3200
16368,0,3200,3200
16369,0,3200,3200
16370,0,3200,3200
16371,0,3200,3200
16372,0,3200,3200
16373,0,3200,3200
16374,0,3200,3200
16375,0,3200,3200
16376,0,3200,3200
16377,0,3200,3200
16378,0,3200,3200
16379,0,3200,3200
16380,0,3200,3200
16381,0,3200,3200
16382,0,3200,3200
16383,0,3200,3200
16384,0,3200,3200
16385,0,3200,3200
16386,0,3200,3200
16387,0,3200,3200
16388,0,3200,3200
16389,0,3200,3200
16390,0,3200,3200
16391,0,3200,3200
16392,0,3200,3200
16393,0,3200,3200
16394,0,3200,3200
16395,0,3200,3200
16396,0,3200,3200
16397,0,3200,3200
16398,0,3200,3200
16399,0,3200,3200
16400,0,3200,3200
16401,0,3200,3200
16402,0,3200,3200
16403,0,3200,3200
16404,0,3200,3200
16405,0,3200,3200
16406,0,3200,3200
16407,0,3200,3200
16408,0,3200,3200
16409,0,3200,3200
16410,0,3200,3200
16411,0,3200,3200
16412,0,3200,3200
16413,0,3200,3200
16414,0,3200,3200
16415,0,3200,3200
16416,0,3200,3200
16417,0,3200,3200
16418,0,3200,3200
16419,0,3200,3200
16420,0,3200,3200
16421,0,3200,3200
16422,0,3200,3200
16423,0,3200,3200
16424,0,3200,3200
16425,0,3200,3200
16426,0,3200,3200
16427,0,3200,3200
16428,0,3200,3200
16429,0,3200,3200
16430,0,3200,3200
16431,0,3200,3200
16432,0,3200,3200
16433,0,3200,3200
16434,0,3200,3200
16435,0,3200,3200
16436,0,3200,3200
16437,0,3200,3200
16438,0,3200,3200
16439,0,3200,3200
16440,0,3200,3200
16441,0,3200,3200
16442,0,3200,3200
16443,0,3200,3200
16444,0,3200,3200
16445,0,3200,3200
16446,0,3200,3200
16447,0,3200,3200
16448,0,3200,3200
16449,0,3200,3200
16450,0,3200,3200
16451,0,3200,3200
16452,0,3200,3200
16453,0,3200,3200
16454,0,3200,3200
16455,0,3200,3200
16456,0,3200,3200
16457,0,3200,3200
16458,0,3200,3200
16459,0,3200,3200
16460,0,3200,3200
16461,0,3200,3200
16462,0,3200,3200
16463,0,3200,3200
16464,0,3200,3200
16465,0,3200,3200
16466,0,3200,3200
16467,0,3200,3200
16468,0,3200,3200
16469,0,3200,3200
16470,0,3200,3200
16471,0,3200,3200
16472,0,3200,3200
16473,0,3200,3200
16474,0,3200,3200
16475,0,3200,3200
16476,0,3200,3200
16477,0,3200,3200
16478,0,3200,3200
16479,0,3200,3200
16480,0,3200,3200
16481,0,3200,3200
16482,0,3200,3200
16483,0,3200,3200
16484,0,3200,3200
16485,0,3200,3200
16486,0,3200,3200
16487,0,3200,3200
16488,0,3200,3200
16489,0,3200,3200
16490,0,3200,3200
16491,0,3200,3200
16492,0,3200,3200
16493,0,3200,3200
16494,0,3200,3200
16495,0,3200,3200
16496,0,3200,3200
16497,0,3200,3200
16498,0,3200,3200
16499,0,3200,3200
16500,0,3200,3200
16501,0,3200,3200
16502,0,3200,3200
16503,0,3200,3200
16504,0,3200,3200
16505,0,3200,3200
16506,0,3200,3200
16507,0,3200,3200
16508,0,3200,3200
16509,0,3200,3200
16510,0,3200,3200
16511,0,3200,3200
16512,0,3200,3200
16513,0,3200,3200
16514,0,3200,3200
16515,0,3200,3200
16516,0,3200,3200
16517,0,3200,3200
16518,0,3200,3200
16519,0,3200,3200
16520,0,3200,3200
16521,0,3200,3200
16522,0,3200,3200
16523,0,3200,3200
16524,0,3200,3200
16525,0,3200,3200
16526,0,3200,3200
16527,0,3200,3200
16528,0,3200,3200
16529,0,3200,3200
16530,0,3200,3200
16531,0,3200,3200
16532,0,3200,3200
16533,0,3200,3200
16534,0,3200,3200
16535,0,3200,3200
16536,0,3200,3200
16537,0,3200,3200
16538,0,3200,3200
16539,0,3200,3200
16540,0,3200,3200
16541,0,3200,3200
16542,0,3200,3200
16543,0,3200,3200
16544,0,3200,3200
16545,0,3200,3200
16546,0,3200,3200
16547,0,3200,3200
16548,0,3200,3200
16549,0,3200,3200
16550,0,3200,3200
16551,0,3200,3200
16552,0,3200,3200
16553,0,3200,3200
16554,0,3200,3200
16555,0,3200,3200
16556,0,3200,3200
16557,0,3200,3200
16558,0,3200,3200
16559,0,3200,3200
16560,0,3200,3200
16561,0,3200,3200
16562,0,3200,3200
16563,0,3200,3200
16564,0,3200,3200
16565,0,3200,3200
16566,0,3200,3200
16567,0,3200,3200
16568,0,3200,3200
16569,0,3200,3200
16570,0,3200,3200
16571,0,3200,3200
16572,0,3200,3200
16573,0,3200,3200
16574,0,3200,3200
16575,0,3200,3200
16576,0,3200,3200
16577,0,3200,3200
16578,0,3200,3200
16579,0,3200,3200
16580,0,3200,3200
16581,0,3200,3200
16582,0,3200,3200
16583,0,3200,3200
16584,0,3200,3200
16585,0,3200,3200
16586,0,3200,3200
16587,0,3200,3200
16588,0,3200,3200
16589,0,3200,3200
16590,0,3200,3200
16591,0,3200,3200
16592,0,3200,3200
16593,0,3200,3200
16594,0,3200,3200
16595,0,3200,3200
16596,0,3200,3200
16597,0,3200,3200
16598,0,3200,3200
16599,0,3200,3200
16600,0,3200,3200
16601,0,3200,3200
16602,0,3200,3200
16603,0,3200,3200
16604,0,3200,3200
16605,0,3200,3200
16606,0,3200,3200
16607,0,3200,3200
16608,0,3200,3200
16609,0,3200,3200
16610,0,3200,3200
16611,0,3200,3200
16612,0,3200,3200
16613,0,3200,3200
16614,0,3200,3200
16615,0,3200,3200
16616,0,3200,3200
16617,0,3200,3200
16618,0,3200,3200
16619,0,3200,3200
16620,0,3200,3200
16621,0,3200,3200
16622,0,3200,3200
16623,0,3200,3200
16624,0,3200,3200
16625,0,3200,3200
16626,0,3200,3200
16627,0,3200,3200
16628,0,3200,3200
16629,0,3200,3200
16630,0,3200,3200
16631,0,3200,3200
16632,0,3200,3200
16633,0,3200,3200
16634,0,3200,3200
16635,0,3200,3200
16636,0,3200,3200
16637,0,3200,3200
16638,0,3200,3200
16639,0,3200,3200
16640,0,3200,3200
16641,0,3200,3200
16642,0,3200,3200
16643,0,3200,3200
16644,0,3200,3200
16645,0,3200,3200
16646,0,3200,3200
16647,0,3200,3200
16648,0,3200,3200
16649,0,3200,3200
16650,0,3200,3200
16651,0,3200,3200
16652,0,3200,3200
16653,0,3200,3200
16654,0,3200,3200
16655,0,3200,3200
16656,0,3200,3200
16657,0,3200,3200
16658,0,3200,3200
16659,0,3200,3200
16660,0,3200,3200
16661,0,3200,3200
16662,0,3200,3200
16663,0,3200,3200
16664,0,3200,3200
16665,0,3200,3200
16666,0,3200,3200
16667,0,3200,3200
16668,0,3200,3200
16669,0,3200,3200
16670,0,3200,3200
16671,0,3200,3200
16672,0,3200,3200
16673,0,3200,3200
16674,0,3200,3200
16675,0,3200,3200
16676,0,3200,3200
16677,0,3200,3200
16678,0,3200,3200
16679,0,3200,3200
16680,0,3200,3200
16681,0,3200,3200
16682,0,3200,3200
16683,0,3200,3200
16684,0,3200,3200
16685,0,3200,3200
16686,0,3200,3200
16687,0,3200,3200
16688,0,3200,3200
16689,0,3200,3200
16690,0,3200,3200
16691,0,3200,3200
16692,0,3200,3200
16693,0,3200,3200
16694,0,3200,3200
16695,0,3200,3200
16696,0,3200,3200
16697,0,3200,3200
16698,0,3200,3200
16699,0,3200,3200
16700,0,3200,3200
16701,0,3200,3200
16702,0,3200,3200
16703,0,3200,3200
16704,0,3200,3200
16705,0,3200,3200
16706,0,3200,3200
16707,0,3200,3200
16708,0,3200,3200
16709,0,3200,3200
16710,0,3200,3200
16711,0,3200,3200
16712,0,3200,3200
16713,0,3200,3200
16714,0,3200,3200
16715,0,3200,3200
16716,0,3200,3200
16717,0,3200,3200
16718,0,3200,3200
16719,0,3200,3200
16720,0,3200,3200
16721,0,3200,3200
16722,0,3200,3200
16723,0,3200,3200
16724,0,3200,3200
16725,0,3200,3200
16726,0,3200,3200
16727,0,3200,3200
16728,0,3200,3200
16729,0,3200,3200
16730,0,3200,3200
16731,0,3200,3200
16732,0,3200,3200
16733,0,3200,3200
16734,0,3200,3200
16735,0,3200,3200
16736,0,3200,3200
16737,0,3200,3200
16738,0,3200,3200
16739,0,3200,3200
16740,0,3200,3200
16741,0,3200,3200
16742,0,3200,3200
16743,0,3200,3200
16744,0,3200,3200
16745,0,3200,3200
16746,0,3200,3200
16747,0,3200,3200
16748,0,3200,3200
16749,0,3200,3200
16750,0,3200,3200
16751,0,3200,3200
16752,0,3200,3200
16753,0,3200,3200
16754,0,3200,3200
16755,0,3200,3200
16756,0,3200,3200
16757,0,3200,3200
16758,0,3200,3200
16759,0,3200,3200
16760,0,3200,3200
16761,0,3200,3200
16762,0,3200,3200
16763,0,3200,3200
16764,0,3200,3200
16765,0,3200,3200
16766,0,3200,3200
16767,0,3200,3200
16768,0,3200,3200
16769,0,3200,3200
16770,0,3200,3200
16771,0,3200,3200
16772,0,3200,3200
16773,0,3200,3200
16774,0,3200,3200
16775,0,3200,3200
16776,0,3200,3200
16777,0,3200,3200
16778,0,3200,3200
16779,0,3200,3200
16780,0,3200,3200
16781,0,3200,3200
16782,0,3200,3200
16783,0,3200,3200
16784,0,3200,3200
16785,0,3200,3200
16786,0,3200,3200
16787,0,3200,3200
16788,0,3200,3200
16789,0,3200,3200
16790,0,3200,3200
16791,0,3200,3200
16792,0,3200,3200
16793,0,3200,3200
16794,0,3200,3200
16795,0,3200,3200
16796,0,3200,3200
16797,0,3200,3200
16798,0,3200,3200
16799,0,3200,3200
16800,0,3200,3200
16801,0,3200,3200
16802,0,3200,3200
16803,0,3200,3200
16804,0,3200,3200
16805,0,3200,3200
16806,0,3200,3200
16807,0,3200,3200
16808,0,3200,3200
16809,0,3200,3200
16810,0,3200,3200
16811,0,3200,3200
16812,0,3200,3200
16813,0,3200,3200
16814,0,3200,3200
16815,0,3200,3200
16816,0,3200,3200
16817,0,3200,3200
16818,0,3200,3200
16819,0,3200,3200
16820,0,3200,3200
16821,0,3200,3200
16822,0,3200,3200
16823,0,3200,3200
16824,0,3200,3200
16825,0,3200,3200
16826,0,3200,3200
16827,0,3200,3200
16828,0,3200,3200
16829,0,3200,3200
16830,0,3200,3200
16831,0,3200,3200
16832,0,3200,3200
16833,0,3200,3200
16834,0,3200,3200
16835,0,3200,3200
16836,0,3200,3200
16837,0,3200,3200
16838,0,3200,3200
16839,0,3200,3200
16840,0,3200,3200
16841,0,3200,3200
16842,0,3200,3200
16843,0,3200,3200
16844,0,3200,3200
16845,0,3200,3200
16846,0,3200,3200
16847,0,3200,3200
16848,0,3200,3200
16849,0,3200,3200
16850,0,3200,3200
16851,0,3200,3200
16852,0,3200,3200
16853,0,3200,3200
16854,0,3200,3200
16855,0,3200,3200
16856,0,3200,3200
16857,0,3200,3200
16858,0,3200,3200
16859,0,3200,3200
16860,0,3200,3200
16861,0,3200,3200
16862,0,3200,3200
16863,0,3200,3200
16864,0,3200,3200
16865,0,3200,3200
16866,0,3200,3200
16867,0,3200,3200
16868,0,3200,3200
16869,0,3200,3200
16870,0,3200,3200
16871,0,3200,3200
16872,0,3200,3200
16873,0,3200,3200
16874,0,3200,3200
16875,0,3200,3200
16876,0,3200,3200
16877,0,3200,3200
16878,0,3200,3200
16879,0,3200,3200
16880,0,3200,3200
16881,0,3200,3200
16882,0,3200,3200
16883,0,3200,3200
16884,0,3200,3200
16885,0,3200,3200
16886,0,3200,3200
16887,0,3200,3200
16888,0,3200,3200
16889,0,3200,3200
16890,0,3200,3200
16891,0,3200,3200
16892,0,3200,3200
16893,0,3200,3200
16894,0,3200,3200
16895,0,3200,3200
16896,0,3200,3200
16897,0,3200,3200
16898,0,3200,3200
16899,0,3200,3200
16900,0,3200,3200
16901,0,3200,3200
16902,0,3200,3200
16903,0,3200,3200
16904,0,3200,3200
16905,0,3200,3200
16906,0,3200,3200
16907,0,3200,3200
16908,0,3200,3200
16909,0,3200,3200
16910,0,3200,3200
16911,0,3200,3200
16912,0,3200,3200
16913,0,3200,3200
16914,0,3200,3200
16915,0,3200,3200
16916,0,3200,3200
16917,0,3200,3200
16918,0,3200,3200
16919,0,3200,3200
16920,0,3200,3200
16921,0,3200,3200
16922,0,3200,3200
16923,0,3200,3200
16924,0,3200,3200
16925,0,3200,3200
16926,0,3200,3200
16927,0,3200,3200
16928,0,3200,3200
16929,0,3200,3200
16930,0,3200,3200
16931,0,3200,3200
16932,0,3200,3200
16933,0,3200,3200
16934,0,3200,3200
16935,0,3200,3200
16936,0,3200,3200
16937,0,3200,3200
16938,0,3200,3200
16939,0,3200,3200
16940,0,3200,3200
16941,0,3200,3200
16942,0,3200,3200
16943,0,3200,3200
16944,0,3200,3200
16945,0,3200,3200
16946,0,3200,3200
16947,0,3200,3200
16948,0,3200,3200
16949,0,3200,3200
16950,0,3200,3200
16951,0,3200,3200
16952,0,3200,3200
16953,0,3200,3200
16954,0,3200,3200
16955,0,3200,3200
16956,0,3200,3200
16957,0,3200,3200
16958,0,3200,3200
16959,0,3200,3200
16960,0,3200,3200
16961,0,3200,3200
16962,0,3200,3200
16963,0,3200,3200
16964,0,3200,3200
16965,0,3200,3200
16966,0,3200,3200
16967,0,3200,3200
16968,0,3200,3200
16969,0,3200,3200
16970,0,3200,3200
16971,0,3200,3200
16972,0,3200,3200
16973,0,3200,3200
16974,0,3200,3200
16975,0,3200,3200
16976,0,3200,3200
16977,0,3200,3200
16978,0,3200,3200
16979,0,3200,3200
16980,0,3200,3200
16981,0,3200,3200
16982,0,3200,3200
16983,0,3200,3200
16984,0,3200,3200
16985,0,3200,3200
16986,0,3200,3200
16987,0,3200,3200
16988,0,3200,3200
16989,0,3200,3200
16990,0,3200,3200
16991,0,3200,3200
16992,0,3200,3200
16993,0,3200,3200
16994,0,3200,3200
16995,0,3200,3200
16996,0,3200,3200
16997,0,3200,3200
16998,0,3200,3200
16999,0,3200,3200
17000,0,3200,3200
17001,0,3200,3200
17002,0,3200,3200
17003,0,3200,3200
17004,0,3200,3200
17005,0,3200,3200
17006,0,3200,3200
17007,0,3200,3200
17008,0,3200,3200
17009,0,3200,3200
17010,0,3200,3200
17011,0,3200,3200
17012,0,3200,3200
17013,0,3200,3200
17014,0,3200,3200
17015,0,3200,3200
17016,0,3200,3200
17017,0,3200,3200
17018,0,3200,3200
17019,0,3200,3200
17020,0,3200,3200
17021,0,3200,3200
17022,0,3200,3200
17023,0,3200,3200
17024,0,3200,3200
17025,0,3200,3200
17026,0,3200,3200
17027,0,3200,3200
17028,0,3200,3200
17029,0,3200,3200
17030,0,3200,3200
17031,0,3200,3200
17032,0,3200,3200
17033,0,3200,3200
17034,0,3200,3200
17035,0,3200,3200
17036,0,3200,3200
17037,0,3200,3200
17038,0,3200,3200
17039,0,3200,3200
17040,0,3200,3200
17041,0,3200,3200
17042,0,3200,3200
17043,0,3200,3200
17044,0,3200,3200
17045,0,3200,3200
17046,0,3200,3200
17047,0,3200,3200
17048,0,3200,3200
17049,0,3200,3200
17050,0,3200,3200
17051,0,3200,3200
17052,0,3200,3200
17053,0,3200,3200
17054,0,3200,3200
17055,0,3200,3200
17056,0,3200,3200
17057,0,3200,3200
17058,0,3200,3200
17059,0,3200,3200
17060,0,3200,3200
17061,0,3200,3200
17062,0,3200,3200
17063,0,3200,3200
17064,0,3200,3200
17065,0,3200,3200
17066,0,3200,3200
17067,0,3200,3200
17068,0,3200,3200
17069,0,3200,3200
17070,0,3200,3200
17071,0,3200,3200
17072,0,3200,3200
17073,0,3200,3200
17074,0,3200,3200
17075,0,3200,3200
17076,0,3200,3200
17077,0,3200,3200
17078,0,3200,3200
17079,0,3200,3200
17080,0,3200,3200
17081,0,3200,3200
17082,0,3200,3200
17083,0,3200,3200
17084,0,3200,3200
17085,0,3200,3200
17086,0,3200,3200
17087,0,3200,3200
17088,0,3200,3200
17089,0,3200,3200
17090,0,3200,3200
17091,0,3200,3200
17092,0,3200,3200
17093,0,3200,3200
17094,0,3200,3200
17095,0,3200,3200
17096,0,3200,3200
17097,0,3200,3200
17098,0,3200,3200
17099,0,3200,3200
17100,0,3200,3200
17101,0,3200,3200
17102,0,3200,3200
17103,0,3200,3200
17104,0,3200,3200
17105,0,3200,3200
17106,0,3200,3200
17107,0,3200,3200
17108,0,3200,3200
17109,0,3200,3200
17110,0,3200,3200
17111,0,3200,3200
17112,0,3200,3200
17113,0,3200,3200
17114,0,3200,3200
17115,0,3200,3200
17116,0,3200,3200
17117,0,3200,3200
17118,0,3200,3200
17119,0,3200,3200
17120,0,3200,3200
17121,0,3200,3200
17122,0,3200,3200
17123,0,3200,3200
17124,0,3200,3200
17125,0,3200,3200
17126,0,3200,3200
17127,0,3200,3200
17128,0,3200,3200
17129,0,3200,3200
17130,0,3200,3200
17131,0,3200,3200
17132,0,3200,3200
17133,0,3200,3200
17134,0,3200,3200
17135,0,3200,3200
17136,0,3200,3200
17137,0,3200,3200
17138,0,3200,3200
17139,0,3200,3200
17140,0,3200,3200
17141,0,3200,3200
17142,0,3200,3200
17143,0,3200,3200
17144,0,3200,3200
17145,0,3200,3200
17146,0,3200,3200
17147,0,3200,3200
17148,0,3200,3200
17149,0,3200,3200
17150,0,3200,3200
17151,0,3200,3200
17152,0,3200,3200
17153,0,3200,3200
17154,0,3200,3200
17155,0,3200,3200
17156,0,3200,3200
17157,0,3200,3200
17158,0,3200,3200
17159,0,3200,3200
17160,0,3200,3200
17161,0,3200,3200
17162,0,3200,3200
17163,0,3200,3200
17164,0,3200,3200
17165,0,3200,3200
17166,0,3200,3200
17167,0,3200,3200
17168,0,3200,3200
17169,0,3200,3200
17170,0,3200,3200
17171,0,3200,3200
17172,0,3200,3200
17173,0,3200,3200
17174,0,3200,3200
17175,0,3200,3200
17176,0,3200,3200
17177,0,3200,3200
17178,0,3200,3200
17179,0,3200,3200
17180,0,3200,3200
17181,0,3200,3200
17182,0,3200,3200
17183,0,3200,3200
17184,0,3200,3200
17185,0,3200,3200
17186,0,3200,3200
17187,0,3200,3200
17188,0,3200,3200
17189,0,3200,3200
17190,0,3200,3200
17191,0,3200,3200
17192,0,3200,3200
17193,0,3200,3200
17194,0,3200,3200
17195,0,3200,3200
17196,0,3200,3200
17197,0,3200,3200
17198,0,3200,3200
17199,0,3200,3200
17200,0,3200,3200
17201,0,3200,3200
17202,0,3200,3200
17203,0,3200,3200
17204,0,3200,3200
17205,0,3200,3200
17206,0,3200,3200
17207,0,3200,3200
17208,0,3200,3200
17209,0,3200,3200
17210,0,3200,3200
17211,0,3200,3200
17212,0,3200,3200
17213,0,3200,3200
17214,0,3200,3200
17215,0,3200,3200
17216,0,3200,3200
17217,0,3200,3200
17218,0,3200,3200
17219,0,3200,3200
17220,0,3200,3200
17221,0,3200,3200
17222,0,3200,3200
17223,0,3200,3200
17224,0,3200,3200
17225,0,3200,3200
17226,0,3200,3200
17227,0,3200,3200
17228,0,3200,3200
17229,0,3200,3200
17230,0,3200,3200
17231,0,3200,3200
17232,0,3200,3200
17233,0,3200,3200
17234,0,3200,3200
17235,0,3200,3200
17236,0,3200,3200
17237,0,3200,3200
17238,0,3200,3200
17239,0,3200,3200
17240,0,3200,3200
17241,0,3200,3200
17242,0,3200,3200
17243,0,3200,3200
17244,0,3200,3200
17245,0,3200,3200
17246,0,3200,3200
17247,0,3200,3200
17248,0,3200,3200
17249,0,3200,3200
17250,0,3200,3200
17251,0,3200,3200
17252,0,3200,3200
17253,0,3200,3200
17254,0,3200,3200
17255,0,3200,3200
17256,0,3200,3200
17257,0,3200,3200
17258,0,3200,3200
17259,0,3200,3200
17260,0,3200,3200
17261,0,3200,3200
17262,0,3200,3200
17263,0,3200,3200
17264,0,3200,3200
17265,0,3200,3200
17266,0,3200,3200
17267,0,3200,3200
17268,0,3200,3200
17269,0,3200,3200
17270,0,3200,3200
17271,0,3200,3200
17272,0,3200,3200
17273,0,3200,3200
17274,0,3200,3200
17275,0,3200,3200
17276,0,3200,3200
17277,0,3200,3200
17278,0,3200,3200
17279,0,3200,3200
17280,0,3200,3200
17281,0,3200,3200
17282,0,3200,3200
17283,0,3200,3200
17284,0,3200,3200
17285,0,3200,3200
17286,0,3200,3200
17287,0,3200,3200
17288,0,3200,3200
17289,0,3200,3200
17290,0,3200,3200
17291,0,3200,3200
17292,0,3200,3200
17293,0,3200,3200
17294,0,3200,3200
17295,0,3200,3200
17296,0,3200,3200
17297,0,3200,3200
17298,0,3200,3200
17299,0,3200,3200
17300,0,3200,3200
17301,0,3200,3200
17302,0,3200,3200
17303,0,3200,3200
17304,0,3200,3200
17305,0,3200,3200
17306,0,3200,3200
17307,0,3200,3200
17308,0,3200,3200
17309,0,3200,3200
17310,0,3200,3200
17311,0,3200,3200
17312,0,3200,3200
17313,0,3200,3200
17314,0,3200,3200
17315,0,3200,3200
17316,0,3200,3200
17317,0,3200,3200
17318,0,3200,3200
17319,0,3200,3200
17320,0,3200,3200
17321,0,3200,3200
17322,0,3200,3200
17323,0,3200,3200
17324,0,3200,3200
17325,0,3200,3200
17326,0,3200,3200
17327,0,3200,3200
17328,0,3200,3200
17329,0,3200,3200
17330,0,3200,3200
17331,0,3200,3200
17332,0,3200,3200
17333,0,3200,3200
17334,0,3200,3200
17335,0,3200,3200
17336,0,3200,3200
17337,0,3200,3200
17338,0,3200,3200
17339,0,3200,3200
17340,0,3200,3200
17341,0,3200,3200
17342,0,3200,3200
17343,0,3200,3200
17344,0,3200,3200
17345,0,3200,3200
17346,0,3200,3200
17347,0,3200,3200
17348,0,3200,3200
17349,0,3200,3200
17350,0,3200,3200
17351,0,3200,3200
17352,0,3200,3200
17353,0,3200,3200
17354,0,3200,3200
17355,0,3200,3200
17356,0,3200,3200
17357,0,3200,3200
17358,0,3200,3200
17359,0,3200,3200
17360,0,3200,3200
17361,0,3200,3200
17362,0,3200,3200
17363,0,3200,3200
17364,0,3200,3200
17365,0,3200,3200
17366,0,3200,3200
17367,0,3200,3200
17368,0,3200,3200
17369,0,3200,3200
17370,0,3200,3200
17371,0,3200,3200
17372,0,3200,3200
17373,0,3200,3200
17374,0,3200,3200
17375,0,3200,3200
17376,0,3200,3200
17377,0,3200,3200
17378,0,3200,3200
17379,0,3200,3200
17380,0,3200,3200
17381,0,3200,3200
17382,0,3200,3200
17383,0,3200,3200
17384,0,3200,3200
17385,0,3200,3200
17386,0,3200,3200
17387,0,3200,3200
17388,0,3200,3200
17389,0,3200,3200
17390,0,3200,3200
17391,0,3200,3200
17392,0,3200,3200
17393,0,3200,3200
17394,0,3200,3200
17395,0,3200,3200
17396,0,3200,3200
17397,0,3200,3200
17398,0,3200,3200
17399,0,3200,3200
17400,0,3200,3200
17401,0,3200,3200
17402,0,3200,3200
17403,0,3200,3200
17404,0,3200,3200
17405,0,3200,3200
17406,0,3200,3200
17407,0,3200,3200
17408,0,3200,3200
17409,0,3200,3200
17410,0,3200,3200
17411,0,3200,3200
17412,0,3200,3200
17413,0,3200,3200
17414,0,3200,3200
17415,0,3200,3200
17416,0,3200,3200
17417,0,3200,3200
17418,0,3200,3200
17419,0,3200,3200
17420,0,3200,3200
17421,0,3200,3200
17422,0,3200,3200
17423,0,3200,3200
17424,0,3200,3200
17425,0,3200,3200
17426,0,3200,3200
17427,0,3200,3200
17428,0,3200,3200
17429,0,3200,3200
17430,0,3200,3200
17431,0,3200,3200
17432,0,3200,3200
17433,0,3200,3200
17434,0,3200,3200
17435,0,3200,3200
17436,0,3200,3200
17437,0,3200,3200
17438,0,3200,3200
17439,0,3200,3200
17440,0,3200,3200
17441,0,3200,3200
17442,0,3200,3200
17443,0,3200,3200
17444,0,3200,3200
17445,0,3200,3200
17446,0,3200,3200
17447,0,3200,3200
17448,0,3200,3200
17449,0,3200,3200
17450,0,3200,3200
17451,0,3200,3200
17452,0,3200,3200
17453,0,3200,3200
17454,0,3200,3200
17455,0,3200,3200
17456,0,3200,3200
17457,0,3200,3200
17458,0,3200,3200
17459,0,3200,3200
17460,0,3200,3200
17461,0,3200,3200
17462,0,3200,3200
17463,0,3200,3200
17464,0,3200,3200
17465,0,3200,3200
17466,0,3200,3200
17467,0,3200,3200
17468,0,3200,3200
17469,0,3200,3200
17470,0,3200,3200
17471,0,3200,3200
17472,0,3200,3200
17473,0,3200,3200
17474,0,3200,3200
17475,0,3200,3200
17476,0,3200,3200
17477,0,3200,3200
17478,0,3200,3200
17479,0,3200,3200
17480,0,3200,3200
17481,0,3200,3200
17482,0,3200,3200
17483,0,3200,3200
17484,0,3200,3200
17485,0,3200,3200
17486,0,3200,3200
17487,0,3200,3200
17488,0,3200,3200
17489,0,3200,3200
17490,0,3200,3200
17491,0,3200,3200
17492,0,3200,3200
17493,0,3200,3200
17494,0,3200,3200
17495,0,3200,3200
17496,0,3200,3200
17497,0,3200,3200
17498,0,3200,3200
17499,0,3200,3200
17500,0,3200,3200
17501,0,3200,3200
17502,0,3200,3200
17503,0,3200,3200
17504,0,3200,3200
17505,0,3200,3200
17506,0,3200,3200
17507,0,3200,3200
17508,0,3200,3200
17509,0,3200,3200
17510,0,3200,3200
17511,0,3200,3200
17512,0,3200,3200
17513,0,3200,3200
17514,0,3200,3200
17515,0,3200,3200
17516,0,3200,3200
17517,0,3200,3200
17518,0,3200,3200
17519,0,3200,3200
17520,0,3200,3200
17521,0,3200,3200
17522,0,3200,3200
17523,0,3200,3200
17524,0,3200,3200
17525,0,3200,3200
17526,0,3200,3200
17527,0,3200,3200
17528,0,3200,3200
17529,0,3200,3200
17530,0,3200,3200
17531,0,3200,3200
17532,0,3200,3200
17533,0,3200,3200
17534,0,3200,3200
17535,0,3200,3200
17536,0,3200,3200
17537,0,3200,3200
17538,0,3200,3200
17539,0,3200,3200
17540,0,3200,3200
17541,0,3200,3200
17542,0,3200,3200
17543,0,3200,3200
17544,0,3200,3200
17545,0,3200,3200
17546,0,3200,3200
17547,0,3200,3200
17548,0,3200,3200
17549,0,3200,3200
17550,0,3200,3200
17551,0,3200,3200
17552,0,3200,3200
17553,0,3200,3200
17554,0,3200,3200
17555,0,3200,3200
17556,0,3200,3200
17557,0,3200,3200
17558,0,3200,3200
17559,0,3200,3200
17560,0,3200,3200
17561,0,3200,3200
17562,0,3200,3200
17563,0,3200,3200
17564,0,3200,3200
17565,0,3200,3200
17566,0,3200,3200
17567,0,3200,3200
17568,0,3200,3200
17569,0,3200,3200
17570,0,3200,3200
17571,0,3200,3200
17572,0,3200,3200
17573,0,3200,3200
17574,0,3200,3200
17575,0,3200,3200
17576,0,3200,3200
17577,0,3200,3200
17578,0,3200,3200
17579,0,3200,3200
17580,0,3200,3200
17581,0,3200,3200
17582,0,3200,3200
17583,0,3200,3200
17584,0,3200,3200
17585,0,3200,3200
17586,0,3200,3200
17587,0,3200,3200
17588,0,3200,3200
17589,0,3200,3200
17590,0,3200,3200
17591,0,3200,3200
17592,0,3200,3200
17593,0,3200,3200
17594,0,3200,3200
17595,0,3200,3200
17596,0,3200,3200
17597,0,3200,3200
17598,0,3200,3200
17599,0,3200,3200
17600,0,3200,3200
17601,0,3200,3200
17602,0,3200,3200
17603,0,3200,3200
17604,0,3200,3200
17605,0,3200,3200
17606,0,3200,3200
17607,0,3200,3200
17608,0,3200,3200
17609,0,3200,3200
17610,0,3200,3200
17611,0,3200,3200
17612,0,3200,3200
17613,0,3200,3200
17614,0,3200,3200
17615,0,3200,3200
17616,0,3200,3200
17617,0,3200,3200
17618,0,3200,3200
17619,0,3200,3200
17620,0,3200,3200
17621,0,3200,3200
17622,0,3200,3200
17623,0,3200,3200
17624,0,3200,3200
17625,0,3200,3200
17626,0,3200,3200
17627,0,3200,3200
17628,0,3200,3200
17629,0,3200,3200
17630,0,3200,3200
17631,0,3200,3200
17632,0,3200,3200
17633,0,3200,3200
17634,0,3200,3200
17635,0,3200,3200
17636,0,3200,3200
17637,0,3200,3200
17638,0,3200,3200
17639,0,3200,3200
17640,0,3200,3200
17641,0,3200,3200
17642,0,3200,3200
17643,0,3200,3200
17644,0,3200,3200
17645,0,3200,3200
17646,0,3200,3200
17647,0,3200,3200
17648,0,3200,3200
17649,0,3200,3200
17650,0,3200,3200
17651,0,3200,3200
17652,0,3200,3200
17653,0,3200,3200
17654,0,3200,3200
17655,0,3200,3200
17656,0,3200,3200
17657,0,3200,3200
17658,0,3200,3200
17659,0,3200,3200
17660,0,3200,3200
17661,0,3200,3200
17662,0,3200,3200
17663,0,3200,3200
17664,0,3200,3200
17665,0,3200,3200
17666,0,3200,3200
17667,0,3200,3200
17668,0,3200,3200
17669,0,3200,3200
17670,0,3200,3200
17671,0,3200,3200
17672,0,3200,3200
17673,0,3200,3200
17674,0,3200,3200
17675,0,3200,3200
17676,0,3200,3200
17677,0,3200,3200
17678,0,3200,3200
17679,0,3200,3200
17680,0,3200,3200
17681,0,3200,3200
17682,0,3200,3200
17683,0,3200,3200
17684,0,3200,3200
17685,0,3200,3200
17686,0,3200,3200
17687,0,3200,3200
17688,0,3200,3200
17689,0,3200,3200
17690,0,3200,3200
17691,0,3200,3200
17692,0,3200,3200
17693,0,3200,3200
17694,0,3200,3200
17695,0,3200,3200
17696,0,3200,3200
17697,0,3200,3200
17698,0,3200,3200
17699,0,3200,3200
17700,0,3200,3200
17701,0,3200,3200
17702,0,3200,3200
17703,0,3200,3200
17704,0,3200,3200
17705,0,3200,3200
17706,0,3200,3200
17707,0,3200,3200
17708,0,3200,3200
17709,0,3200,3200
17710,0,3200,3200
17711,0,3200,3200
17712,0,3200,3200
17713,0,3200,3200
17714,0,3200,3200
17715,0,3200,3200
17716,0,3200,3200
17717,0,3200,3200
17718,0,3200,3200
17719,0,3200,3200
17720,0,3200,3200
17721,0,3200,3200
17722,0,3200,3200
17723,0,3200,3200
17724,0,3200,3200
17725,0,3200,3200
17726,0,3200,3200
17727,0,3200,3200
17728,0,3200,3200
17729,0,3200,3200
17730,0,3200,3200
17731,0,3200,3200
17732,0,3200,3200
17733,0,3200,3200
17734,0,3200,3200
17735,0,3200,3200
17736,0,3200,3200
17737,0,3200,3200
17738,0,3200,3200
17739,0,3200,3200
17740,0,3200,3200
17741,0,3200,3200
17742,0,3200,3200
17743,0,3200,3200
17744,0,3200,3200
17745,0,3200,3200
17746,0,3200,3200
17747,0,3200,3200
17748,0,3200,3200
17749,0,3200,3200
17750,0,3200,3200
17751,0,3200,3200
17752,0,3200,3200
17753,0,3200,3200
17754,0,3200,3200
17755,0,3200,3200
17756,0,3200,3200
17757,0,3200,3200
17758,0,3200,3200
17759,0,3200,3200
17760,0,3200,3200
17761,0,3200,3200
17762,0,3200,3200
17763,0,3200,3200
17764,0,3200,3200
17765,0,3200,3200
17766,0,3200,3200
17767,0,3200,3200
17768,0,3200,3200
17769,0,3200,3200
17770,0,3200,3200
17771,0,3200,3200
17772,0,3200,3200
17773,0,3200,3200
17774,0,3200,3200
17775,0,3200,3200
17776,0,3200,3200
17777,0,3200,3200
17778,0,3200,3200
17779,0,3200,3200
17780,0,3200,3200
17781,0,3200,3200
17782,0,3200,3200
17783,0,3200,3200
17784,0,3200,3200
17785,0,3200,3200
17786,0,3200,3200
17787,0,3200,3200
17788,0,3200,3200
17789,0,3200,3200
17790,0,3200,3200
17791,0,3200,3200
17792,0,3200,3200
17793,0,3200,3200
17794,0,3200,3200
17795,0,3200,3200
17796,0,3200,3200
17797,0,3200,3200
17798,0,3200,3200
17799,0,3200,3200
17800,0,3200,3200
17801,0,3200,3200
17802,0,3200,3200
17803,0,3200,3200
17804,0,3200,3200
17805,0,3200,3200
17806,0,3200,3200
17807,0,3200,3200
17808,0,3200,3200
17809,0,3200,3200
17810,0,3200,3200
17811,0,3200,3200
17812,0,3200,3200
17813,0,3200,3200
17814,0,3200,3200
17815,0,3200,3200
17816,0,3200,3200
17817,0,3200,3200
17818,0,3200,3200
17819,0,3200,3200
17820,0,3200,3200
17821,0,3200,3200
17822,0,3200,3200
17823,0,3200,3200
17824,0,3200,3200
17825,0,3200,3200
17826,0,3200,3200
17827,0,3200,3200
17828,0,3200,3200
17829,0,3200,3200
17830,0,3200,3200
17831,0,3200,3200
17832,0,3200,3200
17833,0,3200,3200
17834,0,3200,3200
17835,0,3200,3200
17836,0,3200,3200
17837,0,3200,3200
17838,0,3200,3200
17839,0,3200,3200
17840,0,3200,3200
17841,0,3200,3200
17842,0,3200,3200
17843,0,3200,3200
17844,0,3200,3200
17845,0,3200,3200
17846,0,3200,3200
17847,0,3200,3200
17848,0,3200,3200
17849,0,3200,3200
17850,0,3200,3200
17851,0,3200,3200
17852,0,3200,3200
17853,0,3200,3200
17854,0,3200,3200
17855,0,3200,3200
17856,0,3200,3200
17857,0,3200,3200
17858,0,3200,3200
17859,0,3200,3200
17860,0,3200,3200
17861,0,3200,3200
17862,0,3200,3200
17863,0,3200,3200
17864,0,3200,3200
17865,0,3200,3200
17866,0,3200,3200
17867,0,3200,3200
17868,0,3200,3200
17869,0,3200,3200
17870,0,3200,3200
17871,0,3200,3200
17872,0,3200,3200
17873,0,3200,3200
17874,0,3200,3200
17875,0,3200,3200
17876,0,3200,3200
17877,0,3200,3200
17878,0,3200,3200
17879,0,3200,3200
17880,0,3200,3200
17881,0,3200,3200
17882,0,3200,3200
17883,0,3200,3200
17884,0,3200,3200
17885,0,3200,3200
17886,0,3200,3200
17887,0,3200,3200
17888,0,3200,3200
17889,0,3200,3200
17890,0,3200,3200
17891,0,3200,3200
17892,0,3200,3200
17893,0,3200,3200
17894,0,3200,3200
17895,0,3200,3200
17896,0,3200,3200
17897,0,3200,3200
17898,0,3200,3200
17899,0,3200,3200
17900,0,3200,3200
17901,0,3200,3200
17902,0,3200,3200
17903,0,3200,3200
17904,0,3200,3200
17905,0,3200,3200
17906,0,3200,3200
17907,0,3200,3200
17908,0,3200,3200
17909,0,3200,3200
17910,0,3200,3200
17911,0,3200,3200
17912,0,3200,3200
17913,0,3200,3200
17914,0,3200,3200
17915,0,3200,3200
17916,0,3200,3200
17917,0,3200,3200
17918,0,3200,3200
17919,0,3200,3200
17920,0,3200,3200
17921,0,3200,3200
17922,0,3200,3200
17923,0,3200,3200
17924,0,3200,3200
17925,0,3200,3200
17926,0,3200,3200
17927,0,3200,3200
17928,0,3200,3200
17929,0,3200,3200
17930,0,3200,3200
17931,0,3200,3200
17932,0,3200,3200
17933,0,3200,3200
17934,0,3200,3200
17935,0,3200,3200
17936,0,3200,3200
17937,0,3200,3200
17938,0,3200,3200
17939,0,3200,3200
17940,0,3200,3200
17941,0,3200,3200
17942,0,3200,3200
17943,0,3200,3200
17944,0,3200,3200
17945,0,3200,3200
17946,0,3200,3200
17947,0,3200,3200
17948,0,3200,3200
17949,0,3200,3200
17950,0,3200,3200
17951,0,3200,3200
17952,0,3200,3200
17953,0,3200,3200
17954,0,3200,3200
17955,0,3200,3200
17956,0,3200,3200
17957,0,3200,3200
17958,0,3200,3200
17959,0,3200,3200
17960,0,3200,3200
17961,0,3200,3200
17962,0,3200,3200
17963,0,3200,3200
17964,0,3200,3200
17965,0,3200,3200
17966,0,3200,3200
17967,0,3200,3200
17968,0,3200,3200
17969,0,3200,3200
17970,0,3200,3200
17971,0,3200,3200
17972,0,3200,3200
17973,0,3200,3200
17974,0,3200,3200
17975,0,3200,3200
17976,0,3200,3200
17977,0,3200,3200
17978,0,3200,3200
17979,0,3200,3200
17980,0,3200,3200
17981,0,3200,3200
17982,0,3200,3200
17983,0,3200,3200
17984,0,3200,3200
17985,0,3200,3200
17986,0,3200,3200
17987,0,3200,3200
17988,0,3200,3200
17989,0,3200,3200
17990,0,3200,3200
17991,0,3200,3200
17992,0,3200,3200
17993,0,3200,3200
17994,0,3200,3200
17995,0,3200,3200
17996,0,3200,3200
17997,0,3200,3200
17998,0,3200,3200
17999,0,3200,3200
18000,0,3200,3200
18001,0,3200,3200
18002,0,3200,3200
18003,0,3200,3200
18004,0,3200,3200
18005,0,3200,3200
18006,0,3200,3200
18007,0,3200,3200
18008,0,3200,3200
18009,0,3200,3200
18010,0,3200,3200
18011,0,3200,3200
18012,0,3200,3200
18013,0,3200,3200
18014,0,3200,3200
18015,0,3200,3200
18016,0,3200,3200
18017,0,3200,3200
18018,0,3200,3200
18019,0,3200,3200
18020,0,3200,3200
18021,0,3200,3200
18022,0,3200,3200
18023,0,3200,3200
18024,0,3200,3200
18025,0,3200,3200
18026,0,3200,3200
18027,0,3200,3200
18028,0,3200,3200
18029,0,3200,3200
18030,0,3200,3200
18031,0,3200,3200
18032,0,3200,3200
18033,0,3200,3200
18034,0,3200,3200
18035,0,3200,3200
18036,0,3200,3200
18037,0,3200,3200
18038,0,3200,3200
18039,0,3200,3200
18040,0,3200,3200
18041,0,3200,3200
18042,0,3200,3200
18043,0,3200,3200
18044,0,3200,3200
18045,0,3200,3200
18046,0,3200,3200
18047,0,3200,3200
18048,0,3200,3200
18049,0,3200,3200
18050,0,3200,3200
18051,0,3200,3200
18052,0,3200,3200
18053,0,3200,3200
18054,0,3200,3200
18055,0,3200,3200
18056,0,3200,3200
18057,0,3200,3200
18058,0,3200,3200
18059,0,3200,3200
18060,0,3200,3200
18061,0,3200,3200
18062,0,3200,3200
18063,0,3200,3200
18064,0,3200,3200
18065,0,3200,3200
18066,0,3200,3200
18067,0,3200,3200
18068,0,3200,3200
18069,0,3200,3200
18070,0,3200,3200
18071,0,3200,3200
18072,0,3200,3200
18073,0,3200,3200
18074,0,3200,3200
18075,0,3200,3200
18076,0,3200,3200
18077,0,3200,3200
18078,0,3200,3200
18079,0,3200,3200
18080,0,3200,3200
18081,0,3200,3200
18082,0,3200,3200
18083,0,3200,3200
18084,0,3200,3200
18085,0,3200,3200
18086,0,3200,3200
18087,0,3200,3200
18088,0,3200,3200
18089,0,3200,3200
18090,0,3200,3200
18091,0,3200,3200
18092,0,3200,3200
18093,0,3200,3200
18094,0,3200,3200
18095,0,3200,3200
18096,0,3200,3200
18097,0,3200,3200
18098,0,3200,3200
18099,0,3200,3200
18100,0,3200,3200
18101,0,3200,3200
18102,0,3200,3200
18103,0,3200,3200
18104,0,3200,3200
18105,0,3200,3200
18106,0,3200,3200
18107,0,3200,3200
18108,0,3200,3200
18109,0,3200,3200
18110,0,3200,3200
18111,0,3200,3200
18112,0,3200,3200
18113,0,3200,3200
18114,0,3200,3200
18115,0,3200,3200
18116,0,3200,3200
18117,0,3200,3200
18118,0,3200,3200
18119,0,3200,3200
18120,0,3200,3200
18121,0,3200,3200
18122,0,3200,3200
18123,0,3200,3200
18124,0,3200,3200
18125,0,3200,3200
18126,0,3200,3200
18127,0,3200,3200
18128,0,3200,3200
18129,0,3200,3200
18130,0,3200,3200
18131,0,3200,3200
18132,0,3200,3200
18133,0,3200,3200
18134,0,3200,3200
18135,0,3200,3200
18136,0,3200,3200
18137,0,3200,3200
18138,0,3200,3200
18139,0,3200,3200
18140,0,3200,3200
18141,0,3200,3200
18142,0,3200,3200
18143,0,3200,3200
18144,0,3200,3200
18145,0,3200,3200
18146,0,3200,3200
18147,0,3200,3200
18148,0,3200,3200
18149,0,3200,3200
18150,0,3200,3200
18151,0,3200,3200
18152,0,3200,3200
18153,0,3200,3200
18154,0,3200,3200
18155,0,3200,3200
18156,0,3200,3200
18157,0,3200,3200
18158,0,3200,3200
18159,0,3200,3200
18160,0,3200,3200
18161,0,3200,3200
18162,0,3200,3200
18163,0,3200,3200
18164,0,3200,3200
18165,0,3200,3200
18166,0,3200,3200
18167,0,3200,3200
18168,0,3200,3200
18169,0,3200,3200
18170,0,3200,3200
18171,0,3200,3200
18172,0,3200,3200
18173,0,3200,3200
18174,0,3200,3200
18175,0,3200,3200
18176,0,3200,3200
18177,0,3200,3200
18178,0,3200,3200
18179,0,3200,3200
18180,0,3200,3200
18181,0,3200,3200
18182,0,3200,3200
18183,0,3200,3200
18184,0,3200,3200
18185,0,3200,3200
18186,0,3200,3200
18187,0,3200,3200
18188,0,3200,3200
18189,0,3200,3200
18190,0,3200,3200
18191,0,3200,3200
18192,0,3200,3200
18193,0,3200,3200
18194,0,3200,3200
18195,0,3200,3200
18196,0,3200,3200
18197,0,3200,3200
18198,0,3200,3200
18199,0,3200,3200
18200,0,3200,3200
18201,0,3200,3200
18202,0,3200,3200
18203,0,3200,3200
18204,0,3200,3200
18205,0,3200,3200
18206,0,3200,3200
18207,0,3200,3200
18208,0,3200,3200
18209,0,3200,3200
18210,0,3200,3200
18211,0,3200,3200
18212,0,3200,3200
18213,0,3200,3200
18214,0,3200,3200
18215,0,3200,3200
18216,0,3200,3200
18217,0,3200,3200
18218,0,3200,3200
18219,0,3200,3200
18220,0,3200,3200
18221,0,3200,3200
18222,0,3200,3200
18223,0,3200,3200
18224,0,3200,3200
18225,0,3200,3200
18226,0,3200,3200
18227,0,3200,3200
18228,0,3200,3200
18229,0,3200,3200
18230,0,3200,3200
18231,0,3200,3200
18232,0,3200,3200
18233,0,3200,3200
18234,0,3200,3200
18235,0,3200,3200
18236,0,3200,3200
18237,0,3200,3200
18238,0,3200,3200
18239,0,3200,3200
18240,0,3200,3200
18241,0,3200,3200
18242,0,3200,3200
18243,0,3200,3200
18244,0,3200,3200
18245,0,3200,3200
18246,0,3200,3200
18247,0,3200,3200
18248,0,3200,3200
18249,0,3200,3200
18250,0,3200,3200
18251,0,3200,3200
18252,0,3200,3200
18253,0,3200,3200
18254,0,3200,3200
18255,0,3200,3200
18256,0,3200,3200
18257,0,3200,3200
18258,0,3200,3200
18259,0,3200,3200
18260,0,3200,3200
18261,0,3200,3200
18262,0,3200,3200
18263,0,3200,3200
18264,0,3200,3200
18265,0,3200,3200
18266,0,3200,3200
18267,0,3200,3200
18268,0,3200,3200
18269,0,3200,3200
18270,0,3200,3200
18271,0,3200,3200
18272,0,3200,3200
18273,0,3200,3200
18274,0,3200,3200
18275,0,3200,3200
18276,0,3200,3200
18277,0,3200,3200
18278,0,3200,3200
18279,0,3200,3200
18280,0,3200,3200
18281,0,3200,3200
18282,0,3200,3200
18283,0,3200,3200
18284,0,3200,3200
18285,0,3200,3200
18286,0,3200,3200
18287,0,3200,3200
18288,0,3200,3200
18289,0,3200,3200
18290,0,3200,3200
18291,0,3200,3200
18292,0,3200,3200
18293,0,3200,3200
18294,0,3200,3200
18295,0,3200,3200
18296,0,3200,3200
18297,0,3200,3200
18298,0,3200,3200
18299,0,3200,3200
18300,0,3200,3200
18301,0,3200,3200
18302,0,3200,3200
18303,0,3200,3200
18304,0,3200,3200
18305,0,3200,3200
18306,0,3200,3200
18307,0,3200,3200
18308,0,3200,3200
18309,0,3200,3200
18310,0,3200,3200
18311,0,3200,3200
18312,0,3200,3200
18313,0,3200,3200
18314,0,3200,3200
18315,0,3200,3200
18316,0,3200,3200
18317,0,3200,3200
18318,0,3200,3200
18319,0,3200,3200
18320,0,3200,3200
18321,0,3200,3200
18322,0,3200,3200
18323,0,3200,3200
18324,0,3200,3200
18325,0,3200,3200
18326,0,3200,3200
18327,0,3200,3200
18328,0,3200,3200
18329,0,3200,3200
18330,0,3200,3200
18331,0,3200,3200
18332,0,3200,3200
18333,0,3200,3200
18334,0,3200,3200
18335,0,3200,3200
18336,0,3200,3200
18337,0,3200,3200
18338,0,3200,3200
18339,0,3200,3200
18340,0,3200,3200
18341,0,3200,3200
18342,0,3200,3200
18343,0,3200,3200
18344,0,3200,3200
18345,0,3200,3200
18346,0,3200,3200
18347,0,3200,3200
18348,0,3200,3200
18349,0,3200,3200
18350,0,3200,3200
18351,0,3200,3200
18352,0,3200,3200
18353,0,3200,3200
18354,0,3200,3200
18355,0,3200,3200
18356,0,3200,3200
18357,0,3200,3200
18358,0,3200,3200
18359,0,3200,3200
18360,0,3200,3200
18361,0,3200,3200
18362,0,3200,3200
18363,0,3200,3200
18364,0,3200,3200
18365,0,3200,3200
18366,0,3200,3200
18367,0,3200,3200
18368,0,3200,3200
18369,0,3200,3200
18370,0,3200,3200
18371,0,3200,3200
18372,0,3200,3200
18373,0,3200,3200
18374,0,3200,3200
18375,0,3200,3200
18376,0,3200,3200
18377,0,3200,3200
18378,0,3200,3200
18379,0,3200,3200
18380,0,3200,3200
18381,0,3200,3200
18382,0,3200,3200
18383,0,3200,3200
18384,0,3200,3200
18385,0,3200,3200
18386,0,3200,3200
18387,0,3200,3200
18388,0,3200,3200
18389,0,3200,3200
18390,0,3200,3200
18391,0,3200,3200
18392,0,3200,3200
18393,0,3200,3200
18394,0,3200,3200
18395,0,3200,3200
18396,0,3200,3200
18397,0,3200,3200
18398,0,3200,3200
18399,0,3200,3200
18400,0,3200,3200
18401,0,3200,3200
18402,0,3200,3200
18403,0,3200,3200
18404,0,3200,3200
18405,0,3200,3200
18406,0,3200,3200
18407,0,3200,3200
18408,0,3200,3200
18409,0,3200,3200
18410,0,3200,3200
18411,0,3200,3200
18412,0,3200,3200
18413,0,3200,3200
18414,0,3200,3200
18415,0,3200,3200
18416,0,3200,3200
18417,0,3200,3200
18418,0,3200,3200
18419,0,3200,3200
18420,0,3200,3200
18421,0,3200,3200
18422,0,3200,3200
18423,0,3200,3200
18424,0,3200,3200
18425,0,3200,3200
18426,0,3200,3200
18427,0,3200,3200
18428,0,3200,3200
18429,0,3200,3200
18430,0,3200,3200
18431,0,3200,3200
18432,0,3200,3200
18433,0,3200,3200
18434,0,3200,3200
18435,0,3200,3200
18436,0,3200,3200
18437,0,3200,3200
18438,0,3200,3200
18439,0,3200,3200
18440,0,3200,3200
18441,0,3200,3200
18442,0,3200,3200
18443,0,3200,3200
18444,0,3200,3200
18445,0,3200,3200
18446,0,3200,3200
18447,0,3200,3200
18448,0,3200,3200
18449,0,3200,3200
18450,0,3200,3200
18451,0,3200,3200
18452,0,3200,3200
18453,0,3200,3200
18454,0,3200,3200
18455,0,3200,3200
18456,0,3200,3200
18457,0,3200,3200
18458,0,3200,3200
18459,0,3200,3200
18460,0,3200,3200
18461,0,3200,3200
18462,0,3200,3200
18463,0,3200,3200
18464,0,3200,3200
18465,0,3200,3200
18466,0,3200,3200
18467,0,3200,3200
18468,0,3200,3200
18469,0,3200,3200
18470,0,3200,3200
18471,0,3200,3200
18472,0,3200,3200
18473,0,3200,3200
18474,0,3200,3200
18475,0,3200,3200
18476,0,3200,3200
18477,0,3200,3200
18478,0,3200,3200
18479,0,3200,3200
18480,0,3200,3200
18481,0,3200,3200
18482,0,3200,3200
18483,0,3200,3200
18484,0,3200,3200
18485,0,3200,3200
18486,0,3200,3200
18487,0,3200,3200
18488,0,3200,3200
18489,0,3200,3200
18490,0,3200,3200
18491,0,3200,3200
18492,0,3200,3200
18493,0,3200,3200
18494,0,3200,3200
18495,0,3200,3200
18496,0,3200,3200
18497,0,3200,3200
18498,0,3200,3200
18499,0,3200,3200
18500,0,3200,3200
18501,0,3200,3200
18502,0,3200,3200
18503,0,3200,3200
18504,0,3200,3200
18505,0,3200,3200
18506,0,3200,3200
18507,0,3200,3200
18508,0,3200,3200
18509,0,3200,3200
18510,0,3200,3200
18511,0,3200,3200
18512,0,3200,3200
18513,0,3200,3200
18514,0,3200,3200
18515,0,3200,3200
18516,0,3200,3200
18517,0,3200,3200
18518,0,3200,3200
18519,0,3200,3200
18520,0,3200,3200
18521,0,3200,3200
18522,0,3200,3200
18523,0,3200,3200
18524,0,3200,3200
18525,0,3200,3200
18526,0,3200,3200
18527,0,3200,3200
18528,0,3200,3200
18529,0,3200,3200
18530,0,3200,3200
18531,0,3200,3200
18532,0,3200,3200
18533,0,3200,3200
18534,0,3200,3200
18535,0,3200,3200
18536,0,3200,3200
18537,0,3200,3200
18538,0,3200,3200
18539,0,3200,3200
18540,0,3200,3200
18541,0,3200,3200
18542,0,3200,3200
18543,0,3200,3200
18544,0,3200,3200
18545,0,3200,3200
18546,0,3200,3200
18547,0,3200,3200
18548,0,3200,3200
18549,0,3200,3200
18550,0,3200,3200
18551,0,3200,3200
18552,0,3200,3200
18553,0,3200,3200
18554,0,3200,3200
18555,0,3200,3200
18556,0,3200,3200
18557,0,3200,3200
18558,0,3200,3200
18559,0,3200,3200
18560,0,3200,3200
18561,0,3200,3200
18562,0,3200,3200
18563,0,3200,3200
18564,0,3200,3200
18565,0,3200,3200
18566,0,3200,3200
18567,0,3200,3200
18568,0,3200,3200
18569,0,3200,3200
18570,0,3200,3200
18571,0,3200,3200
18572,0,3200,3200
18573,0,3200,3200
18574,0,3200,3200
18575,0,3200,3200
18576,0,3200,3200
18577,0,3200,3200
18578,0,3200,3200
18579,0,3200,3200
18580,0,3200,3200
18581,0,3200,3200
18582,0,3200,3200
18583,0,3200,3200
18584,0,3200,3200
18585,0,3200,3200
18586,0,3200,3200
18587,0,3200,3200
18588,0,3200,3200
18589,0,3200,3200
18590,0,3200,3200
18591,0,3200,3200
18592,0,3200,3200
18593,0,3200,3200
18594,0,3200,3200
18595,0,3200,3200
18596,0,3200,3200
18597,0,3200,3200
18598,0,3200,3200
18599,0,3200,3200
18600,0,3200,3200
18601,0,3200,3200
18602,0,3200,3200
18603,0,3200,3200
18604,0,3200,3200
18605,0,3200,3200
18606,0,3200,3200
18607,0,3200,3200
18608,0,3200,3200
18609,0,3200,3200
18610,0,3200,3200
18611,0,3200,3200
18612,0,3200,3200
18613,0,3200,3200
18614,0,3200,3200
18615,0,3200,3200
18616,0,3200,3200
18617,0,3200,3200
18618,0,3200,3200
18619,0,3200,3200
18620,0,3200,3200
18621,0,3200,3200
18622,0,3200,3200
18623,0,3200,3200
18624,0,3200,3200
18625,0,3200,3200
18626,0,3200,3200
18627,0,3200,3200
18628,0,3200,3200
18629,0,3200,3200
18630,0,3200,3200
18631,0,3200,3200
18632,0,3200,3200
18633,0,3200,3200
18634,0,3200,3200
18635,0,3200,3200
18636,0,3200,3200
18637,0,3200,3200
18638,0,3200,3200
18639,0,3200,3200
18640,0,3200,3200
18641,0,3200,3200
18642,0,3200,3200
18643,0,3200,3200
18644,0,3200,3200
18645,0,3200,3200
18646,0,3200,3200
18647,0,3200,3200
18648,0,3200,3200
18649,0,3200,3200
18650,0,3200,3200
18651,0,3200,3200
18652,0,3200,3200
18653,0,3200,3200
18654,0,3200,3200
18655,0,3200,3200
18656,0,3200,3200
18657,0,3200,3200
18658,0,3200,3200
18659,0,3200,3200
18660,0,3200,3200
18661,0,3200,3200
18662,0,3200,3200
18663,0,3200,3200
18664,0,3200,3200
18665,0,3200,3200
18666,0,3200,3200
18667,0,3200,3200
18668,0,3200,3200
18669,0,3200,3200
18670,0,3200,3200
18671,0,3200,3200
18672,0,3200,3200
18673,0,3200,3200
18674,0,3200,3200
18675,0,3200,3200
18676,0,3200,3200
18677,0,3200,3200
18678,0,3200,3200
18679,0,3200,3200
18680,0,3200,3200
18681,0,3200,3200
18682,0,3200,3200
18683,0,3200,3200
18684,0,3200,3200
18685,0,3200,3200
18686,0,3200,3200
18687,0,3200,3200
18688,0,3200,3200
18689,0,3200,3200
18690,0,3200,3200
18691,0,3200,3200
18692,0,3200,3200
18693,0,3200,3200
18694,0,3200,3200
18695,0,3200,3200
18696,0,3200,3200
18697,0,3200,3200
18698,0,3200,3200
18699,0,3200,3200
18700,0,3200,3200
18701,0,3200,3200
18702,0,3200,3200
18703,0,3200,3200
18704,0,3200,3200
18705,0,3200,3200
18706,0,3200,3200
18707,0,3200,3200
18708,0,3200,3200
18709,0,3200,3200
18710,0,3200,3200
18711,0,3200,3200
18712,0,3200,3200
18713,0,3200,3200
18714,0,3200,3200
18715,0,3200,3200
18716,0,3200,3200
18717,0,3200,3200
18718,0,3200,3200
18719,0,3200,3200
18720,0,3200,3200
18721,0,3200,3200
18722,0,3200,3200
18723,0,3200,3200
18724,0,3200,3200
18725,0,3200,3200
18726,0,3200,3200
18727,0,3200,3200
18728,0,3200,3200
18729,0,3200,3200
18730,0,3200,3200
18731,0,3200,3200
18732,0,3200,3200
18733,0,3200,3200
18734,0,3200,3200
18735,0,3200,3200
18736,0,3200,3200
18737,0,3200,3200
18738,0,3200,3200
18739,0,3200,3200
18740,0,3200,3200
18741,0,3200,3200
18742,0,3200,3200
18743,0,3200,3200
18744,0,3200,3200
18745,0,3200,3200
18746,0,3200,3200
18747,0,3200,3200
18748,0,3200,3200
18749,0,3200,3200
18750,0,3200,3200
18751,0,3200,3200
18752,0,3200,3200
18753,0,3200,3200
18754,0,3200,3200
18755,0,3200,3200
18756,0,3200,3200
18757,0,3200,3200
18758,0,3200,3200
18759,0,3200,3200
18760,0,3200,3200
18761,0,3200,3200
18762,0,3200,3200
18763,0,3200,3200
18764,0,3200,3200
18765,0,3200,3200
18766,0,3200,3200
18767,0,3200,3200
18768,0,3200,3200
18769,0,3200,3200
18770,0,3200,3200
18771,0,3200,3200
18772,0,3200,3200
18773,0,3200,3200
18774,0,3200,3200
18775,0,3200,3200
18776,0,3200,3200
18777,0,3200,3200
18778,0,3200,3200
18779,0,3200,3200
18780,0,3200,3200
18781,0,3200,3200
18782,0,3200,3200
18783,0,3200,3200
18784,0,3200,3200
18785,0,3200,3200
18786,0,3200,3200
18787,0,3200,3200
18788,0,3200,3200
18789,0,3200,3200
18790,0,3200,3200
18791,0,3200,3200
18792,0,3200,3200
18793,0,3200,3200
18794,0,3200,3200
18795,0,3200,3200
18796,0,3200,3200
18797,0,3200,3200
18798,0,3200,3200
18799,0,3200,3200
18800,0,3200,3200
18801,0,3200,3200
18802,0,3200,3200
18803,0,3200,3200
18804,0,3200,3200
18805,0,3200,3200
18806,0,3200,3200
18807,0,3200,3200
18808,0,3200,3200
18809,0,3200,3200
18810,0,3200,3200
18811,0,3200,3200
18812,0,3200,3200
18813,0,3200,3200
18814,0,3200,3200
18815,0,3200,3200
18816,0,3200,3200
18817,0,3200,3200
18818,0,3200,3200
18819,0,3200,3200
18820,0,3200,3200
18821,0,3200,3200
18822,0,3200,3200
18823,0,3200,3200
18824,0,3200,3200
18825,0,3200,3200
18826,0,3200,3200
18827,0,3200,3200
18828,0,3200,3200
18829,0,3200,3200
18830,0,3200,3200
18831,0,3200,3200
18832,0,3200,3200
18833,0,3200,3200
18834,0,3200,3200
18835,0,3200,3200
18836,0,3200,3200
18837,0,3200,3200
18838,0,3200,3200
18839,0,3200,3200
18840,0,3200,3200
18841,0,3200,3200
18842,0,3200,3200
18843,0,3200,3200
18844,0,3200,3200
18845,0,3200,3200
18846,0,3200,3200
18847,0,3200,3200
18848,0,3200,3200
18849,0,3200,3200
18850,0,3200,3200
18851,0,3200,3200
18852,0,3200,3200
18853,0,3200,3200
18854,0,3200,3200
18855,0,3200,3200
18856,0,3200,3200
18857,0,3200,3200
18858,0,3200,3200
18859,0,3200,3200
18860,0,3200,3200
18861,0,3200,3200
18862,0,3200,3200
18863,0,3200,3200
18864,0,3200,3200
18865,0,3200,3200
18866,0,3200,3200
18867,0,3200,3200
18868,0,3200,3200
18869,0,3200,3200
18870,0,3200,3200
18871,0,3200,3200
18872,0,3200,3200
18873,0,3200,3200
18874,0,3200,3200
18875,0,3200,3200
18876,0,3200,3200
18877,0,3200,3200
18878,0,3200,3200
18879,0,3200,3200
18880,0,3200,3200
18881,0,3200,3200
18882,0,3200,3200
18883,0,3200,3200
18884,0,3200,3200
18885,0,3200,3200
18886,0,3200,3200
18887,0,3200,3200
18888,0,3200,3200
18889,0,3200,3200
18890,0,3200,3200
18891,0,3200,3200
18892,0,3200,3200
18893,0,3200,3200
18894,0,3200,3200
18895,0,3200,3200
18896,0,3200,3200
18897,0,3200,3200
18898,0,3200,3200
18899,0,3200,3200
18900,0,3200,3200
18901,0,3200,3200
18902,0,3200,3200
18903,0,3200,3200
18904,0,3200,3200
18905,0,3200,3200
18906,0,3200,3200
18907,0,3200,3200
18908,0,3200,3200
18909,0,3200,3200
18910,0,3200,3200
18911,0,3200,3200
18912,0,3200,3200
18913,0,3200,3200
18914,0,3200,3200
18915,0,3200,3200
18916,0,3200,3200
18917,0,3200,3200
18918,0,3200,3200
18919,0,3200,3200
18920,0,3200,3200
18921,0,3200,3200
18922,0,3200,3200
18923,0,3200,3200
18924,0,3200,3200
18925,0,3200,3200
18926,0,3200,3200
18927,0,3200,3200
18928,0,3200,3200
18929,0,3200,3200
18930,0,3200,3200
18931,0,3200,3200
18932,0,3200,3200
18933,0,3200,3200
18934,0,3200,3200
18935,0,3200,3200
18936,0,3200,3200
18937,0,3200,3200
18938,0,3200,3200
18939,0,3200,3200
18940,0,3200,3200
18941,0,3200,3200
18942,0,3200,3200
18943,0,3200,3200
18944,0,3200,3200
18945,0,3200,3200
18946,0,3200,3200
18947,0,3200,3200
18948,0,3200,3200
18949,0,3200,3200
18950,0,3200,3200
18951,0,3200,3200
18952,0,3200,3200
18953,0,3200,3200
18954,0,3200,3200
18955,0,3200,3200
18956,0,3200,3200
18957,0,3200,3200
18958,0,3200,3200
18959,0,3200,3200
18960,0,3200,3200
18961,0,3200,3200
18962,0,3200,3200
18963,0,3200,3200
18964,0,3200,3200
18965,0,3200,3200
18966,0,3200,3200
18967,0,3200,3200
18968,0,3200,3200
18969,0,3200,3200
18970,0,3200,3200
18971,0,3200,3200
18972,0,3200,3200
18973,0,3200,3200
18974,0,3200,3200
18975,0,3200,3200
18976,0,3200,3200
18977,0,3200,3200
18978,0,3200,3200
18979,0,3200,3200
18980,0,3200,3200
18981,0,3200,3200
18982,0,3200,3200
18983,0,3200,3200
18984,0,3200,3200
18985,0,3200,3200
18986,0,3200,3200
18987,0,3200,3200
18988,0,3200,3200
18989,0,3200,3200
18990,0,3200,3200
18991,0,3200,3200
18992,0,3200,3200
18993,0,3200,3200
18994,0,3200,3200
18995,0,3200,3200
18996,0,3200,3200
18997,0,3200,3200
18998,0,3200,3200
18999,0,3200,3200
19000,0,3200,3200
19001,0,3200,3200
19002,0,3200,3200
19003,0,3200,3200
19004,0,3200,3200
19005,0,3200,3200
19006,0,3200,3200
19007,0,3200,3200
19008,0,3200,3200
19009,0,3200,3200
19010,0,3200,3200
19011,0,3200,3200
19012,0,3200,3200
19013,0,3200,3200
19014,0,3200,3200
19015,0,3200,3200
19016,0,3200,3200
19017,0,3200,3200
19018,0,3200,3200
19019,0,3200,3200
19020,0,3200,3200
19021,0,3200,3200
19022,0,3200,3200
19023,0,3200,3200
19024,0,3200,3200
19025,0,3200,3200
19026,0,3200,3200
19027,0,3200,3200
19028,0,3200,3200
19029,0,3200,3200
19030,0,3200,3200
19031,0,3200,3200
19032,0,3200,3200
19033,0,3200,3200
19034,0,3200,3200
19035,0,3200,3200
19036,0,3200,3200
19037,0,3200,3200
19038,0,3200,3200
19039,0,3200,3200
19040,0,3200,3200
19041,0,3200,3200
19042,0,3200,3200
19043,0,3200,3200
19044,0,3200,3200
19045,0,3200,3200
19046,0,3200,3200
19047,0,3200,3200
19048,0,3200,3200
19049,0,3200,3200
19050,0,3200,3200
19051,0,3200,3200
19052,0,3200,3200
19053,0,3200,3200
19054,0,3200,3200
19055,0,3200,3200
19056,0,3200,3200
19057,0,3200,3200
19058,0,3200,3200
19059,0,3200,3200
19060,0,3200,3200
19061,0,3200,3200
19062,0,3200,3200
19063,0,3200,3200
19064,0,3200,3200
19065,0,3200,3200
19066,0,3200,3200
19067,0,3200,3200
19068,0,3200,3200
19069,0,3200,3200
19070,0,3200,3200
19071,0,3200,3200
19072,0,3200,3200
19073,0,3200,3200
19074,0,3200,3200
19075,0,3200,3200
19076,0,3200,3200
19077,0,3200,3200
19078,0,3200,3200
19079,0,3200,3200
19080,0,3200,3200
19081,0,3200,3200
19082,0,3200,3200
19083,0,3200,3200
19084,0,3200,3200
19085,0,3200,3200
19086,0,3200,3200
19087,0,3200,3200
19088,0,3200,3200
19089,0,3200,3200
19090,0,3200,3200
19091,0,3200,3200
19092,0,3200,3200
19093,0,3200,3200
19094,0,3200,3200
19095,0,3200,3200
19096,0,3200,3200
19097,0,3200,3200
19098,0,3200,3200
19099,0,3200,3200
19100,0,3200,3200
19101,0,3200,3200
19102,0,3200,3200
19103,0,3200,3200
19104,0,3200,3200
19105,0,3200,3200
19106,0,3200,3200
19107,0,3200,3200
19108,0,3200,3200
19109,0,3200,3200
19110,0,3200,3200
19111,0,3200,3200
19112,0,3200,3200
19113,0,3200,3200
19114,0,3200,3200
19115,0,3200,3200
19116,0,3200,3200
19117,0,3200,3200
19118,0,3200,3200
19119,0,3200,3200
19120,0,3200,3200
19121,0,3200,3200
19122,0,3200,3200
19123,0,3200,3200
19124,0,3200,3200
19125,0,3200,3200
19126,0,3200,3200
19127,0,3200,3200
19128,0,3200,3200
19129,0,3200,3200
19130,0,3200,3200
19131,0,3200,3200
19132,0,3200,3200
19133,0,3200,3200
19134,0,3200,3200
19135,0,3200,3200
19136,0,3200,3200
19137,0,3200,3200
19138,0,3200,3200
19139,0,3200,3200
19140,0,3200,3200
19141,0,3200,3200
19142,0,3200,3200
19143,0,3200,3200
19144,0,3200,3200
19145,0,3200,3200
19146,0,3200,3200
19147,0,3200,3200
19148,0,3200,3200
19149,0,3200,3200
19150,0,3200,3200
19151,0,3200,3200
19152,0,3200,3200
19153,0,3200,3200
19154,0,3200,3200
19155,0,3200,3200
19156,0,3200,3200
19157,0,3200,3200
19158,0,3200,3200
19159,0,3200,3200
19160,0,3200,3200
19161,0,3200,3200
19162,0,3200,3200
19163,0,3200,3200
19164,0,3200,3200
19165,0,3200,3200
19166,0,3200,3200
19167,0,3200,3200
19168,0,3200,3200
19169,0,3200,3200
19170,0,3200,3200
19171,0,3200,3200
19172,0,3200,3200
19173,0,3200,3200
19174,0,3200,3200
19175,0,3200,3200
19176,0,3200,3200
19177,0,3200,3200
19178,0,3200,3200
19179,0,3200,3200
19180,0,3200,3200
19181,0,3200,3200
19182,0,3200,3200
19183,0,3200,3200
19184,0,3200,3200
19185,0,3200,3200
19186,0,3200,3200
19187,0,3200,3200
19188,0,3200,3200
19189,0,3200,3200
19190,0,3200,3200
19191,0,3200,3200
19192,0,3200,3200
19193,0,3200,3200
19194,0,3200,3200
19195,0,3200,3200
19196,0,3200,3200
19197,0,3200,3200
19198,0,3200,3200
19199,0,3200,3200
19200,0,3200,3200
19201,0,3200,3200
19202,0,3200,3200
19203,0,3200,3200
19204,0,3200,3200
19205,0,3200,3200
19206,0,3200,3200
19207,0,3200,3200
19208,0,3200,3200
19209,0,3200,3200
19210,0,3200,3200
19211,0,3200,3200
19212,0,3200,3200
19213,0,3200,3200
19214,0,3200,3200
19215,0,3200,3200
19216,0,3200,3200
19217,0,3200,3200
19218,0,3200,3200
19219,0,3200,3200
19220,0,3200,3200
19221,0,3200,3200
19222,0,3200,3200
19223,0,3200,3200
19224,0,3200,3200
19225,0,3200,3200
19226,0,3200,3200
19227,0,3200,3200
19228,0,3200,3200
19229,0,3200,3200
19230,0,3200,3200
19231,0,3200,3200
19232,0,3200,3200
19233,0,3200,3200
19234,0,3200,3200
19235,0,3200,3200
19236,0,3200,3200
19237,0,3200,3200
19238,0,3200,3200
19239,0,3200,3200
19240,0,3200,3200
19241,0,3200,3200
19242,0,3200,3200
19243,0,3200,3200
19244,0,3200,3200
19245,0,3200,3200
19246,0,3200,3200
19247,0,3200,3200
19248,0,3200,3200
19249,0,3200,3200
19250,0,3200,3200
19251,0,3200,3200
19252,0,3200,3200
19253,0,3200,3200
19254,0,3200,3200
19255,0,3200,3200
19256,0,3200,3200
19257,0,3200,3200
19258,0,3200,3200
19259,0,3200,3200
19260,0,3200,3200
19261,0,3200,3200
19262,0,3200,3200
19263,0,3200,3200
19264,0,3200,3200
19265,0,3200,3200
19266,0,3200,3200
19267,0,3200,3200
19268,0,3200,3200
19269,0,3200,3200
19270,0,3200,3200
19271,0,3200,3200
19272,0,3200,3200
19273,0,3200,3200
19274,0,3200,3200
19275,0,3200,3200
19276,0,3200,3200
19277,0,3200,3200
19278,0,3200,3200
19279,0,3200,3200
19280,0,3200,3200
19281,0,3200,3200
19282,0,3200,3200
19283,0,3200,3200
19284,0,3200,3200
19285,0,3200,3200
19286,0,3200,3200
19287,0,3200,3200
19288,0,3200,3200
19289,0,3200,3200
19290,0,3200,3200
19291,0,3200,3200
19292,0,3200,3200
19293,0,3200,3200
19294,0,3200,3200
19295,0,3200,3200
19296,0,3200,3200
19297,0,3200,3200
19298,0,3200,3200
19299,0,3200,3200
19300,0,3200,3200
19301,0,3200,3200
19302,0,3200,3200
19303,0,3200,3200
19304,0,3200,3200
19305,0,3200,3200
19306,0,3200,3200
19307,0,3200,3200
19308,0,3200,3200
19309,0,3200,3200
19310,0,3200,3200
19311,0,3200,3200
19312,0,3200,3200
19313,0,3200,3200
19314,0,3200,3200
19315,0,3200,3200
19316,0,3200,3200
19317,0,3200,3200
19318,0,3200,3200
19319,0,3200,3200
19320,0,3200,3200
19321,0,3200,3200
19322,0,3200,3200
19323,0,3200,3200
19324,0,3200,3200
19325,0,3200,3200
19326,0,3200,3200
19327,0,3200,3200
19328,0,3200,3200
19329,0,3200,3200
19330,0,3200,3200
19331,0,3200,3200
19332,0,3200,3200
19333,0,3200,3200
19334,0,3200,3200
19335,0,3200,3200
19336,0,3200,3200
19337,0,3200,3200
19338,0,3200,3200
19339,0,3200,3200
19340,0,3200,3200
19341,0,3200,3200
19342,0,3200,3200
19343,0,3200,3200
19344,0,3200,3200
19345,0,3200,3200
19346,0,3200,3200
19347,0,3200,3200
19348,0,3200,3200
19349,0,3200,3200
19350,0,3200,3200
19351,0,3200,3200
19352,0,3200,3200
19353,0,3200,3200
19354,0,3200,3200
19355,0,3200,3200
19356,0,3200,3200
19357,0,3200,3200
19358,0,3200,3200
19359,0,3200,3200
19360,0,3200,3200
19361,0,3200,3200
19362,0,3200,3200
19363,0,3200,3200
19364,0,3200,3200
19365,0,3200,3200
19366,0,3200,3200
19367,0,3200,3200
19368,0,3200,3200
19369,0,3200,3200
19370,0,3200,3200
19371,0,3200,3200
19372,0,3200,3200
19373,0,3200,3200
19374,0,3200,3200
19375,0,3200,3200
19376,0,3200,3200
19377,0,3200,3200
19378,0,3200,3200
19379,0,3200,3200
19380,0,3200,3200
19381,0,3200,3200
19382,0,3200,3200
19383,0,3200,3200
19384,0,3200,3200
19385,0,3200,3200
19386,0,3200,3200
19387,0,3200,3200
19388,0,3200,3200
19389,0,3200,3200
19390,0,3200,3200
19391,0,3200,3200
19392,0,3200,3200
19393,0,3200,3200
19394,0,3200,3200
19395,0,3200,3200
19396,0,3200,3200
19397,0,3200,3200
19398,0,3200,3200
19399,0,3200,3200
19400,0,3200,3200
19401,0,3200,3200
19402,0,3200,3200
19403,0,3200,3200
19404,0,3200,3200
19405,0,3200,3200
19406,0,3200,3200
19407,0,3200,3200
19408,0,3200,3200
19409,0,3200,3200
19410,0,3200,3200
19411,0,3200,3200
19412,0,3200,3200
19413,0,3200,3200
19414,0,3200,3200
19415,0,3200,3200
19416,0,3200,3200
19417,0,3200,3200
19418,0,3200,3200
19419,0,3200,3200
19420,0,3200,3200
19421,0,3200,3200
19422,0,3200,3200
19423,0,3200,3200
19424,0,3200,3200
19425,0,3200,3200
19426,0,3200,3200
19427,0,3200,3200
19428,0,3200,3200
19429,0,3200,3200
19430,0,3200,3200
19431,0,3200,3200
19432,0,3200,3200
19433,0,3200,3200
19434,0,3200,3200
19435,0,3200,3200
19436,0,3200,3200
19437,0,3200,3200
19438,0,3200,3200
19439,0,3200,3200
19440,0,3200,3200
19441,0,3200,3200
19442,0,3200,3200
19443,0,3200,3200
19444,0,3200,3200
19445,0,3200,3200
19446,0,3200,3200
19447,0,3200,3200
19448,0,3200,3200
19449,0,3200,3200
19450,0,3200,3200
19451,0,3200,3200
19452,0,3200,3200
19453,0,3200,3200
19454,0,3200,3200
19455,0,3200,3200
19456,0,3200,3200
19457,0,3200,3200
19458,0,3200,3200
19459,0,3200,3200
19460,0,3200,3200
19461,0,3200,3200
19462,0,3200,3200
19463,0,3200,3200
19464,0,3200,3200
19465,0,3200,3200
19466,0,3200,3200
19467,0,3200,3200
19468,0,3200,3200
19469,0,3200,3200
19470,0,3200,3200
19471,0,3200,3200
19472,0,3200,3200
19473,0,3200,3200
19474,0,3200,3200
19475,0,3200,3200
19476,0,3200,3200
19477,0,3200,3200
19478,0,3200,3200
19479,0,3200,3200
19480,0,3200,3200
19481,0,3200,3200
19482,0,3200,3200
19483,0,3200,3200
19484,0,3200,3200
19485,0,3200,3200
19486,0,3200,3200
19487,0,3200,3200
19488,0,3200,3200
19489,0,3200,3200
19490,0,3200,3200
19491,0,3200,3200
19492,0,3200,3200
19493,0,3200,3200
19494,0,3200,3200
19495,0,3200,3200
19496,0,3200,3200
19497,0,3200,3200
19498,0,3200,3200
19499,0,3200,3200
19500,0,3200,3200
19501,0,3200,3200
19502,0,3200,3200
19503,0,3200,3200
19504,0,3200,3200
19505,0,3200,3200
19506,0,3200,3200
19507,0,3200,3200
19508,0,3200,3200
19509,0,3200,3200
19510,0,3200,3200
19511,0,3200,3200
19512,0,3200,3200
19513,0,3200,3200
19514,0,3200,3200
19515,0,3200,3200
19516,0,3200,3200
19517,0,3200,3200
19518,0,3200,3200
19519,0,3200,3200
19520,0,3200,3200
19521,0,3200,3200
19522,0,3200,3200
19523,0,3200,3200
19524,0,3200,3200
19525,0,3200,3200
19526,0,3200,3200
19527,0,3200,3200
19528,0,3200,3200
19529,0,3200,3200
19530,0,3200,3200
19531,0,3200,3200
19532,0,3200,3200
19533,0,3200,3200
19534,0,3200,3200
19535,0,3200,3200
19536,0,3200,3200
19537,0,3200,3200
19538,0,3200,3200
19539,0,3200,3200
19540,0,3200,3200
19541,0,3200,3200
19542,0,3200,3200
19543,0,3200,3200
19544,0,3200,3200
19545,0,3200,3200
19546,0,3200,3200
19547,0,3200,3200
19548,0,3200,3200
19549,0,3200,3200
19550,0,3200,3200
19551,0,3200,3200
19552,0,3200,3200
19553,0,3200,3200
19554,0,3200,3200
19555,0,3200,3200
19556,0,3200,3200
19557,0,3200,3200
19558,0,3200,3200
19559,0,3200,3200
19560,0,3200,3200
19561,0,3200,3200
19562,0,3200,3200
19563,0,3200,3200
19564,0,3200,3200
19565,0,3200,3200
19566,0,3200,3200
19567,0,3200,3200
19568,0,3200,3200
19569,0,3200,3200
19570,0,3200,3200
19571,0,3200,3200
19572,0,3200,3200
19573,0,3200,3200
19574,0,3200,3200
19575,0,3200,3200
19576,0,3200,3200
19577,0,3200,3200
19578,0,3200,3200
19579,0,3200,3200
19580,0,3200,3200
19581,0,3200,3200
19582,0,3200,3200
19583,0,3200,3200
19584,0,3200,3200
19585,0,3200,3200
19586,0,3200,3200
19587,0,3200,3200
19588,0,3200,3200
19589,0,3200,3200
19590,0,3200,3200
19591,0,3200,3200
19592,0,3200,3200
19593,0,3200,3200
19594,0,3200,3200
19595,0,3200,3200
19596,0,3200,3200
19597,0,3200,3200
19598,0,3200,3200
19599,0,3200,3200
19600,0,3200,3200
19601,0,3200,3200
19602,0,3200,3200
19603,0,3200,3200
19604,0,3200,3200
19605,0,3200,3200
19606,0,3200,3200
19607,0,3200,3200
19608,0,3200,3200
19609,0,3200,3200
19610,0,3200,3200
19611,0,3200,3200
19612,0,3200,3200
19613,0,3200,3200
19614,0,3200,3200
19615,0,3200,3200
19616,0,3200,3200
19617,0,3200,3200
19618,0,3200,3200
19619,0,3200,3200
19620,0,3200,3200
19621,0,3200,3200
19622,0,3200,3200
19623,0,3200,3200
19624,0,3200,3200
19625,0,3200,3200
19626,0,3200,3200
19627,0,3200,3200
19628,0,3200,3200
19629,0,3200,3200
19630,0,3200,3200
19631,0,3200,3200
19632,0,3200,3200
19633,0,3200,3200
19634,0,3200,3200
19635,0,3200,3200
19636,0,3200,3200
19637,0,3200,3200
19638,0,3200,3200
19639,0,3200,3200
19640,0,3200,3200
19641,0,3200,3200
19642,0,3200,3200
19643,0,3200,3200
19644,0,3200,3200
19645,0,3200,3200
19646,0,3200,3200
19647,0,3200,3200
19648,0,3200,3200
19649,0,3200,3200
19650,0,3200,3200
19651,0,3200,3200
19652,0,3200,3200
19653,0,3200,3200
19654,0,3200,3200
19655,0,3200,3200
19656,0,3200,3200
19657,0,3200,3200
19658,0,3200,3200
19659,0,3200,3200
19660,0,3200,3200
19661,0,3200,3200
19662,0,3200,3200
19663,0,3200,3200
19664,0,3200,3200
19665,0,3200,3200
19666,0,3200,3200
19667,0,3200,3200
19668,0,3200,3200
19669,0,3200,3200
19670,0,3200,3200
19671,0,3200,3200
19672,0,3200,3200
19673,0,3200,3200
19674,0,3200,3200
19675,0,3200,3200
19676,0,3200,3200
19677,0,3200,3200
19678,0,3200,3200
19679,0,3200,3200
19680,0,3200,3200
19681,0,3200,3200
19682,0,3200,3200
19683,0,3200,3200
19684,0,3200,3200
19685,0,3200,3200
19686,0,3200,3200
19687,0,3200,3200
19688,0,3200,3200
19689,0,3200,3200
19690,0,3200,3200
19691,0,3200,3200
19692,0,3200,3200
19693,0,3200,3200
19694,0,3200,3200
19695,0,3200,3200
19696,0,3200,3200
19697,0,3200,3200
19698,0,3200,3200
19699,0,3200,3200
19700,0,3200,3200
19701,0,3200,3200
19702,0,3200,3200
19703,0,3200,3200
19704,0,3200,3200
19705,0,3200,3200
19706,0,3200,3200
19707,0,3200,3200
19708,0,3200,3200
19709,0,3200,3200
19710,0,3200,3200
19711,0,3200,3200
19712,0,3200,3200
19713,0,3200,3200
19714,0,3200,3200
19715,0,3200,3200
19716,0,3200,3200
19717,0,3200,3200
19718,0,3200,3200
19719,0,3200,3200
19720,0,3200,3200
19721,0,3200,3200
19722,0,3200,3200
19723,0,3200,3200
19724,0,3200,3200
19725,0,3200,3200
19726,0,3200,3200
19727,0,3200,3200
19728,0,3200,3200
19729,0,3200,3200
19730,0,3200,3200
19731,0,3200,3200
19732,0,3200,3200
19733,0,3200,3200
19734,0,3200,3200
19735,0,3200,3200
19736,0,3200,3200
19737,0,3200,3200
19738,0,3200,3200
19739,0,3200,3200
19740,0,3200,3200
19741,0,3200,3200
19742,0,3200,3200
19743,0,3200,3200
19744,0,3200,3200
19745,0,3200,3200
19746,0,3200,3200
19747,0,3200,3200
19748,0,3200,3200
19749,0,3200,3200
19750,0,3200,3200
19751,0,3200,3200
19752,0,3200,3200
19753,0,3200,3200
19754,0,3200,3200
19755,0,3200,3200
19756,0,3200,3200
19757,0,3200,3200
19758,0,3200,3200
19759,0,3200,3200
19760,0,3200,3200
19761,0,3200,3200
19762,0,3200,3200
19763,0,3200,3200
19764,0,3200,3200
19765,0,3200,3200
19766,0,3200,3200
19767,0,3200,3200
19768,0,3200,3200
19769,0,3200,3200
19770,0,3200,3200
19771,0,3200,3200
19772,0,3200,3200
19773,0,3200,3200
19774,0,3200,3200
19775,0,3200,3200
19776,0,3200,3200
19777,0,3200,3200
19778,0,3200,3200
19779,0,3200,3200
19780,0,3200,3200
19781,0,3200,3200
19782,0,3200,3200
19783,0,3200,3200
19784,0,3200,3200
19785,0,3200,3200
19786,0,3200,3200
19787,0,3200,3200
19788,0,3200,3200
19789,0,3200,3200
19790,0,3200,3200
19791,0,3200,3200
19792,0,3200,3200
19793,0,3200,3200
19794,0,3200,3200
19795,0,3200,3200
19796,0,3200,3200
19797,0,3200,3200
19798,0,3200,3200
19799,0,3200,3200
19800,0,3200,3200
19801,0,3200,3200
19802,0,3200,3200
19803,0,3200,3200
19804,0,3200,3200
19805,0,3200,3200
19806,0,3200,3200
19807,0,3200,3200
19808,0,3200,3200
19809,0,3200,3200
19810,0,3200,3200
19811,0,3200,3200
19812,0,3200,3200
19813,0,3200,3200
19814,0,3200,3200
19815,0,3200,3200
19816,0,3200,3200
19817,0,3200,3200
19818,0,3200,3200
19819,0,3200,3200
19820,0,3200,3200
19821,0,3200,3200
19822,0,3200,3200
19823,0,3200,3200
19824,0,3200,3200
19825,0,3200,3200
19826,0,3200,3200
19827,0,3200,3200
19828,0,3200,3200
19829,0,3200,3200
19830,0,3200,3200
19831,0,3200,3200
19832,0,3200,3200
19833,0,3200,3200
19834,0,3200,3200
19835,0,3200,3200
19836,0,3200,3200
19837,0,3200,3200
19838,0,3200,3200
19839,0,3200,3200
19840,0,3200,3200
19841,0,3200,3200
19842,0,3200,3200
19843,0,3200,3200
19844,0,3200,3200
19845,0,3200,3200
19846,0,3200,3200
19847,0,3200,3200
19848,0,3200,3200
19849,0,3200,3200
19850,0,3200,3200
19851,0,3200,3200
19852,0,3200,3200
19853,0,3200,3200
19854,0,3200,3200
19855,0,3200,3200
19856,0,3200,3200
19857,0,3200,3200
19858,0,3200,3200
19859,0,3200,3200
19860,0,3200,3200
19861,0,3200,3200
19862,0,3200,3200
19863,0,3200,3200
19864,0,3200,3200
19865,0,3200,3200
19866,0,3200,3200
19867,0,3200,3200
19868,0,3200,3200
19869,0,3200,3200
19870,0,3200,3200
19871,0,3200,3200
19872,0,3200,3200
19873,0,3200,3200
19874,0,3200,3200
19875,0,3200,3200
19876,0,3200,3200
19877,0,3200,3200
19878,0,3200,3200
19879,0,3200,3200
19880,0,3200,3200
19881,0,3200,3200
19882,0,3200,3200
19883,0,3200,3200
19884,0,3200,3200
19885,0,3200,3200
19886,0,3200,3200
19887,0,3200,3200
19888,0,3200,3200
19889,0,3200,3200
19890,0,3200,3200
19891,0,3200,3200
19892,0,3200,3200
19893,0,3200,3200
19894,0,3200,3200
19895,0,3200,3200
19896,0,3200,3200
19897,0,3200,3200
19898,0,3200,3200
19899,0,3200,3200
19900,0,3200,3200
19901,0,3200,3200
19902,0,3200,3200
19903,0,3200,3200
19904,0,3200,3200
19905,0,3200,3200
19906,0,3200,3200
19907,0,3200,3200
19908,0,3200,3200
19909,0,3200,3200
19910,0,3200,3200
19911,0,3200,3200
19912,0,3200,3200
19913,0,3200,3200
19914,0,3200,3200
19915,0,3200,3200
19916,0,3200,3200
19917,0,3200,3200
19918,0,3200,3200
19919,0,3200,3200
19920,0,3200,3200
19921,0,3200,3200
19922,0,3200,3200
19923,0,3200,3200
19924,0,3200,3200
19925,0,3200,3200
19926,0,3200,3200
19927,0,3200,3200
19928,0,3200,3200
19929,0,3200,3200
19930,0,3200,3200
19931,0,3200,3200
19932,0,3200,3200
19933,0,3200,3200
19934,0,3200,3200
19935,0,3200,3200
19936,0,3200,3200
19937,0,3200,3200
19938,0,3200,3200
19939,0,3200,3200
19940,0,3200,3200
19941,0,3200,3200
19942,0,3200,3200
19943,0,3200,3200
19944,0,3200,3200
19945,0,3200,3200
19946,0,3200,3200
19947,0,3200,3200
19948,0,3200,3200
19949,0,3200,3200
19950,0,3200,3200
19951,0,3200,3200
19952,0,3200,3200
19953,0,3200,3200
19954,0,3200,3200
19955,0,3200,3200
19956,0,3200,3200
19957,0,3200,3200
19958,0,3200,3200
19959,0,3200,3200
19960,0,3200,3200
19961,0,3200,3200
19962,0,3200,3200
19963,0,3200,3200
19964,0,3200,3200
19965,0,3200,3200
19966,0,3200,3200
19967,0,3200,3200
19968,0,3200,3200
19969,0,3200,3200
19970,0,3200,3200
19971,0,3200,3200
19972,0,3200,3200
19973,0,3200,3200
19974,0,3200,3200
19975,0,3200,3200
19976,0,3200,3200
19977,0,3200,3200
19978,0,3200,3200
19979,0,3200,3200
19980,0,3200,3200
19981,0,3200,3200
19982,0,3200,3200
19983,0,3200,3200
19984,0,3200,3200
19985,0,3200,3200
19986,0,3200,3200
19987,0,3200,3200
19988,0,3200,3200
19989,0,3200,3200
19990,0,3200,3200
19991,0,3200,3200
19992,0,3200,3200
19993,0,3200,3200
19994,0,3200,3200
19995,0,3200,3200
19996,0,3200,3200
19997,0,3200,3200
19998,0,3200,3200
19999,0,3200,3200
20000,0,3200,3200
20001,0,3200,3200
20002,0,3200,3200
20003,0,3200,3200
20004,0,3200,3200
20005,0,3200,3200
20006,0,3200,3200
20007,0,3200,3200
20008,0,3200,3200
20009,0,3200,3200
20010,0,3200,3200
20011,0,3200,3200
20012,0,3200,3200
20013,0,3200,3200
20014,0,3200,3200
20015,0,3200,3200
20016,0,3200,3200
20017,0,3200,3200
20018,0,3200,3200
20019,0,3200,3200
20020,0,3200,3200
20021,0,3200,3200
20022,0,3200,3200
20023,0,3200,3200
20024,0,3200,3200
20025,0,3200,3200
20026,0,3200,3200
20027,0,3200,3200
20028,0,3200,3200
20029,0,3200,3200
20030,0,3200,3200
20031,0,3200,3200
20032,0,3200,3200
20033,0,3200,3200
20034,0,3200,3200
20035,0,3200,3200
20036,0,3200,3200
20037,0,3200,3200
20038,0,3200,3200
20039,0,3200,3200
20040,0,3200,3200
20041,0,3200,3200
20042,0,3200,3200
20043,0,3200,3200
20044,0,3200,3200
20045,0,3200,3200
20046,0,3200,3200
20047,0,3200,3200
20048,0,3200,3200
20049,0,3200,3200
20050,0,3200,3200
20051,0,3200,3200
20052,0,3200,3200
20053,0,3200,3200
20054,0,3200,3200
20055,0,3200,3200
20056,0,3200,3200
20057,0,3200,3200
20058,0,3200,3200
20059,0,3200,3200
20060,0,3200,3200
20061,0,3200,3200
20062,0,3200,3200
20063,0,3200,3200
20064,0,3200,3200
20065,0,3200,3200
20066,0,3200,3200
20067,0,3200,3200
20068,0,3200,3200
20069,0,3200,3200
20070,0,3200,3200
20071,0,3200,3200
20072,0,3200,3200
20073,0,3200,3200
20074,0,3200,3200
20075,0,3200,3200
20076,0,3200,3200
20077,0,3200,3200
20078,0,3200,3200
20079,0,3200,3200
20080,0,3200,3200
20081,0,3200,3200
20082,0,3200,3200
20083,0,3200,3200
20084,0,3200,3200
20085,0,3200,3200
20086,0,3200,3200
20087,0,3200,3200
20088,0,3200,3200
20089,0,3200,3200
20090,0,3200,3200
20091,0,3200,3200
20092,0,3200,3200
20093,0,3200,3200
20094,0,3200,3200
20095,0,3200,3200
20096,0,3200,3200
20097,0,3200,3200
20098,0,3200,3200
20099,0,3200,3200
20100,0,3200,3200
20101,0,3200,3200
20102,0,3200,3200
20103,0,3200,3200
20104,0,3200,3200
20105,0,3200,3200
20106,0,3200,3200
20107,0,3200,3200
20108,0,3200,3200
20109,0,3200,3200
20110,0,3200,3200
20111,0,3200,3200
20112,0,3200,3200
20113,0,3200,3200
20114,0,3200,3200
20115,0,3200,3200
20116,0,3200,3200
20117,0,3200,3200
20118,0,3200,3200
20119,0,3200,3200
20120,0,3200,3200
20121,0,3200,3200
20122,0,3200,3200
20123,0,3200,3200
20124,0,3200,3200
20125,0,3200,3200
20126,0,3200,3200
20127,0,3200,3200
20128,0,3200,3200
20129,0,3200,3200
20130,0,3200,3200
20131,0,3200,3200
20132,0,3200,3200
20133,0,3200,3200
20134,0,3200,3200
20135,0,3200,3200
20136,0,3200,3200
20137,0,3200,3200
20138,0,3200,3200
20139,0,3200,3200
20140,0,3200,3200
20141,0,3200,3200
20142,0,3200,3200
20143,0,3200,3200
20144,0,3200,3200
20145,0,3200,3200
20146,0,3200,3200
20147,0,3200,3200
20148,0,3200,3200
20149,0,3200,3200
20150,0,3200,3200
20151,0,3200,3200
20152,0,3200,3200
20153,0,3200,3200
20154,0,3200,3200
20155,0,3200,3200
20156,0,3200,3200
20157,0,3200,3200
20158,0,3200,3200
20159,0,3200,3200
20160,0,3200,3200
20161,0,3200,3200
20162,0,3200,3200
20163,0,3200,3200
20164,0,3200,3200
20165,0,3200,3200
20166,0,3200,3200
20167,0,3200,3200
20168,0,3200,3200
20169,0,3200,3200
20170,0,3200,3200
20171,0,3200,3200
20172,0,3200,3200
20173,0,3200,3200
20174,0,3200,3200
20175,0,3200,3200
20176,0,3200,3200
20177,0,3200,3200
20178,0,3200,3200
20179,0,3200,3200
20180,0,3200,3200
20181,0,3200,3200
20182,0,3200,3200
20183,0,3200,3200
20184,0,3200,3200
20185,0,3200,3200
20186,0,3200,3200
20187,0,3200,3200
20188,0,3200,3200
20189,0,3200,3200
20190,0,3200,3200
20191,0,3200,3200
20192,0,3200,3200
20193,0,3200,3200
20194,0,3200,3200
20195,0,3200,3200
20196,0,3200,3200
20197,0,3200,3200
20198,0,3200,3200
20199,0,3200,3200
20200,0,3200,3200
20201,0,3200,3200
20202,0,3200,3200
20203,0,3200,3200
20204,0,3200,3200
20205,0,3200,3200
20206,0,3200,3200
20207,0,3200,3200
20208,0,3200,3200
20209,0,3200,3200
20210,0,3200,3200
20211,0,3200,3200
20212,0,3200,3200
20213,0,3200,3200
20214,0,3200,3200
20215,0,3200,3200
20216,0,3200,3200
20217,0,3200,3200
20218,0,3200,3200
20219,0,3200,3200
20220,0,3200,3200
20221,0,3200,3200
20222,0,3200,3200
20223,0,3200,3200
20224,0,3200,3200
20225,0,3200,3200
20226,0,3200,3200
20227,0,3200,3200
20228,0,3200,3200
20229,0,3200,3200
20230,0,3200,3200
20231,0,3200,3200
20232,0,3200,3200
20233,0,3200,3200
20234,0,3200,3200
20235,0,3200,3200
20236,0,3200,3200
20237,0,3200,3200
20238,0,3200,3200
20239,0,3200,3200
20240,0,3200,3200
20241,0,3200,3200
20242,0,3200,3200
20243,0,3200,3200
20244,0,3200,3200
20245,0,3200,3200
20246,0,3200,3200
20247,0,3200,3200
20248,0,3200,3200
20249,0,3200,3200
20250,0,3200,3200
20251,0,3200,3200
20252,0,3200,3200
20253,0,3200,3200
20254,0,3200,3200
20255,0,3200,3200
20256,0,3200,3200
20257,0,3200,3200
20258,0,3200,3200
20259,0,3200,3200
20260,0,3200,3200
20261,0,3200,3200
20262,0,3200,3200
20263,0,3200,3200
20264,0,3200,3200
20265,0,3200,3200
20266,0,3200,3200
20267,0,3200,3200
20268,0,3200,3200
20269,0,3200,3200
20270,0,3200,3200
20271,0,3200,3200
20272,0,3200,3200
20273,0,3200,3200
20274,0,3200,3200
20275,0,3200,3200
20276,0,3200,3200
20277,0,3200,3200
20278,0,3200,3200
20279,0,3200,3200
20280,0,3200,3200
20281,0,3200,3200
20282,0,3200,3200
20283,0,3200,3200
20284,0,3200,3200
20285,0,3200,3200
20286,0,3200,3200
20287,0,3200,3200
20288,0,3200,3200
20289,0,3200,3200
20290,0,3200,3200
20291,0,3200,3200
20292,0,3200,3200
20293,0,3200,3200
20294,0,3200,3200
20295,0,3200,3200
20296,0,3200,3200
20297,0,3200,3200
20298,0,3200,3200
20299,0,3200,3200
20300,0,3200,3200
20301,0,3200,3200
20302,0,3200,3200
20303,0,3200,3200
20304,0,3200,3200
20305,0,3200,3200
20306,0,3200,3200
20307,0,3200,3200
20308,0,3200,3200
20309,0,3200,3200
20310,0,3200,3200
20311,0,3200,3200
20312,0,3200,3200
20313,0,3200,3200
20314,0,3200,3200
20315,0,3200,3200
20316,0,3200,3200
20317,0,3200,3200
20318,0,3200,3200
20319,0,3200,3200
20320,0,3200,3200
20321,0,3200,3200
20322,0,3200,3200
20323,0,3200,3200
20324,0,3200,3200
20325,0,3200,3200
20326,0,3200,3200
20327,0,3200,3200
20328,0,3200,3200
20329,0,3200,3200
20330,0,3200,3200
20331,0,3200,3200
20332,0,3200,3200
20333,0,3200,3200
20334,0,3200,3200
20335,0,3200,3200
20336,0,3200,3200
20337,0,3200,3200
20338,0,3200,3200
20339,0,3200,3200
20340,0,3200,3200
20341,0,3200,3200
20342,0,3200,3200
20343,0,3200,3200
20344,0,3200,3200
20345,0,3200,3200
20346,0,3200,3200
20347,0,3200,3200
20348,0,3200,3200
20349,0,3200,3200
20350,0,3200,3200
20351,0,3200,3200
20352,0,3200,3200
20353,0,3200,3200
20354,0,3200,3200
20355,0,3200,3200
20356,0,3200,3200
20357,0,3200,3200
20358,0,3200,3200
20359,0,3200,3200
20360,0,3200,3200
20361,0,3200,3200
20362,0,3200,3200
20363,0,3200,3200
20364,0,3200,3200
20365,0,3200,3200
20366,0,3200,3200
20367,0,3200,3200
20368,0,3200,3200
20369,0,3200,3200
20370,0,3200,3200
20371,0,3200,3200
20372,0,3200,3200
20373,0,3200,3200
20374,0,3200,3200
20375,0,3200,3200
20376,0,3200,3200
20377,0,3200,3200
20378,0,3200,3200
20379,0,3200,3200
20380,0,3200,3200
20381,0,3200,3200
20382,0,3200,3200
20383,0,3200,3200
20384,0,3200,3200
20385,0,3200,3200
20386,0,3200,3200
20387,0,3200,3200
20388,0,3200,3200
20389,0,3200,3200
20390,0,3200,3200
20391,0,3200,3200
20392,0,3200,3200
20393,0,3200,3200
20394,0,3200,3200
20395,0,3200,3200
20396,0,3200,3200
20397,0,3200,3200
20398,0,3200,3200
20399,0,3200,3200
20400,0,3200,3200
20401,0,3200,3200
20402,0,3200,3200
20403,0,3200,3200
20404,0,3200,3200
20405,0,3200,3200
20406,0,3200,3200
20407,0,3200,3200
20408,0,3200,3200
20409,0,3200,3200
20410,0,3200,3200
20411,0,3200,3200
20412,0,3200,3200
20413,0,3200,3200
20414,0,3200,3200
20415,0,3200,3200
20416,0,3200,3200
20417,0,3200,3200
20418,0,3200,3200
20419,0,3200,3200
20420,0,3200,3200
20421,0,3200,3200
20422,0,3200,3200
20423,0,3200,3200
20424,0,3200,3200
20425,0,3200,3200
20426,0,3200,3200
20427,0,3200,3200
20428,0,3200,3200
20429,0,3200,3200
20430,0,3200,3200
20431,0,3200,3200
20432,0,3200,3200
20433,0,3200,3200
20434,0,3200,3200
20435,0,3200,3200
20436,0,3200,3200
20437,0,3200,3200
20438,0,3200,3200
20439,0,3200,3200
20440,0,3200,3200
20441,0,3200,3200
20442,0,3200,3200
20443,0,3200,3200
20444,0,3200,3200
20445,0,3200,3200
20446,0,3200,3200
20447,0,3200,3200
20448,0,3200,3200
20449,0,3200,3200
20450,0,3200,3200
20451,0,3200,3200
20452,0,3200,3200
20453,0,3200,3200
20454,0,3200,3200
20455,0,3200,3200
20456,0,3200,3200
20457,0,3200,3200
20458,0,3200,3200
20459,0,3200,3200
20460,0,3200,3200
20461,0,3200,3200
20462,0,3200,3200
20463,0,3200,3200
20464,0,3200,3200
20465,0,3200,3200
20466,0,3200,3200
20467,0,3200,3200
20468,0,3200,3200
20469,0,3200,3200
20470,0,3200,3200
20471,0,3200,3200
20472,0,3200,3200
20473,0,3200,3200
20474,0,3200,3200
20475,0,3200,3200
20476,0,3200,3200
20477,0,3200,3200
20478,0,3200,3200
20479,0,3200,3200
20480,0,3200,3200
20481,0,3200,3200
20482,0,3200,3200
20483,0,3200,3200
20484,0,3200,3200
20485,0,3200,3200
20486,0,3200,3200
20487,0,3200,3200
20488,0,3200,3200
20489,0,3200,3200
20490,0,3200,3200
20491,0,3200,3200
20492,0,3200,3200
20493,0,3200,3200
20494,0,3200,3200
20495,0,3200,3200
20496,0,3200,3200
20497,0,3200,3200
20498,0,3200,3200
20499,0,3200,3200
20500,0,3200,3200
20501,0,3200,3200
20502,0,3200,3200
20503,0,3200,3200
20504,0,3200,3200
20505,0,3200,3200
20506,0,3200,3200
20507,0,3200,3200
20508,0,3200,3200
20509,0,3200,3200
20510,0,3200,3200
20511,0,3200,3200
20512,0,3200,3200
20513,0,3200,3200
20514,0,3200,3200
20515,0,3200,3200
20516,0,3200,3200
20517,0,3200,3200
20518,0,3200,3200
20519,0,3200,3200
20520,0,3200,3200
20521,0,3200,3200
20522,0,3200,3200
20523,0,3200,3200
20524,0,3200,3200
20525,0,3200,3200
20526,0,3200,3200
20527,0,3200,3200
20528,0,3200,3200
20529,0,3200,3200
20530,0,3200,3200
20531,0,3200,3200
20532,0,3200,3200
20533,0,3200,3200
20534,0,3200,3200
20535,0,3200,3200
20536,0,3200,3200
20537,0,3200,3200
20538,0,3200,3200
20539,0,3200,3200
20540,0,3200,3200
20541,0,3200,3200
20542,0,3200,3200
20543,0,3200,3200
20544,0,3200,3200
20545,0,3200,3200
20546,0,3200,3200
20547,0,3200,3200
20548,0,3200,3200
20549,0,3200,3200
20550,0,3200,3200
20551,0,3200,3200
20552,0,3200,3200
20553,0,3200,3200
20554,0,3200,3200
20555,0,3200,3200
20556,0,3200,3200
20557,0,3200,3200
20558,0,3200,3200
20559,0,3200,3200
20560,0,3200,3200
20561,0,3200,3200
20562,0,3200,3200
20563,0,3200,3200
20564,0,3200,3200
20565,0,3200,3200
20566,0,3200,3200
20567,0,3200,3200
20568,0,3200,3200
20569,0,3200,3200
20570,0,3200,3200
20571,0,3200,3200
20572,0,3200,3200
20573,0,3200,3200
20574,0,3200,3200
20575,0,3200,3200
20576,0,3200,3200
20577,0,3200,3200
20578,0,3200,3200
20579,0,3200,3200
20580,0,3200,3200
20581,0,3200,3200
20582,0,3200,3200
20583,0,3200,3200
20584,0,3200,3200
20585,0,3200,3200
20586,0,3200,3200
20587,0,3200,3200
20588,0,3200,3200
20589,0,3200,3200
20590,0,3200,3200
20591,0,3200,3200
20592,0,3200,3200
20593,0,3200,3200
20594,0,3200,3200
20595,0,3200,3200
20596,0,3200,3200
20597,0,3200,3200
20598,0,3200,3200
20599,0,3200,3200
20600,0,3200,3200
20601,0,3200,3200
20602,0,3200,3200
20603,0,3200,3200
20604,0,3200,3200
20605,0,3200,3200
20606,0,3200,3200
20607,0,3200,3200
20608,0,3200,3200
20609,0,3200,3200
20610,0,3200,3200
20611,0,3200,3200
20612,0,3200,3200
20613,0,3200,3200
20614,0,3200,3200
20615,0,3200,3200
20616,0,3200,3200
20617,0,3200,3200
20618,0,3200,3200
20619,0,3200,3200
20620,0,3200,3200
20621,0,3200,3200
20622,0,3200,3200
20623,0,3200,3200
20624,0,3200,3200
20625,0,3200,3200
20626,0,3200,3200
20627,0,3200,3200
20628,0,3200,3200
20629,0,3200,3200
20630,0,3200,3200
20631,0,3200,3200
20632,0,3200,3200
20633,0,3200,3200
20634,0,3200,3200
20635,0,3200,3200
20636,0,3200,3200
20637,0,3200,3200
20638,0,3200,3200
20639,0,3200,3200
20640,0,3200,3200
20641,0,3200,3200
20642,0,3200,3200
20643,0,3200,3200
20644,0,3200,3200
20645,0,3200,3200
20646,0,3200,3200
20647,0,3200,3200
20648,0,3200,3200
20649,0,3200,3200
20650,0,3200,3200
20651,0,3200,3200
20652,0,3200,3200
20653,0,3200,3200
20654,0,3200,3200
20655,0,3200,3200
20656,0,3200,3200
20657,0,3200,3200
20658,0,3200,3200
20659,0,3200,3200
20660,0,3200,3200
20661,0,3200,3200
20662,0,3200,3200
20663,0,3200,3200
20664,0,3200,3200
20665,0,3200,3200
20666,0,3200,3200
20667,0,3200,3200
20668,0,3200,3200
20669,0,3200,3200
20670,0,3200,3200
20671,0,3200,3200
20672,0,3200,3200
20673,0,3200,3200
20674,0,3200,3200
20675,0,3200,3200
20676,0,3200,3200
20677,0,3200,3200
20678,0,3200,3200
20679,0,3200,3200
20680,0,3200,3200
20681,0,3200,3200
20682,0,3200,3200
20683,0,3200,3200
20684,0,3200,3200
20685,0,3200,3200
20686,0,3200,3200
20687,0,3200,3200
20688,0,3200,3200
20689,0,3200,3200
20690,0,3200,3200
20691,0,3200,3200
20692,0,3200,3200
20693,0,3200,3200
20694,0,3200,3200
20695,0,3200,3200
20696,0,3200,3200
20697,0,3200,3200
20698,0,3200,3200
20699,0,3200,3200
20700,0,3200,3200
20701,0,3200,3200
20702,0,3200,3200
20703,0,3200,3200
20704,0,3200,3200
20705,0,3200,3200
20706,0,3200,3200
20707,0,3200,3200
20708,0,3200,3200
20709,0,3200,3200
20710,0,3200,3200
20711,0,3200,3200
20712,0,3200,3200
20713,0,3200,3200
20714,0,3200,3200
20715,0,3200,3200
20716,0,3200,3200
20717,0,3200,3200
20718,0,3200,3200
20719,0,3200,3200
20720,0,3200,3200
20721,0,3200,3200
20722,0,3200,3200
20723,0,3200,3200
20724,0,3200,3200
20725,0,3200,3200
20726,0,3200,3200
20727,0,3200,3200
20728,0,3200,3200
20729,0,3200,3200
20730,0,3200,3200
20731,0,3200,3200
20732,0,3200,3200
20733,0,3200,3200
20734,0,3200,3200
20735,0,3200,3200
20736,0,3200,3200
20737,0,3200,3200
20738,0,3200,3200
20739,0,3200,3200
20740,0,3200,3200
20741,0,3200,3200
20742,0,3200,3200
20743,0,3200,3200
20744,0,3200,3200
20745,0,3200,3200
20746,0,3200,3200
20747,0,3200,3200
20748,0,3200,3200
20749,0,3200,3200
20750,0,3200,3200
20751,0,3200,3200
20752,0,3200,3200
20753,0,3200,3200
20754,0,3200,3200
20755,0,3200,3200
20756,0,3200,3200
20757,0,3200,3200
20758,0,3200,3200
20759,0,3200,3200
20760,0,3200,3200
20761,0,3200,3200
20762,0,3200,3200
20763,0,3200,3200
20764,0,3200,3200
20765,0,3200,3200
20766,0,3200,3200
20767,0,3200,3200
20768,0,3200,3200
20769,0,3200,3200
20770,0,3200,3200
20771,0,3200,3200
20772,0,3200,3200
20773,0,3200,3200
20774,0,3200,3200
20775,0,3200,3200
20776,0,3200,3200
20777,0,3200,3200
20778,0,3200,3200
20779,0,3200,3200
20780,0,3200,3200
20781,0,3200,3200
20782,0,3200,3200
20783,0,3200,3200
20784,0,3200,3200
20785,0,3200,3200
20786,0,3200,3200
20787,0,3200,3200
20788,0,3200,3200
20789,0,3200,3200
20790,0,3200,3200
20791,0,3200,3200
20792,0,3200,3200
20793,0,3200,3200
20794,0,3200,3200
20795,0,3200,3200
20796,0,3200,3200
20797,0,3200,3200
20798,0,3200,3200
20799,0,3200,3200
20800,0,3200,3200
20801,0,3200,3200
20802,0,3200,3200
20803,0,3200,3200
20804,0,3200,3200
20805,0,3200,3200
20806,0,3200,3200
20807,0,3200,3200
20808,0,3200,3200
20809,0,3200,3200
20810,0,3200,3200
20811,0,3200,3200
20812,0,3200,3200
20813,0,3200,3200
20814,0,3200,3200
20815,0,3200,3200
20816,0,3200,3200
20817,0,3200,3200
20818,0,3200,3200
20819,0,3200,3200
20820,0,3200,3200
20821,0,3200,3200
20822,0,3200,3200
20823,0,3200,3200
20824,0,3200,3200
20825,0,3200,3200
20826,0,3200,3200
20827,0,3200,3200
20828,0,3200,3200
20829,0,3200,3200
20830,0,3200,3200
20831,0,3200,3200
20832,0,3200,3200
20833,0,3200,3200
20834,0,3200,3200
20835,0,3200,3200
20836,0,3200,3200
20837,0,3200,3200
20838,0,3200,3200
20839,0,3200,3200
20840,0,3200,3200
20841,0,3200,3200
20842,0,3200,3200
20843,0,3200,3200
20844,0,3200,3200
20845,0,3200,3200
20846,0,3200,3200
20847,0,3200,3200
20848,0,3200,3200
20849,0,3200,3200
20850,0,3200,3200
20851,0,3200,3200
20852,0,3200,3200
20853,0,3200,3200
20854,0,3200,3200
20855,0,3200,3200
20856,0,3200,3200
20857,0,3200,3200
20858,0,3200,3200
20859,0,3200,3200
20860,0,3200,3200
20861,0,3200,3200
20862,0,3200,3200
20863,0,3200,3200
20864,0,3200,3200
20865,0,3200,3200
20866,0,3200,3200
20867,0,3200,3200
20868,0,3200,3200
20869,0,3200,3200
20870,0,3200,3200
20871,0,3200,3200
20872,0,3200,3200
20873,0,3200,3200
20874,0,3200,3200
20875,0,3200,3200
20876,0,3200,3200
20877,0,3200,3200
20878,0,3200,3200
20879,0,3200,3200
20880,0,3200,3200
20881,0,3200,3200
20882,0,3200,3200
20883,0,3200,3200
20884,0,3200,3200
20885,0,3200,3200
20886,0,3200,3200
20887,0,3200,3200
20888,0,3200,3200
20889,0,3200,3200
20890,0,3200,3200
20891,0,3200,3200
20892,0,3200,3200
20893,0,3200,3200
20894,0,3200,3200
20895,0,3200,3200
20896,0,3200,3200
20897,0,3200,3200
20898,0,3200,3200
20899,0,3200,3200
20900,0,3200,3200
20901,0,3200,3200
20902,0,3200,3200
20903,0,3200,3200
20904,0,3200,3200
20905,0,3200,3200
20906,0,3200,3200
20907,0,3200,3200
20908,0,3200,3200
20909,0,3200,3200
20910,0,3200,3200
20911,0,3200,3200
20912,0,3200,3200
20913,0,3200,3200
20914,0,3200,3200
20915,0,3200,3200
20916,0,3200,3200
20917,0,3200,3200
20918,0,3200,3200
20919,0,3200,3200
20920,0,3200,3200
20921,0,3200,3200
20922,0,3200,3200
20923,0,3200,3200
20924,0,3200,3200
20925,0,3200,3200
20926,0,3200,3200
20927,0,3200,3200
20928,0,3200,3200
20929,0,3200,3200
20930,0,3200,3200
20931,0,3200,3200
20932,0,3200,3200
20933,0,3200,3200
20934,0,3200,3200
20935,0,3200,3200
20936,0,3200,3200
20937,0,3200,3200
20938,0,3200,3200
20939,0,3200,3200
20940,0,3200,3200
20941,0,3200,3200
20942,0,3200,3200
20943,0,3200,3200
20944,0,3200,3200
20945,0,3200,3200
20946,0,3200,3200
20947,0,3200,3200
20948,0,3200,3200
20949,0,3200,3200
20950,0,3200,3200
20951,0,3200,3200
20952,0,3200,3200
20953,0,3200,3200
20954,0,3200,3200
20955,0,3200,3200
20956,0,3200,3200
20957,0,3200,3200
20958,0,3200,3200
20959,0,3200,3200
20960,0,3200,3200
20961,0,3200,3200
20962,0,3200,3200
20963,0,3200,3200
20964,0,3200,3200
20965,0,3200,3200
20966,0,3200,3200
20967,0,3200,3200
20968,0,3200,3200
20969,0,3200,3200
20970,0,3200,3200
20971,0,3200,3200
20972,0,3200,3200
20973,0,3200,3200
20974,0,3200,3200
20975,0,3200,3200
20976,0,3200,3200
20977,0,3200,3200
20978,0,3200,3200
20979,0,3200,3200
20980,0,3200,3200
20981,0,3200,3200
20982,0,3200,3200
20983,0,3200,3200
20984,0,3200,3200
20985,0,3200,3200
20986,0,3200,3200
20987,0,3200,3200
20988,0,3200,3200
20989,0,3200,3200
20990,0,3200,3200
20991,0,3200,3200
20992,0,3200,3200
20993,0,3200,3200
20994,0,3200,3200
20995,0,3200,3200
20996,0,3200,3200
20997,0,3200,3200
20998,0,3200,3200
20999,0,3200,3200
21000,0,3200,3200
21001,0,3200,3200
21002,0,3200,3200
21003,0,3200,3200
21004,0,3200,3200
21005,0,3200,3200
21006,0,3200,3200
21007,0,3200,3200
21008,0,3200,3200
21009,0,3200,3200
21010,0,3200,3200
21011,0,3200,3200
21012,0,3200,3200
21013,0,3200,3200
21014,0,3200,3200
21015,0,3200,3200
21016,0,3200,3200
21017,0,3200,3200
21018,0,3200,3200
21019,0,3200,3200
21020,0,3200,3200
21021,0,3200,3200
21022,0,3200,3200
21023,0,3200,3200
21024,0,3200,3200
21025,0,3200,3200
21026,0,3200,3200
21027,0,3200,3200
21028,0,3200,3200
21029,0,3200,3200
21030,0,3200,3200
21031,0,3200,3200
21032,0,3200,3200
21033,0,3200,3200
21034,0,3200,3200
21035,0,3200,3200
21036,0,3200,3200
21037,0,3200,3200
21038,0,3200,3200
21039,0,3200,3200
21040,0,3200,3200
21041,0,3200,3200
21042,0,3200,3200
21043,0,3200,3200
21044,0,3200,3200
21045,0,3200,3200
21046,0,3200,3200
21047,0,3200,3200
21048,0,3200,3200
21049,0,3200,3200
21050,0,3200,3200
21051,0,3200,3200
21052,0,3200,3200
21053,0,3200,3200
21054,0,3200,3200
21055,0,3200,3200
21056,0,3200,3200
21057,0,3200,3200
21058,0,3200,3200
21059,0,3200,3200
21060,0,3200,3200
21061,0,3200,3200
21062,0,3200,3200
21063,0,3200,3200
21064,0,3200,3200
21065,0,3200,3200
21066,0,3200,3200
21067,0,3200,3200
21068,0,3200,3200
21069,0,3200,3200
21070,0,3200,3200
21071,0,3200,3200
21072,0,3200,3200
21073,0,3200,3200
21074,0,3200,3200
21075,0,3200,3200
21076,0,3200,3200
21077,0,3200,3200
21078,0,3200,3200
21079,0,3200,3200
21080,0,3200,3200
21081,0,3200,3200
21082,0,3200,3200
21083,0,3200,3200
21084,0,3200,3200
21085,0,3200,3200
21086,0,3200,3200
21087,0,3200,3200
21088,0,3200,3200
21089,0,3200,3200
21090,0,3200,3200
21091,0,3200,3200
21092,0,3200,3200
21093,0,3200,3200
21094,0,3200,3200
21095,0,3200,3200
21096,0,3200,3200
21097,0,3200,3200
21098,0,3200,3200
21099,0,3200,3200
21100,0,3200,3200
21101,0,3200,3200
21102,0,3200,3200
21103,0,3200,3200
21104,0,3200,3200
21105,0,3200,3200
21106,0,3200,3200
21107,0,3200,3200
21108,0,3200,3200
21109,0,3200,3200
21110,0,3200,3200
21111,0,3200,3200
21112,0,3200,3200
21113,0,3200,3200
21114,0,3200,3200
21115,0,3200,3200
21116,0,3200,3200
21117,0,3200,3200
21118,0,3200,3200
21119,0,3200,3200
21120,0,3200,3200
21121,0,3200,3200
21122,0,3200,3200
21123,0,3200,3200
21124,0,3200,3200
21125,0,3200,3200
21126,0,3200,3200
21127,0,3200,3200
21128,0,3200,3200
21129,0,3200,3200
21130,0,3200,3200
21131,0,3200,3200
21132,0,3200,3200
21133,0,3200,3200
21134,0,3200,3200
21135,0,3200,3200
21136,0,3200,3200
21137,0,3200,3200
21138,0,3200,3200
21139,0,3200,3200
21140,0,3200,3200
21141,0,3200,3200
21142,0,3200,3200
21143,0,3200,3200
21144,0,3200,3200
21145,0,3200,3200
21146,0,3200,3200
21147,0,3200,3200
21148,0,3200,3200
21149,0,3200,3200
21150,0,3200,3200
21151,0,3200,3200
21152,0,3200,3200
21153,0,3200,3200
21154,0,3200,3200
21155,0,3200,3200
21156,0,3200,3200
21157,0,3200,3200
21158,0,3200,3200
21159,0,3200,3200
21160,0,3200,3200
21161,0,3200,3200
21162,0,3200,3200
21163,0,3200,3200
21164,0,3200,3200
21165,0,3200,3200
21166,0,3200,3200
21167,0,3200,3200
21168,0,3200,3200
21169,0,3200,3200
21170,0,3200,3200
21171,0,3200,3200
21172,0,3200,3200
21173,0,3200,3200
21174,0,3200,3200
21175,0,3200,3200
21176,0,3200,3200
21177,0,3200,3200
21178,0,3200,3200
21179,0,3200,3200
21180,0,3200,3200
21181,0,3200,3200
21182,0,3200,3200
21183,0,3200,3200
21184,0,3200,3200
21185,0,3200,3200
21186,0,3200,3200
21187,0,3200,3200
21188,0,3200,3200
21189,0,3200,3200
21190,0,3200,3200
21191,0,3200,3200
21192,0,3200,3200
21193,0,3200,3200
21194,0,3200,3200
21195,0,3200,3200
21196,0,3200,3200
21197,0,3200,3200
21198,0,3200,3200
21199,0,3200,3200
21200,0,3200,3200
21201,0,3200,3200
21202,0,3200,3200
21203,0,3200,3200
21204,0,3200,3200
21205,0,3200,3200
21206,0,3200,3200
21207,0,3200,3200
21208,0,3200,3200
21209,0,3200,3200
21210,0,3200,3200
21211,0,3200,3200
21212,0,3200,3200
21213,0,3200,3200
21214,0,3200,3200
21215,0,3200,3200
21216,0,3200,3200
21217,0,3200,3200
21218,0,3200,3200
21219,0,3200,3200
21220,0,3200,3200
21221,0,3200,3200
21222,0,3200,3200
21223,0,3200,3200
21224,0,3200,3200
21225,0,3200,3200
21226,0,3200,3200
21227,0,3200,3200
21228,0,3200,3200
21229,0,3200,3200
21230,0,3200,3200
21231,0,3200,3200
21232,0,3200,3200
21233,0,3200,3200
21234,0,3200,3200
21235,0,3200,3200
21236,0,3200,3200
21237,0,3200,3200
21238,0,3200,3200
21239,0,3200,3200
21240,0,3200,3200
21241,0,3200,3200
21242,0,3200,3200
21243,0,3200,3200
21244,0,3200,3200
21245,0,3200,3200
21246,0,3200,3200
21247,0,3200,3200
21248,0,3200,3200
21249,0,3200,3200
21250,0,3200,3200
21251,0,3200,3200
21252,0,3200,3200
21253,0,3200,3200
21254,0,3200,3200
21255,0,3200,3200
21256,0,3200,3200
21257,0,3200,3200
21258,0,3200,3200
21259,0,3200,3200
21260,0,3200,3200
21261,0,3200,3200
21262,0,3200,3200
21263,0,3200,3200
21264,0,3200,3200
21265,0,3200,3200
21266,0,3200,3200
21267,0,3200,3200
21268,0,3200,3200
21269,0,3200,3200
21270,0,3200,3200
21271,0,3200,3200
21272,0,3200,3200
21273,0,3200,3200
21274,0,3200,3200
21275,0,3200,3200
21276,0,3200,3200
21277,0,3200,3200
21278,0,3200,3200
21279,0,3200,3200
21280,0,3200,3200
21281,0,3200,3200
21282,0,3200,3200
21283,0,3200,3200
21284,0,3200,3200
21285,0,3200,3200
21286,0,3200,3200
21287,0,3200,3200
21288,0,3200,3200
21289,0,3200,3200
21290,0,3200,3200
21291,0,3200,3200
21292,0,3200,3200
21293,0,3200,3200
21294,0,3200,3200
21295,0,3200,3200
21296,0,3200,3200
21297,0,3200,3200
21298,0,3200,3200
21299,0,3200,3200
21300,0,3200,3200
21301,0,3200,3200
21302,0,3200,3200
21303,0,3200,3200
21304,0,3200,3200
21305,0,3200,3200
21306,0,3200,3200
21307,0,3200,3200
21308,0,3200,3200
21309,0,3200,3200
21310,0,3200,3200
21311,0,3200,3200
21312,0,3200,3200
21313,0,3200,3200
21314,0,3200,3200
21315,0,3200,3200
21316,0,3200,3200
21317,0,3200,3200
21318,0,3200,3200
21319,0,3200,3200
21320,0,3200,3200
21321,0,3200,3200
21322,0,3200,3200
21323,0,3200,3200
21324,0,3200,3200
21325,0,3200,3200
21326,0,3200,3200
21327,0,3200,3200
21328,0,3200,3200
21329,0,3200,3200
21330,0,3200,3200
21331,0,3200,3200
21332,0,3200,3200
21333,0,3200,3200
21334,0,3200,3200
21335,0,3200,3200
21336,0,3200,3200
21337,0,3200,3200
21338,0,3200,3200
21339,0,3200,3200
21340,0,3200,3200
21341,0,3200,3200
21342,0,3200,3200
21343,0,3200,3200
21344,0,3200,3200
21345,0,3200,3200
21346,0,3200,3200
21347,0,3200,3200
21348,0,3200,3200
21349,0,3200,3200
21350,0,3200,3200
21351,0,3200,3200
21352,0,3200,3200
21353,0,3200,3200
21354,0,3200,3200
21355,0,3200,3200
21356,0,3200,3200
21357,0,3200,3200
21358,0,3200,3200
21359,0,3200,3200
21360,0,3200,3200
21361,0,3200,3200
21362,0,3200,3200
21363,0,3200,3200
21364,0,3200,3200
21365,0,3200,3200
21366,0,3200,3200
21367,0,3200,3200
21368,0,3200,3200
21369,0,3200,3200
21370,0,3200,3200
21371,0,3200,3200
21372,0,3200,3200
21373,0,3200,3200
21374,0,3200,3200
21375,0,3200,3200
21376,0,3200,3200
21377,0,3200,3200
21378,0,3200,3200
21379,0,3200,3200
21380,0,3200,3200
21381,0,3200,3200
21382,0,3200,3200
21383,0,3200,3200
21384,0,3200,3200
21385,0,3200,3200
21386,0,3200,3200
21387,0,3200,3200
21388,0,3200,3200
21389,0,3200,3200
21390,0,3200,3200
21391,0,3200,3200
21392,0,3200,3200
21393,0,3200,3200
21394,0,3200,3200
21395,0,3200,3200
21396,0,3200,3200
21397,0,3200,3200
21398,0,3200,3200
21399,0,3200,3200
21400,0,3200,3200
21401,0,3200,3200
21402,0,3200,3200
21403,0,3200,3200
21404,0,3200,3200
21405,0,3200,3200
21406,0,3200,3200
21407,0,3200,3200
21408,0,3200,3200
21409,0,3200,3200
21410,0,3200,3200
21411,0,3200,3200
21412,0,3200,3200
21413,0,3200,3200
21414,0,3200,3200
21415,0,3200,3200
21416,0,3200,3200
21417,0,3200,3200
21418,0,3200,3200
21419,0,3200,3200
21420,0,3200,3200
21421,0,3200,3200
21422,0,3200,3200
21423,0,3200,3200
21424,0,3200,3200
21425,0,3200,3200
21426,0,3200,3200
21427,0,3200,3200
21428,0,3200,3200
21429,0,3200,3200
21430,0,3200,3200
21431,0,3200,3200
21432,0,3200,3200
21433,0,3200,3200
21434,0,3200,3200
21435,0,3200,3200
21436,0,3200,3200
21437,0,3200,3200
21438,0,3200,3200
21439,0,3200,3200
21440,0,3200,3200
21441,0,3200,3200
21442,0,3200,3200
21443,0,3200,3200
21444,0,3200,3200
21445,0,3200,3200
21446,0,3200,3200
21447,0,3200,3200
21448,0,3200,3200
21449,0,3200,3200
21450,0,3200,3200
21451,0,3200,3200
21452,0,3200,3200
21453,0,3200,3200
21454,0,3200,3200
21455,0,3200,3200
21456,0,3200,3200
21457,0,3200,3200
21458,0,3200,3200
21459,0,3200,3200
21460,0,3200,3200
21461,0,3200,3200
21462,0,3200,3200
21463,0,3200,3200
21464,0,3200,3200
21465,0,3200,3200
21466,0,3200,3200
21467,0,3200,3200
21468,0,3200,3200
21469,0,3200,3200
21470,0,3200,3200
21471,0,3200,3200
21472,0,3200,3200
21473,0,3200,3200
21474,0,3200,3200
21475,0,3200,3200
21476,0,3200,3200
21477,0,3200,3200
21478,0,3200,3200
21479,0,3200,3200
21480,0,3200,3200
21481,0,3200,3200
21482,0,3200,3200
21483,0,3200,3200
21484,0,3200,3200
21485,0,3200,3200
21486,0,3200,3200
21487,0,3200,3200
21488,0,3200,3200
21489,0,3200,3200
21490,0,3200,3200
21491,0,3200,3200
21492,0,3200,3200
21493,0,3200,3200
21494,0,3200,3200
21495,0,3200,3200
21496,0,3200,3200
21497,0,3200,3200
21498,0,3200,3200
21499,0,3200,3200
21500,0,3200,3200
21501,0,3200,3200
21502,0,3200,3200
21503,0,3200,3200
21504,0,3200,3200
21505,0,3200,3200
21506,0,3200,3200
21507,0,3200,3200
21508,0,3200,3200
21509,0,3200,3200
21510,0,3200,3200
21511,0,3200,3200
21512,0,3200,3200
21513,0,3200,3200
21514,0,3200,3200
21515,0,3200,3200
21516,0,3200,3200
21517,0,3200,3200
21518,0,3200,3200
21519,0,3200,3200
21520,0,3200,3200
21521,0,3200,3200
21522,0,3200,3200
21523,0,3200,3200
21524,0,3200,3200
21525,0,3200,3200
21526,0,3200,3200
21527,0,3200,3200
21528,0,3200,3200
21529,0,3200,3200
21530,0,3200,3200
21531,0,3200,3200
21532,0,3200,3200
21533,0,3200,3200
21534,0,3200,3200
21535,0,3200,3200
21536,0,3200,3200
21537,0,3200,3200
21538,0,3200,3200
21539,0,3200,3200
21540,0,3200,3200
21541,0,3200,3200
21542,0,3200,3200
21543,0,3200,3200
21544,0,3200,3200
21545,0,3200,3200
21546,0,3200,3200
21547,0,3200,3200
21548,0,3200,3200
21549,0,3200,3200
21550,0,3200,3200
21551,0,3200,3200
21552,0,3200,3200
21553,0,3200,3200
21554,0,3200,3200
21555,0,3200,3200
21556,0,3200,3200
21557,0,3200,3200
21558,0,3200,3200
21559,0,3200,3200
21560,0,3200,3200
21561,0,3200,3200
21562,0,3200,3200
21563,0,3200,3200
21564,0,3200,3200
21565,0,3200,3200
21566,0,3200,3200
21567,0,3200,3200
21568,0,3200,3200
21569,0,3200,3200
21570,0,3200,3200
21571,0,3200,3200
21572,0,3200,3200
21573,0,3200,3200
21574,0,3200,3200
21575,0,3200,3200
21576,0,3200,3200
21577,0,3200,3200
21578,0,3200,3200
21579,0,3200,3200
21580,0,3200,3200
21581,0,3200,3200
21582,0,3200,3200
21583,0,3200,3200
21584,0,3200,3200
21585,0,3200,3200
21586,0,3200,3200
21587,0,3200,3200
21588,0,3200,3200
21589,0,3200,3200
21590,0,3200,3200
21591,0,3200,3200
21592,0,3200,3200
21593,0,3200,3200
21594,0,3200,3200
21595,0,3200,3200
21596,0,3200,3200
21597,0,3200,3200
21598,0,3200,3200
21599,0,3200,3200
21600,0,3200,3200
21601,0,3200,3200
21602,0,3200,3200
21603,0,3200,3200
21604,0,3200,3200
21605,0,3200,3200
21606,0,3200,3200
21607,0,3200,3200
21608,0,3200,3200
21609,0,3200,3200
21610,0,3200,3200
21611,0,3200,3200
21612,0,3200,3200
21613,0,3200,3200
21614,0,3200,3200
21615,0,3200,3200
21616,0,3200,3200
21617,0,3200,3200
21618,0,3200,3200
21619,0,3200,3200
21620,0,3200,3200
21621,0,3200,3200
21622,0,3200,3200
21623,0,3200,3200
21624,0,3200,3200
21625,0,3200,3200
21626,0,3200,3200
21627,0,3200,3200
21628,0,3200,3200
21629,0,3200,3200
21630,0,3200,3200
21631,0,3200,3200
21632,0,3200,3200
21633,0,3200,3200
21634,0,3200,3200
21635,0,3200,3200
21636,0,3200,3200
21637,0,3200,3200
21638,0,3200,3200
21639,0,3200,3200
21640,0,3200,3200
21641,0,3200,3200
21642,0,3200,3200
21643,0,3200,3200
21644,0,3200,3200
21645,0,3200,3200
21646,0,3200,3200
21647,0,3200,3200
21648,0,3200,3200
21649,0,3200,3200
21650,0,3200,3200
21651,0,3200,3200
21652,0,3200,3200
21653,0,3200,3200
21654,0,3200,3200
21655,0,3200,3200
21656,0,3200,3200
21657,0,3200,3200
21658,0,3200,3200
21659,0,3200,3200
21660,0,3200,3200
21661,0,3200,3200
21662,0,3200,3200
21663,0,3200,3200
21664,0,3200,3200
21665,0,3200,3200
21666,0,3200,3200
21667,0,3200,3200
21668,0,3200,3200
21669,0,3200,3200
21670,0,3200,3200
21671,0,3200,3200
21672,0,3200,3200
21673,0,3200,3200
21674,0,3200,3200
21675,0,3200,3200
21676,0,3200,3200
21677,0,3200,3200
21678,0,3200,3200
21679,0,3200,3200
21680,0,3200,3200
21681,0,3200,3200
21682,0,3200,3200
21683,0,3200,3200
21684,0,3200,3200
21685,0,3200,3200
21686,0,3200,3200
21687,0,3200,3200
21688,0,3200,3200
21689,0,3200,3200
21690,0,3200,3200
21691,0,3200,3200
21692,0,3200,3200
21693,0,3200,3200
21694,0,3200,3200
21695,0,3200,3200
21696,0,3200,3200
21697,0,3200,3200
21698,0,3200,3200
21699,0,3200,3200
21700,0,3200,3200
21701,0,3200,3200
21702,0,3200,3200
21703,0,3200,3200
21704,0,3200,3200
21705,0,3200,3200
21706,0,3200,3200
21707,0,3200,3200
21708,0,3200,3200
21709,0,3200,3200
21710,0,3200,3200
21711,0,3200,3200
21712,0,3200,3200
21713,0,3200,3200
21714,0,3200,3200
21715,0,3200,3200
21716,0,3200,3200
21717,0,3200,3200
21718,0,3200,3200
21719,0,3200,3200
21720,0,3200,3200
21721,0,3200,3200
21722,0,3200,3200
21723,0,3200,3200
21724,0,3200,3200
21725,0,3200,3200
21726,0,3200,3200
21727,0,3200,3200
21728,0,3200,3200
21729,0,3200,3200
21730,0,3200,3200
21731,0,3200,3200
21732,0,3200,3200
21733,0,3200,3200
21734,0,3200,3200
21735,0,3200,3200
21736,0,3200,3200
21737,0,3200,3200
21738,0,3200,3200
21739,0,3200,3200
21740,0,3200,3200
21741,0,3200,3200
21742,0,3200,3200
21743,0,3200,3200
21744,0,3200,3200
21745,0,3200,3200
21746,0,3200,3200
21747,0,3200,3200
21748,0,3200,3200
21749,0,3200,3200
21750,0,3200,3200
21751,0,3200,3200
21752,0,3200,3200
21753,0,3200,3200
21754,0,3200,3200
21755,0,3200,3200
21756,0,3200,3200
21757,0,3200,3200
21758,0,3200,3200
21759,0,3200,3200
21760,0,3200,3200
21761,0,3200,3200
21762,0,3200,3200
21763,0,3200,3200
21764,0,3200,3200
21765,0,3200,3200
21766,0,3200,3200
21767,0,3200,3200
21768,0,3200,3200
21769,0,3200,3200
21770,0,3200,3200
21771,0,3200,3200
21772,0,3200,3200
21773,0,3200,3200
21774,0,3200,3200
21775,0,3200,3200
21776,0,3200,3200
21777,0,3200,3200
21778,0,3200,3200
21779,0,3200,3200
21780,0,3200,3200
21781,0,3200,3200
21782,0,3200,3200
21783,0,3200,3200
21784,0,3200,3200
21785,0,3200,3200
21786,0,3200,3200
21787,0,3200,3200
21788,0,3200,3200
21789,0,3200,3200
21790,0,3200,3200
21791,0,3200,3200
21792,0,3200,3200
21793,0,3200,3200
21794,0,3200,3200
21795,0,3200,3200
21796,0,3200,3200
21797,0,3200,3200
21798,0,3200,3200
21799,0,3200,3200
21800,0,3200,3200
21801,0,3200,3200
21802,0,3200,3200
21803,0,3200,3200
21804,0,3200,3200
21805,0,3200,3200
21806,0,3200,3200
21807,0,3200,3200
21808,0,3200,3200
21809,0,3200,3200
21810,0,3200,3200
21811,0,3200,3200
21812,0,3200,3200
21813,0,3200,3200
21814,0,3200,3200
21815,0,3200,3200
21816,0,3200,3200
21817,0,3200,3200
21818,0,3200,3200
21819,0,3200,3200
21820,0,3200,3200
21821,0,3200,3200
21822,0,3200,3200
21823,0,3200,3200
21824,0,3200,3200
21825,0,3200,3200
21826,0,3200,3200
21827,0,3200,3200
21828,0,3200,3200
21829,0,3200,3200
21830,0,3200,3200
21831,0,3200,3200
21832,0,3200,3200
21833,0,3200,3200
21834,0,3200,3200
21835,0,3200,3200
21836,0,3200,3200
21837,0,3200,3200
21838,0,3200,3200
21839,0,3200,3200
21840,0,3200,3200
21841,0,3200,3200
21842,0,3200,3200
21843,0,3200,3200
21844,0,3200,3200
21845,0,3200,3200
21846,0,3200,3200
21847,0,3200,3200
21848,0,3200,3200
21849,0,3200,3200
21850,0,3200,3200
21851,0,3200,3200
21852,0,3200,3200
21853,0,3200,3200
21854,0,3200,3200
21855,0,3200,3200
21856,0,3200,3200
21857,0,3200,3200
21858,0,3200,3200
21859,0,3200,3200
21860,0,3200,3200
21861,0,3200,3200
21862,0,3200,3200
21863,0,3200,3200
21864,0,3200,3200
21865,0,3200,3200
21866,0,3200,3200
21867,0,3200,3200
21868,0,3200,3200
21869,0,3200,3200
21870,0,3200,3200
21871,0,3200,3200
21872,0,3200,3200
21873,0,3200,3200
21874,0,3200,3200
21875,0,3200,3200
21876,0,3200,3200
21877,0,3200,3200
21878,0,3200,3200
21879,0,3200,3200
21880,0,3200,3200
21881,0,3200,3200
21882,0,3200,3200
21883,0,3200,3200
21884,0,3200,3200
21885,0,3200,3200
21886,0,3200,3200
21887,0,3200,3200
21888,0,3200,3200
21889,0,3200,3200
21890,0,3200,3200
21891,0,3200,3200
21892,0,3200,3200
21893,0,3200,3200
21894,0,3200,3200
21895,0,3200,3200
21896,0,3200,3200
21897,0,3200,3200
21898,0,3200,3200
21899,0,3200,3200
21900,0,3200,3200
21901,0,3200,3200
21902,0,3200,3200
21903,0,3200,3200
21904,0,3200,3200
21905,0,3200,3200
21906,0,3200,3200
21907,0,3200,3200
21908,0,3200,3200
21909,0,3200,3200
21910,0,3200,3200
21911,0,3200,3200
21912,0,3200,3200
21913,0,3200,3200
21914,0,3200,3200
21915,0,3200,3200
21916,0,3200,3200
21917,0,3200,3200
21918,0,3200,3200
21919,0,3200,3200
21920,0,3200,3200
21921,0,3200,3200
21922,0,3200,3200
21923,0,3200,3200
21924,0,3200,3200
21925,0,3200,3200
21926,0,3200,3200
21927,0,3200,3200
21928,0,3200,3200
21929,0,3200,3200
21930,0,3200,3200
21931,0,3200,3200
21932,0,3200,3200
21933,0,3200,3200
21934,0,3200,3200
21935,0,3200,3200
21936,0,3200,3200
21937,0,3200,3200
21938,0,3200,3200
21939,0,3200,3200
21940,0,3200,3200
21941,0,3200,3200
21942,0,3200,3200
21943,0,3200,3200
21944,0,3200,3200
21945,0,3200,3200
21946,0,3200,3200
21947,0,3200,3200
21948,0,3200,3200
21949,0,3200,3200
21950,0,3200,3200
21951,0,3200,3200
21952,0,3200,3200
21953,0,3200,3200
21954,0,3200,3200
21955,0,3200,3200
21956,0,3200,3200
21957,0,3200,3200
21958,0,3200,3200
21959,0,3200,3200
21960,0,3200,3200
21961,0,3200,3200
21962,0,3200,3200
21963,0,3200,3200
21964,0,3200,3200
21965,0,3200,3200
21966,0,3200,3200
21967,0,3200,3200
21968,0,3200,3200
21969,0,3200,3200
21970,0,3200,3200
21971,0,3200,3200
21972,0,3200,3200
21973,0,3200,3200
21974,0,3200,3200
21975,0,3200,3200
21976,0,3200,3200
21977,0,3200,3200
21978,0,3200,3200
21979,0,3200,3200
21980,0,3200,3200
21981,0,3200,3200
21982,0,3200,3200
21983,0,3200,3200
21984,0,3200,3200
21985,0,3200,3200
21986,0,3200,3200
21987,0,3200,3200
21988,0,3200,3200
21989,0,3200,3200
21990,0,3200,3200
21991,0,3200,3200
21992,0,3200,3200
21993,0,3200,3200
21994,0,3200,3200
21995,0,3200,3200
21996,0,3200,3200
21997,0,3200,3200
21998,0,3200,3200
21999,0,3200,3200
22000,0,3200,3200
22001,0,3200,3200
22002,0,3200,3200
22003,0,3200,3200
22004,0,3200,3200
22005,0,3200,3200
22006,0,3200,3200
22007,0,3200,3200
22008,0,3200,3200
22009,0,3200,3200
22010,0,3200,3200
22011,0,3200,3200
22012,0,3200,3200
22013,0,3200,3200
22014,0,3200,3200
22015,0,3200,3200
22016,0,3200,3200
22017,0,3200,3200
22018,0,3200,3200
22019,0,3200,3200
22020,0,3200,3200
22021,0,3200,3200
22022,0,3200,3200
22023,0,3200,3200
22024,0,3200,3200
22025,0,3200,3200
22026,0,3200,3200
22027,0,3200,3200
22028,0,3200,3200
22029,0,3200,3200
22030,0,3200,3200
22031,0,3200,3200
22032,0,3200,3200
22033,0,3200,3200
22034,0,3200,3200
22035,0,3200,3200
22036,0,3200,3200
22037,0,3200,3200
22038,0,3200,3200
22039,0,3200,3200
22040,0,3200,3200
22041,0,3200,3200
22042,0,3200,3200
22043,0,3200,3200
22044,0,3200,3200
22045,0,3200,3200
22046,0,3200,3200
22047,0,3200,3200
22048,0,3200,3200
22049,0,3200,3200
22050,0,3200,3200
22051,0,3200,3200
22052,0,3200,3200
22053,0,3200,3200
22054,0,3200,3200
22055,0,3200,3200
22056,0,3200,3200
22057,0,3200,3200
22058,0,3200,3200
22059,0,3200,3200
22060,0,3200,3200
22061,0,3200,3200
22062,0,3200,3200
22063,0,3200,3200
22064,0,3200,3200
22065,0,3200,3200
22066,0,3200,3200
22067,0,3200,3200
22068,0,3200,3200
22069,0,3200,3200
22070,0,3200,3200
22071,0,3200,3200
22072,0,3200,3200
22073,0,3200,3200
22074,0,3200,3200
22075,0,3200,3200
22076,0,3200,3200
22077,0,3200,3200
22078,0,3200,3200
22079,0,3200,3200
22080,0,3200,3200
22081,0,3200,3200
22082,0,3200,3200
22083,0,3200,3200
22084,0,3200,3200
22085,0,3200,3200
22086,0,3200,3200
22087,0,3200,3200
22088,0,3200,3200
22089,0,3200,3200
22090,0,3200,3200
22091,0,3200,3200
22092,0,3200,3200
22093,0,3200,3200
22094,0,3200,3200
22095,0,3200,3200
22096,0,3200,3200
22097,0,3200,3200
22098,0,3200,3200
22099,0,3200,3200
22100,0,3200,3200
22101,0,3200,3200
22102,0,3200,3200
22103,0,3200,3200
22104,0,3200,3200
22105,0,3200,3200
22106,0,3200,3200
22107,0,3200,3200
22108,0,3200,3200
22109,0,3200,3200
22110,0,3200,3200
22111,0,3200,3200
22112,0,3200,3200
22113,0,3200,3200
22114,0,3200,3200
22115,0,3200,3200
22116,0,3200,3200
22117,0,3200,3200
22118,0,3200,3200
22119,0,3200,3200
22120,0,3200,3200
22121,0,3200,3200
22122,0,3200,3200
22123,0,3200,3200
22124,0,3200,3200
22125,0,3200,3200
22126,0,3200,3200
22127,0,3200,3200
22128,0,3200,3200
22129,0,3200,3200
22130,0,3200,3200
22131,0,3200,3200
22132,0,3200,3200
22133,0,3200,3200
22134,0,3200,3200
22135,0,3200,3200
22136,0,3200,3200
22137,0,3200,3200
22138,0,3200,3200
22139,0,3200,3200
22140,0,3200,3200
22141,0,3200,3200
22142,0,3200,3200
22143,0,3200,3200
22144,0,3200,3200
22145,0,3200,3200
22146,0,3200,3200
22147,0,3200,3200
22148,0,3200,3200
22149,0,3200,3200
22150,0,3200,3200
22151,0,3200,3200
22152,0,3200,3200
22153,0,3200,3200
22154,0,3200,3200
22155,0,3200,3200
22156,0,3200,3200
22157,0,3200,3200
22158,0,3200,3200
22159,0,3200,3200
22160,0,3200,3200
22161,0,3200,3200
22162,0,3200,3200
22163,0,3200,3200
22164,0,3200,3200
22165,0,3200,3200
22166,0,3200,3200
22167,0,3200,3200
22168,0,3200,3200
22169,0,3200,3200
22170,0,3200,3200
22171,0,3200,3200
22172,0,3200,3200
22173,0,3200,3200
22174,0,3200,3200
22175,0,3200,3200
22176,0,3200,3200
22177,0,3200,3200
22178,0,3200,3200
22179,0,3200,3200
22180,0,3200,3200
22181,0,3200,3200
22182,0,3200,3200
22183,0,3200,3200
22184,0,3200,3200
22185,0,3200,3200
22186,0,3200,3200
22187,0,3200,3200
22188,0,3200,3200
22189,0,3200,3200
22190,0,3200,3200
22191,0,3200,3200
22192,0,3200,3200
22193,0,3200,3200
22194,0,3200,3200
22195,0,3200,3200
22196,0,3200,3200
22197,0,3200,3200
22198,0,3200,3200
22199,0,3200,3200
22200,0,3200,3200
22201,0,3200,3200
22202,0,3200,3200
22203,0,3200,3200
22204,0,3200,3200
22205,0,3200,3200
22206,0,3200,3200
22207,0,3200,3200
22208,0,3200,3200
22209,0,3200,3200
22210,0,3200,3200
22211,0,3200,3200
22212,0,3200,3200
22213,0,3200,3200
22214,0,3200,3200
22215,0,3200,3200
22216,0,3200,3200
22217,0,3200,3200
22218,0,3200,3200
22219,0,3200,3200
22220,0,3200,3200
22221,0,3200,3200
22222,0,3200,3200
22223,0,3200,3200
22224,0,3200,3200
22225,0,3200,3200
22226,0,3200,3200
22227,0,3200,3200
22228,0,3200,3200
22229,0,3200,3200
22230,0,3200,3200
22231,0,3200,3200
22232,0,3200,3200
22233,0,3200,3200
22234,0,3200,3200
22235,0,3200,3200
22236,0,3200,3200
22237,0,3200,3200
22238,0,3200,3200
22239,0,3200,3200
22240,0,3200,3200
22241,0,3200,3200
22242,0,3200,3200
22243,0,3200,3200
22244,0,3200,3200
22245,0,3200,3200
22246,0,3200,3200
22247,0,3200,3200
22248,0,3200,3200
22249,0,3200,3200
22250,0,3200,3200
22251,0,3200,3200
22252,0,3200,3200
22253,0,3200,3200
22254,0,3200,3200
22255,0,3200,3200
22256,0,3200,3200
22257,0,3200,3200
22258,0,3200,3200
22259,0,3200,3200
22260,0,3200,3200
22261,0,3200,3200
22262,0,3200,3200
22263,0,3200,3200
22264,0,3200,3200
22265,0,3200,3200
22266,0,3200,3200
22267,0,3200,3200
22268,0,3200,3200
22269,0,3200,3200
22270,0,3200,3200
22271,0,3200,3200
22272,0,3200,3200
22273,0,3200,3200
22274,0,3200,3200
22275,0,3200,3200
22276,0,3200,3200
22277,0,3200,3200
22278,0,3200,3200
22279,0,3200,3200
22280,0,3200,3200
22281,0,3200,3200
22282,0,3200,3200
22283,0,3200,3200
22284,0,3200,3200
22285,0,3200,3200
22286,0,3200,3200
22287,0,3200,3200
22288,0,3200,3200
22289,0,3200,3200
22290,0,3200,3200
22291,0,3200,3200
22292,0,3200,3200
22293,0,3200,3200
22294,0,3200,3200
22295,0,3200,3200
22296,0,3200,3200
22297,0,3200,3200
22298,0,3200,3200
22299,0,3200,3200
22300,0,3200,3200
22301,0,3200,3200
22302,0,3200,3200
22303,0,3200,3200
22304,0,3200,3200
22305,0,3200,3200
22306,0,3200,3200
22307,0,3200,3200
22308,0,3200,3200
22309,0,3200,3200
22310,0,3200,3200
22311,0,3200,3200
22312,0,3200,3200
22313,0,3200,3200
22314,0,3200,3200
22315,0,3200,3200
22316,0,3200,3200
22317,0,3200,3200
22318,0,3200,3200
22319,0,3200,3200
22320,0,3200,3200
22321,0,3200,3200
22322,0,3200,3200
22323,0,3200,3200
22324,0,3200,3200
22325,0,3200,3200
22326,0,3200,3200
22327,0,3200,3200
22328,0,3200,3200
22329,0,3200,3200
22330,0,3200,3200
22331,0,3200,3200
22332,0,3200,3200
22333,0,3200,3200
22334,0,3200,3200
22335,0,3200,3200
22336,0,3200,3200
22337,0,3200,3200
22338,0,3200,3200
22339,0,3200,3200
22340,0,3200,3200
22341,0,3200,3200
22342,0,3200,3200
22343,0,3200,3200
22344,0,3200,3200
22345,0,3200,3200
22346,0,3200,3200
22347,0,3200,3200
22348,0,3200,3200
22349,0,3200,3200
22350,0,3200,3200
22351,0,3200,3200
22352,0,3200,3200
22353,0,3200,3200
22354,0,3200,3200
22355,0,3200,3200
22356,0,3200,3200
22357,0,3200,3200
22358,0,3200,3200
22359,0,3200,3200
22360,0,3200,3200
22361,0,3200,3200
22362,0,3200,3200
22363,0,3200,3200
22364,0,3200,3200
22365,0,3200,3200
22366,0,3200,3200
22367,0,3200,3200
22368,0,3200,3200
22369,0,3200,3200
22370,0,3200,3200
22371,0,3200,3200
22372,0,3200,3200
22373,0,3200,3200
22374,0,3200,3200
22375,0,3200,3200
22376,0,3200,3200
22377,0,3200,3200
22378,0,3200,3200
22379,0,3200,3200
22380,0,3200,3200
22381,0,3200,3200
22382,0,3200,3200
22383,0,3200,3200
22384,0,3200,3200
22385,0,3200,3200
22386,0,3200,3200
22387,0,3200,3200
22388,0,3200,3200
22389,0,3200,3200
22390,0,3200,3200
22391,0,3200,3200
22392,0,3200,3200
22393,0,3200,3200
22394,0,3200,3200
22395,0,3200,3200
22396,0,3200,3200
22397,0,3200,3200
22398,0,3200,3200
22399,0,3200,3200
22400,0,3200,3200
22401,0,3200,3200
22402,0,3200,3200
22403,0,3200,3200
22404,0,3200,3200
22405,0,3200,3200
22406,0,3200,3200
22407,0,3200,3200
22408,0,3200,3200
22409,0,3200,3200
22410,0,3200,3200
22411,0,3200,3200
22412,0,3200,3200
22413,0,3200,3200
22414,0,3200,3200
22415,0,3200,3200
22416,0,3200,3200
22417,0,3200,3200
22418,0,3200,3200
22419,0,3200,3200
22420,0,3200,3200
22421,0,3200,3200
22422,0,3200,3200
22423,0,3200,3200
22424,0,3200,3200
22425,0,3200,3200
22426,0,3200,3200
22427,0,3200,3200
22428,0,3200,3200
22429,0,3200,3200
22430,0,3200,3200
22431,0,3200,3200
22432,0,3200,3200
22433,0,3200,3200
22434,0,3200,3200
22435,0,3200,3200
22436,0,3200,3200
22437,0,3200,3200
22438,0,3200,3200
22439,0,3200,3200
22440,0,3200,3200
22441,0,3200,3200
22442,0,3200,3200
22443,0,3200,3200
22444,0,3200,3200
22445,0,3200,3200
22446,0,3200,3200
22447,0,3200,3200
22448,0,3200,3200
22449,0,3200,3200
22450,0,3200,3200
22451,0,3200,3200
22452,0,3200,3200
22453,0,3200,3200
22454,0,3200,3200
22455,0,3200,3200
22456,0,3200,3200
22457,0,3200,3200
22458,0,3200,3200
22459,0,3200,3200
22460,0,3200,3200
22461,0,3200,3200
22462,0,3200,3200
22463,0,3200,3200
22464,0,3200,3200
22465,0,3200,3200
22466,0,3200,3200
22467,0,3200,3200
22468,0,3200,3200
22469,0,3200,3200
22470,0,3200,3200
22471,0,3200,3200
22472,0,3200,3200
22473,0,3200,3200
22474,0,3200,3200
22475,0,3200,3200
22476,0,3200,3200
22477,0,3200,3200
22478,0,3200,3200
22479,0,3200,3200
22480,0,3200,3200
22481,0,3200,3200
22482,0,3200,3200
22483,0,3200,3200
22484,0,3200,3200
22485,0,3200,3200
22486,0,3200,3200
22487,0,3200,3200
22488,0,3200,3200
22489,0,3200,3200
22490,0,3200,3200
22491,0,3200,3200
22492,0,3200,3200
22493,0,3200,3200
22494,0,3200,3200
22495,0,3200,3200
22496,0,3200,3200
22497,0,3200,3200
22498,0,3200,3200
22499,0,3200,3200
22500,0,3200,3200
22501,0,3200,3200
22502,0,3200,3200
22503,0,3200,3200
22504,0,3200,3200
22505,0,3200,3200
22506,0,3200,3200
22507,0,3200,3200
22508,0,3200,3200
22509,0,3200,3200
22510,0,3200,3200
22511,0,3200,3200
22512,0,3200,3200
22513,0,3200,3200
22514,0,3200,3200
22515,0,3200,3200
22516,0,3200,3200
22517,0,3200,3200
22518,0,3200,3200
22519,0,3200,3200
22520,0,3200,3200
22521,0,3200,3200
22522,0,3200,3200
22523,0,3200,3200
22524,0,3200,3200
22525,0,3200,3200
22526,0,3200,3200
22527,0,3200,3200
22528,0,3200,3200
22529,0,3200,3200
22530,0,3200,3200
22531,0,3200,3200
22532,0,3200,3200
22533,0,3200,3200
22534,0,3200,3200
22535,0,3200,3200
22536,0,3200,3200
22537,0,3200,3200
22538,0,3200,3200
22539,0,3200,3200
22540,0,3200,3200
22541,0,3200,3200
22542,0,3200,3200
22543,0,3200,3200
22544,0,3200,3200
22545,0,3200,3200
22546,0,3200,3200
22547,0,3200,3200
22548,0,3200,3200
22549,0,3200,3200
22550,0,3200,3200
22551,0,3200,3200
22552,0,3200,3200
22553,0,3200,3200
22554,0,3200,3200
22555,0,3200,3200
22556,0,3200,3200
22557,0,3200,3200
22558,0,3200,3200
22559,0,3200,3200
22560,0,3200,3200
22561,0,3200,3200
22562,0,3200,3200
22563,0,3200,3200
22564,0,3200,3200
22565,0,3200,3200
22566,0,3200,3200
22567,0,3200,3200
22568,0,3200,3200
22569,0,3200,3200
22570,0,3200,3200
22571,0,3200,3200
22572,0,3200,3200
22573,0,3200,3200
22574,0,3200,3200
22575,0,3200,3200
22576,0,3200,3200
22577,0,3200,3200
22578,0,3200,3200
22579,0,3200,3200
22580,0,3200,3200
22581,0,3200,3200
22582,0,3200,3200
22583,0,3200,3200
22584,0,3200,3200
22585,0,3200,3200
22586,0,3200,3200
22587,0,3200,3200
22588,0,3200,3200
22589,0,3200,3200
22590,0,3200,3200
22591,0,3200,3200
22592,0,3200,3200
22593,0,3200,3200
22594,0,3200,3200
22595,0,3200,3200
22596,0,3200,3200
22597,0,3200,3200
22598,0,3200,3200
22599,0,3200,3200
22600,0,3200,3200
22601,0,3200,3200
22602,0,3200,3200
22603,0,3200,3200
22604,0,3200,3200
22605,0,3200,3200
22606,0,3200,3200
22607,0,3200,3200
22608,0,3200,3200
22609,0,3200,3200
22610,0,3200,3200
22611,0,3200,3200
22612,0,3200,3200
22613,0,3200,3200
22614,0,3200,3200
22615,0,3200,3200
22616,0,3200,3200
22617,0,3200,3200
22618,0,3200,3200
22619,0,3200,3200
22620,0,3200,3200
22621,0,3200,3200
22622,0,3200,3200
22623,0,3200,3200
22624,0,3200,3200
22625,0,3200,3200
22626,0,3200,3200
22627,0,3200,3200
22628,0,3200,3200
22629,0,3200,3200
22630,0,3200,3200
22631,0,3200,3200
22632,0,3200,3200
22633,0,3200,3200
22634,0,3200,3200
22635,0,3200,3200
22636,0,3200,3200
22637,0,3200,3200
22638,0,3200,3200
22639,0,3200,3200
22640,0,3200,3200
22641,0,3200,3200
22642,0,3200,3200
22643,0,3200,3200
22644,0,3200,3200
22645,0,3200,3200
22646,0,3200,3200
22647,0,3200,3200
22648,0,3200,3200
22649,0,3200,3200
22650,0,3200,3200
22651,0,3200,3200
22652,0,3200,3200
22653,0,3200,3200
22654,0,3200,3200
22655,0,3200,3200
22656,0,3200,3200
22657,0,3200,3200
22658,0,3200,3200
22659,0,3200,3200
22660,0,3200,3200
22661,0,3200,3200
22662,0,3200,3200
22663,0,3200,3200
22664,0,3200,3200
22665,0,3200,3200
22666,0,3200,3200
22667,0,3200,3200
22668,0,3200,3200
22669,0,3200,3200
22670,0,3200,3200
22671,0,3200,3200
22672,0,3200,3200
22673,0,3200,3200
22674,0,3200,3200
22675,0,3200,3200
22676,0,3200,3200
22677,0,3200,3200
22678,0,3200,3200
22679,0,3200,3200
22680,0,3200,3200
22681,0,3200,3200
22682,0,3200,3200
22683,0,3200,3200
22684,0,3200,3200
22685,0,3200,3200
22686,0,3200,3200
22687,0,3200,3200
22688,0,3200,3200
22689,0,3200,3200
22690,0,3200,3200
22691,0,3200,3200
22692,0,3200,3200
22693,0,3200,3200
22694,0,3200,3200
22695,0,3200,3200
22696,0,3200,3200
22697,0,3200,3200
22698,0,3200,3200
22699,0,3200,3200
22700,0,3200,3200
22701,0,3200,3200
22702,0,3200,3200
22703,0,3200,3200
22704,0,3200,3200
22705,0,3200,3200
22706,0,3200,3200
22707,0,3200,3200
22708,0,3200,3200
22709,0,3200,3200
22710,0,3200,3200
22711,0,3200,3200
22712,0,3200,3200
22713,0,3200,3200
22714,0,3200,3200
22715,0,3200,3200
22716,0,3200,3200
22717,0,3200,3200
22718,0,3200,3200
22719,0,3200,3200
22720,0,3200,3200
22721,0,3200,3200
22722,0,3200,3200
22723,0,3200,3200
22724,0,3200,3200
22725,0,3200,3200
22726,0,3200,3200
22727,0,3200,3200
22728,0,3200,3200
22729,0,3200,3200
22730,0,3200,3200
22731,0,3200,3200
22732,0,3200,3200
22733,0,3200,3200
22734,0,3200,3200
22735,0,3200,3200
22736,0,3200,3200
22737,0,3200,3200
22738,0,3200,3200
22739,0,3200,3200
22740,0,3200,3200
22741,0,3200,3200
22742,0,3200,3200
22743,0,3200,3200
22744,0,3200,3200
22745,0,3200,3200
22746,0,3200,3200
22747,0,3200,3200
22748,0,3200,3200
22749,0,3200,3200
22750,0,3200,3200
22751,0,3200,3200
22752,0,3200,3200
22753,0,3200,3200
22754,0,3200,3200
22755,0,3200,3200
22756,0,3200,3200
22757,0,3200,3200
22758,0,3200,3200
22759,0,3200,3200
22760,0,3200,3200
22761,0,3200,3200
22762,0,3200,3200
22763,0,3200,3200
22764,0,3200,3200
22765,0,3200,3200
22766,0,3200,3200
22767,0,3200,3200
22768,0,3200,3200
22769,0,3200,3200
22770,0,3200,3200
22771,0,3200,3200
22772,0,3200,3200
22773,0,3200,3200
22774,0,3200,3200
22775,0,3200,3200
22776,0,3200,3200
22777,0,3200,3200
22778,0,3200,3200
22779,0,3200,3200
22780,0,3200,3200
22781,0,3200,3200
22782,0,3200,3200
22783,0,3200,3200
22784,0,3200,3200
22785,0,3200,3200
22786,0,3200,3200
22787,0,3200,3200
22788,0,3200,3200
22789,0,3200,3200
22790,0,3200,3200
22791,0,3200,3200
22792,0,3200,3200
22793,0,3200,3200
22794,0,3200,3200
22795,0,3200,3200
22796,0,3200,3200
22797,0,3200,3200
22798,0,3200,3200
22799,0,3200,3200
22800,0,3200,3200
22801,0,3200,3200
22802,0,3200,3200
22803,0,3200,3200
22804,0,3200,3200
22805,0,3200,3200
22806,0,3200,3200
22807,0,3200,3200
22808,0,3200,3200
22809,0,3200,3200
22810,0,3200,3200
22811,0,3200,3200
22812,0,3200,3200
22813,0,3200,3200
22814,0,3200,3200
22815,0,3200,3200
22816,0,3200,3200
22817,0,3200,3200
22818,0,3200,3200
22819,0,3200,3200
22820,0,3200,3200
22821,0,3200,3200
22822,0,3200,3200
22823,0,3200,3200
22824,0,3200,3200
22825,0,3200,3200
22826,0,3200,3200
22827,0,3200,3200
22828,0,3200,3200
22829,0,3200,3200
22830,0,3200,3200
22831,0,3200,3200
22832,0,3200,3200
22833,0,3200,3200
22834,0,3200,3200
22835,0,3200,3200
22836,0,3200,3200
22837,0,3200,3200
22838,0,3200,3200
22839,0,3200,3200
22840,0,3200,3200
22841,0,3200,3200
22842,0,3200,3200
22843,0,3200,3200
22844,0,3200,3200
22845,0,3200,3200
22846,0,3200,3200
22847,0,3200,3200
22848,0,3200,3200
22849,0,3200,3200
22850,0,3200,3200
22851,0,3200,3200
22852,0,3200,3200
22853,0,3200,3200
22854,0,3200,3200
22855,0,3200,3200
22856,0,3200,3200
22857,0,3200,3200
22858,0,3200,3200
22859,0,3200,3200
22860,0,3200,3200
22861,0,3200,3200
22862,0,3200,3200
22863,0,3200,3200
22864,0,3200,3200
22865,0,3200,3200
22866,0,3200,3200
22867,0,3200,3200
22868,0,3200,3200
22869,0,3200,3200
22870,0,3200,3200
22871,0,3200,3200
22872,0,3200,3200
22873,0,3200,3200
22874,0,3200,3200
22875,0,3200,3200
22876,0,3200,3200
22877,0,3200,3200
22878,0,3200,3200
22879,0,3200,3200
22880,0,3200,3200
22881,0,3200,3200
22882,0,3200,3200
22883,0,3200,3200
22884,0,3200,3200
22885,0,3200,3200
22886,0,3200,3200
22887,0,3200,3200
22888,0,3200,3200
22889,0,3200,3200
22890,0,3200,3200
22891,0,3200,3200
22892,0,3200,3200
22893,0,3200,3200
22894,0,3200,3200
22895,0,3200,3200
22896,0,3200,3200
22897,0,3200,3200
22898,0,3200,3200
22899,0,3200,3200
22900,0,3200,3200
22901,0,3200,3200
22902,0,3200,3200
22903,0,3200,3200
22904,0,3200,3200
22905,0,3200,3200
22906,0,3200,3200
22907,0,3200,3200
22908,0,3200,3200
22909,0,3200,3200
22910,0,3200,3200
22911,0,3200,3200
22912,0,3200,3200
22913,0,3200,3200
22914,0,3200,3200
22915,0,3200,3200
22916,0,3200,3200
22917,0,3200,3200
22918,0,3200,3200
22919,0,3200,3200
22920,0,3200,3200
22921,0,3200,3200
22922,0,3200,3200
22923,0,3200,3200
22924,0,3200,3200
22925,0,3200,3200
22926,0,3200,3200
22927,0,3200,3200
22928,0,3200,3200
22929,0,3200,3200
22930,0,3200,3200
22931,0,3200,3200
22932,0,3200,3200
22933,0,3200,3200
22934,0,3200,3200
22935,0,3200,3200
22936,0,3200,3200
22937,0,3200,3200
22938,0,3200,3200
22939,0,3200,3200
22940,0,3200,3200
22941,0,3200,3200
22942,0,3200,3200
22943,0,3200,3200
22944,0,3200,3200
22945,0,3200,3200
22946,0,3200,3200
22947,0,3200,3200
22948,0,3200,3200
22949,0,3200,3200
22950,0,3200,3200
22951,0,3200,3200
22952,0,3200,3200
22953,0,3200,3200
22954,0,3200,3200
22955,0,3200,3200
22956,0,3200,3200
22957,0,3200,3200
22958,0,3200,3200
22959,0,3200,3200
22960,0,3200,3200
22961,0,3200,3200
22962,0,3200,3200
22963,0,3200,3200
22964,0,3200,3200
22965,0,3200,3200
22966,0,3200,3200
22967,0,3200,3200
22968,0,3200,3200
22969,0,3200,3200
22970,0,3200,3200
22971,0,3200,3200
22972,0,3200,3200
22973,0,3200,3200
22974,0,3200,3200
22975,0,3200,3200
22976,0,3200,3200
22977,0,3200,3200
22978,0,3200,3200
22979,0,3200,3200
22980,0,3200,3200
22981,0,3200,3200
22982,0,3200,3200
22983,0,3200,3200
22984,0,3200,3200
22985,0,3200,3200
22986,0,3200,3200
22987,0,3200,3200
22988,0,3200,3200
22989,0,3200,3200
22990,0,3200,3200
22991,0,3200,3200
22992,0,3200,3200
22993,0,3200,3200
22994,0,3200,3200
22995,0,3200,3200
22996,0,3200,3200
22997,0,3200,3200
22998,0,3200,3200
22999,0,3200,3200
23000,0,3200,3200
23001,0,3200,3200
23002,0,3200,3200
23003,0,3200,3200
23004,0,3200,3200
23005,0,3200,3200
23006,0,3200,3200
23007,0,3200,3200
23008,0,3200,3200
23009,0,3200,3200
23010,0,3200,3200
23011,0,3200,3200
23012,0,3200,3200
23013,0,3200,3200
23014,0,3200,3200
23015,0,3200,3200
23016,0,3200,3200
23017,0,3200,3200
23018,0,3200,3200
23019,0,3200,3200
23020,0,3200,3200
23021,0,3200,3200
23022,0,3200,3200
23023,0,3200,3200
23024,0,3200,3200
23025,0,3200,3200
23026,0,3200,3200
23027,0,3200,3200
23028,0,3200,3200
23029,0,3200,3200
23030,0,3200,3200
23031,0,3200,3200
23032,0,3200,3200
23033,0,3200,3200
23034,0,3200,3200
23035,0,3200,3200
23036,0,3200,3200
23037,0,3200,3200
23038,0,3200,3200
23039,0,3200,3200
23040,0,3200,3200
23041,0,3200,3200
23042,0,3200,3200
23043,0,3200,3200
23044,0,3200,3200
23045,0,3200,3200
23046,0,3200,3200
23047,0,3200,3200
23048,0,3200,3200
23049,0,3200,3200
23050,0,3200,3200
23051,0,3200,3200
23052,0,3200,3200
23053,0,3200,3200
23054,0,3200,3200
23055,0,3200,3200
23056,0,3200,3200
23057,0,3200,3200
23058,0,3200,3200
23059,0,3200,3200
23060,0,3200,3200
23061,0,3200,3200
23062,0,3200,3200
23063,0,3200,3200
23064,0,3200,3200
23065,0,3200,3200
23066,0,3200,3200
23067,0,3200,3200
23068,0,3200,3200
23069,0,3200,3200
23070,0,3200,3200
23071,0,3200,3200
23072,0,3200,3200
23073,0,3200,3200
23074,0,3200,3200
23075,0,3200,3200
23076,0,3200,3200
23077,0,3200,3200
23078,0,3200,3200
23079,0,3200,3200
23080,0,3200,3200
23081,0,3200,3200
23082,0,3200,3200
23083,0,3200,3200
23084,0,3200,3200
23085,0,3200,3200
23086,0,3200,3200
23087,0,3200,3200
23088,0,3200,3200
23089,0,3200,3200
23090,0,3200,3200
23091,0,3200,3200
23092,0,3200,3200
23093,0,3200,3200
23094,0,3200,3200
23095,0,3200,3200
23096,0,3200,3200
23097,0,3200,3200
23098,0,3200,3200
23099,0,3200,3200
23100,0,3200,3200
23101,0,3200,3200
23102,0,3200,3200
23103,0,3200,3200
23104,0,3200,3200
23105,0,3200,3200
23106,0,3200,3200
23107,0,3200,3200
23108,0,3200,3200
23109,0,3200,3200
23110,0,3200,3200
23111,0,3200,3200
23112,0,3200,3200
23113,0,3200,3200
23114,0,3200,3200
23115,0,3200,3200
23116,0,3200,3200
23117,0,3200,3200
23118,0,3200,3200
23119,0,3200,3200
23120,0,3200,3200
23121,0,3200,3200
23122,0,3200,3200
23123,0,3200,3200
23124,0,3200,3200
23125,0,3200,3200
23126,0,3200,3200
23127,0,3200,3200
23128,0,3200,3200
23129,0,3200,3200
23130,0,3200,3200
23131,0,3200,3200
23132,0,3200,3200
23133,0,3200,3200
23134,0,3200,3200
23135,0,3200,3200
23136,0,3200,3200
23137,0,3200,3200
23138,0,3200,3200
23139,0,3200,3200
23140,0,3200,3200
23141,0,3200,3200
23142,0,3200,3200
23143,0,3200,3200
23144,0,3200,3200
23145,0,3200,3200
23146,0,3200,3200
23147,0,3200,3200
23148,0,3200,3200
23149,0,3200,3200
23150,0,3200,3200
23151,0,3200,3200
23152,0,3200,3200
23153,0,3200,3200
23154,0,3200,3200
23155,0,3200,3200
23156,0,3200,3200
23157,0,3200,3200
23158,0,3200,3200
23159,0,3200,3200
23160,0,3200,3200
23161,0,3200,3200
23162,0,3200,3200
23163,0,3200,3200
23164,0,3200,3200
23165,0,3200,3200
23166,0,3200,3200
23167,0,3200,3200
23168,0,3200,3200
23169,0,3200,3200
23170,0,3200,3200
23171,0,3200,3200
23172,0,3200,3200
23173,0,3200,3200
23174,0,3200,3200
23175,0,3200,3200
23176,0,3200,3200
23177,0,3200,3200
23178,0,3200,3200
23179,0,3200,3200
23180,0,3200,3200
23181,0,3200,3200
23182,0,3200,3200
23183,0,3200,3200
23184,0,3200,3200
23185,0,3200,3200
23186,0,3200,3200
23187,0,3200,3200
23188,0,3200,3200
23189,0,3200,3200
23190,0,3200,3200
23191,0,3200,3200
23192,0,3200,3200
23193,0,3200,3200
23194,0,3200,3200
23195,0,3200,3200
23196,0,3200,3200
23197,0,3200,3200
23198,0,3200,3200
23199,0,3200,3200
23200,0,3200,3200
23201,0,3200,3200
23202,0,3200,3200
23203,0,3200,3200
23204,0,3200,3200
23205,0,3200,3200
23206,0,3200,3200
23207,0,3200,3200
23208,0,3200,3200
23209,0,3200,3200
23210,0,3200,3200
23211,0,3200,3200
23212,0,3200,3200
23213,0,3200,3200
23214,0,3200,3200
23215,0,3200,3200
23216,0,3200,3200
23217,0,3200,3200
23218,0,3200,3200
23219,0,3200,3200
23220,0,3200,3200
23221,0,3200,3200
23222,0,3200,3200
23223,0,3200,3200
23224,0,3200,3200
23225,0,3200,3200
23226,0,3200,3200
23227,0,3200,3200
23228,0,3200,3200
23229,0,3200,3200
23230,0,3200,3200
23231,0,3200,3200
23232,0,3200,3200
23233,0,3200,3200
23234,0,3200,3200
23235,0,3200,3200
23236,0,3200,3200
23237,0,3200,3200
23238,0,3200,3200
23239,0,3200,3200
23240,0,3200,3200
23241,0,3200,3200
23242,0,3200,3200
23243,0,3200,3200
23244,0,3200,3200
23245,0,3200,3200
23246,0,3200,3200
23247,0,3200,3200
23248,0,3200,3200
23249,0,3200,3200
23250,0,3200,3200
23251,0,3200,3200
23252,0,3200,3200
23253,0,3200,3200
23254,0,3200,3200
23255,0,3200,3200
23256,0,3200,3200
23257,0,3200,3200
23258,0,3200,3200
23259,0,3200,3200
23260,0,3200,3200
23261,0,3200,3200
23262,0,3200,3200
23263,0,3200,3200
23264,0,3200,3200
23265,0,3200,3200
23266,0,3200,3200
23267,0,3200,3200
23268,0,3200,3200
23269,0,3200,3200
23270,0,3200,3200
23271,0,3200,3200
23272,0,3200,3200
23273,0,3200,3200
23274,0,3200,3200
23275,0,3200,3200
23276,0,3200,3200
23277,0,3200,3200
23278,0,3200,3200
23279,0,3200,3200
23280,0,3200,3200
23281,0,3200,3200
23282,0,3200,3200
23283,0,3200,3200
23284,0,3200,3200
23285,0,3200,3200
23286,0,3200,3200
23287,0,3200,3200
23288,0,3200,3200
23289,0,3200,3200
23290,0,3200,3200
23291,0,3200,3200
23292,0,3200,3200
23293,0,3200,3200
23294,0,3200,3200
23295,0,3200,3200
23296,0,3200,3200
23297,0,3200,3200
23298,0,3200,3200
23299,0,3200,3200
23300,0,3200,3200
23301,0,3200,3200
23302,0,3200,3200
23303,0,3200,3200
23304,0,3200,3200
23305,0,3200,3200
23306,0,3200,3200
23307,0,3200,3200
23308,0,3200,3200
23309,0,3200,3200
23310,0,3200,3200
23311,0,3200,3200
23312,0,3200,3200
23313,0,3200,3200
23314,0,3200,3200
23315,0,3200,3200
23316,0,3200,3200
23317,0,3200,3200
23318,0,3200,3200
23319,0,3200,3200
23320,0,3200,3200
23321,0,3200,3200
23322,0,3200,3200
23323,0,3200,3200
23324,0,3200,3200
23325,0,3200,3200
23326,0,3200,3200
23327,0,3200,3200
23328,0,3200,3200
23329,0,3200,3200
23330,0,3200,3200
23331,0,3200,3200
23332,0,3200,3200
23333,0,3200,3200
23334,0,3200,3200
23335,0,3200,3200
23336,0,3200,3200
23337,0,3200,3200
23338,0,3200,3200
23339,0,3200,3200
23340,0,3200,3200
23341,0,3200,3200
23342,0,3200,3200
23343,0,3200,3200
23344,0,3200,3200
23345,0,3200,3200
23346,0,3200,3200
23347,0,3200,3200
23348,0,3200,3200
23349,0,3200,3200
23350,0,3200,3200
23351,0,3200,3200
23352,0,3200,3200
23353,0,3200,3200
23354,0,3200,3200
23355,0,3200,3200
23356,0,3200,3200
23357,0,3200,3200
23358,0,3200,3200
23359,0,3200,3200
23360,0,3200,3200
23361,0,3200,3200
23362,0,3200,3200
23363,0,3200,3200
23364,0,3200,3200
23365,0,3200,3200
23366,0,3200,3200
23367,0,3200,3200
23368,0,3200,3200
23369,0,3200,3200
23370,0,3200,3200
23371,0,3200,3200
23372,0,3200,3200
23373,0,3200,3200
23374,0,3200,3200
23375,0,3200,3200
23376,0,3200,3200
23377,0,3200,3200
23378,0,3200,3200
23379,0,3200,3200
23380,0,3200,3200
23381,0,3200,3200
23382,0,3200,3200
23383,0,3200,3200
23384,0,3200,3200
23385,0,3200,3200
23386,0,3200,3200
23387,0,3200,3200
23388,0,3200,3200
23389,0,3200,3200
23390,0,3200,3200
23391,0,3200,3200
23392,0,3200,3200
23393,0,3200,3200
23394,0,3200,3200
23395,0,3200,3200
23396,0,3200,3200
23397,0,3200,3200
23398,0,3200,3200
23399,0,3200,3200
23400,0,3200,3200
23401,0,3200,3200
23402,0,3200,3200
23403,0,3200,3200
23404,0,3200,3200
23405,0,3200,3200
23406,0,3200,3200
23407,0,3200,3200
23408,0,3200,3200
23409,0,3200,3200
23410,0,3200,3200
23411,0,3200,3200
23412,0,3200,3200
23413,0,3200,3200
23414,0,3200,3200
23415,0,3200,3200
23416,0,3200,3200
23417,0,3200,3200
23418,0,3200,3200
23419,0,3200,3200
23420,0,3200,3200
23421,0,3200,3200
23422,0,3200,3200
23423,0,3200,3200
23424,0,3200,3200
23425,0,3200,3200
23426,0,3200,3200
23427,0,3200,3200
23428,0,3200,3200
23429,0,3200,3200
23430,0,3200,3200
23431,0,3200,3200
23432,0,3200,3200
23433,0,3200,3200
23434,0,3200,3200
23435,0,3200,3200
23436,0,3200,3200
23437,0,3200,3200
23438,0,3200,3200
23439,0,3200,3200
23440,0,3200,3200
23441,0,3200,3200
23442,0,3200,3200
23443,0,3200,3200
23444,0,3200,3200
23445,0,3200,3200
23446,0,3200,3200
23447,0,3200,3200
23448,0,3200,3200
23449,0,3200,3200
23450,0,3200,3200
23451,0,3200,3200
23452,0,3200,3200
23453,0,3200,3200
23454,0,3200,3200
23455,0,3200,3200
23456,0,3200,3200
23457,0,3200,3200
23458,0,3200,3200
23459,0,3200,3200
23460,0,3200,3200
23461,0,3200,3200
23462,0,3200,3200
23463,0,3200,3200
23464,0,3200,3200
23465,0,3200,3200
23466,0,3200,3200
23467,0,3200,3200
23468,0,3200,3200
23469,0,3200,3200
23470,0,3200,3200
23471,0,3200,3200
23472,0,3200,3200
23473,0,3200,3200
23474,0,3200,3200
23475,0,3200,3200
23476,0,3200,3200
23477,0,3200,3200
23478,0,3200,3200
23479,0,3200,3200
23480,0,3200,3200
23481,0,3200,3200
23482,0,3200,3200
23483,0,3200,3200
23484,0,3200,3200
23485,0,3200,3200
23486,0,3200,3200
23487,0,3200,3200
23488,0,3200,3200
23489,0,3200,3200
23490,0,3200,3200
23491,0,3200,3200
23492,0,3200,3200
23493,0,3200,3200
23494,0,3200,3200
23495,0,3200,3200
23496,0,3200,3200
23497,0,3200,3200
23498,0,3200,3200
23499,0,3200,3200
23500,0,3200,3200
23501,0,3200,3200
23502,0,3200,3200
23503,0,3200,3200
23504,0,3200,3200
23505,0,3200,3200
23506,0,3200,3200
23507,0,3200,3200
23508,0,3200,3200
23509,0,3200,3200
23510,0,3200,3200
23511,0,3200,3200
23512,0,3200,3200
23513,0,3200,3200
23514,0,3200,3200
23515,0,3200,3200
23516,0,3200,3200
23517,0,3200,3200
23518,0,3200,3200
23519,0,3200,3200
23520,0,3200,3200
23521,0,3200,3200
23522,0,3200,3200
23523,0,3200,3200
23524,0,3200,3200
23525,0,3200,3200
23526,0,3200,3200
23527,0,3200,3200
23528,0,3200,3200
23529,0,3200,3200
23530,0,3200,3200
23531,0,3200,3200
23532,0,3200,3200
23533,0,3200,3200
23534,0,3200,3200
23535,0,3200,3200
23536,0,3200,3200
23537,0,3200,3200
23538,0,3200,3200
23539,0,3200,3200
23540,0,3200,3200
23541,0,3200,3200
23542,0,3200,3200
23543,0,3200,3200
23544,0,3200,3200
23545,0,3200,3200
23546,0,3200,3200
23547,0,3200,3200
23548,0,3200,3200
23549,0,3200,3200
23550,0,3200,3200
23551,0,3200,3200
23552,0,3200,3200
23553,0,3200,3200
23554,0,3200,3200
23555,0,3200,3200
23556,0,3200,3200
23557,0,3200,3200
23558,0,3200,3200
23559,0,3200,3200
23560,0,3200,3200
23561,0,3200,3200
23562,0,3200,3200
23563,0,3200,3200
23564,0,3200,3200
23565,0,3200,3200
23566,0,3200,3200
23567,0,3200,3200
23568,0,3200,3200
23569,0,3200,3200
23570,0,3200,3200
23571,0,3200,3200
23572,0,3200,3200
23573,0,3200,3200
23574,0,3200,3200
23575,0,3200,3200
23576,0,3200,3200
23577,0,3200,3200
23578,0,3200,3200
23579,0,3200,3200
23580,0,3200,3200
23581,0,3200,3200
23582,0,3200,3200
23583,0,3200,3200
23584,0,3200,3200
23585,0,3200,3200
23586,0,3200,3200
23587,0,3200,3200
23588,0,3200,3200
23589,0,3200,3200
23590,0,3200,3200
23591,0,3200,3200
23592,0,3200,3200
23593,0,3200,3200
23594,0,3200,3200
23595,0,3200,3200
23596,0,3200,3200
23597,0,3200,3200
23598,0,3200,3200
23599,0,3200,3200
23600,0,3200,3200
23601,0,3200,3200
23602,0,3200,3200
23603,0,3200,3200
23604,0,3200,3200
23605,0,3200,3200
23606,0,3200,3200
23607,0,3200,3200
23608,0,3200,3200
23609,0,3200,3200
23610,0,3200,3200
23611,0,3200,3200
23612,0,3200,3200
23613,0,3200,3200
23614,0,3200,3200
23615,0,3200,3200
23616,0,3200,3200
23617,0,3200,3200
23618,0,3200,3200
23619,0,3200,3200
23620,0,3200,3200
23621,0,3200,3200
23622,0,3200,3200
23623,0,3200,3200
23624,0,3200,3200
23625,0,3200,3200
23626,0,3200,3200
23627,0,3200,3200
23628,0,3200,3200
23629,0,3200,3200
23630,0,3200,3200
23631,0,3200,3200
23632,0,3200,3200
23633,0,3200,3200
23634,0,3200,3200
23635,0,3200,3200
23636,0,3200,3200
23637,0,3200,3200
23638,0,3200,3200
23639,0,3200,3200
23640,0,3200,3200
23641,0,3200,3200
23642,0,3200,3200
23643,0,3200,3200
23644,0,3200,3200
23645,0,3200,3200
23646,0,3200,3200
23647,0,3200,3200
23648,0,3200,3200
23649,0,3200,3200
23650,0,3200,3200
23651,0,3200,3200
23652,0,3200,3200
23653,0,3200,3200
23654,0,3200,3200
23655,0,3200,3200
23656,0,3200,3200
23657,0,3200,3200
23658,0,3200,3200
23659,0,3200,3200
23660,0,3200,3200
23661,0,3200,3200
23662,0,3200,3200
23663,0,3200,3200
23664,0,3200,3200
23665,0,3200,3200
23666,0,3200,3200
23667,0,3200,3200
23668,0,3200,3200
23669,0,3200,3200
23670,0,3200,3200
23671,0,3200,3200
23672,0,3200,3200
23673,0,3200,3200
23674,0,3200,3200
23675,0,3200,3200
23676,0,3200,3200
23677,0,3200,3200
23678,0,3200,3200
23679,0,3200,3200
23680,0,3200,3200
23681,0,3200,3200
23682,0,3200,3200
23683,0,3200,3200
23684,0,3200,3200
23685,0,3200,3200
23686,0,3200,3200
23687,0,3200,3200
23688,0,3200,3200
23689,0,3200,3200
23690,0,3200,3200
23691,0,3200,3200
23692,0,3200,3200
23693,0,3200,3200
23694,0,3200,3200
23695,0,3200,3200
23696,0,3200,3200
23697,0,3200,3200
23698,0,3200,3200
23699,0,3200,3200
23700,0,3200,3200
23701,0,3200,3200
23702,0,3200,3200
23703,0,3200,3200
23704,0,3200,3200
23705,0,3200,3200
23706,0,3200,3200
23707,0,3200,3200
23708,0,3200,3200
23709,0,3200,3200
23710,0,3200,3200
23711,0,3200,3200
23712,0,3200,3200
23713,0,3200,3200
23714,0,3200,3200
23715,0,3200,3200
23716,0,3200,3200
23717,0,3200,3200
23718,0,3200,3200
23719,0,3200,3200
23720,0,3200,3200
23721,0,3200,3200
23722,0,3200,3200
23723,0,3200,3200
23724,0,3200,3200
23725,0,3200,3200
23726,0,3200,3200
23727,0,3200,3200
23728,0,3200,3200
23729,0,3200,3200
23730,0,3200,3200
23731,0,3200,3200
23732,0,3200,3200
23733,0,3200,3200
23734,0,3200,3200
23735,0,3200,3200
23736,0,3200,3200
23737,0,3200,3200
23738,0,3200,3200
23739,0,3200,3200
23740,0,3200,3200
23741,0,3200,3200
23742,0,3200,3200
23743,0,3200,3200
23744,0,3200,3200
23745,0,3200,3200
23746,0,3200,3200
23747,0,3200,3200
23748,0,3200,3200
23749,0,3200,3200
23750,0,3200,3200
23751,0,3200,3200
23752,0,3200,3200
23753,0,3200,3200
23754,0,3200,3200
23755,0,3200,3200
23756,0,3200,3200
23757,0,3200,3200
23758,0,3200,3200
23759,0,3200,3200
23760,0,3200,3200
23761,0,3200,3200
23762,0,3200,3200
23763,0,3200,3200
23764,0,3200,3200
23765,0,3200,3200
23766,0,3200,3200
23767,0,3200,3200
23768,0,3200,3200
23769,0,3200,3200
23770,0,3200,3200
23771,0,3200,3200
23772,0,3200,3200
23773,0,3200,3200
23774,0,3200,3200
23775,0,3200,3200
23776,0,3200,3200
23777,0,3200,3200
23778,0,3200,3200
23779,0,3200,3200
23780,0,3200,3200
23781,0,3200,3200
23782,0,3200,3200
23783,0,3200,3200
23784,0,3200,3200
23785,0,3200,3200
23786,0,3200,3200
23787,0,3200,3200
23788,0,3200,3200
23789,0,3200,3200
23790,0,3200,3200
23791,0,3200,3200
23792,0,3200,3200
23793,0,3200,3200
23794,0,3200,3200
23795,0,3200,3200
23796,0,3200,3200
23797,0,3200,3200
23798,0,3200,3200
23799,0,3200,3200
23800,0,3200,3200
23801,0,3200,3200
23802,0,3200,3200
23803,0,3200,3200
23804,0,3200,3200
23805,0,3200,3200
23806,0,3200,3200
23807,0,3200,3200
23808,0,3200,3200
23809,0,3200,3200
23810,0,3200,3200
23811,0,3200,3200
23812,0,3200,3200
23813,0,3200,3200
23814,0,3200,3200
23815,0,3200,3200
23816,0,3200,3200
23817,0,3200,3200
23818,0,3200,3200
23819,0,3200,3200
23820,0,3200,3200
23821,0,3200,3200
23822,0,3200,3200
23823,0,3200,3200
23824,0,3200,3200
23825,0,3200,3200
23826,0,3200,3200
23827,0,3200,3200
23828,0,3200,3200
23829,0,3200,3200
23830,0,3200,3200
23831,0,3200,3200
23832,0,3200,3200
23833,0,3200,3200
23834,0,3200,3200
23835,0,3200,3200
23836,0,3200,3200
23837,0,3200,3200
23838,0,3200,3200
23839,0,3200,3200
23840,0,3200,3200
23841,0,3200,3200
23842,0,3200,3200
23843,0,3200,3200
23844,0,3200,3200
23845,0,3200,3200
23846,0,3200,3200
23847,0,3200,3200
23848,0,3200,3200
23849,0,3200,3200
23850,0,3200,3200
23851,0,3200,3200
23852,0,3200,3200
23853,0,3200,3200
23854,0,3200,3200
23855,0,3200,3200
23856,0,3200,3200
23857,0,3200,3200
23858,0,3200,3200
23859,0,3200,3200
23860,0,3200,3200
23861,0,3200,3200
23862,0,3200,3200
23863,0,3200,3200
23864,0,3200,3200
23865,0,3200,3200
23866,0,3200,3200
23867,0,3200,3200
23868,0,3200,3200
23869,0,3200,3200
23870,0,3200,3200
23871,0,3200,3200
23872,0,3200,3200
23873,0,3200,3200
23874,0,3200,3200
23875,0,3200,3200
23876,0,3200,3200
23877,0,3200,3200
23878,0,3200,3200
23879,0,3200,3200
23880,0,3200,3200
23881,0,3200,3200
23882,0,3200,3200
23883,0,3200,3200
23884,0,3200,3200
23885,0,3200,3200
23886,0,3200,3200
23887,0,3200,3200
23888,0,3200,3200
23889,0,3200,3200
23890,0,3200,3200
23891,0,3200,3200
23892,0,3200,3200
23893,0,3200,3200
23894,0,3200,3200
23895,0,3200,3200
23896,0,3200,3200
23897,0,3200,3200
23898,0,3200,3200
23899,0,3200,3200
23900,0,3200,3200
23901,0,3200,3200
23902,0,3200,3200
23903,0,3200,3200
23904,0,3200,3200
23905,0,3200,3200
23906,0,3200,3200
23907,0,3200,3200
23908,0,3200,3200
23909,0,3200,3200
23910,0,3200,3200
23911,0,3200,3200
23912,0,3200,3200
23913,0,3200,3200
23914,0,3200,3200
23915,0,3200,3200
23916,0,3200,3200
23917,0,3200,3200
23918,0,3200,3200
23919,0,3200,3200
23920,0,3200,3200
23921,0,3200,3200
23922,0,3200,3200
23923,0,3200,3200
23924,0,3200,3200
23925,0,3200,3200
23926,0,3200,3200
23927,0,3200,3200
23928,0,3200,3200
23929,0,3200,3200
23930,0,3200,3200
23931,0,3200,3200
23932,0,3200,3200
23933,0,3200,3200
23934,0,3200,3200
23935,0,3200,3200
23936,0,3200,3200
23937,0,3200,3200
23938,0,3200,3200
23939,0,3200,3200
23940,0,3200,3200
23941,0,3200,3200
23942,0,3200,3200
23943,0,3200,3200
23944,0,3200,3200
23945,0,3200,3200
23946,0,3200,3200
23947,0,3200,3200
23948,0,3200,3200
23949,0,3200,3200
23950,0,3200,3200
23951,0,3200,3200
23952,0,3200,3200
23953,0,3200,3200
23954,0,3200,3200
23955,0,3200,3200
23956,0,3200,3200
23957,0,3200,3200
23958,0,3200,3200
23959,0,3200,3200
23960,0,3200,3200
23961,0,3200,3200
23962,0,3200,3200
23963,0,3200,3200
23964,0,3200,3200
23965,0,3200,3200
23966,0,3200,3200
23967,0,3200,3200
23968,0,3200,3200
23969,0,3200,3200
23970,0,3200,3200
23971,0,3200,3200
23972,0,3200,3200
23973,0,3200,3200
23974,0,3200,3200
23975,0,3200,3200
23976,0,3200,3200
23977,0,3200,3200
23978,0,3200,3200
23979,0,3200,3200
23980,0,3200,3200
23981,0,3200,3200
23982,0,3200,3200
23983,0,3200,3200
23984,0,3200,3200
23985,0,3200,3200
23986,0,3200,3200
23987,0,3200,3200
23988,0,3200,3200
23989,0,3200,3200
23990,0,3200,3200
23991,0,3200,3200
23992,0,3200,3200
23993,0,3200,3200
23994,0,3200,3200
23995,0,3200,3200
23996,0,3200,3200
23997,0,3200,3200
23998,0,3200,3200
23999,0,3200,3200
24000,0,3200,3200
24001,0,3200,3200
24002,0,3200,3200
24003,0,3200,3200
24004,0,3200,3200
24005,0,3200,3200
24006,0,3200,3200
24007,0,3200,3200
24008,0,3200,3200
24009,0,3200,3200
24010,0,3200,3200
24011,0,3200,3200
24012,0,3200,3200
24013,0,3200,3200
24014,0,3200,3200
24015,0,3200,3200
24016,0,3200,3200
24017,0,3200,3200
24018,0,3200,3200
24019,0,3200,3200
24020,0,3200,3200
24021,0,3200,3200
24022,0,3200,3200
24023,0,3200,3200
24024,0,3200,3200
24025,0,3200,3200
24026,0,3200,3200
24027,0,3200,3200
24028,0,3200,3200
24029,0,3200,3200
24030,0,3200,3200
24031,0,3200,3200
24032,0,3200,3200
24033,0,3200,3200
24034,0,3200,3200
24035,0,3200,3200
24036,0,3200,3200
24037,0,3200,3200
24038,0,3200,3200
24039,0,3200,3200
24040,0,3200,3200
24041,0,3200,3200
24042,0,3200,3200
24043,0,3200,3200
24044,0,3200,3200
24045,0,3200,3200
24046,0,3200,3200
24047,0,3200,3200
24048,0,3200,3200
24049,0,3200,3200
24050,0,3200,3200
24051,0,3200,3200
24052,0,3200,3200
24053,0,3200,3200
24054,0,3200,3200
24055,0,3200,3200
24056,0,3200,3200
24057,0,3200,3200
24058,0,3200,3200
24059,0,3200,3200
24060,0,3200,3200
24061,0,3200,3200
24062,0,3200,3200
24063,0,3200,3200
24064,0,3200,3200
24065,0,3200,3200
24066,0,3200,3200
24067,0,3200,3200
24068,0,3200,3200
24069,0,3200,3200
24070,0,3200,3200
24071,0,3200,3200
24072,0,3200,3200
24073,0,3200,3200
24074,0,3200,3200
24075,0,3200,3200
24076,0,3200,3200
24077,0,3200,3200
24078,0,3200,3200
24079,0,3200,3200
24080,0,3200,3200
24081,0,3200,3200
24082,0,3200,3200
24083,0,3200,3200
24084,0,3200,3200
24085,0,3200,3200
24086,0,3200,3200
24087,0,3200,3200
24088,0,3200,3200
24089,0,3200,3200
24090,0,3200,3200
24091,0,3200,3200
24092,0,3200,3200
24093,0,3200,3200
24094,0,3200,3200
24095,0,3200,3200
24096,0,3200,3200
24097,0,3200,3200
24098,0,3200,3200
24099,0,3200,3200
24100,0,3200,3200
24101,0,3200,3200
24102,0,3200,3200
24103,0,3200,3200
24104,0,3200,3200
24105,0,3200,3200
24106,0,3200,3200
24107,0,3200,3200
24108,0,3200,3200
24109,0,3200,3200
24110,0,3200,3200
24111,0,3200,3200
24112,0,3200,3200
24113,0,3200,3200
24114,0,3200,3200
24115,0,3200,3200
24116,0,3200,3200
24117,0,3200,3200
24118,0,3200,3200
24119,0,3200,3200
24120,0,3200,3200
24121,0,3200,3200
24122,0,3200,3200
24123,0,3200,3200
24124,0,3200,3200
24125,0,3200,3200
24126,0,3200,3200
24127,0,3200,3200
24128,0,3200,3200
24129,0,3200,3200
24130,0,3200,3200
24131,0,3200,3200
24132,0,3200,3200
24133,0,3200,3200
24134,0,3200,3200
24135,0,3200,3200
24136,0,3200,3200
24137,0,3200,3200
24138,0,3200,3200
24139,0,3200,3200
24140,0,3200,3200
24141,0,3200,3200
24142,0,3200,3200
24143,0,3200,3200
24144,0,3200,3200
24145,0,3200,3200
24146,0,3200,3200
24147,0,3200,3200
24148,0,3200,3200
24149,0,3200,3200
24150,0,3200,3200
24151,0,3200,3200
24152,0,3200,3200
24153,0,3200,3200
24154,0,3200,3200
24155,0,3200,3200
24156,0,3200,3200
24157,0,3200,3200
24158,0,3200,3200
24159,0,3200,3200
24160,0,3200,3200
24161,0,3200,3200
24162,0,3200,3200
24163,0,3200,3200
24164,0,3200,3200
24165,0,3200,3200
24166,0,3200,3200
24167,0,3200,3200
24168,0,3200,3200
24169,0,3200,3200
24170,0,3200,3200
24171,0,3200,3200
24172,0,3200,3200
24173,0,3200,3200
24174,0,3200,3200
24175,0,3200,3200
24176,0,3200,3200
24177,0,3200,3200
24178,0,3200,3200
24179,0,3200,3200
24180,0,3200,3200
24181,0,3200,3200
24182,0,3200,3200
24183,0,3200,3200
24184,0,3200,3200
24185,0,3200,3200
24186,0,3200,3200
24187,0,3200,3200
24188,0,3200,3200
24189,0,3200,3200
24190,0,3200,3200
24191,0,3200,3200
24192,0,3200,3200
24193,0,3200,3200
24194,0,3200,3200
24195,0,3200,3200
24196,0,3200,3200
24197,0,3200,3200
24198,0,3200,3200
24199,0,3200,3200
24200,0,3200,3200
24201,0,3200,3200
24202,0,3200,3200
24203,0,3200,3200
24204,0,3200,3200
24205,0,3200,3200
24206,0,3200,3200
24207,0,3200,3200
24208,0,3200,3200
24209,0,3200,3200
24210,0,3200,3200
24211,0,3200,3200
24212,0,3200,3200
24213,0,3200,3200
24214,0,3200,3200
24215,0,3200,3200
24216,0,3200,3200
24217,0,3200,3200
24218,0,3200,3200
24219,0,3200,3200
24220,0,3200,3200
24221,0,3200,3200
24222,0,3200,3200
24223,0,3200,3200
24224,0,3200,3200
24225,0,3200,3200
24226,0,3200,3200
24227,0,3200,3200
24228,0,3200,3200
24229,0,3200,3200
24230,0,3200,3200
24231,0,3200,3200
24232,0,3200,3200
24233,0,3200,3200
24234,0,3200,3200
24235,0,3200,3200
24236,0,3200,3200
24237,0,3200,3200
24238,0,3200,3200
24239,0,3200,3200
24240,0,3200,3200
24241,0,3200,3200
24242,0,3200,3200
24243,0,3200,3200
24244,0,3200,3200
24245,0,3200,3200
24246,0,3200,3200
24247,0,3200,3200
24248,0,3200,3200
24249,0,3200,3200
24250,0,3200,3200
24251,0,3200,3200
24252,0,3200,3200
24253,0,3200,3200
24254,0,3200,3200
24255,0,3200,3200
24256,0,3200,3200
24257,0,3200,3200
24258,0,3200,3200
24259,0,3200,3200
24260,0,3200,3200
24261,0,3200,3200
24262,0,3200,3200
24263,0,3200,3200
24264,0,3200,3200
24265,0,3200,3200
24266,0,3200,3200
24267,0,3200,3200
24268,0,3200,3200
24269,0,3200,3200
24270,0,3200,3200
24271,0,3200,3200
24272,0,3200,3200
24273,0,3200,3200
24274,0,3200,3200
24275,0,3200,3200
24276,0,3200,3200
24277,0,3200,3200
24278,0,3200,3200
24279,0,3200,3200
24280,0,3200,3200
24281,0,3200,3200
24282,0,3200,3200
24283,0,3200,3200
24284,0,3200,3200
24285,0,3200,3200
24286,0,3200,3200
24287,0,3200,3200
24288,0,3200,3200
24289,0,3200,3200
24290,0,3200,3200
24291,0,3200,3200
24292,0,3200,3200
24293,0,3200,3200
24294,0,3200,3200
24295,0,3200,3200
24296,0,3200,3200
24297,0,3200,3200
24298,0,3200,3200
24299,0,3200,3200
24300,0,3200,3200
24301,0,3200,3200
24302,0,3200,3200
24303,0,3200,3200
24304,0,3200,3200
24305,0,3200,3200
24306,0,3200,3200
24307,0,3200,3200
24308,0,3200,3200
24309,0,3200,3200
24310,0,3200,3200
24311,0,3200,3200
24312,0,3200,3200
24313,0,3200,3200
24314,0,3200,3200
24315,0,3200,3200
24316,0,3200,3200
24317,0,3200,3200
24318,0,3200,3200
24319,0,3200,3200
24320,0,3200,3200
24321,0,3200,3200
24322,0,3200,3200
24323,0,3200,3200
24324,0,3200,3200
24325,0,3200,3200
24326,0,3200,3200
24327,0,3200,3200
24328,0,3200,3200
24329,0,3200,3200
24330,0,3200,3200
24331,0,3200,3200
24332,0,3200,3200
24333,0,3200,3200
24334,0,3200,3200
24335,0,3200,3200
24336,0,3200,3200
24337,0,3200,3200
24338,0,3200,3200
24339,0,3200,3200
24340,0,3200,3200
24341,0,3200,3200
24342,0,3200,3200
24343,0,3200,3200
24344,0,3200,3200
24345,0,3200,3200
24346,0,3200,3200
24347,0,3200,3200
24348,0,3200,3200
24349,0,3200,3200
24350,0,3200,3200
24351,0,3200,3200
24352,0,3200,3200
24353,0,3200,3200
24354,0,3200,3200
24355,0,3200,3200
24356,0,3200,3200
24357,0,3200,3200
24358,0,3200,3200
24359,0,3200,3200
24360,0,3200,3200
24361,0,3200,3200
24362,0,3200,3200
24363,0,3200,3200
24364,0,3200,3200
24365,0,3200,3200
24366,0,3200,3200
24367,0,3200,3200
24368,0,3200,3200
24369,0,3200,3200
24370,0,3200,3200
24371,0,3200,3200
24372,0,3200,3200
24373,0,3200,3200
24374,0,3200,3200
24375,0,3200,3200
24376,0,3200,3200
24377,0,3200,3200
24378,0,3200,3200
24379,0,3200,3200
24380,0,3200,3200
24381,0,3200,3200
24382,0,3200,3200
24383,0,3200,3200
24384,0,3200,3200
24385,0,3200,3200
24386,0,3200,3200
24387,0,3200,3200
24388,0,3200,3200
24389,0,3200,3200
24390,0,3200,3200
24391,0,3200,3200
24392,0,3200,3200
24393,0,3200,3200
24394,0,3200,3200
24395,0,3200,3200
24396,0,3200,3200
24397,0,3200,3200
24398,0,3200,3200
24399,0,3200,3200
24400,0,3200,3200
24401,0,3200,3200
24402,0,3200,3200
24403,0,3200,3200
24404,0,3200,3200
24405,0,3200,3200
24406,0,3200,3200
24407,0,3200,3200
24408,0,3200,3200
24409,0,3200,3200
24410,0,3200,3200
24411,0,3200,3200
24412,0,3200,3200
24413,0,3200,3200
24414,0,3200,3200
24415,0,3200,3200
24416,0,3200,3200
24417,0,3200,3200
24418,0,3200,3200
24419,0,3200,3200
24420,0,3200,3200
24421,0,3200,3200
24422,0,3200,3200
24423,0,3200,3200
24424,0,3200,3200
24425,0,3200,3200
24426,0,3200,3200
24427,0,3200,3200
24428,0,3200,3200
24429,0,3200,3200
24430,0,3200,3200
24431,0,3200,3200
24432,0,3200,3200
24433,0,3200,3200
24434,0,3200,3200
24435,0,3200,3200
24436,0,3200,3200
24437,0,3200,3200
24438,0,3200,3200
24439,0,3200,3200
24440,0,3200,3200
24441,0,3200,3200
24442,0,3200,3200
24443,0,3200,3200
24444,0,3200,3200
24445,0,3200,3200
24446,0,3200,3200
24447,0,3200,3200
24448,0,3200,3200
24449,0,3200,3200
24450,0,3200,3200
24451,0,3200,3200
24452,0,3200,3200
24453,0,3200,3200
24454,0,3200,3200
24455,0,3200,3200
24456,0,3200,3200
24457,0,3200,3200
24458,0,3200,3200
24459,0,3200,3200
24460,0,3200,3200
24461,0,3200,3200
24462,0,3200,3200
24463,0,3200,3200
24464,0,3200,3200
24465,0,3200,3200
24466,0,3200,3200
24467,0,3200,3200
24468,0,3200,3200
24469,0,3200,3200
24470,0,3200,3200
24471,0,3200,3200
24472,0,3200,3200
24473,0,3200,3200
24474,0,3200,3200
24475,0,3200,3200
24476,0,3200,3200
24477,0,3200,3200
24478,0,3200,3200
24479,0,3200,3200
24480,0,3200,3200
24481,0,3200,3200
24482,0,3200,3200
24483,0,3200,3200
24484,0,3200,3200
24485,0,3200,3200
24486,0,3200,3200
24487,0,3200,3200
24488,0,3200,3200
24489,0,3200,3200
24490,0,3200,3200
24491,0,3200,3200
24492,0,3200,3200
24493,0,3200,3200
24494,0,3200,3200
24495,0,3200,3200
24496,0,3200,3200
24497,0,3200,3200
24498,0,3200,3200
24499,0,3200,3200
24500,0,3200,3200
24501,0,3200,3200
24502,0,3200,3200
24503,0,3200,3200
24504,0,3200,3200
24505,0,3200,3200
24506,0,3200,3200
24507,0,3200,3200
24508,0,3200,3200
24509,0,3200,3200
24510,0,3200,3200
24511,0,3200,3200
24512,0,3200,3200
24513,0,3200,3200
24514,0,3200,3200
24515,0,3200,3200
24516,0,3200,3200
24517,0,3200,3200
24518,0,3200,3200
24519,0,3200,3200
24520,0,3200,3200
24521,0,3200,3200
24522,0,3200,3200
24523,0,3200,3200
24524,0,3200,3200
24525,0,3200,3200
24526,0,3200,3200
24527,0,3200,3200
24528,0,3200,3200
24529,0,3200,3200
24530,0,3200,3200
24531,0,3200,3200
24532,0,3200,3200
24533,0,3200,3200
24534,0,3200,3200
24535,0,3200,3200
24536,0,3200,3200
24537,0,3200,3200
24538,0,3200,3200
24539,0,3200,3200
24540,0,3200,3200
24541,0,3200,3200
24542,0,3200,3200
24543,0,3200,3200
24544,0,3200,3200
24545,0,3200,3200
24546,0,3200,3200
24547,0,3200,3200
24548,0,3200,3200
24549,0,3200,3200
24550,0,3200,3200
24551,0,3200,3200
24552,0,3200,3200
24553,0,3200,3200
24554,0,3200,3200
24555,0,3200,3200
24556,0,3200,3200
24557,0,3200,3200
24558,0,3200,3200
24559,0,3200,3200
24560,0,3200,3200
24561,0,3200,3200
24562,0,3200,3200
24563,0,3200,3200
24564,0,3200,3200
24565,0,3200,3200
24566,0,3200,3200
24567,0,3200,3200
24568,0,3200,3200
24569,0,3200,3200
24570,0,3200,3200
24571,0,3200,3200
24572,0,3200,3200
24573,0,3200,3200
24574,0,3200,3200
24575,0,3200,3200
24576,0,3200,3200
24577,0,3200,3200
24578,0,3200,3200
24579,0,3200,3200
24580,0,3200,3200
24581,0,3200,3200
24582,0,3200,3200
24583,0,3200,3200
24584,0,3200,3200
24585,0,3200,3200
24586,0,3200,3200
24587,0,3200,3200
24588,0,3200,3200
24589,0,3200,3200
24590,0,3200,3200
24591,0,3200,3200
24592,0,3200,3200
24593,0,3200,3200
24594,0,3200,3200
24595,0,3200,3200
24596,0,3200,3200
24597,0,3200,3200
24598,0,3200,3200
24599,0,3200,3200
24600,0,3200,3200
24601,0,3200,3200
24602,0,3200,3200
24603,0,3200,3200
24604,0,3200,3200
24605,0,3200,3200
24606,0,3200,3200
24607,0,3200,3200
24608,0,3200,3200
24609,0,3200,3200
24610,0,3200,3200
24611,0,3200,3200
24612,0,3200,3200
24613,0,3200,3200
24614,0,3200,3200
24615,0,3200,3200
24616,0,3200,3200
24617,0,3200,3200
24618,0,3200,3200
24619,0,3200,3200
24620,0,3200,3200
24621,0,3200,3200
24622,0,3200,3200
24623,0,3200,3200
24624,0,3200,3200
24625,0,3200,3200
24626,0,3200,3200
24627,0,3200,3200
24628,0,3200,3200
24629,0,3200,3200
24630,0,3200,3200
24631,0,3200,3200
24632,0,3200,3200
24633,0,3200,3200
24634,0,3200,3200
24635,0,3200,3200
24636,0,3200,3200
24637,0,3200,3200
24638,0,3200,3200
24639,0,3200,3200
24640,0,3200,3200
24641,0,3200,3200
24642,0,3200,3200
24643,0,3200,3200
24644,0,3200,3200
24645,0,3200,3200
24646,0,3200,3200
24647,0,3200,3200
24648,0,3200,3200
24649,0,3200,3200
24650,0,3200,3200
24651,0,3200,3200
24652,0,3200,3200
24653,0,3200,3200
24654,0,3200,3200
24655,0,3200,3200
24656,0,3200,3200
24657,0,3200,3200
24658,0,3200,3200
24659,0,3200,3200
24660,0,3200,3200
24661,0,3200,3200
24662,0,3200,3200
24663,0,3200,3200
24664,0,3200,3200
24665,0,3200,3200
24666,0,3200,3200
24667,0,3200,3200
24668,0,3200,3200
24669,0,3200,3200
24670,0,3200,3200
24671,0,3200,3200
24672,0,3200,3200
24673,0,3200,3200
24674,0,3200,3200
24675,0,3200,3200
24676,0,3200,3200
24677,0,3200,3200
24678,0,3200,3200
24679,0,3200,3200
24680,0,3200,3200
24681,0,3200,3200
24682,0,3200,3200
24683,0,3200,3200
24684,0,3200,3200
24685,0,3200,3200
24686,0,3200,3200
24687,0,3200,3200
24688,0,3200,3200
24689,0,3200,3200
24690,0,3200,3200
24691,0,3200,3200
24692,0,3200,3200
24693,0,3200,3200
24694,0,3200,3200
24695,0,3200,3200
24696,0,3200,3200
24697,0,3200,3200
24698,0,3200,3200
24699,0,3200,3200
24700,0,3200,3200
24701,0,3200,3200
24702,0,3200,3200
24703,0,3200,3200
24704,0,3200,3200
24705,0,3200,3200
24706,0,3200,3200
24707,0,3200,3200
24708,0,3200,3200
24709,0,3200,3200
24710,0,3200,3200
24711,0,3200,3200
24712,0,3200,3200
24713,0,3200,3200
24714,0,3200,3200
24715,0,3200,3200
24716,0,3200,3200
24717,0,3200,3200
24718,0,3200,3200
24719,0,3200,3200
24720,0,3200,3200
24721,0,3200,3200
24722,0,3200,3200
24723,0,3200,3200
24724,0,3200,3200
24725,0,3200,3200
24726,0,3200,3200
24727,0,3200,3200
24728,0,3200,3200
24729,0,3200,3200
24730,0,3200,3200
24731,0,3200,3200
24732,0,3200,3200
24733,0,3200,3200
24734,0,3200,3200
24735,0,3200,3200
24736,0,3200,3200
24737,0,3200,3200
24738,0,3200,3200
24739,0,3200,3200
24740,0,3200,3200
24741,0,3200,3200
24742,0,3200,3200
24743,0,3200,3200
24744,0,3200,3200
24745,0,3200,3200
24746,0,3200,3200
24747,0,3200,3200
24748,0,3200,3200
24749,0,3200,3200
24750,0,3200,3200
24751,0,3200,3200
24752,0,3200,3200
24753,0,3200,3200
24754,0,3200,3200
24755,0,3200,3200
24756,0,3200,3200
24757,0,3200,3200
24758,0,3200,3200
24759,0,3200,3200
24760,0,3200,3200
24761,0,3200,3200
24762,0,3200,3200
24763,0,3200,3200
24764,0,3200,3200
24765,0,3200,3200
24766,0,3200,3200
24767,0,3200,3200
24768,0,3200,3200
24769,0,3200,3200
24770,0,3200,3200
24771,0,3200,3200
24772,0,3200,3200
24773,0,3200,3200
24774,0,3200,3200
24775,0,3200,3200
24776,0,3200,3200
24777,0,3200,3200
24778,0,3200,3200
24779,0,3200,3200
24780,0,3200,3200
24781,0,3200,3200
24782,0,3200,3200
24783,0,3200,3200
24784,0,3200,3200
24785,0,3200,3200
24786,0,3200,3200
24787,0,3200,3200
24788,0,3200,3200
24789,0,3200,3200
24790,0,3200,3200
24791,0,3200,3200
24792,0,3200,3200
24793,0,3200,3200
24794,0,3200,3200
24795,0,3200,3200
24796,0,3200,3200
24797,0,3200,3200
24798,0,3200,3200
24799,0,3200,3200
24800,0,3200,3200
24801,0,3200,3200
24802,0,3200,3200
24803,0,3200,3200
24804,0,3200,3200
24805,0,3200,3200
24806,0,3200,3200
24807,0,3200,3200
24808,0,3200,3200
24809,0,3200,3200
24810,0,3200,3200
24811,0,3200,3200
24812,0,3200,3200
24813,0,3200,3200
24814,0,3200,3200
24815,0,3200,3200
24816,0,3200,3200
24817,0,3200,3200
24818,0,3200,3200
24819,0,3200,3200
24820,0,3200,3200
24821,0,3200,3200
24822,0,3200,3200
24823,0,3200,3200
24824,0,3200,3200
24825,0,3200,3200
24826,0,3200,3200
24827,0,3200,3200
24828,0,3200,3200
24829,0,3200,3200
24830,0,3200,3200
24831,0,3200,3200
24832,0,3200,3200
24833,0,3200,3200
24834,0,3200,3200
24835,0,3200,3200
24836,0,3200,3200
24837,0,3200,3200
24838,0,3200,3200
24839,0,3200,3200
24840,0,3200,3200
24841,0,3200,3200
24842,0,3200,3200
24843,0,3200,3200
24844,0,3200,3200
24845,0,3200,3200
24846,0,3200,3200
24847,0,3200,3200
24848,0,3200,3200
24849,0,3200,3200
24850,0,3200,3200
24851,0,3200,3200
24852,0,3200,3200
24853,0,3200,3200
24854,0,3200,3200
24855,0,3200,3200
24856,0,3200,3200
24857,0,3200,3200
24858,0,3200,3200
24859,0,3200,3200
24860,0,3200,3200
24861,0,3200,3200
24862,0,3200,3200
24863,0,3200,3200
24864,0,3200,3200
24865,0,3200,3200
24866,0,3200,3200
24867,0,3200,3200
24868,0,3200,3200
24869,0,3200,3200
24870,0,3200,3200
24871,0,3200,3200
24872,0,3200,3200
24873,0,3200,3200
24874,0,3200,3200
24875,0,3200,3200
24876,0,3200,3200
24877,0,3200,3200
24878,0,3200,3200
24879,0,3200,3200
24880,0,3200,3200
24881,0,3200,3200
24882,0,3200,3200
24883,0,3200,3200
24884,0,3200,3200
24885,0,3200,3200
24886,0,3200,3200
24887,0,3200,3200
24888,0,3200,3200
24889,0,3200,3200
24890,0,3200,3200
24891,0,3200,3200
24892,0,3200,3200
24893,0,3200,3200
24894,0,3200,3200
24895,0,3200,3200
24896,0,3200,3200
24897,0,3200,3200
24898,0,3200,3200
24899,0,3200,3200
24900,0,3200,3200
24901,0,3200,3200
24902,0,3200,3200
24903,0,3200,3200
24904,0,3200,3200
24905,0,3200,3200
24906,0,3200,3200
24907,0,3200,3200
24908,0,3200,3200
24909,0,3200,3200
24910,0,3200,3200
24911,0,3200,3200
24912,0,3200,3200
24913,0,3200,3200
24914,0,3200,3200
24915,0,3200,3200
24916,0,3200,3200
24917,0,3200,3200
24918,0,3200,3200
24919,0,3200,3200
24920,0,3200,3200
24921,0,3200,3200
24922,0,3200,3200
24923,0,3200,3200
24924,0,3200,3200
24925,0,3200,3200
24926,0,3200,3200
24927,0,3200,3200
24928,0,3200,3200
24929,0,3200,3200
24930,0,3200,3200
24931,0,3200,3200
24932,0,3200,3200
24933,0,3200,3200
24934,0,3200,3200
24935,0,3200,3200
24936,0,3200,3200
24937,0,3200,3200
24938,0,3200,3200
24939,0,3200,3200
24940,0,3200,3200
24941,0,3200,3200
24942,0,3200,3200
24943,0,3200,3200
24944,0,3200,3200
24945,0,3200,3200
24946,0,3200,3200
24947,0,3200,3200
24948,0,3200,3200
24949,0,3200,3200
24950,0,3200,3200
24951,0,3200,3200
24952,0,3200,3200
24953,0,3200,3200
24954,0,3200,3200
24955,0,3200,3200
24956,0,3200,3200
24957,0,3200,3200
24958,0,3200,3200
24959,0,3200,3200
24960,0,3200,3200
24961,0,3200,3200
24962,0,3200,3200
24963,0,3200,3200
24964,0,3200,3200
24965,0,3200,3200
24966,0,3200,3200
24967,0,3200,3200
24968,0,3200,3200
24969,0,3200,3200
24970,0,3200,3200
24971,0,3200,3200
24972,0,3200,3200
24973,0,3200,3200
24974,0,3200,3200
24975,0,3200,3200
24976,0,3200,3200
24977,0,3200,3200
24978,0,3200,3200
24979,0,3200,3200
24980,0,3200,3200
24981,0,3200,3200
24982,0,3200,3200
24983,0,3200,3200
24984,0,3200,3200
24985,0,3200,3200
24986,0,3200,3200
24987,0,3200,3200
24988,0,3200,3200
24989,0,3200,3200
24990,0,3200,3200
24991,0,3200,3200
24992,0,3200,3200
24993,0,3200,3200
24994,0,3200,3200
24995,0,3200,3200
24996,0,3200,3200
24997,0,3200,3200
24998,0,3200,3200
24999,0,3200,3200
25000,0,3200,3200
25001,0,3200,3200
25002,0,3200,3200
25003,0,3200,3200
25004,0,3200,3200
25005,0,3200,3200
25006,0,3200,3200
25007,0,3200,3200
25008,0,3200,3200
25009,0,3200,3200
25010,0,3200,3200
25011,0,3200,3200
25012,0,3200,3200
25013,0,3200,3200
25014,0,3200,3200
25015,0,3200,3200
25016,0,3200,3200
25017,0,3200,3200
25018,0,3200,3200
25019,0,3200,3200
25020,0,3200,3200
25021,0,3200,3200
25022,0,3200,3200
25023,0,3200,3200
25024,0,3200,3200
25025,0,3200,3200
25026,0,3200,3200
25027,0,3200,3200
25028,0,3200,3200
25029,0,3200,3200
25030,0,3200,3200
25031,0,3200,3200
25032,0,3200,3200
25033,0,3200,3200
25034,0,3200,3200
25035,0,3200,3200
25036,0,3200,3200
25037,0,3200,3200
25038,0,3200,3200
25039,0,3200,3200
25040,0,3200,3200
25041,0,3200,3200
25042,0,3200,3200
25043,0,3200,3200
25044,0,3200,3200
25045,0,3200,3200
25046,0,3200,3200
25047,0,3200,3200
25048,0,3200,3200
25049,0,3200,3200
25050,0,3200,3200
25051,0,3200,3200
25052,0,3200,3200
25053,0,3200,3200
25054,0,3200,3200
25055,0,3200,3200
25056,0,3200,3200
25057,0,3200,3200
25058,0,3200,3200
25059,0,3200,3200
25060,0,3200,3200
25061,0,3200,3200
25062,0,3200,3200
25063,0,3200,3200
25064,0,3200,3200
25065,0,3200,3200
25066,0,3200,3200
25067,0,3200,3200
25068,0,3200,3200
25069,0,3200,3200
25070,0,3200,3200
25071,0,3200,3200
25072,0,3200,3200
25073,0,3200,3200
25074,0,3200,3200
25075,0,3200,3200
25076,0,3200,3200
25077,0,3200,3200
25078,0,3200,3200
25079,0,3200,3200
25080,0,3200,3200
25081,0,3200,3200
25082,0,3200,3200
25083,0,3200,3200
25084,0,3200,3200
25085,0,3200,3200
25086,0,3200,3200
25087,0,3200,3200
25088,0,3200,3200
25089,0,3200,3200
25090,0,3200,3200
25091,0,3200,3200
25092,0,3200,3200
25093,0,3200,3200
25094,0,3200,3200
25095,0,3200,3200
25096,0,3200,3200
25097,0,3200,3200
25098,0,3200,3200
25099,0,3200,3200
25100,0,3200,3200
25101,0,3200,3200
25102,0,3200,3200
25103,0,3200,3200
25104,0,3200,3200
25105,0,3200,3200
25106,0,3200,3200
25107,0,3200,3200
25108,0,3200,3200
25109,0,3200,3200
25110,0,3200,3200
25111,0,3200,3200
25112,0,3200,3200
25113,0,3200,3200
25114,0,3200,3200
25115,0,3200,3200
25116,0,3200,3200
25117,0,3200,3200
25118,0,3200,3200
25119,0,3200,3200
25120,0,3200,3200
25121,0,3200,3200
25122,0,3200,3200
25123,0,3200,3200
25124,0,3200,3200
25125,0,3200,3200
25126,0,3200,3200
25127,0,3200,3200
25128,0,3200,3200
25129,0,3200,3200
25130,0,3200,3200
25131,0,3200,3200
25132,0,3200,3200
25133,0,3200,3200
25134,0,3200,3200
25135,0,3200,3200
25136,0,3200,3200
25137,0,3200,3200
25138,0,3200,3200
25139,0,3200,3200
25140,0,3200,3200
25141,0,3200,3200
25142,0,3200,3200
25143,0,3200,3200
25144,0,3200,3200
25145,0,3200,3200
25146,0,3200,3200
25147,0,3200,3200
25148,0,3200,3200
25149,0,3200,3200
25150,0,3200,3200
25151,0,3200,3200
25152,0,3200,3200
25153,0,3200,3200
25154,0,3200,3200
25155,0,3200,3200
25156,0,3200,3200
25157,0,3200,3200
25158,0,3200,3200
25159,0,3200,3200
25160,0,3200,3200
25161,0,3200,3200
25162,0,3200,3200
25163,0,3200,3200
25164,0,3200,3200
25165,0,3200,3200
25166,0,3200,3200
25167,0,3200,3200
25168,0,3200,3200
25169,0,3200,3200
25170,0,3200,3200
25171,0,3200,3200
25172,0,3200,3200
25173,0,3200,3200
25174,0,3200,3200
25175,0,3200,3200
25176,0,3200,3200
25177,0,3200,3200
25178,0,3200,3200
25179,0,3200,3200
25180,0,3200,3200
25181,0,3200,3200
25182,0,3200,3200
25183,0,3200,3200
25184,0,3200,3200
25185,0,3200,3200
25186,0,3200,3200
25187,0,3200,3200
25188,0,3200,3200
25189,0,3200,3200
25190,0,3200,3200
25191,0,3200,3200
25192,0,3200,3200
25193,0,3200,3200
25194,0,3200,3200
25195,0,3200,3200
25196,0,3200,3200
25197,0,3200,3200
25198,0,3200,3200
25199,0,3200,3200
25200,0,3200,3200
25201,0,3200,3200
25202,0,3200,3200
25203,0,3200,3200
25204,0,3200,3200
25205,0,3200,3200
25206,0,3200,3200
25207,0,3200,3200
25208,0,3200,3200
25209,0,3200,3200
25210,0,3200,3200
25211,0,3200,3200
25212,0,3200,3200
25213,0,3200,3200
25214,0,3200,3200
25215,0,3200,3200
25216,0,3200,3200
25217,0,3200,3200
25218,0,3200,3200
25219,0,3200,3200
25220,0,3200,3200
25221,0,3200,3200
25222,0,3200,3200
25223,0,3200,3200
25224,0,3200,3200
25225,0,3200,3200
25226,0,3200,3200
25227,0,3200,3200
25228,0,3200,3200
25229,0,3200,3200
25230,0,3200,3200
25231,0,3200,3200
25232,0,3200,3200
25233,0,3200,3200
25234,0,3200,3200
25235,0,3200,3200
25236,0,3200,3200
25237,0,3200,3200
25238,0,3200,3200
25239,0,3200,3200
25240,0,3200,3200
25241,0,3200,3200
25242,0,3200,3200
25243,0,3200,3200
25244,0,3200,3200
25245,0,3200,3200
25246,0,3200,3200
25247,0,3200,3200
25248,0,3200,3200
25249,0,3200,3200
25250,0,3200,3200
25251,0,3200,3200
25252,0,3200,3200
25253,0,3200,3200
25254,0,3200,3200
25255,0,3200,3200
25256,0,3200,3200
25257,0,3200,3200
25258,0,3200,3200
25259,0,3200,3200
25260,0,3200,3200
