lot,campus_exit,campus_exit_from_t0_s,campus_exit_travel_s,finish_exit,finish_from_t0_s
P5,Stadium Way,1452,1391,Brewer Park,1559
P7,Bronson Ave & University Dr,3744,3683,Brewer Park,5506
P7,Bronson Ave & University Dr,11568,11507,Brewer Park,12031
P1,Colonel By,233,172,Hogs Back Plaza (SW dest.),445
P7,Bronson Ave & University Dr,6584,6523,Brewer Park,7367
P7,Bronson Ave & University Dr,11920,11859,Brewer Park,12720
P5,Stadium Way,1719,1658,Brewer Park,1830
P1,Colonel By,268,207,Hogs Back Plaza (SW dest.),490
P7,Bronson Ave & University Dr,11864,11803,Brewer Park,12658
P5,Stadium Way,731,670,Brewer Park,840
P5,Stadium Way,1735,1674,Brewer Park,1848
P7,Bronson Ave & University Dr,3209,3148,Brewer Park,3671
P5,Stadium Way,594,533,Brewer Park,703
P5,Stadium Way,1331,1270,Brewer Park,1439
P7,Bronson Ave & University Dr,3252,3191,Brewer Park,3710
P7,Bronson Ave & University Dr,6430,6369,Brewer Park,6893
P5,Stadium Way,2888,2827,Brewer Park,3003
P5,Stadium Way,2953,2892,Brewer Park,3070
P5,Stadium Way,2285,2224,Brewer Park,2391
P1,Colonel By,148,87,Hogs Back Plaza (SW dest.),332
P7,Bronson Ave & University Dr,6400,6339,Brewer Park,7179
P7,Bronson Ave & University Dr,6272,6211,Brewer Park,6747
P5,Stadium Way,2449,2388,Brewer Park,2560
P1,Colonel By,430,369,Hogs Back Plaza (SW dest.),691
P7,Bronson Ave & University Dr,11552,11491,Brewer Park,12306
P7,Bronson Ave & University Dr,3374,3313,Brewer Park,3854
P2,Colonel By,492,431,Hogs Back Plaza (SW dest.),835
P5,Stadium Way,1093,1032,Brewer Park,1201
P7,Bronson Ave & University Dr,5601,5540,Brewer Park,6063
P5,Stadium Way,2098,2037,Brewer Park,2214
P5,Stadium Way,2504,2443,Brewer Park,2607
P5,Stadium Way,1659,1598,Brewer Park,1766
P7,Bronson Ave & University Dr,5104,5043,Brewer Park,5565
P5,Stadium Way,2017,1956,Brewer Park,2131
P7,Bronson Ave & University Dr,5639,5578,Brewer Park,6123
P5,Stadium Way,881,820,Brewer Park,991
P7,Bronson Ave & University Dr,11529,11468,Brewer Park,11978
P2,Colonel By,206,145,Hogs Back Plaza (SW dest.),766
P5,Stadium Way,543,482,Brewer Park,654
P5,Stadium Way,1504,1443,Brewer Park,1613
P7,Bronson Ave & University Dr,7093,7032,Brewer Park,7572
P5,Stadium Way,1738,1677,Brewer Park,1853
P7,Bronson Ave & University Dr,11806,11745,Brewer Park,12592
P5,Stadium Way,2291,2230,Brewer Park,2402
P7,Bronson Ave & University Dr,5624,5563,Brewer Park,6102
P7,Bronson Ave & University Dr,5192,5131,Brewer Park,5683
P7,Bronson Ave & University Dr,12435,12374,Brewer Park,12894
P7,Bronson Ave & University Dr,3764,3703,Brewer Park,5529
P7,Bronson Ave & University Dr,6980,6919,Brewer Park,7453
P7,Bronson Ave & University Dr,5155,5094,Brewer Park,5624
P5,Stadium Way,350,289,Brewer Park,451
P7,Bronson Ave & University Dr,6470,6409,Brewer Park,7261
P5,Stadium Way,1882,1821,Brewer Park,1987
P1,Colonel By,252,191,Hogs Back Plaza (SW dest.),465
P7,Bronson Ave & University Dr,6266,6205,Brewer Park,6735
P5,Stadium Way,1437,1376,Brewer Park,1547
P5,Stadium Way,170,109,Brewer Park,197
P7,Bronson Ave & University Dr,11551,11490,Brewer Park,12302
P5,Stadium Way,2792,2731,Brewer Park,2914
P1,Colonel By,237,176,Hogs Back Plaza (SW dest.),449
P5,Stadium Way,2585,2524,Brewer Park,2691
P5,Stadium Way,2393,2332,Brewer Park,2500
P7,Bronson Ave & University Dr,6550,6489,Brewer Park,7340
P7,Bronson Ave & University Dr,6347,6286,Brewer Park,7123
P7,Bronson Ave & University Dr,3147,3086,Brewer Park,3603
P7,Bronson Ave & University Dr,11298,11237,Brewer Park,11744
P5,Stadium Way,2725,2664,Brewer Park,2833
P5,Stadium Way,1700,1639,Brewer Park,1804
P5,Stadium Way,1489,1428,Brewer Park,1596
P5,Stadium Way,715,654,Brewer Park,822
P7,Bronson Ave & University Dr,11512,11451,Brewer Park,11956
P5,Stadium Way,2122,2061,Brewer Park,2231
P5,Stadium Way,3000,2939,Brewer Park,3103
P7,Bronson Ave & University Dr,3489,3428,Brewer Park,3955
P5,Stadium Way,670,609,Brewer Park,776
P7,Bronson Ave & University Dr,3682,3621,Brewer Park,5465
P5,Stadium Way,1526,1465,Brewer Park,1625
P7,Bronson Ave & University Dr,12300,12239,Brewer Park,12770
P5,Stadium Way,2489,2428,Brewer Park,2599
P5,Stadium Way,365,304,Brewer Park,468
P5,Stadium Way,2679,2618,Brewer Park,2786
P7,Bronson Ave & University Dr,5195,5134,Brewer Park,5687
P2,Colonel By,168,107,Hogs Back Plaza (SW dest.),626
P5,Stadium Way,2833,2772,Brewer Park,2944
P7,Bronson Ave & University Dr,11481,11420,Brewer Park,11934
P7,Bronson Ave & University Dr,3342,3281,Brewer Park,3807
P5,Stadium Way,752,691,Brewer Park,862
P7,Bronson Ave & University Dr,6909,6848,Brewer Park,7397
P1,Colonel By,329,268,Hogs Back Plaza (SW dest.),564
P2,Colonel By,595,534,Hogs Back Plaza (SW dest.),1019
P1,Colonel By,133,72,Hogs Back Plaza (SW dest.),312
P7,Bronson Ave & University Dr,178,117,Brewer Park,3254
P7,Bronson Ave & University Dr,7281,7220,Brewer Park,7762
P7,Bronson Ave & University Dr,5306,5245,Brewer Park,5783
P1,Colonel By,345,284,Hogs Back Plaza (SW dest.),582
P5,Stadium Way,176,115,Brewer Park,205
P5,Stadium Way,2110,2049,Brewer Park,2223
P5,Stadium Way,2197,2136,Brewer Park,2304
P7,Bronson Ave & University Dr,5730,5669,Brewer Park,6202
P5,Stadium Way,1430,1369,Brewer Park,1537
P5,Stadium Way,289,228,Brewer Park,351
P5,Stadium Way,1042,981,Brewer Park,1149
P7,Bronson Ave & University Dr,5281,5220,Brewer Park,5756
P7,Bronson Ave & University Dr,3072,3011,Brewer Park,3523
P2,Colonel By,654,593,Hogs Back Plaza (SW dest.),1121
P7,Bronson Ave & University Dr,5849,5788,Brewer Park,6329
P7,Bronson Ave & University Dr,7332,7271,Brewer Park,7810
P7,Bronson Ave & University Dr,6372,6311,Brewer Park,7153
P7,Bronson Ave & University Dr,6151,6090,Brewer Park,6612
P7,Bronson Ave & University Dr,5946,5885,Brewer Park,6424
P5,Stadium Way,1906,1845,Brewer Park,2015
P5,Stadium Way,991,930,Brewer Park,1101
P5,Stadium Way,429,368,Brewer Park,548
P5,Stadium Way,148,87,Brewer Park,177
P5,Stadium Way,423,362,Brewer Park,540
P7,Bronson Ave & University Dr,5423,5362,Brewer Park,5889
P5,Stadium Way,323,262,Brewer Park,409
P5,Stadium Way,2534,2473,Brewer Park,2646
P7,Bronson Ave & University Dr,6340,6279,Brewer Park,7108
P2,Colonel By,565,504,Hogs Back Plaza (SW dest.),966
P5,Stadium Way,2665,2604,Brewer Park,2773
P5,Stadium Way,1586,1525,Brewer Park,1688
P5,Stadium Way,375,314,Brewer Park,481
P5,Stadium Way,2375,2314,Brewer Park,2486
P5,Stadium Way,1961,1900,Brewer Park,2074
P5,Stadium Way,1343,1282,Brewer Park,1452
P5,Stadium Way,1853,1792,Brewer Park,1965
P2,Colonel By,580,519,Hogs Back Plaza (SW dest.),997
P7,Bronson Ave & University Dr,3574,3513,Brewer Park,5341
P7,Bronson Ave & University Dr,6023,5962,Brewer Park,6505
P5,Stadium Way,1147,1086,Brewer Park,1268
P7,Bronson Ave & University Dr,6903,6842,Brewer Park,7385
P7,Bronson Ave & University Dr,11413,11352,Brewer Park,11879
P7,Bronson Ave & University Dr,11462,11401,Brewer Park,11929
P7,Bronson Ave & University Dr,6349,6288,Brewer Park,7128
P7,Bronson Ave & University Dr,231,170,Brewer Park,3322
P7,Bronson Ave & University Dr,5775,5714,Brewer Park,6245
P5,Stadium Way,2094,2033,Brewer Park,2210
P7,Bronson Ave & University Dr,6468,6407,Brewer Park,7256
P7,Bronson Ave & University Dr,6315,6254,Brewer Park,6785
P1,Colonel By,200,139,Hogs Back Plaza (SW dest.),404
P5,Stadium Way,1590,1529,Brewer Park,1706
P5,Stadium Way,1712,1651,Brewer Park,1821
P7,Bronson Ave & University Dr,3580,3519,Brewer Park,5350
P7,Bronson Ave & University Dr,7069,7008,Brewer Park,7547
P1,Colonel By,289,228,Hogs Back Plaza (SW dest.),515
P7,Bronson Ave & University Dr,11655,11594,Brewer Park,12411
P2,Colonel By,650,589,Hogs Back Plaza (SW dest.),1112
P7,Bronson Ave & University Dr,7095,7034,Brewer Park,7576
P7,Bronson Ave & University Dr,3150,3089,Brewer Park,3607
P7,Bronson Ave & University Dr,6297,6236,Brewer Park,7067
P7,Bronson Ave & University Dr,11331,11270,Brewer Park,11787
P7,Bronson Ave & University Dr,5895,5834,Brewer Park,6383
P5,Stadium Way,858,797,Brewer Park,969
P7,Bronson Ave & University Dr,11690,11629,Brewer Park,12461
P7,Bronson Ave & University Dr,5426,5365,Brewer Park,5894
P1,Colonel By,138,77,Hogs Back Plaza (SW dest.),318
P5,Stadium Way,345,284,Brewer Park,443
P7,Bronson Ave & University Dr,5529,5468,Brewer Park,6005
P7,Bronson Ave & University Dr,3672,3611,Brewer Park,5447
P7,Bronson Ave & University Dr,5711,5650,Brewer Park,6183
P5,Stadium Way,296,235,Brewer Park,364
P5,Stadium Way,2689,2628,Brewer Park,2798
P2,Colonel By,496,435,Hogs Back Plaza (SW dest.),844
P7,Bronson Ave & University Dr,173,112,Brewer Park,3246
P5,Stadium Way,676,615,Brewer Park,780
P5,Stadium Way,810,749,Brewer Park,922
P7,Bronson Ave & University Dr,7126,7065,Brewer Park,7598
P7,Bronson Ave & University Dr,3093,3032,Brewer Park,3557
P1,Colonel By,109,48,Hogs Back Plaza (SW dest.),280
P5,Stadium Way,1570,1509,Brewer Park,1669
P2,Colonel By,588,527,Hogs Back Plaza (SW dest.),1010
P5,Stadium Way,2819,2758,Brewer Park,2930
P7,Bronson Ave & University Dr,5561,5500,Brewer Park,6031
P1,Colonel By,415,354,Hogs Back Plaza (SW dest.),677
P7,Bronson Ave & University Dr,11733,11672,Brewer Park,12502
P1,Colonel By,104,43,Hogs Back Plaza (SW dest.),275
P7,Bronson Ave & University Dr,6285,6224,Brewer Park,6764
P5,Stadium Way,2597,2536,Brewer Park,2709
P5,Stadium Way,2221,2160,Brewer Park,2334
P7,Bronson Ave & University Dr,3198,3137,Brewer Park,3653
P5,Stadium Way,1706,1645,Brewer Park,1813
P7,Bronson Ave & University Dr,11453,11392,Brewer Park,11912
P7,Bronson Ave & University Dr,3414,3353,Brewer Park,3892
P7,Bronson Ave & University Dr,5691,5630,Brewer Park,6158
P7,Bronson Ave & University Dr,5183,5122,Brewer Park,5671
P7,Bronson Ave & University Dr,6983,6922,Brewer Park,7461
P7,Bronson Ave & University Dr,11853,11792,Brewer Park,12640
P7,Bronson Ave & University Dr,11634,11573,Brewer Park,12108
P1,Colonel By,246,185,Hogs Back Plaza (SW dest.),457
P7,Bronson Ave & University Dr,5728,5667,Brewer Park,6197
P7,Bronson Ave & University Dr,5632,5571,Brewer Park,6115
P7,Bronson Ave & University Dr,11592,11531,Brewer Park,12343
P5,Stadium Way,2346,2285,Brewer Park,2459
P5,Stadium Way,3087,3026,Brewer Park,3199
P5,Stadium Way,1869,1808,Brewer Park,1978
P7,Bronson Ave & University Dr,11667,11606,Brewer Park,12421
P5,Stadium Way,1919,1858,Brewer Park,2033
P7,Bronson Ave & University Dr,7275,7214,Brewer Park,7753
P1,Colonel By,141,80,Hogs Back Plaza (SW dest.),322
P5,Stadium Way,1302,1241,Brewer Park,1410
P7,Bronson Ave & University Dr,5176,5115,Brewer Park,5657
P7,Bronson Ave & University Dr,5179,5118,Brewer Park,5662
P7,Bronson Ave & University Dr,6387,6326,Brewer Park,7170
P2,Colonel By,484,423,Hogs Back Plaza (SW dest.),822
P5,Stadium Way,253,192,Brewer Park,307
P7,Bronson Ave & University Dr,11308,11247,Brewer Park,11757
P7,Bronson Ave & University Dr,11764,11703,Brewer Park,12227
P5,Stadium Way,336,275,Brewer Park,427
P1,Colonel By,193,132,Hogs Back Plaza (SW dest.),395
P7,Bronson Ave & University Dr,182,121,Brewer Park,3259
P7,Bronson Ave & University Dr,5958,5897,Brewer Park,6441
P7,Bronson Ave & University Dr,7186,7125,Brewer Park,7667
P5,Stadium Way,1114,1053,Brewer Park,1227
P7,Bronson Ave & University Dr,3329,3268,Brewer Park,3786
P2,Colonel By,203,142,Hogs Back Plaza (SW dest.),762
P5,Stadium Way,2186,2125,Brewer Park,2292
P7,Bronson Ave & University Dr,6050,5989,Brewer Park,6526
P5,Stadium Way,728,667,Brewer Park,835
P7,Bronson Ave & University Dr,3714,3653,Brewer Park,5495
P5,Stadium Way,2464,2403,Brewer Park,2577
P7,Bronson Ave & University Dr,5692,5631,Brewer Park,6162
P7,Bronson Ave & University Dr,7386,7325,Brewer Park,7857
P5,Stadium Way,2126,2065,Brewer Park,2240
P7,Bronson Ave & University Dr,7140,7079,Brewer Park,7620
P7,Bronson Ave & University Dr,5558,5497,Brewer Park,6023
P7,Bronson Ave & University Dr,3668,3607,Brewer Park,5444
P7,Bronson Ave & University Dr,6431,6370,Brewer Park,7214
P5,Stadium Way,3062,3001,Brewer Park,3166
P7,Bronson Ave & University Dr,5807,5746,Brewer Park,6285
P5,Stadium Way,2806,2745,Brewer Park,2922
P5,Stadium Way,1995,1934,Brewer Park,2111
P7,Bronson Ave & University Dr,7245,7184,Brewer Park,7719
P5,Stadium Way,915,854,Brewer Park,1030
P7,Bronson Ave & University Dr,5384,5323,Brewer Park,5852
P5,Stadium Way,478,417,Brewer Park,596
P5,Stadium Way,2150,2089,Brewer Park,2258
P7,Bronson Ave & University Dr,11837,11776,Brewer Park,12619
P5,Stadium Way,831,770,Brewer Park,943
P7,Bronson Ave & University Dr,6359,6298,Brewer Park,7136
P7,Bronson Ave & University Dr,5133,5072,Brewer Park,5616
P5,Stadium Way,1577,1516,Brewer Park,1674
P5,Stadium Way,2014,1953,Brewer Park,2127
P7,Bronson Ave & University Dr,6436,6375,Brewer Park,6902
P7,Bronson Ave & University Dr,6917,6856,Brewer Park,7404
P1,Colonel By,398,337,Hogs Back Plaza (SW dest.),659
P5,Stadium Way,656,595,Brewer Park,759
P7,Bronson Ave & University Dr,5111,5050,Brewer Park,5573
P7,Bronson Ave & University Dr,11516,11455,Brewer Park,12276
P7,Bronson Ave & University Dr,6177,6116,Brewer Park,6649
P7,Bronson Ave & University Dr,12512,12451,Brewer Park,12963
P2,Colonel By,518,457,Hogs Back Plaza (SW dest.),878
P7,Bronson Ave & University Dr,11644,11583,Brewer Park,12117
P5,Stadium Way,318,257,Brewer Park,400
P5,Stadium Way,844,783,Brewer Park,956
P5,Stadium Way,2353,2292,Brewer Park,2464
P7,Bronson Ave & University Dr,12509,12448,Brewer Park,12959
P1,Colonel By,422,361,Hogs Back Plaza (SW dest.),682
P7,Bronson Ave & University Dr,12340,12279,Brewer Park,12800
P7,Bronson Ave & University Dr,11707,11646,Brewer Park,12172
P5,Stadium Way,520,459,Brewer Park,631
P7,Bronson Ave & University Dr,465,404,Brewer Park,3462
P1,Colonel By,176,115,Hogs Back Plaza (SW dest.),371
P5,Stadium Way,1342,1281,Brewer Park,1448
P5,Stadium Way,265,204,Brewer Park,316
P5,Stadium Way,2244,2183,Brewer Park,2360
P7,Bronson Ave & University Dr,11829,11768,Brewer Park,12297
P7,Bronson Ave & University Dr,5872,5811,Brewer Park,6353
P7,Bronson Ave & University Dr,5516,5455,Brewer Park,5984
P5,Stadium Way,1198,1137,Brewer Park,1312
P1,Colonel By,230,169,Hogs Back Plaza (SW dest.),441
P5,Stadium Way,2886,2825,Brewer Park,2999
P7,Bronson Ave & University Dr,6540,6479,Brewer Park,7332
P5,Stadium Way,2513,2452,Brewer Park,2624
P7,Bronson Ave & University Dr,12400,12339,Brewer Park,12873
P7,Bronson Ave & University Dr,376,315,Brewer Park,3445
P5,Stadium Way,515,454,Brewer Park,623
P7,Bronson Ave & University Dr,162,101,Brewer Park,3238
P5,Stadium Way,1650,1589,Brewer Park,1758
P5,Stadium Way,395,334,Brewer Park,503
P7,Bronson Ave & University Dr,11640,11579,Brewer Park,12395
P7,Bronson Ave & University Dr,11421,11360,Brewer Park,11884
P5,Stadium Way,1402,1341,Brewer Park,1509
P5,Stadium Way,1028,967,Brewer Park,1128
P7,Bronson Ave & University Dr,6287,6226,Brewer Park,7054
P7,Bronson Ave & University Dr,5491,5430,Brewer Park,5958
P7,Bronson Ave & University Dr,6477,6416,Brewer Park,6949
P7,Bronson Ave & University Dr,11442,11381,Brewer Park,11904
P7,Bronson Ave & University Dr,12355,12294,Brewer Park,12824
P7,Bronson Ave & University Dr,108,47,Brewer Park,395
P5,Stadium Way,2607,2546,Brewer Park,2717
P7,Bronson Ave & University Dr,3558,3497,Brewer Park,5324
P7,Bronson Ave & University Dr,6141,6080,Brewer Park,6607
P7,Bronson Ave & University Dr,6517,6456,Brewer Park,7295
P5,Stadium Way,2343,2282,Brewer Park,2455
P7,Bronson Ave & University Dr,6019,5958,Brewer Park,6496
P5,Stadium Way,235,174,Brewer Park,280
P7,Bronson Ave & University Dr,6362,6301,Brewer Park,7140
P7,Bronson Ave & University Dr,11716,11655,Brewer Park,12479
P5,Stadium Way,2976,2915,Brewer Park,3090
P5,Stadium Way,1178,1117,Brewer Park,1290
P7,Bronson Ave & University Dr,11565,11504,Brewer Park,12314
P5,Stadium Way,139,78,Brewer Park,165
P7,Bronson Ave & University Dr,11758,11697,Brewer Park,12545
P5,Stadium Way,937,876,Brewer Park,1042
P7,Bronson Ave & University Dr,7062,7001,Brewer Park,7538
P7,Bronson Ave & University Dr,225,164,Brewer Park,3313
P7,Bronson Ave & University Dr,269,208,Brewer Park,3374
P1,Colonel By,170,109,Hogs Back Plaza (SW dest.),359
P5,Stadium Way,1237,1176,Brewer Park,1347
P2,Colonel By,552,491,Hogs Back Plaza (SW dest.),940
P7,Bronson Ave & University Dr,6280,6219,Brewer Park,6756
P5,Stadium Way,2780,2719,Brewer Park,2896
P7,Bronson Ave & University Dr,7022,6961,Brewer Park,7507
P5,Stadium Way,1195,1134,Brewer Park,1307
P7,Bronson Ave & University Dr,11876,11815,Brewer Park,12670
P7,Bronson Ave & University Dr,5340,5279,Brewer Park,5822
P7,Bronson Ave & University Dr,11763,11702,Brewer Park,12557
P5,Stadium Way,2625,2564,Brewer Park,2725
P5,Stadium Way,1966,1905,Brewer Park,2079
P7,Bronson Ave & University Dr,3206,3145,Brewer Park,3666
P7,Bronson Ave & University Dr,3327,3266,Brewer Park,3782
P5,Stadium Way,1546,1485,Brewer Park,1642
P7,Bronson Ave & University Dr,11306,11245,Brewer Park,11753
P7,Bronson Ave & University Dr,6230,6169,Brewer Park,6697
P5,Stadium Way,2772,2711,Brewer Park,2887
P7,Bronson Ave & University Dr,11588,11527,Brewer Park,12339
P7,Bronson Ave & University Dr,6278,6217,Brewer Park,6752
P7,Bronson Ave & University Dr,305,244,Brewer Park,3412
P5,Stadium Way,2055,1994,Brewer Park,2165
P7,Bronson Ave & University Dr,3173,3112,Brewer Park,3636
P5,Stadium Way,1220,1159,Brewer Park,1333
P7,Bronson Ave & University Dr,3008,2947,Brewer Park,3488
P7,Bronson Ave & University Dr,207,146,Brewer Park,3288
P7,Bronson Ave & University Dr,94,33,Brewer Park,356
P7,Bronson Ave & University Dr,7330,7269,Brewer Park,7802
P7,Bronson Ave & University Dr,5102,5041,Brewer Park,5561
P7,Bronson Ave & University Dr,12347,12286,Brewer Park,12809
P5,Stadium Way,1138,1077,Brewer Park,1255
P7,Bronson Ave & University Dr,11799,11738,Brewer Park,12258
P7,Bronson Ave & University Dr,6987,6926,Brewer Park,7466
P1,Colonel By,160,99,Hogs Back Plaza (SW dest.),346
P7,Bronson Ave & University Dr,3508,3447,Brewer Park,3976
P7,Bronson Ave & University Dr,11649,11588,Brewer Park,12403
P7,Bronson Ave & University Dr,5421,5360,Brewer Park,5885
P7,Bronson Ave & University Dr,5853,5792,Brewer Park,6336
P7,Bronson Ave & University Dr,11518,11457,Brewer Park,11960
P7,Bronson Ave & University Dr,6235,6174,Brewer Park,6705
P7,Bronson Ave & University Dr,6589,6528,Brewer Park,7059
P7,Bronson Ave & University Dr,3341,3280,Brewer Park,3803
P5,Stadium Way,1226,1165,Brewer Park,1338
P7,Bronson Ave & University Dr,3350,3289,Brewer Park,3819
P7,Bronson Ave & University Dr,12357,12296,Brewer Park,12830
P7,Bronson Ave & University Dr,7012,6951,Brewer Park,7495
P5,Stadium Way,2929,2868,Brewer Park,3046
P5,Stadium Way,1268,1207,Brewer Park,1379
P7,Bronson Ave & University Dr,12534,12473,Brewer Park,13014
P7,Bronson Ave & University Dr,5474,5413,Brewer Park,5932
P5,Stadium Way,1763,1702,Brewer Park,1878
P5,Stadium Way,2070,2009,Brewer Park,2186
P5,Stadium Way,1651,1590,Brewer Park,1762
P7,Bronson Ave & University Dr,6072,6011,Brewer Park,6559
P7,Bronson Ave & University Dr,3517,3456,Brewer Park,4007
P7,Bronson Ave & University Dr,5454,5393,Brewer Park,5915
P7,Bronson Ave & University Dr,12529,12468,Brewer Park,13010
P7,Bronson Ave & University Dr,6906,6845,Brewer Park,7389
P5,Stadium Way,1697,1636,Brewer Park,1800
P7,Bronson Ave & University Dr,6101,6040,Brewer Park,6573
P7,Bronson Ave & University Dr,7178,7117,Brewer Park,7654
P7,Bronson Ave & University Dr,5614,5553,Brewer Park,6089
P1,Colonel By,319,258,Hogs Back Plaza (SW dest.),553
P5,Stadium Way,2743,2682,Brewer Park,2848
P5,Stadium Way,320,259,Brewer Park,405
P5,Stadium Way,2510,2449,Brewer Park,2616
P5,Stadium Way,2592,2531,Brewer Park,2700
P5,Stadium Way,1848,1787,Brewer Park,1958
P7,Bronson Ave & University Dr,5984,5923,Brewer Park,6458
P5,Stadium Way,3065,3004,Brewer Park,3170
P7,Bronson Ave & University Dr,169,108,Brewer Park,3242
P7,Bronson Ave & University Dr,12331,12270,Brewer Park,12791
P7,Bronson Ave & University Dr,3456,3395,Brewer Park,3913
P7,Bronson Ave & University Dr,7017,6956,Brewer Park,7499
P7,Bronson Ave & University Dr,5701,5640,Brewer Park,6175
P1,Colonel By,122,61,Hogs Back Plaza (SW dest.),296
P7,Bronson Ave & University Dr,11685,11624,Brewer Park,12452
P5,Stadium Way,1037,976,Brewer Park,1141
P5,Stadium Way,1300,1239,Brewer Park,1405
P5,Stadium Way,544,483,Brewer Park,658
P7,Bronson Ave & University Dr,3088,3027,Brewer Park,3544
P5,Stadium Way,3099,3038,Brewer Park,3208
P7,Bronson Ave & University Dr,3384,3323,Brewer Park,3862
P5,Stadium Way,2087,2026,Brewer Park,2198
P1,Colonel By,323,262,Hogs Back Plaza (SW dest.),557
P2,Colonel By,397,336,Hogs Back Plaza (SW dest.),797
P5,Stadium Way,1466,1405,Brewer Park,1578
P5,Stadium Way,2084,2023,Brewer Park,2194
P5,Stadium Way,2036,1975,Brewer Park,2145
P5,Stadium Way,985,924,Brewer Park,1093
P5,Stadium Way,2795,2734,Brewer Park,2918
P7,Bronson Ave & University Dr,11665,11604,Brewer Park,12136
P7,Bronson Ave & University Dr,5535,5474,Brewer Park,6010
P7,Bronson Ave & University Dr,7216,7155,Brewer Park,7684
P5,Stadium Way,2120,2059,Brewer Park,2227
P5,Stadium Way,3020,2959,Brewer Park,3128
P5,Stadium Way,462,401,Brewer Park,574
P7,Bronson Ave & University Dr,7331,7270,Brewer Park,7806
P7,Bronson Ave & University Dr,3250,3189,Brewer Park,3705
P5,Stadium Way,620,559,Brewer Park,725
P7,Bronson Ave & University Dr,11485,11424,Brewer Park,11944
P2,Colonel By,555,494,Hogs Back Plaza (SW dest.),944
P5,Stadium Way,1851,1790,Brewer Park,1961
P5,Stadium Way,528,467,Brewer Park,640
P7,Bronson Ave & University Dr,11754,11693,Brewer Park,12214
P5,Stadium Way,1030,969,Brewer Park,1132
P5,Stadium Way,376,315,Brewer Park,485
P7,Bronson Ave & University Dr,5616,5555,Brewer Park,6093
P7,Bronson Ave & University Dr,6013,5952,Brewer Park,6488
P5,Stadium Way,2173,2112,Brewer Park,2276
P7,Bronson Ave & University Dr,11611,11550,Brewer Park,12359
P7,Bronson Ave & University Dr,6536,6475,Brewer Park,7328
P1,Colonel By,442,381,Hogs Back Plaza (SW dest.),706
P5,Stadium Way,1134,1073,Brewer Park,1246
P7,Bronson Ave & University Dr,5369,5308,Brewer Park,5831
P7,Bronson Ave & University Dr,6497,6436,Brewer Park,7279
P5,Stadium Way,2327,2266,Brewer Park,2446
P5,Stadium Way,2470,2409,Brewer Park,2581
P7,Bronson Ave & University Dr,6080,6019,Brewer Park,6563
P5,Stadium Way,2682,2621,Brewer Park,2790
P5,Stadium Way,1691,1630,Brewer Park,1795
P7,Bronson Ave & University Dr,5413,5352,Brewer Park,5873
P7,Bronson Ave & University Dr,7272,7211,Brewer Park,7749
P7,Bronson Ave & University Dr,247,186,Brewer Park,3344
P7,Bronson Ave & University Dr,7138,7077,Brewer Park,7615
P5,Stadium Way,194,133,Brewer Park,229
P7,Bronson Ave & University Dr,5089,5028,Brewer Park,5556
P7,Bronson Ave & University Dr,3469,3408,Brewer Park,3930
P7,Bronson Ave & University Dr,6542,6481,Brewer Park,7336
P7,Bronson Ave & University Dr,5610,5549,Brewer Park,6080
P7,Bronson Ave & University Dr,5129,5068,Brewer Park,5607
P7,Bronson Ave & University Dr,6462,6401,Brewer Park,7248
P7,Bronson Ave & University Dr,6318,6257,Brewer Park,6793
P5,Stadium Way,1594,1533,Brewer Park,1710
P5,Stadium Way,1284,1223,Brewer Park,1391
P5,Stadium Way,1365,1304,Brewer Park,1478
P5,Stadium Way,1621,1560,Brewer Park,1733
P5,Stadium Way,2531,2470,Brewer Park,2641
P7,Bronson Ave & University Dr,11423,11362,Brewer Park,11888
P7,Bronson Ave & University Dr,3481,3420,Brewer Park,3943
P2,Colonel By,561,500,Hogs Back Plaza (SW dest.),957
P5,Stadium Way,2416,2355,Brewer Park,2521
P7,Bronson Ave & University Dr,11640,11579,Brewer Park,12391
P1,Colonel By,350,289,Hogs Back Plaza (SW dest.),590
P7,Bronson Ave & University Dr,6267,6206,Brewer Park,6739
P2,Colonel By,399,338,Hogs Back Plaza (SW dest.),801
P5,Stadium Way,1347,1286,Brewer Park,1461
P5,Stadium Way,3056,2995,Brewer Park,3157
P7,Bronson Ave & University Dr,5887,5826,Brewer Park,6370
P7,Bronson Ave & University Dr,11510,11449,Brewer Park,11952
P7,Bronson Ave & University Dr,5086,5025,Brewer Park,5551
P5,Stadium Way,2699,2638,Brewer Park,2810
P5,Stadium Way,2047,1986,Brewer Park,2153
P7,Bronson Ave & University Dr,6433,6372,Brewer Park,6897
P5,Stadium Way,2459,2398,Brewer Park,2569
P7,Bronson Ave & University Dr,11340,11279,Brewer Park,11795
P5,Stadium Way,1169,1108,Brewer Park,1281
P7,Bronson Ave & University Dr,3185,3124,Brewer Park,3649
P5,Stadium Way,2879,2818,Brewer Park,2990
P5,Stadium Way,1392,1331,Brewer Park,1492
P5,Stadium Way,2569,2508,Brewer Park,2683
P5,Stadium Way,1407,1346,Brewer Park,1517
P7,Bronson Ave & University Dr,11800,11739,Brewer Park,12584
P5,Stadium Way,3074,3013,Brewer Park,3178
P5,Stadium Way,1865,1804,Brewer Park,1974
P7,Bronson Ave & University Dr,6390,6329,Brewer Park,6860
P5,Stadium Way,442,381,Brewer Park,561
P7,Bronson Ave & University Dr,5399,5338,Brewer Park,5869
P7,Bronson Ave & University Dr,5770,5709,Brewer Park,6236
P5,Stadium Way,533,472,Brewer Park,649
P2,Colonel By,212,151,Hogs Back Plaza (SW dest.),775
P5,Stadium Way,2883,2822,Brewer Park,2995
P7,Bronson Ave & University Dr,234,173,Brewer Park,3326
P7,Bronson Ave & University Dr,5222,5161,Brewer Park,5695
P7,Bronson Ave & University Dr,7132,7071,Brewer Park,7611
P5,Stadium Way,693,632,Brewer Park,799
P7,Bronson Ave & University Dr,3160,3099,Brewer Park,3615
P5,Stadium Way,1555,1494,Brewer Park,1655
P7,Bronson Ave & University Dr,11609,11548,Brewer Park,12081
P7,Bronson Ave & University Dr,3428,3367,Brewer Park,3901
P1,Colonel By,326,265,Hogs Back Plaza (SW dest.),560
P7,Bronson Ave & University Dr,3324,3263,Brewer Park,3774
P5,Stadium Way,2660,2599,Brewer Park,2765
P5,Stadium Way,1798,1737,Brewer Park,1907
P7,Bronson Ave & University Dr,6047,5986,Brewer Park,6522
P1,Colonel By,151,90,Hogs Back Plaza (SW dest.),337
P7,Bronson Ave & University Dr,3680,3619,Brewer Park,5461
P5,Stadium Way,2760,2699,Brewer Park,2865
P7,Bronson Ave & University Dr,3695,3634,Brewer Park,5482
P7,Bronson Ave & University Dr,204,143,Brewer Park,3283
P2,Colonel By,658,597,Hogs Back Plaza (SW dest.),1128
P2,Colonel By,504,443,Hogs Back Plaza (SW dest.),861
P7,Bronson Ave & University Dr,3380,3319,Brewer Park,3858
P7,Bronson Ave & University Dr,6352,6291,Brewer Park,7132
P7,Bronson Ave & University Dr,7269,7208,Brewer Park,7744
P7,Bronson Ave & University Dr,5225,5164,Brewer Park,5699
P7,Bronson Ave & University Dr,11607,11546,Brewer Park,12077
P5,Stadium Way,629,568,Brewer Park,738
P7,Bronson Ave & University Dr,11602,11541,Brewer Park,12351
P7,Bronson Ave & University Dr,5249,5188,Brewer Park,5727
P5,Stadium Way,2753,2692,Brewer Park,2857
P5,Stadium Way,2283,2222,Brewer Park,2387
P5,Stadium Way,2945,2884,Brewer Park,3062
P7,Bronson Ave & University Dr,11565,11504,Brewer Park,12027
P7,Bronson Ave & University Dr,5381,5320,Brewer Park,5848
P7,Bronson Ave & University Dr,11265,11204,Brewer Park,11723
P5,Stadium Way,141,80,Brewer Park,169
P7,Bronson Ave & University Dr,5637,5576,Brewer Park,6119
P7,Bronson Ave & University Dr,5571,5510,Brewer Park,6045
P7,Bronson Ave & University Dr,3547,3486,Brewer Park,5311
P7,Bronson Ave & University Dr,6374,6313,Brewer Park,6833
P7,Bronson Ave & University Dr,3157,3096,Brewer Park,3611
P7,Bronson Ave & University Dr,11622,11561,Brewer Park,12372
P5,Stadium Way,2922,2861,Brewer Park,3037
P5,Stadium Way,2641,2580,Brewer Park,2748
P7,Bronson Ave & University Dr,5626,5565,Brewer Park,6106
P5,Stadium Way,1040,979,Brewer Park,1145
P7,Bronson Ave & University Dr,12484,12423,Brewer Park,12926
P5,Stadium Way,434,373,Brewer Park,552
P5,Stadium Way,872,811,Brewer Park,982
P5,Stadium Way,1291,1230,Brewer Park,1396
P7,Bronson Ave & University Dr,6465,6404,Brewer Park,7252
P5,Stadium Way,2394,2333,Brewer Park,2504
P5,Stadium Way,1529,1468,Brewer Park,1630
P5,Stadium Way,623,562,Brewer Park,730
P7,Bronson Ave & University Dr,5719,5658,Brewer Park,6192
P7,Bronson Ave & University Dr,5718,5657,Brewer Park,6188
P7,Bronson Ave & University Dr,6317,6256,Brewer Park,7090
P5,Stadium Way,280,219,Brewer Park,338
P7,Bronson Ave & University Dr,12404,12343,Brewer Park,12878
P1,Colonel By,380,319,Hogs Back Plaza (SW dest.),630
P5,Stadium Way,3085,3024,Brewer Park,3195
P5,Stadium Way,2280,2219,Brewer Park,2382
P7,Bronson Ave & University Dr,5336,5275,Brewer Park,5813
P7,Bronson Ave & University Dr,11658,11597,Brewer Park,12416
P5,Stadium Way,877,816,Brewer Park,987
P2,Colonel By,512,451,Hogs Back Plaza (SW dest.),870
P5,Stadium Way,2092,2031,Brewer Park,2206
P7,Bronson Ave & University Dr,6309,6248,Brewer Park,6776
P7,Bronson Ave & University Dr,6282,6221,Brewer Park,6760
P5,Stadium Way,2986,2925,Brewer Park,3099
P7,Bronson Ave & University Dr,3203,3142,Brewer Park,3662
P1,Colonel By,462,401,Hogs Back Plaza (SW dest.),728
P5,Stadium Way,1239,1178,Brewer Park,1351
P5,Stadium Way,185,124,Brewer Park,217
P7,Bronson Ave & University Dr,11660,11599,Brewer Park,12426
P7,Bronson Ave & University Dr,3656,3595,Brewer Park,5427
P7,Bronson Ave & University Dr,6071,6010,Brewer Park,6555
P7,Bronson Ave & University Dr,3112,3051,Brewer Park,3577
P5,Stadium Way,699,638,Brewer Park,807
P7,Bronson Ave & University Dr,6481,6420,Brewer Park,6958
P7,Bronson Ave & University Dr,11441,11380,Brewer Park,11900
P7,Bronson Ave & University Dr,6257,6196,Brewer Park,6726
P7,Bronson Ave & University Dr,7063,7002,Brewer Park,7542
P5,Stadium Way,697,636,Brewer Park,803
P7,Bronson Ave & University Dr,5135,5074,Brewer Park,5620
P7,Bronson Ave & University Dr,3471,3410,Brewer Park,3935
P7,Bronson Ave & University Dr,5386,5325,Brewer Park,5856
P7,Bronson Ave & University Dr,11411,11350,Brewer Park,11875
P7,Bronson Ave & University Dr,11631,11570,Brewer Park,12103
P1,Colonel By,127,66,Hogs Back Plaza (SW dest.),302
P7,Bronson Ave & University Dr,3642,3581,Brewer Park,5419
P5,Stadium Way,1054,993,Brewer Park,1158
P7,Bronson Ave & University Dr,7180,7119,Brewer Park,7659
P5,Stadium Way,666,605,Brewer Park,772
P7,Bronson Ave & University Dr,6434,6373,Brewer Park,7219
P5,Stadium Way,1710,1649,Brewer Park,1817
P7,Bronson Ave & University Dr,5485,5424,Brewer Park,5949
P7,Bronson Ave & University Dr,12303,12242,Brewer Park,12774
P7,Bronson Ave & University Dr,3463,3402,Brewer Park,3926
P7,Bronson Ave & University Dr,12382,12321,Brewer Park,12851
P7,Bronson Ave & University Dr,138,77,Brewer Park,695
P7,Bronson Ave & University Dr,5941,5880,Brewer Park,6416
P2,Colonel By,618,557,Hogs Back Plaza (SW dest.),1058
P7,Bronson Ave & University Dr,12430,12369,Brewer Park,12890
P1,Colonel By,99,38,Hogs Back Plaza (SW dest.),269
P7,Bronson Ave & University Dr,5463,5402,Brewer Park,5919
P7,Bronson Ave & University Dr,11328,11267,Brewer Park,11783
P7,Bronson Ave & University Dr,11839,11778,Brewer Park,12622
P7,Bronson Ave & University Dr,11536,11475,Brewer Park,11990
P7,Bronson Ave & University Dr,6469,6408,Brewer Park,6941
P5,Stadium Way,2907,2846,Brewer Park,3016
P5,Stadium Way,911,850,Brewer Park,1026
P7,Bronson Ave & University Dr,3588,3527,Brewer Park,5367
P7,Bronson Ave & University Dr,11645,11584,Brewer Park,12399
P5,Stadium Way,1351,1290,Brewer Park,1466
P7,Bronson Ave & University Dr,11388,11327,Brewer Park,11846
P5,Stadium Way,1091,1030,Brewer Park,1197
P1,Colonel By,130,69,Hogs Back Plaza (SW dest.),307
P7,Bronson Ave & University Dr,7416,7355,Brewer Park,7891
P2,Colonel By,628,567,Hogs Back Plaza (SW dest.),1074
P7,Bronson Ave & University Dr,5172,5111,Brewer Park,5649
P5,Stadium Way,2133,2072,Brewer Park,2245
P5,Stadium Way,956,895,Brewer Park,1064
P7,Bronson Ave & University Dr,12505,12444,Brewer Park,12951
P7,Bronson Ave & University Dr,5981,5920,Brewer Park,6454
P7,Bronson Ave & University Dr,5278,5217,Brewer Park,5748
P7,Bronson Ave & University Dr,3583,3522,Brewer Park,5358
P7,Bronson Ave & University Dr,3348,3287,Brewer Park,3815
P5,Stadium Way,505,444,Brewer Park,618
P7,Bronson Ave & University Dr,3372,3311,Brewer Park,3849
P7,Bronson Ave & University Dr,3277,3216,Brewer Park,3726
P5,Stadium Way,2764,2703,Brewer Park,2873
P1,Colonel By,114,53,Hogs Back Plaza (SW dest.),286
P5,Stadium Way,982,921,Brewer Park,1089
P5,Stadium Way,1110,1049,Brewer Park,1219
P7,Bronson Ave & University Dr,6339,6278,Brewer Park,6806
P1,Colonel By,458,397,Hogs Back Plaza (SW dest.),724
P5,Stadium Way,834,773,Brewer Park,947
P7,Bronson Ave & University Dr,11563,11502,Brewer Park,12023
P7,Bronson Ave & University Dr,7223,7162,Brewer Park,7697
P7,Bronson Ave & University Dr,3502,3441,Brewer Park,3969
P5,Stadium Way,2512,2451,Brewer Park,2620
P7,Bronson Ave & University Dr,3667,3606,Brewer Park,5440
P7,Bronson Ave & University Dr,6279,6218,Brewer Park,7045
P5,Stadium Way,2941,2880,Brewer Park,3054
P7,Bronson Ave & University Dr,3357,3296,Brewer Park,3832
P7,Bronson Ave & University Dr,5493,5432,Brewer Park,5962
P2,Colonel By,621,560,Hogs Back Plaza (SW dest.),1066
P7,Bronson Ave & University Dr,5802,5741,Brewer Park,6277
P5,Stadium Way,2475,2414,Brewer Park,2586
P5,Stadium Way,846,785,Brewer Park,960
P5,Stadium Way,795,734,Brewer Park,905
P7,Bronson Ave & University Dr,7099,7038,Brewer Park,7581
P7,Bronson Ave & University Dr,6368,6307,Brewer Park,7144
P5,Stadium Way,1703,1642,Brewer Park,1808
P7,Bronson Ave & University Dr,11617,11556,Brewer Park,12364
P7,Bronson Ave & University Dr,7123,7062,Brewer Park,7593
P5,Stadium Way,566,505,Brewer Park,682
P7,Bronson Ave & University Dr,11400,11339,Brewer Park,11862
P5,Stadium Way,2315,2254,Brewer Park,2428
P5,Stadium Way,1159,1098,Brewer Park,1277
P2,Colonel By,505,444,Hogs Back Plaza (SW dest.),865
P7,Bronson Ave & University Dr,6462,6401,Brewer Park,6928
P7,Bronson Ave & University Dr,7320,7259,Brewer Park,7792
P5,Stadium Way,788,727,Brewer Park,896
P7,Bronson Ave & University Dr,6320,6259,Brewer Park,6797
P7,Bronson Ave & University Dr,11630,11569,Brewer Park,12383
P5,Stadium Way,2636,2575,Brewer Park,2740
P5,Stadium Way,2212,2151,Brewer Park,2322
P7,Bronson Ave & University Dr,215,154,Brewer Park,3304
P7,Bronson Ave & University Dr,3660,3599,Brewer Park,5431
P7,Bronson Ave & University Dr,3520,3459,Brewer Park,5288
P5,Stadium Way,2722,2661,Brewer Park,2829
P5,Stadium Way,2664,2603,Brewer Park,2769
P7,Bronson Ave & University Dr,6380,6319,Brewer Park,6842
P7,Bronson Ave & University Dr,12443,12382,Brewer Park,12903
P7,Bronson Ave & University Dr,148,87,Brewer Park,3222
P7,Bronson Ave & University Dr,3314,3253,Brewer Park,3765
P7,Bronson Ave & University Dr,338,277,Brewer Park,3421
P5,Stadium Way,997,936,Brewer Park,1106
P5,Stadium Way,1827,1766,Brewer Park,1936
P7,Bronson Ave & University Dr,115,54,Brewer Park,493
P7,Bronson Ave & University Dr,126,65,Brewer Park,605
P2,Colonel By,177,116,Hogs Back Plaza (SW dest.),655
P7,Bronson Ave & University Dr,7129,7068,Brewer Park,7603
P7,Bronson Ave & University Dr,5787,5726,Brewer Park,6264
P7,Bronson Ave & University Dr,11821,11760,Brewer Park,12284
P5,Stadium Way,2023,1962,Brewer Park,2141
P5,Stadium Way,1873,1812,Brewer Park,1982
P7,Bronson Ave & University Dr,6207,6146,Brewer Park,6672
P7,Bronson Ave & University Dr,5820,5759,Brewer Park,6294
P5,Stadium Way,1823,1762,Brewer Park,1932
P7,Bronson Ave & University Dr,3458,3397,Brewer Park,3917
P7,Bronson Ave & University Dr,6949,6888,Brewer Park,7426
P2,Colonel By,221,160,Hogs Back Plaza (SW dest.),788
P2,Colonel By,184,123,Hogs Back Plaza (SW dest.),737
P7,Bronson Ave & University Dr,3393,3332,Brewer Park,3874
P5,Stadium Way,1803,1742,Brewer Park,1915
P5,Stadium Way,1144,1083,Brewer Park,1263
P5,Stadium Way,1729,1668,Brewer Park,1839
P5,Stadium Way,1531,1470,Brewer Park,1634
P7,Bronson Ave & University Dr,11394,11333,Brewer Park,11854
P7,Bronson Ave & University Dr,6043,5982,Brewer Park,6517
P7,Bronson Ave & University Dr,3768,3707,Brewer Park,5533
P5,Stadium Way,2919,2858,Brewer Park,3032
P5,Stadium Way,1009,948,Brewer Park,1116
P5,Stadium Way,1185,1124,Brewer Park,1299
P5,Stadium Way,1772,1711,Brewer Park,1883
P7,Bronson Ave & University Dr,11737,11676,Brewer Park,12510
P7,Bronson Ave & University Dr,3594,3533,Brewer Park,5371
P7,Bronson Ave & University Dr,6191,6130,Brewer Park,6961
P7,Bronson Ave & University Dr,3476,3415,Brewer Park,3939
P5,Stadium Way,2563,2502,Brewer Park,2674
P7,Bronson Ave & University Dr,12484,12423,Brewer Park,12943
P7,Bronson Ave & University Dr,7078,7017,Brewer Park,7560
P5,Stadium Way,1584,1523,Brewer Park,1684
P7,Bronson Ave & University Dr,11764,11703,Brewer Park,12554
P7,Bronson Ave & University Dr,11596,11535,Brewer Park,12061
P5,Stadium Way,2972,2911,Brewer Park,3082
P7,Bronson Ave & University Dr,7233,7172,Brewer Park,7701
P7,Bronson Ave & University Dr,6236,6175,Brewer Park,7009
P5,Stadium Way,3017,2956,Brewer Park,3125
P7,Bronson Ave & University Dr,6417,6356,Brewer Park,7196
P2,Colonel By,567,506,Hogs Back Plaza (SW dest.),974
P5,Stadium Way,165,104,Brewer Park,193
P7,Bronson Ave & University Dr,6300,6239,Brewer Park,7071
P7,Bronson Ave & University Dr,243,182,Brewer Park,3339
P5,Stadium Way,187,126,Brewer Park,221
P7,Bronson Ave & University Dr,6068,6007,Brewer Park,6550
P5,Stadium Way,1025,964,Brewer Park,1123
P7,Bronson Ave & University Dr,3678,3617,Brewer Park,5457
P7,Bronson Ave & University Dr,5866,5805,Brewer Park,6346
P7,Bronson Ave & University Dr,11707,11646,Brewer Park,12471
P7,Bronson Ave & University Dr,256,195,Brewer Park,3357
P5,Stadium Way,145,84,Brewer Park,173
P7,Bronson Ave & University Dr,250,189,Brewer Park,3348
P5,Stadium Way,2537,2476,Brewer Park,2650
P7,Bronson Ave & University Dr,11801,11740,Brewer Park,12588
P5,Stadium Way,908,847,Brewer Park,1018
P7,Bronson Ave & University Dr,7155,7094,Brewer Park,7628
P5,Stadium Way,971,910,Brewer Park,1080
P7,Bronson Ave & University Dr,5488,5427,Brewer Park,5953
P1,Colonel By,425,364,Hogs Back Plaza (SW dest.),686
P5,Stadium Way,161,100,Brewer Park,189
P7,Bronson Ave & University Dr,5581,5520,Brewer Park,6054
P5,Stadium Way,1640,1579,Brewer Park,1746
P1,Colonel By,144,83,Hogs Back Plaza (SW dest.),327
P7,Bronson Ave & University Dr,3235,3174,Brewer Park,3696
P5,Stadium Way,748,687,Brewer Park,854
P7,Bronson Ave & University Dr,3755,3694,Brewer Park,5525
P7,Bronson Ave & University Dr,296,235,Brewer Park,3403
P7,Bronson Ave & University Dr,3653,3592,Brewer Park,5423
P7,Bronson Ave & University Dr,262,201,Brewer Park,3365
P5,Stadium Way,1593,1532,Brewer Park,1697
P5,Stadium Way,2774,2713,Brewer Park,2891
P7,Bronson Ave & University Dr,6283,6222,Brewer Park,7050
P5,Stadium Way,2318,2257,Brewer Park,2436
P2,Colonel By,287,226,Hogs Back Plaza (SW dest.),793
P7,Bronson Ave & University Dr,6531,6470,Brewer Park,7324
P5,Stadium Way,828,767,Brewer Park,939
P1,Colonel By,313,252,Hogs Back Plaza (SW dest.),545
P7,Bronson Ave & University Dr,5832,5771,Brewer Park,6299
P5,Stadium Way,2045,1984,Brewer Park,2149
P5,Stadium Way,452,391,Brewer Park,570
P7,Bronson Ave & University Dr,5513,5452,Brewer Park,5980
P7,Bronson Ave & University Dr,3031,2970,Brewer Park,3497
P7,Bronson Ave & University Dr,7183,7122,Brewer Park,7663
P7,Bronson Ave & University Dr,5288,5227,Brewer Park,5760
P7,Bronson Ave & University Dr,5755,5694,Brewer Park,6223
P7,Bronson Ave & University Dr,5788,5727,Brewer Park,6268
P7,Bronson Ave & University Dr,7121,7060,Brewer Park,7589
P2,Colonel By,153,92,Hogs Back Plaza (SW dest.),388
P7,Bronson Ave & University Dr,5671,5610,Brewer Park,6153
P7,Bronson Ave & University Dr,12482,12421,Brewer Park,12922
P7,Bronson Ave & University Dr,11817,11756,Brewer Park,12605
P5,Stadium Way,1277,1216,Brewer Park,1387
P5,Stadium Way,2768,2707,Brewer Park,2882
P2,Colonel By,544,483,Hogs Back Plaza (SW dest.),923
P5,Stadium Way,2461,2400,Brewer Park,2573
P7,Bronson Ave & University Dr,11596,11535,Brewer Park,12347
P7,Bronson Ave & University Dr,11313,11252,Brewer Park,11761
P7,Bronson Ave & University Dr,7051,6990,Brewer Park,7529
P7,Bronson Ave & University Dr,6157,6096,Brewer Park,6620
P5,Stadium Way,3039,2978,Brewer Park,3145
P5,Stadium Way,481,420,Brewer Park,601
P5,Stadium Way,2731,2670,Brewer Park,2843
P7,Bronson Ave & University Dr,11618,11557,Brewer Park,12094
P5,Stadium Way,357,296,Brewer Park,460
P7,Bronson Ave & University Dr,5877,5816,Brewer Park,6362
P7,Bronson Ave & University Dr,11741,11680,Brewer Park,12201
P5,Stadium Way,224,163,Brewer Park,264
P7,Bronson Ave & University Dr,11577,11516,Brewer Park,12331
P5,Stadium Way,1035,974,Brewer Park,1137
P7,Bronson Ave & University Dr,6453,6392,Brewer Park,6920
P5,Stadium Way,2871,2810,Brewer Park,2985
P7,Bronson Ave & University Dr,7277,7216,Brewer Park,7757
P7,Bronson Ave & University Dr,11735,11674,Brewer Park,12506
P5,Stadium Way,2199,2138,Brewer Park,2309
P5,Stadium Way,1892,1831,Brewer Park,2006
P7,Bronson Ave & University Dr,5122,5061,Brewer Park,5595
P1,Colonel By,316,255,Hogs Back Plaza (SW dest.),549
P5,Stadium Way,2445,2384,Brewer Park,2556
P7,Bronson Ave & University Dr,5323,5262,Brewer Park,5800
P7,Bronson Ave & University Dr,6064,6003,Brewer Park,6546
P7,Bronson Ave & University Dr,188,127,Brewer Park,3267
P7,Bronson Ave & University Dr,5396,5335,Brewer Park,5864
P7,Bronson Ave & University Dr,478,417,Brewer Park,3475
P1,Colonel By,249,188,Hogs Back Plaza (SW dest.),461
P7,Bronson Ave & University Dr,11386,11325,Brewer Park,11842
P7,Bronson Ave & University Dr,3237,3176,Brewer Park,3700
P7,Bronson Ave & University Dr,6938,6877,Brewer Park,7417
P7,Bronson Ave & University Dr,6407,6346,Brewer Park,7187
P5,Stadium Way,2065,2004,Brewer Park,2177
P5,Stadium Way,978,917,Brewer Park,1084
P7,Bronson Ave & University Dr,11245,11184,Brewer Park,11706
P7,Bronson Ave & University Dr,5620,5559,Brewer Park,6097
P7,Bronson Ave & University Dr,6394,6333,Brewer Park,6864
P5,Stadium Way,1642,1581,Brewer Park,1750
P5,Stadium Way,123,62,Brewer Park,145
P7,Bronson Ave & University Dr,7130,7069,Brewer Park,7607
P5,Stadium Way,2674,2613,Brewer Park,2781
P7,Bronson Ave & University Dr,3359,3298,Brewer Park,3837
P5,Stadium Way,2718,2657,Brewer Park,2821
P7,Bronson Ave & University Dr,11392,11331,Brewer Park,11850
P5,Stadium Way,1986,1925,Brewer Park,2101
P7,Bronson Ave & University Dr,6574,6513,Brewer Park,7362
P5,Stadium Way,3011,2950,Brewer Park,3116
P5,Stadium Way,2009,1948,Brewer Park,2119
P7,Bronson Ave & University Dr,5979,5918,Brewer Park,6450
P7,Bronson Ave & University Dr,3091,3030,Brewer Park,3552
P7,Bronson Ave & University Dr,3037,2976,Brewer Park,3506
P5,Stadium Way,2602,2541,Brewer Park,2714
P2,Colonel By,563,502,Hogs Back Plaza (SW dest.),962
P7,Bronson Ave & University Dr,3776,3715,Brewer Park,5542
P5,Stadium Way,1233,1172,Brewer Park,1342
P7,Bronson Ave & University Dr,3619,3558,Brewer Park,5398
P7,Bronson Ave & University Dr,7039,6978,Brewer Park,7520
P5,Stadium Way,1760,1699,Brewer Park,1874
P7,Bronson Ave & University Dr,7261,7200,Brewer Park,7736
P7,Bronson Ave & University Dr,5290,5229,Brewer Park,5765
P7,Bronson Ave & University Dr,11793,11732,Brewer Park,12570
P5,Stadium Way,2232,2171,Brewer Park,2347
P5,Stadium Way,3033,2972,Brewer Park,3140
P7,Bronson Ave & University Dr,6134,6073,Brewer Park,6599
P5,Stadium Way,1361,1300,Brewer Park,1474
P5,Stadium Way,1753,1692,Brewer Park,1865
P5,Stadium Way,426,365,Brewer Park,544
P7,Bronson Ave & University Dr,12485,12424,Brewer Park,12930
P5,Stadium Way,2425,2364,Brewer Park,2534
P5,Stadium Way,200,139,Brewer Park,238
P7,Bronson Ave & University Dr,11690,11629,Brewer Park,12456
P7,Bronson Ave & University Dr,5915,5854,Brewer Park,6403
P7,Bronson Ave & University Dr,6343,6282,Brewer Park,7119
P5,Stadium Way,2975,2914,Brewer Park,3087
P7,Bronson Ave & University Dr,11937,11876,Brewer Park,12738
P7,Bronson Ave & University Dr,5753,5692,Brewer Park,6219
P7,Bronson Ave & University Dr,12508,12447,Brewer Park,12977
P7,Bronson Ave & University Dr,7170,7109,Brewer Park,7645
P5,Stadium Way,1400,1339,Brewer Park,1496
P5,Stadium Way,2409,2348,Brewer Park,2517
P5,Stadium Way,1969,1908,Brewer Park,2084
P7,Bronson Ave & University Dr,6426,6365,Brewer Park,7200
P5,Stadium Way,2301,2240,Brewer Park,2415
P7,Bronson Ave & University Dr,5378,5317,Brewer Park,5840
P7,Bronson Ave & University Dr,3300,3239,Brewer Park,3757
P7,Bronson Ave & University Dr,153,92,Brewer Park,3226
P2,Colonel By,216,155,Hogs Back Plaza (SW dest.),780
P7,Bronson Ave & University Dr,3482,3421,Brewer Park,3947
P7,Bronson Ave & University Dr,5246,5185,Brewer Park,5722
P2,Colonel By,548,487,Hogs Back Plaza (SW dest.),932
P7,Bronson Ave & University Dr,11403,11342,Brewer Park,11867
P7,Bronson Ave & University Dr,5922,5861,Brewer Park,6411
P7,Bronson Ave & University Dr,7263,7202,Brewer Park,7740
P5,Stadium Way,2868,2807,Brewer Park,2981
P7,Bronson Ave & University Dr,5700,5639,Brewer Park,6171
P7,Bronson Ave & University Dr,5778,5717,Brewer Park,6250
P5,Stadium Way,1206,1145,Brewer Park,1316
P7,Bronson Ave & University Dr,11809,11748,Brewer Park,12271
P1,Colonel By,264,203,Hogs Back Plaza (SW dest.),479
P7,Bronson Ave & University Dr,5524,5463,Brewer Park,5997
P7,Bronson Ave & University Dr,6395,6334,Brewer Park,7175
P5,Stadium Way,2423,2362,Brewer Park,2530
P5,Stadium Way,592,531,Brewer Park,699
P7,Bronson Ave & University Dr,11447,11386,Brewer Park,11908
P7,Bronson Ave & University Dr,12536,12475,Brewer Park,13019
P7,Bronson Ave & University Dr,6173,6112,Brewer Park,6644
P7,Bronson Ave & University Dr,6228,6167,Brewer Park,6693
P7,Bronson Ave & University Dr,6307,6246,Brewer Park,7076
P2,Colonel By,586,525,Hogs Back Plaza (SW dest.),1006
P5,Stadium Way,665,604,Brewer Park,768
P7,Bronson Ave & University Dr,294,233,Brewer Park,3399
P5,Stadium Way,1320,1259,Brewer Park,1428
P7,Bronson Ave & University Dr,5303,5242,Brewer Park,5779
P7,Bronson Ave & University Dr,11590,11529,Brewer Park,12057
P7,Bronson Ave & University Dr,176,115,Brewer Park,3250
P7,Bronson Ave & University Dr,11723,11662,Brewer Park,12184
P5,Stadium Way,1307,1246,Brewer Park,1419
P7,Bronson Ave & University Dr,5131,5070,Brewer Park,5611
P1,Colonel By,439,378,Hogs Back Plaza (SW dest.),702
P7,Bronson Ave & University Dr,11346,11285,Brewer Park,11808
P7,Bronson Ave & University Dr,11819,11758,Brewer Park,12610
P2,Colonel By,598,537,Hogs Back Plaza (SW dest.),1024
P7,Bronson Ave & University Dr,3175,3114,Brewer Park,3640
P5,Stadium Way,1834,1773,Brewer Park,1945
P5,Stadium Way,446,385,Brewer Park,565
P7,Bronson Ave & University Dr,5471,5410,Brewer Park,5928
P7,Bronson Ave & University Dr,5641,5580,Brewer Park,6127
P5,Stadium Way,1107,1046,Brewer Park,1214
P7,Bronson Ave & University Dr,5697,5636,Brewer Park,6166
P7,Bronson Ave & University Dr,11602,11541,Brewer Park,12069
P7,Bronson Ave & University Dr,6107,6046,Brewer Park,6582
P7,Bronson Ave & University Dr,12516,12455,Brewer Park,12994
P7,Bronson Ave & University Dr,6170,6109,Brewer Park,6636
P5,Stadium Way,221,160,Brewer Park,260
P7,Bronson Ave & University Dr,11625,11564,Brewer Park,12375
P7,Bronson Ave & University Dr,6008,5947,Brewer Park,6483
P7,Bronson Ave & University Dr,3258,3197,Brewer Park,3717
P5,Stadium Way,1126,1065,Brewer Park,1236
P5,Stadium Way,1808,1747,Brewer Park,1919
P7,Bronson Ave & University Dr,12514,12453,Brewer Park,12990
P7,Bronson Ave & University Dr,3485,3424,Brewer Park,3951
P5,Stadium Way,2554,2493,Brewer Park,2666
P2,Colonel By,487,426,Hogs Back Plaza (SW dest.),826
P7,Bronson Ave & University Dr,191,130,Brewer Park,3271
P5,Stadium Way,1388,1327,Brewer Park,1500
P7,Bronson Ave & University Dr,5997,5936,Brewer Park,6471
P5,Stadium Way,1941,1880,Brewer Park,2054
P7,Bronson Ave & University Dr,3212,3151,Brewer Park,3676
P5,Stadium Way,1214,1153,Brewer Park,1325
P5,Stadium Way,1191,1130,Brewer Park,1303
P7,Bronson Ave & University Dr,7164,7103,Brewer Park,7637
P7,Bronson Ave & University Dr,6412,6351,Brewer Park,6878
P2,Colonel By,607,546,Hogs Back Plaza (SW dest.),1036
P5,Stadium Way,2855,2794,Brewer Park,2969
P7,Bronson Ave & University Dr,3684,3623,Brewer Park,5469
P7,Bronson Ave & University Dr,3100,3039,Brewer Park,3565
P7,Bronson Ave & University Dr,11712,11651,Brewer Park,12475
P5,Stadium Way,1816,1755,Brewer Park,1924
P7,Bronson Ave & University Dr,6525,6464,Brewer Park,7312
P7,Bronson Ave & University Dr,137,76,Brewer Park,663
P7,Bronson Ave & University Dr,3165,3104,Brewer Park,3623
P7,Bronson Ave & University Dr,6961,6900,Brewer Park,7434
P7,Bronson Ave & University Dr,5908,5847,Brewer Park,6399
P7,Bronson Ave & University Dr,11397,11336,Brewer Park,11858
P5,Stadium Way,1102,1041,Brewer Park,1209
P5,Stadium Way,1958,1897,Brewer Park,2070
P5,Stadium Way,267,206,Brewer Park,320
P5,Stadium Way,2398,2337,Brewer Park,2508
P5,Stadium Way,3068,3007,Brewer Park,3174
P7,Bronson Ave & University Dr,5117,5056,Brewer Park,5586
P5,Stadium Way,308,247,Brewer Park,386
P7,Bronson Ave & University Dr,11379,11318,Brewer Park,11837
P7,Bronson Ave & University Dr,5709,5648,Brewer Park,6179
P5,Stadium Way,644,583,Brewer Park,755
P5,Stadium Way,1023,962,Brewer Park,1119
P7,Bronson Ave & University Dr,11617,11556,Brewer Park,12090
P5,Stadium Way,1007,946,Brewer Park,1111
P5,Stadium Way,988,927,Brewer Park,1097
P7,Bronson Ave & University Dr,6470,6409,Brewer Park,6945
P7,Bronson Ave & University Dr,12280,12219,Brewer Park,12762
P2,Colonel By,644,583,Hogs Back Plaza (SW dest.),1104
P5,Stadium Way,720,659,Brewer Park,826
P7,Bronson Ave & University Dr,6991,6930,Brewer Park,7475
P5,Stadium Way,772,711,Brewer Park,879
P5,Stadium Way,2081,2020,Brewer Park,2190
P5,Stadium Way,2234,2173,Brewer Park,2351
P1,Colonel By,279,218,Hogs Back Plaza (SW dest.),502
P7,Bronson Ave & University Dr,5164,5103,Brewer Park,5636
P7,Bronson Ave & University Dr,6330,6269,Brewer Park,7103
P7,Bronson Ave & University Dr,5367,5306,Brewer Park,5826
P2,Colonel By,558,497,Hogs Back Plaza (SW dest.),953
P7,Bronson Ave & University Dr,5869,5808,Brewer Park,6349
P7,Bronson Ave & University Dr,5477,5416,Brewer Park,5936
P7,Bronson Ave & University Dr,6028,5967,Brewer Park,6508
P7,Bronson Ave & University Dr,5496,5435,Brewer Park,5967
P7,Bronson Ave & University Dr,5781,5720,Brewer Park,6255
P7,Bronson Ave & University Dr,5244,5183,Brewer Park,5718
P5,Stadium Way,1884,1823,Brewer Park,1991
P5,Stadium Way,1774,1713,Brewer Park,1887
P5,Stadium Way,2835,2774,Brewer Park,2948
P7,Bronson Ave & University Dr,5893,5832,Brewer Park,6379
P7,Bronson Ave & University Dr,220,159,Brewer Park,3308
P5,Stadium Way,2214,2153,Brewer Park,2326
P5,Stadium Way,407,346,Brewer Park,522
P7,Bronson Ave & University Dr,7160,7099,Brewer Park,7632
P7,Bronson Ave & University Dr,3740,3679,Brewer Park,5502
P7,Bronson Ave & University Dr,6117,6056,Brewer Park,6586
P7,Bronson Ave & University Dr,6153,6092,Brewer Park,6616
P7,Bronson Ave & University Dr,12497,12436,Brewer Park,12968
P7,Bronson Ave & University Dr,11583,11522,Brewer Park,12049
P7,Bronson Ave & University Dr,5330,5269,Brewer Park,5805
P7,Bronson Ave & University Dr,5733,5672,Brewer Park,6206
P7,Bronson Ave & University Dr,11780,11719,Brewer Park,12245
P5,Stadium Way,2182,2121,Brewer Park,2288
P7,Bronson Ave & University Dr,6041,5980,Brewer Park,6513
P1,Colonel By,301,240,Hogs Back Plaza (SW dest.),528
P5,Stadium Way,598,537,Brewer Park,707
P7,Bronson Ave & University Dr,6497,6436,Brewer Park,6965
P7,Bronson Ave & University Dr,5279,5218,Brewer Park,5752
P2,Colonel By,187,126,Hogs Back Plaza (SW dest.),741
P7,Bronson Ave & University Dr,5840,5779,Brewer Park,6312
P5,Stadium Way,2541,2480,Brewer Park,2654
P7,Bronson Ave & University Dr,6269,6208,Brewer Park,6743
P5,Stadium Way,819,758,Brewer Park,935
P7,Bronson Ave & University Dr,7166,7105,Brewer Park,7641
P7,Bronson Ave & University Dr,5185,5124,Brewer Park,5675
P5,Stadium Way,1886,1825,Brewer Park,1996
P7,Bronson Ave & University Dr,6264,6203,Brewer Park,6730
P7,Bronson Ave & University Dr,12395,12334,Brewer Park,12865
P7,Bronson Ave & University Dr,11805,11744,Brewer Park,12262
P7,Bronson Ave & University Dr,11735,11674,Brewer Park,12189
P5,Stadium Way,1717,1656,Brewer Park,1826
P5,Stadium Way,1464,1403,Brewer Park,1564
P7,Bronson Ave & University Dr,3627,3566,Brewer Park,5412
P7,Bronson Ave & University Dr,7191,7130,Brewer Park,7672
P7,Bronson Ave & University Dr,6982,6921,Brewer Park,7457
P5,Stadium Way,1244,1183,Brewer Park,1355
P2,Colonel By,643,582,Hogs Back Plaza (SW dest.),1101
P5,Stadium Way,1648,1587,Brewer Park,1754
P2,Colonel By,191,130,Hogs Back Plaza (SW dest.),745
P7,Bronson Ave & University Dr,5470,5409,Brewer Park,5924
P7,Bronson Ave & University Dr,112,51,Brewer Park,455
P7,Bronson Ave & University Dr,6485,6424,Brewer Park,7270
P7,Bronson Ave & University Dr,7316,7255,Brewer Park,7788
P1,Colonel By,179,118,Hogs Back Plaza (SW dest.),375
P7,Bronson Ave & University Dr,11483,11422,Brewer Park,11939
P5,Stadium Way,2435,2374,Brewer Park,2547
P7,Bronson Ave & University Dr,130,69,Brewer Park,635
P7,Bronson Ave & University Dr,5604,5543,Brewer Park,6067
P7,Bronson Ave & University Dr,12349,12288,Brewer Park,12813
P7,Bronson Ave & University Dr,11321,11260,Brewer Park,11774
P7,Bronson Ave & University Dr,11690,11629,Brewer Park,12150
P7,Bronson Ave & University Dr,7214,7153,Brewer Park,7680
P7,Bronson Ave & University Dr,6168,6107,Brewer Park,6632
P2,Colonel By,566,505,Hogs Back Plaza (SW dest.),970
P5,Stadium Way,682,621,Brewer Park,789
P7,Bronson Ave & University Dr,6299,6238,Brewer Park,6772
P5,Stadium Way,815,754,Brewer Park,926
P7,Bronson Ave & University Dr,7193,7132,Brewer Park,7676
P5,Stadium Way,960,899,Brewer Park,1068
P7,Bronson Ave & University Dr,480,419,Brewer Park,3479
P7,Bronson Ave & University Dr,11813,11752,Brewer Park,12601
P7,Bronson Ave & University Dr,5559,5498,Brewer Park,6027
P7,Bronson Ave & University Dr,6592,6531,Brewer Park,7371
P5,Stadium Way,1835,1774,Brewer Park,1949
P7,Bronson Ave & University Dr,5954,5893,Brewer Park,6436
P5,Stadium Way,1255,1194,Brewer Park,1370
P5,Stadium Way,2762,2701,Brewer Park,2869
P7,Bronson Ave & University Dr,11721,11660,Brewer Park,12180
P7,Bronson Ave & University Dr,11517,11456,Brewer Park,12280
P5,Stadium Way,1589,1528,Brewer Park,1692
P7,Bronson Ave & University Dr,6510,6449,Brewer Park,7287
P5,Stadium Way,1295,1234,Brewer Park,1400
P7,Bronson Ave & University Dr,11762,11701,Brewer Park,12223
P1,Colonel By,394,333,Hogs Back Plaza (SW dest.),646
P5,Stadium Way,2407,2346,Brewer Park,2512
P7,Bronson Ave & University Dr,6317,6256,Brewer Park,6789
P5,Stadium Way,2109,2048,Brewer Park,2219
P5,Stadium Way,1674,1613,Brewer Park,1779
P5,Stadium Way,134,73,Brewer Park,156
P5,Stadium Way,1519,1458,Brewer Park,1618
P7,Bronson Ave & University Dr,474,413,Brewer Park,3471
P7,Bronson Ave & University Dr,5180,5119,Brewer Park,5666
P7,Bronson Ave & University Dr,5594,5533,Brewer Park,6059
P7,Bronson Ave & University Dr,5903,5842,Brewer Park,6391
P5,Stadium Way,343,282,Brewer Park,439
P5,Stadium Way,401,340,Brewer Park,517
P5,Stadium Way,2207,2146,Brewer Park,2318
P7,Bronson Ave & University Dr,7218,7157,Brewer Park,7689
P7,Bronson Ave & University Dr,11907,11846,Brewer Park,12699
P1,Colonel By,207,146,Hogs Back Plaza (SW dest.),413
P7,Bronson Ave & University Dr,6363,6302,Brewer Park,6819
P7,Bronson Ave & University Dr,3168,3107,Brewer Park,3627
P7,Bronson Ave & University Dr,3566,3505,Brewer Park,5328
P7,Bronson Ave & University Dr,5990,5929,Brewer Park,6467
P5,Stadium Way,2051,1990,Brewer Park,2157
P7,Bronson Ave & University Dr,12287,12226,Brewer Park,12766
P2,Colonel By,615,554,Hogs Back Plaza (SW dest.),1053
P7,Bronson Ave & University Dr,11825,11764,Brewer Park,12288
P7,Bronson Ave & University Dr,12437,12376,Brewer Park,12898
P5,Stadium Way,226,165,Brewer Park,268
P5,Stadium Way,1926,1865,Brewer Park,2042
P7,Bronson Ave & University Dr,5127,5066,Brewer Park,5603
P5,Stadium Way,2561,2500,Brewer Park,2670
P2,Colonel By,613,552,Hogs Back Plaza (SW dest.),1049
P7,Bronson Ave & University Dr,3256,3195,Brewer Park,3714
P2,Colonel By,164,103,Hogs Back Plaza (SW dest.),608
P7,Bronson Ave & University Dr,11545,11484,Brewer Park,11997
P7,Bronson Ave & University Dr,6292,6231,Brewer Park,7063
P2,Colonel By,480,419,Hogs Back Plaza (SW dest.),813
P5,Stadium Way,636,575,Brewer Park,746
P5,Stadium Way,1678,1617,Brewer Park,1787
P7,Bronson Ave & University Dr,6269,6208,Brewer Park,7037
P7,Bronson Ave & University Dr,7291,7230,Brewer Park,7766
P5,Stadium Way,575,514,Brewer Park,690
P5,Stadium Way,854,793,Brewer Park,965
P7,Bronson Ave & University Dr,5951,5890,Brewer Park,6432
P7,Bronson Ave & University Dr,7035,6974,Brewer Park,7515
P7,Bronson Ave & University Dr,11659,11598,Brewer Park,12128
P7,Bronson Ave & University Dr,6379,6318,Brewer Park,7161
P5,Stadium Way,798,737,Brewer Park,909
P7,Bronson Ave & University Dr,5320,5259,Brewer Park,5792
P7,Bronson Ave & University Dr,12502,12441,Brewer Park,12947
P5,Stadium Way,967,906,Brewer Park,1076
P7,Bronson Ave & University Dr,6463,6402,Brewer Park,6932
P5,Stadium Way,197,136,Brewer Park,233
P5,Stadium Way,2010,1949,Brewer Park,2123
P5,Stadium Way,137,76,Brewer Park,161
P7,Bronson Ave & University Dr,11240,11179,Brewer Park,11698
P5,Stadium Way,202,141,Brewer Park,242
P5,Stadium Way,1589,1528,Brewer Park,1702
P5,Stadium Way,1863,1802,Brewer Park,1969
P7,Bronson Ave & University Dr,5317,5256,Brewer Park,5787
P5,Stadium Way,3014,2953,Brewer Park,3121
P5,Stadium Way,241,180,Brewer Park,289
P7,Bronson Ave & University Dr,6426,6365,Brewer Park,6889
P5,Stadium Way,3045,2984,Brewer Park,3153
P7,Bronson Ave & University Dr,5483,5422,Brewer Park,5944
P5,Stadium Way,189,128,Brewer Park,225
P1,Colonel By,414,353,Hogs Back Plaza (SW dest.),673
P7,Bronson Ave & University Dr,11784,11723,Brewer Park,12249
P5,Stadium Way,153,92,Brewer Park,181
P5,Stadium Way,1085,1024,Brewer Park,1194
P5,Stadium Way,2356,2295,Brewer Park,2470
P2,Colonel By,639,578,Hogs Back Plaza (SW dest.),1092
P7,Bronson Ave & University Dr,7053,6992,Brewer Park,7533
P7,Bronson Ave & University Dr,3417,3356,Brewer Park,3896
P7,Bronson Ave & University Dr,3079,3018,Brewer Park,3531
P7,Bronson Ave & University Dr,11241,11180,Brewer Park,11702
P7,Bronson Ave & University Dr,11325,11264,Brewer Park,11778
P7,Bronson Ave & University Dr,11759,11698,Brewer Park,12218
P5,Stadium Way,910,849,Brewer Park,1022
P5,Stadium Way,817,756,Brewer Park,931
P7,Bronson Ave & University Dr,6456,6395,Brewer Park,6924
P5,Stadium Way,1419,1358,Brewer Park,1529
P7,Bronson Ave & University Dr,3145,3084,Brewer Park,3599
P7,Bronson Ave & University Dr,5845,5784,Brewer Park,6321
P7,Bronson Ave & University Dr,6563,6502,Brewer Park,7353
P7,Bronson Ave & University Dr,3779,3718,Brewer Park,5547
P7,Bronson Ave & University Dr,11827,11766,Brewer Park,12293
P7,Bronson Ave & University Dr,11548,11487,Brewer Park,12001
P7,Bronson Ave & University Dr,3261,3200,Brewer Park,3722
P7,Bronson Ave & University Dr,6370,6309,Brewer Park,7148
P7,Bronson Ave & University Dr,7085,7024,Brewer Park,7564
P5,Stadium Way,2457,2396,Brewer Park,2564
P7,Bronson Ave & University Dr,3140,3079,Brewer Park,3595
P5,Stadium Way,2156,2095,Brewer Park,2266
P5,Stadium Way,2317,2256,Brewer Park,2432
P5,Stadium Way,616,555,Brewer Park,720
P5,Stadium Way,1082,1021,Brewer Park,1190
P5,Stadium Way,1935,1874,Brewer Park,2050
P7,Bronson Ave & University Dr,5852,5791,Brewer Park,6333
P5,Stadium Way,2728,2667,Brewer Park,2838
P5,Stadium Way,275,214,Brewer Park,329
P7,Bronson Ave & University Dr,6503,6442,Brewer Park,6973
P1,Colonel By,302,241,Hogs Back Plaza (SW dest.),532
P5,Stadium Way,491,430,Brewer Park,610
P2,Colonel By,200,139,Hogs Back Plaza (SW dest.),758
P5,Stadium Way,1377,1316,Brewer Park,1487
P7,Bronson Ave & University Dr,3116,3055,Brewer Park,3581
P7,Bronson Ave & University Dr,5657,5596,Brewer Park,6136
P7,Bronson Ave & University Dr,6287,6226,Brewer Park,6768
P5,Stadium Way,2146,2085,Brewer Park,2253
P7,Bronson Ave & University Dr,6052,5991,Brewer Park,6530
P7,Bronson Ave & University Dr,259,198,Brewer Park,3361
P1,Colonel By,363,302,Hogs Back Plaza (SW dest.),603
P7,Bronson Ave & University Dr,6193,6132,Brewer Park,6663
P1,Colonel By,356,295,Hogs Back Plaza (SW dest.),595
P7,Bronson Ave & University Dr,146,85,Brewer Park,3217
P7,Bronson Ave & University Dr,11455,11394,Brewer Park,11917
P1,Colonel By,118,57,Hogs Back Plaza (SW dest.),291
P7,Bronson Ave & University Dr,6244,6183,Brewer Park,7017
P7,Bronson Ave & University Dr,11705,11644,Brewer Park,12168
P2,Colonel By,514,453,Hogs Back Plaza (SW dest.),873
P5,Stadium Way,2427,2366,Brewer Park,2538
P7,Bronson Ave & University Dr,11909,11848,Brewer Park,12704
P5,Stadium Way,773,712,Brewer Park,883
P5,Stadium Way,1799,1738,Brewer Park,1911
P7,Bronson Ave & University Dr,11938,11877,Brewer Park,12742
P5,Stadium Way,2090,2029,Brewer Park,2202
P7,Bronson Ave & University Dr,7174,7113,Brewer Park,7650
P2,Colonel By,576,515,Hogs Back Plaza (SW dest.),992
P5,Stadium Way,2428,2367,Brewer Park,2542
P1,Colonel By,433,372,Hogs Back Plaza (SW dest.),695
P1,Colonel By,189,128,Hogs Back Plaza (SW dest.),391
P5,Stadium Way,1411,1350,Brewer Park,1521
P1,Colonel By,186,125,Hogs Back Plaza (SW dest.),384
P5,Stadium Way,2366,2305,Brewer Park,2478
P7,Bronson Ave & University Dr,3296,3235,Brewer Park,3753
P7,Bronson Ave & University Dr,5783,5722,Brewer Park,6259
P5,Stadium Way,1359,1298,Brewer Park,1470
P5,Stadium Way,2153,2092,Brewer Park,2262
P7,Bronson Ave & University Dr,11506,11445,Brewer Park,11947
P7,Bronson Ave & University Dr,11728,11667,Brewer Park,12498
P5,Stadium Way,416,355,Brewer Park,536
P7,Bronson Ave & University Dr,352,291,Brewer Park,3437
P5,Stadium Way,2766,2705,Brewer Park,2878
P7,Bronson Ave & University Dr,5803,5742,Brewer Park,6281
P1,Colonel By,450,389,Hogs Back Plaza (SW dest.),715
P7,Bronson Ave & University Dr,6182,6121,Brewer Park,6659
P5,Stadium Way,777,716,Brewer Park,888
P5,Stadium Way,2912,2851,Brewer Park,3028
P7,Bronson Ave & University Dr,6921,6860,Brewer Park,7409
P7,Bronson Ave & University Dr,3110,3049,Brewer Park,3573
P5,Stadium Way,347,286,Brewer Park,447
P7,Bronson Ave & University Dr,11574,11513,Brewer Park,12327
P5,Stadium Way,2304,2243,Brewer Park,2419
P5,Stadium Way,2167,2106,Brewer Park,2271
P5,Stadium Way,2508,2447,Brewer Park,2612
P7,Bronson Ave & University Dr,3601,3540,Brewer Park,5384
P7,Bronson Ave & University Dr,208,147,Brewer Park,3292
P5,Stadium Way,214,153,Brewer Park,255
P7,Bronson Ave & University Dr,3370,3309,Brewer Park,3845
P7,Bronson Ave & University Dr,5916,5855,Brewer Park,6407
P7,Bronson Ave & University Dr,3291,3230,Brewer Park,3743
P5,Stadium Way,244,183,Brewer Park,294
P5,Stadium Way,2060,1999,Brewer Park,2169
P7,Bronson Ave & University Dr,11808,11747,Brewer Park,12597
P7,Bronson Ave & University Dr,6062,6001,Brewer Park,6542
P7,Bronson Ave & University Dr,5526,5465,Brewer Park,6001
P5,Stadium Way,1991,1930,Brewer Park,2106
P7,Bronson Ave & University Dr,3369,3308,Brewer Park,3841
P5,Stadium Way,691,630,Brewer Park,794
P5,Stadium Way,2692,2631,Brewer Park,2802
P7,Bronson Ave & University Dr,292,231,Brewer Park,3395
P7,Bronson Ave & University Dr,6908,6847,Brewer Park,7393
P7,Bronson Ave & University Dr,3604,3543,Brewer Park,5389
P7,Bronson Ave & University Dr,11531,11470,Brewer Park,11982
P5,Stadium Way,2589,2528,Brewer Park,2696
P1,Colonel By,220,159,Hogs Back Plaza (SW dest.),429
P7,Bronson Ave & University Dr,6820,6759,Brewer Park,7300
P7,Bronson Ave & University Dr,11459,11398,Brewer Park,11921
P5,Stadium Way,1485,1424,Brewer Park,1600
P7,Bronson Ave & University Dr,6159,6098,Brewer Park,6623
P7,Bronson Ave & University Dr,5158,5097,Brewer Park,5628
P5,Stadium Way,949,888,Brewer Park,1055
P7,Bronson Ave & University Dr,11909,11848,Brewer Park,12708
P7,Bronson Ave & University Dr,6951,6890,Brewer Park,7430
P5,Stadium Way,1113,1052,Brewer Park,1223
P5,Stadium Way,1336,1275,Brewer Park,1444
P7,Bronson Ave & University Dr,6389,6328,Brewer Park,6856
P7,Bronson Ave & University Dr,12374,12313,Brewer Park,12842
P7,Bronson Ave & University Dr,11896,11835,Brewer Park,12682
P5,Stadium Way,2340,2279,Brewer Park,2450
P7,Bronson Ave & University Dr,6273,6212,Brewer Park,7041
P2,Colonel By,413,352,Hogs Back Plaza (SW dest.),805
P7,Bronson Ave & University Dr,11748,11687,Brewer Park,12523
P2,Colonel By,502,441,Hogs Back Plaza (SW dest.),857
P5,Stadium Way,1324,1263,Brewer Park,1432
P7,Bronson Ave & University Dr,5115,5054,Brewer Park,5581
P7,Bronson Ave & University Dr,11359,11298,Brewer Park,11826
P2,Colonel By,528,467,Hogs Back Plaza (SW dest.),891
P7,Bronson Ave & University Dr,11738,11677,Brewer Park,12197
P1,Colonel By,383,322,Hogs Back Plaza (SW dest.),634
P7,Bronson Ave & University Dr,6512,6451,Brewer Park,7291
P5,Stadium Way,1820,1759,Brewer Park,1927
P5,Stadium Way,1489,1428,Brewer Park,1605
P5,Stadium Way,1580,1519,Brewer Park,1678
P5,Stadium Way,1790,1729,Brewer Park,1903
P5,Stadium Way,1554,1493,Brewer Park,1650
P2,Colonel By,194,133,Hogs Back Plaza (SW dest.),750
P5,Stadium Way,1425,1364,Brewer Park,1533
P2,Colonel By,497,436,Hogs Back Plaza (SW dest.),848
P5,Stadium Way,1607,1546,Brewer Park,1718
P7,Bronson Ave & University Dr,11925,11864,Brewer Park,12725
P7,Bronson Ave & University Dr,12276,12215,Brewer Park,12755
P5,Stadium Way,711,650,Brewer Park,818
P7,Bronson Ave & University Dr,11771,11710,Brewer Park,12236
P5,Stadium Way,1622,1561,Brewer Park,1737
P7,Bronson Ave & University Dr,3692,3631,Brewer Park,5477
P7,Bronson Ave & University Dr,11858,11797,Brewer Park,12648
P5,Stadium Way,904,843,Brewer Park,1013
P1,Colonel By,371,310,Hogs Back Plaza (SW dest.),616
P7,Bronson Ave & University Dr,5169,5108,Brewer Park,5641
P5,Stadium Way,887,826,Brewer Park,1000
P7,Bronson Ave & University Dr,3639,3578,Brewer Park,5415
P5,Stadium Way,2522,2461,Brewer Park,2633
P7,Bronson Ave & University Dr,11736,11675,Brewer Park,12193
P7,Bronson Ave & University Dr,7239,7178,Brewer Park,7710
P7,Bronson Ave & University Dr,6599,6538,Brewer Park,7380
P2,Colonel By,500,439,Hogs Back Plaza (SW dest.),853
P5,Stadium Way,2658,2597,Brewer Park,2761
P5,Stadium Way,391,330,Brewer Park,498
P7,Bronson Ave & University Dr,5301,5240,Brewer Park,5775
P2,Colonel By,209,148,Hogs Back Plaza (SW dest.),771
P7,Bronson Ave & University Dr,6140,6079,Brewer Park,6603
P7,Bronson Ave & University Dr,11675,11614,Brewer Park,12435
P5,Stadium Way,1434,1373,Brewer Park,1542
P1,Colonel By,368,307,Hogs Back Plaza (SW dest.),612
P1,Colonel By,391,330,Hogs Back Plaza (SW dest.),642
P7,Bronson Ave & University Dr,237,176,Brewer Park,3330
P7,Bronson Ave & University Dr,3595,3534,Brewer Park,5375
P5,Stadium Way,338,277,Brewer Park,431
P7,Bronson Ave & University Dr,3333,3272,Brewer Park,3794
P5,Stadium Way,2481,2420,Brewer Park,2590
P5,Stadium Way,2294,2233,Brewer Park,2407
P7,Bronson Ave & University Dr,5417,5356,Brewer Park,5881
P7,Bronson Ave & University Dr,3051,2990,Brewer Park,3510
P7,Bronson Ave & University Dr,11586,11525,Brewer Park,12335
P7,Bronson Ave & University Dr,11651,11590,Brewer Park,12124
P7,Bronson Ave & University Dr,6527,6466,Brewer Park,6986
P5,Stadium Way,2068,2007,Brewer Park,2182
P5,Stadium Way,1478,1417,Brewer Park,1592
P7,Bronson Ave & University Dr,5521,5460,Brewer Park,5992
P5,Stadium Way,3023,2962,Brewer Park,3132
P7,Bronson Ave & University Dr,7044,6983,Brewer Park,7524
P5,Stadium Way,565,504,Brewer Park,679
P7,Bronson Ave & University Dr,6424,6363,Brewer Park,6885
P2,Colonel By,593,532,Hogs Back Plaza (SW dest.),1015
P5,Stadium Way,552,491,Brewer Park,667
P5,Stadium Way,884,823,Brewer Park,996
P7,Bronson Ave & University Dr,11675,11614,Brewer Park,12439
P5,Stadium Way,2568,2507,Brewer Park,2679
P7,Bronson Ave & University Dr,11727,11666,Brewer Park,12493
P5,Stadium Way,1473,1412,Brewer Park,1587
P7,Bronson Ave & University Dr,11372,11311,Brewer Park,11834
P1,Colonel By,388,327,Hogs Back Plaza (SW dest.),638
P7,Bronson Ave & University Dr,11287,11226,Brewer Park,11736
P7,Bronson Ave & University Dr,3331,3270,Brewer Park,3790
P5,Stadium Way,2061,2000,Brewer Park,2173
P7,Bronson Ave & University Dr,11319,11258,Brewer Park,11770
P7,Bronson Ave & University Dr,11684,11623,Brewer Park,12447
P5,Stadium Way,2640,2579,Brewer Park,2744
P5,Stadium Way,228,167,Brewer Park,272
P7,Bronson Ave & University Dr,6241,6180,Brewer Park,7013
P1,Colonel By,332,271,Hogs Back Plaza (SW dest.),569
P7,Bronson Ave & University Dr,11933,11872,Brewer Park,12733
P7,Bronson Ave & University Dr,3083,3022,Brewer Park,3535
P7,Bronson Ave & University Dr,11315,11254,Brewer Park,11766
P7,Bronson Ave & University Dr,3770,3709,Brewer Park,5537
P7,Bronson Ave & University Dr,11851,11790,Brewer Park,12635
P5,Stadium Way,789,728,Brewer Park,900
P2,Colonel By,626,565,Hogs Back Plaza (SW dest.),1070
P2,Colonel By,525,464,Hogs Back Plaza (SW dest.),882
P5,Stadium Way,1182,1121,Brewer Park,1295
P5,Stadium Way,330,269,Brewer Park,418
P7,Bronson Ave & University Dr,12380,12319,Brewer Park,12847
P7,Bronson Ave & University Dr,5203,5142,Brewer Park,5691
P1,Colonel By,204,143,Hogs Back Plaza (SW dest.),409
P2,Colonel By,609,548,Hogs Back Plaza (SW dest.),1041
P7,Bronson Ave & University Dr,6450,6389,Brewer Park,6916
P5,Stadium Way,3002,2941,Brewer Park,3108
P7,Bronson Ave & University Dr,6233,6172,Brewer Park,7004
P2,Colonel By,632,571,Hogs Back Plaza (SW dest.),1083
P7,Bronson Ave & University Dr,5551,5490,Brewer Park,6014
P7,Bronson Ave & University Dr,6239,6178,Brewer Park,6709
P1,Colonel By,407,346,Hogs Back Plaza (SW dest.),668
P7,Bronson Ave & University Dr,349,288,Brewer Park,3432
P2,Colonel By,630,569,Hogs Back Plaza (SW dest.),1079
P1,Colonel By,164,103,Hogs Back Plaza (SW dest.),350
P5,Stadium Way,3042,2981,Brewer Park,3149
P7,Bronson Ave & University Dr,5627,5566,Brewer Park,6110
P7,Bronson Ave & University Dr,11845,11784,Brewer Park,12631
P5,Stadium Way,2175,2114,Brewer Park,2280
P7,Bronson Ave & University Dr,6506,6445,Brewer Park,6977
P7,Bronson Ave & University Dr,3663,3602,Brewer Park,5436
P7,Bronson Ave & University Dr,3096,3035,Brewer Park,3561
P7,Bronson Ave & University Dr,6376,6315,Brewer Park,7157
P1,Colonel By,183,122,Hogs Back Plaza (SW dest.),380
P7,Bronson Ave & University Dr,11651,11590,Brewer Park,12407
P7,Bronson Ave & University Dr,7147,7086,Brewer Park,7624
P5,Stadium Way,1544,1483,Brewer Park,1638
P1,Colonel By,340,279,Hogs Back Plaza (SW dest.),578
P5,Stadium Way,2298,2237,Brewer Park,2410
P7,Bronson Ave & University Dr,5229,5168,Brewer Park,5704
P5,Stadium Way,920,859,Brewer Park,1035
P7,Bronson Ave & University Dr,3325,3264,Brewer Park,3778
P7,Bronson Ave & University Dr,11941,11880,Brewer Park,12746
P7,Bronson Ave & University Dr,5565,5504,Brewer Park,6037
P2,Colonel By,604,543,Hogs Back Plaza (SW dest.),1032
P5,Stadium Way,1458,1397,Brewer Park,1568
P7,Bronson Ave & University Dr,6566,6505,Brewer Park,7358
P7,Bronson Ave & University Dr,11614,11553,Brewer Park,12085
P7,Bronson Ave & University Dr,12507,12446,Brewer Park,12954
P7,Bronson Ave & University Dr,5113,5052,Brewer Park,5577
P7,Bronson Ave & University Dr,3163,3102,Brewer Park,3619
P7,Bronson Ave & University Dr,11540,11479,Brewer Park,11994
P5,Stadium Way,943,882,Brewer Park,1047
P5,Stadium Way,1154,1093,Brewer Park,1272
P7,Bronson Ave & University Dr,5666,5605,Brewer Park,6149
P5,Stadium Way,2583,2522,Brewer Park,2687
P5,Stadium Way,603,542,Brewer Park,716
P7,Bronson Ave & University Dr,5886,5825,Brewer Park,6366
P7,Bronson Ave & University Dr,6084,6023,Brewer Park,6568
P5,Stadium Way,1672,1611,Brewer Park,1774
P5,Stadium Way,327,266,Brewer Park,414
P5,Stadium Way,1346,1285,Brewer Park,1457
P5,Stadium Way,2616,2555,Brewer Park,2721
P7,Bronson Ave & University Dr,3177,3116,Brewer Park,3644
P7,Bronson Ave & University Dr,5241,5180,Brewer Park,5713
P5,Stadium Way,3077,3016,Brewer Park,3182
P5,Stadium Way,952,891,Brewer Park,1059
P7,Bronson Ave & University Dr,6969,6908,Brewer Park,7438
P7,Bronson Ave & University Dr,11686,11625,Brewer Park,12145
P7,Bronson Ave & University Dr,11781,11720,Brewer Park,12575
P7,Bronson Ave & University Dr,3138,3077,Brewer Park,3591
P7,Bronson Ave & University Dr,12422,12361,Brewer Park,12882
P7,Bronson Ave & University Dr,266,205,Brewer Park,3369
P7,Bronson Ave & University Dr,6322,6261,Brewer Park,7094
P5,Stadium Way,1327,1266,Brewer Park,1436
P7,Bronson Ave & University Dr,3579,3518,Brewer Park,5346
P7,Bronson Ave & University Dr,6006,5945,Brewer Park,6478
P7,Bronson Ave & University Dr,6129,6068,Brewer Park,6591
P5,Stadium Way,278,217,Brewer Park,333
P7,Bronson Ave & University Dr,11349,11288,Brewer Park,11812
P7,Bronson Ave & University Dr,3674,3613,Brewer Park,5452
P7,Bronson Ave & University Dr,6249,6188,Brewer Park,7021
P1,Colonel By,211,150,Hogs Back Plaza (SW dest.),418
P5,Stadium Way,2306,2245,Brewer Park,2423
P5,Stadium Way,1998,1937,Brewer Park,2115
P5,Stadium Way,1626,1565,Brewer Park,1742
P2,Colonel By,495,434,Hogs Back Plaza (SW dest.),840
P5,Stadium Way,641,580,Brewer Park,751
P7,Bronson Ave & University Dr,6016,5955,Brewer Park,6492
P1,Colonel By,336,275,Hogs Back Plaza (SW dest.),573
P7,Bronson Ave & University Dr,3585,3524,Brewer Park,5363
P7,Bronson Ave & University Dr,6551,6490,Brewer Park,7344
P7,Bronson Ave & University Dr,3523,3462,Brewer Park,5293
P5,Stadium Way,2719,2658,Brewer Park,2825
P7,Bronson Ave & University Dr,7312,7251,Brewer Park,7779
P5,Stadium Way,2966,2905,Brewer Park,3078
P7,Bronson Ave & University Dr,12326,12265,Brewer Park,12783
P5,Stadium Way,1779,1718,Brewer Park,1892
P7,Bronson Ave & University Dr,6383,6322,Brewer Park,7165
P5,Stadium Way,2593,2532,Brewer Park,2704
P7,Bronson Ave & University Dr,3230,3169,Brewer Park,3688
P7,Bronson Ave & University Dr,11553,11492,Brewer Park,12010
P2,Colonel By,181,120,Hogs Back Plaza (SW dest.),733
P5,Stadium Way,1374,1313,Brewer Park,1483
P7,Bronson Ave & University Dr,3281,3220,Brewer Park,3735
P7,Bronson Ave & University Dr,104,43,Brewer Park,391
P7,Bronson Ave & University Dr,7314,7253,Brewer Park,7784
P7,Bronson Ave & University Dr,375,314,Brewer Park,3441
P7,Bronson Ave & University Dr,11911,11850,Brewer Park,12712
P5,Stadium Way,2901,2840,Brewer Park,3012
P7,Bronson Ave & University Dr,11929,11868,Brewer Park,12729
P7,Bronson Ave & University Dr,3543,3482,Brewer Park,5302
P7,Bronson Ave & University Dr,3622,3561,Brewer Park,5403
P7,Bronson Ave & University Dr,6529,6468,Brewer Park,7319
P5,Stadium Way,757,696,Brewer Park,866
P7,Bronson Ave & University Dr,11860,11799,Brewer Park,12653
P7,Bronson Ave & University Dr,12278,12217,Brewer Park,12758
P7,Bronson Ave & University Dr,11283,11222,Brewer Park,11727
P7,Bronson Ave & University Dr,5380,5319,Brewer Park,5844
P7,Bronson Ave & University Dr,7322,7261,Brewer Park,7797
P7,Bronson Ave & University Dr,6467,6406,Brewer Park,6937
P7,Bronson Ave & University Dr,11259,11198,Brewer Park,11714
P7,Bronson Ave & University Dr,198,137,Brewer Park,3275
P7,Bronson Ave & University Dr,3624,3563,Brewer Park,5408
P7,Bronson Ave & University Dr,3429,3368,Brewer Park,3905
P7,Bronson Ave & University Dr,11670,11609,Brewer Park,12430
P7,Bronson Ave & University Dr,6737,6676,Brewer Park,7210
P1,Colonel By,282,221,Hogs Back Plaza (SW dest.),507
P7,Bronson Ave & University Dr,3553,3492,Brewer Park,5319
P2,Colonel By,527,466,Hogs Back Plaza (SW dest.),887
P7,Bronson Ave & University Dr,5842,5781,Brewer Park,6316
P5,Stadium Way,2745,2684,Brewer Park,2853
P7,Bronson Ave & University Dr,6326,6265,Brewer Park,6802
P5,Stadium Way,1125,1064,Brewer Park,1232
P7,Bronson Ave & University Dr,11768,11707,Brewer Park,12232
P7,Bronson Ave & University Dr,6418,6357,Brewer Park,6881
P5,Stadium Way,962,901,Brewer Park,1072
P7,Bronson Ave & University Dr,6306,6245,Brewer Park,7081
P5,Stadium Way,2865,2804,Brewer Park,2977
P7,Bronson Ave & University Dr,11599,11538,Brewer Park,12065
P7,Bronson Ave & University Dr,11807,11746,Brewer Park,12266
P7,Bronson Ave & University Dr,3218,3157,Brewer Park,3680
P7,Bronson Ave & University Dr,3354,3293,Brewer Park,3828
P7,Bronson Ave & University Dr,5837,5776,Brewer Park,6307
P5,Stadium Way,836,775,Brewer Park,951
P1,Colonel By,156,95,Hogs Back Plaza (SW dest.),342
P5,Stadium Way,2205,2144,Brewer Park,2314
P7,Bronson Ave & University Dr,11746,11685,Brewer Park,12209
P7,Bronson Ave & University Dr,11523,11462,Brewer Park,11969
P7,Bronson Ave & University Dr,6526,6465,Brewer Park,6982
P2,Colonel By,551,490,Hogs Back Plaza (SW dest.),936
P5,Stadium Way,2631,2570,Brewer Park,2732
P7,Bronson Ave & University Dr,3169,3108,Brewer Park,3631
P1,Colonel By,402,341,Hogs Back Plaza (SW dest.),663
P7,Bronson Ave & University Dr,6378,6317,Brewer Park,6838
P7,Bronson Ave & University Dr,227,166,Brewer Park,3317
P1,Colonel By,217,156,Hogs Back Plaza (SW dest.),425
P7,Bronson Ave & University Dr,5818,5757,Brewer Park,6290
P7,Bronson Ave & University Dr,12544,12483,Brewer Park,13028
P7,Bronson Ave & University Dr,11262,11201,Brewer Park,11719
P5,Stadium Way,2783,2722,Brewer Park,2900
P7,Bronson Ave & University Dr,11534,11473,Brewer Park,11986
P7,Bronson Ave & University Dr,3409,3348,Brewer Park,3882
P7,Bronson Ave & University Dr,3232,3171,Brewer Park,3692
P1,Colonel By,347,286,Hogs Back Plaza (SW dest.),586
P5,Stadium Way,2823,2762,Brewer Park,2935
P5,Stadium Way,467,406,Brewer Park,579
P7,Bronson Ave & University Dr,6500,6439,Brewer Park,6969
P7,Bronson Ave & University Dr,11336,11275,Brewer Park,11791
P7,Bronson Ave & University Dr,5338,5277,Brewer Park,5817
P5,Stadium Way,1734,1673,Brewer Park,1843
P7,Bronson Ave & University Dr,3118,3057,Brewer Park,3586
P7,Bronson Ave & University Dr,6443,6382,Brewer Park,6906
P7,Bronson Ave & University Dr,12398,12337,Brewer Park,12869
P7,Bronson Ave & University Dr,5578,5517,Brewer Park,6050
P7,Bronson Ave & University Dr,11898,11837,Brewer Park,12691
P7,Bronson Ave & University Dr,11435,11374,Brewer Park,11892
P7,Bronson Ave & University Dr,11696,11635,Brewer Park,12158
P7,Bronson Ave & University Dr,11774,11713,Brewer Park,12566
P7,Bronson Ave & University Dr,6215,6154,Brewer Park,6685
P7,Bronson Ave & University Dr,5416,5355,Brewer Park,5877
P7,Bronson Ave & University Dr,11627,11566,Brewer Park,12379
P7,Bronson Ave & University Dr,380,319,Brewer Park,3453
P7,Bronson Ave & University Dr,7070,7009,Brewer Park,7551
P2,Colonel By,539,478,Hogs Back Plaza (SW dest.),914
P7,Bronson Ave & University Dr,11694,11633,Brewer Park,12154
P7,Bronson Ave & University Dr,11569,11508,Brewer Park,12319
P5,Stadium Way,2756,2695,Brewer Park,2861
P7,Bronson Ave & University Dr,7257,7196,Brewer Park,7728
P7,Bronson Ave & University Dr,6532,6471,Brewer Park,6995
P7,Bronson Ave & University Dr,3540,3479,Brewer Park,5297
P7,Bronson Ave & University Dr,3728,3667,Brewer Park,5498
P5,Stadium Way,702,641,Brewer Park,811
P7,Bronson Ave & University Dr,6332,6271,Brewer Park,7098
P5,Stadium Way,1412,1351,Brewer Park,1525
P5,Stadium Way,1660,1599,Brewer Park,1770
P7,Bronson Ave & University Dr,6411,6350,Brewer Park,7191
P7,Bronson Ave & University Dr,5512,5451,Brewer Park,5976
P5,Stadium Way,261,200,Brewer Park,311
P5,Stadium Way,2635,2574,Brewer Park,2736
P2,Colonel By,573,512,Hogs Back Plaza (SW dest.),984
P7,Bronson Ave & University Dr,122,61,Brewer Park,527
P5,Stadium Way,239,178,Brewer Park,285
P7,Bronson Ave & University Dr,6163,6102,Brewer Park,6628
P7,Bronson Ave & University Dr,5322,5261,Brewer Park,5796
P7,Bronson Ave & University Dr,5949,5888,Brewer Park,6428
P7,Bronson Ave & University Dr,6240,6179,Brewer Park,6713
P7,Bronson Ave & University Dr,11570,11509,Brewer Park,12323
P5,Stadium Way,786,725,Brewer Park,892
P7,Bronson Ave & University Dr,211,150,Brewer Park,3296
P7,Bronson Ave & University Dr,6404,6343,Brewer Park,6873
P7,Bronson Ave & University Dr,6596,6535,Brewer Park,7376
P5,Stadium Way,2190,2129,Brewer Park,2296
P7,Bronson Ave & University Dr,5663,5602,Brewer Park,6144
P7,Bronson Ave & University Dr,11356,11295,Brewer Park,11821
P2,Colonel By,416,355,Hogs Back Plaza (SW dest.),810
P7,Bronson Ave & University Dr,5431,5370,Brewer Park,5898
P5,Stadium Way,1252,1191,Brewer Park,1366
P7,Bronson Ave & University Dr,6484,6423,Brewer Park,7265
P7,Bronson Ave & University Dr,5556,5495,Brewer Park,6019
P5,Stadium Way,470,409,Brewer Park,583
P5,Stadium Way,2847,2786,Brewer Park,2960
P7,Bronson Ave & University Dr,3698,3637,Brewer Park,5490
P5,Stadium Way,799,738,Brewer Park,913
P7,Bronson Ave & University Dr,5161,5100,Brewer Park,5632
P7,Bronson Ave & University Dr,6256,6195,Brewer Park,6722
P7,Bronson Ave & University Dr,6255,6194,Brewer Park,7030
P5,Stadium Way,2789,2728,Brewer Park,2910
P7,Bronson Ave & University Dr,12337,12276,Brewer Park,12796
P7,Bronson Ave & University Dr,7260,7199,Brewer Park,7732
P5,Stadium Way,1210,1149,Brewer Park,1321
P5,Stadium Way,283,222,Brewer Park,342
P7,Bronson Ave & University Dr,3697,3636,Brewer Park,5486
P7,Bronson Ave & University Dr,7348,7287,Brewer Park,7822
P5,Stadium Way,2843,2782,Brewer Park,2956
P7,Bronson Ave & University Dr,6455,6394,Brewer Park,7240
P7,Bronson Ave & University Dr,345,284,Brewer Park,3428
P7,Bronson Ave & University Dr,5106,5045,Brewer Park,5569
P7,Bronson Ave & University Dr,6255,6194,Brewer Park,6718
P7,Bronson Ave & University Dr,5126,5065,Brewer Park,5599
P7,Bronson Ave & University Dr,185,124,Brewer Park,3263
P7,Bronson Ave & University Dr,3748,3687,Brewer Park,5511
P7,Bronson Ave & University Dr,11556,11495,Brewer Park,12310
P5,Stadium Way,1978,1917,Brewer Park,2092
P7,Bronson Ave & University Dr,11678,11617,Brewer Park,12443
P2,Colonel By,482,421,Hogs Back Plaza (SW dest.),818
P2,Colonel By,611,550,Hogs Back Plaza (SW dest.),1045
P7,Bronson Ave & University Dr,253,192,Brewer Park,3352
P5,Stadium Way,2825,2764,Brewer Park,2939
P5,Stadium Way,2652,2591,Brewer Park,2756
P7,Bronson Ave & University Dr,6403,6342,Brewer Park,6869
P7,Bronson Ave & University Dr,12385,12324,Brewer Park,12855
P7,Bronson Ave & University Dr,12352,12291,Brewer Park,12819
P7,Bronson Ave & University Dr,11647,11586,Brewer Park,12120
P7,Bronson Ave & University Dr,5440,5379,Brewer Park,5902
P5,Stadium Way,2493,2432,Brewer Park,2603
P7,Bronson Ave & University Dr,6226,6165,Brewer Park,7000
P7,Bronson Ave & University Dr,11662,11601,Brewer Park,12132
P5,Stadium Way,1399,1338,Brewer Park,1504
P7,Bronson Ave & University Dr,5298,5237,Brewer Park,5770
P5,Stadium Way,659,598,Brewer Park,764
P7,Bronson Ave & University Dr,289,228,Brewer Park,3391
P1,Colonel By,293,232,Hogs Back Plaza (SW dest.),520
P7,Bronson Ave & University Dr,11783,11722,Brewer Park,12580
P5,Stadium Way,1141,1080,Brewer Park,1259
P7,Bronson Ave & University Dr,3545,3484,Brewer Park,5306
P5,Stadium Way,1455,1394,Brewer Park,1555
P5,Stadium Way,3060,2999,Brewer Park,3161
P5,Stadium Way,2248,2187,Brewer Park,2365
P7,Bronson Ave & University Dr,6210,6149,Brewer Park,6676
P1,Colonel By,276,215,Hogs Back Plaza (SW dest.),498
P5,Stadium Way,2438,2377,Brewer Park,2552
P7,Bronson Ave & University Dr,5652,5591,Brewer Park,6131
P7,Bronson Ave & University Dr,5480,5419,Brewer Park,5940
P7,Bronson Ave & University Dr,12428,12367,Brewer Park,12886
P7,Bronson Ave & University Dr,3278,3217,Brewer Park,3731
P7,Bronson Ave & University Dr,12527,12466,Brewer Park,13006
P7,Bronson Ave & University Dr,5968,5907,Brewer Park,6445
P7,Bronson Ave & University Dr,12487,12426,Brewer Park,12934
P2,Colonel By,649,588,Hogs Back Plaza (SW dest.),1108
P5,Stadium Way,1308,1247,Brewer Park,1423
P7,Bronson Ave & University Dr,11606,11545,Brewer Park,12355
P7,Bronson Ave & University Dr,11897,11836,Brewer Park,12687
P7,Bronson Ave & University Dr,3413,3352,Brewer Park,3887
P5,Stadium Way,179,118,Brewer Park,209
P5,Stadium Way,2851,2790,Brewer Park,2964
P5,Stadium Way,899,838,Brewer Park,1008
P2,Colonel By,533,472,Hogs Back Plaza (SW dest.),901
P5,Stadium Way,563,502,Brewer Park,675
P2,Colonel By,197,136,Hogs Back Plaza (SW dest.),754
P7,Bronson Ave & University Dr,11738,11677,Brewer Park,12515
P5,Stadium Way,759,698,Brewer Park,871
P7,Bronson Ave & University Dr,3513,3452,Brewer Park,3981
P5,Stadium Way,2528,2467,Brewer Park,2637
P5,Stadium Way,2364,2303,Brewer Park,2474
P7,Bronson Ave & University Dr,11785,11724,Brewer Park,12253
P1,Colonel By,226,165,Hogs Back Plaza (SW dest.),437
P5,Stadium Way,269,208,Brewer Park,324
P5,Stadium Way,2786,2725,Brewer Park,2905
P7,Bronson Ave & University Dr,7076,7015,Brewer Park,7556
P5,Stadium Way,927,866,Brewer Park,1038
P5,Stadium Way,2856,2795,Brewer Park,2973
P7,Bronson Ave & University Dr,11779,11718,Brewer Park,12241
P7,Bronson Ave & University Dr,5875,5814,Brewer Park,6358
P5,Stadium Way,1917,1856,Brewer Park,2029
P7,Bronson Ave & University Dr,3085,3024,Brewer Park,3539
P7,Bronson Ave & University Dr,11901,11840,Brewer Park,12695
P5,Stadium Way,1470,1409,Brewer Park,1583
P5,Stadium Way,806,745,Brewer Park,917
P5,Stadium Way,1829,1768,Brewer Park,1940
P7,Bronson Ave & University Dr,3028,2967,Brewer Park,3493
P7,Bronson Ave & University Dr,5735,5674,Brewer Park,6210
P7,Bronson Ave & University Dr,11914,11853,Brewer Park,12716
P7,Bronson Ave & University Dr,12520,12459,Brewer Park,12998
P7,Bronson Ave & University Dr,6403,6342,Brewer Park,7183
P5,Stadium Way,2930,2869,Brewer Park,3050
P5,Stadium Way,1069,1008,Brewer Park,1175
P5,Stadium Way,332,271,Brewer Park,422
P5,Stadium Way,2695,2634,Brewer Park,2806
P7,Bronson Ave & University Dr,5375,5314,Brewer Park,5835
P7,Bronson Ave & University Dr,3075,3014,Brewer Park,3527
P7,Bronson Ave & University Dr,11573,11512,Brewer Park,12040
P7,Bronson Ave & University Dr,5659,5598,Brewer Park,6140
P2,Colonel By,147,86,Hogs Back Plaza (SW dest.),364
P7,Bronson Ave & University Dr,6428,6367,Brewer Park,7205
P7,Bronson Ave & University Dr,3090,3029,Brewer Park,3548
P1,Colonel By,309,248,Hogs Back Plaza (SW dest.),540
P2,Colonel By,640,579,Hogs Back Plaza (SW dest.),1096
P5,Stadium Way,2949,2888,Brewer Park,3066
P5,Stadium Way,1944,1883,Brewer Park,2058
P5,Stadium Way,306,245,Brewer Park,382
P7,Bronson Ave & University Dr,143,82,Brewer Park,3213
P5,Stadium Way,2687,2626,Brewer Park,2794
P7,Bronson Ave & University Dr,11854,11793,Brewer Park,12644
P7,Bronson Ave & University Dr,11257,11196,Brewer Park,11710
P5,Stadium Way,474,413,Brewer Park,588
P7,Bronson Ave & University Dr,11603,11542,Brewer Park,12073
P7,Bronson Ave & University Dr,7220,7159,Brewer Park,7693
P7,Bronson Ave & University Dr,12313,12252,Brewer Park,12779
P1,Colonel By,256,195,Hogs Back Plaza (SW dest.),470
P5,Stadium Way,2224,2163,Brewer Park,2338
P7,Bronson Ave & University Dr,273,212,Brewer Park,3378
P7,Bronson Ave & University Dr,6977,6916,Brewer Park,7448
P7,Bronson Ave & University Dr,5766,5705,Brewer Park,6227
P7,Bronson Ave & University Dr,3752,3691,Brewer Park,5520
P5,Stadium Way,555,494,Brewer Park,671
P5,Stadium Way,866,805,Brewer Park,978
P7,Bronson Ave & University Dr,11580,11519,Brewer Park,12044
P5,Stadium Way,2273,2212,Brewer Park,2373
P5,Stadium Way,1950,1889,Brewer Park,2062
P5,Stadium Way,2909,2848,Brewer Park,3020
P7,Bronson Ave & University Dr,12274,12213,Brewer Park,12751
P7,Bronson Ave & University Dr,6311,6250,Brewer Park,6780
P7,Bronson Ave & University Dr,6345,6284,Brewer Park,6810
P5,Stadium Way,2369,2308,Brewer Park,2482
P7,Bronson Ave & University Dr,11371,11310,Brewer Park,11830
P7,Bronson Ave & University Dr,5608,5547,Brewer Park,6076
P5,Stadium Way,764,703,Brewer Park,875
P7,Bronson Ave & University Dr,12541,12480,Brewer Park,13023
P5,Stadium Way,436,375,Brewer Park,557
P7,Bronson Ave & University Dr,11866,11805,Brewer Park,12662
P7,Bronson Ave & University Dr,6458,6397,Brewer Park,7244
P1,Colonel By,454,393,Hogs Back Plaza (SW dest.),719
P7,Bronson Ave & University Dr,12522,12461,Brewer Park,13002
P5,Stadium Way,379,318,Brewer Park,489
P7,Bronson Ave & University Dr,277,216,Brewer Park,3382
P5,Stadium Way,302,241,Brewer Park,373
P5,Stadium Way,860,799,Brewer Park,973
P7,Bronson Ave & University Dr,5613,5552,Brewer Park,6085
P1,Colonel By,273,212,Hogs Back Plaza (SW dest.),494
P7,Bronson Ave & University Dr,5569,5508,Brewer Park,6041
P7,Bronson Ave & University Dr,7334,7273,Brewer Park,7814
P5,Stadium Way,1747,1686,Brewer Park,1861
P7,Bronson Ave & University Dr,6253,6192,Brewer Park,7026
P5,Stadium Way,1617,1556,Brewer Park,1729
P7,Bronson Ave & University Dr,12329,12268,Brewer Park,12787
P7,Bronson Ave & University Dr,5772,5711,Brewer Park,6240
P5,Stadium Way,704,643,Brewer Park,814
P7,Bronson Ave & University Dr,6365,6304,Brewer Park,6823
P5,Stadium Way,2927,2866,Brewer Park,3042
P7,Bronson Ave & University Dr,3219,3158,Brewer Park,3684
P7,Bronson Ave & University Dr,159,98,Brewer Park,3234
P7,Bronson Ave & University Dr,201,140,Brewer Park,3279
P7,Bronson Ave & University Dr,5848,5787,Brewer Park,6325
P2,Colonel By,569,508,Hogs Back Plaza (SW dest.),979
P2,Colonel By,574,513,Hogs Back Plaza (SW dest.),988
P1,Colonel By,260,199,Hogs Back Plaza (SW dest.),474
P5,Stadium Way,1953,1892,Brewer Park,2066
P5,Stadium Way,2019,1958,Brewer Park,2136
P2,Colonel By,584,523,Hogs Back Plaza (SW dest.),1001
P5,Stadium Way,340,279,Brewer Park,435
P5,Stadium Way,1974,1913,Brewer Park,2088
P7,Bronson Ave & University Dr,3338,3277,Brewer Park,3798
P5,Stadium Way,2516,2455,Brewer Park,2628
P7,Bronson Ave & University Dr,3312,3251,Brewer Park,3761
P7,Bronson Ave & University Dr,11754,11693,Brewer Park,12537
P7,Bronson Ave & University Dr,11285,11224,Brewer Park,11732
P7,Bronson Ave & University Dr,3352,3291,Brewer Park,3824
P7,Bronson Ave & University Dr,5258,5197,Brewer Park,5739
P7,Bronson Ave & University Dr,5119,5058,Brewer Park,5590
P7,Bronson Ave & University Dr,3346,3285,Brewer Park,3811
P7,Bronson Ave & University Dr,3749,3688,Brewer Park,5515
P7,Bronson Ave & University Dr,11407,11346,Brewer Park,11871
P7,Bronson Ave & University Dr,3102,3041,Brewer Park,3569
P7,Bronson Ave & University Dr,282,221,Brewer Park,3387
P7,Bronson Ave & University Dr,118,57,Brewer Park,508
P7,Bronson Ave & University Dr,11728,11667,Brewer Park,12488
P7,Bronson Ave & University Dr,3461,3400,Brewer Park,3921
P1,Colonel By,296,235,Hogs Back Plaza (SW dest.),524
P5,Stadium Way,1274,1213,Brewer Park,1383
P5,Stadium Way,1891,1830,Brewer Park,2001
P7,Bronson Ave & University Dr,3391,3330,Brewer Park,3870
P5,Stadium Way,1567,1506,Brewer Park,1665
P7,Bronson Ave & University Dr,3568,3507,Brewer Park,5333
P5,Stadium Way,1613,1552,Brewer Park,1725
P5,Stadium Way,1177,1116,Brewer Park,1286
P7,Bronson Ave & University Dr,5251,5190,Brewer Park,5731
P5,Stadium Way,399,338,Brewer Park,512
P1,Colonel By,243,182,Hogs Back Plaza (SW dest.),454
P5,Stadium Way,1248,1187,Brewer Park,1361
P7,Bronson Ave & University Dr,11744,11683,Brewer Park,12205
P7,Bronson Ave & University Dr,11300,11239,Brewer Park,11748
P5,Stadium Way,890,829,Brewer Park,1004
P7,Bronson Ave & University Dr,5254,5193,Brewer Park,5735
P7,Bronson Ave & University Dr,11629,11568,Brewer Park,12098
P5,Stadium Way,2485,2424,Brewer Park,2595
P5,Stadium Way,1548,1487,Brewer Park,1646
P5,Stadium Way,2388,2327,Brewer Park,2495
P1,Colonel By,446,385,Hogs Back Plaza (SW dest.),711
P1,Colonel By,376,315,Hogs Back Plaza (SW dest.),621
P5,Stadium Way,2417,2356,Brewer Park,2525
P5,Stadium Way,294,233,Brewer Park,360
P7,Bronson Ave & University Dr,11775,11714,Brewer Park,12561
P1,Colonel By,286,225,Hogs Back Plaza (SW dest.),511
P5,Stadium Way,1098,1037,Brewer Park,1205
P5,Stadium Way,632,571,Brewer Park,742
P5,Stadium Way,2943,2882,Brewer Park,3058
P5,Stadium Way,367,306,Brewer Park,472
P5,Stadium Way,1677,1616,Brewer Park,1783
P5,Stadium Way,1758,1697,Brewer Park,1870
P7,Bronson Ave & University Dr,11620,11559,Brewer Park,12368
P2,Colonel By,542,481,Hogs Back Plaza (SW dest.),918
P7,Bronson Ave & University Dr,6487,6426,Brewer Park,7275
P7,Bronson Ave & University Dr,6343,6282,Brewer Park,7115
P5,Stadium Way,1913,1852,Brewer Park,2024
P5,Stadium Way,3031,2970,Brewer Park,3136
P7,Bronson Ave & University Dr,5450,5389,Brewer Park,5906
P2,Colonel By,619,558,Hogs Back Plaza (SW dest.),1062
P5,Stadium Way,1982,1921,Brewer Park,2097
P2,Colonel By,534,473,Hogs Back Plaza (SW dest.),905
P7,Bronson Ave & University Dr,3293,3232,Brewer Park,3748
P5,Stadium Way,1067,1006,Brewer Park,1171
P7,Bronson Ave & University Dr,11710,11649,Brewer Park,12176
P5,Stadium Way,1056,995,Brewer Park,1163
P5,Stadium Way,573,512,Brewer Park,686
P2,Colonel By,653,592,Hogs Back Plaza (SW dest.),1117
P5,Stadium Way,299,238,Brewer Park,369
P5,Stadium Way,361,300,Brewer Park,464
P7,Bronson Ave & University Dr,7237,7176,Brewer Park,7705
P5,Stadium Way,2703,2642,Brewer Park,2815
P7,Bronson Ave & University Dr,5605,5544,Brewer Park,6071
P7,Bronson Ave & University Dr,11571,11510,Brewer Park,12036
P7,Bronson Ave & University Dr,12345,12284,Brewer Park,12805
P7,Bronson Ave & University Dr,6213,6152,Brewer Park,6681
P5,Stadium Way,750,689,Brewer Park,858
P7,Bronson Ave & University Dr,11634,11573,Brewer Park,12386
P7,Bronson Ave & University Dr,11704,11643,Brewer Park,12163
P7,Bronson Ave & University Dr,6936,6875,Brewer Park,7413
P7,Bronson Ave & University Dr,12490,12429,Brewer Park,12938
P7,Bronson Ave & University Dr,6993,6932,Brewer Park,7479
P7,Bronson Ave & University Dr,6021,5960,Brewer Park,6500
P7,Bronson Ave & University Dr,3687,3626,Brewer Park,5473
P7,Bronson Ave & University Dr,11827,11766,Brewer Park,12614
P7,Bronson Ave & University Dr,7297,7236,Brewer Park,7770
P5,Stadium Way,1059,998,Brewer Park,1167
P7,Bronson Ave & University Dr,340,279,Brewer Park,3425
P5,Stadium Way,1562,1501,Brewer Park,1661
P7,Bronson Ave & University Dr,11521,11460,Brewer Park,11965
P7,Bronson Ave & University Dr,213,152,Brewer Park,3300
P5,Stadium Way,172,111,Brewer Park,201
P7,Bronson Ave & University Dr,11723,11662,Brewer Park,12484
P7,Bronson Ave & University Dr,3598,3537,Brewer Park,5380
P7,Bronson Ave & University Dr,3518,3457,Brewer Park,5284
P5,Stadium Way,1609,1548,Brewer Park,1722
P5,Stadium Way,946,885,Brewer Park,1051
P7,Bronson Ave & University Dr,11679,11618,Brewer Park,12140
P5,Stadium Way,1603,1542,Brewer Park,1714
P7,Bronson Ave & University Dr,5906,5845,Brewer Park,6395
P5,Stadium Way,1785,1724,Brewer Park,1896
P7,Bronson Ave & University Dr,5332,5271,Brewer Park,5809
P5,Stadium Way,743,682,Brewer Park,849
P7,Bronson Ave & University Dr,11753,11692,Brewer Park,12541
P5,Stadium Way,3097,3036,Brewer Park,3203
P7,Bronson Ave & University Dr,11291,11230,Brewer Park,11739
P5,Stadium Way,2911,2850,Brewer Park,3024
P7,Bronson Ave & University Dr,6349,6288,Brewer Park,6815
P7,Bronson Ave & University Dr,3385,3324,Brewer Park,3865
P5,Stadium Way,1304,1243,Brewer Park,1414
P7,Bronson Ave & University Dr,5519,5458,Brewer Park,5988
P5,Stadium Way,1131,1070,Brewer Park,1241
P5,Stadium Way,2814,2753,Brewer Park,2926
P7,Bronson Ave & University Dr,239,178,Brewer Park,3334
P7,Bronson Ave & University Dr,3582,3521,Brewer Park,5354
P7,Bronson Ave & University Dr,11693,11632,Brewer Park,12466
P2,Colonel By,531,470,Hogs Back Plaza (SW dest.),896
P5,Stadium Way,2644,2583,Brewer Park,2752
P5,Stadium Way,601,540,Brewer Park,711
P7,Bronson Ave & University Dr,5768,5707,Brewer Park,6231
P7,Bronson Ave & University Dr,12445,12384,Brewer Park,12907
P7,Bronson Ave & University Dr,384,323,Brewer Park,3457
P7,Bronson Ave & University Dr,3285,3224,Brewer Park,3738
P7,Bronson Ave & University Dr,12509,12448,Brewer Park,12981
P2,Colonel By,218,157,Hogs Back Plaza (SW dest.),784
P5,Stadium Way,1453,1392,Brewer Park,1551
P5,Stadium Way,182,121,Brewer Park,213
P5,Stadium Way,118,57,Brewer Park,140
P5,Stadium Way,2267,2206,Brewer Park,2369
P7,Bronson Ave & University Dr,6445,6384,Brewer Park,6911
P5,Stadium Way,517,456,Brewer Park,627
P5,Stadium Way,1931,1870,Brewer Park,2046
P7,Bronson Ave & University Dr,7108,7047,Brewer Park,7586
P7,Bronson Ave & University Dr,11345,11284,Brewer Park,11804
P7,Bronson Ave & University Dr,6180,6119,Brewer Park,6654
P5,Stadium Way,2239,2178,Brewer Park,2356
P7,Bronson Ave & University Dr,379,318,Brewer Park,3449
P7,Bronson Ave & University Dr,12480,12419,Brewer Park,12918
P7,Bronson Ave & University Dr,6999,6938,Brewer Park,7483
P2,Colonel By,547,486,Hogs Back Plaza (SW dest.),928
P7,Bronson Ave & University Dr,6132,6071,Brewer Park,6595
P2,Colonel By,603,542,Hogs Back Plaza (SW dest.),1028
P1,Colonel By,167,106,Hogs Back Plaza (SW dest.),354
P2,Colonel By,536,475,Hogs Back Plaza (SW dest.),910
P5,Stadium Way,1921,1860,Brewer Park,2038
P7,Bronson Ave & University Dr,3617,3556,Brewer Park,5394
P7,Bronson Ave & University Dr,5175,5114,Brewer Park,5653
P5,Stadium Way,679,618,Brewer Park,785
P7,Bronson Ave & University Dr,6058,5997,Brewer Park,6538
P5,Stadium Way,1523,1462,Brewer Park,1621
P7,Bronson Ave & University Dr,6943,6882,Brewer Park,7422
P7,Bronson Ave & University Dr,6443,6382,Brewer Park,7228
P7,Bronson Ave & University Dr,3055,2994,Brewer Park,3519
P1,Colonel By,214,153,Hogs Back Plaza (SW dest.),422
P5,Stadium Way,286,225,Brewer Park,347
P5,Stadium Way,1739,1678,Brewer Park,1857
P5,Stadium Way,1503,1442,Brewer Park,1609
P5,Stadium Way,2325,2264,Brewer Park,2441
P7,Bronson Ave & University Dr,11354,11293,Brewer Park,11816
P7,Bronson Ave & University Dr,6438,6377,Brewer Park,7224
P5,Stadium Way,1463,1402,Brewer Park,1573
P5,Stadium Way,1910,1849,Brewer Park,2019
P7,Bronson Ave & University Dr,5170,5109,Brewer Park,5645
P7,Bronson Ave & University Dr,11557,11496,Brewer Park,12018
P2,Colonel By,158,97,Hogs Back Plaza (SW dest.),485
P5,Stadium Way,1072,1011,Brewer Park,1180
P2,Colonel By,173,112,Hogs Back Plaza (SW dest.),651
P7,Bronson Ave & University Dr,7019,6958,Brewer Park,7503
P7,Bronson Ave & University Dr,308,247,Brewer Park,3417
P7,Bronson Ave & University Dr,6553,6492,Brewer Park,7348
P7,Bronson Ave & University Dr,6233,6172,Brewer Park,6701
P7,Bronson Ave & University Dr,6221,6160,Brewer Park,6991
P5,Stadium Way,1721,1660,Brewer Park,1834
P5,Stadium Way,2230,2169,Brewer Park,2343
P5,Stadium Way,2546,2485,Brewer Park,2658
P5,Stadium Way,2671,2610,Brewer Park,2777
P5,Stadium Way,2178,2117,Brewer Park,2284
P5,Stadium Way,2979,2918,Brewer Park,3094
P7,Bronson Ave & University Dr,5900,5839,Brewer Park,6387
P7,Bronson Ave & University Dr,6520,6459,Brewer Park,7304
P7,Bronson Ave & University Dr,11460,11399,Brewer Park,11925
P5,Stadium Way,249,188,Brewer Park,302
P5,Stadium Way,1901,1840,Brewer Park,2010
P7,Bronson Ave & University Dr,11887,11826,Brewer Park,12678
P7,Bronson Ave & University Dr,11879,11818,Brewer Park,12674
P7,Bronson Ave & University Dr,298,237,Brewer Park,3407
P5,Stadium Way,3079,3018,Brewer Park,3186
P1,Colonel By,436,375,Hogs Back Plaza (SW dest.),698
P7,Bronson Ave & University Dr,7343,7282,Brewer Park,7817
P7,Bronson Ave & University Dr,7011,6950,Brewer Park,7491
P5,Stadium Way,207,146,Brewer Park,246
P5,Stadium Way,2963,2902,Brewer Park,3074
P7,Bronson Ave & University Dr,6268,6207,Brewer Park,7033
P5,Stadium Way,1405,1344,Brewer Park,1513
P5,Stadium Way,1046,985,Brewer Park,1154
P7,Bronson Ave & University Dr,6451,6390,Brewer Park,7236
P5,Stadium Way,2193,2132,Brewer Park,2300
P7,Bronson Ave & University Dr,7247,7186,Brewer Park,7723
P7,Bronson Ave & University Dr,3034,2973,Brewer Park,3502
P5,Stadium Way,2289,2228,Brewer Park,2398
P7,Bronson Ave & University Dr,12517,12456,Brewer Park,12972
P7,Bronson Ave & University Dr,5860,5799,Brewer Park,6341
P7,Bronson Ave & University Dr,7308,7247,Brewer Park,7774
P5,Stadium Way,2140,2079,Brewer Park,2249
P7,Bronson Ave & University Dr,3200,3139,Brewer Park,3657
P7,Bronson Ave & University Dr,7003,6942,Brewer Park,7487
P7,Bronson Ave & University Dr,6370,6309,Brewer Park,6828
P5,Stadium Way,476,415,Brewer Park,592
P7,Bronson Ave & University Dr,5944,5883,Brewer Park,6420
P5,Stadium Way,1844,1783,Brewer Park,1954
P7,Bronson Ave & University Dr,11550,11489,Brewer Park,12005
P7,Bronson Ave & University Dr,5737,5676,Brewer Park,6214
P1,Colonel By,197,136,Hogs Back Plaza (SW dest.),400
P5,Stadium Way,3083,3022,Brewer Park,3190
P7,Bronson Ave & University Dr,5999,5938,Brewer Park,6474
P7,Bronson Ave & University Dr,12372,12311,Brewer Park,12838
P5,Stadium Way,2897,2836,Brewer Park,3007
P5,Stadium Way,412,351,Brewer Park,531
P2,Colonel By,637,576,Hogs Back Plaza (SW dest.),1087
P7,Bronson Ave & University Dr,5833,5772,Brewer Park,6303
P7,Bronson Ave & University Dr,3004,2943,Brewer Park,3484
P7,Bronson Ave & University Dr,3316,3255,Brewer Park,3770
P7,Bronson Ave & University Dr,11749,11688,Brewer Park,12533
P7,Bronson Ave & University Dr,11872,11811,Brewer Park,12666
P5,Stadium Way,2549,2488,Brewer Park,2662
P7,Bronson Ave & University Dr,11641,11580,Brewer Park,12112
P5,Stadium Way,722,661,Brewer Park,830
P5,Stadium Way,1786,1725,Brewer Park,1899
P5,Stadium Way,741,680,Brewer Park,845
P7,Bronson Ave & University Dr,6527,6466,Brewer Park,7316
P5,Stadium Way,1266,1205,Brewer Park,1374
P7,Bronson Ave & University Dr,12393,12332,Brewer Park,12860
P5,Stadium Way,3006,2945,Brewer Park,3112
P5,Stadium Way,1135,1074,Brewer Park,1250
P7,Bronson Ave & University Dr,3550,3489,Brewer Park,5315
P5,Stadium Way,1681,1620,Brewer Park,1791
P5,Stadium Way,1218,1157,Brewer Park,1329
P5,Stadium Way,211,150,Brewer Park,251
P5,Stadium Way,370,309,Brewer Park,477
P5,Stadium Way,2628,2567,Brewer Park,2728
P7,Bronson Ave & University Dr,11555,11494,Brewer Park,12014
P7,Bronson Ave & University Dr,11748,11687,Brewer Park,12528
P7,Bronson Ave & University Dr,12531,12470,Brewer Park,12985
P7,Bronson Ave & University Dr,11843,11782,Brewer Park,12627
P7,Bronson Ave & University Dr,11586,11525,Brewer Park,12053
P7,Bronson Ave & University Dr,5188,5127,Brewer Park,5679
P7,Bronson Ave & University Dr,3506,3445,Brewer Park,3972
P7,Bronson Ave & University Dr,6974,6913,Brewer Park,7443
P7,Bronson Ave & University Dr,11760,11699,Brewer Park,12549
P5,Stadium Way,1079,1018,Brewer Park,1185
P7,Bronson Ave & University Dr,5987,5926,Brewer Park,6462
P7,Bronson Ave & University Dr,5388,5327,Brewer Park,5860
P7,Bronson Ave & University Dr,3431,3370,Brewer Park,3909
P7,Bronson Ave & University Dr,5497,5436,Brewer Park,5971
P5,Stadium Way,492,431,Brewer Park,614
P7,Bronson Ave & University Dr,7028,6967,Brewer Park,7511
P7,Bronson Ave & University Dr,6203,6142,Brewer Park,6668
P7,Bronson Ave & University Dr,11526,11465,Brewer Park,11974
P7,Bronson Ave & University Dr,6990,6929,Brewer Park,7471
P7,Bronson Ave & University Dr,133,72,Brewer Park,644
P7,Bronson Ave & University Dr,6184,6123,Brewer Park,6954
P2,Colonel By,656,595,Hogs Back Plaza (SW dest.),1125
P7,Bronson Ave & University Dr,6386,6325,Brewer Park,6851
P5,Stadium Way,2277,2216,Brewer Park,2378
P7,Bronson Ave & University Dr,6317,6256,Brewer Park,7085
P7,Bronson Ave & University Dr,11746,11685,Brewer Park,12519
P5,Stadium Way,247,186,Brewer Park,298
P5,Stadium Way,2218,2157,Brewer Park,2330
P7,Bronson Ave & University Dr,12477,12416,Brewer Park,12912
P5,Stadium Way,2124,2063,Brewer Park,2235
P7,Bronson Ave & University Dr,6503,6442,Brewer Park,7283
P1,Colonel By,306,245,Hogs Back Plaza (SW dest.),536
P7,Bronson Ave & University Dr,12362,12301,Brewer Park,12834
P7,Bronson Ave & University Dr,6445,6384,Brewer Park,7232
P7,Bronson Ave & University Dr,6522,6461,Brewer Park,7308
P1,Colonel By,223,162,Hogs Back Plaza (SW dest.),433
P7,Bronson Ave & University Dr,6225,6164,Brewer Park,6689
P7,Bronson Ave & University Dr,3497,3436,Brewer Park,3960
P7,Bronson Ave & University Dr,98,37,Brewer Park,378
P7,Bronson Ave & University Dr,3571,3510,Brewer Park,5337
P5,Stadium Way,2053,1992,Brewer Park,2161
P7,Bronson Ave & University Dr,6104,6043,Brewer Park,6577
P5,Stadium Way,2381,2320,Brewer Park,2491
P5,Stadium Way,2838,2777,Brewer Park,2952
P7,Bronson Ave & University Dr,6171,6110,Brewer Park,6640
P7,Bronson Ave & University Dr,5799,5738,Brewer Park,6272
P7,Bronson Ave & University Dr,155,94,Brewer Park,3230
P1,Colonel By,357,296,Hogs Back Plaza (SW dest.),599
P5,Stadium Way,156,95,Brewer Park,185
P5,Stadium Way,232,171,Brewer Park,276
P7,Bronson Ave & University Dr,5235,5174,Brewer Park,5709
P7,Bronson Ave & University Dr,6383,6322,Brewer Park,6846
P7,Bronson Ave & University Dr,467,406,Brewer Park,3466
P7,Bronson Ave & University Dr,5451,5390,Brewer Park,5911
P1,Colonel By,173,112,Hogs Back Plaza (SW dest.),368
P7,Bronson Ave & University Dr,11438,11377,Brewer Park,11896
P7,Bronson Ave & University Dr,5891,5830,Brewer Park,6375
P7,Bronson Ave & University Dr,7089,7028,Brewer Park,7568
P5,Stadium Way,627,566,Brewer Park,734
P7,Bronson Ave & University Dr,5261,5200,Brewer Park,5743
P2,Colonel By,556,495,Hogs Back Plaza (SW dest.),948
P7,Bronson Ave & University Dr,3053,2992,Brewer Park,3514
P7,Bronson Ave & University Dr,3408,3347,Brewer Park,3878
P2,Colonel By,491,430,Hogs Back Plaza (SW dest.),830
P7,Bronson Ave & University Dr,7242,7181,Brewer Park,7714
P7,Bronson Ave & University Dr,11341,11280,Brewer Park,11799
P1,Colonel By,93,32,Hogs Back Plaza (SW dest.),262
P7,Bronson Ave & University Dr,6057,5996,Brewer Park,6533
P4,Stadium Way,4148,487,Brewer Park,4263
P3,Stadium Way,4414,753,Brewer Park,4525
P3,Stadium Way,4124,463,Brewer Park,4236
P3,Stadium Way,4632,971,Brewer Park,4744
P4,Stadium Way,5167,1506,Brewer Park,5279
P4,Stadium Way,4043,382,Brewer Park,4149
P3,Stadium Way,4010,349,Brewer Park,4119
P4,Stadium Way,5071,1410,Brewer Park,5183
P3,Stadium Way,4375,714,Brewer Park,4490
P4,Stadium Way,5150,1489,Brewer Park,5261
P4,Stadium Way,5139,1478,Brewer Park,5247
P4,Stadium Way,5053,1392,Brewer Park,5162
P4,Stadium Way,4423,762,Brewer Park,4538
P3,Stadium Way,4767,1106,Brewer Park,4879
P4,Stadium Way,4982,1321,Brewer Park,5097
P3,Stadium Way,4112,451,Brewer Park,4223
P3,Stadium Way,4046,385,Brewer Park,4154
P3,Stadium Way,4513,852,Brewer Park,4627
P3,Stadium Way,4332,671,Brewer Park,4443
P3,Stadium Way,4785,1124,Brewer Park,4898
P3,Stadium Way,4343,682,Brewer Park,4459
P3,Stadium Way,4252,591,Brewer Park,4358
P3,Stadium Way,4294,633,Brewer Park,4405
P3,Stadium Way,4909,1248,Brewer Park,5014
P4,Stadium Way,5136,1475,Brewer Park,5243
P3,Stadium Way,4913,1252,Brewer Park,5018
P3,Stadium Way,4651,990,Brewer Park,4764
P4,Stadium Way,5114,1453,Brewer Park,5229
P3,Stadium Way,4485,824,Brewer Park,4593
P4,Stadium Way,4956,1295,Brewer Park,5067
P3,Stadium Way,4547,886,Brewer Park,4652
P3,Stadium Way,4644,983,Brewer Park,4756
P4,Stadium Way,5104,1443,Brewer Park,5220
P3,Stadium Way,3960,299,Brewer Park,4076
P4,Stadium Way,3955,294,Brewer Park,4067
P4,Stadium Way,3885,224,Brewer Park,3998
P3,Stadium Way,4404,743,Brewer Park,4512
P4,Stadium Way,5079,1418,Brewer Park,5191
P3,Stadium Way,4362,701,Brewer Park,4482
P4,Stadium Way,5056,1395,Brewer Park,5170
P4,Stadium Way,5005,1344,Brewer Park,5110
P3,Stadium Way,4166,505,Brewer Park,4284
P3,Stadium Way,4873,1212,Brewer Park,4984
P4,Stadium Way,5118,1457,Brewer Park,5234
P3,Stadium Way,4583,922,Brewer Park,4699
P3,Stadium Way,4357,696,Brewer Park,4469
P3,Stadium Way,4616,955,Brewer Park,4728
P3,Stadium Way,4584,923,Brewer Park,4703
P4,Stadium Way,3953,292,Brewer Park,4063
P3,Stadium Way,4328,667,Brewer Park,4439
P4,Stadium Way,4994,1333,Brewer Park,5106
P3,Stadium Way,4175,514,Brewer Park,4293
P4,Stadium Way,4460,799,Brewer Park,4564
P4,Stadium Way,5147,1486,Brewer Park,5256
P3,Stadium Way,4225,564,Brewer Park,4340
P4,Stadium Way,3950,289,Brewer Park,4059
P3,Stadium Way,4406,745,Brewer Park,4516
P3,Stadium Way,4522,861,Brewer Park,4631
P3,Stadium Way,4095,434,Brewer Park,4201
P3,Stadium Way,4882,1221,Brewer Park,4992
P3,Stadium Way,4318,657,Brewer Park,4429
P3,Stadium Way,4921,1260,Brewer Park,5027
P4,Stadium Way,5084,1423,Brewer Park,5199
P3,Stadium Way,4935,1274,Brewer Park,5045
P3,Stadium Way,4433,772,Brewer Park,4543
P3,Stadium Way,4339,678,Brewer Park,4452
P3,Stadium Way,4478,817,Brewer Park,4584
P3,Stadium Way,4291,630,Brewer Park,4402
P3,Stadium Way,4065,404,Brewer Park,4170
P3,Stadium Way,3995,334,Brewer Park,4110
P4,Stadium Way,3925,264,Brewer Park,4036
P3,Stadium Way,4450,789,Brewer Park,4560
P4,Stadium Way,3876,215,Brewer Park,3990
P3,Stadium Way,4186,525,Brewer Park,4297
P3,Stadium Way,4624,963,Brewer Park,4736
P4,Stadium Way,3991,330,Brewer Park,4106
P3,Stadium Way,4469,808,Brewer Park,4572
P3,Stadium Way,4221,560,Brewer Park,4336
P4,Stadium Way,5055,1394,Brewer Park,5166
P3,Stadium Way,4466,805,Brewer Park,4568
P4,Stadium Way,5044,1383,Brewer Park,5149
P3,Stadium Way,4819,1158,Brewer Park,4936
P3,Stadium Way,4013,352,Brewer Park,4123
P3,Stadium Way,4317,656,Brewer Park,4425
P4,Stadium Way,4961,1300,Brewer Park,5070
P4,Stadium Way,4098,437,Brewer Park,4206
P3,Stadium Way,4739,1078,Brewer Park,4846
P3,Stadium Way,4597,936,Brewer Park,4715
P3,Stadium Way,4724,1063,Brewer Park,4828
P4,Stadium Way,5025,1364,Brewer Park,5135
P4,Stadium Way,5013,1352,Brewer Park,5122
P3,Stadium Way,4792,1131,Brewer Park,4902
P3,Stadium Way,4567,906,Brewer Park,4679
P3,Stadium Way,4188,527,Brewer Park,4301
P4,Stadium Way,5113,1452,Brewer Park,5225
P3,Stadium Way,4592,931,Brewer Park,4711
P3,Stadium Way,4236,575,Brewer Park,4345
P3,Stadium Way,4534,873,Brewer Park,4643
P3,Stadium Way,4577,916,Brewer Park,4691
P4,Stadium Way,5145,1484,Brewer Park,5251
P4,Stadium Way,4101,440,Brewer Park,4210
P4,Stadium Way,4980,1319,Brewer Park,5093
P3,Stadium Way,4757,1096,Brewer Park,4863
P3,Stadium Way,4709,1048,Brewer Park,4816
P3,Stadium Way,4562,901,Brewer Park,4670
P3,Stadium Way,4887,1226,Brewer Park,5000
P4,Stadium Way,4386,725,Brewer Park,4503
P3,Stadium Way,4612,951,Brewer Park,4724
P3,Stadium Way,4939,1278,Brewer Park,5049
P3,Stadium Way,4271,610,Brewer Park,4381
P4,Stadium Way,3903,242,Brewer Park,4015
P3,Stadium Way,4245,584,Brewer Park,4354
P3,Stadium Way,4215,554,Brewer Park,4327
P3,Stadium Way,4638,977,Brewer Park,4748
P3,Stadium Way,4889,1228,Brewer Park,5005
P3,Stadium Way,4617,956,Brewer Park,4732
P3,Stadium Way,4727,1066,Brewer Park,4833
P3,Stadium Way,4078,417,Brewer Park,4188
P3,Stadium Way,4829,1168,Brewer Park,4945
P3,Stadium Way,4192,531,Brewer Park,4306
P3,Stadium Way,4865,1204,Brewer Park,4980
P4,Stadium Way,4966,1305,Brewer Park,5074
P4,Stadium Way,4480,819,Brewer Park,4589
P3,Stadium Way,4342,681,Brewer Park,4455
P4,Stadium Way,5010,1349,Brewer Park,5118
P4,Stadium Way,4218,557,Brewer Park,4331
P4,Stadium Way,3905,244,Brewer Park,4019
P3,Stadium Way,4055,394,Brewer Park,4162
P3,Stadium Way,4760,1099,Brewer Park,4870
P3,Stadium Way,4509,848,Brewer Park,4618
P3,Stadium Way,4736,1075,Brewer Park,4842
P3,Stadium Way,4152,491,Brewer Park,4268
P3,Stadium Way,4832,1171,Brewer Park,4949
P3,Stadium Way,4118,457,Brewer Park,4232
P3,Stadium Way,4383,722,Brewer Park,4499
P3,Stadium Way,4349,688,Brewer Park,4464
P4,Stadium Way,5156,1495,Brewer Park,5266
P4,Stadium Way,4947,1286,Brewer Park,5058
P3,Stadium Way,4084,423,Brewer Park,4192
P4,Stadium Way,4129,468,Brewer Park,4240
P4,Stadium Way,5068,1407,Brewer Park,5178
P4,Stadium Way,3848,187,Brewer Park,3965
P4,Stadium Way,3890,229,Brewer Park,4002
P4,Stadium Way,4242,581,Brewer Park,4349
P4,Stadium Way,5160,1499,Brewer Park,5274
P3,Stadium Way,4491,830,Brewer Park,4601
P3,Stadium Way,4303,642,Brewer Park,4409
P4,Stadium Way,4950,1289,Brewer Park,5063
P3,Stadium Way,4802,1141,Brewer Park,4916
P3,Stadium Way,4532,871,Brewer Park,4639
P3,Stadium Way,4001,340,Brewer Park,4115
P4,Stadium Way,4941,1280,Brewer Park,5054
P3,Stadium Way,4545,884,Brewer Park,4648
P3,Stadium Way,4110,449,Brewer Park,4219
P3,Stadium Way,4361,700,Brewer Park,4478
P3,Stadium Way,4560,899,Brewer Park,4665
P4,Stadium Way,4993,1332,Brewer Park,5102
P3,Stadium Way,4782,1121,Brewer Park,4893
P3,Stadium Way,4273,612,Brewer Park,4385
P4,Stadium Way,5006,1345,Brewer Park,5114
P4,Stadium Way,5081,1420,Brewer Park,5195
P4,Stadium Way,5091,1430,Brewer Park,5204
P4,Stadium Way,3895,234,Brewer Park,4011
P3,Stadium Way,4054,393,Brewer Park,4158
P3,Stadium Way,4027,366,Brewer Park,4137
P3,Stadium Way,4817,1156,Brewer Park,4932
P3,Stadium Way,4659,998,Brewer Park,4774
P4,Stadium Way,3928,267,Brewer Park,4041
P3,Stadium Way,4812,1151,Brewer Park,4928
P4,Stadium Way,4968,1307,Brewer Park,5079
P4,Stadium Way,5099,1438,Brewer Park,5212
P3,Stadium Way,4506,845,Brewer Park,4614
P4,Stadium Way,3937,276,Brewer Park,4050
P4,Stadium Way,3914,253,Brewer Park,4024
P3,Stadium Way,4708,1047,Brewer Park,4812
P4,Stadium Way,4258,597,Brewer Park,4362
P3,Stadium Way,3987,326,Brewer Park,4101
P3,Stadium Way,4401,740,Brewer Park,4507
P3,Stadium Way,4705,1044,Brewer Park,4807
P3,Stadium Way,4488,827,Brewer Park,4597
P4,Stadium Way,4555,894,Brewer Park,4660
P3,Stadium Way,4640,979,Brewer Park,4752
P3,Stadium Way,4764,1103,Brewer Park,4874
P3,Stadium Way,3975,314,Brewer Park,4093
P3,Stadium Way,3974,313,Brewer Park,4089
P3,Stadium Way,4851,1190,Brewer Park,4966
P3,Stadium Way,4931,1270,Brewer Park,5041
P3,Stadium Way,4553,892,Brewer Park,4656
P3,Stadium Way,4713,1052,Brewer Park,4824
P3,Stadium Way,4075,414,Brewer Park,4183
P4,Stadium Way,4072,411,Brewer Park,4179
P3,Stadium Way,4138,477,Brewer Park,4254
P4,Stadium Way,5020,1359,Brewer Park,5131
P4,Stadium Way,4700,1039,Brewer Park,4803
P3,Stadium Way,4652,991,Brewer Park,4769
P3,Stadium Way,4068,407,Brewer Park,4174
P3,Stadium Way,3934,273,Brewer Park,4046
P3,Stadium Way,3963,302,Brewer Park,4080
P3,Stadium Way,4448,787,Brewer Park,4555
P3,Stadium Way,4278,617,Brewer Park,4393
P4,Stadium Way,5132,1471,Brewer Park,5239
P3,Stadium Way,4580,919,Brewer Park,4695
P3,Stadium Way,4664,1003,Brewer Park,4778
P3,Stadium Way,4685,1024,Brewer Park,4794
P3,Stadium Way,4683,1022,Brewer Park,4790
P3,Stadium Way,4474,813,Brewer Park,4581
P4,Stadium Way,5047,1386,Brewer Park,5153
P3,Stadium Way,4927,1266,Brewer Park,5036
P3,Stadium Way,4373,712,Brewer Park,4486
P3,Stadium Way,4647,986,Brewer Park,4760
P4,Stadium Way,5076,1415,Brewer Park,5188
P3,Stadium Way,4314,653,Brewer Park,4421
P4,Stadium Way,4524,863,Brewer Park,4635
P4,Stadium Way,5062,1401,Brewer Park,5174
P3,Stadium Way,4564,903,Brewer Park,4674
P4,Stadium Way,5015,1354,Brewer Park,5127
P3,Stadium Way,4158,497,Brewer Park,4272
P3,Stadium Way,4210,549,Brewer Park,4318
P3,Stadium Way,4837,1176,Brewer Park,4954
P4,Stadium Way,4016,355,Brewer Park,4128
P4,Stadium Way,4974,1313,Brewer Park,5084
P3,Stadium Way,4057,396,Brewer Park,4166
P4,Stadium Way,4311,650,Brewer Park,4417
P3,Stadium Way,4039,378,Brewer Park,4146
P3,Stadium Way,4201,540,Brewer Park,4314
P3,Stadium Way,4841,1180,Brewer Park,4958
P3,Stadium Way,4135,474,Brewer Park,4250
P3,Stadium Way,4473,812,Brewer Park,4577
P3,Stadium Way,4212,551,Brewer Park,4323
P3,Stadium Way,4680,1019,Brewer Park,4786
P3,Stadium Way,4265,604,Brewer Park,4371
P3,Stadium Way,4879,1218,Brewer Park,4988
P3,Stadium Way,4775,1114,Brewer Park,4887
P3,Stadium Way,4571,910,Brewer Park,4684
P4,Stadium Way,3918,257,Brewer Park,4028
P3,Stadium Way,4849,1188,Brewer Park,4962
P4,Stadium Way,4029,368,Brewer Park,4141
P3,Stadium Way,4444,783,Brewer Park,4551
P4,Stadium Way,4358,697,Brewer Park,4473
P3,Stadium Way,3948,287,Brewer Park,4055
P3,Stadium Way,4629,968,Brewer Park,4740
P3,Stadium Way,4751,1090,Brewer Park,4859
P4,Stadium Way,5096,1435,Brewer Park,5208
P4,Stadium Way,4503,842,Brewer Park,4610
P3,Stadium Way,4411,750,Brewer Park,4520
P4,Stadium Way,4141,480,Brewer Park,4258
P3,Stadium Way,4730,1069,Brewer Park,4837
P3,Stadium Way,4742,1081,Brewer Park,4850
P3,Stadium Way,3977,316,Brewer Park,4096
P3,Stadium Way,4161,500,Brewer Park,4276
P3,Stadium Way,4381,720,Brewer Park,4494
P3,Stadium Way,4884,1223,Brewer Park,4996
P4,Stadium Way,4280,619,Brewer Park,4397
P3,Stadium Way,4858,1197,Brewer Park,4975
P3,Stadium Way,4422,761,Brewer Park,4535
P4,Stadium Way,5040,1379,Brewer Park,5144
P3,Stadium Way,4586,925,Brewer Park,4707
P3,Stadium Way,4915,1254,Brewer Park,5022
P3,Stadium Way,4804,1143,Brewer Park,4920
P3,Stadium Way,4699,1038,Brewer Park,4799
P4,Stadium Way,4978,1317,Brewer Park,5089
P3,Stadium Way,4104,443,Brewer Park,4215
P3,Stadium Way,4923,1262,Brewer Park,5031
P3,Stadium Way,4269,608,Brewer Park,4376
P4,Stadium Way,4199,538,Brewer Park,4310
P4,Stadium Way,3874,213,Brewer Park,3986
P3,Stadium Way,4748,1087,Brewer Park,4855
P3,Stadium Way,4436,775,Brewer Park,4548
P3,Stadium Way,4511,850,Brewer Park,4622
P4,Stadium Way,3971,310,Brewer Park,4085
P3,Stadium Way,3957,296,Brewer Park,4072
P3,Stadium Way,4262,601,Brewer Park,4366
P4,Stadium Way,3923,262,Brewer Park,4032
P4,Stadium Way,3879,218,Brewer Park,3994
P3,Stadium Way,4676,1015,Brewer Park,4782
P4,Stadium Way,4336,675,Brewer Park,4447
P3,Stadium Way,4131,470,Brewer Park,4245
P3,Stadium Way,4811,1150,Brewer Park,4924
P3,Stadium Way,4799,1138,Brewer Park,4911
P3,Stadium Way,4796,1135,Brewer Park,4907
P3,Stadium Way,4908,1247,Brewer Park,5008
P3,Stadium Way,4497,836,Brewer Park,4605
P3,Stadium Way,4712,1051,Brewer Park,4820
P4,Stadium Way,4172,511,Brewer Park,4288
P4,Stadium Way,5103,1442,Brewer Park,5216
P3,Stadium Way,4608,947,Brewer Park,4720
P3,Stadium Way,4307,646,Brewer Park,4414
P3,Stadium Way,4020,359,Brewer Park,4133
P4,Stadium Way,5157,1496,Brewer Park,5270
P4,Stadium Way,5051,1390,Brewer Park,5158
P3,Stadium Way,4086,425,Brewer Park,4197
P4,Stadium Way,5036,1375,Brewer Park,5140
P3,Stadium Way,4164,503,Brewer Park,4280
P4,Stadium Way,4416,755,Brewer Park,4530
P3,Stadium Way,4772,1111,Brewer Park,4883
P3,Stadium Way,4854,1193,Brewer Park,4970
P3,Stadium Way,4116,455,Brewer Park,4227
P3,Stadium Way,4277,616,Brewer Park,4389
P3,Stadium Way,4325,664,Brewer Park,4434
P3,Stadium Way,4823,1162,Brewer Park,4941
P6,Bronson Ave & University Dr,10416,3155,Brewer Park,10871
P6,Bronson Ave & University Dr,9486,2225,Brewer Park,9955
P6,Bronson Ave & University Dr,9838,2577,Brewer Park,10302
P6,Bronson Ave & University Dr,11038,3777,Brewer Park,11501
P6,Bronson Ave & University Dr,10828,3567,Brewer Park,11303
P6,Bronson Ave & University Dr,8221,960,Brewer Park,8695
P6,Bronson Ave & University Dr,8285,1024,Brewer Park,8759
P6,Bronson Ave & University Dr,8969,1708,Brewer Park,9442
P6,Bronson Ave & University Dr,8332,1071,Brewer Park,8803
P6,Bronson Ave & University Dr,7795,534,Brewer Park,8264
P6,Bronson Ave & University Dr,7702,441,Brewer Park,8162
P6,Bronson Ave & University Dr,10617,3356,Brewer Park,11083
P6,Bronson Ave & University Dr,7551,290,Brewer Park,8023
P6,Bronson Ave & University Dr,8580,1319,Brewer Park,9054
P6,Bronson Ave & University Dr,8002,741,Brewer Park,8476
P6,Bronson Ave & University Dr,8954,1693,Brewer Park,9425
P6,Bronson Ave & University Dr,10893,3632,Brewer Park,11358
P6,Bronson Ave & University Dr,10226,2965,Brewer Park,10692
P6,Bronson Ave & University Dr,9718,2457,Brewer Park,10184
P6,Bronson Ave & University Dr,10442,3181,Brewer Park,10907
P6,Bronson Ave & University Dr,11212,3951,Brewer Park,11680
P6,Bronson Ave & University Dr,10787,3526,Brewer Park,11248
P6,Bronson Ave & University Dr,10397,3136,Brewer Park,10859
P6,Bronson Ave & University Dr,8179,918,Brewer Park,8652
P6,Bronson Ave & University Dr,7786,525,Brewer Park,8250
P6,Bronson Ave & University Dr,11186,3925,Brewer Park,11639
P6,Bronson Ave & University Dr,9875,2614,Brewer Park,10349
P6,Bronson Ave & University Dr,9869,2608,Brewer Park,10341
P6,Bronson Ave & University Dr,10115,2854,Brewer Park,10584
P6,Bronson Ave & University Dr,9409,2148,Brewer Park,9884
P6,Bronson Ave & University Dr,10022,2761,Brewer Park,10487
P6,Bronson Ave & University Dr,7444,183,Brewer Park,7929
P6,Bronson Ave & University Dr,10749,3488,Brewer Park,11224
P6,Bronson Ave & University Dr,9692,2431,Brewer Park,10158
P6,Bronson Ave & University Dr,9071,1810,Brewer Park,9549
P6,Bronson Ave & University Dr,8276,1015,Brewer Park,8741
P6,Bronson Ave & University Dr,8517,1256,Brewer Park,8962
P6,Bronson Ave & University Dr,10952,3691,Brewer Park,11418
P6,Bronson Ave & University Dr,8909,1648,Brewer Park,9367
P6,Bronson Ave & University Dr,9622,2361,Brewer Park,10098
P6,Bronson Ave & University Dr,8110,849,Brewer Park,8573
P6,Bronson Ave & University Dr,8415,1154,Brewer Park,8880
P6,Bronson Ave & University Dr,11021,3760,Brewer Park,11493
P6,Bronson Ave & University Dr,10558,3297,Brewer Park,11016
P6,Bronson Ave & University Dr,8831,1570,Brewer Park,9308
P6,Bronson Ave & University Dr,9994,2733,Brewer Park,10462
P6,Bronson Ave & University Dr,10185,2924,Brewer Park,10645
P6,Bronson Ave & University Dr,10273,3012,Brewer Park,10734
P6,Bronson Ave & University Dr,8905,1644,Brewer Park,9362
P6,Bronson Ave & University Dr,8548,1287,Brewer Park,9008
P6,Bronson Ave & University Dr,7441,180,Brewer Park,7925
P6,Bronson Ave & University Dr,8398,1137,Brewer Park,8867
P6,Bronson Ave & University Dr,8834,1573,Brewer Park,9313
P6,Bronson Ave & University Dr,11210,3949,Brewer Park,11675
P6,Bronson Ave & University Dr,9841,2580,Brewer Park,10307
P6,Bronson Ave & University Dr,10441,3180,Brewer Park,10903
P6,Bronson Ave & University Dr,11207,3946,Brewer Park,11671
P6,Bronson Ave & University Dr,10414,3153,Brewer Park,10866
P6,Bronson Ave & University Dr,10460,3199,Brewer Park,10930
P6,Bronson Ave & University Dr,11151,3890,Brewer Park,11609
P6,Bronson Ave & University Dr,7963,702,Brewer Park,8431
P6,Bronson Ave & University Dr,7950,689,Brewer Park,8410
P6,Bronson Ave & University Dr,10888,3627,Brewer Park,11354
P6,Bronson Ave & University Dr,9384,2123,Brewer Park,9863
P6,Bronson Ave & University Dr,8567,1306,Brewer Park,9038
P6,Bronson Ave & University Dr,7925,664,Brewer Park,8397
P6,Bronson Ave & University Dr,8108,847,Brewer Park,8569
P6,Bronson Ave & University Dr,8466,1205,Brewer Park,8936
P6,Bronson Ave & University Dr,10107,2846,Brewer Park,10575
P6,Bronson Ave & University Dr,8300,1039,Brewer Park,8769
P6,Bronson Ave & University Dr,10161,2900,Brewer Park,10620
P6,Bronson Ave & University Dr,11079,3818,Brewer Park,11541
P6,Bronson Ave & University Dr,10075,2814,Brewer Park,10542
P6,Bronson Ave & University Dr,10379,3118,Brewer Park,10837
P6,Bronson Ave & University Dr,8568,1307,Brewer Park,9042
P6,Bronson Ave & University Dr,8924,1663,Brewer Park,9388
P6,Bronson Ave & University Dr,9957,2696,Brewer Park,10428
P6,Bronson Ave & University Dr,10209,2948,Brewer Park,10666
P6,Bronson Ave & University Dr,9013,1752,Brewer Park,9485
P6,Bronson Ave & University Dr,9749,2488,Brewer Park,10217
P6,Bronson Ave & University Dr,7958,697,Brewer Park,8423
P6,Bronson Ave & University Dr,10280,3019,Brewer Park,10741
P6,Bronson Ave & University Dr,9364,2103,Brewer Park,9835
P6,Bronson Ave & University Dr,9341,2080,Brewer Park,9813
P6,Bronson Ave & University Dr,9742,2481,Brewer Park,10204
P6,Bronson Ave & University Dr,9452,2191,Brewer Park,9919
P6,Bronson Ave & University Dr,11232,3971,Brewer Park,11693
P6,Bronson Ave & University Dr,7819,558,Brewer Park,8285
P6,Bronson Ave & University Dr,7732,471,Brewer Park,8200
P6,Bronson Ave & University Dr,8014,753,Brewer Park,8492
P6,Bronson Ave & University Dr,11200,3939,Brewer Park,11658
P6,Bronson Ave & University Dr,8495,1234,Brewer Park,8957
P6,Bronson Ave & University Dr,7965,704,Brewer Park,8435
P6,Bronson Ave & University Dr,10607,3346,Brewer Park,11066
P6,Bronson Ave & University Dr,10524,3263,Brewer Park,10979
P6,Bronson Ave & University Dr,10575,3314,Brewer Park,11036
P6,Bronson Ave & University Dr,8058,797,Brewer Park,8523
P6,Bronson Ave & University Dr,10990,3729,Brewer Park,11450
P6,Bronson Ave & University Dr,9946,2685,Brewer Park,10419
P6,Bronson Ave & University Dr,7913,652,Brewer Park,8380
P6,Bronson Ave & University Dr,9533,2272,Brewer Park,10003
P6,Bronson Ave & University Dr,9556,2295,Brewer Park,10039
P6,Bronson Ave & University Dr,10052,2791,Brewer Park,10525
P6,Bronson Ave & University Dr,9259,1998,Brewer Park,9733
P6,Bronson Ave & University Dr,7404,143,Brewer Park,7883
P6,Bronson Ave & University Dr,9512,2251,Brewer Park,9983
P6,Bronson Ave & University Dr,9864,2603,Brewer Park,10332
P6,Bronson Ave & University Dr,10883,3622,Brewer Park,11345
P6,Bronson Ave & University Dr,8383,1122,Brewer Park,8850
P6,Bronson Ave & University Dr,7594,333,Brewer Park,8048
P6,Bronson Ave & University Dr,8641,1380,Brewer Park,9104
P6,Bronson Ave & University Dr,7971,710,Brewer Park,8441
P6,Bronson Ave & University Dr,10034,2773,Brewer Park,10495
P6,Bronson Ave & University Dr,9095,1834,Brewer Park,9569
P6,Bronson Ave & University Dr,11092,3831,Brewer Park,11562
P6,Bronson Ave & University Dr,7563,302,Brewer Park,8044
P6,Bronson Ave & University Dr,10480,3219,Brewer Park,10953
P6,Bronson Ave & University Dr,9826,2565,Brewer Park,10298
P6,Bronson Ave & University Dr,7514,253,Brewer Park,7985
P6,Bronson Ave & University Dr,9443,2182,Brewer Park,9906
P6,Bronson Ave & University Dr,8952,1691,Brewer Park,9420
P6,Bronson Ave & University Dr,11043,3782,Brewer Park,11505
P6,Bronson Ave & University Dr,8264,1003,Brewer Park,8728
P6,Bronson Ave & University Dr,8825,1564,Brewer Park,9300
P6,Bronson Ave & University Dr,10572,3311,Brewer Park,11032
P6,Bronson Ave & University Dr,9055,1794,Brewer Park,9522
P6,Bronson Ave & University Dr,10626,3365,Brewer Park,11095
P6,Bronson Ave & University Dr,9495,2234,Brewer Park,9963
P6,Bronson Ave & University Dr,7664,403,Brewer Park,8133
P6,Bronson Ave & University Dr,10062,2801,Brewer Park,10534
P6,Bronson Ave & University Dr,7757,496,Brewer Park,8229
P6,Bronson Ave & University Dr,9542,2281,Brewer Park,10017
P6,Bronson Ave & University Dr,9680,2419,Brewer Park,10150
P6,Bronson Ave & University Dr,9052,1791,Brewer Park,9518
P6,Bronson Ave & University Dr,11229,3968,Brewer Park,11688
P6,Bronson Ave & University Dr,9872,2611,Brewer Park,10345
P6,Bronson Ave & University Dr,7499,238,Brewer Park,7969
P6,Bronson Ave & University Dr,7707,446,Brewer Park,8170
P6,Bronson Ave & University Dr,7630,369,Brewer Park,8103
P6,Bronson Ave & University Dr,10257,2996,Brewer Park,10713
P6,Bronson Ave & University Dr,8793,1532,Brewer Park,9271
P6,Bronson Ave & University Dr,8448,1187,Brewer Park,8914
P6,Bronson Ave & University Dr,7536,275,Brewer Park,8010
P6,Bronson Ave & University Dr,9098,1837,Brewer Park,9573
P6,Bronson Ave & University Dr,9699,2438,Brewer Park,10167
P6,Bronson Ave & University Dr,10071,2810,Brewer Park,10538
P6,Bronson Ave & University Dr,9951,2690,Brewer Park,10424
P6,Bronson Ave & University Dr,11146,3885,Brewer Park,11605
P6,Bronson Ave & University Dr,10013,2752,Brewer Park,10475
P6,Bronson Ave & University Dr,9474,2213,Brewer Park,9946
P6,Bronson Ave & University Dr,7715,454,Brewer Park,8183
P6,Bronson Ave & University Dr,10014,2753,Brewer Park,10478
P6,Bronson Ave & University Dr,11050,3789,Brewer Park,11514
P6,Bronson Ave & University Dr,9014,1753,Brewer Park,9489
P6,Bronson Ave & University Dr,8328,1067,Brewer Park,8798
P6,Bronson Ave & University Dr,8941,1680,Brewer Park,9411
P6,Bronson Ave & University Dr,10036,2775,Brewer Park,10499
P6,Bronson Ave & University Dr,10640,3379,Brewer Park,11104
P6,Bronson Ave & University Dr,10553,3292,Brewer Park,11012
P6,Bronson Ave & University Dr,7670,409,Brewer Park,8142
P6,Bronson Ave & University Dr,9061,1800,Brewer Park,9536
P6,Bronson Ave & University Dr,9638,2377,Brewer Park,10115
P6,Bronson Ave & University Dr,10928,3667,Brewer Park,11390
P6,Bronson Ave & University Dr,9697,2436,Brewer Park,10162
P6,Bronson Ave & University Dr,7529,268,Brewer Park,8001
P6,Bronson Ave & University Dr,8652,1391,Brewer Park,9112
P6,Bronson Ave & University Dr,10191,2930,Brewer Park,10658
P6,Bronson Ave & University Dr,10328,3067,Brewer Park,10778
P6,Bronson Ave & University Dr,9041,1780,Brewer Park,9506
P6,Bronson Ave & University Dr,7532,271,Brewer Park,8005
P6,Bronson Ave & University Dr,9158,1897,Brewer Park,9629
P6,Bronson Ave & University Dr,9482,2221,Brewer Park,9950
P6,Bronson Ave & University Dr,7471,210,Brewer Park,7945
P6,Bronson Ave & University Dr,8105,844,Brewer Park,8565
P6,Bronson Ave & University Dr,9017,1756,Brewer Park,9493
P6,Bronson Ave & University Dr,10929,3668,Brewer Park,11394
P6,Bronson Ave & University Dr,7990,729,Brewer Park,8462
P6,Bronson Ave & University Dr,9517,2256,Brewer Park,9987
P6,Bronson Ave & University Dr,9467,2206,Brewer Park,9932
P6,Bronson Ave & University Dr,7396,135,Brewer Park,7870
P6,Bronson Ave & University Dr,9641,2380,Brewer Park,10120
P6,Bronson Ave & University Dr,9806,2545,Brewer Park,10278
P6,Bronson Ave & University Dr,9110,1849,Brewer Park,9586
P6,Bronson Ave & University Dr,8279,1018,Brewer Park,8746
P6,Bronson Ave & University Dr,11068,3807,Brewer Park,11533
P6,Bronson Ave & University Dr,10802,3541,Brewer Park,11273
P6,Bronson Ave & University Dr,10620,3359,Brewer Park,11087
P6,Bronson Ave & University Dr,8828,1567,Brewer Park,9304
P6,Bronson Ave & University Dr,10381,3120,Brewer Park,10841
P6,Bronson Ave & University Dr,8271,1010,Brewer Park,8737
P6,Bronson Ave & University Dr,9350,2089,Brewer Park,9817
P6,Bronson Ave & University Dr,8485,1224,Brewer Park,8944
P6,Bronson Ave & University Dr,7479,218,Brewer Park,7961
P6,Bronson Ave & University Dr,10734,3473,Brewer Park,11203
P6,Bronson Ave & University Dr,10960,3699,Brewer Park,11423
P6,Bronson Ave & University Dr,9303,2042,Brewer Park,9775
P6,Bronson Ave & University Dr,10849,3588,Brewer Park,11325
P6,Bronson Ave & University Dr,10332,3071,Brewer Park,10787
P6,Bronson Ave & University Dr,10259,2998,Brewer Park,10717
P6,Bronson Ave & University Dr,11197,3936,Brewer Park,11654
P6,Bronson Ave & University Dr,10737,3476,Brewer Park,11206
P6,Bronson Ave & University Dr,10179,2918,Brewer Park,10636
P6,Bronson Ave & University Dr,10528,3267,Brewer Park,10983
P6,Bronson Ave & University Dr,9263,2002,Brewer Park,9737
P6,Bronson Ave & University Dr,9413,2152,Brewer Park,9893
P6,Bronson Ave & University Dr,11136,3875,Brewer Park,11588
P6,Bronson Ave & University Dr,9165,1904,Brewer Park,9639
P6,Bronson Ave & University Dr,11096,3835,Brewer Park,11566
P6,Bronson Ave & University Dr,10420,3159,Brewer Park,10876
P6,Bronson Ave & University Dr,8562,1301,Brewer Park,9034
P6,Bronson Ave & University Dr,10471,3210,Brewer Park,10945
P6,Bronson Ave & University Dr,9130,1869,Brewer Park,9603
P6,Bronson Ave & University Dr,9064,1803,Brewer Park,9540
P6,Bronson Ave & University Dr,7987,726,Brewer Park,8458
P6,Bronson Ave & University Dr,10919,3658,Brewer Park,11376
P6,Bronson Ave & University Dr,9141,1880,Brewer Park,9613
P6,Bronson Ave & University Dr,9214,1953,Brewer Park,9691
P6,Bronson Ave & University Dr,11109,3848,Brewer Park,11575
P6,Bronson Ave & University Dr,8615,1354,Brewer Park,9090
P6,Bronson Ave & University Dr,8988,1727,Brewer Park,9455
P6,Bronson Ave & University Dr,9689,2428,Brewer Park,10154
P6,Bronson Ave & University Dr,8148,887,Brewer Park,8628
P6,Bronson Ave & University Dr,9148,1887,Brewer Park,9621
P6,Bronson Ave & University Dr,8208,947,Brewer Park,8686
P6,Bronson Ave & University Dr,7365,104,Brewer Park,7848
P6,Bronson Ave & University Dr,9758,2497,Brewer Park,10229
P6,Bronson Ave & University Dr,8203,942,Brewer Park,8682
P6,Bronson Ave & University Dr,9596,2335,Brewer Park,10060
P6,Bronson Ave & University Dr,8417,1156,Brewer Park,8884
P6,Bronson Ave & University Dr,8055,794,Brewer Park,8518
P6,Bronson Ave & University Dr,8099,838,Brewer Park,8557
P6,Bronson Ave & University Dr,9080,1819,Brewer Park,9557
P6,Bronson Ave & University Dr,7783,522,Brewer Park,8246
P6,Bronson Ave & University Dr,10577,3316,Brewer Park,11040
P6,Bronson Ave & University Dr,9058,1797,Brewer Park,9527
P6,Bronson Ave & University Dr,10538,3277,Brewer Park,10995
P6,Bronson Ave & University Dr,8012,751,Brewer Park,8488
P6,Bronson Ave & University Dr,7709,448,Brewer Park,8174
P6,Bronson Ave & University Dr,9744,2483,Brewer Park,10208
P6,Bronson Ave & University Dr,11065,3804,Brewer Park,11529
P6,Bronson Ave & University Dr,10560,3299,Brewer Park,11020
P6,Bronson Ave & University Dr,7869,608,Brewer Park,8343
P6,Bronson Ave & University Dr,9780,2519,Brewer Park,10257
P6,Bronson Ave & University Dr,9194,1933,Brewer Park,9662
P6,Bronson Ave & University Dr,8095,834,Brewer Park,8549
P6,Bronson Ave & University Dr,10116,2855,Brewer Park,10588
P6,Bronson Ave & University Dr,9996,2735,Brewer Park,10466
P6,Bronson Ave & University Dr,11163,3902,Brewer Park,11618
P6,Bronson Ave & University Dr,9282,2021,Brewer Park,9753
P6,Bronson Ave & University Dr,8707,1446,Brewer Park,9172
P6,Bronson Ave & University Dr,9455,2194,Brewer Park,9923
P6,Bronson Ave & University Dr,7506,245,Brewer Park,7978
P6,Bronson Ave & University Dr,10361,3100,Brewer Park,10806
P6,Bronson Ave & University Dr,10124,2863,Brewer Park,10593
P6,Bronson Ave & University Dr,8772,1511,Brewer Park,9245
P6,Bronson Ave & University Dr,7496,235,Brewer Park,7965
P6,Bronson Ave & University Dr,7960,699,Brewer Park,8427
P6,Bronson Ave & University Dr,9022,1761,Brewer Park,9502
P6,Bronson Ave & University Dr,7634,373,Brewer Park,8112
P6,Bronson Ave & University Dr,7993,732,Brewer Park,8467
P6,Bronson Ave & University Dr,8718,1457,Brewer Park,9189
P6,Bronson Ave & University Dr,7677,416,Brewer Park,8146
P6,Bronson Ave & University Dr,9093,1832,Brewer Park,9565
P6,Bronson Ave & University Dr,10713,3452,Brewer Park,11166
P6,Bronson Ave & University Dr,7951,690,Brewer Park,8414
P6,Bronson Ave & University Dr,8291,1030,Brewer Park,8764
P6,Bronson Ave & University Dr,11206,3945,Brewer Park,11667
P6,Bronson Ave & University Dr,10425,3164,Brewer Park,10881
P6,Bronson Ave & University Dr,9844,2583,Brewer Park,10315
P6,Bronson Ave & University Dr,8539,1278,Brewer Park,8994
P6,Bronson Ave & University Dr,10744,3483,Brewer Park,11215
P6,Bronson Ave & University Dr,9966,2705,Brewer Park,10440
P6,Bronson Ave & University Dr,7787,526,Brewer Park,8254
P6,Bronson Ave & University Dr,8268,1007,Brewer Park,8733
P6,Bronson Ave & University Dr,9658,2397,Brewer Park,10138
P6,Bronson Ave & University Dr,9049,1788,Brewer Park,9514
P6,Bronson Ave & University Dr,9547,2286,Brewer Park,10026
P6,Bronson Ave & University Dr,10278,3017,Brewer Park,10737
P6,Bronson Ave & University Dr,8670,1409,Brewer Park,9143
P6,Bronson Ave & University Dr,10427,3166,Brewer Park,10885
P6,Bronson Ave & University Dr,10234,2973,Brewer Park,10700
P6,Bronson Ave & University Dr,7632,371,Brewer Park,8107
P6,Bronson Ave & University Dr,8773,1512,Brewer Park,9249
P6,Bronson Ave & University Dr,8102,841,Brewer Park,8561
P6,Bronson Ave & University Dr,7823,562,Brewer Park,8290
P6,Bronson Ave & University Dr,9020,1759,Brewer Park,9497
P6,Bronson Ave & University Dr,8556,1295,Brewer Park,9025
P6,Bronson Ave & University Dr,11139,3878,Brewer Park,11592
P6,Bronson Ave & University Dr,8530,1269,Brewer Park,8985
P6,Bronson Ave & University Dr,9213,1952,Brewer Park,9687
P6,Bronson Ave & University Dr,7391,130,Brewer Park,7865
P6,Bronson Ave & University Dr,11099,3838,Brewer Park,11571
P6,Bronson Ave & University Dr,8139,878,Brewer Park,8613
P6,Bronson Ave & University Dr,7919,658,Brewer Park,8389
P6,Bronson Ave & University Dr,9645,2384,Brewer Park,10125
P6,Bronson Ave & University Dr,8741,1480,Brewer Park,9214
P6,Bronson Ave & University Dr,9524,2263,Brewer Park,9995
P6,Bronson Ave & University Dr,8375,1114,Brewer Park,8837
P6,Bronson Ave & University Dr,10302,3041,Brewer Park,10753
P6,Bronson Ave & University Dr,8355,1094,Brewer Park,8828
P6,Bronson Ave & University Dr,7606,345,Brewer Park,8065
P6,Bronson Ave & University Dr,9146,1885,Brewer Park,9618
P6,Bronson Ave & University Dr,10219,2958,Brewer Park,10684
P6,Bronson Ave & University Dr,7465,204,Brewer Park,7941
P6,Bronson Ave & University Dr,9861,2600,Brewer Park,10328
P6,Bronson Ave & University Dr,8201,940,Brewer Park,8678
P6,Bronson Ave & University Dr,7354,93,Brewer Park,7831
P6,Bronson Ave & University Dr,8876,1615,Brewer Park,9341
P6,Bronson Ave & University Dr,9279,2018,Brewer Park,9749
P6,Bronson Ave & University Dr,8779,1518,Brewer Park,9258
P6,Bronson Ave & University Dr,7928,667,Brewer Park,8401
P6,Bronson Ave & University Dr,9366,2105,Brewer Park,9839
P6,Bronson Ave & University Dr,11170,3909,Brewer Park,11622
P6,Bronson Ave & University Dr,10915,3654,Brewer Park,11372
P6,Bronson Ave & University Dr,10105,2844,Brewer Park,10570
P6,Bronson Ave & University Dr,9935,2674,Brewer Park,10402
P6,Bronson Ave & University Dr,7912,651,Brewer Park,8376
P6,Bronson Ave & University Dr,7636,375,Brewer Park,8116
P6,Bronson Ave & University Dr,8306,1045,Brewer Park,8774
P6,Bronson Ave & University Dr,7652,391,Brewer Park,8120
P6,Bronson Ave & University Dr,11143,3882,Brewer Park,11600
P6,Bronson Ave & University Dr,7623,362,Brewer Park,8090
P6,Bronson Ave & University Dr,8097,836,Brewer Park,8553
P6,Bronson Ave & University Dr,10447,3186,Brewer Park,10918
P6,Bronson Ave & University Dr,7554,293,Brewer Park,8027
P6,Bronson Ave & University Dr,9491,2230,Brewer Park,9959
P6,Bronson Ave & University Dr,9319,2058,Brewer Park,9792
P6,Bronson Ave & University Dr,7559,298,Brewer Park,8036
P6,Bronson Ave & University Dr,8697,1436,Brewer Park,9164
P6,Bronson Ave & University Dr,7805,544,Brewer Park,8276
P6,Bronson Ave & University Dr,9818,2557,Brewer Park,10289
P6,Bronson Ave & University Dr,10295,3034,Brewer Park,10749
P6,Bronson Ave & University Dr,9558,2297,Brewer Park,10043
P6,Bronson Ave & University Dr,10323,3062,Brewer Park,10774
P6,Bronson Ave & University Dr,10975,3714,Brewer Park,11436
P6,Bronson Ave & University Dr,8844,1583,Brewer Park,9322
P6,Bronson Ave & University Dr,8781,1520,Brewer Park,9262
P6,Bronson Ave & University Dr,8682,1421,Brewer Park,9152
P6,Bronson Ave & University Dr,9802,2541,Brewer Park,10273
P6,Bronson Ave & University Dr,10098,2837,Brewer Park,10566
P6,Bronson Ave & University Dr,8931,1670,Brewer Park,9397
P6,Bronson Ave & University Dr,8315,1054,Brewer Park,8782
P6,Bronson Ave & University Dr,8736,1475,Brewer Park,9206
P6,Bronson Ave & University Dr,9846,2585,Brewer Park,10319
P6,Bronson Ave & University Dr,10790,3529,Brewer Park,11252
P6,Bronson Ave & University Dr,8717,1456,Brewer Park,9185
P6,Bronson Ave & University Dr,7562,301,Brewer Park,8040
P6,Bronson Ave & University Dr,10264,3003,Brewer Park,10726
P6,Bronson Ave & University Dr,8313,1052,Brewer Park,8778
P6,Bronson Ave & University Dr,9892,2631,Brewer Park,10364
P6,Bronson Ave & University Dr,10129,2868,Brewer Park,10598
P6,Bronson Ave & University Dr,7797,536,Brewer Park,8268
P6,Bronson Ave & University Dr,10370,3109,Brewer Park,10819
P6,Bronson Ave & University Dr,9728,2467,Brewer Park,10196
P6,Bronson Ave & University Dr,10615,3354,Brewer Park,11079
P6,Bronson Ave & University Dr,9288,2027,Brewer Park,9757
P6,Bronson Ave & University Dr,10311,3050,Brewer Park,10762
P6,Bronson Ave & University Dr,8811,1550,Brewer Park,9288
P6,Bronson Ave & University Dr,8601,1340,Brewer Park,9071
P6,Bronson Ave & University Dr,7826,565,Brewer Park,8299
P6,Bronson Ave & University Dr,10176,2915,Brewer Park,10632
P6,Bronson Ave & University Dr,9211,1950,Brewer Park,9683
P6,Bronson Ave & University Dr,10224,2963,Brewer Park,10688
P6,Bronson Ave & University Dr,7873,612,Brewer Park,8347
P6,Bronson Ave & University Dr,9651,2390,Brewer Park,10129
P6,Bronson Ave & University Dr,7937,676,Brewer Park,8405
P6,Bronson Ave & University Dr,7389,128,Brewer Park,7861
P6,Bronson Ave & University Dr,10077,2816,Brewer Park,10547
P6,Bronson Ave & University Dr,10562,3301,Brewer Park,11024
P6,Bronson Ave & University Dr,8283,1022,Brewer Park,8754
P6,Bronson Ave & University Dr,10468,3207,Brewer Park,10937
P6,Bronson Ave & University Dr,7898,637,Brewer Park,8368
P6,Bronson Ave & University Dr,8321,1060,Brewer Park,8786
P6,Bronson Ave & University Dr,9723,2462,Brewer Park,10188
P6,Bronson Ave & University Dr,10094,2833,Brewer Park,10562
P6,Bronson Ave & University Dr,8152,891,Brewer Park,8632
P6,Bronson Ave & University Dr,11175,3914,Brewer Park,11630
P6,Bronson Ave & University Dr,9525,2264,Brewer Park,9999
P6,Bronson Ave & University Dr,8550,1289,Brewer Park,9012
P6,Bronson Ave & University Dr,8377,1116,Brewer Park,8842
P6,Bronson Ave & University Dr,7383,122,Brewer Park,7852
P6,Bronson Ave & University Dr,9091,1830,Brewer Park,9561
P6,Bronson Ave & University Dr,10689,3428,Brewer Park,11157
P6,Bronson Ave & University Dr,9867,2606,Brewer Park,10336
P6,Bronson Ave & University Dr,7661,400,Brewer Park,8130
P6,Bronson Ave & University Dr,9784,2523,Brewer Park,10266
P6,Bronson Ave & University Dr,8704,1443,Brewer Park,9168
P6,Bronson Ave & University Dr,8359,1098,Brewer Park,8832
P6,Bronson Ave & University Dr,10938,3677,Brewer Park,11406
P6,Bronson Ave & University Dr,10678,3417,Brewer Park,11154
P6,Bronson Ave & University Dr,9941,2680,Brewer Park,10410
P6,Bronson Ave & University Dr,8545,1284,Brewer Park,9003
P6,Bronson Ave & University Dr,8603,1342,Brewer Park,9076
P6,Bronson Ave & University Dr,8791,1530,Brewer Park,9266
P6,Bronson Ave & University Dr,7855,594,Brewer Park,8325
P6,Bronson Ave & University Dr,8009,748,Brewer Park,8484
P6,Bronson Ave & University Dr,9621,2360,Brewer Park,10094
P6,Bronson Ave & University Dr,7745,484,Brewer Park,8213
P6,Bronson Ave & University Dr,9665,2404,Brewer Park,10146
P6,Bronson Ave & University Dr,11084,3823,Brewer Park,11549
P6,Bronson Ave & University Dr,8711,1450,Brewer Park,9177
P6,Bronson Ave & University Dr,7474,213,Brewer Park,7953
P6,Bronson Ave & University Dr,9156,1895,Brewer Park,9625
P6,Bronson Ave & University Dr,10437,3176,Brewer Park,10898
P6,Bronson Ave & University Dr,11195,3934,Brewer Park,11650
P6,Bronson Ave & University Dr,7712,451,Brewer Park,8178
P6,Bronson Ave & University Dr,10516,3255,Brewer Park,10969
P6,Bronson Ave & University Dr,9116,1855,Brewer Park,9590
P6,Bronson Ave & University Dr,11202,3941,Brewer Park,11662
P6,Bronson Ave & University Dr,10535,3274,Brewer Park,10991
P6,Bronson Ave & University Dr,9629,2368,Brewer Park,10106
P6,Bronson Ave & University Dr,10086,2825,Brewer Park,10550
P6,Bronson Ave & University Dr,10820,3559,Brewer Park,11290
P6,Bronson Ave & University Dr,9338,2077,Brewer Park,9809
P6,Bronson Ave & University Dr,9312,2051,Brewer Park,9787
P6,Bronson Ave & University Dr,7824,563,Brewer Park,8294
P6,Bronson Ave & University Dr,9334,2073,Brewer Park,9805
P6,Bronson Ave & University Dr,9411,2150,Brewer Park,9888
P6,Bronson Ave & University Dr,9903,2642,Brewer Park,10381
P6,Bronson Ave & University Dr,8667,1406,Brewer Park,9138
P6,Bronson Ave & University Dr,8692,1431,Brewer Park,9160
P6,Bronson Ave & University Dr,8592,1331,Brewer Park,9059
P6,Bronson Ave & University Dr,8743,1482,Brewer Park,9218
P6,Bronson Ave & University Dr,8726,1465,Brewer Park,9193
P6,Bronson Ave & University Dr,10110,2849,Brewer Park,10579
P6,Bronson Ave & University Dr,9614,2353,Brewer Park,10086
P6,Bronson Ave & University Dr,8113,852,Brewer Park,8578
P6,Bronson Ave & University Dr,10880,3619,Brewer Park,11340
P6,Bronson Ave & University Dr,10457,3196,Brewer Park,10926
P6,Bronson Ave & University Dr,8798,1537,Brewer Park,9275
P6,Bronson Ave & University Dr,7907,646,Brewer Park,8372
P6,Bronson Ave & University Dr,8440,1179,Brewer Park,8905
P6,Bronson Ave & University Dr,10633,3372,Brewer Park,11100
P6,Bronson Ave & University Dr,8658,1397,Brewer Park,9119
P6,Bronson Ave & University Dr,8889,1628,Brewer Park,9350
P6,Bronson Ave & University Dr,8493,1232,Brewer Park,8953
P6,Bronson Ave & University Dr,9656,2395,Brewer Park,10133
P6,Bronson Ave & University Dr,10841,3580,Brewer Park,11317
P6,Bronson Ave & University Dr,10398,3137,Brewer Park,10863
P6,Bronson Ave & University Dr,7741,480,Brewer Park,8209
P6,Bronson Ave & University Dr,9449,2188,Brewer Park,9916
P6,Bronson Ave & University Dr,9291,2030,Brewer Park,9761
P6,Bronson Ave & University Dr,9499,2238,Brewer Park,9968
P6,Bronson Ave & University Dr,8653,1392,Brewer Park,9115
P6,Bronson Ave & University Dr,8325,1064,Brewer Park,8790
P6,Bronson Ave & University Dr,8175,914,Brewer Park,8648
P6,Bronson Ave & University Dr,9538,2277,Brewer Park,10012
P6,Bronson Ave & University Dr,8753,1492,Brewer Park,9222
P6,Bronson Ave & University Dr,10241,2980,Brewer Park,10709
P6,Bronson Ave & University Dr,10040,2779,Brewer Park,10508
P6,Bronson Ave & University Dr,10613,3352,Brewer Park,11075
P6,Bronson Ave & University Dr,10913,3652,Brewer Park,11368
P6,Bronson Ave & University Dr,8991,1730,Brewer Park,9459
P6,Bronson Ave & University Dr,7955,694,Brewer Park,8418
P6,Bronson Ave & University Dr,8728,1467,Brewer Park,9197
P6,Bronson Ave & University Dr,9251,1990,Brewer Park,9719
P6,Bronson Ave & University Dr,7880,619,Brewer Park,8356
P6,Bronson Ave & University Dr,10872,3611,Brewer Park,11333
P6,Bronson Ave & University Dr,7610,349,Brewer Park,8068
P6,Bronson Ave & University Dr,8239,978,Brewer Park,8713
P6,Bronson Ave & University Dr,7626,365,Brewer Park,8094
P6,Bronson Ave & University Dr,10565,3304,Brewer Park,11028
P6,Bronson Ave & University Dr,10666,3405,Brewer Park,11137
P6,Bronson Ave & University Dr,10346,3085,Brewer Park,10791
P6,Bronson Ave & University Dr,7432,171,Brewer Park,7910
P6,Bronson Ave & University Dr,8949,1688,Brewer Park,9415
P6,Bronson Ave & University Dr,10792,3531,Brewer Park,11256
P6,Bronson Ave & University Dr,8560,1299,Brewer Park,9030
P6,Bronson Ave & University Dr,8961,1700,Brewer Park,9434
P6,Bronson Ave & University Dr,9759,2498,Brewer Park,10233
P6,Bronson Ave & University Dr,10270,3009,Brewer Park,10730
P6,Bronson Ave & University Dr,7403,142,Brewer Park,7879
P6,Bronson Ave & University Dr,10733,3472,Brewer Park,11199
P6,Bronson Ave & University Dr,11002,3741,Brewer Park,11460
P6,Bronson Ave & University Dr,10848,3587,Brewer Park,11321
P6,Bronson Ave & University Dr,9603,2342,Brewer Park,10068
P6,Bronson Ave & University Dr,8223,962,Brewer Park,8699
P6,Bronson Ave & University Dr,8128,867,Brewer Park,8599
P6,Bronson Ave & University Dr,7844,583,Brewer Park,8321
P6,Bronson Ave & University Dr,7751,490,Brewer Park,8221
P6,Bronson Ave & University Dr,8430,1169,Brewer Park,8893
P6,Bronson Ave & University Dr,7736,475,Brewer Park,8204
P6,Bronson Ave & University Dr,7978,717,Brewer Park,8450
P6,Bronson Ave & University Dr,7518,257,Brewer Park,7993
P6,Bronson Ave & University Dr,8435,1174,Brewer Park,8897
P6,Bronson Ave & University Dr,10330,3069,Brewer Park,10782
P6,Bronson Ave & University Dr,7436,175,Brewer Park,7915
P6,Bronson Ave & University Dr,10215,2954,Brewer Park,10676
P6,Bronson Ave & University Dr,10187,2926,Brewer Park,10649
P6,Bronson Ave & University Dr,10934,3673,Brewer Park,11398
P6,Bronson Ave & University Dr,7350,89,Brewer Park,7827
P6,Bronson Ave & University Dr,8129,868,Brewer Park,8604
P6,Bronson Ave & University Dr,9469,2208,Brewer Park,9937
P6,Bronson Ave & University Dr,9307,2046,Brewer Park,9779
P6,Bronson Ave & University Dr,9309,2048,Brewer Park,9783
P6,Bronson Ave & University Dr,8935,1674,Brewer Park,9402
P6,Bronson Ave & University Dr,10189,2928,Brewer Park,10653
P6,Bronson Ave & University Dr,8184,923,Brewer Park,8660
P6,Bronson Ave & University Dr,8621,1360,Brewer Park,9095
P6,Bronson Ave & University Dr,7793,532,Brewer Park,8259
P6,Bronson Ave & University Dr,10775,3514,Brewer Park,11232
P6,Bronson Ave & University Dr,11172,3911,Brewer Park,11626
P6,Bronson Ave & University Dr,10430,3169,Brewer Park,10890
P6,Bronson Ave & University Dr,10163,2902,Brewer Park,10624
P6,Bronson Ave & University Dr,8054,793,Brewer Park,8514
P6,Bronson Ave & University Dr,10993,3732,Brewer Park,11455
P6,Bronson Ave & University Dr,8064,803,Brewer Park,8531
P6,Bronson Ave & University Dr,8605,1344,Brewer Park,9081
P6,Bronson Ave & University Dr,9733,2472,Brewer Park,10200
P6,Bronson Ave & University Dr,8690,1429,Brewer Park,9156
P6,Bronson Ave & University Dr,11016,3755,Brewer Park,11486
P6,Bronson Ave & University Dr,10719,3458,Brewer Park,11174
P6,Bronson Ave & University Dr,10387,3126,Brewer Park,10846
P6,Bronson Ave & University Dr,7502,241,Brewer Park,7974
P6,Bronson Ave & University Dr,7973,712,Brewer Park,8446
P6,Bronson Ave & University Dr,8555,1294,Brewer Park,9021
P6,Bronson Ave & University Dr,9566,2305,Brewer Park,10051
P6,Bronson Ave & University Dr,8917,1656,Brewer Park,9379
P6,Bronson Ave & University Dr,8061,800,Brewer Park,8527
P6,Bronson Ave & University Dr,9546,2285,Brewer Park,10022
P6,Bronson Ave & University Dr,8039,778,Brewer Park,8509
P6,Bronson Ave & University Dr,8389,1128,Brewer Park,8859
P6,Bronson Ave & University Dr,7916,655,Brewer Park,8385
P6,Bronson Ave & University Dr,7717,456,Brewer Park,8187
P6,Bronson Ave & University Dr,9126,1865,Brewer Park,9599
P6,Bronson Ave & University Dr,7522,261,Brewer Park,7997
P6,Bronson Ave & University Dr,9630,2369,Brewer Park,10110
P6,Bronson Ave & University Dr,9809,2548,Brewer Park,10282
P6,Bronson Ave & University Dr,9105,1844,Brewer Park,9578
P6,Bronson Ave & University Dr,9663,2402,Brewer Park,10142
P6,Bronson Ave & University Dr,9215,1954,Brewer Park,9695
P6,Bronson Ave & University Dr,9255,1994,Brewer Park,9724
P6,Bronson Ave & University Dr,9764,2503,Brewer Park,10237
P6,Bronson Ave & University Dr,10659,3398,Brewer Park,11124
P6,Bronson Ave & University Dr,8986,1725,Brewer Park,9451
P6,Bronson Ave & University Dr,10047,2786,Brewer Park,10521
P6,Bronson Ave & University Dr,8083,822,Brewer Park,8535
P6,Bronson Ave & University Dr,8775,1514,Brewer Park,9254
P6,Bronson Ave & University Dr,8122,861,Brewer Park,8591
P6,Bronson Ave & University Dr,10972,3711,Brewer Park,11432
P6,Bronson Ave & University Dr,9404,2143,Brewer Park,9876
P6,Bronson Ave & University Dr,7437,176,Brewer Park,7920
P6,Bronson Ave & University Dr,7508,247,Brewer Park,7981
P6,Bronson Ave & University Dr,10597,3336,Brewer Park,11049
P6,Bronson Ave & University Dr,8336,1075,Brewer Park,8807
P6,Bronson Ave & University Dr,7541,280,Brewer Park,8014
P6,Bronson Ave & University Dr,8426,1165,Brewer Park,8889
P6,Bronson Ave & University Dr,10217,2956,Brewer Park,10680
P6,Bronson Ave & University Dr,10060,2799,Brewer Park,10529
P6,Bronson Ave & University Dr,8450,1189,Brewer Park,8918
P6,Bronson Ave & University Dr,7478,217,Brewer Park,7957
P6,Bronson Ave & University Dr,8211,950,Brewer Park,8691
P6,Bronson Ave & University Dr,10937,3676,Brewer Park,11402
P6,Bronson Ave & University Dr,11088,3827,Brewer Park,11554
P6,Bronson Ave & University Dr,8552,1291,Brewer Park,9016
P6,Bronson Ave & University Dr,10651,3390,Brewer Park,11109
P6,Bronson Ave & University Dr,7802,541,Brewer Park,8272
P6,Bronson Ave & University Dr,10885,3624,Brewer Park,11349
P6,Bronson Ave & University Dr,8384,1123,Brewer Park,8854
P6,Bronson Ave & University Dr,10721,3460,Brewer Park,11178
P6,Bronson Ave & University Dr,10837,3576,Brewer Park,11313
P6,Bronson Ave & University Dr,9405,2144,Brewer Park,9880
P6,Bronson Ave & University Dr,9896,2635,Brewer Park,10372
P6,Bronson Ave & University Dr,9773,2512,Brewer Park,10250
P6,Bronson Ave & University Dr,10717,3456,Brewer Park,11170
P6,Bronson Ave & University Dr,10943,3682,Brewer Park,11410
P6,Bronson Ave & University Dr,7857,596,Brewer Park,8329
P6,Bronson Ave & University Dr,9715,2454,Brewer Park,10180
P6,Bronson Ave & University Dr,9958,2697,Brewer Park,10432
P6,Bronson Ave & University Dr,10921,3660,Brewer Park,11381
P6,Bronson Ave & University Dr,9968,2707,Brewer Park,10445
P6,Bronson Ave & University Dr,9944,2683,Brewer Park,10415
P6,Bronson Ave & University Dr,11063,3802,Brewer Park,11524
P6,Bronson Ave & University Dr,7357,96,Brewer Park,7835
P6,Bronson Ave & University Dr,11188,3927,Brewer Park,11643
P6,Bronson Ave & University Dr,8232,971,Brewer Park,8704
P6,Bronson Ave & University Dr,8958,1697,Brewer Park,9429
P6,Bronson Ave & University Dr,10982,3721,Brewer Park,11446
P6,Bronson Ave & University Dr,10539,3278,Brewer Park,10998
P6,Bronson Ave & University Dr,9218,1957,Brewer Park,9698
P6,Bronson Ave & University Dr,8534,1273,Brewer Park,8990
P6,Bronson Ave & University Dr,10042,2781,Brewer Park,10512
P6,Bronson Ave & University Dr,9360,2099,Brewer Park,9830
P6,Bronson Ave & University Dr,9609,2348,Brewer Park,10077
P6,Bronson Ave & University Dr,11193,3932,Brewer Park,11647
P6,Bronson Ave & University Dr,9518,2257,Brewer Park,9991
P6,Bronson Ave & University Dr,7763,502,Brewer Park,8234
P6,Bronson Ave & University Dr,10131,2870,Brewer Park,10602
P6,Bronson Ave & University Dr,8380,1119,Brewer Park,8846
P6,Bronson Ave & University Dr,8963,1702,Brewer Park,9438
P6,Bronson Ave & University Dr,8281,1020,Brewer Park,8750
P6,Bronson Ave & University Dr,9895,2634,Brewer Park,10368
P6,Bronson Ave & University Dr,8675,1414,Brewer Park,9147
P6,Bronson Ave & University Dr,7753,492,Brewer Park,8225
P6,Bronson Ave & University Dr,9815,2554,Brewer Park,10286
P6,Bronson Ave & University Dr,10462,3201,Brewer Park,10934
P6,Bronson Ave & University Dr,7877,616,Brewer Park,8351
P6,Bronson Ave & University Dr,11019,3758,Brewer Park,11490
P6,Bronson Ave & University Dr,8353,1092,Brewer Park,8824
P6,Bronson Ave & University Dr,10600,3339,Brewer Park,11054
P6,Bronson Ave & University Dr,9627,2366,Brewer Park,10102
P6,Bronson Ave & University Dr,8024,763,Brewer Park,8505
P6,Bronson Ave & University Dr,7923,662,Brewer Park,8393
P6,Bronson Ave & University Dr,7893,632,Brewer Park,8360
P6,Bronson Ave & University Dr,8479,1218,Brewer Park,8940
P6,Bronson Ave & University Dr,8457,1196,Brewer Park,8923
P6,Bronson Ave & University Dr,7655,394,Brewer Park,8125
P6,Bronson Ave & University Dr,9607,2346,Brewer Park,10073
P6,Bronson Ave & University Dr,7426,165,Brewer Park,7905
P6,Bronson Ave & University Dr,10805,3544,Brewer Park,11277
P6,Bronson Ave & University Dr,8660,1399,Brewer Park,9124
P6,Bronson Ave & University Dr,10374,3113,Brewer Park,10828
P6,Bronson Ave & University Dr,7361,100,Brewer Park,7839
P6,Bronson Ave & University Dr,9047,1786,Brewer Park,9510
P6,Bronson Ave & University Dr,8541,1280,Brewer Park,8999
P6,Bronson Ave & University Dr,9224,1963,Brewer Park,9711
P6,Bronson Ave & University Dr,10377,3116,Brewer Park,10832
P6,Bronson Ave & University Dr,7808,547,Brewer Park,8280
P6,Bronson Ave & University Dr,11141,3880,Brewer Park,11596
P6,Bronson Ave & University Dr,8235,974,Brewer Park,8708
P6,Bronson Ave & University Dr,8259,998,Brewer Park,8721
P6,Bronson Ave & University Dr,9974,2713,Brewer Park,10449
P6,Bronson Ave & University Dr,7617,356,Brewer Park,8081
P6,Bronson Ave & University Dr,7363,102,Brewer Park,7843
P6,Bronson Ave & University Dr,10492,3231,Brewer Park,10961
P6,Bronson Ave & University Dr,10621,3360,Brewer Park,11091
P6,Bronson Ave & University Dr,7612,351,Brewer Park,8072
P6,Bronson Ave & University Dr,9122,1861,Brewer Park,9595
P6,Bronson Ave & University Dr,7558,297,Brewer Park,8032
P6,Bronson Ave & University Dr,9470,2209,Brewer Park,9941
P6,Bronson Ave & University Dr,8327,1066,Brewer Park,8794
P6,Bronson Ave & University Dr,8757,1496,Brewer Park,9231
P6,Bronson Ave & University Dr,9201,1940,Brewer Park,9666
P6,Bronson Ave & University Dr,9183,1922,Brewer Park,9648
P6,Bronson Ave & University Dr,7678,417,Brewer Park,8150
P6,Bronson Ave & University Dr,8263,1002,Brewer Park,8725
P6,Bronson Ave & University Dr,9189,1928,Brewer Park,9657
P6,Bronson Ave & University Dr,8929,1668,Brewer Park,9392
P6,Bronson Ave & University Dr,8018,757,Brewer Park,8497
P6,Bronson Ave & University Dr,8084,823,Brewer Park,8539
P6,Bronson Ave & University Dr,10656,3395,Brewer Park,11120
P6,Bronson Ave & University Dr,8937,1676,Brewer Park,9407
P6,Bronson Ave & University Dr,8665,1404,Brewer Park,9134
P6,Bronson Ave & University Dr,10469,3208,Brewer Park,10941
P6,Bronson Ave & University Dr,9616,2355,Brewer Park,10090
P6,Bronson Ave & University Dr,11009,3748,Brewer Park,11472
P6,Bronson Ave & University Dr,8181,920,Brewer Park,8656
P6,Bronson Ave & University Dr,10549,3288,Brewer Park,11008
P6,Bronson Ave & University Dr,8734,1473,Brewer Park,9202
P6,Bronson Ave & University Dr,10155,2894,Brewer Park,10615
P6,Bronson Ave & University Dr,8824,1563,Brewer Park,9296
P6,Bronson Ave & University Dr,9783,2522,Brewer Park,10262
P6,Bronson Ave & University Dr,7896,635,Brewer Park,8364
P6,Bronson Ave & University Dr,10018,2757,Brewer Park,10482
P6,Bronson Ave & University Dr,10664,3403,Brewer Park,11133
P6,Bronson Ave & University Dr,11117,3856,Brewer Park,11579
P6,Bronson Ave & University Dr,8350,1089,Brewer Park,8819
P6,Bronson Ave & University Dr,9381,2120,Brewer Park,9859
P6,Bronson Ave & University Dr,8993,1732,Brewer Park,9463
P6,Bronson Ave & University Dr,10785,3524,Brewer Park,11244
P6,Bronson Ave & University Dr,10793,3532,Brewer Park,11260
P6,Bronson Ave & University Dr,10826,3565,Brewer Park,11298
P6,Bronson Ave & University Dr,9298,2037,Brewer Park,9770
P6,Bronson Ave & University Dr,10746,3485,Brewer Park,11219
P6,Bronson Ave & University Dr,9599,2338,Brewer Park,10065
P6,Bronson Ave & University Dr,8145,884,Brewer Park,8623
P6,Bronson Ave & University Dr,10925,3664,Brewer Park,11385
P6,Bronson Ave & University Dr,8171,910,Brewer Park,8644
P6,Bronson Ave & University Dr,8406,1145,Brewer Park,8871
P6,Bronson Ave & University Dr,9906,2645,Brewer Park,10385
P6,Bronson Ave & University Dr,11179,3918,Brewer Park,11635
P6,Bronson Ave & University Dr,8613,1352,Brewer Park,9086
P6,Bronson Ave & University Dr,7697,436,Brewer Park,8158
P6,Bronson Ave & University Dr,9059,1798,Brewer Park,9531
P6,Bronson Ave & University Dr,7462,201,Brewer Park,7937
P6,Bronson Ave & University Dr,9161,1900,Brewer Park,9634
P6,Bronson Ave & University Dr,8842,1581,Brewer Park,9317
P6,Bronson Ave & University Dr,8526,1265,Brewer Park,8976
P6,Bronson Ave & University Dr,10088,2827,Brewer Park,10554
P6,Bronson Ave & University Dr,9703,2442,Brewer Park,10172
P6,Bronson Ave & University Dr,8913,1652,Brewer Park,9375
P6,Bronson Ave & University Dr,9390,2129,Brewer Park,9872
P6,Bronson Ave & University Dr,10044,2783,Brewer Park,10516
P6,Bronson Ave & University Dr,8740,1479,Brewer Park,9210
P6,Bronson Ave & University Dr,9611,2350,Brewer Park,10081
P6,Bronson Ave & University Dr,8187,926,Brewer Park,8665
P6,Bronson Ave & University Dr,7748,487,Brewer Park,8217
P6,Bronson Ave & University Dr,8995,1734,Brewer Park,9467
P6,Bronson Ave & University Dr,9725,2464,Brewer Park,10191
P6,Bronson Ave & University Dr,7681,420,Brewer Park,8154
P6,Bronson Ave & University Dr,10517,3256,Brewer Park,10974
P6,Bronson Ave & University Dr,8195,934,Brewer Park,8673
P6,Bronson Ave & University Dr,9369,2108,Brewer Park,9843
P6,Bronson Ave & University Dr,11014,3753,Brewer Park,11481
P6,Bronson Ave & University Dr,8897,1636,Brewer Park,9359
P6,Bronson Ave & University Dr,8436,1175,Brewer Park,8901
P6,Bronson Ave & University Dr,8191,930,Brewer Park,8669
P6,Bronson Ave & University Dr,10212,2951,Brewer Park,10671
P6,Bronson Ave & University Dr,10395,3134,Brewer Park,10855
P6,Bronson Ave & University Dr,10729,3468,Brewer Park,11194
P6,Bronson Ave & University Dr,7865,604,Brewer Park,8339
P6,Bronson Ave & University Dr,10662,3401,Brewer Park,11129
P6,Bronson Ave & University Dr,9355,2094,Brewer Park,9821
P6,Bronson Ave & University Dr,7667,406,Brewer Park,8138
P6,Bronson Ave & University Dr,7628,367,Brewer Park,8098
P6,Bronson Ave & University Dr,7420,159,Brewer Park,7896
P6,Bronson Ave & University Dr,8126,865,Brewer Park,8595
P6,Bronson Ave & University Dr,7831,570,Brewer Park,8307
P6,Bronson Ave & University Dr,9210,1949,Brewer Park,9679
P6,Bronson Ave & University Dr,8756,1495,Brewer Park,9227
P6,Bronson Ave & University Dr,7720,459,Brewer Park,8196
P6,Bronson Ave & University Dr,10742,3481,Brewer Park,11211
P6,Bronson Ave & University Dr,9709,2448,Brewer Park,10176
P6,Bronson Ave & University Dr,9880,2619,Brewer Park,10359
P6,Bronson Ave & University Dr,8593,1332,Brewer Park,9063
P6,Bronson Ave & University Dr,8998,1737,Brewer Park,9472
P6,Bronson Ave & University Dr,10969,3708,Brewer Park,11427
P6,Bronson Ave & University Dr,7704,443,Brewer Park,8166
P6,Bronson Ave & University Dr,9767,2506,Brewer Park,10241
P6,Bronson Ave & University Dr,11070,3809,Brewer Park,11537
P6,Bronson Ave & University Dr,10318,3057,Brewer Park,10765
P6,Bronson Ave & University Dr,11155,3894,Brewer Park,11614
P6,Bronson Ave & University Dr,9378,2117,Brewer Park,9855
P6,Bronson Ave & University Dr,9747,2486,Brewer Park,10212
P6,Bronson Ave & University Dr,7447,186,Brewer Park,7933
P6,Bronson Ave & University Dr,10433,3172,Brewer Park,10894
P6,Bronson Ave & University Dr,10320,3059,Brewer Park,10769
P6,Bronson Ave & University Dr,8089,828,Brewer Park,8544
P6,Bronson Ave & University Dr,8597,1336,Brewer Park,9067
P6,Bronson Ave & University Dr,10485,3224,Brewer Park,10957
P6,Bronson Ave & University Dr,7997,736,Brewer Park,8471
P6,Bronson Ave & University Dr,10199,2938,Brewer Park,10662
P6,Bronson Ave & University Dr,8114,853,Brewer Park,8582
P6,Bronson Ave & University Dr,8920,1659,Brewer Park,9384
P6,Bronson Ave & University Dr,7516,255,Brewer Park,7989
P6,Bronson Ave & University Dr,9221,1960,Brewer Park,9703
P6,Bronson Ave & University Dr,8160,899,Brewer Park,8636
P6,Bronson Ave & University Dr,10282,3021,Brewer Park,10744
P6,Bronson Ave & University Dr,9078,1817,Brewer Park,9553
P6,Bronson Ave & University Dr,9011,1750,Brewer Park,9481
P6,Bronson Ave & University Dr,10140,2879,Brewer Park,10611
P6,Bronson Ave & University Dr,9510,2249,Brewer Park,9978
P6,Bronson Ave & University Dr,8520,1259,Brewer Park,8967
P6,Bronson Ave & University Dr,9933,2672,Brewer Park,10398
P6,Bronson Ave & University Dr,10795,3534,Brewer Park,11265
P6,Bronson Ave & University Dr,10364,3103,Brewer Park,10810
P6,Bronson Ave & University Dr,9446,2185,Brewer Park,9911
P6,Bronson Ave & University Dr,10373,3112,Brewer Park,10824
P6,Bronson Ave & University Dr,10824,3563,Brewer Park,11294
P6,Bronson Ave & University Dr,10594,3333,Brewer Park,11044
P6,Bronson Ave & University Dr,9535,2274,Brewer Park,10008
P6,Bronson Ave & University Dr,8522,1261,Brewer Park,8971
P6,Bronson Ave & University Dr,9580,2319,Brewer Park,10056
P6,Bronson Ave & University Dr,9375,2114,Brewer Park,9851
P6,Bronson Ave & University Dr,8163,902,Brewer Park,8640
P6,Bronson Ave & University Dr,8490,1229,Brewer Park,8948
P6,Bronson Ave & University Dr,10807,3546,Brewer Park,11281
P6,Bronson Ave & University Dr,8578,1317,Brewer Park,9050
P6,Bronson Ave & University Dr,9753,2492,Brewer Park,10224
P6,Bronson Ave & University Dr,10949,3688,Brewer Park,11414
P6,Bronson Ave & University Dr,10091,2830,Brewer Park,10558
P6,Bronson Ave & University Dr,7984,723,Brewer Park,8454
P6,Bronson Ave & University Dr,9388,2127,Brewer Park,9868
P6,Bronson Ave & University Dr,10173,2912,Brewer Park,10628
P6,Bronson Ave & University Dr,10782,3521,Brewer Park,11240
P6,Bronson Ave & University Dr,9066,1805,Brewer Park,9544
P6,Bronson Ave & University Dr,10779,3518,Brewer Park,11236
P6,Bronson Ave & University Dr,10227,2966,Brewer Park,10696
P6,Bronson Ave & University Dr,10134,2873,Brewer Park,10607
P6,Bronson Ave & University Dr,9137,1876,Brewer Park,9608
P6,Bronson Ave & University Dr,9372,2111,Brewer Park,9848
P6,Bronson Ave & University Dr,7603,342,Brewer Park,8060
P6,Bronson Ave & University Dr,7422,161,Brewer Park,7900
P6,Bronson Ave & University Dr,10454,3193,Brewer Park,10922
P6,Bronson Ave & University Dr,9917,2656,Brewer Park,10390
P6,Bronson Ave & University Dr,8007,746,Brewer Park,8480
P6,Bronson Ave & University Dr,8813,1552,Brewer Park,9292
P6,Bronson Ave & University Dr,9457,2196,Brewer Park,9927
P6,Bronson Ave & University Dr,9564,2303,Brewer Park,10047
P6,Bronson Ave & University Dr,7473,212,Brewer Park,7949
P6,Bronson Ave & University Dr,8119,858,Brewer Park,8587
P6,Bronson Ave & University Dr,9295,2034,Brewer Park,9765
P6,Bronson Ave & University Dr,9938,2677,Brewer Park,10406
P6,Bronson Ave & University Dr,10367,3106,Brewer Park,10815
P6,Bronson Ave & University Dr,10675,3414,Brewer Park,11150
P6,Bronson Ave & University Dr,9433,2172,Brewer Park,9901
P6,Bronson Ave & University Dr,8869,1608,Brewer Park,9331
P6,Bronson Ave & University Dr,7860,599,Brewer Park,8333
P6,Bronson Ave & University Dr,9855,2594,Brewer Park,10324
P6,Bronson Ave & University Dr,9222,1961,Brewer Park,9707
P6,Bronson Ave & University Dr,10444,3183,Brewer Park,10914
P6,Bronson Ave & University Dr,8763,1502,Brewer Park,9236
P6,Bronson Ave & University Dr,9878,2617,Brewer Park,10354
P6,Bronson Ave & University Dr,8643,1382,Brewer Park,9108
P6,Bronson Ave & University Dr,7614,353,Brewer Park,8076
P6,Bronson Ave & University Dr,9991,2730,Brewer Park,10457
P6,Bronson Ave & University Dr,9240,1979,Brewer Park,9715
P6,Bronson Ave & University Dr,8866,1605,Brewer Park,9326
P6,Bronson Ave & University Dr,8663,1402,Brewer Park,9129
P6,Bronson Ave & University Dr,9181,1920,Brewer Park,9643
P6,Bronson Ave & University Dr,8805,1544,Brewer Park,9283
P6,Bronson Ave & University Dr,10674,3413,Brewer Park,11146
P6,Bronson Ave & University Dr,10900,3639,Brewer Park,11363
P6,Bronson Ave & University Dr,8912,1651,Brewer Park,9371
P6,Bronson Ave & University Dr,8879,1618,Brewer Park,9346
P6,Bronson Ave & University Dr,8409,1148,Brewer Park,8876
P6,Bronson Ave & University Dr,8528,1267,Brewer Park,8980
P6,Bronson Ave & University Dr,7596,335,Brewer Park,8052
P6,Bronson Ave & University Dr,8894,1633,Brewer Park,9355
P6,Bronson Ave & University Dr,8345,1084,Brewer Park,8815
P6,Bronson Ave & University Dr,10874,3613,Brewer Park,11336
P6,Bronson Ave & University Dr,10541,3280,Brewer Park,11003
P6,Bronson Ave & University Dr,7620,359,Brewer Park,8085
P6,Bronson Ave & University Dr,8341,1080,Brewer Park,8811
P6,Bronson Ave & University Dr,10010,2749,Brewer Park,10471
P6,Bronson Ave & University Dr,7543,282,Brewer Park,8019
P6,Bronson Ave & University Dr,10868,3607,Brewer Park,11329
P6,Bronson Ave & University Dr,10354,3093,Brewer Park,10802
P6,Bronson Ave & University Dr,8460,1199,Brewer Park,8927
P6,Bronson Ave & University Dr,7398,137,Brewer Park,7874
P6,Bronson Ave & University Dr,9789,2528,Brewer Park,10269
P6,Bronson Ave & University Dr,10653,3392,Brewer Park,11113
P6,Bronson Ave & University Dr,9771,2510,Brewer Park,10246
P6,Bronson Ave & University Dr,11082,3821,Brewer Park,11545
P6,Bronson Ave & University Dr,10262,3001,Brewer Park,10721
P6,Bronson Ave & University Dr,10238,2977,Brewer Park,10705
P6,Bronson Ave & University Dr,10532,3271,Brewer Park,10987
P6,Bronson Ave & University Dr,8021,760,Brewer Park,8501
P6,Bronson Ave & University Dr,10726,3465,Brewer Park,11186
P6,Bronson Ave & University Dr,11089,3828,Brewer Park,11558
P6,Bronson Ave & University Dr,7843,582,Brewer Park,8317
P6,Bronson Ave & University Dr,11004,3743,Brewer Park,11464
P6,Bronson Ave & University Dr,8142,881,Brewer Park,8618
P6,Bronson Ave & University Dr,7841,580,Brewer Park,8313
P6,Bronson Ave & University Dr,9184,1923,Brewer Park,9653
P6,Bronson Ave & University Dr,8137,876,Brewer Park,8608
P6,Bronson Ave & University Dr,8714,1453,Brewer Park,9181
P6,Bronson Ave & University Dr,9203,1942,Brewer Park,9670
P6,Bronson Ave & University Dr,11033,3772,Brewer Park,11497
P6,Bronson Ave & University Dr,10478,3217,Brewer Park,10949
P6,Bronson Ave & University Dr,10389,3128,Brewer Park,10850
P6,Bronson Ave & University Dr,10350,3089,Brewer Park,10798
P6,Bronson Ave & University Dr,10835,3574,Brewer Park,11308
P6,Bronson Ave & University Dr,10706,3445,Brewer Park,11161
P6,Bronson Ave & University Dr,11045,3784,Brewer Park,11509
P6,Bronson Ave & University Dr,7766,505,Brewer Park,8239
P6,Bronson Ave & University Dr,8634,1373,Brewer Park,9100
P6,Bronson Ave & University Dr,10603,3342,Brewer Park,11058
P6,Bronson Ave & University Dr,8462,1201,Brewer Park,8931
P6,Bronson Ave & University Dr,9778,2517,Brewer Park,10254
P6,Bronson Ave & University Dr,8984,1723,Brewer Park,9447
P6,Bronson Ave & University Dr,10812,3551,Brewer Park,11286
P6,Bronson Ave & University Dr,10979,3718,Brewer Park,11441
P6,Bronson Ave & University Dr,9107,1846,Brewer Park,9582
P6,Bronson Ave & University Dr,10798,3537,Brewer Park,11270
P6,Bronson Ave & University Dr,8443,1182,Brewer Park,8909
P6,Bronson Ave & University Dr,11058,3797,Brewer Park,11519
P6,Bronson Ave & University Dr,8256,995,Brewer Park,8717
P6,Bronson Ave & University Dr,8874,1613,Brewer Park,9336
P6,Bronson Ave & University Dr,7414,153,Brewer Park,7887
P6,Bronson Ave & University Dr,10496,3235,Brewer Park,10965
P6,Bronson Ave & University Dr,8803,1542,Brewer Park,9279
P6,Bronson Ave & University Dr,9959,2698,Brewer Park,10436
P6,Bronson Ave & University Dr,8769,1508,Brewer Park,9240
P6,Bronson Ave & University Dr,9258,1997,Brewer Park,9729
P6,Bronson Ave & University Dr,9843,2582,Brewer Park,10311
P6,Bronson Ave & University Dr,10304,3043,Brewer Park,10757
P6,Bronson Ave & University Dr,8574,1313,Brewer Park,9046
P6,Bronson Ave & University Dr,9977,2716,Brewer Park,10453
P6,Bronson Ave & University Dr,10182,2921,Brewer Park,10640
P6,Bronson Ave & University Dr,11011,3750,Brewer Park,11477
P6,Bronson Ave & University Dr,9501,2240,Brewer Park,9973
P6,Bronson Ave & University Dr,11226,3965,Brewer Park,11684
P6,Bronson Ave & University Dr,9550,2289,Brewer Park,10030
P6,Bronson Ave & University Dr,9552,2291,Brewer Park,10034
P6,Bronson Ave & University Dr,8394,1133,Brewer Park,8863
P6,Bronson Ave & University Dr,9009,1748,Brewer Park,9476
P6,Bronson Ave & University Dr,9358,2097,Brewer Park,9826
P6,Bronson Ave & University Dr,9266,2005,Brewer Park,9741
P6,Bronson Ave & University Dr,10609,3348,Brewer Park,11071
P6,Bronson Ave & University Dr,10028,2767,Brewer Park,10491
P6,Bronson Ave & University Dr,11132,3871,Brewer Park,11583
P6,Bronson Ave & University Dr,7719,458,Brewer Park,8192
P6,Bronson Ave & University Dr,7829,568,Brewer Park,8303
P6,Bronson Ave & University Dr,9268,2007,Brewer Park,9745
P6,Bronson Ave & University Dr,9208,1947,Brewer Park,9675
P6,Bronson Ave & University Dr,10728,3467,Brewer Park,11190
P6,Bronson Ave & University Dr,10723,3462,Brewer Park,11182
P6,Bronson Ave & University Dr,7602,341,Brewer Park,8056
P6,Bronson Ave & University Dr,10605,3344,Brewer Park,11062
P6,Bronson Ave & University Dr,9931,2670,Brewer Park,10394
P6,Bronson Ave & University Dr,9324,2063,Brewer Park,9796
P6,Bronson Ave & University Dr,10763,3502,Brewer Park,11228
P6,Bronson Ave & University Dr,11006,3745,Brewer Park,11468
P6,Bronson Ave & University Dr,9900,2639,Brewer Park,10376
P6,Bronson Ave & University Dr,10038,2777,Brewer Park,10503
P6,Bronson Ave & University Dr,9329,2068,Brewer Park,9801
P6,Bronson Ave & University Dr,10672,3411,Brewer Park,11141
P6,Bronson Ave & University Dr,9432,2171,Brewer Park,9897
P6,Bronson Ave & University Dr,9819,2558,Brewer Park,10293
