time_s,cars_on_campus,cumulative_spawned,cumulative_exited
0,3200,0,0
1,3200,0,0
2,3200,0,0
3,3200,0,0
4,3200,0,0
5,3200,0,0
6,3200,0,0
7,3200,0,0
8,3200,0,0
9,3200,0,0
10,3200,0,0
11,3200,0,0
12,3200,0,0
13,3200,0,0
14,3200,0,0
15,3200,0,0
16,3200,0,0
17,3200,0,0
18,3200,0,0
19,3200,0,0
20,3200,0,0
21,3200,0,0
22,3200,0,0
23,3200,0,0
24,3200,0,0
25,3200,0,0
26,3200,0,0
27,3200,0,0
28,3200,0,0
29,3200,0,0
30,3200,0,0
31,3200,0,0
32,3200,0,0
33,3200,0,0
34,3200,0,0
35,3200,0,0
36,3200,0,0
37,3200,0,0
38,3200,0,0
39,3200,0,0
40,3200,0,0
41,3200,0,0
42,3200,0,0
43,3200,0,0
44,3200,0,0
45,3200,0,0
46,3200,0,0
47,3200,0,0
48,3200,0,0
49,3200,0,0
50,3200,0,0
51,3200,0,0
52,3200,0,0
53,3200,0,0
54,3200,0,0
55,3200,0,0
56,3200,0,0
57,3200,0,0
58,3200,0,0
59,3200,0,0
60,3200,3200,0
61,3200,3200,0
62,3200,3200,0
63,3200,3200,0
64,3200,3200,0
65,3200,3200,0
66,3200,3200,0
67,3200,3200,0
68,3200,3200,0
69,3200,3200,0
70,3200,3200,0
71,3200,3200,0
72,3200,3200,0
73,3200,3200,0
74,3200,3200,0
75,3200,3200,0
76,3200,3200,0
77,3200,3200,0
78,3200,3200,0
79,3200,3200,0
80,3200,3200,0
81,3200,3200,0
82,3200,3200,0
83,3200,3200,0
84,3200,3200,0
85,3200,3200,0
86,3200,3200,0
87,3200,3200,0
88,3200,3200,0
89,3200,3200,0
90,3200,3200,0
91,3200,3200,0
92,3200,3200,0
93,3199,3200,1
94,3199,3200,1
95,3199,3200,1
96,3199,3200,1
97,3199,3200,1
98,3199,3200,1
99,3198,3200,2
100,3198,3200,2
101,3198,3200,2
102,3198,3200,2
103,3198,3200,2
104,3198,3200,2
105,3197,3200,3
106,3197,3200,3
107,3197,3200,3
108,3197,3200,3
109,3196,3200,4
110,3196,3200,4
111,3196,3200,4
112,3196,3200,4
113,3196,3200,4
114,3195,3200,5
115,3195,3200,5
116,3195,3200,5
117,3195,3200,5
118,3195,3200,5
119,3194,3200,6
120,3194,3200,6
121,3194,3200,6
122,3194,3200,6
123,3194,3200,6
124,3194,3200,6
125,3193,3200,7
126,3193,3200,7
127,3193,3200,7
128,3193,3200,7
129,3193,3200,7
130,3193,3200,7
131,3192,3200,8
132,3192,3200,8
133,3192,3200,8
134,3192,3200,8
135,3191,3200,9
136,3191,3200,9
137,3191,3200,9
138,3190,3200,10
139,3190,3200,10
140,3190,3200,10
141,3189,3200,11
142,3189,3200,11
143,3189,3200,11
144,3189,3200,11
145,3188,3200,12
146,3188,3200,12
147,3188,3200,12
148,3187,3200,13
149,3187,3200,13
150,3187,3200,13
151,3187,3200,13
152,3186,3200,14
153,3186,3200,14
154,3186,3200,14
155,3185,3200,15
156,3185,3200,15
157,3185,3200,15
158,3185,3200,15
159,3184,3200,16
160,3184,3200,16
161,3184,3200,16
162,3184,3200,16
163,3184,3200,16
164,3183,3200,17
165,3182,3200,18
166,3182,3200,18
167,3182,3200,18
168,3182,3200,18
169,3182,3200,18
170,3181,3200,19
171,3181,3200,19
172,3181,3200,19
173,3181,3200,19
174,3179,3200,21
175,3179,3200,21
176,3179,3200,21
177,3179,3200,21
178,3178,3200,22
179,3178,3200,22
180,3178,3200,22
181,3178,3200,22
182,3176,3200,24
183,3176,3200,24
184,3176,3200,24
185,3175,3200,25
186,3175,3200,25
187,3174,3200,26
188,3173,3200,27
189,3173,3200,27
190,3172,3200,28
191,3172,3200,28
192,3172,3200,28
193,3171,3200,29
194,3171,3200,29
195,3171,3200,29
196,3171,3200,29
197,3170,3200,30
198,3169,3200,31
199,3169,3200,31
200,3169,3200,31
201,3168,3200,32
202,3167,3200,33
203,3167,3200,33
204,3167,3200,33
205,3166,3200,34
206,3166,3200,34
207,3165,3200,35
208,3165,3200,35
209,3164,3200,36
210,3163,3200,37
211,3163,3200,37
212,3163,3200,37
213,3163,3200,37
214,3162,3200,38
215,3161,3200,39
216,3161,3200,39
217,3160,3200,40
218,3160,3200,40
219,3160,3200,40
220,3159,3200,41
221,3159,3200,41
222,3158,3200,42
223,3158,3200,42
224,3158,3200,42
225,3156,3200,44
226,3156,3200,44
227,3156,3200,44
228,3155,3200,45
229,3154,3200,46
230,3154,3200,46
231,3154,3200,46
232,3153,3200,47
233,3152,3200,48
234,3152,3200,48
235,3152,3200,48
236,3151,3200,49
237,3151,3200,49
238,3150,3200,50
239,3150,3200,50
240,3149,3200,51
241,3148,3200,52
242,3147,3200,53
243,3147,3200,53
244,3147,3200,53
245,3146,3200,54
246,3146,3200,54
247,3146,3200,54
248,3146,3200,54
249,3145,3200,55
250,3145,3200,55
251,3144,3200,56
252,3144,3200,56
253,3144,3200,56
254,3144,3200,56
255,3142,3200,58
256,3142,3200,58
257,3142,3200,58
258,3141,3200,59
259,3141,3200,59
260,3140,3200,60
261,3139,3200,61
262,3139,3200,61
263,3139,3200,61
264,3139,3200,61
265,3139,3200,61
266,3138,3200,62
267,3137,3200,63
268,3137,3200,63
269,3136,3200,64
270,3136,3200,64
271,3135,3200,65
272,3135,3200,65
273,3134,3200,66
274,3133,3200,67
275,3133,3200,67
276,3132,3200,68
277,3131,3200,69
278,3130,3200,70
279,3130,3200,70
280,3129,3200,71
281,3128,3200,72
282,3128,3200,72
283,3128,3200,72
284,3126,3200,74
285,3126,3200,74
286,3125,3200,75
287,3125,3200,75
288,3125,3200,75
289,3123,3200,77
290,3123,3200,77
291,3123,3200,77
292,3121,3200,79
293,3121,3200,79
294,3121,3200,79
295,3120,3200,80
296,3120,3200,80
297,3120,3200,80
298,3119,3200,81
299,3119,3200,81
300,3118,3200,82
301,3117,3200,83
302,3117,3200,83
303,3117,3200,83
304,3116,3200,84
305,3115,3200,85
306,3115,3200,85
307,3115,3200,85
308,3114,3200,86
309,3114,3200,86
310,3114,3200,86
311,3113,3200,87
312,3113,3200,87
313,3112,3200,88
314,3112,3200,88
315,3111,3200,89
316,3111,3200,89
317,3110,3200,90
318,3109,3200,91
319,3109,3200,91
320,3108,3200,92
321,3108,3200,92
322,3107,3200,93
323,3106,3200,94
324,3106,3200,94
325,3105,3200,95
326,3105,3200,95
327,3103,3200,97
328,3103,3200,97
329,3103,3200,97
330,3103,3200,97
331,3102,3200,98
332,3101,3200,99
333,3100,3200,100
334,3100,3200,100
335,3100,3200,100
336,3099,3200,101
337,3098,3200,102
338,3097,3200,103
339,3097,3200,103
340,3097,3200,103
341,3096,3200,104
342,3095,3200,105
343,3095,3200,105
344,3095,3200,105
345,3095,3200,105
346,3094,3200,106
347,3093,3200,107
348,3093,3200,107
349,3093,3200,107
350,3091,3200,109
351,3091,3200,109
352,3090,3200,110
353,3090,3200,110
354,3090,3200,110
355,3090,3200,110
356,3088,3200,112
357,3088,3200,112
358,3088,3200,112
359,3087,3200,113
360,3087,3200,113
361,3085,3200,115
362,3084,3200,116
363,3084,3200,116
364,3083,3200,117
365,3083,3200,117
366,3082,3200,118
367,3081,3200,119
368,3081,3200,119
369,3079,3200,121
370,3078,3200,122
371,3078,3200,122
372,3077,3200,123
373,3076,3200,124
374,3076,3200,124
375,3075,3200,125
376,3075,3200,125
377,3075,3200,125
378,3074,3200,126
379,3073,3200,127
380,3072,3200,128
381,3072,3200,128
382,3072,3200,128
383,3070,3200,130
384,3070,3200,130
385,3070,3200,130
386,3070,3200,130
387,3070,3200,130
388,3068,3200,132
389,3068,3200,132
390,3068,3200,132
391,3068,3200,132
392,3066,3200,134
393,3066,3200,134
394,3065,3200,135
395,3065,3200,135
396,3065,3200,135
397,3063,3200,137
398,3063,3200,137
399,3062,3200,138
400,3062,3200,138
401,3061,3200,139
402,3061,3200,139
403,3061,3200,139
404,3059,3200,141
405,3059,3200,141
406,3059,3200,141
407,3058,3200,142
408,3057,3200,143
409,3057,3200,143
410,3056,3200,144
411,3055,3200,145
412,3054,3200,146
413,3054,3200,146
414,3053,3200,147
415,3053,3200,147
416,3053,3200,147
417,3053,3200,147
418,3051,3200,149
419,3051,3200,149
420,3050,3200,150
421,3049,3200,151
422,3048,3200,152
423,3048,3200,152
424,3047,3200,153
425,3047,3200,153
426,3046,3200,154
427,3046,3200,154
428,3044,3200,156
429,3044,3200,156
430,3043,3200,157
431,3043,3200,157
432,3043,3200,157
433,3042,3200,158
434,3042,3200,158
435,3039,3200,161
436,3039,3200,161
437,3039,3200,161
438,3038,3200,162
439,3038,3200,162
440,3038,3200,162
441,3037,3200,163
442,3036,3200,164
443,3035,3200,165
444,3035,3200,165
445,3033,3200,167
446,3032,3200,168
447,3031,3200,169
448,3031,3200,169
449,3030,3200,170
450,3029,3200,171
451,3029,3200,171
452,3029,3200,171
453,3029,3200,171
454,3029,3200,171
455,3027,3200,173
456,3025,3200,175
457,3025,3200,175
458,3025,3200,175
459,3025,3200,175
460,3024,3200,176
461,3023,3200,177
462,3023,3200,177
463,3021,3200,179
464,3021,3200,179
465,3020,3200,180
466,3020,3200,180
467,3020,3200,180
468,3020,3200,180
469,3020,3200,180
470,3019,3200,181
471,3018,3200,182
472,3017,3200,183
473,3017,3200,183
474,3017,3200,183
475,3016,3200,184
476,3015,3200,185
477,3015,3200,185
478,3015,3200,185
479,3015,3200,185
480,3015,3200,185
481,3013,3200,187
482,3013,3200,187
483,3013,3200,187
484,3012,3200,188
485,3012,3200,188
486,3012,3200,188
487,3011,3200,189
488,3010,3200,190
489,3010,3200,190
490,3010,3200,190
491,3010,3200,190
492,3010,3200,190
493,3009,3200,191
494,3008,3200,192
495,3008,3200,192
496,3008,3200,192
497,3006,3200,194
498,3006,3200,194
499,3005,3200,195
500,3004,3200,196
501,3003,3200,197
502,3003,3200,197
503,3002,3200,198
504,3001,3200,199
505,3001,3200,199
506,3000,3200,200
507,3000,3200,200
508,3000,3200,200
509,3000,3200,200
510,3000,3200,200
511,3000,3200,200
512,2999,3200,201
513,2998,3200,202
514,2998,3200,202
515,2998,3200,202
516,2997,3200,203
517,2997,3200,203
518,2996,3200,204
519,2996,3200,204
520,2995,3200,205
521,2995,3200,205
522,2994,3200,206
523,2994,3200,206
524,2994,3200,206
525,2994,3200,206
526,2993,3200,207
527,2992,3200,208
528,2992,3200,208
529,2991,3200,209
530,2991,3200,209
531,2991,3200,209
532,2990,3200,210
533,2989,3200,211
534,2989,3200,211
535,2987,3200,213
536,2987,3200,213
537,2987,3200,213
538,2985,3200,215
539,2985,3200,215
540,2983,3200,217
541,2983,3200,217
542,2983,3200,217
543,2982,3200,218
544,2981,3200,219
545,2981,3200,219
546,2980,3200,220
547,2980,3200,220
548,2980,3200,220
549,2979,3200,221
550,2979,3200,221
551,2979,3200,221
552,2979,3200,221
553,2978,3200,222
554,2977,3200,223
555,2976,3200,224
556,2976,3200,224
557,2974,3200,226
558,2974,3200,226
559,2973,3200,227
560,2973,3200,227
561,2971,3200,229
562,2971,3200,229
563,2969,3200,231
564,2968,3200,232
565,2968,3200,232
566,2967,3200,233
567,2967,3200,233
568,2967,3200,233
569,2966,3200,234
570,2966,3200,234
571,2966,3200,234
572,2964,3200,236
573,2964,3200,236
574,2963,3200,237
575,2963,3200,237
576,2962,3200,238
577,2961,3200,239
578,2961,3200,239
579,2961,3200,239
580,2960,3200,240
581,2959,3200,241
582,2958,3200,242
583,2958,3200,242
584,2957,3200,243
585,2957,3200,243
586,2956,3200,244
587,2956,3200,244
588,2956,3200,244
589,2954,3200,246
590,2954,3200,246
591,2952,3200,248
592,2952,3200,248
593,2952,3200,248
594,2951,3200,249
595,2950,3200,250
596,2950,3200,250
597,2949,3200,251
598,2949,3200,251
599,2948,3200,252
600,2948,3200,252
601,2946,3200,254
602,2946,3200,254
603,2944,3200,256
604,2944,3200,256
605,2943,3200,257
606,2942,3200,258
607,2942,3200,258
608,2941,3200,259
609,2940,3200,260
610,2939,3200,261
611,2939,3200,261
612,2937,3200,263
613,2937,3200,263
614,2936,3200,264
615,2936,3200,264
616,2936,3200,264
617,2935,3200,265
618,2935,3200,265
619,2935,3200,265
620,2934,3200,266
621,2934,3200,266
622,2934,3200,266
623,2933,3200,267
624,2932,3200,268
625,2932,3200,268
626,2931,3200,269
627,2930,3200,270
628,2930,3200,270
629,2929,3200,271
630,2929,3200,271
631,2928,3200,272
632,2928,3200,272
633,2927,3200,273
634,2927,3200,273
635,2926,3200,274
636,2926,3200,274
637,2925,3200,275
638,2925,3200,275
639,2923,3200,277
640,2923,3200,277
641,2923,3200,277
642,2922,3200,278
643,2921,3200,279
644,2921,3200,279
645,2921,3200,279
646,2921,3200,279
647,2920,3200,280
648,2919,3200,281
649,2919,3200,281
650,2917,3200,283
651,2917,3200,283
652,2917,3200,283
653,2915,3200,285
654,2915,3200,285
655,2915,3200,285
656,2914,3200,286
657,2914,3200,286
658,2914,3200,286
659,2912,3200,288
660,2912,3200,288
661,2911,3200,289
662,2911,3200,289
663,2911,3200,289
664,2909,3200,291
665,2909,3200,291
666,2908,3200,292
667,2908,3200,292
668,2907,3200,293
669,2906,3200,294
670,2905,3200,295
671,2904,3200,296
672,2904,3200,296
673,2904,3200,296
674,2902,3200,298
675,2902,3200,298
676,2902,3200,298
677,2901,3200,299
678,2901,3200,299
679,2901,3200,299
680,2900,3200,300
681,2900,3200,300
682,2899,3200,301
683,2898,3200,302
684,2898,3200,302
685,2898,3200,302
686,2897,3200,303
687,2897,3200,303
688,2897,3200,303
689,2896,3200,304
690,2896,3200,304
691,2896,3200,304
692,2894,3200,306
693,2894,3200,306
694,2894,3200,306
695,2893,3200,307
696,2891,3200,309
697,2891,3200,309
698,2891,3200,309
699,2890,3200,310
700,2890,3200,310
701,2889,3200,311
702,2888,3200,312
703,2888,3200,312
704,2888,3200,312
705,2888,3200,312
706,2886,3200,314
707,2886,3200,314
708,2886,3200,314
709,2885,3200,315
710,2885,3200,315
711,2885,3200,315
712,2884,3200,316
713,2884,3200,316
714,2883,3200,317
715,2882,3200,318
716,2881,3200,319
717,2881,3200,319
718,2880,3200,320
719,2880,3200,320
720,2879,3200,321
721,2879,3200,321
722,2879,3200,321
723,2878,3200,322
724,2878,3200,322
725,2877,3200,323
726,2877,3200,323
727,2876,3200,324
728,2875,3200,325
729,2874,3200,326
730,2873,3200,327
731,2873,3200,327
732,2872,3200,328
733,2870,3200,330
734,2870,3200,330
735,2870,3200,330
736,2869,3200,331
737,2869,3200,331
738,2868,3200,332
739,2868,3200,332
740,2867,3200,333
741,2866,3200,334
742,2866,3200,334
743,2864,3200,336
744,2864,3200,336
745,2864,3200,336
746,2863,3200,337
747,2863,3200,337
748,2862,3200,338
749,2861,3200,339
750,2861,3200,339
751,2860,3200,340
752,2860,3200,340
753,2860,3200,340
754,2859,3200,341
755,2858,3200,342
756,2858,3200,342
757,2857,3200,343
758,2857,3200,343
759,2856,3200,344
760,2855,3200,345
761,2855,3200,345
762,2853,3200,347
763,2853,3200,347
764,2852,3200,348
765,2851,3200,349
766,2851,3200,349
767,2850,3200,350
768,2850,3200,350
769,2850,3200,350
770,2849,3200,351
771,2848,3200,352
772,2848,3200,352
773,2846,3200,354
774,2846,3200,354
775,2846,3200,354
776,2845,3200,355
777,2845,3200,355
778,2845,3200,355
779,2844,3200,356
780,2843,3200,357
781,2843,3200,357
782,2842,3200,358
783,2841,3200,359
784,2840,3200,360
785,2839,3200,361
786,2839,3200,361
787,2838,3200,362
788,2837,3200,363
789,2836,3200,364
790,2836,3200,364
791,2836,3200,364
792,2835,3200,365
793,2835,3200,365
794,2835,3200,365
795,2835,3200,365
796,2833,3200,367
797,2833,3200,367
798,2833,3200,367
799,2832,3200,368
800,2832,3200,368
801,2832,3200,368
802,2831,3200,369
803,2831,3200,369
804,2830,3200,370
805,2830,3200,370
806,2830,3200,370
807,2829,3200,371
808,2828,3200,372
809,2828,3200,372
810,2827,3200,373
811,2826,3200,374
812,2826,3200,374
813,2825,3200,375
814,2825,3200,375
815,2824,3200,376
816,2824,3200,376
817,2824,3200,376
818,2823,3200,377
819,2822,3200,378
820,2822,3200,378
821,2821,3200,379
822,2821,3200,379
823,2821,3200,379
824,2820,3200,380
825,2819,3200,381
826,2817,3200,383
827,2817,3200,383
828,2817,3200,383
829,2817,3200,383
830,2816,3200,384
831,2816,3200,384
832,2815,3200,385
833,2814,3200,386
834,2814,3200,386
835,2813,3200,387
836,2813,3200,387
837,2812,3200,388
838,2812,3200,388
839,2811,3200,389
840,2810,3200,390
841,2809,3200,391
842,2808,3200,392
843,2808,3200,392
844,2807,3200,393
845,2806,3200,394
846,2806,3200,394
847,2805,3200,395
848,2805,3200,395
849,2803,3200,397
850,2802,3200,398
851,2801,3200,399
852,2801,3200,399
853,2800,3200,400
854,2800,3200,400
855,2799,3200,401
856,2798,3200,402
857,2797,3200,403
858,2797,3200,403
859,2797,3200,403
860,2797,3200,403
861,2795,3200,405
862,2795,3200,405
863,2794,3200,406
864,2794,3200,406
865,2794,3200,406
866,2793,3200,407
867,2792,3200,408
868,2792,3200,408
869,2792,3200,408
870,2790,3200,410
871,2790,3200,410
872,2790,3200,410
873,2790,3200,410
874,2788,3200,412
875,2788,3200,412
876,2788,3200,412
877,2787,3200,413
878,2787,3200,413
879,2786,3200,414
880,2785,3200,415
881,2785,3200,415
882,2785,3200,415
883,2784,3200,416
884,2784,3200,416
885,2782,3200,418
886,2782,3200,418
887,2782,3200,418
888,2781,3200,419
889,2781,3200,419
890,2781,3200,419
891,2780,3200,420
892,2780,3200,420
893,2780,3200,420
894,2779,3200,421
895,2777,3200,423
896,2777,3200,423
897,2776,3200,424
898,2776,3200,424
899,2776,3200,424
900,2775,3200,425
901,2775,3200,425
902,2774,3200,426
903,2773,3200,427
904,2773,3200,427
905,2773,3200,427
906,2772,3200,428
907,2772,3200,428
908,2772,3200,428
909,2771,3200,429
910,2771,3200,429
911,2770,3200,430
912,2769,3200,431
913,2769,3200,431
914,2768,3200,432
915,2767,3200,433
916,2767,3200,433
917,2766,3200,434
918,2766,3200,434
919,2765,3200,435
920,2764,3200,436
921,2764,3200,436
922,2763,3200,437
923,2762,3200,438
924,2761,3200,439
925,2761,3200,439
926,2759,3200,441
927,2759,3200,441
928,2758,3200,442
929,2758,3200,442
930,2758,3200,442
931,2758,3200,442
932,2757,3200,443
933,2756,3200,444
934,2756,3200,444
935,2755,3200,445
936,2755,3200,445
937,2755,3200,445
938,2754,3200,446
939,2753,3200,447
940,2753,3200,447
941,2751,3200,449
942,2751,3200,449
943,2751,3200,449
944,2750,3200,450
945,2750,3200,450
946,2749,3200,451
947,2748,3200,452
948,2748,3200,452
949,2748,3200,452
950,2746,3200,454
951,2745,3200,455
952,2745,3200,455
953,2744,3200,456
954,2744,3200,456
955,2742,3200,458
956,2741,3200,459
957,2741,3200,459
958,2740,3200,460
959,2740,3200,460
960,2740,3200,460
961,2739,3200,461
962,2739,3200,461
963,2738,3200,462
964,2738,3200,462
965,2738,3200,462
966,2737,3200,463
967,2737,3200,463
968,2737,3200,463
969,2736,3200,464
970,2736,3200,464
971,2735,3200,465
972,2735,3200,465
973,2735,3200,465
974,2734,3200,466
975,2734,3200,466
976,2734,3200,466
977,2733,3200,467
978,2733,3200,467
979,2733,3200,467
980,2732,3200,468
981,2732,3200,468
982,2732,3200,468
983,2731,3200,469
984,2731,3200,469
985,2731,3200,469
986,2730,3200,470
987,2730,3200,470
988,2730,3200,470
989,2729,3200,471
990,2729,3200,471
991,2729,3200,471
992,2728,3200,472
993,2728,3200,472
994,2728,3200,472
995,2727,3200,473
996,2727,3200,473
997,2727,3200,473
998,2726,3200,474
999,2726,3200,474
1000,2725,3200,475
1001,2725,3200,475
1002,2725,3200,475
1003,2724,3200,476
1004,2724,3200,476
1005,2723,3200,477
1006,2723,3200,477
1007,2723,3200,477
1008,2722,3200,478
1009,2722,3200,478
1010,2721,3200,479
1011,2721,3200,479
1012,2721,3200,479
1013,2720,3200,480
1014,2720,3200,480
1015,2719,3200,481
1016,2719,3200,481
1017,2718,3200,482
1018,2718,3200,482
1019,2718,3200,482
1020,2717,3200,483
1021,2717,3200,483
1022,2716,3200,484
1023,2716,3200,484
1024,2716,3200,484
1025,2716,3200,484
1026,2715,3200,485
1027,2715,3200,485
1028,2715,3200,485
1029,2714,3200,486
1030,2714,3200,486
1031,2714,3200,486
1032,2713,3200,487
1033,2713,3200,487
1034,2713,3200,487
1035,2712,3200,488
1036,2712,3200,488
1037,2711,3200,489
1038,2711,3200,489
1039,2710,3200,490
1040,2710,3200,490
1041,2709,3200,491
1042,2709,3200,491
1043,2709,3200,491
1044,2708,3200,492
1045,2708,3200,492
1046,2708,3200,492
1047,2707,3200,493
1048,2707,3200,493
1049,2707,3200,493
1050,2706,3200,494
1051,2706,3200,494
1052,2706,3200,494
1053,2705,3200,495
1054,2705,3200,495
1055,2704,3200,496
1056,2704,3200,496
1057,2704,3200,496
1058,2703,3200,497
1059,2703,3200,497
1060,2703,3200,497
1061,2703,3200,497
1062,2702,3200,498
1063,2702,3200,498
1064,2701,3200,499
1065,2701,3200,499
1066,2701,3200,499
1067,2700,3200,500
1068,2700,3200,500
1069,2699,3200,501
1070,2699,3200,501
1071,2699,3200,501
1072,2699,3200,501
1073,2698,3200,502
1074,2698,3200,502
1075,2697,3200,503
1076,2697,3200,503
1077,2697,3200,503
1078,2696,3200,504
1079,2696,3200,504
1080,2695,3200,505
1081,2695,3200,505
1082,2695,3200,505
1083,2694,3200,506
1084,2694,3200,506
1085,2693,3200,507
1086,2693,3200,507
1087,2693,3200,507
1088,2692,3200,508
1089,2692,3200,508
1090,2692,3200,508
1091,2691,3200,509
1092,2691,3200,509
1093,2691,3200,509
1094,2690,3200,510
1095,2690,3200,510
1096,2689,3200,511
1097,2689,3200,511
1098,2689,3200,511
1099,2689,3200,511
1100,2688,3200,512
1101,2688,3200,512
1102,2688,3200,512
1103,2688,3200,512
1104,2687,3200,513
1105,2687,3200,513
1106,2687,3200,513
1107,2687,3200,513
1108,2686,3200,514
1109,2686,3200,514
1110,2686,3200,514
1111,2685,3200,515
1112,2685,3200,515
1113,2685,3200,515
1114,2685,3200,515
1115,2685,3200,515
1116,2684,3200,516
1117,2684,3200,516
1118,2683,3200,517
1119,2683,3200,517
1120,2683,3200,517
1121,2682,3200,518
1122,2682,3200,518
1123,2682,3200,518
1124,2682,3200,518
1125,2681,3200,519
1126,2681,3200,519
1127,2681,3200,519
1128,2680,3200,520
1129,2680,3200,520
1130,2679,3200,521
1131,2679,3200,521
1132,2679,3200,521
1133,2678,3200,522
1134,2678,3200,522
1135,2678,3200,522
1136,2677,3200,523
1137,2677,3200,523
1138,2677,3200,523
1139,2677,3200,523
1140,2676,3200,524
1141,2676,3200,524
1142,2676,3200,524
1143,2675,3200,525
1144,2675,3200,525
1145,2674,3200,526
1146,2674,3200,526
1147,2674,3200,526
1148,2674,3200,526
1149,2673,3200,527
1150,2673,3200,527
1151,2673,3200,527
1152,2672,3200,528
1153,2672,3200,528
1154,2671,3200,529
1155,2671,3200,529
1156,2671,3200,529
1157,2670,3200,530
1158,2670,3200,530
1159,2670,3200,530
1160,2669,3200,531
1161,2669,3200,531
1162,2669,3200,531
1163,2668,3200,532
1164,2668,3200,532
1165,2668,3200,532
1166,2667,3200,533
1167,2667,3200,533
1168,2666,3200,534
1169,2666,3200,534
1170,2666,3200,534
1171,2665,3200,535
1172,2665,3200,535
1173,2665,3200,535
1174,2664,3200,536
1175,2664,3200,536
1176,2663,3200,537
1177,2663,3200,537
1178,2662,3200,538
1179,2662,3200,538
1180,2662,3200,538
1181,2662,3200,538
1182,2661,3200,539
1183,2661,3200,539
1184,2661,3200,539
1185,2660,3200,540
1186,2660,3200,540
1187,2660,3200,540
1188,2660,3200,540
1189,2659,3200,541
1190,2659,3200,541
1191,2659,3200,541
1192,2659,3200,541
1193,2658,3200,542
1194,2658,3200,542
1195,2658,3200,542
1196,2657,3200,543
1197,2657,3200,543
1198,2657,3200,543
1199,2656,3200,544
1200,2656,3200,544
1201,2656,3200,544
1202,2656,3200,544
1203,2655,3200,545
1204,2655,3200,545
1205,2655,3200,545
1206,2654,3200,546
1207,2654,3200,546
1208,2654,3200,546
1209,2653,3200,547
1210,2653,3200,547
1211,2652,3200,548
1212,2652,3200,548
1213,2652,3200,548
1214,2651,3200,549
1215,2651,3200,549
1216,2651,3200,549
1217,2650,3200,550
1218,2650,3200,550
1219,2650,3200,550
1220,2649,3200,551
1221,2649,3200,551
1222,2648,3200,552
1223,2648,3200,552
1224,2647,3200,553
1225,2647,3200,553
1226,2647,3200,553
1227,2646,3200,554
1228,2646,3200,554
1229,2646,3200,554
1230,2645,3200,555
1231,2645,3200,555
1232,2645,3200,555
1233,2644,3200,556
1234,2644,3200,556
1235,2643,3200,557
1236,2643,3200,557
1237,2643,3200,557
1238,2642,3200,558
1239,2642,3200,558
1240,2642,3200,558
1241,2641,3200,559
1242,2641,3200,559
1243,2641,3200,559
1244,2640,3200,560
1245,2640,3200,560
1246,2640,3200,560
1247,2639,3200,561
1248,2639,3200,561
1249,2639,3200,561
1250,2638,3200,562
1251,2638,3200,562
1252,2637,3200,563
1253,2637,3200,563
1254,2637,3200,563
1255,2636,3200,564
1256,2636,3200,564
1257,2636,3200,564
1258,2635,3200,565
1259,2635,3200,565
1260,2635,3200,565
1261,2635,3200,565
1262,2634,3200,566
1263,2634,3200,566
1264,2633,3200,567
1265,2633,3200,567
1266,2633,3200,567
1267,2633,3200,567
1268,2632,3200,568
1269,2632,3200,568
1270,2631,3200,569
1271,2631,3200,569
1272,2631,3200,569
1273,2630,3200,570
1274,2630,3200,570
1275,2629,3200,571
1276,2629,3200,571
1277,2629,3200,571
1278,2628,3200,572
1279,2628,3200,572
1280,2627,3200,573
1281,2627,3200,573
1282,2626,3200,574
1283,2626,3200,574
1284,2625,3200,575
1285,2625,3200,575
1286,2624,3200,576
1287,2624,3200,576
1288,2623,3200,577
1289,2623,3200,577
1290,2623,3200,577
1291,2622,3200,578
1292,2622,3200,578
1293,2622,3200,578
1294,2621,3200,579
1295,2621,3200,579
1296,2621,3200,579
1297,2620,3200,580
1298,2620,3200,580
1299,2619,3200,581
1300,2619,3200,581
1301,2619,3200,581
1302,2618,3200,582
1303,2618,3200,582
1304,2618,3200,582
1305,2617,3200,583
1306,2617,3200,583
1307,2617,3200,583
1308,2616,3200,584
1309,2616,3200,584
1310,2615,3200,585
1311,2615,3200,585
1312,2615,3200,585
1313,2615,3200,585
1314,2614,3200,586
1315,2614,3200,586
1316,2613,3200,587
1317,2613,3200,587
1318,2612,3200,588
1319,2612,3200,588
1320,2611,3200,589
1321,2611,3200,589
1322,2611,3200,589
1323,2611,3200,589
1324,2610,3200,590
1325,2610,3200,590
1326,2610,3200,590
1327,2609,3200,591
1328,2609,3200,591
1329,2609,3200,591
1330,2608,3200,592
1331,2608,3200,592
1332,2607,3200,593
1333,2607,3200,593
1334,2607,3200,593
1335,2607,3200,593
1336,2606,3200,594
1337,2606,3200,594
1338,2606,3200,594
1339,2605,3200,595
1340,2605,3200,595
1341,2605,3200,595
1342,2605,3200,595
1343,2604,3200,596
1344,2604,3200,596
1345,2604,3200,596
1346,2603,3200,597
1347,2603,3200,597
1348,2603,3200,597
1349,2602,3200,598
1350,2602,3200,598
1351,2602,3200,598
1352,2601,3200,599
1353,2601,3200,599
1354,2601,3200,599
1355,2600,3200,600
1356,2600,3200,600
1357,2600,3200,600
1358,2599,3200,601
1359,2599,3200,601
1360,2599,3200,601
1361,2598,3200,602
1362,2598,3200,602
1363,2597,3200,603
1364,2597,3200,603
1365,2597,3200,603
1366,2596,3200,604
1367,2596,3200,604
1368,2596,3200,604
1369,2595,3200,605
1370,2595,3200,605
1371,2595,3200,605
1372,2594,3200,606
1373,2594,3200,606
1374,2593,3200,607
1375,2593,3200,607
1376,2593,3200,607
1377,2592,3200,608
1378,2592,3200,608
1379,2591,3200,609
1380,2591,3200,609
1381,2591,3200,609
1382,2590,3200,610
1383,2590,3200,610
1384,2590,3200,610
1385,2589,3200,611
1386,2589,3200,611
1387,2589,3200,611
1388,2588,3200,612
1389,2588,3200,612
1390,2588,3200,612
1391,2587,3200,613
1392,2587,3200,613
1393,2587,3200,613
1394,2586,3200,614
1395,2586,3200,614
1396,2586,3200,614
1397,2586,3200,614
1398,2585,3200,615
1399,2585,3200,615
1400,2584,3200,616
1401,2584,3200,616
1402,2584,3200,616
1403,2584,3200,616
1404,2583,3200,617
1405,2583,3200,617
1406,2582,3200,618
1407,2582,3200,618
1408,2582,3200,618
1409,2581,3200,619
1410,2581,3200,619
1411,2580,3200,620
1412,2580,3200,620
1413,2580,3200,620
1414,2579,3200,621
1415,2579,3200,621
1416,2579,3200,621
1417,2578,3200,622
1418,2578,3200,622
1419,2577,3200,623
1420,2577,3200,623
1421,2576,3200,624
1422,2576,3200,624
1423,2576,3200,624
1424,2575,3200,625
1425,2575,3200,625
1426,2574,3200,626
1427,2574,3200,626
1428,2574,3200,626
1429,2573,3200,627
1430,2573,3200,627
1431,2573,3200,627
1432,2572,3200,628
1433,2572,3200,628
1434,2571,3200,629
1435,2571,3200,629
1436,2571,3200,629
1437,2570,3200,630
1438,2570,3200,630
1439,2569,3200,631
1440,2569,3200,631
1441,2569,3200,631
1442,2569,3200,631
1443,2568,3200,632
1444,2568,3200,632
1445,2567,3200,633
1446,2567,3200,633
1447,2567,3200,633
1448,2566,3200,634
1449,2566,3200,634
1450,2565,3200,635
1451,2565,3200,635
1452,2565,3200,635
1453,2564,3200,636
1454,2564,3200,636
1455,2563,3200,637
1456,2563,3200,637
1457,2563,3200,637
1458,2562,3200,638
1459,2562,3200,638
1460,2561,3200,639
1461,2561,3200,639
1462,2561,3200,639
1463,2560,3200,640
1464,2560,3200,640
1465,2559,3200,641
1466,2559,3200,641
1467,2559,3200,641
1468,2558,3200,642
1469,2558,3200,642
1470,2557,3200,643
1471,2557,3200,643
1472,2556,3200,644
1473,2556,3200,644
1474,2556,3200,644
1475,2556,3200,644
1476,2555,3200,645
1477,2555,3200,645
1478,2554,3200,646
1479,2554,3200,646
1480,2553,3200,647
1481,2553,3200,647
1482,2553,3200,647
1483,2552,3200,648
1484,2552,3200,648
1485,2551,3200,649
1486,2551,3200,649
1487,2551,3200,649
1488,2550,3200,650
1489,2550,3200,650
1490,2550,3200,650
1491,2549,3200,651
1492,2549,3200,651
1493,2548,3200,652
1494,2548,3200,652
1495,2547,3200,653
1496,2547,3200,653
1497,2546,3200,654
1498,2546,3200,654
1499,2546,3200,654
1500,2545,3200,655
1501,2545,3200,655
1502,2545,3200,655
1503,2544,3200,656
1504,2544,3200,656
1505,2544,3200,656
1506,2543,3200,657
1507,2543,3200,657
1508,2543,3200,657
1509,2542,3200,658
1510,2542,3200,658
1511,2541,3200,659
1512,2541,3200,659
1513,2541,3200,659
1514,2540,3200,660
1515,2540,3200,660
1516,2539,3200,661
1517,2539,3200,661
1518,2539,3200,661
1519,2538,3200,662
1520,2538,3200,662
1521,2537,3200,663
1522,2537,3200,663
1523,2537,3200,663
1524,2536,3200,664
1525,2536,3200,664
1526,2535,3200,665
1527,2535,3200,665
1528,2535,3200,665
1529,2535,3200,665
1530,2534,3200,666
1531,2534,3200,666
1532,2533,3200,667
1533,2533,3200,667
1534,2533,3200,667
1535,2532,3200,668
1536,2532,3200,668
1537,2532,3200,668
1538,2531,3200,669
1539,2531,3200,669
1540,2531,3200,669
1541,2530,3200,670
1542,2530,3200,670
1543,2530,3200,670
1544,2530,3200,670
1545,2529,3200,671
1546,2529,3200,671
1547,2529,3200,671
1548,2528,3200,672
1549,2528,3200,672
1550,2528,3200,672
1551,2528,3200,672
1552,2527,3200,673
1553,2527,3200,673
1554,2527,3200,673
1555,2527,3200,673
1556,2526,3200,674
1557,2526,3200,674
1558,2526,3200,674
1559,2526,3200,674
1560,2526,3200,674
1561,2525,3200,675
1562,2525,3200,675
1563,2525,3200,675
1564,2524,3200,676
1565,2524,3200,676
1566,2524,3200,676
1567,2524,3200,676
1568,2523,3200,677
1569,2523,3200,677
1570,2523,3200,677
1571,2522,3200,678
1572,2522,3200,678
1573,2521,3200,679
1574,2521,3200,679
1575,2521,3200,679
1576,2521,3200,679
1577,2520,3200,680
1578,2520,3200,680
1579,2520,3200,680
1580,2519,3200,681
1581,2519,3200,681
1582,2519,3200,681
1583,2518,3200,682
1584,2518,3200,682
1585,2517,3200,683
1586,2517,3200,683
1587,2517,3200,683
1588,2517,3200,683
1589,2516,3200,684
1590,2516,3200,684
1591,2515,3200,685
1592,2515,3200,685
1593,2514,3200,686
1594,2514,3200,686
1595,2513,3200,687
1596,2513,3200,687
1597,2512,3200,688
1598,2512,3200,688
1599,2512,3200,688
1600,2511,3200,689
1601,2511,3200,689
1602,2511,3200,689
1603,2510,3200,690
1604,2510,3200,690
1605,2510,3200,690
1606,2509,3200,691
1607,2509,3200,691
1608,2508,3200,692
1609,2508,3200,692
1610,2508,3200,692
1611,2507,3200,693
1612,2507,3200,693
1613,2506,3200,694
1614,2506,3200,694
1615,2505,3200,695
1616,2505,3200,695
1617,2505,3200,695
1618,2504,3200,696
1619,2504,3200,696
1620,2504,3200,696
1621,2503,3200,697
1622,2503,3200,697
1623,2503,3200,697
1624,2502,3200,698
1625,2502,3200,698
1626,2502,3200,698
1627,2501,3200,699
1628,2501,3200,699
1629,2501,3200,699
1630,2500,3200,700
1631,2500,3200,700
1632,2500,3200,700
1633,2499,3200,701
1634,2499,3200,701
1635,2499,3200,701
1636,2498,3200,702
1637,2498,3200,702
1638,2498,3200,702
1639,2497,3200,703
1640,2497,3200,703
1641,2496,3200,704
1642,2496,3200,704
1643,2496,3200,704
1644,2495,3200,705
1645,2495,3200,705
1646,2495,3200,705
1647,2494,3200,706
1648,2494,3200,706
1649,2494,3200,706
1650,2493,3200,707
1651,2493,3200,707
1652,2492,3200,708
1653,2492,3200,708
1654,2492,3200,708
1655,2491,3200,709
1656,2491,3200,709
1657,2491,3200,709
1658,2490,3200,710
1659,2490,3200,710
1660,2490,3200,710
1661,2489,3200,711
1662,2489,3200,711
1663,2488,3200,712
1664,2488,3200,712
1665,2488,3200,712
1666,2487,3200,713
1667,2487,3200,713
1668,2486,3200,714
1669,2486,3200,714
1670,2486,3200,714
1671,2485,3200,715
1672,2485,3200,715
1673,2485,3200,715
1674,2484,3200,716
1675,2484,3200,716
1676,2484,3200,716
1677,2483,3200,717
1678,2483,3200,717
1679,2482,3200,718
1680,2482,3200,718
1681,2482,3200,718
1682,2482,3200,718
1683,2481,3200,719
1684,2481,3200,719
1685,2480,3200,720
1686,2480,3200,720
1687,2479,3200,721
1688,2479,3200,721
1689,2479,3200,721
1690,2478,3200,722
1691,2478,3200,722
1692,2478,3200,722
1693,2477,3200,723
1694,2477,3200,723
1695,2477,3200,723
1696,2476,3200,724
1697,2476,3200,724
1698,2476,3200,724
1699,2475,3200,725
1700,2475,3200,725
1701,2475,3200,725
1702,2475,3200,725
1703,2474,3200,726
1704,2474,3200,726
1705,2474,3200,726
1706,2474,3200,726
1707,2474,3200,726
1708,2474,3200,726
1709,2473,3200,727
1710,2473,3200,727
1711,2473,3200,727
1712,2473,3200,727
1713,2472,3200,728
1714,2472,3200,728
1715,2472,3200,728
1716,2472,3200,728
1717,2471,3200,729
1718,2471,3200,729
1719,2471,3200,729
1720,2470,3200,730
1721,2470,3200,730
1722,2470,3200,730
1723,2469,3200,731
1724,2469,3200,731
1725,2469,3200,731
1726,2468,3200,732
1727,2468,3200,732
1728,2468,3200,732
1729,2467,3200,733
1730,2467,3200,733
1731,2467,3200,733
1732,2466,3200,734
1733,2466,3200,734
1734,2466,3200,734
1735,2466,3200,734
1736,2465,3200,735
1737,2465,3200,735
1738,2465,3200,735
1739,2465,3200,735
1740,2464,3200,736
1741,2464,3200,736
1742,2464,3200,736
1743,2464,3200,736
1744,2463,3200,737
1745,2463,3200,737
1746,2463,3200,737
1747,2463,3200,737
1748,2462,3200,738
1749,2462,3200,738
1750,2462,3200,738
1751,2462,3200,738
1752,2461,3200,739
1753,2461,3200,739
1754,2461,3200,739
1755,2460,3200,740
1756,2460,3200,740
1757,2460,3200,740
1758,2460,3200,740
1759,2459,3200,741
1760,2459,3200,741
1761,2459,3200,741
1762,2458,3200,742
1763,2458,3200,742
1764,2457,3200,743
1765,2457,3200,743
1766,2456,3200,744
1767,2456,3200,744
1768,2456,3200,744
1769,2455,3200,745
1770,2455,3200,745
1771,2454,3200,746
1772,2454,3200,746
1773,2454,3200,746
1774,2454,3200,746
1775,2453,3200,747
1776,2453,3200,747
1777,2453,3200,747
1778,2452,3200,748
1779,2452,3200,748
1780,2452,3200,748
1781,2451,3200,749
1782,2451,3200,749
1783,2450,3200,750
1784,2450,3200,750
1785,2450,3200,750
1786,2449,3200,751
1787,2449,3200,751
1788,2449,3200,751
1789,2449,3200,751
1790,2449,3200,751
1791,2448,3200,752
1792,2448,3200,752
1793,2448,3200,752
1794,2448,3200,752
1795,2447,3200,753
1796,2447,3200,753
1797,2447,3200,753
1798,2447,3200,753
1799,2447,3200,753
1800,2446,3200,754
1801,2446,3200,754
1802,2446,3200,754
1803,2445,3200,755
1804,2445,3200,755
1805,2445,3200,755
1806,2444,3200,756
1807,2444,3200,756
1808,2444,3200,756
1809,2443,3200,757
1810,2443,3200,757
1811,2443,3200,757
1812,2442,3200,758
1813,2442,3200,758
1814,2442,3200,758
1815,2441,3200,759
1816,2441,3200,759
1817,2440,3200,760
1818,2440,3200,760
1819,2440,3200,760
1820,2439,3200,761
1821,2439,3200,761
1822,2439,3200,761
1823,2438,3200,762
1824,2438,3200,762
1825,2438,3200,762
1826,2438,3200,762
1827,2437,3200,763
1828,2437,3200,763
1829,2437,3200,763
1830,2436,3200,764
1831,2436,3200,764
1832,2436,3200,764
1833,2436,3200,764
1834,2435,3200,765
1835,2434,3200,766
1836,2434,3200,766
1837,2434,3200,766
1838,2433,3200,767
1839,2432,3200,768
1840,2432,3200,768
1841,2432,3200,768
1842,2432,3200,768
1843,2430,3200,770
1844,2430,3200,770
1845,2430,3200,770
1846,2430,3200,770
1847,2428,3200,772
1848,2428,3200,772
1849,2428,3200,772
1850,2427,3200,773
1851,2426,3200,774
1852,2426,3200,774
1853,2425,3200,775
1854,2424,3200,776
1855,2424,3200,776
1856,2423,3200,777
1857,2422,3200,778
1858,2422,3200,778
1859,2421,3200,779
1860,2421,3200,779
1861,2420,3200,780
1862,2419,3200,781
1863,2419,3200,781
1864,2418,3200,782
1865,2417,3200,783
1866,2417,3200,783
1867,2416,3200,784
1868,2415,3200,785
1869,2415,3200,785
1870,2414,3200,786
1871,2414,3200,786
1872,2413,3200,787
1873,2412,3200,788
1874,2412,3200,788
1875,2412,3200,788
1876,2410,3200,790
1877,2410,3200,790
1878,2410,3200,790
1879,2410,3200,790
1880,2408,3200,792
1881,2408,3200,792
1882,2408,3200,792
1883,2408,3200,792
1884,2407,3200,793
1885,2407,3200,793
1886,2407,3200,793
1887,2405,3200,795
1888,2405,3200,795
1889,2404,3200,796
1890,2403,3200,797
1891,2402,3200,798
1892,2402,3200,798
1893,2401,3200,799
1894,2401,3200,799
1895,2401,3200,799
1896,2400,3200,800
1897,2399,3200,801
1898,2398,3200,802
1899,2398,3200,802
1900,2398,3200,802
1901,2398,3200,802
1902,2396,3200,804
1903,2395,3200,805
1904,2393,3200,807
1905,2393,3200,807
1906,2392,3200,808
1907,2391,3200,809
1908,2391,3200,809
1909,2390,3200,810
1910,2390,3200,810
1911,2388,3200,812
1912,2388,3200,812
1913,2388,3200,812
1914,2387,3200,813
1915,2386,3200,814
1916,2386,3200,814
1917,2386,3200,814
1918,2384,3200,816
1919,2384,3200,816
1920,2383,3200,817
1921,2382,3200,818
1922,2382,3200,818
1923,2380,3200,820
1924,2380,3200,820
1925,2380,3200,820
1926,2378,3200,822
1927,2378,3200,822
1928,2377,3200,823
1929,2376,3200,824
1930,2376,3200,824
1931,2375,3200,825
1932,2374,3200,826
1933,2374,3200,826
1934,2373,3200,827
1935,2372,3200,828
1936,2371,3200,829
1937,2370,3200,830
1938,2370,3200,830
1939,2369,3200,831
1940,2368,3200,832
1941,2368,3200,832
1942,2368,3200,832
1943,2366,3200,834
1944,2366,3200,834
1945,2365,3200,835
1946,2364,3200,836
1947,2363,3200,837
1948,2363,3200,837
1949,2362,3200,838
1950,2361,3200,839
1951,2361,3200,839
1952,2361,3200,839
1953,2359,3200,841
1954,2359,3200,841
1955,2359,3200,841
1956,2357,3200,843
1957,2357,3200,843
1958,2356,3200,844
1959,2355,3200,845
1960,2355,3200,845
1961,2354,3200,846
1962,2353,3200,847
1963,2353,3200,847
1964,2352,3200,848
1965,2352,3200,848
1966,2351,3200,849
1967,2351,3200,849
1968,2351,3200,849
1969,2350,3200,850
1970,2350,3200,850
1971,2350,3200,850
1972,2350,3200,850
1973,2348,3200,852
1974,2348,3200,852
1975,2348,3200,852
1976,2348,3200,852
1977,2348,3200,852
1978,2348,3200,852
1979,2347,3200,853
1980,2346,3200,854
1981,2346,3200,854
1982,2346,3200,854
1983,2345,3200,855
1984,2344,3200,856
1985,2343,3200,857
1986,2343,3200,857
1987,2342,3200,858
1988,2341,3200,859
1989,2341,3200,859
1990,2339,3200,861
1991,2339,3200,861
1992,2338,3200,862
1993,2337,3200,863
1994,2337,3200,863
1995,2336,3200,864
1996,2335,3200,865
1997,2334,3200,866
1998,2333,3200,867
1999,2333,3200,867
2000,2333,3200,867
2001,2331,3200,869
2002,2331,3200,869
2003,2331,3200,869
2004,2329,3200,871
2005,2329,3200,871
2006,2327,3200,873
2007,2327,3200,873
2008,2326,3200,874
2009,2326,3200,874
2010,2325,3200,875
2011,2324,3200,876
2012,2324,3200,876
2013,2323,3200,877
2014,2322,3200,878
2015,2321,3200,879
2016,2321,3200,879
2017,2321,3200,879
2018,2319,3200,881
2019,2319,3200,881
2020,2318,3200,882
2021,2317,3200,883
2022,2317,3200,883
2023,2317,3200,883
2024,2316,3200,884
2025,2315,3200,885
2026,2314,3200,886
2027,2314,3200,886
2028,2313,3200,887
2029,2313,3200,887
2030,2313,3200,887
2031,2313,3200,887
2032,2311,3200,889
2033,2311,3200,889
2034,2310,3200,890
2035,2309,3200,891
2036,2309,3200,891
2037,2308,3200,892
2038,2307,3200,893
2039,2307,3200,893
2040,2306,3200,894
2041,2306,3200,894
2042,2305,3200,895
2043,2305,3200,895
2044,2303,3200,897
2045,2303,3200,897
2046,2302,3200,898
2047,2301,3200,899
2048,2301,3200,899
2049,2301,3200,899
2050,2300,3200,900
2051,2299,3200,901
2052,2298,3200,902
2053,2297,3200,903
2054,2297,3200,903
2055,2295,3200,905
2056,2295,3200,905
2057,2294,3200,906
2058,2294,3200,906
2059,2292,3200,908
2060,2292,3200,908
2061,2292,3200,908
2062,2290,3200,910
2063,2290,3200,910
2064,2289,3200,911
2065,2288,3200,912
2066,2288,3200,912
2067,2287,3200,913
2068,2286,3200,914
2069,2285,3200,915
2070,2285,3200,915
2071,2284,3200,916
2072,2284,3200,916
2073,2282,3200,918
2074,2282,3200,918
2075,2282,3200,918
2076,2281,3200,919
2077,2280,3200,920
2078,2279,3200,921
2079,2279,3200,921
2080,2278,3200,922
2081,2277,3200,923
2082,2276,3200,924
2083,2275,3200,925
2084,2275,3200,925
2085,2274,3200,926
2086,2273,3200,927
2087,2273,3200,927
2088,2272,3200,928
2089,2271,3200,929
2090,2271,3200,929
2091,2270,3200,930
2092,2269,3200,931
2093,2268,3200,932
2094,2268,3200,932
2095,2267,3200,933
2096,2266,3200,934
2097,2266,3200,934
2098,2266,3200,934
2099,2265,3200,935
2100,2265,3200,935
2101,2265,3200,935
2102,2263,3200,937
2103,2263,3200,937
2104,2263,3200,937
2105,2261,3200,939
2106,2261,3200,939
2107,2261,3200,939
2108,2259,3200,941
2109,2259,3200,941
2110,2258,3200,942
2111,2256,3200,944
2112,2256,3200,944
2113,2256,3200,944
2114,2255,3200,945
2115,2254,3200,946
2116,2254,3200,946
2117,2253,3200,947
2118,2252,3200,948
2119,2252,3200,948
2120,2252,3200,948
2121,2250,3200,950
2122,2250,3200,950
2123,2250,3200,950
2124,2250,3200,950
2125,2249,3200,951
2126,2248,3200,952
2127,2248,3200,952
2128,2247,3200,953
2129,2246,3200,954
2130,2246,3200,954
2131,2245,3200,955
2132,2244,3200,956
2133,2243,3200,957
2134,2243,3200,957
2135,2242,3200,958
2136,2242,3200,958
2137,2241,3200,959
2138,2240,3200,960
2139,2239,3200,961
2140,2239,3200,961
2141,2238,3200,962
2142,2237,3200,963
2143,2237,3200,963
2144,2236,3200,964
2145,2236,3200,964
2146,2236,3200,964
2147,2235,3200,965
2148,2234,3200,966
2149,2234,3200,966
2150,2233,3200,967
2151,2233,3200,967
2152,2233,3200,967
2153,2232,3200,968
2154,2231,3200,969
2155,2231,3200,969
2156,2230,3200,970
2157,2230,3200,970
2158,2230,3200,970
2159,2229,3200,971
2160,2228,3200,972
2161,2228,3200,972
2162,2228,3200,972
2163,2227,3200,973
2164,2227,3200,973
2165,2225,3200,975
2166,2225,3200,975
2167,2225,3200,975
2168,2224,3200,976
2169,2223,3200,977
2170,2223,3200,977
2171,2223,3200,977
2172,2221,3200,979
2173,2221,3200,979
2174,2220,3200,980
2175,2219,3200,981
2176,2219,3200,981
2177,2219,3200,981
2178,2218,3200,982
2179,2217,3200,983
2180,2217,3200,983
2181,2216,3200,984
2182,2216,3200,984
2183,2214,3200,986
2184,2214,3200,986
2185,2213,3200,987
2186,2212,3200,988
2187,2212,3200,988
2188,2211,3200,989
2189,2210,3200,990
2190,2210,3200,990
2191,2209,3200,991
2192,2208,3200,992
2193,2208,3200,992
2194,2207,3200,993
2195,2206,3200,994
2196,2206,3200,994
2197,2205,3200,995
2198,2204,3200,996
2199,2204,3200,996
2200,2204,3200,996
2201,2202,3200,998
2202,2202,3200,998
2203,2202,3200,998
2204,2201,3200,999
2205,2200,3200,1000
2206,2200,3200,1000
2207,2199,3200,1001
2208,2198,3200,1002
2209,2198,3200,1002
2210,2197,3200,1003
2211,2196,3200,1004
2212,2196,3200,1004
2213,2195,3200,1005
2214,2194,3200,1006
2215,2194,3200,1006
2216,2194,3200,1006
2217,2192,3200,1008
2218,2192,3200,1008
2219,2192,3200,1008
2220,2191,3200,1009
2221,2190,3200,1010
2222,2189,3200,1011
2223,2189,3200,1011
2224,2188,3200,1012
2225,2188,3200,1012
2226,2187,3200,1013
2227,2186,3200,1014
2228,2185,3200,1015
2229,2185,3200,1015
2230,2184,3200,1016
2231,2183,3200,1017
2232,2183,3200,1017
2233,2182,3200,1018
2234,2182,3200,1018
2235,2181,3200,1019
2236,2180,3200,1020
2237,2180,3200,1020
2238,2180,3200,1020
2239,2179,3200,1021
2240,2178,3200,1022
2241,2178,3200,1022
2242,2178,3200,1022
2243,2177,3200,1023
2244,2176,3200,1024
2245,2176,3200,1024
2246,2176,3200,1024
2247,2174,3200,1026
2248,2174,3200,1026
2249,2173,3200,1027
2250,2172,3200,1028
2251,2172,3200,1028
2252,2171,3200,1029
2253,2170,3200,1030
2254,2170,3200,1030
2255,2170,3200,1030
2256,2168,3200,1032
2257,2168,3200,1032
2258,2168,3200,1032
2259,2166,3200,1034
2260,2166,3200,1034
2261,2166,3200,1034
2262,2164,3200,1036
2263,2164,3200,1036
2264,2164,3200,1036
2265,2164,3200,1036
2266,2162,3200,1038
2267,2162,3200,1038
2268,2161,3200,1039
2269,2160,3200,1040
2270,2160,3200,1040
2271,2160,3200,1040
2272,2158,3200,1042
2273,2158,3200,1042
2274,2157,3200,1043
2275,2157,3200,1043
2276,2157,3200,1043
2277,2155,3200,1045
2278,2155,3200,1045
2279,2155,3200,1045
2280,2153,3200,1047
2281,2153,3200,1047
2282,2152,3200,1048
2283,2151,3200,1049
2284,2150,3200,1050
2285,2150,3200,1050
2286,2149,3200,1051
2287,2149,3200,1051
2288,2149,3200,1051
2289,2149,3200,1051
2290,2148,3200,1052
2291,2147,3200,1053
2292,2147,3200,1053
2293,2146,3200,1054
2294,2146,3200,1054
2295,2145,3200,1055
2296,2144,3200,1056
2297,2144,3200,1056
2298,2144,3200,1056
2299,2143,3200,1057
2300,2143,3200,1057
2301,2142,3200,1058
2302,2141,3200,1059
2303,2141,3200,1059
2304,2141,3200,1059
2305,2139,3200,1061
2306,2139,3200,1061
2307,2138,3200,1062
2308,2138,3200,1062
2309,2137,3200,1063
2310,2137,3200,1063
2311,2136,3200,1064
2312,2136,3200,1064
2313,2136,3200,1064
2314,2134,3200,1066
2315,2134,3200,1066
2316,2134,3200,1066
2317,2133,3200,1067
2318,2132,3200,1068
2319,2132,3200,1068
2320,2131,3200,1069
2321,2131,3200,1069
2322,2130,3200,1070
2323,2130,3200,1070
2324,2129,3200,1071
2325,2129,3200,1071
2326,2128,3200,1072
2327,2128,3200,1072
2328,2127,3200,1073
2329,2127,3200,1073
2330,2126,3200,1074
2331,2126,3200,1074
2332,2125,3200,1075
2333,2123,3200,1077
2334,2123,3200,1077
2335,2123,3200,1077
2336,2122,3200,1078
2337,2121,3200,1079
2338,2121,3200,1079
2339,2121,3200,1079
2340,2120,3200,1080
2341,2120,3200,1080
2342,2119,3200,1081
2343,2118,3200,1082
2344,2118,3200,1082
2345,2117,3200,1083
2346,2116,3200,1084
2347,2116,3200,1084
2348,2116,3200,1084
2349,2114,3200,1086
2350,2113,3200,1087
2351,2111,3200,1089
2352,2111,3200,1089
2353,2110,3200,1090
2354,2109,3200,1091
2355,2108,3200,1092
2356,2108,3200,1092
2357,2106,3200,1094
2358,2106,3200,1094
2359,2105,3200,1095
2360,2104,3200,1096
2361,2104,3200,1096
2362,2103,3200,1097
2363,2102,3200,1098
2364,2102,3200,1098
2365,2101,3200,1099
2366,2100,3200,1100
2367,2100,3200,1100
2368,2099,3200,1101
2369,2099,3200,1101
2370,2099,3200,1101
2371,2099,3200,1101
2372,2098,3200,1102
2373,2097,3200,1103
2374,2097,3200,1103
2375,2097,3200,1103
2376,2096,3200,1104
2377,2095,3200,1105
2378,2095,3200,1105
2379,2093,3200,1107
2380,2092,3200,1108
2381,2092,3200,1108
2382,2091,3200,1109
2383,2090,3200,1110
2384,2089,3200,1111
2385,2089,3200,1111
2386,2089,3200,1111
2387,2089,3200,1111
2388,2088,3200,1112
2389,2087,3200,1113
2390,2086,3200,1114
2391,2085,3200,1115
2392,2085,3200,1115
2393,2084,3200,1116
2394,2084,3200,1116
2395,2084,3200,1116
2396,2083,3200,1117
2397,2083,3200,1117
2398,2082,3200,1118
2399,2082,3200,1118
2400,2080,3200,1120
2401,2080,3200,1120
2402,2079,3200,1121
2403,2078,3200,1122
2404,2078,3200,1122
2405,2076,3200,1124
2406,2076,3200,1124
2407,2076,3200,1124
2408,2076,3200,1124
2409,2074,3200,1126
2410,2074,3200,1126
2411,2073,3200,1127
2412,2073,3200,1127
2413,2072,3200,1128
2414,2071,3200,1129
2415,2071,3200,1129
2416,2070,3200,1130
2417,2070,3200,1130
2418,2068,3200,1132
2419,2068,3200,1132
2420,2068,3200,1132
2421,2067,3200,1133
2422,2067,3200,1133
2423,2066,3200,1134
2424,2065,3200,1135
2425,2064,3200,1136
2426,2064,3200,1136
2427,2063,3200,1137
2428,2063,3200,1137
2429,2062,3200,1138
2430,2061,3200,1139
2431,2060,3200,1140
2432,2060,3200,1140
2433,2059,3200,1141
2434,2059,3200,1141
2435,2058,3200,1142
2436,2057,3200,1143
2437,2057,3200,1143
2438,2057,3200,1143
2439,2056,3200,1144
2440,2056,3200,1144
2441,2055,3200,1145
2442,2055,3200,1145
2443,2055,3200,1145
2444,2054,3200,1146
2445,2053,3200,1147
2446,2053,3200,1147
2447,2053,3200,1147
2448,2052,3200,1148
2449,2052,3200,1148
2450,2051,3200,1149
2451,2050,3200,1150
2452,2049,3200,1151
2453,2048,3200,1152
2454,2048,3200,1152
2455,2048,3200,1152
2456,2047,3200,1153
2457,2046,3200,1154
2458,2046,3200,1154
2459,2045,3200,1155
2460,2045,3200,1155
2461,2045,3200,1155
2462,2044,3200,1156
2463,2043,3200,1157
2464,2043,3200,1157
2465,2042,3200,1158
2466,2042,3200,1158
2467,2041,3200,1159
2468,2039,3200,1161
2469,2039,3200,1161
2470,2039,3200,1161
2471,2037,3200,1163
2472,2037,3200,1163
2473,2037,3200,1163
2474,2036,3200,1164
2475,2036,3200,1164
2476,2036,3200,1164
2477,2036,3200,1164
2478,2036,3200,1164
2479,2035,3200,1165
2480,2035,3200,1165
2481,2035,3200,1165
2482,2035,3200,1165
2483,2034,3200,1166
2484,2034,3200,1166
2485,2033,3200,1167
2486,2032,3200,1168
2487,2031,3200,1169
2488,2031,3200,1169
2489,2031,3200,1169
2490,2030,3200,1170
2491,2030,3200,1170
2492,2029,3200,1171
2493,2028,3200,1172
2494,2027,3200,1173
2495,2026,3200,1174
2496,2026,3200,1174
2497,2025,3200,1175
2498,2024,3200,1176
2499,2024,3200,1176
2500,2023,3200,1177
2501,2023,3200,1177
2502,2022,3200,1178
2503,2022,3200,1178
2504,2021,3200,1179
2505,2021,3200,1179
2506,2021,3200,1179
2507,2020,3200,1180
2508,2020,3200,1180
2509,2019,3200,1181
2510,2018,3200,1182
2511,2018,3200,1182
2512,2016,3200,1184
2513,2015,3200,1185
2514,2015,3200,1185
2515,2014,3200,1186
2516,2014,3200,1186
2517,2014,3200,1186
2518,2013,3200,1187
2519,2013,3200,1187
2520,2012,3200,1188
2521,2012,3200,1188
2522,2011,3200,1189
2523,2011,3200,1189
2524,2010,3200,1190
2525,2009,3200,1191
2526,2009,3200,1191
2527,2009,3200,1191
2528,2008,3200,1192
2529,2008,3200,1192
2530,2007,3200,1193
2531,2007,3200,1193
2532,2007,3200,1193
2533,2006,3200,1194
2534,2005,3200,1195
2535,2005,3200,1195
2536,2003,3200,1197
2537,2002,3200,1198
2538,2001,3200,1199
2539,2001,3200,1199
2540,1999,3200,1201
2541,1999,3200,1201
2542,1998,3200,1202
2543,1998,3200,1202
2544,1998,3200,1202
2545,1997,3200,1203
2546,1997,3200,1203
2547,1997,3200,1203
2548,1996,3200,1204
2549,1996,3200,1204
2550,1996,3200,1204
2551,1995,3200,1205
2552,1995,3200,1205
2553,1994,3200,1206
2554,1994,3200,1206
2555,1994,3200,1206
2556,1993,3200,1207
2557,1992,3200,1208
2558,1991,3200,1209
2559,1990,3200,1210
2560,1989,3200,1211
2561,1989,3200,1211
2562,1988,3200,1212
2563,1988,3200,1212
2564,1987,3200,1213
2565,1986,3200,1214
2566,1986,3200,1214
2567,1986,3200,1214
2568,1985,3200,1215
2569,1985,3200,1215
2570,1985,3200,1215
2571,1985,3200,1215
2572,1984,3200,1216
2573,1984,3200,1216
2574,1984,3200,1216
2575,1983,3200,1217
2576,1983,3200,1217
2577,1983,3200,1217
2578,1982,3200,1218
2579,1981,3200,1219
2580,1981,3200,1219
2581,1981,3200,1219
2582,1980,3200,1220
2583,1980,3200,1220
2584,1980,3200,1220
2585,1980,3200,1220
2586,1979,3200,1221
2587,1979,3200,1221
2588,1977,3200,1223
2589,1977,3200,1223
2590,1977,3200,1223
2591,1977,3200,1223
2592,1976,3200,1224
2593,1976,3200,1224
2594,1975,3200,1225
2595,1974,3200,1226
2596,1974,3200,1226
2597,1973,3200,1227
2598,1972,3200,1228
2599,1972,3200,1228
2600,1972,3200,1228
2601,1972,3200,1228
2602,1970,3200,1230
2603,1970,3200,1230
2604,1969,3200,1231
2605,1968,3200,1232
2606,1968,3200,1232
2607,1968,3200,1232
2608,1966,3200,1234
2609,1965,3200,1235
2610,1965,3200,1235
2611,1964,3200,1236
2612,1964,3200,1236
2613,1963,3200,1237
2614,1961,3200,1239
2615,1960,3200,1240
2616,1960,3200,1240
2617,1958,3200,1242
2618,1957,3200,1243
2619,1957,3200,1243
2620,1956,3200,1244
2621,1955,3200,1245
2622,1955,3200,1245
2623,1955,3200,1245
2624,1954,3200,1246
2625,1953,3200,1247
2626,1952,3200,1248
2627,1952,3200,1248
2628,1952,3200,1248
2629,1952,3200,1248
2630,1950,3200,1250
2631,1950,3200,1250
2632,1949,3200,1251
2633,1949,3200,1251
2634,1949,3200,1251
2635,1949,3200,1251
2636,1947,3200,1253
2637,1947,3200,1253
2638,1946,3200,1254
2639,1946,3200,1254
2640,1946,3200,1254
2641,1946,3200,1254
2642,1945,3200,1255
2643,1945,3200,1255
2644,1945,3200,1255
2645,1945,3200,1255
2646,1945,3200,1255
2647,1944,3200,1256
2648,1944,3200,1256
2649,1944,3200,1256
2650,1943,3200,1257
2651,1942,3200,1258
2652,1941,3200,1259
2653,1941,3200,1259
2654,1941,3200,1259
2655,1940,3200,1260
2656,1940,3200,1260
2657,1940,3200,1260
2658,1939,3200,1261
2659,1938,3200,1262
2660,1938,3200,1262
2661,1938,3200,1262
2662,1937,3200,1263
2663,1937,3200,1263
2664,1936,3200,1264
2665,1936,3200,1264
2666,1936,3200,1264
2667,1936,3200,1264
2668,1935,3200,1265
2669,1934,3200,1266
2670,1934,3200,1266
2671,1932,3200,1268
2672,1932,3200,1268
2673,1931,3200,1269
2674,1931,3200,1269
2675,1931,3200,1269
2676,1930,3200,1270
2677,1929,3200,1271
2678,1929,3200,1271
2679,1928,3200,1272
2680,1927,3200,1273
2681,1927,3200,1273
2682,1927,3200,1273
2683,1926,3200,1274
2684,1926,3200,1274
2685,1926,3200,1274
2686,1924,3200,1276
2687,1924,3200,1276
2688,1923,3200,1277
2689,1923,3200,1277
2690,1923,3200,1277
2691,1923,3200,1277
2692,1921,3200,1279
2693,1921,3200,1279
2694,1920,3200,1280
2695,1919,3200,1281
2696,1919,3200,1281
2697,1918,3200,1282
2698,1918,3200,1282
2699,1918,3200,1282
2700,1918,3200,1282
2701,1916,3200,1284
2702,1916,3200,1284
2703,1916,3200,1284
2704,1915,3200,1285
2705,1914,3200,1286
2706,1913,3200,1287
2707,1913,3200,1287
2708,1911,3200,1289
2709,1911,3200,1289
2710,1911,3200,1289
2711,1910,3200,1290
2712,1910,3200,1290
2713,1909,3200,1291
2714,1908,3200,1292
2715,1907,3200,1293
2716,1907,3200,1293
2717,1906,3200,1294
2718,1904,3200,1296
2719,1904,3200,1296
2720,1904,3200,1296
2721,1902,3200,1298
2722,1902,3200,1298
2723,1901,3200,1299
2724,1901,3200,1299
2725,1900,3200,1300
2726,1899,3200,1301
2727,1898,3200,1302
2728,1898,3200,1302
2729,1897,3200,1303
2730,1896,3200,1304
2731,1895,3200,1305
2732,1894,3200,1306
2733,1894,3200,1306
2734,1894,3200,1306
2735,1893,3200,1307
2736,1893,3200,1307
2737,1893,3200,1307
2738,1892,3200,1308
2739,1892,3200,1308
2740,1892,3200,1308
2741,1892,3200,1308
2742,1891,3200,1309
2743,1890,3200,1310
2744,1890,3200,1310
2745,1889,3200,1311
2746,1889,3200,1311
2747,1887,3200,1313
2748,1887,3200,1313
2749,1887,3200,1313
2750,1886,3200,1314
2751,1885,3200,1315
2752,1885,3200,1315
2753,1884,3200,1316
2754,1883,3200,1317
2755,1883,3200,1317
2756,1883,3200,1317
2757,1882,3200,1318
2758,1882,3200,1318
2759,1882,3200,1318
2760,1881,3200,1319
2761,1880,3200,1320
2762,1880,3200,1320
2763,1879,3200,1321
2764,1879,3200,1321
2765,1877,3200,1323
2766,1877,3200,1323
2767,1877,3200,1323
2768,1876,3200,1324
2769,1876,3200,1324
2770,1876,3200,1324
2771,1876,3200,1324
2772,1875,3200,1325
2773,1875,3200,1325
2774,1875,3200,1325
2775,1874,3200,1326
2776,1874,3200,1326
2777,1874,3200,1326
2778,1873,3200,1327
2779,1872,3200,1328
2780,1872,3200,1328
2781,1871,3200,1329
2782,1870,3200,1330
2783,1870,3200,1330
2784,1869,3200,1331
2785,1868,3200,1332
2786,1867,3200,1333
2787,1867,3200,1333
2788,1866,3200,1334
2789,1864,3200,1336
2790,1864,3200,1336
2791,1863,3200,1337
2792,1863,3200,1337
2793,1862,3200,1338
2794,1861,3200,1339
2795,1860,3200,1340
2796,1860,3200,1340
2797,1859,3200,1341
2798,1859,3200,1341
2799,1859,3200,1341
2800,1859,3200,1341
2801,1857,3200,1343
2802,1857,3200,1343
2803,1857,3200,1343
2804,1856,3200,1344
2805,1856,3200,1344
2806,1856,3200,1344
2807,1855,3200,1345
2808,1855,3200,1345
2809,1855,3200,1345
2810,1855,3200,1345
2811,1855,3200,1345
2812,1855,3200,1345
2813,1855,3200,1345
2814,1854,3200,1346
2815,1853,3200,1347
2816,1853,3200,1347
2817,1852,3200,1348
2818,1852,3200,1348
2819,1850,3200,1350
2820,1850,3200,1350
2821,1849,3200,1351
2822,1848,3200,1352
2823,1846,3200,1354
2824,1846,3200,1354
2825,1846,3200,1354
2826,1845,3200,1355
2827,1844,3200,1356
2828,1844,3200,1356
2829,1844,3200,1356
2830,1843,3200,1357
2831,1843,3200,1357
2832,1843,3200,1357
2833,1841,3200,1359
2834,1841,3200,1359
2835,1841,3200,1359
2836,1839,3200,1361
2837,1839,3200,1361
2838,1839,3200,1361
2839,1838,3200,1362
2840,1838,3200,1362
2841,1837,3200,1363
2842,1836,3200,1364
2843,1835,3200,1365
2844,1835,3200,1365
2845,1834,3200,1366
2846,1834,3200,1366
2847,1834,3200,1366
2848,1834,3200,1366
2849,1832,3200,1368
2850,1831,3200,1369
2851,1831,3200,1369
2852,1829,3200,1371
2853,1829,3200,1371
2854,1829,3200,1371
2855,1828,3200,1372
2856,1828,3200,1372
2857,1828,3200,1372
2858,1827,3200,1373
2859,1827,3200,1373
2860,1827,3200,1373
2861,1827,3200,1373
2862,1826,3200,1374
2863,1826,3200,1374
2864,1825,3200,1375
2865,1825,3200,1375
2866,1825,3200,1375
2867,1824,3200,1376
2868,1824,3200,1376
2869,1823,3200,1377
2870,1823,3200,1377
2871,1823,3200,1377
2872,1823,3200,1377
2873,1823,3200,1377
2874,1823,3200,1377
2875,1822,3200,1378
2876,1822,3200,1378
2877,1822,3200,1378
2878,1821,3200,1379
2879,1820,3200,1380
2880,1820,3200,1380
2881,1819,3200,1381
2882,1819,3200,1381
2883,1818,3200,1382
2884,1818,3200,1382
2885,1817,3200,1383
2886,1816,3200,1384
2887,1815,3200,1385
2888,1814,3200,1386
2889,1814,3200,1386
2890,1814,3200,1386
2891,1814,3200,1386
2892,1813,3200,1387
2893,1812,3200,1388
2894,1812,3200,1388
2895,1811,3200,1389
2896,1811,3200,1389
2897,1811,3200,1389
2898,1811,3200,1389
2899,1809,3200,1391
2900,1808,3200,1392
2901,1807,3200,1393
2902,1807,3200,1393
2903,1807,3200,1393
2904,1805,3200,1395
2905,1805,3200,1395
2906,1804,3200,1396
2907,1804,3200,1396
2908,1804,3200,1396
2909,1804,3200,1396
2910,1804,3200,1396
2911,1803,3200,1397
2912,1803,3200,1397
2913,1802,3200,1398
2914,1802,3200,1398
2915,1802,3200,1398
2916,1801,3200,1399
2917,1801,3200,1399
2918,1800,3200,1400
2919,1800,3200,1400
2920,1800,3200,1400
2921,1799,3200,1401
2922,1797,3200,1403
2923,1797,3200,1403
2924,1797,3200,1403
2925,1796,3200,1404
2926,1795,3200,1405
2927,1795,3200,1405
2928,1795,3200,1405
2929,1793,3200,1407
2930,1793,3200,1407
2931,1793,3200,1407
2932,1791,3200,1409
2933,1791,3200,1409
2934,1791,3200,1409
2935,1790,3200,1410
2936,1790,3200,1410
2937,1790,3200,1410
2938,1790,3200,1410
2939,1789,3200,1411
2940,1789,3200,1411
2941,1788,3200,1412
2942,1787,3200,1413
2943,1786,3200,1414
2944,1785,3200,1415
2945,1785,3200,1415
2946,1784,3200,1416
2947,1783,3200,1417
2948,1783,3200,1417
2949,1783,3200,1417
2950,1781,3200,1419
2951,1781,3200,1419
2952,1781,3200,1419
2953,1780,3200,1420
2954,1779,3200,1421
2955,1779,3200,1421
2956,1779,3200,1421
2957,1779,3200,1421
2958,1778,3200,1422
2959,1778,3200,1422
2960,1777,3200,1423
2961,1777,3200,1423
2962,1777,3200,1423
2963,1777,3200,1423
2964,1776,3200,1424
2965,1776,3200,1424
2966,1776,3200,1424
2967,1775,3200,1425
2968,1774,3200,1426
2969,1774,3200,1426
2970,1773,3200,1427
2971,1773,3200,1427
2972,1773,3200,1427
2973,1772,3200,1428
2974,1772,3200,1428
2975,1772,3200,1428
2976,1771,3200,1429
2977,1771,3200,1429
2978,1771,3200,1429
2979,1771,3200,1429
2980,1771,3200,1429
2981,1771,3200,1429
2982,1771,3200,1429
2983,1771,3200,1429
2984,1770,3200,1430
2985,1770,3200,1430
2986,1768,3200,1432
2987,1768,3200,1432
2988,1767,3200,1433
2989,1767,3200,1433
2990,1767,3200,1433
2991,1766,3200,1434
2992,1766,3200,1434
2993,1766,3200,1434
2994,1766,3200,1434
2995,1766,3200,1434
2996,1766,3200,1434
2997,1766,3200,1434
2998,1766,3200,1434
2999,1764,3200,1436
3000,1763,3200,1437
3001,1763,3200,1437
3002,1763,3200,1437
3003,1762,3200,1438
3004,1762,3200,1438
3005,1761,3200,1439
3006,1761,3200,1439
3007,1761,3200,1439
3008,1761,3200,1439
3009,1759,3200,1441
3010,1758,3200,1442
3011,1758,3200,1442
3012,1757,3200,1443
3013,1756,3200,1444
3014,1756,3200,1444
3015,1756,3200,1444
3016,1756,3200,1444
3017,1756,3200,1444
3018,1756,3200,1444
3019,1755,3200,1445
3020,1755,3200,1445
3021,1755,3200,1445
3022,1754,3200,1446
3023,1754,3200,1446
3024,1753,3200,1447
3025,1753,3200,1447
3026,1753,3200,1447
3027,1752,3200,1448
3028,1752,3200,1448
3029,1752,3200,1448
3030,1752,3200,1448
3031,1751,3200,1449
3032,1750,3200,1450
3033,1748,3200,1452
3034,1748,3200,1452
3035,1747,3200,1453
3036,1747,3200,1453
3037,1746,3200,1454
3038,1745,3200,1455
3039,1744,3200,1456
3040,1744,3200,1456
3041,1742,3200,1458
3042,1742,3200,1458
3043,1742,3200,1458
3044,1740,3200,1460
3045,1739,3200,1461
3046,1739,3200,1461
3047,1739,3200,1461
3048,1739,3200,1461
3049,1739,3200,1461
3050,1739,3200,1461
3051,1738,3200,1462
3052,1738,3200,1462
3053,1736,3200,1464
3054,1736,3200,1464
3055,1736,3200,1464
3056,1735,3200,1465
3057,1735,3200,1465
3058,1734,3200,1466
3059,1734,3200,1466
3060,1732,3200,1468
3061,1731,3200,1469
3062,1730,3200,1470
3063,1730,3200,1470
3064,1730,3200,1470
3065,1729,3200,1471
3066,1728,3200,1472
3067,1727,3200,1473
3068,1727,3200,1473
3069,1727,3200,1473
3070,1726,3200,1474
3071,1726,3200,1474
3072,1725,3200,1475
3073,1724,3200,1476
3074,1724,3200,1476
3075,1724,3200,1476
3076,1723,3200,1477
3077,1723,3200,1477
3078,1722,3200,1478
3079,1721,3200,1479
3080,1721,3200,1479
3081,1721,3200,1479
3082,1719,3200,1481
3083,1719,3200,1481
3084,1719,3200,1481
3085,1717,3200,1483
3086,1717,3200,1483
3087,1717,3200,1483
3088,1716,3200,1484
3089,1715,3200,1485
3090,1715,3200,1485
3091,1713,3200,1487
3092,1712,3200,1488
3093,1712,3200,1488
3094,1712,3200,1488
3095,1712,3200,1488
3096,1712,3200,1488
3097,1712,3200,1488
3098,1712,3200,1488
3099,1712,3200,1488
3100,1711,3200,1489
3101,1711,3200,1489
3102,1710,3200,1490
3103,1709,3200,1491
3104,1709,3200,1491
3105,1708,3200,1492
3106,1708,3200,1492
3107,1707,3200,1493
3108,1707,3200,1493
3109,1707,3200,1493
3110,1707,3200,1493
3111,1707,3200,1493
3112,1706,3200,1494
3113,1706,3200,1494
3114,1706,3200,1494
3115,1706,3200,1494
3116,1706,3200,1494
3117,1705,3200,1495
3118,1704,3200,1496
3119,1704,3200,1496
3120,1704,3200,1496
3121,1704,3200,1496
3122,1704,3200,1496
3123,1704,3200,1496
3124,1703,3200,1497
3125,1703,3200,1497
3126,1702,3200,1498
3127,1701,3200,1499
3128,1701,3200,1499
3129,1699,3200,1501
3130,1699,3200,1501
3131,1699,3200,1501
3132,1699,3200,1501
3133,1698,3200,1502
3134,1697,3200,1503
3135,1697,3200,1503
3136,1697,3200,1503
3137,1697,3200,1503
3138,1696,3200,1504
3139,1695,3200,1505
3140,1694,3200,1506
3141,1694,3200,1506
3142,1694,3200,1506
3143,1693,3200,1507
3144,1693,3200,1507
3145,1692,3200,1508
3146,1692,3200,1508
3147,1692,3200,1508
3148,1692,3200,1508
3149,1692,3200,1508
3150,1692,3200,1508
3151,1692,3200,1508
3152,1692,3200,1508
3153,1691,3200,1509
3154,1690,3200,1510
3155,1689,3200,1511
3156,1689,3200,1511
3157,1689,3200,1511
3158,1688,3200,1512
3159,1688,3200,1512
3160,1687,3200,1513
3161,1687,3200,1513
3162,1687,3200,1513
3163,1687,3200,1513
3164,1687,3200,1513
3165,1686,3200,1514
3166,1686,3200,1514
3167,1686,3200,1514
3168,1686,3200,1514
3169,1685,3200,1515
3170,1685,3200,1515
3171,1684,3200,1516
3172,1683,3200,1517
3173,1683,3200,1517
3174,1683,3200,1517
3175,1683,3200,1517
3176,1683,3200,1517
3177,1683,3200,1517
3178,1683,3200,1517
3179,1683,3200,1517
3180,1682,3200,1518
3181,1682,3200,1518
3182,1682,3200,1518
3183,1681,3200,1519
3184,1680,3200,1520
3185,1679,3200,1521
3186,1679,3200,1521
3187,1677,3200,1523
3188,1677,3200,1523
3189,1675,3200,1525
3190,1675,3200,1525
3191,1674,3200,1526
3192,1673,3200,1527
3193,1673,3200,1527
3194,1673,3200,1527
3195,1672,3200,1528
3196,1672,3200,1528
3197,1672,3200,1528
3198,1671,3200,1529
3199,1670,3200,1530
3200,1669,3200,1531
3201,1669,3200,1531
3202,1669,3200,1531
3203,1667,3200,1533
3204,1666,3200,1534
3205,1666,3200,1534
3206,1665,3200,1535
3207,1665,3200,1535
3208,1665,3200,1535
3209,1663,3200,1537
3210,1663,3200,1537
3211,1663,3200,1537
3212,1662,3200,1538
3213,1662,3200,1538
3214,1662,3200,1538
3215,1661,3200,1539
3216,1661,3200,1539
3217,1660,3200,1540
3218,1660,3200,1540
3219,1660,3200,1540
3220,1658,3200,1542
3221,1658,3200,1542
3222,1658,3200,1542
3223,1658,3200,1542
3224,1658,3200,1542
3225,1658,3200,1542
3226,1658,3200,1542
3227,1658,3200,1542
3228,1657,3200,1543
3229,1657,3200,1543
3230,1657,3200,1543
3231,1657,3200,1543
3232,1657,3200,1543
3233,1656,3200,1544
3234,1655,3200,1545
3235,1655,3200,1545
3236,1655,3200,1545
3237,1653,3200,1547
3238,1653,3200,1547
3239,1653,3200,1547
3240,1652,3200,1548
3241,1652,3200,1548
3242,1652,3200,1548
3243,1652,3200,1548
3244,1651,3200,1549
3245,1651,3200,1549
3246,1650,3200,1550
3247,1649,3200,1551
3248,1647,3200,1553
3249,1647,3200,1553
3250,1646,3200,1554
3251,1646,3200,1554
3252,1645,3200,1555
3253,1645,3200,1555
3254,1644,3200,1556
3255,1644,3200,1556
3256,1644,3200,1556
3257,1643,3200,1557
3258,1642,3200,1558
3259,1642,3200,1558
3260,1642,3200,1558
3261,1642,3200,1558
3262,1642,3200,1558
3263,1641,3200,1559
3264,1641,3200,1559
3265,1641,3200,1559
3266,1641,3200,1559
3267,1641,3200,1559
3268,1641,3200,1559
3269,1640,3200,1560
3270,1640,3200,1560
3271,1639,3200,1561
3272,1637,3200,1563
3273,1637,3200,1563
3274,1636,3200,1564
3275,1636,3200,1564
3276,1635,3200,1565
3277,1634,3200,1566
3278,1634,3200,1566
3279,1633,3200,1567
3280,1632,3200,1568
3281,1632,3200,1568
3282,1631,3200,1569
3283,1631,3200,1569
3284,1631,3200,1569
3285,1631,3200,1569
3286,1631,3200,1569
3287,1630,3200,1570
3288,1630,3200,1570
3289,1630,3200,1570
3290,1630,3200,1570
3291,1630,3200,1570
3292,1629,3200,1571
3293,1628,3200,1572
3294,1628,3200,1572
3295,1627,3200,1573
3296,1627,3200,1573
3297,1627,3200,1573
3298,1626,3200,1574
3299,1626,3200,1574
3300,1626,3200,1574
3301,1626,3200,1574
3302,1625,3200,1575
3303,1624,3200,1576
3304,1623,3200,1577
3305,1622,3200,1578
3306,1621,3200,1579
3307,1621,3200,1579
3308,1619,3200,1581
3309,1619,3200,1581
3310,1618,3200,1582
3311,1618,3200,1582
3312,1617,3200,1583
3313,1617,3200,1583
3314,1616,3200,1584
3315,1615,3200,1585
3316,1614,3200,1586
3317,1613,3200,1587
3318,1611,3200,1589
3319,1611,3200,1589
3320,1611,3200,1589
3321,1611,3200,1589
3322,1611,3200,1589
3323,1611,3200,1589
3324,1610,3200,1590
3325,1610,3200,1590
3326,1609,3200,1591
3327,1608,3200,1592
3328,1608,3200,1592
3329,1606,3200,1594
3330,1606,3200,1594
3331,1606,3200,1594
3332,1606,3200,1594
3333,1606,3200,1594
3334,1604,3200,1596
3335,1604,3200,1596
3336,1604,3200,1596
3337,1603,3200,1597
3338,1603,3200,1597
3339,1603,3200,1597
3340,1603,3200,1597
3341,1603,3200,1597
3342,1603,3200,1597
3343,1603,3200,1597
3344,1603,3200,1597
3345,1603,3200,1597
3346,1603,3200,1597
3347,1602,3200,1598
3348,1602,3200,1598
3349,1602,3200,1598
3350,1601,3200,1599
3351,1600,3200,1600
3352,1600,3200,1600
3353,1600,3200,1600
3354,1599,3200,1601
3355,1599,3200,1601
3356,1598,3200,1602
3357,1597,3200,1603
3358,1595,3200,1605
3359,1594,3200,1606
3360,1594,3200,1606
3361,1594,3200,1606
3362,1594,3200,1606
3363,1594,3200,1606
3364,1594,3200,1606
3365,1594,3200,1606
3366,1593,3200,1607
3367,1593,3200,1607
3368,1592,3200,1608
3369,1592,3200,1608
3370,1592,3200,1608
3371,1591,3200,1609
3372,1590,3200,1610
3373,1590,3200,1610
3374,1588,3200,1612
3375,1587,3200,1613
3376,1586,3200,1614
3377,1586,3200,1614
3378,1585,3200,1615
3379,1585,3200,1615
3380,1585,3200,1615
3381,1585,3200,1615
3382,1585,3200,1615
3383,1585,3200,1615
3384,1584,3200,1616
3385,1584,3200,1616
3386,1584,3200,1616
3387,1584,3200,1616
3388,1583,3200,1617
3389,1583,3200,1617
3390,1582,3200,1618
3391,1581,3200,1619
3392,1581,3200,1619
3393,1580,3200,1620
3394,1579,3200,1621
3395,1577,3200,1623
3396,1577,3200,1623
3397,1575,3200,1625
3398,1575,3200,1625
3399,1575,3200,1625
3400,1575,3200,1625
3401,1574,3200,1626
3402,1574,3200,1626
3403,1574,3200,1626
3404,1573,3200,1627
3405,1573,3200,1627
3406,1573,3200,1627
3407,1572,3200,1628
3408,1571,3200,1629
3409,1571,3200,1629
3410,1571,3200,1629
3411,1569,3200,1631
3412,1568,3200,1632
3413,1568,3200,1632
3414,1567,3200,1633
3415,1567,3200,1633
3416,1566,3200,1634
3417,1565,3200,1635
3418,1564,3200,1636
3419,1563,3200,1637
3420,1563,3200,1637
3421,1563,3200,1637
3422,1563,3200,1637
3423,1563,3200,1637
3424,1563,3200,1637
3425,1563,3200,1637
3426,1563,3200,1637
3427,1563,3200,1637
3428,1563,3200,1637
3429,1563,3200,1637
3430,1563,3200,1637
3431,1563,3200,1637
3432,1563,3200,1637
3433,1563,3200,1637
3434,1563,3200,1637
3435,1562,3200,1638
3436,1562,3200,1638
3437,1561,3200,1639
3438,1561,3200,1639
3439,1561,3200,1639
3440,1561,3200,1639
3441,1561,3200,1639
3442,1561,3200,1639
3443,1560,3200,1640
3444,1560,3200,1640
3445,1559,3200,1641
3446,1559,3200,1641
3447,1559,3200,1641
3448,1559,3200,1641
3449,1559,3200,1641
3450,1558,3200,1642
3451,1557,3200,1643
3452,1557,3200,1643
3453,1557,3200,1643
3454,1556,3200,1644
3455,1556,3200,1644
3456,1555,3200,1645
3457,1554,3200,1646
3458,1553,3200,1647
3459,1553,3200,1647
3460,1551,3200,1649
3461,1550,3200,1650
3462,1550,3200,1650
3463,1549,3200,1651
3464,1548,3200,1652
3465,1548,3200,1652
3466,1548,3200,1652
3467,1547,3200,1653
3468,1547,3200,1653
3469,1546,3200,1654
3470,1546,3200,1654
3471,1544,3200,1656
3472,1544,3200,1656
3473,1543,3200,1657
3474,1542,3200,1658
3475,1542,3200,1658
3476,1542,3200,1658
3477,1540,3200,1660
3478,1540,3200,1660
3479,1539,3200,1661
3480,1539,3200,1661
3481,1538,3200,1662
3482,1536,3200,1664
3483,1536,3200,1664
3484,1536,3200,1664
3485,1535,3200,1665
3486,1534,3200,1666
3487,1534,3200,1666
3488,1534,3200,1666
3489,1534,3200,1666
3490,1533,3200,1667
3491,1533,3200,1667
3492,1532,3200,1668
3493,1532,3200,1668
3494,1531,3200,1669
3495,1531,3200,1669
3496,1530,3200,1670
3497,1529,3200,1671
3498,1528,3200,1672
3499,1527,3200,1673
3500,1527,3200,1673
3501,1527,3200,1673
3502,1526,3200,1674
3503,1526,3200,1674
3504,1526,3200,1674
3505,1525,3200,1675
3506,1524,3200,1676
3507,1523,3200,1677
3508,1523,3200,1677
3509,1522,3200,1678
3510,1522,3200,1678
3511,1521,3200,1679
3512,1521,3200,1679
3513,1521,3200,1679
3514,1521,3200,1679
3515,1520,3200,1680
3516,1520,3200,1680
3517,1519,3200,1681
3518,1519,3200,1681
3519,1519,3200,1681
3520,1519,3200,1681
3521,1518,3200,1682
3522,1518,3200,1682
3523,1517,3200,1683
3524,1517,3200,1683
3525,1517,3200,1683
3526,1517,3200,1683
3527,1517,3200,1683
3528,1517,3200,1683
3529,1517,3200,1683
3530,1516,3200,1684
3531,1516,3200,1684
3532,1516,3200,1684
3533,1516,3200,1684
3534,1515,3200,1685
3535,1515,3200,1685
3536,1514,3200,1686
3537,1514,3200,1686
3538,1514,3200,1686
3539,1514,3200,1686
3540,1513,3200,1687
3541,1513,3200,1687
3542,1513,3200,1687
3543,1512,3200,1688
3544,1511,3200,1689
3545,1511,3200,1689
3546,1511,3200,1689
3547,1511,3200,1689
3548,1511,3200,1689
3549,1511,3200,1689
3550,1511,3200,1689
3551,1511,3200,1689
3552,1511,3200,1689
3553,1511,3200,1689
3554,1511,3200,1689
3555,1511,3200,1689
3556,1510,3200,1690
3557,1508,3200,1692
3558,1508,3200,1692
3559,1508,3200,1692
3560,1508,3200,1692
3561,1508,3200,1692
3562,1508,3200,1692
3563,1508,3200,1692
3564,1508,3200,1692
3565,1508,3200,1692
3566,1507,3200,1693
3567,1507,3200,1693
3568,1506,3200,1694
3569,1506,3200,1694
3570,1506,3200,1694
3571,1505,3200,1695
3572,1505,3200,1695
3573,1505,3200,1695
3574,1505,3200,1695
3575,1505,3200,1695
3576,1505,3200,1695
3577,1505,3200,1695
3578,1505,3200,1695
3579,1504,3200,1696
3580,1504,3200,1696
3581,1503,3200,1697
3582,1503,3200,1697
3583,1503,3200,1697
3584,1503,3200,1697
3585,1503,3200,1697
3586,1502,3200,1698
3587,1502,3200,1698
3588,1502,3200,1698
3589,1502,3200,1698
3590,1502,3200,1698
3591,1502,3200,1698
3592,1500,3200,1700
3593,1500,3200,1700
3594,1500,3200,1700
3595,1500,3200,1700
3596,1499,3200,1701
3597,1498,3200,1702
3598,1498,3200,1702
3599,1498,3200,1702
3600,1497,3200,1703
3601,1497,3200,1703
3602,1496,3200,1704
3603,1496,3200,1704
3604,1496,3200,1704
3605,1496,3200,1704
3606,1496,3200,1704
3607,1495,3200,1705
3608,1494,3200,1706
3609,1494,3200,1706
3610,1494,3200,1706
3611,1494,3200,1706
3612,1493,3200,1707
3613,1493,3200,1707
3614,1493,3200,1707
3615,1493,3200,1707
3616,1491,3200,1709
3617,1491,3200,1709
3618,1491,3200,1709
3619,1489,3200,1711
3620,1489,3200,1711
3621,1489,3200,1711
3622,1488,3200,1712
3623,1488,3200,1712
3624,1487,3200,1713
3625,1487,3200,1713
3626,1487,3200,1713
3627,1486,3200,1714
3628,1485,3200,1715
3629,1484,3200,1716
3630,1484,3200,1716
3631,1483,3200,1717
3632,1483,3200,1717
3633,1483,3200,1717
3634,1483,3200,1717
3635,1483,3200,1717
3636,1483,3200,1717
3637,1483,3200,1717
3638,1483,3200,1717
3639,1483,3200,1717
3640,1483,3200,1717
3641,1482,3200,1718
3642,1482,3200,1718
3643,1481,3200,1719
3644,1481,3200,1719
3645,1481,3200,1719
3646,1480,3200,1720
3647,1480,3200,1720
3648,1480,3200,1720
3649,1479,3200,1721
3650,1478,3200,1722
3651,1478,3200,1722
3652,1478,3200,1722
3653,1477,3200,1723
3654,1477,3200,1723
3655,1476,3200,1724
3656,1475,3200,1725
3657,1474,3200,1726
3658,1474,3200,1726
3659,1472,3200,1728
3660,1472,3200,1728
3661,1472,3200,1728
3662,1471,3200,1729
3663,1471,3200,1729
3664,1470,3200,1730
3665,1470,3200,1730
3666,1469,3200,1731
3667,1469,3200,1731
3668,1469,3200,1731
3669,1468,3200,1732
3670,1468,3200,1732
3671,1467,3200,1733
3672,1466,3200,1734
3673,1466,3200,1734
3674,1466,3200,1734
3675,1465,3200,1735
3676,1464,3200,1736
3677,1464,3200,1736
3678,1464,3200,1736
3679,1463,3200,1737
3680,1463,3200,1737
3681,1463,3200,1737
3682,1463,3200,1737
3683,1462,3200,1738
3684,1462,3200,1738
3685,1462,3200,1738
3686,1461,3200,1739
3687,1461,3200,1739
3688,1461,3200,1739
3689,1461,3200,1739
3690,1461,3200,1739
3691,1459,3200,1741
3692,1459,3200,1741
3693,1459,3200,1741
3694,1458,3200,1742
3695,1457,3200,1743
3696,1457,3200,1743
3697,1456,3200,1744
3698,1456,3200,1744
3699,1456,3200,1744
3700,1456,3200,1744
3701,1456,3200,1744
3702,1456,3200,1744
3703,1455,3200,1745
3704,1453,3200,1747
3705,1453,3200,1747
3706,1452,3200,1748
3707,1451,3200,1749
3708,1450,3200,1750
3709,1450,3200,1750
3710,1449,3200,1751
3711,1448,3200,1752
3712,1447,3200,1753
3713,1447,3200,1753
3714,1447,3200,1753
3715,1447,3200,1753
3716,1447,3200,1753
3717,1447,3200,1753
3718,1447,3200,1753
3719,1447,3200,1753
3720,1447,3200,1753
3721,1446,3200,1754
3722,1446,3200,1754
3723,1445,3200,1755
3724,1444,3200,1756
3725,1444,3200,1756
3726,1443,3200,1757
3727,1443,3200,1757
3728,1442,3200,1758
3729,1441,3200,1759
3730,1440,3200,1760
3731,1440,3200,1760
3732,1440,3200,1760
3733,1439,3200,1761
3734,1438,3200,1762
3735,1438,3200,1762
3736,1438,3200,1762
3737,1437,3200,1763
3738,1436,3200,1764
3739,1436,3200,1764
3740,1434,3200,1766
3741,1433,3200,1767
3742,1433,3200,1767
3743,1432,3200,1768
3744,1432,3200,1768
3745,1432,3200,1768
3746,1431,3200,1769
3747,1431,3200,1769
3748,1430,3200,1770
3749,1430,3200,1770
3750,1430,3200,1770
3751,1429,3200,1771
3752,1428,3200,1772
3753,1427,3200,1773
3754,1426,3200,1774
3755,1426,3200,1774
3756,1426,3200,1774
3757,1426,3200,1774
3758,1426,3200,1774
3759,1425,3200,1775
3760,1425,3200,1775
3761,1425,3200,1775
3762,1424,3200,1776
3763,1424,3200,1776
3764,1424,3200,1776
3765,1423,3200,1777
3766,1423,3200,1777
3767,1423,3200,1777
3768,1421,3200,1779
3769,1421,3200,1779
3770,1420,3200,1780
3771,1419,3200,1781
3772,1419,3200,1781
3773,1419,3200,1781
3774,1418,3200,1782
3775,1416,3200,1784
3776,1416,3200,1784
3777,1415,3200,1785
3778,1414,3200,1786
3779,1412,3200,1788
3780,1412,3200,1788
3781,1411,3200,1789
3782,1409,3200,1791
3783,1409,3200,1791
3784,1409,3200,1791
3785,1408,3200,1792
3786,1407,3200,1793
3787,1407,3200,1793
3788,1407,3200,1793
3789,1405,3200,1795
3790,1405,3200,1795
3791,1404,3200,1796
3792,1403,3200,1797
3793,1403,3200,1797
3794,1402,3200,1798
3795,1402,3200,1798
3796,1400,3200,1800
3797,1399,3200,1801
3798,1399,3200,1801
3799,1398,3200,1802
3800,1397,3200,1803
3801,1397,3200,1803
3802,1397,3200,1803
3803,1397,3200,1803
3804,1394,3200,1806
3805,1394,3200,1806
3806,1393,3200,1807
3807,1391,3200,1809
3808,1390,3200,1810
3809,1390,3200,1810
3810,1389,3200,1811
3811,1388,3200,1812
3812,1387,3200,1813
3813,1386,3200,1814
3814,1385,3200,1815
3815,1384,3200,1816
3816,1384,3200,1816
3817,1381,3200,1819
3818,1381,3200,1819
3819,1379,3200,1821
3820,1379,3200,1821
3821,1379,3200,1821
3822,1377,3200,1823
3823,1376,3200,1824
3824,1375,3200,1825
3825,1375,3200,1825
3826,1375,3200,1825
3827,1374,3200,1826
3828,1374,3200,1826
3829,1373,3200,1827
3830,1373,3200,1827
3831,1372,3200,1828
3832,1372,3200,1828
3833,1372,3200,1828
3834,1372,3200,1828
3835,1372,3200,1828
3836,1371,3200,1829
3837,1370,3200,1830
3838,1370,3200,1830
3839,1369,3200,1831
3840,1369,3200,1831
3841,1369,3200,1831
3842,1366,3200,1834
3843,1366,3200,1834
3844,1365,3200,1835
3845,1365,3200,1835
3846,1364,3200,1836
3847,1364,3200,1836
3848,1364,3200,1836
3849,1363,3200,1837
3850,1362,3200,1838
3851,1362,3200,1838
3852,1362,3200,1838
3853,1361,3200,1839
3854,1360,3200,1840
3855,1359,3200,1841
3856,1358,3200,1842
3857,1357,3200,1843
3858,1356,3200,1844
3859,1354,3200,1846
3860,1353,3200,1847
3861,1353,3200,1847
3862,1353,3200,1847
3863,1352,3200,1848
3864,1351,3200,1849
3865,1350,3200,1850
3866,1349,3200,1851
3867,1348,3200,1852
3868,1348,3200,1852
3869,1347,3200,1853
3870,1347,3200,1853
3871,1347,3200,1853
3872,1346,3200,1854
3873,1346,3200,1854
3874,1345,3200,1855
3875,1343,3200,1857
3876,1343,3200,1857
3877,1343,3200,1857
3878,1342,3200,1858
3879,1341,3200,1859
3880,1340,3200,1860
3881,1339,3200,1861
3882,1339,3200,1861
3883,1338,3200,1862
3884,1338,3200,1862
3885,1337,3200,1863
3886,1336,3200,1864
3887,1336,3200,1864
3888,1336,3200,1864
3889,1336,3200,1864
3890,1335,3200,1865
3891,1334,3200,1866
3892,1332,3200,1868
3893,1331,3200,1869
3894,1331,3200,1869
3895,1331,3200,1869
3896,1330,3200,1870
3897,1330,3200,1870
3898,1329,3200,1871
3899,1329,3200,1871
3900,1328,3200,1872
3901,1328,3200,1872
3902,1327,3200,1873
3903,1326,3200,1874
3904,1325,3200,1875
3905,1325,3200,1875
3906,1324,3200,1876
3907,1323,3200,1877
3908,1323,3200,1877
3909,1322,3200,1878
3910,1321,3200,1879
3911,1321,3200,1879
3912,1320,3200,1880
3913,1320,3200,1880
3914,1320,3200,1880
3915,1319,3200,1881
3916,1319,3200,1881
3917,1319,3200,1881
3918,1318,3200,1882
3919,1318,3200,1882
3920,1318,3200,1882
3921,1317,3200,1883
3922,1316,3200,1884
3923,1316,3200,1884
3924,1315,3200,1885
3925,1315,3200,1885
3926,1315,3200,1885
3927,1315,3200,1885
3928,1314,3200,1886
3929,1314,3200,1886
3930,1314,3200,1886
3931,1312,3200,1888
3932,1312,3200,1888
3933,1311,3200,1889
3934,1311,3200,1889
3935,1310,3200,1890
3936,1310,3200,1890
3937,1310,3200,1890
3938,1309,3200,1891
3939,1308,3200,1892
3940,1308,3200,1892
3941,1308,3200,1892
3942,1307,3200,1893
3943,1307,3200,1893
3944,1307,3200,1893
3945,1306,3200,1894
3946,1306,3200,1894
3947,1306,3200,1894
3948,1306,3200,1894
3949,1305,3200,1895
3950,1305,3200,1895
3951,1305,3200,1895
3952,1304,3200,1896
3953,1304,3200,1896
3954,1304,3200,1896
3955,1303,3200,1897
3956,1303,3200,1897
3957,1303,3200,1897
3958,1302,3200,1898
3959,1302,3200,1898
3960,1302,3200,1898
3961,1301,3200,1899
3962,1301,3200,1899
3963,1300,3200,1900
3964,1300,3200,1900
3965,1300,3200,1900
3966,1299,3200,1901
3967,1299,3200,1901
3968,1298,3200,1902
3969,1298,3200,1902
3970,1298,3200,1902
3971,1297,3200,1903
3972,1297,3200,1903
3973,1297,3200,1903
3974,1296,3200,1904
3975,1296,3200,1904
3976,1296,3200,1904
3977,1295,3200,1905
3978,1295,3200,1905
3979,1295,3200,1905
3980,1294,3200,1906
3981,1294,3200,1906
3982,1294,3200,1906
3983,1293,3200,1907
3984,1293,3200,1907
3985,1293,3200,1907
3986,1292,3200,1908
3987,1292,3200,1908
3988,1291,3200,1909
3989,1291,3200,1909
3990,1290,3200,1910
3991,1290,3200,1910
3992,1290,3200,1910
3993,1289,3200,1911
3994,1289,3200,1911
3995,1289,3200,1911
3996,1289,3200,1911
3997,1288,3200,1912
3998,1288,3200,1912
3999,1288,3200,1912
4000,1287,3200,1913
4001,1287,3200,1913
4002,1287,3200,1913
4003,1287,3200,1913
4004,1286,3200,1914
4005,1286,3200,1914
4006,1286,3200,1914
4007,1286,3200,1914
4008,1285,3200,1915
4009,1285,3200,1915
4010,1285,3200,1915
4011,1284,3200,1916
4012,1284,3200,1916
4013,1284,3200,1916
4014,1284,3200,1916
4015,1284,3200,1916
4016,1283,3200,1917
4017,1283,3200,1917
4018,1283,3200,1917
4019,1283,3200,1917
4020,1283,3200,1917
4021,1282,3200,1918
4022,1282,3200,1918
4023,1282,3200,1918
4024,1282,3200,1918
4025,1281,3200,1919
4026,1281,3200,1919
4027,1281,3200,1919
4028,1281,3200,1919
4029,1281,3200,1919
4030,1281,3200,1919
4031,1281,3200,1919
4032,1281,3200,1919
4033,1280,3200,1920
4034,1280,3200,1920
4035,1280,3200,1920
4036,1280,3200,1920
4037,1280,3200,1920
4038,1280,3200,1920
4039,1280,3200,1920
4040,1280,3200,1920
4041,1280,3200,1920
4042,1280,3200,1920
4043,1280,3200,1920
4044,1280,3200,1920
4045,1280,3200,1920
4046,1279,3200,1921
4047,1279,3200,1921
4048,1279,3200,1921
4049,1279,3200,1921
4050,1279,3200,1921
4051,1279,3200,1921
4052,1279,3200,1921
4053,1278,3200,1922
4054,1278,3200,1922
4055,1278,3200,1922
4056,1278,3200,1922
4057,1278,3200,1922
4058,1278,3200,1922
4059,1277,3200,1923
4060,1277,3200,1923
4061,1277,3200,1923
4062,1277,3200,1923
4063,1276,3200,1924
4064,1276,3200,1924
4065,1276,3200,1924
4066,1276,3200,1924
4067,1275,3200,1925
4068,1275,3200,1925
4069,1275,3200,1925
4070,1275,3200,1925
4071,1275,3200,1925
4072,1274,3200,1926
4073,1274,3200,1926
4074,1274,3200,1926
4075,1273,3200,1927
4076,1273,3200,1927
4077,1273,3200,1927
4078,1273,3200,1927
4079,1272,3200,1928
4080,1272,3200,1928
4081,1272,3200,1928
4082,1272,3200,1928
4083,1271,3200,1929
4084,1271,3200,1929
4085,1271,3200,1929
4086,1271,3200,1929
4087,1271,3200,1929
4088,1270,3200,1930
4089,1270,3200,1930
4090,1270,3200,1930
4091,1270,3200,1930
4092,1269,3200,1931
4093,1269,3200,1931
4094,1269,3200,1931
4095,1269,3200,1931
4096,1268,3200,1932
4097,1268,3200,1932
4098,1268,3200,1932
4099,1267,3200,1933
4100,1267,3200,1933
4101,1267,3200,1933
4102,1266,3200,1934
4103,1266,3200,1934
4104,1265,3200,1935
4105,1265,3200,1935
4106,1265,3200,1935
4107,1265,3200,1935
4108,1264,3200,1936
4109,1264,3200,1936
4110,1264,3200,1936
4111,1263,3200,1937
4112,1263,3200,1937
4113,1263,3200,1937
4114,1263,3200,1937
4115,1262,3200,1938
4116,1262,3200,1938
4117,1262,3200,1938
4118,1261,3200,1939
4119,1261,3200,1939
4120,1261,3200,1939
4121,1261,3200,1939
4122,1260,3200,1940
4123,1260,3200,1940
4124,1260,3200,1940
4125,1259,3200,1941
4126,1259,3200,1941
4127,1258,3200,1942
4128,1258,3200,1942
4129,1258,3200,1942
4130,1257,3200,1943
4131,1257,3200,1943
4132,1257,3200,1943
4133,1256,3200,1944
4134,1256,3200,1944
4135,1256,3200,1944
4136,1256,3200,1944
4137,1255,3200,1945
4138,1255,3200,1945
4139,1255,3200,1945
4140,1254,3200,1946
4141,1254,3200,1946
4142,1254,3200,1946
4143,1253,3200,1947
4144,1253,3200,1947
4145,1253,3200,1947
4146,1252,3200,1948
4147,1252,3200,1948
4148,1252,3200,1948
4149,1251,3200,1949
4150,1251,3200,1949
4151,1251,3200,1949
4152,1251,3200,1949
4153,1250,3200,1950
4154,1250,3200,1950
4155,1249,3200,1951
4156,1249,3200,1951
4157,1248,3200,1952
4158,1248,3200,1952
4159,1247,3200,1953
4160,1247,3200,1953
4161,1247,3200,1953
4162,1246,3200,1954
4163,1246,3200,1954
4164,1245,3200,1955
4165,1244,3200,1956
4166,1243,3200,1957
4167,1243,3200,1957
4168,1243,3200,1957
4169,1242,3200,1958
4170,1242,3200,1958
4171,1242,3200,1958
4172,1241,3200,1959
4173,1241,3200,1959
4174,1240,3200,1960
4175,1240,3200,1960
4176,1240,3200,1960
4177,1240,3200,1960
4178,1240,3200,1960
4179,1240,3200,1960
4180,1239,3200,1961
4181,1239,3200,1961
4182,1239,3200,1961
4183,1239,3200,1961
4184,1239,3200,1961
4185,1238,3200,1962
4186,1238,3200,1962
4187,1238,3200,1962
4188,1238,3200,1962
4189,1238,3200,1962
4190,1237,3200,1963
4191,1237,3200,1963
4192,1237,3200,1963
4193,1237,3200,1963
4194,1236,3200,1964
4195,1236,3200,1964
4196,1236,3200,1964
4197,1236,3200,1964
4198,1235,3200,1965
4199,1235,3200,1965
4200,1235,3200,1965
4201,1234,3200,1966
4202,1234,3200,1966
4203,1234,3200,1966
4204,1233,3200,1967
4205,1233,3200,1967
4206,1233,3200,1967
4207,1232,3200,1968
4208,1232,3200,1968
4209,1231,3200,1969
4210,1231,3200,1969
4211,1230,3200,1970
4212,1230,3200,1970
4213,1229,3200,1971
4214,1229,3200,1971
4215,1229,3200,1971
4216,1228,3200,1972
4217,1228,3200,1972
4218,1228,3200,1972
4219,1227,3200,1973
4220,1227,3200,1973
4221,1226,3200,1974
4222,1226,3200,1974
4223,1226,3200,1974
4224,1225,3200,1975
4225,1225,3200,1975
4226,1224,3200,1976
4227,1224,3200,1976
4228,1224,3200,1976
4229,1223,3200,1977
4230,1223,3200,1977
4231,1223,3200,1977
4232,1223,3200,1977
4233,1222,3200,1978
4234,1222,3200,1978
4235,1222,3200,1978
4236,1222,3200,1978
4237,1222,3200,1978
4238,1221,3200,1979
4239,1221,3200,1979
4240,1221,3200,1979
4241,1221,3200,1979
4242,1221,3200,1979
4243,1220,3200,1980
4244,1220,3200,1980
4245,1220,3200,1980
4246,1220,3200,1980
4247,1219,3200,1981
4248,1219,3200,1981
4249,1219,3200,1981
4250,1219,3200,1981
4251,1219,3200,1981
4252,1219,3200,1981
4253,1218,3200,1982
4254,1218,3200,1982
4255,1217,3200,1983
4256,1217,3200,1983
4257,1216,3200,1984
4258,1216,3200,1984
4259,1216,3200,1984
4260,1216,3200,1984
4261,1214,3200,1986
4262,1214,3200,1986
4263,1214,3200,1986
4264,1214,3200,1986
4265,1214,3200,1986
4266,1213,3200,1987
4267,1213,3200,1987
4268,1213,3200,1987
4269,1212,3200,1988
4270,1212,3200,1988
4271,1212,3200,1988
4272,1211,3200,1989
4273,1210,3200,1990
4274,1209,3200,1991
4275,1209,3200,1991
4276,1208,3200,1992
4277,1208,3200,1992
4278,1207,3200,1993
4279,1205,3200,1995
4280,1205,3200,1995
4281,1204,3200,1996
4282,1204,3200,1996
4283,1204,3200,1996
4284,1203,3200,1997
4285,1202,3200,1998
4286,1201,3200,1999
4287,1200,3200,2000
4288,1200,3200,2000
4289,1200,3200,2000
4290,1200,3200,2000
4291,1199,3200,2001
4292,1198,3200,2002
4293,1198,3200,2002
4294,1196,3200,2004
4295,1196,3200,2004
4296,1196,3200,2004
4297,1194,3200,2006
4298,1194,3200,2006
4299,1193,3200,2007
4300,1192,3200,2008
4301,1191,3200,2009
4302,1191,3200,2009
4303,1190,3200,2010
4304,1190,3200,2010
4305,1190,3200,2010
4306,1190,3200,2010
4307,1189,3200,2011
4308,1189,3200,2011
4309,1189,3200,2011
4310,1189,3200,2011
4311,1188,3200,2012
4312,1188,3200,2012
4313,1187,3200,2013
4314,1187,3200,2013
4315,1186,3200,2014
4316,1186,3200,2014
4317,1185,3200,2015
4318,1185,3200,2015
4319,1185,3200,2015
4320,1184,3200,2016
4321,1184,3200,2016
4322,1184,3200,2016
4323,1184,3200,2016
4324,1184,3200,2016
4325,1183,3200,2017
4326,1183,3200,2017
4327,1182,3200,2018
4328,1182,3200,2018
4329,1182,3200,2018
4330,1181,3200,2019
4331,1181,3200,2019
4332,1181,3200,2019
4333,1181,3200,2019
4334,1180,3200,2020
4335,1180,3200,2020
4336,1180,3200,2020
4337,1178,3200,2022
4338,1178,3200,2022
4339,1178,3200,2022
4340,1178,3200,2022
4341,1176,3200,2024
4342,1176,3200,2024
4343,1175,3200,2025
4344,1174,3200,2026
4345,1174,3200,2026
4346,1174,3200,2026
4347,1174,3200,2026
4348,1173,3200,2027
4349,1172,3200,2028
4350,1172,3200,2028
4351,1170,3200,2030
4352,1170,3200,2030
4353,1170,3200,2030
4354,1168,3200,2032
4355,1168,3200,2032
4356,1168,3200,2032
4357,1166,3200,2034
4358,1166,3200,2034
4359,1165,3200,2035
4360,1164,3200,2036
4361,1163,3200,2037
4362,1162,3200,2038
4363,1162,3200,2038
4364,1162,3200,2038
4365,1162,3200,2038
4366,1161,3200,2039
4367,1161,3200,2039
4368,1161,3200,2039
4369,1161,3200,2039
4370,1161,3200,2039
4371,1160,3200,2040
4372,1160,3200,2040
4373,1160,3200,2040
4374,1160,3200,2040
4375,1159,3200,2041
4376,1159,3200,2041
4377,1159,3200,2041
4378,1158,3200,2042
4379,1157,3200,2043
4380,1157,3200,2043
4381,1156,3200,2044
4382,1155,3200,2045
4383,1155,3200,2045
4384,1155,3200,2045
4385,1155,3200,2045
4386,1154,3200,2046
4387,1153,3200,2047
4388,1153,3200,2047
4389,1153,3200,2047
4390,1151,3200,2049
4391,1151,3200,2049
4392,1151,3200,2049
4393,1150,3200,2050
4394,1149,3200,2051
4395,1149,3200,2051
4396,1148,3200,2052
4397,1147,3200,2053
4398,1147,3200,2053
4399,1147,3200,2053
4400,1147,3200,2053
4401,1146,3200,2054
4402,1146,3200,2054
4403,1145,3200,2055
4404,1145,3200,2055
4405,1144,3200,2056
4406,1144,3200,2056
4407,1143,3200,2057
4408,1143,3200,2057
4409,1141,3200,2059
4410,1141,3200,2059
4411,1141,3200,2059
4412,1140,3200,2060
4413,1140,3200,2060
4414,1140,3200,2060
4415,1140,3200,2060
4416,1140,3200,2060
4417,1139,3200,2061
4418,1139,3200,2061
4419,1139,3200,2061
4420,1138,3200,2062
4421,1138,3200,2062
4422,1137,3200,2063
4423,1136,3200,2064
4424,1135,3200,2065
4425,1135,3200,2065
4426,1134,3200,2066
4427,1133,3200,2067
4428,1133,3200,2067
4429,1131,3200,2069
4430,1131,3200,2069
4431,1131,3200,2069
4432,1129,3200,2071
4433,1129,3200,2071
4434,1128,3200,2072
4435,1127,3200,2073
4436,1127,3200,2073
4437,1126,3200,2074
4438,1126,3200,2074
4439,1126,3200,2074
4440,1126,3200,2074
4441,1124,3200,2076
4442,1124,3200,2076
4443,1123,3200,2077
4444,1122,3200,2078
4445,1122,3200,2078
4446,1121,3200,2079
4447,1121,3200,2079
4448,1120,3200,2080
4449,1120,3200,2080
4450,1119,3200,2081
4451,1118,3200,2082
4452,1117,3200,2083
4453,1116,3200,2084
4454,1116,3200,2084
4455,1116,3200,2084
4456,1115,3200,2085
4457,1114,3200,2086
4458,1114,3200,2086
4459,1113,3200,2087
4460,1112,3200,2088
4461,1111,3200,2089
4462,1111,3200,2089
4463,1111,3200,2089
4464,1110,3200,2090
4465,1110,3200,2090
4466,1110,3200,2090
4467,1109,3200,2091
4468,1109,3200,2091
4469,1109,3200,2091
4470,1109,3200,2091
4471,1109,3200,2091
4472,1108,3200,2092
4473,1108,3200,2092
4474,1107,3200,2093
4475,1107,3200,2093
4476,1107,3200,2093
4477,1106,3200,2094
4478,1104,3200,2096
4479,1104,3200,2096
4480,1103,3200,2097
4481,1103,3200,2097
4482,1102,3200,2098
4483,1101,3200,2099
4484,1101,3200,2099
4485,1101,3200,2099
4486,1100,3200,2100
4487,1100,3200,2100
4488,1100,3200,2100
4489,1099,3200,2101
4490,1099,3200,2101
4491,1099,3200,2101
4492,1098,3200,2102
4493,1098,3200,2102
4494,1098,3200,2102
4495,1097,3200,2103
4496,1096,3200,2104
4497,1095,3200,2105
4498,1095,3200,2105
4499,1094,3200,2106
4500,1094,3200,2106
4501,1093,3200,2107
4502,1093,3200,2107
4503,1092,3200,2108
4504,1091,3200,2109
4505,1091,3200,2109
4506,1090,3200,2110
4507,1089,3200,2111
4508,1089,3200,2111
4509,1089,3200,2111
4510,1088,3200,2112
4511,1088,3200,2112
4512,1087,3200,2113
4513,1087,3200,2113
4514,1087,3200,2113
4515,1087,3200,2113
4516,1086,3200,2114
4517,1086,3200,2114
4518,1086,3200,2114
4519,1086,3200,2114
4520,1085,3200,2115
4521,1084,3200,2116
4522,1083,3200,2117
4523,1083,3200,2117
4524,1082,3200,2118
4525,1082,3200,2118
4526,1082,3200,2118
4527,1081,3200,2119
4528,1081,3200,2119
4529,1081,3200,2119
4530,1081,3200,2119
4531,1079,3200,2121
4532,1079,3200,2121
4533,1078,3200,2122
4534,1078,3200,2122
4535,1076,3200,2124
4536,1076,3200,2124
4537,1076,3200,2124
4538,1075,3200,2125
4539,1074,3200,2126
4540,1074,3200,2126
4541,1073,3200,2127
4542,1073,3200,2127
4543,1072,3200,2128
4544,1071,3200,2129
4545,1071,3200,2129
4546,1070,3200,2130
4547,1070,3200,2130
4548,1070,3200,2130
4549,1070,3200,2130
4550,1069,3200,2131
4551,1069,3200,2131
4552,1069,3200,2131
4553,1068,3200,2132
4554,1067,3200,2133
4555,1067,3200,2133
4556,1066,3200,2134
4557,1066,3200,2134
4558,1065,3200,2135
4559,1065,3200,2135
4560,1064,3200,2136
4561,1063,3200,2137
4562,1063,3200,2137
4563,1061,3200,2139
4564,1061,3200,2139
4565,1061,3200,2139
4566,1059,3200,2141
4567,1059,3200,2141
4568,1059,3200,2141
4569,1058,3200,2142
4570,1057,3200,2143
4571,1057,3200,2143
4572,1057,3200,2143
4573,1057,3200,2143
4574,1057,3200,2143
4575,1057,3200,2143
4576,1056,3200,2144
4577,1056,3200,2144
4578,1056,3200,2144
4579,1055,3200,2145
4580,1054,3200,2146
4581,1054,3200,2146
4582,1054,3200,2146
4583,1054,3200,2146
4584,1054,3200,2146
4585,1053,3200,2147
4586,1052,3200,2148
4587,1052,3200,2148
4588,1052,3200,2148
4589,1052,3200,2148
4590,1051,3200,2149
4591,1050,3200,2150
4592,1050,3200,2150
4593,1050,3200,2150
4594,1048,3200,2152
4595,1048,3200,2152
4596,1048,3200,2152
4597,1048,3200,2152
4598,1047,3200,2153
4599,1047,3200,2153
4600,1046,3200,2154
4601,1046,3200,2154
4602,1045,3200,2155
4603,1045,3200,2155
4604,1045,3200,2155
4605,1044,3200,2156
4606,1042,3200,2158
4607,1042,3200,2158
4608,1042,3200,2158
4609,1041,3200,2159
4610,1041,3200,2159
4611,1041,3200,2159
4612,1040,3200,2160
4613,1040,3200,2160
4614,1040,3200,2160
4615,1040,3200,2160
4616,1039,3200,2161
4617,1038,3200,2162
4618,1038,3200,2162
4619,1036,3200,2164
4620,1036,3200,2164
4621,1034,3200,2166
4622,1034,3200,2166
4623,1034,3200,2166
4624,1034,3200,2166
4625,1033,3200,2167
4626,1033,3200,2167
4627,1032,3200,2168
4628,1032,3200,2168
4629,1031,3200,2169
4630,1030,3200,2170
4631,1030,3200,2170
4632,1028,3200,2172
4633,1028,3200,2172
4634,1027,3200,2173
4635,1026,3200,2174
4636,1026,3200,2174
4637,1026,3200,2174
4638,1024,3200,2176
4639,1024,3200,2176
4640,1023,3200,2177
4641,1022,3200,2178
4642,1022,3200,2178
4643,1021,3200,2179
4644,1020,3200,2180
4645,1020,3200,2180
4646,1020,3200,2180
4647,1019,3200,2181
4648,1019,3200,2181
4649,1019,3200,2181
4650,1017,3200,2183
4651,1017,3200,2183
4652,1017,3200,2183
4653,1017,3200,2183
4654,1016,3200,2184
4655,1015,3200,2185
4656,1015,3200,2185
4657,1015,3200,2185
4658,1015,3200,2185
4659,1015,3200,2185
4660,1013,3200,2187
4661,1013,3200,2187
4662,1013,3200,2187
4663,1012,3200,2188
4664,1011,3200,2189
4665,1011,3200,2189
4666,1010,3200,2190
4667,1010,3200,2190
4668,1009,3200,2191
4669,1009,3200,2191
4670,1008,3200,2192
4671,1008,3200,2192
4672,1006,3200,2194
4673,1006,3200,2194
4674,1006,3200,2194
4675,1005,3200,2195
4676,1004,3200,2196
4677,1004,3200,2196
4678,1003,3200,2197
4679,1002,3200,2198
4680,1000,3200,2200
4681,1000,3200,2200
4682,1000,3200,2200
4683,998,3200,2202
4684,998,3200,2202
4685,998,3200,2202
4686,998,3200,2202
4687,997,3200,2203
4688,997,3200,2203
4689,996,3200,2204
4690,996,3200,2204
4691,995,3200,2205
4692,994,3200,2206
4693,994,3200,2206
4694,993,3200,2207
4695,993,3200,2207
4696,993,3200,2207
4697,991,3200,2209
4698,991,3200,2209
4699,991,3200,2209
4700,990,3200,2210
4701,989,3200,2211
4702,989,3200,2211
4703,988,3200,2212
4704,987,3200,2213
4705,986,3200,2214
4706,986,3200,2214
4707,986,3200,2214
4708,986,3200,2214
4709,986,3200,2214
4710,984,3200,2216
4711,983,3200,2217
4712,983,3200,2217
4713,982,3200,2218
4714,982,3200,2218
4715,982,3200,2218
4716,982,3200,2218
4717,981,3200,2219
4718,980,3200,2220
4719,980,3200,2220
4720,980,3200,2220
4721,979,3200,2221
4722,979,3200,2221
4723,979,3200,2221
4724,978,3200,2222
4725,978,3200,2222
4726,978,3200,2222
4727,977,3200,2223
4728,976,3200,2224
4729,975,3200,2225
4730,974,3200,2226
4731,974,3200,2226
4732,973,3200,2227
4733,973,3200,2227
4734,973,3200,2227
4735,972,3200,2228
4736,972,3200,2228
4737,971,3200,2229
4738,971,3200,2229
4739,971,3200,2229
4740,971,3200,2229
4741,969,3200,2231
4742,969,3200,2231
4743,969,3200,2231
4744,969,3200,2231
4745,967,3200,2233
4746,967,3200,2233
4747,967,3200,2233
4748,966,3200,2234
4749,966,3200,2234
4750,966,3200,2234
4751,965,3200,2235
4752,965,3200,2235
4753,964,3200,2236
4754,964,3200,2236
4755,964,3200,2236
4756,964,3200,2236
4757,963,3200,2237
4758,963,3200,2237
4759,962,3200,2238
4760,961,3200,2239
4761,961,3200,2239
4762,960,3200,2240
4763,959,3200,2241
4764,959,3200,2241
4765,959,3200,2241
4766,959,3200,2241
4767,958,3200,2242
4768,958,3200,2242
4769,958,3200,2242
4770,957,3200,2243
4771,957,3200,2243
4772,955,3200,2245
4773,955,3200,2245
4774,955,3200,2245
4775,953,3200,2247
4776,952,3200,2248
4777,952,3200,2248
4778,951,3200,2249
4779,951,3200,2249
4780,950,3200,2250
4781,949,3200,2251
4782,948,3200,2252
4783,947,3200,2253
4784,946,3200,2254
4785,946,3200,2254
4786,946,3200,2254
4787,945,3200,2255
4788,944,3200,2256
4789,943,3200,2257
4790,943,3200,2257
4791,943,3200,2257
4792,943,3200,2257
4793,942,3200,2258
4794,942,3200,2258
4795,941,3200,2259
4796,941,3200,2259
4797,941,3200,2259
4798,939,3200,2261
4799,938,3200,2262
4800,938,3200,2262
4801,938,3200,2262
4802,938,3200,2262
4803,937,3200,2263
4804,937,3200,2263
4805,937,3200,2263
4806,937,3200,2263
4807,937,3200,2263
4808,936,3200,2264
4809,936,3200,2264
4810,936,3200,2264
4811,935,3200,2265
4812,935,3200,2265
4813,934,3200,2266
4814,932,3200,2268
4815,932,3200,2268
4816,932,3200,2268
4817,930,3200,2270
4818,930,3200,2270
4819,930,3200,2270
4820,930,3200,2270
4821,929,3200,2271
4822,929,3200,2271
4823,928,3200,2272
4824,927,3200,2273
4825,927,3200,2273
4826,927,3200,2273
4827,926,3200,2274
4828,925,3200,2275
4829,924,3200,2276
4830,924,3200,2276
4831,923,3200,2277
4832,923,3200,2277
4833,922,3200,2278
4834,921,3200,2279
4835,921,3200,2279
4836,920,3200,2280
4837,920,3200,2280
4838,919,3200,2281
4839,919,3200,2281
4840,919,3200,2281
4841,918,3200,2282
4842,918,3200,2282
4843,917,3200,2283
4844,916,3200,2284
4845,915,3200,2285
4846,915,3200,2285
4847,913,3200,2287
4848,913,3200,2287
4849,913,3200,2287
4850,913,3200,2287
4851,912,3200,2288
4852,912,3200,2288
4853,912,3200,2288
4854,912,3200,2288
4855,911,3200,2289
4856,911,3200,2289
4857,910,3200,2290
4858,910,3200,2290
4859,909,3200,2291
4860,908,3200,2292
4861,908,3200,2292
4862,907,3200,2293
4863,907,3200,2293
4864,907,3200,2293
4865,907,3200,2293
4866,905,3200,2295
4867,905,3200,2295
4868,905,3200,2295
4869,904,3200,2296
4870,902,3200,2298
4871,902,3200,2298
4872,900,3200,2300
4873,900,3200,2300
4874,900,3200,2300
4875,898,3200,2302
4876,898,3200,2302
4877,898,3200,2302
4878,896,3200,2304
4879,896,3200,2304
4880,896,3200,2304
4881,896,3200,2304
4882,896,3200,2304
4883,895,3200,2305
4884,894,3200,2306
4885,894,3200,2306
4886,894,3200,2306
4887,894,3200,2306
4888,892,3200,2308
4889,891,3200,2309
4890,891,3200,2309
4891,891,3200,2309
4892,891,3200,2309
4893,890,3200,2310
4894,890,3200,2310
4895,890,3200,2310
4896,890,3200,2310
4897,890,3200,2310
4898,889,3200,2311
4899,888,3200,2312
4900,888,3200,2312
4901,888,3200,2312
4902,887,3200,2313
4903,887,3200,2313
4904,885,3200,2315
4905,885,3200,2315
4906,885,3200,2315
4907,885,3200,2315
4908,884,3200,2316
4909,883,3200,2317
4910,882,3200,2318
4911,882,3200,2318
4912,882,3200,2318
4913,881,3200,2319
4914,881,3200,2319
4915,880,3200,2320
4916,879,3200,2321
4917,879,3200,2321
4918,879,3200,2321
4919,878,3200,2322
4920,878,3200,2322
4921,878,3200,2322
4922,877,3200,2323
4923,876,3200,2324
4924,876,3200,2324
4925,875,3200,2325
4926,874,3200,2326
4927,874,3200,2326
4928,873,3200,2327
4929,872,3200,2328
4930,872,3200,2328
4931,871,3200,2329
4932,870,3200,2330
4933,869,3200,2331
4934,869,3200,2331
4935,869,3200,2331
4936,868,3200,2332
4937,868,3200,2332
4938,868,3200,2332
4939,866,3200,2334
4940,866,3200,2334
4941,866,3200,2334
4942,866,3200,2334
4943,865,3200,2335
4944,865,3200,2335
4945,865,3200,2335
4946,864,3200,2336
4947,864,3200,2336
4948,864,3200,2336
4949,862,3200,2338
4950,862,3200,2338
4951,861,3200,2339
4952,860,3200,2340
4953,860,3200,2340
4954,859,3200,2341
4955,859,3200,2341
4956,858,3200,2342
4957,858,3200,2342
4958,857,3200,2343
4959,857,3200,2343
4960,856,3200,2344
4961,855,3200,2345
4962,855,3200,2345
4963,854,3200,2346
4964,853,3200,2347
4965,853,3200,2347
4966,853,3200,2347
4967,851,3200,2349
4968,851,3200,2349
4969,851,3200,2349
4970,851,3200,2349
4971,850,3200,2350
4972,850,3200,2350
4973,850,3200,2350
4974,850,3200,2350
4975,849,3200,2351
4976,848,3200,2352
4977,848,3200,2352
4978,847,3200,2353
4979,846,3200,2354
4980,846,3200,2354
4981,845,3200,2355
4982,845,3200,2355
4983,844,3200,2356
4984,844,3200,2356
4985,844,3200,2356
4986,843,3200,2357
4987,842,3200,2358
4988,841,3200,2359
4989,840,3200,2360
4990,840,3200,2360
4991,839,3200,2361
4992,839,3200,2361
4993,839,3200,2361
4994,839,3200,2361
4995,838,3200,2362
4996,838,3200,2362
4997,838,3200,2362
4998,838,3200,2362
4999,837,3200,2363
5000,837,3200,2363
5001,837,3200,2363
5002,837,3200,2363
5003,836,3200,2364
5004,836,3200,2364
5005,835,3200,2365
5006,835,3200,2365
5007,833,3200,2367
5008,833,3200,2367
5009,832,3200,2368
5010,832,3200,2368
5011,832,3200,2368
5012,831,3200,2369
5013,830,3200,2370
5014,830,3200,2370
5015,829,3200,2371
5016,829,3200,2371
5017,827,3200,2373
5018,827,3200,2373
5019,827,3200,2373
5020,826,3200,2374
5021,825,3200,2375
5022,825,3200,2375
5023,824,3200,2376
5024,823,3200,2377
5025,823,3200,2377
5026,823,3200,2377
5027,823,3200,2377
5028,823,3200,2377
5029,823,3200,2377
5030,823,3200,2377
5031,822,3200,2378
5032,822,3200,2378
5033,822,3200,2378
5034,822,3200,2378
5035,822,3200,2378
5036,822,3200,2378
5037,821,3200,2379
5038,821,3200,2379
5039,821,3200,2379
5040,820,3200,2380
5041,820,3200,2380
5042,820,3200,2380
5043,819,3200,2381
5044,818,3200,2382
5045,817,3200,2383
5046,817,3200,2383
5047,816,3200,2384
5048,815,3200,2385
5049,815,3200,2385
5050,814,3200,2386
5051,814,3200,2386
5052,813,3200,2387
5053,813,3200,2387
5054,812,3200,2388
5055,812,3200,2388
5056,811,3200,2389
5057,810,3200,2390
5058,810,3200,2390
5059,809,3200,2391
5060,809,3200,2391
5061,808,3200,2392
5062,808,3200,2392
5063,807,3200,2393
5064,807,3200,2393
5065,806,3200,2394
5066,806,3200,2394
5067,805,3200,2395
5068,803,3200,2397
5069,803,3200,2397
5070,803,3200,2397
5071,802,3200,2398
5072,801,3200,2399
5073,801,3200,2399
5074,799,3200,2401
5075,799,3200,2401
5076,799,3200,2401
5077,798,3200,2402
5078,797,3200,2403
5079,796,3200,2404
5080,795,3200,2405
5081,795,3200,2405
5082,793,3200,2407
5083,793,3200,2407
5084,792,3200,2408
5085,791,3200,2409
5086,791,3200,2409
5087,789,3200,2411
5088,788,3200,2412
5089,788,3200,2412
5090,788,3200,2412
5091,787,3200,2413
5092,787,3200,2413
5093,787,3200,2413
5094,787,3200,2413
5095,787,3200,2413
5096,786,3200,2414
5097,786,3200,2414
5098,786,3200,2414
5099,786,3200,2414
5100,785,3200,2415
5101,784,3200,2416
5102,784,3200,2416
5103,781,3200,2419
5104,780,3200,2420
5105,780,3200,2420
5106,779,3200,2421
5107,779,3200,2421
5108,779,3200,2421
5109,778,3200,2422
5110,777,3200,2423
5111,777,3200,2423
5112,775,3200,2425
5113,774,3200,2426
5114,774,3200,2426
5115,774,3200,2426
5116,772,3200,2428
5117,772,3200,2428
5118,772,3200,2428
5119,771,3200,2429
5120,771,3200,2429
5121,771,3200,2429
5122,769,3200,2431
5123,769,3200,2431
5124,769,3200,2431
5125,768,3200,2432
5126,768,3200,2432
5127,766,3200,2434
5128,766,3200,2434
5129,765,3200,2435
5130,765,3200,2435
5131,764,3200,2436
5132,763,3200,2437
5133,762,3200,2438
5134,762,3200,2438
5135,761,3200,2439
5136,761,3200,2439
5137,759,3200,2441
5138,759,3200,2441
5139,758,3200,2442
5140,757,3200,2443
5141,757,3200,2443
5142,756,3200,2444
5143,756,3200,2444
5144,755,3200,2445
5145,754,3200,2446
5146,754,3200,2446
5147,753,3200,2447
5148,752,3200,2448
5149,751,3200,2449
5150,751,3200,2449
5151,751,3200,2449
5152,750,3200,2450
5153,749,3200,2451
5154,749,3200,2451
5155,749,3200,2451
5156,747,3200,2453
5157,746,3200,2454
5158,746,3200,2454
5159,746,3200,2454
5160,746,3200,2454
5161,746,3200,2454
5162,745,3200,2455
5163,745,3200,2455
5164,744,3200,2456
5165,744,3200,2456
5166,743,3200,2457
5167,742,3200,2458
5168,742,3200,2458
5169,741,3200,2459
5170,740,3200,2460
5171,739,3200,2461
5172,738,3200,2462
5173,738,3200,2462
5174,737,3200,2463
5175,736,3200,2464
5176,734,3200,2466
5177,734,3200,2466
5178,734,3200,2466
5179,732,3200,2468
5180,732,3200,2468
5181,730,3200,2470
5182,730,3200,2470
5183,729,3200,2471
5184,728,3200,2472
5185,728,3200,2472
5186,728,3200,2472
5187,727,3200,2473
5188,726,3200,2474
5189,726,3200,2474
5190,723,3200,2477
5191,723,3200,2477
5192,723,3200,2477
5193,722,3200,2478
5194,722,3200,2478
5195,721,3200,2479
5196,719,3200,2481
5197,717,3200,2483
5198,717,3200,2483
5199,716,3200,2484
5200,716,3200,2484
5201,715,3200,2485
5202,714,3200,2486
5203,713,3200,2487
5204,713,3200,2487
5205,712,3200,2488
5206,711,3200,2489
5207,710,3200,2490
5208,710,3200,2490
5209,709,3200,2491
5210,709,3200,2491
5211,709,3200,2491
5212,708,3200,2492
5213,707,3200,2493
5214,707,3200,2493
5215,707,3200,2493
5216,705,3200,2495
5217,705,3200,2495
5218,703,3200,2497
5219,703,3200,2497
5220,701,3200,2499
5221,700,3200,2500
5222,699,3200,2501
5223,697,3200,2503
5224,697,3200,2503
5225,697,3200,2503
5226,697,3200,2503
5227,695,3200,2505
5228,695,3200,2505
5229,695,3200,2505
5230,694,3200,2506
5231,693,3200,2507
5232,693,3200,2507
5233,691,3200,2509
5234,691,3200,2509
5235,690,3200,2510
5236,689,3200,2511
5237,689,3200,2511
5238,689,3200,2511
5239,689,3200,2511
5240,687,3200,2513
5241,686,3200,2514
5242,685,3200,2515
5243,683,3200,2517
5244,683,3200,2517
5245,683,3200,2517
5246,682,3200,2518
5247,682,3200,2518
5248,682,3200,2518
5249,681,3200,2519
5250,681,3200,2519
5251,679,3200,2521
5252,679,3200,2521
5253,678,3200,2522
5254,678,3200,2522
5255,677,3200,2523
5256,676,3200,2524
5257,676,3200,2524
5258,674,3200,2526
5259,674,3200,2526
5260,672,3200,2528
5261,671,3200,2529
5262,671,3200,2529
5263,669,3200,2531
5264,668,3200,2532
5265,668,3200,2532
5266,666,3200,2534
5267,666,3200,2534
5268,665,3200,2535
5269,664,3200,2536
5270,664,3200,2536
5271,663,3200,2537
5272,662,3200,2538
5273,661,3200,2539
5274,661,3200,2539
5275,660,3200,2540
5276,659,3200,2541
5277,658,3200,2542
5278,658,3200,2542
5279,657,3200,2543
5280,655,3200,2545
5281,655,3200,2545
5282,655,3200,2545
5283,654,3200,2546
5284,653,3200,2547
5285,653,3200,2547
5286,652,3200,2548
5287,651,3200,2549
5288,650,3200,2550
5289,649,3200,2551
5290,649,3200,2551
5291,647,3200,2553
5292,647,3200,2553
5293,646,3200,2554
5294,645,3200,2555
5295,645,3200,2555
5296,644,3200,2556
5297,642,3200,2558
5298,640,3200,2560
5299,639,3200,2561
5300,639,3200,2561
5301,638,3200,2562
5302,638,3200,2562
5303,637,3200,2563
5304,637,3200,2563
5305,636,3200,2564
5306,636,3200,2564
5307,634,3200,2566
5308,633,3200,2567
5309,632,3200,2568
5310,631,3200,2569
5311,630,3200,2570
5312,630,3200,2570
5313,629,3200,2571
5314,628,3200,2572
5315,628,3200,2572
5316,628,3200,2572
5317,627,3200,2573
5318,626,3200,2574
5319,626,3200,2574
5320,625,3200,2575
5321,625,3200,2575
5322,624,3200,2576
5323,624,3200,2576
5324,624,3200,2576
5325,622,3200,2578
5326,621,3200,2579
5327,620,3200,2580
5328,620,3200,2580
5329,620,3200,2580
5330,619,3200,2581
5331,617,3200,2583
5332,617,3200,2583
5333,615,3200,2585
5334,615,3200,2585
5335,615,3200,2585
5336,613,3200,2587
5337,613,3200,2587
5338,612,3200,2588
5339,610,3200,2590
5340,609,3200,2591
5341,609,3200,2591
5342,608,3200,2592
5343,606,3200,2594
5344,606,3200,2594
5345,605,3200,2595
5346,604,3200,2596
5347,604,3200,2596
5348,602,3200,2598
5349,602,3200,2598
5350,601,3200,2599
5351,601,3200,2599
5352,600,3200,2600
5353,599,3200,2601
5354,598,3200,2602
5355,598,3200,2602
5356,596,3200,2604
5357,595,3200,2605
5358,594,3200,2606
5359,594,3200,2606
5360,594,3200,2606
5361,594,3200,2606
5362,593,3200,2607
5363,591,3200,2609
5364,589,3200,2611
5365,589,3200,2611
5366,589,3200,2611
5367,589,3200,2611
5368,588,3200,2612
5369,587,3200,2613
5370,586,3200,2614
5371,585,3200,2615
5372,584,3200,2616
5373,584,3200,2616
5374,582,3200,2618
5375,582,3200,2618
5376,582,3200,2618
5377,580,3200,2620
5378,580,3200,2620
5379,579,3200,2621
5380,579,3200,2621
5381,578,3200,2622
5382,578,3200,2622
5383,577,3200,2623
5384,577,3200,2623
5385,577,3200,2623
5386,576,3200,2624
5387,576,3200,2624
5388,575,3200,2625
5389,575,3200,2625
5390,574,3200,2626
5391,574,3200,2626
5392,573,3200,2627
5393,572,3200,2628
5394,572,3200,2628
5395,571,3200,2629
5396,569,3200,2631
5397,568,3200,2632
5398,566,3200,2634
5399,566,3200,2634
5400,566,3200,2634
5401,565,3200,2635
5402,565,3200,2635
5403,565,3200,2635
5404,565,3200,2635
5405,564,3200,2636
5406,563,3200,2637
5407,563,3200,2637
5408,561,3200,2639
5409,561,3200,2639
5410,561,3200,2639
5411,560,3200,2640
5412,560,3200,2640
5413,559,3200,2641
5414,558,3200,2642
5415,557,3200,2643
5416,556,3200,2644
5417,555,3200,2645
5418,555,3200,2645
5419,555,3200,2645
5420,555,3200,2645
5421,555,3200,2645
5422,555,3200,2645
5423,555,3200,2645
5424,555,3200,2645
5425,555,3200,2645
5426,555,3200,2645
5427,555,3200,2645
5428,554,3200,2646
5429,552,3200,2648
5430,552,3200,2648
5431,552,3200,2648
5432,552,3200,2648
5433,552,3200,2648
5434,550,3200,2650
5435,549,3200,2651
5436,549,3200,2651
5437,548,3200,2652
5438,548,3200,2652
5439,548,3200,2652
5440,546,3200,2654
5441,546,3200,2654
5442,546,3200,2654
5443,544,3200,2656
5444,544,3200,2656
5445,544,3200,2656
5446,543,3200,2657
5447,543,3200,2657
5448,542,3200,2658
5449,542,3200,2658
5450,541,3200,2659
5451,541,3200,2659
5452,539,3200,2661
5453,539,3200,2661
5454,539,3200,2661
5455,539,3200,2661
5456,539,3200,2661
5457,539,3200,2661
5458,539,3200,2661
5459,538,3200,2662
5460,537,3200,2663
5461,536,3200,2664
5462,535,3200,2665
5463,535,3200,2665
5464,535,3200,2665
5465,533,3200,2667
5466,533,3200,2667
5467,532,3200,2668
5468,532,3200,2668
5469,531,3200,2669
5470,531,3200,2669
5471,530,3200,2670
5472,529,3200,2671
5473,529,3200,2671
5474,528,3200,2672
5475,528,3200,2672
5476,527,3200,2673
5477,526,3200,2674
5478,526,3200,2674
5479,526,3200,2674
5480,525,3200,2675
5481,525,3200,2675
5482,525,3200,2675
5483,525,3200,2675
5484,525,3200,2675
5485,523,3200,2677
5486,522,3200,2678
5487,522,3200,2678
5488,522,3200,2678
5489,521,3200,2679
5490,521,3200,2679
5491,521,3200,2679
5492,521,3200,2679
5493,520,3200,2680
5494,519,3200,2681
5495,519,3200,2681
5496,519,3200,2681
5497,519,3200,2681
5498,519,3200,2681
5499,518,3200,2682
5500,518,3200,2682
5501,517,3200,2683
5502,517,3200,2683
5503,517,3200,2683
5504,517,3200,2683
5505,516,3200,2684
5506,516,3200,2684
5507,516,3200,2684
5508,515,3200,2685
5509,515,3200,2685
5510,515,3200,2685
5511,514,3200,2686
5512,514,3200,2686
5513,512,3200,2688
5514,512,3200,2688
5515,512,3200,2688
5516,511,3200,2689
5517,511,3200,2689
5518,511,3200,2689
5519,511,3200,2689
5520,511,3200,2689
5521,511,3200,2689
5522,511,3200,2689
5523,510,3200,2690
5524,510,3200,2690
5525,509,3200,2691
5526,509,3200,2691
5527,509,3200,2691
5528,508,3200,2692
5529,508,3200,2692
5530,508,3200,2692
5531,508,3200,2692
5532,508,3200,2692
5533,506,3200,2694
5534,506,3200,2694
5535,506,3200,2694
5536,506,3200,2694
5537,505,3200,2695
5538,505,3200,2695
5539,505,3200,2695
5540,504,3200,2696
5541,503,3200,2697
5542,503,3200,2697
5543,501,3200,2699
5544,501,3200,2699
5545,501,3200,2699
5546,500,3200,2700
5547,499,3200,2701
5548,499,3200,2701
5549,499,3200,2701
5550,499,3200,2701
5551,499,3200,2701
5552,498,3200,2702
5553,498,3200,2702
5554,498,3200,2702
5555,498,3200,2702
5556,497,3200,2703
5557,497,3200,2703
5558,497,3200,2703
5559,496,3200,2704
5560,495,3200,2705
5561,495,3200,2705
5562,494,3200,2706
5563,494,3200,2706
5564,494,3200,2706
5565,492,3200,2708
5566,492,3200,2708
5567,492,3200,2708
5568,492,3200,2708
5569,491,3200,2709
5570,491,3200,2709
5571,490,3200,2710
5572,490,3200,2710
5573,490,3200,2710
5574,489,3200,2711
5575,488,3200,2712
5576,487,3200,2713
5577,487,3200,2713
5578,486,3200,2714
5579,486,3200,2714
5580,485,3200,2715
5581,484,3200,2716
5582,483,3200,2717
5583,483,3200,2717
5584,483,3200,2717
5585,482,3200,2718
5586,482,3200,2718
5587,481,3200,2719
5588,481,3200,2719
5589,481,3200,2719
5590,480,3200,2720
5591,479,3200,2721
5592,479,3200,2721
5593,479,3200,2721
5594,478,3200,2722
5595,478,3200,2722
5596,477,3200,2723
5597,477,3200,2723
5598,477,3200,2723
5599,477,3200,2723
5600,476,3200,2724
5601,476,3200,2724
5602,476,3200,2724
5603,476,3200,2724
5604,476,3200,2724
5605,476,3200,2724
5606,476,3200,2724
5607,476,3200,2724
5608,476,3200,2724
5609,476,3200,2724
5610,476,3200,2724
5611,476,3200,2724
5612,476,3200,2724
5613,476,3200,2724
5614,476,3200,2724
5615,476,3200,2724
5616,476,3200,2724
5617,476,3200,2724
5618,476,3200,2724
5619,475,3200,2725
5620,475,3200,2725
5621,475,3200,2725
5622,475,3200,2725
5623,475,3200,2725
5624,475,3200,2725
5625,474,3200,2726
5626,474,3200,2726
5627,474,3200,2726
5628,474,3200,2726
5629,474,3200,2726
5630,473,3200,2727
5631,472,3200,2728
5632,472,3200,2728
5633,472,3200,2728
5634,472,3200,2728
5635,472,3200,2728
5636,472,3200,2728
5637,472,3200,2728
5638,472,3200,2728
5639,472,3200,2728
5640,472,3200,2728
5641,472,3200,2728
5642,472,3200,2728
5643,472,3200,2728
5644,472,3200,2728
5645,472,3200,2728
5646,472,3200,2728
5647,472,3200,2728
5648,471,3200,2729
5649,471,3200,2729
5650,470,3200,2730
5651,470,3200,2730
5652,470,3200,2730
5653,470,3200,2730
5654,470,3200,2730
5655,470,3200,2730
5656,470,3200,2730
5657,470,3200,2730
5658,470,3200,2730
5659,469,3200,2731
5660,469,3200,2731
5661,469,3200,2731
5662,468,3200,2732
5663,468,3200,2732
5664,468,3200,2732
5665,467,3200,2733
5666,467,3200,2733
5667,467,3200,2733
5668,466,3200,2734
5669,466,3200,2734
5670,466,3200,2734
5671,466,3200,2734
5672,466,3200,2734
5673,465,3200,2735
5674,465,3200,2735
5675,465,3200,2735
5676,464,3200,2736
5677,464,3200,2736
5678,464,3200,2736
5679,463,3200,2737
5680,463,3200,2737
5681,463,3200,2737
5682,463,3200,2737
5683,463,3200,2737
5684,463,3200,2737
5685,463,3200,2737
5686,462,3200,2738
5687,462,3200,2738
5688,461,3200,2739
5689,461,3200,2739
5690,461,3200,2739
5691,461,3200,2739
5692,460,3200,2740
5693,460,3200,2740
5694,459,3200,2741
5695,458,3200,2742
5696,458,3200,2742
5697,456,3200,2744
5698,456,3200,2744
5699,456,3200,2744
5700,456,3200,2744
5701,456,3200,2744
5702,456,3200,2744
5703,456,3200,2744
5704,455,3200,2745
5705,454,3200,2746
5706,454,3200,2746
5707,453,3200,2747
5708,452,3200,2748
5709,452,3200,2748
5710,451,3200,2749
5711,451,3200,2749
5712,450,3200,2750
5713,449,3200,2751
5714,449,3200,2751
5715,447,3200,2753
5716,447,3200,2753
5717,446,3200,2754
5718,446,3200,2754
5719,445,3200,2755
5720,445,3200,2755
5721,445,3200,2755
5722,445,3200,2755
5723,445,3200,2755
5724,445,3200,2755
5725,444,3200,2756
5726,444,3200,2756
5727,444,3200,2756
5728,443,3200,2757
5729,443,3200,2757
5730,442,3200,2758
5731,441,3200,2759
5732,441,3200,2759
5733,441,3200,2759
5734,440,3200,2760
5735,440,3200,2760
5736,440,3200,2760
5737,440,3200,2760
5738,439,3200,2761
5739,439,3200,2761
5740,439,3200,2761
5741,438,3200,2762
5742,437,3200,2763
5743,437,3200,2763
5744,437,3200,2763
5745,436,3200,2764
5746,436,3200,2764
5747,436,3200,2764
5748,436,3200,2764
5749,436,3200,2764
5750,435,3200,2765
5751,435,3200,2765
5752,435,3200,2765
5753,435,3200,2765
5754,434,3200,2766
5755,434,3200,2766
5756,434,3200,2766
5757,434,3200,2766
5758,434,3200,2766
5759,433,3200,2767
5760,432,3200,2768
5761,432,3200,2768
5762,432,3200,2768
5763,432,3200,2768
5764,432,3200,2768
5765,432,3200,2768
5766,432,3200,2768
5767,432,3200,2768
5768,432,3200,2768
5769,432,3200,2768
5770,431,3200,2769
5771,431,3200,2769
5772,431,3200,2769
5773,431,3200,2769
5774,431,3200,2769
5775,431,3200,2769
5776,431,3200,2769
5777,431,3200,2769
5778,429,3200,2771
5779,429,3200,2771
5780,429,3200,2771
5781,429,3200,2771
5782,429,3200,2771
5783,427,3200,2773
5784,427,3200,2773
5785,425,3200,2775
5786,425,3200,2775
5787,425,3200,2775
5788,425,3200,2775
5789,425,3200,2775
5790,425,3200,2775
5791,425,3200,2775
5792,424,3200,2776
5793,424,3200,2776
5794,424,3200,2776
5795,423,3200,2777
5796,423,3200,2777
5797,423,3200,2777
5798,423,3200,2777
5799,422,3200,2778
5800,422,3200,2778
5801,421,3200,2779
5802,421,3200,2779
5803,421,3200,2779
5804,421,3200,2779
5805,421,3200,2779
5806,421,3200,2779
5807,421,3200,2779
5808,421,3200,2779
5809,420,3200,2780
5810,419,3200,2781
5811,419,3200,2781
5812,419,3200,2781
5813,419,3200,2781
5814,419,3200,2781
5815,418,3200,2782
5816,417,3200,2783
5817,417,3200,2783
5818,416,3200,2784
5819,415,3200,2785
5820,414,3200,2786
5821,414,3200,2786
5822,414,3200,2786
5823,414,3200,2786
5824,414,3200,2786
5825,414,3200,2786
5826,414,3200,2786
5827,413,3200,2787
5828,413,3200,2787
5829,413,3200,2787
5830,413,3200,2787
5831,413,3200,2787
5832,412,3200,2788
5833,412,3200,2788
5834,411,3200,2789
5835,411,3200,2789
5836,410,3200,2790
5837,410,3200,2790
5838,409,3200,2791
5839,408,3200,2792
5840,408,3200,2792
5841,408,3200,2792
5842,407,3200,2793
5843,406,3200,2794
5844,406,3200,2794
5845,406,3200,2794
5846,406,3200,2794
5847,406,3200,2794
5848,406,3200,2794
5849,406,3200,2794
5850,406,3200,2794
5851,405,3200,2795
5852,405,3200,2795
5853,405,3200,2795
5854,405,3200,2795
5855,405,3200,2795
5856,405,3200,2795
5857,405,3200,2795
5858,405,3200,2795
5859,404,3200,2796
5860,404,3200,2796
5861,404,3200,2796
5862,403,3200,2797
5863,403,3200,2797
5864,402,3200,2798
5865,400,3200,2800
5866,400,3200,2800
5867,400,3200,2800
5868,399,3200,2801
5869,398,3200,2802
5870,398,3200,2802
5871,398,3200,2802
5872,398,3200,2802
5873,397,3200,2803
5874,396,3200,2804
5875,396,3200,2804
5876,396,3200,2804
5877,396,3200,2804
5878,394,3200,2806
5879,394,3200,2806
5880,393,3200,2807
5881,393,3200,2807
5882,393,3200,2807
5883,392,3200,2808
5884,392,3200,2808
5885,391,3200,2809
5886,390,3200,2810
5887,389,3200,2811
5888,389,3200,2811
5889,389,3200,2811
5890,388,3200,2812
5891,387,3200,2813
5892,387,3200,2813
5893,387,3200,2813
5894,387,3200,2813
5895,387,3200,2813
5896,387,3200,2813
5897,387,3200,2813
5898,387,3200,2813
5899,387,3200,2813
5900,387,3200,2813
5901,386,3200,2814
5902,386,3200,2814
5903,386,3200,2814
5904,386,3200,2814
5905,386,3200,2814
5906,385,3200,2815
5907,385,3200,2815
5908,385,3200,2815
5909,385,3200,2815
5910,383,3200,2817
5911,383,3200,2817
5912,383,3200,2817
5913,383,3200,2817
5914,383,3200,2817
5915,383,3200,2817
5916,383,3200,2817
5917,383,3200,2817
5918,382,3200,2818
5919,382,3200,2818
5920,382,3200,2818
5921,382,3200,2818
5922,382,3200,2818
5923,382,3200,2818
5924,381,3200,2819
5925,380,3200,2820
5926,380,3200,2820
5927,380,3200,2820
5928,379,3200,2821
5929,379,3200,2821
5930,378,3200,2822
5931,378,3200,2822
5932,378,3200,2822
5933,377,3200,2823
5934,377,3200,2823
5935,376,3200,2824
5936,375,3200,2825
5937,375,3200,2825
5938,375,3200,2825
5939,375,3200,2825
5940,374,3200,2826
5941,374,3200,2826
5942,372,3200,2828
5943,371,3200,2829
5944,371,3200,2829
5945,370,3200,2830
5946,370,3200,2830
5947,370,3200,2830
5948,370,3200,2830
5949,370,3200,2830
5950,370,3200,2830
5951,370,3200,2830
5952,369,3200,2831
5953,369,3200,2831
5954,369,3200,2831
5955,369,3200,2831
5956,369,3200,2831
5957,368,3200,2832
5958,368,3200,2832
5959,368,3200,2832
5960,368,3200,2832
5961,368,3200,2832
5962,368,3200,2832
5963,367,3200,2833
5964,367,3200,2833
5965,367,3200,2833
5966,367,3200,2833
5967,365,3200,2835
5968,365,3200,2835
5969,365,3200,2835
5970,364,3200,2836
5971,364,3200,2836
5972,364,3200,2836
5973,364,3200,2836
5974,364,3200,2836
5975,364,3200,2836
5976,363,3200,2837
5977,363,3200,2837
5978,362,3200,2838
5979,362,3200,2838
5980,362,3200,2838
5981,362,3200,2838
5982,362,3200,2838
5983,362,3200,2838
5984,362,3200,2838
5985,362,3200,2838
5986,361,3200,2839
5987,361,3200,2839
5988,361,3200,2839
5989,360,3200,2840
5990,360,3200,2840
5991,360,3200,2840
5992,360,3200,2840
5993,360,3200,2840
5994,360,3200,2840
5995,360,3200,2840
5996,359,3200,2841
5997,359,3200,2841
5998,359,3200,2841
5999,359,3200,2841
6000,359,3200,2841
6001,359,3200,2841
6002,359,3200,2841
6003,359,3200,2841
6004,359,3200,2841
6005,359,3200,2841
6006,358,3200,2842
6007,358,3200,2842
6008,358,3200,2842
6009,358,3200,2842
6010,358,3200,2842
6011,357,3200,2843
6012,357,3200,2843
6013,355,3200,2845
6014,355,3200,2845
6015,355,3200,2845
6016,354,3200,2846
6017,354,3200,2846
6018,354,3200,2846
6019,353,3200,2847
6020,353,3200,2847
6021,353,3200,2847
6022,353,3200,2847
6023,353,3200,2847
6024,353,3200,2847
6025,352,3200,2848
6026,351,3200,2849
6027,351,3200,2849
6028,351,3200,2849
6029,350,3200,2850
6030,350,3200,2850
6031,349,3200,2851
6032,349,3200,2851
6033,349,3200,2851
6034,348,3200,2852
6035,348,3200,2852
6036,348,3200,2852
6037,347,3200,2853
6038,346,3200,2854
6039,346,3200,2854
6040,346,3200,2854
6041,345,3200,2855
6042,345,3200,2855
6043,344,3200,2856
6044,344,3200,2856
6045,344,3200,2856
6046,344,3200,2856
6047,344,3200,2856
6048,344,3200,2856
6049,343,3200,2857
6050,343,3200,2857
6051,342,3200,2858
6052,342,3200,2858
6053,341,3200,2859
6054,341,3200,2859
6055,340,3200,2860
6056,340,3200,2860
6057,339,3200,2861
6058,339,3200,2861
6059,339,3200,2861
6060,338,3200,2862
6061,338,3200,2862
6062,338,3200,2862
6063,337,3200,2863
6064,337,3200,2863
6065,336,3200,2864
6066,335,3200,2865
6067,335,3200,2865
6068,335,3200,2865
6069,334,3200,2866
6070,334,3200,2866
6071,334,3200,2866
6072,333,3200,2867
6073,333,3200,2867
6074,332,3200,2868
6075,331,3200,2869
6076,331,3200,2869
6077,330,3200,2870
6078,329,3200,2871
6079,328,3200,2872
6080,328,3200,2872
6081,328,3200,2872
6082,328,3200,2872
6083,328,3200,2872
6084,326,3200,2874
6085,326,3200,2874
6086,325,3200,2875
6087,324,3200,2876
6088,324,3200,2876
6089,323,3200,2877
6090,323,3200,2877
6091,322,3200,2878
6092,321,3200,2879
6093,320,3200,2880
6094,320,3200,2880
6095,320,3200,2880
6096,320,3200,2880
6097,320,3200,2880
6098,320,3200,2880
6099,320,3200,2880
6100,320,3200,2880
6101,319,3200,2881
6102,319,3200,2881
6103,319,3200,2881
6104,319,3200,2881
6105,318,3200,2882
6106,317,3200,2883
6107,317,3200,2883
6108,317,3200,2883
6109,317,3200,2883
6110,317,3200,2883
6111,317,3200,2883
6112,317,3200,2883
6113,317,3200,2883
6114,317,3200,2883
6115,317,3200,2883
6116,317,3200,2883
6117,317,3200,2883
6118,317,3200,2883
6119,317,3200,2883
6120,317,3200,2883
6121,317,3200,2883
6122,317,3200,2883
6123,317,3200,2883
6124,317,3200,2883
6125,317,3200,2883
6126,317,3200,2883
6127,317,3200,2883
6128,317,3200,2883
6129,316,3200,2884
6130,315,3200,2885
6131,314,3200,2886
6132,314,3200,2886
6133,312,3200,2888
6134,312,3200,2888
6135,312,3200,2888
6136,311,3200,2889
6137,311,3200,2889
6138,310,3200,2890
6139,310,3200,2890
6140,310,3200,2890
6141,310,3200,2890
6142,310,3200,2890
6143,309,3200,2891
6144,308,3200,2892
6145,308,3200,2892
6146,308,3200,2892
6147,307,3200,2893
6148,307,3200,2893
6149,307,3200,2893
6150,307,3200,2893
6151,306,3200,2894
6152,306,3200,2894
6153,306,3200,2894
6154,304,3200,2896
6155,304,3200,2896
6156,303,3200,2897
6157,303,3200,2897
6158,302,3200,2898
6159,302,3200,2898
6160,302,3200,2898
6161,302,3200,2898
6162,301,3200,2899
6163,300,3200,2900
6164,300,3200,2900
6165,300,3200,2900
6166,300,3200,2900
6167,300,3200,2900
6168,300,3200,2900
6169,299,3200,2901
6170,299,3200,2901
6171,298,3200,2902
6172,297,3200,2903
6173,297,3200,2903
6174,296,3200,2904
6175,296,3200,2904
6176,296,3200,2904
6177,296,3200,2904
6178,296,3200,2904
6179,296,3200,2904
6180,296,3200,2904
6181,296,3200,2904
6182,295,3200,2905
6183,294,3200,2906
6184,293,3200,2907
6185,292,3200,2908
6186,292,3200,2908
6187,292,3200,2908
6188,290,3200,2910
6189,290,3200,2910
6190,290,3200,2910
6191,288,3200,2912
6192,287,3200,2913
6193,287,3200,2913
6194,285,3200,2915
6195,285,3200,2915
6196,285,3200,2915
6197,285,3200,2915
6198,284,3200,2916
6199,284,3200,2916
6200,282,3200,2918
6201,281,3200,2919
6202,281,3200,2919
6203,281,3200,2919
6204,281,3200,2919
6205,281,3200,2919
6206,281,3200,2919
6207,279,3200,2921
6208,278,3200,2922
6209,278,3200,2922
6210,277,3200,2923
6211,277,3200,2923
6212,277,3200,2923
6213,276,3200,2924
6214,276,3200,2924
6215,276,3200,2924
6216,276,3200,2924
6217,275,3200,2925
6218,275,3200,2925
6219,274,3200,2926
6220,274,3200,2926
6221,274,3200,2926
6222,274,3200,2926
6223,273,3200,2927
6224,273,3200,2927
6225,272,3200,2928
6226,272,3200,2928
6227,271,3200,2929
6228,271,3200,2929
6229,271,3200,2929
6230,270,3200,2930
6231,270,3200,2930
6232,270,3200,2930
6233,270,3200,2930
6234,270,3200,2930
6235,270,3200,2930
6236,270,3200,2930
6237,270,3200,2930
6238,270,3200,2930
6239,270,3200,2930
6240,270,3200,2930
6241,270,3200,2930
6242,270,3200,2930
6243,270,3200,2930
6244,270,3200,2930
6245,270,3200,2930
6246,270,3200,2930
6247,269,3200,2931
6248,268,3200,2932
6249,268,3200,2932
6250,268,3200,2932
6251,266,3200,2934
6252,266,3200,2934
6253,264,3200,2936
6254,263,3200,2937
6255,262,3200,2938
6256,262,3200,2938
6257,262,3200,2938
6258,261,3200,2939
6259,260,3200,2940
6260,260,3200,2940
6261,258,3200,2942
6262,257,3200,2943
6263,257,3200,2943
6264,257,3200,2943
6265,256,3200,2944
6266,255,3200,2945
6267,255,3200,2945
6268,255,3200,2945
6269,254,3200,2946
6270,254,3200,2946
6271,254,3200,2946
6272,253,3200,2947
6273,253,3200,2947
6274,253,3200,2947
6275,253,3200,2947
6276,252,3200,2948
6277,252,3200,2948
6278,251,3200,2949
6279,251,3200,2949
6280,250,3200,2950
6281,250,3200,2950
6282,250,3200,2950
6283,248,3200,2952
6284,248,3200,2952
6285,248,3200,2952
6286,247,3200,2953
6287,245,3200,2955
6288,245,3200,2955
6289,243,3200,2957
6290,242,3200,2958
6291,240,3200,2960
6292,240,3200,2960
6293,239,3200,2961
6294,239,3200,2961
6295,237,3200,2963
6296,237,3200,2963
6297,236,3200,2964
6298,236,3200,2964
6299,234,3200,2966
6300,233,3200,2967
6301,232,3200,2968
6302,232,3200,2968
6303,231,3200,2969
6304,231,3200,2969
6305,231,3200,2969
6306,231,3200,2969
6307,231,3200,2969
6308,230,3200,2970
6309,228,3200,2972
6310,228,3200,2972
6311,227,3200,2973
6312,227,3200,2973
6313,227,3200,2973
6314,227,3200,2973
6315,226,3200,2974
6316,226,3200,2974
6317,225,3200,2975
6318,225,3200,2975
6319,225,3200,2975
6320,225,3200,2975
6321,224,3200,2976
6322,224,3200,2976
6323,223,3200,2977
6324,222,3200,2978
6325,222,3200,2978
6326,222,3200,2978
6327,221,3200,2979
6328,221,3200,2979
6329,219,3200,2981
6330,219,3200,2981
6331,219,3200,2981
6332,218,3200,2982
6333,218,3200,2982
6334,218,3200,2982
6335,217,3200,2983
6336,216,3200,2984
6337,216,3200,2984
6338,215,3200,2985
6339,214,3200,2986
6340,214,3200,2986
6341,214,3200,2986
6342,214,3200,2986
6343,213,3200,2987
6344,213,3200,2987
6345,212,3200,2988
6346,212,3200,2988
6347,212,3200,2988
6348,212,3200,2988
6349,211,3200,2989
6350,211,3200,2989
6351,211,3200,2989
6352,211,3200,2989
6353,210,3200,2990
6354,210,3200,2990
6355,209,3200,2991
6356,208,3200,2992
6357,208,3200,2992
6358,208,3200,2992
6359,207,3200,2993
6360,206,3200,2994
6361,205,3200,2995
6362,205,3200,2995
6363,205,3200,2995
6364,205,3200,2995
6365,205,3200,2995
6366,204,3200,2996
6367,203,3200,2997
6368,202,3200,2998
6369,202,3200,2998
6370,201,3200,2999
6371,200,3200,3000
6372,200,3200,3000
6373,199,3200,3001
6374,199,3200,3001
6375,199,3200,3001
6376,198,3200,3002
6377,198,3200,3002
6378,198,3200,3002
6379,198,3200,3002
6380,198,3200,3002
6381,198,3200,3002
6382,198,3200,3002
6383,197,3200,3003
6384,197,3200,3003
6385,196,3200,3004
6386,196,3200,3004
6387,196,3200,3004
6388,196,3200,3004
6389,196,3200,3004
6390,196,3200,3004
6391,196,3200,3004
6392,196,3200,3004
6393,196,3200,3004
6394,196,3200,3004
6395,196,3200,3004
6396,195,3200,3005
6397,195,3200,3005
6398,194,3200,3006
6399,193,3200,3007
6400,193,3200,3007
6401,193,3200,3007
6402,192,3200,3008
6403,191,3200,3009
6404,191,3200,3009
6405,190,3200,3010
6406,190,3200,3010
6407,189,3200,3011
6408,189,3200,3011
6409,189,3200,3011
6410,188,3200,3012
6411,188,3200,3012
6412,188,3200,3012
6413,187,3200,3013
6414,185,3200,3015
6415,184,3200,3016
6416,184,3200,3016
6417,183,3200,3017
6418,183,3200,3017
6419,183,3200,3017
6420,183,3200,3017
6421,183,3200,3017
6422,183,3200,3017
6423,183,3200,3017
6424,181,3200,3019
6425,181,3200,3019
6426,181,3200,3019
6427,181,3200,3019
6428,181,3200,3019
6429,181,3200,3019
6430,181,3200,3019
6431,180,3200,3020
6432,179,3200,3021
6433,178,3200,3022
6434,178,3200,3022
6435,177,3200,3023
6436,177,3200,3023
6437,176,3200,3024
6438,176,3200,3024
6439,175,3200,3025
6440,175,3200,3025
6441,174,3200,3026
6442,174,3200,3026
6443,173,3200,3027
6444,173,3200,3027
6445,172,3200,3028
6446,172,3200,3028
6447,172,3200,3028
6448,170,3200,3030
6449,170,3200,3030
6450,170,3200,3030
6451,169,3200,3031
6452,168,3200,3032
6453,168,3200,3032
6454,167,3200,3033
6455,166,3200,3034
6456,165,3200,3035
6457,163,3200,3037
6458,163,3200,3037
6459,163,3200,3037
6460,162,3200,3038
6461,161,3200,3039
6462,161,3200,3039
6463,161,3200,3039
6464,161,3200,3039
6465,161,3200,3039
6466,161,3200,3039
6467,160,3200,3040
6468,160,3200,3040
6469,159,3200,3041
6470,159,3200,3041
6471,159,3200,3041
6472,159,3200,3041
6473,159,3200,3041
6474,159,3200,3041
6475,159,3200,3041
6476,159,3200,3041
6477,159,3200,3041
6478,158,3200,3042
6479,158,3200,3042
6480,158,3200,3042
6481,158,3200,3042
6482,157,3200,3043
6483,157,3200,3043
6484,157,3200,3043
6485,156,3200,3044
6486,156,3200,3044
6487,156,3200,3044
6488,156,3200,3044
6489,155,3200,3045
6490,155,3200,3045
6491,155,3200,3045
6492,154,3200,3046
6493,153,3200,3047
6494,152,3200,3048
6495,152,3200,3048
6496,152,3200,3048
6497,152,3200,3048
6498,152,3200,3048
6499,152,3200,3048
6500,152,3200,3048
6501,152,3200,3048
6502,152,3200,3048
6503,151,3200,3049
6504,150,3200,3050
6505,149,3200,3051
6506,149,3200,3051
6507,148,3200,3052
6508,148,3200,3052
6509,148,3200,3052
6510,148,3200,3052
6511,147,3200,3053
6512,146,3200,3054
6513,146,3200,3054
6514,145,3200,3055
6515,144,3200,3056
6516,144,3200,3056
6517,144,3200,3056
6518,144,3200,3056
6519,144,3200,3056
6520,144,3200,3056
6521,144,3200,3056
6522,144,3200,3056
6523,143,3200,3057
6524,143,3200,3057
6525,143,3200,3057
6526,143,3200,3057
6527,143,3200,3057
6528,142,3200,3058
6529,142,3200,3058
6530,141,3200,3059
6531,141,3200,3059
6532,141,3200,3059
6533,141,3200,3059
6534,141,3200,3059
6535,141,3200,3059
6536,141,3200,3059
6537,141,3200,3059
6538,140,3200,3060
6539,140,3200,3060
6540,140,3200,3060
6541,139,3200,3061
6542,138,3200,3062
6543,138,3200,3062
6544,137,3200,3063
6545,137,3200,3063
6546,137,3200,3063
6547,137,3200,3063
6548,137,3200,3063
6549,136,3200,3064
6550,135,3200,3065
6551,135,3200,3065
6552,135,3200,3065
6553,135,3200,3065
6554,135,3200,3065
6555,135,3200,3065
6556,135,3200,3065
6557,135,3200,3065
6558,135,3200,3065
6559,134,3200,3066
6560,134,3200,3066
6561,133,3200,3067
6562,133,3200,3067
6563,133,3200,3067
6564,133,3200,3067
6565,132,3200,3068
6566,132,3200,3068
6567,132,3200,3068
6568,132,3200,3068
6569,132,3200,3068
6570,132,3200,3068
6571,132,3200,3068
6572,132,3200,3068
6573,131,3200,3069
6574,131,3200,3069
6575,130,3200,3070
6576,130,3200,3070
6577,130,3200,3070
6578,129,3200,3071
6579,129,3200,3071
6580,129,3200,3071
6581,129,3200,3071
6582,129,3200,3071
6583,129,3200,3071
6584,129,3200,3071
6585,128,3200,3072
6586,128,3200,3072
6587,127,3200,3073
6588,127,3200,3073
6589,127,3200,3073
6590,126,3200,3074
6591,126,3200,3074
6592,125,3200,3075
6593,125,3200,3075
6594,125,3200,3075
6595,125,3200,3075
6596,125,3200,3075
6597,125,3200,3075
6598,125,3200,3075
6599,125,3200,3075
6600,125,3200,3075
6601,125,3200,3075
6602,124,3200,3076
6603,124,3200,3076
6604,124,3200,3076
6605,124,3200,3076
6606,124,3200,3076
6607,123,3200,3077
6608,123,3200,3077
6609,122,3200,3078
6610,122,3200,3078
6611,122,3200,3078
6612,121,3200,3079
6613,121,3200,3079
6614,121,3200,3079
6615,121,3200,3079
6616,121,3200,3079
6617,121,3200,3079
6618,121,3200,3079
6619,121,3200,3079
6620,121,3200,3079
6621,121,3200,3079
6622,121,3200,3079
6623,120,3200,3080
6624,120,3200,3080
6625,119,3200,3081
6626,119,3200,3081
6627,119,3200,3081
6628,119,3200,3081
6629,119,3200,3081
6630,119,3200,3081
6631,118,3200,3082
6632,118,3200,3082
6633,117,3200,3083
6634,116,3200,3084
6635,116,3200,3084
6636,116,3200,3084
6637,116,3200,3084
6638,116,3200,3084
6639,116,3200,3084
6640,115,3200,3085
6641,114,3200,3086
6642,114,3200,3086
6643,114,3200,3086
6644,114,3200,3086
6645,114,3200,3086
6646,114,3200,3086
6647,114,3200,3086
6648,114,3200,3086
6649,114,3200,3086
6650,114,3200,3086
6651,113,3200,3087
6652,113,3200,3087
6653,113,3200,3087
6654,113,3200,3087
6655,113,3200,3087
6656,113,3200,3087
6657,113,3200,3087
6658,113,3200,3087
6659,113,3200,3087
6660,113,3200,3087
6661,112,3200,3088
6662,112,3200,3088
6663,111,3200,3089
6664,111,3200,3089
6665,111,3200,3089
6666,111,3200,3089
6667,110,3200,3090
6668,110,3200,3090
6669,110,3200,3090
6670,109,3200,3091
6671,109,3200,3091
6672,109,3200,3091
6673,109,3200,3091
6674,109,3200,3091
6675,109,3200,3091
6676,109,3200,3091
6677,108,3200,3092
6678,108,3200,3092
6679,108,3200,3092
6680,107,3200,3093
6681,107,3200,3093
6682,106,3200,3094
6683,106,3200,3094
6684,105,3200,3095
6685,105,3200,3095
6686,105,3200,3095
6687,105,3200,3095
6688,104,3200,3096
6689,104,3200,3096
6690,103,3200,3097
6691,103,3200,3097
6692,102,3200,3098
6693,102,3200,3098
6694,102,3200,3098
6695,102,3200,3098
6696,102,3200,3098
6697,102,3200,3098
6698,102,3200,3098
6699,102,3200,3098
6700,102,3200,3098
6701,102,3200,3098
6702,102,3200,3098
6703,102,3200,3098
6704,101,3200,3099
6705,101,3200,3099
6706,101,3200,3099
6707,101,3200,3099
6708,101,3200,3099
6709,101,3200,3099
6710,101,3200,3099
6711,101,3200,3099
6712,101,3200,3099
6713,100,3200,3100
6714,100,3200,3100
6715,99,3200,3101
6716,99,3200,3101
6717,99,3200,3101
6718,98,3200,3102
6719,98,3200,3102
6720,97,3200,3103
6721,96,3200,3104
6722,96,3200,3104
6723,96,3200,3104
6724,95,3200,3105
6725,95,3200,3105
6726,95,3200,3105
6727,95,3200,3105
6728,95,3200,3105
6729,94,3200,3106
6730,94,3200,3106
6731,94,3200,3106
6732,93,3200,3107
6733,93,3200,3107
6734,93,3200,3107
6735,93,3200,3107
6736,93,3200,3107
6737,93,3200,3107
6738,93,3200,3107
6739,93,3200,3107
6740,93,3200,3107
6741,93,3200,3107
6742,93,3200,3107
6743,93,3200,3107
6744,92,3200,3108
6745,92,3200,3108
6746,91,3200,3109
6747,91,3200,3109
6748,91,3200,3109
6749,90,3200,3110
6750,90,3200,3110
6751,90,3200,3110
6752,90,3200,3110
6753,90,3200,3110
6754,89,3200,3111
6755,89,3200,3111
6756,89,3200,3111
6757,89,3200,3111
6758,89,3200,3111
6759,88,3200,3112
6760,88,3200,3112
6761,88,3200,3112
6762,88,3200,3112
6763,88,3200,3112
6764,87,3200,3113
6765,87,3200,3113
6766,87,3200,3113
6767,86,3200,3114
6768,86,3200,3114
6769,86,3200,3114
6770,86,3200,3114
6771,86,3200,3114
6772,86,3200,3114
6773,86,3200,3114
6774,86,3200,3114
6775,86,3200,3114
6776,86,3200,3114
6777,86,3200,3114
6778,85,3200,3115
6779,85,3200,3115
6780,85,3200,3115
6781,84,3200,3116
6782,84,3200,3116
6783,84,3200,3116
6784,84,3200,3116
6785,83,3200,3117
6786,83,3200,3117
6787,82,3200,3118
6788,81,3200,3119
6789,81,3200,3119
6790,81,3200,3119
6791,81,3200,3119
6792,81,3200,3119
6793,81,3200,3119
6794,81,3200,3119
6795,81,3200,3119
6796,81,3200,3119
6797,81,3200,3119
6798,81,3200,3119
6799,80,3200,3120
6800,80,3200,3120
6801,79,3200,3121
6802,79,3200,3121
6803,79,3200,3121
6804,78,3200,3122
6805,78,3200,3122
6806,78,3200,3122
6807,78,3200,3122
6808,77,3200,3123
6809,77,3200,3123
6810,76,3200,3124
6811,76,3200,3124
6812,76,3200,3124
6813,75,3200,3125
6814,75,3200,3125
6815,74,3200,3126
6816,74,3200,3126
6817,74,3200,3126
6818,74,3200,3126
6819,74,3200,3126
6820,74,3200,3126
6821,74,3200,3126
6822,74,3200,3126
6823,74,3200,3126
6824,74,3200,3126
6825,73,3200,3127
6826,73,3200,3127
6827,72,3200,3128
6828,72,3200,3128
6829,72,3200,3128
6830,72,3200,3128
6831,72,3200,3128
6832,72,3200,3128
6833,72,3200,3128
6834,71,3200,3129
6835,71,3200,3129
6836,71,3200,3129
6837,71,3200,3129
6838,70,3200,3130
6839,70,3200,3130
6840,69,3200,3131
6841,69,3200,3131
6842,69,3200,3131
6843,69,3200,3131
6844,69,3200,3131
6845,69,3200,3131
6846,69,3200,3131
6847,69,3200,3131
6848,69,3200,3131
6849,68,3200,3132
6850,68,3200,3132
6851,68,3200,3132
6852,68,3200,3132
6853,68,3200,3132
6854,67,3200,3133
6855,67,3200,3133
6856,66,3200,3134
6857,66,3200,3134
6858,66,3200,3134
6859,65,3200,3135
6860,65,3200,3135
6861,64,3200,3136
6862,64,3200,3136
6863,64,3200,3136
6864,64,3200,3136
6865,64,3200,3136
6866,63,3200,3137
6867,63,3200,3137
6868,63,3200,3137
6869,63,3200,3137
6870,62,3200,3138
6871,62,3200,3138
6872,62,3200,3138
6873,62,3200,3138
6874,62,3200,3138
6875,62,3200,3138
6876,62,3200,3138
6877,62,3200,3138
6878,61,3200,3139
6879,61,3200,3139
6880,60,3200,3140
6881,60,3200,3140
6882,60,3200,3140
6883,60,3200,3140
6884,60,3200,3140
6885,59,3200,3141
6886,59,3200,3141
6887,59,3200,3141
6888,59,3200,3141
6889,59,3200,3141
6890,59,3200,3141
6891,59,3200,3141
6892,58,3200,3142
6893,58,3200,3142
6894,58,3200,3142
6895,57,3200,3143
6896,57,3200,3143
6897,57,3200,3143
6898,57,3200,3143
6899,57,3200,3143
6900,57,3200,3143
6901,57,3200,3143
6902,57,3200,3143
6903,56,3200,3144
6904,56,3200,3144
6905,55,3200,3145
6906,55,3200,3145
6907,54,3200,3146
6908,53,3200,3147
6909,53,3200,3147
6910,53,3200,3147
6911,53,3200,3147
6912,53,3200,3147
6913,53,3200,3147
6914,53,3200,3147
6915,53,3200,3147
6916,53,3200,3147
6917,53,3200,3147
6918,52,3200,3148
6919,52,3200,3148
6920,52,3200,3148
6921,51,3200,3149
6922,51,3200,3149
6923,51,3200,3149
6924,51,3200,3149
6925,51,3200,3149
6926,51,3200,3149
6927,51,3200,3149
6928,51,3200,3149
6929,50,3200,3150
6930,50,3200,3150
6931,50,3200,3150
6932,49,3200,3151
6933,49,3200,3151
6934,49,3200,3151
6935,48,3200,3152
6936,48,3200,3152
6937,48,3200,3152
6938,47,3200,3153
6939,47,3200,3153
6940,47,3200,3153
6941,46,3200,3154
6942,45,3200,3155
6943,45,3200,3155
6944,45,3200,3155
6945,45,3200,3155
6946,45,3200,3155
6947,45,3200,3155
6948,45,3200,3155
6949,44,3200,3156
6950,44,3200,3156
6951,44,3200,3156
6952,43,3200,3157
6953,43,3200,3157
6954,43,3200,3157
6955,43,3200,3157
6956,42,3200,3158
6957,40,3200,3160
6958,40,3200,3160
6959,39,3200,3161
6960,39,3200,3161
6961,39,3200,3161
6962,39,3200,3161
6963,38,3200,3162
6964,38,3200,3162
6965,38,3200,3162
6966,37,3200,3163
6967,37,3200,3163
6968,36,3200,3164
6969,36,3200,3164
6970,36,3200,3164
6971,36,3200,3164
6972,36,3200,3164
6973,36,3200,3164
6974,36,3200,3164
6975,34,3200,3166
6976,33,3200,3167
6977,32,3200,3168
6978,32,3200,3168
6979,31,3200,3169
6980,30,3200,3170
6981,29,3200,3171
6982,28,3200,3172
6983,28,3200,3172
6984,27,3200,3173
6985,27,3200,3173
6986,26,3200,3174
6987,26,3200,3174
6988,25,3200,3175
6989,25,3200,3175
6990,25,3200,3175
6991,23,3200,3177
6992,22,3200,3178
6993,21,3200,3179
6994,21,3200,3179
6995,20,3200,3180
6996,20,3200,3180
6997,19,3200,3181
6998,19,3200,3181
6999,19,3200,3181
7000,17,3200,3183
7001,17,3200,3183
7002,17,3200,3183
7003,17,3200,3183
7004,17,3200,3183
7005,17,3200,3183
7006,17,3200,3183
7007,17,3200,3183
7008,17,3200,3183
7009,15,3200,3185
7010,15,3200,3185
7011,15,3200,3185
7012,14,3200,3186
7013,13,3200,3187
7014,11,3200,3189
7015,11,3200,3189
7016,11,3200,3189
7017,10,3200,3190
7018,10,3200,3190
7019,10,3200,3190
7020,10,3200,3190
7021,9,3200,3191
7022,9,3200,3191
7023,9,3200,3191
7024,9,3200,3191
7025,9,3200,3191
7026,8,3200,3192
7027,8,3200,3192
7028,7,3200,3193
7029,7,3200,3193
7030,6,3200,3194
7031,6,3200,3194
7032,6,3200,3194
7033,6,3200,3194
7034,6,3200,3194
7035,6,3200,3194
7036,5,3200,3195
7037,5,3200,3195
7038,5,3200,3195
7039,4,3200,3196
7040,4,3200,3196
7041,3,3200,3197
7042,3,3200,3197
7043,3,3200,3197
7044,3,3200,3197
7045,3,3200,3197
7046,2,3200,3198
7047,2,3200,3198
7048,1,3200,3199
7049,1,3200,3199
7050,1,3200,3199
7051,0,3200,3200
7052,0,3200,3200
7053,0,3200,3200
7054,0,3200,3200
7055,0,3200,3200
7056,0,3200,3200
7057,0,3200,3200
7058,0,3200,3200
7059,0,3200,3200
7060,0,3200,3200
7061,0,3200,3200
7062,0,3200,3200
7063,0,3200,3200
7064,0,3200,3200
7065,0,3200,3200
7066,0,3200,3200
7067,0,3200,3200
7068,0,3200,3200
7069,0,3200,3200
7070,0,3200,3200
7071,0,3200,3200
7072,0,3200,3200
7073,0,3200,3200
7074,0,3200,3200
7075,0,3200,3200
7076,0,3200,3200
7077,0,3200,3200
7078,0,3200,3200
7079,0,3200,3200
7080,0,3200,3200
7081,0,3200,3200
7082,0,3200,3200
7083,0,3200,3200
7084,0,3200,3200
7085,0,3200,3200
7086,0,3200,3200
7087,0,3200,3200
7088,0,3200,3200
7089,0,3200,3200
7090,0,3200,3200
7091,0,3200,3200
7092,0,3200,3200
7093,0,3200,3200
7094,0,3200,3200
7095,0,3200,3200
7096,0,3200,3200
7097,0,3200,3200
7098,0,3200,3200
7099,0,3200,3200
7100,0,3200,3200
7101,0,3200,3200
7102,0,3200,3200
7103,0,3200,3200
7104,0,3200,3200
7105,0,3200,3200
7106,0,3200,3200
7107,0,3200,3200
7108,0,3200,3200
7109,0,3200,3200
7110,0,3200,3200
7111,0,3200,3200
7112,0,3200,3200
7113,0,3200,3200
7114,0,3200,3200
7115,0,3200,3200
7116,0,3200,3200
7117,0,3200,3200
7118,0,3200,3200
7119,0,3200,3200
7120,0,3200,3200
7121,0,3200,3200
7122,0,3200,3200
7123,0,3200,3200
7124,0,3200,3200
7125,0,3200,3200
7126,0,3200,3200
7127,0,3200,3200
7128,0,3200,3200
7129,0,3200,3200
7130,0,3200,3200
7131,0,3200,3200
7132,0,3200,3200
7133,0,3200,3200
7134,0,3200,3200
7135,0,3200,3200
7136,0,3200,3200
7137,0,3200,3200
7138,0,3200,3200
7139,0,3200,3200
7140,0,3200,3200
7141,0,3200,3200
7142,0,3200,3200
7143,0,3200,3200
7144,0,3200,3200
7145,0,3200,3200
7146,0,3200,3200
7147,0,3200,3200
7148,0,3200,3200
7149,0,3200,3200
7150,0,3200,3200
7151,0,3200,3200
7152,0,3200,3200
7153,0,3200,3200
7154,0,3200,3200
7155,0,3200,3200
7156,0,3200,3200
7157,0,3200,3200
7158,0,3200,3200
7159,0,3200,3200
7160,0,3200,3200
7161,0,3200,3200
7162,0,3200,3200
7163,0,3200,3200
7164,0,3200,3200
7165,0,3200,3200
7166,0,3200,3200
7167,0,3200,3200
7168,0,3200,3200
7169,0,3200,3200
7170,0,3200,3200
7171,0,3200,3200
7172,0,3200,3200
7173,0,3200,3200
7174,0,3200,3200
7175,0,3200,3200
7176,0,3200,3200
7177,0,3200,3200
7178,0,3200,3200
7179,0,3200,3200
7180,0,3200,3200
7181,0,3200,3200
7182,0,3200,3200
7183,0,3200,3200
7184,0,3200,3200
7185,0,3200,3200
7186,0,3200,3200
7187,0,3200,3200
7188,0,3200,3200
7189,0,3200,3200
7190,0,3200,3200
7191,0,3200,3200
7192,0,3200,3200
7193,0,3200,3200
7194,0,3200,3200
7195,0,3200,3200
7196,0,3200,3200
7197,0,3200,3200
7198,0,3200,3200
7199,0,3200,3200
7200,0,3200,3200
7201,0,3200,3200
7202,0,3200,3200
7203,0,3200,3200
7204,0,3200,3200
7205,0,3200,3200
7206,0,3200,3200
7207,0,3200,3200
7208,0,3200,3200
7209,0,3200,3200
7210,0,3200,3200
7211,0,3200,3200
7212,0,3200,3200
7213,0,3200,3200
7214,0,3200,3200
7215,0,3200,3200
7216,0,3200,3200
7217,0,3200,3200
7218,0,3200,3200
7219,0,3200,3200
7220,0,3200,3200
7221,0,3200,3200
7222,0,3200,3200
7223,0,3200,3200
7224,0,3200,3200
7225,0,3200,3200
7226,0,3200,3200
7227,0,3200,3200
7228,0,3200,3200
7229,0,3200,3200
7230,0,3200,3200
7231,0,3200,3200
7232,0,3200,3200
7233,0,3200,3200
7234,0,3200,3200
7235,0,3200,3200
7236,0,3200,3200
7237,0,3200,3200
7238,0,3200,3200
7239,0,3200,3200
7240,0,3200,3200
7241,0,3200,3200
7242,0,3200,3200
7243,0,3200,3200
7244,0,3200,3200
7245,0,3200,3200
7246,0,3200,3200
7247,0,3200,3200
7248,0,3200,3200
7249,0,3200,3200
7250,0,3200,3200
7251,0,3200,3200
7252,0,3200,3200
7253,0,3200,3200
7254,0,3200,3200
7255,0,3200,3200
7256,0,3200,3200
7257,0,3200,3200
7258,0,3200,3200
7259,0,3200,3200
7260,0,3200,3200
7261,0,3200,3200
7262,0,3200,3200
7263,0,3200,3200
7264,0,3200,3200
7265,0,3200,3200
7266,0,3200,3200
7267,0,3200,3200
7268,0,3200,3200
7269,0,3200,3200
7270,0,3200,3200
7271,0,3200,3200
7272,0,3200,3200
7273,0,3200,3200
7274,0,3200,3200
7275,0,3200,3200
7276,0,3200,3200
7277,0,3200,3200
7278,0,3200,3200
7279,0,3200,3200
7280,0,3200,3200
7281,0,3200,3200
7282,0,3200,3200
7283,0,3200,3200
7284,0,3200,3200
7285,0,3200,3200
7286,0,3200,3200
7287,0,3200,3200
7288,0,3200,3200
7289,0,3200,3200
7290,0,3200,3200
7291,0,3200,3200
7292,0,3200,3200
7293,0,3200,3200
7294,0,3200,3200
7295,0,3200,3200
7296,0,3200,3200
7297,0,3200,3200
7298,0,3200,3200
7299,0,3200,3200
7300,0,3200,3200
7301,0,3200,3200
7302,0,3200,3200
7303,0,3200,3200
7304,0,3200,3200
7305,0,3200,3200
7306,0,3200,3200
7307,0,3200,3200
7308,0,3200,3200
7309,0,3200,3200
7310,0,3200,3200
7311,0,3200,3200
7312,0,3200,3200
7313,0,3200,3200
7314,0,3200,3200
7315,0,3200,3200
7316,0,3200,3200
7317,0,3200,3200
7318,0,3200,3200
7319,0,3200,3200
7320,0,3200,3200
7321,0,3200,3200
7322,0,3200,3200
7323,0,3200,3200
7324,0,3200,3200
7325,0,3200,3200
7326,0,3200,3200
7327,0,3200,3200
7328,0,3200,3200
7329,0,3200,3200
7330,0,3200,3200
7331,0,3200,3200
7332,0,3200,3200
7333,0,3200,3200
7334,0,3200,3200
7335,0,3200,3200
7336,0,3200,3200
7337,0,3200,3200
7338,0,3200,3200
7339,0,3200,3200
7340,0,3200,3200
7341,0,3200,3200
7342,0,3200,3200
7343,0,3200,3200
7344,0,3200,3200
7345,0,3200,3200
7346,0,3200,3200
7347,0,3200,3200
7348,0,3200,3200
7349,0,3200,3200
7350,0,3200,3200
7351,0,3200,3200
7352,0,3200,3200
7353,0,3200,3200
7354,0,3200,3200
7355,0,3200,3200
7356,0,3200,3200
7357,0,3200,3200
7358,0,3200,3200
7359,0,3200,3200
7360,0,3200,3200
7361,0,3200,3200
7362,0,3200,3200
7363,0,3200,3200
7364,0,3200,3200
7365,0,3200,3200
7366,0,3200,3200
7367,0,3200,3200
7368,0,3200,3200
7369,0,3200,3200
7370,0,3200,3200
7371,0,3200,3200
7372,0,3200,3200
7373,0,3200,3200
7374,0,3200,3200
7375,0,3200,3200
7376,0,3200,3200
7377,0,3200,3200
7378,0,3200,3200
7379,0,3200,3200
7380,0,3200,3200
7381,0,3200,3200
7382,0,3200,3200
7383,0,3200,3200
7384,0,3200,3200
7385,0,3200,3200
7386,0,3200,3200
7387,0,3200,3200
7388,0,3200,3200
7389,0,3200,3200
7390,0,3200,3200
7391,0,3200,3200
7392,0,3200,3200
7393,0,3200,3200
7394,0,3200,3200
7395,0,3200,3200
7396,0,3200,3200
7397,0,3200,3200
7398,0,3200,3200
7399,0,3200,3200
7400,0,3200,3200
7401,0,3200,3200
7402,0,3200,3200
7403,0,3200,3200
7404,0,3200,3200
7405,0,3200,3200
7406,0,3200,3200
7407,0,3200,3200
7408,0,3200,3200
7409,0,3200,3200
7410,0,3200,3200
7411,0,3200,3200
7412,0,3200,3200
7413,0,3200,3200
7414,0,3200,3200
7415,0,3200,3200
7416,0,3200,3200
7417,0,3200,3200
7418,0,3200,3200
7419,0,3200,3200
7420,0,3200,3200
7421,0,3200,3200
7422,0,3200,3200
7423,0,3200,3200
7424,0,3200,3200
7425,0,3200,3200
7426,0,3200,3200
7427,0,3200,3200
7428,0,3200,3200
7429,0,3200,3200
7430,0,3200,3200
7431,0,3200,3200
7432,0,3200,3200
7433,0,3200,3200
7434,0,3200,3200
7435,0,3200,3200
7436,0,3200,3200
7437,0,3200,3200
7438,0,3200,3200
7439,0,3200,3200
7440,0,3200,3200
7441,0,3200,3200
7442,0,3200,3200
7443,0,3200,3200
7444,0,3200,3200
7445,0,3200,3200
7446,0,3200,3200
7447,0,3200,3200
7448,0,3200,3200
7449,0,3200,3200
7450,0,3200,3200
7451,0,3200,3200
7452,0,3200,3200
7453,0,3200,3200
7454,0,3200,3200
7455,0,3200,3200
7456,0,3200,3200
7457,0,3200,3200
7458,0,3200,3200
7459,0,3200,3200
7460,0,3200,3200
7461,0,3200,3200
7462,0,3200,3200
7463,0,3200,3200
7464,0,3200,3200
7465,0,3200,3200
7466,0,3200,3200
7467,0,3200,3200
7468,0,3200,3200
7469,0,3200,3200
7470,0,3200,3200
7471,0,3200,3200
7472,0,3200,3200
7473,0,3200,3200
7474,0,3200,3200
7475,0,3200,3200
7476,0,3200,3200
7477,0,3200,3200
7478,0,3200,3200
7479,0,3200,3200
7480,0,3200,3200
7481,0,3200,3200
7482,0,3200,3200
7483,0,3200,3200
7484,0,3200,3200
7485,0,3200,3200
7486,0,3200,3200
7487,0,3200,3200
7488,0,3200,3200
7489,0,3200,3200
7490,0,3200,3200
7491,0,3200,3200
7492,0,3200,3200
7493,0,3200,3200
7494,0,3200,3200
7495,0,3200,3200
7496,0,3200,3200
7497,0,3200,3200
7498,0,3200,3200
7499,0,3200,3200
7500,0,3200,3200
7501,0,3200,3200
7502,0,3200,3200
7503,0,3200,3200
7504,0,3200,3200
7505,0,3200,3200
7506,0,3200,3200
7507,0,3200,3200
7508,0,3200,3200
7509,0,3200,3200
7510,0,3200,3200
7511,0,3200,3200
7512,0,3200,3200
7513,0,3200,3200
7514,0,3200,3200
7515,0,3200,3200
7516,0,3200,3200
7517,0,3200,3200
7518,0,3200,3200
7519,0,3200,3200
7520,0,3200,3200
7521,0,3200,3200
7522,0,3200,3200
7523,0,3200,3200
7524,0,3200,3200
7525,0,3200,3200
7526,0,3200,3200
7527,0,3200,3200
7528,0,3200,3200
7529,0,3200,3200
7530,0,3200,3200
7531,0,3200,3200
7532,0,3200,3200
7533,0,3200,3200
7534,0,3200,3200
7535,0,3200,3200
7536,0,3200,3200
7537,0,3200,3200
7538,0,3200,3200
7539,0,3200,3200
7540,0,3200,3200
7541,0,3200,3200
7542,0,3200,3200
7543,0,3200,3200
7544,0,3200,3200
7545,0,3200,3200
7546,0,3200,3200
7547,0,3200,3200
7548,0,3200,3200
7549,0,3200,3200
7550,0,3200,3200
7551,0,3200,3200
7552,0,3200,3200
7553,0,3200,3200
7554,0,3200,3200
7555,0,3200,3200
7556,0,3200,3200
7557,0,3200,3200
7558,0,3200,3200
7559,0,3200,3200
7560,0,3200,3200
7561,0,3200,3200
7562,0,3200,3200
7563,0,3200,3200
7564,0,3200,3200
7565,0,3200,3200
7566,0,3200,3200
7567,0,3200,3200
7568,0,3200,3200
7569,0,3200,3200
7570,0,3200,3200
7571,0,3200,3200
7572,0,3200,3200
7573,0,3200,3200
7574,0,3200,3200
7575,0,3200,3200
7576,0,3200,3200
7577,0,3200,3200
7578,0,3200,3200
7579,0,3200,3200
7580,0,3200,3200
7581,0,3200,3200
7582,0,3200,3200
7583,0,3200,3200
7584,0,3200,3200
7585,0,3200,3200
7586,0,3200,3200
7587,0,3200,3200
7588,0,3200,3200
7589,0,3200,3200
7590,0,3200,3200
7591,0,3200,3200
7592,0,3200,3200
7593,0,3200,3200
7594,0,3200,3200
7595,0,3200,3200
7596,0,3200,3200
7597,0,3200,3200
7598,0,3200,3200
7599,0,3200,3200
7600,0,3200,3200
7601,0,3200,3200
7602,0,3200,3200
7603,0,3200,3200
7604,0,3200,3200
7605,0,3200,3200
7606,0,3200,3200
7607,0,3200,3200
7608,0,3200,3200
7609,0,3200,3200
7610,0,3200,3200
7611,0,3200,3200
7612,0,3200,3200
7613,0,3200,3200
7614,0,3200,3200
7615,0,3200,3200
7616,0,3200,3200
7617,0,3200,3200
7618,0,3200,3200
7619,0,3200,3200
7620,0,3200,3200
7621,0,3200,3200
7622,0,3200,3200
7623,0,3200,3200
7624,0,3200,3200
7625,0,3200,3200
7626,0,3200,3200
7627,0,3200,3200
7628,0,3200,3200
7629,0,3200,3200
7630,0,3200,3200
7631,0,3200,3200
7632,0,3200,3200
7633,0,3200,3200
7634,0,3200,3200
7635,0,3200,3200
7636,0,3200,3200
7637,0,3200,3200
7638,0,3200,3200
7639,0,3200,3200
7640,0,3200,3200
7641,0,3200,3200
7642,0,3200,3200
7643,0,3200,3200
7644,0,3200,3200
7645,0,3200,3200
7646,0,3200,3200
7647,0,3200,3200
7648,0,3200,3200
7649,0,3200,3200
7650,0,3200,3200
7651,0,3200,3200
7652,0,3200,3200
7653,0,3200,3200
7654,0,3200,3200
7655,0,3200,3200
7656,0,3200,3200
7657,0,3200,3200
7658,0,3200,3200
7659,0,3200,3200
7660,0,3200,3200
7661,0,3200,3200
7662,0,3200,3200
7663,0,3200,3200
7664,0,3200,3200
7665,0,3200,3200
7666,0,3200,3200
7667,0,3200,3200
7668,0,3200,3200
7669,0,3200,3200
7670,0,3200,3200
7671,0,3200,3200
7672,0,3200,3200
7673,0,3200,3200
7674,0,3200,3200
7675,0,3200,3200
7676,0,3200,3200
7677,0,3200,3200
7678,0,3200,3200
7679,0,3200,3200
7680,0,3200,3200
7681,0,3200,3200
7682,0,3200,3200
7683,0,3200,3200
7684,0,3200,3200
7685,0,3200,3200
7686,0,3200,3200
7687,0,3200,3200
7688,0,3200,3200
7689,0,3200,3200
7690,0,3200,3200
7691,0,3200,3200
7692,0,3200,3200
7693,0,3200,3200
7694,0,3200,3200
7695,0,3200,3200
7696,0,3200,3200
7697,0,3200,3200
7698,0,3200,3200
7699,0,3200,3200
7700,0,3200,3200
7701,0,3200,3200
7702,0,3200,3200
7703,0,3200,3200
7704,0,3200,3200
7705,0,3200,3200
7706,0,3200,3200
7707,0,3200,3200
7708,0,3200,3200
7709,0,3200,3200
7710,0,3200,3200
7711,0,3200,3200
7712,0,3200,3200
7713,0,3200,3200
7714,0,3200,3200
7715,0,3200,3200
7716,0,3200,3200
7717,0,3200,3200
7718,0,3200,3200
7719,0,3200,3200
7720,0,3200,3200
7721,0,3200,3200
7722,0,3200,3200
7723,0,3200,3200
7724,0,3200,3200
7725,0,3200,3200
7726,0,3200,3200
7727,0,3200,3200
7728,0,3200,3200
7729,0,3200,3200
7730,0,3200,3200
7731,0,3200,3200
7732,0,3200,3200
7733,0,3200,3200
7734,0,3200,3200
7735,0,3200,3200
7736,0,3200,3200
7737,0,3200,3200
7738,0,3200,3200
7739,0,3200,3200
7740,0,3200,3200
7741,0,3200,3200
7742,0,3200,3200
7743,0,3200,3200
7744,0,3200,3200
7745,0,3200,3200
7746,0,3200,3200
7747,0,3200,3200
7748,0,3200,3200
7749,0,3200,3200
7750,0,3200,3200
7751,0,3200,3200
7752,0,3200,3200
7753,0,3200,3200
7754,0,3200,3200
7755,0,3200,3200
7756,0,3200,3200
7757,0,3200,3200
7758,0,3200,3200
7759,0,3200,3200
7760,0,3200,3200
7761,0,3200,3200
7762,0,3200,3200
7763,0,3200,3200
7764,0,3200,3200
7765,0,3200,3200
7766,0,3200,3200
7767,0,3200,3200
7768,0,3200,3200
7769,0,3200,3200
7770,0,3200,3200
7771,0,3200,3200
7772,0,3200,3200
7773,0,3200,3200
7774,0,3200,3200
7775,0,3200,3200
7776,0,3200,3200
7777,0,3200,3200
7778,0,3200,3200
7779,0,3200,3200
7780,0,3200,3200
7781,0,3200,3200
7782,0,3200,3200
7783,0,3200,3200
7784,0,3200,3200
7785,0,3200,3200
7786,0,3200,3200
7787,0,3200,3200
7788,0,3200,3200
7789,0,3200,3200
7790,0,3200,3200
7791,0,3200,3200
7792,0,3200,3200
7793,0,3200,3200
7794,0,3200,3200
7795,0,3200,3200
7796,0,3200,3200
7797,0,3200,3200
7798,0,3200,3200
7799,0,3200,3200
7800,0,3200,3200
7801,0,3200,3200
7802,0,3200,3200
7803,0,3200,3200
7804,0,3200,3200
7805,0,3200,3200
7806,0,3200,3200
7807,0,3200,3200
7808,0,3200,3200
7809,0,3200,3200
7810,0,3200,3200
7811,0,3200,3200
7812,0,3200,3200
7813,0,3200,3200
7814,0,3200,3200
7815,0,3200,3200
7816,0,3200,3200
7817,0,3200,3200
7818,0,3200,3200
7819,0,3200,3200
7820,0,3200,3200
7821,0,3200,3200
7822,0,3200,3200
7823,0,3200,3200
7824,0,3200,3200
7825,0,3200,3200
7826,0,3200,3200
7827,0,3200,3200
7828,0,3200,3200
7829,0,3200,3200
7830,0,3200,3200
7831,0,3200,3200
7832,0,3200,3200
7833,0,3200,3200
7834,0,3200,3200
7835,0,3200,3200
7836,0,3200,3200
7837,0,3200,3200
7838,0,3200,3200
7839,0,3200,3200
7840,0,3200,3200
7841,0,3200,3200
7842,0,3200,3200
7843,0,3200,3200
7844,0,3200,3200
7845,0,3200,3200
7846,0,3200,3200
7847,0,3200,3200
7848,0,3200,3200
7849,0,3200,3200
7850,0,3200,3200
7851,0,3200,3200
7852,0,3200,3200
7853,0,3200,3200
7854,0,3200,3200
7855,0,3200,3200
7856,0,3200,3200
7857,0,3200,3200
7858,0,3200,3200
7859,0,3200,3200
7860,0,3200,3200
7861,0,3200,3200
7862,0,3200,3200
7863,0,3200,3200
7864,0,3200,3200
7865,0,3200,3200
7866,0,3200,3200
7867,0,3200,3200
7868,0,3200,3200
7869,0,3200,3200
7870,0,3200,3200
7871,0,3200,3200
7872,0,3200,3200
7873,0,3200,3200
7874,0,3200,3200
7875,0,3200,3200
7876,0,3200,3200
7877,0,3200,3200
7878,0,3200,3200
7879,0,3200,3200
7880,0,3200,3200
7881,0,3200,3200
7882,0,3200,3200
7883,0,3200,3200
7884,0,3200,3200
7885,0,3200,3200
7886,0,3200,3200
7887,0,3200,3200
7888,0,3200,3200
7889,0,3200,3200
7890,0,3200,3200
7891,0,3200,3200
7892,0,3200,3200
7893,0,3200,3200
7894,0,3200,3200
7895,0,3200,3200
7896,0,3200,3200
7897,0,3200,3200
7898,0,3200,3200
7899,0,3200,3200
7900,0,3200,3200
7901,0,3200,3200
7902,0,3200,3200
7903,0,3200,3200
7904,0,3200,3200
7905,0,3200,3200
7906,0,3200,3200
7907,0,3200,3200
7908,0,3200,3200
7909,0,3200,3200
7910,0,3200,3200
7911,0,3200,3200
7912,0,3200,3200
7913,0,3200,3200
7914,0,3200,3200
7915,0,3200,3200
7916,0,3200,3200
7917,0,3200,3200
7918,0,3200,3200
7919,0,3200,3200
7920,0,3200,3200
7921,0,3200,3200
7922,0,3200,3200
7923,0,3200,3200
7924,0,3200,3200
7925,0,3200,3200
7926,0,3200,3200
7927,0,3200,3200
7928,0,3200,3200
7929,0,3200,3200
7930,0,3200,3200
7931,0,3200,3200
7932,0,3200,3200
7933,0,3200,3200
7934,0,3200,3200
7935,0,3200,3200
7936,0,3200,3200
7937,0,3200,3200
7938,0,3200,3200
7939,0,3200,3200
7940,0,3200,3200
7941,0,3200,3200
7942,0,3200,3200
7943,0,3200,3200
7944,0,3200,3200
7945,0,3200,3200
7946,0,3200,3200
7947,0,3200,3200
7948,0,3200,3200
7949,0,3200,3200
7950,0,3200,3200
7951,0,3200,3200
7952,0,3200,3200
7953,0,3200,3200
7954,0,3200,3200
7955,0,3200,3200
7956,0,3200,3200
7957,0,3200,3200
7958,0,3200,3200
7959,0,3200,3200
7960,0,3200,3200
7961,0,3200,3200
7962,0,3200,3200
7963,0,3200,3200
7964,0,3200,3200
7965,0,3200,3200
7966,0,3200,3200
7967,0,3200,3200
7968,0,3200,3200
7969,0,3200,3200
7970,0,3200,3200
7971,0,3200,3200
7972,0,3200,3200
7973,0,3200,3200
7974,0,3200,3200
7975,0,3200,3200
7976,0,3200,3200
7977,0,3200,3200
7978,0,3200,3200
7979,0,3200,3200
7980,0,3200,3200
7981,0,3200,3200
7982,0,3200,3200
7983,0,3200,3200
7984,0,3200,3200
7985,0,3200,3200
7986,0,3200,3200
7987,0,3200,3200
7988,0,3200,3200
7989,0,3200,3200
7990,0,3200,3200
7991,0,3200,3200
7992,0,3200,3200
7993,0,3200,3200
7994,0,3200,3200
7995,0,3200,3200
7996,0,3200,3200
7997,0,3200,3200
7998,0,3200,3200
7999,0,3200,3200
8000,0,3200,3200
8001,0,3200,3200
8002,0,3200,3200
8003,0,3200,3200
8004,0,3200,3200
8005,0,3200,3200
8006,0,3200,3200
8007,0,3200,3200
8008,0,3200,3200
8009,0,3200,3200
8010,0,3200,3200
8011,0,3200,3200
8012,0,3200,3200
8013,0,3200,3200
8014,0,3200,3200
8015,0,3200,3200
8016,0,3200,3200
8017,0,3200,3200
8018,0,3200,3200
8019,0,3200,3200
8020,0,3200,3200
8021,0,3200,3200
8022,0,3200,3200
8023,0,3200,3200
8024,0,3200,3200
8025,0,3200,3200
8026,0,3200,3200
8027,0,3200,3200
8028,0,3200,3200
8029,0,3200,3200
8030,0,3200,3200
8031,0,3200,3200
8032,0,3200,3200
8033,0,3200,3200
8034,0,3200,3200
8035,0,3200,3200
8036,0,3200,3200
8037,0,3200,3200
8038,0,3200,3200
8039,0,3200,3200
8040,0,3200,3200
8041,0,3200,3200
8042,0,3200,3200
8043,0,3200,3200
8044,0,3200,3200
8045,0,3200,3200
8046,0,3200,3200
8047,0,3200,3200
8048,0,3200,3200
8049,0,3200,3200
8050,0,3200,3200
8051,0,3200,3200
8052,0,3200,3200
8053,0,3200,3200
8054,0,3200,3200
8055,0,3200,3200
8056,0,3200,3200
8057,0,3200,3200
8058,0,3200,3200
8059,0,3200,3200
8060,0,3200,3200
8061,0,3200,3200
8062,0,3200,3200
8063,0,3200,3200
8064,0,3200,3200
8065,0,3200,3200
8066,0,3200,3200
8067,0,3200,3200
8068,0,3200,3200
8069,0,3200,3200
8070,0,3200,3200
8071,0,3200,3200
8072,0,3200,3200
8073,0,3200,3200
8074,0,3200,3200
8075,0,3200,3200
8076,0,3200,3200
8077,0,3200,3200
8078,0,3200,3200
8079,0,3200,3200
8080,0,3200,3200
8081,0,3200,3200
8082,0,3200,3200
8083,0,3200,3200
8084,0,3200,3200
8085,0,3200,3200
8086,0,3200,3200
8087,0,3200,3200
8088,0,3200,3200
8089,0,3200,3200
8090,0,3200,3200
8091,0,3200,3200
8092,0,3200,3200
8093,0,3200,3200
8094,0,3200,3200
8095,0,3200,3200
8096,0,3200,3200
8097,0,3200,3200
8098,0,3200,3200
8099,0,3200,3200
8100,0,3200,3200
8101,0,3200,3200
8102,0,3200,3200
8103,0,3200,3200
8104,0,3200,3200
8105,0,3200,3200
8106,0,3200,3200
8107,0,3200,3200
8108,0,3200,3200
8109,0,3200,3200
8110,0,3200,3200
8111,0,3200,3200
8112,0,3200,3200
8113,0,3200,3200
8114,0,3200,3200
8115,0,3200,3200
8116,0,3200,3200
8117,0,3200,3200
8118,0,3200,3200
8119,0,3200,3200
8120,0,3200,3200
8121,0,3200,3200
8122,0,3200,3200
8123,0,3200,3200
8124,0,3200,3200
8125,0,3200,3200
8126,0,3200,3200
8127,0,3200,3200
8128,0,3200,3200
8129,0,3200,3200
8130,0,3200,3200
8131,0,3200,3200
8132,0,3200,3200
8133,0,3200,3200
8134,0,3200,3200
8135,0,3200,3200
8136,0,3200,3200
8137,0,3200,3200
8138,0,3200,3200
8139,0,3200,3200
8140,0,3200,3200
8141,0,3200,3200
8142,0,3200,3200
8143,0,3200,3200
8144,0,3200,3200
8145,0,3200,3200
8146,0,3200,3200
8147,0,3200,3200
8148,0,3200,3200
8149,0,3200,3200
8150,0,3200,3200
8151,0,3200,3200
8152,0,3200,3200
8153,0,3200,3200
8154,0,3200,3200
8155,0,3200,3200
8156,0,3200,3200
8157,0,3200,3200
8158,0,3200,3200
8159,0,3200,3200
8160,0,3200,3200
8161,0,3200,3200
8162,0,3200,3200
8163,0,3200,3200
8164,0,3200,3200
8165,0,3200,3200
8166,0,3200,3200
8167,0,3200,3200
8168,0,3200,3200
8169,0,3200,3200
8170,0,3200,3200
8171,0,3200,3200
8172,0,3200,3200
8173,0,3200,3200
8174,0,3200,3200
8175,0,3200,3200
8176,0,3200,3200
8177,0,3200,3200
8178,0,3200,3200
8179,0,3200,3200
8180,0,3200,3200
8181,0,3200,3200
8182,0,3200,3200
8183,0,3200,3200
8184,0,3200,3200
8185,0,3200,3200
8186,0,3200,3200
8187,0,3200,3200
8188,0,3200,3200
8189,0,3200,3200
8190,0,3200,3200
8191,0,3200,3200
8192,0,3200,3200
8193,0,3200,3200
8194,0,3200,3200
8195,0,3200,3200
8196,0,3200,3200
8197,0,3200,3200
8198,0,3200,3200
8199,0,3200,3200
8200,0,3200,3200
8201,0,3200,3200
8202,0,3200,3200
8203,0,3200,3200
8204,0,3200,3200
8205,0,3200,3200
8206,0,3200,3200
8207,0,3200,3200
8208,0,3200,3200
8209,0,3200,3200
8210,0,3200,3200
8211,0,3200,3200
8212,0,3200,3200
8213,0,3200,3200
8214,0,3200,3200
8215,0,3200,3200
8216,0,3200,3200
8217,0,3200,3200
8218,0,3200,3200
8219,0,3200,3200
8220,0,3200,3200
8221,0,3200,3200
8222,0,3200,3200
8223,0,3200,3200
8224,0,3200,3200
8225,0,3200,3200
8226,0,3200,3200
8227,0,3200,3200
8228,0,3200,3200
8229,0,3200,3200
8230,0,3200,3200
8231,0,3200,3200
8232,0,3200,3200
8233,0,3200,3200
8234,0,3200,3200
8235,0,3200,3200
8236,0,3200,3200
8237,0,3200,3200
8238,0,3200,3200
8239,0,3200,3200
8240,0,3200,3200
8241,0,3200,3200
8242,0,3200,3200
8243,0,3200,3200
8244,0,3200,3200
8245,0,3200,3200
8246,0,3200,3200
8247,0,3200,3200
8248,0,3200,3200
8249,0,3200,3200
8250,0,3200,3200
8251,0,3200,3200
8252,0,3200,3200
8253,0,3200,3200
8254,0,3200,3200
8255,0,3200,3200
8256,0,3200,3200
8257,0,3200,3200
8258,0,3200,3200
8259,0,3200,3200
8260,0,3200,3200
8261,0,3200,3200
8262,0,3200,3200
8263,0,3200,3200
8264,0,3200,3200
8265,0,3200,3200
8266,0,3200,3200
8267,0,3200,3200
8268,0,3200,3200
8269,0,3200,3200
8270,0,3200,3200
8271,0,3200,3200
8272,0,3200,3200
8273,0,3200,3200
8274,0,3200,3200
8275,0,3200,3200
8276,0,3200,3200
8277,0,3200,3200
8278,0,3200,3200
8279,0,3200,3200
8280,0,3200,3200
8281,0,3200,3200
8282,0,3200,3200
8283,0,3200,3200
8284,0,3200,3200
8285,0,3200,3200
8286,0,3200,3200
8287,0,3200,3200
8288,0,3200,3200
8289,0,3200,3200
8290,0,3200,3200
8291,0,3200,3200
8292,0,3200,3200
8293,0,3200,3200
8294,0,3200,3200
8295,0,3200,3200
8296,0,3200,3200
8297,0,3200,3200
8298,0,3200,3200
8299,0,3200,3200
8300,0,3200,3200
8301,0,3200,3200
8302,0,3200,3200
8303,0,3200,3200
8304,0,3200,3200
8305,0,3200,3200
8306,0,3200,3200
8307,0,3200,3200
8308,0,3200,3200
8309,0,3200,3200
8310,0,3200,3200
8311,0,3200,3200
8312,0,3200,3200
8313,0,3200,3200
8314,0,3200,3200
8315,0,3200,3200
8316,0,3200,3200
8317,0,3200,3200
8318,0,3200,3200
8319,0,3200,3200
8320,0,3200,3200
8321,0,3200,3200
8322,0,3200,3200
8323,0,3200,3200
8324,0,3200,3200
8325,0,3200,3200
8326,0,3200,3200
8327,0,3200,3200
8328,0,3200,3200
8329,0,3200,3200
8330,0,3200,3200
8331,0,3200,3200
8332,0,3200,3200
8333,0,3200,3200
8334,0,3200,3200
8335,0,3200,3200
8336,0,3200,3200
8337,0,3200,3200
8338,0,3200,3200
8339,0,3200,3200
8340,0,3200,3200
8341,0,3200,3200
8342,0,3200,3200
8343,0,3200,3200
8344,0,3200,3200
8345,0,3200,3200
8346,0,3200,3200
8347,0,3200,3200
8348,0,3200,3200
8349,0,3200,3200
8350,0,3200,3200
8351,0,3200,3200
8352,0,3200,3200
8353,0,3200,3200
8354,0,3200,3200
8355,0,3200,3200
8356,0,3200,3200
8357,0,3200,3200
8358,0,3200,3200
8359,0,3200,3200
8360,0,3200,3200
8361,0,3200,3200
8362,0,3200,3200
8363,0,3200,3200
8364,0,3200,3200
8365,0,3200,3200
8366,0,3200,3200
8367,0,3200,3200
8368,0,3200,3200
8369,0,3200,3200
8370,0,3200,3200
8371,0,3200,3200
8372,0,3200,3200
8373,0,3200,3200
8374,0,3200,3200
8375,0,3200,3200
8376,0,3200,3200
8377,0,3200,3200
8378,0,3200,3200
8379,0,3200,3200
8380,0,3200,3200
8381,0,3200,3200
8382,0,3200,3200
8383,0,3200,3200
8384,0,3200,3200
8385,0,3200,3200
8386,0,3200,3200
8387,0,3200,3200
8388,0,3200,3200
8389,0,3200,3200
8390,0,3200,3200
8391,0,3200,3200
8392,0,3200,3200
8393,0,3200,3200
8394,0,3200,3200
8395,0,3200,3200
8396,0,3200,3200
8397,0,3200,3200
8398,0,3200,3200
8399,0,3200,3200
8400,0,3200,3200
8401,0,3200,3200
8402,0,3200,3200
8403,0,3200,3200
8404,0,3200,3200
8405,0,3200,3200
8406,0,3200,3200
8407,0,3200,3200
8408,0,3200,3200
8409,0,3200,3200
8410,0,3200,3200
8411,0,3200,3200
8412,0,3200,3200
8413,0,3200,3200
8414,0,3200,3200
8415,0,3200,3200
8416,0,3200,3200
8417,0,3200,3200
8418,0,3200,3200
8419,0,3200,3200
8420,0,3200,3200
8421,0,3200,3200
8422,0,3200,3200
8423,0,3200,3200
8424,0,3200,3200
8425,0,3200,3200
8426,0,3200,3200
8427,0,3200,3200
8428,0,3200,3200
8429,0,3200,3200
8430,0,3200,3200
8431,0,3200,3200
8432,0,3200,3200
8433,0,3200,3200
8434,0,3200,3200
8435,0,3200,3200
8436,0,3200,3200
8437,0,3200,3200
8438,0,3200,3200
8439,0,3200,3200
8440,0,3200,3200
8441,0,3200,3200
8442,0,3200,3200
8443,0,3200,3200
8444,0,3200,3200
8445,0,3200,3200
8446,0,3200,3200
8447,0,3200,3200
8448,0,3200,3200
8449,0,3200,3200
8450,0,3200,3200
8451,0,3200,3200
8452,0,3200,3200
8453,0,3200,3200
8454,0,3200,3200
8455,0,3200,3200
8456,0,3200,3200
8457,0,3200,3200
8458,0,3200,3200
8459,0,3200,3200
8460,0,3200,3200
8461,0,3200,3200
8462,0,3200,3200
8463,0,3200,3200
8464,0,3200,3200
8465,0,3200,3200
8466,0,3200,3200
8467,0,3200,3200
8468,0,3200,3200
8469,0,3200,3200
8470,0,3200,3200
8471,0,3200,3200
8472,0,3200,3200
8473,0,3200,3200
8474,0,3200,3200
8475,0,3200,3200
8476,0,3200,3200
8477,0,3200,3200
8478,0,3200,3200
8479,0,3200,3200
8480,0,3200,3200
8481,0,3200,3200
8482,0,3200,3200
8483,0,3200,3200
8484,0,3200,3200
8485,0,3200,3200
8486,0,3200,3200
8487,0,3200,3200
8488,0,3200,3200
8489,0,3200,3200
8490,0,3200,3200
8491,0,3200,3200
8492,0,3200,3200
8493,0,3200,3200
8494,0,3200,3200
8495,0,3200,3200
8496,0,3200,3200
8497,0,3200,3200
8498,0,3200,3200
8499,0,3200,3200
8500,0,3200,3200
8501,0,3200,3200
8502,0,3200,3200
8503,0,3200,3200
8504,0,3200,3200
8505,0,3200,3200
8506,0,3200,3200
8507,0,3200,3200
8508,0,3200,3200
8509,0,3200,3200
8510,0,3200,3200
8511,0,3200,3200
8512,0,3200,3200
8513,0,3200,3200
8514,0,3200,3200
8515,0,3200,3200
8516,0,3200,3200
8517,0,3200,3200
8518,0,3200,3200
8519,0,3200,3200
8520,0,3200,3200
8521,0,3200,3200
8522,0,3200,3200
8523,0,3200,3200
8524,0,3200,3200
8525,0,3200,3200
8526,0,3200,3200
8527,0,3200,3200
8528,0,3200,3200
8529,0,3200,3200
8530,0,3200,3200
8531,0,3200,3200
8532,0,3200,3200
8533,0,3200,3200
8534,0,3200,3200
8535,0,3200,3200
8536,0,3200,3200
8537,0,3200,3200
8538,0,3200,3200
8539,0,3200,3200
8540,0,3200,3200
8541,0,3200,3200
8542,0,3200,3200
8543,0,3200,3200
8544,0,3200,3200
8545,0,3200,3200
8546,0,3200,3200
8547,0,3200,3200
8548,0,3200,3200
8549,0,3200,3200
8550,0,3200,3200
8551,0,3200,3200
8552,0,3200,3200
8553,0,3200,3200
8554,0,3200,3200
8555,0,3200,3200
8556,0,3200,3200
8557,0,3200,3200
8558,0,3200,3200
8559,0,3200,3200
8560,0,3200,3200
8561,0,3200,3200
8562,0,3200,3200
8563,0,3200,3200
8564,0,3200,3200
8565,0,3200,3200
8566,0,3200,3200
8567,0,3200,3200
8568,0,3200,3200
8569,0,3200,3200
8570,0,3200,3200
8571,0,3200,3200
8572,0,3200,3200
8573,0,3200,3200
8574,0,3200,3200
8575,0,3200,3200
8576,0,3200,3200
8577,0,3200,3200
8578,0,3200,3200
8579,0,3200,3200
8580,0,3200,3200
8581,0,3200,3200
8582,0,3200,3200
8583,0,3200,3200
8584,0,3200,3200
8585,0,3200,3200
8586,0,3200,3200
8587,0,3200,3200
8588,0,3200,3200
8589,0,3200,3200
8590,0,3200,3200
8591,0,3200,3200
8592,0,3200,3200
8593,0,3200,3200
8594,0,3200,3200
8595,0,3200,3200
8596,0,3200,3200
8597,0,3200,3200
8598,0,3200,3200
8599,0,3200,3200
8600,0,3200,3200
8601,0,3200,3200
8602,0,3200,3200
8603,0,3200,3200
8604,0,3200,3200
8605,0,3200,3200
8606,0,3200,3200
8607,0,3200,3200
8608,0,3200,3200
8609,0,3200,3200
8610,0,3200,3200
8611,0,3200,3200
8612,0,3200,3200
8613,0,3200,3200
8614,0,3200,3200
8615,0,3200,3200
8616,0,3200,3200
8617,0,3200,3200
8618,0,3200,3200
8619,0,3200,3200
8620,0,3200,3200
8621,0,3200,3200
8622,0,3200,3200
8623,0,3200,3200
8624,0,3200,3200
8625,0,3200,3200
8626,0,3200,3200
8627,0,3200,3200
8628,0,3200,3200
8629,0,3200,3200
8630,0,3200,3200
8631,0,3200,3200
8632,0,3200,3200
8633,0,3200,3200
8634,0,3200,3200
8635,0,3200,3200
8636,0,3200,3200
8637,0,3200,3200
8638,0,3200,3200
8639,0,3200,3200
8640,0,3200,3200
8641,0,3200,3200
8642,0,3200,3200
8643,0,3200,3200
8644,0,3200,3200
8645,0,3200,3200
8646,0,3200,3200
8647,0,3200,3200
8648,0,3200,3200
8649,0,3200,3200
8650,0,3200,3200
8651,0,3200,3200
8652,0,3200,3200
8653,0,3200,3200
8654,0,3200,3200
8655,0,3200,3200
8656,0,3200,3200
8657,0,3200,3200
8658,0,3200,3200
8659,0,3200,3200
8660,0,3200,3200
8661,0,3200,3200
8662,0,3200,3200
8663,0,3200,3200
8664,0,3200,3200
8665,0,3200,3200
8666,0,3200,3200
8667,0,3200,3200
8668,0,3200,3200
8669,0,3200,3200
8670,0,3200,3200
8671,0,3200,3200
8672,0,3200,3200
8673,0,3200,3200
8674,0,3200,3200
8675,0,3200,3200
8676,0,3200,3200
8677,0,3200,3200
8678,0,3200,3200
8679,0,3200,3200
8680,0,3200,3200
8681,0,3200,3200
8682,0,3200,3200
8683,0,3200,3200
8684,0,3200,3200
8685,0,3200,3200
8686,0,3200,3200
8687,0,3200,3200
8688,0,3200,3200
8689,0,3200,3200
8690,0,3200,3200
8691,0,3200,3200
8692,0,3200,3200
8693,0,3200,3200
8694,0,3200,3200
8695,0,3200,3200
8696,0,3200,3200
8697,0,3200,3200
8698,0,3200,3200
8699,0,3200,3200
8700,0,3200,3200
8701,0,3200,3200
8702,0,3200,3200
8703,0,3200,3200
8704,0,3200,3200
8705,0,3200,3200
8706,0,3200,3200
8707,0,3200,3200
8708,0,3200,3200
8709,0,3200,3200
8710,0,3200,3200
8711,0,3200,3200
8712,0,3200,3200
8713,0,3200,3200
8714,0,3200,3200
8715,0,3200,3200
8716,0,3200,3200
8717,0,3200,3200
8718,0,3200,3200
8719,0,3200,3200
8720,0,3200,3200
8721,0,3200,3200
8722,0,3200,3200
8723,0,3200,3200
8724,0,3200,3200
8725,0,3200,3200
8726,0,3200,3200
8727,0,3200,3200
8728,0,3200,3200
8729,0,3200,3200
8730,0,3200,3200
8731,0,3200,3200
8732,0,3200,3200
8733,0,3200,3200
8734,0,3200,3200
8735,0,3200,3200
8736,0,3200,3200
8737,0,3200,3200
8738,0,3200,3200
8739,0,3200,3200
8740,0,3200,3200
8741,0,3200,3200
8742,0,3200,3200
8743,0,3200,3200
8744,0,3200,3200
8745,0,3200,3200
8746,0,3200,3200
8747,0,3200,3200
8748,0,3200,3200
8749,0,3200,3200
8750,0,3200,3200
8751,0,3200,3200
8752,0,3200,3200
8753,0,3200,3200
8754,0,3200,3200
8755,0,3200,3200
8756,0,3200,3200
8757,0,3200,3200
8758,0,3200,3200
8759,0,3200,3200
8760,0,3200,3200
8761,0,3200,3200
8762,0,3200,3200
8763,0,3200,3200
8764,0,3200,3200
8765,0,3200,3200
8766,0,3200,3200
8767,0,3200,3200
8768,0,3200,3200
8769,0,3200,3200
8770,0,3200,3200
8771,0,3200,3200
8772,0,3200,3200
8773,0,3200,3200
8774,0,3200,3200
8775,0,3200,3200
8776,0,3200,3200
8777,0,3200,3200
8778,0,3200,3200
8779,0,3200,3200
8780,0,3200,3200
8781,0,3200,3200
8782,0,3200,3200
8783,0,3200,3200
8784,0,3200,3200
8785,0,3200,3200
8786,0,3200,3200
8787,0,3200,3200
8788,0,3200,3200
8789,0,3200,3200
8790,0,3200,3200
8791,0,3200,3200
8792,0,3200,3200
8793,0,3200,3200
8794,0,3200,3200
8795,0,3200,3200
8796,0,3200,3200
8797,0,3200,3200
8798,0,3200,3200
8799,0,3200,3200
8800,0,3200,3200
8801,0,3200,3200
8802,0,3200,3200
8803,0,3200,3200
8804,0,3200,3200
8805,0,3200,3200
8806,0,3200,3200
8807,0,3200,3200
8808,0,3200,3200
8809,0,3200,3200
8810,0,3200,3200
8811,0,3200,3200
8812,0,3200,3200
8813,0,3200,3200
8814,0,3200,3200
8815,0,3200,3200
8816,0,3200,3200
8817,0,3200,3200
8818,0,3200,3200
8819,0,3200,3200
8820,0,3200,3200
8821,0,3200,3200
8822,0,3200,3200
8823,0,3200,3200
8824,0,3200,3200
8825,0,3200,3200
8826,0,3200,3200
8827,0,3200,3200
8828,0,3200,3200
8829,0,3200,3200
8830,0,3200,3200
8831,0,3200,3200
8832,0,3200,3200
8833,0,3200,3200
8834,0,3200,3200
8835,0,3200,3200
8836,0,3200,3200
8837,0,3200,3200
8838,0,3200,3200
8839,0,3200,3200
8840,0,3200,3200
8841,0,3200,3200
8842,0,3200,3200
8843,0,3200,3200
8844,0,3200,3200
8845,0,3200,3200
8846,0,3200,3200
8847,0,3200,3200
8848,0,3200,3200
8849,0,3200,3200
8850,0,3200,3200
8851,0,3200,3200
8852,0,3200,3200
8853,0,3200,3200
8854,0,3200,3200
8855,0,3200,3200
8856,0,3200,3200
8857,0,3200,3200
8858,0,3200,3200
8859,0,3200,3200
8860,0,3200,3200
8861,0,3200,3200
8862,0,3200,3200
8863,0,3200,3200
8864,0,3200,3200
8865,0,3200,3200
8866,0,3200,3200
8867,0,3200,3200
8868,0,3200,3200
8869,0,3200,3200
8870,0,3200,3200
8871,0,3200,3200
8872,0,3200,3200
8873,0,3200,3200
8874,0,3200,3200
8875,0,3200,3200
8876,0,3200,3200
8877,0,3200,3200
8878,0,3200,3200
8879,0,3200,3200
8880,0,3200,3200
8881,0,3200,3200
8882,0,3200,3200
8883,0,3200,3200
8884,0,3200,3200
8885,0,3200,3200
8886,0,3200,3200
8887,0,3200,3200
8888,0,3200,3200
8889,0,3200,3200
8890,0,3200,3200
8891,0,3200,3200
8892,0,3200,3200
8893,0,3200,3200
8894,0,3200,3200
8895,0,3200,3200
8896,0,3200,3200
8897,0,3200,3200
8898,0,3200,3200
8899,0,3200,3200
8900,0,3200,3200
8901,0,3200,3200
8902,0,3200,3200
8903,0,3200,3200
8904,0,3200,3200
8905,0,3200,3200
8906,0,3200,3200
8907,0,3200,3200
8908,0,3200,3200
8909,0,3200,3200
8910,0,3200,3200
8911,0,3200,3200
8912,0,3200,3200
8913,0,3200,3200
8914,0,3200,3200
8915,0,3200,3200
8916,0,3200,3200
8917,0,3200,3200
8918,0,3200,3200
8919,0,3200,3200
8920,0,3200,3200
8921,0,3200,3200
8922,0,3200,3200
8923,0,3200,3200
8924,0,3200,3200
8925,0,3200,3200
8926,0,3200,3200
8927,0,3200,3200
8928,0,3200,3200
8929,0,3200,3200
8930,0,3200,3200
8931,0,3200,3200
8932,0,3200,3200
8933,0,3200,3200
8934,0,3200,3200
8935,0,3200,3200
8936,0,3200,3200
8937,0,3200,3200
8938,0,3200,3200
8939,0,3200,3200
8940,0,3200,3200
8941,0,3200,3200
8942,0,3200,3200
8943,0,3200,3200
8944,0,3200,3200
8945,0,3200,3200
8946,0,3200,3200
8947,0,3200,3200
8948,0,3200,3200
8949,0,3200,3200
8950,0,3200,3200
8951,0,3200,3200
8952,0,3200,3200
8953,0,3200,3200
8954,0,3200,3200
8955,0,3200,3200
8956,0,3200,3200
8957,0,3200,3200
8958,0,3200,3200
8959,0,3200,3200
8960,0,3200,3200
8961,0,3200,3200
8962,0,3200,3200
8963,0,3200,3200
8964,0,3200,3200
8965,0,3200,3200
8966,0,3200,3200
8967,0,3200,3200
8968,0,3200,3200
8969,0,3200,3200
8970,0,3200,3200
8971,0,3200,3200
8972,0,3200,3200
8973,0,3200,3200
8974,0,3200,3200
8975,0,3200,3200
8976,0,3200,3200
8977,0,3200,3200
8978,0,3200,3200
8979,0,3200,3200
8980,0,3200,3200
8981,0,3200,3200
8982,0,3200,3200
8983,0,3200,3200
8984,0,3200,3200
8985,0,3200,3200
8986,0,3200,3200
8987,0,3200,3200
8988,0,3200,3200
8989,0,3200,3200
8990,0,3200,3200
8991,0,3200,3200
8992,0,3200,3200
8993,0,3200,3200
8994,0,3200,3200
8995,0,3200,3200
8996,0,3200,3200
8997,0,3200,3200
8998,0,3200,3200
8999,0,3200,3200
9000,0,3200,3200
9001,0,3200,3200
9002,0,3200,3200
9003,0,3200,3200
9004,0,3200,3200
9005,0,3200,3200
9006,0,3200,3200
9007,0,3200,3200
9008,0,3200,3200
9009,0,3200,3200
9010,0,3200,3200
9011,0,3200,3200
9012,0,3200,3200
9013,0,3200,3200
9014,0,3200,3200
9015,0,3200,3200
9016,0,3200,3200
9017,0,3200,3200
9018,0,3200,3200
9019,0,3200,3200
9020,0,3200,3200
9021,0,3200,3200
9022,0,3200,3200
9023,0,3200,3200
9024,0,3200,3200
9025,0,3200,3200
9026,0,3200,3200
9027,0,3200,3200
9028,0,3200,3200
9029,0,3200,3200
9030,0,3200,3200
9031,0,3200,3200
9032,0,3200,3200
9033,0,3200,3200
9034,0,3200,3200
9035,0,3200,3200
9036,0,3200,3200
9037,0,3200,3200
9038,0,3200,3200
9039,0,3200,3200
9040,0,3200,3200
9041,0,3200,3200
9042,0,3200,3200
9043,0,3200,3200
9044,0,3200,3200
9045,0,3200,3200
9046,0,3200,3200
9047,0,3200,3200
9048,0,3200,3200
9049,0,3200,3200
9050,0,3200,3200
9051,0,3200,3200
9052,0,3200,3200
9053,0,3200,3200
9054,0,3200,3200
9055,0,3200,3200
9056,0,3200,3200
9057,0,3200,3200
9058,0,3200,3200
9059,0,3200,3200
9060,0,3200,3200
9061,0,3200,3200
9062,0,3200,3200
9063,0,3200,3200
9064,0,3200,3200
9065,0,3200,3200
9066,0,3200,3200
9067,0,3200,3200
9068,0,3200,3200
9069,0,3200,3200
9070,0,3200,3200
9071,0,3200,3200
9072,0,3200,3200
9073,0,3200,3200
9074,0,3200,3200
9075,0,3200,3200
9076,0,3200,3200
9077,0,3200,3200
9078,0,3200,3200
9079,0,3200,3200
9080,0,3200,3200
9081,0,3200,3200
9082,0,3200,3200
9083,0,3200,3200
9084,0,3200,3200
9085,0,3200,3200
9086,0,3200,3200
9087,0,3200,3200
9088,0,3200,3200
9089,0,3200,3200
9090,0,3200,3200
9091,0,3200,3200
9092,0,3200,3200
9093,0,3200,3200
9094,0,3200,3200
9095,0,3200,3200
9096,0,3200,3200
9097,0,3200,3200
9098,0,3200,3200
9099,0,3200,3200
9100,0,3200,3200
9101,0,3200,3200
9102,0,3200,3200
9103,0,3200,3200
9104,0,3200,3200
9105,0,3200,3200
9106,0,3200,3200
9107,0,3200,3200
9108,0,3200,3200
9109,0,3200,3200
9110,0,3200,3200
9111,0,3200,3200
9112,0,3200,3200
9113,0,3200,3200
9114,0,3200,3200
9115,0,3200,3200
9116,0,3200,3200
9117,0,3200,3200
9118,0,3200,3200
9119,0,3200,3200
9120,0,3200,3200
9121,0,3200,3200
9122,0,3200,3200
9123,0,3200,3200
9124,0,3200,3200
9125,0,3200,3200
9126,0,3200,3200
9127,0,3200,3200
9128,0,3200,3200
9129,0,3200,3200
9130,0,3200,3200
9131,0,3200,3200
9132,0,3200,3200
9133,0,3200,3200
9134,0,3200,3200
9135,0,3200,3200
9136,0,3200,3200
9137,0,3200,3200
9138,0,3200,3200
9139,0,3200,3200
9140,0,3200,3200
9141,0,3200,3200
9142,0,3200,3200
9143,0,3200,3200
9144,0,3200,3200
9145,0,3200,3200
9146,0,3200,3200
9147,0,3200,3200
9148,0,3200,3200
9149,0,3200,3200
9150,0,3200,3200
9151,0,3200,3200
9152,0,3200,3200
9153,0,3200,3200
9154,0,3200,3200
9155,0,3200,3200
9156,0,3200,3200
9157,0,3200,3200
9158,0,3200,3200
9159,0,3200,3200
9160,0,3200,3200
9161,0,3200,3200
9162,0,3200,3200
9163,0,3200,3200
9164,0,3200,3200
9165,0,3200,3200
9166,0,3200,3200
9167,0,3200,3200
9168,0,3200,3200
9169,0,3200,3200
9170,0,3200,3200
9171,0,3200,3200
9172,0,3200,3200
9173,0,3200,3200
9174,0,3200,3200
9175,0,3200,3200
9176,0,3200,3200
9177,0,3200,3200
9178,0,3200,3200
9179,0,3200,3200
9180,0,3200,3200
9181,0,3200,3200
9182,0,3200,3200
9183,0,3200,3200
9184,0,3200,3200
9185,0,3200,3200
9186,0,3200,3200
9187,0,3200,3200
9188,0,3200,3200
9189,0,3200,3200
9190,0,3200,3200
9191,0,3200,3200
9192,0,3200,3200
9193,0,3200,3200
9194,0,3200,3200
9195,0,3200,3200
9196,0,3200,3200
9197,0,3200,3200
9198,0,3200,3200
9199,0,3200,3200
9200,0,3200,3200
9201,0,3200,3200
9202,0,3200,3200
9203,0,3200,3200
9204,0,3200,3200
9205,0,3200,3200
9206,0,3200,3200
9207,0,3200,3200
9208,0,3200,3200
9209,0,3200,3200
9210,0,3200,3200
9211,0,3200,3200
9212,0,3200,3200
9213,0,3200,3200
9214,0,3200,3200
9215,0,3200,3200
9216,0,3200,3200
9217,0,3200,3200
9218,0,3200,3200
9219,0,3200,3200
9220,0,3200,3200
9221,0,3200,3200
9222,0,3200,3200
9223,0,3200,3200
9224,0,3200,3200
9225,0,3200,3200
9226,0,3200,3200
9227,0,3200,3200
9228,0,3200,3200
9229,0,3200,3200
9230,0,3200,3200
9231,0,3200,3200
9232,0,3200,3200
9233,0,3200,3200
9234,0,3200,3200
9235,0,3200,3200
9236,0,3200,3200
9237,0,3200,3200
9238,0,3200,3200
9239,0,3200,3200
9240,0,3200,3200
9241,0,3200,3200
9242,0,3200,3200
9243,0,3200,3200
9244,0,3200,3200
9245,0,3200,3200
9246,0,3200,3200
9247,0,3200,3200
9248,0,3200,3200
9249,0,3200,3200
9250,0,3200,3200
9251,0,3200,3200
9252,0,3200,3200
9253,0,3200,3200
9254,0,3200,3200
9255,0,3200,3200
9256,0,3200,3200
9257,0,3200,3200
9258,0,3200,3200
9259,0,3200,3200
9260,0,3200,3200
9261,0,3200,3200
9262,0,3200,3200
9263,0,3200,3200
9264,0,3200,3200
9265,0,3200,3200
9266,0,3200,3200
9267,0,3200,3200
9268,0,3200,3200
9269,0,3200,3200
9270,0,3200,3200
9271,0,3200,3200
9272,0,3200,3200
9273,0,3200,3200
9274,0,3200,3200
9275,0,3200,3200
9276,0,3200,3200
9277,0,3200,3200
9278,0,3200,3200
9279,0,3200,3200
9280,0,3200,3200
9281,0,3200,3200
9282,0,3200,3200
9283,0,3200,3200
9284,0,3200,3200
9285,0,3200,3200
9286,0,3200,3200
9287,0,3200,3200
9288,0,3200,3200
9289,0,3200,3200
9290,0,3200,3200
9291,0,3200,3200
9292,0,3200,3200
9293,0,3200,3200
9294,0,3200,3200
9295,0,3200,3200
9296,0,3200,3200
9297,0,3200,3200
9298,0,3200,3200
9299,0,3200,3200
9300,0,3200,3200
9301,0,3200,3200
9302,0,3200,3200
9303,0,3200,3200
9304,0,3200,3200
9305,0,3200,3200
9306,0,3200,3200
9307,0,3200,3200
9308,0,3200,3200
9309,0,3200,3200
9310,0,3200,3200
9311,0,3200,3200
9312,0,3200,3200
9313,0,3200,3200
9314,0,3200,3200
9315,0,3200,3200
9316,0,3200,3200
9317,0,3200,3200
9318,0,3200,3200
9319,0,3200,3200
9320,0,3200,3200
9321,0,3200,3200
9322,0,3200,3200
9323,0,3200,3200
9324,0,3200,3200
9325,0,3200,3200
9326,0,3200,3200
9327,0,3200,3200
9328,0,3200,3200
9329,0,3200,3200
9330,0,3200,3200
9331,0,3200,3200
9332,0,3200,3200
9333,0,3200,3200
9334,0,3200,3200
9335,0,3200,3200
9336,0,3200,3200
9337,0,3200,3200
9338,0,3200,3200
9339,0,3200,3200
9340,0,3200,3200
9341,0,3200,3200
9342,0,3200,3200
9343,0,3200,3200
9344,0,3200,3200
9345,0,3200,3200
9346,0,3200,3200
9347,0,3200,3200
9348,0,3200,3200
9349,0,3200,3200
9350,0,3200,3200
9351,0,3200,3200
9352,0,3200,3200
9353,0,3200,3200
9354,0,3200,3200
9355,0,3200,3200
9356,0,3200,3200
9357,0,3200,3200
9358,0,3200,3200
9359,0,3200,3200
9360,0,3200,3200
9361,0,3200,3200
9362,0,3200,3200
9363,0,3200,3200
9364,0,3200,3200
9365,0,3200,3200
9366,0,3200,3200
9367,0,3200,3200
9368,0,3200,3200
9369,0,3200,3200
9370,0,3200,3200
9371,0,3200,3200
9372,0,3200,3200
9373,0,3200,3200
9374,0,3200,3200
9375,0,3200,3200
9376,0,3200,3200
9377,0,3200,3200
9378,0,3200,3200
9379,0,3200,3200
9380,0,3200,3200
9381,0,3200,3200
9382,0,3200,3200
9383,0,3200,3200
9384,0,3200,3200
9385,0,3200,3200
9386,0,3200,3200
9387,0,3200,3200
9388,0,3200,3200
9389,0,3200,3200
9390,0,3200,3200
9391,0,3200,3200
9392,0,3200,3200
9393,0,3200,3200
9394,0,3200,3200
9395,0,3200,3200
9396,0,3200,3200
9397,0,3200,3200
9398,0,3200,3200
9399,0,3200,3200
9400,0,3200,3200
9401,0,3200,3200
9402,0,3200,3200
9403,0,3200,3200
9404,0,3200,3200
9405,0,3200,3200
9406,0,3200,3200
9407,0,3200,3200
9408,0,3200,3200
9409,0,3200,3200
9410,0,3200,3200
9411,0,3200,3200
9412,0,3200,3200
9413,0,3200,3200
9414,0,3200,3200
9415,0,3200,3200
9416,0,3200,3200
9417,0,3200,3200
9418,0,3200,3200
9419,0,3200,3200
9420,0,3200,3200
9421,0,3200,3200
9422,0,3200,3200
9423,0,3200,3200
9424,0,3200,3200
9425,0,3200,3200
9426,0,3200,3200
9427,0,3200,3200
9428,0,3200,3200
9429,0,3200,3200
9430,0,3200,3200
9431,0,3200,3200
9432,0,3200,3200
9433,0,3200,3200
9434,0,3200,3200
9435,0,3200,3200
9436,0,3200,3200
9437,0,3200,3200
9438,0,3200,3200
9439,0,3200,3200
9440,0,3200,3200
9441,0,3200,3200
9442,0,3200,3200
9443,0,3200,3200
9444,0,3200,3200
9445,0,3200,3200
9446,0,3200,3200
9447,0,3200,3200
9448,0,3200,3200
9449,0,3200,3200
9450,0,3200,3200
9451,0,3200,3200
9452,0,3200,3200
9453,0,3200,3200
9454,0,3200,3200
9455,0,3200,3200
9456,0,3200,3200
9457,0,3200,3200
9458,0,3200,3200
9459,0,3200,3200
9460,0,3200,3200
9461,0,3200,3200
9462,0,3200,3200
9463,0,3200,3200
9464,0,3200,3200
9465,0,3200,3200
9466,0,3200,3200
9467,0,3200,3200
9468,0,3200,3200
9469,0,3200,3200
9470,0,3200,3200
9471,0,3200,3200
9472,0,3200,3200
9473,0,3200,3200
9474,0,3200,3200
9475,0,3200,3200
9476,0,3200,3200
9477,0,3200,3200
9478,0,3200,3200
9479,0,3200,3200
9480,0,3200,3200
9481,0,3200,3200
9482,0,3200,3200
9483,0,3200,3200
9484,0,3200,3200
9485,0,3200,3200
9486,0,3200,3200
9487,0,3200,3200
9488,0,3200,3200
9489,0,3200,3200
9490,0,3200,3200
9491,0,3200,3200
9492,0,3200,3200
9493,0,3200,3200
9494,0,3200,3200
9495,0,3200,3200
9496,0,3200,3200
9497,0,3200,3200
9498,0,3200,3200
9499,0,3200,3200
9500,0,3200,3200
9501,0,3200,3200
9502,0,3200,3200
9503,0,3200,3200
9504,0,3200,3200
9505,0,3200,3200
9506,0,3200,3200
9507,0,3200,3200
9508,0,3200,3200
9509,0,3200,3200
9510,0,3200,3200
9511,0,3200,3200
9512,0,3200,3200
9513,0,3200,3200
9514,0,3200,3200
9515,0,3200,3200
9516,0,3200,3200
9517,0,3200,3200
9518,0,3200,3200
9519,0,3200,3200
9520,0,3200,3200
9521,0,3200,3200
9522,0,3200,3200
9523,0,3200,3200
9524,0,3200,3200
9525,0,3200,3200
9526,0,3200,3200
9527,0,3200,3200
9528,0,3200,3200
9529,0,3200,3200
9530,0,3200,3200
9531,0,3200,3200
9532,0,3200,3200
9533,0,3200,3200
9534,0,3200,3200
9535,0,3200,3200
9536,0,3200,3200
9537,0,3200,3200
9538,0,3200,3200
9539,0,3200,3200
9540,0,3200,3200
9541,0,3200,3200
9542,0,3200,3200
9543,0,3200,3200
9544,0,3200,3200
9545,0,3200,3200
9546,0,3200,3200
9547,0,3200,3200
9548,0,3200,3200
9549,0,3200,3200
9550,0,3200,3200
9551,0,3200,3200
9552,0,3200,3200
9553,0,3200,3200
9554,0,3200,3200
9555,0,3200,3200
9556,0,3200,3200
9557,0,3200,3200
9558,0,3200,3200
9559,0,3200,3200
9560,0,3200,3200
9561,0,3200,3200
9562,0,3200,3200
9563,0,3200,3200
9564,0,3200,3200
9565,0,3200,3200
9566,0,3200,3200
9567,0,3200,3200
9568,0,3200,3200
9569,0,3200,3200
9570,0,3200,3200
9571,0,3200,3200
9572,0,3200,3200
9573,0,3200,3200
9574,0,3200,3200
9575,0,3200,3200
9576,0,3200,3200
9577,0,3200,3200
9578,0,3200,3200
9579,0,3200,3200
9580,0,3200,3200
9581,0,3200,3200
9582,0,3200,3200
9583,0,3200,3200
9584,0,3200,3200
9585,0,3200,3200
9586,0,3200,3200
9587,0,3200,3200
9588,0,3200,3200
9589,0,3200,3200
9590,0,3200,3200
9591,0,3200,3200
9592,0,3200,3200
9593,0,3200,3200
9594,0,3200,3200
9595,0,3200,3200
9596,0,3200,3200
9597,0,3200,3200
9598,0,3200,3200
9599,0,3200,3200
9600,0,3200,3200
9601,0,3200,3200
9602,0,3200,3200
9603,0,3200,3200
9604,0,3200,3200
9605,0,3200,3200
9606,0,3200,3200
9607,0,3200,3200
9608,0,3200,3200
9609,0,3200,3200
9610,0,3200,3200
9611,0,3200,3200
9612,0,3200,3200
9613,0,3200,3200
9614,0,3200,3200
9615,0,3200,3200
9616,0,3200,3200
9617,0,3200,3200
9618,0,3200,3200
9619,0,3200,3200
9620,0,3200,3200
9621,0,3200,3200
9622,0,3200,3200
9623,0,3200,3200
9624,0,3200,3200
9625,0,3200,3200
9626,0,3200,3200
9627,0,3200,3200
9628,0,3200,3200
9629,0,3200,3200
9630,0,3200,3200
9631,0,3200,3200
9632,0,3200,3200
9633,0,3200,3200
9634,0,3200,3200
9635,0,3200,3200
9636,0,3200,3200
9637,0,3200,3200
9638,0,3200,3200
9639,0,3200,3200
9640,0,3200,3200
9641,0,3200,3200
9642,0,3200,3200
9643,0,3200,3200
9644,0,3200,3200
9645,0,3200,3200
9646,0,3200,3200
9647,0,3200,3200
9648,0,3200,3200
9649,0,3200,3200
9650,0,3200,3200
9651,0,3200,3200
9652,0,3200,3200
9653,0,3200,3200
9654,0,3200,3200
9655,0,3200,3200
9656,0,3200,3200
9657,0,3200,3200
9658,0,3200,3200
9659,0,3200,3200
9660,0,3200,3200
9661,0,3200,3200
9662,0,3200,3200
9663,0,3200,3200
9664,0,3200,3200
9665,0,3200,3200
9666,0,3200,3200
9667,0,3200,3200
9668,0,3200,3200
9669,0,3200,3200
9670,0,3200,3200
9671,0,3200,3200
9672,0,3200,3200
9673,0,3200,3200
9674,0,3200,3200
9675,0,3200,3200
9676,0,3200,3200
9677,0,3200,3200
9678,0,3200,3200
9679,0,3200,3200
9680,0,3200,3200
9681,0,3200,3200
9682,0,3200,3200
9683,0,3200,3200
9684,0,3200,3200
9685,0,3200,3200
9686,0,3200,3200
9687,0,3200,3200
9688,0,3200,3200
9689,0,3200,3200
9690,0,3200,3200
9691,0,3200,3200
9692,0,3200,3200
9693,0,3200,3200
9694,0,3200,3200
9695,0,3200,3200
9696,0,3200,3200
9697,0,3200,3200
9698,0,3200,3200
9699,0,3200,3200
9700,0,3200,3200
9701,0,3200,3200
9702,0,3200,3200
9703,0,3200,3200
9704,0,3200,3200
9705,0,3200,3200
9706,0,3200,3200
9707,0,3200,3200
9708,0,3200,3200
9709,0,3200,3200
9710,0,3200,3200
9711,0,3200,3200
9712,0,3200,3200
9713,0,3200,3200
9714,0,3200,3200
9715,0,3200,3200
9716,0,3200,3200
9717,0,3200,3200
9718,0,3200,3200
9719,0,3200,3200
9720,0,3200,3200
9721,0,3200,3200
9722,0,3200,3200
9723,0,3200,3200
9724,0,3200,3200
9725,0,3200,3200
9726,0,3200,3200
9727,0,3200,3200
9728,0,3200,3200
9729,0,3200,3200
9730,0,3200,3200
9731,0,3200,3200
9732,0,3200,3200
9733,0,3200,3200
9734,0,3200,3200
9735,0,3200,3200
9736,0,3200,3200
9737,0,3200,3200
9738,0,3200,3200
9739,0,3200,3200
9740,0,3200,3200
9741,0,3200,3200
9742,0,3200,3200
9743,0,3200,3200
9744,0,3200,3200
9745,0,3200,3200
9746,0,3200,3200
9747,0,3200,3200
9748,0,3200,3200
9749,0,3200,3200
9750,0,3200,3200
9751,0,3200,3200
9752,0,3200,3200
9753,0,3200,3200
9754,0,3200,3200
9755,0,3200,3200
9756,0,3200,3200
9757,0,3200,3200
9758,0,3200,3200
9759,0,3200,3200
9760,0,3200,3200
9761,0,3200,3200
9762,0,3200,3200
9763,0,3200,3200
9764,0,3200,3200
9765,0,3200,3200
9766,0,3200,3200
9767,0,3200,3200
9768,0,3200,3200
9769,0,3200,3200
9770,0,3200,3200
9771,0,3200,3200
9772,0,3200,3200
9773,0,3200,3200
9774,0,3200,3200
9775,0,3200,3200
9776,0,3200,3200
9777,0,3200,3200
9778,0,3200,3200
9779,0,3200,3200
9780,0,3200,3200
9781,0,3200,3200
9782,0,3200,3200
9783,0,3200,3200
9784,0,3200,3200
9785,0,3200,3200
9786,0,3200,3200
9787,0,3200,3200
9788,0,3200,3200
9789,0,3200,3200
9790,0,3200,3200
9791,0,3200,3200
9792,0,3200,3200
9793,0,3200,3200
9794,0,3200,3200
9795,0,3200,3200
9796,0,3200,3200
9797,0,3200,3200
9798,0,3200,3200
9799,0,3200,3200
9800,0,3200,3200
9801,0,3200,3200
9802,0,3200,3200
9803,0,3200,3200
9804,0,3200,3200
9805,0,3200,3200
9806,0,3200,3200
9807,0,3200,3200
9808,0,3200,3200
9809,0,3200,3200
9810,0,3200,3200
9811,0,3200,3200
9812,0,3200,3200
9813,0,3200,3200
9814,0,3200,3200
9815,0,3200,3200
9816,0,3200,3200
9817,0,3200,3200
9818,0,3200,3200
9819,0,3200,3200
9820,0,3200,3200
9821,0,3200,3200
9822,0,3200,3200
9823,0,3200,3200
9824,0,3200,3200
9825,0,3200,3200
9826,0,3200,3200
9827,0,3200,3200
9828,0,3200,3200
9829,0,3200,3200
9830,0,3200,3200
9831,0,3200,3200
9832,0,3200,3200
9833,0,3200,3200
9834,0,3200,3200
9835,0,3200,3200
9836,0,3200,3200
9837,0,3200,3200
9838,0,3200,3200
9839,0,3200,3200
9840,0,3200,3200
9841,0,3200,3200
9842,0,3200,3200
9843,0,3200,3200
9844,0,3200,3200
9845,0,3200,3200
9846,0,3200,3200
9847,0,3200,3200
9848,0,3200,3200
9849,0,3200,3200
9850,0,3200,3200
9851,0,3200,3200
9852,0,3200,3200
9853,0,3200,3200
9854,0,3200,3200
9855,0,3200,3200
9856,0,3200,3200
9857,0,3200,3200
9858,0,3200,3200
9859,0,3200,3200
9860,0,3200,3200
9861,0,3200,3200
9862,0,3200,3200
9863,0,3200,3200
9864,0,3200,3200
9865,0,3200,3200
9866,0,3200,3200
9867,0,3200,3200
9868,0,3200,3200
9869,0,3200,3200
9870,0,3200,3200
9871,0,3200,3200
9872,0,3200,3200
9873,0,3200,3200
9874,0,3200,3200
9875,0,3200,3200
9876,0,3200,3200
9877,0,3200,3200
9878,0,3200,3200
9879,0,3200,3200
9880,0,3200,3200
9881,0,3200,3200
9882,0,3200,3200
9883,0,3200,3200
9884,0,3200,3200
9885,0,3200,3200
9886,0,3200,3200
9887,0,3200,3200
9888,0,3200,3200
9889,0,3200,3200
9890,0,3200,3200
9891,0,3200,3200
9892,0,3200,3200
9893,0,3200,3200
9894,0,3200,3200
9895,0,3200,3200
9896,0,3200,3200
9897,0,3200,3200
9898,0,3200,3200
9899,0,3200,3200
9900,0,3200,3200
9901,0,3200,3200
9902,0,3200,3200
9903,0,3200,3200
9904,0,3200,3200
9905,0,3200,3200
9906,0,3200,3200
9907,0,3200,3200
9908,0,3200,3200
9909,0,3200,3200
9910,0,3200,3200
9911,0,3200,3200
9912,0,3200,3200
9913,0,3200,3200
9914,0,3200,3200
9915,0,3200,3200
9916,0,3200,3200
9917,0,3200,3200
9918,0,3200,3200
9919,0,3200,3200
9920,0,3200,3200
9921,0,3200,3200
9922,0,3200,3200
9923,0,3200,3200
9924,0,3200,3200
9925,0,3200,3200
9926,0,3200,3200
9927,0,3200,3200
9928,0,3200,3200
9929,0,3200,3200
9930,0,3200,3200
9931,0,3200,3200
9932,0,3200,3200
9933,0,3200,3200
9934,0,3200,3200
9935,0,3200,3200
9936,0,3200,3200
9937,0,3200,3200
9938,0,3200,3200
9939,0,3200,3200
9940,0,3200,3200
9941,0,3200,3200
9942,0,3200,3200
9943,0,3200,3200
9944,0,3200,3200
9945,0,3200,3200
9946,0,3200,3200
9947,0,3200,3200
9948,0,3200,3200
9949,0,3200,3200
9950,0,3200,3200
9951,0,3200,3200
9952,0,3200,3200
9953,0,3200,3200
9954,0,3200,3200
9955,0,3200,3200
9956,0,3200,3200
9957,0,3200,3200
9958,0,3200,3200
9959,0,3200,3200
9960,0,3200,3200
9961,0,3200,3200
9962,0,3200,3200
9963,0,3200,3200
9964,0,3200,3200
9965,0,3200,3200
9966,0,3200,3200
9967,0,3200,3200
9968,0,3200,3200
9969,0,3200,3200
9970,0,3200,3200
9971,0,3200,3200
9972,0,3200,3200
9973,0,3200,3200
9974,0,3200,3200
9975,0,3200,3200
9976,0,3200,3200
9977,0,3200,3200
9978,0,3200,3200
9979,0,3200,3200
9980,0,3200,3200
9981,0,3200,3200
9982,0,3200,3200
9983,0,3200,3200
9984,0,3200,3200
9985,0,3200,3200
9986,0,3200,3200
9987,0,3200,3200
9988,0,3200,3200
9989,0,3200,3200
9990,0,3200,3200
9991,0,3200,3200
9992,0,3200,3200
9993,0,3200,3200
9994,0,3200,3200
9995,0,3200,3200
9996,0,3200,3200
9997,0,3200,3200
9998,0,3200,3200
9999,0,3200,3200
10000,0,3200,3200
10001,0,3200,3200
10002,0,3200,3200
10003,0,3200,3200
10004,0,3200,3200
10005,0,3200,3200
10006,0,3200,3200
10007,0,3200,3200
10008,0,3200,3200
10009,0,3200,3200
10010,0,3200,3200
10011,0,3200,3200
10012,0,3200,3200
10013,0,3200,3200
10014,0,3200,3200
10015,0,3200,3200
10016,0,3200,3200
10017,0,3200,3200
10018,0,3200,3200
10019,0,3200,3200
10020,0,3200,3200
10021,0,3200,3200
10022,0,3200,3200
10023,0,3200,3200
10024,0,3200,3200
10025,0,3200,3200
10026,0,3200,3200
10027,0,3200,3200
10028,0,3200,3200
10029,0,3200,3200
10030,0,3200,3200
10031,0,3200,3200
10032,0,3200,3200
10033,0,3200,3200
10034,0,3200,3200
10035,0,3200,3200
10036,0,3200,3200
10037,0,3200,3200
10038,0,3200,3200
10039,0,3200,3200
10040,0,3200,3200
10041,0,3200,3200
10042,0,3200,3200
10043,0,3200,3200
10044,0,3200,3200
10045,0,3200,3200
10046,0,3200,3200
10047,0,3200,3200
10048,0,3200,3200
10049,0,3200,3200
10050,0,3200,3200
10051,0,3200,3200
10052,0,3200,3200
10053,0,3200,3200
10054,0,3200,3200
10055,0,3200,3200
10056,0,3200,3200
10057,0,3200,3200
10058,0,3200,3200
10059,0,3200,3200
10060,0,3200,3200
10061,0,3200,3200
10062,0,3200,3200
10063,0,3200,3200
10064,0,3200,3200
10065,0,3200,3200
10066,0,3200,3200
10067,0,3200,3200
10068,0,3200,3200
10069,0,3200,3200
10070,0,3200,3200
10071,0,3200,3200
10072,0,3200,3200
10073,0,3200,3200
10074,0,3200,3200
10075,0,3200,3200
10076,0,3200,3200
10077,0,3200,3200
10078,0,3200,3200
10079,0,3200,3200
10080,0,3200,3200
10081,0,3200,3200
10082,0,3200,3200
10083,0,3200,3200
10084,0,3200,3200
10085,0,3200,3200
10086,0,3200,3200
10087,0,3200,3200
10088,0,3200,3200
10089,0,3200,3200
10090,0,3200,3200
10091,0,3200,3200
10092,0,3200,3200
10093,0,3200,3200
10094,0,3200,3200
10095,0,3200,3200
10096,0,3200,3200
10097,0,3200,3200
10098,0,3200,3200
10099,0,3200,3200
10100,0,3200,3200
10101,0,3200,3200
10102,0,3200,3200
10103,0,3200,3200
10104,0,3200,3200
10105,0,3200,3200
10106,0,3200,3200
10107,0,3200,3200
10108,0,3200,3200
10109,0,3200,3200
10110,0,3200,3200
10111,0,3200,3200
10112,0,3200,3200
10113,0,3200,3200
10114,0,3200,3200
10115,0,3200,3200
10116,0,3200,3200
10117,0,3200,3200
10118,0,3200,3200
10119,0,3200,3200
10120,0,3200,3200
10121,0,3200,3200
10122,0,3200,3200
10123,0,3200,3200
10124,0,3200,3200
10125,0,3200,3200
10126,0,3200,3200
10127,0,3200,3200
10128,0,3200,3200
10129,0,3200,3200
10130,0,3200,3200
10131,0,3200,3200
10132,0,3200,3200
10133,0,3200,3200
10134,0,3200,3200
10135,0,3200,3200
10136,0,3200,3200
10137,0,3200,3200
10138,0,3200,3200
10139,0,3200,3200
10140,0,3200,3200
10141,0,3200,3200
10142,0,3200,3200
10143,0,3200,3200
10144,0,3200,3200
10145,0,3200,3200
10146,0,3200,3200
10147,0,3200,3200
10148,0,3200,3200
10149,0,3200,3200
10150,0,3200,3200
10151,0,3200,3200
10152,0,3200,3200
10153,0,3200,3200
10154,0,3200,3200
10155,0,3200,3200
10156,0,3200,3200
10157,0,3200,3200
10158,0,3200,3200
10159,0,3200,3200
10160,0,3200,3200
10161,0,3200,3200
10162,0,3200,3200
10163,0,3200,3200
10164,0,3200,3200
10165,0,3200,3200
10166,0,3200,3200
10167,0,3200,3200
10168,0,3200,3200
10169,0,3200,3200
10170,0,3200,3200
10171,0,3200,3200
10172,0,3200,3200
10173,0,3200,3200
10174,0,3200,3200
10175,0,3200,3200
10176,0,3200,3200
10177,0,3200,3200
10178,0,3200,3200
10179,0,3200,3200
10180,0,3200,3200
10181,0,3200,3200
10182,0,3200,3200
10183,0,3200,3200
10184,0,3200,3200
10185,0,3200,3200
10186,0,3200,3200
10187,0,3200,3200
10188,0,3200,3200
10189,0,3200,3200
10190,0,3200,3200
10191,0,3200,3200
10192,0,3200,3200
10193,0,3200,3200
10194,0,3200,3200
10195,0,3200,3200
10196,0,3200,3200
10197,0,3200,3200
10198,0,3200,3200
10199,0,3200,3200
10200,0,3200,3200
10201,0,3200,3200
10202,0,3200,3200
10203,0,3200,3200
10204,0,3200,3200
10205,0,3200,3200
10206,0,3200,3200
10207,0,3200,3200
10208,0,3200,3200
10209,0,3200,3200
10210,0,3200,3200
10211,0,3200,3200
10212,0,3200,3200
10213,0,3200,3200
10214,0,3200,3200
10215,0,3200,3200
10216,0,3200,3200
10217,0,3200,3200
10218,0,3200,3200
10219,0,3200,3200
10220,0,3200,3200
10221,0,3200,3200
10222,0,3200,3200
10223,0,3200,3200
10224,0,3200,3200
10225,0,3200,3200
10226,0,3200,3200
10227,0,3200,3200
10228,0,3200,3200
10229,0,3200,3200
10230,0,3200,3200
10231,0,3200,3200
10232,0,3200,3200
10233,0,3200,3200
10234,0,3200,3200
10235,0,3200,3200
10236,0,3200,3200
10237,0,3200,3200
10238,0,3200,3200
10239,0,3200,3200
10240,0,3200,3200
10241,0,3200,3200
10242,0,3200,3200
10243,0,3200,3200
10244,0,3200,3200
10245,0,3200,3200
10246,0,3200,3200
10247,0,3200,3200
10248,0,3200,3200
10249,0,3200,3200
10250,0,3200,3200
10251,0,3200,3200
10252,0,3200,3200
10253,0,3200,3200
10254,0,3200,3200
10255,0,3200,3200
10256,0,3200,3200
10257,0,3200,3200
10258,0,3200,3200
10259,0,3200,3200
10260,0,3200,3200
10261,0,3200,3200
10262,0,3200,3200
10263,0,3200,3200
10264,0,3200,3200
10265,0,3200,3200
10266,0,3200,3200
10267,0,3200,3200
10268,0,3200,3200
10269,0,3200,3200
10270,0,3200,3200
10271,0,3200,3200
10272,0,3200,3200
10273,0,3200,3200
10274,0,3200,3200
10275,0,3200,3200
10276,0,3200,3200
10277,0,3200,3200
10278,0,3200,3200
10279,0,3200,3200
10280,0,3200,3200
10281,0,3200,3200
10282,0,3200,3200
10283,0,3200,3200
10284,0,3200,3200
10285,0,3200,3200
10286,0,3200,3200
10287,0,3200,3200
10288,0,3200,3200
10289,0,3200,3200
10290,0,3200,3200
10291,0,3200,3200
10292,0,3200,3200
10293,0,3200,3200
10294,0,3200,3200
10295,0,3200,3200
10296,0,3200,3200
10297,0,3200,3200
10298,0,3200,3200
10299,0,3200,3200
10300,0,3200,3200
10301,0,3200,3200
10302,0,3200,3200
10303,0,3200,3200
10304,0,3200,3200
10305,0,3200,3200
10306,0,3200,3200
10307,0,3200,3200
10308,0,3200,3200
10309,0,3200,3200
10310,0,3200,3200
10311,0,3200,3200
10312,0,3200,3200
10313,0,3200,3200
10314,0,3200,3200
10315,0,3200,3200
10316,0,3200,3200
10317,0,3200,3200
10318,0,3200,3200
10319,0,3200,3200
10320,0,3200,3200
10321,0,3200,3200
10322,0,3200,3200
10323,0,3200,3200
10324,0,3200,3200
10325,0,3200,3200
10326,0,3200,3200
10327,0,3200,3200
10328,0,3200,3200
10329,0,3200,3200
10330,0,3200,3200
10331,0,3200,3200
10332,0,3200,3200
10333,0,3200,3200
10334,0,3200,3200
10335,0,3200,3200
10336,0,3200,3200
10337,0,3200,3200
10338,0,3200,3200
10339,0,3200,3200
10340,0,3200,3200
10341,0,3200,3200
10342,0,3200,3200
10343,0,3200,3200
10344,0,3200,3200
10345,0,3200,3200
10346,0,3200,3200
10347,0,3200,3200
10348,0,3200,3200
10349,0,3200,3200
10350,0,3200,3200
10351,0,3200,3200
10352,0,3200,3200
10353,0,3200,3200
10354,0,3200,3200
10355,0,3200,3200
10356,0,3200,3200
10357,0,3200,3200
10358,0,3200,3200
10359,0,3200,3200
10360,0,3200,3200
10361,0,3200,3200
10362,0,3200,3200
10363,0,3200,3200
10364,0,3200,3200
10365,0,3200,3200
10366,0,3200,3200
10367,0,3200,3200
10368,0,3200,3200
10369,0,3200,3200
10370,0,3200,3200
10371,0,3200,3200
10372,0,3200,3200
10373,0,3200,3200
10374,0,3200,3200
10375,0,3200,3200
10376,0,3200,3200
10377,0,3200,3200
10378,0,3200,3200
10379,0,3200,3200
10380,0,3200,3200
10381,0,3200,3200
10382,0,3200,3200
10383,0,3200,3200
10384,0,3200,3200
10385,0,3200,3200
10386,0,3200,3200
10387,0,3200,3200
10388,0,3200,3200
10389,0,3200,3200
10390,0,3200,3200
10391,0,3200,3200
10392,0,3200,3200
10393,0,3200,3200
10394,0,3200,3200
10395,0,3200,3200
10396,0,3200,3200
10397,0,3200,3200
10398,0,3200,3200
10399,0,3200,3200
10400,0,3200,3200
10401,0,3200,3200
10402,0,3200,3200
10403,0,3200,3200
10404,0,3200,3200
10405,0,3200,3200
10406,0,3200,3200
10407,0,3200,3200
10408,0,3200,3200
10409,0,3200,3200
10410,0,3200,3200
10411,0,3200,3200
10412,0,3200,3200
10413,0,3200,3200
10414,0,3200,3200
10415,0,3200,3200
10416,0,3200,3200
10417,0,3200,3200
10418,0,3200,3200
10419,0,3200,3200
10420,0,3200,3200
10421,0,3200,3200
10422,0,3200,3200
10423,0,3200,3200
10424,0,3200,3200
10425,0,3200,3200
10426,0,3200,3200
10427,0,3200,3200
10428,0,3200,3200
10429,0,3200,3200
10430,0,3200,3200
10431,0,3200,3200
10432,0,3200,3200
10433,0,3200,3200
10434,0,3200,3200
10435,0,3200,3200
10436,0,3200,3200
10437,0,3200,3200
10438,0,3200,3200
10439,0,3200,3200
10440,0,3200,3200
10441,0,3200,3200
10442,0,3200,3200
10443,0,3200,3200
10444,0,3200,3200
10445,0,3200,3200
10446,0,3200,3200
10447,0,3200,3200
10448,0,3200,3200
10449,0,3200,3200
10450,0,3200,3200
10451,0,3200,3200
10452,0,3200,3200
10453,0,3200,3200
10454,0,3200,3200
10455,0,3200,3200
10456,0,3200,3200
10457,0,3200,3200
10458,0,3200,3200
10459,0,3200,3200
10460,0,3200,3200
10461,0,3200,3200
10462,0,3200,3200
10463,0,3200,3200
10464,0,3200,3200
10465,0,3200,3200
10466,0,3200,3200
10467,0,3200,3200
10468,0,3200,3200
10469,0,3200,3200
10470,0,3200,3200
10471,0,3200,3200
10472,0,3200,3200
10473,0,3200,3200
10474,0,3200,3200
10475,0,3200,3200
10476,0,3200,3200
10477,0,3200,3200
10478,0,3200,3200
10479,0,3200,3200
10480,0,3200,3200
10481,0,3200,3200
10482,0,3200,3200
10483,0,3200,3200
10484,0,3200,3200
10485,0,3200,3200
10486,0,3200,3200
10487,0,3200,3200
10488,0,3200,3200
10489,0,3200,3200
10490,0,3200,3200
10491,0,3200,3200
10492,0,3200,3200
10493,0,3200,3200
10494,0,3200,3200
10495,0,3200,3200
10496,0,3200,3200
10497,0,3200,3200
10498,0,3200,3200
10499,0,3200,3200
10500,0,3200,3200
10501,0,3200,3200
10502,0,3200,3200
10503,0,3200,3200
10504,0,3200,3200
10505,0,3200,3200
10506,0,3200,3200
10507,0,3200,3200
10508,0,3200,3200
10509,0,3200,3200
10510,0,3200,3200
10511,0,3200,3200
10512,0,3200,3200
10513,0,3200,3200
10514,0,3200,3200
10515,0,3200,3200
10516,0,3200,3200
10517,0,3200,3200
10518,0,3200,3200
10519,0,3200,3200
10520,0,3200,3200
10521,0,3200,3200
10522,0,3200,3200
10523,0,3200,3200
10524,0,3200,3200
10525,0,3200,3200
10526,0,3200,3200
10527,0,3200,3200
10528,0,3200,3200
10529,0,3200,3200
10530,0,3200,3200
10531,0,3200,3200
10532,0,3200,3200
10533,0,3200,3200
10534,0,3200,3200
10535,0,3200,3200
10536,0,3200,3200
10537,0,3200,3200
10538,0,3200,3200
10539,0,3200,3200
10540,0,3200,3200
10541,0,3200,3200
10542,0,3200,3200
10543,0,3200,3200
10544,0,3200,3200
10545,0,3200,3200
10546,0,3200,3200
10547,0,3200,3200
10548,0,3200,3200
10549,0,3200,3200
10550,0,3200,3200
10551,0,3200,3200
10552,0,3200,3200
10553,0,3200,3200
10554,0,3200,3200
10555,0,3200,3200
10556,0,3200,3200
10557,0,3200,3200
10558,0,3200,3200
10559,0,3200,3200
10560,0,3200,3200
10561,0,3200,3200
10562,0,3200,3200
10563,0,3200,3200
10564,0,3200,3200
10565,0,3200,3200
10566,0,3200,3200
10567,0,3200,3200
10568,0,3200,3200
10569,0,3200,3200
10570,0,3200,3200
10571,0,3200,3200
10572,0,3200,3200
10573,0,3200,3200
10574,0,3200,3200
10575,0,3200,3200
10576,0,3200,3200
10577,0,3200,3200
10578,0,3200,3200
10579,0,3200,3200
10580,0,3200,3200
10581,0,3200,3200
10582,0,3200,3200
10583,0,3200,3200
10584,0,3200,3200
10585,0,3200,3200
10586,0,3200,3200
10587,0,3200,3200
10588,0,3200,3200
10589,0,3200,3200
10590,0,3200,3200
10591,0,3200,3200
10592,0,3200,3200
10593,0,3200,3200
10594,0,3200,3200
10595,0,3200,3200
10596,0,3200,3200
10597,0,3200,3200
10598,0,3200,3200
10599,0,3200,3200
10600,0,3200,3200
10601,0,3200,3200
10602,0,3200,3200
10603,0,3200,3200
10604,0,3200,3200
10605,0,3200,3200
10606,0,3200,3200
10607,0,3200,3200
10608,0,3200,3200
10609,0,3200,3200
10610,0,3200,3200
10611,0,3200,3200
10612,0,3200,3200
10613,0,3200,3200
10614,0,3200,3200
10615,0,3200,3200
10616,0,3200,3200
10617,0,3200,3200
10618,0,3200,3200
10619,0,3200,3200
10620,0,3200,3200
10621,0,3200,3200
10622,0,3200,3200
10623,0,3200,3200
10624,0,3200,3200
10625,0,3200,3200
10626,0,3200,3200
10627,0,3200,3200
10628,0,3200,3200
10629,0,3200,3200
10630,0,3200,3200
10631,0,3200,3200
10632,0,3200,3200
10633,0,3200,3200
10634,0,3200,3200
10635,0,3200,3200
10636,0,3200,3200
10637,0,3200,3200
10638,0,3200,3200
10639,0,3200,3200
10640,0,3200,3200
10641,0,3200,3200
10642,0,3200,3200
10643,0,3200,3200
10644,0,3200,3200
10645,0,3200,3200
10646,0,3200,3200
10647,0,3200,3200
10648,0,3200,3200
10649,0,3200,3200
10650,0,3200,3200
10651,0,3200,3200
10652,0,3200,3200
10653,0,3200,3200
10654,0,3200,3200
10655,0,3200,3200
10656,0,3200,3200
10657,0,3200,3200
10658,0,3200,3200
10659,0,3200,3200
10660,0,3200,3200
10661,0,3200,3200
10662,0,3200,3200
10663,0,3200,3200
10664,0,3200,3200
10665,0,3200,3200
10666,0,3200,3200
10667,0,3200,3200
10668,0,3200,3200
10669,0,3200,3200
10670,0,3200,3200
10671,0,3200,3200
10672,0,3200,3200
10673,0,3200,3200
10674,0,3200,3200
10675,0,3200,3200
10676,0,3200,3200
10677,0,3200,3200
10678,0,3200,3200
10679,0,3200,3200
10680,0,3200,3200
10681,0,3200,3200
10682,0,3200,3200
10683,0,3200,3200
10684,0,3200,3200
10685,0,3200,3200
10686,0,3200,3200
10687,0,3200,3200
10688,0,3200,3200
10689,0,3200,3200
10690,0,3200,3200
10691,0,3200,3200
10692,0,3200,3200
10693,0,3200,3200
10694,0,3200,3200
10695,0,3200,3200
10696,0,3200,3200
10697,0,3200,3200
10698,0,3200,3200
10699,0,3200,3200
10700,0,3200,3200
10701,0,3200,3200
10702,0,3200,3200
10703,0,3200,3200
10704,0,3200,3200
10705,0,3200,3200
10706,0,3200,3200
10707,0,3200,3200
10708,0,3200,3200
10709,0,3200,3200
10710,0,3200,3200
10711,0,3200,3200
10712,0,3200,3200
10713,0,3200,3200
10714,0,3200,3200
10715,0,3200,3200
10716,0,3200,3200
10717,0,3200,3200
10718,0,3200,3200
10719,0,3200,3200
10720,0,3200,3200
10721,0,3200,3200
10722,0,3200,3200
10723,0,3200,3200
10724,0,3200,3200
10725,0,3200,3200
10726,0,3200,3200
10727,0,3200,3200
10728,0,3200,3200
10729,0,3200,3200
10730,0,3200,3200
10731,0,3200,3200
10732,0,3200,3200
10733,0,3200,3200
10734,0,3200,3200
10735,0,3200,3200
10736,0,3200,3200
10737,0,3200,3200
10738,0,3200,3200
10739,0,3200,3200
10740,0,3200,3200
10741,0,3200,3200
10742,0,3200,3200
10743,0,3200,3200
10744,0,3200,3200
10745,0,3200,3200
10746,0,3200,3200
10747,0,3200,3200
10748,0,3200,3200
10749,0,3200,3200
10750,0,3200,3200
10751,0,3200,3200
10752,0,3200,3200
10753,0,3200,3200
10754,0,3200,3200
10755,0,3200,3200
10756,0,3200,3200
10757,0,3200,3200
10758,0,3200,3200
10759,0,3200,3200
10760,0,3200,3200
10761,0,3200,3200
10762,0,3200,3200
10763,0,3200,3200
10764,0,3200,3200
10765,0,3200,3200
10766,0,3200,3200
10767,0,3200,3200
10768,0,3200,3200
10769,0,3200,3200
10770,0,3200,3200
10771,0,3200,3200
10772,0,3200,3200
10773,0,3200,3200
10774,0,3200,3200
10775,0,3200,3200
10776,0,3200,3200
10777,0,3200,3200
10778,0,3200,3200
10779,0,3200,3200
10780,0,3200,3200
10781,0,3200,3200
10782,0,3200,3200
10783,0,3200,3200
10784,0,3200,3200
10785,0,3200,3200
10786,0,3200,3200
10787,0,3200,3200
10788,0,3200,3200
10789,0,3200,3200
10790,0,3200,3200
10791,0,3200,3200
10792,0,3200,3200
10793,0,3200,3200
10794,0,3200,3200
10795,0,3200,3200
10796,0,3200,3200
10797,0,3200,3200
10798,0,3200,3200
10799,0,3200,3200
10800,0,3200,3200
10801,0,3200,3200
10802,0,3200,3200
10803,0,3200,3200
10804,0,3200,3200
10805,0,3200,3200
10806,0,3200,3200
10807,0,3200,3200
10808,0,3200,3200
10809,0,3200,3200
10810,0,3200,3200
10811,0,3200,3200
10812,0,3200,3200
10813,0,3200,3200
10814,0,3200,3200
10815,0,3200,3200
10816,0,3200,3200
10817,0,3200,3200
10818,0,3200,3200
10819,0,3200,3200
10820,0,3200,3200
10821,0,3200,3200
10822,0,3200,3200
10823,0,3200,3200
10824,0,3200,3200
10825,0,3200,3200
10826,0,3200,3200
10827,0,3200,3200
10828,0,3200,3200
10829,0,3200,3200
10830,0,3200,3200
10831,0,3200,3200
10832,0,3200,3200
10833,0,3200,3200
10834,0,3200,3200
10835,0,3200,3200
10836,0,3200,3200
10837,0,3200,3200
10838,0,3200,3200
10839,0,3200,3200
10840,0,3200,3200
10841,0,3200,3200
10842,0,3200,3200
10843,0,3200,3200
10844,0,3200,3200
10845,0,3200,3200
10846,0,3200,3200
10847,0,3200,3200
10848,0,3200,3200
10849,0,3200,3200
10850,0,3200,3200
10851,0,3200,3200
10852,0,3200,3200
10853,0,3200,3200
10854,0,3200,3200
10855,0,3200,3200
10856,0,3200,3200
10857,0,3200,3200
10858,0,3200,3200
10859,0,3200,3200
10860,0,3200,3200
10861,0,3200,3200
10862,0,3200,3200
10863,0,3200,3200
10864,0,3200,3200
10865,0,3200,3200
10866,0,3200,3200
10867,0,3200,3200
10868,0,3200,3200
10869,0,3200,3200
10870,0,3200,3200
10871,0,3200,3200
10872,0,3200,3200
10873,0,3200,3200
10874,0,3200,3200
10875,0,3200,3200
10876,0,3200,3200
10877,0,3200,3200
10878,0,3200,3200
10879,0,3200,3200
10880,0,3200,3200
10881,0,3200,3200
10882,0,3200,3200
10883,0,3200,3200
10884,0,3200,3200
10885,0,3200,3200
10886,0,3200,3200
10887,0,3200,3200
10888,0,3200,3200
10889,0,3200,3200
10890,0,3200,3200
10891,0,3200,3200
10892,0,3200,3200
10893,0,3200,3200
10894,0,3200,3200
10895,0,3200,3200
10896,0,3200,3200
10897,0,3200,3200
10898,0,3200,3200
10899,0,3200,3200
10900,0,3200,3200
10901,0,3200,3200
10902,0,3200,3200
10903,0,3200,3200
10904,0,3200,3200
10905,0,3200,3200
10906,0,3200,3200
10907,0,3200,3200
10908,0,3200,3200
10909,0,3200,3200
10910,0,3200,3200
10911,0,3200,3200
10912,0,3200,3200
10913,0,3200,3200
10914,0,3200,3200
10915,0,3200,3200
10916,0,3200,3200
10917,0,3200,3200
10918,0,3200,3200
10919,0,3200,3200
10920,0,3200,3200
10921,0,3200,3200
10922,0,3200,3200
10923,0,3200,3200
10924,0,3200,3200
10925,0,3200,3200
10926,0,3200,3200
10927,0,3200,3200
10928,0,3200,3200
10929,0,3200,3200
10930,0,3200,3200
10931,0,3200,3200
10932,0,3200,3200
10933,0,3200,3200
10934,0,3200,3200
10935,0,3200,3200
10936,0,3200,3200
10937,0,3200,3200
10938,0,3200,3200
10939,0,3200,3200
10940,0,3200,3200
10941,0,3200,3200
10942,0,3200,3200
10943,0,3200,3200
10944,0,3200,3200
10945,0,3200,3200
10946,0,3200,3200
10947,0,3200,3200
10948,0,3200,3200
10949,0,3200,3200
10950,0,3200,3200
10951,0,3200,3200
10952,0,3200,3200
10953,0,3200,3200
10954,0,3200,3200
10955,0,3200,3200
10956,0,3200,3200
10957,0,3200,3200
10958,0,3200,3200
10959,0,3200,3200
10960,0,3200,3200
10961,0,3200,3200
10962,0,3200,3200
10963,0,3200,3200
10964,0,3200,3200
10965,0,3200,3200
10966,0,3200,3200
10967,0,3200,3200
10968,0,3200,3200
10969,0,3200,3200
10970,0,3200,3200
10971,0,3200,3200
10972,0,3200,3200
10973,0,3200,3200
10974,0,3200,3200
10975,0,3200,3200
10976,0,3200,3200
10977,0,3200,3200
10978,0,3200,3200
10979,0,3200,3200
10980,0,3200,3200
10981,0,3200,3200
10982,0,3200,3200
10983,0,3200,3200
10984,0,3200,3200
10985,0,3200,3200
10986,0,3200,3200
10987,0,3200,3200
10988,0,3200,3200
10989,0,3200,3200
10990,0,3200,3200
10991,0,3200,3200
10992,0,3200,3200
10993,0,3200,3200
10994,0,3200,3200
10995,0,3200,3200
10996,0,3200,3200
10997,0,3200,3200
10998,0,3200,3200
10999,0,3200,3200
11000,0,3200,3200
11001,0,3200,3200
11002,0,3200,3200
11003,0,3200,3200
11004,0,3200,3200
11005,0,3200,3200
11006,0,3200,3200
11007,0,3200,3200
11008,0,3200,3200
11009,0,3200,3200
11010,0,3200,3200
11011,0,3200,3200
11012,0,3200,3200
11013,0,3200,3200
11014,0,3200,3200
11015,0,3200,3200
11016,0,3200,3200
11017,0,3200,3200
11018,0,3200,3200
11019,0,3200,3200
11020,0,3200,3200
11021,0,3200,3200
11022,0,3200,3200
11023,0,3200,3200
11024,0,3200,3200
11025,0,3200,3200
11026,0,3200,3200
11027,0,3200,3200
11028,0,3200,3200
11029,0,3200,3200
11030,0,3200,3200
11031,0,3200,3200
11032,0,3200,3200
11033,0,3200,3200
11034,0,3200,3200
11035,0,3200,3200
11036,0,3200,3200
11037,0,3200,3200
11038,0,3200,3200
11039,0,3200,3200
11040,0,3200,3200
11041,0,3200,3200
11042,0,3200,3200
11043,0,3200,3200
11044,0,3200,3200
11045,0,3200,3200
11046,0,3200,3200
11047,0,3200,3200
11048,0,3200,3200
11049,0,3200,3200
11050,0,3200,3200
11051,0,3200,3200
11052,0,3200,3200
11053,0,3200,3200
11054,0,3200,3200
11055,0,3200,3200
11056,0,3200,3200
11057,0,3200,3200
11058,0,3200,3200
11059,0,3200,3200
11060,0,3200,3200
11061,0,3200,3200
11062,0,3200,3200
11063,0,3200,3200
11064,0,3200,3200
11065,0,3200,3200
11066,0,3200,3200
11067,0,3200,3200
11068,0,3200,3200
11069,0,3200,3200
11070,0,3200,3200
11071,0,3200,3200
11072,0,3200,3200
11073,0,3200,3200
11074,0,3200,3200
11075,0,3200,3200
11076,0,3200,3200
11077,0,3200,3200
11078,0,3200,3200
11079,0,3200,3200
11080,0,3200,3200
11081,0,3200,3200
11082,0,3200,3200
11083,0,3200,3200
11084,0,3200,3200
11085,0,3200,3200
11086,0,3200,3200
11087,0,3200,3200
11088,0,3200,3200
11089,0,3200,3200
11090,0,3200,3200
11091,0,3200,3200
11092,0,3200,3200
11093,0,3200,3200
11094,0,3200,3200
11095,0,3200,3200
11096,0,3200,3200
11097,0,3200,3200
11098,0,3200,3200
11099,0,3200,3200
11100,0,3200,3200
11101,0,3200,3200
11102,0,3200,3200
11103,0,3200,3200
11104,0,3200,3200
11105,0,3200,3200
11106,0,3200,3200
11107,0,3200,3200
11108,0,3200,3200
11109,0,3200,3200
11110,0,3200,3200
11111,0,3200,3200
11112,0,3200,3200
11113,0,3200,3200
11114,0,3200,3200
11115,0,3200,3200
11116,0,3200,3200
11117,0,3200,3200
11118,0,3200,3200
11119,0,3200,3200
11120,0,3200,3200
11121,0,3200,3200
11122,0,3200,3200
11123,0,3200,3200
11124,0,3200,3200
11125,0,3200,3200
11126,0,3200,3200
11127,0,3200,3200
11128,0,3200,3200
11129,0,3200,3200
11130,0,3200,3200
11131,0,3200,3200
11132,0,3200,3200
11133,0,3200,3200
11134,0,3200,3200
11135,0,3200,3200
11136,0,3200,3200
11137,0,3200,3200
11138,0,3200,3200
11139,0,3200,3200
11140,0,3200,3200
11141,0,3200,3200
11142,0,3200,3200
11143,0,3200,3200
11144,0,3200,3200
11145,0,3200,3200
11146,0,3200,3200
11147,0,3200,3200
11148,0,3200,3200
11149,0,3200,3200
11150,0,3200,3200
11151,0,3200,3200
11152,0,3200,3200
11153,0,3200,3200
11154,0,3200,3200
11155,0,3200,3200
11156,0,3200,3200
11157,0,3200,3200
11158,0,3200,3200
11159,0,3200,3200
11160,0,3200,3200
11161,0,3200,3200
11162,0,3200,3200
11163,0,3200,3200
11164,0,3200,3200
11165,0,3200,3200
11166,0,3200,3200
11167,0,3200,3200
11168,0,3200,3200
11169,0,3200,3200
11170,0,3200,3200
11171,0,3200,3200
11172,0,3200,3200
11173,0,3200,3200
11174,0,3200,3200
11175,0,3200,3200
11176,0,3200,3200
11177,0,3200,3200
11178,0,3200,3200
11179,0,3200,3200
11180,0,3200,3200
11181,0,3200,3200
11182,0,3200,3200
11183,0,3200,3200
11184,0,3200,3200
11185,0,3200,3200
11186,0,3200,3200
11187,0,3200,3200
11188,0,3200,3200
11189,0,3200,3200
11190,0,3200,3200
11191,0,3200,3200
11192,0,3200,3200
11193,0,3200,3200
11194,0,3200,3200
11195,0,3200,3200
11196,0,3200,3200
11197,0,3200,3200
11198,0,3200,3200
11199,0,3200,3200
11200,0,3200,3200
11201,0,3200,3200
11202,0,3200,3200
11203,0,3200,3200
11204,0,3200,3200
11205,0,3200,3200
11206,0,3200,3200
11207,0,3200,3200
11208,0,3200,3200
11209,0,3200,3200
11210,0,3200,3200
11211,0,3200,3200
11212,0,3200,3200
11213,0,3200,3200
11214,0,3200,3200
11215,0,3200,3200
11216,0,3200,3200
11217,0,3200,3200
11218,0,3200,3200
11219,0,3200,3200
11220,0,3200,3200
11221,0,3200,3200
11222,0,3200,3200
11223,0,3200,3200
11224,0,3200,3200
11225,0,3200,3200
11226,0,3200,3200
11227,0,3200,3200
11228,0,3200,3200
11229,0,3200,3200
11230,0,3200,3200
11231,0,3200,3200
11232,0,3200,3200
11233,0,3200,3200
11234,0,3200,3200
11235,0,3200,3200
11236,0,3200,3200
11237,0,3200,3200
11238,0,3200,3200
11239,0,3200,3200
11240,0,3200,3200
11241,0,3200,3200
11242,0,3200,3200
11243,0,3200,3200
11244,0,3200,3200
11245,0,3200,3200
11246,0,3200,3200
11247,0,3200,3200
11248,0,3200,3200
11249,0,3200,3200
11250,0,3200,3200
11251,0,3200,3200
11252,0,3200,3200
11253,0,3200,3200
11254,0,3200,3200
11255,0,3200,3200
11256,0,3200,3200
11257,0,3200,3200
11258,0,3200,3200
11259,0,3200,3200
11260,0,3200,3200
11261,0,3200,3200
11262,0,3200,3200
11263,0,3200,3200
11264,0,3200,3200
11265,0,3200,3200
11266,0,3200,3200
11267,0,3200,3200
11268,0,3200,3200
11269,0,3200,3200
11270,0,3200,3200
11271,0,3200,3200
11272,0,3200,3200
11273,0,3200,3200
11274,0,3200,3200
11275,0,3200,3200
11276,0,3200,3200
11277,0,3200,3200
11278,0,3200,3200
11279,0,3200,3200
11280,0,3200,3200
11281,0,3200,3200
11282,0,3200,3200
11283,0,3200,3200
11284,0,3200,3200
11285,0,3200,3200
11286,0,3200,3200
11287,0,3200,3200
11288,0,3200,3200
11289,0,3200,3200
11290,0,3200,3200
11291,0,3200,3200
11292,0,3200,3200
11293,0,3200,3200
11294,0,3200,3200
11295,0,3200,3200
11296,0,3200,3200
11297,0,3200,3200
11298,0,3200,3200
11299,0,3200,3200
11300,0,3200,3200
11301,0,3200,3200
11302,0,3200,3200
11303,0,3200,3200
11304,0,3200,3200
11305,0,3200,3200
11306,0,3200,3200
11307,0,3200,3200
11308,0,3200,3200
11309,0,3200,3200
11310,0,3200,3200
11311,0,3200,3200
11312,0,3200,3200
11313,0,3200,3200
11314,0,3200,3200
11315,0,3200,3200
11316,0,3200,3200
11317,0,3200,3200
11318,0,3200,3200
11319,0,3200,3200
11320,0,3200,3200
11321,0,3200,3200
11322,0,3200,3200
11323,0,3200,3200
11324,0,3200,3200
11325,0,3200,3200
11326,0,3200,3200
11327,0,3200,3200
11328,0,3200,3200
11329,0,3200,3200
11330,0,3200,3200
11331,0,3200,3200
11332,0,3200,3200
11333,0,3200,3200
11334,0,3200,3200
11335,0,3200,3200
11336,0,3200,3200
11337,0,3200,3200
11338,0,3200,3200
11339,0,3200,3200
11340,0,3200,3200
11341,0,3200,3200
11342,0,3200,3200
11343,0,3200,3200
11344,0,3200,3200
11345,0,3200,3200
11346,0,3200,3200
11347,0,3200,3200
11348,0,3200,3200
11349,0,3200,3200
11350,0,3200,3200
11351,0,3200,3200
11352,0,3200,3200
11353,0,3200,3200
11354,0,3200,3200
11355,0,3200,3200
11356,0,3200,3200
11357,0,3200,3200
11358,0,3200,3200
11359,0,3200,3200
11360,0,3200,3200
11361,0,3200,3200
11362,0,3200,3200
11363,0,3200,3200
11364,0,3200,3200
11365,0,3200,3200
11366,0,3200,3200
11367,0,3200,3200
11368,0,3200,3200
11369,0,3200,3200
11370,0,3200,3200
11371,0,3200,3200
11372,0,3200,3200
11373,0,3200,3200
11374,0,3200,3200
11375,0,3200,3200
11376,0,3200,3200
11377,0,3200,3200
11378,0,3200,3200
11379,0,3200,3200
11380,0,3200,3200
11381,0,3200,3200
11382,0,3200,3200
11383,0,3200,3200
11384,0,3200,3200
11385,0,3200,3200
11386,0,3200,3200
11387,0,3200,3200
11388,0,3200,3200
11389,0,3200,3200
11390,0,3200,3200
11391,0,3200,3200
11392,0,3200,3200
11393,0,3200,3200
11394,0,3200,3200
11395,0,3200,3200
11396,0,3200,3200
11397,0,3200,3200
11398,0,3200,3200
11399,0,3200,3200
11400,0,3200,3200
11401,0,3200,3200
11402,0,3200,3200
11403,0,3200,3200
11404,0,3200,3200
11405,0,3200,3200
11406,0,3200,3200
11407,0,3200,3200
11408,0,3200,3200
11409,0,3200,3200
11410,0,3200,3200
11411,0,3200,3200
11412,0,3200,3200
11413,0,3200,3200
11414,0,3200,3200
11415,0,3200,3200
11416,0,3200,3200
11417,0,3200,3200
11418,0,3200,3200
11419,0,3200,3200
11420,0,3200,3200
11421,0,3200,3200
11422,0,3200,3200
11423,0,3200,3200
11424,0,3200,3200
11425,0,3200,3200
11426,0,3200,3200
11427,0,3200,3200
11428,0,3200,3200
11429,0,3200,3200
11430,0,3200,3200
11431,0,3200,3200
11432,0,3200,3200
11433,0,3200,3200
11434,0,3200,3200
11435,0,3200,3200
11436,0,3200,3200
11437,0,3200,3200
11438,0,3200,3200
11439,0,3200,3200
11440,0,3200,3200
11441,0,3200,3200
11442,0,3200,3200
11443,0,3200,3200
11444,0,3200,3200
11445,0,3200,3200
11446,0,3200,3200
11447,0,3200,3200
11448,0,3200,3200
11449,0,3200,3200
11450,0,3200,3200
11451,0,3200,3200
11452,0,3200,3200
11453,0,3200,3200
11454,0,3200,3200
11455,0,3200,3200
11456,0,3200,3200
11457,0,3200,3200
11458,0,3200,3200
11459,0,3200,3200
11460,0,3200,3200
11461,0,3200,3200
11462,0,3200,3200
11463,0,3200,3200
11464,0,3200,3200
11465,0,3200,3200
11466,0,3200,3200
11467,0,3200,3200
11468,0,3200,3200
11469,0,3200,3200
11470,0,3200,3200
11471,0,3200,3200
11472,0,3200,3200
11473,0,3200,3200
11474,0,3200,3200
11475,0,3200,3200
11476,0,3200,3200
11477,0,3200,3200
11478,0,3200,3200
11479,0,3200,3200
11480,0,3200,3200
11481,0,3200,3200
11482,0,3200,3200
11483,0,3200,3200
11484,0,3200,3200
11485,0,3200,3200
11486,0,3200,3200
11487,0,3200,3200
11488,0,3200,3200
11489,0,3200,3200
11490,0,3200,3200
11491,0,3200,3200
11492,0,3200,3200
11493,0,3200,3200
11494,0,3200,3200
11495,0,3200,3200
11496,0,3200,3200
11497,0,3200,3200
11498,0,3200,3200
11499,0,3200,3200
11500,0,3200,3200
11501,0,3200,3200
11502,0,3200,3200
11503,0,3200,3200
11504,0,3200,3200
11505,0,3200,3200
11506,0,3200,3200
11507,0,3200,3200
11508,0,3200,3200
11509,0,3200,3200
11510,0,3200,3200
11511,0,3200,3200
11512,0,3200,3200
11513,0,3200,3200
11514,0,3200,3200
11515,0,3200,3200
11516,0,3200,3200
11517,0,3200,3200
11518,0,3200,3200
11519,0,3200,3200
11520,0,3200,3200
11521,0,3200,3200
11522,0,3200,3200
11523,0,3200,3200
11524,0,3200,3200
11525,0,3200,3200
11526,0,3200,3200
11527,0,3200,3200
11528,0,3200,3200
11529,0,3200,3200
11530,0,3200,3200
11531,0,3200,3200
11532,0,3200,3200
11533,0,3200,3200
11534,0,3200,3200
11535,0,3200,3200
11536,0,3200,3200
11537,0,3200,3200
11538,0,3200,3200
11539,0,3200,3200
11540,0,3200,3200
11541,0,3200,3200
11542,0,3200,3200
11543,0,3200,3200
11544,0,3200,3200
11545,0,3200,3200
11546,0,3200,3200
11547,0,3200,3200
11548,0,3200,3200
11549,0,3200,3200
11550,0,3200,3200
11551,0,3200,3200
11552,0,3200,3200
11553,0,3200,3200
11554,0,3200,3200
11555,0,3200,3200
11556,0,3200,3200
11557,0,3200,3200
11558,0,3200,3200
11559,0,3200,3200
11560,0,3200,3200
11561,0,3200,3200
11562,0,3200,3200
11563,0,3200,3200
11564,0,3200,3200
11565,0,3200,3200
11566,0,3200,3200
11567,0,3200,3200
11568,0,3200,3200
11569,0,3200,3200
11570,0,3200,3200
11571,0,3200,3200
11572,0,3200,3200
11573,0,3200,3200
11574,0,3200,3200
11575,0,3200,3200
11576,0,3200,3200
11577,0,3200,3200
11578,0,3200,3200
11579,0,3200,3200
11580,0,3200,3200
11581,0,3200,3200
11582,0,3200,3200
11583,0,3200,3200
11584,0,3200,3200
11585,0,3200,3200
11586,0,3200,3200
11587,0,3200,3200
11588,0,3200,3200
11589,0,3200,3200
11590,0,3200,3200
11591,0,3200,3200
11592,0,3200,3200
11593,0,3200,3200
11594,0,3200,3200
11595,0,3200,3200
11596,0,3200,3200
11597,0,3200,3200
11598,0,3200,3200
11599,0,3200,3200
11600,0,3200,3200
11601,0,3200,3200
11602,0,3200,3200
11603,0,3200,3200
11604,0,3200,3200
11605,0,3200,3200
11606,0,3200,3200
11607,0,3200,3200
11608,0,3200,3200
11609,0,3200,3200
11610,0,3200,3200
11611,0,3200,3200
11612,0,3200,3200
11613,0,3200,3200
11614,0,3200,3200
11615,0,3200,3200
11616,0,3200,3200
11617,0,3200,3200
11618,0,3200,3200
11619,0,3200,3200
11620,0,3200,3200
11621,0,3200,3200
11622,0,3200,3200
11623,0,3200,3200
11624,0,3200,3200
11625,0,3200,3200
11626,0,3200,3200
11627,0,3200,3200
11628,0,3200,3200
11629,0,3200,3200
11630,0,3200,3200
11631,0,3200,3200
11632,0,3200,3200
11633,0,3200,3200
11634,0,3200,3200
11635,0,3200,3200
11636,0,3200,3200
11637,0,3200,3200
11638,0,3200,3200
11639,0,3200,3200
11640,0,3200,3200
11641,0,3200,3200
11642,0,3200,3200
11643,0,3200,3200
11644,0,3200,3200
11645,0,3200,3200
11646,0,3200,3200
11647,0,3200,3200
11648,0,3200,3200
11649,0,3200,3200
11650,0,3200,3200
11651,0,3200,3200
11652,0,3200,3200
11653,0,3200,3200
11654,0,3200,3200
11655,0,3200,3200
11656,0,3200,3200
11657,0,3200,3200
11658,0,3200,3200
11659,0,3200,3200
11660,0,3200,3200
11661,0,3200,3200
11662,0,3200,3200
11663,0,3200,3200
11664,0,3200,3200
11665,0,3200,3200
11666,0,3200,3200
11667,0,3200,3200
11668,0,3200,3200
11669,0,3200,3200
11670,0,3200,3200
11671,0,3200,3200
11672,0,3200,3200
11673,0,3200,3200
11674,0,3200,3200
11675,0,3200,3200
11676,0,3200,3200
11677,0,3200,3200
11678,0,3200,3200
11679,0,3200,3200
11680,0,3200,3200
11681,0,3200,3200
11682,0,3200,3200
11683,0,3200,3200
11684,0,3200,3200
11685,0,3200,3200
11686,0,3200,3200
11687,0,3200,3200
11688,0,3200,3200
11689,0,3200,3200
11690,0,3200,3200
11691,0,3200,3200
11692,0,3200,3200
11693,0,3200,3200
11694,0,3200,3200
11695,0,3200,3200
11696,0,3200,3200
11697,0,3200,3200
11698,0,3200,3200
11699,0,3200,3200
11700,0,3200,3200
11701,0,3200,3200
11702,0,3200,3200
11703,0,3200,3200
11704,0,3200,3200
11705,0,3200,3200
11706,0,3200,3200
11707,0,3200,3200
11708,0,3200,3200
11709,0,3200,3200
11710,0,3200,3200
11711,0,3200,3200
11712,0,3200,3200
11713,0,3200,3200
11714,0,3200,3200
11715,0,3200,3200
11716,0,3200,3200
11717,0,3200,3200
11718,0,3200,3200
11719,0,3200,3200
11720,0,3200,3200
11721,0,3200,3200
11722,0,3200,3200
11723,0,3200,3200
11724,0,3200,3200
11725,0,3200,3200
11726,0,3200,3200
11727,0,3200,3200
11728,0,3200,3200
11729,0,3200,3200
11730,0,3200,3200
11731,0,3200,3200
11732,0,3200,3200
11733,0,3200,3200
11734,0,3200,3200
11735,0,3200,3200
11736,0,3200,3200
11737,0,3200,3200
11738,0,3200,3200
11739,0,3200,3200
11740,0,3200,3200
11741,0,3200,3200
11742,0,3200,3200
11743,0,3200,3200
11744,0,3200,3200
11745,0,3200,3200
11746,0,3200,3200
11747,0,3200,3200
11748,0,3200,3200
11749,0,3200,3200
11750,0,3200,3200
11751,0,3200,3200
11752,0,3200,3200
11753,0,3200,3200
11754,0,3200,3200
11755,0,3200,3200
11756,0,3200,3200
11757,0,3200,3200
11758,0,3200,3200
11759,0,3200,3200
11760,0,3200,3200
11761,0,3200,3200
11762,0,3200,3200
11763,0,3200,3200
11764,0,3200,3200
11765,0,3200,3200
11766,0,3200,3200
11767,0,3200,3200
11768,0,3200,3200
11769,0,3200,3200
11770,0,3200,3200
11771,0,3200,3200
11772,0,3200,3200
11773,0,3200,3200
11774,0,3200,3200
11775,0,3200,3200
11776,0,3200,3200
11777,0,3200,3200
11778,0,3200,3200
11779,0,3200,3200
11780,0,3200,3200
11781,0,3200,3200
11782,0,3200,3200
11783,0,3200,3200
11784,0,3200,3200
11785,0,3200,3200
11786,0,3200,3200
11787,0,3200,3200
11788,0,3200,3200
11789,0,3200,3200
11790,0,3200,3200
11791,0,3200,3200
11792,0,3200,3200
11793,0,3200,3200
11794,0,3200,3200
11795,0,3200,3200
11796,0,3200,3200
11797,0,3200,3200
11798,0,3200,3200
11799,0,3200,3200
11800,0,3200,3200
11801,0,3200,3200
11802,0,3200,3200
11803,0,3200,3200
11804,0,3200,3200
11805,0,3200,3200
11806,0,3200,3200
11807,0,3200,3200
11808,0,3200,3200
11809,0,3200,3200
11810,0,3200,3200
11811,0,3200,3200
11812,0,3200,3200
11813,0,3200,3200
11814,0,3200,3200
11815,0,3200,3200
11816,0,3200,3200
11817,0,3200,3200
11818,0,3200,3200
11819,0,3200,3200
11820,0,3200,3200
11821,0,3200,3200
11822,0,3200,3200
11823,0,3200,3200
11824,0,3200,3200
11825,0,3200,3200
11826,0,3200,3200
11827,0,3200,3200
11828,0,3200,3200
11829,0,3200,3200
11830,0,3200,3200
11831,0,3200,3200
11832,0,3200,3200
11833,0,3200,3200
11834,0,3200,3200
11835,0,3200,3200
11836,0,3200,3200
11837,0,3200,3200
11838,0,3200,3200
11839,0,3200,3200
11840,0,3200,3200
11841,0,3200,3200
11842,0,3200,3200
11843,0,3200,3200
11844,0,3200,3200
11845,0,3200,3200
11846,0,3200,3200
11847,0,3200,3200
11848,0,3200,3200
11849,0,3200,3200
11850,0,3200,3200
11851,0,3200,3200
11852,0,3200,3200
11853,0,3200,3200
11854,0,3200,3200
11855,0,3200,3200
11856,0,3200,3200
11857,0,3200,3200
11858,0,3200,3200
11859,0,3200,3200
11860,0,3200,3200
11861,0,3200,3200
11862,0,3200,3200
11863,0,3200,3200
11864,0,3200,3200
11865,0,3200,3200
11866,0,3200,3200
11867,0,3200,3200
11868,0,3200,3200
11869,0,3200,3200
11870,0,3200,3200
11871,0,3200,3200
11872,0,3200,3200
11873,0,3200,3200
11874,0,3200,3200
11875,0,3200,3200
11876,0,3200,3200
11877,0,3200,3200
11878,0,3200,3200
11879,0,3200,3200
11880,0,3200,3200
11881,0,3200,3200
11882,0,3200,3200
11883,0,3200,3200
11884,0,3200,3200
11885,0,3200,3200
11886,0,3200,3200
11887,0,3200,3200
11888,0,3200,3200
11889,0,3200,3200
11890,0,3200,3200
11891,0,3200,3200
11892,0,3200,3200
11893,0,3200,3200
11894,0,3200,3200
11895,0,3200,3200
11896,0,3200,3200
11897,0,3200,3200
11898,0,3200,3200
11899,0,3200,3200
11900,0,3200,3200
11901,0,3200,3200
11902,0,3200,3200
11903,0,3200,3200
11904,0,3200,3200
11905,0,3200,3200
11906,0,3200,3200
11907,0,3200,3200
11908,0,3200,3200
11909,0,3200,3200
11910,0,3200,3200
11911,0,3200,3200
11912,0,3200,3200
11913,0,3200,3200
11914,0,3200,3200
11915,0,3200,3200
11916,0,3200,3200
11917,0,3200,3200
11918,0,3200,3200
11919,0,3200,3200
11920,0,3200,3200
11921,0,3200,3200
11922,0,3200,3200
11923,0,3200,3200
11924,0,3200,3200
11925,0,3200,3200
11926,0,3200,3200
11927,0,3200,3200
11928,0,3200,3200
11929,0,3200,3200
11930,0,3200,3200
11931,0,3200,3200
11932,0,3200,3200
11933,0,3200,3200
11934,0,3200,3200
11935,0,3200,3200
11936,0,3200,3200
11937,0,3200,3200
11938,0,3200,3200
11939,0,3200,3200
11940,0,3200,3200
11941,0,3200,3200
11942,0,3200,3200
11943,0,3200,3200
11944,0,3200,3200
11945,0,3200,3200
11946,0,3200,3200
11947,0,3200,3200
11948,0,3200,3200
11949,0,3200,3200
11950,0,3200,3200
11951,0,3200,3200
11952,0,3200,3200
11953,0,3200,3200
11954,0,3200,3200
11955,0,3200,3200
11956,0,3200,3200
11957,0,3200,3200
11958,0,3200,3200
11959,0,3200,3200
11960,0,3200,3200
11961,0,3200,3200
11962,0,3200,3200
11963,0,3200,3200
11964,0,3200,3200
11965,0,3200,3200
11966,0,3200,3200
11967,0,3200,3200
11968,0,3200,3200
11969,0,3200,3200
11970,0,3200,3200
11971,0,3200,3200
11972,0,3200,3200
11973,0,3200,3200
11974,0,3200,3200
11975,0,3200,3200
11976,0,3200,3200
11977,0,3200,3200
11978,0,3200,3200
11979,0,3200,3200
11980,0,3200,3200
11981,0,3200,3200
11982,0,3200,3200
11983,0,3200,3200
11984,0,3200,3200
11985,0,3200,3200
11986,0,3200,3200
11987,0,3200,3200
11988,0,3200,3200
11989,0,3200,3200
11990,0,3200,3200
11991,0,3200,3200
11992,0,3200,3200
11993,0,3200,3200
11994,0,3200,3200
11995,0,3200,3200
11996,0,3200,3200
11997,0,3200,3200
11998,0,3200,3200
11999,0,3200,3200
12000,0,3200,3200
12001,0,3200,3200
12002,0,3200,3200
12003,0,3200,3200
12004,0,3200,3200
12005,0,3200,3200
12006,0,3200,3200
12007,0,3200,3200
12008,0,3200,3200
12009,0,3200,3200
12010,0,3200,3200
12011,0,3200,3200
12012,0,3200,3200
12013,0,3200,3200
12014,0,3200,3200
12015,0,3200,3200
12016,0,3200,3200
12017,0,3200,3200
12018,0,3200,3200
12019,0,3200,3200
12020,0,3200,3200
12021,0,3200,3200
12022,0,3200,3200
12023,0,3200,3200
12024,0,3200,3200
12025,0,3200,3200
12026,0,3200,3200
12027,0,3200,3200
12028,0,3200,3200
12029,0,3200,3200
12030,0,3200,3200
12031,0,3200,3200
12032,0,3200,3200
12033,0,3200,3200
12034,0,3200,3200
12035,0,3200,3200
12036,0,3200,3200
12037,0,3200,3200
12038,0,3200,3200
12039,0,3200,3200
12040,0,3200,3200
12041,0,3200,3200
12042,0,3200,3200
12043,0,3200,3200
12044,0,3200,3200
12045,0,3200,3200
12046,0,3200,3200
12047,0,3200,3200
12048,0,3200,3200
12049,0,3200,3200
12050,0,3200,3200
12051,0,3200,3200
12052,0,3200,3200
12053,0,3200,3200
12054,0,3200,3200
12055,0,3200,3200
12056,0,3200,3200
12057,0,3200,3200
12058,0,3200,3200
12059,0,3200,3200
12060,0,3200,3200
12061,0,3200,3200
12062,0,3200,3200
12063,0,3200,3200
12064,0,3200,3200
12065,0,3200,3200
12066,0,3200,3200
12067,0,3200,3200
12068,0,3200,3200
12069,0,3200,3200
12070,0,3200,3200
12071,0,3200,3200
12072,0,3200,3200
12073,0,3200,3200
12074,0,3200,3200
12075,0,3200,3200
12076,0,3200,3200
12077,0,3200,3200
12078,0,3200,3200
12079,0,3200,3200
12080,0,3200,3200
12081,0,3200,3200
12082,0,3200,3200
12083,0,3200,3200
12084,0,3200,3200
12085,0,3200,3200
12086,0,3200,3200
12087,0,3200,3200
12088,0,3200,3200
12089,0,3200,3200
12090,0,3200,3200
12091,0,3200,3200
12092,0,3200,3200
12093,0,3200,3200
12094,0,3200,3200
12095,0,3200,3200
12096,0,3200,3200
12097,0,3200,3200
12098,0,3200,3200
12099,0,3200,3200
12100,0,3200,3200
12101,0,3200,3200
12102,0,3200,3200
12103,0,3200,3200
12104,0,3200,3200
12105,0,3200,3200
12106,0,3200,3200
12107,0,3200,3200
12108,0,3200,3200
12109,0,3200,3200
12110,0,3200,3200
12111,0,3200,3200
12112,0,3200,3200
12113,0,3200,3200
12114,0,3200,3200
12115,0,3200,3200
12116,0,3200,3200
12117,0,3200,3200
12118,0,3200,3200
12119,0,3200,3200
12120,0,3200,3200
12121,0,3200,3200
12122,0,3200,3200
12123,0,3200,3200
12124,0,3200,3200
12125,0,3200,3200
12126,0,3200,3200
12127,0,3200,3200
12128,0,3200,3200
12129,0,3200,3200
12130,0,3200,3200
12131,0,3200,3200
12132,0,3200,3200
12133,0,3200,3200
12134,0,3200,3200
12135,0,3200,3200
12136,0,3200,3200
12137,0,3200,3200
12138,0,3200,3200
12139,0,3200,3200
12140,0,3200,3200
12141,0,3200,3200
12142,0,3200,3200
12143,0,3200,3200
12144,0,3200,3200
12145,0,3200,3200
12146,0,3200,3200
12147,0,3200,3200
12148,0,3200,3200
12149,0,3200,3200
12150,0,3200,3200
12151,0,3200,3200
12152,0,3200,3200
12153,0,3200,3200
12154,0,3200,3200
12155,0,3200,3200
12156,0,3200,3200
12157,0,3200,3200
12158,0,3200,3200
12159,0,3200,3200
12160,0,3200,3200
12161,0,3200,3200
12162,0,3200,3200
12163,0,3200,3200
12164,0,3200,3200
12165,0,3200,3200
12166,0,3200,3200
12167,0,3200,3200
12168,0,3200,3200
12169,0,3200,3200
12170,0,3200,3200
12171,0,3200,3200
12172,0,3200,3200
12173,0,3200,3200
12174,0,3200,3200
12175,0,3200,3200
12176,0,3200,3200
12177,0,3200,3200
12178,0,3200,3200
12179,0,3200,3200
12180,0,3200,3200
12181,0,3200,3200
12182,0,3200,3200
12183,0,3200,3200
12184,0,3200,3200
12185,0,3200,3200
12186,0,3200,3200
12187,0,3200,3200
12188,0,3200,3200
12189,0,3200,3200
12190,0,3200,3200
12191,0,3200,3200
12192,0,3200,3200
12193,0,3200,3200
12194,0,3200,3200
12195,0,3200,3200
12196,0,3200,3200
12197,0,3200,3200
12198,0,3200,3200
12199,0,3200,3200
12200,0,3200,3200
12201,0,3200,3200
12202,0,3200,3200
12203,0,3200,3200
12204,0,3200,3200
12205,0,3200,3200
12206,0,3200,3200
12207,0,3200,3200
12208,0,3200,3200
12209,0,3200,3200
12210,0,3200,3200
12211,0,3200,3200
12212,0,3200,3200
12213,0,3200,3200
12214,0,3200,3200
12215,0,3200,3200
12216,0,3200,3200
12217,0,3200,3200
12218,0,3200,3200
12219,0,3200,3200
12220,0,3200,3200
12221,0,3200,3200
12222,0,3200,3200
12223,0,3200,3200
12224,0,3200,3200
12225,0,3200,3200
12226,0,3200,3200
12227,0,3200,3200
12228,0,3200,3200
12229,0,3200,3200
12230,0,3200,3200
12231,0,3200,3200
12232,0,3200,3200
12233,0,3200,3200
12234,0,3200,3200
12235,0,3200,3200
12236,0,3200,3200
12237,0,3200,3200
12238,0,3200,3200
12239,0,3200,3200
12240,0,3200,3200
12241,0,3200,3200
12242,0,3200,3200
12243,0,3200,3200
12244,0,3200,3200
12245,0,3200,3200
12246,0,3200,3200
12247,0,3200,3200
12248,0,3200,3200
12249,0,3200,3200
12250,0,3200,3200
12251,0,3200,3200
12252,0,3200,3200
12253,0,3200,3200
12254,0,3200,3200
12255,0,3200,3200
12256,0,3200,3200
12257,0,3200,3200
12258,0,3200,3200
12259,0,3200,3200
12260,0,3200,3200
12261,0,3200,3200
12262,0,3200,3200
12263,0,3200,3200
12264,0,3200,3200
12265,0,3200,3200
12266,0,3200,3200
12267,0,3200,3200
12268,0,3200,3200
12269,0,3200,3200
12270,0,3200,3200
12271,0,3200,3200
12272,0,3200,3200
12273,0,3200,3200
12274,0,3200,3200
12275,0,3200,3200
12276,0,3200,3200
12277,0,3200,3200
12278,0,3200,3200
12279,0,3200,3200
12280,0,3200,3200
12281,0,3200,3200
12282,0,3200,3200
12283,0,3200,3200
12284,0,3200,3200
12285,0,3200,3200
12286,0,3200,3200
12287,0,3200,3200
12288,0,3200,3200
12289,0,3200,3200
12290,0,3200,3200
12291,0,3200,3200
12292,0,3200,3200
12293,0,3200,3200
12294,0,3200,3200
12295,0,3200,3200
12296,0,3200,3200
12297,0,3200,3200
12298,0,3200,3200
12299,0,3200,3200
12300,0,3200,3200
12301,0,3200,3200
12302,0,3200,3200
12303,0,3200,3200
12304,0,3200,3200
12305,0,3200,3200
12306,0,3200,3200
12307,0,3200,3200
12308,0,3200,3200
12309,0,3200,3200
12310,0,3200,3200
12311,0,3200,3200
12312,0,3200,3200
12313,0,3200,3200
12314,0,3200,3200
12315,0,3200,3200
12316,0,3200,3200
12317,0,3200,3200
12318,0,3200,3200
12319,0,3200,3200
12320,0,3200,3200
12321,0,3200,3200
12322,0,3200,3200
12323,0,3200,3200
12324,0,3200,3200
12325,0,3200,3200
12326,0,3200,3200
12327,0,3200,3200
12328,0,3200,3200
12329,0,3200,3200
12330,0,3200,3200
12331,0,3200,3200
12332,0,3200,3200
12333,0,3200,3200
12334,0,3200,3200
12335,0,3200,3200
12336,0,3200,3200
12337,0,3200,3200
12338,0,3200,3200
12339,0,3200,3200
12340,0,3200,3200
12341,0,3200,3200
12342,0,3200,3200
12343,0,3200,3200
12344,0,3200,3200
12345,0,3200,3200
12346,0,3200,3200
12347,0,3200,3200
12348,0,3200,3200
12349,0,3200,3200
12350,0,3200,3200
12351,0,3200,3200
12352,0,3200,3200
12353,0,3200,3200
12354,0,3200,3200
12355,0,3200,3200
12356,0,3200,3200
12357,0,3200,3200
12358,0,3200,3200
12359,0,3200,3200
12360,0,3200,3200
12361,0,3200,3200
12362,0,3200,3200
12363,0,3200,3200
12364,0,3200,3200
12365,0,3200,3200
12366,0,3200,3200
12367,0,3200,3200
12368,0,3200,3200
12369,0,3200,3200
12370,0,3200,3200
12371,0,3200,3200
12372,0,3200,3200
12373,0,3200,3200
12374,0,3200,3200
12375,0,3200,3200
12376,0,3200,3200
12377,0,3200,3200
12378,0,3200,3200
12379,0,3200,3200
12380,0,3200,3200
12381,0,3200,3200
12382,0,3200,3200
12383,0,3200,3200
12384,0,3200,3200
12385,0,3200,3200
12386,0,3200,3200
12387,0,3200,3200
12388,0,3200,3200
12389,0,3200,3200
12390,0,3200,3200
12391,0,3200,3200
12392,0,3200,3200
12393,0,3200,3200
12394,0,3200,3200
12395,0,3200,3200
12396,0,3200,3200
12397,0,3200,3200
12398,0,3200,3200
12399,0,3200,3200
12400,0,3200,3200
12401,0,3200,3200
12402,0,3200,3200
12403,0,3200,3200
12404,0,3200,3200
12405,0,3200,3200
12406,0,3200,3200
12407,0,3200,3200
12408,0,3200,3200
12409,0,3200,3200
12410,0,3200,3200
12411,0,3200,3200
12412,0,3200,3200
12413,0,3200,3200
12414,0,3200,3200
12415,0,3200,3200
12416,0,3200,3200
12417,0,3200,3200
12418,0,3200,3200
12419,0,3200,3200
12420,0,3200,3200
12421,0,3200,3200
12422,0,3200,3200
12423,0,3200,3200
12424,0,3200,3200
12425,0,3200,3200
12426,0,3200,3200
12427,0,3200,3200
12428,0,3200,3200
12429,0,3200,3200
12430,0,3200,3200
12431,0,3200,3200
12432,0,3200,3200
12433,0,3200,3200
12434,0,3200,3200
12435,0,3200,3200
12436,0,3200,3200
12437,0,3200,3200
12438,0,3200,3200
12439,0,3200,3200
12440,0,3200,3200
12441,0,3200,3200
12442,0,3200,3200
12443,0,3200,3200
12444,0,3200,3200
12445,0,3200,3200
12446,0,3200,3200
12447,0,3200,3200
12448,0,3200,3200
12449,0,3200,3200
12450,0,3200,3200
12451,0,3200,3200
12452,0,3200,3200
12453,0,3200,3200
12454,0,3200,3200
12455,0,3200,3200
12456,0,3200,3200
12457,0,3200,3200
12458,0,3200,3200
12459,0,3200,3200
12460,0,3200,3200
12461,0,3200,3200
12462,0,3200,3200
12463,0,3200,3200
12464,0,3200,3200
12465,0,3200,3200
12466,0,3200,3200
12467,0,3200,3200
12468,0,3200,3200
12469,0,3200,3200
12470,0,3200,3200
12471,0,3200,3200
12472,0,3200,3200
12473,0,3200,3200
12474,0,3200,3200
12475,0,3200,3200
12476,0,3200,3200
12477,0,3200,3200
12478,0,3200,3200
12479,0,3200,3200
12480,0,3200,3200
12481,0,3200,3200
12482,0,3200,3200
12483,0,3200,3200
12484,0,3200,3200
12485,0,3200,3200
12486,0,3200,3200
12487,0,3200,3200
12488,0,3200,3200
12489,0,3200,3200
12490,0,3200,3200
12491,0,3200,3200
12492,0,3200,3200
12493,0,3200,3200
12494,0,3200,3200
12495,0,3200,3200
12496,0,3200,3200
12497,0,3200,3200
12498,0,3200,3200
12499,0,3200,3200
12500,0,3200,3200
12501,0,3200,3200
12502,0,3200,3200
12503,0,3200,3200
12504,0,3200,3200
12505,0,3200,3200
12506,0,3200,3200
12507,0,3200,3200
12508,0,3200,3200
12509,0,3200,3200
12510,0,3200,3200
12511,0,3200,3200
12512,0,3200,3200
12513,0,3200,3200
12514,0,3200,3200
12515,0,3200,3200
12516,0,3200,3200
12517,0,3200,3200
12518,0,3200,3200
12519,0,3200,3200
12520,0,3200,3200
12521,0,3200,3200
12522,0,3200,3200
12523,0,3200,3200
12524,0,3200,3200
12525,0,3200,3200
12526,0,3200,3200
12527,0,3200,3200
12528,0,3200,3200
12529,0,3200,3200
12530,0,3200,3200
12531,0,3200,3200
12532,0,3200,3200
12533,0,3200,3200
12534,0,3200,3200
12535,0,3200,3200
12536,0,3200,3200
12537,0,3200,3200
12538,0,3200,3200
12539,0,3200,3200
12540,0,3200,3200
12541,0,3200,3200
12542,0,3200,3200
12543,0,3200,3200
12544,0,3200,3200
12545,0,3200,3200
12546,0,3200,3200
12547,0,3200,3200
12548,0,3200,3200
12549,0,3200,3200
12550,0,3200,3200
12551,0,3200,3200
12552,0,3200,3200
12553,0,3200,3200
12554,0,3200,3200
12555,0,3200,3200
12556,0,3200,3200
12557,0,3200,3200
12558,0,3200,3200
12559,0,3200,3200
12560,0,3200,3200
12561,0,3200,3200
12562,0,3200,3200
12563,0,3200,3200
12564,0,3200,3200
12565,0,3200,3200
12566,0,3200,3200
12567,0,3200,3200
12568,0,3200,3200
12569,0,3200,3200
12570,0,3200,3200
12571,0,3200,3200
12572,0,3200,3200
12573,0,3200,3200
12574,0,3200,3200
12575,0,3200,3200
12576,0,3200,3200
12577,0,3200,3200
12578,0,3200,3200
12579,0,3200,3200
12580,0,3200,3200
12581,0,3200,3200
12582,0,3200,3200
12583,0,3200,3200
12584,0,3200,3200
12585,0,3200,3200
12586,0,3200,3200
12587,0,3200,3200
12588,0,3200,3200
12589,0,3200,3200
12590,0,3200,3200
12591,0,3200,3200
12592,0,3200,3200
12593,0,3200,3200
12594,0,3200,3200
12595,0,3200,3200
12596,0,3200,3200
12597,0,3200,3200
12598,0,3200,3200
12599,0,3200,3200
12600,0,3200,3200
12601,0,3200,3200
12602,0,3200,3200
12603,0,3200,3200
12604,0,3200,3200
12605,0,3200,3200
12606,0,3200,3200
12607,0,3200,3200
12608,0,3200,3200
12609,0,3200,3200
12610,0,3200,3200
12611,0,3200,3200
12612,0,3200,3200
12613,0,3200,3200
12614,0,3200,3200
12615,0,3200,3200
12616,0,3200,3200
12617,0,3200,3200
12618,0,3200,3200
12619,0,3200,3200
12620,0,3200,3200
12621,0,3200,3200
12622,0,3200,3200
12623,0,3200,3200
12624,0,3200,3200
12625,0,3200,3200
12626,0,3200,3200
12627,0,3200,3200
12628,0,3200,3200
12629,0,3200,3200
12630,0,3200,3200
12631,0,3200,3200
12632,0,3200,3200
12633,0,3200,3200
12634,0,3200,3200
12635,0,3200,3200
12636,0,3200,3200
12637,0,3200,3200
12638,0,3200,3200
12639,0,3200,3200
12640,0,3200,3200
12641,0,3200,3200
12642,0,3200,3200
12643,0,3200,3200
12644,0,3200,3200
12645,0,3200,3200
12646,0,3200,3200
12647,0,3200,3200
12648,0,3200,3200
12649,0,3200,3200
12650,0,3200,3200
12651,0,3200,3200
12652,0,3200,3200
12653,0,3200,3200
12654,0,3200,3200
12655,0,3200,3200
12656,0,3200,3200
12657,0,3200,3200
12658,0,3200,3200
12659,0,3200,3200
12660,0,3200,3200
12661,0,3200,3200
12662,0,3200,3200
12663,0,3200,3200
12664,0,3200,3200
12665,0,3200,3200
12666,0,3200,3200
12667,0,3200,3200
12668,0,3200,3200
12669,0,3200,3200
12670,0,3200,3200
12671,0,3200,3200
12672,0,3200,3200
12673,0,3200,3200
12674,0,3200,3200
12675,0,3200,3200
12676,0,3200,3200
12677,0,3200,3200
12678,0,3200,3200
12679,0,3200,3200
12680,0,3200,3200
12681,0,3200,3200
12682,0,3200,3200
12683,0,3200,3200
12684,0,3200,3200
12685,0,3200,3200
12686,0,3200,3200
12687,0,3200,3200
12688,0,3200,3200
12689,0,3200,3200
12690,0,3200,3200
12691,0,3200,3200
12692,0,3200,3200
12693,0,3200,3200
12694,0,3200,3200
12695,0,3200,3200
12696,0,3200,3200
12697,0,3200,3200
12698,0,3200,3200
12699,0,3200,3200
12700,0,3200,3200
12701,0,3200,3200
12702,0,3200,3200
12703,0,3200,3200
12704,0,3200,3200
12705,0,3200,3200
12706,0,3200,3200
12707,0,3200,3200
12708,0,3200,3200
12709,0,3200,3200
12710,0,3200,3200
12711,0,3200,3200
12712,0,3200,3200
12713,0,3200,3200
12714,0,3200,3200
12715,0,3200,3200
12716,0,3200,3200
12717,0,3200,3200
12718,0,3200,3200
12719,0,3200,3200
12720,0,3200,3200
12721,0,3200,3200
12722,0,3200,3200
12723,0,3200,3200
12724,0,3200,3200
12725,0,3200,3200
12726,0,3200,3200
12727,0,3200,3200
12728,0,3200,3200
12729,0,3200,3200
12730,0,3200,3200
12731,0,3200,3200
12732,0,3200,3200
12733,0,3200,3200
12734,0,3200,3200
12735,0,3200,3200
12736,0,3200,3200
12737,0,3200,3200
12738,0,3200,3200
12739,0,3200,3200
12740,0,3200,3200
12741,0,3200,3200
12742,0,3200,3200
12743,0,3200,3200
12744,0,3200,3200
12745,0,3200,3200
12746,0,3200,3200
12747,0,3200,3200
12748,0,3200,3200
12749,0,3200,3200
12750,0,3200,3200
12751,0,3200,3200
12752,0,3200,3200
12753,0,3200,3200
12754,0,3200,3200
12755,0,3200,3200
12756,0,3200,3200
12757,0,3200,3200
12758,0,3200,3200
12759,0,3200,3200
12760,0,3200,3200
12761,0,3200,3200
12762,0,3200,3200
12763,0,3200,3200
12764,0,3200,3200
12765,0,3200,3200
12766,0,3200,3200
12767,0,3200,3200
12768,0,3200,3200
12769,0,3200,3200
12770,0,3200,3200
12771,0,3200,3200
12772,0,3200,3200
12773,0,3200,3200
12774,0,3200,3200
12775,0,3200,3200
12776,0,3200,3200
12777,0,3200,3200
12778,0,3200,3200
12779,0,3200,3200
12780,0,3200,3200
12781,0,3200,3200
12782,0,3200,3200
12783,0,3200,3200
12784,0,3200,3200
12785,0,3200,3200
12786,0,3200,3200
12787,0,3200,3200
12788,0,3200,3200
12789,0,3200,3200
12790,0,3200,3200
12791,0,3200,3200
12792,0,3200,3200
12793,0,3200,3200
12794,0,3200,3200
12795,0,3200,3200
12796,0,3200,3200
12797,0,3200,3200
12798,0,3200,3200
12799,0,3200,3200
12800,0,3200,3200
12801,0,3200,3200
12802,0,3200,3200
12803,0,3200,3200
12804,0,3200,3200
12805,0,3200,3200
12806,0,3200,3200
12807,0,3200,3200
12808,0,3200,3200
12809,0,3200,3200
12810,0,3200,3200
12811,0,3200,3200
12812,0,3200,3200
12813,0,3200,3200
12814,0,3200,3200
12815,0,3200,3200
12816,0,3200,3200
12817,0,3200,3200
12818,0,3200,3200
12819,0,3200,3200
12820,0,3200,3200
12821,0,3200,3200
12822,0,3200,3200
12823,0,3200,3200
12824,0,3200,3200
12825,0,3200,3200
12826,0,3200,3200
12827,0,3200,3200
12828,0,3200,3200
12829,0,3200,3200
12830,0,3200,3200
12831,0,3200,3200
12832,0,3200,3200
12833,0,3200,3200
12834,0,3200,3200
12835,0,3200,3200
12836,0,3200,3200
12837,0,3200,3200
12838,0,3200,3200
12839,0,3200,3200
12840,0,3200,3200
12841,0,3200,3200
12842,0,3200,3200
12843,0,3200,3200
12844,0,3200,3200
12845,0,3200,3200
12846,0,3200,3200
12847,0,3200,3200
12848,0,3200,3200
12849,0,3200,3200
12850,0,3200,3200
12851,0,3200,3200
12852,0,3200,3200
12853,0,3200,3200
12854,0,3200,3200
12855,0,3200,3200
12856,0,3200,3200
12857,0,3200,3200
12858,0,3200,3200
12859,0,3200,3200
12860,0,3200,3200
12861,0,3200,3200
12862,0,3200,3200
12863,0,3200,3200
12864,0,3200,3200
12865,0,3200,3200
12866,0,3200,3200
12867,0,3200,3200
12868,0,3200,3200
12869,0,3200,3200
12870,0,3200,3200
12871,0,3200,3200
12872,0,3200,3200
12873,0,3200,3200
12874,0,3200,3200
12875,0,3200,3200
12876,0,3200,3200
12877,0,3200,3200
12878,0,3200,3200
12879,0,3200,3200
12880,0,3200,3200
12881,0,3200,3200
12882,0,3200,3200
12883,0,3200,3200
12884,0,3200,3200
12885,0,3200,3200
12886,0,3200,3200
12887,0,3200,3200
12888,0,3200,3200
12889,0,3200,3200
12890,0,3200,3200
12891,0,3200,3200
12892,0,3200,3200
12893,0,3200,3200
12894,0,3200,3200
12895,0,3200,3200
12896,0,3200,3200
12897,0,3200,3200
12898,0,3200,3200
12899,0,3200,3200
12900,0,3200,3200
12901,0,3200,3200
12902,0,3200,3200
12903,0,3200,3200
12904,0,3200,3200
12905,0,3200,3200
12906,0,3200,3200
12907,0,3200,3200
12908,0,3200,3200
12909,0,3200,3200
12910,0,3200,3200
12911,0,3200,3200
12912,0,3200,3200
12913,0,3200,3200
12914,0,3200,3200
12915,0,3200,3200
12916,0,3200,3200
12917,0,3200,3200
12918,0,3200,3200
12919,0,3200,3200
12920,0,3200,3200
12921,0,3200,3200
12922,0,3200,3200
12923,0,3200,3200
12924,0,3200,3200
12925,0,3200,3200
12926,0,3200,3200
12927,0,3200,3200
12928,0,3200,3200
12929,0,3200,3200
12930,0,3200,3200
12931,0,3200,3200
12932,0,3200,3200
12933,0,3200,3200
12934,0,3200,3200
12935,0,3200,3200
12936,0,3200,3200
12937,0,3200,3200
12938,0,3200,3200
12939,0,3200,3200
12940,0,3200,3200
12941,0,3200,3200
12942,0,3200,3200
12943,0,3200,3200
12944,0,3200,3200
12945,0,3200,3200
12946,0,3200,3200
12947,0,3200,3200
12948,0,3200,3200
12949,0,3200,3200
12950,0,3200,3200
12951,0,3200,3200
12952,0,3200,3200
12953,0,3200,3200
12954,0,3200,3200
12955,0,3200,3200
12956,0,3200,3200
12957,0,3200,3200
12958,0,3200,3200
12959,0,3200,3200
12960,0,3200,3200
12961,0,3200,3200
12962,0,3200,3200
12963,0,3200,3200
12964,0,3200,3200
12965,0,3200,3200
12966,0,3200,3200
12967,0,3200,3200
12968,0,3200,3200
12969,0,3200,3200
12970,0,3200,3200
12971,0,3200,3200
12972,0,3200,3200
12973,0,3200,3200
12974,0,3200,3200
12975,0,3200,3200
12976,0,3200,3200
12977,0,3200,3200
12978,0,3200,3200
12979,0,3200,3200
12980,0,3200,3200
12981,0,3200,3200
12982,0,3200,3200
12983,0,3200,3200
12984,0,3200,3200
12985,0,3200,3200
12986,0,3200,3200
12987,0,3200,3200
12988,0,3200,3200
12989,0,3200,3200
12990,0,3200,3200
12991,0,3200,3200
12992,0,3200,3200
12993,0,3200,3200
12994,0,3200,3200
12995,0,3200,3200
12996,0,3200,3200
12997,0,3200,3200
12998,0,3200,3200
12999,0,3200,3200
13000,0,3200,3200
13001,0,3200,3200
13002,0,3200,3200
13003,0,3200,3200
13004,0,3200,3200
13005,0,3200,3200
13006,0,3200,3200
13007,0,3200,3200
13008,0,3200,3200
13009,0,3200,3200
13010,0,3200,3200
13011,0,3200,3200
13012,0,3200,3200
13013,0,3200,3200
13014,0,3200,3200
13015,0,3200,3200
13016,0,3200,3200
13017,0,3200,3200
13018,0,3200,3200
13019,0,3200,3200
13020,0,3200,3200
13021,0,3200,3200
13022,0,3200,3200
13023,0,3200,3200
13024,0,3200,3200
13025,0,3200,3200
13026,0,3200,3200
13027,0,3200,3200
13028,0,3200,3200
13029,0,3200,3200
13030,0,3200,3200
13031,0,3200,3200
13032,0,3200,3200
13033,0,3200,3200
13034,0,3200,3200
13035,0,3200,3200
13036,0,3200,3200
13037,0,3200,3200
13038,0,3200,3200
13039,0,3200,3200
13040,0,3200,3200
13041,0,3200,3200
13042,0,3200,3200
13043,0,3200,3200
13044,0,3200,3200
13045,0,3200,3200
13046,0,3200,3200
13047,0,3200,3200
13048,0,3200,3200
13049,0,3200,3200
13050,0,3200,3200
13051,0,3200,3200
13052,0,3200,3200
13053,0,3200,3200
13054,0,3200,3200
13055,0,3200,3200
13056,0,3200,3200
13057,0,3200,3200
13058,0,3200,3200
13059,0,3200,3200
13060,0,3200,3200
13061,0,3200,3200
13062,0,3200,3200
13063,0,3200,3200
13064,0,3200,3200
13065,0,3200,3200
13066,0,3200,3200
13067,0,3200,3200
13068,0,3200,3200
13069,0,3200,3200
13070,0,3200,3200
13071,0,3200,3200
13072,0,3200,3200
13073,0,3200,3200
13074,0,3200,3200
13075,0,3200,3200
13076,0,3200,3200
13077,0,3200,3200
13078,0,3200,3200
13079,0,3200,3200
13080,0,3200,3200
13081,0,3200,3200
13082,0,3200,3200
13083,0,3200,3200
13084,0,3200,3200
13085,0,3200,3200
13086,0,3200,3200
13087,0,3200,3200
13088,0,3200,3200
13089,0,3200,3200
13090,0,3200,3200
13091,0,3200,3200
13092,0,3200,3200
13093,0,3200,3200
13094,0,3200,3200
13095,0,3200,3200
13096,0,3200,3200
13097,0,3200,3200
13098,0,3200,3200
13099,0,3200,3200
13100,0,3200,3200
13101,0,3200,3200
13102,0,3200,3200
13103,0,3200,3200
13104,0,3200,3200
13105,0,3200,3200
13106,0,3200,3200
13107,0,3200,3200
13108,0,3200,3200
13109,0,3200,3200
13110,0,3200,3200
13111,0,3200,3200
13112,0,3200,3200
13113,0,3200,3200
13114,0,3200,3200
13115,0,3200,3200
13116,0,3200,3200
13117,0,3200,3200
13118,0,3200,3200
13119,0,3200,3200
13120,0,3200,3200
13121,0,3200,3200
13122,0,3200,3200
13123,0,3200,3200
13124,0,3200,3200
13125,0,3200,3200
13126,0,3200,3200
13127,0,3200,3200
13128,0,3200,3200
13129,0,3200,3200
13130,0,3200,3200
13131,0,3200,3200
13132,0,3200,3200
13133,0,3200,3200
13134,0,3200,3200
13135,0,3200,3200
13136,0,3200,3200
13137,0,3200,3200
13138,0,3200,3200
13139,0,3200,3200
13140,0,3200,3200
13141,0,3200,3200
13142,0,3200,3200
13143,0,3200,3200
13144,0,3200,3200
13145,0,3200,3200
13146,0,3200,3200
13147,0,3200,3200
13148,0,3200,3200
13149,0,3200,3200
13150,0,3200,3200
13151,0,3200,3200
13152,0,3200,3200
13153,0,3200,3200
13154,0,3200,3200
13155,0,3200,3200
13156,0,3200,3200
13157,0,3200,3200
13158,0,3200,3200
13159,0,3200,3200
13160,0,3200,3200
13161,0,3200,3200
13162,0,3200,3200
13163,0,3200,3200
13164,0,3200,3200
13165,0,3200,3200
13166,0,3200,3200
13167,0,3200,3200
13168,0,3200,3200
13169,0,3200,3200
13170,0,3200,3200
13171,0,3200,3200
13172,0,3200,3200
13173,0,3200,3200
13174,0,3200,3200
13175,0,3200,3200
13176,0,3200,3200
13177,0,3200,3200
13178,0,3200,3200
13179,0,3200,3200
13180,0,3200,3200
13181,0,3200,3200
13182,0,3200,3200
13183,0,3200,3200
13184,0,3200,3200
13185,0,3200,3200
13186,0,3200,3200
13187,0,3200,3200
13188,0,3200,3200
13189,0,3200,3200
13190,0,3200,3200
13191,0,3200,3200
13192,0,3200,3200
13193,0,3200,3200
13194,0,3200,3200
13195,0,3200,3200
13196,0,3200,3200
13197,0,3200,3200
13198,0,3200,3200
13199,0,3200,3200
13200,0,3200,3200
13201,0,3200,3200
13202,0,3200,3200
13203,0,3200,3200
13204,0,3200,3200
13205,0,3200,3200
13206,0,3200,3200
13207,0,3200,3200
13208,0,3200,3200
13209,0,3200,3200
13210,0,3200,3200
13211,0,3200,3200
13212,0,3200,3200
13213,0,3200,3200
13214,0,3200,3200
13215,0,3200,3200
13216,0,3200,3200
13217,0,3200,3200
13218,0,3200,3200
13219,0,3200,3200
13220,0,3200,3200
13221,0,3200,3200
13222,0,3200,3200
13223,0,3200,3200
13224,0,3200,3200
13225,0,3200,3200
13226,0,3200,3200
13227,0,3200,3200
13228,0,3200,3200
13229,0,3200,3200
13230,0,3200,3200
13231,0,3200,3200
13232,0,3200,3200
13233,0,3200,3200
13234,0,3200,3200
13235,0,3200,3200
13236,0,3200,3200
13237,0,3200,3200
13238,0,3200,3200
13239,0,3200,3200
13240,0,3200,3200
13241,0,3200,3200
13242,0,3200,3200
13243,0,3200,3200
13244,0,3200,3200
13245,0,3200,3200
13246,0,3200,3200
13247,0,3200,3200
13248,0,3200,3200
13249,0,3200,3200
13250,0,3200,3200
13251,0,3200,3200
13252,0,3200,3200
13253,0,3200,3200
13254,0,3200,3200
13255,0,3200,3200
13256,0,3200,3200
13257,0,3200,3200
13258,0,3200,3200
13259,0,3200,3200
13260,0,3200,3200
13261,0,3200,3200
13262,0,3200,3200
13263,0,3200,3200
13264,0,3200,3200
13265,0,3200,3200
13266,0,3200,3200
13267,0,3200,3200
13268,0,3200,3200
13269,0,3200,3200
13270,0,3200,3200
13271,0,3200,3200
13272,0,3200,3200
13273,0,3200,3200
13274,0,3200,3200
13275,0,3200,3200
13276,0,3200,3200
13277,0,3200,3200
13278,0,3200,3200
13279,0,3200,3200
13280,0,3200,3200
13281,0,3200,3200
13282,0,3200,3200
13283,0,3200,3200
13284,0,3200,3200
13285,0,3200,3200
13286,0,3200,3200
13287,0,3200,3200
13288,0,3200,3200
13289,0,3200,3200
13290,0,3200,3200
13291,0,3200,3200
13292,0,3200,3200
13293,0,3200,3200
13294,0,3200,3200
13295,0,3200,3200
13296,0,3200,3200
13297,0,3200,3200
13298,0,3200,3200
13299,0,3200,3200
13300,0,3200,3200
13301,0,3200,3200
13302,0,3200,3200
13303,0,3200,3200
13304,0,3200,3200
13305,0,3200,3200
13306,0,3200,3200
13307,0,3200,3200
13308,0,3200,3200
13309,0,3200,3200
13310,0,3200,3200
13311,0,3200,3200
13312,0,3200,3200
13313,0,3200,3200
13314,0,3200,3200
13315,0,3200,3200
13316,0,3200,3200
13317,0,3200,3200
13318,0,3200,3200
13319,0,3200,3200
13320,0,3200,3200
13321,0,3200,3200
13322,0,3200,3200
13323,0,3200,3200
13324,0,3200,3200
13325,0,3200,3200
13326,0,3200,3200
13327,0,3200,3200
13328,0,3200,3200
13329,0,3200,3200
13330,0,3200,3200
13331,0,3200,3200
13332,0,3200,3200
13333,0,3200,3200
13334,0,3200,3200
13335,0,3200,3200
13336,0,3200,3200
13337,0,3200,3200
13338,0,3200,3200
13339,0,3200,3200
13340,0,3200,3200
13341,0,3200,3200
13342,0,3200,3200
13343,0,3200,3200
13344,0,3200,3200
13345,0,3200,3200
13346,0,3200,3200
13347,0,3200,3200
13348,0,3200,3200
13349,0,3200,3200
13350,0,3200,3200
13351,0,3200,3200
13352,0,3200,3200
13353,0,3200,3200
13354,0,3200,3200
13355,0,3200,3200
13356,0,3200,3200
13357,0,3200,3200
13358,0,3200,3200
13359,0,3200,3200
13360,0,3200,3200
13361,0,3200,3200
13362,0,3200,3200
13363,0,3200,3200
13364,0,3200,3200
13365,0,3200,3200
13366,0,3200,3200
13367,0,3200,3200
13368,0,3200,3200
13369,0,3200,3200
13370,0,3200,3200
13371,0,3200,3200
13372,0,3200,3200
13373,0,3200,3200
13374,0,3200,3200
13375,0,3200,3200
13376,0,3200,3200
13377,0,3200,3200
13378,0,3200,3200
13379,0,3200,3200
13380,0,3200,3200
13381,0,3200,3200
13382,0,3200,3200
13383,0,3200,3200
13384,0,3200,3200
13385,0,3200,3200
13386,0,3200,3200
13387,0,3200,3200
13388,0,3200,3200
13389,0,3200,3200
13390,0,3200,3200
13391,0,3200,3200
13392,0,3200,3200
13393,0,3200,3200
13394,0,3200,3200
13395,0,3200,3200
13396,0,3200,3200
13397,0,3200,3200
13398,0,3200,3200
13399,0,3200,3200
13400,0,3200,3200
13401,0,3200,3200
13402,0,3200,3200
13403,0,3200,3200
13404,0,3200,3200
13405,0,3200,3200
13406,0,3200,3200
13407,0,3200,3200
13408,0,3200,3200
13409,0,3200,3200
13410,0,3200,3200
13411,0,3200,3200
13412,0,3200,3200
13413,0,3200,3200
13414,0,3200,3200
13415,0,3200,3200
13416,0,3200,3200
13417,0,3200,3200
13418,0,3200,3200
13419,0,3200,3200
13420,0,3200,3200
13421,0,3200,3200
13422,0,3200,3200
13423,0,3200,3200
13424,0,3200,3200
13425,0,3200,3200
13426,0,3200,3200
13427,0,3200,3200
13428,0,3200,3200
13429,0,3200,3200
13430,0,3200,3200
13431,0,3200,3200
13432,0,3200,3200
13433,0,3200,3200
13434,0,3200,3200
13435,0,3200,3200
13436,0,3200,3200
13437,0,3200,3200
13438,0,3200,3200
13439,0,3200,3200
13440,0,3200,3200
13441,0,3200,3200
13442,0,3200,3200
13443,0,3200,3200
13444,0,3200,3200
13445,0,3200,3200
13446,0,3200,3200
13447,0,3200,3200
13448,0,3200,3200
13449,0,3200,3200
13450,0,3200,3200
13451,0,3200,3200
13452,0,3200,3200
13453,0,3200,3200
13454,0,3200,3200
13455,0,3200,3200
13456,0,3200,3200
13457,0,3200,3200
13458,0,3200,3200
13459,0,3200,3200
13460,0,3200,3200
13461,0,3200,3200
13462,0,3200,3200
13463,0,3200,3200
13464,0,3200,3200
13465,0,3200,3200
13466,0,3200,3200
13467,0,3200,3200
13468,0,3200,3200
13469,0,3200,3200
13470,0,3200,3200
13471,0,3200,3200
13472,0,3200,3200
13473,0,3200,3200
13474,0,3200,3200
13475,0,3200,3200
13476,0,3200,3200
13477,0,3200,3200
13478,0,3200,3200
13479,0,3200,3200
13480,0,3200,3200
13481,0,3200,3200
13482,0,3200,3200
13483,0,3200,3200
13484,0,3200,3200
13485,0,3200,3200
13486,0,3200,3200
13487,0,3200,3200
13488,0,3200,3200
13489,0,3200,3200
13490,0,3200,3200
13491,0,3200,3200
13492,0,3200,3200
13493,0,3200,3200
13494,0,3200,3200
13495,0,3200,3200
13496,0,3200,3200
13497,0,3200,3200
13498,0,3200,3200
13499,0,3200,3200
13500,0,3200,3200
13501,0,3200,3200
13502,0,3200,3200
13503,0,3200,3200
13504,0,3200,3200
13505,0,3200,3200
13506,0,3200,3200
13507,0,3200,3200
13508,0,3200,3200
13509,0,3200,3200
13510,0,3200,3200
13511,0,3200,3200
13512,0,3200,3200
13513,0,3200,3200
13514,0,3200,3200
13515,0,3200,3200
13516,0,3200,3200
13517,0,3200,3200
13518,0,3200,3200
13519,0,3200,3200
13520,0,3200,3200
13521,0,3200,3200
13522,0,3200,3200
13523,0,3200,3200
13524,0,3200,3200
13525,0,3200,3200
13526,0,3200,3200
13527,0,3200,3200
13528,0,3200,3200
13529,0,3200,3200
13530,0,3200,3200
13531,0,3200,3200
13532,0,3200,3200
13533,0,3200,3200
13534,0,3200,3200
13535,0,3200,3200
13536,0,3200,3200
13537,0,3200,3200
13538,0,3200,3200
13539,0,3200,3200
13540,0,3200,3200
13541,0,3200,3200
13542,0,3200,3200
13543,0,3200,3200
13544,0,3200,3200
13545,0,3200,3200
13546,0,3200,3200
13547,0,3200,3200
13548,0,3200,3200
13549,0,3200,3200
13550,0,3200,3200
13551,0,3200,3200
13552,0,3200,3200
13553,0,3200,3200
13554,0,3200,3200
13555,0,3200,3200
13556,0,3200,3200
13557,0,3200,3200
13558,0,3200,3200
13559,0,3200,3200
13560,0,3200,3200
13561,0,3200,3200
13562,0,3200,3200
13563,0,3200,3200
13564,0,3200,3200
13565,0,3200,3200
13566,0,3200,3200
13567,0,3200,3200
13568,0,3200,3200
13569,0,3200,3200
13570,0,3200,3200
13571,0,3200,3200
13572,0,3200,3200
13573,0,3200,3200
13574,0,3200,3200
13575,0,3200,3200
13576,0,3200,3200
13577,0,3200,3200
13578,0,3200,3200
13579,0,3200,3200
13580,0,3200,3200
13581,0,3200,3200
13582,0,3200,3200
13583,0,3200,3200
13584,0,3200,3200
13585,0,3200,3200
13586,0,3200,3200
13587,0,3200,3200
13588,0,3200,3200
13589,0,3200,3200
13590,0,3200,3200
13591,0,3200,3200
13592,0,3200,3200
13593,0,3200,3200
13594,0,3200,3200
13595,0,3200,3200
13596,0,3200,3200
13597,0,3200,3200
13598,0,3200,3200
13599,0,3200,3200
13600,0,3200,3200
13601,0,3200,3200
13602,0,3200,3200
13603,0,3200,3200
13604,0,3200,3200
13605,0,3200,3200
13606,0,3200,3200
13607,0,3200,3200
13608,0,3200,3200
13609,0,3200,3200
13610,0,3200,3200
13611,0,3200,3200
13612,0,3200,3200
13613,0,3200,3200
13614,0,3200,3200
13615,0,3200,3200
13616,0,3200,3200
13617,0,3200,3200
13618,0,3200,3200
13619,0,3200,3200
13620,0,3200,3200
13621,0,3200,3200
13622,0,3200,3200
13623,0,3200,3200
13624,0,3200,3200
13625,0,3200,3200
13626,0,3200,3200
13627,0,3200,3200
13628,0,3200,3200
13629,0,3200,3200
13630,0,3200,3200
13631,0,3200,3200
13632,0,3200,3200
13633,0,3200,3200
13634,0,3200,3200
13635,0,3200,3200
13636,0,3200,3200
13637,0,3200,3200
13638,0,3200,3200
13639,0,3200,3200
13640,0,3200,3200
13641,0,3200,3200
13642,0,3200,3200
13643,0,3200,3200
13644,0,3200,3200
13645,0,3200,3200
13646,0,3200,3200
13647,0,3200,3200
13648,0,3200,3200
13649,0,3200,3200
13650,0,3200,3200
13651,0,3200,3200
13652,0,3200,3200
13653,0,3200,3200
13654,0,3200,3200
13655,0,3200,3200
13656,0,3200,3200
13657,0,3200,3200
13658,0,3200,3200
13659,0,3200,3200
13660,0,3200,3200
13661,0,3200,3200
13662,0,3200,3200
13663,0,3200,3200
13664,0,3200,3200
13665,0,3200,3200
13666,0,3200,3200
13667,0,3200,3200
13668,0,3200,3200
13669,0,3200,3200
13670,0,3200,3200
13671,0,3200,3200
13672,0,3200,3200
13673,0,3200,3200
13674,0,3200,3200
13675,0,3200,3200
13676,0,3200,3200
13677,0,3200,3200
13678,0,3200,3200
13679,0,3200,3200
13680,0,3200,3200
13681,0,3200,3200
13682,0,3200,3200
13683,0,3200,3200
13684,0,3200,3200
13685,0,3200,3200
13686,0,3200,3200
13687,0,3200,3200
13688,0,3200,3200
13689,0,3200,3200
13690,0,3200,3200
13691,0,3200,3200
13692,0,3200,3200
13693,0,3200,3200
13694,0,3200,3200
13695,0,3200,3200
13696,0,3200,3200
13697,0,3200,3200
13698,0,3200,3200
13699,0,3200,3200
13700,0,3200,3200
13701,0,3200,3200
13702,0,3200,3200
13703,0,3200,3200
13704,0,3200,3200
13705,0,3200,3200
13706,0,3200,3200
13707,0,3200,3200
13708,0,3200,3200
13709,0,3200,3200
13710,0,3200,3200
13711,0,3200,3200
13712,0,3200,3200
13713,0,3200,3200
13714,0,3200,3200
13715,0,3200,3200
13716,0,3200,3200
13717,0,3200,3200
13718,0,3200,3200
13719,0,3200,3200
13720,0,3200,3200
13721,0,3200,3200
13722,0,3200,3200
13723,0,3200,3200
13724,0,3200,3200
13725,0,3200,3200
13726,0,3200,3200
13727,0,3200,3200
13728,0,3200,3200
13729,0,3200,3200
13730,0,3200,3200
13731,0,3200,3200
13732,0,3200,3200
13733,0,3200,3200
13734,0,3200,3200
13735,0,3200,3200
13736,0,3200,3200
13737,0,3200,3200
13738,0,3200,3200
13739,0,3200,3200
13740,0,3200,3200
13741,0,3200,3200
13742,0,3200,3200
13743,0,3200,3200
13744,0,3200,3200
13745,0,3200,3200
13746,0,3200,3200
13747,0,3200,3200
13748,0,3200,3200
13749,0,3200,3200
13750,0,3200,3200
13751,0,3200,3200
13752,0,3200,3200
13753,0,3200,3200
13754,0,3200,3200
13755,0,3200,3200
13756,0,3200,3200
13757,0,3200,3200
13758,0,3200,3200
13759,0,3200,3200
13760,0,3200,3200
13761,0,3200,3200
13762,0,3200,3200
13763,0,3200,3200
13764,0,3200,3200
13765,0,3200,3200
13766,0,3200,3200
13767,0,3200,3200
13768,0,3200,3200
13769,0,3200,3200
13770,0,3200,3200
13771,0,3200,3200
13772,0,3200,3200
13773,0,3200,3200
13774,0,3200,3200
13775,0,3200,3200
13776,0,3200,3200
13777,0,3200,3200
13778,0,3200,3200
13779,0,3200,3200
13780,0,3200,3200
13781,0,3200,3200
13782,0,3200,3200
13783,0,3200,3200
13784,0,3200,3200
13785,0,3200,3200
13786,0,3200,3200
13787,0,3200,3200
13788,0,3200,3200
13789,0,3200,3200
13790,0,3200,3200
13791,0,3200,3200
13792,0,3200,3200
13793,0,3200,3200
13794,0,3200,3200
13795,0,3200,3200
13796,0,3200,3200
13797,0,3200,3200
13798,0,3200,3200
13799,0,3200,3200
13800,0,3200,3200
13801,0,3200,3200
13802,0,3200,3200
13803,0,3200,3200
13804,0,3200,3200
13805,0,3200,3200
13806,0,3200,3200
13807,0,3200,3200
13808,0,3200,3200
13809,0,3200,3200
13810,0,3200,3200
13811,0,3200,3200
13812,0,3200,3200
13813,0,3200,3200
13814,0,3200,3200
13815,0,3200,3200
13816,0,3200,3200
13817,0,3200,3200
13818,0,3200,3200
13819,0,3200,3200
13820,0,3200,3200
13821,0,3200,3200
13822,0,3200,3200
13823,0,3200,3200
13824,0,3200,3200
13825,0,3200,3200
13826,0,3200,3200
13827,0,3200,3200
13828,0,3200,3200
13829,0,3200,3200
13830,0,3200,3200
13831,0,3200,3200
13832,0,3200,3200
13833,0,3200,3200
13834,0,3200,3200
13835,0,3200,3200
13836,0,3200,3200
13837,0,3200,3200
13838,0,3200,3200
13839,0,3200,3200
13840,0,3200,3200
13841,0,3200,3200
13842,0,3200,3200
13843,0,3200,3200
13844,0,3200,3200
13845,0,3200,3200
13846,0,3200,3200
13847,0,3200,3200
13848,0,3200,3200
13849,0,3200,3200
13850,0,3200,3200
13851,0,3200,3200
13852,0,3200,3200
13853,0,3200,3200
13854,0,3200,3200
13855,0,3200,3200
13856,0,3200,3200
13857,0,3200,3200
13858,0,3200,3200
13859,0,3200,3200
13860,0,3200,3200
13861,0,3200,3200
13862,0,3200,3200
13863,0,3200,3200
13864,0,3200,3200
13865,0,3200,3200
13866,0,3200,3200
13867,0,3200,3200
13868,0,3200,3200
13869,0,3200,3200
13870,0,3200,3200
13871,0,3200,3200
13872,0,3200,3200
13873,0,3200,3200
13874,0,3200,3200
13875,0,3200,3200
13876,0,3200,3200
13877,0,3200,3200
13878,0,3200,3200
13879,0,3200,3200
13880,0,3200,3200
13881,0,3200,3200
13882,0,3200,3200
13883,0,3200,3200
13884,0,3200,3200
13885,0,3200,3200
13886,0,3200,3200
13887,0,3200,3200
13888,0,3200,3200
13889,0,3200,3200
13890,0,3200,3200
13891,0,3200,3200
13892,0,3200,3200
13893,0,3200,3200
13894,0,3200,3200
13895,0,3200,3200
13896,0,3200,3200
13897,0,3200,3200
13898,0,3200,3200
13899,0,3200,3200
13900,0,3200,3200
13901,0,3200,3200
13902,0,3200,3200
13903,0,3200,3200
13904,0,3200,3200
13905,0,3200,3200
13906,0,3200,3200
13907,0,3200,3200
13908,0,3200,3200
13909,0,3200,3200
13910,0,3200,3200
13911,0,3200,3200
13912,0,3200,3200
13913,0,3200,3200
13914,0,3200,3200
13915,0,3200,3200
13916,0,3200,3200
13917,0,3200,3200
13918,0,3200,3200
13919,0,3200,3200
13920,0,3200,3200
13921,0,3200,3200
13922,0,3200,3200
13923,0,3200,3200
13924,0,3200,3200
13925,0,3200,3200
13926,0,3200,3200
13927,0,3200,3200
13928,0,3200,3200
13929,0,3200,3200
13930,0,3200,3200
13931,0,3200,3200
13932,0,3200,3200
13933,0,3200,3200
13934,0,3200,3200
13935,0,3200,3200
13936,0,3200,3200
13937,0,3200,3200
13938,0,3200,3200
13939,0,3200,3200
13940,0,3200,3200
13941,0,3200,3200
13942,0,3200,3200
13943,0,3200,3200
13944,0,3200,3200
13945,0,3200,3200
13946,0,3200,3200
13947,0,3200,3200
13948,0,3200,3200
13949,0,3200,3200
13950,0,3200,3200
13951,0,3200,3200
13952,0,3200,3200
13953,0,3200,3200
13954,0,3200,3200
13955,0,3200,3200
13956,0,3200,3200
13957,0,3200,3200
13958,0,3200,3200
13959,0,3200,3200
13960,0,3200,3200
13961,0,3200,3200
13962,0,3200,3200
13963,0,3200,3200
13964,0,3200,3200
13965,0,3200,3200
13966,0,3200,3200
13967,0,3200,3200
13968,0,3200,3200
13969,0,3200,3200
13970,0,3200,3200
13971,0,3200,3200
13972,0,3200,3200
13973,0,3200,3200
13974,0,3200,3200
13975,0,3200,3200
13976,0,3200,3200
13977,0,3200,3200
13978,0,3200,3200
13979,0,3200,3200
13980,0,3200,3200
13981,0,3200,3200
13982,0,3200,3200
13983,0,3200,3200
13984,0,3200,3200
13985,0,3200,3200
13986,0,3200,3200
13987,0,3200,3200
13988,0,3200,3200
13989,0,3200,3200
13990,0,3200,3200
13991,0,3200,3200
13992,0,3200,3200
13993,0,3200,3200
13994,0,3200,3200
13995,0,3200,3200
13996,0,3200,3200
13997,0,3200,3200
13998,0,3200,3200
13999,0,3200,3200
14000,0,3200,3200
14001,0,3200,3200
14002,0,3200,3200
14003,0,3200,3200
14004,0,3200,3200
14005,0,3200,3200
14006,0,3200,3200
14007,0,3200,3200
14008,0,3200,3200
14009,0,3200,3200
14010,0,3200,3200
14011,0,3200,3200
14012,0,3200,3200
14013,0,3200,3200
14014,0,3200,3200
14015,0,3200,3200
14016,0,3200,3200
14017,0,3200,3200
14018,0,3200,3200
14019,0,3200,3200
14020,0,3200,3200
14021,0,3200,3200
14022,0,3200,3200
14023,0,3200,3200
14024,0,3200,3200
14025,0,3200,3200
14026,0,3200,3200
14027,0,3200,3200
14028,0,3200,3200
14029,0,3200,3200
14030,0,3200,3200
14031,0,3200,3200
14032,0,3200,3200
14033,0,3200,3200
14034,0,3200,3200
14035,0,3200,3200
14036,0,3200,3200
14037,0,3200,3200
14038,0,3200,3200
14039,0,3200,3200
14040,0,3200,3200
14041,0,3200,3200
14042,0,3200,3200
14043,0,3200,3200
14044,0,3200,3200
14045,0,3200,3200
14046,0,3200,3200
14047,0,3200,3200
14048,0,3200,3200
14049,0,3200,3200
14050,0,3200,3200
14051,0,3200,3200
14052,0,3200,3200
14053,0,3200,3200
14054,0,3200,3200
14055,0,3200,3200
14056,0,3200,3200
14057,0,3200,3200
14058,0,3200,3200
14059,0,3200,3200
14060,0,3200,3200
14061,0,3200,3200
14062,0,3200,3200
14063,0,3200,3200
14064,0,3200,3200
14065,0,3200,3200
14066,0,3200,3200
14067,0,3200,3200
14068,0,3200,3200
14069,0,3200,3200
14070,0,3200,3200
14071,0,3200,3200
14072,0,3200,3200
14073,0,3200,3200
14074,0,3200,3200
14075,0,3200,3200
14076,0,3200,3200
14077,0,3200,3200
14078,0,3200,3200
14079,0,3200,3200
14080,0,3200,3200
14081,0,3200,3200
14082,0,3200,3200
14083,0,3200,3200
14084,0,3200,3200
14085,0,3200,3200
14086,0,3200,3200
14087,0,3200,3200
14088,0,3200,3200
14089,0,3200,3200
14090,0,3200,3200
14091,0,3200,3200
14092,0,3200,3200
14093,0,3200,3200
14094,0,3200,3200
14095,0,3200,3200
14096,0,3200,3200
14097,0,3200,3200
14098,0,3200,3200
14099,0,3200,3200
14100,0,3200,3200
14101,0,3200,3200
14102,0,3200,3200
14103,0,3200,3200
14104,0,3200,3200
14105,0,3200,3200
14106,0,3200,3200
14107,0,3200,3200
14108,0,3200,3200
14109,0,3200,3200
14110,0,3200,3200
14111,0,3200,3200
14112,0,3200,3200
14113,0,3200,3200
14114,0,3200,3200
14115,0,3200,3200
14116,0,3200,3200
14117,0,3200,3200
14118,0,3200,3200
14119,0,3200,3200
14120,0,3200,3200
14121,0,3200,3200
14122,0,3200,3200
14123,0,3200,3200
14124,0,3200,3200
14125,0,3200,3200
14126,0,3200,3200
14127,0,3200,3200
14128,0,3200,3200
14129,0,3200,3200
14130,0,3200,3200
14131,0,3200,3200
14132,0,3200,3200
14133,0,3200,3200
14134,0,3200,3200
14135,0,3200,3200
14136,0,3200,3200
14137,0,3200,3200
14138,0,3200,3200
14139,0,3200,3200
14140,0,3200,3200
14141,0,3200,3200
14142,0,3200,3200
14143,0,3200,3200
14144,0,3200,3200
14145,0,3200,3200
14146,0,3200,3200
14147,0,3200,3200
14148,0,3200,3200
14149,0,3200,3200
14150,0,3200,3200
14151,0,3200,3200
14152,0,3200,3200
14153,0,3200,3200
14154,0,3200,3200
14155,0,3200,3200
14156,0,3200,3200
14157,0,3200,3200
14158,0,3200,3200
14159,0,3200,3200
14160,0,3200,3200
14161,0,3200,3200
14162,0,3200,3200
14163,0,3200,3200
14164,0,3200,3200
14165,0,3200,3200
14166,0,3200,3200
14167,0,3200,3200
14168,0,3200,3200
14169,0,3200,3200
14170,0,3200,3200
14171,0,3200,3200
14172,0,3200,3200
14173,0,3200,3200
14174,0,3200,3200
14175,0,3200,3200
14176,0,3200,3200
14177,0,3200,3200
14178,0,3200,3200
14179,0,3200,3200
14180,0,3200,3200
14181,0,3200,3200
14182,0,3200,3200
14183,0,3200,3200
14184,0,3200,3200
14185,0,3200,3200
14186,0,3200,3200
14187,0,3200,3200
14188,0,3200,3200
14189,0,3200,3200
14190,0,3200,3200
14191,0,3200,3200
14192,0,3200,3200
14193,0,3200,3200
14194,0,3200,3200
14195,0,3200,3200
14196,0,3200,3200
14197,0,3200,3200
14198,0,3200,3200
14199,0,3200,3200
14200,0,3200,3200
14201,0,3200,3200
14202,0,3200,3200
14203,0,3200,3200
14204,0,3200,3200
14205,0,3200,3200
14206,0,3200,3200
14207,0,3200,3200
14208,0,3200,3200
14209,0,3200,3200
14210,0,3200,3200
14211,0,3200,3200
14212,0,3200,3200
14213,0,3200,3200
14214,0,3200,3200
14215,0,3200,3200
14216,0,3200,3200
14217,0,3200,3200
14218,0,3200,3200
14219,0,3200,3200
14220,0,3200,3200
14221,0,3200,3200
14222,0,3200,3200
14223,0,3200,3200
14224,0,3200,3200
14225,0,3200,3200
14226,0,3200,3200
14227,0,3200,3200
14228,0,3200,3200
14229,0,3200,3200
14230,0,3200,3200
14231,0,3200,3200
14232,0,3200,3200
14233,0,3200,3200
14234,0,3200,3200
14235,0,3200,3200
14236,0,3200,3200
14237,0,3200,3200
14238,0,3200,3200
14239,0,3200,3200
14240,0,3200,3200
14241,0,3200,3200
14242,0,3200,3200
14243,0,3200,3200
14244,0,3200,3200
14245,0,3200,3200
14246,0,3200,3200
14247,0,3200,3200
14248,0,3200,3200
14249,0,3200,3200
14250,0,3200,3200
14251,0,3200,3200
14252,0,3200,3200
14253,0,3200,3200
14254,0,3200,3200
14255,0,3200,3200
14256,0,3200,3200
14257,0,3200,3200
14258,0,3200,3200
14259,0,3200,3200
14260,0,3200,3200
14261,0,3200,3200
14262,0,3200,3200
14263,0,3200,3200
14264,0,3200,3200
14265,0,3200,3200
14266,0,3200,3200
14267,0,3200,3200
14268,0,3200,3200
14269,0,3200,3200
14270,0,3200,3200
14271,0,3200,3200
14272,0,3200,3200
14273,0,3200,3200
14274,0,3200,3200
14275,0,3200,3200
14276,0,3200,3200
14277,0,3200,3200
14278,0,3200,3200
14279,0,3200,3200
14280,0,3200,3200
14281,0,3200,3200
14282,0,3200,3200
14283,0,3200,3200
14284,0,3200,3200
14285,0,3200,3200
14286,0,3200,3200
14287,0,3200,3200
14288,0,3200,3200
14289,0,3200,3200
14290,0,3200,3200
14291,0,3200,3200
14292,0,3200,3200
14293,0,3200,3200
14294,0,3200,3200
14295,0,3200,3200
14296,0,3200,3200
14297,0,3200,3200
14298,0,3200,3200
14299,0,3200,3200
14300,0,3200,3200
14301,0,3200,3200
14302,0,3200,3200
14303,0,3200,3200
14304,0,3200,3200
14305,0,3200,3200
14306,0,3200,3200
14307,0,3200,3200
14308,0,3200,3200
14309,0,3200,3200
14310,0,3200,3200
14311,0,3200,3200
14312,0,3200,3200
14313,0,3200,3200
14314,0,3200,3200
14315,0,3200,3200
14316,0,3200,3200
14317,0,3200,3200
14318,0,3200,3200
14319,0,3200,3200
14320,0,3200,3200
14321,0,3200,3200
14322,0,3200,3200
14323,0,3200,3200
14324,0,3200,3200
14325,0,3200,3200
14326,0,3200,3200
14327,0,3200,3200
14328,0,3200,3200
14329,0,3200,3200
14330,0,3200,3200
14331,0,3200,3200
14332,0,3200,3200
14333,0,3200,3200
14334,0,3200,3200
14335,0,3200,3200
14336,0,3200,3200
14337,0,3200,3200
14338,0,3200,3200
14339,0,3200,3200
14340,0,3200,3200
14341,0,3200,3200
14342,0,3200,3200
14343,0,3200,3200
14344,0,3200,3200
14345,0,3200,3200
14346,0,3200,3200
14347,0,3200,3200
14348,0,3200,3200
14349,0,3200,3200
14350,0,3200,3200
14351,0,3200,3200
14352,0,3200,3200
14353,0,3200,3200
14354,0,3200,3200
14355,0,3200,3200
14356,0,3200,3200
14357,0,3200,3200
14358,0,3200,3200
14359,0,3200,3200
14360,0,3200,3200
14361,0,3200,3200
14362,0,3200,3200
14363,0,3200,3200
14364,0,3200,3200
14365,0,3200,3200
14366,0,3200,3200
14367,0,3200,3200
14368,0,3200,3200
14369,0,3200,3200
14370,0,3200,3200
14371,0,3200,3200
14372,0,3200,3200
14373,0,3200,3200
14374,0,3200,3200
14375,0,3200,3200
14376,0,3200,3200
14377,0,3200,3200
14378,0,3200,3200
14379,0,3200,3200
14380,0,3200,3200
14381,0,3200,3200
14382,0,3200,3200
14383,0,3200,3200
14384,0,3200,3200
14385,0,3200,3200
14386,0,3200,3200
14387,0,3200,3200
14388,0,3200,3200
14389,0,3200,3200
14390,0,3200,3200
14391,0,3200,3200
14392,0,3200,3200
14393,0,3200,3200
14394,0,3200,3200
14395,0,3200,3200
14396,0,3200,3200
14397,0,3200,3200
14398,0,3200,3200
14399,0,3200,3200
14400,0,3200,3200
