lot,campus_exit,campus_exit_from_t0_s,campus_exit_travel_s,finish_exit,finish_from_t0_s
P5,Stadium Way,1271,1210,Brewer Park,1382
P7,Bronson Ave & University Dr,9510,9449,Brewer Park,9978
P7,Bronson Ave & University Dr,11067,11006,Brewer Park,11541
P1,Colonel By,145,84,Hogs Back Plaza (SW dest.),326
P7,Bronson Ave & University Dr,10795,10734,Brewer Park,11267
P7,Bronson Ave & University Dr,289,228,Brewer Park,3415
P5,Stadium Way,2381,2320,Brewer Park,2487
P1,Colonel By,133,72,Hogs Back Plaza (SW dest.),312
P7,Bronson Ave & University Dr,10896,10835,Brewer Park,11369
P5,Stadium Way,2393,2332,Brewer Park,2500
P5,Stadium Way,1740,1679,Brewer Park,1846
P7,Bronson Ave & University Dr,9898,9837,Brewer Park,10376
P5,Stadium Way,1574,1513,Brewer Park,1681
P5,Stadium Way,1151,1090,Brewer Park,1263
P7,Bronson Ave & University Dr,5404,5343,Brewer Park,5888
P7,Bronson Ave & University Dr,3393,3332,Brewer Park,3866
P5,Stadium Way,3049,2988,Brewer Park,3165
P5,Stadium Way,1148,1087,Brewer Park,1255
P5,Stadium Way,1292,1231,Brewer Park,1399
P1,Colonel By,283,222,Hogs Back Plaza (SW dest.),519
P7,Bronson Ave & University Dr,11654,11593,Brewer Park,12444
P7,Bronson Ave & University Dr,3229,3168,Brewer Park,3714
P5,Stadium Way,2197,2136,Brewer Park,2309
P1,Colonel By,161,100,Hogs Back Plaza (SW dest.),349
P7,Bronson Ave & University Dr,11593,11532,Brewer Park,12070
P7,Bronson Ave & University Dr,10524,10463,Brewer Park,11004
P2,Colonel By,565,504,Hogs Back Plaza (SW dest.),931
P5,Stadium Way,1637,1576,Brewer Park,1741
P7,Bronson Ave & University Dr,9961,9900,Brewer Park,10741
P5,Stadium Way,353,292,Brewer Park,455
P5,Stadium Way,1754,1693,Brewer Park,1858
P5,Stadium Way,1599,1538,Brewer Park,1702
P7,Bronson Ave & University Dr,11824,11763,Brewer Park,12625
P5,Stadium Way,411,350,Brewer Park,525
P7,Bronson Ave & University Dr,5255,5194,Brewer Park,5727
P5,Stadium Way,1244,1183,Brewer Park,1355
P7,Bronson Ave & University Dr,9790,9729,Brewer Park,10257
P2,Colonel By,548,487,Hogs Back Plaza (SW dest.),905
P5,Stadium Way,2193,2132,Brewer Park,2304
P5,Stadium Way,2276,2215,Brewer Park,2384
P7,Bronson Ave & University Dr,11455,11394,Brewer Park,11928
P5,Stadium Way,142,81,Brewer Park,166
P7,Bronson Ave & University Dr,135,74,Brewer Park,3196
P5,Stadium Way,303,242,Brewer Park,387
P7,Bronson Ave & University Dr,3077,3016,Brewer Park,3549
P7,Bronson Ave & University Dr,5279,5218,Brewer Park,5739
P7,Bronson Ave & University Dr,11389,11328,Brewer Park,11859
P7,Bronson Ave & University Dr,11571,11510,Brewer Park,12031
P7,Bronson Ave & University Dr,12374,12313,Brewer Park,12862
P7,Bronson Ave & University Dr,221,160,Brewer Park,3320
P5,Stadium Way,365,304,Brewer Park,472
P7,Bronson Ave & University Dr,11443,11382,Brewer Park,11911
P5,Stadium Way,2036,1975,Brewer Park,2144
P1,Colonel By,339,278,Hogs Back Plaza (SW dest.),575
P7,Bronson Ave & University Dr,3483,3422,Brewer Park,3959
P5,Stadium Way,1490,1429,Brewer Park,1603
P5,Stadium Way,2479,2418,Brewer Park,2588
P7,Bronson Ave & University Dr,10119,10058,Brewer Park,10910
P5,Stadium Way,2894,2833,Brewer Park,3000
P1,Colonel By,422,361,Hogs Back Plaza (SW dest.),669
P5,Stadium Way,997,936,Brewer Park,1110
P5,Stadium Way,2912,2851,Brewer Park,3022
P7,Bronson Ave & University Dr,12445,12384,Brewer Park,12912
P7,Bronson Ave & University Dr,11703,11642,Brewer Park,12499
P7,Bronson Ave & University Dr,10869,10808,Brewer Park,11335
P7,Bronson Ave & University Dr,2998,2937,Brewer Park,3476
P5,Stadium Way,1550,1489,Brewer Park,1648
P5,Stadium Way,329,268,Brewer Park,421
P5,Stadium Way,642,581,Brewer Park,754
P5,Stadium Way,1012,951,Brewer Park,1128
P7,Bronson Ave & University Dr,9648,9587,Brewer Park,10119
P5,Stadium Way,1893,1832,Brewer Park,2003
P5,Stadium Way,2444,2383,Brewer Park,2552
P7,Bronson Ave & University Dr,5386,5325,Brewer Park,5865
P5,Stadium Way,2707,2646,Brewer Park,2814
P7,Bronson Ave & University Dr,10855,10794,Brewer Park,11327
P5,Stadium Way,1532,1471,Brewer Park,1638
P7,Bronson Ave & University Dr,3204,3143,Brewer Park,3685
P5,Stadium Way,347,286,Brewer Park,442
P5,Stadium Way,2256,2195,Brewer Park,2364
P5,Stadium Way,2123,2062,Brewer Park,2234
P7,Bronson Ave & University Dr,5550,5489,Brewer Park,6011
P2,Colonel By,511,450,Hogs Back Plaza (SW dest.),830
P5,Stadium Way,1159,1098,Brewer Park,1268
P7,Bronson Ave & University Dr,9971,9910,Brewer Park,10442
P7,Bronson Ave & University Dr,11739,11678,Brewer Park,12538
P5,Stadium Way,2830,2769,Brewer Park,2941
P7,Bronson Ave & University Dr,5359,5298,Brewer Park,5831
P1,Colonel By,280,219,Hogs Back Plaza (SW dest.),515
P2,Colonel By,177,116,Hogs Back Plaza (SW dest.),745
P1,Colonel By,321,260,Hogs Back Plaza (SW dest.),557
P7,Bronson Ave & University Dr,5199,5138,Brewer Park,5671
P7,Bronson Ave & University Dr,3639,3578,Brewer Park,5411
P7,Bronson Ave & University Dr,516,455,Brewer Park,3441
P1,Colonel By,334,273,Hogs Back Plaza (SW dest.),571
P5,Stadium Way,1476,1415,Brewer Park,1585
P5,Stadium Way,2948,2887,Brewer Park,3065
P5,Stadium Way,161,100,Brewer Park,189
P7,Bronson Ave & University Dr,11276,11215,Brewer Park,11749
P5,Stadium Way,2095,2034,Brewer Park,2204
P5,Stadium Way,1681,1620,Brewer Park,1784
P5,Stadium Way,2798,2737,Brewer Park,2914
P7,Bronson Ave & University Dr,10117,10056,Brewer Park,10905
P7,Bronson Ave & University Dr,3187,3126,Brewer Park,3650
P2,Colonel By,604,543,Hogs Back Plaza (SW dest.),1001
P7,Bronson Ave & University Dr,3350,3289,Brewer Park,3829
P7,Bronson Ave & University Dr,3422,3361,Brewer Park,3895
P7,Bronson Ave & University Dr,152,91,Brewer Park,3222
P7,Bronson Ave & University Dr,12371,12310,Brewer Park,12858
P7,Bronson Ave & University Dr,267,206,Brewer Park,3386
P5,Stadium Way,466,405,Brewer Park,576
P5,Stadium Way,680,619,Brewer Park,797
P5,Stadium Way,2930,2869,Brewer Park,3039
P5,Stadium Way,2571,2510,Brewer Park,2680
P5,Stadium Way,547,486,Brewer Park,649
P7,Bronson Ave & University Dr,10273,10212,Brewer Park,11055
P5,Stadium Way,389,328,Brewer Park,496
P5,Stadium Way,2741,2680,Brewer Park,2848
P7,Bronson Ave & University Dr,12387,12326,Brewer Park,12873
P2,Colonel By,532,471,Hogs Back Plaza (SW dest.),871
P5,Stadium Way,753,692,Brewer Park,868
P5,Stadium Way,1471,1410,Brewer Park,1563
P5,Stadium Way,1165,1104,Brewer Park,1277
P5,Stadium Way,1329,1268,Brewer Park,1441
P5,Stadium Way,1192,1131,Brewer Park,1302
P5,Stadium Way,1361,1300,Brewer Park,1478
P5,Stadium Way,2657,2596,Brewer Park,2772
P2,Colonel By,586,525,Hogs Back Plaza (SW dest.),971
P7,Bronson Ave & University Dr,11763,11702,Brewer Park,12559
P7,Bronson Ave & University Dr,9740,9679,Brewer Park,10211
P5,Stadium Way,2987,2926,Brewer Park,3098
P7,Bronson Ave & University Dr,5109,5048,Brewer Park,5569
P7,Bronson Ave & University Dr,200,139,Brewer Park,3288
P7,Bronson Ave & University Dr,10004,9943,Brewer Park,10779
P7,Bronson Ave & University Dr,3237,3176,Brewer Park,3723
P7,Bronson Ave & University Dr,10214,10153,Brewer Park,10994
P7,Bronson Ave & University Dr,11464,11403,Brewer Park,11942
P5,Stadium Way,2642,2581,Brewer Park,2755
P7,Bronson Ave & University Dr,9558,9497,Brewer Park,10029
P7,Bronson Ave & University Dr,11272,11211,Brewer Park,11745
P1,Colonel By,235,174,Hogs Back Plaza (SW dest.),460
P5,Stadium Way,186,125,Brewer Park,223
P5,Stadium Way,3067,3006,Brewer Park,3179
P7,Bronson Ave & University Dr,3524,3463,Brewer Park,5287
P7,Bronson Ave & University Dr,10222,10161,Brewer Park,10707
P1,Colonel By,185,124,Hogs Back Plaza (SW dest.),384
P7,Bronson Ave & University Dr,3797,3736,Brewer Park,5533
P2,Colonel By,645,584,Hogs Back Plaza (SW dest.),1070
P7,Bronson Ave & University Dr,3233,3172,Brewer Park,3718
P7,Bronson Ave & University Dr,10082,10021,Brewer Park,10864
P7,Bronson Ave & University Dr,11820,11759,Brewer Park,12615
P7,Bronson Ave & University Dr,12495,12434,Brewer Park,12985
P7,Bronson Ave & University Dr,3731,3670,Brewer Park,5505
P5,Stadium Way,1066,1005,Brewer Park,1176
P7,Bronson Ave & University Dr,3264,3203,Brewer Park,3748
P7,Bronson Ave & University Dr,10068,10007,Brewer Park,10549
P1,Colonel By,126,65,Hogs Back Plaza (SW dest.),303
P5,Stadium Way,927,866,Brewer Park,1033
P7,Bronson Ave & University Dr,11690,11629,Brewer Park,12163
P7,Bronson Ave & University Dr,10744,10683,Brewer Park,11204
P7,Bronson Ave & University Dr,10167,10106,Brewer Park,10640
P5,Stadium Way,506,445,Brewer Park,615
P5,Stadium Way,229,168,Brewer Park,277
P2,Colonel By,596,535,Hogs Back Plaza (SW dest.),984
P7,Bronson Ave & University Dr,9742,9681,Brewer Park,10215
P5,Stadium Way,2432,2371,Brewer Park,2530
P5,Stadium Way,2422,2361,Brewer Park,2526
P7,Bronson Ave & University Dr,3576,3515,Brewer Park,5334
P7,Bronson Ave & University Dr,3126,3065,Brewer Park,3609
P1,Colonel By,312,251,Hogs Back Plaza (SW dest.),549
P5,Stadium Way,815,754,Brewer Park,923
P2,Colonel By,587,526,Hogs Back Plaza (SW dest.),975
P5,Stadium Way,1369,1308,Brewer Park,1486
P7,Bronson Ave & University Dr,9706,9645,Brewer Park,10174
P1,Colonel By,356,295,Hogs Back Plaza (SW dest.),596
P7,Bronson Ave & University Dr,5291,5230,Brewer Park,5765
P1,Colonel By,446,385,Hogs Back Plaza (SW dest.),695
P7,Bronson Ave & University Dr,272,211,Brewer Park,3394
P5,Stadium Way,565,504,Brewer Park,670
P5,Stadium Way,2851,2790,Brewer Park,2958
P7,Bronson Ave & University Dr,3010,2949,Brewer Park,3494
P5,Stadium Way,946,885,Brewer Park,1062
P7,Bronson Ave & University Dr,5492,5431,Brewer Park,5965
P7,Bronson Ave & University Dr,9660,9599,Brewer Park,10131
P7,Bronson Ave & University Dr,3750,3689,Brewer Park,5521
P7,Bronson Ave & University Dr,11504,11443,Brewer Park,11984
P7,Bronson Ave & University Dr,10284,10223,Brewer Park,10753
P7,Bronson Ave & University Dr,103,42,Brewer Park,357
P7,Bronson Ave & University Dr,5496,5435,Brewer Park,5970
P1,Colonel By,369,308,Hogs Back Plaza (SW dest.),609
P7,Bronson Ave & University Dr,10877,10816,Brewer Park,11339
P7,Bronson Ave & University Dr,3144,3083,Brewer Park,3617
P7,Bronson Ave & University Dr,10084,10023,Brewer Park,10571
P5,Stadium Way,2451,2390,Brewer Park,2561
P5,Stadium Way,2325,2264,Brewer Park,2427
P5,Stadium Way,3046,2985,Brewer Park,3160
P7,Bronson Ave & University Dr,11625,11564,Brewer Park,12402
P5,Stadium Way,278,217,Brewer Park,343
P7,Bronson Ave & University Dr,11712,11651,Brewer Park,12189
P1,Colonel By,178,117,Hogs Back Plaza (SW dest.),370
P5,Stadium Way,1429,1368,Brewer Park,1523
P7,Bronson Ave & University Dr,10998,10937,Brewer Park,11463
P7,Bronson Ave & University Dr,10694,10633,Brewer Park,11166
P7,Bronson Ave & University Dr,5358,5297,Brewer Park,5827
P2,Colonel By,593,532,Hogs Back Plaza (SW dest.),979
P5,Stadium Way,2043,1982,Brewer Park,2152
P7,Bronson Ave & University Dr,11336,11275,Brewer Park,11807
P7,Bronson Ave & University Dr,10843,10782,Brewer Park,11318
P5,Stadium Way,2733,2672,Brewer Park,2843
P1,Colonel By,441,380,Hogs Back Plaza (SW dest.),690
P7,Bronson Ave & University Dr,11471,11410,Brewer Park,12255
P7,Bronson Ave & University Dr,5471,5410,Brewer Park,5953
P7,Bronson Ave & University Dr,3438,3377,Brewer Park,3907
P5,Stadium Way,2452,2391,Brewer Park,2566
P7,Bronson Ave & University Dr,11490,11429,Brewer Park,12276
P2,Colonel By,652,591,Hogs Back Plaza (SW dest.),1083
P5,Stadium Way,875,814,Brewer Park,980
P7,Bronson Ave & University Dr,10783,10722,Brewer Park,11256
P5,Stadium Way,1037,976,Brewer Park,1150
P7,Bronson Ave & University Dr,10024,9963,Brewer Park,10805
P5,Stadium Way,1438,1377,Brewer Park,1530
P7,Bronson Ave & University Dr,11031,10970,Brewer Park,11499
P7,Bronson Ave & University Dr,10957,10896,Brewer Park,11430
P5,Stadium Way,1962,1901,Brewer Park,2068
P7,Bronson Ave & University Dr,11001,10940,Brewer Park,11468
P7,Bronson Ave & University Dr,3546,3485,Brewer Park,5305
P7,Bronson Ave & University Dr,3115,3054,Brewer Park,3592
P7,Bronson Ave & University Dr,10233,10172,Brewer Park,11013
P5,Stadium Way,2771,2710,Brewer Park,2887
P7,Bronson Ave & University Dr,3567,3506,Brewer Park,5322
P5,Stadium Way,2216,2155,Brewer Park,2327
P5,Stadium Way,203,142,Brewer Park,239
P7,Bronson Ave & University Dr,11195,11134,Brewer Park,11672
P5,Stadium Way,1325,1264,Brewer Park,1437
P7,Bronson Ave & University Dr,3552,3491,Brewer Park,5309
P5,Stadium Way,3013,2952,Brewer Park,3127
P5,Stadium Way,2339,2278,Brewer Park,2445
P7,Bronson Ave & University Dr,11338,11277,Brewer Park,11811
P5,Stadium Way,1645,1584,Brewer Park,1750
P7,Bronson Ave & University Dr,11163,11102,Brewer Park,11633
P7,Bronson Ave & University Dr,11803,11742,Brewer Park,12608
P5,Stadium Way,2873,2812,Brewer Park,2980
P5,Stadium Way,179,118,Brewer Park,214
P7,Bronson Ave & University Dr,11717,11656,Brewer Park,12521
P7,Bronson Ave & University Dr,3344,3283,Brewer Park,3825
P1,Colonel By,137,76,Hogs Back Plaza (SW dest.),317
P5,Stadium Way,2336,2275,Brewer Park,2440
P7,Bronson Ave & University Dr,3047,2986,Brewer Park,3528
P7,Bronson Ave & University Dr,10067,10006,Brewer Park,10545
P7,Bronson Ave & University Dr,5556,5495,Brewer Park,6020
P7,Bronson Ave & University Dr,11676,11615,Brewer Park,12461
P2,Colonel By,514,453,Hogs Back Plaza (SW dest.),834
P7,Bronson Ave & University Dr,9944,9883,Brewer Park,10415
P5,Stadium Way,1833,1772,Brewer Park,1943
P5,Stadium Way,1498,1437,Brewer Park,1606
P5,Stadium Way,2070,2009,Brewer Park,2183
P7,Bronson Ave & University Dr,12499,12438,Brewer Park,12968
P1,Colonel By,99,38,Hogs Back Plaza (SW dest.),269
P7,Bronson Ave & University Dr,11193,11132,Brewer Park,11667
P7,Bronson Ave & University Dr,11539,11478,Brewer Park,12335
P5,Stadium Way,857,796,Brewer Park,962
P7,Bronson Ave & University Dr,11562,11501,Brewer Park,12017
P1,Colonel By,196,135,Hogs Back Plaza (SW dest.),404
P5,Stadium Way,1518,1457,Brewer Park,1623
P5,Stadium Way,909,848,Brewer Park,1015
P5,Stadium Way,1175,1114,Brewer Park,1290
P7,Bronson Ave & University Dr,5304,5243,Brewer Park,5774
P7,Bronson Ave & University Dr,9795,9734,Brewer Park,10264
P7,Bronson Ave & University Dr,10159,10098,Brewer Park,10942
P5,Stadium Way,1555,1494,Brewer Park,1656
P1,Colonel By,239,178,Hogs Back Plaza (SW dest.),464
P5,Stadium Way,2321,2260,Brewer Park,2423
P7,Bronson Ave & University Dr,11512,11451,Brewer Park,11990
P5,Stadium Way,1191,1130,Brewer Park,1298
P7,Bronson Ave & University Dr,10189,10128,Brewer Park,10676
P7,Bronson Ave & University Dr,11608,11547,Brewer Park,12087
P5,Stadium Way,137,76,Brewer Park,161
P7,Bronson Ave & University Dr,12312,12251,Brewer Park,12795
P5,Stadium Way,2187,2126,Brewer Park,2295
P5,Stadium Way,2507,2446,Brewer Park,2614
P7,Bronson Ave & University Dr,11548,11487,Brewer Park,12344
P7,Bronson Ave & University Dr,9580,9519,Brewer Park,10051
P5,Stadium Way,1818,1757,Brewer Park,1924
P5,Stadium Way,2973,2912,Brewer Park,3086
P7,Bronson Ave & University Dr,12288,12227,Brewer Park,12764
P7,Bronson Ave & University Dr,11110,11049,Brewer Park,11583
P7,Bronson Ave & University Dr,11920,11859,Brewer Park,12720
P7,Bronson Ave & University Dr,9788,9727,Brewer Park,10252
P7,Bronson Ave & University Dr,10895,10834,Brewer Park,11365
P7,Bronson Ave & University Dr,9902,9841,Brewer Park,10384
P5,Stadium Way,2743,2682,Brewer Park,2852
P7,Bronson Ave & University Dr,11749,11688,Brewer Park,12221
P7,Bronson Ave & University Dr,11462,11401,Brewer Park,12242
P7,Bronson Ave & University Dr,11328,11267,Brewer Park,11798
P5,Stadium Way,1974,1913,Brewer Park,2082
P7,Bronson Ave & University Dr,5553,5492,Brewer Park,6016
P5,Stadium Way,1883,1822,Brewer Park,1989
P7,Bronson Ave & University Dr,9638,9577,Brewer Park,10098
P7,Bronson Ave & University Dr,11716,11655,Brewer Park,12196
P5,Stadium Way,308,247,Brewer Park,395
P5,Stadium Way,1446,1385,Brewer Park,1538
P7,Bronson Ave & University Dr,10177,10116,Brewer Park,10968
P5,Stadium Way,661,600,Brewer Park,776
P7,Bronson Ave & University Dr,11561,11500,Brewer Park,12361
P5,Stadium Way,1240,1179,Brewer Park,1347
P7,Bronson Ave & University Dr,11639,11578,Brewer Park,12118
P7,Bronson Ave & University Dr,12538,12477,Brewer Park,13006
P7,Bronson Ave & University Dr,3579,3518,Brewer Park,5339
P1,Colonel By,105,44,Hogs Back Plaza (SW dest.),276
P5,Stadium Way,1776,1715,Brewer Park,1885
P2,Colonel By,362,301,Hogs Back Plaza (SW dest.),800
P7,Bronson Ave & University Dr,10758,10697,Brewer Park,11222
P5,Stadium Way,640,579,Brewer Park,750
P7,Bronson Ave & University Dr,9820,9759,Brewer Park,10299
P5,Stadium Way,1002,941,Brewer Park,1114
P7,Bronson Ave & University Dr,11897,11836,Brewer Park,12689
P7,Bronson Ave & University Dr,11524,11463,Brewer Park,12317
P7,Bronson Ave & University Dr,11170,11109,Brewer Park,11641
P5,Stadium Way,701,640,Brewer Park,815
P5,Stadium Way,2909,2848,Brewer Park,3017
P7,Bronson Ave & University Dr,9964,9903,Brewer Park,10745
P7,Bronson Ave & University Dr,11077,11016,Brewer Park,11554
P5,Stadium Way,2045,1984,Brewer Park,2156
P7,Bronson Ave & University Dr,3244,3183,Brewer Park,3731
P7,Bronson Ave & University Dr,176,115,Brewer Park,3255
P5,Stadium Way,1288,1227,Brewer Park,1395
P7,Bronson Ave & University Dr,11406,11345,Brewer Park,11877
P7,Bronson Ave & University Dr,10846,10785,Brewer Park,11323
P7,Bronson Ave & University Dr,5500,5439,Brewer Park,5979
P5,Stadium Way,2604,2543,Brewer Park,2715
P7,Bronson Ave & University Dr,12454,12393,Brewer Park,12948
P5,Stadium Way,2540,2479,Brewer Park,2654
P7,Bronson Ave & University Dr,10977,10916,Brewer Park,11445
P7,Bronson Ave & University Dr,11321,11260,Brewer Park,11786
P7,Bronson Ave & University Dr,11161,11100,Brewer Park,11629
P7,Bronson Ave & University Dr,11425,11364,Brewer Park,12209
P7,Bronson Ave & University Dr,9810,9749,Brewer Park,10291
P7,Bronson Ave & University Dr,11182,11121,Brewer Park,11663
P5,Stadium Way,2210,2149,Brewer Park,2319
P7,Bronson Ave & University Dr,11615,11554,Brewer Park,12091
P7,Bronson Ave & University Dr,5148,5087,Brewer Park,5603
P1,Colonel By,168,107,Hogs Back Plaza (SW dest.),358
P7,Bronson Ave & University Dr,11716,11655,Brewer Park,12516
P7,Bronson Ave & University Dr,10804,10743,Brewer Park,11282
P7,Bronson Ave & University Dr,3673,3612,Brewer Park,5437
P7,Bronson Ave & University Dr,5322,5261,Brewer Park,5798
P7,Bronson Ave & University Dr,10266,10205,Brewer Park,11046
P7,Bronson Ave & University Dr,11533,11472,Brewer Park,12321
P7,Bronson Ave & University Dr,11365,11304,Brewer Park,11834
P7,Bronson Ave & University Dr,128,67,Brewer Park,3188
P5,Stadium Way,2261,2200,Brewer Park,2368
P7,Bronson Ave & University Dr,10951,10890,Brewer Park,11421
P7,Bronson Ave & University Dr,9829,9768,Brewer Park,10304
P7,Bronson Ave & University Dr,264,203,Brewer Park,3382
P5,Stadium Way,2747,2686,Brewer Park,2862
P5,Stadium Way,962,901,Brewer Park,1075
P7,Bronson Ave & University Dr,10111,10050,Brewer Park,10902
P7,Bronson Ave & University Dr,2988,2927,Brewer Park,3464
P5,Stadium Way,2138,2077,Brewer Park,2252
P5,Stadium Way,615,554,Brewer Park,720
P5,Stadium Way,2285,2224,Brewer Park,2397
P7,Bronson Ave & University Dr,11910,11849,Brewer Park,12711
P7,Bronson Ave & University Dr,3627,3566,Brewer Park,5399
P7,Bronson Ave & University Dr,11709,11648,Brewer Park,12185
P7,Bronson Ave & University Dr,11736,11675,Brewer Park,12200
P7,Bronson Ave & University Dr,11742,11681,Brewer Park,12542
P5,Stadium Way,2115,2054,Brewer Park,2226
P7,Bronson Ave & University Dr,11712,11651,Brewer Park,12508
P7,Bronson Ave & University Dr,12470,12409,Brewer Park,12943
P7,Bronson Ave & University Dr,10003,9942,Brewer Park,10481
P1,Colonel By,366,305,Hogs Back Plaza (SW dest.),605
P5,Stadium Way,2300,2239,Brewer Park,2410
P5,Stadium Way,1233,1172,Brewer Park,1338
P5,Stadium Way,2985,2924,Brewer Park,3094
P5,Stadium Way,223,162,Brewer Park,268
P5,Stadium Way,293,232,Brewer Park,370
P7,Bronson Ave & University Dr,3624,3563,Brewer Park,5394
P5,Stadium Way,768,707,Brewer Park,877
P7,Bronson Ave & University Dr,11602,11541,Brewer Park,12083
P7,Bronson Ave & University Dr,491,430,Brewer Park,3437
P7,Bronson Ave & University Dr,3314,3253,Brewer Park,3777
P7,Bronson Ave & University Dr,10931,10870,Brewer Park,11396
P7,Bronson Ave & University Dr,10707,10646,Brewer Park,11174
P1,Colonel By,416,355,Hogs Back Plaza (SW dest.),661
P7,Bronson Ave & University Dr,11513,11452,Brewer Park,12309
P5,Stadium Way,2172,2111,Brewer Park,2283
P5,Stadium Way,257,196,Brewer Park,312
P5,Stadium Way,3016,2955,Brewer Park,3131
P7,Bronson Ave & University Dr,3113,3052,Brewer Park,3588
P5,Stadium Way,205,144,Brewer Park,243
P7,Bronson Ave & University Dr,9675,9614,Brewer Park,10149
P5,Stadium Way,1220,1159,Brewer Park,1322
P1,Colonel By,410,349,Hogs Back Plaza (SW dest.),653
P2,Colonel By,534,473,Hogs Back Plaza (SW dest.),875
P5,Stadium Way,2815,2754,Brewer Park,2931
P5,Stadium Way,1211,1150,Brewer Park,1318
P5,Stadium Way,513,452,Brewer Park,624
P5,Stadium Way,371,310,Brewer Park,479
P5,Stadium Way,2992,2931,Brewer Park,3106
P7,Bronson Ave & University Dr,5317,5256,Brewer Park,5791
P7,Bronson Ave & University Dr,3389,3328,Brewer Park,3858
P7,Bronson Ave & University Dr,10009,9948,Brewer Park,10489
P5,Stadium Way,2927,2866,Brewer Park,3035
P5,Stadium Way,460,399,Brewer Park,569
P5,Stadium Way,1955,1894,Brewer Park,2060
P7,Bronson Ave & University Dr,9546,9485,Brewer Park,10016
P7,Bronson Ave & University Dr,11516,11455,Brewer Park,11994
P5,Stadium Way,694,633,Brewer Park,811
P7,Bronson Ave & University Dr,12309,12248,Brewer Park,12791
P2,Colonel By,522,461,Hogs Back Plaza (SW dest.),851
P5,Stadium Way,2176,2115,Brewer Park,2287
P5,Stadium Way,1917,1856,Brewer Park,2029
P7,Bronson Ave & University Dr,3406,3345,Brewer Park,3878
P5,Stadium Way,1572,1511,Brewer Park,1677
P5,Stadium Way,1839,1778,Brewer Park,1952
P7,Bronson Ave & University Dr,10242,10181,Brewer Park,11021
P7,Bronson Ave & University Dr,10945,10884,Brewer Park,11417
P5,Stadium Way,670,609,Brewer Park,788
P7,Bronson Ave & University Dr,5397,5336,Brewer Park,5878
P7,Bronson Ave & University Dr,10083,10022,Brewer Park,10869
P1,Colonel By,403,342,Hogs Back Plaza (SW dest.),648
P5,Stadium Way,241,180,Brewer Park,295
P7,Bronson Ave & University Dr,3703,3642,Brewer Park,5476
P7,Bronson Ave & University Dr,3213,3152,Brewer Park,3698
P5,Stadium Way,1459,1398,Brewer Park,1559
P5,Stadium Way,332,271,Brewer Park,425
P7,Bronson Ave & University Dr,278,217,Brewer Park,3402
P5,Stadium Way,2599,2538,Brewer Park,2711
P5,Stadium Way,2280,2219,Brewer Park,2392
P7,Bronson Ave & University Dr,11385,11324,Brewer Park,11851
P7,Bronson Ave & University Dr,10728,10667,Brewer Park,11186
P7,Bronson Ave & University Dr,5382,5321,Brewer Park,5857
P7,Bronson Ave & University Dr,5104,5043,Brewer Park,5564
P5,Stadium Way,390,329,Brewer Park,500
P7,Bronson Ave & University Dr,3079,3018,Brewer Park,3553
P7,Bronson Ave & University Dr,3073,3012,Brewer Park,3540
P7,Bronson Ave & University Dr,10302,10241,Brewer Park,11091
P7,Bronson Ave & University Dr,11079,11018,Brewer Park,11558
P7,Bronson Ave & University Dr,10177,10116,Brewer Park,10653
P7,Bronson Ave & University Dr,212,151,Brewer Park,3305
P7,Bronson Ave & University Dr,5311,5250,Brewer Park,5787
P5,Stadium Way,598,537,Brewer Park,703
P5,Stadium Way,709,648,Brewer Park,823
P5,Stadium Way,2463,2402,Brewer Park,2575
P5,Stadium Way,1952,1891,Brewer Park,2054
P5,Stadium Way,646,585,Brewer Park,758
P7,Bronson Ave & University Dr,11827,11766,Brewer Park,12629
P7,Bronson Ave & University Dr,150,89,Brewer Park,3218
P2,Colonel By,631,570,Hogs Back Plaza (SW dest.),1054
P5,Stadium Way,3040,2979,Brewer Park,3152
P7,Bronson Ave & University Dr,3238,3177,Brewer Park,3727
P1,Colonel By,296,235,Hogs Back Plaza (SW dest.),531
P7,Bronson Ave & University Dr,294,233,Brewer Park,3420
P2,Colonel By,167,106,Hogs Back Plaza (SW dest.),734
P5,Stadium Way,807,746,Brewer Park,919
P5,Stadium Way,1768,1707,Brewer Park,1872
P7,Bronson Ave & University Dr,11853,11792,Brewer Park,12650
P7,Bronson Ave & University Dr,11657,11596,Brewer Park,12126
P7,Bronson Ave & University Dr,12343,12282,Brewer Park,12817
P5,Stadium Way,429,368,Brewer Park,546
P5,Stadium Way,2240,2179,Brewer Park,2352
P7,Bronson Ave & University Dr,10888,10827,Brewer Park,11356
P5,Stadium Way,535,474,Brewer Park,641
P7,Bronson Ave & University Dr,9617,9556,Brewer Park,10077
P5,Stadium Way,943,882,Brewer Park,1057
P7,Bronson Ave & University Dr,298,237,Brewer Park,3425
P5,Stadium Way,2263,2202,Brewer Park,2371
P5,Stadium Way,841,780,Brewer Park,950
P5,Stadium Way,421,360,Brewer Park,535
P5,Stadium Way,1454,1393,Brewer Park,1551
P7,Bronson Ave & University Dr,5217,5156,Brewer Park,5693
P5,Stadium Way,2803,2742,Brewer Park,2918
P5,Stadium Way,552,491,Brewer Park,653
P7,Bronson Ave & University Dr,5563,5502,Brewer Park,6030
P5,Stadium Way,1611,1550,Brewer Park,1715
P7,Bronson Ave & University Dr,10764,10703,Brewer Park,11231
P7,Bronson Ave & University Dr,5281,5220,Brewer Park,5743
P5,Stadium Way,1664,1603,Brewer Park,1767
P2,Colonel By,158,97,Hogs Back Plaza (SW dest.),469
P5,Stadium Way,1295,1234,Brewer Park,1403
P7,Bronson Ave & University Dr,10691,10630,Brewer Park,11161
P7,Bronson Ave & University Dr,11573,11512,Brewer Park,12035
P7,Bronson Ave & University Dr,5227,5166,Brewer Park,5705
P5,Stadium Way,1078,1017,Brewer Park,1190
P7,Bronson Ave & University Dr,11473,11412,Brewer Park,11952
P5,Stadium Way,821,760,Brewer Park,932
P7,Bronson Ave & University Dr,10218,10157,Brewer Park,10999
P7,Bronson Ave & University Dr,162,101,Brewer Park,3235
P1,Colonel By,438,377,Hogs Back Plaza (SW dest.),686
P7,Bronson Ave & University Dr,3023,2962,Brewer Park,3502
P5,Stadium Way,2006,1945,Brewer Park,2116
P5,Stadium Way,148,87,Brewer Park,172
P7,Bronson Ave & University Dr,9924,9863,Brewer Park,10402
P1,Colonel By,419,358,Hogs Back Plaza (SW dest.),665
P7,Bronson Ave & University Dr,11857,11796,Brewer Park,12659
P5,Stadium Way,1210,1149,Brewer Park,1314
P7,Bronson Ave & University Dr,9814,9753,Brewer Park,10295
P7,Bronson Ave & University Dr,11671,11610,Brewer Park,12142
P2,Colonel By,681,620,Hogs Back Plaza (SW dest.),1121
P2,Colonel By,505,444,Hogs Back Plaza (SW dest.),817
P7,Bronson Ave & University Dr,3736,3675,Brewer Park,5509
P7,Bronson Ave & University Dr,11228,11167,Brewer Park,11686
P7,Bronson Ave & University Dr,9613,9552,Brewer Park,10072
P7,Bronson Ave & University Dr,10229,10168,Brewer Park,11008
P7,Bronson Ave & University Dr,3002,2941,Brewer Park,3485
P5,Stadium Way,291,230,Brewer Park,366
P7,Bronson Ave & University Dr,11316,11255,Brewer Park,11777
P7,Bronson Ave & University Dr,94,33,Brewer Park,300
P5,Stadium Way,1940,1879,Brewer Park,2037
P5,Stadium Way,1704,1643,Brewer Park,1817
P5,Stadium Way,878,817,Brewer Park,985
P7,Bronson Ave & University Dr,3228,3167,Brewer Park,3710
P7,Bronson Ave & University Dr,10163,10102,Brewer Park,10951
P7,Bronson Ave & University Dr,11811,11750,Brewer Park,12612
P5,Stadium Way,133,72,Brewer Park,156
P7,Bronson Ave & University Dr,11626,11565,Brewer Park,12109
P7,Bronson Ave & University Dr,11208,11147,Brewer Park,11677
P7,Bronson Ave & University Dr,5158,5097,Brewer Park,5621
P7,Bronson Ave & University Dr,10157,10096,Brewer Park,10632
P7,Bronson Ave & University Dr,3706,3645,Brewer Park,5481
P7,Bronson Ave & University Dr,3339,3278,Brewer Park,3816
P5,Stadium Way,1063,1002,Brewer Park,1171
P5,Stadium Way,2051,1990,Brewer Park,2161
P7,Bronson Ave & University Dr,10971,10910,Brewer Park,11437
P5,Stadium Way,938,877,Brewer Park,1049
P7,Bronson Ave & University Dr,11608,11547,Brewer Park,12394
P5,Stadium Way,1899,1838,Brewer Park,2012
P5,Stadium Way,1319,1258,Brewer Park,1429
P5,Stadium Way,2918,2857,Brewer Park,3026
P7,Bronson Ave & University Dr,12317,12256,Brewer Park,12799
P5,Stadium Way,296,235,Brewer Park,375
P5,Stadium Way,374,313,Brewer Park,483
P5,Stadium Way,1473,1412,Brewer Park,1581
P7,Bronson Ave & University Dr,12587,12526,Brewer Park,13055
P7,Bronson Ave & University Dr,9848,9787,Brewer Park,10316
P7,Bronson Ave & University Dr,3259,3198,Brewer Park,3740
P5,Stadium Way,1358,1297,Brewer Park,1474
P7,Bronson Ave & University Dr,11685,11624,Brewer Park,12479
P1,Colonel By,265,204,Hogs Back Plaza (SW dest.),499
P5,Stadium Way,2780,2719,Brewer Park,2899
P5,Stadium Way,1262,1201,Brewer Park,1373
P7,Bronson Ave & University Dr,10829,10768,Brewer Park,11300
P7,Bronson Ave & University Dr,11699,11638,Brewer Park,12495
P5,Stadium Way,462,401,Brewer Park,573
P2,Colonel By,367,306,Hogs Back Plaza (SW dest.),804
P5,Stadium Way,301,240,Brewer Park,383
P7,Bronson Ave & University Dr,10942,10881,Brewer Park,11412
P7,Bronson Ave & University Dr,3085,3024,Brewer Park,3566
P5,Stadium Way,1967,1906,Brewer Park,2073
P7,Bronson Ave & University Dr,12384,12323,Brewer Park,12866
P1,Colonel By,141,80,Hogs Back Plaza (SW dest.),321
P5,Stadium Way,572,511,Brewer Park,680
P5,Stadium Way,1831,1770,Brewer Park,1940
P7,Bronson Ave & University Dr,11625,11564,Brewer Park,12407
P7,Bronson Ave & University Dr,10054,9993,Brewer Park,10839
P7,Bronson Ave & University Dr,3682,3621,Brewer Park,5450
P7,Bronson Ave & University Dr,114,53,Brewer Park,716
P5,Stadium Way,2877,2816,Brewer Park,2984
P7,Bronson Ave & University Dr,9428,9367,Brewer Park,9905
P7,Bronson Ave & University Dr,11776,11715,Brewer Park,12572
P7,Bronson Ave & University Dr,10040,9979,Brewer Park,10527
P7,Bronson Ave & University Dr,10089,10028,Brewer Park,10882
P5,Stadium Way,1724,1663,Brewer Park,1833
P7,Bronson Ave & University Dr,11629,11568,Brewer Park,12411
P7,Bronson Ave & University Dr,5463,5402,Brewer Park,5940
P7,Bronson Ave & University Dr,11578,11517,Brewer Park,12048
P7,Bronson Ave & University Dr,10820,10759,Brewer Park,11295
P7,Bronson Ave & University Dr,11084,11023,Brewer Park,11566
P1,Colonel By,262,201,Hogs Back Plaza (SW dest.),495
P7,Bronson Ave & University Dr,9543,9482,Brewer Park,10012
P5,Stadium Way,1949,1888,Brewer Park,2050
P7,Bronson Ave & University Dr,5409,5348,Brewer Park,5892
P5,Stadium Way,1523,1462,Brewer Park,1630
P7,Bronson Ave & University Dr,5458,5397,Brewer Park,5930
P5,Stadium Way,2984,2923,Brewer Park,3090
P7,Bronson Ave & University Dr,11478,11417,Brewer Park,12259
P7,Bronson Ave & University Dr,11798,11737,Brewer Park,12599
P7,Bronson Ave & University Dr,3717,3656,Brewer Park,5489
P7,Bronson Ave & University Dr,10080,10019,Brewer Park,10860
P7,Bronson Ave & University Dr,12438,12377,Brewer Park,12903
P7,Bronson Ave & University Dr,11495,11434,Brewer Park,12292
P2,Colonel By,256,195,Hogs Back Plaza (SW dest.),792
P7,Bronson Ave & University Dr,12408,12347,Brewer Park,12894
P1,Colonel By,432,371,Hogs Back Plaza (SW dest.),678
P7,Bronson Ave & University Dr,12576,12515,Brewer Park,13040
P7,Bronson Ave & University Dr,3395,3334,Brewer Park,3870
P7,Bronson Ave & University Dr,3386,3325,Brewer Park,3853
P7,Bronson Ave & University Dr,3534,3473,Brewer Park,5295
P7,Bronson Ave & University Dr,9836,9775,Brewer Park,10312
P5,Stadium Way,1942,1881,Brewer Park,2041
P5,Stadium Way,902,841,Brewer Park,1006
P7,Bronson Ave & University Dr,257,196,Brewer Park,3372
P7,Bronson Ave & University Dr,11386,11325,Brewer Park,11855
P5,Stadium Way,2287,2226,Brewer Park,2402
P7,Bronson Ave & University Dr,11403,11342,Brewer Park,11873
P5,Stadium Way,118,57,Brewer Park,140
P1,Colonel By,181,120,Hogs Back Plaza (SW dest.),375
P7,Bronson Ave & University Dr,11714,11653,Brewer Park,12512
P2,Colonel By,584,523,Hogs Back Plaza (SW dest.),966
P7,Bronson Ave & University Dr,10221,10160,Brewer Park,10703
P5,Stadium Way,1580,1519,Brewer Park,1690
P5,Stadium Way,2098,2037,Brewer Park,2209
P7,Bronson Ave & University Dr,10174,10113,Brewer Park,10649
P7,Bronson Ave & University Dr,3699,3638,Brewer Park,5467
P7,Bronson Ave & University Dr,5093,5032,Brewer Park,5551
P7,Bronson Ave & University Dr,9978,9917,Brewer Park,10762
P7,Bronson Ave & University Dr,2990,2929,Brewer Park,3468
P5,Stadium Way,2812,2751,Brewer Park,2927
P7,Bronson Ave & University Dr,11494,11433,Brewer Park,11970
P7,Bronson Ave & University Dr,10076,10015,Brewer Park,10856
P5,Stadium Way,3012,2951,Brewer Park,3123
P1,Colonel By,272,211,Hogs Back Plaza (SW dest.),507
P5,Stadium Way,2012,1951,Brewer Park,2124
P5,Stadium Way,1914,1853,Brewer Park,2024
P7,Bronson Ave & University Dr,11375,11314,Brewer Park,11838
P1,Colonel By,475,414,Hogs Back Plaza (SW dest.),725
P5,Stadium Way,192,131,Brewer Park,231
P7,Bronson Ave & University Dr,10082,10021,Brewer Park,10567
P7,Bronson Ave & University Dr,3526,3465,Brewer Park,5291
P7,Bronson Ave & University Dr,5514,5453,Brewer Park,5993
P5,Stadium Way,1434,1373,Brewer Park,1526
P7,Bronson Ave & University Dr,9987,9926,Brewer Park,10464
P7,Bronson Ave & University Dr,3380,3319,Brewer Park,3845
P5,Stadium Way,2661,2600,Brewer Park,2776
P7,Bronson Ave & University Dr,3511,3450,Brewer Park,5274
P7,Bronson Ave & University Dr,10194,10133,Brewer Park,10681
P2,Colonel By,550,489,Hogs Back Plaza (SW dest.),909
P7,Bronson Ave & University Dr,3019,2958,Brewer Park,3498
P5,Stadium Way,2390,2329,Brewer Park,2496
P5,Stadium Way,1102,1041,Brewer Park,1211
P5,Stadium Way,682,621,Brewer Park,802
P7,Bronson Ave & University Dr,11838,11777,Brewer Park,12640
P7,Bronson Ave & University Dr,11596,11535,Brewer Park,12074
P5,Stadium Way,471,410,Brewer Park,580
P7,Bronson Ave & University Dr,12369,12308,Brewer Park,12853
P7,Bronson Ave & University Dr,10088,10027,Brewer Park,10576
P5,Stadium Way,218,157,Brewer Park,264
P7,Bronson Ave & University Dr,10883,10822,Brewer Park,11347
P5,Stadium Way,1266,1205,Brewer Park,1377
P5,Stadium Way,1010,949,Brewer Park,1124
P2,Colonel By,620,559,Hogs Back Plaza (SW dest.),1032
P7,Bronson Ave & University Dr,11549,11488,Brewer Park,12348
P7,Bronson Ave & University Dr,3247,3186,Brewer Park,3735
P5,Stadium Way,609,548,Brewer Park,711
P7,Bronson Ave & University Dr,10248,10187,Brewer Park,11025
P7,Bronson Ave & University Dr,155,94,Brewer Park,3226
P5,Stadium Way,262,201,Brewer Park,321
P5,Stadium Way,1405,1344,Brewer Park,1507
P7,Bronson Ave & University Dr,11479,11418,Brewer Park,11961
P7,Bronson Ave & University Dr,9920,9859,Brewer Park,10397
P7,Bronson Ave & University Dr,10185,10124,Brewer Park,10668
P5,Stadium Way,784,723,Brewer Park,903
P5,Stadium Way,2030,1969,Brewer Park,2136
P7,Bronson Ave & University Dr,11172,11111,Brewer Park,11645
P7,Bronson Ave & University Dr,12403,12342,Brewer Park,12890
P7,Bronson Ave & University Dr,167,106,Brewer Park,3242
P7,Bronson Ave & University Dr,3568,3507,Brewer Park,5325
P7,Bronson Ave & University Dr,11050,10989,Brewer Park,11521
P5,Stadium Way,1136,1075,Brewer Park,1242
P5,Stadium Way,704,643,Brewer Park,819
P7,Bronson Ave & University Dr,10651,10590,Brewer Park,11121
P7,Bronson Ave & University Dr,10202,10141,Brewer Park,10694
P2,Colonel By,191,130,Hogs Back Plaza (SW dest.),762
P7,Bronson Ave & University Dr,11481,11420,Brewer Park,12263
P7,Bronson Ave & University Dr,12367,12306,Brewer Park,12849
P7,Bronson Ave & University Dr,5474,5413,Brewer Park,5957
P5,Stadium Way,1989,1928,Brewer Park,2104
P5,Stadium Way,1785,1724,Brewer Park,1894
P7,Bronson Ave & University Dr,12528,12467,Brewer Park,12972
P7,Bronson Ave & University Dr,12548,12487,Brewer Park,12993
P5,Stadium Way,214,153,Brewer Park,257
P7,Bronson Ave & University Dr,11425,11364,Brewer Park,11898
P7,Bronson Ave & University Dr,11075,11014,Brewer Park,11550
P2,Colonel By,660,599,Hogs Back Plaza (SW dest.),1096
P2,Colonel By,666,605,Hogs Back Plaza (SW dest.),1109
P7,Bronson Ave & University Dr,11415,11354,Brewer Park,11890
P5,Stadium Way,322,261,Brewer Park,412
P5,Stadium Way,559,498,Brewer Park,661
P5,Stadium Way,654,593,Brewer Park,767
P5,Stadium Way,2106,2045,Brewer Park,2217
P7,Bronson Ave & University Dr,12295,12234,Brewer Park,12768
P7,Bronson Ave & University Dr,11119,11058,Brewer Park,11595
P7,Bronson Ave & University Dr,12329,12268,Brewer Park,12807
P5,Stadium Way,1870,1809,Brewer Park,1981
P5,Stadium Way,916,855,Brewer Park,1024
P5,Stadium Way,2529,2468,Brewer Park,2645
P5,Stadium Way,2693,2632,Brewer Park,2797
P7,Bronson Ave & University Dr,11543,11482,Brewer Park,12339
P7,Bronson Ave & University Dr,11057,10996,Brewer Park,11529
P7,Bronson Ave & University Dr,11049,10988,Brewer Park,11517
P7,Bronson Ave & University Dr,9697,9636,Brewer Park,10162
P5,Stadium Way,1149,1088,Brewer Park,1259
P7,Bronson Ave & University Dr,11141,11080,Brewer Park,11617
P7,Bronson Ave & University Dr,12434,12373,Brewer Park,12899
P5,Stadium Way,1124,1063,Brewer Park,1233
P7,Bronson Ave & University Dr,9769,9708,Brewer Park,10244
P7,Bronson Ave & University Dr,269,208,Brewer Park,3390
P5,Stadium Way,1254,1193,Brewer Park,1368
P7,Bronson Ave & University Dr,11670,11609,Brewer Park,12456
P7,Bronson Ave & University Dr,218,157,Brewer Park,3316
P5,Stadium Way,1170,1109,Brewer Park,1286
P7,Bronson Ave & University Dr,3340,3279,Brewer Park,3820
P2,Colonel By,517,456,Hogs Back Plaza (SW dest.),842
P5,Stadium Way,2645,2584,Brewer Park,2759
P7,Bronson Ave & University Dr,10689,10628,Brewer Park,11156
P7,Bronson Ave & University Dr,10026,9965,Brewer Park,10809
P5,Stadium Way,2584,2523,Brewer Park,2694
P7,Bronson Ave & University Dr,9668,9607,Brewer Park,10140
P5,Stadium Way,1684,1623,Brewer Park,1788
P7,Bronson Ave & University Dr,11346,11285,Brewer Park,11816
P7,Bronson Ave & University Dr,11157,11096,Brewer Park,11621
P7,Bronson Ave & University Dr,3183,3122,Brewer Park,3646
P7,Bronson Ave & University Dr,243,182,Brewer Park,3346
P5,Stadium Way,1653,1592,Brewer Park,1759
P7,Bronson Ave & University Dr,3500,3439,Brewer Park,3967
P5,Stadium Way,2702,2641,Brewer Park,2807
P7,Bronson Ave & University Dr,11095,11034,Brewer Park,11579
P5,Stadium Way,652,591,Brewer Park,763
P7,Bronson Ave & University Dr,3324,3263,Brewer Park,3795
P5,Stadium Way,3053,2992,Brewer Park,3169
P7,Bronson Ave & University Dr,10018,9957,Brewer Park,10800
P1,Colonel By,109,48,Hogs Back Plaza (SW dest.),281
P5,Stadium Way,1674,1613,Brewer Park,1780
P7,Bronson Ave & University Dr,5201,5140,Brewer Park,5676
P5,Stadium Way,1350,1289,Brewer Park,1458
P1,Colonel By,276,215,Hogs Back Plaza (SW dest.),511
P7,Bronson Ave & University Dr,10183,10122,Brewer Park,10977
P5,Stadium Way,1642,1581,Brewer Park,1745
P7,Bronson Ave & University Dr,5134,5073,Brewer Park,5591
P7,Bronson Ave & University Dr,11781,11720,Brewer Park,12580
P7,Bronson Ave & University Dr,11378,11317,Brewer Park,11842
P7,Bronson Ave & University Dr,10840,10779,Brewer Park,11313
P5,Stadium Way,2510,2449,Brewer Park,2619
P5,Stadium Way,2485,2424,Brewer Park,2597
P7,Bronson Ave & University Dr,11446,11385,Brewer Park,12230
P5,Stadium Way,3026,2965,Brewer Park,3140
P2,Colonel By,539,478,Hogs Back Plaza (SW dest.),884
P7,Bronson Ave & University Dr,3719,3658,Brewer Park,5493
P5,Stadium Way,951,890,Brewer Park,1067
P1,Colonel By,378,317,Hogs Back Plaza (SW dest.),618
P7,Bronson Ave & University Dr,191,130,Brewer Park,3276
P5,Stadium Way,1625,1564,Brewer Park,1728
P5,Stadium Way,2727,2666,Brewer Park,2834
P7,Bronson Ave & University Dr,10233,10172,Brewer Park,10711
P7,Bronson Ave & University Dr,3726,3665,Brewer Park,5501
P7,Bronson Ave & University Dr,10293,10232,Brewer Park,10766
P7,Bronson Ave & University Dr,10067,10006,Brewer Park,10843
P7,Bronson Ave & University Dr,11492,11431,Brewer Park,12279
P7,Bronson Ave & University Dr,12493,12432,Brewer Park,12960
P7,Bronson Ave & University Dr,9729,9668,Brewer Park,10207
P2,Colonel By,524,463,Hogs Back Plaza (SW dest.),855
P7,Bronson Ave & University Dr,10993,10932,Brewer Park,11459
P7,Bronson Ave & University Dr,9894,9833,Brewer Park,10367
P7,Bronson Ave & University Dr,10916,10855,Brewer Park,11391
P5,Stadium Way,1800,1739,Brewer Park,1911
P5,Stadium Way,2499,2438,Brewer Park,2606
P2,Colonel By,194,133,Hogs Back Plaza (SW dest.),766
P5,Stadium Way,1712,1651,Brewer Park,1821
P7,Bronson Ave & University Dr,3096,3035,Brewer Park,3578
P7,Bronson Ave & University Dr,9975,9914,Brewer Park,10451
P7,Bronson Ave & University Dr,10046,9985,Brewer Park,10832
P7,Bronson Ave & University Dr,11737,11676,Brewer Park,12533
P5,Stadium Way,1031,970,Brewer Park,1140
P5,Stadium Way,1424,1363,Brewer Park,1519
P5,Stadium Way,2546,2485,Brewer Park,2658
P7,Bronson Ave & University Dr,9461,9400,Brewer Park,9932
P5,Stadium Way,622,561,Brewer Park,733
P7,Bronson Ave & University Dr,11923,11862,Brewer Park,12725
P7,Bronson Ave & University Dr,10741,10680,Brewer Park,11196
P5,Stadium Way,2758,2697,Brewer Park,2875
P7,Bronson Ave & University Dr,3084,3023,Brewer Park,3562
P5,Stadium Way,2751,2690,Brewer Park,2866
P7,Bronson Ave & University Dr,10300,10239,Brewer Park,11087
P5,Stadium Way,2675,2614,Brewer Park,2780
P7,Bronson Ave & University Dr,10041,9980,Brewer Park,10827
P7,Bronson Ave & University Dr,10738,10677,Brewer Park,11191
P5,Stadium Way,832,771,Brewer Park,941
P5,Stadium Way,2677,2616,Brewer Park,2784
P7,Bronson Ave & University Dr,10839,10778,Brewer Park,11309
P1,Colonel By,450,389,Hogs Back Plaza (SW dest.),700
P5,Stadium Way,2358,2297,Brewer Park,2462
P7,Bronson Ave & University Dr,10087,10026,Brewer Park,10873
P7,Bronson Ave & University Dr,10885,10824,Brewer Park,11351
P7,Bronson Ave & University Dr,11258,11197,Brewer Park,11735
P7,Bronson Ave & University Dr,12564,12503,Brewer Park,13010
P7,Bronson Ave & University Dr,9806,9745,Brewer Park,10282
P1,Colonel By,455,394,Hogs Back Plaza (SW dest.),704
P7,Bronson Ave & University Dr,9523,9462,Brewer Park,9991
P7,Bronson Ave & University Dr,11023,10962,Brewer Park,11486
P7,Bronson Ave & University Dr,10275,10214,Brewer Park,11059
P7,Bronson Ave & University Dr,10310,10249,Brewer Park,11104
P5,Stadium Way,2551,2490,Brewer Park,2663
P5,Stadium Way,2149,2088,Brewer Park,2256
P7,Bronson Ave & University Dr,5475,5414,Brewer Park,5961
P7,Bronson Ave & University Dr,10164,10103,Brewer Park,10946
P7,Bronson Ave & University Dr,5504,5443,Brewer Park,5984
P5,Stadium Way,2880,2819,Brewer Park,2988
P5,Stadium Way,1340,1279,Brewer Park,1454
P7,Bronson Ave & University Dr,552,491,Brewer Park,3455
P5,Stadium Way,356,295,Brewer Park,459
P7,Bronson Ave & University Dr,11238,11177,Brewer Park,11704
P5,Stadium Way,424,363,Brewer Park,539
P7,Bronson Ave & University Dr,9712,9651,Brewer Park,10179
P5,Stadium Way,2419,2358,Brewer Park,2521
P7,Bronson Ave & University Dr,10015,9954,Brewer Park,10796
P5,Stadium Way,313,252,Brewer Park,404
P5,Stadium Way,1857,1796,Brewer Park,1965
P7,Bronson Ave & University Dr,11703,11642,Brewer Park,12181
P7,Bronson Ave & University Dr,11676,11615,Brewer Park,12151
P7,Bronson Ave & University Dr,11430,11369,Brewer Park,12213
P5,Stadium Way,618,557,Brewer Park,725
P2,Colonel By,575,514,Hogs Back Plaza (SW dest.),953
P7,Bronson Ave & University Dr,9584,9523,Brewer Park,10059
P5,Stadium Way,2774,2713,Brewer Park,2891
P7,Bronson Ave & University Dr,10122,10061,Brewer Park,10918
P7,Bronson Ave & University Dr,3119,3058,Brewer Park,3596
P5,Stadium Way,894,833,Brewer Park,1002
P7,Bronson Ave & University Dr,12386,12325,Brewer Park,12869
P7,Bronson Ave & University Dr,10162,10101,Brewer Park,10636
P7,Bronson Ave & University Dr,9487,9426,Brewer Park,9957
P5,Stadium Way,2076,2015,Brewer Park,2188
P5,Stadium Way,1616,1555,Brewer Park,1719
P7,Bronson Ave & University Dr,10755,10694,Brewer Park,11218
P5,Stadium Way,1472,1411,Brewer Park,1567
P5,Stadium Way,414,353,Brewer Park,530
P5,Stadium Way,2724,2663,Brewer Park,2830
P7,Bronson Ave & University Dr,10980,10919,Brewer Park,11450
P5,Stadium Way,2787,2726,Brewer Park,2902
P5,Stadium Way,170,109,Brewer Park,202
P7,Bronson Ave & University Dr,3169,3108,Brewer Park,3625
P7,Bronson Ave & University Dr,5444,5383,Brewer Park,5922
P7,Bronson Ave & University Dr,11512,11451,Brewer Park,12300
P5,Stadium Way,2756,2695,Brewer Park,2871
P7,Bronson Ave & University Dr,3654,3593,Brewer Park,5429
P7,Bronson Ave & University Dr,3315,3254,Brewer Park,3781
P7,Bronson Ave & University Dr,11038,10977,Brewer Park,11513
P7,Bronson Ave & University Dr,9563,9502,Brewer Park,10039
P5,Stadium Way,2566,2505,Brewer Park,2676
P5,Stadium Way,368,307,Brewer Park,475
P5,Stadium Way,1320,1259,Brewer Park,1433
P7,Bronson Ave & University Dr,11649,11588,Brewer Park,12435
P5,Stadium Way,449,388,Brewer Park,560
P7,Bronson Ave & University Dr,11459,11398,Brewer Park,11933
P7,Bronson Ave & University Dr,10133,10072,Brewer Park,10926
P7,Bronson Ave & University Dr,9803,9742,Brewer Park,10277
P2,Colonel By,510,449,Hogs Back Plaza (SW dest.),826
P7,Bronson Ave & University Dr,11748,11687,Brewer Park,12546
P7,Bronson Ave & University Dr,11427,11366,Brewer Park,12217
P2,Colonel By,188,127,Hogs Back Plaza (SW dest.),758
P7,Bronson Ave & University Dr,3613,3552,Brewer Park,5377
P7,Bronson Ave & University Dr,9575,9514,Brewer Park,10046
P7,Bronson Ave & University Dr,10079,10018,Brewer Park,10563
P5,Stadium Way,2250,2189,Brewer Park,2360
P7,Bronson Ave & University Dr,12464,12403,Brewer Park,12956
P7,Bronson Ave & University Dr,5111,5050,Brewer Park,5573
P5,Stadium Way,1562,1501,Brewer Park,1664
P7,Bronson Ave & University Dr,286,225,Brewer Park,3412
P1,Colonel By,347,286,Hogs Back Plaza (SW dest.),588
P7,Bronson Ave & University Dr,3480,3419,Brewer Park,3955
P7,Bronson Ave & University Dr,10197,10136,Brewer Park,10986
P5,Stadium Way,984,923,Brewer Park,1093
P5,Stadium Way,2818,2757,Brewer Park,2936
P7,Bronson Ave & University Dr,11351,11290,Brewer Park,11822
P7,Bronson Ave & University Dr,3197,3136,Brewer Park,3668
P7,Bronson Ave & University Dr,9536,9475,Brewer Park,10003
P7,Bronson Ave & University Dr,11536,11475,Brewer Park,12331
P7,Bronson Ave & University Dr,5156,5095,Brewer Park,5617
P2,Colonel By,502,441,Hogs Back Plaza (SW dest.),813
P5,Stadium Way,1722,1661,Brewer Park,1829
P7,Bronson Ave & University Dr,10097,10036,Brewer Park,10890
P5,Stadium Way,929,868,Brewer Park,1037
P7,Bronson Ave & University Dr,10073,10012,Brewer Park,10558
P7,Bronson Ave & University Dr,3635,3574,Brewer Park,5406
P7,Bronson Ave & University Dr,11696,11635,Brewer Park,12491
P7,Bronson Ave & University Dr,9752,9691,Brewer Park,10227
P5,Stadium Way,636,575,Brewer Park,746
P7,Bronson Ave & University Dr,11180,11119,Brewer Park,11659
P1,Colonel By,216,155,Hogs Back Plaza (SW dest.),430
P7,Bronson Ave & University Dr,5468,5407,Brewer Park,5948
P7,Bronson Ave & University Dr,5170,5109,Brewer Park,5637
P2,Colonel By,574,513,Hogs Back Plaza (SW dest.),949
P7,Bronson Ave & University Dr,3277,3216,Brewer Park,3757
P5,Stadium Way,1812,1751,Brewer Park,1915
P5,Stadium Way,2857,2796,Brewer Park,2966
P7,Bronson Ave & University Dr,5578,5517,Brewer Park,6051
P7,Bronson Ave & University Dr,12448,12387,Brewer Park,12916
P5,Stadium Way,750,689,Brewer Park,863
P7,Bronson Ave & University Dr,3434,3373,Brewer Park,3903
P7,Bronson Ave & University Dr,5434,5373,Brewer Park,5918
P7,Bronson Ave & University Dr,3661,3600,Brewer Park,5433
P7,Bronson Ave & University Dr,10147,10086,Brewer Park,10620
P7,Bronson Ave & University Dr,11286,11225,Brewer Park,11753
P5,Stadium Way,1479,1418,Brewer Park,1590
P7,Bronson Ave & University Dr,9958,9897,Brewer Park,10429
P7,Bronson Ave & University Dr,12346,12285,Brewer Park,12821
P7,Bronson Ave & University Dr,9979,9918,Brewer Park,10455
P5,Stadium Way,1821,1760,Brewer Park,1932
P5,Stadium Way,274,213,Brewer Park,339
P7,Bronson Ave & University Dr,9802,9741,Brewer Park,10273
P7,Bronson Ave & University Dr,12353,12292,Brewer Park,12832
P5,Stadium Way,2346,2285,Brewer Park,2457
P2,Colonel By,557,496,Hogs Back Plaza (SW dest.),923
P7,Bronson Ave & University Dr,3408,3347,Brewer Park,3882
P5,Stadium Way,1486,1425,Brewer Park,1594
P7,Bronson Ave & University Dr,11484,11423,Brewer Park,12267
P5,Stadium Way,2132,2071,Brewer Park,2243
P7,Bronson Ave & University Dr,3648,3587,Brewer Park,5420
P5,Stadium Way,2964,2903,Brewer Park,3082
P5,Stadium Way,1273,1212,Brewer Park,1386
P7,Bronson Ave & University Dr,11017,10956,Brewer Park,11479
P7,Bronson Ave & University Dr,9946,9885,Brewer Park,10420
P2,Colonel By,543,482,Hogs Back Plaza (SW dest.),892
P5,Stadium Way,2745,2684,Brewer Park,2856
P7,Bronson Ave & University Dr,11563,11502,Brewer Park,12368
P7,Bronson Ave & University Dr,9965,9904,Brewer Park,10438
P7,Bronson Ave & University Dr,10200,10139,Brewer Park,10990
P5,Stadium Way,341,280,Brewer Park,434
P7,Bronson Ave & University Dr,10033,9972,Brewer Park,10519
P7,Bronson Ave & University Dr,5120,5059,Brewer Park,5583
P7,Bronson Ave & University Dr,282,221,Brewer Park,3407
P7,Bronson Ave & University Dr,5090,5029,Brewer Park,5546
P7,Bronson Ave & University Dr,10155,10094,Brewer Park,10938
P7,Bronson Ave & University Dr,10953,10892,Brewer Park,11425
P5,Stadium Way,2152,2091,Brewer Park,2261
P5,Stadium Way,1029,968,Brewer Park,1137
P5,Stadium Way,1487,1426,Brewer Park,1598
P5,Stadium Way,2647,2586,Brewer Park,2763
P5,Stadium Way,2958,2897,Brewer Park,3073
P7,Bronson Ave & University Dr,10898,10837,Brewer Park,11373
P5,Stadium Way,2100,2039,Brewer Park,2213
P7,Bronson Ave & University Dr,10656,10595,Brewer Park,11125
P7,Bronson Ave & University Dr,5560,5499,Brewer Park,6025
P5,Stadium Way,1506,1445,Brewer Park,1618
P5,Stadium Way,2527,2466,Brewer Park,2641
P7,Bronson Ave & University Dr,3467,3406,Brewer Park,3937
P5,Stadium Way,2402,2341,Brewer Park,2508
P5,Stadium Way,319,258,Brewer Park,408
P7,Bronson Ave & University Dr,12341,12280,Brewer Park,12812
P7,Bronson Ave & University Dr,9895,9834,Brewer Park,10371
P2,Colonel By,210,149,Hogs Back Plaza (SW dest.),787
P5,Stadium Way,2278,2217,Brewer Park,2388
P7,Bronson Ave & University Dr,5422,5361,Brewer Park,5900
P5,Stadium Way,2680,2619,Brewer Park,2789
P5,Stadium Way,1698,1637,Brewer Park,1805
P5,Stadium Way,689,628,Brewer Park,806
P1,Colonel By,175,114,Hogs Back Plaza (SW dest.),366
P7,Bronson Ave & University Dr,249,188,Brewer Park,3359
P7,Bronson Ave & University Dr,12451,12390,Brewer Park,12921
P7,Bronson Ave & University Dr,10024,9963,Brewer Park,10510
P2,Colonel By,207,146,Hogs Back Plaza (SW dest.),783
P7,Bronson Ave & University Dr,3596,3535,Brewer Park,5352
P7,Bronson Ave & University Dr,3619,3558,Brewer Park,5386
P7,Bronson Ave & University Dr,3036,2975,Brewer Park,3515
P7,Bronson Ave & University Dr,11419,11358,Brewer Park,11894
P7,Bronson Ave & University Dr,11004,10943,Brewer Park,11472
P7,Bronson Ave & University Dr,3612,3551,Brewer Park,5373
P5,Stadium Way,583,522,Brewer Park,689
P5,Stadium Way,1473,1412,Brewer Park,1571
P5,Stadium Way,926,865,Brewer Park,1029
P7,Bronson Ave & University Dr,140,79,Brewer Park,3205
P7,Bronson Ave & University Dr,197,136,Brewer Park,3284
P5,Stadium Way,941,880,Brewer Park,1054
P5,Stadium Way,1005,944,Brewer Park,1119
P7,Bronson Ave & University Dr,3692,3631,Brewer Park,5458
P7,Bronson Ave & University Dr,10259,10198,Brewer Park,11038
P7,Bronson Ave & University Dr,10938,10877,Brewer Park,11404
P7,Bronson Ave & University Dr,11093,11032,Brewer Park,11575
P7,Bronson Ave & University Dr,12264,12203,Brewer Park,12734
P7,Bronson Ave & University Dr,3441,3380,Brewer Park,3911
P7,Bronson Ave & University Dr,9718,9657,Brewer Park,10189
P7,Bronson Ave & University Dr,11242,11181,Brewer Park,11708
P7,Bronson Ave & University Dr,12457,12396,Brewer Park,12925
P5,Stadium Way,586,525,Brewer Park,694
P7,Bronson Ave & University Dr,5209,5148,Brewer Park,5681
P1,Colonel By,200,139,Hogs Back Plaza (SW dest.),409
P5,Stadium Way,231,170,Brewer Park,281
P7,Bronson Ave & University Dr,9474,9413,Brewer Park,9941
P7,Bronson Ave & University Dr,3294,3233,Brewer Park,3765
P2,Colonel By,667,606,Hogs Back Plaza (SW dest.),1113
P7,Bronson Ave & University Dr,12587,12526,Brewer Park,13036
P5,Stadium Way,446,385,Brewer Park,555
P7,Bronson Ave & University Dr,10172,10111,Brewer Park,10645
P5,Stadium Way,853,792,Brewer Park,954
P7,Bronson Ave & University Dr,11028,10967,Brewer Park,11495
P7,Bronson Ave & University Dr,3737,3676,Brewer Park,5513
P5,Stadium Way,3000,2939,Brewer Park,3110
P7,Bronson Ave & University Dr,10748,10687,Brewer Park,11209
P7,Bronson Ave & University Dr,9757,9696,Brewer Park,10236
P7,Bronson Ave & University Dr,9999,9938,Brewer Park,10775
P7,Bronson Ave & University Dr,3297,3236,Brewer Park,3769
P5,Stadium Way,1100,1039,Brewer Park,1207
P5,Stadium Way,672,611,Brewer Park,793
P7,Bronson Ave & University Dr,10048,9987,Brewer Park,10836
P7,Bronson Ave & University Dr,10045,9984,Brewer Park,10536
P7,Bronson Ave & University Dr,5144,5083,Brewer Park,5599
P5,Stadium Way,1316,1255,Brewer Park,1425
P2,Colonel By,625,564,Hogs Back Plaza (SW dest.),1046
P5,Stadium Way,1421,1360,Brewer Park,1515
P2,Colonel By,546,485,Hogs Back Plaza (SW dest.),900
P7,Bronson Ave & University Dr,5568,5507,Brewer Park,6038
P7,Bronson Ave & University Dr,10649,10588,Brewer Park,11117
P7,Bronson Ave & University Dr,9981,9920,Brewer Park,10460
P7,Bronson Ave & University Dr,3274,3213,Brewer Park,3752
P1,Colonel By,243,182,Hogs Back Plaza (SW dest.),473
P7,Bronson Ave & University Dr,3678,3617,Brewer Park,5446
P5,Stadium Way,2308,2247,Brewer Park,2415
P7,Bronson Ave & University Dr,3645,3584,Brewer Park,5415
P7,Bronson Ave & University Dr,255,194,Brewer Park,3368
P7,Bronson Ave & University Dr,11568,11507,Brewer Park,12376
P7,Bronson Ave & University Dr,9994,9933,Brewer Park,10472
P7,Bronson Ave & University Dr,11441,11380,Brewer Park,11907
P7,Bronson Ave & University Dr,275,214,Brewer Park,3398
P7,Bronson Ave & University Dr,10094,10033,Brewer Park,10589
P2,Colonel By,617,556,Hogs Back Plaza (SW dest.),1024
P5,Stadium Way,1045,984,Brewer Park,1158
P7,Bronson Ave & University Dr,9521,9460,Brewer Park,9986
P5,Stadium Way,238,177,Brewer Park,291
P7,Bronson Ave & University Dr,11536,11475,Brewer Park,12008
P5,Stadium Way,2842,2781,Brewer Park,2950
P7,Bronson Ave & University Dr,3573,3512,Brewer Park,5329
P7,Bronson Ave & University Dr,10074,10013,Brewer Park,10852
P7,Bronson Ave & University Dr,9879,9818,Brewer Park,10352
P7,Bronson Ave & University Dr,9567,9506,Brewer Park,10043
P5,Stadium Way,2122,2061,Brewer Park,2230
P7,Bronson Ave & University Dr,5497,5436,Brewer Park,5974
P5,Stadium Way,305,244,Brewer Park,391
P5,Stadium Way,1887,1826,Brewer Park,1994
P7,Bronson Ave & University Dr,10294,10233,Brewer Park,11082
P7,Bronson Ave & University Dr,10751,10690,Brewer Park,11214
P5,Stadium Way,493,432,Brewer Park,603
P7,Bronson Ave & University Dr,3603,3542,Brewer Park,5364
P5,Stadium Way,2486,2425,Brewer Park,2601
P7,Bronson Ave & University Dr,11401,11340,Brewer Park,12177
P1,Colonel By,118,57,Hogs Back Plaza (SW dest.),292
P5,Stadium Way,432,371,Brewer Park,551
P7,Bronson Ave & University Dr,5522,5461,Brewer Park,6002
P5,Stadium Way,288,227,Brewer Park,362
P5,Stadium Way,519,458,Brewer Park,629
P5,Stadium Way,2164,2103,Brewer Park,2270
P5,Stadium Way,1742,1681,Brewer Park,1850
P7,Bronson Ave & University Dr,10254,10193,Brewer Park,11034
P7,Bronson Ave & University Dr,11081,11020,Brewer Park,11562
P7,Bronson Ave & University Dr,11255,11194,Brewer Park,11731
P7,Bronson Ave & University Dr,10175,10114,Brewer Park,10964
P5,Stadium Way,2064,2003,Brewer Park,2175
P5,Stadium Way,1070,1009,Brewer Park,1180
P5,Stadium Way,532,471,Brewer Park,637
P7,Bronson Ave & University Dr,3046,2985,Brewer Park,3524
P7,Bronson Ave & University Dr,10089,10028,Brewer Park,10580
P1,Colonel By,381,320,Hogs Back Plaza (SW dest.),622
P7,Bronson Ave & University Dr,9515,9454,Brewer Park,9982
P7,Bronson Ave & University Dr,11230,11169,Brewer Park,11690
P7,Bronson Ave & University Dr,12585,12524,Brewer Park,13050
P7,Bronson Ave & University Dr,3634,3573,Brewer Park,5402
P5,Stadium Way,737,676,Brewer Park,845
P7,Bronson Ave & University Dr,10791,10730,Brewer Park,11260
P2,Colonel By,599,538,Hogs Back Plaza (SW dest.),988
P7,Bronson Ave & University Dr,10198,10137,Brewer Park,10686
P7,Bronson Ave & University Dr,11822,11761,Brewer Park,12620
P5,Stadium Way,227,166,Brewer Park,273
P5,Stadium Way,1082,1021,Brewer Park,1194
P7,Bronson Ave & University Dr,10180,10119,Brewer Park,10658
P5,Stadium Way,771,710,Brewer Park,881
P2,Colonel By,655,594,Hogs Back Plaza (SW dest.),1087
P7,Bronson Ave & University Dr,10881,10820,Brewer Park,11344
P2,Colonel By,181,120,Hogs Back Plaza (SW dest.),750
P7,Bronson Ave & University Dr,230,169,Brewer Park,3333
P7,Bronson Ave & University Dr,11664,11603,Brewer Park,12134
P2,Colonel By,651,590,Hogs Back Plaza (SW dest.),1079
P5,Stadium Way,2631,2570,Brewer Park,2741
P5,Stadium Way,426,365,Brewer Park,542
P7,Bronson Ave & University Dr,10239,10178,Brewer Park,11018
P7,Bronson Ave & University Dr,5224,5163,Brewer Park,5701
P5,Stadium Way,310,249,Brewer Park,399
P5,Stadium Way,3043,2982,Brewer Park,3156
P7,Bronson Ave & University Dr,3685,3624,Brewer Park,5454
P7,Bronson Ave & University Dr,9450,9389,Brewer Park,9918
P7,Bronson Ave & University Dr,11669,11608,Brewer Park,12138
P7,Bronson Ave & University Dr,3607,3546,Brewer Park,5368
P5,Stadium Way,1700,1639,Brewer Park,1809
P7,Bronson Ave & University Dr,3211,3150,Brewer Park,3694
P7,Bronson Ave & University Dr,9641,9580,Brewer Park,10103
P5,Stadium Way,970,909,Brewer Park,1079
P7,Bronson Ave & University Dr,3070,3009,Brewer Park,3536
P5,Stadium Way,787,726,Brewer Park,907
P5,Stadium Way,2896,2835,Brewer Park,3004
P5,Stadium Way,2001,1940,Brewer Park,2108
P7,Bronson Ave & University Dr,3260,3199,Brewer Park,3744
P5,Stadium Way,1878,1817,Brewer Park,1985
P5,Stadium Way,912,851,Brewer Park,1020
P5,Stadium Way,1458,1397,Brewer Park,1555
P7,Bronson Ave & University Dr,3091,3030,Brewer Park,3574
P5,Stadium Way,2178,2117,Brewer Park,2291
P5,Stadium Way,933,872,Brewer Park,1045
P7,Bronson Ave & University Dr,10029,9968,Brewer Park,10813
P5,Stadium Way,479,418,Brewer Park,590
P7,Bronson Ave & University Dr,9937,9876,Brewer Park,10410
P5,Stadium Way,790,729,Brewer Park,911
P1,Colonel By,193,132,Hogs Back Plaza (SW dest.),400
P7,Bronson Ave & University Dr,179,118,Brewer Park,3259
P5,Stadium Way,405,344,Brewer Park,517
P5,Stadium Way,1403,1342,Brewer Park,1503
P5,Stadium Way,349,288,Brewer Park,446
P2,Colonel By,573,512,Hogs Back Plaza (SW dest.),945
P7,Bronson Ave & University Dr,3391,3330,Brewer Park,3862
P7,Bronson Ave & University Dr,10281,10220,Brewer Park,11063
P7,Bronson Ave & University Dr,12540,12479,Brewer Park,12989
P7,Bronson Ave & University Dr,11467,11406,Brewer Park,11947
P7,Bronson Ave & University Dr,11861,11800,Brewer Park,12663
P7,Bronson Ave & University Dr,12296,12235,Brewer Park,12772
P5,Stadium Way,2836,2775,Brewer Park,2946
P5,Stadium Way,1222,1161,Brewer Park,1326
P7,Bronson Ave & University Dr,9705,9644,Brewer Park,10170
P5,Stadium Way,2088,2027,Brewer Park,2200
P7,Bronson Ave & University Dr,10018,9957,Brewer Park,10502
P7,Bronson Ave & University Dr,11576,11515,Brewer Park,12040
P7,Bronson Ave & University Dr,11253,11192,Brewer Park,11726
P7,Bronson Ave & University Dr,11419,11358,Brewer Park,12205
P7,Bronson Ave & University Dr,10234,10173,Brewer Park,10715
P7,Bronson Ave & University Dr,9746,9685,Brewer Park,10219
P7,Bronson Ave & University Dr,12304,12243,Brewer Park,12786
P7,Bronson Ave & University Dr,10054,9993,Brewer Park,10540
P7,Bronson Ave & University Dr,9501,9440,Brewer Park,9970
P5,Stadium Way,2042,1981,Brewer Park,2148
P7,Bronson Ave & University Dr,10037,9976,Brewer Park,10523
P5,Stadium Way,2396,2335,Brewer Park,2504
P5,Stadium Way,1176,1115,Brewer Park,1294
P5,Stadium Way,1110,1049,Brewer Park,1219
P5,Stadium Way,1607,1546,Brewer Park,1711
P5,Stadium Way,2770,2709,Brewer Park,2883
P7,Bronson Ave & University Dr,3707,3646,Brewer Park,5484
P5,Stadium Way,2698,2637,Brewer Park,2802
P5,Stadium Way,741,680,Brewer Park,849
P7,Bronson Ave & University Dr,10866,10805,Brewer Park,11331
P1,Colonel By,328,267,Hogs Back Plaza (SW dest.),562
P5,Stadium Way,2268,2207,Brewer Park,2375
P2,Colonel By,636,575,Hogs Back Plaza (SW dest.),1058
P5,Stadium Way,2586,2525,Brewer Park,2698
P7,Bronson Ave & University Dr,10658,10597,Brewer Park,11129
P7,Bronson Ave & University Dr,10141,10080,Brewer Park,10615
P7,Bronson Ave & University Dr,11536,11475,Brewer Park,12326
P5,Stadium Way,1033,972,Brewer Park,1145
P7,Bronson Ave & University Dr,5366,5305,Brewer Park,5844
P7,Bronson Ave & University Dr,10010,9949,Brewer Park,10788
P1,Colonel By,153,92,Hogs Back Plaza (SW dest.),338
P7,Bronson Ave & University Dr,10005,9944,Brewer Park,10485
P1,Colonel By,396,335,Hogs Back Plaza (SW dest.),639
P7,Bronson Ave & University Dr,12532,12471,Brewer Park,13002
P7,Bronson Ave & University Dr,10777,10716,Brewer Park,11247
P1,Colonel By,164,103,Hogs Back Plaza (SW dest.),353
P7,Bronson Ave & University Dr,11173,11112,Brewer Park,11650
P7,Bronson Ave & University Dr,3352,3291,Brewer Park,3832
P2,Colonel By,544,483,Hogs Back Plaza (SW dest.),896
P5,Stadium Way,153,92,Brewer Park,181
P7,Bronson Ave & University Dr,12462,12401,Brewer Park,12952
P5,Stadium Way,3062,3001,Brewer Park,3174
P5,Stadium Way,2855,2794,Brewer Park,2962
P7,Bronson Ave & University Dr,5283,5222,Brewer Park,5748
P5,Stadium Way,200,139,Brewer Park,235
P7,Bronson Ave & University Dr,215,154,Brewer Park,3309
P2,Colonel By,536,475,Hogs Back Plaza (SW dest.),879
P5,Stadium Way,587,526,Brewer Park,698
P1,Colonel By,394,333,Hogs Back Plaza (SW dest.),635
P1,Colonel By,129,68,Hogs Back Plaza (SW dest.),307
P5,Stadium Way,2775,2714,Brewer Park,2895
P1,Colonel By,268,207,Hogs Back Plaza (SW dest.),503
P5,Stadium Way,987,926,Brewer Park,1097
P7,Bronson Ave & University Dr,10891,10830,Brewer Park,11361
P7,Bronson Ave & University Dr,9591,9530,Brewer Park,10064
P5,Stadium Way,1946,1885,Brewer Park,2045
P5,Stadium Way,563,502,Brewer Park,666
P7,Bronson Ave & University Dr,11450,11389,Brewer Park,11924
P7,Bronson Ave & University Dr,5243,5182,Brewer Park,5723
P5,Stadium Way,2946,2885,Brewer Park,3061
P7,Bronson Ave & University Dr,9891,9830,Brewer Park,10361
P5,Stadium Way,2844,2783,Brewer Park,2954
P7,Bronson Ave & University Dr,11535,11474,Brewer Park,12004
P1,Colonel By,361,300,Hogs Back Plaza (SW dest.),600
P7,Bronson Ave & University Dr,11326,11265,Brewer Park,11794
P5,Stadium Way,1394,1333,Brewer Park,1495
P5,Stadium Way,1475,1414,Brewer Park,1576
P7,Bronson Ave & University Dr,9479,9418,Brewer Park,9949
P7,Bronson Ave & University Dr,9715,9654,Brewer Park,10184
P5,Stadium Way,2234,2173,Brewer Park,2344
P7,Bronson Ave & University Dr,9791,9730,Brewer Park,10261
P5,Stadium Way,1353,1292,Brewer Park,1466
P5,Stadium Way,855,794,Brewer Park,958
P5,Stadium Way,404,343,Brewer Park,513
P7,Bronson Ave & University Dr,3174,3113,Brewer Park,3634
P7,Bronson Ave & University Dr,11063,11002,Brewer Park,11537
P5,Stadium Way,3037,2976,Brewer Park,3147
P7,Bronson Ave & University Dr,10761,10700,Brewer Park,11226
P7,Bronson Ave & University Dr,9999,9938,Brewer Park,10476
P7,Bronson Ave & University Dr,12549,12488,Brewer Park,12997
P5,Stadium Way,260,199,Brewer Park,317
P5,Stadium Way,1788,1727,Brewer Park,1898
P7,Bronson Ave & University Dr,3447,3386,Brewer Park,3915
P7,Bronson Ave & University Dr,3089,3028,Brewer Park,3570
P7,Bronson Ave & University Dr,12396,12335,Brewer Park,12877
P5,Stadium Way,2636,2575,Brewer Park,2746
P7,Bronson Ave & University Dr,5516,5455,Brewer Park,5997
P5,Stadium Way,2127,2066,Brewer Park,2238
P5,Stadium Way,1444,1383,Brewer Park,1534
P7,Bronson Ave & University Dr,11652,11591,Brewer Park,12440
P7,Bronson Ave & University Dr,3555,3494,Brewer Park,5313
P7,Bronson Ave & University Dr,11907,11846,Brewer Park,12707
P7,Bronson Ave & University Dr,3507,3446,Brewer Park,4010
P5,Stadium Way,1310,1249,Brewer Park,1420
P1,Colonel By,308,247,Hogs Back Plaza (SW dest.),545
P7,Bronson Ave & University Dr,9809,9748,Brewer Park,10287
P7,Bronson Ave & University Dr,11862,11801,Brewer Park,12668
P5,Stadium Way,1970,1909,Brewer Park,2077
P7,Bronson Ave & University Dr,9748,9687,Brewer Park,10223
P7,Bronson Ave & University Dr,9934,9873,Brewer Park,10406
P5,Stadium Way,765,704,Brewer Park,873
P7,Bronson Ave & University Dr,3746,3685,Brewer Park,5516
P7,Bronson Ave & University Dr,5508,5447,Brewer Park,5988
P5,Stadium Way,1672,1611,Brewer Park,1775
P5,Stadium Way,665,604,Brewer Park,784
P7,Bronson Ave & University Dr,252,191,Brewer Park,3364
P7,Bronson Ave & University Dr,11875,11814,Brewer Park,12676
P7,Bronson Ave & University Dr,11382,11321,Brewer Park,11846
P5,Stadium Way,1250,1189,Brewer Park,1364
P7,Bronson Ave & University Dr,11568,11507,Brewer Park,12026
P2,Colonel By,519,458,Hogs Back Plaza (SW dest.),846
P7,Bronson Ave & University Dr,2992,2931,Brewer Park,3472
P2,Colonel By,197,136,Hogs Back Plaza (SW dest.),770
P5,Stadium Way,2016,1955,Brewer Park,2128
P7,Bronson Ave & University Dr,5153,5092,Brewer Park,5612
P7,Bronson Ave & University Dr,107,46,Brewer Park,644
P2,Colonel By,648,587,Hogs Back Plaza (SW dest.),1074
P7,Bronson Ave & University Dr,11070,11009,Brewer Park,11546
P1,Colonel By,229,168,Hogs Back Plaza (SW dest.),447
P7,Bronson Ave & University Dr,11475,11414,Brewer Park,11956
P5,Stadium Way,2442,2381,Brewer Park,2548
P5,Stadium Way,1715,1654,Brewer Park,1825
P5,Stadium Way,2033,1972,Brewer Park,2140
P5,Stadium Way,2629,2568,Brewer Park,2737
P5,Stadium Way,2589,2528,Brewer Park,2702
P2,Colonel By,692,631,Hogs Back Plaza (SW dest.),1138
P5,Stadium Way,182,121,Brewer Park,218
P2,Colonel By,687,626,Hogs Back Plaza (SW dest.),1129
P5,Stadium Way,1167,1106,Brewer Park,1281
P7,Bronson Ave & University Dr,3082,3021,Brewer Park,3558
P7,Bronson Ave & University Dr,11501,11440,Brewer Park,12296
P5,Stadium Way,1299,1238,Brewer Park,1407
P7,Bronson Ave & University Dr,10239,10178,Brewer Park,10720
P5,Stadium Way,500,439,Brewer Park,607
P7,Bronson Ave & University Dr,11117,11056,Brewer Park,11591
P7,Bronson Ave & University Dr,5393,5332,Brewer Park,5869
P5,Stadium Way,817,756,Brewer Park,928
P1,Colonel By,317,256,Hogs Back Plaza (SW dest.),553
P7,Bronson Ave & University Dr,11377,11316,Brewer Park,12147
P5,Stadium Way,1335,1274,Brewer Park,1449
P7,Bronson Ave & University Dr,3215,3154,Brewer Park,3702
P5,Stadium Way,208,147,Brewer Park,247
P7,Bronson Ave & University Dr,5395,5334,Brewer Park,5874
P7,Bronson Ave & University Dr,11661,11600,Brewer Park,12130
P7,Bronson Ave & University Dr,3356,3295,Brewer Park,3836
P2,Colonel By,163,102,Hogs Back Plaza (SW dest.),584
P5,Stadium Way,362,301,Brewer Park,468
P5,Stadium Way,2520,2459,Brewer Park,2631
P7,Bronson Ave & University Dr,5306,5245,Brewer Park,5779
P2,Colonel By,603,542,Hogs Back Plaza (SW dest.),997
P7,Bronson Ave & University Dr,11034,10973,Brewer Park,11504
P7,Bronson Ave & University Dr,3193,3132,Brewer Park,3659
P5,Stadium Way,2650,2589,Brewer Park,2768
P1,Colonel By,255,194,Hogs Back Plaza (SW dest.),486
P1,Colonel By,384,323,Hogs Back Plaza (SW dest.),626
P7,Bronson Ave & University Dr,10702,10641,Brewer Park,11170
P7,Bronson Ave & University Dr,5285,5224,Brewer Park,5752
P5,Stadium Way,1203,1142,Brewer Park,1311
P7,Bronson Ave & University Dr,10252,10191,Brewer Park,11029
P5,Stadium Way,1745,1684,Brewer Park,1853
P5,Stadium Way,2248,2187,Brewer Park,2355
P7,Bronson Ave & University Dr,10771,10710,Brewer Park,11239
P7,Bronson Ave & University Dr,10155,10094,Brewer Park,10628
P7,Bronson Ave & University Dr,11134,11073,Brewer Park,11604
P7,Bronson Ave & University Dr,5098,5037,Brewer Park,5556
P7,Bronson Ave & University Dr,3034,2973,Brewer Park,3510
P5,Stadium Way,1981,1920,Brewer Park,2090
P5,Stadium Way,2482,2421,Brewer Park,2593
P7,Bronson Ave & University Dr,5361,5300,Brewer Park,5835
P5,Stadium Way,388,327,Brewer Park,492
P7,Bronson Ave & University Dr,12459,12398,Brewer Park,12931
P5,Stadium Way,1134,1073,Brewer Park,1237
P7,Bronson Ave & University Dr,5223,5162,Brewer Park,5697
P2,Colonel By,516,455,Hogs Back Plaza (SW dest.),838
P5,Stadium Way,1113,1052,Brewer Park,1224
P5,Stadium Way,2705,2644,Brewer Park,2810
P7,Bronson Ave & University Dr,10903,10842,Brewer Park,11382
P5,Stadium Way,511,450,Brewer Park,620
P7,Bronson Ave & University Dr,9918,9857,Brewer Park,10393
P5,Stadium Way,1449,1388,Brewer Park,1542
P7,Bronson Ave & University Dr,10906,10845,Brewer Park,11387
P1,Colonel By,403,342,Hogs Back Plaza (SW dest.),644
P7,Bronson Ave & University Dr,12462,12401,Brewer Park,12935
P7,Bronson Ave & University Dr,5164,5103,Brewer Park,5625
P5,Stadium Way,606,545,Brewer Park,707
P7,Bronson Ave & University Dr,9526,9465,Brewer Park,9995
P7,Bronson Ave & University Dr,10029,9968,Brewer Park,10514
P5,Stadium Way,1630,1569,Brewer Park,1732
P5,Stadium Way,2022,1961,Brewer Park,2132
P7,Bronson Ave & University Dr,9857,9796,Brewer Park,10330
P1,Colonel By,478,417,Hogs Back Plaza (SW dest.),729
P7,Bronson Ave & University Dr,3074,3013,Brewer Park,3544
P7,Bronson Ave & University Dr,9851,9790,Brewer Park,10321
P7,Bronson Ave & University Dr,5421,5360,Brewer Park,5896
P7,Bronson Ave & University Dr,10939,10878,Brewer Park,11408
P7,Bronson Ave & University Dr,11525,11464,Brewer Park,11999
P5,Stadium Way,1091,1030,Brewer Park,1202
P2,Colonel By,552,491,Hogs Back Plaza (SW dest.),913
P2,Colonel By,621,560,Hogs Back Plaza (SW dest.),1036
P5,Stadium Way,1977,1916,Brewer Park,2086
P5,Stadium Way,2341,2280,Brewer Park,2449
P7,Bronson Ave & University Dr,3123,3062,Brewer Park,3604
P7,Bronson Ave & University Dr,11631,11570,Brewer Park,12113
P1,Colonel By,210,149,Hogs Back Plaza (SW dest.),422
P2,Colonel By,265,204,Hogs Back Plaza (SW dest.),796
P7,Bronson Ave & University Dr,5401,5340,Brewer Park,5883
P5,Stadium Way,2167,2106,Brewer Park,2274
P7,Bronson Ave & University Dr,10773,10712,Brewer Park,11243
P2,Colonel By,672,611,Hogs Back Plaza (SW dest.),1117
P7,Bronson Ave & University Dr,9656,9595,Brewer Park,10127
P7,Bronson Ave & University Dr,3006,2945,Brewer Park,3490
P1,Colonel By,467,406,Hogs Back Plaza (SW dest.),716
P7,Bronson Ave & University Dr,11588,11527,Brewer Park,12061
P2,Colonel By,541,480,Hogs Back Plaza (SW dest.),888
P1,Colonel By,172,111,Hogs Back Plaza (SW dest.),361
P5,Stadium Way,2582,2521,Brewer Park,2689
P7,Bronson Ave & University Dr,11088,11027,Brewer Park,11570
P7,Bronson Ave & University Dr,98,37,Brewer Park,335
P5,Stadium Way,1661,1600,Brewer Park,1763
P7,Bronson Ave & University Dr,12326,12265,Brewer Park,12803
P7,Bronson Ave & University Dr,3695,3634,Brewer Park,5463
P7,Bronson Ave & University Dr,10802,10741,Brewer Park,11277
P7,Bronson Ave & University Dr,5142,5081,Brewer Park,5595
P1,Colonel By,332,271,Hogs Back Plaza (SW dest.),566
P7,Bronson Ave & University Dr,9484,9423,Brewer Park,9953
P7,Bronson Ave & University Dr,3616,3555,Brewer Park,5382
P5,Stadium Way,2439,2378,Brewer Park,2543
P1,Colonel By,252,191,Hogs Back Plaza (SW dest.),482
P5,Stadium Way,1822,1761,Brewer Park,1936
P7,Bronson Ave & University Dr,3001,2940,Brewer Park,3481
P5,Stadium Way,398,337,Brewer Park,509
P7,Bronson Ave & University Dr,9758,9697,Brewer Park,10240
P7,Bronson Ave & University Dr,9854,9793,Brewer Park,10326
P7,Bronson Ave & University Dr,10742,10681,Brewer Park,11200
P2,Colonel By,613,552,Hogs Back Plaza (SW dest.),1015
P5,Stadium Way,177,116,Brewer Park,210
P7,Bronson Ave & University Dr,3195,3134,Brewer Park,3663
P7,Bronson Ave & University Dr,12401,12340,Brewer Park,12885
P7,Bronson Ave & University Dr,11456,11395,Brewer Park,12238
P7,Bronson Ave & University Dr,11296,11235,Brewer Park,11766
P7,Bronson Ave & University Dr,10932,10871,Brewer Park,11400
P7,Bronson Ave & University Dr,3190,3129,Brewer Park,3655
P5,Stadium Way,1579,1518,Brewer Park,1686
P5,Stadium Way,1813,1752,Brewer Park,1919
P7,Bronson Ave & University Dr,3544,3483,Brewer Park,5300
P5,Stadium Way,975,914,Brewer Park,1084
P5,Stadium Way,502,441,Brewer Park,611
P7,Bronson Ave & University Dr,10644,10583,Brewer Park,11113
P7,Bronson Ave & University Dr,11035,10974,Brewer Park,11508
P5,Stadium Way,2057,1996,Brewer Park,2165
P5,Stadium Way,2370,2309,Brewer Park,2479
P5,Stadium Way,2372,2311,Brewer Park,2483
P5,Stadium Way,2108,2047,Brewer Park,2222
P7,Bronson Ave & University Dr,3279,3218,Brewer Park,3761
P7,Bronson Ave & University Dr,3040,2979,Brewer Park,3520
P5,Stadium Way,2386,2325,Brewer Park,2491
P5,Stadium Way,2949,2888,Brewer Park,3069
P7,Bronson Ave & University Dr,5175,5114,Brewer Park,5641
P7,Bronson Ave & University Dr,3503,3442,Brewer Park,3988
P7,Bronson Ave & University Dr,5180,5119,Brewer Park,5650
P7,Bronson Ave & University Dr,5179,5118,Brewer Park,5646
P7,Bronson Ave & University Dr,210,149,Brewer Park,3301
P7,Bronson Ave & University Dr,9676,9615,Brewer Park,10153
P7,Bronson Ave & University Dr,11616,11555,Brewer Park,12096
P5,Stadium Way,860,799,Brewer Park,967
P7,Bronson Ave & University Dr,207,146,Brewer Park,3297
P7,Bronson Ave & University Dr,10252,10191,Brewer Park,10728
P7,Bronson Ave & University Dr,3588,3527,Brewer Park,5344
P5,Stadium Way,2939,2878,Brewer Park,3047
P7,Bronson Ave & University Dr,9664,9603,Brewer Park,10136
P7,Bronson Ave & University Dr,9642,9581,Brewer Park,10106
P7,Bronson Ave & University Dr,137,76,Brewer Park,3200
P1,Colonel By,429,368,Hogs Back Plaza (SW dest.),674
P5,Stadium Way,1896,1835,Brewer Park,2008
P5,Stadium Way,773,712,Brewer Park,886
P5,Stadium Way,906,845,Brewer Park,1011
P2,Colonel By,658,597,Hogs Back Plaza (SW dest.),1092
P5,Stadium Way,1500,1439,Brewer Park,1610
P7,Bronson Ave & University Dr,9833,9772,Brewer Park,10308
P1,Colonel By,225,164,Hogs Back Plaza (SW dest.),442
P7,Bronson Ave & University Dr,3379,3318,Brewer Park,3841
P7,Bronson Ave & University Dr,10188,10127,Brewer Park,10672
P7,Bronson Ave & University Dr,5191,5130,Brewer Park,5659
P5,Stadium Way,2477,2416,Brewer Park,2584
P7,Bronson Ave & University Dr,9900,9839,Brewer Park,10380
P5,Stadium Way,477,416,Brewer Park,585
P7,Bronson Ave & University Dr,3178,3117,Brewer Park,3638
P5,Stadium Way,2561,2500,Brewer Park,2672
P7,Bronson Ave & University Dr,3202,3141,Brewer Park,3680
P5,Stadium Way,2962,2901,Brewer Park,3077
P7,Bronson Ave & University Dr,9864,9803,Brewer Park,10343
P7,Bronson Ave & University Dr,3453,3392,Brewer Park,3927
P2,Colonel By,610,549,Hogs Back Plaza (SW dest.),1010
P5,Stadium Way,2328,2267,Brewer Park,2431
P7,Bronson Ave & University Dr,9530,9469,Brewer Park,9999
P7,Bronson Ave & University Dr,10134,10073,Brewer Park,10930
P7,Bronson Ave & University Dr,11518,11457,Brewer Park,12313
P7,Bronson Ave & University Dr,11678,11617,Brewer Park,12155
P7,Bronson Ave & University Dr,11300,11239,Brewer Park,11773
P5,Stadium Way,2612,2551,Brewer Park,2722
P7,Bronson Ave & University Dr,9471,9410,Brewer Park,9936
P7,Bronson Ave & University Dr,5265,5204,Brewer Park,5735
P7,Bronson Ave & University Dr,5289,5228,Brewer Park,5761
P7,Bronson Ave & University Dr,9561,9500,Brewer Park,10035
P5,Stadium Way,2555,2494,Brewer Park,2667
P7,Bronson Ave & University Dr,11249,11188,Brewer Park,11716
P7,Bronson Ave & University Dr,11876,11815,Brewer Park,12681
P7,Bronson Ave & University Dr,3382,3321,Brewer Park,3849
P7,Bronson Ave & University Dr,130,69,Brewer Park,3192
P7,Bronson Ave & University Dr,12284,12223,Brewer Park,12759
P7,Bronson Ave & University Dr,11167,11106,Brewer Park,11637
P7,Bronson Ave & University Dr,9498,9437,Brewer Park,9965
P7,Bronson Ave & University Dr,3024,2963,Brewer Park,3506
P7,Bronson Ave & University Dr,11439,11378,Brewer Park,12225
P7,Bronson Ave & University Dr,12303,12242,Brewer Park,12782
P7,Bronson Ave & University Dr,3198,3137,Brewer Park,3672
P7,Bronson Ave & University Dr,9635,9574,Brewer Park,10094
P1,Colonel By,203,142,Hogs Back Plaza (SW dest.),413
P7,Bronson Ave & University Dr,10126,10065,Brewer Park,10606
P2,Colonel By,644,583,Hogs Back Plaza (SW dest.),1066
P7,Bronson Ave & University Dr,11138,11077,Brewer Park,11612
P5,Stadium Way,2361,2300,Brewer Park,2466
P7,Bronson Ave & University Dr,11864,11803,Brewer Park,12672
P5,Stadium Way,189,128,Brewer Park,227
P7,Bronson Ave & University Dr,10215,10154,Brewer Park,10699
P7,Bronson Ave & University Dr,170,109,Brewer Park,3247
P5,Stadium Way,1860,1799,Brewer Park,1969
P7,Bronson Ave & University Dr,5232,5171,Brewer Park,5710
P5,Stadium Way,715,654,Brewer Park,828
P7,Bronson Ave & University Dr,241,180,Brewer Park,3342
P7,Bronson Ave & University Dr,11319,11258,Brewer Park,11781
P7,Bronson Ave & University Dr,11587,11526,Brewer Park,12381
P7,Bronson Ave & University Dr,9449,9388,Brewer Park,9914
P7,Bronson Ave & University Dr,10674,10613,Brewer Park,11143
P5,Stadium Way,2438,2377,Brewer Park,2539
P1,Colonel By,388,327,Hogs Back Plaza (SW dest.),631
P5,Stadium Way,1401,1340,Brewer Park,1499
P7,Bronson Ave & University Dr,10901,10840,Brewer Park,11377
P7,Bronson Ave & University Dr,10113,10052,Brewer Park,10597
P7,Bronson Ave & University Dr,5330,5269,Brewer Park,5810
P2,Colonel By,665,604,Hogs Back Plaza (SW dest.),1105
P5,Stadium Way,1084,1023,Brewer Park,1198
P7,Bronson Ave & University Dr,3208,3147,Brewer Park,3689
P1,Colonel By,292,231,Hogs Back Plaza (SW dest.),527
P7,Bronson Ave & University Dr,12566,12505,Brewer Park,13032
P7,Bronson Ave & University Dr,12299,12238,Brewer Park,12777
P1,Colonel By,259,198,Hogs Back Plaza (SW dest.),491
P7,Bronson Ave & University Dr,11591,11530,Brewer Park,12385
P7,Bronson Ave & University Dr,5427,5366,Brewer Park,5909
P7,Bronson Ave & University Dr,12266,12205,Brewer Park,12741
P5,Stadium Way,555,494,Brewer Park,657
P7,Bronson Ave & University Dr,12283,12222,Brewer Park,12755
P7,Bronson Ave & University Dr,9581,9520,Brewer Park,10055
P7,Bronson Ave & University Dr,11493,11432,Brewer Park,11966
P1,Colonel By,352,291,Hogs Back Plaza (SW dest.),592
P5,Stadium Way,1686,1625,Brewer Park,1792
P5,Stadium Way,1140,1079,Brewer Park,1246
P7,Bronson Ave & University Dr,5069,5008,Brewer Park,5542
P7,Bronson Ave & University Dr,12271,12210,Brewer Park,12750
P7,Bronson Ave & University Dr,10279,10218,Brewer Park,10749
P5,Stadium Way,2617,2556,Brewer Park,2727
P7,Bronson Ave & University Dr,3476,3415,Brewer Park,3950
P7,Bronson Ave & University Dr,12530,12469,Brewer Park,12976
P7,Bronson Ave & University Dr,11298,11237,Brewer Park,11769
P7,Bronson Ave & University Dr,11659,11598,Brewer Park,12448
P7,Bronson Ave & University Dr,3593,3532,Brewer Park,5348
P7,Bronson Ave & University Dr,9549,9488,Brewer Park,10021
P7,Bronson Ave & University Dr,11632,11571,Brewer Park,12415
P7,Bronson Ave & University Dr,3226,3165,Brewer Park,3706
P7,Bronson Ave & University Dr,5364,5303,Brewer Park,5840
P7,Bronson Ave & University Dr,11019,10958,Brewer Park,11482
P7,Bronson Ave & University Dr,9772,9711,Brewer Park,10249
P7,Bronson Ave & University Dr,3464,3403,Brewer Park,3932
P7,Bronson Ave & University Dr,11449,11388,Brewer Park,12234
P2,Colonel By,200,139,Hogs Back Plaza (SW dest.),774
P7,Bronson Ave & University Dr,9647,9586,Brewer Park,10115
P7,Bronson Ave & University Dr,10121,10060,Brewer Park,10914
P5,Stadium Way,1986,1925,Brewer Park,2099
P7,Bronson Ave & University Dr,11291,11230,Brewer Park,11762
P7,Bronson Ave & University Dr,9453,9392,Brewer Park,9922
P7,Bronson Ave & University Dr,11682,11621,Brewer Park,12470
P7,Bronson Ave & University Dr,12491,12430,Brewer Park,12981
P5,Stadium Way,1891,1830,Brewer Park,1998
P7,Bronson Ave & University Dr,5384,5323,Brewer Park,5861
P5,Stadium Way,2792,2731,Brewer Park,2906
P5,Stadium Way,1525,1464,Brewer Park,1634
P7,Bronson Ave & University Dr,11902,11841,Brewer Park,12698
P7,Bronson Ave & University Dr,3300,3239,Brewer Park,3773
P5,Stadium Way,3069,3008,Brewer Park,3183
P5,Stadium Way,1236,1175,Brewer Park,1343
P2,Colonel By,601,540,Hogs Back Plaza (SW dest.),993
P7,Bronson Ave & University Dr,10200,10139,Brewer Park,10690
P5,Stadium Way,2459,2398,Brewer Park,2571
P7,Bronson Ave & University Dr,3333,3272,Brewer Park,3811
P7,Bronson Ave & University Dr,3556,3495,Brewer Park,5317
P7,Bronson Ave & University Dr,188,127,Brewer Park,3272
P7,Bronson Ave & University Dr,9726,9665,Brewer Park,10203
P7,Bronson Ave & University Dr,11552,11491,Brewer Park,12357
P5,Stadium Way,2081,2020,Brewer Park,2192
P7,Bronson Ave & University Dr,5261,5200,Brewer Park,5731
P7,Bronson Ave & University Dr,11113,11052,Brewer Park,11587
P7,Bronson Ave & University Dr,227,166,Brewer Park,3329
P5,Stadium Way,2084,2023,Brewer Park,2196
P7,Bronson Ave & University Dr,5543,5482,Brewer Park,6006
P7,Bronson Ave & University Dr,11644,11583,Brewer Park,12431
P2,Colonel By,618,557,Hogs Back Plaza (SW dest.),1028
P7,Bronson Ave & University Dr,3471,3410,Brewer Park,3941
P5,Stadium Way,250,189,Brewer Park,304
P7,Bronson Ave & University Dr,10170,10109,Brewer Park,10955
P7,Bronson Ave & University Dr,9679,9618,Brewer Park,10158
P5,Stadium Way,483,422,Brewer Park,594
P5,Stadium Way,174,113,Brewer Park,206
P7,Bronson Ave & University Dr,126,65,Brewer Park,3051
P5,Stadium Way,381,320,Brewer Park,488
P7,Bronson Ave & University Dr,11460,11399,Brewer Park,11937
P7,Bronson Ave & University Dr,9655,9594,Brewer Park,10123
P7,Bronson Ave & University Dr,10343,10282,Brewer Park,10818
P5,Stadium Way,2473,2412,Brewer Park,2580
P7,Bronson Ave & University Dr,3675,3614,Brewer Park,5441
P7,Bronson Ave & University Dr,5424,5363,Brewer Park,5905
P5,Stadium Way,2434,2373,Brewer Park,2535
P5,Stadium Way,1618,1557,Brewer Park,1723
P7,Bronson Ave & University Dr,11788,11727,Brewer Park,12589
P7,Bronson Ave & University Dr,12398,12337,Brewer Park,12881
P5,Stadium Way,1848,1787,Brewer Park,1956
P7,Bronson Ave & University Dr,10088,10027,Brewer Park,10878
P7,Bronson Ave & University Dr,10834,10773,Brewer Park,11304
P7,Bronson Ave & University Dr,10129,10068,Brewer Park,10922
P7,Bronson Ave & University Dr,9963,9902,Brewer Park,10433
P7,Bronson Ave & University Dr,5355,5294,Brewer Park,5823
P7,Bronson Ave & University Dr,3598,3537,Brewer Park,5356
P7,Bronson Ave & University Dr,11600,11539,Brewer Park,12078
P7,Bronson Ave & University Dr,3452,3391,Brewer Park,3923
P5,Stadium Way,1452,1391,Brewer Park,1546
P7,Bronson Ave & University Dr,10286,10225,Brewer Park,11077
P2,Colonel By,577,516,Hogs Back Plaza (SW dest.),957
P2,Colonel By,623,562,Hogs Back Plaza (SW dest.),1041
P7,Bronson Ave & University Dr,3200,3139,Brewer Park,3676
P5,Stadium Way,3006,2945,Brewer Park,3114
P5,Stadium Way,1535,1474,Brewer Park,1643
P7,Bronson Ave & University Dr,12268,12207,Brewer Park,12745
P7,Bronson Ave & University Dr,9630,9569,Brewer Park,10089
P7,Bronson Ave & University Dr,11904,11843,Brewer Park,12702
P7,Bronson Ave & University Dr,3181,3120,Brewer Park,3642
P7,Bronson Ave & University Dr,11015,10954,Brewer Park,11475
P5,Stadium Way,2010,1949,Brewer Park,2120
P7,Bronson Ave & University Dr,5151,5090,Brewer Park,5608
P7,Bronson Ave & University Dr,10269,10208,Brewer Park,11051
P5,Stadium Way,630,569,Brewer Park,737
P7,Bronson Ave & University Dr,11486,11425,Brewer Park,12271
P5,Stadium Way,1771,1710,Brewer Park,1877
P7,Bronson Ave & University Dr,5212,5151,Brewer Park,5689
P1,Colonel By,158,97,Hogs Back Plaza (SW dest.),344
P7,Bronson Ave & University Dr,3724,3663,Brewer Park,5497
P5,Stadium Way,2272,2211,Brewer Park,2380
P7,Bronson Ave & University Dr,11634,11573,Brewer Park,12419
P5,Stadium Way,235,174,Brewer Park,286
P5,Stadium Way,990,929,Brewer Park,1101
P5,Stadium Way,2513,2452,Brewer Park,2623
P7,Bronson Ave & University Dr,9973,9912,Brewer Park,10446
P1,Colonel By,123,62,Hogs Back Plaza (SW dest.),298
P5,Stadium Way,620,559,Brewer Park,729
P7,Bronson Ave & University Dr,9476,9415,Brewer Park,9945
P7,Bronson Ave & University Dr,11692,11631,Brewer Park,12168
P7,Bronson Ave & University Dr,10799,10738,Brewer Park,11272
P7,Bronson Ave & University Dr,11136,11075,Brewer Park,11608
P7,Bronson Ave & University Dr,11679,11618,Brewer Park,12159
P7,Bronson Ave & University Dr,10071,10010,Brewer Park,10554
P7,Bronson Ave & University Dr,11494,11433,Brewer Park,12283
P2,Colonel By,555,494,Hogs Back Plaza (SW dest.),918
P5,Stadium Way,1055,994,Brewer Park,1163
P7,Bronson Ave & University Dr,11755,11694,Brewer Park,12550
P7,Bronson Ave & University Dr,10312,10251,Brewer Park,10784
P7,Bronson Ave & University Dr,9619,9558,Brewer Park,10081
P5,Stadium Way,2447,2386,Brewer Park,2557
P5,Stadium Way,281,220,Brewer Park,348
P5,Stadium Way,2719,2658,Brewer Park,2825
P2,Colonel By,147,86,Hogs Back Plaza (SW dest.),380
P5,Stadium Way,2219,2158,Brewer Park,2331
P2,Colonel By,627,566,Hogs Back Plaza (SW dest.),1050
P7,Bronson Ave & University Dr,9445,9384,Brewer Park,9909
P5,Stadium Way,336,275,Brewer Park,430
P7,Bronson Ave & University Dr,10257,10196,Brewer Park,10736
P5,Stadium Way,1198,1137,Brewer Park,1306
P5,Stadium Way,2640,2579,Brewer Park,2750
P7,Bronson Ave & University Dr,11245,11184,Brewer Park,11712
P1,Colonel By,114,53,Hogs Back Plaza (SW dest.),286
P5,Stadium Way,930,869,Brewer Park,1041
P5,Stadium Way,663,602,Brewer Park,780
P7,Bronson Ave & University Dr,10015,9954,Brewer Park,10494
P5,Stadium Way,1838,1777,Brewer Park,1948
P5,Stadium Way,2066,2005,Brewer Park,2179
P7,Bronson Ave & University Dr,5327,5266,Brewer Park,5806
P7,Bronson Ave & University Dr,224,163,Brewer Park,3325
P5,Stadium Way,1559,1498,Brewer Park,1660
P7,Bronson Ave & University Dr,244,183,Brewer Park,3350
P7,Bronson Ave & University Dr,10139,10078,Brewer Park,10611
P5,Stadium Way,155,94,Brewer Park,185
P5,Stadium Way,2990,2929,Brewer Park,3102
P5,Stadium Way,1304,1243,Brewer Park,1411
P7,Bronson Ave & University Dr,11235,11174,Brewer Park,11695
P7,Bronson Ave & University Dr,3413,3352,Brewer Park,3886
P7,Bronson Ave & University Dr,260,199,Brewer Park,3377
P7,Bronson Ave & University Dr,10153,10092,Brewer Park,10624
P7,Bronson Ave & University Dr,10990,10929,Brewer Park,11455
P5,Stadium Way,344,283,Brewer Park,438
P5,Stadium Way,2416,2355,Brewer Park,2517
P5,Stadium Way,2213,2152,Brewer Park,2323
P5,Stadium Way,826,765,Brewer Park,936
P7,Bronson Ave & University Dr,122,61,Brewer Park,3030
P7,Bronson Ave & University Dr,11662,11601,Brewer Park,12452
P7,Bronson Ave & University Dr,11849,11788,Brewer Park,12655
P7,Bronson Ave & University Dr,9673,9612,Brewer Park,10145
P2,Colonel By,184,123,Hogs Back Plaza (SW dest.),754
P7,Bronson Ave & University Dr,110,49,Brewer Park,675
P7,Bronson Ave & University Dr,11756,11695,Brewer Park,12555
P1,Colonel By,372,311,Hogs Back Plaza (SW dest.),613
P2,Colonel By,525,464,Hogs Back Plaza (SW dest.),859
P5,Stadium Way,745,684,Brewer Park,858
P5,Stadium Way,216,155,Brewer Park,260
P5,Stadium Way,2501,2440,Brewer Park,2610
P7,Bronson Ave & University Dr,10016,9955,Brewer Park,10498
P5,Stadium Way,2516,2455,Brewer Park,2627
P7,Bronson Ave & University Dr,3622,3561,Brewer Park,5390
P7,Bronson Ave & University Dr,517,456,Brewer Park,3446
P5,Stadium Way,298,237,Brewer Park,379
P7,Bronson Ave & University Dr,182,121,Brewer Park,3263
P7,Bronson Ave & University Dr,9700,9639,Brewer Park,10166
P7,Bronson Ave & University Dr,10765,10704,Brewer Park,11235
P1,Colonel By,434,373,Hogs Back Plaza (SW dest.),682
P5,Stadium Way,869,808,Brewer Park,976
P7,Bronson Ave & University Dr,158,97,Brewer Park,3230
P7,Bronson Ave & University Dr,3321,3260,Brewer Park,3790
P7,Bronson Ave & University Dr,11581,11520,Brewer Park,12052
P7,Bronson Ave & University Dr,10806,10745,Brewer Park,11286
P5,Stadium Way,325,264,Brewer Park,417
P5,Stadium Way,1906,1845,Brewer Park,2020
P7,Bronson Ave & University Dr,11513,11452,Brewer Park,12304
P5,Stadium Way,1367,1306,Brewer Park,1482
P5,Stadium Way,2886,2825,Brewer Park,2996
P5,Stadium Way,2367,2306,Brewer Park,2474
P7,Bronson Ave & University Dr,3142,3081,Brewer Park,3613
P7,Bronson Ave & University Dr,12349,12288,Brewer Park,12827
P7,Bronson Ave & University Dr,11566,11505,Brewer Park,12021
P5,Stadium Way,980,919,Brewer Park,1088
P7,Bronson Ave & University Dr,237,176,Brewer Park,3337
P7,Bronson Ave & University Dr,9798,9737,Brewer Park,10269
P5,Stadium Way,526,465,Brewer Park,633
P7,Bronson Ave & University Dr,10192,10131,Brewer Park,10981
P5,Stadium Way,2581,2520,Brewer Park,2685
P7,Bronson Ave & University Dr,10672,10611,Brewer Park,11139
P7,Bronson Ave & University Dr,11236,11175,Brewer Park,11699
P1,Colonel By,222,161,Hogs Back Plaza (SW dest.),438
P7,Bronson Ave & University Dr,5308,5247,Brewer Park,5783
P5,Stadium Way,2796,2735,Brewer Park,2910
P7,Bronson Ave & University Dr,12563,12502,Brewer Park,13027
P5,Stadium Way,2597,2536,Brewer Park,2707
P5,Stadium Way,1920,1859,Brewer Park,2032
P7,Bronson Ave & University Dr,10104,10043,Brewer Park,10898
P1,Colonel By,248,187,Hogs Back Plaza (SW dest.),478
P7,Bronson Ave & University Dr,5237,5176,Brewer Park,5718
P7,Bronson Ave & University Dr,194,133,Brewer Park,3280
P5,Stadium Way,776,715,Brewer Park,890
P7,Bronson Ave & University Dr,5331,5270,Brewer Park,5814
P5,Stadium Way,1958,1897,Brewer Park,2064
P7,Bronson Ave & University Dr,10174,10113,Brewer Park,10959
P7,Bronson Ave & University Dr,9888,9827,Brewer Park,10356
P5,Stadium Way,252,191,Brewer Park,308
P7,Bronson Ave & University Dr,3700,3639,Brewer Park,5471
P5,Stadium Way,834,773,Brewer Park,946
P7,Bronson Ave & University Dr,11689,11628,Brewer Park,12483
P7,Bronson Ave & University Dr,11323,11262,Brewer Park,11790
P7,Bronson Ave & University Dr,3426,3365,Brewer Park,3899
P7,Bronson Ave & University Dr,11830,11769,Brewer Park,12632
P2,Colonel By,684,623,Hogs Back Plaza (SW dest.),1124
P2,Colonel By,153,92,Hogs Back Plaza (SW dest.),456
P1,Colonel By,219,158,Hogs Back Plaza (SW dest.),434
P5,Stadium Way,1115,1054,Brewer Park,1228
P5,Stadium Way,2366,2305,Brewer Park,2470
P2,Colonel By,662,601,Hogs Back Plaza (SW dest.),1100
P5,Stadium Way,283,222,Brewer Park,353
P5,Stadium Way,3031,2970,Brewer Park,3144
P7,Bronson Ave & University Dr,11774,11713,Brewer Park,12567
P5,Stadium Way,2903,2842,Brewer Park,3008
P7,Bronson Ave & University Dr,10183,10122,Brewer Park,10664
P7,Bronson Ave & University Dr,5353,5292,Brewer Park,5819
P7,Bronson Ave & University Dr,10817,10756,Brewer Park,11291
P7,Bronson Ave & University Dr,5234,5173,Brewer Park,5714
P7,Bronson Ave & University Dr,9724,9663,Brewer Park,10198
P7,Bronson Ave & University Dr,5460,5399,Brewer Park,5935
P7,Bronson Ave & University Dr,9644,9583,Brewer Park,10110
P7,Bronson Ave & University Dr,3416,3355,Brewer Park,3890
P7,Bronson Ave & University Dr,11618,11557,Brewer Park,12100
P7,Bronson Ave & University Dr,11616,11555,Brewer Park,12398
P7,Bronson Ave & University Dr,9860,9799,Brewer Park,10335
P7,Bronson Ave & University Dr,10307,10246,Brewer Park,11099
P7,Bronson Ave & University Dr,12567,12506,Brewer Park,13015
P7,Bronson Ave & University Dr,10284,10223,Brewer Park,11072
P1,Colonel By,303,242,Hogs Back Plaza (SW dest.),536
P5,Stadium Way,452,391,Brewer Park,564
P5,Stadium Way,2862,2801,Brewer Park,2970
P7,Bronson Ave & University Dr,173,112,Brewer Park,3251
P5,Stadium Way,1688,1627,Brewer Park,1797
P7,Bronson Ave & University Dr,11060,10999,Brewer Park,11534
P5,Stadium Way,861,800,Brewer Park,971
P5,Stadium Way,1307,1246,Brewer Park,1416
P7,Bronson Ave & University Dr,10679,10618,Brewer Park,11152
P5,Stadium Way,994,933,Brewer Park,1106
P1,Colonel By,150,89,Hogs Back Plaza (SW dest.),333
P5,Stadium Way,1242,1181,Brewer Park,1351
P7,Bronson Ave & University Dr,11679,11618,Brewer Park,12466
P7,Bronson Ave & University Dr,10254,10193,Brewer Park,10732
P5,Stadium Way,1331,1270,Brewer Park,1445
P7,Bronson Ave & University Dr,11543,11482,Brewer Park,12013
P7,Bronson Ave & University Dr,5301,5240,Brewer Park,5769
P5,Stadium Way,633,572,Brewer Park,742
P5,Stadium Way,891,830,Brewer Park,998
P5,Stadium Way,778,717,Brewer Park,894
P1,Colonel By,463,402,Hogs Back Plaza (SW dest.),712
P1,Colonel By,305,244,Hogs Back Plaza (SW dest.),540
P5,Stadium Way,1057,996,Brewer Park,1167
P5,Stadium Way,782,721,Brewer Park,899
P7,Bronson Ave & University Dr,5379,5318,Brewer Park,5852
P1,Colonel By,232,171,Hogs Back Plaza (SW dest.),451
P5,Stadium Way,2319,2258,Brewer Park,2420
P5,Stadium Way,1783,1722,Brewer Park,1890
P5,Stadium Way,1730,1669,Brewer Park,1842
P5,Stadium Way,1351,1290,Brewer Park,1462
P5,Stadium Way,1850,1789,Brewer Park,1961
P5,Stadium Way,409,348,Brewer Park,521
P7,Bronson Ave & University Dr,9459,9398,Brewer Park,9927
P2,Colonel By,690,629,Hogs Back Plaza (SW dest.),1133
P7,Bronson Ave & University Dr,11707,11646,Brewer Park,12504
P7,Bronson Ave & University Dr,11925,11864,Brewer Park,12729
P5,Stadium Way,1162,1101,Brewer Park,1272
P5,Stadium Way,351,290,Brewer Park,451
P7,Bronson Ave & University Dr,11725,11664,Brewer Park,12529
P2,Colonel By,568,507,Hogs Back Plaza (SW dest.),936
P5,Stadium Way,1076,1015,Brewer Park,1185
P2,Colonel By,638,577,Hogs Back Plaza (SW dest.),1062
P7,Bronson Ave & University Dr,11499,11438,Brewer Park,11975
P5,Stadium Way,1760,1699,Brewer Park,1868
P7,Bronson Ave & University Dr,10249,10188,Brewer Park,10724
P5,Stadium Way,1794,1733,Brewer Park,1906
P5,Stadium Way,2805,2744,Brewer Park,2923
P2,Colonel By,569,508,Hogs Back Plaza (SW dest.),940
P5,Stadium Way,1702,1641,Brewer Park,1813
P5,Stadium Way,124,63,Brewer Park,146
P7,Bronson Ave & University Dr,11501,11440,Brewer Park,11979
P5,Stadium Way,2620,2559,Brewer Park,2732
P7,Bronson Ave & University Dr,303,242,Brewer Park,3433
P7,Bronson Ave & University Dr,11413,11352,Brewer Park,11886
P7,Bronson Ave & University Dr,9950,9889,Brewer Park,10424
P7,Bronson Ave & University Dr,2838,2777,Brewer Park,3460
P5,Stadium Way,1248,1187,Brewer Park,1359
P7,Bronson Ave & University Dr,10676,10615,Brewer Park,11147
P7,Bronson Ave & University Dr,11898,11837,Brewer Park,12694
P7,Bronson Ave & University Dr,3795,3734,Brewer Park,5528
P7,Bronson Ave & University Dr,118,57,Brewer Park,771
P7,Bronson Ave & University Dr,11696,11635,Brewer Park,12172
P7,Bronson Ave & University Dr,10779,10718,Brewer Park,11251
P7,Bronson Ave & University Dr,12498,12437,Brewer Park,12964
P7,Bronson Ave & University Dr,144,83,Brewer Park,3209
P7,Bronson Ave & University Dr,11779,11718,Brewer Park,12575
P5,Stadium Way,1869,1808,Brewer Park,1977
P7,Bronson Ave & University Dr,10712,10651,Brewer Park,11182
P5,Stadium Way,490,429,Brewer Park,599
P7,Bronson Ave & University Dr,9975,9914,Brewer Park,10758
P7,Bronson Ave & University Dr,3514,3453,Brewer Park,5278
P5,Stadium Way,800,739,Brewer Park,915
P7,Bronson Ave & University Dr,11891,11830,Brewer Park,12685
P7,Bronson Ave & University Dr,9612,9551,Brewer Park,10068
P7,Bronson Ave & University Dr,11577,11516,Brewer Park,12044
P5,Stadium Way,958,897,Brewer Park,1071
P5,Stadium Way,2003,1942,Brewer Park,2112
P7,Bronson Ave & University Dr,11786,11725,Brewer Park,12584
P5,Stadium Way,1728,1667,Brewer Park,1838
P7,Bronson Ave & University Dr,10148,10087,Brewer Park,10934
P5,Stadium Way,1696,1635,Brewer Park,1802
P7,Bronson Ave & University Dr,3601,3540,Brewer Park,5360
P5,Stadium Way,574,513,Brewer Park,684
P7,Bronson Ave & University Dr,11642,11581,Brewer Park,12427
P5,Stadium Way,2729,2668,Brewer Park,2838
P7,Bronson Ave & University Dr,11552,11491,Brewer Park,12352
P5,Stadium Way,1757,1696,Brewer Park,1863
P7,Bronson Ave & University Dr,5211,5150,Brewer Park,5685
P7,Bronson Ave & University Dr,11598,11537,Brewer Park,12389
P5,Stadium Way,1600,1539,Brewer Park,1706
P7,Bronson Ave & University Dr,11392,11331,Brewer Park,11863
P5,Stadium Way,735,674,Brewer Park,841
P5,Stadium Way,3017,2956,Brewer Park,3135
P7,Bronson Ave & University Dr,12551,12490,Brewer Park,13019
P7,Bronson Ave & University Dr,9720,9659,Brewer Park,10193
P7,Bronson Ave & University Dr,10282,10221,Brewer Park,11068
P2,Colonel By,507,446,Hogs Back Plaza (SW dest.),821
P5,Stadium Way,2230,2169,Brewer Park,2340
P5,Stadium Way,358,297,Brewer Park,463
P7,Bronson Ave & University Dr,10020,9959,Brewer Park,10506
P7,Bronson Ave & University Dr,11334,11273,Brewer Park,11803
P7,Bronson Ave & University Dr,9496,9435,Brewer Park,9961
P7,Bronson Ave & University Dr,3098,3037,Brewer Park,3583
P7,Bronson Ave & University Dr,11131,11070,Brewer Park,11600
P2,Colonel By,615,554,Hogs Back Plaza (SW dest.),1020
P5,Stadium Way,2136,2075,Brewer Park,2248
P5,Stadium Way,1773,1712,Brewer Park,1881
P5,Stadium Way,2161,2100,Brewer Park,2266
P5,Stadium Way,889,828,Brewer Park,994
P7,Bronson Ave & University Dr,12579,12518,Brewer Park,13023
P5,Stadium Way,720,659,Brewer Park,832
P5,Stadium Way,2762,2701,Brewer Park,2879
P7,Bronson Ave & University Dr,10263,10202,Brewer Park,11042
P7,Bronson Ave & University Dr,11290,11229,Brewer Park,11758
P7,Bronson Ave & University Dr,10032,9971,Brewer Park,10822
P5,Stadium Way,2932,2871,Brewer Park,3043
P7,Bronson Ave & University Dr,5167,5106,Brewer Park,5632
P7,Bronson Ave & University Dr,5287,5226,Brewer Park,5757
P7,Bronson Ave & University Dr,11592,11531,Brewer Park,12066
P2,Colonel By,579,518,Hogs Back Plaza (SW dest.),962
P7,Bronson Ave & University Dr,11469,11408,Brewer Park,12251
P2,Colonel By,531,470,Hogs Back Plaza (SW dest.),867
P1,Colonel By,189,128,Hogs Back Plaza (SW dest.),394
P2,Colonel By,608,547,Hogs Back Plaza (SW dest.),1006
P5,Stadium Way,3009,2948,Brewer Park,3119
P7,Bronson Ave & University Dr,9754,9693,Brewer Park,10232
P7,Bronson Ave & University Dr,11052,10991,Brewer Park,11525
P5,Stadium Way,2607,2546,Brewer Park,2719
P7,Bronson Ave & University Dr,10973,10912,Brewer Park,11441
P5,Stadium Way,1864,1803,Brewer Park,1973
P7,Bronson Ave & University Dr,12360,12299,Brewer Park,12837
P7,Bronson Ave & University Dr,11639,11578,Brewer Park,12422
P7,Bronson Ave & University Dr,549,488,Brewer Park,3451
P1,Colonel By,93,32,Hogs Back Plaza (SW dest.),262
P5,Stadium Way,151,90,Brewer Park,177
P5,Stadium Way,1668,1607,Brewer Park,1771
P5,Stadium Way,2882,2821,Brewer Park,2992
P5,Stadium Way,1145,1084,Brewer Park,1250
P7,Bronson Ave & University Dr,3318,3257,Brewer Park,3786
P7,Bronson Ave & University Dr,3515,3454,Brewer Park,5282
P5,Stadium Way,1569,1508,Brewer Park,1673
P5,Stadium Way,394,333,Brewer Park,504
P7,Bronson Ave & University Dr,10426,10365,Brewer Park,10886
P7,Bronson Ave & University Dr,11409,11348,Brewer Park,11881
P2,Colonel By,203,142,Hogs Back Plaza (SW dest.),778
P5,Stadium Way,2296,2235,Brewer Park,2406
P2,Colonel By,529,468,Hogs Back Plaza (SW dest.),863
P7,Bronson Ave & University Dr,3650,3589,Brewer Park,5424
P7,Bronson Ave & University Dr,11625,11564,Brewer Park,12105
P7,Bronson Ave & University Dr,11436,11375,Brewer Park,11902
P7,Bronson Ave & University Dr,11395,11334,Brewer Park,11868
P7,Bronson Ave & University Dr,11445,11384,Brewer Park,11915
P5,Stadium Way,1043,982,Brewer Park,1154
P5,Stadium Way,743,682,Brewer Park,854
P5,Stadium Way,1904,1843,Brewer Park,2016
P5,Stadium Way,2343,2282,Brewer Park,2453
P5,Stadium Way,1793,1732,Brewer Park,1902
P5,Stadium Way,164,103,Brewer Park,193
P7,Bronson Ave & University Dr,10964,10903,Brewer Park,11433
P7,Bronson Ave & University Dr,10664,10603,Brewer Park,11134
P7,Bronson Ave & University Dr,11265,11204,Brewer Park,11740
P5,Stadium Way,1551,1490,Brewer Park,1652
P5,Stadium Way,2907,2846,Brewer Park,3013
P7,Bronson Ave & University Dr,3171,3110,Brewer Park,3629
P7,Bronson Ave & University Dr,10013,9952,Brewer Park,10792
P7,Bronson Ave & University Dr,3448,3387,Brewer Park,3918
P5,Stadium Way,2060,1999,Brewer Park,2170
P1,Colonel By,472,411,Hogs Back Plaza (SW dest.),721
P7,Bronson Ave & University Dr,3326,3265,Brewer Park,3798
P7,Bronson Ave & University Dr,5467,5406,Brewer Park,5944
P5,Stadium Way,1983,1922,Brewer Park,2094
P5,Stadium Way,1566,1505,Brewer Park,1669
P7,Bronson Ave & University Dr,3121,3060,Brewer Park,3600
P5,Stadium Way,723,662,Brewer Park,837
P5,Stadium Way,2189,2128,Brewer Park,2300
P7,Bronson Ave & University Dr,12365,12304,Brewer Park,12843
P5,Stadium Way,1381,1320,Brewer Park,1490
P7,Bronson Ave & University Dr,5325,5264,Brewer Park,5802
P7,Bronson Ave & University Dr,5121,5060,Brewer Park,5587
P5,Stadium Way,2332,2271,Brewer Park,2436
P7,Bronson Ave & University Dr,11792,11731,Brewer Park,12593
P7,Bronson Ave & University Dr,12582,12521,Brewer Park,13045
P7,Bronson Ave & University Dr,11840,11779,Brewer Park,12645
P5,Stadium Way,1584,1523,Brewer Park,1694
P7,Bronson Ave & University Dr,5377,5316,Brewer Park,5848
P7,Bronson Ave & University Dr,3331,3270,Brewer Park,3807
P7,Bronson Ave & University Dr,5319,5258,Brewer Park,5795
P5,Stadium Way,2203,2142,Brewer Park,2314
P7,Bronson Ave & University Dr,11178,11117,Brewer Park,11655
P5,Stadium Way,2171,2110,Brewer Park,2279
P7,Bronson Ave & University Dr,5116,5055,Brewer Park,5578
P7,Bronson Ave & University Dr,11250,11189,Brewer Park,11721
P1,Colonel By,213,152,Hogs Back Plaza (SW dest.),426
P5,Stadium Way,211,150,Brewer Park,252
P7,Bronson Ave & University Dr,12467,12406,Brewer Park,12939
P7,Bronson Ave & University Dr,9862,9801,Brewer Park,10339
P5,Stadium Way,1520,1459,Brewer Park,1626
P5,Stadium Way,1104,1043,Brewer Park,1215
P2,Colonel By,494,433,Hogs Back Plaza (SW dest.),808
P7,Bronson Ave & University Dr,9628,9567,Brewer Park,10085
P7,Bronson Ave & University Dr,10116,10055,Brewer Park,10602
P7,Bronson Ave & University Dr,3404,3343,Brewer Park,3874
P7,Bronson Ave & University Dr,204,143,Brewer Park,3293
P7,Bronson Ave & University Dr,10793,10732,Brewer Park,11264
P5,Stadium Way,1502,1441,Brewer Park,1614
P7,Bronson Ave & University Dr,5101,5040,Brewer Park,5560
P5,Stadium Way,1633,1572,Brewer Park,1736
P5,Stadium Way,1231,1170,Brewer Park,1334
P5,Stadium Way,2228,2167,Brewer Park,2335
P7,Bronson Ave & University Dr,10110,10049,Brewer Park,10593
P5,Stadium Way,268,207,Brewer Park,330
P7,Bronson Ave & University Dr,11497,11436,Brewer Park,12287
P5,Stadium Way,2870,2809,Brewer Park,2975
P5,Stadium Way,1356,1295,Brewer Park,1470
P7,Bronson Ave & University Dr,3050,2989,Brewer Park,3532
P5,Stadium Way,2682,2621,Brewer Park,2793
P5,Stadium Way,2943,2882,Brewer Park,3056
P5,Stadium Way,2533,2472,Brewer Park,2650
P5,Stadium Way,1280,1219,Brewer Park,1391
P5,Stadium Way,2236,2175,Brewer Park,2348
P7,Bronson Ave & University Dr,11914,11853,Brewer Park,12716
P7,Bronson Ave & University Dr,5189,5128,Brewer Park,5655
P7,Bronson Ave & University Dr,3328,3267,Brewer Park,3802
P7,Bronson Ave & University Dr,11643,11582,Brewer Park,12122
P7,Bronson Ave & University Dr,164,103,Brewer Park,3239
P7,Bronson Ave & University Dr,9991,9930,Brewer Park,10468
P7,Bronson Ave & University Dr,3148,3087,Brewer Park,3621
P7,Bronson Ave & University Dr,5445,5384,Brewer Park,5926
P7,Bronson Ave & University Dr,3753,3692,Brewer Park,5525
P5,Stadium Way,1015,954,Brewer Park,1133
P7,Bronson Ave & University Dr,11583,11522,Brewer Park,12056
P7,Bronson Ave & University Dr,11771,11710,Brewer Park,12563
P7,Bronson Ave & University Dr,10643,10582,Brewer Park,11109
P7,Bronson Ave & University Dr,9556,9495,Brewer Park,10025
P5,Stadium Way,1590,1529,Brewer Park,1698
P7,Bronson Ave & University Dr,3473,3412,Brewer Park,3946
P7,Bronson Ave & University Dr,11355,11294,Brewer Park,11830
P7,Bronson Ave & University Dr,10298,10237,Brewer Park,10771
P7,Bronson Ave & University Dr,11449,11388,Brewer Park,11920
P7,Bronson Ave & University Dr,11226,11165,Brewer Park,11681
P7,Bronson Ave & University Dr,11159,11098,Brewer Park,11625
P2,Colonel By,170,109,Hogs Back Plaza (SW dest.),737
P7,Bronson Ave & University Dr,11685,11624,Brewer Park,12474
P5,Stadium Way,1410,1349,Brewer Park,1511
P7,Bronson Ave & University Dr,299,238,Brewer Park,3429
P7,Bronson Ave & University Dr,5194,5133,Brewer Park,5663
P5,Stadium Way,880,819,Brewer Park,989
P5,Stadium Way,1819,1758,Brewer Park,1928
P7,Bronson Ave & University Dr,11802,11741,Brewer Park,12604
P5,Stadium Way,2523,2462,Brewer Park,2636
P7,Bronson Ave & University Dr,10102,10041,Brewer Park,10894
P1,Colonel By,341,280,Hogs Back Plaza (SW dest.),579
P7,Bronson Ave & University Dr,186,125,Brewer Park,3268
P7,Bronson Ave & University Dr,11352,11291,Brewer Park,11826
P7,Bronson Ave & University Dr,3805,3744,Brewer Park,5538
P1,Colonel By,459,398,Hogs Back Plaza (SW dest.),708
P7,Bronson Ave & University Dr,146,85,Brewer Park,3214
P7,Bronson Ave & University Dr,11720,11659,Brewer Park,12525
P7,Bronson Ave & University Dr,10044,9983,Brewer Park,10532
P7,Bronson Ave & University Dr,12440,12379,Brewer Park,12907
P5,Stadium Way,1648,1587,Brewer Park,1754
P7,Bronson Ave & University Dr,11833,11772,Brewer Park,12636
P5,Stadium Way,2404,2343,Brewer Park,2512
P5,Stadium Way,1226,1165,Brewer Park,1330
P7,Bronson Ave & University Dr,11565,11504,Brewer Park,12372
P7,Bronson Ave & University Dr,9506,9445,Brewer Park,9974
P7,Bronson Ave & University Dr,9878,9817,Brewer Park,10348
P1,Colonel By,288,227,Hogs Back Plaza (SW dest.),523
P5,Stadium Way,265,204,Brewer Park,325
P5,Stadium Way,2715,2654,Brewer Park,2819
P7,Bronson Ave & University Dr,10093,10032,Brewer Park,10585
P7,Bronson Ave & University Dr,11466,11405,Brewer Park,12246
P7,Bronson Ave & University Dr,5197,5136,Brewer Park,5667
P7,Bronson Ave & University Dr,11026,10965,Brewer Park,11491
P1,Colonel By,413,352,Hogs Back Plaza (SW dest.),657
P7,Bronson Ave & University Dr,11696,11635,Brewer Park,12487
P7,Bronson Ave & University Dr,10068,10007,Brewer Park,10848
P7,Bronson Ave & University Dr,5430,5369,Brewer Park,5914
P5,Stadium Way,168,107,Brewer Park,198
P7,Bronson Ave & University Dr,9916,9855,Brewer Park,10389
P2,Colonel By,174,113,Hogs Back Plaza (SW dest.),741
P7,Bronson Ave & University Dr,10708,10647,Brewer Park,11178
P7,Bronson Ave & University Dr,9542,9481,Brewer Park,10008
P2,Colonel By,561,500,Hogs Back Plaza (SW dest.),927
P7,Bronson Ave & University Dr,246,185,Brewer Park,3354
P7,Bronson Ave & University Dr,10305,10244,Brewer Park,11095
P1,Colonel By,207,146,Hogs Back Plaza (SW dest.),418
P7,Bronson Ave & University Dr,10180,10119,Brewer Park,10973
P4,Stadium Way,4061,400,Brewer Park,4171
P3,Stadium Way,4869,1208,Brewer Park,4980
P3,Stadium Way,4013,352,Brewer Park,4120
P3,Stadium Way,4329,668,Brewer Park,4437
P4,Stadium Way,4944,1283,Brewer Park,5055
P4,Stadium Way,5070,1409,Brewer Park,5178
P3,Stadium Way,4623,962,Brewer Park,4729
P4,Stadium Way,4506,845,Brewer Park,4624
P3,Stadium Way,4344,683,Brewer Park,4458
P4,Stadium Way,5115,1454,Brewer Park,5225
P4,Stadium Way,5094,1433,Brewer Park,5195
P4,Stadium Way,3886,225,Brewer Park,3993
P4,Stadium Way,5038,1377,Brewer Park,5148
P3,Stadium Way,4333,672,Brewer Park,4445
P4,Stadium Way,5131,1470,Brewer Park,5241
P3,Stadium Way,4257,596,Brewer Park,4363
P3,Stadium Way,4663,1002,Brewer Park,4773
P3,Stadium Way,4051,390,Brewer Park,4159
P3,Stadium Way,4680,1019,Brewer Park,4790
P3,Stadium Way,4439,778,Brewer Park,4547
P3,Stadium Way,4200,539,Brewer Park,4309
P3,Stadium Way,4832,1171,Brewer Park,4944
P3,Stadium Way,4049,388,Brewer Park,4155
P3,Stadium Way,4367,706,Brewer Park,4480
P4,Stadium Way,4015,354,Brewer Park,4124
P3,Stadium Way,4377,716,Brewer Park,4490
P3,Stadium Way,4078,417,Brewer Park,4189
P4,Stadium Way,4997,1336,Brewer Park,5105
P3,Stadium Way,4688,1027,Brewer Park,4806
P4,Stadium Way,4970,1309,Brewer Park,5080
P3,Stadium Way,4889,1228,Brewer Park,5005
P3,Stadium Way,4127,466,Brewer Park,4235
P4,Stadium Way,3929,268,Brewer Park,4044
P3,Stadium Way,3932,271,Brewer Park,4049
P4,Stadium Way,5148,1487,Brewer Park,5254
P4,Stadium Way,5033,1372,Brewer Park,5136
P3,Stadium Way,4457,796,Brewer Park,4569
P4,Stadium Way,5160,1499,Brewer Park,5269
P3,Stadium Way,4655,994,Brewer Park,4760
P4,Stadium Way,4936,1275,Brewer Park,5051
P4,Stadium Way,5105,1444,Brewer Park,5212
P3,Stadium Way,4373,712,Brewer Park,4485
P3,Stadium Way,4401,740,Brewer Park,4516
P4,Stadium Way,3948,287,Brewer Park,4057
P3,Stadium Way,4237,576,Brewer Park,4346
P3,Stadium Way,4887,1226,Brewer Park,5001
P3,Stadium Way,4101,440,Brewer Park,4206
P3,Stadium Way,4342,681,Brewer Park,4453
P4,Stadium Way,4392,731,Brewer Park,4507
P3,Stadium Way,4811,1150,Brewer Park,4923
P4,Stadium Way,5118,1457,Brewer Park,5230
P3,Stadium Way,4275,614,Brewer Park,4385
P4,Stadium Way,5111,1450,Brewer Park,5216
P4,Stadium Way,3896,235,Brewer Park,4005
P3,Stadium Way,4805,1144,Brewer Park,4918
P4,Stadium Way,3856,195,Brewer Park,3972
P3,Stadium Way,4278,617,Brewer Park,4389
P3,Stadium Way,4475,814,Brewer Park,4590
P3,Stadium Way,4294,633,Brewer Park,4398
P3,Stadium Way,3996,335,Brewer Park,4098
P3,Stadium Way,4874,1213,Brewer Park,4988
P3,Stadium Way,4556,895,Brewer Park,4671
P4,Stadium Way,4059,398,Brewer Park,4167
P3,Stadium Way,4578,917,Brewer Park,4692
P3,Stadium Way,4565,904,Brewer Park,4675
P3,Stadium Way,4414,753,Brewer Park,4529
P3,Stadium Way,4220,559,Brewer Park,4330
P3,Stadium Way,4111,450,Brewer Park,4223
P3,Stadium Way,4686,1025,Brewer Park,4801
P3,Stadium Way,4878,1217,Brewer Park,4991
P4,Stadium Way,5021,1360,Brewer Park,5132
P3,Stadium Way,4845,1184,Brewer Park,4956
P4,Stadium Way,5100,1439,Brewer Park,5204
P3,Stadium Way,4472,811,Brewer Park,4586
P3,Stadium Way,4140,479,Brewer Park,4248
P4,Stadium Way,4974,1313,Brewer Park,5084
P3,Stadium Way,4587,926,Brewer Park,4700
P3,Stadium Way,4025,364,Brewer Park,4137
P4,Stadium Way,5123,1462,Brewer Park,5233
P3,Stadium Way,4247,586,Brewer Park,4359
P4,Stadium Way,5103,1442,Brewer Park,5208
P3,Stadium Way,4071,410,Brewer Park,4185
P3,Stadium Way,4777,1116,Brewer Park,4888
P3,Stadium Way,4567,906,Brewer Park,4679
P4,Stadium Way,4980,1319,Brewer Park,5093
P4,Stadium Way,4977,1316,Brewer Park,5089
P3,Stadium Way,4541,880,Brewer Park,4658
P3,Stadium Way,3987,326,Brewer Park,4093
P3,Stadium Way,4353,692,Brewer Park,4471
P4,Stadium Way,4571,910,Brewer Park,4684
P4,Stadium Way,4509,848,Brewer Park,4628
P3,Stadium Way,4712,1051,Brewer Park,4827
P3,Stadium Way,4672,1011,Brewer Park,4777
P3,Stadium Way,4631,970,Brewer Park,4742
P4,Stadium Way,3876,215,Brewer Park,3985
P3,Stadium Way,4498,837,Brewer Park,4614
P3,Stadium Way,4778,1117,Brewer Park,4892
P3,Stadium Way,4169,508,Brewer Park,4283
P3,Stadium Way,4817,1156,Brewer Park,4927
P4,Stadium Way,4994,1333,Brewer Park,5101
P4,Stadium Way,5036,1375,Brewer Park,5144
P4,Stadium Way,4481,820,Brewer Park,4595
P3,Stadium Way,4826,1165,Brewer Park,4935
P3,Stadium Way,4335,674,Brewer Park,4449
P3,Stadium Way,4516,855,Brewer Park,4637
P3,Stadium Way,4594,933,Brewer Park,4704
P4,Stadium Way,4311,650,Brewer Park,4415
P3,Stadium Way,3926,265,Brewer Park,4040
P3,Stadium Way,4176,515,Brewer Park,4287
P3,Stadium Way,4010,349,Brewer Park,4116
P4,Stadium Way,4993,1332,Brewer Park,5097
P3,Stadium Way,4383,722,Brewer Park,4499
P3,Stadium Way,4731,1070,Brewer Park,4846
P3,Stadium Way,4753,1092,Brewer Park,4867
P3,Stadium Way,4678,1017,Brewer Park,4786
P3,Stadium Way,4323,662,Brewer Park,4433
P3,Stadium Way,4523,862,Brewer Park,4641
P3,Stadium Way,4854,1193,Brewer Park,4965
P3,Stadium Way,4848,1187,Brewer Park,4960
P3,Stadium Way,4546,885,Brewer Park,4662
P3,Stadium Way,4443,782,Brewer Park,4556
P4,Stadium Way,5046,1385,Brewer Park,5156
P4,Stadium Way,4158,497,Brewer Park,4266
P3,Stadium Way,4350,689,Brewer Park,4467
P4,Stadium Way,5133,1472,Brewer Park,5245
P4,Stadium Way,3892,231,Brewer Park,4001
P4,Stadium Way,5153,1492,Brewer Park,5264
P3,Stadium Way,4385,724,Brewer Park,4503
P3,Stadium Way,4732,1071,Brewer Park,4850
P3,Stadium Way,4883,1222,Brewer Park,4996
P3,Stadium Way,4838,1177,Brewer Park,4948
P3,Stadium Way,4751,1090,Brewer Park,4863
P3,Stadium Way,4767,1106,Brewer Park,4884
P3,Stadium Way,4788,1127,Brewer Park,4897
P3,Stadium Way,4656,995,Brewer Park,4764
P3,Stadium Way,4032,371,Brewer Park,4141
P4,Stadium Way,4962,1301,Brewer Park,5072
P4,Stadium Way,5150,1489,Brewer Park,5259
P3,Stadium Way,4928,1267,Brewer Park,5042
P4,Stadium Way,4406,745,Brewer Park,4520
P4,Stadium Way,5127,1466,Brewer Park,5237
P4,Stadium Way,4178,517,Brewer Park,4292
P4,Stadium Way,4225,564,Brewer Park,4334
P4,Stadium Way,3980,319,Brewer Park,4084
P4,Stadium Way,4002,341,Brewer Park,4107
P3,Stadium Way,4462,801,Brewer Park,4582
P3,Stadium Way,4865,1204,Brewer Park,4974
P4,Stadium Way,4109,448,Brewer Park,4219
P3,Stadium Way,4380,719,Brewer Park,4495
P3,Stadium Way,4155,494,Brewer Park,4261
P3,Stadium Way,4244,583,Brewer Park,4355
P4,Stadium Way,5078,1417,Brewer Park,5187
P3,Stadium Way,4629,968,Brewer Park,4738
P3,Stadium Way,4681,1020,Brewer Park,4794
P3,Stadium Way,4649,988,Brewer Park,4756
P3,Stadium Way,4211,550,Brewer Park,4322
P4,Stadium Way,5056,1395,Brewer Park,5170
P3,Stadium Way,4428,767,Brewer Park,4534
P3,Stadium Way,4626,965,Brewer Park,4734
P4,Stadium Way,3915,254,Brewer Park,4026
P4,Stadium Way,5044,1383,Brewer Park,5152
P4,Stadium Way,5000,1339,Brewer Park,5110
P4,Stadium Way,4955,1294,Brewer Park,5063
P3,Stadium Way,4638,977,Brewer Park,4751
P3,Stadium Way,4610,949,Brewer Park,4721
P3,Stadium Way,4535,874,Brewer Park,4650
P3,Stadium Way,4899,1238,Brewer Park,5009
P4,Stadium Way,4361,700,Brewer Park,4476
P3,Stadium Way,4796,1135,Brewer Park,4905
P4,Stadium Way,4320,659,Brewer Park,4428
P4,Stadium Way,3904,243,Brewer Park,4014
P3,Stadium Way,3974,313,Brewer Park,4080
P4,Stadium Way,3852,191,Brewer Park,3963
P4,Stadium Way,4136,475,Brewer Park,4240
P3,Stadium Way,4843,1182,Brewer Park,4952
P4,Stadium Way,5113,1452,Brewer Park,5220
P3,Stadium Way,4081,420,Brewer Park,4194
P3,Stadium Way,4238,577,Brewer Park,4350
P3,Stadium Way,4409,748,Brewer Park,4525
P3,Stadium Way,4856,1195,Brewer Park,4969
P4,Stadium Way,5142,1481,Brewer Park,5250
P3,Stadium Way,4700,1039,Brewer Park,4814
P3,Stadium Way,4923,1262,Brewer Park,5038
P3,Stadium Way,4802,1141,Brewer Park,4914
P3,Stadium Way,4227,566,Brewer Park,4338
P3,Stadium Way,4194,533,Brewer Park,4301
P3,Stadium Way,4721,1060,Brewer Park,4837
P3,Stadium Way,4018,357,Brewer Park,4129
P3,Stadium Way,3970,309,Brewer Park,4076
P3,Stadium Way,4764,1103,Brewer Park,4879
P4,Stadium Way,4934,1273,Brewer Park,5047
P3,Stadium Way,4142,481,Brewer Park,4252
P4,Stadium Way,5006,1345,Brewer Park,5119
P4,Stadium Way,3964,303,Brewer Park,4066
P3,Stadium Way,3998,337,Brewer Park,4102
P3,Stadium Way,4912,1251,Brewer Park,5022
P3,Stadium Way,4303,642,Brewer Park,4407
P3,Stadium Way,4331,670,Brewer Park,4441
P3,Stadium Way,4191,530,Brewer Park,4296
P3,Stadium Way,4791,1130,Brewer Park,4901
P4,Stadium Way,4308,647,Brewer Park,4411
P3,Stadium Way,3967,306,Brewer Park,4071
P3,Stadium Way,4441,780,Brewer Park,4552
P3,Stadium Way,4066,405,Brewer Park,4176
P3,Stadium Way,4694,1033,Brewer Park,4810
P3,Stadium Way,4214,553,Brewer Park,4327
P4,Stadium Way,5067,1406,Brewer Park,5174
P3,Stadium Way,4871,1210,Brewer Park,4984
P3,Stadium Way,4020,359,Brewer Park,4133
P3,Stadium Way,4703,1042,Brewer Park,4818
P4,Stadium Way,3924,263,Brewer Park,4035
P3,Stadium Way,4612,951,Brewer Park,4725
P4,Stadium Way,3870,209,Brewer Park,3976
P4,Stadium Way,4948,1287,Brewer Park,5059
P3,Stadium Way,4106,445,Brewer Park,4214
P4,Stadium Way,5097,1436,Brewer Park,5200
P3,Stadium Way,4461,800,Brewer Park,4578
P3,Stadium Way,4602,941,Brewer Park,4712
P3,Stadium Way,4675,1014,Brewer Park,4782
P4,Stadium Way,4484,823,Brewer Park,4600
P4,Stadium Way,5089,1428,Brewer Park,5191
P3,Stadium Way,4718,1057,Brewer Park,4832
P4,Stadium Way,5034,1373,Brewer Park,5140
P3,Stadium Way,4139,478,Brewer Park,4244
P3,Stadium Way,4488,827,Brewer Park,4610
P3,Stadium Way,4528,867,Brewer Park,4646
P3,Stadium Way,4263,602,Brewer Park,4372
P3,Stadium Way,4659,998,Brewer Park,4768
P3,Stadium Way,4830,1169,Brewer Park,4939
P3,Stadium Way,3946,285,Brewer Park,4053
P3,Stadium Way,4204,543,Brewer Park,4313
P3,Stadium Way,4115,454,Brewer Park,4230
P3,Stadium Way,4763,1102,Brewer Park,4875
P3,Stadium Way,4282,621,Brewer Park,4394
P4,Stadium Way,5052,1391,Brewer Park,5166
P3,Stadium Way,4904,1243,Brewer Park,5017
P4,Stadium Way,4265,604,Brewer Park,4376
P3,Stadium Way,4486,825,Brewer Park,4604
P4,Stadium Way,5017,1356,Brewer Park,5127
P3,Stadium Way,4637,976,Brewer Park,4747
P3,Stadium Way,4209,548,Brewer Park,4318
P3,Stadium Way,4539,878,Brewer Park,4654
P4,Stadium Way,5003,1342,Brewer Park,5114
P4,Stadium Way,4964,1303,Brewer Park,5076
P3,Stadium Way,4160,499,Brewer Park,4270
P4,Stadium Way,4958,1297,Brewer Park,5067
P3,Stadium Way,4915,1254,Brewer Park,5026
P3,Stadium Way,3953,292,Brewer Park,4062
P3,Stadium Way,3984,323,Brewer Park,4089
P3,Stadium Way,4755,1094,Brewer Park,4871
P3,Stadium Way,4035,374,Brewer Park,4146
P3,Stadium Way,4091,430,Brewer Park,4201
P4,Stadium Way,3909,248,Brewer Park,4022
P3,Stadium Way,4744,1083,Brewer Park,4854
P3,Stadium Way,4163,502,Brewer Park,4275
P4,Stadium Way,3889,228,Brewer Park,3997
P3,Stadium Way,4920,1259,Brewer Park,5034
P3,Stadium Way,4069,408,Brewer Park,4180
P3,Stadium Way,4313,652,Brewer Park,4420
P3,Stadium Way,4054,393,Brewer Park,4163
P4,Stadium Way,4458,797,Brewer Park,4573
P3,Stadium Way,4113,452,Brewer Park,4226
P3,Stadium Way,4800,1139,Brewer Park,4909
P3,Stadium Way,4397,736,Brewer Park,4512
P4,Stadium Way,4551,890,Brewer Park,4666
P4,Stadium Way,4431,770,Brewer Park,4539
P3,Stadium Way,4229,568,Brewer Park,4342
P3,Stadium Way,4705,1044,Brewer Park,4823
P3,Stadium Way,4007,346,Brewer Park,4111
P4,Stadium Way,4198,537,Brewer Park,4305
P3,Stadium Way,4103,442,Brewer Park,4210
P3,Stadium Way,4599,938,Brewer Park,4708
P4,Stadium Way,4349,688,Brewer Park,4463
P4,Stadium Way,3872,211,Brewer Park,3981
P3,Stadium Way,4146,485,Brewer Park,4257
P4,Stadium Way,4271,610,Brewer Park,4380
P3,Stadium Way,4260,599,Brewer Park,4368
P3,Stadium Way,4315,654,Brewer Park,4424
P3,Stadium Way,4089,428,Brewer Park,4198
P3,Stadium Way,4450,789,Brewer Park,4560
P3,Stadium Way,4727,1066,Brewer Park,4842
P3,Stadium Way,4434,773,Brewer Park,4543
P3,Stadium Way,4900,1239,Brewer Park,5013
P4,Stadium Way,5049,1388,Brewer Park,5161
P4,Stadium Way,5075,1414,Brewer Park,5182
P3,Stadium Way,4606,945,Brewer Park,4717
P3,Stadium Way,4823,1162,Brewer Park,4931
P3,Stadium Way,4297,636,Brewer Park,4403
P4,Stadium Way,3905,244,Brewer Park,4018
P4,Stadium Way,5007,1346,Brewer Park,5123
P3,Stadium Way,4453,792,Brewer Park,4565
P4,Stadium Way,3917,256,Brewer Park,4031
P3,Stadium Way,4917,1256,Brewer Park,5030
P4,Stadium Way,4044,383,Brewer Park,4151
P3,Stadium Way,4167,506,Brewer Park,4279
P3,Stadium Way,4585,924,Brewer Park,4696
P3,Stadium Way,4514,853,Brewer Park,4632
P3,Stadium Way,4749,1088,Brewer Park,4859
P3,Stadium Way,4502,841,Brewer Park,4619
P3,Stadium Way,4574,913,Brewer Park,4688
P6,Bronson Ave & University Dr,8231,2770,Brewer Park,8691
P6,Bronson Ave & University Dr,6306,845,Brewer Park,6772
P6,Bronson Ave & University Dr,8252,2791,Brewer Park,8731
P6,Bronson Ave & University Dr,8428,2967,Brewer Park,8895
P6,Bronson Ave & University Dr,7358,1897,Brewer Park,7832
P6,Bronson Ave & University Dr,6682,1221,Brewer Park,7161
P6,Bronson Ave & University Dr,6624,1163,Brewer Park,7085
P6,Bronson Ave & University Dr,6655,1194,Brewer Park,7124
P6,Bronson Ave & University Dr,7253,1792,Brewer Park,7725
P6,Bronson Ave & University Dr,7480,2019,Brewer Park,7953
P6,Bronson Ave & University Dr,9205,3744,Brewer Park,9667
P6,Bronson Ave & University Dr,9081,3620,Brewer Park,9556
P6,Bronson Ave & University Dr,5758,297,Brewer Park,6228
P6,Bronson Ave & University Dr,9270,3809,Brewer Park,9735
P6,Bronson Ave & University Dr,7765,2304,Brewer Park,8235
P6,Bronson Ave & University Dr,6444,983,Brewer Park,6920
P6,Bronson Ave & University Dr,6406,945,Brewer Park,6880
P6,Bronson Ave & University Dr,7535,2074,Brewer Park,8009
P6,Bronson Ave & University Dr,9336,3875,Brewer Park,9804
P6,Bronson Ave & University Dr,7296,1835,Brewer Park,7773
P6,Bronson Ave & University Dr,6830,1369,Brewer Park,7297
P6,Bronson Ave & University Dr,8885,3424,Brewer Park,9333
P6,Bronson Ave & University Dr,7321,1860,Brewer Park,7794
P6,Bronson Ave & University Dr,8654,3193,Brewer Park,9120
P6,Bronson Ave & University Dr,7689,2228,Brewer Park,8159
P6,Bronson Ave & University Dr,7598,2137,Brewer Park,8075
P6,Bronson Ave & University Dr,5625,164,Brewer Park,6098
P6,Bronson Ave & University Dr,8176,2715,Brewer Park,8645
P6,Bronson Ave & University Dr,7921,2460,Brewer Park,8389
P6,Bronson Ave & University Dr,5803,342,Brewer Park,6270
P6,Bronson Ave & University Dr,9223,3762,Brewer Park,9689
P6,Bronson Ave & University Dr,8263,2802,Brewer Park,8745
P6,Bronson Ave & University Dr,9046,3585,Brewer Park,9503
P6,Bronson Ave & University Dr,5923,462,Brewer Park,6384
P6,Bronson Ave & University Dr,7439,1978,Brewer Park,7901
P6,Bronson Ave & University Dr,6804,1343,Brewer Park,7275
P6,Bronson Ave & University Dr,8823,3362,Brewer Park,9279
P6,Bronson Ave & University Dr,5638,177,Brewer Park,6117
P6,Bronson Ave & University Dr,6996,1535,Brewer Park,7465
P6,Bronson Ave & University Dr,7280,1819,Brewer Park,7755
P6,Bronson Ave & University Dr,7391,1930,Brewer Park,7866
P6,Bronson Ave & University Dr,7857,2396,Brewer Park,8327
P6,Bronson Ave & University Dr,8040,2579,Brewer Park,8502
P6,Bronson Ave & University Dr,6628,1167,Brewer Park,7095
P6,Bronson Ave & University Dr,8800,3339,Brewer Park,9259
P6,Bronson Ave & University Dr,7568,2107,Brewer Park,8035
P6,Bronson Ave & University Dr,9183,3722,Brewer Park,9642
P6,Bronson Ave & University Dr,6352,891,Brewer Park,6817
P6,Bronson Ave & University Dr,6384,923,Brewer Park,6859
P6,Bronson Ave & University Dr,8833,3372,Brewer Park,9292
P6,Bronson Ave & University Dr,7721,2260,Brewer Park,8198
P6,Bronson Ave & University Dr,8144,2683,Brewer Park,8617
P6,Bronson Ave & University Dr,8162,2701,Brewer Park,8628
P6,Bronson Ave & University Dr,8748,3287,Brewer Park,9212
P6,Bronson Ave & University Dr,6026,565,Brewer Park,6503
P6,Bronson Ave & University Dr,6237,776,Brewer Park,6711
P6,Bronson Ave & University Dr,8172,2711,Brewer Park,8641
P6,Bronson Ave & University Dr,6425,964,Brewer Park,6896
P6,Bronson Ave & University Dr,6020,559,Brewer Park,6495
P6,Bronson Ave & University Dr,6378,917,Brewer Park,6846
P6,Bronson Ave & University Dr,7389,1928,Brewer Park,7861
P6,Bronson Ave & University Dr,5830,369,Brewer Park,6311
P6,Bronson Ave & University Dr,8368,2907,Brewer Park,8826
P6,Bronson Ave & University Dr,6987,1526,Brewer Park,7452
P6,Bronson Ave & University Dr,7157,1696,Brewer Park,7620
P6,Bronson Ave & University Dr,6739,1278,Brewer Park,7206
P6,Bronson Ave & University Dr,7957,2496,Brewer Park,8433
P6,Bronson Ave & University Dr,9076,3615,Brewer Park,9545
P6,Bronson Ave & University Dr,8112,2651,Brewer Park,8595
P6,Bronson Ave & University Dr,8742,3281,Brewer Park,9204
P6,Bronson Ave & University Dr,7530,2069,Brewer Park,8001
P6,Bronson Ave & University Dr,7697,2236,Brewer Park,8167
P6,Bronson Ave & University Dr,8974,3513,Brewer Park,9441
P6,Bronson Ave & University Dr,7529,2068,Brewer Park,7996
P6,Bronson Ave & University Dr,5755,294,Brewer Park,6224
P6,Bronson Ave & University Dr,8734,3273,Brewer Park,9191
P6,Bronson Ave & University Dr,6433,972,Brewer Park,6908
P6,Bronson Ave & University Dr,9322,3861,Brewer Park,9786
P6,Bronson Ave & University Dr,8499,3038,Brewer Park,8974
P6,Bronson Ave & University Dr,5703,242,Brewer Park,6175
P6,Bronson Ave & University Dr,8097,2636,Brewer Park,8590
P6,Bronson Ave & University Dr,7365,1904,Brewer Park,7841
P6,Bronson Ave & University Dr,7659,2198,Brewer Park,8124
P6,Bronson Ave & University Dr,9233,3772,Brewer Park,9705
P6,Bronson Ave & University Dr,9257,3796,Brewer Park,9727
P6,Bronson Ave & University Dr,7817,2356,Brewer Park,8294
P6,Bronson Ave & University Dr,5634,173,Brewer Park,6112
P6,Bronson Ave & University Dr,8764,3303,Brewer Park,9220
P6,Bronson Ave & University Dr,6158,697,Brewer Park,6626
P6,Bronson Ave & University Dr,7051,1590,Brewer Park,7529
P6,Bronson Ave & University Dr,9272,3811,Brewer Park,9739
P6,Bronson Ave & University Dr,5723,262,Brewer Park,6188
P6,Bronson Ave & University Dr,7538,2077,Brewer Park,8013
P6,Bronson Ave & University Dr,9039,3578,Brewer Park,9493
P6,Bronson Ave & University Dr,7511,2050,Brewer Park,7980
P6,Bronson Ave & University Dr,7703,2242,Brewer Park,8179
P6,Bronson Ave & University Dr,6318,857,Brewer Park,6786
P6,Bronson Ave & University Dr,7333,1872,Brewer Park,7807
P6,Bronson Ave & University Dr,5893,432,Brewer Park,6366
P6,Bronson Ave & University Dr,6009,548,Brewer Park,6482
P6,Bronson Ave & University Dr,8271,2810,Brewer Park,8757
P6,Bronson Ave & University Dr,7670,2209,Brewer Park,8138
P6,Bronson Ave & University Dr,7191,1730,Brewer Park,7659
P6,Bronson Ave & University Dr,6436,975,Brewer Park,6912
P6,Bronson Ave & University Dr,7662,2201,Brewer Park,8128
P6,Bronson Ave & University Dr,7841,2380,Brewer Park,8315
P6,Bronson Ave & University Dr,8602,3141,Brewer Park,9066
P6,Bronson Ave & University Dr,7902,2441,Brewer Park,8373
P6,Bronson Ave & University Dr,6270,809,Brewer Park,6750
P6,Bronson Ave & University Dr,8703,3242,Brewer Park,9178
P6,Bronson Ave & University Dr,9232,3771,Brewer Park,9701
P6,Bronson Ave & University Dr,6429,968,Brewer Park,6899
P6,Bronson Ave & University Dr,7854,2393,Brewer Park,8323
P6,Bronson Ave & University Dr,6489,1028,Brewer Park,6941
P6,Bronson Ave & University Dr,6692,1231,Brewer Park,7166
P6,Bronson Ave & University Dr,9253,3792,Brewer Park,9723
P6,Bronson Ave & University Dr,8064,2603,Brewer Park,8534
P6,Bronson Ave & University Dr,6871,1410,Brewer Park,7347
P6,Bronson Ave & University Dr,6295,834,Brewer Park,6763
P6,Bronson Ave & University Dr,7967,2506,Brewer Park,8450
P6,Bronson Ave & University Dr,7592,2131,Brewer Park,8067
P6,Bronson Ave & University Dr,9068,3607,Brewer Park,9532
P6,Bronson Ave & University Dr,6936,1475,Brewer Park,7406
P6,Bronson Ave & University Dr,9149,3688,Brewer Park,9603
P6,Bronson Ave & University Dr,6169,708,Brewer Park,6630
P6,Bronson Ave & University Dr,8736,3275,Brewer Park,9195
P6,Bronson Ave & University Dr,8701,3240,Brewer Park,9174
P6,Bronson Ave & University Dr,7580,2119,Brewer Park,8058
P6,Bronson Ave & University Dr,8080,2619,Brewer Park,8555
P6,Bronson Ave & University Dr,6299,838,Brewer Park,6768
P6,Bronson Ave & University Dr,5942,481,Brewer Park,6411
P6,Bronson Ave & University Dr,8582,3121,Brewer Park,9048
P6,Bronson Ave & University Dr,8641,3180,Brewer Park,9116
P6,Bronson Ave & University Dr,7268,1807,Brewer Park,7742
P6,Bronson Ave & University Dr,5753,292,Brewer Park,6219
P6,Bronson Ave & University Dr,8439,2978,Brewer Park,8904
P6,Bronson Ave & University Dr,7926,2465,Brewer Park,8393
P6,Bronson Ave & University Dr,8749,3288,Brewer Park,9216
P6,Bronson Ave & University Dr,9011,3550,Brewer Park,9467
P6,Bronson Ave & University Dr,5811,350,Brewer Park,6283
P6,Bronson Ave & University Dr,6941,1480,Brewer Park,7414
P6,Bronson Ave & University Dr,5659,198,Brewer Park,6138
P6,Bronson Ave & University Dr,9293,3832,Brewer Park,9760
P6,Bronson Ave & University Dr,6600,1139,Brewer Park,7071
P6,Bronson Ave & University Dr,5761,300,Brewer Park,6233
P6,Bronson Ave & University Dr,8744,3283,Brewer Park,9208
P6,Bronson Ave & University Dr,6523,1062,Brewer Park,6989
P6,Bronson Ave & University Dr,6579,1118,Brewer Park,7053
P6,Bronson Ave & University Dr,7949,2488,Brewer Park,8421
P6,Bronson Ave & University Dr,5824,363,Brewer Park,6303
P6,Bronson Ave & University Dr,9078,3617,Brewer Park,9548
P6,Bronson Ave & University Dr,6513,1052,Brewer Park,6975
P6,Bronson Ave & University Dr,5934,473,Brewer Park,6398
P6,Bronson Ave & University Dr,8668,3207,Brewer Park,9137
P6,Bronson Ave & University Dr,5814,353,Brewer Park,6291
P6,Bronson Ave & University Dr,6254,793,Brewer Park,6724
P6,Bronson Ave & University Dr,6266,805,Brewer Park,6742
P6,Bronson Ave & University Dr,6181,720,Brewer Park,6638
P6,Bronson Ave & University Dr,7516,2055,Brewer Park,7988
P6,Bronson Ave & University Dr,6868,1407,Brewer Park,7339
P6,Bronson Ave & University Dr,8616,3155,Brewer Park,9084
P6,Bronson Ave & University Dr,6741,1280,Brewer Park,7210
P6,Bronson Ave & University Dr,6756,1295,Brewer Park,7223
P6,Bronson Ave & University Dr,5596,135,Brewer Park,6074
P6,Bronson Ave & University Dr,9163,3702,Brewer Park,9623
P6,Bronson Ave & University Dr,6028,567,Brewer Park,6507
P6,Bronson Ave & University Dr,7972,2511,Brewer Park,8454
P6,Bronson Ave & University Dr,6505,1044,Brewer Park,6962
P6,Bronson Ave & University Dr,6576,1115,Brewer Park,7049
P6,Bronson Ave & University Dr,9295,3834,Brewer Park,9764
P6,Bronson Ave & University Dr,6068,607,Brewer Park,6536
P6,Bronson Ave & University Dr,7687,2226,Brewer Park,8155
P6,Bronson Ave & University Dr,8207,2746,Brewer Park,8671
P6,Bronson Ave & University Dr,7677,2216,Brewer Park,8151
P6,Bronson Ave & University Dr,8462,3001,Brewer Park,8937
P6,Bronson Ave & University Dr,8536,3075,Brewer Park,9001
P6,Bronson Ave & University Dr,7230,1769,Brewer Park,7699
P6,Bronson Ave & University Dr,8254,2793,Brewer Park,8735
P6,Bronson Ave & University Dr,6243,782,Brewer Park,6720
P6,Bronson Ave & University Dr,7821,2360,Brewer Park,8302
P6,Bronson Ave & University Dr,5962,501,Brewer Park,6432
P6,Bronson Ave & University Dr,9048,3587,Brewer Park,9507
P6,Bronson Ave & University Dr,5977,516,Brewer Park,6449
P6,Bronson Ave & University Dr,6024,563,Brewer Park,6499
P6,Bronson Ave & University Dr,7993,2532,Brewer Park,8476
P6,Bronson Ave & University Dr,8679,3218,Brewer Park,9155
P6,Bronson Ave & University Dr,8113,2652,Brewer Park,8599
P6,Bronson Ave & University Dr,8484,3023,Brewer Park,8948
P6,Bronson Ave & University Dr,9236,3775,Brewer Park,9709
P6,Bronson Ave & University Dr,5974,513,Brewer Park,6445
P6,Bronson Ave & University Dr,6264,803,Brewer Park,6737
P6,Bronson Ave & University Dr,7356,1895,Brewer Park,7828
P6,Bronson Ave & University Dr,8893,3432,Brewer Park,9341
P6,Bronson Ave & University Dr,8037,2576,Brewer Park,8497
P6,Bronson Ave & University Dr,8384,2923,Brewer Park,8851
P6,Bronson Ave & University Dr,5972,511,Brewer Park,6440
P6,Bronson Ave & University Dr,7106,1645,Brewer Park,7583
P6,Bronson Ave & University Dr,8511,3050,Brewer Park,8978
P6,Bronson Ave & University Dr,8476,3015,Brewer Park,8941
P6,Bronson Ave & University Dr,7380,1919,Brewer Park,7853
P6,Bronson Ave & University Dr,9274,3813,Brewer Park,9744
P6,Bronson Ave & University Dr,7422,1961,Brewer Park,7887
P6,Bronson Ave & University Dr,5949,488,Brewer Park,6416
P6,Bronson Ave & University Dr,8095,2634,Brewer Park,8582
P6,Bronson Ave & University Dr,7152,1691,Brewer Park,7612
P6,Bronson Ave & University Dr,7412,1951,Brewer Park,7879
P6,Bronson Ave & University Dr,6045,584,Brewer Park,6524
P6,Bronson Ave & University Dr,8630,3169,Brewer Park,9098
P6,Bronson Ave & University Dr,7952,2491,Brewer Park,8429
P6,Bronson Ave & University Dr,8938,3477,Brewer Park,9407
P6,Bronson Ave & University Dr,6766,1305,Brewer Park,7240
P6,Bronson Ave & University Dr,7056,1595,Brewer Park,7538
P6,Bronson Ave & University Dr,5931,470,Brewer Park,6394
P6,Bronson Ave & University Dr,7898,2437,Brewer Park,8364
P6,Bronson Ave & University Dr,7370,1909,Brewer Park,7849
P6,Bronson Ave & University Dr,7200,1739,Brewer Park,7676
P6,Bronson Ave & University Dr,7346,1885,Brewer Park,7824
P6,Bronson Ave & University Dr,6293,832,Brewer Park,6759
P6,Bronson Ave & University Dr,9108,3647,Brewer Park,9585
P6,Bronson Ave & University Dr,6558,1097,Brewer Park,7031
P6,Bronson Ave & University Dr,8445,2984,Brewer Park,8913
P6,Bronson Ave & University Dr,6744,1283,Brewer Park,7215
P6,Bronson Ave & University Dr,8897,3436,Brewer Park,9349
P6,Bronson Ave & University Dr,7081,1620,Brewer Park,7561
P6,Bronson Ave & University Dr,7154,1693,Brewer Park,7616
P6,Bronson Ave & University Dr,6625,1164,Brewer Park,7089
P6,Bronson Ave & University Dr,5911,450,Brewer Park,6380
P6,Bronson Ave & University Dr,9166,3705,Brewer Park,9628
P6,Bronson Ave & University Dr,7942,2481,Brewer Park,8417
P6,Bronson Ave & University Dr,6387,926,Brewer Park,6863
P6,Bronson Ave & University Dr,7652,2191,Brewer Park,8120
P6,Bronson Ave & University Dr,6862,1401,Brewer Park,7326
P6,Bronson Ave & University Dr,6223,762,Brewer Park,6689
P6,Bronson Ave & University Dr,9382,3921,Brewer Park,9852
P6,Bronson Ave & University Dr,7188,1727,Brewer Park,7654
P6,Bronson Ave & University Dr,6911,1450,Brewer Park,7389
P6,Bronson Ave & University Dr,8090,2629,Brewer Park,8573
P6,Bronson Ave & University Dr,6006,545,Brewer Park,6478
P6,Bronson Ave & University Dr,6875,1414,Brewer Park,7356
P6,Bronson Ave & University Dr,7951,2490,Brewer Park,8424
P6,Bronson Ave & University Dr,7928,2467,Brewer Park,8398
P6,Bronson Ave & University Dr,5857,396,Brewer Park,6327
P6,Bronson Ave & University Dr,8631,3170,Brewer Park,9102
P6,Bronson Ave & University Dr,6641,1180,Brewer Park,7103
P6,Bronson Ave & University Dr,6440,979,Brewer Park,6916
P6,Bronson Ave & University Dr,7557,2096,Brewer Park,8031
P6,Bronson Ave & University Dr,6227,766,Brewer Park,6693
P6,Bronson Ave & University Dr,8244,2783,Brewer Park,8717
P6,Bronson Ave & University Dr,7769,2308,Brewer Park,8239
P6,Bronson Ave & University Dr,7714,2253,Brewer Park,8188
P6,Bronson Ave & University Dr,6949,1488,Brewer Park,7421
P6,Bronson Ave & University Dr,8149,2688,Brewer Park,8620
P6,Bronson Ave & University Dr,5735,274,Brewer Park,6206
P6,Bronson Ave & University Dr,6659,1198,Brewer Park,7132
P6,Bronson Ave & University Dr,8457,2996,Brewer Park,8929
P6,Bronson Ave & University Dr,6594,1133,Brewer Park,7061
P6,Bronson Ave & University Dr,8929,3468,Brewer Park,9395
P6,Bronson Ave & University Dr,6491,1030,Brewer Park,6945
P6,Bronson Ave & University Dr,8486,3025,Brewer Park,8952
P6,Bronson Ave & University Dr,7457,1996,Brewer Park,7923
P6,Bronson Ave & University Dr,8809,3348,Brewer Park,9275
P6,Bronson Ave & University Dr,8082,2621,Brewer Park,8560
P6,Bronson Ave & University Dr,7932,2471,Brewer Park,8402
P6,Bronson Ave & University Dr,8767,3306,Brewer Park,9225
P6,Bronson Ave & University Dr,7514,2053,Brewer Park,7984
P6,Bronson Ave & University Dr,9331,3870,Brewer Park,9795
P6,Bronson Ave & University Dr,8376,2915,Brewer Park,8835
P6,Bronson Ave & University Dr,7910,2449,Brewer Park,8380
P6,Bronson Ave & University Dr,7694,2233,Brewer Park,8163
P6,Bronson Ave & University Dr,8739,3278,Brewer Park,9199
P6,Bronson Ave & University Dr,7271,1810,Brewer Park,7746
P6,Bronson Ave & University Dr,7909,2448,Brewer Park,8377
P6,Bronson Ave & University Dr,6496,1035,Brewer Park,6953
P6,Bronson Ave & University Dr,5797,336,Brewer Park,6262
P6,Bronson Ave & University Dr,8682,3221,Brewer Park,9159
P6,Bronson Ave & University Dr,8945,3484,Brewer Park,9415
P6,Bronson Ave & University Dr,9399,3938,Brewer Park,9879
P6,Bronson Ave & University Dr,8861,3400,Brewer Park,9313
P6,Bronson Ave & University Dr,6150,689,Brewer Park,6622
P6,Bronson Ave & University Dr,7533,2072,Brewer Park,8005
P6,Bronson Ave & University Dr,8398,2937,Brewer Park,8868
P6,Bronson Ave & University Dr,9408,3947,Brewer Park,9887
P6,Bronson Ave & University Dr,8386,2925,Brewer Park,8855
P6,Bronson Ave & University Dr,7518,2057,Brewer Park,7992
P6,Bronson Ave & University Dr,6144,683,Brewer Park,6614
P6,Bronson Ave & University Dr,6652,1191,Brewer Park,7120
P6,Bronson Ave & University Dr,7002,1541,Brewer Park,7476
P6,Bronson Ave & University Dr,8674,3213,Brewer Park,9146
P6,Bronson Ave & University Dr,7203,1742,Brewer Park,7681
P6,Bronson Ave & University Dr,9146,3685,Brewer Park,9599
P6,Bronson Ave & University Dr,5654,193,Brewer Park,6130
P6,Bronson Ave & University Dr,6412,951,Brewer Park,6885
P6,Bronson Ave & University Dr,5729,268,Brewer Park,6197
P6,Bronson Ave & University Dr,8378,2917,Brewer Park,8839
P6,Bronson Ave & University Dr,6089,628,Brewer Park,6545
P6,Bronson Ave & University Dr,8723,3262,Brewer Park,9182
P6,Bronson Ave & University Dr,5725,264,Brewer Park,6193
P6,Bronson Ave & University Dr,8569,3108,Brewer Park,9036
P6,Bronson Ave & University Dr,7124,1663,Brewer Park,7600
P6,Bronson Ave & University Dr,6984,1523,Brewer Park,7444
P6,Bronson Ave & University Dr,8621,3160,Brewer Park,9088
P6,Bronson Ave & University Dr,7961,2500,Brewer Park,8443
P6,Bronson Ave & University Dr,6101,640,Brewer Park,6559
P6,Bronson Ave & University Dr,5958,497,Brewer Park,6424
P6,Bronson Ave & University Dr,7628,2167,Brewer Park,8096
P6,Bronson Ave & University Dr,7067,1606,Brewer Park,7547
P6,Bronson Ave & University Dr,8401,2940,Brewer Park,8873
P6,Bronson Ave & University Dr,5866,405,Brewer Park,6341
P6,Bronson Ave & University Dr,6678,1217,Brewer Park,7153
P6,Bronson Ave & University Dr,8638,3177,Brewer Park,9112
P6,Bronson Ave & University Dr,6575,1114,Brewer Park,7044
P6,Bronson Ave & University Dr,6142,681,Brewer Park,6609
P6,Bronson Ave & University Dr,6123,662,Brewer Park,6585
P6,Bronson Ave & University Dr,8088,2627,Brewer Park,8568
P6,Bronson Ave & University Dr,8933,3472,Brewer Park,9399
P6,Bronson Ave & University Dr,9391,3930,Brewer Park,9866
P6,Bronson Ave & University Dr,6229,768,Brewer Park,6698
P6,Bronson Ave & University Dr,5676,215,Brewer Park,6150
P6,Bronson Ave & University Dr,7251,1790,Brewer Park,7721
P6,Bronson Ave & University Dr,6789,1328,Brewer Park,7253
P6,Bronson Ave & University Dr,7386,1925,Brewer Park,7857
P6,Bronson Ave & University Dr,6256,795,Brewer Park,6728
P6,Bronson Ave & University Dr,9229,3768,Brewer Park,9697
P6,Bronson Ave & University Dr,5994,533,Brewer Park,6474
P6,Bronson Ave & University Dr,7032,1571,Brewer Park,7506
P6,Bronson Ave & University Dr,6833,1372,Brewer Park,7301
P6,Bronson Ave & University Dr,7162,1701,Brewer Park,7628
P6,Bronson Ave & University Dr,6860,1399,Brewer Park,7322
P6,Bronson Ave & University Dr,7264,1803,Brewer Park,7734
P6,Bronson Ave & University Dr,7210,1749,Brewer Park,7689
P6,Bronson Ave & University Dr,8920,3459,Brewer Park,9383
P6,Bronson Ave & University Dr,6650,1189,Brewer Park,7116
P6,Bronson Ave & University Dr,6212,751,Brewer Park,6675
P6,Bronson Ave & University Dr,8947,3486,Brewer Park,9419
P6,Bronson Ave & University Dr,6713,1252,Brewer Park,7188
P6,Bronson Ave & University Dr,9207,3746,Brewer Park,9671
P6,Bronson Ave & University Dr,7617,2156,Brewer Park,8091
P6,Bronson Ave & University Dr,5604,143,Brewer Park,6082
P6,Bronson Ave & University Dr,8492,3031,Brewer Park,8960
P6,Bronson Ave & University Dr,9187,3726,Brewer Park,9646
P6,Bronson Ave & University Dr,7335,1874,Brewer Park,7811
P6,Bronson Ave & University Dr,7775,2314,Brewer Park,8252
P6,Bronson Ave & University Dr,6546,1085,Brewer Park,7014
P6,Bronson Ave & University Dr,9210,3749,Brewer Park,9680
P6,Bronson Ave & University Dr,9404,3943,Brewer Park,9883
P6,Bronson Ave & University Dr,8091,2630,Brewer Park,8577
P6,Bronson Ave & University Dr,7601,2140,Brewer Park,8079
P6,Bronson Ave & University Dr,6120,659,Brewer Park,6581
P6,Bronson Ave & University Dr,8030,2569,Brewer Park,8485
P6,Bronson Ave & University Dr,7777,2316,Brewer Park,8256
P6,Bronson Ave & University Dr,8062,2601,Brewer Park,8530
P6,Bronson Ave & University Dr,8182,2721,Brewer Park,8650
P6,Bronson Ave & University Dr,7039,1578,Brewer Park,7515
P6,Bronson Ave & University Dr,5731,270,Brewer Park,6202
P6,Bronson Ave & University Dr,6533,1072,Brewer Park,6993
P6,Bronson Ave & University Dr,6669,1208,Brewer Park,7148
P6,Bronson Ave & University Dr,7000,1539,Brewer Park,7468
P6,Bronson Ave & University Dr,9334,3873,Brewer Park,9799
P6,Bronson Ave & University Dr,5620,159,Brewer Park,6090
P6,Bronson Ave & University Dr,7094,1633,Brewer Park,7571
P6,Bronson Ave & University Dr,8077,2616,Brewer Park,8551
P6,Bronson Ave & University Dr,9087,3626,Brewer Park,9565
P6,Bronson Ave & University Dr,6619,1158,Brewer Park,7081
P6,Bronson Ave & University Dr,7675,2214,Brewer Park,8147
P6,Bronson Ave & University Dr,8665,3204,Brewer Park,9132
P6,Bronson Ave & University Dr,9409,3948,Brewer Park,9891
P6,Bronson Ave & University Dr,7459,1998,Brewer Park,7927
P6,Bronson Ave & University Dr,9291,3830,Brewer Park,9756
P6,Bronson Ave & University Dr,5884,423,Brewer Park,6349
P6,Bronson Ave & University Dr,7324,1863,Brewer Park,7798
P6,Bronson Ave & University Dr,8350,2889,Brewer Park,8805
P6,Bronson Ave & University Dr,6374,913,Brewer Park,6838
P6,Bronson Ave & University Dr,8600,3139,Brewer Park,9061
P6,Bronson Ave & University Dr,6113,652,Brewer Park,6572
P6,Bronson Ave & University Dr,6801,1340,Brewer Park,7270
P6,Bronson Ave & University Dr,6043,582,Brewer Park,6519
P6,Bronson Ave & University Dr,6519,1058,Brewer Park,6984
P6,Bronson Ave & University Dr,6599,1138,Brewer Park,7066
P6,Bronson Ave & University Dr,6554,1093,Brewer Park,7023
P6,Bronson Ave & University Dr,7786,2325,Brewer Park,8261
P6,Bronson Ave & University Dr,9007,3546,Brewer Park,9464
P6,Bronson Ave & University Dr,8365,2904,Brewer Park,8822
P6,Bronson Ave & University Dr,8382,2921,Brewer Park,8847
P6,Bronson Ave & University Dr,7836,2375,Brewer Park,8306
P6,Bronson Ave & University Dr,7577,2116,Brewer Park,8054
P6,Bronson Ave & University Dr,8372,2911,Brewer Park,8830
P6,Bronson Ave & University Dr,8239,2778,Brewer Park,8704
P6,Bronson Ave & University Dr,7120,1659,Brewer Park,7595
P6,Bronson Ave & University Dr,7603,2142,Brewer Park,8083
P6,Bronson Ave & University Dr,7717,2256,Brewer Park,8193
P6,Bronson Ave & University Dr,9043,3582,Brewer Park,9498
P6,Bronson Ave & University Dr,8395,2934,Brewer Park,8864
P6,Bronson Ave & University Dr,8169,2708,Brewer Park,8637
P6,Bronson Ave & University Dr,9073,3612,Brewer Park,9540
P6,Bronson Ave & University Dr,9058,3597,Brewer Park,9520
P6,Bronson Ave & University Dr,7803,2342,Brewer Park,8278
P6,Bronson Ave & University Dr,9049,3588,Brewer Park,9511
P6,Bronson Ave & University Dr,8903,3442,Brewer Park,9358
P6,Bronson Ave & University Dr,8356,2895,Brewer Park,8813
P6,Bronson Ave & University Dr,7772,2311,Brewer Park,8247
P6,Bronson Ave & University Dr,5889,428,Brewer Park,6358
P6,Bronson Ave & University Dr,8769,3308,Brewer Park,9229
P6,Bronson Ave & University Dr,9374,3913,Brewer Park,9838
P6,Bronson Ave & University Dr,7554,2093,Brewer Park,8026
P6,Bronson Ave & University Dr,8623,3162,Brewer Park,9093
P6,Bronson Ave & University Dr,8403,2942,Brewer Park,8877
P6,Bronson Ave & University Dr,7424,1963,Brewer Park,7892
P6,Bronson Ave & University Dr,9247,3786,Brewer Park,9713
P6,Bronson Ave & University Dr,7397,1936,Brewer Park,7870
P6,Bronson Ave & University Dr,8354,2893,Brewer Park,8809
P6,Bronson Ave & University Dr,6679,1218,Brewer Park,7157
P6,Bronson Ave & University Dr,8269,2808,Brewer Park,8753
P6,Bronson Ave & University Dr,8611,3150,Brewer Park,9075
P6,Bronson Ave & University Dr,6707,1246,Brewer Park,7184
P6,Bronson Ave & University Dr,7959,2498,Brewer Park,8438
P6,Bronson Ave & University Dr,8258,2797,Brewer Park,8740
P6,Bronson Ave & University Dr,8299,2838,Brewer Park,8778
P6,Bronson Ave & University Dr,6639,1178,Brewer Park,7099
P6,Bronson Ave & University Dr,6309,848,Brewer Park,6777
P6,Bronson Ave & University Dr,8852,3391,Brewer Park,9300
P6,Bronson Ave & University Dr,7811,2350,Brewer Park,8290
P6,Bronson Ave & University Dr,6261,800,Brewer Park,6733
P6,Bronson Ave & University Dr,7074,1613,Brewer Park,7552
P6,Bronson Ave & University Dr,8552,3091,Brewer Park,9017
P6,Bronson Ave & University Dr,8340,2879,Brewer Park,8796
P6,Bronson Ave & University Dr,8360,2899,Brewer Park,8818
P6,Bronson Ave & University Dr,8197,2736,Brewer Park,8663
P6,Bronson Ave & University Dr,6883,1422,Brewer Park,7365
P6,Bronson Ave & University Dr,6186,725,Brewer Park,6647
P6,Bronson Ave & University Dr,7255,1794,Brewer Park,7730
P6,Bronson Ave & University Dr,9017,3556,Brewer Park,9471
P6,Bronson Ave & University Dr,6796,1335,Brewer Park,7261
P6,Bronson Ave & University Dr,6732,1271,Brewer Park,7197
P6,Bronson Ave & University Dr,7098,1637,Brewer Park,7575
P6,Bronson Ave & University Dr,6388,927,Brewer Park,6867
P6,Bronson Ave & University Dr,7730,2269,Brewer Park,8206
P6,Bronson Ave & University Dr,8694,3233,Brewer Park,9166
P6,Bronson Ave & University Dr,5584,123,Brewer Park,6060
P6,Bronson Ave & University Dr,6095,634,Brewer Park,6556
P6,Bronson Ave & University Dr,5705,244,Brewer Park,6180
P6,Bronson Ave & University Dr,8596,3135,Brewer Park,9053
P6,Bronson Ave & University Dr,6376,915,Brewer Park,6842
P6,Bronson Ave & University Dr,5684,223,Brewer Park,6163
P6,Bronson Ave & University Dr,9394,3933,Brewer Park,9871
P6,Bronson Ave & University Dr,9053,3592,Brewer Park,9515
P6,Bronson Ave & University Dr,7571,2110,Brewer Park,8044
P6,Bronson Ave & University Dr,5907,446,Brewer Park,6375
P6,Bronson Ave & University Dr,6643,1182,Brewer Park,7107
P6,Bronson Ave & University Dr,7896,2435,Brewer Park,8360
P6,Bronson Ave & University Dr,6342,881,Brewer Park,6800
P6,Bronson Ave & University Dr,9224,3763,Brewer Park,9693
P6,Bronson Ave & University Dr,8854,3393,Brewer Park,9305
P6,Bronson Ave & University Dr,5721,260,Brewer Park,6184
P6,Bronson Ave & University Dr,9035,3574,Brewer Park,9484
P6,Bronson Ave & University Dr,7287,1826,Brewer Park,7759
P6,Bronson Ave & University Dr,6836,1375,Brewer Park,7304
P6,Bronson Ave & University Dr,8127,2666,Brewer Park,8613
P6,Bronson Ave & University Dr,7642,2181,Brewer Park,8110
P6,Bronson Ave & University Dr,6754,1293,Brewer Park,7219
P6,Bronson Ave & University Dr,5801,340,Brewer Park,6266
P6,Bronson Ave & University Dr,6657,1196,Brewer Park,7128
P6,Bronson Ave & University Dr,7199,1738,Brewer Park,7672
P6,Bronson Ave & University Dr,6943,1482,Brewer Park,7418
P6,Bronson Ave & University Dr,8460,2999,Brewer Park,8933
P6,Bronson Ave & University Dr,8331,2870,Brewer Park,8786
P6,Bronson Ave & University Dr,6884,1423,Brewer Park,7369
P6,Bronson Ave & University Dr,6170,709,Brewer Park,6634
P6,Bronson Ave & University Dr,8059,2598,Brewer Park,8526
P6,Bronson Ave & University Dr,7759,2298,Brewer Park,8231
P6,Bronson Ave & University Dr,6031,570,Brewer Park,6511
P6,Bronson Ave & University Dr,5597,136,Brewer Park,6078
P6,Bronson Ave & University Dr,8086,2625,Brewer Park,8564
P6,Bronson Ave & University Dr,7663,2202,Brewer Park,8133
P6,Bronson Ave & University Dr,8826,3365,Brewer Park,9284
P6,Bronson Ave & University Dr,6897,1436,Brewer Park,7373
P6,Bronson Ave & University Dr,6194,733,Brewer Park,6657
P6,Bronson Ave & University Dr,8899,3438,Brewer Park,9353
P6,Bronson Ave & University Dr,5827,366,Brewer Park,6307
P6,Bronson Ave & University Dr,8482,3021,Brewer Park,8945
P6,Bronson Ave & University Dr,8917,3456,Brewer Park,9375
P6,Bronson Ave & University Dr,8066,2605,Brewer Park,8538
P6,Bronson Ave & University Dr,8242,2781,Brewer Park,8713
P6,Bronson Ave & University Dr,5566,105,Brewer Park,6034
P6,Bronson Ave & University Dr,5886,425,Brewer Park,6353
P6,Bronson Ave & University Dr,9159,3698,Brewer Park,9617
P6,Bronson Ave & University Dr,8421,2960,Brewer Park,8886
P6,Bronson Ave & University Dr,6235,774,Brewer Park,6706
P6,Bronson Ave & University Dr,6877,1416,Brewer Park,7360
P6,Bronson Ave & University Dr,9380,3919,Brewer Park,9848
P6,Bronson Ave & University Dr,8907,3446,Brewer Park,9362
P6,Bronson Ave & University Dr,5767,306,Brewer Park,6241
P6,Bronson Ave & University Dr,6347,886,Brewer Park,6808
P6,Bronson Ave & University Dr,7414,1953,Brewer Park,7883
P6,Bronson Ave & University Dr,7007,1546,Brewer Park,7480
P6,Bronson Ave & University Dr,8250,2789,Brewer Park,8727
P6,Bronson Ave & University Dr,5855,394,Brewer Park,6323
P6,Bronson Ave & University Dr,7757,2296,Brewer Park,8226
P6,Bronson Ave & University Dr,6232,771,Brewer Park,6702
P6,Bronson Ave & University Dr,8540,3079,Brewer Park,9009
P6,Bronson Ave & University Dr,9361,3900,Brewer Park,9825
P6,Bronson Ave & University Dr,7444,1983,Brewer Park,7909
P6,Bronson Ave & University Dr,6081,620,Brewer Park,6540
P6,Bronson Ave & University Dr,8070,2609,Brewer Park,8542
P6,Bronson Ave & University Dr,5750,289,Brewer Park,6215
P6,Bronson Ave & University Dr,9267,3806,Brewer Park,9731
P6,Bronson Ave & University Dr,7292,1831,Brewer Park,7768
P6,Bronson Ave & University Dr,8167,2706,Brewer Park,8633
P6,Bronson Ave & University Dr,5670,209,Brewer Park,6146
P6,Bronson Ave & University Dr,7477,2016,Brewer Park,7949
P6,Bronson Ave & University Dr,5768,307,Brewer Park,6245
P6,Bronson Ave & University Dr,8577,3116,Brewer Park,9044
P6,Bronson Ave & University Dr,7862,2401,Brewer Park,8335
P6,Bronson Ave & University Dr,6509,1048,Brewer Park,6967
P6,Bronson Ave & University Dr,8266,2805,Brewer Park,8749
P6,Bronson Ave & University Dr,8450,2989,Brewer Park,8918
P6,Bronson Ave & University Dr,8293,2832,Brewer Park,8774
P6,Bronson Ave & University Dr,9203,3742,Brewer Park,9663
P6,Bronson Ave & University Dr,6067,606,Brewer Park,6532
P6,Bronson Ave & University Dr,6701,1240,Brewer Park,7175
P6,Bronson Ave & University Dr,8292,2831,Brewer Park,8770
P6,Bronson Ave & University Dr,6184,723,Brewer Park,6643
P6,Bronson Ave & University Dr,7595,2134,Brewer Park,8071
P6,Bronson Ave & University Dr,7237,1776,Brewer Park,7712
P6,Bronson Ave & University Dr,6548,1087,Brewer Park,7018
P6,Bronson Ave & University Dr,8035,2574,Brewer Park,8493
P6,Bronson Ave & University Dr,9389,3928,Brewer Park,9862
P6,Bronson Ave & University Dr,7368,1907,Brewer Park,7846
P6,Bronson Ave & University Dr,9326,3865,Brewer Park,9791
P6,Bronson Ave & University Dr,6321,860,Brewer Park,6791
P6,Bronson Ave & University Dr,6901,1440,Brewer Park,7377
P6,Bronson Ave & University Dr,8118,2657,Brewer Park,8608
P6,Bronson Ave & University Dr,9022,3561,Brewer Park,9480
P6,Bronson Ave & University Dr,7805,2344,Brewer Park,8282
P6,Bronson Ave & University Dr,9387,3926,Brewer Park,9857
P6,Bronson Ave & University Dr,9251,3790,Brewer Park,9718
P6,Bronson Ave & University Dr,6464,1003,Brewer Park,6924
P6,Bronson Ave & University Dr,8673,3212,Brewer Park,9142
P6,Bronson Ave & University Dr,6975,1514,Brewer Park,7430
P6,Bronson Ave & University Dr,6222,761,Brewer Park,6685
P6,Bronson Ave & University Dr,8950,3489,Brewer Park,9423
P6,Bronson Ave & University Dr,9096,3635,Brewer Park,9573
P6,Bronson Ave & University Dr,7885,2424,Brewer Park,8351
P6,Bronson Ave & University Dr,6542,1081,Brewer Park,7010
P6,Bronson Ave & University Dr,8805,3344,Brewer Park,9266
P6,Bronson Ave & University Dr,8380,2919,Brewer Park,8843
P6,Bronson Ave & University Dr,6986,1525,Brewer Park,7448
P6,Bronson Ave & University Dr,8797,3336,Brewer Park,9255
P6,Bronson Ave & University Dr,7160,1699,Brewer Park,7624
P6,Bronson Ave & University Dr,7196,1735,Brewer Park,7668
P6,Bronson Ave & University Dr,6662,1201,Brewer Park,7140
P6,Bronson Ave & University Dr,8941,3480,Brewer Park,9411
P6,Bronson Ave & University Dr,6857,1396,Brewer Park,7318
P6,Bronson Ave & University Dr,6931,1470,Brewer Park,7401
P6,Bronson Ave & University Dr,6405,944,Brewer Park,6876
P6,Bronson Ave & University Dr,7060,1599,Brewer Park,7542
P6,Bronson Ave & University Dr,5808,347,Brewer Park,6278
P6,Bronson Ave & University Dr,8562,3101,Brewer Park,9031
P6,Bronson Ave & University Dr,7207,1746,Brewer Park,7685
P6,Bronson Ave & University Dr,8807,3346,Brewer Park,9271
P6,Bronson Ave & University Dr,7115,1654,Brewer Park,7587
P6,Bronson Ave & University Dr,6703,1242,Brewer Park,7180
P6,Bronson Ave & University Dr,6922,1461,Brewer Park,7397
P6,Bronson Ave & University Dr,6764,1303,Brewer Park,7236
P6,Bronson Ave & University Dr,8391,2930,Brewer Park,8860
P6,Bronson Ave & University Dr,8513,3052,Brewer Park,8982
P6,Bronson Ave & University Dr,5631,170,Brewer Park,6107
P6,Bronson Ave & University Dr,6421,960,Brewer Park,6892
P6,Bronson Ave & University Dr,8880,3419,Brewer Park,9325
P6,Bronson Ave & University Dr,6906,1445,Brewer Park,7386
P6,Bronson Ave & University Dr,8333,2872,Brewer Park,8791
P6,Bronson Ave & University Dr,9085,3624,Brewer Park,9560
P6,Bronson Ave & University Dr,6612,1151,Brewer Park,7076
P6,Bronson Ave & University Dr,9376,3915,Brewer Park,9842
P6,Bronson Ave & University Dr,5644,183,Brewer Park,6122
P6,Bronson Ave & University Dr,7236,1775,Brewer Park,7708
P6,Bronson Ave & University Dr,7239,1778,Brewer Park,7716
P6,Bronson Ave & University Dr,8032,2571,Brewer Park,8489
P6,Bronson Ave & University Dr,6130,669,Brewer Park,6594
P6,Bronson Ave & University Dr,7265,1804,Brewer Park,7738
P6,Bronson Ave & University Dr,7031,1570,Brewer Park,7501
P6,Bronson Ave & University Dr,7509,2048,Brewer Park,7975
P6,Bronson Ave & University Dr,7331,1870,Brewer Park,7803
P6,Bronson Ave & University Dr,6938,1477,Brewer Park,7410
P6,Bronson Ave & University Dr,6017,556,Brewer Park,6491
P6,Bronson Ave & University Dr,9396,3935,Brewer Park,9875
P6,Bronson Ave & University Dr,8214,2753,Brewer Park,8679
P6,Bronson Ave & University Dr,6664,1203,Brewer Park,7144
P6,Bronson Ave & University Dr,8607,3146,Brewer Park,9071
P6,Bronson Ave & University Dr,6315,854,Brewer Park,6782
P6,Bronson Ave & University Dr,6288,827,Brewer Park,6755
P6,Bronson Ave & University Dr,7699,2238,Brewer Park,8171
P6,Bronson Ave & University Dr,6718,1257,Brewer Park,7193
P6,Bronson Ave & University Dr,6134,673,Brewer Park,6603
P6,Bronson Ave & University Dr,8597,3136,Brewer Park,9057
P6,Bronson Ave & University Dr,6125,664,Brewer Park,6590
P6,Bronson Ave & University Dr,6809,1348,Brewer Park,7284
P6,Bronson Ave & University Dr,7488,2027,Brewer Park,7966
P6,Bronson Ave & University Dr,9152,3691,Brewer Park,9607
P6,Bronson Ave & University Dr,7442,1981,Brewer Park,7905
P6,Bronson Ave & University Dr,6850,1389,Brewer Park,7309
P6,Bronson Ave & University Dr,8919,3458,Brewer Park,9379
P6,Bronson Ave & University Dr,8793,3332,Brewer Park,9250
P6,Bronson Ave & University Dr,7614,2153,Brewer Park,8087
P6,Bronson Ave & University Dr,7172,1711,Brewer Park,7646
P6,Bronson Ave & University Dr,8550,3089,Brewer Park,9013
P6,Bronson Ave & University Dr,7839,2378,Brewer Park,8311
P6,Bronson Ave & University Dr,7166,1705,Brewer Park,7637
P6,Bronson Ave & University Dr,7043,1582,Brewer Park,7519
P6,Bronson Ave & University Dr,8045,2584,Brewer Park,8510
P6,Bronson Ave & University Dr,8683,3222,Brewer Park,9162
P6,Bronson Ave & University Dr,7981,2520,Brewer Park,8467
P6,Bronson Ave & University Dr,5961,500,Brewer Park,6428
P6,Bronson Ave & University Dr,9079,3618,Brewer Park,9552
P6,Bronson Ave & University Dr,8487,3026,Brewer Park,8956
P6,Bronson Ave & University Dr,7170,1709,Brewer Park,7642
P6,Bronson Ave & University Dr,6360,899,Brewer Park,6825
P6,Bronson Ave & University Dr,6494,1033,Brewer Park,6949
P6,Bronson Ave & University Dr,5861,400,Brewer Park,6331
P6,Bronson Ave & University Dr,6057,596,Brewer Park,6528
P6,Bronson Ave & University Dr,8496,3035,Brewer Park,8969
P6,Bronson Ave & University Dr,8576,3115,Brewer Park,9040
P6,Bronson Ave & University Dr,7035,1574,Brewer Park,7511
P6,Bronson Ave & University Dr,7192,1731,Brewer Park,7663
P6,Bronson Ave & University Dr,7231,1770,Brewer Park,7704
P6,Bronson Ave & University Dr,7711,2250,Brewer Park,8184
P6,Bronson Ave & University Dr,5806,345,Brewer Park,6274
P6,Bronson Ave & University Dr,8780,3319,Brewer Park,9246
P6,Bronson Ave & University Dr,6420,959,Brewer Park,6888
P6,Bronson Ave & University Dr,7583,2122,Brewer Park,8063
P6,Bronson Ave & University Dr,8660,3199,Brewer Park,9125
P6,Bronson Ave & University Dr,5955,494,Brewer Park,6420
P6,Bronson Ave & University Dr,8635,3174,Brewer Park,9107
P6,Bronson Ave & University Dr,9036,3575,Brewer Park,9489
P6,Bronson Ave & University Dr,5979,518,Brewer Park,6453
P6,Bronson Ave & University Dr,7364,1903,Brewer Park,7837
P6,Bronson Ave & University Dr,7860,2399,Brewer Park,8331
P6,Bronson Ave & University Dr,6239,778,Brewer Park,6715
P6,Bronson Ave & University Dr,8424,2963,Brewer Park,8890
P6,Bronson Ave & University Dr,7673,2212,Brewer Park,8142
P6,Bronson Ave & University Dr,7978,2517,Brewer Park,8462
P6,Bronson Ave & University Dr,5700,239,Brewer Park,6171
P6,Bronson Ave & University Dr,8998,3537,Brewer Park,9450
P6,Bronson Ave & University Dr,7787,2326,Brewer Park,8265
P6,Bronson Ave & University Dr,5588,127,Brewer Park,6065
P6,Bronson Ave & University Dr,6994,1533,Brewer Park,7461
P6,Bronson Ave & University Dr,7899,2438,Brewer Park,8367
P6,Bronson Ave & University Dr,7879,2418,Brewer Park,8343
P6,Bronson Ave & University Dr,5882,421,Brewer Park,6345
P6,Bronson Ave & University Dr,7846,2385,Brewer Park,8319
P6,Bronson Ave & University Dr,7485,2024,Brewer Park,7962
P6,Bronson Ave & University Dr,7130,1669,Brewer Park,7604
P6,Bronson Ave & University Dr,7275,1814,Brewer Park,7751
P6,Bronson Ave & University Dr,8840,3379,Brewer Park,9296
P6,Bronson Ave & University Dr,5832,371,Brewer Park,6315
P6,Bronson Ave & University Dr,7117,1656,Brewer Park,7591
P6,Bronson Ave & University Dr,6799,1338,Brewer Park,7266
P6,Bronson Ave & University Dr,7212,1751,Brewer Park,7694
P6,Bronson Ave & University Dr,8731,3270,Brewer Park,9186
P6,Bronson Ave & University Dr,5980,519,Brewer Park,6457
P6,Bronson Ave & University Dr,9001,3540,Brewer Park,9454
P6,Bronson Ave & University Dr,6990,1529,Brewer Park,7456
P6,Bronson Ave & University Dr,5937,476,Brewer Park,6402
P6,Bronson Ave & University Dr,9198,3737,Brewer Park,9655
P6,Bronson Ave & University Dr,6792,1331,Brewer Park,7257
P6,Bronson Ave & University Dr,7882,2421,Brewer Park,8347
P6,Bronson Ave & University Dr,8521,3060,Brewer Park,8992
P6,Bronson Ave & University Dr,9070,3609,Brewer Park,9536
P6,Bronson Ave & University Dr,7808,2347,Brewer Park,8286
P6,Bronson Ave & University Dr,6852,1391,Brewer Park,7313
P6,Bronson Ave & University Dr,6132,671,Brewer Park,6599
P6,Bronson Ave & University Dr,8055,2594,Brewer Park,8519
P6,Bronson Ave & University Dr,6591,1130,Brewer Park,7057
P6,Bronson Ave & University Dr,5863,402,Brewer Park,6336
P6,Bronson Ave & University Dr,7749,2288,Brewer Park,8214
P6,Bronson Ave & University Dr,8454,2993,Brewer Park,8922
P6,Bronson Ave & University Dr,8803,3342,Brewer Park,9263
P6,Bronson Ave & University Dr,9020,3559,Brewer Park,9475
P6,Bronson Ave & University Dr,8956,3495,Brewer Park,9433
P6,Bronson Ave & University Dr,5986,525,Brewer Park,6465
P6,Bronson Ave & University Dr,6210,749,Brewer Park,6671
P6,Bronson Ave & University Dr,6362,901,Brewer Park,6829
P6,Bronson Ave & University Dr,8777,3316,Brewer Park,9242
P6,Bronson Ave & University Dr,9089,3628,Brewer Park,9569
P6,Bronson Ave & University Dr,8525,3064,Brewer Park,8996
P6,Bronson Ave & University Dr,7729,2268,Brewer Park,8202
P6,Bronson Ave & University Dr,6736,1275,Brewer Park,7202
P6,Bronson Ave & University Dr,7339,1878,Brewer Park,7816
P6,Bronson Ave & University Dr,6268,807,Brewer Park,6746
P6,Bronson Ave & University Dr,8493,3032,Brewer Park,8964
P6,Bronson Ave & University Dr,7466,2005,Brewer Park,7931
P6,Bronson Ave & University Dr,8558,3097,Brewer Park,9026
P6,Bronson Ave & University Dr,8971,3510,Brewer Park,9437
P6,Bronson Ave & University Dr,5618,157,Brewer Park,6086
P6,Bronson Ave & University Dr,7001,1540,Brewer Park,7472
P6,Bronson Ave & University Dr,9305,3844,Brewer Park,9773
P6,Bronson Ave & University Dr,7870,2409,Brewer Park,8339
P6,Bronson Ave & University Dr,5984,523,Brewer Park,6461
P6,Bronson Ave & University Dr,7962,2501,Brewer Park,8446
P6,Bronson Ave & University Dr,7630,2169,Brewer Park,8101
P6,Bronson Ave & University Dr,9193,3732,Brewer Park,9650
P6,Bronson Ave & University Dr,7755,2294,Brewer Park,8222
P6,Bronson Ave & University Dr,6564,1103,Brewer Park,7040
P6,Bronson Ave & University Dr,7447,1986,Brewer Park,7913
P6,Bronson Ave & University Dr,8696,3235,Brewer Park,9170
P6,Bronson Ave & University Dr,6561,1100,Brewer Park,7035
P6,Bronson Ave & University Dr,9416,3955,Brewer Park,9896
P6,Bronson Ave & University Dr,8455,2994,Brewer Park,8926
P6,Bronson Ave & University Dr,5818,357,Brewer Park,6295
P6,Bronson Ave & University Dr,8831,3370,Brewer Park,9288
P6,Bronson Ave & University Dr,8676,3215,Brewer Park,9151
P6,Bronson Ave & University Dr,8612,3151,Brewer Park,9079
P6,Bronson Ave & University Dr,6511,1050,Brewer Park,6971
P6,Bronson Ave & University Dr,6972,1511,Brewer Park,7426
P6,Bronson Ave & University Dr,8882,3421,Brewer Park,9329
P6,Bronson Ave & University Dr,7164,1703,Brewer Park,7633
P6,Bronson Ave & University Dr,9169,3708,Brewer Park,9632
P6,Bronson Ave & University Dr,8114,2653,Brewer Park,8603
P6,Bronson Ave & University Dr,7103,1642,Brewer Park,7579
P6,Bronson Ave & University Dr,6343,882,Brewer Park,6804
P6,Bronson Ave & University Dr,7305,1844,Brewer Park,7786
P6,Bronson Ave & University Dr,5774,313,Brewer Park,6249
P6,Bronson Ave & University Dr,7770,2309,Brewer Park,8243
P6,Bronson Ave & University Dr,8058,2597,Brewer Park,8522
P6,Bronson Ave & University Dr,6536,1075,Brewer Park,6997
P6,Bronson Ave & University Dr,5891,430,Brewer Park,6362
P6,Bronson Ave & University Dr,9318,3857,Brewer Park,9781
P6,Bronson Ave & University Dr,6202,741,Brewer Park,6662
P6,Bronson Ave & University Dr,7476,2015,Brewer Park,7945
P6,Bronson Ave & University Dr,7940,2479,Brewer Park,8412
P6,Bronson Ave & University Dr,5681,220,Brewer Park,6158
P6,Bronson Ave & University Dr,8210,2749,Brewer Park,8675
P6,Bronson Ave & University Dr,8953,3492,Brewer Park,9428
P6,Bronson Ave & University Dr,8772,3311,Brewer Park,9238
P6,Bronson Ave & University Dr,6661,1200,Brewer Park,7136
P6,Bronson Ave & University Dr,7186,1725,Brewer Park,7650
P6,Bronson Ave & University Dr,7055,1594,Brewer Park,7534
P6,Bronson Ave & University Dr,9061,3600,Brewer Park,9524
P6,Bronson Ave & University Dr,7800,2339,Brewer Park,8273
P6,Bronson Ave & University Dr,5941,480,Brewer Park,6407
P6,Bronson Ave & University Dr,6015,554,Brewer Park,6487
P6,Bronson Ave & University Dr,6784,1323,Brewer Park,7248
P6,Bronson Ave & University Dr,8436,2975,Brewer Park,8900
P6,Bronson Ave & University Dr,9103,3642,Brewer Park,9581
P6,Bronson Ave & University Dr,8894,3433,Brewer Park,9345
P6,Bronson Ave & University Dr,8419,2958,Brewer Park,8881
P6,Bronson Ave & University Dr,9372,3911,Brewer Park,9833
P6,Bronson Ave & University Dr,7075,1614,Brewer Park,7556
P6,Bronson Ave & University Dr,7738,2277,Brewer Park,8210
P6,Bronson Ave & University Dr,8248,2787,Brewer Park,8722
P6,Bronson Ave & University Dr,6116,655,Brewer Park,6576
P6,Bronson Ave & University Dr,5988,527,Brewer Park,6469
P6,Bronson Ave & University Dr,7798,2337,Brewer Park,8269
P6,Bronson Ave & University Dr,9352,3891,Brewer Park,9821
P6,Bronson Ave & University Dr,9173,3712,Brewer Park,9637
P6,Bronson Ave & University Dr,9208,3747,Brewer Park,9675
P6,Bronson Ave & University Dr,5763,302,Brewer Park,6237
P6,Bronson Ave & University Dr,6782,1321,Brewer Park,7244
P6,Bronson Ave & University Dr,7489,2028,Brewer Park,7970
P6,Bronson Ave & University Dr,7014,1553,Brewer Park,7493
P6,Bronson Ave & University Dr,6403,942,Brewer Park,6871
P6,Bronson Ave & University Dr,8185,2724,Brewer Park,8654
P6,Bronson Ave & University Dr,7084,1623,Brewer Park,7566
P6,Bronson Ave & University Dr,5649,188,Brewer Park,6126
P6,Bronson Ave & University Dr,6873,1412,Brewer Park,7351
P6,Bronson Ave & University Dr,7300,1839,Brewer Park,7778
P6,Bronson Ave & University Dr,6865,1404,Brewer Park,7334
P6,Bronson Ave & University Dr,7641,2180,Brewer Park,8106
P6,Bronson Ave & University Dr,7574,2113,Brewer Park,8049
P6,Bronson Ave & University Dr,6914,1453,Brewer Park,7393
P6,Bronson Ave & University Dr,8975,3514,Brewer Park,9445
P6,Bronson Ave & University Dr,7009,1548,Brewer Park,7485
P6,Bronson Ave & University Dr,7819,2358,Brewer Park,8298
P6,Bronson Ave & University Dr,8927,3466,Brewer Park,9391
P6,Bronson Ave & University Dr,9216,3755,Brewer Park,9685
P6,Bronson Ave & University Dr,5665,204,Brewer Park,6142
P6,Bronson Ave & University Dr,6482,1021,Brewer Park,6933
P6,Bronson Ave & University Dr,9298,3837,Brewer Park,9768
P6,Bronson Ave & University Dr,6980,1519,Brewer Park,7439
P6,Bronson Ave & University Dr,5580,119,Brewer Park,6055
P6,Bronson Ave & University Dr,5657,196,Brewer Park,6134
P6,Bronson Ave & University Dr,8915,3454,Brewer Park,9371
P6,Bronson Ave & University Dr,5794,333,Brewer Park,6253
P6,Bronson Ave & University Dr,7401,1940,Brewer Park,7874
P6,Bronson Ave & University Dr,7990,2529,Brewer Park,8471
P6,Bronson Ave & University Dr,9003,3542,Brewer Park,9460
P6,Bronson Ave & University Dr,9343,3882,Brewer Park,9808
P6,Bronson Ave & University Dr,6207,746,Brewer Park,6666
P6,Bronson Ave & University Dr,6382,921,Brewer Park,6855
P6,Bronson Ave & University Dr,9200,3739,Brewer Park,9659
P6,Bronson Ave & University Dr,8237,2776,Brewer Park,8700
P6,Bronson Ave & University Dr,9348,3887,Brewer Park,9817
P6,Bronson Ave & University Dr,8193,2732,Brewer Park,8659
P6,Bronson Ave & University Dr,8051,2590,Brewer Park,8514
P6,Bronson Ave & University Dr,6828,1367,Brewer Park,7293
P6,Bronson Ave & University Dr,8858,3397,Brewer Park,9309
P6,Bronson Ave & University Dr,6371,910,Brewer Park,6834
P6,Bronson Ave & University Dr,9136,3675,Brewer Park,9594
P6,Bronson Ave & University Dr,8862,3401,Brewer Park,9317
P6,Bronson Ave & University Dr,6486,1025,Brewer Park,6937
P6,Bronson Ave & University Dr,6869,1408,Brewer Park,7343
P6,Bronson Ave & University Dr,6805,1344,Brewer Park,7279
P6,Bronson Ave & University Dr,6148,687,Brewer Park,6618
P6,Bronson Ave & University Dr,6192,731,Brewer Park,6652
P6,Bronson Ave & University Dr,5692,231,Brewer Park,6167
P6,Bronson Ave & University Dr,5740,279,Brewer Park,6211
P6,Bronson Ave & University Dr,8302,2841,Brewer Park,8782
P6,Bronson Ave & University Dr,9316,3855,Brewer Park,9777
P6,Bronson Ave & University Dr,9426,3965,Brewer Park,9900
P6,Bronson Ave & University Dr,6432,971,Brewer Park,6904
P6,Bronson Ave & University Dr,7996,2535,Brewer Park,8480
P6,Bronson Ave & University Dr,8234,2773,Brewer Park,8695
P6,Bronson Ave & University Dr,8923,3462,Brewer Park,9387
P6,Bronson Ave & University Dr,6103,642,Brewer Park,6563
P6,Bronson Ave & University Dr,7340,1879,Brewer Park,7820
P6,Bronson Ave & University Dr,6338,877,Brewer Park,6795
P6,Bronson Ave & University Dr,5925,464,Brewer Park,6389
P6,Bronson Ave & University Dr,5897,436,Brewer Park,6371
P6,Bronson Ave & University Dr,8229,2768,Brewer Park,8687
P6,Bronson Ave & University Dr,7702,2241,Brewer Park,8175
P6,Bronson Ave & University Dr,7291,1830,Brewer Park,7764
P6,Bronson Ave & University Dr,6903,1442,Brewer Park,7381
P6,Bronson Ave & University Dr,6811,1350,Brewer Park,7288
P6,Bronson Ave & University Dr,9157,3696,Brewer Park,9612
P6,Bronson Ave & University Dr,9099,3638,Brewer Park,9577
P6,Bronson Ave & University Dr,5821,360,Brewer Park,6299
P6,Bronson Ave & University Dr,7426,1965,Brewer Park,7897
P6,Bronson Ave & University Dr,6479,1018,Brewer Park,6928
P6,Bronson Ave & University Dr,6033,572,Brewer Park,6515
P6,Bronson Ave & University Dr,8442,2981,Brewer Park,8909
P6,Bronson Ave & University Dr,7472,2011,Brewer Park,7940
P6,Bronson Ave & University Dr,7454,1993,Brewer Park,7918
P6,Bronson Ave & University Dr,5592,131,Brewer Park,6070
P6,Bronson Ave & University Dr,6093,632,Brewer Park,6552
P6,Bronson Ave & University Dr,8206,2745,Brewer Park,8667
P6,Bronson Ave & University Dr,7544,2083,Brewer Park,8022
P6,Bronson Ave & University Dr,8042,2581,Brewer Park,8506
P6,Bronson Ave & University Dr,7015,1554,Brewer Park,7497
P6,Bronson Ave & University Dr,7918,2457,Brewer Park,8384
P6,Bronson Ave & University Dr,7483,2022,Brewer Park,7958
P6,Bronson Ave & University Dr,7935,2474,Brewer Park,8407
P6,Bronson Ave & University Dr,8910,3449,Brewer Park,9366
P6,Bronson Ave & University Dr,6863,1402,Brewer Park,7330
P6,Bronson Ave & University Dr,6694,1233,Brewer Park,7171
P6,Bronson Ave & University Dr,7010,1549,Brewer Park,7489
P6,Bronson Ave & University Dr,5628,167,Brewer Park,6102
P6,Bronson Ave & University Dr,8151,2690,Brewer Park,8624
P6,Bronson Ave & University Dr,6648,1187,Brewer Park,7112
P6,Bronson Ave & University Dr,7303,1842,Brewer Park,7782
P6,Bronson Ave & University Dr,9364,3903,Brewer Park,9829
P6,Bronson Ave & University Dr,8071,2610,Brewer Park,8546
P6,Bronson Ave & University Dr,7647,2186,Brewer Park,8116
P6,Bronson Ave & University Dr,7469,2008,Brewer Park,7935
P6,Bronson Ave & University Dr,7570,2109,Brewer Park,8039
P6,Bronson Ave & University Dr,5813,352,Brewer Park,6287
P6,Bronson Ave & University Dr,8343,2882,Brewer Park,8801
P6,Bronson Ave & University Dr,8770,3309,Brewer Park,9233
P6,Bronson Ave & University Dr,8240,2779,Brewer Park,8708
P6,Bronson Ave & University Dr,6503,1042,Brewer Park,6958
P6,Bronson Ave & University Dr,8537,3076,Brewer Park,9005
P6,Bronson Ave & University Dr,8096,2635,Brewer Park,8586
P6,Bronson Ave & University Dr,9066,3605,Brewer Park,9528
P6,Bronson Ave & University Dr,6216,755,Brewer Park,6680
P6,Bronson Ave & University Dr,8935,3474,Brewer Park,9404
P6,Bronson Ave & University Dr,6760,1299,Brewer Park,7228
P6,Bronson Ave & University Dr,8274,2813,Brewer Park,8766
P6,Bronson Ave & University Dr,7148,1687,Brewer Park,7608
P6,Bronson Ave & University Dr,8228,2767,Brewer Park,8683
P6,Bronson Ave & University Dr,8517,3056,Brewer Park,8987
P6,Bronson Ave & University Dr,7050,1589,Brewer Park,7523
P6,Bronson Ave & University Dr,6380,919,Brewer Park,6850
P6,Bronson Ave & University Dr,6556,1095,Brewer Park,7027
P6,Bronson Ave & University Dr,8554,3093,Brewer Park,9021
P6,Bronson Ave & University Dr,5966,505,Brewer Park,6436
P6,Bronson Ave & University Dr,5795,334,Brewer Park,6257
P6,Bronson Ave & University Dr,9346,3885,Brewer Park,9813
P6,Bronson Ave & University Dr,5622,161,Brewer Park,6094
P6,Bronson Ave & University Dr,7974,2513,Brewer Park,8458
P6,Bronson Ave & University Dr,9282,3821,Brewer Park,9752
P6,Bronson Ave & University Dr,6541,1080,Brewer Park,7006
P6,Bronson Ave & University Dr,9280,3819,Brewer Park,9749
P6,Bronson Ave & University Dr,6349,888,Brewer Park,6813
P6,Bronson Ave & University Dr,9131,3670,Brewer Park,9590
P6,Bronson Ave & University Dr,5572,111,Brewer Park,6043
P6,Bronson Ave & University Dr,7318,1857,Brewer Park,7790
P6,Bronson Ave & University Dr,6762,1301,Brewer Park,7232
P6,Bronson Ave & University Dr,6538,1077,Brewer Park,7002
P6,Bronson Ave & University Dr,8662,3201,Brewer Park,9128
P6,Bronson Ave & University Dr,5678,217,Brewer Park,6154
P6,Bronson Ave & University Dr,8272,2811,Brewer Park,8761
P6,Bronson Ave & University Dr,5845,384,Brewer Park,6318
P6,Bronson Ave & University Dr,6354,893,Brewer Park,6820
P6,Bronson Ave & University Dr,8865,3404,Brewer Park,9320
P6,Bronson Ave & University Dr,7894,2433,Brewer Park,8356
P6,Bronson Ave & University Dr,7541,2080,Brewer Park,8018
P6,Bronson Ave & University Dr,8887,3426,Brewer Park,9337
P6,Bronson Ave & University Dr,7750,2289,Brewer Park,8218
P6,Bronson Ave & University Dr,6977,1516,Brewer Park,7434
P6,Bronson Ave & University Dr,5574,113,Brewer Park,6047
P6,Bronson Ave & University Dr,6111,650,Brewer Park,6568
P6,Bronson Ave & University Dr,6514,1053,Brewer Park,6979
