lot,campus_exit,campus_exit_from_t0_s,campus_exit_travel_s,finish_exit,finish_from_t0_s
P6,Bronson Ave & University Dr,4387,4326,Brewer Park,4847
P7,Bronson Ave & University Dr,11650,11589,Brewer Park,12116
P5,Stadium Way,199,138,Brewer Park,247
P7,Bronson Ave & University Dr,12288,12227,Brewer Park,12761
P1,Colonel By,301,240,Hogs Back Plaza (SW dest.),528
P7,Bronson Ave & University Dr,11563,11502,Brewer Park,12326
P3,Stadium Way,3640,3579,Brewer Park,3749
P7,Bronson Ave & University Dr,11054,10993,Brewer Park,11529
P5,Stadium Way,454,393,Brewer Park,565
P7,Bronson Ave & University Dr,9086,9025,Brewer Park,9552
P7,Bronson Ave & University Dr,9677,9616,Brewer Park,10127
P5,Stadium Way,845,784,Brewer Park,948
P5,Stadium Way,1672,1611,Brewer Park,1766
P7,Bronson Ave & University Dr,8116,8055,Brewer Park,8580
P3,Stadium Way,3846,3785,Brewer Park,3960
P7,Bronson Ave & University Dr,7972,7911,Brewer Park,8440
P5,Stadium Way,2730,2669,Brewer Park,2846
P7,Bronson Ave & University Dr,12478,12417,Brewer Park,12925
P5,Stadium Way,3094,3033,Brewer Park,3200
P6,Bronson Ave & University Dr,7288,7227,Brewer Park,7744
P3,Stadium Way,3607,3546,Brewer Park,3719
P6,Bronson Ave & University Dr,5327,5266,Brewer Park,5808
P7,Bronson Ave & University Dr,8134,8073,Brewer Park,8598
P5,Stadium Way,1811,1750,Brewer Park,1923
P2,Colonel By,586,525,Hogs Back Plaza (SW dest.),1016
P3,Stadium Way,3565,3504,Brewer Park,3674
P5,Stadium Way,313,252,Brewer Park,390
P5,Stadium Way,2868,2807,Brewer Park,2976
P7,Bronson Ave & University Dr,10681,10620,Brewer Park,11154
P3,Stadium Way,3753,3692,Brewer Park,3870
P7,Bronson Ave & University Dr,11586,11525,Brewer Park,12357
P5,Stadium Way,2024,1963,Brewer Park,2125
P2,Colonel By,551,490,Hogs Back Plaza (SW dest.),950
P5,Stadium Way,2478,2417,Brewer Park,2586
P7,Bronson Ave & University Dr,11036,10975,Brewer Park,11500
P6,Bronson Ave & University Dr,7542,7481,Brewer Park,8008
P7,Bronson Ave & University Dr,8149,8088,Brewer Park,8610
P3,Stadium Way,3872,3811,Brewer Park,3983
P6,Bronson Ave & University Dr,4361,4300,Brewer Park,4839
P7,Bronson Ave & University Dr,11501,11440,Brewer Park,11973
P5,Stadium Way,1072,1011,Brewer Park,1191
P7,Bronson Ave & University Dr,12391,12330,Brewer Park,12851
P7,Bronson Ave & University Dr,11753,11692,Brewer Park,12234
P5,Stadium Way,2149,2088,Brewer Park,2255
P7,Bronson Ave & University Dr,9848,9787,Brewer Park,10315
P4,Stadium Way,501,440,Brewer Park,616
P1,Colonel By,355,294,Hogs Back Plaza (SW dest.),590
P7,Bronson Ave & University Dr,11319,11258,Brewer Park,11775
P5,Stadium Way,1457,1396,Brewer Park,1567
P5,Stadium Way,2202,2141,Brewer Park,2300
P5,Stadium Way,2045,1984,Brewer Park,2153
P7,Bronson Ave & University Dr,8384,8323,Brewer Park,8842
P5,Stadium Way,3150,3089,Brewer Park,3261
P1,Colonel By,298,237,Hogs Back Plaza (SW dest.),524
P3,Stadium Way,3881,3820,Brewer Park,3996
P5,Stadium Way,632,571,Brewer Park,737
P5,Stadium Way,349,288,Brewer Park,437
P6,Bronson Ave & University Dr,172,111,Brewer Park,4536
P6,Bronson Ave & University Dr,5461,5400,Brewer Park,5933
P6,Bronson Ave & University Dr,5331,5270,Brewer Park,5816
P5,Stadium Way,259,198,Brewer Park,318
P7,Bronson Ave & University Dr,10330,10269,Brewer Park,10799
P5,Stadium Way,1751,1690,Brewer Park,1862
P5,Stadium Way,264,203,Brewer Park,327
P5,Stadium Way,530,469,Brewer Park,642
P7,Bronson Ave & University Dr,10141,10080,Brewer Park,10626
P4,Stadium Way,4320,4259,Brewer Park,4428
P7,Bronson Ave & University Dr,8802,8741,Brewer Park,9277
P5,Stadium Way,2440,2379,Brewer Park,2546
P7,Bronson Ave & University Dr,10036,9975,Brewer Park,10519
P7,Bronson Ave & University Dr,8125,8064,Brewer Park,8590
P3,Stadium Way,3599,3538,Brewer Park,3702
P4,Stadium Way,4221,4160,Brewer Park,4335
P3,Stadium Way,3627,3566,Brewer Park,3733
P6,Bronson Ave & University Dr,6366,6305,Brewer Park,6841
P5,Stadium Way,1460,1399,Brewer Park,1559
P6,Bronson Ave & University Dr,5034,4973,Brewer Park,5515
P6,Bronson Ave & University Dr,4778,4717,Brewer Park,5237
P7,Bronson Ave & University Dr,10821,10760,Brewer Park,11297
P7,Bronson Ave & University Dr,11466,11405,Brewer Park,11924
P7,Bronson Ave & University Dr,12534,12473,Brewer Park,12993
P4,Stadium Way,4094,4033,Brewer Park,4203
P1,Colonel By,411,350,Hogs Back Plaza (SW dest.),665
P2,Colonel By,449,388,Hogs Back Plaza (SW dest.),807
P1,Colonel By,163,102,Hogs Back Plaza (SW dest.),353
P6,Bronson Ave & University Dr,6068,6007,Brewer Park,6544
P1,Colonel By,228,167,Hogs Back Plaza (SW dest.),435
P7,Bronson Ave & University Dr,10079,10018,Brewer Park,10556
P5,Stadium Way,393,332,Brewer Park,494
P5,Stadium Way,3130,3069,Brewer Park,3234
P7,Bronson Ave & University Dr,8464,8403,Brewer Park,8930
P5,Stadium Way,557,496,Brewer Park,673
P5,Stadium Way,3111,3050,Brewer Park,3220
P5,Stadium Way,2649,2588,Brewer Park,2760
P5,Stadium Way,1123,1062,Brewer Park,1240
P7,Bronson Ave & University Dr,7919,7858,Brewer Park,8381
P7,Bronson Ave & University Dr,11662,11601,Brewer Park,12129
P7,Bronson Ave & University Dr,11781,11720,Brewer Park,12255
P7,Bronson Ave & University Dr,7953,7892,Brewer Park,8405
P7,Bronson Ave & University Dr,11684,11623,Brewer Park,12479
P7,Bronson Ave & University Dr,8471,8410,Brewer Park,8943
P7,Bronson Ave & University Dr,8235,8174,Brewer Park,8702
P7,Bronson Ave & University Dr,11348,11287,Brewer Park,11815
P7,Bronson Ave & University Dr,10062,10001,Brewer Park,10834
P7,Bronson Ave & University Dr,9685,9624,Brewer Park,10140
P6,Bronson Ave & University Dr,5209,5148,Brewer Park,5682
P5,Stadium Way,194,133,Brewer Park,239
P7,Bronson Ave & University Dr,10132,10071,Brewer Park,10901
P4,Stadium Way,4107,4046,Brewer Park,4220
P5,Stadium Way,2544,2483,Brewer Park,2660
P6,Bronson Ave & University Dr,7879,7818,Brewer Park,8349
P5,Stadium Way,1126,1065,Brewer Park,1244
P5,Stadium Way,848,787,Brewer Park,953
P5,Stadium Way,2586,2525,Brewer Park,2704
P2,Colonel By,571,510,Hogs Back Plaza (SW dest.),992
P7,Bronson Ave & University Dr,10020,9959,Brewer Park,10502
P4,Stadium Way,4193,4132,Brewer Park,4300
P5,Stadium Way,2481,2420,Brewer Park,2590
P5,Stadium Way,814,753,Brewer Park,923
P7,Bronson Ave & University Dr,9116,9055,Brewer Park,9589
P7,Bronson Ave & University Dr,10686,10625,Brewer Park,11161
P7,Bronson Ave & University Dr,11284,11223,Brewer Park,11744
P5,Stadium Way,222,161,Brewer Park,274
P7,Bronson Ave & University Dr,8622,8561,Brewer Park,9092
P6,Bronson Ave & University Dr,7628,7567,Brewer Park,8099
P6,Bronson Ave & University Dr,6974,6913,Brewer Park,7444
P7,Bronson Ave & University Dr,12329,12268,Brewer Park,12805
P6,Bronson Ave & University Dr,7081,7020,Brewer Park,7540
P7,Bronson Ave & University Dr,9309,9248,Brewer Park,9774
P6,Bronson Ave & University Dr,7898,7837,Brewer Park,8368
P7,Bronson Ave & University Dr,9892,9831,Brewer Park,10362
P6,Bronson Ave & University Dr,7029,6968,Brewer Park,7500
P7,Bronson Ave & University Dr,10853,10792,Brewer Park,11323
P4,Stadium Way,4254,4193,Brewer Park,4361
P7,Bronson Ave & University Dr,12202,12141,Brewer Park,12668
P7,Bronson Ave & University Dr,11622,11561,Brewer Park,12405
P4,Stadium Way,4057,3996,Brewer Park,4171
P5,Stadium Way,2067,2006,Brewer Park,2181
P7,Bronson Ave & University Dr,8320,8259,Brewer Park,8783
P1,Colonel By,319,258,Hogs Back Plaza (SW dest.),551
P6,Bronson Ave & University Dr,4299,4238,Brewer Park,4775
P2,Colonel By,645,584,Hogs Back Plaza (SW dest.),1097
P6,Bronson Ave & University Dr,7601,7540,Brewer Park,8060
P7,Bronson Ave & University Dr,10198,10137,Brewer Park,10975
P7,Bronson Ave & University Dr,8918,8857,Brewer Park,9395
P6,Bronson Ave & University Dr,5398,5337,Brewer Park,5867
P6,Bronson Ave & University Dr,5658,5597,Brewer Park,6115
P7,Bronson Ave & University Dr,8670,8609,Brewer Park,9153
P6,Bronson Ave & University Dr,4793,4732,Brewer Park,5263
P6,Bronson Ave & University Dr,6665,6604,Brewer Park,7143
P7,Bronson Ave & University Dr,11288,11227,Brewer Park,11748
P1,Colonel By,202,141,Hogs Back Plaza (SW dest.),401
P5,Stadium Way,2301,2240,Brewer Park,2409
P6,Bronson Ave & University Dr,7271,7210,Brewer Park,7731
P6,Bronson Ave & University Dr,5644,5583,Brewer Park,6106
P4,Stadium Way,4204,4143,Brewer Park,4312
P2,Colonel By,542,481,Hogs Back Plaza (SW dest.),929
P7,Bronson Ave & University Dr,10269,10208,Brewer Park,11055
P4,Stadium Way,4181,4120,Brewer Park,4288
P5,Stadium Way,2291,2230,Brewer Park,2405
P6,Bronson Ave & University Dr,6030,5969,Brewer Park,6495
P7,Bronson Ave & University Dr,9553,9492,Brewer Park,10031
P1,Colonel By,132,71,Hogs Back Plaza (SW dest.),315
P5,Stadium Way,389,328,Brewer Park,489
P6,Bronson Ave & University Dr,272,211,Brewer Park,4671
P7,Bronson Ave & University Dr,9374,9313,Brewer Park,9844
P7,Bronson Ave & University Dr,9759,9698,Brewer Park,10238
P7,Bronson Ave & University Dr,11650,11589,Brewer Park,12430
P7,Bronson Ave & University Dr,10895,10834,Brewer Park,11374
P1,Colonel By,178,117,Hogs Back Plaza (SW dest.),371
P5,Stadium Way,190,129,Brewer Park,235
P6,Bronson Ave & University Dr,4600,4539,Brewer Park,5071
P6,Bronson Ave & University Dr,5737,5676,Brewer Park,6211
P6,Bronson Ave & University Dr,5166,5105,Brewer Park,5636
P7,Bronson Ave & University Dr,8570,8509,Brewer Park,9045
P7,Bronson Ave & University Dr,11577,11516,Brewer Park,12344
P7,Bronson Ave & University Dr,11444,11383,Brewer Park,11914
P6,Bronson Ave & University Dr,4817,4756,Brewer Park,5292
P7,Bronson Ave & University Dr,8954,8893,Brewer Park,9428
P6,Bronson Ave & University Dr,4457,4396,Brewer Park,4945
P6,Bronson Ave & University Dr,7496,7435,Brewer Park,7960
P6,Bronson Ave & University Dr,4605,4544,Brewer Park,5081
P6,Bronson Ave & University Dr,6141,6080,Brewer Park,6600
P7,Bronson Ave & University Dr,8157,8096,Brewer Park,8623
P4,Stadium Way,4211,4150,Brewer Park,4325
P6,Bronson Ave & University Dr,5637,5576,Brewer Park,6101
P7,Bronson Ave & University Dr,11705,11644,Brewer Park,12172
P3,Stadium Way,4009,3948,Brewer Park,4121
P7,Bronson Ave & University Dr,11690,11629,Brewer Park,12159
P7,Bronson Ave & University Dr,11719,11658,Brewer Park,12504
P7,Bronson Ave & University Dr,8020,7959,Brewer Park,8487
P6,Bronson Ave & University Dr,6704,6643,Brewer Park,7175
P5,Stadium Way,2512,2451,Brewer Park,2623
P6,Bronson Ave & University Dr,5255,5194,Brewer Park,5724
P7,Bronson Ave & University Dr,11382,11321,Brewer Park,11847
P7,Bronson Ave & University Dr,12389,12328,Brewer Park,12848
P5,Stadium Way,1667,1606,Brewer Park,1775
P7,Bronson Ave & University Dr,10015,9954,Brewer Park,10494
P5,Stadium Way,400,339,Brewer Park,503
P6,Bronson Ave & University Dr,5550,5489,Brewer Park,6020
P7,Bronson Ave & University Dr,10345,10284,Brewer Park,10821
P6,Bronson Ave & University Dr,5777,5716,Brewer Park,6254
P5,Stadium Way,2913,2852,Brewer Park,3022
P7,Bronson Ave & University Dr,9272,9211,Brewer Park,9740
P3,Stadium Way,3408,3347,Brewer Park,3527
P3,Stadium Way,3341,3280,Brewer Park,3453
P6,Bronson Ave & University Dr,4877,4816,Brewer Park,5355
P6,Bronson Ave & University Dr,7047,6986,Brewer Park,7517
P4,Stadium Way,702,641,Brewer Park,812
P7,Bronson Ave & University Dr,8911,8850,Brewer Park,9391
P5,Stadium Way,224,163,Brewer Park,278
P7,Bronson Ave & University Dr,11045,10984,Brewer Park,11513
P5,Stadium Way,1163,1102,Brewer Park,1276
P3,Stadium Way,3198,3137,Brewer Park,3309
P5,Stadium Way,1980,1919,Brewer Park,2082
P5,Stadium Way,2563,2502,Brewer Park,2681
P6,Bronson Ave & University Dr,7598,7537,Brewer Park,8056
P7,Bronson Ave & University Dr,10927,10866,Brewer Park,11405
P7,Bronson Ave & University Dr,11814,11753,Brewer Park,12616
P7,Bronson Ave & University Dr,9400,9339,Brewer Park,9866
P3,Stadium Way,3973,3912,Brewer Park,4087
P5,Stadium Way,298,237,Brewer Park,373
P7,Bronson Ave & University Dr,8185,8124,Brewer Park,8640
P7,Bronson Ave & University Dr,9696,9635,Brewer Park,10156
P7,Bronson Ave & University Dr,9757,9696,Brewer Park,10234
P7,Bronson Ave & University Dr,9680,9619,Brewer Park,10131
P6,Bronson Ave & University Dr,7781,7720,Brewer Park,8246
P7,Bronson Ave & University Dr,11684,11623,Brewer Park,12151
P5,Stadium Way,1357,1296,Brewer Park,1467
P7,Bronson Ave & University Dr,11664,11603,Brewer Park,12447
P4,Stadium Way,4343,4282,Brewer Park,4445
P5,Stadium Way,1403,1342,Brewer Park,1513
P5,Stadium Way,2434,2373,Brewer Park,2538
P7,Bronson Ave & University Dr,10125,10064,Brewer Park,10592
P1,Colonel By,122,61,Hogs Back Plaza (SW dest.),302
P6,Bronson Ave & University Dr,7818,7757,Brewer Park,8282
P5,Stadium Way,2425,2364,Brewer Park,2534
P6,Bronson Ave & University Dr,7617,7556,Brewer Park,8081
P7,Bronson Ave & University Dr,10312,10251,Brewer Park,11096
P1,Colonel By,448,387,Hogs Back Plaza (SW dest.),712
P7,Bronson Ave & University Dr,9047,8986,Brewer Park,9511
P5,Stadium Way,3045,2984,Brewer Park,3151
P5,Stadium Way,2647,2586,Brewer Park,2755
P5,Stadium Way,2089,2028,Brewer Park,2196
P6,Bronson Ave & University Dr,6549,6488,Brewer Park,7033
P1,Colonel By,174,113,Hogs Back Plaza (SW dest.),366
P6,Bronson Ave & University Dr,6595,6534,Brewer Park,7062
P6,Bronson Ave & University Dr,6270,6209,Brewer Park,6729
P7,Bronson Ave & University Dr,10024,9963,Brewer Park,10511
P7,Bronson Ave & University Dr,8112,8051,Brewer Park,8575
P6,Bronson Ave & University Dr,4638,4577,Brewer Park,5129
P5,Stadium Way,2890,2829,Brewer Park,3000
P7,Bronson Ave & University Dr,11378,11317,Brewer Park,11840
P6,Bronson Ave & University Dr,5690,5629,Brewer Park,6150
P5,Stadium Way,2351,2290,Brewer Park,2465
P5,Stadium Way,436,375,Brewer Park,537
P5,Stadium Way,2956,2895,Brewer Park,3064
P5,Stadium Way,2327,2266,Brewer Park,2430
P6,Bronson Ave & University Dr,5012,4951,Brewer Park,5488
P7,Bronson Ave & University Dr,11645,11584,Brewer Park,12107
P5,Stadium Way,478,417,Brewer Park,593
P7,Bronson Ave & University Dr,9344,9283,Brewer Park,9819
P7,Bronson Ave & University Dr,10135,10074,Brewer Park,10906
P7,Bronson Ave & University Dr,11670,11609,Brewer Park,12138
P7,Bronson Ave & University Dr,11626,11565,Brewer Park,12400
P6,Bronson Ave & University Dr,6518,6457,Brewer Park,6985
P6,Bronson Ave & University Dr,5935,5874,Brewer Park,6404
P4,Stadium Way,4207,4146,Brewer Park,4316
P6,Bronson Ave & University Dr,6769,6708,Brewer Park,7233
P7,Bronson Ave & University Dr,11622,11561,Brewer Park,12396
P6,Bronson Ave & University Dr,7386,7325,Brewer Park,7847
P7,Bronson Ave & University Dr,9719,9658,Brewer Park,10191
P3,Stadium Way,3683,3622,Brewer Park,3796
P7,Bronson Ave & University Dr,8855,8794,Brewer Park,9322
P5,Stadium Way,1832,1771,Brewer Park,1948
P6,Bronson Ave & University Dr,6634,6573,Brewer Park,7101
P6,Bronson Ave & University Dr,7863,7802,Brewer Park,8332
P7,Bronson Ave & University Dr,12261,12200,Brewer Park,12735
P2,Colonel By,658,597,Hogs Back Plaza (SW dest.),1115
P5,Stadium Way,2391,2330,Brewer Park,2503
P3,Stadium Way,3593,3532,Brewer Park,3698
P5,Stadium Way,1488,1427,Brewer Park,1592
P5,Stadium Way,2988,2927,Brewer Park,3094
P7,Bronson Ave & University Dr,10246,10185,Brewer Park,11030
P5,Stadium Way,2303,2242,Brewer Park,2413
P5,Stadium Way,2517,2456,Brewer Park,2632
P6,Bronson Ave & University Dr,4449,4388,Brewer Park,4932
P7,Bronson Ave & University Dr,9201,9140,Brewer Park,9666
P7,Bronson Ave & University Dr,8394,8333,Brewer Park,8856
P6,Bronson Ave & University Dr,7803,7742,Brewer Park,8273
P6,Bronson Ave & University Dr,6063,6002,Brewer Park,6537
P6,Bronson Ave & University Dr,5321,5260,Brewer Park,5793
P7,Bronson Ave & University Dr,10222,10161,Brewer Park,11004
P7,Bronson Ave & University Dr,11478,11417,Brewer Park,11947
P7,Bronson Ave & University Dr,8906,8845,Brewer Park,9382
P5,Stadium Way,1004,943,Brewer Park,1120
P5,Stadium Way,1224,1163,Brewer Park,1337
P7,Bronson Ave & University Dr,8789,8728,Brewer Park,9263
P5,Stadium Way,2103,2042,Brewer Park,2217
P5,Stadium Way,1871,1810,Brewer Park,1987
P6,Bronson Ave & University Dr,4562,4501,Brewer Park,5037
P5,Stadium Way,1400,1339,Brewer Park,1509
P7,Bronson Ave & University Dr,9297,9236,Brewer Park,9765
P7,Bronson Ave & University Dr,8072,8011,Brewer Park,8541
P5,Stadium Way,1735,1674,Brewer Park,1844
P5,Stadium Way,229,168,Brewer Park,286
P5,Stadium Way,2145,2084,Brewer Park,2246
P1,Colonel By,105,44,Hogs Back Plaza (SW dest.),281
P7,Bronson Ave & University Dr,10276,10215,Brewer Park,11065
P5,Stadium Way,866,805,Brewer Park,974
P6,Bronson Ave & University Dr,5352,5291,Brewer Park,5819
P6,Bronson Ave & University Dr,7046,6985,Brewer Park,7513
P4,Stadium Way,4226,4165,Brewer Park,4344
P5,Stadium Way,303,242,Brewer Park,378
P7,Bronson Ave & University Dr,11570,11509,Brewer Park,12030
P6,Bronson Ave & University Dr,4556,4495,Brewer Park,5029
P4,Stadium Way,2324,2263,Brewer Park,2425
P3,Stadium Way,3413,3352,Brewer Park,3536
P7,Bronson Ave & University Dr,8496,8435,Brewer Park,8969
P7,Bronson Ave & University Dr,11605,11544,Brewer Park,12061
P5,Stadium Way,1204,1143,Brewer Park,1320
P6,Bronson Ave & University Dr,7240,7179,Brewer Park,7707
P6,Bronson Ave & University Dr,4787,4726,Brewer Park,5254
P6,Bronson Ave & University Dr,5505,5444,Brewer Park,5972
P6,Bronson Ave & University Dr,5532,5471,Brewer Park,5998
P5,Stadium Way,2056,1995,Brewer Park,2164
P7,Bronson Ave & University Dr,8771,8710,Brewer Park,9245
P7,Bronson Ave & University Dr,9897,9836,Brewer Park,10372
P1,Colonel By,331,270,Hogs Back Plaza (SW dest.),564
P5,Stadium Way,2100,2039,Brewer Park,2213
P5,Stadium Way,1405,1344,Brewer Park,1517
P3,Stadium Way,3937,3876,Brewer Park,4047
P4,Stadium Way,4183,4122,Brewer Park,4292
P7,Bronson Ave & University Dr,8339,8278,Brewer Park,8808
P6,Bronson Ave & University Dr,6925,6864,Brewer Park,7386
P6,Bronson Ave & University Dr,6210,6149,Brewer Park,6677
P5,Stadium Way,1919,1858,Brewer Park,2033
P7,Bronson Ave & University Dr,11778,11717,Brewer Park,12251
P4,Stadium Way,4196,4135,Brewer Park,4304
P5,Stadium Way,2693,2632,Brewer Park,2807
P5,Stadium Way,308,247,Brewer Park,386
P1,Colonel By,208,147,Hogs Back Plaza (SW dest.),409
P7,Bronson Ave & University Dr,10332,10271,Brewer Park,11122
P2,Colonel By,652,591,Hogs Back Plaza (SW dest.),1111
P7,Bronson Ave & University Dr,8799,8738,Brewer Park,9272
P3,Stadium Way,3898,3837,Brewer Park,4017
P7,Bronson Ave & University Dr,8140,8079,Brewer Park,8602
P5,Stadium Way,1525,1464,Brewer Park,1622
P5,Stadium Way,912,851,Brewer Park,1026
P5,Stadium Way,2047,1986,Brewer Park,2156
P5,Stadium Way,1492,1431,Brewer Park,1597
P6,Bronson Ave & University Dr,5625,5564,Brewer Park,6080
P7,Bronson Ave & University Dr,10101,10040,Brewer Park,10881
P7,Bronson Ave & University Dr,12317,12256,Brewer Park,12787
P3,Stadium Way,3523,3462,Brewer Park,3633
P3,Stadium Way,3562,3501,Brewer Park,3670
P6,Bronson Ave & University Dr,6053,5992,Brewer Park,6524
P2,Colonel By,482,421,Hogs Back Plaza (SW dest.),816
P5,Stadium Way,1759,1698,Brewer Park,1871
P5,Stadium Way,2732,2671,Brewer Park,2850
P6,Bronson Ave & University Dr,6426,6365,Brewer Park,6896
P7,Bronson Ave & University Dr,9947,9886,Brewer Park,10433
P3,Stadium Way,3447,3386,Brewer Park,3563
P7,Bronson Ave & University Dr,8204,8143,Brewer Park,8663
P7,Bronson Ave & University Dr,11355,11294,Brewer Park,11823
P5,Stadium Way,1968,1907,Brewer Park,2078
P6,Bronson Ave & University Dr,6781,6720,Brewer Park,7245
P5,Stadium Way,227,166,Brewer Park,282
P7,Bronson Ave & University Dr,11788,11727,Brewer Park,12264
P6,Bronson Ave & University Dr,5026,4965,Brewer Park,5506
P7,Bronson Ave & University Dr,9099,9038,Brewer Park,9564
P5,Stadium Way,2887,2826,Brewer Park,2996
P6,Bronson Ave & University Dr,6440,6379,Brewer Park,6908
P6,Bronson Ave & University Dr,7895,7834,Brewer Park,8363
P7,Bronson Ave & University Dr,12386,12325,Brewer Park,12843
P6,Bronson Ave & University Dr,7602,7541,Brewer Park,8064
P6,Bronson Ave & University Dr,7458,7397,Brewer Park,7926
P6,Bronson Ave & University Dr,6017,5956,Brewer Park,6478
P6,Bronson Ave & University Dr,7869,7808,Brewer Park,8336
P7,Bronson Ave & University Dr,9649,9588,Brewer Park,10110
P6,Bronson Ave & University Dr,421,360,Brewer Park,4738
P7,Bronson Ave & University Dr,8518,8457,Brewer Park,8982
P5,Stadium Way,893,832,Brewer Park,1009
P4,Stadium Way,320,259,Brewer Park,395
P3,Stadium Way,3886,3825,Brewer Park,4000
P6,Bronson Ave & University Dr,6724,6663,Brewer Park,7188
P5,Stadium Way,2754,2693,Brewer Park,2867
P5,Stadium Way,2204,2143,Brewer Park,2304
P6,Bronson Ave & University Dr,7761,7700,Brewer Park,8226
P7,Bronson Ave & University Dr,9508,9447,Brewer Park,9978
P2,Colonel By,491,430,Hogs Back Plaza (SW dest.),834
P7,Bronson Ave & University Dr,10911,10850,Brewer Park,11388
P1,Colonel By,454,393,Hogs Back Plaza (SW dest.),720
P2,Colonel By,534,473,Hogs Back Plaza (SW dest.),913
P7,Bronson Ave & University Dr,10688,10627,Brewer Park,11166
P5,Stadium Way,2287,2226,Brewer Park,2396
P7,Bronson Ave & University Dr,10920,10859,Brewer Park,11400
P7,Bronson Ave & University Dr,11905,11844,Brewer Park,12718
P6,Bronson Ave & University Dr,6422,6361,Brewer Park,6888
P3,Stadium Way,3744,3683,Brewer Park,3861
P5,Stadium Way,1360,1299,Brewer Park,1472
P7,Bronson Ave & University Dr,10114,10053,Brewer Park,10890
P6,Bronson Ave & University Dr,7838,7777,Brewer Park,8303
P6,Bronson Ave & University Dr,6660,6599,Brewer Park,7135
P5,Stadium Way,1265,1204,Brewer Park,1367
P3,Stadium Way,3541,3480,Brewer Park,3646
P7,Bronson Ave & University Dr,9345,9284,Brewer Park,9823
P4,Stadium Way,4209,4148,Brewer Park,4321
P7,Bronson Ave & University Dr,9472,9411,Brewer Park,9940
P7,Bronson Ave & University Dr,10055,9994,Brewer Park,10830
P5,Stadium Way,1061,1000,Brewer Park,1177
P5,Stadium Way,635,574,Brewer Park,741
P5,Stadium Way,2259,2198,Brewer Park,2365
P6,Bronson Ave & University Dr,6711,6650,Brewer Park,7184
P7,Bronson Ave & University Dr,10231,10170,Brewer Park,11017
P6,Bronson Ave & University Dr,5563,5502,Brewer Park,6033
P6,Bronson Ave & University Dr,6779,6718,Brewer Park,7241
P6,Bronson Ave & University Dr,6617,6556,Brewer Park,7083
P7,Bronson Ave & University Dr,11468,11407,Brewer Park,11929
P7,Bronson Ave & University Dr,10349,10288,Brewer Park,11131
P6,Bronson Ave & University Dr,150,89,Brewer Park,4511
P6,Bronson Ave & University Dr,6086,6025,Brewer Park,6557
P7,Bronson Ave & University Dr,120,59,Brewer Park,4476
P5,Stadium Way,134,73,Brewer Park,156
P6,Bronson Ave & University Dr,5281,5220,Brewer Park,5751
P6,Bronson Ave & University Dr,4603,4542,Brewer Park,5076
P6,Bronson Ave & University Dr,4699,4638,Brewer Park,5169
P2,Colonel By,501,440,Hogs Back Plaza (SW dest.),857
P5,Stadium Way,976,915,Brewer Park,1091
P5,Stadium Way,1520,1459,Brewer Park,1618
P6,Bronson Ave & University Dr,6992,6931,Brewer Park,7461
P7,Bronson Ave & University Dr,11667,11606,Brewer Park,12452
P6,Bronson Ave & University Dr,7180,7119,Brewer Park,7644
P7,Bronson Ave & University Dr,10683,10622,Brewer Park,11157
P3,Stadium Way,3474,3413,Brewer Park,3583
P5,Stadium Way,1267,1206,Brewer Park,1371
P6,Bronson Ave & University Dr,7002,6941,Brewer Park,7470
P7,Bronson Ave & University Dr,9112,9051,Brewer Park,9580
P5,Stadium Way,281,220,Brewer Park,348
P6,Bronson Ave & University Dr,5113,5052,Brewer Park,5585
P7,Bronson Ave & University Dr,11528,11467,Brewer Park,11993
P6,Bronson Ave & University Dr,7849,7788,Brewer Park,8307
P5,Stadium Way,3141,3080,Brewer Park,3253
P6,Bronson Ave & University Dr,4875,4814,Brewer Park,5351
P6,Bronson Ave & University Dr,4448,4387,Brewer Park,4928
P6,Bronson Ave & University Dr,6058,5997,Brewer Park,6528
P5,Stadium Way,2901,2840,Brewer Park,3013
P5,Stadium Way,3089,3028,Brewer Park,3195
P7,Bronson Ave & University Dr,10066,10005,Brewer Park,10536
P5,Stadium Way,825,764,Brewer Park,932
P6,Bronson Ave & University Dr,4419,4358,Brewer Park,4882
P7,Bronson Ave & University Dr,8302,8241,Brewer Park,8757
P7,Bronson Ave & University Dr,10955,10894,Brewer Park,11427
P7,Bronson Ave & University Dr,11253,11192,Brewer Park,11718
P5,Stadium Way,1525,1464,Brewer Park,1631
P7,Bronson Ave & University Dr,107,46,Brewer Park,546
P5,Stadium Way,1876,1815,Brewer Park,1992
P6,Bronson Ave & University Dr,4443,4382,Brewer Park,4924
P7,Bronson Ave & University Dr,8376,8315,Brewer Park,8838
P7,Bronson Ave & University Dr,10267,10206,Brewer Park,11051
P1,Colonel By,205,144,Hogs Back Plaza (SW dest.),405
P5,Stadium Way,2062,2001,Brewer Park,2173
P6,Bronson Ave & University Dr,6951,6890,Brewer Park,7407
P7,Bronson Ave & University Dr,11536,11475,Brewer Park,11997
P5,Stadium Way,1798,1737,Brewer Park,1910
P2,Colonel By,177,116,Hogs Back Plaza (SW dest.),733
P5,Stadium Way,1623,1562,Brewer Park,1725
P5,Stadium Way,1527,1466,Brewer Park,1635
P4,Stadium Way,4304,4243,Brewer Park,4419
P7,Bronson Ave & University Dr,8551,8490,Brewer Park,9029
P1,Colonel By,451,390,Hogs Back Plaza (SW dest.),716
P5,Stadium Way,2181,2120,Brewer Park,2279
P7,Bronson Ave & University Dr,9234,9173,Brewer Park,9699
P7,Bronson Ave & University Dr,9907,9846,Brewer Park,10390
P7,Bronson Ave & University Dr,10220,10159,Brewer Park,10708
P6,Bronson Ave & University Dr,4282,4221,Brewer Park,4759
P7,Bronson Ave & University Dr,8400,8339,Brewer Park,8864
P7,Bronson Ave & University Dr,11506,11445,Brewer Park,12290
P6,Bronson Ave & University Dr,7452,7391,Brewer Park,7917
P7,Bronson Ave & University Dr,9850,9789,Brewer Park,10319
P7,Bronson Ave & University Dr,11497,11436,Brewer Park,11969
P3,Stadium Way,3825,3764,Brewer Park,3939
P7,Bronson Ave & University Dr,10057,9996,Brewer Park,10528
P6,Bronson Ave & University Dr,6956,6895,Brewer Park,7416
P5,Stadium Way,2592,2531,Brewer Park,2714
P5,Stadium Way,1707,1646,Brewer Park,1815
P7,Bronson Ave & University Dr,8357,8296,Brewer Park,8817
P5,Stadium Way,2931,2870,Brewer Park,3038
P7,Bronson Ave & University Dr,9792,9731,Brewer Park,10263
P7,Bronson Ave & University Dr,8621,8560,Brewer Park,9087
P6,Bronson Ave & University Dr,4688,4627,Brewer Park,5155
P1,Colonel By,259,198,Hogs Back Plaza (SW dest.),476
P6,Bronson Ave & University Dr,5741,5680,Brewer Park,6216
P7,Bronson Ave & University Dr,9109,9048,Brewer Park,9576
P6,Bronson Ave & University Dr,4977,4916,Brewer Park,5446
P4,Stadium Way,4340,4279,Brewer Park,4441
P7,Bronson Ave & University Dr,9954,9893,Brewer Park,10442
P6,Bronson Ave & University Dr,6411,6350,Brewer Park,6875
P2,Colonel By,576,515,Hogs Back Plaza (SW dest.),1001
P7,Bronson Ave & University Dr,8899,8838,Brewer Park,9373
P7,Bronson Ave & University Dr,8118,8057,Brewer Park,8585
P5,Stadium Way,3131,3070,Brewer Park,3239
P7,Bronson Ave & University Dr,8104,8043,Brewer Park,8563
P5,Stadium Way,1295,1234,Brewer Park,1401
P4,Stadium Way,4292,4231,Brewer Park,4401
P5,Stadium Way,432,371,Brewer Park,532
P7,Bronson Ave & University Dr,10722,10661,Brewer Park,11192
P7,Bronson Ave & University Dr,11857,11796,Brewer Park,12664
P7,Bronson Ave & University Dr,9515,9454,Brewer Park,9987
P7,Bronson Ave & University Dr,9497,9436,Brewer Park,9969
P7,Bronson Ave & University Dr,9381,9320,Brewer Park,9853
P6,Bronson Ave & University Dr,7874,7813,Brewer Park,8345
P6,Bronson Ave & University Dr,5564,5503,Brewer Park,6037
P2,Colonel By,582,521,Hogs Back Plaza (SW dest.),1009
P6,Bronson Ave & University Dr,5984,5923,Brewer Park,6458
P4,Stadium Way,4330,4269,Brewer Park,4433
P5,Stadium Way,342,281,Brewer Park,425
P7,Bronson Ave & University Dr,11047,10986,Brewer Park,11517
P7,Bronson Ave & University Dr,9415,9354,Brewer Park,9879
P5,Stadium Way,153,92,Brewer Park,183
P7,Bronson Ave & University Dr,11389,11328,Brewer Park,11851
P6,Bronson Ave & University Dr,6810,6749,Brewer Park,7277
P7,Bronson Ave & University Dr,11249,11188,Brewer Park,11714
P4,Stadium Way,2596,2535,Brewer Park,2719
P5,Stadium Way,1546,1485,Brewer Park,1648
P5,Stadium Way,353,292,Brewer Park,445
P3,Stadium Way,3733,3672,Brewer Park,3846
P5,Stadium Way,1379,1318,Brewer Park,1492
P6,Bronson Ave & University Dr,6277,6216,Brewer Park,6742
P7,Bronson Ave & University Dr,10870,10809,Brewer Park,11340
P7,Bronson Ave & University Dr,9018,8957,Brewer Park,9489
P4,Stadium Way,4065,4004,Brewer Park,4179
P6,Bronson Ave & University Dr,4346,4285,Brewer Park,4823
P5,Stadium Way,1274,1213,Brewer Park,1384
P5,Stadium Way,1508,1447,Brewer Park,1609
P6,Bronson Ave & University Dr,5730,5669,Brewer Park,6202
P4,Stadium Way,4087,4026,Brewer Park,4195
P2,Colonel By,184,123,Hogs Back Plaza (SW dest.),740
P5,Stadium Way,2460,2399,Brewer Park,2572
P5,Stadium Way,1314,1253,Brewer Park,1422
P7,Bronson Ave & University Dr,9078,9017,Brewer Park,9548
P5,Stadium Way,162,101,Brewer Park,195
P3,Stadium Way,3929,3868,Brewer Park,4034
P7,Bronson Ave & University Dr,114,53,Brewer Park,4468
P3,Stadium Way,4025,3964,Brewer Park,4143
P6,Bronson Ave & University Dr,6847,6786,Brewer Park,7315
P7,Bronson Ave & University Dr,9150,9089,Brewer Park,9612
P5,Stadium Way,2239,2178,Brewer Park,2348
P6,Bronson Ave & University Dr,7711,7650,Brewer Park,8184
P7,Bronson Ave & University Dr,9056,8995,Brewer Park,9523
P3,Stadium Way,3300,3239,Brewer Park,3416
P6,Bronson Ave & University Dr,6218,6157,Brewer Park,6695
P5,Stadium Way,2192,2131,Brewer Park,2292
P6,Bronson Ave & University Dr,5454,5393,Brewer Park,5920
P6,Bronson Ave & University Dr,4459,4398,Brewer Park,4949
P7,Bronson Ave & University Dr,9775,9714,Brewer Park,10247
P3,Stadium Way,3673,3612,Brewer Park,3784
P6,Bronson Ave & University Dr,7468,7407,Brewer Park,7938
P6,Bronson Ave & University Dr,5010,4949,Brewer Park,5485
P6,Bronson Ave & University Dr,7185,7124,Brewer Park,7652
P7,Bronson Ave & University Dr,12342,12281,Brewer Park,12813
P3,Stadium Way,3606,3545,Brewer Park,3715
P6,Bronson Ave & University Dr,6915,6854,Brewer Park,7382
P6,Bronson Ave & University Dr,4872,4811,Brewer Park,5346
P5,Stadium Way,2819,2758,Brewer Park,2930
P6,Bronson Ave & University Dr,5585,5524,Brewer Park,6054
P3,Stadium Way,4039,3978,Brewer Park,4157
P7,Bronson Ave & University Dr,10246,10185,Brewer Park,10725
P7,Bronson Ave & University Dr,8804,8743,Brewer Park,9281
P6,Bronson Ave & University Dr,5252,5191,Brewer Park,5719
P7,Bronson Ave & University Dr,8219,8158,Brewer Park,8689
P4,Stadium Way,4219,4158,Brewer Park,4330
P5,Stadium Way,1658,1597,Brewer Park,1749
P7,Bronson Ave & University Dr,8209,8148,Brewer Park,8672
P6,Bronson Ave & University Dr,4552,4491,Brewer Park,5024
P7,Bronson Ave & University Dr,12527,12466,Brewer Park,13003
P6,Bronson Ave & University Dr,6696,6635,Brewer Park,7166
P6,Bronson Ave & University Dr,4437,4376,Brewer Park,4912
P7,Bronson Ave & University Dr,10218,10157,Brewer Park,10703
P6,Bronson Ave & University Dr,5660,5599,Brewer Park,6120
P5,Stadium Way,188,127,Brewer Park,231
P5,Stadium Way,1475,1414,Brewer Park,1588
P7,Bronson Ave & University Dr,9291,9230,Brewer Park,9756
P2,Colonel By,611,550,Hogs Back Plaza (SW dest.),1055
P5,Stadium Way,159,98,Brewer Park,191
P7,Bronson Ave & University Dr,7916,7855,Brewer Park,8377
P4,Stadium Way,640,579,Brewer Park,749
P6,Bronson Ave & University Dr,7173,7112,Brewer Park,7639
P5,Stadium Way,1333,1272,Brewer Park,1447
P5,Stadium Way,2212,2151,Brewer Park,2312
P6,Bronson Ave & University Dr,6309,6248,Brewer Park,6777
P6,Bronson Ave & University Dr,5456,5395,Brewer Park,5924
P7,Bronson Ave & University Dr,8261,8200,Brewer Park,8722
P6,Bronson Ave & University Dr,6214,6153,Brewer Park,6686
P7,Bronson Ave & University Dr,10087,10026,Brewer Park,10564
P3,Stadium Way,4026,3965,Brewer Park,4148
P5,Stadium Way,1281,1220,Brewer Park,1389
P5,Stadium Way,333,272,Brewer Park,417
P5,Stadium Way,2624,2563,Brewer Park,2736
P1,Colonel By,285,224,Hogs Back Plaza (SW dest.),509
P4,Stadium Way,4350,4289,Brewer Park,4458
P6,Bronson Ave & University Dr,6578,6517,Brewer Park,7045
P6,Bronson Ave & University Dr,411,350,Brewer Park,4725
P7,Bronson Ave & University Dr,10233,10172,Brewer Park,10716
P7,Bronson Ave & University Dr,11701,11640,Brewer Park,12163
P3,Stadium Way,3773,3712,Brewer Park,3879
P6,Bronson Ave & University Dr,4355,4294,Brewer Park,4831
P6,Bronson Ave & University Dr,6965,6904,Brewer Park,7431
P5,Stadium Way,2633,2572,Brewer Park,2745
P7,Bronson Ave & University Dr,10300,10239,Brewer Park,11087
P5,Stadium Way,1364,1303,Brewer Park,1479
P7,Bronson Ave & University Dr,8547,8486,Brewer Park,9025
P3,Stadium Way,3931,3870,Brewer Park,4039
P7,Bronson Ave & University Dr,8762,8701,Brewer Park,9238
P7,Bronson Ave & University Dr,12428,12367,Brewer Park,12893
P6,Bronson Ave & University Dr,6037,5976,Brewer Park,6503
P7,Bronson Ave & University Dr,11661,11600,Brewer Park,12125
P7,Bronson Ave & University Dr,9513,9452,Brewer Park,9982
P1,Colonel By,390,329,Hogs Back Plaza (SW dest.),636
P7,Bronson Ave & University Dr,9177,9116,Brewer Park,9644
P3,Stadium Way,4012,3951,Brewer Park,4126
P5,Stadium Way,1417,1356,Brewer Park,1533
P6,Bronson Ave & University Dr,7122,7061,Brewer Park,7585
P7,Bronson Ave & University Dr,8600,8539,Brewer Park,9062
P7,Bronson Ave & University Dr,10296,10235,Brewer Park,10761
P6,Bronson Ave & University Dr,5205,5144,Brewer Park,5677
P6,Bronson Ave & University Dr,6742,6681,Brewer Park,7211
P7,Bronson Ave & University Dr,12545,12484,Brewer Park,13024
P5,Stadium Way,769,708,Brewer Park,891
P6,Bronson Ave & University Dr,6652,6591,Brewer Park,7122
P2,Colonel By,605,544,Hogs Back Plaza (SW dest.),1046
P7,Bronson Ave & University Dr,10109,10048,Brewer Park,10885
P6,Bronson Ave & University Dr,4858,4797,Brewer Park,5330
P5,Stadium Way,1543,1482,Brewer Park,1644
P5,Stadium Way,3138,3077,Brewer Park,3248
P7,Bronson Ave & University Dr,11690,11629,Brewer Park,12484
P5,Stadium Way,1617,1556,Brewer Park,1717
P6,Bronson Ave & University Dr,6585,6524,Brewer Park,7053
P7,Bronson Ave & University Dr,11224,11163,Brewer Park,11688
P5,Stadium Way,966,905,Brewer Park,1078
P5,Stadium Way,1737,1676,Brewer Park,1849
P7,Bronson Ave & University Dr,9252,9191,Brewer Park,9726
P6,Bronson Ave & University Dr,7778,7717,Brewer Park,8238
P7,Bronson Ave & University Dr,11711,11650,Brewer Park,12181
P5,Stadium Way,2349,2288,Brewer Park,2461
P6,Bronson Ave & University Dr,4780,4719,Brewer Park,5241
P5,Stadium Way,2778,2717,Brewer Park,2893
P5,Stadium Way,2516,2455,Brewer Park,2628
P7,Bronson Ave & University Dr,8705,8644,Brewer Park,9175
P6,Bronson Ave & University Dr,241,180,Brewer Park,4632
P7,Bronson Ave & University Dr,9103,9042,Brewer Park,9568
P7,Bronson Ave & University Dr,9570,9509,Brewer Park,10045
P6,Bronson Ave & University Dr,7024,6963,Brewer Park,7491
P1,Colonel By,328,267,Hogs Back Plaza (SW dest.),560
P3,Stadium Way,3723,3662,Brewer Park,3838
P6,Bronson Ave & University Dr,5500,5439,Brewer Park,5964
P6,Bronson Ave & University Dr,6112,6051,Brewer Park,6573
P6,Bronson Ave & University Dr,4753,4692,Brewer Park,5220
P5,Stadium Way,1140,1079,Brewer Park,1251
P5,Stadium Way,2831,2770,Brewer Park,2938
P6,Bronson Ave & University Dr,5310,5249,Brewer Park,5772
P7,Bronson Ave & University Dr,8182,8121,Brewer Park,8636
P6,Bronson Ave & University Dr,5486,5425,Brewer Park,5951
P7,Bronson Ave & University Dr,11904,11843,Brewer Park,12714
P5,Stadium Way,1240,1179,Brewer Park,1345
P5,Stadium Way,2948,2887,Brewer Park,3059
P6,Bronson Ave & University Dr,6333,6272,Brewer Park,6807
P6,Bronson Ave & University Dr,4717,4656,Brewer Park,5181
P7,Bronson Ave & University Dr,8931,8870,Brewer Park,9411
P7,Bronson Ave & University Dr,11217,11156,Brewer Park,11684
P7,Bronson Ave & University Dr,9486,9425,Brewer Park,9956
P5,Stadium Way,3061,3000,Brewer Park,3172
P7,Bronson Ave & University Dr,8542,8481,Brewer Park,9012
P7,Bronson Ave & University Dr,10255,10194,Brewer Park,11038
P6,Bronson Ave & University Dr,6275,6214,Brewer Park,6738
P7,Bronson Ave & University Dr,10970,10909,Brewer Park,11445
P4,Stadium Way,3188,3127,Brewer Park,3300
P7,Bronson Ave & University Dr,11749,11688,Brewer Park,12229
P3,Stadium Way,3977,3916,Brewer Park,4095
P6,Bronson Ave & University Dr,383,322,Brewer Park,4711
P5,Stadium Way,588,527,Brewer Park,693
P6,Bronson Ave & University Dr,6480,6419,Brewer Park,6946
P7,Bronson Ave & University Dr,11745,11684,Brewer Park,12539
P5,Stadium Way,1642,1581,Brewer Park,1737
P7,Bronson Ave & University Dr,9812,9751,Brewer Park,10281
P6,Bronson Ave & University Dr,6506,6445,Brewer Park,6972
P5,Stadium Way,449,388,Brewer Park,560
P6,Bronson Ave & University Dr,5770,5709,Brewer Park,6246
P7,Bronson Ave & University Dr,11545,11484,Brewer Park,12009
P6,Bronson Ave & University Dr,6207,6146,Brewer Park,6673
P7,Bronson Ave & University Dr,7967,7906,Brewer Park,8432
P7,Bronson Ave & University Dr,8780,8719,Brewer Park,9254
P5,Stadium Way,697,636,Brewer Park,805
P7,Bronson Ave & University Dr,8897,8836,Brewer Park,9368
P5,Stadium Way,2761,2700,Brewer Park,2872
P6,Bronson Ave & University Dr,5593,5532,Brewer Park,6062
P7,Bronson Ave & University Dr,11144,11083,Brewer Park,11620
P7,Bronson Ave & University Dr,8859,8798,Brewer Park,9330
P7,Bronson Ave & University Dr,8371,8310,Brewer Park,8830
P5,Stadium Way,3019,2958,Brewer Park,3126
P6,Bronson Ave & University Dr,7626,7565,Brewer Park,8094
P5,Stadium Way,2966,2905,Brewer Park,3078
P7,Bronson Ave & University Dr,11783,11722,Brewer Park,12260
P6,Bronson Ave & University Dr,7152,7091,Brewer Park,7618
P6,Bronson Ave & University Dr,4751,4690,Brewer Park,5216
P6,Bronson Ave & University Dr,7105,7044,Brewer Park,7569
P3,Stadium Way,3459,3398,Brewer Park,3575
P5,Stadium Way,713,652,Brewer Park,817
P7,Bronson Ave & University Dr,10067,10006,Brewer Park,10539
P5,Stadium Way,1830,1769,Brewer Park,1944
P7,Bronson Ave & University Dr,10258,10197,Brewer Park,11042
P6,Bronson Ave & University Dr,4520,4459,Brewer Park,4987
P6,Bronson Ave & University Dr,4865,4804,Brewer Park,5338
P5,Stadium Way,2784,2723,Brewer Park,2901
P6,Bronson Ave & University Dr,7301,7240,Brewer Park,7758
P7,Bronson Ave & University Dr,8391,8330,Brewer Park,8851
P5,Stadium Way,1721,1660,Brewer Park,1827
P6,Bronson Ave & University Dr,5158,5097,Brewer Park,5632
P7,Bronson Ave & University Dr,10251,10190,Brewer Park,11034
P7,Bronson Ave & University Dr,10755,10694,Brewer Park,11217
P1,Colonel By,241,180,Hogs Back Plaza (SW dest.),456
P6,Bronson Ave & University Dr,4329,4268,Brewer Park,4810
P7,Bronson Ave & University Dr,10943,10882,Brewer Park,11422
P7,Bronson Ave & University Dr,8462,8401,Brewer Park,8926
P7,Bronson Ave & University Dr,9067,9006,Brewer Park,9531
P7,Bronson Ave & University Dr,9002,8941,Brewer Park,9459
P6,Bronson Ave & University Dr,7316,7255,Brewer Park,7784
P2,Colonel By,509,448,Hogs Back Plaza (SW dest.),869
P7,Bronson Ave & University Dr,8753,8692,Brewer Park,9225
P3,Stadium Way,3713,3652,Brewer Park,3826
P6,Bronson Ave & University Dr,7374,7313,Brewer Park,7826
P6,Bronson Ave & University Dr,5874,5813,Brewer Park,6340
P6,Bronson Ave & University Dr,7501,7440,Brewer Park,7969
P7,Bronson Ave & University Dr,10807,10746,Brewer Park,11277
P4,Stadium Way,4287,4226,Brewer Park,4393
P1,Colonel By,231,170,Hogs Back Plaza (SW dest.),439
P7,Bronson Ave & University Dr,10036,9975,Brewer Park,10817
P6,Bronson Ave & University Dr,7713,7652,Brewer Park,8188
P2,Colonel By,490,429,Hogs Back Plaza (SW dest.),830
P7,Bronson Ave & University Dr,9026,8965,Brewer Park,9499
P6,Bronson Ave & University Dr,7690,7629,Brewer Park,8176
P6,Bronson Ave & University Dr,5375,5314,Brewer Park,5845
P7,Bronson Ave & University Dr,11619,11558,Brewer Park,12081
P6,Bronson Ave & University Dr,5881,5820,Brewer Park,6352
P6,Bronson Ave & University Dr,7346,7285,Brewer Park,7796
P7,Bronson Ave & University Dr,10981,10920,Brewer Park,11457
P7,Bronson Ave & University Dr,10778,10717,Brewer Park,11243
P6,Bronson Ave & University Dr,5702,5641,Brewer Park,6171
P7,Bronson Ave & University Dr,11552,11491,Brewer Park,12318
P6,Bronson Ave & University Dr,6396,6335,Brewer Park,6863
P6,Bronson Ave & University Dr,4450,4389,Brewer Park,4936
P7,Bronson Ave & University Dr,9128,9067,Brewer Park,9596
P5,Stadium Way,2274,2213,Brewer Park,2383
P6,Bronson Ave & University Dr,7787,7726,Brewer Park,8251
P7,Bronson Ave & University Dr,10352,10291,Brewer Park,11136
P5,Stadium Way,1110,1049,Brewer Park,1226
P7,Bronson Ave & University Dr,8761,8700,Brewer Park,9234
P7,Bronson Ave & University Dr,10775,10714,Brewer Park,11239
P7,Bronson Ave & University Dr,10285,10224,Brewer Park,10745
P2,Colonel By,639,578,Hogs Back Plaza (SW dest.),1088
P3,Stadium Way,3213,3152,Brewer Park,3329
P6,Bronson Ave & University Dr,6539,6478,Brewer Park,7016
P3,Stadium Way,3803,3742,Brewer Park,3912
P5,Stadium Way,2161,2100,Brewer Park,2263
P7,Bronson Ave & University Dr,9918,9857,Brewer Park,10399
P2,Colonel By,596,535,Hogs Back Plaza (SW dest.),1029
P7,Bronson Ave & University Dr,10314,10253,Brewer Park,11101
P5,Stadium Way,331,270,Brewer Park,413
P5,Stadium Way,3059,2998,Brewer Park,3168
P7,Bronson Ave & University Dr,10072,10011,Brewer Park,10544
P6,Bronson Ave & University Dr,4620,4559,Brewer Park,5106
P6,Bronson Ave & University Dr,5729,5668,Brewer Park,6197
P7,Bronson Ave & University Dr,8486,8425,Brewer Park,8952
P6,Bronson Ave & University Dr,7455,7394,Brewer Park,7921
P3,Stadium Way,3893,3832,Brewer Park,4009
P7,Bronson Ave & University Dr,10305,10244,Brewer Park,10774
P4,Stadium Way,4264,4203,Brewer Park,4373
P7,Bronson Ave & University Dr,11105,11044,Brewer Park,11570
P5,Stadium Way,2268,2207,Brewer Park,2374
P6,Bronson Ave & University Dr,260,199,Brewer Park,4657
P7,Bronson Ave & University Dr,8031,7970,Brewer Park,8497
P6,Bronson Ave & University Dr,5017,4956,Brewer Park,5493
P6,Bronson Ave & University Dr,5241,5180,Brewer Park,5711
P3,Stadium Way,3635,3574,Brewer Park,3741
P6,Bronson Ave & University Dr,7893,7832,Brewer Park,8358
P6,Bronson Ave & University Dr,6910,6849,Brewer Park,7373
P7,Bronson Ave & University Dr,11609,11548,Brewer Park,12069
P5,Stadium Way,2418,2357,Brewer Park,2529
P5,Stadium Way,1915,1854,Brewer Park,2029
P7,Bronson Ave & University Dr,9368,9307,Brewer Park,9835
P5,Stadium Way,283,222,Brewer Park,352
P5,Stadium Way,1660,1599,Brewer Park,1753
P6,Bronson Ave & University Dr,5859,5798,Brewer Park,6322
P6,Bronson Ave & University Dr,5971,5910,Brewer Park,6445
P2,Colonel By,569,508,Hogs Back Plaza (SW dest.),988
P7,Bronson Ave & University Dr,12409,12348,Brewer Park,12872
P5,Stadium Way,2208,2147,Brewer Park,2308
P7,Bronson Ave & University Dr,8000,7939,Brewer Park,8461
P6,Bronson Ave & University Dr,154,93,Brewer Park,4516
P7,Bronson Ave & University Dr,12491,12430,Brewer Park,12971
P7,Bronson Ave & University Dr,8588,8527,Brewer Park,9054
P7,Bronson Ave & University Dr,10144,10083,Brewer Park,10633
P7,Bronson Ave & University Dr,10064,10003,Brewer Park,10532
P7,Bronson Ave & University Dr,8516,8455,Brewer Park,8973
P7,Bronson Ave & University Dr,10031,9970,Brewer Park,10515
P5,Stadium Way,395,334,Brewer Park,498
P5,Stadium Way,917,856,Brewer Park,1030
P7,Bronson Ave & University Dr,11482,11421,Brewer Park,11951
P6,Bronson Ave & University Dr,211,150,Brewer Park,4593
P7,Bronson Ave & University Dr,9895,9834,Brewer Park,10366
P5,Stadium Way,1452,1391,Brewer Park,1563
P7,Bronson Ave & University Dr,10145,10084,Brewer Park,10923
P6,Bronson Ave & University Dr,4965,4904,Brewer Park,5426
P5,Stadium Way,2335,2274,Brewer Park,2443
P7,Bronson Ave & University Dr,8403,8342,Brewer Park,8868
P1,Colonel By,434,373,Hogs Back Plaza (SW dest.),696
P6,Bronson Ave & University Dr,6190,6129,Brewer Park,6652
P5,Stadium Way,1439,1378,Brewer Park,1550
P7,Bronson Ave & University Dr,10090,10029,Brewer Park,10863
P6,Bronson Ave & University Dr,6347,6286,Brewer Park,6816
P5,Stadium Way,982,921,Brewer Park,1095
P6,Bronson Ave & University Dr,7124,7063,Brewer Park,7589
P6,Bronson Ave & University Dr,4454,4393,Brewer Park,4941
P7,Bronson Ave & University Dr,11042,10981,Brewer Park,11509
P6,Bronson Ave & University Dr,202,141,Brewer Park,4580
P3,Stadium Way,3375,3314,Brewer Park,3485
P5,Stadium Way,143,82,Brewer Park,168
P7,Bronson Ave & University Dr,10197,10136,Brewer Park,10682
P5,Stadium Way,2801,2740,Brewer Park,2909
P7,Bronson Ave & University Dr,11621,11560,Brewer Park,12086
P6,Bronson Ave & University Dr,4693,4632,Brewer Park,5161
P5,Stadium Way,1067,1006,Brewer Park,1186
P2,Colonel By,200,139,Hogs Back Plaza (SW dest.),761
P3,Stadium Way,4015,3954,Brewer Park,4130
P7,Bronson Ave & University Dr,11608,11547,Brewer Park,12065
P2,Colonel By,494,433,Hogs Back Plaza (SW dest.),843
P7,Bronson Ave & University Dr,11642,11581,Brewer Park,12426
P7,Bronson Ave & University Dr,9579,9518,Brewer Park,10053
P5,Stadium Way,1985,1924,Brewer Park,2087
P5,Stadium Way,1472,1411,Brewer Park,1584
P6,Bronson Ave & University Dr,7214,7153,Brewer Park,7682
P7,Bronson Ave & University Dr,11508,11447,Brewer Park,12294
P6,Bronson Ave & University Dr,7075,7014,Brewer Park,7531
P6,Bronson Ave & University Dr,4589,4528,Brewer Park,5054
P5,Stadium Way,699,638,Brewer Park,809
P7,Bronson Ave & University Dr,12498,12437,Brewer Park,12947
P6,Bronson Ave & University Dr,6153,6092,Brewer Park,6618
P7,Bronson Ave & University Dr,10749,10688,Brewer Park,11210
P4,Stadium Way,4167,4106,Brewer Park,4276
P7,Bronson Ave & University Dr,8520,8459,Brewer Park,8986
P7,Bronson Ave & University Dr,12439,12378,Brewer Park,12907
P7,Bronson Ave & University Dr,11844,11783,Brewer Park,12647
P4,Stadium Way,2804,2743,Brewer Park,2914
P6,Bronson Ave & University Dr,6509,6448,Brewer Park,6976
P3,Stadium Way,3476,3415,Brewer Park,3588
P6,Bronson Ave & University Dr,6732,6671,Brewer Park,7201
P7,Bronson Ave & University Dr,11838,11777,Brewer Park,12634
P6,Bronson Ave & University Dr,7129,7068,Brewer Park,7597
P7,Bronson Ave & University Dr,9304,9243,Brewer Park,9770
P7,Bronson Ave & University Dr,8559,8498,Brewer Park,9037
P7,Bronson Ave & University Dr,10785,10724,Brewer Park,11256
P6,Bronson Ave & University Dr,7632,7571,Brewer Park,8103
P6,Bronson Ave & University Dr,7294,7233,Brewer Park,7754
P5,Stadium Way,2282,2221,Brewer Park,2387
P1,Colonel By,345,284,Hogs Back Plaza (SW dest.),580
P7,Bronson Ave & University Dr,9321,9260,Brewer Park,9787
P3,Stadium Way,3763,3702,Brewer Park,3874
P7,Bronson Ave & University Dr,11137,11076,Brewer Park,11612
P3,Stadium Way,3801,3740,Brewer Park,3908
P3,Stadium Way,3551,3490,Brewer Park,3662
P5,Stadium Way,2398,2337,Brewer Park,2515
P5,Stadium Way,2776,2715,Brewer Park,2889
P6,Bronson Ave & University Dr,5149,5088,Brewer Park,5619
P7,Bronson Ave & University Dr,12504,12443,Brewer Park,12951
P7,Bronson Ave & University Dr,9092,9031,Brewer Park,9556
P5,Stadium Way,1099,1038,Brewer Park,1208
P7,Bronson Ave & University Dr,10865,10804,Brewer Park,11335
P7,Bronson Ave & University Dr,8469,8408,Brewer Park,8939
P5,Stadium Way,1153,1092,Brewer Park,1265
P7,Bronson Ave & University Dr,10168,10107,Brewer Park,10655
P7,Bronson Ave & University Dr,11462,11401,Brewer Park,11919
P6,Bronson Ave & University Dr,5049,4988,Brewer Park,5528
P5,Stadium Way,1634,1573,Brewer Park,1729
P5,Stadium Way,1897,1836,Brewer Park,2008
P5,Stadium Way,243,182,Brewer Park,303
P2,Colonel By,543,482,Hogs Back Plaza (SW dest.),933
P2,Colonel By,568,507,Hogs Back Plaza (SW dest.),984
P7,Bronson Ave & University Dr,9902,9841,Brewer Park,10381
P5,Stadium Way,719,658,Brewer Park,830
P5,Stadium Way,196,135,Brewer Park,243
P7,Bronson Ave & University Dr,9722,9661,Brewer Park,10199
P4,Stadium Way,3313,3252,Brewer Park,3432
P7,Bronson Ave & University Dr,9546,9485,Brewer Park,10019
P6,Bronson Ave & University Dr,5967,5906,Brewer Park,6441
P7,Bronson Ave & University Dr,9158,9097,Brewer Park,9630
P6,Bronson Ave & University Dr,7753,7692,Brewer Park,8222
P5,Stadium Way,1675,1614,Brewer Park,1782
P5,Stadium Way,961,900,Brewer Park,1074
P3,Stadium Way,2628,2567,Brewer Park,2741
P5,Stadium Way,861,800,Brewer Park,970
P5,Stadium Way,488,427,Brewer Park,602
P7,Bronson Ave & University Dr,10316,10255,Brewer Park,11106
P7,Bronson Ave & University Dr,8097,8036,Brewer Park,8559
P7,Bronson Ave & University Dr,8273,8212,Brewer Park,8731
P6,Bronson Ave & University Dr,7126,7065,Brewer Park,7593
P5,Stadium Way,1216,1155,Brewer Park,1332
P6,Bronson Ave & University Dr,5864,5803,Brewer Park,6326
P7,Bronson Ave & University Dr,8063,8002,Brewer Park,8529
P7,Bronson Ave & University Dr,10961,10900,Brewer Park,11436
P3,Stadium Way,3621,3560,Brewer Park,3728
P5,Stadium Way,636,575,Brewer Park,745
P4,Stadium Way,3312,3251,Brewer Park,3428
P7,Bronson Ave & University Dr,9285,9224,Brewer Park,9752
P7,Bronson Ave & University Dr,9149,9088,Brewer Park,9608
P5,Stadium Way,1814,1753,Brewer Park,1931
P6,Bronson Ave & University Dr,6248,6187,Brewer Park,6716
P5,Stadium Way,1648,1587,Brewer Park,1744
P6,Bronson Ave & University Dr,5366,5305,Brewer Park,5836
P6,Bronson Ave & University Dr,5757,5696,Brewer Park,6234
P4,Stadium Way,4062,4001,Brewer Park,4175
P3,Stadium Way,2749,2688,Brewer Park,2859
P7,Bronson Ave & University Dr,11714,11653,Brewer Park,12189
P7,Bronson Ave & University Dr,9231,9170,Brewer Park,9695
P6,Bronson Ave & University Dr,7223,7162,Brewer Park,7695
P6,Bronson Ave & University Dr,4827,4766,Brewer Park,5304
P6,Bronson Ave & University Dr,7732,7671,Brewer Park,8214
P6,Bronson Ave & University Dr,6045,5984,Brewer Park,6515
P5,Stadium Way,2751,2690,Brewer Park,2863
P7,Bronson Ave & University Dr,10230,10169,Brewer Park,11013
P7,Bronson Ave & University Dr,9223,9162,Brewer Park,9690
P7,Bronson Ave & University Dr,11846,11785,Brewer Park,12651
P4,Stadium Way,4112,4051,Brewer Park,4228
P5,Stadium Way,118,57,Brewer Park,140
P5,Stadium Way,1887,1826,Brewer Park,2000
P1,Colonel By,274,213,Hogs Back Plaza (SW dest.),497
P7,Bronson Ave & University Dr,11805,11744,Brewer Park,12281
P5,Stadium Way,2117,2056,Brewer Park,2229
P6,Bronson Ave & University Dr,4565,4504,Brewer Park,5041
P6,Bronson Ave & University Dr,7119,7058,Brewer Park,7581
P6,Bronson Ave & University Dr,5879,5818,Brewer Park,6348
P3,Stadium Way,3934,3873,Brewer Park,4043
P6,Bronson Ave & University Dr,6929,6868,Brewer Park,7395
P7,Bronson Ave & University Dr,8151,8090,Brewer Park,8614
P6,Bronson Ave & University Dr,5231,5170,Brewer Park,5695
P6,Bronson Ave & University Dr,7447,7386,Brewer Park,7913
P6,Bronson Ave & University Dr,6430,6369,Brewer Park,6899
P6,Bronson Ave & University Dr,7582,7521,Brewer Park,8039
P7,Bronson Ave & University Dr,11370,11309,Brewer Park,11827
P5,Stadium Way,2065,2004,Brewer Park,2177
P7,Bronson Ave & University Dr,8018,7957,Brewer Park,8483
P7,Bronson Ave & University Dr,8534,8473,Brewer Park,9003
P6,Bronson Ave & University Dr,251,190,Brewer Park,4645
P4,Stadium Way,4135,4074,Brewer Park,4249
P5,Stadium Way,148,87,Brewer Park,175
P6,Bronson Ave & University Dr,7202,7141,Brewer Park,7674
P7,Bronson Ave & University Dr,11508,11447,Brewer Park,11978
P7,Bronson Ave & University Dr,10133,10072,Brewer Park,10608
P7,Bronson Ave & University Dr,9052,8991,Brewer Park,9518
P5,Stadium Way,240,179,Brewer Park,299
P5,Stadium Way,1543,1482,Brewer Park,1652
P6,Bronson Ave & University Dr,7635,7574,Brewer Park,8108
P6,Bronson Ave & University Dr,5377,5316,Brewer Park,5850
P7,Bronson Ave & University Dr,8640,8579,Brewer Park,9119
P6,Bronson Ave & University Dr,5428,5367,Brewer Park,5894
P7,Bronson Ave & University Dr,11255,11194,Brewer Park,11722
P6,Bronson Ave & University Dr,5961,5900,Brewer Park,6429
P7,Bronson Ave & University Dr,10066,10005,Brewer Park,10838
P3,Stadium Way,3710,3649,Brewer Park,3818
P5,Stadium Way,1370,1309,Brewer Park,1484
P7,Bronson Ave & University Dr,9333,9272,Brewer Park,9804
P6,Bronson Ave & University Dr,5102,5041,Brewer Park,5566
P7,Bronson Ave & University Dr,8432,8371,Brewer Park,8890
P7,Bronson Ave & University Dr,10158,10097,Brewer Park,10936
P7,Bronson Ave & University Dr,8873,8812,Brewer Park,9360
P7,Bronson Ave & University Dr,146,85,Brewer Park,4502
P5,Stadium Way,570,509,Brewer Park,681
P6,Bronson Ave & University Dr,7247,7186,Brewer Park,7715
P6,Bronson Ave & University Dr,5695,5634,Brewer Park,6158
P7,Bronson Ave & University Dr,8936,8875,Brewer Park,9416
P5,Stadium Way,843,782,Brewer Park,944
P6,Bronson Ave & University Dr,186,125,Brewer Park,4558
P6,Bronson Ave & University Dr,5099,5038,Brewer Park,5561
P5,Stadium Way,2185,2124,Brewer Park,2283
P6,Bronson Ave & University Dr,5871,5810,Brewer Park,6335
P7,Bronson Ave & University Dr,11842,11781,Brewer Park,12638
P5,Stadium Way,494,433,Brewer Park,607
P6,Bronson Ave & University Dr,7657,7596,Brewer Park,8127
P7,Bronson Ave & University Dr,8253,8192,Brewer Park,8710
P6,Bronson Ave & University Dr,5363,5302,Brewer Park,5831
P5,Stadium Way,1990,1929,Brewer Park,2092
P7,Bronson Ave & University Dr,8956,8895,Brewer Park,9433
P7,Bronson Ave & University Dr,10212,10151,Brewer Park,10695
P7,Bronson Ave & University Dr,9075,9014,Brewer Park,9544
P6,Bronson Ave & University Dr,5646,5585,Brewer Park,6111
P5,Stadium Way,2039,1978,Brewer Park,2143
P5,Stadium Way,2385,2324,Brewer Park,2495
P6,Bronson Ave & University Dr,7161,7100,Brewer Park,7626
P6,Bronson Ave & University Dr,227,166,Brewer Park,4614
P7,Bronson Ave & University Dr,11075,11014,Brewer Park,11547
P7,Bronson Ave & University Dr,12483,12422,Brewer Park,12934
P7,Bronson Ave & University Dr,11796,11735,Brewer Park,12272
P5,Stadium Way,2822,2761,Brewer Park,2934
P7,Bronson Ave & University Dr,8786,8725,Brewer Park,9258
P7,Bronson Ave & University Dr,10303,10242,Brewer Park,11092
P5,Stadium Way,3013,2952,Brewer Park,3121
P6,Bronson Ave & University Dr,7851,7790,Brewer Park,8311
P6,Bronson Ave & University Dr,5443,5382,Brewer Park,5906
P2,Colonel By,546,485,Hogs Back Plaza (SW dest.),937
P7,Bronson Ave & University Dr,8816,8755,Brewer Park,9289
P2,Colonel By,650,589,Hogs Back Plaza (SW dest.),1106
P7,Bronson Ave & University Dr,11605,11544,Brewer Park,12370
P6,Bronson Ave & University Dr,7034,6973,Brewer Park,7509
P2,Colonel By,565,504,Hogs Back Plaza (SW dest.),979
P6,Bronson Ave & University Dr,6777,6716,Brewer Park,7237
P6,Bronson Ave & University Dr,5630,5569,Brewer Park,6088
P5,Stadium Way,123,62,Brewer Park,145
P5,Stadium Way,466,405,Brewer Park,579
P7,Bronson Ave & University Dr,8797,8736,Brewer Park,9268
P5,Stadium Way,561,500,Brewer Park,677
P5,Stadium Way,1773,1712,Brewer Park,1879
P5,Stadium Way,1246,1185,Brewer Park,1349
P5,Stadium Way,732,671,Brewer Park,847
P3,Stadium Way,3339,3278,Brewer Park,3449
P5,Stadium Way,628,567,Brewer Park,733
P7,Bronson Ave & University Dr,11352,11291,Brewer Park,11819
P1,Colonel By,266,205,Hogs Back Plaza (SW dest.),483
P6,Bronson Ave & University Dr,5181,5120,Brewer Park,5652
P6,Bronson Ave & University Dr,6288,6227,Brewer Park,6756
P7,Bronson Ave & University Dr,12539,12478,Brewer Park,13020
P5,Stadium Way,3052,2991,Brewer Park,3163
P6,Bronson Ave & University Dr,6487,6426,Brewer Park,6959
P7,Bronson Ave & University Dr,11258,11197,Brewer Park,11727
P6,Bronson Ave & University Dr,6575,6514,Brewer Park,7041
P7,Bronson Ave & University Dr,9072,9011,Brewer Park,9540
P7,Bronson Ave & University Dr,9007,8946,Brewer Park,9471
P5,Stadium Way,2651,2590,Brewer Park,2764
P6,Bronson Ave & University Dr,6221,6160,Brewer Park,6700
P2,Colonel By,550,489,Hogs Back Plaza (SW dest.),946
P7,Bronson Ave & University Dr,12399,12338,Brewer Park,12859
P5,Stadium Way,256,195,Brewer Park,314
P7,Bronson Ave & University Dr,12441,12380,Brewer Park,12911
P5,Stadium Way,145,84,Brewer Park,172
P5,Stadium Way,1406,1345,Brewer Park,1521
P7,Bronson Ave & University Dr,10188,10127,Brewer Park,10966
P6,Bronson Ave & University Dr,7780,7719,Brewer Park,8242
P7,Bronson Ave & University Dr,10149,10088,Brewer Park,10637
P5,Stadium Way,2724,2663,Brewer Park,2842
P7,Bronson Ave & University Dr,10123,10062,Brewer Park,10588
P7,Bronson Ave & University Dr,11012,10951,Brewer Park,11482
P7,Bronson Ave & University Dr,10303,10242,Brewer Park,10770
P3,Stadium Way,2833,2772,Brewer Park,2943
P5,Stadium Way,889,828,Brewer Park,1005
P5,Stadium Way,2008,1947,Brewer Park,2112
P7,Bronson Ave & University Dr,10115,10054,Brewer Park,10576
P6,Bronson Ave & University Dr,162,101,Brewer Park,4524
P3,Stadium Way,3506,3445,Brewer Park,3615
P1,Colonel By,160,99,Hogs Back Plaza (SW dest.),349
P6,Bronson Ave & University Dr,6191,6130,Brewer Park,6656
P5,Stadium Way,1766,1705,Brewer Park,1875
P5,Stadium Way,2523,2462,Brewer Park,2641
P7,Bronson Ave & University Dr,11796,11735,Brewer Park,12592
P1,Colonel By,245,184,Hogs Back Plaza (SW dest.),460
P6,Bronson Ave & University Dr,6449,6388,Brewer Park,6913
P7,Bronson Ave & University Dr,11607,11546,Brewer Park,12374
P6,Bronson Ave & University Dr,5750,5689,Brewer Park,6230
P5,Stadium Way,1862,1801,Brewer Park,1979
P6,Bronson Ave & University Dr,7310,7249,Brewer Park,7775
P6,Bronson Ave & University Dr,244,183,Brewer Park,4636
P5,Stadium Way,1108,1047,Brewer Park,1222
P6,Bronson Ave & University Dr,7078,7017,Brewer Park,7535
P5,Stadium Way,2376,2315,Brewer Park,2485
P2,Colonel By,507,446,Hogs Back Plaza (SW dest.),864
P6,Bronson Ave & University Dr,5672,5611,Brewer Park,6128
P7,Bronson Ave & University Dr,10205,10144,Brewer Park,10984
P5,Stadium Way,168,107,Brewer Park,205
P6,Bronson Ave & University Dr,4395,4334,Brewer Park,4861
P7,Bronson Ave & University Dr,8277,8216,Brewer Park,8740
P5,Stadium Way,2018,1957,Brewer Park,2121
P5,Stadium Way,1747,1686,Brewer Park,1858
P6,Bronson Ave & University Dr,5666,5605,Brewer Park,6124
P5,Stadium Way,1311,1250,Brewer Park,1418
P7,Bronson Ave & University Dr,9004,8943,Brewer Park,9463
P6,Bronson Ave & University Dr,4317,4256,Brewer Park,4794
P7,Bronson Ave & University Dr,11491,11430,Brewer Park,11960
P7,Bronson Ave & University Dr,11645,11584,Brewer Park,12435
P5,Stadium Way,1159,1098,Brewer Park,1272
P7,Bronson Ave & University Dr,9475,9414,Brewer Park,9944
P6,Bronson Ave & University Dr,4818,4757,Brewer Park,5296
P7,Bronson Ave & University Dr,11600,11539,Brewer Park,12365
P7,Bronson Ave & University Dr,10966,10905,Brewer Park,11441
P2,Colonel By,624,563,Hogs Back Plaza (SW dest.),1068
P7,Bronson Ave & University Dr,8257,8196,Brewer Park,8718
P7,Bronson Ave & University Dr,11817,11756,Brewer Park,12620
P7,Bronson Ave & University Dr,9377,9316,Brewer Park,9848
P6,Bronson Ave & University Dr,6684,6623,Brewer Park,7154
P7,Bronson Ave & University Dr,9925,9864,Brewer Park,10408
P7,Bronson Ave & University Dr,11699,11638,Brewer Park,12488
P6,Bronson Ave & University Dr,5263,5202,Brewer Park,5733
P6,Bronson Ave & University Dr,6848,6787,Brewer Park,7319
P7,Bronson Ave & University Dr,11726,11665,Brewer Park,12509
P6,Bronson Ave & University Dr,6600,6539,Brewer Park,7070
P5,Stadium Way,744,683,Brewer Park,856
P6,Bronson Ave & University Dr,5516,5455,Brewer Park,5980
P5,Stadium Way,2059,1998,Brewer Park,2169
P5,Stadium Way,555,494,Brewer Park,668
P6,Bronson Ave & University Dr,4531,4470,Brewer Park,4996
P7,Bronson Ave & University Dr,10014,9953,Brewer Park,10791
P7,Bronson Ave & University Dr,9210,9149,Brewer Park,9677
P5,Stadium Way,2840,2779,Brewer Park,2951
P3,Stadium Way,3836,3775,Brewer Park,3956
P7,Bronson Ave & University Dr,8369,8308,Brewer Park,8826
P7,Bronson Ave & University Dr,10202,10141,Brewer Park,10686
P3,Stadium Way,3576,3515,Brewer Park,3686
P5,Stadium Way,1608,1547,Brewer Park,1713
P6,Bronson Ave & University Dr,6110,6049,Brewer Park,6569
P7,Bronson Ave & University Dr,8196,8135,Brewer Park,8649
P6,Bronson Ave & University Dr,5318,5257,Brewer Park,5785
P5,Stadium Way,2572,2511,Brewer Park,2685
P7,Bronson Ave & University Dr,8866,8805,Brewer Park,9343
P7,Bronson Ave & University Dr,11173,11112,Brewer Park,11646
P6,Bronson Ave & University Dr,5435,5374,Brewer Park,5902
P6,Bronson Ave & University Dr,7345,7284,Brewer Park,7792
P6,Bronson Ave & University Dr,6642,6581,Brewer Park,7109
P5,Stadium Way,2344,2283,Brewer Park,2457
P7,Bronson Ave & University Dr,10213,10152,Brewer Park,10992
P5,Stadium Way,1687,1626,Brewer Park,1794
P7,Bronson Ave & University Dr,8848,8787,Brewer Park,9309
P7,Bronson Ave & University Dr,11393,11332,Brewer Park,11860
P1,Colonel By,253,192,Hogs Back Plaza (SW dest.),468
P5,Stadium Way,800,739,Brewer Park,914
P4,Stadium Way,295,234,Brewer Park,369
P2,Colonel By,171,110,Hogs Back Plaza (SW dest.),683
P5,Stadium Way,2223,2162,Brewer Park,2333
P6,Bronson Ave & University Dr,5402,5341,Brewer Park,5875
P7,Bronson Ave & University Dr,10773,10712,Brewer Park,11235
P7,Bronson Ave & University Dr,9752,9691,Brewer Park,10226
P1,Colonel By,322,261,Hogs Back Plaza (SW dest.),555
P7,Bronson Ave & University Dr,10165,10104,Brewer Park,10650
P6,Bronson Ave & University Dr,6150,6089,Brewer Park,6614
P4,Stadium Way,4290,4229,Brewer Park,4397
P5,Stadium Way,2924,2863,Brewer Park,3030
P3,Stadium Way,3702,3641,Brewer Park,3813
P3,Stadium Way,3358,3297,Brewer Park,3466
P3,Stadium Way,3520,3459,Brewer Park,3628
P6,Bronson Ave & University Dr,5574,5513,Brewer Park,6041
P7,Bronson Ave & University Dr,11807,11746,Brewer Park,12609
P6,Bronson Ave & University Dr,6876,6815,Brewer Park,7340
P7,Bronson Ave & University Dr,12331,12270,Brewer Park,12809
P5,Stadium Way,2691,2630,Brewer Park,2803
P4,Stadium Way,3187,3126,Brewer Park,3296
P6,Bronson Ave & University Dr,4924,4863,Brewer Park,5391
P6,Bronson Ave & University Dr,5634,5573,Brewer Park,6097
P6,Bronson Ave & University Dr,7138,7077,Brewer Park,7614
P6,Bronson Ave & University Dr,4625,4564,Brewer Park,5115
P6,Bronson Ave & University Dr,6462,6401,Brewer Park,6937
P3,Stadium Way,3537,3476,Brewer Park,3641
P6,Bronson Ave & University Dr,7796,7735,Brewer Park,8264
P7,Bronson Ave & University Dr,10902,10841,Brewer Park,11383
P5,Stadium Way,1052,991,Brewer Park,1158
P7,Bronson Ave & University Dr,9888,9827,Brewer Park,10357
P6,Bronson Ave & University Dr,5631,5570,Brewer Park,6092
P6,Bronson Ave & University Dr,5187,5126,Brewer Park,5660
P7,Bronson Ave & University Dr,11004,10943,Brewer Park,11469
P6,Bronson Ave & University Dr,181,120,Brewer Park,4550
P1,Colonel By,395,334,Hogs Back Plaza (SW dest.),644
P5,Stadium Way,2527,2466,Brewer Park,2645
P7,Bronson Ave & University Dr,11868,11807,Brewer Park,12678
P2,Colonel By,511,450,Hogs Back Plaza (SW dest.),873
P6,Bronson Ave & University Dr,7032,6971,Brewer Park,7504
P7,Bronson Ave & University Dr,8448,8387,Brewer Park,8905
P6,Bronson Ave & University Dr,5386,5325,Brewer Park,5863
P7,Bronson Ave & University Dr,10294,10233,Brewer Park,10757
P4,Stadium Way,2562,2501,Brewer Park,2677
P6,Bronson Ave & University Dr,4728,4667,Brewer Park,5200
P5,Stadium Way,278,217,Brewer Park,344
P7,Bronson Ave & University Dr,11404,11343,Brewer Park,11873
P7,Bronson Ave & University Dr,9646,9585,Brewer Park,10106
P7,Bronson Ave & University Dr,12568,12507,Brewer Park,13043
P6,Bronson Ave & University Dr,6944,6883,Brewer Park,7403
P7,Bronson Ave & University Dr,10913,10852,Brewer Park,11392
P5,Stadium Way,356,295,Brewer Park,449
P1,Colonel By,364,303,Hogs Back Plaza (SW dest.),600
P6,Bronson Ave & University Dr,5502,5441,Brewer Park,5968
P2,Colonel By,559,498,Hogs Back Plaza (SW dest.),964
P6,Bronson Ave & University Dr,7724,7663,Brewer Park,8200
P6,Bronson Ave & University Dr,5908,5847,Brewer Park,6374
P1,Colonel By,414,353,Hogs Back Plaza (SW dest.),669
P6,Bronson Ave & University Dr,6728,6667,Brewer Park,7197
P6,Bronson Ave & University Dr,6242,6181,Brewer Park,6708
P5,Stadium Way,288,227,Brewer Park,360
P6,Bronson Ave & University Dr,6130,6069,Brewer Park,6591
P5,Stadium Way,724,663,Brewer Park,838
P6,Bronson Ave & University Dr,7285,7224,Brewer Park,7740
P6,Bronson Ave & University Dr,7097,7036,Brewer Park,7557
P7,Bronson Ave & University Dr,9323,9262,Brewer Park,9791
P3,Stadium Way,3671,3610,Brewer Park,3780
P6,Bronson Ave & University Dr,6522,6461,Brewer Park,6989
P6,Bronson Ave & University Dr,6793,6732,Brewer Park,7264
P6,Bronson Ave & University Dr,4901,4840,Brewer Park,5382
P5,Stadium Way,1797,1736,Brewer Park,1906
P5,Stadium Way,3047,2986,Brewer Park,3155
P6,Bronson Ave & University Dr,6528,6467,Brewer Park,6999
P7,Bronson Ave & University Dr,8822,8761,Brewer Park,9293
P5,Stadium Way,2874,2813,Brewer Park,2980
P6,Bronson Ave & University Dr,6008,5947,Brewer Park,6474
P5,Stadium Way,2449,2388,Brewer Park,2555
P6,Bronson Ave & University Dr,4425,4364,Brewer Park,4894
P5,Stadium Way,682,621,Brewer Park,797
P6,Bronson Ave & University Dr,6782,6721,Brewer Park,7250
P7,Bronson Ave & University Dr,9254,9193,Brewer Park,9731
P7,Bronson Ave & University Dr,9172,9111,Brewer Park,9640
P3,Stadium Way,3397,3336,Brewer Park,3518
P7,Bronson Ave & University Dr,8242,8181,Brewer Park,8706
P2,Colonel By,548,487,Hogs Back Plaza (SW dest.),942
P5,Stadium Way,2665,2604,Brewer Park,2777
P6,Bronson Ave & University Dr,6597,6536,Brewer Park,7066
P6,Bronson Ave & University Dr,4647,4586,Brewer Park,5133
P6,Bronson Ave & University Dr,5082,5021,Brewer Park,5549
P5,Stadium Way,362,301,Brewer Park,456
P7,Bronson Ave & University Dr,8025,7964,Brewer Park,8492
P6,Bronson Ave & University Dr,5483,5422,Brewer Park,5947
P7,Bronson Ave & University Dr,11708,11647,Brewer Park,12176
P7,Bronson Ave & University Dr,8517,8456,Brewer Park,8978
P7,Bronson Ave & University Dr,8586,8525,Brewer Park,9049
P7,Bronson Ave & University Dr,8543,8482,Brewer Park,9016
P3,Stadium Way,3699,3638,Brewer Park,3809
P7,Bronson Ave & University Dr,8568,8507,Brewer Park,9041
P2,Colonel By,504,443,Hogs Back Plaza (SW dest.),860
P6,Bronson Ave & University Dr,5965,5904,Brewer Park,6437
P7,Bronson Ave & University Dr,9327,9266,Brewer Park,9796
P7,Bronson Ave & University Dr,10314,10253,Brewer Park,10786
P7,Bronson Ave & University Dr,10193,10132,Brewer Park,10673
P6,Bronson Ave & University Dr,6280,6219,Brewer Park,6747
P6,Bronson Ave & University Dr,4630,4569,Brewer Park,5119
P7,Bronson Ave & University Dr,12303,12242,Brewer Park,12770
P5,Stadium Way,1723,1662,Brewer Park,1831
P7,Bronson Ave & University Dr,8068,8007,Brewer Park,8533
P4,Stadium Way,4043,3982,Brewer Park,4162
P7,Bronson Ave & University Dr,12444,12383,Brewer Park,12915
P7,Bronson Ave & University Dr,8011,7950,Brewer Park,8474
P6,Bronson Ave & University Dr,5108,5047,Brewer Park,5576
P4,Stadium Way,4300,4239,Brewer Park,4410
P6,Bronson Ave & University Dr,195,134,Brewer Park,4571
P5,Stadium Way,1026,965,Brewer Park,1141
P7,Bronson Ave & University Dr,9447,9386,Brewer Park,9913
P5,Stadium Way,758,697,Brewer Park,874
P5,Stadium Way,1685,1624,Brewer Park,1790
P5,Stadium Way,2509,2448,Brewer Park,2619
P6,Bronson Ave & University Dr,5854,5793,Brewer Park,6318
P5,Stadium Way,2806,2745,Brewer Park,2918
P7,Bronson Ave & University Dr,8608,8547,Brewer Park,9070
P7,Bronson Ave & University Dr,9740,9679,Brewer Park,10217
P4,Stadium Way,4156,4095,Brewer Park,4267
P7,Bronson Ave & University Dr,11476,11415,Brewer Park,11943
P3,Stadium Way,3425,3364,Brewer Park,3545
P6,Bronson Ave & University Dr,4800,4739,Brewer Park,5271
P5,Stadium Way,3004,2943,Brewer Park,3118
P6,Bronson Ave & University Dr,5400,5339,Brewer Park,5871
P7,Bronson Ave & University Dr,11147,11086,Brewer Park,11624
P7,Bronson Ave & University Dr,8016,7955,Brewer Park,8478
P7,Bronson Ave & University Dr,9493,9432,Brewer Park,9965
P7,Bronson Ave & University Dr,8552,8491,Brewer Park,9033
P7,Bronson Ave & University Dr,8397,8336,Brewer Park,8860
P7,Bronson Ave & University Dr,8658,8597,Brewer Park,9136
P7,Bronson Ave & University Dr,8217,8156,Brewer Park,8684
P6,Bronson Ave & University Dr,5329,5268,Brewer Park,5812
P6,Bronson Ave & University Dr,5156,5095,Brewer Park,5628
P7,Bronson Ave & University Dr,11375,11314,Brewer Park,11836
P7,Bronson Ave & University Dr,9521,9460,Brewer Park,9997
P7,Bronson Ave & University Dr,9278,9217,Brewer Park,9744
P5,Stadium Way,2809,2748,Brewer Park,2922
P6,Bronson Ave & University Dr,6021,5960,Brewer Park,6486
P7,Bronson Ave & University Dr,8743,8682,Brewer Park,9213
P1,Colonel By,256,195,Hogs Back Plaza (SW dest.),472
P6,Bronson Ave & University Dr,418,357,Brewer Park,4734
P6,Bronson Ave & University Dr,5732,5671,Brewer Park,6206
P7,Bronson Ave & University Dr,12376,12315,Brewer Park,12829
P6,Bronson Ave & University Dr,7352,7291,Brewer Park,7804
P7,Bronson Ave & University Dr,8755,8694,Brewer Park,9229
P5,Stadium Way,647,586,Brewer Park,758
P5,Stadium Way,2284,2223,Brewer Park,2391
P7,Bronson Ave & University Dr,11540,11479,Brewer Park,12000
P5,Stadium Way,676,615,Brewer Park,793
P7,Bronson Ave & University Dr,12257,12196,Brewer Park,12731
P7,Bronson Ave & University Dr,9584,9523,Brewer Park,10062
P7,Bronson Ave & University Dr,8110,8049,Brewer Park,8571
P7,Bronson Ave & University Dr,10978,10917,Brewer Park,11449
P7,Bronson Ave & University Dr,10009,9948,Brewer Park,10485
P5,Stadium Way,524,463,Brewer Park,637
P7,Bronson Ave & University Dr,10002,9941,Brewer Park,10477
P3,Stadium Way,3163,3102,Brewer Park,3274
P7,Bronson Ave & University Dr,10017,9956,Brewer Park,10498
P3,Stadium Way,3717,3656,Brewer Park,3834
P7,Bronson Ave & University Dr,10844,10783,Brewer Park,11310
P6,Bronson Ave & University Dr,7158,7097,Brewer Park,7623
P6,Bronson Ave & University Dr,7663,7602,Brewer Park,8138
P7,Bronson Ave & University Dr,9387,9326,Brewer Park,9862
P7,Bronson Ave & University Dr,10767,10706,Brewer Park,11226
P7,Bronson Ave & University Dr,11623,11562,Brewer Park,12090
P6,Bronson Ave & University Dr,6767,6706,Brewer Park,7229
P5,Stadium Way,1426,1365,Brewer Park,1541
P5,Stadium Way,497,436,Brewer Park,611
P6,Bronson Ave & University Dr,4430,4369,Brewer Park,4903
P6,Bronson Ave & University Dr,5120,5059,Brewer Park,5602
P2,Colonel By,191,130,Hogs Back Plaza (SW dest.),749
P6,Bronson Ave & University Dr,6350,6289,Brewer Park,6820
P7,Bronson Ave & University Dr,8299,8238,Brewer Park,8753
P1,Colonel By,248,187,Hogs Back Plaza (SW dest.),463
P2,Colonel By,584,523,Hogs Back Plaza (SW dest.),1012
P5,Stadium Way,2883,2822,Brewer Park,2988
P5,Stadium Way,2558,2497,Brewer Park,2672
P6,Bronson Ave & University Dr,7681,7620,Brewer Park,8167
P5,Stadium Way,248,187,Brewer Park,307
P6,Bronson Ave & University Dr,6958,6897,Brewer Park,7423
P6,Bronson Ave & University Dr,5837,5776,Brewer Park,6309
P6,Bronson Ave & University Dr,7721,7660,Brewer Park,8196
P7,Bronson Ave & University Dr,8439,8378,Brewer Park,8901
P7,Bronson Ave & University Dr,9903,9842,Brewer Park,10386
P7,Bronson Ave & University Dr,11059,10998,Brewer Park,11534
P6,Bronson Ave & University Dr,4339,4278,Brewer Park,4814
P5,Stadium Way,1583,1522,Brewer Park,1679
P5,Stadium Way,660,599,Brewer Park,766
P6,Bronson Ave & University Dr,7853,7792,Brewer Park,8315
P7,Bronson Ave & University Dr,8925,8864,Brewer Park,9403
P5,Stadium Way,3109,3048,Brewer Park,3216
P5,Stadium Way,1179,1118,Brewer Park,1299
P5,Stadium Way,1846,1785,Brewer Park,1962
P5,Stadium Way,606,545,Brewer Park,724
P7,Bronson Ave & University Dr,11277,11216,Brewer Park,11735
P3,Stadium Way,3864,3803,Brewer Park,3973
P7,Bronson Ave & University Dr,12274,12213,Brewer Park,12744
P5,Stadium Way,931,870,Brewer Park,1048
P3,Stadium Way,3384,3323,Brewer Park,3494
P6,Bronson Ave & University Dr,5986,5925,Brewer Park,6462
P6,Bronson Ave & University Dr,6906,6845,Brewer Park,7365
P7,Bronson Ave & University Dr,8332,8271,Brewer Park,8795
P1,Colonel By,419,358,Hogs Back Plaza (SW dest.),674
P5,Stadium Way,2977,2916,Brewer Park,3087
P5,Stadium Way,2990,2929,Brewer Park,3098
P6,Bronson Ave & University Dr,6199,6138,Brewer Park,6660
P7,Bronson Ave & University Dr,9919,9858,Brewer Park,10403
P7,Bronson Ave & University Dr,11589,11528,Brewer Park,12052
P7,Bronson Ave & University Dr,11804,11743,Brewer Park,12604
P1,Colonel By,192,131,Hogs Back Plaza (SW dest.),388
P7,Bronson Ave & University Dr,10327,10266,Brewer Park,11110
P5,Stadium Way,1414,1353,Brewer Park,1530
P5,Stadium Way,1859,1798,Brewer Park,1975
P3,Stadium Way,3390,3329,Brewer Park,3502
P3,Stadium Way,3974,3913,Brewer Park,4091
P7,Bronson Ave & University Dr,11421,11360,Brewer Park,11895
P6,Bronson Ave & University Dr,7377,7316,Brewer Park,7830
P6,Bronson Ave & University Dr,6655,6594,Brewer Park,7127
P7,Bronson Ave & University Dr,9887,9826,Brewer Park,10353
P6,Bronson Ave & University Dr,5258,5197,Brewer Park,5728
P7,Bronson Ave & University Dr,12415,12354,Brewer Park,12876
P2,Colonel By,660,599,Hogs Back Plaza (SW dest.),1119
P7,Bronson Ave & University Dr,8336,8275,Brewer Park,8800
P2,Colonel By,619,558,Hogs Back Plaza (SW dest.),1060
P7,Bronson Ave & University Dr,11614,11553,Brewer Park,12073
P1,Colonel By,350,289,Hogs Back Plaza (SW dest.),585
P6,Bronson Ave & University Dr,5675,5614,Brewer Park,6133
P2,Colonel By,626,565,Hogs Back Plaza (SW dest.),1072
P6,Bronson Ave & University Dr,6658,6597,Brewer Park,7130
P3,Stadium Way,3526,3465,Brewer Park,3637
P5,Stadium Way,1905,1844,Brewer Park,2020
P7,Bronson Ave & University Dr,9856,9795,Brewer Park,10328
P6,Bronson Ave & University Dr,6330,6269,Brewer Park,6802
P6,Bronson Ave & University Dr,7589,7528,Brewer Park,8044
P7,Bronson Ave & University Dr,11518,11457,Brewer Park,11983
P5,Stadium Way,2864,2803,Brewer Park,2972
P5,Stadium Way,592,531,Brewer Park,698
P7,Bronson Ave & University Dr,11494,11433,Brewer Park,11965
P1,Colonel By,118,57,Hogs Back Plaza (SW dest.),297
P7,Bronson Ave & University Dr,8317,8256,Brewer Park,8779
P5,Stadium Way,1166,1105,Brewer Park,1280
P7,Bronson Ave & University Dr,7352,7291,Brewer Park,7799
P3,Stadium Way,3737,3676,Brewer Park,3857
P7,Bronson Ave & University Dr,11040,10979,Brewer Park,11504
P6,Bronson Ave & University Dr,5830,5769,Brewer Park,6296
P7,Bronson Ave & University Dr,9861,9800,Brewer Park,10337
P3,Stadium Way,3386,3325,Brewer Park,3498
P7,Bronson Ave & University Dr,10882,10821,Brewer Park,11357
P7,Bronson Ave & University Dr,11161,11100,Brewer Park,11633
P5,Stadium Way,1967,1906,Brewer Park,2074
P6,Bronson Ave & University Dr,5869,5808,Brewer Park,6331
P7,Bronson Ave & University Dr,9949,9888,Brewer Park,10437
P6,Bronson Ave & University Dr,7593,7532,Brewer Park,8048
P5,Stadium Way,1592,1531,Brewer Park,1691
P7,Bronson Ave & University Dr,12490,12429,Brewer Park,12943
P3,Stadium Way,3326,3265,Brewer Park,3436
P1,Colonel By,188,127,Hogs Back Plaza (SW dest.),383
P3,Stadium Way,3896,3835,Brewer Park,4013
P7,Bronson Ave & University Dr,8459,8398,Brewer Park,8922
P5,Stadium Way,596,535,Brewer Park,707
P7,Bronson Ave & University Dr,12564,12503,Brewer Park,13015
P4,Stadium Way,3248,3187,Brewer Park,3367
P5,Stadium Way,2683,2622,Brewer Park,2799
P5,Stadium Way,1674,1613,Brewer Park,1770
P7,Bronson Ave & University Dr,10287,10226,Brewer Park,11074
P5,Stadium Way,872,811,Brewer Park,983
P2,Colonel By,392,331,Hogs Back Plaza (SW dest.),782
P7,Bronson Ave & University Dr,7965,7904,Brewer Park,8429
P6,Bronson Ave & University Dr,189,128,Brewer Park,4562
P7,Bronson Ave & University Dr,10191,10130,Brewer Park,10669
P3,Stadium Way,3889,3828,Brewer Park,4005
P5,Stadium Way,1596,1535,Brewer Park,1696
P2,Colonel By,497,436,Hogs Back Plaza (SW dest.),848
P5,Stadium Way,1956,1895,Brewer Park,2066
P6,Bronson Ave & University Dr,7193,7132,Brewer Park,7661
P3,Stadium Way,3947,3886,Brewer Park,4056
P6,Bronson Ave & University Dr,6460,6399,Brewer Park,6933
P6,Bronson Ave & University Dr,5093,5032,Brewer Park,5557
P7,Bronson Ave & University Dr,11673,11612,Brewer Park,12461
P6,Bronson Ave & University Dr,6533,6472,Brewer Park,7007
P7,Bronson Ave & University Dr,269,208,Brewer Park,4666
P7,Bronson Ave & University Dr,11128,11067,Brewer Park,11605
P5,Stadium Way,1840,1779,Brewer Park,1952
P5,Stadium Way,1057,996,Brewer Park,1167
P7,Bronson Ave & University Dr,12532,12471,Brewer Park,12989
P5,Stadium Way,1435,1374,Brewer Park,1545
P6,Bronson Ave & University Dr,5948,5887,Brewer Park,6416
P6,Bronson Ave & University Dr,4613,4552,Brewer Park,5094
P7,Bronson Ave & University Dr,9942,9881,Brewer Park,10425
P5,Stadium Way,1563,1502,Brewer Park,1666
P5,Stadium Way,1636,1575,Brewer Park,1733
P5,Stadium Way,1663,1602,Brewer Park,1758
P5,Stadium Way,1395,1334,Brewer Park,1505
P7,Bronson Ave & University Dr,8941,8880,Brewer Park,9424
P7,Bronson Ave & University Dr,8995,8934,Brewer Park,9450
P5,Stadium Way,2894,2833,Brewer Park,3004
P7,Bronson Ave & University Dr,10339,10278,Brewer Park,11127
P6,Bronson Ave & University Dr,169,108,Brewer Park,4532
P3,Stadium Way,4036,3975,Brewer Park,4152
P7,Bronson Ave & University Dr,12547,12486,Brewer Park,13028
P6,Bronson Ave & University Dr,6881,6820,Brewer Park,7344
P7,Bronson Ave & University Dr,11021,10960,Brewer Park,11490
P7,Bronson Ave & University Dr,11556,11495,Brewer Park,12026
P5,Stadium Way,1189,1128,Brewer Park,1303
P7,Bronson Ave & University Dr,9721,9660,Brewer Park,10195
P6,Bronson Ave & University Dr,5700,5639,Brewer Park,6166
P7,Bronson Ave & University Dr,8154,8093,Brewer Park,8618
P2,Colonel By,602,541,Hogs Back Plaza (SW dest.),1037
P5,Stadium Way,2086,2025,Brewer Park,2192
P5,Stadium Way,1084,1023,Brewer Park,1200
P6,Bronson Ave & University Dr,178,117,Brewer Park,4545
P5,Stadium Way,1377,1316,Brewer Park,1488
P5,Stadium Way,206,145,Brewer Park,257
P5,Stadium Way,1270,1209,Brewer Park,1375
P3,Stadium Way,3544,3483,Brewer Park,3650
P7,Bronson Ave & University Dr,9479,9418,Brewer Park,9948
P4,Stadium Way,4164,4103,Brewer Park,4272
P3,Stadium Way,3262,3201,Brewer Park,3380
P7,Bronson Ave & University Dr,11050,10989,Brewer Park,11521
P4,Stadium Way,4100,4039,Brewer Park,4212
P6,Bronson Ave & University Dr,7483,7422,Brewer Park,7956
P5,Stadium Way,2321,2260,Brewer Park,2421
P7,Bronson Ave & University Dr,12284,12223,Brewer Park,12752
P7,Bronson Ave & University Dr,103,42,Brewer Park,507
P6,Bronson Ave & University Dr,4807,4746,Brewer Park,5284
P1,Colonel By,295,234,Hogs Back Plaza (SW dest.),520
P7,Bronson Ave & University Dr,10669,10608,Brewer Park,11146
P2,Colonel By,620,559,Hogs Back Plaza (SW dest.),1064
P6,Bronson Ave & University Dr,4842,4781,Brewer Park,5323
P6,Bronson Ave & University Dr,6185,6124,Brewer Park,6643
P7,Bronson Ave & University Dr,11294,11233,Brewer Park,11753
P5,Stadium Way,604,543,Brewer Park,720
P6,Bronson Ave & University Dr,4476,4415,Brewer Park,4956
P7,Bronson Ave & University Dr,9154,9093,Brewer Park,9621
P7,Bronson Ave & University Dr,8457,8396,Brewer Park,8918
P7,Bronson Ave & University Dr,8487,8426,Brewer Park,8955
P6,Bronson Ave & University Dr,5543,5482,Brewer Park,6011
P6,Bronson Ave & University Dr,7672,7611,Brewer Park,8150
P7,Bronson Ave & University Dr,10049,9988,Brewer Park,10826
P7,Bronson Ave & University Dr,9186,9125,Brewer Park,9653
P4,Stadium Way,4277,4216,Brewer Park,4380
P6,Bronson Ave & University Dr,4974,4913,Brewer Park,5442
P7,Bronson Ave & University Dr,10294,10233,Brewer Park,11079
P2,Colonel By,574,513,Hogs Back Plaza (SW dest.),997
P6,Bronson Ave & University Dr,4830,4769,Brewer Park,5309
P7,Bronson Ave & University Dr,10128,10067,Brewer Park,10598
P7,Bronson Ave & University Dr,11652,11591,Brewer Park,12121
P6,Bronson Ave & University Dr,6971,6910,Brewer Park,7440
P7,Bronson Ave & University Dr,12487,12426,Brewer Park,12939
P5,Stadium Way,1929,1868,Brewer Park,2041
P7,Bronson Ave & University Dr,9718,9657,Brewer Park,10187
P7,Bronson Ave & University Dr,11582,11521,Brewer Park,12348
P3,Stadium Way,3725,3664,Brewer Park,3842
P5,Stadium Way,1308,1247,Brewer Park,1414
P5,Stadium Way,551,490,Brewer Park,664
P6,Bronson Ave & University Dr,4701,4640,Brewer Park,5173
P6,Bronson Ave & University Dr,5430,5369,Brewer Park,5898
P3,Stadium Way,3676,3615,Brewer Park,3788
P7,Bronson Ave & University Dr,12425,12364,Brewer Park,12889
P6,Bronson Ave & University Dr,4389,4328,Brewer Park,4851
P5,Stadium Way,1507,1446,Brewer Park,1605
P7,Bronson Ave & University Dr,10139,10078,Brewer Park,10622
P3,Stadium Way,3949,3888,Brewer Park,4061
P7,Bronson Ave & University Dr,9817,9756,Brewer Park,10285
P1,Colonel By,334,273,Hogs Back Plaza (SW dest.),568
P6,Bronson Ave & University Dr,6373,6312,Brewer Park,6850
P6,Bronson Ave & University Dr,7321,7260,Brewer Park,7788
P7,Bronson Ave & University Dr,11515,11454,Brewer Park,12298
P6,Bronson Ave & University Dr,6358,6297,Brewer Park,6833
P5,Stadium Way,717,656,Brewer Park,826
P5,Stadium Way,2576,2515,Brewer Park,2690
P7,Bronson Ave & University Dr,9828,9767,Brewer Park,10299
P6,Bronson Ave & University Dr,6500,6439,Brewer Park,6964
P5,Stadium Way,1784,1723,Brewer Park,1888
P6,Bronson Ave & University Dr,6884,6823,Brewer Park,7348
P6,Bronson Ave & University Dr,175,114,Brewer Park,4541
P7,Bronson Ave & University Dr,11731,11670,Brewer Park,12216
P7,Bronson Ave & University Dr,7950,7889,Brewer Park,8401
P6,Bronson Ave & University Dr,129,68,Brewer Park,4485
P7,Bronson Ave & University Dr,12553,12492,Brewer Park,13011
P5,Stadium Way,377,316,Brewer Park,476
P7,Bronson Ave & University Dr,10784,10723,Brewer Park,11252
P3,Stadium Way,3610,3549,Brewer Park,3724
P6,Bronson Ave & University Dr,7526,7465,Brewer Park,7995
P5,Stadium Way,818,757,Brewer Park,927
P1,Colonel By,225,164,Hogs Back Plaza (SW dest.),431
P6,Bronson Ave & University Dr,4740,4679,Brewer Park,5208
P7,Bronson Ave & University Dr,9282,9221,Brewer Park,9748
P7,Bronson Ave & University Dr,9935,9874,Brewer Park,10416
P6,Bronson Ave & University Dr,4782,4721,Brewer Park,5245
P5,Stadium Way,1315,1254,Brewer Park,1427
P6,Bronson Ave & University Dr,4805,4744,Brewer Park,5280
P6,Bronson Ave & University Dr,6602,6541,Brewer Park,7075
P5,Stadium Way,2703,2642,Brewer Park,2815
P5,Stadium Way,522,461,Brewer Park,633
P5,Stadium Way,2492,2431,Brewer Park,2606
P5,Stadium Way,2764,2703,Brewer Park,2876
P7,Bronson Ave & University Dr,10273,10212,Brewer Park,10737
P5,Stadium Way,2041,1980,Brewer Park,2148
P7,Bronson Ave & University Dr,10263,10202,Brewer Park,10730
P5,Stadium Way,1963,1902,Brewer Park,2070
P7,Bronson Ave & University Dr,125,64,Brewer Park,4480
P6,Bronson Ave & University Dr,7653,7592,Brewer Park,8120
P7,Bronson Ave & University Dr,8869,8808,Brewer Park,9347
P5,Stadium Way,672,611,Brewer Park,788
P3,Stadium Way,3508,3447,Brewer Park,3620
P7,Bronson Ave & University Dr,11373,11312,Brewer Park,11832
P5,Stadium Way,2657,2596,Brewer Park,2773
P6,Bronson Ave & University Dr,257,196,Brewer Park,4653
P6,Bronson Ave & University Dr,7437,7376,Brewer Park,7909
P6,Bronson Ave & University Dr,4967,4906,Brewer Park,5430
P6,Bronson Ave & University Dr,4756,4695,Brewer Park,5224
P7,Bronson Ave & University Dr,9166,9105,Brewer Park,9635
P7,Bronson Ave & University Dr,10802,10741,Brewer Park,11268
P7,Bronson Ave & University Dr,11397,11336,Brewer Park,11865
P7,Bronson Ave & University Dr,8005,7944,Brewer Park,8466
P5,Stadium Way,3041,2980,Brewer Park,3146
P6,Bronson Ave & University Dr,7623,7562,Brewer Park,8090
P7,Bronson Ave & University Dr,8532,8471,Brewer Park,8999
P5,Stadium Way,1587,1526,Brewer Park,1687
P5,Stadium Way,540,479,Brewer Park,656
P7,Bronson Ave & University Dr,9489,9428,Brewer Park,9961
P5,Stadium Way,3037,2976,Brewer Park,3138
P6,Bronson Ave & University Dr,5910,5849,Brewer Park,6378
P7,Bronson Ave & University Dr,8701,8640,Brewer Park,9171
P6,Bronson Ave & University Dr,7505,7444,Brewer Park,7973
P6,Bronson Ave & University Dr,5764,5703,Brewer Park,6243
P7,Bronson Ave & University Dr,10272,10211,Brewer Park,10734
P6,Bronson Ave & University Dr,5244,5183,Brewer Park,5715
P2,Colonel By,535,474,Hogs Back Plaza (SW dest.),917
P3,Stadium Way,3812,3751,Brewer Park,3930
P6,Bronson Ave & University Dr,7433,7372,Brewer Park,7900
P6,Bronson Ave & University Dr,5122,5061,Brewer Park,5606
P5,Stadium Way,998,937,Brewer Park,1116
P7,Bronson Ave & University Dr,11122,11061,Brewer Park,11601
P1,Colonel By,139,78,Hogs Back Plaza (SW dest.),323
P6,Bronson Ave & University Dr,4499,4438,Brewer Park,4965
P7,Bronson Ave & University Dr,8632,8571,Brewer Park,9105
P6,Bronson Ave & University Dr,4726,4665,Brewer Park,5196
P7,Bronson Ave & University Dr,11051,10990,Brewer Park,11525
P7,Bronson Ave & University Dr,8662,8601,Brewer Park,9144
P4,Stadium Way,4345,4284,Brewer Park,4449
P7,Bronson Ave & University Dr,9049,8988,Brewer Park,9515
P4,Stadium Way,4280,4219,Brewer Park,4384
P5,Stadium Way,2166,2105,Brewer Park,2271
P5,Stadium Way,2164,2103,Brewer Park,2267
P7,Bronson Ave & University Dr,10079,10018,Brewer Park,10846
P5,Stadium Way,2606,2545,Brewer Park,2723
P7,Bronson Ave & University Dr,11474,11413,Brewer Park,11939
P6,Bronson Ave & University Dr,5808,5747,Brewer Park,6283
P7,Bronson Ave & University Dr,11007,10946,Brewer Park,11474
P7,Bronson Ave & University Dr,11345,11284,Brewer Park,11810
P1,Colonel By,136,75,Hogs Back Plaza (SW dest.),319
P6,Bronson Ave & University Dr,5744,5683,Brewer Park,6221
P5,Stadium Way,909,848,Brewer Park,1022
P7,Bronson Ave & University Dr,11086,11025,Brewer Park,11558
P6,Bronson Ave & University Dr,5478,5417,Brewer Park,5942
P6,Bronson Ave & University Dr,183,122,Brewer Park,4554
P6,Bronson Ave & University Dr,7474,7413,Brewer Park,7947
P2,Colonel By,498,437,Hogs Back Plaza (SW dest.),852
P5,Stadium Way,2033,1972,Brewer Park,2133
P6,Bronson Ave & University Dr,5925,5864,Brewer Park,6391
P7,Bronson Ave & University Dr,8088,8027,Brewer Park,8554
P1,Colonel By,168,107,Hogs Back Plaza (SW dest.),358
P6,Bronson Ave & University Dr,6952,6891,Brewer Park,7412
P7,Bronson Ave & University Dr,8716,8655,Brewer Park,9180
P5,Stadium Way,2000,1939,Brewer Park,2104
P7,Bronson Ave & University Dr,8053,7992,Brewer Park,8520
P6,Bronson Ave & University Dr,423,362,Brewer Park,4742
P6,Bronson Ave & University Dr,4435,4374,Brewer Park,4907
P7,Bronson Ave & University Dr,10690,10629,Brewer Park,11170
P1,Colonel By,342,281,Hogs Back Plaza (SW dest.),576
P5,Stadium Way,208,147,Brewer Park,261
P4,Stadium Way,4347,4286,Brewer Park,4453
P7,Bronson Ave & University Dr,12372,12311,Brewer Park,12825
P6,Bronson Ave & University Dr,220,159,Brewer Park,4606
P7,Bronson Ave & University Dr,11247,11186,Brewer Park,11710
P6,Bronson Ave & University Dr,5069,5008,Brewer Park,5537
P6,Bronson Ave & University Dr,7313,7252,Brewer Park,7779
P7,Bronson Ave & University Dr,10215,10154,Brewer Park,10699
P7,Bronson Ave & University Dr,8493,8432,Brewer Park,8964
P7,Bronson Ave & University Dr,9023,8962,Brewer Park,9494
P7,Bronson Ave & University Dr,10096,10035,Brewer Park,10872
P3,Stadium Way,3176,3115,Brewer Park,3287
P7,Bronson Ave & University Dr,10355,10294,Brewer Park,11141
P7,Bronson Ave & University Dr,9945,9884,Brewer Park,10429
P1,Colonel By,315,254,Hogs Back Plaza (SW dest.),546
P1,Colonel By,93,32,Hogs Back Plaza (SW dest.),262
P7,Bronson Ave & University Dr,10204,10143,Brewer Park,10690
P7,Bronson Ave & University Dr,9962,9901,Brewer Park,10455
P6,Bronson Ave & University Dr,6435,6374,Brewer Park,6904
P3,Stadium Way,3228,3167,Brewer Park,3341
P5,Stadium Way,2341,2280,Brewer Park,2452
P6,Bronson Ave & University Dr,4980,4919,Brewer Park,5450
P6,Bronson Ave & University Dr,6888,6827,Brewer Park,7353
P3,Stadium Way,3655,3594,Brewer Park,3762
P4,Stadium Way,4076,4015,Brewer Park,4191
P6,Bronson Ave & University Dr,6960,6899,Brewer Park,7427
P5,Stadium Way,1808,1747,Brewer Park,1919
P6,Bronson Ave & University Dr,4759,4698,Brewer Park,5228
P7,Bronson Ave & University Dr,11210,11149,Brewer Park,11680
P5,Stadium Way,1559,1498,Brewer Park,1657
P6,Bronson Ave & University Dr,4549,4488,Brewer Park,5016
P5,Stadium Way,2653,2592,Brewer Park,2769
P7,Bronson Ave & University Dr,9431,9370,Brewer Park,9891
P7,Bronson Ave & University Dr,9842,9781,Brewer Park,10303
P6,Bronson Ave & University Dr,6754,6693,Brewer Park,7225
P7,Bronson Ave & University Dr,11616,11555,Brewer Park,12387
P6,Bronson Ave & University Dr,7523,7462,Brewer Park,7990
P7,Bronson Ave & University Dr,12555,12494,Brewer Park,13039
P7,Bronson Ave & University Dr,9971,9910,Brewer Park,10464
P5,Stadium Way,534,473,Brewer Park,647
P3,Stadium Way,3603,3542,Brewer Park,3710
P5,Stadium Way,1494,1433,Brewer Park,1601
P5,Stadium Way,1257,1196,Brewer Park,1363
P7,Bronson Ave & University Dr,11722,11661,Brewer Park,12202
P6,Bronson Ave & University Dr,5928,5867,Brewer Park,6395
P6,Bronson Ave & University Dr,6048,5987,Brewer Park,6519
P7,Bronson Ave & University Dr,9194,9133,Brewer Park,9658
P7,Bronson Ave & University Dr,10069,10008,Brewer Park,10842
P2,Colonel By,527,466,Hogs Back Plaza (SW dest.),900
P7,Bronson Ave & University Dr,7994,7933,Brewer Park,8453
P6,Bronson Ave & University Dr,5779,5718,Brewer Park,6258
P7,Bronson Ave & University Dr,9862,9801,Brewer Park,10341
P7,Bronson Ave & University Dr,9153,9092,Brewer Park,9617
P7,Bronson Ave & University Dr,12420,12359,Brewer Park,12880
P7,Bronson Ave & University Dr,11594,11533,Brewer Park,12361
P5,Stadium Way,1782,1721,Brewer Park,1883
P6,Bronson Ave & University Dr,4624,4563,Brewer Park,5111
P5,Stadium Way,2092,2031,Brewer Park,2201
P3,Stadium Way,3393,3332,Brewer Park,3507
P6,Bronson Ave & University Dr,4926,4865,Brewer Park,5395
P5,Stadium Way,2487,2426,Brewer Park,2597
P6,Bronson Ave & University Dr,6644,6583,Brewer Park,7113
P2,Colonel By,663,602,Hogs Back Plaza (SW dest.),1124
P7,Bronson Ave & University Dr,11810,11749,Brewer Park,12613
P6,Bronson Ave & University Dr,6821,6760,Brewer Park,7290
P6,Bronson Ave & University Dr,4899,4838,Brewer Park,5378
P6,Bronson Ave & University Dr,7639,7578,Brewer Park,8112
P5,Stadium Way,291,230,Brewer Park,364
P5,Stadium Way,3101,3040,Brewer Park,3204
P7,Bronson Ave & University Dr,11081,11020,Brewer Park,11550
P7,Bronson Ave & University Dr,7944,7883,Brewer Park,8393
P7,Bronson Ave & University Dr,11613,11552,Brewer Park,12383
P5,Stadium Way,1383,1322,Brewer Park,1497
P4,Stadium Way,737,676,Brewer Park,851
P4,Stadium Way,4148,4087,Brewer Park,4259
P7,Bronson Ave & University Dr,8207,8146,Brewer Park,8667
P5,Stadium Way,1996,1935,Brewer Park,2100
P7,Bronson Ave & University Dr,8665,8604,Brewer Park,9148
P6,Bronson Ave & University Dr,7539,7478,Brewer Park,8004
P2,Colonel By,153,92,Hogs Back Plaza (SW dest.),492
P6,Bronson Ave & University Dr,6814,6753,Brewer Park,7282
P7,Bronson Ave & University Dr,9865,9804,Brewer Park,10345
P6,Bronson Ave & University Dr,6002,5941,Brewer Park,6466
P3,Stadium Way,3439,3378,Brewer Park,3559
P7,Bronson Ave & University Dr,9295,9234,Brewer Park,9761
P6,Bronson Ave & University Dr,4324,4263,Brewer Park,4801
P7,Bronson Ave & University Dr,11643,11582,Brewer Park,12103
P6,Bronson Ave & University Dr,5280,5219,Brewer Park,5747
P7,Bronson Ave & University Dr,9716,9655,Brewer Park,10182
P7,Bronson Ave & University Dr,98,37,Brewer Park,485
P5,Stadium Way,2383,2322,Brewer Park,2490
P6,Bronson Ave & University Dr,4596,4535,Brewer Park,5063
P1,Colonel By,125,64,Hogs Back Plaza (SW dest.),306
P7,Bronson Ave & University Dr,11794,11733,Brewer Park,12268
P7,Bronson Ave & University Dr,11338,11277,Brewer Park,11805
P6,Bronson Ave & University Dr,7303,7242,Brewer Park,7762
P7,Bronson Ave & University Dr,9810,9749,Brewer Park,10277
P6,Bronson Ave & University Dr,5359,5298,Brewer Park,5828
P6,Bronson Ave & University Dr,6302,6241,Brewer Park,6764
P7,Bronson Ave & University Dr,11628,11567,Brewer Park,12409
P6,Bronson Ave & University Dr,7398,7337,Brewer Park,7861
P6,Bronson Ave & University Dr,4308,4247,Brewer Park,4784
P7,Bronson Ave & University Dr,8871,8810,Brewer Park,9352
P5,Stadium Way,2106,2045,Brewer Park,2221
P7,Bronson Ave & University Dr,11890,11829,Brewer Park,12704
P5,Stadium Way,2767,2706,Brewer Park,2880
P6,Bronson Ave & University Dr,4568,4507,Brewer Park,5045
P5,Stadium Way,1077,1016,Brewer Park,1196
P6,Bronson Ave & University Dr,7356,7295,Brewer Park,7809
P7,Bronson Ave & University Dr,9936,9875,Brewer Park,10420
P3,Stadium Way,3232,3171,Brewer Park,3345
P2,Colonel By,562,501,Hogs Back Plaza (SW dest.),971
P5,Stadium Way,2997,2936,Brewer Park,3113
P7,Bronson Ave & University Dr,8083,8022,Brewer Park,8550
P7,Bronson Ave & University Dr,8777,8716,Brewer Park,9249
P1,Colonel By,428,367,Hogs Back Plaza (SW dest.),691
P6,Bronson Ave & University Dr,5116,5055,Brewer Park,5594
P4,Stadium Way,4261,4200,Brewer Park,4369
P5,Stadium Way,749,688,Brewer Park,865
P7,Bronson Ave & University Dr,9673,9612,Brewer Park,10118
P7,Bronson Ave & University Dr,8637,8576,Brewer Park,9113
P3,Stadium Way,3829,3768,Brewer Park,3943
P7,Bronson Ave & University Dr,9591,9530,Brewer Park,10066
P6,Bronson Ave & University Dr,5711,5650,Brewer Park,6189
P7,Bronson Ave & University Dr,8374,8313,Brewer Park,8834
P7,Bronson Ave & University Dr,10714,10653,Brewer Park,11183
P6,Bronson Ave & University Dr,5294,5233,Brewer Park,5759
P6,Bronson Ave & University Dr,4278,4217,Brewer Park,4751
P1,Colonel By,400,339,Hogs Back Plaza (SW dest.),653
P5,Stadium Way,2611,2550,Brewer Park,2727
P5,Stadium Way,232,171,Brewer Park,290
P5,Stadium Way,1065,1004,Brewer Park,1182
P7,Bronson Ave & University Dr,9736,9675,Brewer Park,10213
P6,Bronson Ave & University Dr,7872,7811,Brewer Park,8340
P7,Bronson Ave & University Dr,8729,8668,Brewer Park,9198
P1,Colonel By,441,380,Hogs Back Plaza (SW dest.),704
P3,Stadium Way,3573,3512,Brewer Park,3681
P6,Bronson Ave & University Dr,4304,4243,Brewer Park,4780
P2,Colonel By,162,101,Hogs Back Plaza (SW dest.),648
P3,Stadium Way,3285,3224,Brewer Park,3398
P7,Bronson Ave & University Dr,8338,8277,Brewer Park,8804
P6,Bronson Ave & University Dr,5613,5552,Brewer Park,6075
P6,Bronson Ave & University Dr,214,153,Brewer Park,4597
P1,Colonel By,424,363,Hogs Back Plaza (SW dest.),687
P6,Bronson Ave & University Dr,7859,7798,Brewer Park,8324
P7,Bronson Ave & University Dr,9781,9720,Brewer Park,10255
P3,Stadium Way,3309,3248,Brewer Park,3423
P2,Colonel By,209,148,Hogs Back Plaza (SW dest.),773
P5,Stadium Way,1805,1744,Brewer Park,1914
P7,Bronson Ave & University Dr,11557,11496,Brewer Park,12322
P6,Bronson Ave & University Dr,4804,4743,Brewer Park,5276
P7,Bronson Ave & University Dr,11139,11078,Brewer Park,11616
P6,Bronson Ave & University Dr,5542,5481,Brewer Park,6007
P7,Bronson Ave & University Dr,8425,8364,Brewer Park,8881
P5,Stadium Way,1347,1286,Brewer Park,1459
P6,Bronson Ave & University Dr,7708,7647,Brewer Park,8180
P7,Bronson Ave & University Dr,8070,8009,Brewer Park,8537
P5,Stadium Way,2923,2862,Brewer Park,3026
P6,Bronson Ave & University Dr,7717,7656,Brewer Park,8192
P6,Bronson Ave & University Dr,6169,6108,Brewer Park,6627
P3,Stadium Way,3295,3234,Brewer Park,3412
P7,Bronson Ave & University Dr,11418,11357,Brewer Park,11891
P5,Stadium Way,1302,1241,Brewer Park,1406
P7,Bronson Ave & University Dr,9958,9897,Brewer Park,10446
P5,Stadium Way,475,414,Brewer Park,589
P5,Stadium Way,1698,1637,Brewer Park,1807
P6,Bronson Ave & University Dr,138,77,Brewer Park,4494
P6,Bronson Ave & University Dr,6238,6177,Brewer Park,6704
P7,Bronson Ave & University Dr,9209,9148,Brewer Park,9673
P6,Bronson Ave & University Dr,6418,6357,Brewer Park,6884
P7,Bronson Ave & University Dr,11737,11676,Brewer Park,12521
P6,Bronson Ave & University Dr,7553,7492,Brewer Park,8026
P1,Colonel By,221,160,Hogs Back Plaza (SW dest.),426
P5,Stadium Way,1895,1834,Brewer Park,2004
P6,Bronson Ave & University Dr,5111,5050,Brewer Park,5581
P6,Bronson Ave & University Dr,4403,4342,Brewer Park,4866
P7,Bronson Ave & University Dr,11632,11571,Brewer Park,12422
P5,Stadium Way,262,201,Brewer Park,322
P7,Bronson Ave & University Dr,10339,10278,Brewer Park,10812
P2,Colonel By,524,463,Hogs Back Plaza (SW dest.),891
P7,Bronson Ave & University Dr,9480,9419,Brewer Park,9952
P5,Stadium Way,3071,3010,Brewer Park,3181
P7,Bronson Ave & University Dr,10940,10879,Brewer Park,11417
P6,Bronson Ave & University Dr,6370,6309,Brewer Park,6846
P7,Bronson Ave & University Dr,11185,11124,Brewer Park,11663
P5,Stadium Way,210,149,Brewer Park,265
P5,Stadium Way,1170,1109,Brewer Park,1285
P7,Bronson Ave & University Dr,11874,11813,Brewer Park,12686
P7,Bronson Ave & University Dr,11749,11688,Brewer Park,12543
P3,Stadium Way,3516,3455,Brewer Park,3624
P6,Bronson Ave & University Dr,7500,7439,Brewer Park,7965
P3,Stadium Way,3249,3188,Brewer Park,3371
P5,Stadium Way,1644,1583,Brewer Park,1741
P6,Bronson Ave & University Dr,6160,6099,Brewer Park,6622
P7,Bronson Ave & University Dr,11843,11782,Brewer Park,12642
P6,Bronson Ave & University Dr,5077,5016,Brewer Park,5544
P3,Stadium Way,3958,3897,Brewer Park,4070
P5,Stadium Way,366,305,Brewer Park,460
P7,Bronson Ave & University Dr,10193,10132,Brewer Park,10970
P5,Stadium Way,2236,2175,Brewer Park,2344
P7,Bronson Ave & University Dr,9726,9665,Brewer Park,10203
P7,Bronson Ave & University Dr,10703,10642,Brewer Park,11174
P6,Bronson Ave & University Dr,4862,4801,Brewer Park,5335
P7,Bronson Ave & University Dr,11801,11740,Brewer Park,12600
P7,Bronson Ave & University Dr,8596,8535,Brewer Park,9058
P6,Bronson Ave & University Dr,5043,4982,Brewer Park,5519
P6,Bronson Ave & University Dr,7137,7076,Brewer Park,7610
P3,Stadium Way,3553,3492,Brewer Park,3666
P6,Bronson Ave & University Dr,5192,5131,Brewer Park,5665
P6,Bronson Ave & University Dr,4533,4472,Brewer Park,5000
P4,Stadium Way,4093,4032,Brewer Park,4199
P5,Stadium Way,505,444,Brewer Park,620
P6,Bronson Ave & University Dr,7678,7617,Brewer Park,8159
P3,Stadium Way,3394,3333,Brewer Park,3511
P6,Bronson Ave & University Dr,6401,6340,Brewer Park,6867
P5,Stadium Way,344,283,Brewer Park,429
P6,Bronson Ave & University Dr,5576,5515,Brewer Park,6045
P7,Bronson Ave & University Dr,10860,10799,Brewer Park,11327
P7,Bronson Ave & University Dr,8734,8673,Brewer Park,9209
P5,Stadium Way,1854,1793,Brewer Park,1971
P1,Colonel By,279,218,Hogs Back Plaza (SW dest.),501
P5,Stadium Way,2221,2160,Brewer Park,2329
P7,Bronson Ave & University Dr,9403,9342,Brewer Park,9871
P7,Bronson Ave & University Dr,8292,8231,Brewer Park,8748
P5,Stadium Way,1691,1630,Brewer Park,1799
P6,Bronson Ave & University Dr,4668,4607,Brewer Park,5142
P7,Bronson Ave & University Dr,11724,11663,Brewer Park,12207
P6,Bronson Ave & University Dr,5783,5722,Brewer Park,6262
P7,Bronson Ave & University Dr,11569,11508,Brewer Park,12334
P6,Bronson Ave & University Dr,7610,7549,Brewer Park,8077
P7,Bronson Ave & University Dr,12526,12465,Brewer Park,12975
P3,Stadium Way,3192,3131,Brewer Park,3305
P7,Bronson Ave & University Dr,10235,10174,Brewer Park,11026
P5,Stadium Way,422,361,Brewer Park,520
P7,Bronson Ave & University Dr,8718,8657,Brewer Park,9184
P5,Stadium Way,2839,2778,Brewer Park,2947
P7,Bronson Ave & University Dr,8698,8637,Brewer Park,9166
P7,Bronson Ave & University Dr,9425,9364,Brewer Park,9883
P6,Bronson Ave & University Dr,7477,7416,Brewer Park,7952
P6,Bronson Ave & University Dr,4903,4842,Brewer Park,5386
P7,Bronson Ave & University Dr,11579,11518,Brewer Park,12043
P7,Bronson Ave & University Dr,9126,9065,Brewer Park,9592
P5,Stadium Way,2861,2800,Brewer Park,2968
P6,Bronson Ave & University Dr,6486,6425,Brewer Park,6955
P5,Stadium Way,1681,1620,Brewer Park,1786
P6,Bronson Ave & University Dr,416,355,Brewer Park,4730
P7,Bronson Ave & University Dr,9535,9474,Brewer Park,10010
P5,Stadium Way,2030,1969,Brewer Park,2129
P5,Stadium Way,253,192,Brewer Park,310
P6,Bronson Ave & University Dr,7392,7331,Brewer Park,7852
P6,Bronson Ave & University Dr,6320,6259,Brewer Park,6786
P6,Bronson Ave & University Dr,7436,7375,Brewer Park,7905
P6,Bronson Ave & University Dr,7409,7348,Brewer Park,7874
P5,Stadium Way,463,402,Brewer Park,576
P6,Bronson Ave & University Dr,4986,4925,Brewer Park,5463
P5,Stadium Way,1853,1792,Brewer Park,1966
P7,Bronson Ave & University Dr,12548,12487,Brewer Park,13007
P6,Bronson Ave & University Dr,6451,6390,Brewer Park,6917
P7,Bronson Ave & University Dr,10812,10751,Brewer Park,11285
P7,Bronson Ave & University Dr,10328,10267,Brewer Park,11114
P6,Bronson Ave & University Dr,5129,5068,Brewer Park,5615
P7,Bronson Ave & University Dr,12432,12371,Brewer Park,12897
P7,Bronson Ave & University Dr,8857,8796,Brewer Park,9326
P4,Stadium Way,4284,4223,Brewer Park,4389
P6,Bronson Ave & University Dr,4547,4486,Brewer Park,5013
P7,Bronson Ave & University Dr,94,33,Brewer Park,223
P6,Bronson Ave & University Dr,6291,6230,Brewer Park,6760
P7,Bronson Ave & University Dr,9005,8944,Brewer Park,9467
P7,Bronson Ave & University Dr,8032,7971,Brewer Park,8501
P7,Bronson Ave & University Dr,10815,10754,Brewer Park,11289
P3,Stadium Way,3497,3436,Brewer Park,3608
P6,Bronson Ave & University Dr,5266,5205,Brewer Park,5742
P7,Bronson Ave & University Dr,11237,11176,Brewer Park,11701
P5,Stadium Way,1665,1604,Brewer Park,1762
P5,Stadium Way,3039,2978,Brewer Park,3142
P7,Bronson Ave & University Dr,8731,8670,Brewer Park,9202
P6,Bronson Ave & University Dr,5226,5165,Brewer Park,5686
P6,Bronson Ave & University Dr,5603,5542,Brewer Park,6071
P1,Colonel By,373,312,Hogs Back Plaza (SW dest.),613
P3,Stadium Way,3712,3651,Brewer Park,3822
P7,Bronson Ave & University Dr,7910,7849,Brewer Park,8373
P5,Stadium Way,3081,3020,Brewer Park,3190
P5,Stadium Way,1674,1613,Brewer Park,1778
P7,Bronson Ave & University Dr,11608,11547,Brewer Park,12379
P7,Bronson Ave & University Dr,9754,9693,Brewer Park,10230
P4,Stadium Way,414,353,Brewer Park,512
P7,Bronson Ave & University Dr,9707,9646,Brewer Park,10169
P7,Bronson Ave & University Dr,8421,8360,Brewer Park,8873
P5,Stadium Way,626,565,Brewer Park,729
P6,Bronson Ave & University Dr,6592,6531,Brewer Park,7057
P7,Bronson Ave & University Dr,10262,10201,Brewer Park,11046
P5,Stadium Way,2213,2152,Brewer Park,2316
P6,Bronson Ave & University Dr,6708,6647,Brewer Park,7180
P5,Stadium Way,140,79,Brewer Park,163
P7,Bronson Ave & University Dr,11434,11373,Brewer Park,11900
P6,Bronson Ave & University Dr,5005,4944,Brewer Park,5476
P7,Bronson Ave & University Dr,10143,10082,Brewer Park,10630
P7,Bronson Ave & University Dr,11798,11737,Brewer Park,12596
P7,Bronson Ave & University Dr,8745,8684,Brewer Park,9217
P7,Bronson Ave & University Dr,10074,10013,Brewer Park,10548
P4,Stadium Way,2961,2900,Brewer Park,3069
P6,Bronson Ave & University Dr,7204,7143,Brewer Park,7678
P6,Bronson Ave & University Dr,5045,4984,Brewer Park,5524
P7,Bronson Ave & University Dr,11566,11505,Brewer Park,12330
P4,Stadium Way,3235,3174,Brewer Park,3349
P6,Bronson Ave & University Dr,7510,7449,Brewer Park,7977
P6,Bronson Ave & University Dr,6581,6520,Brewer Park,7049
P6,Bronson Ave & University Dr,5833,5772,Brewer Park,6301
P7,Bronson Ave & University Dr,11888,11827,Brewer Park,12700
P1,Colonel By,234,173,Hogs Back Plaza (SW dest.),448
P5,Stadium Way,2271,2210,Brewer Park,2379
P3,Stadium Way,3984,3923,Brewer Park,4099
P4,Stadium Way,4313,4252,Brewer Park,4424
P5,Stadium Way,1059,998,Brewer Park,1172
P6,Bronson Ave & University Dr,6027,5966,Brewer Park,6491
P5,Stadium Way,2942,2881,Brewer Park,3050
P6,Bronson Ave & University Dr,7549,7488,Brewer Park,8017
P6,Bronson Ave & University Dr,4892,4831,Brewer Park,5373
P6,Bronson Ave & University Dr,6354,6293,Brewer Park,6828
P7,Bronson Ave & University Dr,10235,10174,Brewer Park,10721
P6,Bronson Ave & University Dr,4527,4466,Brewer Park,4991
P3,Stadium Way,3997,3936,Brewer Park,4113
P5,Stadium Way,2503,2442,Brewer Park,2614
P7,Bronson Ave & University Dr,10129,10068,Brewer Park,10895
P5,Stadium Way,2535,2474,Brewer Park,2650
P3,Stadium Way,3921,3860,Brewer Park,4026
P6,Bronson Ave & University Dr,5326,5265,Brewer Park,5803
P6,Bronson Ave & University Dr,5797,5736,Brewer Park,6266
P4,Stadium Way,4154,4093,Brewer Park,4263
P6,Bronson Ave & University Dr,7882,7821,Brewer Park,8354
P7,Bronson Ave & University Dr,9687,9626,Brewer Park,10144
P5,Stadium Way,869,808,Brewer Park,978
P7,Bronson Ave & University Dr,12287,12226,Brewer Park,12756
P7,Bronson Ave & University Dr,11091,11030,Brewer Park,11566
P7,Bronson Ave & University Dr,11855,11794,Brewer Park,12660
P6,Bronson Ave & University Dr,6201,6140,Brewer Park,6664
P7,Bronson Ave & University Dr,8211,8150,Brewer Park,8676
P7,Bronson Ave & University Dr,10218,10157,Brewer Park,11000
P5,Stadium Way,975,914,Brewer Park,1087
P7,Bronson Ave & University Dr,9878,9817,Brewer Park,10349
P3,Stadium Way,3288,3227,Brewer Park,3403
P6,Bronson Ave & University Dr,6620,6559,Brewer Park,7088
P5,Stadium Way,2454,2393,Brewer Park,2563
P7,Bronson Ave & University Dr,11624,11563,Brewer Park,12094
P5,Stadium Way,2458,2397,Brewer Park,2568
P6,Bronson Ave & University Dr,5628,5567,Brewer Park,6084
P7,Bronson Ave & University Dr,9114,9053,Brewer Park,9584
P6,Bronson Ave & University Dr,7512,7451,Brewer Park,7981
P7,Bronson Ave & University Dr,8624,8563,Brewer Park,9096
P5,Stadium Way,1842,1781,Brewer Park,1957
P7,Bronson Ave & University Dr,9156,9095,Brewer Park,9625
P2,Colonel By,557,496,Hogs Back Plaza (SW dest.),960
P7,Bronson Ave & University Dr,11720,11659,Brewer Park,12198
P4,Stadium Way,4248,4187,Brewer Park,4357
P6,Bronson Ave & University Dr,5692,5631,Brewer Park,6154
P6,Bronson Ave & University Dr,6799,6738,Brewer Park,7272
P4,Stadium Way,4048,3987,Brewer Park,4167
P5,Stadium Way,1145,1084,Brewer Park,1256
P7,Bronson Ave & University Dr,8967,8906,Brewer Park,9442
P5,Stadium Way,813,752,Brewer Park,918
P1,Colonel By,211,150,Hogs Back Plaza (SW dest.),413
P6,Bronson Ave & University Dr,5954,5893,Brewer Park,6424
P7,Bronson Ave & University Dr,11391,11330,Brewer Park,11856
P6,Bronson Ave & University Dr,4503,4442,Brewer Park,4970
P4,Stadium Way,3172,3111,Brewer Park,3283
P1,Colonel By,214,153,Hogs Back Plaza (SW dest.),417
P6,Bronson Ave & University Dr,5357,5296,Brewer Park,5824
P4,Stadium Way,2448,2387,Brewer Park,2551
P2,Colonel By,413,352,Hogs Back Plaza (SW dest.),786
P6,Bronson Ave & University Dr,6694,6633,Brewer Park,7162
P7,Bronson Ave & University Dr,9141,9080,Brewer Park,9604
P6,Bronson Ave & University Dr,7621,7560,Brewer Park,8085
P5,Stadium Way,887,826,Brewer Park,1001
P6,Bronson Ave & University Dr,5802,5741,Brewer Park,6274
P7,Bronson Ave & University Dr,9577,9516,Brewer Park,10049
P7,Bronson Ave & University Dr,10507,10446,Brewer Park,10962
P5,Stadium Way,1385,1324,Brewer Park,1500
P7,Bronson Ave & University Dr,11832,11771,Brewer Park,12629
P3,Stadium Way,3986,3925,Brewer Park,4104
P7,Bronson Ave & University Dr,9070,9009,Brewer Park,9536
P6,Bronson Ave & University Dr,4616,4555,Brewer Park,5098
P7,Bronson Ave & University Dr,9643,9582,Brewer Park,10100
P6,Bronson Ave & University Dr,4536,4475,Brewer Park,5004
P5,Stadium Way,1326,1265,Brewer Park,1436
P7,Bronson Ave & University Dr,8544,8483,Brewer Park,9020
P7,Bronson Ave & University Dr,8630,8569,Brewer Park,9100
P5,Stadium Way,2179,2118,Brewer Park,2275
P5,Stadium Way,2365,2304,Brewer Park,2477
P3,Stadium Way,3967,3906,Brewer Park,4078
P6,Bronson Ave & University Dr,7404,7343,Brewer Park,7870
P5,Stadium Way,172,111,Brewer Park,209
P7,Bronson Ave & University Dr,8227,8166,Brewer Park,8697
P7,Bronson Ave & University Dr,8865,8804,Brewer Park,9339
P3,Stadium Way,3824,3763,Brewer Park,3935
P6,Bronson Ave & University Dr,7171,7110,Brewer Park,7634
P6,Bronson Ave & University Dr,4686,4625,Brewer Park,5151
P7,Bronson Ave & University Dr,11615,11554,Brewer Park,12392
P4,Stadium Way,4115,4054,Brewer Park,4232
P6,Bronson Ave & University Dr,7766,7705,Brewer Park,8234
P6,Bronson Ave & University Dr,4715,4654,Brewer Park,5177
P7,Bronson Ave & University Dr,8007,7946,Brewer Park,8470
P5,Stadium Way,1014,953,Brewer Park,1128
P6,Bronson Ave & University Dr,5877,5816,Brewer Park,6344
P7,Bronson Ave & University Dr,10137,10076,Brewer Park,10617
P7,Bronson Ave & University Dr,11440,11379,Brewer Park,11909
P6,Bronson Ave & University Dr,5963,5902,Brewer Park,6433
P6,Bronson Ave & University Dr,4886,4825,Brewer Park,5364
P6,Bronson Ave & University Dr,4420,4359,Brewer Park,4886
P7,Bronson Ave & University Dr,8436,8375,Brewer Park,8898
P7,Bronson Ave & University Dr,8812,8751,Brewer Park,9285
P7,Bronson Ave & University Dr,11591,11530,Brewer Park,12057
P5,Stadium Way,1739,1678,Brewer Park,1854
P6,Bronson Ave & University Dr,4350,4289,Brewer Park,4827
P6,Bronson Ave & University Dr,385,324,Brewer Park,4715
P5,Stadium Way,2249,2188,Brewer Park,2360
P6,Bronson Ave & University Dr,5201,5140,Brewer Park,5669
P7,Bronson Ave & University Dr,8162,8101,Brewer Park,8632
P7,Bronson Ave & University Dr,10159,10098,Brewer Park,10940
P5,Stadium Way,2094,2033,Brewer Park,2205
P5,Stadium Way,2791,2730,Brewer Park,2905
P6,Bronson Ave & University Dr,6994,6933,Brewer Park,7466
P7,Bronson Ave & University Dr,9012,8951,Brewer Park,9480
P7,Bronson Ave & University Dr,10155,10094,Brewer Park,10927
P6,Bronson Ave & University Dr,4937,4876,Brewer Park,5400
P7,Bronson Ave & University Dr,8875,8814,Brewer Park,9364
P5,Stadium Way,1709,1648,Brewer Park,1819
P6,Bronson Ave & University Dr,6303,6242,Brewer Park,6768
P3,Stadium Way,3583,3522,Brewer Park,3690
P5,Stadium Way,1460,1399,Brewer Park,1571
P5,Stadium Way,1938,1877,Brewer Park,2050
P5,Stadium Way,1448,1387,Brewer Park,1554
P6,Bronson Ave & University Dr,4441,4380,Brewer Park,4920
P6,Bronson Ave & University Dr,4985,4924,Brewer Park,5459
P6,Bronson Ave & University Dr,6789,6728,Brewer Park,7260
P1,Colonel By,171,110,Hogs Back Plaza (SW dest.),362
P7,Bronson Ave & University Dr,11617,11556,Brewer Park,12077
P6,Bronson Ave & University Dr,5763,5702,Brewer Park,6239
P6,Bronson Ave & University Dr,4945,4884,Brewer Park,5408
P7,Bronson Ave & University Dr,8900,8839,Brewer Park,9377
P6,Bronson Ave & University Dr,6455,6394,Brewer Park,6924
P7,Bronson Ave & University Dr,8366,8305,Brewer Park,8821
P7,Bronson Ave & University Dr,11629,11568,Brewer Park,12413
P6,Bronson Ave & University Dr,5579,5518,Brewer Park,6049
P7,Bronson Ave & University Dr,9600,9539,Brewer Park,10078
P7,Bronson Ave & University Dr,9652,9591,Brewer Park,10114
P6,Bronson Ave & University Dr,6327,6266,Brewer Park,6798
P7,Bronson Ave & University Dr,12511,12450,Brewer Park,12955
P4,Stadium Way,4125,4064,Brewer Park,4236
P6,Bronson Ave & University Dr,6788,6727,Brewer Park,7254
P6,Bronson Ave & University Dr,6984,6923,Brewer Park,7452
P7,Bronson Ave & University Dr,9385,9324,Brewer Park,9857
P7,Bronson Ave & University Dr,9207,9146,Brewer Park,9670
P3,Stadium Way,3668,3607,Brewer Park,3776
P1,Colonel By,383,322,Hogs Back Plaza (SW dest.),631
P6,Bronson Ave & University Dr,6867,6806,Brewer Park,7331
P7,Bronson Ave & University Dr,10936,10875,Brewer Park,11409
P6,Bronson Ave & University Dr,5714,5653,Brewer Park,6193
P6,Bronson Ave & University Dr,5424,5363,Brewer Park,5890
P5,Stadium Way,1192,1131,Brewer Park,1307
P6,Bronson Ave & University Dr,4884,4823,Brewer Park,5360
P1,Colonel By,443,382,Hogs Back Plaza (SW dest.),708
P6,Bronson Ave & University Dr,5154,5093,Brewer Park,5623
P6,Bronson Ave & University Dr,7250,7189,Brewer Park,7719
P1,Colonel By,184,123,Hogs Back Plaza (SW dest.),379
P3,Stadium Way,3835,3774,Brewer Park,3952
P5,Stadium Way,2582,2521,Brewer Park,2699
P7,Bronson Ave & University Dr,8536,8475,Brewer Park,9008
P5,Stadium Way,2674,2613,Brewer Park,2785
P5,Stadium Way,1047,986,Brewer Park,1154
P6,Bronson Ave & University Dr,7364,7303,Brewer Park,7818
P3,Stadium Way,3215,3154,Brewer Park,3333
P6,Bronson Ave & University Dr,5548,5487,Brewer Park,6016
P2,Colonel By,631,570,Hogs Back Plaza (SW dest.),1076
P3,Stadium Way,3429,3368,Brewer Park,3550
P4,Stadium Way,4242,4181,Brewer Park,4348
P7,Bronson Ave & University Dr,7955,7894,Brewer Park,8410
P7,Bronson Ave & University Dr,10875,10814,Brewer Park,11348
P7,Bronson Ave & University Dr,9928,9867,Brewer Park,10412
P6,Bronson Ave & University Dr,6041,5980,Brewer Park,6511
P6,Bronson Ave & University Dr,5487,5426,Brewer Park,5955
P7,Bronson Ave & University Dr,9820,9759,Brewer Park,10290
P5,Stadium Way,1530,1469,Brewer Park,1639
P7,Bronson Ave & University Dr,9335,9274,Brewer Park,9808
P4,Stadium Way,4301,4240,Brewer Park,4415
P6,Bronson Ave & University Dr,6852,6791,Brewer Park,7327
P7,Bronson Ave & University Dr,11334,11273,Brewer Park,11797
P6,Bronson Ave & University Dr,4938,4877,Brewer Park,5404
P6,Bronson Ave & University Dr,6970,6909,Brewer Park,7436
P5,Stadium Way,2247,2186,Brewer Park,2356
P3,Stadium Way,3369,3308,Brewer Park,3477
P6,Bronson Ave & University Dr,7430,7369,Brewer Park,7896
P6,Bronson Ave & University Dr,4637,4576,Brewer Park,5124
P7,Bronson Ave & University Dr,9613,9552,Brewer Park,10096
P7,Bronson Ave & University Dr,10163,10102,Brewer Park,10646
P6,Bronson Ave & University Dr,7073,7012,Brewer Park,7526
P6,Bronson Ave & University Dr,7609,7548,Brewer Park,8073
P7,Bronson Ave & University Dr,9789,9728,Brewer Park,10258
P7,Bronson Ave & University Dr,10677,10616,Brewer Park,11150
P5,Stadium Way,358,297,Brewer Park,452
P7,Bronson Ave & University Dr,11775,11714,Brewer Park,12574
P6,Bronson Ave & University Dr,5381,5320,Brewer Park,5854
P7,Bronson Ave & University Dr,8767,8706,Brewer Park,9242
P2,Colonel By,607,546,Hogs Back Plaza (SW dest.),1051
P3,Stadium Way,3808,3747,Brewer Park,3926
P7,Bronson Ave & University Dr,10080,10019,Brewer Park,10850
P7,Bronson Ave & University Dr,8143,8082,Brewer Park,8606
P6,Bronson Ave & University Dr,5902,5841,Brewer Park,6369
P6,Bronson Ave & University Dr,5982,5921,Brewer Park,6454
P7,Bronson Ave & University Dr,11555,11494,Brewer Park,12022
P2,Colonel By,514,453,Hogs Back Plaza (SW dest.),878
P7,Bronson Ave & University Dr,11018,10957,Brewer Park,11486
P7,Bronson Ave & University Dr,10770,10709,Brewer Park,11230
P7,Bronson Ave & University Dr,12306,12245,Brewer Park,12774
P7,Bronson Ave & University Dr,11678,11617,Brewer Park,12465
P2,Colonel By,203,142,Hogs Back Plaza (SW dest.),765
P7,Bronson Ave & University Dr,8927,8866,Brewer Park,9407
P3,Stadium Way,3693,3632,Brewer Park,3805
P5,Stadium Way,2241,2180,Brewer Park,2353
P6,Bronson Ave & University Dr,5746,5685,Brewer Park,6225
P7,Bronson Ave & University Dr,9245,9184,Brewer Park,9717
P3,Stadium Way,3938,3877,Brewer Park,4051
P3,Stadium Way,3453,3392,Brewer Park,3570
P7,Bronson Ave & University Dr,11489,11428,Brewer Park,11955
P6,Bronson Ave & University Dr,6898,6837,Brewer Park,7361
P6,Bronson Ave & University Dr,4413,4352,Brewer Park,4878
P7,Bronson Ave & University Dr,12542,12481,Brewer Park,12998
P5,Stadium Way,2123,2062,Brewer Park,2238
P7,Bronson Ave & University Dr,9183,9122,Brewer Park,9648
P7,Bronson Ave & University Dr,10179,10118,Brewer Park,10957
P7,Bronson Ave & University Dr,117,56,Brewer Park,4471
P7,Bronson Ave & University Dr,8674,8613,Brewer Park,9158
P7,Bronson Ave & University Dr,9465,9404,Brewer Park,9931
P6,Bronson Ave & University Dr,275,214,Brewer Park,4675
P7,Bronson Ave & University Dr,10134,10073,Brewer Park,10612
P6,Bronson Ave & University Dr,5312,5251,Brewer Park,5776
P5,Stadium Way,2722,2661,Brewer Park,2837
P5,Stadium Way,2076,2015,Brewer Park,2185
P3,Stadium Way,3629,3568,Brewer Park,3737
P6,Bronson Ave & University Dr,5709,5648,Brewer Park,6184
P3,Stadium Way,3736,3675,Brewer Park,3851
P6,Bronson Ave & University Dr,4737,4676,Brewer Park,5204
P7,Bronson Ave & University Dr,9217,9156,Brewer Park,9682
P7,Bronson Ave & University Dr,11577,11516,Brewer Park,12039
P6,Bronson Ave & University Dr,4506,4445,Brewer Park,4974
P7,Bronson Ave & University Dr,10739,10678,Brewer Park,11205
P5,Stadium Way,2374,2313,Brewer Park,2481
P6,Bronson Ave & University Dr,6752,6691,Brewer Park,7220
P7,Bronson Ave & University Dr,11405,11344,Brewer Park,11877
P7,Bronson Ave & University Dr,12266,12205,Brewer Park,12739
P6,Bronson Ave & University Dr,4515,4454,Brewer Park,4982
P5,Stadium Way,1035,974,Brewer Park,1145
P5,Stadium Way,1812,1751,Brewer Park,1927
P1,Colonel By,312,251,Hogs Back Plaza (SW dest.),541
P6,Bronson Ave & University Dr,6147,6086,Brewer Park,6609
P7,Bronson Ave & University Dr,11120,11059,Brewer Park,11596
P5,Stadium Way,795,734,Brewer Park,905
P4,Stadium Way,3273,3212,Brewer Park,3389
P6,Bronson Ave & University Dr,7731,7670,Brewer Park,8210
P7,Bronson Ave & University Dr,8907,8846,Brewer Park,9386
P2,Colonel By,560,499,Hogs Back Plaza (SW dest.),968
P7,Bronson Ave & University Dr,10308,10247,Brewer Park,10778
P4,Stadium Way,4071,4010,Brewer Park,4187
P7,Bronson Ave & University Dr,10094,10033,Brewer Park,10868
P6,Bronson Ave & University Dr,5706,5645,Brewer Park,6179
P7,Bronson Ave & University Dr,11774,11713,Brewer Park,12570
P7,Bronson Ave & University Dr,8525,8464,Brewer Park,8995
P6,Bronson Ave & University Dr,208,147,Brewer Park,4589
P7,Bronson Ave & University Dr,11279,11218,Brewer Park,11739
P7,Bronson Ave & University Dr,11758,11697,Brewer Park,12242
P5,Stadium Way,1336,1275,Brewer Park,1451
P6,Bronson Ave & University Dr,5074,5013,Brewer Park,5541
P7,Bronson Ave & University Dr,11687,11626,Brewer Park,12156
P7,Bronson Ave & University Dr,10818,10757,Brewer Park,11293
P7,Bronson Ave & University Dr,10287,10226,Brewer Park,10749
P7,Bronson Ave & University Dr,11682,11621,Brewer Park,12147
P6,Bronson Ave & University Dr,6650,6589,Brewer Park,7117
P5,Stadium Way,971,910,Brewer Park,1083
P5,Stadium Way,2556,2495,Brewer Park,2668
P7,Bronson Ave & University Dr,7924,7863,Brewer Park,8389
P2,Colonel By,517,456,Hogs Back Plaza (SW dest.),882
P6,Bronson Ave & University Dr,5052,4991,Brewer Park,5532
P6,Bronson Ave & University Dr,375,314,Brewer Park,4694
P6,Bronson Ave & University Dr,7607,7546,Brewer Park,8069
P7,Bronson Ave & University Dr,11084,11023,Brewer Park,11554
P6,Bronson Ave & University Dr,4788,4727,Brewer Park,5258
P3,Stadium Way,3411,3350,Brewer Park,3532
P3,Stadium Way,3568,3507,Brewer Park,3678
P5,Stadium Way,997,936,Brewer Park,1112
P6,Bronson Ave & University Dr,5558,5497,Brewer Park,6024
P5,Stadium Way,2474,2413,Brewer Park,2582
P7,Bronson Ave & University Dr,11181,11120,Brewer Park,11658
P6,Bronson Ave & University Dr,6117,6056,Brewer Park,6578
P5,Stadium Way,599,538,Brewer Park,711
P7,Bronson Ave & University Dr,12299,12238,Brewer Park,12765
P3,Stadium Way,3450,3389,Brewer Park,3566
P7,Bronson Ave & University Dr,8849,8788,Brewer Park,9313
P1,Colonel By,288,227,Hogs Back Plaza (SW dest.),512
P6,Bronson Ave & University Dr,7668,7607,Brewer Park,8146
P7,Bronson Ave & University Dr,10862,10801,Brewer Park,11331
P3,Stadium Way,3679,3618,Brewer Park,3792
P7,Bronson Ave & University Dr,9803,9742,Brewer Park,10272
P6,Bronson Ave & University Dr,148,87,Brewer Park,4507
P6,Bronson Ave & University Dr,5369,5308,Brewer Park,5841
P5,Stadium Way,2290,2229,Brewer Park,2401
P5,Stadium Way,1579,1518,Brewer Park,1676
P7,Bronson Ave & University Dr,10888,10827,Brewer Park,11361
P7,Bronson Ave & University Dr,8842,8781,Brewer Park,9305
P5,Stadium Way,2234,2173,Brewer Park,2339
P7,Bronson Ave & University Dr,11168,11107,Brewer Park,11641
P3,Stadium Way,3362,3301,Brewer Park,3473
P7,Bronson Ave & University Dr,9444,9383,Brewer Park,9909
P2,Colonel By,194,133,Hogs Back Plaza (SW dest.),753
P6,Bronson Ave & University Dr,7027,6966,Brewer Park,7495
P7,Bronson Ave & University Dr,9371,9310,Brewer Park,9839
P7,Bronson Ave & University Dr,166,105,Brewer Park,4528
P3,Stadium Way,3923,3862,Brewer Park,4030
P6,Bronson Ave & University Dr,5938,5877,Brewer Park,6408
P6,Bronson Ave & University Dr,6851,6790,Brewer Park,7323
P7,Bronson Ave & University Dr,8213,8152,Brewer Park,8680
P5,Stadium Way,1866,1805,Brewer Park,1983
P5,Stadium Way,1409,1348,Brewer Park,1526
P6,Bronson Ave & University Dr,7221,7160,Brewer Park,7690
P6,Bronson Ave & University Dr,4659,4598,Brewer Park,5137
P7,Bronson Ave & University Dr,12320,12259,Brewer Park,12791
P3,Stadium Way,4003,3942,Brewer Park,4117
P5,Stadium Way,1284,1223,Brewer Park,1393
P7,Bronson Ave & University Dr,11726,11665,Brewer Park,12212
P5,Stadium Way,2133,2072,Brewer Park,2242
P7,Bronson Ave & University Dr,11759,11698,Brewer Park,12561
P7,Bronson Ave & University Dr,11438,11377,Brewer Park,11905
P7,Bronson Ave & University Dr,8199,8138,Brewer Park,8654
P4,Stadium Way,4105,4044,Brewer Park,4216
P7,Bronson Ave & University Dr,11703,11642,Brewer Park,12168
P6,Bronson Ave & University Dr,6217,6156,Brewer Park,6691
P7,Bronson Ave & University Dr,11525,11464,Brewer Park,11988
P7,Bronson Ave & University Dr,11116,11055,Brewer Park,11588
P5,Stadium Way,765,704,Brewer Park,882
P5,Stadium Way,2579,2518,Brewer Park,2694
P7,Bronson Ave & University Dr,10274,10213,Brewer Park,11060
P7,Bronson Ave & University Dr,8429,8368,Brewer Park,8886
P7,Bronson Ave & University Dr,11746,11685,Brewer Park,12225
P6,Bronson Ave & University Dr,7515,7454,Brewer Park,7986
P5,Stadium Way,1352,1291,Brewer Park,1463
P6,Bronson Ave & University Dr,5444,5383,Brewer Park,5910
P3,Stadium Way,3480,3419,Brewer Park,3592
P6,Bronson Ave & University Dr,4775,4714,Brewer Park,5232
P6,Bronson Ave & University Dr,5942,5881,Brewer Park,6412
P7,Bronson Ave & University Dr,11703,11642,Brewer Park,12491
P6,Bronson Ave & University Dr,6038,5977,Brewer Park,6507
P6,Bronson Ave & University Dr,4593,4532,Brewer Park,5058
P5,Stadium Way,1754,1693,Brewer Park,1866
P2,Colonel By,648,587,Hogs Back Plaza (SW dest.),1102
P6,Bronson Ave & University Dr,5127,5066,Brewer Park,5610
P6,Bronson Ave & University Dr,6322,6261,Brewer Park,6790
P7,Bronson Ave & University Dr,10284,10223,Brewer Park,11069
P2,Colonel By,555,494,Hogs Back Plaza (SW dest.),955
P7,Bronson Ave & University Dr,11881,11820,Brewer Park,12690
P6,Bronson Ave & University Dr,7401,7340,Brewer Park,7865
P7,Bronson Ave & University Dr,10223,10162,Brewer Park,10712
P5,Stadium Way,2712,2651,Brewer Park,2823
P6,Bronson Ave & University Dr,5919,5858,Brewer Park,6387
P6,Bronson Ave & University Dr,6842,6781,Brewer Park,7307
P7,Bronson Ave & University Dr,8159,8098,Brewer Park,8628
P3,Stadium Way,4019,3958,Brewer Park,4134
P5,Stadium Way,1419,1358,Brewer Park,1537
P5,Stadium Way,1728,1667,Brewer Park,1836
P6,Bronson Ave & University Dr,5459,5398,Brewer Park,5929
P6,Bronson Ave & University Dr,5229,5168,Brewer Park,5691
P6,Bronson Ave & University Dr,6032,5971,Brewer Park,6499
P7,Bronson Ave & University Dr,9249,9188,Brewer Park,9722
P5,Stadium Way,2414,2353,Brewer Park,2524
P7,Bronson Ave & University Dr,12396,12335,Brewer Park,12855
P7,Bronson Ave & University Dr,9237,9176,Brewer Park,9704
P7,Bronson Ave & University Dr,9845,9784,Brewer Park,10311
P7,Bronson Ave & University Dr,10202,10141,Brewer Park,10979
P7,Bronson Ave & University Dr,8313,8252,Brewer Park,8770
P7,Bronson Ave & University Dr,11887,11826,Brewer Park,12695
P7,Bronson Ave & University Dr,11488,11427,Brewer Park,12277
P3,Stadium Way,3952,3891,Brewer Park,4066
P6,Bronson Ave & University Dr,230,169,Brewer Park,4619
P7,Bronson Ave & University Dr,11315,11254,Brewer Park,11771
P6,Bronson Ave & University Dr,5842,5781,Brewer Park,6313
P5,Stadium Way,571,510,Brewer Park,685
P7,Bronson Ave & University Dr,8474,8413,Brewer Park,8948
P5,Stadium Way,1521,1460,Brewer Park,1626
P6,Bronson Ave & University Dr,4607,4546,Brewer Park,5085
P5,Stadium Way,1155,1094,Brewer Park,1269
P5,Stadium Way,787,726,Brewer Park,900
P7,Bronson Ave & University Dr,10140,10079,Brewer Park,10915
P3,Stadium Way,3166,3105,Brewer Park,3278
P6,Bronson Ave & University Dr,6007,5946,Brewer Park,6470
P7,Bronson Ave & University Dr,12254,12193,Brewer Park,12727
P5,Stadium Way,2676,2615,Brewer Park,2790
P6,Bronson Ave & University Dr,6938,6877,Brewer Park,7399
P7,Bronson Ave & University Dr,8661,8600,Brewer Park,9140
P5,Stadium Way,2490,2429,Brewer Park,2602
P6,Bronson Ave & University Dr,371,310,Brewer Park,4689
P7,Bronson Ave & University Dr,9582,9521,Brewer Park,10057
P5,Stadium Way,1823,1762,Brewer Park,1935
P5,Stadium Way,2500,2439,Brewer Park,2610
P5,Stadium Way,3106,3045,Brewer Park,3212
P3,Stadium Way,3464,3403,Brewer Park,3579
P6,Bronson Ave & University Dr,4981,4920,Brewer Park,5454
P3,Stadium Way,3664,3603,Brewer Park,3771
P6,Bronson Ave & University Dr,7460,7399,Brewer Park,7930
P3,Stadium Way,3879,3818,Brewer Park,3992
P7,Bronson Ave & University Dr,9675,9614,Brewer Park,10123
P6,Bronson Ave & University Dr,5265,5204,Brewer Park,5737
P5,Stadium Way,2396,2335,Brewer Park,2511
P7,Bronson Ave & University Dr,8307,8246,Brewer Park,8766
P6,Bronson Ave & University Dr,7199,7138,Brewer Park,7670
P6,Bronson Ave & University Dr,5828,5767,Brewer Park,6292
P7,Bronson Ave & University Dr,8224,8163,Brewer Park,8693
P6,Bronson Ave & University Dr,7467,7406,Brewer Park,7934
P5,Stadium Way,372,311,Brewer Park,468
P7,Bronson Ave & University Dr,10101,10040,Brewer Park,10569
P7,Bronson Ave & University Dr,11586,11525,Brewer Park,12352
P5,Stadium Way,2360,2299,Brewer Park,2469
P5,Stadium Way,1931,1870,Brewer Park,2045
P6,Bronson Ave & University Dr,5323,5262,Brewer Park,5798
P3,Stadium Way,3960,3899,Brewer Park,4074
P6,Bronson Ave & University Dr,6978,6917,Brewer Park,7448
P7,Bronson Ave & University Dr,9859,9798,Brewer Park,10333
P6,Bronson Ave & University Dr,5885,5824,Brewer Park,6361
P3,Stadium Way,3227,3166,Brewer Park,3337
P5,Stadium Way,3154,3093,Brewer Park,3265
P5,Stadium Way,1941,1880,Brewer Park,2054
P5,Stadium Way,325,264,Brewer Park,403
P7,Bronson Ave & University Dr,9704,9643,Brewer Park,10161
P7,Bronson Ave & University Dr,9853,9792,Brewer Park,10324
P2,Colonel By,181,120,Hogs Back Plaza (SW dest.),737
P3,Stadium Way,3651,3590,Brewer Park,3758
P7,Bronson Ave & University Dr,12380,12319,Brewer Park,12834
P7,Bronson Ave & University Dr,8993,8932,Brewer Park,9446
P7,Bronson Ave & University Dr,9548,9487,Brewer Park,10023
P7,Bronson Ave & University Dr,8422,8361,Brewer Park,8877
P1,Colonel By,270,209,Hogs Back Plaza (SW dest.),488
P6,Bronson Ave & University Dr,7362,7301,Brewer Park,7814
P6,Bronson Ave & University Dr,6844,6783,Brewer Park,7311
P6,Bronson Ave & University Dr,4814,4753,Brewer Park,5288
P6,Bronson Ave & University Dr,7752,7691,Brewer Park,8218
P7,Bronson Ave & University Dr,9609,9548,Brewer Park,10087
P6,Bronson Ave & University Dr,5319,5258,Brewer Park,5789
P7,Bronson Ave & University Dr,8327,8266,Brewer Park,8791
P5,Stadium Way,2643,2582,Brewer Park,2750
P5,Stadium Way,827,766,Brewer Park,936
P7,Bronson Ave & University Dr,11707,11646,Brewer Park,12500
P5,Stadium Way,1519,1458,Brewer Park,1614
P4,Stadium Way,3246,3185,Brewer Park,3362
P5,Stadium Way,601,540,Brewer Park,716
P6,Bronson Ave & University Dr,6172,6111,Brewer Park,6635
P5,Stadium Way,329,268,Brewer Park,408
P6,Bronson Ave & University Dr,6416,6355,Brewer Park,6880
P6,Bronson Ave & University Dr,5883,5822,Brewer Park,6357
P6,Bronson Ave & University Dr,4341,4280,Brewer Park,4819
P7,Bronson Ave & University Dr,12422,12361,Brewer Park,12884
P6,Bronson Ave & University Dr,7264,7203,Brewer Park,7723
P5,Stadium Way,2878,2817,Brewer Park,2984
P7,Bronson Ave & University Dr,9912,9851,Brewer Park,10395
P7,Bronson Ave & University Dr,11503,11442,Brewer Park,12286
P5,Stadium Way,2036,1975,Brewer Park,2138
P2,Colonel By,484,423,Hogs Back Plaza (SW dest.),820
P6,Bronson Ave & University Dr,5171,5110,Brewer Park,5640
P4,Stadium Way,458,397,Brewer Park,571
P3,Stadium Way,3585,3524,Brewer Park,3694
P6,Bronson Ave & University Dr,247,186,Brewer Park,4640
P6,Bronson Ave & University Dr,7676,7615,Brewer Park,8155
P6,Bronson Ave & University Dr,6690,6629,Brewer Park,7158
P7,Bronson Ave & University Dr,9034,8973,Brewer Park,9503
P3,Stadium Way,3715,3654,Brewer Park,3830
P7,Bronson Ave & University Dr,8696,8635,Brewer Park,9162
P7,Bronson Ave & University Dr,10917,10856,Brewer Park,11396
P7,Bronson Ave & University Dr,9761,9700,Brewer Park,10242
P7,Bronson Ave & University Dr,11638,11577,Brewer Park,12098
P5,Stadium Way,2538,2477,Brewer Park,2655
P6,Bronson Ave & University Dr,5237,5176,Brewer Park,5703
P7,Bronson Ave & University Dr,8133,8072,Brewer Park,8594
P7,Bronson Ave & University Dr,11331,11270,Brewer Park,11792
P7,Bronson Ave & University Dr,11863,11802,Brewer Park,12673
P7,Bronson Ave & University Dr,11689,11628,Brewer Park,12474
P1,Colonel By,142,81,Hogs Back Plaza (SW dest.),328
P6,Bronson Ave & University Dr,5677,5616,Brewer Park,6137
P5,Stadium Way,881,820,Brewer Park,996
P7,Bronson Ave & University Dr,8872,8811,Brewer Park,9356
P6,Bronson Ave & University Dr,6253,6192,Brewer Park,6721
P7,Bronson Ave & University Dr,10336,10275,Brewer Park,10807
P6,Bronson Ave & University Dr,4393,4332,Brewer Park,4856
P7,Bronson Ave & University Dr,11681,11620,Brewer Park,12470
P7,Bronson Ave & University Dr,8453,8392,Brewer Park,8914
P2,Colonel By,531,470,Hogs Back Plaza (SW dest.),909
P6,Bronson Ave & University Dr,4948,4887,Brewer Park,5412
P7,Bronson Ave & University Dr,10086,10025,Brewer Park,10859
P7,Bronson Ave & University Dr,8256,8195,Brewer Park,8714
P7,Bronson Ave & University Dr,9967,9906,Brewer Park,10460
P7,Bronson Ave & University Dr,9340,9279,Brewer Park,9814
P6,Bronson Ave & University Dr,4619,4558,Brewer Park,5102
P6,Bronson Ave & University Dr,4423,4362,Brewer Park,4890
P5,Stadium Way,178,117,Brewer Park,214
P7,Bronson Ave & University Dr,11324,11263,Brewer Park,11780
P6,Bronson Ave & University Dr,4357,4296,Brewer Park,4835
P5,Stadium Way,150,89,Brewer Park,179
P3,Stadium Way,3206,3145,Brewer Park,3318
P5,Stadium Way,2077,2016,Brewer Park,2188
P5,Stadium Way,3115,3054,Brewer Park,3229
P5,Stadium Way,991,930,Brewer Park,1107
P7,Bronson Ave & University Dr,10937,10876,Brewer Park,11413
P7,Bronson Ave & University Dr,9428,9367,Brewer Park,9887
P6,Bronson Ave & University Dr,4296,4235,Brewer Park,4767
P3,Stadium Way,3787,3726,Brewer Park,3892
P7,Bronson Ave & University Dr,11763,11702,Brewer Park,12565
P7,Bronson Ave & University Dr,10957,10896,Brewer Park,11431
P6,Bronson Ave & University Dr,4587,4526,Brewer Park,5050
P6,Bronson Ave & University Dr,5696,5635,Brewer Park,6162
P3,Stadium Way,3900,3839,Brewer Park,4022
P5,Stadium Way,1103,1042,Brewer Park,1213
P6,Bronson Ave & University Dr,6203,6142,Brewer Park,6668
P1,Colonel By,198,137,Hogs Back Plaza (SW dest.),396
P7,Bronson Ave & University Dr,11180,11119,Brewer Park,11654
P6,Bronson Ave & University Dr,233,172,Brewer Park,4623
P6,Bronson Ave & University Dr,5598,5537,Brewer Park,6066
P7,Bronson Ave & University Dr,11584,11523,Brewer Park,12048
P6,Bronson Ave & University Dr,7110,7049,Brewer Park,7573
P4,Stadium Way,3292,3231,Brewer Park,3408
P2,Colonel By,275,214,Hogs Back Plaza (SW dest.),777
P6,Bronson Ave & University Dr,7269,7208,Brewer Park,7727
P7,Bronson Ave & University Dr,12446,12385,Brewer Park,12920
P6,Bronson Ave & University Dr,5290,5229,Brewer Park,5755
P3,Stadium Way,3483,3422,Brewer Park,3596
P4,Stadium Way,4069,4008,Brewer Park,4183
P5,Stadium Way,1196,1135,Brewer Park,1312
P6,Bronson Ave & University Dr,6503,6442,Brewer Park,6968
P6,Bronson Ave & University Dr,278,217,Brewer Park,4680
P6,Bronson Ave & University Dr,4785,4724,Brewer Park,5250
P2,Colonel By,493,432,Hogs Back Plaza (SW dest.),839
P5,Stadium Way,988,927,Brewer Park,1103
P6,Bronson Ave & University Dr,6139,6078,Brewer Park,6596
P5,Stadium Way,853,792,Brewer Park,965
P6,Bronson Ave & University Dr,6103,6042,Brewer Park,6565
P7,Bronson Ave & University Dr,9316,9255,Brewer Park,9778
P5,Stadium Way,1904,1843,Brewer Park,2017
P5,Stadium Way,2120,2059,Brewer Park,2234
P5,Stadium Way,1951,1890,Brewer Park,2062
P7,Bronson Ave & University Dr,11336,11275,Brewer Park,11801
P7,Bronson Ave & University Dr,11538,11477,Brewer Park,12315
P7,Bronson Ave & University Dr,12436,12375,Brewer Park,12903
P7,Bronson Ave & University Dr,10022,9961,Brewer Park,10506
P6,Bronson Ave & University Dr,4988,4927,Brewer Park,5471
P3,Stadium Way,3421,3360,Brewer Park,3541
P4,Stadium Way,4134,4073,Brewer Park,4245
P7,Bronson Ave & University Dr,9900,9839,Brewer Park,10377
P5,Stadium Way,1463,1402,Brewer Park,1575
P5,Stadium Way,837,776,Brewer Park,940
P7,Bronson Ave & University Dr,11663,11602,Brewer Park,12443
P7,Bronson Ave & University Dr,9518,9457,Brewer Park,9992
P7,Bronson Ave & University Dr,11088,11027,Brewer Park,11562
P7,Bronson Ave & University Dr,11549,11488,Brewer Park,12013
P5,Stadium Way,746,685,Brewer Park,860
P6,Bronson Ave & University Dr,4551,4490,Brewer Park,5020
P3,Stadium Way,3334,3273,Brewer Park,3445
P6,Bronson Ave & University Dr,7169,7108,Brewer Park,7630
P5,Stadium Way,202,141,Brewer Park,252
P7,Bronson Ave & University Dr,10157,10096,Brewer Park,10931
P7,Bronson Ave & University Dr,10311,10250,Brewer Park,10782
P7,Bronson Ave & University Dr,8655,8594,Brewer Park,9132
P1,Colonel By,307,246,Hogs Back Plaza (SW dest.),533
P7,Bronson Ave & University Dr,10144,10083,Brewer Park,10919
P7,Bronson Ave & University Dr,12528,12467,Brewer Park,12980
P2,Colonel By,519,458,Hogs Back Plaza (SW dest.),887
P6,Bronson Ave & University Dr,6530,6469,Brewer Park,7003
P6,Bronson Ave & University Dr,4696,4635,Brewer Park,5165
P6,Bronson Ave & University Dr,6605,6544,Brewer Park,7079
P7,Bronson Ave & University Dr,10841,10780,Brewer Park,11301
P5,Stadium Way,2330,2269,Brewer Park,2438
P5,Stadium Way,2671,2610,Brewer Park,2781
P7,Bronson Ave & University Dr,11529,11468,Brewer Park,12311
P6,Bronson Ave & University Dr,6316,6255,Brewer Park,6782
P6,Bronson Ave & University Dr,6907,6846,Brewer Park,7369
P7,Bronson Ave & University Dr,8733,8672,Brewer Park,9206
P5,Stadium Way,1285,1224,Brewer Park,1396
P6,Bronson Ave & University Dr,378,317,Brewer Park,4703
P4,Stadium Way,4268,4207,Brewer Park,4376
P5,Stadium Way,2858,2797,Brewer Park,2963
P5,Stadium Way,375,314,Brewer Park,472
P7,Bronson Ave & University Dr,9689,9628,Brewer Park,10148
P7,Bronson Ave & University Dr,10330,10269,Brewer Park,11118
P5,Stadium Way,3020,2959,Brewer Park,3130
P7,Bronson Ave & University Dr,8861,8800,Brewer Park,9334
P3,Stadium Way,3243,3182,Brewer Park,3357
P6,Bronson Ave & University Dr,7581,7520,Brewer Park,8034
P7,Bronson Ave & University Dr,10980,10919,Brewer Park,11453
P5,Stadium Way,472,411,Brewer Park,584
P2,Colonel By,635,574,Hogs Back Plaza (SW dest.),1084
P7,Bronson Ave & University Dr,8194,8133,Brewer Park,8645
P7,Bronson Ave & University Dr,11716,11655,Brewer Park,12194
P7,Bronson Ave & University Dr,10098,10037,Brewer Park,10876
P7,Bronson Ave & University Dr,11203,11142,Brewer Park,11676
P6,Bronson Ave & University Dr,7726,7665,Brewer Park,8205
P7,Bronson Ave & University Dr,133,72,Brewer Park,4489
P1,Colonel By,457,396,Hogs Back Plaza (SW dest.),725
P6,Bronson Ave & University Dr,6375,6314,Brewer Park,6854
P1,Colonel By,370,309,Hogs Back Plaza (SW dest.),609
P7,Bronson Ave & University Dr,12357,12296,Brewer Park,12821
P1,Colonel By,292,231,Hogs Back Plaza (SW dest.),516
P7,Bronson Ave & University Dr,8830,8769,Brewer Park,9301
P2,Colonel By,432,371,Hogs Back Plaza (SW dest.),791
P7,Bronson Ave & University Dr,7959,7898,Brewer Park,8417
P7,Bronson Ave & University Dr,9611,9550,Brewer Park,10091
P7,Bronson Ave & University Dr,8824,8763,Brewer Park,9297
P7,Bronson Ave & University Dr,10076,10015,Brewer Park,10552
P7,Bronson Ave & University Dr,11276,11215,Brewer Park,11731
P7,Bronson Ave & University Dr,11752,11691,Brewer Park,12548
P3,Stadium Way,3832,3771,Brewer Park,3947
P6,Bronson Ave & University Dr,5421,5360,Brewer Park,5885
P2,Colonel By,590,529,Hogs Back Plaza (SW dest.),1021
P7,Bronson Ave & University Dr,10187,10126,Brewer Park,10664
P5,Stadium Way,2622,2561,Brewer Park,2731
P1,Colonel By,392,331,Hogs Back Plaza (SW dest.),640
P6,Bronson Ave & University Dr,4825,4764,Brewer Park,5300
P1,Colonel By,407,346,Hogs Back Plaza (SW dest.),661
P7,Bronson Ave & University Dr,11648,11587,Brewer Park,12112
P7,Bronson Ave & University Dr,11743,11682,Brewer Park,12535
P1,Colonel By,282,221,Hogs Back Plaza (SW dest.),505
P7,Bronson Ave & University Dr,10880,10819,Brewer Park,11353
P7,Bronson Ave & University Dr,11381,11320,Brewer Park,11843
P5,Stadium Way,797,736,Brewer Park,909
P7,Bronson Ave & University Dr,11118,11057,Brewer Park,11592
P4,Stadium Way,4244,4183,Brewer Park,4352
P7,Bronson Ave & University Dr,11892,11831,Brewer Park,12709
P6,Bronson Ave & University Dr,254,193,Brewer Park,4649
P5,Stadium Way,2929,2868,Brewer Park,3034
P5,Stadium Way,1304,1243,Brewer Park,1410
P1,Colonel By,376,315,Hogs Back Plaza (SW dest.),622
P3,Stadium Way,3547,3486,Brewer Park,3654
P4,Stadium Way,2410,2349,Brewer Park,2519
P7,Bronson Ave & University Dr,10889,10828,Brewer Park,11365
P6,Bronson Ave & University Dr,6795,6734,Brewer Park,7268
P7,Bronson Ave & University Dr,10236,10175,Brewer Park,11021
P6,Bronson Ave & University Dr,6726,6665,Brewer Park,7192
P5,Stadium Way,954,893,Brewer Park,1070
P6,Bronson Ave & University Dr,6423,6362,Brewer Park,6892
P7,Bronson Ave & University Dr,10810,10749,Brewer Park,11281
P5,Stadium Way,2096,2035,Brewer Park,2209
P5,Stadium Way,236,175,Brewer Park,295
P5,Stadium Way,2199,2138,Brewer Park,2296
P5,Stadium Way,777,716,Brewer Park,896
P7,Bronson Ave & University Dr,11469,11408,Brewer Park,12247
P6,Bronson Ave & University Dr,7763,7702,Brewer Park,8230
P6,Bronson Ave & University Dr,7384,7323,Brewer Park,7842
P7,Bronson Ave & University Dr,8611,8550,Brewer Park,9074
P3,Stadium Way,3372,3311,Brewer Park,3481
P3,Stadium Way,3780,3719,Brewer Park,3887
P5,Stadium Way,3030,2969,Brewer Park,3134
P6,Bronson Ave & University Dr,7833,7772,Brewer Park,8295
P6,Bronson Ave & University Dr,5525,5464,Brewer Park,5994
P5,Stadium Way,2993,2932,Brewer Park,3103
P1,Colonel By,367,306,Hogs Back Plaza (SW dest.),604
P7,Bronson Ave & University Dr,8618,8557,Brewer Park,9083
P6,Bronson Ave & University Dr,6268,6207,Brewer Park,6725
P6,Bronson Ave & University Dr,7856,7795,Brewer Park,8320
P6,Bronson Ave & University Dr,7427,7366,Brewer Park,7891
P5,Stadium Way,1086,1025,Brewer Park,1204
P3,Stadium Way,3079,3018,Brewer Park,3186
P7,Bronson Ave & University Dr,12407,12346,Brewer Park,12868
P7,Bronson Ave & University Dr,10712,10651,Brewer Park,11179
P6,Bronson Ave & University Dr,4404,4343,Brewer Park,4870
P6,Bronson Ave & University Dr,6478,6417,Brewer Park,6942
P7,Bronson Ave & University Dr,9595,9534,Brewer Park,10070
P6,Bronson Ave & University Dr,5447,5386,Brewer Park,5915
P7,Bronson Ave & University Dr,11872,11811,Brewer Park,12682
P5,Stadium Way,3102,3041,Brewer Park,3208
P7,Bronson Ave & University Dr,12323,12262,Brewer Park,12795
P4,Stadium Way,4225,4164,Brewer Park,4340
P6,Bronson Ave & University Dr,6548,6487,Brewer Park,7029
P1,Colonel By,156,95,Hogs Back Plaza (SW dest.),345
P7,Bronson Ave & University Dr,9960,9899,Brewer Park,10451
P5,Stadium Way,2551,2490,Brewer Park,2664
P5,Stadium Way,1328,1267,Brewer Park,1442
P2,Colonel By,480,419,Hogs Back Plaza (SW dest.),812
P2,Colonel By,528,467,Hogs Back Plaza (SW dest.),904
P4,Stadium Way,4109,4048,Brewer Park,4224
P5,Stadium Way,442,381,Brewer Park,551
P6,Bronson Ave & University Dr,6926,6865,Brewer Park,7390
P7,Bronson Ave & University Dr,9010,8949,Brewer Park,9476
P6,Bronson Ave & University Dr,5234,5173,Brewer Park,5699
P6,Bronson Ave & University Dr,5302,5241,Brewer Park,5763
P7,Bronson Ave & University Dr,9328,9267,Brewer Park,9800
P5,Stadium Way,875,814,Brewer Park,987
P7,Bronson Ave & University Dr,10290,10229,Brewer Park,10753
P4,Stadium Way,4097,4036,Brewer Park,4207
P6,Bronson Ave & University Dr,4313,4252,Brewer Park,4788
P2,Colonel By,174,113,Hogs Back Plaza (SW dest.),730
P3,Stadium Way,3201,3140,Brewer Park,3314
P6,Bronson Ave & University Dr,6457,6396,Brewer Park,6929
P7,Bronson Ave & University Dr,11745,11684,Brewer Park,12221
P6,Bronson Ave & University Dr,158,97,Brewer Park,4520
P7,Bronson Ave & University Dr,10104,10043,Brewer Park,10573
P5,Stadium Way,347,286,Brewer Park,433
P1,Colonel By,109,48,Hogs Back Plaza (SW dest.),286
P1,Colonel By,359,298,Hogs Back Plaza (SW dest.),595
P7,Bronson Ave & University Dr,11736,11675,Brewer Park,12526
P6,Bronson Ave & University Dr,4718,4657,Brewer Park,5186
P5,Stadium Way,921,860,Brewer Park,1035
P4,Stadium Way,4131,4070,Brewer Park,4240
P6,Bronson Ave & University Dr,6621,6560,Brewer Park,7092
P5,Stadium Way,481,420,Brewer Park,597
P6,Bronson Ave & University Dr,7012,6951,Brewer Park,7479
P6,Bronson Ave & University Dr,4888,4827,Brewer Park,5369
P6,Bronson Ave & University Dr,4962,4901,Brewer Park,5421
P4,Stadium Way,1317,1256,Brewer Park,1431
P6,Bronson Ave & University Dr,5175,5114,Brewer Park,5644
P7,Bronson Ave & University Dr,8390,8329,Brewer Park,8847
P6,Bronson Ave & University Dr,5114,5053,Brewer Park,5589
P5,Stadium Way,2815,2754,Brewer Park,2926
P7,Bronson Ave & University Dr,9239,9178,Brewer Park,9708
P7,Bronson Ave & University Dr,7962,7901,Brewer Park,8424
P7,Bronson Ave & University Dr,11072,11011,Brewer Park,11542
P6,Bronson Ave & University Dr,7417,7356,Brewer Park,7878
P6,Bronson Ave & University Dr,5118,5057,Brewer Park,5598
P7,Bronson Ave & University Dr,7982,7921,Brewer Park,8445
P2,Colonel By,525,464,Hogs Back Plaza (SW dest.),895
P3,Stadium Way,3797,3736,Brewer Park,3903
P5,Stadium Way,270,209,Brewer Park,336
P6,Bronson Ave & University Dr,6868,6807,Brewer Park,7336
P5,Stadium Way,670,609,Brewer Park,784
P6,Bronson Ave & University Dr,6170,6109,Brewer Park,6631
P7,Bronson Ave & University Dr,11783,11722,Brewer Park,12583
P7,Bronson Ave & University Dr,11712,11651,Brewer Park,12185
P6,Bronson Ave & University Dr,4840,4779,Brewer Park,5318
P6,Bronson Ave & University Dr,6083,6022,Brewer Park,6552
P7,Bronson Ave & University Dr,10843,10782,Brewer Park,11306
P5,Stadium Way,2884,2823,Brewer Park,2992
P5,Stadium Way,1569,1508,Brewer Park,1672
P6,Bronson Ave & University Dr,6483,6422,Brewer Park,6950
P5,Stadium Way,767,706,Brewer Park,886
P5,Stadium Way,536,475,Brewer Park,651
P5,Stadium Way,1009,948,Brewer Park,1124
P2,Colonel By,206,145,Hogs Back Plaza (SW dest.),769
P2,Colonel By,563,502,Hogs Back Plaza (SW dest.),975
P7,Bronson Ave & University Dr,10299,10238,Brewer Park,10766
P3,Stadium Way,3806,3745,Brewer Park,3921
P4,Stadium Way,4185,4124,Brewer Park,4296
P7,Bronson Ave & University Dr,9413,9352,Brewer Park,9875
P5,Stadium Way,2680,2619,Brewer Park,2794
P7,Bronson Ave & University Dr,12514,12453,Brewer Park,12960
P1,Colonel By,129,68,Hogs Back Plaza (SW dest.),311
P2,Colonel By,197,136,Hogs Back Plaza (SW dest.),757
P7,Bronson Ave & University Dr,8852,8791,Brewer Park,9317
P6,Bronson Ave & University Dr,4972,4911,Brewer Park,5438
P7,Bronson Ave & University Dr,8466,8405,Brewer Park,8935
P1,Colonel By,146,85,Hogs Back Plaza (SW dest.),332
P7,Bronson Ave & University Dr,11194,11133,Brewer Park,11671
P2,Colonel By,444,383,Hogs Back Plaza (SW dest.),799
P1,Colonel By,195,134,Hogs Back Plaza (SW dest.),392
P7,Bronson Ave & University Dr,9140,9079,Brewer Park,9600
P5,Stadium Way,3069,3008,Brewer Park,3176
P6,Bronson Ave & University Dr,4494,4433,Brewer Park,4960
P6,Bronson Ave & University Dr,4327,4266,Brewer Park,4806
P6,Bronson Ave & University Dr,5006,4945,Brewer Park,5479
P6,Bronson Ave & University Dr,5974,5913,Brewer Park,6450
P1,Colonel By,436,375,Hogs Back Plaza (SW dest.),700
P7,Bronson Ave & University Dr,12383,12322,Brewer Park,12839
P1,Colonel By,218,157,Hogs Back Plaza (SW dest.),422
P5,Stadium Way,1922,1861,Brewer Park,2037
P6,Bronson Ave & University Dr,6361,6300,Brewer Park,6837
P5,Stadium Way,2218,2157,Brewer Park,2324
P6,Bronson Ave & University Dr,7547,7486,Brewer Park,8013
P6,Bronson Ave & University Dr,7424,7363,Brewer Park,7887
P5,Stadium Way,2963,2902,Brewer Park,3073
P3,Stadium Way,3750,3689,Brewer Park,3866
P7,Bronson Ave & University Dr,11307,11246,Brewer Park,11757
P7,Bronson Ave & University Dr,11755,11694,Brewer Park,12552
P6,Bronson Ave & University Dr,7471,7410,Brewer Park,7942
P6,Bronson Ave & University Dr,6378,6317,Brewer Park,6858
P6,Bronson Ave & University Dr,4321,4260,Brewer Park,4798
P7,Bronson Ave & University Dr,10989,10928,Brewer Park,11466
P7,Bronson Ave & University Dr,10216,10155,Brewer Park,10996
P7,Bronson Ave & University Dr,9747,9686,Brewer Park,10222
P6,Bronson Ave & University Dr,7799,7738,Brewer Park,8269
P5,Stadium Way,1112,1051,Brewer Park,1231
P7,Bronson Ave & University Dr,8937,8876,Brewer Park,9420
P3,Stadium Way,3549,3488,Brewer Park,3658
P7,Bronson Ave & University Dr,10874,10813,Brewer Park,11344
P5,Stadium Way,942,881,Brewer Park,1057
P5,Stadium Way,985,924,Brewer Park,1099
P7,Bronson Ave & University Dr,10717,10656,Brewer Park,11187
P5,Stadium Way,2996,2935,Brewer Park,3109
P7,Bronson Ave & University Dr,12345,12284,Brewer Park,12817
P6,Bronson Ave & University Dr,7792,7731,Brewer Park,8259
P7,Bronson Ave & University Dr,12326,12265,Brewer Park,12800
P6,Bronson Ave & University Dr,6102,6041,Brewer Park,6561
P7,Bronson Ave & University Dr,11632,11571,Brewer Park,12417
P6,Bronson Ave & University Dr,6345,6284,Brewer Park,6811
P4,Stadium Way,3114,3053,Brewer Park,3225
P6,Bronson Ave & University Dr,426,365,Brewer Park,4747
P6,Bronson Ave & University Dr,4285,4224,Brewer Park,4764
P3,Stadium Way,3637,3576,Brewer Park,3745
P6,Bronson Ave & University Dr,5950,5889,Brewer Park,6420
P7,Bronson Ave & University Dr,9442,9381,Brewer Park,9904
P6,Bronson Ave & University Dr,4428,4367,Brewer Park,4898
P7,Bronson Ave & University Dr,9551,9490,Brewer Park,10027
P3,Stadium Way,3135,3074,Brewer Park,3244
P7,Bronson Ave & University Dr,10184,10123,Brewer Park,10660
P7,Bronson Ave & University Dr,12479,12418,Brewer Park,12929
P7,Bronson Ave & University Dr,9976,9915,Brewer Park,10473
P6,Bronson Ave & University Dr,6541,6480,Brewer Park,7020
P6,Bronson Ave & University Dr,4987,4926,Brewer Park,5467
P7,Bronson Ave & University Dr,11574,11513,Brewer Park,12035
P7,Bronson Ave & University Dr,8452,8391,Brewer Park,8910
P6,Bronson Ave & University Dr,5560,5499,Brewer Park,6028
P5,Stadium Way,2907,2846,Brewer Park,3017
P6,Bronson Ave & University Dr,5091,5030,Brewer Park,5553
P7,Bronson Ave & University Dr,9823,9762,Brewer Park,10294
P2,Colonel By,578,517,Hogs Back Plaza (SW dest.),1005
P5,Stadium Way,2485,2424,Brewer Park,2594
P7,Bronson Ave & University Dr,10852,10791,Brewer Park,11319
P6,Bronson Ave & University Dr,5900,5839,Brewer Park,6365
P5,Stadium Way,2389,2328,Brewer Park,2499
P6,Bronson Ave & University Dr,6987,6926,Brewer Park,7457
P6,Bronson Ave & University Dr,7307,7246,Brewer Park,7771
P7,Bronson Ave & University Dr,9537,9476,Brewer Park,10015
P7,Bronson Ave & University Dr,11189,11128,Brewer Park,11667
P7,Bronson Ave & University Dr,10791,10730,Brewer Park,11260
P7,Bronson Ave & University Dr,8996,8935,Brewer Park,9454
P6,Bronson Ave & University Dr,7197,7136,Brewer Park,7665
P7,Bronson Ave & University Dr,10333,10272,Brewer Park,10803
P6,Bronson Ave & University Dr,7825,7764,Brewer Park,8291
P6,Bronson Ave & University Dr,6306,6245,Brewer Park,6772
P6,Bronson Ave & University Dr,7134,7073,Brewer Park,7606
P6,Bronson Ave & University Dr,6273,6212,Brewer Park,6733
P6,Bronson Ave & University Dr,6018,5957,Brewer Park,6482
P7,Bronson Ave & University Dr,9096,9035,Brewer Park,9560
P5,Stadium Way,1732,1671,Brewer Park,1840
P7,Bronson Ave & University Dr,9014,8953,Brewer Park,9484
P6,Bronson Ave & University Dr,7537,7476,Brewer Park,7999
P7,Bronson Ave & University Dr,9351,9290,Brewer Park,9827
P3,Stadium Way,3344,3283,Brewer Park,3457
P6,Bronson Ave & University Dr,7378,7317,Brewer Park,7834
P6,Bronson Ave & University Dr,4610,4549,Brewer Park,5090
P5,Stadium Way,582,521,Brewer Park,689
P6,Bronson Ave & University Dr,7132,7071,Brewer Park,7602
P6,Bronson Ave & University Dr,6285,6224,Brewer Park,6751
P7,Bronson Ave & University Dr,9435,9374,Brewer Park,9900
P6,Bronson Ave & University Dr,6182,6121,Brewer Park,6638
P7,Bronson Ave & University Dr,7960,7899,Brewer Park,8420
P6,Bronson Ave & University Dr,5682,5621,Brewer Park,6146
P7,Bronson Ave & University Dr,10206,10145,Brewer Park,10988
P6,Bronson Ave & University Dr,5238,5177,Brewer Park,5707
P7,Bronson Ave & University Dr,9256,9195,Brewer Park,9735
P5,Stadium Way,1789,1728,Brewer Park,1893
P6,Bronson Ave & University Dr,7789,7728,Brewer Park,8255
P5,Stadium Way,2438,2377,Brewer Park,2543
P6,Bronson Ave & University Dr,7099,7038,Brewer Park,7561
P7,Bronson Ave & University Dr,9500,9439,Brewer Park,9974
P5,Stadium Way,447,386,Brewer Park,556
P6,Bronson Ave & University Dr,377,316,Brewer Park,4698
P6,Bronson Ave & University Dr,6671,6610,Brewer Park,7150
P1,Colonel By,99,38,Hogs Back Plaza (SW dest.),274
P6,Bronson Ave & University Dr,5497,5436,Brewer Park,5960
P5,Stadium Way,1792,1731,Brewer Park,1901
P7,Bronson Ave & University Dr,10757,10696,Brewer Park,11222
P6,Bronson Ave & University Dr,7005,6944,Brewer Park,7475
P1,Colonel By,237,176,Hogs Back Plaza (SW dest.),452
P5,Stadium Way,1701,1640,Brewer Park,1811
P5,Stadium Way,2112,2051,Brewer Park,2225
P6,Bronson Ave & University Dr,192,131,Brewer Park,4566
P7,Bronson Ave & University Dr,9683,9622,Brewer Park,10136
P6,Bronson Ave & University Dr,6825,6764,Brewer Park,7294
P6,Bronson Ave & University Dr,5680,5619,Brewer Park,6141
P6,Bronson Ave & University Dr,6325,6264,Brewer Park,6794
P6,Bronson Ave & University Dr,6667,6606,Brewer Park,7147
P7,Bronson Ave & University Dr,10018,9957,Brewer Park,10795
P6,Bronson Ave & University Dr,5836,5775,Brewer Park,6305
P6,Bronson Ave & University Dr,6515,6454,Brewer Park,6981
P6,Bronson Ave & University Dr,5315,5254,Brewer Park,5780
P2,Colonel By,604,543,Hogs Back Plaza (SW dest.),1042
P7,Bronson Ave & University Dr,10294,10233,Brewer Park,11083
P6,Bronson Ave & University Dr,6145,6084,Brewer Park,6605
P7,Bronson Ave & University Dr,11818,11757,Brewer Park,12624
P5,Stadium Way,950,889,Brewer Park,1066
P3,Stadium Way,3303,3242,Brewer Park,3419
P7,Bronson Ave & University Dr,10798,10737,Brewer Park,11264
P7,Bronson Ave & University Dr,8725,8664,Brewer Park,9194
P5,Stadium Way,1023,962,Brewer Park,1136
P4,Stadium Way,4297,4236,Brewer Park,4406
P7,Bronson Ave & University Dr,12280,12219,Brewer Park,12748
P5,Stadium Way,2328,2267,Brewer Park,2434
P7,Bronson Ave & University Dr,7999,7938,Brewer Park,8458
P7,Bronson Ave & University Dr,10167,10106,Brewer Park,10948
P5,Stadium Way,1132,1071,Brewer Park,1247
P7,Bronson Ave & University Dr,9844,9783,Brewer Park,10307
P5,Stadium Way,2050,1989,Brewer Park,2160
P5,Stadium Way,1912,1851,Brewer Park,2024
P5,Stadium Way,1790,1729,Brewer Park,1897
P7,Bronson Ave & University Dr,11517,11456,Brewer Park,12307
P6,Bronson Ave & University Dr,6663,6602,Brewer Park,7139
P7,Bronson Ave & University Dr,9039,8978,Brewer Park,9507
P3,Stadium Way,3856,3795,Brewer Park,3964
P7,Bronson Ave & University Dr,8281,8220,Brewer Park,8744
P6,Bronson Ave & University Dr,380,319,Brewer Park,4707
P7,Bronson Ave & University Dr,11150,11089,Brewer Park,11629
P7,Bronson Ave & University Dr,8616,8555,Brewer Park,9079
P6,Bronson Ave & University Dr,6118,6057,Brewer Park,6582
P6,Bronson Ave & University Dr,6212,6151,Brewer Park,6681
P7,Bronson Ave & University Dr,11174,11113,Brewer Park,11650
P5,Stadium Way,1881,1820,Brewer Park,1996
P6,Bronson Ave & University Dr,7679,7618,Brewer Park,8163
P4,Stadium Way,4201,4140,Brewer Park,4308
P6,Bronson Ave & University Dr,6911,6850,Brewer Park,7377
P6,Bronson Ave & University Dr,7421,7360,Brewer Park,7883
P6,Bronson Ave & University Dr,5418,5357,Brewer Park,5879
P5,Stadium Way,1343,1282,Brewer Park,1455
P7,Bronson Ave & University Dr,11112,11051,Brewer Park,11579
P3,Stadium Way,4021,3960,Brewer Park,4138
P6,Bronson Ave & University Dr,7665,7604,Brewer Park,8142
P6,Bronson Ave & University Dr,6122,6061,Brewer Park,6586
P7,Bronson Ave & University Dr,9452,9391,Brewer Park,9918
P7,Bronson Ave & University Dr,10385,10324,Brewer Park,10855
P7,Bronson Ave & University Dr,8080,8019,Brewer Park,8546
P6,Bronson Ave & University Dr,5805,5744,Brewer Park,6278
P5,Stadium Way,2266,2205,Brewer Park,2370
P7,Bronson Ave & University Dr,9318,9257,Brewer Park,9782
P7,Bronson Ave & University Dr,11756,11695,Brewer Park,12557
P5,Stadium Way,1995,1934,Brewer Park,2096
P5,Stadium Way,285,224,Brewer Park,356
P5,Stadium Way,727,666,Brewer Park,843
P7,Bronson Ave & University Dr,9196,9135,Brewer Park,9662
P7,Bronson Ave & University Dr,9975,9914,Brewer Park,10469
P7,Bronson Ave & University Dr,11135,11074,Brewer Park,11609
P7,Bronson Ave & University Dr,9467,9406,Brewer Park,9936
P2,Colonel By,536,475,Hogs Back Plaza (SW dest.),921
P2,Colonel By,595,534,Hogs Back Plaza (SW dest.),1025
P5,Stadium Way,2899,2838,Brewer Park,3008
P7,Bronson Ave & University Dr,10897,10836,Brewer Park,11379
P5,Stadium Way,904,843,Brewer Park,1017
P5,Stadium Way,424,363,Brewer Park,524
P6,Bronson Ave & University Dr,7275,7214,Brewer Park,7735
P6,Bronson Ave & University Dr,7245,7184,Brewer Park,7711
P6,Bronson Ave & University Dr,4298,4237,Brewer Park,4771
P5,Stadium Way,686,625,Brewer Park,802
P6,Bronson Ave & University Dr,6187,6126,Brewer Park,6647
P6,Bronson Ave & University Dr,7306,7245,Brewer Park,7766
P3,Stadium Way,3795,3734,Brewer Park,3899
P3,Stadium Way,3805,3744,Brewer Park,3917
P6,Bronson Ave & University Dr,7102,7041,Brewer Park,7565
P1,Colonel By,311,250,Hogs Back Plaza (SW dest.),537
P6,Bronson Ave & University Dr,7237,7176,Brewer Park,7703
P5,Stadium Way,430,369,Brewer Park,528
P6,Bronson Ave & University Dr,7596,7535,Brewer Park,8052
P4,Stadium Way,4338,4277,Brewer Park,4437
P7,Bronson Ave & University Dr,11742,11681,Brewer Park,12530
P5,Stadium Way,542,481,Brewer Park,660
P7,Bronson Ave & University Dr,8050,7989,Brewer Park,8516
P3,Stadium Way,3788,3727,Brewer Park,3895
P6,Bronson Ave & University Dr,6551,6490,Brewer Park,7037
P5,Stadium Way,512,451,Brewer Park,625
P6,Bronson Ave & University Dr,4380,4319,Brewer Park,4843
P5,Stadium Way,648,587,Brewer Park,762
P7,Bronson Ave & University Dr,8962,8901,Brewer Park,9438
P7,Bronson Ave & University Dr,11227,11166,Brewer Park,11692
P2,Colonel By,487,426,Hogs Back Plaza (SW dest.),825
P3,Stadium Way,3777,3716,Brewer Park,3883
P6,Bronson Ave & University Dr,6702,6641,Brewer Park,7170
P6,Bronson Ave & University Dr,4970,4909,Brewer Park,5434
P5,Stadium Way,2716,2655,Brewer Park,2828
P7,Bronson Ave & University Dr,10782,10721,Brewer Park,11248
P2,Colonel By,147,86,Hogs Back Plaza (SW dest.),444
P7,Bronson Ave & University Dr,11755,11694,Brewer Park,12238
P2,Colonel By,633,572,Hogs Back Plaza (SW dest.),1080
P6,Bronson Ave & University Dr,6353,6292,Brewer Park,6824
P4,Stadium Way,4180,4119,Brewer Park,4284
P6,Bronson Ave & University Dr,5022,4961,Brewer Park,5501
P7,Bronson Ave & University Dr,11667,11606,Brewer Park,12133
P6,Bronson Ave & University Dr,5203,5142,Brewer Park,5673
P7,Bronson Ave & University Dr,9523,9462,Brewer Park,10002
P1,Colonel By,338,277,Hogs Back Plaza (SW dest.),572
P5,Stadium Way,925,864,Brewer Park,1044
P3,Stadium Way,3644,3583,Brewer Park,3754
P3,Stadium Way,3861,3800,Brewer Park,3969
P5,Stadium Way,336,275,Brewer Park,421
P5,Stadium Way,850,789,Brewer Park,957
P6,Bronson Ave & University Dr,5704,5643,Brewer Park,6175
P5,Stadium Way,2336,2275,Brewer Park,2447
P6,Bronson Ave & University Dr,6896,6835,Brewer Park,7357
P3,Stadium Way,3179,3118,Brewer Park,3291
P5,Stadium Way,306,245,Brewer Park,382
P5,Stadium Way,2187,2126,Brewer Park,2288
P6,Bronson Ave & University Dr,199,138,Brewer Park,4576
P6,Bronson Ave & University Dr,6815,6754,Brewer Park,7286
P7,Bronson Ave & University Dr,11313,11252,Brewer Park,11767
P6,Bronson Ave & University Dr,6082,6021,Brewer Park,6548
P6,Bronson Ave & University Dr,5382,5321,Brewer Park,5858
P7,Bronson Ave & University Dr,12488,12427,Brewer Park,12965
P7,Bronson Ave & University Dr,8047,7986,Brewer Park,8512
P6,Bronson Ave & University Dr,4867,4806,Brewer Park,5342
P7,Bronson Ave & University Dr,10160,10099,Brewer Park,10641
P7,Bronson Ave & University Dr,8056,7995,Brewer Park,8524
P5,Stadium Way,1172,1111,Brewer Park,1290
P7,Bronson Ave & University Dr,9433,9372,Brewer Park,9895
P5,Stadium Way,1601,1540,Brewer Park,1704
P7,Bronson Ave & University Dr,11107,11046,Brewer Park,11574
P7,Bronson Ave & University Dr,9714,9653,Brewer Park,10178
P6,Bronson Ave & University Dr,7835,7774,Brewer Park,8299
P6,Bronson Ave & University Dr,7216,7155,Brewer Park,7686
P6,Bronson Ave & University Dr,4560,4499,Brewer Park,5034
P6,Bronson Ave & University Dr,6740,6679,Brewer Park,7206
P5,Stadium Way,851,790,Brewer Park,961
P7,Bronson Ave & University Dr,11706,11645,Brewer Park,12495
P7,Bronson Ave & University Dr,10120,10059,Brewer Park,10580
P5,Stadium Way,752,691,Brewer Park,870
P7,Bronson Ave & University Dr,8323,8262,Brewer Park,8787
P6,Bronson Ave & University Dr,7117,7056,Brewer Park,7577
P6,Bronson Ave & University Dr,7683,7622,Brewer Park,8171
P1,Colonel By,263,202,Hogs Back Plaza (SW dest.),480
P3,Stadium Way,3436,3375,Brewer Park,3555
P5,Stadium Way,1212,1151,Brewer Park,1328
P6,Bronson Ave & University Dr,5913,5852,Brewer Park,6383
P6,Bronson Ave & University Dr,4537,4476,Brewer Park,5009
P7,Bronson Ave & University Dr,11654,11593,Brewer Park,12439
P7,Bronson Ave & University Dr,11788,11727,Brewer Park,12587
P7,Bronson Ave & University Dr,9598,9537,Brewer Park,10074
P3,Stadium Way,3493,3432,Brewer Park,3604
P5,Stadium Way,1210,1149,Brewer Park,1324
P7,Bronson Ave & University Dr,10804,10743,Brewer Park,11272
P7,Bronson Ave & University Dr,10012,9951,Brewer Park,10489
P5,Stadium Way,2395,2334,Brewer Park,2507
P6,Bronson Ave & University Dr,4723,4662,Brewer Park,5191
P7,Bronson Ave & University Dr,8651,8590,Brewer Park,9123
P6,Bronson Ave & University Dr,7070,7009,Brewer Park,7521
P6,Bronson Ave & University Dr,6830,6769,Brewer Park,7298
P6,Bronson Ave & University Dr,6839,6778,Brewer Park,7302
P5,Stadium Way,2452,2391,Brewer Park,2559
P5,Stadium Way,3050,2989,Brewer Park,3159
P7,Bronson Ave & University Dr,11510,11449,Brewer Park,12303
P5,Stadium Way,2976,2915,Brewer Park,3083
P5,Stadium Way,1202,1141,Brewer Park,1316
P7,Bronson Ave & University Dr,12315,12254,Brewer Park,12783
P5,Stadium Way,1253,1192,Brewer Park,1359
P5,Stadium Way,644,583,Brewer Park,754
P6,Bronson Ave & University Dr,7661,7600,Brewer Park,8134
P7,Bronson Ave & University Dr,10130,10069,Brewer Park,10603
P7,Bronson Ave & University Dr,7948,7887,Brewer Park,8397
P6,Bronson Ave & University Dr,5800,5739,Brewer Park,6270
P3,Stadium Way,3330,3269,Brewer Park,3441
P7,Bronson Ave & University Dr,12529,12468,Brewer Park,12984
P7,Bronson Ave & University Dr,11310,11249,Brewer Park,11762
P6,Bronson Ave & University Dr,5932,5871,Brewer Park,6399
P7,Bronson Ave & University Dr,9693,9632,Brewer Park,10152
P6,Bronson Ave & University Dr,7020,6959,Brewer Park,7487
P6,Bronson Ave & University Dr,5019,4958,Brewer Park,5497
P7,Bronson Ave & University Dr,11061,11000,Brewer Park,11538
P7,Bronson Ave & University Dr,8275,8214,Brewer Park,8735
P5,Stadium Way,667,606,Brewer Park,780
P5,Stadium Way,2012,1951,Brewer Park,2116
P5,Stadium Way,1149,1088,Brewer Park,1261
P5,Stadium Way,267,206,Brewer Park,331
P6,Bronson Ave & University Dr,6545,6484,Brewer Park,7025
P7,Bronson Ave & University Dr,9059,8998,Brewer Park,9527
P6,Bronson Ave & University Dr,5825,5764,Brewer Park,6287
P6,Bronson Ave & University Dr,7017,6956,Brewer Park,7483
P5,Stadium Way,3161,3100,Brewer Park,3269
P5,Stadium Way,186,125,Brewer Park,227
P5,Stadium Way,382,321,Brewer Park,480
P6,Bronson Ave & University Dr,7084,7023,Brewer Park,7544
P6,Bronson Ave & University Dr,5105,5044,Brewer Park,5571
P7,Bronson Ave & University Dr,11010,10949,Brewer Park,11478
P7,Bronson Ave & University Dr,8750,8689,Brewer Park,9221
P5,Stadium Way,1694,1633,Brewer Park,1803
P7,Bronson Ave & University Dr,9711,9650,Brewer Park,10173
P4,Stadium Way,4144,4083,Brewer Park,4254
P3,Stadium Way,3659,3598,Brewer Park,3767
P6,Bronson Ave & University Dr,264,203,Brewer Park,4662
P7,Bronson Ave & University Dr,11243,11182,Brewer Park,11705
P4,Stadium Way,4174,4113,Brewer Park,4280
P7,Bronson Ave & University Dr,11671,11610,Brewer Park,12457
P1,Colonel By,383,322,Hogs Back Plaza (SW dest.),627
P3,Stadium Way,3352,3291,Brewer Park,3461
P5,Stadium Way,1599,1538,Brewer Park,1700
P3,Stadium Way,3237,3176,Brewer Park,3353
P7,Bronson Ave & University Dr,9564,9503,Brewer Park,10040
P5,Stadium Way,2780,2719,Brewer Park,2897
P7,Bronson Ave & University Dr,8606,8545,Brewer Park,9066
P6,Bronson Ave & University Dr,223,162,Brewer Park,4610
P1,Colonel By,153,92,Hogs Back Plaza (SW dest.),341
P7,Bronson Ave & University Dr,10851,10790,Brewer Park,11315
P5,Stadium Way,2590,2529,Brewer Park,2710
P7,Bronson Ave & University Dr,9241,9180,Brewer Park,9712
P1,Colonel By,181,120,Hogs Back Plaza (SW dest.),375
P5,Stadium Way,181,120,Brewer Park,218
P7,Bronson Ave & University Dr,10985,10924,Brewer Park,11461
P6,Bronson Ave & University Dr,282,221,Brewer Park,4685
P3,Stadium Way,3601,3540,Brewer Park,3706
P5,Stadium Way,922,861,Brewer Park,1039
P4,Stadium Way,661,600,Brewer Park,770
P6,Bronson Ave & University Dr,6635,6574,Brewer Park,7105
P2,Colonel By,166,105,Hogs Back Plaza (SW dest.),678
P6,Bronson Ave & University Dr,140,79,Brewer Park,4498
P5,Stadium Way,1249,1188,Brewer Park,1354
P5,Stadium Way,1104,1043,Brewer Park,1217
P5,Stadium Way,368,307,Brewer Park,464
P7,Bronson Ave & University Dr,10044,9983,Brewer Park,10524
P5,Stadium Way,2363,2302,Brewer Park,2473
P2,Colonel By,540,479,Hogs Back Plaza (SW dest.),925
P5,Stadium Way,2718,2657,Brewer Park,2833
P3,Stadium Way,3875,3814,Brewer Park,3987
P7,Bronson Ave & University Dr,9460,9399,Brewer Park,9927
P5,Stadium Way,715,654,Brewer Park,822
P6,Bronson Ave & University Dr,7805,7744,Brewer Park,8278
P5,Stadium Way,1470,1409,Brewer Park,1580
P6,Bronson Ave & University Dr,6060,5999,Brewer Park,6533
P7,Bronson Ave & University Dr,10085,10024,Brewer Park,10560
P6,Bronson Ave & University Dr,7231,7170,Brewer Park,7699
P6,Bronson Ave & University Dr,6409,6348,Brewer Park,6871
P5,Stadium Way,1900,1839,Brewer Park,2013
P6,Bronson Ave & University Dr,5523,5462,Brewer Park,5989
P7,Bronson Ave & University Dr,12309,12248,Brewer Park,12779
P6,Bronson Ave & University Dr,7861,7800,Brewer Park,8328
P5,Stadium Way,2984,2923,Brewer Park,3091
P5,Stadium Way,164,103,Brewer Park,200
P6,Bronson Ave & University Dr,7395,7334,Brewer Park,7856
P7,Bronson Ave & University Dr,10164,10103,Brewer Park,10944
P3,Stadium Way,3503,3442,Brewer Park,3612
P7,Bronson Ave & University Dr,11732,11671,Brewer Park,12513
P7,Bronson Ave & University Dr,11410,11349,Brewer Park,11882
P5,Stadium Way,721,660,Brewer Park,834
P7,Bronson Ave & University Dr,11328,11267,Brewer Park,11788
P6,Bronson Ave & University Dr,6066,6005,Brewer Park,6541
P5,Stadium Way,1621,1560,Brewer Park,1721
P7,Bronson Ave & University Dr,11167,11106,Brewer Park,11637
P5,Stadium Way,275,214,Brewer Park,340
P7,Bronson Ave & University Dr,8356,8295,Brewer Park,8813
P6,Bronson Ave & University Dr,7367,7306,Brewer Park,7822
P6,Bronson Ave & University Dr,205,144,Brewer Park,4584
P6,Bronson Ave & University Dr,217,156,Brewer Park,4602
P7,Bronson Ave & University Dr,9731,9670,Brewer Park,10208
P5,Stadium Way,155,94,Brewer Park,187
P6,Bronson Ave & University Dr,5306,5245,Brewer Park,5768
P7,Bronson Ave & University Dr,9221,9160,Brewer Park,9686
P5,Stadium Way,2711,2650,Brewer Park,2819
P6,Bronson Ave & University Dr,7381,7320,Brewer Park,7838
P3,Stadium Way,3491,3430,Brewer Park,3600
P6,Bronson Ave & University Dr,7189,7128,Brewer Park,7656
P7,Bronson Ave & University Dr,11781,11720,Brewer Park,12578
P5,Stadium Way,2934,2873,Brewer Park,3042
P7,Bronson Ave & University Dr,8636,8575,Brewer Park,9109
P5,Stadium Way,1606,1545,Brewer Park,1708
P6,Bronson Ave & University Dr,5513,5452,Brewer Park,5976
P5,Stadium Way,2463,2402,Brewer Park,2577
P7,Bronson Ave & University Dr,10005,9944,Brewer Park,10481
P7,Bronson Ave & University Dr,9526,9465,Brewer Park,10006
P2,Colonel By,158,97,Hogs Back Plaza (SW dest.),618
P3,Stadium Way,3209,3148,Brewer Park,3325
P7,Bronson Ave & University Dr,9458,9397,Brewer Park,9922
P6,Bronson Ave & University Dr,4954,4893,Brewer Park,5417
P5,Stadium Way,2520,2459,Brewer Park,2637
P5,Stadium Way,663,602,Brewer Park,775
P5,Stadium Way,2159,2098,Brewer Park,2259
P6,Bronson Ave & University Dr,5182,5121,Brewer Park,5656
P2,Colonel By,188,127,Hogs Back Plaza (SW dest.),745
P2,Colonel By,439,378,Hogs Back Plaza (SW dest.),795
P5,Stadium Way,946,885,Brewer Park,1062
P3,Stadium Way,3993,3932,Brewer Park,4108
P5,Stadium Way,2702,2641,Brewer Park,2811
P5,Stadium Way,1234,1173,Brewer Park,1341
P7,Bronson Ave & University Dr,8036,7975,Brewer Park,8505
P7,Bronson Ave & University Dr,9777,9716,Brewer Park,10251
P6,Bronson Ave & University Dr,4408,4347,Brewer Park,4874
P7,Bronson Ave & University Dr,8305,8244,Brewer Park,8762
P6,Bronson Ave & University Dr,5475,5414,Brewer Park,5938
P7,Bronson Ave & University Dr,12552,12491,Brewer Park,13033
P1,Colonel By,150,89,Hogs Back Plaza (SW dest.),337
P5,Stadium Way,939,878,Brewer Park,1052
P7,Bronson Ave & University Dr,11850,11789,Brewer Park,12655
P5,Stadium Way,2741,2680,Brewer Park,2854
P5,Stadium Way,3142,3081,Brewer Park,3257
P5,Stadium Way,1272,1211,Brewer Park,1379
P6,Bronson Ave & University Dr,237,176,Brewer Park,4628
P3,Stadium Way,3275,3214,Brewer Park,3393
P5,Stadium Way,877,816,Brewer Park,992
P5,Stadium Way,1714,1653,Brewer Park,1823
P2,Colonel By,597,536,Hogs Back Plaza (SW dest.),1033
P3,Stadium Way,3866,3805,Brewer Park,3978
P7,Bronson Ave & University Dr,9562,9501,Brewer Park,10035
P7,Bronson Ave & University Dr,11412,11351,Brewer Park,11886
P7,Bronson Ave & University Dr,8920,8859,Brewer Park,9399
P5,Stadium Way,1121,1060,Brewer Park,1235
P7,Bronson Ave & University Dr,10172,10111,Brewer Park,10952
P3,Stadium Way,3402,3341,Brewer Park,3522
P7,Bronson Ave & University Dr,10139,10078,Brewer Park,10910
P7,Bronson Ave & University Dr,8522,8461,Brewer Park,8991
P5,Stadium Way,1826,1765,Brewer Park,1940
P7,Bronson Ave & University Dr,8315,8254,Brewer Park,8775
P5,Stadium Way,2945,2884,Brewer Park,3055
P7,Bronson Ave & University Dr,11678,11617,Brewer Park,12142
P5,Stadium Way,1055,994,Brewer Park,1163
P5,Stadium Way,2853,2792,Brewer Park,2955
P6,Bronson Ave & University Dr,7822,7761,Brewer Park,8286
P7,Bronson Ave & University Dr,9105,9044,Brewer Park,9572
P7,Bronson Ave & University Dr,10121,10060,Brewer Park,10584
P7,Bronson Ave & University Dr,8201,8140,Brewer Park,8658
P5,Stadium Way,593,532,Brewer Park,703
P5,Stadium Way,323,262,Brewer Park,399
P7,Bronson Ave & University Dr,11326,11265,Brewer Park,11784
P7,Bronson Ave & University Dr,8434,8373,Brewer Park,8894
P6,Bronson Ave & University Dr,7087,7026,Brewer Park,7553
P6,Bronson Ave & University Dr,7645,7584,Brewer Park,8116
P3,Stadium Way,3686,3625,Brewer Park,3800
P6,Bronson Ave & University Dr,4279,4218,Brewer Park,4755
P7,Bronson Ave & University Dr,8723,8662,Brewer Park,9189
P5,Stadium Way,2307,2246,Brewer Park,2417
P5,Stadium Way,2215,2154,Brewer Park,2320
P6,Bronson Ave & University Dr,4797,4736,Brewer Park,5267
P6,Bronson Ave & University Dr,6622,6561,Brewer Park,7096
P5,Stadium Way,762,701,Brewer Park,878
P7,Bronson Ave & University Dr,9797,9736,Brewer Park,10267
P5,Stadium Way,1944,1883,Brewer Park,2058
P7,Bronson Ave & University Dr,8264,8203,Brewer Park,8726
P6,Bronson Ave & University Dr,6525,6464,Brewer Park,6994
P3,Stadium Way,3255,3194,Brewer Park,3375
P6,Bronson Ave & University Dr,389,328,Brewer Park,4720
P7,Bronson Ave & University Dr,12401,12340,Brewer Park,12864
P6,Bronson Ave & University Dr,4741,4680,Brewer Park,5212
P7,Bronson Ave & University Dr,11026,10965,Brewer Park,11495
P7,Bronson Ave & University Dr,11401,11340,Brewer Park,11869
P3,Stadium Way,3264,3203,Brewer Park,3384
P5,Stadium Way,2856,2795,Brewer Park,2959
P2,Colonel By,641,580,Hogs Back Plaza (SW dest.),1092
P7,Bronson Ave & University Dr,9705,9644,Brewer Park,10165
P7,Bronson Ave & University Dr,11234,11173,Brewer Park,11696
P6,Bronson Ave & University Dr,7181,7120,Brewer Park,7648
P5,Stadium Way,1175,1114,Brewer Park,1294
P3,Stadium Way,3377,3316,Brewer Park,3489
P5,Stadium Way,1037,976,Brewer Park,1150
P7,Bronson Ave & University Dr,8491,8430,Brewer Park,8960
P7,Bronson Ave & University Dr,7992,7931,Brewer Park,8449
P7,Bronson Ave & University Dr,11543,11482,Brewer Park,12005
P5,Stadium Way,2004,1943,Brewer Park,2108
P7,Bronson Ave & University Dr,8105,8044,Brewer Park,8567
P3,Stadium Way,3969,3908,Brewer Park,4082
P7,Bronson Ave & University Dr,10225,10164,Brewer Park,11008
P7,Bronson Ave & University Dr,11574,11513,Brewer Park,12339
P5,Stadium Way,418,357,Brewer Park,516
P5,Stadium Way,1017,956,Brewer Park,1132
P6,Bronson Ave & University Dr,6746,6685,Brewer Park,7215
P5,Stadium Way,895,834,Brewer Park,1013
P6,Bronson Ave & University Dr,4439,4378,Brewer Park,4916
P7,Bronson Ave & University Dr,10276,10215,Brewer Park,10741
P7,Bronson Ave & University Dr,111,50,Brewer Park,4463
P7,Bronson Ave & University Dr,11471,11410,Brewer Park,11934
P7,Bronson Ave & University Dr,8044,7983,Brewer Park,8508
P6,Bronson Ave & University Dr,6453,6392,Brewer Park,6921
P5,Stadium Way,1585,1524,Brewer Park,1683
P6,Bronson Ave & University Dr,6243,6182,Brewer Park,6712
P6,Bronson Ave & University Dr,7551,7490,Brewer Park,8021
P7,Bronson Ave & University Dr,11115,11054,Brewer Park,11584
P4,Stadium Way,4256,4195,Brewer Park,4365
P6,Bronson Ave & University Dr,5031,4970,Brewer Park,5511
P5,Stadium Way,1547,1486,Brewer Park,1662
P7,Bronson Ave & University Dr,12244,12183,Brewer Park,12723
P7,Bronson Ave & University Dr,10892,10831,Brewer Park,11370
P6,Bronson Ave & University Dr,4598,4537,Brewer Park,5067
P5,Stadium Way,2935,2874,Brewer Park,3046
P5,Stadium Way,351,290,Brewer Park,441
P6,Bronson Ave & University Dr,5772,5711,Brewer Park,6250
P6,Bronson Ave & University Dr,4510,4449,Brewer Park,4978
P6,Bronson Ave & University Dr,7086,7025,Brewer Park,7549
P5,Stadium Way,218,157,Brewer Park,269
P6,Bronson Ave & University Dr,7658,7597,Brewer Park,8131
P5,Stadium Way,2148,2087,Brewer Park,2251
P6,Bronson Ave & University Dr,5178,5117,Brewer Park,5648
P7,Bronson Ave & University Dr,9354,9293,Brewer Park,9831
P1,Colonel By,403,342,Hogs Back Plaza (SW dest.),657
P7,Bronson Ave & University Dr,11735,11674,Brewer Park,12517
P6,Bronson Ave & University Dr,5534,5473,Brewer Park,6002
P6,Bronson Ave & University Dr,5520,5459,Brewer Park,5985
P6,Bronson Ave & University Dr,4683,4622,Brewer Park,5146
P7,Bronson Ave & University Dr,10751,10690,Brewer Park,11213
P4,Stadium Way,438,377,Brewer Park,542
P6,Bronson Ave & University Dr,5591,5530,Brewer Park,6058
P7,Bronson Ave & University Dr,7970,7909,Brewer Park,8436
P7,Bronson Ave & University Dr,10727,10666,Brewer Park,11200
P7,Bronson Ave & University Dr,7923,7862,Brewer Park,8385
P1,Colonel By,114,53,Hogs Back Plaza (SW dest.),291
P5,Stadium Way,515,454,Brewer Park,629
P5,Stadium Way,2772,2711,Brewer Park,2885
P6,Bronson Ave & University Dr,7290,7229,Brewer Park,7749
P6,Bronson Ave & University Dr,7557,7496,Brewer Park,8030
P6,Bronson Ave & University Dr,4835,4774,Brewer Park,5314
P7,Bronson Ave & University Dr,11553,11492,Brewer Park,12018
P6,Bronson Ave & University Dr,6534,6473,Brewer Park,7011
P7,Bronson Ave & University Dr,10195,10134,Brewer Park,10677
P2,Colonel By,447,386,Hogs Back Plaza (SW dest.),803
P7,Bronson Ave & University Dr,9603,9542,Brewer Park,10083
P7,Bronson Ave & University Dr,8653,8592,Brewer Park,9128
P7,Bronson Ave & University Dr,10726,10665,Brewer Park,11196
