time_s,cars_on_campus,cumulative_spawned,cumulative_exited
0,3200,0,0
1,3200,0,0
2,3200,0,0
3,3200,0,0
4,3200,0,0
5,3200,0,0
6,3200,0,0
7,3200,0,0
8,3200,0,0
9,3200,0,0
10,3200,0,0
11,3200,0,0
12,3200,0,0
13,3200,0,0
14,3200,0,0
15,3200,0,0
16,3200,0,0
17,3200,0,0
18,3200,0,0
19,3200,0,0
20,3200,0,0
21,3200,0,0
22,3200,0,0
23,3200,0,0
24,3200,0,0
25,3200,0,0
26,3200,0,0
27,3200,0,0
28,3200,0,0
29,3200,0,0
30,3200,0,0
31,3200,0,0
32,3200,0,0
33,3200,0,0
34,3200,0,0
35,3200,0,0
36,3200,0,0
37,3200,0,0
38,3200,0,0
39,3200,0,0
40,3200,0,0
41,3200,0,0
42,3200,0,0
43,3200,0,0
44,3200,0,0
45,3200,0,0
46,3200,0,0
47,3200,0,0
48,3200,0,0
49,3200,0,0
50,3200,0,0
51,3200,0,0
52,3200,0,0
53,3200,0,0
54,3200,0,0
55,3200,0,0
56,3200,0,0
57,3200,0,0
58,3200,0,0
59,3200,0,0
60,3200,3200,0
61,3200,3200,0
62,3200,3200,0
63,3200,3200,0
64,3200,3200,0
65,3200,3200,0
66,3200,3200,0
67,3200,3200,0
68,3200,3200,0
69,3200,3200,0
70,3200,3200,0
71,3200,3200,0
72,3200,3200,0
73,3200,3200,0
74,3200,3200,0
75,3200,3200,0
76,3200,3200,0
77,3200,3200,0
78,3200,3200,0
79,3200,3200,0
80,3200,3200,0
81,3200,3200,0
82,3200,3200,0
83,3200,3200,0
84,3200,3200,0
85,3200,3200,0
86,3200,3200,0
87,3200,3200,0
88,3200,3200,0
89,3200,3200,0
90,3200,3200,0
91,3200,3200,0
92,3200,3200,0
93,3199,3200,1
94,3198,3200,2
95,3198,3200,2
96,3198,3200,2
97,3198,3200,2
98,3197,3200,3
99,3196,3200,4
100,3196,3200,4
101,3196,3200,4
102,3196,3200,4
103,3195,3200,5
104,3195,3200,5
105,3194,3200,6
106,3194,3200,6
107,3193,3200,7
108,3193,3200,7
109,3192,3200,8
110,3192,3200,8
111,3191,3200,9
112,3191,3200,9
113,3191,3200,9
114,3189,3200,11
115,3189,3200,11
116,3189,3200,11
117,3188,3200,12
118,3186,3200,14
119,3186,3200,14
120,3185,3200,15
121,3185,3200,15
122,3184,3200,16
123,3183,3200,17
124,3183,3200,17
125,3181,3200,19
126,3181,3200,19
127,3181,3200,19
128,3181,3200,19
129,3179,3200,21
130,3179,3200,21
131,3179,3200,21
132,3178,3200,22
133,3177,3200,23
134,3176,3200,24
135,3176,3200,24
136,3175,3200,25
137,3175,3200,25
138,3174,3200,26
139,3173,3200,27
140,3171,3200,29
141,3171,3200,29
142,3170,3200,30
143,3169,3200,31
144,3169,3200,31
145,3168,3200,32
146,3166,3200,34
147,3165,3200,35
148,3163,3200,37
149,3163,3200,37
150,3160,3200,40
151,3160,3200,40
152,3160,3200,40
153,3157,3200,43
154,3156,3200,44
155,3155,3200,45
156,3154,3200,46
157,3154,3200,46
158,3152,3200,48
159,3151,3200,49
160,3150,3200,50
161,3150,3200,50
162,3147,3200,53
163,3146,3200,54
164,3145,3200,55
165,3145,3200,55
166,3143,3200,57
167,3143,3200,57
168,3141,3200,59
169,3140,3200,60
170,3140,3200,60
171,3138,3200,62
172,3136,3200,64
173,3136,3200,64
174,3134,3200,66
175,3133,3200,67
176,3133,3200,67
177,3132,3200,68
178,3129,3200,71
179,3129,3200,71
180,3129,3200,71
181,3125,3200,75
182,3125,3200,75
183,3124,3200,76
184,3122,3200,78
185,3122,3200,78
186,3120,3200,80
187,3120,3200,80
188,3117,3200,83
189,3116,3200,84
190,3115,3200,85
191,3114,3200,86
192,3112,3200,88
193,3112,3200,88
194,3110,3200,90
195,3108,3200,92
196,3107,3200,93
197,3106,3200,94
198,3105,3200,95
199,3103,3200,97
200,3102,3200,98
201,3102,3200,98
202,3099,3200,101
203,3098,3200,102
204,3098,3200,102
205,3096,3200,104
206,3094,3200,106
207,3094,3200,106
208,3091,3200,109
209,3090,3200,110
210,3089,3200,111
211,3087,3200,113
212,3087,3200,113
213,3087,3200,113
214,3085,3200,115
215,3085,3200,115
216,3085,3200,115
217,3084,3200,116
218,3082,3200,118
219,3082,3200,118
220,3081,3200,119
221,3080,3200,120
222,3079,3200,121
223,3078,3200,122
224,3077,3200,123
225,3076,3200,124
226,3076,3200,124
227,3074,3200,126
228,3073,3200,127
229,3072,3200,128
230,3071,3200,129
231,3070,3200,130
232,3069,3200,131
233,3068,3200,132
234,3067,3200,133
235,3067,3200,133
236,3066,3200,134
237,3064,3200,136
238,3064,3200,136
239,3064,3200,136
240,3063,3200,137
241,3061,3200,139
242,3061,3200,139
243,3060,3200,140
244,3059,3200,141
245,3058,3200,142
246,3058,3200,142
247,3057,3200,143
248,3055,3200,145
249,3055,3200,145
250,3055,3200,145
251,3054,3200,146
252,3054,3200,146
253,3052,3200,148
254,3051,3200,149
255,3051,3200,149
256,3049,3200,151
257,3048,3200,152
258,3048,3200,152
259,3046,3200,154
260,3045,3200,155
261,3045,3200,155
262,3044,3200,156
263,3043,3200,157
264,3041,3200,159
265,3041,3200,159
266,3040,3200,160
267,3039,3200,161
268,3039,3200,161
269,3038,3200,162
270,3036,3200,164
271,3036,3200,164
272,3035,3200,165
273,3035,3200,165
274,3034,3200,166
275,3031,3200,169
276,3031,3200,169
277,3031,3200,169
278,3029,3200,171
279,3028,3200,172
280,3028,3200,172
281,3027,3200,173
282,3025,3200,175
283,3024,3200,176
284,3024,3200,176
285,3022,3200,178
286,3022,3200,178
287,3022,3200,178
288,3020,3200,180
289,3020,3200,180
290,3020,3200,180
291,3019,3200,181
292,3018,3200,182
293,3018,3200,182
294,3018,3200,182
295,3016,3200,184
296,3016,3200,184
297,3016,3200,184
298,3014,3200,186
299,3014,3200,186
300,3014,3200,186
301,3013,3200,187
302,3013,3200,187
303,3012,3200,188
304,3012,3200,188
305,3012,3200,188
306,3011,3200,189
307,3010,3200,190
308,3009,3200,191
309,3009,3200,191
310,3009,3200,191
311,3008,3200,192
312,3007,3200,193
313,3006,3200,194
314,3006,3200,194
315,3005,3200,195
316,3005,3200,195
317,3005,3200,195
318,3005,3200,195
319,3004,3200,196
320,3003,3200,197
321,3003,3200,197
322,3002,3200,198
323,3001,3200,199
324,3001,3200,199
325,3000,3200,200
326,3000,3200,200
327,3000,3200,200
328,2999,3200,201
329,2998,3200,202
330,2998,3200,202
331,2996,3200,204
332,2996,3200,204
333,2995,3200,205
334,2994,3200,206
335,2994,3200,206
336,2993,3200,207
337,2993,3200,207
338,2992,3200,208
339,2992,3200,208
340,2992,3200,208
341,2992,3200,208
342,2990,3200,210
343,2990,3200,210
344,2989,3200,211
345,2988,3200,212
346,2988,3200,212
347,2987,3200,213
348,2987,3200,213
349,2986,3200,214
350,2985,3200,215
351,2984,3200,216
352,2984,3200,216
353,2983,3200,217
354,2983,3200,217
355,2982,3200,218
356,2981,3200,219
357,2981,3200,219
358,2980,3200,220
359,2979,3200,221
360,2979,3200,221
361,2979,3200,221
362,2978,3200,222
363,2978,3200,222
364,2977,3200,223
365,2977,3200,223
366,2976,3200,224
367,2975,3200,225
368,2974,3200,226
369,2974,3200,226
370,2973,3200,227
371,2972,3200,228
372,2971,3200,229
373,2970,3200,230
374,2970,3200,230
375,2968,3200,232
376,2967,3200,233
377,2965,3200,235
378,2964,3200,236
379,2964,3200,236
380,2963,3200,237
381,2963,3200,237
382,2962,3200,238
383,2959,3200,241
384,2959,3200,241
385,2958,3200,242
386,2958,3200,242
387,2958,3200,242
388,2958,3200,242
389,2956,3200,244
390,2955,3200,245
391,2955,3200,245
392,2953,3200,247
393,2952,3200,248
394,2952,3200,248
395,2950,3200,250
396,2950,3200,250
397,2950,3200,250
398,2950,3200,250
399,2950,3200,250
400,2948,3200,252
401,2948,3200,252
402,2948,3200,252
403,2947,3200,253
404,2947,3200,253
405,2947,3200,253
406,2947,3200,253
407,2946,3200,254
408,2946,3200,254
409,2946,3200,254
410,2946,3200,254
411,2944,3200,256
412,2944,3200,256
413,2943,3200,257
414,2941,3200,259
415,2941,3200,259
416,2940,3200,260
417,2940,3200,260
418,2938,3200,262
419,2937,3200,263
420,2937,3200,263
421,2936,3200,264
422,2935,3200,265
423,2934,3200,266
424,2932,3200,268
425,2932,3200,268
426,2931,3200,269
427,2931,3200,269
428,2930,3200,270
429,2930,3200,270
430,2929,3200,271
431,2929,3200,271
432,2927,3200,273
433,2927,3200,273
434,2926,3200,274
435,2926,3200,274
436,2924,3200,276
437,2924,3200,276
438,2923,3200,277
439,2922,3200,278
440,2922,3200,278
441,2921,3200,279
442,2920,3200,280
443,2919,3200,281
444,2918,3200,282
445,2918,3200,282
446,2918,3200,282
447,2916,3200,284
448,2915,3200,285
449,2913,3200,287
450,2913,3200,287
451,2912,3200,288
452,2912,3200,288
453,2912,3200,288
454,2910,3200,290
455,2910,3200,290
456,2910,3200,290
457,2909,3200,291
458,2908,3200,292
459,2908,3200,292
460,2908,3200,292
461,2908,3200,292
462,2908,3200,292
463,2907,3200,293
464,2907,3200,293
465,2907,3200,293
466,2906,3200,294
467,2906,3200,294
468,2906,3200,294
469,2906,3200,294
470,2906,3200,294
471,2906,3200,294
472,2905,3200,295
473,2905,3200,295
474,2905,3200,295
475,2904,3200,296
476,2904,3200,296
477,2904,3200,296
478,2903,3200,297
479,2903,3200,297
480,2902,3200,298
481,2901,3200,299
482,2900,3200,300
483,2900,3200,300
484,2899,3200,301
485,2899,3200,301
486,2899,3200,301
487,2898,3200,302
488,2897,3200,303
489,2897,3200,303
490,2896,3200,304
491,2895,3200,305
492,2895,3200,305
493,2894,3200,306
494,2892,3200,308
495,2892,3200,308
496,2892,3200,308
497,2890,3200,310
498,2889,3200,311
499,2889,3200,311
500,2889,3200,311
501,2887,3200,313
502,2887,3200,313
503,2887,3200,313
504,2886,3200,314
505,2885,3200,315
506,2885,3200,315
507,2884,3200,316
508,2884,3200,316
509,2883,3200,317
510,2883,3200,317
511,2882,3200,318
512,2881,3200,319
513,2881,3200,319
514,2880,3200,320
515,2879,3200,321
516,2879,3200,321
517,2878,3200,322
518,2878,3200,322
519,2877,3200,323
520,2877,3200,323
521,2877,3200,323
522,2876,3200,324
523,2876,3200,324
524,2874,3200,326
525,2873,3200,327
526,2873,3200,327
527,2872,3200,328
528,2871,3200,329
529,2871,3200,329
530,2870,3200,330
531,2869,3200,331
532,2869,3200,331
533,2869,3200,331
534,2867,3200,333
535,2866,3200,334
536,2864,3200,336
537,2864,3200,336
538,2864,3200,336
539,2864,3200,336
540,2862,3200,338
541,2862,3200,338
542,2860,3200,340
543,2859,3200,341
544,2859,3200,341
545,2859,3200,341
546,2858,3200,342
547,2858,3200,342
548,2857,3200,343
549,2857,3200,343
550,2856,3200,344
551,2854,3200,346
552,2854,3200,346
553,2854,3200,346
554,2854,3200,346
555,2852,3200,348
556,2852,3200,348
557,2850,3200,350
558,2850,3200,350
559,2849,3200,351
560,2848,3200,352
561,2847,3200,353
562,2846,3200,354
563,2845,3200,355
564,2845,3200,355
565,2844,3200,356
566,2844,3200,356
567,2844,3200,356
568,2843,3200,357
569,2842,3200,358
570,2841,3200,359
571,2839,3200,361
572,2839,3200,361
573,2839,3200,361
574,2838,3200,362
575,2838,3200,362
576,2837,3200,363
577,2837,3200,363
578,2836,3200,364
579,2836,3200,364
580,2836,3200,364
581,2836,3200,364
582,2834,3200,366
583,2834,3200,366
584,2833,3200,367
585,2833,3200,367
586,2832,3200,368
587,2832,3200,368
588,2831,3200,369
589,2831,3200,369
590,2830,3200,370
591,2830,3200,370
592,2829,3200,371
593,2828,3200,372
594,2828,3200,372
595,2827,3200,373
596,2825,3200,375
597,2824,3200,376
598,2824,3200,376
599,2823,3200,377
600,2823,3200,377
601,2822,3200,378
602,2821,3200,379
603,2821,3200,379
604,2819,3200,381
605,2818,3200,382
606,2817,3200,383
607,2816,3200,384
608,2816,3200,384
609,2816,3200,384
610,2816,3200,384
611,2815,3200,385
612,2815,3200,385
613,2815,3200,385
614,2815,3200,385
615,2815,3200,385
616,2815,3200,385
617,2815,3200,385
618,2815,3200,385
619,2814,3200,386
620,2813,3200,387
621,2813,3200,387
622,2813,3200,387
623,2813,3200,387
624,2812,3200,388
625,2812,3200,388
626,2810,3200,390
627,2810,3200,390
628,2809,3200,391
629,2809,3200,391
630,2809,3200,391
631,2808,3200,392
632,2807,3200,393
633,2806,3200,394
634,2806,3200,394
635,2804,3200,396
636,2803,3200,397
637,2803,3200,397
638,2803,3200,397
639,2802,3200,398
640,2801,3200,399
641,2800,3200,400
642,2800,3200,400
643,2800,3200,400
644,2799,3200,401
645,2798,3200,402
646,2798,3200,402
647,2797,3200,403
648,2795,3200,405
649,2795,3200,405
650,2794,3200,406
651,2794,3200,406
652,2793,3200,407
653,2793,3200,407
654,2793,3200,407
655,2793,3200,407
656,2793,3200,407
657,2793,3200,407
658,2792,3200,408
659,2792,3200,408
660,2790,3200,410
661,2789,3200,411
662,2789,3200,411
663,2787,3200,413
664,2787,3200,413
665,2787,3200,413
666,2787,3200,413
667,2786,3200,414
668,2786,3200,414
669,2786,3200,414
670,2785,3200,415
671,2785,3200,415
672,2784,3200,416
673,2784,3200,416
674,2784,3200,416
675,2784,3200,416
676,2783,3200,417
677,2783,3200,417
678,2783,3200,417
679,2783,3200,417
680,2783,3200,417
681,2783,3200,417
682,2782,3200,418
683,2782,3200,418
684,2782,3200,418
685,2782,3200,418
686,2781,3200,419
687,2781,3200,419
688,2781,3200,419
689,2781,3200,419
690,2781,3200,419
691,2781,3200,419
692,2781,3200,419
693,2781,3200,419
694,2781,3200,419
695,2781,3200,419
696,2781,3200,419
697,2780,3200,420
698,2780,3200,420
699,2779,3200,421
700,2779,3200,421
701,2779,3200,421
702,2778,3200,422
703,2778,3200,422
704,2778,3200,422
705,2778,3200,422
706,2778,3200,422
707,2778,3200,422
708,2778,3200,422
709,2778,3200,422
710,2778,3200,422
711,2778,3200,422
712,2778,3200,422
713,2777,3200,423
714,2777,3200,423
715,2776,3200,424
716,2776,3200,424
717,2775,3200,425
718,2775,3200,425
719,2774,3200,426
720,2774,3200,426
721,2773,3200,427
722,2773,3200,427
723,2773,3200,427
724,2772,3200,428
725,2772,3200,428
726,2772,3200,428
727,2771,3200,429
728,2771,3200,429
729,2771,3200,429
730,2771,3200,429
731,2771,3200,429
732,2770,3200,430
733,2770,3200,430
734,2770,3200,430
735,2770,3200,430
736,2770,3200,430
737,2769,3200,431
738,2769,3200,431
739,2769,3200,431
740,2769,3200,431
741,2769,3200,431
742,2769,3200,431
743,2769,3200,431
744,2768,3200,432
745,2768,3200,432
746,2767,3200,433
747,2767,3200,433
748,2767,3200,433
749,2766,3200,434
750,2766,3200,434
751,2766,3200,434
752,2765,3200,435
753,2765,3200,435
754,2765,3200,435
755,2765,3200,435
756,2765,3200,435
757,2765,3200,435
758,2764,3200,436
759,2764,3200,436
760,2764,3200,436
761,2764,3200,436
762,2763,3200,437
763,2763,3200,437
764,2763,3200,437
765,2762,3200,438
766,2762,3200,438
767,2761,3200,439
768,2761,3200,439
769,2760,3200,440
770,2760,3200,440
771,2760,3200,440
772,2760,3200,440
773,2760,3200,440
774,2760,3200,440
775,2760,3200,440
776,2760,3200,440
777,2759,3200,441
778,2759,3200,441
779,2759,3200,441
780,2759,3200,441
781,2759,3200,441
782,2759,3200,441
783,2759,3200,441
784,2759,3200,441
785,2759,3200,441
786,2759,3200,441
787,2758,3200,442
788,2758,3200,442
789,2758,3200,442
790,2758,3200,442
791,2758,3200,442
792,2758,3200,442
793,2758,3200,442
794,2758,3200,442
795,2757,3200,443
796,2757,3200,443
797,2756,3200,444
798,2756,3200,444
799,2756,3200,444
800,2755,3200,445
801,2755,3200,445
802,2755,3200,445
803,2755,3200,445
804,2755,3200,445
805,2755,3200,445
806,2755,3200,445
807,2755,3200,445
808,2755,3200,445
809,2755,3200,445
810,2755,3200,445
811,2755,3200,445
812,2755,3200,445
813,2754,3200,446
814,2753,3200,447
815,2753,3200,447
816,2753,3200,447
817,2753,3200,447
818,2752,3200,448
819,2752,3200,448
820,2752,3200,448
821,2752,3200,448
822,2752,3200,448
823,2752,3200,448
824,2752,3200,448
825,2751,3200,449
826,2751,3200,449
827,2750,3200,450
828,2750,3200,450
829,2750,3200,450
830,2750,3200,450
831,2750,3200,450
832,2750,3200,450
833,2750,3200,450
834,2750,3200,450
835,2750,3200,450
836,2750,3200,450
837,2749,3200,451
838,2749,3200,451
839,2749,3200,451
840,2749,3200,451
841,2749,3200,451
842,2749,3200,451
843,2748,3200,452
844,2748,3200,452
845,2747,3200,453
846,2747,3200,453
847,2747,3200,453
848,2746,3200,454
849,2746,3200,454
850,2745,3200,455
851,2744,3200,456
852,2744,3200,456
853,2743,3200,457
854,2743,3200,457
855,2743,3200,457
856,2743,3200,457
857,2743,3200,457
858,2743,3200,457
859,2743,3200,457
860,2743,3200,457
861,2742,3200,458
862,2742,3200,458
863,2742,3200,458
864,2742,3200,458
865,2742,3200,458
866,2741,3200,459
867,2741,3200,459
868,2741,3200,459
869,2740,3200,460
870,2740,3200,460
871,2740,3200,460
872,2739,3200,461
873,2739,3200,461
874,2739,3200,461
875,2738,3200,462
876,2738,3200,462
877,2737,3200,463
878,2737,3200,463
879,2737,3200,463
880,2737,3200,463
881,2736,3200,464
882,2736,3200,464
883,2736,3200,464
884,2736,3200,464
885,2736,3200,464
886,2736,3200,464
887,2735,3200,465
888,2735,3200,465
889,2734,3200,466
890,2734,3200,466
891,2734,3200,466
892,2734,3200,466
893,2733,3200,467
894,2733,3200,467
895,2732,3200,468
896,2732,3200,468
897,2732,3200,468
898,2732,3200,468
899,2732,3200,468
900,2732,3200,468
901,2732,3200,468
902,2732,3200,468
903,2732,3200,468
904,2731,3200,469
905,2731,3200,469
906,2731,3200,469
907,2731,3200,469
908,2731,3200,469
909,2730,3200,470
910,2730,3200,470
911,2730,3200,470
912,2729,3200,471
913,2729,3200,471
914,2729,3200,471
915,2729,3200,471
916,2729,3200,471
917,2728,3200,472
918,2728,3200,472
919,2728,3200,472
920,2728,3200,472
921,2727,3200,473
922,2726,3200,474
923,2726,3200,474
924,2726,3200,474
925,2725,3200,475
926,2725,3200,475
927,2725,3200,475
928,2725,3200,475
929,2725,3200,475
930,2725,3200,475
931,2724,3200,476
932,2724,3200,476
933,2724,3200,476
934,2724,3200,476
935,2724,3200,476
936,2724,3200,476
937,2724,3200,476
938,2724,3200,476
939,2723,3200,477
940,2723,3200,477
941,2723,3200,477
942,2722,3200,478
943,2722,3200,478
944,2722,3200,478
945,2722,3200,478
946,2721,3200,479
947,2721,3200,479
948,2721,3200,479
949,2721,3200,479
950,2720,3200,480
951,2720,3200,480
952,2720,3200,480
953,2720,3200,480
954,2719,3200,481
955,2719,3200,481
956,2719,3200,481
957,2719,3200,481
958,2719,3200,481
959,2719,3200,481
960,2719,3200,481
961,2718,3200,482
962,2718,3200,482
963,2718,3200,482
964,2718,3200,482
965,2718,3200,482
966,2717,3200,483
967,2717,3200,483
968,2717,3200,483
969,2717,3200,483
970,2717,3200,483
971,2716,3200,484
972,2716,3200,484
973,2716,3200,484
974,2716,3200,484
975,2715,3200,485
976,2714,3200,486
977,2714,3200,486
978,2714,3200,486
979,2714,3200,486
980,2714,3200,486
981,2714,3200,486
982,2713,3200,487
983,2713,3200,487
984,2713,3200,487
985,2712,3200,488
986,2712,3200,488
987,2712,3200,488
988,2711,3200,489
989,2711,3200,489
990,2711,3200,489
991,2710,3200,490
992,2710,3200,490
993,2710,3200,490
994,2710,3200,490
995,2710,3200,490
996,2710,3200,490
997,2709,3200,491
998,2708,3200,492
999,2708,3200,492
1000,2708,3200,492
1001,2708,3200,492
1002,2708,3200,492
1003,2708,3200,492
1004,2707,3200,493
1005,2707,3200,493
1006,2707,3200,493
1007,2707,3200,493
1008,2707,3200,493
1009,2706,3200,494
1010,2706,3200,494
1011,2706,3200,494
1012,2706,3200,494
1013,2706,3200,494
1014,2705,3200,495
1015,2705,3200,495
1016,2705,3200,495
1017,2704,3200,496
1018,2704,3200,496
1019,2704,3200,496
1020,2704,3200,496
1021,2704,3200,496
1022,2704,3200,496
1023,2703,3200,497
1024,2703,3200,497
1025,2703,3200,497
1026,2702,3200,498
1027,2702,3200,498
1028,2702,3200,498
1029,2702,3200,498
1030,2702,3200,498
1031,2702,3200,498
1032,2702,3200,498
1033,2702,3200,498
1034,2702,3200,498
1035,2701,3200,499
1036,2701,3200,499
1037,2700,3200,500
1038,2700,3200,500
1039,2700,3200,500
1040,2700,3200,500
1041,2700,3200,500
1042,2700,3200,500
1043,2700,3200,500
1044,2700,3200,500
1045,2700,3200,500
1046,2700,3200,500
1047,2699,3200,501
1048,2699,3200,501
1049,2699,3200,501
1050,2699,3200,501
1051,2699,3200,501
1052,2698,3200,502
1053,2698,3200,502
1054,2698,3200,502
1055,2697,3200,503
1056,2697,3200,503
1057,2696,3200,504
1058,2696,3200,504
1059,2695,3200,505
1060,2695,3200,505
1061,2694,3200,506
1062,2694,3200,506
1063,2694,3200,506
1064,2694,3200,506
1065,2693,3200,507
1066,2693,3200,507
1067,2692,3200,508
1068,2692,3200,508
1069,2692,3200,508
1070,2692,3200,508
1071,2692,3200,508
1072,2691,3200,509
1073,2691,3200,509
1074,2691,3200,509
1075,2691,3200,509
1076,2691,3200,509
1077,2690,3200,510
1078,2690,3200,510
1079,2690,3200,510
1080,2690,3200,510
1081,2690,3200,510
1082,2690,3200,510
1083,2690,3200,510
1084,2689,3200,511
1085,2689,3200,511
1086,2688,3200,512
1087,2688,3200,512
1088,2688,3200,512
1089,2688,3200,512
1090,2688,3200,512
1091,2688,3200,512
1092,2688,3200,512
1093,2688,3200,512
1094,2688,3200,512
1095,2688,3200,512
1096,2688,3200,512
1097,2688,3200,512
1098,2688,3200,512
1099,2687,3200,513
1100,2687,3200,513
1101,2687,3200,513
1102,2687,3200,513
1103,2686,3200,514
1104,2685,3200,515
1105,2685,3200,515
1106,2685,3200,515
1107,2685,3200,515
1108,2684,3200,516
1109,2684,3200,516
1110,2683,3200,517
1111,2683,3200,517
1112,2682,3200,518
1113,2682,3200,518
1114,2682,3200,518
1115,2682,3200,518
1116,2682,3200,518
1117,2682,3200,518
1118,2682,3200,518
1119,2682,3200,518
1120,2682,3200,518
1121,2681,3200,519
1122,2681,3200,519
1123,2680,3200,520
1124,2680,3200,520
1125,2680,3200,520
1126,2679,3200,521
1127,2679,3200,521
1128,2679,3200,521
1129,2679,3200,521
1130,2679,3200,521
1131,2679,3200,521
1132,2678,3200,522
1133,2678,3200,522
1134,2678,3200,522
1135,2678,3200,522
1136,2678,3200,522
1137,2678,3200,522
1138,2678,3200,522
1139,2678,3200,522
1140,2677,3200,523
1141,2677,3200,523
1142,2677,3200,523
1143,2677,3200,523
1144,2677,3200,523
1145,2676,3200,524
1146,2676,3200,524
1147,2676,3200,524
1148,2676,3200,524
1149,2675,3200,525
1150,2675,3200,525
1151,2675,3200,525
1152,2675,3200,525
1153,2674,3200,526
1154,2674,3200,526
1155,2673,3200,527
1156,2673,3200,527
1157,2673,3200,527
1158,2673,3200,527
1159,2672,3200,528
1160,2672,3200,528
1161,2672,3200,528
1162,2672,3200,528
1163,2671,3200,529
1164,2671,3200,529
1165,2671,3200,529
1166,2670,3200,530
1167,2670,3200,530
1168,2670,3200,530
1169,2670,3200,530
1170,2669,3200,531
1171,2669,3200,531
1172,2668,3200,532
1173,2668,3200,532
1174,2668,3200,532
1175,2667,3200,533
1176,2667,3200,533
1177,2667,3200,533
1178,2667,3200,533
1179,2666,3200,534
1180,2666,3200,534
1181,2666,3200,534
1182,2666,3200,534
1183,2666,3200,534
1184,2666,3200,534
1185,2666,3200,534
1186,2666,3200,534
1187,2666,3200,534
1188,2666,3200,534
1189,2665,3200,535
1190,2665,3200,535
1191,2665,3200,535
1192,2664,3200,536
1193,2664,3200,536
1194,2664,3200,536
1195,2664,3200,536
1196,2663,3200,537
1197,2663,3200,537
1198,2663,3200,537
1199,2663,3200,537
1200,2663,3200,537
1201,2663,3200,537
1202,2662,3200,538
1203,2662,3200,538
1204,2661,3200,539
1205,2661,3200,539
1206,2661,3200,539
1207,2661,3200,539
1208,2661,3200,539
1209,2661,3200,539
1210,2660,3200,540
1211,2660,3200,540
1212,2659,3200,541
1213,2659,3200,541
1214,2659,3200,541
1215,2659,3200,541
1216,2658,3200,542
1217,2658,3200,542
1218,2658,3200,542
1219,2658,3200,542
1220,2658,3200,542
1221,2658,3200,542
1222,2658,3200,542
1223,2658,3200,542
1224,2657,3200,543
1225,2657,3200,543
1226,2657,3200,543
1227,2657,3200,543
1228,2657,3200,543
1229,2657,3200,543
1230,2657,3200,543
1231,2657,3200,543
1232,2657,3200,543
1233,2657,3200,543
1234,2656,3200,544
1235,2656,3200,544
1236,2656,3200,544
1237,2656,3200,544
1238,2656,3200,544
1239,2656,3200,544
1240,2655,3200,545
1241,2655,3200,545
1242,2655,3200,545
1243,2655,3200,545
1244,2655,3200,545
1245,2655,3200,545
1246,2654,3200,546
1247,2654,3200,546
1248,2654,3200,546
1249,2653,3200,547
1250,2653,3200,547
1251,2653,3200,547
1252,2653,3200,547
1253,2652,3200,548
1254,2652,3200,548
1255,2652,3200,548
1256,2652,3200,548
1257,2651,3200,549
1258,2651,3200,549
1259,2651,3200,549
1260,2651,3200,549
1261,2651,3200,549
1262,2651,3200,549
1263,2651,3200,549
1264,2651,3200,549
1265,2650,3200,550
1266,2650,3200,550
1267,2649,3200,551
1268,2649,3200,551
1269,2649,3200,551
1270,2648,3200,552
1271,2648,3200,552
1272,2647,3200,553
1273,2647,3200,553
1274,2646,3200,554
1275,2646,3200,554
1276,2646,3200,554
1277,2646,3200,554
1278,2646,3200,554
1279,2646,3200,554
1280,2646,3200,554
1281,2645,3200,555
1282,2645,3200,555
1283,2645,3200,555
1284,2644,3200,556
1285,2643,3200,557
1286,2643,3200,557
1287,2643,3200,557
1288,2643,3200,557
1289,2643,3200,557
1290,2643,3200,557
1291,2643,3200,557
1292,2643,3200,557
1293,2643,3200,557
1294,2643,3200,557
1295,2642,3200,558
1296,2642,3200,558
1297,2642,3200,558
1298,2642,3200,558
1299,2642,3200,558
1300,2642,3200,558
1301,2642,3200,558
1302,2641,3200,559
1303,2641,3200,559
1304,2640,3200,560
1305,2640,3200,560
1306,2640,3200,560
1307,2640,3200,560
1308,2639,3200,561
1309,2639,3200,561
1310,2639,3200,561
1311,2638,3200,562
1312,2638,3200,562
1313,2638,3200,562
1314,2637,3200,563
1315,2636,3200,564
1316,2636,3200,564
1317,2635,3200,565
1318,2635,3200,565
1319,2635,3200,565
1320,2635,3200,565
1321,2635,3200,565
1322,2635,3200,565
1323,2635,3200,565
1324,2635,3200,565
1325,2635,3200,565
1326,2634,3200,566
1327,2634,3200,566
1328,2633,3200,567
1329,2633,3200,567
1330,2633,3200,567
1331,2633,3200,567
1332,2633,3200,567
1333,2632,3200,568
1334,2632,3200,568
1335,2632,3200,568
1336,2631,3200,569
1337,2631,3200,569
1338,2631,3200,569
1339,2631,3200,569
1340,2631,3200,569
1341,2631,3200,569
1342,2631,3200,569
1343,2630,3200,570
1344,2630,3200,570
1345,2630,3200,570
1346,2630,3200,570
1347,2629,3200,571
1348,2629,3200,571
1349,2629,3200,571
1350,2629,3200,571
1351,2629,3200,571
1352,2628,3200,572
1353,2628,3200,572
1354,2628,3200,572
1355,2628,3200,572
1356,2628,3200,572
1357,2627,3200,573
1358,2627,3200,573
1359,2627,3200,573
1360,2626,3200,574
1361,2626,3200,574
1362,2626,3200,574
1363,2626,3200,574
1364,2625,3200,575
1365,2625,3200,575
1366,2625,3200,575
1367,2625,3200,575
1368,2625,3200,575
1369,2625,3200,575
1370,2624,3200,576
1371,2624,3200,576
1372,2624,3200,576
1373,2624,3200,576
1374,2624,3200,576
1375,2624,3200,576
1376,2624,3200,576
1377,2623,3200,577
1378,2623,3200,577
1379,2622,3200,578
1380,2622,3200,578
1381,2622,3200,578
1382,2622,3200,578
1383,2621,3200,579
1384,2621,3200,579
1385,2620,3200,580
1386,2620,3200,580
1387,2620,3200,580
1388,2620,3200,580
1389,2620,3200,580
1390,2620,3200,580
1391,2620,3200,580
1392,2620,3200,580
1393,2620,3200,580
1394,2620,3200,580
1395,2619,3200,581
1396,2619,3200,581
1397,2619,3200,581
1398,2619,3200,581
1399,2619,3200,581
1400,2618,3200,582
1401,2618,3200,582
1402,2618,3200,582
1403,2617,3200,583
1404,2617,3200,583
1405,2616,3200,584
1406,2615,3200,585
1407,2615,3200,585
1408,2615,3200,585
1409,2614,3200,586
1410,2614,3200,586
1411,2614,3200,586
1412,2614,3200,586
1413,2614,3200,586
1414,2613,3200,587
1415,2613,3200,587
1416,2613,3200,587
1417,2612,3200,588
1418,2612,3200,588
1419,2611,3200,589
1420,2611,3200,589
1421,2611,3200,589
1422,2611,3200,589
1423,2611,3200,589
1424,2611,3200,589
1425,2611,3200,589
1426,2610,3200,590
1427,2610,3200,590
1428,2610,3200,590
1429,2610,3200,590
1430,2610,3200,590
1431,2610,3200,590
1432,2610,3200,590
1433,2610,3200,590
1434,2610,3200,590
1435,2609,3200,591
1436,2609,3200,591
1437,2609,3200,591
1438,2609,3200,591
1439,2608,3200,592
1440,2608,3200,592
1441,2608,3200,592
1442,2608,3200,592
1443,2608,3200,592
1444,2608,3200,592
1445,2608,3200,592
1446,2608,3200,592
1447,2608,3200,592
1448,2607,3200,593
1449,2607,3200,593
1450,2607,3200,593
1451,2607,3200,593
1452,2606,3200,594
1453,2606,3200,594
1454,2606,3200,594
1455,2606,3200,594
1456,2606,3200,594
1457,2605,3200,595
1458,2605,3200,595
1459,2605,3200,595
1460,2603,3200,597
1461,2603,3200,597
1462,2603,3200,597
1463,2602,3200,598
1464,2602,3200,598
1465,2602,3200,598
1466,2602,3200,598
1467,2602,3200,598
1468,2602,3200,598
1469,2602,3200,598
1470,2601,3200,599
1471,2601,3200,599
1472,2600,3200,600
1473,2600,3200,600
1474,2600,3200,600
1475,2599,3200,601
1476,2599,3200,601
1477,2599,3200,601
1478,2599,3200,601
1479,2599,3200,601
1480,2599,3200,601
1481,2599,3200,601
1482,2599,3200,601
1483,2599,3200,601
1484,2599,3200,601
1485,2599,3200,601
1486,2599,3200,601
1487,2599,3200,601
1488,2598,3200,602
1489,2598,3200,602
1490,2598,3200,602
1491,2598,3200,602
1492,2597,3200,603
1493,2597,3200,603
1494,2596,3200,604
1495,2596,3200,604
1496,2596,3200,604
1497,2596,3200,604
1498,2596,3200,604
1499,2596,3200,604
1500,2596,3200,604
1501,2596,3200,604
1502,2596,3200,604
1503,2596,3200,604
1504,2596,3200,604
1505,2596,3200,604
1506,2596,3200,604
1507,2595,3200,605
1508,2594,3200,606
1509,2594,3200,606
1510,2594,3200,606
1511,2594,3200,606
1512,2594,3200,606
1513,2594,3200,606
1514,2594,3200,606
1515,2594,3200,606
1516,2594,3200,606
1517,2594,3200,606
1518,2594,3200,606
1519,2593,3200,607
1520,2592,3200,608
1521,2591,3200,609
1522,2591,3200,609
1523,2591,3200,609
1524,2591,3200,609
1525,2589,3200,611
1526,2589,3200,611
1527,2588,3200,612
1528,2588,3200,612
1529,2588,3200,612
1530,2587,3200,613
1531,2587,3200,613
1532,2587,3200,613
1533,2587,3200,613
1534,2587,3200,613
1535,2587,3200,613
1536,2587,3200,613
1537,2587,3200,613
1538,2587,3200,613
1539,2587,3200,613
1540,2587,3200,613
1541,2587,3200,613
1542,2587,3200,613
1543,2585,3200,615
1544,2585,3200,615
1545,2585,3200,615
1546,2584,3200,616
1547,2583,3200,617
1548,2583,3200,617
1549,2583,3200,617
1550,2583,3200,617
1551,2583,3200,617
1552,2583,3200,617
1553,2583,3200,617
1554,2583,3200,617
1555,2583,3200,617
1556,2583,3200,617
1557,2583,3200,617
1558,2583,3200,617
1559,2582,3200,618
1560,2582,3200,618
1561,2582,3200,618
1562,2582,3200,618
1563,2581,3200,619
1564,2581,3200,619
1565,2581,3200,619
1566,2581,3200,619
1567,2581,3200,619
1568,2581,3200,619
1569,2580,3200,620
1570,2580,3200,620
1571,2580,3200,620
1572,2580,3200,620
1573,2580,3200,620
1574,2580,3200,620
1575,2580,3200,620
1576,2580,3200,620
1577,2580,3200,620
1578,2580,3200,620
1579,2579,3200,621
1580,2579,3200,621
1581,2579,3200,621
1582,2579,3200,621
1583,2578,3200,622
1584,2578,3200,622
1585,2577,3200,623
1586,2577,3200,623
1587,2576,3200,624
1588,2576,3200,624
1589,2576,3200,624
1590,2576,3200,624
1591,2576,3200,624
1592,2575,3200,625
1593,2575,3200,625
1594,2575,3200,625
1595,2575,3200,625
1596,2574,3200,626
1597,2574,3200,626
1598,2574,3200,626
1599,2573,3200,627
1600,2573,3200,627
1601,2572,3200,628
1602,2572,3200,628
1603,2572,3200,628
1604,2572,3200,628
1605,2572,3200,628
1606,2571,3200,629
1607,2571,3200,629
1608,2570,3200,630
1609,2570,3200,630
1610,2570,3200,630
1611,2570,3200,630
1612,2570,3200,630
1613,2570,3200,630
1614,2570,3200,630
1615,2570,3200,630
1616,2570,3200,630
1617,2569,3200,631
1618,2569,3200,631
1619,2569,3200,631
1620,2569,3200,631
1621,2568,3200,632
1622,2568,3200,632
1623,2567,3200,633
1624,2567,3200,633
1625,2567,3200,633
1626,2567,3200,633
1627,2567,3200,633
1628,2567,3200,633
1629,2567,3200,633
1630,2567,3200,633
1631,2567,3200,633
1632,2567,3200,633
1633,2567,3200,633
1634,2566,3200,634
1635,2566,3200,634
1636,2565,3200,635
1637,2565,3200,635
1638,2565,3200,635
1639,2565,3200,635
1640,2565,3200,635
1641,2565,3200,635
1642,2564,3200,636
1643,2564,3200,636
1644,2563,3200,637
1645,2563,3200,637
1646,2563,3200,637
1647,2563,3200,637
1648,2562,3200,638
1649,2562,3200,638
1650,2562,3200,638
1651,2562,3200,638
1652,2562,3200,638
1653,2562,3200,638
1654,2562,3200,638
1655,2562,3200,638
1656,2562,3200,638
1657,2562,3200,638
1658,2561,3200,639
1659,2561,3200,639
1660,2560,3200,640
1661,2560,3200,640
1662,2560,3200,640
1663,2559,3200,641
1664,2559,3200,641
1665,2558,3200,642
1666,2558,3200,642
1667,2557,3200,643
1668,2557,3200,643
1669,2557,3200,643
1670,2557,3200,643
1671,2557,3200,643
1672,2556,3200,644
1673,2556,3200,644
1674,2554,3200,646
1675,2553,3200,647
1676,2553,3200,647
1677,2553,3200,647
1678,2553,3200,647
1679,2553,3200,647
1680,2553,3200,647
1681,2552,3200,648
1682,2552,3200,648
1683,2552,3200,648
1684,2552,3200,648
1685,2551,3200,649
1686,2551,3200,649
1687,2550,3200,650
1688,2550,3200,650
1689,2550,3200,650
1690,2550,3200,650
1691,2549,3200,651
1692,2549,3200,651
1693,2549,3200,651
1694,2548,3200,652
1695,2548,3200,652
1696,2548,3200,652
1697,2548,3200,652
1698,2547,3200,653
1699,2547,3200,653
1700,2547,3200,653
1701,2546,3200,654
1702,2546,3200,654
1703,2546,3200,654
1704,2546,3200,654
1705,2546,3200,654
1706,2546,3200,654
1707,2545,3200,655
1708,2545,3200,655
1709,2544,3200,656
1710,2544,3200,656
1711,2544,3200,656
1712,2544,3200,656
1713,2544,3200,656
1714,2543,3200,657
1715,2543,3200,657
1716,2543,3200,657
1717,2543,3200,657
1718,2543,3200,657
1719,2543,3200,657
1720,2543,3200,657
1721,2542,3200,658
1722,2542,3200,658
1723,2541,3200,659
1724,2541,3200,659
1725,2541,3200,659
1726,2541,3200,659
1727,2541,3200,659
1728,2540,3200,660
1729,2540,3200,660
1730,2540,3200,660
1731,2540,3200,660
1732,2539,3200,661
1733,2539,3200,661
1734,2539,3200,661
1735,2538,3200,662
1736,2538,3200,662
1737,2537,3200,663
1738,2537,3200,663
1739,2536,3200,664
1740,2536,3200,664
1741,2536,3200,664
1742,2536,3200,664
1743,2536,3200,664
1744,2536,3200,664
1745,2536,3200,664
1746,2536,3200,664
1747,2535,3200,665
1748,2535,3200,665
1749,2535,3200,665
1750,2535,3200,665
1751,2534,3200,666
1752,2534,3200,666
1753,2534,3200,666
1754,2533,3200,667
1755,2533,3200,667
1756,2533,3200,667
1757,2533,3200,667
1758,2533,3200,667
1759,2532,3200,668
1760,2532,3200,668
1761,2532,3200,668
1762,2532,3200,668
1763,2532,3200,668
1764,2532,3200,668
1765,2532,3200,668
1766,2531,3200,669
1767,2531,3200,669
1768,2531,3200,669
1769,2531,3200,669
1770,2531,3200,669
1771,2531,3200,669
1772,2531,3200,669
1773,2530,3200,670
1774,2530,3200,670
1775,2530,3200,670
1776,2530,3200,670
1777,2530,3200,670
1778,2530,3200,670
1779,2530,3200,670
1780,2530,3200,670
1781,2530,3200,670
1782,2529,3200,671
1783,2529,3200,671
1784,2528,3200,672
1785,2528,3200,672
1786,2528,3200,672
1787,2528,3200,672
1788,2528,3200,672
1789,2527,3200,673
1790,2526,3200,674
1791,2526,3200,674
1792,2525,3200,675
1793,2525,3200,675
1794,2525,3200,675
1795,2525,3200,675
1796,2525,3200,675
1797,2524,3200,676
1798,2523,3200,677
1799,2523,3200,677
1800,2523,3200,677
1801,2523,3200,677
1802,2523,3200,677
1803,2523,3200,677
1804,2523,3200,677
1805,2522,3200,678
1806,2522,3200,678
1807,2522,3200,678
1808,2521,3200,679
1809,2521,3200,679
1810,2521,3200,679
1811,2520,3200,680
1812,2519,3200,681
1813,2519,3200,681
1814,2518,3200,682
1815,2518,3200,682
1816,2518,3200,682
1817,2518,3200,682
1818,2518,3200,682
1819,2518,3200,682
1820,2518,3200,682
1821,2518,3200,682
1822,2518,3200,682
1823,2517,3200,683
1824,2517,3200,683
1825,2517,3200,683
1826,2516,3200,684
1827,2516,3200,684
1828,2516,3200,684
1829,2516,3200,684
1830,2515,3200,685
1831,2515,3200,685
1832,2514,3200,686
1833,2514,3200,686
1834,2514,3200,686
1835,2514,3200,686
1836,2514,3200,686
1837,2514,3200,686
1838,2514,3200,686
1839,2514,3200,686
1840,2513,3200,687
1841,2513,3200,687
1842,2512,3200,688
1843,2512,3200,688
1844,2512,3200,688
1845,2512,3200,688
1846,2511,3200,689
1847,2511,3200,689
1848,2511,3200,689
1849,2511,3200,689
1850,2511,3200,689
1851,2511,3200,689
1852,2511,3200,689
1853,2510,3200,690
1854,2509,3200,691
1855,2509,3200,691
1856,2509,3200,691
1857,2509,3200,691
1858,2509,3200,691
1859,2508,3200,692
1860,2508,3200,692
1861,2508,3200,692
1862,2507,3200,693
1863,2507,3200,693
1864,2507,3200,693
1865,2507,3200,693
1866,2506,3200,694
1867,2506,3200,694
1868,2506,3200,694
1869,2506,3200,694
1870,2506,3200,694
1871,2505,3200,695
1872,2505,3200,695
1873,2505,3200,695
1874,2505,3200,695
1875,2505,3200,695
1876,2504,3200,696
1877,2504,3200,696
1878,2504,3200,696
1879,2504,3200,696
1880,2504,3200,696
1881,2503,3200,697
1882,2503,3200,697
1883,2503,3200,697
1884,2503,3200,697
1885,2503,3200,697
1886,2503,3200,697
1887,2502,3200,698
1888,2502,3200,698
1889,2502,3200,698
1890,2502,3200,698
1891,2502,3200,698
1892,2502,3200,698
1893,2502,3200,698
1894,2502,3200,698
1895,2501,3200,699
1896,2501,3200,699
1897,2500,3200,700
1898,2500,3200,700
1899,2500,3200,700
1900,2499,3200,701
1901,2499,3200,701
1902,2499,3200,701
1903,2499,3200,701
1904,2498,3200,702
1905,2497,3200,703
1906,2497,3200,703
1907,2497,3200,703
1908,2497,3200,703
1909,2497,3200,703
1910,2497,3200,703
1911,2497,3200,703
1912,2496,3200,704
1913,2496,3200,704
1914,2496,3200,704
1915,2495,3200,705
1916,2495,3200,705
1917,2495,3200,705
1918,2495,3200,705
1919,2494,3200,706
1920,2494,3200,706
1921,2494,3200,706
1922,2493,3200,707
1923,2493,3200,707
1924,2493,3200,707
1925,2493,3200,707
1926,2493,3200,707
1927,2493,3200,707
1928,2493,3200,707
1929,2492,3200,708
1930,2492,3200,708
1931,2491,3200,709
1932,2491,3200,709
1933,2491,3200,709
1934,2491,3200,709
1935,2491,3200,709
1936,2491,3200,709
1937,2491,3200,709
1938,2490,3200,710
1939,2490,3200,710
1940,2490,3200,710
1941,2489,3200,711
1942,2489,3200,711
1943,2489,3200,711
1944,2488,3200,712
1945,2488,3200,712
1946,2488,3200,712
1947,2488,3200,712
1948,2488,3200,712
1949,2488,3200,712
1950,2488,3200,712
1951,2487,3200,713
1952,2487,3200,713
1953,2487,3200,713
1954,2487,3200,713
1955,2487,3200,713
1956,2486,3200,714
1957,2486,3200,714
1958,2486,3200,714
1959,2486,3200,714
1960,2486,3200,714
1961,2486,3200,714
1962,2486,3200,714
1963,2485,3200,715
1964,2485,3200,715
1965,2485,3200,715
1966,2485,3200,715
1967,2484,3200,716
1968,2483,3200,717
1969,2483,3200,717
1970,2483,3200,717
1971,2483,3200,717
1972,2483,3200,717
1973,2483,3200,717
1974,2483,3200,717
1975,2483,3200,717
1976,2483,3200,717
1977,2483,3200,717
1978,2483,3200,717
1979,2483,3200,717
1980,2482,3200,718
1981,2482,3200,718
1982,2482,3200,718
1983,2482,3200,718
1984,2482,3200,718
1985,2481,3200,719
1986,2481,3200,719
1987,2481,3200,719
1988,2481,3200,719
1989,2481,3200,719
1990,2480,3200,720
1991,2480,3200,720
1992,2480,3200,720
1993,2480,3200,720
1994,2480,3200,720
1995,2479,3200,721
1996,2478,3200,722
1997,2478,3200,722
1998,2478,3200,722
1999,2478,3200,722
2000,2477,3200,723
2001,2477,3200,723
2002,2477,3200,723
2003,2477,3200,723
2004,2476,3200,724
2005,2476,3200,724
2006,2476,3200,724
2007,2476,3200,724
2008,2475,3200,725
2009,2475,3200,725
2010,2475,3200,725
2011,2475,3200,725
2012,2474,3200,726
2013,2474,3200,726
2014,2474,3200,726
2015,2474,3200,726
2016,2474,3200,726
2017,2474,3200,726
2018,2473,3200,727
2019,2473,3200,727
2020,2473,3200,727
2021,2473,3200,727
2022,2473,3200,727
2023,2473,3200,727
2024,2472,3200,728
2025,2472,3200,728
2026,2472,3200,728
2027,2472,3200,728
2028,2472,3200,728
2029,2472,3200,728
2030,2471,3200,729
2031,2471,3200,729
2032,2471,3200,729
2033,2470,3200,730
2034,2470,3200,730
2035,2470,3200,730
2036,2469,3200,731
2037,2469,3200,731
2038,2469,3200,731
2039,2468,3200,732
2040,2468,3200,732
2041,2467,3200,733
2042,2467,3200,733
2043,2467,3200,733
2044,2467,3200,733
2045,2466,3200,734
2046,2466,3200,734
2047,2465,3200,735
2048,2465,3200,735
2049,2465,3200,735
2050,2464,3200,736
2051,2464,3200,736
2052,2464,3200,736
2053,2464,3200,736
2054,2464,3200,736
2055,2464,3200,736
2056,2463,3200,737
2057,2463,3200,737
2058,2463,3200,737
2059,2462,3200,738
2060,2462,3200,738
2061,2462,3200,738
2062,2461,3200,739
2063,2461,3200,739
2064,2461,3200,739
2065,2460,3200,740
2066,2460,3200,740
2067,2459,3200,741
2068,2459,3200,741
2069,2459,3200,741
2070,2459,3200,741
2071,2459,3200,741
2072,2459,3200,741
2073,2459,3200,741
2074,2459,3200,741
2075,2459,3200,741
2076,2458,3200,742
2077,2457,3200,743
2078,2457,3200,743
2079,2457,3200,743
2080,2457,3200,743
2081,2457,3200,743
2082,2457,3200,743
2083,2457,3200,743
2084,2457,3200,743
2085,2457,3200,743
2086,2456,3200,744
2087,2456,3200,744
2088,2456,3200,744
2089,2455,3200,745
2090,2455,3200,745
2091,2455,3200,745
2092,2454,3200,746
2093,2454,3200,746
2094,2453,3200,747
2095,2453,3200,747
2096,2452,3200,748
2097,2452,3200,748
2098,2452,3200,748
2099,2452,3200,748
2100,2451,3200,749
2101,2451,3200,749
2102,2451,3200,749
2103,2450,3200,750
2104,2450,3200,750
2105,2450,3200,750
2106,2449,3200,751
2107,2449,3200,751
2108,2449,3200,751
2109,2449,3200,751
2110,2449,3200,751
2111,2449,3200,751
2112,2448,3200,752
2113,2448,3200,752
2114,2448,3200,752
2115,2448,3200,752
2116,2448,3200,752
2117,2447,3200,753
2118,2447,3200,753
2119,2447,3200,753
2120,2446,3200,754
2121,2446,3200,754
2122,2446,3200,754
2123,2445,3200,755
2124,2445,3200,755
2125,2445,3200,755
2126,2445,3200,755
2127,2445,3200,755
2128,2445,3200,755
2129,2445,3200,755
2130,2445,3200,755
2131,2445,3200,755
2132,2445,3200,755
2133,2444,3200,756
2134,2444,3200,756
2135,2444,3200,756
2136,2444,3200,756
2137,2444,3200,756
2138,2444,3200,756
2139,2444,3200,756
2140,2444,3200,756
2141,2444,3200,756
2142,2444,3200,756
2143,2444,3200,756
2144,2444,3200,756
2145,2443,3200,757
2146,2443,3200,757
2147,2443,3200,757
2148,2442,3200,758
2149,2441,3200,759
2150,2441,3200,759
2151,2441,3200,759
2152,2441,3200,759
2153,2441,3200,759
2154,2441,3200,759
2155,2441,3200,759
2156,2441,3200,759
2157,2441,3200,759
2158,2441,3200,759
2159,2440,3200,760
2160,2440,3200,760
2161,2439,3200,761
2162,2439,3200,761
2163,2439,3200,761
2164,2438,3200,762
2165,2438,3200,762
2166,2437,3200,763
2167,2437,3200,763
2168,2437,3200,763
2169,2437,3200,763
2170,2437,3200,763
2171,2437,3200,763
2172,2437,3200,763
2173,2437,3200,763
2174,2437,3200,763
2175,2437,3200,763
2176,2437,3200,763
2177,2437,3200,763
2178,2437,3200,763
2179,2436,3200,764
2180,2436,3200,764
2181,2435,3200,765
2182,2435,3200,765
2183,2435,3200,765
2184,2435,3200,765
2185,2434,3200,766
2186,2434,3200,766
2187,2433,3200,767
2188,2433,3200,767
2189,2433,3200,767
2190,2433,3200,767
2191,2433,3200,767
2192,2432,3200,768
2193,2432,3200,768
2194,2432,3200,768
2195,2432,3200,768
2196,2432,3200,768
2197,2432,3200,768
2198,2432,3200,768
2199,2431,3200,769
2200,2431,3200,769
2201,2431,3200,769
2202,2430,3200,770
2203,2430,3200,770
2204,2429,3200,771
2205,2429,3200,771
2206,2429,3200,771
2207,2429,3200,771
2208,2428,3200,772
2209,2428,3200,772
2210,2428,3200,772
2211,2428,3200,772
2212,2427,3200,773
2213,2426,3200,774
2214,2426,3200,774
2215,2425,3200,775
2216,2425,3200,775
2217,2425,3200,775
2218,2424,3200,776
2219,2424,3200,776
2220,2424,3200,776
2221,2423,3200,777
2222,2423,3200,777
2223,2422,3200,778
2224,2422,3200,778
2225,2422,3200,778
2226,2422,3200,778
2227,2422,3200,778
2228,2422,3200,778
2229,2422,3200,778
2230,2422,3200,778
2231,2422,3200,778
2232,2422,3200,778
2233,2422,3200,778
2234,2421,3200,779
2235,2421,3200,779
2236,2420,3200,780
2237,2420,3200,780
2238,2420,3200,780
2239,2419,3200,781
2240,2419,3200,781
2241,2418,3200,782
2242,2418,3200,782
2243,2418,3200,782
2244,2418,3200,782
2245,2418,3200,782
2246,2418,3200,782
2247,2417,3200,783
2248,2417,3200,783
2249,2416,3200,784
2250,2416,3200,784
2251,2416,3200,784
2252,2416,3200,784
2253,2416,3200,784
2254,2416,3200,784
2255,2416,3200,784
2256,2416,3200,784
2257,2416,3200,784
2258,2416,3200,784
2259,2415,3200,785
2260,2415,3200,785
2261,2415,3200,785
2262,2415,3200,785
2263,2415,3200,785
2264,2415,3200,785
2265,2415,3200,785
2266,2414,3200,786
2267,2414,3200,786
2268,2413,3200,787
2269,2413,3200,787
2270,2413,3200,787
2271,2412,3200,788
2272,2412,3200,788
2273,2412,3200,788
2274,2411,3200,789
2275,2411,3200,789
2276,2411,3200,789
2277,2411,3200,789
2278,2411,3200,789
2279,2411,3200,789
2280,2411,3200,789
2281,2411,3200,789
2282,2410,3200,790
2283,2410,3200,790
2284,2409,3200,791
2285,2409,3200,791
2286,2409,3200,791
2287,2408,3200,792
2288,2408,3200,792
2289,2408,3200,792
2290,2407,3200,793
2291,2406,3200,794
2292,2406,3200,794
2293,2406,3200,794
2294,2406,3200,794
2295,2406,3200,794
2296,2406,3200,794
2297,2406,3200,794
2298,2406,3200,794
2299,2406,3200,794
2300,2406,3200,794
2301,2405,3200,795
2302,2405,3200,795
2303,2404,3200,796
2304,2404,3200,796
2305,2404,3200,796
2306,2404,3200,796
2307,2403,3200,797
2308,2403,3200,797
2309,2403,3200,797
2310,2403,3200,797
2311,2403,3200,797
2312,2403,3200,797
2313,2403,3200,797
2314,2403,3200,797
2315,2403,3200,797
2316,2403,3200,797
2317,2403,3200,797
2318,2403,3200,797
2319,2403,3200,797
2320,2403,3200,797
2321,2402,3200,798
2322,2402,3200,798
2323,2402,3200,798
2324,2401,3200,799
2325,2401,3200,799
2326,2401,3200,799
2327,2400,3200,800
2328,2399,3200,801
2329,2399,3200,801
2330,2398,3200,802
2331,2398,3200,802
2332,2398,3200,802
2333,2398,3200,802
2334,2398,3200,802
2335,2397,3200,803
2336,2396,3200,804
2337,2396,3200,804
2338,2396,3200,804
2339,2396,3200,804
2340,2396,3200,804
2341,2395,3200,805
2342,2395,3200,805
2343,2395,3200,805
2344,2394,3200,806
2345,2394,3200,806
2346,2394,3200,806
2347,2394,3200,806
2348,2394,3200,806
2349,2393,3200,807
2350,2393,3200,807
2351,2392,3200,808
2352,2392,3200,808
2353,2392,3200,808
2354,2392,3200,808
2355,2392,3200,808
2356,2392,3200,808
2357,2392,3200,808
2358,2392,3200,808
2359,2392,3200,808
2360,2391,3200,809
2361,2391,3200,809
2362,2391,3200,809
2363,2390,3200,810
2364,2390,3200,810
2365,2389,3200,811
2366,2389,3200,811
2367,2389,3200,811
2368,2389,3200,811
2369,2389,3200,811
2370,2389,3200,811
2371,2389,3200,811
2372,2389,3200,811
2373,2389,3200,811
2374,2388,3200,812
2375,2388,3200,812
2376,2387,3200,813
2377,2387,3200,813
2378,2387,3200,813
2379,2387,3200,813
2380,2387,3200,813
2381,2387,3200,813
2382,2387,3200,813
2383,2386,3200,814
2384,2386,3200,814
2385,2385,3200,815
2386,2385,3200,815
2387,2385,3200,815
2388,2385,3200,815
2389,2384,3200,816
2390,2384,3200,816
2391,2383,3200,817
2392,2383,3200,817
2393,2383,3200,817
2394,2383,3200,817
2395,2382,3200,818
2396,2381,3200,819
2397,2381,3200,819
2398,2380,3200,820
2399,2380,3200,820
2400,2380,3200,820
2401,2380,3200,820
2402,2380,3200,820
2403,2380,3200,820
2404,2380,3200,820
2405,2380,3200,820
2406,2380,3200,820
2407,2380,3200,820
2408,2380,3200,820
2409,2380,3200,820
2410,2379,3200,821
2411,2379,3200,821
2412,2379,3200,821
2413,2379,3200,821
2414,2378,3200,822
2415,2378,3200,822
2416,2378,3200,822
2417,2378,3200,822
2418,2377,3200,823
2419,2377,3200,823
2420,2377,3200,823
2421,2377,3200,823
2422,2377,3200,823
2423,2377,3200,823
2424,2377,3200,823
2425,2376,3200,824
2426,2376,3200,824
2427,2376,3200,824
2428,2376,3200,824
2429,2376,3200,824
2430,2376,3200,824
2431,2376,3200,824
2432,2376,3200,824
2433,2376,3200,824
2434,2375,3200,825
2435,2375,3200,825
2436,2375,3200,825
2437,2375,3200,825
2438,2374,3200,826
2439,2374,3200,826
2440,2373,3200,827
2441,2373,3200,827
2442,2373,3200,827
2443,2373,3200,827
2444,2373,3200,827
2445,2373,3200,827
2446,2373,3200,827
2447,2373,3200,827
2448,2372,3200,828
2449,2371,3200,829
2450,2371,3200,829
2451,2371,3200,829
2452,2370,3200,830
2453,2370,3200,830
2454,2369,3200,831
2455,2369,3200,831
2456,2369,3200,831
2457,2369,3200,831
2458,2368,3200,832
2459,2368,3200,832
2460,2367,3200,833
2461,2367,3200,833
2462,2367,3200,833
2463,2366,3200,834
2464,2366,3200,834
2465,2366,3200,834
2466,2366,3200,834
2467,2366,3200,834
2468,2366,3200,834
2469,2366,3200,834
2470,2366,3200,834
2471,2366,3200,834
2472,2366,3200,834
2473,2366,3200,834
2474,2365,3200,835
2475,2365,3200,835
2476,2365,3200,835
2477,2365,3200,835
2478,2364,3200,836
2479,2364,3200,836
2480,2364,3200,836
2481,2363,3200,837
2482,2363,3200,837
2483,2363,3200,837
2484,2363,3200,837
2485,2362,3200,838
2486,2362,3200,838
2487,2361,3200,839
2488,2361,3200,839
2489,2361,3200,839
2490,2360,3200,840
2491,2360,3200,840
2492,2359,3200,841
2493,2359,3200,841
2494,2359,3200,841
2495,2359,3200,841
2496,2359,3200,841
2497,2359,3200,841
2498,2359,3200,841
2499,2359,3200,841
2500,2358,3200,842
2501,2358,3200,842
2502,2358,3200,842
2503,2357,3200,843
2504,2357,3200,843
2505,2357,3200,843
2506,2357,3200,843
2507,2357,3200,843
2508,2357,3200,843
2509,2356,3200,844
2510,2356,3200,844
2511,2356,3200,844
2512,2355,3200,845
2513,2355,3200,845
2514,2355,3200,845
2515,2355,3200,845
2516,2354,3200,846
2517,2353,3200,847
2518,2353,3200,847
2519,2353,3200,847
2520,2352,3200,848
2521,2352,3200,848
2522,2352,3200,848
2523,2351,3200,849
2524,2351,3200,849
2525,2351,3200,849
2526,2351,3200,849
2527,2350,3200,850
2528,2350,3200,850
2529,2350,3200,850
2530,2350,3200,850
2531,2350,3200,850
2532,2350,3200,850
2533,2350,3200,850
2534,2350,3200,850
2535,2349,3200,851
2536,2349,3200,851
2537,2349,3200,851
2538,2348,3200,852
2539,2348,3200,852
2540,2348,3200,852
2541,2348,3200,852
2542,2348,3200,852
2543,2348,3200,852
2544,2347,3200,853
2545,2347,3200,853
2546,2347,3200,853
2547,2347,3200,853
2548,2347,3200,853
2549,2347,3200,853
2550,2347,3200,853
2551,2346,3200,854
2552,2346,3200,854
2553,2346,3200,854
2554,2346,3200,854
2555,2346,3200,854
2556,2345,3200,855
2557,2345,3200,855
2558,2344,3200,856
2559,2344,3200,856
2560,2344,3200,856
2561,2344,3200,856
2562,2343,3200,857
2563,2342,3200,858
2564,2342,3200,858
2565,2342,3200,858
2566,2342,3200,858
2567,2342,3200,858
2568,2342,3200,858
2569,2342,3200,858
2570,2342,3200,858
2571,2342,3200,858
2572,2341,3200,859
2573,2341,3200,859
2574,2341,3200,859
2575,2341,3200,859
2576,2340,3200,860
2577,2340,3200,860
2578,2340,3200,860
2579,2339,3200,861
2580,2339,3200,861
2581,2339,3200,861
2582,2338,3200,862
2583,2338,3200,862
2584,2338,3200,862
2585,2338,3200,862
2586,2337,3200,863
2587,2337,3200,863
2588,2337,3200,863
2589,2337,3200,863
2590,2336,3200,864
2591,2336,3200,864
2592,2335,3200,865
2593,2335,3200,865
2594,2335,3200,865
2595,2335,3200,865
2596,2334,3200,866
2597,2334,3200,866
2598,2334,3200,866
2599,2334,3200,866
2600,2334,3200,866
2601,2334,3200,866
2602,2334,3200,866
2603,2334,3200,866
2604,2334,3200,866
2605,2334,3200,866
2606,2333,3200,867
2607,2333,3200,867
2608,2333,3200,867
2609,2333,3200,867
2610,2333,3200,867
2611,2332,3200,868
2612,2332,3200,868
2613,2332,3200,868
2614,2332,3200,868
2615,2332,3200,868
2616,2332,3200,868
2617,2332,3200,868
2618,2332,3200,868
2619,2332,3200,868
2620,2332,3200,868
2621,2332,3200,868
2622,2331,3200,869
2623,2331,3200,869
2624,2330,3200,870
2625,2330,3200,870
2626,2330,3200,870
2627,2330,3200,870
2628,2329,3200,871
2629,2329,3200,871
2630,2329,3200,871
2631,2329,3200,871
2632,2329,3200,871
2633,2328,3200,872
2634,2328,3200,872
2635,2328,3200,872
2636,2328,3200,872
2637,2328,3200,872
2638,2328,3200,872
2639,2328,3200,872
2640,2328,3200,872
2641,2328,3200,872
2642,2328,3200,872
2643,2327,3200,873
2644,2327,3200,873
2645,2327,3200,873
2646,2327,3200,873
2647,2326,3200,874
2648,2326,3200,874
2649,2325,3200,875
2650,2325,3200,875
2651,2324,3200,876
2652,2324,3200,876
2653,2323,3200,877
2654,2323,3200,877
2655,2323,3200,877
2656,2323,3200,877
2657,2322,3200,878
2658,2322,3200,878
2659,2322,3200,878
2660,2322,3200,878
2661,2322,3200,878
2662,2322,3200,878
2663,2322,3200,878
2664,2322,3200,878
2665,2321,3200,879
2666,2321,3200,879
2667,2321,3200,879
2668,2321,3200,879
2669,2321,3200,879
2670,2321,3200,879
2671,2320,3200,880
2672,2320,3200,880
2673,2320,3200,880
2674,2319,3200,881
2675,2319,3200,881
2676,2318,3200,882
2677,2318,3200,882
2678,2318,3200,882
2679,2318,3200,882
2680,2317,3200,883
2681,2317,3200,883
2682,2317,3200,883
2683,2316,3200,884
2684,2316,3200,884
2685,2316,3200,884
2686,2316,3200,884
2687,2316,3200,884
2688,2316,3200,884
2689,2316,3200,884
2690,2316,3200,884
2691,2315,3200,885
2692,2315,3200,885
2693,2314,3200,886
2694,2314,3200,886
2695,2314,3200,886
2696,2314,3200,886
2697,2314,3200,886
2698,2314,3200,886
2699,2314,3200,886
2700,2314,3200,886
2701,2314,3200,886
2702,2313,3200,887
2703,2312,3200,888
2704,2312,3200,888
2705,2312,3200,888
2706,2312,3200,888
2707,2312,3200,888
2708,2312,3200,888
2709,2312,3200,888
2710,2312,3200,888
2711,2311,3200,889
2712,2310,3200,890
2713,2310,3200,890
2714,2310,3200,890
2715,2310,3200,890
2716,2309,3200,891
2717,2309,3200,891
2718,2308,3200,892
2719,2308,3200,892
2720,2308,3200,892
2721,2308,3200,892
2722,2307,3200,893
2723,2307,3200,893
2724,2306,3200,894
2725,2306,3200,894
2726,2306,3200,894
2727,2306,3200,894
2728,2306,3200,894
2729,2306,3200,894
2730,2305,3200,895
2731,2305,3200,895
2732,2304,3200,896
2733,2304,3200,896
2734,2304,3200,896
2735,2304,3200,896
2736,2304,3200,896
2737,2304,3200,896
2738,2304,3200,896
2739,2304,3200,896
2740,2304,3200,896
2741,2303,3200,897
2742,2303,3200,897
2743,2303,3200,897
2744,2303,3200,897
2745,2303,3200,897
2746,2303,3200,897
2747,2303,3200,897
2748,2303,3200,897
2749,2302,3200,898
2750,2302,3200,898
2751,2301,3200,899
2752,2301,3200,899
2753,2301,3200,899
2754,2300,3200,900
2755,2300,3200,900
2756,2300,3200,900
2757,2300,3200,900
2758,2300,3200,900
2759,2300,3200,900
2760,2300,3200,900
2761,2299,3200,901
2762,2299,3200,901
2763,2299,3200,901
2764,2298,3200,902
2765,2298,3200,902
2766,2298,3200,902
2767,2297,3200,903
2768,2297,3200,903
2769,2297,3200,903
2770,2297,3200,903
2771,2297,3200,903
2772,2296,3200,904
2773,2296,3200,904
2774,2296,3200,904
2775,2296,3200,904
2776,2295,3200,905
2777,2295,3200,905
2778,2294,3200,906
2779,2294,3200,906
2780,2293,3200,907
2781,2293,3200,907
2782,2293,3200,907
2783,2293,3200,907
2784,2292,3200,908
2785,2292,3200,908
2786,2292,3200,908
2787,2292,3200,908
2788,2292,3200,908
2789,2292,3200,908
2790,2292,3200,908
2791,2291,3200,909
2792,2291,3200,909
2793,2291,3200,909
2794,2291,3200,909
2795,2291,3200,909
2796,2291,3200,909
2797,2291,3200,909
2798,2291,3200,909
2799,2291,3200,909
2800,2291,3200,909
2801,2290,3200,910
2802,2290,3200,910
2803,2290,3200,910
2804,2289,3200,911
2805,2289,3200,911
2806,2288,3200,912
2807,2288,3200,912
2808,2288,3200,912
2809,2287,3200,913
2810,2287,3200,913
2811,2287,3200,913
2812,2287,3200,913
2813,2287,3200,913
2814,2287,3200,913
2815,2286,3200,914
2816,2286,3200,914
2817,2286,3200,914
2818,2286,3200,914
2819,2285,3200,915
2820,2285,3200,915
2821,2285,3200,915
2822,2284,3200,916
2823,2284,3200,916
2824,2284,3200,916
2825,2284,3200,916
2826,2284,3200,916
2827,2284,3200,916
2828,2284,3200,916
2829,2284,3200,916
2830,2284,3200,916
2831,2283,3200,917
2832,2283,3200,917
2833,2282,3200,918
2834,2282,3200,918
2835,2282,3200,918
2836,2282,3200,918
2837,2282,3200,918
2838,2282,3200,918
2839,2281,3200,919
2840,2280,3200,920
2841,2280,3200,920
2842,2280,3200,920
2843,2280,3200,920
2844,2280,3200,920
2845,2280,3200,920
2846,2280,3200,920
2847,2280,3200,920
2848,2280,3200,920
2849,2280,3200,920
2850,2280,3200,920
2851,2280,3200,920
2852,2280,3200,920
2853,2279,3200,921
2854,2279,3200,921
2855,2279,3200,921
2856,2278,3200,922
2857,2278,3200,922
2858,2277,3200,923
2859,2277,3200,923
2860,2277,3200,923
2861,2276,3200,924
2862,2276,3200,924
2863,2276,3200,924
2864,2275,3200,925
2865,2275,3200,925
2866,2275,3200,925
2867,2275,3200,925
2868,2274,3200,926
2869,2274,3200,926
2870,2274,3200,926
2871,2274,3200,926
2872,2274,3200,926
2873,2274,3200,926
2874,2273,3200,927
2875,2273,3200,927
2876,2273,3200,927
2877,2273,3200,927
2878,2272,3200,928
2879,2272,3200,928
2880,2272,3200,928
2881,2272,3200,928
2882,2272,3200,928
2883,2271,3200,929
2884,2270,3200,930
2885,2270,3200,930
2886,2270,3200,930
2887,2269,3200,931
2888,2269,3200,931
2889,2269,3200,931
2890,2268,3200,932
2891,2268,3200,932
2892,2268,3200,932
2893,2268,3200,932
2894,2267,3200,933
2895,2267,3200,933
2896,2267,3200,933
2897,2267,3200,933
2898,2267,3200,933
2899,2266,3200,934
2900,2266,3200,934
2901,2265,3200,935
2902,2265,3200,935
2903,2265,3200,935
2904,2265,3200,935
2905,2265,3200,935
2906,2265,3200,935
2907,2264,3200,936
2908,2264,3200,936
2909,2264,3200,936
2910,2264,3200,936
2911,2264,3200,936
2912,2264,3200,936
2913,2263,3200,937
2914,2263,3200,937
2915,2263,3200,937
2916,2263,3200,937
2917,2263,3200,937
2918,2263,3200,937
2919,2263,3200,937
2920,2263,3200,937
2921,2263,3200,937
2922,2263,3200,937
2923,2262,3200,938
2924,2261,3200,939
2925,2261,3200,939
2926,2261,3200,939
2927,2261,3200,939
2928,2261,3200,939
2929,2260,3200,940
2930,2260,3200,940
2931,2259,3200,941
2932,2259,3200,941
2933,2259,3200,941
2934,2258,3200,942
2935,2257,3200,943
2936,2257,3200,943
2937,2257,3200,943
2938,2257,3200,943
2939,2257,3200,943
2940,2257,3200,943
2941,2257,3200,943
2942,2256,3200,944
2943,2256,3200,944
2944,2256,3200,944
2945,2255,3200,945
2946,2255,3200,945
2947,2255,3200,945
2948,2254,3200,946
2949,2254,3200,946
2950,2254,3200,946
2951,2254,3200,946
2952,2254,3200,946
2953,2254,3200,946
2954,2254,3200,946
2955,2254,3200,946
2956,2253,3200,947
2957,2253,3200,947
2958,2253,3200,947
2959,2253,3200,947
2960,2253,3200,947
2961,2252,3200,948
2962,2252,3200,948
2963,2251,3200,949
2964,2251,3200,949
2965,2251,3200,949
2966,2250,3200,950
2967,2250,3200,950
2968,2250,3200,950
2969,2250,3200,950
2970,2250,3200,950
2971,2250,3200,950
2972,2250,3200,950
2973,2250,3200,950
2974,2250,3200,950
2975,2250,3200,950
2976,2249,3200,951
2977,2248,3200,952
2978,2248,3200,952
2979,2248,3200,952
2980,2248,3200,952
2981,2248,3200,952
2982,2248,3200,952
2983,2248,3200,952
2984,2247,3200,953
2985,2247,3200,953
2986,2247,3200,953
2987,2247,3200,953
2988,2246,3200,954
2989,2246,3200,954
2990,2245,3200,955
2991,2245,3200,955
2992,2245,3200,955
2993,2244,3200,956
2994,2244,3200,956
2995,2244,3200,956
2996,2243,3200,957
2997,2242,3200,958
2998,2242,3200,958
2999,2242,3200,958
3000,2242,3200,958
3001,2242,3200,958
3002,2242,3200,958
3003,2242,3200,958
3004,2241,3200,959
3005,2241,3200,959
3006,2241,3200,959
3007,2241,3200,959
3008,2241,3200,959
3009,2241,3200,959
3010,2241,3200,959
3011,2241,3200,959
3012,2241,3200,959
3013,2240,3200,960
3014,2240,3200,960
3015,2240,3200,960
3016,2240,3200,960
3017,2240,3200,960
3018,2240,3200,960
3019,2239,3200,961
3020,2238,3200,962
3021,2238,3200,962
3022,2238,3200,962
3023,2238,3200,962
3024,2238,3200,962
3025,2238,3200,962
3026,2238,3200,962
3027,2238,3200,962
3028,2238,3200,962
3029,2238,3200,962
3030,2237,3200,963
3031,2237,3200,963
3032,2237,3200,963
3033,2237,3200,963
3034,2237,3200,963
3035,2237,3200,963
3036,2237,3200,963
3037,2236,3200,964
3038,2236,3200,964
3039,2235,3200,965
3040,2235,3200,965
3041,2234,3200,966
3042,2234,3200,966
3043,2234,3200,966
3044,2234,3200,966
3045,2233,3200,967
3046,2233,3200,967
3047,2232,3200,968
3048,2232,3200,968
3049,2232,3200,968
3050,2231,3200,969
3051,2231,3200,969
3052,2230,3200,970
3053,2230,3200,970
3054,2230,3200,970
3055,2230,3200,970
3056,2230,3200,970
3057,2230,3200,970
3058,2230,3200,970
3059,2229,3200,971
3060,2229,3200,971
3061,2228,3200,972
3062,2228,3200,972
3063,2228,3200,972
3064,2228,3200,972
3065,2228,3200,972
3066,2228,3200,972
3067,2228,3200,972
3068,2228,3200,972
3069,2227,3200,973
3070,2227,3200,973
3071,2226,3200,974
3072,2226,3200,974
3073,2226,3200,974
3074,2226,3200,974
3075,2226,3200,974
3076,2226,3200,974
3077,2226,3200,974
3078,2226,3200,974
3079,2225,3200,975
3080,2225,3200,975
3081,2224,3200,976
3082,2224,3200,976
3083,2224,3200,976
3084,2224,3200,976
3085,2224,3200,976
3086,2224,3200,976
3087,2224,3200,976
3088,2224,3200,976
3089,2223,3200,977
3090,2223,3200,977
3091,2223,3200,977
3092,2223,3200,977
3093,2223,3200,977
3094,2222,3200,978
3095,2222,3200,978
3096,2222,3200,978
3097,2222,3200,978
3098,2222,3200,978
3099,2222,3200,978
3100,2222,3200,978
3101,2221,3200,979
3102,2220,3200,980
3103,2220,3200,980
3104,2220,3200,980
3105,2220,3200,980
3106,2219,3200,981
3107,2219,3200,981
3108,2219,3200,981
3109,2218,3200,982
3110,2218,3200,982
3111,2217,3200,983
3112,2217,3200,983
3113,2217,3200,983
3114,2216,3200,984
3115,2215,3200,985
3116,2215,3200,985
3117,2215,3200,985
3118,2215,3200,985
3119,2215,3200,985
3120,2215,3200,985
3121,2215,3200,985
3122,2215,3200,985
3123,2215,3200,985
3124,2215,3200,985
3125,2215,3200,985
3126,2215,3200,985
3127,2215,3200,985
3128,2215,3200,985
3129,2215,3200,985
3130,2214,3200,986
3131,2213,3200,987
3132,2213,3200,987
3133,2213,3200,987
3134,2213,3200,987
3135,2212,3200,988
3136,2212,3200,988
3137,2212,3200,988
3138,2211,3200,989
3139,2211,3200,989
3140,2211,3200,989
3141,2210,3200,990
3142,2209,3200,991
3143,2209,3200,991
3144,2209,3200,991
3145,2209,3200,991
3146,2209,3200,991
3147,2209,3200,991
3148,2209,3200,991
3149,2209,3200,991
3150,2208,3200,992
3151,2208,3200,992
3152,2208,3200,992
3153,2208,3200,992
3154,2207,3200,993
3155,2207,3200,993
3156,2207,3200,993
3157,2207,3200,993
3158,2207,3200,993
3159,2207,3200,993
3160,2207,3200,993
3161,2206,3200,994
3162,2206,3200,994
3163,2205,3200,995
3164,2205,3200,995
3165,2205,3200,995
3166,2204,3200,996
3167,2204,3200,996
3168,2204,3200,996
3169,2204,3200,996
3170,2204,3200,996
3171,2204,3200,996
3172,2203,3200,997
3173,2203,3200,997
3174,2203,3200,997
3175,2203,3200,997
3176,2202,3200,998
3177,2202,3200,998
3178,2202,3200,998
3179,2201,3200,999
3180,2201,3200,999
3181,2201,3200,999
3182,2201,3200,999
3183,2201,3200,999
3184,2201,3200,999
3185,2201,3200,999
3186,2201,3200,999
3187,2200,3200,1000
3188,2199,3200,1001
3189,2199,3200,1001
3190,2199,3200,1001
3191,2199,3200,1001
3192,2198,3200,1002
3193,2198,3200,1002
3194,2198,3200,1002
3195,2198,3200,1002
3196,2198,3200,1002
3197,2198,3200,1002
3198,2197,3200,1003
3199,2197,3200,1003
3200,2197,3200,1003
3201,2196,3200,1004
3202,2196,3200,1004
3203,2196,3200,1004
3204,2196,3200,1004
3205,2196,3200,1004
3206,2195,3200,1005
3207,2195,3200,1005
3208,2195,3200,1005
3209,2194,3200,1006
3210,2194,3200,1006
3211,2194,3200,1006
3212,2194,3200,1006
3213,2193,3200,1007
3214,2193,3200,1007
3215,2192,3200,1008
3216,2192,3200,1008
3217,2192,3200,1008
3218,2192,3200,1008
3219,2192,3200,1008
3220,2192,3200,1008
3221,2192,3200,1008
3222,2192,3200,1008
3223,2192,3200,1008
3224,2192,3200,1008
3225,2192,3200,1008
3226,2192,3200,1008
3227,2191,3200,1009
3228,2190,3200,1010
3229,2190,3200,1010
3230,2190,3200,1010
3231,2190,3200,1010
3232,2189,3200,1011
3233,2189,3200,1011
3234,2189,3200,1011
3235,2188,3200,1012
3236,2188,3200,1012
3237,2187,3200,1013
3238,2187,3200,1013
3239,2187,3200,1013
3240,2187,3200,1013
3241,2187,3200,1013
3242,2187,3200,1013
3243,2186,3200,1014
3244,2186,3200,1014
3245,2186,3200,1014
3246,2185,3200,1015
3247,2185,3200,1015
3248,2184,3200,1016
3249,2183,3200,1017
3250,2183,3200,1017
3251,2183,3200,1017
3252,2183,3200,1017
3253,2183,3200,1017
3254,2183,3200,1017
3255,2182,3200,1018
3256,2182,3200,1018
3257,2182,3200,1018
3258,2182,3200,1018
3259,2182,3200,1018
3260,2182,3200,1018
3261,2182,3200,1018
3262,2181,3200,1019
3263,2181,3200,1019
3264,2180,3200,1020
3265,2180,3200,1020
3266,2180,3200,1020
3267,2180,3200,1020
3268,2180,3200,1020
3269,2180,3200,1020
3270,2180,3200,1020
3271,2180,3200,1020
3272,2180,3200,1020
3273,2179,3200,1021
3274,2179,3200,1021
3275,2178,3200,1022
3276,2178,3200,1022
3277,2178,3200,1022
3278,2178,3200,1022
3279,2178,3200,1022
3280,2178,3200,1022
3281,2178,3200,1022
3282,2178,3200,1022
3283,2178,3200,1022
3284,2178,3200,1022
3285,2177,3200,1023
3286,2177,3200,1023
3287,2177,3200,1023
3288,2176,3200,1024
3289,2176,3200,1024
3290,2176,3200,1024
3291,2176,3200,1024
3292,2175,3200,1025
3293,2175,3200,1025
3294,2175,3200,1025
3295,2174,3200,1026
3296,2174,3200,1026
3297,2174,3200,1026
3298,2174,3200,1026
3299,2174,3200,1026
3300,2173,3200,1027
3301,2173,3200,1027
3302,2173,3200,1027
3303,2172,3200,1028
3304,2172,3200,1028
3305,2172,3200,1028
3306,2172,3200,1028
3307,2172,3200,1028
3308,2172,3200,1028
3309,2171,3200,1029
3310,2171,3200,1029
3311,2171,3200,1029
3312,2170,3200,1030
3313,2169,3200,1031
3314,2169,3200,1031
3315,2169,3200,1031
3316,2169,3200,1031
3317,2169,3200,1031
3318,2169,3200,1031
3319,2169,3200,1031
3320,2169,3200,1031
3321,2169,3200,1031
3322,2169,3200,1031
3323,2169,3200,1031
3324,2169,3200,1031
3325,2169,3200,1031
3326,2168,3200,1032
3327,2168,3200,1032
3328,2168,3200,1032
3329,2168,3200,1032
3330,2167,3200,1033
3331,2167,3200,1033
3332,2167,3200,1033
3333,2167,3200,1033
3334,2166,3200,1034
3335,2166,3200,1034
3336,2166,3200,1034
3337,2166,3200,1034
3338,2166,3200,1034
3339,2165,3200,1035
3340,2165,3200,1035
3341,2164,3200,1036
3342,2164,3200,1036
3343,2164,3200,1036
3344,2163,3200,1037
3345,2163,3200,1037
3346,2163,3200,1037
3347,2163,3200,1037
3348,2163,3200,1037
3349,2163,3200,1037
3350,2163,3200,1037
3351,2163,3200,1037
3352,2162,3200,1038
3353,2162,3200,1038
3354,2162,3200,1038
3355,2162,3200,1038
3356,2162,3200,1038
3357,2162,3200,1038
3358,2161,3200,1039
3359,2161,3200,1039
3360,2161,3200,1039
3361,2161,3200,1039
3362,2160,3200,1040
3363,2160,3200,1040
3364,2160,3200,1040
3365,2160,3200,1040
3366,2160,3200,1040
3367,2160,3200,1040
3368,2160,3200,1040
3369,2159,3200,1041
3370,2159,3200,1041
3371,2159,3200,1041
3372,2158,3200,1042
3373,2158,3200,1042
3374,2158,3200,1042
3375,2157,3200,1043
3376,2157,3200,1043
3377,2156,3200,1044
3378,2156,3200,1044
3379,2156,3200,1044
3380,2156,3200,1044
3381,2156,3200,1044
3382,2156,3200,1044
3383,2156,3200,1044
3384,2155,3200,1045
3385,2155,3200,1045
3386,2154,3200,1046
3387,2154,3200,1046
3388,2154,3200,1046
3389,2154,3200,1046
3390,2153,3200,1047
3391,2153,3200,1047
3392,2153,3200,1047
3393,2152,3200,1048
3394,2151,3200,1049
3395,2151,3200,1049
3396,2151,3200,1049
3397,2150,3200,1050
3398,2150,3200,1050
3399,2150,3200,1050
3400,2150,3200,1050
3401,2150,3200,1050
3402,2149,3200,1051
3403,2149,3200,1051
3404,2149,3200,1051
3405,2149,3200,1051
3406,2149,3200,1051
3407,2149,3200,1051
3408,2148,3200,1052
3409,2148,3200,1052
3410,2148,3200,1052
3411,2147,3200,1053
3412,2147,3200,1053
3413,2146,3200,1054
3414,2146,3200,1054
3415,2146,3200,1054
3416,2146,3200,1054
3417,2146,3200,1054
3418,2146,3200,1054
3419,2146,3200,1054
3420,2146,3200,1054
3421,2145,3200,1055
3422,2145,3200,1055
3423,2145,3200,1055
3424,2145,3200,1055
3425,2144,3200,1056
3426,2144,3200,1056
3427,2144,3200,1056
3428,2144,3200,1056
3429,2143,3200,1057
3430,2143,3200,1057
3431,2143,3200,1057
3432,2143,3200,1057
3433,2143,3200,1057
3434,2143,3200,1057
3435,2143,3200,1057
3436,2142,3200,1058
3437,2142,3200,1058
3438,2142,3200,1058
3439,2141,3200,1059
3440,2141,3200,1059
3441,2141,3200,1059
3442,2141,3200,1059
3443,2141,3200,1059
3444,2141,3200,1059
3445,2141,3200,1059
3446,2141,3200,1059
3447,2140,3200,1060
3448,2140,3200,1060
3449,2140,3200,1060
3450,2139,3200,1061
3451,2139,3200,1061
3452,2139,3200,1061
3453,2138,3200,1062
3454,2138,3200,1062
3455,2138,3200,1062
3456,2138,3200,1062
3457,2138,3200,1062
3458,2138,3200,1062
3459,2137,3200,1063
3460,2137,3200,1063
3461,2137,3200,1063
3462,2137,3200,1063
3463,2137,3200,1063
3464,2136,3200,1064
3465,2136,3200,1064
3466,2136,3200,1064
3467,2136,3200,1064
3468,2136,3200,1064
3469,2136,3200,1064
3470,2136,3200,1064
3471,2136,3200,1064
3472,2136,3200,1064
3473,2136,3200,1064
3474,2135,3200,1065
3475,2135,3200,1065
3476,2134,3200,1066
3477,2134,3200,1066
3478,2134,3200,1066
3479,2134,3200,1066
3480,2133,3200,1067
3481,2133,3200,1067
3482,2133,3200,1067
3483,2132,3200,1068
3484,2132,3200,1068
3485,2132,3200,1068
3486,2132,3200,1068
3487,2132,3200,1068
3488,2132,3200,1068
3489,2132,3200,1068
3490,2132,3200,1068
3491,2131,3200,1069
3492,2131,3200,1069
3493,2130,3200,1070
3494,2130,3200,1070
3495,2130,3200,1070
3496,2130,3200,1070
3497,2129,3200,1071
3498,2129,3200,1071
3499,2129,3200,1071
3500,2129,3200,1071
3501,2129,3200,1071
3502,2129,3200,1071
3503,2128,3200,1072
3504,2128,3200,1072
3505,2128,3200,1072
3506,2127,3200,1073
3507,2127,3200,1073
3508,2126,3200,1074
3509,2126,3200,1074
3510,2126,3200,1074
3511,2126,3200,1074
3512,2126,3200,1074
3513,2126,3200,1074
3514,2126,3200,1074
3515,2126,3200,1074
3516,2125,3200,1075
3517,2125,3200,1075
3518,2125,3200,1075
3519,2125,3200,1075
3520,2124,3200,1076
3521,2124,3200,1076
3522,2124,3200,1076
3523,2123,3200,1077
3524,2123,3200,1077
3525,2123,3200,1077
3526,2122,3200,1078
3527,2122,3200,1078
3528,2122,3200,1078
3529,2122,3200,1078
3530,2122,3200,1078
3531,2122,3200,1078
3532,2122,3200,1078
3533,2122,3200,1078
3534,2122,3200,1078
3535,2122,3200,1078
3536,2122,3200,1078
3537,2121,3200,1079
3538,2121,3200,1079
3539,2121,3200,1079
3540,2121,3200,1079
3541,2120,3200,1080
3542,2120,3200,1080
3543,2120,3200,1080
3544,2119,3200,1081
3545,2119,3200,1081
3546,2119,3200,1081
3547,2118,3200,1082
3548,2118,3200,1082
3549,2117,3200,1083
3550,2117,3200,1083
3551,2116,3200,1084
3552,2116,3200,1084
3553,2115,3200,1085
3554,2115,3200,1085
3555,2115,3200,1085
3556,2115,3200,1085
3557,2115,3200,1085
3558,2115,3200,1085
3559,2115,3200,1085
3560,2115,3200,1085
3561,2115,3200,1085
3562,2114,3200,1086
3563,2114,3200,1086
3564,2114,3200,1086
3565,2113,3200,1087
3566,2113,3200,1087
3567,2113,3200,1087
3568,2112,3200,1088
3569,2112,3200,1088
3570,2112,3200,1088
3571,2112,3200,1088
3572,2112,3200,1088
3573,2111,3200,1089
3574,2111,3200,1089
3575,2111,3200,1089
3576,2110,3200,1090
3577,2110,3200,1090
3578,2110,3200,1090
3579,2110,3200,1090
3580,2110,3200,1090
3581,2110,3200,1090
3582,2110,3200,1090
3583,2109,3200,1091
3584,2109,3200,1091
3585,2108,3200,1092
3586,2108,3200,1092
3587,2108,3200,1092
3588,2108,3200,1092
3589,2108,3200,1092
3590,2108,3200,1092
3591,2108,3200,1092
3592,2108,3200,1092
3593,2107,3200,1093
3594,2107,3200,1093
3595,2107,3200,1093
3596,2107,3200,1093
3597,2107,3200,1093
3598,2107,3200,1093
3599,2106,3200,1094
3600,2106,3200,1094
3601,2105,3200,1095
3602,2105,3200,1095
3603,2104,3200,1096
3604,2104,3200,1096
3605,2104,3200,1096
3606,2103,3200,1097
3607,2102,3200,1098
3608,2102,3200,1098
3609,2102,3200,1098
3610,2101,3200,1099
3611,2101,3200,1099
3612,2101,3200,1099
3613,2101,3200,1099
3614,2101,3200,1099
3615,2101,3200,1099
3616,2101,3200,1099
3617,2101,3200,1099
3618,2101,3200,1099
3619,2101,3200,1099
3620,2101,3200,1099
3621,2100,3200,1100
3622,2100,3200,1100
3623,2100,3200,1100
3624,2100,3200,1100
3625,2100,3200,1100
3626,2100,3200,1100
3627,2099,3200,1101
3628,2099,3200,1101
3629,2098,3200,1102
3630,2098,3200,1102
3631,2098,3200,1102
3632,2098,3200,1102
3633,2098,3200,1102
3634,2098,3200,1102
3635,2097,3200,1103
3636,2097,3200,1103
3637,2096,3200,1104
3638,2096,3200,1104
3639,2096,3200,1104
3640,2095,3200,1105
3641,2095,3200,1105
3642,2095,3200,1105
3643,2095,3200,1105
3644,2094,3200,1106
3645,2094,3200,1106
3646,2094,3200,1106
3647,2094,3200,1106
3648,2094,3200,1106
3649,2094,3200,1106
3650,2094,3200,1106
3651,2093,3200,1107
3652,2093,3200,1107
3653,2093,3200,1107
3654,2093,3200,1107
3655,2092,3200,1108
3656,2092,3200,1108
3657,2092,3200,1108
3658,2092,3200,1108
3659,2091,3200,1109
3660,2091,3200,1109
3661,2091,3200,1109
3662,2091,3200,1109
3663,2091,3200,1109
3664,2090,3200,1110
3665,2090,3200,1110
3666,2090,3200,1110
3667,2090,3200,1110
3668,2089,3200,1111
3669,2089,3200,1111
3670,2089,3200,1111
3671,2088,3200,1112
3672,2088,3200,1112
3673,2087,3200,1113
3674,2087,3200,1113
3675,2087,3200,1113
3676,2086,3200,1114
3677,2086,3200,1114
3678,2086,3200,1114
3679,2085,3200,1115
3680,2085,3200,1115
3681,2085,3200,1115
3682,2085,3200,1115
3683,2084,3200,1116
3684,2084,3200,1116
3685,2084,3200,1116
3686,2083,3200,1117
3687,2083,3200,1117
3688,2083,3200,1117
3689,2083,3200,1117
3690,2083,3200,1117
3691,2083,3200,1117
3692,2083,3200,1117
3693,2082,3200,1118
3694,2082,3200,1118
3695,2082,3200,1118
3696,2082,3200,1118
3697,2082,3200,1118
3698,2082,3200,1118
3699,2081,3200,1119
3700,2081,3200,1119
3701,2081,3200,1119
3702,2080,3200,1120
3703,2080,3200,1120
3704,2080,3200,1120
3705,2080,3200,1120
3706,2080,3200,1120
3707,2080,3200,1120
3708,2080,3200,1120
3709,2080,3200,1120
3710,2079,3200,1121
3711,2079,3200,1121
3712,2078,3200,1122
3713,2077,3200,1123
3714,2077,3200,1123
3715,2076,3200,1124
3716,2076,3200,1124
3717,2075,3200,1125
3718,2075,3200,1125
3719,2075,3200,1125
3720,2075,3200,1125
3721,2075,3200,1125
3722,2075,3200,1125
3723,2074,3200,1126
3724,2074,3200,1126
3725,2073,3200,1127
3726,2073,3200,1127
3727,2073,3200,1127
3728,2073,3200,1127
3729,2073,3200,1127
3730,2073,3200,1127
3731,2073,3200,1127
3732,2073,3200,1127
3733,2072,3200,1128
3734,2072,3200,1128
3735,2072,3200,1128
3736,2071,3200,1129
3737,2070,3200,1130
3738,2070,3200,1130
3739,2070,3200,1130
3740,2070,3200,1130
3741,2070,3200,1130
3742,2070,3200,1130
3743,2070,3200,1130
3744,2069,3200,1131
3745,2069,3200,1131
3746,2069,3200,1131
3747,2069,3200,1131
3748,2069,3200,1131
3749,2069,3200,1131
3750,2068,3200,1132
3751,2068,3200,1132
3752,2068,3200,1132
3753,2067,3200,1133
3754,2067,3200,1133
3755,2067,3200,1133
3756,2067,3200,1133
3757,2067,3200,1133
3758,2067,3200,1133
3759,2067,3200,1133
3760,2067,3200,1133
3761,2067,3200,1133
3762,2067,3200,1133
3763,2066,3200,1134
3764,2066,3200,1134
3765,2066,3200,1134
3766,2066,3200,1134
3767,2066,3200,1134
3768,2066,3200,1134
3769,2066,3200,1134
3770,2066,3200,1134
3771,2066,3200,1134
3772,2066,3200,1134
3773,2065,3200,1135
3774,2065,3200,1135
3775,2065,3200,1135
3776,2065,3200,1135
3777,2064,3200,1136
3778,2064,3200,1136
3779,2064,3200,1136
3780,2063,3200,1137
3781,2063,3200,1137
3782,2063,3200,1137
3783,2063,3200,1137
3784,2063,3200,1137
3785,2063,3200,1137
3786,2063,3200,1137
3787,2062,3200,1138
3788,2061,3200,1139
3789,2061,3200,1139
3790,2061,3200,1139
3791,2061,3200,1139
3792,2061,3200,1139
3793,2061,3200,1139
3794,2061,3200,1139
3795,2060,3200,1140
3796,2060,3200,1140
3797,2059,3200,1141
3798,2059,3200,1141
3799,2059,3200,1141
3800,2059,3200,1141
3801,2058,3200,1142
3802,2058,3200,1142
3803,2057,3200,1143
3804,2057,3200,1143
3805,2056,3200,1144
3806,2055,3200,1145
3807,2055,3200,1145
3808,2054,3200,1146
3809,2054,3200,1146
3810,2054,3200,1146
3811,2054,3200,1146
3812,2053,3200,1147
3813,2053,3200,1147
3814,2053,3200,1147
3815,2053,3200,1147
3816,2053,3200,1147
3817,2053,3200,1147
3818,2053,3200,1147
3819,2053,3200,1147
3820,2053,3200,1147
3821,2053,3200,1147
3822,2053,3200,1147
3823,2053,3200,1147
3824,2052,3200,1148
3825,2051,3200,1149
3826,2051,3200,1149
3827,2051,3200,1149
3828,2051,3200,1149
3829,2050,3200,1150
3830,2050,3200,1150
3831,2050,3200,1150
3832,2049,3200,1151
3833,2049,3200,1151
3834,2049,3200,1151
3835,2048,3200,1152
3836,2047,3200,1153
3837,2047,3200,1153
3838,2047,3200,1153
3839,2047,3200,1153
3840,2047,3200,1153
3841,2047,3200,1153
3842,2047,3200,1153
3843,2047,3200,1153
3844,2047,3200,1153
3845,2047,3200,1153
3846,2046,3200,1154
3847,2046,3200,1154
3848,2046,3200,1154
3849,2046,3200,1154
3850,2046,3200,1154
3851,2046,3200,1154
3852,2046,3200,1154
3853,2046,3200,1154
3854,2046,3200,1154
3855,2046,3200,1154
3856,2045,3200,1155
3857,2045,3200,1155
3858,2045,3200,1155
3859,2045,3200,1155
3860,2045,3200,1155
3861,2044,3200,1156
3862,2044,3200,1156
3863,2044,3200,1156
3864,2043,3200,1157
3865,2043,3200,1157
3866,2042,3200,1158
3867,2042,3200,1158
3868,2042,3200,1158
3869,2042,3200,1158
3870,2042,3200,1158
3871,2042,3200,1158
3872,2041,3200,1159
3873,2041,3200,1159
3874,2041,3200,1159
3875,2040,3200,1160
3876,2040,3200,1160
3877,2040,3200,1160
3878,2040,3200,1160
3879,2039,3200,1161
3880,2039,3200,1161
3881,2038,3200,1162
3882,2038,3200,1162
3883,2038,3200,1162
3884,2038,3200,1162
3885,2038,3200,1162
3886,2037,3200,1163
3887,2037,3200,1163
3888,2037,3200,1163
3889,2036,3200,1164
3890,2036,3200,1164
3891,2036,3200,1164
3892,2036,3200,1164
3893,2035,3200,1165
3894,2035,3200,1165
3895,2035,3200,1165
3896,2034,3200,1166
3897,2034,3200,1166
3898,2033,3200,1167
3899,2033,3200,1167
3900,2032,3200,1168
3901,2032,3200,1168
3902,2032,3200,1168
3903,2032,3200,1168
3904,2032,3200,1168
3905,2032,3200,1168
3906,2032,3200,1168
3907,2032,3200,1168
3908,2032,3200,1168
3909,2032,3200,1168
3910,2032,3200,1168
3911,2032,3200,1168
3912,2032,3200,1168
3913,2032,3200,1168
3914,2032,3200,1168
3915,2032,3200,1168
3916,2032,3200,1168
3917,2032,3200,1168
3918,2032,3200,1168
3919,2032,3200,1168
3920,2032,3200,1168
3921,2031,3200,1169
3922,2031,3200,1169
3923,2030,3200,1170
3924,2030,3200,1170
3925,2030,3200,1170
3926,2030,3200,1170
3927,2030,3200,1170
3928,2030,3200,1170
3929,2029,3200,1171
3930,2029,3200,1171
3931,2028,3200,1172
3932,2028,3200,1172
3933,2028,3200,1172
3934,2027,3200,1173
3935,2027,3200,1173
3936,2027,3200,1173
3937,2026,3200,1174
3938,2025,3200,1175
3939,2025,3200,1175
3940,2025,3200,1175
3941,2025,3200,1175
3942,2025,3200,1175
3943,2025,3200,1175
3944,2025,3200,1175
3945,2025,3200,1175
3946,2025,3200,1175
3947,2024,3200,1176
3948,2024,3200,1176
3949,2023,3200,1177
3950,2023,3200,1177
3951,2023,3200,1177
3952,2022,3200,1178
3953,2022,3200,1178
3954,2022,3200,1178
3955,2022,3200,1178
3956,2022,3200,1178
3957,2022,3200,1178
3958,2021,3200,1179
3959,2021,3200,1179
3960,2020,3200,1180
3961,2020,3200,1180
3962,2020,3200,1180
3963,2020,3200,1180
3964,2020,3200,1180
3965,2020,3200,1180
3966,2020,3200,1180
3967,2019,3200,1181
3968,2019,3200,1181
3969,2018,3200,1182
3970,2018,3200,1182
3971,2018,3200,1182
3972,2018,3200,1182
3973,2017,3200,1183
3974,2016,3200,1184
3975,2016,3200,1184
3976,2016,3200,1184
3977,2015,3200,1185
3978,2015,3200,1185
3979,2015,3200,1185
3980,2015,3200,1185
3981,2015,3200,1185
3982,2015,3200,1185
3983,2015,3200,1185
3984,2014,3200,1186
3985,2014,3200,1186
3986,2013,3200,1187
3987,2013,3200,1187
3988,2013,3200,1187
3989,2013,3200,1187
3990,2013,3200,1187
3991,2013,3200,1187
3992,2013,3200,1187
3993,2012,3200,1188
3994,2012,3200,1188
3995,2012,3200,1188
3996,2012,3200,1188
3997,2011,3200,1189
3998,2011,3200,1189
3999,2011,3200,1189
4000,2011,3200,1189
4001,2011,3200,1189
4002,2011,3200,1189
4003,2010,3200,1190
4004,2010,3200,1190
4005,2010,3200,1190
4006,2010,3200,1190
4007,2010,3200,1190
4008,2010,3200,1190
4009,2009,3200,1191
4010,2009,3200,1191
4011,2009,3200,1191
4012,2008,3200,1192
4013,2008,3200,1192
4014,2008,3200,1192
4015,2007,3200,1193
4016,2007,3200,1193
4017,2007,3200,1193
4018,2007,3200,1193
4019,2006,3200,1194
4020,2006,3200,1194
4021,2005,3200,1195
4022,2005,3200,1195
4023,2005,3200,1195
4024,2005,3200,1195
4025,2004,3200,1196
4026,2003,3200,1197
4027,2003,3200,1197
4028,2003,3200,1197
4029,2003,3200,1197
4030,2003,3200,1197
4031,2003,3200,1197
4032,2003,3200,1197
4033,2003,3200,1197
4034,2003,3200,1197
4035,2003,3200,1197
4036,2002,3200,1198
4037,2002,3200,1198
4038,2002,3200,1198
4039,2001,3200,1199
4040,2001,3200,1199
4041,2001,3200,1199
4042,2001,3200,1199
4043,2000,3200,1200
4044,2000,3200,1200
4045,2000,3200,1200
4046,2000,3200,1200
4047,2000,3200,1200
4048,1999,3200,1201
4049,1999,3200,1201
4050,1999,3200,1201
4051,1999,3200,1201
4052,1999,3200,1201
4053,1999,3200,1201
4054,1999,3200,1201
4055,1999,3200,1201
4056,1999,3200,1201
4057,1998,3200,1202
4058,1998,3200,1202
4059,1998,3200,1202
4060,1998,3200,1202
4061,1998,3200,1202
4062,1997,3200,1203
4063,1997,3200,1203
4064,1997,3200,1203
4065,1996,3200,1204
4066,1996,3200,1204
4067,1996,3200,1204
4068,1996,3200,1204
4069,1995,3200,1205
4070,1995,3200,1205
4071,1994,3200,1206
4072,1994,3200,1206
4073,1994,3200,1206
4074,1994,3200,1206
4075,1994,3200,1206
4076,1993,3200,1207
4077,1993,3200,1207
4078,1993,3200,1207
4079,1993,3200,1207
4080,1993,3200,1207
4081,1993,3200,1207
4082,1993,3200,1207
4083,1993,3200,1207
4084,1993,3200,1207
4085,1993,3200,1207
4086,1993,3200,1207
4087,1992,3200,1208
4088,1992,3200,1208
4089,1992,3200,1208
4090,1992,3200,1208
4091,1992,3200,1208
4092,1992,3200,1208
4093,1991,3200,1209
4094,1990,3200,1210
4095,1990,3200,1210
4096,1990,3200,1210
4097,1989,3200,1211
4098,1989,3200,1211
4099,1989,3200,1211
4100,1988,3200,1212
4101,1988,3200,1212
4102,1988,3200,1212
4103,1988,3200,1212
4104,1988,3200,1212
4105,1987,3200,1213
4106,1987,3200,1213
4107,1986,3200,1214
4108,1986,3200,1214
4109,1985,3200,1215
4110,1985,3200,1215
4111,1985,3200,1215
4112,1984,3200,1216
4113,1984,3200,1216
4114,1984,3200,1216
4115,1983,3200,1217
4116,1983,3200,1217
4117,1983,3200,1217
4118,1983,3200,1217
4119,1983,3200,1217
4120,1983,3200,1217
4121,1983,3200,1217
4122,1983,3200,1217
4123,1983,3200,1217
4124,1983,3200,1217
4125,1982,3200,1218
4126,1982,3200,1218
4127,1982,3200,1218
4128,1982,3200,1218
4129,1982,3200,1218
4130,1982,3200,1218
4131,1981,3200,1219
4132,1981,3200,1219
4133,1981,3200,1219
4134,1980,3200,1220
4135,1979,3200,1221
4136,1979,3200,1221
4137,1979,3200,1221
4138,1979,3200,1221
4139,1979,3200,1221
4140,1979,3200,1221
4141,1979,3200,1221
4142,1979,3200,1221
4143,1979,3200,1221
4144,1978,3200,1222
4145,1978,3200,1222
4146,1978,3200,1222
4147,1978,3200,1222
4148,1977,3200,1223
4149,1977,3200,1223
4150,1977,3200,1223
4151,1977,3200,1223
4152,1977,3200,1223
4153,1977,3200,1223
4154,1976,3200,1224
4155,1976,3200,1224
4156,1975,3200,1225
4157,1975,3200,1225
4158,1975,3200,1225
4159,1975,3200,1225
4160,1975,3200,1225
4161,1975,3200,1225
4162,1975,3200,1225
4163,1975,3200,1225
4164,1974,3200,1226
4165,1974,3200,1226
4166,1974,3200,1226
4167,1973,3200,1227
4168,1973,3200,1227
4169,1973,3200,1227
4170,1973,3200,1227
4171,1973,3200,1227
4172,1973,3200,1227
4173,1973,3200,1227
4174,1972,3200,1228
4175,1972,3200,1228
4176,1972,3200,1228
4177,1972,3200,1228
4178,1972,3200,1228
4179,1972,3200,1228
4180,1971,3200,1229
4181,1970,3200,1230
4182,1970,3200,1230
4183,1969,3200,1231
4184,1969,3200,1231
4185,1968,3200,1232
4186,1968,3200,1232
4187,1968,3200,1232
4188,1968,3200,1232
4189,1968,3200,1232
4190,1968,3200,1232
4191,1968,3200,1232
4192,1968,3200,1232
4193,1967,3200,1233
4194,1967,3200,1233
4195,1967,3200,1233
4196,1966,3200,1234
4197,1966,3200,1234
4198,1966,3200,1234
4199,1966,3200,1234
4200,1966,3200,1234
4201,1965,3200,1235
4202,1965,3200,1235
4203,1965,3200,1235
4204,1964,3200,1236
4205,1964,3200,1236
4206,1964,3200,1236
4207,1963,3200,1237
4208,1963,3200,1237
4209,1962,3200,1238
4210,1962,3200,1238
4211,1961,3200,1239
4212,1961,3200,1239
4213,1961,3200,1239
4214,1961,3200,1239
4215,1961,3200,1239
4216,1961,3200,1239
4217,1961,3200,1239
4218,1961,3200,1239
4219,1960,3200,1240
4220,1960,3200,1240
4221,1959,3200,1241
4222,1959,3200,1241
4223,1959,3200,1241
4224,1959,3200,1241
4225,1958,3200,1242
4226,1957,3200,1243
4227,1957,3200,1243
4228,1957,3200,1243
4229,1957,3200,1243
4230,1957,3200,1243
4231,1957,3200,1243
4232,1957,3200,1243
4233,1957,3200,1243
4234,1957,3200,1243
4235,1957,3200,1243
4236,1957,3200,1243
4237,1957,3200,1243
4238,1957,3200,1243
4239,1957,3200,1243
4240,1957,3200,1243
4241,1957,3200,1243
4242,1956,3200,1244
4243,1956,3200,1244
4244,1955,3200,1245
4245,1955,3200,1245
4246,1955,3200,1245
4247,1955,3200,1245
4248,1954,3200,1246
4249,1954,3200,1246
4250,1954,3200,1246
4251,1954,3200,1246
4252,1954,3200,1246
4253,1954,3200,1246
4254,1953,3200,1247
4255,1953,3200,1247
4256,1952,3200,1248
4257,1952,3200,1248
4258,1952,3200,1248
4259,1952,3200,1248
4260,1952,3200,1248
4261,1951,3200,1249
4262,1951,3200,1249
4263,1951,3200,1249
4264,1950,3200,1250
4265,1950,3200,1250
4266,1950,3200,1250
4267,1950,3200,1250
4268,1949,3200,1251
4269,1949,3200,1251
4270,1949,3200,1251
4271,1949,3200,1251
4272,1949,3200,1251
4273,1949,3200,1251
4274,1949,3200,1251
4275,1949,3200,1251
4276,1949,3200,1251
4277,1948,3200,1252
4278,1947,3200,1253
4279,1946,3200,1254
4280,1945,3200,1255
4281,1945,3200,1255
4282,1944,3200,1256
4283,1944,3200,1256
4284,1943,3200,1257
4285,1942,3200,1258
4286,1942,3200,1258
4287,1941,3200,1259
4288,1941,3200,1259
4289,1941,3200,1259
4290,1940,3200,1260
4291,1940,3200,1260
4292,1939,3200,1261
4293,1939,3200,1261
4294,1939,3200,1261
4295,1939,3200,1261
4296,1938,3200,1262
4297,1937,3200,1263
4298,1936,3200,1264
4299,1935,3200,1265
4300,1934,3200,1266
4301,1933,3200,1267
4302,1933,3200,1267
4303,1933,3200,1267
4304,1931,3200,1269
4305,1931,3200,1269
4306,1931,3200,1269
4307,1931,3200,1269
4308,1930,3200,1270
4309,1930,3200,1270
4310,1930,3200,1270
4311,1930,3200,1270
4312,1930,3200,1270
4313,1928,3200,1272
4314,1928,3200,1272
4315,1928,3200,1272
4316,1928,3200,1272
4317,1927,3200,1273
4318,1927,3200,1273
4319,1927,3200,1273
4320,1926,3200,1274
4321,1925,3200,1275
4322,1925,3200,1275
4323,1925,3200,1275
4324,1924,3200,1276
4325,1924,3200,1276
4326,1924,3200,1276
4327,1923,3200,1277
4328,1923,3200,1277
4329,1922,3200,1278
4330,1921,3200,1279
4331,1921,3200,1279
4332,1921,3200,1279
4333,1921,3200,1279
4334,1921,3200,1279
4335,1921,3200,1279
4336,1921,3200,1279
4337,1921,3200,1279
4338,1920,3200,1280
4339,1919,3200,1281
4340,1918,3200,1282
4341,1917,3200,1283
4342,1917,3200,1283
4343,1916,3200,1284
4344,1916,3200,1284
4345,1915,3200,1285
4346,1914,3200,1286
4347,1913,3200,1287
4348,1913,3200,1287
4349,1913,3200,1287
4350,1911,3200,1289
4351,1911,3200,1289
4352,1911,3200,1289
4353,1911,3200,1289
4354,1911,3200,1289
4355,1910,3200,1290
4356,1910,3200,1290
4357,1909,3200,1291
4358,1909,3200,1291
4359,1909,3200,1291
4360,1909,3200,1291
4361,1908,3200,1292
4362,1908,3200,1292
4363,1908,3200,1292
4364,1908,3200,1292
4365,1908,3200,1292
4366,1908,3200,1292
4367,1908,3200,1292
4368,1908,3200,1292
4369,1908,3200,1292
4370,1908,3200,1292
4371,1908,3200,1292
4372,1908,3200,1292
4373,1908,3200,1292
4374,1908,3200,1292
4375,1908,3200,1292
4376,1908,3200,1292
4377,1908,3200,1292
4378,1908,3200,1292
4379,1908,3200,1292
4380,1907,3200,1293
4381,1907,3200,1293
4382,1907,3200,1293
4383,1907,3200,1293
4384,1907,3200,1293
4385,1907,3200,1293
4386,1907,3200,1293
4387,1906,3200,1294
4388,1906,3200,1294
4389,1905,3200,1295
4390,1905,3200,1295
4391,1905,3200,1295
4392,1905,3200,1295
4393,1904,3200,1296
4394,1904,3200,1296
4395,1903,3200,1297
4396,1903,3200,1297
4397,1903,3200,1297
4398,1903,3200,1297
4399,1903,3200,1297
4400,1903,3200,1297
4401,1903,3200,1297
4402,1903,3200,1297
4403,1902,3200,1298
4404,1901,3200,1299
4405,1901,3200,1299
4406,1901,3200,1299
4407,1901,3200,1299
4408,1900,3200,1300
4409,1900,3200,1300
4410,1900,3200,1300
4411,1900,3200,1300
4412,1900,3200,1300
4413,1899,3200,1301
4414,1899,3200,1301
4415,1899,3200,1301
4416,1899,3200,1301
4417,1899,3200,1301
4418,1899,3200,1301
4419,1898,3200,1302
4420,1897,3200,1303
4421,1897,3200,1303
4422,1897,3200,1303
4423,1896,3200,1304
4424,1896,3200,1304
4425,1895,3200,1305
4426,1895,3200,1305
4427,1895,3200,1305
4428,1894,3200,1306
4429,1894,3200,1306
4430,1893,3200,1307
4431,1893,3200,1307
4432,1893,3200,1307
4433,1893,3200,1307
4434,1893,3200,1307
4435,1892,3200,1308
4436,1892,3200,1308
4437,1891,3200,1309
4438,1891,3200,1309
4439,1890,3200,1310
4440,1890,3200,1310
4441,1889,3200,1311
4442,1889,3200,1311
4443,1888,3200,1312
4444,1888,3200,1312
4445,1888,3200,1312
4446,1888,3200,1312
4447,1888,3200,1312
4448,1887,3200,1313
4449,1886,3200,1314
4450,1885,3200,1315
4451,1885,3200,1315
4452,1885,3200,1315
4453,1885,3200,1315
4454,1884,3200,1316
4455,1884,3200,1316
4456,1884,3200,1316
4457,1883,3200,1317
4458,1883,3200,1317
4459,1882,3200,1318
4460,1882,3200,1318
4461,1882,3200,1318
4462,1882,3200,1318
4463,1882,3200,1318
4464,1882,3200,1318
4465,1882,3200,1318
4466,1882,3200,1318
4467,1882,3200,1318
4468,1882,3200,1318
4469,1882,3200,1318
4470,1882,3200,1318
4471,1882,3200,1318
4472,1882,3200,1318
4473,1882,3200,1318
4474,1882,3200,1318
4475,1882,3200,1318
4476,1881,3200,1319
4477,1881,3200,1319
4478,1881,3200,1319
4479,1881,3200,1319
4480,1881,3200,1319
4481,1881,3200,1319
4482,1881,3200,1319
4483,1881,3200,1319
4484,1881,3200,1319
4485,1881,3200,1319
4486,1881,3200,1319
4487,1881,3200,1319
4488,1881,3200,1319
4489,1881,3200,1319
4490,1881,3200,1319
4491,1881,3200,1319
4492,1881,3200,1319
4493,1881,3200,1319
4494,1880,3200,1320
4495,1880,3200,1320
4496,1880,3200,1320
4497,1880,3200,1320
4498,1880,3200,1320
4499,1879,3200,1321
4500,1879,3200,1321
4501,1879,3200,1321
4502,1879,3200,1321
4503,1878,3200,1322
4504,1878,3200,1322
4505,1878,3200,1322
4506,1877,3200,1323
4507,1877,3200,1323
4508,1877,3200,1323
4509,1877,3200,1323
4510,1876,3200,1324
4511,1876,3200,1324
4512,1876,3200,1324
4513,1876,3200,1324
4514,1876,3200,1324
4515,1875,3200,1325
4516,1875,3200,1325
4517,1875,3200,1325
4518,1875,3200,1325
4519,1875,3200,1325
4520,1874,3200,1326
4521,1874,3200,1326
4522,1874,3200,1326
4523,1874,3200,1326
4524,1874,3200,1326
4525,1874,3200,1326
4526,1874,3200,1326
4527,1873,3200,1327
4528,1873,3200,1327
4529,1873,3200,1327
4530,1873,3200,1327
4531,1872,3200,1328
4532,1872,3200,1328
4533,1871,3200,1329
4534,1871,3200,1329
4535,1871,3200,1329
4536,1870,3200,1330
4537,1869,3200,1331
4538,1869,3200,1331
4539,1869,3200,1331
4540,1869,3200,1331
4541,1869,3200,1331
4542,1869,3200,1331
4543,1869,3200,1331
4544,1869,3200,1331
4545,1869,3200,1331
4546,1869,3200,1331
4547,1868,3200,1332
4548,1868,3200,1332
4549,1867,3200,1333
4550,1867,3200,1333
4551,1866,3200,1334
4552,1865,3200,1335
4553,1865,3200,1335
4554,1865,3200,1335
4555,1865,3200,1335
4556,1864,3200,1336
4557,1864,3200,1336
4558,1864,3200,1336
4559,1864,3200,1336
4560,1863,3200,1337
4561,1863,3200,1337
4562,1862,3200,1338
4563,1862,3200,1338
4564,1862,3200,1338
4565,1861,3200,1339
4566,1861,3200,1339
4567,1861,3200,1339
4568,1860,3200,1340
4569,1860,3200,1340
4570,1860,3200,1340
4571,1860,3200,1340
4572,1860,3200,1340
4573,1860,3200,1340
4574,1860,3200,1340
4575,1860,3200,1340
4576,1860,3200,1340
4577,1860,3200,1340
4578,1860,3200,1340
4579,1860,3200,1340
4580,1860,3200,1340
4581,1860,3200,1340
4582,1860,3200,1340
4583,1860,3200,1340
4584,1860,3200,1340
4585,1860,3200,1340
4586,1860,3200,1340
4587,1859,3200,1341
4588,1859,3200,1341
4589,1858,3200,1342
4590,1858,3200,1342
4591,1858,3200,1342
4592,1858,3200,1342
4593,1857,3200,1343
4594,1857,3200,1343
4595,1857,3200,1343
4596,1856,3200,1344
4597,1856,3200,1344
4598,1855,3200,1345
4599,1855,3200,1345
4600,1854,3200,1346
4601,1854,3200,1346
4602,1854,3200,1346
4603,1853,3200,1347
4604,1853,3200,1347
4605,1852,3200,1348
4606,1852,3200,1348
4607,1851,3200,1349
4608,1851,3200,1349
4609,1851,3200,1349
4610,1850,3200,1350
4611,1850,3200,1350
4612,1850,3200,1350
4613,1849,3200,1351
4614,1849,3200,1351
4615,1849,3200,1351
4616,1848,3200,1352
4617,1848,3200,1352
4618,1848,3200,1352
4619,1847,3200,1353
4620,1846,3200,1354
4621,1846,3200,1354
4622,1846,3200,1354
4623,1846,3200,1354
4624,1845,3200,1355
4625,1844,3200,1356
4626,1844,3200,1356
4627,1844,3200,1356
4628,1844,3200,1356
4629,1844,3200,1356
4630,1843,3200,1357
4631,1843,3200,1357
4632,1843,3200,1357
4633,1843,3200,1357
4634,1843,3200,1357
4635,1843,3200,1357
4636,1843,3200,1357
4637,1842,3200,1358
4638,1841,3200,1359
4639,1841,3200,1359
4640,1841,3200,1359
4641,1841,3200,1359
4642,1841,3200,1359
4643,1841,3200,1359
4644,1841,3200,1359
4645,1841,3200,1359
4646,1841,3200,1359
4647,1840,3200,1360
4648,1840,3200,1360
4649,1840,3200,1360
4650,1840,3200,1360
4651,1840,3200,1360
4652,1840,3200,1360
4653,1840,3200,1360
4654,1840,3200,1360
4655,1840,3200,1360
4656,1840,3200,1360
4657,1840,3200,1360
4658,1840,3200,1360
4659,1839,3200,1361
4660,1839,3200,1361
4661,1839,3200,1361
4662,1839,3200,1361
4663,1839,3200,1361
4664,1839,3200,1361
4665,1839,3200,1361
4666,1839,3200,1361
4667,1839,3200,1361
4668,1838,3200,1362
4669,1838,3200,1362
4670,1838,3200,1362
4671,1838,3200,1362
4672,1838,3200,1362
4673,1838,3200,1362
4674,1838,3200,1362
4675,1838,3200,1362
4676,1838,3200,1362
4677,1838,3200,1362
4678,1838,3200,1362
4679,1838,3200,1362
4680,1838,3200,1362
4681,1838,3200,1362
4682,1838,3200,1362
4683,1837,3200,1363
4684,1837,3200,1363
4685,1837,3200,1363
4686,1836,3200,1364
4687,1836,3200,1364
4688,1835,3200,1365
4689,1835,3200,1365
4690,1835,3200,1365
4691,1835,3200,1365
4692,1835,3200,1365
4693,1834,3200,1366
4694,1834,3200,1366
4695,1834,3200,1366
4696,1833,3200,1367
4697,1833,3200,1367
4698,1833,3200,1367
4699,1832,3200,1368
4700,1832,3200,1368
4701,1831,3200,1369
4702,1831,3200,1369
4703,1831,3200,1369
4704,1831,3200,1369
4705,1831,3200,1369
4706,1831,3200,1369
4707,1831,3200,1369
4708,1831,3200,1369
4709,1831,3200,1369
4710,1831,3200,1369
4711,1831,3200,1369
4712,1831,3200,1369
4713,1831,3200,1369
4714,1831,3200,1369
4715,1830,3200,1370
4716,1830,3200,1370
4717,1829,3200,1371
4718,1828,3200,1372
4719,1828,3200,1372
4720,1828,3200,1372
4721,1828,3200,1372
4722,1828,3200,1372
4723,1827,3200,1373
4724,1827,3200,1373
4725,1827,3200,1373
4726,1826,3200,1374
4727,1826,3200,1374
4728,1825,3200,1375
4729,1825,3200,1375
4730,1825,3200,1375
4731,1825,3200,1375
4732,1825,3200,1375
4733,1825,3200,1375
4734,1825,3200,1375
4735,1825,3200,1375
4736,1825,3200,1375
4737,1824,3200,1376
4738,1824,3200,1376
4739,1824,3200,1376
4740,1823,3200,1377
4741,1822,3200,1378
4742,1822,3200,1378
4743,1822,3200,1378
4744,1822,3200,1378
4745,1822,3200,1378
4746,1822,3200,1378
4747,1822,3200,1378
4748,1822,3200,1378
4749,1822,3200,1378
4750,1822,3200,1378
4751,1821,3200,1379
4752,1821,3200,1379
4753,1820,3200,1380
4754,1820,3200,1380
4755,1820,3200,1380
4756,1819,3200,1381
4757,1819,3200,1381
4758,1819,3200,1381
4759,1818,3200,1382
4760,1818,3200,1382
4761,1818,3200,1382
4762,1818,3200,1382
4763,1818,3200,1382
4764,1818,3200,1382
4765,1818,3200,1382
4766,1818,3200,1382
4767,1818,3200,1382
4768,1818,3200,1382
4769,1818,3200,1382
4770,1818,3200,1382
4771,1818,3200,1382
4772,1818,3200,1382
4773,1818,3200,1382
4774,1818,3200,1382
4775,1817,3200,1383
4776,1817,3200,1383
4777,1817,3200,1383
4778,1816,3200,1384
4779,1816,3200,1384
4780,1815,3200,1385
4781,1815,3200,1385
4782,1814,3200,1386
4783,1814,3200,1386
4784,1814,3200,1386
4785,1813,3200,1387
4786,1813,3200,1387
4787,1812,3200,1388
4788,1811,3200,1389
4789,1811,3200,1389
4790,1811,3200,1389
4791,1811,3200,1389
4792,1811,3200,1389
4793,1810,3200,1390
4794,1810,3200,1390
4795,1810,3200,1390
4796,1810,3200,1390
4797,1809,3200,1391
4798,1809,3200,1391
4799,1809,3200,1391
4800,1808,3200,1392
4801,1808,3200,1392
4802,1808,3200,1392
4803,1808,3200,1392
4804,1807,3200,1393
4805,1806,3200,1394
4806,1806,3200,1394
4807,1805,3200,1395
4808,1805,3200,1395
4809,1805,3200,1395
4810,1805,3200,1395
4811,1805,3200,1395
4812,1805,3200,1395
4813,1805,3200,1395
4814,1804,3200,1396
4815,1804,3200,1396
4816,1804,3200,1396
4817,1803,3200,1397
4818,1802,3200,1398
4819,1802,3200,1398
4820,1802,3200,1398
4821,1802,3200,1398
4822,1802,3200,1398
4823,1802,3200,1398
4824,1802,3200,1398
4825,1801,3200,1399
4826,1801,3200,1399
4827,1800,3200,1400
4828,1800,3200,1400
4829,1800,3200,1400
4830,1799,3200,1401
4831,1799,3200,1401
4832,1799,3200,1401
4833,1799,3200,1401
4834,1799,3200,1401
4835,1798,3200,1402
4836,1798,3200,1402
4837,1798,3200,1402
4838,1798,3200,1402
4839,1798,3200,1402
4840,1797,3200,1403
4841,1797,3200,1403
4842,1796,3200,1404
4843,1796,3200,1404
4844,1796,3200,1404
4845,1796,3200,1404
4846,1796,3200,1404
4847,1796,3200,1404
4848,1796,3200,1404
4849,1796,3200,1404
4850,1796,3200,1404
4851,1796,3200,1404
4852,1796,3200,1404
4853,1796,3200,1404
4854,1796,3200,1404
4855,1796,3200,1404
4856,1796,3200,1404
4857,1796,3200,1404
4858,1795,3200,1405
4859,1795,3200,1405
4860,1795,3200,1405
4861,1795,3200,1405
4862,1794,3200,1406
4863,1794,3200,1406
4864,1794,3200,1406
4865,1793,3200,1407
4866,1793,3200,1407
4867,1792,3200,1408
4868,1792,3200,1408
4869,1792,3200,1408
4870,1792,3200,1408
4871,1792,3200,1408
4872,1791,3200,1409
4873,1791,3200,1409
4874,1791,3200,1409
4875,1790,3200,1410
4876,1790,3200,1410
4877,1789,3200,1411
4878,1789,3200,1411
4879,1789,3200,1411
4880,1789,3200,1411
4881,1789,3200,1411
4882,1789,3200,1411
4883,1789,3200,1411
4884,1788,3200,1412
4885,1788,3200,1412
4886,1787,3200,1413
4887,1787,3200,1413
4888,1786,3200,1414
4889,1786,3200,1414
4890,1786,3200,1414
4891,1786,3200,1414
4892,1785,3200,1415
4893,1785,3200,1415
4894,1785,3200,1415
4895,1785,3200,1415
4896,1785,3200,1415
4897,1785,3200,1415
4898,1785,3200,1415
4899,1784,3200,1416
4900,1784,3200,1416
4901,1783,3200,1417
4902,1783,3200,1417
4903,1782,3200,1418
4904,1782,3200,1418
4905,1782,3200,1418
4906,1782,3200,1418
4907,1782,3200,1418
4908,1782,3200,1418
4909,1782,3200,1418
4910,1782,3200,1418
4911,1782,3200,1418
4912,1782,3200,1418
4913,1782,3200,1418
4914,1782,3200,1418
4915,1782,3200,1418
4916,1782,3200,1418
4917,1782,3200,1418
4918,1782,3200,1418
4919,1782,3200,1418
4920,1782,3200,1418
4921,1782,3200,1418
4922,1782,3200,1418
4923,1782,3200,1418
4924,1781,3200,1419
4925,1781,3200,1419
4926,1780,3200,1420
4927,1780,3200,1420
4928,1780,3200,1420
4929,1780,3200,1420
4930,1780,3200,1420
4931,1780,3200,1420
4932,1780,3200,1420
4933,1780,3200,1420
4934,1780,3200,1420
4935,1780,3200,1420
4936,1780,3200,1420
4937,1779,3200,1421
4938,1778,3200,1422
4939,1778,3200,1422
4940,1778,3200,1422
4941,1778,3200,1422
4942,1778,3200,1422
4943,1778,3200,1422
4944,1778,3200,1422
4945,1777,3200,1423
4946,1777,3200,1423
4947,1777,3200,1423
4948,1776,3200,1424
4949,1776,3200,1424
4950,1776,3200,1424
4951,1776,3200,1424
4952,1776,3200,1424
4953,1776,3200,1424
4954,1775,3200,1425
4955,1775,3200,1425
4956,1775,3200,1425
4957,1775,3200,1425
4958,1775,3200,1425
4959,1775,3200,1425
4960,1775,3200,1425
4961,1775,3200,1425
4962,1774,3200,1426
4963,1774,3200,1426
4964,1774,3200,1426
4965,1773,3200,1427
4966,1773,3200,1427
4967,1772,3200,1428
4968,1772,3200,1428
4969,1772,3200,1428
4970,1771,3200,1429
4971,1771,3200,1429
4972,1770,3200,1430
4973,1770,3200,1430
4974,1769,3200,1431
4975,1769,3200,1431
4976,1769,3200,1431
4977,1768,3200,1432
4978,1768,3200,1432
4979,1768,3200,1432
4980,1767,3200,1433
4981,1766,3200,1434
4982,1766,3200,1434
4983,1766,3200,1434
4984,1766,3200,1434
4985,1765,3200,1435
4986,1764,3200,1436
4987,1763,3200,1437
4988,1762,3200,1438
4989,1762,3200,1438
4990,1762,3200,1438
4991,1762,3200,1438
4992,1762,3200,1438
4993,1762,3200,1438
4994,1762,3200,1438
4995,1762,3200,1438
4996,1762,3200,1438
4997,1762,3200,1438
4998,1762,3200,1438
4999,1762,3200,1438
5000,1762,3200,1438
5001,1762,3200,1438
5002,1762,3200,1438
5003,1762,3200,1438
5004,1762,3200,1438
5005,1761,3200,1439
5006,1760,3200,1440
5007,1760,3200,1440
5008,1760,3200,1440
5009,1760,3200,1440
5010,1759,3200,1441
5011,1759,3200,1441
5012,1758,3200,1442
5013,1758,3200,1442
5014,1758,3200,1442
5015,1758,3200,1442
5016,1758,3200,1442
5017,1757,3200,1443
5018,1757,3200,1443
5019,1756,3200,1444
5020,1756,3200,1444
5021,1756,3200,1444
5022,1755,3200,1445
5023,1755,3200,1445
5024,1755,3200,1445
5025,1755,3200,1445
5026,1754,3200,1446
5027,1754,3200,1446
5028,1754,3200,1446
5029,1754,3200,1446
5030,1754,3200,1446
5031,1753,3200,1447
5032,1753,3200,1447
5033,1753,3200,1447
5034,1752,3200,1448
5035,1752,3200,1448
5036,1752,3200,1448
5037,1752,3200,1448
5038,1752,3200,1448
5039,1752,3200,1448
5040,1752,3200,1448
5041,1752,3200,1448
5042,1752,3200,1448
5043,1751,3200,1449
5044,1751,3200,1449
5045,1750,3200,1450
5046,1750,3200,1450
5047,1750,3200,1450
5048,1750,3200,1450
5049,1749,3200,1451
5050,1749,3200,1451
5051,1749,3200,1451
5052,1748,3200,1452
5053,1748,3200,1452
5054,1748,3200,1452
5055,1748,3200,1452
5056,1748,3200,1452
5057,1748,3200,1452
5058,1748,3200,1452
5059,1748,3200,1452
5060,1748,3200,1452
5061,1748,3200,1452
5062,1748,3200,1452
5063,1748,3200,1452
5064,1748,3200,1452
5065,1748,3200,1452
5066,1748,3200,1452
5067,1748,3200,1452
5068,1748,3200,1452
5069,1747,3200,1453
5070,1747,3200,1453
5071,1747,3200,1453
5072,1747,3200,1453
5073,1747,3200,1453
5074,1746,3200,1454
5075,1746,3200,1454
5076,1746,3200,1454
5077,1745,3200,1455
5078,1745,3200,1455
5079,1745,3200,1455
5080,1745,3200,1455
5081,1745,3200,1455
5082,1744,3200,1456
5083,1744,3200,1456
5084,1744,3200,1456
5085,1744,3200,1456
5086,1744,3200,1456
5087,1744,3200,1456
5088,1744,3200,1456
5089,1744,3200,1456
5090,1744,3200,1456
5091,1743,3200,1457
5092,1743,3200,1457
5093,1742,3200,1458
5094,1742,3200,1458
5095,1742,3200,1458
5096,1742,3200,1458
5097,1742,3200,1458
5098,1742,3200,1458
5099,1741,3200,1459
5100,1741,3200,1459
5101,1741,3200,1459
5102,1740,3200,1460
5103,1740,3200,1460
5104,1740,3200,1460
5105,1739,3200,1461
5106,1739,3200,1461
5107,1739,3200,1461
5108,1738,3200,1462
5109,1738,3200,1462
5110,1738,3200,1462
5111,1737,3200,1463
5112,1737,3200,1463
5113,1736,3200,1464
5114,1735,3200,1465
5115,1735,3200,1465
5116,1734,3200,1466
5117,1734,3200,1466
5118,1733,3200,1467
5119,1733,3200,1467
5120,1732,3200,1468
5121,1732,3200,1468
5122,1731,3200,1469
5123,1731,3200,1469
5124,1731,3200,1469
5125,1731,3200,1469
5126,1731,3200,1469
5127,1730,3200,1470
5128,1730,3200,1470
5129,1729,3200,1471
5130,1729,3200,1471
5131,1729,3200,1471
5132,1729,3200,1471
5133,1729,3200,1471
5134,1729,3200,1471
5135,1729,3200,1471
5136,1729,3200,1471
5137,1729,3200,1471
5138,1729,3200,1471
5139,1729,3200,1471
5140,1729,3200,1471
5141,1729,3200,1471
5142,1729,3200,1471
5143,1729,3200,1471
5144,1729,3200,1471
5145,1729,3200,1471
5146,1729,3200,1471
5147,1729,3200,1471
5148,1729,3200,1471
5149,1728,3200,1472
5150,1728,3200,1472
5151,1728,3200,1472
5152,1728,3200,1472
5153,1728,3200,1472
5154,1727,3200,1473
5155,1727,3200,1473
5156,1726,3200,1474
5157,1726,3200,1474
5158,1725,3200,1475
5159,1725,3200,1475
5160,1725,3200,1475
5161,1725,3200,1475
5162,1725,3200,1475
5163,1725,3200,1475
5164,1725,3200,1475
5165,1725,3200,1475
5166,1724,3200,1476
5167,1724,3200,1476
5168,1724,3200,1476
5169,1724,3200,1476
5170,1724,3200,1476
5171,1723,3200,1477
5172,1723,3200,1477
5173,1723,3200,1477
5174,1723,3200,1477
5175,1722,3200,1478
5176,1722,3200,1478
5177,1722,3200,1478
5178,1721,3200,1479
5179,1721,3200,1479
5180,1721,3200,1479
5181,1720,3200,1480
5182,1719,3200,1481
5183,1719,3200,1481
5184,1719,3200,1481
5185,1719,3200,1481
5186,1719,3200,1481
5187,1718,3200,1482
5188,1718,3200,1482
5189,1718,3200,1482
5190,1718,3200,1482
5191,1718,3200,1482
5192,1717,3200,1483
5193,1717,3200,1483
5194,1717,3200,1483
5195,1717,3200,1483
5196,1717,3200,1483
5197,1717,3200,1483
5198,1717,3200,1483
5199,1717,3200,1483
5200,1717,3200,1483
5201,1716,3200,1484
5202,1716,3200,1484
5203,1715,3200,1485
5204,1715,3200,1485
5205,1714,3200,1486
5206,1714,3200,1486
5207,1714,3200,1486
5208,1714,3200,1486
5209,1713,3200,1487
5210,1713,3200,1487
5211,1713,3200,1487
5212,1713,3200,1487
5213,1713,3200,1487
5214,1713,3200,1487
5215,1713,3200,1487
5216,1713,3200,1487
5217,1713,3200,1487
5218,1713,3200,1487
5219,1713,3200,1487
5220,1713,3200,1487
5221,1713,3200,1487
5222,1713,3200,1487
5223,1713,3200,1487
5224,1713,3200,1487
5225,1713,3200,1487
5226,1712,3200,1488
5227,1712,3200,1488
5228,1712,3200,1488
5229,1711,3200,1489
5230,1711,3200,1489
5231,1710,3200,1490
5232,1710,3200,1490
5233,1710,3200,1490
5234,1709,3200,1491
5235,1709,3200,1491
5236,1709,3200,1491
5237,1708,3200,1492
5238,1707,3200,1493
5239,1707,3200,1493
5240,1707,3200,1493
5241,1706,3200,1494
5242,1706,3200,1494
5243,1706,3200,1494
5244,1705,3200,1495
5245,1705,3200,1495
5246,1705,3200,1495
5247,1705,3200,1495
5248,1705,3200,1495
5249,1705,3200,1495
5250,1705,3200,1495
5251,1705,3200,1495
5252,1704,3200,1496
5253,1704,3200,1496
5254,1704,3200,1496
5255,1703,3200,1497
5256,1703,3200,1497
5257,1703,3200,1497
5258,1702,3200,1498
5259,1702,3200,1498
5260,1702,3200,1498
5261,1702,3200,1498
5262,1702,3200,1498
5263,1701,3200,1499
5264,1701,3200,1499
5265,1700,3200,1500
5266,1699,3200,1501
5267,1699,3200,1501
5268,1699,3200,1501
5269,1699,3200,1501
5270,1699,3200,1501
5271,1699,3200,1501
5272,1699,3200,1501
5273,1699,3200,1501
5274,1699,3200,1501
5275,1699,3200,1501
5276,1699,3200,1501
5277,1699,3200,1501
5278,1699,3200,1501
5279,1699,3200,1501
5280,1698,3200,1502
5281,1697,3200,1503
5282,1697,3200,1503
5283,1697,3200,1503
5284,1697,3200,1503
5285,1697,3200,1503
5286,1697,3200,1503
5287,1697,3200,1503
5288,1697,3200,1503
5289,1697,3200,1503
5290,1696,3200,1504
5291,1696,3200,1504
5292,1696,3200,1504
5293,1696,3200,1504
5294,1695,3200,1505
5295,1695,3200,1505
5296,1695,3200,1505
5297,1695,3200,1505
5298,1695,3200,1505
5299,1695,3200,1505
5300,1695,3200,1505
5301,1695,3200,1505
5302,1694,3200,1506
5303,1694,3200,1506
5304,1694,3200,1506
5305,1694,3200,1506
5306,1693,3200,1507
5307,1693,3200,1507
5308,1693,3200,1507
5309,1693,3200,1507
5310,1692,3200,1508
5311,1692,3200,1508
5312,1691,3200,1509
5313,1691,3200,1509
5314,1691,3200,1509
5315,1690,3200,1510
5316,1690,3200,1510
5317,1690,3200,1510
5318,1689,3200,1511
5319,1688,3200,1512
5320,1688,3200,1512
5321,1687,3200,1513
5322,1687,3200,1513
5323,1686,3200,1514
5324,1686,3200,1514
5325,1686,3200,1514
5326,1685,3200,1515
5327,1684,3200,1516
5328,1684,3200,1516
5329,1683,3200,1517
5330,1683,3200,1517
5331,1682,3200,1518
5332,1682,3200,1518
5333,1682,3200,1518
5334,1682,3200,1518
5335,1682,3200,1518
5336,1682,3200,1518
5337,1682,3200,1518
5338,1682,3200,1518
5339,1682,3200,1518
5340,1682,3200,1518
5341,1682,3200,1518
5342,1682,3200,1518
5343,1682,3200,1518
5344,1682,3200,1518
5345,1682,3200,1518
5346,1682,3200,1518
5347,1682,3200,1518
5348,1682,3200,1518
5349,1682,3200,1518
5350,1682,3200,1518
5351,1682,3200,1518
5352,1681,3200,1519
5353,1681,3200,1519
5354,1681,3200,1519
5355,1681,3200,1519
5356,1681,3200,1519
5357,1680,3200,1520
5358,1680,3200,1520
5359,1679,3200,1521
5360,1679,3200,1521
5361,1679,3200,1521
5362,1679,3200,1521
5363,1678,3200,1522
5364,1678,3200,1522
5365,1678,3200,1522
5366,1677,3200,1523
5367,1677,3200,1523
5368,1677,3200,1523
5369,1676,3200,1524
5370,1676,3200,1524
5371,1676,3200,1524
5372,1676,3200,1524
5373,1676,3200,1524
5374,1676,3200,1524
5375,1675,3200,1525
5376,1675,3200,1525
5377,1674,3200,1526
5378,1674,3200,1526
5379,1674,3200,1526
5380,1674,3200,1526
5381,1673,3200,1527
5382,1672,3200,1528
5383,1672,3200,1528
5384,1672,3200,1528
5385,1672,3200,1528
5386,1671,3200,1529
5387,1671,3200,1529
5388,1671,3200,1529
5389,1671,3200,1529
5390,1671,3200,1529
5391,1671,3200,1529
5392,1671,3200,1529
5393,1671,3200,1529
5394,1671,3200,1529
5395,1671,3200,1529
5396,1671,3200,1529
5397,1671,3200,1529
5398,1670,3200,1530
5399,1670,3200,1530
5400,1669,3200,1531
5401,1669,3200,1531
5402,1668,3200,1532
5403,1668,3200,1532
5404,1668,3200,1532
5405,1668,3200,1532
5406,1668,3200,1532
5407,1668,3200,1532
5408,1668,3200,1532
5409,1668,3200,1532
5410,1668,3200,1532
5411,1668,3200,1532
5412,1668,3200,1532
5413,1668,3200,1532
5414,1668,3200,1532
5415,1668,3200,1532
5416,1668,3200,1532
5417,1668,3200,1532
5418,1667,3200,1533
5419,1667,3200,1533
5420,1667,3200,1533
5421,1666,3200,1534
5422,1666,3200,1534
5423,1666,3200,1534
5424,1665,3200,1535
5425,1665,3200,1535
5426,1665,3200,1535
5427,1665,3200,1535
5428,1664,3200,1536
5429,1664,3200,1536
5430,1663,3200,1537
5431,1663,3200,1537
5432,1663,3200,1537
5433,1663,3200,1537
5434,1663,3200,1537
5435,1662,3200,1538
5436,1662,3200,1538
5437,1662,3200,1538
5438,1662,3200,1538
5439,1662,3200,1538
5440,1662,3200,1538
5441,1662,3200,1538
5442,1662,3200,1538
5443,1661,3200,1539
5444,1660,3200,1540
5445,1660,3200,1540
5446,1660,3200,1540
5447,1659,3200,1541
5448,1659,3200,1541
5449,1659,3200,1541
5450,1659,3200,1541
5451,1659,3200,1541
5452,1659,3200,1541
5453,1659,3200,1541
5454,1658,3200,1542
5455,1658,3200,1542
5456,1657,3200,1543
5457,1657,3200,1543
5458,1657,3200,1543
5459,1656,3200,1544
5460,1656,3200,1544
5461,1655,3200,1545
5462,1655,3200,1545
5463,1655,3200,1545
5464,1655,3200,1545
5465,1655,3200,1545
5466,1655,3200,1545
5467,1655,3200,1545
5468,1655,3200,1545
5469,1655,3200,1545
5470,1655,3200,1545
5471,1655,3200,1545
5472,1655,3200,1545
5473,1655,3200,1545
5474,1655,3200,1545
5475,1654,3200,1546
5476,1654,3200,1546
5477,1654,3200,1546
5478,1653,3200,1547
5479,1653,3200,1547
5480,1653,3200,1547
5481,1653,3200,1547
5482,1653,3200,1547
5483,1652,3200,1548
5484,1652,3200,1548
5485,1652,3200,1548
5486,1651,3200,1549
5487,1650,3200,1550
5488,1650,3200,1550
5489,1650,3200,1550
5490,1650,3200,1550
5491,1650,3200,1550
5492,1650,3200,1550
5493,1650,3200,1550
5494,1650,3200,1550
5495,1650,3200,1550
5496,1650,3200,1550
5497,1649,3200,1551
5498,1649,3200,1551
5499,1649,3200,1551
5500,1648,3200,1552
5501,1648,3200,1552
5502,1647,3200,1553
5503,1647,3200,1553
5504,1647,3200,1553
5505,1646,3200,1554
5506,1646,3200,1554
5507,1646,3200,1554
5508,1646,3200,1554
5509,1646,3200,1554
5510,1646,3200,1554
5511,1646,3200,1554
5512,1646,3200,1554
5513,1645,3200,1555
5514,1645,3200,1555
5515,1645,3200,1555
5516,1644,3200,1556
5517,1644,3200,1556
5518,1644,3200,1556
5519,1644,3200,1556
5520,1643,3200,1557
5521,1643,3200,1557
5522,1643,3200,1557
5523,1642,3200,1558
5524,1642,3200,1558
5525,1641,3200,1559
5526,1641,3200,1559
5527,1641,3200,1559
5528,1641,3200,1559
5529,1641,3200,1559
5530,1641,3200,1559
5531,1641,3200,1559
5532,1640,3200,1560
5533,1640,3200,1560
5534,1639,3200,1561
5535,1639,3200,1561
5536,1639,3200,1561
5537,1639,3200,1561
5538,1639,3200,1561
5539,1639,3200,1561
5540,1639,3200,1561
5541,1639,3200,1561
5542,1638,3200,1562
5543,1637,3200,1563
5544,1637,3200,1563
5545,1637,3200,1563
5546,1637,3200,1563
5547,1637,3200,1563
5548,1636,3200,1564
5549,1636,3200,1564
5550,1635,3200,1565
5551,1635,3200,1565
5552,1635,3200,1565
5553,1635,3200,1565
5554,1635,3200,1565
5555,1635,3200,1565
5556,1635,3200,1565
5557,1635,3200,1565
5558,1634,3200,1566
5559,1634,3200,1566
5560,1633,3200,1567
5561,1633,3200,1567
5562,1633,3200,1567
5563,1632,3200,1568
5564,1631,3200,1569
5565,1631,3200,1569
5566,1631,3200,1569
5567,1631,3200,1569
5568,1631,3200,1569
5569,1631,3200,1569
5570,1631,3200,1569
5571,1631,3200,1569
5572,1631,3200,1569
5573,1631,3200,1569
5574,1630,3200,1570
5575,1630,3200,1570
5576,1629,3200,1571
5577,1629,3200,1571
5578,1629,3200,1571
5579,1628,3200,1572
5580,1628,3200,1572
5581,1628,3200,1572
5582,1628,3200,1572
5583,1628,3200,1572
5584,1628,3200,1572
5585,1627,3200,1573
5586,1627,3200,1573
5587,1627,3200,1573
5588,1627,3200,1573
5589,1627,3200,1573
5590,1627,3200,1573
5591,1626,3200,1574
5592,1626,3200,1574
5593,1625,3200,1575
5594,1625,3200,1575
5595,1625,3200,1575
5596,1625,3200,1575
5597,1625,3200,1575
5598,1624,3200,1576
5599,1624,3200,1576
5600,1624,3200,1576
5601,1624,3200,1576
5602,1624,3200,1576
5603,1623,3200,1577
5604,1623,3200,1577
5605,1623,3200,1577
5606,1623,3200,1577
5607,1623,3200,1577
5608,1623,3200,1577
5609,1623,3200,1577
5610,1623,3200,1577
5611,1623,3200,1577
5612,1623,3200,1577
5613,1622,3200,1578
5614,1622,3200,1578
5615,1622,3200,1578
5616,1622,3200,1578
5617,1622,3200,1578
5618,1622,3200,1578
5619,1622,3200,1578
5620,1622,3200,1578
5621,1622,3200,1578
5622,1622,3200,1578
5623,1622,3200,1578
5624,1622,3200,1578
5625,1621,3200,1579
5626,1621,3200,1579
5627,1621,3200,1579
5628,1620,3200,1580
5629,1620,3200,1580
5630,1619,3200,1581
5631,1618,3200,1582
5632,1618,3200,1582
5633,1618,3200,1582
5634,1617,3200,1583
5635,1617,3200,1583
5636,1617,3200,1583
5637,1616,3200,1584
5638,1616,3200,1584
5639,1616,3200,1584
5640,1616,3200,1584
5641,1616,3200,1584
5642,1616,3200,1584
5643,1616,3200,1584
5644,1615,3200,1585
5645,1615,3200,1585
5646,1614,3200,1586
5647,1614,3200,1586
5648,1614,3200,1586
5649,1614,3200,1586
5650,1614,3200,1586
5651,1614,3200,1586
5652,1614,3200,1586
5653,1614,3200,1586
5654,1614,3200,1586
5655,1614,3200,1586
5656,1614,3200,1586
5657,1614,3200,1586
5658,1613,3200,1587
5659,1613,3200,1587
5660,1612,3200,1588
5661,1612,3200,1588
5662,1612,3200,1588
5663,1612,3200,1588
5664,1612,3200,1588
5665,1612,3200,1588
5666,1611,3200,1589
5667,1611,3200,1589
5668,1611,3200,1589
5669,1611,3200,1589
5670,1611,3200,1589
5671,1611,3200,1589
5672,1610,3200,1590
5673,1610,3200,1590
5674,1610,3200,1590
5675,1609,3200,1591
5676,1609,3200,1591
5677,1608,3200,1592
5678,1608,3200,1592
5679,1608,3200,1592
5680,1607,3200,1593
5681,1607,3200,1593
5682,1606,3200,1594
5683,1606,3200,1594
5684,1606,3200,1594
5685,1606,3200,1594
5686,1606,3200,1594
5687,1606,3200,1594
5688,1606,3200,1594
5689,1606,3200,1594
5690,1605,3200,1595
5691,1605,3200,1595
5692,1604,3200,1596
5693,1604,3200,1596
5694,1604,3200,1596
5695,1603,3200,1597
5696,1602,3200,1598
5697,1602,3200,1598
5698,1602,3200,1598
5699,1602,3200,1598
5700,1601,3200,1599
5701,1601,3200,1599
5702,1600,3200,1600
5703,1600,3200,1600
5704,1599,3200,1601
5705,1599,3200,1601
5706,1598,3200,1602
5707,1598,3200,1602
5708,1598,3200,1602
5709,1597,3200,1603
5710,1597,3200,1603
5711,1596,3200,1604
5712,1596,3200,1604
5713,1596,3200,1604
5714,1595,3200,1605
5715,1595,3200,1605
5716,1595,3200,1605
5717,1595,3200,1605
5718,1595,3200,1605
5719,1595,3200,1605
5720,1595,3200,1605
5721,1595,3200,1605
5722,1595,3200,1605
5723,1595,3200,1605
5724,1595,3200,1605
5725,1595,3200,1605
5726,1595,3200,1605
5727,1595,3200,1605
5728,1595,3200,1605
5729,1594,3200,1606
5730,1593,3200,1607
5731,1593,3200,1607
5732,1592,3200,1608
5733,1592,3200,1608
5734,1592,3200,1608
5735,1592,3200,1608
5736,1592,3200,1608
5737,1591,3200,1609
5738,1591,3200,1609
5739,1591,3200,1609
5740,1591,3200,1609
5741,1590,3200,1610
5742,1590,3200,1610
5743,1590,3200,1610
5744,1589,3200,1611
5745,1589,3200,1611
5746,1588,3200,1612
5747,1588,3200,1612
5748,1588,3200,1612
5749,1588,3200,1612
5750,1587,3200,1613
5751,1587,3200,1613
5752,1587,3200,1613
5753,1587,3200,1613
5754,1587,3200,1613
5755,1587,3200,1613
5756,1587,3200,1613
5757,1586,3200,1614
5758,1586,3200,1614
5759,1586,3200,1614
5760,1586,3200,1614
5761,1586,3200,1614
5762,1586,3200,1614
5763,1585,3200,1615
5764,1584,3200,1616
5765,1584,3200,1616
5766,1584,3200,1616
5767,1584,3200,1616
5768,1584,3200,1616
5769,1584,3200,1616
5770,1583,3200,1617
5771,1583,3200,1617
5772,1582,3200,1618
5773,1582,3200,1618
5774,1582,3200,1618
5775,1582,3200,1618
5776,1582,3200,1618
5777,1581,3200,1619
5778,1581,3200,1619
5779,1580,3200,1620
5780,1580,3200,1620
5781,1580,3200,1620
5782,1580,3200,1620
5783,1579,3200,1621
5784,1579,3200,1621
5785,1579,3200,1621
5786,1579,3200,1621
5787,1579,3200,1621
5788,1579,3200,1621
5789,1579,3200,1621
5790,1579,3200,1621
5791,1579,3200,1621
5792,1579,3200,1621
5793,1579,3200,1621
5794,1579,3200,1621
5795,1579,3200,1621
5796,1579,3200,1621
5797,1578,3200,1622
5798,1578,3200,1622
5799,1578,3200,1622
5800,1577,3200,1623
5801,1577,3200,1623
5802,1576,3200,1624
5803,1576,3200,1624
5804,1576,3200,1624
5805,1575,3200,1625
5806,1575,3200,1625
5807,1575,3200,1625
5808,1574,3200,1626
5809,1574,3200,1626
5810,1574,3200,1626
5811,1574,3200,1626
5812,1574,3200,1626
5813,1574,3200,1626
5814,1574,3200,1626
5815,1574,3200,1626
5816,1574,3200,1626
5817,1574,3200,1626
5818,1574,3200,1626
5819,1574,3200,1626
5820,1574,3200,1626
5821,1574,3200,1626
5822,1574,3200,1626
5823,1574,3200,1626
5824,1574,3200,1626
5825,1573,3200,1627
5826,1573,3200,1627
5827,1573,3200,1627
5828,1572,3200,1628
5829,1572,3200,1628
5830,1571,3200,1629
5831,1571,3200,1629
5832,1571,3200,1629
5833,1570,3200,1630
5834,1570,3200,1630
5835,1570,3200,1630
5836,1569,3200,1631
5837,1568,3200,1632
5838,1568,3200,1632
5839,1568,3200,1632
5840,1568,3200,1632
5841,1568,3200,1632
5842,1567,3200,1633
5843,1567,3200,1633
5844,1567,3200,1633
5845,1567,3200,1633
5846,1567,3200,1633
5847,1567,3200,1633
5848,1567,3200,1633
5849,1567,3200,1633
5850,1567,3200,1633
5851,1567,3200,1633
5852,1567,3200,1633
5853,1567,3200,1633
5854,1566,3200,1634
5855,1566,3200,1634
5856,1566,3200,1634
5857,1566,3200,1634
5858,1566,3200,1634
5859,1565,3200,1635
5860,1565,3200,1635
5861,1565,3200,1635
5862,1565,3200,1635
5863,1565,3200,1635
5864,1564,3200,1636
5865,1564,3200,1636
5866,1564,3200,1636
5867,1564,3200,1636
5868,1564,3200,1636
5869,1563,3200,1637
5870,1563,3200,1637
5871,1562,3200,1638
5872,1562,3200,1638
5873,1562,3200,1638
5874,1561,3200,1639
5875,1561,3200,1639
5876,1561,3200,1639
5877,1560,3200,1640
5878,1560,3200,1640
5879,1559,3200,1641
5880,1559,3200,1641
5881,1558,3200,1642
5882,1558,3200,1642
5883,1557,3200,1643
5884,1557,3200,1643
5885,1556,3200,1644
5886,1556,3200,1644
5887,1556,3200,1644
5888,1556,3200,1644
5889,1556,3200,1644
5890,1556,3200,1644
5891,1556,3200,1644
5892,1556,3200,1644
5893,1556,3200,1644
5894,1556,3200,1644
5895,1556,3200,1644
5896,1556,3200,1644
5897,1556,3200,1644
5898,1556,3200,1644
5899,1556,3200,1644
5900,1555,3200,1645
5901,1555,3200,1645
5902,1554,3200,1646
5903,1554,3200,1646
5904,1554,3200,1646
5905,1554,3200,1646
5906,1554,3200,1646
5907,1554,3200,1646
5908,1553,3200,1647
5909,1553,3200,1647
5910,1552,3200,1648
5911,1552,3200,1648
5912,1552,3200,1648
5913,1551,3200,1649
5914,1551,3200,1649
5915,1551,3200,1649
5916,1551,3200,1649
5917,1551,3200,1649
5918,1551,3200,1649
5919,1550,3200,1650
5920,1550,3200,1650
5921,1550,3200,1650
5922,1550,3200,1650
5923,1550,3200,1650
5924,1550,3200,1650
5925,1549,3200,1651
5926,1549,3200,1651
5927,1549,3200,1651
5928,1548,3200,1652
5929,1548,3200,1652
5930,1548,3200,1652
5931,1548,3200,1652
5932,1547,3200,1653
5933,1547,3200,1653
5934,1547,3200,1653
5935,1546,3200,1654
5936,1546,3200,1654
5937,1546,3200,1654
5938,1545,3200,1655
5939,1545,3200,1655
5940,1545,3200,1655
5941,1545,3200,1655
5942,1544,3200,1656
5943,1544,3200,1656
5944,1544,3200,1656
5945,1544,3200,1656
5946,1544,3200,1656
5947,1544,3200,1656
5948,1543,3200,1657
5949,1543,3200,1657
5950,1542,3200,1658
5951,1542,3200,1658
5952,1542,3200,1658
5953,1542,3200,1658
5954,1541,3200,1659
5955,1541,3200,1659
5956,1541,3200,1659
5957,1541,3200,1659
5958,1541,3200,1659
5959,1541,3200,1659
5960,1541,3200,1659
5961,1540,3200,1660
5962,1540,3200,1660
5963,1539,3200,1661
5964,1539,3200,1661
5965,1538,3200,1662
5966,1538,3200,1662
5967,1537,3200,1663
5968,1537,3200,1663
5969,1537,3200,1663
5970,1537,3200,1663
5971,1536,3200,1664
5972,1536,3200,1664
5973,1536,3200,1664
5974,1535,3200,1665
5975,1535,3200,1665
5976,1535,3200,1665
5977,1535,3200,1665
5978,1535,3200,1665
5979,1535,3200,1665
5980,1535,3200,1665
5981,1535,3200,1665
5982,1534,3200,1666
5983,1534,3200,1666
5984,1533,3200,1667
5985,1533,3200,1667
5986,1532,3200,1668
5987,1532,3200,1668
5988,1532,3200,1668
5989,1532,3200,1668
5990,1532,3200,1668
5991,1532,3200,1668
5992,1532,3200,1668
5993,1532,3200,1668
5994,1532,3200,1668
5995,1532,3200,1668
5996,1532,3200,1668
5997,1532,3200,1668
5998,1532,3200,1668
5999,1532,3200,1668
6000,1532,3200,1668
6001,1532,3200,1668
6002,1531,3200,1669
6003,1531,3200,1669
6004,1531,3200,1669
6005,1531,3200,1669
6006,1531,3200,1669
6007,1530,3200,1670
6008,1529,3200,1671
6009,1529,3200,1671
6010,1529,3200,1671
6011,1529,3200,1671
6012,1529,3200,1671
6013,1529,3200,1671
6014,1529,3200,1671
6015,1529,3200,1671
6016,1529,3200,1671
6017,1528,3200,1672
6018,1527,3200,1673
6019,1527,3200,1673
6020,1527,3200,1673
6021,1526,3200,1674
6022,1526,3200,1674
6023,1526,3200,1674
6024,1526,3200,1674
6025,1526,3200,1674
6026,1526,3200,1674
6027,1525,3200,1675
6028,1525,3200,1675
6029,1525,3200,1675
6030,1524,3200,1676
6031,1524,3200,1676
6032,1523,3200,1677
6033,1523,3200,1677
6034,1523,3200,1677
6035,1523,3200,1677
6036,1523,3200,1677
6037,1522,3200,1678
6038,1521,3200,1679
6039,1521,3200,1679
6040,1521,3200,1679
6041,1520,3200,1680
6042,1520,3200,1680
6043,1520,3200,1680
6044,1520,3200,1680
6045,1519,3200,1681
6046,1519,3200,1681
6047,1519,3200,1681
6048,1518,3200,1682
6049,1518,3200,1682
6050,1518,3200,1682
6051,1518,3200,1682
6052,1518,3200,1682
6053,1517,3200,1683
6054,1517,3200,1683
6055,1517,3200,1683
6056,1517,3200,1683
6057,1517,3200,1683
6058,1516,3200,1684
6059,1516,3200,1684
6060,1515,3200,1685
6061,1515,3200,1685
6062,1515,3200,1685
6063,1514,3200,1686
6064,1514,3200,1686
6065,1514,3200,1686
6066,1513,3200,1687
6067,1513,3200,1687
6068,1512,3200,1688
6069,1512,3200,1688
6070,1512,3200,1688
6071,1512,3200,1688
6072,1512,3200,1688
6073,1512,3200,1688
6074,1512,3200,1688
6075,1512,3200,1688
6076,1512,3200,1688
6077,1512,3200,1688
6078,1512,3200,1688
6079,1512,3200,1688
6080,1512,3200,1688
6081,1512,3200,1688
6082,1511,3200,1689
6083,1510,3200,1690
6084,1510,3200,1690
6085,1510,3200,1690
6086,1509,3200,1691
6087,1509,3200,1691
6088,1509,3200,1691
6089,1509,3200,1691
6090,1509,3200,1691
6091,1509,3200,1691
6092,1509,3200,1691
6093,1509,3200,1691
6094,1509,3200,1691
6095,1509,3200,1691
6096,1509,3200,1691
6097,1509,3200,1691
6098,1509,3200,1691
6099,1509,3200,1691
6100,1509,3200,1691
6101,1509,3200,1691
6102,1508,3200,1692
6103,1507,3200,1693
6104,1507,3200,1693
6105,1507,3200,1693
6106,1507,3200,1693
6107,1507,3200,1693
6108,1507,3200,1693
6109,1507,3200,1693
6110,1506,3200,1694
6111,1506,3200,1694
6112,1505,3200,1695
6113,1505,3200,1695
6114,1505,3200,1695
6115,1505,3200,1695
6116,1505,3200,1695
6117,1504,3200,1696
6118,1503,3200,1697
6119,1503,3200,1697
6120,1503,3200,1697
6121,1503,3200,1697
6122,1502,3200,1698
6123,1502,3200,1698
6124,1502,3200,1698
6125,1502,3200,1698
6126,1502,3200,1698
6127,1502,3200,1698
6128,1502,3200,1698
6129,1502,3200,1698
6130,1501,3200,1699
6131,1501,3200,1699
6132,1501,3200,1699
6133,1501,3200,1699
6134,1501,3200,1699
6135,1501,3200,1699
6136,1501,3200,1699
6137,1501,3200,1699
6138,1501,3200,1699
6139,1500,3200,1700
6140,1500,3200,1700
6141,1499,3200,1701
6142,1499,3200,1701
6143,1499,3200,1701
6144,1499,3200,1701
6145,1498,3200,1702
6146,1498,3200,1702
6147,1497,3200,1703
6148,1497,3200,1703
6149,1497,3200,1703
6150,1496,3200,1704
6151,1496,3200,1704
6152,1496,3200,1704
6153,1495,3200,1705
6154,1495,3200,1705
6155,1495,3200,1705
6156,1495,3200,1705
6157,1495,3200,1705
6158,1495,3200,1705
6159,1495,3200,1705
6160,1494,3200,1706
6161,1494,3200,1706
6162,1494,3200,1706
6163,1494,3200,1706
6164,1494,3200,1706
6165,1494,3200,1706
6166,1494,3200,1706
6167,1494,3200,1706
6168,1494,3200,1706
6169,1493,3200,1707
6170,1492,3200,1708
6171,1492,3200,1708
6172,1491,3200,1709
6173,1491,3200,1709
6174,1491,3200,1709
6175,1491,3200,1709
6176,1491,3200,1709
6177,1491,3200,1709
6178,1491,3200,1709
6179,1491,3200,1709
6180,1491,3200,1709
6181,1491,3200,1709
6182,1490,3200,1710
6183,1490,3200,1710
6184,1490,3200,1710
6185,1489,3200,1711
6186,1489,3200,1711
6187,1488,3200,1712
6188,1488,3200,1712
6189,1488,3200,1712
6190,1487,3200,1713
6191,1486,3200,1714
6192,1486,3200,1714
6193,1486,3200,1714
6194,1486,3200,1714
6195,1486,3200,1714
6196,1486,3200,1714
6197,1486,3200,1714
6198,1486,3200,1714
6199,1485,3200,1715
6200,1485,3200,1715
6201,1484,3200,1716
6202,1484,3200,1716
6203,1483,3200,1717
6204,1483,3200,1717
6205,1483,3200,1717
6206,1483,3200,1717
6207,1482,3200,1718
6208,1482,3200,1718
6209,1482,3200,1718
6210,1481,3200,1719
6211,1481,3200,1719
6212,1480,3200,1720
6213,1480,3200,1720
6214,1479,3200,1721
6215,1479,3200,1721
6216,1479,3200,1721
6217,1478,3200,1722
6218,1477,3200,1723
6219,1477,3200,1723
6220,1477,3200,1723
6221,1476,3200,1724
6222,1476,3200,1724
6223,1476,3200,1724
6224,1476,3200,1724
6225,1476,3200,1724
6226,1476,3200,1724
6227,1476,3200,1724
6228,1476,3200,1724
6229,1476,3200,1724
6230,1476,3200,1724
6231,1476,3200,1724
6232,1476,3200,1724
6233,1476,3200,1724
6234,1476,3200,1724
6235,1476,3200,1724
6236,1476,3200,1724
6237,1476,3200,1724
6238,1475,3200,1725
6239,1475,3200,1725
6240,1475,3200,1725
6241,1475,3200,1725
6242,1474,3200,1726
6243,1473,3200,1727
6244,1473,3200,1727
6245,1473,3200,1727
6246,1473,3200,1727
6247,1473,3200,1727
6248,1472,3200,1728
6249,1472,3200,1728
6250,1472,3200,1728
6251,1472,3200,1728
6252,1472,3200,1728
6253,1471,3200,1729
6254,1471,3200,1729
6255,1471,3200,1729
6256,1471,3200,1729
6257,1471,3200,1729
6258,1471,3200,1729
6259,1471,3200,1729
6260,1471,3200,1729
6261,1471,3200,1729
6262,1471,3200,1729
6263,1471,3200,1729
6264,1471,3200,1729
6265,1471,3200,1729
6266,1471,3200,1729
6267,1471,3200,1729
6268,1470,3200,1730
6269,1470,3200,1730
6270,1469,3200,1731
6271,1469,3200,1731
6272,1469,3200,1731
6273,1468,3200,1732
6274,1468,3200,1732
6275,1467,3200,1733
6276,1467,3200,1733
6277,1466,3200,1734
6278,1466,3200,1734
6279,1466,3200,1734
6280,1465,3200,1735
6281,1465,3200,1735
6282,1465,3200,1735
6283,1465,3200,1735
6284,1465,3200,1735
6285,1464,3200,1736
6286,1464,3200,1736
6287,1464,3200,1736
6288,1463,3200,1737
6289,1463,3200,1737
6290,1463,3200,1737
6291,1462,3200,1738
6292,1462,3200,1738
6293,1462,3200,1738
6294,1462,3200,1738
6295,1462,3200,1738
6296,1462,3200,1738
6297,1462,3200,1738
6298,1462,3200,1738
6299,1462,3200,1738
6300,1462,3200,1738
6301,1462,3200,1738
6302,1461,3200,1739
6303,1460,3200,1740
6304,1460,3200,1740
6305,1460,3200,1740
6306,1459,3200,1741
6307,1459,3200,1741
6308,1459,3200,1741
6309,1458,3200,1742
6310,1458,3200,1742
6311,1458,3200,1742
6312,1458,3200,1742
6313,1458,3200,1742
6314,1458,3200,1742
6315,1458,3200,1742
6316,1457,3200,1743
6317,1457,3200,1743
6318,1457,3200,1743
6319,1457,3200,1743
6320,1456,3200,1744
6321,1456,3200,1744
6322,1455,3200,1745
6323,1455,3200,1745
6324,1455,3200,1745
6325,1454,3200,1746
6326,1454,3200,1746
6327,1453,3200,1747
6328,1453,3200,1747
6329,1453,3200,1747
6330,1452,3200,1748
6331,1452,3200,1748
6332,1452,3200,1748
6333,1451,3200,1749
6334,1451,3200,1749
6335,1451,3200,1749
6336,1451,3200,1749
6337,1451,3200,1749
6338,1451,3200,1749
6339,1451,3200,1749
6340,1451,3200,1749
6341,1451,3200,1749
6342,1451,3200,1749
6343,1451,3200,1749
6344,1451,3200,1749
6345,1450,3200,1750
6346,1450,3200,1750
6347,1449,3200,1751
6348,1449,3200,1751
6349,1449,3200,1751
6350,1448,3200,1752
6351,1448,3200,1752
6352,1448,3200,1752
6353,1447,3200,1753
6354,1446,3200,1754
6355,1446,3200,1754
6356,1446,3200,1754
6357,1446,3200,1754
6358,1445,3200,1755
6359,1445,3200,1755
6360,1445,3200,1755
6361,1444,3200,1756
6362,1444,3200,1756
6363,1444,3200,1756
6364,1444,3200,1756
6365,1444,3200,1756
6366,1443,3200,1757
6367,1443,3200,1757
6368,1443,3200,1757
6369,1443,3200,1757
6370,1442,3200,1758
6371,1442,3200,1758
6372,1442,3200,1758
6373,1441,3200,1759
6374,1441,3200,1759
6375,1440,3200,1760
6376,1440,3200,1760
6377,1440,3200,1760
6378,1439,3200,1761
6379,1439,3200,1761
6380,1439,3200,1761
6381,1439,3200,1761
6382,1439,3200,1761
6383,1439,3200,1761
6384,1439,3200,1761
6385,1439,3200,1761
6386,1439,3200,1761
6387,1439,3200,1761
6388,1439,3200,1761
6389,1439,3200,1761
6390,1439,3200,1761
6391,1439,3200,1761
6392,1439,3200,1761
6393,1439,3200,1761
6394,1439,3200,1761
6395,1439,3200,1761
6396,1438,3200,1762
6397,1438,3200,1762
6398,1438,3200,1762
6399,1438,3200,1762
6400,1438,3200,1762
6401,1437,3200,1763
6402,1437,3200,1763
6403,1437,3200,1763
6404,1437,3200,1763
6405,1437,3200,1763
6406,1437,3200,1763
6407,1437,3200,1763
6408,1437,3200,1763
6409,1436,3200,1764
6410,1436,3200,1764
6411,1435,3200,1765
6412,1435,3200,1765
6413,1435,3200,1765
6414,1435,3200,1765
6415,1435,3200,1765
6416,1434,3200,1766
6417,1434,3200,1766
6418,1433,3200,1767
6419,1433,3200,1767
6420,1433,3200,1767
6421,1433,3200,1767
6422,1432,3200,1768
6423,1431,3200,1769
6424,1431,3200,1769
6425,1431,3200,1769
6426,1430,3200,1770
6427,1430,3200,1770
6428,1430,3200,1770
6429,1430,3200,1770
6430,1429,3200,1771
6431,1429,3200,1771
6432,1429,3200,1771
6433,1429,3200,1771
6434,1429,3200,1771
6435,1428,3200,1772
6436,1428,3200,1772
6437,1428,3200,1772
6438,1428,3200,1772
6439,1428,3200,1772
6440,1427,3200,1773
6441,1427,3200,1773
6442,1427,3200,1773
6443,1427,3200,1773
6444,1427,3200,1773
6445,1427,3200,1773
6446,1427,3200,1773
6447,1427,3200,1773
6448,1427,3200,1773
6449,1426,3200,1774
6450,1426,3200,1774
6451,1425,3200,1775
6452,1425,3200,1775
6453,1424,3200,1776
6454,1424,3200,1776
6455,1423,3200,1777
6456,1423,3200,1777
6457,1422,3200,1778
6458,1422,3200,1778
6459,1422,3200,1778
6460,1421,3200,1779
6461,1421,3200,1779
6462,1420,3200,1780
6463,1420,3200,1780
6464,1420,3200,1780
6465,1420,3200,1780
6466,1420,3200,1780
6467,1420,3200,1780
6468,1420,3200,1780
6469,1420,3200,1780
6470,1420,3200,1780
6471,1420,3200,1780
6472,1420,3200,1780
6473,1420,3200,1780
6474,1420,3200,1780
6475,1420,3200,1780
6476,1420,3200,1780
6477,1420,3200,1780
6478,1419,3200,1781
6479,1419,3200,1781
6480,1418,3200,1782
6481,1418,3200,1782
6482,1418,3200,1782
6483,1417,3200,1783
6484,1417,3200,1783
6485,1417,3200,1783
6486,1416,3200,1784
6487,1415,3200,1785
6488,1415,3200,1785
6489,1415,3200,1785
6490,1415,3200,1785
6491,1415,3200,1785
6492,1415,3200,1785
6493,1415,3200,1785
6494,1415,3200,1785
6495,1415,3200,1785
6496,1415,3200,1785
6497,1415,3200,1785
6498,1415,3200,1785
6499,1415,3200,1785
6500,1414,3200,1786
6501,1414,3200,1786
6502,1414,3200,1786
6503,1413,3200,1787
6504,1413,3200,1787
6505,1413,3200,1787
6506,1412,3200,1788
6507,1412,3200,1788
6508,1412,3200,1788
6509,1411,3200,1789
6510,1411,3200,1789
6511,1411,3200,1789
6512,1411,3200,1789
6513,1411,3200,1789
6514,1411,3200,1789
6515,1410,3200,1790
6516,1410,3200,1790
6517,1410,3200,1790
6518,1409,3200,1791
6519,1409,3200,1791
6520,1409,3200,1791
6521,1409,3200,1791
6522,1408,3200,1792
6523,1408,3200,1792
6524,1408,3200,1792
6525,1407,3200,1793
6526,1407,3200,1793
6527,1407,3200,1793
6528,1406,3200,1794
6529,1406,3200,1794
6530,1405,3200,1795
6531,1405,3200,1795
6532,1405,3200,1795
6533,1404,3200,1796
6534,1403,3200,1797
6535,1403,3200,1797
6536,1403,3200,1797
6537,1403,3200,1797
6538,1403,3200,1797
6539,1402,3200,1798
6540,1402,3200,1798
6541,1401,3200,1799
6542,1401,3200,1799
6543,1401,3200,1799
6544,1401,3200,1799
6545,1400,3200,1800
6546,1400,3200,1800
6547,1400,3200,1800
6548,1399,3200,1801
6549,1398,3200,1802
6550,1398,3200,1802
6551,1397,3200,1803
6552,1397,3200,1803
6553,1397,3200,1803
6554,1397,3200,1803
6555,1397,3200,1803
6556,1397,3200,1803
6557,1397,3200,1803
6558,1397,3200,1803
6559,1397,3200,1803
6560,1397,3200,1803
6561,1397,3200,1803
6562,1397,3200,1803
6563,1397,3200,1803
6564,1397,3200,1803
6565,1397,3200,1803
6566,1397,3200,1803
6567,1397,3200,1803
6568,1397,3200,1803
6569,1397,3200,1803
6570,1397,3200,1803
6571,1397,3200,1803
6572,1397,3200,1803
6573,1397,3200,1803
6574,1397,3200,1803
6575,1396,3200,1804
6576,1396,3200,1804
6577,1396,3200,1804
6578,1395,3200,1805
6579,1395,3200,1805
6580,1395,3200,1805
6581,1394,3200,1806
6582,1394,3200,1806
6583,1394,3200,1806
6584,1394,3200,1806
6585,1393,3200,1807
6586,1393,3200,1807
6587,1393,3200,1807
6588,1393,3200,1807
6589,1393,3200,1807
6590,1393,3200,1807
6591,1393,3200,1807
6592,1392,3200,1808
6593,1392,3200,1808
6594,1392,3200,1808
6595,1391,3200,1809
6596,1391,3200,1809
6597,1390,3200,1810
6598,1390,3200,1810
6599,1390,3200,1810
6600,1389,3200,1811
6601,1389,3200,1811
6602,1388,3200,1812
6603,1388,3200,1812
6604,1388,3200,1812
6605,1387,3200,1813
6606,1387,3200,1813
6607,1387,3200,1813
6608,1387,3200,1813
6609,1387,3200,1813
6610,1387,3200,1813
6611,1387,3200,1813
6612,1387,3200,1813
6613,1387,3200,1813
6614,1387,3200,1813
6615,1387,3200,1813
6616,1387,3200,1813
6617,1386,3200,1814
6618,1386,3200,1814
6619,1386,3200,1814
6620,1385,3200,1815
6621,1384,3200,1816
6622,1383,3200,1817
6623,1383,3200,1817
6624,1383,3200,1817
6625,1383,3200,1817
6626,1383,3200,1817
6627,1383,3200,1817
6628,1383,3200,1817
6629,1383,3200,1817
6630,1383,3200,1817
6631,1383,3200,1817
6632,1383,3200,1817
6633,1383,3200,1817
6634,1382,3200,1818
6635,1381,3200,1819
6636,1381,3200,1819
6637,1381,3200,1819
6638,1381,3200,1819
6639,1381,3200,1819
6640,1381,3200,1819
6641,1381,3200,1819
6642,1380,3200,1820
6643,1380,3200,1820
6644,1379,3200,1821
6645,1379,3200,1821
6646,1379,3200,1821
6647,1379,3200,1821
6648,1379,3200,1821
6649,1379,3200,1821
6650,1378,3200,1822
6651,1378,3200,1822
6652,1377,3200,1823
6653,1377,3200,1823
6654,1377,3200,1823
6655,1376,3200,1824
6656,1376,3200,1824
6657,1376,3200,1824
6658,1375,3200,1825
6659,1375,3200,1825
6660,1374,3200,1826
6661,1374,3200,1826
6662,1374,3200,1826
6663,1373,3200,1827
6664,1373,3200,1827
6665,1372,3200,1828
6666,1372,3200,1828
6667,1371,3200,1829
6668,1371,3200,1829
6669,1371,3200,1829
6670,1371,3200,1829
6671,1370,3200,1830
6672,1370,3200,1830
6673,1370,3200,1830
6674,1370,3200,1830
6675,1370,3200,1830
6676,1370,3200,1830
6677,1370,3200,1830
6678,1370,3200,1830
6679,1370,3200,1830
6680,1370,3200,1830
6681,1370,3200,1830
6682,1370,3200,1830
6683,1370,3200,1830
6684,1369,3200,1831
6685,1369,3200,1831
6686,1369,3200,1831
6687,1369,3200,1831
6688,1369,3200,1831
6689,1369,3200,1831
6690,1368,3200,1832
6691,1368,3200,1832
6692,1368,3200,1832
6693,1368,3200,1832
6694,1367,3200,1833
6695,1367,3200,1833
6696,1366,3200,1834
6697,1366,3200,1834
6698,1366,3200,1834
6699,1366,3200,1834
6700,1366,3200,1834
6701,1366,3200,1834
6702,1365,3200,1835
6703,1365,3200,1835
6704,1364,3200,1836
6705,1364,3200,1836
6706,1364,3200,1836
6707,1364,3200,1836
6708,1363,3200,1837
6709,1363,3200,1837
6710,1363,3200,1837
6711,1362,3200,1838
6712,1362,3200,1838
6713,1362,3200,1838
6714,1362,3200,1838
6715,1362,3200,1838
6716,1362,3200,1838
6717,1362,3200,1838
6718,1362,3200,1838
6719,1362,3200,1838
6720,1362,3200,1838
6721,1362,3200,1838
6722,1362,3200,1838
6723,1362,3200,1838
6724,1361,3200,1839
6725,1361,3200,1839
6726,1360,3200,1840
6727,1360,3200,1840
6728,1359,3200,1841
6729,1359,3200,1841
6730,1359,3200,1841
6731,1359,3200,1841
6732,1358,3200,1842
6733,1358,3200,1842
6734,1358,3200,1842
6735,1358,3200,1842
6736,1358,3200,1842
6737,1358,3200,1842
6738,1358,3200,1842
6739,1358,3200,1842
6740,1357,3200,1843
6741,1357,3200,1843
6742,1356,3200,1844
6743,1356,3200,1844
6744,1356,3200,1844
6745,1356,3200,1844
6746,1355,3200,1845
6747,1355,3200,1845
6748,1355,3200,1845
6749,1355,3200,1845
6750,1355,3200,1845
6751,1355,3200,1845
6752,1354,3200,1846
6753,1354,3200,1846
6754,1353,3200,1847
6755,1353,3200,1847
6756,1353,3200,1847
6757,1353,3200,1847
6758,1353,3200,1847
6759,1353,3200,1847
6760,1353,3200,1847
6761,1353,3200,1847
6762,1353,3200,1847
6763,1353,3200,1847
6764,1353,3200,1847
6765,1353,3200,1847
6766,1353,3200,1847
6767,1352,3200,1848
6768,1352,3200,1848
6769,1351,3200,1849
6770,1351,3200,1849
6771,1351,3200,1849
6772,1351,3200,1849
6773,1351,3200,1849
6774,1351,3200,1849
6775,1351,3200,1849
6776,1351,3200,1849
6777,1350,3200,1850
6778,1350,3200,1850
6779,1349,3200,1851
6780,1349,3200,1851
6781,1348,3200,1852
6782,1347,3200,1853
6783,1347,3200,1853
6784,1347,3200,1853
6785,1347,3200,1853
6786,1347,3200,1853
6787,1347,3200,1853
6788,1346,3200,1854
6789,1345,3200,1855
6790,1345,3200,1855
6791,1345,3200,1855
6792,1345,3200,1855
6793,1344,3200,1856
6794,1344,3200,1856
6795,1343,3200,1857
6796,1343,3200,1857
6797,1343,3200,1857
6798,1343,3200,1857
6799,1342,3200,1858
6800,1342,3200,1858
6801,1342,3200,1858
6802,1342,3200,1858
6803,1342,3200,1858
6804,1342,3200,1858
6805,1342,3200,1858
6806,1342,3200,1858
6807,1342,3200,1858
6808,1342,3200,1858
6809,1342,3200,1858
6810,1341,3200,1859
6811,1341,3200,1859
6812,1341,3200,1859
6813,1341,3200,1859
6814,1340,3200,1860
6815,1339,3200,1861
6816,1339,3200,1861
6817,1339,3200,1861
6818,1339,3200,1861
6819,1339,3200,1861
6820,1339,3200,1861
6821,1338,3200,1862
6822,1338,3200,1862
6823,1338,3200,1862
6824,1338,3200,1862
6825,1337,3200,1863
6826,1337,3200,1863
6827,1337,3200,1863
6828,1337,3200,1863
6829,1337,3200,1863
6830,1336,3200,1864
6831,1336,3200,1864
6832,1336,3200,1864
6833,1336,3200,1864
6834,1336,3200,1864
6835,1336,3200,1864
6836,1336,3200,1864
6837,1336,3200,1864
6838,1336,3200,1864
6839,1335,3200,1865
6840,1335,3200,1865
6841,1335,3200,1865
6842,1334,3200,1866
6843,1334,3200,1866
6844,1333,3200,1867
6845,1333,3200,1867
6846,1333,3200,1867
6847,1332,3200,1868
6848,1331,3200,1869
6849,1331,3200,1869
6850,1331,3200,1869
6851,1330,3200,1870
6852,1329,3200,1871
6853,1329,3200,1871
6854,1329,3200,1871
6855,1329,3200,1871
6856,1329,3200,1871
6857,1329,3200,1871
6858,1329,3200,1871
6859,1329,3200,1871
6860,1329,3200,1871
6861,1329,3200,1871
6862,1329,3200,1871
6863,1329,3200,1871
6864,1329,3200,1871
6865,1329,3200,1871
6866,1329,3200,1871
6867,1328,3200,1872
6868,1327,3200,1873
6869,1327,3200,1873
6870,1327,3200,1873
6871,1327,3200,1873
6872,1327,3200,1873
6873,1327,3200,1873
6874,1327,3200,1873
6875,1327,3200,1873
6876,1326,3200,1874
6877,1326,3200,1874
6878,1326,3200,1874
6879,1326,3200,1874
6880,1326,3200,1874
6881,1325,3200,1875
6882,1325,3200,1875
6883,1325,3200,1875
6884,1324,3200,1876
6885,1324,3200,1876
6886,1324,3200,1876
6887,1324,3200,1876
6888,1323,3200,1877
6889,1323,3200,1877
6890,1323,3200,1877
6891,1323,3200,1877
6892,1323,3200,1877
6893,1323,3200,1877
6894,1323,3200,1877
6895,1323,3200,1877
6896,1322,3200,1878
6897,1322,3200,1878
6898,1321,3200,1879
6899,1321,3200,1879
6900,1321,3200,1879
6901,1321,3200,1879
6902,1321,3200,1879
6903,1321,3200,1879
6904,1321,3200,1879
6905,1321,3200,1879
6906,1320,3200,1880
6907,1319,3200,1881
6908,1319,3200,1881
6909,1319,3200,1881
6910,1318,3200,1882
6911,1317,3200,1883
6912,1317,3200,1883
6913,1317,3200,1883
6914,1317,3200,1883
6915,1316,3200,1884
6916,1316,3200,1884
6917,1316,3200,1884
6918,1316,3200,1884
6919,1316,3200,1884
6920,1316,3200,1884
6921,1316,3200,1884
6922,1316,3200,1884
6923,1316,3200,1884
6924,1316,3200,1884
6925,1315,3200,1885
6926,1314,3200,1886
6927,1314,3200,1886
6928,1314,3200,1886
6929,1313,3200,1887
6930,1313,3200,1887
6931,1313,3200,1887
6932,1313,3200,1887
6933,1313,3200,1887
6934,1313,3200,1887
6935,1313,3200,1887
6936,1313,3200,1887
6937,1313,3200,1887
6938,1312,3200,1888
6939,1312,3200,1888
6940,1312,3200,1888
6941,1312,3200,1888
6942,1312,3200,1888
6943,1312,3200,1888
6944,1311,3200,1889
6945,1311,3200,1889
6946,1311,3200,1889
6947,1311,3200,1889
6948,1311,3200,1889
6949,1311,3200,1889
6950,1311,3200,1889
6951,1310,3200,1890
6952,1309,3200,1891
6953,1309,3200,1891
6954,1309,3200,1891
6955,1309,3200,1891
6956,1308,3200,1892
6957,1308,3200,1892
6958,1307,3200,1893
6959,1307,3200,1893
6960,1306,3200,1894
6961,1306,3200,1894
6962,1306,3200,1894
6963,1306,3200,1894
6964,1306,3200,1894
6965,1305,3200,1895
6966,1305,3200,1895
6967,1305,3200,1895
6968,1305,3200,1895
6969,1305,3200,1895
6970,1304,3200,1896
6971,1303,3200,1897
6972,1303,3200,1897
6973,1303,3200,1897
6974,1302,3200,1898
6975,1302,3200,1898
6976,1302,3200,1898
6977,1302,3200,1898
6978,1301,3200,1899
6979,1301,3200,1899
6980,1301,3200,1899
6981,1301,3200,1899
6982,1301,3200,1899
6983,1301,3200,1899
6984,1300,3200,1900
6985,1300,3200,1900
6986,1300,3200,1900
6987,1299,3200,1901
6988,1299,3200,1901
6989,1299,3200,1901
6990,1299,3200,1901
6991,1299,3200,1901
6992,1298,3200,1902
6993,1298,3200,1902
6994,1297,3200,1903
6995,1297,3200,1903
6996,1297,3200,1903
6997,1297,3200,1903
6998,1297,3200,1903
6999,1297,3200,1903
7000,1297,3200,1903
7001,1297,3200,1903
7002,1296,3200,1904
7003,1296,3200,1904
7004,1296,3200,1904
7005,1295,3200,1905
7006,1295,3200,1905
7007,1295,3200,1905
7008,1295,3200,1905
7009,1295,3200,1905
7010,1295,3200,1905
7011,1295,3200,1905
7012,1294,3200,1906
7013,1294,3200,1906
7014,1294,3200,1906
7015,1294,3200,1906
7016,1294,3200,1906
7017,1293,3200,1907
7018,1293,3200,1907
7019,1293,3200,1907
7020,1292,3200,1908
7021,1292,3200,1908
7022,1292,3200,1908
7023,1292,3200,1908
7024,1291,3200,1909
7025,1291,3200,1909
7026,1291,3200,1909
7027,1290,3200,1910
7028,1290,3200,1910
7029,1289,3200,1911
7030,1289,3200,1911
7031,1289,3200,1911
7032,1288,3200,1912
7033,1288,3200,1912
7034,1287,3200,1913
7035,1287,3200,1913
7036,1287,3200,1913
7037,1287,3200,1913
7038,1287,3200,1913
7039,1287,3200,1913
7040,1287,3200,1913
7041,1287,3200,1913
7042,1287,3200,1913
7043,1287,3200,1913
7044,1287,3200,1913
7045,1287,3200,1913
7046,1286,3200,1914
7047,1285,3200,1915
7048,1285,3200,1915
7049,1285,3200,1915
7050,1285,3200,1915
7051,1285,3200,1915
7052,1285,3200,1915
7053,1285,3200,1915
7054,1285,3200,1915
7055,1285,3200,1915
7056,1285,3200,1915
7057,1285,3200,1915
7058,1285,3200,1915
7059,1285,3200,1915
7060,1285,3200,1915
7061,1285,3200,1915
7062,1285,3200,1915
7063,1285,3200,1915
7064,1285,3200,1915
7065,1285,3200,1915
7066,1285,3200,1915
7067,1285,3200,1915
7068,1285,3200,1915
7069,1285,3200,1915
7070,1284,3200,1916
7071,1284,3200,1916
7072,1284,3200,1916
7073,1283,3200,1917
7074,1283,3200,1917
7075,1282,3200,1918
7076,1282,3200,1918
7077,1282,3200,1918
7078,1281,3200,1919
7079,1281,3200,1919
7080,1281,3200,1919
7081,1280,3200,1920
7082,1280,3200,1920
7083,1280,3200,1920
7084,1279,3200,1921
7085,1279,3200,1921
7086,1278,3200,1922
7087,1277,3200,1923
7088,1277,3200,1923
7089,1277,3200,1923
7090,1277,3200,1923
7091,1277,3200,1923
7092,1277,3200,1923
7093,1277,3200,1923
7094,1277,3200,1923
7095,1277,3200,1923
7096,1277,3200,1923
7097,1276,3200,1924
7098,1276,3200,1924
7099,1275,3200,1925
7100,1275,3200,1925
7101,1275,3200,1925
7102,1274,3200,1926
7103,1274,3200,1926
7104,1274,3200,1926
7105,1273,3200,1927
7106,1273,3200,1927
7107,1273,3200,1927
7108,1273,3200,1927
7109,1273,3200,1927
7110,1272,3200,1928
7111,1272,3200,1928
7112,1272,3200,1928
7113,1272,3200,1928
7114,1272,3200,1928
7115,1272,3200,1928
7116,1272,3200,1928
7117,1271,3200,1929
7118,1271,3200,1929
7119,1270,3200,1930
7120,1270,3200,1930
7121,1270,3200,1930
7122,1269,3200,1931
7123,1269,3200,1931
7124,1268,3200,1932
7125,1268,3200,1932
7126,1267,3200,1933
7127,1267,3200,1933
7128,1267,3200,1933
7129,1266,3200,1934
7130,1266,3200,1934
7131,1266,3200,1934
7132,1265,3200,1935
7133,1265,3200,1935
7134,1264,3200,1936
7135,1264,3200,1936
7136,1264,3200,1936
7137,1263,3200,1937
7138,1262,3200,1938
7139,1262,3200,1938
7140,1262,3200,1938
7141,1262,3200,1938
7142,1262,3200,1938
7143,1262,3200,1938
7144,1262,3200,1938
7145,1262,3200,1938
7146,1262,3200,1938
7147,1262,3200,1938
7148,1262,3200,1938
7149,1262,3200,1938
7150,1262,3200,1938
7151,1262,3200,1938
7152,1261,3200,1939
7153,1261,3200,1939
7154,1261,3200,1939
7155,1261,3200,1939
7156,1261,3200,1939
7157,1261,3200,1939
7158,1260,3200,1940
7159,1260,3200,1940
7160,1260,3200,1940
7161,1259,3200,1941
7162,1259,3200,1941
7163,1259,3200,1941
7164,1259,3200,1941
7165,1259,3200,1941
7166,1259,3200,1941
7167,1259,3200,1941
7168,1259,3200,1941
7169,1258,3200,1942
7170,1258,3200,1942
7171,1257,3200,1943
7172,1257,3200,1943
7173,1256,3200,1944
7174,1256,3200,1944
7175,1256,3200,1944
7176,1256,3200,1944
7177,1256,3200,1944
7178,1256,3200,1944
7179,1256,3200,1944
7180,1255,3200,1945
7181,1254,3200,1946
7182,1254,3200,1946
7183,1254,3200,1946
7184,1254,3200,1946
7185,1253,3200,1947
7186,1253,3200,1947
7187,1253,3200,1947
7188,1253,3200,1947
7189,1252,3200,1948
7190,1252,3200,1948
7191,1252,3200,1948
7192,1252,3200,1948
7193,1251,3200,1949
7194,1251,3200,1949
7195,1251,3200,1949
7196,1251,3200,1949
7197,1250,3200,1950
7198,1250,3200,1950
7199,1249,3200,1951
7200,1249,3200,1951
7201,1249,3200,1951
7202,1248,3200,1952
7203,1248,3200,1952
7204,1247,3200,1953
7205,1247,3200,1953
7206,1247,3200,1953
7207,1247,3200,1953
7208,1247,3200,1953
7209,1247,3200,1953
7210,1247,3200,1953
7211,1247,3200,1953
7212,1247,3200,1953
7213,1247,3200,1953
7214,1246,3200,1954
7215,1246,3200,1954
7216,1245,3200,1955
7217,1245,3200,1955
7218,1245,3200,1955
7219,1245,3200,1955
7220,1245,3200,1955
7221,1244,3200,1956
7222,1244,3200,1956
7223,1243,3200,1957
7224,1243,3200,1957
7225,1243,3200,1957
7226,1243,3200,1957
7227,1243,3200,1957
7228,1243,3200,1957
7229,1243,3200,1957
7230,1243,3200,1957
7231,1242,3200,1958
7232,1242,3200,1958
7233,1242,3200,1958
7234,1242,3200,1958
7235,1242,3200,1958
7236,1242,3200,1958
7237,1241,3200,1959
7238,1241,3200,1959
7239,1241,3200,1959
7240,1240,3200,1960
7241,1240,3200,1960
7242,1240,3200,1960
7243,1240,3200,1960
7244,1240,3200,1960
7245,1239,3200,1961
7246,1239,3200,1961
7247,1238,3200,1962
7248,1238,3200,1962
7249,1238,3200,1962
7250,1237,3200,1963
7251,1237,3200,1963
7252,1237,3200,1963
7253,1237,3200,1963
7254,1237,3200,1963
7255,1237,3200,1963
7256,1237,3200,1963
7257,1237,3200,1963
7258,1237,3200,1963
7259,1237,3200,1963
7260,1237,3200,1963
7261,1237,3200,1963
7262,1237,3200,1963
7263,1237,3200,1963
7264,1236,3200,1964
7265,1236,3200,1964
7266,1236,3200,1964
7267,1236,3200,1964
7268,1236,3200,1964
7269,1235,3200,1965
7270,1235,3200,1965
7271,1234,3200,1966
7272,1234,3200,1966
7273,1234,3200,1966
7274,1234,3200,1966
7275,1233,3200,1967
7276,1233,3200,1967
7277,1233,3200,1967
7278,1233,3200,1967
7279,1233,3200,1967
7280,1233,3200,1967
7281,1233,3200,1967
7282,1233,3200,1967
7283,1233,3200,1967
7284,1233,3200,1967
7285,1232,3200,1968
7286,1232,3200,1968
7287,1232,3200,1968
7288,1231,3200,1969
7289,1231,3200,1969
7290,1230,3200,1970
7291,1230,3200,1970
7292,1230,3200,1970
7293,1230,3200,1970
7294,1229,3200,1971
7295,1229,3200,1971
7296,1229,3200,1971
7297,1229,3200,1971
7298,1229,3200,1971
7299,1229,3200,1971
7300,1229,3200,1971
7301,1228,3200,1972
7302,1228,3200,1972
7303,1227,3200,1973
7304,1227,3200,1973
7305,1227,3200,1973
7306,1226,3200,1974
7307,1225,3200,1975
7308,1225,3200,1975
7309,1225,3200,1975
7310,1224,3200,1976
7311,1224,3200,1976
7312,1224,3200,1976
7313,1223,3200,1977
7314,1223,3200,1977
7315,1223,3200,1977
7316,1222,3200,1978
7317,1222,3200,1978
7318,1222,3200,1978
7319,1222,3200,1978
7320,1222,3200,1978
7321,1221,3200,1979
7322,1221,3200,1979
7323,1221,3200,1979
7324,1221,3200,1979
7325,1221,3200,1979
7326,1221,3200,1979
7327,1221,3200,1979
7328,1221,3200,1979
7329,1221,3200,1979
7330,1221,3200,1979
7331,1221,3200,1979
7332,1221,3200,1979
7333,1221,3200,1979
7334,1221,3200,1979
7335,1221,3200,1979
7336,1221,3200,1979
7337,1221,3200,1979
7338,1221,3200,1979
7339,1221,3200,1979
7340,1221,3200,1979
7341,1221,3200,1979
7342,1221,3200,1979
7343,1221,3200,1979
7344,1221,3200,1979
7345,1220,3200,1980
7346,1219,3200,1981
7347,1219,3200,1981
7348,1219,3200,1981
7349,1219,3200,1981
7350,1219,3200,1981
7351,1219,3200,1981
7352,1217,3200,1983
7353,1217,3200,1983
7354,1217,3200,1983
7355,1217,3200,1983
7356,1216,3200,1984
7357,1216,3200,1984
7358,1216,3200,1984
7359,1216,3200,1984
7360,1216,3200,1984
7361,1216,3200,1984
7362,1215,3200,1985
7363,1215,3200,1985
7364,1214,3200,1986
7365,1214,3200,1986
7366,1214,3200,1986
7367,1213,3200,1987
7368,1213,3200,1987
7369,1213,3200,1987
7370,1213,3200,1987
7371,1213,3200,1987
7372,1213,3200,1987
7373,1213,3200,1987
7374,1212,3200,1988
7375,1212,3200,1988
7376,1212,3200,1988
7377,1211,3200,1989
7378,1210,3200,1990
7379,1210,3200,1990
7380,1210,3200,1990
7381,1209,3200,1991
7382,1209,3200,1991
7383,1209,3200,1991
7384,1208,3200,1992
7385,1208,3200,1992
7386,1207,3200,1993
7387,1207,3200,1993
7388,1207,3200,1993
7389,1207,3200,1993
7390,1207,3200,1993
7391,1207,3200,1993
7392,1206,3200,1994
7393,1206,3200,1994
7394,1206,3200,1994
7395,1205,3200,1995
7396,1205,3200,1995
7397,1205,3200,1995
7398,1204,3200,1996
7399,1204,3200,1996
7400,1204,3200,1996
7401,1203,3200,1997
7402,1203,3200,1997
7403,1203,3200,1997
7404,1202,3200,1998
7405,1202,3200,1998
7406,1202,3200,1998
7407,1202,3200,1998
7408,1202,3200,1998
7409,1201,3200,1999
7410,1201,3200,1999
7411,1201,3200,1999
7412,1201,3200,1999
7413,1201,3200,1999
7414,1201,3200,1999
7415,1201,3200,1999
7416,1201,3200,1999
7417,1200,3200,2000
7418,1200,3200,2000
7419,1200,3200,2000
7420,1200,3200,2000
7421,1199,3200,2001
7422,1199,3200,2001
7423,1199,3200,2001
7424,1198,3200,2002
7425,1198,3200,2002
7426,1198,3200,2002
7427,1197,3200,2003
7428,1197,3200,2003
7429,1197,3200,2003
7430,1196,3200,2004
7431,1196,3200,2004
7432,1196,3200,2004
7433,1195,3200,2005
7434,1195,3200,2005
7435,1195,3200,2005
7436,1194,3200,2006
7437,1193,3200,2007
7438,1193,3200,2007
7439,1193,3200,2007
7440,1193,3200,2007
7441,1193,3200,2007
7442,1193,3200,2007
7443,1193,3200,2007
7444,1193,3200,2007
7445,1193,3200,2007
7446,1193,3200,2007
7447,1192,3200,2008
7448,1192,3200,2008
7449,1192,3200,2008
7450,1192,3200,2008
7451,1192,3200,2008
7452,1191,3200,2009
7453,1191,3200,2009
7454,1191,3200,2009
7455,1190,3200,2010
7456,1190,3200,2010
7457,1190,3200,2010
7458,1189,3200,2011
7459,1189,3200,2011
7460,1188,3200,2012
7461,1188,3200,2012
7462,1188,3200,2012
7463,1188,3200,2012
7464,1188,3200,2012
7465,1188,3200,2012
7466,1188,3200,2012
7467,1187,3200,2013
7468,1186,3200,2014
7469,1186,3200,2014
7470,1186,3200,2014
7471,1185,3200,2015
7472,1185,3200,2015
7473,1185,3200,2015
7474,1184,3200,2016
7475,1184,3200,2016
7476,1184,3200,2016
7477,1183,3200,2017
7478,1183,3200,2017
7479,1183,3200,2017
7480,1183,3200,2017
7481,1183,3200,2017
7482,1183,3200,2017
7483,1182,3200,2018
7484,1182,3200,2018
7485,1182,3200,2018
7486,1182,3200,2018
7487,1182,3200,2018
7488,1182,3200,2018
7489,1182,3200,2018
7490,1182,3200,2018
7491,1182,3200,2018
7492,1182,3200,2018
7493,1182,3200,2018
7494,1182,3200,2018
7495,1182,3200,2018
7496,1181,3200,2019
7497,1181,3200,2019
7498,1181,3200,2019
7499,1181,3200,2019
7500,1180,3200,2020
7501,1179,3200,2021
7502,1179,3200,2021
7503,1179,3200,2021
7504,1179,3200,2021
7505,1178,3200,2022
7506,1178,3200,2022
7507,1178,3200,2022
7508,1178,3200,2022
7509,1178,3200,2022
7510,1177,3200,2023
7511,1177,3200,2023
7512,1176,3200,2024
7513,1176,3200,2024
7514,1176,3200,2024
7515,1175,3200,2025
7516,1175,3200,2025
7517,1175,3200,2025
7518,1175,3200,2025
7519,1175,3200,2025
7520,1175,3200,2025
7521,1175,3200,2025
7522,1175,3200,2025
7523,1174,3200,2026
7524,1174,3200,2026
7525,1174,3200,2026
7526,1173,3200,2027
7527,1173,3200,2027
7528,1173,3200,2027
7529,1173,3200,2027
7530,1173,3200,2027
7531,1173,3200,2027
7532,1173,3200,2027
7533,1173,3200,2027
7534,1173,3200,2027
7535,1173,3200,2027
7536,1173,3200,2027
7537,1172,3200,2028
7538,1172,3200,2028
7539,1171,3200,2029
7540,1171,3200,2029
7541,1171,3200,2029
7542,1170,3200,2030
7543,1170,3200,2030
7544,1170,3200,2030
7545,1170,3200,2030
7546,1170,3200,2030
7547,1169,3200,2031
7548,1169,3200,2031
7549,1168,3200,2032
7550,1168,3200,2032
7551,1167,3200,2033
7552,1167,3200,2033
7553,1166,3200,2034
7554,1166,3200,2034
7555,1166,3200,2034
7556,1166,3200,2034
7557,1165,3200,2035
7558,1165,3200,2035
7559,1165,3200,2035
7560,1165,3200,2035
7561,1165,3200,2035
7562,1165,3200,2035
7563,1165,3200,2035
7564,1165,3200,2035
7565,1165,3200,2035
7566,1165,3200,2035
7567,1165,3200,2035
7568,1165,3200,2035
7569,1165,3200,2035
7570,1165,3200,2035
7571,1165,3200,2035
7572,1165,3200,2035
7573,1165,3200,2035
7574,1165,3200,2035
7575,1165,3200,2035
7576,1165,3200,2035
7577,1165,3200,2035
7578,1165,3200,2035
7579,1165,3200,2035
7580,1165,3200,2035
7581,1164,3200,2036
7582,1163,3200,2037
7583,1163,3200,2037
7584,1163,3200,2037
7585,1163,3200,2037
7586,1163,3200,2037
7587,1163,3200,2037
7588,1163,3200,2037
7589,1162,3200,2038
7590,1162,3200,2038
7591,1162,3200,2038
7592,1162,3200,2038
7593,1161,3200,2039
7594,1161,3200,2039
7595,1161,3200,2039
7596,1160,3200,2040
7597,1160,3200,2040
7598,1159,3200,2041
7599,1159,3200,2041
7600,1159,3200,2041
7601,1158,3200,2042
7602,1157,3200,2043
7603,1157,3200,2043
7604,1157,3200,2043
7605,1157,3200,2043
7606,1157,3200,2043
7607,1156,3200,2044
7608,1156,3200,2044
7609,1155,3200,2045
7610,1154,3200,2046
7611,1154,3200,2046
7612,1154,3200,2046
7613,1154,3200,2046
7614,1154,3200,2046
7615,1154,3200,2046
7616,1154,3200,2046
7617,1153,3200,2047
7618,1153,3200,2047
7619,1153,3200,2047
7620,1153,3200,2047
7621,1152,3200,2048
7622,1152,3200,2048
7623,1151,3200,2049
7624,1151,3200,2049
7625,1151,3200,2049
7626,1150,3200,2050
7627,1150,3200,2050
7628,1149,3200,2051
7629,1149,3200,2051
7630,1149,3200,2051
7631,1149,3200,2051
7632,1148,3200,2052
7633,1148,3200,2052
7634,1148,3200,2052
7635,1147,3200,2053
7636,1147,3200,2053
7637,1147,3200,2053
7638,1147,3200,2053
7639,1146,3200,2054
7640,1146,3200,2054
7641,1146,3200,2054
7642,1146,3200,2054
7643,1146,3200,2054
7644,1146,3200,2054
7645,1145,3200,2055
7646,1145,3200,2055
7647,1145,3200,2055
7648,1145,3200,2055
7649,1145,3200,2055
7650,1145,3200,2055
7651,1145,3200,2055
7652,1145,3200,2055
7653,1144,3200,2056
7654,1144,3200,2056
7655,1144,3200,2056
7656,1144,3200,2056
7657,1143,3200,2057
7658,1142,3200,2058
7659,1142,3200,2058
7660,1142,3200,2058
7661,1141,3200,2059
7662,1141,3200,2059
7663,1140,3200,2060
7664,1140,3200,2060
7665,1139,3200,2061
7666,1139,3200,2061
7667,1139,3200,2061
7668,1138,3200,2062
7669,1138,3200,2062
7670,1138,3200,2062
7671,1138,3200,2062
7672,1137,3200,2063
7673,1137,3200,2063
7674,1137,3200,2063
7675,1137,3200,2063
7676,1136,3200,2064
7677,1136,3200,2064
7678,1135,3200,2065
7679,1134,3200,2066
7680,1134,3200,2066
7681,1133,3200,2067
7682,1133,3200,2067
7683,1132,3200,2068
7684,1132,3200,2068
7685,1132,3200,2068
7686,1132,3200,2068
7687,1132,3200,2068
7688,1132,3200,2068
7689,1132,3200,2068
7690,1131,3200,2069
7691,1131,3200,2069
7692,1131,3200,2069
7693,1131,3200,2069
7694,1131,3200,2069
7695,1131,3200,2069
7696,1131,3200,2069
7697,1131,3200,2069
7698,1131,3200,2069
7699,1131,3200,2069
7700,1131,3200,2069
7701,1131,3200,2069
7702,1131,3200,2069
7703,1131,3200,2069
7704,1131,3200,2069
7705,1131,3200,2069
7706,1131,3200,2069
7707,1131,3200,2069
7708,1130,3200,2070
7709,1130,3200,2070
7710,1130,3200,2070
7711,1129,3200,2071
7712,1129,3200,2071
7713,1128,3200,2072
7714,1128,3200,2072
7715,1128,3200,2072
7716,1128,3200,2072
7717,1127,3200,2073
7718,1127,3200,2073
7719,1127,3200,2073
7720,1127,3200,2073
7721,1126,3200,2074
7722,1126,3200,2074
7723,1126,3200,2074
7724,1125,3200,2075
7725,1125,3200,2075
7726,1124,3200,2076
7727,1124,3200,2076
7728,1124,3200,2076
7729,1124,3200,2076
7730,1124,3200,2076
7731,1123,3200,2077
7732,1122,3200,2078
7733,1122,3200,2078
7734,1122,3200,2078
7735,1122,3200,2078
7736,1122,3200,2078
7737,1122,3200,2078
7738,1122,3200,2078
7739,1122,3200,2078
7740,1122,3200,2078
7741,1122,3200,2078
7742,1122,3200,2078
7743,1122,3200,2078
7744,1122,3200,2078
7745,1122,3200,2078
7746,1122,3200,2078
7747,1122,3200,2078
7748,1122,3200,2078
7749,1122,3200,2078
7750,1122,3200,2078
7751,1122,3200,2078
7752,1121,3200,2079
7753,1120,3200,2080
7754,1120,3200,2080
7755,1120,3200,2080
7756,1120,3200,2080
7757,1120,3200,2080
7758,1120,3200,2080
7759,1120,3200,2080
7760,1120,3200,2080
7761,1119,3200,2081
7762,1119,3200,2081
7763,1118,3200,2082
7764,1118,3200,2082
7765,1118,3200,2082
7766,1117,3200,2083
7767,1117,3200,2083
7768,1117,3200,2083
7769,1117,3200,2083
7770,1117,3200,2083
7771,1117,3200,2083
7772,1117,3200,2083
7773,1117,3200,2083
7774,1117,3200,2083
7775,1117,3200,2083
7776,1117,3200,2083
7777,1117,3200,2083
7778,1116,3200,2084
7779,1116,3200,2084
7780,1115,3200,2085
7781,1114,3200,2086
7782,1114,3200,2086
7783,1114,3200,2086
7784,1114,3200,2086
7785,1114,3200,2086
7786,1114,3200,2086
7787,1113,3200,2087
7788,1113,3200,2087
7789,1112,3200,2088
7790,1112,3200,2088
7791,1112,3200,2088
7792,1111,3200,2089
7793,1111,3200,2089
7794,1111,3200,2089
7795,1111,3200,2089
7796,1110,3200,2090
7797,1110,3200,2090
7798,1110,3200,2090
7799,1109,3200,2091
7800,1109,3200,2091
7801,1109,3200,2091
7802,1109,3200,2091
7803,1108,3200,2092
7804,1108,3200,2092
7805,1107,3200,2093
7806,1107,3200,2093
7807,1107,3200,2093
7808,1107,3200,2093
7809,1107,3200,2093
7810,1107,3200,2093
7811,1107,3200,2093
7812,1107,3200,2093
7813,1107,3200,2093
7814,1107,3200,2093
7815,1107,3200,2093
7816,1107,3200,2093
7817,1107,3200,2093
7818,1106,3200,2094
7819,1106,3200,2094
7820,1106,3200,2094
7821,1106,3200,2094
7822,1105,3200,2095
7823,1105,3200,2095
7824,1105,3200,2095
7825,1104,3200,2096
7826,1104,3200,2096
7827,1104,3200,2096
7828,1104,3200,2096
7829,1104,3200,2096
7830,1104,3200,2096
7831,1104,3200,2096
7832,1104,3200,2096
7833,1103,3200,2097
7834,1103,3200,2097
7835,1102,3200,2098
7836,1102,3200,2098
7837,1102,3200,2098
7838,1101,3200,2099
7839,1101,3200,2099
7840,1101,3200,2099
7841,1101,3200,2099
7842,1101,3200,2099
7843,1101,3200,2099
7844,1101,3200,2099
7845,1101,3200,2099
7846,1101,3200,2099
7847,1101,3200,2099
7848,1101,3200,2099
7849,1100,3200,2100
7850,1100,3200,2100
7851,1099,3200,2101
7852,1099,3200,2101
7853,1098,3200,2102
7854,1098,3200,2102
7855,1098,3200,2102
7856,1097,3200,2103
7857,1097,3200,2103
7858,1097,3200,2103
7859,1096,3200,2104
7860,1096,3200,2104
7861,1095,3200,2105
7862,1095,3200,2105
7863,1094,3200,2106
7864,1094,3200,2106
7865,1094,3200,2106
7866,1094,3200,2106
7867,1094,3200,2106
7868,1094,3200,2106
7869,1093,3200,2107
7870,1093,3200,2107
7871,1093,3200,2107
7872,1092,3200,2108
7873,1092,3200,2108
7874,1091,3200,2109
7875,1091,3200,2109
7876,1091,3200,2109
7877,1091,3200,2109
7878,1091,3200,2109
7879,1090,3200,2110
7880,1090,3200,2110
7881,1090,3200,2110
7882,1089,3200,2111
7883,1089,3200,2111
7884,1089,3200,2111
7885,1089,3200,2111
7886,1089,3200,2111
7887,1089,3200,2111
7888,1089,3200,2111
7889,1089,3200,2111
7890,1089,3200,2111
7891,1089,3200,2111
7892,1089,3200,2111
7893,1088,3200,2112
7894,1088,3200,2112
7895,1087,3200,2113
7896,1087,3200,2113
7897,1087,3200,2113
7898,1086,3200,2114
7899,1086,3200,2114
7900,1086,3200,2114
7901,1086,3200,2114
7902,1086,3200,2114
7903,1086,3200,2114
7904,1086,3200,2114
7905,1086,3200,2114
7906,1086,3200,2114
7907,1086,3200,2114
7908,1086,3200,2114
7909,1086,3200,2114
7910,1085,3200,2115
7911,1085,3200,2115
7912,1085,3200,2115
7913,1085,3200,2115
7914,1085,3200,2115
7915,1085,3200,2115
7916,1084,3200,2116
7917,1084,3200,2116
7918,1084,3200,2116
7919,1083,3200,2117
7920,1083,3200,2117
7921,1083,3200,2117
7922,1083,3200,2117
7923,1082,3200,2118
7924,1081,3200,2119
7925,1081,3200,2119
7926,1081,3200,2119
7927,1081,3200,2119
7928,1081,3200,2119
7929,1081,3200,2119
7930,1081,3200,2119
7931,1081,3200,2119
7932,1081,3200,2119
7933,1081,3200,2119
7934,1081,3200,2119
7935,1081,3200,2119
7936,1081,3200,2119
7937,1081,3200,2119
7938,1081,3200,2119
7939,1081,3200,2119
7940,1081,3200,2119
7941,1081,3200,2119
7942,1081,3200,2119
7943,1081,3200,2119
7944,1080,3200,2120
7945,1080,3200,2120
7946,1080,3200,2120
7947,1080,3200,2120
7948,1079,3200,2121
7949,1079,3200,2121
7950,1078,3200,2122
7951,1078,3200,2122
7952,1078,3200,2122
7953,1077,3200,2123
7954,1077,3200,2123
7955,1076,3200,2124
7956,1076,3200,2124
7957,1076,3200,2124
7958,1076,3200,2124
7959,1075,3200,2125
7960,1074,3200,2126
7961,1074,3200,2126
7962,1073,3200,2127
7963,1073,3200,2127
7964,1073,3200,2127
7965,1072,3200,2128
7966,1072,3200,2128
7967,1071,3200,2129
7968,1071,3200,2129
7969,1071,3200,2129
7970,1070,3200,2130
7971,1070,3200,2130
7972,1069,3200,2131
7973,1069,3200,2131
7974,1069,3200,2131
7975,1069,3200,2131
7976,1069,3200,2131
7977,1069,3200,2131
7978,1069,3200,2131
7979,1069,3200,2131
7980,1069,3200,2131
7981,1069,3200,2131
7982,1068,3200,2132
7983,1068,3200,2132
7984,1068,3200,2132
7985,1068,3200,2132
7986,1068,3200,2132
7987,1068,3200,2132
7988,1068,3200,2132
7989,1068,3200,2132
7990,1068,3200,2132
7991,1068,3200,2132
7992,1067,3200,2133
7993,1067,3200,2133
7994,1066,3200,2134
7995,1066,3200,2134
7996,1066,3200,2134
7997,1066,3200,2134
7998,1066,3200,2134
7999,1065,3200,2135
8000,1064,3200,2136
8001,1064,3200,2136
8002,1064,3200,2136
8003,1064,3200,2136
8004,1064,3200,2136
8005,1063,3200,2137
8006,1063,3200,2137
8007,1062,3200,2138
8008,1062,3200,2138
8009,1062,3200,2138
8010,1062,3200,2138
8011,1061,3200,2139
8012,1061,3200,2139
8013,1061,3200,2139
8014,1061,3200,2139
8015,1061,3200,2139
8016,1060,3200,2140
8017,1060,3200,2140
8018,1059,3200,2141
8019,1059,3200,2141
8020,1058,3200,2142
8021,1058,3200,2142
8022,1058,3200,2142
8023,1058,3200,2142
8024,1058,3200,2142
8025,1057,3200,2143
8026,1057,3200,2143
8027,1057,3200,2143
8028,1057,3200,2143
8029,1057,3200,2143
8030,1057,3200,2143
8031,1056,3200,2144
8032,1055,3200,2145
8033,1055,3200,2145
8034,1055,3200,2145
8035,1055,3200,2145
8036,1054,3200,2146
8037,1054,3200,2146
8038,1054,3200,2146
8039,1054,3200,2146
8040,1054,3200,2146
8041,1054,3200,2146
8042,1054,3200,2146
8043,1054,3200,2146
8044,1053,3200,2147
8045,1053,3200,2147
8046,1053,3200,2147
8047,1052,3200,2148
8048,1052,3200,2148
8049,1052,3200,2148
8050,1051,3200,2149
8051,1051,3200,2149
8052,1051,3200,2149
8053,1050,3200,2150
8054,1050,3200,2150
8055,1050,3200,2150
8056,1049,3200,2151
8057,1049,3200,2151
8058,1049,3200,2151
8059,1049,3200,2151
8060,1049,3200,2151
8061,1049,3200,2151
8062,1049,3200,2151
8063,1048,3200,2152
8064,1048,3200,2152
8065,1048,3200,2152
8066,1048,3200,2152
8067,1048,3200,2152
8068,1047,3200,2153
8069,1047,3200,2153
8070,1046,3200,2154
8071,1046,3200,2154
8072,1045,3200,2155
8073,1045,3200,2155
8074,1045,3200,2155
8075,1045,3200,2155
8076,1045,3200,2155
8077,1045,3200,2155
8078,1045,3200,2155
8079,1045,3200,2155
8080,1044,3200,2156
8081,1044,3200,2156
8082,1044,3200,2156
8083,1043,3200,2157
8084,1043,3200,2157
8085,1043,3200,2157
8086,1043,3200,2157
8087,1043,3200,2157
8088,1042,3200,2158
8089,1042,3200,2158
8090,1042,3200,2158
8091,1042,3200,2158
8092,1042,3200,2158
8093,1042,3200,2158
8094,1042,3200,2158
8095,1042,3200,2158
8096,1042,3200,2158
8097,1041,3200,2159
8098,1041,3200,2159
8099,1041,3200,2159
8100,1041,3200,2159
8101,1041,3200,2159
8102,1041,3200,2159
8103,1041,3200,2159
8104,1040,3200,2160
8105,1039,3200,2161
8106,1039,3200,2161
8107,1039,3200,2161
8108,1039,3200,2161
8109,1039,3200,2161
8110,1038,3200,2162
8111,1038,3200,2162
8112,1037,3200,2163
8113,1037,3200,2163
8114,1037,3200,2163
8115,1037,3200,2163
8116,1036,3200,2164
8117,1036,3200,2164
8118,1035,3200,2165
8119,1035,3200,2165
8120,1035,3200,2165
8121,1035,3200,2165
8122,1035,3200,2165
8123,1035,3200,2165
8124,1035,3200,2165
8125,1034,3200,2166
8126,1034,3200,2166
8127,1034,3200,2166
8128,1034,3200,2166
8129,1034,3200,2166
8130,1034,3200,2166
8131,1034,3200,2166
8132,1034,3200,2166
8133,1033,3200,2167
8134,1032,3200,2168
8135,1032,3200,2168
8136,1032,3200,2168
8137,1032,3200,2168
8138,1032,3200,2168
8139,1032,3200,2168
8140,1031,3200,2169
8141,1031,3200,2169
8142,1031,3200,2169
8143,1030,3200,2170
8144,1030,3200,2170
8145,1030,3200,2170
8146,1030,3200,2170
8147,1030,3200,2170
8148,1030,3200,2170
8149,1029,3200,2171
8150,1029,3200,2171
8151,1028,3200,2172
8152,1028,3200,2172
8153,1028,3200,2172
8154,1027,3200,2173
8155,1027,3200,2173
8156,1027,3200,2173
8157,1026,3200,2174
8158,1026,3200,2174
8159,1025,3200,2175
8160,1025,3200,2175
8161,1025,3200,2175
8162,1024,3200,2176
8163,1024,3200,2176
8164,1024,3200,2176
8165,1024,3200,2176
8166,1024,3200,2176
8167,1024,3200,2176
8168,1024,3200,2176
8169,1024,3200,2176
8170,1024,3200,2176
8171,1024,3200,2176
8172,1024,3200,2176
8173,1024,3200,2176
8174,1024,3200,2176
8175,1024,3200,2176
8176,1024,3200,2176
8177,1024,3200,2176
8178,1024,3200,2176
8179,1024,3200,2176
8180,1024,3200,2176
8181,1024,3200,2176
8182,1023,3200,2177
8183,1023,3200,2177
8184,1023,3200,2177
8185,1022,3200,2178
8186,1022,3200,2178
8187,1022,3200,2178
8188,1022,3200,2178
8189,1022,3200,2178
8190,1022,3200,2178
8191,1022,3200,2178
8192,1022,3200,2178
8193,1022,3200,2178
8194,1021,3200,2179
8195,1021,3200,2179
8196,1020,3200,2180
8197,1020,3200,2180
8198,1020,3200,2180
8199,1019,3200,2181
8200,1019,3200,2181
8201,1018,3200,2182
8202,1018,3200,2182
8203,1018,3200,2182
8204,1017,3200,2183
8205,1017,3200,2183
8206,1017,3200,2183
8207,1016,3200,2184
8208,1016,3200,2184
8209,1015,3200,2185
8210,1015,3200,2185
8211,1014,3200,2186
8212,1014,3200,2186
8213,1013,3200,2187
8214,1013,3200,2187
8215,1013,3200,2187
8216,1013,3200,2187
8217,1012,3200,2188
8218,1012,3200,2188
8219,1011,3200,2189
8220,1011,3200,2189
8221,1011,3200,2189
8222,1011,3200,2189
8223,1011,3200,2189
8224,1010,3200,2190
8225,1010,3200,2190
8226,1010,3200,2190
8227,1009,3200,2191
8228,1009,3200,2191
8229,1009,3200,2191
8230,1009,3200,2191
8231,1009,3200,2191
8232,1009,3200,2191
8233,1009,3200,2191
8234,1009,3200,2191
8235,1008,3200,2192
8236,1008,3200,2192
8237,1008,3200,2192
8238,1008,3200,2192
8239,1008,3200,2192
8240,1008,3200,2192
8241,1008,3200,2192
8242,1007,3200,2193
8243,1007,3200,2193
8244,1007,3200,2193
8245,1007,3200,2193
8246,1007,3200,2193
8247,1007,3200,2193
8248,1007,3200,2193
8249,1007,3200,2193
8250,1007,3200,2193
8251,1007,3200,2193
8252,1007,3200,2193
8253,1006,3200,2194
8254,1006,3200,2194
8255,1006,3200,2194
8256,1005,3200,2195
8257,1004,3200,2196
8258,1004,3200,2196
8259,1004,3200,2196
8260,1004,3200,2196
8261,1003,3200,2197
8262,1003,3200,2197
8263,1003,3200,2197
8264,1002,3200,2198
8265,1002,3200,2198
8266,1002,3200,2198
8267,1002,3200,2198
8268,1002,3200,2198
8269,1002,3200,2198
8270,1002,3200,2198
8271,1002,3200,2198
8272,1002,3200,2198
8273,1001,3200,2199
8274,1001,3200,2199
8275,1000,3200,2200
8276,1000,3200,2200
8277,999,3200,2201
8278,999,3200,2201
8279,999,3200,2201
8280,999,3200,2201
8281,998,3200,2202
8282,998,3200,2202
8283,998,3200,2202
8284,998,3200,2202
8285,998,3200,2202
8286,998,3200,2202
8287,998,3200,2202
8288,998,3200,2202
8289,998,3200,2202
8290,998,3200,2202
8291,998,3200,2202
8292,997,3200,2203
8293,997,3200,2203
8294,997,3200,2203
8295,997,3200,2203
8296,997,3200,2203
8297,997,3200,2203
8298,997,3200,2203
8299,996,3200,2204
8300,996,3200,2204
8301,996,3200,2204
8302,995,3200,2205
8303,995,3200,2205
8304,995,3200,2205
8305,994,3200,2206
8306,994,3200,2206
8307,993,3200,2207
8308,993,3200,2207
8309,993,3200,2207
8310,993,3200,2207
8311,993,3200,2207
8312,993,3200,2207
8313,992,3200,2208
8314,992,3200,2208
8315,991,3200,2209
8316,991,3200,2209
8317,990,3200,2210
8318,990,3200,2210
8319,990,3200,2210
8320,989,3200,2211
8321,989,3200,2211
8322,989,3200,2211
8323,988,3200,2212
8324,988,3200,2212
8325,988,3200,2212
8326,988,3200,2212
8327,987,3200,2213
8328,987,3200,2213
8329,987,3200,2213
8330,987,3200,2213
8331,987,3200,2213
8332,986,3200,2214
8333,986,3200,2214
8334,986,3200,2214
8335,986,3200,2214
8336,985,3200,2215
8337,985,3200,2215
8338,984,3200,2216
8339,983,3200,2217
8340,983,3200,2217
8341,983,3200,2217
8342,983,3200,2217
8343,983,3200,2217
8344,983,3200,2217
8345,983,3200,2217
8346,983,3200,2217
8347,983,3200,2217
8348,983,3200,2217
8349,983,3200,2217
8350,983,3200,2217
8351,983,3200,2217
8352,983,3200,2217
8353,983,3200,2217
8354,983,3200,2217
8355,983,3200,2217
8356,982,3200,2218
8357,981,3200,2219
8358,981,3200,2219
8359,981,3200,2219
8360,981,3200,2219
8361,981,3200,2219
8362,981,3200,2219
8363,981,3200,2219
8364,981,3200,2219
8365,981,3200,2219
8366,980,3200,2220
8367,980,3200,2220
8368,980,3200,2220
8369,979,3200,2221
8370,979,3200,2221
8371,978,3200,2222
8372,978,3200,2222
8373,978,3200,2222
8374,977,3200,2223
8375,977,3200,2223
8376,976,3200,2224
8377,976,3200,2224
8378,976,3200,2224
8379,976,3200,2224
8380,976,3200,2224
8381,976,3200,2224
8382,976,3200,2224
8383,976,3200,2224
8384,975,3200,2225
8385,975,3200,2225
8386,975,3200,2225
8387,975,3200,2225
8388,975,3200,2225
8389,975,3200,2225
8390,974,3200,2226
8391,973,3200,2227
8392,973,3200,2227
8393,973,3200,2227
8394,972,3200,2228
8395,972,3200,2228
8396,972,3200,2228
8397,971,3200,2229
8398,971,3200,2229
8399,971,3200,2229
8400,970,3200,2230
8401,970,3200,2230
8402,970,3200,2230
8403,969,3200,2231
8404,969,3200,2231
8405,969,3200,2231
8406,969,3200,2231
8407,969,3200,2231
8408,969,3200,2231
8409,969,3200,2231
8410,969,3200,2231
8411,969,3200,2231
8412,969,3200,2231
8413,969,3200,2231
8414,969,3200,2231
8415,969,3200,2231
8416,969,3200,2231
8417,969,3200,2231
8418,969,3200,2231
8419,969,3200,2231
8420,969,3200,2231
8421,968,3200,2232
8422,967,3200,2233
8423,967,3200,2233
8424,967,3200,2233
8425,966,3200,2234
8426,966,3200,2234
8427,966,3200,2234
8428,966,3200,2234
8429,965,3200,2235
8430,965,3200,2235
8431,965,3200,2235
8432,964,3200,2236
8433,964,3200,2236
8434,963,3200,2237
8435,963,3200,2237
8436,962,3200,2238
8437,962,3200,2238
8438,962,3200,2238
8439,961,3200,2239
8440,961,3200,2239
8441,961,3200,2239
8442,961,3200,2239
8443,961,3200,2239
8444,961,3200,2239
8445,961,3200,2239
8446,961,3200,2239
8447,961,3200,2239
8448,960,3200,2240
8449,960,3200,2240
8450,960,3200,2240
8451,960,3200,2240
8452,959,3200,2241
8453,958,3200,2242
8454,958,3200,2242
8455,958,3200,2242
8456,958,3200,2242
8457,957,3200,2243
8458,957,3200,2243
8459,956,3200,2244
8460,956,3200,2244
8461,956,3200,2244
8462,955,3200,2245
8463,955,3200,2245
8464,954,3200,2246
8465,954,3200,2246
8466,953,3200,2247
8467,953,3200,2247
8468,953,3200,2247
8469,952,3200,2248
8470,952,3200,2248
8471,951,3200,2249
8472,951,3200,2249
8473,951,3200,2249
8474,950,3200,2250
8475,950,3200,2250
8476,950,3200,2250
8477,950,3200,2250
8478,950,3200,2250
8479,950,3200,2250
8480,950,3200,2250
8481,950,3200,2250
8482,950,3200,2250
8483,950,3200,2250
8484,950,3200,2250
8485,950,3200,2250
8486,949,3200,2251
8487,948,3200,2252
8488,948,3200,2252
8489,948,3200,2252
8490,948,3200,2252
8491,947,3200,2253
8492,947,3200,2253
8493,946,3200,2254
8494,946,3200,2254
8495,946,3200,2254
8496,945,3200,2255
8497,945,3200,2255
8498,945,3200,2255
8499,945,3200,2255
8500,945,3200,2255
8501,945,3200,2255
8502,945,3200,2255
8503,945,3200,2255
8504,945,3200,2255
8505,945,3200,2255
8506,945,3200,2255
8507,945,3200,2255
8508,945,3200,2255
8509,945,3200,2255
8510,945,3200,2255
8511,945,3200,2255
8512,945,3200,2255
8513,945,3200,2255
8514,945,3200,2255
8515,945,3200,2255
8516,944,3200,2256
8517,943,3200,2257
8518,942,3200,2258
8519,942,3200,2258
8520,941,3200,2259
8521,941,3200,2259
8522,940,3200,2260
8523,940,3200,2260
8524,940,3200,2260
8525,939,3200,2261
8526,939,3200,2261
8527,939,3200,2261
8528,939,3200,2261
8529,939,3200,2261
8530,939,3200,2261
8531,939,3200,2261
8532,938,3200,2262
8533,938,3200,2262
8534,937,3200,2263
8535,937,3200,2263
8536,936,3200,2264
8537,936,3200,2264
8538,936,3200,2264
8539,936,3200,2264
8540,936,3200,2264
8541,936,3200,2264
8542,935,3200,2265
8543,934,3200,2266
8544,933,3200,2267
8545,933,3200,2267
8546,933,3200,2267
8547,932,3200,2268
8548,932,3200,2268
8549,932,3200,2268
8550,932,3200,2268
8551,931,3200,2269
8552,930,3200,2270
8553,930,3200,2270
8554,930,3200,2270
8555,930,3200,2270
8556,930,3200,2270
8557,930,3200,2270
8558,930,3200,2270
8559,929,3200,2271
8560,929,3200,2271
8561,929,3200,2271
8562,929,3200,2271
8563,929,3200,2271
8564,929,3200,2271
8565,929,3200,2271
8566,929,3200,2271
8567,929,3200,2271
8568,928,3200,2272
8569,928,3200,2272
8570,927,3200,2273
8571,927,3200,2273
8572,927,3200,2273
8573,927,3200,2273
8574,927,3200,2273
8575,927,3200,2273
8576,927,3200,2273
8577,927,3200,2273
8578,927,3200,2273
8579,927,3200,2273
8580,927,3200,2273
8581,927,3200,2273
8582,927,3200,2273
8583,927,3200,2273
8584,927,3200,2273
8585,927,3200,2273
8586,926,3200,2274
8587,926,3200,2274
8588,925,3200,2275
8589,925,3200,2275
8590,925,3200,2275
8591,925,3200,2275
8592,925,3200,2275
8593,925,3200,2275
8594,925,3200,2275
8595,925,3200,2275
8596,924,3200,2276
8597,924,3200,2276
8598,924,3200,2276
8599,924,3200,2276
8600,923,3200,2277
8601,923,3200,2277
8602,923,3200,2277
8603,923,3200,2277
8604,923,3200,2277
8605,923,3200,2277
8606,922,3200,2278
8607,922,3200,2278
8608,921,3200,2279
8609,921,3200,2279
8610,921,3200,2279
8611,920,3200,2280
8612,920,3200,2280
8613,920,3200,2280
8614,920,3200,2280
8615,920,3200,2280
8616,919,3200,2281
8617,919,3200,2281
8618,918,3200,2282
8619,918,3200,2282
8620,918,3200,2282
8621,917,3200,2283
8622,916,3200,2284
8623,916,3200,2284
8624,915,3200,2285
8625,915,3200,2285
8626,915,3200,2285
8627,915,3200,2285
8628,915,3200,2285
8629,915,3200,2285
8630,914,3200,2286
8631,914,3200,2286
8632,913,3200,2287
8633,913,3200,2287
8634,913,3200,2287
8635,913,3200,2287
8636,912,3200,2288
8637,911,3200,2289
8638,911,3200,2289
8639,911,3200,2289
8640,910,3200,2290
8641,910,3200,2290
8642,910,3200,2290
8643,910,3200,2290
8644,910,3200,2290
8645,910,3200,2290
8646,910,3200,2290
8647,910,3200,2290
8648,910,3200,2290
8649,910,3200,2290
8650,910,3200,2290
8651,909,3200,2291
8652,909,3200,2291
8653,908,3200,2292
8654,908,3200,2292
8655,907,3200,2293
8656,907,3200,2293
8657,907,3200,2293
8658,906,3200,2294
8659,906,3200,2294
8660,906,3200,2294
8661,905,3200,2295
8662,904,3200,2296
8663,904,3200,2296
8664,904,3200,2296
8665,903,3200,2297
8666,903,3200,2297
8667,903,3200,2297
8668,903,3200,2297
8669,903,3200,2297
8670,902,3200,2298
8671,902,3200,2298
8672,902,3200,2298
8673,902,3200,2298
8674,901,3200,2299
8675,901,3200,2299
8676,901,3200,2299
8677,901,3200,2299
8678,901,3200,2299
8679,901,3200,2299
8680,901,3200,2299
8681,901,3200,2299
8682,901,3200,2299
8683,901,3200,2299
8684,901,3200,2299
8685,901,3200,2299
8686,901,3200,2299
8687,901,3200,2299
8688,901,3200,2299
8689,901,3200,2299
8690,901,3200,2299
8691,901,3200,2299
8692,901,3200,2299
8693,901,3200,2299
8694,901,3200,2299
8695,901,3200,2299
8696,900,3200,2300
8697,900,3200,2300
8698,899,3200,2301
8699,899,3200,2301
8700,899,3200,2301
8701,898,3200,2302
8702,898,3200,2302
8703,898,3200,2302
8704,898,3200,2302
8705,897,3200,2303
8706,897,3200,2303
8707,897,3200,2303
8708,897,3200,2303
8709,897,3200,2303
8710,897,3200,2303
8711,897,3200,2303
8712,897,3200,2303
8713,897,3200,2303
8714,897,3200,2303
8715,897,3200,2303
8716,896,3200,2304
8717,896,3200,2304
8718,895,3200,2305
8719,895,3200,2305
8720,895,3200,2305
8721,895,3200,2305
8722,895,3200,2305
8723,894,3200,2306
8724,894,3200,2306
8725,893,3200,2307
8726,893,3200,2307
8727,893,3200,2307
8728,893,3200,2307
8729,892,3200,2308
8730,892,3200,2308
8731,891,3200,2309
8732,891,3200,2309
8733,890,3200,2310
8734,889,3200,2311
8735,889,3200,2311
8736,889,3200,2311
8737,889,3200,2311
8738,889,3200,2311
8739,889,3200,2311
8740,889,3200,2311
8741,889,3200,2311
8742,889,3200,2311
8743,888,3200,2312
8744,888,3200,2312
8745,887,3200,2313
8746,887,3200,2313
8747,887,3200,2313
8748,887,3200,2313
8749,887,3200,2313
8750,886,3200,2314
8751,886,3200,2314
8752,886,3200,2314
8753,885,3200,2315
8754,885,3200,2315
8755,884,3200,2316
8756,884,3200,2316
8757,884,3200,2316
8758,884,3200,2316
8759,884,3200,2316
8760,884,3200,2316
8761,883,3200,2317
8762,882,3200,2318
8763,882,3200,2318
8764,882,3200,2318
8765,882,3200,2318
8766,882,3200,2318
8767,881,3200,2319
8768,881,3200,2319
8769,881,3200,2319
8770,881,3200,2319
8771,880,3200,2320
8772,880,3200,2320
8773,880,3200,2320
8774,880,3200,2320
8775,880,3200,2320
8776,880,3200,2320
8777,879,3200,2321
8778,879,3200,2321
8779,879,3200,2321
8780,878,3200,2322
8781,878,3200,2322
8782,878,3200,2322
8783,878,3200,2322
8784,878,3200,2322
8785,878,3200,2322
8786,877,3200,2323
8787,877,3200,2323
8788,877,3200,2323
8789,876,3200,2324
8790,876,3200,2324
8791,876,3200,2324
8792,876,3200,2324
8793,876,3200,2324
8794,876,3200,2324
8795,876,3200,2324
8796,876,3200,2324
8797,875,3200,2325
8798,875,3200,2325
8799,874,3200,2326
8800,874,3200,2326
8801,874,3200,2326
8802,873,3200,2327
8803,873,3200,2327
8804,872,3200,2328
8805,872,3200,2328
8806,872,3200,2328
8807,872,3200,2328
8808,872,3200,2328
8809,872,3200,2328
8810,872,3200,2328
8811,872,3200,2328
8812,871,3200,2329
8813,871,3200,2329
8814,871,3200,2329
8815,871,3200,2329
8816,870,3200,2330
8817,870,3200,2330
8818,870,3200,2330
8819,870,3200,2330
8820,870,3200,2330
8821,870,3200,2330
8822,869,3200,2331
8823,869,3200,2331
8824,868,3200,2332
8825,868,3200,2332
8826,868,3200,2332
8827,868,3200,2332
8828,868,3200,2332
8829,868,3200,2332
8830,867,3200,2333
8831,867,3200,2333
8832,867,3200,2333
8833,867,3200,2333
8834,867,3200,2333
8835,867,3200,2333
8836,867,3200,2333
8837,867,3200,2333
8838,867,3200,2333
8839,867,3200,2333
8840,867,3200,2333
8841,867,3200,2333
8842,866,3200,2334
8843,866,3200,2334
8844,866,3200,2334
8845,866,3200,2334
8846,866,3200,2334
8847,866,3200,2334
8848,865,3200,2335
8849,864,3200,2336
8850,864,3200,2336
8851,864,3200,2336
8852,863,3200,2337
8853,863,3200,2337
8854,863,3200,2337
8855,862,3200,2338
8856,862,3200,2338
8857,861,3200,2339
8858,861,3200,2339
8859,860,3200,2340
8860,860,3200,2340
8861,859,3200,2341
8862,859,3200,2341
8863,859,3200,2341
8864,859,3200,2341
8865,858,3200,2342
8866,857,3200,2343
8867,857,3200,2343
8868,857,3200,2343
8869,856,3200,2344
8870,856,3200,2344
8871,855,3200,2345
8872,854,3200,2346
8873,853,3200,2347
8874,853,3200,2347
8875,852,3200,2348
8876,852,3200,2348
8877,852,3200,2348
8878,852,3200,2348
8879,852,3200,2348
8880,852,3200,2348
8881,852,3200,2348
8882,852,3200,2348
8883,852,3200,2348
8884,852,3200,2348
8885,852,3200,2348
8886,852,3200,2348
8887,852,3200,2348
8888,852,3200,2348
8889,852,3200,2348
8890,852,3200,2348
8891,852,3200,2348
8892,852,3200,2348
8893,852,3200,2348
8894,852,3200,2348
8895,852,3200,2348
8896,852,3200,2348
8897,851,3200,2349
8898,851,3200,2349
8899,850,3200,2350
8900,849,3200,2351
8901,849,3200,2351
8902,849,3200,2351
8903,849,3200,2351
8904,849,3200,2351
8905,849,3200,2351
8906,848,3200,2352
8907,847,3200,2353
8908,847,3200,2353
8909,847,3200,2353
8910,847,3200,2353
8911,846,3200,2354
8912,846,3200,2354
8913,846,3200,2354
8914,846,3200,2354
8915,846,3200,2354
8916,846,3200,2354
8917,846,3200,2354
8918,845,3200,2355
8919,845,3200,2355
8920,844,3200,2356
8921,844,3200,2356
8922,844,3200,2356
8923,844,3200,2356
8924,844,3200,2356
8925,843,3200,2357
8926,843,3200,2357
8927,842,3200,2358
8928,842,3200,2358
8929,842,3200,2358
8930,842,3200,2358
8931,841,3200,2359
8932,841,3200,2359
8933,841,3200,2359
8934,841,3200,2359
8935,841,3200,2359
8936,840,3200,2360
8937,839,3200,2361
8938,839,3200,2361
8939,839,3200,2361
8940,839,3200,2361
8941,838,3200,2362
8942,838,3200,2362
8943,838,3200,2362
8944,838,3200,2362
8945,838,3200,2362
8946,838,3200,2362
8947,838,3200,2362
8948,838,3200,2362
8949,838,3200,2362
8950,838,3200,2362
8951,838,3200,2362
8952,838,3200,2362
8953,838,3200,2362
8954,837,3200,2363
8955,837,3200,2363
8956,836,3200,2364
8957,836,3200,2364
8958,836,3200,2364
8959,836,3200,2364
8960,836,3200,2364
8961,836,3200,2364
8962,835,3200,2365
8963,835,3200,2365
8964,835,3200,2365
8965,835,3200,2365
8966,835,3200,2365
8967,834,3200,2366
8968,834,3200,2366
8969,834,3200,2366
8970,834,3200,2366
8971,834,3200,2366
8972,834,3200,2366
8973,834,3200,2366
8974,834,3200,2366
8975,834,3200,2366
8976,834,3200,2366
8977,834,3200,2366
8978,834,3200,2366
8979,834,3200,2366
8980,834,3200,2366
8981,834,3200,2366
8982,834,3200,2366
8983,834,3200,2366
8984,834,3200,2366
8985,834,3200,2366
8986,834,3200,2366
8987,834,3200,2366
8988,834,3200,2366
8989,834,3200,2366
8990,834,3200,2366
8991,834,3200,2366
8992,834,3200,2366
8993,833,3200,2367
8994,833,3200,2367
8995,832,3200,2368
8996,831,3200,2369
8997,831,3200,2369
8998,831,3200,2369
8999,831,3200,2369
9000,831,3200,2369
9001,831,3200,2369
9002,830,3200,2370
9003,830,3200,2370
9004,829,3200,2371
9005,828,3200,2372
9006,828,3200,2372
9007,827,3200,2373
9008,827,3200,2373
9009,827,3200,2373
9010,826,3200,2374
9011,826,3200,2374
9012,825,3200,2375
9013,825,3200,2375
9014,824,3200,2376
9015,824,3200,2376
9016,824,3200,2376
9017,824,3200,2376
9018,823,3200,2377
9019,823,3200,2377
9020,823,3200,2377
9021,823,3200,2377
9022,823,3200,2377
9023,822,3200,2378
9024,822,3200,2378
9025,822,3200,2378
9026,821,3200,2379
9027,821,3200,2379
9028,821,3200,2379
9029,821,3200,2379
9030,821,3200,2379
9031,821,3200,2379
9032,821,3200,2379
9033,821,3200,2379
9034,820,3200,2380
9035,820,3200,2380
9036,820,3200,2380
9037,820,3200,2380
9038,820,3200,2380
9039,819,3200,2381
9040,819,3200,2381
9041,819,3200,2381
9042,819,3200,2381
9043,819,3200,2381
9044,819,3200,2381
9045,819,3200,2381
9046,819,3200,2381
9047,818,3200,2382
9048,818,3200,2382
9049,817,3200,2383
9050,817,3200,2383
9051,817,3200,2383
9052,816,3200,2384
9053,816,3200,2384
9054,816,3200,2384
9055,816,3200,2384
9056,815,3200,2385
9057,815,3200,2385
9058,815,3200,2385
9059,814,3200,2386
9060,814,3200,2386
9061,814,3200,2386
9062,814,3200,2386
9063,814,3200,2386
9064,814,3200,2386
9065,814,3200,2386
9066,814,3200,2386
9067,813,3200,2387
9068,813,3200,2387
9069,813,3200,2387
9070,812,3200,2388
9071,812,3200,2388
9072,811,3200,2389
9073,811,3200,2389
9074,811,3200,2389
9075,810,3200,2390
9076,810,3200,2390
9077,810,3200,2390
9078,809,3200,2391
9079,809,3200,2391
9080,809,3200,2391
9081,809,3200,2391
9082,809,3200,2391
9083,809,3200,2391
9084,809,3200,2391
9085,809,3200,2391
9086,808,3200,2392
9087,808,3200,2392
9088,808,3200,2392
9089,808,3200,2392
9090,808,3200,2392
9091,808,3200,2392
9092,807,3200,2393
9093,807,3200,2393
9094,807,3200,2393
9095,807,3200,2393
9096,806,3200,2394
9097,806,3200,2394
9098,806,3200,2394
9099,805,3200,2395
9100,805,3200,2395
9101,805,3200,2395
9102,805,3200,2395
9103,804,3200,2396
9104,804,3200,2396
9105,803,3200,2397
9106,803,3200,2397
9107,803,3200,2397
9108,803,3200,2397
9109,802,3200,2398
9110,802,3200,2398
9111,802,3200,2398
9112,801,3200,2399
9113,801,3200,2399
9114,800,3200,2400
9115,800,3200,2400
9116,799,3200,2401
9117,799,3200,2401
9118,799,3200,2401
9119,799,3200,2401
9120,799,3200,2401
9121,799,3200,2401
9122,799,3200,2401
9123,799,3200,2401
9124,799,3200,2401
9125,799,3200,2401
9126,798,3200,2402
9127,798,3200,2402
9128,797,3200,2403
9129,797,3200,2403
9130,797,3200,2403
9131,797,3200,2403
9132,797,3200,2403
9133,797,3200,2403
9134,797,3200,2403
9135,797,3200,2403
9136,797,3200,2403
9137,797,3200,2403
9138,797,3200,2403
9139,797,3200,2403
9140,796,3200,2404
9141,795,3200,2405
9142,795,3200,2405
9143,795,3200,2405
9144,795,3200,2405
9145,795,3200,2405
9146,795,3200,2405
9147,795,3200,2405
9148,795,3200,2405
9149,794,3200,2406
9150,793,3200,2407
9151,793,3200,2407
9152,793,3200,2407
9153,792,3200,2408
9154,791,3200,2409
9155,791,3200,2409
9156,790,3200,2410
9157,790,3200,2410
9158,789,3200,2411
9159,789,3200,2411
9160,789,3200,2411
9161,789,3200,2411
9162,789,3200,2411
9163,789,3200,2411
9164,789,3200,2411
9165,789,3200,2411
9166,788,3200,2412
9167,788,3200,2412
9168,788,3200,2412
9169,788,3200,2412
9170,788,3200,2412
9171,788,3200,2412
9172,787,3200,2413
9173,787,3200,2413
9174,787,3200,2413
9175,787,3200,2413
9176,787,3200,2413
9177,786,3200,2414
9178,786,3200,2414
9179,786,3200,2414
9180,786,3200,2414
9181,786,3200,2414
9182,786,3200,2414
9183,785,3200,2415
9184,785,3200,2415
9185,785,3200,2415
9186,784,3200,2416
9187,784,3200,2416
9188,784,3200,2416
9189,784,3200,2416
9190,784,3200,2416
9191,784,3200,2416
9192,784,3200,2416
9193,784,3200,2416
9194,783,3200,2417
9195,783,3200,2417
9196,782,3200,2418
9197,782,3200,2418
9198,782,3200,2418
9199,782,3200,2418
9200,782,3200,2418
9201,781,3200,2419
9202,781,3200,2419
9203,781,3200,2419
9204,781,3200,2419
9205,781,3200,2419
9206,781,3200,2419
9207,780,3200,2420
9208,780,3200,2420
9209,779,3200,2421
9210,778,3200,2422
9211,778,3200,2422
9212,778,3200,2422
9213,778,3200,2422
9214,778,3200,2422
9215,778,3200,2422
9216,778,3200,2422
9217,777,3200,2423
9218,777,3200,2423
9219,777,3200,2423
9220,777,3200,2423
9221,776,3200,2424
9222,776,3200,2424
9223,775,3200,2425
9224,775,3200,2425
9225,775,3200,2425
9226,775,3200,2425
9227,775,3200,2425
9228,775,3200,2425
9229,775,3200,2425
9230,775,3200,2425
9231,774,3200,2426
9232,774,3200,2426
9233,774,3200,2426
9234,773,3200,2427
9235,773,3200,2427
9236,773,3200,2427
9237,772,3200,2428
9238,772,3200,2428
9239,771,3200,2429
9240,771,3200,2429
9241,770,3200,2430
9242,770,3200,2430
9243,770,3200,2430
9244,770,3200,2430
9245,769,3200,2431
9246,769,3200,2431
9247,769,3200,2431
9248,769,3200,2431
9249,768,3200,2432
9250,768,3200,2432
9251,768,3200,2432
9252,767,3200,2433
9253,767,3200,2433
9254,766,3200,2434
9255,766,3200,2434
9256,765,3200,2435
9257,765,3200,2435
9258,765,3200,2435
9259,765,3200,2435
9260,765,3200,2435
9261,765,3200,2435
9262,765,3200,2435
9263,765,3200,2435
9264,765,3200,2435
9265,765,3200,2435
9266,765,3200,2435
9267,765,3200,2435
9268,765,3200,2435
9269,765,3200,2435
9270,765,3200,2435
9271,765,3200,2435
9272,764,3200,2436
9273,764,3200,2436
9274,764,3200,2436
9275,764,3200,2436
9276,764,3200,2436
9277,764,3200,2436
9278,763,3200,2437
9279,763,3200,2437
9280,763,3200,2437
9281,763,3200,2437
9282,762,3200,2438
9283,762,3200,2438
9284,762,3200,2438
9285,761,3200,2439
9286,761,3200,2439
9287,761,3200,2439
9288,761,3200,2439
9289,761,3200,2439
9290,761,3200,2439
9291,760,3200,2440
9292,760,3200,2440
9293,760,3200,2440
9294,760,3200,2440
9295,759,3200,2441
9296,759,3200,2441
9297,758,3200,2442
9298,758,3200,2442
9299,758,3200,2442
9300,758,3200,2442
9301,758,3200,2442
9302,758,3200,2442
9303,758,3200,2442
9304,757,3200,2443
9305,757,3200,2443
9306,757,3200,2443
9307,757,3200,2443
9308,757,3200,2443
9309,756,3200,2444
9310,756,3200,2444
9311,756,3200,2444
9312,756,3200,2444
9313,756,3200,2444
9314,756,3200,2444
9315,756,3200,2444
9316,755,3200,2445
9317,755,3200,2445
9318,754,3200,2446
9319,754,3200,2446
9320,754,3200,2446
9321,753,3200,2447
9322,753,3200,2447
9323,752,3200,2448
9324,752,3200,2448
9325,752,3200,2448
9326,752,3200,2448
9327,751,3200,2449
9328,750,3200,2450
9329,750,3200,2450
9330,750,3200,2450
9331,750,3200,2450
9332,750,3200,2450
9333,749,3200,2451
9334,749,3200,2451
9335,748,3200,2452
9336,748,3200,2452
9337,748,3200,2452
9338,748,3200,2452
9339,748,3200,2452
9340,747,3200,2453
9341,747,3200,2453
9342,747,3200,2453
9343,747,3200,2453
9344,746,3200,2454
9345,745,3200,2455
9346,745,3200,2455
9347,745,3200,2455
9348,745,3200,2455
9349,745,3200,2455
9350,745,3200,2455
9351,744,3200,2456
9352,744,3200,2456
9353,744,3200,2456
9354,743,3200,2457
9355,743,3200,2457
9356,743,3200,2457
9357,743,3200,2457
9358,743,3200,2457
9359,743,3200,2457
9360,743,3200,2457
9361,743,3200,2457
9362,743,3200,2457
9363,743,3200,2457
9364,743,3200,2457
9365,743,3200,2457
9366,743,3200,2457
9367,743,3200,2457
9368,742,3200,2458
9369,742,3200,2458
9370,742,3200,2458
9371,741,3200,2459
9372,741,3200,2459
9373,741,3200,2459
9374,740,3200,2460
9375,740,3200,2460
9376,740,3200,2460
9377,739,3200,2461
9378,739,3200,2461
9379,739,3200,2461
9380,739,3200,2461
9381,738,3200,2462
9382,738,3200,2462
9383,738,3200,2462
9384,738,3200,2462
9385,737,3200,2463
9386,737,3200,2463
9387,736,3200,2464
9388,736,3200,2464
9389,736,3200,2464
9390,736,3200,2464
9391,736,3200,2464
9392,736,3200,2464
9393,736,3200,2464
9394,736,3200,2464
9395,736,3200,2464
9396,736,3200,2464
9397,736,3200,2464
9398,736,3200,2464
9399,736,3200,2464
9400,735,3200,2465
9401,735,3200,2465
9402,735,3200,2465
9403,734,3200,2466
9404,734,3200,2466
9405,734,3200,2466
9406,734,3200,2466
9407,734,3200,2466
9408,734,3200,2466
9409,734,3200,2466
9410,734,3200,2466
9411,734,3200,2466
9412,734,3200,2466
9413,733,3200,2467
9414,733,3200,2467
9415,732,3200,2468
9416,732,3200,2468
9417,732,3200,2468
9418,732,3200,2468
9419,732,3200,2468
9420,732,3200,2468
9421,732,3200,2468
9422,732,3200,2468
9423,732,3200,2468
9424,732,3200,2468
9425,731,3200,2469
9426,731,3200,2469
9427,731,3200,2469
9428,730,3200,2470
9429,730,3200,2470
9430,730,3200,2470
9431,729,3200,2471
9432,729,3200,2471
9433,728,3200,2472
9434,728,3200,2472
9435,727,3200,2473
9436,727,3200,2473
9437,727,3200,2473
9438,727,3200,2473
9439,727,3200,2473
9440,727,3200,2473
9441,727,3200,2473
9442,726,3200,2474
9443,726,3200,2474
9444,725,3200,2475
9445,725,3200,2475
9446,725,3200,2475
9447,724,3200,2476
9448,724,3200,2476
9449,724,3200,2476
9450,724,3200,2476
9451,724,3200,2476
9452,723,3200,2477
9453,723,3200,2477
9454,723,3200,2477
9455,723,3200,2477
9456,723,3200,2477
9457,723,3200,2477
9458,722,3200,2478
9459,722,3200,2478
9460,721,3200,2479
9461,721,3200,2479
9462,721,3200,2479
9463,721,3200,2479
9464,721,3200,2479
9465,720,3200,2480
9466,720,3200,2480
9467,719,3200,2481
9468,719,3200,2481
9469,719,3200,2481
9470,719,3200,2481
9471,719,3200,2481
9472,718,3200,2482
9473,718,3200,2482
9474,718,3200,2482
9475,717,3200,2483
9476,717,3200,2483
9477,717,3200,2483
9478,717,3200,2483
9479,716,3200,2484
9480,715,3200,2485
9481,715,3200,2485
9482,715,3200,2485
9483,715,3200,2485
9484,715,3200,2485
9485,715,3200,2485
9486,714,3200,2486
9487,714,3200,2486
9488,714,3200,2486
9489,713,3200,2487
9490,713,3200,2487
9491,713,3200,2487
9492,713,3200,2487
9493,712,3200,2488
9494,712,3200,2488
9495,712,3200,2488
9496,712,3200,2488
9497,711,3200,2489
9498,711,3200,2489
9499,711,3200,2489
9500,710,3200,2490
9501,710,3200,2490
9502,710,3200,2490
9503,710,3200,2490
9504,710,3200,2490
9505,710,3200,2490
9506,710,3200,2490
9507,710,3200,2490
9508,709,3200,2491
9509,709,3200,2491
9510,709,3200,2491
9511,709,3200,2491
9512,709,3200,2491
9513,708,3200,2492
9514,708,3200,2492
9515,707,3200,2493
9516,707,3200,2493
9517,707,3200,2493
9518,706,3200,2494
9519,706,3200,2494
9520,706,3200,2494
9521,705,3200,2495
9522,705,3200,2495
9523,704,3200,2496
9524,704,3200,2496
9525,704,3200,2496
9526,703,3200,2497
9527,703,3200,2497
9528,703,3200,2497
9529,703,3200,2497
9530,703,3200,2497
9531,703,3200,2497
9532,703,3200,2497
9533,703,3200,2497
9534,703,3200,2497
9535,702,3200,2498
9536,702,3200,2498
9537,701,3200,2499
9538,701,3200,2499
9539,701,3200,2499
9540,701,3200,2499
9541,701,3200,2499
9542,701,3200,2499
9543,701,3200,2499
9544,701,3200,2499
9545,701,3200,2499
9546,700,3200,2500
9547,700,3200,2500
9548,699,3200,2501
9549,699,3200,2501
9550,699,3200,2501
9551,698,3200,2502
9552,698,3200,2502
9553,697,3200,2503
9554,697,3200,2503
9555,697,3200,2503
9556,697,3200,2503
9557,697,3200,2503
9558,697,3200,2503
9559,697,3200,2503
9560,697,3200,2503
9561,697,3200,2503
9562,696,3200,2504
9563,696,3200,2504
9564,695,3200,2505
9565,695,3200,2505
9566,695,3200,2505
9567,695,3200,2505
9568,695,3200,2505
9569,695,3200,2505
9570,694,3200,2506
9571,694,3200,2506
9572,694,3200,2506
9573,694,3200,2506
9574,694,3200,2506
9575,694,3200,2506
9576,694,3200,2506
9577,693,3200,2507
9578,693,3200,2507
9579,692,3200,2508
9580,692,3200,2508
9581,692,3200,2508
9582,691,3200,2509
9583,691,3200,2509
9584,690,3200,2510
9585,690,3200,2510
9586,690,3200,2510
9587,690,3200,2510
9588,690,3200,2510
9589,690,3200,2510
9590,690,3200,2510
9591,689,3200,2511
9592,689,3200,2511
9593,689,3200,2511
9594,689,3200,2511
9595,688,3200,2512
9596,688,3200,2512
9597,688,3200,2512
9598,687,3200,2513
9599,687,3200,2513
9600,686,3200,2514
9601,686,3200,2514
9602,686,3200,2514
9603,685,3200,2515
9604,685,3200,2515
9605,685,3200,2515
9606,685,3200,2515
9607,685,3200,2515
9608,685,3200,2515
9609,684,3200,2516
9610,684,3200,2516
9611,683,3200,2517
9612,683,3200,2517
9613,682,3200,2518
9614,682,3200,2518
9615,682,3200,2518
9616,682,3200,2518
9617,682,3200,2518
9618,682,3200,2518
9619,682,3200,2518
9620,682,3200,2518
9621,682,3200,2518
9622,682,3200,2518
9623,682,3200,2518
9624,682,3200,2518
9625,682,3200,2518
9626,682,3200,2518
9627,682,3200,2518
9628,682,3200,2518
9629,682,3200,2518
9630,682,3200,2518
9631,682,3200,2518
9632,682,3200,2518
9633,682,3200,2518
9634,682,3200,2518
9635,682,3200,2518
9636,682,3200,2518
9637,682,3200,2518
9638,682,3200,2518
9639,682,3200,2518
9640,682,3200,2518
9641,682,3200,2518
9642,682,3200,2518
9643,681,3200,2519
9644,681,3200,2519
9645,681,3200,2519
9646,680,3200,2520
9647,680,3200,2520
9648,680,3200,2520
9649,679,3200,2521
9650,679,3200,2521
9651,679,3200,2521
9652,678,3200,2522
9653,678,3200,2522
9654,678,3200,2522
9655,678,3200,2522
9656,678,3200,2522
9657,678,3200,2522
9658,678,3200,2522
9659,678,3200,2522
9660,678,3200,2522
9661,678,3200,2522
9662,678,3200,2522
9663,678,3200,2522
9664,678,3200,2522
9665,678,3200,2522
9666,678,3200,2522
9667,678,3200,2522
9668,678,3200,2522
9669,678,3200,2522
9670,678,3200,2522
9671,678,3200,2522
9672,678,3200,2522
9673,677,3200,2523
9674,677,3200,2523
9675,676,3200,2524
9676,676,3200,2524
9677,675,3200,2525
9678,675,3200,2525
9679,675,3200,2525
9680,674,3200,2526
9681,674,3200,2526
9682,674,3200,2526
9683,673,3200,2527
9684,673,3200,2527
9685,672,3200,2528
9686,672,3200,2528
9687,671,3200,2529
9688,671,3200,2529
9689,670,3200,2530
9690,670,3200,2530
9691,670,3200,2530
9692,670,3200,2530
9693,669,3200,2531
9694,669,3200,2531
9695,669,3200,2531
9696,668,3200,2532
9697,668,3200,2532
9698,668,3200,2532
9699,668,3200,2532
9700,668,3200,2532
9701,668,3200,2532
9702,668,3200,2532
9703,668,3200,2532
9704,667,3200,2533
9705,666,3200,2534
9706,666,3200,2534
9707,665,3200,2535
9708,665,3200,2535
9709,665,3200,2535
9710,665,3200,2535
9711,664,3200,2536
9712,664,3200,2536
9713,664,3200,2536
9714,663,3200,2537
9715,663,3200,2537
9716,662,3200,2538
9717,662,3200,2538
9718,661,3200,2539
9719,660,3200,2540
9720,660,3200,2540
9721,659,3200,2541
9722,658,3200,2542
9723,658,3200,2542
9724,658,3200,2542
9725,658,3200,2542
9726,657,3200,2543
9727,657,3200,2543
9728,657,3200,2543
9729,657,3200,2543
9730,657,3200,2543
9731,656,3200,2544
9732,656,3200,2544
9733,656,3200,2544
9734,656,3200,2544
9735,656,3200,2544
9736,655,3200,2545
9737,655,3200,2545
9738,655,3200,2545
9739,655,3200,2545
9740,654,3200,2546
9741,654,3200,2546
9742,654,3200,2546
9743,654,3200,2546
9744,654,3200,2546
9745,654,3200,2546
9746,654,3200,2546
9747,653,3200,2547
9748,653,3200,2547
9749,653,3200,2547
9750,653,3200,2547
9751,653,3200,2547
9752,652,3200,2548
9753,652,3200,2548
9754,651,3200,2549
9755,651,3200,2549
9756,651,3200,2549
9757,650,3200,2550
9758,650,3200,2550
9759,649,3200,2551
9760,649,3200,2551
9761,648,3200,2552
9762,648,3200,2552
9763,648,3200,2552
9764,648,3200,2552
9765,648,3200,2552
9766,648,3200,2552
9767,648,3200,2552
9768,648,3200,2552
9769,648,3200,2552
9770,648,3200,2552
9771,648,3200,2552
9772,648,3200,2552
9773,648,3200,2552
9774,648,3200,2552
9775,647,3200,2553
9776,647,3200,2553
9777,646,3200,2554
9778,646,3200,2554
9779,646,3200,2554
9780,646,3200,2554
9781,645,3200,2555
9782,645,3200,2555
9783,645,3200,2555
9784,645,3200,2555
9785,645,3200,2555
9786,645,3200,2555
9787,645,3200,2555
9788,645,3200,2555
9789,644,3200,2556
9790,644,3200,2556
9791,644,3200,2556
9792,643,3200,2557
9793,643,3200,2557
9794,643,3200,2557
9795,643,3200,2557
9796,643,3200,2557
9797,642,3200,2558
9798,642,3200,2558
9799,642,3200,2558
9800,642,3200,2558
9801,642,3200,2558
9802,642,3200,2558
9803,641,3200,2559
9804,641,3200,2559
9805,641,3200,2559
9806,641,3200,2559
9807,641,3200,2559
9808,641,3200,2559
9809,641,3200,2559
9810,640,3200,2560
9811,640,3200,2560
9812,639,3200,2561
9813,639,3200,2561
9814,639,3200,2561
9815,639,3200,2561
9816,639,3200,2561
9817,638,3200,2562
9818,638,3200,2562
9819,638,3200,2562
9820,637,3200,2563
9821,637,3200,2563
9822,637,3200,2563
9823,636,3200,2564
9824,636,3200,2564
9825,636,3200,2564
9826,636,3200,2564
9827,636,3200,2564
9828,635,3200,2565
9829,635,3200,2565
9830,635,3200,2565
9831,635,3200,2565
9832,635,3200,2565
9833,635,3200,2565
9834,635,3200,2565
9835,635,3200,2565
9836,635,3200,2565
9837,635,3200,2565
9838,635,3200,2565
9839,635,3200,2565
9840,635,3200,2565
9841,635,3200,2565
9842,634,3200,2566
9843,634,3200,2566
9844,633,3200,2567
9845,632,3200,2568
9846,632,3200,2568
9847,632,3200,2568
9848,631,3200,2569
9849,631,3200,2569
9850,630,3200,2570
9851,630,3200,2570
9852,630,3200,2570
9853,629,3200,2571
9854,629,3200,2571
9855,629,3200,2571
9856,628,3200,2572
9857,628,3200,2572
9858,628,3200,2572
9859,627,3200,2573
9860,627,3200,2573
9861,626,3200,2574
9862,625,3200,2575
9863,625,3200,2575
9864,625,3200,2575
9865,624,3200,2576
9866,624,3200,2576
9867,624,3200,2576
9868,624,3200,2576
9869,624,3200,2576
9870,624,3200,2576
9871,624,3200,2576
9872,624,3200,2576
9873,624,3200,2576
9874,624,3200,2576
9875,624,3200,2576
9876,624,3200,2576
9877,624,3200,2576
9878,623,3200,2577
9879,623,3200,2577
9880,623,3200,2577
9881,623,3200,2577
9882,623,3200,2577
9883,623,3200,2577
9884,623,3200,2577
9885,623,3200,2577
9886,623,3200,2577
9887,622,3200,2578
9888,621,3200,2579
9889,621,3200,2579
9890,621,3200,2579
9891,621,3200,2579
9892,620,3200,2580
9893,620,3200,2580
9894,620,3200,2580
9895,619,3200,2581
9896,619,3200,2581
9897,618,3200,2582
9898,618,3200,2582
9899,618,3200,2582
9900,617,3200,2583
9901,617,3200,2583
9902,616,3200,2584
9903,615,3200,2585
9904,615,3200,2585
9905,615,3200,2585
9906,615,3200,2585
9907,614,3200,2586
9908,614,3200,2586
9909,614,3200,2586
9910,614,3200,2586
9911,614,3200,2586
9912,613,3200,2587
9913,613,3200,2587
9914,613,3200,2587
9915,613,3200,2587
9916,613,3200,2587
9917,613,3200,2587
9918,612,3200,2588
9919,611,3200,2589
9920,611,3200,2589
9921,611,3200,2589
9922,611,3200,2589
9923,611,3200,2589
9924,611,3200,2589
9925,610,3200,2590
9926,610,3200,2590
9927,610,3200,2590
9928,609,3200,2591
9929,609,3200,2591
9930,609,3200,2591
9931,609,3200,2591
9932,609,3200,2591
9933,609,3200,2591
9934,609,3200,2591
9935,608,3200,2592
9936,607,3200,2593
9937,607,3200,2593
9938,607,3200,2593
9939,607,3200,2593
9940,607,3200,2593
9941,607,3200,2593
9942,606,3200,2594
9943,606,3200,2594
9944,606,3200,2594
9945,605,3200,2595
9946,605,3200,2595
9947,604,3200,2596
9948,604,3200,2596
9949,603,3200,2597
9950,603,3200,2597
9951,603,3200,2597
9952,603,3200,2597
9953,603,3200,2597
9954,602,3200,2598
9955,602,3200,2598
9956,602,3200,2598
9957,602,3200,2598
9958,601,3200,2599
9959,601,3200,2599
9960,600,3200,2600
9961,600,3200,2600
9962,599,3200,2601
9963,599,3200,2601
9964,599,3200,2601
9965,599,3200,2601
9966,599,3200,2601
9967,598,3200,2602
9968,598,3200,2602
9969,598,3200,2602
9970,598,3200,2602
9971,597,3200,2603
9972,597,3200,2603
9973,597,3200,2603
9974,597,3200,2603
9975,596,3200,2604
9976,595,3200,2605
9977,595,3200,2605
9978,595,3200,2605
9979,595,3200,2605
9980,595,3200,2605
9981,595,3200,2605
9982,595,3200,2605
9983,595,3200,2605
9984,595,3200,2605
9985,595,3200,2605
9986,595,3200,2605
9987,595,3200,2605
9988,595,3200,2605
9989,595,3200,2605
9990,595,3200,2605
9991,595,3200,2605
9992,595,3200,2605
9993,595,3200,2605
9994,595,3200,2605
9995,595,3200,2605
9996,595,3200,2605
9997,595,3200,2605
9998,595,3200,2605
9999,595,3200,2605
10000,595,3200,2605
10001,595,3200,2605
10002,594,3200,2606
10003,594,3200,2606
10004,594,3200,2606
10005,593,3200,2607
10006,593,3200,2607
10007,593,3200,2607
10008,593,3200,2607
10009,592,3200,2608
10010,592,3200,2608
10011,592,3200,2608
10012,591,3200,2609
10013,591,3200,2609
10014,590,3200,2610
10015,589,3200,2611
10016,589,3200,2611
10017,588,3200,2612
10018,587,3200,2613
10019,587,3200,2613
10020,586,3200,2614
10021,586,3200,2614
10022,585,3200,2615
10023,585,3200,2615
10024,584,3200,2616
10025,584,3200,2616
10026,584,3200,2616
10027,584,3200,2616
10028,584,3200,2616
10029,584,3200,2616
10030,584,3200,2616
10031,583,3200,2617
10032,583,3200,2617
10033,583,3200,2617
10034,583,3200,2617
10035,583,3200,2617
10036,581,3200,2619
10037,581,3200,2619
10038,581,3200,2619
10039,581,3200,2619
10040,581,3200,2619
10041,581,3200,2619
10042,581,3200,2619
10043,581,3200,2619
10044,580,3200,2620
10045,580,3200,2620
10046,580,3200,2620
10047,580,3200,2620
10048,580,3200,2620
10049,579,3200,2621
10050,579,3200,2621
10051,579,3200,2621
10052,579,3200,2621
10053,579,3200,2621
10054,579,3200,2621
10055,578,3200,2622
10056,578,3200,2622
10057,577,3200,2623
10058,577,3200,2623
10059,577,3200,2623
10060,577,3200,2623
10061,577,3200,2623
10062,576,3200,2624
10063,576,3200,2624
10064,575,3200,2625
10065,575,3200,2625
10066,573,3200,2627
10067,572,3200,2628
10068,572,3200,2628
10069,571,3200,2629
10070,571,3200,2629
10071,571,3200,2629
10072,570,3200,2630
10073,570,3200,2630
10074,569,3200,2631
10075,569,3200,2631
10076,568,3200,2632
10077,568,3200,2632
10078,568,3200,2632
10079,566,3200,2634
10080,565,3200,2635
10081,565,3200,2635
10082,565,3200,2635
10083,565,3200,2635
10084,565,3200,2635
10085,564,3200,2636
10086,563,3200,2637
10087,562,3200,2638
10088,562,3200,2638
10089,562,3200,2638
10090,561,3200,2639
10091,561,3200,2639
10092,561,3200,2639
10093,561,3200,2639
10094,560,3200,2640
10095,560,3200,2640
10096,559,3200,2641
10097,559,3200,2641
10098,558,3200,2642
10099,558,3200,2642
10100,558,3200,2642
10101,556,3200,2644
10102,556,3200,2644
10103,556,3200,2644
10104,555,3200,2645
10105,555,3200,2645
10106,555,3200,2645
10107,555,3200,2645
10108,555,3200,2645
10109,554,3200,2646
10110,554,3200,2646
10111,554,3200,2646
10112,554,3200,2646
10113,554,3200,2646
10114,553,3200,2647
10115,552,3200,2648
10116,552,3200,2648
10117,552,3200,2648
10118,552,3200,2648
10119,552,3200,2648
10120,551,3200,2649
10121,550,3200,2650
10122,550,3200,2650
10123,549,3200,2651
10124,549,3200,2651
10125,548,3200,2652
10126,548,3200,2652
10127,548,3200,2652
10128,547,3200,2653
10129,546,3200,2654
10130,545,3200,2655
10131,545,3200,2655
10132,544,3200,2656
10133,543,3200,2657
10134,542,3200,2658
10135,541,3200,2659
10136,541,3200,2659
10137,540,3200,2660
10138,540,3200,2660
10139,538,3200,2662
10140,537,3200,2663
10141,536,3200,2664
10142,536,3200,2664
10143,535,3200,2665
10144,533,3200,2667
10145,532,3200,2668
10146,532,3200,2668
10147,532,3200,2668
10148,532,3200,2668
10149,531,3200,2669
10150,531,3200,2669
10151,531,3200,2669
10152,531,3200,2669
10153,531,3200,2669
10154,531,3200,2669
10155,530,3200,2670
10156,530,3200,2670
10157,529,3200,2671
10158,528,3200,2672
10159,527,3200,2673
10160,526,3200,2674
10161,526,3200,2674
10162,526,3200,2674
10163,525,3200,2675
10164,524,3200,2676
10165,523,3200,2677
10166,523,3200,2677
10167,522,3200,2678
10168,521,3200,2679
10169,521,3200,2679
10170,521,3200,2679
10171,521,3200,2679
10172,520,3200,2680
10173,520,3200,2680
10174,520,3200,2680
10175,520,3200,2680
10176,520,3200,2680
10177,520,3200,2680
10178,520,3200,2680
10179,519,3200,2681
10180,519,3200,2681
10181,519,3200,2681
10182,519,3200,2681
10183,519,3200,2681
10184,518,3200,2682
10185,518,3200,2682
10186,518,3200,2682
10187,517,3200,2683
10188,516,3200,2684
10189,516,3200,2684
10190,516,3200,2684
10191,515,3200,2685
10192,515,3200,2685
10193,513,3200,2687
10194,513,3200,2687
10195,512,3200,2688
10196,512,3200,2688
10197,511,3200,2689
10198,510,3200,2690
10199,510,3200,2690
10200,510,3200,2690
10201,510,3200,2690
10202,508,3200,2692
10203,508,3200,2692
10204,507,3200,2693
10205,506,3200,2694
10206,505,3200,2695
10207,505,3200,2695
10208,505,3200,2695
10209,505,3200,2695
10210,505,3200,2695
10211,505,3200,2695
10212,504,3200,2696
10213,503,3200,2697
10214,503,3200,2697
10215,502,3200,2698
10216,501,3200,2699
10217,501,3200,2699
10218,499,3200,2701
10219,499,3200,2701
10220,498,3200,2702
10221,498,3200,2702
10222,497,3200,2703
10223,496,3200,2704
10224,496,3200,2704
10225,495,3200,2705
10226,495,3200,2705
10227,495,3200,2705
10228,495,3200,2705
10229,495,3200,2705
10230,494,3200,2706
10231,493,3200,2707
10232,493,3200,2707
10233,492,3200,2708
10234,492,3200,2708
10235,490,3200,2710
10236,489,3200,2711
10237,489,3200,2711
10238,489,3200,2711
10239,489,3200,2711
10240,489,3200,2711
10241,489,3200,2711
10242,489,3200,2711
10243,489,3200,2711
10244,489,3200,2711
10245,489,3200,2711
10246,487,3200,2713
10247,487,3200,2713
10248,487,3200,2713
10249,487,3200,2713
10250,487,3200,2713
10251,486,3200,2714
10252,486,3200,2714
10253,486,3200,2714
10254,486,3200,2714
10255,485,3200,2715
10256,485,3200,2715
10257,485,3200,2715
10258,484,3200,2716
10259,484,3200,2716
10260,484,3200,2716
10261,484,3200,2716
10262,483,3200,2717
10263,482,3200,2718
10264,482,3200,2718
10265,482,3200,2718
10266,482,3200,2718
10267,481,3200,2719
10268,481,3200,2719
10269,480,3200,2720
10270,480,3200,2720
10271,480,3200,2720
10272,479,3200,2721
10273,478,3200,2722
10274,477,3200,2723
10275,477,3200,2723
10276,475,3200,2725
10277,475,3200,2725
10278,475,3200,2725
10279,475,3200,2725
10280,475,3200,2725
10281,475,3200,2725
10282,475,3200,2725
10283,475,3200,2725
10284,474,3200,2726
10285,473,3200,2727
10286,473,3200,2727
10287,471,3200,2729
10288,471,3200,2729
10289,471,3200,2729
10290,470,3200,2730
10291,470,3200,2730
10292,470,3200,2730
10293,470,3200,2730
10294,467,3200,2733
10295,467,3200,2733
10296,466,3200,2734
10297,466,3200,2734
10298,466,3200,2734
10299,465,3200,2735
10300,464,3200,2736
10301,464,3200,2736
10302,464,3200,2736
10303,462,3200,2738
10304,462,3200,2738
10305,461,3200,2739
10306,461,3200,2739
10307,461,3200,2739
10308,460,3200,2740
10309,460,3200,2740
10310,460,3200,2740
10311,459,3200,2741
10312,458,3200,2742
10313,458,3200,2742
10314,456,3200,2744
10315,456,3200,2744
10316,455,3200,2745
10317,455,3200,2745
10318,455,3200,2745
10319,455,3200,2745
10320,455,3200,2745
10321,455,3200,2745
10322,455,3200,2745
10323,455,3200,2745
10324,455,3200,2745
10325,455,3200,2745
10326,455,3200,2745
10327,454,3200,2746
10328,453,3200,2747
10329,453,3200,2747
10330,451,3200,2749
10331,451,3200,2749
10332,450,3200,2750
10333,449,3200,2751
10334,449,3200,2751
10335,449,3200,2751
10336,448,3200,2752
10337,448,3200,2752
10338,448,3200,2752
10339,446,3200,2754
10340,446,3200,2754
10341,446,3200,2754
10342,446,3200,2754
10343,446,3200,2754
10344,446,3200,2754
10345,445,3200,2755
10346,445,3200,2755
10347,445,3200,2755
10348,445,3200,2755
10349,444,3200,2756
10350,444,3200,2756
10351,444,3200,2756
10352,443,3200,2757
10353,443,3200,2757
10354,443,3200,2757
10355,442,3200,2758
10356,442,3200,2758
10357,442,3200,2758
10358,442,3200,2758
10359,442,3200,2758
10360,442,3200,2758
10361,442,3200,2758
10362,442,3200,2758
10363,442,3200,2758
10364,442,3200,2758
10365,442,3200,2758
10366,442,3200,2758
10367,442,3200,2758
10368,442,3200,2758
10369,442,3200,2758
10370,442,3200,2758
10371,442,3200,2758
10372,442,3200,2758
10373,442,3200,2758
10374,442,3200,2758
10375,442,3200,2758
10376,442,3200,2758
10377,442,3200,2758
10378,442,3200,2758
10379,442,3200,2758
10380,442,3200,2758
10381,442,3200,2758
10382,442,3200,2758
10383,442,3200,2758
10384,442,3200,2758
10385,441,3200,2759
10386,441,3200,2759
10387,441,3200,2759
10388,441,3200,2759
10389,441,3200,2759
10390,441,3200,2759
10391,441,3200,2759
10392,441,3200,2759
10393,441,3200,2759
10394,441,3200,2759
10395,441,3200,2759
10396,441,3200,2759
10397,441,3200,2759
10398,441,3200,2759
10399,441,3200,2759
10400,441,3200,2759
10401,441,3200,2759
10402,441,3200,2759
10403,441,3200,2759
10404,441,3200,2759
10405,441,3200,2759
10406,441,3200,2759
10407,441,3200,2759
10408,441,3200,2759
10409,441,3200,2759
10410,441,3200,2759
10411,441,3200,2759
10412,441,3200,2759
10413,441,3200,2759
10414,441,3200,2759
10415,441,3200,2759
10416,441,3200,2759
10417,441,3200,2759
10418,441,3200,2759
10419,441,3200,2759
10420,441,3200,2759
10421,441,3200,2759
10422,441,3200,2759
10423,441,3200,2759
10424,441,3200,2759
10425,441,3200,2759
10426,441,3200,2759
10427,441,3200,2759
10428,441,3200,2759
10429,441,3200,2759
10430,441,3200,2759
10431,441,3200,2759
10432,441,3200,2759
10433,441,3200,2759
10434,441,3200,2759
10435,441,3200,2759
10436,441,3200,2759
10437,441,3200,2759
10438,441,3200,2759
10439,441,3200,2759
10440,441,3200,2759
10441,441,3200,2759
10442,441,3200,2759
10443,441,3200,2759
10444,441,3200,2759
10445,441,3200,2759
10446,441,3200,2759
10447,441,3200,2759
10448,441,3200,2759
10449,441,3200,2759
10450,441,3200,2759
10451,441,3200,2759
10452,441,3200,2759
10453,441,3200,2759
10454,441,3200,2759
10455,441,3200,2759
10456,441,3200,2759
10457,441,3200,2759
10458,441,3200,2759
10459,441,3200,2759
10460,441,3200,2759
10461,441,3200,2759
10462,441,3200,2759
10463,441,3200,2759
10464,441,3200,2759
10465,441,3200,2759
10466,441,3200,2759
10467,441,3200,2759
10468,441,3200,2759
10469,441,3200,2759
10470,441,3200,2759
10471,441,3200,2759
10472,441,3200,2759
10473,441,3200,2759
10474,441,3200,2759
10475,441,3200,2759
10476,441,3200,2759
10477,441,3200,2759
10478,441,3200,2759
10479,441,3200,2759
10480,441,3200,2759
10481,441,3200,2759
10482,441,3200,2759
10483,441,3200,2759
10484,441,3200,2759
10485,441,3200,2759
10486,441,3200,2759
10487,441,3200,2759
10488,441,3200,2759
10489,441,3200,2759
10490,441,3200,2759
10491,441,3200,2759
10492,441,3200,2759
10493,441,3200,2759
10494,441,3200,2759
10495,441,3200,2759
10496,441,3200,2759
10497,441,3200,2759
10498,441,3200,2759
10499,441,3200,2759
10500,441,3200,2759
10501,441,3200,2759
10502,441,3200,2759
10503,441,3200,2759
10504,441,3200,2759
10505,441,3200,2759
10506,441,3200,2759
10507,440,3200,2760
10508,440,3200,2760
10509,440,3200,2760
10510,440,3200,2760
10511,440,3200,2760
10512,440,3200,2760
10513,440,3200,2760
10514,440,3200,2760
10515,440,3200,2760
10516,440,3200,2760
10517,440,3200,2760
10518,440,3200,2760
10519,440,3200,2760
10520,440,3200,2760
10521,440,3200,2760
10522,440,3200,2760
10523,440,3200,2760
10524,440,3200,2760
10525,440,3200,2760
10526,440,3200,2760
10527,440,3200,2760
10528,440,3200,2760
10529,440,3200,2760
10530,440,3200,2760
10531,440,3200,2760
10532,440,3200,2760
10533,440,3200,2760
10534,440,3200,2760
10535,440,3200,2760
10536,440,3200,2760
10537,440,3200,2760
10538,440,3200,2760
10539,440,3200,2760
10540,440,3200,2760
10541,440,3200,2760
10542,440,3200,2760
10543,440,3200,2760
10544,440,3200,2760
10545,440,3200,2760
10546,440,3200,2760
10547,440,3200,2760
10548,440,3200,2760
10549,440,3200,2760
10550,440,3200,2760
10551,440,3200,2760
10552,440,3200,2760
10553,440,3200,2760
10554,440,3200,2760
10555,440,3200,2760
10556,440,3200,2760
10557,440,3200,2760
10558,440,3200,2760
10559,440,3200,2760
10560,440,3200,2760
10561,440,3200,2760
10562,440,3200,2760
10563,440,3200,2760
10564,440,3200,2760
10565,440,3200,2760
10566,440,3200,2760
10567,440,3200,2760
10568,440,3200,2760
10569,440,3200,2760
10570,440,3200,2760
10571,440,3200,2760
10572,440,3200,2760
10573,440,3200,2760
10574,440,3200,2760
10575,440,3200,2760
10576,440,3200,2760
10577,440,3200,2760
10578,440,3200,2760
10579,440,3200,2760
10580,440,3200,2760
10581,440,3200,2760
10582,440,3200,2760
10583,440,3200,2760
10584,440,3200,2760
10585,440,3200,2760
10586,440,3200,2760
10587,440,3200,2760
10588,440,3200,2760
10589,440,3200,2760
10590,440,3200,2760
10591,440,3200,2760
10592,440,3200,2760
10593,440,3200,2760
10594,440,3200,2760
10595,440,3200,2760
10596,440,3200,2760
10597,440,3200,2760
10598,440,3200,2760
10599,440,3200,2760
10600,440,3200,2760
10601,440,3200,2760
10602,440,3200,2760
10603,440,3200,2760
10604,440,3200,2760
10605,440,3200,2760
10606,440,3200,2760
10607,440,3200,2760
10608,440,3200,2760
10609,440,3200,2760
10610,440,3200,2760
10611,440,3200,2760
10612,440,3200,2760
10613,440,3200,2760
10614,440,3200,2760
10615,440,3200,2760
10616,440,3200,2760
10617,440,3200,2760
10618,440,3200,2760
10619,440,3200,2760
10620,440,3200,2760
10621,440,3200,2760
10622,440,3200,2760
10623,440,3200,2760
10624,440,3200,2760
10625,440,3200,2760
10626,440,3200,2760
10627,440,3200,2760
10628,440,3200,2760
10629,440,3200,2760
10630,440,3200,2760
10631,440,3200,2760
10632,440,3200,2760
10633,440,3200,2760
10634,440,3200,2760
10635,440,3200,2760
10636,440,3200,2760
10637,440,3200,2760
10638,440,3200,2760
10639,440,3200,2760
10640,440,3200,2760
10641,440,3200,2760
10642,440,3200,2760
10643,440,3200,2760
10644,440,3200,2760
10645,440,3200,2760
10646,440,3200,2760
10647,440,3200,2760
10648,440,3200,2760
10649,440,3200,2760
10650,440,3200,2760
10651,440,3200,2760
10652,440,3200,2760
10653,440,3200,2760
10654,440,3200,2760
10655,440,3200,2760
10656,440,3200,2760
10657,440,3200,2760
10658,440,3200,2760
10659,440,3200,2760
10660,440,3200,2760
10661,440,3200,2760
10662,440,3200,2760
10663,440,3200,2760
10664,440,3200,2760
10665,440,3200,2760
10666,440,3200,2760
10667,440,3200,2760
10668,440,3200,2760
10669,439,3200,2761
10670,439,3200,2761
10671,439,3200,2761
10672,439,3200,2761
10673,439,3200,2761
10674,439,3200,2761
10675,439,3200,2761
10676,439,3200,2761
10677,438,3200,2762
10678,438,3200,2762
10679,438,3200,2762
10680,438,3200,2762
10681,437,3200,2763
10682,437,3200,2763
10683,436,3200,2764
10684,436,3200,2764
10685,436,3200,2764
10686,435,3200,2765
10687,435,3200,2765
10688,434,3200,2766
10689,434,3200,2766
10690,433,3200,2767
10691,433,3200,2767
10692,433,3200,2767
10693,433,3200,2767
10694,433,3200,2767
10695,433,3200,2767
10696,433,3200,2767
10697,433,3200,2767
10698,433,3200,2767
10699,433,3200,2767
10700,433,3200,2767
10701,433,3200,2767
10702,433,3200,2767
10703,432,3200,2768
10704,432,3200,2768
10705,432,3200,2768
10706,432,3200,2768
10707,432,3200,2768
10708,432,3200,2768
10709,432,3200,2768
10710,432,3200,2768
10711,432,3200,2768
10712,431,3200,2769
10713,431,3200,2769
10714,430,3200,2770
10715,430,3200,2770
10716,430,3200,2770
10717,429,3200,2771
10718,429,3200,2771
10719,429,3200,2771
10720,429,3200,2771
10721,429,3200,2771
10722,428,3200,2772
10723,428,3200,2772
10724,428,3200,2772
10725,428,3200,2772
10726,427,3200,2773
10727,426,3200,2774
10728,426,3200,2774
10729,426,3200,2774
10730,426,3200,2774
10731,426,3200,2774
10732,426,3200,2774
10733,426,3200,2774
10734,426,3200,2774
10735,426,3200,2774
10736,426,3200,2774
10737,426,3200,2774
10738,426,3200,2774
10739,425,3200,2775
10740,425,3200,2775
10741,425,3200,2775
10742,425,3200,2775
10743,425,3200,2775
10744,425,3200,2775
10745,425,3200,2775
10746,425,3200,2775
10747,425,3200,2775
10748,425,3200,2775
10749,424,3200,2776
10750,424,3200,2776
10751,423,3200,2777
10752,423,3200,2777
10753,423,3200,2777
10754,423,3200,2777
10755,422,3200,2778
10756,422,3200,2778
10757,421,3200,2779
10758,421,3200,2779
10759,421,3200,2779
10760,421,3200,2779
10761,421,3200,2779
10762,421,3200,2779
10763,421,3200,2779
10764,421,3200,2779
10765,421,3200,2779
10766,421,3200,2779
10767,420,3200,2780
10768,420,3200,2780
10769,420,3200,2780
10770,419,3200,2781
10771,419,3200,2781
10772,419,3200,2781
10773,418,3200,2782
10774,418,3200,2782
10775,417,3200,2783
10776,417,3200,2783
10777,417,3200,2783
10778,416,3200,2784
10779,416,3200,2784
10780,416,3200,2784
10781,416,3200,2784
10782,415,3200,2785
10783,415,3200,2785
10784,414,3200,2786
10785,413,3200,2787
10786,413,3200,2787
10787,413,3200,2787
10788,413,3200,2787
10789,413,3200,2787
10790,413,3200,2787
10791,412,3200,2788
10792,412,3200,2788
10793,412,3200,2788
10794,412,3200,2788
10795,412,3200,2788
10796,412,3200,2788
10797,412,3200,2788
10798,411,3200,2789
10799,411,3200,2789
10800,411,3200,2789
10801,411,3200,2789
10802,410,3200,2790
10803,410,3200,2790
10804,409,3200,2791
10805,409,3200,2791
10806,409,3200,2791
10807,408,3200,2792
10808,408,3200,2792
10809,408,3200,2792
10810,407,3200,2793
10811,407,3200,2793
10812,406,3200,2794
10813,406,3200,2794
10814,406,3200,2794
10815,405,3200,2795
10816,405,3200,2795
10817,405,3200,2795
10818,404,3200,2796
10819,404,3200,2796
10820,404,3200,2796
10821,403,3200,2797
10822,403,3200,2797
10823,403,3200,2797
10824,403,3200,2797
10825,403,3200,2797
10826,403,3200,2797
10827,403,3200,2797
10828,403,3200,2797
10829,403,3200,2797
10830,403,3200,2797
10831,403,3200,2797
10832,403,3200,2797
10833,403,3200,2797
10834,403,3200,2797
10835,403,3200,2797
10836,403,3200,2797
10837,403,3200,2797
10838,403,3200,2797
10839,403,3200,2797
10840,403,3200,2797
10841,402,3200,2798
10842,402,3200,2798
10843,401,3200,2799
10844,400,3200,2800
10845,400,3200,2800
10846,400,3200,2800
10847,400,3200,2800
10848,400,3200,2800
10849,400,3200,2800
10850,400,3200,2800
10851,399,3200,2801
10852,398,3200,2802
10853,397,3200,2803
10854,397,3200,2803
10855,397,3200,2803
10856,397,3200,2803
10857,397,3200,2803
10858,397,3200,2803
10859,397,3200,2803
10860,396,3200,2804
10861,396,3200,2804
10862,395,3200,2805
10863,395,3200,2805
10864,395,3200,2805
10865,394,3200,2806
10866,394,3200,2806
10867,394,3200,2806
10868,394,3200,2806
10869,394,3200,2806
10870,393,3200,2807
10871,393,3200,2807
10872,393,3200,2807
10873,393,3200,2807
10874,392,3200,2808
10875,391,3200,2809
10876,391,3200,2809
10877,391,3200,2809
10878,391,3200,2809
10879,391,3200,2809
10880,390,3200,2810
10881,390,3200,2810
10882,389,3200,2811
10883,389,3200,2811
10884,389,3200,2811
10885,389,3200,2811
10886,389,3200,2811
10887,389,3200,2811
10888,388,3200,2812
10889,387,3200,2813
10890,387,3200,2813
10891,387,3200,2813
10892,386,3200,2814
10893,386,3200,2814
10894,386,3200,2814
10895,385,3200,2815
10896,385,3200,2815
10897,384,3200,2816
10898,384,3200,2816
10899,384,3200,2816
10900,384,3200,2816
10901,384,3200,2816
10902,383,3200,2817
10903,383,3200,2817
10904,383,3200,2817
10905,383,3200,2817
10906,383,3200,2817
10907,383,3200,2817
10908,383,3200,2817
10909,383,3200,2817
10910,383,3200,2817
10911,382,3200,2818
10912,382,3200,2818
10913,381,3200,2819
10914,381,3200,2819
10915,381,3200,2819
10916,381,3200,2819
10917,380,3200,2820
10918,380,3200,2820
10919,380,3200,2820
10920,379,3200,2821
10921,379,3200,2821
10922,379,3200,2821
10923,379,3200,2821
10924,379,3200,2821
10925,379,3200,2821
10926,379,3200,2821
10927,378,3200,2822
10928,378,3200,2822
10929,378,3200,2822
10930,378,3200,2822
10931,378,3200,2822
10932,378,3200,2822
10933,378,3200,2822
10934,378,3200,2822
10935,378,3200,2822
10936,377,3200,2823
10937,376,3200,2824
10938,376,3200,2824
10939,376,3200,2824
10940,375,3200,2825
10941,375,3200,2825
10942,375,3200,2825
10943,374,3200,2826
10944,374,3200,2826
10945,374,3200,2826
10946,374,3200,2826
10947,374,3200,2826
10948,374,3200,2826
10949,374,3200,2826
10950,374,3200,2826
10951,374,3200,2826
10952,374,3200,2826
10953,374,3200,2826
10954,374,3200,2826
10955,373,3200,2827
10956,373,3200,2827
10957,372,3200,2828
10958,372,3200,2828
10959,372,3200,2828
10960,372,3200,2828
10961,371,3200,2829
10962,371,3200,2829
10963,371,3200,2829
10964,371,3200,2829
10965,371,3200,2829
10966,370,3200,2830
10967,370,3200,2830
10968,370,3200,2830
10969,370,3200,2830
10970,369,3200,2831
10971,369,3200,2831
10972,369,3200,2831
10973,369,3200,2831
10974,369,3200,2831
10975,369,3200,2831
10976,369,3200,2831
10977,369,3200,2831
10978,368,3200,2832
10979,368,3200,2832
10980,367,3200,2833
10981,366,3200,2834
10982,366,3200,2834
10983,366,3200,2834
10984,366,3200,2834
10985,365,3200,2835
10986,365,3200,2835
10987,365,3200,2835
10988,365,3200,2835
10989,364,3200,2836
10990,364,3200,2836
10991,364,3200,2836
10992,364,3200,2836
10993,364,3200,2836
10994,364,3200,2836
10995,364,3200,2836
10996,364,3200,2836
10997,364,3200,2836
10998,364,3200,2836
10999,364,3200,2836
11000,364,3200,2836
11001,364,3200,2836
11002,364,3200,2836
11003,364,3200,2836
11004,363,3200,2837
11005,363,3200,2837
11006,363,3200,2837
11007,362,3200,2838
11008,362,3200,2838
11009,362,3200,2838
11010,361,3200,2839
11011,361,3200,2839
11012,360,3200,2840
11013,360,3200,2840
11014,360,3200,2840
11015,360,3200,2840
11016,360,3200,2840
11017,360,3200,2840
11018,359,3200,2841
11019,359,3200,2841
11020,359,3200,2841
11021,358,3200,2842
11022,358,3200,2842
11023,358,3200,2842
11024,358,3200,2842
11025,358,3200,2842
11026,357,3200,2843
11027,357,3200,2843
11028,357,3200,2843
11029,357,3200,2843
11030,357,3200,2843
11031,357,3200,2843
11032,357,3200,2843
11033,357,3200,2843
11034,357,3200,2843
11035,357,3200,2843
11036,356,3200,2844
11037,356,3200,2844
11038,356,3200,2844
11039,356,3200,2844
11040,355,3200,2845
11041,355,3200,2845
11042,354,3200,2846
11043,354,3200,2846
11044,354,3200,2846
11045,353,3200,2847
11046,353,3200,2847
11047,352,3200,2848
11048,352,3200,2848
11049,352,3200,2848
11050,351,3200,2849
11051,350,3200,2850
11052,350,3200,2850
11053,350,3200,2850
11054,349,3200,2851
11055,349,3200,2851
11056,349,3200,2851
11057,349,3200,2851
11058,349,3200,2851
11059,348,3200,2852
11060,348,3200,2852
11061,347,3200,2853
11062,347,3200,2853
11063,347,3200,2853
11064,347,3200,2853
11065,347,3200,2853
11066,347,3200,2853
11067,347,3200,2853
11068,347,3200,2853
11069,347,3200,2853
11070,347,3200,2853
11071,347,3200,2853
11072,346,3200,2854
11073,346,3200,2854
11074,346,3200,2854
11075,345,3200,2855
11076,345,3200,2855
11077,345,3200,2855
11078,345,3200,2855
11079,345,3200,2855
11080,345,3200,2855
11081,344,3200,2856
11082,344,3200,2856
11083,344,3200,2856
11084,343,3200,2857
11085,343,3200,2857
11086,342,3200,2858
11087,342,3200,2858
11088,341,3200,2859
11089,341,3200,2859
11090,341,3200,2859
11091,340,3200,2860
11092,340,3200,2860
11093,340,3200,2860
11094,340,3200,2860
11095,340,3200,2860
11096,340,3200,2860
11097,340,3200,2860
11098,340,3200,2860
11099,340,3200,2860
11100,340,3200,2860
11101,340,3200,2860
11102,340,3200,2860
11103,340,3200,2860
11104,340,3200,2860
11105,339,3200,2861
11106,339,3200,2861
11107,338,3200,2862
11108,338,3200,2862
11109,338,3200,2862
11110,338,3200,2862
11111,338,3200,2862
11112,337,3200,2863
11113,337,3200,2863
11114,337,3200,2863
11115,336,3200,2864
11116,335,3200,2865
11117,335,3200,2865
11118,334,3200,2866
11119,334,3200,2866
11120,333,3200,2867
11121,333,3200,2867
11122,332,3200,2868
11123,332,3200,2868
11124,332,3200,2868
11125,332,3200,2868
11126,332,3200,2868
11127,332,3200,2868
11128,331,3200,2869
11129,331,3200,2869
11130,331,3200,2869
11131,331,3200,2869
11132,331,3200,2869
11133,331,3200,2869
11134,331,3200,2869
11135,330,3200,2870
11136,330,3200,2870
11137,329,3200,2871
11138,329,3200,2871
11139,328,3200,2872
11140,328,3200,2872
11141,328,3200,2872
11142,328,3200,2872
11143,328,3200,2872
11144,327,3200,2873
11145,327,3200,2873
11146,327,3200,2873
11147,326,3200,2874
11148,326,3200,2874
11149,326,3200,2874
11150,325,3200,2875
11151,325,3200,2875
11152,325,3200,2875
11153,325,3200,2875
11154,325,3200,2875
11155,325,3200,2875
11156,325,3200,2875
11157,325,3200,2875
11158,325,3200,2875
11159,325,3200,2875
11160,325,3200,2875
11161,324,3200,2876
11162,324,3200,2876
11163,324,3200,2876
11164,324,3200,2876
11165,324,3200,2876
11166,324,3200,2876
11167,323,3200,2877
11168,322,3200,2878
11169,322,3200,2878
11170,322,3200,2878
11171,322,3200,2878
11172,322,3200,2878
11173,321,3200,2879
11174,320,3200,2880
11175,320,3200,2880
11176,320,3200,2880
11177,320,3200,2880
11178,320,3200,2880
11179,320,3200,2880
11180,319,3200,2881
11181,318,3200,2882
11182,318,3200,2882
11183,318,3200,2882
11184,318,3200,2882
11185,317,3200,2883
11186,317,3200,2883
11187,317,3200,2883
11188,317,3200,2883
11189,316,3200,2884
11190,316,3200,2884
11191,316,3200,2884
11192,316,3200,2884
11193,316,3200,2884
11194,315,3200,2885
11195,315,3200,2885
11196,315,3200,2885
11197,315,3200,2885
11198,315,3200,2885
11199,315,3200,2885
11200,315,3200,2885
11201,315,3200,2885
11202,315,3200,2885
11203,314,3200,2886
11204,314,3200,2886
11205,314,3200,2886
11206,314,3200,2886
11207,314,3200,2886
11208,314,3200,2886
11209,314,3200,2886
11210,313,3200,2887
11211,313,3200,2887
11212,313,3200,2887
11213,313,3200,2887
11214,313,3200,2887
11215,313,3200,2887
11216,313,3200,2887
11217,312,3200,2888
11218,312,3200,2888
11219,312,3200,2888
11220,312,3200,2888
11221,312,3200,2888
11222,312,3200,2888
11223,312,3200,2888
11224,311,3200,2889
11225,311,3200,2889
11226,311,3200,2889
11227,310,3200,2890
11228,310,3200,2890
11229,310,3200,2890
11230,310,3200,2890
11231,310,3200,2890
11232,310,3200,2890
11233,310,3200,2890
11234,309,3200,2891
11235,309,3200,2891
11236,309,3200,2891
11237,308,3200,2892
11238,308,3200,2892
11239,308,3200,2892
11240,308,3200,2892
11241,308,3200,2892
11242,308,3200,2892
11243,307,3200,2893
11244,307,3200,2893
11245,307,3200,2893
11246,307,3200,2893
11247,306,3200,2894
11248,306,3200,2894
11249,305,3200,2895
11250,305,3200,2895
11251,305,3200,2895
11252,305,3200,2895
11253,304,3200,2896
11254,304,3200,2896
11255,303,3200,2897
11256,303,3200,2897
11257,303,3200,2897
11258,302,3200,2898
11259,302,3200,2898
11260,302,3200,2898
11261,302,3200,2898
11262,302,3200,2898
11263,302,3200,2898
11264,302,3200,2898
11265,302,3200,2898
11266,302,3200,2898
11267,302,3200,2898
11268,302,3200,2898
11269,302,3200,2898
11270,302,3200,2898
11271,302,3200,2898
11272,302,3200,2898
11273,302,3200,2898
11274,302,3200,2898
11275,302,3200,2898
11276,301,3200,2899
11277,300,3200,2900
11278,300,3200,2900
11279,299,3200,2901
11280,299,3200,2901
11281,299,3200,2901
11282,299,3200,2901
11283,299,3200,2901
11284,298,3200,2902
11285,298,3200,2902
11286,298,3200,2902
11287,298,3200,2902
11288,297,3200,2903
11289,297,3200,2903
11290,297,3200,2903
11291,297,3200,2903
11292,297,3200,2903
11293,297,3200,2903
11294,296,3200,2904
11295,296,3200,2904
11296,296,3200,2904
11297,296,3200,2904
11298,296,3200,2904
11299,296,3200,2904
11300,296,3200,2904
11301,296,3200,2904
11302,296,3200,2904
11303,296,3200,2904
11304,296,3200,2904
11305,296,3200,2904
11306,296,3200,2904
11307,295,3200,2905
11308,295,3200,2905
11309,295,3200,2905
11310,294,3200,2906
11311,294,3200,2906
11312,294,3200,2906
11313,293,3200,2907
11314,293,3200,2907
11315,292,3200,2908
11316,292,3200,2908
11317,292,3200,2908
11318,292,3200,2908
11319,291,3200,2909
11320,291,3200,2909
11321,291,3200,2909
11322,291,3200,2909
11323,291,3200,2909
11324,290,3200,2910
11325,290,3200,2910
11326,289,3200,2911
11327,289,3200,2911
11328,288,3200,2912
11329,288,3200,2912
11330,288,3200,2912
11331,287,3200,2913
11332,287,3200,2913
11333,287,3200,2913
11334,286,3200,2914
11335,286,3200,2914
11336,285,3200,2915
11337,285,3200,2915
11338,284,3200,2916
11339,284,3200,2916
11340,284,3200,2916
11341,284,3200,2916
11342,284,3200,2916
11343,284,3200,2916
11344,284,3200,2916
11345,283,3200,2917
11346,283,3200,2917
11347,283,3200,2917
11348,282,3200,2918
11349,282,3200,2918
11350,282,3200,2918
11351,282,3200,2918
11352,281,3200,2919
11353,281,3200,2919
11354,281,3200,2919
11355,280,3200,2920
11356,280,3200,2920
11357,280,3200,2920
11358,280,3200,2920
11359,280,3200,2920
11360,280,3200,2920
11361,280,3200,2920
11362,280,3200,2920
11363,280,3200,2920
11364,280,3200,2920
11365,280,3200,2920
11366,280,3200,2920
11367,280,3200,2920
11368,280,3200,2920
11369,280,3200,2920
11370,279,3200,2921
11371,279,3200,2921
11372,279,3200,2921
11373,278,3200,2922
11374,278,3200,2922
11375,277,3200,2923
11376,277,3200,2923
11377,277,3200,2923
11378,276,3200,2924
11379,276,3200,2924
11380,276,3200,2924
11381,275,3200,2925
11382,274,3200,2926
11383,274,3200,2926
11384,274,3200,2926
11385,274,3200,2926
11386,274,3200,2926
11387,274,3200,2926
11388,274,3200,2926
11389,273,3200,2927
11390,273,3200,2927
11391,272,3200,2928
11392,272,3200,2928
11393,271,3200,2929
11394,271,3200,2929
11395,271,3200,2929
11396,271,3200,2929
11397,270,3200,2930
11398,270,3200,2930
11399,270,3200,2930
11400,270,3200,2930
11401,269,3200,2931
11402,269,3200,2931
11403,269,3200,2931
11404,268,3200,2932
11405,267,3200,2933
11406,267,3200,2933
11407,267,3200,2933
11408,267,3200,2933
11409,267,3200,2933
11410,266,3200,2934
11411,266,3200,2934
11412,265,3200,2935
11413,265,3200,2935
11414,265,3200,2935
11415,265,3200,2935
11416,265,3200,2935
11417,265,3200,2935
11418,264,3200,2936
11419,264,3200,2936
11420,264,3200,2936
11421,263,3200,2937
11422,263,3200,2937
11423,263,3200,2937
11424,263,3200,2937
11425,263,3200,2937
11426,263,3200,2937
11427,263,3200,2937
11428,263,3200,2937
11429,263,3200,2937
11430,263,3200,2937
11431,263,3200,2937
11432,263,3200,2937
11433,263,3200,2937
11434,262,3200,2938
11435,262,3200,2938
11436,262,3200,2938
11437,262,3200,2938
11438,261,3200,2939
11439,261,3200,2939
11440,260,3200,2940
11441,260,3200,2940
11442,260,3200,2940
11443,260,3200,2940
11444,259,3200,2941
11445,259,3200,2941
11446,259,3200,2941
11447,259,3200,2941
11448,259,3200,2941
11449,259,3200,2941
11450,259,3200,2941
11451,259,3200,2941
11452,259,3200,2941
11453,259,3200,2941
11454,259,3200,2941
11455,259,3200,2941
11456,259,3200,2941
11457,259,3200,2941
11458,259,3200,2941
11459,259,3200,2941
11460,259,3200,2941
11461,259,3200,2941
11462,258,3200,2942
11463,258,3200,2942
11464,258,3200,2942
11465,258,3200,2942
11466,257,3200,2943
11467,257,3200,2943
11468,256,3200,2944
11469,255,3200,2945
11470,255,3200,2945
11471,254,3200,2946
11472,254,3200,2946
11473,254,3200,2946
11474,253,3200,2947
11475,253,3200,2947
11476,252,3200,2948
11477,252,3200,2948
11478,251,3200,2949
11479,251,3200,2949
11480,251,3200,2949
11481,251,3200,2949
11482,250,3200,2950
11483,250,3200,2950
11484,250,3200,2950
11485,250,3200,2950
11486,250,3200,2950
11487,250,3200,2950
11488,249,3200,2951
11489,248,3200,2952
11490,248,3200,2952
11491,247,3200,2953
11492,247,3200,2953
11493,247,3200,2953
11494,246,3200,2954
11495,246,3200,2954
11496,246,3200,2954
11497,245,3200,2955
11498,245,3200,2955
11499,245,3200,2955
11500,245,3200,2955
11501,244,3200,2956
11502,244,3200,2956
11503,243,3200,2957
11504,243,3200,2957
11505,243,3200,2957
11506,242,3200,2958
11507,242,3200,2958
11508,240,3200,2960
11509,240,3200,2960
11510,239,3200,2961
11511,239,3200,2961
11512,239,3200,2961
11513,239,3200,2961
11514,239,3200,2961
11515,238,3200,2962
11516,238,3200,2962
11517,237,3200,2963
11518,236,3200,2964
11519,236,3200,2964
11520,236,3200,2964
11521,236,3200,2964
11522,236,3200,2964
11523,236,3200,2964
11524,236,3200,2964
11525,235,3200,2965
11526,235,3200,2965
11527,235,3200,2965
11528,234,3200,2966
11529,233,3200,2967
11530,233,3200,2967
11531,233,3200,2967
11532,233,3200,2967
11533,233,3200,2967
11534,233,3200,2967
11535,233,3200,2967
11536,232,3200,2968
11537,232,3200,2968
11538,231,3200,2969
11539,231,3200,2969
11540,230,3200,2970
11541,230,3200,2970
11542,230,3200,2970
11543,229,3200,2971
11544,229,3200,2971
11545,228,3200,2972
11546,228,3200,2972
11547,228,3200,2972
11548,228,3200,2972
11549,227,3200,2973
11550,227,3200,2973
11551,227,3200,2973
11552,226,3200,2974
11553,225,3200,2975
11554,225,3200,2975
11555,224,3200,2976
11556,223,3200,2977
11557,222,3200,2978
11558,222,3200,2978
11559,222,3200,2978
11560,222,3200,2978
11561,222,3200,2978
11562,222,3200,2978
11563,221,3200,2979
11564,221,3200,2979
11565,221,3200,2979
11566,220,3200,2980
11567,220,3200,2980
11568,220,3200,2980
11569,219,3200,2981
11570,218,3200,2982
11571,218,3200,2982
11572,218,3200,2982
11573,218,3200,2982
11574,216,3200,2984
11575,216,3200,2984
11576,216,3200,2984
11577,214,3200,2986
11578,214,3200,2986
11579,213,3200,2987
11580,213,3200,2987
11581,213,3200,2987
11582,212,3200,2988
11583,212,3200,2988
11584,211,3200,2989
11585,211,3200,2989
11586,209,3200,2991
11587,209,3200,2991
11588,209,3200,2991
11589,208,3200,2992
11590,208,3200,2992
11591,207,3200,2993
11592,207,3200,2993
11593,207,3200,2993
11594,206,3200,2994
11595,206,3200,2994
11596,206,3200,2994
11597,206,3200,2994
11598,206,3200,2994
11599,206,3200,2994
11600,205,3200,2995
11601,205,3200,2995
11602,205,3200,2995
11603,205,3200,2995
11604,205,3200,2995
11605,203,3200,2997
11606,203,3200,2997
11607,202,3200,2998
11608,200,3200,3000
11609,199,3200,3001
11610,199,3200,3001
11611,199,3200,3001
11612,199,3200,3001
11613,198,3200,3002
11614,197,3200,3003
11615,196,3200,3004
11616,195,3200,3005
11617,194,3200,3006
11618,194,3200,3006
11619,193,3200,3007
11620,193,3200,3007
11621,192,3200,3008
11622,190,3200,3010
11623,189,3200,3011
11624,188,3200,3012
11625,188,3200,3012
11626,187,3200,3013
11627,187,3200,3013
11628,186,3200,3014
11629,185,3200,3015
11630,185,3200,3015
11631,185,3200,3015
11632,183,3200,3017
11633,183,3200,3017
11634,183,3200,3017
11635,183,3200,3017
11636,183,3200,3017
11637,183,3200,3017
11638,182,3200,3018
11639,182,3200,3018
11640,182,3200,3018
11641,182,3200,3018
11642,181,3200,3019
11643,180,3200,3020
11644,180,3200,3020
11645,178,3200,3022
11646,178,3200,3022
11647,178,3200,3022
11648,177,3200,3023
11649,177,3200,3023
11650,175,3200,3025
11651,175,3200,3025
11652,174,3200,3026
11653,174,3200,3026
11654,173,3200,3027
11655,173,3200,3027
11656,173,3200,3027
11657,173,3200,3027
11658,173,3200,3027
11659,173,3200,3027
11660,173,3200,3027
11661,172,3200,3028
11662,171,3200,3029
11663,170,3200,3030
11664,169,3200,3031
11665,169,3200,3031
11666,169,3200,3031
11667,167,3200,3033
11668,167,3200,3033
11669,167,3200,3033
11670,166,3200,3034
11671,165,3200,3035
11672,165,3200,3035
11673,164,3200,3036
11674,164,3200,3036
11675,164,3200,3036
11676,164,3200,3036
11677,164,3200,3036
11678,162,3200,3038
11679,162,3200,3038
11680,162,3200,3038
11681,161,3200,3039
11682,160,3200,3040
11683,160,3200,3040
11684,158,3200,3042
11685,158,3200,3042
11686,158,3200,3042
11687,157,3200,3043
11688,157,3200,3043
11689,156,3200,3044
11690,154,3200,3046
11691,154,3200,3046
11692,154,3200,3046
11693,154,3200,3046
11694,154,3200,3046
11695,154,3200,3046
11696,154,3200,3046
11697,154,3200,3046
11698,154,3200,3046
11699,153,3200,3047
11700,153,3200,3047
11701,152,3200,3048
11702,152,3200,3048
11703,150,3200,3050
11704,150,3200,3050
11705,149,3200,3051
11706,148,3200,3052
11707,147,3200,3053
11708,146,3200,3054
11709,146,3200,3054
11710,146,3200,3054
11711,145,3200,3055
11712,144,3200,3056
11713,144,3200,3056
11714,143,3200,3057
11715,143,3200,3057
11716,142,3200,3058
11717,142,3200,3058
11718,142,3200,3058
11719,141,3200,3059
11720,140,3200,3060
11721,140,3200,3060
11722,139,3200,3061
11723,139,3200,3061
11724,138,3200,3062
11725,138,3200,3062
11726,136,3200,3064
11727,136,3200,3064
11728,136,3200,3064
11729,136,3200,3064
11730,136,3200,3064
11731,135,3200,3065
11732,134,3200,3066
11733,134,3200,3066
11734,134,3200,3066
11735,133,3200,3067
11736,132,3200,3068
11737,131,3200,3069
11738,131,3200,3069
11739,131,3200,3069
11740,131,3200,3069
11741,131,3200,3069
11742,130,3200,3070
11743,129,3200,3071
11744,129,3200,3071
11745,127,3200,3073
11746,126,3200,3074
11747,126,3200,3074
11748,126,3200,3074
11749,124,3200,3076
11750,124,3200,3076
11751,124,3200,3076
11752,123,3200,3077
11753,122,3200,3078
11754,122,3200,3078
11755,120,3200,3080
11756,119,3200,3081
11757,119,3200,3081
11758,118,3200,3082
11759,117,3200,3083
11760,117,3200,3083
11761,117,3200,3083
11762,117,3200,3083
11763,116,3200,3084
11764,116,3200,3084
11765,116,3200,3084
11766,116,3200,3084
11767,116,3200,3084
11768,116,3200,3084
11769,116,3200,3084
11770,116,3200,3084
11771,116,3200,3084
11772,116,3200,3084
11773,116,3200,3084
11774,115,3200,3085
11775,114,3200,3086
11776,114,3200,3086
11777,114,3200,3086
11778,113,3200,3087
11779,113,3200,3087
11780,113,3200,3087
11781,111,3200,3089
11782,111,3200,3089
11783,109,3200,3091
11784,109,3200,3091
11785,109,3200,3091
11786,109,3200,3091
11787,109,3200,3091
11788,107,3200,3093
11789,107,3200,3093
11790,107,3200,3093
11791,107,3200,3093
11792,107,3200,3093
11793,107,3200,3093
11794,106,3200,3094
11795,106,3200,3094
11796,104,3200,3096
11797,104,3200,3096
11798,103,3200,3097
11799,103,3200,3097
11800,103,3200,3097
11801,102,3200,3098
11802,102,3200,3098
11803,102,3200,3098
11804,101,3200,3099
11805,100,3200,3100
11806,100,3200,3100
11807,99,3200,3101
11808,99,3200,3101
11809,99,3200,3101
11810,98,3200,3102
11811,98,3200,3102
11812,98,3200,3102
11813,98,3200,3102
11814,97,3200,3103
11815,97,3200,3103
11816,97,3200,3103
11817,96,3200,3104
11818,95,3200,3105
11819,95,3200,3105
11820,95,3200,3105
11821,95,3200,3105
11822,95,3200,3105
11823,95,3200,3105
11824,95,3200,3105
11825,95,3200,3105
11826,95,3200,3105
11827,95,3200,3105
11828,95,3200,3105
11829,95,3200,3105
11830,95,3200,3105
11831,95,3200,3105
11832,94,3200,3106
11833,94,3200,3106
11834,94,3200,3106
11835,94,3200,3106
11836,94,3200,3106
11837,94,3200,3106
11838,93,3200,3107
11839,93,3200,3107
11840,93,3200,3107
11841,93,3200,3107
11842,92,3200,3108
11843,91,3200,3109
11844,90,3200,3110
11845,90,3200,3110
11846,89,3200,3111
11847,89,3200,3111
11848,89,3200,3111
11849,89,3200,3111
11850,88,3200,3112
11851,88,3200,3112
11852,88,3200,3112
11853,88,3200,3112
11854,88,3200,3112
11855,87,3200,3113
11856,87,3200,3113
11857,86,3200,3114
11858,86,3200,3114
11859,86,3200,3114
11860,86,3200,3114
11861,86,3200,3114
11862,86,3200,3114
11863,85,3200,3115
11864,85,3200,3115
11865,85,3200,3115
11866,85,3200,3115
11867,85,3200,3115
11868,84,3200,3116
11869,84,3200,3116
11870,84,3200,3116
11871,84,3200,3116
11872,83,3200,3117
11873,83,3200,3117
11874,82,3200,3118
11875,82,3200,3118
11876,82,3200,3118
11877,82,3200,3118
11878,82,3200,3118
11879,82,3200,3118
11880,82,3200,3118
11881,81,3200,3119
11882,81,3200,3119
11883,81,3200,3119
11884,81,3200,3119
11885,81,3200,3119
11886,81,3200,3119
11887,80,3200,3120
11888,79,3200,3121
11889,79,3200,3121
11890,78,3200,3122
11891,78,3200,3122
11892,77,3200,3123
11893,77,3200,3123
11894,77,3200,3123
11895,77,3200,3123
11896,77,3200,3123
11897,77,3200,3123
11898,77,3200,3123
11899,77,3200,3123
11900,77,3200,3123
11901,77,3200,3123
11902,77,3200,3123
11903,77,3200,3123
11904,76,3200,3124
11905,75,3200,3125
11906,75,3200,3125
11907,75,3200,3125
11908,75,3200,3125
11909,75,3200,3125
11910,75,3200,3125
11911,75,3200,3125
11912,75,3200,3125
11913,75,3200,3125
11914,75,3200,3125
11915,75,3200,3125
11916,75,3200,3125
11917,75,3200,3125
11918,75,3200,3125
11919,75,3200,3125
11920,75,3200,3125
11921,75,3200,3125
11922,75,3200,3125
11923,75,3200,3125
11924,75,3200,3125
11925,75,3200,3125
11926,75,3200,3125
11927,75,3200,3125
11928,75,3200,3125
11929,75,3200,3125
11930,75,3200,3125
11931,75,3200,3125
11932,75,3200,3125
11933,75,3200,3125
11934,75,3200,3125
11935,75,3200,3125
11936,75,3200,3125
11937,75,3200,3125
11938,75,3200,3125
11939,75,3200,3125
11940,75,3200,3125
11941,75,3200,3125
11942,75,3200,3125
11943,75,3200,3125
11944,75,3200,3125
11945,75,3200,3125
11946,75,3200,3125
11947,75,3200,3125
11948,75,3200,3125
11949,75,3200,3125
11950,75,3200,3125
11951,75,3200,3125
11952,75,3200,3125
11953,75,3200,3125
11954,75,3200,3125
11955,75,3200,3125
11956,75,3200,3125
11957,75,3200,3125
11958,75,3200,3125
11959,75,3200,3125
11960,75,3200,3125
11961,75,3200,3125
11962,75,3200,3125
11963,75,3200,3125
11964,75,3200,3125
11965,75,3200,3125
11966,75,3200,3125
11967,75,3200,3125
11968,75,3200,3125
11969,75,3200,3125
11970,75,3200,3125
11971,75,3200,3125
11972,75,3200,3125
11973,75,3200,3125
11974,75,3200,3125
11975,75,3200,3125
11976,75,3200,3125
11977,75,3200,3125
11978,75,3200,3125
11979,75,3200,3125
11980,75,3200,3125
11981,75,3200,3125
11982,75,3200,3125
11983,75,3200,3125
11984,75,3200,3125
11985,75,3200,3125
11986,75,3200,3125
11987,75,3200,3125
11988,75,3200,3125
11989,75,3200,3125
11990,75,3200,3125
11991,75,3200,3125
11992,75,3200,3125
11993,75,3200,3125
11994,75,3200,3125
11995,75,3200,3125
11996,75,3200,3125
11997,75,3200,3125
11998,75,3200,3125
11999,75,3200,3125
12000,75,3200,3125
12001,75,3200,3125
12002,75,3200,3125
12003,75,3200,3125
12004,75,3200,3125
12005,75,3200,3125
12006,75,3200,3125
12007,75,3200,3125
12008,75,3200,3125
12009,75,3200,3125
12010,75,3200,3125
12011,75,3200,3125
12012,75,3200,3125
12013,75,3200,3125
12014,75,3200,3125
12015,75,3200,3125
12016,75,3200,3125
12017,75,3200,3125
12018,75,3200,3125
12019,75,3200,3125
12020,75,3200,3125
12021,75,3200,3125
12022,75,3200,3125
12023,75,3200,3125
12024,75,3200,3125
12025,75,3200,3125
12026,75,3200,3125
12027,75,3200,3125
12028,75,3200,3125
12029,75,3200,3125
12030,75,3200,3125
12031,75,3200,3125
12032,75,3200,3125
12033,75,3200,3125
12034,75,3200,3125
12035,75,3200,3125
12036,75,3200,3125
12037,75,3200,3125
12038,75,3200,3125
12039,75,3200,3125
12040,75,3200,3125
12041,75,3200,3125
12042,75,3200,3125
12043,75,3200,3125
12044,75,3200,3125
12045,75,3200,3125
12046,75,3200,3125
12047,75,3200,3125
12048,75,3200,3125
12049,75,3200,3125
12050,75,3200,3125
12051,75,3200,3125
12052,75,3200,3125
12053,75,3200,3125
12054,75,3200,3125
12055,75,3200,3125
12056,75,3200,3125
12057,75,3200,3125
12058,75,3200,3125
12059,75,3200,3125
12060,75,3200,3125
12061,75,3200,3125
12062,75,3200,3125
12063,75,3200,3125
12064,75,3200,3125
12065,75,3200,3125
12066,75,3200,3125
12067,75,3200,3125
12068,75,3200,3125
12069,75,3200,3125
12070,75,3200,3125
12071,75,3200,3125
12072,75,3200,3125
12073,75,3200,3125
12074,75,3200,3125
12075,75,3200,3125
12076,75,3200,3125
12077,75,3200,3125
12078,75,3200,3125
12079,75,3200,3125
12080,75,3200,3125
12081,75,3200,3125
12082,75,3200,3125
12083,75,3200,3125
12084,75,3200,3125
12085,75,3200,3125
12086,75,3200,3125
12087,75,3200,3125
12088,75,3200,3125
12089,75,3200,3125
12090,75,3200,3125
12091,75,3200,3125
12092,75,3200,3125
12093,75,3200,3125
12094,75,3200,3125
12095,75,3200,3125
12096,75,3200,3125
12097,75,3200,3125
12098,75,3200,3125
12099,75,3200,3125
12100,75,3200,3125
12101,75,3200,3125
12102,75,3200,3125
12103,75,3200,3125
12104,75,3200,3125
12105,75,3200,3125
12106,75,3200,3125
12107,75,3200,3125
12108,75,3200,3125
12109,75,3200,3125
12110,75,3200,3125
12111,75,3200,3125
12112,75,3200,3125
12113,75,3200,3125
12114,75,3200,3125
12115,75,3200,3125
12116,75,3200,3125
12117,75,3200,3125
12118,75,3200,3125
12119,75,3200,3125
12120,75,3200,3125
12121,75,3200,3125
12122,75,3200,3125
12123,75,3200,3125
12124,75,3200,3125
12125,75,3200,3125
12126,75,3200,3125
12127,75,3200,3125
12128,75,3200,3125
12129,75,3200,3125
12130,75,3200,3125
12131,75,3200,3125
12132,75,3200,3125
12133,75,3200,3125
12134,75,3200,3125
12135,75,3200,3125
12136,75,3200,3125
12137,75,3200,3125
12138,75,3200,3125
12139,75,3200,3125
12140,75,3200,3125
12141,75,3200,3125
12142,75,3200,3125
12143,75,3200,3125
12144,75,3200,3125
12145,75,3200,3125
12146,75,3200,3125
12147,75,3200,3125
12148,75,3200,3125
12149,75,3200,3125
12150,75,3200,3125
12151,75,3200,3125
12152,75,3200,3125
12153,75,3200,3125
12154,75,3200,3125
12155,75,3200,3125
12156,75,3200,3125
12157,75,3200,3125
12158,75,3200,3125
12159,75,3200,3125
12160,75,3200,3125
12161,75,3200,3125
12162,75,3200,3125
12163,75,3200,3125
12164,75,3200,3125
12165,75,3200,3125
12166,75,3200,3125
12167,75,3200,3125
12168,75,3200,3125
12169,75,3200,3125
12170,75,3200,3125
12171,75,3200,3125
12172,75,3200,3125
12173,75,3200,3125
12174,75,3200,3125
12175,75,3200,3125
12176,75,3200,3125
12177,75,3200,3125
12178,75,3200,3125
12179,75,3200,3125
12180,75,3200,3125
12181,75,3200,3125
12182,75,3200,3125
12183,75,3200,3125
12184,75,3200,3125
12185,75,3200,3125
12186,75,3200,3125
12187,75,3200,3125
12188,75,3200,3125
12189,75,3200,3125
12190,75,3200,3125
12191,75,3200,3125
12192,75,3200,3125
12193,75,3200,3125
12194,75,3200,3125
12195,75,3200,3125
12196,75,3200,3125
12197,75,3200,3125
12198,75,3200,3125
12199,75,3200,3125
12200,75,3200,3125
12201,75,3200,3125
12202,74,3200,3126
12203,74,3200,3126
12204,74,3200,3126
12205,74,3200,3126
12206,74,3200,3126
12207,74,3200,3126
12208,74,3200,3126
12209,74,3200,3126
12210,74,3200,3126
12211,74,3200,3126
12212,74,3200,3126
12213,74,3200,3126
12214,74,3200,3126
12215,74,3200,3126
12216,74,3200,3126
12217,74,3200,3126
12218,74,3200,3126
12219,74,3200,3126
12220,74,3200,3126
12221,74,3200,3126
12222,74,3200,3126
12223,74,3200,3126
12224,74,3200,3126
12225,74,3200,3126
12226,74,3200,3126
12227,74,3200,3126
12228,74,3200,3126
12229,74,3200,3126
12230,74,3200,3126
12231,74,3200,3126
12232,74,3200,3126
12233,74,3200,3126
12234,74,3200,3126
12235,74,3200,3126
12236,74,3200,3126
12237,74,3200,3126
12238,74,3200,3126
12239,74,3200,3126
12240,74,3200,3126
12241,74,3200,3126
12242,74,3200,3126
12243,74,3200,3126
12244,73,3200,3127
12245,73,3200,3127
12246,73,3200,3127
12247,73,3200,3127
12248,73,3200,3127
12249,73,3200,3127
12250,73,3200,3127
12251,73,3200,3127
12252,73,3200,3127
12253,73,3200,3127
12254,72,3200,3128
12255,72,3200,3128
12256,72,3200,3128
12257,71,3200,3129
12258,71,3200,3129
12259,71,3200,3129
12260,71,3200,3129
12261,70,3200,3130
12262,70,3200,3130
12263,70,3200,3130
12264,70,3200,3130
12265,70,3200,3130
12266,69,3200,3131
12267,69,3200,3131
12268,69,3200,3131
12269,69,3200,3131
12270,69,3200,3131
12271,69,3200,3131
12272,69,3200,3131
12273,69,3200,3131
12274,68,3200,3132
12275,68,3200,3132
12276,68,3200,3132
12277,68,3200,3132
12278,68,3200,3132
12279,68,3200,3132
12280,67,3200,3133
12281,67,3200,3133
12282,67,3200,3133
12283,67,3200,3133
12284,66,3200,3134
12285,66,3200,3134
12286,66,3200,3134
12287,65,3200,3135
12288,64,3200,3136
12289,64,3200,3136
12290,64,3200,3136
12291,64,3200,3136
12292,64,3200,3136
12293,64,3200,3136
12294,64,3200,3136
12295,64,3200,3136
12296,64,3200,3136
12297,64,3200,3136
12298,64,3200,3136
12299,63,3200,3137
12300,63,3200,3137
12301,63,3200,3137
12302,63,3200,3137
12303,62,3200,3138
12304,62,3200,3138
12305,62,3200,3138
12306,61,3200,3139
12307,61,3200,3139
12308,61,3200,3139
12309,60,3200,3140
12310,60,3200,3140
12311,60,3200,3140
12312,60,3200,3140
12313,60,3200,3140
12314,60,3200,3140
12315,59,3200,3141
12316,59,3200,3141
12317,58,3200,3142
12318,58,3200,3142
12319,58,3200,3142
12320,57,3200,3143
12321,57,3200,3143
12322,57,3200,3143
12323,56,3200,3144
12324,56,3200,3144
12325,56,3200,3144
12326,55,3200,3145
12327,55,3200,3145
12328,55,3200,3145
12329,54,3200,3146
12330,54,3200,3146
12331,53,3200,3147
12332,53,3200,3147
12333,53,3200,3147
12334,53,3200,3147
12335,53,3200,3147
12336,53,3200,3147
12337,53,3200,3147
12338,53,3200,3147
12339,53,3200,3147
12340,53,3200,3147
12341,53,3200,3147
12342,52,3200,3148
12343,52,3200,3148
12344,52,3200,3148
12345,51,3200,3149
12346,51,3200,3149
12347,51,3200,3149
12348,51,3200,3149
12349,51,3200,3149
12350,51,3200,3149
12351,51,3200,3149
12352,51,3200,3149
12353,51,3200,3149
12354,51,3200,3149
12355,51,3200,3149
12356,51,3200,3149
12357,50,3200,3150
12358,50,3200,3150
12359,50,3200,3150
12360,50,3200,3150
12361,50,3200,3150
12362,50,3200,3150
12363,50,3200,3150
12364,50,3200,3150
12365,50,3200,3150
12366,50,3200,3150
12367,50,3200,3150
12368,50,3200,3150
12369,50,3200,3150
12370,50,3200,3150
12371,50,3200,3150
12372,49,3200,3151
12373,49,3200,3151
12374,49,3200,3151
12375,49,3200,3151
12376,48,3200,3152
12377,48,3200,3152
12378,48,3200,3152
12379,48,3200,3152
12380,47,3200,3153
12381,47,3200,3153
12382,47,3200,3153
12383,46,3200,3154
12384,46,3200,3154
12385,46,3200,3154
12386,45,3200,3155
12387,45,3200,3155
12388,45,3200,3155
12389,44,3200,3156
12390,44,3200,3156
12391,43,3200,3157
12392,43,3200,3157
12393,43,3200,3157
12394,43,3200,3157
12395,43,3200,3157
12396,42,3200,3158
12397,42,3200,3158
12398,42,3200,3158
12399,41,3200,3159
12400,41,3200,3159
12401,40,3200,3160
12402,40,3200,3160
12403,40,3200,3160
12404,40,3200,3160
12405,40,3200,3160
12406,40,3200,3160
12407,39,3200,3161
12408,39,3200,3161
12409,38,3200,3162
12410,38,3200,3162
12411,38,3200,3162
12412,38,3200,3162
12413,38,3200,3162
12414,38,3200,3162
12415,37,3200,3163
12416,37,3200,3163
12417,37,3200,3163
12418,37,3200,3163
12419,37,3200,3163
12420,36,3200,3164
12421,36,3200,3164
12422,35,3200,3165
12423,35,3200,3165
12424,35,3200,3165
12425,34,3200,3166
12426,34,3200,3166
12427,34,3200,3166
12428,33,3200,3167
12429,33,3200,3167
12430,33,3200,3167
12431,33,3200,3167
12432,32,3200,3168
12433,32,3200,3168
12434,32,3200,3168
12435,32,3200,3168
12436,31,3200,3169
12437,31,3200,3169
12438,31,3200,3169
12439,30,3200,3170
12440,30,3200,3170
12441,29,3200,3171
12442,29,3200,3171
12443,29,3200,3171
12444,28,3200,3172
12445,28,3200,3172
12446,27,3200,3173
12447,27,3200,3173
12448,27,3200,3173
12449,27,3200,3173
12450,27,3200,3173
12451,27,3200,3173
12452,27,3200,3173
12453,27,3200,3173
12454,27,3200,3173
12455,27,3200,3173
12456,27,3200,3173
12457,27,3200,3173
12458,27,3200,3173
12459,27,3200,3173
12460,27,3200,3173
12461,27,3200,3173
12462,27,3200,3173
12463,27,3200,3173
12464,27,3200,3173
12465,27,3200,3173
12466,27,3200,3173
12467,27,3200,3173
12468,27,3200,3173
12469,27,3200,3173
12470,27,3200,3173
12471,27,3200,3173
12472,27,3200,3173
12473,27,3200,3173
12474,27,3200,3173
12475,27,3200,3173
12476,27,3200,3173
12477,27,3200,3173
12478,26,3200,3174
12479,25,3200,3175
12480,25,3200,3175
12481,25,3200,3175
12482,25,3200,3175
12483,24,3200,3176
12484,24,3200,3176
12485,24,3200,3176
12486,24,3200,3176
12487,23,3200,3177
12488,22,3200,3178
12489,22,3200,3178
12490,21,3200,3179
12491,20,3200,3180
12492,20,3200,3180
12493,20,3200,3180
12494,20,3200,3180
12495,20,3200,3180
12496,20,3200,3180
12497,20,3200,3180
12498,19,3200,3181
12499,19,3200,3181
12500,19,3200,3181
12501,19,3200,3181
12502,19,3200,3181
12503,19,3200,3181
12504,18,3200,3182
12505,18,3200,3182
12506,18,3200,3182
12507,18,3200,3182
12508,18,3200,3182
12509,18,3200,3182
12510,18,3200,3182
12511,17,3200,3183
12512,17,3200,3183
12513,17,3200,3183
12514,16,3200,3184
12515,16,3200,3184
12516,16,3200,3184
12517,16,3200,3184
12518,16,3200,3184
12519,16,3200,3184
12520,16,3200,3184
12521,16,3200,3184
12522,16,3200,3184
12523,16,3200,3184
12524,16,3200,3184
12525,16,3200,3184
12526,15,3200,3185
12527,14,3200,3186
12528,13,3200,3187
12529,12,3200,3188
12530,12,3200,3188
12531,12,3200,3188
12532,11,3200,3189
12533,11,3200,3189
12534,10,3200,3190
12535,10,3200,3190
12536,10,3200,3190
12537,10,3200,3190
12538,10,3200,3190
12539,9,3200,3191
12540,9,3200,3191
12541,9,3200,3191
12542,8,3200,3192
12543,8,3200,3192
12544,8,3200,3192
12545,7,3200,3193
12546,7,3200,3193
12547,6,3200,3194
12548,5,3200,3195
12549,5,3200,3195
12550,5,3200,3195
12551,5,3200,3195
12552,4,3200,3196
12553,3,3200,3197
12554,3,3200,3197
12555,2,3200,3198
12556,2,3200,3198
12557,2,3200,3198
12558,2,3200,3198
12559,2,3200,3198
12560,2,3200,3198
12561,2,3200,3198
12562,2,3200,3198
12563,2,3200,3198
12564,1,3200,3199
12565,1,3200,3199
12566,1,3200,3199
12567,1,3200,3199
12568,0,3200,3200
12569,0,3200,3200
12570,0,3200,3200
12571,0,3200,3200
12572,0,3200,3200
12573,0,3200,3200
12574,0,3200,3200
12575,0,3200,3200
12576,0,3200,3200
12577,0,3200,3200
12578,0,3200,3200
12579,0,3200,3200
12580,0,3200,3200
12581,0,3200,3200
12582,0,3200,3200
12583,0,3200,3200
12584,0,3200,3200
12585,0,3200,3200
12586,0,3200,3200
12587,0,3200,3200
12588,0,3200,3200
12589,0,3200,3200
12590,0,3200,3200
12591,0,3200,3200
12592,0,3200,3200
12593,0,3200,3200
12594,0,3200,3200
12595,0,3200,3200
12596,0,3200,3200
12597,0,3200,3200
12598,0,3200,3200
12599,0,3200,3200
12600,0,3200,3200
12601,0,3200,3200
12602,0,3200,3200
12603,0,3200,3200
12604,0,3200,3200
12605,0,3200,3200
12606,0,3200,3200
12607,0,3200,3200
12608,0,3200,3200
12609,0,3200,3200
12610,0,3200,3200
12611,0,3200,3200
12612,0,3200,3200
12613,0,3200,3200
12614,0,3200,3200
12615,0,3200,3200
12616,0,3200,3200
12617,0,3200,3200
12618,0,3200,3200
12619,0,3200,3200
12620,0,3200,3200
12621,0,3200,3200
12622,0,3200,3200
12623,0,3200,3200
12624,0,3200,3200
12625,0,3200,3200
12626,0,3200,3200
12627,0,3200,3200
12628,0,3200,3200
12629,0,3200,3200
12630,0,3200,3200
12631,0,3200,3200
12632,0,3200,3200
12633,0,3200,3200
12634,0,3200,3200
12635,0,3200,3200
12636,0,3200,3200
12637,0,3200,3200
12638,0,3200,3200
12639,0,3200,3200
12640,0,3200,3200
12641,0,3200,3200
12642,0,3200,3200
12643,0,3200,3200
12644,0,3200,3200
12645,0,3200,3200
12646,0,3200,3200
12647,0,3200,3200
12648,0,3200,3200
12649,0,3200,3200
12650,0,3200,3200
12651,0,3200,3200
12652,0,3200,3200
12653,0,3200,3200
12654,0,3200,3200
12655,0,3200,3200
12656,0,3200,3200
12657,0,3200,3200
12658,0,3200,3200
12659,0,3200,3200
12660,0,3200,3200
12661,0,3200,3200
12662,0,3200,3200
12663,0,3200,3200
12664,0,3200,3200
12665,0,3200,3200
12666,0,3200,3200
12667,0,3200,3200
12668,0,3200,3200
12669,0,3200,3200
12670,0,3200,3200
12671,0,3200,3200
12672,0,3200,3200
12673,0,3200,3200
12674,0,3200,3200
12675,0,3200,3200
12676,0,3200,3200
12677,0,3200,3200
12678,0,3200,3200
12679,0,3200,3200
12680,0,3200,3200
12681,0,3200,3200
12682,0,3200,3200
12683,0,3200,3200
12684,0,3200,3200
12685,0,3200,3200
12686,0,3200,3200
12687,0,3200,3200
12688,0,3200,3200
12689,0,3200,3200
12690,0,3200,3200
12691,0,3200,3200
12692,0,3200,3200
12693,0,3200,3200
12694,0,3200,3200
12695,0,3200,3200
12696,0,3200,3200
12697,0,3200,3200
12698,0,3200,3200
12699,0,3200,3200
12700,0,3200,3200
12701,0,3200,3200
12702,0,3200,3200
12703,0,3200,3200
12704,0,3200,3200
12705,0,3200,3200
12706,0,3200,3200
12707,0,3200,3200
12708,0,3200,3200
12709,0,3200,3200
12710,0,3200,3200
12711,0,3200,3200
12712,0,3200,3200
12713,0,3200,3200
12714,0,3200,3200
12715,0,3200,3200
12716,0,3200,3200
12717,0,3200,3200
12718,0,3200,3200
12719,0,3200,3200
12720,0,3200,3200
12721,0,3200,3200
12722,0,3200,3200
12723,0,3200,3200
12724,0,3200,3200
12725,0,3200,3200
12726,0,3200,3200
12727,0,3200,3200
12728,0,3200,3200
12729,0,3200,3200
12730,0,3200,3200
12731,0,3200,3200
12732,0,3200,3200
12733,0,3200,3200
12734,0,3200,3200
12735,0,3200,3200
12736,0,3200,3200
12737,0,3200,3200
12738,0,3200,3200
12739,0,3200,3200
12740,0,3200,3200
12741,0,3200,3200
12742,0,3200,3200
12743,0,3200,3200
12744,0,3200,3200
12745,0,3200,3200
12746,0,3200,3200
12747,0,3200,3200
12748,0,3200,3200
12749,0,3200,3200
12750,0,3200,3200
12751,0,3200,3200
12752,0,3200,3200
12753,0,3200,3200
12754,0,3200,3200
12755,0,3200,3200
12756,0,3200,3200
12757,0,3200,3200
12758,0,3200,3200
12759,0,3200,3200
12760,0,3200,3200
12761,0,3200,3200
12762,0,3200,3200
12763,0,3200,3200
12764,0,3200,3200
12765,0,3200,3200
12766,0,3200,3200
12767,0,3200,3200
12768,0,3200,3200
12769,0,3200,3200
12770,0,3200,3200
12771,0,3200,3200
12772,0,3200,3200
12773,0,3200,3200
12774,0,3200,3200
12775,0,3200,3200
12776,0,3200,3200
12777,0,3200,3200
12778,0,3200,3200
12779,0,3200,3200
12780,0,3200,3200
12781,0,3200,3200
12782,0,3200,3200
12783,0,3200,3200
12784,0,3200,3200
12785,0,3200,3200
12786,0,3200,3200
12787,0,3200,3200
12788,0,3200,3200
12789,0,3200,3200
12790,0,3200,3200
12791,0,3200,3200
12792,0,3200,3200
12793,0,3200,3200
12794,0,3200,3200
12795,0,3200,3200
12796,0,3200,3200
12797,0,3200,3200
12798,0,3200,3200
12799,0,3200,3200
12800,0,3200,3200
12801,0,3200,3200
12802,0,3200,3200
12803,0,3200,3200
12804,0,3200,3200
12805,0,3200,3200
12806,0,3200,3200
12807,0,3200,3200
12808,0,3200,3200
12809,0,3200,3200
12810,0,3200,3200
12811,0,3200,3200
12812,0,3200,3200
12813,0,3200,3200
12814,0,3200,3200
12815,0,3200,3200
12816,0,3200,3200
12817,0,3200,3200
12818,0,3200,3200
12819,0,3200,3200
12820,0,3200,3200
12821,0,3200,3200
12822,0,3200,3200
12823,0,3200,3200
12824,0,3200,3200
12825,0,3200,3200
12826,0,3200,3200
12827,0,3200,3200
12828,0,3200,3200
12829,0,3200,3200
12830,0,3200,3200
12831,0,3200,3200
12832,0,3200,3200
12833,0,3200,3200
12834,0,3200,3200
12835,0,3200,3200
12836,0,3200,3200
12837,0,3200,3200
12838,0,3200,3200
12839,0,3200,3200
12840,0,3200,3200
12841,0,3200,3200
12842,0,3200,3200
12843,0,3200,3200
12844,0,3200,3200
12845,0,3200,3200
12846,0,3200,3200
12847,0,3200,3200
12848,0,3200,3200
12849,0,3200,3200
12850,0,3200,3200
12851,0,3200,3200
12852,0,3200,3200
12853,0,3200,3200
12854,0,3200,3200
12855,0,3200,3200
12856,0,3200,3200
12857,0,3200,3200
12858,0,3200,3200
12859,0,3200,3200
12860,0,3200,3200
12861,0,3200,3200
12862,0,3200,3200
12863,0,3200,3200
12864,0,3200,3200
12865,0,3200,3200
12866,0,3200,3200
12867,0,3200,3200
12868,0,3200,3200
12869,0,3200,3200
12870,0,3200,3200
12871,0,3200,3200
12872,0,3200,3200
12873,0,3200,3200
12874,0,3200,3200
12875,0,3200,3200
12876,0,3200,3200
12877,0,3200,3200
12878,0,3200,3200
12879,0,3200,3200
12880,0,3200,3200
12881,0,3200,3200
12882,0,3200,3200
12883,0,3200,3200
12884,0,3200,3200
12885,0,3200,3200
12886,0,3200,3200
12887,0,3200,3200
12888,0,3200,3200
12889,0,3200,3200
12890,0,3200,3200
12891,0,3200,3200
12892,0,3200,3200
12893,0,3200,3200
12894,0,3200,3200
12895,0,3200,3200
12896,0,3200,3200
12897,0,3200,3200
12898,0,3200,3200
12899,0,3200,3200
12900,0,3200,3200
12901,0,3200,3200
12902,0,3200,3200
12903,0,3200,3200
12904,0,3200,3200
12905,0,3200,3200
12906,0,3200,3200
12907,0,3200,3200
12908,0,3200,3200
12909,0,3200,3200
12910,0,3200,3200
12911,0,3200,3200
12912,0,3200,3200
12913,0,3200,3200
12914,0,3200,3200
12915,0,3200,3200
12916,0,3200,3200
12917,0,3200,3200
12918,0,3200,3200
12919,0,3200,3200
12920,0,3200,3200
12921,0,3200,3200
12922,0,3200,3200
12923,0,3200,3200
12924,0,3200,3200
12925,0,3200,3200
12926,0,3200,3200
12927,0,3200,3200
12928,0,3200,3200
12929,0,3200,3200
12930,0,3200,3200
12931,0,3200,3200
12932,0,3200,3200
12933,0,3200,3200
12934,0,3200,3200
12935,0,3200,3200
12936,0,3200,3200
12937,0,3200,3200
12938,0,3200,3200
12939,0,3200,3200
12940,0,3200,3200
12941,0,3200,3200
12942,0,3200,3200
12943,0,3200,3200
12944,0,3200,3200
12945,0,3200,3200
12946,0,3200,3200
12947,0,3200,3200
12948,0,3200,3200
12949,0,3200,3200
12950,0,3200,3200
12951,0,3200,3200
12952,0,3200,3200
12953,0,3200,3200
12954,0,3200,3200
12955,0,3200,3200
12956,0,3200,3200
12957,0,3200,3200
12958,0,3200,3200
12959,0,3200,3200
12960,0,3200,3200
12961,0,3200,3200
12962,0,3200,3200
12963,0,3200,3200
12964,0,3200,3200
12965,0,3200,3200
12966,0,3200,3200
12967,0,3200,3200
12968,0,3200,3200
12969,0,3200,3200
12970,0,3200,3200
12971,0,3200,3200
12972,0,3200,3200
12973,0,3200,3200
12974,0,3200,3200
12975,0,3200,3200
12976,0,3200,3200
12977,0,3200,3200
12978,0,3200,3200
12979,0,3200,3200
12980,0,3200,3200
12981,0,3200,3200
12982,0,3200,3200
12983,0,3200,3200
12984,0,3200,3200
12985,0,3200,3200
12986,0,3200,3200
12987,0,3200,3200
12988,0,3200,3200
12989,0,3200,3200
12990,0,3200,3200
12991,0,3200,3200
12992,0,3200,3200
12993,0,3200,3200
12994,0,3200,3200
12995,0,3200,3200
12996,0,3200,3200
12997,0,3200,3200
12998,0,3200,3200
12999,0,3200,3200
13000,0,3200,3200
13001,0,3200,3200
13002,0,3200,3200
13003,0,3200,3200
13004,0,3200,3200
13005,0,3200,3200
13006,0,3200,3200
13007,0,3200,3200
13008,0,3200,3200
13009,0,3200,3200
13010,0,3200,3200
13011,0,3200,3200
13012,0,3200,3200
13013,0,3200,3200
13014,0,3200,3200
13015,0,3200,3200
13016,0,3200,3200
13017,0,3200,3200
13018,0,3200,3200
13019,0,3200,3200
13020,0,3200,3200
13021,0,3200,3200
13022,0,3200,3200
13023,0,3200,3200
13024,0,3200,3200
13025,0,3200,3200
13026,0,3200,3200
13027,0,3200,3200
13028,0,3200,3200
13029,0,3200,3200
13030,0,3200,3200
13031,0,3200,3200
13032,0,3200,3200
13033,0,3200,3200
13034,0,3200,3200
13035,0,3200,3200
13036,0,3200,3200
13037,0,3200,3200
13038,0,3200,3200
13039,0,3200,3200
13040,0,3200,3200
13041,0,3200,3200
13042,0,3200,3200
13043,0,3200,3200
13044,0,3200,3200
13045,0,3200,3200
13046,0,3200,3200
13047,0,3200,3200
13048,0,3200,3200
13049,0,3200,3200
13050,0,3200,3200
13051,0,3200,3200
13052,0,3200,3200
13053,0,3200,3200
13054,0,3200,3200
13055,0,3200,3200
13056,0,3200,3200
13057,0,3200,3200
13058,0,3200,3200
13059,0,3200,3200
13060,0,3200,3200
13061,0,3200,3200
13062,0,3200,3200
13063,0,3200,3200
13064,0,3200,3200
13065,0,3200,3200
13066,0,3200,3200
13067,0,3200,3200
13068,0,3200,3200
13069,0,3200,3200
13070,0,3200,3200
13071,0,3200,3200
13072,0,3200,3200
13073,0,3200,3200
13074,0,3200,3200
13075,0,3200,3200
13076,0,3200,3200
13077,0,3200,3200
13078,0,3200,3200
13079,0,3200,3200
13080,0,3200,3200
13081,0,3200,3200
13082,0,3200,3200
13083,0,3200,3200
13084,0,3200,3200
13085,0,3200,3200
13086,0,3200,3200
13087,0,3200,3200
13088,0,3200,3200
13089,0,3200,3200
13090,0,3200,3200
13091,0,3200,3200
13092,0,3200,3200
13093,0,3200,3200
13094,0,3200,3200
13095,0,3200,3200
13096,0,3200,3200
13097,0,3200,3200
13098,0,3200,3200
13099,0,3200,3200
13100,0,3200,3200
13101,0,3200,3200
13102,0,3200,3200
13103,0,3200,3200
13104,0,3200,3200
13105,0,3200,3200
13106,0,3200,3200
13107,0,3200,3200
13108,0,3200,3200
13109,0,3200,3200
13110,0,3200,3200
13111,0,3200,3200
13112,0,3200,3200
13113,0,3200,3200
13114,0,3200,3200
13115,0,3200,3200
13116,0,3200,3200
13117,0,3200,3200
13118,0,3200,3200
13119,0,3200,3200
13120,0,3200,3200
13121,0,3200,3200
13122,0,3200,3200
13123,0,3200,3200
13124,0,3200,3200
13125,0,3200,3200
13126,0,3200,3200
13127,0,3200,3200
13128,0,3200,3200
13129,0,3200,3200
13130,0,3200,3200
13131,0,3200,3200
13132,0,3200,3200
13133,0,3200,3200
13134,0,3200,3200
13135,0,3200,3200
13136,0,3200,3200
13137,0,3200,3200
13138,0,3200,3200
13139,0,3200,3200
13140,0,3200,3200
13141,0,3200,3200
13142,0,3200,3200
13143,0,3200,3200
13144,0,3200,3200
13145,0,3200,3200
13146,0,3200,3200
13147,0,3200,3200
13148,0,3200,3200
13149,0,3200,3200
13150,0,3200,3200
13151,0,3200,3200
13152,0,3200,3200
13153,0,3200,3200
13154,0,3200,3200
13155,0,3200,3200
13156,0,3200,3200
13157,0,3200,3200
13158,0,3200,3200
13159,0,3200,3200
13160,0,3200,3200
13161,0,3200,3200
13162,0,3200,3200
13163,0,3200,3200
13164,0,3200,3200
13165,0,3200,3200
13166,0,3200,3200
13167,0,3200,3200
13168,0,3200,3200
13169,0,3200,3200
13170,0,3200,3200
13171,0,3200,3200
13172,0,3200,3200
13173,0,3200,3200
13174,0,3200,3200
13175,0,3200,3200
13176,0,3200,3200
13177,0,3200,3200
13178,0,3200,3200
13179,0,3200,3200
13180,0,3200,3200
13181,0,3200,3200
13182,0,3200,3200
13183,0,3200,3200
13184,0,3200,3200
13185,0,3200,3200
13186,0,3200,3200
13187,0,3200,3200
13188,0,3200,3200
13189,0,3200,3200
13190,0,3200,3200
13191,0,3200,3200
13192,0,3200,3200
13193,0,3200,3200
13194,0,3200,3200
13195,0,3200,3200
13196,0,3200,3200
13197,0,3200,3200
13198,0,3200,3200
13199,0,3200,3200
13200,0,3200,3200
13201,0,3200,3200
13202,0,3200,3200
13203,0,3200,3200
13204,0,3200,3200
13205,0,3200,3200
13206,0,3200,3200
13207,0,3200,3200
13208,0,3200,3200
13209,0,3200,3200
13210,0,3200,3200
13211,0,3200,3200
13212,0,3200,3200
13213,0,3200,3200
13214,0,3200,3200
13215,0,3200,3200
13216,0,3200,3200
13217,0,3200,3200
13218,0,3200,3200
13219,0,3200,3200
13220,0,3200,3200
13221,0,3200,3200
13222,0,3200,3200
13223,0,3200,3200
13224,0,3200,3200
13225,0,3200,3200
13226,0,3200,3200
13227,0,3200,3200
13228,0,3200,3200
13229,0,3200,3200
13230,0,3200,3200
13231,0,3200,3200
13232,0,3200,3200
13233,0,3200,3200
13234,0,3200,3200
13235,0,3200,3200
13236,0,3200,3200
13237,0,3200,3200
13238,0,3200,3200
13239,0,3200,3200
13240,0,3200,3200
13241,0,3200,3200
13242,0,3200,3200
13243,0,3200,3200
13244,0,3200,3200
13245,0,3200,3200
13246,0,3200,3200
13247,0,3200,3200
13248,0,3200,3200
13249,0,3200,3200
13250,0,3200,3200
13251,0,3200,3200
13252,0,3200,3200
13253,0,3200,3200
13254,0,3200,3200
13255,0,3200,3200
13256,0,3200,3200
13257,0,3200,3200
13258,0,3200,3200
13259,0,3200,3200
13260,0,3200,3200
13261,0,3200,3200
13262,0,3200,3200
13263,0,3200,3200
13264,0,3200,3200
13265,0,3200,3200
13266,0,3200,3200
13267,0,3200,3200
13268,0,3200,3200
13269,0,3200,3200
13270,0,3200,3200
13271,0,3200,3200
13272,0,3200,3200
13273,0,3200,3200
13274,0,3200,3200
13275,0,3200,3200
13276,0,3200,3200
13277,0,3200,3200
13278,0,3200,3200
13279,0,3200,3200
13280,0,3200,3200
13281,0,3200,3200
13282,0,3200,3200
13283,0,3200,3200
13284,0,3200,3200
13285,0,3200,3200
13286,0,3200,3200
13287,0,3200,3200
13288,0,3200,3200
13289,0,3200,3200
13290,0,3200,3200
13291,0,3200,3200
13292,0,3200,3200
13293,0,3200,3200
13294,0,3200,3200
13295,0,3200,3200
13296,0,3200,3200
13297,0,3200,3200
13298,0,3200,3200
13299,0,3200,3200
13300,0,3200,3200
13301,0,3200,3200
13302,0,3200,3200
13303,0,3200,3200
13304,0,3200,3200
13305,0,3200,3200
13306,0,3200,3200
13307,0,3200,3200
13308,0,3200,3200
13309,0,3200,3200
13310,0,3200,3200
13311,0,3200,3200
13312,0,3200,3200
13313,0,3200,3200
13314,0,3200,3200
13315,0,3200,3200
13316,0,3200,3200
13317,0,3200,3200
13318,0,3200,3200
13319,0,3200,3200
13320,0,3200,3200
13321,0,3200,3200
13322,0,3200,3200
13323,0,3200,3200
13324,0,3200,3200
13325,0,3200,3200
13326,0,3200,3200
13327,0,3200,3200
13328,0,3200,3200
13329,0,3200,3200
13330,0,3200,3200
13331,0,3200,3200
13332,0,3200,3200
13333,0,3200,3200
13334,0,3200,3200
13335,0,3200,3200
13336,0,3200,3200
13337,0,3200,3200
13338,0,3200,3200
13339,0,3200,3200
13340,0,3200,3200
13341,0,3200,3200
13342,0,3200,3200
13343,0,3200,3200
13344,0,3200,3200
13345,0,3200,3200
13346,0,3200,3200
13347,0,3200,3200
13348,0,3200,3200
13349,0,3200,3200
13350,0,3200,3200
13351,0,3200,3200
13352,0,3200,3200
13353,0,3200,3200
13354,0,3200,3200
13355,0,3200,3200
13356,0,3200,3200
13357,0,3200,3200
13358,0,3200,3200
13359,0,3200,3200
13360,0,3200,3200
13361,0,3200,3200
13362,0,3200,3200
13363,0,3200,3200
13364,0,3200,3200
13365,0,3200,3200
13366,0,3200,3200
13367,0,3200,3200
13368,0,3200,3200
13369,0,3200,3200
13370,0,3200,3200
13371,0,3200,3200
13372,0,3200,3200
13373,0,3200,3200
13374,0,3200,3200
13375,0,3200,3200
13376,0,3200,3200
13377,0,3200,3200
13378,0,3200,3200
13379,0,3200,3200
13380,0,3200,3200
13381,0,3200,3200
13382,0,3200,3200
13383,0,3200,3200
13384,0,3200,3200
13385,0,3200,3200
13386,0,3200,3200
13387,0,3200,3200
13388,0,3200,3200
13389,0,3200,3200
13390,0,3200,3200
13391,0,3200,3200
13392,0,3200,3200
13393,0,3200,3200
13394,0,3200,3200
13395,0,3200,3200
13396,0,3200,3200
13397,0,3200,3200
13398,0,3200,3200
13399,0,3200,3200
13400,0,3200,3200
13401,0,3200,3200
13402,0,3200,3200
13403,0,3200,3200
13404,0,3200,3200
13405,0,3200,3200
13406,0,3200,3200
13407,0,3200,3200
13408,0,3200,3200
13409,0,3200,3200
13410,0,3200,3200
13411,0,3200,3200
13412,0,3200,3200
13413,0,3200,3200
13414,0,3200,3200
13415,0,3200,3200
13416,0,3200,3200
13417,0,3200,3200
13418,0,3200,3200
13419,0,3200,3200
13420,0,3200,3200
13421,0,3200,3200
13422,0,3200,3200
13423,0,3200,3200
13424,0,3200,3200
13425,0,3200,3200
13426,0,3200,3200
13427,0,3200,3200
13428,0,3200,3200
13429,0,3200,3200
13430,0,3200,3200
13431,0,3200,3200
13432,0,3200,3200
13433,0,3200,3200
13434,0,3200,3200
13435,0,3200,3200
13436,0,3200,3200
13437,0,3200,3200
13438,0,3200,3200
13439,0,3200,3200
13440,0,3200,3200
13441,0,3200,3200
13442,0,3200,3200
13443,0,3200,3200
13444,0,3200,3200
13445,0,3200,3200
13446,0,3200,3200
13447,0,3200,3200
13448,0,3200,3200
13449,0,3200,3200
13450,0,3200,3200
13451,0,3200,3200
13452,0,3200,3200
13453,0,3200,3200
13454,0,3200,3200
13455,0,3200,3200
13456,0,3200,3200
13457,0,3200,3200
13458,0,3200,3200
13459,0,3200,3200
13460,0,3200,3200
13461,0,3200,3200
13462,0,3200,3200
13463,0,3200,3200
13464,0,3200,3200
13465,0,3200,3200
13466,0,3200,3200
13467,0,3200,3200
13468,0,3200,3200
13469,0,3200,3200
13470,0,3200,3200
13471,0,3200,3200
13472,0,3200,3200
13473,0,3200,3200
13474,0,3200,3200
13475,0,3200,3200
13476,0,3200,3200
13477,0,3200,3200
13478,0,3200,3200
13479,0,3200,3200
13480,0,3200,3200
13481,0,3200,3200
13482,0,3200,3200
13483,0,3200,3200
13484,0,3200,3200
13485,0,3200,3200
13486,0,3200,3200
13487,0,3200,3200
13488,0,3200,3200
13489,0,3200,3200
13490,0,3200,3200
13491,0,3200,3200
13492,0,3200,3200
13493,0,3200,3200
13494,0,3200,3200
13495,0,3200,3200
13496,0,3200,3200
13497,0,3200,3200
13498,0,3200,3200
13499,0,3200,3200
13500,0,3200,3200
13501,0,3200,3200
13502,0,3200,3200
13503,0,3200,3200
13504,0,3200,3200
13505,0,3200,3200
13506,0,3200,3200
13507,0,3200,3200
13508,0,3200,3200
13509,0,3200,3200
13510,0,3200,3200
13511,0,3200,3200
13512,0,3200,3200
13513,0,3200,3200
13514,0,3200,3200
13515,0,3200,3200
13516,0,3200,3200
13517,0,3200,3200
13518,0,3200,3200
13519,0,3200,3200
13520,0,3200,3200
13521,0,3200,3200
13522,0,3200,3200
13523,0,3200,3200
13524,0,3200,3200
13525,0,3200,3200
13526,0,3200,3200
13527,0,3200,3200
13528,0,3200,3200
13529,0,3200,3200
13530,0,3200,3200
13531,0,3200,3200
13532,0,3200,3200
13533,0,3200,3200
13534,0,3200,3200
13535,0,3200,3200
13536,0,3200,3200
13537,0,3200,3200
13538,0,3200,3200
13539,0,3200,3200
13540,0,3200,3200
13541,0,3200,3200
13542,0,3200,3200
13543,0,3200,3200
13544,0,3200,3200
13545,0,3200,3200
13546,0,3200,3200
13547,0,3200,3200
13548,0,3200,3200
13549,0,3200,3200
13550,0,3200,3200
13551,0,3200,3200
13552,0,3200,3200
13553,0,3200,3200
13554,0,3200,3200
13555,0,3200,3200
13556,0,3200,3200
13557,0,3200,3200
13558,0,3200,3200
13559,0,3200,3200
13560,0,3200,3200
13561,0,3200,3200
13562,0,3200,3200
13563,0,3200,3200
13564,0,3200,3200
13565,0,3200,3200
13566,0,3200,3200
13567,0,3200,3200
13568,0,3200,3200
13569,0,3200,3200
13570,0,3200,3200
13571,0,3200,3200
13572,0,3200,3200
13573,0,3200,3200
13574,0,3200,3200
13575,0,3200,3200
13576,0,3200,3200
13577,0,3200,3200
13578,0,3200,3200
13579,0,3200,3200
13580,0,3200,3200
13581,0,3200,3200
13582,0,3200,3200
13583,0,3200,3200
13584,0,3200,3200
13585,0,3200,3200
13586,0,3200,3200
13587,0,3200,3200
13588,0,3200,3200
13589,0,3200,3200
13590,0,3200,3200
13591,0,3200,3200
13592,0,3200,3200
13593,0,3200,3200
13594,0,3200,3200
13595,0,3200,3200
13596,0,3200,3200
13597,0,3200,3200
13598,0,3200,3200
13599,0,3200,3200
13600,0,3200,3200
13601,0,3200,3200
13602,0,3200,3200
13603,0,3200,3200
13604,0,3200,3200
13605,0,3200,3200
13606,0,3200,3200
13607,0,3200,3200
13608,0,3200,3200
13609,0,3200,3200
13610,0,3200,3200
13611,0,3200,3200
13612,0,3200,3200
13613,0,3200,3200
13614,0,3200,3200
13615,0,3200,3200
13616,0,3200,3200
13617,0,3200,3200
13618,0,3200,3200
13619,0,3200,3200
13620,0,3200,3200
13621,0,3200,3200
13622,0,3200,3200
13623,0,3200,3200
13624,0,3200,3200
13625,0,3200,3200
13626,0,3200,3200
13627,0,3200,3200
13628,0,3200,3200
13629,0,3200,3200
13630,0,3200,3200
13631,0,3200,3200
13632,0,3200,3200
13633,0,3200,3200
13634,0,3200,3200
13635,0,3200,3200
13636,0,3200,3200
13637,0,3200,3200
13638,0,3200,3200
13639,0,3200,3200
13640,0,3200,3200
13641,0,3200,3200
13642,0,3200,3200
13643,0,3200,3200
13644,0,3200,3200
13645,0,3200,3200
13646,0,3200,3200
13647,0,3200,3200
13648,0,3200,3200
13649,0,3200,3200
13650,0,3200,3200
13651,0,3200,3200
13652,0,3200,3200
13653,0,3200,3200
13654,0,3200,3200
13655,0,3200,3200
13656,0,3200,3200
13657,0,3200,3200
13658,0,3200,3200
13659,0,3200,3200
13660,0,3200,3200
13661,0,3200,3200
13662,0,3200,3200
13663,0,3200,3200
13664,0,3200,3200
13665,0,3200,3200
13666,0,3200,3200
13667,0,3200,3200
13668,0,3200,3200
13669,0,3200,3200
13670,0,3200,3200
13671,0,3200,3200
13672,0,3200,3200
13673,0,3200,3200
13674,0,3200,3200
13675,0,3200,3200
13676,0,3200,3200
13677,0,3200,3200
13678,0,3200,3200
13679,0,3200,3200
13680,0,3200,3200
13681,0,3200,3200
13682,0,3200,3200
13683,0,3200,3200
13684,0,3200,3200
13685,0,3200,3200
13686,0,3200,3200
13687,0,3200,3200
13688,0,3200,3200
13689,0,3200,3200
13690,0,3200,3200
13691,0,3200,3200
13692,0,3200,3200
13693,0,3200,3200
13694,0,3200,3200
13695,0,3200,3200
13696,0,3200,3200
13697,0,3200,3200
13698,0,3200,3200
13699,0,3200,3200
13700,0,3200,3200
13701,0,3200,3200
13702,0,3200,3200
13703,0,3200,3200
13704,0,3200,3200
13705,0,3200,3200
13706,0,3200,3200
13707,0,3200,3200
13708,0,3200,3200
13709,0,3200,3200
13710,0,3200,3200
13711,0,3200,3200
13712,0,3200,3200
13713,0,3200,3200
13714,0,3200,3200
13715,0,3200,3200
13716,0,3200,3200
13717,0,3200,3200
13718,0,3200,3200
13719,0,3200,3200
13720,0,3200,3200
13721,0,3200,3200
13722,0,3200,3200
13723,0,3200,3200
13724,0,3200,3200
13725,0,3200,3200
13726,0,3200,3200
13727,0,3200,3200
13728,0,3200,3200
13729,0,3200,3200
13730,0,3200,3200
13731,0,3200,3200
13732,0,3200,3200
13733,0,3200,3200
13734,0,3200,3200
13735,0,3200,3200
13736,0,3200,3200
13737,0,3200,3200
13738,0,3200,3200
13739,0,3200,3200
13740,0,3200,3200
13741,0,3200,3200
13742,0,3200,3200
13743,0,3200,3200
13744,0,3200,3200
13745,0,3200,3200
13746,0,3200,3200
13747,0,3200,3200
13748,0,3200,3200
13749,0,3200,3200
13750,0,3200,3200
13751,0,3200,3200
13752,0,3200,3200
13753,0,3200,3200
13754,0,3200,3200
13755,0,3200,3200
13756,0,3200,3200
13757,0,3200,3200
13758,0,3200,3200
13759,0,3200,3200
13760,0,3200,3200
13761,0,3200,3200
13762,0,3200,3200
13763,0,3200,3200
13764,0,3200,3200
13765,0,3200,3200
13766,0,3200,3200
13767,0,3200,3200
13768,0,3200,3200
13769,0,3200,3200
13770,0,3200,3200
13771,0,3200,3200
13772,0,3200,3200
13773,0,3200,3200
13774,0,3200,3200
13775,0,3200,3200
13776,0,3200,3200
13777,0,3200,3200
13778,0,3200,3200
13779,0,3200,3200
13780,0,3200,3200
13781,0,3200,3200
13782,0,3200,3200
13783,0,3200,3200
13784,0,3200,3200
13785,0,3200,3200
13786,0,3200,3200
13787,0,3200,3200
13788,0,3200,3200
13789,0,3200,3200
13790,0,3200,3200
13791,0,3200,3200
13792,0,3200,3200
13793,0,3200,3200
13794,0,3200,3200
13795,0,3200,3200
13796,0,3200,3200
13797,0,3200,3200
13798,0,3200,3200
13799,0,3200,3200
13800,0,3200,3200
13801,0,3200,3200
13802,0,3200,3200
13803,0,3200,3200
13804,0,3200,3200
13805,0,3200,3200
13806,0,3200,3200
13807,0,3200,3200
13808,0,3200,3200
13809,0,3200,3200
13810,0,3200,3200
13811,0,3200,3200
13812,0,3200,3200
13813,0,3200,3200
13814,0,3200,3200
13815,0,3200,3200
13816,0,3200,3200
13817,0,3200,3200
13818,0,3200,3200
13819,0,3200,3200
13820,0,3200,3200
13821,0,3200,3200
13822,0,3200,3200
13823,0,3200,3200
13824,0,3200,3200
13825,0,3200,3200
13826,0,3200,3200
13827,0,3200,3200
13828,0,3200,3200
13829,0,3200,3200
13830,0,3200,3200
13831,0,3200,3200
13832,0,3200,3200
13833,0,3200,3200
13834,0,3200,3200
13835,0,3200,3200
13836,0,3200,3200
13837,0,3200,3200
13838,0,3200,3200
13839,0,3200,3200
13840,0,3200,3200
13841,0,3200,3200
13842,0,3200,3200
13843,0,3200,3200
13844,0,3200,3200
13845,0,3200,3200
13846,0,3200,3200
13847,0,3200,3200
13848,0,3200,3200
13849,0,3200,3200
13850,0,3200,3200
13851,0,3200,3200
13852,0,3200,3200
13853,0,3200,3200
13854,0,3200,3200
13855,0,3200,3200
13856,0,3200,3200
13857,0,3200,3200
13858,0,3200,3200
13859,0,3200,3200
13860,0,3200,3200
13861,0,3200,3200
13862,0,3200,3200
13863,0,3200,3200
13864,0,3200,3200
13865,0,3200,3200
13866,0,3200,3200
13867,0,3200,3200
13868,0,3200,3200
13869,0,3200,3200
13870,0,3200,3200
13871,0,3200,3200
13872,0,3200,3200
13873,0,3200,3200
13874,0,3200,3200
13875,0,3200,3200
13876,0,3200,3200
13877,0,3200,3200
13878,0,3200,3200
13879,0,3200,3200
13880,0,3200,3200
13881,0,3200,3200
13882,0,3200,3200
13883,0,3200,3200
13884,0,3200,3200
13885,0,3200,3200
13886,0,3200,3200
13887,0,3200,3200
13888,0,3200,3200
13889,0,3200,3200
13890,0,3200,3200
13891,0,3200,3200
13892,0,3200,3200
13893,0,3200,3200
13894,0,3200,3200
13895,0,3200,3200
13896,0,3200,3200
13897,0,3200,3200
13898,0,3200,3200
13899,0,3200,3200
13900,0,3200,3200
13901,0,3200,3200
13902,0,3200,3200
13903,0,3200,3200
13904,0,3200,3200
13905,0,3200,3200
13906,0,3200,3200
13907,0,3200,3200
13908,0,3200,3200
13909,0,3200,3200
13910,0,3200,3200
13911,0,3200,3200
13912,0,3200,3200
13913,0,3200,3200
13914,0,3200,3200
13915,0,3200,3200
13916,0,3200,3200
13917,0,3200,3200
13918,0,3200,3200
13919,0,3200,3200
13920,0,3200,3200
13921,0,3200,3200
13922,0,3200,3200
13923,0,3200,3200
13924,0,3200,3200
13925,0,3200,3200
13926,0,3200,3200
13927,0,3200,3200
13928,0,3200,3200
13929,0,3200,3200
13930,0,3200,3200
13931,0,3200,3200
13932,0,3200,3200
13933,0,3200,3200
13934,0,3200,3200
13935,0,3200,3200
13936,0,3200,3200
13937,0,3200,3200
13938,0,3200,3200
13939,0,3200,3200
13940,0,3200,3200
13941,0,3200,3200
13942,0,3200,3200
13943,0,3200,3200
13944,0,3200,3200
13945,0,3200,3200
13946,0,3200,3200
13947,0,3200,3200
13948,0,3200,3200
13949,0,3200,3200
13950,0,3200,3200
13951,0,3200,3200
13952,0,3200,3200
13953,0,3200,3200
13954,0,3200,3200
13955,0,3200,3200
13956,0,3200,3200
13957,0,3200,3200
13958,0,3200,3200
13959,0,3200,3200
13960,0,3200,3200
13961,0,3200,3200
13962,0,3200,3200
13963,0,3200,3200
13964,0,3200,3200
13965,0,3200,3200
13966,0,3200,3200
13967,0,3200,3200
13968,0,3200,3200
13969,0,3200,3200
13970,0,3200,3200
13971,0,3200,3200
13972,0,3200,3200
13973,0,3200,3200
13974,0,3200,3200
13975,0,3200,3200
13976,0,3200,3200
13977,0,3200,3200
13978,0,3200,3200
13979,0,3200,3200
13980,0,3200,3200
13981,0,3200,3200
13982,0,3200,3200
13983,0,3200,3200
13984,0,3200,3200
13985,0,3200,3200
13986,0,3200,3200
13987,0,3200,3200
13988,0,3200,3200
13989,0,3200,3200
13990,0,3200,3200
13991,0,3200,3200
13992,0,3200,3200
13993,0,3200,3200
13994,0,3200,3200
13995,0,3200,3200
13996,0,3200,3200
13997,0,3200,3200
13998,0,3200,3200
13999,0,3200,3200
14000,0,3200,3200
14001,0,3200,3200
14002,0,3200,3200
14003,0,3200,3200
14004,0,3200,3200
14005,0,3200,3200
14006,0,3200,3200
14007,0,3200,3200
14008,0,3200,3200
14009,0,3200,3200
14010,0,3200,3200
14011,0,3200,3200
14012,0,3200,3200
14013,0,3200,3200
14014,0,3200,3200
14015,0,3200,3200
14016,0,3200,3200
14017,0,3200,3200
14018,0,3200,3200
14019,0,3200,3200
14020,0,3200,3200
14021,0,3200,3200
14022,0,3200,3200
14023,0,3200,3200
14024,0,3200,3200
14025,0,3200,3200
14026,0,3200,3200
14027,0,3200,3200
14028,0,3200,3200
14029,0,3200,3200
14030,0,3200,3200
14031,0,3200,3200
14032,0,3200,3200
14033,0,3200,3200
14034,0,3200,3200
14035,0,3200,3200
14036,0,3200,3200
14037,0,3200,3200
14038,0,3200,3200
14039,0,3200,3200
14040,0,3200,3200
14041,0,3200,3200
14042,0,3200,3200
14043,0,3200,3200
14044,0,3200,3200
14045,0,3200,3200
14046,0,3200,3200
14047,0,3200,3200
14048,0,3200,3200
14049,0,3200,3200
14050,0,3200,3200
14051,0,3200,3200
14052,0,3200,3200
14053,0,3200,3200
14054,0,3200,3200
14055,0,3200,3200
14056,0,3200,3200
14057,0,3200,3200
14058,0,3200,3200
14059,0,3200,3200
14060,0,3200,3200
14061,0,3200,3200
14062,0,3200,3200
14063,0,3200,3200
14064,0,3200,3200
14065,0,3200,3200
14066,0,3200,3200
14067,0,3200,3200
14068,0,3200,3200
14069,0,3200,3200
14070,0,3200,3200
14071,0,3200,3200
14072,0,3200,3200
14073,0,3200,3200
14074,0,3200,3200
14075,0,3200,3200
14076,0,3200,3200
14077,0,3200,3200
14078,0,3200,3200
14079,0,3200,3200
14080,0,3200,3200
14081,0,3200,3200
14082,0,3200,3200
14083,0,3200,3200
14084,0,3200,3200
14085,0,3200,3200
14086,0,3200,3200
14087,0,3200,3200
14088,0,3200,3200
14089,0,3200,3200
14090,0,3200,3200
14091,0,3200,3200
14092,0,3200,3200
14093,0,3200,3200
14094,0,3200,3200
14095,0,3200,3200
14096,0,3200,3200
14097,0,3200,3200
14098,0,3200,3200
14099,0,3200,3200
14100,0,3200,3200
14101,0,3200,3200
14102,0,3200,3200
14103,0,3200,3200
14104,0,3200,3200
14105,0,3200,3200
14106,0,3200,3200
14107,0,3200,3200
14108,0,3200,3200
14109,0,3200,3200
14110,0,3200,3200
14111,0,3200,3200
14112,0,3200,3200
14113,0,3200,3200
14114,0,3200,3200
14115,0,3200,3200
14116,0,3200,3200
14117,0,3200,3200
14118,0,3200,3200
14119,0,3200,3200
14120,0,3200,3200
14121,0,3200,3200
14122,0,3200,3200
14123,0,3200,3200
14124,0,3200,3200
14125,0,3200,3200
14126,0,3200,3200
14127,0,3200,3200
14128,0,3200,3200
14129,0,3200,3200
14130,0,3200,3200
14131,0,3200,3200
14132,0,3200,3200
14133,0,3200,3200
14134,0,3200,3200
14135,0,3200,3200
14136,0,3200,3200
14137,0,3200,3200
14138,0,3200,3200
14139,0,3200,3200
14140,0,3200,3200
14141,0,3200,3200
14142,0,3200,3200
14143,0,3200,3200
14144,0,3200,3200
14145,0,3200,3200
14146,0,3200,3200
14147,0,3200,3200
14148,0,3200,3200
14149,0,3200,3200
14150,0,3200,3200
14151,0,3200,3200
14152,0,3200,3200
14153,0,3200,3200
14154,0,3200,3200
14155,0,3200,3200
14156,0,3200,3200
14157,0,3200,3200
14158,0,3200,3200
14159,0,3200,3200
14160,0,3200,3200
14161,0,3200,3200
14162,0,3200,3200
14163,0,3200,3200
14164,0,3200,3200
14165,0,3200,3200
14166,0,3200,3200
14167,0,3200,3200
14168,0,3200,3200
14169,0,3200,3200
14170,0,3200,3200
14171,0,3200,3200
14172,0,3200,3200
14173,0,3200,3200
14174,0,3200,3200
14175,0,3200,3200
14176,0,3200,3200
14177,0,3200,3200
14178,0,3200,3200
14179,0,3200,3200
14180,0,3200,3200
14181,0,3200,3200
14182,0,3200,3200
14183,0,3200,3200
14184,0,3200,3200
14185,0,3200,3200
14186,0,3200,3200
14187,0,3200,3200
14188,0,3200,3200
14189,0,3200,3200
14190,0,3200,3200
14191,0,3200,3200
14192,0,3200,3200
14193,0,3200,3200
14194,0,3200,3200
14195,0,3200,3200
14196,0,3200,3200
14197,0,3200,3200
14198,0,3200,3200
14199,0,3200,3200
14200,0,3200,3200
14201,0,3200,3200
14202,0,3200,3200
14203,0,3200,3200
14204,0,3200,3200
14205,0,3200,3200
14206,0,3200,3200
14207,0,3200,3200
14208,0,3200,3200
14209,0,3200,3200
14210,0,3200,3200
14211,0,3200,3200
14212,0,3200,3200
14213,0,3200,3200
14214,0,3200,3200
14215,0,3200,3200
14216,0,3200,3200
14217,0,3200,3200
14218,0,3200,3200
14219,0,3200,3200
14220,0,3200,3200
14221,0,3200,3200
14222,0,3200,3200
14223,0,3200,3200
14224,0,3200,3200
14225,0,3200,3200
14226,0,3200,3200
14227,0,3200,3200
14228,0,3200,3200
14229,0,3200,3200
14230,0,3200,3200
14231,0,3200,3200
14232,0,3200,3200
14233,0,3200,3200
14234,0,3200,3200
14235,0,3200,3200
14236,0,3200,3200
14237,0,3200,3200
14238,0,3200,3200
14239,0,3200,3200
14240,0,3200,3200
14241,0,3200,3200
14242,0,3200,3200
14243,0,3200,3200
14244,0,3200,3200
14245,0,3200,3200
14246,0,3200,3200
14247,0,3200,3200
14248,0,3200,3200
14249,0,3200,3200
14250,0,3200,3200
14251,0,3200,3200
14252,0,3200,3200
14253,0,3200,3200
14254,0,3200,3200
14255,0,3200,3200
14256,0,3200,3200
14257,0,3200,3200
14258,0,3200,3200
14259,0,3200,3200
14260,0,3200,3200
14261,0,3200,3200
14262,0,3200,3200
14263,0,3200,3200
14264,0,3200,3200
14265,0,3200,3200
14266,0,3200,3200
14267,0,3200,3200
14268,0,3200,3200
14269,0,3200,3200
14270,0,3200,3200
14271,0,3200,3200
14272,0,3200,3200
14273,0,3200,3200
14274,0,3200,3200
14275,0,3200,3200
14276,0,3200,3200
14277,0,3200,3200
14278,0,3200,3200
14279,0,3200,3200
14280,0,3200,3200
14281,0,3200,3200
14282,0,3200,3200
14283,0,3200,3200
14284,0,3200,3200
14285,0,3200,3200
14286,0,3200,3200
14287,0,3200,3200
14288,0,3200,3200
14289,0,3200,3200
14290,0,3200,3200
14291,0,3200,3200
14292,0,3200,3200
14293,0,3200,3200
14294,0,3200,3200
14295,0,3200,3200
14296,0,3200,3200
14297,0,3200,3200
14298,0,3200,3200
14299,0,3200,3200
14300,0,3200,3200
14301,0,3200,3200
14302,0,3200,3200
14303,0,3200,3200
14304,0,3200,3200
14305,0,3200,3200
14306,0,3200,3200
14307,0,3200,3200
14308,0,3200,3200
14309,0,3200,3200
14310,0,3200,3200
14311,0,3200,3200
14312,0,3200,3200
14313,0,3200,3200
14314,0,3200,3200
14315,0,3200,3200
14316,0,3200,3200
14317,0,3200,3200
14318,0,3200,3200
14319,0,3200,3200
14320,0,3200,3200
14321,0,3200,3200
14322,0,3200,3200
14323,0,3200,3200
14324,0,3200,3200
14325,0,3200,3200
14326,0,3200,3200
14327,0,3200,3200
14328,0,3200,3200
14329,0,3200,3200
14330,0,3200,3200
14331,0,3200,3200
14332,0,3200,3200
14333,0,3200,3200
14334,0,3200,3200
14335,0,3200,3200
14336,0,3200,3200
14337,0,3200,3200
14338,0,3200,3200
14339,0,3200,3200
14340,0,3200,3200
14341,0,3200,3200
14342,0,3200,3200
14343,0,3200,3200
14344,0,3200,3200
14345,0,3200,3200
14346,0,3200,3200
14347,0,3200,3200
14348,0,3200,3200
14349,0,3200,3200
14350,0,3200,3200
14351,0,3200,3200
14352,0,3200,3200
14353,0,3200,3200
14354,0,3200,3200
14355,0,3200,3200
14356,0,3200,3200
14357,0,3200,3200
14358,0,3200,3200
14359,0,3200,3200
14360,0,3200,3200
14361,0,3200,3200
14362,0,3200,3200
14363,0,3200,3200
14364,0,3200,3200
14365,0,3200,3200
14366,0,3200,3200
14367,0,3200,3200
14368,0,3200,3200
14369,0,3200,3200
14370,0,3200,3200
14371,0,3200,3200
14372,0,3200,3200
14373,0,3200,3200
14374,0,3200,3200
14375,0,3200,3200
14376,0,3200,3200
14377,0,3200,3200
14378,0,3200,3200
14379,0,3200,3200
14380,0,3200,3200
14381,0,3200,3200
14382,0,3200,3200
14383,0,3200,3200
14384,0,3200,3200
14385,0,3200,3200
14386,0,3200,3200
14387,0,3200,3200
14388,0,3200,3200
14389,0,3200,3200
14390,0,3200,3200
14391,0,3200,3200
14392,0,3200,3200
14393,0,3200,3200
14394,0,3200,3200
14395,0,3200,3200
14396,0,3200,3200
14397,0,3200,3200
14398,0,3200,3200
14399,0,3200,3200
14400,0,3200,3200
14401,0,3200,3200
14402,0,3200,3200
14403,0,3200,3200
14404,0,3200,3200
14405,0,3200,3200
14406,0,3200,3200
14407,0,3200,3200
14408,0,3200,3200
14409,0,3200,3200
14410,0,3200,3200
14411,0,3200,3200
14412,0,3200,3200
14413,0,3200,3200
14414,0,3200,3200
14415,0,3200,3200
14416,0,3200,3200
14417,0,3200,3200
14418,0,3200,3200
14419,0,3200,3200
14420,0,3200,3200
14421,0,3200,3200
14422,0,3200,3200
14423,0,3200,3200
14424,0,3200,3200
14425,0,3200,3200
14426,0,3200,3200
14427,0,3200,3200
14428,0,3200,3200
14429,0,3200,3200
14430,0,3200,3200
14431,0,3200,3200
14432,0,3200,3200
14433,0,3200,3200
14434,0,3200,3200
14435,0,3200,3200
14436,0,3200,3200
14437,0,3200,3200
14438,0,3200,3200
14439,0,3200,3200
14440,0,3200,3200
14441,0,3200,3200
14442,0,3200,3200
14443,0,3200,3200
14444,0,3200,3200
14445,0,3200,3200
14446,0,3200,3200
14447,0,3200,3200
14448,0,3200,3200
14449,0,3200,3200
14450,0,3200,3200
14451,0,3200,3200
14452,0,3200,3200
14453,0,3200,3200
14454,0,3200,3200
14455,0,3200,3200
14456,0,3200,3200
14457,0,3200,3200
14458,0,3200,3200
14459,0,3200,3200
14460,0,3200,3200
