startTime,endTime,spawningIntervalInMinutes,spawningAmount,sourceX,sourceY,destinationX,destinationY
7:00,18:00,30,1,9.95253,53.54907,9.92812,53.52143
5:00,14:00,60,2,9.91582,53.54836,9.92797,53.50674
16:00,23:00,60,2,9.97033,53.54898,9.949668,53.531397
9:00,20:00,10,2,9.98911,53.54531,9.891536,53.534310
6:00,9:00,10,4,9.87707,53.53461,9.97969,53.54480
