length,maxAcceleration,maxDeceleration,maxSpeed,driveMode,startLat,startLon,stableId,osmRoute
2,0.73,1.67,14.0,6,53.581086,10.011879,64eae14b-3976-4dd1-b324-e73f1e70a001,[1;2;3;4;1;2;3;4;1;2;3;4]
2,0.73,1.67,14.0,6,53.582319,10.012500,64eae14b-3976-4dd1-b324-e73f1e70a002,[1;2;3;4;1;2;3;4;1;2;3;4]
2,0.73,1.67,14.0,6,53.581507,10.009734,64eae14b-3976-4dd1-b324-e73f1e70a003,[1;2;3;4;1;2;3;4;1;2;3;4]
