length,maxAcceleration,maxDeceleration,maxSpeed,driveMode,startLat,startLon,stableId,osmRoute
2,0.73,1.67,14.0,6,53.5819,10.01121,64eae14b-3976-4dd1-b324-e73f1e70a001,[1;2]
2,0.73,1.67,14.0,6,53.57960,10.01305,64eae14b-3976-4dd1-b324-e73f1e70a002,[4;3]
2,0.73,1.67,14.0,6,53.58168,10.01388,64eae14b-3976-4dd1-b324-e73f1e70a003,[5;3]