startTime,endTime,spawningIntervalInMinutes,spawningAmount,UsesCar,UsesCoDriving,UsesBus,UsesTrain,UsesBike,source,destination,discriminator
8:00,12:30,5,5,0,0,0,0.7,0,"POLYGON((9.8989537 53.5898955,9.8996328 53.5898451,9.8996407 53.5899584,9.8989697 53.5900403,9.8989537 53.5898955))","POINT(9.918427699267955 53.58990058326055)",1
8:00,12:30,5,5,0,0,0,0.7,0,"POLYGON((9.8987009 53.5888676,9.8986939 53.5886424,9.8993135 53.5885990,9.8993657 53.5888036,9.8987009 53.5888676))","POINT(9.918427699267955 53.58990058326055)",2
8:00,12:30,5,5,0,0,0,0.7,0,"POLYGON((9.8989537 53.5898955,9.8996328 53.5898451,9.8996407 53.5899584,9.8989697 53.5900403,9.8989537 53.5898955))","POLYGON((9.9003861 53.5875173,9.9001369 53.5865079,9.9025740 53.5862604,9.9028393 53.5873148,9.9003861 53.5875173))",1
8:00,12:30,5,5,0,0,0,0.7,0,"POLYGON((9.8987009 53.5888676,9.8986939 53.5886424,9.8993135 53.5885990,9.8993657 53.5888036,9.8987009 53.5888676))","POLYGON((9.9003861 53.5875173,9.9001369 53.5865079,9.9025740 53.5862604,9.9028393 53.5873148,9.9003861 53.5875173))",2