startTime,endTime,spawningIntervalInMinutes,spawningAmount,source,destination,discriminator
6:00,12:30,3,5,"POLYGON((9.980432366937286 53.55780087248252,9.993392800897247 53.55780087248252,9.993392800897247 53.55716356243838,9.980432366937286 53.55716356243838,9.980432366937286 53.55780087248252))","POLYGON((9.977302771139254 53.565707210132324,9.985070448446383 53.565707210132324,9.985070448446383 53.5644837950518,9.977302771139254 53.5644837950518,9.977302771139254 53.565707210132324))",2

