startTime,endTime,spawningIntervalInMinutes,spawningAmount,source,destination,discriminator
8:00,12:30,3,5,"POLYGON((9.898999553775598 53.59256224838409,9.89814058323288 53.5911264069695,9.904468917224044 53.5900338862626,9.904696807367769 53.591771501170925))","POLYGON((9.91164688286664 53.59134412058363,9.9119042802016 53.588232936540514,9.9164087335634 53.58831627481296,9.916841629081288 53.59081634656639))",2
