lot,campus_exit,campus_exit_from_t0_s,campus_exit_travel_s,finish_exit,finish_from_t0_s
P6,Colonel By,3603,3542,Hogs Back Plaza (SW dest.),4676
P7,Bronson Ave & University Dr,5656,5595,Hogs Back Plaza (SW dest.),6387
P5,Stadium Way,2421,2360,Brewer Park,2522
P7,Colonel By,4702,4641,Hogs Back Plaza (SW dest.),5505
P1,Colonel By,351,290,Hogs Back Plaza (SW dest.),568
P7,Colonel By,4946,4885,Hogs Back Plaza (SW dest.),5672
P3,Stadium Way,3471,3410,Brewer Park,3579
P7,Bronson Ave & University Dr,4933,4872,Brewer Park,5157
P5,Stadium Way,1807,1746,Brewer Park,1910
P7,Colonel By,1106,1045,Hogs Back Plaza (SW dest.),1797
P7,Colonel By,5397,5336,Hogs Back Plaza (SW dest.),6021
P5,Stadium Way,2680,2619,Brewer Park,2792
P5,Stadium Way,3106,3045,Brewer Park,3217
P7,Bronson Ave & University Dr,5346,5285,Brewer Park,5433
P3,Stadium Way,3787,3726,Brewer Park,3891
P7,Bronson Ave & University Dr,4744,4683,Brewer Park,5009
P5,Stadium Way,1602,1541,Brewer Park,1710
P7,Colonel By,6081,6020,Hogs Back Plaza (SW dest.),6448
P5,Stadium Way,2662,2601,Brewer Park,2767
P6,Colonel By,3685,3624,Hogs Back Plaza (SW dest.),4750
P3,Stadium Way,3396,3335,Brewer Park,3505
P6,Colonel By,3786,3725,Hogs Back Plaza (SW dest.),4856
P7,Bronson Ave & University Dr,4867,4806,Brewer Park,5108
P5,Stadium Way,2588,2527,Brewer Park,2700
P2,Colonel By,664,603,Hogs Back Plaza (SW dest.),1088
P3,Stadium Way,3981,3920,Brewer Park,4093
P5,Stadium Way,883,822,Brewer Park,982
P5,Stadium Way,2706,2645,Brewer Park,2809
P7,Bronson Ave & University Dr,5634,5573,Brewer Park,5897
P3,Stadium Way,3978,3917,Brewer Park,4089
P7,Colonel By,6223,6162,Hogs Back Plaza (SW dest.),6567
P5,Stadium Way,2607,2546,Brewer Park,2716
P2,Colonel By,174,113,Hogs Back Plaza (SW dest.),725
P5,Stadium Way,1726,1665,Brewer Park,1832
P7,Bronson Ave & University Dr,4599,4538,Brewer Park,4905
P6,Colonel By,1345,1284,Hogs Back Plaza (SW dest.),2187
P7,Bronson Ave & University Dr,6408,6347,Brewer Park,6489
P3,Stadium Way,3386,3325,Brewer Park,3496
P6,Colonel By,716,655,Hogs Back Plaza (SW dest.),1178
P7,Bronson Ave & University Dr,4434,4373,Brewer Park,4815
P5,Stadium Way,1068,1007,Brewer Park,1178
P7,Bronson Ave & University Dr,5189,5128,Brewer Park,5316
P7,Colonel By,6263,6202,Hogs Back Plaza (SW dest.),6596
P5,Stadium Way,1110,1049,Brewer Park,1216
P7,Bronson Ave & University Dr,5681,5620,Hogs Back Plaza (SW dest.),6403
P4,Stadium Way,4205,4144,Brewer Park,4318
P1,Colonel By,414,353,Hogs Back Plaza (SW dest.),639
P7,Colonel By,5782,5721,Hogs Back Plaza (SW dest.),6251
P5,Stadium Way,2257,2196,Brewer Park,2371
P5,Stadium Way,801,740,Brewer Park,912
P5,Stadium Way,2266,2205,Brewer Park,2376
P7,Bronson Ave & University Dr,5458,5397,Brewer Park,5543
P5,Stadium Way,352,291,Brewer Park,451
P1,Colonel By,455,394,Hogs Back Plaza (SW dest.),687
P3,Stadium Way,3229,3168,Brewer Park,3343
P5,Stadium Way,1703,1642,Brewer Park,1812
P5,Stadium Way,1456,1395,Brewer Park,1553
P6,Colonel By,829,768,Hogs Back Plaza (SW dest.),1352
P6,Colonel By,1297,1236,Hogs Back Plaza (SW dest.),2122
P6,Colonel By,1483,1422,Hogs Back Plaza (SW dest.),2419
P5,Stadium Way,2978,2917,Brewer Park,3090
P7,Bronson Ave & University Dr,3334,3273,Brewer Park,4622
P5,Stadium Way,176,115,Brewer Park,212
P5,Stadium Way,1335,1274,Brewer Park,1444
P5,Stadium Way,2672,2611,Brewer Park,2778
P7,Colonel By,5823,5762,Hogs Back Plaza (SW dest.),6278
P4,Stadium Way,4150,4089,Brewer Park,4253
P7,Colonel By,6734,6673,Hogs Back Plaza (SW dest.),6906
P5,Stadium Way,1859,1798,Brewer Park,1967
P7,Bronson Ave & University Dr,5293,5232,Brewer Park,5376
P7,Colonel By,4763,4702,Hogs Back Plaza (SW dest.),5552
P3,Stadium Way,3254,3193,Brewer Park,3370
P4,Stadium Way,3239,3178,Brewer Park,3352
P3,Stadium Way,3752,3691,Brewer Park,3858
P6,Colonel By,1697,1636,Hogs Back Plaza (SW dest.),2757
P5,Stadium Way,1747,1686,Brewer Park,1853
P6,Colonel By,3793,3732,Hogs Back Plaza (SW dest.),4873
P6,Colonel By,1442,1381,Hogs Back Plaza (SW dest.),2342
P7,Colonel By,7414,7353,Hogs Back Plaza (SW dest.),7590
P7,Bronson Ave & University Dr,5688,5627,Brewer Park,5959
P7,Bronson Ave & University Dr,4264,4203,Brewer Park,4716
P4,Stadium Way,4077,4016,Brewer Park,4185
P1,Colonel By,226,165,Hogs Back Plaza (SW dest.),423
P2,Colonel By,583,522,Hogs Back Plaza (SW dest.),974
P1,Colonel By,387,326,Hogs Back Plaza (SW dest.),609
P6,Colonel By,1358,1297,Hogs Back Plaza (SW dest.),2209
P1,Colonel By,410,349,Hogs Back Plaza (SW dest.),635
P7,Colonel By,6691,6630,Hogs Back Plaza (SW dest.),6885
P5,Stadium Way,1449,1388,Brewer Park,1549
P5,Stadium Way,3081,3020,Brewer Park,3193
P7,Colonel By,6509,6448,Hogs Back Plaza (SW dest.),6755
P5,Stadium Way,840,779,Brewer Park,952
P5,Stadium Way,830,769,Brewer Park,942
P5,Stadium Way,1398,1337,Brewer Park,1507
P5,Stadium Way,2245,2184,Brewer Park,2353
P7,Bronson Ave & University Dr,5272,5211,Brewer Park,5356
P7,Bronson Ave & University Dr,6656,6595,Hogs Back Plaza (SW dest.),7123
P7,Bronson Ave & University Dr,5593,5532,Hogs Back Plaza (SW dest.),6336
P7,Bronson Ave & University Dr,5595,5534,Hogs Back Plaza (SW dest.),6340
P7,Colonel By,6834,6773,Hogs Back Plaza (SW dest.),7002
P7,Bronson Ave & University Dr,3355,3294,Brewer Park,4647
P7,Colonel By,5731,5670,Hogs Back Plaza (SW dest.),6217
P7,Bronson Ave & University Dr,4772,4711,Brewer Park,5033
P7,Bronson Ave & University Dr,3360,3299,Brewer Park,4652
P7,Bronson Ave & University Dr,4753,4692,Brewer Park,5014
P6,Colonel By,4020,3959,Hogs Back Plaza (SW dest.),5087
P5,Stadium Way,290,229,Brewer Park,356
P7,Colonel By,4143,4082,Hogs Back Plaza (SW dest.),5228
P4,Stadium Way,4197,4136,Brewer Park,4305
P5,Stadium Way,963,902,Brewer Park,1072
P6,Colonel By,3044,2983,Hogs Back Plaza (SW dest.),4104
P5,Stadium Way,694,633,Brewer Park,800
P5,Stadium Way,1697,1636,Brewer Park,1808
P5,Stadium Way,207,146,Brewer Park,249
P2,Colonel By,616,555,Hogs Back Plaza (SW dest.),1029
P7,Bronson Ave & University Dr,1573,1512,Brewer Park,4533
P4,Stadium Way,4210,4149,Brewer Park,4322
P5,Stadium Way,1197,1136,Brewer Park,1305
P5,Stadium Way,2732,2671,Brewer Park,2847
P7,Bronson Ave & University Dr,5516,5455,Brewer Park,5599
P7,Colonel By,5589,5528,Hogs Back Plaza (SW dest.),6125
P7,Colonel By,5351,5290,Hogs Back Plaza (SW dest.),5975
P5,Stadium Way,452,391,Brewer Park,565
P7,Bronson Ave & University Dr,6739,6678,Brewer Park,6995
P6,Colonel By,3614,3553,Hogs Back Plaza (SW dest.),4686
P6,Colonel By,1694,1633,Hogs Back Plaza (SW dest.),2752
P7,Bronson Ave & University Dr,6782,6721,Hogs Back Plaza (SW dest.),7263
P6,Colonel By,1657,1596,Hogs Back Plaza (SW dest.),2701
P7,Colonel By,6409,6348,Hogs Back Plaza (SW dest.),6690
P6,Colonel By,1594,1533,Hogs Back Plaza (SW dest.),2596
P7,Bronson Ave & University Dr,6264,6203,Brewer Park,6347
P6,Colonel By,1130,1069,Hogs Back Plaza (SW dest.),1843
P7,Bronson Ave & University Dr,7319,7258,Brewer Park,7400
P4,Stadium Way,4233,4172,Brewer Park,4351
P7,Bronson Ave & University Dr,5520,5459,Hogs Back Plaza (SW dest.),6291
P7,Bronson Ave & University Dr,6674,6613,Brewer Park,6944
P4,Stadium Way,4158,4097,Brewer Park,4267
P5,Stadium Way,1495,1434,Brewer Park,1594
P7,Colonel By,4960,4899,Hogs Back Plaza (SW dest.),5681
P1,Colonel By,252,191,Hogs Back Plaza (SW dest.),455
P6,Colonel By,1067,1006,Hogs Back Plaza (SW dest.),1736
P2,Colonel By,581,520,Hogs Back Plaza (SW dest.),969
P6,Colonel By,1632,1571,Hogs Back Plaza (SW dest.),2654
P7,Colonel By,5720,5659,Hogs Back Plaza (SW dest.),6204
P7,Colonel By,5753,5692,Hogs Back Plaza (SW dest.),6229
P6,Colonel By,3082,3021,Hogs Back Plaza (SW dest.),4145
P6,Colonel By,1040,979,Hogs Back Plaza (SW dest.),1689
P7,Bronson Ave & University Dr,6119,6058,Brewer Park,6200
P6,Colonel By,1571,1510,Hogs Back Plaza (SW dest.),2561
P6,Colonel By,2109,2048,Hogs Back Plaza (SW dest.),3207
P7,Colonel By,5112,5051,Hogs Back Plaza (SW dest.),5779
P1,Colonel By,374,313,Hogs Back Plaza (SW dest.),594
P5,Stadium Way,1951,1890,Brewer Park,2068
P6,Colonel By,1338,1277,Hogs Back Plaza (SW dest.),2178
P6,Colonel By,3111,3050,Hogs Back Plaza (SW dest.),4182
P4,Stadium Way,4223,4162,Brewer Park,4334
P2,Colonel By,554,493,Hogs Back Plaza (SW dest.),920
P7,Bronson Ave & University Dr,5213,5152,Brewer Park,5330
P4,Stadium Way,2200,2139,Brewer Park,2316
P5,Stadium Way,383,322,Brewer Park,491
P6,Colonel By,1068,1007,Hogs Back Plaza (SW dest.),1740
P7,Bronson Ave & University Dr,6641,6580,Brewer Park,6732
P1,Colonel By,207,146,Hogs Back Plaza (SW dest.),403
P5,Stadium Way,1569,1508,Brewer Park,1679
P6,Colonel By,711,650,Hogs Back Plaza (SW dest.),1170
P7,Bronson Ave & University Dr,2621,2560,Brewer Park,4583
P7,Colonel By,7004,6943,Hogs Back Plaza (SW dest.),7177
P7,Bronson Ave & University Dr,6492,6431,Brewer Park,6571
P7,Bronson Ave & University Dr,6278,6217,Brewer Park,6370
P1,Colonel By,110,49,Hogs Back Plaza (SW dest.),281
P5,Stadium Way,3096,3035,Brewer Park,3207
P6,Colonel By,1530,1469,Hogs Back Plaza (SW dest.),2497
P6,Colonel By,2492,2431,Hogs Back Plaza (SW dest.),3578
P6,Colonel By,2240,2179,Hogs Back Plaza (SW dest.),3322
P7,Bronson Ave & University Dr,6956,6895,Hogs Back Plaza (SW dest.),7443
P7,Colonel By,6417,6356,Hogs Back Plaza (SW dest.),6694
P7,Bronson Ave & University Dr,6202,6141,Brewer Park,6286
P6,Colonel By,3204,3143,Hogs Back Plaza (SW dest.),4293
P7,Bronson Ave & University Dr,701,640,Brewer Park,4512
P6,Colonel By,3720,3659,Hogs Back Plaza (SW dest.),4781
P6,Colonel By,2966,2905,Hogs Back Plaza (SW dest.),4058
P6,Colonel By,3387,3326,Hogs Back Plaza (SW dest.),4467
P6,Colonel By,1355,1294,Hogs Back Plaza (SW dest.),2205
P7,Bronson Ave & University Dr,5992,5931,Brewer Park,6070
P4,Stadium Way,2180,2119,Brewer Park,2293
P6,Colonel By,1182,1121,Hogs Back Plaza (SW dest.),1927
P7,Colonel By,4870,4809,Hogs Back Plaza (SW dest.),5629
P3,Stadium Way,3418,3357,Brewer Park,3529
P7,Bronson Ave & University Dr,5609,5548,Brewer Park,5687
P7,Colonel By,2644,2583,Hogs Back Plaza (SW dest.),3715
P7,Bronson Ave & University Dr,5959,5898,Brewer Park,6047
P6,Colonel By,2166,2105,Hogs Back Plaza (SW dest.),3238
P5,Stadium Way,684,623,Brewer Park,792
P6,Colonel By,2616,2555,Hogs Back Plaza (SW dest.),3698
P7,Colonel By,6280,6219,Hogs Back Plaza (SW dest.),6609
P7,Colonel By,5356,5295,Hogs Back Plaza (SW dest.),5980
P5,Stadium Way,2008,1947,Brewer Park,2117
P7,Bronson Ave & University Dr,5261,5200,Brewer Park,5353
P5,Stadium Way,2089,2028,Brewer Park,2201
P6,Colonel By,1029,968,Hogs Back Plaza (SW dest.),1670
P7,Bronson Ave & University Dr,4692,4631,Brewer Park,4970
P6,Colonel By,2981,2920,Hogs Back Plaza (SW dest.),4074
P5,Stadium Way,1890,1829,Brewer Park,1998
P7,Colonel By,5662,5601,Hogs Back Plaza (SW dest.),6169
P3,Stadium Way,3486,3425,Brewer Park,3598
P3,Stadium Way,3329,3268,Brewer Park,3438
P6,Colonel By,4004,3943,Hogs Back Plaza (SW dest.),5064
P6,Colonel By,2000,1939,Hogs Back Plaza (SW dest.),3098
P4,Stadium Way,4182,4121,Brewer Park,4291
P7,Colonel By,5616,5555,Hogs Back Plaza (SW dest.),6139
P5,Stadium Way,3002,2941,Brewer Park,3103
P7,Bronson Ave & University Dr,4612,4551,Brewer Park,4914
P5,Stadium Way,1531,1470,Brewer Park,1639
P3,Stadium Way,4016,3955,Brewer Park,4122
P5,Stadium Way,983,922,Brewer Park,1093
P5,Stadium Way,270,209,Brewer Park,330
P6,Colonel By,906,845,Hogs Back Plaza (SW dest.),1475
P7,Bronson Ave & University Dr,6650,6589,Brewer Park,6927
P7,Bronson Ave & University Dr,5715,5654,Brewer Park,6004
P7,Colonel By,5724,5663,Hogs Back Plaza (SW dest.),6208
P3,Stadium Way,3377,3316,Brewer Park,3488
P5,Stadium Way,584,523,Brewer Park,691
P7,Colonel By,6775,6714,Hogs Back Plaza (SW dest.),6941
P7,Bronson Ave & University Dr,4603,4542,Brewer Park,4909
P7,Bronson Ave & University Dr,5478,5417,Brewer Park,5561
P7,Bronson Ave & University Dr,6755,6694,Brewer Park,6836
P6,Colonel By,2326,2265,Hogs Back Plaza (SW dest.),3428
P7,Bronson Ave & University Dr,6087,6026,Brewer Park,6161
P5,Stadium Way,397,336,Brewer Park,509
P7,Bronson Ave & University Dr,6948,6887,Hogs Back Plaza (SW dest.),7438
P4,Stadium Way,3314,3253,Brewer Park,3425
P5,Stadium Way,1607,1546,Brewer Park,1719
P5,Stadium Way,296,235,Brewer Park,364
P7,Bronson Ave & University Dr,6891,6830,Brewer Park,7154
P1,Colonel By,287,226,Hogs Back Plaza (SW dest.),497
P6,Colonel By,3445,3384,Hogs Back Plaza (SW dest.),4514
P5,Stadium Way,2035,1974,Brewer Park,2150
P6,Colonel By,3681,3620,Hogs Back Plaza (SW dest.),4747
P7,Bronson Ave & University Dr,5497,5436,Brewer Park,5770
P1,Colonel By,167,106,Hogs Back Plaza (SW dest.),354
P7,Colonel By,5406,5345,Hogs Back Plaza (SW dest.),6029
P5,Stadium Way,804,743,Brewer Park,917
P5,Stadium Way,549,488,Brewer Park,662
P5,Stadium Way,3114,3053,Brewer Park,3231
P6,Colonel By,3108,3047,Hogs Back Plaza (SW dest.),4179
P1,Colonel By,233,172,Hogs Back Plaza (SW dest.),432
P6,Colonel By,918,857,Hogs Back Plaza (SW dest.),1487
P6,Colonel By,970,909,Hogs Back Plaza (SW dest.),1568
P7,Bronson Ave & University Dr,4553,4492,Brewer Park,4878
P7,Colonel By,4489,4428,Hogs Back Plaza (SW dest.),5321
P6,Colonel By,2854,2793,Hogs Back Plaza (SW dest.),3948
P5,Stadium Way,2899,2838,Brewer Park,3010
P7,Bronson Ave & University Dr,4966,4905,Brewer Park,5181
P6,Colonel By,825,764,Hogs Back Plaza (SW dest.),1348
P5,Stadium Way,257,196,Brewer Park,319
P5,Stadium Way,139,78,Brewer Park,165
P5,Stadium Way,1063,1002,Brewer Park,1170
P5,Stadium Way,333,272,Brewer Park,420
P6,Colonel By,3776,3715,Hogs Back Plaza (SW dest.),4847
P7,Colonel By,6617,6556,Hogs Back Plaza (SW dest.),6854
P5,Stadium Way,2925,2864,Brewer Park,3036
P7,Bronson Ave & University Dr,6743,6682,Brewer Park,6823
P7,Bronson Ave & University Dr,5537,5476,Brewer Park,5799
P7,Bronson Ave & University Dr,5507,5446,Hogs Back Plaza (SW dest.),6273
P7,Bronson Ave & University Dr,5401,5340,Brewer Park,5487
P6,Colonel By,2502,2441,Hogs Back Plaza (SW dest.),3587
P6,Colonel By,2562,2501,Hogs Back Plaza (SW dest.),3662
P4,Stadium Way,4073,4012,Brewer Park,4181
P6,Colonel By,3911,3850,Hogs Back Plaza (SW dest.),4983
P7,Colonel By,5758,5697,Hogs Back Plaza (SW dest.),6234
P6,Colonel By,882,821,Hogs Back Plaza (SW dest.),1436
P7,Colonel By,6548,6487,Hogs Back Plaza (SW dest.),6790
P3,Stadium Way,4007,3946,Brewer Park,4114
P7,Colonel By,6841,6780,Hogs Back Plaza (SW dest.),7008
P5,Stadium Way,2806,2745,Brewer Park,2914
P6,Colonel By,3190,3129,Hogs Back Plaza (SW dest.),4275
P6,Colonel By,3114,3053,Hogs Back Plaza (SW dest.),4191
P7,Bronson Ave & University Dr,4380,4319,Brewer Park,4776
P2,Colonel By,576,515,Hogs Back Plaza (SW dest.),957
P5,Stadium Way,280,219,Brewer Park,343
P3,Stadium Way,3890,3829,Brewer Park,4001
P5,Stadium Way,2872,2811,Brewer Park,2975
P5,Stadium Way,980,919,Brewer Park,1088
P7,Bronson Ave & University Dr,5319,5258,Brewer Park,5404
P5,Stadium Way,1768,1707,Brewer Park,1877
P5,Stadium Way,1127,1066,Brewer Park,1237
P6,Colonel By,3342,3281,Hogs Back Plaza (SW dest.),4415
P7,Colonel By,7439,7378,Hogs Back Plaza (SW dest.),7626
P7,Bronson Ave & University Dr,6010,5949,Brewer Park,6091
P6,Colonel By,3989,3928,Hogs Back Plaza (SW dest.),5060
P6,Colonel By,1287,1226,Hogs Back Plaza (SW dest.),2099
P6,Colonel By,3571,3510,Hogs Back Plaza (SW dest.),4639
P7,Colonel By,7358,7297,Hogs Back Plaza (SW dest.),7523
P7,Bronson Ave & University Dr,4902,4841,Brewer Park,5135
P7,Bronson Ave & University Dr,7327,7266,Brewer Park,7405
P5,Stadium Way,540,479,Brewer Park,653
P5,Stadium Way,2440,2379,Brewer Park,2539
P7,Colonel By,4066,4005,Hogs Back Plaza (SW dest.),5140
P5,Stadium Way,932,871,Brewer Park,1045
P5,Stadium Way,902,841,Brewer Park,1012
P6,Colonel By,1256,1195,Hogs Back Plaza (SW dest.),2048
P5,Stadium Way,892,831,Brewer Park,999
P7,Bronson Ave & University Dr,5730,5669,Hogs Back Plaza (SW dest.),6438
P7,Colonel By,6123,6062,Hogs Back Plaza (SW dest.),6484
P5,Stadium Way,1782,1721,Brewer Park,1898
P5,Stadium Way,2094,2033,Brewer Park,2205
P5,Stadium Way,1433,1372,Brewer Park,1532
P1,Colonel By,284,223,Hogs Back Plaza (SW dest.),493
P7,Colonel By,4443,4382,Hogs Back Plaza (SW dest.),5290
P5,Stadium Way,789,728,Brewer Park,891
P6,Colonel By,853,792,Hogs Back Plaza (SW dest.),1388
P6,Colonel By,1893,1832,Hogs Back Plaza (SW dest.),2990
P4,Stadium Way,365,304,Brewer Park,470
P5,Stadium Way,2500,2439,Brewer Park,2607
P7,Colonel By,5391,5330,Hogs Back Plaza (SW dest.),6012
P6,Colonel By,1640,1579,Hogs Back Plaza (SW dest.),2671
P4,Stadium Way,3207,3146,Brewer Park,3325
P3,Stadium Way,3270,3209,Brewer Park,3385
P7,Bronson Ave & University Dr,6727,6666,Brewer Park,6809
P7,Bronson Ave & University Dr,5973,5912,Brewer Park,6057
P5,Stadium Way,2352,2291,Brewer Park,2451
P6,Colonel By,1529,1468,Hogs Back Plaza (SW dest.),2493
P6,Colonel By,1674,1613,Hogs Back Plaza (SW dest.),2729
P6,Colonel By,2251,2190,Hogs Back Plaza (SW dest.),3339
P6,Colonel By,1503,1442,Hogs Back Plaza (SW dest.),2444
P5,Stadium Way,2061,2000,Brewer Park,2176
P7,Colonel By,4567,4506,Hogs Back Plaza (SW dest.),5395
P7,Colonel By,4500,4439,Hogs Back Plaza (SW dest.),5329
P1,Colonel By,291,230,Hogs Back Plaza (SW dest.),501
P5,Stadium Way,497,436,Brewer Park,605
P5,Stadium Way,2166,2105,Brewer Park,2279
P3,Stadium Way,3547,3486,Brewer Park,3666
P4,Stadium Way,4118,4057,Brewer Park,4224
P7,Bronson Ave & University Dr,4735,4674,Brewer Park,5001
P6,Colonel By,2426,2365,Hogs Back Plaza (SW dest.),3531
P6,Colonel By,1063,1002,Hogs Back Plaza (SW dest.),1732
P5,Stadium Way,142,81,Brewer Park,169
P7,Colonel By,4457,4396,Hogs Back Plaza (SW dest.),5300
P4,Stadium Way,4143,4082,Brewer Park,4245
P5,Stadium Way,2000,1939,Brewer Park,2104
P5,Stadium Way,1564,1503,Brewer Park,1670
P1,Colonel By,329,268,Hogs Back Plaza (SW dest.),548
P7,Colonel By,6890,6829,Hogs Back Plaza (SW dest.),7060
P2,Colonel By,541,480,Hogs Back Plaza (SW dest.),885
P7,Bronson Ave & University Dr,5415,5354,Brewer Park,5508
P3,Stadium Way,3685,3624,Brewer Park,3794
P7,Colonel By,5348,5287,Hogs Back Plaza (SW dest.),5971
P5,Stadium Way,1364,1303,Brewer Park,1461
P5,Stadium Way,1030,969,Brewer Park,1137
P5,Stadium Way,1015,954,Brewer Park,1116
P5,Stadium Way,160,99,Brewer Park,187
P6,Colonel By,981,920,Hogs Back Plaza (SW dest.),1585
P7,Colonel By,4807,4746,Hogs Back Plaza (SW dest.),5583
P7,Bronson Ave & University Dr,5580,5519,Hogs Back Plaza (SW dest.),6327
P3,Stadium Way,3806,3745,Brewer Park,3917
P3,Stadium Way,3647,3586,Brewer Park,3766
P6,Colonel By,3765,3704,Hogs Back Plaza (SW dest.),4832
P2,Colonel By,566,505,Hogs Back Plaza (SW dest.),939
P5,Stadium Way,345,284,Brewer Park,442
P5,Stadium Way,1556,1495,Brewer Park,1666
P6,Colonel By,863,802,Hogs Back Plaza (SW dest.),1405
P7,Bronson Ave & University Dr,5494,5433,Brewer Park,5764
P3,Stadium Way,3670,3609,Brewer Park,3782
P7,Colonel By,4596,4535,Hogs Back Plaza (SW dest.),5416
P7,Bronson Ave & University Dr,189,128,Brewer Park,4483
P5,Stadium Way,1369,1308,Brewer Park,1477
P6,Colonel By,1014,953,Hogs Back Plaza (SW dest.),1646
P5,Stadium Way,1797,1736,Brewer Park,1902
P7,Bronson Ave & University Dr,5397,5336,Brewer Park,5482
P6,Colonel By,3373,3312,Hogs Back Plaza (SW dest.),4451
P7,Bronson Ave & University Dr,6696,6635,Brewer Park,6780
P5,Stadium Way,1492,1431,Brewer Park,1590
P6,Colonel By,3441,3380,Hogs Back Plaza (SW dest.),4506
P6,Colonel By,3514,3453,Hogs Back Plaza (SW dest.),4600
P7,Bronson Ave & University Dr,5729,5668,Brewer Park,5809
P6,Colonel By,2495,2434,Hogs Back Plaza (SW dest.),3582
P6,Colonel By,902,841,Hogs Back Plaza (SW dest.),1463
P6,Colonel By,1862,1801,Hogs Back Plaza (SW dest.),2968
P6,Colonel By,814,753,Hogs Back Plaza (SW dest.),1319
P7,Colonel By,7433,7372,Hogs Back Plaza (SW dest.),7615
P6,Colonel By,2417,2356,Hogs Back Plaza (SW dest.),3522
P7,Colonel By,4825,4764,Hogs Back Plaza (SW dest.),5595
P5,Stadium Way,485,424,Brewer Park,591
P4,Stadium Way,4159,4098,Brewer Park,4271
P3,Stadium Way,3633,3572,Brewer Park,3744
P6,Colonel By,3583,3522,Hogs Back Plaza (SW dest.),4647
P5,Stadium Way,2874,2813,Brewer Park,2980
P5,Stadium Way,2386,2325,Brewer Park,2492
P6,Colonel By,930,869,Hogs Back Plaza (SW dest.),1505
P7,Colonel By,6677,6616,Hogs Back Plaza (SW dest.),6880
P2,Colonel By,506,445,Hogs Back Plaza (SW dest.),807
P7,Colonel By,5088,5027,Hogs Back Plaza (SW dest.),5767
P1,Colonel By,258,197,Hogs Back Plaza (SW dest.),463
P2,Colonel By,504,443,Hogs Back Plaza (SW dest.),803
P7,Bronson Ave & University Dr,6967,6906,Brewer Park,7230
P5,Stadium Way,299,238,Brewer Park,368
P7,Colonel By,6334,6273,Hogs Back Plaza (SW dest.),6641
P7,Colonel By,2759,2698,Hogs Back Plaza (SW dest.),3852
P6,Colonel By,1841,1780,Hogs Back Plaza (SW dest.),2943
P3,Stadium Way,3687,3626,Brewer Park,3798
P5,Stadium Way,2010,1949,Brewer Park,2121
P7,Colonel By,7425,7364,Hogs Back Plaza (SW dest.),7604
P6,Colonel By,3351,3290,Hogs Back Plaza (SW dest.),4423
P6,Colonel By,2016,1955,Hogs Back Plaza (SW dest.),3118
P5,Stadium Way,928,867,Brewer Park,1038
P3,Stadium Way,3886,3825,Brewer Park,3993
P7,Bronson Ave & University Dr,6214,6153,Brewer Park,6301
P4,Stadium Way,4285,4224,Brewer Park,4396
P7,Bronson Ave & University Dr,4428,4367,Brewer Park,4812
P7,Bronson Ave & University Dr,5042,4981,Brewer Park,5230
P5,Stadium Way,2232,2171,Brewer Park,2345
P5,Stadium Way,3045,2984,Brewer Park,3157
P5,Stadium Way,248,187,Brewer Park,306
P6,Colonel By,3060,2999,Hogs Back Plaza (SW dest.),4121
P7,Colonel By,4425,4364,Hogs Back Plaza (SW dest.),5271
P6,Colonel By,3939,3878,Hogs Back Plaza (SW dest.),4997
P6,Colonel By,1761,1700,Hogs Back Plaza (SW dest.),2854
P6,Colonel By,1413,1352,Hogs Back Plaza (SW dest.),2298
P7,Bronson Ave & University Dr,4980,4919,Brewer Park,5194
P7,Colonel By,6241,6180,Hogs Back Plaza (SW dest.),6583
P6,Colonel By,3491,3430,Hogs Back Plaza (SW dest.),4563
P6,Colonel By,2284,2223,Hogs Back Plaza (SW dest.),3384
P7,Bronson Ave & University Dr,6846,6785,Hogs Back Plaza (SW dest.),7318
P5,Stadium Way,1877,1816,Brewer Park,1985
P6,Colonel By,3183,3122,Hogs Back Plaza (SW dest.),4271
P6,Colonel By,1267,1206,Hogs Back Plaza (SW dest.),2065
P6,Colonel By,3302,3241,Hogs Back Plaza (SW dest.),4397
P2,Colonel By,542,481,Hogs Back Plaza (SW dest.),889
P5,Stadium Way,2225,2164,Brewer Park,2337
P5,Stadium Way,672,611,Brewer Park,775
P6,Colonel By,2379,2318,Hogs Back Plaza (SW dest.),3466
P7,Colonel By,6869,6808,Hogs Back Plaza (SW dest.),7038
P6,Colonel By,3673,3612,Hogs Back Plaza (SW dest.),4732
P7,Colonel By,4612,4551,Hogs Back Plaza (SW dest.),5429
P3,Stadium Way,3452,3391,Brewer Park,3559
P5,Stadium Way,2476,2415,Brewer Park,2582
P6,Colonel By,1920,1859,Hogs Back Plaza (SW dest.),3014
P7,Colonel By,4522,4461,Hogs Back Plaza (SW dest.),5359
P5,Stadium Way,2519,2458,Brewer Park,2633
P6,Colonel By,3315,3254,Hogs Back Plaza (SW dest.),4411
P7,Bronson Ave & University Dr,1062,1001,Brewer Park,4525
P6,Colonel By,1107,1046,Hogs Back Plaza (SW dest.),1801
P5,Stadium Way,170,109,Brewer Park,204
P6,Colonel By,1583,1522,Hogs Back Plaza (SW dest.),2583
P6,Colonel By,2704,2643,Hogs Back Plaza (SW dest.),3793
P6,Colonel By,706,645,Hogs Back Plaza (SW dest.),1162
P5,Stadium Way,1259,1198,Brewer Park,1367
P5,Stadium Way,930,869,Brewer Park,1042
P7,Bronson Ave & University Dr,4315,4254,Brewer Park,4744
P5,Stadium Way,2189,2128,Brewer Park,2307
P6,Colonel By,2555,2494,Hogs Back Plaza (SW dest.),3646
P7,Colonel By,5189,5128,Hogs Back Plaza (SW dest.),5840
P7,Bronson Ave & University Dr,4411,4350,Brewer Park,4799
P7,Bronson Ave & University Dr,6832,6771,Brewer Park,6931
P5,Stadium Way,1115,1054,Brewer Park,1220
P7,Bronson Ave & University Dr,6577,6516,Brewer Park,6671
P5,Stadium Way,2214,2153,Brewer Park,2333
P6,Colonel By,1466,1405,Hogs Back Plaza (SW dest.),2389
P7,Colonel By,4812,4751,Hogs Back Plaza (SW dest.),5587
P7,Bronson Ave & University Dr,4830,4769,Brewer Park,5076
P1,Colonel By,195,134,Hogs Back Plaza (SW dest.),390
P5,Stadium Way,1301,1240,Brewer Park,1411
P6,Colonel By,2785,2724,Hogs Back Plaza (SW dest.),3885
P7,Bronson Ave & University Dr,5979,5918,Brewer Park,6062
P5,Stadium Way,1078,1017,Brewer Park,1182
P2,Colonel By,560,499,Hogs Back Plaza (SW dest.),930
P5,Stadium Way,2315,2254,Brewer Park,2423
P5,Stadium Way,1302,1241,Brewer Park,1415
P4,Stadium Way,4258,4197,Brewer Park,4368
P7,Bronson Ave & University Dr,174,113,Brewer Park,4474
P1,Colonel By,446,385,Hogs Back Plaza (SW dest.),674
P5,Stadium Way,1423,1362,Brewer Park,1524
P7,Colonel By,6236,6175,Hogs Back Plaza (SW dest.),6579
P7,Colonel By,5002,4941,Hogs Back Plaza (SW dest.),5708
P7,Colonel By,5271,5210,Hogs Back Plaza (SW dest.),5901
P6,Colonel By,1625,1564,Hogs Back Plaza (SW dest.),2646
P7,Bronson Ave & University Dr,6803,6742,Brewer Park,7057
P7,Colonel By,6767,6706,Hogs Back Plaza (SW dest.),6933
P6,Colonel By,2011,1950,Hogs Back Plaza (SW dest.),3113
P7,Bronson Ave & University Dr,2836,2775,Brewer Park,4600
P7,Colonel By,6559,6498,Hogs Back Plaza (SW dest.),6798
P3,Stadium Way,3458,3397,Brewer Park,3567
P7,Bronson Ave & University Dr,4886,4825,Brewer Park,5126
P6,Colonel By,1237,1176,Hogs Back Plaza (SW dest.),2014
P5,Stadium Way,1682,1621,Brewer Park,1795
P5,Stadium Way,807,746,Brewer Park,921
P7,Bronson Ave & University Dr,6815,6754,Brewer Park,7073
P5,Stadium Way,1034,973,Brewer Park,1141
P7,Colonel By,4709,4648,Hogs Back Plaza (SW dest.),5510
P7,Colonel By,5502,5441,Hogs Back Plaza (SW dest.),6074
P6,Colonel By,1832,1771,Hogs Back Plaza (SW dest.),2934
P1,Colonel By,185,124,Hogs Back Plaza (SW dest.),377
P6,Colonel By,2391,2330,Hogs Back Plaza (SW dest.),3489
P7,Bronson Ave & University Dr,2190,2129,Brewer Park,4549
P6,Colonel By,3290,3229,Hogs Back Plaza (SW dest.),4381
P4,Stadium Way,4275,4214,Brewer Park,4387
P7,Colonel By,5075,5014,Hogs Back Plaza (SW dest.),5757
P6,Colonel By,2155,2094,Hogs Back Plaza (SW dest.),3224
P2,Colonel By,487,426,Hogs Back Plaza (SW dest.),782
P7,Bronson Ave & University Dr,6870,6809,Hogs Back Plaza (SW dest.),7357
P7,Colonel By,6635,6574,Hogs Back Plaza (SW dest.),6868
P5,Stadium Way,2425,2364,Brewer Park,2526
P7,Bronson Ave & University Dr,5588,5527,Hogs Back Plaza (SW dest.),6332
P5,Stadium Way,1183,1122,Brewer Park,1293
P4,Stadium Way,4243,4182,Brewer Park,4355
P5,Stadium Way,516,455,Brewer Park,626
P7,Colonel By,4473,4412,Hogs Back Plaza (SW dest.),5312
P7,Bronson Ave & University Dr,6158,6097,Brewer Park,6238
P7,Bronson Ave & University Dr,5088,5027,Brewer Park,5260
P7,Colonel By,5277,5216,Hogs Back Plaza (SW dest.),5905
P7,Colonel By,5421,5360,Hogs Back Plaza (SW dest.),6034
P6,Colonel By,3296,3235,Hogs Back Plaza (SW dest.),4393
P6,Colonel By,3218,3157,Hogs Back Plaza (SW dest.),4309
P2,Colonel By,550,489,Hogs Back Plaza (SW dest.),911
P6,Colonel By,780,719,Hogs Back Plaza (SW dest.),1267
P4,Stadium Way,4115,4054,Brewer Park,4220
P5,Stadium Way,2434,2373,Brewer Park,2535
P7,Colonel By,4855,4794,Hogs Back Plaza (SW dest.),5617
P7,Bronson Ave & University Dr,4711,4650,Brewer Park,4989
P5,Stadium Way,1466,1405,Brewer Park,1561
P7,Bronson Ave & University Dr,5247,5186,Brewer Park,5344
P6,Colonel By,2556,2495,Hogs Back Plaza (SW dest.),3650
P7,Colonel By,6829,6768,Hogs Back Plaza (SW dest.),6997
P4,Stadium Way,3248,3187,Brewer Park,3365
P5,Stadium Way,2126,2065,Brewer Park,2240
P5,Stadium Way,2968,2907,Brewer Park,3082
P3,Stadium Way,3334,3273,Brewer Park,3442
P5,Stadium Way,1405,1344,Brewer Park,1503
P6,Colonel By,1059,998,Hogs Back Plaza (SW dest.),1723
P7,Bronson Ave & University Dr,4470,4409,Brewer Park,4834
P7,Colonel By,4433,4372,Hogs Back Plaza (SW dest.),5279
P4,Stadium Way,4040,3979,Brewer Park,4144
P6,Colonel By,1800,1739,Hogs Back Plaza (SW dest.),2902
P5,Stadium Way,1937,1876,Brewer Park,2051
P5,Stadium Way,1329,1268,Brewer Park,1440
P6,Colonel By,1863,1802,Hogs Back Plaza (SW dest.),2972
P4,Stadium Way,4292,4231,Brewer Park,4404
P2,Colonel By,630,569,Hogs Back Plaza (SW dest.),1045
P5,Stadium Way,162,101,Brewer Park,191
P5,Stadium Way,1524,1463,Brewer Park,1629
P7,Colonel By,690,629,Hogs Back Plaza (SW dest.),1137
P5,Stadium Way,1478,1417,Brewer Park,1573
P3,Stadium Way,3822,3761,Brewer Park,3930
P7,Colonel By,6865,6804,Hogs Back Plaza (SW dest.),7032
P3,Stadium Way,4020,3959,Brewer Park,4127
P6,Colonel By,927,866,Hogs Back Plaza (SW dest.),1501
P7,Bronson Ave & University Dr,5596,5535,Brewer Park,5677
P5,Stadium Way,2643,2582,Brewer Park,2753
P6,Colonel By,2870,2809,Hogs Back Plaza (SW dest.),3952
P7,Bronson Ave & University Dr,4343,4282,Brewer Park,4762
P3,Stadium Way,3543,3482,Brewer Park,3657
P6,Colonel By,2003,1942,Hogs Back Plaza (SW dest.),3103
P5,Stadium Way,901,840,Brewer Park,1008
P6,Colonel By,3871,3810,Hogs Back Plaza (SW dest.),4933
P6,Colonel By,2961,2900,Hogs Back Plaza (SW dest.),4046
P7,Colonel By,5451,5390,Hogs Back Plaza (SW dest.),6048
P3,Stadium Way,3712,3651,Brewer Park,3830
P6,Colonel By,2623,2562,Hogs Back Plaza (SW dest.),3702
P6,Colonel By,2669,2608,Hogs Back Plaza (SW dest.),3744
P6,Colonel By,843,782,Hogs Back Plaza (SW dest.),1376
P7,Bronson Ave & University Dr,6872,6811,Hogs Back Plaza (SW dest.),7365
P3,Stadium Way,3194,3133,Brewer Park,3304
P6,Colonel By,3308,3247,Hogs Back Plaza (SW dest.),4406
P6,Colonel By,1692,1631,Hogs Back Plaza (SW dest.),2748
P5,Stadium Way,651,590,Brewer Park,758
P6,Colonel By,1379,1318,Hogs Back Plaza (SW dest.),2239
P3,Stadium Way,3775,3714,Brewer Park,3883
P7,Bronson Ave & University Dr,4548,4487,Brewer Park,4874
P7,Colonel By,4089,4028,Hogs Back Plaza (SW dest.),5163
P6,Colonel By,2609,2548,Hogs Back Plaza (SW dest.),3685
P7,Colonel By,6943,6882,Hogs Back Plaza (SW dest.),7110
P4,Stadium Way,4126,4065,Brewer Park,4228
P5,Stadium Way,238,177,Brewer Park,293
P7,Bronson Ave & University Dr,5940,5879,Brewer Park,6030
P6,Colonel By,2533,2472,Hogs Back Plaza (SW dest.),3621
P7,Colonel By,6577,6516,Hogs Back Plaza (SW dest.),6812
P6,Colonel By,1703,1642,Hogs Back Plaza (SW dest.),2769
P6,Colonel By,3791,3730,Hogs Back Plaza (SW dest.),4869
P7,Colonel By,4129,4068,Hogs Back Plaza (SW dest.),5210
P6,Colonel By,2965,2904,Hogs Back Plaza (SW dest.),4054
P5,Stadium Way,1516,1455,Brewer Park,1618
P5,Stadium Way,1732,1671,Brewer Park,1836
P7,Colonel By,4096,4035,Hogs Back Plaza (SW dest.),5171
P2,Colonel By,670,609,Hogs Back Plaza (SW dest.),1097
P5,Stadium Way,2374,2313,Brewer Park,2476
P7,Bronson Ave & University Dr,6757,6696,Hogs Back Plaza (SW dest.),7218
P4,Stadium Way,4069,4008,Brewer Park,4173
P6,Colonel By,2218,2157,Hogs Back Plaza (SW dest.),3290
P5,Stadium Way,1035,974,Brewer Park,1145
P5,Stadium Way,556,495,Brewer Park,666
P6,Colonel By,2780,2719,Hogs Back Plaza (SW dest.),3877
P6,Colonel By,3080,3019,Hogs Back Plaza (SW dest.),4141
P7,Bronson Ave & University Dr,4730,4669,Brewer Park,4997
P6,Colonel By,774,713,Hogs Back Plaza (SW dest.),1263
P7,Colonel By,6269,6208,Hogs Back Plaza (SW dest.),6600
P3,Stadium Way,3757,3696,Brewer Park,3866
P5,Stadium Way,1245,1184,Brewer Park,1350
P5,Stadium Way,134,73,Brewer Park,156
P5,Stadium Way,1223,1162,Brewer Park,1334
P1,Colonel By,294,233,Hogs Back Plaza (SW dest.),505
P4,Stadium Way,3151,3090,Brewer Park,3269
P6,Colonel By,1070,1009,Hogs Back Plaza (SW dest.),1745
P6,Colonel By,987,926,Hogs Back Plaza (SW dest.),1594
P7,Colonel By,7447,7386,Hogs Back Plaza (SW dest.),7639
P7,Colonel By,6257,6196,Hogs Back Plaza (SW dest.),6592
P3,Stadium Way,3642,3581,Brewer Park,3756
P6,Colonel By,3549,3488,Hogs Back Plaza (SW dest.),4630
P6,Colonel By,2684,2623,Hogs Back Plaza (SW dest.),3762
P5,Stadium Way,827,766,Brewer Park,938
P7,Colonel By,6812,6751,Hogs Back Plaza (SW dest.),6979
P5,Stadium Way,2575,2514,Brewer Park,2687
P7,Colonel By,4649,4588,Hogs Back Plaza (SW dest.),5465
P3,Stadium Way,3843,3782,Brewer Park,3948
P7,Colonel By,6204,6143,Hogs Back Plaza (SW dest.),6544
P7,Colonel By,7390,7329,Hogs Back Plaza (SW dest.),7561
P6,Colonel By,1329,1268,Hogs Back Plaza (SW dest.),2170
P7,Colonel By,5704,5643,Hogs Back Plaza (SW dest.),6195
P7,Colonel By,4654,4593,Hogs Back Plaza (SW dest.),5469
P1,Colonel By,262,201,Hogs Back Plaza (SW dest.),468
P7,Bronson Ave & University Dr,6920,6859,Brewer Park,7008
P3,Stadium Way,3742,3681,Brewer Park,3850
P5,Stadium Way,3104,3043,Brewer Park,3213
P6,Colonel By,2318,2257,Hogs Back Plaza (SW dest.),3417
P7,Bronson Ave & University Dr,6475,6414,Brewer Park,6556
P7,Bronson Ave & University Dr,6063,6002,Brewer Park,6140
P6,Colonel By,1250,1189,Hogs Back Plaza (SW dest.),2035
P6,Colonel By,1375,1314,Hogs Back Plaza (SW dest.),2226
P7,Colonel By,6806,6745,Hogs Back Plaza (SW dest.),6973
P5,Stadium Way,2640,2579,Brewer Park,2749
P6,Colonel By,2019,1958,Hogs Back Plaza (SW dest.),3121
P2,Colonel By,495,434,Hogs Back Plaza (SW dest.),790
P7,Bronson Ave & University Dr,1580,1519,Brewer Park,4540
P6,Colonel By,1166,1105,Hogs Back Plaza (SW dest.),1905
P5,Stadium Way,2881,2820,Brewer Park,2989
P5,Stadium Way,2079,2018,Brewer Park,2192
P7,Colonel By,5325,5264,Hogs Back Plaza (SW dest.),5949
P5,Stadium Way,420,359,Brewer Park,531
P6,Colonel By,2599,2538,Hogs Back Plaza (SW dest.),3676
P7,Colonel By,6908,6847,Hogs Back Plaza (SW dest.),7074
P5,Stadium Way,3033,2972,Brewer Park,3148
P5,Stadium Way,1508,1447,Brewer Park,1614
P7,Bronson Ave & University Dr,6671,6610,Brewer Park,6765
P6,Colonel By,3295,3234,Hogs Back Plaza (SW dest.),4389
P7,Bronson Ave & University Dr,5468,5407,Brewer Park,5552
P5,Stadium Way,3051,2990,Brewer Park,3161
P6,Colonel By,718,657,Hogs Back Plaza (SW dest.),1181
P5,Stadium Way,604,543,Brewer Park,709
P5,Stadium Way,137,76,Brewer Park,161
P7,Bronson Ave & University Dr,6150,6089,Brewer Park,6226
P6,Colonel By,1522,1461,Hogs Back Plaza (SW dest.),2475
P7,Colonel By,4935,4874,Hogs Back Plaza (SW dest.),5664
P7,Bronson Ave & University Dr,6614,6553,Brewer Park,6711
P6,Colonel By,2067,2006,Hogs Back Plaza (SW dest.),3164
P1,Colonel By,204,143,Hogs Back Plaza (SW dest.),399
P3,Stadium Way,3668,3607,Brewer Park,3778
P6,Colonel By,2393,2332,Hogs Back Plaza (SW dest.),3493
P6,Colonel By,1187,1126,Hogs Back Plaza (SW dest.),1935
P6,Colonel By,2986,2925,Hogs Back Plaza (SW dest.),4078
P5,Stadium Way,2553,2492,Brewer Park,2666
P5,Stadium Way,2041,1980,Brewer Park,2154
P6,Colonel By,2374,2313,Hogs Back Plaza (SW dest.),3458
P7,Bronson Ave & University Dr,6946,6885,Hogs Back Plaza (SW dest.),7433
P6,Colonel By,1698,1637,Hogs Back Plaza (SW dest.),2761
P7,Bronson Ave & University Dr,6796,6735,Hogs Back Plaza (SW dest.),7276
P5,Stadium Way,2100,2039,Brewer Park,2213
P5,Stadium Way,2856,2795,Brewer Park,2966
P6,Colonel By,875,814,Hogs Back Plaza (SW dest.),1423
P6,Colonel By,1365,1304,Hogs Back Plaza (SW dest.),2213
P7,Colonel By,4786,4725,Hogs Back Plaza (SW dest.),5565
P7,Bronson Ave & University Dr,6647,6586,Brewer Park,6921
P7,Colonel By,1038,977,Hogs Back Plaza (SW dest.),1684
P5,Stadium Way,558,497,Brewer Park,670
P7,Colonel By,6275,6214,Hogs Back Plaza (SW dest.),6605
P7,Colonel By,5626,5565,Hogs Back Plaza (SW dest.),6147
P6,Colonel By,2427,2366,Hogs Back Plaza (SW dest.),3534
P7,Bronson Ave & University Dr,5452,5391,Brewer Park,5717
P4,Stadium Way,4097,4036,Brewer Park,4202
P7,Bronson Ave & University Dr,7017,6956,Brewer Park,7281
P3,Stadium Way,3266,3205,Brewer Park,3381
P6,Colonel By,1970,1909,Hogs Back Plaza (SW dest.),3060
P5,Stadium Way,1588,1527,Brewer Park,1696
P6,Colonel By,1498,1437,Hogs Back Plaza (SW dest.),2436
P7,Colonel By,5150,5089,Hogs Back Plaza (SW dest.),5811
P5,Stadium Way,1381,1320,Brewer Park,1490
P7,Colonel By,730,669,Hogs Back Plaza (SW dest.),1190
P6,Colonel By,735,674,Hogs Back Plaza (SW dest.),1203
P5,Stadium Way,1417,1356,Brewer Park,1515
P6,Colonel By,1139,1078,Hogs Back Plaza (SW dest.),1862
P7,Colonel By,5569,5508,Hogs Back Plaza (SW dest.),6112
P6,Colonel By,3627,3566,Hogs Back Plaza (SW dest.),4690
P7,Bronson Ave & University Dr,4641,4580,Brewer Park,4940
P7,Bronson Ave & University Dr,5556,5495,Hogs Back Plaza (SW dest.),6311
P5,Stadium Way,275,214,Brewer Park,339
P7,Colonel By,5379,5318,Hogs Back Plaza (SW dest.),5998
P5,Stadium Way,1526,1465,Brewer Park,1634
P6,Colonel By,2070,2009,Hogs Back Plaza (SW dest.),3168
P7,Bronson Ave & University Dr,6618,6557,Brewer Park,6715
P7,Bronson Ave & University Dr,5622,5561,Hogs Back Plaza (SW dest.),6357
P7,Bronson Ave & University Dr,6696,6635,Brewer Park,6948
P5,Stadium Way,1041,980,Brewer Park,1154
P6,Colonel By,2436,2375,Hogs Back Plaza (SW dest.),3547
P5,Stadium Way,1656,1595,Brewer Park,1769
P7,Colonel By,6582,6521,Hogs Back Plaza (SW dest.),6816
P6,Colonel By,1985,1924,Hogs Back Plaza (SW dest.),3077
P6,Colonel By,3179,3118,Hogs Back Plaza (SW dest.),4262
P6,Colonel By,2162,2101,Hogs Back Plaza (SW dest.),3229
P3,Stadium Way,3508,3447,Brewer Park,3619
P5,Stadium Way,190,129,Brewer Park,229
P7,Bronson Ave & University Dr,5606,5545,Brewer Park,5858
P5,Stadium Way,2305,2244,Brewer Park,2414
P7,Colonel By,3229,3168,Hogs Back Plaza (SW dest.),4325
P6,Colonel By,3787,3726,Hogs Back Plaza (SW dest.),4860
P6,Colonel By,2115,2054,Hogs Back Plaza (SW dest.),3212
P5,Stadium Way,1268,1207,Brewer Park,1376
P6,Colonel By,2540,2479,Hogs Back Plaza (SW dest.),3634
P7,Bronson Ave & University Dr,5668,5607,Brewer Park,5935
P5,Stadium Way,2614,2553,Brewer Park,2723
P6,Colonel By,802,741,Hogs Back Plaza (SW dest.),1305
P7,Colonel By,6613,6552,Hogs Back Plaza (SW dest.),6850
P7,Bronson Ave & University Dr,5664,5603,Brewer Park,5754
P1,Colonel By,438,377,Hogs Back Plaza (SW dest.),665
P6,Colonel By,1085,1024,Hogs Back Plaza (SW dest.),1771
P7,Colonel By,6696,6635,Hogs Back Plaza (SW dest.),6889
P7,Colonel By,6554,6493,Hogs Back Plaza (SW dest.),6794
P7,Colonel By,4972,4911,Hogs Back Plaza (SW dest.),5690
P7,Bronson Ave & University Dr,6014,5953,Brewer Park,6095
P6,Colonel By,1257,1196,Hogs Back Plaza (SW dest.),2052
P2,Colonel By,532,471,Hogs Back Plaza (SW dest.),860
P7,Colonel By,5622,5561,Hogs Back Plaza (SW dest.),6143
P3,Stadium Way,3205,3144,Brewer Park,3321
P6,Colonel By,773,712,Hogs Back Plaza (SW dest.),1259
P6,Colonel By,3722,3661,Hogs Back Plaza (SW dest.),4785
P6,Colonel By,2651,2590,Hogs Back Plaza (SW dest.),3720
P7,Colonel By,5207,5146,Hogs Back Plaza (SW dest.),5853
P4,Stadium Way,4042,3981,Brewer Park,4148
P1,Colonel By,265,204,Hogs Back Plaza (SW dest.),472
P7,Colonel By,5171,5110,Hogs Back Plaza (SW dest.),5827
P6,Colonel By,2953,2892,Hogs Back Plaza (SW dest.),4037
P2,Colonel By,468,407,Hogs Back Plaza (SW dest.),778
P7,Bronson Ave & University Dr,6245,6184,Brewer Park,6326
P6,Colonel By,3632,3571,Hogs Back Plaza (SW dest.),4694
P6,Colonel By,3680,3619,Hogs Back Plaza (SW dest.),4740
P7,Colonel By,5211,5150,Hogs Back Plaza (SW dest.),5857
P6,Colonel By,1836,1775,Hogs Back Plaza (SW dest.),2938
P6,Colonel By,880,819,Hogs Back Plaza (SW dest.),1432
P7,Bronson Ave & University Dr,5720,5659,Hogs Back Plaza (SW dest.),6425
P7,Colonel By,4449,4388,Hogs Back Plaza (SW dest.),5295
P6,Colonel By,1430,1369,Hogs Back Plaza (SW dest.),2329
P7,Bronson Ave & University Dr,6742,6681,Hogs Back Plaza (SW dest.),7202
P6,Colonel By,1286,1225,Hogs Back Plaza (SW dest.),2095
P6,Colonel By,1997,1936,Hogs Back Plaza (SW dest.),3093
P7,Bronson Ave & University Dr,4460,4399,Brewer Park,4825
P5,Stadium Way,629,568,Brewer Park,741
P6,Colonel By,1401,1340,Hogs Back Plaza (SW dest.),2277
P7,Bronson Ave & University Dr,6864,6803,Hogs Back Plaza (SW dest.),7350
P5,Stadium Way,2933,2872,Brewer Park,3044
P7,Bronson Ave & University Dr,6554,6493,Brewer Park,6648
P7,Colonel By,4626,4565,Hogs Back Plaza (SW dest.),5442
P7,Bronson Ave & University Dr,6284,6223,Brewer Park,6375
P2,Colonel By,508,447,Hogs Back Plaza (SW dest.),811
P3,Stadium Way,3456,3395,Brewer Park,3563
P6,Colonel By,1727,1666,Hogs Back Plaza (SW dest.),2804
P3,Stadium Way,3448,3387,Brewer Park,3555
P5,Stadium Way,2115,2054,Brewer Park,2231
P7,Bronson Ave & University Dr,5278,5217,Brewer Park,5360
P2,Colonel By,548,487,Hogs Back Plaza (SW dest.),907
P7,Bronson Ave & University Dr,6292,6231,Brewer Park,6382
P5,Stadium Way,2051,1990,Brewer Park,2168
P5,Stadium Way,267,206,Brewer Park,326
P7,Colonel By,4060,3999,Hogs Back Plaza (SW dest.),5132
P6,Colonel By,1751,1690,Hogs Back Plaza (SW dest.),2836
P6,Colonel By,905,844,Hogs Back Plaza (SW dest.),1471
P7,Bronson Ave & University Dr,7000,6939,Brewer Park,7271
P6,Colonel By,3091,3030,Hogs Back Plaza (SW dest.),4162
P3,Stadium Way,3861,3800,Brewer Park,3970
P7,Bronson Ave & University Dr,7013,6952,Hogs Back Plaza (SW dest.),7509
P4,Stadium Way,4105,4044,Brewer Park,4206
P7,Bronson Ave & University Dr,4328,4267,Brewer Park,4757
P5,Stadium Way,1585,1524,Brewer Park,1692
P6,Colonel By,1559,1498,Hogs Back Plaza (SW dest.),2539
P7,Bronson Ave & University Dr,6041,5980,Brewer Park,6122
P6,Colonel By,848,787,Hogs Back Plaza (SW dest.),1379
P6,Colonel By,3597,3536,Hogs Back Plaza (SW dest.),4667
P3,Stadium Way,3536,3475,Brewer Park,3649
P6,Colonel By,3982,3921,Hogs Back Plaza (SW dest.),5046
P6,Colonel By,3045,2984,Hogs Back Plaza (SW dest.),4108
P7,Colonel By,5162,5101,Hogs Back Plaza (SW dest.),5818
P5,Stadium Way,1084,1023,Brewer Park,1190
P5,Stadium Way,948,887,Brewer Park,1063
P7,Bronson Ave & University Dr,5692,5631,Hogs Back Plaza (SW dest.),6412
P5,Stadium Way,749,688,Brewer Park,862
P5,Stadium Way,838,777,Brewer Park,947
P6,Colonel By,940,879,Hogs Back Plaza (SW dest.),1521
P6,Colonel By,1796,1735,Hogs Back Plaza (SW dest.),2893
P2,Colonel By,535,474,Hogs Back Plaza (SW dest.),868
P7,Bronson Ave & University Dr,5631,5570,Brewer Park,5711
P5,Stadium Way,715,654,Brewer Park,818
P7,Bronson Ave & University Dr,6939,6878,Brewer Park,7209
P6,Colonel By,1921,1860,Hogs Back Plaza (SW dest.),3018
P7,Bronson Ave & University Dr,6519,6458,Brewer Park,6602
P7,Bronson Ave & University Dr,4630,4569,Brewer Park,4928
P7,Bronson Ave & University Dr,6548,6487,Brewer Park,6631
P7,Bronson Ave & University Dr,5410,5349,Brewer Park,5504
P7,Colonel By,5432,5371,Hogs Back Plaza (SW dest.),6038
P7,Colonel By,4069,4008,Hogs Back Plaza (SW dest.),5145
P5,Stadium Way,1710,1649,Brewer Park,1820
P5,Stadium Way,1097,1036,Brewer Park,1202
P7,Colonel By,4083,4022,Hogs Back Plaza (SW dest.),5158
P6,Colonel By,3294,3233,Hogs Back Plaza (SW dest.),4385
P7,Colonel By,5314,5253,Hogs Back Plaza (SW dest.),5939
P5,Stadium Way,1239,1178,Brewer Park,1346
P7,Bronson Ave & University Dr,4769,4708,Brewer Park,5028
P6,Colonel By,1325,1264,Hogs Back Plaza (SW dest.),2166
P5,Stadium Way,626,565,Brewer Park,733
P7,Bronson Ave & University Dr,6939,6878,Brewer Park,7025
P1,Colonel By,246,185,Hogs Back Plaza (SW dest.),447
P6,Colonel By,1018,957,Hogs Back Plaza (SW dest.),1650
P5,Stadium Way,2198,2137,Brewer Park,2311
P7,Bronson Ave & University Dr,4705,4644,Brewer Park,4984
P6,Colonel By,1262,1201,Hogs Back Plaza (SW dest.),2061
P5,Stadium Way,2156,2095,Brewer Park,2266
P6,Colonel By,3839,3778,Hogs Back Plaza (SW dest.),4906
P6,Colonel By,1635,1574,Hogs Back Plaza (SW dest.),2663
P7,Bronson Ave & University Dr,5435,5374,Brewer Park,5522
P6,Colonel By,3209,3148,Hogs Back Plaza (SW dest.),4301
P3,Stadium Way,3145,3084,Brewer Park,3261
P5,Stadium Way,1781,1720,Brewer Park,1894
P7,Bronson Ave & University Dr,5105,5044,Brewer Park,5272
P5,Stadium Way,2328,2267,Brewer Park,2439
P7,Colonel By,4403,4342,Hogs Back Plaza (SW dest.),5250
P6,Colonel By,2665,2604,Hogs Back Plaza (SW dest.),3736
P5,Stadium Way,1841,1780,Brewer Park,1952
P2,Colonel By,604,543,Hogs Back Plaza (SW dest.),1004
P3,Stadium Way,3385,3324,Brewer Park,3492
P7,Colonel By,4638,4577,Hogs Back Plaza (SW dest.),5455
P2,Colonel By,570,509,Hogs Back Plaza (SW dest.),943
P7,Bronson Ave & University Dr,7040,6979,Brewer Park,7114
P7,Colonel By,4952,4891,Hogs Back Plaza (SW dest.),5676
P5,Stadium Way,1368,1307,Brewer Park,1469
P5,Stadium Way,2665,2604,Brewer Park,2771
P6,Colonel By,1199,1138,Hogs Back Plaza (SW dest.),1957
P7,Bronson Ave & University Dr,5966,5905,Brewer Park,6052
P6,Colonel By,2886,2825,Hogs Back Plaza (SW dest.),3969
P6,Colonel By,2224,2163,Hogs Back Plaza (SW dest.),3295
P5,Stadium Way,1966,1905,Brewer Park,2080
P7,Bronson Ave & University Dr,5332,5271,Brewer Park,5416
P6,Colonel By,1279,1218,Hogs Back Plaza (SW dest.),2086
P7,Colonel By,6442,6381,Hogs Back Plaza (SW dest.),6712
P4,Stadium Way,4221,4160,Brewer Park,4330
P7,Colonel By,4864,4803,Hogs Back Plaza (SW dest.),5624
P7,Bronson Ave & University Dr,4294,4233,Brewer Park,4731
P7,Bronson Ave & University Dr,5869,5808,Brewer Park,5948
P4,Stadium Way,4045,3984,Brewer Park,4152
P6,Colonel By,1506,1445,Hogs Back Plaza (SW dest.),2448
P3,Stadium Way,3203,3142,Brewer Park,3317
P6,Colonel By,1397,1336,Hogs Back Plaza (SW dest.),2268
P7,Bronson Ave & University Dr,5625,5564,Hogs Back Plaza (SW dest.),6363
P6,Colonel By,1775,1714,Hogs Back Plaza (SW dest.),2866
P7,Bronson Ave & University Dr,6036,5975,Brewer Park,6117
P7,Bronson Ave & University Dr,6798,6737,Hogs Back Plaza (SW dest.),7280
P7,Bronson Ave & University Dr,184,123,Brewer Park,4478
P6,Colonel By,3256,3195,Hogs Back Plaza (SW dest.),4352
P6,Colonel By,3147,3086,Hogs Back Plaza (SW dest.),4233
P5,Stadium Way,2851,2790,Brewer Park,2961
P1,Colonel By,178,117,Hogs Back Plaza (SW dest.),368
P7,Bronson Ave & University Dr,6004,5943,Brewer Park,6085
P3,Stadium Way,3852,3791,Brewer Park,3956
P7,Bronson Ave & University Dr,5241,5180,Brewer Park,5340
P3,Stadium Way,3506,3445,Brewer Park,3615
P3,Stadium Way,3436,3375,Brewer Park,3547
P5,Stadium Way,2031,1970,Brewer Park,2141
P5,Stadium Way,412,351,Brewer Park,523
P6,Colonel By,1239,1178,Hogs Back Plaza (SW dest.),2019
P7,Bronson Ave & University Dr,6789,6728,Brewer Park,6868
P7,Bronson Ave & University Dr,6466,6405,Brewer Park,6540
P5,Stadium Way,1974,1913,Brewer Park,2089
P7,Bronson Ave & University Dr,5949,5888,Brewer Park,6039
P7,Bronson Ave & University Dr,6786,6725,Hogs Back Plaza (SW dest.),7267
P5,Stadium Way,2981,2920,Brewer Park,3095
P7,Colonel By,6878,6817,Hogs Back Plaza (SW dest.),7049
P7,Bronson Ave & University Dr,5568,5507,Hogs Back Plaza (SW dest.),6319
P6,Colonel By,728,667,Hogs Back Plaza (SW dest.),1185
P5,Stadium Way,2528,2467,Brewer Park,2641
P5,Stadium Way,2830,2769,Brewer Park,2944
P5,Stadium Way,989,928,Brewer Park,1096
P2,Colonel By,589,528,Hogs Back Plaza (SW dest.),983
P2,Colonel By,600,539,Hogs Back Plaza (SW dest.),997
P7,Bronson Ave & University Dr,7336,7275,Brewer Park,7413
P5,Stadium Way,581,520,Brewer Park,687
P5,Stadium Way,1658,1597,Brewer Park,1773
P7,Colonel By,759,698,Hogs Back Plaza (SW dest.),1243
P4,Stadium Way,3197,3136,Brewer Park,3308
P7,Colonel By,6535,6474,Hogs Back Plaza (SW dest.),6776
P6,Colonel By,1114,1053,Hogs Back Plaza (SW dest.),1810
P7,Colonel By,6520,6459,Hogs Back Plaza (SW dest.),6763
P6,Colonel By,1816,1755,Hogs Back Plaza (SW dest.),2930
P5,Stadium Way,1748,1687,Brewer Park,1857
P5,Stadium Way,2478,2417,Brewer Park,2586
P3,Stadium Way,3914,3853,Brewer Park,4019
P5,Stadium Way,921,860,Brewer Park,1030
P5,Stadium Way,1552,1491,Brewer Park,1661
P7,Bronson Ave & University Dr,6608,6547,Brewer Park,6707
P7,Bronson Ave & University Dr,5929,5868,Brewer Park,6017
P7,Colonel By,6883,6822,Hogs Back Plaza (SW dest.),7055
P6,Colonel By,2020,1959,Hogs Back Plaza (SW dest.),3125
P5,Stadium Way,1534,1473,Brewer Park,1644
P6,Colonel By,1661,1600,Hogs Back Plaza (SW dest.),2707
P7,Bronson Ave & University Dr,6316,6255,Brewer Park,6396
P7,Bronson Ave & University Dr,5073,5012,Brewer Park,5252
P3,Stadium Way,3803,3742,Brewer Park,3913
P5,Stadium Way,1876,1815,Brewer Park,1981
P4,Stadium Way,3312,3251,Brewer Park,3420
P7,Bronson Ave & University Dr,6726,6665,Brewer Park,6977
P7,Colonel By,4090,4029,Hogs Back Plaza (SW dest.),5167
P5,Stadium Way,2014,1953,Brewer Park,2125
P6,Colonel By,1204,1143,Hogs Back Plaza (SW dest.),1966
P5,Stadium Way,543,482,Brewer Park,657
P6,Colonel By,1566,1505,Hogs Back Plaza (SW dest.),2552
P6,Colonel By,3517,3456,Hogs Back Plaza (SW dest.),4604
P4,Stadium Way,4227,4166,Brewer Park,4339
P3,Stadium Way,3376,3315,Brewer Park,3484
P7,Bronson Ave & University Dr,6910,6849,Brewer Park,7180
P7,Bronson Ave & University Dr,4941,4880,Brewer Park,5165
P6,Colonel By,1404,1343,Hogs Back Plaza (SW dest.),2282
P6,Colonel By,1847,1786,Hogs Back Plaza (SW dest.),2947
P6,Colonel By,3503,3442,Hogs Back Plaza (SW dest.),4585
P6,Colonel By,2698,2637,Hogs Back Plaza (SW dest.),3784
P5,Stadium Way,2247,2186,Brewer Park,2357
P7,Bronson Ave & University Dr,6212,6151,Brewer Park,6296
P7,Bronson Ave & University Dr,4253,4192,Brewer Park,4691
P7,Colonel By,4099,4038,Hogs Back Plaza (SW dest.),5176
P4,Stadium Way,4065,4004,Brewer Park,4169
P5,Stadium Way,2959,2898,Brewer Park,3074
P5,Stadium Way,710,649,Brewer Park,814
P1,Colonel By,140,79,Hogs Back Plaza (SW dest.),322
P7,Colonel By,4714,4653,Hogs Back Plaza (SW dest.),5514
P5,Stadium Way,627,566,Brewer Park,737
P6,Colonel By,2600,2539,Hogs Back Plaza (SW dest.),3680
P6,Colonel By,1159,1098,Hogs Back Plaza (SW dest.),1888
P6,Colonel By,2267,2206,Hogs Back Plaza (SW dest.),3366
P3,Stadium Way,3416,3355,Brewer Park,3525
P6,Colonel By,3652,3591,Hogs Back Plaza (SW dest.),4702
P7,Colonel By,6446,6385,Hogs Back Plaza (SW dest.),6716
P6,Colonel By,1019,958,Hogs Back Plaza (SW dest.),1654
P6,Colonel By,3198,3137,Hogs Back Plaza (SW dest.),4289
P6,Colonel By,2828,2767,Hogs Back Plaza (SW dest.),3922
P6,Colonel By,3286,3225,Hogs Back Plaza (SW dest.),4372
P7,Bronson Ave & University Dr,4515,4454,Brewer Park,4848
P5,Stadium Way,1666,1605,Brewer Park,1782
P7,Colonel By,4662,4601,Hogs Back Plaza (SW dest.),5478
P7,Bronson Ave & University Dr,5559,5498,Brewer Park,5825
P6,Colonel By,2404,2343,Hogs Back Plaza (SW dest.),3510
P4,Stadium Way,4107,4046,Brewer Park,4210
P5,Stadium Way,2719,2658,Brewer Park,2826
P6,Colonel By,824,763,Hogs Back Plaza (SW dest.),1344
P7,Bronson Ave & University Dr,5686,5625,Brewer Park,5953
P7,Bronson Ave & University Dr,5315,5254,Brewer Park,5401
P7,Bronson Ave & University Dr,6164,6103,Brewer Park,6243
P5,Stadium Way,2819,2758,Brewer Park,2926
P5,Stadium Way,1123,1062,Brewer Park,1233
P6,Colonel By,2247,2186,Hogs Back Plaza (SW dest.),3331
P6,Colonel By,1545,1484,Hogs Back Plaza (SW dest.),2518
P7,Bronson Ave & University Dr,6339,6278,Brewer Park,6420
P6,Colonel By,2745,2684,Hogs Back Plaza (SW dest.),3834
P7,Colonel By,4417,4356,Hogs Back Plaza (SW dest.),5263
P6,Colonel By,841,780,Hogs Back Plaza (SW dest.),1372
P7,Bronson Ave & University Dr,6819,6758,Brewer Park,7077
P3,Stadium Way,3579,3518,Brewer Park,3696
P5,Stadium Way,676,615,Brewer Park,784
P7,Colonel By,6118,6057,Hogs Back Plaza (SW dest.),6480
P6,Colonel By,2149,2088,Hogs Back Plaza (SW dest.),3216
P7,Bronson Ave & University Dr,5620,5559,Brewer Park,5881
P7,Colonel By,4607,4546,Hogs Back Plaza (SW dest.),5425
P7,Bronson Ave & University Dr,5706,5645,Brewer Park,5975
P7,Bronson Ave & University Dr,5545,5484,Brewer Park,5631
P5,Stadium Way,717,656,Brewer Park,823
P6,Colonel By,3932,3871,Hogs Back Plaza (SW dest.),4991
P6,Colonel By,3496,3435,Hogs Back Plaza (SW dest.),4571
P7,Bronson Ave & University Dr,6985,6924,Brewer Park,7257
P5,Stadium Way,2942,2881,Brewer Park,3056
P6,Colonel By,2322,2261,Hogs Back Plaza (SW dest.),3421
P6,Colonel By,2270,2209,Hogs Back Plaza (SW dest.),3374
P5,Stadium Way,358,297,Brewer Park,461
P6,Colonel By,2895,2834,Hogs Back Plaza (SW dest.),3978
P7,Colonel By,5008,4947,Hogs Back Plaza (SW dest.),5713
P5,Stadium Way,1802,1741,Brewer Park,1906
P6,Colonel By,1306,1245,Hogs Back Plaza (SW dest.),2131
P7,Colonel By,6496,6435,Hogs Back Plaza (SW dest.),6751
P6,Colonel By,2105,2044,Hogs Back Plaza (SW dest.),3194
P5,Stadium Way,1051,990,Brewer Park,1158
P7,Bronson Ave & University Dr,6752,6691,Brewer Park,7017
P7,Bronson Ave & University Dr,6720,6659,Brewer Park,6969
P7,Colonel By,6726,6665,Hogs Back Plaza (SW dest.),6901
P6,Colonel By,3050,2989,Hogs Back Plaza (SW dest.),4117
P5,Stadium Way,1848,1787,Brewer Park,1960
P5,Stadium Way,204,143,Brewer Park,245
P6,Colonel By,3490,3429,Hogs Back Plaza (SW dest.),4560
P6,Colonel By,1849,1788,Hogs Back Plaza (SW dest.),2955
P7,Bronson Ave & University Dr,6778,6717,Hogs Back Plaza (SW dest.),7259
P7,Colonel By,4121,4060,Hogs Back Plaza (SW dest.),5202
P7,Colonel By,6352,6291,Hogs Back Plaza (SW dest.),6654
P5,Stadium Way,591,530,Brewer Park,700
P7,Colonel By,4054,3993,Hogs Back Plaza (SW dest.),5119
P7,Colonel By,6347,6286,Hogs Back Plaza (SW dest.),6649
P5,Stadium Way,524,463,Brewer Park,635
P6,Colonel By,2933,2872,Hogs Back Plaza (SW dest.),4011
P6,Colonel By,3869,3808,Hogs Back Plaza (SW dest.),4928
P2,Colonel By,562,501,Hogs Back Plaza (SW dest.),934
P7,Bronson Ave & University Dr,4566,4505,Brewer Park,4892
P2,Colonel By,654,593,Hogs Back Plaza (SW dest.),1076
P7,Bronson Ave & University Dr,4621,4560,Brewer Park,4923
P6,Colonel By,3157,3096,Hogs Back Plaza (SW dest.),4245
P2,Colonel By,170,109,Hogs Back Plaza (SW dest.),721
P6,Colonel By,2823,2762,Hogs Back Plaza (SW dest.),3914
P6,Colonel By,3040,2979,Hogs Back Plaza (SW dest.),4099
P5,Stadium Way,2053,1992,Brewer Park,2172
P5,Stadium Way,2634,2573,Brewer Park,2745
P7,Bronson Ave & University Dr,4775,4714,Brewer Park,5037
P5,Stadium Way,606,545,Brewer Park,713
P5,Stadium Way,1021,960,Brewer Park,1128
P5,Stadium Way,231,170,Brewer Park,284
P5,Stadium Way,1121,1060,Brewer Park,1229
P3,Stadium Way,3359,3298,Brewer Park,3471
P5,Stadium Way,2863,2802,Brewer Park,2970
P7,Bronson Ave & University Dr,5507,5446,Brewer Park,5588
P1,Colonel By,343,282,Hogs Back Plaza (SW dest.),560
P6,Colonel By,2777,2716,Hogs Back Plaza (SW dest.),3873
P6,Colonel By,707,646,Hogs Back Plaza (SW dest.),1166
P7,Colonel By,4517,4456,Hogs Back Plaza (SW dest.),5351
P5,Stadium Way,888,827,Brewer Park,990
P6,Colonel By,694,633,Hogs Back Plaza (SW dest.),1141
P7,Colonel By,1808,1747,Hogs Back Plaza (SW dest.),2914
P6,Colonel By,3663,3602,Hogs Back Plaza (SW dest.),4719
P7,Colonel By,4843,4782,Hogs Back Plaza (SW dest.),5608
P7,Bronson Ave & University Dr,5100,5039,Brewer Park,5268
P5,Stadium Way,1210,1149,Brewer Park,1322
P6,Colonel By,1501,1440,Hogs Back Plaza (SW dest.),2440
P2,Colonel By,197,136,Hogs Back Plaza (SW dest.),752
P7,Bronson Ave & University Dr,155,94,Brewer Park,4452
P5,Stadium Way,2185,2124,Brewer Park,2298
P7,Colonel By,5310,5249,Hogs Back Plaza (SW dest.),5935
P5,Stadium Way,2709,2648,Brewer Park,2813
P5,Stadium Way,430,369,Brewer Park,544
P7,Bronson Ave & University Dr,6125,6064,Brewer Park,6205
P6,Colonel By,3897,3836,Hogs Back Plaza (SW dest.),4954
P7,Bronson Ave & University Dr,4465,4404,Brewer Park,4829
P5,Stadium Way,1003,942,Brewer Park,1113
P7,Colonel By,5050,4989,Hogs Back Plaza (SW dest.),5744
P7,Bronson Ave & University Dr,4407,4346,Brewer Park,4795
P7,Bronson Ave & University Dr,5701,5640,Brewer Park,5970
P3,Stadium Way,3929,3868,Brewer Park,4037
P5,Stadium Way,1618,1557,Brewer Park,1732
P5,Stadium Way,1915,1854,Brewer Park,2024
P7,Bronson Ave & University Dr,5694,5633,Hogs Back Plaza (SW dest.),6417
P6,Colonel By,3857,3796,Hogs Back Plaza (SW dest.),4924
P3,Stadium Way,3607,3546,Brewer Park,3718
P1,Colonel By,469,408,Hogs Back Plaza (SW dest.),700
P6,Colonel By,3106,3045,Hogs Back Plaza (SW dest.),4175
P5,Stadium Way,3071,3010,Brewer Park,3181
P5,Stadium Way,2202,2141,Brewer Park,2320
P7,Colonel By,6388,6327,Hogs Back Plaza (SW dest.),6673
P1,Colonel By,122,61,Hogs Back Plaza (SW dest.),298
P6,Colonel By,1008,947,Hogs Back Plaza (SW dest.),1633
P7,Bronson Ave & University Dr,3352,3291,Brewer Park,4643
P6,Colonel By,793,732,Hogs Back Plaza (SW dest.),1289
P5,Stadium Way,2657,2596,Brewer Park,2762
P6,Colonel By,3366,3305,Hogs Back Plaza (SW dest.),4443
P6,Colonel By,2399,2338,Hogs Back Plaza (SW dest.),3501
P5,Stadium Way,389,328,Brewer Park,501
P6,Colonel By,3975,3914,Hogs Back Plaza (SW dest.),5041
P5,Stadium Way,2885,2824,Brewer Park,2997
P2,Colonel By,207,146,Hogs Back Plaza (SW dest.),765
P6,Colonel By,3407,3346,Hogs Back Plaza (SW dest.),4475
P7,Colonel By,5196,5135,Hogs Back Plaza (SW dest.),5845
P5,Stadium Way,124,63,Brewer Park,146
P6,Colonel By,1713,1652,Hogs Back Plaza (SW dest.),2783
P7,Bronson Ave & University Dr,7242,7181,Brewer Park,7317
P5,Stadium Way,778,717,Brewer Park,883
P5,Stadium Way,1825,1764,Brewer Park,1928
P6,Colonel By,3285,3224,Hogs Back Plaza (SW dest.),4368
P5,Stadium Way,2033,1972,Brewer Park,2145
P7,Bronson Ave & University Dr,4261,4200,Brewer Park,4708
P6,Colonel By,1809,1748,Hogs Back Plaza (SW dest.),2918
P7,Bronson Ave & University Dr,2615,2554,Brewer Park,4575
P7,Bronson Ave & University Dr,4257,4196,Brewer Park,4700
P5,Stadium Way,2071,2010,Brewer Park,2184
P7,Bronson Ave & University Dr,4797,4736,Brewer Park,5054
P6,Colonel By,703,642,Hogs Back Plaza (SW dest.),1158
P7,Bronson Ave & University Dr,6733,6672,Brewer Park,6986
P7,Bronson Ave & University Dr,5612,5551,Brewer Park,5876
P2,Colonel By,672,611,Hogs Back Plaza (SW dest.),1102
P7,Bronson Ave & University Dr,5447,5386,Brewer Park,5530
P7,Bronson Ave & University Dr,6803,6742,Brewer Park,6901
P7,Colonel By,5285,5224,Hogs Back Plaza (SW dest.),5913
P6,Colonel By,1481,1420,Hogs Back Plaza (SW dest.),2415
P7,Bronson Ave & University Dr,4634,4573,Brewer Park,4932
P7,Colonel By,7364,7303,Hogs Back Plaza (SW dest.),7531
P6,Colonel By,1446,1385,Hogs Back Plaza (SW dest.),2350
P6,Colonel By,1278,1217,Hogs Back Plaza (SW dest.),2082
P7,Colonel By,4817,4756,Hogs Back Plaza (SW dest.),5591
P6,Colonel By,1740,1679,Hogs Back Plaza (SW dest.),2827
P5,Stadium Way,311,250,Brewer Park,386
P6,Colonel By,1398,1337,Hogs Back Plaza (SW dest.),2272
P5,Stadium Way,3066,3005,Brewer Park,3173
P5,Stadium Way,2005,1944,Brewer Park,2112
P6,Colonel By,3098,3037,Hogs Back Plaza (SW dest.),4171
P7,Colonel By,6603,6542,Hogs Back Plaza (SW dest.),6837
P7,Colonel By,5369,5308,Hogs Back Plaza (SW dest.),5990
P5,Stadium Way,1117,1056,Brewer Park,1224
P3,Stadium Way,3793,3732,Brewer Park,3900
P7,Bronson Ave & University Dr,5538,5477,Hogs Back Plaza (SW dest.),6299
P7,Colonel By,5319,5258,Hogs Back Plaza (SW dest.),5944
P3,Stadium Way,3356,3295,Brewer Park,3467
P5,Stadium Way,245,184,Brewer Park,302
P6,Colonel By,3947,3886,Hogs Back Plaza (SW dest.),5014
P7,Colonel By,7203,7142,Hogs Back Plaza (SW dest.),7382
P6,Colonel By,924,863,Hogs Back Plaza (SW dest.),1493
P5,Stadium Way,330,269,Brewer Park,416
P7,Bronson Ave & University Dr,6542,6481,Brewer Park,6627
P7,Bronson Ave & University Dr,6412,6351,Brewer Park,6494
P6,Colonel By,1576,1515,Hogs Back Plaza (SW dest.),2570
P6,Colonel By,822,761,Hogs Back Plaza (SW dest.),1336
P6,Colonel By,3834,3773,Hogs Back Plaza (SW dest.),4896
P5,Stadium Way,852,791,Brewer Park,965
P7,Bronson Ave & University Dr,5537,5476,Brewer Park,5622
P5,Stadium Way,674,613,Brewer Park,779
P7,Bronson Ave & University Dr,5323,5262,Brewer Park,5408
P7,Bronson Ave & University Dr,5663,5602,Brewer Park,5930
P1,Colonel By,127,66,Hogs Back Plaza (SW dest.),304
P5,Stadium Way,3069,3008,Brewer Park,3177
P4,Stadium Way,4027,3966,Brewer Park,4141
P2,Colonel By,538,477,Hogs Back Plaza (SW dest.),877
P5,Stadium Way,687,626,Brewer Park,796
P6,Colonel By,1112,1051,Hogs Back Plaza (SW dest.),1806
P7,Bronson Ave & University Dr,6850,6789,Brewer Park,7101
P7,Colonel By,5699,5638,Hogs Back Plaza (SW dest.),6191
P1,Colonel By,181,120,Hogs Back Plaza (SW dest.),372
P7,Bronson Ave & University Dr,4250,4189,Brewer Park,4687
P6,Colonel By,2929,2868,Hogs Back Plaza (SW dest.),4007
P4,Stadium Way,3135,3074,Brewer Park,3243
P5,Stadium Way,3064,3003,Brewer Park,3169
P3,Stadium Way,3882,3821,Brewer Park,3988
P3,Stadium Way,3318,3257,Brewer Park,3430
P3,Stadium Way,3924,3863,Brewer Park,4032
P6,Colonel By,1764,1703,Hogs Back Plaza (SW dest.),2858
P7,Colonel By,4832,4771,Hogs Back Plaza (SW dest.),5600
P6,Colonel By,1778,1717,Hogs Back Plaza (SW dest.),2870
P7,Bronson Ave & University Dr,5620,5559,Brewer Park,5705
P5,Stadium Way,535,474,Brewer Park,649
P4,Stadium Way,491,430,Brewer Park,600
P6,Colonel By,1781,1720,Hogs Back Plaza (SW dest.),2875
P6,Colonel By,740,679,Hogs Back Plaza (SW dest.),1212
P6,Colonel By,2164,2103,Hogs Back Plaza (SW dest.),3234
P6,Colonel By,3654,3593,Hogs Back Plaza (SW dest.),4706
P6,Colonel By,1538,1477,Hogs Back Plaza (SW dest.),2509
P3,Stadium Way,3611,3550,Brewer Park,3722
P6,Colonel By,3139,3078,Hogs Back Plaza (SW dest.),4223
P7,Colonel By,5557,5496,Hogs Back Plaza (SW dest.),6103
P5,Stadium Way,343,282,Brewer Park,438
P7,Bronson Ave & University Dr,6860,6799,Hogs Back Plaza (SW dest.),7339
P6,Colonel By,2814,2753,Hogs Back Plaza (SW dest.),3897
P6,Colonel By,3215,3154,Hogs Back Plaza (SW dest.),4305
P7,Colonel By,6818,6757,Hogs Back Plaza (SW dest.),6985
P6,Colonel By,962,901,Hogs Back Plaza (SW dest.),1556
P1,Colonel By,200,139,Hogs Back Plaza (SW dest.),394
P5,Stadium Way,3092,3031,Brewer Park,3202
P7,Bronson Ave & University Dr,5591,5530,Brewer Park,5849
P2,Colonel By,166,105,Hogs Back Plaza (SW dest.),717
P6,Colonel By,1622,1561,Hogs Back Plaza (SW dest.),2638
P7,Colonel By,7108,7047,Hogs Back Plaza (SW dest.),7284
P6,Colonel By,1903,1842,Hogs Back Plaza (SW dest.),3006
P7,Bronson Ave & University Dr,6251,6190,Brewer Park,6330
P4,Stadium Way,4091,4030,Brewer Park,4198
P6,Colonel By,3818,3757,Hogs Back Plaza (SW dest.),4881
P5,Stadium Way,438,377,Brewer Park,556
P7,Colonel By,5156,5095,Hogs Back Plaza (SW dest.),5815
P7,Bronson Ave & University Dr,5341,5280,Brewer Park,5425
P7,Bronson Ave & University Dr,199,138,Brewer Park,4491
P6,Colonel By,1161,1100,Hogs Back Plaza (SW dest.),1892
P7,Bronson Ave & University Dr,6260,6199,Brewer Park,6342
P5,Stadium Way,1815,1754,Brewer Park,1920
P1,Colonel By,311,250,Hogs Back Plaza (SW dest.),526
P6,Colonel By,3687,3626,Hogs Back Plaza (SW dest.),4754
P2,Colonel By,623,562,Hogs Back Plaza (SW dest.),1033
P6,Colonel By,1210,1149,Hogs Back Plaza (SW dest.),1974
P6,Colonel By,1291,1230,Hogs Back Plaza (SW dest.),2108
P1,Colonel By,304,243,Hogs Back Plaza (SW dest.),517
P6,Colonel By,2470,2409,Hogs Back Plaza (SW dest.),3565
P6,Colonel By,2314,2253,Hogs Back Plaza (SW dest.),3413
P5,Stadium Way,978,917,Brewer Park,1084
P6,Colonel By,1510,1449,Hogs Back Plaza (SW dest.),2453
P5,Stadium Way,2900,2839,Brewer Park,3014
P6,Colonel By,2906,2845,Hogs Back Plaza (SW dest.),3982
P6,Colonel By,3145,3084,Hogs Back Plaza (SW dest.),4228
P7,Bronson Ave & University Dr,6676,6615,Brewer Park,6770
P3,Stadium Way,3786,3725,Brewer Park,3887
P6,Colonel By,2348,2287,Hogs Back Plaza (SW dest.),3449
P6,Colonel By,1637,1576,Hogs Back Plaza (SW dest.),2667
P6,Colonel By,3985,3924,Hogs Back Plaza (SW dest.),5051
P5,Stadium Way,1459,1398,Brewer Park,1557
P5,Stadium Way,1839,1778,Brewer Park,1945
P6,Colonel By,1552,1491,Hogs Back Plaza (SW dest.),2531
P7,Colonel By,6515,6454,Hogs Back Plaza (SW dest.),6759
P5,Stadium Way,1593,1532,Brewer Park,1706
P6,Colonel By,1767,1706,Hogs Back Plaza (SW dest.),2862
P5,Stadium Way,668,607,Brewer Park,771
P6,Colonel By,2072,2011,Hogs Back Plaza (SW dest.),3173
P5,Stadium Way,2678,2617,Brewer Park,2787
P6,Colonel By,2509,2448,Hogs Back Plaza (SW dest.),3596
P7,Bronson Ave & University Dr,5500,5439,Hogs Back Plaza (SW dest.),6269
P7,Bronson Ave & University Dr,4241,4180,Brewer Park,4679
P3,Stadium Way,3935,3874,Brewer Park,4048
P7,Colonel By,5457,5396,Hogs Back Plaza (SW dest.),6052
P2,Colonel By,525,464,Hogs Back Plaza (SW dest.),846
P5,Stadium Way,1897,1836,Brewer Park,2006
P6,Colonel By,3756,3695,Hogs Back Plaza (SW dest.),4811
P6,Colonel By,1738,1677,Hogs Back Plaza (SW dest.),2822
P6,Colonel By,2099,2038,Hogs Back Plaza (SW dest.),3190
P5,Stadium Way,1641,1580,Brewer Park,1760
P7,Bronson Ave & University Dr,6893,6832,Brewer Park,7158
P6,Colonel By,1048,987,Hogs Back Plaza (SW dest.),1702
P7,Bronson Ave & University Dr,5463,5402,Brewer Park,5547
P7,Bronson Ave & University Dr,4920,4859,Brewer Park,5144
P7,Colonel By,5792,5731,Hogs Back Plaza (SW dest.),6255
P7,Bronson Ave & University Dr,6777,6716,Hogs Back Plaza (SW dest.),7254
P3,Stadium Way,3236,3175,Brewer Park,3347
P7,Bronson Ave & University Dr,6219,6158,Brewer Park,6307
P2,Colonel By,204,143,Hogs Back Plaza (SW dest.),760
P6,Colonel By,979,918,Hogs Back Plaza (SW dest.),1580
P7,Bronson Ave & University Dr,4397,4336,Brewer Park,4785
P7,Colonel By,4438,4377,Hogs Back Plaza (SW dest.),5285
P7,Colonel By,6309,6248,Hogs Back Plaza (SW dest.),6636
P6,Colonel By,1097,1036,Hogs Back Plaza (SW dest.),1788
P6,Colonel By,1408,1347,Hogs Back Plaza (SW dest.),2294
P7,Bronson Ave & University Dr,6784,6723,Brewer Park,7033
P5,Stadium Way,2206,2145,Brewer Park,2324
P7,Bronson Ave & University Dr,6907,6846,Brewer Park,7170
P4,Stadium Way,4229,4168,Brewer Park,4343
P7,Colonel By,4770,4709,Hogs Back Plaza (SW dest.),5556
P7,Bronson Ave & University Dr,5421,5360,Brewer Park,5512
P6,Colonel By,1798,1737,Hogs Back Plaza (SW dest.),2898
P4,Stadium Way,3007,2946,Brewer Park,3111
P6,Colonel By,1126,1065,Hogs Back Plaza (SW dest.),1835
P5,Stadium Way,1621,1560,Brewer Park,1737
P7,Bronson Ave & University Dr,3336,3275,Brewer Park,4626
P5,Stadium Way,719,658,Brewer Park,827
P5,Stadium Way,2985,2924,Brewer Park,3099
P5,Stadium Way,2571,2510,Brewer Park,2683
P6,Colonel By,3477,3416,Hogs Back Plaza (SW dest.),4551
P5,Stadium Way,155,94,Brewer Park,179
P7,Bronson Ave & University Dr,2611,2550,Brewer Park,4571
P7,Colonel By,6129,6068,Hogs Back Plaza (SW dest.),6488
P4,Stadium Way,4302,4241,Brewer Park,4416
P7,Colonel By,4391,4330,Hogs Back Plaza (SW dest.),5241
P3,Stadium Way,3183,3122,Brewer Park,3295
P6,Colonel By,4012,3951,Hogs Back Plaza (SW dest.),5074
P5,Stadium Way,1173,1112,Brewer Park,1280
P6,Colonel By,1650,1589,Hogs Back Plaza (SW dest.),2684
P7,Bronson Ave & University Dr,4246,4185,Brewer Park,4683
P7,Bronson Ave & University Dr,6583,6522,Brewer Park,6680
P7,Colonel By,5201,5140,Hogs Back Plaza (SW dest.),5849
P7,Bronson Ave & University Dr,5564,5503,Hogs Back Plaza (SW dest.),6315
P7,Colonel By,4106,4045,Hogs Back Plaza (SW dest.),5185
P7,Bronson Ave & University Dr,5512,5451,Hogs Back Plaza (SW dest.),6282
P7,Bronson Ave & University Dr,7002,6941,Hogs Back Plaza (SW dest.),7490
P6,Colonel By,2232,2171,Hogs Back Plaza (SW dest.),3307
P6,Colonel By,1728,1667,Hogs Back Plaza (SW dest.),2808
P7,Bronson Ave & University Dr,4889,4828,Brewer Park,5130
P7,Bronson Ave & University Dr,5047,4986,Brewer Park,5234
P7,Colonel By,5604,5543,Hogs Back Plaza (SW dest.),6130
P5,Stadium Way,2918,2857,Brewer Park,3027
P6,Colonel By,1180,1119,Hogs Back Plaza (SW dest.),1922
P7,Bronson Ave & University Dr,5540,5479,Brewer Park,5626
P1,Colonel By,424,363,Hogs Back Plaza (SW dest.),648
P6,Colonel By,3842,3781,Hogs Back Plaza (SW dest.),4910
P6,Colonel By,1979,1918,Hogs Back Plaza (SW dest.),3068
P7,Bronson Ave & University Dr,7022,6961,Hogs Back Plaza (SW dest.),7514
P6,Colonel By,1458,1397,Hogs Back Plaza (SW dest.),2376
P7,Colonel By,4602,4541,Hogs Back Plaza (SW dest.),5420
P5,Stadium Way,455,394,Brewer Park,570
P5,Stadium Way,2111,2050,Brewer Park,2226
P7,Bronson Ave & University Dr,5519,5458,Brewer Park,5603
P5,Stadium Way,1667,1606,Brewer Park,1786
P7,Bronson Ave & University Dr,4837,4776,Brewer Park,5081
P7,Bronson Ave & University Dr,163,102,Brewer Park,4461
P7,Bronson Ave & University Dr,6093,6032,Brewer Park,6167
P7,Colonel By,6424,6363,Hogs Back Plaza (SW dest.),6699
P7,Colonel By,997,936,Hogs Back Plaza (SW dest.),1607
P5,Stadium Way,998,937,Brewer Park,1108
P7,Colonel By,5290,5229,Hogs Back Plaza (SW dest.),5918
P3,Stadium Way,3942,3881,Brewer Park,4057
P7,Bronson Ave & University Dr,117,56,Brewer Park,679
P3,Stadium Way,3563,3502,Brewer Park,3675
P7,Bronson Ave & University Dr,5473,5412,Brewer Park,5740
P6,Colonel By,2975,2914,Hogs Back Plaza (SW dest.),4066
P6,Colonel By,2468,2407,Hogs Back Plaza (SW dest.),3560
P7,Bronson Ave & University Dr,5297,5236,Brewer Park,5381
P7,Colonel By,4792,4731,Hogs Back Plaza (SW dest.),5569
P7,Bronson Ave & University Dr,6930,6869,Hogs Back Plaza (SW dest.),7413
P6,Colonel By,1388,1327,Hogs Back Plaza (SW dest.),2256
P5,Stadium Way,2384,2323,Brewer Park,2488
P5,Stadium Way,2534,2473,Brewer Park,2650
P6,Colonel By,1087,1026,Hogs Back Plaza (SW dest.),1775
P6,Colonel By,2511,2450,Hogs Back Plaza (SW dest.),3600
P2,Colonel By,534,473,Hogs Back Plaza (SW dest.),864
P6,Colonel By,2641,2580,Hogs Back Plaza (SW dest.),3711
P7,Colonel By,6207,6146,Hogs Back Plaza (SW dest.),6548
P1,Colonel By,450,389,Hogs Back Plaza (SW dest.),678
P2,Colonel By,519,458,Hogs Back Plaza (SW dest.),837
P5,Stadium Way,2242,2181,Brewer Park,2349
P5,Stadium Way,2914,2853,Brewer Park,3023
P6,Colonel By,1958,1897,Hogs Back Plaza (SW dest.),3052
P5,Stadium Way,323,262,Brewer Park,403
P6,Colonel By,1337,1276,Hogs Back Plaza (SW dest.),2174
P6,Colonel By,1228,1167,Hogs Back Plaza (SW dest.),1996
P6,Colonel By,2324,2263,Hogs Back Plaza (SW dest.),3425
P7,Bronson Ave & University Dr,6712,6651,Brewer Park,6793
P7,Bronson Ave & University Dr,5578,5517,Hogs Back Plaza (SW dest.),6323
P7,Bronson Ave & University Dr,7006,6945,Brewer Park,7277
P6,Colonel By,3086,3025,Hogs Back Plaza (SW dest.),4153
P5,Stadium Way,755,694,Brewer Park,875
P5,Stadium Way,2448,2387,Brewer Park,2552
P6,Colonel By,3131,3070,Hogs Back Plaza (SW dest.),4214
P7,Colonel By,6591,6530,Hogs Back Plaza (SW dest.),6824
P5,Stadium Way,1312,1251,Brewer Park,1427
P5,Stadium Way,738,677,Brewer Park,850
P5,Stadium Way,622,561,Brewer Park,729
P5,Stadium Way,1404,1343,Brewer Park,1510
P7,Colonel By,5166,5105,Hogs Back Plaza (SW dest.),5822
P3,Stadium Way,3855,3794,Brewer Park,3961
P7,Bronson Ave & University Dr,5898,5837,Brewer Park,5980
P5,Stadium Way,1543,1482,Brewer Park,1653
P3,Stadium Way,3937,3876,Brewer Park,4053
P6,Colonel By,2429,2368,Hogs Back Plaza (SW dest.),3538
P6,Colonel By,1449,1388,Hogs Back Plaza (SW dest.),2355
P7,Colonel By,4421,4360,Hogs Back Plaza (SW dest.),5266
P1,Colonel By,255,194,Hogs Back Plaza (SW dest.),459
P5,Stadium Way,1380,1319,Brewer Park,1486
P5,Stadium Way,2354,2293,Brewer Park,2455
P6,Colonel By,1513,1452,Hogs Back Plaza (SW dest.),2461
P7,Bronson Ave & University Dr,1057,996,Brewer Park,4521
P7,Colonel By,6436,6375,Hogs Back Plaza (SW dest.),6708
P7,Colonel By,4630,4569,Hogs Back Plaza (SW dest.),5446
P1,Colonel By,130,69,Hogs Back Plaza (SW dest.),309
P7,Colonel By,6219,6158,Hogs Back Plaza (SW dest.),6562
P5,Stadium Way,3111,3050,Brewer Park,3222
P5,Stadium Way,2002,1941,Brewer Park,2108
P3,Stadium Way,3409,3348,Brewer Park,3517
P3,Stadium Way,3524,3463,Brewer Park,3640
P7,Colonel By,5630,5569,Hogs Back Plaza (SW dest.),6151
P6,Colonel By,3075,3014,Hogs Back Plaza (SW dest.),4137
P6,Colonel By,1083,1022,Hogs Back Plaza (SW dest.),1767
P7,Bronson Ave & University Dr,6335,6274,Brewer Park,6416
P6,Colonel By,4007,3946,Hogs Back Plaza (SW dest.),5069
P7,Bronson Ave & University Dr,6601,6540,Brewer Park,6702
P2,Colonel By,613,552,Hogs Back Plaza (SW dest.),1020
P7,Bronson Ave & University Dr,6981,6920,Hogs Back Plaza (SW dest.),7481
P2,Colonel By,513,452,Hogs Back Plaza (SW dest.),825
P7,Bronson Ave & University Dr,5838,5777,Brewer Park,5919
P1,Colonel By,361,300,Hogs Back Plaza (SW dest.),581
P6,Colonel By,3462,3401,Hogs Back Plaza (SW dest.),4539
P2,Colonel By,627,566,Hogs Back Plaza (SW dest.),1037
P6,Colonel By,1676,1615,Hogs Back Plaza (SW dest.),2733
P3,Stadium Way,3973,3912,Brewer Park,4085
P5,Stadium Way,1212,1151,Brewer Park,1326
P7,Colonel By,6200,6139,Hogs Back Plaza (SW dest.),6539
P6,Colonel By,2179,2118,Hogs Back Plaza (SW dest.),3255
P6,Colonel By,1456,1395,Hogs Back Plaza (SW dest.),2372
P7,Bronson Ave & University Dr,7249,7188,Brewer Park,7326
P5,Stadium Way,1879,1818,Brewer Park,1989
P5,Stadium Way,706,645,Brewer Park,809
P7,Bronson Ave & University Dr,6703,6642,Brewer Park,6952
P1,Colonel By,93,32,Hogs Back Plaza (SW dest.),262
P7,Colonel By,6178,6117,Hogs Back Plaza (SW dest.),6523
P5,Stadium Way,2368,2307,Brewer Park,2472
P7,Bronson Ave & University Dr,6988,6927,Brewer Park,7262
P3,Stadium Way,3415,3354,Brewer Park,3521
P7,Bronson Ave & University Dr,6208,6147,Brewer Park,6291
P6,Colonel By,1720,1659,Hogs Back Plaza (SW dest.),2797
P7,Bronson Ave & University Dr,5617,5556,Hogs Back Plaza (SW dest.),6353
P3,Stadium Way,3591,3530,Brewer Park,3704
P7,Bronson Ave & University Dr,6071,6010,Brewer Park,6148
P7,Bronson Ave & University Dr,5029,4968,Brewer Park,5216
P5,Stadium Way,1175,1114,Brewer Park,1285
P6,Colonel By,2032,1971,Hogs Back Plaza (SW dest.),3134
P7,Bronson Ave & University Dr,6711,6650,Hogs Back Plaza (SW dest.),7172
P6,Colonel By,746,685,Hogs Back Plaza (SW dest.),1220
P5,Stadium Way,855,794,Brewer Park,969
P7,Bronson Ave & University Dr,6731,6670,Brewer Park,6982
P3,Stadium Way,3341,3280,Brewer Park,3455
P1,Colonel By,272,211,Hogs Back Plaza (SW dest.),480
P3,Stadium Way,3176,3115,Brewer Park,3291
P7,Bronson Ave & University Dr,4521,4460,Brewer Park,4852
P5,Stadium Way,818,757,Brewer Park,925
P7,Bronson Ave & University Dr,4785,4724,Brewer Park,5045
P4,Stadium Way,4128,4067,Brewer Park,4233
P5,Stadium Way,2307,2246,Brewer Park,2419
P5,Stadium Way,2938,2877,Brewer Park,3052
P7,Bronson Ave & University Dr,6806,6745,Brewer Park,6906
P5,Stadium Way,381,320,Brewer Park,487
P2,Colonel By,515,454,Hogs Back Plaza (SW dest.),829
P7,Colonel By,4859,4798,Hogs Back Plaza (SW dest.),5621
P6,Colonel By,3959,3898,Hogs Back Plaza (SW dest.),5019
P7,Bronson Ave & University Dr,6888,6827,Brewer Park,7130
P3,Stadium Way,3679,3618,Brewer Park,3790
P5,Stadium Way,1506,1445,Brewer Park,1602
P2,Colonel By,536,475,Hogs Back Plaza (SW dest.),872
P5,Stadium Way,326,265,Brewer Park,408
P6,Colonel By,861,800,Hogs Back Plaza (SW dest.),1401
P3,Stadium Way,3832,3771,Brewer Park,3939
P6,Colonel By,3039,2978,Hogs Back Plaza (SW dest.),4095
P6,Colonel By,2525,2464,Hogs Back Plaza (SW dest.),3612
P7,Bronson Ave & University Dr,5585,5524,Brewer Park,5838
P6,Colonel By,742,681,Hogs Back Plaza (SW dest.),1216
P7,Colonel By,7251,7190,Hogs Back Plaza (SW dest.),7427
P7,Bronson Ave & University Dr,5080,5019,Brewer Park,5257
P5,Stadium Way,2585,2524,Brewer Park,2695
P5,Stadium Way,355,294,Brewer Park,456
P7,Bronson Ave & University Dr,6342,6281,Brewer Park,6426
P5,Stadium Way,794,733,Brewer Park,899
P6,Colonel By,1189,1128,Hogs Back Plaza (SW dest.),1940
P6,Colonel By,1726,1665,Hogs Back Plaza (SW dest.),2800
P7,Colonel By,6609,6548,Hogs Back Plaza (SW dest.),6845
P5,Stadium Way,1290,1229,Brewer Park,1398
P5,Stadium Way,198,137,Brewer Park,242
P5,Stadium Way,1755,1694,Brewer Park,1861
P5,Stadium Way,2400,2339,Brewer Park,2508
P7,Bronson Ave & University Dr,674,613,Brewer Park,4499
P7,Bronson Ave & University Dr,5523,5462,Brewer Park,5607
P5,Stadium Way,1439,1378,Brewer Park,1536
P7,Bronson Ave & University Dr,4384,4323,Brewer Park,4780
P6,Colonel By,1991,1930,Hogs Back Plaza (SW dest.),3089
P3,Stadium Way,4013,3952,Brewer Park,4118
P7,Bronson Ave & University Dr,6959,6898,Hogs Back Plaza (SW dest.),7453
P6,Colonel By,753,692,Hogs Back Plaza (SW dest.),1228
P7,Bronson Ave & University Dr,5531,5470,Hogs Back Plaza (SW dest.),6294
P7,Colonel By,6971,6910,Hogs Back Plaza (SW dest.),7142
P5,Stadium Way,1935,1874,Brewer Park,2046
P7,Bronson Ave & University Dr,5392,5331,Brewer Park,5476
P6,Colonel By,738,677,Hogs Back Plaza (SW dest.),1208
P7,Colonel By,5081,5020,Hogs Back Plaza (SW dest.),5762
P2,Colonel By,578,517,Hogs Back Plaza (SW dest.),965
P5,Stadium Way,3037,2976,Brewer Park,3152
P5,Stadium Way,1920,1859,Brewer Park,2032
P6,Colonel By,2268,2207,Hogs Back Plaza (SW dest.),3370
P5,Stadium Way,2780,2719,Brewer Park,2888
P5,Stadium Way,1777,1716,Brewer Park,1891
P5,Stadium Way,2545,2484,Brewer Park,2658
P3,Stadium Way,3305,3244,Brewer Park,3416
P7,Bronson Ave & University Dr,7170,7109,Brewer Park,7252
P4,Stadium Way,4278,4217,Brewer Park,4391
P3,Stadium Way,3576,3515,Brewer Park,3691
P7,Bronson Ave & University Dr,1569,1508,Brewer Park,4529
P4,Stadium Way,4249,4188,Brewer Park,4364
P6,Colonel By,3432,3371,Hogs Back Plaza (SW dest.),4502
P5,Stadium Way,1623,1562,Brewer Park,1742
P7,Colonel By,2675,2614,Hogs Back Plaza (SW dest.),3753
P7,Colonel By,4726,4665,Hogs Back Plaza (SW dest.),5522
P6,Colonel By,765,704,Hogs Back Plaza (SW dest.),1248
P1,Colonel By,441,380,Hogs Back Plaza (SW dest.),669
P7,Bronson Ave & University Dr,6737,6676,Brewer Park,6818
P2,Colonel By,200,139,Hogs Back Plaza (SW dest.),756
P6,Colonel By,1889,1828,Hogs Back Plaza (SW dest.),2985
P6,Colonel By,1406,1345,Hogs Back Plaza (SW dest.),2286
P7,Bronson Ave & University Dr,6514,6453,Brewer Park,6596
P5,Stadium Way,1945,1884,Brewer Park,2063
P6,Colonel By,1562,1501,Hogs Back Plaza (SW dest.),2543
P7,Bronson Ave & University Dr,151,90,Brewer Park,4448
P7,Bronson Ave & University Dr,4951,4890,Brewer Park,5174
P7,Colonel By,6099,6038,Hogs Back Plaza (SW dest.),6462
P6,Colonel By,1116,1055,Hogs Back Plaza (SW dest.),1815
P6,Colonel By,2308,2247,Hogs Back Plaza (SW dest.),3408
P7,Colonel By,7384,7323,Hogs Back Plaza (SW dest.),7551
P7,Colonel By,4695,4634,Hogs Back Plaza (SW dest.),5501
P4,Stadium Way,4153,4092,Brewer Park,4258
P6,Colonel By,3545,3484,Hogs Back Plaza (SW dest.),4622
P7,Bronson Ave & University Dr,4660,4599,Brewer Park,4953
P2,Colonel By,147,86,Hogs Back Plaza (SW dest.),683
P6,Colonel By,714,653,Hogs Back Plaza (SW dest.),1174
P7,Bronson Ave & University Dr,6844,6783,Hogs Back Plaza (SW dest.),7310
P7,Bronson Ave & University Dr,6573,6512,Brewer Park,6666
P6,Colonel By,2085,2024,Hogs Back Plaza (SW dest.),3177
P7,Colonel By,6606,6545,Hogs Back Plaza (SW dest.),6841
P5,Stadium Way,2153,2092,Brewer Park,2262
P7,Colonel By,3501,3440,Hogs Back Plaza (SW dest.),4581
P7,Bronson Ave & University Dr,4239,4178,Brewer Park,4674
P3,Stadium Way,3954,3893,Brewer Park,4065
P5,Stadium Way,1660,1599,Brewer Park,1778
P5,Stadium Way,2392,2331,Brewer Park,2500
P6,Colonel By,1046,985,Hogs Back Plaza (SW dest.),1697
P6,Colonel By,4021,3960,Hogs Back Plaza (SW dest.),5091
P3,Stadium Way,3888,3827,Brewer Park,3997
P7,Bronson Ave & University Dr,6716,6655,Brewer Park,6799
P6,Colonel By,999,938,Hogs Back Plaza (SW dest.),1611
P5,Stadium Way,1991,1930,Brewer Park,2099
P7,Bronson Ave & University Dr,6387,6326,Brewer Park,6465
P3,Stadium Way,3874,3813,Brewer Park,3979
P7,Colonel By,6359,6298,Hogs Back Plaza (SW dest.),6659
P1,Colonel By,465,404,Hogs Back Plaza (SW dest.),697
P6,Colonel By,1310,1249,Hogs Back Plaza (SW dest.),2139
P6,Colonel By,1057,996,Hogs Back Plaza (SW dest.),1715
P7,Bronson Ave & University Dr,6708,6647,Brewer Park,6956
P6,Colonel By,3875,3814,Hogs Back Plaza (SW dest.),4941
P5,Stadium Way,473,412,Brewer Park,583
P5,Stadium Way,2322,2261,Brewer Park,2430
P7,Bronson Ave & University Dr,5451,5390,Brewer Park,5535
P6,Colonel By,3193,3132,Hogs Back Plaza (SW dest.),4279
P5,Stadium Way,1870,1809,Brewer Park,1972
P6,Colonel By,3730,3669,Hogs Back Plaza (SW dest.),4789
P6,Colonel By,1452,1391,Hogs Back Plaza (SW dest.),2363
P7,Colonel By,1319,1258,Hogs Back Plaza (SW dest.),2157
P7,Bronson Ave & University Dr,4311,4250,Brewer Park,4740
P6,Colonel By,833,772,Hogs Back Plaza (SW dest.),1363
P7,Bronson Ave & University Dr,4557,4496,Brewer Park,4883
P5,Stadium Way,1932,1871,Brewer Park,2041
P7,Colonel By,3138,3077,Hogs Back Plaza (SW dest.),4219
P3,Stadium Way,3522,3461,Brewer Park,3636
P6,Colonel By,1392,1331,Hogs Back Plaza (SW dest.),2260
P5,Stadium Way,2118,2057,Brewer Park,2235
P1,Colonel By,314,253,Hogs Back Plaza (SW dest.),530
P6,Colonel By,1137,1076,Hogs Back Plaza (SW dest.),1857
P7,Bronson Ave & University Dr,3375,3314,Brewer Park,4665
P7,Bronson Ave & University Dr,5490,5429,Brewer Park,5760
P6,Colonel By,1857,1796,Hogs Back Plaza (SW dest.),2959
P5,Stadium Way,1985,1924,Brewer Park,2094
P6,Colonel By,1949,1888,Hogs Back Plaza (SW dest.),3044
P6,Colonel By,1170,1109,Hogs Back Plaza (SW dest.),1909
P5,Stadium Way,250,189,Brewer Park,310
P5,Stadium Way,640,579,Brewer Park,753
P5,Stadium Way,2847,2786,Brewer Park,2957
P5,Stadium Way,2722,2661,Brewer Park,2830
P7,Colonel By,4979,4918,Hogs Back Plaza (SW dest.),5695
P5,Stadium Way,2876,2815,Brewer Park,2984
P7,Colonel By,4643,4582,Hogs Back Plaza (SW dest.),5460
P5,Stadium Way,1904,1843,Brewer Park,2011
P7,Bronson Ave & University Dr,3330,3269,Brewer Park,4618
P6,Colonel By,2107,2046,Hogs Back Plaza (SW dest.),3199
P7,Colonel By,4463,4402,Hogs Back Plaza (SW dest.),5304
P5,Stadium Way,2894,2833,Brewer Park,3001
P3,Stadium Way,3488,3427,Brewer Park,3602
P7,Bronson Ave & University Dr,112,51,Brewer Park,645
P5,Stadium Way,2771,2710,Brewer Park,2880
P6,Colonel By,3456,3395,Hogs Back Plaza (SW dest.),4531
P6,Colonel By,1895,1834,Hogs Back Plaza (SW dest.),2994
P6,Colonel By,960,899,Hogs Back Plaza (SW dest.),1552
P6,Colonel By,2996,2935,Hogs Back Plaza (SW dest.),4087
P7,Bronson Ave & University Dr,6131,6070,Brewer Park,6214
P7,Colonel By,7420,7359,Hogs Back Plaza (SW dest.),7598
P7,Bronson Ave & University Dr,3326,3265,Brewer Park,4614
P7,Colonel By,5401,5340,Hogs Back Plaza (SW dest.),6025
P5,Stadium Way,2589,2528,Brewer Park,2704
P6,Colonel By,2852,2791,Hogs Back Plaza (SW dest.),3944
P7,Bronson Ave & University Dr,6115,6054,Brewer Park,6190
P5,Stadium Way,2252,2191,Brewer Park,2362
P5,Stadium Way,1256,1195,Brewer Park,1362
P7,Colonel By,6800,6739,Hogs Back Plaza (SW dest.),6967
P5,Stadium Way,1155,1094,Brewer Park,1258
P6,Colonel By,4025,3964,Hogs Back Plaza (SW dest.),5096
P7,Bronson Ave & University Dr,6825,6764,Hogs Back Plaza (SW dest.),7302
P6,Colonel By,3513,3452,Hogs Back Plaza (SW dest.),4595
P6,Colonel By,4019,3958,Hogs Back Plaza (SW dest.),5083
P7,Colonel By,6173,6112,Hogs Back Plaza (SW dest.),6519
P6,Colonel By,1709,1648,Hogs Back Plaza (SW dest.),2773
P2,Colonel By,680,619,Hogs Back Plaza (SW dest.),1118
P3,Stadium Way,3200,3139,Brewer Park,3313
P6,Colonel By,3899,3838,Hogs Back Plaza (SW dest.),4959
P6,Colonel By,947,886,Hogs Back Plaza (SW dest.),1530
P5,Stadium Way,2517,2456,Brewer Park,2629
P7,Bronson Ave & University Dr,2841,2780,Brewer Park,4605
P1,Colonel By,118,57,Hogs Back Plaza (SW dest.),292
P6,Colonel By,3073,3012,Hogs Back Plaza (SW dest.),4133
P7,Bronson Ave & University Dr,6708,6647,Brewer Park,6789
P6,Colonel By,1143,1082,Hogs Back Plaza (SW dest.),1871
P7,Bronson Ave & University Dr,4479,4418,Brewer Park,4838
P7,Bronson Ave & University Dr,5555,5494,Brewer Park,5636
P4,Stadium Way,4141,4080,Brewer Park,4241
P7,Bronson Ave & University Dr,6935,6874,Hogs Back Plaza (SW dest.),7418
P4,Stadium Way,561,500,Brewer Park,674
P5,Stadium Way,1181,1120,Brewer Park,1289
P5,Stadium Way,1029,968,Brewer Park,1133
P7,Bronson Ave & University Dr,4841,4780,Brewer Park,5085
P5,Stadium Way,655,594,Brewer Park,762
P7,Colonel By,5636,5575,Hogs Back Plaza (SW dest.),6156
P6,Colonel By,1091,1030,Hogs Back Plaza (SW dest.),1780
P7,Colonel By,695,634,Hogs Back Plaza (SW dest.),1145
P7,Bronson Ave & University Dr,5558,5497,Brewer Park,5820
P1,Colonel By,114,53,Hogs Back Plaza (SW dest.),286
P6,Colonel By,2732,2671,Hogs Back Plaza (SW dest.),3820
P5,Stadium Way,380,319,Brewer Park,483
P7,Bronson Ave & University Dr,2195,2134,Brewer Park,4554
P6,Colonel By,1591,1530,Hogs Back Plaza (SW dest.),2592
P6,Colonel By,1172,1111,Hogs Back Plaza (SW dest.),1914
P6,Colonel By,1485,1424,Hogs Back Plaza (SW dest.),2423
P2,Colonel By,659,598,Hogs Back Plaza (SW dest.),1084
P5,Stadium Way,1566,1505,Brewer Park,1674
P6,Colonel By,2217,2156,Hogs Back Plaza (SW dest.),3286
P7,Colonel By,2565,2504,Hogs Back Plaza (SW dest.),3667
P1,Colonel By,158,97,Hogs Back Plaza (SW dest.),342
P6,Colonel By,1470,1409,Hogs Back Plaza (SW dest.),2397
P7,Bronson Ave & University Dr,4299,4238,Brewer Park,4735
P5,Stadium Way,2800,2739,Brewer Park,2905
P7,Colonel By,6595,6534,Hogs Back Plaza (SW dest.),6828
P6,Colonel By,887,826,Hogs Back Plaza (SW dest.),1444
P6,Colonel By,1663,1602,Hogs Back Plaza (SW dest.),2711
P7,Colonel By,4507,4446,Hogs Back Plaza (SW dest.),5338
P1,Colonel By,383,322,Hogs Back Plaza (SW dest.),605
P5,Stadium Way,468,407,Brewer Park,578
P4,Stadium Way,4180,4119,Brewer Park,4287
P7,Bronson Ave & University Dr,6595,6534,Brewer Park,6697
P6,Colonel By,1145,1084,Hogs Back Plaza (SW dest.),1875
P7,Bronson Ave & University Dr,6630,6569,Brewer Park,6723
P6,Colonel By,1221,1160,Hogs Back Plaza (SW dest.),1984
P6,Colonel By,1185,1124,Hogs Back Plaza (SW dest.),1931
P7,Bronson Ave & University Dr,6773,6712,Brewer Park,6856
P7,Bronson Ave & University Dr,5094,5033,Brewer Park,5264
P7,Bronson Ave & University Dr,6523,6462,Brewer Park,6606
P7,Bronson Ave & University Dr,3370,3309,Brewer Park,4661
P3,Stadium Way,3156,3095,Brewer Park,3274
P7,Bronson Ave & University Dr,5367,5306,Brewer Park,5448
P7,Colonel By,6211,6150,Hogs Back Plaza (SW dest.),6553
P1,Colonel By,359,298,Hogs Back Plaza (SW dest.),577
P1,Colonel By,281,220,Hogs Back Plaza (SW dest.),489
P7,Bronson Ave & University Dr,5646,5585,Hogs Back Plaza (SW dest.),6376
P7,Colonel By,5334,5273,Hogs Back Plaza (SW dest.),5957
P6,Colonel By,3872,3811,Hogs Back Plaza (SW dest.),4937
P3,Stadium Way,3546,3485,Brewer Park,3661
P5,Stadium Way,2506,2445,Brewer Park,2611
P6,Colonel By,858,797,Hogs Back Plaza (SW dest.),1397
P6,Colonel By,3418,3357,Hogs Back Plaza (SW dest.),4493
P3,Stadium Way,3584,3523,Brewer Park,3700
P4,Stadium Way,4048,3987,Brewer Park,4156
P6,Colonel By,3236,3175,Hogs Back Plaza (SW dest.),4330
P5,Stadium Way,2763,2702,Brewer Park,2868
P6,Colonel By,2873,2812,Hogs Back Plaza (SW dest.),3956
P7,Colonel By,4514,4453,Hogs Back Plaza (SW dest.),5347
P5,Stadium Way,2298,2237,Brewer Park,2406
P6,Colonel By,850,789,Hogs Back Plaza (SW dest.),1383
P5,Stadium Way,2267,2206,Brewer Park,2380
P7,Colonel By,4127,4066,Hogs Back Plaza (SW dest.),5206
P7,Colonel By,4803,4742,Hogs Back Plaza (SW dest.),5579
P6,Colonel By,2087,2026,Hogs Back Plaza (SW dest.),3182
P7,Colonel By,6214,6153,Hogs Back Plaza (SW dest.),6557
P6,Colonel By,995,934,Hogs Back Plaza (SW dest.),1602
P7,Bronson Ave & University Dr,6381,6320,Brewer Park,6455
P7,Bronson Ave & University Dr,1600,1539,Brewer Park,4545
P5,Stadium Way,1851,1790,Brewer Park,1963
P3,Stadium Way,3461,3400,Brewer Park,3571
P5,Stadium Way,2667,2606,Brewer Park,2774
P5,Stadium Way,1166,1105,Brewer Park,1271
P7,Bronson Ave & University Dr,6224,6163,Brewer Park,6311
P6,Colonel By,1024,963,Hogs Back Plaza (SW dest.),1666
P6,Colonel By,789,728,Hogs Back Plaza (SW dest.),1276
P7,Bronson Ave & University Dr,6433,6372,Brewer Park,6525
P7,Bronson Ave & University Dr,6798,6737,Brewer Park,6890
P2,Colonel By,153,92,Hogs Back Plaza (SW dest.),705
P7,Bronson Ave & University Dr,6928,6867,Hogs Back Plaza (SW dest.),7407
P6,Colonel By,2191,2130,Hogs Back Plaza (SW dest.),3268
P7,Bronson Ave & University Dr,6769,6708,Brewer Park,7021
P7,Colonel By,6190,6129,Hogs Back Plaza (SW dest.),6531
P7,Bronson Ave & University Dr,6538,6477,Brewer Park,6622
P7,Bronson Ave & University Dr,5470,5409,Brewer Park,5735
P5,Stadium Way,1687,1626,Brewer Park,1800
P6,Colonel By,3716,3655,Hogs Back Plaza (SW dest.),4772
P5,Stadium Way,436,375,Brewer Park,552
P3,Stadium Way,3963,3902,Brewer Park,4069
P6,Colonel By,1177,1116,Hogs Back Plaza (SW dest.),1918
P5,Stadium Way,2377,2316,Brewer Park,2480
P6,Colonel By,2991,2930,Hogs Back Plaza (SW dest.),4082
P2,Colonel By,687,626,Hogs Back Plaza (SW dest.),1132
P7,Bronson Ave & University Dr,5518,5457,Brewer Park,5775
P6,Colonel By,1947,1886,Hogs Back Plaza (SW dest.),3039
P6,Colonel By,3505,3444,Hogs Back Plaza (SW dest.),4589
P6,Colonel By,1426,1365,Hogs Back Plaza (SW dest.),2322
P5,Stadium Way,2464,2403,Brewer Park,2565
P5,Stadium Way,1065,1004,Brewer Park,1174
P7,Colonel By,4634,4573,Hogs Back Plaza (SW dest.),5451
P7,Bronson Ave & University Dr,7279,7218,Brewer Park,7360
P7,Colonel By,5264,5203,Hogs Back Plaza (SW dest.),5896
P5,Stadium Way,1550,1489,Brewer Park,1657
P4,Stadium Way,4273,4212,Brewer Park,4382
P4,Stadium Way,4295,4234,Brewer Park,4408
P7,Colonel By,5244,5183,Hogs Back Plaza (SW dest.),5882
P5,Stadium Way,1058,997,Brewer Park,1166
P7,Colonel By,4572,4511,Hogs Back Plaza (SW dest.),5399
P6,Colonel By,1760,1699,Hogs Back Plaza (SW dest.),2850
P2,Colonel By,498,437,Hogs Back Plaza (SW dest.),795
P6,Colonel By,2462,2401,Hogs Back Plaza (SW dest.),3556
P7,Bronson Ave & University Dr,108,47,Brewer Park,425
P6,Colonel By,3709,3648,Hogs Back Plaza (SW dest.),4767
P3,Stadium Way,3791,3730,Brewer Park,3895
P7,Colonel By,4744,4683,Hogs Back Plaza (SW dest.),5539
P6,Colonel By,1213,1152,Hogs Back Plaza (SW dest.),1979
P7,Colonel By,5653,5592,Hogs Back Plaza (SW dest.),6165
P6,Colonel By,3382,3321,Hogs Back Plaza (SW dest.),4459
P7,Bronson Ave & University Dr,6671,6610,Hogs Back Plaza (SW dest.),7150
P7,Bronson Ave & University Dr,6635,6574,Brewer Park,6911
P5,Stadium Way,2356,2295,Brewer Park,2459
P6,Colonel By,2926,2865,Hogs Back Plaza (SW dest.),4003
P1,Colonel By,380,319,Hogs Back Plaza (SW dest.),602
P7,Bronson Ave & University Dr,6588,6527,Brewer Park,6685
P7,Colonel By,1293,1232,Hogs Back Plaza (SW dest.),2112
P6,Colonel By,1281,1220,Hogs Back Plaza (SW dest.),2090
P7,Bronson Ave & University Dr,2624,2563,Brewer Park,4588
P6,Colonel By,2851,2790,Hogs Back Plaza (SW dest.),3940
P6,Colonel By,1034,973,Hogs Back Plaza (SW dest.),1675
P7,Colonel By,5098,5037,Hogs Back Plaza (SW dest.),5771
P6,Colonel By,2613,2552,Hogs Back Plaza (SW dest.),3694
P6,Colonel By,3485,3424,Hogs Back Plaza (SW dest.),4556
P7,Colonel By,5488,5427,Hogs Back Plaza (SW dest.),6066
P5,Stadium Way,1286,1225,Brewer Park,1393
P7,Colonel By,6471,6410,Hogs Back Plaza (SW dest.),6734
P5,Stadium Way,1603,1542,Brewer Park,1714
P6,Colonel By,1386,1325,Hogs Back Plaza (SW dest.),2252
P5,Stadium Way,1082,1021,Brewer Park,1186
P6,Colonel By,1634,1573,Hogs Back Plaza (SW dest.),2659
P7,Colonel By,4665,4604,Hogs Back Plaza (SW dest.),5482
P3,Stadium Way,3635,3574,Brewer Park,3748
P2,Colonel By,574,513,Hogs Back Plaza (SW dest.),952
P5,Stadium Way,877,816,Brewer Park,973
P7,Bronson Ave & University Dr,6793,6732,Brewer Park,6884
P7,Bronson Ave & University Dr,4283,4222,Brewer Park,4726
P1,Colonel By,154,93,Hogs Back Plaza (SW dest.),337
P6,Colonel By,1096,1035,Hogs Back Plaza (SW dest.),1784
P4,Stadium Way,3167,3106,Brewer Park,3287
P5,Stadium Way,1371,1310,Brewer Park,1482
P7,Bronson Ave & University Dr,6719,6658,Brewer Park,6964
P7,Bronson Ave & University Dr,5231,5170,Brewer Park,5335
P3,Stadium Way,3754,3693,Brewer Park,3862
P7,Colonel By,5238,5177,Hogs Back Plaza (SW dest.),5878
P6,Colonel By,792,731,Hogs Back Plaza (SW dest.),1285
P7,Colonel By,6455,6394,Hogs Back Plaza (SW dest.),6725
P7,Colonel By,6167,6106,Hogs Back Plaza (SW dest.),6514
P6,Colonel By,3416,3355,Hogs Back Plaza (SW dest.),4488
P6,Colonel By,1320,1259,Hogs Back Plaza (SW dest.),2161
P1,Colonel By,319,258,Hogs Back Plaza (SW dest.),535
P5,Stadium Way,410,349,Brewer Park,518
P5,Stadium Way,1247,1186,Brewer Park,1354
P5,Stadium Way,158,97,Brewer Park,183
P7,Bronson Ave & University Dr,6878,6817,Hogs Back Plaza (SW dest.),7378
P6,Colonel By,1459,1398,Hogs Back Plaza (SW dest.),2380
P7,Bronson Ave & University Dr,4255,4194,Brewer Park,4696
P1,Colonel By,210,149,Hogs Back Plaza (SW dest.),407
P3,Stadium Way,3215,3154,Brewer Park,3334
P6,Colonel By,1378,1317,Hogs Back Plaza (SW dest.),2235
P2,Colonel By,162,101,Hogs Back Plaza (SW dest.),713
P3,Stadium Way,3905,3844,Brewer Park,4014
P7,Colonel By,4535,4474,Hogs Back Plaza (SW dest.),5372
P6,Colonel By,2769,2708,Hogs Back Plaza (SW dest.),3864
P6,Colonel By,2025,1964,Hogs Back Plaza (SW dest.),3130
P1,Colonel By,369,308,Hogs Back Plaza (SW dest.),589
P6,Colonel By,2678,2617,Hogs Back Plaza (SW dest.),3758
P7,Colonel By,6226,6165,Hogs Back Plaza (SW dest.),6571
P3,Stadium Way,3338,3277,Brewer Park,3450
P2,Colonel By,610,549,Hogs Back Plaza (SW dest.),1016
P5,Stadium Way,2550,2489,Brewer Park,2662
P7,Bronson Ave & University Dr,4645,4584,Brewer Park,4944
P6,Colonel By,734,673,Hogs Back Plaza (SW dest.),1199
P7,Bronson Ave & University Dr,6526,6465,Brewer Park,6610
P6,Colonel By,3908,3847,Hogs Back Plaza (SW dest.),4974
P7,Bronson Ave & University Dr,4356,4295,Brewer Park,4766
P5,Stadium Way,1577,1516,Brewer Park,1684
P6,Colonel By,1157,1096,Hogs Back Plaza (SW dest.),1884
P7,Colonel By,5714,5653,Hogs Back Plaza (SW dest.),6200
P5,Stadium Way,2792,2731,Brewer Park,2896
P6,Colonel By,1488,1427,Hogs Back Plaza (SW dest.),2428
P6,Colonel By,1569,1508,Hogs Back Plaza (SW dest.),2556
P3,Stadium Way,3965,3904,Brewer Park,4073
P7,Bronson Ave & University Dr,5676,5615,Brewer Park,5942
P5,Stadium Way,320,259,Brewer Park,399
P7,Bronson Ave & University Dr,4983,4922,Brewer Park,5198
P5,Stadium Way,1913,1852,Brewer Park,2020
P5,Stadium Way,500,439,Brewer Park,610
P6,Colonel By,1542,1481,Hogs Back Plaza (SW dest.),2514
P6,Colonel By,2537,2476,Hogs Back Plaza (SW dest.),3626
P7,Colonel By,4468,4407,Hogs Back Plaza (SW dest.),5308
P6,Colonel By,2690,2629,Hogs Back Plaza (SW dest.),3771
P7,Bronson Ave & University Dr,6941,6880,Brewer Park,7213
P6,Colonel By,2751,2690,Hogs Back Plaza (SW dest.),3847
P1,Colonel By,364,303,Hogs Back Plaza (SW dest.),585
P5,Stadium Way,1293,1232,Brewer Park,1402
P6,Colonel By,1747,1686,Hogs Back Plaza (SW dest.),2832
P6,Colonel By,3049,2988,Hogs Back Plaza (SW dest.),4113
P7,Bronson Ave & University Dr,5035,4974,Brewer Park,5221
P5,Stadium Way,424,363,Brewer Park,535
P7,Colonel By,5229,5168,Hogs Back Plaza (SW dest.),5874
P2,Colonel By,657,596,Hogs Back Plaza (SW dest.),1080
P7,Bronson Ave & University Dr,6691,6630,Brewer Park,6775
P5,Stadium Way,2923,2862,Brewer Park,3031
P7,Bronson Ave & University Dr,6197,6136,Brewer Park,6281
P6,Colonel By,1679,1618,Hogs Back Plaza (SW dest.),2738
P7,Bronson Ave & University Dr,5546,5485,Hogs Back Plaza (SW dest.),6307
P5,Stadium Way,510,449,Brewer Park,618
P5,Stadium Way,2766,2705,Brewer Park,2872
P7,Bronson Ave & University Dr,6749,6688,Brewer Park,7004
P7,Bronson Ave & University Dr,6972,6911,Hogs Back Plaza (SW dest.),7476
P3,Stadium Way,3241,3180,Brewer Park,3356
P6,Colonel By,3795,3734,Hogs Back Plaza (SW dest.),4877
P3,Stadium Way,3283,3222,Brewer Park,3394
P5,Stadium Way,886,825,Brewer Park,986
P6,Colonel By,2260,2199,Hogs Back Plaza (SW dest.),3357
P7,Colonel By,6450,6389,Hogs Back Plaza (SW dest.),6720
P6,Colonel By,868,807,Hogs Back Plaza (SW dest.),1414
P3,Stadium Way,3933,3872,Brewer Park,4045
P5,Stadium Way,2729,2668,Brewer Park,2839
P7,Bronson Ave & University Dr,6417,6356,Brewer Park,6500
P5,Stadium Way,1149,1088,Brewer Park,1250
P7,Colonel By,5103,5042,Hogs Back Plaza (SW dest.),5774
P7,Bronson Ave & University Dr,5150,5089,Brewer Park,5298
P6,Colonel By,2734,2673,Hogs Back Plaza (SW dest.),3825
P7,Bronson Ave & University Dr,6624,6563,Brewer Park,6719
P7,Bronson Ave & University Dr,5615,5554,Hogs Back Plaza (SW dest.),6349
P6,Colonel By,1490,1429,Hogs Back Plaza (SW dest.),2432
P6,Colonel By,1133,1072,Hogs Back Plaza (SW dest.),1848
P3,Stadium Way,3533,3472,Brewer Park,3645
P6,Colonel By,697,636,Hogs Back Plaza (SW dest.),1150
P6,Colonel By,1590,1529,Hogs Back Plaza (SW dest.),2588
P4,Stadium Way,440,379,Brewer Park,560
P5,Stadium Way,1205,1144,Brewer Park,1313
P6,Colonel By,4016,3955,Hogs Back Plaza (SW dest.),5079
P3,Stadium Way,3677,3616,Brewer Park,3786
P6,Colonel By,2036,1975,Hogs Back Plaza (SW dest.),3142
P5,Stadium Way,1266,1205,Brewer Park,1372
P6,Colonel By,1342,1281,Hogs Back Plaza (SW dest.),2183
P7,Bronson Ave & University Dr,5491,5430,Brewer Park,5567
P7,Colonel By,4730,4669,Hogs Back Plaza (SW dest.),5526
P5,Stadium Way,361,300,Brewer Park,465
P1,Colonel By,461,400,Hogs Back Plaza (SW dest.),691
P5,Stadium Way,2292,2231,Brewer Park,2397
P7,Bronson Ave & University Dr,6970,6909,Hogs Back Plaza (SW dest.),7471
P7,Bronson Ave & University Dr,5405,5344,Brewer Park,5498
P5,Stadium Way,1892,1831,Brewer Park,2002
P6,Colonel By,1119,1058,Hogs Back Plaza (SW dest.),1819
P7,Bronson Ave & University Dr,4937,4876,Brewer Park,5160
P6,Colonel By,797,736,Hogs Back Plaza (SW dest.),1293
P7,Colonel By,6539,6478,Hogs Back Plaza (SW dest.),6781
P6,Colonel By,3097,3036,Hogs Back Plaza (SW dest.),4166
P7,Colonel By,5675,5614,Hogs Back Plaza (SW dest.),6173
P3,Stadium Way,3721,3660,Brewer Park,3837
P7,Colonel By,6059,5998,Hogs Back Plaza (SW dest.),6443
P5,Stadium Way,1296,1235,Brewer Park,1407
P7,Colonel By,6526,6465,Hogs Back Plaza (SW dest.),6767
P5,Stadium Way,1520,1459,Brewer Park,1625
P7,Bronson Ave & University Dr,6136,6075,Brewer Park,6221
P7,Colonel By,6860,6799,Hogs Back Plaza (SW dest.),7027
P6,Colonel By,2672,2611,Hogs Back Plaza (SW dest.),3749
P6,Colonel By,2005,1944,Hogs Back Plaza (SW dest.),3108
P7,Bronson Ave & University Dr,6831,6770,Hogs Back Plaza (SW dest.),7306
P7,Bronson Ave & University Dr,6931,6870,Brewer Park,7205
P5,Stadium Way,254,193,Brewer Park,315
P6,Colonel By,2504,2443,Hogs Back Plaza (SW dest.),3592
P5,Stadium Way,633,572,Brewer Park,746
P6,Colonel By,1304,1243,Hogs Back Plaza (SW dest.),2126
P7,Colonel By,4677,4616,Hogs Back Plaza (SW dest.),5492
P5,Stadium Way,212,151,Brewer Park,257
P5,Stadium Way,1432,1371,Brewer Park,1528
P6,Colonel By,2787,2726,Hogs Back Plaza (SW dest.),3889
P6,Colonel By,3167,3106,Hogs Back Plaza (SW dest.),4258
P6,Colonel By,816,755,Hogs Back Plaza (SW dest.),1324
P6,Colonel By,1050,989,Hogs Back Plaza (SW dest.),1706
P5,Stadium Way,1282,1221,Brewer Park,1389
P6,Colonel By,1445,1384,Hogs Back Plaza (SW dest.),2347
P5,Stadium Way,2826,2765,Brewer Park,2940
P7,Bronson Ave & University Dr,5946,5885,Brewer Park,6035
P6,Colonel By,1246,1185,Hogs Back Plaza (SW dest.),2028
P7,Bronson Ave & University Dr,4669,4608,Brewer Park,4957
P7,Bronson Ave & University Dr,4762,4701,Brewer Park,5023
P6,Colonel By,3836,3775,Hogs Back Plaza (SW dest.),4902
P7,Bronson Ave & University Dr,6652,6591,Brewer Park,6740
P7,Bronson Ave & University Dr,6875,6814,Hogs Back Plaza (SW dest.),7374
P4,Stadium Way,4113,4052,Brewer Park,4215
P6,Colonel By,3361,3300,Hogs Back Plaza (SW dest.),4435
P7,Bronson Ave & University Dr,167,106,Brewer Park,4466
P6,Colonel By,2296,2235,Hogs Back Plaza (SW dest.),3397
P7,Colonel By,6114,6053,Hogs Back Plaza (SW dest.),6476
P7,Colonel By,4622,4561,Hogs Back Plaza (SW dest.),5438
P7,Colonel By,4484,4423,Hogs Back Plaza (SW dest.),5317
P3,Stadium Way,3298,3237,Brewer Park,3407
P6,Colonel By,1537,1476,Hogs Back Plaza (SW dest.),2505
P7,Bronson Ave & University Dr,146,85,Brewer Park,4444
P5,Stadium Way,2063,2002,Brewer Park,2180
P5,Stadium Way,2160,2099,Brewer Park,2274
P7,Colonel By,1354,1293,Hogs Back Plaza (SW dest.),2201
P6,Colonel By,1312,1251,Hogs Back Plaza (SW dest.),2144
P6,Colonel By,2727,2666,Hogs Back Plaza (SW dest.),3811
P1,Colonel By,345,284,Hogs Back Plaza (SW dest.),564
P3,Stadium Way,3656,3595,Brewer Park,3770
P7,Colonel By,4520,4459,Hogs Back Plaza (SW dest.),5355
P5,Stadium Way,1192,1131,Brewer Park,1297
P5,Stadium Way,919,858,Brewer Park,1026
P7,Bronson Ave & University Dr,2831,2770,Brewer Park,4596
P7,Colonel By,7395,7334,Hogs Back Plaza (SW dest.),7568
P4,Stadium Way,4163,4102,Brewer Park,4275
P7,Bronson Ave & University Dr,6300,6239,Brewer Park,6387
P7,Colonel By,4671,4610,Hogs Back Plaza (SW dest.),5487
P5,Stadium Way,2082,2021,Brewer Park,2197
P6,Colonel By,1313,1252,Hogs Back Plaza (SW dest.),2148
P7,Bronson Ave & University Dr,6657,6596,Brewer Park,6744
P5,Stadium Way,1497,1436,Brewer Park,1606
P6,Colonel By,2941,2880,Hogs Back Plaza (SW dest.),4019
P5,Stadium Way,385,324,Brewer Park,495
P7,Colonel By,5545,5484,Hogs Back Plaza (SW dest.),6093
P6,Colonel By,1475,1414,Hogs Back Plaza (SW dest.),2406
P7,Colonel By,6824,6763,Hogs Back Plaza (SW dest.),6991
P7,Colonel By,5493,5432,Hogs Back Plaza (SW dest.),6070
P7,Bronson Ave & University Dr,6950,6889,Brewer Park,7221
P7,Colonel By,6381,6320,Hogs Back Plaza (SW dest.),6668
P4,Stadium Way,4189,4128,Brewer Park,4301
P6,Colonel By,2238,2177,Hogs Back Plaza (SW dest.),3317
P6,Colonel By,870,809,Hogs Back Plaza (SW dest.),1419
P7,Bronson Ave & University Dr,4782,4721,Brewer Park,5041
P4,Stadium Way,2714,2653,Brewer Park,2821
P6,Colonel By,3595,3534,Hogs Back Plaza (SW dest.),4662
P6,Colonel By,3251,3190,Hogs Back Plaza (SW dest.),4347
P6,Colonel By,2784,2723,Hogs Back Plaza (SW dest.),3881
P7,Bronson Ave & University Dr,5511,5450,Brewer Park,5593
P1,Colonel By,297,236,Hogs Back Plaza (SW dest.),509
P5,Stadium Way,1253,1192,Brewer Park,1358
P3,Stadium Way,3150,3089,Brewer Park,3265
P4,Stadium Way,4216,4155,Brewer Park,4326
P5,Stadium Way,316,255,Brewer Park,394
P6,Colonel By,2264,2203,Hogs Back Plaza (SW dest.),3361
P5,Stadium Way,185,124,Brewer Park,225
P6,Colonel By,1651,1590,Hogs Back Plaza (SW dest.),2688
P6,Colonel By,1061,1000,Hogs Back Plaza (SW dest.),1727
P6,Colonel By,1848,1787,Hogs Back Plaza (SW dest.),2951
P7,Colonel By,5329,5268,Hogs Back Plaza (SW dest.),5952
P6,Colonel By,2950,2889,Hogs Back Plaza (SW dest.),4033
P3,Stadium Way,3795,3734,Brewer Park,3904
P5,Stadium Way,2402,2341,Brewer Park,2513
P7,Bronson Ave & University Dr,2199,2138,Brewer Park,4558
P5,Stadium Way,2802,2741,Brewer Park,2910
P3,Stadium Way,3138,3077,Brewer Park,3248
P6,Colonel By,3452,3391,Hogs Back Plaza (SW dest.),4527
P6,Colonel By,3160,3099,Hogs Back Plaza (SW dest.),4249
P4,Stadium Way,4301,4240,Brewer Park,4412
P6,Colonel By,3753,3692,Hogs Back Plaza (SW dest.),4806
P7,Bronson Ave & University Dr,5733,5672,Brewer Park,6012
P5,Stadium Way,2366,2305,Brewer Park,2467
P7,Bronson Ave & University Dr,6635,6574,Brewer Park,6727
P7,Bronson Ave & University Dr,194,133,Brewer Park,4487
P7,Colonel By,5182,5121,Hogs Back Plaza (SW dest.),5836
P6,Colonel By,1982,1921,Hogs Back Plaza (SW dest.),3072
P7,Bronson Ave & University Dr,6645,6584,Brewer Park,6736
P7,Colonel By,6340,6279,Hogs Back Plaza (SW dest.),6645
P5,Stadium Way,1763,1702,Brewer Park,1873
P7,Bronson Ave & University Dr,5386,5325,Brewer Park,5467
P3,Stadium Way,3969,3908,Brewer Park,4077
P6,Colonel By,1647,1586,Hogs Back Plaza (SW dest.),2680
P5,Stadium Way,2098,2037,Brewer Park,2209
P7,Bronson Ave & University Dr,5442,5381,Brewer Park,5526
P5,Stadium Way,908,847,Brewer Park,1021
P6,Colonel By,1011,950,Hogs Back Plaza (SW dest.),1637
P7,Bronson Ave & University Dr,4561,4500,Brewer Park,4887
P6,Colonel By,1473,1412,Hogs Back Plaza (SW dest.),2401
P7,Bronson Ave & University Dr,5126,5065,Brewer Park,5281
P5,Stadium Way,3014,2953,Brewer Park,3120
P7,Bronson Ave & University Dr,6172,6111,Brewer Park,6253
P2,Colonel By,529,468,Hogs Back Plaza (SW dest.),855
P7,Bronson Ave & University Dr,6761,6700,Brewer Park,6842
P4,Stadium Way,4202,4141,Brewer Park,4313
P6,Colonel By,2836,2775,Hogs Back Plaza (SW dest.),3926
P6,Colonel By,1524,1463,Hogs Back Plaza (SW dest.),2480
P4,Stadium Way,4089,4028,Brewer Park,4194
P5,Stadium Way,2108,2047,Brewer Park,2221
P7,Bronson Ave & University Dr,3364,3303,Brewer Park,4657
P5,Stadium Way,3079,3018,Brewer Park,3189
P1,Colonel By,426,365,Hogs Back Plaza (SW dest.),652
P6,Colonel By,806,745,Hogs Back Plaza (SW dest.),1310
P7,Bronson Ave & University Dr,4537,4476,Brewer Park,4866
P6,Colonel By,1155,1094,Hogs Back Plaza (SW dest.),1879
P4,Stadium Way,4288,4227,Brewer Park,4400
P1,Colonel By,136,75,Hogs Back Plaza (SW dest.),317
P6,Colonel By,3669,3608,Hogs Back Plaza (SW dest.),4729
P4,Stadium Way,287,226,Brewer Park,352
P2,Colonel By,192,131,Hogs Back Plaza (SW dest.),747
P6,Colonel By,2910,2849,Hogs Back Plaza (SW dest.),3986
P7,Colonel By,5610,5549,Hogs Back Plaza (SW dest.),6134
P6,Colonel By,884,823,Hogs Back Plaza (SW dest.),1440
P5,Stadium Way,961,900,Brewer Park,1067
P6,Colonel By,2151,2090,Hogs Back Plaza (SW dest.),3220
P7,Bronson Ave & University Dr,6487,6426,Brewer Park,6564
P7,Colonel By,5688,5627,Hogs Back Plaza (SW dest.),6182
P5,Stadium Way,992,931,Brewer Park,1100
P7,Bronson Ave & University Dr,5721,5660,Hogs Back Plaza (SW dest.),6429
P3,Stadium Way,3821,3760,Brewer Park,3926
P7,Colonel By,7429,7368,Hogs Back Plaza (SW dest.),7610
P6,Colonel By,2978,2917,Hogs Back Plaza (SW dest.),4070
P7,Colonel By,6719,6658,Hogs Back Plaza (SW dest.),6897
P6,Colonel By,2375,2314,Hogs Back Plaza (SW dest.),3462
P5,Stadium Way,2380,2319,Brewer Park,2484
P7,Bronson Ave & University Dr,3345,3284,Brewer Park,4634
P7,Colonel By,5551,5490,Hogs Back Plaza (SW dest.),6098
P5,Stadium Way,1167,1106,Brewer Park,1276
P5,Stadium Way,2815,2754,Brewer Park,2923
P3,Stadium Way,3708,3647,Brewer Park,3825
P6,Colonel By,3829,3768,Hogs Back Plaza (SW dest.),4892
P5,Stadium Way,2514,2453,Brewer Park,2625
P7,Bronson Ave & University Dr,6320,6259,Brewer Park,6401
P7,Bronson Ave & University Dr,5474,5413,Brewer Park,5556
P3,Stadium Way,3571,3510,Brewer Park,3684
P6,Colonel By,2767,2706,Hogs Back Plaza (SW dest.),3860
P6,Colonel By,1511,1450,Hogs Back Plaza (SW dest.),2457
P7,Colonel By,6848,6787,Hogs Back Plaza (SW dest.),7015
P4,Stadium Way,4148,4087,Brewer Park,4249
P6,Colonel By,1001,940,Hogs Back Plaza (SW dest.),1616
P6,Colonel By,3241,3180,Hogs Back Plaza (SW dest.),4339
P7,Colonel By,7408,7347,Hogs Back Plaza (SW dest.),7585
P5,Stadium Way,396,335,Brewer Park,505
P6,Colonel By,985,924,Hogs Back Plaza (SW dest.),1589
P7,Bronson Ave & University Dr,5311,5250,Brewer Park,5396
P7,Bronson Ave & University Dr,5492,5431,Hogs Back Plaza (SW dest.),6264
P6,Colonel By,799,738,Hogs Back Plaza (SW dest.),1297
P6,Colonel By,1479,1418,Hogs Back Plaza (SW dest.),2410
P6,Colonel By,699,638,Hogs Back Plaza (SW dest.),1154
P7,Bronson Ave & University Dr,5380,5319,Brewer Park,5457
P7,Bronson Ave & University Dr,4374,4313,Brewer Park,4771
P7,Bronson Ave & University Dr,6896,6835,Hogs Back Plaza (SW dest.),7387
P5,Stadium Way,313,252,Brewer Park,390
P6,Colonel By,3388,3327,Hogs Back Plaza (SW dest.),4471
P6,Colonel By,1198,1137,Hogs Back Plaza (SW dest.),1953
P5,Stadium Way,1094,1033,Brewer Park,1198
P6,Colonel By,855,794,Hogs Back Plaza (SW dest.),1393
P7,Bronson Ave & University Dr,5187,5126,Brewer Park,5312
P7,Colonel By,4659,4598,Hogs Back Plaza (SW dest.),5474
P5,Stadium Way,2470,2409,Brewer Park,2574
P5,Stadium Way,1481,1420,Brewer Park,1578
P6,Colonel By,3276,3215,Hogs Back Plaza (SW dest.),4356
P7,Colonel By,6571,6510,Hogs Back Plaza (SW dest.),6807
P7,Colonel By,7114,7053,Hogs Back Plaza (SW dest.),7289
P6,Colonel By,3130,3069,Hogs Back Plaza (SW dest.),4210
P7,Colonel By,5693,5632,Hogs Back Plaza (SW dest.),6186
P5,Stadium Way,800,739,Brewer Park,908
P6,Colonel By,1792,1731,Hogs Back Plaza (SW dest.),2888
P3,Stadium Way,3630,3569,Brewer Park,3740
P5,Stadium Way,2141,2080,Brewer Park,2254
P5,Stadium Way,2699,2638,Brewer Park,2801
P5,Stadium Way,2610,2549,Brewer Park,2720
P6,Colonel By,2550,2489,Hogs Back Plaza (SW dest.),3642
P6,Colonel By,2972,2911,Hogs Back Plaza (SW dest.),4062
P6,Colonel By,978,917,Hogs Back Plaza (SW dest.),1576
P1,Colonel By,192,131,Hogs Back Plaza (SW dest.),386
P7,Bronson Ave & University Dr,5056,4995,Brewer Park,5243
P6,Colonel By,1613,1552,Hogs Back Plaza (SW dest.),2622
P6,Colonel By,3780,3719,Hogs Back Plaza (SW dest.),4851
P7,Bronson Ave & University Dr,7063,7002,Brewer Park,7142
P6,Colonel By,4027,3966,Hogs Back Plaza (SW dest.),5101
P7,Bronson Ave & University Dr,6751,6690,Brewer Park,7012
P7,Bronson Ave & University Dr,6719,6658,Brewer Park,6804
P6,Colonel By,1943,1882,Hogs Back Plaza (SW dest.),3031
P7,Colonel By,4756,4695,Hogs Back Plaza (SW dest.),5547
P7,Colonel By,4064,4003,Hogs Back Plaza (SW dest.),5136
P6,Colonel By,939,878,Hogs Back Plaza (SW dest.),1517
P7,Bronson Ave & University Dr,141,80,Brewer Park,2547
P4,Stadium Way,3141,3080,Brewer Park,3252
P6,Colonel By,3577,3516,Hogs Back Plaza (SW dest.),4643
P6,Colonel By,3788,3727,Hogs Back Plaza (SW dest.),4864
P7,Bronson Ave & University Dr,6663,6602,Brewer Park,6748
P7,Bronson Ave & University Dr,7011,6950,Hogs Back Plaza (SW dest.),7503
P3,Stadium Way,3351,3290,Brewer Park,3463
P1,Colonel By,433,372,Hogs Back Plaza (SW dest.),661
P6,Colonel By,1383,1322,Hogs Back Plaza (SW dest.),2248
P7,Bronson Ave & University Dr,6509,6448,Brewer Park,6586
P6,Colonel By,1673,1612,Hogs Back Plaza (SW dest.),2725
P6,Colonel By,3961,3900,Hogs Back Plaza (SW dest.),5024
P5,Stadium Way,1741,1680,Brewer Park,1844
P6,Colonel By,2053,1992,Hogs Back Plaza (SW dest.),3155
P1,Colonel By,377,316,Hogs Back Plaza (SW dest.),598
P6,Colonel By,2306,2245,Hogs Back Plaza (SW dest.),3404
P6,Colonel By,3284,3223,Hogs Back Plaza (SW dest.),4364
P1,Colonel By,249,188,Hogs Back Plaza (SW dest.),451
P3,Stadium Way,3263,3202,Brewer Park,3377
P5,Stadium Way,1200,1139,Brewer Park,1309
P7,Bronson Ave & University Dr,6851,6790,Hogs Back Plaza (SW dest.),7324
P5,Stadium Way,734,673,Brewer Park,845
P5,Stadium Way,152,91,Brewer Park,174
P6,Colonel By,2255,2194,Hogs Back Plaza (SW dest.),3344
P3,Stadium Way,3706,3645,Brewer Park,3821
P6,Colonel By,3029,2968,Hogs Back Plaza (SW dest.),4091
P2,Colonel By,651,590,Hogs Back Plaza (SW dest.),1071
P3,Stadium Way,3597,3536,Brewer Park,3708
P4,Stadium Way,4051,3990,Brewer Park,4161
P7,Bronson Ave & University Dr,4825,4764,Brewer Park,5072
P7,Bronson Ave & University Dr,6423,6362,Brewer Park,6504
P7,Bronson Ave & University Dr,4976,4915,Brewer Park,5190
P6,Colonel By,1226,1165,Hogs Back Plaza (SW dest.),1988
P6,Colonel By,2695,2634,Hogs Back Plaza (SW dest.),3775
P7,Bronson Ave & University Dr,6568,6507,Brewer Park,6659
P5,Stadium Way,1923,1862,Brewer Park,2036
P7,Colonel By,6133,6072,Hogs Back Plaza (SW dest.),6492
P4,Stadium Way,3084,3023,Brewer Park,3198
P6,Colonel By,1923,1862,Hogs Back Plaza (SW dest.),3022
P7,Colonel By,6196,6135,Hogs Back Plaza (SW dest.),6535
P6,Colonel By,3742,3681,Hogs Back Plaza (SW dest.),4798
P6,Colonel By,1043,982,Hogs Back Plaza (SW dest.),1693
P5,Stadium Way,733,672,Brewer Park,841
P3,Stadium Way,3919,3858,Brewer Park,4028
P6,Colonel By,1652,1591,Hogs Back Plaza (SW dest.),2692
P6,Colonel By,1440,1379,Hogs Back Plaza (SW dest.),2338
P7,Bronson Ave & University Dr,5255,5194,Brewer Park,5349
P7,Colonel By,4075,4014,Hogs Back Plaza (SW dest.),5154
P6,Colonel By,2667,2606,Hogs Back Plaza (SW dest.),3740
P6,Colonel By,1438,1377,Hogs Back Plaza (SW dest.),2334
P7,Colonel By,4578,4517,Hogs Back Plaza (SW dest.),5404
P7,Bronson Ave & University Dr,6024,5963,Brewer Park,6107
P5,Stadium Way,515,454,Brewer Park,622
P7,Bronson Ave & University Dr,4448,4387,Brewer Park,4820
P6,Colonel By,3089,3028,Hogs Back Plaza (SW dest.),4158
P7,Bronson Ave & University Dr,6925,6864,Brewer Park,7200
P2,Colonel By,647,586,Hogs Back Plaza (SW dest.),1063
P3,Stadium Way,3345,3284,Brewer Park,3460
P7,Bronson Ave & University Dr,6702,6641,Brewer Park,6784
P7,Colonel By,5681,5620,Hogs Back Plaza (SW dest.),6177
P6,Colonel By,1811,1750,Hogs Back Plaza (SW dest.),2922
P6,Colonel By,3206,3145,Hogs Back Plaza (SW dest.),4297
P7,Bronson Ave & University Dr,6580,6519,Brewer Park,6676
P2,Colonel By,553,492,Hogs Back Plaza (SW dest.),916
P7,Colonel By,6087,6026,Hogs Back Plaza (SW dest.),6452
P7,Colonel By,5142,5081,Hogs Back Plaza (SW dest.),5802
P7,Colonel By,6759,6698,Hogs Back Plaza (SW dest.),6925
P7,Colonel By,5727,5666,Hogs Back Plaza (SW dest.),6212
P2,Colonel By,606,545,Hogs Back Plaza (SW dest.),1008
P7,Bronson Ave & University Dr,5135,5074,Brewer Park,5286
P3,Stadium Way,3629,3568,Brewer Park,3735
P5,Stadium Way,284,223,Brewer Park,347
P6,Colonel By,3363,3302,Hogs Back Plaza (SW dest.),4439
P7,Colonel By,6371,6310,Hogs Back Plaza (SW dest.),6663
P3,Stadium Way,3494,3433,Brewer Park,3606
P3,Stadium Way,3998,3937,Brewer Park,4105
P7,Bronson Ave & University Dr,5640,5579,Brewer Park,5901
P6,Colonel By,2175,2114,Hogs Back Plaza (SW dest.),3247
P6,Colonel By,3764,3703,Hogs Back Plaza (SW dest.),4828
P7,Bronson Ave & University Dr,4276,4215,Brewer Park,4721
P5,Stadium Way,2624,2563,Brewer Park,2732
P7,Bronson Ave & University Dr,6661,6600,Hogs Back Plaza (SW dest.),7131
P7,Bronson Ave & University Dr,5038,4977,Brewer Park,5225
P7,Colonel By,6161,6100,Hogs Back Plaza (SW dest.),6510
P7,Bronson Ave & University Dr,5633,5572,Hogs Back Plaza (SW dest.),6368
P7,Bronson Ave & University Dr,6774,6713,Hogs Back Plaza (SW dest.),7248
P6,Colonel By,3221,3160,Hogs Back Plaza (SW dest.),4313
P7,Bronson Ave & University Dr,5712,5651,Brewer Park,5998
P6,Colonel By,2655,2594,Hogs Back Plaza (SW dest.),3728
P5,Stadium Way,2408,2347,Brewer Park,2518
P5,Stadium Way,792,731,Brewer Park,895
P3,Stadium Way,3574,3513,Brewer Park,3688
P6,Colonel By,3129,3068,Hogs Back Plaza (SW dest.),4206
P3,Stadium Way,3641,3580,Brewer Park,3752
P6,Colonel By,3940,3879,Hogs Back Plaza (SW dest.),5001
P7,Bronson Ave & University Dr,5353,5292,Brewer Park,5438
P7,Bronson Ave & University Dr,6691,6630,Hogs Back Plaza (SW dest.),7168
P6,Colonel By,1203,1142,Hogs Back Plaza (SW dest.),1962
P7,Bronson Ave & University Dr,7028,6967,Brewer Park,7301
P5,Stadium Way,1817,1756,Brewer Park,1924
P6,Colonel By,1946,1885,Hogs Back Plaza (SW dest.),3035
P7,Bronson Ave & University Dr,6102,6041,Brewer Park,6183
P7,Colonel By,4751,4690,Hogs Back Plaza (SW dest.),5544
P6,Colonel By,3987,3926,Hogs Back Plaza (SW dest.),5056
P5,Stadium Way,241,180,Brewer Park,297
P5,Stadium Way,1770,1709,Brewer Park,1882
P1,Colonel By,222,161,Hogs Back Plaza (SW dest.),419
P6,Colonel By,1656,1595,Hogs Back Plaza (SW dest.),2697
P7,Bronson Ave & University Dr,6728,6667,Hogs Back Plaza (SW dest.),7182
P5,Stadium Way,1826,1765,Brewer Park,1932
P4,Stadium Way,4137,4076,Brewer Park,4237
P6,Colonel By,2825,2764,Hogs Back Plaza (SW dest.),3918
P7,Bronson Ave & University Dr,5496,5435,Brewer Park,5578
P2,Colonel By,185,124,Hogs Back Plaza (SW dest.),739
P7,Colonel By,6298,6237,Hogs Back Plaza (SW dest.),6627
P4,Stadium Way,2814,2753,Brewer Park,2919
P7,Bronson Ave & University Dr,6529,6468,Brewer Park,6614
P6,Colonel By,3970,3909,Hogs Back Plaza (SW dest.),5033
P7,Colonel By,4112,4051,Hogs Back Plaza (SW dest.),5193
P7,Colonel By,4735,4674,Hogs Back Plaza (SW dest.),5531
P6,Colonel By,3064,3003,Hogs Back Plaza (SW dest.),4125
P7,Bronson Ave & University Dr,6975,6914,Brewer Park,7238
P7,Colonel By,6138,6077,Hogs Back Plaza (SW dest.),6496
P5,Stadium Way,2104,2043,Brewer Park,2217
P6,Colonel By,1717,1656,Hogs Back Plaza (SW dest.),2788
P7,Colonel By,4837,4776,Hogs Back Plaza (SW dest.),5604
P7,Bronson Ave & University Dr,4401,4340,Brewer Park,4790
P7,Bronson Ave & University Dr,6357,6296,Brewer Park,6436
P7,Colonel By,5066,5005,Hogs Back Plaza (SW dest.),5753
P6,Colonel By,3964,3903,Hogs Back Plaza (SW dest.),5028
P5,Stadium Way,2700,2639,Brewer Park,2805
P5,Stadium Way,2788,2727,Brewer Park,2892
P7,Bronson Ave & University Dr,6830,6769,Brewer Park,7084
P2,Colonel By,547,486,Hogs Back Plaza (SW dest.),903
P6,Colonel By,1757,1696,Hogs Back Plaza (SW dest.),2845
P6,Colonel By,3640,3579,Hogs Back Plaza (SW dest.),4698
P6,Colonel By,832,771,Hogs Back Plaza (SW dest.),1357
P7,Bronson Ave & University Dr,2607,2546,Brewer Park,4567
P6,Colonel By,1859,1798,Hogs Back Plaza (SW dest.),2963
P3,Stadium Way,3474,3413,Brewer Park,3584
P3,Stadium Way,3627,3566,Brewer Park,3731
P5,Stadium Way,1365,1304,Brewer Park,1465
P6,Colonel By,771,710,Hogs Back Plaza (SW dest.),1255
P5,Stadium Way,2963,2902,Brewer Park,3078
P7,Bronson Ave & University Dr,2618,2557,Brewer Park,4578
P6,Colonel By,3718,3657,Hogs Back Plaza (SW dest.),4776
P5,Stadium Way,824,763,Brewer Park,933
P7,Bronson Ave & University Dr,6178,6117,Brewer Park,6258
P3,Stadium Way,3765,3704,Brewer Park,3874
P7,Bronson Ave & University Dr,4739,4678,Brewer Park,5005
P1,Colonel By,146,85,Hogs Back Plaza (SW dest.),329
P6,Colonel By,1464,1403,Hogs Back Plaza (SW dest.),2384
P7,Colonel By,4144,4083,Hogs Back Plaza (SW dest.),5232
P3,Stadium Way,3483,3422,Brewer Park,3593
P7,Bronson Ave & University Dr,5203,5142,Brewer Park,5325
P6,Colonel By,933,872,Hogs Back Plaza (SW dest.),1513
P6,Colonel By,1253,1192,Hogs Back Plaza (SW dest.),2044
P5,Stadium Way,1874,1813,Brewer Park,1977
P5,Stadium Way,1833,1772,Brewer Park,1941
P7,Bronson Ave & University Dr,7228,7167,Brewer Park,7310
P7,Colonel By,4617,4556,Hogs Back Plaza (SW dest.),5434
P5,Stadium Way,2295,2234,Brewer Park,2401
P7,Bronson Ave & University Dr,7025,6964,Brewer Park,7295
P3,Stadium Way,3900,3839,Brewer Park,4006
P7,Bronson Ave & University Dr,1576,1515,Brewer Park,4537
P2,Colonel By,544,483,Hogs Back Plaza (SW dest.),894
P6,Colonel By,1231,1170,Hogs Back Plaza (SW dest.),2005
P7,Bronson Ave & University Dr,4971,4910,Brewer Park,5185
P7,Bronson Ave & University Dr,7297,7236,Brewer Park,7377
P3,Stadium Way,3424,3363,Brewer Park,3534
P6,Colonel By,2822,2761,Hogs Back Plaza (SW dest.),3910
P6,Colonel By,3499,3438,Hogs Back Plaza (SW dest.),4576
P7,Colonel By,6400,6339,Hogs Back Plaza (SW dest.),6685
P5,Stadium Way,1693,1632,Brewer Park,1804
P5,Stadium Way,2174,2113,Brewer Park,2285
P6,Colonel By,3902,3841,Hogs Back Plaza (SW dest.),4964
P6,Colonel By,1248,1187,Hogs Back Plaza (SW dest.),2031
P7,Bronson Ave & University Dr,6813,6752,Hogs Back Plaza (SW dest.),7297
P3,Stadium Way,3696,3635,Brewer Park,3808
P5,Stadium Way,2025,1964,Brewer Park,2133
P7,Bronson Ave & University Dr,4674,4613,Brewer Park,4962
P5,Stadium Way,1941,1880,Brewer Park,2055
P7,Colonel By,7377,7316,Hogs Back Plaza (SW dest.),7543
P7,Colonel By,4941,4880,Hogs Back Plaza (SW dest.),5668
P7,Bronson Ave & University Dr,6664,6603,Brewer Park,6935
P4,Stadium Way,3258,3197,Brewer Park,3373
P7,Colonel By,4917,4856,Hogs Back Plaza (SW dest.),5651
P6,Colonel By,1941,1880,Hogs Back Plaza (SW dest.),3027
P7,Colonel By,4408,4347,Hogs Back Plaza (SW dest.),5254
P7,Colonel By,6485,6424,Hogs Back Plaza (SW dest.),6743
P5,Stadium Way,751,690,Brewer Park,866
P5,Stadium Way,1019,958,Brewer Park,1124
P7,Colonel By,6623,6562,Hogs Back Plaza (SW dest.),6858
P7,Bronson Ave & University Dr,171,110,Brewer Park,4470
P7,Bronson Ave & University Dr,5728,5667,Brewer Park,6008
P6,Colonel By,3587,3526,Hogs Back Plaza (SW dest.),4656
P5,Stadium Way,1959,1898,Brewer Park,2072
P6,Colonel By,1251,1190,Hogs Back Plaza (SW dest.),2039
P3,Stadium Way,3119,3058,Brewer Park,3239
P6,Colonel By,2303,2242,Hogs Back Plaza (SW dest.),3400
P6,Colonel By,1163,1102,Hogs Back Plaza (SW dest.),1897
P7,Colonel By,5375,5314,Hogs Back Plaza (SW dest.),5994
P6,Colonel By,3449,3388,Hogs Back Plaza (SW dest.),4523
P6,Colonel By,2425,2364,Hogs Back Plaza (SW dest.),3527
P5,Stadium Way,2897,2836,Brewer Park,3006
P2,Colonel By,467,406,Hogs Back Plaza (SW dest.),774
P6,Colonel By,2730,2669,Hogs Back Plaza (SW dest.),3816
P6,Colonel By,1269,1208,Hogs Back Plaza (SW dest.),2069
P7,Bronson Ave & University Dr,6188,6127,Brewer Park,6271
P2,Colonel By,602,541,Hogs Back Plaza (SW dest.),1000
P7,Bronson Ave & University Dr,6874,6813,Hogs Back Plaza (SW dest.),7369
P6,Colonel By,3371,3310,Hogs Back Plaza (SW dest.),4447
P7,Colonel By,5574,5513,Hogs Back Plaza (SW dest.),6116
P5,Stadium Way,1969,1908,Brewer Park,2084
P6,Colonel By,1525,1464,Hogs Back Plaza (SW dest.),2484
P6,Colonel By,2964,2903,Hogs Back Plaza (SW dest.),4050
P7,Colonel By,4882,4821,Hogs Back Plaza (SW dest.),5638
P3,Stadium Way,3951,3890,Brewer Park,4061
P5,Stadium Way,3018,2957,Brewer Park,3129
P5,Stadium Way,2556,2495,Brewer Park,2671
P6,Colonel By,3945,3884,Hogs Back Plaza (SW dest.),5009
P6,Colonel By,1668,1607,Hogs Back Plaza (SW dest.),2720
P6,Colonel By,2172,2111,Hogs Back Plaza (SW dest.),3242
P7,Colonel By,5031,4970,Hogs Back Plaza (SW dest.),5727
P5,Stadium Way,1158,1097,Brewer Park,1262
P7,Bronson Ave & University Dr,5657,5596,Brewer Park,5926
P7,Colonel By,5054,4993,Hogs Back Plaza (SW dest.),5748
P7,Colonel By,6531,6470,Hogs Back Plaza (SW dest.),6772
P7,Bronson Ave & University Dr,5454,5393,Brewer Park,5538
P7,Bronson Ave & University Dr,5051,4990,Brewer Park,5238
P7,Bronson Ave & University Dr,5638,5577,Hogs Back Plaza (SW dest.),6372
P7,Colonel By,4511,4450,Hogs Back Plaza (SW dest.),5343
P3,Stadium Way,3731,3670,Brewer Park,3846
P6,Colonel By,2956,2895,Hogs Back Plaza (SW dest.),4041
P7,Bronson Ave & University Dr,6268,6207,Brewer Park,6351
P6,Colonel By,3305,3244,Hogs Back Plaza (SW dest.),4401
P5,Stadium Way,1275,1214,Brewer Park,1380
P7,Bronson Ave & University Dr,6996,6935,Brewer Park,7267
P5,Stadium Way,2466,2405,Brewer Park,2570
P6,Colonel By,3083,3022,Hogs Back Plaza (SW dest.),4149
P5,Stadium Way,1761,1700,Brewer Park,1869
P5,Stadium Way,2936,2875,Brewer Park,3048
P7,Bronson Ave & University Dr,4929,4868,Brewer Park,5153
P3,Stadium Way,3287,3226,Brewer Park,3402
P6,Colonel By,2743,2682,Hogs Back Plaza (SW dest.),3830
P7,Colonel By,5394,5333,Hogs Back Plaza (SW dest.),6017
P5,Stadium Way,1194,1133,Brewer Park,1301
P6,Colonel By,2707,2646,Hogs Back Plaza (SW dest.),3803
P7,Bronson Ave & University Dr,5709,5648,Brewer Park,5985
P5,Stadium Way,1355,1294,Brewer Park,1453
P6,Colonel By,892,831,Hogs Back Plaza (SW dest.),1449
P7,Bronson Ave & University Dr,5616,5555,Brewer Park,5700
P5,Stadium Way,1366,1305,Brewer Park,1473
P5,Stadium Way,1106,1045,Brewer Park,1211
P5,Stadium Way,210,149,Brewer Park,253
P3,Stadium Way,3366,3305,Brewer Park,3480
P6,Colonel By,3879,3818,Hogs Back Plaza (SW dest.),4945
P3,Stadium Way,3972,3911,Brewer Park,4081
P6,Colonel By,1165,1104,Hogs Back Plaza (SW dest.),1901
P3,Stadium Way,3702,3641,Brewer Park,3813
P7,Colonel By,6246,6185,Hogs Back Plaza (SW dest.),6588
P6,Colonel By,3586,3525,Hogs Back Plaza (SW dest.),4652
P5,Stadium Way,2837,2776,Brewer Park,2949
P7,Bronson Ave & University Dr,6288,6227,Brewer Park,6379
P6,Colonel By,1308,1247,Hogs Back Plaza (SW dest.),2135
P6,Colonel By,3544,3483,Hogs Back Plaza (SW dest.),4618
P7,Colonel By,4720,4659,Hogs Back Plaza (SW dest.),5518
P6,Colonel By,3608,3547,Hogs Back Plaza (SW dest.),4681
P5,Stadium Way,2178,2117,Brewer Park,2289
P7,Bronson Ave & University Dr,5301,5240,Brewer Park,5385
P7,Colonel By,5117,5056,Hogs Back Plaza (SW dest.),5783
P5,Stadium Way,745,684,Brewer Park,858
P5,Stadium Way,2731,2670,Brewer Park,2843
P6,Colonel By,1986,1925,Hogs Back Plaza (SW dest.),3081
P3,Stadium Way,3992,3931,Brewer Park,4097
P6,Colonel By,3119,3058,Hogs Back Plaza (SW dest.),4201
P7,Bronson Ave & University Dr,6633,6572,Hogs Back Plaza (SW dest.),7103
P6,Colonel By,2382,2321,Hogs Back Plaza (SW dest.),3471
P3,Stadium Way,3469,3408,Brewer Park,3575
P5,Stadium Way,2603,2542,Brewer Park,2712
P5,Stadium Way,2565,2504,Brewer Park,2675
P5,Stadium Way,3030,2969,Brewer Park,3143
P7,Bronson Ave & University Dr,3349,3288,Brewer Park,4639
P7,Bronson Ave & University Dr,5561,5500,Brewer Park,5641
P2,Colonel By,676,615,Hogs Back Plaza (SW dest.),1114
P3,Stadium Way,3568,3507,Brewer Park,3679
P7,Colonel By,4555,4494,Hogs Back Plaza (SW dest.),5385
P7,Bronson Ave & University Dr,5304,5243,Brewer Park,5388
P7,Bronson Ave & University Dr,4813,4752,Brewer Park,5067
P7,Colonel By,6289,6228,Hogs Back Plaza (SW dest.),6618
P1,Colonel By,242,181,Hogs Back Plaza (SW dest.),442
P6,Colonel By,787,726,Hogs Back Plaza (SW dest.),1272
P6,Colonel By,2096,2035,Hogs Back Plaza (SW dest.),3186
P6,Colonel By,1367,1306,Hogs Back Plaza (SW dest.),2217
P6,Colonel By,1564,1503,Hogs Back Plaza (SW dest.),2547
P7,Bronson Ave & University Dr,6962,6901,Hogs Back Plaza (SW dest.),7459
P6,Colonel By,2538,2477,Hogs Back Plaza (SW dest.),3630
P7,Bronson Ave & University Dr,6810,6749,Brewer Park,7067
P5,Stadium Way,1208,1147,Brewer Park,1317
P5,Stadium Way,1141,1080,Brewer Park,1245
P7,Bronson Ave & University Dr,5604,5543,Brewer Park,5683
P5,Stadium Way,2755,2694,Brewer Park,2864
P4,Stadium Way,2769,2708,Brewer Park,2876
P5,Stadium Way,662,601,Brewer Park,766
P6,Colonel By,2514,2453,Hogs Back Plaza (SW dest.),3608
P5,Stadium Way,3028,2967,Brewer Park,3139
P6,Colonel By,1055,994,Hogs Back Plaza (SW dest.),1711
P6,Colonel By,3386,3325,Hogs Back Plaza (SW dest.),4463
P6,Colonel By,2706,2645,Hogs Back Plaza (SW dest.),3798
P7,Bronson Ave & University Dr,6716,6655,Brewer Park,6959
P6,Colonel By,944,883,Hogs Back Plaza (SW dest.),1525
P5,Stadium Way,2158,2097,Brewer Park,2270
P7,Colonel By,6094,6033,Hogs Back Plaza (SW dest.),6457
P7,Colonel By,5735,5674,Hogs Back Plaza (SW dest.),6221
P5,Stadium Way,2692,2631,Brewer Park,2796
P2,Colonel By,577,516,Hogs Back Plaza (SW dest.),961
P6,Colonel By,2346,2285,Hogs Back Plaza (SW dest.),3445
P4,Stadium Way,4232,4171,Brewer Park,4347
P3,Stadium Way,3226,3165,Brewer Park,3338
P6,Colonel By,1135,1074,Hogs Back Plaza (SW dest.),1852
P6,Colonel By,818,757,Hogs Back Plaza (SW dest.),1328
P6,Colonel By,1602,1541,Hogs Back Plaza (SW dest.),2605
P7,Bronson Ave & University Dr,6256,6195,Brewer Park,6337
P3,Stadium Way,3880,3819,Brewer Park,3984
P7,Bronson Ave & University Dr,6771,6710,Hogs Back Plaza (SW dest.),7238
P7,Colonel By,5018,4957,Hogs Back Plaza (SW dest.),5718
P7,Bronson Ave & University Dr,6736,6675,Brewer Park,6990
P7,Colonel By,4525,4464,Hogs Back Plaza (SW dest.),5363
P5,Stadium Way,2272,2211,Brewer Park,2389
P6,Colonel By,2762,2701,Hogs Back Plaza (SW dest.),3856
P7,Bronson Ave & University Dr,5014,4953,Brewer Park,5212
P7,Colonel By,4924,4863,Hogs Back Plaza (SW dest.),5655
P7,Colonel By,6007,5946,Hogs Back Plaza (SW dest.),6408
P7,Bronson Ave & University Dr,5177,5116,Brewer Park,5303
P1,Colonel By,237,176,Hogs Back Plaza (SW dest.),437
P6,Colonel By,1227,1166,Hogs Back Plaza (SW dest.),1992
P5,Stadium Way,216,155,Brewer Park,262
P7,Bronson Ave & University Dr,5937,5876,Brewer Park,6025
P6,Colonel By,926,865,Hogs Back Plaza (SW dest.),1497
P7,Colonel By,5124,5063,Hogs Back Plaza (SW dest.),5788
P6,Colonel By,1207,1146,Hogs Back Plaza (SW dest.),1970
P7,Bronson Ave & University Dr,5579,5518,Brewer Park,5660
P7,Bronson Ave & University Dr,94,33,Brewer Park,335
P2,Colonel By,674,613,Hogs Back Plaza (SW dest.),1110
P6,Colonel By,2923,2862,Hogs Back Plaza (SW dest.),3998
P7,Colonel By,4848,4787,Hogs Back Plaza (SW dest.),5612
P7,Colonel By,7461,7400,Hogs Back Plaza (SW dest.),7648
P7,Colonel By,5221,5160,Hogs Back Plaza (SW dest.),5866
P7,Colonel By,3429,3368,Hogs Back Plaza (SW dest.),4497
P6,Colonel By,3548,3487,Hogs Back Plaza (SW dest.),4626
P6,Colonel By,1546,1485,Hogs Back Plaza (SW dest.),2522
P5,Stadium Way,1774,1713,Brewer Park,1886
P7,Bronson Ave & University Dr,4849,4788,Brewer Park,5090
P6,Colonel By,1730,1669,Hogs Back Plaza (SW dest.),2817
P5,Stadium Way,1643,1582,Brewer Park,1765
P3,Stadium Way,3554,3493,Brewer Park,3671
P5,Stadium Way,1540,1479,Brewer Park,1648
P5,Stadium Way,2395,2334,Brewer Park,2504
P5,Stadium Way,1846,1785,Brewer Park,1956
P7,Bronson Ave & University Dr,5289,5228,Brewer Park,5371
P7,Colonel By,4047,3986,Hogs Back Plaza (SW dest.),5115
P6,Colonel By,3443,3382,Hogs Back Plaza (SW dest.),4510
P3,Stadium Way,3117,3056,Brewer Park,3235
P7,Bronson Ave & University Dr,3340,3279,Brewer Park,4630
P7,Colonel By,4910,4849,Hogs Back Plaza (SW dest.),5646
P6,Colonel By,901,840,Hogs Back Plaza (SW dest.),1459
P6,Colonel By,3942,3881,Hogs Back Plaza (SW dest.),5005
P3,Stadium Way,3186,3125,Brewer Park,3300
P5,Stadium Way,1238,1177,Brewer Park,1343
P6,Colonel By,2329,2268,Hogs Back Plaza (SW dest.),3432
P1,Colonel By,188,127,Hogs Back Plaza (SW dest.),381
P7,Colonel By,5777,5716,Hogs Back Plaza (SW dest.),6247
P6,Colonel By,1786,1725,Hogs Back Plaza (SW dest.),2884
P6,Colonel By,1002,941,Hogs Back Plaza (SW dest.),1620
P7,Colonel By,4589,4528,Hogs Back Plaza (SW dest.),5412
P6,Colonel By,2334,2273,Hogs Back Plaza (SW dest.),3437
P4,Stadium Way,4201,4140,Brewer Park,4309
P2,Colonel By,522,461,Hogs Back Plaza (SW dest.),841
P6,Colonel By,2746,2685,Hogs Back Plaza (SW dest.),3838
P7,Bronson Ave & University Dr,4416,4355,Brewer Park,4803
P6,Colonel By,2611,2550,Hogs Back Plaza (SW dest.),3690
P3,Stadium Way,3746,3685,Brewer Park,3854
P4,Stadium Way,4168,4107,Brewer Park,4279
P5,Stadium Way,3053,2992,Brewer Park,3165
P6,Colonel By,3564,3503,Hogs Back Plaza (SW dest.),4634
P6,Colonel By,1596,1535,Hogs Back Plaza (SW dest.),2601
P6,Colonel By,2372,2311,Hogs Back Plaza (SW dest.),3454
P2,Colonel By,188,127,Hogs Back Plaza (SW dest.),743
P5,Stadium Way,2443,2382,Brewer Park,2543
P6,Colonel By,3225,3164,Hogs Back Plaza (SW dest.),4320
P5,Stadium Way,2712,2651,Brewer Park,2817
P6,Colonel By,1454,1393,Hogs Back Plaza (SW dest.),2368
P7,Bronson Ave & University Dr,6551,6490,Brewer Park,6642
P5,Stadium Way,1472,1411,Brewer Park,1565
P5,Stadium Way,416,355,Brewer Park,527
P5,Stadium Way,880,819,Brewer Park,978
P7,Bronson Ave & University Dr,6027,5966,Brewer Park,6111
P7,Colonel By,4798,4737,Hogs Back Plaza (SW dest.),5574
P7,Bronson Ave & University Dr,4525,4464,Brewer Park,4856
P7,Bronson Ave & University Dr,6129,6068,Brewer Park,6210
P6,Colonel By,990,929,Hogs Back Plaza (SW dest.),1599
P3,Stadium Way,3244,3183,Brewer Park,3360
P4,Stadium Way,4260,4199,Brewer Park,4373
P7,Colonel By,5582,5521,Hogs Back Plaza (SW dest.),6121
P5,Stadium Way,341,280,Brewer Park,434
P5,Stadium Way,1384,1323,Brewer Park,1494
P7,Colonel By,4929,4868,Hogs Back Plaza (SW dest.),5659
P7,Colonel By,5174,5113,Hogs Back Plaza (SW dest.),5831
P7,Bronson Ave & University Dr,6800,6739,Brewer Park,7052
P7,Bronson Ave & University Dr,5695,5634,Hogs Back Plaza (SW dest.),6421
P5,Stadium Way,3009,2948,Brewer Park,3116
P6,Colonel By,2577,2516,Hogs Back Plaza (SW dest.),3671
P3,Stadium Way,3770,3709,Brewer Park,3879
P6,Colonel By,2108,2047,Hogs Back Plaza (SW dest.),3203
P5,Stadium Way,433,372,Brewer Park,547
P7,Colonel By,6230,6169,Hogs Back Plaza (SW dest.),6575
P7,Bronson Ave & University Dr,678,617,Brewer Park,4503
P7,Bronson Ave & University Dr,6534,6473,Brewer Park,6618
P1,Colonel By,99,38,Hogs Back Plaza (SW dest.),270
P7,Colonel By,4056,3995,Hogs Back Plaza (SW dest.),5124
P7,Colonel By,6304,6243,Hogs Back Plaza (SW dest.),6632
P2,Colonel By,634,573,Hogs Back Plaza (SW dest.),1050
P6,Colonel By,823,762,Hogs Back Plaza (SW dest.),1340
P6,Colonel By,3112,3051,Hogs Back Plaza (SW dest.),4186
P6,Colonel By,1234,1173,Hogs Back Plaza (SW dest.),2009
P7,Bronson Ave & University Dr,5590,5529,Brewer Park,5665
P5,Stadium Way,2482,2421,Brewer Park,2590
P5,Stadium Way,1582,1521,Brewer Park,1688
P7,Colonel By,4384,4323,Hogs Back Plaza (SW dest.),5236
P6,Colonel By,1421,1360,Hogs Back Plaza (SW dest.),2308
P6,Colonel By,3413,3352,Hogs Back Plaza (SW dest.),4485
P7,Bronson Ave & University Dr,5327,5266,Brewer Park,5412
P5,Stadium Way,1917,1856,Brewer Park,2028
P6,Colonel By,1804,1743,Hogs Back Plaza (SW dest.),2910
P4,Stadium Way,4322,4261,Brewer Park,4439
P5,Stadium Way,845,784,Brewer Park,960
P5,Stadium Way,3113,3052,Brewer Park,3227
P7,Colonel By,4495,4434,Hogs Back Plaza (SW dest.),5325
P7,Bronson Ave & University Dr,5553,5492,Brewer Park,5815
P5,Stadium Way,173,112,Brewer Park,208
P7,Bronson Ave & University Dr,4862,4801,Brewer Park,5103
P3,Stadium Way,3433,3372,Brewer Park,3542
P6,Colonel By,1196,1135,Hogs Back Plaza (SW dest.),1949
P7,Colonel By,6294,6233,Hogs Back Plaza (SW dest.),6623
P5,Stadium Way,2342,2281,Brewer Park,2443
P2,Colonel By,545,484,Hogs Back Plaza (SW dest.),898
P7,Colonel By,5301,5240,Hogs Back Plaza (SW dest.),5926
P7,Bronson Ave & University Dr,2827,2766,Brewer Park,4592
P7,Colonel By,4131,4070,Hogs Back Plaza (SW dest.),5215
P7,Bronson Ave & University Dr,102,41,Brewer Park,377
P6,Colonel By,3769,3708,Hogs Back Plaza (SW dest.),4839
P7,Bronson Ave & University Dr,5372,5311,Brewer Park,5453
P1,Colonel By,418,357,Hogs Back Plaza (SW dest.),643
P6,Colonel By,3904,3843,Hogs Back Plaza (SW dest.),4969
P1,Colonel By,335,274,Hogs Back Plaza (SW dest.),552
P7,Bronson Ave & University Dr,6918,6857,Brewer Park,7195
P1,Colonel By,268,207,Hogs Back Plaza (SW dest.),476
P7,Colonel By,6700,6639,Hogs Back Plaza (SW dest.),6892
P2,Colonel By,586,525,Hogs Back Plaza (SW dest.),979
P7,Colonel By,5306,5245,Hogs Back Plaza (SW dest.),5931
P7,Bronson Ave & University Dr,5454,5393,Hogs Back Plaza (SW dest.),6239
P7,Bronson Ave & University Dr,5515,5454,Hogs Back Plaza (SW dest.),6286
P7,Bronson Ave & University Dr,6944,6883,Brewer Park,7217
P7,Bronson Ave & University Dr,6963,6902,Hogs Back Plaza (SW dest.),7465
P7,Colonel By,2204,2143,Hogs Back Plaza (SW dest.),3273
P3,Stadium Way,3657,3596,Brewer Park,3774
P6,Colonel By,1100,1039,Hogs Back Plaza (SW dest.),1792
P2,Colonel By,178,117,Hogs Back Plaza (SW dest.),730
P7,Bronson Ave & University Dr,6888,6827,Brewer Park,7150
P5,Stadium Way,370,309,Brewer Park,478
P1,Colonel By,400,339,Hogs Back Plaza (SW dest.),622
P6,Colonel By,2431,2370,Hogs Back Plaza (SW dest.),3542
P1,Colonel By,164,103,Hogs Back Plaza (SW dest.),350
P7,Bronson Ave & University Dr,4803,4742,Brewer Park,5059
P7,Bronson Ave & University Dr,5542,5481,Brewer Park,5805
P1,Colonel By,214,153,Hogs Back Plaza (SW dest.),411
P7,Bronson Ave & University Dr,4324,4263,Brewer Park,4753
P7,Colonel By,5534,5473,Hogs Back Plaza (SW dest.),6088
P5,Stadium Way,1498,1437,Brewer Park,1598
P7,Colonel By,5474,5413,Hogs Back Plaza (SW dest.),6056
P4,Stadium Way,4178,4117,Brewer Park,4283
P7,Colonel By,4413,4352,Hogs Back Plaza (SW dest.),5258
P6,Colonel By,2249,2188,Hogs Back Plaza (SW dest.),3335
P5,Stadium Way,1609,1548,Brewer Park,1723
P5,Stadium Way,2839,2778,Brewer Park,2953
P1,Colonel By,276,215,Hogs Back Plaza (SW dest.),484
P3,Stadium Way,3501,3440,Brewer Park,3611
P4,Stadium Way,4245,4184,Brewer Park,4359
P7,Bronson Ave & University Dr,4649,4588,Brewer Park,4948
P6,Colonel By,800,739,Hogs Back Plaza (SW dest.),1301
P7,Bronson Ave & University Dr,6854,6793,Hogs Back Plaza (SW dest.),7329
P6,Colonel By,1450,1389,Hogs Back Plaza (SW dest.),2359
P5,Stadium Way,1501,1440,Brewer Park,1610
P6,Colonel By,1469,1408,Hogs Back Plaza (SW dest.),2393
P7,Bronson Ave & University Dr,5650,5589,Brewer Park,5915
P5,Stadium Way,925,864,Brewer Park,1034
P5,Stadium Way,3003,2942,Brewer Park,3107
P5,Stadium Way,1088,1027,Brewer Park,1194
P5,Stadium Way,506,445,Brewer Park,614
P7,Bronson Ave & University Dr,6844,6783,Brewer Park,7094
P6,Colonel By,2846,2785,Hogs Back Plaza (SW dest.),3931
P6,Colonel By,3889,3828,Hogs Back Plaza (SW dest.),4949
P7,Bronson Ave & University Dr,6835,6774,Brewer Park,7089
P3,Stadium Way,3144,3083,Brewer Park,3257
P3,Stadium Way,3827,3766,Brewer Park,3934
P5,Stadium Way,477,416,Brewer Park,587
P6,Colonel By,2229,2168,Hogs Back Plaza (SW dest.),3303
P6,Colonel By,1902,1841,Hogs Back Plaza (SW dest.),3002
P5,Stadium Way,2188,2127,Brewer Park,2302
P1,Colonel By,321,260,Hogs Back Plaza (SW dest.),540
P7,Bronson Ave & University Dr,5653,5592,Hogs Back Plaza (SW dest.),6381
P6,Colonel By,964,903,Hogs Back Plaza (SW dest.),1560
P6,Colonel By,2547,2486,Hogs Back Plaza (SW dest.),3638
P6,Colonel By,953,892,Hogs Back Plaza (SW dest.),1539
P5,Stadium Way,228,167,Brewer Park,280
P3,Stadium Way,3327,3266,Brewer Park,3434
P7,Bronson Ave & University Dr,697,636,Brewer Park,4508
P7,Bronson Ave & University Dr,5609,5548,Brewer Park,5864
P6,Colonel By,2403,2342,Hogs Back Plaza (SW dest.),3506
P6,Colonel By,3759,3698,Hogs Back Plaza (SW dest.),4819
P7,Colonel By,1785,1724,Hogs Back Plaza (SW dest.),2880
P6,Colonel By,3661,3600,Hogs Back Plaza (SW dest.),4715
P7,Colonel By,6396,6335,Hogs Back Plaza (SW dest.),6681
P5,Stadium Way,293,232,Brewer Park,360
P7,Bronson Ave & University Dr,6428,6367,Brewer Park,6519
P4,Stadium Way,2795,2734,Brewer Park,2901
P6,Colonel By,1666,1605,Hogs Back Plaza (SW dest.),2716
P1,Colonel By,325,264,Hogs Back Plaza (SW dest.),544
P7,Bronson Ave & University Dr,5570,5509,Brewer Park,5832
P5,Stadium Way,1018,957,Brewer Park,1120
P5,Stadium Way,2042,1981,Brewer Park,2159
P2,Colonel By,500,439,Hogs Back Plaza (SW dest.),799
P2,Colonel By,211,150,Hogs Back Plaza (SW dest.),769
P4,Stadium Way,427,366,Brewer Park,540
P5,Stadium Way,2774,2713,Brewer Park,2884
P6,Colonel By,3974,3913,Hogs Back Plaza (SW dest.),5037
P7,Colonel By,4429,4368,Hogs Back Plaza (SW dest.),5275
P6,Colonel By,2878,2817,Hogs Back Plaza (SW dest.),3961
P6,Colonel By,1004,943,Hogs Back Plaza (SW dest.),1624
P7,Bronson Ave & University Dr,4961,4900,Brewer Park,5177
P5,Stadium Way,2485,2424,Brewer Park,2594
P7,Bronson Ave & University Dr,4788,4727,Brewer Park,5050
P4,Stadium Way,4082,4021,Brewer Park,4189
P6,Colonel By,2724,2663,Hogs Back Plaza (SW dest.),3807
P2,Colonel By,649,588,Hogs Back Plaza (SW dest.),1067
P3,Stadium Way,3443,3382,Brewer Park,3551
P6,Colonel By,2884,2823,Hogs Back Plaza (SW dest.),3965
P7,Colonel By,5388,5327,Hogs Back Plaza (SW dest.),6008
P6,Colonel By,2337,2276,Hogs Back Plaza (SW dest.),3441
P7,Colonel By,5481,5420,Hogs Back Plaza (SW dest.),6061
P5,Stadium Way,1883,1822,Brewer Park,1993
P1,Colonel By,143,82,Hogs Back Plaza (SW dest.),326
P1,Colonel By,337,276,Hogs Back Plaza (SW dest.),556
P7,Colonel By,4504,4443,Hogs Back Plaza (SW dest.),5334
P6,Colonel By,2531,2470,Hogs Back Plaza (SW dest.),3617
P5,Stadium Way,799,738,Brewer Park,904
P4,Stadium Way,2655,2594,Brewer Park,2757
P6,Colonel By,1729,1668,Hogs Back Plaza (SW dest.),2812
P5,Stadium Way,776,715,Brewer Park,879
P6,Colonel By,3828,3767,Hogs Back Plaza (SW dest.),4888
P6,Colonel By,2258,2197,Hogs Back Plaza (SW dest.),3353
P6,Colonel By,3750,3689,Hogs Back Plaza (SW dest.),4802
P4,Stadium Way,4070,4009,Brewer Park,4177
P6,Colonel By,2243,2182,Hogs Back Plaza (SW dest.),3326
P7,Colonel By,4877,4816,Hogs Back Plaza (SW dest.),5634
P6,Colonel By,2388,2327,Hogs Back Plaza (SW dest.),3480
P5,Stadium Way,1411,1350,Brewer Park,1519
P7,Colonel By,4686,4625,Hogs Back Plaza (SW dest.),5496
P7,Bronson Ave & University Dr,159,98,Brewer Park,4456
P7,Bronson Ave & University Dr,6050,5989,Brewer Park,6130
P6,Colonel By,3762,3701,Hogs Back Plaza (SW dest.),4823
P6,Colonel By,1140,1079,Hogs Back Plaza (SW dest.),1866
P7,Bronson Ave & University Dr,5183,5122,Brewer Park,5308
P2,Colonel By,609,548,Hogs Back Plaza (SW dest.),1012
P3,Stadium Way,3810,3749,Brewer Park,3921
P5,Stadium Way,2745,2684,Brewer Park,2860
P6,Colonel By,3665,3604,Hogs Back Plaza (SW dest.),4724
P5,Stadium Way,1278,1217,Brewer Park,1384
P6,Colonel By,3845,3784,Hogs Back Plaza (SW dest.),4915
P7,Colonel By,6565,6504,Hogs Back Plaza (SW dest.),6803
P7,Bronson Ave & University Dr,5984,5923,Brewer Park,6066
P6,Colonel By,1347,1286,Hogs Back Plaza (SW dest.),2192
P6,Colonel By,898,837,Hogs Back Plaza (SW dest.),1454
P7,Bronson Ave & University Dr,6733,6672,Hogs Back Plaza (SW dest.),7193
P5,Stadium Way,3016,2955,Brewer Park,3125
P5,Stadium Way,260,199,Brewer Park,323
P6,Colonel By,2775,2714,Hogs Back Plaza (SW dest.),3868
P5,Stadium Way,1316,1255,Brewer Park,1432
P5,Stadium Way,1743,1682,Brewer Park,1848
P5,Stadium Way,1100,1039,Brewer Park,1206
P2,Colonel By,637,576,Hogs Back Plaza (SW dest.),1054
P2,Colonel By,511,450,Hogs Back Plaza (SW dest.),820
P7,Colonel By,4135,4074,Hogs Back Plaza (SW dest.),5220
P3,Stadium Way,3158,3097,Brewer Park,3278
P4,Stadium Way,4057,3996,Brewer Park,4165
P7,Bronson Ave & University Dr,5648,5587,Brewer Park,5910
P5,Stadium Way,2882,2821,Brewer Park,2993
P7,Colonel By,7455,7394,Hogs Back Plaza (SW dest.),7643
P1,Colonel By,171,110,Hogs Back Plaza (SW dest.),359
P2,Colonel By,158,97,Hogs Back Plaza (SW dest.),709
P7,Bronson Ave & University Dr,5628,5567,Brewer Park,5891
P6,Colonel By,2818,2757,Hogs Back Plaza (SW dest.),3906
P7,Bronson Ave & University Dr,6240,6179,Brewer Park,6321
P1,Colonel By,174,113,Hogs Back Plaza (SW dest.),363
P7,Bronson Ave & University Dr,6995,6934,Hogs Back Plaza (SW dest.),7485
P2,Colonel By,558,497,Hogs Back Plaza (SW dest.),925
P1,Colonel By,133,72,Hogs Back Plaza (SW dest.),313
P7,Bronson Ave & University Dr,5674,5613,Hogs Back Plaza (SW dest.),6399
P5,Stadium Way,225,164,Brewer Park,276
P6,Colonel By,1194,1133,Hogs Back Plaza (SW dest.),1944
P6,Colonel By,3677,3616,Hogs Back Plaza (SW dest.),4736
P6,Colonel By,1368,1307,Hogs Back Plaza (SW dest.),2221
P6,Colonel By,1393,1332,Hogs Back Plaza (SW dest.),2264
P1,Colonel By,431,370,Hogs Back Plaza (SW dest.),657
P7,Bronson Ave & University Dr,4258,4197,Brewer Park,4704
P1,Colonel By,403,342,Hogs Back Plaza (SW dest.),626
P5,Stadium Way,2151,2090,Brewer Park,2258
P6,Colonel By,3741,3680,Hogs Back Plaza (SW dest.),4794
P5,Stadium Way,899,838,Brewer Park,1004
P6,Colonel By,1230,1169,Hogs Back Plaza (SW dest.),2001
P6,Colonel By,1121,1060,Hogs Back Plaza (SW dest.),1827
P5,Stadium Way,2028,1967,Brewer Park,2137
P3,Stadium Way,3301,3240,Brewer Park,3411
P7,Bronson Ave & University Dr,4808,4747,Brewer Park,5063
P7,Colonel By,6587,6526,Hogs Back Plaza (SW dest.),6820
P6,Colonel By,1711,1650,Hogs Back Plaza (SW dest.),2778
P6,Colonel By,1718,1657,Hogs Back Plaza (SW dest.),2792
P6,Colonel By,1606,1545,Hogs Back Plaza (SW dest.),2613
P7,Bronson Ave & University Dr,6787,6726,Hogs Back Plaza (SW dest.),7271
P7,Bronson Ave & University Dr,5725,5664,Hogs Back Plaza (SW dest.),6434
P7,Colonel By,5340,5279,Hogs Back Plaza (SW dest.),5962
P6,Colonel By,2044,1983,Hogs Back Plaza (SW dest.),3147
P5,Stadium Way,1487,1426,Brewer Park,1582
P7,Colonel By,4059,3998,Hogs Back Plaza (SW dest.),5128
P3,Stadium Way,3395,3334,Brewer Park,3501
P7,Colonel By,7445,7384,Hogs Back Plaza (SW dest.),7635
P5,Stadium Way,619,558,Brewer Park,725
P5,Stadium Way,2822,2761,Brewer Park,2931
P7,Bronson Ave & University Dr,6500,6439,Brewer Park,6580
P5,Stadium Way,2074,2013,Brewer Park,2188
P7,Colonel By,7402,7341,Hogs Back Plaza (SW dest.),7579
P6,Colonel By,2849,2788,Hogs Back Plaza (SW dest.),3935
P7,Colonel By,7435,7374,Hogs Back Plaza (SW dest.),7620
P6,Colonel By,1754,1693,Hogs Back Plaza (SW dest.),2841
P7,Colonel By,4119,4058,Hogs Back Plaza (SW dest.),5197
P6,Colonel By,3771,3710,Hogs Back Plaza (SW dest.),4843
P4,Stadium Way,4315,4254,Brewer Park,4429
P6,Colonel By,3116,3055,Hogs Back Plaza (SW dest.),4196
P6,Colonel By,528,467,Hogs Back Plaza (SW dest.),851
P3,Stadium Way,3995,3934,Brewer Park,4101
P6,Colonel By,3848,3787,Hogs Back Plaza (SW dest.),4920
P7,Colonel By,1012,951,Hogs Back Plaza (SW dest.),1641
P6,Colonel By,2487,2426,Hogs Back Plaza (SW dest.),3573
P7,Colonel By,5217,5156,Hogs Back Plaza (SW dest.),5862
P3,Stadium Way,3760,3699,Brewer Park,3870
P7,Bronson Ave & University Dr,7314,7253,Brewer Park,7395
P7,Colonel By,6478,6417,Hogs Back Plaza (SW dest.),6739
P7,Colonel By,4108,4047,Hogs Back Plaza (SW dest.),5189
P6,Colonel By,2061,2000,Hogs Back Plaza (SW dest.),3160
P6,Colonel By,1423,1362,Hogs Back Plaza (SW dest.),2312
P7,Colonel By,6918,6857,Hogs Back Plaza (SW dest.),7087
P7,Colonel By,6874,6813,Hogs Back Plaza (SW dest.),7044
P6,Colonel By,3155,3094,Hogs Back Plaza (SW dest.),4241
P5,Stadium Way,1943,1882,Brewer Park,2059
P6,Colonel By,2294,2233,Hogs Back Plaza (SW dest.),3392
P7,Bronson Ave & University Dr,5284,5223,Brewer Park,5366
P2,Colonel By,539,478,Hogs Back Plaza (SW dest.),881
P5,Stadium Way,182,121,Brewer Park,221
P7,Colonel By,6183,6122,Hogs Back Plaza (SW dest.),6527
P6,Colonel By,932,871,Hogs Back Plaza (SW dest.),1509
P5,Stadium Way,2325,2264,Brewer Park,2434
P6,Colonel By,750,689,Hogs Back Plaza (SW dest.),1224
P6,Colonel By,2559,2498,Hogs Back Plaza (SW dest.),3654
P7,Bronson Ave & University Dr,5307,5246,Brewer Park,5392
P7,Bronson Ave & University Dr,5601,5540,Hogs Back Plaza (SW dest.),6344
P7,Bronson Ave & University Dr,6769,6708,Brewer Park,6850
P7,Colonel By,6155,6094,Hogs Back Plaza (SW dest.),6505
P6,Colonel By,3165,3104,Hogs Back Plaza (SW dest.),4253
P7,Bronson Ave & University Dr,7290,7229,Brewer Park,7365
P6,Colonel By,1969,1908,Hogs Back Plaza (SW dest.),3056
P6,Colonel By,757,696,Hogs Back Plaza (SW dest.),1238
P6,Colonel By,3150,3089,Hogs Back Plaza (SW dest.),4237
P6,Colonel By,3822,3761,Hogs Back Plaza (SW dest.),4885
P6,Colonel By,2918,2857,Hogs Back Plaza (SW dest.),3990
P7,Colonel By,3195,3134,Hogs Back Plaza (SW dest.),4284
P5,Stadium Way,196,135,Brewer Park,238
P7,Bronson Ave & University Dr,6760,6699,Hogs Back Plaza (SW dest.),7226
P6,Colonel By,1020,959,Hogs Back Plaza (SW dest.),1658
P7,Bronson Ave & University Dr,6192,6131,Brewer Park,6277
P3,Stadium Way,3407,3346,Brewer Park,3513
P6,Colonel By,1685,1624,Hogs Back Plaza (SW dest.),2744
P6,Colonel By,2697,2636,Hogs Back Plaza (SW dest.),3780
P5,Stadium Way,2540,2479,Brewer Park,2654
P6,Colonel By,835,774,Hogs Back Plaza (SW dest.),1368
P6,Colonel By,1288,1227,Hogs Back Plaza (SW dest.),2104
P7,Bronson Ave & University Dr,4725,4664,Brewer Park,4993
P6,Colonel By,1243,1182,Hogs Back Plaza (SW dest.),2023
P7,Bronson Ave & University Dr,4946,4885,Brewer Park,5169
P6,Colonel By,3475,3414,Hogs Back Plaza (SW dest.),4547
P7,Bronson Ave & University Dr,5533,5472,Brewer Park,5618
P6,Colonel By,1128,1067,Hogs Back Plaza (SW dest.),1839
P7,Bronson Ave & University Dr,6441,6380,Brewer Park,6529
P5,Stadium Way,194,133,Brewer Park,234
P6,Colonel By,3345,3284,Hogs Back Plaza (SW dest.),4419
P5,Stadium Way,781,720,Brewer Park,887
P6,Colonel By,768,707,Hogs Back Plaza (SW dest.),1251
P7,Colonel By,6855,6794,Hogs Back Plaza (SW dest.),7022
P5,Stadium Way,966,905,Brewer Park,1076
P6,Colonel By,1801,1740,Hogs Back Plaza (SW dest.),2906
P6,Colonel By,3223,3162,Hogs Back Plaza (SW dest.),4317
P1,Colonel By,397,336,Hogs Back Plaza (SW dest.),618
P6,Colonel By,3909,3848,Hogs Back Plaza (SW dest.),4978
P5,Stadium Way,2578,2517,Brewer Park,2691
P7,Bronson Ave & University Dr,6329,6268,Brewer Park,6410
P6,Colonel By,2256,2195,Hogs Back Plaza (SW dest.),3349
P1,Colonel By,300,239,Hogs Back Plaza (SW dest.),513
P5,Stadium Way,1629,1568,Brewer Park,1747
P5,Stadium Way,617,556,Brewer Park,721
P6,Colonel By,811,750,Hogs Back Plaza (SW dest.),1315
P7,Bronson Ave & University Dr,6019,5958,Brewer Park,6101
P6,Colonel By,1073,1012,Hogs Back Plaza (SW dest.),1750
P6,Colonel By,1272,1211,Hogs Back Plaza (SW dest.),2077
P6,Colonel By,2654,2593,Hogs Back Plaza (SW dest.),3724
P6,Colonel By,4038,3977,Hogs Back Plaza (SW dest.),5110
P7,Bronson Ave & University Dr,4876,4815,Brewer Park,5117
P6,Colonel By,2748,2687,Hogs Back Plaza (SW dest.),3843
P6,Colonel By,952,891,Hogs Back Plaza (SW dest.),1535
P6,Colonel By,2663,2602,Hogs Back Plaza (SW dest.),3732
P2,Colonel By,488,427,Hogs Back Plaza (SW dest.),786
P7,Bronson Ave & University Dr,4616,4555,Brewer Park,4918
P6,Colonel By,1271,1210,Hogs Back Plaza (SW dest.),2073
P7,Bronson Ave & University Dr,5527,5466,Brewer Park,5789
P5,Stadium Way,844,783,Brewer Park,956
P3,Stadium Way,3692,3631,Brewer Park,3803
P7,Bronson Ave & University Dr,5660,5599,Hogs Back Plaza (SW dest.),6391
P7,Bronson Ave & University Dr,5009,4948,Brewer Park,5208
P5,Stadium Way,742,681,Brewer Park,853
P4,Stadium Way,3278,3217,Brewer Park,3390
P7,Colonel By,4541,4480,Hogs Back Plaza (SW dest.),5376
P5,Stadium Way,2459,2398,Brewer Park,2561
P7,Bronson Ave & University Dr,4853,4792,Brewer Park,5094
P7,Colonel By,6748,6687,Hogs Back Plaza (SW dest.),6914
P5,Stadium Way,234,173,Brewer Park,289
P7,Bronson Ave & University Dr,5362,5301,Brewer Park,5443
P5,Stadium Way,2631,2570,Brewer Park,2741
P5,Stadium Way,1132,1071,Brewer Park,1241
P5,Stadium Way,458,397,Brewer Park,574
P7,Colonel By,4740,4679,Hogs Back Plaza (SW dest.),5535
P6,Colonel By,2389,2328,Hogs Back Plaza (SW dest.),3484
P7,Colonel By,5046,4985,Hogs Back Plaza (SW dest.),5740
P3,Stadium Way,3718,3657,Brewer Park,3834
P7,Colonel By,6490,6429,Hogs Back Plaza (SW dest.),6747
P6,Colonel By,866,805,Hogs Back Plaza (SW dest.),1409
P7,Bronson Ave & University Dr,6916,6855,Brewer Park,7186
P7,Bronson Ave & University Dr,6351,6290,Brewer Park,6432
P6,Colonel By,2438,2377,Hogs Back Plaza (SW dest.),3551
P6,Colonel By,2034,1973,Hogs Back Plaza (SW dest.),3138
P7,Colonel By,6285,6224,Hogs Back Plaza (SW dest.),6614
P5,Stadium Way,681,620,Brewer Park,788
P6,Colonel By,1617,1556,Hogs Back Plaza (SW dest.),2630
P4,Stadium Way,4317,4256,Brewer Park,4433
P6,Colonel By,3447,3386,Hogs Back Plaza (SW dest.),4518
P6,Colonel By,2214,2153,Hogs Back Plaza (SW dest.),3281
P6,Colonel By,1521,1460,Hogs Back Plaza (SW dest.),2471
P5,Stadium Way,2433,2372,Brewer Park,2531
P7,Colonel By,4397,4336,Hogs Back Plaza (SW dest.),5245
P3,Stadium Way,3645,3584,Brewer Park,3761
P6,Colonel By,956,895,Hogs Back Plaza (SW dest.),1543
P6,Colonel By,1814,1753,Hogs Back Plaza (SW dest.),2926
P7,Bronson Ave & University Dr,6402,6341,Brewer Park,6483
P7,Bronson Ave & University Dr,5144,5083,Brewer Park,5294
P7,Colonel By,5036,4975,Hogs Back Plaza (SW dest.),5731
P6,Colonel By,958,897,Hogs Back Plaza (SW dest.),1547
P5,Stadium Way,1320,1259,Brewer Park,1436
P7,Bronson Ave & University Dr,4999,4938,Brewer Park,5203
P7,Bronson Ave & University Dr,4915,4854,Brewer Park,5139
P5,Stadium Way,2129,2068,Brewer Park,2244
P5,Stadium Way,3076,3015,Brewer Park,3185
P5,Stadium Way,1908,1847,Brewer Park,2016
P7,Bronson Ave & University Dr,4882,4821,Brewer Park,5122
P7,Colonel By,6659,6598,Hogs Back Plaza (SW dest.),6876
P7,Colonel By,4998,4937,Hogs Back Plaza (SW dest.),5704
P7,Colonel By,5799,5738,Hogs Back Plaza (SW dest.),6260
P2,Colonel By,516,455,Hogs Back Plaza (SW dest.),833
P2,Colonel By,682,621,Hogs Back Plaza (SW dest.),1123
P5,Stadium Way,2616,2555,Brewer Park,2728
P7,Bronson Ave & University Dr,4871,4810,Brewer Park,5112
P5,Stadium Way,1225,1164,Brewer Park,1338
P5,Stadium Way,1151,1090,Brewer Park,1254
P6,Colonel By,2812,2751,Hogs Back Plaza (SW dest.),3893
P6,Colonel By,1428,1367,Hogs Back Plaza (SW dest.),2326
P6,Colonel By,1382,1321,Hogs Back Plaza (SW dest.),2244
P5,Stadium Way,1592,1531,Brewer Park,1701
P6,Colonel By,2285,2224,Hogs Back Plaza (SW dest.),3388
P6,Colonel By,2416,2355,Hogs Back Plaza (SW dest.),3518
P3,Stadium Way,3704,3643,Brewer Park,3817
P3,Stadium Way,3509,3448,Brewer Park,3623
P6,Colonel By,1628,1567,Hogs Back Plaza (SW dest.),2650
P1,Colonel By,106,45,Hogs Back Plaza (SW dest.),276
P6,Colonel By,1528,1467,Hogs Back Plaza (SW dest.),2489
P5,Stadium Way,939,878,Brewer Park,1054
P6,Colonel By,3239,3178,Hogs Back Plaza (SW dest.),4334
P4,Stadium Way,4307,4246,Brewer Park,4420
P7,Colonel By,5384,5323,Hogs Back Plaza (SW dest.),6003
P5,Stadium Way,1473,1412,Brewer Park,1569
P7,Bronson Ave & University Dr,2844,2783,Brewer Park,4609
P3,Stadium Way,3620,3559,Brewer Park,3727
P6,Colonel By,877,816,Hogs Back Plaza (SW dest.),1427
P5,Stadium Way,754,693,Brewer Park,871
P6,Colonel By,4033,3972,Hogs Back Plaza (SW dest.),5105
P5,Stadium Way,2317,2256,Brewer Park,2426
P7,Colonel By,4780,4719,Hogs Back Plaza (SW dest.),5561
P7,Colonel By,4584,4523,Hogs Back Plaza (SW dest.),5408
P2,Colonel By,628,567,Hogs Back Plaza (SW dest.),1041
P3,Stadium Way,4024,3963,Brewer Park,4136
P6,Colonel By,1035,974,Hogs Back Plaza (SW dest.),1679
P6,Colonel By,2640,2579,Hogs Back Plaza (SW dest.),3707
P5,Stadium Way,2045,1984,Brewer Park,2163
P7,Colonel By,5444,5383,Hogs Back Plaza (SW dest.),6043
P2,Colonel By,593,532,Hogs Back Plaza (SW dest.),988
P7,Bronson Ave & University Dr,5140,5079,Brewer Park,5290
P2,Colonel By,596,535,Hogs Back Plaza (SW dest.),992
P6,Colonel By,1919,1858,Hogs Back Plaza (SW dest.),3010
P4,Stadium Way,220,159,Brewer Park,267
P6,Colonel By,1609,1548,Hogs Back Plaza (SW dest.),2617
P7,Bronson Ave & University Dr,5061,5000,Brewer Park,5248
P6,Colonel By,2415,2354,Hogs Back Plaza (SW dest.),3514
P7,Colonel By,6459,6398,Hogs Back Plaza (SW dest.),6730
P1,Colonel By,219,158,Hogs Back Plaza (SW dest.),415
P5,Stadium Way,2903,2842,Brewer Park,3019
P3,Stadium Way,3284,3223,Brewer Park,3398
P3,Stadium Way,3901,3840,Brewer Park,4010
P5,Stadium Way,1361,1300,Brewer Park,1457
P5,Stadium Way,2254,2193,Brewer Park,2367
P6,Colonel By,2512,2451,Hogs Back Plaza (SW dest.),3604
P5,Stadium Way,2956,2895,Brewer Park,3069
P6,Colonel By,966,905,Hogs Back Plaza (SW dest.),1564
P3,Stadium Way,3163,3102,Brewer Park,3282
P5,Stadium Way,1962,1901,Brewer Park,2076
P5,Stadium Way,936,875,Brewer Park,1049
P6,Colonel By,821,760,Hogs Back Plaza (SW dest.),1332
P6,Colonel By,1971,1910,Hogs Back Plaza (SW dest.),3064
P7,Colonel By,7211,7150,Hogs Back Plaza (SW dest.),7391
P6,Colonel By,731,670,Hogs Back Plaza (SW dest.),1194
P6,Colonel By,1419,1358,Hogs Back Plaza (SW dest.),2303
P7,Bronson Ave & University Dr,4598,4537,Brewer Park,4901
P7,Colonel By,5130,5069,Hogs Back Plaza (SW dest.),5793
P6,Colonel By,3600,3539,Hogs Back Plaza (SW dest.),4672
P7,Colonel By,6930,6869,Hogs Back Plaza (SW dest.),7096
P7,Colonel By,6793,6732,Hogs Back Plaza (SW dest.),6958
P5,Stadium Way,309,248,Brewer Park,382
P7,Colonel By,5136,5075,Hogs Back Plaza (SW dest.),5798
P5,Stadium Way,1038,977,Brewer Park,1149
P7,Colonel By,6599,6538,Hogs Back Plaza (SW dest.),6832
P7,Bronson Ave & University Dr,5566,5505,Brewer Park,5646
P6,Colonel By,2186,2125,Hogs Back Plaza (SW dest.),3264
P6,Colonel By,2234,2173,Hogs Back Plaza (SW dest.),3312
P6,Colonel By,913,852,Hogs Back Plaza (SW dest.),1480
P6,Colonel By,2398,2337,Hogs Back Plaza (SW dest.),3497
P5,Stadium Way,2301,2240,Brewer Park,2410
P7,Colonel By,6104,6043,Hogs Back Plaza (SW dest.),6466
P7,Bronson Ave & University Dr,6900,6839,Brewer Park,7164
P5,Stadium Way,2022,1961,Brewer Park,2129
P7,Bronson Ave & University Dr,4696,4635,Brewer Park,4974
P6,Colonel By,3919,3858,Hogs Back Plaza (SW dest.),4987
P6,Colonel By,1082,1021,Hogs Back Plaza (SW dest.),1763
P1,Colonel By,354,293,Hogs Back Plaza (SW dest.),573
P3,Stadium Way,3519,3458,Brewer Park,3631
P5,Stadium Way,2741,2680,Brewer Park,2856
P6,Colonel By,1574,1513,Hogs Back Plaza (SW dest.),2565
P6,Colonel By,1120,1059,Hogs Back Plaza (SW dest.),1823
P7,Bronson Ave & University Dr,4758,4697,Brewer Park,5019
P7,Bronson Ave & University Dr,5425,5364,Brewer Park,5517
P7,Colonel By,7441,7380,Hogs Back Plaza (SW dest.),7630
P3,Stadium Way,3799,3738,Brewer Park,3909
P5,Stadium Way,165,104,Brewer Park,195
P7,Bronson Ave & University Dr,5648,5587,Brewer Park,5729
P7,Colonel By,4104,4043,Hogs Back Plaza (SW dest.),5180
P5,Stadium Way,587,526,Brewer Park,696
P6,Colonel By,3460,3399,Hogs Back Plaza (SW dest.),4535
P7,Bronson Ave & University Dr,7223,7162,Brewer Park,7305
P6,Colonel By,2472,2411,Hogs Back Plaza (SW dest.),3569
P6,Colonel By,2280,2219,Hogs Back Plaza (SW dest.),3379
P6,Colonel By,3288,3227,Hogs Back Plaza (SW dest.),4376
P5,Stadium Way,328,267,Brewer Park,412
P5,Stadium Way,2497,2436,Brewer Park,2602
P7,Bronson Ave & University Dr,6743,6682,Brewer Park,7000
P5,Stadium Way,530,469,Brewer Park,640
P5,Stadium Way,1830,1769,Brewer Park,1936
P7,Bronson Ave & University Dr,6978,6917,Brewer Park,7246
P5,Stadium Way,2362,2301,Brewer Park,2463
P5,Stadium Way,1759,1698,Brewer Park,1865
P6,Colonel By,1580,1519,Hogs Back Plaza (SW dest.),2575
P7,Bronson Ave & University Dr,4319,4258,Brewer Park,4748
P7,Bronson Ave & University Dr,6761,6700,Hogs Back Plaza (SW dest.),7233
P6,Colonel By,2560,2499,Hogs Back Plaza (SW dest.),3658
P3,Stadium Way,3868,3807,Brewer Park,3975
P7,Colonel By,6902,6841,Hogs Back Plaza (SW dest.),7068
P7,Colonel By,5359,5298,Hogs Back Plaza (SW dest.),5984
P6,Colonel By,2945,2884,Hogs Back Plaza (SW dest.),4028
P7,Colonel By,5146,5085,Hogs Back Plaza (SW dest.),5806
P6,Colonel By,3656,3595,Hogs Back Plaza (SW dest.),4711
P6,Colonel By,790,729,Hogs Back Plaza (SW dest.),1280
P7,Colonel By,4991,4930,Hogs Back Plaza (SW dest.),5699
P7,Bronson Ave & University Dr,5528,5467,Brewer Park,5612
P5,Stadium Way,1490,1429,Brewer Park,1586
P5,Stadium Way,2976,2915,Brewer Park,3086
P5,Stadium Way,1448,1387,Brewer Park,1545
P5,Stadium Way,2488,2427,Brewer Park,2598
P6,Colonel By,3707,3646,Hogs Back Plaza (SW dest.),4763
P7,Colonel By,2700,2639,Hogs Back Plaza (SW dest.),3788
P6,Colonel By,1260,1199,Hogs Back Plaza (SW dest.),2057
P6,Colonel By,2185,2124,Hogs Back Plaza (SW dest.),3260
P5,Stadium Way,1677,1616,Brewer Park,1791
P5,Stadium Way,1811,1750,Brewer Park,1915
P5,Stadium Way,1214,1153,Brewer Park,1330
P6,Colonel By,3180,3119,Hogs Back Plaza (SW dest.),4266
P6,Colonel By,1868,1807,Hogs Back Plaza (SW dest.),2976
P7,Colonel By,6392,6331,Hogs Back Plaza (SW dest.),6677
P7,Bronson Ave & University Dr,6183,6122,Brewer Park,6263
P5,Stadium Way,488,427,Brewer Park,596
P7,Bronson Ave & University Dr,5109,5048,Brewer Park,5276
P4,Stadium Way,4155,4094,Brewer Park,4262
P3,Stadium Way,3335,3274,Brewer Park,3446
P6,Colonel By,2176,2115,Hogs Back Plaza (SW dest.),3251
P7,Colonel By,6109,6048,Hogs Back Plaza (SW dest.),6471
P4,Stadium Way,4185,4124,Brewer Park,4296
P7,Bronson Ave & University Dr,7266,7205,Brewer Park,7343
P1,Colonel By,393,332,Hogs Back Plaza (SW dest.),614
P3,Stadium Way,3363,3302,Brewer Park,3475
P5,Stadium Way,400,339,Brewer Park,513
P3,Stadium Way,3916,3855,Brewer Park,4023
P7,Colonel By,5343,5282,Hogs Back Plaza (SW dest.),5966
P5,Stadium Way,2626,2565,Brewer Park,2737
P7,Bronson Ave & University Dr,6807,6746,Hogs Back Plaza (SW dest.),7293
P6,Colonel By,2049,1988,Hogs Back Plaza (SW dest.),3151
P1,Colonel By,161,100,Hogs Back Plaza (SW dest.),346
P7,Colonel By,4967,4906,Hogs Back Plaza (SW dest.),5686
P5,Stadium Way,1310,1249,Brewer Park,1423
P7,Colonel By,4529,4468,Hogs Back Plaza (SW dest.),5367
P1,Colonel By,406,345,Hogs Back Plaza (SW dest.),630
P5,Stadium Way,976,915,Brewer Park,1080
P7,Bronson Ave & University Dr,6667,6606,Brewer Park,6751
P6,Colonel By,2208,2147,Hogs Back Plaza (SW dest.),3277
P3,Stadium Way,3210,3149,Brewer Park,3330
P5,Stadium Way,2345,2284,Brewer Park,2447
P4,Stadium Way,521,460,Brewer Park,631
P6,Colonel By,1007,946,Hogs Back Plaza (SW dest.),1629
P2,Colonel By,571,510,Hogs Back Plaza (SW dest.),947
P6,Colonel By,1058,997,Hogs Back Plaza (SW dest.),1719
P5,Stadium Way,367,306,Brewer Park,474
P5,Stadium Way,1517,1456,Brewer Park,1621
P5,Stadium Way,2928,2867,Brewer Park,3040
P7,Bronson Ave & University Dr,6788,6727,Brewer Park,7039
P5,Stadium Way,906,845,Brewer Park,1017
P2,Colonel By,685,624,Hogs Back Plaza (SW dest.),1127
P5,Stadium Way,1160,1099,Brewer Park,1266
P3,Stadium Way,3426,3365,Brewer Park,3538
P7,Colonel By,6544,6483,Hogs Back Plaza (SW dest.),6786
P5,Stadium Way,891,830,Brewer Park,995
P6,Colonel By,1603,1542,Hogs Back Plaza (SW dest.),2608
P5,Stadium Way,2530,2469,Brewer Park,2646
P6,Colonel By,2225,2164,Hogs Back Plaza (SW dest.),3299
P7,Bronson Ave & University Dr,6559,6498,Brewer Park,6652
P6,Colonel By,1075,1014,Hogs Back Plaza (SW dest.),1755
P6,Colonel By,2922,2861,Hogs Back Plaza (SW dest.),3994
P5,Stadium Way,1307,1246,Brewer Park,1419
P6,Colonel By,755,694,Hogs Back Plaza (SW dest.),1233
P7,Colonel By,4560,4499,Hogs Back Plaza (SW dest.),5389
P6,Colonel By,1988,1927,Hogs Back Plaza (SW dest.),3085
P5,Stadium Way,2947,2886,Brewer Park,3061
P5,Stadium Way,302,241,Brewer Park,372
P6,Colonel By,1376,1315,Hogs Back Plaza (SW dest.),2230
P7,Bronson Ave & University Dr,5933,5872,Brewer Park,6020
P3,Stadium Way,4022,3961,Brewer Park,4131
P7,Colonel By,6629,6568,Hogs Back Plaza (SW dest.),6863
P7,Bronson Ave & University Dr,4638,4577,Brewer Park,4936
P5,Stadium Way,222,161,Brewer Park,271
P7,Bronson Ave & University Dr,5613,5552,Brewer Park,5695
P6,Colonel By,1581,1520,Hogs Back Plaza (SW dest.),2579
P5,Stadium Way,2135,2074,Brewer Park,2249
P7,Bronson Ave & University Dr,6748,6687,Brewer Park,6827
P5,Stadium Way,1349,1288,Brewer Park,1449
P7,Colonel By,4071,4010,Hogs Back Plaza (SW dest.),5150
P6,Colonel By,2385,2324,Hogs Back Plaza (SW dest.),3476
P6,Colonel By,3492,3431,Hogs Back Plaza (SW dest.),4567
P6,Colonel By,1407,1346,Hogs Back Plaza (SW dest.),2290
P7,Colonel By,4548,4487,Hogs Back Plaza (SW dest.),5380
P5,Stadium Way,822,761,Brewer Park,929
P6,Colonel By,1616,1555,Hogs Back Plaza (SW dest.),2626
P7,Bronson Ave & University Dr,2201,2140,Brewer Park,4562
P5,Stadium Way,1440,1379,Brewer Park,1540
P6,Colonel By,1318,1257,Hogs Back Plaza (SW dest.),2153
P3,Stadium Way,3931,3870,Brewer Park,4041
P6,Colonel By,3524,3463,Hogs Back Plaza (SW dest.),4609
P7,Bronson Ave & University Dr,6923,6862,Hogs Back Plaza (SW dest.),7397
P5,Stadium Way,573,512,Brewer Park,683
P7,Colonel By,5772,5711,Hogs Back Plaza (SW dest.),6243
P5,Stadium Way,2211,2150,Brewer Park,2328
P6,Colonel By,2943,2882,Hogs Back Plaza (SW dest.),4024
P5,Stadium Way,994,933,Brewer Park,1104
P7,Colonel By,7466,7405,Hogs Back Plaza (SW dest.),7652
P7,Colonel By,5225,5164,Hogs Back Plaza (SW dest.),5870
P2,Colonel By,673,612,Hogs Back Plaza (SW dest.),1106
P3,Stadium Way,3514,3453,Brewer Park,3627
P7,Bronson Ave & University Dr,4493,4432,Brewer Park,4843
P6,Colonel By,1701,1640,Hogs Back Plaza (SW dest.),2765
P5,Stadium Way,1614,1553,Brewer Park,1728
P5,Stadium Way,2472,2411,Brewer Park,2578
P5,Stadium Way,2566,2505,Brewer Park,2679
P6,Colonel By,1644,1583,Hogs Back Plaza (SW dest.),2676
P2,Colonel By,642,581,Hogs Back Plaza (SW dest.),1059
P2,Colonel By,667,606,Hogs Back Plaza (SW dest.),1093
P5,Stadium Way,2508,2447,Brewer Park,2616
P3,Stadium Way,3539,3478,Brewer Park,3653
P5,Stadium Way,2597,2536,Brewer Park,2708
P5,Stadium Way,179,118,Brewer Park,216
P7,Bronson Ave & University Dr,4532,4471,Brewer Park,4861
P7,Bronson Ave & University Dr,4541,4480,Brewer Park,4870
P6,Colonel By,2688,2627,Hogs Back Plaza (SW dest.),3767
P7,Bronson Ave & University Dr,6785,6724,Brewer Park,6862
P6,Colonel By,1548,1487,Hogs Back Plaza (SW dest.),2526
P7,Colonel By,5514,5453,Hogs Back Plaza (SW dest.),6083
P1,Colonel By,308,247,Hogs Back Plaza (SW dest.),522
P5,Stadium Way,2457,2396,Brewer Park,2557
P7,Colonel By,1124,1063,Hogs Back Plaza (SW dest.),1832
P5,Stadium Way,349,288,Brewer Park,446
P5,Stadium Way,610,549,Brewer Park,717
P5,Stadium Way,3023,2962,Brewer Park,3134
P6,Colonel By,1518,1457,Hogs Back Plaza (SW dest.),2466
P3,Stadium Way,3849,3788,Brewer Park,3952
P5,Stadium Way,1704,1643,Brewer Park,1816
P5,Stadium Way,2510,2449,Brewer Park,2620
P2,Colonel By,510,449,Hogs Back Plaza (SW dest.),815
P3,Stadium Way,3858,3797,Brewer Park,3966
P7,Bronson Ave & University Dr,6391,6330,Brewer Park,6470
P7,Bronson Ave & University Dr,5501,5440,Brewer Park,5583
P7,Colonel By,4894,4833,Hogs Back Plaza (SW dest.),5642
P5,Stadium Way,2675,2614,Brewer Park,2783
P7,Colonel By,4140,4079,Hogs Back Plaza (SW dest.),5224
P3,Stadium Way,4000,3939,Brewer Park,4109
P7,Bronson Ave & University Dr,4237,4176,Brewer Park,4669
P7,Colonel By,6640,6579,Hogs Back Plaza (SW dest.),6872
P5,Stadium Way,635,574,Brewer Park,749
P7,Bronson Ave & University Dr,5198,5137,Brewer Park,5321
P5,Stadium Way,724,663,Brewer Park,836
P7,Colonel By,7330,7269,Hogs Back Plaza (SW dest.),7495
P5,Stadium Way,1400,1339,Brewer Park,1499
P5,Stadium Way,2725,2664,Brewer Park,2834
P6,Colonel By,3242,3181,Hogs Back Plaza (SW dest.),4343
P7,Colonel By,5747,5686,Hogs Back Plaza (SW dest.),6225
P7,Colonel By,5295,5234,Hogs Back Plaza (SW dest.),5922
P7,Colonel By,5281,5220,Hogs Back Plaza (SW dest.),5909
P5,Stadium Way,594,533,Brewer Park,704
P5,Stadium Way,1734,1673,Brewer Park,1840
P7,Colonel By,6144,6083,Hogs Back Plaza (SW dest.),6501
P7,Bronson Ave & University Dr,4423,4362,Brewer Park,4808
P6,Colonel By,1950,1889,Hogs Back Plaza (SW dest.),3048
P6,Colonel By,3472,3411,Hogs Back Plaza (SW dest.),4543
P3,Stadium Way,3725,3664,Brewer Park,3841
P6,Colonel By,1624,1563,Hogs Back Plaza (SW dest.),2642
P7,Colonel By,5249,5188,Hogs Back Plaza (SW dest.),5886
P5,Stadium Way,1724,1663,Brewer Park,1828
P5,Stadium Way,2284,2223,Brewer Park,2393
P6,Colonel By,3410,3349,Hogs Back Plaza (SW dest.),4480
P6,Colonel By,3757,3696,Hogs Back Plaza (SW dest.),4815
P5,Stadium Way,1635,1574,Brewer Park,1751
P7,Bronson Ave & University Dr,6273,6212,Brewer Park,6365
P5,Stadium Way,722,661,Brewer Park,832
P7,Bronson Ave & University Dr,6592,6531,Brewer Park,6692
P6,Colonel By,3526,3465,Hogs Back Plaza (SW dest.),4613
P3,Stadium Way,3601,3540,Brewer Park,3713
P6,Colonel By,3352,3291,Hogs Back Plaza (SW dest.),4427
P7,Bronson Ave & University Dr,5344,5283,Brewer Park,5429
P6,Colonel By,1873,1812,Hogs Back Plaza (SW dest.),2981
P7,Bronson Ave & University Dr,6673,6612,Brewer Park,6939
P7,Bronson Ave & University Dr,5543,5482,Hogs Back Plaza (SW dest.),6303
P3,Stadium Way,3836,3775,Brewer Park,3944
P5,Stadium Way,2389,2328,Brewer Park,2496
P2,Colonel By,614,553,Hogs Back Plaza (SW dest.),1024
P7,Bronson Ave & University Dr,4687,4626,Brewer Park,4966
P7,Bronson Ave & University Dr,5955,5894,Brewer Park,6043
P6,Colonel By,3281,3220,Hogs Back Plaza (SW dest.),4360
P5,Stadium Way,338,277,Brewer Park,429
P3,Stadium Way,3404,3343,Brewer Park,3509
P5,Stadium Way,2521,2460,Brewer Park,2637
P7,Colonel By,5042,4981,Hogs Back Plaza (SW dest.),5736
P7,Bronson Ave & University Dr,6681,6620,Hogs Back Plaza (SW dest.),7156
P7,Colonel By,6740,6679,Hogs Back Plaza (SW dest.),6910
P5,Stadium Way,1638,1577,Brewer Park,1756
P7,Colonel By,5646,5585,Hogs Back Plaza (SW dest.),6160
P3,Stadium Way,3481,3420,Brewer Park,3589
P7,Bronson Ave & University Dr,6817,6756,Brewer Park,6916
P7,Bronson Ave & University Dr,4858,4797,Brewer Park,5098
P5,Stadium Way,1711,1650,Brewer Park,1824
P5,Stadium Way,2269,2208,Brewer Park,2384
P6,Colonel By,3355,3294,Hogs Back Plaza (SW dest.),4431
P5,Stadium Way,2734,2673,Brewer Park,2851
P6,Colonel By,1620,1559,Hogs Back Plaza (SW dest.),2634
P7,Bronson Ave & University Dr,4263,4202,Brewer Park,4712
P7,Bronson Ave & University Dr,5525,5464,Brewer Park,5784
P7,Colonel By,6912,6851,Hogs Back Plaza (SW dest.),7080
P7,Bronson Ave & University Dr,6725,6664,Brewer Park,6973
P6,Colonel By,1424,1363,Hogs Back Plaza (SW dest.),2317
P5,Stadium Way,2823,2762,Brewer Park,2935
P6,Colonel By,1295,1234,Hogs Back Plaza (SW dest.),2117
P6,Colonel By,1350,1289,Hogs Back Plaza (SW dest.),2196
P7,Bronson Ave & University Dr,6688,6627,Hogs Back Plaza (SW dest.),7160
P4,Stadium Way,4312,4251,Brewer Park,4424
P6,Colonel By,1896,1835,Hogs Back Plaza (SW dest.),2998
P5,Stadium Way,1054,993,Brewer Park,1162
P7,Bronson Ave & University Dr,204,143,Brewer Park,4496
P7,Colonel By,5509,5448,Hogs Back Plaza (SW dest.),6079
P6,Colonel By,915,854,Hogs Back Plaza (SW dest.),1483
P5,Stadium Way,946,885,Brewer Park,1058
P5,Stadium Way,2227,2166,Brewer Park,2341
P6,Colonel By,3689,3628,Hogs Back Plaza (SW dest.),4759
P6,Colonel By,1532,1471,Hogs Back Plaza (SW dest.),2501
P6,Colonel By,2816,2755,Hogs Back Plaza (SW dest.),3902
P5,Stadium Way,2949,2888,Brewer Park,3065
P6,Colonel By,3768,3707,Hogs Back Plaza (SW dest.),4835
P5,Stadium Way,168,107,Brewer Park,200
P6,Colonel By,3378,3317,Hogs Back Plaza (SW dest.),4456
P7,Bronson Ave & University Dr,5534,5473,Brewer Park,5793
P1,Colonel By,150,89,Hogs Back Plaza (SW dest.),333
P7,Bronson Ave & University Dr,4700,4639,Brewer Park,4979
P6,Colonel By,1079,1018,Hogs Back Plaza (SW dest.),1759
P6,Colonel By,3071,3010,Hogs Back Plaza (SW dest.),4129
P6,Colonel By,2890,2829,Hogs Back Plaza (SW dest.),3974
P7,Bronson Ave & University Dr,4924,4863,Brewer Park,5148
P4,Stadium Way,4263,4202,Brewer Park,4378
P6,Colonel By,2938,2877,Hogs Back Plaza (SW dest.),4015
P7,Bronson Ave & University Dr,4570,4509,Brewer Park,4896
P7,Colonel By,5563,5502,Hogs Back Plaza (SW dest.),6107
P7,Bronson Ave & University Dr,5337,5276,Brewer Park,5420
P1,Colonel By,229,168,Hogs Back Plaza (SW dest.),427
P5,Stadium Way,696,635,Brewer Park,805
P5,Stadium Way,118,57,Brewer Park,140
P6,Colonel By,1023,962,Hogs Back Plaza (SW dest.),1662
P6,Colonel By,1555,1494,Hogs Back Plaza (SW dest.),2535
P6,Colonel By,974,913,Hogs Back Plaza (SW dest.),1572
P7,Bronson Ave & University Dr,824,763,Brewer Park,4517
P6,Colonel By,904,843,Hogs Back Plaza (SW dest.),1467
P7,Colonel By,5255,5194,Hogs Back Plaza (SW dest.),5890
P2,Colonel By,181,120,Hogs Back Plaza (SW dest.),734
P7,Bronson Ave & University Dr,5670,5609,Hogs Back Plaza (SW dest.),6395
P7,Colonel By,6430,6369,Hogs Back Plaza (SW dest.),6703
P7,Colonel By,5024,4963,Hogs Back Plaza (SW dest.),5722
