time_s,cars_on_campus,cumulative_spawned,cumulative_exited
0,3200,0,0
1,3200,0,0
2,3200,0,0
3,3200,0,0
4,3200,0,0
5,3200,0,0
6,3200,0,0
7,3200,0,0
8,3200,0,0
9,3200,0,0
10,3200,0,0
11,3200,0,0
12,3200,0,0
13,3200,0,0
14,3200,0,0
15,3200,0,0
16,3200,0,0
17,3200,0,0
18,3200,0,0
19,3200,0,0
20,3200,0,0
21,3200,0,0
22,3200,0,0
23,3200,0,0
24,3200,0,0
25,3200,0,0
26,3200,0,0
27,3200,0,0
28,3200,0,0
29,3200,0,0
30,3200,0,0
31,3200,0,0
32,3200,0,0
33,3200,0,0
34,3200,0,0
35,3200,0,0
36,3200,0,0
37,3200,0,0
38,3200,0,0
39,3200,0,0
40,3200,0,0
41,3200,0,0
42,3200,0,0
43,3200,0,0
44,3200,0,0
45,3200,0,0
46,3200,0,0
47,3200,0,0
48,3200,0,0
49,3200,0,0
50,3200,0,0
51,3200,0,0
52,3200,0,0
53,3200,0,0
54,3200,0,0
55,3200,0,0
56,3200,0,0
57,3200,0,0
58,3200,0,0
59,3200,0,0
60,3200,3200,0
61,3200,3200,0
62,3200,3200,0
63,3200,3200,0
64,3200,3200,0
65,3200,3200,0
66,3200,3200,0
67,3200,3200,0
68,3200,3200,0
69,3200,3200,0
70,3200,3200,0
71,3200,3200,0
72,3200,3200,0
73,3200,3200,0
74,3200,3200,0
75,3200,3200,0
76,3200,3200,0
77,3200,3200,0
78,3200,3200,0
79,3200,3200,0
80,3200,3200,0
81,3200,3200,0
82,3200,3200,0
83,3200,3200,0
84,3200,3200,0
85,3200,3200,0
86,3200,3200,0
87,3200,3200,0
88,3200,3200,0
89,3200,3200,0
90,3200,3200,0
91,3200,3200,0
92,3200,3200,0
93,3199,3200,1
94,3198,3200,2
95,3198,3200,2
96,3198,3200,2
97,3198,3200,2
98,3198,3200,2
99,3197,3200,3
100,3197,3200,3
101,3197,3200,3
102,3196,3200,4
103,3196,3200,4
104,3196,3200,4
105,3196,3200,4
106,3195,3200,5
107,3195,3200,5
108,3194,3200,6
109,3194,3200,6
110,3193,3200,7
111,3193,3200,7
112,3192,3200,8
113,3192,3200,8
114,3191,3200,9
115,3191,3200,9
116,3191,3200,9
117,3190,3200,10
118,3188,3200,12
119,3188,3200,12
120,3188,3200,12
121,3188,3200,12
122,3187,3200,13
123,3187,3200,13
124,3186,3200,14
125,3186,3200,14
126,3186,3200,14
127,3185,3200,15
128,3185,3200,15
129,3185,3200,15
130,3184,3200,16
131,3184,3200,16
132,3184,3200,16
133,3183,3200,17
134,3182,3200,18
135,3182,3200,18
136,3181,3200,19
137,3180,3200,20
138,3180,3200,20
139,3179,3200,21
140,3178,3200,22
141,3177,3200,23
142,3176,3200,24
143,3175,3200,25
144,3175,3200,25
145,3175,3200,25
146,3173,3200,27
147,3172,3200,28
148,3172,3200,28
149,3172,3200,28
150,3171,3200,29
151,3170,3200,30
152,3169,3200,31
153,3168,3200,32
154,3167,3200,33
155,3165,3200,35
156,3165,3200,35
157,3165,3200,35
158,3162,3200,38
159,3161,3200,39
160,3160,3200,40
161,3159,3200,41
162,3157,3200,43
163,3156,3200,44
164,3155,3200,45
165,3154,3200,46
166,3153,3200,47
167,3151,3200,49
168,3150,3200,50
169,3150,3200,50
170,3148,3200,52
171,3146,3200,54
172,3146,3200,54
173,3145,3200,55
174,3142,3200,58
175,3142,3200,58
176,3141,3200,59
177,3141,3200,59
178,3139,3200,61
179,3138,3200,62
180,3138,3200,62
181,3136,3200,64
182,3135,3200,65
183,3135,3200,65
184,3134,3200,66
185,3131,3200,69
186,3131,3200,69
187,3131,3200,69
188,3129,3200,71
189,3128,3200,72
190,3127,3200,73
191,3127,3200,73
192,3125,3200,75
193,3125,3200,75
194,3123,3200,77
195,3122,3200,78
196,3121,3200,79
197,3120,3200,80
198,3119,3200,81
199,3118,3200,82
200,3116,3200,84
201,3116,3200,84
202,3116,3200,84
203,3116,3200,84
204,3112,3200,88
205,3112,3200,88
206,3112,3200,88
207,3109,3200,91
208,3109,3200,91
209,3109,3200,91
210,3107,3200,93
211,3106,3200,94
212,3105,3200,95
213,3105,3200,95
214,3104,3200,96
215,3104,3200,96
216,3103,3200,97
217,3103,3200,97
218,3103,3200,97
219,3102,3200,98
220,3101,3200,99
221,3101,3200,99
222,3099,3200,101
223,3099,3200,101
224,3099,3200,101
225,3098,3200,102
226,3097,3200,103
227,3097,3200,103
228,3096,3200,104
229,3095,3200,105
230,3095,3200,105
231,3094,3200,106
232,3094,3200,106
233,3093,3200,107
234,3092,3200,108
235,3092,3200,108
236,3092,3200,108
237,3091,3200,109
238,3090,3200,110
239,3090,3200,110
240,3090,3200,110
241,3089,3200,111
242,3088,3200,112
243,3088,3200,112
244,3088,3200,112
245,3087,3200,113
246,3086,3200,114
247,3086,3200,114
248,3085,3200,115
249,3084,3200,116
250,3083,3200,117
251,3083,3200,117
252,3082,3200,118
253,3082,3200,118
254,3081,3200,119
255,3080,3200,120
256,3080,3200,120
257,3079,3200,121
258,3078,3200,122
259,3078,3200,122
260,3077,3200,123
261,3077,3200,123
262,3076,3200,124
263,3076,3200,124
264,3076,3200,124
265,3075,3200,125
266,3075,3200,125
267,3074,3200,126
268,3073,3200,127
269,3073,3200,127
270,3072,3200,128
271,3072,3200,128
272,3071,3200,129
273,3071,3200,129
274,3071,3200,129
275,3070,3200,130
276,3069,3200,131
277,3069,3200,131
278,3069,3200,131
279,3069,3200,131
280,3068,3200,132
281,3067,3200,133
282,3067,3200,133
283,3067,3200,133
284,3065,3200,135
285,3065,3200,135
286,3065,3200,135
287,3063,3200,137
288,3063,3200,137
289,3063,3200,137
290,3062,3200,138
291,3061,3200,139
292,3061,3200,139
293,3060,3200,140
294,3059,3200,141
295,3059,3200,141
296,3058,3200,142
297,3057,3200,143
298,3057,3200,143
299,3056,3200,144
300,3055,3200,145
301,3055,3200,145
302,3054,3200,146
303,3054,3200,146
304,3053,3200,147
305,3053,3200,147
306,3053,3200,147
307,3053,3200,147
308,3052,3200,148
309,3051,3200,149
310,3051,3200,149
311,3049,3200,151
312,3049,3200,151
313,3048,3200,152
314,3047,3200,153
315,3047,3200,153
316,3046,3200,154
317,3046,3200,154
318,3046,3200,154
319,3045,3200,155
320,3044,3200,156
321,3043,3200,157
322,3043,3200,157
323,3042,3200,158
324,3042,3200,158
325,3041,3200,159
326,3040,3200,160
327,3040,3200,160
328,3039,3200,161
329,3038,3200,162
330,3037,3200,163
331,3037,3200,163
332,3037,3200,163
333,3036,3200,164
334,3036,3200,164
335,3035,3200,165
336,3035,3200,165
337,3034,3200,166
338,3033,3200,167
339,3033,3200,167
340,3033,3200,167
341,3032,3200,168
342,3032,3200,168
343,3030,3200,170
344,3030,3200,170
345,3028,3200,172
346,3028,3200,172
347,3028,3200,172
348,3028,3200,172
349,3027,3200,173
350,3027,3200,173
351,3026,3200,174
352,3025,3200,175
353,3025,3200,175
354,3024,3200,176
355,3023,3200,177
356,3023,3200,177
357,3023,3200,177
358,3022,3200,178
359,3021,3200,179
360,3021,3200,179
361,3019,3200,181
362,3019,3200,181
363,3019,3200,181
364,3018,3200,182
365,3017,3200,183
366,3017,3200,183
367,3016,3200,184
368,3016,3200,184
369,3015,3200,185
370,3014,3200,186
371,3014,3200,186
372,3014,3200,186
373,3014,3200,186
374,3013,3200,187
375,3013,3200,187
376,3013,3200,187
377,3012,3200,188
378,3012,3200,188
379,3012,3200,188
380,3010,3200,190
381,3009,3200,191
382,3009,3200,191
383,3007,3200,193
384,3007,3200,193
385,3006,3200,194
386,3006,3200,194
387,3005,3200,195
388,3005,3200,195
389,3004,3200,196
390,3004,3200,196
391,3004,3200,196
392,3004,3200,196
393,3003,3200,197
394,3003,3200,197
395,3003,3200,197
396,3002,3200,198
397,3000,3200,200
398,3000,3200,200
399,3000,3200,200
400,2998,3200,202
401,2998,3200,202
402,2998,3200,202
403,2997,3200,203
404,2997,3200,203
405,2997,3200,203
406,2996,3200,204
407,2996,3200,204
408,2996,3200,204
409,2996,3200,204
410,2994,3200,206
411,2994,3200,206
412,2993,3200,207
413,2993,3200,207
414,2992,3200,208
415,2992,3200,208
416,2991,3200,209
417,2991,3200,209
418,2990,3200,210
419,2990,3200,210
420,2989,3200,211
421,2989,3200,211
422,2989,3200,211
423,2989,3200,211
424,2987,3200,213
425,2987,3200,213
426,2986,3200,214
427,2985,3200,215
428,2985,3200,215
429,2985,3200,215
430,2984,3200,216
431,2983,3200,217
432,2983,3200,217
433,2981,3200,219
434,2981,3200,219
435,2981,3200,219
436,2980,3200,220
437,2980,3200,220
438,2978,3200,222
439,2978,3200,222
440,2977,3200,223
441,2976,3200,224
442,2976,3200,224
443,2976,3200,224
444,2976,3200,224
445,2976,3200,224
446,2975,3200,225
447,2975,3200,225
448,2975,3200,225
449,2975,3200,225
450,2974,3200,226
451,2974,3200,226
452,2973,3200,227
453,2973,3200,227
454,2973,3200,227
455,2971,3200,229
456,2971,3200,229
457,2971,3200,229
458,2970,3200,230
459,2970,3200,230
460,2970,3200,230
461,2969,3200,231
462,2969,3200,231
463,2969,3200,231
464,2969,3200,231
465,2968,3200,232
466,2968,3200,232
467,2967,3200,233
468,2965,3200,235
469,2964,3200,236
470,2964,3200,236
471,2964,3200,236
472,2964,3200,236
473,2963,3200,237
474,2963,3200,237
475,2963,3200,237
476,2963,3200,237
477,2962,3200,238
478,2962,3200,238
479,2962,3200,238
480,2962,3200,238
481,2962,3200,238
482,2962,3200,238
483,2962,3200,238
484,2962,3200,238
485,2961,3200,239
486,2961,3200,239
487,2960,3200,240
488,2958,3200,242
489,2958,3200,242
490,2958,3200,242
491,2957,3200,243
492,2957,3200,243
493,2957,3200,243
494,2957,3200,243
495,2956,3200,244
496,2956,3200,244
497,2955,3200,245
498,2954,3200,246
499,2954,3200,246
500,2952,3200,248
501,2952,3200,248
502,2952,3200,248
503,2952,3200,248
504,2951,3200,249
505,2951,3200,249
506,2949,3200,251
507,2949,3200,251
508,2948,3200,252
509,2948,3200,252
510,2946,3200,254
511,2945,3200,255
512,2945,3200,255
513,2944,3200,256
514,2944,3200,256
515,2942,3200,258
516,2940,3200,260
517,2940,3200,260
518,2940,3200,260
519,2939,3200,261
520,2939,3200,261
521,2938,3200,262
522,2937,3200,263
523,2937,3200,263
524,2936,3200,264
525,2935,3200,265
526,2935,3200,265
527,2935,3200,265
528,2934,3200,266
529,2933,3200,267
530,2932,3200,268
531,2932,3200,268
532,2931,3200,269
533,2931,3200,269
534,2930,3200,270
535,2928,3200,272
536,2927,3200,273
537,2927,3200,273
538,2926,3200,274
539,2925,3200,275
540,2924,3200,276
541,2923,3200,277
542,2922,3200,278
543,2921,3200,279
544,2920,3200,280
545,2919,3200,281
546,2919,3200,281
547,2918,3200,282
548,2917,3200,283
549,2916,3200,284
550,2915,3200,285
551,2915,3200,285
552,2915,3200,285
553,2914,3200,286
554,2913,3200,287
555,2913,3200,287
556,2912,3200,288
557,2912,3200,288
558,2910,3200,290
559,2910,3200,290
560,2909,3200,291
561,2908,3200,292
562,2907,3200,293
563,2907,3200,293
564,2907,3200,293
565,2907,3200,293
566,2906,3200,294
567,2906,3200,294
568,2906,3200,294
569,2906,3200,294
570,2905,3200,295
571,2904,3200,296
572,2904,3200,296
573,2903,3200,297
574,2902,3200,298
575,2902,3200,298
576,2901,3200,299
577,2900,3200,300
578,2899,3200,301
579,2899,3200,301
580,2899,3200,301
581,2897,3200,303
582,2897,3200,303
583,2896,3200,304
584,2895,3200,305
585,2895,3200,305
586,2894,3200,306
587,2893,3200,307
588,2893,3200,307
589,2892,3200,308
590,2892,3200,308
591,2891,3200,309
592,2891,3200,309
593,2890,3200,310
594,2889,3200,311
595,2889,3200,311
596,2888,3200,312
597,2888,3200,312
598,2888,3200,312
599,2888,3200,312
600,2887,3200,313
601,2887,3200,313
602,2886,3200,314
603,2886,3200,314
604,2884,3200,316
605,2884,3200,316
606,2882,3200,318
607,2882,3200,318
608,2882,3200,318
609,2881,3200,319
610,2879,3200,321
611,2879,3200,321
612,2879,3200,321
613,2878,3200,322
614,2877,3200,323
615,2877,3200,323
616,2876,3200,324
617,2875,3200,325
618,2875,3200,325
619,2874,3200,326
620,2874,3200,326
621,2874,3200,326
622,2873,3200,327
623,2872,3200,328
624,2872,3200,328
625,2872,3200,328
626,2871,3200,329
627,2869,3200,331
628,2868,3200,332
629,2867,3200,333
630,2866,3200,334
631,2866,3200,334
632,2866,3200,334
633,2865,3200,335
634,2864,3200,336
635,2863,3200,337
636,2863,3200,337
637,2862,3200,338
638,2862,3200,338
639,2862,3200,338
640,2861,3200,339
641,2861,3200,339
642,2860,3200,340
643,2860,3200,340
644,2860,3200,340
645,2860,3200,340
646,2860,3200,340
647,2859,3200,341
648,2859,3200,341
649,2858,3200,342
650,2858,3200,342
651,2856,3200,344
652,2856,3200,344
653,2856,3200,344
654,2855,3200,345
655,2854,3200,346
656,2854,3200,346
657,2853,3200,347
658,2853,3200,347
659,2852,3200,348
660,2852,3200,348
661,2852,3200,348
662,2851,3200,349
663,2851,3200,349
664,2850,3200,350
665,2850,3200,350
666,2850,3200,350
667,2849,3200,351
668,2848,3200,352
669,2848,3200,352
670,2847,3200,353
671,2847,3200,353
672,2845,3200,355
673,2844,3200,356
674,2841,3200,359
675,2841,3200,359
676,2839,3200,361
677,2839,3200,361
678,2838,3200,362
679,2838,3200,362
680,2837,3200,363
681,2836,3200,364
682,2835,3200,365
683,2835,3200,365
684,2834,3200,366
685,2833,3200,367
686,2833,3200,367
687,2831,3200,369
688,2831,3200,369
689,2831,3200,369
690,2830,3200,370
691,2830,3200,370
692,2830,3200,370
693,2830,3200,370
694,2828,3200,372
695,2827,3200,373
696,2826,3200,374
697,2824,3200,376
698,2824,3200,376
699,2823,3200,377
700,2823,3200,377
701,2822,3200,378
702,2822,3200,378
703,2821,3200,379
704,2821,3200,379
705,2821,3200,379
706,2819,3200,381
707,2818,3200,382
708,2818,3200,382
709,2818,3200,382
710,2817,3200,383
711,2816,3200,384
712,2816,3200,384
713,2816,3200,384
714,2815,3200,385
715,2814,3200,386
716,2813,3200,387
717,2812,3200,388
718,2811,3200,389
719,2810,3200,390
720,2810,3200,390
721,2810,3200,390
722,2809,3200,391
723,2809,3200,391
724,2808,3200,392
725,2808,3200,392
726,2808,3200,392
727,2808,3200,392
728,2807,3200,393
729,2807,3200,393
730,2806,3200,394
731,2805,3200,395
732,2805,3200,395
733,2804,3200,396
734,2802,3200,398
735,2801,3200,399
736,2801,3200,399
737,2801,3200,399
738,2799,3200,401
739,2799,3200,401
740,2798,3200,402
741,2798,3200,402
742,2796,3200,404
743,2796,3200,404
744,2796,3200,404
745,2795,3200,405
746,2794,3200,406
747,2794,3200,406
748,2794,3200,406
749,2793,3200,407
750,2792,3200,408
751,2791,3200,409
752,2791,3200,409
753,2790,3200,410
754,2789,3200,411
755,2787,3200,413
756,2787,3200,413
757,2786,3200,414
758,2786,3200,414
759,2785,3200,415
760,2785,3200,415
761,2785,3200,415
762,2785,3200,415
763,2785,3200,415
764,2785,3200,415
765,2784,3200,416
766,2784,3200,416
767,2784,3200,416
768,2783,3200,417
769,2783,3200,417
770,2783,3200,417
771,2782,3200,418
772,2782,3200,418
773,2781,3200,419
774,2780,3200,420
775,2780,3200,420
776,2779,3200,421
777,2779,3200,421
778,2778,3200,422
779,2778,3200,422
780,2777,3200,423
781,2776,3200,424
782,2776,3200,424
783,2776,3200,424
784,2776,3200,424
785,2776,3200,424
786,2776,3200,424
787,2775,3200,425
788,2775,3200,425
789,2773,3200,427
790,2772,3200,428
791,2772,3200,428
792,2770,3200,430
793,2769,3200,431
794,2768,3200,432
795,2768,3200,432
796,2768,3200,432
797,2767,3200,433
798,2767,3200,433
799,2765,3200,435
800,2763,3200,437
801,2762,3200,438
802,2761,3200,439
803,2761,3200,439
804,2760,3200,440
805,2760,3200,440
806,2759,3200,441
807,2758,3200,442
808,2758,3200,442
809,2758,3200,442
810,2758,3200,442
811,2757,3200,443
812,2757,3200,443
813,2757,3200,443
814,2756,3200,444
815,2756,3200,444
816,2755,3200,445
817,2755,3200,445
818,2753,3200,447
819,2753,3200,447
820,2753,3200,447
821,2752,3200,448
822,2750,3200,450
823,2749,3200,451
824,2746,3200,454
825,2745,3200,455
826,2745,3200,455
827,2744,3200,456
828,2744,3200,456
829,2743,3200,457
830,2742,3200,458
831,2742,3200,458
832,2741,3200,459
833,2740,3200,460
834,2740,3200,460
835,2739,3200,461
836,2739,3200,461
837,2739,3200,461
838,2738,3200,462
839,2738,3200,462
840,2737,3200,463
841,2736,3200,464
842,2736,3200,464
843,2735,3200,465
844,2734,3200,466
845,2733,3200,467
846,2733,3200,467
847,2733,3200,467
848,2732,3200,468
849,2732,3200,468
850,2731,3200,469
851,2731,3200,469
852,2730,3200,470
853,2729,3200,471
854,2729,3200,471
855,2727,3200,473
856,2727,3200,473
857,2727,3200,473
858,2726,3200,474
859,2726,3200,474
860,2726,3200,474
861,2725,3200,475
862,2725,3200,475
863,2724,3200,476
864,2724,3200,476
865,2724,3200,476
866,2723,3200,477
867,2723,3200,477
868,2722,3200,478
869,2722,3200,478
870,2721,3200,479
871,2721,3200,479
872,2721,3200,479
873,2721,3200,479
874,2721,3200,479
875,2720,3200,480
876,2720,3200,480
877,2718,3200,482
878,2718,3200,482
879,2718,3200,482
880,2716,3200,484
881,2716,3200,484
882,2715,3200,485
883,2714,3200,486
884,2713,3200,487
885,2713,3200,487
886,2712,3200,488
887,2711,3200,489
888,2710,3200,490
889,2710,3200,490
890,2710,3200,490
891,2709,3200,491
892,2707,3200,493
893,2707,3200,493
894,2707,3200,493
895,2707,3200,493
896,2707,3200,493
897,2707,3200,493
898,2706,3200,494
899,2705,3200,495
900,2705,3200,495
901,2703,3200,497
902,2701,3200,499
903,2701,3200,499
904,2700,3200,500
905,2699,3200,501
906,2697,3200,503
907,2697,3200,503
908,2696,3200,504
909,2696,3200,504
910,2696,3200,504
911,2696,3200,504
912,2696,3200,504
913,2695,3200,505
914,2695,3200,505
915,2694,3200,506
916,2694,3200,506
917,2694,3200,506
918,2693,3200,507
919,2692,3200,508
920,2692,3200,508
921,2691,3200,509
922,2691,3200,509
923,2691,3200,509
924,2690,3200,510
925,2689,3200,511
926,2688,3200,512
927,2687,3200,513
928,2686,3200,514
929,2686,3200,514
930,2684,3200,516
931,2684,3200,516
932,2682,3200,518
933,2681,3200,519
934,2681,3200,519
935,2681,3200,519
936,2680,3200,520
937,2680,3200,520
938,2680,3200,520
939,2678,3200,522
940,2677,3200,523
941,2677,3200,523
942,2677,3200,523
943,2677,3200,523
944,2676,3200,524
945,2676,3200,524
946,2675,3200,525
947,2674,3200,526
948,2673,3200,527
949,2673,3200,527
950,2673,3200,527
951,2673,3200,527
952,2672,3200,528
953,2671,3200,529
954,2671,3200,529
955,2671,3200,529
956,2670,3200,530
957,2670,3200,530
958,2669,3200,531
959,2669,3200,531
960,2668,3200,532
961,2667,3200,533
962,2666,3200,534
963,2665,3200,535
964,2664,3200,536
965,2664,3200,536
966,2662,3200,538
967,2662,3200,538
968,2662,3200,538
969,2662,3200,538
970,2661,3200,539
971,2661,3200,539
972,2661,3200,539
973,2661,3200,539
974,2660,3200,540
975,2660,3200,540
976,2659,3200,541
977,2659,3200,541
978,2657,3200,543
979,2656,3200,544
980,2655,3200,545
981,2654,3200,546
982,2654,3200,546
983,2653,3200,547
984,2653,3200,547
985,2652,3200,548
986,2652,3200,548
987,2651,3200,549
988,2651,3200,549
989,2650,3200,550
990,2649,3200,551
991,2649,3200,551
992,2648,3200,552
993,2648,3200,552
994,2647,3200,553
995,2646,3200,554
996,2646,3200,554
997,2645,3200,555
998,2644,3200,556
999,2643,3200,557
1000,2643,3200,557
1001,2642,3200,558
1002,2641,3200,559
1003,2640,3200,560
1004,2639,3200,561
1005,2639,3200,561
1006,2639,3200,561
1007,2638,3200,562
1008,2637,3200,563
1009,2637,3200,563
1010,2637,3200,563
1011,2636,3200,564
1012,2635,3200,565
1013,2635,3200,565
1014,2634,3200,566
1015,2633,3200,567
1016,2633,3200,567
1017,2633,3200,567
1018,2631,3200,569
1019,2629,3200,571
1020,2628,3200,572
1021,2627,3200,573
1022,2627,3200,573
1023,2626,3200,574
1024,2625,3200,575
1025,2625,3200,575
1026,2625,3200,575
1027,2625,3200,575
1028,2625,3200,575
1029,2623,3200,577
1030,2622,3200,578
1031,2622,3200,578
1032,2622,3200,578
1033,2622,3200,578
1034,2620,3200,580
1035,2618,3200,582
1036,2618,3200,582
1037,2618,3200,582
1038,2616,3200,584
1039,2616,3200,584
1040,2615,3200,585
1041,2614,3200,586
1042,2614,3200,586
1043,2613,3200,587
1044,2613,3200,587
1045,2613,3200,587
1046,2612,3200,588
1047,2612,3200,588
1048,2611,3200,589
1049,2611,3200,589
1050,2610,3200,590
1051,2609,3200,591
1052,2609,3200,591
1053,2609,3200,591
1054,2608,3200,592
1055,2607,3200,593
1056,2607,3200,593
1057,2605,3200,595
1058,2603,3200,597
1059,2602,3200,598
1060,2602,3200,598
1061,2601,3200,599
1062,2600,3200,600
1063,2598,3200,602
1064,2598,3200,602
1065,2597,3200,603
1066,2597,3200,603
1067,2596,3200,604
1068,2594,3200,606
1069,2594,3200,606
1070,2593,3200,607
1071,2593,3200,607
1072,2593,3200,607
1073,2592,3200,608
1074,2592,3200,608
1075,2591,3200,609
1076,2591,3200,609
1077,2591,3200,609
1078,2590,3200,610
1079,2589,3200,611
1080,2589,3200,611
1081,2589,3200,611
1082,2587,3200,613
1083,2586,3200,614
1084,2585,3200,615
1085,2584,3200,616
1086,2584,3200,616
1087,2583,3200,617
1088,2582,3200,618
1089,2582,3200,618
1090,2582,3200,618
1091,2581,3200,619
1092,2581,3200,619
1093,2581,3200,619
1094,2580,3200,620
1095,2580,3200,620
1096,2579,3200,621
1097,2577,3200,623
1098,2577,3200,623
1099,2577,3200,623
1100,2575,3200,625
1101,2575,3200,625
1102,2575,3200,625
1103,2575,3200,625
1104,2575,3200,625
1105,2575,3200,625
1106,2573,3200,627
1107,2572,3200,628
1108,2572,3200,628
1109,2572,3200,628
1110,2571,3200,629
1111,2571,3200,629
1112,2570,3200,630
1113,2570,3200,630
1114,2569,3200,631
1115,2568,3200,632
1116,2567,3200,633
1117,2566,3200,634
1118,2566,3200,634
1119,2565,3200,635
1120,2564,3200,636
1121,2562,3200,638
1122,2562,3200,638
1123,2561,3200,639
1124,2560,3200,640
1125,2560,3200,640
1126,2559,3200,641
1127,2558,3200,642
1128,2557,3200,643
1129,2557,3200,643
1130,2556,3200,644
1131,2556,3200,644
1132,2555,3200,645
1133,2554,3200,646
1134,2554,3200,646
1135,2553,3200,647
1136,2553,3200,647
1137,2552,3200,648
1138,2552,3200,648
1139,2551,3200,649
1140,2550,3200,650
1141,2549,3200,651
1142,2549,3200,651
1143,2548,3200,652
1144,2548,3200,652
1145,2547,3200,653
1146,2547,3200,653
1147,2547,3200,653
1148,2547,3200,653
1149,2546,3200,654
1150,2546,3200,654
1151,2545,3200,655
1152,2545,3200,655
1153,2545,3200,655
1154,2545,3200,655
1155,2543,3200,657
1156,2543,3200,657
1157,2542,3200,658
1158,2541,3200,659
1159,2540,3200,660
1160,2539,3200,661
1161,2538,3200,662
1162,2538,3200,662
1163,2537,3200,663
1164,2537,3200,663
1165,2536,3200,664
1166,2534,3200,666
1167,2533,3200,667
1168,2533,3200,667
1169,2533,3200,667
1170,2532,3200,668
1171,2532,3200,668
1172,2531,3200,669
1173,2530,3200,670
1174,2530,3200,670
1175,2529,3200,671
1176,2529,3200,671
1177,2528,3200,672
1178,2528,3200,672
1179,2528,3200,672
1180,2527,3200,673
1181,2526,3200,674
1182,2525,3200,675
1183,2524,3200,676
1184,2524,3200,676
1185,2523,3200,677
1186,2523,3200,677
1187,2522,3200,678
1188,2522,3200,678
1189,2521,3200,679
1190,2521,3200,679
1191,2521,3200,679
1192,2520,3200,680
1193,2520,3200,680
1194,2518,3200,682
1195,2518,3200,682
1196,2517,3200,683
1197,2516,3200,684
1198,2515,3200,685
1199,2514,3200,686
1200,2513,3200,687
1201,2513,3200,687
1202,2513,3200,687
1203,2512,3200,688
1204,2511,3200,689
1205,2510,3200,690
1206,2510,3200,690
1207,2509,3200,691
1208,2508,3200,692
1209,2508,3200,692
1210,2506,3200,694
1211,2506,3200,694
1212,2505,3200,695
1213,2504,3200,696
1214,2503,3200,697
1215,2503,3200,697
1216,2503,3200,697
1217,2503,3200,697
1218,2503,3200,697
1219,2503,3200,697
1220,2503,3200,697
1221,2502,3200,698
1222,2502,3200,698
1223,2501,3200,699
1224,2501,3200,699
1225,2500,3200,700
1226,2499,3200,701
1227,2498,3200,702
1228,2497,3200,703
1229,2497,3200,703
1230,2496,3200,704
1231,2495,3200,705
1232,2495,3200,705
1233,2495,3200,705
1234,2494,3200,706
1235,2494,3200,706
1236,2494,3200,706
1237,2493,3200,707
1238,2492,3200,708
1239,2490,3200,710
1240,2490,3200,710
1241,2490,3200,710
1242,2490,3200,710
1243,2489,3200,711
1244,2489,3200,711
1245,2488,3200,712
1246,2487,3200,713
1247,2486,3200,714
1248,2485,3200,715
1249,2485,3200,715
1250,2484,3200,716
1251,2483,3200,717
1252,2483,3200,717
1253,2481,3200,719
1254,2481,3200,719
1255,2481,3200,719
1256,2479,3200,721
1257,2478,3200,722
1258,2478,3200,722
1259,2477,3200,723
1260,2476,3200,724
1261,2476,3200,724
1262,2475,3200,725
1263,2475,3200,725
1264,2475,3200,725
1265,2475,3200,725
1266,2474,3200,726
1267,2473,3200,727
1268,2472,3200,728
1269,2471,3200,729
1270,2471,3200,729
1271,2470,3200,730
1272,2469,3200,731
1273,2469,3200,731
1274,2469,3200,731
1275,2468,3200,732
1276,2468,3200,732
1277,2468,3200,732
1278,2466,3200,734
1279,2465,3200,735
1280,2465,3200,735
1281,2464,3200,736
1282,2463,3200,737
1283,2463,3200,737
1284,2463,3200,737
1285,2463,3200,737
1286,2461,3200,739
1287,2460,3200,740
1288,2459,3200,741
1289,2459,3200,741
1290,2458,3200,742
1291,2457,3200,743
1292,2457,3200,743
1293,2455,3200,745
1294,2455,3200,745
1295,2454,3200,746
1296,2453,3200,747
1297,2452,3200,748
1298,2452,3200,748
1299,2452,3200,748
1300,2452,3200,748
1301,2451,3200,749
1302,2450,3200,750
1303,2450,3200,750
1304,2449,3200,751
1305,2449,3200,751
1306,2448,3200,752
1307,2447,3200,753
1308,2446,3200,754
1309,2446,3200,754
1310,2444,3200,756
1311,2444,3200,756
1312,2442,3200,758
1313,2441,3200,759
1314,2441,3200,759
1315,2441,3200,759
1316,2440,3200,760
1317,2440,3200,760
1318,2439,3200,761
1319,2438,3200,762
1320,2436,3200,764
1321,2436,3200,764
1322,2436,3200,764
1323,2436,3200,764
1324,2436,3200,764
1325,2435,3200,765
1326,2435,3200,765
1327,2435,3200,765
1328,2435,3200,765
1329,2433,3200,767
1330,2433,3200,767
1331,2433,3200,767
1332,2433,3200,767
1333,2433,3200,767
1334,2433,3200,767
1335,2432,3200,768
1336,2432,3200,768
1337,2431,3200,769
1338,2430,3200,770
1339,2430,3200,770
1340,2430,3200,770
1341,2430,3200,770
1342,2429,3200,771
1343,2429,3200,771
1344,2429,3200,771
1345,2428,3200,772
1346,2428,3200,772
1347,2427,3200,773
1348,2427,3200,773
1349,2426,3200,774
1350,2425,3200,775
1351,2425,3200,775
1352,2425,3200,775
1353,2425,3200,775
1354,2424,3200,776
1355,2422,3200,778
1356,2422,3200,778
1357,2422,3200,778
1358,2421,3200,779
1359,2421,3200,779
1360,2421,3200,779
1361,2420,3200,780
1362,2420,3200,780
1363,2420,3200,780
1364,2419,3200,781
1365,2417,3200,783
1366,2416,3200,784
1367,2415,3200,785
1368,2413,3200,787
1369,2412,3200,788
1370,2412,3200,788
1371,2411,3200,789
1372,2411,3200,789
1373,2411,3200,789
1374,2411,3200,789
1375,2410,3200,790
1376,2409,3200,791
1377,2409,3200,791
1378,2408,3200,792
1379,2407,3200,793
1380,2406,3200,794
1381,2405,3200,795
1382,2404,3200,796
1383,2403,3200,797
1384,2402,3200,798
1385,2402,3200,798
1386,2401,3200,799
1387,2401,3200,799
1388,2400,3200,800
1389,2400,3200,800
1390,2400,3200,800
1391,2400,3200,800
1392,2399,3200,801
1393,2398,3200,802
1394,2398,3200,802
1395,2398,3200,802
1396,2398,3200,802
1397,2397,3200,803
1398,2395,3200,805
1399,2395,3200,805
1400,2394,3200,806
1401,2393,3200,807
1402,2393,3200,807
1403,2393,3200,807
1404,2391,3200,809
1405,2390,3200,810
1406,2389,3200,811
1407,2388,3200,812
1408,2387,3200,813
1409,2387,3200,813
1410,2387,3200,813
1411,2386,3200,814
1412,2386,3200,814
1413,2385,3200,815
1414,2385,3200,815
1415,2385,3200,815
1416,2385,3200,815
1417,2384,3200,816
1418,2384,3200,816
1419,2383,3200,817
1420,2383,3200,817
1421,2382,3200,818
1422,2382,3200,818
1423,2380,3200,820
1424,2379,3200,821
1425,2379,3200,821
1426,2378,3200,822
1427,2378,3200,822
1428,2377,3200,823
1429,2377,3200,823
1430,2376,3200,824
1431,2376,3200,824
1432,2375,3200,825
1433,2374,3200,826
1434,2374,3200,826
1435,2374,3200,826
1436,2374,3200,826
1437,2374,3200,826
1438,2373,3200,827
1439,2372,3200,828
1440,2370,3200,830
1441,2370,3200,830
1442,2369,3200,831
1443,2369,3200,831
1444,2369,3200,831
1445,2368,3200,832
1446,2367,3200,833
1447,2367,3200,833
1448,2366,3200,834
1449,2364,3200,836
1450,2363,3200,837
1451,2363,3200,837
1452,2362,3200,838
1453,2362,3200,838
1454,2361,3200,839
1455,2361,3200,839
1456,2359,3200,841
1457,2359,3200,841
1458,2358,3200,842
1459,2356,3200,844
1460,2356,3200,844
1461,2356,3200,844
1462,2356,3200,844
1463,2356,3200,844
1464,2355,3200,845
1465,2355,3200,845
1466,2353,3200,847
1467,2353,3200,847
1468,2353,3200,847
1469,2352,3200,848
1470,2351,3200,849
1471,2351,3200,849
1472,2350,3200,850
1473,2348,3200,852
1474,2348,3200,852
1475,2347,3200,853
1476,2347,3200,853
1477,2347,3200,853
1478,2346,3200,854
1479,2345,3200,855
1480,2345,3200,855
1481,2343,3200,857
1482,2343,3200,857
1483,2342,3200,858
1484,2342,3200,858
1485,2341,3200,859
1486,2341,3200,859
1487,2340,3200,860
1488,2339,3200,861
1489,2339,3200,861
1490,2337,3200,863
1491,2337,3200,863
1492,2336,3200,864
1493,2336,3200,864
1494,2336,3200,864
1495,2335,3200,865
1496,2335,3200,865
1497,2334,3200,866
1498,2332,3200,868
1499,2332,3200,868
1500,2332,3200,868
1501,2330,3200,870
1502,2330,3200,870
1503,2329,3200,871
1504,2329,3200,871
1505,2329,3200,871
1506,2327,3200,873
1507,2327,3200,873
1508,2326,3200,874
1509,2326,3200,874
1510,2325,3200,875
1511,2324,3200,876
1512,2324,3200,876
1513,2323,3200,877
1514,2323,3200,877
1515,2323,3200,877
1516,2322,3200,878
1517,2321,3200,879
1518,2320,3200,880
1519,2320,3200,880
1520,2319,3200,881
1521,2318,3200,882
1522,2317,3200,883
1523,2317,3200,883
1524,2315,3200,885
1525,2314,3200,886
1526,2313,3200,887
1527,2313,3200,887
1528,2312,3200,888
1529,2311,3200,889
1530,2310,3200,890
1531,2309,3200,891
1532,2308,3200,892
1533,2308,3200,892
1534,2307,3200,893
1535,2307,3200,893
1536,2307,3200,893
1537,2306,3200,894
1538,2305,3200,895
1539,2305,3200,895
1540,2304,3200,896
1541,2304,3200,896
1542,2303,3200,897
1543,2302,3200,898
1544,2302,3200,898
1545,2301,3200,899
1546,2300,3200,900
1547,2300,3200,900
1548,2299,3200,901
1549,2299,3200,901
1550,2298,3200,902
1551,2298,3200,902
1552,2296,3200,904
1553,2296,3200,904
1554,2296,3200,904
1555,2295,3200,905
1556,2294,3200,906
1557,2294,3200,906
1558,2294,3200,906
1559,2293,3200,907
1560,2293,3200,907
1561,2293,3200,907
1562,2292,3200,908
1563,2292,3200,908
1564,2290,3200,910
1565,2290,3200,910
1566,2288,3200,912
1567,2288,3200,912
1568,2288,3200,912
1569,2285,3200,915
1570,2285,3200,915
1571,2284,3200,916
1572,2284,3200,916
1573,2283,3200,917
1574,2282,3200,918
1575,2282,3200,918
1576,2280,3200,920
1577,2279,3200,921
1578,2279,3200,921
1579,2279,3200,921
1580,2277,3200,923
1581,2276,3200,924
1582,2275,3200,925
1583,2274,3200,926
1584,2274,3200,926
1585,2273,3200,927
1586,2273,3200,927
1587,2273,3200,927
1588,2272,3200,928
1589,2272,3200,928
1590,2271,3200,929
1591,2270,3200,930
1592,2269,3200,931
1593,2268,3200,932
1594,2267,3200,933
1595,2267,3200,933
1596,2266,3200,934
1597,2266,3200,934
1598,2266,3200,934
1599,2266,3200,934
1600,2265,3200,935
1601,2265,3200,935
1602,2263,3200,937
1603,2261,3200,939
1604,2261,3200,939
1605,2261,3200,939
1606,2260,3200,940
1607,2259,3200,941
1608,2259,3200,941
1609,2257,3200,943
1610,2257,3200,943
1611,2257,3200,943
1612,2257,3200,943
1613,2256,3200,944
1614,2255,3200,945
1615,2255,3200,945
1616,2254,3200,946
1617,2253,3200,947
1618,2252,3200,948
1619,2252,3200,948
1620,2251,3200,949
1621,2250,3200,950
1622,2249,3200,951
1623,2248,3200,952
1624,2247,3200,953
1625,2246,3200,954
1626,2246,3200,954
1627,2246,3200,954
1628,2245,3200,955
1629,2244,3200,956
1630,2244,3200,956
1631,2244,3200,956
1632,2243,3200,957
1633,2243,3200,957
1634,2242,3200,958
1635,2240,3200,960
1636,2240,3200,960
1637,2239,3200,961
1638,2238,3200,962
1639,2238,3200,962
1640,2237,3200,963
1641,2236,3200,964
1642,2236,3200,964
1643,2235,3200,965
1644,2234,3200,966
1645,2234,3200,966
1646,2234,3200,966
1647,2233,3200,967
1648,2233,3200,967
1649,2233,3200,967
1650,2232,3200,968
1651,2231,3200,969
1652,2230,3200,970
1653,2230,3200,970
1654,2230,3200,970
1655,2230,3200,970
1656,2228,3200,972
1657,2227,3200,973
1658,2226,3200,974
1659,2226,3200,974
1660,2225,3200,975
1661,2224,3200,976
1662,2224,3200,976
1663,2223,3200,977
1664,2223,3200,977
1665,2223,3200,977
1666,2221,3200,979
1667,2220,3200,980
1668,2219,3200,981
1669,2219,3200,981
1670,2219,3200,981
1671,2219,3200,981
1672,2219,3200,981
1673,2218,3200,982
1674,2217,3200,983
1675,2217,3200,983
1676,2216,3200,984
1677,2215,3200,985
1678,2215,3200,985
1679,2214,3200,986
1680,2214,3200,986
1681,2214,3200,986
1682,2213,3200,987
1683,2213,3200,987
1684,2213,3200,987
1685,2212,3200,988
1686,2212,3200,988
1687,2211,3200,989
1688,2211,3200,989
1689,2211,3200,989
1690,2211,3200,989
1691,2211,3200,989
1692,2210,3200,990
1693,2209,3200,991
1694,2208,3200,992
1695,2208,3200,992
1696,2208,3200,992
1697,2206,3200,994
1698,2205,3200,995
1699,2205,3200,995
1700,2205,3200,995
1701,2204,3200,996
1702,2204,3200,996
1703,2202,3200,998
1704,2201,3200,999
1705,2201,3200,999
1706,2201,3200,999
1707,2201,3200,999
1708,2201,3200,999
1709,2200,3200,1000
1710,2199,3200,1001
1711,2197,3200,1003
1712,2197,3200,1003
1713,2196,3200,1004
1714,2196,3200,1004
1715,2196,3200,1004
1716,2196,3200,1004
1717,2195,3200,1005
1718,2194,3200,1006
1719,2194,3200,1006
1720,2193,3200,1007
1721,2193,3200,1007
1722,2193,3200,1007
1723,2193,3200,1007
1724,2192,3200,1008
1725,2192,3200,1008
1726,2190,3200,1010
1727,2189,3200,1011
1728,2188,3200,1012
1729,2187,3200,1013
1730,2186,3200,1014
1731,2186,3200,1014
1732,2185,3200,1015
1733,2185,3200,1015
1734,2184,3200,1016
1735,2184,3200,1016
1736,2184,3200,1016
1737,2184,3200,1016
1738,2183,3200,1017
1739,2183,3200,1017
1740,2182,3200,1018
1741,2181,3200,1019
1742,2181,3200,1019
1743,2180,3200,1020
1744,2180,3200,1020
1745,2180,3200,1020
1746,2180,3200,1020
1747,2178,3200,1022
1748,2177,3200,1023
1749,2177,3200,1023
1750,2177,3200,1023
1751,2176,3200,1024
1752,2176,3200,1024
1753,2176,3200,1024
1754,2175,3200,1025
1755,2174,3200,1026
1756,2174,3200,1026
1757,2173,3200,1027
1758,2173,3200,1027
1759,2172,3200,1028
1760,2171,3200,1029
1761,2169,3200,1031
1762,2169,3200,1031
1763,2168,3200,1032
1764,2167,3200,1033
1765,2167,3200,1033
1766,2167,3200,1033
1767,2166,3200,1034
1768,2165,3200,1035
1769,2165,3200,1035
1770,2164,3200,1036
1771,2164,3200,1036
1772,2164,3200,1036
1773,2164,3200,1036
1774,2163,3200,1037
1775,2162,3200,1038
1776,2162,3200,1038
1777,2161,3200,1039
1778,2160,3200,1040
1779,2160,3200,1040
1780,2160,3200,1040
1781,2158,3200,1042
1782,2157,3200,1043
1783,2157,3200,1043
1784,2157,3200,1043
1785,2156,3200,1044
1786,2155,3200,1045
1787,2155,3200,1045
1788,2155,3200,1045
1789,2155,3200,1045
1790,2155,3200,1045
1791,2155,3200,1045
1792,2154,3200,1046
1793,2154,3200,1046
1794,2154,3200,1046
1795,2154,3200,1046
1796,2153,3200,1047
1797,2152,3200,1048
1798,2151,3200,1049
1799,2151,3200,1049
1800,2150,3200,1050
1801,2149,3200,1051
1802,2148,3200,1052
1803,2148,3200,1052
1804,2147,3200,1053
1805,2147,3200,1053
1806,2147,3200,1053
1807,2146,3200,1054
1808,2145,3200,1055
1809,2144,3200,1056
1810,2144,3200,1056
1811,2142,3200,1058
1812,2142,3200,1058
1813,2142,3200,1058
1814,2141,3200,1059
1815,2140,3200,1060
1816,2139,3200,1061
1817,2138,3200,1062
1818,2138,3200,1062
1819,2138,3200,1062
1820,2138,3200,1062
1821,2138,3200,1062
1822,2138,3200,1062
1823,2138,3200,1062
1824,2138,3200,1062
1825,2137,3200,1063
1826,2136,3200,1064
1827,2136,3200,1064
1828,2136,3200,1064
1829,2136,3200,1064
1830,2135,3200,1065
1831,2135,3200,1065
1832,2134,3200,1066
1833,2133,3200,1067
1834,2133,3200,1067
1835,2133,3200,1067
1836,2132,3200,1068
1837,2132,3200,1068
1838,2132,3200,1068
1839,2131,3200,1069
1840,2131,3200,1069
1841,2129,3200,1071
1842,2129,3200,1071
1843,2129,3200,1071
1844,2129,3200,1071
1845,2129,3200,1071
1846,2128,3200,1072
1847,2127,3200,1073
1848,2125,3200,1075
1849,2124,3200,1076
1850,2124,3200,1076
1851,2123,3200,1077
1852,2123,3200,1077
1853,2123,3200,1077
1854,2123,3200,1077
1855,2123,3200,1077
1856,2123,3200,1077
1857,2122,3200,1078
1858,2122,3200,1078
1859,2120,3200,1080
1860,2120,3200,1080
1861,2120,3200,1080
1862,2119,3200,1081
1863,2118,3200,1082
1864,2118,3200,1082
1865,2118,3200,1082
1866,2118,3200,1082
1867,2118,3200,1082
1868,2117,3200,1083
1869,2117,3200,1083
1870,2116,3200,1084
1871,2116,3200,1084
1872,2116,3200,1084
1873,2115,3200,1085
1874,2114,3200,1086
1875,2114,3200,1086
1876,2113,3200,1087
1877,2112,3200,1088
1878,2112,3200,1088
1879,2111,3200,1089
1880,2111,3200,1089
1881,2111,3200,1089
1882,2111,3200,1089
1883,2110,3200,1090
1884,2110,3200,1090
1885,2110,3200,1090
1886,2110,3200,1090
1887,2110,3200,1090
1888,2110,3200,1090
1889,2109,3200,1091
1890,2108,3200,1092
1891,2108,3200,1092
1892,2107,3200,1093
1893,2106,3200,1094
1894,2106,3200,1094
1895,2105,3200,1095
1896,2104,3200,1096
1897,2103,3200,1097
1898,2103,3200,1097
1899,2103,3200,1097
1900,2103,3200,1097
1901,2103,3200,1097
1902,2102,3200,1098
1903,2101,3200,1099
1904,2100,3200,1100
1905,2100,3200,1100
1906,2100,3200,1100
1907,2100,3200,1100
1908,2099,3200,1101
1909,2099,3200,1101
1910,2099,3200,1101
1911,2099,3200,1101
1912,2099,3200,1101
1913,2098,3200,1102
1914,2098,3200,1102
1915,2097,3200,1103
1916,2097,3200,1103
1917,2096,3200,1104
1918,2096,3200,1104
1919,2095,3200,1105
1920,2093,3200,1107
1921,2092,3200,1108
1922,2092,3200,1108
1923,2090,3200,1110
1924,2090,3200,1110
1925,2090,3200,1110
1926,2090,3200,1110
1927,2090,3200,1110
1928,2090,3200,1110
1929,2090,3200,1110
1930,2090,3200,1110
1931,2090,3200,1110
1932,2089,3200,1111
1933,2089,3200,1111
1934,2089,3200,1111
1935,2088,3200,1112
1936,2088,3200,1112
1937,2087,3200,1113
1938,2087,3200,1113
1939,2087,3200,1113
1940,2087,3200,1113
1941,2085,3200,1115
1942,2085,3200,1115
1943,2083,3200,1117
1944,2083,3200,1117
1945,2082,3200,1118
1946,2081,3200,1119
1947,2080,3200,1120
1948,2080,3200,1120
1949,2079,3200,1121
1950,2078,3200,1122
1951,2077,3200,1123
1952,2077,3200,1123
1953,2077,3200,1123
1954,2077,3200,1123
1955,2077,3200,1123
1956,2077,3200,1123
1957,2077,3200,1123
1958,2076,3200,1124
1959,2075,3200,1125
1960,2075,3200,1125
1961,2075,3200,1125
1962,2074,3200,1126
1963,2074,3200,1126
1964,2074,3200,1126
1965,2074,3200,1126
1966,2073,3200,1127
1967,2073,3200,1127
1968,2073,3200,1127
1969,2071,3200,1129
1970,2070,3200,1130
1971,2069,3200,1131
1972,2069,3200,1131
1973,2069,3200,1131
1974,2068,3200,1132
1975,2068,3200,1132
1976,2068,3200,1132
1977,2068,3200,1132
1978,2068,3200,1132
1979,2067,3200,1133
1980,2067,3200,1133
1981,2067,3200,1133
1982,2066,3200,1134
1983,2066,3200,1134
1984,2066,3200,1134
1985,2064,3200,1136
1986,2063,3200,1137
1987,2063,3200,1137
1988,2062,3200,1138
1989,2062,3200,1138
1990,2062,3200,1138
1991,2060,3200,1140
1992,2060,3200,1140
1993,2060,3200,1140
1994,2060,3200,1140
1995,2060,3200,1140
1996,2060,3200,1140
1997,2059,3200,1141
1998,2059,3200,1141
1999,2059,3200,1141
2000,2057,3200,1143
2001,2057,3200,1143
2002,2056,3200,1144
2003,2055,3200,1145
2004,2055,3200,1145
2005,2053,3200,1147
2006,2053,3200,1147
2007,2053,3200,1147
2008,2052,3200,1148
2009,2052,3200,1148
2010,2051,3200,1149
2011,2050,3200,1150
2012,2050,3200,1150
2013,2050,3200,1150
2014,2049,3200,1151
2015,2049,3200,1151
2016,2048,3200,1152
2017,2048,3200,1152
2018,2048,3200,1152
2019,2047,3200,1153
2020,2046,3200,1154
2021,2046,3200,1154
2022,2045,3200,1155
2023,2045,3200,1155
2024,2045,3200,1155
2025,2043,3200,1157
2026,2043,3200,1157
2027,2043,3200,1157
2028,2042,3200,1158
2029,2042,3200,1158
2030,2042,3200,1158
2031,2041,3200,1159
2032,2040,3200,1160
2033,2039,3200,1161
2034,2038,3200,1162
2035,2037,3200,1163
2036,2036,3200,1164
2037,2036,3200,1164
2038,2036,3200,1164
2039,2036,3200,1164
2040,2036,3200,1164
2041,2035,3200,1165
2042,2034,3200,1166
2043,2034,3200,1166
2044,2033,3200,1167
2045,2032,3200,1168
2046,2032,3200,1168
2047,2032,3200,1168
2048,2032,3200,1168
2049,2031,3200,1169
2050,2031,3200,1169
2051,2030,3200,1170
2052,2030,3200,1170
2053,2028,3200,1172
2054,2028,3200,1172
2055,2028,3200,1172
2056,2028,3200,1172
2057,2028,3200,1172
2058,2028,3200,1172
2059,2028,3200,1172
2060,2028,3200,1172
2061,2026,3200,1174
2062,2026,3200,1174
2063,2025,3200,1175
2064,2025,3200,1175
2065,2025,3200,1175
2066,2025,3200,1175
2067,2024,3200,1176
2068,2024,3200,1176
2069,2024,3200,1176
2070,2023,3200,1177
2071,2022,3200,1178
2072,2021,3200,1179
2073,2021,3200,1179
2074,2020,3200,1180
2075,2020,3200,1180
2076,2020,3200,1180
2077,2020,3200,1180
2078,2020,3200,1180
2079,2019,3200,1181
2080,2019,3200,1181
2081,2019,3200,1181
2082,2018,3200,1182
2083,2018,3200,1182
2084,2018,3200,1182
2085,2017,3200,1183
2086,2017,3200,1183
2087,2016,3200,1184
2088,2016,3200,1184
2089,2015,3200,1185
2090,2015,3200,1185
2091,2015,3200,1185
2092,2015,3200,1185
2093,2015,3200,1185
2094,2014,3200,1186
2095,2014,3200,1186
2096,2013,3200,1187
2097,2013,3200,1187
2098,2012,3200,1188
2099,2011,3200,1189
2100,2010,3200,1190
2101,2010,3200,1190
2102,2010,3200,1190
2103,2010,3200,1190
2104,2009,3200,1191
2105,2008,3200,1192
2106,2008,3200,1192
2107,2007,3200,1193
2108,2005,3200,1195
2109,2004,3200,1196
2110,2004,3200,1196
2111,2003,3200,1197
2112,2003,3200,1197
2113,2003,3200,1197
2114,2003,3200,1197
2115,2001,3200,1199
2116,2001,3200,1199
2117,2001,3200,1199
2118,2000,3200,1200
2119,2000,3200,1200
2120,2000,3200,1200
2121,2000,3200,1200
2122,2000,3200,1200
2123,2000,3200,1200
2124,2000,3200,1200
2125,2000,3200,1200
2126,1999,3200,1201
2127,1999,3200,1201
2128,1999,3200,1201
2129,1998,3200,1202
2130,1998,3200,1202
2131,1998,3200,1202
2132,1998,3200,1202
2133,1998,3200,1202
2134,1998,3200,1202
2135,1997,3200,1203
2136,1997,3200,1203
2137,1997,3200,1203
2138,1997,3200,1203
2139,1997,3200,1203
2140,1997,3200,1203
2141,1996,3200,1204
2142,1996,3200,1204
2143,1996,3200,1204
2144,1996,3200,1204
2145,1996,3200,1204
2146,1996,3200,1204
2147,1996,3200,1204
2148,1996,3200,1204
2149,1995,3200,1205
2150,1995,3200,1205
2151,1993,3200,1207
2152,1993,3200,1207
2153,1992,3200,1208
2154,1992,3200,1208
2155,1991,3200,1209
2156,1990,3200,1210
2157,1990,3200,1210
2158,1989,3200,1211
2159,1989,3200,1211
2160,1988,3200,1212
2161,1988,3200,1212
2162,1987,3200,1213
2163,1987,3200,1213
2164,1986,3200,1214
2165,1986,3200,1214
2166,1984,3200,1216
2167,1984,3200,1216
2168,1984,3200,1216
2169,1984,3200,1216
2170,1984,3200,1216
2171,1984,3200,1216
2172,1983,3200,1217
2173,1983,3200,1217
2174,1982,3200,1218
2175,1981,3200,1219
2176,1980,3200,1220
2177,1980,3200,1220
2178,1979,3200,1221
2179,1978,3200,1222
2180,1977,3200,1223
2181,1977,3200,1223
2182,1977,3200,1223
2183,1977,3200,1223
2184,1977,3200,1223
2185,1975,3200,1225
2186,1974,3200,1226
2187,1974,3200,1226
2188,1973,3200,1227
2189,1972,3200,1228
2190,1971,3200,1229
2191,1970,3200,1230
2192,1970,3200,1230
2193,1970,3200,1230
2194,1970,3200,1230
2195,1969,3200,1231
2196,1969,3200,1231
2197,1969,3200,1231
2198,1968,3200,1232
2199,1967,3200,1233
2200,1966,3200,1234
2201,1965,3200,1235
2202,1964,3200,1236
2203,1964,3200,1236
2204,1963,3200,1237
2205,1963,3200,1237
2206,1962,3200,1238
2207,1962,3200,1238
2208,1961,3200,1239
2209,1961,3200,1239
2210,1961,3200,1239
2211,1960,3200,1240
2212,1960,3200,1240
2213,1960,3200,1240
2214,1958,3200,1242
2215,1958,3200,1242
2216,1958,3200,1242
2217,1957,3200,1243
2218,1956,3200,1244
2219,1956,3200,1244
2220,1956,3200,1244
2221,1956,3200,1244
2222,1956,3200,1244
2223,1956,3200,1244
2224,1955,3200,1245
2225,1953,3200,1247
2226,1953,3200,1247
2227,1952,3200,1248
2228,1952,3200,1248
2229,1951,3200,1249
2230,1951,3200,1249
2231,1951,3200,1249
2232,1949,3200,1251
2233,1949,3200,1251
2234,1948,3200,1252
2235,1948,3200,1252
2236,1948,3200,1252
2237,1948,3200,1252
2238,1947,3200,1253
2239,1947,3200,1253
2240,1946,3200,1254
2241,1946,3200,1254
2242,1945,3200,1255
2243,1944,3200,1256
2244,1944,3200,1256
2245,1943,3200,1257
2246,1943,3200,1257
2247,1941,3200,1259
2248,1941,3200,1259
2249,1940,3200,1260
2250,1940,3200,1260
2251,1939,3200,1261
2252,1938,3200,1262
2253,1938,3200,1262
2254,1937,3200,1263
2255,1936,3200,1264
2256,1935,3200,1265
2257,1934,3200,1266
2258,1933,3200,1267
2259,1933,3200,1267
2260,1932,3200,1268
2261,1932,3200,1268
2262,1932,3200,1268
2263,1932,3200,1268
2264,1931,3200,1269
2265,1931,3200,1269
2266,1930,3200,1270
2267,1928,3200,1272
2268,1927,3200,1273
2269,1926,3200,1274
2270,1925,3200,1275
2271,1925,3200,1275
2272,1924,3200,1276
2273,1924,3200,1276
2274,1924,3200,1276
2275,1924,3200,1276
2276,1924,3200,1276
2277,1924,3200,1276
2278,1924,3200,1276
2279,1924,3200,1276
2280,1923,3200,1277
2281,1923,3200,1277
2282,1923,3200,1277
2283,1923,3200,1277
2284,1921,3200,1279
2285,1920,3200,1280
2286,1920,3200,1280
2287,1920,3200,1280
2288,1920,3200,1280
2289,1920,3200,1280
2290,1920,3200,1280
2291,1920,3200,1280
2292,1919,3200,1281
2293,1919,3200,1281
2294,1918,3200,1282
2295,1917,3200,1283
2296,1916,3200,1284
2297,1916,3200,1284
2298,1915,3200,1285
2299,1915,3200,1285
2300,1915,3200,1285
2301,1914,3200,1286
2302,1914,3200,1286
2303,1913,3200,1287
2304,1913,3200,1287
2305,1912,3200,1288
2306,1911,3200,1289
2307,1910,3200,1290
2308,1909,3200,1291
2309,1909,3200,1291
2310,1909,3200,1291
2311,1909,3200,1291
2312,1909,3200,1291
2313,1909,3200,1291
2314,1908,3200,1292
2315,1907,3200,1293
2316,1907,3200,1293
2317,1906,3200,1294
2318,1905,3200,1295
2319,1905,3200,1295
2320,1905,3200,1295
2321,1905,3200,1295
2322,1903,3200,1297
2323,1903,3200,1297
2324,1902,3200,1298
2325,1901,3200,1299
2326,1900,3200,1300
2327,1900,3200,1300
2328,1899,3200,1301
2329,1898,3200,1302
2330,1898,3200,1302
2331,1898,3200,1302
2332,1898,3200,1302
2333,1898,3200,1302
2334,1897,3200,1303
2335,1897,3200,1303
2336,1897,3200,1303
2337,1896,3200,1304
2338,1896,3200,1304
2339,1896,3200,1304
2340,1896,3200,1304
2341,1896,3200,1304
2342,1895,3200,1305
2343,1895,3200,1305
2344,1895,3200,1305
2345,1894,3200,1306
2346,1893,3200,1307
2347,1893,3200,1307
2348,1892,3200,1308
2349,1892,3200,1308
2350,1892,3200,1308
2351,1892,3200,1308
2352,1891,3200,1309
2353,1891,3200,1309
2354,1890,3200,1310
2355,1890,3200,1310
2356,1889,3200,1311
2357,1889,3200,1311
2358,1889,3200,1311
2359,1889,3200,1311
2360,1889,3200,1311
2361,1889,3200,1311
2362,1888,3200,1312
2363,1888,3200,1312
2364,1888,3200,1312
2365,1888,3200,1312
2366,1887,3200,1313
2367,1887,3200,1313
2368,1886,3200,1314
2369,1886,3200,1314
2370,1886,3200,1314
2371,1886,3200,1314
2372,1885,3200,1315
2373,1885,3200,1315
2374,1883,3200,1317
2375,1882,3200,1318
2376,1882,3200,1318
2377,1881,3200,1319
2378,1881,3200,1319
2379,1880,3200,1320
2380,1879,3200,1321
2381,1879,3200,1321
2382,1878,3200,1322
2383,1878,3200,1322
2384,1877,3200,1323
2385,1876,3200,1324
2386,1875,3200,1325
2387,1875,3200,1325
2388,1874,3200,1326
2389,1872,3200,1328
2390,1872,3200,1328
2391,1871,3200,1329
2392,1870,3200,1330
2393,1869,3200,1331
2394,1869,3200,1331
2395,1868,3200,1332
2396,1868,3200,1332
2397,1868,3200,1332
2398,1867,3200,1333
2399,1866,3200,1334
2400,1865,3200,1335
2401,1865,3200,1335
2402,1864,3200,1336
2403,1863,3200,1337
2404,1862,3200,1338
2405,1862,3200,1338
2406,1862,3200,1338
2407,1862,3200,1338
2408,1861,3200,1339
2409,1861,3200,1339
2410,1861,3200,1339
2411,1861,3200,1339
2412,1861,3200,1339
2413,1861,3200,1339
2414,1861,3200,1339
2415,1860,3200,1340
2416,1859,3200,1341
2417,1858,3200,1342
2418,1858,3200,1342
2419,1858,3200,1342
2420,1858,3200,1342
2421,1857,3200,1343
2422,1857,3200,1343
2423,1857,3200,1343
2424,1857,3200,1343
2425,1855,3200,1345
2426,1854,3200,1346
2427,1853,3200,1347
2428,1853,3200,1347
2429,1852,3200,1348
2430,1852,3200,1348
2431,1851,3200,1349
2432,1851,3200,1349
2433,1850,3200,1350
2434,1849,3200,1351
2435,1849,3200,1351
2436,1848,3200,1352
2437,1848,3200,1352
2438,1847,3200,1353
2439,1847,3200,1353
2440,1846,3200,1354
2441,1846,3200,1354
2442,1846,3200,1354
2443,1845,3200,1355
2444,1845,3200,1355
2445,1845,3200,1355
2446,1845,3200,1355
2447,1845,3200,1355
2448,1844,3200,1356
2449,1844,3200,1356
2450,1844,3200,1356
2451,1844,3200,1356
2452,1844,3200,1356
2453,1844,3200,1356
2454,1844,3200,1356
2455,1844,3200,1356
2456,1844,3200,1356
2457,1843,3200,1357
2458,1843,3200,1357
2459,1842,3200,1358
2460,1842,3200,1358
2461,1842,3200,1358
2462,1841,3200,1359
2463,1841,3200,1359
2464,1840,3200,1360
2465,1840,3200,1360
2466,1839,3200,1361
2467,1839,3200,1361
2468,1838,3200,1362
2469,1838,3200,1362
2470,1836,3200,1364
2471,1836,3200,1364
2472,1834,3200,1366
2473,1834,3200,1366
2474,1834,3200,1366
2475,1834,3200,1366
2476,1833,3200,1367
2477,1833,3200,1367
2478,1832,3200,1368
2479,1832,3200,1368
2480,1832,3200,1368
2481,1832,3200,1368
2482,1831,3200,1369
2483,1831,3200,1369
2484,1831,3200,1369
2485,1830,3200,1370
2486,1830,3200,1370
2487,1829,3200,1371
2488,1828,3200,1372
2489,1828,3200,1372
2490,1828,3200,1372
2491,1828,3200,1372
2492,1827,3200,1373
2493,1827,3200,1373
2494,1827,3200,1373
2495,1826,3200,1374
2496,1826,3200,1374
2497,1825,3200,1375
2498,1825,3200,1375
2499,1825,3200,1375
2500,1824,3200,1376
2501,1824,3200,1376
2502,1823,3200,1377
2503,1823,3200,1377
2504,1822,3200,1378
2505,1822,3200,1378
2506,1821,3200,1379
2507,1821,3200,1379
2508,1820,3200,1380
2509,1819,3200,1381
2510,1818,3200,1382
2511,1817,3200,1383
2512,1816,3200,1384
2513,1816,3200,1384
2514,1814,3200,1386
2515,1814,3200,1386
2516,1814,3200,1386
2517,1813,3200,1387
2518,1813,3200,1387
2519,1812,3200,1388
2520,1812,3200,1388
2521,1811,3200,1389
2522,1811,3200,1389
2523,1811,3200,1389
2524,1811,3200,1389
2525,1810,3200,1390
2526,1810,3200,1390
2527,1810,3200,1390
2528,1809,3200,1391
2529,1809,3200,1391
2530,1808,3200,1392
2531,1807,3200,1393
2532,1807,3200,1393
2533,1806,3200,1394
2534,1805,3200,1395
2535,1805,3200,1395
2536,1805,3200,1395
2537,1804,3200,1396
2538,1803,3200,1397
2539,1803,3200,1397
2540,1801,3200,1399
2541,1801,3200,1399
2542,1801,3200,1399
2543,1801,3200,1399
2544,1801,3200,1399
2545,1800,3200,1400
2546,1800,3200,1400
2547,1799,3200,1401
2548,1799,3200,1401
2549,1799,3200,1401
2550,1797,3200,1403
2551,1797,3200,1403
2552,1797,3200,1403
2553,1796,3200,1404
2554,1796,3200,1404
2555,1795,3200,1405
2556,1793,3200,1407
2557,1793,3200,1407
2558,1793,3200,1407
2559,1792,3200,1408
2560,1791,3200,1409
2561,1791,3200,1409
2562,1790,3200,1410
2563,1790,3200,1410
2564,1790,3200,1410
2565,1788,3200,1412
2566,1787,3200,1413
2567,1787,3200,1413
2568,1787,3200,1413
2569,1787,3200,1413
2570,1787,3200,1413
2571,1786,3200,1414
2572,1786,3200,1414
2573,1786,3200,1414
2574,1786,3200,1414
2575,1785,3200,1415
2576,1785,3200,1415
2577,1784,3200,1416
2578,1783,3200,1417
2579,1783,3200,1417
2580,1783,3200,1417
2581,1783,3200,1417
2582,1783,3200,1417
2583,1783,3200,1417
2584,1783,3200,1417
2585,1782,3200,1418
2586,1782,3200,1418
2587,1782,3200,1418
2588,1781,3200,1419
2589,1780,3200,1420
2590,1780,3200,1420
2591,1780,3200,1420
2592,1780,3200,1420
2593,1780,3200,1420
2594,1780,3200,1420
2595,1780,3200,1420
2596,1780,3200,1420
2597,1779,3200,1421
2598,1779,3200,1421
2599,1778,3200,1422
2600,1777,3200,1423
2601,1777,3200,1423
2602,1777,3200,1423
2603,1776,3200,1424
2604,1776,3200,1424
2605,1776,3200,1424
2606,1776,3200,1424
2607,1774,3200,1426
2608,1774,3200,1426
2609,1773,3200,1427
2610,1772,3200,1428
2611,1770,3200,1430
2612,1770,3200,1430
2613,1769,3200,1431
2614,1768,3200,1432
2615,1767,3200,1433
2616,1765,3200,1435
2617,1765,3200,1435
2618,1764,3200,1436
2619,1764,3200,1436
2620,1764,3200,1436
2621,1763,3200,1437
2622,1763,3200,1437
2623,1762,3200,1438
2624,1760,3200,1440
2625,1760,3200,1440
2626,1759,3200,1441
2627,1759,3200,1441
2628,1759,3200,1441
2629,1759,3200,1441
2630,1759,3200,1441
2631,1758,3200,1442
2632,1758,3200,1442
2633,1758,3200,1442
2634,1757,3200,1443
2635,1757,3200,1443
2636,1757,3200,1443
2637,1757,3200,1443
2638,1757,3200,1443
2639,1757,3200,1443
2640,1755,3200,1445
2641,1754,3200,1446
2642,1754,3200,1446
2643,1753,3200,1447
2644,1752,3200,1448
2645,1752,3200,1448
2646,1752,3200,1448
2647,1752,3200,1448
2648,1752,3200,1448
2649,1752,3200,1448
2650,1752,3200,1448
2651,1751,3200,1449
2652,1751,3200,1449
2653,1751,3200,1449
2654,1750,3200,1450
2655,1748,3200,1452
2656,1748,3200,1452
2657,1747,3200,1453
2658,1747,3200,1453
2659,1747,3200,1453
2660,1747,3200,1453
2661,1747,3200,1453
2662,1746,3200,1454
2663,1745,3200,1455
2664,1745,3200,1455
2665,1743,3200,1457
2666,1743,3200,1457
2667,1741,3200,1459
2668,1741,3200,1459
2669,1740,3200,1460
2670,1740,3200,1460
2671,1740,3200,1460
2672,1738,3200,1462
2673,1738,3200,1462
2674,1738,3200,1462
2675,1736,3200,1464
2676,1736,3200,1464
2677,1736,3200,1464
2678,1734,3200,1466
2679,1734,3200,1466
2680,1733,3200,1467
2681,1733,3200,1467
2682,1733,3200,1467
2683,1733,3200,1467
2684,1732,3200,1468
2685,1732,3200,1468
2686,1732,3200,1468
2687,1732,3200,1468
2688,1731,3200,1469
2689,1731,3200,1469
2690,1730,3200,1470
2691,1730,3200,1470
2692,1729,3200,1471
2693,1729,3200,1471
2694,1729,3200,1471
2695,1728,3200,1472
2696,1728,3200,1472
2697,1727,3200,1473
2698,1726,3200,1474
2699,1725,3200,1475
2700,1723,3200,1477
2701,1723,3200,1477
2702,1723,3200,1477
2703,1723,3200,1477
2704,1722,3200,1478
2705,1722,3200,1478
2706,1720,3200,1480
2707,1719,3200,1481
2708,1719,3200,1481
2709,1718,3200,1482
2710,1718,3200,1482
2711,1718,3200,1482
2712,1717,3200,1483
2713,1717,3200,1483
2714,1716,3200,1484
2715,1716,3200,1484
2716,1716,3200,1484
2717,1716,3200,1484
2718,1716,3200,1484
2719,1715,3200,1485
2720,1715,3200,1485
2721,1715,3200,1485
2722,1714,3200,1486
2723,1714,3200,1486
2724,1713,3200,1487
2725,1712,3200,1488
2726,1712,3200,1488
2727,1711,3200,1489
2728,1711,3200,1489
2729,1710,3200,1490
2730,1709,3200,1491
2731,1708,3200,1492
2732,1706,3200,1494
2733,1706,3200,1494
2734,1704,3200,1496
2735,1704,3200,1496
2736,1704,3200,1496
2737,1704,3200,1496
2738,1704,3200,1496
2739,1704,3200,1496
2740,1704,3200,1496
2741,1703,3200,1497
2742,1703,3200,1497
2743,1702,3200,1498
2744,1702,3200,1498
2745,1700,3200,1500
2746,1699,3200,1501
2747,1699,3200,1501
2748,1698,3200,1502
2749,1698,3200,1502
2750,1698,3200,1502
2751,1697,3200,1503
2752,1697,3200,1503
2753,1697,3200,1503
2754,1697,3200,1503
2755,1696,3200,1504
2756,1696,3200,1504
2757,1696,3200,1504
2758,1696,3200,1504
2759,1695,3200,1505
2760,1695,3200,1505
2761,1695,3200,1505
2762,1694,3200,1506
2763,1693,3200,1507
2764,1693,3200,1507
2765,1693,3200,1507
2766,1692,3200,1508
2767,1691,3200,1509
2768,1691,3200,1509
2769,1689,3200,1511
2770,1689,3200,1511
2771,1688,3200,1512
2772,1688,3200,1512
2773,1688,3200,1512
2774,1687,3200,1513
2775,1686,3200,1514
2776,1686,3200,1514
2777,1685,3200,1515
2778,1685,3200,1515
2779,1685,3200,1515
2780,1683,3200,1517
2781,1683,3200,1517
2782,1683,3200,1517
2783,1683,3200,1517
2784,1682,3200,1518
2785,1681,3200,1519
2786,1681,3200,1519
2787,1680,3200,1520
2788,1679,3200,1521
2789,1679,3200,1521
2790,1679,3200,1521
2791,1679,3200,1521
2792,1678,3200,1522
2793,1678,3200,1522
2794,1678,3200,1522
2795,1677,3200,1523
2796,1677,3200,1523
2797,1677,3200,1523
2798,1677,3200,1523
2799,1677,3200,1523
2800,1676,3200,1524
2801,1676,3200,1524
2802,1675,3200,1525
2803,1675,3200,1525
2804,1675,3200,1525
2805,1675,3200,1525
2806,1674,3200,1526
2807,1674,3200,1526
2808,1674,3200,1526
2809,1674,3200,1526
2810,1674,3200,1526
2811,1674,3200,1526
2812,1673,3200,1527
2813,1673,3200,1527
2814,1671,3200,1529
2815,1670,3200,1530
2816,1669,3200,1531
2817,1669,3200,1531
2818,1668,3200,1532
2819,1667,3200,1533
2820,1667,3200,1533
2821,1667,3200,1533
2822,1665,3200,1535
2823,1663,3200,1537
2824,1663,3200,1537
2825,1662,3200,1538
2826,1661,3200,1539
2827,1660,3200,1540
2828,1659,3200,1541
2829,1659,3200,1541
2830,1658,3200,1542
2831,1657,3200,1543
2832,1657,3200,1543
2833,1657,3200,1543
2834,1657,3200,1543
2835,1657,3200,1543
2836,1655,3200,1545
2837,1654,3200,1546
2838,1654,3200,1546
2839,1653,3200,1547
2840,1653,3200,1547
2841,1652,3200,1548
2842,1652,3200,1548
2843,1652,3200,1548
2844,1651,3200,1549
2845,1651,3200,1549
2846,1650,3200,1550
2847,1649,3200,1551
2848,1649,3200,1551
2849,1648,3200,1552
2850,1648,3200,1552
2851,1646,3200,1554
2852,1645,3200,1555
2853,1645,3200,1555
2854,1644,3200,1556
2855,1644,3200,1556
2856,1643,3200,1557
2857,1643,3200,1557
2858,1643,3200,1557
2859,1643,3200,1557
2860,1643,3200,1557
2861,1643,3200,1557
2862,1643,3200,1557
2863,1642,3200,1558
2864,1642,3200,1558
2865,1642,3200,1558
2866,1642,3200,1558
2867,1642,3200,1558
2868,1642,3200,1558
2869,1642,3200,1558
2870,1641,3200,1559
2871,1641,3200,1559
2872,1640,3200,1560
2873,1639,3200,1561
2874,1638,3200,1562
2875,1638,3200,1562
2876,1637,3200,1563
2877,1637,3200,1563
2878,1636,3200,1564
2879,1636,3200,1564
2880,1636,3200,1564
2881,1635,3200,1565
2882,1634,3200,1566
2883,1634,3200,1566
2884,1633,3200,1567
2885,1632,3200,1568
2886,1631,3200,1569
2887,1631,3200,1569
2888,1631,3200,1569
2889,1631,3200,1569
2890,1630,3200,1570
2891,1630,3200,1570
2892,1630,3200,1570
2893,1630,3200,1570
2894,1629,3200,1571
2895,1628,3200,1572
2896,1628,3200,1572
2897,1627,3200,1573
2898,1627,3200,1573
2899,1626,3200,1574
2900,1625,3200,1575
2901,1625,3200,1575
2902,1625,3200,1575
2903,1624,3200,1576
2904,1624,3200,1576
2905,1624,3200,1576
2906,1623,3200,1577
2907,1623,3200,1577
2908,1623,3200,1577
2909,1623,3200,1577
2910,1622,3200,1578
2911,1622,3200,1578
2912,1622,3200,1578
2913,1622,3200,1578
2914,1621,3200,1579
2915,1621,3200,1579
2916,1621,3200,1579
2917,1621,3200,1579
2918,1619,3200,1581
2919,1619,3200,1581
2920,1619,3200,1581
2921,1619,3200,1581
2922,1618,3200,1582
2923,1616,3200,1584
2924,1616,3200,1584
2925,1615,3200,1585
2926,1614,3200,1586
2927,1614,3200,1586
2928,1613,3200,1587
2929,1612,3200,1588
2930,1612,3200,1588
2931,1612,3200,1588
2932,1612,3200,1588
2933,1610,3200,1590
2934,1610,3200,1590
2935,1610,3200,1590
2936,1609,3200,1591
2937,1609,3200,1591
2938,1607,3200,1593
2939,1607,3200,1593
2940,1607,3200,1593
2941,1606,3200,1594
2942,1605,3200,1595
2943,1604,3200,1596
2944,1604,3200,1596
2945,1603,3200,1597
2946,1603,3200,1597
2947,1602,3200,1598
2948,1602,3200,1598
2949,1601,3200,1599
2950,1600,3200,1600
2951,1600,3200,1600
2952,1600,3200,1600
2953,1599,3200,1601
2954,1599,3200,1601
2955,1599,3200,1601
2956,1597,3200,1603
2957,1597,3200,1603
2958,1597,3200,1603
2959,1596,3200,1604
2960,1596,3200,1604
2961,1595,3200,1605
2962,1595,3200,1605
2963,1594,3200,1606
2964,1593,3200,1607
2965,1592,3200,1608
2966,1591,3200,1609
2967,1591,3200,1609
2968,1590,3200,1610
2969,1590,3200,1610
2970,1590,3200,1610
2971,1590,3200,1610
2972,1589,3200,1611
2973,1589,3200,1611
2974,1589,3200,1611
2975,1588,3200,1612
2976,1587,3200,1613
2977,1587,3200,1613
2978,1585,3200,1615
2979,1585,3200,1615
2980,1585,3200,1615
2981,1583,3200,1617
2982,1583,3200,1617
2983,1583,3200,1617
2984,1583,3200,1617
2985,1582,3200,1618
2986,1581,3200,1619
2987,1581,3200,1619
2988,1581,3200,1619
2989,1581,3200,1619
2990,1581,3200,1619
2991,1580,3200,1620
2992,1580,3200,1620
2993,1580,3200,1620
2994,1580,3200,1620
2995,1580,3200,1620
2996,1579,3200,1621
2997,1579,3200,1621
2998,1579,3200,1621
2999,1579,3200,1621
3000,1579,3200,1621
3001,1579,3200,1621
3002,1578,3200,1622
3003,1577,3200,1623
3004,1577,3200,1623
3005,1577,3200,1623
3006,1577,3200,1623
3007,1576,3200,1624
3008,1576,3200,1624
3009,1575,3200,1625
3010,1575,3200,1625
3011,1575,3200,1625
3012,1575,3200,1625
3013,1575,3200,1625
3014,1574,3200,1626
3015,1574,3200,1626
3016,1573,3200,1627
3017,1573,3200,1627
3018,1572,3200,1628
3019,1572,3200,1628
3020,1572,3200,1628
3021,1572,3200,1628
3022,1572,3200,1628
3023,1571,3200,1629
3024,1571,3200,1629
3025,1571,3200,1629
3026,1571,3200,1629
3027,1571,3200,1629
3028,1570,3200,1630
3029,1569,3200,1631
3030,1568,3200,1632
3031,1568,3200,1632
3032,1568,3200,1632
3033,1567,3200,1633
3034,1567,3200,1633
3035,1567,3200,1633
3036,1567,3200,1633
3037,1566,3200,1634
3038,1566,3200,1634
3039,1565,3200,1635
3040,1564,3200,1636
3041,1564,3200,1636
3042,1564,3200,1636
3043,1564,3200,1636
3044,1563,3200,1637
3045,1561,3200,1639
3046,1561,3200,1639
3047,1561,3200,1639
3048,1561,3200,1639
3049,1560,3200,1640
3050,1559,3200,1641
3051,1558,3200,1642
3052,1558,3200,1642
3053,1557,3200,1643
3054,1557,3200,1643
3055,1557,3200,1643
3056,1557,3200,1643
3057,1557,3200,1643
3058,1557,3200,1643
3059,1557,3200,1643
3060,1556,3200,1644
3061,1556,3200,1644
3062,1556,3200,1644
3063,1556,3200,1644
3064,1554,3200,1646
3065,1554,3200,1646
3066,1553,3200,1647
3067,1553,3200,1647
3068,1553,3200,1647
3069,1552,3200,1648
3070,1552,3200,1648
3071,1550,3200,1650
3072,1550,3200,1650
3073,1549,3200,1651
3074,1549,3200,1651
3075,1548,3200,1652
3076,1547,3200,1653
3077,1547,3200,1653
3078,1547,3200,1653
3079,1546,3200,1654
3080,1545,3200,1655
3081,1544,3200,1656
3082,1543,3200,1657
3083,1542,3200,1658
3084,1541,3200,1659
3085,1541,3200,1659
3086,1540,3200,1660
3087,1540,3200,1660
3088,1540,3200,1660
3089,1539,3200,1661
3090,1539,3200,1661
3091,1538,3200,1662
3092,1537,3200,1663
3093,1537,3200,1663
3094,1537,3200,1663
3095,1537,3200,1663
3096,1536,3200,1664
3097,1535,3200,1665
3098,1534,3200,1666
3099,1534,3200,1666
3100,1534,3200,1666
3101,1534,3200,1666
3102,1534,3200,1666
3103,1534,3200,1666
3104,1533,3200,1667
3105,1533,3200,1667
3106,1531,3200,1669
3107,1531,3200,1669
3108,1530,3200,1670
3109,1530,3200,1670
3110,1530,3200,1670
3111,1528,3200,1672
3112,1527,3200,1673
3113,1526,3200,1674
3114,1524,3200,1676
3115,1524,3200,1676
3116,1523,3200,1677
3117,1522,3200,1678
3118,1522,3200,1678
3119,1520,3200,1680
3120,1520,3200,1680
3121,1520,3200,1680
3122,1520,3200,1680
3123,1520,3200,1680
3124,1520,3200,1680
3125,1520,3200,1680
3126,1520,3200,1680
3127,1520,3200,1680
3128,1520,3200,1680
3129,1519,3200,1681
3130,1518,3200,1682
3131,1517,3200,1683
3132,1517,3200,1683
3133,1517,3200,1683
3134,1517,3200,1683
3135,1516,3200,1684
3136,1516,3200,1684
3137,1516,3200,1684
3138,1514,3200,1686
3139,1513,3200,1687
3140,1513,3200,1687
3141,1512,3200,1688
3142,1512,3200,1688
3143,1512,3200,1688
3144,1511,3200,1689
3145,1509,3200,1691
3146,1509,3200,1691
3147,1508,3200,1692
3148,1508,3200,1692
3149,1508,3200,1692
3150,1506,3200,1694
3151,1505,3200,1695
3152,1505,3200,1695
3153,1505,3200,1695
3154,1505,3200,1695
3155,1504,3200,1696
3156,1503,3200,1697
3157,1502,3200,1698
3158,1501,3200,1699
3159,1501,3200,1699
3160,1500,3200,1700
3161,1500,3200,1700
3162,1500,3200,1700
3163,1499,3200,1701
3164,1499,3200,1701
3165,1498,3200,1702
3166,1498,3200,1702
3167,1496,3200,1704
3168,1496,3200,1704
3169,1496,3200,1704
3170,1496,3200,1704
3171,1496,3200,1704
3172,1496,3200,1704
3173,1496,3200,1704
3174,1496,3200,1704
3175,1496,3200,1704
3176,1495,3200,1705
3177,1495,3200,1705
3178,1495,3200,1705
3179,1494,3200,1706
3180,1493,3200,1707
3181,1493,3200,1707
3182,1493,3200,1707
3183,1491,3200,1709
3184,1491,3200,1709
3185,1491,3200,1709
3186,1490,3200,1710
3187,1490,3200,1710
3188,1490,3200,1710
3189,1490,3200,1710
3190,1489,3200,1711
3191,1489,3200,1711
3192,1489,3200,1711
3193,1488,3200,1712
3194,1487,3200,1713
3195,1486,3200,1714
3196,1486,3200,1714
3197,1485,3200,1715
3198,1484,3200,1716
3199,1484,3200,1716
3200,1483,3200,1717
3201,1483,3200,1717
3202,1483,3200,1717
3203,1482,3200,1718
3204,1481,3200,1719
3205,1480,3200,1720
3206,1479,3200,1721
3207,1478,3200,1722
3208,1478,3200,1722
3209,1477,3200,1723
3210,1476,3200,1724
3211,1476,3200,1724
3212,1476,3200,1724
3213,1476,3200,1724
3214,1476,3200,1724
3215,1474,3200,1726
3216,1474,3200,1726
3217,1474,3200,1726
3218,1473,3200,1727
3219,1473,3200,1727
3220,1473,3200,1727
3221,1472,3200,1728
3222,1472,3200,1728
3223,1471,3200,1729
3224,1471,3200,1729
3225,1470,3200,1730
3226,1469,3200,1731
3227,1469,3200,1731
3228,1469,3200,1731
3229,1467,3200,1733
3230,1467,3200,1733
3231,1467,3200,1733
3232,1467,3200,1733
3233,1467,3200,1733
3234,1467,3200,1733
3235,1467,3200,1733
3236,1465,3200,1735
3237,1465,3200,1735
3238,1465,3200,1735
3239,1463,3200,1737
3240,1463,3200,1737
3241,1461,3200,1739
3242,1460,3200,1740
3243,1460,3200,1740
3244,1459,3200,1741
3245,1459,3200,1741
3246,1459,3200,1741
3247,1459,3200,1741
3248,1458,3200,1742
3249,1458,3200,1742
3250,1458,3200,1742
3251,1457,3200,1743
3252,1457,3200,1743
3253,1457,3200,1743
3254,1456,3200,1744
3255,1456,3200,1744
3256,1455,3200,1745
3257,1455,3200,1745
3258,1454,3200,1746
3259,1454,3200,1746
3260,1454,3200,1746
3261,1454,3200,1746
3262,1454,3200,1746
3263,1453,3200,1747
3264,1453,3200,1747
3265,1453,3200,1747
3266,1452,3200,1748
3267,1452,3200,1748
3268,1452,3200,1748
3269,1452,3200,1748
3270,1451,3200,1749
3271,1451,3200,1749
3272,1451,3200,1749
3273,1451,3200,1749
3274,1451,3200,1749
3275,1451,3200,1749
3276,1450,3200,1750
3277,1450,3200,1750
3278,1449,3200,1751
3279,1449,3200,1751
3280,1449,3200,1751
3281,1448,3200,1752
3282,1448,3200,1752
3283,1447,3200,1753
3284,1445,3200,1755
3285,1444,3200,1756
3286,1443,3200,1757
3287,1442,3200,1758
3288,1441,3200,1759
3289,1441,3200,1759
3290,1440,3200,1760
3291,1440,3200,1760
3292,1440,3200,1760
3293,1440,3200,1760
3294,1439,3200,1761
3295,1438,3200,1762
3296,1437,3200,1763
3297,1437,3200,1763
3298,1436,3200,1764
3299,1436,3200,1764
3300,1436,3200,1764
3301,1435,3200,1765
3302,1434,3200,1766
3303,1434,3200,1766
3304,1434,3200,1766
3305,1432,3200,1768
3306,1432,3200,1768
3307,1432,3200,1768
3308,1431,3200,1769
3309,1431,3200,1769
3310,1431,3200,1769
3311,1431,3200,1769
3312,1430,3200,1770
3313,1430,3200,1770
3314,1429,3200,1771
3315,1428,3200,1772
3316,1428,3200,1772
3317,1428,3200,1772
3318,1427,3200,1773
3319,1427,3200,1773
3320,1427,3200,1773
3321,1427,3200,1773
3322,1427,3200,1773
3323,1427,3200,1773
3324,1427,3200,1773
3325,1427,3200,1773
3326,1426,3200,1774
3327,1425,3200,1775
3328,1425,3200,1775
3329,1424,3200,1776
3330,1423,3200,1777
3331,1423,3200,1777
3332,1423,3200,1777
3333,1423,3200,1777
3334,1421,3200,1779
3335,1420,3200,1780
3336,1419,3200,1781
3337,1419,3200,1781
3338,1418,3200,1782
3339,1418,3200,1782
3340,1417,3200,1783
3341,1416,3200,1784
3342,1415,3200,1785
3343,1415,3200,1785
3344,1415,3200,1785
3345,1412,3200,1788
3346,1412,3200,1788
3347,1412,3200,1788
3348,1412,3200,1788
3349,1411,3200,1789
3350,1411,3200,1789
3351,1409,3200,1791
3352,1407,3200,1793
3353,1407,3200,1793
3354,1407,3200,1793
3355,1405,3200,1795
3356,1404,3200,1796
3357,1404,3200,1796
3358,1404,3200,1796
3359,1403,3200,1797
3360,1402,3200,1798
3361,1401,3200,1799
3362,1401,3200,1799
3363,1399,3200,1801
3364,1398,3200,1802
3365,1398,3200,1802
3366,1396,3200,1804
3367,1396,3200,1804
3368,1396,3200,1804
3369,1396,3200,1804
3370,1395,3200,1805
3371,1394,3200,1806
3372,1394,3200,1806
3373,1393,3200,1807
3374,1393,3200,1807
3375,1392,3200,1808
3376,1391,3200,1809
3377,1390,3200,1810
3378,1389,3200,1811
3379,1389,3200,1811
3380,1389,3200,1811
3381,1389,3200,1811
3382,1388,3200,1812
3383,1388,3200,1812
3384,1388,3200,1812
3385,1387,3200,1813
3386,1385,3200,1815
3387,1384,3200,1816
3388,1383,3200,1817
3389,1383,3200,1817
3390,1383,3200,1817
3391,1383,3200,1817
3392,1383,3200,1817
3393,1383,3200,1817
3394,1383,3200,1817
3395,1382,3200,1818
3396,1381,3200,1819
3397,1381,3200,1819
3398,1381,3200,1819
3399,1381,3200,1819
3400,1381,3200,1819
3401,1381,3200,1819
3402,1381,3200,1819
3403,1381,3200,1819
3404,1380,3200,1820
3405,1380,3200,1820
3406,1380,3200,1820
3407,1378,3200,1822
3408,1378,3200,1822
3409,1377,3200,1823
3410,1376,3200,1824
3411,1376,3200,1824
3412,1376,3200,1824
3413,1375,3200,1825
3414,1375,3200,1825
3415,1374,3200,1826
3416,1372,3200,1828
3417,1372,3200,1828
3418,1370,3200,1830
3419,1370,3200,1830
3420,1370,3200,1830
3421,1370,3200,1830
3422,1370,3200,1830
3423,1370,3200,1830
3424,1369,3200,1831
3425,1369,3200,1831
3426,1368,3200,1832
3427,1368,3200,1832
3428,1368,3200,1832
3429,1367,3200,1833
3430,1367,3200,1833
3431,1367,3200,1833
3432,1366,3200,1834
3433,1365,3200,1835
3434,1365,3200,1835
3435,1365,3200,1835
3436,1364,3200,1836
3437,1364,3200,1836
3438,1364,3200,1836
3439,1364,3200,1836
3440,1364,3200,1836
3441,1363,3200,1837
3442,1363,3200,1837
3443,1361,3200,1839
3444,1361,3200,1839
3445,1360,3200,1840
3446,1360,3200,1840
3447,1359,3200,1841
3448,1358,3200,1842
3449,1357,3200,1843
3450,1357,3200,1843
3451,1357,3200,1843
3452,1355,3200,1845
3453,1355,3200,1845
3454,1355,3200,1845
3455,1355,3200,1845
3456,1353,3200,1847
3457,1353,3200,1847
3458,1352,3200,1848
3459,1352,3200,1848
3460,1351,3200,1849
3461,1350,3200,1850
3462,1349,3200,1851
3463,1349,3200,1851
3464,1349,3200,1851
3465,1349,3200,1851
3466,1349,3200,1851
3467,1349,3200,1851
3468,1349,3200,1851
3469,1348,3200,1852
3470,1348,3200,1852
3471,1347,3200,1853
3472,1346,3200,1854
3473,1346,3200,1854
3474,1345,3200,1855
3475,1344,3200,1856
3476,1344,3200,1856
3477,1343,3200,1857
3478,1343,3200,1857
3479,1343,3200,1857
3480,1343,3200,1857
3481,1342,3200,1858
3482,1342,3200,1858
3483,1341,3200,1859
3484,1341,3200,1859
3485,1340,3200,1860
3486,1339,3200,1861
3487,1339,3200,1861
3488,1338,3200,1862
3489,1338,3200,1862
3490,1337,3200,1863
3491,1336,3200,1864
3492,1335,3200,1865
3493,1335,3200,1865
3494,1334,3200,1866
3495,1334,3200,1866
3496,1333,3200,1867
3497,1333,3200,1867
3498,1333,3200,1867
3499,1332,3200,1868
3500,1332,3200,1868
3501,1330,3200,1870
3502,1330,3200,1870
3503,1329,3200,1871
3504,1329,3200,1871
3505,1328,3200,1872
3506,1327,3200,1873
3507,1327,3200,1873
3508,1326,3200,1874
3509,1325,3200,1875
3510,1325,3200,1875
3511,1325,3200,1875
3512,1325,3200,1875
3513,1324,3200,1876
3514,1322,3200,1878
3515,1322,3200,1878
3516,1322,3200,1878
3517,1321,3200,1879
3518,1321,3200,1879
3519,1320,3200,1880
3520,1320,3200,1880
3521,1320,3200,1880
3522,1319,3200,1881
3523,1319,3200,1881
3524,1317,3200,1883
3525,1317,3200,1883
3526,1316,3200,1884
3527,1316,3200,1884
3528,1316,3200,1884
3529,1316,3200,1884
3530,1316,3200,1884
3531,1316,3200,1884
3532,1316,3200,1884
3533,1315,3200,1885
3534,1315,3200,1885
3535,1315,3200,1885
3536,1314,3200,1886
3537,1314,3200,1886
3538,1314,3200,1886
3539,1313,3200,1887
3540,1313,3200,1887
3541,1313,3200,1887
3542,1313,3200,1887
3543,1312,3200,1888
3544,1311,3200,1889
3545,1310,3200,1890
3546,1309,3200,1891
3547,1308,3200,1892
3548,1307,3200,1893
3549,1306,3200,1894
3550,1306,3200,1894
3551,1306,3200,1894
3552,1306,3200,1894
3553,1306,3200,1894
3554,1305,3200,1895
3555,1305,3200,1895
3556,1305,3200,1895
3557,1305,3200,1895
3558,1305,3200,1895
3559,1305,3200,1895
3560,1305,3200,1895
3561,1305,3200,1895
3562,1305,3200,1895
3563,1304,3200,1896
3564,1303,3200,1897
3565,1303,3200,1897
3566,1303,3200,1897
3567,1303,3200,1897
3568,1302,3200,1898
3569,1302,3200,1898
3570,1302,3200,1898
3571,1300,3200,1900
3572,1300,3200,1900
3573,1300,3200,1900
3574,1299,3200,1901
3575,1299,3200,1901
3576,1298,3200,1902
3577,1297,3200,1903
3578,1297,3200,1903
3579,1296,3200,1904
3580,1296,3200,1904
3581,1296,3200,1904
3582,1296,3200,1904
3583,1295,3200,1905
3584,1294,3200,1906
3585,1294,3200,1906
3586,1293,3200,1907
3587,1292,3200,1908
3588,1292,3200,1908
3589,1292,3200,1908
3590,1292,3200,1908
3591,1291,3200,1909
3592,1291,3200,1909
3593,1291,3200,1909
3594,1291,3200,1909
3595,1290,3200,1910
3596,1290,3200,1910
3597,1288,3200,1912
3598,1288,3200,1912
3599,1288,3200,1912
3600,1287,3200,1913
3601,1286,3200,1914
3602,1286,3200,1914
3603,1285,3200,1915
3604,1285,3200,1915
3605,1285,3200,1915
3606,1285,3200,1915
3607,1284,3200,1916
3608,1283,3200,1917
3609,1283,3200,1917
3610,1283,3200,1917
3611,1282,3200,1918
3612,1282,3200,1918
3613,1282,3200,1918
3614,1281,3200,1919
3615,1281,3200,1919
3616,1281,3200,1919
3617,1281,3200,1919
3618,1281,3200,1919
3619,1281,3200,1919
3620,1280,3200,1920
3621,1280,3200,1920
3622,1280,3200,1920
3623,1280,3200,1920
3624,1280,3200,1920
3625,1280,3200,1920
3626,1280,3200,1920
3627,1278,3200,1922
3628,1278,3200,1922
3629,1277,3200,1923
3630,1276,3200,1924
3631,1276,3200,1924
3632,1275,3200,1925
3633,1274,3200,1926
3634,1274,3200,1926
3635,1273,3200,1927
3636,1273,3200,1927
3637,1273,3200,1927
3638,1273,3200,1927
3639,1273,3200,1927
3640,1272,3200,1928
3641,1271,3200,1929
3642,1270,3200,1930
3643,1270,3200,1930
3644,1270,3200,1930
3645,1269,3200,1931
3646,1269,3200,1931
3647,1268,3200,1932
3648,1268,3200,1932
3649,1268,3200,1932
3650,1268,3200,1932
3651,1268,3200,1932
3652,1267,3200,1933
3653,1267,3200,1933
3654,1266,3200,1934
3655,1266,3200,1934
3656,1264,3200,1936
3657,1263,3200,1937
3658,1263,3200,1937
3659,1263,3200,1937
3660,1263,3200,1937
3661,1262,3200,1938
3662,1262,3200,1938
3663,1261,3200,1939
3664,1261,3200,1939
3665,1260,3200,1940
3666,1260,3200,1940
3667,1260,3200,1940
3668,1259,3200,1941
3669,1258,3200,1942
3670,1257,3200,1943
3671,1257,3200,1943
3672,1257,3200,1943
3673,1256,3200,1944
3674,1256,3200,1944
3675,1256,3200,1944
3676,1256,3200,1944
3677,1254,3200,1946
3678,1254,3200,1946
3679,1253,3200,1947
3680,1252,3200,1948
3681,1251,3200,1949
3682,1251,3200,1949
3683,1251,3200,1949
3684,1251,3200,1949
3685,1249,3200,1951
3686,1249,3200,1951
3687,1247,3200,1953
3688,1247,3200,1953
3689,1246,3200,1954
3690,1246,3200,1954
3691,1246,3200,1954
3692,1245,3200,1955
3693,1245,3200,1955
3694,1245,3200,1955
3695,1245,3200,1955
3696,1244,3200,1956
3697,1244,3200,1956
3698,1244,3200,1956
3699,1244,3200,1956
3700,1244,3200,1956
3701,1244,3200,1956
3702,1243,3200,1957
3703,1243,3200,1957
3704,1242,3200,1958
3705,1242,3200,1958
3706,1241,3200,1959
3707,1240,3200,1960
3708,1239,3200,1961
3709,1238,3200,1962
3710,1238,3200,1962
3711,1238,3200,1962
3712,1237,3200,1963
3713,1237,3200,1963
3714,1237,3200,1963
3715,1237,3200,1963
3716,1236,3200,1964
3717,1236,3200,1964
3718,1234,3200,1966
3719,1234,3200,1966
3720,1233,3200,1967
3721,1232,3200,1968
3722,1231,3200,1969
3723,1231,3200,1969
3724,1231,3200,1969
3725,1230,3200,1970
3726,1230,3200,1970
3727,1230,3200,1970
3728,1230,3200,1970
3729,1230,3200,1970
3730,1229,3200,1971
3731,1228,3200,1972
3732,1228,3200,1972
3733,1228,3200,1972
3734,1228,3200,1972
3735,1228,3200,1972
3736,1228,3200,1972
3737,1228,3200,1972
3738,1228,3200,1972
3739,1228,3200,1972
3740,1228,3200,1972
3741,1227,3200,1973
3742,1225,3200,1975
3743,1225,3200,1975
3744,1225,3200,1975
3745,1225,3200,1975
3746,1224,3200,1976
3747,1224,3200,1976
3748,1224,3200,1976
3749,1224,3200,1976
3750,1223,3200,1977
3751,1223,3200,1977
3752,1222,3200,1978
3753,1221,3200,1979
3754,1220,3200,1980
3755,1220,3200,1980
3756,1219,3200,1981
3757,1217,3200,1983
3758,1217,3200,1983
3759,1216,3200,1984
3760,1215,3200,1985
3761,1215,3200,1985
3762,1214,3200,1986
3763,1214,3200,1986
3764,1213,3200,1987
3765,1211,3200,1989
3766,1211,3200,1989
3767,1211,3200,1989
3768,1210,3200,1990
3769,1209,3200,1991
3770,1208,3200,1992
3771,1207,3200,1993
3772,1207,3200,1993
3773,1207,3200,1993
3774,1207,3200,1993
3775,1206,3200,1994
3776,1205,3200,1995
3777,1205,3200,1995
3778,1205,3200,1995
3779,1205,3200,1995
3780,1204,3200,1996
3781,1204,3200,1996
3782,1204,3200,1996
3783,1204,3200,1996
3784,1204,3200,1996
3785,1204,3200,1996
3786,1202,3200,1998
3787,1200,3200,2000
3788,1199,3200,2001
3789,1199,3200,2001
3790,1199,3200,2001
3791,1197,3200,2003
3792,1197,3200,2003
3793,1195,3200,2005
3794,1195,3200,2005
3795,1193,3200,2007
3796,1193,3200,2007
3797,1193,3200,2007
3798,1193,3200,2007
3799,1192,3200,2008
3800,1192,3200,2008
3801,1192,3200,2008
3802,1192,3200,2008
3803,1191,3200,2009
3804,1191,3200,2009
3805,1191,3200,2009
3806,1190,3200,2010
3807,1190,3200,2010
3808,1190,3200,2010
3809,1190,3200,2010
3810,1189,3200,2011
3811,1189,3200,2011
3812,1189,3200,2011
3813,1189,3200,2011
3814,1189,3200,2011
3815,1189,3200,2011
3816,1189,3200,2011
3817,1189,3200,2011
3818,1188,3200,2012
3819,1188,3200,2012
3820,1188,3200,2012
3821,1187,3200,2013
3822,1185,3200,2015
3823,1185,3200,2015
3824,1185,3200,2015
3825,1185,3200,2015
3826,1185,3200,2015
3827,1184,3200,2016
3828,1183,3200,2017
3829,1182,3200,2018
3830,1182,3200,2018
3831,1182,3200,2018
3832,1181,3200,2019
3833,1181,3200,2019
3834,1180,3200,2020
3835,1180,3200,2020
3836,1178,3200,2022
3837,1178,3200,2022
3838,1178,3200,2022
3839,1177,3200,2023
3840,1177,3200,2023
3841,1177,3200,2023
3842,1176,3200,2024
3843,1175,3200,2025
3844,1175,3200,2025
3845,1174,3200,2026
3846,1174,3200,2026
3847,1174,3200,2026
3848,1173,3200,2027
3849,1172,3200,2028
3850,1172,3200,2028
3851,1172,3200,2028
3852,1171,3200,2029
3853,1171,3200,2029
3854,1171,3200,2029
3855,1170,3200,2030
3856,1170,3200,2030
3857,1169,3200,2031
3858,1168,3200,2032
3859,1168,3200,2032
3860,1168,3200,2032
3861,1167,3200,2033
3862,1167,3200,2033
3863,1167,3200,2033
3864,1167,3200,2033
3865,1167,3200,2033
3866,1167,3200,2033
3867,1167,3200,2033
3868,1166,3200,2034
3869,1165,3200,2035
3870,1165,3200,2035
3871,1164,3200,2036
3872,1163,3200,2037
3873,1163,3200,2037
3874,1162,3200,2038
3875,1161,3200,2039
3876,1161,3200,2039
3877,1161,3200,2039
3878,1161,3200,2039
3879,1160,3200,2040
3880,1159,3200,2041
3881,1159,3200,2041
3882,1158,3200,2042
3883,1158,3200,2042
3884,1158,3200,2042
3885,1158,3200,2042
3886,1157,3200,2043
3887,1157,3200,2043
3888,1156,3200,2044
3889,1155,3200,2045
3890,1154,3200,2046
3891,1154,3200,2046
3892,1154,3200,2046
3893,1154,3200,2046
3894,1154,3200,2046
3895,1154,3200,2046
3896,1154,3200,2046
3897,1153,3200,2047
3898,1153,3200,2047
3899,1152,3200,2048
3900,1151,3200,2049
3901,1150,3200,2050
3902,1149,3200,2051
3903,1149,3200,2051
3904,1148,3200,2052
3905,1147,3200,2053
3906,1147,3200,2053
3907,1147,3200,2053
3908,1146,3200,2054
3909,1145,3200,2055
3910,1145,3200,2055
3911,1144,3200,2056
3912,1144,3200,2056
3913,1144,3200,2056
3914,1143,3200,2057
3915,1143,3200,2057
3916,1142,3200,2058
3917,1142,3200,2058
3918,1142,3200,2058
3919,1140,3200,2060
3920,1140,3200,2060
3921,1140,3200,2060
3922,1140,3200,2060
3923,1140,3200,2060
3924,1139,3200,2061
3925,1139,3200,2061
3926,1139,3200,2061
3927,1139,3200,2061
3928,1139,3200,2061
3929,1138,3200,2062
3930,1138,3200,2062
3931,1137,3200,2063
3932,1136,3200,2064
3933,1135,3200,2065
3934,1135,3200,2065
3935,1134,3200,2066
3936,1134,3200,2066
3937,1133,3200,2067
3938,1133,3200,2067
3939,1132,3200,2068
3940,1131,3200,2069
3941,1131,3200,2069
3942,1129,3200,2071
3943,1129,3200,2071
3944,1129,3200,2071
3945,1128,3200,2072
3946,1128,3200,2072
3947,1127,3200,2073
3948,1127,3200,2073
3949,1127,3200,2073
3950,1127,3200,2073
3951,1126,3200,2074
3952,1126,3200,2074
3953,1126,3200,2074
3954,1125,3200,2075
3955,1125,3200,2075
3956,1125,3200,2075
3957,1125,3200,2075
3958,1125,3200,2075
3959,1124,3200,2076
3960,1124,3200,2076
3961,1123,3200,2077
3962,1123,3200,2077
3963,1122,3200,2078
3964,1121,3200,2079
3965,1120,3200,2080
3966,1120,3200,2080
3967,1120,3200,2080
3968,1120,3200,2080
3969,1119,3200,2081
3970,1118,3200,2082
3971,1118,3200,2082
3972,1117,3200,2083
3973,1116,3200,2084
3974,1115,3200,2085
3975,1114,3200,2086
3976,1114,3200,2086
3977,1114,3200,2086
3978,1113,3200,2087
3979,1113,3200,2087
3980,1113,3200,2087
3981,1112,3200,2088
3982,1111,3200,2089
3983,1111,3200,2089
3984,1111,3200,2089
3985,1110,3200,2090
3986,1110,3200,2090
3987,1109,3200,2091
3988,1109,3200,2091
3989,1108,3200,2092
3990,1108,3200,2092
3991,1108,3200,2092
3992,1107,3200,2093
3993,1107,3200,2093
3994,1107,3200,2093
3995,1106,3200,2094
3996,1106,3200,2094
3997,1106,3200,2094
3998,1105,3200,2095
3999,1105,3200,2095
4000,1104,3200,2096
4001,1104,3200,2096
4002,1104,3200,2096
4003,1104,3200,2096
4004,1103,3200,2097
4005,1103,3200,2097
4006,1103,3200,2097
4007,1101,3200,2099
4008,1101,3200,2099
4009,1101,3200,2099
4010,1101,3200,2099
4011,1101,3200,2099
4012,1100,3200,2100
4013,1099,3200,2101
4014,1099,3200,2101
4015,1099,3200,2101
4016,1097,3200,2103
4017,1097,3200,2103
4018,1097,3200,2103
4019,1096,3200,2104
4020,1094,3200,2106
4021,1093,3200,2107
4022,1092,3200,2108
4023,1092,3200,2108
4024,1091,3200,2109
4025,1090,3200,2110
4026,1090,3200,2110
4027,1088,3200,2112
4028,1088,3200,2112
4029,1088,3200,2112
4030,1088,3200,2112
4031,1088,3200,2112
4032,1088,3200,2112
4033,1087,3200,2113
4034,1087,3200,2113
4035,1087,3200,2113
4036,1087,3200,2113
4037,1087,3200,2113
4038,1086,3200,2114
4039,1086,3200,2114
4040,1085,3200,2115
4041,1085,3200,2115
4042,1084,3200,2116
4043,1084,3200,2116
4044,1084,3200,2116
4045,1083,3200,2117
4046,1083,3200,2117
4047,1082,3200,2118
4048,1081,3200,2119
4049,1081,3200,2119
4050,1081,3200,2119
4051,1080,3200,2120
4052,1080,3200,2120
4053,1080,3200,2120
4054,1079,3200,2121
4055,1079,3200,2121
4056,1078,3200,2122
4057,1077,3200,2123
4058,1077,3200,2123
4059,1076,3200,2124
4060,1075,3200,2125
4061,1075,3200,2125
4062,1075,3200,2125
4063,1075,3200,2125
4064,1074,3200,2126
4065,1073,3200,2127
4066,1072,3200,2128
4067,1072,3200,2128
4068,1072,3200,2128
4069,1070,3200,2130
4070,1069,3200,2131
4071,1068,3200,2132
4072,1068,3200,2132
4073,1067,3200,2133
4074,1067,3200,2133
4075,1066,3200,2134
4076,1066,3200,2134
4077,1065,3200,2135
4078,1065,3200,2135
4079,1065,3200,2135
4080,1065,3200,2135
4081,1065,3200,2135
4082,1064,3200,2136
4083,1063,3200,2137
4084,1063,3200,2137
4085,1063,3200,2137
4086,1063,3200,2137
4087,1063,3200,2137
4088,1063,3200,2137
4089,1061,3200,2139
4090,1060,3200,2140
4091,1059,3200,2141
4092,1059,3200,2141
4093,1059,3200,2141
4094,1059,3200,2141
4095,1059,3200,2141
4096,1058,3200,2142
4097,1057,3200,2143
4098,1057,3200,2143
4099,1056,3200,2144
4100,1056,3200,2144
4101,1056,3200,2144
4102,1056,3200,2144
4103,1056,3200,2144
4104,1055,3200,2145
4105,1054,3200,2146
4106,1053,3200,2147
4107,1052,3200,2148
4108,1051,3200,2149
4109,1051,3200,2149
4110,1051,3200,2149
4111,1051,3200,2149
4112,1050,3200,2150
4113,1049,3200,2151
4114,1049,3200,2151
4115,1048,3200,2152
4116,1048,3200,2152
4117,1048,3200,2152
4118,1047,3200,2153
4119,1046,3200,2154
4120,1046,3200,2154
4121,1045,3200,2155
4122,1045,3200,2155
4123,1045,3200,2155
4124,1045,3200,2155
4125,1045,3200,2155
4126,1044,3200,2156
4127,1043,3200,2157
4128,1042,3200,2158
4129,1041,3200,2159
4130,1041,3200,2159
4131,1040,3200,2160
4132,1040,3200,2160
4133,1040,3200,2160
4134,1040,3200,2160
4135,1039,3200,2161
4136,1039,3200,2161
4137,1038,3200,2162
4138,1038,3200,2162
4139,1038,3200,2162
4140,1037,3200,2163
4141,1036,3200,2164
4142,1036,3200,2164
4143,1034,3200,2166
4144,1033,3200,2167
4145,1033,3200,2167
4146,1033,3200,2167
4147,1033,3200,2167
4148,1032,3200,2168
4149,1032,3200,2168
4150,1031,3200,2169
4151,1031,3200,2169
4152,1031,3200,2169
4153,1030,3200,2170
4154,1030,3200,2170
4155,1029,3200,2171
4156,1029,3200,2171
4157,1029,3200,2171
4158,1028,3200,2172
4159,1027,3200,2173
4160,1027,3200,2173
4161,1027,3200,2173
4162,1027,3200,2173
4163,1026,3200,2174
4164,1026,3200,2174
4165,1026,3200,2174
4166,1026,3200,2174
4167,1026,3200,2174
4168,1025,3200,2175
4169,1025,3200,2175
4170,1025,3200,2175
4171,1025,3200,2175
4172,1025,3200,2175
4173,1025,3200,2175
4174,1025,3200,2175
4175,1025,3200,2175
4176,1025,3200,2175
4177,1025,3200,2175
4178,1024,3200,2176
4179,1024,3200,2176
4180,1023,3200,2177
4181,1023,3200,2177
4182,1022,3200,2178
4183,1022,3200,2178
4184,1022,3200,2178
4185,1021,3200,2179
4186,1021,3200,2179
4187,1021,3200,2179
4188,1021,3200,2179
4189,1020,3200,2180
4190,1020,3200,2180
4191,1020,3200,2180
4192,1020,3200,2180
4193,1020,3200,2180
4194,1020,3200,2180
4195,1020,3200,2180
4196,1020,3200,2180
4197,1019,3200,2181
4198,1019,3200,2181
4199,1019,3200,2181
4200,1019,3200,2181
4201,1018,3200,2182
4202,1017,3200,2183
4203,1017,3200,2183
4204,1017,3200,2183
4205,1016,3200,2184
4206,1016,3200,2184
4207,1016,3200,2184
4208,1016,3200,2184
4209,1016,3200,2184
4210,1015,3200,2185
4211,1015,3200,2185
4212,1015,3200,2185
4213,1015,3200,2185
4214,1015,3200,2185
4215,1015,3200,2185
4216,1014,3200,2186
4217,1014,3200,2186
4218,1014,3200,2186
4219,1014,3200,2186
4220,1014,3200,2186
4221,1013,3200,2187
4222,1013,3200,2187
4223,1012,3200,2188
4224,1012,3200,2188
4225,1012,3200,2188
4226,1012,3200,2188
4227,1011,3200,2189
4228,1011,3200,2189
4229,1010,3200,2190
4230,1010,3200,2190
4231,1010,3200,2190
4232,1009,3200,2191
4233,1008,3200,2192
4234,1008,3200,2192
4235,1008,3200,2192
4236,1008,3200,2192
4237,1007,3200,2193
4238,1007,3200,2193
4239,1006,3200,2194
4240,1006,3200,2194
4241,1005,3200,2195
4242,1005,3200,2195
4243,1004,3200,2196
4244,1004,3200,2196
4245,1003,3200,2197
4246,1002,3200,2198
4247,1002,3200,2198
4248,1002,3200,2198
4249,1001,3200,2199
4250,1000,3200,2200
4251,1000,3200,2200
4252,1000,3200,2200
4253,999,3200,2201
4254,999,3200,2201
4255,998,3200,2202
4256,998,3200,2202
4257,997,3200,2203
4258,995,3200,2205
4259,995,3200,2205
4260,994,3200,2206
4261,993,3200,2207
4262,993,3200,2207
4263,991,3200,2209
4264,990,3200,2210
4265,990,3200,2210
4266,990,3200,2210
4267,990,3200,2210
4268,990,3200,2210
4269,990,3200,2210
4270,990,3200,2210
4271,990,3200,2210
4272,990,3200,2210
4273,989,3200,2211
4274,989,3200,2211
4275,988,3200,2212
4276,987,3200,2213
4277,987,3200,2213
4278,986,3200,2214
4279,986,3200,2214
4280,986,3200,2214
4281,986,3200,2214
4282,986,3200,2214
4283,985,3200,2215
4284,985,3200,2215
4285,984,3200,2216
4286,984,3200,2216
4287,984,3200,2216
4288,983,3200,2217
4289,983,3200,2217
4290,983,3200,2217
4291,983,3200,2217
4292,982,3200,2218
4293,982,3200,2218
4294,981,3200,2219
4295,980,3200,2220
4296,980,3200,2220
4297,980,3200,2220
4298,980,3200,2220
4299,979,3200,2221
4300,979,3200,2221
4301,978,3200,2222
4302,977,3200,2223
4303,977,3200,2223
4304,977,3200,2223
4305,977,3200,2223
4306,977,3200,2223
4307,976,3200,2224
4308,976,3200,2224
4309,976,3200,2224
4310,976,3200,2224
4311,975,3200,2225
4312,974,3200,2226
4313,974,3200,2226
4314,974,3200,2226
4315,972,3200,2228
4316,972,3200,2228
4317,971,3200,2229
4318,971,3200,2229
4319,970,3200,2230
4320,970,3200,2230
4321,970,3200,2230
4322,969,3200,2231
4323,969,3200,2231
4324,968,3200,2232
4325,968,3200,2232
4326,968,3200,2232
4327,968,3200,2232
4328,967,3200,2233
4329,967,3200,2233
4330,967,3200,2233
4331,967,3200,2233
4332,967,3200,2233
4333,967,3200,2233
4334,967,3200,2233
4335,967,3200,2233
4336,967,3200,2233
4337,967,3200,2233
4338,967,3200,2233
4339,967,3200,2233
4340,967,3200,2233
4341,967,3200,2233
4342,967,3200,2233
4343,966,3200,2234
4344,966,3200,2234
4345,966,3200,2234
4346,966,3200,2234
4347,966,3200,2234
4348,966,3200,2234
4349,966,3200,2234
4350,966,3200,2234
4351,966,3200,2234
4352,966,3200,2234
4353,966,3200,2234
4354,966,3200,2234
4355,966,3200,2234
4356,965,3200,2235
4357,965,3200,2235
4358,965,3200,2235
4359,965,3200,2235
4360,965,3200,2235
4361,965,3200,2235
4362,965,3200,2235
4363,965,3200,2235
4364,965,3200,2235
4365,965,3200,2235
4366,965,3200,2235
4367,965,3200,2235
4368,965,3200,2235
4369,965,3200,2235
4370,965,3200,2235
4371,965,3200,2235
4372,965,3200,2235
4373,965,3200,2235
4374,964,3200,2236
4375,964,3200,2236
4376,964,3200,2236
4377,964,3200,2236
4378,964,3200,2236
4379,964,3200,2236
4380,963,3200,2237
4381,963,3200,2237
4382,963,3200,2237
4383,963,3200,2237
4384,961,3200,2239
4385,961,3200,2239
4386,961,3200,2239
4387,961,3200,2239
4388,961,3200,2239
4389,961,3200,2239
4390,961,3200,2239
4391,960,3200,2240
4392,960,3200,2240
4393,960,3200,2240
4394,960,3200,2240
4395,960,3200,2240
4396,960,3200,2240
4397,958,3200,2242
4398,958,3200,2242
4399,958,3200,2242
4400,958,3200,2242
4401,957,3200,2243
4402,957,3200,2243
4403,956,3200,2244
4404,956,3200,2244
4405,956,3200,2244
4406,956,3200,2244
4407,955,3200,2245
4408,954,3200,2246
4409,954,3200,2246
4410,954,3200,2246
4411,953,3200,2247
4412,953,3200,2247
4413,952,3200,2248
4414,952,3200,2248
4415,952,3200,2248
4416,951,3200,2249
4417,950,3200,2250
4418,950,3200,2250
4419,950,3200,2250
4420,950,3200,2250
4421,949,3200,2251
4422,949,3200,2251
4423,948,3200,2252
4424,948,3200,2252
4425,947,3200,2253
4426,947,3200,2253
4427,947,3200,2253
4428,946,3200,2254
4429,945,3200,2255
4430,945,3200,2255
4431,945,3200,2255
4432,945,3200,2255
4433,944,3200,2256
4434,943,3200,2257
4435,943,3200,2257
4436,943,3200,2257
4437,943,3200,2257
4438,942,3200,2258
4439,942,3200,2258
4440,942,3200,2258
4441,942,3200,2258
4442,942,3200,2258
4443,941,3200,2259
4444,941,3200,2259
4445,941,3200,2259
4446,941,3200,2259
4447,941,3200,2259
4448,940,3200,2260
4449,939,3200,2261
4450,939,3200,2261
4451,939,3200,2261
4452,939,3200,2261
4453,939,3200,2261
4454,939,3200,2261
4455,939,3200,2261
4456,939,3200,2261
4457,938,3200,2262
4458,938,3200,2262
4459,938,3200,2262
4460,937,3200,2263
4461,937,3200,2263
4462,937,3200,2263
4463,936,3200,2264
4464,936,3200,2264
4465,935,3200,2265
4466,935,3200,2265
4467,935,3200,2265
4468,934,3200,2266
4469,934,3200,2266
4470,933,3200,2267
4471,933,3200,2267
4472,933,3200,2267
4473,932,3200,2268
4474,932,3200,2268
4475,932,3200,2268
4476,932,3200,2268
4477,932,3200,2268
4478,932,3200,2268
4479,931,3200,2269
4480,931,3200,2269
4481,931,3200,2269
4482,931,3200,2269
4483,931,3200,2269
4484,930,3200,2270
4485,930,3200,2270
4486,930,3200,2270
4487,930,3200,2270
4488,930,3200,2270
4489,929,3200,2271
4490,929,3200,2271
4491,929,3200,2271
4492,929,3200,2271
4493,928,3200,2272
4494,928,3200,2272
4495,927,3200,2273
4496,927,3200,2273
4497,927,3200,2273
4498,927,3200,2273
4499,927,3200,2273
4500,926,3200,2274
4501,926,3200,2274
4502,926,3200,2274
4503,926,3200,2274
4504,925,3200,2275
4505,925,3200,2275
4506,925,3200,2275
4507,924,3200,2276
4508,924,3200,2276
4509,924,3200,2276
4510,924,3200,2276
4511,923,3200,2277
4512,923,3200,2277
4513,923,3200,2277
4514,922,3200,2278
4515,921,3200,2279
4516,921,3200,2279
4517,920,3200,2280
4518,920,3200,2280
4519,920,3200,2280
4520,919,3200,2281
4521,918,3200,2282
4522,917,3200,2283
4523,917,3200,2283
4524,917,3200,2283
4525,915,3200,2285
4526,915,3200,2285
4527,915,3200,2285
4528,915,3200,2285
4529,914,3200,2286
4530,914,3200,2286
4531,914,3200,2286
4532,913,3200,2287
4533,913,3200,2287
4534,913,3200,2287
4535,912,3200,2288
4536,912,3200,2288
4537,911,3200,2289
4538,911,3200,2289
4539,911,3200,2289
4540,911,3200,2289
4541,909,3200,2291
4542,909,3200,2291
4543,909,3200,2291
4544,909,3200,2291
4545,909,3200,2291
4546,909,3200,2291
4547,909,3200,2291
4548,907,3200,2293
4549,907,3200,2293
4550,907,3200,2293
4551,907,3200,2293
4552,907,3200,2293
4553,906,3200,2294
4554,906,3200,2294
4555,905,3200,2295
4556,905,3200,2295
4557,904,3200,2296
4558,904,3200,2296
4559,904,3200,2296
4560,903,3200,2297
4561,902,3200,2298
4562,902,3200,2298
4563,902,3200,2298
4564,902,3200,2298
4565,902,3200,2298
4566,901,3200,2299
4567,900,3200,2300
4568,900,3200,2300
4569,900,3200,2300
4570,899,3200,2301
4571,899,3200,2301
4572,898,3200,2302
4573,898,3200,2302
4574,898,3200,2302
4575,898,3200,2302
4576,898,3200,2302
4577,898,3200,2302
4578,897,3200,2303
4579,897,3200,2303
4580,897,3200,2303
4581,897,3200,2303
4582,897,3200,2303
4583,897,3200,2303
4584,896,3200,2304
4585,896,3200,2304
4586,896,3200,2304
4587,896,3200,2304
4588,896,3200,2304
4589,895,3200,2305
4590,895,3200,2305
4591,895,3200,2305
4592,895,3200,2305
4593,895,3200,2305
4594,895,3200,2305
4595,895,3200,2305
4596,894,3200,2306
4597,894,3200,2306
4598,893,3200,2307
4599,892,3200,2308
4600,892,3200,2308
4601,892,3200,2308
4602,891,3200,2309
4603,890,3200,2310
4604,890,3200,2310
4605,890,3200,2310
4606,890,3200,2310
4607,889,3200,2311
4608,889,3200,2311
4609,889,3200,2311
4610,889,3200,2311
4611,889,3200,2311
4612,887,3200,2313
4613,887,3200,2313
4614,887,3200,2313
4615,887,3200,2313
4616,886,3200,2314
4617,885,3200,2315
4618,885,3200,2315
4619,885,3200,2315
4620,885,3200,2315
4621,884,3200,2316
4622,883,3200,2317
4623,883,3200,2317
4624,883,3200,2317
4625,883,3200,2317
4626,882,3200,2318
4627,882,3200,2318
4628,882,3200,2318
4629,882,3200,2318
4630,880,3200,2320
4631,880,3200,2320
4632,880,3200,2320
4633,880,3200,2320
4634,878,3200,2322
4635,878,3200,2322
4636,878,3200,2322
4637,878,3200,2322
4638,876,3200,2324
4639,876,3200,2324
4640,876,3200,2324
4641,875,3200,2325
4642,875,3200,2325
4643,874,3200,2326
4644,874,3200,2326
4645,873,3200,2327
4646,873,3200,2327
4647,873,3200,2327
4648,873,3200,2327
4649,871,3200,2329
4650,871,3200,2329
4651,871,3200,2329
4652,871,3200,2329
4653,871,3200,2329
4654,870,3200,2330
4655,870,3200,2330
4656,870,3200,2330
4657,870,3200,2330
4658,870,3200,2330
4659,869,3200,2331
4660,868,3200,2332
4661,868,3200,2332
4662,867,3200,2333
4663,867,3200,2333
4664,867,3200,2333
4665,866,3200,2334
4666,866,3200,2334
4667,866,3200,2334
4668,866,3200,2334
4669,865,3200,2335
4670,865,3200,2335
4671,864,3200,2336
4672,864,3200,2336
4673,864,3200,2336
4674,863,3200,2337
4675,863,3200,2337
4676,863,3200,2337
4677,862,3200,2338
4678,862,3200,2338
4679,862,3200,2338
4680,862,3200,2338
4681,862,3200,2338
4682,862,3200,2338
4683,862,3200,2338
4684,862,3200,2338
4685,862,3200,2338
4686,861,3200,2339
4687,860,3200,2340
4688,860,3200,2340
4689,860,3200,2340
4690,860,3200,2340
4691,860,3200,2340
4692,859,3200,2341
4693,859,3200,2341
4694,859,3200,2341
4695,858,3200,2342
4696,857,3200,2343
4697,857,3200,2343
4698,857,3200,2343
4699,857,3200,2343
4700,856,3200,2344
4701,856,3200,2344
4702,855,3200,2345
4703,855,3200,2345
4704,855,3200,2345
4705,854,3200,2346
4706,854,3200,2346
4707,854,3200,2346
4708,854,3200,2346
4709,853,3200,2347
4710,853,3200,2347
4711,852,3200,2348
4712,852,3200,2348
4713,852,3200,2348
4714,851,3200,2349
4715,851,3200,2349
4716,851,3200,2349
4717,851,3200,2349
4718,851,3200,2349
4719,851,3200,2349
4720,850,3200,2350
4721,850,3200,2350
4722,850,3200,2350
4723,850,3200,2350
4724,850,3200,2350
4725,849,3200,2351
4726,848,3200,2352
4727,848,3200,2352
4728,848,3200,2352
4729,848,3200,2352
4730,846,3200,2354
4731,846,3200,2354
4732,846,3200,2354
4733,846,3200,2354
4734,846,3200,2354
4735,844,3200,2356
4736,844,3200,2356
4737,844,3200,2356
4738,844,3200,2356
4739,843,3200,2357
4740,842,3200,2358
4741,842,3200,2358
4742,842,3200,2358
4743,842,3200,2358
4744,840,3200,2360
4745,840,3200,2360
4746,840,3200,2360
4747,840,3200,2360
4748,840,3200,2360
4749,840,3200,2360
4750,840,3200,2360
4751,839,3200,2361
4752,839,3200,2361
4753,838,3200,2362
4754,838,3200,2362
4755,838,3200,2362
4756,837,3200,2363
4757,837,3200,2363
4758,836,3200,2364
4759,836,3200,2364
4760,836,3200,2364
4761,836,3200,2364
4762,835,3200,2365
4763,834,3200,2366
4764,834,3200,2366
4765,834,3200,2366
4766,834,3200,2366
4767,834,3200,2366
4768,834,3200,2366
4769,833,3200,2367
4770,832,3200,2368
4771,832,3200,2368
4772,831,3200,2369
4773,831,3200,2369
4774,831,3200,2369
4775,830,3200,2370
4776,830,3200,2370
4777,830,3200,2370
4778,830,3200,2370
4779,830,3200,2370
4780,829,3200,2371
4781,829,3200,2371
4782,828,3200,2372
4783,828,3200,2372
4784,828,3200,2372
4785,827,3200,2373
4786,826,3200,2374
4787,826,3200,2374
4788,825,3200,2375
4789,825,3200,2375
4790,825,3200,2375
4791,825,3200,2375
4792,824,3200,2376
4793,824,3200,2376
4794,824,3200,2376
4795,824,3200,2376
4796,824,3200,2376
4797,823,3200,2377
4798,822,3200,2378
4799,822,3200,2378
4800,822,3200,2378
4801,822,3200,2378
4802,822,3200,2378
4803,820,3200,2380
4804,820,3200,2380
4805,820,3200,2380
4806,820,3200,2380
4807,819,3200,2381
4808,818,3200,2382
4809,818,3200,2382
4810,818,3200,2382
4811,818,3200,2382
4812,817,3200,2383
4813,816,3200,2384
4814,816,3200,2384
4815,816,3200,2384
4816,816,3200,2384
4817,815,3200,2385
4818,815,3200,2385
4819,815,3200,2385
4820,815,3200,2385
4821,815,3200,2385
4822,815,3200,2385
4823,815,3200,2385
4824,815,3200,2385
4825,813,3200,2387
4826,813,3200,2387
4827,813,3200,2387
4828,813,3200,2387
4829,813,3200,2387
4830,812,3200,2388
4831,812,3200,2388
4832,811,3200,2389
4833,811,3200,2389
4834,811,3200,2389
4835,811,3200,2389
4836,811,3200,2389
4837,809,3200,2391
4838,809,3200,2391
4839,809,3200,2391
4840,809,3200,2391
4841,808,3200,2392
4842,808,3200,2392
4843,807,3200,2393
4844,807,3200,2393
4845,807,3200,2393
4846,807,3200,2393
4847,807,3200,2393
4848,806,3200,2394
4849,805,3200,2395
4850,805,3200,2395
4851,805,3200,2395
4852,805,3200,2395
4853,804,3200,2396
4854,804,3200,2396
4855,803,3200,2397
4856,803,3200,2397
4857,803,3200,2397
4858,802,3200,2398
4859,801,3200,2399
4860,801,3200,2399
4861,801,3200,2399
4862,800,3200,2400
4863,800,3200,2400
4864,799,3200,2401
4865,799,3200,2401
4866,799,3200,2401
4867,798,3200,2402
4868,798,3200,2402
4869,798,3200,2402
4870,797,3200,2403
4871,796,3200,2404
4872,796,3200,2404
4873,796,3200,2404
4874,796,3200,2404
4875,796,3200,2404
4876,795,3200,2405
4877,794,3200,2406
4878,794,3200,2406
4879,794,3200,2406
4880,794,3200,2406
4881,794,3200,2406
4882,792,3200,2408
4883,792,3200,2408
4884,792,3200,2408
4885,792,3200,2408
4886,791,3200,2409
4887,791,3200,2409
4888,791,3200,2409
4889,790,3200,2410
4890,790,3200,2410
4891,790,3200,2410
4892,790,3200,2410
4893,790,3200,2410
4894,789,3200,2411
4895,789,3200,2411
4896,789,3200,2411
4897,789,3200,2411
4898,789,3200,2411
4899,789,3200,2411
4900,789,3200,2411
4901,789,3200,2411
4902,788,3200,2412
4903,788,3200,2412
4904,788,3200,2412
4905,788,3200,2412
4906,788,3200,2412
4907,788,3200,2412
4908,788,3200,2412
4909,788,3200,2412
4910,787,3200,2413
4911,787,3200,2413
4912,787,3200,2413
4913,787,3200,2413
4914,787,3200,2413
4915,786,3200,2414
4916,786,3200,2414
4917,785,3200,2415
4918,785,3200,2415
4919,785,3200,2415
4920,784,3200,2416
4921,784,3200,2416
4922,784,3200,2416
4923,784,3200,2416
4924,782,3200,2418
4925,782,3200,2418
4926,782,3200,2418
4927,782,3200,2418
4928,782,3200,2418
4929,780,3200,2420
4930,780,3200,2420
4931,780,3200,2420
4932,780,3200,2420
4933,779,3200,2421
4934,779,3200,2421
4935,778,3200,2422
4936,778,3200,2422
4937,777,3200,2423
4938,777,3200,2423
4939,777,3200,2423
4940,777,3200,2423
4941,775,3200,2425
4942,775,3200,2425
4943,775,3200,2425
4944,775,3200,2425
4945,775,3200,2425
4946,773,3200,2427
4947,773,3200,2427
4948,773,3200,2427
4949,773,3200,2427
4950,773,3200,2427
4951,772,3200,2428
4952,771,3200,2429
4953,771,3200,2429
4954,771,3200,2429
4955,771,3200,2429
4956,771,3200,2429
4957,771,3200,2429
4958,771,3200,2429
4959,771,3200,2429
4960,770,3200,2430
4961,769,3200,2431
4962,769,3200,2431
4963,769,3200,2431
4964,769,3200,2431
4965,769,3200,2431
4966,768,3200,2432
4967,767,3200,2433
4968,767,3200,2433
4969,767,3200,2433
4970,767,3200,2433
4971,766,3200,2434
4972,765,3200,2435
4973,765,3200,2435
4974,765,3200,2435
4975,765,3200,2435
4976,764,3200,2436
4977,764,3200,2436
4978,764,3200,2436
4979,763,3200,2437
4980,762,3200,2438
4981,762,3200,2438
4982,762,3200,2438
4983,761,3200,2439
4984,761,3200,2439
4985,761,3200,2439
4986,761,3200,2439
4987,761,3200,2439
4988,761,3200,2439
4989,761,3200,2439
4990,761,3200,2439
4991,760,3200,2440
4992,760,3200,2440
4993,760,3200,2440
4994,760,3200,2440
4995,760,3200,2440
4996,760,3200,2440
4997,760,3200,2440
4998,759,3200,2441
4999,758,3200,2442
5000,758,3200,2442
5001,758,3200,2442
5002,757,3200,2443
5003,757,3200,2443
5004,757,3200,2443
5005,757,3200,2443
5006,757,3200,2443
5007,757,3200,2443
5008,756,3200,2444
5009,755,3200,2445
5010,755,3200,2445
5011,755,3200,2445
5012,755,3200,2445
5013,755,3200,2445
5014,754,3200,2446
5015,754,3200,2446
5016,754,3200,2446
5017,754,3200,2446
5018,753,3200,2447
5019,753,3200,2447
5020,753,3200,2447
5021,753,3200,2447
5022,753,3200,2447
5023,753,3200,2447
5024,752,3200,2448
5025,752,3200,2448
5026,752,3200,2448
5027,752,3200,2448
5028,752,3200,2448
5029,751,3200,2449
5030,751,3200,2449
5031,750,3200,2450
5032,750,3200,2450
5033,750,3200,2450
5034,750,3200,2450
5035,749,3200,2451
5036,748,3200,2452
5037,748,3200,2452
5038,747,3200,2453
5039,747,3200,2453
5040,747,3200,2453
5041,747,3200,2453
5042,745,3200,2455
5043,745,3200,2455
5044,745,3200,2455
5045,745,3200,2455
5046,744,3200,2456
5047,743,3200,2457
5048,743,3200,2457
5049,743,3200,2457
5050,742,3200,2458
5051,741,3200,2459
5052,741,3200,2459
5053,741,3200,2459
5054,740,3200,2460
5055,740,3200,2460
5056,739,3200,2461
5057,739,3200,2461
5058,739,3200,2461
5059,739,3200,2461
5060,739,3200,2461
5061,738,3200,2462
5062,738,3200,2462
5063,738,3200,2462
5064,738,3200,2462
5065,738,3200,2462
5066,737,3200,2463
5067,737,3200,2463
5068,737,3200,2463
5069,737,3200,2463
5070,737,3200,2463
5071,737,3200,2463
5072,737,3200,2463
5073,736,3200,2464
5074,736,3200,2464
5075,735,3200,2465
5076,735,3200,2465
5077,735,3200,2465
5078,735,3200,2465
5079,735,3200,2465
5080,734,3200,2466
5081,733,3200,2467
5082,733,3200,2467
5083,733,3200,2467
5084,733,3200,2467
5085,733,3200,2467
5086,733,3200,2467
5087,733,3200,2467
5088,731,3200,2469
5089,731,3200,2469
5090,731,3200,2469
5091,731,3200,2469
5092,731,3200,2469
5093,731,3200,2469
5094,730,3200,2470
5095,730,3200,2470
5096,730,3200,2470
5097,730,3200,2470
5098,729,3200,2471
5099,729,3200,2471
5100,728,3200,2472
5101,728,3200,2472
5102,728,3200,2472
5103,727,3200,2473
5104,727,3200,2473
5105,726,3200,2474
5106,726,3200,2474
5107,726,3200,2474
5108,726,3200,2474
5109,725,3200,2475
5110,725,3200,2475
5111,725,3200,2475
5112,724,3200,2476
5113,724,3200,2476
5114,724,3200,2476
5115,724,3200,2476
5116,724,3200,2476
5117,723,3200,2477
5118,723,3200,2477
5119,723,3200,2477
5120,723,3200,2477
5121,723,3200,2477
5122,723,3200,2477
5123,723,3200,2477
5124,722,3200,2478
5125,722,3200,2478
5126,721,3200,2479
5127,721,3200,2479
5128,721,3200,2479
5129,721,3200,2479
5130,720,3200,2480
5131,720,3200,2480
5132,720,3200,2480
5133,720,3200,2480
5134,720,3200,2480
5135,719,3200,2481
5136,718,3200,2482
5137,718,3200,2482
5138,718,3200,2482
5139,718,3200,2482
5140,717,3200,2483
5141,717,3200,2483
5142,716,3200,2484
5143,716,3200,2484
5144,715,3200,2485
5145,715,3200,2485
5146,714,3200,2486
5147,714,3200,2486
5148,714,3200,2486
5149,714,3200,2486
5150,712,3200,2488
5151,712,3200,2488
5152,712,3200,2488
5153,712,3200,2488
5154,712,3200,2488
5155,712,3200,2488
5156,711,3200,2489
5157,711,3200,2489
5158,711,3200,2489
5159,711,3200,2489
5160,711,3200,2489
5161,711,3200,2489
5162,710,3200,2490
5163,710,3200,2490
5164,710,3200,2490
5165,710,3200,2490
5166,709,3200,2491
5167,709,3200,2491
5168,709,3200,2491
5169,709,3200,2491
5170,709,3200,2491
5171,708,3200,2492
5172,708,3200,2492
5173,708,3200,2492
5174,707,3200,2493
5175,707,3200,2493
5176,707,3200,2493
5177,706,3200,2494
5178,706,3200,2494
5179,706,3200,2494
5180,706,3200,2494
5181,706,3200,2494
5182,705,3200,2495
5183,704,3200,2496
5184,704,3200,2496
5185,704,3200,2496
5186,704,3200,2496
5187,703,3200,2497
5188,703,3200,2497
5189,701,3200,2499
5190,701,3200,2499
5191,701,3200,2499
5192,701,3200,2499
5193,701,3200,2499
5194,701,3200,2499
5195,701,3200,2499
5196,700,3200,2500
5197,700,3200,2500
5198,699,3200,2501
5199,699,3200,2501
5200,699,3200,2501
5201,698,3200,2502
5202,698,3200,2502
5203,697,3200,2503
5204,697,3200,2503
5205,697,3200,2503
5206,697,3200,2503
5207,696,3200,2504
5208,696,3200,2504
5209,696,3200,2504
5210,696,3200,2504
5211,695,3200,2505
5212,695,3200,2505
5213,694,3200,2506
5214,694,3200,2506
5215,694,3200,2506
5216,694,3200,2506
5217,693,3200,2507
5218,693,3200,2507
5219,693,3200,2507
5220,693,3200,2507
5221,692,3200,2508
5222,692,3200,2508
5223,692,3200,2508
5224,692,3200,2508
5225,691,3200,2509
5226,691,3200,2509
5227,691,3200,2509
5228,691,3200,2509
5229,690,3200,2510
5230,690,3200,2510
5231,689,3200,2511
5232,689,3200,2511
5233,689,3200,2511
5234,689,3200,2511
5235,689,3200,2511
5236,689,3200,2511
5237,689,3200,2511
5238,688,3200,2512
5239,688,3200,2512
5240,688,3200,2512
5241,687,3200,2513
5242,687,3200,2513
5243,687,3200,2513
5244,686,3200,2514
5245,686,3200,2514
5246,686,3200,2514
5247,685,3200,2515
5248,685,3200,2515
5249,684,3200,2516
5250,684,3200,2516
5251,684,3200,2516
5252,684,3200,2516
5253,684,3200,2516
5254,684,3200,2516
5255,682,3200,2518
5256,682,3200,2518
5257,682,3200,2518
5258,682,3200,2518
5259,682,3200,2518
5260,682,3200,2518
5261,681,3200,2519
5262,681,3200,2519
5263,681,3200,2519
5264,680,3200,2520
5265,680,3200,2520
5266,680,3200,2520
5267,680,3200,2520
5268,680,3200,2520
5269,680,3200,2520
5270,680,3200,2520
5271,679,3200,2521
5272,678,3200,2522
5273,678,3200,2522
5274,678,3200,2522
5275,678,3200,2522
5276,678,3200,2522
5277,677,3200,2523
5278,676,3200,2524
5279,676,3200,2524
5280,676,3200,2524
5281,675,3200,2525
5282,675,3200,2525
5283,675,3200,2525
5284,674,3200,2526
5285,673,3200,2527
5286,673,3200,2527
5287,673,3200,2527
5288,673,3200,2527
5289,672,3200,2528
5290,671,3200,2529
5291,671,3200,2529
5292,671,3200,2529
5293,670,3200,2530
5294,670,3200,2530
5295,669,3200,2531
5296,669,3200,2531
5297,668,3200,2532
5298,668,3200,2532
5299,668,3200,2532
5300,668,3200,2532
5301,666,3200,2534
5302,666,3200,2534
5303,666,3200,2534
5304,665,3200,2535
5305,665,3200,2535
5306,664,3200,2536
5307,663,3200,2537
5308,663,3200,2537
5309,663,3200,2537
5310,662,3200,2538
5311,661,3200,2539
5312,661,3200,2539
5313,661,3200,2539
5314,660,3200,2540
5315,659,3200,2541
5316,659,3200,2541
5317,659,3200,2541
5318,659,3200,2541
5319,657,3200,2543
5320,657,3200,2543
5321,657,3200,2543
5322,657,3200,2543
5323,656,3200,2544
5324,656,3200,2544
5325,655,3200,2545
5326,655,3200,2545
5327,654,3200,2546
5328,654,3200,2546
5329,653,3200,2547
5330,653,3200,2547
5331,653,3200,2547
5332,652,3200,2548
5333,652,3200,2548
5334,651,3200,2549
5335,651,3200,2549
5336,651,3200,2549
5337,650,3200,2550
5338,650,3200,2550
5339,650,3200,2550
5340,649,3200,2551
5341,648,3200,2552
5342,648,3200,2552
5343,647,3200,2553
5344,646,3200,2554
5345,646,3200,2554
5346,645,3200,2555
5347,645,3200,2555
5348,644,3200,2556
5349,644,3200,2556
5350,644,3200,2556
5351,643,3200,2557
5352,643,3200,2557
5353,642,3200,2558
5354,642,3200,2558
5355,642,3200,2558
5356,641,3200,2559
5357,641,3200,2559
5358,641,3200,2559
5359,640,3200,2560
5360,640,3200,2560
5361,640,3200,2560
5362,639,3200,2561
5363,639,3200,2561
5364,639,3200,2561
5365,639,3200,2561
5366,639,3200,2561
5367,638,3200,2562
5368,638,3200,2562
5369,637,3200,2563
5370,637,3200,2563
5371,637,3200,2563
5372,636,3200,2564
5373,636,3200,2564
5374,636,3200,2564
5375,635,3200,2565
5376,635,3200,2565
5377,635,3200,2565
5378,635,3200,2565
5379,634,3200,2566
5380,633,3200,2567
5381,633,3200,2567
5382,633,3200,2567
5383,633,3200,2567
5384,632,3200,2568
5385,632,3200,2568
5386,631,3200,2569
5387,631,3200,2569
5388,630,3200,2570
5389,630,3200,2570
5390,630,3200,2570
5391,629,3200,2571
5392,628,3200,2572
5393,628,3200,2572
5394,627,3200,2573
5395,627,3200,2573
5396,627,3200,2573
5397,625,3200,2575
5398,625,3200,2575
5399,625,3200,2575
5400,625,3200,2575
5401,623,3200,2577
5402,623,3200,2577
5403,623,3200,2577
5404,623,3200,2577
5405,622,3200,2578
5406,621,3200,2579
5407,621,3200,2579
5408,621,3200,2579
5409,621,3200,2579
5410,620,3200,2580
5411,620,3200,2580
5412,620,3200,2580
5413,620,3200,2580
5414,620,3200,2580
5415,619,3200,2581
5416,619,3200,2581
5417,619,3200,2581
5418,619,3200,2581
5419,619,3200,2581
5420,619,3200,2581
5421,617,3200,2583
5422,617,3200,2583
5423,617,3200,2583
5424,617,3200,2583
5425,616,3200,2584
5426,616,3200,2584
5427,616,3200,2584
5428,616,3200,2584
5429,616,3200,2584
5430,616,3200,2584
5431,616,3200,2584
5432,615,3200,2585
5433,615,3200,2585
5434,615,3200,2585
5435,614,3200,2586
5436,614,3200,2586
5437,614,3200,2586
5438,614,3200,2586
5439,614,3200,2586
5440,614,3200,2586
5441,614,3200,2586
5442,613,3200,2587
5443,613,3200,2587
5444,612,3200,2588
5445,612,3200,2588
5446,612,3200,2588
5447,611,3200,2589
5448,611,3200,2589
5449,611,3200,2589
5450,611,3200,2589
5451,609,3200,2591
5452,608,3200,2592
5453,608,3200,2592
5454,606,3200,2594
5455,606,3200,2594
5456,606,3200,2594
5457,605,3200,2595
5458,604,3200,2596
5459,604,3200,2596
5460,604,3200,2596
5461,604,3200,2596
5462,604,3200,2596
5463,603,3200,2597
5464,603,3200,2597
5465,603,3200,2597
5466,603,3200,2597
5467,603,3200,2597
5468,602,3200,2598
5469,602,3200,2598
5470,601,3200,2599
5471,601,3200,2599
5472,601,3200,2599
5473,600,3200,2600
5474,598,3200,2602
5475,598,3200,2602
5476,598,3200,2602
5477,598,3200,2602
5478,597,3200,2603
5479,597,3200,2603
5480,597,3200,2603
5481,596,3200,2604
5482,596,3200,2604
5483,596,3200,2604
5484,596,3200,2604
5485,596,3200,2604
5486,596,3200,2604
5487,596,3200,2604
5488,595,3200,2605
5489,595,3200,2605
5490,594,3200,2606
5491,593,3200,2607
5492,592,3200,2608
5493,591,3200,2609
5494,590,3200,2610
5495,590,3200,2610
5496,589,3200,2611
5497,588,3200,2612
5498,588,3200,2612
5499,588,3200,2612
5500,587,3200,2613
5501,586,3200,2614
5502,585,3200,2615
5503,585,3200,2615
5504,585,3200,2615
5505,585,3200,2615
5506,585,3200,2615
5507,583,3200,2617
5508,583,3200,2617
5509,582,3200,2618
5510,582,3200,2618
5511,581,3200,2619
5512,580,3200,2620
5513,580,3200,2620
5514,579,3200,2621
5515,578,3200,2622
5516,577,3200,2623
5517,577,3200,2623
5518,576,3200,2624
5519,575,3200,2625
5520,574,3200,2626
5521,574,3200,2626
5522,574,3200,2626
5523,573,3200,2627
5524,573,3200,2627
5525,572,3200,2628
5526,572,3200,2628
5527,571,3200,2629
5528,570,3200,2630
5529,570,3200,2630
5530,570,3200,2630
5531,569,3200,2631
5532,569,3200,2631
5533,568,3200,2632
5534,566,3200,2634
5535,566,3200,2634
5536,566,3200,2634
5537,564,3200,2636
5538,563,3200,2637
5539,563,3200,2637
5540,562,3200,2638
5541,562,3200,2638
5542,561,3200,2639
5543,560,3200,2640
5544,560,3200,2640
5545,558,3200,2642
5546,557,3200,2643
5547,557,3200,2643
5548,557,3200,2643
5549,557,3200,2643
5550,557,3200,2643
5551,556,3200,2644
5552,556,3200,2644
5553,555,3200,2645
5554,555,3200,2645
5555,554,3200,2646
5556,553,3200,2647
5557,552,3200,2648
5558,551,3200,2649
5559,550,3200,2650
5560,550,3200,2650
5561,549,3200,2651
5562,549,3200,2651
5563,548,3200,2652
5564,547,3200,2653
5565,547,3200,2653
5566,546,3200,2654
5567,546,3200,2654
5568,545,3200,2655
5569,544,3200,2656
5570,543,3200,2657
5571,543,3200,2657
5572,543,3200,2657
5573,543,3200,2657
5574,542,3200,2658
5575,542,3200,2658
5576,542,3200,2658
5577,542,3200,2658
5578,541,3200,2659
5579,540,3200,2660
5580,539,3200,2661
5581,539,3200,2661
5582,538,3200,2662
5583,538,3200,2662
5584,538,3200,2662
5585,537,3200,2663
5586,537,3200,2663
5587,537,3200,2663
5588,536,3200,2664
5589,535,3200,2665
5590,534,3200,2666
5591,533,3200,2667
5592,533,3200,2667
5593,532,3200,2668
5594,532,3200,2668
5595,531,3200,2669
5596,530,3200,2670
5597,530,3200,2670
5598,530,3200,2670
5599,530,3200,2670
5600,530,3200,2670
5601,529,3200,2671
5602,529,3200,2671
5603,529,3200,2671
5604,527,3200,2673
5605,527,3200,2673
5606,526,3200,2674
5607,526,3200,2674
5608,526,3200,2674
5609,524,3200,2676
5610,523,3200,2677
5611,523,3200,2677
5612,522,3200,2678
5613,521,3200,2679
5614,521,3200,2679
5615,520,3200,2680
5616,518,3200,2682
5617,517,3200,2683
5618,517,3200,2683
5619,517,3200,2683
5620,515,3200,2685
5621,515,3200,2685
5622,513,3200,2687
5623,513,3200,2687
5624,513,3200,2687
5625,512,3200,2688
5626,511,3200,2689
5627,511,3200,2689
5628,510,3200,2690
5629,510,3200,2690
5630,509,3200,2691
5631,508,3200,2692
5632,508,3200,2692
5633,507,3200,2693
5634,506,3200,2694
5635,506,3200,2694
5636,505,3200,2695
5637,505,3200,2695
5638,504,3200,2696
5639,504,3200,2696
5640,503,3200,2697
5641,503,3200,2697
5642,503,3200,2697
5643,503,3200,2697
5644,503,3200,2697
5645,503,3200,2697
5646,501,3200,2699
5647,501,3200,2699
5648,499,3200,2701
5649,499,3200,2701
5650,498,3200,2702
5651,498,3200,2702
5652,498,3200,2702
5653,496,3200,2704
5654,496,3200,2704
5655,496,3200,2704
5656,495,3200,2705
5657,494,3200,2706
5658,494,3200,2706
5659,494,3200,2706
5660,493,3200,2707
5661,493,3200,2707
5662,492,3200,2708
5663,491,3200,2709
5664,490,3200,2710
5665,490,3200,2710
5666,490,3200,2710
5667,490,3200,2710
5668,489,3200,2711
5669,489,3200,2711
5670,488,3200,2712
5671,488,3200,2712
5672,488,3200,2712
5673,488,3200,2712
5674,487,3200,2713
5675,486,3200,2714
5676,485,3200,2715
5677,485,3200,2715
5678,485,3200,2715
5679,485,3200,2715
5680,485,3200,2715
5681,483,3200,2717
5682,483,3200,2717
5683,483,3200,2717
5684,483,3200,2717
5685,483,3200,2717
5686,482,3200,2718
5687,482,3200,2718
5688,480,3200,2720
5689,480,3200,2720
5690,480,3200,2720
5691,480,3200,2720
5692,479,3200,2721
5693,478,3200,2722
5694,477,3200,2723
5695,476,3200,2724
5696,476,3200,2724
5697,476,3200,2724
5698,476,3200,2724
5699,475,3200,2725
5700,475,3200,2725
5701,474,3200,2726
5702,474,3200,2726
5703,474,3200,2726
5704,473,3200,2727
5705,473,3200,2727
5706,472,3200,2728
5707,472,3200,2728
5708,472,3200,2728
5709,471,3200,2729
5710,471,3200,2729
5711,471,3200,2729
5712,470,3200,2730
5713,470,3200,2730
5714,469,3200,2731
5715,468,3200,2732
5716,468,3200,2732
5717,468,3200,2732
5718,468,3200,2732
5719,468,3200,2732
5720,466,3200,2734
5721,465,3200,2735
5722,465,3200,2735
5723,465,3200,2735
5724,464,3200,2736
5725,463,3200,2737
5726,463,3200,2737
5727,462,3200,2738
5728,461,3200,2739
5729,460,3200,2740
5730,459,3200,2741
5731,458,3200,2742
5732,458,3200,2742
5733,457,3200,2743
5734,457,3200,2743
5735,456,3200,2744
5736,456,3200,2744
5737,456,3200,2744
5738,456,3200,2744
5739,456,3200,2744
5740,456,3200,2744
5741,456,3200,2744
5742,456,3200,2744
5743,456,3200,2744
5744,456,3200,2744
5745,456,3200,2744
5746,456,3200,2744
5747,455,3200,2745
5748,455,3200,2745
5749,455,3200,2745
5750,455,3200,2745
5751,455,3200,2745
5752,455,3200,2745
5753,454,3200,2746
5754,454,3200,2746
5755,454,3200,2746
5756,454,3200,2746
5757,454,3200,2746
5758,453,3200,2747
5759,453,3200,2747
5760,453,3200,2747
5761,453,3200,2747
5762,453,3200,2747
5763,453,3200,2747
5764,453,3200,2747
5765,453,3200,2747
5766,453,3200,2747
5767,453,3200,2747
5768,453,3200,2747
5769,453,3200,2747
5770,453,3200,2747
5771,453,3200,2747
5772,452,3200,2748
5773,452,3200,2748
5774,452,3200,2748
5775,452,3200,2748
5776,452,3200,2748
5777,451,3200,2749
5778,451,3200,2749
5779,451,3200,2749
5780,451,3200,2749
5781,451,3200,2749
5782,450,3200,2750
5783,450,3200,2750
5784,450,3200,2750
5785,450,3200,2750
5786,450,3200,2750
5787,450,3200,2750
5788,450,3200,2750
5789,450,3200,2750
5790,450,3200,2750
5791,450,3200,2750
5792,449,3200,2751
5793,449,3200,2751
5794,449,3200,2751
5795,449,3200,2751
5796,449,3200,2751
5797,449,3200,2751
5798,449,3200,2751
5799,448,3200,2752
5800,448,3200,2752
5801,448,3200,2752
5802,448,3200,2752
5803,448,3200,2752
5804,448,3200,2752
5805,448,3200,2752
5806,448,3200,2752
5807,448,3200,2752
5808,448,3200,2752
5809,448,3200,2752
5810,448,3200,2752
5811,448,3200,2752
5812,448,3200,2752
5813,448,3200,2752
5814,448,3200,2752
5815,448,3200,2752
5816,448,3200,2752
5817,448,3200,2752
5818,448,3200,2752
5819,448,3200,2752
5820,448,3200,2752
5821,448,3200,2752
5822,448,3200,2752
5823,447,3200,2753
5824,447,3200,2753
5825,447,3200,2753
5826,447,3200,2753
5827,447,3200,2753
5828,447,3200,2753
5829,447,3200,2753
5830,447,3200,2753
5831,447,3200,2753
5832,447,3200,2753
5833,447,3200,2753
5834,447,3200,2753
5835,447,3200,2753
5836,447,3200,2753
5837,447,3200,2753
5838,446,3200,2754
5839,446,3200,2754
5840,446,3200,2754
5841,446,3200,2754
5842,446,3200,2754
5843,446,3200,2754
5844,446,3200,2754
5845,446,3200,2754
5846,446,3200,2754
5847,446,3200,2754
5848,446,3200,2754
5849,446,3200,2754
5850,446,3200,2754
5851,446,3200,2754
5852,446,3200,2754
5853,446,3200,2754
5854,446,3200,2754
5855,446,3200,2754
5856,446,3200,2754
5857,446,3200,2754
5858,446,3200,2754
5859,446,3200,2754
5860,446,3200,2754
5861,446,3200,2754
5862,446,3200,2754
5863,446,3200,2754
5864,446,3200,2754
5865,446,3200,2754
5866,446,3200,2754
5867,446,3200,2754
5868,446,3200,2754
5869,445,3200,2755
5870,445,3200,2755
5871,445,3200,2755
5872,445,3200,2755
5873,445,3200,2755
5874,445,3200,2755
5875,445,3200,2755
5876,445,3200,2755
5877,445,3200,2755
5878,445,3200,2755
5879,445,3200,2755
5880,445,3200,2755
5881,445,3200,2755
5882,445,3200,2755
5883,445,3200,2755
5884,445,3200,2755
5885,445,3200,2755
5886,445,3200,2755
5887,445,3200,2755
5888,445,3200,2755
5889,445,3200,2755
5890,445,3200,2755
5891,445,3200,2755
5892,445,3200,2755
5893,445,3200,2755
5894,445,3200,2755
5895,445,3200,2755
5896,445,3200,2755
5897,445,3200,2755
5898,444,3200,2756
5899,444,3200,2756
5900,444,3200,2756
5901,444,3200,2756
5902,444,3200,2756
5903,444,3200,2756
5904,444,3200,2756
5905,444,3200,2756
5906,444,3200,2756
5907,444,3200,2756
5908,444,3200,2756
5909,444,3200,2756
5910,444,3200,2756
5911,444,3200,2756
5912,444,3200,2756
5913,444,3200,2756
5914,444,3200,2756
5915,444,3200,2756
5916,444,3200,2756
5917,444,3200,2756
5918,444,3200,2756
5919,444,3200,2756
5920,444,3200,2756
5921,444,3200,2756
5922,444,3200,2756
5923,444,3200,2756
5924,444,3200,2756
5925,444,3200,2756
5926,444,3200,2756
5927,444,3200,2756
5928,444,3200,2756
5929,443,3200,2757
5930,443,3200,2757
5931,443,3200,2757
5932,443,3200,2757
5933,442,3200,2758
5934,442,3200,2758
5935,442,3200,2758
5936,442,3200,2758
5937,441,3200,2759
5938,441,3200,2759
5939,441,3200,2759
5940,440,3200,2760
5941,440,3200,2760
5942,440,3200,2760
5943,440,3200,2760
5944,440,3200,2760
5945,440,3200,2760
5946,439,3200,2761
5947,439,3200,2761
5948,439,3200,2761
5949,438,3200,2762
5950,438,3200,2762
5951,438,3200,2762
5952,438,3200,2762
5953,438,3200,2762
5954,438,3200,2762
5955,437,3200,2763
5956,437,3200,2763
5957,437,3200,2763
5958,437,3200,2763
5959,436,3200,2764
5960,436,3200,2764
5961,436,3200,2764
5962,436,3200,2764
5963,436,3200,2764
5964,436,3200,2764
5965,436,3200,2764
5966,435,3200,2765
5967,435,3200,2765
5968,435,3200,2765
5969,435,3200,2765
5970,435,3200,2765
5971,435,3200,2765
5972,435,3200,2765
5973,434,3200,2766
5974,434,3200,2766
5975,434,3200,2766
5976,434,3200,2766
5977,434,3200,2766
5978,434,3200,2766
5979,433,3200,2767
5980,433,3200,2767
5981,433,3200,2767
5982,433,3200,2767
5983,433,3200,2767
5984,432,3200,2768
5985,432,3200,2768
5986,432,3200,2768
5987,432,3200,2768
5988,432,3200,2768
5989,432,3200,2768
5990,432,3200,2768
5991,432,3200,2768
5992,431,3200,2769
5993,431,3200,2769
5994,431,3200,2769
5995,431,3200,2769
5996,431,3200,2769
5997,431,3200,2769
5998,431,3200,2769
5999,431,3200,2769
6000,431,3200,2769
6001,431,3200,2769
6002,431,3200,2769
6003,431,3200,2769
6004,430,3200,2770
6005,430,3200,2770
6006,430,3200,2770
6007,429,3200,2771
6008,429,3200,2771
6009,429,3200,2771
6010,428,3200,2772
6011,428,3200,2772
6012,428,3200,2772
6013,428,3200,2772
6014,427,3200,2773
6015,427,3200,2773
6016,427,3200,2773
6017,427,3200,2773
6018,427,3200,2773
6019,426,3200,2774
6020,426,3200,2774
6021,426,3200,2774
6022,426,3200,2774
6023,426,3200,2774
6024,425,3200,2775
6025,425,3200,2775
6026,425,3200,2775
6027,424,3200,2776
6028,424,3200,2776
6029,424,3200,2776
6030,424,3200,2776
6031,424,3200,2776
6032,424,3200,2776
6033,424,3200,2776
6034,424,3200,2776
6035,424,3200,2776
6036,423,3200,2777
6037,423,3200,2777
6038,423,3200,2777
6039,423,3200,2777
6040,423,3200,2777
6041,422,3200,2778
6042,422,3200,2778
6043,422,3200,2778
6044,422,3200,2778
6045,422,3200,2778
6046,422,3200,2778
6047,422,3200,2778
6048,422,3200,2778
6049,422,3200,2778
6050,421,3200,2779
6051,421,3200,2779
6052,421,3200,2779
6053,421,3200,2779
6054,421,3200,2779
6055,421,3200,2779
6056,421,3200,2779
6057,421,3200,2779
6058,421,3200,2779
6059,420,3200,2780
6060,420,3200,2780
6061,420,3200,2780
6062,420,3200,2780
6063,419,3200,2781
6064,419,3200,2781
6065,419,3200,2781
6066,419,3200,2781
6067,419,3200,2781
6068,419,3200,2781
6069,419,3200,2781
6070,419,3200,2781
6071,418,3200,2782
6072,418,3200,2782
6073,418,3200,2782
6074,418,3200,2782
6075,418,3200,2782
6076,418,3200,2782
6077,418,3200,2782
6078,418,3200,2782
6079,418,3200,2782
6080,418,3200,2782
6081,417,3200,2783
6082,417,3200,2783
6083,417,3200,2783
6084,417,3200,2783
6085,417,3200,2783
6086,417,3200,2783
6087,415,3200,2785
6088,415,3200,2785
6089,415,3200,2785
6090,415,3200,2785
6091,415,3200,2785
6092,415,3200,2785
6093,414,3200,2786
6094,413,3200,2787
6095,413,3200,2787
6096,413,3200,2787
6097,413,3200,2787
6098,413,3200,2787
6099,412,3200,2788
6100,412,3200,2788
6101,412,3200,2788
6102,411,3200,2789
6103,411,3200,2789
6104,410,3200,2790
6105,410,3200,2790
6106,410,3200,2790
6107,410,3200,2790
6108,410,3200,2790
6109,409,3200,2791
6110,409,3200,2791
6111,409,3200,2791
6112,409,3200,2791
6113,409,3200,2791
6114,408,3200,2792
6115,407,3200,2793
6116,407,3200,2793
6117,407,3200,2793
6118,406,3200,2794
6119,405,3200,2795
6120,405,3200,2795
6121,405,3200,2795
6122,405,3200,2795
6123,404,3200,2796
6124,404,3200,2796
6125,403,3200,2797
6126,403,3200,2797
6127,403,3200,2797
6128,403,3200,2797
6129,401,3200,2799
6130,401,3200,2799
6131,400,3200,2800
6132,400,3200,2800
6133,399,3200,2801
6134,399,3200,2801
6135,399,3200,2801
6136,398,3200,2802
6137,398,3200,2802
6138,397,3200,2803
6139,397,3200,2803
6140,397,3200,2803
6141,397,3200,2803
6142,397,3200,2803
6143,397,3200,2803
6144,396,3200,2804
6145,396,3200,2804
6146,396,3200,2804
6147,396,3200,2804
6148,396,3200,2804
6149,396,3200,2804
6150,395,3200,2805
6151,395,3200,2805
6152,395,3200,2805
6153,395,3200,2805
6154,395,3200,2805
6155,394,3200,2806
6156,394,3200,2806
6157,394,3200,2806
6158,393,3200,2807
6159,393,3200,2807
6160,393,3200,2807
6161,392,3200,2808
6162,392,3200,2808
6163,392,3200,2808
6164,391,3200,2809
6165,391,3200,2809
6166,391,3200,2809
6167,390,3200,2810
6168,390,3200,2810
6169,390,3200,2810
6170,390,3200,2810
6171,390,3200,2810
6172,389,3200,2811
6173,388,3200,2812
6174,388,3200,2812
6175,388,3200,2812
6176,388,3200,2812
6177,388,3200,2812
6178,386,3200,2814
6179,386,3200,2814
6180,386,3200,2814
6181,386,3200,2814
6182,386,3200,2814
6183,384,3200,2816
6184,384,3200,2816
6185,384,3200,2816
6186,384,3200,2816
6187,384,3200,2816
6188,383,3200,2817
6189,383,3200,2817
6190,382,3200,2818
6191,382,3200,2818
6192,381,3200,2819
6193,381,3200,2819
6194,381,3200,2819
6195,381,3200,2819
6196,380,3200,2820
6197,379,3200,2821
6198,379,3200,2821
6199,379,3200,2821
6200,378,3200,2822
6201,378,3200,2822
6202,377,3200,2823
6203,377,3200,2823
6204,376,3200,2824
6205,376,3200,2824
6206,376,3200,2824
6207,375,3200,2825
6208,374,3200,2826
6209,374,3200,2826
6210,374,3200,2826
6211,373,3200,2827
6212,372,3200,2828
6213,372,3200,2828
6214,370,3200,2830
6215,370,3200,2830
6216,370,3200,2830
6217,370,3200,2830
6218,370,3200,2830
6219,368,3200,2832
6220,368,3200,2832
6221,368,3200,2832
6222,368,3200,2832
6223,367,3200,2833
6224,366,3200,2834
6225,366,3200,2834
6226,365,3200,2835
6227,365,3200,2835
6228,365,3200,2835
6229,365,3200,2835
6230,364,3200,2836
6231,364,3200,2836
6232,364,3200,2836
6233,364,3200,2836
6234,364,3200,2836
6235,364,3200,2836
6236,363,3200,2837
6237,363,3200,2837
6238,363,3200,2837
6239,363,3200,2837
6240,362,3200,2838
6241,361,3200,2839
6242,361,3200,2839
6243,361,3200,2839
6244,361,3200,2839
6245,360,3200,2840
6246,359,3200,2841
6247,359,3200,2841
6248,359,3200,2841
6249,359,3200,2841
6250,359,3200,2841
6251,358,3200,2842
6252,358,3200,2842
6253,358,3200,2842
6254,358,3200,2842
6255,358,3200,2842
6256,357,3200,2843
6257,356,3200,2844
6258,356,3200,2844
6259,356,3200,2844
6260,355,3200,2845
6261,355,3200,2845
6262,355,3200,2845
6263,354,3200,2846
6264,353,3200,2847
6265,353,3200,2847
6266,353,3200,2847
6267,353,3200,2847
6268,352,3200,2848
6269,351,3200,2849
6270,351,3200,2849
6271,351,3200,2849
6272,351,3200,2849
6273,350,3200,2850
6274,350,3200,2850
6275,349,3200,2851
6276,349,3200,2851
6277,349,3200,2851
6278,348,3200,2852
6279,348,3200,2852
6280,347,3200,2853
6281,347,3200,2853
6282,347,3200,2853
6283,347,3200,2853
6284,346,3200,2854
6285,345,3200,2855
6286,345,3200,2855
6287,345,3200,2855
6288,344,3200,2856
6289,343,3200,2857
6290,343,3200,2857
6291,343,3200,2857
6292,342,3200,2858
6293,342,3200,2858
6294,341,3200,2859
6295,341,3200,2859
6296,341,3200,2859
6297,341,3200,2859
6298,340,3200,2860
6299,340,3200,2860
6300,339,3200,2861
6301,339,3200,2861
6302,339,3200,2861
6303,339,3200,2861
6304,338,3200,2862
6305,338,3200,2862
6306,338,3200,2862
6307,338,3200,2862
6308,338,3200,2862
6309,337,3200,2863
6310,337,3200,2863
6311,337,3200,2863
6312,337,3200,2863
6313,337,3200,2863
6314,337,3200,2863
6315,337,3200,2863
6316,336,3200,2864
6317,336,3200,2864
6318,336,3200,2864
6319,336,3200,2864
6320,335,3200,2865
6321,335,3200,2865
6322,335,3200,2865
6323,335,3200,2865
6324,335,3200,2865
6325,335,3200,2865
6326,335,3200,2865
6327,335,3200,2865
6328,335,3200,2865
6329,334,3200,2866
6330,334,3200,2866
6331,334,3200,2866
6332,334,3200,2866
6333,334,3200,2866
6334,333,3200,2867
6335,332,3200,2868
6336,332,3200,2868
6337,332,3200,2868
6338,332,3200,2868
6339,331,3200,2869
6340,330,3200,2870
6341,330,3200,2870
6342,329,3200,2871
6343,329,3200,2871
6344,329,3200,2871
6345,329,3200,2871
6346,329,3200,2871
6347,328,3200,2872
6348,328,3200,2872
6349,328,3200,2872
6350,328,3200,2872
6351,327,3200,2873
6352,326,3200,2874
6353,326,3200,2874
6354,326,3200,2874
6355,326,3200,2874
6356,326,3200,2874
6357,325,3200,2875
6358,325,3200,2875
6359,324,3200,2876
6360,324,3200,2876
6361,324,3200,2876
6362,324,3200,2876
6363,324,3200,2876
6364,324,3200,2876
6365,324,3200,2876
6366,324,3200,2876
6367,324,3200,2876
6368,324,3200,2876
6369,324,3200,2876
6370,324,3200,2876
6371,323,3200,2877
6372,323,3200,2877
6373,323,3200,2877
6374,323,3200,2877
6375,323,3200,2877
6376,323,3200,2877
6377,323,3200,2877
6378,323,3200,2877
6379,323,3200,2877
6380,323,3200,2877
6381,321,3200,2879
6382,321,3200,2879
6383,321,3200,2879
6384,321,3200,2879
6385,321,3200,2879
6386,321,3200,2879
6387,320,3200,2880
6388,319,3200,2881
6389,319,3200,2881
6390,319,3200,2881
6391,318,3200,2882
6392,317,3200,2883
6393,317,3200,2883
6394,317,3200,2883
6395,317,3200,2883
6396,316,3200,2884
6397,316,3200,2884
6398,316,3200,2884
6399,316,3200,2884
6400,315,3200,2885
6401,315,3200,2885
6402,314,3200,2886
6403,314,3200,2886
6404,314,3200,2886
6405,314,3200,2886
6406,314,3200,2886
6407,314,3200,2886
6408,313,3200,2887
6409,312,3200,2888
6410,312,3200,2888
6411,312,3200,2888
6412,311,3200,2889
6413,311,3200,2889
6414,311,3200,2889
6415,311,3200,2889
6416,311,3200,2889
6417,309,3200,2891
6418,309,3200,2891
6419,309,3200,2891
6420,309,3200,2891
6421,309,3200,2891
6422,309,3200,2891
6423,308,3200,2892
6424,307,3200,2893
6425,307,3200,2893
6426,307,3200,2893
6427,307,3200,2893
6428,306,3200,2894
6429,306,3200,2894
6430,305,3200,2895
6431,305,3200,2895
6432,305,3200,2895
6433,304,3200,2896
6434,304,3200,2896
6435,304,3200,2896
6436,303,3200,2897
6437,303,3200,2897
6438,303,3200,2897
6439,303,3200,2897
6440,303,3200,2897
6441,302,3200,2898
6442,301,3200,2899
6443,301,3200,2899
6444,301,3200,2899
6445,301,3200,2899
6446,300,3200,2900
6447,300,3200,2900
6448,300,3200,2900
6449,300,3200,2900
6450,299,3200,2901
6451,299,3200,2901
6452,299,3200,2901
6453,299,3200,2901
6454,299,3200,2901
6455,298,3200,2902
6456,298,3200,2902
6457,298,3200,2902
6458,298,3200,2902
6459,297,3200,2903
6460,297,3200,2903
6461,297,3200,2903
6462,297,3200,2903
6463,297,3200,2903
6464,297,3200,2903
6465,297,3200,2903
6466,296,3200,2904
6467,296,3200,2904
6468,296,3200,2904
6469,296,3200,2904
6470,296,3200,2904
6471,295,3200,2905
6472,295,3200,2905
6473,295,3200,2905
6474,295,3200,2905
6475,294,3200,2906
6476,294,3200,2906
6477,294,3200,2906
6478,293,3200,2907
6479,293,3200,2907
6480,293,3200,2907
6481,293,3200,2907
6482,293,3200,2907
6483,293,3200,2907
6484,293,3200,2907
6485,292,3200,2908
6486,292,3200,2908
6487,291,3200,2909
6488,291,3200,2909
6489,291,3200,2909
6490,290,3200,2910
6491,290,3200,2910
6492,289,3200,2911
6493,289,3200,2911
6494,289,3200,2911
6495,289,3200,2911
6496,288,3200,2912
6497,288,3200,2912
6498,288,3200,2912
6499,288,3200,2912
6500,287,3200,2913
6501,287,3200,2913
6502,287,3200,2913
6503,287,3200,2913
6504,287,3200,2913
6505,287,3200,2913
6506,287,3200,2913
6507,287,3200,2913
6508,287,3200,2913
6509,285,3200,2915
6510,285,3200,2915
6511,285,3200,2915
6512,285,3200,2915
6513,285,3200,2915
6514,284,3200,2916
6515,283,3200,2917
6516,283,3200,2917
6517,283,3200,2917
6518,283,3200,2917
6519,282,3200,2918
6520,281,3200,2919
6521,281,3200,2919
6522,281,3200,2919
6523,280,3200,2920
6524,280,3200,2920
6525,280,3200,2920
6526,278,3200,2922
6527,278,3200,2922
6528,278,3200,2922
6529,277,3200,2923
6530,277,3200,2923
6531,276,3200,2924
6532,276,3200,2924
6533,276,3200,2924
6534,275,3200,2925
6535,274,3200,2926
6536,274,3200,2926
6537,274,3200,2926
6538,273,3200,2927
6539,272,3200,2928
6540,272,3200,2928
6541,272,3200,2928
6542,271,3200,2929
6543,271,3200,2929
6544,270,3200,2930
6545,270,3200,2930
6546,270,3200,2930
6547,270,3200,2930
6548,268,3200,2932
6549,268,3200,2932
6550,268,3200,2932
6551,267,3200,2933
6552,267,3200,2933
6553,267,3200,2933
6554,265,3200,2935
6555,265,3200,2935
6556,265,3200,2935
6557,265,3200,2935
6558,265,3200,2935
6559,263,3200,2937
6560,263,3200,2937
6561,263,3200,2937
6562,263,3200,2937
6563,263,3200,2937
6564,263,3200,2937
6565,262,3200,2938
6566,262,3200,2938
6567,262,3200,2938
6568,261,3200,2939
6569,261,3200,2939
6570,261,3200,2939
6571,260,3200,2940
6572,260,3200,2940
6573,259,3200,2941
6574,259,3200,2941
6575,259,3200,2941
6576,259,3200,2941
6577,257,3200,2943
6578,257,3200,2943
6579,257,3200,2943
6580,256,3200,2944
6581,256,3200,2944
6582,255,3200,2945
6583,254,3200,2946
6584,254,3200,2946
6585,254,3200,2946
6586,254,3200,2946
6587,253,3200,2947
6588,252,3200,2948
6589,252,3200,2948
6590,252,3200,2948
6591,251,3200,2949
6592,250,3200,2950
6593,250,3200,2950
6594,250,3200,2950
6595,248,3200,2952
6596,248,3200,2952
6597,248,3200,2952
6598,248,3200,2952
6599,247,3200,2953
6600,247,3200,2953
6601,246,3200,2954
6602,246,3200,2954
6603,245,3200,2955
6604,245,3200,2955
6605,245,3200,2955
6606,244,3200,2956
6607,244,3200,2956
6608,243,3200,2957
6609,242,3200,2958
6610,242,3200,2958
6611,242,3200,2958
6612,242,3200,2958
6613,241,3200,2959
6614,240,3200,2960
6615,240,3200,2960
6616,240,3200,2960
6617,239,3200,2961
6618,238,3200,2962
6619,238,3200,2962
6620,238,3200,2962
6621,238,3200,2962
6622,238,3200,2962
6623,237,3200,2963
6624,236,3200,2964
6625,236,3200,2964
6626,236,3200,2964
6627,236,3200,2964
6628,236,3200,2964
6629,235,3200,2965
6630,234,3200,2966
6631,234,3200,2966
6632,234,3200,2966
6633,233,3200,2967
6634,233,3200,2967
6635,230,3200,2970
6636,230,3200,2970
6637,230,3200,2970
6638,230,3200,2970
6639,230,3200,2970
6640,229,3200,2971
6641,228,3200,2972
6642,228,3200,2972
6643,228,3200,2972
6644,228,3200,2972
6645,227,3200,2973
6646,227,3200,2973
6647,226,3200,2974
6648,226,3200,2974
6649,226,3200,2974
6650,225,3200,2975
6651,225,3200,2975
6652,224,3200,2976
6653,224,3200,2976
6654,224,3200,2976
6655,224,3200,2976
6656,223,3200,2977
6657,222,3200,2978
6658,222,3200,2978
6659,221,3200,2979
6660,221,3200,2979
6661,220,3200,2980
6662,220,3200,2980
6663,219,3200,2981
6664,218,3200,2982
6665,218,3200,2982
6666,218,3200,2982
6667,217,3200,2983
6668,217,3200,2983
6669,217,3200,2983
6670,217,3200,2983
6671,215,3200,2985
6672,215,3200,2985
6673,214,3200,2986
6674,213,3200,2987
6675,213,3200,2987
6676,212,3200,2988
6677,211,3200,2989
6678,211,3200,2989
6679,211,3200,2989
6680,211,3200,2989
6681,210,3200,2990
6682,210,3200,2990
6683,210,3200,2990
6684,210,3200,2990
6685,210,3200,2990
6686,210,3200,2990
6687,210,3200,2990
6688,209,3200,2991
6689,209,3200,2991
6690,209,3200,2991
6691,206,3200,2994
6692,206,3200,2994
6693,206,3200,2994
6694,206,3200,2994
6695,206,3200,2994
6696,203,3200,2997
6697,203,3200,2997
6698,203,3200,2997
6699,203,3200,2997
6700,202,3200,2998
6701,202,3200,2998
6702,201,3200,2999
6703,200,3200,3000
6704,200,3200,3000
6705,200,3200,3000
6706,200,3200,3000
6707,200,3200,3000
6708,198,3200,3002
6709,198,3200,3002
6710,198,3200,3002
6711,197,3200,3003
6712,196,3200,3004
6713,196,3200,3004
6714,196,3200,3004
6715,196,3200,3004
6716,194,3200,3006
6717,194,3200,3006
6718,194,3200,3006
6719,191,3200,3009
6720,190,3200,3010
6721,190,3200,3010
6722,190,3200,3010
6723,190,3200,3010
6724,190,3200,3010
6725,189,3200,3011
6726,187,3200,3013
6727,186,3200,3014
6728,185,3200,3015
6729,185,3200,3015
6730,185,3200,3015
6731,184,3200,3016
6732,184,3200,3016
6733,182,3200,3018
6734,181,3200,3019
6735,181,3200,3019
6736,180,3200,3020
6737,179,3200,3021
6738,179,3200,3021
6739,178,3200,3022
6740,177,3200,3023
6741,177,3200,3023
6742,176,3200,3024
6743,174,3200,3026
6744,174,3200,3026
6745,174,3200,3026
6746,174,3200,3026
6747,174,3200,3026
6748,172,3200,3028
6749,171,3200,3029
6750,171,3200,3029
6751,170,3200,3030
6752,169,3200,3031
6753,169,3200,3031
6754,169,3200,3031
6755,168,3200,3032
6756,168,3200,3032
6757,167,3200,3033
6758,167,3200,3033
6759,166,3200,3034
6760,165,3200,3035
6761,163,3200,3037
6762,163,3200,3037
6763,163,3200,3037
6764,163,3200,3037
6765,163,3200,3037
6766,163,3200,3037
6767,162,3200,3038
6768,162,3200,3038
6769,160,3200,3040
6770,160,3200,3040
6771,159,3200,3041
6772,159,3200,3041
6773,158,3200,3042
6774,157,3200,3043
6775,156,3200,3044
6776,156,3200,3044
6777,155,3200,3045
6778,154,3200,3046
6779,154,3200,3046
6780,154,3200,3046
6781,154,3200,3046
6782,153,3200,3047
6783,153,3200,3047
6784,152,3200,3048
6785,151,3200,3049
6786,150,3200,3050
6787,149,3200,3051
6788,148,3200,3052
6789,147,3200,3053
6790,147,3200,3053
6791,147,3200,3053
6792,147,3200,3053
6793,145,3200,3055
6794,145,3200,3055
6795,145,3200,3055
6796,144,3200,3056
6797,144,3200,3056
6798,142,3200,3058
6799,142,3200,3058
6800,140,3200,3060
6801,140,3200,3060
6802,140,3200,3060
6803,138,3200,3062
6804,138,3200,3062
6805,138,3200,3062
6806,136,3200,3064
6807,135,3200,3065
6808,135,3200,3065
6809,135,3200,3065
6810,134,3200,3066
6811,134,3200,3066
6812,133,3200,3067
6813,132,3200,3068
6814,132,3200,3068
6815,131,3200,3069
6816,131,3200,3069
6817,130,3200,3070
6818,129,3200,3071
6819,128,3200,3072
6820,128,3200,3072
6821,128,3200,3072
6822,128,3200,3072
6823,128,3200,3072
6824,127,3200,3073
6825,126,3200,3074
6826,126,3200,3074
6827,126,3200,3074
6828,126,3200,3074
6829,125,3200,3075
6830,124,3200,3076
6831,123,3200,3077
6832,122,3200,3078
6833,122,3200,3078
6834,121,3200,3079
6835,120,3200,3080
6836,120,3200,3080
6837,120,3200,3080
6838,120,3200,3080
6839,120,3200,3080
6840,120,3200,3080
6841,119,3200,3081
6842,119,3200,3081
6843,119,3200,3081
6844,117,3200,3083
6845,117,3200,3083
6846,116,3200,3084
6847,116,3200,3084
6848,115,3200,3085
6849,115,3200,3085
6850,114,3200,3086
6851,113,3200,3087
6852,113,3200,3087
6853,113,3200,3087
6854,112,3200,3088
6855,111,3200,3089
6856,111,3200,3089
6857,111,3200,3089
6858,111,3200,3089
6859,111,3200,3089
6860,109,3200,3091
6861,109,3200,3091
6862,109,3200,3091
6863,109,3200,3091
6864,108,3200,3092
6865,107,3200,3093
6866,107,3200,3093
6867,107,3200,3093
6868,107,3200,3093
6869,106,3200,3094
6870,105,3200,3095
6871,105,3200,3095
6872,104,3200,3096
6873,104,3200,3096
6874,102,3200,3098
6875,101,3200,3099
6876,101,3200,3099
6877,101,3200,3099
6878,99,3200,3101
6879,99,3200,3101
6880,99,3200,3101
6881,99,3200,3101
6882,99,3200,3101
6883,98,3200,3102
6884,98,3200,3102
6885,98,3200,3102
6886,98,3200,3102
6887,98,3200,3102
6888,96,3200,3104
6889,96,3200,3104
6890,95,3200,3105
6891,94,3200,3106
6892,94,3200,3106
6893,93,3200,3107
6894,93,3200,3107
6895,93,3200,3107
6896,92,3200,3108
6897,92,3200,3108
6898,92,3200,3108
6899,92,3200,3108
6900,91,3200,3109
6901,91,3200,3109
6902,90,3200,3110
6903,90,3200,3110
6904,90,3200,3110
6905,90,3200,3110
6906,90,3200,3110
6907,89,3200,3111
6908,88,3200,3112
6909,88,3200,3112
6910,87,3200,3113
6911,87,3200,3113
6912,86,3200,3114
6913,86,3200,3114
6914,86,3200,3114
6915,86,3200,3114
6916,85,3200,3115
6917,85,3200,3115
6918,83,3200,3117
6919,83,3200,3117
6920,82,3200,3118
6921,82,3200,3118
6922,82,3200,3118
6923,81,3200,3119
6924,81,3200,3119
6925,80,3200,3120
6926,80,3200,3120
6927,80,3200,3120
6928,79,3200,3121
6929,79,3200,3121
6930,77,3200,3123
6931,76,3200,3124
6932,76,3200,3124
6933,76,3200,3124
6934,76,3200,3124
6935,75,3200,3125
6936,75,3200,3125
6937,75,3200,3125
6938,75,3200,3125
6939,73,3200,3127
6940,73,3200,3127
6941,72,3200,3128
6942,72,3200,3128
6943,71,3200,3129
6944,70,3200,3130
6945,70,3200,3130
6946,69,3200,3131
6947,69,3200,3131
6948,68,3200,3132
6949,68,3200,3132
6950,67,3200,3133
6951,67,3200,3133
6952,67,3200,3133
6953,67,3200,3133
6954,67,3200,3133
6955,67,3200,3133
6956,66,3200,3134
6957,66,3200,3134
6958,66,3200,3134
6959,65,3200,3135
6960,65,3200,3135
6961,65,3200,3135
6962,64,3200,3136
6963,63,3200,3137
6964,63,3200,3137
6965,63,3200,3137
6966,63,3200,3137
6967,62,3200,3138
6968,62,3200,3138
6969,62,3200,3138
6970,61,3200,3139
6971,60,3200,3140
6972,59,3200,3141
6973,59,3200,3141
6974,59,3200,3141
6975,58,3200,3142
6976,58,3200,3142
6977,58,3200,3142
6978,57,3200,3143
6979,57,3200,3143
6980,57,3200,3143
6981,56,3200,3144
6982,56,3200,3144
6983,56,3200,3144
6984,56,3200,3144
6985,55,3200,3145
6986,55,3200,3145
6987,55,3200,3145
6988,54,3200,3146
6989,54,3200,3146
6990,54,3200,3146
6991,54,3200,3146
6992,54,3200,3146
6993,54,3200,3146
6994,54,3200,3146
6995,53,3200,3147
6996,52,3200,3148
6997,52,3200,3148
6998,52,3200,3148
6999,52,3200,3148
7000,51,3200,3149
7001,51,3200,3149
7002,50,3200,3150
7003,50,3200,3150
7004,49,3200,3151
7005,49,3200,3151
7006,48,3200,3152
7007,48,3200,3152
7008,48,3200,3152
7009,48,3200,3152
7010,48,3200,3152
7011,47,3200,3153
7012,47,3200,3153
7013,46,3200,3154
7014,46,3200,3154
7015,46,3200,3154
7016,46,3200,3154
7017,45,3200,3155
7018,45,3200,3155
7019,45,3200,3155
7020,45,3200,3155
7021,45,3200,3155
7022,44,3200,3156
7023,44,3200,3156
7024,44,3200,3156
7025,43,3200,3157
7026,43,3200,3157
7027,43,3200,3157
7028,42,3200,3158
7029,42,3200,3158
7030,42,3200,3158
7031,42,3200,3158
7032,42,3200,3158
7033,42,3200,3158
7034,42,3200,3158
7035,42,3200,3158
7036,42,3200,3158
7037,42,3200,3158
7038,42,3200,3158
7039,42,3200,3158
7040,41,3200,3159
7041,41,3200,3159
7042,41,3200,3159
7043,41,3200,3159
7044,41,3200,3159
7045,41,3200,3159
7046,41,3200,3159
7047,41,3200,3159
7048,41,3200,3159
7049,41,3200,3159
7050,41,3200,3159
7051,41,3200,3159
7052,41,3200,3159
7053,41,3200,3159
7054,41,3200,3159
7055,41,3200,3159
7056,41,3200,3159
7057,41,3200,3159
7058,41,3200,3159
7059,41,3200,3159
7060,41,3200,3159
7061,41,3200,3159
7062,41,3200,3159
7063,40,3200,3160
7064,40,3200,3160
7065,40,3200,3160
7066,40,3200,3160
7067,40,3200,3160
7068,40,3200,3160
7069,40,3200,3160
7070,40,3200,3160
7071,40,3200,3160
7072,40,3200,3160
7073,40,3200,3160
7074,40,3200,3160
7075,40,3200,3160
7076,40,3200,3160
7077,40,3200,3160
7078,40,3200,3160
7079,40,3200,3160
7080,40,3200,3160
7081,40,3200,3160
7082,40,3200,3160
7083,40,3200,3160
7084,40,3200,3160
7085,40,3200,3160
7086,40,3200,3160
7087,40,3200,3160
7088,40,3200,3160
7089,40,3200,3160
7090,40,3200,3160
7091,40,3200,3160
7092,40,3200,3160
7093,40,3200,3160
7094,40,3200,3160
7095,40,3200,3160
7096,40,3200,3160
7097,40,3200,3160
7098,40,3200,3160
7099,40,3200,3160
7100,40,3200,3160
7101,40,3200,3160
7102,40,3200,3160
7103,40,3200,3160
7104,40,3200,3160
7105,40,3200,3160
7106,40,3200,3160
7107,40,3200,3160
7108,39,3200,3161
7109,39,3200,3161
7110,39,3200,3161
7111,39,3200,3161
7112,39,3200,3161
7113,39,3200,3161
7114,38,3200,3162
7115,38,3200,3162
7116,38,3200,3162
7117,38,3200,3162
7118,38,3200,3162
7119,38,3200,3162
7120,38,3200,3162
7121,38,3200,3162
7122,38,3200,3162
7123,38,3200,3162
7124,38,3200,3162
7125,38,3200,3162
7126,38,3200,3162
7127,38,3200,3162
7128,38,3200,3162
7129,38,3200,3162
7130,38,3200,3162
7131,38,3200,3162
7132,38,3200,3162
7133,38,3200,3162
7134,38,3200,3162
7135,38,3200,3162
7136,38,3200,3162
7137,38,3200,3162
7138,38,3200,3162
7139,38,3200,3162
7140,38,3200,3162
7141,38,3200,3162
7142,38,3200,3162
7143,38,3200,3162
7144,38,3200,3162
7145,38,3200,3162
7146,38,3200,3162
7147,38,3200,3162
7148,38,3200,3162
7149,38,3200,3162
7150,38,3200,3162
7151,38,3200,3162
7152,38,3200,3162
7153,38,3200,3162
7154,38,3200,3162
7155,38,3200,3162
7156,38,3200,3162
7157,38,3200,3162
7158,38,3200,3162
7159,38,3200,3162
7160,38,3200,3162
7161,38,3200,3162
7162,38,3200,3162
7163,38,3200,3162
7164,38,3200,3162
7165,38,3200,3162
7166,38,3200,3162
7167,38,3200,3162
7168,38,3200,3162
7169,38,3200,3162
7170,37,3200,3163
7171,37,3200,3163
7172,37,3200,3163
7173,37,3200,3163
7174,37,3200,3163
7175,37,3200,3163
7176,37,3200,3163
7177,37,3200,3163
7178,37,3200,3163
7179,37,3200,3163
7180,37,3200,3163
7181,37,3200,3163
7182,37,3200,3163
7183,37,3200,3163
7184,37,3200,3163
7185,37,3200,3163
7186,37,3200,3163
7187,37,3200,3163
7188,37,3200,3163
7189,37,3200,3163
7190,37,3200,3163
7191,37,3200,3163
7192,37,3200,3163
7193,37,3200,3163
7194,37,3200,3163
7195,37,3200,3163
7196,37,3200,3163
7197,37,3200,3163
7198,37,3200,3163
7199,37,3200,3163
7200,37,3200,3163
7201,37,3200,3163
7202,37,3200,3163
7203,36,3200,3164
7204,36,3200,3164
7205,36,3200,3164
7206,36,3200,3164
7207,36,3200,3164
7208,36,3200,3164
7209,36,3200,3164
7210,36,3200,3164
7211,35,3200,3165
7212,35,3200,3165
7213,35,3200,3165
7214,35,3200,3165
7215,35,3200,3165
7216,35,3200,3165
7217,35,3200,3165
7218,35,3200,3165
7219,35,3200,3165
7220,35,3200,3165
7221,35,3200,3165
7222,35,3200,3165
7223,34,3200,3166
7224,34,3200,3166
7225,34,3200,3166
7226,34,3200,3166
7227,34,3200,3166
7228,33,3200,3167
7229,33,3200,3167
7230,33,3200,3167
7231,33,3200,3167
7232,33,3200,3167
7233,33,3200,3167
7234,33,3200,3167
7235,33,3200,3167
7236,33,3200,3167
7237,33,3200,3167
7238,33,3200,3167
7239,33,3200,3167
7240,33,3200,3167
7241,33,3200,3167
7242,32,3200,3168
7243,32,3200,3168
7244,32,3200,3168
7245,32,3200,3168
7246,32,3200,3168
7247,32,3200,3168
7248,32,3200,3168
7249,31,3200,3169
7250,31,3200,3169
7251,30,3200,3170
7252,30,3200,3170
7253,30,3200,3170
7254,30,3200,3170
7255,30,3200,3170
7256,30,3200,3170
7257,30,3200,3170
7258,30,3200,3170
7259,30,3200,3170
7260,30,3200,3170
7261,30,3200,3170
7262,30,3200,3170
7263,30,3200,3170
7264,30,3200,3170
7265,30,3200,3170
7266,29,3200,3171
7267,29,3200,3171
7268,29,3200,3171
7269,29,3200,3171
7270,29,3200,3171
7271,29,3200,3171
7272,29,3200,3171
7273,29,3200,3171
7274,29,3200,3171
7275,29,3200,3171
7276,29,3200,3171
7277,29,3200,3171
7278,29,3200,3171
7279,28,3200,3172
7280,28,3200,3172
7281,28,3200,3172
7282,28,3200,3172
7283,28,3200,3172
7284,28,3200,3172
7285,28,3200,3172
7286,28,3200,3172
7287,28,3200,3172
7288,28,3200,3172
7289,28,3200,3172
7290,27,3200,3173
7291,27,3200,3173
7292,27,3200,3173
7293,27,3200,3173
7294,27,3200,3173
7295,27,3200,3173
7296,27,3200,3173
7297,26,3200,3174
7298,26,3200,3174
7299,26,3200,3174
7300,26,3200,3174
7301,26,3200,3174
7302,26,3200,3174
7303,26,3200,3174
7304,26,3200,3174
7305,26,3200,3174
7306,26,3200,3174
7307,26,3200,3174
7308,26,3200,3174
7309,26,3200,3174
7310,26,3200,3174
7311,26,3200,3174
7312,26,3200,3174
7313,26,3200,3174
7314,25,3200,3175
7315,25,3200,3175
7316,25,3200,3175
7317,25,3200,3175
7318,25,3200,3175
7319,24,3200,3176
7320,24,3200,3176
7321,24,3200,3176
7322,24,3200,3176
7323,24,3200,3176
7324,24,3200,3176
7325,24,3200,3176
7326,24,3200,3176
7327,23,3200,3177
7328,23,3200,3177
7329,23,3200,3177
7330,22,3200,3178
7331,22,3200,3178
7332,22,3200,3178
7333,22,3200,3178
7334,22,3200,3178
7335,22,3200,3178
7336,21,3200,3179
7337,21,3200,3179
7338,21,3200,3179
7339,21,3200,3179
7340,21,3200,3179
7341,21,3200,3179
7342,21,3200,3179
7343,21,3200,3179
7344,21,3200,3179
7345,21,3200,3179
7346,21,3200,3179
7347,21,3200,3179
7348,21,3200,3179
7349,21,3200,3179
7350,21,3200,3179
7351,21,3200,3179
7352,21,3200,3179
7353,21,3200,3179
7354,21,3200,3179
7355,21,3200,3179
7356,21,3200,3179
7357,21,3200,3179
7358,20,3200,3180
7359,20,3200,3180
7360,20,3200,3180
7361,20,3200,3180
7362,20,3200,3180
7363,20,3200,3180
7364,19,3200,3181
7365,19,3200,3181
7366,19,3200,3181
7367,19,3200,3181
7368,19,3200,3181
7369,19,3200,3181
7370,19,3200,3181
7371,19,3200,3181
7372,19,3200,3181
7373,19,3200,3181
7374,19,3200,3181
7375,19,3200,3181
7376,19,3200,3181
7377,18,3200,3182
7378,18,3200,3182
7379,18,3200,3182
7380,18,3200,3182
7381,18,3200,3182
7382,18,3200,3182
7383,18,3200,3182
7384,17,3200,3183
7385,17,3200,3183
7386,17,3200,3183
7387,17,3200,3183
7388,17,3200,3183
7389,17,3200,3183
7390,16,3200,3184
7391,16,3200,3184
7392,16,3200,3184
7393,16,3200,3184
7394,16,3200,3184
7395,15,3200,3185
7396,15,3200,3185
7397,15,3200,3185
7398,15,3200,3185
7399,15,3200,3185
7400,15,3200,3185
7401,15,3200,3185
7402,14,3200,3186
7403,14,3200,3186
7404,14,3200,3186
7405,14,3200,3186
7406,14,3200,3186
7407,14,3200,3186
7408,13,3200,3187
7409,13,3200,3187
7410,13,3200,3187
7411,13,3200,3187
7412,13,3200,3187
7413,13,3200,3187
7414,12,3200,3188
7415,12,3200,3188
7416,12,3200,3188
7417,12,3200,3188
7418,12,3200,3188
7419,12,3200,3188
7420,11,3200,3189
7421,11,3200,3189
7422,11,3200,3189
7423,11,3200,3189
7424,11,3200,3189
7425,10,3200,3190
7426,10,3200,3190
7427,10,3200,3190
7428,10,3200,3190
7429,9,3200,3191
7430,9,3200,3191
7431,9,3200,3191
7432,9,3200,3191
7433,8,3200,3192
7434,8,3200,3192
7435,7,3200,3193
7436,7,3200,3193
7437,7,3200,3193
7438,7,3200,3193
7439,6,3200,3194
7440,6,3200,3194
7441,5,3200,3195
7442,5,3200,3195
7443,5,3200,3195
7444,5,3200,3195
7445,4,3200,3196
7446,4,3200,3196
7447,3,3200,3197
7448,3,3200,3197
7449,3,3200,3197
7450,3,3200,3197
7451,3,3200,3197
7452,3,3200,3197
7453,3,3200,3197
7454,3,3200,3197
7455,2,3200,3198
7456,2,3200,3198
7457,2,3200,3198
7458,2,3200,3198
7459,2,3200,3198
7460,2,3200,3198
7461,1,3200,3199
7462,1,3200,3199
7463,1,3200,3199
7464,1,3200,3199
7465,1,3200,3199
7466,0,3200,3200
7467,0,3200,3200
7468,0,3200,3200
7469,0,3200,3200
7470,0,3200,3200
7471,0,3200,3200
7472,0,3200,3200
7473,0,3200,3200
7474,0,3200,3200
7475,0,3200,3200
7476,0,3200,3200
7477,0,3200,3200
7478,0,3200,3200
7479,0,3200,3200
7480,0,3200,3200
7481,0,3200,3200
7482,0,3200,3200
7483,0,3200,3200
7484,0,3200,3200
7485,0,3200,3200
7486,0,3200,3200
7487,0,3200,3200
7488,0,3200,3200
7489,0,3200,3200
7490,0,3200,3200
7491,0,3200,3200
7492,0,3200,3200
7493,0,3200,3200
7494,0,3200,3200
7495,0,3200,3200
7496,0,3200,3200
7497,0,3200,3200
7498,0,3200,3200
7499,0,3200,3200
7500,0,3200,3200
7501,0,3200,3200
7502,0,3200,3200
7503,0,3200,3200
7504,0,3200,3200
7505,0,3200,3200
7506,0,3200,3200
7507,0,3200,3200
7508,0,3200,3200
7509,0,3200,3200
7510,0,3200,3200
7511,0,3200,3200
7512,0,3200,3200
7513,0,3200,3200
7514,0,3200,3200
7515,0,3200,3200
7516,0,3200,3200
7517,0,3200,3200
7518,0,3200,3200
7519,0,3200,3200
7520,0,3200,3200
7521,0,3200,3200
7522,0,3200,3200
7523,0,3200,3200
7524,0,3200,3200
7525,0,3200,3200
7526,0,3200,3200
7527,0,3200,3200
7528,0,3200,3200
7529,0,3200,3200
7530,0,3200,3200
7531,0,3200,3200
7532,0,3200,3200
7533,0,3200,3200
7534,0,3200,3200
7535,0,3200,3200
7536,0,3200,3200
7537,0,3200,3200
7538,0,3200,3200
7539,0,3200,3200
7540,0,3200,3200
7541,0,3200,3200
7542,0,3200,3200
7543,0,3200,3200
7544,0,3200,3200
7545,0,3200,3200
7546,0,3200,3200
7547,0,3200,3200
7548,0,3200,3200
7549,0,3200,3200
7550,0,3200,3200
7551,0,3200,3200
7552,0,3200,3200
7553,0,3200,3200
7554,0,3200,3200
7555,0,3200,3200
7556,0,3200,3200
7557,0,3200,3200
7558,0,3200,3200
7559,0,3200,3200
7560,0,3200,3200
7561,0,3200,3200
7562,0,3200,3200
7563,0,3200,3200
7564,0,3200,3200
7565,0,3200,3200
7566,0,3200,3200
7567,0,3200,3200
7568,0,3200,3200
7569,0,3200,3200
7570,0,3200,3200
7571,0,3200,3200
7572,0,3200,3200
7573,0,3200,3200
7574,0,3200,3200
7575,0,3200,3200
7576,0,3200,3200
7577,0,3200,3200
7578,0,3200,3200
7579,0,3200,3200
7580,0,3200,3200
7581,0,3200,3200
7582,0,3200,3200
7583,0,3200,3200
7584,0,3200,3200
7585,0,3200,3200
7586,0,3200,3200
7587,0,3200,3200
7588,0,3200,3200
7589,0,3200,3200
7590,0,3200,3200
7591,0,3200,3200
7592,0,3200,3200
7593,0,3200,3200
7594,0,3200,3200
7595,0,3200,3200
7596,0,3200,3200
7597,0,3200,3200
7598,0,3200,3200
7599,0,3200,3200
7600,0,3200,3200
7601,0,3200,3200
7602,0,3200,3200
7603,0,3200,3200
7604,0,3200,3200
7605,0,3200,3200
7606,0,3200,3200
7607,0,3200,3200
7608,0,3200,3200
7609,0,3200,3200
7610,0,3200,3200
7611,0,3200,3200
7612,0,3200,3200
7613,0,3200,3200
7614,0,3200,3200
7615,0,3200,3200
7616,0,3200,3200
7617,0,3200,3200
7618,0,3200,3200
7619,0,3200,3200
7620,0,3200,3200
7621,0,3200,3200
7622,0,3200,3200
7623,0,3200,3200
7624,0,3200,3200
7625,0,3200,3200
7626,0,3200,3200
7627,0,3200,3200
7628,0,3200,3200
7629,0,3200,3200
7630,0,3200,3200
7631,0,3200,3200
7632,0,3200,3200
7633,0,3200,3200
7634,0,3200,3200
7635,0,3200,3200
7636,0,3200,3200
7637,0,3200,3200
7638,0,3200,3200
7639,0,3200,3200
7640,0,3200,3200
7641,0,3200,3200
7642,0,3200,3200
7643,0,3200,3200
7644,0,3200,3200
7645,0,3200,3200
7646,0,3200,3200
7647,0,3200,3200
7648,0,3200,3200
7649,0,3200,3200
7650,0,3200,3200
7651,0,3200,3200
7652,0,3200,3200
7653,0,3200,3200
7654,0,3200,3200
7655,0,3200,3200
7656,0,3200,3200
7657,0,3200,3200
7658,0,3200,3200
7659,0,3200,3200
7660,0,3200,3200
7661,0,3200,3200
7662,0,3200,3200
7663,0,3200,3200
7664,0,3200,3200
7665,0,3200,3200
7666,0,3200,3200
7667,0,3200,3200
7668,0,3200,3200
7669,0,3200,3200
7670,0,3200,3200
7671,0,3200,3200
7672,0,3200,3200
7673,0,3200,3200
7674,0,3200,3200
7675,0,3200,3200
7676,0,3200,3200
7677,0,3200,3200
7678,0,3200,3200
7679,0,3200,3200
7680,0,3200,3200
7681,0,3200,3200
7682,0,3200,3200
7683,0,3200,3200
7684,0,3200,3200
7685,0,3200,3200
7686,0,3200,3200
7687,0,3200,3200
7688,0,3200,3200
7689,0,3200,3200
7690,0,3200,3200
7691,0,3200,3200
7692,0,3200,3200
7693,0,3200,3200
7694,0,3200,3200
7695,0,3200,3200
7696,0,3200,3200
7697,0,3200,3200
7698,0,3200,3200
7699,0,3200,3200
7700,0,3200,3200
7701,0,3200,3200
7702,0,3200,3200
7703,0,3200,3200
7704,0,3200,3200
7705,0,3200,3200
7706,0,3200,3200
7707,0,3200,3200
7708,0,3200,3200
7709,0,3200,3200
7710,0,3200,3200
7711,0,3200,3200
7712,0,3200,3200
7713,0,3200,3200
7714,0,3200,3200
7715,0,3200,3200
7716,0,3200,3200
7717,0,3200,3200
7718,0,3200,3200
7719,0,3200,3200
7720,0,3200,3200
7721,0,3200,3200
7722,0,3200,3200
7723,0,3200,3200
7724,0,3200,3200
7725,0,3200,3200
7726,0,3200,3200
7727,0,3200,3200
7728,0,3200,3200
7729,0,3200,3200
7730,0,3200,3200
7731,0,3200,3200
7732,0,3200,3200
7733,0,3200,3200
7734,0,3200,3200
7735,0,3200,3200
7736,0,3200,3200
7737,0,3200,3200
7738,0,3200,3200
7739,0,3200,3200
7740,0,3200,3200
7741,0,3200,3200
7742,0,3200,3200
7743,0,3200,3200
7744,0,3200,3200
7745,0,3200,3200
7746,0,3200,3200
7747,0,3200,3200
7748,0,3200,3200
7749,0,3200,3200
7750,0,3200,3200
7751,0,3200,3200
7752,0,3200,3200
7753,0,3200,3200
7754,0,3200,3200
7755,0,3200,3200
7756,0,3200,3200
7757,0,3200,3200
7758,0,3200,3200
7759,0,3200,3200
7760,0,3200,3200
7761,0,3200,3200
7762,0,3200,3200
7763,0,3200,3200
7764,0,3200,3200
7765,0,3200,3200
7766,0,3200,3200
7767,0,3200,3200
7768,0,3200,3200
7769,0,3200,3200
7770,0,3200,3200
7771,0,3200,3200
7772,0,3200,3200
7773,0,3200,3200
7774,0,3200,3200
7775,0,3200,3200
7776,0,3200,3200
7777,0,3200,3200
7778,0,3200,3200
7779,0,3200,3200
7780,0,3200,3200
7781,0,3200,3200
7782,0,3200,3200
7783,0,3200,3200
7784,0,3200,3200
7785,0,3200,3200
7786,0,3200,3200
7787,0,3200,3200
7788,0,3200,3200
7789,0,3200,3200
7790,0,3200,3200
7791,0,3200,3200
7792,0,3200,3200
7793,0,3200,3200
7794,0,3200,3200
7795,0,3200,3200
7796,0,3200,3200
7797,0,3200,3200
7798,0,3200,3200
7799,0,3200,3200
7800,0,3200,3200
7801,0,3200,3200
7802,0,3200,3200
7803,0,3200,3200
7804,0,3200,3200
7805,0,3200,3200
7806,0,3200,3200
7807,0,3200,3200
7808,0,3200,3200
7809,0,3200,3200
7810,0,3200,3200
7811,0,3200,3200
7812,0,3200,3200
7813,0,3200,3200
7814,0,3200,3200
7815,0,3200,3200
7816,0,3200,3200
7817,0,3200,3200
7818,0,3200,3200
7819,0,3200,3200
7820,0,3200,3200
7821,0,3200,3200
7822,0,3200,3200
7823,0,3200,3200
7824,0,3200,3200
7825,0,3200,3200
7826,0,3200,3200
7827,0,3200,3200
7828,0,3200,3200
7829,0,3200,3200
7830,0,3200,3200
7831,0,3200,3200
7832,0,3200,3200
7833,0,3200,3200
7834,0,3200,3200
7835,0,3200,3200
7836,0,3200,3200
7837,0,3200,3200
7838,0,3200,3200
7839,0,3200,3200
7840,0,3200,3200
7841,0,3200,3200
7842,0,3200,3200
7843,0,3200,3200
7844,0,3200,3200
7845,0,3200,3200
7846,0,3200,3200
7847,0,3200,3200
7848,0,3200,3200
7849,0,3200,3200
7850,0,3200,3200
7851,0,3200,3200
7852,0,3200,3200
7853,0,3200,3200
7854,0,3200,3200
7855,0,3200,3200
7856,0,3200,3200
7857,0,3200,3200
7858,0,3200,3200
7859,0,3200,3200
7860,0,3200,3200
7861,0,3200,3200
7862,0,3200,3200
7863,0,3200,3200
7864,0,3200,3200
7865,0,3200,3200
7866,0,3200,3200
7867,0,3200,3200
7868,0,3200,3200
7869,0,3200,3200
7870,0,3200,3200
7871,0,3200,3200
7872,0,3200,3200
7873,0,3200,3200
7874,0,3200,3200
7875,0,3200,3200
7876,0,3200,3200
7877,0,3200,3200
7878,0,3200,3200
7879,0,3200,3200
7880,0,3200,3200
7881,0,3200,3200
7882,0,3200,3200
7883,0,3200,3200
7884,0,3200,3200
7885,0,3200,3200
7886,0,3200,3200
7887,0,3200,3200
7888,0,3200,3200
7889,0,3200,3200
7890,0,3200,3200
7891,0,3200,3200
7892,0,3200,3200
7893,0,3200,3200
7894,0,3200,3200
7895,0,3200,3200
7896,0,3200,3200
7897,0,3200,3200
7898,0,3200,3200
7899,0,3200,3200
7900,0,3200,3200
7901,0,3200,3200
7902,0,3200,3200
7903,0,3200,3200
7904,0,3200,3200
7905,0,3200,3200
7906,0,3200,3200
7907,0,3200,3200
7908,0,3200,3200
7909,0,3200,3200
7910,0,3200,3200
7911,0,3200,3200
7912,0,3200,3200
7913,0,3200,3200
7914,0,3200,3200
7915,0,3200,3200
7916,0,3200,3200
7917,0,3200,3200
7918,0,3200,3200
7919,0,3200,3200
7920,0,3200,3200
7921,0,3200,3200
7922,0,3200,3200
7923,0,3200,3200
7924,0,3200,3200
7925,0,3200,3200
7926,0,3200,3200
7927,0,3200,3200
7928,0,3200,3200
7929,0,3200,3200
7930,0,3200,3200
7931,0,3200,3200
7932,0,3200,3200
7933,0,3200,3200
7934,0,3200,3200
7935,0,3200,3200
7936,0,3200,3200
7937,0,3200,3200
7938,0,3200,3200
7939,0,3200,3200
7940,0,3200,3200
7941,0,3200,3200
7942,0,3200,3200
7943,0,3200,3200
7944,0,3200,3200
7945,0,3200,3200
7946,0,3200,3200
7947,0,3200,3200
7948,0,3200,3200
7949,0,3200,3200
7950,0,3200,3200
7951,0,3200,3200
7952,0,3200,3200
7953,0,3200,3200
7954,0,3200,3200
7955,0,3200,3200
7956,0,3200,3200
7957,0,3200,3200
7958,0,3200,3200
7959,0,3200,3200
7960,0,3200,3200
7961,0,3200,3200
7962,0,3200,3200
7963,0,3200,3200
7964,0,3200,3200
7965,0,3200,3200
7966,0,3200,3200
7967,0,3200,3200
7968,0,3200,3200
7969,0,3200,3200
7970,0,3200,3200
7971,0,3200,3200
7972,0,3200,3200
7973,0,3200,3200
7974,0,3200,3200
7975,0,3200,3200
7976,0,3200,3200
7977,0,3200,3200
7978,0,3200,3200
7979,0,3200,3200
7980,0,3200,3200
7981,0,3200,3200
7982,0,3200,3200
7983,0,3200,3200
7984,0,3200,3200
7985,0,3200,3200
7986,0,3200,3200
7987,0,3200,3200
7988,0,3200,3200
7989,0,3200,3200
7990,0,3200,3200
7991,0,3200,3200
7992,0,3200,3200
7993,0,3200,3200
7994,0,3200,3200
7995,0,3200,3200
7996,0,3200,3200
7997,0,3200,3200
7998,0,3200,3200
7999,0,3200,3200
8000,0,3200,3200
8001,0,3200,3200
8002,0,3200,3200
8003,0,3200,3200
8004,0,3200,3200
8005,0,3200,3200
8006,0,3200,3200
8007,0,3200,3200
8008,0,3200,3200
8009,0,3200,3200
8010,0,3200,3200
8011,0,3200,3200
8012,0,3200,3200
8013,0,3200,3200
8014,0,3200,3200
8015,0,3200,3200
8016,0,3200,3200
8017,0,3200,3200
8018,0,3200,3200
8019,0,3200,3200
8020,0,3200,3200
8021,0,3200,3200
8022,0,3200,3200
8023,0,3200,3200
8024,0,3200,3200
8025,0,3200,3200
8026,0,3200,3200
8027,0,3200,3200
8028,0,3200,3200
8029,0,3200,3200
8030,0,3200,3200
8031,0,3200,3200
8032,0,3200,3200
8033,0,3200,3200
8034,0,3200,3200
8035,0,3200,3200
8036,0,3200,3200
8037,0,3200,3200
8038,0,3200,3200
8039,0,3200,3200
8040,0,3200,3200
8041,0,3200,3200
8042,0,3200,3200
8043,0,3200,3200
8044,0,3200,3200
8045,0,3200,3200
8046,0,3200,3200
8047,0,3200,3200
8048,0,3200,3200
8049,0,3200,3200
8050,0,3200,3200
8051,0,3200,3200
8052,0,3200,3200
8053,0,3200,3200
8054,0,3200,3200
8055,0,3200,3200
8056,0,3200,3200
8057,0,3200,3200
8058,0,3200,3200
8059,0,3200,3200
8060,0,3200,3200
8061,0,3200,3200
8062,0,3200,3200
8063,0,3200,3200
8064,0,3200,3200
8065,0,3200,3200
8066,0,3200,3200
8067,0,3200,3200
8068,0,3200,3200
8069,0,3200,3200
8070,0,3200,3200
8071,0,3200,3200
8072,0,3200,3200
8073,0,3200,3200
8074,0,3200,3200
8075,0,3200,3200
8076,0,3200,3200
8077,0,3200,3200
8078,0,3200,3200
8079,0,3200,3200
8080,0,3200,3200
8081,0,3200,3200
8082,0,3200,3200
8083,0,3200,3200
8084,0,3200,3200
8085,0,3200,3200
8086,0,3200,3200
8087,0,3200,3200
8088,0,3200,3200
8089,0,3200,3200
8090,0,3200,3200
8091,0,3200,3200
8092,0,3200,3200
8093,0,3200,3200
8094,0,3200,3200
8095,0,3200,3200
8096,0,3200,3200
8097,0,3200,3200
8098,0,3200,3200
8099,0,3200,3200
8100,0,3200,3200
8101,0,3200,3200
8102,0,3200,3200
8103,0,3200,3200
8104,0,3200,3200
8105,0,3200,3200
8106,0,3200,3200
8107,0,3200,3200
8108,0,3200,3200
8109,0,3200,3200
8110,0,3200,3200
8111,0,3200,3200
8112,0,3200,3200
8113,0,3200,3200
8114,0,3200,3200
8115,0,3200,3200
8116,0,3200,3200
8117,0,3200,3200
8118,0,3200,3200
8119,0,3200,3200
8120,0,3200,3200
8121,0,3200,3200
8122,0,3200,3200
8123,0,3200,3200
8124,0,3200,3200
8125,0,3200,3200
8126,0,3200,3200
8127,0,3200,3200
8128,0,3200,3200
8129,0,3200,3200
8130,0,3200,3200
8131,0,3200,3200
8132,0,3200,3200
8133,0,3200,3200
8134,0,3200,3200
8135,0,3200,3200
8136,0,3200,3200
8137,0,3200,3200
8138,0,3200,3200
8139,0,3200,3200
8140,0,3200,3200
8141,0,3200,3200
8142,0,3200,3200
8143,0,3200,3200
8144,0,3200,3200
8145,0,3200,3200
8146,0,3200,3200
8147,0,3200,3200
8148,0,3200,3200
8149,0,3200,3200
8150,0,3200,3200
8151,0,3200,3200
8152,0,3200,3200
8153,0,3200,3200
8154,0,3200,3200
8155,0,3200,3200
8156,0,3200,3200
8157,0,3200,3200
8158,0,3200,3200
8159,0,3200,3200
8160,0,3200,3200
8161,0,3200,3200
8162,0,3200,3200
8163,0,3200,3200
8164,0,3200,3200
8165,0,3200,3200
8166,0,3200,3200
8167,0,3200,3200
8168,0,3200,3200
8169,0,3200,3200
8170,0,3200,3200
8171,0,3200,3200
8172,0,3200,3200
8173,0,3200,3200
8174,0,3200,3200
8175,0,3200,3200
8176,0,3200,3200
8177,0,3200,3200
8178,0,3200,3200
8179,0,3200,3200
8180,0,3200,3200
8181,0,3200,3200
8182,0,3200,3200
8183,0,3200,3200
8184,0,3200,3200
8185,0,3200,3200
8186,0,3200,3200
8187,0,3200,3200
8188,0,3200,3200
8189,0,3200,3200
8190,0,3200,3200
8191,0,3200,3200
8192,0,3200,3200
8193,0,3200,3200
8194,0,3200,3200
8195,0,3200,3200
8196,0,3200,3200
8197,0,3200,3200
8198,0,3200,3200
8199,0,3200,3200
8200,0,3200,3200
8201,0,3200,3200
8202,0,3200,3200
8203,0,3200,3200
8204,0,3200,3200
8205,0,3200,3200
8206,0,3200,3200
8207,0,3200,3200
8208,0,3200,3200
8209,0,3200,3200
8210,0,3200,3200
8211,0,3200,3200
8212,0,3200,3200
8213,0,3200,3200
8214,0,3200,3200
8215,0,3200,3200
8216,0,3200,3200
8217,0,3200,3200
8218,0,3200,3200
8219,0,3200,3200
8220,0,3200,3200
8221,0,3200,3200
8222,0,3200,3200
8223,0,3200,3200
8224,0,3200,3200
8225,0,3200,3200
8226,0,3200,3200
8227,0,3200,3200
8228,0,3200,3200
8229,0,3200,3200
8230,0,3200,3200
8231,0,3200,3200
8232,0,3200,3200
8233,0,3200,3200
8234,0,3200,3200
8235,0,3200,3200
8236,0,3200,3200
8237,0,3200,3200
8238,0,3200,3200
8239,0,3200,3200
8240,0,3200,3200
8241,0,3200,3200
8242,0,3200,3200
8243,0,3200,3200
8244,0,3200,3200
8245,0,3200,3200
8246,0,3200,3200
8247,0,3200,3200
8248,0,3200,3200
8249,0,3200,3200
8250,0,3200,3200
8251,0,3200,3200
8252,0,3200,3200
8253,0,3200,3200
8254,0,3200,3200
8255,0,3200,3200
8256,0,3200,3200
8257,0,3200,3200
8258,0,3200,3200
8259,0,3200,3200
8260,0,3200,3200
8261,0,3200,3200
8262,0,3200,3200
8263,0,3200,3200
8264,0,3200,3200
8265,0,3200,3200
8266,0,3200,3200
8267,0,3200,3200
8268,0,3200,3200
8269,0,3200,3200
8270,0,3200,3200
8271,0,3200,3200
8272,0,3200,3200
8273,0,3200,3200
8274,0,3200,3200
8275,0,3200,3200
8276,0,3200,3200
8277,0,3200,3200
8278,0,3200,3200
8279,0,3200,3200
8280,0,3200,3200
8281,0,3200,3200
8282,0,3200,3200
8283,0,3200,3200
8284,0,3200,3200
8285,0,3200,3200
8286,0,3200,3200
8287,0,3200,3200
8288,0,3200,3200
8289,0,3200,3200
8290,0,3200,3200
8291,0,3200,3200
8292,0,3200,3200
8293,0,3200,3200
8294,0,3200,3200
8295,0,3200,3200
8296,0,3200,3200
8297,0,3200,3200
8298,0,3200,3200
8299,0,3200,3200
8300,0,3200,3200
8301,0,3200,3200
8302,0,3200,3200
8303,0,3200,3200
8304,0,3200,3200
8305,0,3200,3200
8306,0,3200,3200
8307,0,3200,3200
8308,0,3200,3200
8309,0,3200,3200
8310,0,3200,3200
8311,0,3200,3200
8312,0,3200,3200
8313,0,3200,3200
8314,0,3200,3200
8315,0,3200,3200
8316,0,3200,3200
8317,0,3200,3200
8318,0,3200,3200
8319,0,3200,3200
8320,0,3200,3200
8321,0,3200,3200
8322,0,3200,3200
8323,0,3200,3200
8324,0,3200,3200
8325,0,3200,3200
8326,0,3200,3200
8327,0,3200,3200
8328,0,3200,3200
8329,0,3200,3200
8330,0,3200,3200
8331,0,3200,3200
8332,0,3200,3200
8333,0,3200,3200
8334,0,3200,3200
8335,0,3200,3200
8336,0,3200,3200
8337,0,3200,3200
8338,0,3200,3200
8339,0,3200,3200
8340,0,3200,3200
8341,0,3200,3200
8342,0,3200,3200
8343,0,3200,3200
8344,0,3200,3200
8345,0,3200,3200
8346,0,3200,3200
8347,0,3200,3200
8348,0,3200,3200
8349,0,3200,3200
8350,0,3200,3200
8351,0,3200,3200
8352,0,3200,3200
8353,0,3200,3200
8354,0,3200,3200
8355,0,3200,3200
8356,0,3200,3200
8357,0,3200,3200
8358,0,3200,3200
8359,0,3200,3200
8360,0,3200,3200
8361,0,3200,3200
8362,0,3200,3200
8363,0,3200,3200
8364,0,3200,3200
8365,0,3200,3200
8366,0,3200,3200
8367,0,3200,3200
8368,0,3200,3200
8369,0,3200,3200
8370,0,3200,3200
8371,0,3200,3200
8372,0,3200,3200
8373,0,3200,3200
8374,0,3200,3200
8375,0,3200,3200
8376,0,3200,3200
8377,0,3200,3200
8378,0,3200,3200
8379,0,3200,3200
8380,0,3200,3200
8381,0,3200,3200
8382,0,3200,3200
8383,0,3200,3200
8384,0,3200,3200
8385,0,3200,3200
8386,0,3200,3200
8387,0,3200,3200
8388,0,3200,3200
8389,0,3200,3200
8390,0,3200,3200
8391,0,3200,3200
8392,0,3200,3200
8393,0,3200,3200
8394,0,3200,3200
8395,0,3200,3200
8396,0,3200,3200
8397,0,3200,3200
8398,0,3200,3200
8399,0,3200,3200
8400,0,3200,3200
8401,0,3200,3200
8402,0,3200,3200
8403,0,3200,3200
8404,0,3200,3200
8405,0,3200,3200
8406,0,3200,3200
8407,0,3200,3200
8408,0,3200,3200
8409,0,3200,3200
8410,0,3200,3200
8411,0,3200,3200
8412,0,3200,3200
8413,0,3200,3200
8414,0,3200,3200
8415,0,3200,3200
8416,0,3200,3200
8417,0,3200,3200
8418,0,3200,3200
8419,0,3200,3200
8420,0,3200,3200
8421,0,3200,3200
8422,0,3200,3200
8423,0,3200,3200
8424,0,3200,3200
8425,0,3200,3200
8426,0,3200,3200
8427,0,3200,3200
8428,0,3200,3200
8429,0,3200,3200
8430,0,3200,3200
8431,0,3200,3200
8432,0,3200,3200
8433,0,3200,3200
8434,0,3200,3200
8435,0,3200,3200
8436,0,3200,3200
8437,0,3200,3200
8438,0,3200,3200
8439,0,3200,3200
8440,0,3200,3200
8441,0,3200,3200
8442,0,3200,3200
8443,0,3200,3200
8444,0,3200,3200
8445,0,3200,3200
8446,0,3200,3200
8447,0,3200,3200
8448,0,3200,3200
8449,0,3200,3200
8450,0,3200,3200
8451,0,3200,3200
8452,0,3200,3200
8453,0,3200,3200
8454,0,3200,3200
8455,0,3200,3200
8456,0,3200,3200
8457,0,3200,3200
8458,0,3200,3200
8459,0,3200,3200
8460,0,3200,3200
8461,0,3200,3200
8462,0,3200,3200
8463,0,3200,3200
8464,0,3200,3200
8465,0,3200,3200
8466,0,3200,3200
8467,0,3200,3200
8468,0,3200,3200
8469,0,3200,3200
8470,0,3200,3200
8471,0,3200,3200
8472,0,3200,3200
8473,0,3200,3200
8474,0,3200,3200
8475,0,3200,3200
8476,0,3200,3200
8477,0,3200,3200
8478,0,3200,3200
8479,0,3200,3200
8480,0,3200,3200
8481,0,3200,3200
8482,0,3200,3200
8483,0,3200,3200
8484,0,3200,3200
8485,0,3200,3200
8486,0,3200,3200
8487,0,3200,3200
8488,0,3200,3200
8489,0,3200,3200
8490,0,3200,3200
8491,0,3200,3200
8492,0,3200,3200
8493,0,3200,3200
8494,0,3200,3200
8495,0,3200,3200
8496,0,3200,3200
8497,0,3200,3200
8498,0,3200,3200
8499,0,3200,3200
8500,0,3200,3200
8501,0,3200,3200
8502,0,3200,3200
8503,0,3200,3200
8504,0,3200,3200
8505,0,3200,3200
8506,0,3200,3200
8507,0,3200,3200
8508,0,3200,3200
8509,0,3200,3200
8510,0,3200,3200
8511,0,3200,3200
8512,0,3200,3200
8513,0,3200,3200
8514,0,3200,3200
8515,0,3200,3200
8516,0,3200,3200
8517,0,3200,3200
8518,0,3200,3200
8519,0,3200,3200
8520,0,3200,3200
8521,0,3200,3200
8522,0,3200,3200
8523,0,3200,3200
8524,0,3200,3200
8525,0,3200,3200
8526,0,3200,3200
8527,0,3200,3200
8528,0,3200,3200
8529,0,3200,3200
8530,0,3200,3200
8531,0,3200,3200
8532,0,3200,3200
8533,0,3200,3200
8534,0,3200,3200
8535,0,3200,3200
8536,0,3200,3200
8537,0,3200,3200
8538,0,3200,3200
8539,0,3200,3200
8540,0,3200,3200
8541,0,3200,3200
8542,0,3200,3200
8543,0,3200,3200
8544,0,3200,3200
8545,0,3200,3200
8546,0,3200,3200
8547,0,3200,3200
8548,0,3200,3200
8549,0,3200,3200
8550,0,3200,3200
8551,0,3200,3200
8552,0,3200,3200
8553,0,3200,3200
8554,0,3200,3200
8555,0,3200,3200
8556,0,3200,3200
8557,0,3200,3200
8558,0,3200,3200
8559,0,3200,3200
8560,0,3200,3200
8561,0,3200,3200
8562,0,3200,3200
8563,0,3200,3200
8564,0,3200,3200
8565,0,3200,3200
8566,0,3200,3200
8567,0,3200,3200
8568,0,3200,3200
8569,0,3200,3200
8570,0,3200,3200
8571,0,3200,3200
8572,0,3200,3200
8573,0,3200,3200
8574,0,3200,3200
8575,0,3200,3200
8576,0,3200,3200
8577,0,3200,3200
8578,0,3200,3200
8579,0,3200,3200
8580,0,3200,3200
8581,0,3200,3200
8582,0,3200,3200
8583,0,3200,3200
8584,0,3200,3200
8585,0,3200,3200
8586,0,3200,3200
8587,0,3200,3200
8588,0,3200,3200
8589,0,3200,3200
8590,0,3200,3200
8591,0,3200,3200
8592,0,3200,3200
8593,0,3200,3200
8594,0,3200,3200
8595,0,3200,3200
8596,0,3200,3200
8597,0,3200,3200
8598,0,3200,3200
8599,0,3200,3200
8600,0,3200,3200
8601,0,3200,3200
8602,0,3200,3200
8603,0,3200,3200
8604,0,3200,3200
8605,0,3200,3200
8606,0,3200,3200
8607,0,3200,3200
8608,0,3200,3200
8609,0,3200,3200
8610,0,3200,3200
8611,0,3200,3200
8612,0,3200,3200
8613,0,3200,3200
8614,0,3200,3200
8615,0,3200,3200
8616,0,3200,3200
8617,0,3200,3200
8618,0,3200,3200
8619,0,3200,3200
8620,0,3200,3200
8621,0,3200,3200
8622,0,3200,3200
8623,0,3200,3200
8624,0,3200,3200
8625,0,3200,3200
8626,0,3200,3200
8627,0,3200,3200
8628,0,3200,3200
8629,0,3200,3200
8630,0,3200,3200
8631,0,3200,3200
8632,0,3200,3200
8633,0,3200,3200
8634,0,3200,3200
8635,0,3200,3200
8636,0,3200,3200
8637,0,3200,3200
8638,0,3200,3200
8639,0,3200,3200
8640,0,3200,3200
8641,0,3200,3200
8642,0,3200,3200
8643,0,3200,3200
8644,0,3200,3200
8645,0,3200,3200
8646,0,3200,3200
8647,0,3200,3200
8648,0,3200,3200
8649,0,3200,3200
8650,0,3200,3200
8651,0,3200,3200
8652,0,3200,3200
8653,0,3200,3200
8654,0,3200,3200
8655,0,3200,3200
8656,0,3200,3200
8657,0,3200,3200
8658,0,3200,3200
8659,0,3200,3200
8660,0,3200,3200
8661,0,3200,3200
8662,0,3200,3200
8663,0,3200,3200
8664,0,3200,3200
8665,0,3200,3200
8666,0,3200,3200
8667,0,3200,3200
8668,0,3200,3200
8669,0,3200,3200
8670,0,3200,3200
8671,0,3200,3200
8672,0,3200,3200
8673,0,3200,3200
8674,0,3200,3200
8675,0,3200,3200
8676,0,3200,3200
8677,0,3200,3200
8678,0,3200,3200
8679,0,3200,3200
8680,0,3200,3200
8681,0,3200,3200
8682,0,3200,3200
8683,0,3200,3200
8684,0,3200,3200
8685,0,3200,3200
8686,0,3200,3200
8687,0,3200,3200
8688,0,3200,3200
8689,0,3200,3200
8690,0,3200,3200
8691,0,3200,3200
8692,0,3200,3200
8693,0,3200,3200
8694,0,3200,3200
8695,0,3200,3200
8696,0,3200,3200
8697,0,3200,3200
8698,0,3200,3200
8699,0,3200,3200
8700,0,3200,3200
8701,0,3200,3200
8702,0,3200,3200
8703,0,3200,3200
8704,0,3200,3200
8705,0,3200,3200
8706,0,3200,3200
8707,0,3200,3200
8708,0,3200,3200
8709,0,3200,3200
8710,0,3200,3200
8711,0,3200,3200
8712,0,3200,3200
8713,0,3200,3200
8714,0,3200,3200
8715,0,3200,3200
8716,0,3200,3200
8717,0,3200,3200
8718,0,3200,3200
8719,0,3200,3200
8720,0,3200,3200
8721,0,3200,3200
8722,0,3200,3200
8723,0,3200,3200
8724,0,3200,3200
8725,0,3200,3200
8726,0,3200,3200
8727,0,3200,3200
8728,0,3200,3200
8729,0,3200,3200
8730,0,3200,3200
8731,0,3200,3200
8732,0,3200,3200
8733,0,3200,3200
8734,0,3200,3200
8735,0,3200,3200
8736,0,3200,3200
8737,0,3200,3200
8738,0,3200,3200
8739,0,3200,3200
8740,0,3200,3200
8741,0,3200,3200
8742,0,3200,3200
8743,0,3200,3200
8744,0,3200,3200
8745,0,3200,3200
8746,0,3200,3200
8747,0,3200,3200
8748,0,3200,3200
8749,0,3200,3200
8750,0,3200,3200
8751,0,3200,3200
8752,0,3200,3200
8753,0,3200,3200
8754,0,3200,3200
8755,0,3200,3200
8756,0,3200,3200
8757,0,3200,3200
8758,0,3200,3200
8759,0,3200,3200
8760,0,3200,3200
8761,0,3200,3200
8762,0,3200,3200
8763,0,3200,3200
8764,0,3200,3200
8765,0,3200,3200
8766,0,3200,3200
8767,0,3200,3200
8768,0,3200,3200
8769,0,3200,3200
8770,0,3200,3200
8771,0,3200,3200
8772,0,3200,3200
8773,0,3200,3200
8774,0,3200,3200
8775,0,3200,3200
8776,0,3200,3200
8777,0,3200,3200
8778,0,3200,3200
8779,0,3200,3200
8780,0,3200,3200
8781,0,3200,3200
8782,0,3200,3200
8783,0,3200,3200
8784,0,3200,3200
8785,0,3200,3200
8786,0,3200,3200
8787,0,3200,3200
8788,0,3200,3200
8789,0,3200,3200
8790,0,3200,3200
8791,0,3200,3200
8792,0,3200,3200
8793,0,3200,3200
8794,0,3200,3200
8795,0,3200,3200
8796,0,3200,3200
8797,0,3200,3200
8798,0,3200,3200
8799,0,3200,3200
8800,0,3200,3200
8801,0,3200,3200
8802,0,3200,3200
8803,0,3200,3200
8804,0,3200,3200
8805,0,3200,3200
8806,0,3200,3200
8807,0,3200,3200
8808,0,3200,3200
8809,0,3200,3200
8810,0,3200,3200
8811,0,3200,3200
8812,0,3200,3200
8813,0,3200,3200
8814,0,3200,3200
8815,0,3200,3200
8816,0,3200,3200
8817,0,3200,3200
8818,0,3200,3200
8819,0,3200,3200
8820,0,3200,3200
8821,0,3200,3200
8822,0,3200,3200
8823,0,3200,3200
8824,0,3200,3200
8825,0,3200,3200
8826,0,3200,3200
8827,0,3200,3200
8828,0,3200,3200
8829,0,3200,3200
8830,0,3200,3200
8831,0,3200,3200
8832,0,3200,3200
8833,0,3200,3200
8834,0,3200,3200
8835,0,3200,3200
8836,0,3200,3200
8837,0,3200,3200
8838,0,3200,3200
8839,0,3200,3200
8840,0,3200,3200
8841,0,3200,3200
8842,0,3200,3200
8843,0,3200,3200
8844,0,3200,3200
8845,0,3200,3200
8846,0,3200,3200
8847,0,3200,3200
8848,0,3200,3200
8849,0,3200,3200
8850,0,3200,3200
8851,0,3200,3200
8852,0,3200,3200
8853,0,3200,3200
8854,0,3200,3200
8855,0,3200,3200
8856,0,3200,3200
8857,0,3200,3200
8858,0,3200,3200
8859,0,3200,3200
8860,0,3200,3200
8861,0,3200,3200
8862,0,3200,3200
8863,0,3200,3200
8864,0,3200,3200
8865,0,3200,3200
8866,0,3200,3200
8867,0,3200,3200
8868,0,3200,3200
8869,0,3200,3200
8870,0,3200,3200
8871,0,3200,3200
8872,0,3200,3200
8873,0,3200,3200
8874,0,3200,3200
8875,0,3200,3200
8876,0,3200,3200
8877,0,3200,3200
8878,0,3200,3200
8879,0,3200,3200
8880,0,3200,3200
8881,0,3200,3200
8882,0,3200,3200
8883,0,3200,3200
8884,0,3200,3200
8885,0,3200,3200
8886,0,3200,3200
8887,0,3200,3200
8888,0,3200,3200
8889,0,3200,3200
8890,0,3200,3200
8891,0,3200,3200
8892,0,3200,3200
8893,0,3200,3200
8894,0,3200,3200
8895,0,3200,3200
8896,0,3200,3200
8897,0,3200,3200
8898,0,3200,3200
8899,0,3200,3200
8900,0,3200,3200
8901,0,3200,3200
8902,0,3200,3200
8903,0,3200,3200
8904,0,3200,3200
8905,0,3200,3200
8906,0,3200,3200
8907,0,3200,3200
8908,0,3200,3200
8909,0,3200,3200
8910,0,3200,3200
8911,0,3200,3200
8912,0,3200,3200
8913,0,3200,3200
8914,0,3200,3200
8915,0,3200,3200
8916,0,3200,3200
8917,0,3200,3200
8918,0,3200,3200
8919,0,3200,3200
8920,0,3200,3200
8921,0,3200,3200
8922,0,3200,3200
8923,0,3200,3200
8924,0,3200,3200
8925,0,3200,3200
8926,0,3200,3200
8927,0,3200,3200
8928,0,3200,3200
8929,0,3200,3200
8930,0,3200,3200
8931,0,3200,3200
8932,0,3200,3200
8933,0,3200,3200
8934,0,3200,3200
8935,0,3200,3200
8936,0,3200,3200
8937,0,3200,3200
8938,0,3200,3200
8939,0,3200,3200
8940,0,3200,3200
8941,0,3200,3200
8942,0,3200,3200
8943,0,3200,3200
8944,0,3200,3200
8945,0,3200,3200
8946,0,3200,3200
8947,0,3200,3200
8948,0,3200,3200
8949,0,3200,3200
8950,0,3200,3200
8951,0,3200,3200
8952,0,3200,3200
8953,0,3200,3200
8954,0,3200,3200
8955,0,3200,3200
8956,0,3200,3200
8957,0,3200,3200
8958,0,3200,3200
8959,0,3200,3200
8960,0,3200,3200
8961,0,3200,3200
8962,0,3200,3200
8963,0,3200,3200
8964,0,3200,3200
8965,0,3200,3200
8966,0,3200,3200
8967,0,3200,3200
8968,0,3200,3200
8969,0,3200,3200
8970,0,3200,3200
8971,0,3200,3200
8972,0,3200,3200
8973,0,3200,3200
8974,0,3200,3200
8975,0,3200,3200
8976,0,3200,3200
8977,0,3200,3200
8978,0,3200,3200
8979,0,3200,3200
8980,0,3200,3200
8981,0,3200,3200
8982,0,3200,3200
8983,0,3200,3200
8984,0,3200,3200
8985,0,3200,3200
8986,0,3200,3200
8987,0,3200,3200
8988,0,3200,3200
8989,0,3200,3200
8990,0,3200,3200
8991,0,3200,3200
8992,0,3200,3200
8993,0,3200,3200
8994,0,3200,3200
8995,0,3200,3200
8996,0,3200,3200
8997,0,3200,3200
8998,0,3200,3200
8999,0,3200,3200
9000,0,3200,3200
9001,0,3200,3200
9002,0,3200,3200
9003,0,3200,3200
9004,0,3200,3200
9005,0,3200,3200
9006,0,3200,3200
9007,0,3200,3200
9008,0,3200,3200
9009,0,3200,3200
9010,0,3200,3200
9011,0,3200,3200
9012,0,3200,3200
9013,0,3200,3200
9014,0,3200,3200
9015,0,3200,3200
9016,0,3200,3200
9017,0,3200,3200
9018,0,3200,3200
9019,0,3200,3200
9020,0,3200,3200
9021,0,3200,3200
9022,0,3200,3200
9023,0,3200,3200
9024,0,3200,3200
9025,0,3200,3200
9026,0,3200,3200
9027,0,3200,3200
9028,0,3200,3200
9029,0,3200,3200
9030,0,3200,3200
9031,0,3200,3200
9032,0,3200,3200
9033,0,3200,3200
9034,0,3200,3200
9035,0,3200,3200
9036,0,3200,3200
9037,0,3200,3200
9038,0,3200,3200
9039,0,3200,3200
9040,0,3200,3200
9041,0,3200,3200
9042,0,3200,3200
9043,0,3200,3200
9044,0,3200,3200
9045,0,3200,3200
9046,0,3200,3200
9047,0,3200,3200
9048,0,3200,3200
9049,0,3200,3200
9050,0,3200,3200
9051,0,3200,3200
9052,0,3200,3200
9053,0,3200,3200
9054,0,3200,3200
9055,0,3200,3200
9056,0,3200,3200
9057,0,3200,3200
9058,0,3200,3200
9059,0,3200,3200
9060,0,3200,3200
9061,0,3200,3200
9062,0,3200,3200
9063,0,3200,3200
9064,0,3200,3200
9065,0,3200,3200
9066,0,3200,3200
9067,0,3200,3200
9068,0,3200,3200
9069,0,3200,3200
9070,0,3200,3200
9071,0,3200,3200
9072,0,3200,3200
9073,0,3200,3200
9074,0,3200,3200
9075,0,3200,3200
9076,0,3200,3200
9077,0,3200,3200
9078,0,3200,3200
9079,0,3200,3200
9080,0,3200,3200
9081,0,3200,3200
9082,0,3200,3200
9083,0,3200,3200
9084,0,3200,3200
9085,0,3200,3200
9086,0,3200,3200
9087,0,3200,3200
9088,0,3200,3200
9089,0,3200,3200
9090,0,3200,3200
9091,0,3200,3200
9092,0,3200,3200
9093,0,3200,3200
9094,0,3200,3200
9095,0,3200,3200
9096,0,3200,3200
9097,0,3200,3200
9098,0,3200,3200
9099,0,3200,3200
9100,0,3200,3200
9101,0,3200,3200
9102,0,3200,3200
9103,0,3200,3200
9104,0,3200,3200
9105,0,3200,3200
9106,0,3200,3200
9107,0,3200,3200
9108,0,3200,3200
9109,0,3200,3200
9110,0,3200,3200
9111,0,3200,3200
9112,0,3200,3200
9113,0,3200,3200
9114,0,3200,3200
9115,0,3200,3200
9116,0,3200,3200
9117,0,3200,3200
9118,0,3200,3200
9119,0,3200,3200
9120,0,3200,3200
9121,0,3200,3200
9122,0,3200,3200
9123,0,3200,3200
9124,0,3200,3200
9125,0,3200,3200
9126,0,3200,3200
9127,0,3200,3200
9128,0,3200,3200
9129,0,3200,3200
9130,0,3200,3200
9131,0,3200,3200
9132,0,3200,3200
9133,0,3200,3200
9134,0,3200,3200
9135,0,3200,3200
9136,0,3200,3200
9137,0,3200,3200
9138,0,3200,3200
9139,0,3200,3200
9140,0,3200,3200
9141,0,3200,3200
9142,0,3200,3200
9143,0,3200,3200
9144,0,3200,3200
9145,0,3200,3200
9146,0,3200,3200
9147,0,3200,3200
9148,0,3200,3200
9149,0,3200,3200
9150,0,3200,3200
9151,0,3200,3200
9152,0,3200,3200
9153,0,3200,3200
9154,0,3200,3200
9155,0,3200,3200
9156,0,3200,3200
9157,0,3200,3200
9158,0,3200,3200
9159,0,3200,3200
9160,0,3200,3200
9161,0,3200,3200
9162,0,3200,3200
9163,0,3200,3200
9164,0,3200,3200
9165,0,3200,3200
9166,0,3200,3200
9167,0,3200,3200
9168,0,3200,3200
9169,0,3200,3200
9170,0,3200,3200
9171,0,3200,3200
9172,0,3200,3200
9173,0,3200,3200
9174,0,3200,3200
9175,0,3200,3200
9176,0,3200,3200
9177,0,3200,3200
9178,0,3200,3200
9179,0,3200,3200
9180,0,3200,3200
9181,0,3200,3200
9182,0,3200,3200
9183,0,3200,3200
9184,0,3200,3200
9185,0,3200,3200
9186,0,3200,3200
9187,0,3200,3200
9188,0,3200,3200
9189,0,3200,3200
9190,0,3200,3200
9191,0,3200,3200
9192,0,3200,3200
9193,0,3200,3200
9194,0,3200,3200
9195,0,3200,3200
9196,0,3200,3200
9197,0,3200,3200
9198,0,3200,3200
9199,0,3200,3200
9200,0,3200,3200
9201,0,3200,3200
9202,0,3200,3200
9203,0,3200,3200
9204,0,3200,3200
9205,0,3200,3200
9206,0,3200,3200
9207,0,3200,3200
9208,0,3200,3200
9209,0,3200,3200
9210,0,3200,3200
9211,0,3200,3200
9212,0,3200,3200
9213,0,3200,3200
9214,0,3200,3200
9215,0,3200,3200
9216,0,3200,3200
9217,0,3200,3200
9218,0,3200,3200
9219,0,3200,3200
9220,0,3200,3200
9221,0,3200,3200
9222,0,3200,3200
9223,0,3200,3200
9224,0,3200,3200
9225,0,3200,3200
9226,0,3200,3200
9227,0,3200,3200
9228,0,3200,3200
9229,0,3200,3200
9230,0,3200,3200
9231,0,3200,3200
9232,0,3200,3200
9233,0,3200,3200
9234,0,3200,3200
9235,0,3200,3200
9236,0,3200,3200
9237,0,3200,3200
9238,0,3200,3200
9239,0,3200,3200
9240,0,3200,3200
9241,0,3200,3200
9242,0,3200,3200
9243,0,3200,3200
9244,0,3200,3200
9245,0,3200,3200
9246,0,3200,3200
9247,0,3200,3200
9248,0,3200,3200
9249,0,3200,3200
9250,0,3200,3200
9251,0,3200,3200
9252,0,3200,3200
9253,0,3200,3200
9254,0,3200,3200
9255,0,3200,3200
9256,0,3200,3200
9257,0,3200,3200
9258,0,3200,3200
9259,0,3200,3200
9260,0,3200,3200
9261,0,3200,3200
9262,0,3200,3200
9263,0,3200,3200
9264,0,3200,3200
9265,0,3200,3200
9266,0,3200,3200
9267,0,3200,3200
9268,0,3200,3200
9269,0,3200,3200
9270,0,3200,3200
9271,0,3200,3200
9272,0,3200,3200
9273,0,3200,3200
9274,0,3200,3200
9275,0,3200,3200
9276,0,3200,3200
9277,0,3200,3200
9278,0,3200,3200
9279,0,3200,3200
9280,0,3200,3200
9281,0,3200,3200
9282,0,3200,3200
9283,0,3200,3200
9284,0,3200,3200
9285,0,3200,3200
9286,0,3200,3200
9287,0,3200,3200
9288,0,3200,3200
9289,0,3200,3200
9290,0,3200,3200
9291,0,3200,3200
9292,0,3200,3200
9293,0,3200,3200
9294,0,3200,3200
9295,0,3200,3200
9296,0,3200,3200
9297,0,3200,3200
9298,0,3200,3200
9299,0,3200,3200
9300,0,3200,3200
9301,0,3200,3200
9302,0,3200,3200
9303,0,3200,3200
9304,0,3200,3200
9305,0,3200,3200
9306,0,3200,3200
9307,0,3200,3200
9308,0,3200,3200
9309,0,3200,3200
9310,0,3200,3200
9311,0,3200,3200
9312,0,3200,3200
9313,0,3200,3200
9314,0,3200,3200
9315,0,3200,3200
9316,0,3200,3200
9317,0,3200,3200
9318,0,3200,3200
9319,0,3200,3200
9320,0,3200,3200
9321,0,3200,3200
9322,0,3200,3200
9323,0,3200,3200
9324,0,3200,3200
9325,0,3200,3200
9326,0,3200,3200
9327,0,3200,3200
9328,0,3200,3200
9329,0,3200,3200
9330,0,3200,3200
9331,0,3200,3200
9332,0,3200,3200
9333,0,3200,3200
9334,0,3200,3200
9335,0,3200,3200
9336,0,3200,3200
9337,0,3200,3200
9338,0,3200,3200
9339,0,3200,3200
9340,0,3200,3200
9341,0,3200,3200
9342,0,3200,3200
9343,0,3200,3200
9344,0,3200,3200
9345,0,3200,3200
9346,0,3200,3200
9347,0,3200,3200
9348,0,3200,3200
9349,0,3200,3200
9350,0,3200,3200
9351,0,3200,3200
9352,0,3200,3200
9353,0,3200,3200
9354,0,3200,3200
9355,0,3200,3200
9356,0,3200,3200
9357,0,3200,3200
9358,0,3200,3200
9359,0,3200,3200
9360,0,3200,3200
9361,0,3200,3200
9362,0,3200,3200
9363,0,3200,3200
9364,0,3200,3200
9365,0,3200,3200
9366,0,3200,3200
9367,0,3200,3200
9368,0,3200,3200
9369,0,3200,3200
9370,0,3200,3200
9371,0,3200,3200
9372,0,3200,3200
9373,0,3200,3200
9374,0,3200,3200
9375,0,3200,3200
9376,0,3200,3200
9377,0,3200,3200
9378,0,3200,3200
9379,0,3200,3200
9380,0,3200,3200
9381,0,3200,3200
9382,0,3200,3200
9383,0,3200,3200
9384,0,3200,3200
9385,0,3200,3200
9386,0,3200,3200
9387,0,3200,3200
9388,0,3200,3200
9389,0,3200,3200
9390,0,3200,3200
9391,0,3200,3200
9392,0,3200,3200
9393,0,3200,3200
9394,0,3200,3200
9395,0,3200,3200
9396,0,3200,3200
9397,0,3200,3200
9398,0,3200,3200
9399,0,3200,3200
9400,0,3200,3200
9401,0,3200,3200
9402,0,3200,3200
9403,0,3200,3200
9404,0,3200,3200
9405,0,3200,3200
9406,0,3200,3200
9407,0,3200,3200
9408,0,3200,3200
9409,0,3200,3200
9410,0,3200,3200
9411,0,3200,3200
9412,0,3200,3200
9413,0,3200,3200
9414,0,3200,3200
9415,0,3200,3200
9416,0,3200,3200
9417,0,3200,3200
9418,0,3200,3200
9419,0,3200,3200
9420,0,3200,3200
9421,0,3200,3200
9422,0,3200,3200
9423,0,3200,3200
9424,0,3200,3200
9425,0,3200,3200
9426,0,3200,3200
9427,0,3200,3200
9428,0,3200,3200
9429,0,3200,3200
9430,0,3200,3200
9431,0,3200,3200
9432,0,3200,3200
9433,0,3200,3200
9434,0,3200,3200
9435,0,3200,3200
9436,0,3200,3200
9437,0,3200,3200
9438,0,3200,3200
9439,0,3200,3200
9440,0,3200,3200
9441,0,3200,3200
9442,0,3200,3200
9443,0,3200,3200
9444,0,3200,3200
9445,0,3200,3200
9446,0,3200,3200
9447,0,3200,3200
9448,0,3200,3200
9449,0,3200,3200
9450,0,3200,3200
9451,0,3200,3200
9452,0,3200,3200
9453,0,3200,3200
9454,0,3200,3200
9455,0,3200,3200
9456,0,3200,3200
9457,0,3200,3200
9458,0,3200,3200
9459,0,3200,3200
9460,0,3200,3200
9461,0,3200,3200
9462,0,3200,3200
9463,0,3200,3200
9464,0,3200,3200
9465,0,3200,3200
9466,0,3200,3200
9467,0,3200,3200
9468,0,3200,3200
9469,0,3200,3200
9470,0,3200,3200
9471,0,3200,3200
9472,0,3200,3200
9473,0,3200,3200
9474,0,3200,3200
9475,0,3200,3200
9476,0,3200,3200
9477,0,3200,3200
9478,0,3200,3200
9479,0,3200,3200
9480,0,3200,3200
9481,0,3200,3200
9482,0,3200,3200
9483,0,3200,3200
9484,0,3200,3200
9485,0,3200,3200
9486,0,3200,3200
9487,0,3200,3200
9488,0,3200,3200
9489,0,3200,3200
9490,0,3200,3200
9491,0,3200,3200
9492,0,3200,3200
9493,0,3200,3200
9494,0,3200,3200
9495,0,3200,3200
9496,0,3200,3200
9497,0,3200,3200
9498,0,3200,3200
9499,0,3200,3200
9500,0,3200,3200
9501,0,3200,3200
9502,0,3200,3200
9503,0,3200,3200
9504,0,3200,3200
9505,0,3200,3200
9506,0,3200,3200
9507,0,3200,3200
9508,0,3200,3200
9509,0,3200,3200
9510,0,3200,3200
9511,0,3200,3200
9512,0,3200,3200
9513,0,3200,3200
9514,0,3200,3200
9515,0,3200,3200
9516,0,3200,3200
9517,0,3200,3200
9518,0,3200,3200
9519,0,3200,3200
9520,0,3200,3200
9521,0,3200,3200
9522,0,3200,3200
9523,0,3200,3200
9524,0,3200,3200
9525,0,3200,3200
9526,0,3200,3200
9527,0,3200,3200
9528,0,3200,3200
9529,0,3200,3200
9530,0,3200,3200
9531,0,3200,3200
9532,0,3200,3200
9533,0,3200,3200
9534,0,3200,3200
9535,0,3200,3200
9536,0,3200,3200
9537,0,3200,3200
9538,0,3200,3200
9539,0,3200,3200
9540,0,3200,3200
9541,0,3200,3200
9542,0,3200,3200
9543,0,3200,3200
9544,0,3200,3200
9545,0,3200,3200
9546,0,3200,3200
9547,0,3200,3200
9548,0,3200,3200
9549,0,3200,3200
9550,0,3200,3200
9551,0,3200,3200
9552,0,3200,3200
9553,0,3200,3200
9554,0,3200,3200
9555,0,3200,3200
9556,0,3200,3200
9557,0,3200,3200
9558,0,3200,3200
9559,0,3200,3200
9560,0,3200,3200
9561,0,3200,3200
9562,0,3200,3200
9563,0,3200,3200
9564,0,3200,3200
9565,0,3200,3200
9566,0,3200,3200
9567,0,3200,3200
9568,0,3200,3200
9569,0,3200,3200
9570,0,3200,3200
9571,0,3200,3200
9572,0,3200,3200
9573,0,3200,3200
9574,0,3200,3200
9575,0,3200,3200
9576,0,3200,3200
9577,0,3200,3200
9578,0,3200,3200
9579,0,3200,3200
9580,0,3200,3200
9581,0,3200,3200
9582,0,3200,3200
9583,0,3200,3200
9584,0,3200,3200
9585,0,3200,3200
9586,0,3200,3200
9587,0,3200,3200
9588,0,3200,3200
9589,0,3200,3200
9590,0,3200,3200
9591,0,3200,3200
9592,0,3200,3200
9593,0,3200,3200
9594,0,3200,3200
9595,0,3200,3200
9596,0,3200,3200
9597,0,3200,3200
9598,0,3200,3200
9599,0,3200,3200
9600,0,3200,3200
9601,0,3200,3200
9602,0,3200,3200
9603,0,3200,3200
9604,0,3200,3200
9605,0,3200,3200
9606,0,3200,3200
9607,0,3200,3200
9608,0,3200,3200
9609,0,3200,3200
9610,0,3200,3200
9611,0,3200,3200
9612,0,3200,3200
9613,0,3200,3200
9614,0,3200,3200
9615,0,3200,3200
9616,0,3200,3200
9617,0,3200,3200
9618,0,3200,3200
9619,0,3200,3200
9620,0,3200,3200
9621,0,3200,3200
9622,0,3200,3200
9623,0,3200,3200
9624,0,3200,3200
9625,0,3200,3200
9626,0,3200,3200
9627,0,3200,3200
9628,0,3200,3200
9629,0,3200,3200
9630,0,3200,3200
9631,0,3200,3200
9632,0,3200,3200
9633,0,3200,3200
9634,0,3200,3200
9635,0,3200,3200
9636,0,3200,3200
9637,0,3200,3200
9638,0,3200,3200
9639,0,3200,3200
9640,0,3200,3200
9641,0,3200,3200
9642,0,3200,3200
9643,0,3200,3200
9644,0,3200,3200
9645,0,3200,3200
9646,0,3200,3200
9647,0,3200,3200
9648,0,3200,3200
9649,0,3200,3200
9650,0,3200,3200
9651,0,3200,3200
9652,0,3200,3200
9653,0,3200,3200
9654,0,3200,3200
9655,0,3200,3200
9656,0,3200,3200
9657,0,3200,3200
9658,0,3200,3200
9659,0,3200,3200
9660,0,3200,3200
9661,0,3200,3200
9662,0,3200,3200
9663,0,3200,3200
9664,0,3200,3200
9665,0,3200,3200
9666,0,3200,3200
9667,0,3200,3200
9668,0,3200,3200
9669,0,3200,3200
9670,0,3200,3200
9671,0,3200,3200
9672,0,3200,3200
9673,0,3200,3200
9674,0,3200,3200
9675,0,3200,3200
9676,0,3200,3200
9677,0,3200,3200
9678,0,3200,3200
9679,0,3200,3200
9680,0,3200,3200
9681,0,3200,3200
9682,0,3200,3200
9683,0,3200,3200
9684,0,3200,3200
9685,0,3200,3200
9686,0,3200,3200
9687,0,3200,3200
9688,0,3200,3200
9689,0,3200,3200
9690,0,3200,3200
9691,0,3200,3200
9692,0,3200,3200
9693,0,3200,3200
9694,0,3200,3200
9695,0,3200,3200
9696,0,3200,3200
9697,0,3200,3200
9698,0,3200,3200
9699,0,3200,3200
9700,0,3200,3200
9701,0,3200,3200
9702,0,3200,3200
9703,0,3200,3200
9704,0,3200,3200
9705,0,3200,3200
9706,0,3200,3200
9707,0,3200,3200
9708,0,3200,3200
9709,0,3200,3200
9710,0,3200,3200
9711,0,3200,3200
9712,0,3200,3200
9713,0,3200,3200
9714,0,3200,3200
9715,0,3200,3200
9716,0,3200,3200
9717,0,3200,3200
9718,0,3200,3200
9719,0,3200,3200
9720,0,3200,3200
9721,0,3200,3200
9722,0,3200,3200
9723,0,3200,3200
9724,0,3200,3200
9725,0,3200,3200
9726,0,3200,3200
9727,0,3200,3200
9728,0,3200,3200
9729,0,3200,3200
9730,0,3200,3200
9731,0,3200,3200
9732,0,3200,3200
9733,0,3200,3200
9734,0,3200,3200
9735,0,3200,3200
9736,0,3200,3200
9737,0,3200,3200
9738,0,3200,3200
9739,0,3200,3200
9740,0,3200,3200
9741,0,3200,3200
9742,0,3200,3200
9743,0,3200,3200
9744,0,3200,3200
9745,0,3200,3200
9746,0,3200,3200
9747,0,3200,3200
9748,0,3200,3200
9749,0,3200,3200
9750,0,3200,3200
9751,0,3200,3200
9752,0,3200,3200
9753,0,3200,3200
9754,0,3200,3200
9755,0,3200,3200
9756,0,3200,3200
9757,0,3200,3200
9758,0,3200,3200
9759,0,3200,3200
9760,0,3200,3200
9761,0,3200,3200
9762,0,3200,3200
9763,0,3200,3200
9764,0,3200,3200
9765,0,3200,3200
9766,0,3200,3200
9767,0,3200,3200
9768,0,3200,3200
9769,0,3200,3200
9770,0,3200,3200
9771,0,3200,3200
9772,0,3200,3200
9773,0,3200,3200
9774,0,3200,3200
9775,0,3200,3200
9776,0,3200,3200
9777,0,3200,3200
9778,0,3200,3200
9779,0,3200,3200
9780,0,3200,3200
9781,0,3200,3200
9782,0,3200,3200
9783,0,3200,3200
9784,0,3200,3200
9785,0,3200,3200
9786,0,3200,3200
9787,0,3200,3200
9788,0,3200,3200
9789,0,3200,3200
9790,0,3200,3200
9791,0,3200,3200
9792,0,3200,3200
9793,0,3200,3200
9794,0,3200,3200
9795,0,3200,3200
9796,0,3200,3200
9797,0,3200,3200
9798,0,3200,3200
9799,0,3200,3200
9800,0,3200,3200
9801,0,3200,3200
9802,0,3200,3200
9803,0,3200,3200
9804,0,3200,3200
9805,0,3200,3200
9806,0,3200,3200
9807,0,3200,3200
9808,0,3200,3200
9809,0,3200,3200
9810,0,3200,3200
9811,0,3200,3200
9812,0,3200,3200
9813,0,3200,3200
9814,0,3200,3200
9815,0,3200,3200
9816,0,3200,3200
9817,0,3200,3200
9818,0,3200,3200
9819,0,3200,3200
9820,0,3200,3200
9821,0,3200,3200
9822,0,3200,3200
9823,0,3200,3200
9824,0,3200,3200
9825,0,3200,3200
9826,0,3200,3200
9827,0,3200,3200
9828,0,3200,3200
9829,0,3200,3200
9830,0,3200,3200
9831,0,3200,3200
9832,0,3200,3200
9833,0,3200,3200
9834,0,3200,3200
9835,0,3200,3200
9836,0,3200,3200
9837,0,3200,3200
9838,0,3200,3200
9839,0,3200,3200
9840,0,3200,3200
9841,0,3200,3200
9842,0,3200,3200
9843,0,3200,3200
9844,0,3200,3200
9845,0,3200,3200
9846,0,3200,3200
9847,0,3200,3200
9848,0,3200,3200
9849,0,3200,3200
9850,0,3200,3200
9851,0,3200,3200
9852,0,3200,3200
9853,0,3200,3200
9854,0,3200,3200
9855,0,3200,3200
9856,0,3200,3200
9857,0,3200,3200
9858,0,3200,3200
9859,0,3200,3200
9860,0,3200,3200
9861,0,3200,3200
9862,0,3200,3200
9863,0,3200,3200
9864,0,3200,3200
9865,0,3200,3200
9866,0,3200,3200
9867,0,3200,3200
9868,0,3200,3200
9869,0,3200,3200
9870,0,3200,3200
9871,0,3200,3200
9872,0,3200,3200
9873,0,3200,3200
9874,0,3200,3200
9875,0,3200,3200
9876,0,3200,3200
9877,0,3200,3200
9878,0,3200,3200
9879,0,3200,3200
9880,0,3200,3200
9881,0,3200,3200
9882,0,3200,3200
9883,0,3200,3200
9884,0,3200,3200
9885,0,3200,3200
9886,0,3200,3200
9887,0,3200,3200
9888,0,3200,3200
9889,0,3200,3200
9890,0,3200,3200
9891,0,3200,3200
9892,0,3200,3200
9893,0,3200,3200
9894,0,3200,3200
9895,0,3200,3200
9896,0,3200,3200
9897,0,3200,3200
9898,0,3200,3200
9899,0,3200,3200
9900,0,3200,3200
9901,0,3200,3200
9902,0,3200,3200
9903,0,3200,3200
9904,0,3200,3200
9905,0,3200,3200
9906,0,3200,3200
9907,0,3200,3200
9908,0,3200,3200
9909,0,3200,3200
9910,0,3200,3200
9911,0,3200,3200
9912,0,3200,3200
9913,0,3200,3200
9914,0,3200,3200
9915,0,3200,3200
9916,0,3200,3200
9917,0,3200,3200
9918,0,3200,3200
9919,0,3200,3200
9920,0,3200,3200
9921,0,3200,3200
9922,0,3200,3200
9923,0,3200,3200
9924,0,3200,3200
9925,0,3200,3200
9926,0,3200,3200
9927,0,3200,3200
9928,0,3200,3200
9929,0,3200,3200
9930,0,3200,3200
9931,0,3200,3200
9932,0,3200,3200
9933,0,3200,3200
9934,0,3200,3200
9935,0,3200,3200
9936,0,3200,3200
9937,0,3200,3200
9938,0,3200,3200
9939,0,3200,3200
9940,0,3200,3200
9941,0,3200,3200
9942,0,3200,3200
9943,0,3200,3200
9944,0,3200,3200
9945,0,3200,3200
9946,0,3200,3200
9947,0,3200,3200
9948,0,3200,3200
9949,0,3200,3200
9950,0,3200,3200
9951,0,3200,3200
9952,0,3200,3200
9953,0,3200,3200
9954,0,3200,3200
9955,0,3200,3200
9956,0,3200,3200
9957,0,3200,3200
9958,0,3200,3200
9959,0,3200,3200
9960,0,3200,3200
9961,0,3200,3200
9962,0,3200,3200
9963,0,3200,3200
9964,0,3200,3200
9965,0,3200,3200
9966,0,3200,3200
9967,0,3200,3200
9968,0,3200,3200
9969,0,3200,3200
9970,0,3200,3200
9971,0,3200,3200
9972,0,3200,3200
9973,0,3200,3200
9974,0,3200,3200
9975,0,3200,3200
9976,0,3200,3200
9977,0,3200,3200
9978,0,3200,3200
9979,0,3200,3200
9980,0,3200,3200
9981,0,3200,3200
9982,0,3200,3200
9983,0,3200,3200
9984,0,3200,3200
9985,0,3200,3200
9986,0,3200,3200
9987,0,3200,3200
9988,0,3200,3200
9989,0,3200,3200
9990,0,3200,3200
9991,0,3200,3200
9992,0,3200,3200
9993,0,3200,3200
9994,0,3200,3200
9995,0,3200,3200
9996,0,3200,3200
9997,0,3200,3200
9998,0,3200,3200
9999,0,3200,3200
10000,0,3200,3200
10001,0,3200,3200
10002,0,3200,3200
10003,0,3200,3200
10004,0,3200,3200
10005,0,3200,3200
10006,0,3200,3200
10007,0,3200,3200
10008,0,3200,3200
10009,0,3200,3200
10010,0,3200,3200
10011,0,3200,3200
10012,0,3200,3200
10013,0,3200,3200
10014,0,3200,3200
10015,0,3200,3200
10016,0,3200,3200
10017,0,3200,3200
10018,0,3200,3200
10019,0,3200,3200
10020,0,3200,3200
10021,0,3200,3200
10022,0,3200,3200
10023,0,3200,3200
10024,0,3200,3200
10025,0,3200,3200
10026,0,3200,3200
10027,0,3200,3200
10028,0,3200,3200
10029,0,3200,3200
10030,0,3200,3200
10031,0,3200,3200
10032,0,3200,3200
10033,0,3200,3200
10034,0,3200,3200
10035,0,3200,3200
10036,0,3200,3200
10037,0,3200,3200
10038,0,3200,3200
10039,0,3200,3200
10040,0,3200,3200
10041,0,3200,3200
10042,0,3200,3200
10043,0,3200,3200
10044,0,3200,3200
10045,0,3200,3200
10046,0,3200,3200
10047,0,3200,3200
10048,0,3200,3200
10049,0,3200,3200
10050,0,3200,3200
10051,0,3200,3200
10052,0,3200,3200
10053,0,3200,3200
10054,0,3200,3200
10055,0,3200,3200
10056,0,3200,3200
10057,0,3200,3200
10058,0,3200,3200
10059,0,3200,3200
10060,0,3200,3200
10061,0,3200,3200
10062,0,3200,3200
10063,0,3200,3200
10064,0,3200,3200
10065,0,3200,3200
10066,0,3200,3200
10067,0,3200,3200
10068,0,3200,3200
10069,0,3200,3200
10070,0,3200,3200
10071,0,3200,3200
10072,0,3200,3200
10073,0,3200,3200
10074,0,3200,3200
10075,0,3200,3200
10076,0,3200,3200
10077,0,3200,3200
10078,0,3200,3200
10079,0,3200,3200
10080,0,3200,3200
10081,0,3200,3200
10082,0,3200,3200
10083,0,3200,3200
10084,0,3200,3200
10085,0,3200,3200
10086,0,3200,3200
10087,0,3200,3200
10088,0,3200,3200
10089,0,3200,3200
10090,0,3200,3200
10091,0,3200,3200
10092,0,3200,3200
10093,0,3200,3200
10094,0,3200,3200
10095,0,3200,3200
10096,0,3200,3200
10097,0,3200,3200
10098,0,3200,3200
10099,0,3200,3200
10100,0,3200,3200
10101,0,3200,3200
10102,0,3200,3200
10103,0,3200,3200
10104,0,3200,3200
10105,0,3200,3200
10106,0,3200,3200
10107,0,3200,3200
10108,0,3200,3200
10109,0,3200,3200
10110,0,3200,3200
10111,0,3200,3200
10112,0,3200,3200
10113,0,3200,3200
10114,0,3200,3200
10115,0,3200,3200
10116,0,3200,3200
10117,0,3200,3200
10118,0,3200,3200
10119,0,3200,3200
10120,0,3200,3200
10121,0,3200,3200
10122,0,3200,3200
10123,0,3200,3200
10124,0,3200,3200
10125,0,3200,3200
10126,0,3200,3200
10127,0,3200,3200
10128,0,3200,3200
10129,0,3200,3200
10130,0,3200,3200
10131,0,3200,3200
10132,0,3200,3200
10133,0,3200,3200
10134,0,3200,3200
10135,0,3200,3200
10136,0,3200,3200
10137,0,3200,3200
10138,0,3200,3200
10139,0,3200,3200
10140,0,3200,3200
10141,0,3200,3200
10142,0,3200,3200
10143,0,3200,3200
10144,0,3200,3200
10145,0,3200,3200
10146,0,3200,3200
10147,0,3200,3200
10148,0,3200,3200
10149,0,3200,3200
10150,0,3200,3200
10151,0,3200,3200
10152,0,3200,3200
10153,0,3200,3200
10154,0,3200,3200
10155,0,3200,3200
10156,0,3200,3200
10157,0,3200,3200
10158,0,3200,3200
10159,0,3200,3200
10160,0,3200,3200
10161,0,3200,3200
10162,0,3200,3200
10163,0,3200,3200
10164,0,3200,3200
10165,0,3200,3200
10166,0,3200,3200
10167,0,3200,3200
10168,0,3200,3200
10169,0,3200,3200
10170,0,3200,3200
10171,0,3200,3200
10172,0,3200,3200
10173,0,3200,3200
10174,0,3200,3200
10175,0,3200,3200
10176,0,3200,3200
10177,0,3200,3200
10178,0,3200,3200
10179,0,3200,3200
10180,0,3200,3200
10181,0,3200,3200
10182,0,3200,3200
10183,0,3200,3200
10184,0,3200,3200
10185,0,3200,3200
10186,0,3200,3200
10187,0,3200,3200
10188,0,3200,3200
10189,0,3200,3200
10190,0,3200,3200
10191,0,3200,3200
10192,0,3200,3200
10193,0,3200,3200
10194,0,3200,3200
10195,0,3200,3200
10196,0,3200,3200
10197,0,3200,3200
10198,0,3200,3200
10199,0,3200,3200
10200,0,3200,3200
10201,0,3200,3200
10202,0,3200,3200
10203,0,3200,3200
10204,0,3200,3200
10205,0,3200,3200
10206,0,3200,3200
10207,0,3200,3200
10208,0,3200,3200
10209,0,3200,3200
10210,0,3200,3200
10211,0,3200,3200
10212,0,3200,3200
10213,0,3200,3200
10214,0,3200,3200
10215,0,3200,3200
10216,0,3200,3200
10217,0,3200,3200
10218,0,3200,3200
10219,0,3200,3200
10220,0,3200,3200
10221,0,3200,3200
10222,0,3200,3200
10223,0,3200,3200
10224,0,3200,3200
10225,0,3200,3200
10226,0,3200,3200
10227,0,3200,3200
10228,0,3200,3200
10229,0,3200,3200
10230,0,3200,3200
10231,0,3200,3200
10232,0,3200,3200
10233,0,3200,3200
10234,0,3200,3200
10235,0,3200,3200
10236,0,3200,3200
10237,0,3200,3200
10238,0,3200,3200
10239,0,3200,3200
10240,0,3200,3200
10241,0,3200,3200
10242,0,3200,3200
10243,0,3200,3200
10244,0,3200,3200
10245,0,3200,3200
10246,0,3200,3200
10247,0,3200,3200
10248,0,3200,3200
10249,0,3200,3200
10250,0,3200,3200
10251,0,3200,3200
10252,0,3200,3200
10253,0,3200,3200
10254,0,3200,3200
10255,0,3200,3200
10256,0,3200,3200
10257,0,3200,3200
10258,0,3200,3200
10259,0,3200,3200
10260,0,3200,3200
10261,0,3200,3200
10262,0,3200,3200
10263,0,3200,3200
10264,0,3200,3200
10265,0,3200,3200
10266,0,3200,3200
10267,0,3200,3200
10268,0,3200,3200
10269,0,3200,3200
10270,0,3200,3200
10271,0,3200,3200
10272,0,3200,3200
10273,0,3200,3200
10274,0,3200,3200
10275,0,3200,3200
10276,0,3200,3200
10277,0,3200,3200
10278,0,3200,3200
10279,0,3200,3200
10280,0,3200,3200
10281,0,3200,3200
10282,0,3200,3200
10283,0,3200,3200
10284,0,3200,3200
10285,0,3200,3200
10286,0,3200,3200
10287,0,3200,3200
10288,0,3200,3200
10289,0,3200,3200
10290,0,3200,3200
10291,0,3200,3200
10292,0,3200,3200
10293,0,3200,3200
10294,0,3200,3200
10295,0,3200,3200
10296,0,3200,3200
10297,0,3200,3200
10298,0,3200,3200
10299,0,3200,3200
10300,0,3200,3200
10301,0,3200,3200
10302,0,3200,3200
10303,0,3200,3200
10304,0,3200,3200
10305,0,3200,3200
10306,0,3200,3200
10307,0,3200,3200
10308,0,3200,3200
10309,0,3200,3200
10310,0,3200,3200
10311,0,3200,3200
10312,0,3200,3200
10313,0,3200,3200
10314,0,3200,3200
10315,0,3200,3200
10316,0,3200,3200
10317,0,3200,3200
10318,0,3200,3200
10319,0,3200,3200
10320,0,3200,3200
10321,0,3200,3200
10322,0,3200,3200
10323,0,3200,3200
10324,0,3200,3200
10325,0,3200,3200
10326,0,3200,3200
10327,0,3200,3200
10328,0,3200,3200
10329,0,3200,3200
10330,0,3200,3200
10331,0,3200,3200
10332,0,3200,3200
10333,0,3200,3200
10334,0,3200,3200
10335,0,3200,3200
10336,0,3200,3200
10337,0,3200,3200
10338,0,3200,3200
10339,0,3200,3200
10340,0,3200,3200
10341,0,3200,3200
10342,0,3200,3200
10343,0,3200,3200
10344,0,3200,3200
10345,0,3200,3200
10346,0,3200,3200
10347,0,3200,3200
10348,0,3200,3200
10349,0,3200,3200
10350,0,3200,3200
10351,0,3200,3200
10352,0,3200,3200
10353,0,3200,3200
10354,0,3200,3200
10355,0,3200,3200
10356,0,3200,3200
10357,0,3200,3200
10358,0,3200,3200
10359,0,3200,3200
10360,0,3200,3200
10361,0,3200,3200
10362,0,3200,3200
10363,0,3200,3200
10364,0,3200,3200
10365,0,3200,3200
10366,0,3200,3200
10367,0,3200,3200
10368,0,3200,3200
10369,0,3200,3200
10370,0,3200,3200
10371,0,3200,3200
10372,0,3200,3200
10373,0,3200,3200
10374,0,3200,3200
10375,0,3200,3200
10376,0,3200,3200
10377,0,3200,3200
10378,0,3200,3200
10379,0,3200,3200
10380,0,3200,3200
10381,0,3200,3200
10382,0,3200,3200
10383,0,3200,3200
10384,0,3200,3200
10385,0,3200,3200
10386,0,3200,3200
10387,0,3200,3200
10388,0,3200,3200
10389,0,3200,3200
10390,0,3200,3200
10391,0,3200,3200
10392,0,3200,3200
10393,0,3200,3200
10394,0,3200,3200
10395,0,3200,3200
10396,0,3200,3200
10397,0,3200,3200
10398,0,3200,3200
10399,0,3200,3200
10400,0,3200,3200
10401,0,3200,3200
10402,0,3200,3200
10403,0,3200,3200
10404,0,3200,3200
10405,0,3200,3200
10406,0,3200,3200
10407,0,3200,3200
10408,0,3200,3200
10409,0,3200,3200
10410,0,3200,3200
10411,0,3200,3200
10412,0,3200,3200
10413,0,3200,3200
10414,0,3200,3200
10415,0,3200,3200
10416,0,3200,3200
10417,0,3200,3200
10418,0,3200,3200
10419,0,3200,3200
10420,0,3200,3200
10421,0,3200,3200
10422,0,3200,3200
10423,0,3200,3200
10424,0,3200,3200
10425,0,3200,3200
10426,0,3200,3200
10427,0,3200,3200
10428,0,3200,3200
10429,0,3200,3200
10430,0,3200,3200
10431,0,3200,3200
10432,0,3200,3200
10433,0,3200,3200
10434,0,3200,3200
10435,0,3200,3200
10436,0,3200,3200
10437,0,3200,3200
10438,0,3200,3200
10439,0,3200,3200
10440,0,3200,3200
10441,0,3200,3200
10442,0,3200,3200
10443,0,3200,3200
10444,0,3200,3200
10445,0,3200,3200
10446,0,3200,3200
10447,0,3200,3200
10448,0,3200,3200
10449,0,3200,3200
10450,0,3200,3200
10451,0,3200,3200
10452,0,3200,3200
10453,0,3200,3200
10454,0,3200,3200
10455,0,3200,3200
10456,0,3200,3200
10457,0,3200,3200
10458,0,3200,3200
10459,0,3200,3200
10460,0,3200,3200
10461,0,3200,3200
10462,0,3200,3200
10463,0,3200,3200
10464,0,3200,3200
10465,0,3200,3200
10466,0,3200,3200
10467,0,3200,3200
10468,0,3200,3200
10469,0,3200,3200
10470,0,3200,3200
10471,0,3200,3200
10472,0,3200,3200
10473,0,3200,3200
10474,0,3200,3200
10475,0,3200,3200
10476,0,3200,3200
10477,0,3200,3200
10478,0,3200,3200
10479,0,3200,3200
10480,0,3200,3200
10481,0,3200,3200
10482,0,3200,3200
10483,0,3200,3200
10484,0,3200,3200
10485,0,3200,3200
10486,0,3200,3200
10487,0,3200,3200
10488,0,3200,3200
10489,0,3200,3200
10490,0,3200,3200
10491,0,3200,3200
10492,0,3200,3200
10493,0,3200,3200
10494,0,3200,3200
10495,0,3200,3200
10496,0,3200,3200
10497,0,3200,3200
10498,0,3200,3200
10499,0,3200,3200
10500,0,3200,3200
10501,0,3200,3200
10502,0,3200,3200
10503,0,3200,3200
10504,0,3200,3200
10505,0,3200,3200
10506,0,3200,3200
10507,0,3200,3200
10508,0,3200,3200
10509,0,3200,3200
10510,0,3200,3200
10511,0,3200,3200
10512,0,3200,3200
10513,0,3200,3200
10514,0,3200,3200
10515,0,3200,3200
10516,0,3200,3200
10517,0,3200,3200
10518,0,3200,3200
10519,0,3200,3200
10520,0,3200,3200
10521,0,3200,3200
10522,0,3200,3200
10523,0,3200,3200
10524,0,3200,3200
10525,0,3200,3200
10526,0,3200,3200
10527,0,3200,3200
10528,0,3200,3200
10529,0,3200,3200
10530,0,3200,3200
10531,0,3200,3200
10532,0,3200,3200
10533,0,3200,3200
10534,0,3200,3200
10535,0,3200,3200
10536,0,3200,3200
10537,0,3200,3200
10538,0,3200,3200
10539,0,3200,3200
10540,0,3200,3200
10541,0,3200,3200
10542,0,3200,3200
10543,0,3200,3200
10544,0,3200,3200
10545,0,3200,3200
10546,0,3200,3200
10547,0,3200,3200
10548,0,3200,3200
10549,0,3200,3200
10550,0,3200,3200
10551,0,3200,3200
10552,0,3200,3200
10553,0,3200,3200
10554,0,3200,3200
10555,0,3200,3200
10556,0,3200,3200
10557,0,3200,3200
10558,0,3200,3200
10559,0,3200,3200
10560,0,3200,3200
10561,0,3200,3200
10562,0,3200,3200
10563,0,3200,3200
10564,0,3200,3200
10565,0,3200,3200
10566,0,3200,3200
10567,0,3200,3200
10568,0,3200,3200
10569,0,3200,3200
10570,0,3200,3200
10571,0,3200,3200
10572,0,3200,3200
10573,0,3200,3200
10574,0,3200,3200
10575,0,3200,3200
10576,0,3200,3200
10577,0,3200,3200
10578,0,3200,3200
10579,0,3200,3200
10580,0,3200,3200
10581,0,3200,3200
10582,0,3200,3200
10583,0,3200,3200
10584,0,3200,3200
10585,0,3200,3200
10586,0,3200,3200
10587,0,3200,3200
10588,0,3200,3200
10589,0,3200,3200
10590,0,3200,3200
10591,0,3200,3200
10592,0,3200,3200
10593,0,3200,3200
10594,0,3200,3200
10595,0,3200,3200
10596,0,3200,3200
10597,0,3200,3200
10598,0,3200,3200
10599,0,3200,3200
10600,0,3200,3200
10601,0,3200,3200
10602,0,3200,3200
10603,0,3200,3200
10604,0,3200,3200
10605,0,3200,3200
10606,0,3200,3200
10607,0,3200,3200
10608,0,3200,3200
10609,0,3200,3200
10610,0,3200,3200
10611,0,3200,3200
10612,0,3200,3200
10613,0,3200,3200
10614,0,3200,3200
10615,0,3200,3200
10616,0,3200,3200
10617,0,3200,3200
10618,0,3200,3200
10619,0,3200,3200
10620,0,3200,3200
10621,0,3200,3200
10622,0,3200,3200
10623,0,3200,3200
10624,0,3200,3200
10625,0,3200,3200
10626,0,3200,3200
10627,0,3200,3200
10628,0,3200,3200
10629,0,3200,3200
10630,0,3200,3200
10631,0,3200,3200
10632,0,3200,3200
10633,0,3200,3200
10634,0,3200,3200
10635,0,3200,3200
10636,0,3200,3200
10637,0,3200,3200
10638,0,3200,3200
10639,0,3200,3200
10640,0,3200,3200
10641,0,3200,3200
10642,0,3200,3200
10643,0,3200,3200
10644,0,3200,3200
10645,0,3200,3200
10646,0,3200,3200
10647,0,3200,3200
10648,0,3200,3200
10649,0,3200,3200
10650,0,3200,3200
10651,0,3200,3200
10652,0,3200,3200
10653,0,3200,3200
10654,0,3200,3200
10655,0,3200,3200
10656,0,3200,3200
10657,0,3200,3200
10658,0,3200,3200
10659,0,3200,3200
10660,0,3200,3200
10661,0,3200,3200
10662,0,3200,3200
10663,0,3200,3200
10664,0,3200,3200
10665,0,3200,3200
10666,0,3200,3200
10667,0,3200,3200
10668,0,3200,3200
10669,0,3200,3200
10670,0,3200,3200
10671,0,3200,3200
10672,0,3200,3200
10673,0,3200,3200
10674,0,3200,3200
10675,0,3200,3200
10676,0,3200,3200
10677,0,3200,3200
10678,0,3200,3200
10679,0,3200,3200
10680,0,3200,3200
10681,0,3200,3200
10682,0,3200,3200
10683,0,3200,3200
10684,0,3200,3200
10685,0,3200,3200
10686,0,3200,3200
10687,0,3200,3200
10688,0,3200,3200
10689,0,3200,3200
10690,0,3200,3200
10691,0,3200,3200
10692,0,3200,3200
10693,0,3200,3200
10694,0,3200,3200
10695,0,3200,3200
10696,0,3200,3200
10697,0,3200,3200
10698,0,3200,3200
10699,0,3200,3200
10700,0,3200,3200
10701,0,3200,3200
10702,0,3200,3200
10703,0,3200,3200
10704,0,3200,3200
10705,0,3200,3200
10706,0,3200,3200
10707,0,3200,3200
10708,0,3200,3200
10709,0,3200,3200
10710,0,3200,3200
10711,0,3200,3200
10712,0,3200,3200
10713,0,3200,3200
10714,0,3200,3200
10715,0,3200,3200
10716,0,3200,3200
10717,0,3200,3200
10718,0,3200,3200
10719,0,3200,3200
10720,0,3200,3200
10721,0,3200,3200
10722,0,3200,3200
10723,0,3200,3200
10724,0,3200,3200
10725,0,3200,3200
10726,0,3200,3200
10727,0,3200,3200
10728,0,3200,3200
10729,0,3200,3200
10730,0,3200,3200
10731,0,3200,3200
10732,0,3200,3200
10733,0,3200,3200
10734,0,3200,3200
10735,0,3200,3200
10736,0,3200,3200
10737,0,3200,3200
10738,0,3200,3200
10739,0,3200,3200
10740,0,3200,3200
10741,0,3200,3200
10742,0,3200,3200
10743,0,3200,3200
10744,0,3200,3200
10745,0,3200,3200
10746,0,3200,3200
10747,0,3200,3200
10748,0,3200,3200
10749,0,3200,3200
10750,0,3200,3200
10751,0,3200,3200
10752,0,3200,3200
10753,0,3200,3200
10754,0,3200,3200
10755,0,3200,3200
10756,0,3200,3200
10757,0,3200,3200
10758,0,3200,3200
10759,0,3200,3200
10760,0,3200,3200
10761,0,3200,3200
10762,0,3200,3200
10763,0,3200,3200
10764,0,3200,3200
10765,0,3200,3200
10766,0,3200,3200
10767,0,3200,3200
10768,0,3200,3200
10769,0,3200,3200
10770,0,3200,3200
10771,0,3200,3200
10772,0,3200,3200
10773,0,3200,3200
10774,0,3200,3200
10775,0,3200,3200
10776,0,3200,3200
10777,0,3200,3200
10778,0,3200,3200
10779,0,3200,3200
10780,0,3200,3200
10781,0,3200,3200
10782,0,3200,3200
10783,0,3200,3200
10784,0,3200,3200
10785,0,3200,3200
10786,0,3200,3200
10787,0,3200,3200
10788,0,3200,3200
10789,0,3200,3200
10790,0,3200,3200
10791,0,3200,3200
10792,0,3200,3200
10793,0,3200,3200
10794,0,3200,3200
10795,0,3200,3200
10796,0,3200,3200
10797,0,3200,3200
10798,0,3200,3200
10799,0,3200,3200
10800,0,3200,3200
10801,0,3200,3200
10802,0,3200,3200
10803,0,3200,3200
10804,0,3200,3200
10805,0,3200,3200
10806,0,3200,3200
10807,0,3200,3200
10808,0,3200,3200
10809,0,3200,3200
10810,0,3200,3200
10811,0,3200,3200
10812,0,3200,3200
10813,0,3200,3200
10814,0,3200,3200
10815,0,3200,3200
10816,0,3200,3200
10817,0,3200,3200
10818,0,3200,3200
10819,0,3200,3200
10820,0,3200,3200
10821,0,3200,3200
10822,0,3200,3200
10823,0,3200,3200
10824,0,3200,3200
10825,0,3200,3200
10826,0,3200,3200
10827,0,3200,3200
10828,0,3200,3200
10829,0,3200,3200
10830,0,3200,3200
10831,0,3200,3200
10832,0,3200,3200
10833,0,3200,3200
10834,0,3200,3200
10835,0,3200,3200
10836,0,3200,3200
10837,0,3200,3200
10838,0,3200,3200
10839,0,3200,3200
10840,0,3200,3200
10841,0,3200,3200
10842,0,3200,3200
10843,0,3200,3200
10844,0,3200,3200
10845,0,3200,3200
10846,0,3200,3200
10847,0,3200,3200
10848,0,3200,3200
10849,0,3200,3200
10850,0,3200,3200
10851,0,3200,3200
10852,0,3200,3200
10853,0,3200,3200
10854,0,3200,3200
10855,0,3200,3200
10856,0,3200,3200
10857,0,3200,3200
10858,0,3200,3200
10859,0,3200,3200
10860,0,3200,3200
10861,0,3200,3200
10862,0,3200,3200
10863,0,3200,3200
10864,0,3200,3200
10865,0,3200,3200
10866,0,3200,3200
10867,0,3200,3200
10868,0,3200,3200
10869,0,3200,3200
10870,0,3200,3200
10871,0,3200,3200
10872,0,3200,3200
10873,0,3200,3200
10874,0,3200,3200
10875,0,3200,3200
10876,0,3200,3200
10877,0,3200,3200
10878,0,3200,3200
10879,0,3200,3200
10880,0,3200,3200
10881,0,3200,3200
10882,0,3200,3200
10883,0,3200,3200
10884,0,3200,3200
10885,0,3200,3200
10886,0,3200,3200
10887,0,3200,3200
10888,0,3200,3200
10889,0,3200,3200
10890,0,3200,3200
10891,0,3200,3200
10892,0,3200,3200
10893,0,3200,3200
10894,0,3200,3200
10895,0,3200,3200
10896,0,3200,3200
10897,0,3200,3200
10898,0,3200,3200
10899,0,3200,3200
10900,0,3200,3200
10901,0,3200,3200
10902,0,3200,3200
10903,0,3200,3200
10904,0,3200,3200
10905,0,3200,3200
10906,0,3200,3200
10907,0,3200,3200
10908,0,3200,3200
10909,0,3200,3200
10910,0,3200,3200
10911,0,3200,3200
10912,0,3200,3200
10913,0,3200,3200
10914,0,3200,3200
10915,0,3200,3200
10916,0,3200,3200
10917,0,3200,3200
10918,0,3200,3200
10919,0,3200,3200
10920,0,3200,3200
10921,0,3200,3200
10922,0,3200,3200
10923,0,3200,3200
10924,0,3200,3200
10925,0,3200,3200
10926,0,3200,3200
10927,0,3200,3200
10928,0,3200,3200
10929,0,3200,3200
10930,0,3200,3200
10931,0,3200,3200
10932,0,3200,3200
10933,0,3200,3200
10934,0,3200,3200
10935,0,3200,3200
10936,0,3200,3200
10937,0,3200,3200
10938,0,3200,3200
10939,0,3200,3200
10940,0,3200,3200
10941,0,3200,3200
10942,0,3200,3200
10943,0,3200,3200
10944,0,3200,3200
10945,0,3200,3200
10946,0,3200,3200
10947,0,3200,3200
10948,0,3200,3200
10949,0,3200,3200
10950,0,3200,3200
10951,0,3200,3200
10952,0,3200,3200
10953,0,3200,3200
10954,0,3200,3200
10955,0,3200,3200
10956,0,3200,3200
10957,0,3200,3200
10958,0,3200,3200
10959,0,3200,3200
10960,0,3200,3200
10961,0,3200,3200
10962,0,3200,3200
10963,0,3200,3200
10964,0,3200,3200
10965,0,3200,3200
10966,0,3200,3200
10967,0,3200,3200
10968,0,3200,3200
10969,0,3200,3200
10970,0,3200,3200
10971,0,3200,3200
10972,0,3200,3200
10973,0,3200,3200
10974,0,3200,3200
10975,0,3200,3200
10976,0,3200,3200
10977,0,3200,3200
10978,0,3200,3200
10979,0,3200,3200
10980,0,3200,3200
10981,0,3200,3200
10982,0,3200,3200
10983,0,3200,3200
10984,0,3200,3200
10985,0,3200,3200
10986,0,3200,3200
10987,0,3200,3200
10988,0,3200,3200
10989,0,3200,3200
10990,0,3200,3200
10991,0,3200,3200
10992,0,3200,3200
10993,0,3200,3200
10994,0,3200,3200
10995,0,3200,3200
10996,0,3200,3200
10997,0,3200,3200
10998,0,3200,3200
10999,0,3200,3200
11000,0,3200,3200
11001,0,3200,3200
11002,0,3200,3200
11003,0,3200,3200
11004,0,3200,3200
11005,0,3200,3200
11006,0,3200,3200
11007,0,3200,3200
11008,0,3200,3200
11009,0,3200,3200
11010,0,3200,3200
11011,0,3200,3200
11012,0,3200,3200
11013,0,3200,3200
11014,0,3200,3200
11015,0,3200,3200
11016,0,3200,3200
11017,0,3200,3200
11018,0,3200,3200
11019,0,3200,3200
11020,0,3200,3200
11021,0,3200,3200
11022,0,3200,3200
11023,0,3200,3200
11024,0,3200,3200
11025,0,3200,3200
11026,0,3200,3200
11027,0,3200,3200
11028,0,3200,3200
11029,0,3200,3200
11030,0,3200,3200
11031,0,3200,3200
11032,0,3200,3200
11033,0,3200,3200
11034,0,3200,3200
11035,0,3200,3200
11036,0,3200,3200
11037,0,3200,3200
11038,0,3200,3200
11039,0,3200,3200
11040,0,3200,3200
11041,0,3200,3200
11042,0,3200,3200
11043,0,3200,3200
11044,0,3200,3200
11045,0,3200,3200
11046,0,3200,3200
11047,0,3200,3200
11048,0,3200,3200
11049,0,3200,3200
11050,0,3200,3200
11051,0,3200,3200
11052,0,3200,3200
11053,0,3200,3200
11054,0,3200,3200
11055,0,3200,3200
11056,0,3200,3200
11057,0,3200,3200
11058,0,3200,3200
11059,0,3200,3200
11060,0,3200,3200
11061,0,3200,3200
11062,0,3200,3200
11063,0,3200,3200
11064,0,3200,3200
11065,0,3200,3200
11066,0,3200,3200
11067,0,3200,3200
11068,0,3200,3200
11069,0,3200,3200
11070,0,3200,3200
11071,0,3200,3200
11072,0,3200,3200
11073,0,3200,3200
11074,0,3200,3200
11075,0,3200,3200
11076,0,3200,3200
11077,0,3200,3200
11078,0,3200,3200
11079,0,3200,3200
11080,0,3200,3200
11081,0,3200,3200
11082,0,3200,3200
11083,0,3200,3200
11084,0,3200,3200
11085,0,3200,3200
11086,0,3200,3200
11087,0,3200,3200
11088,0,3200,3200
11089,0,3200,3200
11090,0,3200,3200
11091,0,3200,3200
11092,0,3200,3200
11093,0,3200,3200
11094,0,3200,3200
11095,0,3200,3200
11096,0,3200,3200
11097,0,3200,3200
11098,0,3200,3200
11099,0,3200,3200
11100,0,3200,3200
11101,0,3200,3200
11102,0,3200,3200
11103,0,3200,3200
11104,0,3200,3200
11105,0,3200,3200
11106,0,3200,3200
11107,0,3200,3200
11108,0,3200,3200
11109,0,3200,3200
11110,0,3200,3200
11111,0,3200,3200
11112,0,3200,3200
11113,0,3200,3200
11114,0,3200,3200
11115,0,3200,3200
11116,0,3200,3200
11117,0,3200,3200
11118,0,3200,3200
11119,0,3200,3200
11120,0,3200,3200
11121,0,3200,3200
11122,0,3200,3200
11123,0,3200,3200
11124,0,3200,3200
11125,0,3200,3200
11126,0,3200,3200
11127,0,3200,3200
11128,0,3200,3200
11129,0,3200,3200
11130,0,3200,3200
11131,0,3200,3200
11132,0,3200,3200
11133,0,3200,3200
11134,0,3200,3200
11135,0,3200,3200
11136,0,3200,3200
11137,0,3200,3200
11138,0,3200,3200
11139,0,3200,3200
11140,0,3200,3200
11141,0,3200,3200
11142,0,3200,3200
11143,0,3200,3200
11144,0,3200,3200
11145,0,3200,3200
11146,0,3200,3200
11147,0,3200,3200
11148,0,3200,3200
11149,0,3200,3200
11150,0,3200,3200
11151,0,3200,3200
11152,0,3200,3200
11153,0,3200,3200
11154,0,3200,3200
11155,0,3200,3200
11156,0,3200,3200
11157,0,3200,3200
11158,0,3200,3200
11159,0,3200,3200
11160,0,3200,3200
11161,0,3200,3200
11162,0,3200,3200
11163,0,3200,3200
11164,0,3200,3200
11165,0,3200,3200
11166,0,3200,3200
11167,0,3200,3200
11168,0,3200,3200
11169,0,3200,3200
11170,0,3200,3200
11171,0,3200,3200
11172,0,3200,3200
11173,0,3200,3200
11174,0,3200,3200
11175,0,3200,3200
11176,0,3200,3200
11177,0,3200,3200
11178,0,3200,3200
11179,0,3200,3200
11180,0,3200,3200
11181,0,3200,3200
11182,0,3200,3200
11183,0,3200,3200
11184,0,3200,3200
11185,0,3200,3200
11186,0,3200,3200
11187,0,3200,3200
11188,0,3200,3200
11189,0,3200,3200
11190,0,3200,3200
11191,0,3200,3200
11192,0,3200,3200
11193,0,3200,3200
11194,0,3200,3200
11195,0,3200,3200
11196,0,3200,3200
11197,0,3200,3200
11198,0,3200,3200
11199,0,3200,3200
11200,0,3200,3200
11201,0,3200,3200
11202,0,3200,3200
11203,0,3200,3200
11204,0,3200,3200
11205,0,3200,3200
11206,0,3200,3200
11207,0,3200,3200
11208,0,3200,3200
11209,0,3200,3200
11210,0,3200,3200
11211,0,3200,3200
11212,0,3200,3200
11213,0,3200,3200
11214,0,3200,3200
11215,0,3200,3200
11216,0,3200,3200
11217,0,3200,3200
11218,0,3200,3200
11219,0,3200,3200
11220,0,3200,3200
11221,0,3200,3200
11222,0,3200,3200
11223,0,3200,3200
11224,0,3200,3200
11225,0,3200,3200
11226,0,3200,3200
11227,0,3200,3200
11228,0,3200,3200
11229,0,3200,3200
11230,0,3200,3200
11231,0,3200,3200
11232,0,3200,3200
11233,0,3200,3200
11234,0,3200,3200
11235,0,3200,3200
11236,0,3200,3200
11237,0,3200,3200
11238,0,3200,3200
11239,0,3200,3200
11240,0,3200,3200
11241,0,3200,3200
11242,0,3200,3200
11243,0,3200,3200
11244,0,3200,3200
11245,0,3200,3200
11246,0,3200,3200
11247,0,3200,3200
11248,0,3200,3200
11249,0,3200,3200
11250,0,3200,3200
11251,0,3200,3200
11252,0,3200,3200
11253,0,3200,3200
11254,0,3200,3200
11255,0,3200,3200
11256,0,3200,3200
11257,0,3200,3200
11258,0,3200,3200
11259,0,3200,3200
11260,0,3200,3200
11261,0,3200,3200
11262,0,3200,3200
11263,0,3200,3200
11264,0,3200,3200
11265,0,3200,3200
11266,0,3200,3200
11267,0,3200,3200
11268,0,3200,3200
11269,0,3200,3200
11270,0,3200,3200
11271,0,3200,3200
11272,0,3200,3200
11273,0,3200,3200
11274,0,3200,3200
11275,0,3200,3200
11276,0,3200,3200
11277,0,3200,3200
11278,0,3200,3200
11279,0,3200,3200
11280,0,3200,3200
11281,0,3200,3200
11282,0,3200,3200
11283,0,3200,3200
11284,0,3200,3200
11285,0,3200,3200
11286,0,3200,3200
11287,0,3200,3200
11288,0,3200,3200
11289,0,3200,3200
11290,0,3200,3200
11291,0,3200,3200
11292,0,3200,3200
11293,0,3200,3200
11294,0,3200,3200
11295,0,3200,3200
11296,0,3200,3200
11297,0,3200,3200
11298,0,3200,3200
11299,0,3200,3200
11300,0,3200,3200
11301,0,3200,3200
11302,0,3200,3200
11303,0,3200,3200
11304,0,3200,3200
11305,0,3200,3200
11306,0,3200,3200
11307,0,3200,3200
11308,0,3200,3200
11309,0,3200,3200
11310,0,3200,3200
11311,0,3200,3200
11312,0,3200,3200
11313,0,3200,3200
11314,0,3200,3200
11315,0,3200,3200
11316,0,3200,3200
11317,0,3200,3200
11318,0,3200,3200
11319,0,3200,3200
11320,0,3200,3200
11321,0,3200,3200
11322,0,3200,3200
11323,0,3200,3200
11324,0,3200,3200
11325,0,3200,3200
11326,0,3200,3200
11327,0,3200,3200
11328,0,3200,3200
11329,0,3200,3200
11330,0,3200,3200
11331,0,3200,3200
11332,0,3200,3200
11333,0,3200,3200
11334,0,3200,3200
11335,0,3200,3200
11336,0,3200,3200
11337,0,3200,3200
11338,0,3200,3200
11339,0,3200,3200
11340,0,3200,3200
11341,0,3200,3200
11342,0,3200,3200
11343,0,3200,3200
11344,0,3200,3200
11345,0,3200,3200
11346,0,3200,3200
11347,0,3200,3200
11348,0,3200,3200
11349,0,3200,3200
11350,0,3200,3200
11351,0,3200,3200
11352,0,3200,3200
11353,0,3200,3200
11354,0,3200,3200
11355,0,3200,3200
11356,0,3200,3200
11357,0,3200,3200
11358,0,3200,3200
11359,0,3200,3200
11360,0,3200,3200
11361,0,3200,3200
11362,0,3200,3200
11363,0,3200,3200
11364,0,3200,3200
11365,0,3200,3200
11366,0,3200,3200
11367,0,3200,3200
11368,0,3200,3200
11369,0,3200,3200
11370,0,3200,3200
11371,0,3200,3200
11372,0,3200,3200
11373,0,3200,3200
11374,0,3200,3200
11375,0,3200,3200
11376,0,3200,3200
11377,0,3200,3200
11378,0,3200,3200
11379,0,3200,3200
11380,0,3200,3200
11381,0,3200,3200
11382,0,3200,3200
11383,0,3200,3200
11384,0,3200,3200
11385,0,3200,3200
11386,0,3200,3200
11387,0,3200,3200
11388,0,3200,3200
11389,0,3200,3200
11390,0,3200,3200
11391,0,3200,3200
11392,0,3200,3200
11393,0,3200,3200
11394,0,3200,3200
11395,0,3200,3200
11396,0,3200,3200
11397,0,3200,3200
11398,0,3200,3200
11399,0,3200,3200
11400,0,3200,3200
11401,0,3200,3200
11402,0,3200,3200
11403,0,3200,3200
11404,0,3200,3200
11405,0,3200,3200
11406,0,3200,3200
11407,0,3200,3200
11408,0,3200,3200
11409,0,3200,3200
11410,0,3200,3200
11411,0,3200,3200
11412,0,3200,3200
11413,0,3200,3200
11414,0,3200,3200
11415,0,3200,3200
11416,0,3200,3200
11417,0,3200,3200
11418,0,3200,3200
11419,0,3200,3200
11420,0,3200,3200
11421,0,3200,3200
11422,0,3200,3200
11423,0,3200,3200
11424,0,3200,3200
11425,0,3200,3200
11426,0,3200,3200
11427,0,3200,3200
11428,0,3200,3200
11429,0,3200,3200
11430,0,3200,3200
11431,0,3200,3200
11432,0,3200,3200
11433,0,3200,3200
11434,0,3200,3200
11435,0,3200,3200
11436,0,3200,3200
11437,0,3200,3200
11438,0,3200,3200
11439,0,3200,3200
11440,0,3200,3200
11441,0,3200,3200
11442,0,3200,3200
11443,0,3200,3200
11444,0,3200,3200
11445,0,3200,3200
11446,0,3200,3200
11447,0,3200,3200
11448,0,3200,3200
11449,0,3200,3200
11450,0,3200,3200
11451,0,3200,3200
11452,0,3200,3200
11453,0,3200,3200
11454,0,3200,3200
11455,0,3200,3200
11456,0,3200,3200
11457,0,3200,3200
11458,0,3200,3200
11459,0,3200,3200
11460,0,3200,3200
11461,0,3200,3200
11462,0,3200,3200
11463,0,3200,3200
11464,0,3200,3200
11465,0,3200,3200
11466,0,3200,3200
11467,0,3200,3200
11468,0,3200,3200
11469,0,3200,3200
11470,0,3200,3200
11471,0,3200,3200
11472,0,3200,3200
11473,0,3200,3200
11474,0,3200,3200
11475,0,3200,3200
11476,0,3200,3200
11477,0,3200,3200
11478,0,3200,3200
11479,0,3200,3200
11480,0,3200,3200
11481,0,3200,3200
11482,0,3200,3200
11483,0,3200,3200
11484,0,3200,3200
11485,0,3200,3200
11486,0,3200,3200
11487,0,3200,3200
11488,0,3200,3200
11489,0,3200,3200
11490,0,3200,3200
11491,0,3200,3200
11492,0,3200,3200
11493,0,3200,3200
11494,0,3200,3200
11495,0,3200,3200
11496,0,3200,3200
11497,0,3200,3200
11498,0,3200,3200
11499,0,3200,3200
11500,0,3200,3200
11501,0,3200,3200
11502,0,3200,3200
11503,0,3200,3200
11504,0,3200,3200
11505,0,3200,3200
11506,0,3200,3200
11507,0,3200,3200
11508,0,3200,3200
11509,0,3200,3200
11510,0,3200,3200
11511,0,3200,3200
11512,0,3200,3200
11513,0,3200,3200
11514,0,3200,3200
11515,0,3200,3200
11516,0,3200,3200
11517,0,3200,3200
11518,0,3200,3200
11519,0,3200,3200
11520,0,3200,3200
11521,0,3200,3200
11522,0,3200,3200
11523,0,3200,3200
11524,0,3200,3200
11525,0,3200,3200
11526,0,3200,3200
11527,0,3200,3200
11528,0,3200,3200
11529,0,3200,3200
11530,0,3200,3200
11531,0,3200,3200
11532,0,3200,3200
11533,0,3200,3200
11534,0,3200,3200
11535,0,3200,3200
11536,0,3200,3200
11537,0,3200,3200
11538,0,3200,3200
11539,0,3200,3200
11540,0,3200,3200
11541,0,3200,3200
11542,0,3200,3200
11543,0,3200,3200
11544,0,3200,3200
11545,0,3200,3200
11546,0,3200,3200
11547,0,3200,3200
11548,0,3200,3200
11549,0,3200,3200
11550,0,3200,3200
11551,0,3200,3200
11552,0,3200,3200
11553,0,3200,3200
11554,0,3200,3200
11555,0,3200,3200
11556,0,3200,3200
11557,0,3200,3200
11558,0,3200,3200
11559,0,3200,3200
11560,0,3200,3200
11561,0,3200,3200
11562,0,3200,3200
11563,0,3200,3200
11564,0,3200,3200
11565,0,3200,3200
11566,0,3200,3200
11567,0,3200,3200
11568,0,3200,3200
11569,0,3200,3200
11570,0,3200,3200
11571,0,3200,3200
11572,0,3200,3200
11573,0,3200,3200
11574,0,3200,3200
11575,0,3200,3200
11576,0,3200,3200
11577,0,3200,3200
11578,0,3200,3200
11579,0,3200,3200
11580,0,3200,3200
11581,0,3200,3200
11582,0,3200,3200
11583,0,3200,3200
11584,0,3200,3200
11585,0,3200,3200
11586,0,3200,3200
11587,0,3200,3200
11588,0,3200,3200
11589,0,3200,3200
11590,0,3200,3200
11591,0,3200,3200
11592,0,3200,3200
11593,0,3200,3200
11594,0,3200,3200
11595,0,3200,3200
11596,0,3200,3200
11597,0,3200,3200
11598,0,3200,3200
11599,0,3200,3200
11600,0,3200,3200
11601,0,3200,3200
11602,0,3200,3200
11603,0,3200,3200
11604,0,3200,3200
11605,0,3200,3200
11606,0,3200,3200
11607,0,3200,3200
11608,0,3200,3200
11609,0,3200,3200
11610,0,3200,3200
11611,0,3200,3200
11612,0,3200,3200
11613,0,3200,3200
11614,0,3200,3200
11615,0,3200,3200
11616,0,3200,3200
11617,0,3200,3200
11618,0,3200,3200
11619,0,3200,3200
11620,0,3200,3200
11621,0,3200,3200
11622,0,3200,3200
11623,0,3200,3200
11624,0,3200,3200
11625,0,3200,3200
11626,0,3200,3200
11627,0,3200,3200
11628,0,3200,3200
11629,0,3200,3200
11630,0,3200,3200
11631,0,3200,3200
11632,0,3200,3200
11633,0,3200,3200
11634,0,3200,3200
11635,0,3200,3200
11636,0,3200,3200
11637,0,3200,3200
11638,0,3200,3200
11639,0,3200,3200
11640,0,3200,3200
11641,0,3200,3200
11642,0,3200,3200
11643,0,3200,3200
11644,0,3200,3200
11645,0,3200,3200
11646,0,3200,3200
11647,0,3200,3200
11648,0,3200,3200
11649,0,3200,3200
11650,0,3200,3200
11651,0,3200,3200
11652,0,3200,3200
11653,0,3200,3200
11654,0,3200,3200
11655,0,3200,3200
11656,0,3200,3200
11657,0,3200,3200
11658,0,3200,3200
11659,0,3200,3200
11660,0,3200,3200
11661,0,3200,3200
11662,0,3200,3200
11663,0,3200,3200
11664,0,3200,3200
11665,0,3200,3200
11666,0,3200,3200
11667,0,3200,3200
11668,0,3200,3200
11669,0,3200,3200
11670,0,3200,3200
11671,0,3200,3200
11672,0,3200,3200
11673,0,3200,3200
11674,0,3200,3200
11675,0,3200,3200
11676,0,3200,3200
11677,0,3200,3200
11678,0,3200,3200
11679,0,3200,3200
11680,0,3200,3200
11681,0,3200,3200
11682,0,3200,3200
11683,0,3200,3200
11684,0,3200,3200
11685,0,3200,3200
11686,0,3200,3200
11687,0,3200,3200
11688,0,3200,3200
11689,0,3200,3200
11690,0,3200,3200
11691,0,3200,3200
11692,0,3200,3200
11693,0,3200,3200
11694,0,3200,3200
11695,0,3200,3200
11696,0,3200,3200
11697,0,3200,3200
11698,0,3200,3200
11699,0,3200,3200
11700,0,3200,3200
11701,0,3200,3200
11702,0,3200,3200
11703,0,3200,3200
11704,0,3200,3200
11705,0,3200,3200
11706,0,3200,3200
11707,0,3200,3200
11708,0,3200,3200
11709,0,3200,3200
11710,0,3200,3200
11711,0,3200,3200
11712,0,3200,3200
11713,0,3200,3200
11714,0,3200,3200
11715,0,3200,3200
11716,0,3200,3200
11717,0,3200,3200
11718,0,3200,3200
11719,0,3200,3200
11720,0,3200,3200
11721,0,3200,3200
11722,0,3200,3200
11723,0,3200,3200
11724,0,3200,3200
11725,0,3200,3200
11726,0,3200,3200
11727,0,3200,3200
11728,0,3200,3200
11729,0,3200,3200
11730,0,3200,3200
11731,0,3200,3200
11732,0,3200,3200
11733,0,3200,3200
11734,0,3200,3200
11735,0,3200,3200
11736,0,3200,3200
11737,0,3200,3200
11738,0,3200,3200
11739,0,3200,3200
11740,0,3200,3200
11741,0,3200,3200
11742,0,3200,3200
11743,0,3200,3200
11744,0,3200,3200
11745,0,3200,3200
11746,0,3200,3200
11747,0,3200,3200
11748,0,3200,3200
11749,0,3200,3200
11750,0,3200,3200
11751,0,3200,3200
11752,0,3200,3200
11753,0,3200,3200
11754,0,3200,3200
11755,0,3200,3200
11756,0,3200,3200
11757,0,3200,3200
11758,0,3200,3200
11759,0,3200,3200
11760,0,3200,3200
11761,0,3200,3200
11762,0,3200,3200
11763,0,3200,3200
11764,0,3200,3200
11765,0,3200,3200
11766,0,3200,3200
11767,0,3200,3200
11768,0,3200,3200
11769,0,3200,3200
11770,0,3200,3200
11771,0,3200,3200
11772,0,3200,3200
11773,0,3200,3200
11774,0,3200,3200
11775,0,3200,3200
11776,0,3200,3200
11777,0,3200,3200
11778,0,3200,3200
11779,0,3200,3200
11780,0,3200,3200
11781,0,3200,3200
11782,0,3200,3200
11783,0,3200,3200
11784,0,3200,3200
11785,0,3200,3200
11786,0,3200,3200
11787,0,3200,3200
11788,0,3200,3200
11789,0,3200,3200
11790,0,3200,3200
11791,0,3200,3200
11792,0,3200,3200
11793,0,3200,3200
11794,0,3200,3200
11795,0,3200,3200
11796,0,3200,3200
11797,0,3200,3200
11798,0,3200,3200
11799,0,3200,3200
11800,0,3200,3200
11801,0,3200,3200
11802,0,3200,3200
11803,0,3200,3200
11804,0,3200,3200
11805,0,3200,3200
11806,0,3200,3200
11807,0,3200,3200
11808,0,3200,3200
11809,0,3200,3200
11810,0,3200,3200
11811,0,3200,3200
11812,0,3200,3200
11813,0,3200,3200
11814,0,3200,3200
11815,0,3200,3200
11816,0,3200,3200
11817,0,3200,3200
11818,0,3200,3200
11819,0,3200,3200
11820,0,3200,3200
11821,0,3200,3200
11822,0,3200,3200
11823,0,3200,3200
11824,0,3200,3200
11825,0,3200,3200
11826,0,3200,3200
11827,0,3200,3200
11828,0,3200,3200
11829,0,3200,3200
11830,0,3200,3200
11831,0,3200,3200
11832,0,3200,3200
11833,0,3200,3200
11834,0,3200,3200
11835,0,3200,3200
11836,0,3200,3200
11837,0,3200,3200
11838,0,3200,3200
11839,0,3200,3200
11840,0,3200,3200
11841,0,3200,3200
11842,0,3200,3200
11843,0,3200,3200
11844,0,3200,3200
11845,0,3200,3200
11846,0,3200,3200
11847,0,3200,3200
11848,0,3200,3200
11849,0,3200,3200
11850,0,3200,3200
11851,0,3200,3200
11852,0,3200,3200
11853,0,3200,3200
11854,0,3200,3200
11855,0,3200,3200
11856,0,3200,3200
11857,0,3200,3200
11858,0,3200,3200
11859,0,3200,3200
11860,0,3200,3200
11861,0,3200,3200
11862,0,3200,3200
11863,0,3200,3200
11864,0,3200,3200
11865,0,3200,3200
11866,0,3200,3200
11867,0,3200,3200
11868,0,3200,3200
11869,0,3200,3200
11870,0,3200,3200
11871,0,3200,3200
11872,0,3200,3200
11873,0,3200,3200
11874,0,3200,3200
11875,0,3200,3200
11876,0,3200,3200
11877,0,3200,3200
11878,0,3200,3200
11879,0,3200,3200
11880,0,3200,3200
11881,0,3200,3200
11882,0,3200,3200
11883,0,3200,3200
11884,0,3200,3200
11885,0,3200,3200
11886,0,3200,3200
11887,0,3200,3200
11888,0,3200,3200
11889,0,3200,3200
11890,0,3200,3200
11891,0,3200,3200
11892,0,3200,3200
11893,0,3200,3200
11894,0,3200,3200
11895,0,3200,3200
11896,0,3200,3200
11897,0,3200,3200
11898,0,3200,3200
11899,0,3200,3200
11900,0,3200,3200
11901,0,3200,3200
11902,0,3200,3200
11903,0,3200,3200
11904,0,3200,3200
11905,0,3200,3200
11906,0,3200,3200
11907,0,3200,3200
11908,0,3200,3200
11909,0,3200,3200
11910,0,3200,3200
11911,0,3200,3200
11912,0,3200,3200
11913,0,3200,3200
11914,0,3200,3200
11915,0,3200,3200
11916,0,3200,3200
11917,0,3200,3200
11918,0,3200,3200
11919,0,3200,3200
11920,0,3200,3200
11921,0,3200,3200
11922,0,3200,3200
11923,0,3200,3200
11924,0,3200,3200
11925,0,3200,3200
11926,0,3200,3200
11927,0,3200,3200
11928,0,3200,3200
11929,0,3200,3200
11930,0,3200,3200
11931,0,3200,3200
11932,0,3200,3200
11933,0,3200,3200
11934,0,3200,3200
11935,0,3200,3200
11936,0,3200,3200
11937,0,3200,3200
11938,0,3200,3200
11939,0,3200,3200
11940,0,3200,3200
11941,0,3200,3200
11942,0,3200,3200
11943,0,3200,3200
11944,0,3200,3200
11945,0,3200,3200
11946,0,3200,3200
11947,0,3200,3200
11948,0,3200,3200
11949,0,3200,3200
11950,0,3200,3200
11951,0,3200,3200
11952,0,3200,3200
11953,0,3200,3200
11954,0,3200,3200
11955,0,3200,3200
11956,0,3200,3200
11957,0,3200,3200
11958,0,3200,3200
11959,0,3200,3200
11960,0,3200,3200
11961,0,3200,3200
11962,0,3200,3200
11963,0,3200,3200
11964,0,3200,3200
11965,0,3200,3200
11966,0,3200,3200
11967,0,3200,3200
11968,0,3200,3200
11969,0,3200,3200
11970,0,3200,3200
11971,0,3200,3200
11972,0,3200,3200
11973,0,3200,3200
11974,0,3200,3200
11975,0,3200,3200
11976,0,3200,3200
11977,0,3200,3200
11978,0,3200,3200
11979,0,3200,3200
11980,0,3200,3200
11981,0,3200,3200
11982,0,3200,3200
11983,0,3200,3200
11984,0,3200,3200
11985,0,3200,3200
11986,0,3200,3200
11987,0,3200,3200
11988,0,3200,3200
11989,0,3200,3200
11990,0,3200,3200
11991,0,3200,3200
11992,0,3200,3200
11993,0,3200,3200
11994,0,3200,3200
11995,0,3200,3200
11996,0,3200,3200
11997,0,3200,3200
11998,0,3200,3200
11999,0,3200,3200
12000,0,3200,3200
12001,0,3200,3200
12002,0,3200,3200
12003,0,3200,3200
12004,0,3200,3200
12005,0,3200,3200
12006,0,3200,3200
12007,0,3200,3200
12008,0,3200,3200
12009,0,3200,3200
12010,0,3200,3200
12011,0,3200,3200
12012,0,3200,3200
12013,0,3200,3200
12014,0,3200,3200
12015,0,3200,3200
12016,0,3200,3200
12017,0,3200,3200
12018,0,3200,3200
12019,0,3200,3200
12020,0,3200,3200
12021,0,3200,3200
12022,0,3200,3200
12023,0,3200,3200
12024,0,3200,3200
12025,0,3200,3200
12026,0,3200,3200
12027,0,3200,3200
12028,0,3200,3200
12029,0,3200,3200
12030,0,3200,3200
12031,0,3200,3200
12032,0,3200,3200
12033,0,3200,3200
12034,0,3200,3200
12035,0,3200,3200
12036,0,3200,3200
12037,0,3200,3200
12038,0,3200,3200
12039,0,3200,3200
12040,0,3200,3200
12041,0,3200,3200
12042,0,3200,3200
12043,0,3200,3200
12044,0,3200,3200
12045,0,3200,3200
12046,0,3200,3200
12047,0,3200,3200
12048,0,3200,3200
12049,0,3200,3200
12050,0,3200,3200
12051,0,3200,3200
12052,0,3200,3200
12053,0,3200,3200
12054,0,3200,3200
12055,0,3200,3200
12056,0,3200,3200
12057,0,3200,3200
12058,0,3200,3200
12059,0,3200,3200
12060,0,3200,3200
12061,0,3200,3200
12062,0,3200,3200
12063,0,3200,3200
12064,0,3200,3200
12065,0,3200,3200
12066,0,3200,3200
12067,0,3200,3200
12068,0,3200,3200
12069,0,3200,3200
12070,0,3200,3200
12071,0,3200,3200
12072,0,3200,3200
12073,0,3200,3200
12074,0,3200,3200
12075,0,3200,3200
12076,0,3200,3200
12077,0,3200,3200
12078,0,3200,3200
12079,0,3200,3200
12080,0,3200,3200
12081,0,3200,3200
12082,0,3200,3200
12083,0,3200,3200
12084,0,3200,3200
12085,0,3200,3200
12086,0,3200,3200
12087,0,3200,3200
12088,0,3200,3200
12089,0,3200,3200
12090,0,3200,3200
12091,0,3200,3200
12092,0,3200,3200
12093,0,3200,3200
12094,0,3200,3200
12095,0,3200,3200
12096,0,3200,3200
12097,0,3200,3200
12098,0,3200,3200
12099,0,3200,3200
12100,0,3200,3200
12101,0,3200,3200
12102,0,3200,3200
12103,0,3200,3200
12104,0,3200,3200
12105,0,3200,3200
12106,0,3200,3200
12107,0,3200,3200
12108,0,3200,3200
12109,0,3200,3200
12110,0,3200,3200
12111,0,3200,3200
12112,0,3200,3200
12113,0,3200,3200
12114,0,3200,3200
12115,0,3200,3200
12116,0,3200,3200
12117,0,3200,3200
12118,0,3200,3200
12119,0,3200,3200
12120,0,3200,3200
12121,0,3200,3200
12122,0,3200,3200
12123,0,3200,3200
12124,0,3200,3200
12125,0,3200,3200
12126,0,3200,3200
12127,0,3200,3200
12128,0,3200,3200
12129,0,3200,3200
12130,0,3200,3200
12131,0,3200,3200
12132,0,3200,3200
12133,0,3200,3200
12134,0,3200,3200
12135,0,3200,3200
12136,0,3200,3200
12137,0,3200,3200
12138,0,3200,3200
12139,0,3200,3200
12140,0,3200,3200
12141,0,3200,3200
12142,0,3200,3200
12143,0,3200,3200
12144,0,3200,3200
12145,0,3200,3200
12146,0,3200,3200
12147,0,3200,3200
12148,0,3200,3200
12149,0,3200,3200
12150,0,3200,3200
12151,0,3200,3200
12152,0,3200,3200
12153,0,3200,3200
12154,0,3200,3200
12155,0,3200,3200
12156,0,3200,3200
12157,0,3200,3200
12158,0,3200,3200
12159,0,3200,3200
12160,0,3200,3200
12161,0,3200,3200
12162,0,3200,3200
12163,0,3200,3200
12164,0,3200,3200
12165,0,3200,3200
12166,0,3200,3200
12167,0,3200,3200
12168,0,3200,3200
12169,0,3200,3200
12170,0,3200,3200
12171,0,3200,3200
12172,0,3200,3200
12173,0,3200,3200
12174,0,3200,3200
12175,0,3200,3200
12176,0,3200,3200
12177,0,3200,3200
12178,0,3200,3200
12179,0,3200,3200
12180,0,3200,3200
12181,0,3200,3200
12182,0,3200,3200
12183,0,3200,3200
12184,0,3200,3200
12185,0,3200,3200
12186,0,3200,3200
12187,0,3200,3200
12188,0,3200,3200
12189,0,3200,3200
12190,0,3200,3200
12191,0,3200,3200
12192,0,3200,3200
12193,0,3200,3200
12194,0,3200,3200
12195,0,3200,3200
12196,0,3200,3200
12197,0,3200,3200
12198,0,3200,3200
12199,0,3200,3200
12200,0,3200,3200
12201,0,3200,3200
12202,0,3200,3200
12203,0,3200,3200
12204,0,3200,3200
12205,0,3200,3200
12206,0,3200,3200
12207,0,3200,3200
12208,0,3200,3200
12209,0,3200,3200
12210,0,3200,3200
12211,0,3200,3200
12212,0,3200,3200
12213,0,3200,3200
12214,0,3200,3200
12215,0,3200,3200
12216,0,3200,3200
12217,0,3200,3200
12218,0,3200,3200
12219,0,3200,3200
12220,0,3200,3200
12221,0,3200,3200
12222,0,3200,3200
12223,0,3200,3200
12224,0,3200,3200
12225,0,3200,3200
12226,0,3200,3200
12227,0,3200,3200
12228,0,3200,3200
12229,0,3200,3200
12230,0,3200,3200
12231,0,3200,3200
12232,0,3200,3200
12233,0,3200,3200
12234,0,3200,3200
12235,0,3200,3200
12236,0,3200,3200
12237,0,3200,3200
12238,0,3200,3200
12239,0,3200,3200
12240,0,3200,3200
12241,0,3200,3200
12242,0,3200,3200
12243,0,3200,3200
12244,0,3200,3200
12245,0,3200,3200
12246,0,3200,3200
12247,0,3200,3200
12248,0,3200,3200
12249,0,3200,3200
12250,0,3200,3200
12251,0,3200,3200
12252,0,3200,3200
12253,0,3200,3200
12254,0,3200,3200
12255,0,3200,3200
12256,0,3200,3200
12257,0,3200,3200
12258,0,3200,3200
12259,0,3200,3200
12260,0,3200,3200
12261,0,3200,3200
12262,0,3200,3200
12263,0,3200,3200
12264,0,3200,3200
12265,0,3200,3200
12266,0,3200,3200
12267,0,3200,3200
12268,0,3200,3200
12269,0,3200,3200
12270,0,3200,3200
12271,0,3200,3200
12272,0,3200,3200
12273,0,3200,3200
12274,0,3200,3200
12275,0,3200,3200
12276,0,3200,3200
12277,0,3200,3200
12278,0,3200,3200
12279,0,3200,3200
12280,0,3200,3200
12281,0,3200,3200
12282,0,3200,3200
12283,0,3200,3200
12284,0,3200,3200
12285,0,3200,3200
12286,0,3200,3200
12287,0,3200,3200
12288,0,3200,3200
12289,0,3200,3200
12290,0,3200,3200
12291,0,3200,3200
12292,0,3200,3200
12293,0,3200,3200
12294,0,3200,3200
12295,0,3200,3200
12296,0,3200,3200
12297,0,3200,3200
12298,0,3200,3200
12299,0,3200,3200
12300,0,3200,3200
12301,0,3200,3200
12302,0,3200,3200
12303,0,3200,3200
12304,0,3200,3200
12305,0,3200,3200
12306,0,3200,3200
12307,0,3200,3200
12308,0,3200,3200
12309,0,3200,3200
12310,0,3200,3200
12311,0,3200,3200
12312,0,3200,3200
12313,0,3200,3200
12314,0,3200,3200
12315,0,3200,3200
12316,0,3200,3200
12317,0,3200,3200
12318,0,3200,3200
12319,0,3200,3200
12320,0,3200,3200
12321,0,3200,3200
12322,0,3200,3200
12323,0,3200,3200
12324,0,3200,3200
12325,0,3200,3200
12326,0,3200,3200
12327,0,3200,3200
12328,0,3200,3200
12329,0,3200,3200
12330,0,3200,3200
12331,0,3200,3200
12332,0,3200,3200
12333,0,3200,3200
12334,0,3200,3200
12335,0,3200,3200
12336,0,3200,3200
12337,0,3200,3200
12338,0,3200,3200
12339,0,3200,3200
12340,0,3200,3200
12341,0,3200,3200
12342,0,3200,3200
12343,0,3200,3200
12344,0,3200,3200
12345,0,3200,3200
12346,0,3200,3200
12347,0,3200,3200
12348,0,3200,3200
12349,0,3200,3200
12350,0,3200,3200
12351,0,3200,3200
12352,0,3200,3200
12353,0,3200,3200
12354,0,3200,3200
12355,0,3200,3200
12356,0,3200,3200
12357,0,3200,3200
12358,0,3200,3200
12359,0,3200,3200
12360,0,3200,3200
12361,0,3200,3200
12362,0,3200,3200
12363,0,3200,3200
12364,0,3200,3200
12365,0,3200,3200
12366,0,3200,3200
12367,0,3200,3200
12368,0,3200,3200
12369,0,3200,3200
12370,0,3200,3200
12371,0,3200,3200
12372,0,3200,3200
12373,0,3200,3200
12374,0,3200,3200
12375,0,3200,3200
12376,0,3200,3200
12377,0,3200,3200
12378,0,3200,3200
12379,0,3200,3200
12380,0,3200,3200
12381,0,3200,3200
12382,0,3200,3200
12383,0,3200,3200
12384,0,3200,3200
12385,0,3200,3200
12386,0,3200,3200
12387,0,3200,3200
12388,0,3200,3200
12389,0,3200,3200
12390,0,3200,3200
12391,0,3200,3200
12392,0,3200,3200
12393,0,3200,3200
12394,0,3200,3200
12395,0,3200,3200
12396,0,3200,3200
12397,0,3200,3200
12398,0,3200,3200
12399,0,3200,3200
12400,0,3200,3200
12401,0,3200,3200
12402,0,3200,3200
12403,0,3200,3200
12404,0,3200,3200
12405,0,3200,3200
12406,0,3200,3200
12407,0,3200,3200
12408,0,3200,3200
12409,0,3200,3200
12410,0,3200,3200
12411,0,3200,3200
12412,0,3200,3200
12413,0,3200,3200
12414,0,3200,3200
12415,0,3200,3200
12416,0,3200,3200
12417,0,3200,3200
12418,0,3200,3200
12419,0,3200,3200
12420,0,3200,3200
12421,0,3200,3200
12422,0,3200,3200
12423,0,3200,3200
12424,0,3200,3200
12425,0,3200,3200
12426,0,3200,3200
12427,0,3200,3200
12428,0,3200,3200
12429,0,3200,3200
12430,0,3200,3200
12431,0,3200,3200
12432,0,3200,3200
12433,0,3200,3200
12434,0,3200,3200
12435,0,3200,3200
12436,0,3200,3200
12437,0,3200,3200
12438,0,3200,3200
12439,0,3200,3200
12440,0,3200,3200
12441,0,3200,3200
12442,0,3200,3200
12443,0,3200,3200
12444,0,3200,3200
12445,0,3200,3200
12446,0,3200,3200
12447,0,3200,3200
12448,0,3200,3200
12449,0,3200,3200
12450,0,3200,3200
12451,0,3200,3200
12452,0,3200,3200
12453,0,3200,3200
12454,0,3200,3200
12455,0,3200,3200
12456,0,3200,3200
12457,0,3200,3200
12458,0,3200,3200
12459,0,3200,3200
12460,0,3200,3200
12461,0,3200,3200
12462,0,3200,3200
12463,0,3200,3200
12464,0,3200,3200
12465,0,3200,3200
12466,0,3200,3200
12467,0,3200,3200
12468,0,3200,3200
12469,0,3200,3200
12470,0,3200,3200
12471,0,3200,3200
12472,0,3200,3200
12473,0,3200,3200
12474,0,3200,3200
12475,0,3200,3200
12476,0,3200,3200
12477,0,3200,3200
12478,0,3200,3200
12479,0,3200,3200
12480,0,3200,3200
12481,0,3200,3200
12482,0,3200,3200
12483,0,3200,3200
12484,0,3200,3200
12485,0,3200,3200
12486,0,3200,3200
12487,0,3200,3200
12488,0,3200,3200
12489,0,3200,3200
12490,0,3200,3200
12491,0,3200,3200
12492,0,3200,3200
12493,0,3200,3200
12494,0,3200,3200
12495,0,3200,3200
12496,0,3200,3200
12497,0,3200,3200
12498,0,3200,3200
12499,0,3200,3200
12500,0,3200,3200
12501,0,3200,3200
12502,0,3200,3200
12503,0,3200,3200
12504,0,3200,3200
12505,0,3200,3200
12506,0,3200,3200
12507,0,3200,3200
12508,0,3200,3200
12509,0,3200,3200
12510,0,3200,3200
12511,0,3200,3200
12512,0,3200,3200
12513,0,3200,3200
12514,0,3200,3200
12515,0,3200,3200
12516,0,3200,3200
12517,0,3200,3200
12518,0,3200,3200
12519,0,3200,3200
12520,0,3200,3200
12521,0,3200,3200
12522,0,3200,3200
12523,0,3200,3200
12524,0,3200,3200
12525,0,3200,3200
12526,0,3200,3200
12527,0,3200,3200
12528,0,3200,3200
12529,0,3200,3200
12530,0,3200,3200
12531,0,3200,3200
12532,0,3200,3200
12533,0,3200,3200
12534,0,3200,3200
12535,0,3200,3200
12536,0,3200,3200
12537,0,3200,3200
12538,0,3200,3200
12539,0,3200,3200
12540,0,3200,3200
12541,0,3200,3200
12542,0,3200,3200
12543,0,3200,3200
12544,0,3200,3200
12545,0,3200,3200
12546,0,3200,3200
12547,0,3200,3200
12548,0,3200,3200
12549,0,3200,3200
12550,0,3200,3200
12551,0,3200,3200
12552,0,3200,3200
12553,0,3200,3200
12554,0,3200,3200
12555,0,3200,3200
12556,0,3200,3200
12557,0,3200,3200
12558,0,3200,3200
12559,0,3200,3200
12560,0,3200,3200
12561,0,3200,3200
12562,0,3200,3200
12563,0,3200,3200
12564,0,3200,3200
12565,0,3200,3200
12566,0,3200,3200
12567,0,3200,3200
12568,0,3200,3200
12569,0,3200,3200
12570,0,3200,3200
12571,0,3200,3200
12572,0,3200,3200
12573,0,3200,3200
12574,0,3200,3200
12575,0,3200,3200
12576,0,3200,3200
12577,0,3200,3200
12578,0,3200,3200
12579,0,3200,3200
12580,0,3200,3200
12581,0,3200,3200
12582,0,3200,3200
12583,0,3200,3200
12584,0,3200,3200
12585,0,3200,3200
12586,0,3200,3200
12587,0,3200,3200
12588,0,3200,3200
12589,0,3200,3200
12590,0,3200,3200
12591,0,3200,3200
12592,0,3200,3200
12593,0,3200,3200
12594,0,3200,3200
12595,0,3200,3200
12596,0,3200,3200
12597,0,3200,3200
12598,0,3200,3200
12599,0,3200,3200
12600,0,3200,3200
12601,0,3200,3200
12602,0,3200,3200
12603,0,3200,3200
12604,0,3200,3200
12605,0,3200,3200
12606,0,3200,3200
12607,0,3200,3200
12608,0,3200,3200
12609,0,3200,3200
12610,0,3200,3200
12611,0,3200,3200
12612,0,3200,3200
12613,0,3200,3200
12614,0,3200,3200
12615,0,3200,3200
12616,0,3200,3200
12617,0,3200,3200
12618,0,3200,3200
12619,0,3200,3200
12620,0,3200,3200
12621,0,3200,3200
12622,0,3200,3200
12623,0,3200,3200
12624,0,3200,3200
12625,0,3200,3200
12626,0,3200,3200
12627,0,3200,3200
12628,0,3200,3200
12629,0,3200,3200
12630,0,3200,3200
12631,0,3200,3200
12632,0,3200,3200
12633,0,3200,3200
12634,0,3200,3200
12635,0,3200,3200
12636,0,3200,3200
12637,0,3200,3200
12638,0,3200,3200
12639,0,3200,3200
12640,0,3200,3200
12641,0,3200,3200
12642,0,3200,3200
12643,0,3200,3200
12644,0,3200,3200
12645,0,3200,3200
12646,0,3200,3200
12647,0,3200,3200
12648,0,3200,3200
12649,0,3200,3200
12650,0,3200,3200
12651,0,3200,3200
12652,0,3200,3200
12653,0,3200,3200
12654,0,3200,3200
12655,0,3200,3200
12656,0,3200,3200
12657,0,3200,3200
12658,0,3200,3200
12659,0,3200,3200
12660,0,3200,3200
12661,0,3200,3200
12662,0,3200,3200
12663,0,3200,3200
12664,0,3200,3200
12665,0,3200,3200
12666,0,3200,3200
12667,0,3200,3200
12668,0,3200,3200
12669,0,3200,3200
12670,0,3200,3200
12671,0,3200,3200
12672,0,3200,3200
12673,0,3200,3200
12674,0,3200,3200
12675,0,3200,3200
12676,0,3200,3200
12677,0,3200,3200
12678,0,3200,3200
12679,0,3200,3200
12680,0,3200,3200
12681,0,3200,3200
12682,0,3200,3200
12683,0,3200,3200
12684,0,3200,3200
12685,0,3200,3200
12686,0,3200,3200
12687,0,3200,3200
12688,0,3200,3200
12689,0,3200,3200
12690,0,3200,3200
12691,0,3200,3200
12692,0,3200,3200
12693,0,3200,3200
12694,0,3200,3200
12695,0,3200,3200
12696,0,3200,3200
12697,0,3200,3200
12698,0,3200,3200
12699,0,3200,3200
12700,0,3200,3200
12701,0,3200,3200
12702,0,3200,3200
12703,0,3200,3200
12704,0,3200,3200
12705,0,3200,3200
12706,0,3200,3200
12707,0,3200,3200
12708,0,3200,3200
12709,0,3200,3200
12710,0,3200,3200
12711,0,3200,3200
12712,0,3200,3200
12713,0,3200,3200
12714,0,3200,3200
12715,0,3200,3200
12716,0,3200,3200
12717,0,3200,3200
12718,0,3200,3200
12719,0,3200,3200
12720,0,3200,3200
12721,0,3200,3200
12722,0,3200,3200
12723,0,3200,3200
12724,0,3200,3200
12725,0,3200,3200
12726,0,3200,3200
12727,0,3200,3200
12728,0,3200,3200
12729,0,3200,3200
12730,0,3200,3200
12731,0,3200,3200
12732,0,3200,3200
12733,0,3200,3200
12734,0,3200,3200
12735,0,3200,3200
12736,0,3200,3200
12737,0,3200,3200
12738,0,3200,3200
12739,0,3200,3200
12740,0,3200,3200
12741,0,3200,3200
12742,0,3200,3200
12743,0,3200,3200
12744,0,3200,3200
12745,0,3200,3200
12746,0,3200,3200
12747,0,3200,3200
12748,0,3200,3200
12749,0,3200,3200
12750,0,3200,3200
12751,0,3200,3200
12752,0,3200,3200
12753,0,3200,3200
12754,0,3200,3200
12755,0,3200,3200
12756,0,3200,3200
12757,0,3200,3200
12758,0,3200,3200
12759,0,3200,3200
12760,0,3200,3200
12761,0,3200,3200
12762,0,3200,3200
12763,0,3200,3200
12764,0,3200,3200
12765,0,3200,3200
12766,0,3200,3200
12767,0,3200,3200
12768,0,3200,3200
12769,0,3200,3200
12770,0,3200,3200
12771,0,3200,3200
12772,0,3200,3200
12773,0,3200,3200
12774,0,3200,3200
12775,0,3200,3200
12776,0,3200,3200
12777,0,3200,3200
12778,0,3200,3200
12779,0,3200,3200
12780,0,3200,3200
12781,0,3200,3200
12782,0,3200,3200
12783,0,3200,3200
12784,0,3200,3200
12785,0,3200,3200
12786,0,3200,3200
12787,0,3200,3200
12788,0,3200,3200
12789,0,3200,3200
12790,0,3200,3200
12791,0,3200,3200
12792,0,3200,3200
12793,0,3200,3200
12794,0,3200,3200
12795,0,3200,3200
12796,0,3200,3200
12797,0,3200,3200
12798,0,3200,3200
12799,0,3200,3200
12800,0,3200,3200
12801,0,3200,3200
12802,0,3200,3200
12803,0,3200,3200
12804,0,3200,3200
12805,0,3200,3200
12806,0,3200,3200
12807,0,3200,3200
12808,0,3200,3200
12809,0,3200,3200
12810,0,3200,3200
12811,0,3200,3200
12812,0,3200,3200
12813,0,3200,3200
12814,0,3200,3200
12815,0,3200,3200
12816,0,3200,3200
12817,0,3200,3200
12818,0,3200,3200
12819,0,3200,3200
12820,0,3200,3200
12821,0,3200,3200
12822,0,3200,3200
12823,0,3200,3200
12824,0,3200,3200
12825,0,3200,3200
12826,0,3200,3200
12827,0,3200,3200
12828,0,3200,3200
12829,0,3200,3200
12830,0,3200,3200
12831,0,3200,3200
12832,0,3200,3200
12833,0,3200,3200
12834,0,3200,3200
12835,0,3200,3200
12836,0,3200,3200
12837,0,3200,3200
12838,0,3200,3200
12839,0,3200,3200
12840,0,3200,3200
12841,0,3200,3200
12842,0,3200,3200
12843,0,3200,3200
12844,0,3200,3200
12845,0,3200,3200
12846,0,3200,3200
12847,0,3200,3200
12848,0,3200,3200
12849,0,3200,3200
12850,0,3200,3200
12851,0,3200,3200
12852,0,3200,3200
12853,0,3200,3200
12854,0,3200,3200
12855,0,3200,3200
12856,0,3200,3200
12857,0,3200,3200
12858,0,3200,3200
12859,0,3200,3200
12860,0,3200,3200
12861,0,3200,3200
12862,0,3200,3200
12863,0,3200,3200
12864,0,3200,3200
12865,0,3200,3200
12866,0,3200,3200
12867,0,3200,3200
12868,0,3200,3200
12869,0,3200,3200
12870,0,3200,3200
12871,0,3200,3200
12872,0,3200,3200
12873,0,3200,3200
12874,0,3200,3200
12875,0,3200,3200
12876,0,3200,3200
12877,0,3200,3200
12878,0,3200,3200
12879,0,3200,3200
12880,0,3200,3200
12881,0,3200,3200
12882,0,3200,3200
12883,0,3200,3200
12884,0,3200,3200
12885,0,3200,3200
12886,0,3200,3200
12887,0,3200,3200
12888,0,3200,3200
12889,0,3200,3200
12890,0,3200,3200
12891,0,3200,3200
12892,0,3200,3200
12893,0,3200,3200
12894,0,3200,3200
12895,0,3200,3200
12896,0,3200,3200
12897,0,3200,3200
12898,0,3200,3200
12899,0,3200,3200
12900,0,3200,3200
12901,0,3200,3200
12902,0,3200,3200
12903,0,3200,3200
12904,0,3200,3200
12905,0,3200,3200
12906,0,3200,3200
12907,0,3200,3200
12908,0,3200,3200
12909,0,3200,3200
12910,0,3200,3200
12911,0,3200,3200
12912,0,3200,3200
12913,0,3200,3200
12914,0,3200,3200
12915,0,3200,3200
12916,0,3200,3200
12917,0,3200,3200
12918,0,3200,3200
12919,0,3200,3200
12920,0,3200,3200
12921,0,3200,3200
12922,0,3200,3200
12923,0,3200,3200
12924,0,3200,3200
12925,0,3200,3200
12926,0,3200,3200
12927,0,3200,3200
12928,0,3200,3200
12929,0,3200,3200
12930,0,3200,3200
12931,0,3200,3200
12932,0,3200,3200
12933,0,3200,3200
12934,0,3200,3200
12935,0,3200,3200
12936,0,3200,3200
12937,0,3200,3200
12938,0,3200,3200
12939,0,3200,3200
12940,0,3200,3200
12941,0,3200,3200
12942,0,3200,3200
12943,0,3200,3200
12944,0,3200,3200
12945,0,3200,3200
12946,0,3200,3200
12947,0,3200,3200
12948,0,3200,3200
12949,0,3200,3200
12950,0,3200,3200
12951,0,3200,3200
12952,0,3200,3200
12953,0,3200,3200
12954,0,3200,3200
12955,0,3200,3200
12956,0,3200,3200
12957,0,3200,3200
12958,0,3200,3200
12959,0,3200,3200
12960,0,3200,3200
12961,0,3200,3200
12962,0,3200,3200
12963,0,3200,3200
12964,0,3200,3200
12965,0,3200,3200
12966,0,3200,3200
12967,0,3200,3200
12968,0,3200,3200
12969,0,3200,3200
12970,0,3200,3200
12971,0,3200,3200
12972,0,3200,3200
12973,0,3200,3200
12974,0,3200,3200
12975,0,3200,3200
12976,0,3200,3200
12977,0,3200,3200
12978,0,3200,3200
12979,0,3200,3200
12980,0,3200,3200
12981,0,3200,3200
12982,0,3200,3200
12983,0,3200,3200
12984,0,3200,3200
12985,0,3200,3200
12986,0,3200,3200
12987,0,3200,3200
12988,0,3200,3200
12989,0,3200,3200
12990,0,3200,3200
12991,0,3200,3200
12992,0,3200,3200
12993,0,3200,3200
12994,0,3200,3200
12995,0,3200,3200
12996,0,3200,3200
12997,0,3200,3200
12998,0,3200,3200
12999,0,3200,3200
13000,0,3200,3200
13001,0,3200,3200
13002,0,3200,3200
13003,0,3200,3200
13004,0,3200,3200
13005,0,3200,3200
13006,0,3200,3200
13007,0,3200,3200
13008,0,3200,3200
13009,0,3200,3200
13010,0,3200,3200
13011,0,3200,3200
13012,0,3200,3200
13013,0,3200,3200
13014,0,3200,3200
13015,0,3200,3200
13016,0,3200,3200
13017,0,3200,3200
13018,0,3200,3200
13019,0,3200,3200
13020,0,3200,3200
13021,0,3200,3200
13022,0,3200,3200
13023,0,3200,3200
13024,0,3200,3200
13025,0,3200,3200
13026,0,3200,3200
13027,0,3200,3200
13028,0,3200,3200
13029,0,3200,3200
13030,0,3200,3200
13031,0,3200,3200
13032,0,3200,3200
13033,0,3200,3200
13034,0,3200,3200
13035,0,3200,3200
13036,0,3200,3200
13037,0,3200,3200
13038,0,3200,3200
13039,0,3200,3200
13040,0,3200,3200
13041,0,3200,3200
13042,0,3200,3200
13043,0,3200,3200
13044,0,3200,3200
13045,0,3200,3200
13046,0,3200,3200
13047,0,3200,3200
13048,0,3200,3200
13049,0,3200,3200
13050,0,3200,3200
13051,0,3200,3200
13052,0,3200,3200
13053,0,3200,3200
13054,0,3200,3200
13055,0,3200,3200
13056,0,3200,3200
13057,0,3200,3200
13058,0,3200,3200
13059,0,3200,3200
13060,0,3200,3200
13061,0,3200,3200
13062,0,3200,3200
13063,0,3200,3200
13064,0,3200,3200
13065,0,3200,3200
13066,0,3200,3200
13067,0,3200,3200
13068,0,3200,3200
13069,0,3200,3200
13070,0,3200,3200
13071,0,3200,3200
13072,0,3200,3200
13073,0,3200,3200
13074,0,3200,3200
13075,0,3200,3200
13076,0,3200,3200
13077,0,3200,3200
13078,0,3200,3200
13079,0,3200,3200
13080,0,3200,3200
13081,0,3200,3200
13082,0,3200,3200
13083,0,3200,3200
13084,0,3200,3200
13085,0,3200,3200
13086,0,3200,3200
13087,0,3200,3200
13088,0,3200,3200
13089,0,3200,3200
13090,0,3200,3200
13091,0,3200,3200
13092,0,3200,3200
13093,0,3200,3200
13094,0,3200,3200
13095,0,3200,3200
13096,0,3200,3200
13097,0,3200,3200
13098,0,3200,3200
13099,0,3200,3200
13100,0,3200,3200
13101,0,3200,3200
13102,0,3200,3200
13103,0,3200,3200
13104,0,3200,3200
13105,0,3200,3200
13106,0,3200,3200
13107,0,3200,3200
13108,0,3200,3200
13109,0,3200,3200
13110,0,3200,3200
13111,0,3200,3200
13112,0,3200,3200
13113,0,3200,3200
13114,0,3200,3200
13115,0,3200,3200
13116,0,3200,3200
13117,0,3200,3200
13118,0,3200,3200
13119,0,3200,3200
13120,0,3200,3200
13121,0,3200,3200
13122,0,3200,3200
13123,0,3200,3200
13124,0,3200,3200
13125,0,3200,3200
13126,0,3200,3200
13127,0,3200,3200
13128,0,3200,3200
13129,0,3200,3200
13130,0,3200,3200
13131,0,3200,3200
13132,0,3200,3200
13133,0,3200,3200
13134,0,3200,3200
13135,0,3200,3200
13136,0,3200,3200
13137,0,3200,3200
13138,0,3200,3200
13139,0,3200,3200
13140,0,3200,3200
13141,0,3200,3200
13142,0,3200,3200
13143,0,3200,3200
13144,0,3200,3200
13145,0,3200,3200
13146,0,3200,3200
13147,0,3200,3200
13148,0,3200,3200
13149,0,3200,3200
13150,0,3200,3200
13151,0,3200,3200
13152,0,3200,3200
13153,0,3200,3200
13154,0,3200,3200
13155,0,3200,3200
13156,0,3200,3200
13157,0,3200,3200
13158,0,3200,3200
13159,0,3200,3200
13160,0,3200,3200
13161,0,3200,3200
13162,0,3200,3200
13163,0,3200,3200
13164,0,3200,3200
13165,0,3200,3200
13166,0,3200,3200
13167,0,3200,3200
13168,0,3200,3200
13169,0,3200,3200
13170,0,3200,3200
13171,0,3200,3200
13172,0,3200,3200
13173,0,3200,3200
13174,0,3200,3200
13175,0,3200,3200
13176,0,3200,3200
13177,0,3200,3200
13178,0,3200,3200
13179,0,3200,3200
13180,0,3200,3200
13181,0,3200,3200
13182,0,3200,3200
13183,0,3200,3200
13184,0,3200,3200
13185,0,3200,3200
13186,0,3200,3200
13187,0,3200,3200
13188,0,3200,3200
13189,0,3200,3200
13190,0,3200,3200
13191,0,3200,3200
13192,0,3200,3200
13193,0,3200,3200
13194,0,3200,3200
13195,0,3200,3200
13196,0,3200,3200
13197,0,3200,3200
13198,0,3200,3200
13199,0,3200,3200
13200,0,3200,3200
13201,0,3200,3200
13202,0,3200,3200
13203,0,3200,3200
13204,0,3200,3200
13205,0,3200,3200
13206,0,3200,3200
13207,0,3200,3200
13208,0,3200,3200
13209,0,3200,3200
13210,0,3200,3200
13211,0,3200,3200
13212,0,3200,3200
13213,0,3200,3200
13214,0,3200,3200
13215,0,3200,3200
13216,0,3200,3200
13217,0,3200,3200
13218,0,3200,3200
13219,0,3200,3200
13220,0,3200,3200
13221,0,3200,3200
13222,0,3200,3200
13223,0,3200,3200
13224,0,3200,3200
13225,0,3200,3200
13226,0,3200,3200
13227,0,3200,3200
13228,0,3200,3200
13229,0,3200,3200
13230,0,3200,3200
13231,0,3200,3200
13232,0,3200,3200
13233,0,3200,3200
13234,0,3200,3200
13235,0,3200,3200
13236,0,3200,3200
13237,0,3200,3200
13238,0,3200,3200
13239,0,3200,3200
13240,0,3200,3200
13241,0,3200,3200
13242,0,3200,3200
13243,0,3200,3200
13244,0,3200,3200
13245,0,3200,3200
13246,0,3200,3200
13247,0,3200,3200
13248,0,3200,3200
13249,0,3200,3200
13250,0,3200,3200
13251,0,3200,3200
13252,0,3200,3200
13253,0,3200,3200
13254,0,3200,3200
13255,0,3200,3200
13256,0,3200,3200
13257,0,3200,3200
13258,0,3200,3200
13259,0,3200,3200
13260,0,3200,3200
13261,0,3200,3200
13262,0,3200,3200
13263,0,3200,3200
13264,0,3200,3200
13265,0,3200,3200
13266,0,3200,3200
13267,0,3200,3200
13268,0,3200,3200
13269,0,3200,3200
13270,0,3200,3200
13271,0,3200,3200
13272,0,3200,3200
13273,0,3200,3200
13274,0,3200,3200
13275,0,3200,3200
13276,0,3200,3200
13277,0,3200,3200
13278,0,3200,3200
13279,0,3200,3200
13280,0,3200,3200
13281,0,3200,3200
13282,0,3200,3200
13283,0,3200,3200
13284,0,3200,3200
13285,0,3200,3200
13286,0,3200,3200
13287,0,3200,3200
13288,0,3200,3200
13289,0,3200,3200
13290,0,3200,3200
13291,0,3200,3200
13292,0,3200,3200
13293,0,3200,3200
13294,0,3200,3200
13295,0,3200,3200
13296,0,3200,3200
13297,0,3200,3200
13298,0,3200,3200
13299,0,3200,3200
13300,0,3200,3200
13301,0,3200,3200
13302,0,3200,3200
13303,0,3200,3200
13304,0,3200,3200
13305,0,3200,3200
13306,0,3200,3200
13307,0,3200,3200
13308,0,3200,3200
13309,0,3200,3200
13310,0,3200,3200
13311,0,3200,3200
13312,0,3200,3200
13313,0,3200,3200
13314,0,3200,3200
13315,0,3200,3200
13316,0,3200,3200
13317,0,3200,3200
13318,0,3200,3200
13319,0,3200,3200
13320,0,3200,3200
13321,0,3200,3200
13322,0,3200,3200
13323,0,3200,3200
13324,0,3200,3200
13325,0,3200,3200
13326,0,3200,3200
13327,0,3200,3200
13328,0,3200,3200
13329,0,3200,3200
13330,0,3200,3200
13331,0,3200,3200
13332,0,3200,3200
13333,0,3200,3200
13334,0,3200,3200
13335,0,3200,3200
13336,0,3200,3200
13337,0,3200,3200
13338,0,3200,3200
13339,0,3200,3200
13340,0,3200,3200
13341,0,3200,3200
13342,0,3200,3200
13343,0,3200,3200
13344,0,3200,3200
13345,0,3200,3200
13346,0,3200,3200
13347,0,3200,3200
13348,0,3200,3200
13349,0,3200,3200
13350,0,3200,3200
13351,0,3200,3200
13352,0,3200,3200
13353,0,3200,3200
13354,0,3200,3200
13355,0,3200,3200
13356,0,3200,3200
13357,0,3200,3200
13358,0,3200,3200
13359,0,3200,3200
13360,0,3200,3200
13361,0,3200,3200
13362,0,3200,3200
13363,0,3200,3200
13364,0,3200,3200
13365,0,3200,3200
13366,0,3200,3200
13367,0,3200,3200
13368,0,3200,3200
13369,0,3200,3200
13370,0,3200,3200
13371,0,3200,3200
13372,0,3200,3200
13373,0,3200,3200
13374,0,3200,3200
13375,0,3200,3200
13376,0,3200,3200
13377,0,3200,3200
13378,0,3200,3200
13379,0,3200,3200
13380,0,3200,3200
13381,0,3200,3200
13382,0,3200,3200
13383,0,3200,3200
13384,0,3200,3200
13385,0,3200,3200
13386,0,3200,3200
13387,0,3200,3200
13388,0,3200,3200
13389,0,3200,3200
13390,0,3200,3200
13391,0,3200,3200
13392,0,3200,3200
13393,0,3200,3200
13394,0,3200,3200
13395,0,3200,3200
13396,0,3200,3200
13397,0,3200,3200
13398,0,3200,3200
13399,0,3200,3200
13400,0,3200,3200
13401,0,3200,3200
13402,0,3200,3200
13403,0,3200,3200
13404,0,3200,3200
13405,0,3200,3200
13406,0,3200,3200
13407,0,3200,3200
13408,0,3200,3200
13409,0,3200,3200
13410,0,3200,3200
13411,0,3200,3200
13412,0,3200,3200
13413,0,3200,3200
13414,0,3200,3200
13415,0,3200,3200
13416,0,3200,3200
13417,0,3200,3200
13418,0,3200,3200
13419,0,3200,3200
13420,0,3200,3200
13421,0,3200,3200
13422,0,3200,3200
13423,0,3200,3200
13424,0,3200,3200
13425,0,3200,3200
13426,0,3200,3200
13427,0,3200,3200
13428,0,3200,3200
13429,0,3200,3200
13430,0,3200,3200
13431,0,3200,3200
13432,0,3200,3200
13433,0,3200,3200
13434,0,3200,3200
13435,0,3200,3200
13436,0,3200,3200
13437,0,3200,3200
13438,0,3200,3200
13439,0,3200,3200
13440,0,3200,3200
13441,0,3200,3200
13442,0,3200,3200
13443,0,3200,3200
13444,0,3200,3200
13445,0,3200,3200
13446,0,3200,3200
13447,0,3200,3200
13448,0,3200,3200
13449,0,3200,3200
13450,0,3200,3200
13451,0,3200,3200
13452,0,3200,3200
13453,0,3200,3200
13454,0,3200,3200
13455,0,3200,3200
13456,0,3200,3200
13457,0,3200,3200
13458,0,3200,3200
13459,0,3200,3200
13460,0,3200,3200
13461,0,3200,3200
13462,0,3200,3200
13463,0,3200,3200
13464,0,3200,3200
13465,0,3200,3200
13466,0,3200,3200
13467,0,3200,3200
13468,0,3200,3200
13469,0,3200,3200
13470,0,3200,3200
13471,0,3200,3200
13472,0,3200,3200
13473,0,3200,3200
13474,0,3200,3200
13475,0,3200,3200
13476,0,3200,3200
13477,0,3200,3200
13478,0,3200,3200
13479,0,3200,3200
13480,0,3200,3200
13481,0,3200,3200
13482,0,3200,3200
13483,0,3200,3200
13484,0,3200,3200
13485,0,3200,3200
13486,0,3200,3200
13487,0,3200,3200
13488,0,3200,3200
13489,0,3200,3200
13490,0,3200,3200
13491,0,3200,3200
13492,0,3200,3200
13493,0,3200,3200
13494,0,3200,3200
13495,0,3200,3200
13496,0,3200,3200
13497,0,3200,3200
13498,0,3200,3200
13499,0,3200,3200
13500,0,3200,3200
13501,0,3200,3200
13502,0,3200,3200
13503,0,3200,3200
13504,0,3200,3200
13505,0,3200,3200
13506,0,3200,3200
13507,0,3200,3200
13508,0,3200,3200
13509,0,3200,3200
13510,0,3200,3200
13511,0,3200,3200
13512,0,3200,3200
13513,0,3200,3200
13514,0,3200,3200
13515,0,3200,3200
13516,0,3200,3200
13517,0,3200,3200
13518,0,3200,3200
13519,0,3200,3200
13520,0,3200,3200
13521,0,3200,3200
13522,0,3200,3200
13523,0,3200,3200
13524,0,3200,3200
13525,0,3200,3200
13526,0,3200,3200
13527,0,3200,3200
13528,0,3200,3200
13529,0,3200,3200
13530,0,3200,3200
13531,0,3200,3200
13532,0,3200,3200
13533,0,3200,3200
13534,0,3200,3200
13535,0,3200,3200
13536,0,3200,3200
13537,0,3200,3200
13538,0,3200,3200
13539,0,3200,3200
13540,0,3200,3200
13541,0,3200,3200
13542,0,3200,3200
13543,0,3200,3200
13544,0,3200,3200
13545,0,3200,3200
13546,0,3200,3200
13547,0,3200,3200
13548,0,3200,3200
13549,0,3200,3200
13550,0,3200,3200
13551,0,3200,3200
13552,0,3200,3200
13553,0,3200,3200
13554,0,3200,3200
13555,0,3200,3200
13556,0,3200,3200
13557,0,3200,3200
13558,0,3200,3200
13559,0,3200,3200
13560,0,3200,3200
13561,0,3200,3200
13562,0,3200,3200
13563,0,3200,3200
13564,0,3200,3200
13565,0,3200,3200
13566,0,3200,3200
13567,0,3200,3200
13568,0,3200,3200
13569,0,3200,3200
13570,0,3200,3200
13571,0,3200,3200
13572,0,3200,3200
13573,0,3200,3200
13574,0,3200,3200
13575,0,3200,3200
13576,0,3200,3200
13577,0,3200,3200
13578,0,3200,3200
13579,0,3200,3200
13580,0,3200,3200
13581,0,3200,3200
13582,0,3200,3200
13583,0,3200,3200
13584,0,3200,3200
13585,0,3200,3200
13586,0,3200,3200
13587,0,3200,3200
13588,0,3200,3200
13589,0,3200,3200
13590,0,3200,3200
13591,0,3200,3200
13592,0,3200,3200
13593,0,3200,3200
13594,0,3200,3200
13595,0,3200,3200
13596,0,3200,3200
13597,0,3200,3200
13598,0,3200,3200
13599,0,3200,3200
13600,0,3200,3200
13601,0,3200,3200
13602,0,3200,3200
13603,0,3200,3200
13604,0,3200,3200
13605,0,3200,3200
13606,0,3200,3200
13607,0,3200,3200
13608,0,3200,3200
13609,0,3200,3200
13610,0,3200,3200
13611,0,3200,3200
13612,0,3200,3200
13613,0,3200,3200
13614,0,3200,3200
13615,0,3200,3200
13616,0,3200,3200
13617,0,3200,3200
13618,0,3200,3200
13619,0,3200,3200
13620,0,3200,3200
13621,0,3200,3200
13622,0,3200,3200
13623,0,3200,3200
13624,0,3200,3200
13625,0,3200,3200
13626,0,3200,3200
13627,0,3200,3200
13628,0,3200,3200
13629,0,3200,3200
13630,0,3200,3200
13631,0,3200,3200
13632,0,3200,3200
13633,0,3200,3200
13634,0,3200,3200
13635,0,3200,3200
13636,0,3200,3200
13637,0,3200,3200
13638,0,3200,3200
13639,0,3200,3200
13640,0,3200,3200
13641,0,3200,3200
13642,0,3200,3200
13643,0,3200,3200
13644,0,3200,3200
13645,0,3200,3200
13646,0,3200,3200
13647,0,3200,3200
13648,0,3200,3200
13649,0,3200,3200
13650,0,3200,3200
13651,0,3200,3200
13652,0,3200,3200
13653,0,3200,3200
13654,0,3200,3200
13655,0,3200,3200
13656,0,3200,3200
13657,0,3200,3200
13658,0,3200,3200
13659,0,3200,3200
13660,0,3200,3200
13661,0,3200,3200
13662,0,3200,3200
13663,0,3200,3200
13664,0,3200,3200
13665,0,3200,3200
13666,0,3200,3200
13667,0,3200,3200
13668,0,3200,3200
13669,0,3200,3200
13670,0,3200,3200
13671,0,3200,3200
13672,0,3200,3200
13673,0,3200,3200
13674,0,3200,3200
13675,0,3200,3200
13676,0,3200,3200
13677,0,3200,3200
13678,0,3200,3200
13679,0,3200,3200
13680,0,3200,3200
13681,0,3200,3200
13682,0,3200,3200
13683,0,3200,3200
13684,0,3200,3200
13685,0,3200,3200
13686,0,3200,3200
13687,0,3200,3200
13688,0,3200,3200
13689,0,3200,3200
13690,0,3200,3200
13691,0,3200,3200
13692,0,3200,3200
13693,0,3200,3200
13694,0,3200,3200
13695,0,3200,3200
13696,0,3200,3200
13697,0,3200,3200
13698,0,3200,3200
13699,0,3200,3200
13700,0,3200,3200
13701,0,3200,3200
13702,0,3200,3200
13703,0,3200,3200
13704,0,3200,3200
13705,0,3200,3200
13706,0,3200,3200
13707,0,3200,3200
13708,0,3200,3200
13709,0,3200,3200
13710,0,3200,3200
13711,0,3200,3200
13712,0,3200,3200
13713,0,3200,3200
13714,0,3200,3200
13715,0,3200,3200
13716,0,3200,3200
13717,0,3200,3200
13718,0,3200,3200
13719,0,3200,3200
13720,0,3200,3200
13721,0,3200,3200
13722,0,3200,3200
13723,0,3200,3200
13724,0,3200,3200
13725,0,3200,3200
13726,0,3200,3200
13727,0,3200,3200
13728,0,3200,3200
13729,0,3200,3200
13730,0,3200,3200
13731,0,3200,3200
13732,0,3200,3200
13733,0,3200,3200
13734,0,3200,3200
13735,0,3200,3200
13736,0,3200,3200
13737,0,3200,3200
13738,0,3200,3200
13739,0,3200,3200
13740,0,3200,3200
13741,0,3200,3200
13742,0,3200,3200
13743,0,3200,3200
13744,0,3200,3200
13745,0,3200,3200
13746,0,3200,3200
13747,0,3200,3200
13748,0,3200,3200
13749,0,3200,3200
13750,0,3200,3200
13751,0,3200,3200
13752,0,3200,3200
13753,0,3200,3200
13754,0,3200,3200
13755,0,3200,3200
13756,0,3200,3200
13757,0,3200,3200
13758,0,3200,3200
13759,0,3200,3200
13760,0,3200,3200
13761,0,3200,3200
13762,0,3200,3200
13763,0,3200,3200
13764,0,3200,3200
13765,0,3200,3200
13766,0,3200,3200
13767,0,3200,3200
13768,0,3200,3200
13769,0,3200,3200
13770,0,3200,3200
13771,0,3200,3200
13772,0,3200,3200
13773,0,3200,3200
13774,0,3200,3200
13775,0,3200,3200
13776,0,3200,3200
13777,0,3200,3200
13778,0,3200,3200
13779,0,3200,3200
13780,0,3200,3200
13781,0,3200,3200
13782,0,3200,3200
13783,0,3200,3200
13784,0,3200,3200
13785,0,3200,3200
13786,0,3200,3200
13787,0,3200,3200
13788,0,3200,3200
13789,0,3200,3200
13790,0,3200,3200
13791,0,3200,3200
13792,0,3200,3200
13793,0,3200,3200
13794,0,3200,3200
13795,0,3200,3200
13796,0,3200,3200
13797,0,3200,3200
13798,0,3200,3200
13799,0,3200,3200
13800,0,3200,3200
13801,0,3200,3200
13802,0,3200,3200
13803,0,3200,3200
13804,0,3200,3200
13805,0,3200,3200
13806,0,3200,3200
13807,0,3200,3200
13808,0,3200,3200
13809,0,3200,3200
13810,0,3200,3200
13811,0,3200,3200
13812,0,3200,3200
13813,0,3200,3200
13814,0,3200,3200
13815,0,3200,3200
13816,0,3200,3200
13817,0,3200,3200
13818,0,3200,3200
13819,0,3200,3200
13820,0,3200,3200
13821,0,3200,3200
13822,0,3200,3200
13823,0,3200,3200
13824,0,3200,3200
13825,0,3200,3200
13826,0,3200,3200
13827,0,3200,3200
13828,0,3200,3200
13829,0,3200,3200
13830,0,3200,3200
13831,0,3200,3200
13832,0,3200,3200
13833,0,3200,3200
13834,0,3200,3200
13835,0,3200,3200
13836,0,3200,3200
13837,0,3200,3200
13838,0,3200,3200
13839,0,3200,3200
13840,0,3200,3200
13841,0,3200,3200
13842,0,3200,3200
13843,0,3200,3200
13844,0,3200,3200
13845,0,3200,3200
13846,0,3200,3200
13847,0,3200,3200
13848,0,3200,3200
13849,0,3200,3200
13850,0,3200,3200
13851,0,3200,3200
13852,0,3200,3200
13853,0,3200,3200
13854,0,3200,3200
13855,0,3200,3200
13856,0,3200,3200
13857,0,3200,3200
13858,0,3200,3200
13859,0,3200,3200
13860,0,3200,3200
13861,0,3200,3200
13862,0,3200,3200
13863,0,3200,3200
13864,0,3200,3200
13865,0,3200,3200
13866,0,3200,3200
13867,0,3200,3200
13868,0,3200,3200
13869,0,3200,3200
13870,0,3200,3200
13871,0,3200,3200
13872,0,3200,3200
13873,0,3200,3200
13874,0,3200,3200
13875,0,3200,3200
13876,0,3200,3200
13877,0,3200,3200
13878,0,3200,3200
13879,0,3200,3200
13880,0,3200,3200
13881,0,3200,3200
13882,0,3200,3200
13883,0,3200,3200
13884,0,3200,3200
13885,0,3200,3200
13886,0,3200,3200
13887,0,3200,3200
13888,0,3200,3200
13889,0,3200,3200
13890,0,3200,3200
13891,0,3200,3200
13892,0,3200,3200
13893,0,3200,3200
13894,0,3200,3200
13895,0,3200,3200
13896,0,3200,3200
13897,0,3200,3200
13898,0,3200,3200
13899,0,3200,3200
13900,0,3200,3200
13901,0,3200,3200
13902,0,3200,3200
13903,0,3200,3200
13904,0,3200,3200
13905,0,3200,3200
13906,0,3200,3200
13907,0,3200,3200
13908,0,3200,3200
13909,0,3200,3200
13910,0,3200,3200
13911,0,3200,3200
13912,0,3200,3200
13913,0,3200,3200
13914,0,3200,3200
13915,0,3200,3200
13916,0,3200,3200
13917,0,3200,3200
13918,0,3200,3200
13919,0,3200,3200
13920,0,3200,3200
13921,0,3200,3200
13922,0,3200,3200
13923,0,3200,3200
13924,0,3200,3200
13925,0,3200,3200
13926,0,3200,3200
13927,0,3200,3200
13928,0,3200,3200
13929,0,3200,3200
13930,0,3200,3200
13931,0,3200,3200
13932,0,3200,3200
13933,0,3200,3200
13934,0,3200,3200
13935,0,3200,3200
13936,0,3200,3200
13937,0,3200,3200
13938,0,3200,3200
13939,0,3200,3200
13940,0,3200,3200
13941,0,3200,3200
13942,0,3200,3200
13943,0,3200,3200
13944,0,3200,3200
13945,0,3200,3200
13946,0,3200,3200
13947,0,3200,3200
13948,0,3200,3200
13949,0,3200,3200
13950,0,3200,3200
13951,0,3200,3200
13952,0,3200,3200
13953,0,3200,3200
13954,0,3200,3200
13955,0,3200,3200
13956,0,3200,3200
13957,0,3200,3200
13958,0,3200,3200
13959,0,3200,3200
13960,0,3200,3200
13961,0,3200,3200
13962,0,3200,3200
13963,0,3200,3200
13964,0,3200,3200
13965,0,3200,3200
13966,0,3200,3200
13967,0,3200,3200
13968,0,3200,3200
13969,0,3200,3200
13970,0,3200,3200
13971,0,3200,3200
13972,0,3200,3200
13973,0,3200,3200
13974,0,3200,3200
13975,0,3200,3200
13976,0,3200,3200
13977,0,3200,3200
13978,0,3200,3200
13979,0,3200,3200
13980,0,3200,3200
13981,0,3200,3200
13982,0,3200,3200
13983,0,3200,3200
13984,0,3200,3200
13985,0,3200,3200
13986,0,3200,3200
13987,0,3200,3200
13988,0,3200,3200
13989,0,3200,3200
13990,0,3200,3200
13991,0,3200,3200
13992,0,3200,3200
13993,0,3200,3200
13994,0,3200,3200
13995,0,3200,3200
13996,0,3200,3200
13997,0,3200,3200
13998,0,3200,3200
13999,0,3200,3200
14000,0,3200,3200
14001,0,3200,3200
14002,0,3200,3200
14003,0,3200,3200
14004,0,3200,3200
14005,0,3200,3200
14006,0,3200,3200
14007,0,3200,3200
14008,0,3200,3200
14009,0,3200,3200
14010,0,3200,3200
14011,0,3200,3200
14012,0,3200,3200
14013,0,3200,3200
14014,0,3200,3200
14015,0,3200,3200
14016,0,3200,3200
14017,0,3200,3200
14018,0,3200,3200
14019,0,3200,3200
14020,0,3200,3200
14021,0,3200,3200
14022,0,3200,3200
14023,0,3200,3200
14024,0,3200,3200
14025,0,3200,3200
14026,0,3200,3200
14027,0,3200,3200
14028,0,3200,3200
14029,0,3200,3200
14030,0,3200,3200
14031,0,3200,3200
14032,0,3200,3200
14033,0,3200,3200
14034,0,3200,3200
14035,0,3200,3200
14036,0,3200,3200
14037,0,3200,3200
14038,0,3200,3200
14039,0,3200,3200
14040,0,3200,3200
14041,0,3200,3200
14042,0,3200,3200
14043,0,3200,3200
14044,0,3200,3200
14045,0,3200,3200
14046,0,3200,3200
14047,0,3200,3200
14048,0,3200,3200
14049,0,3200,3200
14050,0,3200,3200
14051,0,3200,3200
14052,0,3200,3200
14053,0,3200,3200
14054,0,3200,3200
14055,0,3200,3200
14056,0,3200,3200
14057,0,3200,3200
14058,0,3200,3200
14059,0,3200,3200
14060,0,3200,3200
14061,0,3200,3200
14062,0,3200,3200
14063,0,3200,3200
14064,0,3200,3200
14065,0,3200,3200
14066,0,3200,3200
14067,0,3200,3200
14068,0,3200,3200
14069,0,3200,3200
14070,0,3200,3200
14071,0,3200,3200
14072,0,3200,3200
14073,0,3200,3200
14074,0,3200,3200
14075,0,3200,3200
14076,0,3200,3200
14077,0,3200,3200
14078,0,3200,3200
14079,0,3200,3200
14080,0,3200,3200
14081,0,3200,3200
14082,0,3200,3200
14083,0,3200,3200
14084,0,3200,3200
14085,0,3200,3200
14086,0,3200,3200
14087,0,3200,3200
14088,0,3200,3200
14089,0,3200,3200
14090,0,3200,3200
14091,0,3200,3200
14092,0,3200,3200
14093,0,3200,3200
14094,0,3200,3200
14095,0,3200,3200
14096,0,3200,3200
14097,0,3200,3200
14098,0,3200,3200
14099,0,3200,3200
14100,0,3200,3200
14101,0,3200,3200
14102,0,3200,3200
14103,0,3200,3200
14104,0,3200,3200
14105,0,3200,3200
14106,0,3200,3200
14107,0,3200,3200
14108,0,3200,3200
14109,0,3200,3200
14110,0,3200,3200
14111,0,3200,3200
14112,0,3200,3200
14113,0,3200,3200
14114,0,3200,3200
14115,0,3200,3200
14116,0,3200,3200
14117,0,3200,3200
14118,0,3200,3200
14119,0,3200,3200
14120,0,3200,3200
14121,0,3200,3200
14122,0,3200,3200
14123,0,3200,3200
14124,0,3200,3200
14125,0,3200,3200
14126,0,3200,3200
14127,0,3200,3200
14128,0,3200,3200
14129,0,3200,3200
14130,0,3200,3200
14131,0,3200,3200
14132,0,3200,3200
14133,0,3200,3200
14134,0,3200,3200
14135,0,3200,3200
14136,0,3200,3200
14137,0,3200,3200
14138,0,3200,3200
14139,0,3200,3200
14140,0,3200,3200
14141,0,3200,3200
14142,0,3200,3200
14143,0,3200,3200
14144,0,3200,3200
14145,0,3200,3200
14146,0,3200,3200
14147,0,3200,3200
14148,0,3200,3200
14149,0,3200,3200
14150,0,3200,3200
14151,0,3200,3200
14152,0,3200,3200
14153,0,3200,3200
14154,0,3200,3200
14155,0,3200,3200
14156,0,3200,3200
14157,0,3200,3200
14158,0,3200,3200
14159,0,3200,3200
14160,0,3200,3200
14161,0,3200,3200
14162,0,3200,3200
14163,0,3200,3200
14164,0,3200,3200
14165,0,3200,3200
14166,0,3200,3200
14167,0,3200,3200
14168,0,3200,3200
14169,0,3200,3200
14170,0,3200,3200
14171,0,3200,3200
14172,0,3200,3200
14173,0,3200,3200
14174,0,3200,3200
14175,0,3200,3200
14176,0,3200,3200
14177,0,3200,3200
14178,0,3200,3200
14179,0,3200,3200
14180,0,3200,3200
14181,0,3200,3200
14182,0,3200,3200
14183,0,3200,3200
14184,0,3200,3200
14185,0,3200,3200
14186,0,3200,3200
14187,0,3200,3200
14188,0,3200,3200
14189,0,3200,3200
14190,0,3200,3200
14191,0,3200,3200
14192,0,3200,3200
14193,0,3200,3200
14194,0,3200,3200
14195,0,3200,3200
14196,0,3200,3200
14197,0,3200,3200
14198,0,3200,3200
14199,0,3200,3200
14200,0,3200,3200
14201,0,3200,3200
14202,0,3200,3200
14203,0,3200,3200
14204,0,3200,3200
14205,0,3200,3200
14206,0,3200,3200
14207,0,3200,3200
14208,0,3200,3200
14209,0,3200,3200
14210,0,3200,3200
14211,0,3200,3200
14212,0,3200,3200
14213,0,3200,3200
14214,0,3200,3200
14215,0,3200,3200
14216,0,3200,3200
14217,0,3200,3200
14218,0,3200,3200
14219,0,3200,3200
14220,0,3200,3200
14221,0,3200,3200
14222,0,3200,3200
14223,0,3200,3200
14224,0,3200,3200
14225,0,3200,3200
14226,0,3200,3200
14227,0,3200,3200
14228,0,3200,3200
14229,0,3200,3200
14230,0,3200,3200
14231,0,3200,3200
14232,0,3200,3200
14233,0,3200,3200
14234,0,3200,3200
14235,0,3200,3200
14236,0,3200,3200
14237,0,3200,3200
14238,0,3200,3200
14239,0,3200,3200
14240,0,3200,3200
14241,0,3200,3200
14242,0,3200,3200
14243,0,3200,3200
14244,0,3200,3200
14245,0,3200,3200
14246,0,3200,3200
14247,0,3200,3200
14248,0,3200,3200
14249,0,3200,3200
14250,0,3200,3200
14251,0,3200,3200
14252,0,3200,3200
14253,0,3200,3200
14254,0,3200,3200
14255,0,3200,3200
14256,0,3200,3200
14257,0,3200,3200
14258,0,3200,3200
14259,0,3200,3200
14260,0,3200,3200
14261,0,3200,3200
14262,0,3200,3200
14263,0,3200,3200
14264,0,3200,3200
14265,0,3200,3200
14266,0,3200,3200
14267,0,3200,3200
14268,0,3200,3200
14269,0,3200,3200
14270,0,3200,3200
14271,0,3200,3200
14272,0,3200,3200
14273,0,3200,3200
14274,0,3200,3200
14275,0,3200,3200
14276,0,3200,3200
14277,0,3200,3200
14278,0,3200,3200
14279,0,3200,3200
14280,0,3200,3200
14281,0,3200,3200
14282,0,3200,3200
14283,0,3200,3200
14284,0,3200,3200
14285,0,3200,3200
14286,0,3200,3200
14287,0,3200,3200
14288,0,3200,3200
14289,0,3200,3200
14290,0,3200,3200
14291,0,3200,3200
14292,0,3200,3200
14293,0,3200,3200
14294,0,3200,3200
14295,0,3200,3200
14296,0,3200,3200
14297,0,3200,3200
14298,0,3200,3200
14299,0,3200,3200
14300,0,3200,3200
14301,0,3200,3200
14302,0,3200,3200
14303,0,3200,3200
14304,0,3200,3200
14305,0,3200,3200
14306,0,3200,3200
14307,0,3200,3200
14308,0,3200,3200
14309,0,3200,3200
14310,0,3200,3200
14311,0,3200,3200
14312,0,3200,3200
14313,0,3200,3200
14314,0,3200,3200
14315,0,3200,3200
14316,0,3200,3200
14317,0,3200,3200
14318,0,3200,3200
14319,0,3200,3200
14320,0,3200,3200
14321,0,3200,3200
14322,0,3200,3200
14323,0,3200,3200
14324,0,3200,3200
14325,0,3200,3200
14326,0,3200,3200
14327,0,3200,3200
14328,0,3200,3200
14329,0,3200,3200
14330,0,3200,3200
14331,0,3200,3200
14332,0,3200,3200
14333,0,3200,3200
14334,0,3200,3200
14335,0,3200,3200
14336,0,3200,3200
14337,0,3200,3200
14338,0,3200,3200
14339,0,3200,3200
14340,0,3200,3200
14341,0,3200,3200
14342,0,3200,3200
14343,0,3200,3200
14344,0,3200,3200
14345,0,3200,3200
14346,0,3200,3200
14347,0,3200,3200
14348,0,3200,3200
14349,0,3200,3200
14350,0,3200,3200
14351,0,3200,3200
14352,0,3200,3200
14353,0,3200,3200
14354,0,3200,3200
14355,0,3200,3200
14356,0,3200,3200
14357,0,3200,3200
14358,0,3200,3200
14359,0,3200,3200
14360,0,3200,3200
14361,0,3200,3200
14362,0,3200,3200
14363,0,3200,3200
14364,0,3200,3200
14365,0,3200,3200
14366,0,3200,3200
14367,0,3200,3200
14368,0,3200,3200
14369,0,3200,3200
14370,0,3200,3200
14371,0,3200,3200
14372,0,3200,3200
14373,0,3200,3200
14374,0,3200,3200
14375,0,3200,3200
14376,0,3200,3200
14377,0,3200,3200
14378,0,3200,3200
14379,0,3200,3200
14380,0,3200,3200
14381,0,3200,3200
14382,0,3200,3200
14383,0,3200,3200
14384,0,3200,3200
14385,0,3200,3200
14386,0,3200,3200
14387,0,3200,3200
14388,0,3200,3200
14389,0,3200,3200
14390,0,3200,3200
14391,0,3200,3200
14392,0,3200,3200
14393,0,3200,3200
14394,0,3200,3200
14395,0,3200,3200
14396,0,3200,3200
14397,0,3200,3200
14398,0,3200,3200
14399,0,3200,3200
14400,0,3200,3200
14401,0,3200,3200
14402,0,3200,3200
14403,0,3200,3200
14404,0,3200,3200
14405,0,3200,3200
14406,0,3200,3200
14407,0,3200,3200
14408,0,3200,3200
14409,0,3200,3200
14410,0,3200,3200
14411,0,3200,3200
14412,0,3200,3200
14413,0,3200,3200
14414,0,3200,3200
14415,0,3200,3200
14416,0,3200,3200
14417,0,3200,3200
14418,0,3200,3200
14419,0,3200,3200
14420,0,3200,3200
14421,0,3200,3200
14422,0,3200,3200
14423,0,3200,3200
14424,0,3200,3200
14425,0,3200,3200
14426,0,3200,3200
14427,0,3200,3200
14428,0,3200,3200
14429,0,3200,3200
14430,0,3200,3200
14431,0,3200,3200
14432,0,3200,3200
14433,0,3200,3200
14434,0,3200,3200
14435,0,3200,3200
14436,0,3200,3200
14437,0,3200,3200
14438,0,3200,3200
14439,0,3200,3200
14440,0,3200,3200
14441,0,3200,3200
14442,0,3200,3200
14443,0,3200,3200
14444,0,3200,3200
14445,0,3200,3200
14446,0,3200,3200
14447,0,3200,3200
14448,0,3200,3200
14449,0,3200,3200
14450,0,3200,3200
14451,0,3200,3200
14452,0,3200,3200
14453,0,3200,3200
14454,0,3200,3200
14455,0,3200,3200
14456,0,3200,3200
14457,0,3200,3200
14458,0,3200,3200
14459,0,3200,3200
14460,0,3200,3200
