time,Library Rd & P1 to Library Rd & University Dr,Library Rd & P1 to Campus Ave & Library Rd,Library Rd & University Dr to Library Rd & P1,Campus Ave & Library Rd to Library Rd & P1,Campus Ave & Library Rd to Campus Ave & P2,Campus Ave & P2 to Campus Ave & University Dr,Campus Ave & University Dr to Library Rd & University Dr,Library Rd & University Dr to Campus Ave & University Dr,Campus Ave & University Dr to Raven Rd & University Dr,Raven Rd & University Dr to Campus Ave & University Dr,Raven Rd & University Dr to P3 & Raven Rd,P3 & Raven Rd to Raven Rd & University Dr,P3 & Raven Rd to Bronson Ave & Raven Rd,Library Rd & University Dr to Colonel By Dr & University Dr,Raven Rd & University Dr to P4 & University Dr,P4 & University Dr to Raven Rd & University Dr,P4 & University Dr to Stadium Way & University Dr,Stadium Way & University Dr to P4 & University Dr,Stadium Way & University Dr to P5 & Stadium Way,P5 & Stadium Way to Stadium Way & University Dr,P5 & Stadium Way to Bronson Ave & Stadium Way,Stadium Way & University Dr to Roundabout,Roundabout to Stadium Way & University Dr,Roundabout to Bronson Ave & University Dr,Roundabout to Campus Ave & P6,Campus Ave & P6 to Roundabout,Campus Ave & P6 to Campus Ave & Library Rd,Raven Rd & University Dr to Bronson Ave & Raven Rd
0.0,0.0,0.0,0.0,0.0,0.0,0.0,0.0,0.0,0.0,0.0,0.0,0.0,0.0,0.0,0.0,0.0,0.0,0.0,0.0,0.0,0.0,0.0,0.0,0.0,0.0,0.0,0.0,0.0
10.0,0.0,0.0,0.0,0.0,0.0,0.0,0.0,0.0,0.0,0.0,0.0,0.0,0.0,0.0,0.0,0.0,0.0,0.0,0.0,0.0,0.0,0.0,0.0,0.0,0.0,0.0,0.0,0.0
20.0,0.0,0.0,0.0,0.0,0.0,0.0,0.0,0.0,0.0,0.0,0.0,0.0,0.0,0.0,0.0,0.0,0.0,0.0,0.0,0.0,0.0,0.0,0.0,0.0,0.0,0.0,0.0,0.0
30.0,0.0,0.0,0.0,0.0,0.0,0.0,0.0,0.0,0.0,0.0,0.0,0.0,0.0,0.0,0.0,0.0,0.0,0.0,0.0,0.0,0.0,0.0,0.0,0.0,0.0,0.0,0.0,0.0
40.0,0.0,0.0,0.0,0.0,0.0,0.0,0.0,0.0,0.0,0.0,0.0,0.0,0.0,0.0,0.0,0.0,0.0,0.0,0.0,0.0,0.0,0.0,0.0,0.0,0.0,0.0,0.0,0.0
50.0,0.0,0.0,0.0,0.0,0.0,0.0,0.0,0.0,0.0,0.0,0.0,0.0,0.0,0.0,0.0,0.0,0.0,0.0,0.0,0.0,0.0,0.0,0.0,0.0,0.0,0.0,0.0,0.0
60.0,0.0,0.0,0.0,0.0,0.0,0.0,0.0,0.0,0.0,0.0,0.0,0.0,0.0,0.0,0.0,0.0,0.0,0.0,0.0,0.0,0.0,0.0,0.0,0.0,0.0,0.0,0.0,0.0
70.0,23.007326722222714,0.0,0.0,0.0,0.0,0.0,0.0,0.0,0.0,0.0,38.28809483128499,0.0,0.0,0.0,19.24962411678652,0.0,1.3717985705932294,0.0,0.0,0.0,131.30676420665984,0.0,0.0,10.616366094736422,23.855105224377425,0.0,0.0,0.0
80.0,26.92346744089892,0.0,0.0,0.0,0.0,0.0,0.0,0.0,0.0,0.0,42.062977420284916,0.0,0.0,0.0,20.236784327903777,0.0,1.8290647607909727,0.0,0.0,0.0,138.16213743833285,0.0,0.0,16.27842801192918,35.78265783656614,0.0,0.0,0.0
90.0,30.83960815957513,0.0,0.0,0.0,0.0,0.0,0.0,0.0,0.0,0.0,45.29859106799914,0.0,0.0,0.0,18.756044011227893,0.0,3.200863331384202,0.0,0.0,0.0,144.49017426756947,0.0,0.0,17.69394349122737,50.963179342988134,0.0,0.0,0.0
100.0,31.81864333924418,0.0,0.0,0.0,0.0,0.0,0.38694871716389606,0.0,0.0,0.0,46.37712895057055,0.0,0.0,0.0,17.275303694552004,0.0,4.5726619019774315,0.0,0.0,0.0,145.54484707244222,0.0,0.0,19.10945897052556,65.05937788466571,0.0,0.0,0.0
110.0,32.79767851891323,0.0,0.0,0.0,0.0,0.0,0.7738974343277921,0.0,0.0,0.0,47.99493577442766,0.0,0.0,2.9104777148277132,16.781723588993376,0.0,4.5726619019774315,0.0,3.4106947641893877,0.0,146.599519877315,0.0,0.0,22.648247668771035,66.14370084941012,0.0,0.8640652592518454,0.0
120.0,33.28719610874776,0.0,0.0,0.0,0.0,0.0,1.3543205100736362,0.0,0.0,0.0,48.534204715713365,0.0,0.0,8.73143314448314,16.288143483434748,0.0,5.029928092175175,0.0,3.4106947641893877,0.0,148.70886548706054,0.0,0.0,21.940489929121938,68.31234677889898,0.0,1.7281305185036908,0.0
130.0,32.3081609290787,0.0,0.0,0.0,0.0,0.0,1.9347435858194804,0.0,0.0,0.0,48.534204715713365,0.0,0.0,14.552388574138567,15.79456337787612,0.0,5.487194282372918,0.0,5.116042146284081,0.0,150.8182110968061,0.0,0.0,20.52497444982375,71.56531567313228,0.0,2.5921957777555362,0.0
140.0,31.329125749409652,0.0,0.0,0.0,0.0,0.0,2.3216923029833763,0.0,0.0,0.0,47.99493577442766,0.0,0.0,17.46286628896628,15.79456337787612,0.0,5.944460472570661,0.0,3.4106947641893877,0.0,153.9822295114244,0.0,0.0,21.232732189472845,73.73396160262112,0.0,3.168239283923433,0.0
150.0,29.860572979906074,0.0,0.0,0.0,0.0,0.0,2.9021153787292207,0.0,0.0,0.0,48.534204715713365,0.0,0.0,20.373344003793992,15.300983272317492,0.0,5.487194282372918,0.0,5.116042146284081,0.0,155.56423871873355,0.0,0.0,23.356005408420128,71.56531567313228,0.0,3.74428279009133,0.0
160.0,28.392020210402496,0.0,0.0,0.0,0.0,0.0,3.676012813057013,0.0,0.0,0.0,47.45566683314196,0.0,0.0,23.283821718621706,15.300983272317492,0.0,5.944460472570661,0.0,5.116042146284081,0.0,156.09157512116994,0.0,0.0,23.356005408420128,71.56531567313228,0.0,3.74428279009133,0.0
170.0,27.902502620567972,0.0,0.0,0.0,0.0,0.0,4.256435888802857,0.0,0.0,0.0,47.45566683314196,0.0,0.0,26.19429943344942,14.807403166758862,0.0,6.401726662768404,0.0,5.116042146284081,0.0,158.72825713335186,0.0,0.0,24.063763148069224,73.73396160262112,0.0,3.74428279009133,0.0
180.0,27.412985030733445,0.0,0.0,0.0,0.0,0.0,4.836858964548701,0.0,0.0,0.0,47.99493577442766,0.0,0.0,29.104777148277133,14.807403166758862,0.0,6.401726662768404,0.0,5.116042146284081,0.0,160.8376027430974,0.0,0.0,23.356005408420128,74.81828456736555,0.0,3.74428279009133,0.0
190.0,26.433949851064394,0.0,0.0,0.0,0.0,0.0,5.610756398876493,0.0,0.0,0.0,48.534204715713365,0.0,0.0,29.104777148277133,13.820242955641605,0.0,7.316259043163891,0.0,5.116042146284081,0.0,164.5289575601521,0.0,0.0,22.648247668771035,75.90260753210998,0.0,3.74428279009133,0.0
200.0,25.454914671395343,0.0,0.0,0.0,0.0,0.0,6.191179474622337,0.0,0.0,0.0,47.45566683314196,0.0,0.0,26.19429943344942,13.820242955641605,0.0,6.858992852966147,0.0,10.232084292568162,0.0,165.58363036502487,0.0,0.0,23.356005408420128,75.90260753210998,0.0,4.032304543175278,0.0
210.0,23.496844312057238,0.0,0.0,0.0,0.0,0.0,6.771602550368182,0.0,0.0,0.0,46.916397891856256,0.0,0.0,29.104777148277133,13.326662850082975,0.0,7.773525233361633,0.0,13.64277905675755,0.0,166.11096676746124,0.0,0.0,21.940489929121938,80.2398993910877,0.0,4.032304543175278,0.0
220.0,23.496844312057238,0.0,0.0,0.0,0.0,0.0,7.352025626114026,0.0,0.0,0.0,46.916397891856256,0.0,0.0,26.19429943344942,13.326662850082975,0.0,9.145323803954863,0.0,13.64277905675755,0.0,167.16563957233402,0.0,0.0,20.52497444982375,82.40854532057655,0.0,4.032304543175278,0.0
230.0,23.496844312057238,0.0,0.0,0.0,0.0,0.0,8.319397419023765,0.0,0.0,0.0,46.916397891856256,0.0,0.0,26.19429943344942,13.820242955641605,0.0,10.974388564745835,0.0,13.64277905675755,0.0,167.6929759747704,0.0,0.0,20.52497444982375,83.49286828532098,0.0,4.032304543175278,0.0
240.0,23.496844312057238,0.0,0.0,0.0,0.0,0.0,8.89982049476961,0.0,0.0,0.0,46.916397891856256,0.0,0.0,23.283821718621706,13.820242955641605,0.0,12.803453325536807,0.0,13.64277905675755,0.0,167.6929759747704,0.0,0.0,20.52497444982375,82.40854532057655,0.0,4.320326296259227,0.0
250.0,23.007326722222714,0.0,0.0,0.0,0.0,0.0,9.480243570515453,0.0,0.0,0.0,45.29859106799914,0.0,0.0,26.19429943344942,13.326662850082975,0.0,15.089784276525524,0.0,13.64277905675755,0.0,168.2203123772068,0.0,0.0,20.52497444982375,81.32422235583213,0.0,5.47241330859502,0.0
260.0,23.007326722222714,0.0,0.0,0.0,0.0,0.0,10.060666646261298,0.0,0.0,0.0,43.14151530285633,0.0,0.0,23.283821718621706,15.79456337787612,0.0,15.089784276525524,0.0,13.64277905675755,0.0,167.6929759747704,0.0,0.0,20.52497444982375,81.32422235583213,0.0,6.624500320930815,0.0
270.0,22.517809132388187,0.0,0.0,0.0,0.0,0.0,10.641089722007143,0.0,0.0,0.0,41.52370847899921,0.0,0.0,26.19429943344942,17.275303694552004,0.0,15.089784276525524,0.0,13.64277905675755,0.0,167.16563957233402,0.0,0.0,20.52497444982375,82.40854532057655,0.0,7.200543827098711,0.0
280.0,22.028291542553664,0.0,0.0,0.0,0.0,0.0,11.221512797752986,0.0,0.0,0.0,39.9059016551421,0.0,0.0,29.104777148277133,18.756044011227893,0.0,15.089784276525524,0.0,13.64277905675755,0.0,166.11096676746124,0.0,0.0,20.52497444982375,83.49286828532098,0.0,8.064609086350556,0.0
290.0,22.028291542553664,0.0,0.0,0.0,0.0,0.0,11.80193587349883,0.0,0.0,0.0,38.28809483128499,0.0,0.0,26.19429943344942,20.236784327903777,0.0,15.089784276525524,0.0,13.64277905675755,0.0,166.63830316989763,0.0,0.0,20.52497444982375,82.40854532057655,0.0,8.928674345602403,0.0
300.0,21.538773952719136,0.0,0.0,0.0,0.0,0.0,12.382358949244674,0.0,0.0,0.0,36.67028800742788,0.0,0.0,26.19429943344942,21.717524644579665,0.0,15.089784276525524,0.0,13.64277905675755,0.0,165.05629396258848,0.0,0.0,20.52497444982375,81.32422235583213,0.0,10.080761357938195,0.0
310.0,20.559738773050086,0.0,0.0,0.0,0.0,0.0,12.962782024990519,0.0,0.0,0.0,35.05248118357076,0.0,0.0,26.19429943344942,23.19826496125555,0.0,15.089784276525524,0.0,13.64277905675755,0.0,165.58363036502487,0.0,0.0,20.52497444982375,82.40854532057655,0.0,10.94482661719004,0.0
320.0,20.07022118321556,0.0,0.0,0.0,0.0,0.0,13.543205100736364,0.0,0.0,0.0,35.05248118357076,0.0,0.0,26.19429943344942,23.691845066814178,0.0,15.089784276525524,0.0,13.64277905675755,0.0,165.58363036502487,0.0,0.0,20.52497444982375,82.40854532057655,0.0,11.808891876441887,0.0
330.0,19.091186003546508,0.0,0.0,0.0,0.0,0.0,14.123628176482207,0.0,0.0,0.0,35.59175012485647,0.0,0.0,29.104777148277133,23.691845066814178,0.0,15.089784276525524,0.0,13.64277905675755,0.0,165.58363036502487,0.0,0.0,20.52497444982375,82.40854532057655,0.0,12.672957135693732,0.0
340.0,17.62263323404293,0.0,0.0,0.0,0.0,0.0,14.510576893646103,0.0,0.0,0.0,35.59175012485647,0.0,0.0,29.104777148277133,23.691845066814178,0.0,15.089784276525524,0.0,13.64277905675755,0.0,165.58363036502487,0.0,0.0,20.52497444982375,83.49286828532098,0.0,13.537022394945577,0.0
350.0,16.64359805437388,0.0,0.0,0.0,0.0,0.0,14.704051252228052,0.0,0.0,0.0,35.59175012485647,0.0,0.0,26.19429943344942,23.691845066814178,0.0,15.089784276525524,0.0,13.64277905675755,0.0,164.5289575601521,0.0,0.0,20.52497444982375,84.57719125006541,0.0,14.401087654197422,0.0
360.0,15.664562874704826,0.0,0.0,0.0,0.0,0.0,14.704051252228052,0.0,0.0,0.0,36.13101906614217,0.0,0.0,23.283821718621706,23.691845066814178,0.0,15.089784276525524,0.0,13.64277905675755,0.0,164.0016211577157,0.0,0.0,20.52497444982375,86.74583717955427,0.0,14.401087654197422,0.0
370.0,14.196010105201248,0.0,0.0,0.0,0.0,0.0,14.704051252228052,0.0,0.0,0.0,36.13101906614217,0.0,0.0,23.283821718621706,23.691845066814178,0.0,14.632518086327782,0.0,11.937431674662857,0.0,165.58363036502487,0.0,0.0,20.52497444982375,88.91448310904313,0.0,14.401087654197422,0.0
380.0,12.727457335697672,0.0,0.0,0.0,0.0,0.0,14.704051252228052,0.0,0.0,0.0,36.13101906614217,0.0,0.0,23.283821718621706,23.19826496125555,0.0,14.175251896130037,0.0,13.64277905675755,0.0,165.05629396258848,0.0,0.0,20.52497444982375,88.91448310904313,0.0,14.401087654197422,0.0
390.0,11.258904566194094,0.0,0.0,0.0,0.0,0.0,14.704051252228052,0.0,0.0,0.0,35.05248118357076,0.0,0.0,26.19429943344942,23.691845066814178,0.0,14.175251896130037,0.0,11.937431674662857,0.0,166.63830316989763,0.0,0.0,20.52497444982375,88.91448310904313,0.0,14.401087654197422,0.0
400.0,9.790351796690516,0.0,0.0,0.0,0.0,0.0,14.704051252228052,0.0,0.0,0.0,33.434674359713654,0.0,0.0,29.104777148277133,22.70468485569692,0.0,16.00431665692101,0.0,13.64277905675755,0.0,166.11096676746124,0.0,0.0,20.52497444982375,88.91448310904313,0.0,14.401087654197422,0.0
410.0,8.32179902718694,0.0,0.0,0.0,0.0,0.0,14.704051252228052,0.0,0.0,0.0,31.277598594570836,0.0,0.0,29.104777148277133,22.211104750138293,0.0,18.74791379810747,0.0,11.937431674662857,0.0,166.63830316989763,0.0,0.0,20.52497444982375,88.91448310904313,0.0,14.401087654197422,0.0
420.0,6.853246257683361,0.0,0.0,0.0,0.0,0.0,14.704051252228052,0.0,0.0,0.0,29.659791770713724,0.0,0.0,29.104777148277133,23.691845066814178,0.0,17.833381417711983,0.0,15.348126438852244,0.0,165.58363036502487,0.0,0.0,20.52497444982375,88.91448310904313,0.0,14.401087654197422,0.0
430.0,5.8742110780143095,0.0,0.0,0.0,0.0,0.0,14.704051252228052,0.0,0.0,0.0,28.581253888142317,0.0,0.0,26.19429943344942,24.679005277931438,0.0,17.833381417711983,0.0,15.348126438852244,0.0,166.11096676746124,0.0,0.0,20.52497444982375,88.91448310904313,0.0,14.401087654197422,0.0
440.0,4.895175898345258,0.0,0.0,0.0,0.0,0.0,14.704051252228052,0.0,0.0,0.0,28.581253888142317,0.0,0.0,23.283821718621706,23.19826496125555,0.0,19.20517998830521,0.0,13.64277905675755,0.0,166.11096676746124,0.0,0.0,20.52497444982375,88.91448310904313,0.0,14.401087654197422,0.0
450.0,2.9371055390071548,0.0,0.0,0.0,0.0,0.0,14.704051252228052,0.0,0.0,0.0,28.581253888142317,0.0,0.0,26.19429943344942,25.172585383490066,0.0,19.20517998830521,0.0,13.64277905675755,0.0,165.05629396258848,0.0,0.0,20.52497444982375,88.91448310904313,0.0,14.401087654197422,0.0
460.0,1.9580703593381033,0.0,0.0,0.0,0.0,0.0,14.704051252228052,0.0,0.0,0.0,30.19906071199943,0.0,0.0,26.19429943344942,25.172585383490066,0.0,19.20517998830521,0.0,13.64277905675755,0.0,164.0016211577157,0.0,0.0,20.52497444982375,88.91448310904313,0.0,14.401087654197422,0.0
470.0,0.9790351796690516,0.0,0.0,0.0,0.0,0.0,14.510576893646103,0.0,0.0,0.0,31.277598594570836,0.0,0.0,26.19429943344942,25.172585383490066,0.0,19.20517998830521,0.0,13.64277905675755,0.0,163.4742847552793,0.0,0.0,20.52497444982375,88.91448310904313,0.0,14.401087654197422,0.0
480.0,0.0,0.0,0.0,0.0,0.0,0.0,14.510576893646103,0.0,0.0,0.0,33.434674359713654,0.0,0.0,23.283821718621706,25.172585383490066,0.0,19.20517998830521,0.0,11.937431674662857,0.0,164.0016211577157,0.0,0.0,20.52497444982375,88.91448310904313,0.0,14.401087654197422,0.0
490.0,0.0,0.0,0.0,0.0,0.0,0.0,14.123628176482207,0.0,0.0,0.0,33.97394330099936,0.0,0.0,23.283821718621706,25.172585383490066,0.0,18.290647607909726,0.0,15.348126438852244,0.0,163.4742847552793,0.0,0.0,20.52497444982375,88.91448310904313,0.0,14.401087654197422,0.0
500.0,0.0,0.0,0.0,0.0,0.0,0.0,13.349730742154415,0.0,0.0,0.0,33.97394330099936,0.0,0.0,29.104777148277133,25.666165489048694,0.0,17.833381417711983,0.0,15.348126438852244,0.0,162.94694835284292,0.0,0.0,20.52497444982375,88.91448310904313,0.0,14.401087654197422,0.0
510.0,0.0,0.0,0.0,0.0,0.0,0.0,12.76930766640857,0.0,0.0,0.0,33.97394330099936,0.0,0.0,34.92573257793256,25.172585383490066,0.0,18.290647607909726,0.0,15.348126438852244,0.0,162.94694835284292,0.0,0.0,20.52497444982375,88.91448310904313,0.0,14.401087654197422,0.0
520.0,0.0,0.0,0.0,0.0,0.0,0.0,11.99541023208078,0.0,0.0,0.0,32.89540541842795,0.0,0.0,49.478121152071125,26.159745594607323,0.0,18.290647607909726,0.0,15.348126438852244,0.0,162.41961195040656,0.0,0.0,20.52497444982375,88.91448310904313,0.0,14.401087654197422,0.0
530.0,0.0,0.0,0.0,0.0,0.0,0.0,11.80193587349883,0.0,0.0,0.0,32.89540541842795,0.0,0.0,52.38859886689884,26.159745594607323,0.0,18.290647607909726,0.0,15.348126438852244,0.0,161.89227554797017,0.0,0.0,20.52497444982375,88.91448310904313,0.0,14.401087654197422,0.0
540.0,0.0,0.0,0.0,0.0,0.0,0.0,11.608461514916883,0.0,0.0,0.0,32.89540541842795,0.0,0.0,55.29907658172655,26.159745594607323,0.0,18.290647607909726,0.0,15.348126438852244,0.0,161.89227554797017,0.0,0.0,20.52497444982375,88.91448310904313,0.0,13.537022394945577,0.0
550.0,0.0,0.0,0.0,0.0,0.0,0.0,11.608461514916883,0.0,0.0,0.0,32.89540541842795,0.0,0.0,55.29907658172655,26.159745594607323,0.0,18.74791379810747,0.0,15.348126438852244,0.0,160.8376027430974,0.0,0.0,20.52497444982375,88.91448310904313,0.0,12.384935382609784,0.0
560.0,0.0,0.0,0.0,0.0,0.0,0.0,11.99541023208078,0.0,0.0,0.0,32.89540541842795,0.0,0.0,46.56764343724341,26.159745594607323,0.0,18.290647607909726,0.0,15.348126438852244,0.0,160.310266340661,0.0,0.0,20.52497444982375,86.74583717955427,0.0,11.808891876441887,0.0
570.0,0.0,0.0,0.0,0.0,0.0,0.0,11.608461514916883,0.0,0.0,0.0,32.89540541842795,0.0,0.0,52.38859886689884,26.159745594607323,0.0,18.290647607909726,0.0,15.348126438852244,0.0,159.25559353578825,0.0,0.0,20.52497444982375,84.57719125006541,0.0,11.23284837027399,0.0
580.0,0.0,0.0,0.0,0.0,0.0,0.0,11.414987156334934,0.0,0.0,0.0,32.89540541842795,0.0,0.0,52.38859886689884,26.159745594607323,0.0,18.290647607909726,0.0,15.348126438852244,0.0,160.310266340661,0.0,0.0,20.52497444982375,83.49286828532098,0.0,10.656804864106093,0.0
590.0,0.0,0.0,0.0,0.0,0.0,0.0,11.414987156334934,0.0,0.0,0.0,32.89540541842795,0.0,0.0,55.29907658172655,26.159745594607323,0.0,18.290647607909726,0.0,15.348126438852244,0.0,160.310266340661,0.0,0.0,20.52497444982375,85.66151421480984,0.0,9.792739604854248,0.0
600.0,0.0,0.0,0.0,0.0,0.0,0.0,11.608461514916883,0.0,0.0,0.0,32.89540541842795,0.0,0.0,52.38859886689884,26.159745594607323,0.0,18.74791379810747,0.0,15.348126438852244,0.0,159.78292993822464,0.0,0.0,20.52497444982375,83.49286828532098,0.0,9.21669609868635,0.0
610.0,0.0,0.0,0.0,0.0,0.0,0.0,11.028038439171038,0.0,0.0,0.0,32.89540541842795,0.0,0.0,58.209554296554266,26.159745594607323,0.0,18.290647607909726,0.0,15.348126438852244,0.0,159.78292993822464,0.0,0.0,20.52497444982375,83.49286828532098,0.0,9.21669609868635,0.0
620.0,0.0,0.0,0.0,0.0,0.0,0.0,11.608461514916883,0.0,0.0,0.0,32.89540541842795,0.0,0.0,49.478121152071125,26.159745594607323,0.0,18.290647607909726,0.0,15.348126438852244,0.0,159.78292993822464,0.0,0.0,20.52497444982375,83.49286828532098,0.0,9.21669609868635,0.0
630.0,0.0,0.0,0.0,0.0,0.0,0.0,11.80193587349883,0.0,0.0,0.0,32.89540541842795,0.0,0.0,49.478121152071125,26.159745594607323,0.0,18.290647607909726,0.0,15.348126438852244,0.0,159.25559353578825,0.0,0.0,20.52497444982375,81.32422235583213,0.0,9.21669609868635,0.0
640.0,0.0,0.0,0.0,0.0,0.0,0.0,11.608461514916883,0.0,0.0,0.0,32.89540541842795,0.0,0.0,49.478121152071125,26.159745594607323,0.0,18.290647607909726,0.0,15.348126438852244,0.0,158.20092073091547,0.0,0.0,20.52497444982375,82.40854532057655,0.0,8.928674345602403,0.0
650.0,0.0,0.0,0.0,0.0,0.0,0.0,11.608461514916883,0.0,0.0,0.0,32.89540541842795,0.0,0.0,49.478121152071125,26.159745594607323,0.0,18.74791379810747,0.0,15.348126438852244,0.0,156.61891152360633,0.0,0.0,20.52497444982375,82.40854532057655,0.0,7.776587333266608,0.0
660.0,0.0,0.0,0.0,0.0,0.0,0.0,11.414987156334934,0.0,0.0,0.0,32.89540541842795,0.0,0.0,55.29907658172655,26.159745594607323,0.0,18.290647607909726,0.0,15.348126438852244,0.0,157.1462479260427,0.0,0.0,20.52497444982375,82.40854532057655,0.0,8.640652592518453,0.0
670.0,0.0,0.0,0.0,0.0,0.0,0.0,11.414987156334934,0.0,0.0,0.0,32.89540541842795,0.0,0.0,52.38859886689884,26.159745594607323,0.0,18.290647607909726,0.0,15.348126438852244,0.0,156.09157512116994,0.0,0.0,21.232732189472845,81.32422235583213,0.0,8.640652592518453,0.0
680.0,0.0,0.0,0.0,0.0,0.0,0.0,11.221512797752986,0.0,0.0,0.0,32.89540541842795,0.0,0.0,55.29907658172655,26.159745594607323,0.0,18.290647607909726,0.0,15.348126438852244,0.0,156.61891152360633,0.0,0.0,21.940489929121938,80.2398993910877,0.0,8.928674345602403,0.0
690.0,0.0,0.0,0.0,0.0,0.0,0.0,11.221512797752986,0.0,0.0,0.0,32.89540541842795,0.0,0.0,58.209554296554266,26.159745594607323,0.0,18.74791379810747,0.0,15.348126438852244,0.0,155.56423871873355,0.0,0.0,21.232732189472845,81.32422235583213,0.0,8.928674345602403,0.0
700.0,0.0,0.0,0.0,0.0,0.0,0.0,11.221512797752986,0.0,0.0,0.0,32.89540541842795,0.0,0.0,55.29907658172655,26.159745594607323,0.0,18.290647607909726,0.0,15.348126438852244,0.0,155.56423871873355,0.0,0.0,21.940489929121938,82.40854532057655,0.0,8.928674345602403,0.0
710.0,0.0,0.0,0.0,0.0,0.0,0.0,11.608461514916883,0.0,0.0,0.0,32.89540541842795,0.0,0.0,49.478121152071125,26.159745594607323,0.0,18.74791379810747,0.0,15.348126438852244,0.0,155.56423871873355,0.0,0.0,21.940489929121938,84.57719125006541,0.0,8.928674345602403,0.0
720.0,0.0,0.0,0.0,0.0,0.0,0.0,11.414987156334934,0.0,0.0,0.0,32.89540541842795,0.0,0.0,52.38859886689884,26.159745594607323,0.0,18.290647607909726,0.0,15.348126438852244,0.0,155.03690231629716,0.0,0.0,20.52497444982375,83.49286828532098,0.0,8.928674345602403,0.0
730.0,0.0,0.0,0.0,0.0,0.0,0.0,11.414987156334934,0.0,0.0,0.0,32.89540541842795,0.0,0.0,58.209554296554266,26.159745594607323,0.0,18.74791379810747,0.0,15.348126438852244,0.0,155.03690231629716,0.0,0.0,20.52497444982375,83.49286828532098,0.0,8.928674345602403,0.0
740.0,0.0,0.0,0.0,0.0,0.0,0.0,11.608461514916883,0.0,0.0,0.0,32.89540541842795,0.0,0.0,52.38859886689884,26.159745594607323,0.0,18.290647607909726,0.0,15.348126438852244,0.0,153.9822295114244,0.0,0.0,20.52497444982375,83.49286828532098,0.0,9.504717851770298,0.0
750.0,0.0,0.0,0.0,0.0,0.0,0.0,11.608461514916883,0.0,0.0,0.0,32.89540541842795,0.0,0.0,49.478121152071125,26.159745594607323,0.0,18.74791379810747,0.0,15.348126438852244,0.0,152.40022030411524,0.0,0.0,20.52497444982375,83.49286828532098,0.0,9.21669609868635,0.0
760.0,0.0,0.0,0.0,0.0,0.0,0.0,11.608461514916883,0.0,0.0,0.0,32.89540541842795,0.0,0.0,49.478121152071125,26.159745594607323,0.0,18.290647607909726,0.0,15.348126438852244,0.0,150.2908746943697,0.0,0.0,20.52497444982375,83.49286828532098,0.0,8.928674345602403,0.0
770.0,0.0,0.0,0.0,0.0,0.0,0.0,11.99541023208078,0.0,0.0,0.0,32.89540541842795,0.0,0.0,46.56764343724341,26.159745594607323,0.0,18.74791379810747,0.0,15.348126438852244,0.0,150.8182110968061,0.0,0.0,20.52497444982375,82.40854532057655,0.0,8.640652592518453,0.0
780.0,0.0,0.0,0.0,0.0,0.0,0.0,11.99541023208078,0.0,0.0,0.0,32.89540541842795,0.0,0.0,49.478121152071125,26.159745594607323,0.0,18.290647607909726,0.0,15.348126438852244,0.0,150.8182110968061,0.0,0.0,20.52497444982375,82.40854532057655,0.0,8.352630839434505,0.0
790.0,0.0,0.0,0.0,0.0,0.0,0.0,11.99541023208078,0.0,0.0,0.0,32.89540541842795,0.0,0.0,52.38859886689884,26.159745594607323,0.0,18.74791379810747,0.0,15.348126438852244,0.0,150.8182110968061,0.0,0.0,20.52497444982375,82.40854532057655,0.0,8.064609086350556,0.0
800.0,0.0,0.0,0.0,0.0,0.0,0.0,11.608461514916883,0.0,0.0,0.0,32.89540541842795,0.0,0.0,49.478121152071125,26.159745594607323,0.0,18.74791379810747,0.0,15.348126438852244,0.0,151.34554749924246,0.0,0.0,20.52497444982375,80.2398993910877,0.0,8.064609086350556,0.0
810.0,0.0,0.0,0.0,0.0,0.0,0.0,12.188884590662726,0.0,0.0,0.0,32.89540541842795,0.0,0.0,46.56764343724341,26.159745594607323,0.0,18.290647607909726,0.0,15.348126438852244,0.0,149.23620188949693,0.0,0.0,20.52497444982375,83.49286828532098,0.0,8.064609086350556,0.0
820.0,0.0,0.0,0.0,0.0,0.0,0.0,11.80193587349883,0.0,0.0,0.0,32.89540541842795,0.0,0.0,52.38859886689884,26.159745594607323,0.0,18.74791379810747,0.0,15.348126438852244,0.0,149.23620188949693,0.0,0.0,21.232732189472845,83.49286828532098,0.0,7.776587333266608,0.0
830.0,0.0,0.0,0.0,0.0,0.0,0.0,11.80193587349883,0.0,0.0,0.0,32.89540541842795,0.0,0.0,55.29907658172655,26.159745594607323,0.0,18.290647607909726,0.0,15.348126438852244,0.0,148.70886548706054,0.0,0.0,21.232732189472845,83.49286828532098,0.0,8.064609086350556,0.0
840.0,0.0,0.0,0.0,0.0,0.0,0.0,11.80193587349883,0.0,0.0,0.0,32.89540541842795,0.0,0.0,52.38859886689884,26.159745594607323,0.0,18.290647607909726,0.0,15.348126438852244,0.0,147.1268562797514,0.0,0.0,20.52497444982375,82.40854532057655,0.0,8.640652592518453,0.0
850.0,0.0,0.0,0.0,0.0,0.0,0.0,11.608461514916883,0.0,0.0,0.0,32.89540541842795,0.0,0.0,52.38859886689884,26.159745594607323,0.0,18.74791379810747,0.0,15.348126438852244,0.0,146.599519877315,0.0,0.0,20.52497444982375,83.49286828532098,0.0,8.352630839434505,0.0
860.0,0.0,0.0,0.0,0.0,0.0,0.0,11.608461514916883,0.0,0.0,0.0,32.89540541842795,0.0,0.0,55.29907658172655,26.159745594607323,0.0,18.74791379810747,0.0,15.348126438852244,0.0,145.54484707244222,0.0,0.0,20.52497444982375,82.40854532057655,0.0,7.776587333266608,0.0
870.0,0.0,0.0,0.0,0.0,0.0,0.0,11.414987156334934,0.0,0.0,0.0,32.89540541842795,0.0,0.0,58.209554296554266,26.159745594607323,0.0,18.290647607909726,0.0,15.348126438852244,0.0,145.01751067000586,0.0,0.0,20.52497444982375,82.40854532057655,0.0,7.200543827098711,0.0
880.0,0.0,0.0,0.0,0.0,0.0,0.0,11.80193587349883,0.0,0.0,0.0,32.89540541842795,0.0,0.0,52.38859886689884,26.159745594607323,0.0,18.290647607909726,0.0,15.348126438852244,0.0,146.0721834748786,0.0,0.0,20.52497444982375,82.40854532057655,0.0,7.48856558018266,0.0
890.0,0.0,0.0,0.0,0.0,0.0,0.0,11.80193587349883,0.0,0.0,0.0,32.89540541842795,0.0,0.0,52.38859886689884,26.159745594607323,0.0,18.290647607909726,0.0,15.348126438852244,0.0,145.54484707244222,0.0,0.0,20.52497444982375,82.40854532057655,0.0,6.912522074014763,0.0
900.0,0.0,0.0,0.0,0.0,0.0,0.0,11.80193587349883,0.0,0.0,0.0,32.89540541842795,0.0,0.0,55.29907658172655,26.159745594607323,0.0,18.290647607909726,0.0,15.348126438852244,0.0,144.49017426756947,0.0,0.0,20.52497444982375,82.40854532057655,0.0,6.912522074014763,0.0
910.0,0.0,0.0,0.0,0.0,0.0,0.0,11.80193587349883,0.0,0.0,0.0,32.89540541842795,0.0,0.0,52.38859886689884,26.159745594607323,0.0,18.74791379810747,0.0,15.348126438852244,0.0,143.96283786513308,0.0,0.0,20.52497444982375,83.49286828532098,0.0,6.912522074014763,0.0
920.0,0.0,0.0,0.0,0.0,0.0,0.0,11.80193587349883,0.0,0.0,0.0,32.89540541842795,0.0,0.0,52.38859886689884,26.159745594607323,0.0,18.290647607909726,0.0,15.348126438852244,0.0,142.3808286578239,0.0,0.0,20.52497444982375,83.49286828532098,0.0,7.200543827098711,0.0
930.0,0.0,0.0,0.0,0.0,0.0,0.0,11.80193587349883,0.0,0.0,0.0,32.89540541842795,0.0,0.0,49.478121152071125,26.159745594607323,0.0,18.74791379810747,0.0,15.348126438852244,0.0,141.85349225538755,0.0,0.0,20.52497444982375,82.40854532057655,0.0,6.624500320930815,0.0
940.0,0.0,0.0,0.0,0.0,0.0,0.0,11.80193587349883,0.0,0.0,0.0,32.89540541842795,0.0,0.0,49.478121152071125,26.159745594607323,0.0,18.74791379810747,0.0,15.348126438852244,0.0,140.79881945051477,0.0,0.0,20.52497444982375,83.49286828532098,0.0,6.048456814762917,0.0
950.0,0.0,0.0,0.0,0.0,0.0,0.0,11.80193587349883,0.0,0.0,0.0,32.89540541842795,0.0,0.0,52.38859886689884,26.159745594607323,0.0,18.290647607909726,0.0,15.348126438852244,0.0,140.27148304807838,0.0,0.0,20.52497444982375,84.57719125006541,0.0,5.760435061678969,0.0
960.0,0.0,0.0,0.0,0.0,0.0,0.0,11.99541023208078,0.0,0.0,0.0,32.89540541842795,0.0,0.0,46.56764343724341,26.159745594607323,0.0,18.74791379810747,0.0,15.348126438852244,0.0,140.79881945051477,0.0,0.0,20.52497444982375,83.49286828532098,0.0,6.048456814762917,0.0
970.0,0.0,0.0,0.0,0.0,0.0,0.0,12.188884590662726,0.0,0.0,0.0,32.89540541842795,0.0,0.0,46.56764343724341,26.159745594607323,0.0,18.290647607909726,0.0,15.348126438852244,0.0,140.27148304807838,0.0,0.0,20.52497444982375,82.40854532057655,0.0,6.048456814762917,0.0
980.0,0.0,0.0,0.0,0.0,0.0,0.0,11.99541023208078,0.0,0.0,0.0,32.89540541842795,0.0,0.0,46.56764343724341,26.159745594607323,0.0,18.74791379810747,0.0,15.348126438852244,0.0,141.85349225538755,0.0,0.0,20.52497444982375,82.40854532057655,0.0,5.1843915555110724,0.0
990.0,0.0,0.0,0.0,0.0,0.0,0.0,11.99541023208078,0.0,0.0,0.0,32.89540541842795,0.0,0.0,46.56764343724341,26.159745594607323,0.0,18.290647607909726,0.0,15.348126438852244,0.0,141.32615585295116,0.0,0.0,20.52497444982375,81.32422235583213,0.0,5.1843915555110724,0.0
1000.0,0.0,0.0,0.0,0.0,0.0,0.0,11.99541023208078,0.0,0.0,0.0,32.89540541842795,0.0,0.0,49.478121152071125,26.159745594607323,0.0,18.290647607909726,0.0,15.348126438852244,0.0,141.32615585295116,0.0,0.0,20.52497444982375,81.32422235583213,0.0,5.1843915555110724,0.0
1010.0,0.0,0.0,0.0,0.0,0.0,0.0,11.608461514916883,0.0,0.0,0.0,32.89540541842795,0.0,0.0,55.29907658172655,26.159745594607323,0.0,18.74791379810747,0.0,15.348126438852244,0.0,141.32615585295116,0.0,0.0,20.52497444982375,82.40854532057655,0.0,4.896369802427124,0.0
1020.0,0.0,0.0,0.0,0.0,0.0,0.0,11.414987156334934,0.0,0.0,0.0,32.89540541842795,0.0,0.0,55.29907658172655,26.159745594607323,0.0,18.290647607909726,0.0,15.348126438852244,0.0,142.3808286578239,0.0,0.0,20.52497444982375,82.40854532057655,0.0,5.1843915555110724,0.0
1030.0,0.0,0.0,0.0,0.0,0.0,0.0,11.414987156334934,0.0,0.0,0.0,32.89540541842795,0.0,0.0,55.29907658172655,26.159745594607323,0.0,18.74791379810747,0.0,15.348126438852244,0.0,142.3808286578239,0.0,0.0,20.52497444982375,83.49286828532098,0.0,4.896369802427124,0.0
1040.0,0.0,0.0,0.0,0.0,0.0,0.0,11.414987156334934,0.0,0.0,0.0,32.89540541842795,0.0,0.0,52.38859886689884,26.159745594607323,0.0,18.290647607909726,0.0,15.348126438852244,0.0,142.3808286578239,0.0,0.0,20.52497444982375,81.32422235583213,0.0,4.608348049343175,0.0
1050.0,0.0,0.0,0.0,0.0,0.0,0.0,11.414987156334934,0.0,0.0,0.0,32.89540541842795,0.0,0.0,52.38859886689884,26.159745594607323,0.0,18.74791379810747,0.0,15.348126438852244,0.0,141.85349225538755,0.0,0.0,20.52497444982375,80.2398993910877,0.0,5.1843915555110724,0.0
1060.0,0.0,0.0,0.0,0.0,0.0,0.0,10.83456408058909,0.0,0.0,0.0,32.89540541842795,0.0,0.0,55.29907658172655,26.159745594607323,0.0,18.74791379810747,0.0,15.348126438852244,0.0,140.79881945051477,0.0,0.0,21.940489929121938,79.15557642634327,0.0,4.896369802427124,0.0
1070.0,0.0,0.0,0.0,0.0,0.0,0.0,11.028038439171038,0.0,0.0,0.0,32.89540541842795,0.0,0.0,55.29907658172655,26.159745594607323,0.0,18.290647607909726,0.0,15.348126438852244,0.0,140.79881945051477,0.0,0.0,21.940489929121938,80.2398993910877,0.0,4.896369802427124,0.0
1080.0,0.0,0.0,0.0,0.0,0.0,0.0,10.83456408058909,0.0,0.0,0.0,32.89540541842795,0.0,0.0,55.29907658172655,26.159745594607323,0.0,18.74791379810747,0.0,15.348126438852244,0.0,141.32615585295116,0.0,0.0,20.52497444982375,82.40854532057655,0.0,4.320326296259227,0.0
1090.0,0.0,0.0,0.0,0.0,0.0,0.0,11.028038439171038,0.0,0.0,0.0,32.89540541842795,0.0,0.0,52.38859886689884,26.159745594607323,0.0,18.74791379810747,0.0,15.348126438852244,0.0,142.9081650602603,0.0,0.0,20.52497444982375,84.57719125006541,0.0,4.608348049343175,0.0
1100.0,0.0,0.0,0.0,0.0,0.0,0.0,11.028038439171038,0.0,0.0,0.0,32.89540541842795,0.0,0.0,52.38859886689884,26.159745594607323,0.0,18.74791379810747,0.0,15.348126438852244,0.0,143.4355014626967,0.0,0.0,20.52497444982375,83.49286828532098,0.0,4.608348049343175,0.0
1110.0,0.0,0.0,0.0,0.0,0.0,0.0,11.028038439171038,0.0,0.0,0.0,32.89540541842795,0.0,0.0,52.38859886689884,26.159745594607323,0.0,18.290647607909726,0.0,15.348126438852244,0.0,142.9081650602603,0.0,0.0,20.52497444982375,83.49286828532098,0.0,4.032304543175278,0.0
1120.0,0.0,0.0,0.0,0.0,0.0,0.0,10.83456408058909,0.0,0.0,0.0,32.89540541842795,0.0,0.0,55.29907658172655,26.159745594607323,0.0,18.74791379810747,0.0,15.348126438852244,0.0,143.4355014626967,0.0,0.0,20.52497444982375,83.49286828532098,0.0,4.032304543175278,0.0
1130.0,0.0,0.0,0.0,0.0,0.0,0.0,10.447615363425195,0.0,0.0,0.0,32.89540541842795,0.0,0.0,58.209554296554266,26.159745594607323,0.0,18.290647607909726,0.0,15.348126438852244,0.0,142.9081650602603,0.0,0.0,20.52497444982375,83.49286828532098,0.0,3.74428279009133,0.0
1140.0,0.0,0.0,0.0,0.0,0.0,0.0,10.641089722007143,0.0,0.0,0.0,32.89540541842795,0.0,0.0,52.38859886689884,26.159745594607323,0.0,18.290647607909726,0.0,15.348126438852244,0.0,142.3808286578239,0.0,0.0,20.52497444982375,83.49286828532098,0.0,3.74428279009133,0.0
1150.0,0.0,0.0,0.0,0.0,0.0,0.0,10.641089722007143,0.0,0.0,0.0,32.89540541842795,0.0,0.0,52.38859886689884,26.159745594607323,0.0,18.290647607909726,0.0,15.348126438852244,0.0,143.4355014626967,0.0,0.0,20.52497444982375,82.40854532057655,0.0,3.74428279009133,0.0
1160.0,0.0,0.0,0.0,0.0,0.0,0.0,10.641089722007143,0.0,0.0,0.0,32.89540541842795,0.0,0.0,49.478121152071125,26.159745594607323,0.0,18.290647607909726,0.0,15.348126438852244,0.0,143.4355014626967,0.0,0.0,20.52497444982375,83.49286828532098,0.0,3.74428279009133,0.0
1170.0,0.0,0.0,0.0,0.0,0.0,0.0,11.028038439171038,0.0,0.0,0.0,32.89540541842795,0.0,0.0,46.56764343724341,26.159745594607323,0.0,18.290647607909726,0.0,15.348126438852244,0.0,142.9081650602603,0.0,0.0,20.52497444982375,82.40854532057655,0.0,4.320326296259227,0.0
1180.0,0.0,0.0,0.0,0.0,0.0,0.0,10.641089722007143,0.0,0.0,0.0,32.89540541842795,0.0,0.0,52.38859886689884,26.159745594607323,0.0,18.290647607909726,0.0,15.348126438852244,0.0,143.4355014626967,0.0,0.0,20.52497444982375,82.40854532057655,0.0,4.032304543175278,0.0
1190.0,0.0,0.0,0.0,0.0,0.0,0.0,10.83456408058909,0.0,0.0,0.0,32.89540541842795,0.0,0.0,49.478121152071125,26.159745594607323,0.0,18.290647607909726,0.0,15.348126438852244,0.0,142.9081650602603,0.0,0.0,20.52497444982375,83.49286828532098,0.0,4.032304543175278,0.0
1200.0,0.0,0.0,0.0,0.0,0.0,0.0,10.641089722007143,0.0,0.0,0.0,32.89540541842795,0.0,0.0,49.478121152071125,26.159745594607323,0.0,18.290647607909726,0.0,15.348126438852244,0.0,142.3808286578239,0.0,0.0,20.52497444982375,82.40854532057655,0.0,4.320326296259227,0.0
1210.0,0.0,0.0,0.0,0.0,0.0,0.0,11.028038439171038,0.0,0.0,0.0,32.89540541842795,0.0,0.0,43.6571657224157,26.159745594607323,0.0,18.290647607909726,0.0,15.348126438852244,0.0,141.32615585295116,0.0,0.0,20.52497444982375,83.49286828532098,0.0,4.032304543175278,0.0
1220.0,0.0,0.0,0.0,0.0,0.0,0.0,10.83456408058909,0.0,0.0,0.0,32.89540541842795,0.0,0.0,49.478121152071125,26.159745594607323,0.0,18.290647607909726,0.0,15.348126438852244,0.0,141.85349225538755,0.0,0.0,20.52497444982375,82.40854532057655,0.0,4.032304543175278,0.0
1230.0,0.0,0.0,0.0,0.0,0.0,0.0,10.83456408058909,0.0,0.0,0.0,32.89540541842795,0.0,0.0,49.478121152071125,26.159745594607323,0.0,18.290647607909726,0.0,15.348126438852244,0.0,141.85349225538755,0.0,0.0,20.52497444982375,83.49286828532098,0.0,3.74428279009133,0.0
1240.0,0.0,0.0,0.0,0.0,0.0,0.0,10.83456408058909,0.0,0.0,0.0,32.89540541842795,0.0,0.0,49.478121152071125,26.159745594607323,0.0,18.290647607909726,0.0,15.348126438852244,0.0,142.9081650602603,0.0,0.0,20.52497444982375,82.40854532057655,0.0,4.032304543175278,0.0
1250.0,0.0,0.0,0.0,0.0,0.0,0.0,10.447615363425195,0.0,0.0,0.0,32.89540541842795,0.0,0.0,58.209554296554266,26.159745594607323,0.0,18.290647607909726,0.0,15.348126438852244,0.0,140.79881945051477,0.0,0.0,20.52497444982375,83.49286828532098,0.0,3.74428279009133,0.0
1260.0,0.0,0.0,0.0,0.0,0.0,0.0,10.641089722007143,0.0,0.0,0.0,32.89540541842795,0.0,0.0,55.29907658172655,26.159745594607323,0.0,18.290647607909726,0.0,15.348126438852244,0.0,139.744146645642,0.0,0.0,20.52497444982375,83.49286828532098,0.0,3.74428279009133,0.0
1270.0,0.0,0.0,0.0,0.0,0.0,0.0,10.447615363425195,0.0,0.0,0.0,32.89540541842795,0.0,0.0,55.29907658172655,26.159745594607323,0.0,18.290647607909726,0.0,15.348126438852244,0.0,139.21681024320563,0.0,0.0,20.52497444982375,83.49286828532098,0.0,3.74428279009133,0.0
1280.0,0.0,0.0,0.0,0.0,0.0,0.0,10.83456408058909,0.0,0.0,0.0,32.89540541842795,0.0,0.0,52.38859886689884,26.159745594607323,0.0,18.290647607909726,0.0,15.348126438852244,0.0,137.63480103589646,0.0,0.0,20.52497444982375,83.49286828532098,0.0,3.74428279009133,0.0
1290.0,0.0,0.0,0.0,0.0,0.0,0.0,10.641089722007143,0.0,0.0,0.0,32.89540541842795,0.0,0.0,55.29907658172655,26.159745594607323,0.0,18.290647607909726,0.0,15.348126438852244,0.0,137.63480103589646,0.0,0.0,20.52497444982375,82.40854532057655,0.0,3.74428279009133,0.0
1300.0,0.0,0.0,0.0,0.0,0.0,0.0,11.028038439171038,0.0,0.0,0.0,32.89540541842795,0.0,0.0,49.478121152071125,26.159745594607323,0.0,18.290647607909726,0.0,15.348126438852244,0.0,137.10746463346007,0.0,0.0,20.52497444982375,84.57719125006541,0.0,3.4562610370073816,0.0
1310.0,0.0,0.0,0.0,0.0,0.0,0.0,11.028038439171038,0.0,0.0,0.0,32.89540541842795,0.0,0.0,52.38859886689884,26.159745594607323,0.0,18.290647607909726,0.0,15.348126438852244,0.0,136.58012823102368,0.0,0.0,20.52497444982375,83.49286828532098,0.0,3.74428279009133,0.0
1320.0,0.0,0.0,0.0,0.0,0.0,0.0,11.028038439171038,0.0,0.0,0.0,32.89540541842795,0.0,0.0,52.38859886689884,26.159745594607323,0.0,18.290647607909726,0.0,15.348126438852244,0.0,136.05279182858732,0.0,0.0,20.52497444982375,83.49286828532098,0.0,3.74428279009133,0.0
1330.0,0.0,0.0,0.0,0.0,0.0,0.0,11.414987156334934,0.0,0.0,0.0,32.89540541842795,0.0,0.0,49.478121152071125,26.159745594607323,0.0,18.290647607909726,0.0,15.348126438852244,0.0,136.05279182858732,0.0,0.0,20.52497444982375,83.49286828532098,0.0,4.032304543175278,0.0
1340.0,0.0,0.0,0.0,0.0,0.0,0.0,11.414987156334934,0.0,0.0,0.0,32.89540541842795,0.0,0.0,49.478121152071125,26.159745594607323,0.0,18.290647607909726,0.0,15.348126438852244,0.0,136.05279182858732,0.0,0.0,20.52497444982375,83.49286828532098,0.0,4.032304543175278,0.0
1350.0,0.0,0.0,0.0,0.0,0.0,0.0,11.221512797752986,0.0,0.0,0.0,32.89540541842795,0.0,0.0,52.38859886689884,26.159745594607323,0.0,18.290647607909726,0.0,15.348126438852244,0.0,135.52545542615093,0.0,0.0,20.52497444982375,83.49286828532098,0.0,4.032304543175278,0.0
1360.0,0.0,0.0,0.0,0.0,0.0,0.0,11.414987156334934,0.0,0.0,0.0,32.89540541842795,0.0,0.0,46.56764343724341,26.159745594607323,0.0,18.290647607909726,0.0,15.348126438852244,0.0,137.10746463346007,0.0,0.0,20.52497444982375,83.49286828532098,0.0,4.032304543175278,0.0
1370.0,0.0,0.0,0.0,0.0,0.0,0.0,11.414987156334934,0.0,0.0,0.0,32.89540541842795,0.0,0.0,49.478121152071125,26.159745594607323,0.0,18.290647607909726,0.0,15.348126438852244,0.0,136.05279182858732,0.0,0.0,20.52497444982375,84.57719125006541,0.0,3.74428279009133,0.0
1380.0,0.0,0.0,0.0,0.0,0.0,0.0,11.608461514916883,0.0,0.0,0.0,32.89540541842795,0.0,0.0,46.56764343724341,26.159745594607323,0.0,18.290647607909726,0.0,15.348126438852244,0.0,136.58012823102368,0.0,0.0,20.52497444982375,83.49286828532098,0.0,4.032304543175278,0.0
1390.0,0.0,0.0,0.0,0.0,0.0,0.0,11.028038439171038,0.0,0.0,0.0,32.89540541842795,0.0,0.0,52.38859886689884,26.159745594607323,0.0,18.290647607909726,0.0,15.348126438852244,0.0,135.52545542615093,0.0,0.0,20.52497444982375,83.49286828532098,0.0,4.032304543175278,0.0
1400.0,0.0,0.0,0.0,0.0,0.0,0.0,11.221512797752986,0.0,0.0,0.0,32.89540541842795,0.0,0.0,52.38859886689884,26.159745594607323,0.0,18.290647607909726,0.0,15.348126438852244,0.0,136.05279182858732,0.0,0.0,20.52497444982375,84.57719125006541,0.0,3.74428279009133,0.0
1410.0,0.0,0.0,0.0,0.0,0.0,0.0,10.83456408058909,0.0,0.0,0.0,32.89540541842795,0.0,0.0,55.29907658172655,26.159745594607323,0.0,18.290647607909726,0.0,15.348126438852244,0.0,136.58012823102368,0.0,0.0,20.52497444982375,82.40854532057655,0.0,4.032304543175278,0.0
1420.0,0.0,0.0,0.0,0.0,0.0,0.0,10.83456408058909,0.0,0.0,0.0,32.89540541842795,0.0,0.0,55.29907658172655,26.159745594607323,0.0,18.290647607909726,0.0,15.348126438852244,0.0,136.05279182858732,0.0,0.0,20.52497444982375,82.40854532057655,0.0,4.320326296259227,0.0
1430.0,0.0,0.0,0.0,0.0,0.0,0.0,11.028038439171038,0.0,0.0,0.0,32.89540541842795,0.0,0.0,52.38859886689884,26.159745594607323,0.0,18.290647607909726,0.0,15.348126438852244,0.0,135.52545542615093,0.0,0.0,20.52497444982375,83.49286828532098,0.0,3.74428279009133,0.0
1440.0,0.0,0.0,0.0,0.0,0.0,0.0,11.028038439171038,0.0,0.0,0.0,32.89540541842795,0.0,0.0,52.38859886689884,26.159745594607323,0.0,18.290647607909726,0.0,15.348126438852244,0.0,135.52545542615093,0.0,0.0,20.52497444982375,83.49286828532098,0.0,3.74428279009133,0.0
1450.0,0.0,0.0,0.0,0.0,0.0,0.0,10.83456408058909,0.0,0.0,0.0,32.89540541842795,0.0,0.0,58.209554296554266,26.159745594607323,0.0,18.290647607909726,0.0,15.348126438852244,0.0,136.58012823102368,0.0,0.0,20.52497444982375,82.40854532057655,0.0,3.74428279009133,0.0
1460.0,0.0,0.0,0.0,0.0,0.0,0.0,10.83456408058909,0.0,0.0,0.0,32.89540541842795,0.0,0.0,58.209554296554266,26.159745594607323,0.0,18.290647607909726,0.0,15.348126438852244,0.0,135.52545542615093,0.0,0.0,20.52497444982375,81.32422235583213,0.0,3.74428279009133,0.0
1470.0,0.0,0.0,0.0,0.0,0.0,0.0,10.641089722007143,0.0,0.0,0.0,32.89540541842795,0.0,0.0,55.29907658172655,26.159745594607323,0.0,18.290647607909726,0.0,15.348126438852244,0.0,136.05279182858732,0.0,0.0,20.52497444982375,82.40854532057655,0.0,3.74428279009133,0.0
1480.0,0.0,0.0,0.0,0.0,0.0,0.0,10.641089722007143,0.0,0.0,0.0,32.89540541842795,0.0,0.0,55.29907658172655,26.159745594607323,0.0,18.290647607909726,0.0,15.348126438852244,0.0,137.10746463346007,0.0,0.0,20.52497444982375,82.40854532057655,0.0,3.74428279009133,0.0
1490.0,0.0,0.0,0.0,0.0,0.0,0.0,10.83456408058909,0.0,0.0,0.0,32.89540541842795,0.0,0.0,52.38859886689884,26.159745594607323,0.0,18.74791379810747,0.0,15.348126438852244,0.0,136.58012823102368,0.0,0.0,20.52497444982375,82.40854532057655,0.0,3.74428279009133,0.0
1500.0,0.0,0.0,0.0,0.0,0.0,0.0,11.028038439171038,0.0,0.0,0.0,32.89540541842795,0.0,0.0,49.478121152071125,26.159745594607323,0.0,18.290647607909726,0.0,15.348126438852244,0.0,137.10746463346007,0.0,0.0,20.52497444982375,82.40854532057655,0.0,4.032304543175278,0.0
1510.0,0.0,0.0,0.0,0.0,0.0,0.0,10.83456408058909,0.0,0.0,0.0,32.89540541842795,0.0,0.0,52.38859886689884,26.159745594607323,0.0,18.290647607909726,0.0,15.348126438852244,0.0,135.52545542615093,0.0,0.0,20.52497444982375,83.49286828532098,0.0,3.74428279009133,0.0
1520.0,0.0,0.0,0.0,0.0,0.0,0.0,10.641089722007143,0.0,0.0,0.0,32.89540541842795,0.0,0.0,55.29907658172655,26.159745594607323,0.0,18.290647607909726,0.0,15.348126438852244,0.0,135.52545542615093,0.0,0.0,20.52497444982375,83.49286828532098,0.0,3.74428279009133,0.0
1530.0,0.0,0.0,0.0,0.0,0.0,0.0,10.447615363425195,0.0,0.0,0.0,32.89540541842795,0.0,0.0,55.29907658172655,26.159745594607323,0.0,18.290647607909726,0.0,15.348126438852244,0.0,136.05279182858732,0.0,0.0,20.52497444982375,81.32422235583213,0.0,4.032304543175278,0.0
1540.0,0.0,0.0,0.0,0.0,0.0,0.0,10.641089722007143,0.0,0.0,0.0,32.89540541842795,0.0,0.0,52.38859886689884,26.159745594607323,0.0,18.290647607909726,0.0,15.348126438852244,0.0,135.52545542615093,0.0,0.0,20.52497444982375,82.40854532057655,0.0,4.032304543175278,0.0
1550.0,0.0,0.0,0.0,0.0,0.0,0.0,10.83456408058909,0.0,0.0,0.0,32.89540541842795,0.0,0.0,55.29907658172655,26.159745594607323,0.0,18.290647607909726,0.0,15.348126438852244,0.0,135.52545542615093,0.0,0.0,20.52497444982375,82.40854532057655,0.0,3.74428279009133,0.0
1560.0,0.0,0.0,0.0,0.0,0.0,0.0,11.028038439171038,0.0,0.0,0.0,32.89540541842795,0.0,0.0,52.38859886689884,26.159745594607323,0.0,18.290647607909726,0.0,15.348126438852244,0.0,134.47078262127815,0.0,0.0,20.52497444982375,81.32422235583213,0.0,4.032304543175278,0.0
1570.0,0.0,0.0,0.0,0.0,0.0,0.0,10.641089722007143,0.0,0.0,0.0,32.89540541842795,0.0,0.0,55.29907658172655,26.159745594607323,0.0,18.290647607909726,0.0,15.348126438852244,0.0,134.47078262127815,0.0,0.0,22.648247668771035,79.15557642634327,0.0,4.032304543175278,0.0
1580.0,0.0,0.0,0.0,0.0,0.0,0.0,10.83456408058909,0.0,0.0,0.0,32.89540541842795,0.0,0.0,52.38859886689884,26.159745594607323,0.0,18.290647607909726,0.0,15.348126438852244,0.0,134.99811902371454,0.0,0.0,23.356005408420128,79.15557642634327,0.0,4.032304543175278,0.0
1590.0,0.0,0.0,0.0,0.0,0.0,0.0,11.028038439171038,0.0,0.0,0.0,32.89540541842795,0.0,0.0,52.38859886689884,26.159745594607323,0.0,18.290647607909726,0.0,15.348126438852244,0.0,134.99811902371454,0.0,0.0,21.940489929121938,82.40854532057655,0.0,4.032304543175278,0.0
1600.0,0.0,0.0,0.0,0.0,0.0,0.0,10.83456408058909,0.0,0.0,0.0,32.89540541842795,0.0,0.0,49.478121152071125,26.159745594607323,0.0,18.290647607909726,0.0,15.348126438852244,0.0,135.52545542615093,0.0,0.0,21.232732189472845,81.32422235583213,0.0,4.032304543175278,0.0
1610.0,0.0,0.0,0.0,0.0,0.0,0.0,10.83456408058909,0.0,0.0,0.0,32.89540541842795,0.0,0.0,52.38859886689884,26.159745594607323,0.0,18.290647607909726,0.0,15.348126438852244,0.0,134.99811902371454,0.0,0.0,21.232732189472845,82.40854532057655,0.0,4.320326296259227,0.0
1620.0,0.0,0.0,0.0,0.0,0.0,0.0,10.641089722007143,0.0,0.0,0.0,32.89540541842795,0.0,0.0,52.38859886689884,26.159745594607323,0.0,18.290647607909726,0.0,15.348126438852244,0.0,134.99811902371454,0.0,0.0,20.52497444982375,84.57719125006541,0.0,4.608348049343175,0.0
1630.0,0.0,0.0,0.0,0.0,0.0,0.0,10.641089722007143,0.0,0.0,0.0,32.89540541842795,0.0,0.0,52.38859886689884,26.159745594607323,0.0,18.290647607909726,0.0,15.348126438852244,0.0,134.99811902371454,0.0,0.0,20.52497444982375,84.57719125006541,0.0,4.032304543175278,0.0
1640.0,0.0,0.0,0.0,0.0,0.0,0.0,10.83456408058909,0.0,0.0,0.0,32.89540541842795,0.0,0.0,52.38859886689884,26.159745594607323,0.0,18.290647607909726,0.0,15.348126438852244,0.0,134.99811902371454,0.0,0.0,20.52497444982375,85.66151421480984,0.0,3.74428279009133,0.0
1650.0,0.0,0.0,0.0,0.0,0.0,0.0,10.83456408058909,0.0,0.0,0.0,32.89540541842795,0.0,0.0,52.38859886689884,26.159745594607323,0.0,18.290647607909726,0.0,15.348126438852244,0.0,134.47078262127815,0.0,0.0,20.52497444982375,84.57719125006541,0.0,3.74428279009133,0.0
1660.0,0.0,0.0,0.0,0.0,0.0,0.0,10.83456408058909,0.0,0.0,0.0,32.89540541842795,0.0,0.0,52.38859886689884,26.159745594607323,0.0,18.290647607909726,0.0,15.348126438852244,0.0,134.99811902371454,0.0,0.0,20.52497444982375,84.57719125006541,0.0,4.032304543175278,0.0
1670.0,0.0,0.0,0.0,0.0,0.0,0.0,11.028038439171038,0.0,0.0,0.0,32.89540541842795,0.0,0.0,52.38859886689884,26.159745594607323,0.0,18.290647607909726,0.0,15.348126438852244,0.0,135.52545542615093,0.0,0.0,20.52497444982375,84.57719125006541,0.0,4.320326296259227,0.0
1680.0,0.0,0.0,0.0,0.0,0.0,0.0,11.028038439171038,0.0,0.0,0.0,32.89540541842795,0.0,0.0,49.478121152071125,26.159745594607323,0.0,18.290647607909726,0.0,15.348126438852244,0.0,134.47078262127815,0.0,0.0,20.52497444982375,84.57719125006541,0.0,3.74428279009133,0.0
1690.0,0.0,0.0,0.0,0.0,0.0,0.0,10.83456408058909,0.0,0.0,0.0,32.89540541842795,0.0,0.0,52.38859886689884,26.159745594607323,0.0,18.290647607909726,0.0,15.348126438852244,0.0,136.05279182858732,0.0,0.0,20.52497444982375,83.49286828532098,0.0,4.032304543175278,0.0
1700.0,0.0,0.0,0.0,0.0,0.0,0.0,10.641089722007143,0.0,0.0,0.0,32.89540541842795,0.0,0.0,58.209554296554266,26.159745594607323,0.0,18.290647607909726,0.0,15.348126438852244,0.0,134.99811902371454,0.0,0.0,20.52497444982375,83.49286828532098,0.0,3.74428279009133,0.0
1710.0,0.0,0.0,0.0,0.0,0.0,0.0,10.641089722007143,0.0,0.0,0.0,32.89540541842795,0.0,0.0,69.85146515586511,26.159745594607323,0.0,18.290647607909726,0.0,15.348126438852244,0.0,135.52545542615093,0.0,0.0,20.52497444982375,83.49286828532098,0.0,4.032304543175278,0.0
1720.0,0.0,0.0,0.0,0.0,0.0,0.0,10.641089722007143,0.0,0.0,0.0,32.89540541842795,0.0,0.0,69.85146515586511,26.159745594607323,0.0,18.74791379810747,0.0,15.348126438852244,0.0,134.99811902371454,0.0,0.0,20.52497444982375,83.49286828532098,0.0,4.032304543175278,0.0
1730.0,0.0,0.0,0.0,0.0,0.0,0.0,11.028038439171038,0.0,0.0,0.0,32.89540541842795,0.0,0.0,69.85146515586511,26.159745594607323,0.0,18.290647607909726,0.0,15.348126438852244,0.0,134.99811902371454,0.0,0.0,20.52497444982375,83.49286828532098,0.0,4.032304543175278,0.0
1740.0,0.0,0.0,0.0,0.0,0.0,0.0,11.028038439171038,0.0,0.0,0.0,32.89540541842795,0.0,0.0,75.67242058552054,26.159745594607323,0.0,18.290647607909726,0.0,15.348126438852244,0.0,133.4161098164054,0.0,0.0,20.52497444982375,83.49286828532098,0.0,3.74428279009133,0.0
1750.0,0.0,0.0,0.0,0.0,0.0,0.0,11.028038439171038,0.0,0.0,0.0,32.89540541842795,0.0,0.0,75.67242058552054,26.159745594607323,0.0,18.290647607909726,0.0,15.348126438852244,0.0,131.83410060909623,0.0,0.0,20.52497444982375,83.49286828532098,0.0,3.74428279009133,0.0
1760.0,0.0,0.0,0.0,0.0,0.0,0.0,11.414987156334934,0.0,0.0,0.0,32.89540541842795,0.0,0.0,72.76194287069283,26.159745594607323,0.0,18.290647607909726,0.0,15.348126438852244,0.0,131.30676420665984,0.0,0.0,20.52497444982375,82.40854532057655,0.0,4.032304543175278,0.0
1770.0,0.0,0.0,0.0,0.0,0.0,0.0,11.99541023208078,0.0,0.0,0.0,32.89540541842795,0.0,0.0,64.0305097262097,26.159745594607323,0.0,18.290647607909726,0.0,15.348126438852244,0.0,129.7247549993507,0.0,0.0,20.52497444982375,82.40854532057655,0.0,3.74428279009133,0.0
1780.0,0.0,0.0,0.0,0.0,0.0,0.0,11.99541023208078,0.0,0.0,0.0,32.89540541842795,0.0,0.0,69.85146515586511,26.159745594607323,0.0,18.290647607909726,0.0,15.348126438852244,0.0,128.6700821944779,0.0,0.0,20.52497444982375,82.40854532057655,0.0,3.74428279009133,0.0
1790.0,0.0,0.0,0.0,0.0,0.0,0.0,11.99541023208078,0.0,0.0,0.0,32.89540541842795,0.0,0.0,81.49337601517597,26.159745594607323,0.0,18.290647607909726,0.0,15.348126438852244,0.0,127.08807298716876,0.0,0.0,20.52497444982375,83.49286828532098,0.0,3.74428279009133,0.0
1800.0,0.0,0.0,0.0,0.0,0.0,0.0,11.99541023208078,0.0,0.0,0.0,32.89540541842795,0.0,0.0,87.3143314448314,26.159745594607323,0.0,18.290647607909726,0.0,15.348126438852244,0.0,125.5060637798596,0.0,0.0,20.52497444982375,83.49286828532098,0.0,3.74428279009133,0.0
1810.0,0.0,0.0,0.0,0.0,0.0,0.0,12.188884590662726,0.0,0.0,0.0,32.89540541842795,0.0,0.0,84.40385373000369,26.159745594607323,0.0,18.290647607909726,0.0,15.348126438852244,0.0,125.5060637798596,0.0,0.0,20.52497444982375,82.40854532057655,0.0,4.320326296259227,0.0
1820.0,0.0,0.0,0.0,0.0,0.0,0.0,12.962782024990519,0.0,0.0,0.0,32.89540541842795,0.0,0.0,78.58289830034826,26.159745594607323,0.0,18.290647607909726,0.0,15.348126438852244,0.0,125.5060637798596,0.0,0.0,20.52497444982375,82.40854532057655,0.0,3.74428279009133,0.0
1830.0,0.0,0.0,0.0,0.0,0.0,0.0,13.156256383572467,0.0,0.0,0.0,32.89540541842795,0.0,0.0,72.76194287069283,26.159745594607323,0.0,18.290647607909726,0.0,15.348126438852244,0.0,125.5060637798596,0.0,0.0,20.52497444982375,82.40854532057655,0.0,3.74428279009133,0.0
1840.0,0.0,0.0,0.0,0.0,0.0,0.0,13.349730742154415,0.0,0.0,0.0,32.89540541842795,0.0,0.0,78.58289830034826,26.159745594607323,0.0,18.290647607909726,0.0,15.348126438852244,0.0,124.97872737742323,0.0,0.0,20.52497444982375,82.40854532057655,0.0,3.4562610370073816,0.0
1850.0,0.0,0.0,0.0,0.0,0.0,0.0,13.543205100736364,0.0,0.0,0.0,32.89540541842795,0.0,0.0,75.67242058552054,26.159745594607323,0.0,18.290647607909726,0.0,15.348126438852244,0.0,124.45139097498684,0.0,0.0,20.52497444982375,82.40854532057655,0.0,3.4562610370073816,0.0
1860.0,0.0,0.0,0.0,0.0,0.0,0.0,13.349730742154415,0.0,0.0,0.0,32.89540541842795,0.0,0.0,81.49337601517597,26.159745594607323,0.0,18.290647607909726,0.0,15.348126438852244,0.0,122.86938176767768,0.0,0.0,20.52497444982375,81.32422235583213,0.0,3.74428279009133,0.0
1870.0,0.0,0.0,0.0,0.0,0.0,0.0,13.349730742154415,0.0,0.0,0.0,32.89540541842795,0.0,0.0,75.67242058552054,26.159745594607323,0.0,18.290647607909726,0.0,15.348126438852244,0.0,123.39671817011407,0.0,0.0,20.52497444982375,83.49286828532098,0.0,3.74428279009133,0.0
1880.0,0.0,0.0,0.0,0.0,0.0,0.0,13.73667945931831,0.0,0.0,0.0,32.89540541842795,0.0,0.0,69.85146515586511,26.159745594607323,0.0,18.74791379810747,0.0,15.348126438852244,0.0,123.92405457255046,0.0,0.0,20.52497444982375,83.49286828532098,0.0,4.320326296259227,0.0
1890.0,0.0,0.0,0.0,0.0,0.0,0.0,13.930153817900258,0.0,0.0,0.0,32.89540541842795,0.0,0.0,78.58289830034826,26.159745594607323,0.0,18.290647607909726,0.0,15.348126438852244,0.0,122.86938176767768,0.0,0.0,20.52497444982375,83.49286828532098,0.0,4.032304543175278,0.0
1900.0,0.0,0.0,0.0,0.0,0.0,0.0,14.317102535064155,0.0,0.0,0.0,32.89540541842795,0.0,0.0,72.76194287069283,26.159745594607323,0.0,18.290647607909726,0.0,15.348126438852244,0.0,122.86938176767768,0.0,0.0,20.52497444982375,82.40854532057655,0.0,4.608348049343175,0.0
1910.0,0.0,0.0,0.0,0.0,0.0,0.0,14.704051252228052,0.0,0.0,0.0,32.89540541842795,0.0,0.0,78.58289830034826,26.159745594607323,0.0,18.290647607909726,0.0,15.348126438852244,0.0,122.86938176767768,0.0,0.0,20.52497444982375,83.49286828532098,0.0,4.032304543175278,0.0
1920.0,0.0,0.0,0.0,0.0,0.0,0.0,14.317102535064155,0.0,0.0,0.0,32.89540541842795,0.0,0.0,87.3143314448314,26.159745594607323,0.0,18.74791379810747,0.0,15.348126438852244,0.0,122.3420453652413,0.0,0.0,20.52497444982375,83.49286828532098,0.0,3.74428279009133,0.0
1930.0,0.0,0.0,0.0,0.0,0.0,0.0,14.704051252228052,0.0,0.0,0.0,32.89540541842795,0.0,0.0,78.58289830034826,26.159745594607323,0.0,18.74791379810747,0.0,15.348126438852244,0.0,120.76003615793215,0.0,0.0,20.52497444982375,82.40854532057655,0.0,4.032304543175278,0.0
1940.0,0.0,0.0,0.0,0.0,0.0,0.0,14.123628176482207,0.0,0.0,0.0,32.89540541842795,0.0,0.0,84.40385373000369,26.159745594607323,0.0,18.290647607909726,0.0,15.348126438852244,0.0,119.70536335305937,0.0,0.0,20.52497444982375,83.49286828532098,0.0,4.032304543175278,0.0
1950.0,0.0,0.0,0.0,0.0,0.0,0.0,14.510576893646103,0.0,0.0,0.0,32.89540541842795,0.0,0.0,72.76194287069283,26.159745594607323,0.0,18.290647607909726,0.0,15.348126438852244,0.0,117.59601774331384,0.0,0.0,20.52497444982375,82.40854532057655,0.0,3.74428279009133,0.0
1960.0,0.0,0.0,0.0,0.0,0.0,0.0,14.704051252228052,0.0,0.0,0.0,32.89540541842795,0.0,0.0,75.67242058552054,26.159745594607323,0.0,18.290647607909726,0.0,15.348126438852244,0.0,116.01400853600468,0.0,0.0,20.52497444982375,82.40854532057655,0.0,3.74428279009133,0.0
1970.0,0.0,0.0,0.0,0.0,0.0,0.0,14.704051252228052,0.0,0.0,0.0,32.89540541842795,0.0,0.0,72.76194287069283,26.159745594607323,0.0,18.290647607909726,0.0,15.348126438852244,0.0,115.48667213356829,0.0,0.0,20.52497444982375,82.40854532057655,0.0,3.74428279009133,0.0
1980.0,0.0,0.0,0.0,0.0,0.0,0.0,14.704051252228052,0.0,0.0,0.0,32.89540541842795,0.0,0.0,69.85146515586511,26.159745594607323,0.0,18.290647607909726,0.0,15.348126438852244,0.0,113.90466292625914,0.0,0.0,20.52497444982375,82.40854532057655,0.0,3.74428279009133,0.0
1990.0,0.0,0.0,0.0,0.0,0.0,0.0,14.704051252228052,0.0,0.0,0.0,32.89540541842795,0.0,0.0,72.76194287069283,26.159745594607323,0.0,18.290647607909726,0.0,15.348126438852244,0.0,113.37732652382276,0.0,0.0,20.52497444982375,82.40854532057655,0.0,3.74428279009133,0.0
2000.0,0.0,0.0,0.0,0.0,0.0,0.0,14.704051252228052,0.0,0.0,0.0,32.89540541842795,0.0,0.0,72.76194287069283,26.159745594607323,0.0,18.290647607909726,0.0,15.348126438852244,0.0,112.84999012138637,0.0,0.0,20.52497444982375,82.40854532057655,0.0,3.74428279009133,0.0
2010.0,0.0,0.0,0.0,0.0,0.0,0.0,14.89752561081,0.0,0.0,0.0,32.89540541842795,0.0,0.0,78.58289830034826,26.159745594607323,0.0,18.290647607909726,0.0,15.348126438852244,0.0,111.7953173165136,0.0,0.0,20.52497444982375,81.32422235583213,0.0,3.74428279009133,0.0
2020.0,0.0,0.0,0.0,0.0,0.0,0.0,15.090999969391946,0.0,0.0,0.0,32.89540541842795,0.0,0.0,78.58289830034826,26.159745594607323,0.0,18.290647607909726,0.0,15.348126438852244,0.0,110.74064451164084,0.0,0.0,20.52497444982375,81.32422235583213,0.0,4.320326296259227,0.0
2030.0,0.0,0.0,0.0,0.0,0.0,0.0,15.090999969391946,0.0,0.0,0.0,32.89540541842795,0.0,0.0,81.49337601517597,26.159745594607323,0.0,18.290647607909726,0.0,15.348126438852244,0.0,110.21330810920445,0.0,0.0,20.52497444982375,82.40854532057655,0.0,3.74428279009133,0.0
2040.0,0.0,0.0,0.0,0.0,0.0,0.0,15.477948686555843,0.0,0.0,0.0,32.89540541842795,0.0,0.0,75.67242058552054,26.159745594607323,0.0,18.290647607909726,0.0,13.64277905675755,0.0,110.21330810920445,0.0,0.0,20.52497444982375,82.40854532057655,0.0,3.4562610370073816,0.0
2050.0,0.0,0.0,0.0,0.0,0.0,0.0,15.671423045137791,0.0,0.0,0.0,32.89540541842795,0.0,0.0,81.49337601517597,26.159745594607323,0.0,17.37611522751424,0.0,15.348126438852244,0.0,109.15863530433168,0.0,0.0,20.52497444982375,83.49286828532098,0.0,3.74428279009133,0.0
2060.0,0.0,0.0,0.0,0.0,0.0,0.0,15.86489740371974,0.0,0.0,0.0,32.89540541842795,0.0,0.0,87.3143314448314,26.159745594607323,0.0,17.37611522751424,0.0,15.348126438852244,0.0,108.63129890189529,0.0,0.0,20.52497444982375,82.40854532057655,0.0,3.4562610370073816,0.0
2070.0,0.0,0.0,0.0,0.0,0.0,0.0,16.058371762301686,0.0,0.0,0.0,32.89540541842795,0.0,0.0,84.40385373000369,26.159745594607323,0.0,17.37611522751424,0.0,15.348126438852244,0.0,108.1039624994589,0.0,0.0,20.52497444982375,83.49286828532098,0.0,3.168239283923433,0.0
2080.0,0.0,0.0,0.0,0.0,0.0,0.0,16.251846120883634,0.0,0.0,0.0,32.89540541842795,0.0,0.0,81.49337601517597,26.159745594607323,0.0,17.37611522751424,0.0,15.348126438852244,0.0,108.1039624994589,0.0,0.0,20.52497444982375,82.40854532057655,0.0,3.74428279009133,0.0
2090.0,0.0,0.0,0.0,0.0,0.0,0.0,16.251846120883634,0.0,0.0,0.0,32.89540541842795,0.0,0.0,72.76194287069283,26.159745594607323,0.0,17.833381417711983,0.0,15.348126438852244,0.0,105.99461688971337,0.0,0.0,20.52497444982375,82.40854532057655,0.0,3.4562610370073816,0.0
2100.0,0.0,0.0,0.0,0.0,0.0,0.0,16.251846120883634,0.0,0.0,0.0,32.89540541842795,0.0,0.0,78.58289830034826,26.159745594607323,0.0,17.37611522751424,0.0,15.348126438852244,0.0,107.04928969458614,0.0,0.0,20.52497444982375,81.32422235583213,0.0,3.4562610370073816,0.0
2110.0,0.0,0.0,0.0,0.0,0.0,0.0,15.86489740371974,0.0,0.0,0.0,32.89540541842795,0.0,0.0,87.3143314448314,26.159745594607323,0.0,17.37611522751424,0.0,15.348126438852244,0.0,106.52195329214975,0.0,0.0,20.52497444982375,80.2398993910877,0.0,3.74428279009133,0.0
2120.0,0.0,0.0,0.0,0.0,0.0,0.0,16.251846120883634,0.0,0.0,0.0,32.89540541842795,0.0,0.0,87.3143314448314,26.159745594607323,0.0,17.37611522751424,0.0,15.348126438852244,0.0,105.46728048727698,0.0,0.0,20.52497444982375,79.15557642634327,0.0,3.74428279009133,0.0
2130.0,0.0,0.0,0.0,0.0,0.0,0.0,16.83226919662948,0.0,0.0,0.0,32.89540541842795,0.0,0.0,78.58289830034826,26.159745594607323,0.0,17.37611522751424,0.0,15.348126438852244,0.0,104.41260768240421,0.0,0.0,20.52497444982375,79.15557642634327,0.0,3.74428279009133,0.0
2140.0,0.0,0.0,0.0,0.0,0.0,0.0,17.025743555211427,0.0,0.0,0.0,32.89540541842795,0.0,0.0,72.76194287069283,26.159745594607323,0.0,17.37611522751424,0.0,15.348126438852244,0.0,103.88527127996782,0.0,0.0,20.52497444982375,80.2398993910877,0.0,4.032304543175278,0.0
2150.0,0.0,0.0,0.0,0.0,0.0,0.0,16.445320479465583,0.0,0.0,0.0,32.89540541842795,0.0,0.0,69.85146515586511,26.159745594607323,0.0,17.833381417711983,0.0,15.348126438852244,0.0,102.83059847509506,0.0,0.0,20.52497444982375,81.32422235583213,0.0,3.74428279009133,0.0
2160.0,0.0,0.0,0.0,0.0,0.0,0.0,15.86489740371974,0.0,0.0,0.0,32.89540541842795,0.0,0.0,75.67242058552054,26.159745594607323,0.0,17.37611522751424,0.0,15.348126438852244,0.0,102.83059847509506,0.0,0.0,20.52497444982375,82.40854532057655,0.0,3.4562610370073816,0.0
2170.0,0.0,0.0,0.0,0.0,0.0,0.0,15.477948686555843,0.0,0.0,0.0,32.89540541842795,0.0,0.0,75.67242058552054,26.159745594607323,0.0,17.37611522751424,0.0,15.348126438852244,0.0,102.30326207265867,0.0,0.0,20.52497444982375,83.49286828532098,0.0,3.168239283923433,0.0
2180.0,0.0,0.0,0.0,0.0,0.0,0.0,15.477948686555843,0.0,0.0,0.0,32.89540541842795,0.0,0.0,78.58289830034826,26.159745594607323,0.0,17.37611522751424,0.0,15.348126438852244,0.0,101.77592567022229,0.0,0.0,20.52497444982375,82.40854532057655,0.0,4.032304543175278,0.0
2190.0,0.0,0.0,0.0,0.0,0.0,0.0,15.671423045137791,0.0,0.0,0.0,32.89540541842795,0.0,0.0,75.67242058552054,26.159745594607323,0.0,17.37611522751424,0.0,15.348126438852244,0.0,100.19391646291314,0.0,0.0,21.940489929121938,78.07125346159884,0.0,3.74428279009133,0.0
2200.0,0.0,0.0,0.0,0.0,0.0,0.0,16.058371762301686,0.0,0.0,0.0,32.89540541842795,0.0,0.0,64.0305097262097,26.159745594607323,0.0,17.37611522751424,0.0,15.348126438852244,0.0,99.66658006047675,0.0,0.0,23.356005408420128,79.15557642634327,0.0,3.74428279009133,0.0
2210.0,0.0,0.0,0.0,0.0,0.0,0.0,15.86489740371974,0.0,0.0,0.0,32.89540541842795,0.0,0.0,69.85146515586511,26.159745594607323,0.0,17.37611522751424,0.0,15.348126438852244,0.0,98.61190725560398,0.0,0.0,21.940489929121938,78.07125346159884,0.0,4.032304543175278,0.0
2220.0,0.0,0.0,0.0,0.0,0.0,0.0,15.477948686555843,0.0,0.0,0.0,32.89540541842795,0.0,0.0,69.85146515586511,26.159745594607323,0.0,17.37611522751424,0.0,15.348126438852244,0.0,96.50256164585844,0.0,0.0,21.232732189472845,78.07125346159884,0.0,4.320326296259227,0.0
2230.0,0.0,0.0,0.0,0.0,0.0,0.0,14.704051252228052,0.0,0.0,0.0,32.89540541842795,0.0,0.0,75.67242058552054,26.159745594607323,0.0,17.37611522751424,0.0,15.348126438852244,0.0,97.02989804829483,0.0,0.0,20.52497444982375,78.07125346159884,0.0,4.320326296259227,0.0
2240.0,0.0,0.0,0.0,0.0,0.0,0.0,14.704051252228052,0.0,0.0,0.0,32.89540541842795,0.0,0.0,72.76194287069283,26.159745594607323,0.0,17.37611522751424,0.0,15.348126438852244,0.0,95.97522524342206,0.0,0.0,20.52497444982375,80.2398993910877,0.0,4.032304543175278,0.0
2250.0,0.0,0.0,0.0,0.0,0.0,0.0,14.510576893646103,0.0,0.0,0.0,32.89540541842795,0.0,0.0,75.67242058552054,26.159745594607323,0.0,17.37611522751424,0.0,15.348126438852244,0.0,95.44788884098567,0.0,0.0,20.52497444982375,81.32422235583213,0.0,4.032304543175278,0.0
2260.0,0.0,0.0,0.0,0.0,0.0,0.0,14.704051252228052,0.0,0.0,0.0,32.89540541842795,0.0,0.0,81.49337601517597,26.159745594607323,0.0,17.37611522751424,0.0,15.348126438852244,0.0,95.44788884098567,0.0,0.0,20.52497444982375,81.32422235583213,0.0,4.032304543175278,0.0
2270.0,0.0,0.0,0.0,0.0,0.0,0.0,14.89752561081,0.0,0.0,0.0,32.89540541842795,0.0,0.0,78.58289830034826,26.159745594607323,0.0,17.37611522751424,0.0,15.348126438852244,0.0,94.3932160361129,0.0,0.0,20.52497444982375,82.40854532057655,0.0,3.74428279009133,0.0
2280.0,0.0,0.0,0.0,0.0,0.0,0.0,15.090999969391946,0.0,0.0,0.0,32.89540541842795,0.0,0.0,81.49337601517597,26.159745594607323,0.0,17.37611522751424,0.0,15.348126438852244,0.0,93.33854323124012,0.0,0.0,20.52497444982375,82.40854532057655,0.0,3.74428279009133,0.0
2290.0,0.0,0.0,0.0,0.0,0.0,0.0,15.090999969391946,0.0,0.0,0.0,32.89540541842795,0.0,0.0,78.58289830034826,26.159745594607323,0.0,17.37611522751424,0.0,15.348126438852244,0.0,93.86587963367651,0.0,0.0,20.52497444982375,81.32422235583213,0.0,4.032304543175278,0.0
2300.0,0.0,0.0,0.0,0.0,0.0,0.0,15.477948686555843,0.0,0.0,0.0,32.89540541842795,0.0,0.0,75.67242058552054,26.159745594607323,0.0,17.833381417711983,0.0,15.348126438852244,0.0,94.3932160361129,0.0,0.0,20.52497444982375,81.32422235583213,0.0,3.74428279009133,0.0
2310.0,0.0,0.0,0.0,0.0,0.0,0.0,15.284474327973895,0.0,0.0,0.0,32.89540541842795,0.0,0.0,66.94098744103741,26.159745594607323,0.0,17.37611522751424,0.0,15.348126438852244,0.0,95.44788884098567,0.0,0.0,20.52497444982375,81.32422235583213,0.0,4.032304543175278,0.0
2320.0,0.0,0.0,0.0,0.0,0.0,0.0,15.284474327973895,0.0,0.0,0.0,32.89540541842795,0.0,0.0,69.85146515586511,26.159745594607323,0.0,17.37611522751424,0.0,15.348126438852244,0.0,94.3932160361129,0.0,0.0,20.52497444982375,80.2398993910877,0.0,4.032304543175278,0.0
2330.0,0.0,0.0,0.0,0.0,0.0,0.0,14.89752561081,0.0,0.0,0.0,32.89540541842795,0.0,0.0,78.58289830034826,26.159745594607323,0.0,17.37611522751424,0.0,15.348126438852244,0.0,93.86587963367651,0.0,0.0,20.52497444982375,79.15557642634327,0.0,4.032304543175278,0.0
2340.0,0.0,0.0,0.0,0.0,0.0,0.0,14.704051252228052,0.0,0.0,0.0,32.89540541842795,0.0,0.0,81.49337601517597,26.159745594607323,0.0,17.37611522751424,0.0,15.348126438852244,0.0,94.92055243854928,0.0,0.0,20.52497444982375,79.15557642634327,0.0,3.74428279009133,0.0
2350.0,0.0,0.0,0.0,0.0,0.0,0.0,15.090999969391946,0.0,0.0,0.0,32.89540541842795,0.0,0.0,81.49337601517597,26.159745594607323,0.0,17.37611522751424,0.0,15.348126438852244,0.0,95.44788884098567,0.0,0.0,20.52497444982375,80.2398993910877,0.0,3.74428279009133,0.0
2360.0,0.0,0.0,0.0,0.0,0.0,0.0,15.86489740371974,0.0,0.0,0.0,32.89540541842795,0.0,0.0,78.58289830034826,26.159745594607323,0.0,17.37611522751424,0.0,15.348126438852244,0.0,95.97522524342206,0.0,0.0,20.52497444982375,80.2398993910877,0.0,4.032304543175278,0.0
2370.0,0.0,0.0,0.0,0.0,0.0,0.0,16.058371762301686,0.0,0.0,0.0,32.89540541842795,0.0,0.0,72.76194287069283,26.159745594607323,0.0,17.37611522751424,0.0,15.348126438852244,0.0,95.44788884098567,0.0,0.0,20.52497444982375,80.2398993910877,0.0,4.032304543175278,0.0
2380.0,0.0,0.0,0.0,0.0,0.0,0.0,15.477948686555843,0.0,0.0,0.0,32.89540541842795,0.0,0.0,72.76194287069283,26.159745594607323,0.0,17.37611522751424,0.0,15.348126438852244,0.0,95.44788884098567,0.0,0.0,20.52497444982375,79.15557642634327,0.0,3.74428279009133,0.0
2390.0,0.0,0.0,0.0,0.0,0.0,0.0,14.704051252228052,0.0,0.0,0.0,32.89540541842795,0.0,0.0,78.58289830034826,26.159745594607323,0.0,17.37611522751424,0.0,15.348126438852244,0.0,95.44788884098567,0.0,0.0,20.52497444982375,80.2398993910877,0.0,4.320326296259227,0.0
2400.0,0.0,0.0,0.0,0.0,0.0,0.0,14.704051252228052,0.0,0.0,0.0,32.89540541842795,0.0,0.0,75.67242058552054,26.159745594607323,0.0,17.37611522751424,0.0,15.348126438852244,0.0,94.3932160361129,0.0,0.0,20.52497444982375,81.32422235583213,0.0,4.320326296259227,0.0
2410.0,0.0,0.0,0.0,0.0,0.0,0.0,14.510576893646103,0.0,0.0,0.0,32.89540541842795,0.0,0.0,75.67242058552054,26.159745594607323,0.0,17.37611522751424,0.0,15.348126438852244,0.0,93.33854323124012,0.0,0.0,20.52497444982375,81.32422235583213,0.0,3.74428279009133,0.0
2420.0,0.0,0.0,0.0,0.0,0.0,0.0,14.123628176482207,0.0,0.0,0.0,32.89540541842795,0.0,0.0,81.49337601517597,26.159745594607323,0.0,17.37611522751424,0.0,15.348126438852244,0.0,93.33854323124012,0.0,0.0,20.52497444982375,82.40854532057655,0.0,3.74428279009133,0.0
2430.0,0.0,0.0,0.0,0.0,0.0,0.0,14.123628176482207,0.0,0.0,0.0,32.89540541842795,0.0,0.0,93.13528687448682,26.159745594607323,0.0,17.37611522751424,0.0,15.348126438852244,0.0,92.81120682880375,0.0,0.0,20.52497444982375,82.40854532057655,0.0,4.032304543175278,0.0
2440.0,0.0,0.0,0.0,0.0,0.0,0.0,14.704051252228052,0.0,0.0,0.0,32.89540541842795,0.0,0.0,93.13528687448682,26.159745594607323,0.0,17.833381417711983,0.0,15.348126438852244,0.0,93.86587963367651,0.0,0.0,20.52497444982375,82.40854532057655,0.0,3.74428279009133,0.0
2450.0,0.0,0.0,0.0,0.0,0.0,0.0,15.477948686555843,0.0,0.0,0.0,32.89540541842795,0.0,0.0,87.3143314448314,26.159745594607323,0.0,17.37611522751424,0.0,15.348126438852244,0.0,93.86587963367651,0.0,0.0,20.52497444982375,83.49286828532098,0.0,4.032304543175278,0.0
2460.0,0.0,0.0,0.0,0.0,0.0,0.0,15.671423045137791,0.0,0.0,0.0,32.89540541842795,0.0,0.0,81.49337601517597,26.159745594607323,0.0,17.37611522751424,0.0,15.348126438852244,0.0,94.3932160361129,0.0,0.0,20.52497444982375,82.40854532057655,0.0,4.608348049343175,0.0
2470.0,0.0,0.0,0.0,0.0,0.0,0.0,16.058371762301686,0.0,0.0,0.0,32.89540541842795,0.0,0.0,81.49337601517597,26.159745594607323,0.0,17.37611522751424,0.0,15.348126438852244,0.0,94.92055243854928,0.0,0.0,20.52497444982375,82.40854532057655,0.0,4.608348049343175,0.0
2480.0,0.0,0.0,0.0,0.0,0.0,0.0,15.671423045137791,0.0,0.0,0.0,32.89540541842795,0.0,0.0,75.67242058552054,26.159745594607323,0.0,17.37611522751424,0.0,15.348126438852244,0.0,94.3932160361129,0.0,0.0,20.52497444982375,82.40854532057655,0.0,4.608348049343175,0.0
2490.0,0.0,0.0,0.0,0.0,0.0,0.0,15.477948686555843,0.0,0.0,0.0,32.89540541842795,0.0,0.0,78.58289830034826,26.159745594607323,0.0,17.37611522751424,0.0,15.348126438852244,0.0,92.28387042636736,0.0,0.0,20.52497444982375,81.32422235583213,0.0,5.1843915555110724,0.0
2500.0,0.0,0.0,0.0,0.0,0.0,0.0,15.671423045137791,0.0,0.0,0.0,32.89540541842795,0.0,0.0,78.58289830034826,26.159745594607323,0.0,17.833381417711983,0.0,15.348126438852244,0.0,90.7018612190582,0.0,0.0,20.52497444982375,80.2398993910877,0.0,5.1843915555110724,0.0
2510.0,0.0,0.0,0.0,0.0,0.0,0.0,15.090999969391946,0.0,0.0,0.0,32.89540541842795,0.0,0.0,75.67242058552054,26.159745594607323,0.0,17.833381417711983,0.0,15.348126438852244,0.0,89.11985201174905,0.0,0.0,20.52497444982375,80.2398993910877,0.0,5.760435061678969,0.0
2520.0,0.0,0.0,0.0,0.0,0.0,0.0,14.704051252228052,0.0,0.0,0.0,32.89540541842795,0.0,0.0,81.49337601517597,26.159745594607323,0.0,17.833381417711983,0.0,15.348126438852244,0.0,88.06517920687628,0.0,0.0,20.52497444982375,80.2398993910877,0.0,6.048456814762917,0.0
2530.0,0.0,0.0,0.0,0.0,0.0,0.0,14.89752561081,0.0,0.0,0.0,32.89540541842795,0.0,0.0,72.76194287069283,26.159745594607323,0.0,17.37611522751424,0.0,15.348126438852244,0.0,85.95583359713073,0.0,0.0,20.52497444982375,82.40854532057655,0.0,6.336478567846866,0.0
2540.0,0.0,0.0,0.0,0.0,0.0,0.0,14.510576893646103,0.0,0.0,0.0,32.89540541842795,0.0,0.0,69.85146515586511,26.159745594607323,0.0,17.37611522751424,0.0,15.348126438852244,0.0,84.37382438982158,0.0,0.0,20.52497444982375,81.32422235583213,0.0,6.912522074014763,0.0
2550.0,0.0,0.0,0.0,0.0,0.0,0.0,14.704051252228052,0.0,0.0,0.0,32.89540541842795,0.0,0.0,72.76194287069283,26.159745594607323,0.0,17.37611522751424,0.0,13.64277905675755,0.0,83.8464879873852,0.0,0.0,20.52497444982375,82.40854532057655,0.0,7.200543827098711,0.0
2560.0,0.0,0.0,0.0,0.0,0.0,0.0,14.510576893646103,0.0,0.0,0.0,32.89540541842795,0.0,0.0,81.49337601517597,26.159745594607323,0.0,16.461582847118752,0.0,15.348126438852244,0.0,83.31915158494881,0.0,0.0,20.52497444982375,83.49286828532098,0.0,6.624500320930815,0.0
2570.0,0.0,0.0,0.0,0.0,0.0,0.0,14.317102535064155,0.0,0.0,0.0,32.89540541842795,0.0,0.0,87.3143314448314,25.666165489048694,0.0,16.918849037316498,0.0,15.348126438852244,0.0,82.26447878007605,0.0,0.0,20.52497444982375,81.32422235583213,0.0,7.776587333266608,0.0
2580.0,0.0,0.0,0.0,0.0,0.0,0.0,14.89752561081,0.0,0.0,0.0,32.35613647714224,0.0,0.0,84.40385373000369,25.172585383490066,0.0,17.833381417711983,0.0,15.348126438852244,0.0,81.20980597520328,0.0,0.0,20.52497444982375,83.49286828532098,0.0,8.352630839434505,0.0
2590.0,0.0,0.0,0.0,0.0,0.0,0.0,15.671423045137791,0.0,0.0,0.0,31.277598594570836,0.0,0.0,78.58289830034826,26.159745594607323,0.0,17.833381417711983,0.0,15.348126438852244,0.0,80.1551331703305,0.0,0.0,20.52497444982375,83.49286828532098,0.0,8.352630839434505,0.0
2600.0,0.0,0.0,0.0,0.0,0.0,0.0,16.251846120883634,0.0,0.0,0.0,32.35613647714224,0.0,0.0,75.67242058552054,26.159745594607323,0.0,17.833381417711983,0.0,15.348126438852244,0.0,79.10046036545774,0.0,0.0,20.52497444982375,82.40854532057655,0.0,9.21669609868635,0.0
2610.0,0.0,0.0,0.0,0.0,0.0,0.0,15.86489740371974,0.0,0.0,0.0,33.434674359713654,0.0,0.0,72.76194287069283,26.159745594607323,0.0,17.833381417711983,0.0,15.348126438852244,0.0,78.57312396302135,0.0,0.0,23.356005408420128,79.15557642634327,0.0,9.21669609868635,0.0
2620.0,0.0,0.0,0.0,0.0,0.0,0.0,15.477948686555843,0.0,0.0,0.0,33.97394330099936,0.0,0.0,69.85146515586511,26.159745594607323,0.0,17.37611522751424,0.0,13.64277905675755,0.0,77.51845115814858,0.0,0.0,24.771520887718317,79.15557642634327,0.0,9.504717851770298,0.0
2630.0,0.0,0.0,0.0,0.0,0.0,0.0,15.477948686555843,0.0,0.0,0.0,33.434674359713654,0.0,0.0,61.12003201138198,25.172585383490066,0.0,18.74791379810747,0.0,11.937431674662857,0.0,76.9911147557122,0.0,0.0,23.356005408420128,83.49286828532098,0.0,9.21669609868635,0.0
2640.0,0.0,0.0,0.0,0.0,0.0,0.0,15.671423045137791,0.0,0.0,0.0,32.89540541842795,0.0,0.0,64.0305097262097,25.666165489048694,0.0,18.290647607909726,0.0,15.348126438852244,0.0,75.40910554840305,0.0,0.0,21.232732189472845,83.49286828532098,0.0,9.504717851770298,0.0
2650.0,0.0,0.0,0.0,0.0,0.0,0.0,15.284474327973895,0.0,0.0,0.0,32.89540541842795,0.0,0.0,69.85146515586511,25.172585383490066,0.0,18.290647607909726,0.0,17.053473820946937,0.0,74.35443274353027,0.0,0.0,20.52497444982375,82.40854532057655,0.0,10.656804864106093,0.0
2660.0,0.0,0.0,0.0,0.0,0.0,0.0,14.89752561081,0.0,0.0,0.0,32.35613647714224,0.0,0.0,78.58289830034826,25.666165489048694,0.0,18.290647607909726,0.0,17.053473820946937,0.0,73.2997599386575,0.0,0.0,20.52497444982375,82.40854532057655,0.0,10.656804864106093,0.0
2670.0,0.0,0.0,0.0,0.0,0.0,0.0,14.704051252228052,0.0,0.0,0.0,30.73832965328513,0.0,0.0,75.67242058552054,26.65332570016595,0.0,18.74791379810747,0.0,17.053473820946937,0.0,72.24508713378474,0.0,0.0,20.52497444982375,82.40854532057655,0.0,10.656804864106093,0.0
2680.0,0.0,0.0,0.0,0.0,0.0,0.0,14.89752561081,0.0,0.0,0.0,30.73832965328513,0.0,0.0,66.94098744103741,26.65332570016595,0.0,18.74791379810747,0.0,17.053473820946937,0.0,70.66307792647558,0.0,0.0,20.52497444982375,82.40854532057655,0.0,10.94482661719004,0.0
2690.0,0.0,0.0,0.0,0.0,0.0,0.0,14.510576893646103,0.0,0.0,0.0,32.35613647714224,0.0,0.0,75.67242058552054,26.65332570016595,0.0,18.74791379810747,0.0,17.053473820946937,0.0,69.08106871916642,0.0,0.0,20.52497444982375,83.49286828532098,0.0,11.23284837027399,0.0
2700.0,0.0,0.0,0.0,0.0,0.0,0.0,14.510576893646103,0.0,0.0,0.0,33.97394330099936,0.0,0.0,84.40385373000369,26.65332570016595,0.0,19.20517998830521,0.0,17.053473820946937,0.0,68.55373231673003,0.0,0.0,20.52497444982375,83.49286828532098,0.0,11.808891876441887,0.0
2710.0,0.0,0.0,0.0,0.0,0.0,0.0,14.704051252228052,0.0,0.0,0.0,35.59175012485647,0.0,0.0,75.67242058552054,26.65332570016595,0.0,19.20517998830521,0.0,17.053473820946937,0.0,67.49905951185727,0.0,0.0,20.52497444982375,82.40854532057655,0.0,12.096913629525835,0.0
2720.0,0.0,0.0,0.0,0.0,0.0,0.0,15.090999969391946,0.0,0.0,0.0,35.59175012485647,0.0,0.0,69.85146515586511,26.65332570016595,0.0,19.20517998830521,0.0,17.053473820946937,0.0,66.4443867069845,0.0,0.0,20.52497444982375,85.66151421480984,0.0,12.096913629525835,0.0
2730.0,0.0,0.0,0.0,0.0,0.0,0.0,14.89752561081,0.0,0.0,0.0,35.59175012485647,0.0,0.0,69.85146515586511,26.65332570016595,0.0,18.74791379810747,0.0,17.053473820946937,0.0,64.33504109723896,0.0,0.0,20.52497444982375,83.49286828532098,0.0,12.672957135693732,0.0
2740.0,0.0,0.0,0.0,0.0,0.0,0.0,15.090999969391946,0.0,0.0,0.0,35.59175012485647,0.0,0.0,72.76194287069283,26.65332570016595,0.0,19.20517998830521,0.0,17.053473820946937,0.0,62.7530318899298,0.0,0.0,20.52497444982375,82.40854532057655,0.0,12.672957135693732,0.0
2750.0,0.0,0.0,0.0,0.0,0.0,0.0,14.704051252228052,0.0,0.0,0.0,35.59175012485647,0.0,0.0,72.76194287069283,26.65332570016595,0.0,19.20517998830521,0.0,17.053473820946937,0.0,61.17102268262065,0.0,0.0,20.52497444982375,83.49286828532098,0.0,12.672957135693732,0.0
2760.0,0.0,0.0,0.0,0.0,0.0,0.0,14.89752561081,0.0,0.0,0.0,35.59175012485647,0.0,0.0,75.67242058552054,26.65332570016595,0.0,19.20517998830521,0.0,17.053473820946937,0.0,60.64368628018426,0.0,0.0,20.52497444982375,82.40854532057655,0.0,13.24900064186163,0.0
2770.0,0.0,0.0,0.0,0.0,0.0,0.0,14.704051252228052,0.0,0.0,0.0,35.59175012485647,0.0,0.0,78.58289830034826,26.65332570016595,0.0,19.20517998830521,0.0,17.053473820946937,0.0,60.11634987774788,0.0,0.0,20.52497444982375,81.32422235583213,0.0,13.24900064186163,0.0
2780.0,0.0,0.0,0.0,0.0,0.0,0.0,14.704051252228052,0.0,0.0,0.0,35.59175012485647,0.0,0.0,87.3143314448314,26.65332570016595,0.0,18.74791379810747,0.0,17.053473820946937,0.0,58.53434067043872,0.0,0.0,20.52497444982375,80.2398993910877,0.0,13.537022394945577,0.0
2790.0,0.0,0.0,0.0,0.0,0.0,0.0,15.090999969391946,0.0,0.0,0.0,35.59175012485647,0.0,0.0,81.49337601517597,26.65332570016595,0.0,18.74791379810747,0.0,17.053473820946937,0.0,57.47966786556596,0.0,0.0,20.52497444982375,81.32422235583213,0.0,12.96097888877768,0.0
2800.0,0.0,0.0,0.0,0.0,0.0,0.0,15.86489740371974,0.0,0.0,0.0,35.59175012485647,0.0,0.0,69.85146515586511,26.65332570016595,0.0,18.74791379810747,0.0,17.053473820946937,0.0,56.424995060693185,0.0,0.0,20.52497444982375,81.32422235583213,0.0,12.96097888877768,0.0
2810.0,0.0,0.0,0.0,0.0,0.0,0.0,16.058371762301686,0.0,0.0,0.0,35.59175012485647,0.0,0.0,75.67242058552054,26.65332570016595,0.0,18.74791379810747,0.0,17.053473820946937,0.0,55.37032225582042,0.0,0.0,20.52497444982375,81.32422235583213,0.0,13.537022394945577,0.0
2820.0,0.0,0.0,0.0,0.0,0.0,0.0,15.86489740371974,0.0,0.0,0.0,35.59175012485647,0.0,0.0,78.58289830034826,26.65332570016595,0.0,19.20517998830521,0.0,17.053473820946937,0.0,53.26097664607487,0.0,0.0,20.52497444982375,81.32422235583213,0.0,14.113065901113474,0.0
2830.0,0.0,0.0,0.0,0.0,0.0,0.0,15.671423045137791,0.0,0.0,0.0,35.59175012485647,0.0,0.0,75.67242058552054,26.65332570016595,0.0,18.74791379810747,0.0,17.053473820946937,0.0,52.20630384120211,0.0,0.0,22.648247668771035,80.2398993910877,0.0,14.113065901113474,0.0
2840.0,0.0,0.0,0.0,0.0,0.0,0.0,15.477948686555843,0.0,0.0,0.0,35.59175012485647,0.0,0.0,78.58289830034826,26.65332570016595,0.0,18.74791379810747,0.0,15.348126438852244,0.0,50.62429463389295,0.0,0.0,24.063763148069224,79.15557642634327,0.0,13.825044148029527,0.0
2850.0,0.0,0.0,0.0,0.0,0.0,0.0,15.284474327973895,0.0,0.0,0.0,35.59175012485647,0.0,0.0,81.49337601517597,26.65332570016595,0.0,19.20517998830521,0.0,15.348126438852244,0.0,50.62429463389295,0.0,0.0,23.356005408420128,82.40854532057655,0.0,13.825044148029527,0.0
2860.0,0.0,0.0,0.0,0.0,0.0,0.0,15.477948686555843,0.0,0.0,0.0,35.59175012485647,0.0,0.0,75.67242058552054,26.65332570016595,0.0,19.20517998830521,0.0,15.348126438852244,0.0,48.51494902414741,0.0,0.0,23.356005408420128,84.57719125006541,0.0,14.401087654197422,0.0
2870.0,0.0,0.0,0.0,0.0,0.0,0.0,15.671423045137791,0.0,0.0,0.0,35.59175012485647,0.0,0.0,81.49337601517597,26.65332570016595,0.0,19.20517998830521,0.0,15.348126438852244,0.0,48.51494902414741,0.0,0.0,23.356005408420128,84.57719125006541,0.0,14.97713116036532,0.0
2880.0,0.0,0.0,0.0,0.0,0.0,0.0,15.86489740371974,0.0,0.0,0.0,35.59175012485647,0.0,0.0,69.85146515586511,26.65332570016595,0.0,19.20517998830521,0.0,15.348126438852244,0.0,46.93293981683826,0.0,0.0,23.356005408420128,85.66151421480984,0.0,14.97713116036532,0.0
2890.0,0.0,0.0,0.0,0.0,0.0,0.0,15.86489740371974,0.0,0.0,0.0,35.59175012485647,0.0,0.0,75.67242058552054,26.65332570016595,0.0,18.74791379810747,0.0,15.348126438852244,0.0,45.3509306095291,0.0,0.0,23.356005408420128,88.91448310904313,0.0,14.689109407281371,0.0
2900.0,0.0,0.0,0.0,0.0,0.0,0.0,15.86489740371974,0.0,0.0,0.0,35.59175012485647,0.0,0.0,69.85146515586511,26.65332570016595,0.0,19.20517998830521,0.0,15.348126438852244,0.0,43.768921402219945,0.0,0.0,23.356005408420128,87.8301601442987,0.0,14.689109407281371,0.0
2910.0,0.0,0.0,0.0,0.0,0.0,0.0,15.477948686555843,0.0,0.0,0.0,35.59175012485647,0.0,0.0,66.94098744103741,26.65332570016595,0.0,18.74791379810747,0.0,15.348126438852244,0.0,43.24158499978356,0.0,0.0,23.356005408420128,84.57719125006541,0.0,15.841196419617164,0.0
2920.0,0.0,0.0,0.0,0.0,0.0,0.0,15.284474327973895,0.0,0.0,0.0,35.59175012485647,0.0,0.0,66.94098744103741,26.65332570016595,0.0,18.74791379810747,0.0,13.64277905675755,0.0,42.71424859734718,0.0,0.0,23.356005408420128,85.66151421480984,0.0,15.841196419617164,0.0
2930.0,0.0,0.0,0.0,0.0,0.0,0.0,15.477948686555843,0.0,0.0,0.0,35.59175012485647,0.0,0.0,72.76194287069283,26.65332570016595,0.0,18.74791379810747,0.0,13.64277905675755,0.0,41.13223939003802,0.0,0.0,23.356005408420128,84.57719125006541,0.0,16.41723992578506,0.0
2940.0,0.0,0.0,0.0,0.0,0.0,0.0,14.89752561081,0.0,0.0,0.0,35.59175012485647,0.0,0.0,78.58289830034826,26.65332570016595,0.0,19.20517998830521,0.0,13.64277905675755,0.0,39.022893780292485,0.0,0.0,23.356005408420128,86.74583717955427,0.0,15.841196419617164,0.0
2950.0,0.0,0.0,0.0,0.0,0.0,0.0,14.704051252228052,0.0,0.0,0.0,35.59175012485647,0.0,0.0,75.67242058552054,26.65332570016595,0.0,18.74791379810747,0.0,13.64277905675755,0.0,37.44088457298333,0.0,0.0,23.356005408420128,86.74583717955427,0.0,15.553174666533216,0.0
2960.0,0.0,0.0,0.0,0.0,0.0,0.0,14.704051252228052,0.0,0.0,0.0,35.59175012485647,0.0,0.0,75.67242058552054,26.65332570016595,0.0,18.290647607909726,0.0,11.937431674662857,0.0,37.96822097541971,0.0,0.0,23.356005408420128,86.74583717955427,0.0,15.265152913449269,0.0
2970.0,0.0,0.0,0.0,0.0,0.0,0.0,14.704051252228052,0.0,0.0,0.0,35.59175012485647,0.0,0.0,72.76194287069283,26.65332570016595,0.0,17.37611522751424,0.0,13.64277905675755,0.0,36.913548170546946,0.0,0.0,23.356005408420128,87.8301601442987,0.0,15.553174666533216,0.0
2980.0,0.0,0.0,0.0,0.0,0.0,0.0,14.704051252228052,0.0,0.0,0.0,35.59175012485647,0.0,0.0,78.58289830034826,24.679005277931438,0.0,18.74791379810747,0.0,11.937431674662857,0.0,37.44088457298333,0.0,0.0,23.356005408420128,86.74583717955427,0.0,15.841196419617164,0.0
2990.0,0.0,0.0,0.0,0.0,0.0,0.0,14.89752561081,0.0,0.0,0.0,34.51321224228506,0.0,0.0,84.40385373000369,24.679005277931438,0.0,19.20517998830521,0.0,11.937431674662857,0.0,36.386211768110556,0.0,0.0,23.356005408420128,86.74583717955427,0.0,16.129218172701112,0.0
3000.0,0.0,0.0,0.0,0.0,0.0,0.0,15.477948686555843,0.0,0.0,0.0,33.434674359713654,0.0,0.0,84.40385373000369,25.666165489048694,0.0,17.37611522751424,0.0,13.64277905675755,0.0,37.44088457298333,0.0,0.0,23.356005408420128,85.66151421480984,0.0,16.41723992578506,0.0
3010.0,0.0,0.0,0.0,0.0,0.0,0.0,16.251846120883634,0.0,0.0,0.0,32.89540541842795,0.0,0.0,75.67242058552054,24.679005277931438,0.0,17.833381417711983,0.0,11.937431674662857,0.0,37.96822097541971,0.0,0.0,23.356005408420128,88.91448310904313,0.0,15.553174666533216,0.0
3020.0,0.0,0.0,0.0,0.0,0.0,0.0,16.63879483804753,0.0,0.0,0.0,32.35613647714224,0.0,0.0,72.76194287069283,25.666165489048694,0.0,16.918849037316498,0.0,10.232084292568162,0.0,39.55023018272887,0.0,0.0,23.356005408420128,88.91448310904313,0.0,15.265152913449269,0.0
3030.0,0.0,0.0,0.0,0.0,0.0,0.0,16.83226919662948,0.0,0.0,0.0,31.81686753585654,0.0,0.0,75.67242058552054,26.159745594607323,0.0,15.089784276525524,0.0,13.64277905675755,0.0,37.96822097541971,0.0,0.0,23.356005408420128,88.91448310904313,0.0,14.113065901113474,0.0
3040.0,0.0,0.0,0.0,0.0,0.0,0.0,16.058371762301686,0.0,0.0,0.0,33.434674359713654,0.0,0.0,81.49337601517597,24.18542517237281,0.0,16.461582847118752,0.0,11.937431674662857,0.0,37.96822097541971,0.0,0.0,23.356005408420128,88.91448310904313,0.0,13.537022394945577,0.0
3050.0,0.0,0.0,0.0,0.0,0.0,0.0,16.058371762301686,0.0,0.0,0.0,32.89540541842795,0.0,0.0,69.85146515586511,23.691845066814178,0.0,16.918849037316498,0.0,11.937431674662857,0.0,37.44088457298333,0.0,0.0,23.356005408420128,86.74583717955427,0.0,13.537022394945577,0.0
3060.0,0.0,0.0,0.0,0.0,0.0,0.0,15.86489740371974,0.0,0.0,0.0,32.35613647714224,0.0,0.0,69.85146515586511,25.172585383490066,0.0,16.461582847118752,0.0,11.937431674662857,0.0,37.44088457298333,0.0,0.0,23.356005408420128,84.57719125006541,0.0,14.113065901113474,0.0
3070.0,0.0,0.0,0.0,0.0,0.0,0.0,16.058371762301686,0.0,0.0,0.0,31.277598594570836,0.0,0.0,64.0305097262097,25.172585383490066,0.0,16.00431665692101,0.0,11.937431674662857,0.0,37.96822097541971,0.0,0.0,23.356005408420128,84.57719125006541,0.0,15.265152913449269,0.0
3080.0,0.0,0.0,0.0,0.0,0.0,0.0,15.477948686555843,0.0,0.0,0.0,30.73832965328513,0.0,0.0,72.76194287069283,25.172585383490066,0.0,15.089784276525524,0.0,11.937431674662857,0.0,39.55023018272887,0.0,0.0,23.356005408420128,84.57719125006541,0.0,16.41723992578506,0.0
3090.0,0.0,0.0,0.0,0.0,0.0,0.0,15.284474327973895,0.0,0.0,0.0,31.81686753585654,0.0,0.0,72.76194287069283,23.691845066814178,0.0,15.089784276525524,0.0,13.64277905675755,0.0,37.96822097541971,0.0,0.0,23.356005408420128,85.66151421480984,0.0,16.41723992578506,0.0
3100.0,0.0,0.0,0.0,0.0,0.0,0.0,14.89752561081,0.0,0.0,0.0,31.81686753585654,0.0,0.0,72.76194287069283,22.211104750138293,0.0,17.37611522751424,0.0,11.937431674662857,0.0,37.96822097541971,0.0,0.0,23.356005408420128,86.74583717955427,0.0,15.841196419617164,0.0
3110.0,0.0,0.0,0.0,0.0,0.0,0.0,14.89752561081,0.0,0.0,0.0,30.73832965328513,0.0,0.0,69.85146515586511,22.70468485569692,0.0,16.461582847118752,0.0,11.937431674662857,0.0,38.4955573778561,0.0,0.0,23.356005408420128,88.91448310904313,0.0,15.265152913449269,0.0
3120.0,0.0,0.0,0.0,0.0,0.0,0.0,15.090999969391946,0.0,0.0,0.0,29.12052282942802,0.0,0.0,64.0305097262097,23.691845066814178,0.0,16.918849037316498,0.0,13.64277905675755,0.0,37.44088457298333,0.0,0.0,23.356005408420128,87.8301601442987,0.0,15.265152913449269,0.0
3130.0,0.0,0.0,0.0,0.0,0.0,0.0,14.704051252228052,0.0,0.0,0.0,28.041984946856612,0.0,0.0,69.85146515586511,22.70468485569692,0.0,18.290647607909726,0.0,13.64277905675755,0.0,36.913548170546946,0.0,0.0,23.356005408420128,85.66151421480984,0.0,15.841196419617164,0.0
3140.0,0.0,0.0,0.0,0.0,0.0,0.0,14.704051252228052,0.0,0.0,0.0,27.502716005570907,0.0,0.0,78.58289830034826,24.18542517237281,0.0,16.918849037316498,0.0,11.937431674662857,0.0,38.4955573778561,0.0,0.0,23.356005408420128,85.66151421480984,0.0,16.129218172701112,0.0
3150.0,0.0,0.0,0.0,0.0,0.0,0.0,14.510576893646103,0.0,0.0,0.0,26.4241781229995,0.0,0.0,87.3143314448314,25.172585383490066,0.0,16.461582847118752,0.0,11.937431674662857,0.0,39.022893780292485,0.0,0.0,23.356005408420128,85.66151421480984,0.0,16.41723992578506,0.0
3160.0,0.0,0.0,0.0,0.0,0.0,0.0,14.89752561081,0.0,0.0,0.0,26.4241781229995,0.0,0.0,84.40385373000369,25.666165489048694,0.0,16.00431665692101,0.0,15.348126438852244,0.0,37.96822097541971,0.0,0.0,23.356005408420128,87.8301601442987,0.0,15.841196419617164,0.0
3170.0,0.0,0.0,0.0,0.0,0.0,0.0,15.477948686555843,0.0,0.0,0.0,26.963447064285205,0.0,0.0,81.49337601517597,24.18542517237281,0.0,17.37611522751424,0.0,13.64277905675755,0.0,36.913548170546946,0.0,0.0,23.356005408420128,89.99880607378755,0.0,14.97713116036532,0.0
3180.0,0.0,0.0,0.0,0.0,0.0,0.0,15.671423045137791,0.0,0.0,0.0,27.502716005570907,0.0,0.0,78.58289830034826,24.679005277931438,0.0,16.461582847118752,0.0,13.64277905675755,0.0,36.913548170546946,0.0,0.0,23.356005408420128,88.91448310904313,0.0,14.689109407281371,0.0
3190.0,0.0,0.0,0.0,0.0,0.0,0.0,15.671423045137791,0.0,0.0,0.0,26.4241781229995,0.0,0.0,69.85146515586511,25.172585383490066,0.0,16.461582847118752,0.0,10.232084292568162,0.0,39.55023018272887,0.0,0.0,23.356005408420128,86.74583717955427,0.0,14.689109407281371,0.0
3200.0,0.0,0.0,0.0,0.0,0.0,0.0,15.090999969391946,0.0,0.0,0.0,28.041984946856612,0.0,0.0,69.85146515586511,24.18542517237281,0.0,16.00431665692101,0.0,11.937431674662857,0.0,40.07756658516525,0.0,0.0,23.356005408420128,83.49286828532098,0.0,14.97713116036532,0.0
3210.0,0.0,0.0,0.0,0.0,0.0,0.0,15.284474327973895,0.0,0.0,0.0,28.041984946856612,0.0,0.0,69.85146515586511,24.18542517237281,0.0,16.461582847118752,0.0,11.937431674662857,0.0,39.55023018272887,0.0,0.0,23.356005408420128,84.57719125006541,0.0,14.689109407281371,0.0
3220.0,0.0,0.0,0.0,0.0,0.0,0.0,14.89752561081,0.0,0.0,0.0,28.581253888142317,0.0,0.0,72.76194287069283,23.19826496125555,0.0,16.918849037316498,0.0,13.64277905675755,0.0,39.022893780292485,0.0,0.0,23.356005408420128,85.66151421480984,0.0,14.97713116036532,0.0
3230.0,0.0,0.0,0.0,0.0,0.0,0.0,14.704051252228052,0.0,0.0,0.0,27.502716005570907,0.0,0.0,81.49337601517597,23.691845066814178,0.0,18.290647607909726,0.0,13.64277905675755,0.0,37.96822097541971,0.0,0.0,23.356005408420128,86.74583717955427,0.0,14.689109407281371,0.0
3240.0,0.0,0.0,0.0,0.0,0.0,0.0,14.89752561081,0.0,0.0,0.0,26.963447064285205,0.0,0.0,81.49337601517597,24.18542517237281,0.0,16.918849037316498,0.0,11.937431674662857,0.0,38.4955573778561,0.0,0.0,23.356005408420128,87.8301601442987,0.0,14.689109407281371,0.0
3250.0,0.0,0.0,0.0,0.0,0.0,0.0,14.89752561081,0.0,0.0,0.0,24.806371299142388,0.0,0.0,81.49337601517597,25.666165489048694,0.0,16.461582847118752,0.0,10.232084292568162,0.0,39.022893780292485,0.0,0.0,23.356005408420128,85.66151421480984,0.0,13.825044148029527,0.0
3260.0,0.0,0.0,0.0,0.0,0.0,0.0,15.477948686555843,0.0,0.0,0.0,24.267102357856682,0.0,0.0,72.76194287069283,25.172585383490066,0.0,16.00431665692101,0.0,10.232084292568162,0.0,39.022893780292485,0.0,0.0,23.356005408420128,82.40854532057655,0.0,14.401087654197422,0.0
3270.0,0.0,0.0,0.0,0.0,0.0,0.0,15.284474327973895,0.0,0.0,0.0,23.72783341657098,0.0,0.0,72.76194287069283,23.691845066814178,0.0,16.00431665692101,0.0,13.64277905675755,0.0,37.96822097541971,0.0,0.0,23.356005408420128,79.15557642634327,0.0,14.689109407281371,0.0
3280.0,0.0,0.0,0.0,0.0,0.0,0.0,15.284474327973895,0.0,0.0,0.0,22.64929553399957,0.0,0.0,78.58289830034826,24.18542517237281,0.0,16.00431665692101,0.0,13.64277905675755,0.0,37.96822097541971,0.0,0.0,23.356005408420128,75.90260753210998,0.0,14.401087654197422,0.0
3290.0,0.0,0.0,0.0,0.0,0.0,0.0,14.89752561081,0.0,0.0,0.0,21.031488710142458,0.0,0.0,75.67242058552054,24.18542517237281,0.0,16.00431665692101,0.0,13.64277905675755,0.0,38.4955573778561,0.0,0.0,23.356005408420128,73.73396160262112,0.0,14.689109407281371,0.0
3300.0,0.0,0.0,0.0,0.0,0.0,0.0,14.89752561081,0.0,0.0,0.0,19.95295082757105,0.0,0.0,78.58289830034826,24.18542517237281,0.0,15.547050466723267,0.0,15.348126438852244,0.0,38.4955573778561,0.0,0.0,23.356005408420128,70.48099270838784,0.0,14.97713116036532,0.0
3310.0,0.0,0.0,0.0,0.0,0.0,0.0,15.284474327973895,0.0,0.0,0.0,18.874412944999644,0.0,0.0,75.67242058552054,23.691845066814178,0.0,16.461582847118752,0.0,15.348126438852244,0.0,37.96822097541971,0.0,0.0,23.356005408420128,67.22802381415455,0.0,14.113065901113474,0.0
3320.0,0.0,0.0,0.0,0.0,0.0,0.0,15.284474327973895,0.0,0.0,0.0,17.795875062428234,0.0,0.0,81.49337601517597,23.691845066814178,0.0,16.461582847118752,0.0,10.232084292568162,0.0,39.022893780292485,0.0,0.0,23.356005408420128,65.05937788466571,0.0,14.401087654197422,0.0
3330.0,0.0,0.0,0.0,0.0,0.0,0.0,16.058371762301686,0.0,0.0,0.0,16.17806823857112,0.0,0.0,72.76194287069283,24.679005277931438,0.0,15.089784276525524,0.0,10.232084292568162,0.0,40.07756658516525,0.0,0.0,26.187036367016507,59.63776306094356,0.0,14.401087654197422,0.0
3340.0,0.0,0.0,0.0,0.0,0.0,0.0,16.058371762301686,0.0,0.0,0.0,14.56026141471401,0.0,0.0,75.67242058552054,25.172585383490066,0.0,14.632518086327782,0.0,11.937431674662857,0.0,40.07756658516525,0.0,0.0,27.602551846314697,58.55344009619913,0.0,14.401087654197422,0.0
3350.0,0.0,0.0,0.0,0.0,0.0,0.0,15.86489740371974,0.0,0.0,0.0,13.481723532142603,0.0,0.0,78.58289830034826,24.679005277931438,0.0,14.632518086327782,0.0,13.64277905675755,0.0,39.55023018272887,0.0,0.0,29.725825065261983,53.13182527247699,0.0,14.97713116036532,0.0
3360.0,0.0,0.0,0.0,0.0,0.0,0.0,15.671423045137791,0.0,0.0,0.0,12.403185649571194,0.0,0.0,69.85146515586511,24.18542517237281,0.0,15.547050466723267,0.0,13.64277905675755,0.0,38.4955573778561,0.0,0.0,31.141340544560173,53.13182527247699,0.0,14.401087654197422,0.0
3370.0,0.0,0.0,0.0,0.0,0.0,0.0,15.284474327973895,0.0,0.0,0.0,11.324647766999785,0.0,0.0,75.67242058552054,23.19826496125555,0.0,16.918849037316498,0.0,11.937431674662857,0.0,37.96822097541971,0.0,0.0,32.55685602385836,49.878856378243704,0.0,14.97713116036532,0.0
3380.0,0.0,0.0,0.0,0.0,0.0,0.0,15.090999969391946,0.0,0.0,0.0,9.706840943142673,0.0,0.0,84.40385373000369,23.19826496125555,0.0,17.37611522751424,0.0,11.937431674662857,0.0,38.4955573778561,0.0,0.0,33.97237150315655,49.878856378243704,0.0,14.401087654197422,0.0
3390.0,0.0,0.0,0.0,0.0,0.0,0.0,15.671423045137791,0.0,0.0,0.0,7.549765177999857,0.0,0.0,78.58289830034826,25.172585383490066,0.0,15.547050466723267,0.0,13.64277905675755,0.0,39.022893780292485,0.0,0.0,34.68012924280565,52.047502307732564,0.0,14.401087654197422,0.0
3400.0,0.0,0.0,0.0,0.0,0.0,0.0,16.058371762301686,0.0,0.0,0.0,7.010496236714153,0.0,0.0,78.58289830034826,24.18542517237281,0.0,16.918849037316498,0.0,11.937431674662857,0.0,39.022893780292485,0.0,0.0,35.38788698245474,52.047502307732564,0.0,14.689109407281371,0.0
3410.0,0.0,0.0,0.0,0.0,0.0,0.0,16.251846120883634,0.0,0.0,0.0,6.471227295428449,0.0,0.0,78.58289830034826,23.19826496125555,0.0,16.461582847118752,0.0,13.64277905675755,0.0,38.4955573778561,0.0,0.0,36.80340246175293,49.878856378243704,0.0,14.689109407281371,0.0
3420.0,0.0,0.0,0.0,0.0,0.0,0.0,15.86489740371974,0.0,0.0,0.0,4.314151530285632,0.0,0.0,75.67242058552054,25.172585383490066,0.0,16.00431665692101,0.0,11.937431674662857,0.0,37.96822097541971,0.0,0.0,37.51116020140203,52.047502307732564,0.0,14.689109407281371,0.0
3430.0,0.0,0.0,0.0,0.0,0.0,0.0,15.477948686555843,0.0,0.0,0.0,2.6963447064285204,0.0,0.0,72.76194287069283,25.172585383490066,0.0,16.00431665692101,0.0,13.64277905675755,0.0,37.96822097541971,0.0,0.0,37.51116020140203,54.21614823722142,0.0,14.113065901113474,0.0
3440.0,0.0,0.0,0.0,0.0,0.0,0.0,15.671423045137791,0.0,0.0,0.0,1.6178068238571122,0.0,0.0,69.85146515586511,25.172585383490066,0.0,16.918849037316498,0.0,11.937431674662857,0.0,37.44088457298333,0.0,0.0,37.51116020140203,56.38479416671027,0.0,14.113065901113474,0.0
3450.0,0.0,0.0,0.0,0.0,0.0,0.0,15.284474327973895,0.0,0.0,0.0,1.6178068238571122,0.0,0.0,81.49337601517597,24.679005277931438,0.0,15.089784276525524,0.0,13.64277905675755,0.0,37.96822097541971,0.0,0.0,37.51116020140203,57.4691171314547,0.0,13.825044148029527,0.0
3460.0,0.0,0.0,0.0,0.0,0.0,0.0,15.477948686555843,0.0,0.0,0.0,1.6178068238571122,0.0,0.0,72.76194287069283,23.19826496125555,0.0,15.547050466723267,0.0,13.64277905675755,0.0,37.96822097541971,0.0,0.0,37.51116020140203,57.4691171314547,0.0,13.537022394945577,0.0
3470.0,0.0,0.0,0.0,0.0,0.0,0.0,15.090999969391946,0.0,0.0,0.0,0.0,0.0,0.0,69.85146515586511,23.691845066814178,0.0,16.00431665692101,0.0,11.937431674662857,0.0,38.4955573778561,0.0,0.0,37.51116020140203,57.4691171314547,0.0,12.384935382609784,0.0
3480.0,0.0,0.0,0.0,0.0,0.0,0.0,15.090999969391946,0.0,0.0,0.0,0.0,0.0,0.0,69.85146515586511,21.717524644579665,0.0,16.461582847118752,0.0,11.937431674662857,0.0,37.96822097541971,0.0,0.0,37.51116020140203,57.4691171314547,0.0,12.096913629525835,0.0
3490.0,0.0,0.0,0.0,0.0,0.0,0.0,14.704051252228052,0.0,0.0,0.0,0.0,0.0,0.0,75.67242058552054,20.236784327903777,0.0,16.461582847118752,0.0,13.64277905675755,0.0,37.96822097541971,0.0,0.0,37.51116020140203,57.4691171314547,0.0,10.94482661719004,0.0
3500.0,0.0,0.0,0.0,0.0,0.0,0.0,15.284474327973895,0.0,0.0,0.0,0.0,0.0,0.0,78.58289830034826,19.74320422234515,0.0,16.00431665692101,0.0,13.64277905675755,0.0,37.44088457298333,0.0,0.0,37.51116020140203,57.4691171314547,0.0,10.656804864106093,0.0
3510.0,0.0,0.0,0.0,0.0,0.0,0.0,15.090999969391946,0.0,0.0,0.0,0.0,0.0,0.0,87.3143314448314,18.756044011227893,0.0,16.461582847118752,0.0,13.64277905675755,0.0,36.913548170546946,0.0,0.0,37.51116020140203,57.4691171314547,0.0,9.792739604854248,0.0
3520.0,0.0,0.0,0.0,0.0,0.0,0.0,15.090999969391946,0.0,0.0,0.0,0.0,0.0,0.0,84.40385373000369,18.262463905669264,0.0,16.00431665692101,0.0,11.937431674662857,0.0,36.913548170546946,0.0,0.0,37.51116020140203,57.4691171314547,0.0,8.928674345602403,0.0
3530.0,0.0,0.0,0.0,0.0,0.0,0.0,16.058371762301686,0.0,0.0,0.0,0.0,0.0,0.0,84.40385373000369,17.275303694552004,0.0,16.00431665692101,0.0,10.232084292568162,0.0,36.913548170546946,0.0,0.0,37.51116020140203,57.4691171314547,0.0,8.640652592518453,0.0
3540.0,0.0,0.0,0.0,0.0,0.0,0.0,15.86489740371974,0.0,0.0,0.0,0.0,0.0,0.0,90.22480915965912,16.288143483434748,0.0,15.547050466723267,0.0,10.232084292568162,0.0,37.44088457298333,0.0,0.0,37.51116020140203,57.4691171314547,0.0,8.064609086350556,0.0
3550.0,0.0,0.0,0.0,0.0,0.0,0.0,16.251846120883634,0.0,0.0,0.0,0.0,0.0,0.0,87.3143314448314,14.807403166758862,0.0,15.547050466723267,0.0,13.64277905675755,0.0,37.44088457298333,0.0,0.0,37.51116020140203,57.4691171314547,0.0,6.912522074014763,0.0
3560.0,0.0,0.0,0.0,0.0,0.0,0.0,16.058371762301686,0.0,0.0,0.0,0.0,0.0,0.0,81.49337601517597,13.820242955641605,0.0,15.089784276525524,0.0,15.348126438852244,0.0,36.386211768110556,0.0,0.0,37.51116020140203,57.4691171314547,0.0,5.760435061678969,0.0
3570.0,0.0,0.0,0.0,0.0,0.0,0.0,16.251846120883634,0.0,0.0,0.0,0.0,0.0,0.0,75.67242058552054,11.845922533407089,0.0,16.461582847118752,0.0,11.937431674662857,0.0,37.44088457298333,0.0,0.0,37.51116020140203,57.4691171314547,0.0,4.608348049343175,0.0
3580.0,0.0,0.0,0.0,0.0,0.0,0.0,16.058371762301686,0.0,0.0,0.0,0.0,0.0,0.0,81.49337601517597,10.858762322289833,0.0,16.00431665692101,0.0,8.526736910473469,0.0,37.96822097541971,0.0,0.0,37.51116020140203,57.4691171314547,0.0,3.4562610370073816,0.0
3590.0,0.0,0.0,0.0,0.0,0.0,0.0,15.671423045137791,0.0,0.0,0.0,0.0,0.0,0.0,78.58289830034826,8.884441900055318,0.0,16.461582847118752,0.0,13.64277905675755,0.0,37.44088457298333,0.0,0.0,37.51116020140203,57.4691171314547,0.0,3.168239283923433,0.0
3600.0,0.0,0.0,0.0,0.0,0.0,0.0,15.477948686555843,0.0,0.0,0.0,0.0,0.0,0.0,81.49337601517597,8.390861794496688,0.0,16.00431665692101,0.0,13.64277905675755,0.0,36.913548170546946,0.0,0.0,37.51116020140203,57.4691171314547,0.0,2.8802175308394844,0.0
3610.0,0.0,0.0,0.0,0.0,0.0,0.0,15.86489740371974,0.0,0.0,0.0,0.0,0.0,0.0,75.67242058552054,8.390861794496688,0.0,16.00431665692101,0.0,11.937431674662857,0.0,37.44088457298333,0.0,0.0,37.51116020140203,57.4691171314547,0.0,2.3041740246715876,0.0
3620.0,0.0,0.0,0.0,0.0,0.0,0.0,15.671423045137791,0.0,0.0,0.0,0.0,0.0,0.0,78.58289830034826,9.378022005613946,0.0,15.547050466723267,0.0,11.937431674662857,0.0,37.96822097541971,0.0,0.0,37.51116020140203,57.4691171314547,0.0,2.3041740246715876,0.0
3630.0,0.0,0.0,0.0,0.0,0.0,0.0,16.058371762301686,0.0,0.0,0.0,0.0,0.0,0.0,72.76194287069283,8.390861794496688,0.0,15.089784276525524,0.0,11.937431674662857,0.0,38.4955573778561,0.0,0.0,37.51116020140203,57.4691171314547,0.0,2.3041740246715876,0.0
3640.0,0.0,0.0,0.0,0.0,0.0,0.0,16.251846120883634,0.0,0.0,0.0,0.0,0.0,0.0,72.76194287069283,8.390861794496688,0.0,15.089784276525524,0.0,13.64277905675755,0.0,37.96822097541971,0.0,0.0,37.51116020140203,57.4691171314547,0.0,1.7281305185036908,0.0
3650.0,0.0,0.0,0.0,0.0,0.0,0.0,16.251846120883634,0.0,0.0,0.0,0.0,0.0,0.0,66.94098744103741,7.89728168893806,0.0,14.632518086327782,0.0,15.348126438852244,0.0,36.913548170546946,0.0,0.0,37.51116020140203,57.4691171314547,0.0,1.1520870123357938,0.0
3660.0,0.0,0.0,0.0,0.0,0.0,0.0,15.86489740371974,0.0,0.0,0.0,0.0,0.0,0.0,66.94098744103741,7.89728168893806,0.0,16.00431665692101,0.0,11.937431674662857,0.0,37.44088457298333,0.0,0.0,37.51116020140203,57.4691171314547,0.0,0.8640652592518454,0.0
3670.0,0.0,0.0,0.0,0.0,0.0,0.0,15.284474327973895,0.0,0.0,0.0,0.0,0.0,0.0,72.76194287069283,8.884441900055318,0.0,14.175251896130037,0.0,10.232084292568162,0.0,37.96822097541971,0.0,0.0,37.51116020140203,57.4691171314547,0.0,0.28802175308394845,0.0
3680.0,0.0,0.0,0.0,0.0,0.0,0.0,14.704051252228052,0.0,0.0,0.0,0.0,0.0,0.0,84.40385373000369,8.390861794496688,0.0,14.175251896130037,0.0,13.64277905675755,0.0,37.44088457298333,0.0,0.0,37.51116020140203,57.4691171314547,0.0,0.0,0.0
3690.0,0.0,0.0,0.0,0.0,0.0,0.0,15.090999969391946,0.0,0.0,0.0,0.0,0.0,0.0,78.58289830034826,7.403701583379431,0.0,14.632518086327782,0.0,13.64277905675755,0.0,37.44088457298333,0.0,0.0,37.51116020140203,57.4691171314547,0.0,0.0,0.0
3700.0,0.0,0.0,0.0,0.0,0.0,0.0,15.284474327973895,0.0,0.0,0.0,0.0,0.0,0.0,78.58289830034826,8.390861794496688,0.0,14.632518086327782,0.0,10.232084292568162,0.0,37.44088457298333,0.0,0.0,37.51116020140203,57.4691171314547,0.0,0.0,0.0
3710.0,0.0,0.0,0.0,0.0,0.0,0.0,15.671423045137791,0.0,0.0,0.0,0.0,0.0,0.0,72.76194287069283,8.884441900055318,0.0,13.717985705932294,0.0,13.64277905675755,0.0,36.913548170546946,0.0,0.0,37.51116020140203,57.4691171314547,0.0,0.0,0.0
3720.0,0.0,0.0,0.0,0.0,0.0,0.0,15.671423045137791,0.0,0.0,0.0,0.0,0.0,0.0,72.76194287069283,8.390861794496688,0.0,14.175251896130037,0.0,11.937431674662857,0.0,37.44088457298333,0.0,0.0,37.51116020140203,57.4691171314547,0.0,0.0,0.0
3730.0,0.0,0.0,0.0,0.0,0.0,0.0,15.477948686555843,0.0,0.0,0.0,0.0,0.0,0.0,72.76194287069283,7.403701583379431,0.0,14.175251896130037,0.0,10.232084292568162,0.0,37.96822097541971,0.0,0.0,37.51116020140203,57.4691171314547,0.0,0.0,0.0
3740.0,0.0,0.0,0.0,0.0,0.0,0.0,15.477948686555843,0.0,0.0,0.0,0.0,0.0,0.0,66.94098744103741,7.89728168893806,0.0,13.717985705932294,0.0,13.64277905675755,0.0,37.96822097541971,0.0,0.0,37.51116020140203,57.4691171314547,0.0,0.0,0.0
3750.0,0.0,0.0,0.0,0.0,0.0,0.0,14.704051252228052,0.0,0.0,0.0,0.0,0.0,0.0,66.94098744103741,6.910121477820803,0.0,15.547050466723267,0.0,11.937431674662857,0.0,37.96822097541971,0.0,0.0,37.51116020140203,57.4691171314547,0.0,0.0,0.0
3760.0,0.0,0.0,0.0,0.0,0.0,0.0,14.510576893646103,0.0,0.0,0.0,0.0,0.0,0.0,69.85146515586511,7.403701583379431,0.0,15.089784276525524,0.0,11.937431674662857,0.0,38.4955573778561,0.0,0.0,37.51116020140203,57.4691171314547,0.0,0.0,0.0
3770.0,0.0,0.0,0.0,0.0,0.0,0.0,14.317102535064155,0.0,0.0,0.0,0.0,0.0,0.0,78.58289830034826,7.89728168893806,0.0,14.632518086327782,0.0,8.526736910473469,0.0,38.4955573778561,0.0,0.0,37.51116020140203,57.4691171314547,0.0,0.0,0.0
3780.0,0.0,0.0,0.0,0.0,0.0,0.0,14.510576893646103,0.0,0.0,0.0,0.0,0.0,0.0,81.49337601517597,6.416541372262174,0.0,15.547050466723267,0.0,13.64277905675755,0.0,37.96822097541971,0.0,0.0,37.51116020140203,57.4691171314547,0.0,0.0,0.0
3790.0,0.0,0.0,0.0,0.0,0.0,0.0,14.704051252228052,0.0,0.0,0.0,0.0,0.0,0.0,81.49337601517597,7.403701583379431,0.0,15.547050466723267,0.0,13.64277905675755,0.0,38.4955573778561,0.0,0.0,37.51116020140203,57.4691171314547,0.0,0.0,0.0
3800.0,0.0,0.0,0.0,0.0,0.0,0.0,15.284474327973895,0.0,0.0,0.0,0.0,0.0,0.0,72.76194287069283,7.403701583379431,0.0,14.632518086327782,0.0,13.64277905675755,0.0,38.4955573778561,0.0,0.0,37.51116020140203,57.4691171314547,0.0,0.0,0.0
3810.0,0.0,0.0,0.0,0.0,0.0,0.0,15.671423045137791,0.0,0.0,0.0,0.0,0.0,0.0,66.94098744103741,7.403701583379431,0.0,14.632518086327782,0.0,13.64277905675755,0.0,37.96822097541971,0.0,0.0,37.51116020140203,57.4691171314547,0.0,0.0,0.0
3820.0,0.0,0.0,0.0,0.0,0.0,0.0,15.671423045137791,0.0,0.0,0.0,0.0,0.0,0.0,66.94098744103741,6.910121477820803,0.0,16.00431665692101,0.0,11.937431674662857,0.0,37.44088457298333,0.0,0.0,37.51116020140203,57.4691171314547,0.0,0.0,0.0
3830.0,0.0,0.0,0.0,0.0,0.0,0.0,15.090999969391946,0.0,0.0,0.0,0.0,0.0,0.0,75.67242058552054,7.89728168893806,0.0,15.547050466723267,0.0,10.232084292568162,0.0,37.96822097541971,0.0,0.0,37.51116020140203,57.4691171314547,0.0,0.0,0.0
3840.0,0.0,0.0,0.0,0.0,0.0,0.0,14.510576893646103,0.0,0.0,0.0,0.0,0.0,0.0,84.40385373000369,7.403701583379431,0.0,13.717985705932294,0.0,15.348126438852244,0.0,37.96822097541971,0.0,0.0,37.51116020140203,57.4691171314547,0.0,0.0,0.0
3850.0,0.0,0.0,0.0,0.0,0.0,0.0,14.704051252228052,0.0,0.0,0.0,0.0,0.0,0.0,75.67242058552054,5.9229612667035445,0.0,14.632518086327782,0.0,13.64277905675755,0.0,37.96822097541971,0.0,0.0,37.51116020140203,57.4691171314547,0.0,0.0,0.0
3860.0,0.0,0.0,0.0,0.0,0.0,0.0,14.89752561081,0.0,0.0,0.0,0.0,0.0,0.0,78.58289830034826,4.442220950027659,0.0,14.632518086327782,0.0,11.937431674662857,0.0,39.55023018272887,0.0,0.0,37.51116020140203,57.4691171314547,0.0,0.0,0.0
3870.0,0.0,0.0,0.0,0.0,0.0,0.0,15.090999969391946,0.0,0.0,0.0,0.0,0.0,0.0,75.67242058552054,3.4550607389104013,0.0,14.632518086327782,0.0,13.64277905675755,0.0,37.96822097541971,0.0,0.0,37.51116020140203,57.4691171314547,0.0,0.0,0.0
3880.0,0.0,0.0,0.0,0.0,0.0,0.0,14.89752561081,0.0,0.0,0.0,0.0,0.0,0.0,75.67242058552054,1.974320422234515,0.0,15.089784276525524,0.0,13.64277905675755,0.0,37.96822097541971,0.0,0.0,37.51116020140203,57.4691171314547,0.0,0.0,0.0
3890.0,0.0,0.0,0.0,0.0,0.0,0.0,14.704051252228052,0.0,0.0,0.0,0.0,0.0,0.0,81.49337601517597,0.9871602111172575,0.0,15.089784276525524,0.0,13.64277905675755,0.0,37.44088457298333,0.0,0.0,37.51116020140203,57.4691171314547,0.0,0.0,0.0
3900.0,0.0,0.0,0.0,0.0,0.0,0.0,14.510576893646103,0.0,0.0,0.0,0.0,0.0,0.0,81.49337601517597,0.0,0.0,15.089784276525524,0.0,11.937431674662857,0.0,37.96822097541971,0.0,0.0,37.51116020140203,57.4691171314547,0.0,0.0,0.0
3910.0,0.0,0.0,0.0,0.0,0.0,0.0,14.89752561081,0.0,0.0,0.0,0.0,0.0,0.0,78.58289830034826,0.0,0.0,13.260719515734552,0.0,13.64277905675755,0.0,38.4955573778561,0.0,0.0,37.51116020140203,57.4691171314547,0.0,0.0,0.0
3920.0,0.0,0.0,0.0,0.0,0.0,0.0,14.510576893646103,0.0,0.0,0.0,0.0,0.0,0.0,75.67242058552054,0.0,0.0,12.346187135339065,0.0,10.232084292568162,0.0,40.07756658516525,0.0,0.0,37.51116020140203,57.4691171314547,0.0,0.0,0.0
3930.0,0.0,0.0,0.0,0.0,0.0,0.0,14.123628176482207,0.0,0.0,0.0,0.0,0.0,0.0,75.67242058552054,0.0,0.0,10.974388564745835,0.0,13.64277905675755,0.0,38.4955573778561,0.0,0.0,37.51116020140203,57.4691171314547,0.0,0.0,0.0
3940.0,0.0,0.0,0.0,0.0,0.0,0.0,13.543205100736364,0.0,0.0,0.0,0.0,0.0,0.0,72.76194287069283,0.0,0.0,10.974388564745835,0.0,13.64277905675755,0.0,36.913548170546946,0.0,0.0,37.51116020140203,57.4691171314547,0.0,0.0,0.0
3950.0,0.0,0.0,0.0,0.0,0.0,0.0,13.156256383572467,0.0,0.0,0.0,0.0,0.0,0.0,72.76194287069283,0.0,0.0,10.517122374548093,0.0,10.232084292568162,0.0,37.44088457298333,0.0,0.0,37.51116020140203,57.4691171314547,0.0,0.0,0.0
3960.0,0.0,0.0,0.0,0.0,0.0,0.0,12.575833307826622,0.0,0.0,0.0,0.0,0.0,0.0,69.85146515586511,0.0,0.0,9.145323803954863,0.0,10.232084292568162,0.0,38.4955573778561,0.0,0.0,37.51116020140203,57.4691171314547,0.0,0.0,0.0
3970.0,0.0,0.0,0.0,0.0,0.0,0.0,11.80193587349883,0.0,0.0,0.0,0.0,0.0,0.0,81.49337601517597,0.0,0.0,7.773525233361633,0.0,13.64277905675755,0.0,37.44088457298333,0.0,0.0,37.51116020140203,57.4691171314547,0.0,0.0,0.0
3980.0,0.0,0.0,0.0,0.0,0.0,0.0,11.608461514916883,0.0,0.0,0.0,0.0,0.0,0.0,78.58289830034826,0.0,0.0,6.858992852966147,0.0,13.64277905675755,0.0,37.44088457298333,0.0,0.0,37.51116020140203,57.4691171314547,0.0,0.0,0.0
3990.0,0.0,0.0,0.0,0.0,0.0,0.0,11.414987156334934,0.0,0.0,0.0,0.0,0.0,0.0,72.76194287069283,0.0,0.0,5.487194282372918,0.0,13.64277905675755,0.0,37.44088457298333,0.0,0.0,37.51116020140203,57.4691171314547,0.0,0.0,0.0
4000.0,0.0,0.0,0.0,0.0,0.0,0.0,11.028038439171038,0.0,0.0,0.0,0.0,0.0,0.0,66.94098744103741,0.0,0.0,4.5726619019774315,0.0,10.232084292568162,0.0,37.96822097541971,0.0,0.0,37.51116020140203,57.4691171314547,0.0,0.0,0.0
4010.0,0.0,0.0,0.0,0.0,0.0,0.0,10.060666646261298,0.0,0.0,0.0,0.0,0.0,0.0,75.67242058552054,0.0,0.0,2.743597141186459,0.0,11.937431674662857,0.0,37.96822097541971,0.0,0.0,37.51116020140203,57.4691171314547,0.0,0.0,0.0
4020.0,0.0,0.0,0.0,0.0,0.0,0.0,9.480243570515453,0.0,0.0,0.0,0.0,0.0,0.0,81.49337601517597,0.0,0.0,1.8290647607909727,0.0,11.937431674662857,0.0,37.96822097541971,0.0,0.0,37.51116020140203,57.4691171314547,0.0,0.0,0.0
4030.0,0.0,0.0,0.0,0.0,0.0,0.0,9.286769211933505,0.0,0.0,0.0,0.0,0.0,0.0,75.67242058552054,0.0,0.0,1.3717985705932294,0.0,11.937431674662857,0.0,36.913548170546946,0.0,0.0,37.51116020140203,57.4691171314547,0.0,0.0,0.0
4040.0,0.0,0.0,0.0,0.0,0.0,0.0,8.89982049476961,0.0,0.0,0.0,0.0,0.0,0.0,75.67242058552054,0.0,0.0,0.0,0.0,10.232084292568162,0.0,38.4955573778561,0.0,0.0,37.51116020140203,57.4691171314547,0.0,0.0,0.0
4050.0,0.0,0.0,0.0,0.0,0.0,0.0,8.319397419023765,0.0,0.0,0.0,0.0,0.0,0.0,78.58289830034826,0.0,0.0,0.0,0.0,3.4106947641893877,0.0,39.55023018272887,0.0,0.0,37.51116020140203,57.4691171314547,0.0,0.0,0.0
4060.0,0.0,0.0,0.0,0.0,0.0,0.0,7.93244870185987,0.0,0.0,0.0,0.0,0.0,0.0,75.67242058552054,0.0,0.0,0.0,0.0,3.4106947641893877,0.0,37.44088457298333,0.0,0.0,37.51116020140203,57.4691171314547,0.0,0.0,0.0
4070.0,0.0,0.0,0.0,0.0,0.0,0.0,7.352025626114026,0.0,0.0,0.0,0.0,0.0,0.0,72.76194287069283,0.0,0.0,0.0,0.0,0.0,0.0,37.96822097541971,0.0,0.0,37.51116020140203,57.4691171314547,0.0,0.0,0.0
4080.0,0.0,0.0,0.0,0.0,0.0,0.0,6.965076908950129,0.0,0.0,0.0,0.0,0.0,0.0,72.76194287069283,0.0,0.0,0.0,0.0,0.0,0.0,36.386211768110556,0.0,0.0,37.51116020140203,57.4691171314547,0.0,0.0,0.0
4090.0,0.0,0.0,0.0,0.0,0.0,0.0,6.5781281917862335,0.0,0.0,0.0,0.0,0.0,0.0,72.76194287069283,0.0,0.0,0.0,0.0,0.0,0.0,34.80420256080141,0.0,0.0,37.51116020140203,57.4691171314547,0.0,0.0,0.0
4100.0,0.0,0.0,0.0,0.0,0.0,0.0,5.804230757458441,0.0,0.0,0.0,0.0,0.0,0.0,78.58289830034826,0.0,0.0,0.0,0.0,0.0,0.0,33.749529755928634,0.0,0.0,37.51116020140203,57.4691171314547,0.0,0.0,0.0
4110.0,0.0,0.0,0.0,0.0,0.0,0.0,5.417282040294545,0.0,0.0,0.0,0.0,0.0,0.0,75.67242058552054,0.0,0.0,0.0,0.0,0.0,0.0,33.22219335349225,0.0,0.0,37.51116020140203,57.4691171314547,0.0,0.0,0.0
4120.0,0.0,0.0,0.0,0.0,0.0,0.0,5.030333323130649,0.0,0.0,0.0,0.0,0.0,0.0,75.67242058552054,0.0,0.0,0.0,0.0,0.0,0.0,32.16752054861948,0.0,0.0,37.51116020140203,57.4691171314547,0.0,0.0,0.0
4130.0,0.0,0.0,0.0,0.0,0.0,0.0,4.449910247384805,0.0,0.0,0.0,0.0,0.0,0.0,75.67242058552054,0.0,0.0,0.0,0.0,0.0,0.0,31.11284774374671,0.0,0.0,37.51116020140203,57.4691171314547,0.0,0.0,0.0
4140.0,0.0,0.0,0.0,0.0,0.0,0.0,4.062961530220909,0.0,0.0,0.0,0.0,0.0,0.0,75.67242058552054,0.0,0.0,0.0,0.0,0.0,0.0,30.05817493887394,0.0,0.0,37.51116020140203,57.4691171314547,0.0,0.0,0.0
4150.0,0.0,0.0,0.0,0.0,0.0,0.0,3.676012813057013,0.0,0.0,0.0,0.0,0.0,0.0,72.76194287069283,0.0,0.0,0.0,0.0,0.0,0.0,27.9488293291284,0.0,0.0,37.51116020140203,57.4691171314547,0.0,0.0,0.0
4160.0,0.0,0.0,0.0,0.0,0.0,0.0,3.2890640958931168,0.0,0.0,0.0,0.0,0.0,0.0,69.85146515586511,0.0,0.0,0.0,0.0,0.0,0.0,26.89415652425563,0.0,0.0,37.51116020140203,57.4691171314547,0.0,0.0,0.0
4170.0,0.0,0.0,0.0,0.0,0.0,0.0,2.7086410201472724,0.0,0.0,0.0,0.0,0.0,0.0,69.85146515586511,0.0,0.0,0.0,0.0,0.0,0.0,24.78481091451009,0.0,0.0,37.51116020140203,57.4691171314547,0.0,0.0,0.0
4180.0,0.0,0.0,0.0,0.0,0.0,0.0,2.1282179444014284,0.0,0.0,0.0,0.0,0.0,0.0,69.85146515586511,0.0,0.0,0.0,0.0,0.0,0.0,23.73013810963732,0.0,0.0,37.51116020140203,57.4691171314547,0.0,0.0,0.0
4190.0,0.0,0.0,0.0,0.0,0.0,0.0,1.5477948686555842,0.0,0.0,0.0,0.0,0.0,0.0,75.67242058552054,0.0,0.0,0.0,0.0,0.0,0.0,23.202801707200937,0.0,0.0,37.51116020140203,57.4691171314547,0.0,0.0,0.0
4200.0,0.0,0.0,0.0,0.0,0.0,0.0,0.7738974343277921,0.0,0.0,0.0,0.0,0.0,0.0,78.58289830034826,0.0,0.0,0.0,0.0,0.0,0.0,21.093456097455395,0.0,0.0,37.51116020140203,57.4691171314547,0.0,0.0,0.0
4210.0,0.0,0.0,0.0,0.0,0.0,0.0,0.5804230757458441,0.0,0.0,0.0,0.0,0.0,0.0,75.67242058552054,0.0,0.0,0.0,0.0,0.0,0.0,19.511446890146242,0.0,0.0,37.51116020140203,57.4691171314547,0.0,0.0,0.0
4220.0,0.0,0.0,0.0,0.0,0.0,0.0,0.0,0.0,0.0,0.0,0.0,0.0,0.0,84.40385373000369,0.0,0.0,0.0,0.0,0.0,0.0,18.456774085273473,0.0,0.0,37.51116020140203,57.4691171314547,0.0,0.0,0.0
4230.0,0.0,0.0,0.0,0.0,0.0,0.0,0.0,0.0,0.0,0.0,0.0,0.0,0.0,81.49337601517597,0.0,0.0,0.0,0.0,0.0,0.0,18.984110487709856,0.0,0.0,37.51116020140203,57.4691171314547,0.0,0.0,0.0
4240.0,0.0,0.0,0.0,0.0,0.0,0.0,0.0,0.0,0.0,0.0,0.0,0.0,0.0,75.67242058552054,0.0,0.0,0.0,0.0,0.0,0.0,18.456774085273473,0.0,0.0,34.68012924280565,57.4691171314547,0.0,0.0,0.0
4250.0,0.0,0.0,0.0,0.0,0.0,0.0,0.0,0.0,0.0,0.0,0.0,0.0,0.0,64.0305097262097,0.0,0.0,0.0,0.0,0.0,0.0,18.456774085273473,0.0,0.0,35.38788698245474,54.21614823722142,0.0,0.0,0.0
4260.0,0.0,0.0,0.0,0.0,0.0,0.0,0.0,0.0,0.0,0.0,0.0,0.0,0.0,58.209554296554266,0.0,0.0,0.0,0.0,0.0,0.0,18.984110487709856,0.0,0.0,35.38788698245474,52.047502307732564,0.0,0.0,0.0
4270.0,0.0,0.0,0.0,0.0,0.0,0.0,0.0,0.0,0.0,0.0,0.0,0.0,0.0,52.38859886689884,0.0,0.0,0.0,0.0,0.0,0.0,18.456774085273473,0.0,0.0,32.55685602385836,53.13182527247699,0.0,0.5760435061678969,0.0
4280.0,0.0,0.0,0.0,0.0,0.0,0.0,0.0,0.0,0.0,0.0,0.0,0.0,0.0,46.56764343724341,0.0,0.0,0.0,0.0,0.0,0.0,17.929437682837086,0.0,0.0,32.55685602385836,52.047502307732564,0.0,1.4401087654197422,0.0
4290.0,0.0,0.0,0.0,0.0,0.0,0.0,0.0,0.0,0.0,0.0,0.0,0.0,0.0,37.83621029276027,0.0,0.0,0.0,0.0,0.0,0.0,17.929437682837086,0.0,0.0,32.55685602385836,52.047502307732564,0.0,2.016152271587639,0.0
4300.0,0.0,0.0,0.0,0.0,0.0,0.0,0.0,0.0,0.0,0.0,0.0,0.0,0.0,29.104777148277133,0.0,0.0,0.0,0.0,0.0,0.0,18.984110487709856,0.0,0.0,31.849098284209266,49.878856378243704,0.0,2.5921957777555362,0.0
4310.0,0.0,0.0,0.0,0.0,0.0,0.0,0.0,0.0,0.0,0.0,0.0,0.0,0.0,23.283821718621706,0.0,0.0,0.0,0.0,0.0,0.0,19.511446890146242,0.0,0.0,29.725825065261983,49.878856378243704,0.0,2.3041740246715876,0.0
4320.0,0.0,0.0,0.0,0.0,0.0,0.0,0.0,0.0,0.0,0.0,0.0,0.0,0.0,20.373344003793992,0.0,0.0,0.0,0.0,0.0,0.0,18.456774085273473,0.0,0.0,29.725825065261983,48.79453341349927,0.0,2.3041740246715876,0.0
4330.0,0.0,0.0,0.0,0.0,0.0,0.0,0.0,0.0,0.0,0.0,0.0,0.0,0.0,11.641910859310853,0.0,0.0,0.0,0.0,0.0,0.0,19.511446890146242,0.0,0.0,29.725825065261983,50.963179342988134,0.0,1.7281305185036908,0.0
4340.0,0.0,0.0,0.0,0.0,0.0,0.0,0.38694871716389606,0.0,0.0,0.0,0.0,0.0,0.0,5.8209554296554264,0.0,0.0,0.0,0.0,0.0,0.0,18.984110487709856,0.0,0.0,27.602551846314697,49.878856378243704,0.0,1.7281305185036908,0.0
4350.0,0.0,0.0,0.0,0.0,0.0,0.0,0.5804230757458441,0.0,0.0,0.0,0.0,0.0,0.0,0.0,0.0,0.0,0.0,0.0,0.0,0.0,19.511446890146242,0.0,0.0,24.771520887718317,50.963179342988134,0.0,2.016152271587639,0.0
4360.0,0.0,0.0,0.0,0.0,0.0,0.0,1.1608461514916881,0.0,0.0,0.0,0.0,0.0,0.0,0.0,0.0,0.0,0.0,0.0,0.0,0.0,18.984110487709856,0.0,0.0,24.771520887718317,49.878856378243704,0.0,2.3041740246715876,0.0
4370.0,0.0,0.0,0.0,0.0,0.0,0.0,1.5477948686555842,0.0,0.0,0.0,0.0,0.0,0.0,0.0,0.0,0.0,0.45726619019774317,0.0,0.0,0.0,18.984110487709856,0.0,0.0,25.479278627367414,50.963179342988134,0.0,2.5921957777555362,0.0
4380.0,0.0,0.0,0.0,0.0,0.0,0.0,2.1282179444014284,0.0,0.0,0.0,0.0,0.0,0.0,0.0,0.0,0.0,0.45726619019774317,0.0,0.0,0.0,18.456774085273473,0.0,0.0,24.063763148069224,47.71021044875485,0.0,2.8802175308394844,0.0
4390.0,0.0,0.0,0.0,0.0,0.0,0.0,2.5151666615653245,0.0,0.0,0.0,0.0,0.0,0.0,0.0,0.0,0.0,0.0,0.0,0.0,0.0,19.511446890146242,0.0,0.0,23.356005408420128,49.878856378243704,0.0,2.5921957777555362,0.0
4400.0,0.0,0.0,0.0,0.0,0.0,0.0,2.5151666615653245,0.0,0.0,0.0,0.0,0.0,0.0,2.9104777148277132,0.0,0.0,0.0,0.0,0.0,0.0,19.511446890146242,0.0,0.0,21.940489929121938,48.79453341349927,0.0,2.5921957777555362,0.0
4410.0,0.0,0.0,0.0,0.0,0.0,0.0,2.5151666615653245,0.0,0.0,0.0,0.0,0.0,0.0,5.8209554296554264,0.0,0.0,0.0,0.0,0.0,0.0,18.456774085273473,0.0,0.0,24.063763148069224,47.71021044875485,0.0,2.3041740246715876,0.0
4420.0,0.0,0.0,0.0,0.0,0.0,0.0,2.7086410201472724,0.0,0.0,0.0,0.0,0.0,0.0,11.641910859310853,0.0,0.0,0.45726619019774317,0.0,0.0,0.0,18.984110487709856,0.0,0.0,23.356005408420128,49.878856378243704,0.0,1.7281305185036908,0.0
4430.0,0.0,0.0,0.0,0.0,0.0,0.0,2.3216923029833763,0.0,0.0,0.0,0.0,0.0,0.0,14.552388574138567,0.0,0.0,0.0,0.0,0.0,0.0,17.929437682837086,0.0,0.0,23.356005408420128,49.878856378243704,0.0,1.4401087654197422,0.0
4440.0,0.0,0.0,0.0,0.0,0.0,0.0,2.1282179444014284,0.0,0.0,0.0,0.0,0.0,0.0,17.46286628896628,0.0,0.0,0.0,0.0,0.0,0.0,18.456774085273473,0.0,0.0,21.940489929121938,52.047502307732564,0.0,1.4401087654197422,0.0
4450.0,0.0,0.0,0.0,0.0,0.0,0.0,2.5151666615653245,0.0,0.0,0.0,0.0,0.0,0.0,17.46286628896628,0.0,0.0,0.0,0.0,0.0,0.0,18.456774085273473,0.0,0.0,21.232732189472845,52.047502307732564,0.0,1.7281305185036908,0.0
4460.0,0.0,0.0,0.0,0.0,0.0,0.0,2.7086410201472724,0.0,0.0,0.0,0.0,0.0,0.0,17.46286628896628,0.0,0.0,0.0,0.0,0.0,0.0,19.511446890146242,0.0,0.0,22.648247668771035,52.047502307732564,0.0,2.016152271587639,0.0
4470.0,0.0,0.0,0.0,0.0,0.0,0.0,2.9021153787292207,0.0,0.0,0.0,0.0,0.0,0.0,14.552388574138567,0.0,0.0,0.0,0.0,0.0,0.0,18.456774085273473,0.0,0.0,22.648247668771035,50.963179342988134,0.0,2.016152271587639,0.0
4480.0,0.0,0.0,0.0,0.0,0.0,0.0,2.9021153787292207,0.0,0.0,0.0,0.0,0.0,0.0,11.641910859310853,0.0,0.0,0.0,0.0,0.0,0.0,18.456774085273473,0.0,0.0,21.940489929121938,53.13182527247699,0.0,1.7281305185036908,0.0
4490.0,0.0,0.0,0.0,0.0,0.0,0.0,2.9021153787292207,0.0,0.0,0.0,0.0,0.0,0.0,11.641910859310853,0.0,0.0,0.0,0.0,0.0,0.0,18.456774085273473,0.0,0.0,21.940489929121938,53.13182527247699,0.0,2.016152271587639,0.0
4500.0,0.0,0.0,0.0,0.0,0.0,0.0,2.9021153787292207,0.0,0.0,0.0,0.0,0.0,0.0,11.641910859310853,0.0,0.0,0.0,0.0,0.0,0.0,18.456774085273473,0.0,0.0,21.232732189472845,50.963179342988134,0.0,2.3041740246715876,0.0
4510.0,0.0,0.0,0.0,0.0,0.0,0.0,2.9021153787292207,0.0,0.0,0.0,0.0,0.0,0.0,11.641910859310853,0.0,0.0,0.0,0.0,0.0,0.0,18.456774085273473,0.0,0.0,21.232732189472845,50.963179342988134,0.0,2.5921957777555362,0.0
4520.0,0.0,0.0,0.0,0.0,0.0,0.0,2.9021153787292207,0.0,0.0,0.0,0.0,0.0,0.0,14.552388574138567,0.0,0.0,0.0,0.0,0.0,0.0,18.984110487709856,0.0,0.0,22.648247668771035,49.878856378243704,0.0,2.8802175308394844,0.0
4530.0,0.0,0.0,0.0,0.0,0.0,0.0,2.5151666615653245,0.0,0.0,0.0,0.0,0.0,0.0,17.46286628896628,0.0,0.0,0.0,0.0,0.0,0.0,17.402101280400704,0.0,0.0,22.648247668771035,50.963179342988134,0.0,2.5921957777555362,0.0
4540.0,0.0,0.0,0.0,0.0,0.0,0.0,2.1282179444014284,0.0,0.0,0.0,0.0,0.0,0.0,26.19429943344942,0.0,0.0,0.0,0.0,0.0,0.0,16.874764877964317,0.0,0.0,22.648247668771035,50.963179342988134,0.0,2.3041740246715876,0.0
4550.0,0.0,0.0,0.0,0.0,0.0,0.0,2.1282179444014284,0.0,0.0,0.0,0.0,0.0,0.0,23.283821718621706,0.0,0.0,0.0,0.0,0.0,0.0,17.929437682837086,0.0,0.0,23.356005408420128,49.878856378243704,0.0,2.016152271587639,0.0
4560.0,0.0,0.0,0.0,0.0,0.0,0.0,2.3216923029833763,0.0,0.0,0.0,0.0,0.0,0.0,20.373344003793992,0.0,0.0,0.0,0.0,0.0,0.0,16.874764877964317,0.0,0.0,24.063763148069224,49.878856378243704,0.0,1.4401087654197422,0.0
4570.0,0.0,0.0,0.0,0.0,0.0,0.0,2.3216923029833763,0.0,0.0,0.0,0.0,0.0,0.0,14.552388574138567,0.0,0.0,0.0,0.0,0.0,0.0,17.402101280400704,0.0,0.0,23.356005408420128,52.047502307732564,0.0,1.1520870123357938,0.0
4580.0,0.0,0.0,0.0,0.0,0.0,0.0,2.7086410201472724,0.0,0.0,0.0,0.0,0.0,0.0,11.641910859310853,0.0,0.0,0.0,0.0,0.0,0.0,16.34742847552793,0.0,0.0,21.940489929121938,52.047502307732564,0.0,1.4401087654197422,0.0
4590.0,0.0,0.0,0.0,0.0,0.0,0.0,2.7086410201472724,0.0,0.0,0.0,0.0,0.0,0.0,14.552388574138567,0.0,0.0,0.45726619019774317,0.0,0.0,0.0,16.874764877964317,0.0,0.0,21.232732189472845,53.13182527247699,0.0,1.4401087654197422,0.0
4600.0,0.0,0.0,0.0,0.0,0.0,0.0,2.7086410201472724,0.0,0.0,0.0,0.0,0.0,0.0,14.552388574138567,0.0,0.0,0.0,0.0,0.0,0.0,16.874764877964317,0.0,0.0,22.648247668771035,52.047502307732564,0.0,2.016152271587639,0.0
4610.0,0.0,0.0,0.0,0.0,0.0,0.0,2.9021153787292207,0.0,0.0,0.0,0.0,0.0,0.0,14.552388574138567,0.0,0.0,0.0,0.0,0.0,0.0,15.292755670655163,0.0,0.0,23.356005408420128,50.963179342988134,0.0,2.016152271587639,0.0
4620.0,0.0,0.0,0.0,0.0,0.0,0.0,2.9021153787292207,0.0,0.0,0.0,0.0,0.0,0.0,11.641910859310853,0.0,0.0,0.0,0.0,0.0,0.0,15.292755670655163,0.0,0.0,22.648247668771035,52.047502307732564,0.0,2.3041740246715876,0.0
4630.0,0.0,0.0,0.0,0.0,0.0,0.0,2.7086410201472724,0.0,0.0,0.0,0.0,0.0,0.0,11.641910859310853,0.0,0.0,0.0,0.0,0.0,0.0,15.292755670655163,0.0,0.0,23.356005408420128,53.13182527247699,0.0,2.016152271587639,0.0
4640.0,0.0,0.0,0.0,0.0,0.0,0.0,2.3216923029833763,0.0,0.0,0.0,0.0,0.0,0.0,17.46286628896628,0.0,0.0,0.0,0.0,0.0,0.0,15.292755670655163,0.0,0.0,24.063763148069224,50.963179342988134,0.0,1.7281305185036908,0.0
4650.0,0.0,0.0,0.0,0.0,0.0,0.0,2.1282179444014284,0.0,0.0,0.0,0.0,0.0,0.0,17.46286628896628,0.0,0.0,0.0,0.0,0.0,0.0,14.238082865782392,0.0,0.0,23.356005408420128,50.963179342988134,0.0,1.7281305185036908,0.0
4660.0,0.0,0.0,0.0,0.0,0.0,0.0,2.1282179444014284,0.0,0.0,0.0,0.0,0.0,0.0,17.46286628896628,0.0,0.0,0.0,0.0,0.0,0.0,13.710746463346007,0.0,0.0,21.940489929121938,50.963179342988134,0.0,1.7281305185036908,0.0
4670.0,0.0,0.0,0.0,0.0,0.0,0.0,2.1282179444014284,0.0,0.0,0.0,0.0,0.0,0.0,17.46286628896628,0.0,0.0,0.0,0.0,0.0,0.0,13.710746463346007,0.0,0.0,22.648247668771035,49.878856378243704,0.0,1.7281305185036908,0.0
4680.0,0.0,0.0,0.0,0.0,0.0,0.0,1.9347435858194804,0.0,0.0,0.0,0.0,0.0,0.0,20.373344003793992,0.0,0.0,0.0,0.0,0.0,0.0,13.183410060909623,0.0,0.0,21.940489929121938,54.21614823722142,0.0,1.7281305185036908,0.0
4690.0,0.0,0.0,0.0,0.0,0.0,0.0,2.1282179444014284,0.0,0.0,0.0,0.0,0.0,0.0,14.552388574138567,0.0,0.0,0.0,0.0,0.0,0.0,13.183410060909623,0.0,0.0,22.648247668771035,50.963179342988134,0.0,2.3041740246715876,0.0
4700.0,0.0,0.0,0.0,0.0,0.0,0.0,2.1282179444014284,0.0,0.0,0.0,0.0,0.0,0.0,14.552388574138567,0.0,0.0,0.0,0.0,0.0,0.0,12.656073658473238,0.0,0.0,24.063763148069224,52.047502307732564,0.0,1.7281305185036908,0.0
4710.0,0.0,0.0,0.0,0.0,0.0,0.0,2.3216923029833763,0.0,0.0,0.0,0.0,0.0,0.0,14.552388574138567,0.0,0.0,0.0,0.0,0.0,0.0,12.128737256036853,0.0,0.0,23.356005408420128,54.21614823722142,0.0,1.7281305185036908,0.0
4720.0,0.0,0.0,0.0,0.0,0.0,0.0,2.3216923029833763,0.0,0.0,0.0,0.0,0.0,0.0,11.641910859310853,0.0,0.0,0.0,0.0,0.0,0.0,12.128737256036853,0.0,0.0,21.232732189472845,53.13182527247699,0.0,1.7281305185036908,0.0
4730.0,0.0,0.0,0.0,0.0,0.0,0.0,2.1282179444014284,0.0,0.0,0.0,0.0,0.0,0.0,11.641910859310853,0.0,0.0,0.0,0.0,0.0,0.0,11.074064451164084,0.0,0.0,21.940489929121938,52.047502307732564,0.0,2.016152271587639,0.0
4740.0,0.0,0.0,0.0,0.0,0.0,0.0,2.1282179444014284,0.0,0.0,0.0,0.0,0.0,0.0,14.552388574138567,0.0,0.0,0.0,0.0,0.0,0.0,10.019391646291313,0.0,0.0,22.648247668771035,50.963179342988134,0.0,2.016152271587639,0.0
4750.0,0.0,0.0,0.0,0.0,0.0,0.0,2.1282179444014284,0.0,0.0,0.0,0.0,0.0,0.0,14.552388574138567,0.0,0.0,0.0,0.0,0.0,0.0,9.492055243854928,0.0,0.0,21.940489929121938,52.047502307732564,0.0,2.016152271587639,0.0
4760.0,0.0,0.0,0.0,0.0,0.0,0.0,2.1282179444014284,0.0,0.0,0.0,0.0,0.0,0.0,17.46286628896628,0.0,0.0,0.0,0.0,0.0,0.0,9.492055243854928,0.0,0.0,22.648247668771035,49.878856378243704,0.0,2.016152271587639,0.0
4770.0,0.0,0.0,0.0,0.0,0.0,0.0,1.9347435858194804,0.0,0.0,0.0,0.0,0.0,0.0,17.46286628896628,0.0,0.0,0.0,0.0,0.0,0.0,9.492055243854928,0.0,0.0,23.356005408420128,50.963179342988134,0.0,1.1520870123357938,0.0
4780.0,0.0,0.0,0.0,0.0,0.0,0.0,2.1282179444014284,0.0,0.0,0.0,0.0,0.0,0.0,14.552388574138567,0.0,0.0,0.0,0.0,0.0,0.0,8.964718841418543,0.0,0.0,23.356005408420128,50.963179342988134,0.0,1.1520870123357938,0.0
4790.0,0.0,0.0,0.0,0.0,0.0,0.0,2.1282179444014284,0.0,0.0,0.0,0.0,0.0,0.0,11.641910859310853,0.0,0.0,0.0,0.0,0.0,0.0,9.492055243854928,0.0,0.0,22.648247668771035,52.047502307732564,0.0,0.8640652592518454,0.0
4800.0,0.0,0.0,0.0,0.0,0.0,0.0,2.1282179444014284,0.0,0.0,0.0,0.0,0.0,0.0,11.641910859310853,0.0,0.0,0.0,0.0,0.0,0.0,10.019391646291313,0.0,0.0,22.648247668771035,52.047502307732564,0.0,1.1520870123357938,0.0
4810.0,0.0,0.0,0.0,0.0,0.0,0.0,2.3216923029833763,0.0,0.0,0.0,0.0,0.0,0.0,8.73143314448314,0.0,0.0,0.0,0.0,0.0,0.0,8.964718841418543,0.0,0.0,22.648247668771035,52.047502307732564,0.0,1.4401087654197422,0.0
4820.0,0.0,0.0,0.0,0.0,0.0,0.0,2.3216923029833763,0.0,0.0,0.0,0.0,0.0,0.0,11.641910859310853,0.0,0.0,0.0,0.0,0.0,0.0,10.019391646291313,0.0,0.0,21.940489929121938,53.13182527247699,0.0,1.7281305185036908,0.0
4830.0,0.0,0.0,0.0,0.0,0.0,0.0,2.3216923029833763,0.0,0.0,0.0,0.0,0.0,0.0,14.552388574138567,0.0,0.0,0.0,0.0,0.0,0.0,8.964718841418543,0.0,0.0,21.232732189472845,54.21614823722142,0.0,2.016152271587639,0.0
4840.0,0.0,0.0,0.0,0.0,0.0,0.0,1.9347435858194804,0.0,0.0,0.0,0.0,0.0,0.0,14.552388574138567,0.0,0.0,0.0,0.0,0.0,0.0,8.437382438982159,0.0,0.0,21.940489929121938,54.21614823722142,0.0,1.4401087654197422,0.0
4850.0,0.0,0.0,0.0,0.0,0.0,0.0,1.9347435858194804,0.0,0.0,0.0,0.0,0.0,0.0,11.641910859310853,0.0,0.0,0.0,0.0,0.0,0.0,7.910046036545774,0.0,0.0,22.648247668771035,53.13182527247699,0.0,1.7281305185036908,0.0
4860.0,0.0,0.0,0.0,0.0,0.0,0.0,1.7412692272375323,0.0,0.0,0.0,0.0,0.0,0.0,14.552388574138567,0.0,0.0,0.0,0.0,0.0,0.0,7.910046036545774,0.0,0.0,22.648247668771035,53.13182527247699,0.0,1.7281305185036908,0.0
4870.0,0.0,0.0,0.0,0.0,0.0,0.0,1.5477948686555842,0.0,0.0,0.0,0.0,0.0,0.0,14.552388574138567,0.0,0.0,0.0,0.0,0.0,0.0,6.328036829236619,0.0,0.0,23.356005408420128,52.047502307732564,0.0,1.7281305185036908,0.0
4880.0,0.0,0.0,0.0,0.0,0.0,0.0,1.5477948686555842,0.0,0.0,0.0,0.0,0.0,0.0,14.552388574138567,0.0,0.0,0.0,0.0,0.0,0.0,6.855373231673004,0.0,0.0,22.648247668771035,53.13182527247699,0.0,1.4401087654197422,0.0
4890.0,0.0,0.0,0.0,0.0,0.0,0.0,1.7412692272375323,0.0,0.0,0.0,0.0,0.0,0.0,11.641910859310853,0.0,0.0,0.0,0.0,0.0,0.0,6.328036829236619,0.0,0.0,21.940489929121938,54.21614823722142,0.0,1.4401087654197422,0.0
4900.0,0.0,0.0,0.0,0.0,0.0,0.0,1.7412692272375323,0.0,0.0,0.0,0.0,0.0,0.0,11.641910859310853,0.0,0.0,0.0,0.0,0.0,0.0,6.328036829236619,0.0,0.0,21.232732189472845,53.13182527247699,0.0,1.4401087654197422,0.0
4910.0,0.0,0.0,0.0,0.0,0.0,0.0,1.7412692272375323,0.0,0.0,0.0,0.0,0.0,0.0,11.641910859310853,0.0,0.0,0.0,0.0,0.0,0.0,6.855373231673004,0.0,0.0,20.52497444982375,54.21614823722142,0.0,1.7281305185036908,0.0
4920.0,0.0,0.0,0.0,0.0,0.0,0.0,1.9347435858194804,0.0,0.0,0.0,0.0,0.0,0.0,5.8209554296554264,0.0,0.0,0.0,0.0,0.0,0.0,7.382709634109388,0.0,0.0,21.232732189472845,50.963179342988134,0.0,2.016152271587639,0.0
4930.0,0.0,0.0,0.0,0.0,0.0,0.0,2.1282179444014284,0.0,0.0,0.0,0.0,0.0,0.0,5.8209554296554264,0.0,0.0,0.0,0.0,0.0,0.0,6.328036829236619,0.0,0.0,22.648247668771035,50.963179342988134,0.0,2.3041740246715876,0.0
4940.0,0.0,0.0,0.0,0.0,0.0,0.0,1.9347435858194804,0.0,0.0,0.0,0.0,0.0,0.0,8.73143314448314,0.0,0.0,0.0,0.0,0.0,0.0,5.273364024363849,0.0,0.0,22.648247668771035,50.963179342988134,0.0,1.7281305185036908,0.0
4950.0,0.0,0.0,0.0,0.0,0.0,0.0,1.9347435858194804,0.0,0.0,0.0,0.0,0.0,0.0,11.641910859310853,0.0,0.0,0.0,0.0,0.0,0.0,5.273364024363849,0.0,0.0,21.940489929121938,52.047502307732564,0.0,1.4401087654197422,0.0
4960.0,0.0,0.0,0.0,0.0,0.0,0.0,1.7412692272375323,0.0,0.0,0.0,0.0,0.0,0.0,14.552388574138567,0.0,0.0,0.0,0.0,0.0,0.0,4.746027621927464,0.0,0.0,21.940489929121938,52.047502307732564,0.0,1.1520870123357938,0.0
4970.0,0.0,0.0,0.0,0.0,0.0,0.0,1.7412692272375323,0.0,0.0,0.0,0.0,0.0,0.0,11.641910859310853,0.0,0.0,0.0,0.0,0.0,0.0,4.746027621927464,0.0,0.0,21.940489929121938,49.878856378243704,0.0,1.4401087654197422,0.0
4980.0,0.0,0.0,0.0,0.0,0.0,0.0,1.9347435858194804,0.0,0.0,0.0,0.0,0.0,0.0,11.641910859310853,0.0,0.0,0.0,0.0,0.0,0.0,3.691354817054694,0.0,0.0,22.648247668771035,52.047502307732564,0.0,1.4401087654197422,0.0
4990.0,0.0,0.0,0.0,0.0,0.0,0.0,1.9347435858194804,0.0,0.0,0.0,0.0,0.0,0.0,11.641910859310853,0.0,0.0,0.0,0.0,0.0,0.0,3.691354817054694,0.0,0.0,21.232732189472845,54.21614823722142,0.0,1.4401087654197422,0.0
5000.0,0.0,0.0,0.0,0.0,0.0,0.0,2.1282179444014284,0.0,0.0,0.0,0.0,0.0,0.0,11.641910859310853,0.0,0.0,0.0,0.0,0.0,0.0,4.218691219491079,0.0,0.0,19.817216710174655,53.13182527247699,0.0,2.016152271587639,0.0
5010.0,0.0,0.0,0.0,0.0,0.0,0.0,2.1282179444014284,0.0,0.0,0.0,0.0,0.0,0.0,11.641910859310853,0.0,0.0,0.0,0.0,0.0,0.0,4.218691219491079,0.0,0.0,21.232732189472845,53.13182527247699,0.0,1.7281305185036908,0.0
5020.0,0.0,0.0,0.0,0.0,0.0,0.0,1.9347435858194804,0.0,0.0,0.0,0.0,0.0,0.0,8.73143314448314,0.0,0.0,0.0,0.0,0.0,0.0,3.691354817054694,0.0,0.0,19.817216710174655,55.30047120196585,0.0,2.3041740246715876,0.0
5030.0,0.0,0.0,0.0,0.0,0.0,0.0,2.1282179444014284,0.0,0.0,0.0,0.0,0.0,0.0,11.641910859310853,0.0,0.0,0.0,0.0,0.0,0.0,2.1093456097455396,0.0,0.0,19.817216710174655,53.13182527247699,0.0,2.5921957777555362,0.0
5040.0,0.0,0.0,0.0,0.0,0.0,0.0,1.9347435858194804,0.0,0.0,0.0,0.0,0.0,0.0,11.641910859310853,0.0,0.0,0.0,0.0,0.0,0.0,2.1093456097455396,0.0,0.0,21.232732189472845,53.13182527247699,0.0,2.016152271587639,0.0
5050.0,0.0,0.0,0.0,0.0,0.0,0.0,1.9347435858194804,0.0,0.0,0.0,0.0,0.0,0.0,11.641910859310853,0.0,0.0,0.0,0.0,0.0,0.0,1.0546728048727698,0.0,0.0,21.940489929121938,50.963179342988134,0.0,2.016152271587639,0.0
5060.0,0.0,0.0,0.0,0.0,0.0,0.0,1.7412692272375323,0.0,0.0,0.0,0.0,0.0,0.0,14.552388574138567,0.0,0.0,0.0,0.0,0.0,0.0,1.0546728048727698,0.0,0.0,21.232732189472845,52.047502307732564,0.0,1.7281305185036908,0.0
5070.0,0.0,0.0,0.0,0.0,0.0,0.0,1.5477948686555842,0.0,0.0,0.0,0.0,0.0,0.0,17.46286628896628,0.0,0.0,0.0,0.0,0.0,0.0,2.1093456097455396,0.0,0.0,20.52497444982375,53.13182527247699,0.0,1.4401087654197422,0.0
5080.0,0.0,0.0,0.0,0.0,0.0,0.0,1.7412692272375323,0.0,0.0,0.0,0.0,0.0,0.0,14.552388574138567,0.0,0.0,0.45726619019774317,0.0,0.0,0.0,2.1093456097455396,0.0,0.0,19.817216710174655,52.047502307732564,0.0,1.7281305185036908,0.0
5090.0,0.0,0.0,0.0,0.0,0.0,0.0,2.1282179444014284,0.0,0.0,0.0,0.0,0.0,0.0,11.641910859310853,0.0,0.0,0.0,0.0,0.0,0.0,1.5820092073091547,0.0,0.0,20.52497444982375,50.963179342988134,0.0,2.016152271587639,0.0
5100.0,0.0,0.0,0.0,0.0,0.0,0.0,2.1282179444014284,0.0,0.0,0.0,0.0,0.0,0.0,8.73143314448314,0.0,0.0,0.0,0.0,0.0,0.0,1.0546728048727698,0.0,0.0,21.232732189472845,50.963179342988134,0.0,2.3041740246715876,0.0
5110.0,0.0,0.0,0.0,0.0,0.0,0.0,2.5151666615653245,0.0,0.0,0.0,0.0,0.0,0.0,8.73143314448314,0.0,0.0,0.0,0.0,0.0,0.0,1.5820092073091547,0.0,0.0,19.817216710174655,53.13182527247699,0.0,2.016152271587639,0.0
5120.0,0.0,0.0,0.0,0.0,0.0,0.0,2.3216923029833763,0.0,0.0,0.0,0.0,0.0,0.0,11.641910859310853,0.0,0.0,0.0,0.0,0.0,0.0,1.5820092073091547,0.0,0.0,18.401701230876466,53.13182527247699,0.0,2.016152271587639,0.0
5130.0,0.0,0.0,0.0,0.0,0.0,0.0,2.3216923029833763,0.0,0.0,0.0,0.0,0.0,0.0,8.73143314448314,0.0,0.0,0.0,0.0,0.0,0.0,2.1093456097455396,0.0,0.0,19.10945897052556,50.963179342988134,0.0,2.3041740246715876,0.0
5140.0,0.0,0.0,0.0,0.0,0.0,0.0,2.3216923029833763,0.0,0.0,0.0,0.0,0.0,0.0,11.641910859310853,0.0,0.0,0.0,0.0,0.0,0.0,1.5820092073091547,0.0,0.0,19.817216710174655,50.963179342988134,0.0,2.016152271587639,0.0
5150.0,0.0,0.0,0.0,0.0,0.0,0.0,2.3216923029833763,0.0,0.0,0.0,0.0,0.0,0.0,14.552388574138567,0.0,0.0,0.0,0.0,0.0,0.0,0.5273364024363849,0.0,0.0,19.817216710174655,53.13182527247699,0.0,2.3041740246715876,0.0
5160.0,0.0,0.0,0.0,0.0,0.0,0.0,2.3216923029833763,0.0,0.0,0.0,0.0,0.0,0.0,14.552388574138567,0.0,0.0,0.0,0.0,0.0,0.0,1.0546728048727698,0.0,0.0,18.401701230876466,54.21614823722142,0.0,2.016152271587639,0.0
5170.0,0.0,0.0,0.0,0.0,0.0,0.0,2.3216923029833763,0.0,0.0,0.0,0.0,0.0,0.0,14.552388574138567,0.0,0.0,0.0,0.0,0.0,0.0,1.5820092073091547,0.0,0.0,17.69394349122737,54.21614823722142,0.0,2.3041740246715876,0.0
5180.0,0.0,0.0,0.0,0.0,0.0,0.0,2.5151666615653245,0.0,0.0,0.0,0.0,0.0,0.0,14.552388574138567,0.0,0.0,0.0,0.0,0.0,0.0,1.5820092073091547,0.0,0.0,19.817216710174655,50.963179342988134,0.0,2.5921957777555362,0.0
5190.0,0.0,0.0,0.0,0.0,0.0,0.0,2.1282179444014284,0.0,0.0,0.0,0.0,0.0,0.0,17.46286628896628,0.0,0.0,0.0,0.0,0.0,0.0,0.5273364024363849,0.0,0.0,20.52497444982375,53.13182527247699,0.0,2.3041740246715876,0.0
5200.0,0.0,0.0,0.0,0.0,0.0,0.0,2.3216923029833763,0.0,0.0,0.0,0.0,0.0,0.0,14.552388574138567,0.0,0.0,0.0,0.0,0.0,0.0,0.5273364024363849,0.0,0.0,20.52497444982375,53.13182527247699,0.0,2.5921957777555362,0.0
5210.0,0.0,0.0,0.0,0.0,0.0,0.0,2.1282179444014284,0.0,0.0,0.0,0.0,0.0,0.0,14.552388574138567,0.0,0.0,0.0,0.0,0.0,0.0,1.5820092073091547,0.0,0.0,19.817216710174655,53.13182527247699,0.0,2.3041740246715876,0.0
5220.0,0.0,0.0,0.0,0.0,0.0,0.0,2.3216923029833763,0.0,0.0,0.0,0.0,0.0,0.0,11.641910859310853,0.0,0.0,0.0,0.0,0.0,0.0,2.1093456097455396,0.0,0.0,18.401701230876466,53.13182527247699,0.0,2.016152271587639,0.0
5230.0,0.0,0.0,0.0,0.0,0.0,0.0,2.3216923029833763,0.0,0.0,0.0,0.0,0.0,0.0,11.641910859310853,0.0,0.0,0.0,0.0,0.0,0.0,1.5820092073091547,0.0,0.0,18.401701230876466,53.13182527247699,0.0,2.5921957777555362,0.0
5240.0,0.0,0.0,0.0,0.0,0.0,0.0,2.1282179444014284,0.0,0.0,0.0,0.0,0.0,0.0,17.46286628896628,0.0,0.0,0.0,0.0,0.0,0.0,1.0546728048727698,0.0,0.0,19.10945897052556,53.13182527247699,0.0,2.5921957777555362,0.0
5250.0,0.0,0.0,0.0,0.0,0.0,0.0,2.3216923029833763,0.0,0.0,0.0,0.0,0.0,0.0,14.552388574138567,0.0,0.0,0.0,0.0,0.0,0.0,0.5273364024363849,0.0,0.0,19.817216710174655,50.963179342988134,0.0,2.5921957777555362,0.0
5260.0,0.0,0.0,0.0,0.0,0.0,0.0,2.5151666615653245,0.0,0.0,0.0,0.0,0.0,0.0,14.552388574138567,0.0,0.0,0.0,0.0,0.0,0.0,0.5273364024363849,0.0,0.0,19.817216710174655,52.047502307732564,0.0,2.5921957777555362,0.0
5270.0,0.0,0.0,0.0,0.0,0.0,0.0,2.3216923029833763,0.0,0.0,0.0,0.0,0.0,0.0,14.552388574138567,0.0,0.0,0.0,0.0,0.0,0.0,1.0546728048727698,0.0,0.0,19.10945897052556,53.13182527247699,0.0,2.3041740246715876,0.0
5280.0,0.0,0.0,0.0,0.0,0.0,0.0,2.5151666615653245,0.0,0.0,0.0,0.0,0.0,0.0,11.641910859310853,0.0,0.0,0.0,0.0,0.0,0.0,1.5820092073091547,0.0,0.0,19.817216710174655,53.13182527247699,0.0,2.3041740246715876,0.0
5290.0,0.0,0.0,0.0,0.0,0.0,0.0,2.9021153787292207,0.0,0.0,0.0,0.0,0.0,0.0,8.73143314448314,0.0,0.0,0.0,0.0,0.0,0.0,1.0546728048727698,0.0,0.0,20.52497444982375,54.21614823722142,0.0,1.7281305185036908,0.0
5300.0,0.0,0.0,0.0,0.0,0.0,0.0,2.7086410201472724,0.0,0.0,0.0,0.0,0.0,0.0,14.552388574138567,0.0,0.0,0.0,0.0,0.0,0.0,1.5820092073091547,0.0,0.0,21.232732189472845,53.13182527247699,0.0,1.4401087654197422,0.0
5310.0,0.0,0.0,0.0,0.0,0.0,0.0,2.7086410201472724,0.0,0.0,0.0,0.0,0.0,0.0,17.46286628896628,0.0,0.0,0.0,0.0,0.0,0.0,1.5820092073091547,0.0,0.0,21.940489929121938,52.047502307732564,0.0,1.1520870123357938,0.0
5320.0,0.0,0.0,0.0,0.0,0.0,0.0,2.5151666615653245,0.0,0.0,0.0,0.0,0.0,0.0,17.46286628896628,0.0,0.0,0.0,0.0,0.0,0.0,2.1093456097455396,0.0,0.0,21.232732189472845,52.047502307732564,0.0,0.5760435061678969,0.0
5330.0,0.0,0.0,0.0,0.0,0.0,0.0,2.9021153787292207,0.0,0.0,0.0,0.0,0.0,0.0,17.46286628896628,0.0,0.0,0.0,0.0,0.0,0.0,2.6366820121819243,0.0,0.0,21.940489929121938,49.878856378243704,0.0,1.1520870123357938,0.0
5340.0,0.0,0.0,0.0,0.0,0.0,0.0,2.9021153787292207,0.0,0.0,0.0,0.0,0.0,0.0,17.46286628896628,0.0,0.0,0.0,0.0,0.0,0.0,2.6366820121819243,0.0,0.0,21.940489929121938,48.79453341349927,0.0,1.1520870123357938,0.0
5350.0,0.0,0.0,0.0,0.0,0.0,0.0,3.0955897373111685,0.0,0.0,0.0,0.0,0.0,0.0,14.552388574138567,0.0,0.0,0.0,0.0,0.0,0.0,2.6366820121819243,0.0,0.0,21.232732189472845,50.963179342988134,0.0,0.8640652592518454,0.0
5360.0,0.0,0.0,0.0,0.0,0.0,0.0,2.7086410201472724,0.0,0.0,0.0,0.0,0.0,0.0,20.373344003793992,0.0,0.0,0.0,0.0,0.0,0.0,2.6366820121819243,0.0,0.0,19.817216710174655,52.047502307732564,0.0,1.1520870123357938,0.0
5370.0,0.0,0.0,0.0,0.0,0.0,0.0,2.3216923029833763,0.0,0.0,0.0,0.0,0.0,0.0,20.373344003793992,0.0,0.0,0.0,0.0,0.0,0.0,2.1093456097455396,0.0,0.0,19.10945897052556,52.047502307732564,0.0,1.4401087654197422,0.0
5380.0,0.0,0.0,0.0,0.0,0.0,0.0,2.3216923029833763,0.0,0.0,0.0,0.0,0.0,0.0,20.373344003793992,0.0,0.0,0.0,0.0,0.0,0.0,2.1093456097455396,0.0,0.0,19.10945897052556,53.13182527247699,0.0,1.4401087654197422,0.0
5390.0,0.0,0.0,0.0,0.0,0.0,0.0,1.9347435858194804,0.0,0.0,0.0,0.0,0.0,0.0,17.46286628896628,0.0,0.0,0.0,0.0,0.0,0.0,1.5820092073091547,0.0,0.0,19.10945897052556,50.963179342988134,0.0,1.7281305185036908,0.0
5400.0,0.0,0.0,0.0,0.0,0.0,0.0,1.9347435858194804,0.0,0.0,0.0,0.0,0.0,0.0,14.552388574138567,0.0,0.0,0.0,0.0,0.0,0.0,1.5820092073091547,0.0,0.0,19.817216710174655,52.047502307732564,0.0,1.1520870123357938,0.0
5410.0,0.0,0.0,0.0,0.0,0.0,0.0,1.5477948686555842,0.0,0.0,0.0,0.0,0.0,0.0,17.46286628896628,0.0,0.0,0.0,0.0,0.0,0.0,1.5820092073091547,0.0,0.0,20.52497444982375,54.21614823722142,0.0,0.8640652592518454,0.0
5420.0,0.0,0.0,0.0,0.0,0.0,0.0,0.9673717929097402,0.0,0.0,0.0,0.0,0.0,0.0,23.283821718621706,0.0,0.0,0.0,0.0,0.0,0.0,1.5820092073091547,0.0,0.0,19.817216710174655,53.13182527247699,0.0,0.8640652592518454,0.0
5430.0,0.0,0.0,0.0,0.0,0.0,0.0,1.3543205100736362,0.0,0.0,0.0,0.0,0.0,0.0,17.46286628896628,0.0,0.0,0.0,0.0,0.0,0.0,2.1093456097455396,0.0,0.0,19.10945897052556,53.13182527247699,0.0,0.8640652592518454,0.0
5440.0,0.0,0.0,0.0,0.0,0.0,0.0,1.5477948686555842,0.0,0.0,0.0,0.0,0.0,0.0,11.641910859310853,0.0,0.0,0.0,0.0,0.0,0.0,2.6366820121819243,0.0,0.0,19.10945897052556,52.047502307732564,0.0,1.4401087654197422,0.0
5450.0,0.0,0.0,0.0,0.0,0.0,0.0,1.3543205100736362,0.0,0.0,0.0,0.0,0.0,0.0,5.8209554296554264,0.0,0.0,0.0,0.0,0.0,0.0,3.1640184146183095,0.0,0.0,19.817216710174655,49.878856378243704,0.0,1.7281305185036908,0.0
5460.0,0.0,0.0,0.0,0.0,0.0,0.0,1.5477948686555842,0.0,0.0,0.0,0.0,0.0,0.0,8.73143314448314,0.0,0.0,0.0,0.0,0.0,0.0,2.6366820121819243,0.0,0.0,20.52497444982375,52.047502307732564,0.0,1.7281305185036908,0.0
5470.0,0.0,0.0,0.0,0.0,0.0,0.0,1.3543205100736362,0.0,0.0,0.0,0.0,0.0,0.0,11.641910859310853,0.0,0.0,0.0,0.0,0.0,0.0,2.6366820121819243,0.0,0.0,20.52497444982375,50.963179342988134,0.0,1.4401087654197422,0.0
5480.0,0.0,0.0,0.0,0.0,0.0,0.0,1.3543205100736362,0.0,0.0,0.0,0.0,0.0,0.0,8.73143314448314,0.0,0.0,0.0,0.0,0.0,0.0,2.1093456097455396,0.0,0.0,19.10945897052556,55.30047120196585,0.0,1.1520870123357938,0.0
5490.0,0.0,0.0,0.0,0.0,0.0,0.0,1.3543205100736362,0.0,0.0,0.0,0.0,0.0,0.0,5.8209554296554264,0.0,0.0,0.0,0.0,0.0,0.0,2.1093456097455396,0.0,0.0,19.10945897052556,54.21614823722142,0.0,1.4401087654197422,0.0
5500.0,0.0,0.0,0.0,0.0,0.0,0.0,1.5477948686555842,0.0,0.0,0.0,0.0,0.0,0.0,5.8209554296554264,0.0,0.0,0.0,0.0,0.0,0.0,2.1093456097455396,0.0,0.0,19.817216710174655,53.13182527247699,0.0,1.7281305185036908,0.0
5510.0,0.0,0.0,0.0,0.0,0.0,0.0,1.5477948686555842,0.0,0.0,0.0,0.0,0.0,0.0,11.641910859310853,0.0,0.0,0.0,0.0,0.0,0.0,1.5820092073091547,0.0,0.0,19.817216710174655,52.047502307732564,0.0,1.7281305185036908,0.0
5520.0,0.0,0.0,0.0,0.0,0.0,0.0,1.5477948686555842,0.0,0.0,0.0,0.0,0.0,0.0,11.641910859310853,0.0,0.0,0.0,0.0,0.0,0.0,1.0546728048727698,0.0,0.0,20.52497444982375,52.047502307732564,0.0,1.7281305185036908,0.0
5530.0,0.0,0.0,0.0,0.0,0.0,0.0,1.3543205100736362,0.0,0.0,0.0,0.0,0.0,0.0,11.641910859310853,0.0,0.0,0.0,0.0,0.0,0.0,1.5820092073091547,0.0,0.0,21.232732189472845,49.878856378243704,0.0,1.7281305185036908,0.0
5540.0,0.0,0.0,0.0,0.0,0.0,0.0,1.7412692272375323,0.0,0.0,0.0,0.0,0.0,0.0,8.73143314448314,0.0,0.0,0.45726619019774317,0.0,0.0,0.0,2.1093456097455396,0.0,0.0,20.52497444982375,49.878856378243704,0.0,1.1520870123357938,0.0
5550.0,0.0,0.0,0.0,0.0,0.0,0.0,1.5477948686555842,0.0,0.0,0.0,0.0,0.0,0.0,5.8209554296554264,0.0,0.0,0.0,0.0,0.0,0.0,2.1093456097455396,0.0,0.0,19.817216710174655,52.047502307732564,0.0,0.8640652592518454,0.0
5560.0,0.0,0.0,0.0,0.0,0.0,0.0,1.7412692272375323,0.0,0.0,0.0,0.0,0.0,0.0,5.8209554296554264,0.0,0.0,0.0,0.0,0.0,0.0,2.6366820121819243,0.0,0.0,19.10945897052556,50.963179342988134,0.0,1.1520870123357938,0.0
5570.0,0.0,0.0,0.0,0.0,0.0,0.0,1.9347435858194804,0.0,0.0,0.0,0.0,0.0,0.0,8.73143314448314,0.0,0.0,0.0,0.0,0.0,0.0,2.1093456097455396,0.0,0.0,18.401701230876466,52.047502307732564,0.0,1.4401087654197422,0.0
5580.0,0.0,0.0,0.0,0.0,0.0,0.0,1.9347435858194804,0.0,0.0,0.0,0.0,0.0,0.0,11.641910859310853,0.0,0.0,0.0,0.0,0.0,0.0,1.5820092073091547,0.0,0.0,18.401701230876466,54.21614823722142,0.0,1.7281305185036908,0.0
5590.0,0.0,0.0,0.0,0.0,0.0,0.0,1.7412692272375323,0.0,0.0,0.0,0.0,0.0,0.0,14.552388574138567,0.0,0.0,0.0,0.0,0.0,0.0,1.5820092073091547,0.0,0.0,19.10945897052556,53.13182527247699,0.0,2.016152271587639,0.0
5600.0,0.0,0.0,0.0,0.0,0.0,0.0,1.7412692272375323,0.0,0.0,0.0,0.0,0.0,0.0,11.641910859310853,0.0,0.0,0.0,0.0,0.0,0.0,1.0546728048727698,0.0,0.0,19.10945897052556,52.047502307732564,0.0,2.016152271587639,0.0
5610.0,0.0,0.0,0.0,0.0,0.0,0.0,1.7412692272375323,0.0,0.0,0.0,0.0,0.0,0.0,8.73143314448314,0.0,0.0,0.0,0.0,0.0,0.0,0.5273364024363849,0.0,0.0,19.817216710174655,49.878856378243704,0.0,2.3041740246715876,0.0
5620.0,0.0,0.0,0.0,0.0,0.0,0.0,1.7412692272375323,0.0,0.0,0.0,0.0,0.0,0.0,8.73143314448314,0.0,0.0,0.0,0.0,0.0,0.0,1.5820092073091547,0.0,0.0,19.817216710174655,52.047502307732564,0.0,1.7281305185036908,0.0
5630.0,0.0,0.0,0.0,0.0,0.0,0.0,1.7412692272375323,0.0,0.0,0.0,0.0,0.0,0.0,11.641910859310853,0.0,0.0,0.0,0.0,0.0,0.0,1.0546728048727698,0.0,0.0,19.817216710174655,52.047502307732564,0.0,1.4401087654197422,0.0
5640.0,0.0,0.0,0.0,0.0,0.0,0.0,1.5477948686555842,0.0,0.0,0.0,0.0,0.0,0.0,14.552388574138567,0.0,0.0,0.0,0.0,0.0,0.0,2.1093456097455396,0.0,0.0,18.401701230876466,54.21614823722142,0.0,1.1520870123357938,0.0
5650.0,0.0,0.0,0.0,0.0,0.0,0.0,1.5477948686555842,0.0,0.0,0.0,0.0,0.0,0.0,14.552388574138567,0.0,0.0,0.0,0.0,0.0,0.0,1.5820092073091547,0.0,0.0,19.10945897052556,50.963179342988134,0.0,1.7281305185036908,0.0
5660.0,0.0,0.0,0.0,0.0,0.0,0.0,1.5477948686555842,0.0,0.0,0.0,0.0,0.0,0.0,14.552388574138567,0.0,0.0,0.0,0.0,0.0,0.0,1.5820092073091547,0.0,0.0,19.817216710174655,50.963179342988134,0.0,2.3041740246715876,0.0
5670.0,0.0,0.0,0.0,0.0,0.0,0.0,2.1282179444014284,0.0,0.0,0.0,0.0,0.0,0.0,11.641910859310853,0.0,0.0,0.0,0.0,0.0,0.0,1.5820092073091547,0.0,0.0,19.817216710174655,52.047502307732564,0.0,1.7281305185036908,0.0
5680.0,0.0,0.0,0.0,0.0,0.0,0.0,2.1282179444014284,0.0,0.0,0.0,0.0,0.0,0.0,8.73143314448314,0.0,0.0,0.0,0.0,0.0,0.0,1.0546728048727698,0.0,0.0,19.817216710174655,52.047502307732564,0.0,1.7281305185036908,0.0
5690.0,0.0,0.0,0.0,0.0,0.0,0.0,2.1282179444014284,0.0,0.0,0.0,0.0,0.0,0.0,8.73143314448314,0.0,0.0,0.0,0.0,0.0,0.0,1.0546728048727698,0.0,0.0,19.10945897052556,53.13182527247699,0.0,1.4401087654197422,0.0
5700.0,0.0,0.0,0.0,0.0,0.0,0.0,2.1282179444014284,0.0,0.0,0.0,0.0,0.0,0.0,8.73143314448314,0.0,0.0,0.0,0.0,0.0,0.0,1.0546728048727698,0.0,0.0,19.10945897052556,50.963179342988134,0.0,1.7281305185036908,0.0
5710.0,0.0,0.0,0.0,0.0,0.0,0.0,2.1282179444014284,0.0,0.0,0.0,0.0,0.0,0.0,11.641910859310853,0.0,0.0,0.45726619019774317,0.0,0.0,0.0,2.1093456097455396,0.0,0.0,20.52497444982375,50.963179342988134,0.0,2.016152271587639,0.0
5720.0,0.0,0.0,0.0,0.0,0.0,0.0,2.1282179444014284,0.0,0.0,0.0,0.0,0.0,0.0,14.552388574138567,0.0,0.0,0.0,0.0,0.0,0.0,2.1093456097455396,0.0,0.0,20.52497444982375,52.047502307732564,0.0,2.016152271587639,0.0
5730.0,0.0,0.0,0.0,0.0,0.0,0.0,2.3216923029833763,0.0,0.0,0.0,0.0,0.0,0.0,11.641910859310853,0.0,0.0,0.0,0.0,0.0,0.0,2.1093456097455396,0.0,0.0,20.52497444982375,52.047502307732564,0.0,1.7281305185036908,0.0
5740.0,0.0,0.0,0.0,0.0,0.0,0.0,2.1282179444014284,0.0,0.0,0.0,0.0,0.0,0.0,8.73143314448314,0.0,0.0,0.0,0.0,0.0,0.0,2.1093456097455396,0.0,0.0,20.52497444982375,52.047502307732564,0.0,1.4401087654197422,0.0
5750.0,0.0,0.0,0.0,0.0,0.0,0.0,1.9347435858194804,0.0,0.0,0.0,0.0,0.0,0.0,14.552388574138567,0.0,0.0,0.0,0.0,0.0,0.0,2.1093456097455396,0.0,0.0,19.817216710174655,54.21614823722142,0.0,1.4401087654197422,0.0
5760.0,0.0,0.0,0.0,0.0,0.0,0.0,2.1282179444014284,0.0,0.0,0.0,0.0,0.0,0.0,11.641910859310853,0.0,0.0,0.0,0.0,0.0,0.0,1.5820092073091547,0.0,0.0,19.10945897052556,53.13182527247699,0.0,1.7281305185036908,0.0
5770.0,0.0,0.0,0.0,0.0,0.0,0.0,1.9347435858194804,0.0,0.0,0.0,0.0,0.0,0.0,17.46286628896628,0.0,0.0,0.0,0.0,0.0,0.0,1.5820092073091547,0.0,0.0,19.10945897052556,52.047502307732564,0.0,1.7281305185036908,0.0
5780.0,0.0,0.0,0.0,0.0,0.0,0.0,2.1282179444014284,0.0,0.0,0.0,0.0,0.0,0.0,17.46286628896628,0.0,0.0,0.0,0.0,0.0,0.0,1.0546728048727698,0.0,0.0,19.10945897052556,53.13182527247699,0.0,2.016152271587639,0.0
5790.0,0.0,0.0,0.0,0.0,0.0,0.0,2.5151666615653245,0.0,0.0,0.0,0.0,0.0,0.0,8.73143314448314,0.0,0.0,0.0,0.0,0.0,0.0,1.0546728048727698,0.0,0.0,19.817216710174655,52.047502307732564,0.0,2.016152271587639,0.0
5800.0,0.0,0.0,0.0,0.0,0.0,0.0,2.1282179444014284,0.0,0.0,0.0,0.0,0.0,0.0,11.641910859310853,0.0,0.0,0.0,0.0,0.0,0.0,1.0546728048727698,0.0,0.0,19.817216710174655,53.13182527247699,0.0,1.7281305185036908,0.0
5810.0,0.0,0.0,0.0,0.0,0.0,0.0,2.1282179444014284,0.0,0.0,0.0,0.0,0.0,0.0,11.641910859310853,0.0,0.0,0.0,0.0,0.0,0.0,1.5820092073091547,0.0,0.0,19.10945897052556,53.13182527247699,0.0,2.016152271587639,0.0
5820.0,0.0,0.0,0.0,0.0,0.0,0.0,2.1282179444014284,0.0,0.0,0.0,0.0,0.0,0.0,14.552388574138567,0.0,0.0,0.0,0.0,0.0,0.0,1.5820092073091547,0.0,0.0,19.817216710174655,50.963179342988134,0.0,2.016152271587639,0.0
5830.0,0.0,0.0,0.0,0.0,0.0,0.0,2.3216923029833763,0.0,0.0,0.0,0.0,0.0,0.0,11.641910859310853,0.0,0.0,0.0,0.0,0.0,0.0,1.0546728048727698,0.0,0.0,20.52497444982375,53.13182527247699,0.0,1.7281305185036908,0.0
5840.0,0.0,0.0,0.0,0.0,0.0,0.0,2.1282179444014284,0.0,0.0,0.0,0.0,0.0,0.0,11.641910859310853,0.0,0.0,0.0,0.0,0.0,0.0,1.5820092073091547,0.0,0.0,20.52497444982375,52.047502307732564,0.0,1.7281305185036908,0.0
5850.0,0.0,0.0,0.0,0.0,0.0,0.0,2.1282179444014284,0.0,0.0,0.0,0.0,0.0,0.0,14.552388574138567,0.0,0.0,0.0,0.0,0.0,0.0,1.0546728048727698,0.0,0.0,20.52497444982375,53.13182527247699,0.0,1.7281305185036908,0.0
5860.0,0.0,0.0,0.0,0.0,0.0,0.0,2.1282179444014284,0.0,0.0,0.0,0.0,0.0,0.0,14.552388574138567,0.0,0.0,0.0,0.0,0.0,0.0,2.1093456097455396,0.0,0.0,19.817216710174655,54.21614823722142,0.0,1.4401087654197422,0.0
5870.0,0.0,0.0,0.0,0.0,0.0,0.0,2.1282179444014284,0.0,0.0,0.0,0.0,0.0,0.0,14.552388574138567,0.0,0.0,0.0,0.0,0.0,0.0,2.1093456097455396,0.0,0.0,20.52497444982375,53.13182527247699,0.0,1.7281305185036908,0.0
5880.0,0.0,0.0,0.0,0.0,0.0,0.0,2.1282179444014284,0.0,0.0,0.0,0.0,0.0,0.0,11.641910859310853,0.0,0.0,0.0,0.0,0.0,0.0,1.5820092073091547,0.0,0.0,19.817216710174655,55.30047120196585,0.0,1.4401087654197422,0.0
5890.0,0.0,0.0,0.0,0.0,0.0,0.0,2.3216923029833763,0.0,0.0,0.0,0.0,0.0,0.0,8.73143314448314,0.0,0.0,0.0,0.0,0.0,0.0,1.5820092073091547,0.0,0.0,19.817216710174655,54.21614823722142,0.0,1.4401087654197422,0.0
5900.0,0.0,0.0,0.0,0.0,0.0,0.0,2.3216923029833763,0.0,0.0,0.0,0.0,0.0,0.0,11.641910859310853,0.0,0.0,0.0,0.0,0.0,0.0,2.1093456097455396,0.0,0.0,21.232732189472845,52.047502307732564,0.0,1.7281305185036908,0.0
5910.0,0.0,0.0,0.0,0.0,0.0,0.0,2.1282179444014284,0.0,0.0,0.0,0.0,0.0,0.0,14.552388574138567,0.0,0.0,0.0,0.0,0.0,0.0,1.0546728048727698,0.0,0.0,20.52497444982375,54.21614823722142,0.0,1.1520870123357938,0.0
5920.0,0.0,0.0,0.0,0.0,0.0,0.0,1.9347435858194804,0.0,0.0,0.0,0.0,0.0,0.0,14.552388574138567,0.0,0.0,0.45726619019774317,0.0,0.0,0.0,1.0546728048727698,0.0,0.0,20.52497444982375,52.047502307732564,0.0,1.7281305185036908,0.0
5930.0,0.0,0.0,0.0,0.0,0.0,0.0,1.9347435858194804,0.0,0.0,0.0,0.0,0.0,0.0,14.552388574138567,0.0,0.0,0.0,0.0,0.0,0.0,2.1093456097455396,0.0,0.0,21.232732189472845,52.047502307732564,0.0,1.7281305185036908,0.0
5940.0,0.0,0.0,0.0,0.0,0.0,0.0,2.1282179444014284,0.0,0.0,0.0,0.0,0.0,0.0,14.552388574138567,0.0,0.0,0.0,0.0,0.0,0.0,2.1093456097455396,0.0,0.0,21.940489929121938,50.963179342988134,0.0,1.4401087654197422,0.0
5950.0,0.0,0.0,0.0,0.0,0.0,0.0,1.9347435858194804,0.0,0.0,0.0,0.0,0.0,0.0,14.552388574138567,0.0,0.0,0.0,0.0,0.0,0.0,2.1093456097455396,0.0,0.0,21.940489929121938,52.047502307732564,0.0,1.1520870123357938,0.0
5960.0,0.0,0.0,0.0,0.0,0.0,0.0,1.9347435858194804,0.0,0.0,0.0,0.0,0.0,0.0,11.641910859310853,0.0,0.0,0.0,0.0,0.0,0.0,3.1640184146183095,0.0,0.0,20.52497444982375,55.30047120196585,0.0,0.8640652592518454,0.0
5970.0,0.0,0.0,0.0,0.0,0.0,0.0,1.9347435858194804,0.0,0.0,0.0,0.0,0.0,0.0,11.641910859310853,0.0,0.0,0.0,0.0,0.0,0.0,2.1093456097455396,0.0,0.0,20.52497444982375,53.13182527247699,0.0,1.4401087654197422,0.0
5980.0,0.0,0.0,0.0,0.0,0.0,0.0,1.9347435858194804,0.0,0.0,0.0,0.0,0.0,0.0,11.641910859310853,0.0,0.0,0.0,0.0,0.0,0.0,2.6366820121819243,0.0,0.0,20.52497444982375,54.21614823722142,0.0,1.4401087654197422,0.0
5990.0,0.0,0.0,0.0,0.0,0.0,0.0,2.1282179444014284,0.0,0.0,0.0,0.0,0.0,0.0,11.641910859310853,0.0,0.0,0.0,0.0,0.0,0.0,2.1093456097455396,0.0,0.0,19.817216710174655,52.047502307732564,0.0,2.016152271587639,0.0
6000.0,0.0,0.0,0.0,0.0,0.0,0.0,2.1282179444014284,0.0,0.0,0.0,0.0,0.0,0.0,8.73143314448314,0.0,0.0,0.0,0.0,0.0,0.0,2.1093456097455396,0.0,0.0,19.10945897052556,52.047502307732564,0.0,2.3041740246715876,0.0
6010.0,0.0,0.0,0.0,0.0,0.0,0.0,1.9347435858194804,0.0,0.0,0.0,0.0,0.0,0.0,11.641910859310853,0.0,0.0,0.0,0.0,0.0,0.0,1.5820092073091547,0.0,0.0,19.817216710174655,52.047502307732564,0.0,2.3041740246715876,0.0
6020.0,0.0,0.0,0.0,0.0,0.0,0.0,1.5477948686555842,0.0,0.0,0.0,0.0,0.0,0.0,14.552388574138567,0.0,0.0,0.0,0.0,0.0,0.0,1.0546728048727698,0.0,0.0,21.232732189472845,50.963179342988134,0.0,1.7281305185036908,0.0
6030.0,0.0,0.0,0.0,0.0,0.0,0.0,1.5477948686555842,0.0,0.0,0.0,0.0,0.0,0.0,11.641910859310853,0.0,0.0,0.0,0.0,0.0,0.0,1.0546728048727698,0.0,0.0,19.817216710174655,55.30047120196585,0.0,1.4401087654197422,0.0
6040.0,0.0,0.0,0.0,0.0,0.0,0.0,1.3543205100736362,0.0,0.0,0.0,0.0,0.0,0.0,11.641910859310853,0.0,0.0,0.0,0.0,0.0,0.0,1.5820092073091547,0.0,0.0,19.817216710174655,53.13182527247699,0.0,1.7281305185036908,0.0
6050.0,0.0,0.0,0.0,0.0,0.0,0.0,1.7412692272375323,0.0,0.0,0.0,0.0,0.0,0.0,11.641910859310853,0.0,0.0,0.0,0.0,0.0,0.0,2.6366820121819243,0.0,0.0,19.10945897052556,53.13182527247699,0.0,1.4401087654197422,0.0
6060.0,0.0,0.0,0.0,0.0,0.0,0.0,1.9347435858194804,0.0,0.0,0.0,0.0,0.0,0.0,8.73143314448314,0.0,0.0,0.0,0.0,0.0,0.0,2.1093456097455396,0.0,0.0,19.10945897052556,52.047502307732564,0.0,2.016152271587639,0.0
6070.0,0.0,0.0,0.0,0.0,0.0,0.0,1.9347435858194804,0.0,0.0,0.0,0.0,0.0,0.0,11.641910859310853,0.0,0.0,0.0,0.0,0.0,0.0,1.0546728048727698,0.0,0.0,19.10945897052556,53.13182527247699,0.0,2.3041740246715876,0.0
6080.0,0.0,0.0,0.0,0.0,0.0,0.0,2.1282179444014284,0.0,0.0,0.0,0.0,0.0,0.0,8.73143314448314,0.0,0.0,0.0,0.0,0.0,0.0,1.0546728048727698,0.0,0.0,18.401701230876466,52.047502307732564,0.0,2.3041740246715876,0.0
6090.0,0.0,0.0,0.0,0.0,0.0,0.0,2.3216923029833763,0.0,0.0,0.0,0.0,0.0,0.0,5.8209554296554264,0.0,0.0,0.0,0.0,0.0,0.0,0.5273364024363849,0.0,0.0,19.10945897052556,48.79453341349927,0.0,2.5921957777555362,0.0
6100.0,0.0,0.0,0.0,0.0,0.0,0.0,2.3216923029833763,0.0,0.0,0.0,0.0,0.0,0.0,2.9104777148277132,0.0,0.0,0.0,0.0,0.0,0.0,1.0546728048727698,0.0,0.0,19.817216710174655,49.878856378243704,0.0,2.5921957777555362,0.0
6110.0,0.0,0.0,0.0,0.0,0.0,0.0,2.3216923029833763,0.0,0.0,0.0,0.0,0.0,0.0,8.73143314448314,0.0,0.0,0.0,0.0,0.0,0.0,0.5273364024363849,0.0,0.0,19.10945897052556,50.963179342988134,0.0,2.5921957777555362,0.0
6120.0,0.0,0.0,0.0,0.0,0.0,0.0,2.3216923029833763,0.0,0.0,0.0,0.0,0.0,0.0,14.552388574138567,0.0,0.0,0.0,0.0,0.0,0.0,1.0546728048727698,0.0,0.0,19.817216710174655,49.878856378243704,0.0,2.3041740246715876,0.0
6130.0,0.0,0.0,0.0,0.0,0.0,0.0,2.3216923029833763,0.0,0.0,0.0,0.0,0.0,0.0,14.552388574138567,0.0,0.0,0.0,0.0,0.0,0.0,1.0546728048727698,0.0,0.0,21.232732189472845,50.963179342988134,0.0,1.7281305185036908,0.0
6140.0,0.0,0.0,0.0,0.0,0.0,0.0,2.1282179444014284,0.0,0.0,0.0,0.0,0.0,0.0,14.552388574138567,0.0,0.0,0.0,0.0,0.0,0.0,1.0546728048727698,0.0,0.0,19.817216710174655,52.047502307732564,0.0,1.4401087654197422,0.0
6150.0,0.0,0.0,0.0,0.0,0.0,0.0,2.3216923029833763,0.0,0.0,0.0,0.0,0.0,0.0,14.552388574138567,0.0,0.0,0.0,0.0,0.0,0.0,1.5820092073091547,0.0,0.0,19.10945897052556,53.13182527247699,0.0,1.4401087654197422,0.0
6160.0,0.0,0.0,0.0,0.0,0.0,0.0,2.5151666615653245,0.0,0.0,0.0,0.0,0.0,0.0,14.552388574138567,0.0,0.0,0.0,0.0,0.0,0.0,2.1093456097455396,0.0,0.0,19.817216710174655,49.878856378243704,0.0,2.016152271587639,0.0
6170.0,0.0,0.0,0.0,0.0,0.0,0.0,2.7086410201472724,0.0,0.0,0.0,0.0,0.0,0.0,11.641910859310853,0.0,0.0,0.0,0.0,0.0,0.0,1.0546728048727698,0.0,0.0,19.817216710174655,50.963179342988134,0.0,2.3041740246715876,0.0
6180.0,0.0,0.0,0.0,0.0,0.0,0.0,2.9021153787292207,0.0,0.0,0.0,0.0,0.0,0.0,8.73143314448314,0.0,0.0,0.0,0.0,0.0,0.0,1.5820092073091547,0.0,0.0,19.817216710174655,49.878856378243704,0.0,2.3041740246715876,0.0
6190.0,0.0,0.0,0.0,0.0,0.0,0.0,3.0955897373111685,0.0,0.0,0.0,0.0,0.0,0.0,11.641910859310853,0.0,0.0,0.0,0.0,0.0,0.0,1.0546728048727698,0.0,0.0,20.52497444982375,50.963179342988134,0.0,2.016152271587639,0.0
6200.0,0.0,0.0,0.0,0.0,0.0,0.0,2.7086410201472724,0.0,0.0,0.0,0.0,0.0,0.0,14.552388574138567,0.0,0.0,0.0,0.0,0.0,0.0,2.1093456097455396,0.0,0.0,21.232732189472845,50.963179342988134,0.0,1.1520870123357938,0.0
6210.0,0.0,0.0,0.0,0.0,0.0,0.0,2.5151666615653245,0.0,0.0,0.0,0.0,0.0,0.0,14.552388574138567,0.0,0.0,0.0,0.0,0.0,0.0,1.5820092073091547,0.0,0.0,21.232732189472845,52.047502307732564,0.0,0.5760435061678969,0.0
6220.0,0.0,0.0,0.0,0.0,0.0,0.0,2.5151666615653245,0.0,0.0,0.0,0.0,0.0,0.0,14.552388574138567,0.0,0.0,0.0,0.0,0.0,0.0,2.1093456097455396,0.0,0.0,21.232732189472845,50.963179342988134,0.0,0.8640652592518454,0.0
6230.0,0.0,0.0,0.0,0.0,0.0,0.0,2.3216923029833763,0.0,0.0,0.0,0.0,0.0,0.0,17.46286628896628,0.0,0.0,0.0,0.0,0.0,0.0,2.1093456097455396,0.0,0.0,19.817216710174655,53.13182527247699,0.0,1.1520870123357938,0.0
6240.0,0.0,0.0,0.0,0.0,0.0,0.0,2.5151666615653245,0.0,0.0,0.0,0.0,0.0,0.0,20.373344003793992,0.0,0.0,0.0,0.0,0.0,0.0,1.5820092073091547,0.0,0.0,19.10945897052556,52.047502307732564,0.0,1.7281305185036908,0.0
6250.0,0.0,0.0,0.0,0.0,0.0,0.0,2.3216923029833763,0.0,0.0,0.0,0.0,0.0,0.0,17.46286628896628,0.0,0.0,0.0,0.0,0.0,0.0,2.6366820121819243,0.0,0.0,20.52497444982375,50.963179342988134,0.0,2.016152271587639,0.0
6260.0,0.0,0.0,0.0,0.0,0.0,0.0,2.1282179444014284,0.0,0.0,0.0,0.0,0.0,0.0,20.373344003793992,0.0,0.0,0.0,0.0,0.0,0.0,1.5820092073091547,0.0,0.0,20.52497444982375,49.878856378243704,0.0,1.7281305185036908,0.0
6270.0,0.0,0.0,0.0,0.0,0.0,0.0,2.1282179444014284,0.0,0.0,0.0,0.0,0.0,0.0,11.641910859310853,0.0,0.0,0.0,0.0,0.0,0.0,1.0546728048727698,0.0,0.0,20.52497444982375,52.047502307732564,0.0,1.7281305185036908,0.0
6280.0,0.0,0.0,0.0,0.0,0.0,0.0,1.7412692272375323,0.0,0.0,0.0,0.0,0.0,0.0,14.552388574138567,0.0,0.0,0.0,0.0,0.0,0.0,2.1093456097455396,0.0,0.0,20.52497444982375,50.963179342988134,0.0,1.4401087654197422,0.0
6290.0,0.0,0.0,0.0,0.0,0.0,0.0,1.7412692272375323,0.0,0.0,0.0,0.0,0.0,0.0,11.641910859310853,0.0,0.0,0.0,0.0,0.0,0.0,2.1093456097455396,0.0,0.0,21.232732189472845,50.963179342988134,0.0,1.1520870123357938,0.0
6300.0,0.0,0.0,0.0,0.0,0.0,0.0,1.7412692272375323,0.0,0.0,0.0,0.0,0.0,0.0,14.552388574138567,0.0,0.0,0.0,0.0,0.0,0.0,1.5820092073091547,0.0,0.0,19.817216710174655,50.963179342988134,0.0,1.1520870123357938,0.0
6310.0,0.0,0.0,0.0,0.0,0.0,0.0,1.5477948686555842,0.0,0.0,0.0,0.0,0.0,0.0,17.46286628896628,0.0,0.0,0.0,0.0,0.0,0.0,1.0546728048727698,0.0,0.0,18.401701230876466,49.878856378243704,0.0,1.7281305185036908,0.0
6320.0,0.0,0.0,0.0,0.0,0.0,0.0,1.3543205100736362,0.0,0.0,0.0,0.0,0.0,0.0,17.46286628896628,0.0,0.0,0.0,0.0,0.0,0.0,2.6366820121819243,0.0,0.0,19.10945897052556,47.71021044875485,0.0,2.3041740246715876,0.0
6330.0,0.0,0.0,0.0,0.0,0.0,0.0,1.3543205100736362,0.0,0.0,0.0,0.0,0.0,0.0,14.552388574138567,0.0,0.0,0.45726619019774317,0.0,0.0,0.0,2.1093456097455396,0.0,0.0,19.817216710174655,47.71021044875485,0.0,2.016152271587639,0.0
6340.0,0.0,0.0,0.0,0.0,0.0,0.0,1.9347435858194804,0.0,0.0,0.0,0.0,0.0,0.0,8.73143314448314,0.0,0.0,0.0,0.0,0.0,0.0,1.0546728048727698,0.0,0.0,20.52497444982375,48.79453341349927,0.0,2.016152271587639,0.0
6350.0,0.0,0.0,0.0,0.0,0.0,0.0,1.9347435858194804,0.0,0.0,0.0,0.0,0.0,0.0,2.9104777148277132,0.0,0.0,0.0,0.0,0.0,0.0,1.0546728048727698,0.0,0.0,19.817216710174655,47.71021044875485,0.0,1.7281305185036908,0.0
6360.0,0.0,0.0,0.0,0.0,0.0,0.0,1.9347435858194804,0.0,0.0,0.0,0.0,0.0,0.0,5.8209554296554264,0.0,0.0,0.0,0.0,0.0,0.0,1.5820092073091547,0.0,0.0,19.10945897052556,47.71021044875485,0.0,1.4401087654197422,0.0
6370.0,0.0,0.0,0.0,0.0,0.0,0.0,1.7412692272375323,0.0,0.0,0.0,0.0,0.0,0.0,11.641910859310853,0.0,0.0,0.45726619019774317,0.0,0.0,0.0,1.5820092073091547,0.0,0.0,18.401701230876466,48.79453341349927,0.0,1.4401087654197422,0.0
6380.0,0.0,0.0,0.0,0.0,0.0,0.0,1.9347435858194804,0.0,0.0,0.0,0.0,0.0,0.0,8.73143314448314,0.0,0.0,0.0,0.0,0.0,0.0,1.5820092073091547,0.0,0.0,18.401701230876466,50.963179342988134,0.0,2.016152271587639,0.0
6390.0,0.0,0.0,0.0,0.0,0.0,0.0,2.1282179444014284,0.0,0.0,0.0,0.0,0.0,0.0,11.641910859310853,0.0,0.0,0.0,0.0,0.0,0.0,1.0546728048727698,0.0,0.0,19.817216710174655,50.963179342988134,0.0,2.3041740246715876,0.0
6400.0,0.0,0.0,0.0,0.0,0.0,0.0,2.3216923029833763,0.0,0.0,0.0,0.0,0.0,0.0,8.73143314448314,0.0,0.0,0.0,0.0,0.0,0.0,0.0,0.0,0.0,19.10945897052556,50.963179342988134,0.0,2.3041740246715876,0.0
6410.0,0.0,0.0,0.0,0.0,0.0,0.0,2.1282179444014284,0.0,0.0,0.0,0.0,0.0,0.0,14.552388574138567,0.0,0.0,0.0,0.0,0.0,0.0,1.0546728048727698,0.0,0.0,19.10945897052556,53.13182527247699,0.0,1.7281305185036908,0.0
6420.0,0.0,0.0,0.0,0.0,0.0,0.0,2.1282179444014284,0.0,0.0,0.0,0.0,0.0,0.0,14.552388574138567,0.0,0.0,0.0,0.0,0.0,0.0,1.0546728048727698,0.0,0.0,19.817216710174655,52.047502307732564,0.0,1.7281305185036908,0.0
6430.0,0.0,0.0,0.0,0.0,0.0,0.0,2.1282179444014284,0.0,0.0,0.0,0.0,0.0,0.0,11.641910859310853,0.0,0.0,0.0,0.0,0.0,0.0,1.5820092073091547,0.0,0.0,19.817216710174655,50.963179342988134,0.0,2.3041740246715876,0.0
6440.0,0.0,0.0,0.0,0.0,0.0,0.0,2.1282179444014284,0.0,0.0,0.0,0.0,0.0,0.0,11.641910859310853,0.0,0.0,0.0,0.0,0.0,0.0,2.1093456097455396,0.0,0.0,19.10945897052556,50.963179342988134,0.0,1.4401087654197422,0.0
6450.0,0.0,0.0,0.0,0.0,0.0,0.0,1.9347435858194804,0.0,0.0,0.0,0.0,0.0,0.0,11.641910859310853,0.0,0.0,0.0,0.0,0.0,0.0,1.5820092073091547,0.0,0.0,18.401701230876466,53.13182527247699,0.0,1.7281305185036908,0.0
6460.0,0.0,0.0,0.0,0.0,0.0,0.0,1.7412692272375323,0.0,0.0,0.0,0.0,0.0,0.0,14.552388574138567,0.0,0.0,0.45726619019774317,0.0,0.0,0.0,1.0546728048727698,0.0,0.0,16.986185751578276,52.047502307732564,0.0,2.3041740246715876,0.0
6470.0,0.0,0.0,0.0,0.0,0.0,0.0,1.7412692272375323,0.0,0.0,0.0,0.0,0.0,0.0,14.552388574138567,0.0,0.0,0.0,0.0,0.0,0.0,1.5820092073091547,0.0,0.0,18.401701230876466,49.878856378243704,0.0,2.5921957777555362,0.0
6480.0,0.0,0.0,0.0,0.0,0.0,0.0,1.9347435858194804,0.0,0.0,0.0,0.0,0.0,0.0,14.552388574138567,0.0,0.0,0.0,0.0,0.0,0.0,1.5820092073091547,0.0,0.0,17.69394349122737,47.71021044875485,0.0,2.8802175308394844,0.0
6490.0,0.0,0.0,0.0,0.0,0.0,0.0,2.3216923029833763,0.0,0.0,0.0,0.0,0.0,0.0,11.641910859310853,0.0,0.0,0.0,0.0,0.0,0.0,0.5273364024363849,0.0,0.0,18.401701230876466,45.54156451926599,0.0,2.8802175308394844,0.0
6500.0,0.0,0.0,0.0,0.0,0.0,0.0,2.1282179444014284,0.0,0.0,0.0,0.0,0.0,0.0,11.641910859310853,0.0,0.0,0.45726619019774317,0.0,0.0,0.0,1.0546728048727698,0.0,0.0,19.10945897052556,46.62588748401042,0.0,2.3041740246715876,0.0
6510.0,0.0,0.0,0.0,0.0,0.0,0.0,2.1282179444014284,0.0,0.0,0.0,0.0,0.0,0.0,14.552388574138567,0.0,0.0,0.0,0.0,0.0,0.0,1.0546728048727698,0.0,0.0,19.10945897052556,45.54156451926599,0.0,2.3041740246715876,0.0
6520.0,0.0,0.0,0.0,0.0,0.0,0.0,2.5151666615653245,0.0,0.0,0.0,0.0,0.0,0.0,8.73143314448314,0.0,0.0,0.0,0.0,0.0,0.0,1.0546728048727698,0.0,0.0,20.52497444982375,44.457241554521566,0.0,1.7281305185036908,0.0
6530.0,0.0,0.0,0.0,0.0,0.0,0.0,2.5151666615653245,0.0,0.0,0.0,0.0,0.0,0.0,8.73143314448314,0.0,0.0,0.0,0.0,0.0,0.0,1.0546728048727698,0.0,0.0,20.52497444982375,44.457241554521566,0.0,1.1520870123357938,0.0
6540.0,0.0,0.0,0.0,0.0,0.0,0.0,2.7086410201472724,0.0,0.0,0.0,0.0,0.0,0.0,11.641910859310853,0.0,0.0,0.0,0.0,0.0,0.0,1.0546728048727698,0.0,0.0,21.232732189472845,43.372918589777136,0.0,1.1520870123357938,0.0
6550.0,0.0,0.0,0.0,0.0,0.0,0.0,2.7086410201472724,0.0,0.0,0.0,0.0,0.0,0.0,14.552388574138567,0.0,0.0,0.0,0.0,0.0,0.0,2.1093456097455396,0.0,0.0,20.52497444982375,45.54156451926599,0.0,0.5760435061678969,0.0
6560.0,0.0,0.0,0.0,0.0,0.0,0.0,2.9021153787292207,0.0,0.0,0.0,0.0,0.0,0.0,17.46286628896628,0.0,0.0,0.0,0.0,0.0,0.0,2.6366820121819243,0.0,0.0,19.817216710174655,44.457241554521566,0.0,0.5760435061678969,0.0
6570.0,0.0,0.0,0.0,0.0,0.0,0.0,2.7086410201472724,0.0,0.0,0.0,0.0,0.0,0.0,17.46286628896628,0.0,0.0,0.0,0.0,0.0,0.0,2.1093456097455396,0.0,0.0,21.232732189472845,42.288595625032706,0.0,1.1520870123357938,0.0
6580.0,0.0,0.0,0.0,0.0,0.0,0.0,2.7086410201472724,0.0,0.0,0.0,0.0,0.0,0.0,17.46286628896628,0.0,0.0,0.0,0.0,0.0,0.0,1.0546728048727698,0.0,0.0,20.52497444982375,44.457241554521566,0.0,1.1520870123357938,0.0
6590.0,0.0,0.0,0.0,0.0,0.0,0.0,2.9021153787292207,0.0,0.0,0.0,0.0,0.0,0.0,11.641910859310853,0.0,0.0,0.0,0.0,0.0,0.0,1.0546728048727698,0.0,0.0,21.232732189472845,44.457241554521566,0.0,1.1520870123357938,0.0
6600.0,0.0,0.0,0.0,0.0,0.0,0.0,2.5151666615653245,0.0,0.0,0.0,0.0,0.0,0.0,11.641910859310853,0.0,0.0,0.0,0.0,0.0,0.0,2.1093456097455396,0.0,0.0,19.10945897052556,45.54156451926599,0.0,0.8640652592518454,0.0
6610.0,0.0,0.0,0.0,0.0,0.0,0.0,2.1282179444014284,0.0,0.0,0.0,0.0,0.0,0.0,17.46286628896628,0.0,0.0,0.0,0.0,0.0,0.0,2.6366820121819243,0.0,0.0,19.10945897052556,45.54156451926599,0.0,0.5760435061678969,0.0
6620.0,0.0,0.0,0.0,0.0,0.0,0.0,1.7412692272375323,0.0,0.0,0.0,0.0,0.0,0.0,20.373344003793992,0.0,0.0,0.0,0.0,0.0,0.0,4.218691219491079,0.0,0.0,19.10945897052556,43.372918589777136,0.0,1.1520870123357938,0.0
6630.0,0.0,0.0,0.0,0.0,0.0,0.0,1.3543205100736362,0.0,0.0,0.0,0.0,0.0,0.0,20.373344003793992,0.0,0.0,0.0,0.0,0.0,0.0,3.691354817054694,0.0,0.0,19.10945897052556,42.288595625032706,0.0,1.4401087654197422,0.0
6640.0,0.0,0.0,0.0,0.0,0.0,0.0,1.1608461514916881,0.0,0.0,0.0,0.0,0.0,0.0,20.373344003793992,0.0,0.0,0.0,0.0,0.0,0.0,3.691354817054694,0.0,0.0,19.10945897052556,42.288595625032706,0.0,1.1520870123357938,0.0
6650.0,0.0,0.0,0.0,0.0,0.0,0.0,1.1608461514916881,0.0,0.0,0.0,0.0,0.0,0.0,17.46286628896628,0.0,0.0,0.0,0.0,0.0,0.0,2.6366820121819243,0.0,0.0,18.401701230876466,43.372918589777136,0.0,1.1520870123357938,0.0
6660.0,0.0,0.0,0.0,0.0,0.0,0.0,0.9673717929097402,0.0,0.0,0.0,0.0,0.0,0.0,11.641910859310853,0.0,0.0,0.0,0.0,0.0,0.0,1.5820092073091547,0.0,0.0,19.10945897052556,43.372918589777136,0.0,1.1520870123357938,0.0
6670.0,0.0,0.0,0.0,0.0,0.0,0.0,1.1608461514916881,0.0,0.0,0.0,0.0,0.0,0.0,8.73143314448314,0.0,0.0,0.0,0.0,0.0,0.0,1.5820092073091547,0.0,0.0,19.10945897052556,45.54156451926599,0.0,0.8640652592518454,0.0
6680.0,0.0,0.0,0.0,0.0,0.0,0.0,1.1608461514916881,0.0,0.0,0.0,0.0,0.0,0.0,8.73143314448314,0.0,0.0,0.45726619019774317,0.0,0.0,0.0,2.1093456097455396,0.0,0.0,18.401701230876466,46.62588748401042,0.0,0.8640652592518454,0.0
6690.0,0.0,0.0,0.0,0.0,0.0,0.0,1.5477948686555842,0.0,0.0,0.0,0.0,0.0,0.0,2.9104777148277132,0.0,0.0,0.0,0.0,0.0,0.0,2.1093456097455396,0.0,0.0,18.401701230876466,44.457241554521566,0.0,1.1520870123357938,0.0
6700.0,0.0,0.0,0.0,0.0,0.0,0.0,1.5477948686555842,0.0,0.0,0.0,0.0,0.0,0.0,2.9104777148277132,0.0,0.0,0.0,0.0,0.0,0.0,1.5820092073091547,0.0,0.0,17.69394349122737,46.62588748401042,0.0,1.7281305185036908,0.0
6710.0,0.0,0.0,0.0,0.0,0.0,0.0,1.3543205100736362,0.0,0.0,0.0,0.0,0.0,0.0,8.73143314448314,0.0,0.0,0.0,0.0,0.0,0.0,1.5820092073091547,0.0,0.0,19.10945897052556,43.372918589777136,0.0,2.016152271587639,0.0
6720.0,0.0,0.0,0.0,0.0,0.0,0.0,1.3543205100736362,0.0,0.0,0.0,0.0,0.0,0.0,8.73143314448314,0.0,0.0,0.0,0.0,0.0,0.0,2.1093456097455396,0.0,0.0,18.401701230876466,43.372918589777136,0.0,1.7281305185036908,0.0
6730.0,0.0,0.0,0.0,0.0,0.0,0.0,1.5477948686555842,0.0,0.0,0.0,0.0,0.0,0.0,5.8209554296554264,0.0,0.0,0.0,0.0,0.0,0.0,2.1093456097455396,0.0,0.0,16.986185751578276,44.457241554521566,0.0,1.7281305185036908,0.0
6740.0,0.0,0.0,0.0,0.0,0.0,0.0,1.1608461514916881,0.0,0.0,0.0,0.0,0.0,0.0,8.73143314448314,0.0,0.0,0.0,0.0,0.0,0.0,2.1093456097455396,0.0,0.0,16.986185751578276,41.204272660288275,0.0,2.016152271587639,0.0
6750.0,0.0,0.0,0.0,0.0,0.0,0.0,1.3543205100736362,0.0,0.0,0.0,0.0,0.0,0.0,8.73143314448314,0.0,0.0,0.0,0.0,0.0,0.0,2.1093456097455396,0.0,0.0,17.69394349122737,41.204272660288275,0.0,2.016152271587639,0.0
6760.0,0.0,0.0,0.0,0.0,0.0,0.0,1.5477948686555842,0.0,0.0,0.0,0.0,0.0,0.0,8.73143314448314,0.0,0.0,0.0,0.0,0.0,0.0,1.5820092073091547,0.0,0.0,16.27842801192918,42.288595625032706,0.0,2.3041740246715876,0.0
6770.0,0.0,0.0,0.0,0.0,0.0,0.0,1.5477948686555842,0.0,0.0,0.0,0.0,0.0,0.0,8.73143314448314,0.0,0.0,0.0,0.0,0.0,0.0,1.5820092073091547,0.0,0.0,15.570670272280086,43.372918589777136,0.0,2.016152271587639,0.0
6780.0,0.0,0.0,0.0,0.0,0.0,0.0,1.7412692272375323,0.0,0.0,0.0,0.0,0.0,0.0,5.8209554296554264,0.0,0.0,0.0,0.0,0.0,0.0,1.5820092073091547,0.0,0.0,15.570670272280086,44.457241554521566,0.0,1.4401087654197422,0.0
6790.0,0.0,0.0,0.0,0.0,0.0,0.0,1.7412692272375323,0.0,0.0,0.0,0.0,0.0,0.0,8.73143314448314,0.0,0.0,0.0,0.0,0.0,0.0,1.0546728048727698,0.0,0.0,14.862912532630991,43.372918589777136,0.0,1.7281305185036908,0.0
6800.0,0.0,0.0,0.0,0.0,0.0,0.0,1.9347435858194804,0.0,0.0,0.0,0.0,0.0,0.0,5.8209554296554264,0.0,0.0,0.0,0.0,0.0,0.0,1.5820092073091547,0.0,0.0,16.27842801192918,43.372918589777136,0.0,1.4401087654197422,0.0
6810.0,0.0,0.0,0.0,0.0,0.0,0.0,2.1282179444014284,0.0,0.0,0.0,0.0,0.0,0.0,5.8209554296554264,0.0,0.0,0.0,0.0,0.0,0.0,1.0546728048727698,0.0,0.0,16.27842801192918,44.457241554521566,0.0,1.1520870123357938,0.0
6820.0,0.0,0.0,0.0,0.0,0.0,0.0,2.3216923029833763,0.0,0.0,0.0,0.0,0.0,0.0,8.73143314448314,0.0,0.0,0.0,0.0,0.0,0.0,1.0546728048727698,0.0,0.0,17.69394349122737,42.288595625032706,0.0,1.4401087654197422,0.0
6830.0,0.0,0.0,0.0,0.0,0.0,0.0,2.5151666615653245,0.0,0.0,0.0,0.0,0.0,0.0,11.641910859310853,0.0,0.0,0.0,0.0,0.0,0.0,1.0546728048727698,0.0,0.0,16.986185751578276,44.457241554521566,0.0,0.8640652592518454,0.0
6840.0,0.0,0.0,0.0,0.0,0.0,0.0,2.3216923029833763,0.0,0.0,0.0,0.0,0.0,0.0,11.641910859310853,0.0,0.0,0.0,0.0,0.0,0.0,1.0546728048727698,0.0,0.0,14.862912532630991,45.54156451926599,0.0,1.4401087654197422,0.0
6850.0,0.0,0.0,0.0,0.0,0.0,0.0,1.9347435858194804,0.0,0.0,0.0,0.0,0.0,0.0,14.552388574138567,0.0,0.0,0.0,0.0,0.0,0.0,1.5820092073091547,0.0,0.0,14.155154792981897,45.54156451926599,0.0,1.7281305185036908,0.0
6860.0,0.0,0.0,0.0,0.0,0.0,0.0,2.3216923029833763,0.0,0.0,0.0,0.0,0.0,0.0,11.641910859310853,0.0,0.0,0.0,0.0,0.0,0.0,3.691354817054694,0.0,0.0,14.155154792981897,44.457241554521566,0.0,1.4401087654197422,0.0
6870.0,0.0,0.0,0.0,0.0,0.0,0.0,2.1282179444014284,0.0,0.0,0.0,0.0,0.0,0.0,11.641910859310853,0.0,0.0,0.0,0.0,0.0,0.0,3.691354817054694,0.0,0.0,14.862912532630991,43.372918589777136,0.0,2.016152271587639,0.0
6880.0,0.0,0.0,0.0,0.0,0.0,0.0,1.9347435858194804,0.0,0.0,0.0,0.0,0.0,0.0,14.552388574138567,0.0,0.0,0.0,0.0,0.0,0.0,2.6366820121819243,0.0,0.0,15.570670272280086,41.204272660288275,0.0,2.016152271587639,0.0
6890.0,0.0,0.0,0.0,0.0,0.0,0.0,1.7412692272375323,0.0,0.0,0.0,0.0,0.0,0.0,14.552388574138567,0.0,0.0,0.0,0.0,0.0,0.0,1.5820092073091547,0.0,0.0,15.570670272280086,41.204272660288275,0.0,1.4401087654197422,0.0
6900.0,0.0,0.0,0.0,0.0,0.0,0.0,1.5477948686555842,0.0,0.0,0.0,0.0,0.0,0.0,17.46286628896628,0.0,0.0,0.0,0.0,0.0,0.0,1.5820092073091547,0.0,0.0,15.570670272280086,41.204272660288275,0.0,1.1520870123357938,0.0
6910.0,0.0,0.0,0.0,0.0,0.0,0.0,1.5477948686555842,0.0,0.0,0.0,0.0,0.0,0.0,14.552388574138567,0.0,0.0,0.45726619019774317,0.0,0.0,0.0,2.1093456097455396,0.0,0.0,15.570670272280086,40.11994969554385,0.0,0.8640652592518454,0.0
6920.0,0.0,0.0,0.0,0.0,0.0,0.0,1.7412692272375323,0.0,0.0,0.0,0.0,0.0,0.0,8.73143314448314,0.0,0.0,0.0,0.0,0.0,0.0,2.1093456097455396,0.0,0.0,15.570670272280086,41.204272660288275,0.0,0.8640652592518454,0.0
6930.0,0.0,0.0,0.0,0.0,0.0,0.0,1.7412692272375323,0.0,0.0,0.0,0.0,0.0,0.0,8.73143314448314,0.0,0.0,0.45726619019774317,0.0,0.0,0.0,2.6366820121819243,0.0,0.0,14.862912532630991,42.288595625032706,0.0,0.5760435061678969,0.0
6940.0,0.0,0.0,0.0,0.0,0.0,0.0,1.9347435858194804,0.0,0.0,0.0,0.0,0.0,0.0,11.641910859310853,0.0,0.0,0.45726619019774317,0.0,0.0,0.0,2.6366820121819243,0.0,0.0,12.739639313683707,42.288595625032706,0.0,1.1520870123357938,0.0
6950.0,0.0,0.0,0.0,0.0,0.0,0.0,1.9347435858194804,0.0,0.0,0.0,0.0,0.0,0.0,8.73143314448314,0.0,0.0,0.45726619019774317,0.0,0.0,0.0,2.1093456097455396,0.0,0.0,11.324123834385517,44.457241554521566,0.0,1.4401087654197422,0.0
6960.0,0.0,0.0,0.0,0.0,0.0,0.0,1.7412692272375323,0.0,0.0,0.0,0.0,0.0,0.0,8.73143314448314,0.0,0.0,0.0,0.0,0.0,0.0,2.6366820121819243,0.0,0.0,11.324123834385517,43.372918589777136,0.0,2.3041740246715876,0.0
6970.0,0.0,0.0,0.0,0.0,0.0,0.0,1.9347435858194804,0.0,0.0,0.0,0.0,0.0,0.0,5.8209554296554264,0.0,0.0,0.0,0.0,0.0,0.0,1.0546728048727698,0.0,0.0,11.324123834385517,44.457241554521566,0.0,2.5921957777555362,0.0
6980.0,0.0,0.0,0.0,0.0,0.0,0.0,1.7412692272375323,0.0,0.0,0.0,0.0,0.0,0.0,8.73143314448314,0.0,0.0,0.0,0.0,0.0,0.0,0.5273364024363849,0.0,0.0,11.324123834385517,43.372918589777136,0.0,2.8802175308394844,0.0
6990.0,0.0,0.0,0.0,0.0,0.0,0.0,1.5477948686555842,0.0,0.0,0.0,0.0,0.0,0.0,11.641910859310853,0.0,0.0,0.0,0.0,0.0,0.0,1.0546728048727698,0.0,0.0,12.031881574034612,41.204272660288275,0.0,2.5921957777555362,0.0
7000.0,0.0,0.0,0.0,0.0,0.0,0.0,1.3543205100736362,0.0,0.0,0.0,0.0,0.0,0.0,11.641910859310853,0.0,0.0,0.0,0.0,0.0,0.0,1.5820092073091547,0.0,0.0,11.324123834385517,42.288595625032706,0.0,2.3041740246715876,0.0
7010.0,0.0,0.0,0.0,0.0,0.0,0.0,1.3543205100736362,0.0,0.0,0.0,0.0,0.0,0.0,14.552388574138567,0.0,0.0,0.0,0.0,0.0,0.0,1.0546728048727698,0.0,0.0,12.031881574034612,39.03562673079942,0.0,2.016152271587639,0.0
7020.0,0.0,0.0,0.0,0.0,0.0,0.0,1.3543205100736362,0.0,0.0,0.0,0.0,0.0,0.0,14.552388574138567,0.0,0.0,0.0,0.0,0.0,0.0,1.5820092073091547,0.0,0.0,9.908608355087328,44.457241554521566,0.0,1.4401087654197422,0.0
7030.0,0.0,0.0,0.0,0.0,0.0,0.0,1.5477948686555842,0.0,0.0,0.0,0.0,0.0,0.0,11.641910859310853,0.0,0.0,0.0,0.0,0.0,0.0,2.1093456097455396,0.0,0.0,8.493092875789138,43.372918589777136,0.0,1.7281305185036908,0.0
7040.0,0.0,0.0,0.0,0.0,0.0,0.0,2.1282179444014284,0.0,0.0,0.0,0.0,0.0,0.0,5.8209554296554264,0.0,0.0,0.45726619019774317,0.0,0.0,0.0,2.1093456097455396,0.0,0.0,8.493092875789138,42.288595625032706,0.0,2.016152271587639,0.0
7050.0,0.0,0.0,0.0,0.0,0.0,0.0,2.3216923029833763,0.0,0.0,0.0,0.0,0.0,0.0,8.73143314448314,0.0,0.0,0.0,0.0,0.0,0.0,1.0546728048727698,0.0,0.0,8.493092875789138,42.288595625032706,0.0,2.3041740246715876,0.0
7060.0,0.0,0.0,0.0,0.0,0.0,0.0,2.7086410201472724,0.0,0.0,0.0,0.0,0.0,0.0,5.8209554296554264,0.0,0.0,0.0,0.0,0.0,0.0,0.0,0.0,0.0,9.200850615438233,41.204272660288275,0.0,2.5921957777555362,0.0
7070.0,0.0,0.0,0.0,0.0,0.0,0.0,2.9021153787292207,0.0,0.0,0.0,0.0,0.0,0.0,5.8209554296554264,0.0,0.0,0.0,0.0,0.0,0.0,0.5273364024363849,0.0,0.0,10.616366094736422,41.204272660288275,0.0,2.5921957777555362,0.0
7080.0,0.0,0.0,0.0,0.0,0.0,0.0,2.7086410201472724,0.0,0.0,0.0,0.0,0.0,0.0,8.73143314448314,0.0,0.0,0.0,0.0,0.0,0.0,0.5273364024363849,0.0,0.0,11.324123834385517,41.204272660288275,0.0,2.016152271587639,0.0
7090.0,0.0,0.0,0.0,0.0,0.0,0.0,2.5151666615653245,0.0,0.0,0.0,0.0,0.0,0.0,14.552388574138567,0.0,0.0,0.0,0.0,0.0,0.0,1.5820092073091547,0.0,0.0,12.031881574034612,40.11994969554385,0.0,1.7281305185036908,0.0
7100.0,0.0,0.0,0.0,0.0,0.0,0.0,2.5151666615653245,0.0,0.0,0.0,0.0,0.0,0.0,14.552388574138567,0.0,0.0,0.0,0.0,0.0,0.0,2.1093456097455396,0.0,0.0,11.324123834385517,42.288595625032706,0.0,1.1520870123357938,0.0
7110.0,0.0,0.0,0.0,0.0,0.0,0.0,2.5151666615653245,0.0,0.0,0.0,0.0,0.0,0.0,17.46286628896628,0.0,0.0,0.0,0.0,0.0,0.0,1.5820092073091547,0.0,0.0,11.324123834385517,41.204272660288275,0.0,1.1520870123357938,0.0
7120.0,0.0,0.0,0.0,0.0,0.0,0.0,2.3216923029833763,0.0,0.0,0.0,0.0,0.0,0.0,20.373344003793992,0.0,0.0,0.0,0.0,0.0,0.0,1.5820092073091547,0.0,0.0,10.616366094736422,40.11994969554385,0.0,1.4401087654197422,0.0
7130.0,0.0,0.0,0.0,0.0,0.0,0.0,2.1282179444014284,0.0,0.0,0.0,0.0,0.0,0.0,20.373344003793992,0.0,0.0,0.0,0.0,0.0,0.0,1.5820092073091547,0.0,0.0,10.616366094736422,40.11994969554385,0.0,1.4401087654197422,0.0
7140.0,0.0,0.0,0.0,0.0,0.0,0.0,2.1282179444014284,0.0,0.0,0.0,0.0,0.0,0.0,17.46286628896628,0.0,0.0,0.0,0.0,0.0,0.0,2.6366820121819243,0.0,0.0,9.200850615438233,39.03562673079942,0.0,1.7281305185036908,0.0
7150.0,0.0,0.0,0.0,0.0,0.0,0.0,2.3216923029833763,0.0,0.0,0.0,0.0,0.0,0.0,17.46286628896628,0.0,0.0,0.0,0.0,0.0,0.0,2.6366820121819243,0.0,0.0,8.493092875789138,40.11994969554385,0.0,1.7281305185036908,0.0
7160.0,0.0,0.0,0.0,0.0,0.0,0.0,2.5151666615653245,0.0,0.0,0.0,0.0,0.0,0.0,11.641910859310853,0.0,0.0,0.0,0.0,0.0,0.0,3.1640184146183095,0.0,0.0,9.908608355087328,36.86698080131056,0.0,2.016152271587639,0.0
7170.0,0.0,0.0,0.0,0.0,0.0,0.0,2.3216923029833763,0.0,0.0,0.0,0.0,0.0,0.0,8.73143314448314,0.0,0.0,0.0,0.0,0.0,0.0,1.0546728048727698,0.0,0.0,10.616366094736422,33.61401190707728,0.0,2.3041740246715876,0.0
7180.0,0.0,0.0,0.0,0.0,0.0,0.0,2.1282179444014284,0.0,0.0,0.0,0.0,0.0,0.0,11.641910859310853,0.0,0.0,0.0,0.0,0.0,0.0,1.0546728048727698,0.0,0.0,10.616366094736422,30.361043012843993,0.0,2.016152271587639,0.0
7190.0,0.0,0.0,0.0,0.0,0.0,0.0,2.1282179444014284,0.0,0.0,0.0,0.0,0.0,0.0,14.552388574138567,0.0,0.0,0.0,0.0,0.0,0.0,1.5820092073091547,0.0,0.0,10.616366094736422,27.10807411861071,0.0,1.4401087654197422,0.0
7200.0,0.0,0.0,0.0,0.0,0.0,0.0,2.1282179444014284,0.0,0.0,0.0,0.0,0.0,0.0,14.552388574138567,0.0,0.0,0.0,0.0,0.0,0.0,1.5820092073091547,0.0,0.0,9.908608355087328,24.939428189121852,0.0,1.1520870123357938,0.0
7210.0,0.0,0.0,0.0,0.0,0.0,0.0,1.9347435858194804,0.0,0.0,0.0,0.0,0.0,0.0,17.46286628896628,0.0,0.0,0.0,0.0,0.0,0.0,2.1093456097455396,0.0,0.0,9.200850615438233,20.602136330144138,0.0,1.7281305185036908,0.0
7220.0,0.0,0.0,0.0,0.0,0.0,0.0,1.9347435858194804,0.0,0.0,0.0,0.0,0.0,0.0,17.46286628896628,0.0,0.0,0.0,0.0,0.0,0.0,2.1093456097455396,0.0,0.0,9.908608355087328,17.349167435910854,0.0,1.7281305185036908,0.0
7230.0,0.0,0.0,0.0,0.0,0.0,0.0,2.1282179444014284,0.0,0.0,0.0,0.0,0.0,0.0,17.46286628896628,0.0,0.0,0.0,0.0,0.0,0.0,1.5820092073091547,0.0,0.0,9.908608355087328,18.43349040065528,0.0,1.4401087654197422,0.0
7240.0,0.0,0.0,0.0,0.0,0.0,0.0,2.3216923029833763,0.0,0.0,0.0,0.0,0.0,0.0,14.552388574138567,0.0,0.0,0.0,0.0,0.0,0.0,1.0546728048727698,0.0,0.0,8.493092875789138,17.349167435910854,0.0,1.4401087654197422,0.0
7250.0,0.0,0.0,0.0,0.0,0.0,0.0,2.5151666615653245,0.0,0.0,0.0,0.0,0.0,0.0,11.641910859310853,0.0,0.0,0.0,0.0,0.0,0.0,2.1093456097455396,0.0,0.0,7.785335136140043,17.349167435910854,0.0,1.4401087654197422,0.0
7260.0,0.0,0.0,0.0,0.0,0.0,0.0,2.3216923029833763,0.0,0.0,0.0,0.0,0.0,0.0,8.73143314448314,0.0,0.0,0.0,0.0,0.0,0.0,1.5820092073091547,0.0,0.0,4.954304177543664,18.43349040065528,0.0,1.7281305185036908,0.0
7270.0,0.0,0.0,0.0,0.0,0.0,0.0,2.1282179444014284,0.0,0.0,0.0,0.0,0.0,0.0,11.641910859310853,0.0,0.0,0.0,0.0,0.0,0.0,1.0546728048727698,0.0,0.0,3.538788698245474,17.349167435910854,0.0,2.3041740246715876,0.0
7280.0,0.0,0.0,0.0,0.0,0.0,0.0,2.1282179444014284,0.0,0.0,0.0,0.0,0.0,0.0,11.641910859310853,0.0,0.0,0.0,0.0,0.0,0.0,1.0546728048727698,0.0,0.0,0.7077577396490948,18.43349040065528,0.0,2.3041740246715876,0.0
7290.0,0.0,0.0,0.0,0.0,0.0,0.0,2.1282179444014284,0.0,0.0,0.0,0.0,0.0,0.0,14.552388574138567,0.0,0.0,0.45726619019774317,0.0,0.0,0.0,0.5273364024363849,0.0,0.0,1.4155154792981897,14.096198541677568,0.0,2.8802175308394844,0.0
7300.0,0.0,0.0,0.0,0.0,0.0,0.0,1.7412692272375323,0.0,0.0,0.0,0.0,0.0,0.0,17.46286628896628,0.0,0.0,0.0,0.0,0.0,0.0,0.5273364024363849,0.0,0.0,0.7077577396490948,11.927552612188713,0.0,2.3041740246715876,0.0
7310.0,0.0,0.0,0.0,0.0,0.0,0.0,1.5477948686555842,0.0,0.0,0.0,0.0,0.0,0.0,17.46286628896628,0.0,0.0,0.0,0.0,0.0,0.0,1.0546728048727698,0.0,0.0,1.4155154792981897,8.674583717955427,0.0,2.3041740246715876,0.0
7320.0,0.0,0.0,0.0,0.0,0.0,0.0,1.5477948686555842,0.0,0.0,0.0,0.0,0.0,0.0,14.552388574138567,0.0,0.0,0.0,0.0,0.0,0.0,1.5820092073091547,0.0,0.0,1.4155154792981897,5.421614823722142,0.0,2.3041740246715876,0.0
7330.0,0.0,0.0,0.0,0.0,0.0,0.0,1.5477948686555842,0.0,0.0,0.0,0.0,0.0,0.0,11.641910859310853,0.0,0.0,0.0,0.0,0.0,0.0,0.5273364024363849,0.0,0.0,1.4155154792981897,2.1686459294888567,0.0,2.3041740246715876,0.0
7340.0,0.0,0.0,0.0,0.0,0.0,0.0,1.7412692272375323,0.0,0.0,0.0,0.0,0.0,0.0,8.73143314448314,0.0,0.0,0.0,0.0,0.0,0.0,0.5273364024363849,0.0,0.0,1.4155154792981897,0.0,0.0,1.7281305185036908,0.0
7350.0,0.0,0.0,0.0,0.0,0.0,0.0,1.7412692272375323,0.0,0.0,0.0,0.0,0.0,0.0,5.8209554296554264,0.0,0.0,0.0,0.0,0.0,0.0,1.5820092073091547,0.0,0.0,0.0,0.0,0.0,1.4401087654197422,0.0
7360.0,0.0,0.0,0.0,0.0,0.0,0.0,1.5477948686555842,0.0,0.0,0.0,0.0,0.0,0.0,11.641910859310853,0.0,0.0,0.0,0.0,0.0,0.0,1.5820092073091547,0.0,0.0,0.0,0.0,0.0,0.8640652592518454,0.0
7370.0,0.0,0.0,0.0,0.0,0.0,0.0,2.1282179444014284,0.0,0.0,0.0,0.0,0.0,0.0,8.73143314448314,0.0,0.0,0.0,0.0,0.0,0.0,0.5273364024363849,0.0,0.0,0.0,0.0,0.0,0.28802175308394845,0.0
7380.0,0.0,0.0,0.0,0.0,0.0,0.0,2.3216923029833763,0.0,0.0,0.0,0.0,0.0,0.0,11.641910859310853,0.0,0.0,0.0,0.0,0.0,0.0,0.0,0.0,0.0,0.0,0.0,0.0,0.0,0.0
7390.0,0.0,0.0,0.0,0.0,0.0,0.0,2.9021153787292207,0.0,0.0,0.0,0.0,0.0,0.0,5.8209554296554264,0.0,0.0,0.0,0.0,0.0,0.0,0.0,0.0,0.0,0.0,0.0,0.0,0.0,0.0
7400.0,0.0,0.0,0.0,0.0,0.0,0.0,2.7086410201472724,0.0,0.0,0.0,0.0,0.0,0.0,8.73143314448314,0.0,0.0,0.0,0.0,0.0,0.0,0.0,0.0,0.0,0.0,0.0,0.0,0.0,0.0
7410.0,0.0,0.0,0.0,0.0,0.0,0.0,2.9021153787292207,0.0,0.0,0.0,0.0,0.0,0.0,11.641910859310853,0.0,0.0,0.0,0.0,0.0,0.0,0.0,0.0,0.0,0.0,0.0,0.0,0.0,0.0
7420.0,0.0,0.0,0.0,0.0,0.0,0.0,2.7086410201472724,0.0,0.0,0.0,0.0,0.0,0.0,11.641910859310853,0.0,0.0,0.0,0.0,0.0,0.0,0.0,0.0,0.0,0.0,0.0,0.0,0.0,0.0
7430.0,0.0,0.0,0.0,0.0,0.0,0.0,2.3216923029833763,0.0,0.0,0.0,0.0,0.0,0.0,14.552388574138567,0.0,0.0,0.0,0.0,0.0,0.0,0.0,0.0,0.0,0.0,0.0,0.0,0.0,0.0
7440.0,0.0,0.0,0.0,0.0,0.0,0.0,2.1282179444014284,0.0,0.0,0.0,0.0,0.0,0.0,14.552388574138567,0.0,0.0,0.0,0.0,0.0,0.0,0.0,0.0,0.0,0.0,0.0,0.0,0.0,0.0
7450.0,0.0,0.0,0.0,0.0,0.0,0.0,1.5477948686555842,0.0,0.0,0.0,0.0,0.0,0.0,14.552388574138567,0.0,0.0,0.0,0.0,0.0,0.0,0.0,0.0,0.0,0.0,0.0,0.0,0.0,0.0
7460.0,0.0,0.0,0.0,0.0,0.0,0.0,0.7738974343277921,0.0,0.0,0.0,0.0,0.0,0.0,23.283821718621706,0.0,0.0,0.0,0.0,0.0,0.0,0.0,0.0,0.0,0.0,0.0,0.0,0.0,0.0
7470.0,0.0,0.0,0.0,0.0,0.0,0.0,0.38694871716389606,0.0,0.0,0.0,0.0,0.0,0.0,26.19429943344942,0.0,0.0,0.0,0.0,0.0,0.0,0.0,0.0,0.0,0.0,0.0,0.0,0.0,0.0
7480.0,0.0,0.0,0.0,0.0,0.0,0.0,0.0,0.0,0.0,0.0,0.0,0.0,0.0,29.104777148277133,0.0,0.0,0.0,0.0,0.0,0.0,0.0,0.0,0.0,0.0,0.0,0.0,0.0,0.0
7490.0,0.0,0.0,0.0,0.0,0.0,0.0,0.0,0.0,0.0,0.0,0.0,0.0,0.0,20.373344003793992,0.0,0.0,0.0,0.0,0.0,0.0,0.0,0.0,0.0,0.0,0.0,0.0,0.0,0.0
7500.0,0.0,0.0,0.0,0.0,0.0,0.0,0.0,0.0,0.0,0.0,0.0,0.0,0.0,8.73143314448314,0.0,0.0,0.0,0.0,0.0,0.0,0.0,0.0,0.0,0.0,0.0,0.0,0.0,0.0
7510.0,0.0,0.0,0.0,0.0,0.0,0.0,0.0,0.0,0.0,0.0,0.0,0.0,0.0,0.0,0.0,0.0,0.0,0.0,0.0,0.0,0.0,0.0,0.0,0.0,0.0,0.0,0.0,0.0
7520.0,0.0,0.0,0.0,0.0,0.0,0.0,0.0,0.0,0.0,0.0,0.0,0.0,0.0,0.0,0.0,0.0,0.0,0.0,0.0,0.0,0.0,0.0,0.0,0.0,0.0,0.0,0.0,0.0
7530.0,0.0,0.0,0.0,0.0,0.0,0.0,0.0,0.0,0.0,0.0,0.0,0.0,0.0,0.0,0.0,0.0,0.0,0.0,0.0,0.0,0.0,0.0,0.0,0.0,0.0,0.0,0.0,0.0
7540.0,0.0,0.0,0.0,0.0,0.0,0.0,0.0,0.0,0.0,0.0,0.0,0.0,0.0,0.0,0.0,0.0,0.0,0.0,0.0,0.0,0.0,0.0,0.0,0.0,0.0,0.0,0.0,0.0
7550.0,0.0,0.0,0.0,0.0,0.0,0.0,0.0,0.0,0.0,0.0,0.0,0.0,0.0,0.0,0.0,0.0,0.0,0.0,0.0,0.0,0.0,0.0,0.0,0.0,0.0,0.0,0.0,0.0
7560.0,0.0,0.0,0.0,0.0,0.0,0.0,0.0,0.0,0.0,0.0,0.0,0.0,0.0,0.0,0.0,0.0,0.0,0.0,0.0,0.0,0.0,0.0,0.0,0.0,0.0,0.0,0.0,0.0
7570.0,0.0,0.0,0.0,0.0,0.0,0.0,0.0,0.0,0.0,0.0,0.0,0.0,0.0,0.0,0.0,0.0,0.0,0.0,0.0,0.0,0.0,0.0,0.0,0.0,0.0,0.0,0.0,0.0
7580.0,0.0,0.0,0.0,0.0,0.0,0.0,0.0,0.0,0.0,0.0,0.0,0.0,0.0,0.0,0.0,0.0,0.0,0.0,0.0,0.0,0.0,0.0,0.0,0.0,0.0,0.0,0.0,0.0
7590.0,0.0,0.0,0.0,0.0,0.0,0.0,0.0,0.0,0.0,0.0,0.0,0.0,0.0,0.0,0.0,0.0,0.0,0.0,0.0,0.0,0.0,0.0,0.0,0.0,0.0,0.0,0.0,0.0
7600.0,0.0,0.0,0.0,0.0,0.0,0.0,0.0,0.0,0.0,0.0,0.0,0.0,0.0,0.0,0.0,0.0,0.0,0.0,0.0,0.0,0.0,0.0,0.0,0.0,0.0,0.0,0.0,0.0
7610.0,0.0,0.0,0.0,0.0,0.0,0.0,0.0,0.0,0.0,0.0,0.0,0.0,0.0,0.0,0.0,0.0,0.0,0.0,0.0,0.0,0.0,0.0,0.0,0.0,0.0,0.0,0.0,0.0
7620.0,0.0,0.0,0.0,0.0,0.0,0.0,0.0,0.0,0.0,0.0,0.0,0.0,0.0,0.0,0.0,0.0,0.0,0.0,0.0,0.0,0.0,0.0,0.0,0.0,0.0,0.0,0.0,0.0
7630.0,0.0,0.0,0.0,0.0,0.0,0.0,0.0,0.0,0.0,0.0,0.0,0.0,0.0,0.0,0.0,0.0,0.0,0.0,0.0,0.0,0.0,0.0,0.0,0.0,0.0,0.0,0.0,0.0
7640.0,0.0,0.0,0.0,0.0,0.0,0.0,0.0,0.0,0.0,0.0,0.0,0.0,0.0,0.0,0.0,0.0,0.0,0.0,0.0,0.0,0.0,0.0,0.0,0.0,0.0,0.0,0.0,0.0
7650.0,0.0,0.0,0.0,0.0,0.0,0.0,0.0,0.0,0.0,0.0,0.0,0.0,0.0,0.0,0.0,0.0,0.0,0.0,0.0,0.0,0.0,0.0,0.0,0.0,0.0,0.0,0.0,0.0
