time_s,cars_on_campus,cumulative_spawned,cumulative_exited
0,3200,0,0
1,3200,0,0
2,3200,0,0
3,3200,0,0
4,3200,0,0
5,3200,0,0
6,3200,0,0
7,3200,0,0
8,3200,0,0
9,3200,0,0
10,3200,0,0
11,3200,0,0
12,3200,0,0
13,3200,0,0
14,3200,0,0
15,3200,0,0
16,3200,0,0
17,3200,0,0
18,3200,0,0
19,3200,0,0
20,3200,0,0
21,3200,0,0
22,3200,0,0
23,3200,0,0
24,3200,0,0
25,3200,0,0
26,3200,0,0
27,3200,0,0
28,3200,0,0
29,3200,0,0
30,3200,0,0
31,3200,0,0
32,3200,0,0
33,3200,0,0
34,3200,0,0
35,3200,0,0
36,3200,0,0
37,3200,0,0
38,3200,0,0
39,3200,0,0
40,3200,0,0
41,3200,0,0
42,3200,0,0
43,3200,0,0
44,3200,0,0
45,3200,0,0
46,3200,0,0
47,3200,0,0
48,3200,0,0
49,3200,0,0
50,3200,0,0
51,3200,0,0
52,3200,0,0
53,3200,0,0
54,3200,0,0
55,3200,0,0
56,3200,0,0
57,3200,0,0
58,3200,0,0
59,3200,0,0
60,3200,2300,0
61,3200,2300,0
62,3200,2300,0
63,3200,2300,0
64,3200,2300,0
65,3200,2300,0
66,3200,2300,0
67,3200,2300,0
68,3200,2300,0
69,3200,2300,0
70,3200,2300,0
71,3200,2300,0
72,3200,2300,0
73,3200,2300,0
74,3200,2300,0
75,3200,2300,0
76,3200,2300,0
77,3200,2300,0
78,3200,2300,0
79,3200,2300,0
80,3200,2300,0
81,3200,2300,0
82,3200,2300,0
83,3200,2300,0
84,3200,2300,0
85,3200,2300,0
86,3200,2300,0
87,3200,2300,0
88,3200,2300,0
89,3200,2300,0
90,3200,2300,0
91,3200,2300,0
92,3200,2300,0
93,3199,2300,1
94,3198,2300,2
95,3198,2300,2
96,3198,2300,2
97,3198,2300,2
98,3197,2300,3
99,3196,2300,4
100,3196,2300,4
101,3196,2300,4
102,3196,2300,4
103,3196,2300,4
104,3194,2300,6
105,3194,2300,6
106,3194,2300,6
107,3194,2300,6
108,3194,2300,6
109,3192,2300,8
110,3192,2300,8
111,3192,2300,8
112,3192,2300,8
113,3191,2300,9
114,3190,2300,10
115,3190,2300,10
116,3190,2300,10
117,3189,2300,11
118,3187,2300,13
119,3187,2300,13
120,3187,2300,13
121,3186,2300,14
122,3186,2300,14
123,3185,2300,15
124,3183,2300,17
125,3183,2300,17
126,3182,2300,18
127,3182,2300,18
128,3181,2300,19
129,3180,2300,20
130,3180,2300,20
131,3179,2300,21
132,3179,2300,21
133,3177,2300,23
134,3177,2300,23
135,3176,2300,24
136,3175,2300,25
137,3174,2300,26
138,3172,2300,28
139,3172,2300,28
140,3171,2300,29
141,3170,2300,30
142,3170,2300,30
143,3169,2300,31
144,3169,2300,31
145,3167,2300,33
146,3166,2300,34
147,3164,2300,36
148,3163,2300,37
149,3162,2300,38
150,3161,2300,39
151,3160,2300,40
152,3158,2300,42
153,3156,2300,44
154,3156,2300,44
155,3154,2300,46
156,3154,2300,46
157,3153,2300,47
158,3151,2300,49
159,3151,2300,49
160,3151,2300,49
161,3148,2300,52
162,3147,2300,53
163,3146,2300,54
164,3145,2300,55
165,3144,2300,56
166,3143,2300,57
167,3143,2300,57
168,3142,2300,58
169,3140,2300,60
170,3139,2300,61
171,3139,2300,61
172,3137,2300,63
173,3136,2300,64
174,3135,2300,65
175,3133,2300,67
176,3132,2300,68
177,3131,2300,69
178,3129,2300,71
179,3129,2300,71
180,3129,2300,71
181,3125,2300,75
182,3125,2300,75
183,3125,2300,75
184,3122,2300,78
185,3121,2300,79
186,3120,2300,80
187,3118,2300,82
188,3118,2300,82
189,3116,2300,84
190,3114,2300,86
191,3114,2300,86
192,3113,2300,87
193,3110,2300,90
194,3110,2300,90
195,3109,2300,91
196,3107,2300,93
197,3106,2300,94
198,3106,2300,94
199,3103,2300,97
200,3103,2300,97
201,3102,2300,98
202,3101,2300,99
203,3099,2300,101
204,3099,2300,101
205,3099,2300,101
206,3098,2300,102
207,3096,2300,104
208,3096,2300,104
209,3093,2300,107
210,3092,2300,108
211,3092,2300,108
212,3090,2300,110
213,3089,2300,111
214,3088,2300,112
215,3087,2300,113
216,3087,2300,113
217,3087,2300,113
218,3085,2300,115
219,3084,2300,116
220,3083,2300,117
221,3083,2300,117
222,3082,2300,118
223,3080,2300,120
224,3080,2300,120
225,3077,2300,123
226,3077,2300,123
227,3076,2300,124
228,3076,2300,124
229,3074,2300,126
230,3073,2300,127
231,3073,2300,127
232,3071,2300,129
233,3070,2300,130
234,3070,2300,130
235,3069,2300,131
236,3067,2300,133
237,3067,2300,133
238,3067,2300,133
239,3065,2300,135
240,3065,2300,135
241,3064,2300,136
242,3063,2300,137
243,3062,2300,138
244,3062,2300,138
245,3061,2300,139
246,3060,2300,140
247,3059,2300,141
248,3058,2300,142
249,3057,2300,143
250,3056,2300,144
251,3056,2300,144
252,3055,2300,145
253,3054,2300,146
254,3052,2300,148
255,3051,2300,149
256,3051,2300,149
257,3049,2300,151
258,3049,2300,151
259,3049,2300,151
260,3047,2300,153
261,3046,2300,154
262,3045,2300,155
263,3044,2300,156
264,3043,2300,157
265,3042,2300,158
266,3041,2300,159
267,3040,2300,160
268,3039,2300,161
269,3038,2300,162
270,3038,2300,162
271,3036,2300,164
272,3035,2300,165
273,3035,2300,165
274,3034,2300,166
275,3033,2300,167
276,3032,2300,168
277,3032,2300,168
278,3032,2300,168
279,3031,2300,169
280,3030,2300,170
281,3030,2300,170
282,3030,2300,170
283,3028,2300,172
284,3028,2300,172
285,3028,2300,172
286,3028,2300,172
287,3027,2300,173
288,3027,2300,173
289,3027,2300,173
290,3027,2300,173
291,3027,2300,173
292,3026,2300,174
293,3025,2300,175
294,3025,2300,175
295,3024,2300,176
296,3023,2300,177
297,3023,2300,177
298,3023,2300,177
299,3021,2300,179
300,3021,2300,179
301,3021,2300,179
302,3020,2300,180
303,3018,2300,182
304,3018,2300,182
305,3017,2300,183
306,3017,2300,183
307,3015,2300,185
308,3015,2300,185
309,3014,2300,186
310,3013,2300,187
311,3011,2300,189
312,3011,2300,189
313,3011,2300,189
314,3009,2300,191
315,3009,2300,191
316,3008,2300,192
317,3008,2300,192
318,3006,2300,194
319,3006,2300,194
320,3006,2300,194
321,3006,2300,194
322,3004,2300,196
323,3004,2300,196
324,3003,2300,197
325,3003,2300,197
326,3002,2300,198
327,3001,2300,199
328,3001,2300,199
329,2999,2300,201
330,2999,2300,201
331,2999,2300,201
332,2998,2300,202
333,2997,2300,203
334,2996,2300,204
335,2996,2300,204
336,2995,2300,205
337,2995,2300,205
338,2995,2300,205
339,2994,2300,206
340,2993,2300,207
341,2992,2300,208
342,2991,2300,209
343,2990,2300,210
344,2990,2300,210
345,2990,2300,210
346,2989,2300,211
347,2989,2300,211
348,2988,2300,212
349,2988,2300,212
350,2988,2300,212
351,2988,2300,212
352,2988,2300,212
353,2987,2300,213
354,2986,2300,214
355,2985,2300,215
356,2985,2300,215
357,2984,2300,216
358,2983,2300,217
359,2983,2300,217
360,2981,2300,219
361,2980,2300,220
362,2979,2300,221
363,2979,2300,221
364,2979,2300,221
365,2978,2300,222
366,2977,2300,223
367,2977,2300,223
368,2976,2300,224
369,2975,2300,225
370,2975,2300,225
371,2974,2300,226
372,2974,2300,226
373,2973,2300,227
374,2973,2300,227
375,2973,2300,227
376,2972,2300,228
377,2972,2300,228
378,2971,2300,229
379,2971,2300,229
380,2970,2300,230
381,2970,2300,230
382,2970,2300,230
383,2969,2300,231
384,2969,2300,231
385,2969,2300,231
386,2969,2300,231
387,2968,2300,232
388,2968,2300,232
389,2968,2300,232
390,2965,2300,235
391,2965,2300,235
392,2965,2300,235
393,2964,2300,236
394,2964,2300,236
395,2964,2300,236
396,2964,2300,236
397,2963,2300,237
398,2963,2300,237
399,2962,2300,238
400,2961,2300,239
401,2961,2300,239
402,2961,2300,239
403,2959,2300,241
404,2958,2300,242
405,2958,2300,242
406,2957,2300,243
407,2956,2300,244
408,2956,2300,244
409,2955,2300,245
410,2955,2300,245
411,2955,2300,245
412,2954,2300,246
413,2953,2300,247
414,2952,2300,248
415,2952,2300,248
416,2952,2300,248
417,2952,2300,248
418,2951,2300,249
419,2951,2300,249
420,2950,2300,250
421,2950,2300,250
422,2950,2300,250
423,2949,2300,251
424,2949,2300,251
425,2949,2300,251
426,2949,2300,251
427,2949,2300,251
428,2949,2300,251
429,2947,2300,253
430,2945,2300,255
431,2945,2300,255
432,2944,2300,256
433,2943,2300,257
434,2942,2300,258
435,2942,2300,258
436,2941,2300,259
437,2941,2300,259
438,2941,2300,259
439,2941,2300,259
440,2940,2300,260
441,2939,2300,261
442,2939,2300,261
443,2938,2300,262
444,2937,2300,263
445,2937,2300,263
446,2937,2300,263
447,2936,2300,264
448,2935,2300,265
449,2935,2300,265
450,2935,2300,265
451,2934,2300,266
452,2934,2300,266
453,2934,2300,266
454,2934,2300,266
455,2933,2300,267
456,2932,2300,268
457,2932,2300,268
458,2931,2300,269
459,2930,2300,270
460,2930,2300,270
461,2930,2300,270
462,2928,2300,272
463,2928,2300,272
464,2928,2300,272
465,2927,2300,273
466,2927,2300,273
467,2927,2300,273
468,2926,2300,274
469,2925,2300,275
470,2924,2300,276
471,2924,2300,276
472,2923,2300,277
473,2923,2300,277
474,2923,2300,277
475,2923,2300,277
476,2923,2300,277
477,2923,2300,277
478,2923,2300,277
479,2923,2300,277
480,2922,2300,278
481,2921,2300,279
482,2921,2300,279
483,2921,2300,279
484,2921,2300,279
485,2920,2300,280
486,2920,2300,280
487,2920,2300,280
488,2920,2300,280
489,2920,2300,280
490,2918,2300,282
491,2918,2300,282
492,2916,2300,284
493,2916,2300,284
494,2916,2300,284
495,2916,2300,284
496,2915,2300,285
497,2915,2300,285
498,2914,2300,286
499,2914,2300,286
500,2913,2300,287
501,2913,2300,287
502,2912,2300,288
503,2911,2300,289
504,2910,2300,290
505,2910,2300,290
506,2909,2300,291
507,2909,2300,291
508,2907,2300,293
509,2906,2300,294
510,2906,2300,294
511,2905,2300,295
512,2904,2300,296
513,2904,2300,296
514,2903,2300,297
515,2902,2300,298
516,2902,2300,298
517,2901,2300,299
518,2900,2300,300
519,2899,2300,301
520,2898,2300,302
521,2897,2300,303
522,2897,2300,303
523,2896,2300,304
524,2896,2300,304
525,2895,2300,305
526,2895,2300,305
527,2895,2300,305
528,2894,2300,306
529,2894,2300,306
530,2894,2300,306
531,2894,2300,306
532,2893,2300,307
533,2891,2300,309
534,2891,2300,309
535,2889,2300,311
536,2889,2300,311
537,2889,2300,311
538,2887,2300,313
539,2886,2300,314
540,2885,2300,315
541,2885,2300,315
542,2884,2300,316
543,2883,2300,317
544,2882,2300,318
545,2882,2300,318
546,2882,2300,318
547,2881,2300,319
548,2880,2300,320
549,2880,2300,320
550,2879,2300,321
551,2879,2300,321
552,2878,2300,322
553,2877,2300,323
554,2877,2300,323
555,2877,2300,323
556,2876,2300,324
557,2876,2300,324
558,2874,2300,326
559,2873,2300,327
560,2872,2300,328
561,2871,2300,329
562,2871,2300,329
563,2871,2300,329
564,2870,2300,330
565,2870,2300,330
566,2869,2300,331
567,2868,2300,332
568,2867,2300,333
569,2866,2300,334
570,2866,2300,334
571,2865,2300,335
572,2863,2300,337
573,2863,2300,337
574,2863,2300,337
575,2863,2300,337
576,2862,2300,338
577,2861,2300,339
578,2861,2300,339
579,2859,2300,341
580,2859,2300,341
581,2859,2300,341
582,2858,2300,342
583,2858,2300,342
584,2857,2300,343
585,2856,2300,344
586,2856,2300,344
587,2856,2300,344
588,2856,2300,344
589,2856,2300,344
590,2855,2300,345
591,2855,2300,345
592,2855,2300,345
593,2854,2300,346
594,2852,2300,348
595,2852,2300,348
596,2850,2300,350
597,2850,2300,350
598,2848,2300,352
599,2847,2300,353
600,2846,2300,354
601,2845,2300,355
602,2844,2300,356
603,2843,2300,357
604,2843,2300,357
605,2843,2300,357
606,2842,2300,358
607,2841,2300,359
608,2840,2300,360
609,2840,2300,360
610,2840,2300,360
611,2839,2300,361
612,2838,2300,362
613,2838,2300,362
614,2838,2300,362
615,2837,2300,363
616,2835,2300,365
617,2835,2300,365
618,2835,2300,365
619,2834,2300,366
620,2834,2300,366
621,2834,2300,366
622,2834,2300,366
623,2834,2300,366
624,2834,2300,366
625,2833,2300,367
626,2832,2300,368
627,2832,2300,368
628,2830,2300,370
629,2829,2300,371
630,2829,2300,371
631,2828,2300,372
632,2827,2300,373
633,2826,2300,374
634,2826,2300,374
635,2826,2300,374
636,2825,2300,375
637,2825,2300,375
638,2824,2300,376
639,2823,2300,377
640,2822,2300,378
641,2821,2300,379
642,2821,2300,379
643,2820,2300,380
644,2820,2300,380
645,2820,2300,380
646,2819,2300,381
647,2818,2300,382
648,2816,2300,384
649,2815,2300,385
650,2815,2300,385
651,2814,2300,386
652,2813,2300,387
653,2813,2300,387
654,2813,2300,387
655,2812,2300,388
656,2812,2300,388
657,2812,2300,388
658,2810,2300,390
659,2809,2300,391
660,2808,2300,392
661,2808,2300,392
662,2807,2300,393
663,2805,2300,395
664,2804,2300,396
665,2803,2300,397
666,2803,2300,397
667,2803,2300,397
668,2803,2300,397
669,2801,2300,399
670,2801,2300,399
671,2800,2300,400
672,2799,2300,401
673,2799,2300,401
674,2799,2300,401
675,2799,2300,401
676,2799,2300,401
677,2799,2300,401
678,2798,2300,402
679,2798,2300,402
680,2797,2300,403
681,2797,2300,403
682,2797,2300,403
683,2797,2300,403
684,2797,2300,403
685,2797,2300,403
686,2797,2300,403
687,2797,2300,403
688,2797,2300,403
689,2796,2300,404
690,2796,2300,404
691,2796,2300,404
692,2796,2300,404
693,2796,2300,404
694,2795,2300,405
695,2795,2300,405
696,2795,2300,405
697,2795,2300,405
698,2795,2300,405
699,2794,2300,406
700,2794,2300,406
701,2794,2300,406
702,2794,2300,406
703,2794,2300,406
704,2794,2300,406
705,2794,2300,406
706,2794,2300,406
707,2793,2300,407
708,2793,2300,407
709,2792,2300,408
710,2792,2300,408
711,2791,2300,409
712,2791,2300,409
713,2791,2300,409
714,2791,2300,409
715,2791,2300,409
716,2791,2300,409
717,2791,2300,409
718,2791,2300,409
719,2790,2300,410
720,2790,2300,410
721,2790,2300,410
722,2790,2300,410
723,2790,2300,410
724,2790,2300,410
725,2789,2300,411
726,2789,2300,411
727,2789,2300,411
728,2788,2300,412
729,2788,2300,412
730,2788,2300,412
731,2788,2300,412
732,2788,2300,412
733,2788,2300,412
734,2787,2300,413
735,2787,2300,413
736,2787,2300,413
737,2786,2300,414
738,2786,2300,414
739,2786,2300,414
740,2786,2300,414
741,2786,2300,414
742,2785,2300,415
743,2785,2300,415
744,2784,2300,416
745,2784,2300,416
746,2784,2300,416
747,2784,2300,416
748,2784,2300,416
749,2784,2300,416
750,2784,2300,416
751,2783,2300,417
752,2783,2300,417
753,2783,2300,417
754,2783,2300,417
755,2783,2300,417
756,2783,2300,417
757,2783,2300,417
758,2782,2300,418
759,2782,2300,418
760,2781,2300,419
761,2781,2300,419
762,2780,2300,420
763,2780,2300,420
764,2780,2300,420
765,2779,2300,421
766,2779,2300,421
767,2778,2300,422
768,2778,2300,422
769,2778,2300,422
770,2778,2300,422
771,2778,2300,422
772,2778,2300,422
773,2777,2300,423
774,2777,2300,423
775,2777,2300,423
776,2777,2300,423
777,2777,2300,423
778,2776,2300,424
779,2776,2300,424
780,2776,2300,424
781,2776,2300,424
782,2776,2300,424
783,2776,2300,424
784,2775,2300,425
785,2775,2300,425
786,2774,2300,426
787,2774,2300,426
788,2774,2300,426
789,2773,2300,427
790,2773,2300,427
791,2773,2300,427
792,2772,2300,428
793,2772,2300,428
794,2772,2300,428
795,2771,2300,429
796,2771,2300,429
797,2771,2300,429
798,2770,2300,430
799,2770,2300,430
800,2770,2300,430
801,2770,2300,430
802,2770,2300,430
803,2770,2300,430
804,2769,2300,431
805,2769,2300,431
806,2768,2300,432
807,2768,2300,432
808,2768,2300,432
809,2768,2300,432
810,2767,2300,433
811,2767,2300,433
812,2767,2300,433
813,2767,2300,433
814,2766,2300,434
815,2766,2300,434
816,2766,2300,434
817,2766,2300,434
818,2765,2300,435
819,2764,2300,436
820,2764,2300,436
821,2764,2300,436
822,2764,2300,436
823,2764,2300,436
824,2764,2300,436
825,2764,2300,436
826,2764,2300,436
827,2764,2300,436
828,2764,2300,436
829,2764,2300,436
830,2764,2300,436
831,2764,2300,436
832,2764,2300,436
833,2764,2300,436
834,2763,2300,437
835,2763,2300,437
836,2763,2300,437
837,2763,2300,437
838,2762,2300,438
839,2761,2300,439
840,2761,2300,439
841,2761,2300,439
842,2761,2300,439
843,2761,2300,439
844,2761,2300,439
845,2761,2300,439
846,2760,2300,440
847,2760,2300,440
848,2760,2300,440
849,2759,2300,441
850,2759,2300,441
851,2759,2300,441
852,2759,2300,441
853,2759,2300,441
854,2759,2300,441
855,2759,2300,441
856,2758,2300,442
857,2758,2300,442
858,2758,2300,442
859,2758,2300,442
860,2758,2300,442
861,2757,2300,443
862,2757,2300,443
863,2757,2300,443
864,2757,2300,443
865,2756,2300,444
866,2756,2300,444
867,2756,2300,444
868,2756,2300,444
869,2756,2300,444
870,2756,2300,444
871,2756,2300,444
872,2756,2300,444
873,2755,2300,445
874,2754,2300,446
875,2754,2300,446
876,2754,2300,446
877,2754,2300,446
878,2754,2300,446
879,2754,2300,446
880,2753,2300,447
881,2753,2300,447
882,2753,2300,447
883,2752,2300,448
884,2752,2300,448
885,2751,2300,449
886,2751,2300,449
887,2750,2300,450
888,2750,2300,450
889,2750,2300,450
890,2750,2300,450
891,2749,2300,451
892,2749,2300,451
893,2748,2300,452
894,2748,2300,452
895,2748,2300,452
896,2748,2300,452
897,2747,2300,453
898,2747,2300,453
899,2747,2300,453
900,2747,2300,453
901,2746,2300,454
902,2746,2300,454
903,2746,2300,454
904,2746,2300,454
905,2746,2300,454
906,2746,2300,454
907,2746,2300,454
908,2745,2300,455
909,2745,2300,455
910,2744,2300,456
911,2744,2300,456
912,2744,2300,456
913,2744,2300,456
914,2743,2300,457
915,2743,2300,457
916,2743,2300,457
917,2743,2300,457
918,2743,2300,457
919,2743,2300,457
920,2743,2300,457
921,2743,2300,457
922,2743,2300,457
923,2742,2300,458
924,2742,2300,458
925,2742,2300,458
926,2742,2300,458
927,2742,2300,458
928,2741,2300,459
929,2741,2300,459
930,2741,2300,459
931,2740,2300,460
932,2740,2300,460
933,2740,2300,460
934,2740,2300,460
935,2740,2300,460
936,2740,2300,460
937,2740,2300,460
938,2739,2300,461
939,2739,2300,461
940,2739,2300,461
941,2738,2300,462
942,2738,2300,462
943,2738,2300,462
944,2738,2300,462
945,2737,2300,463
946,2737,2300,463
947,2737,2300,463
948,2737,2300,463
949,2737,2300,463
950,2737,2300,463
951,2737,2300,463
952,2736,2300,464
953,2736,2300,464
954,2736,2300,464
955,2736,2300,464
956,2735,2300,465
957,2735,2300,465
958,2735,2300,465
959,2735,2300,465
960,2734,2300,466
961,2733,2300,467
962,2733,2300,467
963,2733,2300,467
964,2732,2300,468
965,2732,2300,468
966,2732,2300,468
967,2731,2300,469
968,2731,2300,469
969,2731,2300,469
970,2730,2300,470
971,2730,2300,470
972,2730,2300,470
973,2730,2300,470
974,2730,2300,470
975,2729,2300,471
976,2729,2300,471
977,2729,2300,471
978,2729,2300,471
979,2728,2300,472
980,2728,2300,472
981,2727,2300,473
982,2727,2300,473
983,2727,2300,473
984,2726,2300,474
985,2726,2300,474
986,2725,2300,475
987,2725,2300,475
988,2724,2300,476
989,2724,2300,476
990,2724,2300,476
991,2724,2300,476
992,2724,2300,476
993,2724,2300,476
994,2724,2300,476
995,2724,2300,476
996,2724,2300,476
997,2724,2300,476
998,2724,2300,476
999,2723,2300,477
1000,2723,2300,477
1001,2723,2300,477
1002,2723,2300,477
1003,2723,2300,477
1004,2722,2300,478
1005,2722,2300,478
1006,2722,2300,478
1007,2722,2300,478
1008,2722,2300,478
1009,2722,2300,478
1010,2722,2300,478
1011,2722,2300,478
1012,2721,2300,479
1013,2720,2300,480
1014,2720,2300,480
1015,2720,2300,480
1016,2720,2300,480
1017,2720,2300,480
1018,2720,2300,480
1019,2719,2300,481
1020,2719,2300,481
1021,2719,2300,481
1022,2719,2300,481
1023,2719,2300,481
1024,2719,2300,481
1025,2719,2300,481
1026,2719,2300,481
1027,2719,2300,481
1028,2719,2300,481
1029,2719,2300,481
1030,2718,2300,482
1031,2718,2300,482
1032,2718,2300,482
1033,2718,2300,482
1034,2718,2300,482
1035,2718,2300,482
1036,2718,2300,482
1037,2718,2300,482
1038,2717,2300,483
1039,2717,2300,483
1040,2717,2300,483
1041,2717,2300,483
1042,2716,2300,484
1043,2716,2300,484
1044,2716,2300,484
1045,2716,2300,484
1046,2716,2300,484
1047,2715,2300,485
1048,2715,2300,485
1049,2715,2300,485
1050,2715,2300,485
1051,2714,2300,486
1052,2714,2300,486
1053,2714,2300,486
1054,2714,2300,486
1055,2714,2300,486
1056,2713,2300,487
1057,2713,2300,487
1058,2712,2300,488
1059,2712,2300,488
1060,2712,2300,488
1061,2712,2300,488
1062,2712,2300,488
1063,2711,2300,489
1064,2711,2300,489
1065,2710,2300,490
1066,2710,2300,490
1067,2710,2300,490
1068,2709,2300,491
1069,2709,2300,491
1070,2709,2300,491
1071,2709,2300,491
1072,2709,2300,491
1073,2709,2300,491
1074,2709,2300,491
1075,2709,2300,491
1076,2709,2300,491
1077,2709,2300,491
1078,2708,2300,492
1079,2708,2300,492
1080,2708,2300,492
1081,2707,2300,493
1082,2707,2300,493
1083,2707,2300,493
1084,2707,2300,493
1085,2707,2300,493
1086,2707,2300,493
1087,2706,2300,494
1088,2705,2300,495
1089,2705,2300,495
1090,2705,2300,495
1091,2704,2300,496
1092,2704,2300,496
1093,2703,2300,497
1094,2703,2300,497
1095,2703,2300,497
1096,2703,2300,497
1097,2702,2300,498
1098,2702,2300,498
1099,2702,2300,498
1100,2702,2300,498
1101,2702,2300,498
1102,2702,2300,498
1103,2702,2300,498
1104,2701,2300,499
1105,2701,2300,499
1106,2700,2300,500
1107,2700,2300,500
1108,2700,2300,500
1109,2700,2300,500
1110,2699,2300,501
1111,2699,2300,501
1112,2699,2300,501
1113,2699,2300,501
1114,2699,2300,501
1115,2698,2300,502
1116,2698,2300,502
1117,2698,2300,502
1118,2697,2300,503
1119,2697,2300,503
1120,2697,2300,503
1121,2697,2300,503
1122,2697,2300,503
1123,2696,2300,504
1124,2696,2300,504
1125,2696,2300,504
1126,2695,2300,505
1127,2695,2300,505
1128,2695,2300,505
1129,2695,2300,505
1130,2695,2300,505
1131,2694,2300,506
1132,2694,2300,506
1133,2694,2300,506
1134,2694,2300,506
1135,2694,2300,506
1136,2693,2300,507
1137,2693,2300,507
1138,2693,2300,507
1139,2693,2300,507
1140,2693,2300,507
1141,2692,2300,508
1142,2691,2300,509
1143,2691,2300,509
1144,2691,2300,509
1145,2691,2300,509
1146,2691,2300,509
1147,2691,2300,509
1148,2691,2300,509
1149,2690,2300,510
1150,2690,2300,510
1151,2689,2300,511
1152,2689,2300,511
1153,2689,2300,511
1154,2689,2300,511
1155,2689,2300,511
1156,2689,2300,511
1157,2689,2300,511
1158,2689,2300,511
1159,2689,2300,511
1160,2689,2300,511
1161,2689,2300,511
1162,2689,2300,511
1163,2689,2300,511
1164,2689,2300,511
1165,2688,2300,512
1166,2688,2300,512
1167,2687,2300,513
1168,2686,2300,514
1169,2686,2300,514
1170,2686,2300,514
1171,2686,2300,514
1172,2686,2300,514
1173,2685,2300,515
1174,2684,2300,516
1175,2684,2300,516
1176,2683,2300,517
1177,2683,2300,517
1178,2683,2300,517
1179,2683,2300,517
1180,2683,2300,517
1181,2683,2300,517
1182,2683,2300,517
1183,2683,2300,517
1184,2683,2300,517
1185,2683,2300,517
1186,2682,2300,518
1187,2682,2300,518
1188,2681,2300,519
1189,2681,2300,519
1190,2681,2300,519
1191,2681,2300,519
1192,2681,2300,519
1193,2681,2300,519
1194,2681,2300,519
1195,2681,2300,519
1196,2681,2300,519
1197,2681,2300,519
1198,2681,2300,519
1199,2680,2300,520
1200,2679,2300,521
1201,2679,2300,521
1202,2678,2300,522
1203,2678,2300,522
1204,2678,2300,522
1205,2677,2300,523
1206,2677,2300,523
1207,2677,2300,523
1208,2677,2300,523
1209,2677,2300,523
1210,2677,2300,523
1211,2677,2300,523
1212,2677,2300,523
1213,2677,2300,523
1214,2677,2300,523
1215,2676,2300,524
1216,2676,2300,524
1217,2676,2300,524
1218,2676,2300,524
1219,2675,2300,525
1220,2675,2300,525
1221,2675,2300,525
1222,2674,2300,526
1223,2674,2300,526
1224,2674,2300,526
1225,2674,2300,526
1226,2674,2300,526
1227,2673,2300,527
1228,2673,2300,527
1229,2672,2300,528
1230,2671,2300,529
1231,2671,2300,529
1232,2671,2300,529
1233,2671,2300,529
1234,2670,2300,530
1235,2669,2300,531
1236,2669,2300,531
1237,2669,2300,531
1238,2669,2300,531
1239,2669,2300,531
1240,2669,2300,531
1241,2669,2300,531
1242,2669,2300,531
1243,2669,2300,531
1244,2669,2300,531
1245,2669,2300,531
1246,2669,2300,531
1247,2669,2300,531
1248,2668,2300,532
1249,2668,2300,532
1250,2668,2300,532
1251,2668,2300,532
1252,2667,2300,533
1253,2667,2300,533
1254,2667,2300,533
1255,2667,2300,533
1256,2666,2300,534
1257,2666,2300,534
1258,2665,2300,535
1259,2665,2300,535
1260,2665,2300,535
1261,2665,2300,535
1262,2665,2300,535
1263,2665,2300,535
1264,2665,2300,535
1265,2664,2300,536
1266,2664,2300,536
1267,2664,2300,536
1268,2664,2300,536
1269,2664,2300,536
1270,2663,2300,537
1271,2663,2300,537
1272,2663,2300,537
1273,2662,2300,538
1274,2662,2300,538
1275,2662,2300,538
1276,2662,2300,538
1277,2661,2300,539
1278,2661,2300,539
1279,2661,2300,539
1280,2661,2300,539
1281,2661,2300,539
1282,2660,2300,540
1283,2660,2300,540
1284,2659,2300,541
1285,2659,2300,541
1286,2659,2300,541
1287,2659,2300,541
1288,2659,2300,541
1289,2659,2300,541
1290,2659,2300,541
1291,2659,2300,541
1292,2659,2300,541
1293,2659,2300,541
1294,2658,2300,542
1295,2658,2300,542
1296,2657,2300,543
1297,2657,2300,543
1298,2657,2300,543
1299,2657,2300,543
1300,2656,2300,544
1301,2656,2300,544
1302,2656,2300,544
1303,2656,2300,544
1304,2656,2300,544
1305,2656,2300,544
1306,2656,2300,544
1307,2655,2300,545
1308,2655,2300,545
1309,2655,2300,545
1310,2654,2300,546
1311,2654,2300,546
1312,2653,2300,547
1313,2653,2300,547
1314,2653,2300,547
1315,2653,2300,547
1316,2653,2300,547
1317,2653,2300,547
1318,2652,2300,548
1319,2652,2300,548
1320,2652,2300,548
1321,2651,2300,549
1322,2651,2300,549
1323,2650,2300,550
1324,2650,2300,550
1325,2650,2300,550
1326,2650,2300,550
1327,2650,2300,550
1328,2649,2300,551
1329,2649,2300,551
1330,2649,2300,551
1331,2649,2300,551
1332,2649,2300,551
1333,2649,2300,551
1334,2649,2300,551
1335,2649,2300,551
1336,2649,2300,551
1337,2649,2300,551
1338,2649,2300,551
1339,2649,2300,551
1340,2649,2300,551
1341,2648,2300,552
1342,2648,2300,552
1343,2648,2300,552
1344,2647,2300,553
1345,2647,2300,553
1346,2647,2300,553
1347,2647,2300,553
1348,2646,2300,554
1349,2646,2300,554
1350,2646,2300,554
1351,2646,2300,554
1352,2646,2300,554
1353,2646,2300,554
1354,2646,2300,554
1355,2646,2300,554
1356,2646,2300,554
1357,2646,2300,554
1358,2646,2300,554
1359,2646,2300,554
1360,2646,2300,554
1361,2644,2300,556
1362,2644,2300,556
1363,2644,2300,556
1364,2642,2300,558
1365,2642,2300,558
1366,2642,2300,558
1367,2642,2300,558
1368,2642,2300,558
1369,2642,2300,558
1370,2642,2300,558
1371,2642,2300,558
1372,2642,2300,558
1373,2642,2300,558
1374,2642,2300,558
1375,2642,2300,558
1376,2642,2300,558
1377,2642,2300,558
1378,2641,2300,559
1379,2640,2300,560
1380,2640,2300,560
1381,2639,2300,561
1382,2638,2300,562
1383,2638,2300,562
1384,2638,2300,562
1385,2638,2300,562
1386,2638,2300,562
1387,2638,2300,562
1388,2638,2300,562
1389,2638,2300,562
1390,2638,2300,562
1391,2638,2300,562
1392,2638,2300,562
1393,2637,2300,563
1394,2637,2300,563
1395,2637,2300,563
1396,2636,2300,564
1397,2636,2300,564
1398,2635,2300,565
1399,2635,2300,565
1400,2634,2300,566
1401,2634,2300,566
1402,2634,2300,566
1403,2634,2300,566
1404,2634,2300,566
1405,2634,2300,566
1406,2634,2300,566
1407,2634,2300,566
1408,2634,2300,566
1409,2634,2300,566
1410,2634,2300,566
1411,2634,2300,566
1412,2634,2300,566
1413,2634,2300,566
1414,2634,2300,566
1415,2634,2300,566
1416,2633,2300,567
1417,2633,2300,567
1418,2633,2300,567
1419,2632,2300,568
1420,2632,2300,568
1421,2632,2300,568
1422,2632,2300,568
1423,2631,2300,569
1424,2630,2300,570
1425,2630,2300,570
1426,2630,2300,570
1427,2630,2300,570
1428,2629,2300,571
1429,2629,2300,571
1430,2629,2300,571
1431,2628,2300,572
1432,2628,2300,572
1433,2628,2300,572
1434,2627,2300,573
1435,2627,2300,573
1436,2627,2300,573
1437,2627,2300,573
1438,2627,2300,573
1439,2626,2300,574
1440,2626,2300,574
1441,2625,2300,575
1442,2625,2300,575
1443,2624,2300,576
1444,2624,2300,576
1445,2623,2300,577
1446,2623,2300,577
1447,2623,2300,577
1448,2623,2300,577
1449,2623,2300,577
1450,2623,2300,577
1451,2622,2300,578
1452,2622,2300,578
1453,2622,2300,578
1454,2622,2300,578
1455,2622,2300,578
1456,2621,2300,579
1457,2621,2300,579
1458,2621,2300,579
1459,2621,2300,579
1460,2621,2300,579
1461,2620,2300,580
1462,2620,2300,580
1463,2620,2300,580
1464,2620,2300,580
1465,2620,2300,580
1466,2619,2300,581
1467,2619,2300,581
1468,2619,2300,581
1469,2619,2300,581
1470,2618,2300,582
1471,2618,2300,582
1472,2618,2300,582
1473,2617,2300,583
1474,2617,2300,583
1475,2617,2300,583
1476,2616,2300,584
1477,2616,2300,584
1478,2616,2300,584
1479,2616,2300,584
1480,2616,2300,584
1481,2616,2300,584
1482,2616,2300,584
1483,2616,2300,584
1484,2615,2300,585
1485,2615,2300,585
1486,2615,2300,585
1487,2615,2300,585
1488,2615,2300,585
1489,2615,2300,585
1490,2615,2300,585
1491,2615,2300,585
1492,2615,2300,585
1493,2614,2300,586
1494,2614,2300,586
1495,2613,2300,587
1496,2613,2300,587
1497,2613,2300,587
1498,2611,2300,589
1499,2611,2300,589
1500,2611,2300,589
1501,2611,2300,589
1502,2610,2300,590
1503,2610,2300,590
1504,2610,2300,590
1505,2610,2300,590
1506,2610,2300,590
1507,2610,2300,590
1508,2610,2300,590
1509,2610,2300,590
1510,2609,2300,591
1511,2608,2300,592
1512,2608,2300,592
1513,2608,2300,592
1514,2608,2300,592
1515,2607,2300,593
1516,2607,2300,593
1517,2606,2300,594
1518,2606,2300,594
1519,2606,2300,594
1520,2605,2300,595
1521,2605,2300,595
1522,2605,2300,595
1523,2605,2300,595
1524,2604,2300,596
1525,2604,2300,596
1526,2604,2300,596
1527,2604,2300,596
1528,2604,2300,596
1529,2604,2300,596
1530,2603,2300,597
1531,2603,2300,597
1532,2602,2300,598
1533,2602,2300,598
1534,2602,2300,598
1535,2602,2300,598
1536,2602,2300,598
1537,2602,2300,598
1538,2602,2300,598
1539,2602,2300,598
1540,2601,2300,599
1541,2601,2300,599
1542,2600,2300,600
1543,2600,2300,600
1544,2600,2300,600
1545,2600,2300,600
1546,2600,2300,600
1547,2599,2300,601
1548,2599,2300,601
1549,2599,2300,601
1550,2599,2300,601
1551,2598,2300,602
1552,2598,2300,602
1553,2598,2300,602
1554,2597,2300,603
1555,2596,2300,604
1556,2596,2300,604
1557,2595,2300,605
1558,2595,2300,605
1559,2595,2300,605
1560,2595,2300,605
1561,2595,2300,605
1562,2595,2300,605
1563,2595,2300,605
1564,2595,2300,605
1565,2595,2300,605
1566,2594,2300,606
1567,2594,2300,606
1568,2594,2300,606
1569,2593,2300,607
1570,2593,2300,607
1571,2593,2300,607
1572,2592,2300,608
1573,2592,2300,608
1574,2591,2300,609
1575,2590,2300,610
1576,2590,2300,610
1577,2590,2300,610
1578,2590,2300,610
1579,2590,2300,610
1580,2590,2300,610
1581,2590,2300,610
1582,2590,2300,610
1583,2590,2300,610
1584,2590,2300,610
1585,2589,2300,611
1586,2588,2300,612
1587,2588,2300,612
1588,2588,2300,612
1589,2588,2300,612
1590,2588,2300,612
1591,2588,2300,612
1592,2588,2300,612
1593,2588,2300,612
1594,2588,2300,612
1595,2588,2300,612
1596,2588,2300,612
1597,2588,2300,612
1598,2587,2300,613
1599,2587,2300,613
1600,2587,2300,613
1601,2586,2300,614
1602,2586,2300,614
1603,2586,2300,614
1604,2586,2300,614
1605,2586,2300,614
1606,2586,2300,614
1607,2585,2300,615
1608,2585,2300,615
1609,2585,2300,615
1610,2584,2300,616
1611,2584,2300,616
1612,2584,2300,616
1613,2583,2300,617
1614,2583,2300,617
1615,2583,2300,617
1616,2583,2300,617
1617,2583,2300,617
1618,2582,2300,618
1619,2582,2300,618
1620,2581,2300,619
1621,2581,2300,619
1622,2581,2300,619
1623,2580,2300,620
1624,2580,2300,620
1625,2580,2300,620
1626,2580,2300,620
1627,2580,2300,620
1628,2580,2300,620
1629,2579,2300,621
1630,2578,2300,622
1631,2578,2300,622
1632,2578,2300,622
1633,2578,2300,622
1634,2577,2300,623
1635,2577,2300,623
1636,2577,2300,623
1637,2577,2300,623
1638,2577,2300,623
1639,2577,2300,623
1640,2577,2300,623
1641,2576,2300,624
1642,2576,2300,624
1643,2576,2300,624
1644,2576,2300,624
1645,2576,2300,624
1646,2576,2300,624
1647,2576,2300,624
1648,2576,2300,624
1649,2576,2300,624
1650,2576,2300,624
1651,2575,2300,625
1652,2575,2300,625
1653,2575,2300,625
1654,2575,2300,625
1655,2575,2300,625
1656,2574,2300,626
1657,2574,2300,626
1658,2574,2300,626
1659,2574,2300,626
1660,2574,2300,626
1661,2573,2300,627
1662,2572,2300,628
1663,2572,2300,628
1664,2572,2300,628
1665,2572,2300,628
1666,2572,2300,628
1667,2572,2300,628
1668,2571,2300,629
1669,2571,2300,629
1670,2571,2300,629
1671,2570,2300,630
1672,2569,2300,631
1673,2569,2300,631
1674,2569,2300,631
1675,2569,2300,631
1676,2569,2300,631
1677,2568,2300,632
1678,2567,2300,633
1679,2567,2300,633
1680,2567,2300,633
1681,2567,2300,633
1682,2567,2300,633
1683,2567,2300,633
1684,2566,2300,634
1685,2566,2300,634
1686,2565,2300,635
1687,2565,2300,635
1688,2565,2300,635
1689,2565,2300,635
1690,2565,2300,635
1691,2565,2300,635
1692,2565,2300,635
1693,2565,2300,635
1694,2565,2300,635
1695,2565,2300,635
1696,2565,2300,635
1697,2565,2300,635
1698,2565,2300,635
1699,2564,2300,636
1700,2564,2300,636
1701,2563,2300,637
1702,2563,2300,637
1703,2563,2300,637
1704,2562,2300,638
1705,2562,2300,638
1706,2561,2300,639
1707,2561,2300,639
1708,2561,2300,639
1709,2560,2300,640
1710,2560,2300,640
1711,2559,2300,641
1712,2559,2300,641
1713,2559,2300,641
1714,2559,2300,641
1715,2559,2300,641
1716,2559,2300,641
1717,2559,2300,641
1718,2559,2300,641
1719,2558,2300,642
1720,2558,2300,642
1721,2558,2300,642
1722,2558,2300,642
1723,2558,2300,642
1724,2557,2300,643
1725,2556,2300,644
1726,2556,2300,644
1727,2556,2300,644
1728,2556,2300,644
1729,2556,2300,644
1730,2556,2300,644
1731,2556,2300,644
1732,2555,2300,645
1733,2555,2300,645
1734,2555,2300,645
1735,2554,2300,646
1736,2554,2300,646
1737,2554,2300,646
1738,2554,2300,646
1739,2553,2300,647
1740,2553,2300,647
1741,2553,2300,647
1742,2553,2300,647
1743,2552,2300,648
1744,2552,2300,648
1745,2552,2300,648
1746,2552,2300,648
1747,2552,2300,648
1748,2552,2300,648
1749,2552,2300,648
1750,2551,2300,649
1751,2551,2300,649
1752,2550,2300,650
1753,2550,2300,650
1754,2549,2300,651
1755,2549,2300,651
1756,2549,2300,651
1757,2549,2300,651
1758,2549,2300,651
1759,2549,2300,651
1760,2549,2300,651
1761,2548,2300,652
1762,2548,2300,652
1763,2548,2300,652
1764,2548,2300,652
1765,2548,2300,652
1766,2548,2300,652
1767,2547,2300,653
1768,2547,2300,653
1769,2547,2300,653
1770,2546,2300,654
1771,2546,2300,654
1772,2546,2300,654
1773,2545,2300,655
1774,2545,2300,655
1775,2545,2300,655
1776,2544,2300,656
1777,2544,2300,656
1778,2543,2300,657
1779,2543,2300,657
1780,2542,2300,658
1781,2542,2300,658
1782,2542,2300,658
1783,2541,2300,659
1784,2541,2300,659
1785,2541,2300,659
1786,2541,2300,659
1787,2541,2300,659
1788,2541,2300,659
1789,2540,2300,660
1790,2540,2300,660
1791,2540,2300,660
1792,2540,2300,660
1793,2540,2300,660
1794,2540,2300,660
1795,2539,2300,661
1796,2539,2300,661
1797,2539,2300,661
1798,2538,2300,662
1799,2538,2300,662
1800,2538,2300,662
1801,2538,2300,662
1802,2537,2300,663
1803,2537,2300,663
1804,2537,2300,663
1805,2537,2300,663
1806,2537,2300,663
1807,2537,2300,663
1808,2537,2300,663
1809,2537,2300,663
1810,2537,2300,663
1811,2537,2300,663
1812,2537,2300,663
1813,2536,2300,664
1814,2536,2300,664
1815,2536,2300,664
1816,2535,2300,665
1817,2535,2300,665
1818,2535,2300,665
1819,2535,2300,665
1820,2534,2300,666
1821,2534,2300,666
1822,2533,2300,667
1823,2533,2300,667
1824,2532,2300,668
1825,2532,2300,668
1826,2532,2300,668
1827,2532,2300,668
1828,2531,2300,669
1829,2531,2300,669
1830,2531,2300,669
1831,2531,2300,669
1832,2531,2300,669
1833,2531,2300,669
1834,2531,2300,669
1835,2531,2300,669
1836,2530,2300,670
1837,2530,2300,670
1838,2530,2300,670
1839,2529,2300,671
1840,2529,2300,671
1841,2529,2300,671
1842,2529,2300,671
1843,2529,2300,671
1844,2528,2300,672
1845,2528,2300,672
1846,2528,2300,672
1847,2527,2300,673
1848,2526,2300,674
1849,2526,2300,674
1850,2526,2300,674
1851,2526,2300,674
1852,2526,2300,674
1853,2526,2300,674
1854,2525,2300,675
1855,2525,2300,675
1856,2524,2300,676
1857,2524,2300,676
1858,2524,2300,676
1859,2524,2300,676
1860,2524,2300,676
1861,2524,2300,676
1862,2523,2300,677
1863,2523,2300,677
1864,2523,2300,677
1865,2523,2300,677
1866,2523,2300,677
1867,2523,2300,677
1868,2523,2300,677
1869,2523,2300,677
1870,2523,2300,677
1871,2522,2300,678
1872,2522,2300,678
1873,2521,2300,679
1874,2521,2300,679
1875,2521,2300,679
1876,2521,2300,679
1877,2521,2300,679
1878,2521,2300,679
1879,2520,2300,680
1880,2520,2300,680
1881,2520,2300,680
1882,2519,2300,681
1883,2519,2300,681
1884,2519,2300,681
1885,2519,2300,681
1886,2519,2300,681
1887,2519,2300,681
1888,2519,2300,681
1889,2519,2300,681
1890,2518,2300,682
1891,2518,2300,682
1892,2518,2300,682
1893,2517,2300,683
1894,2517,2300,683
1895,2517,2300,683
1896,2517,2300,683
1897,2517,2300,683
1898,2517,2300,683
1899,2517,2300,683
1900,2517,2300,683
1901,2516,2300,684
1902,2516,2300,684
1903,2516,2300,684
1904,2515,2300,685
1905,2515,2300,685
1906,2515,2300,685
1907,2514,2300,686
1908,2514,2300,686
1909,2514,2300,686
1910,2513,2300,687
1911,2513,2300,687
1912,2513,2300,687
1913,2513,2300,687
1914,2513,2300,687
1915,2513,2300,687
1916,2513,2300,687
1917,2512,2300,688
1918,2512,2300,688
1919,2512,2300,688
1920,2512,2300,688
1921,2511,2300,689
1922,2511,2300,689
1923,2511,2300,689
1924,2511,2300,689
1925,2510,2300,690
1926,2510,2300,690
1927,2509,2300,691
1928,2509,2300,691
1929,2509,2300,691
1930,2509,2300,691
1931,2509,2300,691
1932,2509,2300,691
1933,2509,2300,691
1934,2508,2300,692
1935,2507,2300,693
1936,2507,2300,693
1937,2507,2300,693
1938,2507,2300,693
1939,2507,2300,693
1940,2507,2300,693
1941,2507,2300,693
1942,2506,2300,694
1943,2505,2300,695
1944,2505,2300,695
1945,2505,2300,695
1946,2504,2300,696
1947,2504,2300,696
1948,2504,2300,696
1949,2504,2300,696
1950,2503,2300,697
1951,2502,2300,698
1952,2502,2300,698
1953,2502,2300,698
1954,2502,2300,698
1955,2502,2300,698
1956,2502,2300,698
1957,2502,2300,698
1958,2502,2300,698
1959,2502,2300,698
1960,2502,2300,698
1961,2501,2300,699
1962,2500,2300,700
1963,2500,2300,700
1964,2499,2300,701
1965,2499,2300,701
1966,2499,2300,701
1967,2499,2300,701
1968,2498,2300,702
1969,2498,2300,702
1970,2498,2300,702
1971,2498,2300,702
1972,2498,2300,702
1973,2497,2300,703
1974,2497,2300,703
1975,2497,2300,703
1976,2497,2300,703
1977,2496,2300,704
1978,2496,2300,704
1979,2496,2300,704
1980,2495,2300,705
1981,2495,2300,705
1982,2495,2300,705
1983,2495,2300,705
1984,2495,2300,705
1985,2495,2300,705
1986,2495,2300,705
1987,2495,2300,705
1988,2495,2300,705
1989,2495,2300,705
1990,2495,2300,705
1991,2494,2300,706
1992,2494,2300,706
1993,2494,2300,706
1994,2494,2300,706
1995,2494,2300,706
1996,2493,2300,707
1997,2493,2300,707
1998,2493,2300,707
1999,2492,2300,708
2000,2492,2300,708
2001,2492,2300,708
2002,2492,2300,708
2003,2491,2300,709
2004,2491,2300,709
2005,2490,2300,710
2006,2490,2300,710
2007,2490,2300,710
2008,2490,2300,710
2009,2489,2300,711
2010,2489,2300,711
2011,2489,2300,711
2012,2489,2300,711
2013,2489,2300,711
2014,2489,2300,711
2015,2489,2300,711
2016,2489,2300,711
2017,2489,2300,711
2018,2488,2300,712
2019,2488,2300,712
2020,2487,2300,713
2021,2487,2300,713
2022,2487,2300,713
2023,2487,2300,713
2024,2487,2300,713
2025,2486,2300,714
2026,2486,2300,714
2027,2485,2300,715
2028,2485,2300,715
2029,2485,2300,715
2030,2485,2300,715
2031,2485,2300,715
2032,2485,2300,715
2033,2485,2300,715
2034,2485,2300,715
2035,2485,2300,715
2036,2485,2300,715
2037,2485,2300,715
2038,2485,2300,715
2039,2485,2300,715
2040,2485,2300,715
2041,2485,2300,715
2042,2484,2300,716
2043,2484,2300,716
2044,2484,2300,716
2045,2483,2300,717
2046,2483,2300,717
2047,2483,2300,717
2048,2482,2300,718
2049,2482,2300,718
2050,2482,2300,718
2051,2481,2300,719
2052,2480,2300,720
2053,2480,2300,720
2054,2480,2300,720
2055,2480,2300,720
2056,2480,2300,720
2057,2479,2300,721
2058,2479,2300,721
2059,2479,2300,721
2060,2478,2300,722
2061,2478,2300,722
2062,2478,2300,722
2063,2478,2300,722
2064,2477,2300,723
2065,2477,2300,723
2066,2477,2300,723
2067,2476,2300,724
2068,2476,2300,724
2069,2476,2300,724
2070,2475,2300,725
2071,2475,2300,725
2072,2475,2300,725
2073,2475,2300,725
2074,2475,2300,725
2075,2475,2300,725
2076,2474,2300,726
2077,2474,2300,726
2078,2473,2300,727
2079,2473,2300,727
2080,2473,2300,727
2081,2472,2300,728
2082,2472,2300,728
2083,2472,2300,728
2084,2472,2300,728
2085,2472,2300,728
2086,2472,2300,728
2087,2472,2300,728
2088,2471,2300,729
2089,2471,2300,729
2090,2471,2300,729
2091,2471,2300,729
2092,2470,2300,730
2093,2470,2300,730
2094,2470,2300,730
2095,2470,2300,730
2096,2470,2300,730
2097,2470,2300,730
2098,2470,2300,730
2099,2470,2300,730
2100,2469,2300,731
2101,2469,2300,731
2102,2468,2300,732
2103,2468,2300,732
2104,2468,2300,732
2105,2467,2300,733
2106,2467,2300,733
2107,2466,2300,734
2108,2466,2300,734
2109,2466,2300,734
2110,2466,2300,734
2111,2466,2300,734
2112,2466,2300,734
2113,2466,2300,734
2114,2466,2300,734
2115,2465,2300,735
2116,2465,2300,735
2117,2464,2300,736
2118,2464,2300,736
2119,2463,2300,737
2120,2463,2300,737
2121,2463,2300,737
2122,2463,2300,737
2123,2463,2300,737
2124,2463,2300,737
2125,2463,2300,737
2126,2462,2300,738
2127,2462,2300,738
2128,2462,2300,738
2129,2462,2300,738
2130,2461,2300,739
2131,2461,2300,739
2132,2461,2300,739
2133,2461,2300,739
2134,2461,2300,739
2135,2461,2300,739
2136,2460,2300,740
2137,2460,2300,740
2138,2460,2300,740
2139,2460,2300,740
2140,2460,2300,740
2141,2460,2300,740
2142,2459,2300,741
2143,2458,2300,742
2144,2458,2300,742
2145,2458,2300,742
2146,2458,2300,742
2147,2458,2300,742
2148,2458,2300,742
2149,2458,2300,742
2150,2458,2300,742
2151,2457,2300,743
2152,2457,2300,743
2153,2457,2300,743
2154,2457,2300,743
2155,2456,2300,744
2156,2456,2300,744
2157,2455,2300,745
2158,2455,2300,745
2159,2455,2300,745
2160,2455,2300,745
2161,2455,2300,745
2162,2455,2300,745
2163,2455,2300,745
2164,2454,2300,746
2165,2454,2300,746
2166,2454,2300,746
2167,2453,2300,747
2168,2453,2300,747
2169,2453,2300,747
2170,2453,2300,747
2171,2453,2300,747
2172,2453,2300,747
2173,2453,2300,747
2174,2453,2300,747
2175,2453,2300,747
2176,2452,2300,748
2177,2452,2300,748
2178,2452,2300,748
2179,2452,2300,748
2180,2452,2300,748
2181,2452,2300,748
2182,2451,2300,749
2183,2451,2300,749
2184,2451,2300,749
2185,2450,2300,750
2186,2450,2300,750
2187,2450,2300,750
2188,2449,2300,751
2189,2449,2300,751
2190,2449,2300,751
2191,2449,2300,751
2192,2449,2300,751
2193,2448,2300,752
2194,2448,2300,752
2195,2448,2300,752
2196,2448,2300,752
2197,2448,2300,752
2198,2447,2300,753
2199,2447,2300,753
2200,2447,2300,753
2201,2447,2300,753
2202,2447,2300,753
2203,2447,2300,753
2204,2447,2300,753
2205,2447,2300,753
2206,2447,2300,753
2207,2447,2300,753
2208,2446,2300,754
2209,2446,2300,754
2210,2446,2300,754
2211,2445,2300,755
2212,2445,2300,755
2213,2445,2300,755
2214,2444,2300,756
2215,2444,2300,756
2216,2444,2300,756
2217,2444,2300,756
2218,2443,2300,757
2219,2443,2300,757
2220,2442,2300,758
2221,2442,2300,758
2222,2442,2300,758
2223,2441,2300,759
2224,2440,2300,760
2225,2440,2300,760
2226,2440,2300,760
2227,2440,2300,760
2228,2440,2300,760
2229,2440,2300,760
2230,2440,2300,760
2231,2439,2300,761
2232,2439,2300,761
2233,2438,2300,762
2234,2438,2300,762
2235,2438,2300,762
2236,2438,2300,762
2237,2438,2300,762
2238,2438,2300,762
2239,2437,2300,763
2240,2437,2300,763
2241,2436,2300,764
2242,2436,2300,764
2243,2436,2300,764
2244,2436,2300,764
2245,2435,2300,765
2246,2435,2300,765
2247,2435,2300,765
2248,2435,2300,765
2249,2434,2300,766
2250,2434,2300,766
2251,2433,2300,767
2252,2433,2300,767
2253,2433,2300,767
2254,2433,2300,767
2255,2433,2300,767
2256,2433,2300,767
2257,2433,2300,767
2258,2433,2300,767
2259,2433,2300,767
2260,2433,2300,767
2261,2433,2300,767
2262,2432,2300,768
2263,2432,2300,768
2264,2432,2300,768
2265,2431,2300,769
2266,2431,2300,769
2267,2431,2300,769
2268,2431,2300,769
2269,2430,2300,770
2270,2430,2300,770
2271,2430,2300,770
2272,2429,2300,771
2273,2429,2300,771
2274,2428,2300,772
2275,2428,2300,772
2276,2428,2300,772
2277,2428,2300,772
2278,2427,2300,773
2279,2427,2300,773
2280,2427,2300,773
2281,2427,2300,773
2282,2427,2300,773
2283,2427,2300,773
2284,2426,2300,774
2285,2426,2300,774
2286,2425,2300,775
2287,2425,2300,775
2288,2425,2300,775
2289,2425,2300,775
2290,2425,2300,775
2291,2425,2300,775
2292,2424,2300,776
2293,2423,2300,777
2294,2423,2300,777
2295,2423,2300,777
2296,2423,2300,777
2297,2423,2300,777
2298,2423,2300,777
2299,2423,2300,777
2300,2423,2300,777
2301,2422,2300,778
2302,2422,2300,778
2303,2422,2300,778
2304,2421,2300,779
2305,2421,2300,779
2306,2421,2300,779
2307,2421,2300,779
2308,2421,2300,779
2309,2421,2300,779
2310,2421,2300,779
2311,2421,2300,779
2312,2420,2300,780
2313,2420,2300,780
2314,2419,2300,781
2315,2419,2300,781
2316,2419,2300,781
2317,2419,2300,781
2318,2419,2300,781
2319,2419,2300,781
2320,2418,2300,782
2321,2418,2300,782
2322,2418,2300,782
2323,2418,2300,782
2324,2418,2300,782
2325,2418,2300,782
2326,2417,2300,783
2327,2417,2300,783
2328,2416,2300,784
2329,2416,2300,784
2330,2416,2300,784
2331,2416,2300,784
2332,2416,2300,784
2333,2415,2300,785
2334,2415,2300,785
2335,2415,2300,785
2336,2414,2300,786
2337,2414,2300,786
2338,2414,2300,786
2339,2414,2300,786
2340,2414,2300,786
2341,2414,2300,786
2342,2413,2300,787
2343,2412,2300,788
2344,2412,2300,788
2345,2412,2300,788
2346,2412,2300,788
2347,2411,2300,789
2348,2411,2300,789
2349,2411,2300,789
2350,2411,2300,789
2351,2411,2300,789
2352,2410,2300,790
2353,2410,2300,790
2354,2410,2300,790
2355,2409,2300,791
2356,2409,2300,791
2357,2408,2300,792
2358,2408,2300,792
2359,2408,2300,792
2360,2408,2300,792
2361,2408,2300,792
2362,2408,2300,792
2363,2408,2300,792
2364,2408,2300,792
2365,2408,2300,792
2366,2408,2300,792
2367,2408,2300,792
2368,2408,2300,792
2369,2408,2300,792
2370,2407,2300,793
2371,2407,2300,793
2372,2407,2300,793
2373,2407,2300,793
2374,2406,2300,794
2375,2406,2300,794
2376,2406,2300,794
2377,2405,2300,795
2378,2405,2300,795
2379,2404,2300,796
2380,2404,2300,796
2381,2404,2300,796
2382,2403,2300,797
2383,2403,2300,797
2384,2403,2300,797
2385,2403,2300,797
2386,2403,2300,797
2387,2403,2300,797
2388,2403,2300,797
2389,2402,2300,798
2390,2401,2300,799
2391,2401,2300,799
2392,2401,2300,799
2393,2401,2300,799
2394,2401,2300,799
2395,2401,2300,799
2396,2401,2300,799
2397,2401,2300,799
2398,2401,2300,799
2399,2401,2300,799
2400,2401,2300,799
2401,2400,2300,800
2402,2399,2300,801
2403,2399,2300,801
2404,2399,2300,801
2405,2399,2300,801
2406,2399,2300,801
2407,2399,2300,801
2408,2399,2300,801
2409,2399,2300,801
2410,2398,2300,802
2411,2398,2300,802
2412,2397,2300,803
2413,2397,2300,803
2414,2397,2300,803
2415,2396,2300,804
2416,2396,2300,804
2417,2395,2300,805
2418,2395,2300,805
2419,2395,2300,805
2420,2394,2300,806
2421,2394,2300,806
2422,2394,2300,806
2423,2394,2300,806
2424,2394,2300,806
2425,2393,2300,807
2426,2392,2300,808
2427,2392,2300,808
2428,2392,2300,808
2429,2391,2300,809
2430,2391,2300,809
2431,2391,2300,809
2432,2391,2300,809
2433,2391,2300,809
2434,2391,2300,809
2435,2391,2300,809
2436,2391,2300,809
2437,2391,2300,809
2438,2391,2300,809
2439,2390,2300,810
2440,2390,2300,810
2441,2390,2300,810
2442,2390,2300,810
2443,2389,2300,811
2444,2389,2300,811
2445,2389,2300,811
2446,2389,2300,811
2447,2389,2300,811
2448,2388,2300,812
2449,2388,2300,812
2450,2388,2300,812
2451,2388,2300,812
2452,2388,2300,812
2453,2388,2300,812
2454,2388,2300,812
2455,2387,2300,813
2456,2387,2300,813
2457,2387,2300,813
2458,2387,2300,813
2459,2387,2300,813
2460,2387,2300,813
2461,2386,2300,814
2462,2386,2300,814
2463,2386,2300,814
2464,2386,2300,814
2465,2386,2300,814
2466,2386,2300,814
2467,2386,2300,814
2468,2386,2300,814
2469,2386,2300,814
2470,2385,2300,815
2471,2384,2300,816
2472,2384,2300,816
2473,2384,2300,816
2474,2383,2300,817
2475,2383,2300,817
2476,2383,2300,817
2477,2383,2300,817
2478,2382,2300,818
2479,2382,2300,818
2480,2382,2300,818
2481,2382,2300,818
2482,2382,2300,818
2483,2382,2300,818
2484,2382,2300,818
2485,2382,2300,818
2486,2382,2300,818
2487,2382,2300,818
2488,2382,2300,818
2489,2382,2300,818
2490,2381,2300,819
2491,2381,2300,819
2492,2381,2300,819
2493,2381,2300,819
2494,2380,2300,820
2495,2380,2300,820
2496,2379,2300,821
2497,2379,2300,821
2498,2378,2300,822
2499,2378,2300,822
2500,2378,2300,822
2501,2378,2300,822
2502,2378,2300,822
2503,2377,2300,823
2504,2377,2300,823
2505,2377,2300,823
2506,2377,2300,823
2507,2377,2300,823
2508,2377,2300,823
2509,2376,2300,824
2510,2376,2300,824
2511,2376,2300,824
2512,2375,2300,825
2513,2375,2300,825
2514,2375,2300,825
2515,2374,2300,826
2516,2374,2300,826
2517,2374,2300,826
2518,2374,2300,826
2519,2374,2300,826
2520,2373,2300,827
2521,2373,2300,827
2522,2373,2300,827
2523,2373,2300,827
2524,2373,2300,827
2525,2373,2300,827
2526,2373,2300,827
2527,2372,2300,828
2528,2372,2300,828
2529,2372,2300,828
2530,2371,2300,829
2531,2371,2300,829
2532,2371,2300,829
2533,2370,2300,830
2534,2370,2300,830
2535,2370,2300,830
2536,2370,2300,830
2537,2369,2300,831
2538,2369,2300,831
2539,2368,2300,832
2540,2368,2300,832
2541,2368,2300,832
2542,2368,2300,832
2543,2368,2300,832
2544,2368,2300,832
2545,2368,2300,832
2546,2368,2300,832
2547,2368,2300,832
2548,2367,2300,833
2549,2367,2300,833
2550,2367,2300,833
2551,2366,2300,834
2552,2366,2300,834
2553,2365,2300,835
2554,2365,2300,835
2555,2365,2300,835
2556,2364,2300,836
2557,2364,2300,836
2558,2364,2300,836
2559,2363,2300,837
2560,2363,2300,837
2561,2363,2300,837
2562,2363,2300,837
2563,2363,2300,837
2564,2362,2300,838
2565,2362,2300,838
2566,2362,2300,838
2567,2362,2300,838
2568,2361,2300,839
2569,2361,2300,839
2570,2360,2300,840
2571,2360,2300,840
2572,2360,2300,840
2573,2360,2300,840
2574,2360,2300,840
2575,2360,2300,840
2576,2360,2300,840
2577,2359,2300,841
2578,2359,2300,841
2579,2358,2300,842
2580,2358,2300,842
2581,2358,2300,842
2582,2357,2300,843
2583,2357,2300,843
2584,2357,2300,843
2585,2357,2300,843
2586,2357,2300,843
2587,2357,2300,843
2588,2357,2300,843
2589,2357,2300,843
2590,2357,2300,843
2591,2357,2300,843
2592,2357,2300,843
2593,2357,2300,843
2594,2357,2300,843
2595,2357,2300,843
2596,2356,2300,844
2597,2356,2300,844
2598,2356,2300,844
2599,2355,2300,845
2600,2355,2300,845
2601,2354,2300,846
2602,2354,2300,846
2603,2353,2300,847
2604,2353,2300,847
2605,2353,2300,847
2606,2353,2300,847
2607,2353,2300,847
2608,2353,2300,847
2609,2353,2300,847
2610,2353,2300,847
2611,2353,2300,847
2612,2353,2300,847
2613,2353,2300,847
2614,2353,2300,847
2615,2353,2300,847
2616,2352,2300,848
2617,2352,2300,848
2618,2351,2300,849
2619,2351,2300,849
2620,2351,2300,849
2621,2351,2300,849
2622,2351,2300,849
2623,2350,2300,850
2624,2350,2300,850
2625,2350,2300,850
2626,2349,2300,851
2627,2349,2300,851
2628,2349,2300,851
2629,2348,2300,852
2630,2348,2300,852
2631,2348,2300,852
2632,2348,2300,852
2633,2348,2300,852
2634,2348,2300,852
2635,2348,2300,852
2636,2347,2300,853
2637,2347,2300,853
2638,2346,2300,854
2639,2346,2300,854
2640,2346,2300,854
2641,2346,2300,854
2642,2346,2300,854
2643,2345,2300,855
2644,2345,2300,855
2645,2345,2300,855
2646,2344,2300,856
2647,2344,2300,856
2648,2343,2300,857
2649,2343,2300,857
2650,2342,2300,858
2651,2342,2300,858
2652,2342,2300,858
2653,2342,2300,858
2654,2342,2300,858
2655,2342,2300,858
2656,2342,2300,858
2657,2342,2300,858
2658,2341,2300,859
2659,2341,2300,859
2660,2340,2300,860
2661,2340,2300,860
2662,2340,2300,860
2663,2340,2300,860
2664,2340,2300,860
2665,2340,2300,860
2666,2340,2300,860
2667,2340,2300,860
2668,2340,2300,860
2669,2339,2300,861
2670,2339,2300,861
2671,2338,2300,862
2672,2338,2300,862
2673,2338,2300,862
2674,2338,2300,862
2675,2338,2300,862
2676,2338,2300,862
2677,2338,2300,862
2678,2338,2300,862
2679,2337,2300,863
2680,2337,2300,863
2681,2336,2300,864
2682,2336,2300,864
2683,2336,2300,864
2684,2336,2300,864
2685,2335,2300,865
2686,2335,2300,865
2687,2335,2300,865
2688,2335,2300,865
2689,2334,2300,866
2690,2333,2300,867
2691,2333,2300,867
2692,2333,2300,867
2693,2332,2300,868
2694,2332,2300,868
2695,2332,2300,868
2696,2332,2300,868
2697,2332,2300,868
2698,2332,2300,868
2699,2332,2300,868
2700,2331,2300,869
2701,2331,2300,869
2702,2331,2300,869
2703,2331,2300,869
2704,2331,2300,869
2705,2331,2300,869
2706,2330,2300,870
2707,2330,2300,870
2708,2330,2300,870
2709,2330,2300,870
2710,2330,2300,870
2711,2330,2300,870
2712,2329,2300,871
2713,2329,2300,871
2714,2329,2300,871
2715,2328,2300,872
2716,2327,2300,873
2717,2327,2300,873
2718,2327,2300,873
2719,2327,2300,873
2720,2327,2300,873
2721,2327,2300,873
2722,2327,2300,873
2723,2326,2300,874
2724,2326,2300,874
2725,2326,2300,874
2726,2326,2300,874
2727,2326,2300,874
2728,2326,2300,874
2729,2326,2300,874
2730,2326,2300,874
2731,2325,2300,875
2732,2325,2300,875
2733,2325,2300,875
2734,2325,2300,875
2735,2325,2300,875
2736,2325,2300,875
2737,2324,2300,876
2738,2324,2300,876
2739,2324,2300,876
2740,2324,2300,876
2741,2324,2300,876
2742,2323,2300,877
2743,2323,2300,877
2744,2323,2300,877
2745,2322,2300,878
2746,2322,2300,878
2747,2322,2300,878
2748,2322,2300,878
2749,2322,2300,878
2750,2321,2300,879
2751,2321,2300,879
2752,2321,2300,879
2753,2320,2300,880
2754,2320,2300,880
2755,2320,2300,880
2756,2319,2300,881
2757,2319,2300,881
2758,2319,2300,881
2759,2319,2300,881
2760,2319,2300,881
2761,2319,2300,881
2762,2318,2300,882
2763,2318,2300,882
2764,2318,2300,882
2765,2318,2300,882
2766,2317,2300,883
2767,2317,2300,883
2768,2317,2300,883
2769,2316,2300,884
2770,2316,2300,884
2771,2316,2300,884
2772,2315,2300,885
2773,2315,2300,885
2774,2315,2300,885
2775,2315,2300,885
2776,2315,2300,885
2777,2315,2300,885
2778,2315,2300,885
2779,2315,2300,885
2780,2315,2300,885
2781,2315,2300,885
2782,2315,2300,885
2783,2315,2300,885
2784,2315,2300,885
2785,2314,2300,886
2786,2314,2300,886
2787,2314,2300,886
2788,2313,2300,887
2789,2313,2300,887
2790,2312,2300,888
2791,2312,2300,888
2792,2312,2300,888
2793,2311,2300,889
2794,2311,2300,889
2795,2311,2300,889
2796,2310,2300,890
2797,2310,2300,890
2798,2309,2300,891
2799,2309,2300,891
2800,2308,2300,892
2801,2308,2300,892
2802,2308,2300,892
2803,2307,2300,893
2804,2307,2300,893
2805,2307,2300,893
2806,2307,2300,893
2807,2307,2300,893
2808,2306,2300,894
2809,2306,2300,894
2810,2306,2300,894
2811,2306,2300,894
2812,2306,2300,894
2813,2305,2300,895
2814,2305,2300,895
2815,2305,2300,895
2816,2304,2300,896
2817,2303,2300,897
2818,2303,2300,897
2819,2302,2300,898
2820,2302,2300,898
2821,2302,2300,898
2822,2302,2300,898
2823,2302,2300,898
2824,2302,2300,898
2825,2301,2300,899
2826,2301,2300,899
2827,2301,2300,899
2828,2301,2300,899
2829,2301,2300,899
2830,2301,2300,899
2831,2300,2300,900
2832,2300,2300,900
2833,2300,2300,900
2834,2300,2300,900
2835,2300,2300,900
2836,2300,2300,900
2837,2300,2300,900
2838,2299,2300,901
2839,2299,2300,901
2840,2299,2300,901
2841,2298,2300,902
2842,2298,2300,902
2843,2298,2300,902
2844,2298,2300,902
2845,2298,2300,902
2846,2297,2300,903
2847,2297,2300,903
2848,2297,2300,903
2849,2297,2300,903
2850,2297,2300,903
2851,2297,2300,903
2852,2297,2300,903
2853,2297,2300,903
2854,2296,2300,904
2855,2296,2300,904
2856,2296,2300,904
2857,2296,2300,904
2858,2296,2300,904
2859,2295,2300,905
2860,2295,2300,905
2861,2295,2300,905
2862,2295,2300,905
2863,2295,2300,905
2864,2295,2300,905
2865,2295,2300,905
2866,2294,2300,906
2867,2294,2300,906
2868,2294,2300,906
2869,2294,2300,906
2870,2294,2300,906
2871,2294,2300,906
2872,2294,2300,906
2873,2293,2300,907
2874,2293,2300,907
2875,2293,2300,907
2876,2292,2300,908
2877,2292,2300,908
2878,2292,2300,908
2879,2291,2300,909
2880,2291,2300,909
2881,2290,2300,910
2882,2290,2300,910
2883,2290,2300,910
2884,2290,2300,910
2885,2290,2300,910
2886,2289,2300,911
2887,2289,2300,911
2888,2289,2300,911
2889,2289,2300,911
2890,2289,2300,911
2891,2289,2300,911
2892,2289,2300,911
2893,2289,2300,911
2894,2288,2300,912
2895,2288,2300,912
2896,2287,2300,913
2897,2287,2300,913
2898,2287,2300,913
2899,2287,2300,913
2900,2287,2300,913
2901,2287,2300,913
2902,2287,2300,913
2903,2287,2300,913
2904,2286,2300,914
2905,2285,2300,915
2906,2285,2300,915
2907,2285,2300,915
2908,2284,2300,916
2909,2284,2300,916
2910,2283,2300,917
2911,2282,2300,918
2912,2282,2300,918
2913,2282,2300,918
2914,2282,2300,918
2915,2282,2300,918
2916,2282,2300,918
2917,2282,2300,918
2918,2282,2300,918
2919,2282,2300,918
2920,2281,2300,919
2921,2280,2300,920
2922,2280,2300,920
2923,2280,2300,920
2924,2279,2300,921
2925,2279,2300,921
2926,2279,2300,921
2927,2279,2300,921
2928,2278,2300,922
2929,2278,2300,922
2930,2277,2300,923
2931,2277,2300,923
2932,2277,2300,923
2933,2277,2300,923
2934,2277,2300,923
2935,2276,2300,924
2936,2275,2300,925
2937,2275,2300,925
2938,2275,2300,925
2939,2274,2300,926
2940,2274,2300,926
2941,2274,2300,926
2942,2274,2300,926
2943,2274,2300,926
2944,2274,2300,926
2945,2274,2300,926
2946,2273,2300,927
2947,2273,2300,927
2948,2273,2300,927
2949,2273,2300,927
2950,2273,2300,927
2951,2273,2300,927
2952,2273,2300,927
2953,2273,2300,927
2954,2273,2300,927
2955,2273,2300,927
2956,2273,2300,927
2957,2273,2300,927
2958,2273,2300,927
2959,2272,2300,928
2960,2272,2300,928
2961,2271,2300,929
2962,2271,2300,929
2963,2271,2300,929
2964,2271,2300,929
2965,2271,2300,929
2966,2270,2300,930
2967,2270,2300,930
2968,2270,2300,930
2969,2270,2300,930
2970,2270,2300,930
2971,2270,2300,930
2972,2270,2300,930
2973,2270,2300,930
2974,2269,2300,931
2975,2269,2300,931
2976,2269,2300,931
2977,2268,2300,932
2978,2268,2300,932
2979,2268,2300,932
2980,2268,2300,932
2981,2267,2300,933
2982,2267,2300,933
2983,2267,2300,933
2984,2267,2300,933
2985,2267,2300,933
2986,2266,2300,934
2987,2266,2300,934
2988,2266,2300,934
2989,2266,2300,934
2990,2265,2300,935
2991,2265,2300,935
2992,2265,2300,935
2993,2264,2300,936
2994,2263,2300,937
2995,2263,2300,937
2996,2263,2300,937
2997,2263,2300,937
2998,2263,2300,937
2999,2262,2300,938
3000,2262,2300,938
3001,2262,2300,938
3002,2262,2300,938
3003,2262,2300,938
3004,2262,2300,938
3005,2262,2300,938
3006,2262,2300,938
3007,2262,2300,938
3008,2262,2300,938
3009,2262,2300,938
3010,2261,2300,939
3011,2261,2300,939
3012,2261,2300,939
3013,2260,2300,940
3014,2260,2300,940
3015,2260,2300,940
3016,2259,2300,941
3017,2259,2300,941
3018,2259,2300,941
3019,2259,2300,941
3020,2259,2300,941
3021,2258,2300,942
3022,2258,2300,942
3023,2258,2300,942
3024,2258,2300,942
3025,2258,2300,942
3026,2258,2300,942
3027,2257,2300,943
3028,2256,2300,944
3029,2256,2300,944
3030,2256,2300,944
3031,2255,2300,945
3032,2255,2300,945
3033,2255,2300,945
3034,2254,2300,946
3035,2254,2300,946
3036,2254,2300,946
3037,2253,2300,947
3038,2253,2300,947
3039,2253,2300,947
3040,2253,2300,947
3041,2252,2300,948
3042,2252,2300,948
3043,2252,2300,948
3044,2251,2300,949
3045,2251,2300,949
3046,2250,2300,950
3047,2250,2300,950
3048,2250,2300,950
3049,2250,2300,950
3050,2250,2300,950
3051,2250,2300,950
3052,2250,2300,950
3053,2250,2300,950
3054,2249,2300,951
3055,2249,2300,951
3056,2249,2300,951
3057,2248,2300,952
3058,2248,2300,952
3059,2248,2300,952
3060,2248,2300,952
3061,2248,2300,952
3062,2248,2300,952
3063,2247,2300,953
3064,2247,2300,953
3065,2247,2300,953
3066,2247,2300,953
3067,2247,2300,953
3068,2247,2300,953
3069,2247,2300,953
3070,2246,2300,954
3071,2246,2300,954
3072,2246,2300,954
3073,2246,2300,954
3074,2245,2300,955
3075,2244,2300,956
3076,2244,2300,956
3077,2244,2300,956
3078,2244,2300,956
3079,2244,2300,956
3080,2243,2300,957
3081,2243,2300,957
3082,2243,2300,957
3083,2243,2300,957
3084,2243,2300,957
3085,2242,2300,958
3086,2241,2300,959
3087,2241,2300,959
3088,2241,2300,959
3089,2241,2300,959
3090,2241,2300,959
3091,2241,2300,959
3092,2241,2300,959
3093,2240,2300,960
3094,2240,2300,960
3095,2240,2300,960
3096,2240,2300,960
3097,2240,2300,960
3098,2240,2300,960
3099,2239,2300,961
3100,2239,2300,961
3101,2239,2300,961
3102,2239,2300,961
3103,2238,2300,962
3104,2237,2300,963
3105,2237,2300,963
3106,2236,2300,964
3107,2236,2300,964
3108,2236,2300,964
3109,2236,2300,964
3110,2236,2300,964
3111,2236,2300,964
3112,2236,2300,964
3113,2236,2300,964
3114,2236,2300,964
3115,2236,2300,964
3116,2236,2300,964
3117,2236,2300,964
3118,2235,2300,965
3119,2235,2300,965
3120,2234,2300,966
3121,2234,2300,966
3122,2234,2300,966
3123,2234,2300,966
3124,2234,2300,966
3125,2234,2300,966
3126,2234,2300,966
3127,2234,2300,966
3128,2233,2300,967
3129,2233,2300,967
3130,2233,2300,967
3131,2232,2300,968
3132,2232,2300,968
3133,2232,2300,968
3134,2231,2300,969
3135,2231,2300,969
3136,2230,2300,970
3137,2230,2300,970
3138,2230,2300,970
3139,2230,2300,970
3140,2230,2300,970
3141,2230,2300,970
3142,2230,2300,970
3143,2230,2300,970
3144,2230,2300,970
3145,2230,2300,970
3146,2230,2300,970
3147,2230,2300,970
3148,2230,2300,970
3149,2230,2300,970
3150,2229,2300,971
3151,2228,2300,972
3152,2228,2300,972
3153,2228,2300,972
3154,2228,2300,972
3155,2227,2300,973
3156,2227,2300,973
3157,2227,2300,973
3158,2226,2300,974
3159,2225,2300,975
3160,2225,2300,975
3161,2224,2300,976
3162,2224,2300,976
3163,2224,2300,976
3164,2224,2300,976
3165,2224,2300,976
3166,2224,2300,976
3167,2223,2300,977
3168,2223,2300,977
3169,2222,2300,978
3170,2222,2300,978
3171,2222,2300,978
3172,2222,2300,978
3173,2222,2300,978
3174,2222,2300,978
3175,2221,2300,979
3176,2221,2300,979
3177,2221,2300,979
3178,2220,2300,980
3179,2220,2300,980
3180,2220,2300,980
3181,2220,2300,980
3182,2219,2300,981
3183,2219,2300,981
3184,2219,2300,981
3185,2219,2300,981
3186,2219,2300,981
3187,2219,2300,981
3188,2219,2300,981
3189,2219,2300,981
3190,2219,2300,981
3191,2219,2300,981
3192,2219,2300,981
3193,2218,2300,982
3194,2218,2300,982
3195,2218,2300,982
3196,2217,2300,983
3197,2217,2300,983
3198,2216,2300,984
3199,2216,2300,984
3200,2216,2300,984
3201,2215,2300,985
3202,2215,2300,985
3203,2215,2300,985
3204,2214,2300,986
3205,2214,2300,986
3206,2214,2300,986
3207,2214,2300,986
3208,2214,2300,986
3209,2213,2300,987
3210,2213,2300,987
3211,2213,2300,987
3212,2213,2300,987
3213,2213,2300,987
3214,2212,2300,988
3215,2212,2300,988
3216,2212,2300,988
3217,2212,2300,988
3218,2212,2300,988
3219,2212,2300,988
3220,2211,2300,989
3221,2211,2300,989
3222,2210,2300,990
3223,2210,2300,990
3224,2210,2300,990
3225,2210,2300,990
3226,2209,2300,991
3227,2209,2300,991
3228,2209,2300,991
3229,2209,2300,991
3230,2209,2300,991
3231,2208,2300,992
3232,2208,2300,992
3233,2208,2300,992
3234,2207,2300,993
3235,2206,2300,994
3236,2206,2300,994
3237,2206,2300,994
3238,2206,2300,994
3239,2206,2300,994
3240,2206,2300,994
3241,2206,2300,994
3242,2206,2300,994
3243,2206,2300,994
3244,2206,2300,994
3245,2206,2300,994
3246,2206,2300,994
3247,2206,2300,994
3248,2205,2300,995
3249,2205,2300,995
3250,2205,2300,995
3251,2205,2300,995
3252,2204,2300,996
3253,2204,2300,996
3254,2204,2300,996
3255,2203,2300,997
3256,2203,2300,997
3257,2203,2300,997
3258,2202,2300,998
3259,2202,2300,998
3260,2202,2300,998
3261,2201,2300,999
3262,2201,2300,999
3263,2201,2300,999
3264,2201,2300,999
3265,2201,2300,999
3266,2200,2300,1000
3267,2200,2300,1000
3268,2199,2300,1001
3269,2199,2300,1001
3270,2199,2300,1001
3271,2198,2300,1002
3272,2198,2300,1002
3273,2197,2300,1003
3274,2197,2300,1003
3275,2196,2300,1004
3276,2196,2300,1004
3277,2196,2300,1004
3278,2196,2300,1004
3279,2196,2300,1004
3280,2196,2300,1004
3281,2196,2300,1004
3282,2196,2300,1004
3283,2196,2300,1004
3284,2196,2300,1004
3285,2196,2300,1004
3286,2196,2300,1004
3287,2196,2300,1004
3288,2196,2300,1004
3289,2195,2300,1005
3290,2195,2300,1005
3291,2195,2300,1005
3292,2195,2300,1005
3293,2195,2300,1005
3294,2194,2300,1006
3295,2194,2300,1006
3296,2194,2300,1006
3297,2193,2300,1007
3298,2193,2300,1007
3299,2192,2300,1008
3300,2192,2300,1008
3301,2192,2300,1008
3302,2192,2300,1008
3303,2192,2300,1008
3304,2192,2300,1008
3305,2192,2300,1008
3306,2192,2300,1008
3307,2192,2300,1008
3308,2192,2300,1008
3309,2191,2300,1009
3310,2191,2300,1009
3311,2190,2300,1010
3312,2190,2300,1010
3313,2190,2300,1010
3314,2190,2300,1010
3315,2190,2300,1010
3316,2190,2300,1010
3317,2189,2300,1011
3318,2189,2300,1011
3319,2189,2300,1011
3320,2189,2300,1011
3321,2189,2300,1011
3322,2189,2300,1011
3323,2189,2300,1011
3324,2189,2300,1011
3325,2188,2300,1012
3326,2187,2300,1013
3327,2187,2300,1013
3328,2187,2300,1013
3329,2186,2300,1014
3330,2186,2300,1014
3331,2186,2300,1014
3332,2185,2300,1015
3333,2185,2300,1015
3334,2184,2300,1016
3335,2184,2300,1016
3336,2184,2300,1016
3337,2184,2300,1016
3338,2184,2300,1016
3339,2183,2300,1017
3340,2183,2300,1017
3341,2182,2300,1018
3342,2182,2300,1018
3343,2181,2300,1019
3344,2181,2300,1019
3345,2181,2300,1019
3346,2181,2300,1019
3347,2181,2300,1019
3348,2181,2300,1019
3349,2181,2300,1019
3350,2181,2300,1019
3351,2181,2300,1019
3352,2181,2300,1019
3353,2181,2300,1019
3354,2181,2300,1019
3355,2180,2300,1020
3356,2180,2300,1020
3357,2179,2300,1021
3358,2179,2300,1021
3359,2179,2300,1021
3360,2178,2300,1022
3361,2178,2300,1022
3362,2177,2300,1023
3363,2177,2300,1023
3364,2177,2300,1023
3365,2177,2300,1023
3366,2177,2300,1023
3367,2177,2300,1023
3368,2176,2300,1024
3369,2176,2300,1024
3370,2176,2300,1024
3371,2175,2300,1025
3372,2175,2300,1025
3373,2175,2300,1025
3374,2174,2300,1026
3375,2174,2300,1026
3376,2174,2300,1026
3377,2174,2300,1026
3378,2174,2300,1026
3379,2174,2300,1026
3380,2174,2300,1026
3381,2173,2300,1027
3382,2172,2300,1028
3383,2172,2300,1028
3384,2172,2300,1028
3385,2172,2300,1028
3386,2171,2300,1029
3387,2171,2300,1029
3388,2171,2300,1029
3389,2170,2300,1030
3390,2170,2300,1030
3391,2170,2300,1030
3392,2170,2300,1030
3393,2170,2300,1030
3394,2169,2300,1031
3395,2169,2300,1031
3396,2169,2300,1031
3397,2169,2300,1031
3398,2168,2300,1032
3399,2168,2300,1032
3400,2167,2300,1033
3401,2167,2300,1033
3402,2167,2300,1033
3403,2166,2300,1034
3404,2166,2300,1034
3405,2166,2300,1034
3406,2166,2300,1034
3407,2166,2300,1034
3408,2166,2300,1034
3409,2166,2300,1034
3410,2166,2300,1034
3411,2165,2300,1035
3412,2165,2300,1035
3413,2164,2300,1036
3414,2164,2300,1036
3415,2164,2300,1036
3416,2164,2300,1036
3417,2164,2300,1036
3418,2164,2300,1036
3419,2164,2300,1036
3420,2163,2300,1037
3421,2163,2300,1037
3422,2163,2300,1037
3423,2163,2300,1037
3424,2163,2300,1037
3425,2163,2300,1037
3426,2163,2300,1037
3427,2163,2300,1037
3428,2163,2300,1037
3429,2163,2300,1037
3430,2162,2300,1038
3431,2162,2300,1038
3432,2161,2300,1039
3433,2161,2300,1039
3434,2161,2300,1039
3435,2161,2300,1039
3436,2161,2300,1039
3437,2161,2300,1039
3438,2160,2300,1040
3439,2160,2300,1040
3440,2159,2300,1041
3441,2159,2300,1041
3442,2159,2300,1041
3443,2158,2300,1042
3444,2158,2300,1042
3445,2158,2300,1042
3446,2157,2300,1043
3447,2157,2300,1043
3448,2156,2300,1044
3449,2156,2300,1044
3450,2156,2300,1044
3451,2156,2300,1044
3452,2156,2300,1044
3453,2155,2300,1045
3454,2155,2300,1045
3455,2155,2300,1045
3456,2154,2300,1046
3457,2154,2300,1046
3458,2154,2300,1046
3459,2154,2300,1046
3460,2154,2300,1046
3461,2154,2300,1046
3462,2154,2300,1046
3463,2154,2300,1046
3464,2154,2300,1046
3465,2154,2300,1046
3466,2154,2300,1046
3467,2154,2300,1046
3468,2154,2300,1046
3469,2154,2300,1046
3470,2153,2300,1047
3471,2153,2300,1047
3472,2152,2300,1048
3473,2152,2300,1048
3474,2152,2300,1048
3475,2152,2300,1048
3476,2152,2300,1048
3477,2152,2300,1048
3478,2152,2300,1048
3479,2152,2300,1048
3480,2151,2300,1049
3481,2151,2300,1049
3482,2151,2300,1049
3483,2151,2300,1049
3484,2151,2300,1049
3485,2150,2300,1050
3486,2149,2300,1051
3487,2149,2300,1051
3488,2149,2300,1051
3489,2148,2300,1052
3490,2148,2300,1052
3491,2148,2300,1052
3492,2148,2300,1052
3493,2148,2300,1052
3494,2147,2300,1053
3495,2147,2300,1053
3496,2147,2300,1053
3497,2147,2300,1053
3498,2147,2300,1053
3499,2146,2300,1054
3500,2146,2300,1054
3501,2146,2300,1054
3502,2146,2300,1054
3503,2145,2300,1055
3504,2145,2300,1055
3505,2145,2300,1055
3506,2144,2300,1056
3507,2144,2300,1056
3508,2144,2300,1056
3509,2144,2300,1056
3510,2144,2300,1056
3511,2144,2300,1056
3512,2144,2300,1056
3513,2144,2300,1056
3514,2143,2300,1057
3515,2143,2300,1057
3516,2143,2300,1057
3517,2143,2300,1057
3518,2142,2300,1058
3519,2142,2300,1058
3520,2141,2300,1059
3521,2141,2300,1059
3522,2141,2300,1059
3523,2141,2300,1059
3524,2141,2300,1059
3525,2141,2300,1059
3526,2141,2300,1059
3527,2140,2300,1060
3528,2140,2300,1060
3529,2140,2300,1060
3530,2140,2300,1060
3531,2140,2300,1060
3532,2140,2300,1060
3533,2139,2300,1061
3534,2139,2300,1061
3535,2139,2300,1061
3536,2138,2300,1062
3537,2138,2300,1062
3538,2137,2300,1063
3539,2137,2300,1063
3540,2137,2300,1063
3541,2137,2300,1063
3542,2137,2300,1063
3543,2137,2300,1063
3544,2136,2300,1064
3545,2136,2300,1064
3546,2136,2300,1064
3547,2136,2300,1064
3548,2136,2300,1064
3549,2136,2300,1064
3550,2136,2300,1064
3551,2136,2300,1064
3552,2136,2300,1064
3553,2136,2300,1064
3554,2135,2300,1065
3555,2135,2300,1065
3556,2134,2300,1066
3557,2134,2300,1066
3558,2134,2300,1066
3559,2134,2300,1066
3560,2134,2300,1066
3561,2134,2300,1066
3562,2133,2300,1067
3563,2133,2300,1067
3564,2133,2300,1067
3565,2132,2300,1068
3566,2132,2300,1068
3567,2132,2300,1068
3568,2131,2300,1069
3569,2131,2300,1069
3570,2130,2300,1070
3571,2130,2300,1070
3572,2130,2300,1070
3573,2129,2300,1071
3574,2129,2300,1071
3575,2128,2300,1072
3576,2128,2300,1072
3577,2128,2300,1072
3578,2128,2300,1072
3579,2128,2300,1072
3580,2127,2300,1073
3581,2127,2300,1073
3582,2126,2300,1074
3583,2126,2300,1074
3584,2126,2300,1074
3585,2126,2300,1074
3586,2126,2300,1074
3587,2126,2300,1074
3588,2126,2300,1074
3589,2126,2300,1074
3590,2126,2300,1074
3591,2126,2300,1074
3592,2125,2300,1075
3593,2125,2300,1075
3594,2125,2300,1075
3595,2125,2300,1075
3596,2124,2300,1076
3597,2124,2300,1076
3598,2123,2300,1077
3599,2123,2300,1077
3600,2123,2300,1077
3601,2122,2300,1078
3602,2122,2300,1078
3603,2122,2300,1078
3604,2122,2300,1078
3605,2121,2300,1079
3606,2121,2300,1079
3607,2120,2300,1080
3608,2120,2300,1080
3609,2120,2300,1080
3610,2120,2300,1080
3611,2120,2300,1080
3612,2120,2300,1080
3613,2119,2300,1081
3614,2119,2300,1081
3615,2119,2300,1081
3616,2119,2300,1081
3617,2119,2300,1081
3618,2119,2300,1081
3619,2119,2300,1081
3620,2119,2300,1081
3621,2118,2300,1082
3622,2118,2300,1082
3623,2118,2300,1082
3624,2117,2300,1083
3625,2117,2300,1083
3626,2117,2300,1083
3627,2117,2300,1083
3628,2117,2300,1083
3629,2117,2300,1083
3630,2117,2300,1083
3631,2117,2300,1083
3632,2117,2300,1083
3633,2117,2300,1083
3634,2117,2300,1083
3635,2116,2300,1084
3636,2115,2300,1085
3637,2115,2300,1085
3638,2115,2300,1085
3639,2115,2300,1085
3640,2115,2300,1085
3641,2115,2300,1085
3642,2115,2300,1085
3643,2114,2300,1086
3644,2114,2300,1086
3645,2114,2300,1086
3646,2113,2300,1087
3647,2113,2300,1087
3648,2113,2300,1087
3649,2113,2300,1087
3650,2113,2300,1087
3651,2113,2300,1087
3652,2113,2300,1087
3653,2113,2300,1087
3654,2113,2300,1087
3655,2112,2300,1088
3656,2111,2300,1089
3657,2111,2300,1089
3658,2111,2300,1089
3659,2111,2300,1089
3660,2111,3200,1089
3661,2111,3200,1089
3662,2110,3200,1090
3663,2110,3200,1090
3664,2110,3200,1090
3665,2110,3200,1090
3666,2110,3200,1090
3667,2110,3200,1090
3668,2110,3200,1090
3669,2109,3200,1091
3670,2108,3200,1092
3671,2108,3200,1092
3672,2108,3200,1092
3673,2107,3200,1093
3674,2107,3200,1093
3675,2107,3200,1093
3676,2107,3200,1093
3677,2107,3200,1093
3678,2107,3200,1093
3679,2107,3200,1093
3680,2106,3200,1094
3681,2106,3200,1094
3682,2106,3200,1094
3683,2105,3200,1095
3684,2105,3200,1095
3685,2104,3200,1096
3686,2104,3200,1096
3687,2104,3200,1096
3688,2103,3200,1097
3689,2103,3200,1097
3690,2103,3200,1097
3691,2103,3200,1097
3692,2103,3200,1097
3693,2103,3200,1097
3694,2103,3200,1097
3695,2103,3200,1097
3696,2102,3200,1098
3697,2102,3200,1098
3698,2101,3200,1099
3699,2101,3200,1099
3700,2101,3200,1099
3701,2101,3200,1099
3702,2100,3200,1100
3703,2100,3200,1100
3704,2100,3200,1100
3705,2100,3200,1100
3706,2100,3200,1100
3707,2099,3200,1101
3708,2098,3200,1102
3709,2097,3200,1103
3710,2097,3200,1103
3711,2097,3200,1103
3712,2097,3200,1103
3713,2097,3200,1103
3714,2097,3200,1103
3715,2097,3200,1103
3716,2097,3200,1103
3717,2097,3200,1103
3718,2097,3200,1103
3719,2097,3200,1103
3720,2097,3200,1103
3721,2096,3200,1104
3722,2096,3200,1104
3723,2096,3200,1104
3724,2096,3200,1104
3725,2095,3200,1105
3726,2095,3200,1105
3727,2094,3200,1106
3728,2094,3200,1106
3729,2094,3200,1106
3730,2094,3200,1106
3731,2093,3200,1107
3732,2093,3200,1107
3733,2093,3200,1107
3734,2093,3200,1107
3735,2093,3200,1107
3736,2092,3200,1108
3737,2092,3200,1108
3738,2092,3200,1108
3739,2092,3200,1108
3740,2092,3200,1108
3741,2091,3200,1109
3742,2091,3200,1109
3743,2091,3200,1109
3744,2090,3200,1110
3745,2090,3200,1110
3746,2090,3200,1110
3747,2089,3200,1111
3748,2089,3200,1111
3749,2089,3200,1111
3750,2089,3200,1111
3751,2088,3200,1112
3752,2088,3200,1112
3753,2088,3200,1112
3754,2087,3200,1113
3755,2087,3200,1113
3756,2087,3200,1113
3757,2086,3200,1114
3758,2086,3200,1114
3759,2086,3200,1114
3760,2086,3200,1114
3761,2086,3200,1114
3762,2086,3200,1114
3763,2086,3200,1114
3764,2085,3200,1115
3765,2085,3200,1115
3766,2085,3200,1115
3767,2085,3200,1115
3768,2085,3200,1115
3769,2084,3200,1116
3770,2084,3200,1116
3771,2083,3200,1117
3772,2083,3200,1117
3773,2083,3200,1117
3774,2083,3200,1117
3775,2083,3200,1117
3776,2082,3200,1118
3777,2082,3200,1118
3778,2081,3200,1119
3779,2081,3200,1119
3780,2081,3200,1119
3781,2081,3200,1119
3782,2081,3200,1119
3783,2081,3200,1119
3784,2081,3200,1119
3785,2081,3200,1119
3786,2080,3200,1120
3787,2080,3200,1120
3788,2079,3200,1121
3789,2079,3200,1121
3790,2079,3200,1121
3791,2079,3200,1121
3792,2079,3200,1121
3793,2079,3200,1121
3794,2079,3200,1121
3795,2079,3200,1121
3796,2079,3200,1121
3797,2079,3200,1121
3798,2079,3200,1121
3799,2078,3200,1122
3800,2078,3200,1122
3801,2077,3200,1123
3802,2077,3200,1123
3803,2077,3200,1123
3804,2076,3200,1124
3805,2076,3200,1124
3806,2076,3200,1124
3807,2076,3200,1124
3808,2075,3200,1125
3809,2075,3200,1125
3810,2075,3200,1125
3811,2075,3200,1125
3812,2075,3200,1125
3813,2075,3200,1125
3814,2075,3200,1125
3815,2075,3200,1125
3816,2074,3200,1126
3817,2074,3200,1126
3818,2073,3200,1127
3819,2073,3200,1127
3820,2073,3200,1127
3821,2072,3200,1128
3822,2072,3200,1128
3823,2072,3200,1128
3824,2072,3200,1128
3825,2071,3200,1129
3826,2070,3200,1130
3827,2070,3200,1130
3828,2070,3200,1130
3829,2070,3200,1130
3830,2069,3200,1131
3831,2069,3200,1131
3832,2069,3200,1131
3833,2068,3200,1132
3834,2068,3200,1132
3835,2068,3200,1132
3836,2068,3200,1132
3837,2068,3200,1132
3838,2068,3200,1132
3839,2068,3200,1132
3840,2067,3200,1133
3841,2067,3200,1133
3842,2066,3200,1134
3843,2066,3200,1134
3844,2066,3200,1134
3845,2066,3200,1134
3846,2066,3200,1134
3847,2065,3200,1135
3848,2065,3200,1135
3849,2065,3200,1135
3850,2064,3200,1136
3851,2064,3200,1136
3852,2064,3200,1136
3853,2064,3200,1136
3854,2064,3200,1136
3855,2064,3200,1136
3856,2063,3200,1137
3857,2063,3200,1137
3858,2063,3200,1137
3859,2062,3200,1138
3860,2062,3200,1138
3861,2062,3200,1138
3862,2062,3200,1138
3863,2061,3200,1139
3864,2061,3200,1139
3865,2060,3200,1140
3866,2060,3200,1140
3867,2060,3200,1140
3868,2060,3200,1140
3869,2060,3200,1140
3870,2060,3200,1140
3871,2060,3200,1140
3872,2060,3200,1140
3873,2060,3200,1140
3874,2060,3200,1140
3875,2060,3200,1140
3876,2060,3200,1140
3877,2059,3200,1141
3878,2059,3200,1141
3879,2058,3200,1142
3880,2058,3200,1142
3881,2058,3200,1142
3882,2058,3200,1142
3883,2057,3200,1143
3884,2057,3200,1143
3885,2057,3200,1143
3886,2056,3200,1144
3887,2056,3200,1144
3888,2056,3200,1144
3889,2055,3200,1145
3890,2055,3200,1145
3891,2055,3200,1145
3892,2055,3200,1145
3893,2055,3200,1145
3894,2055,3200,1145
3895,2055,3200,1145
3896,2055,3200,1145
3897,2055,3200,1145
3898,2055,3200,1145
3899,2055,3200,1145
3900,2055,3200,1145
3901,2054,3200,1146
3902,2053,3200,1147
3903,2053,3200,1147
3904,2053,3200,1147
3905,2053,3200,1147
3906,2053,3200,1147
3907,2052,3200,1148
3908,2052,3200,1148
3909,2052,3200,1148
3910,2051,3200,1149
3911,2051,3200,1149
3912,2050,3200,1150
3913,2050,3200,1150
3914,2050,3200,1150
3915,2050,3200,1150
3916,2050,3200,1150
3917,2050,3200,1150
3918,2050,3200,1150
3919,2050,3200,1150
3920,2049,3200,1151
3921,2049,3200,1151
3922,2048,3200,1152
3923,2048,3200,1152
3924,2048,3200,1152
3925,2047,3200,1153
3926,2047,3200,1153
3927,2047,3200,1153
3928,2046,3200,1154
3929,2046,3200,1154
3930,2046,3200,1154
3931,2046,3200,1154
3932,2046,3200,1154
3933,2045,3200,1155
3934,2045,3200,1155
3935,2045,3200,1155
3936,2044,3200,1156
3937,2044,3200,1156
3938,2044,3200,1156
3939,2044,3200,1156
3940,2044,3200,1156
3941,2044,3200,1156
3942,2044,3200,1156
3943,2043,3200,1157
3944,2042,3200,1158
3945,2042,3200,1158
3946,2042,3200,1158
3947,2041,3200,1159
3948,2041,3200,1159
3949,2041,3200,1159
3950,2041,3200,1159
3951,2040,3200,1160
3952,2040,3200,1160
3953,2040,3200,1160
3954,2040,3200,1160
3955,2040,3200,1160
3956,2040,3200,1160
3957,2040,3200,1160
3958,2040,3200,1160
3959,2040,3200,1160
3960,2039,3200,1161
3961,2039,3200,1161
3962,2038,3200,1162
3963,2037,3200,1163
3964,2037,3200,1163
3965,2036,3200,1164
3966,2036,3200,1164
3967,2036,3200,1164
3968,2036,3200,1164
3969,2036,3200,1164
3970,2036,3200,1164
3971,2036,3200,1164
3972,2036,3200,1164
3973,2036,3200,1164
3974,2035,3200,1165
3975,2035,3200,1165
3976,2035,3200,1165
3977,2035,3200,1165
3978,2035,3200,1165
3979,2035,3200,1165
3980,2035,3200,1165
3981,2035,3200,1165
3982,2034,3200,1166
3983,2033,3200,1167
3984,2033,3200,1167
3985,2033,3200,1167
3986,2032,3200,1168
3987,2032,3200,1168
3988,2032,3200,1168
3989,2032,3200,1168
3990,2031,3200,1169
3991,2031,3200,1169
3992,2030,3200,1170
3993,2030,3200,1170
3994,2030,3200,1170
3995,2030,3200,1170
3996,2030,3200,1170
3997,2030,3200,1170
3998,2030,3200,1170
3999,2029,3200,1171
4000,2029,3200,1171
4001,2029,3200,1171
4002,2029,3200,1171
4003,2028,3200,1172
4004,2028,3200,1172
4005,2028,3200,1172
4006,2027,3200,1173
4007,2027,3200,1173
4008,2027,3200,1173
4009,2027,3200,1173
4010,2027,3200,1173
4011,2026,3200,1174
4012,2026,3200,1174
4013,2026,3200,1174
4014,2025,3200,1175
4015,2025,3200,1175
4016,2025,3200,1175
4017,2025,3200,1175
4018,2025,3200,1175
4019,2025,3200,1175
4020,2025,3200,1175
4021,2025,3200,1175
4022,2024,3200,1176
4023,2024,3200,1176
4024,2023,3200,1177
4025,2023,3200,1177
4026,2022,3200,1178
4027,2022,3200,1178
4028,2022,3200,1178
4029,2022,3200,1178
4030,2021,3200,1179
4031,2021,3200,1179
4032,2021,3200,1179
4033,2020,3200,1180
4034,2020,3200,1180
4035,2020,3200,1180
4036,2020,3200,1180
4037,2020,3200,1180
4038,2019,3200,1181
4039,2019,3200,1181
4040,2019,3200,1181
4041,2019,3200,1181
4042,2019,3200,1181
4043,2019,3200,1181
4044,2019,3200,1181
4045,2019,3200,1181
4046,2019,3200,1181
4047,2018,3200,1182
4048,2017,3200,1183
4049,2017,3200,1183
4050,2017,3200,1183
4051,2017,3200,1183
4052,2017,3200,1183
4053,2017,3200,1183
4054,2017,3200,1183
4055,2016,3200,1184
4056,2016,3200,1184
4057,2016,3200,1184
4058,2015,3200,1185
4059,2015,3200,1185
4060,2015,3200,1185
4061,2015,3200,1185
4062,2015,3200,1185
4063,2015,3200,1185
4064,2015,3200,1185
4065,2015,3200,1185
4066,2015,3200,1185
4067,2014,3200,1186
4068,2014,3200,1186
4069,2013,3200,1187
4070,2013,3200,1187
4071,2012,3200,1188
4072,2012,3200,1188
4073,2012,3200,1188
4074,2012,3200,1188
4075,2011,3200,1189
4076,2011,3200,1189
4077,2011,3200,1189
4078,2011,3200,1189
4079,2011,3200,1189
4080,2011,3200,1189
4081,2011,3200,1189
4082,2011,3200,1189
4083,2011,3200,1189
4084,2011,3200,1189
4085,2011,3200,1189
4086,2011,3200,1189
4087,2010,3200,1190
4088,2010,3200,1190
4089,2009,3200,1191
4090,2009,3200,1191
4091,2009,3200,1191
4092,2009,3200,1191
4093,2008,3200,1192
4094,2008,3200,1192
4095,2008,3200,1192
4096,2008,3200,1192
4097,2008,3200,1192
4098,2007,3200,1193
4099,2007,3200,1193
4100,2007,3200,1193
4101,2007,3200,1193
4102,2007,3200,1193
4103,2007,3200,1193
4104,2006,3200,1194
4105,2006,3200,1194
4106,2006,3200,1194
4107,2005,3200,1195
4108,2005,3200,1195
4109,2005,3200,1195
4110,2004,3200,1196
4111,2004,3200,1196
4112,2004,3200,1196
4113,2004,3200,1196
4114,2004,3200,1196
4115,2003,3200,1197
4116,2003,3200,1197
4117,2003,3200,1197
4118,2002,3200,1198
4119,2002,3200,1198
4120,2002,3200,1198
4121,2002,3200,1198
4122,2002,3200,1198
4123,2002,3200,1198
4124,2002,3200,1198
4125,2002,3200,1198
4126,2002,3200,1198
4127,2002,3200,1198
4128,2002,3200,1198
4129,2001,3200,1199
4130,2000,3200,1200
4131,2000,3200,1200
4132,2000,3200,1200
4133,1999,3200,1201
4134,1999,3200,1201
4135,1999,3200,1201
4136,1998,3200,1202
4137,1998,3200,1202
4138,1998,3200,1202
4139,1998,3200,1202
4140,1997,3200,1203
4141,1997,3200,1203
4142,1997,3200,1203
4143,1997,3200,1203
4144,1996,3200,1204
4145,1996,3200,1204
4146,1995,3200,1205
4147,1995,3200,1205
4148,1994,3200,1206
4149,1994,3200,1206
4150,1994,3200,1206
4151,1994,3200,1206
4152,1994,3200,1206
4153,1994,3200,1206
4154,1994,3200,1206
4155,1994,3200,1206
4156,1993,3200,1207
4157,1993,3200,1207
4158,1992,3200,1208
4159,1992,3200,1208
4160,1992,3200,1208
4161,1991,3200,1209
4162,1991,3200,1209
4163,1991,3200,1209
4164,1990,3200,1210
4165,1990,3200,1210
4166,1989,3200,1211
4167,1989,3200,1211
4168,1989,3200,1211
4169,1989,3200,1211
4170,1989,3200,1211
4171,1989,3200,1211
4172,1989,3200,1211
4173,1989,3200,1211
4174,1988,3200,1212
4175,1988,3200,1212
4176,1988,3200,1212
4177,1987,3200,1213
4178,1987,3200,1213
4179,1987,3200,1213
4180,1987,3200,1213
4181,1987,3200,1213
4182,1987,3200,1213
4183,1987,3200,1213
4184,1987,3200,1213
4185,1987,3200,1213
4186,1987,3200,1213
4187,1987,3200,1213
4188,1987,3200,1213
4189,1986,3200,1214
4190,1986,3200,1214
4191,1986,3200,1214
4192,1986,3200,1214
4193,1985,3200,1215
4194,1985,3200,1215
4195,1985,3200,1215
4196,1985,3200,1215
4197,1984,3200,1216
4198,1984,3200,1216
4199,1984,3200,1216
4200,1984,3200,1216
4201,1984,3200,1216
4202,1983,3200,1217
4203,1983,3200,1217
4204,1982,3200,1218
4205,1982,3200,1218
4206,1982,3200,1218
4207,1982,3200,1218
4208,1982,3200,1218
4209,1982,3200,1218
4210,1982,3200,1218
4211,1982,3200,1218
4212,1982,3200,1218
4213,1981,3200,1219
4214,1981,3200,1219
4215,1981,3200,1219
4216,1980,3200,1220
4217,1980,3200,1220
4218,1980,3200,1220
4219,1979,3200,1221
4220,1979,3200,1221
4221,1979,3200,1221
4222,1979,3200,1221
4223,1979,3200,1221
4224,1978,3200,1222
4225,1978,3200,1222
4226,1978,3200,1222
4227,1978,3200,1222
4228,1978,3200,1222
4229,1978,3200,1222
4230,1977,3200,1223
4231,1977,3200,1223
4232,1976,3200,1224
4233,1976,3200,1224
4234,1975,3200,1225
4235,1975,3200,1225
4236,1974,3200,1226
4237,1974,3200,1226
4238,1973,3200,1227
4239,1973,3200,1227
4240,1973,3200,1227
4241,1972,3200,1228
4242,1972,3200,1228
4243,1972,3200,1228
4244,1971,3200,1229
4245,1971,3200,1229
4246,1971,3200,1229
4247,1971,3200,1229
4248,1971,3200,1229
4249,1971,3200,1229
4250,1971,3200,1229
4251,1971,3200,1229
4252,1971,3200,1229
4253,1971,3200,1229
4254,1970,3200,1230
4255,1970,3200,1230
4256,1970,3200,1230
4257,1969,3200,1231
4258,1969,3200,1231
4259,1969,3200,1231
4260,1967,3200,1233
4261,1966,3200,1234
4262,1965,3200,1235
4263,1965,3200,1235
4264,1964,3200,1236
4265,1964,3200,1236
4266,1964,3200,1236
4267,1964,3200,1236
4268,1962,3200,1238
4269,1960,3200,1240
4270,1960,3200,1240
4271,1959,3200,1241
4272,1959,3200,1241
4273,1959,3200,1241
4274,1958,3200,1242
4275,1957,3200,1243
4276,1957,3200,1243
4277,1955,3200,1245
4278,1954,3200,1246
4279,1954,3200,1246
4280,1953,3200,1247
4281,1953,3200,1247
4282,1953,3200,1247
4283,1952,3200,1248
4284,1951,3200,1249
4285,1951,3200,1249
4286,1950,3200,1250
4287,1949,3200,1251
4288,1948,3200,1252
4289,1948,3200,1252
4290,1947,3200,1253
4291,1947,3200,1253
4292,1946,3200,1254
4293,1945,3200,1255
4294,1945,3200,1255
4295,1945,3200,1255
4296,1943,3200,1257
4297,1943,3200,1257
4298,1942,3200,1258
4299,1942,3200,1258
4300,1941,3200,1259
4301,1941,3200,1259
4302,1940,3200,1260
4303,1939,3200,1261
4304,1939,3200,1261
4305,1938,3200,1262
4306,1937,3200,1263
4307,1937,3200,1263
4308,1936,3200,1264
4309,1936,3200,1264
4310,1935,3200,1265
4311,1935,3200,1265
4312,1934,3200,1266
4313,1934,3200,1266
4314,1934,3200,1266
4315,1934,3200,1266
4316,1933,3200,1267
4317,1933,3200,1267
4318,1933,3200,1267
4319,1933,3200,1267
4320,1932,3200,1268
4321,1931,3200,1269
4322,1930,3200,1270
4323,1930,3200,1270
4324,1929,3200,1271
4325,1928,3200,1272
4326,1927,3200,1273
4327,1926,3200,1274
4328,1926,3200,1274
4329,1926,3200,1274
4330,1926,3200,1274
4331,1925,3200,1275
4332,1925,3200,1275
4333,1923,3200,1277
4334,1923,3200,1277
4335,1923,3200,1277
4336,1923,3200,1277
4337,1922,3200,1278
4338,1922,3200,1278
4339,1922,3200,1278
4340,1920,3200,1280
4341,1920,3200,1280
4342,1920,3200,1280
4343,1920,3200,1280
4344,1918,3200,1282
4345,1917,3200,1283
4346,1917,3200,1283
4347,1917,3200,1283
4348,1917,3200,1283
4349,1915,3200,1285
4350,1915,3200,1285
4351,1914,3200,1286
4352,1914,3200,1286
4353,1913,3200,1287
4354,1912,3200,1288
4355,1912,3200,1288
4356,1912,3200,1288
4357,1912,3200,1288
4358,1912,3200,1288
4359,1911,3200,1289
4360,1911,3200,1289
4361,1911,3200,1289
4362,1911,3200,1289
4363,1911,3200,1289
4364,1911,3200,1289
4365,1910,3200,1290
4366,1909,3200,1291
4367,1909,3200,1291
4368,1909,3200,1291
4369,1909,3200,1291
4370,1909,3200,1291
4371,1909,3200,1291
4372,1909,3200,1291
4373,1909,3200,1291
4374,1909,3200,1291
4375,1908,3200,1292
4376,1908,3200,1292
4377,1907,3200,1293
4378,1907,3200,1293
4379,1907,3200,1293
4380,1907,3200,1293
4381,1907,3200,1293
4382,1906,3200,1294
4383,1906,3200,1294
4384,1905,3200,1295
4385,1905,3200,1295
4386,1904,3200,1296
4387,1904,3200,1296
4388,1904,3200,1296
4389,1904,3200,1296
4390,1903,3200,1297
4391,1903,3200,1297
4392,1903,3200,1297
4393,1903,3200,1297
4394,1903,3200,1297
4395,1903,3200,1297
4396,1903,3200,1297
4397,1902,3200,1298
4398,1902,3200,1298
4399,1902,3200,1298
4400,1902,3200,1298
4401,1902,3200,1298
4402,1902,3200,1298
4403,1902,3200,1298
4404,1902,3200,1298
4405,1902,3200,1298
4406,1902,3200,1298
4407,1902,3200,1298
4408,1902,3200,1298
4409,1902,3200,1298
4410,1902,3200,1298
4411,1902,3200,1298
4412,1902,3200,1298
4413,1901,3200,1299
4414,1901,3200,1299
4415,1900,3200,1300
4416,1900,3200,1300
4417,1900,3200,1300
4418,1900,3200,1300
4419,1900,3200,1300
4420,1900,3200,1300
4421,1900,3200,1300
4422,1900,3200,1300
4423,1900,3200,1300
4424,1900,3200,1300
4425,1900,3200,1300
4426,1899,3200,1301
4427,1899,3200,1301
4428,1899,3200,1301
4429,1899,3200,1301
4430,1899,3200,1301
4431,1898,3200,1302
4432,1898,3200,1302
4433,1897,3200,1303
4434,1897,3200,1303
4435,1897,3200,1303
4436,1897,3200,1303
4437,1897,3200,1303
4438,1897,3200,1303
4439,1897,3200,1303
4440,1896,3200,1304
4441,1896,3200,1304
4442,1896,3200,1304
4443,1896,3200,1304
4444,1896,3200,1304
4445,1895,3200,1305
4446,1895,3200,1305
4447,1894,3200,1306
4448,1894,3200,1306
4449,1893,3200,1307
4450,1893,3200,1307
4451,1893,3200,1307
4452,1892,3200,1308
4453,1892,3200,1308
4454,1892,3200,1308
4455,1891,3200,1309
4456,1891,3200,1309
4457,1890,3200,1310
4458,1890,3200,1310
4459,1890,3200,1310
4460,1890,3200,1310
4461,1890,3200,1310
4462,1889,3200,1311
4463,1888,3200,1312
4464,1888,3200,1312
4465,1888,3200,1312
4466,1887,3200,1313
4467,1887,3200,1313
4468,1886,3200,1314
4469,1886,3200,1314
4470,1886,3200,1314
4471,1886,3200,1314
4472,1886,3200,1314
4473,1885,3200,1315
4474,1885,3200,1315
4475,1885,3200,1315
4476,1885,3200,1315
4477,1885,3200,1315
4478,1885,3200,1315
4479,1885,3200,1315
4480,1885,3200,1315
4481,1885,3200,1315
4482,1885,3200,1315
4483,1885,3200,1315
4484,1885,3200,1315
4485,1884,3200,1316
4486,1884,3200,1316
4487,1884,3200,1316
4488,1883,3200,1317
4489,1883,3200,1317
4490,1883,3200,1317
4491,1882,3200,1318
4492,1882,3200,1318
4493,1882,3200,1318
4494,1882,3200,1318
4495,1881,3200,1319
4496,1881,3200,1319
4497,1881,3200,1319
4498,1881,3200,1319
4499,1881,3200,1319
4500,1881,3200,1319
4501,1881,3200,1319
4502,1881,3200,1319
4503,1881,3200,1319
4504,1881,3200,1319
4505,1881,3200,1319
4506,1881,3200,1319
4507,1881,3200,1319
4508,1880,3200,1320
4509,1879,3200,1321
4510,1879,3200,1321
4511,1879,3200,1321
4512,1878,3200,1322
4513,1878,3200,1322
4514,1878,3200,1322
4515,1878,3200,1322
4516,1877,3200,1323
4517,1877,3200,1323
4518,1877,3200,1323
4519,1877,3200,1323
4520,1877,3200,1323
4521,1876,3200,1324
4522,1875,3200,1325
4523,1875,3200,1325
4524,1874,3200,1326
4525,1874,3200,1326
4526,1874,3200,1326
4527,1874,3200,1326
4528,1874,3200,1326
4529,1874,3200,1326
4530,1873,3200,1327
4531,1873,3200,1327
4532,1873,3200,1327
4533,1872,3200,1328
4534,1872,3200,1328
4535,1872,3200,1328
4536,1872,3200,1328
4537,1872,3200,1328
4538,1872,3200,1328
4539,1872,3200,1328
4540,1872,3200,1328
4541,1872,3200,1328
4542,1872,3200,1328
4543,1871,3200,1329
4544,1871,3200,1329
4545,1871,3200,1329
4546,1871,3200,1329
4547,1871,3200,1329
4548,1871,3200,1329
4549,1870,3200,1330
4550,1870,3200,1330
4551,1870,3200,1330
4552,1869,3200,1331
4553,1869,3200,1331
4554,1869,3200,1331
4555,1869,3200,1331
4556,1869,3200,1331
4557,1869,3200,1331
4558,1869,3200,1331
4559,1869,3200,1331
4560,1868,3200,1332
4561,1868,3200,1332
4562,1868,3200,1332
4563,1868,3200,1332
4564,1868,3200,1332
4565,1868,3200,1332
4566,1868,3200,1332
4567,1868,3200,1332
4568,1867,3200,1333
4569,1867,3200,1333
4570,1867,3200,1333
4571,1867,3200,1333
4572,1866,3200,1334
4573,1866,3200,1334
4574,1865,3200,1335
4575,1865,3200,1335
4576,1864,3200,1336
4577,1864,3200,1336
4578,1863,3200,1337
4579,1863,3200,1337
4580,1863,3200,1337
4581,1862,3200,1338
4582,1862,3200,1338
4583,1862,3200,1338
4584,1862,3200,1338
4585,1862,3200,1338
4586,1862,3200,1338
4587,1861,3200,1339
4588,1861,3200,1339
4589,1861,3200,1339
4590,1861,3200,1339
4591,1861,3200,1339
4592,1860,3200,1340
4593,1860,3200,1340
4594,1859,3200,1341
4595,1859,3200,1341
4596,1859,3200,1341
4597,1858,3200,1342
4598,1858,3200,1342
4599,1858,3200,1342
4600,1858,3200,1342
4601,1858,3200,1342
4602,1857,3200,1343
4603,1857,3200,1343
4604,1856,3200,1344
4605,1856,3200,1344
4606,1855,3200,1345
4607,1855,3200,1345
4608,1855,3200,1345
4609,1855,3200,1345
4610,1855,3200,1345
4611,1854,3200,1346
4612,1853,3200,1347
4613,1853,3200,1347
4614,1853,3200,1347
4615,1852,3200,1348
4616,1852,3200,1348
4617,1852,3200,1348
4618,1852,3200,1348
4619,1852,3200,1348
4620,1852,3200,1348
4621,1852,3200,1348
4622,1852,3200,1348
4623,1852,3200,1348
4624,1852,3200,1348
4625,1852,3200,1348
4626,1852,3200,1348
4627,1851,3200,1349
4628,1851,3200,1349
4629,1850,3200,1350
4630,1850,3200,1350
4631,1850,3200,1350
4632,1849,3200,1351
4633,1849,3200,1351
4634,1849,3200,1351
4635,1849,3200,1351
4636,1849,3200,1351
4637,1849,3200,1351
4638,1848,3200,1352
4639,1848,3200,1352
4640,1847,3200,1353
4641,1847,3200,1353
4642,1847,3200,1353
4643,1847,3200,1353
4644,1847,3200,1353
4645,1847,3200,1353
4646,1847,3200,1353
4647,1846,3200,1354
4648,1846,3200,1354
4649,1846,3200,1354
4650,1846,3200,1354
4651,1845,3200,1355
4652,1845,3200,1355
4653,1844,3200,1356
4654,1844,3200,1356
4655,1843,3200,1357
4656,1843,3200,1357
4657,1842,3200,1358
4658,1842,3200,1358
4659,1842,3200,1358
4660,1841,3200,1359
4661,1841,3200,1359
4662,1841,3200,1359
4663,1841,3200,1359
4664,1841,3200,1359
4665,1840,3200,1360
4666,1840,3200,1360
4667,1840,3200,1360
4668,1840,3200,1360
4669,1840,3200,1360
4670,1840,3200,1360
4671,1839,3200,1361
4672,1839,3200,1361
4673,1839,3200,1361
4674,1839,3200,1361
4675,1838,3200,1362
4676,1838,3200,1362
4677,1837,3200,1363
4678,1837,3200,1363
4679,1837,3200,1363
4680,1837,3200,1363
4681,1836,3200,1364
4682,1836,3200,1364
4683,1836,3200,1364
4684,1835,3200,1365
4685,1835,3200,1365
4686,1834,3200,1366
4687,1834,3200,1366
4688,1834,3200,1366
4689,1834,3200,1366
4690,1833,3200,1367
4691,1833,3200,1367
4692,1833,3200,1367
4693,1832,3200,1368
4694,1831,3200,1369
4695,1831,3200,1369
4696,1831,3200,1369
4697,1831,3200,1369
4698,1831,3200,1369
4699,1831,3200,1369
4700,1830,3200,1370
4701,1830,3200,1370
4702,1830,3200,1370
4703,1829,3200,1371
4704,1828,3200,1372
4705,1828,3200,1372
4706,1828,3200,1372
4707,1828,3200,1372
4708,1828,3200,1372
4709,1828,3200,1372
4710,1828,3200,1372
4711,1828,3200,1372
4712,1828,3200,1372
4713,1828,3200,1372
4714,1828,3200,1372
4715,1828,3200,1372
4716,1828,3200,1372
4717,1828,3200,1372
4718,1828,3200,1372
4719,1828,3200,1372
4720,1828,3200,1372
4721,1828,3200,1372
4722,1827,3200,1373
4723,1827,3200,1373
4724,1827,3200,1373
4725,1827,3200,1373
4726,1827,3200,1373
4727,1827,3200,1373
4728,1827,3200,1373
4729,1827,3200,1373
4730,1827,3200,1373
4731,1827,3200,1373
4732,1826,3200,1374
4733,1826,3200,1374
4734,1826,3200,1374
4735,1826,3200,1374
4736,1825,3200,1375
4737,1825,3200,1375
4738,1825,3200,1375
4739,1825,3200,1375
4740,1825,3200,1375
4741,1825,3200,1375
4742,1825,3200,1375
4743,1825,3200,1375
4744,1825,3200,1375
4745,1825,3200,1375
4746,1825,3200,1375
4747,1825,3200,1375
4748,1824,3200,1376
4749,1824,3200,1376
4750,1823,3200,1377
4751,1823,3200,1377
4752,1823,3200,1377
4753,1823,3200,1377
4754,1823,3200,1377
4755,1823,3200,1377
4756,1823,3200,1377
4757,1822,3200,1378
4758,1822,3200,1378
4759,1822,3200,1378
4760,1822,3200,1378
4761,1821,3200,1379
4762,1821,3200,1379
4763,1820,3200,1380
4764,1820,3200,1380
4765,1820,3200,1380
4766,1819,3200,1381
4767,1819,3200,1381
4768,1819,3200,1381
4769,1818,3200,1382
4770,1818,3200,1382
4771,1818,3200,1382
4772,1818,3200,1382
4773,1818,3200,1382
4774,1818,3200,1382
4775,1817,3200,1383
4776,1817,3200,1383
4777,1817,3200,1383
4778,1817,3200,1383
4779,1817,3200,1383
4780,1816,3200,1384
4781,1816,3200,1384
4782,1816,3200,1384
4783,1816,3200,1384
4784,1816,3200,1384
4785,1815,3200,1385
4786,1814,3200,1386
4787,1814,3200,1386
4788,1813,3200,1387
4789,1813,3200,1387
4790,1813,3200,1387
4791,1812,3200,1388
4792,1812,3200,1388
4793,1811,3200,1389
4794,1811,3200,1389
4795,1811,3200,1389
4796,1811,3200,1389
4797,1811,3200,1389
4798,1811,3200,1389
4799,1810,3200,1390
4800,1810,3200,1390
4801,1809,3200,1391
4802,1809,3200,1391
4803,1809,3200,1391
4804,1809,3200,1391
4805,1809,3200,1391
4806,1809,3200,1391
4807,1808,3200,1392
4808,1808,3200,1392
4809,1808,3200,1392
4810,1807,3200,1393
4811,1807,3200,1393
4812,1806,3200,1394
4813,1806,3200,1394
4814,1806,3200,1394
4815,1806,3200,1394
4816,1805,3200,1395
4817,1804,3200,1396
4818,1804,3200,1396
4819,1804,3200,1396
4820,1804,3200,1396
4821,1803,3200,1397
4822,1803,3200,1397
4823,1802,3200,1398
4824,1802,3200,1398
4825,1802,3200,1398
4826,1802,3200,1398
4827,1802,3200,1398
4828,1802,3200,1398
4829,1802,3200,1398
4830,1802,3200,1398
4831,1802,3200,1398
4832,1802,3200,1398
4833,1802,3200,1398
4834,1802,3200,1398
4835,1802,3200,1398
4836,1802,3200,1398
4837,1802,3200,1398
4838,1802,3200,1398
4839,1802,3200,1398
4840,1802,3200,1398
4841,1802,3200,1398
4842,1802,3200,1398
4843,1802,3200,1398
4844,1801,3200,1399
4845,1801,3200,1399
4846,1801,3200,1399
4847,1801,3200,1399
4848,1801,3200,1399
4849,1801,3200,1399
4850,1801,3200,1399
4851,1800,3200,1400
4852,1800,3200,1400
4853,1800,3200,1400
4854,1800,3200,1400
4855,1800,3200,1400
4856,1800,3200,1400
4857,1799,3200,1401
4858,1798,3200,1402
4859,1798,3200,1402
4860,1798,3200,1402
4861,1798,3200,1402
4862,1798,3200,1402
4863,1797,3200,1403
4864,1797,3200,1403
4865,1796,3200,1404
4866,1796,3200,1404
4867,1795,3200,1405
4868,1795,3200,1405
4869,1794,3200,1406
4870,1794,3200,1406
4871,1794,3200,1406
4872,1794,3200,1406
4873,1794,3200,1406
4874,1793,3200,1407
4875,1793,3200,1407
4876,1793,3200,1407
4877,1793,3200,1407
4878,1793,3200,1407
4879,1792,3200,1408
4880,1791,3200,1409
4881,1791,3200,1409
4882,1791,3200,1409
4883,1791,3200,1409
4884,1790,3200,1410
4885,1790,3200,1410
4886,1790,3200,1410
4887,1790,3200,1410
4888,1790,3200,1410
4889,1790,3200,1410
4890,1790,3200,1410
4891,1790,3200,1410
4892,1790,3200,1410
4893,1790,3200,1410
4894,1790,3200,1410
4895,1790,3200,1410
4896,1790,3200,1410
4897,1790,3200,1410
4898,1789,3200,1411
4899,1789,3200,1411
4900,1788,3200,1412
4901,1788,3200,1412
4902,1787,3200,1413
4903,1787,3200,1413
4904,1787,3200,1413
4905,1786,3200,1414
4906,1786,3200,1414
4907,1785,3200,1415
4908,1785,3200,1415
4909,1784,3200,1416
4910,1784,3200,1416
4911,1784,3200,1416
4912,1783,3200,1417
4913,1783,3200,1417
4914,1782,3200,1418
4915,1781,3200,1419
4916,1780,3200,1420
4917,1780,3200,1420
4918,1780,3200,1420
4919,1780,3200,1420
4920,1779,3200,1421
4921,1778,3200,1422
4922,1778,3200,1422
4923,1778,3200,1422
4924,1777,3200,1423
4925,1776,3200,1424
4926,1775,3200,1425
4927,1775,3200,1425
4928,1775,3200,1425
4929,1775,3200,1425
4930,1775,3200,1425
4931,1775,3200,1425
4932,1775,3200,1425
4933,1775,3200,1425
4934,1775,3200,1425
4935,1775,3200,1425
4936,1775,3200,1425
4937,1775,3200,1425
4938,1775,3200,1425
4939,1775,3200,1425
4940,1775,3200,1425
4941,1775,3200,1425
4942,1775,3200,1425
4943,1774,3200,1426
4944,1773,3200,1427
4945,1773,3200,1427
4946,1773,3200,1427
4947,1772,3200,1428
4948,1772,3200,1428
4949,1772,3200,1428
4950,1772,3200,1428
4951,1772,3200,1428
4952,1772,3200,1428
4953,1772,3200,1428
4954,1772,3200,1428
4955,1771,3200,1429
4956,1771,3200,1429
4957,1771,3200,1429
4958,1771,3200,1429
4959,1771,3200,1429
4960,1771,3200,1429
4961,1771,3200,1429
4962,1771,3200,1429
4963,1771,3200,1429
4964,1771,3200,1429
4965,1771,3200,1429
4966,1771,3200,1429
4967,1771,3200,1429
4968,1771,3200,1429
4969,1771,3200,1429
4970,1770,3200,1430
4971,1770,3200,1430
4972,1770,3200,1430
4973,1770,3200,1430
4974,1769,3200,1431
4975,1768,3200,1432
4976,1768,3200,1432
4977,1768,3200,1432
4978,1768,3200,1432
4979,1767,3200,1433
4980,1767,3200,1433
4981,1767,3200,1433
4982,1767,3200,1433
4983,1767,3200,1433
4984,1767,3200,1433
4985,1766,3200,1434
4986,1765,3200,1435
4987,1765,3200,1435
4988,1765,3200,1435
4989,1764,3200,1436
4990,1763,3200,1437
4991,1763,3200,1437
4992,1763,3200,1437
4993,1762,3200,1438
4994,1762,3200,1438
4995,1761,3200,1439
4996,1761,3200,1439
4997,1761,3200,1439
4998,1761,3200,1439
4999,1761,3200,1439
5000,1761,3200,1439
5001,1761,3200,1439
5002,1760,3200,1440
5003,1760,3200,1440
5004,1760,3200,1440
5005,1760,3200,1440
5006,1760,3200,1440
5007,1760,3200,1440
5008,1759,3200,1441
5009,1759,3200,1441
5010,1759,3200,1441
5011,1758,3200,1442
5012,1758,3200,1442
5013,1758,3200,1442
5014,1758,3200,1442
5015,1758,3200,1442
5016,1758,3200,1442
5017,1758,3200,1442
5018,1758,3200,1442
5019,1758,3200,1442
5020,1758,3200,1442
5021,1758,3200,1442
5022,1758,3200,1442
5023,1757,3200,1443
5024,1757,3200,1443
5025,1757,3200,1443
5026,1757,3200,1443
5027,1757,3200,1443
5028,1756,3200,1444
5029,1756,3200,1444
5030,1756,3200,1444
5031,1755,3200,1445
5032,1754,3200,1446
5033,1754,3200,1446
5034,1754,3200,1446
5035,1753,3200,1447
5036,1753,3200,1447
5037,1752,3200,1448
5038,1752,3200,1448
5039,1752,3200,1448
5040,1751,3200,1449
5041,1751,3200,1449
5042,1750,3200,1450
5043,1750,3200,1450
5044,1750,3200,1450
5045,1750,3200,1450
5046,1749,3200,1451
5047,1749,3200,1451
5048,1749,3200,1451
5049,1748,3200,1452
5050,1748,3200,1452
5051,1747,3200,1453
5052,1747,3200,1453
5053,1747,3200,1453
5054,1747,3200,1453
5055,1747,3200,1453
5056,1747,3200,1453
5057,1747,3200,1453
5058,1747,3200,1453
5059,1747,3200,1453
5060,1747,3200,1453
5061,1746,3200,1454
5062,1745,3200,1455
5063,1745,3200,1455
5064,1745,3200,1455
5065,1745,3200,1455
5066,1745,3200,1455
5067,1745,3200,1455
5068,1744,3200,1456
5069,1743,3200,1457
5070,1743,3200,1457
5071,1743,3200,1457
5072,1742,3200,1458
5073,1742,3200,1458
5074,1742,3200,1458
5075,1742,3200,1458
5076,1742,3200,1458
5077,1742,3200,1458
5078,1742,3200,1458
5079,1742,3200,1458
5080,1742,3200,1458
5081,1742,3200,1458
5082,1742,3200,1458
5083,1742,3200,1458
5084,1742,3200,1458
5085,1742,3200,1458
5086,1741,3200,1459
5087,1741,3200,1459
5088,1740,3200,1460
5089,1740,3200,1460
5090,1740,3200,1460
5091,1740,3200,1460
5092,1739,3200,1461
5093,1739,3200,1461
5094,1739,3200,1461
5095,1739,3200,1461
5096,1739,3200,1461
5097,1739,3200,1461
5098,1739,3200,1461
5099,1738,3200,1462
5100,1738,3200,1462
5101,1738,3200,1462
5102,1738,3200,1462
5103,1738,3200,1462
5104,1738,3200,1462
5105,1738,3200,1462
5106,1738,3200,1462
5107,1738,3200,1462
5108,1738,3200,1462
5109,1738,3200,1462
5110,1737,3200,1463
5111,1737,3200,1463
5112,1737,3200,1463
5113,1737,3200,1463
5114,1737,3200,1463
5115,1737,3200,1463
5116,1736,3200,1464
5117,1735,3200,1465
5118,1735,3200,1465
5119,1735,3200,1465
5120,1734,3200,1466
5121,1734,3200,1466
5122,1734,3200,1466
5123,1734,3200,1466
5124,1734,3200,1466
5125,1734,3200,1466
5126,1734,3200,1466
5127,1734,3200,1466
5128,1734,3200,1466
5129,1734,3200,1466
5130,1734,3200,1466
5131,1734,3200,1466
5132,1734,3200,1466
5133,1733,3200,1467
5134,1733,3200,1467
5135,1733,3200,1467
5136,1732,3200,1468
5137,1732,3200,1468
5138,1731,3200,1469
5139,1731,3200,1469
5140,1731,3200,1469
5141,1730,3200,1470
5142,1730,3200,1470
5143,1730,3200,1470
5144,1729,3200,1471
5145,1729,3200,1471
5146,1728,3200,1472
5147,1728,3200,1472
5148,1728,3200,1472
5149,1727,3200,1473
5150,1727,3200,1473
5151,1726,3200,1474
5152,1726,3200,1474
5153,1726,3200,1474
5154,1726,3200,1474
5155,1726,3200,1474
5156,1726,3200,1474
5157,1726,3200,1474
5158,1726,3200,1474
5159,1726,3200,1474
5160,1726,3200,1474
5161,1726,3200,1474
5162,1726,3200,1474
5163,1726,3200,1474
5164,1725,3200,1475
5165,1724,3200,1476
5166,1724,3200,1476
5167,1724,3200,1476
5168,1723,3200,1477
5169,1723,3200,1477
5170,1723,3200,1477
5171,1723,3200,1477
5172,1723,3200,1477
5173,1723,3200,1477
5174,1723,3200,1477
5175,1723,3200,1477
5176,1722,3200,1478
5177,1722,3200,1478
5178,1722,3200,1478
5179,1722,3200,1478
5180,1722,3200,1478
5181,1722,3200,1478
5182,1722,3200,1478
5183,1722,3200,1478
5184,1722,3200,1478
5185,1722,3200,1478
5186,1722,3200,1478
5187,1721,3200,1479
5188,1721,3200,1479
5189,1721,3200,1479
5190,1720,3200,1480
5191,1720,3200,1480
5192,1720,3200,1480
5193,1719,3200,1481
5194,1718,3200,1482
5195,1718,3200,1482
5196,1718,3200,1482
5197,1717,3200,1483
5198,1717,3200,1483
5199,1717,3200,1483
5200,1716,3200,1484
5201,1715,3200,1485
5202,1715,3200,1485
5203,1714,3200,1486
5204,1714,3200,1486
5205,1714,3200,1486
5206,1714,3200,1486
5207,1714,3200,1486
5208,1713,3200,1487
5209,1713,3200,1487
5210,1713,3200,1487
5211,1713,3200,1487
5212,1713,3200,1487
5213,1713,3200,1487
5214,1713,3200,1487
5215,1713,3200,1487
5216,1712,3200,1488
5217,1712,3200,1488
5218,1712,3200,1488
5219,1712,3200,1488
5220,1712,3200,1488
5221,1712,3200,1488
5222,1711,3200,1489
5223,1711,3200,1489
5224,1711,3200,1489
5225,1711,3200,1489
5226,1711,3200,1489
5227,1710,3200,1490
5228,1710,3200,1490
5229,1709,3200,1491
5230,1709,3200,1491
5231,1709,3200,1491
5232,1709,3200,1491
5233,1709,3200,1491
5234,1708,3200,1492
5235,1708,3200,1492
5236,1708,3200,1492
5237,1708,3200,1492
5238,1708,3200,1492
5239,1708,3200,1492
5240,1707,3200,1493
5241,1707,3200,1493
5242,1706,3200,1494
5243,1706,3200,1494
5244,1706,3200,1494
5245,1706,3200,1494
5246,1706,3200,1494
5247,1706,3200,1494
5248,1706,3200,1494
5249,1706,3200,1494
5250,1706,3200,1494
5251,1706,3200,1494
5252,1706,3200,1494
5253,1706,3200,1494
5254,1706,3200,1494
5255,1706,3200,1494
5256,1706,3200,1494
5257,1706,3200,1494
5258,1706,3200,1494
5259,1706,3200,1494
5260,1705,3200,1495
5261,1705,3200,1495
5262,1705,3200,1495
5263,1704,3200,1496
5264,1704,3200,1496
5265,1703,3200,1497
5266,1703,3200,1497
5267,1703,3200,1497
5268,1703,3200,1497
5269,1702,3200,1498
5270,1702,3200,1498
5271,1701,3200,1499
5272,1701,3200,1499
5273,1701,3200,1499
5274,1701,3200,1499
5275,1700,3200,1500
5276,1700,3200,1500
5277,1699,3200,1501
5278,1699,3200,1501
5279,1698,3200,1502
5280,1698,3200,1502
5281,1697,3200,1503
5282,1697,3200,1503
5283,1697,3200,1503
5284,1697,3200,1503
5285,1697,3200,1503
5286,1696,3200,1504
5287,1696,3200,1504
5288,1695,3200,1505
5289,1695,3200,1505
5290,1695,3200,1505
5291,1695,3200,1505
5292,1695,3200,1505
5293,1695,3200,1505
5294,1695,3200,1505
5295,1694,3200,1506
5296,1694,3200,1506
5297,1694,3200,1506
5298,1693,3200,1507
5299,1692,3200,1508
5300,1691,3200,1509
5301,1691,3200,1509
5302,1691,3200,1509
5303,1691,3200,1509
5304,1691,3200,1509
5305,1690,3200,1510
5306,1690,3200,1510
5307,1689,3200,1511
5308,1689,3200,1511
5309,1689,3200,1511
5310,1688,3200,1512
5311,1688,3200,1512
5312,1687,3200,1513
5313,1687,3200,1513
5314,1687,3200,1513
5315,1687,3200,1513
5316,1687,3200,1513
5317,1686,3200,1514
5318,1686,3200,1514
5319,1686,3200,1514
5320,1686,3200,1514
5321,1685,3200,1515
5322,1685,3200,1515
5323,1684,3200,1516
5324,1684,3200,1516
5325,1684,3200,1516
5326,1683,3200,1517
5327,1683,3200,1517
5328,1683,3200,1517
5329,1683,3200,1517
5330,1682,3200,1518
5331,1682,3200,1518
5332,1682,3200,1518
5333,1682,3200,1518
5334,1682,3200,1518
5335,1682,3200,1518
5336,1681,3200,1519
5337,1681,3200,1519
5338,1680,3200,1520
5339,1680,3200,1520
5340,1680,3200,1520
5341,1680,3200,1520
5342,1680,3200,1520
5343,1679,3200,1521
5344,1679,3200,1521
5345,1679,3200,1521
5346,1679,3200,1521
5347,1679,3200,1521
5348,1679,3200,1521
5349,1679,3200,1521
5350,1679,3200,1521
5351,1679,3200,1521
5352,1679,3200,1521
5353,1679,3200,1521
5354,1679,3200,1521
5355,1679,3200,1521
5356,1679,3200,1521
5357,1679,3200,1521
5358,1679,3200,1521
5359,1679,3200,1521
5360,1679,3200,1521
5361,1679,3200,1521
5362,1679,3200,1521
5363,1679,3200,1521
5364,1679,3200,1521
5365,1679,3200,1521
5366,1679,3200,1521
5367,1679,3200,1521
5368,1679,3200,1521
5369,1678,3200,1522
5370,1678,3200,1522
5371,1677,3200,1523
5372,1677,3200,1523
5373,1677,3200,1523
5374,1677,3200,1523
5375,1676,3200,1524
5376,1676,3200,1524
5377,1676,3200,1524
5378,1675,3200,1525
5379,1675,3200,1525
5380,1675,3200,1525
5381,1675,3200,1525
5382,1675,3200,1525
5383,1675,3200,1525
5384,1675,3200,1525
5385,1674,3200,1526
5386,1674,3200,1526
5387,1673,3200,1527
5388,1673,3200,1527
5389,1672,3200,1528
5390,1672,3200,1528
5391,1671,3200,1529
5392,1671,3200,1529
5393,1671,3200,1529
5394,1671,3200,1529
5395,1671,3200,1529
5396,1671,3200,1529
5397,1670,3200,1530
5398,1670,3200,1530
5399,1670,3200,1530
5400,1669,3200,1531
5401,1669,3200,1531
5402,1669,3200,1531
5403,1669,3200,1531
5404,1669,3200,1531
5405,1669,3200,1531
5406,1669,3200,1531
5407,1669,3200,1531
5408,1669,3200,1531
5409,1669,3200,1531
5410,1669,3200,1531
5411,1668,3200,1532
5412,1668,3200,1532
5413,1667,3200,1533
5414,1667,3200,1533
5415,1667,3200,1533
5416,1666,3200,1534
5417,1666,3200,1534
5418,1665,3200,1535
5419,1665,3200,1535
5420,1665,3200,1535
5421,1664,3200,1536
5422,1664,3200,1536
5423,1664,3200,1536
5424,1664,3200,1536
5425,1664,3200,1536
5426,1663,3200,1537
5427,1663,3200,1537
5428,1663,3200,1537
5429,1663,3200,1537
5430,1662,3200,1538
5431,1662,3200,1538
5432,1662,3200,1538
5433,1662,3200,1538
5434,1662,3200,1538
5435,1662,3200,1538
5436,1661,3200,1539
5437,1661,3200,1539
5438,1660,3200,1540
5439,1660,3200,1540
5440,1660,3200,1540
5441,1660,3200,1540
5442,1660,3200,1540
5443,1660,3200,1540
5444,1660,3200,1540
5445,1660,3200,1540
5446,1659,3200,1541
5447,1659,3200,1541
5448,1658,3200,1542
5449,1658,3200,1542
5450,1657,3200,1543
5451,1657,3200,1543
5452,1657,3200,1543
5453,1656,3200,1544
5454,1656,3200,1544
5455,1655,3200,1545
5456,1655,3200,1545
5457,1655,3200,1545
5458,1655,3200,1545
5459,1655,3200,1545
5460,1655,3200,1545
5461,1655,3200,1545
5462,1655,3200,1545
5463,1655,3200,1545
5464,1655,3200,1545
5465,1654,3200,1546
5466,1653,3200,1547
5467,1653,3200,1547
5468,1653,3200,1547
5469,1653,3200,1547
5470,1652,3200,1548
5471,1652,3200,1548
5472,1651,3200,1549
5473,1651,3200,1549
5474,1651,3200,1549
5475,1650,3200,1550
5476,1650,3200,1550
5477,1650,3200,1550
5478,1649,3200,1551
5479,1648,3200,1552
5480,1648,3200,1552
5481,1648,3200,1552
5482,1648,3200,1552
5483,1648,3200,1552
5484,1648,3200,1552
5485,1648,3200,1552
5486,1648,3200,1552
5487,1647,3200,1553
5488,1647,3200,1553
5489,1647,3200,1553
5490,1647,3200,1553
5491,1647,3200,1553
5492,1647,3200,1553
5493,1646,3200,1554
5494,1646,3200,1554
5495,1646,3200,1554
5496,1645,3200,1555
5497,1645,3200,1555
5498,1645,3200,1555
5499,1645,3200,1555
5500,1645,3200,1555
5501,1644,3200,1556
5502,1644,3200,1556
5503,1643,3200,1557
5504,1643,3200,1557
5505,1643,3200,1557
5506,1643,3200,1557
5507,1643,3200,1557
5508,1642,3200,1558
5509,1642,3200,1558
5510,1642,3200,1558
5511,1642,3200,1558
5512,1642,3200,1558
5513,1642,3200,1558
5514,1642,3200,1558
5515,1642,3200,1558
5516,1641,3200,1559
5517,1640,3200,1560
5518,1640,3200,1560
5519,1640,3200,1560
5520,1640,3200,1560
5521,1640,3200,1560
5522,1640,3200,1560
5523,1640,3200,1560
5524,1640,3200,1560
5525,1640,3200,1560
5526,1640,3200,1560
5527,1640,3200,1560
5528,1640,3200,1560
5529,1640,3200,1560
5530,1640,3200,1560
5531,1640,3200,1560
5532,1640,3200,1560
5533,1640,3200,1560
5534,1640,3200,1560
5535,1640,3200,1560
5536,1639,3200,1561
5537,1638,3200,1562
5538,1638,3200,1562
5539,1638,3200,1562
5540,1638,3200,1562
5541,1637,3200,1563
5542,1637,3200,1563
5543,1637,3200,1563
5544,1637,3200,1563
5545,1637,3200,1563
5546,1637,3200,1563
5547,1637,3200,1563
5548,1637,3200,1563
5549,1636,3200,1564
5550,1635,3200,1565
5551,1635,3200,1565
5552,1634,3200,1566
5553,1634,3200,1566
5554,1634,3200,1566
5555,1633,3200,1567
5556,1633,3200,1567
5557,1633,3200,1567
5558,1633,3200,1567
5559,1633,3200,1567
5560,1632,3200,1568
5561,1632,3200,1568
5562,1632,3200,1568
5563,1632,3200,1568
5564,1632,3200,1568
5565,1631,3200,1569
5566,1631,3200,1569
5567,1631,3200,1569
5568,1630,3200,1570
5569,1630,3200,1570
5570,1630,3200,1570
5571,1629,3200,1571
5572,1629,3200,1571
5573,1628,3200,1572
5574,1628,3200,1572
5575,1628,3200,1572
5576,1628,3200,1572
5577,1628,3200,1572
5578,1628,3200,1572
5579,1628,3200,1572
5580,1628,3200,1572
5581,1628,3200,1572
5582,1628,3200,1572
5583,1628,3200,1572
5584,1628,3200,1572
5585,1628,3200,1572
5586,1628,3200,1572
5587,1628,3200,1572
5588,1628,3200,1572
5589,1628,3200,1572
5590,1627,3200,1573
5591,1627,3200,1573
5592,1627,3200,1573
5593,1626,3200,1574
5594,1625,3200,1575
5595,1625,3200,1575
5596,1625,3200,1575
5597,1625,3200,1575
5598,1624,3200,1576
5599,1624,3200,1576
5600,1624,3200,1576
5601,1624,3200,1576
5602,1624,3200,1576
5603,1624,3200,1576
5604,1624,3200,1576
5605,1624,3200,1576
5606,1624,3200,1576
5607,1623,3200,1577
5608,1623,3200,1577
5609,1622,3200,1578
5610,1622,3200,1578
5611,1621,3200,1579
5612,1621,3200,1579
5613,1621,3200,1579
5614,1621,3200,1579
5615,1620,3200,1580
5616,1620,3200,1580
5617,1619,3200,1581
5618,1619,3200,1581
5619,1618,3200,1582
5620,1618,3200,1582
5621,1618,3200,1582
5622,1617,3200,1583
5623,1616,3200,1584
5624,1616,3200,1584
5625,1615,3200,1585
5626,1615,3200,1585
5627,1615,3200,1585
5628,1615,3200,1585
5629,1615,3200,1585
5630,1615,3200,1585
5631,1615,3200,1585
5632,1615,3200,1585
5633,1615,3200,1585
5634,1615,3200,1585
5635,1615,3200,1585
5636,1615,3200,1585
5637,1615,3200,1585
5638,1615,3200,1585
5639,1615,3200,1585
5640,1615,3200,1585
5641,1614,3200,1586
5642,1614,3200,1586
5643,1613,3200,1587
5644,1612,3200,1588
5645,1612,3200,1588
5646,1612,3200,1588
5647,1612,3200,1588
5648,1611,3200,1589
5649,1611,3200,1589
5650,1611,3200,1589
5651,1611,3200,1589
5652,1611,3200,1589
5653,1611,3200,1589
5654,1611,3200,1589
5655,1611,3200,1589
5656,1611,3200,1589
5657,1611,3200,1589
5658,1611,3200,1589
5659,1611,3200,1589
5660,1611,3200,1589
5661,1611,3200,1589
5662,1611,3200,1589
5663,1611,3200,1589
5664,1610,3200,1590
5665,1609,3200,1591
5666,1609,3200,1591
5667,1609,3200,1591
5668,1608,3200,1592
5669,1608,3200,1592
5670,1608,3200,1592
5671,1607,3200,1593
5672,1607,3200,1593
5673,1606,3200,1594
5674,1606,3200,1594
5675,1606,3200,1594
5676,1605,3200,1595
5677,1605,3200,1595
5678,1604,3200,1596
5679,1604,3200,1596
5680,1604,3200,1596
5681,1603,3200,1597
5682,1603,3200,1597
5683,1603,3200,1597
5684,1602,3200,1598
5685,1602,3200,1598
5686,1602,3200,1598
5687,1602,3200,1598
5688,1602,3200,1598
5689,1602,3200,1598
5690,1602,3200,1598
5691,1601,3200,1599
5692,1601,3200,1599
5693,1601,3200,1599
5694,1601,3200,1599
5695,1601,3200,1599
5696,1601,3200,1599
5697,1601,3200,1599
5698,1601,3200,1599
5699,1601,3200,1599
5700,1601,3200,1599
5701,1600,3200,1600
5702,1600,3200,1600
5703,1600,3200,1600
5704,1600,3200,1600
5705,1599,3200,1601
5706,1598,3200,1602
5707,1598,3200,1602
5708,1598,3200,1602
5709,1598,3200,1602
5710,1597,3200,1603
5711,1597,3200,1603
5712,1597,3200,1603
5713,1597,3200,1603
5714,1597,3200,1603
5715,1597,3200,1603
5716,1596,3200,1604
5717,1595,3200,1605
5718,1595,3200,1605
5719,1595,3200,1605
5720,1595,3200,1605
5721,1594,3200,1606
5722,1594,3200,1606
5723,1594,3200,1606
5724,1594,3200,1606
5725,1593,3200,1607
5726,1593,3200,1607
5727,1593,3200,1607
5728,1593,3200,1607
5729,1592,3200,1608
5730,1592,3200,1608
5731,1592,3200,1608
5732,1591,3200,1609
5733,1591,3200,1609
5734,1591,3200,1609
5735,1590,3200,1610
5736,1590,3200,1610
5737,1590,3200,1610
5738,1589,3200,1611
5739,1589,3200,1611
5740,1588,3200,1612
5741,1588,3200,1612
5742,1588,3200,1612
5743,1587,3200,1613
5744,1587,3200,1613
5745,1587,3200,1613
5746,1586,3200,1614
5747,1585,3200,1615
5748,1585,3200,1615
5749,1585,3200,1615
5750,1585,3200,1615
5751,1585,3200,1615
5752,1584,3200,1616
5753,1584,3200,1616
5754,1584,3200,1616
5755,1584,3200,1616
5756,1584,3200,1616
5757,1584,3200,1616
5758,1584,3200,1616
5759,1584,3200,1616
5760,1584,3200,1616
5761,1583,3200,1617
5762,1583,3200,1617
5763,1583,3200,1617
5764,1582,3200,1618
5765,1582,3200,1618
5766,1581,3200,1619
5767,1581,3200,1619
5768,1581,3200,1619
5769,1581,3200,1619
5770,1581,3200,1619
5771,1580,3200,1620
5772,1579,3200,1621
5773,1579,3200,1621
5774,1578,3200,1622
5775,1578,3200,1622
5776,1578,3200,1622
5777,1578,3200,1622
5778,1578,3200,1622
5779,1578,3200,1622
5780,1578,3200,1622
5781,1578,3200,1622
5782,1578,3200,1622
5783,1578,3200,1622
5784,1578,3200,1622
5785,1578,3200,1622
5786,1578,3200,1622
5787,1578,3200,1622
5788,1578,3200,1622
5789,1578,3200,1622
5790,1578,3200,1622
5791,1578,3200,1622
5792,1577,3200,1623
5793,1577,3200,1623
5794,1576,3200,1624
5795,1576,3200,1624
5796,1576,3200,1624
5797,1576,3200,1624
5798,1576,3200,1624
5799,1576,3200,1624
5800,1575,3200,1625
5801,1575,3200,1625
5802,1574,3200,1626
5803,1574,3200,1626
5804,1574,3200,1626
5805,1574,3200,1626
5806,1574,3200,1626
5807,1573,3200,1627
5808,1573,3200,1627
5809,1573,3200,1627
5810,1573,3200,1627
5811,1573,3200,1627
5812,1573,3200,1627
5813,1572,3200,1628
5814,1572,3200,1628
5815,1572,3200,1628
5816,1572,3200,1628
5817,1571,3200,1629
5818,1571,3200,1629
5819,1570,3200,1630
5820,1570,3200,1630
5821,1570,3200,1630
5822,1570,3200,1630
5823,1570,3200,1630
5824,1570,3200,1630
5825,1570,3200,1630
5826,1570,3200,1630
5827,1570,3200,1630
5828,1570,3200,1630
5829,1570,3200,1630
5830,1570,3200,1630
5831,1570,3200,1630
5832,1570,3200,1630
5833,1570,3200,1630
5834,1570,3200,1630
5835,1570,3200,1630
5836,1570,3200,1630
5837,1570,3200,1630
5838,1570,3200,1630
5839,1570,3200,1630
5840,1570,3200,1630
5841,1570,3200,1630
5842,1569,3200,1631
5843,1569,3200,1631
5844,1569,3200,1631
5845,1568,3200,1632
5846,1568,3200,1632
5847,1568,3200,1632
5848,1568,3200,1632
5849,1568,3200,1632
5850,1568,3200,1632
5851,1568,3200,1632
5852,1568,3200,1632
5853,1567,3200,1633
5854,1567,3200,1633
5855,1567,3200,1633
5856,1566,3200,1634
5857,1566,3200,1634
5858,1565,3200,1635
5859,1565,3200,1635
5860,1565,3200,1635
5861,1564,3200,1636
5862,1564,3200,1636
5863,1564,3200,1636
5864,1564,3200,1636
5865,1564,3200,1636
5866,1564,3200,1636
5867,1563,3200,1637
5868,1563,3200,1637
5869,1563,3200,1637
5870,1563,3200,1637
5871,1563,3200,1637
5872,1562,3200,1638
5873,1562,3200,1638
5874,1561,3200,1639
5875,1561,3200,1639
5876,1561,3200,1639
5877,1561,3200,1639
5878,1561,3200,1639
5879,1561,3200,1639
5880,1560,3200,1640
5881,1560,3200,1640
5882,1560,3200,1640
5883,1559,3200,1641
5884,1558,3200,1642
5885,1558,3200,1642
5886,1558,3200,1642
5887,1558,3200,1642
5888,1557,3200,1643
5889,1557,3200,1643
5890,1557,3200,1643
5891,1556,3200,1644
5892,1556,3200,1644
5893,1556,3200,1644
5894,1556,3200,1644
5895,1555,3200,1645
5896,1555,3200,1645
5897,1555,3200,1645
5898,1555,3200,1645
5899,1555,3200,1645
5900,1555,3200,1645
5901,1555,3200,1645
5902,1554,3200,1646
5903,1554,3200,1646
5904,1553,3200,1647
5905,1553,3200,1647
5906,1552,3200,1648
5907,1552,3200,1648
5908,1552,3200,1648
5909,1551,3200,1649
5910,1551,3200,1649
5911,1551,3200,1649
5912,1551,3200,1649
5913,1551,3200,1649
5914,1551,3200,1649
5915,1551,3200,1649
5916,1551,3200,1649
5917,1550,3200,1650
5918,1550,3200,1650
5919,1550,3200,1650
5920,1550,3200,1650
5921,1550,3200,1650
5922,1549,3200,1651
5923,1549,3200,1651
5924,1549,3200,1651
5925,1549,3200,1651
5926,1548,3200,1652
5927,1548,3200,1652
5928,1548,3200,1652
5929,1547,3200,1653
5930,1547,3200,1653
5931,1547,3200,1653
5932,1546,3200,1654
5933,1546,3200,1654
5934,1546,3200,1654
5935,1546,3200,1654
5936,1546,3200,1654
5937,1546,3200,1654
5938,1546,3200,1654
5939,1546,3200,1654
5940,1545,3200,1655
5941,1545,3200,1655
5942,1545,3200,1655
5943,1544,3200,1656
5944,1543,3200,1657
5945,1543,3200,1657
5946,1543,3200,1657
5947,1543,3200,1657
5948,1543,3200,1657
5949,1543,3200,1657
5950,1543,3200,1657
5951,1543,3200,1657
5952,1542,3200,1658
5953,1542,3200,1658
5954,1542,3200,1658
5955,1542,3200,1658
5956,1542,3200,1658
5957,1542,3200,1658
5958,1542,3200,1658
5959,1541,3200,1659
5960,1541,3200,1659
5961,1540,3200,1660
5962,1540,3200,1660
5963,1540,3200,1660
5964,1540,3200,1660
5965,1540,3200,1660
5966,1539,3200,1661
5967,1539,3200,1661
5968,1539,3200,1661
5969,1539,3200,1661
5970,1539,3200,1661
5971,1539,3200,1661
5972,1539,3200,1661
5973,1539,3200,1661
5974,1539,3200,1661
5975,1539,3200,1661
5976,1539,3200,1661
5977,1539,3200,1661
5978,1539,3200,1661
5979,1538,3200,1662
5980,1538,3200,1662
5981,1537,3200,1663
5982,1537,3200,1663
5983,1537,3200,1663
5984,1536,3200,1664
5985,1536,3200,1664
5986,1536,3200,1664
5987,1535,3200,1665
5988,1535,3200,1665
5989,1534,3200,1666
5990,1534,3200,1666
5991,1534,3200,1666
5992,1534,3200,1666
5993,1534,3200,1666
5994,1534,3200,1666
5995,1534,3200,1666
5996,1534,3200,1666
5997,1533,3200,1667
5998,1532,3200,1668
5999,1532,3200,1668
6000,1532,3200,1668
6001,1532,3200,1668
6002,1531,3200,1669
6003,1531,3200,1669
6004,1531,3200,1669
6005,1530,3200,1670
6006,1530,3200,1670
6007,1530,3200,1670
6008,1530,3200,1670
6009,1530,3200,1670
6010,1530,3200,1670
6011,1529,3200,1671
6012,1529,3200,1671
6013,1529,3200,1671
6014,1528,3200,1672
6015,1527,3200,1673
6016,1527,3200,1673
6017,1527,3200,1673
6018,1527,3200,1673
6019,1527,3200,1673
6020,1526,3200,1674
6021,1526,3200,1674
6022,1526,3200,1674
6023,1526,3200,1674
6024,1526,3200,1674
6025,1525,3200,1675
6026,1525,3200,1675
6027,1524,3200,1676
6028,1523,3200,1677
6029,1523,3200,1677
6030,1523,3200,1677
6031,1522,3200,1678
6032,1522,3200,1678
6033,1522,3200,1678
6034,1521,3200,1679
6035,1521,3200,1679
6036,1521,3200,1679
6037,1521,3200,1679
6038,1521,3200,1679
6039,1521,3200,1679
6040,1521,3200,1679
6041,1521,3200,1679
6042,1520,3200,1680
6043,1520,3200,1680
6044,1520,3200,1680
6045,1520,3200,1680
6046,1520,3200,1680
6047,1520,3200,1680
6048,1520,3200,1680
6049,1520,3200,1680
6050,1520,3200,1680
6051,1520,3200,1680
6052,1520,3200,1680
6053,1520,3200,1680
6054,1519,3200,1681
6055,1519,3200,1681
6056,1518,3200,1682
6057,1518,3200,1682
6058,1518,3200,1682
6059,1518,3200,1682
6060,1518,3200,1682
6061,1518,3200,1682
6062,1518,3200,1682
6063,1518,3200,1682
6064,1518,3200,1682
6065,1518,3200,1682
6066,1518,3200,1682
6067,1518,3200,1682
6068,1518,3200,1682
6069,1518,3200,1682
6070,1517,3200,1683
6071,1517,3200,1683
6072,1517,3200,1683
6073,1516,3200,1684
6074,1515,3200,1685
6075,1515,3200,1685
6076,1515,3200,1685
6077,1514,3200,1686
6078,1514,3200,1686
6079,1514,3200,1686
6080,1514,3200,1686
6081,1513,3200,1687
6082,1513,3200,1687
6083,1513,3200,1687
6084,1512,3200,1688
6085,1511,3200,1689
6086,1511,3200,1689
6087,1511,3200,1689
6088,1511,3200,1689
6089,1510,3200,1690
6090,1510,3200,1690
6091,1510,3200,1690
6092,1510,3200,1690
6093,1509,3200,1691
6094,1508,3200,1692
6095,1508,3200,1692
6096,1508,3200,1692
6097,1507,3200,1693
6098,1507,3200,1693
6099,1506,3200,1694
6100,1506,3200,1694
6101,1506,3200,1694
6102,1505,3200,1695
6103,1505,3200,1695
6104,1505,3200,1695
6105,1505,3200,1695
6106,1505,3200,1695
6107,1504,3200,1696
6108,1504,3200,1696
6109,1503,3200,1697
6110,1503,3200,1697
6111,1503,3200,1697
6112,1503,3200,1697
6113,1503,3200,1697
6114,1503,3200,1697
6115,1503,3200,1697
6116,1503,3200,1697
6117,1503,3200,1697
6118,1503,3200,1697
6119,1503,3200,1697
6120,1503,3200,1697
6121,1503,3200,1697
6122,1503,3200,1697
6123,1503,3200,1697
6124,1503,3200,1697
6125,1503,3200,1697
6126,1503,3200,1697
6127,1503,3200,1697
6128,1503,3200,1697
6129,1503,3200,1697
6130,1503,3200,1697
6131,1503,3200,1697
6132,1503,3200,1697
6133,1502,3200,1698
6134,1501,3200,1699
6135,1501,3200,1699
6136,1501,3200,1699
6137,1501,3200,1699
6138,1501,3200,1699
6139,1500,3200,1700
6140,1500,3200,1700
6141,1500,3200,1700
6142,1500,3200,1700
6143,1500,3200,1700
6144,1500,3200,1700
6145,1500,3200,1700
6146,1500,3200,1700
6147,1500,3200,1700
6148,1499,3200,1701
6149,1499,3200,1701
6150,1499,3200,1701
6151,1498,3200,1702
6152,1498,3200,1702
6153,1497,3200,1703
6154,1497,3200,1703
6155,1497,3200,1703
6156,1497,3200,1703
6157,1497,3200,1703
6158,1496,3200,1704
6159,1496,3200,1704
6160,1495,3200,1705
6161,1495,3200,1705
6162,1495,3200,1705
6163,1494,3200,1706
6164,1494,3200,1706
6165,1493,3200,1707
6166,1492,3200,1708
6167,1492,3200,1708
6168,1492,3200,1708
6169,1492,3200,1708
6170,1492,3200,1708
6171,1492,3200,1708
6172,1492,3200,1708
6173,1492,3200,1708
6174,1492,3200,1708
6175,1492,3200,1708
6176,1492,3200,1708
6177,1492,3200,1708
6178,1492,3200,1708
6179,1492,3200,1708
6180,1492,3200,1708
6181,1492,3200,1708
6182,1492,3200,1708
6183,1492,3200,1708
6184,1492,3200,1708
6185,1492,3200,1708
6186,1491,3200,1709
6187,1491,3200,1709
6188,1490,3200,1710
6189,1490,3200,1710
6190,1490,3200,1710
6191,1490,3200,1710
6192,1489,3200,1711
6193,1489,3200,1711
6194,1489,3200,1711
6195,1488,3200,1712
6196,1487,3200,1713
6197,1487,3200,1713
6198,1486,3200,1714
6199,1485,3200,1715
6200,1484,3200,1716
6201,1484,3200,1716
6202,1483,3200,1717
6203,1482,3200,1718
6204,1482,3200,1718
6205,1482,3200,1718
6206,1481,3200,1719
6207,1480,3200,1720
6208,1480,3200,1720
6209,1480,3200,1720
6210,1480,3200,1720
6211,1480,3200,1720
6212,1480,3200,1720
6213,1480,3200,1720
6214,1480,3200,1720
6215,1480,3200,1720
6216,1480,3200,1720
6217,1480,3200,1720
6218,1480,3200,1720
6219,1480,3200,1720
6220,1480,3200,1720
6221,1480,3200,1720
6222,1480,3200,1720
6223,1480,3200,1720
6224,1480,3200,1720
6225,1480,3200,1720
6226,1480,3200,1720
6227,1480,3200,1720
6228,1480,3200,1720
6229,1479,3200,1721
6230,1479,3200,1721
6231,1479,3200,1721
6232,1479,3200,1721
6233,1478,3200,1722
6234,1478,3200,1722
6235,1478,3200,1722
6236,1478,3200,1722
6237,1478,3200,1722
6238,1478,3200,1722
6239,1478,3200,1722
6240,1477,3200,1723
6241,1477,3200,1723
6242,1476,3200,1724
6243,1476,3200,1724
6244,1476,3200,1724
6245,1476,3200,1724
6246,1476,3200,1724
6247,1476,3200,1724
6248,1476,3200,1724
6249,1475,3200,1725
6250,1475,3200,1725
6251,1474,3200,1726
6252,1474,3200,1726
6253,1474,3200,1726
6254,1473,3200,1727
6255,1473,3200,1727
6256,1473,3200,1727
6257,1473,3200,1727
6258,1473,3200,1727
6259,1473,3200,1727
6260,1472,3200,1728
6261,1472,3200,1728
6262,1472,3200,1728
6263,1471,3200,1729
6264,1471,3200,1729
6265,1471,3200,1729
6266,1470,3200,1730
6267,1470,3200,1730
6268,1469,3200,1731
6269,1469,3200,1731
6270,1469,3200,1731
6271,1468,3200,1732
6272,1468,3200,1732
6273,1467,3200,1733
6274,1467,3200,1733
6275,1467,3200,1733
6276,1467,3200,1733
6277,1466,3200,1734
6278,1466,3200,1734
6279,1466,3200,1734
6280,1466,3200,1734
6281,1466,3200,1734
6282,1466,3200,1734
6283,1466,3200,1734
6284,1466,3200,1734
6285,1465,3200,1735
6286,1464,3200,1736
6287,1464,3200,1736
6288,1464,3200,1736
6289,1463,3200,1737
6290,1463,3200,1737
6291,1463,3200,1737
6292,1463,3200,1737
6293,1463,3200,1737
6294,1463,3200,1737
6295,1463,3200,1737
6296,1462,3200,1738
6297,1462,3200,1738
6298,1462,3200,1738
6299,1462,3200,1738
6300,1462,3200,1738
6301,1462,3200,1738
6302,1461,3200,1739
6303,1460,3200,1740
6304,1460,3200,1740
6305,1460,3200,1740
6306,1459,3200,1741
6307,1459,3200,1741
6308,1459,3200,1741
6309,1459,3200,1741
6310,1459,3200,1741
6311,1459,3200,1741
6312,1459,3200,1741
6313,1459,3200,1741
6314,1459,3200,1741
6315,1459,3200,1741
6316,1459,3200,1741
6317,1459,3200,1741
6318,1459,3200,1741
6319,1458,3200,1742
6320,1457,3200,1743
6321,1457,3200,1743
6322,1456,3200,1744
6323,1456,3200,1744
6324,1456,3200,1744
6325,1456,3200,1744
6326,1456,3200,1744
6327,1456,3200,1744
6328,1456,3200,1744
6329,1456,3200,1744
6330,1455,3200,1745
6331,1455,3200,1745
6332,1454,3200,1746
6333,1454,3200,1746
6334,1454,3200,1746
6335,1454,3200,1746
6336,1454,3200,1746
6337,1454,3200,1746
6338,1454,3200,1746
6339,1454,3200,1746
6340,1454,3200,1746
6341,1454,3200,1746
6342,1454,3200,1746
6343,1453,3200,1747
6344,1453,3200,1747
6345,1453,3200,1747
6346,1452,3200,1748
6347,1452,3200,1748
6348,1451,3200,1749
6349,1451,3200,1749
6350,1451,3200,1749
6351,1451,3200,1749
6352,1450,3200,1750
6353,1450,3200,1750
6354,1449,3200,1751
6355,1449,3200,1751
6356,1449,3200,1751
6357,1448,3200,1752
6358,1448,3200,1752
6359,1448,3200,1752
6360,1448,3200,1752
6361,1448,3200,1752
6362,1448,3200,1752
6363,1448,3200,1752
6364,1447,3200,1753
6365,1447,3200,1753
6366,1447,3200,1753
6367,1446,3200,1754
6368,1446,3200,1754
6369,1446,3200,1754
6370,1445,3200,1755
6371,1445,3200,1755
6372,1445,3200,1755
6373,1445,3200,1755
6374,1445,3200,1755
6375,1445,3200,1755
6376,1445,3200,1755
6377,1445,3200,1755
6378,1445,3200,1755
6379,1445,3200,1755
6380,1445,3200,1755
6381,1445,3200,1755
6382,1445,3200,1755
6383,1444,3200,1756
6384,1444,3200,1756
6385,1444,3200,1756
6386,1443,3200,1757
6387,1443,3200,1757
6388,1442,3200,1758
6389,1442,3200,1758
6390,1442,3200,1758
6391,1442,3200,1758
6392,1442,3200,1758
6393,1441,3200,1759
6394,1441,3200,1759
6395,1441,3200,1759
6396,1441,3200,1759
6397,1441,3200,1759
6398,1440,3200,1760
6399,1440,3200,1760
6400,1439,3200,1761
6401,1439,3200,1761
6402,1439,3200,1761
6403,1438,3200,1762
6404,1438,3200,1762
6405,1438,3200,1762
6406,1437,3200,1763
6407,1437,3200,1763
6408,1437,3200,1763
6409,1436,3200,1764
6410,1436,3200,1764
6411,1435,3200,1765
6412,1435,3200,1765
6413,1435,3200,1765
6414,1435,3200,1765
6415,1435,3200,1765
6416,1435,3200,1765
6417,1435,3200,1765
6418,1434,3200,1766
6419,1434,3200,1766
6420,1433,3200,1767
6421,1433,3200,1767
6422,1432,3200,1768
6423,1432,3200,1768
6424,1432,3200,1768
6425,1431,3200,1769
6426,1431,3200,1769
6427,1431,3200,1769
6428,1431,3200,1769
6429,1430,3200,1770
6430,1430,3200,1770
6431,1430,3200,1770
6432,1429,3200,1771
6433,1429,3200,1771
6434,1429,3200,1771
6435,1429,3200,1771
6436,1429,3200,1771
6437,1428,3200,1772
6438,1428,3200,1772
6439,1428,3200,1772
6440,1428,3200,1772
6441,1428,3200,1772
6442,1428,3200,1772
6443,1428,3200,1772
6444,1428,3200,1772
6445,1428,3200,1772
6446,1428,3200,1772
6447,1427,3200,1773
6448,1427,3200,1773
6449,1426,3200,1774
6450,1426,3200,1774
6451,1426,3200,1774
6452,1426,3200,1774
6453,1425,3200,1775
6454,1425,3200,1775
6455,1424,3200,1776
6456,1424,3200,1776
6457,1423,3200,1777
6458,1423,3200,1777
6459,1423,3200,1777
6460,1422,3200,1778
6461,1422,3200,1778
6462,1422,3200,1778
6463,1422,3200,1778
6464,1422,3200,1778
6465,1422,3200,1778
6466,1422,3200,1778
6467,1422,3200,1778
6468,1422,3200,1778
6469,1422,3200,1778
6470,1422,3200,1778
6471,1421,3200,1779
6472,1420,3200,1780
6473,1419,3200,1781
6474,1419,3200,1781
6475,1419,3200,1781
6476,1418,3200,1782
6477,1418,3200,1782
6478,1418,3200,1782
6479,1418,3200,1782
6480,1417,3200,1783
6481,1417,3200,1783
6482,1417,3200,1783
6483,1417,3200,1783
6484,1416,3200,1784
6485,1416,3200,1784
6486,1416,3200,1784
6487,1416,3200,1784
6488,1416,3200,1784
6489,1416,3200,1784
6490,1416,3200,1784
6491,1416,3200,1784
6492,1416,3200,1784
6493,1416,3200,1784
6494,1416,3200,1784
6495,1416,3200,1784
6496,1416,3200,1784
6497,1416,3200,1784
6498,1416,3200,1784
6499,1416,3200,1784
6500,1416,3200,1784
6501,1416,3200,1784
6502,1415,3200,1785
6503,1415,3200,1785
6504,1415,3200,1785
6505,1415,3200,1785
6506,1415,3200,1785
6507,1414,3200,1786
6508,1414,3200,1786
6509,1414,3200,1786
6510,1413,3200,1787
6511,1413,3200,1787
6512,1413,3200,1787
6513,1412,3200,1788
6514,1412,3200,1788
6515,1411,3200,1789
6516,1410,3200,1790
6517,1410,3200,1790
6518,1410,3200,1790
6519,1410,3200,1790
6520,1409,3200,1791
6521,1409,3200,1791
6522,1409,3200,1791
6523,1409,3200,1791
6524,1409,3200,1791
6525,1409,3200,1791
6526,1408,3200,1792
6527,1408,3200,1792
6528,1408,3200,1792
6529,1408,3200,1792
6530,1408,3200,1792
6531,1408,3200,1792
6532,1407,3200,1793
6533,1407,3200,1793
6534,1407,3200,1793
6535,1406,3200,1794
6536,1406,3200,1794
6537,1406,3200,1794
6538,1405,3200,1795
6539,1405,3200,1795
6540,1405,3200,1795
6541,1404,3200,1796
6542,1404,3200,1796
6543,1404,3200,1796
6544,1404,3200,1796
6545,1404,3200,1796
6546,1403,3200,1797
6547,1403,3200,1797
6548,1403,3200,1797
6549,1402,3200,1798
6550,1401,3200,1799
6551,1401,3200,1799
6552,1401,3200,1799
6553,1400,3200,1800
6554,1400,3200,1800
6555,1400,3200,1800
6556,1399,3200,1801
6557,1399,3200,1801
6558,1399,3200,1801
6559,1398,3200,1802
6560,1398,3200,1802
6561,1397,3200,1803
6562,1397,3200,1803
6563,1397,3200,1803
6564,1397,3200,1803
6565,1397,3200,1803
6566,1397,3200,1803
6567,1397,3200,1803
6568,1397,3200,1803
6569,1397,3200,1803
6570,1397,3200,1803
6571,1397,3200,1803
6572,1397,3200,1803
6573,1397,3200,1803
6574,1396,3200,1804
6575,1396,3200,1804
6576,1395,3200,1805
6577,1395,3200,1805
6578,1395,3200,1805
6579,1395,3200,1805
6580,1395,3200,1805
6581,1395,3200,1805
6582,1395,3200,1805
6583,1395,3200,1805
6584,1394,3200,1806
6585,1394,3200,1806
6586,1394,3200,1806
6587,1394,3200,1806
6588,1394,3200,1806
6589,1394,3200,1806
6590,1394,3200,1806
6591,1394,3200,1806
6592,1394,3200,1806
6593,1394,3200,1806
6594,1393,3200,1807
6595,1393,3200,1807
6596,1393,3200,1807
6597,1392,3200,1808
6598,1392,3200,1808
6599,1391,3200,1809
6600,1391,3200,1809
6601,1391,3200,1809
6602,1391,3200,1809
6603,1391,3200,1809
6604,1390,3200,1810
6605,1390,3200,1810
6606,1390,3200,1810
6607,1389,3200,1811
6608,1389,3200,1811
6609,1389,3200,1811
6610,1388,3200,1812
6611,1388,3200,1812
6612,1388,3200,1812
6613,1388,3200,1812
6614,1387,3200,1813
6615,1387,3200,1813
6616,1387,3200,1813
6617,1387,3200,1813
6618,1387,3200,1813
6619,1387,3200,1813
6620,1387,3200,1813
6621,1387,3200,1813
6622,1387,3200,1813
6623,1386,3200,1814
6624,1386,3200,1814
6625,1386,3200,1814
6626,1385,3200,1815
6627,1385,3200,1815
6628,1384,3200,1816
6629,1384,3200,1816
6630,1384,3200,1816
6631,1384,3200,1816
6632,1384,3200,1816
6633,1384,3200,1816
6634,1384,3200,1816
6635,1384,3200,1816
6636,1384,3200,1816
6637,1384,3200,1816
6638,1384,3200,1816
6639,1384,3200,1816
6640,1384,3200,1816
6641,1384,3200,1816
6642,1383,3200,1817
6643,1383,3200,1817
6644,1383,3200,1817
6645,1382,3200,1818
6646,1382,3200,1818
6647,1382,3200,1818
6648,1381,3200,1819
6649,1381,3200,1819
6650,1381,3200,1819
6651,1381,3200,1819
6652,1380,3200,1820
6653,1380,3200,1820
6654,1380,3200,1820
6655,1379,3200,1821
6656,1379,3200,1821
6657,1379,3200,1821
6658,1378,3200,1822
6659,1378,3200,1822
6660,1378,3200,1822
6661,1378,3200,1822
6662,1378,3200,1822
6663,1378,3200,1822
6664,1377,3200,1823
6665,1377,3200,1823
6666,1377,3200,1823
6667,1376,3200,1824
6668,1376,3200,1824
6669,1376,3200,1824
6670,1376,3200,1824
6671,1376,3200,1824
6672,1375,3200,1825
6673,1375,3200,1825
6674,1375,3200,1825
6675,1375,3200,1825
6676,1375,3200,1825
6677,1375,3200,1825
6678,1375,3200,1825
6679,1375,3200,1825
6680,1374,3200,1826
6681,1374,3200,1826
6682,1374,3200,1826
6683,1374,3200,1826
6684,1374,3200,1826
6685,1373,3200,1827
6686,1373,3200,1827
6687,1373,3200,1827
6688,1373,3200,1827
6689,1372,3200,1828
6690,1372,3200,1828
6691,1372,3200,1828
6692,1371,3200,1829
6693,1371,3200,1829
6694,1370,3200,1830
6695,1370,3200,1830
6696,1370,3200,1830
6697,1370,3200,1830
6698,1370,3200,1830
6699,1370,3200,1830
6700,1369,3200,1831
6701,1369,3200,1831
6702,1368,3200,1832
6703,1368,3200,1832
6704,1368,3200,1832
6705,1368,3200,1832
6706,1368,3200,1832
6707,1367,3200,1833
6708,1367,3200,1833
6709,1366,3200,1834
6710,1366,3200,1834
6711,1365,3200,1835
6712,1365,3200,1835
6713,1365,3200,1835
6714,1365,3200,1835
6715,1365,3200,1835
6716,1364,3200,1836
6717,1364,3200,1836
6718,1363,3200,1837
6719,1363,3200,1837
6720,1362,3200,1838
6721,1361,3200,1839
6722,1361,3200,1839
6723,1361,3200,1839
6724,1361,3200,1839
6725,1360,3200,1840
6726,1360,3200,1840
6727,1360,3200,1840
6728,1360,3200,1840
6729,1360,3200,1840
6730,1360,3200,1840
6731,1360,3200,1840
6732,1360,3200,1840
6733,1360,3200,1840
6734,1360,3200,1840
6735,1360,3200,1840
6736,1360,3200,1840
6737,1360,3200,1840
6738,1360,3200,1840
6739,1360,3200,1840
6740,1360,3200,1840
6741,1360,3200,1840
6742,1360,3200,1840
6743,1360,3200,1840
6744,1360,3200,1840
6745,1360,3200,1840
6746,1360,3200,1840
6747,1360,3200,1840
6748,1360,3200,1840
6749,1360,3200,1840
6750,1360,3200,1840
6751,1360,3200,1840
6752,1359,3200,1841
6753,1359,3200,1841
6754,1359,3200,1841
6755,1358,3200,1842
6756,1358,3200,1842
6757,1357,3200,1843
6758,1356,3200,1844
6759,1356,3200,1844
6760,1356,3200,1844
6761,1355,3200,1845
6762,1354,3200,1846
6763,1354,3200,1846
6764,1354,3200,1846
6765,1354,3200,1846
6766,1353,3200,1847
6767,1353,3200,1847
6768,1353,3200,1847
6769,1353,3200,1847
6770,1352,3200,1848
6771,1352,3200,1848
6772,1352,3200,1848
6773,1352,3200,1848
6774,1352,3200,1848
6775,1351,3200,1849
6776,1350,3200,1850
6777,1350,3200,1850
6778,1350,3200,1850
6779,1350,3200,1850
6780,1350,3200,1850
6781,1350,3200,1850
6782,1350,3200,1850
6783,1350,3200,1850
6784,1349,3200,1851
6785,1349,3200,1851
6786,1348,3200,1852
6787,1348,3200,1852
6788,1348,3200,1852
6789,1347,3200,1853
6790,1347,3200,1853
6791,1347,3200,1853
6792,1346,3200,1854
6793,1346,3200,1854
6794,1345,3200,1855
6795,1345,3200,1855
6796,1345,3200,1855
6797,1344,3200,1856
6798,1344,3200,1856
6799,1343,3200,1857
6800,1343,3200,1857
6801,1343,3200,1857
6802,1342,3200,1858
6803,1342,3200,1858
6804,1342,3200,1858
6805,1342,3200,1858
6806,1341,3200,1859
6807,1341,3200,1859
6808,1341,3200,1859
6809,1340,3200,1860
6810,1340,3200,1860
6811,1340,3200,1860
6812,1340,3200,1860
6813,1340,3200,1860
6814,1340,3200,1860
6815,1340,3200,1860
6816,1340,3200,1860
6817,1340,3200,1860
6818,1340,3200,1860
6819,1340,3200,1860
6820,1340,3200,1860
6821,1340,3200,1860
6822,1340,3200,1860
6823,1340,3200,1860
6824,1340,3200,1860
6825,1340,3200,1860
6826,1340,3200,1860
6827,1340,3200,1860
6828,1340,3200,1860
6829,1339,3200,1861
6830,1338,3200,1862
6831,1338,3200,1862
6832,1338,3200,1862
6833,1338,3200,1862
6834,1338,3200,1862
6835,1337,3200,1863
6836,1337,3200,1863
6837,1337,3200,1863
6838,1336,3200,1864
6839,1336,3200,1864
6840,1336,3200,1864
6841,1336,3200,1864
6842,1336,3200,1864
6843,1335,3200,1865
6844,1335,3200,1865
6845,1334,3200,1866
6846,1334,3200,1866
6847,1334,3200,1866
6848,1333,3200,1867
6849,1333,3200,1867
6850,1333,3200,1867
6851,1332,3200,1868
6852,1332,3200,1868
6853,1332,3200,1868
6854,1332,3200,1868
6855,1332,3200,1868
6856,1332,3200,1868
6857,1332,3200,1868
6858,1331,3200,1869
6859,1331,3200,1869
6860,1331,3200,1869
6861,1331,3200,1869
6862,1331,3200,1869
6863,1331,3200,1869
6864,1331,3200,1869
6865,1331,3200,1869
6866,1331,3200,1869
6867,1331,3200,1869
6868,1331,3200,1869
6869,1331,3200,1869
6870,1331,3200,1869
6871,1330,3200,1870
6872,1330,3200,1870
6873,1330,3200,1870
6874,1329,3200,1871
6875,1328,3200,1872
6876,1327,3200,1873
6877,1327,3200,1873
6878,1327,3200,1873
6879,1327,3200,1873
6880,1327,3200,1873
6881,1327,3200,1873
6882,1327,3200,1873
6883,1326,3200,1874
6884,1326,3200,1874
6885,1326,3200,1874
6886,1325,3200,1875
6887,1325,3200,1875
6888,1324,3200,1876
6889,1324,3200,1876
6890,1323,3200,1877
6891,1323,3200,1877
6892,1323,3200,1877
6893,1323,3200,1877
6894,1322,3200,1878
6895,1322,3200,1878
6896,1321,3200,1879
6897,1321,3200,1879
6898,1320,3200,1880
6899,1320,3200,1880
6900,1320,3200,1880
6901,1320,3200,1880
6902,1320,3200,1880
6903,1320,3200,1880
6904,1320,3200,1880
6905,1320,3200,1880
6906,1319,3200,1881
6907,1319,3200,1881
6908,1318,3200,1882
6909,1318,3200,1882
6910,1318,3200,1882
6911,1318,3200,1882
6912,1318,3200,1882
6913,1317,3200,1883
6914,1317,3200,1883
6915,1317,3200,1883
6916,1317,3200,1883
6917,1317,3200,1883
6918,1317,3200,1883
6919,1317,3200,1883
6920,1317,3200,1883
6921,1317,3200,1883
6922,1317,3200,1883
6923,1317,3200,1883
6924,1317,3200,1883
6925,1316,3200,1884
6926,1315,3200,1885
6927,1315,3200,1885
6928,1315,3200,1885
6929,1315,3200,1885
6930,1315,3200,1885
6931,1315,3200,1885
6932,1315,3200,1885
6933,1315,3200,1885
6934,1315,3200,1885
6935,1315,3200,1885
6936,1315,3200,1885
6937,1315,3200,1885
6938,1315,3200,1885
6939,1315,3200,1885
6940,1315,3200,1885
6941,1315,3200,1885
6942,1315,3200,1885
6943,1315,3200,1885
6944,1315,3200,1885
6945,1315,3200,1885
6946,1315,3200,1885
6947,1314,3200,1886
6948,1314,3200,1886
6949,1313,3200,1887
6950,1313,3200,1887
6951,1312,3200,1888
6952,1311,3200,1889
6953,1311,3200,1889
6954,1311,3200,1889
6955,1311,3200,1889
6956,1311,3200,1889
6957,1310,3200,1890
6958,1310,3200,1890
6959,1310,3200,1890
6960,1310,3200,1890
6961,1310,3200,1890
6962,1310,3200,1890
6963,1310,3200,1890
6964,1310,3200,1890
6965,1310,3200,1890
6966,1309,3200,1891
6967,1309,3200,1891
6968,1309,3200,1891
6969,1309,3200,1891
6970,1309,3200,1891
6971,1309,3200,1891
6972,1308,3200,1892
6973,1308,3200,1892
6974,1307,3200,1893
6975,1307,3200,1893
6976,1307,3200,1893
6977,1306,3200,1894
6978,1306,3200,1894
6979,1306,3200,1894
6980,1305,3200,1895
6981,1305,3200,1895
6982,1304,3200,1896
6983,1304,3200,1896
6984,1303,3200,1897
6985,1302,3200,1898
6986,1302,3200,1898
6987,1302,3200,1898
6988,1301,3200,1899
6989,1300,3200,1900
6990,1300,3200,1900
6991,1299,3200,1901
6992,1299,3200,1901
6993,1299,3200,1901
6994,1298,3200,1902
6995,1298,3200,1902
6996,1298,3200,1902
6997,1298,3200,1902
6998,1297,3200,1903
6999,1297,3200,1903
7000,1297,3200,1903
7001,1297,3200,1903
7002,1297,3200,1903
7003,1297,3200,1903
7004,1297,3200,1903
7005,1297,3200,1903
7006,1297,3200,1903
7007,1296,3200,1904
7008,1296,3200,1904
7009,1296,3200,1904
7010,1296,3200,1904
7011,1295,3200,1905
7012,1295,3200,1905
7013,1295,3200,1905
7014,1294,3200,1906
7015,1294,3200,1906
7016,1294,3200,1906
7017,1294,3200,1906
7018,1294,3200,1906
7019,1294,3200,1906
7020,1294,3200,1906
7021,1294,3200,1906
7022,1293,3200,1907
7023,1293,3200,1907
7024,1293,3200,1907
7025,1292,3200,1908
7026,1292,3200,1908
7027,1292,3200,1908
7028,1292,3200,1908
7029,1292,3200,1908
7030,1292,3200,1908
7031,1291,3200,1909
7032,1291,3200,1909
7033,1290,3200,1910
7034,1290,3200,1910
7035,1290,3200,1910
7036,1290,3200,1910
7037,1290,3200,1910
7038,1289,3200,1911
7039,1289,3200,1911
7040,1288,3200,1912
7041,1288,3200,1912
7042,1288,3200,1912
7043,1288,3200,1912
7044,1288,3200,1912
7045,1288,3200,1912
7046,1287,3200,1913
7047,1287,3200,1913
7048,1287,3200,1913
7049,1287,3200,1913
7050,1287,3200,1913
7051,1286,3200,1914
7052,1286,3200,1914
7053,1286,3200,1914
7054,1286,3200,1914
7055,1286,3200,1914
7056,1286,3200,1914
7057,1286,3200,1914
7058,1286,3200,1914
7059,1286,3200,1914
7060,1286,3200,1914
7061,1286,3200,1914
7062,1285,3200,1915
7063,1285,3200,1915
7064,1285,3200,1915
7065,1285,3200,1915
7066,1285,3200,1915
7067,1285,3200,1915
7068,1285,3200,1915
7069,1285,3200,1915
7070,1284,3200,1916
7071,1284,3200,1916
7072,1284,3200,1916
7073,1283,3200,1917
7074,1283,3200,1917
7075,1282,3200,1918
7076,1282,3200,1918
7077,1282,3200,1918
7078,1282,3200,1918
7079,1281,3200,1919
7080,1281,3200,1919
7081,1281,3200,1919
7082,1280,3200,1920
7083,1280,3200,1920
7084,1279,3200,1921
7085,1279,3200,1921
7086,1279,3200,1921
7087,1278,3200,1922
7088,1278,3200,1922
7089,1278,3200,1922
7090,1278,3200,1922
7091,1278,3200,1922
7092,1278,3200,1922
7093,1278,3200,1922
7094,1277,3200,1923
7095,1277,3200,1923
7096,1276,3200,1924
7097,1276,3200,1924
7098,1275,3200,1925
7099,1275,3200,1925
7100,1275,3200,1925
7101,1275,3200,1925
7102,1275,3200,1925
7103,1275,3200,1925
7104,1275,3200,1925
7105,1274,3200,1926
7106,1274,3200,1926
7107,1274,3200,1926
7108,1273,3200,1927
7109,1273,3200,1927
7110,1273,3200,1927
7111,1273,3200,1927
7112,1273,3200,1927
7113,1273,3200,1927
7114,1272,3200,1928
7115,1272,3200,1928
7116,1272,3200,1928
7117,1271,3200,1929
7118,1271,3200,1929
7119,1271,3200,1929
7120,1271,3200,1929
7121,1271,3200,1929
7122,1270,3200,1930
7123,1270,3200,1930
7124,1270,3200,1930
7125,1270,3200,1930
7126,1270,3200,1930
7127,1270,3200,1930
7128,1269,3200,1931
7129,1269,3200,1931
7130,1269,3200,1931
7131,1268,3200,1932
7132,1268,3200,1932
7133,1267,3200,1933
7134,1267,3200,1933
7135,1266,3200,1934
7136,1266,3200,1934
7137,1266,3200,1934
7138,1265,3200,1935
7139,1265,3200,1935
7140,1264,3200,1936
7141,1264,3200,1936
7142,1264,3200,1936
7143,1263,3200,1937
7144,1263,3200,1937
7145,1263,3200,1937
7146,1262,3200,1938
7147,1262,3200,1938
7148,1261,3200,1939
7149,1261,3200,1939
7150,1261,3200,1939
7151,1261,3200,1939
7152,1261,3200,1939
7153,1260,3200,1940
7154,1260,3200,1940
7155,1260,3200,1940
7156,1259,3200,1941
7157,1259,3200,1941
7158,1259,3200,1941
7159,1259,3200,1941
7160,1259,3200,1941
7161,1259,3200,1941
7162,1259,3200,1941
7163,1259,3200,1941
7164,1258,3200,1942
7165,1258,3200,1942
7166,1258,3200,1942
7167,1258,3200,1942
7168,1258,3200,1942
7169,1258,3200,1942
7170,1257,3200,1943
7171,1257,3200,1943
7172,1256,3200,1944
7173,1256,3200,1944
7174,1256,3200,1944
7175,1255,3200,1945
7176,1255,3200,1945
7177,1254,3200,1946
7178,1254,3200,1946
7179,1254,3200,1946
7180,1254,3200,1946
7181,1254,3200,1946
7182,1254,3200,1946
7183,1254,3200,1946
7184,1254,3200,1946
7185,1253,3200,1947
7186,1253,3200,1947
7187,1253,3200,1947
7188,1252,3200,1948
7189,1252,3200,1948
7190,1252,3200,1948
7191,1252,3200,1948
7192,1252,3200,1948
7193,1252,3200,1948
7194,1252,3200,1948
7195,1252,3200,1948
7196,1252,3200,1948
7197,1251,3200,1949
7198,1251,3200,1949
7199,1251,3200,1949
7200,1251,3200,1949
7201,1251,3200,1949
7202,1251,3200,1949
7203,1250,3200,1950
7204,1250,3200,1950
7205,1250,3200,1950
7206,1250,3200,1950
7207,1249,3200,1951
7208,1248,3200,1952
7209,1248,3200,1952
7210,1248,3200,1952
7211,1248,3200,1952
7212,1248,3200,1952
7213,1248,3200,1952
7214,1248,3200,1952
7215,1248,3200,1952
7216,1247,3200,1953
7217,1247,3200,1953
7218,1247,3200,1953
7219,1246,3200,1954
7220,1246,3200,1954
7221,1246,3200,1954
7222,1246,3200,1954
7223,1245,3200,1955
7224,1245,3200,1955
7225,1245,3200,1955
7226,1244,3200,1956
7227,1244,3200,1956
7228,1244,3200,1956
7229,1243,3200,1957
7230,1243,3200,1957
7231,1242,3200,1958
7232,1242,3200,1958
7233,1241,3200,1959
7234,1241,3200,1959
7235,1240,3200,1960
7236,1240,3200,1960
7237,1240,3200,1960
7238,1240,3200,1960
7239,1240,3200,1960
7240,1239,3200,1961
7241,1239,3200,1961
7242,1239,3200,1961
7243,1239,3200,1961
7244,1239,3200,1961
7245,1239,3200,1961
7246,1239,3200,1961
7247,1239,3200,1961
7248,1238,3200,1962
7249,1238,3200,1962
7250,1237,3200,1963
7251,1237,3200,1963
7252,1237,3200,1963
7253,1237,3200,1963
7254,1237,3200,1963
7255,1237,3200,1963
7256,1237,3200,1963
7257,1237,3200,1963
7258,1237,3200,1963
7259,1237,3200,1963
7260,1237,3200,1963
7261,1237,3200,1963
7262,1237,3200,1963
7263,1237,3200,1963
7264,1237,3200,1963
7265,1237,3200,1963
7266,1237,3200,1963
7267,1237,3200,1963
7268,1237,3200,1963
7269,1237,3200,1963
7270,1236,3200,1964
7271,1236,3200,1964
7272,1235,3200,1965
7273,1235,3200,1965
7274,1235,3200,1965
7275,1235,3200,1965
7276,1235,3200,1965
7277,1234,3200,1966
7278,1234,3200,1966
7279,1233,3200,1967
7280,1233,3200,1967
7281,1233,3200,1967
7282,1233,3200,1967
7283,1233,3200,1967
7284,1233,3200,1967
7285,1232,3200,1968
7286,1232,3200,1968
7287,1231,3200,1969
7288,1231,3200,1969
7289,1230,3200,1970
7290,1230,3200,1970
7291,1230,3200,1970
7292,1230,3200,1970
7293,1230,3200,1970
7294,1230,3200,1970
7295,1230,3200,1970
7296,1230,3200,1970
7297,1230,3200,1970
7298,1230,3200,1970
7299,1230,3200,1970
7300,1230,3200,1970
7301,1230,3200,1970
7302,1230,3200,1970
7303,1230,3200,1970
7304,1230,3200,1970
7305,1230,3200,1970
7306,1230,3200,1970
7307,1230,3200,1970
7308,1229,3200,1971
7309,1229,3200,1971
7310,1229,3200,1971
7311,1228,3200,1972
7312,1228,3200,1972
7313,1227,3200,1973
7314,1227,3200,1973
7315,1227,3200,1973
7316,1226,3200,1974
7317,1226,3200,1974
7318,1226,3200,1974
7319,1225,3200,1975
7320,1225,3200,1975
7321,1224,3200,1976
7322,1224,3200,1976
7323,1223,3200,1977
7324,1223,3200,1977
7325,1223,3200,1977
7326,1223,3200,1977
7327,1223,3200,1977
7328,1223,3200,1977
7329,1223,3200,1977
7330,1222,3200,1978
7331,1222,3200,1978
7332,1222,3200,1978
7333,1221,3200,1979
7334,1221,3200,1979
7335,1221,3200,1979
7336,1221,3200,1979
7337,1220,3200,1980
7338,1219,3200,1981
7339,1219,3200,1981
7340,1219,3200,1981
7341,1218,3200,1982
7342,1218,3200,1982
7343,1218,3200,1982
7344,1218,3200,1982
7345,1217,3200,1983
7346,1217,3200,1983
7347,1216,3200,1984
7348,1216,3200,1984
7349,1216,3200,1984
7350,1216,3200,1984
7351,1216,3200,1984
7352,1216,3200,1984
7353,1216,3200,1984
7354,1215,3200,1985
7355,1214,3200,1986
7356,1214,3200,1986
7357,1214,3200,1986
7358,1214,3200,1986
7359,1214,3200,1986
7360,1213,3200,1987
7361,1213,3200,1987
7362,1213,3200,1987
7363,1212,3200,1988
7364,1212,3200,1988
7365,1212,3200,1988
7366,1212,3200,1988
7367,1212,3200,1988
7368,1212,3200,1988
7369,1212,3200,1988
7370,1212,3200,1988
7371,1212,3200,1988
7372,1212,3200,1988
7373,1212,3200,1988
7374,1212,3200,1988
7375,1212,3200,1988
7376,1212,3200,1988
7377,1212,3200,1988
7378,1212,3200,1988
7379,1211,3200,1989
7380,1211,3200,1989
7381,1211,3200,1989
7382,1210,3200,1990
7383,1209,3200,1991
7384,1209,3200,1991
7385,1209,3200,1991
7386,1208,3200,1992
7387,1208,3200,1992
7388,1208,3200,1992
7389,1207,3200,1993
7390,1207,3200,1993
7391,1207,3200,1993
7392,1207,3200,1993
7393,1206,3200,1994
7394,1206,3200,1994
7395,1206,3200,1994
7396,1206,3200,1994
7397,1205,3200,1995
7398,1205,3200,1995
7399,1204,3200,1996
7400,1204,3200,1996
7401,1203,3200,1997
7402,1203,3200,1997
7403,1202,3200,1998
7404,1202,3200,1998
7405,1202,3200,1998
7406,1201,3200,1999
7407,1201,3200,1999
7408,1201,3200,1999
7409,1201,3200,1999
7410,1201,3200,1999
7411,1200,3200,2000
7412,1200,3200,2000
7413,1200,3200,2000
7414,1200,3200,2000
7415,1199,3200,2001
7416,1199,3200,2001
7417,1199,3200,2001
7418,1198,3200,2002
7419,1197,3200,2003
7420,1197,3200,2003
7421,1197,3200,2003
7422,1197,3200,2003
7423,1197,3200,2003
7424,1197,3200,2003
7425,1197,3200,2003
7426,1196,3200,2004
7427,1196,3200,2004
7428,1196,3200,2004
7429,1195,3200,2005
7430,1195,3200,2005
7431,1194,3200,2006
7432,1194,3200,2006
7433,1194,3200,2006
7434,1194,3200,2006
7435,1194,3200,2006
7436,1194,3200,2006
7437,1194,3200,2006
7438,1194,3200,2006
7439,1194,3200,2006
7440,1194,3200,2006
7441,1194,3200,2006
7442,1194,3200,2006
7443,1194,3200,2006
7444,1194,3200,2006
7445,1193,3200,2007
7446,1193,3200,2007
7447,1193,3200,2007
7448,1193,3200,2007
7449,1193,3200,2007
7450,1193,3200,2007
7451,1193,3200,2007
7452,1192,3200,2008
7453,1192,3200,2008
7454,1191,3200,2009
7455,1191,3200,2009
7456,1191,3200,2009
7457,1190,3200,2010
7458,1190,3200,2010
7459,1190,3200,2010
7460,1189,3200,2011
7461,1189,3200,2011
7462,1188,3200,2012
7463,1188,3200,2012
7464,1188,3200,2012
7465,1188,3200,2012
7466,1188,3200,2012
7467,1188,3200,2012
7468,1188,3200,2012
7469,1188,3200,2012
7470,1188,3200,2012
7471,1188,3200,2012
7472,1188,3200,2012
7473,1188,3200,2012
7474,1188,3200,2012
7475,1188,3200,2012
7476,1188,3200,2012
7477,1188,3200,2012
7478,1188,3200,2012
7479,1188,3200,2012
7480,1188,3200,2012
7481,1188,3200,2012
7482,1188,3200,2012
7483,1187,3200,2013
7484,1186,3200,2014
7485,1186,3200,2014
7486,1186,3200,2014
7487,1186,3200,2014
7488,1186,3200,2014
7489,1185,3200,2015
7490,1185,3200,2015
7491,1185,3200,2015
7492,1185,3200,2015
7493,1185,3200,2015
7494,1184,3200,2016
7495,1184,3200,2016
7496,1183,3200,2017
7497,1183,3200,2017
7498,1182,3200,2018
7499,1182,3200,2018
7500,1182,3200,2018
7501,1182,3200,2018
7502,1182,3200,2018
7503,1182,3200,2018
7504,1182,3200,2018
7505,1181,3200,2019
7506,1181,3200,2019
7507,1181,3200,2019
7508,1181,3200,2019
7509,1181,3200,2019
7510,1180,3200,2020
7511,1180,3200,2020
7512,1180,3200,2020
7513,1180,3200,2020
7514,1180,3200,2020
7515,1179,3200,2021
7516,1179,3200,2021
7517,1179,3200,2021
7518,1178,3200,2022
7519,1178,3200,2022
7520,1178,3200,2022
7521,1177,3200,2023
7522,1177,3200,2023
7523,1177,3200,2023
7524,1177,3200,2023
7525,1177,3200,2023
7526,1176,3200,2024
7527,1176,3200,2024
7528,1176,3200,2024
7529,1176,3200,2024
7530,1176,3200,2024
7531,1176,3200,2024
7532,1175,3200,2025
7533,1175,3200,2025
7534,1175,3200,2025
7535,1174,3200,2026
7536,1174,3200,2026
7537,1173,3200,2027
7538,1173,3200,2027
7539,1173,3200,2027
7540,1173,3200,2027
7541,1173,3200,2027
7542,1173,3200,2027
7543,1173,3200,2027
7544,1173,3200,2027
7545,1173,3200,2027
7546,1172,3200,2028
7547,1172,3200,2028
7548,1172,3200,2028
7549,1171,3200,2029
7550,1171,3200,2029
7551,1171,3200,2029
7552,1171,3200,2029
7553,1171,3200,2029
7554,1171,3200,2029
7555,1171,3200,2029
7556,1171,3200,2029
7557,1171,3200,2029
7558,1170,3200,2030
7559,1170,3200,2030
7560,1170,3200,2030
7561,1169,3200,2031
7562,1169,3200,2031
7563,1169,3200,2031
7564,1169,3200,2031
7565,1169,3200,2031
7566,1169,3200,2031
7567,1168,3200,2032
7568,1168,3200,2032
7569,1167,3200,2033
7570,1167,3200,2033
7571,1167,3200,2033
7572,1166,3200,2034
7573,1166,3200,2034
7574,1166,3200,2034
7575,1165,3200,2035
7576,1165,3200,2035
7577,1164,3200,2036
7578,1164,3200,2036
7579,1164,3200,2036
7580,1164,3200,2036
7581,1164,3200,2036
7582,1164,3200,2036
7583,1164,3200,2036
7584,1163,3200,2037
7585,1163,3200,2037
7586,1163,3200,2037
7587,1163,3200,2037
7588,1163,3200,2037
7589,1162,3200,2038
7590,1161,3200,2039
7591,1161,3200,2039
7592,1161,3200,2039
7593,1161,3200,2039
7594,1161,3200,2039
7595,1161,3200,2039
7596,1160,3200,2040
7597,1160,3200,2040
7598,1159,3200,2041
7599,1159,3200,2041
7600,1159,3200,2041
7601,1159,3200,2041
7602,1159,3200,2041
7603,1159,3200,2041
7604,1159,3200,2041
7605,1159,3200,2041
7606,1158,3200,2042
7607,1158,3200,2042
7608,1157,3200,2043
7609,1157,3200,2043
7610,1157,3200,2043
7611,1156,3200,2044
7612,1156,3200,2044
7613,1156,3200,2044
7614,1156,3200,2044
7615,1155,3200,2045
7616,1155,3200,2045
7617,1154,3200,2046
7618,1154,3200,2046
7619,1154,3200,2046
7620,1153,3200,2047
7621,1153,3200,2047
7622,1152,3200,2048
7623,1152,3200,2048
7624,1151,3200,2049
7625,1151,3200,2049
7626,1151,3200,2049
7627,1151,3200,2049
7628,1151,3200,2049
7629,1151,3200,2049
7630,1151,3200,2049
7631,1151,3200,2049
7632,1151,3200,2049
7633,1150,3200,2050
7634,1150,3200,2050
7635,1150,3200,2050
7636,1150,3200,2050
7637,1150,3200,2050
7638,1150,3200,2050
7639,1149,3200,2051
7640,1149,3200,2051
7641,1148,3200,2052
7642,1148,3200,2052
7643,1148,3200,2052
7644,1148,3200,2052
7645,1148,3200,2052
7646,1147,3200,2053
7647,1147,3200,2053
7648,1147,3200,2053
7649,1146,3200,2054
7650,1145,3200,2055
7651,1145,3200,2055
7652,1145,3200,2055
7653,1144,3200,2056
7654,1144,3200,2056
7655,1144,3200,2056
7656,1143,3200,2057
7657,1143,3200,2057
7658,1143,3200,2057
7659,1142,3200,2058
7660,1141,3200,2059
7661,1141,3200,2059
7662,1140,3200,2060
7663,1140,3200,2060
7664,1140,3200,2060
7665,1140,3200,2060
7666,1140,3200,2060
7667,1140,3200,2060
7668,1140,3200,2060
7669,1140,3200,2060
7670,1140,3200,2060
7671,1140,3200,2060
7672,1140,3200,2060
7673,1140,3200,2060
7674,1140,3200,2060
7675,1140,3200,2060
7676,1139,3200,2061
7677,1139,3200,2061
7678,1138,3200,2062
7679,1138,3200,2062
7680,1138,3200,2062
7681,1138,3200,2062
7682,1137,3200,2063
7683,1137,3200,2063
7684,1137,3200,2063
7685,1136,3200,2064
7686,1136,3200,2064
7687,1136,3200,2064
7688,1135,3200,2065
7689,1135,3200,2065
7690,1135,3200,2065
7691,1135,3200,2065
7692,1135,3200,2065
7693,1135,3200,2065
7694,1135,3200,2065
7695,1135,3200,2065
7696,1135,3200,2065
7697,1135,3200,2065
7698,1135,3200,2065
7699,1135,3200,2065
7700,1135,3200,2065
7701,1134,3200,2066
7702,1134,3200,2066
7703,1133,3200,2067
7704,1133,3200,2067
7705,1133,3200,2067
7706,1133,3200,2067
7707,1133,3200,2067
7708,1132,3200,2068
7709,1132,3200,2068
7710,1131,3200,2069
7711,1131,3200,2069
7712,1131,3200,2069
7713,1131,3200,2069
7714,1131,3200,2069
7715,1131,3200,2069
7716,1131,3200,2069
7717,1130,3200,2070
7718,1130,3200,2070
7719,1130,3200,2070
7720,1129,3200,2071
7721,1129,3200,2071
7722,1129,3200,2071
7723,1128,3200,2072
7724,1128,3200,2072
7725,1127,3200,2073
7726,1127,3200,2073
7727,1126,3200,2074
7728,1126,3200,2074
7729,1126,3200,2074
7730,1125,3200,2075
7731,1125,3200,2075
7732,1124,3200,2076
7733,1124,3200,2076
7734,1124,3200,2076
7735,1124,3200,2076
7736,1124,3200,2076
7737,1124,3200,2076
7738,1124,3200,2076
7739,1123,3200,2077
7740,1122,3200,2078
7741,1121,3200,2079
7742,1121,3200,2079
7743,1121,3200,2079
7744,1121,3200,2079
7745,1121,3200,2079
7746,1121,3200,2079
7747,1121,3200,2079
7748,1121,3200,2079
7749,1121,3200,2079
7750,1120,3200,2080
7751,1120,3200,2080
7752,1120,3200,2080
7753,1120,3200,2080
7754,1120,3200,2080
7755,1120,3200,2080
7756,1120,3200,2080
7757,1120,3200,2080
7758,1120,3200,2080
7759,1120,3200,2080
7760,1120,3200,2080
7761,1120,3200,2080
7762,1120,3200,2080
7763,1120,3200,2080
7764,1119,3200,2081
7765,1119,3200,2081
7766,1119,3200,2081
7767,1119,3200,2081
7768,1118,3200,2082
7769,1118,3200,2082
7770,1118,3200,2082
7771,1118,3200,2082
7772,1118,3200,2082
7773,1118,3200,2082
7774,1117,3200,2083
7775,1116,3200,2084
7776,1116,3200,2084
7777,1116,3200,2084
7778,1116,3200,2084
7779,1115,3200,2085
7780,1115,3200,2085
7781,1115,3200,2085
7782,1115,3200,2085
7783,1115,3200,2085
7784,1115,3200,2085
7785,1115,3200,2085
7786,1115,3200,2085
7787,1115,3200,2085
7788,1115,3200,2085
7789,1115,3200,2085
7790,1115,3200,2085
7791,1114,3200,2086
7792,1114,3200,2086
7793,1113,3200,2087
7794,1113,3200,2087
7795,1113,3200,2087
7796,1113,3200,2087
7797,1113,3200,2087
7798,1113,3200,2087
7799,1112,3200,2088
7800,1112,3200,2088
7801,1112,3200,2088
7802,1111,3200,2089
7803,1111,3200,2089
7804,1111,3200,2089
7805,1110,3200,2090
7806,1110,3200,2090
7807,1110,3200,2090
7808,1110,3200,2090
7809,1110,3200,2090
7810,1109,3200,2091
7811,1108,3200,2092
7812,1108,3200,2092
7813,1108,3200,2092
7814,1108,3200,2092
7815,1108,3200,2092
7816,1107,3200,2093
7817,1106,3200,2094
7818,1105,3200,2095
7819,1105,3200,2095
7820,1104,3200,2096
7821,1104,3200,2096
7822,1104,3200,2096
7823,1103,3200,2097
7824,1103,3200,2097
7825,1103,3200,2097
7826,1102,3200,2098
7827,1102,3200,2098
7828,1102,3200,2098
7829,1102,3200,2098
7830,1102,3200,2098
7831,1102,3200,2098
7832,1102,3200,2098
7833,1102,3200,2098
7834,1102,3200,2098
7835,1102,3200,2098
7836,1102,3200,2098
7837,1102,3200,2098
7838,1102,3200,2098
7839,1102,3200,2098
7840,1101,3200,2099
7841,1101,3200,2099
7842,1100,3200,2100
7843,1100,3200,2100
7844,1100,3200,2100
7845,1100,3200,2100
7846,1099,3200,2101
7847,1099,3200,2101
7848,1099,3200,2101
7849,1099,3200,2101
7850,1099,3200,2101
7851,1099,3200,2101
7852,1099,3200,2101
7853,1098,3200,2102
7854,1098,3200,2102
7855,1098,3200,2102
7856,1097,3200,2103
7857,1097,3200,2103
7858,1097,3200,2103
7859,1097,3200,2103
7860,1096,3200,2104
7861,1096,3200,2104
7862,1096,3200,2104
7863,1096,3200,2104
7864,1096,3200,2104
7865,1095,3200,2105
7866,1095,3200,2105
7867,1095,3200,2105
7868,1094,3200,2106
7869,1094,3200,2106
7870,1094,3200,2106
7871,1094,3200,2106
7872,1094,3200,2106
7873,1094,3200,2106
7874,1094,3200,2106
7875,1094,3200,2106
7876,1094,3200,2106
7877,1094,3200,2106
7878,1094,3200,2106
7879,1094,3200,2106
7880,1093,3200,2107
7881,1093,3200,2107
7882,1093,3200,2107
7883,1092,3200,2108
7884,1092,3200,2108
7885,1092,3200,2108
7886,1091,3200,2109
7887,1091,3200,2109
7888,1091,3200,2109
7889,1091,3200,2109
7890,1091,3200,2109
7891,1091,3200,2109
7892,1091,3200,2109
7893,1091,3200,2109
7894,1090,3200,2110
7895,1089,3200,2111
7896,1089,3200,2111
7897,1089,3200,2111
7898,1089,3200,2111
7899,1088,3200,2112
7900,1088,3200,2112
7901,1088,3200,2112
7902,1087,3200,2113
7903,1087,3200,2113
7904,1087,3200,2113
7905,1087,3200,2113
7906,1087,3200,2113
7907,1086,3200,2114
7908,1086,3200,2114
7909,1086,3200,2114
7910,1086,3200,2114
7911,1086,3200,2114
7912,1085,3200,2115
7913,1085,3200,2115
7914,1084,3200,2116
7915,1084,3200,2116
7916,1084,3200,2116
7917,1084,3200,2116
7918,1084,3200,2116
7919,1083,3200,2117
7920,1083,3200,2117
7921,1082,3200,2118
7922,1082,3200,2118
7923,1082,3200,2118
7924,1082,3200,2118
7925,1082,3200,2118
7926,1081,3200,2119
7927,1081,3200,2119
7928,1081,3200,2119
7929,1080,3200,2120
7930,1079,3200,2121
7931,1079,3200,2121
7932,1079,3200,2121
7933,1078,3200,2122
7934,1078,3200,2122
7935,1078,3200,2122
7936,1077,3200,2123
7937,1077,3200,2123
7938,1077,3200,2123
7939,1076,3200,2124
7940,1075,3200,2125
7941,1075,3200,2125
7942,1075,3200,2125
7943,1075,3200,2125
7944,1075,3200,2125
7945,1075,3200,2125
7946,1074,3200,2126
7947,1074,3200,2126
7948,1074,3200,2126
7949,1074,3200,2126
7950,1074,3200,2126
7951,1074,3200,2126
7952,1074,3200,2126
7953,1074,3200,2126
7954,1074,3200,2126
7955,1074,3200,2126
7956,1074,3200,2126
7957,1074,3200,2126
7958,1074,3200,2126
7959,1074,3200,2126
7960,1074,3200,2126
7961,1074,3200,2126
7962,1073,3200,2127
7963,1073,3200,2127
7964,1073,3200,2127
7965,1072,3200,2128
7966,1072,3200,2128
7967,1072,3200,2128
7968,1071,3200,2129
7969,1071,3200,2129
7970,1071,3200,2129
7971,1071,3200,2129
7972,1070,3200,2130
7973,1070,3200,2130
7974,1070,3200,2130
7975,1070,3200,2130
7976,1070,3200,2130
7977,1070,3200,2130
7978,1069,3200,2131
7979,1069,3200,2131
7980,1068,3200,2132
7981,1068,3200,2132
7982,1068,3200,2132
7983,1067,3200,2133
7984,1067,3200,2133
7985,1067,3200,2133
7986,1067,3200,2133
7987,1067,3200,2133
7988,1067,3200,2133
7989,1067,3200,2133
7990,1067,3200,2133
7991,1067,3200,2133
7992,1067,3200,2133
7993,1067,3200,2133
7994,1066,3200,2134
7995,1066,3200,2134
7996,1066,3200,2134
7997,1065,3200,2135
7998,1065,3200,2135
7999,1065,3200,2135
8000,1065,3200,2135
8001,1065,3200,2135
8002,1064,3200,2136
8003,1064,3200,2136
8004,1063,3200,2137
8005,1063,3200,2137
8006,1063,3200,2137
8007,1062,3200,2138
8008,1062,3200,2138
8009,1062,3200,2138
8010,1062,3200,2138
8011,1061,3200,2139
8012,1061,3200,2139
8013,1061,3200,2139
8014,1060,3200,2140
8015,1060,3200,2140
8016,1059,3200,2141
8017,1059,3200,2141
8018,1058,3200,2142
8019,1058,3200,2142
8020,1058,3200,2142
8021,1058,3200,2142
8022,1057,3200,2143
8023,1057,3200,2143
8024,1057,3200,2143
8025,1057,3200,2143
8026,1057,3200,2143
8027,1057,3200,2143
8028,1056,3200,2144
8029,1056,3200,2144
8030,1056,3200,2144
8031,1056,3200,2144
8032,1056,3200,2144
8033,1055,3200,2145
8034,1055,3200,2145
8035,1054,3200,2146
8036,1053,3200,2147
8037,1053,3200,2147
8038,1052,3200,2148
8039,1052,3200,2148
8040,1052,3200,2148
8041,1052,3200,2148
8042,1052,3200,2148
8043,1052,3200,2148
8044,1052,3200,2148
8045,1052,3200,2148
8046,1052,3200,2148
8047,1051,3200,2149
8048,1051,3200,2149
8049,1051,3200,2149
8050,1050,3200,2150
8051,1050,3200,2150
8052,1050,3200,2150
8053,1050,3200,2150
8054,1050,3200,2150
8055,1050,3200,2150
8056,1049,3200,2151
8057,1049,3200,2151
8058,1049,3200,2151
8059,1049,3200,2151
8060,1049,3200,2151
8061,1049,3200,2151
8062,1048,3200,2152
8063,1048,3200,2152
8064,1048,3200,2152
8065,1048,3200,2152
8066,1047,3200,2153
8067,1047,3200,2153
8068,1047,3200,2153
8069,1047,3200,2153
8070,1046,3200,2154
8071,1046,3200,2154
8072,1046,3200,2154
8073,1045,3200,2155
8074,1044,3200,2156
8075,1044,3200,2156
8076,1044,3200,2156
8077,1044,3200,2156
8078,1044,3200,2156
8079,1044,3200,2156
8080,1044,3200,2156
8081,1044,3200,2156
8082,1044,3200,2156
8083,1044,3200,2156
8084,1044,3200,2156
8085,1044,3200,2156
8086,1043,3200,2157
8087,1043,3200,2157
8088,1043,3200,2157
8089,1043,3200,2157
8090,1043,3200,2157
8091,1043,3200,2157
8092,1043,3200,2157
8093,1043,3200,2157
8094,1043,3200,2157
8095,1043,3200,2157
8096,1043,3200,2157
8097,1043,3200,2157
8098,1043,3200,2157
8099,1043,3200,2157
8100,1043,3200,2157
8101,1043,3200,2157
8102,1042,3200,2158
8103,1042,3200,2158
8104,1041,3200,2159
8105,1041,3200,2159
8106,1041,3200,2159
8107,1041,3200,2159
8108,1040,3200,2160
8109,1040,3200,2160
8110,1039,3200,2161
8111,1039,3200,2161
8112,1039,3200,2161
8113,1039,3200,2161
8114,1039,3200,2161
8115,1039,3200,2161
8116,1039,3200,2161
8117,1039,3200,2161
8118,1039,3200,2161
8119,1039,3200,2161
8120,1038,3200,2162
8121,1038,3200,2162
8122,1038,3200,2162
8123,1038,3200,2162
8124,1038,3200,2162
8125,1038,3200,2162
8126,1038,3200,2162
8127,1038,3200,2162
8128,1038,3200,2162
8129,1038,3200,2162
8130,1038,3200,2162
8131,1038,3200,2162
8132,1038,3200,2162
8133,1037,3200,2163
8134,1037,3200,2163
8135,1037,3200,2163
8136,1036,3200,2164
8137,1036,3200,2164
8138,1036,3200,2164
8139,1036,3200,2164
8140,1035,3200,2165
8141,1035,3200,2165
8142,1034,3200,2166
8143,1034,3200,2166
8144,1034,3200,2166
8145,1033,3200,2167
8146,1033,3200,2167
8147,1033,3200,2167
8148,1033,3200,2167
8149,1033,3200,2167
8150,1033,3200,2167
8151,1032,3200,2168
8152,1032,3200,2168
8153,1031,3200,2169
8154,1031,3200,2169
8155,1030,3200,2170
8156,1030,3200,2170
8157,1030,3200,2170
8158,1030,3200,2170
8159,1030,3200,2170
8160,1029,3200,2171
8161,1028,3200,2172
8162,1028,3200,2172
8163,1028,3200,2172
8164,1028,3200,2172
8165,1028,3200,2172
8166,1027,3200,2173
8167,1027,3200,2173
8168,1027,3200,2173
8169,1027,3200,2173
8170,1027,3200,2173
8171,1027,3200,2173
8172,1026,3200,2174
8173,1026,3200,2174
8174,1026,3200,2174
8175,1026,3200,2174
8176,1026,3200,2174
8177,1026,3200,2174
8178,1026,3200,2174
8179,1026,3200,2174
8180,1026,3200,2174
8181,1026,3200,2174
8182,1026,3200,2174
8183,1025,3200,2175
8184,1024,3200,2176
8185,1024,3200,2176
8186,1024,3200,2176
8187,1024,3200,2176
8188,1024,3200,2176
8189,1024,3200,2176
8190,1024,3200,2176
8191,1023,3200,2177
8192,1023,3200,2177
8193,1023,3200,2177
8194,1022,3200,2178
8195,1022,3200,2178
8196,1022,3200,2178
8197,1021,3200,2179
8198,1021,3200,2179
8199,1021,3200,2179
8200,1021,3200,2179
8201,1021,3200,2179
8202,1021,3200,2179
8203,1020,3200,2180
8204,1020,3200,2180
8205,1020,3200,2180
8206,1019,3200,2181
8207,1018,3200,2182
8208,1018,3200,2182
8209,1018,3200,2182
8210,1018,3200,2182
8211,1017,3200,2183
8212,1017,3200,2183
8213,1016,3200,2184
8214,1016,3200,2184
8215,1015,3200,2185
8216,1015,3200,2185
8217,1015,3200,2185
8218,1015,3200,2185
8219,1014,3200,2186
8220,1014,3200,2186
8221,1013,3200,2187
8222,1013,3200,2187
8223,1013,3200,2187
8224,1013,3200,2187
8225,1013,3200,2187
8226,1012,3200,2188
8227,1012,3200,2188
8228,1012,3200,2188
8229,1011,3200,2189
8230,1011,3200,2189
8231,1011,3200,2189
8232,1010,3200,2190
8233,1009,3200,2191
8234,1009,3200,2191
8235,1009,3200,2191
8236,1009,3200,2191
8237,1009,3200,2191
8238,1009,3200,2191
8239,1008,3200,2192
8240,1008,3200,2192
8241,1007,3200,2193
8242,1006,3200,2194
8243,1006,3200,2194
8244,1006,3200,2194
8245,1006,3200,2194
8246,1006,3200,2194
8247,1006,3200,2194
8248,1005,3200,2195
8249,1005,3200,2195
8250,1004,3200,2196
8251,1004,3200,2196
8252,1004,3200,2196
8253,1004,3200,2196
8254,1004,3200,2196
8255,1004,3200,2196
8256,1004,3200,2196
8257,1004,3200,2196
8258,1004,3200,2196
8259,1004,3200,2196
8260,1004,3200,2196
8261,1004,3200,2196
8262,1004,3200,2196
8263,1004,3200,2196
8264,1004,3200,2196
8265,1004,3200,2196
8266,1003,3200,2197
8267,1003,3200,2197
8268,1002,3200,2198
8269,1002,3200,2198
8270,1002,3200,2198
8271,1001,3200,2199
8272,1001,3200,2199
8273,1000,3200,2200
8274,1000,3200,2200
8275,1000,3200,2200
8276,999,3200,2201
8277,999,3200,2201
8278,999,3200,2201
8279,999,3200,2201
8280,998,3200,2202
8281,998,3200,2202
8282,998,3200,2202
8283,998,3200,2202
8284,998,3200,2202
8285,998,3200,2202
8286,998,3200,2202
8287,998,3200,2202
8288,998,3200,2202
8289,998,3200,2202
8290,998,3200,2202
8291,998,3200,2202
8292,998,3200,2202
8293,998,3200,2202
8294,998,3200,2202
8295,998,3200,2202
8296,998,3200,2202
8297,998,3200,2202
8298,997,3200,2203
8299,997,3200,2203
8300,997,3200,2203
8301,996,3200,2204
8302,996,3200,2204
8303,996,3200,2204
8304,996,3200,2204
8305,995,3200,2205
8306,995,3200,2205
8307,994,3200,2206
8308,994,3200,2206
8309,993,3200,2207
8310,993,3200,2207
8311,993,3200,2207
8312,993,3200,2207
8313,992,3200,2208
8314,992,3200,2208
8315,991,3200,2209
8316,991,3200,2209
8317,991,3200,2209
8318,991,3200,2209
8319,991,3200,2209
8320,991,3200,2209
8321,990,3200,2210
8322,990,3200,2210
8323,989,3200,2211
8324,989,3200,2211
8325,989,3200,2211
8326,988,3200,2212
8327,987,3200,2213
8328,987,3200,2213
8329,987,3200,2213
8330,987,3200,2213
8331,987,3200,2213
8332,987,3200,2213
8333,986,3200,2214
8334,986,3200,2214
8335,985,3200,2215
8336,985,3200,2215
8337,985,3200,2215
8338,985,3200,2215
8339,985,3200,2215
8340,985,3200,2215
8341,985,3200,2215
8342,984,3200,2216
8343,984,3200,2216
8344,984,3200,2216
8345,984,3200,2216
8346,984,3200,2216
8347,984,3200,2216
8348,984,3200,2216
8349,983,3200,2217
8350,983,3200,2217
8351,982,3200,2218
8352,982,3200,2218
8353,981,3200,2219
8354,981,3200,2219
8355,981,3200,2219
8356,981,3200,2219
8357,980,3200,2220
8358,980,3200,2220
8359,979,3200,2221
8360,979,3200,2221
8361,979,3200,2221
8362,979,3200,2221
8363,979,3200,2221
8364,979,3200,2221
8365,979,3200,2221
8366,978,3200,2222
8367,978,3200,2222
8368,978,3200,2222
8369,977,3200,2223
8370,977,3200,2223
8371,977,3200,2223
8372,977,3200,2223
8373,977,3200,2223
8374,977,3200,2223
8375,977,3200,2223
8376,977,3200,2223
8377,977,3200,2223
8378,977,3200,2223
8379,977,3200,2223
8380,976,3200,2224
8381,976,3200,2224
8382,976,3200,2224
8383,976,3200,2224
8384,975,3200,2225
8385,975,3200,2225
8386,974,3200,2226
8387,974,3200,2226
8388,973,3200,2227
8389,973,3200,2227
8390,973,3200,2227
8391,972,3200,2228
8392,972,3200,2228
8393,972,3200,2228
8394,972,3200,2228
8395,972,3200,2228
8396,972,3200,2228
8397,971,3200,2229
8398,971,3200,2229
8399,971,3200,2229
8400,970,3200,2230
8401,970,3200,2230
8402,970,3200,2230
8403,970,3200,2230
8404,969,3200,2231
8405,969,3200,2231
8406,969,3200,2231
8407,968,3200,2232
8408,968,3200,2232
8409,968,3200,2232
8410,967,3200,2233
8411,966,3200,2234
8412,966,3200,2234
8413,966,3200,2234
8414,966,3200,2234
8415,966,3200,2234
8416,966,3200,2234
8417,966,3200,2234
8418,966,3200,2234
8419,965,3200,2235
8420,965,3200,2235
8421,965,3200,2235
8422,964,3200,2236
8423,964,3200,2236
8424,964,3200,2236
8425,964,3200,2236
8426,964,3200,2236
8427,964,3200,2236
8428,964,3200,2236
8429,964,3200,2236
8430,964,3200,2236
8431,964,3200,2236
8432,964,3200,2236
8433,964,3200,2236
8434,964,3200,2236
8435,964,3200,2236
8436,964,3200,2236
8437,964,3200,2236
8438,964,3200,2236
8439,964,3200,2236
8440,964,3200,2236
8441,964,3200,2236
8442,963,3200,2237
8443,963,3200,2237
8444,963,3200,2237
8445,963,3200,2237
8446,962,3200,2238
8447,962,3200,2238
8448,961,3200,2239
8449,961,3200,2239
8450,961,3200,2239
8451,960,3200,2240
8452,960,3200,2240
8453,960,3200,2240
8454,959,3200,2241
8455,959,3200,2241
8456,958,3200,2242
8457,958,3200,2242
8458,958,3200,2242
8459,958,3200,2242
8460,958,3200,2242
8461,958,3200,2242
8462,958,3200,2242
8463,958,3200,2242
8464,958,3200,2242
8465,957,3200,2243
8466,957,3200,2243
8467,956,3200,2244
8468,956,3200,2244
8469,955,3200,2245
8470,955,3200,2245
8471,955,3200,2245
8472,954,3200,2246
8473,954,3200,2246
8474,954,3200,2246
8475,954,3200,2246
8476,954,3200,2246
8477,954,3200,2246
8478,953,3200,2247
8479,953,3200,2247
8480,953,3200,2247
8481,953,3200,2247
8482,953,3200,2247
8483,953,3200,2247
8484,953,3200,2247
8485,952,3200,2248
8486,951,3200,2249
8487,951,3200,2249
8488,951,3200,2249
8489,951,3200,2249
8490,951,3200,2249
8491,950,3200,2250
8492,950,3200,2250
8493,950,3200,2250
8494,950,3200,2250
8495,950,3200,2250
8496,949,3200,2251
8497,948,3200,2252
8498,948,3200,2252
8499,948,3200,2252
8500,948,3200,2252
8501,948,3200,2252
8502,948,3200,2252
8503,948,3200,2252
8504,948,3200,2252
8505,947,3200,2253
8506,947,3200,2253
8507,947,3200,2253
8508,947,3200,2253
8509,946,3200,2254
8510,946,3200,2254
8511,946,3200,2254
8512,946,3200,2254
8513,945,3200,2255
8514,945,3200,2255
8515,945,3200,2255
8516,945,3200,2255
8517,945,3200,2255
8518,944,3200,2256
8519,944,3200,2256
8520,944,3200,2256
8521,944,3200,2256
8522,944,3200,2256
8523,944,3200,2256
8524,944,3200,2256
8525,944,3200,2256
8526,944,3200,2256
8527,944,3200,2256
8528,944,3200,2256
8529,944,3200,2256
8530,944,3200,2256
8531,944,3200,2256
8532,944,3200,2256
8533,944,3200,2256
8534,943,3200,2257
8535,943,3200,2257
8536,943,3200,2257
8537,942,3200,2258
8538,942,3200,2258
8539,942,3200,2258
8540,942,3200,2258
8541,942,3200,2258
8542,941,3200,2259
8543,941,3200,2259
8544,940,3200,2260
8545,940,3200,2260
8546,940,3200,2260
8547,939,3200,2261
8548,939,3200,2261
8549,938,3200,2262
8550,938,3200,2262
8551,938,3200,2262
8552,937,3200,2263
8553,937,3200,2263
8554,937,3200,2263
8555,936,3200,2264
8556,936,3200,2264
8557,936,3200,2264
8558,935,3200,2265
8559,935,3200,2265
8560,935,3200,2265
8561,935,3200,2265
8562,935,3200,2265
8563,935,3200,2265
8564,934,3200,2266
8565,934,3200,2266
8566,933,3200,2267
8567,933,3200,2267
8568,933,3200,2267
8569,932,3200,2268
8570,932,3200,2268
8571,932,3200,2268
8572,931,3200,2269
8573,931,3200,2269
8574,930,3200,2270
8575,929,3200,2271
8576,929,3200,2271
8577,929,3200,2271
8578,929,3200,2271
8579,929,3200,2271
8580,929,3200,2271
8581,928,3200,2272
8582,928,3200,2272
8583,928,3200,2272
8584,928,3200,2272
8585,927,3200,2273
8586,926,3200,2274
8587,926,3200,2274
8588,926,3200,2274
8589,926,3200,2274
8590,925,3200,2275
8591,925,3200,2275
8592,925,3200,2275
8593,925,3200,2275
8594,925,3200,2275
8595,925,3200,2275
8596,925,3200,2275
8597,924,3200,2276
8598,923,3200,2277
8599,923,3200,2277
8600,922,3200,2278
8601,922,3200,2278
8602,922,3200,2278
8603,922,3200,2278
8604,921,3200,2279
8605,921,3200,2279
8606,920,3200,2280
8607,920,3200,2280
8608,919,3200,2281
8609,919,3200,2281
8610,919,3200,2281
8611,919,3200,2281
8612,919,3200,2281
8613,919,3200,2281
8614,918,3200,2282
8615,918,3200,2282
8616,917,3200,2283
8617,917,3200,2283
8618,917,3200,2283
8619,916,3200,2284
8620,916,3200,2284
8621,916,3200,2284
8622,916,3200,2284
8623,916,3200,2284
8624,916,3200,2284
8625,916,3200,2284
8626,916,3200,2284
8627,916,3200,2284
8628,916,3200,2284
8629,916,3200,2284
8630,915,3200,2285
8631,914,3200,2286
8632,914,3200,2286
8633,914,3200,2286
8634,914,3200,2286
8635,914,3200,2286
8636,914,3200,2286
8637,914,3200,2286
8638,914,3200,2286
8639,913,3200,2287
8640,913,3200,2287
8641,912,3200,2288
8642,912,3200,2288
8643,911,3200,2289
8644,911,3200,2289
8645,910,3200,2290
8646,910,3200,2290
8647,910,3200,2290
8648,910,3200,2290
8649,910,3200,2290
8650,910,3200,2290
8651,910,3200,2290
8652,910,3200,2290
8653,910,3200,2290
8654,910,3200,2290
8655,909,3200,2291
8656,909,3200,2291
8657,908,3200,2292
8658,908,3200,2292
8659,908,3200,2292
8660,908,3200,2292
8661,908,3200,2292
8662,908,3200,2292
8663,908,3200,2292
8664,908,3200,2292
8665,908,3200,2292
8666,908,3200,2292
8667,907,3200,2293
8668,907,3200,2293
8669,906,3200,2294
8670,906,3200,2294
8671,906,3200,2294
8672,906,3200,2294
8673,906,3200,2294
8674,906,3200,2294
8675,906,3200,2294
8676,905,3200,2295
8677,905,3200,2295
8678,904,3200,2296
8679,904,3200,2296
8680,903,3200,2297
8681,903,3200,2297
8682,903,3200,2297
8683,902,3200,2298
8684,902,3200,2298
8685,902,3200,2298
8686,901,3200,2299
8687,901,3200,2299
8688,901,3200,2299
8689,901,3200,2299
8690,901,3200,2299
8691,901,3200,2299
8692,900,3200,2300
8693,899,3200,2301
8694,899,3200,2301
8695,898,3200,2302
8696,898,3200,2302
8697,898,3200,2302
8698,897,3200,2303
8699,897,3200,2303
8700,897,3200,2303
8701,897,3200,2303
8702,897,3200,2303
8703,897,3200,2303
8704,897,3200,2303
8705,897,3200,2303
8706,897,3200,2303
8707,897,3200,2303
8708,897,3200,2303
8709,897,3200,2303
8710,897,3200,2303
8711,897,3200,2303
8712,897,3200,2303
8713,896,3200,2304
8714,896,3200,2304
8715,896,3200,2304
8716,895,3200,2305
8717,895,3200,2305
8718,894,3200,2306
8719,894,3200,2306
8720,894,3200,2306
8721,894,3200,2306
8722,894,3200,2306
8723,893,3200,2307
8724,893,3200,2307
8725,893,3200,2307
8726,892,3200,2308
8727,892,3200,2308
8728,892,3200,2308
8729,892,3200,2308
8730,891,3200,2309
8731,891,3200,2309
8732,891,3200,2309
8733,891,3200,2309
8734,891,3200,2309
8735,891,3200,2309
8736,891,3200,2309
8737,890,3200,2310
8738,890,3200,2310
8739,890,3200,2310
8740,889,3200,2311
8741,889,3200,2311
8742,889,3200,2311
8743,889,3200,2311
8744,888,3200,2312
8745,888,3200,2312
8746,887,3200,2313
8747,887,3200,2313
8748,886,3200,2314
8749,886,3200,2314
8750,886,3200,2314
8751,886,3200,2314
8752,886,3200,2314
8753,886,3200,2314
8754,886,3200,2314
8755,886,3200,2314
8756,885,3200,2315
8757,885,3200,2315
8758,885,3200,2315
8759,885,3200,2315
8760,884,3200,2316
8761,883,3200,2317
8762,883,3200,2317
8763,883,3200,2317
8764,883,3200,2317
8765,883,3200,2317
8766,882,3200,2318
8767,882,3200,2318
8768,882,3200,2318
8769,882,3200,2318
8770,882,3200,2318
8771,882,3200,2318
8772,882,3200,2318
8773,882,3200,2318
8774,882,3200,2318
8775,882,3200,2318
8776,881,3200,2319
8777,881,3200,2319
8778,880,3200,2320
8779,880,3200,2320
8780,879,3200,2321
8781,879,3200,2321
8782,879,3200,2321
8783,879,3200,2321
8784,879,3200,2321
8785,879,3200,2321
8786,879,3200,2321
8787,879,3200,2321
8788,879,3200,2321
8789,879,3200,2321
8790,878,3200,2322
8791,878,3200,2322
8792,878,3200,2322
8793,878,3200,2322
8794,878,3200,2322
8795,878,3200,2322
8796,877,3200,2323
8797,876,3200,2324
8798,876,3200,2324
8799,876,3200,2324
8800,876,3200,2324
8801,876,3200,2324
8802,876,3200,2324
8803,876,3200,2324
8804,876,3200,2324
8805,876,3200,2324
8806,876,3200,2324
8807,876,3200,2324
8808,876,3200,2324
8809,876,3200,2324
8810,876,3200,2324
8811,876,3200,2324
8812,876,3200,2324
8813,876,3200,2324
8814,876,3200,2324
8815,876,3200,2324
8816,875,3200,2325
8817,875,3200,2325
8818,875,3200,2325
8819,875,3200,2325
8820,875,3200,2325
8821,874,3200,2326
8822,874,3200,2326
8823,874,3200,2326
8824,874,3200,2326
8825,874,3200,2326
8826,873,3200,2327
8827,873,3200,2327
8828,873,3200,2327
8829,872,3200,2328
8830,872,3200,2328
8831,871,3200,2329
8832,871,3200,2329
8833,870,3200,2330
8834,870,3200,2330
8835,869,3200,2331
8836,869,3200,2331
8837,869,3200,2331
8838,869,3200,2331
8839,869,3200,2331
8840,869,3200,2331
8841,869,3200,2331
8842,869,3200,2331
8843,869,3200,2331
8844,868,3200,2332
8845,868,3200,2332
8846,867,3200,2333
8847,867,3200,2333
8848,867,3200,2333
8849,866,3200,2334
8850,866,3200,2334
8851,866,3200,2334
8852,865,3200,2335
8853,865,3200,2335
8854,864,3200,2336
8855,864,3200,2336
8856,864,3200,2336
8857,863,3200,2337
8858,863,3200,2337
8859,862,3200,2338
8860,862,3200,2338
8861,862,3200,2338
8862,862,3200,2338
8863,861,3200,2339
8864,861,3200,2339
8865,860,3200,2340
8866,860,3200,2340
8867,860,3200,2340
8868,859,3200,2341
8869,859,3200,2341
8870,859,3200,2341
8871,859,3200,2341
8872,858,3200,2342
8873,858,3200,2342
8874,858,3200,2342
8875,857,3200,2343
8876,857,3200,2343
8877,857,3200,2343
8878,856,3200,2344
8879,856,3200,2344
8880,856,3200,2344
8881,856,3200,2344
8882,855,3200,2345
8883,855,3200,2345
8884,855,3200,2345
8885,855,3200,2345
8886,855,3200,2345
8887,855,3200,2345
8888,855,3200,2345
8889,854,3200,2346
8890,854,3200,2346
8891,853,3200,2347
8892,853,3200,2347
8893,853,3200,2347
8894,852,3200,2348
8895,852,3200,2348
8896,852,3200,2348
8897,852,3200,2348
8898,852,3200,2348
8899,851,3200,2349
8900,850,3200,2350
8901,850,3200,2350
8902,850,3200,2350
8903,850,3200,2350
8904,850,3200,2350
8905,850,3200,2350
8906,850,3200,2350
8907,850,3200,2350
8908,850,3200,2350
8909,850,3200,2350
8910,850,3200,2350
8911,849,3200,2351
8912,849,3200,2351
8913,849,3200,2351
8914,849,3200,2351
8915,849,3200,2351
8916,849,3200,2351
8917,848,3200,2352
8918,848,3200,2352
8919,848,3200,2352
8920,848,3200,2352
8921,848,3200,2352
8922,848,3200,2352
8923,848,3200,2352
8924,848,3200,2352
8925,848,3200,2352
8926,848,3200,2352
8927,848,3200,2352
8928,848,3200,2352
8929,848,3200,2352
8930,848,3200,2352
8931,848,3200,2352
8932,848,3200,2352
8933,847,3200,2353
8934,847,3200,2353
8935,846,3200,2354
8936,846,3200,2354
8937,846,3200,2354
8938,846,3200,2354
8939,846,3200,2354
8940,845,3200,2355
8941,845,3200,2355
8942,844,3200,2356
8943,843,3200,2357
8944,843,3200,2357
8945,843,3200,2357
8946,842,3200,2358
8947,842,3200,2358
8948,841,3200,2359
8949,841,3200,2359
8950,841,3200,2359
8951,841,3200,2359
8952,841,3200,2359
8953,840,3200,2360
8954,840,3200,2360
8955,840,3200,2360
8956,840,3200,2360
8957,840,3200,2360
8958,839,3200,2361
8959,839,3200,2361
8960,839,3200,2361
8961,838,3200,2362
8962,837,3200,2363
8963,837,3200,2363
8964,837,3200,2363
8965,837,3200,2363
8966,836,3200,2364
8967,836,3200,2364
8968,836,3200,2364
8969,836,3200,2364
8970,836,3200,2364
8971,836,3200,2364
8972,836,3200,2364
8973,836,3200,2364
8974,836,3200,2364
8975,836,3200,2364
8976,835,3200,2365
8977,835,3200,2365
8978,835,3200,2365
8979,834,3200,2366
8980,834,3200,2366
8981,834,3200,2366
8982,834,3200,2366
8983,834,3200,2366
8984,833,3200,2367
8985,833,3200,2367
8986,833,3200,2367
8987,832,3200,2368
8988,832,3200,2368
8989,832,3200,2368
8990,831,3200,2369
8991,831,3200,2369
8992,831,3200,2369
8993,830,3200,2370
8994,830,3200,2370
8995,830,3200,2370
8996,830,3200,2370
8997,830,3200,2370
8998,830,3200,2370
8999,830,3200,2370
9000,830,3200,2370
9001,830,3200,2370
9002,830,3200,2370
9003,830,3200,2370
9004,830,3200,2370
9005,829,3200,2371
9006,828,3200,2372
9007,828,3200,2372
9008,827,3200,2373
9009,827,3200,2373
9010,827,3200,2373
9011,827,3200,2373
9012,827,3200,2373
9013,827,3200,2373
9014,827,3200,2373
9015,827,3200,2373
9016,827,3200,2373
9017,827,3200,2373
9018,827,3200,2373
9019,827,3200,2373
9020,827,3200,2373
9021,827,3200,2373
9022,827,3200,2373
9023,826,3200,2374
9024,826,3200,2374
9025,826,3200,2374
9026,826,3200,2374
9027,826,3200,2374
9028,826,3200,2374
9029,826,3200,2374
9030,826,3200,2374
9031,825,3200,2375
9032,825,3200,2375
9033,824,3200,2376
9034,824,3200,2376
9035,824,3200,2376
9036,824,3200,2376
9037,823,3200,2377
9038,823,3200,2377
9039,822,3200,2378
9040,822,3200,2378
9041,822,3200,2378
9042,821,3200,2379
9043,821,3200,2379
9044,820,3200,2380
9045,820,3200,2380
9046,820,3200,2380
9047,820,3200,2380
9048,820,3200,2380
9049,819,3200,2381
9050,819,3200,2381
9051,819,3200,2381
9052,819,3200,2381
9053,819,3200,2381
9054,818,3200,2382
9055,818,3200,2382
9056,817,3200,2383
9057,817,3200,2383
9058,816,3200,2384
9059,816,3200,2384
9060,816,3200,2384
9061,816,3200,2384
9062,815,3200,2385
9063,815,3200,2385
9064,815,3200,2385
9065,815,3200,2385
9066,814,3200,2386
9067,813,3200,2387
9068,813,3200,2387
9069,813,3200,2387
9070,813,3200,2387
9071,813,3200,2387
9072,813,3200,2387
9073,813,3200,2387
9074,813,3200,2387
9075,813,3200,2387
9076,813,3200,2387
9077,812,3200,2388
9078,812,3200,2388
9079,812,3200,2388
9080,812,3200,2388
9081,812,3200,2388
9082,811,3200,2389
9083,810,3200,2390
9084,810,3200,2390
9085,810,3200,2390
9086,809,3200,2391
9087,809,3200,2391
9088,808,3200,2392
9089,808,3200,2392
9090,808,3200,2392
9091,807,3200,2393
9092,807,3200,2393
9093,807,3200,2393
9094,807,3200,2393
9095,807,3200,2393
9096,806,3200,2394
9097,806,3200,2394
9098,806,3200,2394
9099,806,3200,2394
9100,806,3200,2394
9101,806,3200,2394
9102,806,3200,2394
9103,806,3200,2394
9104,806,3200,2394
9105,806,3200,2394
9106,806,3200,2394
9107,806,3200,2394
9108,806,3200,2394
9109,806,3200,2394
9110,805,3200,2395
9111,804,3200,2396
9112,804,3200,2396
9113,804,3200,2396
9114,804,3200,2396
9115,804,3200,2396
9116,804,3200,2396
9117,803,3200,2397
9118,803,3200,2397
9119,802,3200,2398
9120,802,3200,2398
9121,802,3200,2398
9122,802,3200,2398
9123,801,3200,2399
9124,801,3200,2399
9125,801,3200,2399
9126,800,3200,2400
9127,800,3200,2400
9128,800,3200,2400
9129,800,3200,2400
9130,800,3200,2400
9131,800,3200,2400
9132,800,3200,2400
9133,800,3200,2400
9134,800,3200,2400
9135,799,3200,2401
9136,799,3200,2401
9137,798,3200,2402
9138,798,3200,2402
9139,797,3200,2403
9140,797,3200,2403
9141,797,3200,2403
9142,797,3200,2403
9143,796,3200,2404
9144,796,3200,2404
9145,796,3200,2404
9146,795,3200,2405
9147,795,3200,2405
9148,795,3200,2405
9149,795,3200,2405
9150,795,3200,2405
9151,794,3200,2406
9152,794,3200,2406
9153,793,3200,2407
9154,793,3200,2407
9155,792,3200,2408
9156,792,3200,2408
9157,792,3200,2408
9158,792,3200,2408
9159,792,3200,2408
9160,792,3200,2408
9161,792,3200,2408
9162,792,3200,2408
9163,792,3200,2408
9164,791,3200,2409
9165,791,3200,2409
9166,791,3200,2409
9167,791,3200,2409
9168,791,3200,2409
9169,791,3200,2409
9170,791,3200,2409
9171,791,3200,2409
9172,791,3200,2409
9173,791,3200,2409
9174,791,3200,2409
9175,790,3200,2410
9176,790,3200,2410
9177,790,3200,2410
9178,790,3200,2410
9179,789,3200,2411
9180,789,3200,2411
9181,789,3200,2411
9182,789,3200,2411
9183,788,3200,2412
9184,788,3200,2412
9185,787,3200,2413
9186,787,3200,2413
9187,787,3200,2413
9188,787,3200,2413
9189,787,3200,2413
9190,787,3200,2413
9191,787,3200,2413
9192,787,3200,2413
9193,787,3200,2413
9194,787,3200,2413
9195,787,3200,2413
9196,787,3200,2413
9197,787,3200,2413
9198,787,3200,2413
9199,787,3200,2413
9200,786,3200,2414
9201,786,3200,2414
9202,786,3200,2414
9203,786,3200,2414
9204,786,3200,2414
9205,785,3200,2415
9206,785,3200,2415
9207,784,3200,2416
9208,784,3200,2416
9209,784,3200,2416
9210,783,3200,2417
9211,783,3200,2417
9212,783,3200,2417
9213,782,3200,2418
9214,782,3200,2418
9215,782,3200,2418
9216,781,3200,2419
9217,781,3200,2419
9218,781,3200,2419
9219,781,3200,2419
9220,780,3200,2420
9221,780,3200,2420
9222,779,3200,2421
9223,779,3200,2421
9224,778,3200,2422
9225,778,3200,2422
9226,778,3200,2422
9227,777,3200,2423
9228,776,3200,2424
9229,776,3200,2424
9230,776,3200,2424
9231,776,3200,2424
9232,776,3200,2424
9233,775,3200,2425
9234,775,3200,2425
9235,775,3200,2425
9236,775,3200,2425
9237,775,3200,2425
9238,775,3200,2425
9239,774,3200,2426
9240,774,3200,2426
9241,773,3200,2427
9242,773,3200,2427
9243,773,3200,2427
9244,773,3200,2427
9245,772,3200,2428
9246,772,3200,2428
9247,771,3200,2429
9248,771,3200,2429
9249,771,3200,2429
9250,771,3200,2429
9251,770,3200,2430
9252,770,3200,2430
9253,770,3200,2430
9254,769,3200,2431
9255,768,3200,2432
9256,768,3200,2432
9257,768,3200,2432
9258,768,3200,2432
9259,768,3200,2432
9260,768,3200,2432
9261,767,3200,2433
9262,767,3200,2433
9263,767,3200,2433
9264,767,3200,2433
9265,767,3200,2433
9266,767,3200,2433
9267,766,3200,2434
9268,765,3200,2435
9269,765,3200,2435
9270,765,3200,2435
9271,764,3200,2436
9272,764,3200,2436
9273,764,3200,2436
9274,764,3200,2436
9275,764,3200,2436
9276,764,3200,2436
9277,764,3200,2436
9278,764,3200,2436
9279,763,3200,2437
9280,763,3200,2437
9281,762,3200,2438
9282,762,3200,2438
9283,761,3200,2439
9284,761,3200,2439
9285,761,3200,2439
9286,761,3200,2439
9287,761,3200,2439
9288,761,3200,2439
9289,761,3200,2439
9290,761,3200,2439
9291,761,3200,2439
9292,761,3200,2439
9293,761,3200,2439
9294,761,3200,2439
9295,761,3200,2439
9296,760,3200,2440
9297,760,3200,2440
9298,760,3200,2440
9299,760,3200,2440
9300,759,3200,2441
9301,759,3200,2441
9302,759,3200,2441
9303,758,3200,2442
9304,758,3200,2442
9305,758,3200,2442
9306,757,3200,2443
9307,757,3200,2443
9308,757,3200,2443
9309,757,3200,2443
9310,757,3200,2443
9311,757,3200,2443
9312,757,3200,2443
9313,757,3200,2443
9314,757,3200,2443
9315,757,3200,2443
9316,756,3200,2444
9317,756,3200,2444
9318,756,3200,2444
9319,756,3200,2444
9320,756,3200,2444
9321,755,3200,2445
9322,755,3200,2445
9323,754,3200,2446
9324,754,3200,2446
9325,754,3200,2446
9326,753,3200,2447
9327,753,3200,2447
9328,753,3200,2447
9329,752,3200,2448
9330,752,3200,2448
9331,752,3200,2448
9332,751,3200,2449
9333,751,3200,2449
9334,751,3200,2449
9335,750,3200,2450
9336,749,3200,2451
9337,749,3200,2451
9338,749,3200,2451
9339,749,3200,2451
9340,749,3200,2451
9341,749,3200,2451
9342,749,3200,2451
9343,748,3200,2452
9344,748,3200,2452
9345,748,3200,2452
9346,748,3200,2452
9347,748,3200,2452
9348,748,3200,2452
9349,747,3200,2453
9350,747,3200,2453
9351,747,3200,2453
9352,747,3200,2453
9353,747,3200,2453
9354,747,3200,2453
9355,747,3200,2453
9356,747,3200,2453
9357,746,3200,2454
9358,746,3200,2454
9359,746,3200,2454
9360,746,3200,2454
9361,746,3200,2454
9362,746,3200,2454
9363,746,3200,2454
9364,746,3200,2454
9365,746,3200,2454
9366,746,3200,2454
9367,745,3200,2455
9368,745,3200,2455
9369,744,3200,2456
9370,744,3200,2456
9371,744,3200,2456
9372,744,3200,2456
9373,744,3200,2456
9374,744,3200,2456
9375,744,3200,2456
9376,744,3200,2456
9377,744,3200,2456
9378,744,3200,2456
9379,744,3200,2456
9380,744,3200,2456
9381,744,3200,2456
9382,743,3200,2457
9383,743,3200,2457
9384,743,3200,2457
9385,742,3200,2458
9386,742,3200,2458
9387,742,3200,2458
9388,741,3200,2459
9389,741,3200,2459
9390,740,3200,2460
9391,740,3200,2460
9392,740,3200,2460
9393,740,3200,2460
9394,740,3200,2460
9395,739,3200,2461
9396,739,3200,2461
9397,739,3200,2461
9398,739,3200,2461
9399,739,3200,2461
9400,738,3200,2462
9401,738,3200,2462
9402,737,3200,2463
9403,737,3200,2463
9404,737,3200,2463
9405,736,3200,2464
9406,736,3200,2464
9407,736,3200,2464
9408,735,3200,2465
9409,735,3200,2465
9410,735,3200,2465
9411,735,3200,2465
9412,735,3200,2465
9413,735,3200,2465
9414,735,3200,2465
9415,735,3200,2465
9416,735,3200,2465
9417,735,3200,2465
9418,735,3200,2465
9419,735,3200,2465
9420,734,3200,2466
9421,734,3200,2466
9422,734,3200,2466
9423,734,3200,2466
9424,734,3200,2466
9425,734,3200,2466
9426,733,3200,2467
9427,733,3200,2467
9428,733,3200,2467
9429,732,3200,2468
9430,731,3200,2469
9431,731,3200,2469
9432,731,3200,2469
9433,731,3200,2469
9434,730,3200,2470
9435,730,3200,2470
9436,729,3200,2471
9437,729,3200,2471
9438,729,3200,2471
9439,729,3200,2471
9440,729,3200,2471
9441,728,3200,2472
9442,728,3200,2472
9443,728,3200,2472
9444,728,3200,2472
9445,728,3200,2472
9446,728,3200,2472
9447,728,3200,2472
9448,728,3200,2472
9449,727,3200,2473
9450,727,3200,2473
9451,726,3200,2474
9452,726,3200,2474
9453,725,3200,2475
9454,725,3200,2475
9455,725,3200,2475
9456,724,3200,2476
9457,724,3200,2476
9458,724,3200,2476
9459,723,3200,2477
9460,723,3200,2477
9461,722,3200,2478
9462,722,3200,2478
9463,722,3200,2478
9464,722,3200,2478
9465,722,3200,2478
9466,721,3200,2479
9467,721,3200,2479
9468,721,3200,2479
9469,720,3200,2480
9470,720,3200,2480
9471,719,3200,2481
9472,719,3200,2481
9473,719,3200,2481
9474,718,3200,2482
9475,718,3200,2482
9476,718,3200,2482
9477,718,3200,2482
9478,717,3200,2483
9479,716,3200,2484
9480,716,3200,2484
9481,716,3200,2484
9482,715,3200,2485
9483,715,3200,2485
9484,715,3200,2485
9485,715,3200,2485
9486,715,3200,2485
9487,715,3200,2485
9488,715,3200,2485
9489,715,3200,2485
9490,715,3200,2485
9491,715,3200,2485
9492,715,3200,2485
9493,714,3200,2486
9494,714,3200,2486
9495,713,3200,2487
9496,713,3200,2487
9497,713,3200,2487
9498,713,3200,2487
9499,713,3200,2487
9500,712,3200,2488
9501,712,3200,2488
9502,711,3200,2489
9503,711,3200,2489
9504,710,3200,2490
9505,710,3200,2490
9506,710,3200,2490
9507,710,3200,2490
9508,710,3200,2490
9509,710,3200,2490
9510,710,3200,2490
9511,710,3200,2490
9512,710,3200,2490
9513,709,3200,2491
9514,709,3200,2491
9515,708,3200,2492
9516,708,3200,2492
9517,708,3200,2492
9518,708,3200,2492
9519,708,3200,2492
9520,707,3200,2493
9521,707,3200,2493
9522,707,3200,2493
9523,707,3200,2493
9524,707,3200,2493
9525,707,3200,2493
9526,707,3200,2493
9527,707,3200,2493
9528,707,3200,2493
9529,706,3200,2494
9530,706,3200,2494
9531,706,3200,2494
9532,706,3200,2494
9533,706,3200,2494
9534,706,3200,2494
9535,705,3200,2495
9536,705,3200,2495
9537,705,3200,2495
9538,705,3200,2495
9539,705,3200,2495
9540,705,3200,2495
9541,705,3200,2495
9542,705,3200,2495
9543,705,3200,2495
9544,704,3200,2496
9545,704,3200,2496
9546,703,3200,2497
9547,703,3200,2497
9548,702,3200,2498
9549,702,3200,2498
9550,701,3200,2499
9551,701,3200,2499
9552,701,3200,2499
9553,701,3200,2499
9554,701,3200,2499
9555,700,3200,2500
9556,700,3200,2500
9557,700,3200,2500
9558,699,3200,2501
9559,699,3200,2501
9560,699,3200,2501
9561,699,3200,2501
9562,699,3200,2501
9563,699,3200,2501
9564,699,3200,2501
9565,699,3200,2501
9566,698,3200,2502
9567,698,3200,2502
9568,698,3200,2502
9569,697,3200,2503
9570,696,3200,2504
9571,696,3200,2504
9572,696,3200,2504
9573,696,3200,2504
9574,695,3200,2505
9575,695,3200,2505
9576,695,3200,2505
9577,695,3200,2505
9578,695,3200,2505
9579,695,3200,2505
9580,695,3200,2505
9581,695,3200,2505
9582,694,3200,2506
9583,693,3200,2507
9584,693,3200,2507
9585,693,3200,2507
9586,693,3200,2507
9587,693,3200,2507
9588,693,3200,2507
9589,693,3200,2507
9590,693,3200,2507
9591,693,3200,2507
9592,693,3200,2507
9593,693,3200,2507
9594,693,3200,2507
9595,693,3200,2507
9596,693,3200,2507
9597,692,3200,2508
9598,692,3200,2508
9599,691,3200,2509
9600,691,3200,2509
9601,690,3200,2510
9602,690,3200,2510
9603,690,3200,2510
9604,690,3200,2510
9605,689,3200,2511
9606,689,3200,2511
9607,688,3200,2512
9608,687,3200,2513
9609,687,3200,2513
9610,687,3200,2513
9611,687,3200,2513
9612,686,3200,2514
9613,686,3200,2514
9614,685,3200,2515
9615,685,3200,2515
9616,685,3200,2515
9617,685,3200,2515
9618,685,3200,2515
9619,685,3200,2515
9620,684,3200,2516
9621,684,3200,2516
9622,684,3200,2516
9623,684,3200,2516
9624,684,3200,2516
9625,684,3200,2516
9626,684,3200,2516
9627,683,3200,2517
9628,683,3200,2517
9629,683,3200,2517
9630,682,3200,2518
9631,681,3200,2519
9632,681,3200,2519
9633,681,3200,2519
9634,681,3200,2519
9635,681,3200,2519
9636,681,3200,2519
9637,680,3200,2520
9638,680,3200,2520
9639,680,3200,2520
9640,680,3200,2520
9641,680,3200,2520
9642,679,3200,2521
9643,679,3200,2521
9644,678,3200,2522
9645,678,3200,2522
9646,678,3200,2522
9647,677,3200,2523
9648,677,3200,2523
9649,677,3200,2523
9650,677,3200,2523
9651,676,3200,2524
9652,676,3200,2524
9653,676,3200,2524
9654,676,3200,2524
9655,676,3200,2524
9656,676,3200,2524
9657,676,3200,2524
9658,675,3200,2525
9659,675,3200,2525
9660,674,3200,2526
9661,674,3200,2526
9662,674,3200,2526
9663,673,3200,2527
9664,673,3200,2527
9665,672,3200,2528
9666,672,3200,2528
9667,672,3200,2528
9668,672,3200,2528
9669,672,3200,2528
9670,672,3200,2528
9671,672,3200,2528
9672,672,3200,2528
9673,672,3200,2528
9674,671,3200,2529
9675,671,3200,2529
9676,670,3200,2530
9677,670,3200,2530
9678,670,3200,2530
9679,670,3200,2530
9680,670,3200,2530
9681,670,3200,2530
9682,670,3200,2530
9683,669,3200,2531
9684,669,3200,2531
9685,669,3200,2531
9686,669,3200,2531
9687,669,3200,2531
9688,668,3200,2532
9689,668,3200,2532
9690,667,3200,2533
9691,667,3200,2533
9692,667,3200,2533
9693,666,3200,2534
9694,666,3200,2534
9695,666,3200,2534
9696,666,3200,2534
9697,666,3200,2534
9698,666,3200,2534
9699,666,3200,2534
9700,666,3200,2534
9701,666,3200,2534
9702,666,3200,2534
9703,666,3200,2534
9704,666,3200,2534
9705,665,3200,2535
9706,665,3200,2535
9707,665,3200,2535
9708,665,3200,2535
9709,665,3200,2535
9710,665,3200,2535
9711,665,3200,2535
9712,664,3200,2536
9713,664,3200,2536
9714,664,3200,2536
9715,663,3200,2537
9716,663,3200,2537
9717,663,3200,2537
9718,663,3200,2537
9719,663,3200,2537
9720,662,3200,2538
9721,662,3200,2538
9722,661,3200,2539
9723,661,3200,2539
9724,661,3200,2539
9725,661,3200,2539
9726,660,3200,2540
9727,660,3200,2540
9728,660,3200,2540
9729,660,3200,2540
9730,660,3200,2540
9731,660,3200,2540
9732,660,3200,2540
9733,660,3200,2540
9734,660,3200,2540
9735,660,3200,2540
9736,660,3200,2540
9737,659,3200,2541
9738,658,3200,2542
9739,658,3200,2542
9740,657,3200,2543
9741,657,3200,2543
9742,656,3200,2544
9743,656,3200,2544
9744,656,3200,2544
9745,655,3200,2545
9746,655,3200,2545
9747,655,3200,2545
9748,654,3200,2546
9749,654,3200,2546
9750,654,3200,2546
9751,654,3200,2546
9752,654,3200,2546
9753,654,3200,2546
9754,654,3200,2546
9755,654,3200,2546
9756,654,3200,2546
9757,654,3200,2546
9758,654,3200,2546
9759,654,3200,2546
9760,653,3200,2547
9761,652,3200,2548
9762,652,3200,2548
9763,652,3200,2548
9764,651,3200,2549
9765,651,3200,2549
9766,651,3200,2549
9767,651,3200,2549
9768,651,3200,2549
9769,650,3200,2550
9770,650,3200,2550
9771,650,3200,2550
9772,649,3200,2551
9773,648,3200,2552
9774,648,3200,2552
9775,648,3200,2552
9776,648,3200,2552
9777,648,3200,2552
9778,648,3200,2552
9779,648,3200,2552
9780,647,3200,2553
9781,647,3200,2553
9782,647,3200,2553
9783,646,3200,2554
9784,646,3200,2554
9785,645,3200,2555
9786,645,3200,2555
9787,645,3200,2555
9788,645,3200,2555
9789,644,3200,2556
9790,644,3200,2556
9791,644,3200,2556
9792,643,3200,2557
9793,643,3200,2557
9794,643,3200,2557
9795,643,3200,2557
9796,643,3200,2557
9797,642,3200,2558
9798,642,3200,2558
9799,642,3200,2558
9800,642,3200,2558
9801,642,3200,2558
9802,642,3200,2558
9803,642,3200,2558
9804,642,3200,2558
9805,642,3200,2558
9806,642,3200,2558
9807,642,3200,2558
9808,642,3200,2558
9809,642,3200,2558
9810,642,3200,2558
9811,642,3200,2558
9812,641,3200,2559
9813,641,3200,2559
9814,641,3200,2559
9815,641,3200,2559
9816,641,3200,2559
9817,640,3200,2560
9818,640,3200,2560
9819,640,3200,2560
9820,639,3200,2561
9821,639,3200,2561
9822,639,3200,2561
9823,639,3200,2561
9824,639,3200,2561
9825,639,3200,2561
9826,639,3200,2561
9827,639,3200,2561
9828,639,3200,2561
9829,638,3200,2562
9830,638,3200,2562
9831,637,3200,2563
9832,637,3200,2563
9833,637,3200,2563
9834,636,3200,2564
9835,636,3200,2564
9836,635,3200,2565
9837,635,3200,2565
9838,634,3200,2566
9839,634,3200,2566
9840,634,3200,2566
9841,634,3200,2566
9842,634,3200,2566
9843,634,3200,2566
9844,634,3200,2566
9845,634,3200,2566
9846,634,3200,2566
9847,634,3200,2566
9848,634,3200,2566
9849,634,3200,2566
9850,634,3200,2566
9851,634,3200,2566
9852,633,3200,2567
9853,632,3200,2568
9854,632,3200,2568
9855,632,3200,2568
9856,632,3200,2568
9857,632,3200,2568
9858,632,3200,2568
9859,631,3200,2569
9860,631,3200,2569
9861,630,3200,2570
9862,630,3200,2570
9863,629,3200,2571
9864,628,3200,2572
9865,628,3200,2572
9866,628,3200,2572
9867,627,3200,2573
9868,627,3200,2573
9869,627,3200,2573
9870,626,3200,2574
9871,626,3200,2574
9872,625,3200,2575
9873,625,3200,2575
9874,624,3200,2576
9875,624,3200,2576
9876,624,3200,2576
9877,624,3200,2576
9878,624,3200,2576
9879,624,3200,2576
9880,624,3200,2576
9881,624,3200,2576
9882,624,3200,2576
9883,624,3200,2576
9884,623,3200,2577
9885,623,3200,2577
9886,623,3200,2577
9887,623,3200,2577
9888,623,3200,2577
9889,623,3200,2577
9890,623,3200,2577
9891,622,3200,2578
9892,622,3200,2578
9893,622,3200,2578
9894,621,3200,2579
9895,621,3200,2579
9896,620,3200,2580
9897,620,3200,2580
9898,619,3200,2581
9899,618,3200,2582
9900,618,3200,2582
9901,618,3200,2582
9902,618,3200,2582
9903,618,3200,2582
9904,618,3200,2582
9905,618,3200,2582
9906,618,3200,2582
9907,618,3200,2582
9908,618,3200,2582
9909,618,3200,2582
9910,618,3200,2582
9911,618,3200,2582
9912,618,3200,2582
9913,618,3200,2582
9914,617,3200,2583
9915,616,3200,2584
9916,616,3200,2584
9917,615,3200,2585
9918,615,3200,2585
9919,614,3200,2586
9920,614,3200,2586
9921,614,3200,2586
9922,613,3200,2587
9923,613,3200,2587
9924,613,3200,2587
9925,612,3200,2588
9926,612,3200,2588
9927,611,3200,2589
9928,611,3200,2589
9929,611,3200,2589
9930,611,3200,2589
9931,611,3200,2589
9932,611,3200,2589
9933,611,3200,2589
9934,610,3200,2590
9935,609,3200,2591
9936,609,3200,2591
9937,609,3200,2591
9938,608,3200,2592
9939,607,3200,2593
9940,606,3200,2594
9941,606,3200,2594
9942,606,3200,2594
9943,605,3200,2595
9944,604,3200,2596
9945,604,3200,2596
9946,602,3200,2598
9947,602,3200,2598
9948,601,3200,2599
9949,600,3200,2600
9950,600,3200,2600
9951,600,3200,2600
9952,599,3200,2601
9953,599,3200,2601
9954,599,3200,2601
9955,599,3200,2601
9956,598,3200,2602
9957,596,3200,2604
9958,596,3200,2604
9959,596,3200,2604
9960,596,3200,2604
9961,595,3200,2605
9962,595,3200,2605
9963,595,3200,2605
9964,595,3200,2605
9965,595,3200,2605
9966,594,3200,2606
9967,594,3200,2606
9968,594,3200,2606
9969,594,3200,2606
9970,594,3200,2606
9971,594,3200,2606
9972,594,3200,2606
9973,594,3200,2606
9974,592,3200,2608
9975,591,3200,2609
9976,591,3200,2609
9977,590,3200,2610
9978,590,3200,2610
9979,590,3200,2610
9980,590,3200,2610
9981,588,3200,2612
9982,588,3200,2612
9983,588,3200,2612
9984,587,3200,2613
9985,587,3200,2613
9986,587,3200,2613
9987,587,3200,2613
9988,586,3200,2614
9989,586,3200,2614
9990,586,3200,2614
9991,585,3200,2615
9992,584,3200,2616
9993,583,3200,2617
9994,583,3200,2617
9995,582,3200,2618
9996,582,3200,2618
9997,582,3200,2618
9998,581,3200,2619
9999,581,3200,2619
10000,581,3200,2619
10001,580,3200,2620
10002,580,3200,2620
10003,579,3200,2621
10004,578,3200,2622
10005,578,3200,2622
10006,577,3200,2623
10007,576,3200,2624
10008,576,3200,2624
10009,576,3200,2624
10010,575,3200,2625
10011,574,3200,2626
10012,574,3200,2626
10013,573,3200,2627
10014,573,3200,2627
10015,573,3200,2627
10016,571,3200,2629
10017,571,3200,2629
10018,570,3200,2630
10019,569,3200,2631
10020,569,3200,2631
10021,569,3200,2631
10022,569,3200,2631
10023,568,3200,2632
10024,568,3200,2632
10025,568,3200,2632
10026,568,3200,2632
10027,568,3200,2632
10028,567,3200,2633
10029,567,3200,2633
10030,566,3200,2634
10031,566,3200,2634
10032,566,3200,2634
10033,566,3200,2634
10034,565,3200,2635
10035,565,3200,2635
10036,565,3200,2635
10037,562,3200,2638
10038,562,3200,2638
10039,561,3200,2639
10040,561,3200,2639
10041,561,3200,2639
10042,561,3200,2639
10043,560,3200,2640
10044,559,3200,2641
10045,558,3200,2642
10046,558,3200,2642
10047,558,3200,2642
10048,558,3200,2642
10049,558,3200,2642
10050,557,3200,2643
10051,555,3200,2645
10052,555,3200,2645
10053,555,3200,2645
10054,554,3200,2646
10055,554,3200,2646
10056,554,3200,2646
10057,554,3200,2646
10058,554,3200,2646
10059,554,3200,2646
10060,554,3200,2646
10061,554,3200,2646
10062,553,3200,2647
10063,553,3200,2647
10064,551,3200,2649
10065,551,3200,2649
10066,551,3200,2649
10067,550,3200,2650
10068,548,3200,2652
10069,548,3200,2652
10070,548,3200,2652
10071,547,3200,2653
10072,546,3200,2654
10073,546,3200,2654
10074,545,3200,2655
10075,543,3200,2657
10076,543,3200,2657
10077,543,3200,2657
10078,543,3200,2657
10079,541,3200,2659
10080,541,3200,2659
10081,541,3200,2659
10082,540,3200,2660
10083,540,3200,2660
10084,539,3200,2661
10085,539,3200,2661
10086,538,3200,2662
10087,538,3200,2662
10088,538,3200,2662
10089,538,3200,2662
10090,537,3200,2663
10091,537,3200,2663
10092,537,3200,2663
10093,537,3200,2663
10094,536,3200,2664
10095,535,3200,2665
10096,535,3200,2665
10097,535,3200,2665
10098,535,3200,2665
10099,534,3200,2666
10100,533,3200,2667
10101,533,3200,2667
10102,531,3200,2669
10103,531,3200,2669
10104,531,3200,2669
10105,531,3200,2669
10106,531,3200,2669
10107,531,3200,2669
10108,530,3200,2670
10109,529,3200,2671
10110,528,3200,2672
10111,528,3200,2672
10112,527,3200,2673
10113,527,3200,2673
10114,526,3200,2674
10115,525,3200,2675
10116,525,3200,2675
10117,524,3200,2676
10118,524,3200,2676
10119,523,3200,2677
10120,522,3200,2678
10121,521,3200,2679
10122,521,3200,2679
10123,520,3200,2680
10124,520,3200,2680
10125,520,3200,2680
10126,520,3200,2680
10127,519,3200,2681
10128,519,3200,2681
10129,518,3200,2682
10130,518,3200,2682
10131,518,3200,2682
10132,518,3200,2682
10133,518,3200,2682
10134,517,3200,2683
10135,517,3200,2683
10136,516,3200,2684
10137,516,3200,2684
10138,515,3200,2685
10139,515,3200,2685
10140,515,3200,2685
10141,515,3200,2685
10142,515,3200,2685
10143,513,3200,2687
10144,513,3200,2687
10145,511,3200,2689
10146,511,3200,2689
10147,510,3200,2690
10148,510,3200,2690
10149,509,3200,2691
10150,508,3200,2692
10151,508,3200,2692
10152,508,3200,2692
10153,508,3200,2692
10154,508,3200,2692
10155,507,3200,2693
10156,506,3200,2694
10157,506,3200,2694
10158,506,3200,2694
10159,506,3200,2694
10160,505,3200,2695
10161,504,3200,2696
10162,504,3200,2696
10163,504,3200,2696
10164,503,3200,2697
10165,502,3200,2698
10166,502,3200,2698
10167,502,3200,2698
10168,502,3200,2698
10169,500,3200,2700
10170,500,3200,2700
10171,498,3200,2702
10172,498,3200,2702
10173,497,3200,2703
10174,496,3200,2704
10175,496,3200,2704
10176,496,3200,2704
10177,496,3200,2704
10178,496,3200,2704
10179,496,3200,2704
10180,496,3200,2704
10181,496,3200,2704
10182,495,3200,2705
10183,495,3200,2705
10184,494,3200,2706
10185,494,3200,2706
10186,493,3200,2707
10187,493,3200,2707
10188,492,3200,2708
10189,492,3200,2708
10190,491,3200,2709
10191,491,3200,2709
10192,491,3200,2709
10193,490,3200,2710
10194,490,3200,2710
10195,490,3200,2710
10196,489,3200,2711
10197,489,3200,2711
10198,489,3200,2711
10199,488,3200,2712
10200,488,3200,2712
10201,488,3200,2712
10202,487,3200,2713
10203,485,3200,2715
10204,485,3200,2715
10205,485,3200,2715
10206,485,3200,2715
10207,484,3200,2716
10208,483,3200,2717
10209,482,3200,2718
10210,482,3200,2718
10211,481,3200,2719
10212,481,3200,2719
10213,479,3200,2721
10214,479,3200,2721
10215,478,3200,2722
10216,477,3200,2723
10217,476,3200,2724
10218,476,3200,2724
10219,476,3200,2724
10220,475,3200,2725
10221,475,3200,2725
10222,475,3200,2725
10223,474,3200,2726
10224,474,3200,2726
10225,473,3200,2727
10226,472,3200,2728
10227,472,3200,2728
10228,472,3200,2728
10229,472,3200,2728
10230,471,3200,2729
10231,471,3200,2729
10232,471,3200,2729
10233,470,3200,2730
10234,470,3200,2730
10235,470,3200,2730
10236,470,3200,2730
10237,470,3200,2730
10238,470,3200,2730
10239,470,3200,2730
10240,469,3200,2731
10241,469,3200,2731
10242,469,3200,2731
10243,469,3200,2731
10244,469,3200,2731
10245,469,3200,2731
10246,468,3200,2732
10247,467,3200,2733
10248,467,3200,2733
10249,467,3200,2733
10250,467,3200,2733
10251,466,3200,2734
10252,466,3200,2734
10253,466,3200,2734
10254,466,3200,2734
10255,465,3200,2735
10256,465,3200,2735
10257,465,3200,2735
10258,465,3200,2735
10259,465,3200,2735
10260,465,3200,2735
10261,465,3200,2735
10262,465,3200,2735
10263,465,3200,2735
10264,464,3200,2736
10265,464,3200,2736
10266,464,3200,2736
10267,464,3200,2736
10268,464,3200,2736
10269,463,3200,2737
10270,463,3200,2737
10271,462,3200,2738
10272,462,3200,2738
10273,462,3200,2738
10274,462,3200,2738
10275,461,3200,2739
10276,461,3200,2739
10277,461,3200,2739
10278,461,3200,2739
10279,461,3200,2739
10280,461,3200,2739
10281,460,3200,2740
10282,460,3200,2740
10283,459,3200,2741
10284,459,3200,2741
10285,459,3200,2741
10286,459,3200,2741
10287,459,3200,2741
10288,458,3200,2742
10289,458,3200,2742
10290,458,3200,2742
10291,458,3200,2742
10292,457,3200,2743
10293,457,3200,2743
10294,457,3200,2743
10295,456,3200,2744
10296,456,3200,2744
10297,456,3200,2744
10298,456,3200,2744
10299,456,3200,2744
10300,456,3200,2744
10301,456,3200,2744
10302,456,3200,2744
10303,456,3200,2744
10304,456,3200,2744
10305,456,3200,2744
10306,456,3200,2744
10307,456,3200,2744
10308,456,3200,2744
10309,456,3200,2744
10310,456,3200,2744
10311,456,3200,2744
10312,456,3200,2744
10313,456,3200,2744
10314,456,3200,2744
10315,456,3200,2744
10316,456,3200,2744
10317,456,3200,2744
10318,456,3200,2744
10319,456,3200,2744
10320,456,3200,2744
10321,456,3200,2744
10322,456,3200,2744
10323,456,3200,2744
10324,456,3200,2744
10325,456,3200,2744
10326,456,3200,2744
10327,456,3200,2744
10328,456,3200,2744
10329,456,3200,2744
10330,456,3200,2744
10331,456,3200,2744
10332,456,3200,2744
10333,456,3200,2744
10334,456,3200,2744
10335,456,3200,2744
10336,456,3200,2744
10337,456,3200,2744
10338,456,3200,2744
10339,456,3200,2744
10340,456,3200,2744
10341,456,3200,2744
10342,456,3200,2744
10343,456,3200,2744
10344,456,3200,2744
10345,456,3200,2744
10346,456,3200,2744
10347,456,3200,2744
10348,456,3200,2744
10349,456,3200,2744
10350,456,3200,2744
10351,456,3200,2744
10352,456,3200,2744
10353,456,3200,2744
10354,456,3200,2744
10355,456,3200,2744
10356,456,3200,2744
10357,456,3200,2744
10358,456,3200,2744
10359,456,3200,2744
10360,456,3200,2744
10361,456,3200,2744
10362,456,3200,2744
10363,456,3200,2744
10364,456,3200,2744
10365,456,3200,2744
10366,456,3200,2744
10367,456,3200,2744
10368,456,3200,2744
10369,456,3200,2744
10370,456,3200,2744
10371,456,3200,2744
10372,456,3200,2744
10373,456,3200,2744
10374,456,3200,2744
10375,456,3200,2744
10376,456,3200,2744
10377,456,3200,2744
10378,456,3200,2744
10379,456,3200,2744
10380,456,3200,2744
10381,456,3200,2744
10382,456,3200,2744
10383,456,3200,2744
10384,456,3200,2744
10385,456,3200,2744
10386,456,3200,2744
10387,456,3200,2744
10388,456,3200,2744
10389,456,3200,2744
10390,456,3200,2744
10391,456,3200,2744
10392,456,3200,2744
10393,456,3200,2744
10394,456,3200,2744
10395,456,3200,2744
10396,455,3200,2745
10397,455,3200,2745
10398,455,3200,2745
10399,455,3200,2745
10400,455,3200,2745
10401,455,3200,2745
10402,455,3200,2745
10403,455,3200,2745
10404,455,3200,2745
10405,455,3200,2745
10406,455,3200,2745
10407,454,3200,2746
10408,454,3200,2746
10409,454,3200,2746
10410,454,3200,2746
10411,454,3200,2746
10412,454,3200,2746
10413,454,3200,2746
10414,454,3200,2746
10415,454,3200,2746
10416,454,3200,2746
10417,454,3200,2746
10418,454,3200,2746
10419,454,3200,2746
10420,454,3200,2746
10421,454,3200,2746
10422,454,3200,2746
10423,454,3200,2746
10424,454,3200,2746
10425,454,3200,2746
10426,454,3200,2746
10427,454,3200,2746
10428,454,3200,2746
10429,454,3200,2746
10430,454,3200,2746
10431,454,3200,2746
10432,454,3200,2746
10433,454,3200,2746
10434,454,3200,2746
10435,454,3200,2746
10436,454,3200,2746
10437,454,3200,2746
10438,454,3200,2746
10439,454,3200,2746
10440,454,3200,2746
10441,454,3200,2746
10442,454,3200,2746
10443,454,3200,2746
10444,454,3200,2746
10445,454,3200,2746
10446,454,3200,2746
10447,454,3200,2746
10448,454,3200,2746
10449,454,3200,2746
10450,454,3200,2746
10451,454,3200,2746
10452,454,3200,2746
10453,454,3200,2746
10454,454,3200,2746
10455,454,3200,2746
10456,454,3200,2746
10457,454,3200,2746
10458,454,3200,2746
10459,454,3200,2746
10460,454,3200,2746
10461,454,3200,2746
10462,454,3200,2746
10463,454,3200,2746
10464,454,3200,2746
10465,454,3200,2746
10466,454,3200,2746
10467,454,3200,2746
10468,454,3200,2746
10469,454,3200,2746
10470,454,3200,2746
10471,454,3200,2746
10472,454,3200,2746
10473,454,3200,2746
10474,454,3200,2746
10475,454,3200,2746
10476,454,3200,2746
10477,454,3200,2746
10478,454,3200,2746
10479,454,3200,2746
10480,454,3200,2746
10481,454,3200,2746
10482,454,3200,2746
10483,454,3200,2746
10484,454,3200,2746
10485,454,3200,2746
10486,454,3200,2746
10487,454,3200,2746
10488,454,3200,2746
10489,454,3200,2746
10490,454,3200,2746
10491,454,3200,2746
10492,454,3200,2746
10493,454,3200,2746
10494,454,3200,2746
10495,454,3200,2746
10496,454,3200,2746
10497,454,3200,2746
10498,454,3200,2746
10499,454,3200,2746
10500,454,3200,2746
10501,454,3200,2746
10502,454,3200,2746
10503,454,3200,2746
10504,454,3200,2746
10505,454,3200,2746
10506,454,3200,2746
10507,454,3200,2746
10508,454,3200,2746
10509,454,3200,2746
10510,454,3200,2746
10511,454,3200,2746
10512,454,3200,2746
10513,454,3200,2746
10514,454,3200,2746
10515,454,3200,2746
10516,454,3200,2746
10517,454,3200,2746
10518,454,3200,2746
10519,454,3200,2746
10520,454,3200,2746
10521,454,3200,2746
10522,454,3200,2746
10523,454,3200,2746
10524,454,3200,2746
10525,454,3200,2746
10526,454,3200,2746
10527,454,3200,2746
10528,454,3200,2746
10529,454,3200,2746
10530,454,3200,2746
10531,454,3200,2746
10532,454,3200,2746
10533,454,3200,2746
10534,454,3200,2746
10535,454,3200,2746
10536,454,3200,2746
10537,454,3200,2746
10538,454,3200,2746
10539,454,3200,2746
10540,454,3200,2746
10541,454,3200,2746
10542,454,3200,2746
10543,454,3200,2746
10544,454,3200,2746
10545,454,3200,2746
10546,454,3200,2746
10547,454,3200,2746
10548,454,3200,2746
10549,454,3200,2746
10550,454,3200,2746
10551,454,3200,2746
10552,454,3200,2746
10553,454,3200,2746
10554,454,3200,2746
10555,454,3200,2746
10556,454,3200,2746
10557,454,3200,2746
10558,454,3200,2746
10559,454,3200,2746
10560,454,3200,2746
10561,454,3200,2746
10562,454,3200,2746
10563,454,3200,2746
10564,454,3200,2746
10565,454,3200,2746
10566,454,3200,2746
10567,454,3200,2746
10568,454,3200,2746
10569,454,3200,2746
10570,454,3200,2746
10571,454,3200,2746
10572,454,3200,2746
10573,454,3200,2746
10574,454,3200,2746
10575,454,3200,2746
10576,454,3200,2746
10577,454,3200,2746
10578,454,3200,2746
10579,454,3200,2746
10580,454,3200,2746
10581,454,3200,2746
10582,454,3200,2746
10583,454,3200,2746
10584,454,3200,2746
10585,454,3200,2746
10586,454,3200,2746
10587,454,3200,2746
10588,454,3200,2746
10589,454,3200,2746
10590,454,3200,2746
10591,454,3200,2746
10592,454,3200,2746
10593,454,3200,2746
10594,454,3200,2746
10595,454,3200,2746
10596,454,3200,2746
10597,454,3200,2746
10598,454,3200,2746
10599,454,3200,2746
10600,454,3200,2746
10601,454,3200,2746
10602,454,3200,2746
10603,454,3200,2746
10604,454,3200,2746
10605,454,3200,2746
10606,454,3200,2746
10607,454,3200,2746
10608,454,3200,2746
10609,453,3200,2747
10610,453,3200,2747
10611,453,3200,2747
10612,453,3200,2747
10613,453,3200,2747
10614,453,3200,2747
10615,453,3200,2747
10616,453,3200,2747
10617,453,3200,2747
10618,453,3200,2747
10619,453,3200,2747
10620,453,3200,2747
10621,453,3200,2747
10622,453,3200,2747
10623,453,3200,2747
10624,453,3200,2747
10625,453,3200,2747
10626,452,3200,2748
10627,452,3200,2748
10628,452,3200,2748
10629,452,3200,2748
10630,452,3200,2748
10631,451,3200,2749
10632,450,3200,2750
10633,450,3200,2750
10634,450,3200,2750
10635,450,3200,2750
10636,449,3200,2751
10637,449,3200,2751
10638,449,3200,2751
10639,449,3200,2751
10640,449,3200,2751
10641,449,3200,2751
10642,449,3200,2751
10643,449,3200,2751
10644,449,3200,2751
10645,449,3200,2751
10646,448,3200,2752
10647,448,3200,2752
10648,447,3200,2753
10649,447,3200,2753
10650,447,3200,2753
10651,446,3200,2754
10652,446,3200,2754
10653,446,3200,2754
10654,446,3200,2754
10655,445,3200,2755
10656,445,3200,2755
10657,445,3200,2755
10658,444,3200,2756
10659,444,3200,2756
10660,444,3200,2756
10661,443,3200,2757
10662,443,3200,2757
10663,443,3200,2757
10664,443,3200,2757
10665,443,3200,2757
10666,442,3200,2758
10667,442,3200,2758
10668,442,3200,2758
10669,441,3200,2759
10670,440,3200,2760
10671,440,3200,2760
10672,439,3200,2761
10673,439,3200,2761
10674,439,3200,2761
10675,439,3200,2761
10676,439,3200,2761
10677,438,3200,2762
10678,438,3200,2762
10679,437,3200,2763
10680,437,3200,2763
10681,436,3200,2764
10682,436,3200,2764
10683,436,3200,2764
10684,436,3200,2764
10685,436,3200,2764
10686,436,3200,2764
10687,436,3200,2764
10688,436,3200,2764
10689,436,3200,2764
10690,435,3200,2765
10691,434,3200,2766
10692,434,3200,2766
10693,434,3200,2766
10694,434,3200,2766
10695,433,3200,2767
10696,433,3200,2767
10697,433,3200,2767
10698,433,3200,2767
10699,433,3200,2767
10700,433,3200,2767
10701,433,3200,2767
10702,433,3200,2767
10703,433,3200,2767
10704,433,3200,2767
10705,433,3200,2767
10706,433,3200,2767
10707,433,3200,2767
10708,432,3200,2768
10709,432,3200,2768
10710,431,3200,2769
10711,431,3200,2769
10712,431,3200,2769
10713,430,3200,2770
10714,430,3200,2770
10715,430,3200,2770
10716,430,3200,2770
10717,430,3200,2770
10718,430,3200,2770
10719,430,3200,2770
10720,430,3200,2770
10721,429,3200,2771
10722,429,3200,2771
10723,429,3200,2771
10724,428,3200,2772
10725,428,3200,2772
10726,427,3200,2773
10727,427,3200,2773
10728,426,3200,2774
10729,426,3200,2774
10730,425,3200,2775
10731,425,3200,2775
10732,424,3200,2776
10733,424,3200,2776
10734,424,3200,2776
10735,424,3200,2776
10736,424,3200,2776
10737,423,3200,2777
10738,423,3200,2777
10739,423,3200,2777
10740,423,3200,2777
10741,423,3200,2777
10742,422,3200,2778
10743,422,3200,2778
10744,421,3200,2779
10745,421,3200,2779
10746,421,3200,2779
10747,420,3200,2780
10748,420,3200,2780
10749,420,3200,2780
10750,419,3200,2781
10751,419,3200,2781
10752,418,3200,2782
10753,418,3200,2782
10754,418,3200,2782
10755,418,3200,2782
10756,418,3200,2782
10757,417,3200,2783
10758,417,3200,2783
10759,416,3200,2784
10760,416,3200,2784
10761,416,3200,2784
10762,416,3200,2784
10763,416,3200,2784
10764,416,3200,2784
10765,416,3200,2784
10766,416,3200,2784
10767,416,3200,2784
10768,416,3200,2784
10769,416,3200,2784
10770,415,3200,2785
10771,415,3200,2785
10772,415,3200,2785
10773,414,3200,2786
10774,414,3200,2786
10775,414,3200,2786
10776,414,3200,2786
10777,414,3200,2786
10778,414,3200,2786
10779,414,3200,2786
10780,413,3200,2787
10781,413,3200,2787
10782,413,3200,2787
10783,413,3200,2787
10784,413,3200,2787
10785,413,3200,2787
10786,412,3200,2788
10787,412,3200,2788
10788,411,3200,2789
10789,411,3200,2789
10790,411,3200,2789
10791,410,3200,2790
10792,410,3200,2790
10793,410,3200,2790
10794,410,3200,2790
10795,410,3200,2790
10796,410,3200,2790
10797,410,3200,2790
10798,410,3200,2790
10799,410,3200,2790
10800,410,3200,2790
10801,410,3200,2790
10802,410,3200,2790
10803,410,3200,2790
10804,410,3200,2790
10805,410,3200,2790
10806,409,3200,2791
10807,409,3200,2791
10808,409,3200,2791
10809,409,3200,2791
10810,408,3200,2792
10811,408,3200,2792
10812,408,3200,2792
10813,408,3200,2792
10814,408,3200,2792
10815,408,3200,2792
10816,408,3200,2792
10817,408,3200,2792
10818,408,3200,2792
10819,408,3200,2792
10820,407,3200,2793
10821,407,3200,2793
10822,406,3200,2794
10823,406,3200,2794
10824,406,3200,2794
10825,406,3200,2794
10826,405,3200,2795
10827,404,3200,2796
10828,404,3200,2796
10829,403,3200,2797
10830,403,3200,2797
10831,403,3200,2797
10832,403,3200,2797
10833,403,3200,2797
10834,403,3200,2797
10835,403,3200,2797
10836,403,3200,2797
10837,403,3200,2797
10838,402,3200,2798
10839,402,3200,2798
10840,401,3200,2799
10841,401,3200,2799
10842,401,3200,2799
10843,401,3200,2799
10844,400,3200,2800
10845,400,3200,2800
10846,399,3200,2801
10847,399,3200,2801
10848,399,3200,2801
10849,399,3200,2801
10850,399,3200,2801
10851,398,3200,2802
10852,398,3200,2802
10853,398,3200,2802
10854,397,3200,2803
10855,397,3200,2803
10856,397,3200,2803
10857,397,3200,2803
10858,397,3200,2803
10859,396,3200,2804
10860,396,3200,2804
10861,396,3200,2804
10862,396,3200,2804
10863,395,3200,2805
10864,395,3200,2805
10865,395,3200,2805
10866,395,3200,2805
10867,395,3200,2805
10868,395,3200,2805
10869,394,3200,2806
10870,394,3200,2806
10871,394,3200,2806
10872,393,3200,2807
10873,393,3200,2807
10874,392,3200,2808
10875,392,3200,2808
10876,392,3200,2808
10877,391,3200,2809
10878,390,3200,2810
10879,390,3200,2810
10880,390,3200,2810
10881,390,3200,2810
10882,390,3200,2810
10883,390,3200,2810
10884,390,3200,2810
10885,390,3200,2810
10886,389,3200,2811
10887,389,3200,2811
10888,389,3200,2811
10889,389,3200,2811
10890,389,3200,2811
10891,389,3200,2811
10892,388,3200,2812
10893,388,3200,2812
10894,388,3200,2812
10895,388,3200,2812
10896,387,3200,2813
10897,387,3200,2813
10898,387,3200,2813
10899,387,3200,2813
10900,387,3200,2813
10901,387,3200,2813
10902,387,3200,2813
10903,386,3200,2814
10904,385,3200,2815
10905,385,3200,2815
10906,384,3200,2816
10907,384,3200,2816
10908,384,3200,2816
10909,384,3200,2816
10910,384,3200,2816
10911,383,3200,2817
10912,383,3200,2817
10913,383,3200,2817
10914,383,3200,2817
10915,383,3200,2817
10916,383,3200,2817
10917,382,3200,2818
10918,382,3200,2818
10919,381,3200,2819
10920,381,3200,2819
10921,381,3200,2819
10922,381,3200,2819
10923,381,3200,2819
10924,381,3200,2819
10925,381,3200,2819
10926,381,3200,2819
10927,380,3200,2820
10928,380,3200,2820
10929,379,3200,2821
10930,379,3200,2821
10931,379,3200,2821
10932,379,3200,2821
10933,379,3200,2821
10934,378,3200,2822
10935,378,3200,2822
10936,378,3200,2822
10937,378,3200,2822
10938,378,3200,2822
10939,377,3200,2823
10940,377,3200,2823
10941,377,3200,2823
10942,377,3200,2823
10943,377,3200,2823
10944,377,3200,2823
10945,377,3200,2823
10946,377,3200,2823
10947,377,3200,2823
10948,377,3200,2823
10949,377,3200,2823
10950,377,3200,2823
10951,376,3200,2824
10952,376,3200,2824
10953,376,3200,2824
10954,376,3200,2824
10955,375,3200,2825
10956,375,3200,2825
10957,375,3200,2825
10958,374,3200,2826
10959,374,3200,2826
10960,374,3200,2826
10961,374,3200,2826
10962,374,3200,2826
10963,374,3200,2826
10964,373,3200,2827
10965,373,3200,2827
10966,373,3200,2827
10967,372,3200,2828
10968,372,3200,2828
10969,372,3200,2828
10970,372,3200,2828
10971,372,3200,2828
10972,372,3200,2828
10973,372,3200,2828
10974,372,3200,2828
10975,372,3200,2828
10976,371,3200,2829
10977,371,3200,2829
10978,371,3200,2829
10979,370,3200,2830
10980,370,3200,2830
10981,369,3200,2831
10982,369,3200,2831
10983,368,3200,2832
10984,368,3200,2832
10985,368,3200,2832
10986,368,3200,2832
10987,368,3200,2832
10988,368,3200,2832
10989,368,3200,2832
10990,367,3200,2833
10991,366,3200,2834
10992,366,3200,2834
10993,366,3200,2834
10994,365,3200,2835
10995,365,3200,2835
10996,364,3200,2836
10997,364,3200,2836
10998,364,3200,2836
10999,363,3200,2837
11000,363,3200,2837
11001,363,3200,2837
11002,362,3200,2838
11003,362,3200,2838
11004,362,3200,2838
11005,361,3200,2839
11006,361,3200,2839
11007,361,3200,2839
11008,361,3200,2839
11009,361,3200,2839
11010,361,3200,2839
11011,361,3200,2839
11012,361,3200,2839
11013,361,3200,2839
11014,361,3200,2839
11015,361,3200,2839
11016,361,3200,2839
11017,361,3200,2839
11018,361,3200,2839
11019,361,3200,2839
11020,361,3200,2839
11021,361,3200,2839
11022,361,3200,2839
11023,361,3200,2839
11024,361,3200,2839
11025,361,3200,2839
11026,361,3200,2839
11027,360,3200,2840
11028,360,3200,2840
11029,359,3200,2841
11030,359,3200,2841
11031,359,3200,2841
11032,358,3200,2842
11033,358,3200,2842
11034,357,3200,2843
11035,357,3200,2843
11036,356,3200,2844
11037,356,3200,2844
11038,356,3200,2844
11039,356,3200,2844
11040,355,3200,2845
11041,355,3200,2845
11042,355,3200,2845
11043,355,3200,2845
11044,354,3200,2846
11045,354,3200,2846
11046,354,3200,2846
11047,353,3200,2847
11048,353,3200,2847
11049,353,3200,2847
11050,352,3200,2848
11051,352,3200,2848
11052,351,3200,2849
11053,351,3200,2849
11054,351,3200,2849
11055,351,3200,2849
11056,351,3200,2849
11057,351,3200,2849
11058,351,3200,2849
11059,350,3200,2850
11060,350,3200,2850
11061,350,3200,2850
11062,350,3200,2850
11063,350,3200,2850
11064,350,3200,2850
11065,350,3200,2850
11066,350,3200,2850
11067,350,3200,2850
11068,350,3200,2850
11069,349,3200,2851
11070,349,3200,2851
11071,348,3200,2852
11072,348,3200,2852
11073,348,3200,2852
11074,348,3200,2852
11075,347,3200,2853
11076,347,3200,2853
11077,347,3200,2853
11078,346,3200,2854
11079,346,3200,2854
11080,345,3200,2855
11081,345,3200,2855
11082,345,3200,2855
11083,344,3200,2856
11084,344,3200,2856
11085,343,3200,2857
11086,343,3200,2857
11087,343,3200,2857
11088,343,3200,2857
11089,343,3200,2857
11090,342,3200,2858
11091,342,3200,2858
11092,342,3200,2858
11093,341,3200,2859
11094,340,3200,2860
11095,340,3200,2860
11096,340,3200,2860
11097,340,3200,2860
11098,340,3200,2860
11099,339,3200,2861
11100,339,3200,2861
11101,338,3200,2862
11102,338,3200,2862
11103,337,3200,2863
11104,337,3200,2863
11105,337,3200,2863
11106,337,3200,2863
11107,336,3200,2864
11108,336,3200,2864
11109,336,3200,2864
11110,336,3200,2864
11111,336,3200,2864
11112,336,3200,2864
11113,336,3200,2864
11114,336,3200,2864
11115,335,3200,2865
11116,335,3200,2865
11117,334,3200,2866
11118,334,3200,2866
11119,334,3200,2866
11120,334,3200,2866
11121,334,3200,2866
11122,334,3200,2866
11123,334,3200,2866
11124,334,3200,2866
11125,334,3200,2866
11126,334,3200,2866
11127,334,3200,2866
11128,334,3200,2866
11129,334,3200,2866
11130,333,3200,2867
11131,333,3200,2867
11132,333,3200,2867
11133,333,3200,2867
11134,333,3200,2867
11135,333,3200,2867
11136,332,3200,2868
11137,332,3200,2868
11138,331,3200,2869
11139,331,3200,2869
11140,331,3200,2869
11141,331,3200,2869
11142,331,3200,2869
11143,331,3200,2869
11144,330,3200,2870
11145,330,3200,2870
11146,329,3200,2871
11147,329,3200,2871
11148,328,3200,2872
11149,328,3200,2872
11150,328,3200,2872
11151,328,3200,2872
11152,328,3200,2872
11153,328,3200,2872
11154,328,3200,2872
11155,328,3200,2872
11156,327,3200,2873
11157,326,3200,2874
11158,326,3200,2874
11159,326,3200,2874
11160,326,3200,2874
11161,325,3200,2875
11162,325,3200,2875
11163,325,3200,2875
11164,325,3200,2875
11165,325,3200,2875
11166,325,3200,2875
11167,325,3200,2875
11168,324,3200,2876
11169,324,3200,2876
11170,324,3200,2876
11171,323,3200,2877
11172,322,3200,2878
11173,322,3200,2878
11174,321,3200,2879
11175,321,3200,2879
11176,321,3200,2879
11177,321,3200,2879
11178,321,3200,2879
11179,321,3200,2879
11180,321,3200,2879
11181,320,3200,2880
11182,320,3200,2880
11183,319,3200,2881
11184,319,3200,2881
11185,319,3200,2881
11186,319,3200,2881
11187,319,3200,2881
11188,319,3200,2881
11189,319,3200,2881
11190,318,3200,2882
11191,318,3200,2882
11192,317,3200,2883
11193,317,3200,2883
11194,317,3200,2883
11195,317,3200,2883
11196,317,3200,2883
11197,317,3200,2883
11198,317,3200,2883
11199,317,3200,2883
11200,316,3200,2884
11201,315,3200,2885
11202,315,3200,2885
11203,314,3200,2886
11204,314,3200,2886
11205,314,3200,2886
11206,314,3200,2886
11207,313,3200,2887
11208,313,3200,2887
11209,312,3200,2888
11210,312,3200,2888
11211,312,3200,2888
11212,311,3200,2889
11213,311,3200,2889
11214,311,3200,2889
11215,311,3200,2889
11216,311,3200,2889
11217,311,3200,2889
11218,311,3200,2889
11219,311,3200,2889
11220,311,3200,2889
11221,310,3200,2890
11222,310,3200,2890
11223,310,3200,2890
11224,310,3200,2890
11225,310,3200,2890
11226,310,3200,2890
11227,310,3200,2890
11228,310,3200,2890
11229,310,3200,2890
11230,310,3200,2890
11231,310,3200,2890
11232,310,3200,2890
11233,310,3200,2890
11234,310,3200,2890
11235,310,3200,2890
11236,310,3200,2890
11237,310,3200,2890
11238,310,3200,2890
11239,310,3200,2890
11240,310,3200,2890
11241,310,3200,2890
11242,310,3200,2890
11243,310,3200,2890
11244,310,3200,2890
11245,310,3200,2890
11246,310,3200,2890
11247,310,3200,2890
11248,310,3200,2890
11249,310,3200,2890
11250,310,3200,2890
11251,309,3200,2891
11252,308,3200,2892
11253,308,3200,2892
11254,308,3200,2892
11255,308,3200,2892
11256,307,3200,2893
11257,307,3200,2893
11258,307,3200,2893
11259,307,3200,2893
11260,306,3200,2894
11261,305,3200,2895
11262,305,3200,2895
11263,304,3200,2896
11264,304,3200,2896
11265,303,3200,2897
11266,303,3200,2897
11267,303,3200,2897
11268,302,3200,2898
11269,302,3200,2898
11270,302,3200,2898
11271,301,3200,2899
11272,300,3200,2900
11273,300,3200,2900
11274,300,3200,2900
11275,300,3200,2900
11276,300,3200,2900
11277,300,3200,2900
11278,300,3200,2900
11279,300,3200,2900
11280,300,3200,2900
11281,299,3200,2901
11282,299,3200,2901
11283,299,3200,2901
11284,299,3200,2901
11285,299,3200,2901
11286,298,3200,2902
11287,297,3200,2903
11288,297,3200,2903
11289,297,3200,2903
11290,297,3200,2903
11291,296,3200,2904
11292,296,3200,2904
11293,296,3200,2904
11294,296,3200,2904
11295,295,3200,2905
11296,294,3200,2906
11297,294,3200,2906
11298,294,3200,2906
11299,293,3200,2907
11300,293,3200,2907
11301,293,3200,2907
11302,293,3200,2907
11303,293,3200,2907
11304,293,3200,2907
11305,293,3200,2907
11306,293,3200,2907
11307,293,3200,2907
11308,293,3200,2907
11309,293,3200,2907
11310,293,3200,2907
11311,293,3200,2907
11312,293,3200,2907
11313,292,3200,2908
11314,292,3200,2908
11315,291,3200,2909
11316,291,3200,2909
11317,291,3200,2909
11318,291,3200,2909
11319,290,3200,2910
11320,290,3200,2910
11321,290,3200,2910
11322,290,3200,2910
11323,290,3200,2910
11324,289,3200,2911
11325,289,3200,2911
11326,289,3200,2911
11327,288,3200,2912
11328,288,3200,2912
11329,288,3200,2912
11330,288,3200,2912
11331,287,3200,2913
11332,286,3200,2914
11333,286,3200,2914
11334,286,3200,2914
11335,285,3200,2915
11336,285,3200,2915
11337,285,3200,2915
11338,284,3200,2916
11339,284,3200,2916
11340,284,3200,2916
11341,283,3200,2917
11342,283,3200,2917
11343,282,3200,2918
11344,282,3200,2918
11345,281,3200,2919
11346,281,3200,2919
11347,280,3200,2920
11348,280,3200,2920
11349,280,3200,2920
11350,280,3200,2920
11351,280,3200,2920
11352,280,3200,2920
11353,280,3200,2920
11354,280,3200,2920
11355,280,3200,2920
11356,280,3200,2920
11357,280,3200,2920
11358,280,3200,2920
11359,280,3200,2920
11360,280,3200,2920
11361,280,3200,2920
11362,280,3200,2920
11363,280,3200,2920
11364,280,3200,2920
11365,280,3200,2920
11366,280,3200,2920
11367,280,3200,2920
11368,280,3200,2920
11369,280,3200,2920
11370,280,3200,2920
11371,279,3200,2921
11372,278,3200,2922
11373,278,3200,2922
11374,277,3200,2923
11375,277,3200,2923
11376,277,3200,2923
11377,276,3200,2924
11378,276,3200,2924
11379,276,3200,2924
11380,276,3200,2924
11381,275,3200,2925
11382,275,3200,2925
11383,274,3200,2926
11384,274,3200,2926
11385,274,3200,2926
11386,274,3200,2926
11387,274,3200,2926
11388,274,3200,2926
11389,274,3200,2926
11390,273,3200,2927
11391,273,3200,2927
11392,272,3200,2928
11393,272,3200,2928
11394,272,3200,2928
11395,272,3200,2928
11396,271,3200,2929
11397,271,3200,2929
11398,270,3200,2930
11399,270,3200,2930
11400,270,3200,2930
11401,270,3200,2930
11402,270,3200,2930
11403,270,3200,2930
11404,270,3200,2930
11405,270,3200,2930
11406,270,3200,2930
11407,270,3200,2930
11408,270,3200,2930
11409,270,3200,2930
11410,269,3200,2931
11411,268,3200,2932
11412,268,3200,2932
11413,268,3200,2932
11414,268,3200,2932
11415,267,3200,2933
11416,267,3200,2933
11417,267,3200,2933
11418,267,3200,2933
11419,267,3200,2933
11420,267,3200,2933
11421,267,3200,2933
11422,267,3200,2933
11423,267,3200,2933
11424,267,3200,2933
11425,267,3200,2933
11426,267,3200,2933
11427,267,3200,2933
11428,267,3200,2933
11429,267,3200,2933
11430,267,3200,2933
11431,267,3200,2933
11432,266,3200,2934
11433,266,3200,2934
11434,266,3200,2934
11435,266,3200,2934
11436,266,3200,2934
11437,266,3200,2934
11438,265,3200,2935
11439,265,3200,2935
11440,265,3200,2935
11441,265,3200,2935
11442,265,3200,2935
11443,265,3200,2935
11444,265,3200,2935
11445,265,3200,2935
11446,264,3200,2936
11447,264,3200,2936
11448,263,3200,2937
11449,263,3200,2937
11450,263,3200,2937
11451,263,3200,2937
11452,263,3200,2937
11453,263,3200,2937
11454,262,3200,2938
11455,261,3200,2939
11456,261,3200,2939
11457,261,3200,2939
11458,260,3200,2940
11459,260,3200,2940
11460,260,3200,2940
11461,259,3200,2941
11462,258,3200,2942
11463,258,3200,2942
11464,258,3200,2942
11465,258,3200,2942
11466,258,3200,2942
11467,258,3200,2942
11468,257,3200,2943
11469,257,3200,2943
11470,257,3200,2943
11471,256,3200,2944
11472,256,3200,2944
11473,255,3200,2945
11474,255,3200,2945
11475,254,3200,2946
11476,254,3200,2946
11477,253,3200,2947
11478,253,3200,2947
11479,253,3200,2947
11480,253,3200,2947
11481,252,3200,2948
11482,251,3200,2949
11483,251,3200,2949
11484,250,3200,2950
11485,250,3200,2950
11486,250,3200,2950
11487,250,3200,2950
11488,249,3200,2951
11489,249,3200,2951
11490,248,3200,2952
11491,248,3200,2952
11492,248,3200,2952
11493,247,3200,2953
11494,247,3200,2953
11495,247,3200,2953
11496,247,3200,2953
11497,247,3200,2953
11498,247,3200,2953
11499,246,3200,2954
11500,246,3200,2954
11501,246,3200,2954
11502,246,3200,2954
11503,246,3200,2954
11504,245,3200,2955
11505,245,3200,2955
11506,245,3200,2955
11507,244,3200,2956
11508,244,3200,2956
11509,244,3200,2956
11510,244,3200,2956
11511,243,3200,2957
11512,243,3200,2957
11513,242,3200,2958
11514,242,3200,2958
11515,242,3200,2958
11516,241,3200,2959
11517,241,3200,2959
11518,241,3200,2959
11519,241,3200,2959
11520,241,3200,2959
11521,241,3200,2959
11522,241,3200,2959
11523,241,3200,2959
11524,241,3200,2959
11525,241,3200,2959
11526,241,3200,2959
11527,241,3200,2959
11528,241,3200,2959
11529,240,3200,2960
11530,240,3200,2960
11531,240,3200,2960
11532,239,3200,2961
11533,239,3200,2961
11534,238,3200,2962
11535,237,3200,2963
11536,237,3200,2963
11537,236,3200,2964
11538,236,3200,2964
11539,236,3200,2964
11540,235,3200,2965
11541,235,3200,2965
11542,233,3200,2967
11543,233,3200,2967
11544,233,3200,2967
11545,232,3200,2968
11546,231,3200,2969
11547,231,3200,2969
11548,230,3200,2970
11549,230,3200,2970
11550,229,3200,2971
11551,228,3200,2972
11552,228,3200,2972
11553,228,3200,2972
11554,228,3200,2972
11555,228,3200,2972
11556,228,3200,2972
11557,228,3200,2972
11558,228,3200,2972
11559,228,3200,2972
11560,226,3200,2974
11561,226,3200,2974
11562,225,3200,2975
11563,224,3200,2976
11564,223,3200,2977
11565,223,3200,2977
11566,223,3200,2977
11567,223,3200,2977
11568,221,3200,2979
11569,221,3200,2979
11570,220,3200,2980
11571,219,3200,2981
11572,218,3200,2982
11573,218,3200,2982
11574,218,3200,2982
11575,216,3200,2984
11576,216,3200,2984
11577,215,3200,2985
11578,215,3200,2985
11579,214,3200,2986
11580,213,3200,2987
11581,213,3200,2987
11582,212,3200,2988
11583,211,3200,2989
11584,211,3200,2989
11585,211,3200,2989
11586,209,3200,2991
11587,208,3200,2992
11588,208,3200,2992
11589,208,3200,2992
11590,208,3200,2992
11591,208,3200,2992
11592,207,3200,2993
11593,207,3200,2993
11594,206,3200,2994
11595,206,3200,2994
11596,206,3200,2994
11597,206,3200,2994
11598,206,3200,2994
11599,206,3200,2994
11600,205,3200,2995
11601,205,3200,2995
11602,205,3200,2995
11603,203,3200,2997
11604,202,3200,2998
11605,201,3200,2999
11606,201,3200,2999
11607,201,3200,2999
11608,201,3200,2999
11609,200,3200,3000
11610,200,3200,3000
11611,199,3200,3001
11612,199,3200,3001
11613,199,3200,3001
11614,199,3200,3001
11615,199,3200,3001
11616,198,3200,3002
11617,197,3200,3003
11618,196,3200,3004
11619,196,3200,3004
11620,194,3200,3006
11621,194,3200,3006
11622,193,3200,3007
11623,193,3200,3007
11624,193,3200,3007
11625,192,3200,3008
11626,192,3200,3008
11627,192,3200,3008
11628,191,3200,3009
11629,191,3200,3009
11630,191,3200,3009
11631,191,3200,3009
11632,190,3200,3010
11633,189,3200,3011
11634,189,3200,3011
11635,188,3200,3012
11636,187,3200,3013
11637,187,3200,3013
11638,187,3200,3013
11639,185,3200,3015
11640,184,3200,3016
11641,184,3200,3016
11642,183,3200,3017
11643,183,3200,3017
11644,183,3200,3017
11645,182,3200,3018
11646,182,3200,3018
11647,181,3200,3019
11648,180,3200,3020
11649,180,3200,3020
11650,180,3200,3020
11651,180,3200,3020
11652,180,3200,3020
11653,179,3200,3021
11654,178,3200,3022
11655,177,3200,3023
11656,176,3200,3024
11657,176,3200,3024
11658,176,3200,3024
11659,175,3200,3025
11660,175,3200,3025
11661,174,3200,3026
11662,173,3200,3027
11663,172,3200,3028
11664,172,3200,3028
11665,172,3200,3028
11666,172,3200,3028
11667,171,3200,3029
11668,171,3200,3029
11669,170,3200,3030
11670,169,3200,3031
11671,169,3200,3031
11672,169,3200,3031
11673,168,3200,3032
11674,167,3200,3033
11675,167,3200,3033
11676,167,3200,3033
11677,166,3200,3034
11678,165,3200,3035
11679,165,3200,3035
11680,165,3200,3035
11681,164,3200,3036
11682,164,3200,3036
11683,164,3200,3036
11684,163,3200,3037
11685,162,3200,3038
11686,162,3200,3038
11687,162,3200,3038
11688,161,3200,3039
11689,161,3200,3039
11690,160,3200,3040
11691,160,3200,3040
11692,160,3200,3040
11693,160,3200,3040
11694,158,3200,3042
11695,158,3200,3042
11696,157,3200,3043
11697,157,3200,3043
11698,156,3200,3044
11699,155,3200,3045
11700,155,3200,3045
11701,155,3200,3045
11702,155,3200,3045
11703,155,3200,3045
11704,155,3200,3045
11705,155,3200,3045
11706,155,3200,3045
11707,154,3200,3046
11708,154,3200,3046
11709,154,3200,3046
11710,153,3200,3047
11711,151,3200,3049
11712,151,3200,3049
11713,150,3200,3050
11714,149,3200,3051
11715,149,3200,3051
11716,148,3200,3052
11717,148,3200,3052
11718,148,3200,3052
11719,147,3200,3053
11720,147,3200,3053
11721,146,3200,3054
11722,146,3200,3054
11723,146,3200,3054
11724,145,3200,3055
11725,145,3200,3055
11726,144,3200,3056
11727,144,3200,3056
11728,143,3200,3057
11729,143,3200,3057
11730,143,3200,3057
11731,143,3200,3057
11732,143,3200,3057
11733,142,3200,3058
11734,141,3200,3059
11735,140,3200,3060
11736,140,3200,3060
11737,139,3200,3061
11738,138,3200,3062
11739,138,3200,3062
11740,137,3200,3063
11741,136,3200,3064
11742,136,3200,3064
11743,135,3200,3065
11744,135,3200,3065
11745,135,3200,3065
11746,134,3200,3066
11747,134,3200,3066
11748,134,3200,3066
11749,133,3200,3067
11750,133,3200,3067
11751,132,3200,3068
11752,132,3200,3068
11753,132,3200,3068
11754,130,3200,3070
11755,130,3200,3070
11756,130,3200,3070
11757,129,3200,3071
11758,129,3200,3071
11759,128,3200,3072
11760,128,3200,3072
11761,128,3200,3072
11762,128,3200,3072
11763,128,3200,3072
11764,127,3200,3073
11765,127,3200,3073
11766,127,3200,3073
11767,127,3200,3073
11768,126,3200,3074
11769,126,3200,3074
11770,126,3200,3074
11771,125,3200,3075
11772,125,3200,3075
11773,124,3200,3076
11774,124,3200,3076
11775,122,3200,3078
11776,121,3200,3079
11777,121,3200,3079
11778,120,3200,3080
11779,119,3200,3081
11780,118,3200,3082
11781,118,3200,3082
11782,118,3200,3082
11783,118,3200,3082
11784,117,3200,3083
11785,117,3200,3083
11786,116,3200,3084
11787,115,3200,3085
11788,115,3200,3085
11789,115,3200,3085
11790,115,3200,3085
11791,114,3200,3086
11792,113,3200,3087
11793,113,3200,3087
11794,113,3200,3087
11795,111,3200,3089
11796,110,3200,3090
11797,109,3200,3091
11798,108,3200,3092
11799,108,3200,3092
11800,108,3200,3092
11801,107,3200,3093
11802,106,3200,3094
11803,106,3200,3094
11804,105,3200,3095
11805,105,3200,3095
11806,105,3200,3095
11807,105,3200,3095
11808,104,3200,3096
11809,102,3200,3098
11810,101,3200,3099
11811,101,3200,3099
11812,101,3200,3099
11813,101,3200,3099
11814,101,3200,3099
11815,101,3200,3099
11816,101,3200,3099
11817,99,3200,3101
11818,99,3200,3101
11819,98,3200,3102
11820,98,3200,3102
11821,98,3200,3102
11822,98,3200,3102
11823,98,3200,3102
11824,98,3200,3102
11825,98,3200,3102
11826,98,3200,3102
11827,98,3200,3102
11828,98,3200,3102
11829,97,3200,3103
11830,96,3200,3104
11831,96,3200,3104
11832,96,3200,3104
11833,95,3200,3105
11834,95,3200,3105
11835,95,3200,3105
11836,95,3200,3105
11837,95,3200,3105
11838,95,3200,3105
11839,95,3200,3105
11840,95,3200,3105
11841,94,3200,3106
11842,93,3200,3107
11843,93,3200,3107
11844,93,3200,3107
11845,93,3200,3107
11846,93,3200,3107
11847,92,3200,3108
11848,91,3200,3109
11849,91,3200,3109
11850,91,3200,3109
11851,91,3200,3109
11852,91,3200,3109
11853,90,3200,3110
11854,90,3200,3110
11855,89,3200,3111
11856,89,3200,3111
11857,89,3200,3111
11858,89,3200,3111
11859,88,3200,3112
11860,88,3200,3112
11861,88,3200,3112
11862,87,3200,3113
11863,87,3200,3113
11864,87,3200,3113
11865,87,3200,3113
11866,87,3200,3113
11867,87,3200,3113
11868,86,3200,3114
11869,86,3200,3114
11870,86,3200,3114
11871,86,3200,3114
11872,85,3200,3115
11873,85,3200,3115
11874,85,3200,3115
11875,85,3200,3115
11876,85,3200,3115
11877,85,3200,3115
11878,85,3200,3115
11879,85,3200,3115
11880,84,3200,3116
11881,84,3200,3116
11882,84,3200,3116
11883,84,3200,3116
11884,84,3200,3116
11885,83,3200,3117
11886,83,3200,3117
11887,83,3200,3117
11888,83,3200,3117
11889,82,3200,3118
11890,82,3200,3118
11891,81,3200,3119
11892,81,3200,3119
11893,81,3200,3119
11894,81,3200,3119
11895,80,3200,3120
11896,80,3200,3120
11897,80,3200,3120
11898,80,3200,3120
11899,80,3200,3120
11900,79,3200,3121
11901,79,3200,3121
11902,79,3200,3121
11903,79,3200,3121
11904,79,3200,3121
11905,79,3200,3121
11906,78,3200,3122
11907,78,3200,3122
11908,78,3200,3122
11909,78,3200,3122
11910,77,3200,3123
11911,77,3200,3123
11912,77,3200,3123
11913,76,3200,3124
11914,76,3200,3124
11915,75,3200,3125
11916,75,3200,3125
11917,74,3200,3126
11918,74,3200,3126
11919,73,3200,3127
11920,73,3200,3127
11921,73,3200,3127
11922,72,3200,3128
11923,71,3200,3129
11924,71,3200,3129
11925,70,3200,3130
11926,70,3200,3130
11927,70,3200,3130
11928,70,3200,3130
11929,70,3200,3130
11930,69,3200,3131
11931,69,3200,3131
11932,69,3200,3131
11933,68,3200,3132
11934,68,3200,3132
11935,68,3200,3132
11936,68,3200,3132
11937,68,3200,3132
11938,68,3200,3132
11939,68,3200,3132
11940,68,3200,3132
11941,66,3200,3134
11942,66,3200,3134
11943,66,3200,3134
11944,65,3200,3135
11945,65,3200,3135
11946,65,3200,3135
11947,65,3200,3135
11948,65,3200,3135
11949,65,3200,3135
11950,65,3200,3135
11951,64,3200,3136
11952,63,3200,3137
11953,63,3200,3137
11954,63,3200,3137
11955,63,3200,3137
11956,63,3200,3137
11957,63,3200,3137
11958,63,3200,3137
11959,62,3200,3138
11960,61,3200,3139
11961,61,3200,3139
11962,61,3200,3139
11963,61,3200,3139
11964,61,3200,3139
11965,61,3200,3139
11966,61,3200,3139
11967,60,3200,3140
11968,60,3200,3140
11969,60,3200,3140
11970,60,3200,3140
11971,60,3200,3140
11972,60,3200,3140
11973,60,3200,3140
11974,60,3200,3140
11975,59,3200,3141
11976,59,3200,3141
11977,59,3200,3141
11978,59,3200,3141
11979,59,3200,3141
11980,59,3200,3141
11981,59,3200,3141
11982,58,3200,3142
11983,58,3200,3142
11984,58,3200,3142
11985,58,3200,3142
11986,58,3200,3142
11987,58,3200,3142
11988,58,3200,3142
11989,58,3200,3142
11990,58,3200,3142
11991,58,3200,3142
11992,58,3200,3142
11993,58,3200,3142
11994,57,3200,3143
11995,57,3200,3143
11996,57,3200,3143
11997,57,3200,3143
11998,57,3200,3143
11999,56,3200,3144
12000,56,3200,3144
12001,55,3200,3145
12002,55,3200,3145
12003,55,3200,3145
12004,54,3200,3146
12005,54,3200,3146
12006,54,3200,3146
12007,54,3200,3146
12008,53,3200,3147
12009,53,3200,3147
12010,53,3200,3147
12011,52,3200,3148
12012,52,3200,3148
12013,52,3200,3148
12014,52,3200,3148
12015,51,3200,3149
12016,51,3200,3149
12017,51,3200,3149
12018,51,3200,3149
12019,51,3200,3149
12020,50,3200,3150
12021,50,3200,3150
12022,50,3200,3150
12023,49,3200,3151
12024,49,3200,3151
12025,49,3200,3151
12026,48,3200,3152
12027,48,3200,3152
12028,48,3200,3152
12029,48,3200,3152
12030,48,3200,3152
12031,48,3200,3152
12032,48,3200,3152
12033,47,3200,3153
12034,47,3200,3153
12035,47,3200,3153
12036,46,3200,3154
12037,46,3200,3154
12038,46,3200,3154
12039,45,3200,3155
12040,45,3200,3155
12041,45,3200,3155
12042,45,3200,3155
12043,45,3200,3155
12044,45,3200,3155
12045,45,3200,3155
12046,45,3200,3155
12047,45,3200,3155
12048,45,3200,3155
12049,45,3200,3155
12050,45,3200,3155
12051,45,3200,3155
12052,45,3200,3155
12053,45,3200,3155
12054,45,3200,3155
12055,45,3200,3155
12056,45,3200,3155
12057,45,3200,3155
12058,45,3200,3155
12059,45,3200,3155
12060,45,3200,3155
12061,45,3200,3155
12062,45,3200,3155
12063,45,3200,3155
12064,45,3200,3155
12065,45,3200,3155
12066,45,3200,3155
12067,45,3200,3155
12068,45,3200,3155
12069,45,3200,3155
12070,45,3200,3155
12071,45,3200,3155
12072,45,3200,3155
12073,45,3200,3155
12074,45,3200,3155
12075,45,3200,3155
12076,45,3200,3155
12077,45,3200,3155
12078,45,3200,3155
12079,45,3200,3155
12080,45,3200,3155
12081,45,3200,3155
12082,45,3200,3155
12083,45,3200,3155
12084,45,3200,3155
12085,45,3200,3155
12086,45,3200,3155
12087,45,3200,3155
12088,45,3200,3155
12089,45,3200,3155
12090,45,3200,3155
12091,45,3200,3155
12092,45,3200,3155
12093,45,3200,3155
12094,45,3200,3155
12095,45,3200,3155
12096,45,3200,3155
12097,45,3200,3155
12098,45,3200,3155
12099,45,3200,3155
12100,45,3200,3155
12101,45,3200,3155
12102,45,3200,3155
12103,45,3200,3155
12104,45,3200,3155
12105,45,3200,3155
12106,45,3200,3155
12107,45,3200,3155
12108,45,3200,3155
12109,45,3200,3155
12110,45,3200,3155
12111,45,3200,3155
12112,45,3200,3155
12113,45,3200,3155
12114,45,3200,3155
12115,45,3200,3155
12116,45,3200,3155
12117,45,3200,3155
12118,45,3200,3155
12119,45,3200,3155
12120,45,3200,3155
12121,45,3200,3155
12122,45,3200,3155
12123,45,3200,3155
12124,45,3200,3155
12125,45,3200,3155
12126,45,3200,3155
12127,45,3200,3155
12128,45,3200,3155
12129,45,3200,3155
12130,45,3200,3155
12131,45,3200,3155
12132,45,3200,3155
12133,45,3200,3155
12134,45,3200,3155
12135,45,3200,3155
12136,45,3200,3155
12137,45,3200,3155
12138,45,3200,3155
12139,45,3200,3155
12140,45,3200,3155
12141,45,3200,3155
12142,45,3200,3155
12143,45,3200,3155
12144,45,3200,3155
12145,45,3200,3155
12146,45,3200,3155
12147,45,3200,3155
12148,45,3200,3155
12149,45,3200,3155
12150,45,3200,3155
12151,45,3200,3155
12152,45,3200,3155
12153,45,3200,3155
12154,45,3200,3155
12155,45,3200,3155
12156,45,3200,3155
12157,45,3200,3155
12158,45,3200,3155
12159,45,3200,3155
12160,45,3200,3155
12161,45,3200,3155
12162,45,3200,3155
12163,45,3200,3155
12164,45,3200,3155
12165,45,3200,3155
12166,45,3200,3155
12167,45,3200,3155
12168,45,3200,3155
12169,45,3200,3155
12170,45,3200,3155
12171,45,3200,3155
12172,45,3200,3155
12173,45,3200,3155
12174,45,3200,3155
12175,45,3200,3155
12176,45,3200,3155
12177,45,3200,3155
12178,45,3200,3155
12179,45,3200,3155
12180,45,3200,3155
12181,45,3200,3155
12182,45,3200,3155
12183,45,3200,3155
12184,45,3200,3155
12185,45,3200,3155
12186,45,3200,3155
12187,45,3200,3155
12188,45,3200,3155
12189,45,3200,3155
12190,45,3200,3155
12191,45,3200,3155
12192,45,3200,3155
12193,45,3200,3155
12194,45,3200,3155
12195,45,3200,3155
12196,45,3200,3155
12197,45,3200,3155
12198,45,3200,3155
12199,45,3200,3155
12200,45,3200,3155
12201,45,3200,3155
12202,45,3200,3155
12203,45,3200,3155
12204,45,3200,3155
12205,44,3200,3156
12206,44,3200,3156
12207,44,3200,3156
12208,44,3200,3156
12209,44,3200,3156
12210,44,3200,3156
12211,44,3200,3156
12212,44,3200,3156
12213,44,3200,3156
12214,44,3200,3156
12215,44,3200,3156
12216,44,3200,3156
12217,44,3200,3156
12218,44,3200,3156
12219,44,3200,3156
12220,44,3200,3156
12221,44,3200,3156
12222,44,3200,3156
12223,44,3200,3156
12224,44,3200,3156
12225,44,3200,3156
12226,44,3200,3156
12227,44,3200,3156
12228,44,3200,3156
12229,44,3200,3156
12230,44,3200,3156
12231,44,3200,3156
12232,44,3200,3156
12233,44,3200,3156
12234,44,3200,3156
12235,44,3200,3156
12236,44,3200,3156
12237,44,3200,3156
12238,44,3200,3156
12239,44,3200,3156
12240,44,3200,3156
12241,44,3200,3156
12242,44,3200,3156
12243,44,3200,3156
12244,44,3200,3156
12245,44,3200,3156
12246,44,3200,3156
12247,44,3200,3156
12248,44,3200,3156
12249,44,3200,3156
12250,44,3200,3156
12251,44,3200,3156
12252,44,3200,3156
12253,44,3200,3156
12254,44,3200,3156
12255,44,3200,3156
12256,44,3200,3156
12257,44,3200,3156
12258,44,3200,3156
12259,44,3200,3156
12260,44,3200,3156
12261,44,3200,3156
12262,44,3200,3156
12263,44,3200,3156
12264,44,3200,3156
12265,44,3200,3156
12266,44,3200,3156
12267,44,3200,3156
12268,44,3200,3156
12269,44,3200,3156
12270,44,3200,3156
12271,44,3200,3156
12272,44,3200,3156
12273,44,3200,3156
12274,44,3200,3156
12275,44,3200,3156
12276,44,3200,3156
12277,44,3200,3156
12278,44,3200,3156
12279,44,3200,3156
12280,44,3200,3156
12281,44,3200,3156
12282,44,3200,3156
12283,44,3200,3156
12284,44,3200,3156
12285,44,3200,3156
12286,44,3200,3156
12287,44,3200,3156
12288,44,3200,3156
12289,44,3200,3156
12290,44,3200,3156
12291,44,3200,3156
12292,44,3200,3156
12293,44,3200,3156
12294,44,3200,3156
12295,44,3200,3156
12296,44,3200,3156
12297,44,3200,3156
12298,44,3200,3156
12299,44,3200,3156
12300,44,3200,3156
12301,44,3200,3156
12302,44,3200,3156
12303,44,3200,3156
12304,44,3200,3156
12305,44,3200,3156
12306,44,3200,3156
12307,44,3200,3156
12308,44,3200,3156
12309,44,3200,3156
12310,44,3200,3156
12311,44,3200,3156
12312,44,3200,3156
12313,44,3200,3156
12314,44,3200,3156
12315,44,3200,3156
12316,44,3200,3156
12317,44,3200,3156
12318,44,3200,3156
12319,44,3200,3156
12320,44,3200,3156
12321,44,3200,3156
12322,44,3200,3156
12323,44,3200,3156
12324,44,3200,3156
12325,44,3200,3156
12326,44,3200,3156
12327,44,3200,3156
12328,44,3200,3156
12329,44,3200,3156
12330,44,3200,3156
12331,44,3200,3156
12332,44,3200,3156
12333,44,3200,3156
12334,44,3200,3156
12335,44,3200,3156
12336,44,3200,3156
12337,44,3200,3156
12338,44,3200,3156
12339,44,3200,3156
12340,44,3200,3156
12341,44,3200,3156
12342,44,3200,3156
12343,44,3200,3156
12344,44,3200,3156
12345,44,3200,3156
12346,44,3200,3156
12347,44,3200,3156
12348,44,3200,3156
12349,44,3200,3156
12350,44,3200,3156
12351,44,3200,3156
12352,44,3200,3156
12353,44,3200,3156
12354,44,3200,3156
12355,44,3200,3156
12356,44,3200,3156
12357,44,3200,3156
12358,44,3200,3156
12359,44,3200,3156
12360,44,3200,3156
12361,44,3200,3156
12362,44,3200,3156
12363,44,3200,3156
12364,44,3200,3156
12365,44,3200,3156
12366,44,3200,3156
12367,44,3200,3156
12368,44,3200,3156
12369,44,3200,3156
12370,44,3200,3156
12371,44,3200,3156
12372,44,3200,3156
12373,44,3200,3156
12374,44,3200,3156
12375,44,3200,3156
12376,44,3200,3156
12377,44,3200,3156
12378,43,3200,3157
12379,43,3200,3157
12380,42,3200,3158
12381,42,3200,3158
12382,42,3200,3158
12383,42,3200,3158
12384,41,3200,3159
12385,41,3200,3159
12386,41,3200,3159
12387,40,3200,3160
12388,39,3200,3161
12389,39,3200,3161
12390,39,3200,3161
12391,39,3200,3161
12392,38,3200,3162
12393,38,3200,3162
12394,38,3200,3162
12395,38,3200,3162
12396,38,3200,3162
12397,37,3200,3163
12398,37,3200,3163
12399,37,3200,3163
12400,37,3200,3163
12401,37,3200,3163
12402,37,3200,3163
12403,37,3200,3163
12404,37,3200,3163
12405,37,3200,3163
12406,36,3200,3164
12407,36,3200,3164
12408,36,3200,3164
12409,35,3200,3165
12410,35,3200,3165
12411,34,3200,3166
12412,34,3200,3166
12413,34,3200,3166
12414,34,3200,3166
12415,34,3200,3166
12416,33,3200,3167
12417,32,3200,3168
12418,32,3200,3168
12419,32,3200,3168
12420,32,3200,3168
12421,32,3200,3168
12422,32,3200,3168
12423,32,3200,3168
12424,31,3200,3169
12425,31,3200,3169
12426,31,3200,3169
12427,31,3200,3169
12428,31,3200,3169
12429,31,3200,3169
12430,31,3200,3169
12431,31,3200,3169
12432,31,3200,3169
12433,31,3200,3169
12434,30,3200,3170
12435,30,3200,3170
12436,29,3200,3171
12437,29,3200,3171
12438,29,3200,3171
12439,29,3200,3171
12440,29,3200,3171
12441,29,3200,3171
12442,29,3200,3171
12443,28,3200,3172
12444,28,3200,3172
12445,28,3200,3172
12446,28,3200,3172
12447,27,3200,3173
12448,27,3200,3173
12449,27,3200,3173
12450,27,3200,3173
12451,27,3200,3173
12452,27,3200,3173
12453,27,3200,3173
12454,27,3200,3173
12455,27,3200,3173
12456,27,3200,3173
12457,27,3200,3173
12458,27,3200,3173
12459,27,3200,3173
12460,27,3200,3173
12461,27,3200,3173
12462,27,3200,3173
12463,27,3200,3173
12464,27,3200,3173
12465,27,3200,3173
12466,27,3200,3173
12467,27,3200,3173
12468,27,3200,3173
12469,26,3200,3174
12470,26,3200,3174
12471,26,3200,3174
12472,26,3200,3174
12473,25,3200,3175
12474,25,3200,3175
12475,25,3200,3175
12476,25,3200,3175
12477,25,3200,3175
12478,25,3200,3175
12479,25,3200,3175
12480,25,3200,3175
12481,24,3200,3176
12482,24,3200,3176
12483,24,3200,3176
12484,24,3200,3176
12485,24,3200,3176
12486,24,3200,3176
12487,24,3200,3176
12488,24,3200,3176
12489,23,3200,3177
12490,22,3200,3178
12491,21,3200,3179
12492,20,3200,3180
12493,20,3200,3180
12494,19,3200,3181
12495,19,3200,3181
12496,19,3200,3181
12497,18,3200,3182
12498,18,3200,3182
12499,18,3200,3182
12500,18,3200,3182
12501,18,3200,3182
12502,18,3200,3182
12503,17,3200,3183
12504,17,3200,3183
12505,16,3200,3184
12506,15,3200,3185
12507,15,3200,3185
12508,15,3200,3185
12509,15,3200,3185
12510,14,3200,3186
12511,14,3200,3186
12512,14,3200,3186
12513,14,3200,3186
12514,14,3200,3186
12515,14,3200,3186
12516,14,3200,3186
12517,13,3200,3187
12518,13,3200,3187
12519,13,3200,3187
12520,12,3200,3188
12521,12,3200,3188
12522,12,3200,3188
12523,12,3200,3188
12524,12,3200,3188
12525,12,3200,3188
12526,12,3200,3188
12527,12,3200,3188
12528,12,3200,3188
12529,12,3200,3188
12530,12,3200,3188
12531,11,3200,3189
12532,11,3200,3189
12533,10,3200,3190
12534,9,3200,3191
12535,9,3200,3191
12536,9,3200,3191
12537,8,3200,3192
12538,8,3200,3192
12539,7,3200,3193
12540,7,3200,3193
12541,6,3200,3194
12542,5,3200,3195
12543,5,3200,3195
12544,5,3200,3195
12545,5,3200,3195
12546,5,3200,3195
12547,5,3200,3195
12548,4,3200,3196
12549,4,3200,3196
12550,3,3200,3197
12551,3,3200,3197
12552,3,3200,3197
12553,3,3200,3197
12554,3,3200,3197
12555,3,3200,3197
12556,3,3200,3197
12557,3,3200,3197
12558,3,3200,3197
12559,3,3200,3197
12560,2,3200,3198
12561,2,3200,3198
12562,1,3200,3199
12563,0,3200,3200
12564,0,3200,3200
12565,0,3200,3200
12566,0,3200,3200
12567,0,3200,3200
12568,0,3200,3200
12569,0,3200,3200
12570,0,3200,3200
12571,0,3200,3200
12572,0,3200,3200
12573,0,3200,3200
12574,0,3200,3200
12575,0,3200,3200
12576,0,3200,3200
12577,0,3200,3200
12578,0,3200,3200
12579,0,3200,3200
12580,0,3200,3200
12581,0,3200,3200
12582,0,3200,3200
12583,0,3200,3200
12584,0,3200,3200
12585,0,3200,3200
12586,0,3200,3200
12587,0,3200,3200
12588,0,3200,3200
12589,0,3200,3200
12590,0,3200,3200
12591,0,3200,3200
12592,0,3200,3200
12593,0,3200,3200
12594,0,3200,3200
12595,0,3200,3200
12596,0,3200,3200
12597,0,3200,3200
12598,0,3200,3200
12599,0,3200,3200
12600,0,3200,3200
12601,0,3200,3200
12602,0,3200,3200
12603,0,3200,3200
12604,0,3200,3200
12605,0,3200,3200
12606,0,3200,3200
12607,0,3200,3200
12608,0,3200,3200
12609,0,3200,3200
12610,0,3200,3200
12611,0,3200,3200
12612,0,3200,3200
12613,0,3200,3200
12614,0,3200,3200
12615,0,3200,3200
12616,0,3200,3200
12617,0,3200,3200
12618,0,3200,3200
12619,0,3200,3200
12620,0,3200,3200
12621,0,3200,3200
12622,0,3200,3200
12623,0,3200,3200
12624,0,3200,3200
12625,0,3200,3200
12626,0,3200,3200
12627,0,3200,3200
12628,0,3200,3200
12629,0,3200,3200
12630,0,3200,3200
12631,0,3200,3200
12632,0,3200,3200
12633,0,3200,3200
12634,0,3200,3200
12635,0,3200,3200
12636,0,3200,3200
12637,0,3200,3200
12638,0,3200,3200
12639,0,3200,3200
12640,0,3200,3200
12641,0,3200,3200
12642,0,3200,3200
12643,0,3200,3200
12644,0,3200,3200
12645,0,3200,3200
12646,0,3200,3200
12647,0,3200,3200
12648,0,3200,3200
12649,0,3200,3200
12650,0,3200,3200
12651,0,3200,3200
12652,0,3200,3200
12653,0,3200,3200
12654,0,3200,3200
12655,0,3200,3200
12656,0,3200,3200
12657,0,3200,3200
12658,0,3200,3200
12659,0,3200,3200
12660,0,3200,3200
12661,0,3200,3200
12662,0,3200,3200
12663,0,3200,3200
12664,0,3200,3200
12665,0,3200,3200
12666,0,3200,3200
12667,0,3200,3200
12668,0,3200,3200
12669,0,3200,3200
12670,0,3200,3200
12671,0,3200,3200
12672,0,3200,3200
12673,0,3200,3200
12674,0,3200,3200
12675,0,3200,3200
12676,0,3200,3200
12677,0,3200,3200
12678,0,3200,3200
12679,0,3200,3200
12680,0,3200,3200
12681,0,3200,3200
12682,0,3200,3200
12683,0,3200,3200
12684,0,3200,3200
12685,0,3200,3200
12686,0,3200,3200
12687,0,3200,3200
12688,0,3200,3200
12689,0,3200,3200
12690,0,3200,3200
12691,0,3200,3200
12692,0,3200,3200
12693,0,3200,3200
12694,0,3200,3200
12695,0,3200,3200
12696,0,3200,3200
12697,0,3200,3200
12698,0,3200,3200
12699,0,3200,3200
12700,0,3200,3200
12701,0,3200,3200
12702,0,3200,3200
12703,0,3200,3200
12704,0,3200,3200
12705,0,3200,3200
12706,0,3200,3200
12707,0,3200,3200
12708,0,3200,3200
12709,0,3200,3200
12710,0,3200,3200
12711,0,3200,3200
12712,0,3200,3200
12713,0,3200,3200
12714,0,3200,3200
12715,0,3200,3200
12716,0,3200,3200
12717,0,3200,3200
12718,0,3200,3200
12719,0,3200,3200
12720,0,3200,3200
12721,0,3200,3200
12722,0,3200,3200
12723,0,3200,3200
12724,0,3200,3200
12725,0,3200,3200
12726,0,3200,3200
12727,0,3200,3200
12728,0,3200,3200
12729,0,3200,3200
12730,0,3200,3200
12731,0,3200,3200
12732,0,3200,3200
12733,0,3200,3200
12734,0,3200,3200
12735,0,3200,3200
12736,0,3200,3200
12737,0,3200,3200
12738,0,3200,3200
12739,0,3200,3200
12740,0,3200,3200
12741,0,3200,3200
12742,0,3200,3200
12743,0,3200,3200
12744,0,3200,3200
12745,0,3200,3200
12746,0,3200,3200
12747,0,3200,3200
12748,0,3200,3200
12749,0,3200,3200
12750,0,3200,3200
12751,0,3200,3200
12752,0,3200,3200
12753,0,3200,3200
12754,0,3200,3200
12755,0,3200,3200
12756,0,3200,3200
12757,0,3200,3200
12758,0,3200,3200
12759,0,3200,3200
12760,0,3200,3200
12761,0,3200,3200
12762,0,3200,3200
12763,0,3200,3200
12764,0,3200,3200
12765,0,3200,3200
12766,0,3200,3200
12767,0,3200,3200
12768,0,3200,3200
12769,0,3200,3200
12770,0,3200,3200
12771,0,3200,3200
12772,0,3200,3200
12773,0,3200,3200
12774,0,3200,3200
12775,0,3200,3200
12776,0,3200,3200
12777,0,3200,3200
12778,0,3200,3200
12779,0,3200,3200
12780,0,3200,3200
12781,0,3200,3200
12782,0,3200,3200
12783,0,3200,3200
12784,0,3200,3200
12785,0,3200,3200
12786,0,3200,3200
12787,0,3200,3200
12788,0,3200,3200
12789,0,3200,3200
12790,0,3200,3200
12791,0,3200,3200
12792,0,3200,3200
12793,0,3200,3200
12794,0,3200,3200
12795,0,3200,3200
12796,0,3200,3200
12797,0,3200,3200
12798,0,3200,3200
12799,0,3200,3200
12800,0,3200,3200
12801,0,3200,3200
12802,0,3200,3200
12803,0,3200,3200
12804,0,3200,3200
12805,0,3200,3200
12806,0,3200,3200
12807,0,3200,3200
12808,0,3200,3200
12809,0,3200,3200
12810,0,3200,3200
12811,0,3200,3200
12812,0,3200,3200
12813,0,3200,3200
12814,0,3200,3200
12815,0,3200,3200
12816,0,3200,3200
12817,0,3200,3200
12818,0,3200,3200
12819,0,3200,3200
12820,0,3200,3200
12821,0,3200,3200
12822,0,3200,3200
12823,0,3200,3200
12824,0,3200,3200
12825,0,3200,3200
12826,0,3200,3200
12827,0,3200,3200
12828,0,3200,3200
12829,0,3200,3200
12830,0,3200,3200
12831,0,3200,3200
12832,0,3200,3200
12833,0,3200,3200
12834,0,3200,3200
12835,0,3200,3200
12836,0,3200,3200
12837,0,3200,3200
12838,0,3200,3200
12839,0,3200,3200
12840,0,3200,3200
12841,0,3200,3200
12842,0,3200,3200
12843,0,3200,3200
12844,0,3200,3200
12845,0,3200,3200
12846,0,3200,3200
12847,0,3200,3200
12848,0,3200,3200
12849,0,3200,3200
12850,0,3200,3200
12851,0,3200,3200
12852,0,3200,3200
12853,0,3200,3200
12854,0,3200,3200
12855,0,3200,3200
12856,0,3200,3200
12857,0,3200,3200
12858,0,3200,3200
12859,0,3200,3200
12860,0,3200,3200
12861,0,3200,3200
12862,0,3200,3200
12863,0,3200,3200
12864,0,3200,3200
12865,0,3200,3200
12866,0,3200,3200
12867,0,3200,3200
12868,0,3200,3200
12869,0,3200,3200
12870,0,3200,3200
12871,0,3200,3200
12872,0,3200,3200
12873,0,3200,3200
12874,0,3200,3200
12875,0,3200,3200
12876,0,3200,3200
12877,0,3200,3200
12878,0,3200,3200
12879,0,3200,3200
12880,0,3200,3200
12881,0,3200,3200
12882,0,3200,3200
12883,0,3200,3200
12884,0,3200,3200
12885,0,3200,3200
12886,0,3200,3200
12887,0,3200,3200
12888,0,3200,3200
12889,0,3200,3200
12890,0,3200,3200
12891,0,3200,3200
12892,0,3200,3200
12893,0,3200,3200
12894,0,3200,3200
12895,0,3200,3200
12896,0,3200,3200
12897,0,3200,3200
12898,0,3200,3200
12899,0,3200,3200
12900,0,3200,3200
12901,0,3200,3200
12902,0,3200,3200
12903,0,3200,3200
12904,0,3200,3200
12905,0,3200,3200
12906,0,3200,3200
12907,0,3200,3200
12908,0,3200,3200
12909,0,3200,3200
12910,0,3200,3200
12911,0,3200,3200
12912,0,3200,3200
12913,0,3200,3200
12914,0,3200,3200
12915,0,3200,3200
12916,0,3200,3200
12917,0,3200,3200
12918,0,3200,3200
12919,0,3200,3200
12920,0,3200,3200
12921,0,3200,3200
12922,0,3200,3200
12923,0,3200,3200
12924,0,3200,3200
12925,0,3200,3200
12926,0,3200,3200
12927,0,3200,3200
12928,0,3200,3200
12929,0,3200,3200
12930,0,3200,3200
12931,0,3200,3200
12932,0,3200,3200
12933,0,3200,3200
12934,0,3200,3200
12935,0,3200,3200
12936,0,3200,3200
12937,0,3200,3200
12938,0,3200,3200
12939,0,3200,3200
12940,0,3200,3200
12941,0,3200,3200
12942,0,3200,3200
12943,0,3200,3200
12944,0,3200,3200
12945,0,3200,3200
12946,0,3200,3200
12947,0,3200,3200
12948,0,3200,3200
12949,0,3200,3200
12950,0,3200,3200
12951,0,3200,3200
12952,0,3200,3200
12953,0,3200,3200
12954,0,3200,3200
12955,0,3200,3200
12956,0,3200,3200
12957,0,3200,3200
12958,0,3200,3200
12959,0,3200,3200
12960,0,3200,3200
12961,0,3200,3200
12962,0,3200,3200
12963,0,3200,3200
12964,0,3200,3200
12965,0,3200,3200
12966,0,3200,3200
12967,0,3200,3200
12968,0,3200,3200
12969,0,3200,3200
12970,0,3200,3200
12971,0,3200,3200
12972,0,3200,3200
12973,0,3200,3200
12974,0,3200,3200
12975,0,3200,3200
12976,0,3200,3200
12977,0,3200,3200
12978,0,3200,3200
12979,0,3200,3200
12980,0,3200,3200
12981,0,3200,3200
12982,0,3200,3200
12983,0,3200,3200
12984,0,3200,3200
12985,0,3200,3200
12986,0,3200,3200
12987,0,3200,3200
12988,0,3200,3200
12989,0,3200,3200
12990,0,3200,3200
12991,0,3200,3200
12992,0,3200,3200
12993,0,3200,3200
12994,0,3200,3200
12995,0,3200,3200
12996,0,3200,3200
12997,0,3200,3200
12998,0,3200,3200
12999,0,3200,3200
13000,0,3200,3200
13001,0,3200,3200
13002,0,3200,3200
13003,0,3200,3200
13004,0,3200,3200
13005,0,3200,3200
13006,0,3200,3200
13007,0,3200,3200
13008,0,3200,3200
13009,0,3200,3200
13010,0,3200,3200
13011,0,3200,3200
13012,0,3200,3200
13013,0,3200,3200
13014,0,3200,3200
13015,0,3200,3200
13016,0,3200,3200
13017,0,3200,3200
13018,0,3200,3200
13019,0,3200,3200
13020,0,3200,3200
13021,0,3200,3200
13022,0,3200,3200
13023,0,3200,3200
13024,0,3200,3200
13025,0,3200,3200
13026,0,3200,3200
13027,0,3200,3200
13028,0,3200,3200
13029,0,3200,3200
13030,0,3200,3200
13031,0,3200,3200
13032,0,3200,3200
13033,0,3200,3200
13034,0,3200,3200
13035,0,3200,3200
13036,0,3200,3200
13037,0,3200,3200
13038,0,3200,3200
13039,0,3200,3200
13040,0,3200,3200
13041,0,3200,3200
13042,0,3200,3200
13043,0,3200,3200
13044,0,3200,3200
13045,0,3200,3200
13046,0,3200,3200
13047,0,3200,3200
13048,0,3200,3200
13049,0,3200,3200
13050,0,3200,3200
13051,0,3200,3200
13052,0,3200,3200
13053,0,3200,3200
13054,0,3200,3200
13055,0,3200,3200
13056,0,3200,3200
13057,0,3200,3200
13058,0,3200,3200
13059,0,3200,3200
13060,0,3200,3200
13061,0,3200,3200
13062,0,3200,3200
13063,0,3200,3200
13064,0,3200,3200
13065,0,3200,3200
13066,0,3200,3200
13067,0,3200,3200
13068,0,3200,3200
13069,0,3200,3200
13070,0,3200,3200
13071,0,3200,3200
13072,0,3200,3200
13073,0,3200,3200
13074,0,3200,3200
13075,0,3200,3200
13076,0,3200,3200
13077,0,3200,3200
13078,0,3200,3200
13079,0,3200,3200
13080,0,3200,3200
13081,0,3200,3200
13082,0,3200,3200
13083,0,3200,3200
13084,0,3200,3200
13085,0,3200,3200
13086,0,3200,3200
13087,0,3200,3200
13088,0,3200,3200
13089,0,3200,3200
13090,0,3200,3200
13091,0,3200,3200
13092,0,3200,3200
13093,0,3200,3200
13094,0,3200,3200
13095,0,3200,3200
13096,0,3200,3200
13097,0,3200,3200
13098,0,3200,3200
13099,0,3200,3200
13100,0,3200,3200
13101,0,3200,3200
13102,0,3200,3200
13103,0,3200,3200
13104,0,3200,3200
13105,0,3200,3200
13106,0,3200,3200
13107,0,3200,3200
13108,0,3200,3200
13109,0,3200,3200
13110,0,3200,3200
13111,0,3200,3200
13112,0,3200,3200
13113,0,3200,3200
13114,0,3200,3200
13115,0,3200,3200
13116,0,3200,3200
13117,0,3200,3200
13118,0,3200,3200
13119,0,3200,3200
13120,0,3200,3200
13121,0,3200,3200
13122,0,3200,3200
13123,0,3200,3200
13124,0,3200,3200
13125,0,3200,3200
13126,0,3200,3200
13127,0,3200,3200
13128,0,3200,3200
13129,0,3200,3200
13130,0,3200,3200
13131,0,3200,3200
13132,0,3200,3200
13133,0,3200,3200
13134,0,3200,3200
13135,0,3200,3200
13136,0,3200,3200
13137,0,3200,3200
13138,0,3200,3200
13139,0,3200,3200
13140,0,3200,3200
13141,0,3200,3200
13142,0,3200,3200
13143,0,3200,3200
13144,0,3200,3200
13145,0,3200,3200
13146,0,3200,3200
13147,0,3200,3200
13148,0,3200,3200
13149,0,3200,3200
13150,0,3200,3200
13151,0,3200,3200
13152,0,3200,3200
13153,0,3200,3200
13154,0,3200,3200
13155,0,3200,3200
13156,0,3200,3200
13157,0,3200,3200
13158,0,3200,3200
13159,0,3200,3200
13160,0,3200,3200
13161,0,3200,3200
13162,0,3200,3200
13163,0,3200,3200
13164,0,3200,3200
13165,0,3200,3200
13166,0,3200,3200
13167,0,3200,3200
13168,0,3200,3200
13169,0,3200,3200
13170,0,3200,3200
13171,0,3200,3200
13172,0,3200,3200
13173,0,3200,3200
13174,0,3200,3200
13175,0,3200,3200
13176,0,3200,3200
13177,0,3200,3200
13178,0,3200,3200
13179,0,3200,3200
13180,0,3200,3200
13181,0,3200,3200
13182,0,3200,3200
13183,0,3200,3200
13184,0,3200,3200
13185,0,3200,3200
13186,0,3200,3200
13187,0,3200,3200
13188,0,3200,3200
13189,0,3200,3200
13190,0,3200,3200
13191,0,3200,3200
13192,0,3200,3200
13193,0,3200,3200
13194,0,3200,3200
13195,0,3200,3200
13196,0,3200,3200
13197,0,3200,3200
13198,0,3200,3200
13199,0,3200,3200
13200,0,3200,3200
13201,0,3200,3200
13202,0,3200,3200
13203,0,3200,3200
13204,0,3200,3200
13205,0,3200,3200
13206,0,3200,3200
13207,0,3200,3200
13208,0,3200,3200
13209,0,3200,3200
13210,0,3200,3200
13211,0,3200,3200
13212,0,3200,3200
13213,0,3200,3200
13214,0,3200,3200
13215,0,3200,3200
13216,0,3200,3200
13217,0,3200,3200
13218,0,3200,3200
13219,0,3200,3200
13220,0,3200,3200
13221,0,3200,3200
13222,0,3200,3200
13223,0,3200,3200
13224,0,3200,3200
13225,0,3200,3200
13226,0,3200,3200
13227,0,3200,3200
13228,0,3200,3200
13229,0,3200,3200
13230,0,3200,3200
13231,0,3200,3200
13232,0,3200,3200
13233,0,3200,3200
13234,0,3200,3200
13235,0,3200,3200
13236,0,3200,3200
13237,0,3200,3200
13238,0,3200,3200
13239,0,3200,3200
13240,0,3200,3200
13241,0,3200,3200
13242,0,3200,3200
13243,0,3200,3200
13244,0,3200,3200
13245,0,3200,3200
13246,0,3200,3200
13247,0,3200,3200
13248,0,3200,3200
13249,0,3200,3200
13250,0,3200,3200
13251,0,3200,3200
13252,0,3200,3200
13253,0,3200,3200
13254,0,3200,3200
13255,0,3200,3200
13256,0,3200,3200
13257,0,3200,3200
13258,0,3200,3200
13259,0,3200,3200
13260,0,3200,3200
13261,0,3200,3200
13262,0,3200,3200
13263,0,3200,3200
13264,0,3200,3200
13265,0,3200,3200
13266,0,3200,3200
13267,0,3200,3200
13268,0,3200,3200
13269,0,3200,3200
13270,0,3200,3200
13271,0,3200,3200
13272,0,3200,3200
13273,0,3200,3200
13274,0,3200,3200
13275,0,3200,3200
13276,0,3200,3200
13277,0,3200,3200
13278,0,3200,3200
13279,0,3200,3200
13280,0,3200,3200
13281,0,3200,3200
13282,0,3200,3200
13283,0,3200,3200
13284,0,3200,3200
13285,0,3200,3200
13286,0,3200,3200
13287,0,3200,3200
13288,0,3200,3200
13289,0,3200,3200
13290,0,3200,3200
13291,0,3200,3200
13292,0,3200,3200
13293,0,3200,3200
13294,0,3200,3200
13295,0,3200,3200
13296,0,3200,3200
13297,0,3200,3200
13298,0,3200,3200
13299,0,3200,3200
13300,0,3200,3200
13301,0,3200,3200
13302,0,3200,3200
13303,0,3200,3200
13304,0,3200,3200
13305,0,3200,3200
13306,0,3200,3200
13307,0,3200,3200
13308,0,3200,3200
13309,0,3200,3200
13310,0,3200,3200
13311,0,3200,3200
13312,0,3200,3200
13313,0,3200,3200
13314,0,3200,3200
13315,0,3200,3200
13316,0,3200,3200
13317,0,3200,3200
13318,0,3200,3200
13319,0,3200,3200
13320,0,3200,3200
13321,0,3200,3200
13322,0,3200,3200
13323,0,3200,3200
13324,0,3200,3200
13325,0,3200,3200
13326,0,3200,3200
13327,0,3200,3200
13328,0,3200,3200
13329,0,3200,3200
13330,0,3200,3200
13331,0,3200,3200
13332,0,3200,3200
13333,0,3200,3200
13334,0,3200,3200
13335,0,3200,3200
13336,0,3200,3200
13337,0,3200,3200
13338,0,3200,3200
13339,0,3200,3200
13340,0,3200,3200
13341,0,3200,3200
13342,0,3200,3200
13343,0,3200,3200
13344,0,3200,3200
13345,0,3200,3200
13346,0,3200,3200
13347,0,3200,3200
13348,0,3200,3200
13349,0,3200,3200
13350,0,3200,3200
13351,0,3200,3200
13352,0,3200,3200
13353,0,3200,3200
13354,0,3200,3200
13355,0,3200,3200
13356,0,3200,3200
13357,0,3200,3200
13358,0,3200,3200
13359,0,3200,3200
13360,0,3200,3200
13361,0,3200,3200
13362,0,3200,3200
13363,0,3200,3200
13364,0,3200,3200
13365,0,3200,3200
13366,0,3200,3200
13367,0,3200,3200
13368,0,3200,3200
13369,0,3200,3200
13370,0,3200,3200
13371,0,3200,3200
13372,0,3200,3200
13373,0,3200,3200
13374,0,3200,3200
13375,0,3200,3200
13376,0,3200,3200
13377,0,3200,3200
13378,0,3200,3200
13379,0,3200,3200
13380,0,3200,3200
13381,0,3200,3200
13382,0,3200,3200
13383,0,3200,3200
13384,0,3200,3200
13385,0,3200,3200
13386,0,3200,3200
13387,0,3200,3200
13388,0,3200,3200
13389,0,3200,3200
13390,0,3200,3200
13391,0,3200,3200
13392,0,3200,3200
13393,0,3200,3200
13394,0,3200,3200
13395,0,3200,3200
13396,0,3200,3200
13397,0,3200,3200
13398,0,3200,3200
13399,0,3200,3200
13400,0,3200,3200
13401,0,3200,3200
13402,0,3200,3200
13403,0,3200,3200
13404,0,3200,3200
13405,0,3200,3200
13406,0,3200,3200
13407,0,3200,3200
13408,0,3200,3200
13409,0,3200,3200
13410,0,3200,3200
13411,0,3200,3200
13412,0,3200,3200
13413,0,3200,3200
13414,0,3200,3200
13415,0,3200,3200
13416,0,3200,3200
13417,0,3200,3200
13418,0,3200,3200
13419,0,3200,3200
13420,0,3200,3200
13421,0,3200,3200
13422,0,3200,3200
13423,0,3200,3200
13424,0,3200,3200
13425,0,3200,3200
13426,0,3200,3200
13427,0,3200,3200
13428,0,3200,3200
13429,0,3200,3200
13430,0,3200,3200
13431,0,3200,3200
13432,0,3200,3200
13433,0,3200,3200
13434,0,3200,3200
13435,0,3200,3200
13436,0,3200,3200
13437,0,3200,3200
13438,0,3200,3200
13439,0,3200,3200
13440,0,3200,3200
13441,0,3200,3200
13442,0,3200,3200
13443,0,3200,3200
13444,0,3200,3200
13445,0,3200,3200
13446,0,3200,3200
13447,0,3200,3200
13448,0,3200,3200
13449,0,3200,3200
13450,0,3200,3200
13451,0,3200,3200
13452,0,3200,3200
13453,0,3200,3200
13454,0,3200,3200
13455,0,3200,3200
13456,0,3200,3200
13457,0,3200,3200
13458,0,3200,3200
13459,0,3200,3200
13460,0,3200,3200
13461,0,3200,3200
13462,0,3200,3200
13463,0,3200,3200
13464,0,3200,3200
13465,0,3200,3200
13466,0,3200,3200
13467,0,3200,3200
13468,0,3200,3200
13469,0,3200,3200
13470,0,3200,3200
13471,0,3200,3200
13472,0,3200,3200
13473,0,3200,3200
13474,0,3200,3200
13475,0,3200,3200
13476,0,3200,3200
13477,0,3200,3200
13478,0,3200,3200
13479,0,3200,3200
13480,0,3200,3200
13481,0,3200,3200
13482,0,3200,3200
13483,0,3200,3200
13484,0,3200,3200
13485,0,3200,3200
13486,0,3200,3200
13487,0,3200,3200
13488,0,3200,3200
13489,0,3200,3200
13490,0,3200,3200
13491,0,3200,3200
13492,0,3200,3200
13493,0,3200,3200
13494,0,3200,3200
13495,0,3200,3200
13496,0,3200,3200
13497,0,3200,3200
13498,0,3200,3200
13499,0,3200,3200
13500,0,3200,3200
13501,0,3200,3200
13502,0,3200,3200
13503,0,3200,3200
13504,0,3200,3200
13505,0,3200,3200
13506,0,3200,3200
13507,0,3200,3200
13508,0,3200,3200
13509,0,3200,3200
13510,0,3200,3200
13511,0,3200,3200
13512,0,3200,3200
13513,0,3200,3200
13514,0,3200,3200
13515,0,3200,3200
13516,0,3200,3200
13517,0,3200,3200
13518,0,3200,3200
13519,0,3200,3200
13520,0,3200,3200
13521,0,3200,3200
13522,0,3200,3200
13523,0,3200,3200
13524,0,3200,3200
13525,0,3200,3200
13526,0,3200,3200
13527,0,3200,3200
13528,0,3200,3200
13529,0,3200,3200
13530,0,3200,3200
13531,0,3200,3200
13532,0,3200,3200
13533,0,3200,3200
13534,0,3200,3200
13535,0,3200,3200
13536,0,3200,3200
13537,0,3200,3200
13538,0,3200,3200
13539,0,3200,3200
13540,0,3200,3200
13541,0,3200,3200
13542,0,3200,3200
13543,0,3200,3200
13544,0,3200,3200
13545,0,3200,3200
13546,0,3200,3200
13547,0,3200,3200
13548,0,3200,3200
13549,0,3200,3200
13550,0,3200,3200
13551,0,3200,3200
13552,0,3200,3200
13553,0,3200,3200
13554,0,3200,3200
13555,0,3200,3200
13556,0,3200,3200
13557,0,3200,3200
13558,0,3200,3200
13559,0,3200,3200
13560,0,3200,3200
13561,0,3200,3200
13562,0,3200,3200
13563,0,3200,3200
13564,0,3200,3200
13565,0,3200,3200
13566,0,3200,3200
13567,0,3200,3200
13568,0,3200,3200
13569,0,3200,3200
13570,0,3200,3200
13571,0,3200,3200
13572,0,3200,3200
13573,0,3200,3200
13574,0,3200,3200
13575,0,3200,3200
13576,0,3200,3200
13577,0,3200,3200
13578,0,3200,3200
13579,0,3200,3200
13580,0,3200,3200
13581,0,3200,3200
13582,0,3200,3200
13583,0,3200,3200
13584,0,3200,3200
13585,0,3200,3200
13586,0,3200,3200
13587,0,3200,3200
13588,0,3200,3200
13589,0,3200,3200
13590,0,3200,3200
13591,0,3200,3200
13592,0,3200,3200
13593,0,3200,3200
13594,0,3200,3200
13595,0,3200,3200
13596,0,3200,3200
13597,0,3200,3200
13598,0,3200,3200
13599,0,3200,3200
13600,0,3200,3200
13601,0,3200,3200
13602,0,3200,3200
13603,0,3200,3200
13604,0,3200,3200
13605,0,3200,3200
13606,0,3200,3200
13607,0,3200,3200
13608,0,3200,3200
13609,0,3200,3200
13610,0,3200,3200
13611,0,3200,3200
13612,0,3200,3200
13613,0,3200,3200
13614,0,3200,3200
13615,0,3200,3200
13616,0,3200,3200
13617,0,3200,3200
13618,0,3200,3200
13619,0,3200,3200
13620,0,3200,3200
13621,0,3200,3200
13622,0,3200,3200
13623,0,3200,3200
13624,0,3200,3200
13625,0,3200,3200
13626,0,3200,3200
13627,0,3200,3200
13628,0,3200,3200
13629,0,3200,3200
13630,0,3200,3200
13631,0,3200,3200
13632,0,3200,3200
13633,0,3200,3200
13634,0,3200,3200
13635,0,3200,3200
13636,0,3200,3200
13637,0,3200,3200
13638,0,3200,3200
13639,0,3200,3200
13640,0,3200,3200
13641,0,3200,3200
13642,0,3200,3200
13643,0,3200,3200
13644,0,3200,3200
13645,0,3200,3200
13646,0,3200,3200
13647,0,3200,3200
13648,0,3200,3200
13649,0,3200,3200
13650,0,3200,3200
13651,0,3200,3200
13652,0,3200,3200
13653,0,3200,3200
13654,0,3200,3200
13655,0,3200,3200
13656,0,3200,3200
13657,0,3200,3200
13658,0,3200,3200
13659,0,3200,3200
13660,0,3200,3200
13661,0,3200,3200
13662,0,3200,3200
13663,0,3200,3200
13664,0,3200,3200
13665,0,3200,3200
13666,0,3200,3200
13667,0,3200,3200
13668,0,3200,3200
13669,0,3200,3200
13670,0,3200,3200
13671,0,3200,3200
13672,0,3200,3200
13673,0,3200,3200
13674,0,3200,3200
13675,0,3200,3200
13676,0,3200,3200
13677,0,3200,3200
13678,0,3200,3200
13679,0,3200,3200
13680,0,3200,3200
13681,0,3200,3200
13682,0,3200,3200
13683,0,3200,3200
13684,0,3200,3200
13685,0,3200,3200
13686,0,3200,3200
13687,0,3200,3200
13688,0,3200,3200
13689,0,3200,3200
13690,0,3200,3200
13691,0,3200,3200
13692,0,3200,3200
13693,0,3200,3200
13694,0,3200,3200
13695,0,3200,3200
13696,0,3200,3200
13697,0,3200,3200
13698,0,3200,3200
13699,0,3200,3200
13700,0,3200,3200
13701,0,3200,3200
13702,0,3200,3200
13703,0,3200,3200
13704,0,3200,3200
13705,0,3200,3200
13706,0,3200,3200
13707,0,3200,3200
13708,0,3200,3200
13709,0,3200,3200
13710,0,3200,3200
13711,0,3200,3200
13712,0,3200,3200
13713,0,3200,3200
13714,0,3200,3200
13715,0,3200,3200
13716,0,3200,3200
13717,0,3200,3200
13718,0,3200,3200
13719,0,3200,3200
13720,0,3200,3200
13721,0,3200,3200
13722,0,3200,3200
13723,0,3200,3200
13724,0,3200,3200
13725,0,3200,3200
13726,0,3200,3200
13727,0,3200,3200
13728,0,3200,3200
13729,0,3200,3200
13730,0,3200,3200
13731,0,3200,3200
13732,0,3200,3200
13733,0,3200,3200
13734,0,3200,3200
13735,0,3200,3200
13736,0,3200,3200
13737,0,3200,3200
13738,0,3200,3200
13739,0,3200,3200
13740,0,3200,3200
13741,0,3200,3200
13742,0,3200,3200
13743,0,3200,3200
13744,0,3200,3200
13745,0,3200,3200
13746,0,3200,3200
13747,0,3200,3200
13748,0,3200,3200
13749,0,3200,3200
13750,0,3200,3200
13751,0,3200,3200
13752,0,3200,3200
13753,0,3200,3200
13754,0,3200,3200
13755,0,3200,3200
13756,0,3200,3200
13757,0,3200,3200
13758,0,3200,3200
13759,0,3200,3200
13760,0,3200,3200
13761,0,3200,3200
13762,0,3200,3200
13763,0,3200,3200
13764,0,3200,3200
13765,0,3200,3200
13766,0,3200,3200
13767,0,3200,3200
13768,0,3200,3200
13769,0,3200,3200
13770,0,3200,3200
13771,0,3200,3200
13772,0,3200,3200
13773,0,3200,3200
13774,0,3200,3200
13775,0,3200,3200
13776,0,3200,3200
13777,0,3200,3200
13778,0,3200,3200
13779,0,3200,3200
13780,0,3200,3200
13781,0,3200,3200
13782,0,3200,3200
13783,0,3200,3200
13784,0,3200,3200
13785,0,3200,3200
13786,0,3200,3200
13787,0,3200,3200
13788,0,3200,3200
13789,0,3200,3200
13790,0,3200,3200
13791,0,3200,3200
13792,0,3200,3200
13793,0,3200,3200
13794,0,3200,3200
13795,0,3200,3200
13796,0,3200,3200
13797,0,3200,3200
13798,0,3200,3200
13799,0,3200,3200
13800,0,3200,3200
13801,0,3200,3200
13802,0,3200,3200
13803,0,3200,3200
13804,0,3200,3200
13805,0,3200,3200
13806,0,3200,3200
13807,0,3200,3200
13808,0,3200,3200
13809,0,3200,3200
13810,0,3200,3200
13811,0,3200,3200
13812,0,3200,3200
13813,0,3200,3200
13814,0,3200,3200
13815,0,3200,3200
13816,0,3200,3200
13817,0,3200,3200
13818,0,3200,3200
13819,0,3200,3200
13820,0,3200,3200
13821,0,3200,3200
13822,0,3200,3200
13823,0,3200,3200
13824,0,3200,3200
13825,0,3200,3200
13826,0,3200,3200
13827,0,3200,3200
13828,0,3200,3200
13829,0,3200,3200
13830,0,3200,3200
13831,0,3200,3200
13832,0,3200,3200
13833,0,3200,3200
13834,0,3200,3200
13835,0,3200,3200
13836,0,3200,3200
13837,0,3200,3200
13838,0,3200,3200
13839,0,3200,3200
13840,0,3200,3200
13841,0,3200,3200
13842,0,3200,3200
13843,0,3200,3200
13844,0,3200,3200
13845,0,3200,3200
13846,0,3200,3200
13847,0,3200,3200
13848,0,3200,3200
13849,0,3200,3200
13850,0,3200,3200
13851,0,3200,3200
13852,0,3200,3200
13853,0,3200,3200
13854,0,3200,3200
13855,0,3200,3200
13856,0,3200,3200
13857,0,3200,3200
13858,0,3200,3200
13859,0,3200,3200
13860,0,3200,3200
13861,0,3200,3200
13862,0,3200,3200
13863,0,3200,3200
13864,0,3200,3200
13865,0,3200,3200
13866,0,3200,3200
13867,0,3200,3200
13868,0,3200,3200
13869,0,3200,3200
13870,0,3200,3200
13871,0,3200,3200
13872,0,3200,3200
13873,0,3200,3200
13874,0,3200,3200
13875,0,3200,3200
13876,0,3200,3200
13877,0,3200,3200
13878,0,3200,3200
13879,0,3200,3200
13880,0,3200,3200
13881,0,3200,3200
13882,0,3200,3200
13883,0,3200,3200
13884,0,3200,3200
13885,0,3200,3200
13886,0,3200,3200
13887,0,3200,3200
13888,0,3200,3200
13889,0,3200,3200
13890,0,3200,3200
13891,0,3200,3200
13892,0,3200,3200
13893,0,3200,3200
13894,0,3200,3200
13895,0,3200,3200
13896,0,3200,3200
13897,0,3200,3200
13898,0,3200,3200
13899,0,3200,3200
13900,0,3200,3200
13901,0,3200,3200
13902,0,3200,3200
13903,0,3200,3200
13904,0,3200,3200
13905,0,3200,3200
13906,0,3200,3200
13907,0,3200,3200
13908,0,3200,3200
13909,0,3200,3200
13910,0,3200,3200
13911,0,3200,3200
13912,0,3200,3200
13913,0,3200,3200
13914,0,3200,3200
13915,0,3200,3200
13916,0,3200,3200
13917,0,3200,3200
13918,0,3200,3200
13919,0,3200,3200
13920,0,3200,3200
13921,0,3200,3200
13922,0,3200,3200
13923,0,3200,3200
13924,0,3200,3200
13925,0,3200,3200
13926,0,3200,3200
13927,0,3200,3200
13928,0,3200,3200
13929,0,3200,3200
13930,0,3200,3200
13931,0,3200,3200
13932,0,3200,3200
13933,0,3200,3200
13934,0,3200,3200
13935,0,3200,3200
13936,0,3200,3200
13937,0,3200,3200
13938,0,3200,3200
13939,0,3200,3200
13940,0,3200,3200
13941,0,3200,3200
13942,0,3200,3200
13943,0,3200,3200
13944,0,3200,3200
13945,0,3200,3200
13946,0,3200,3200
13947,0,3200,3200
13948,0,3200,3200
13949,0,3200,3200
13950,0,3200,3200
13951,0,3200,3200
13952,0,3200,3200
13953,0,3200,3200
13954,0,3200,3200
13955,0,3200,3200
13956,0,3200,3200
13957,0,3200,3200
13958,0,3200,3200
13959,0,3200,3200
13960,0,3200,3200
13961,0,3200,3200
13962,0,3200,3200
13963,0,3200,3200
13964,0,3200,3200
13965,0,3200,3200
13966,0,3200,3200
13967,0,3200,3200
13968,0,3200,3200
13969,0,3200,3200
13970,0,3200,3200
13971,0,3200,3200
13972,0,3200,3200
13973,0,3200,3200
13974,0,3200,3200
13975,0,3200,3200
13976,0,3200,3200
13977,0,3200,3200
13978,0,3200,3200
13979,0,3200,3200
13980,0,3200,3200
13981,0,3200,3200
13982,0,3200,3200
13983,0,3200,3200
13984,0,3200,3200
13985,0,3200,3200
13986,0,3200,3200
13987,0,3200,3200
13988,0,3200,3200
13989,0,3200,3200
13990,0,3200,3200
13991,0,3200,3200
13992,0,3200,3200
13993,0,3200,3200
13994,0,3200,3200
13995,0,3200,3200
13996,0,3200,3200
13997,0,3200,3200
13998,0,3200,3200
13999,0,3200,3200
14000,0,3200,3200
14001,0,3200,3200
14002,0,3200,3200
14003,0,3200,3200
14004,0,3200,3200
14005,0,3200,3200
14006,0,3200,3200
14007,0,3200,3200
14008,0,3200,3200
14009,0,3200,3200
14010,0,3200,3200
14011,0,3200,3200
14012,0,3200,3200
14013,0,3200,3200
14014,0,3200,3200
14015,0,3200,3200
14016,0,3200,3200
14017,0,3200,3200
14018,0,3200,3200
14019,0,3200,3200
14020,0,3200,3200
14021,0,3200,3200
14022,0,3200,3200
14023,0,3200,3200
14024,0,3200,3200
14025,0,3200,3200
14026,0,3200,3200
14027,0,3200,3200
14028,0,3200,3200
14029,0,3200,3200
14030,0,3200,3200
14031,0,3200,3200
14032,0,3200,3200
14033,0,3200,3200
14034,0,3200,3200
14035,0,3200,3200
14036,0,3200,3200
14037,0,3200,3200
14038,0,3200,3200
14039,0,3200,3200
14040,0,3200,3200
14041,0,3200,3200
14042,0,3200,3200
14043,0,3200,3200
14044,0,3200,3200
14045,0,3200,3200
14046,0,3200,3200
14047,0,3200,3200
14048,0,3200,3200
14049,0,3200,3200
14050,0,3200,3200
14051,0,3200,3200
14052,0,3200,3200
14053,0,3200,3200
14054,0,3200,3200
14055,0,3200,3200
14056,0,3200,3200
14057,0,3200,3200
14058,0,3200,3200
14059,0,3200,3200
14060,0,3200,3200
14061,0,3200,3200
14062,0,3200,3200
14063,0,3200,3200
14064,0,3200,3200
14065,0,3200,3200
14066,0,3200,3200
14067,0,3200,3200
14068,0,3200,3200
14069,0,3200,3200
14070,0,3200,3200
14071,0,3200,3200
14072,0,3200,3200
14073,0,3200,3200
14074,0,3200,3200
14075,0,3200,3200
14076,0,3200,3200
14077,0,3200,3200
14078,0,3200,3200
14079,0,3200,3200
14080,0,3200,3200
14081,0,3200,3200
14082,0,3200,3200
14083,0,3200,3200
14084,0,3200,3200
14085,0,3200,3200
14086,0,3200,3200
14087,0,3200,3200
14088,0,3200,3200
14089,0,3200,3200
14090,0,3200,3200
14091,0,3200,3200
14092,0,3200,3200
14093,0,3200,3200
14094,0,3200,3200
14095,0,3200,3200
14096,0,3200,3200
14097,0,3200,3200
14098,0,3200,3200
14099,0,3200,3200
14100,0,3200,3200
14101,0,3200,3200
14102,0,3200,3200
14103,0,3200,3200
14104,0,3200,3200
14105,0,3200,3200
14106,0,3200,3200
14107,0,3200,3200
14108,0,3200,3200
14109,0,3200,3200
14110,0,3200,3200
14111,0,3200,3200
14112,0,3200,3200
14113,0,3200,3200
14114,0,3200,3200
14115,0,3200,3200
14116,0,3200,3200
14117,0,3200,3200
14118,0,3200,3200
14119,0,3200,3200
14120,0,3200,3200
14121,0,3200,3200
14122,0,3200,3200
14123,0,3200,3200
14124,0,3200,3200
14125,0,3200,3200
14126,0,3200,3200
14127,0,3200,3200
14128,0,3200,3200
14129,0,3200,3200
14130,0,3200,3200
14131,0,3200,3200
14132,0,3200,3200
14133,0,3200,3200
14134,0,3200,3200
14135,0,3200,3200
14136,0,3200,3200
14137,0,3200,3200
14138,0,3200,3200
14139,0,3200,3200
14140,0,3200,3200
14141,0,3200,3200
14142,0,3200,3200
14143,0,3200,3200
14144,0,3200,3200
14145,0,3200,3200
14146,0,3200,3200
14147,0,3200,3200
14148,0,3200,3200
14149,0,3200,3200
14150,0,3200,3200
14151,0,3200,3200
14152,0,3200,3200
14153,0,3200,3200
14154,0,3200,3200
14155,0,3200,3200
14156,0,3200,3200
14157,0,3200,3200
14158,0,3200,3200
14159,0,3200,3200
14160,0,3200,3200
14161,0,3200,3200
14162,0,3200,3200
14163,0,3200,3200
14164,0,3200,3200
14165,0,3200,3200
14166,0,3200,3200
14167,0,3200,3200
14168,0,3200,3200
14169,0,3200,3200
14170,0,3200,3200
14171,0,3200,3200
14172,0,3200,3200
14173,0,3200,3200
14174,0,3200,3200
14175,0,3200,3200
14176,0,3200,3200
14177,0,3200,3200
14178,0,3200,3200
14179,0,3200,3200
14180,0,3200,3200
14181,0,3200,3200
14182,0,3200,3200
14183,0,3200,3200
14184,0,3200,3200
14185,0,3200,3200
14186,0,3200,3200
14187,0,3200,3200
14188,0,3200,3200
14189,0,3200,3200
14190,0,3200,3200
14191,0,3200,3200
14192,0,3200,3200
14193,0,3200,3200
14194,0,3200,3200
14195,0,3200,3200
14196,0,3200,3200
14197,0,3200,3200
14198,0,3200,3200
14199,0,3200,3200
14200,0,3200,3200
14201,0,3200,3200
14202,0,3200,3200
14203,0,3200,3200
14204,0,3200,3200
14205,0,3200,3200
14206,0,3200,3200
14207,0,3200,3200
14208,0,3200,3200
14209,0,3200,3200
14210,0,3200,3200
14211,0,3200,3200
14212,0,3200,3200
14213,0,3200,3200
14214,0,3200,3200
14215,0,3200,3200
14216,0,3200,3200
14217,0,3200,3200
14218,0,3200,3200
14219,0,3200,3200
14220,0,3200,3200
14221,0,3200,3200
14222,0,3200,3200
14223,0,3200,3200
14224,0,3200,3200
14225,0,3200,3200
14226,0,3200,3200
14227,0,3200,3200
14228,0,3200,3200
14229,0,3200,3200
14230,0,3200,3200
14231,0,3200,3200
14232,0,3200,3200
14233,0,3200,3200
14234,0,3200,3200
14235,0,3200,3200
14236,0,3200,3200
14237,0,3200,3200
14238,0,3200,3200
14239,0,3200,3200
14240,0,3200,3200
14241,0,3200,3200
14242,0,3200,3200
14243,0,3200,3200
14244,0,3200,3200
14245,0,3200,3200
14246,0,3200,3200
14247,0,3200,3200
14248,0,3200,3200
14249,0,3200,3200
14250,0,3200,3200
14251,0,3200,3200
14252,0,3200,3200
14253,0,3200,3200
14254,0,3200,3200
14255,0,3200,3200
14256,0,3200,3200
14257,0,3200,3200
14258,0,3200,3200
14259,0,3200,3200
14260,0,3200,3200
14261,0,3200,3200
14262,0,3200,3200
14263,0,3200,3200
14264,0,3200,3200
14265,0,3200,3200
14266,0,3200,3200
14267,0,3200,3200
14268,0,3200,3200
14269,0,3200,3200
14270,0,3200,3200
14271,0,3200,3200
14272,0,3200,3200
14273,0,3200,3200
14274,0,3200,3200
14275,0,3200,3200
14276,0,3200,3200
14277,0,3200,3200
14278,0,3200,3200
14279,0,3200,3200
14280,0,3200,3200
14281,0,3200,3200
14282,0,3200,3200
14283,0,3200,3200
14284,0,3200,3200
14285,0,3200,3200
14286,0,3200,3200
14287,0,3200,3200
14288,0,3200,3200
14289,0,3200,3200
14290,0,3200,3200
14291,0,3200,3200
14292,0,3200,3200
14293,0,3200,3200
14294,0,3200,3200
14295,0,3200,3200
14296,0,3200,3200
14297,0,3200,3200
14298,0,3200,3200
14299,0,3200,3200
14300,0,3200,3200
14301,0,3200,3200
14302,0,3200,3200
14303,0,3200,3200
14304,0,3200,3200
14305,0,3200,3200
14306,0,3200,3200
14307,0,3200,3200
14308,0,3200,3200
14309,0,3200,3200
14310,0,3200,3200
14311,0,3200,3200
14312,0,3200,3200
14313,0,3200,3200
14314,0,3200,3200
14315,0,3200,3200
14316,0,3200,3200
14317,0,3200,3200
14318,0,3200,3200
14319,0,3200,3200
14320,0,3200,3200
14321,0,3200,3200
14322,0,3200,3200
14323,0,3200,3200
14324,0,3200,3200
14325,0,3200,3200
14326,0,3200,3200
14327,0,3200,3200
14328,0,3200,3200
14329,0,3200,3200
14330,0,3200,3200
14331,0,3200,3200
14332,0,3200,3200
14333,0,3200,3200
14334,0,3200,3200
14335,0,3200,3200
14336,0,3200,3200
14337,0,3200,3200
14338,0,3200,3200
14339,0,3200,3200
14340,0,3200,3200
14341,0,3200,3200
14342,0,3200,3200
14343,0,3200,3200
14344,0,3200,3200
14345,0,3200,3200
14346,0,3200,3200
14347,0,3200,3200
14348,0,3200,3200
14349,0,3200,3200
14350,0,3200,3200
14351,0,3200,3200
14352,0,3200,3200
14353,0,3200,3200
14354,0,3200,3200
14355,0,3200,3200
14356,0,3200,3200
14357,0,3200,3200
14358,0,3200,3200
14359,0,3200,3200
14360,0,3200,3200
14361,0,3200,3200
14362,0,3200,3200
14363,0,3200,3200
14364,0,3200,3200
14365,0,3200,3200
14366,0,3200,3200
14367,0,3200,3200
14368,0,3200,3200
14369,0,3200,3200
14370,0,3200,3200
14371,0,3200,3200
14372,0,3200,3200
14373,0,3200,3200
14374,0,3200,3200
14375,0,3200,3200
14376,0,3200,3200
14377,0,3200,3200
14378,0,3200,3200
14379,0,3200,3200
14380,0,3200,3200
14381,0,3200,3200
14382,0,3200,3200
14383,0,3200,3200
14384,0,3200,3200
14385,0,3200,3200
14386,0,3200,3200
14387,0,3200,3200
14388,0,3200,3200
14389,0,3200,3200
14390,0,3200,3200
14391,0,3200,3200
14392,0,3200,3200
14393,0,3200,3200
14394,0,3200,3200
14395,0,3200,3200
14396,0,3200,3200
14397,0,3200,3200
14398,0,3200,3200
14399,0,3200,3200
14400,0,3200,3200
14401,0,3200,3200
14402,0,3200,3200
14403,0,3200,3200
14404,0,3200,3200
14405,0,3200,3200
14406,0,3200,3200
14407,0,3200,3200
14408,0,3200,3200
14409,0,3200,3200
14410,0,3200,3200
14411,0,3200,3200
14412,0,3200,3200
14413,0,3200,3200
14414,0,3200,3200
14415,0,3200,3200
14416,0,3200,3200
14417,0,3200,3200
14418,0,3200,3200
14419,0,3200,3200
14420,0,3200,3200
14421,0,3200,3200
14422,0,3200,3200
14423,0,3200,3200
14424,0,3200,3200
14425,0,3200,3200
14426,0,3200,3200
14427,0,3200,3200
14428,0,3200,3200
14429,0,3200,3200
14430,0,3200,3200
14431,0,3200,3200
14432,0,3200,3200
14433,0,3200,3200
14434,0,3200,3200
14435,0,3200,3200
14436,0,3200,3200
14437,0,3200,3200
14438,0,3200,3200
14439,0,3200,3200
14440,0,3200,3200
14441,0,3200,3200
14442,0,3200,3200
14443,0,3200,3200
14444,0,3200,3200
14445,0,3200,3200
14446,0,3200,3200
14447,0,3200,3200
14448,0,3200,3200
14449,0,3200,3200
14450,0,3200,3200
14451,0,3200,3200
14452,0,3200,3200
14453,0,3200,3200
14454,0,3200,3200
14455,0,3200,3200
14456,0,3200,3200
14457,0,3200,3200
14458,0,3200,3200
14459,0,3200,3200
14460,0,3200,3200
14461,0,3200,3200
14462,0,3200,3200
14463,0,3200,3200
14464,0,3200,3200
14465,0,3200,3200
14466,0,3200,3200
14467,0,3200,3200
14468,0,3200,3200
14469,0,3200,3200
14470,0,3200,3200
14471,0,3200,3200
14472,0,3200,3200
14473,0,3200,3200
14474,0,3200,3200
14475,0,3200,3200
14476,0,3200,3200
14477,0,3200,3200
14478,0,3200,3200
14479,0,3200,3200
14480,0,3200,3200
14481,0,3200,3200
14482,0,3200,3200
14483,0,3200,3200
14484,0,3200,3200
14485,0,3200,3200
14486,0,3200,3200
14487,0,3200,3200
14488,0,3200,3200
14489,0,3200,3200
14490,0,3200,3200
14491,0,3200,3200
14492,0,3200,3200
14493,0,3200,3200
14494,0,3200,3200
14495,0,3200,3200
14496,0,3200,3200
14497,0,3200,3200
14498,0,3200,3200
14499,0,3200,3200
14500,0,3200,3200
14501,0,3200,3200
14502,0,3200,3200
14503,0,3200,3200
14504,0,3200,3200
14505,0,3200,3200
14506,0,3200,3200
14507,0,3200,3200
14508,0,3200,3200
14509,0,3200,3200
14510,0,3200,3200
14511,0,3200,3200
14512,0,3200,3200
14513,0,3200,3200
14514,0,3200,3200
14515,0,3200,3200
14516,0,3200,3200
14517,0,3200,3200
14518,0,3200,3200
14519,0,3200,3200
14520,0,3200,3200
14521,0,3200,3200
14522,0,3200,3200
14523,0,3200,3200
14524,0,3200,3200
14525,0,3200,3200
14526,0,3200,3200
14527,0,3200,3200
14528,0,3200,3200
14529,0,3200,3200
14530,0,3200,3200
14531,0,3200,3200
14532,0,3200,3200
14533,0,3200,3200
14534,0,3200,3200
14535,0,3200,3200
14536,0,3200,3200
14537,0,3200,3200
14538,0,3200,3200
14539,0,3200,3200
14540,0,3200,3200
14541,0,3200,3200
14542,0,3200,3200
14543,0,3200,3200
14544,0,3200,3200
14545,0,3200,3200
14546,0,3200,3200
14547,0,3200,3200
14548,0,3200,3200
14549,0,3200,3200
14550,0,3200,3200
14551,0,3200,3200
14552,0,3200,3200
14553,0,3200,3200
14554,0,3200,3200
14555,0,3200,3200
14556,0,3200,3200
14557,0,3200,3200
14558,0,3200,3200
14559,0,3200,3200
14560,0,3200,3200
14561,0,3200,3200
14562,0,3200,3200
14563,0,3200,3200
14564,0,3200,3200
14565,0,3200,3200
14566,0,3200,3200
14567,0,3200,3200
14568,0,3200,3200
14569,0,3200,3200
14570,0,3200,3200
14571,0,3200,3200
14572,0,3200,3200
14573,0,3200,3200
14574,0,3200,3200
14575,0,3200,3200
14576,0,3200,3200
14577,0,3200,3200
14578,0,3200,3200
14579,0,3200,3200
14580,0,3200,3200
14581,0,3200,3200
14582,0,3200,3200
14583,0,3200,3200
14584,0,3200,3200
14585,0,3200,3200
14586,0,3200,3200
14587,0,3200,3200
14588,0,3200,3200
14589,0,3200,3200
14590,0,3200,3200
14591,0,3200,3200
14592,0,3200,3200
14593,0,3200,3200
14594,0,3200,3200
14595,0,3200,3200
14596,0,3200,3200
14597,0,3200,3200
14598,0,3200,3200
14599,0,3200,3200
14600,0,3200,3200
14601,0,3200,3200
14602,0,3200,3200
14603,0,3200,3200
14604,0,3200,3200
14605,0,3200,3200
14606,0,3200,3200
14607,0,3200,3200
14608,0,3200,3200
14609,0,3200,3200
14610,0,3200,3200
14611,0,3200,3200
14612,0,3200,3200
14613,0,3200,3200
14614,0,3200,3200
14615,0,3200,3200
14616,0,3200,3200
14617,0,3200,3200
14618,0,3200,3200
14619,0,3200,3200
14620,0,3200,3200
14621,0,3200,3200
14622,0,3200,3200
14623,0,3200,3200
14624,0,3200,3200
14625,0,3200,3200
14626,0,3200,3200
14627,0,3200,3200
14628,0,3200,3200
14629,0,3200,3200
14630,0,3200,3200
14631,0,3200,3200
14632,0,3200,3200
14633,0,3200,3200
14634,0,3200,3200
14635,0,3200,3200
14636,0,3200,3200
14637,0,3200,3200
14638,0,3200,3200
14639,0,3200,3200
14640,0,3200,3200
14641,0,3200,3200
14642,0,3200,3200
14643,0,3200,3200
14644,0,3200,3200
14645,0,3200,3200
14646,0,3200,3200
14647,0,3200,3200
14648,0,3200,3200
14649,0,3200,3200
14650,0,3200,3200
14651,0,3200,3200
14652,0,3200,3200
14653,0,3200,3200
14654,0,3200,3200
14655,0,3200,3200
14656,0,3200,3200
14657,0,3200,3200
14658,0,3200,3200
14659,0,3200,3200
14660,0,3200,3200
14661,0,3200,3200
14662,0,3200,3200
14663,0,3200,3200
14664,0,3200,3200
14665,0,3200,3200
14666,0,3200,3200
14667,0,3200,3200
14668,0,3200,3200
14669,0,3200,3200
14670,0,3200,3200
14671,0,3200,3200
14672,0,3200,3200
14673,0,3200,3200
14674,0,3200,3200
14675,0,3200,3200
14676,0,3200,3200
14677,0,3200,3200
14678,0,3200,3200
14679,0,3200,3200
14680,0,3200,3200
14681,0,3200,3200
14682,0,3200,3200
14683,0,3200,3200
14684,0,3200,3200
14685,0,3200,3200
14686,0,3200,3200
14687,0,3200,3200
14688,0,3200,3200
14689,0,3200,3200
14690,0,3200,3200
14691,0,3200,3200
14692,0,3200,3200
14693,0,3200,3200
14694,0,3200,3200
14695,0,3200,3200
14696,0,3200,3200
14697,0,3200,3200
14698,0,3200,3200
14699,0,3200,3200
14700,0,3200,3200
14701,0,3200,3200
14702,0,3200,3200
14703,0,3200,3200
14704,0,3200,3200
14705,0,3200,3200
14706,0,3200,3200
14707,0,3200,3200
14708,0,3200,3200
14709,0,3200,3200
14710,0,3200,3200
14711,0,3200,3200
14712,0,3200,3200
14713,0,3200,3200
14714,0,3200,3200
14715,0,3200,3200
14716,0,3200,3200
14717,0,3200,3200
14718,0,3200,3200
14719,0,3200,3200
14720,0,3200,3200
14721,0,3200,3200
14722,0,3200,3200
14723,0,3200,3200
14724,0,3200,3200
14725,0,3200,3200
14726,0,3200,3200
14727,0,3200,3200
14728,0,3200,3200
14729,0,3200,3200
14730,0,3200,3200
14731,0,3200,3200
14732,0,3200,3200
14733,0,3200,3200
14734,0,3200,3200
14735,0,3200,3200
14736,0,3200,3200
14737,0,3200,3200
14738,0,3200,3200
14739,0,3200,3200
14740,0,3200,3200
14741,0,3200,3200
14742,0,3200,3200
14743,0,3200,3200
14744,0,3200,3200
14745,0,3200,3200
14746,0,3200,3200
14747,0,3200,3200
14748,0,3200,3200
14749,0,3200,3200
14750,0,3200,3200
14751,0,3200,3200
14752,0,3200,3200
14753,0,3200,3200
14754,0,3200,3200
14755,0,3200,3200
14756,0,3200,3200
14757,0,3200,3200
14758,0,3200,3200
14759,0,3200,3200
14760,0,3200,3200
14761,0,3200,3200
14762,0,3200,3200
14763,0,3200,3200
14764,0,3200,3200
14765,0,3200,3200
14766,0,3200,3200
14767,0,3200,3200
14768,0,3200,3200
14769,0,3200,3200
14770,0,3200,3200
14771,0,3200,3200
14772,0,3200,3200
14773,0,3200,3200
14774,0,3200,3200
14775,0,3200,3200
14776,0,3200,3200
14777,0,3200,3200
14778,0,3200,3200
14779,0,3200,3200
14780,0,3200,3200
14781,0,3200,3200
14782,0,3200,3200
14783,0,3200,3200
14784,0,3200,3200
14785,0,3200,3200
14786,0,3200,3200
14787,0,3200,3200
14788,0,3200,3200
14789,0,3200,3200
14790,0,3200,3200
14791,0,3200,3200
14792,0,3200,3200
14793,0,3200,3200
14794,0,3200,3200
14795,0,3200,3200
14796,0,3200,3200
14797,0,3200,3200
14798,0,3200,3200
14799,0,3200,3200
14800,0,3200,3200
14801,0,3200,3200
14802,0,3200,3200
14803,0,3200,3200
14804,0,3200,3200
14805,0,3200,3200
14806,0,3200,3200
14807,0,3200,3200
14808,0,3200,3200
14809,0,3200,3200
14810,0,3200,3200
14811,0,3200,3200
14812,0,3200,3200
14813,0,3200,3200
14814,0,3200,3200
14815,0,3200,3200
14816,0,3200,3200
14817,0,3200,3200
14818,0,3200,3200
14819,0,3200,3200
14820,0,3200,3200
14821,0,3200,3200
14822,0,3200,3200
14823,0,3200,3200
14824,0,3200,3200
14825,0,3200,3200
14826,0,3200,3200
14827,0,3200,3200
14828,0,3200,3200
14829,0,3200,3200
14830,0,3200,3200
14831,0,3200,3200
14832,0,3200,3200
14833,0,3200,3200
14834,0,3200,3200
14835,0,3200,3200
14836,0,3200,3200
14837,0,3200,3200
14838,0,3200,3200
14839,0,3200,3200
14840,0,3200,3200
14841,0,3200,3200
14842,0,3200,3200
14843,0,3200,3200
14844,0,3200,3200
14845,0,3200,3200
14846,0,3200,3200
14847,0,3200,3200
14848,0,3200,3200
14849,0,3200,3200
14850,0,3200,3200
14851,0,3200,3200
14852,0,3200,3200
14853,0,3200,3200
14854,0,3200,3200
14855,0,3200,3200
14856,0,3200,3200
14857,0,3200,3200
14858,0,3200,3200
14859,0,3200,3200
14860,0,3200,3200
14861,0,3200,3200
14862,0,3200,3200
14863,0,3200,3200
14864,0,3200,3200
14865,0,3200,3200
14866,0,3200,3200
14867,0,3200,3200
14868,0,3200,3200
14869,0,3200,3200
14870,0,3200,3200
14871,0,3200,3200
14872,0,3200,3200
14873,0,3200,3200
14874,0,3200,3200
14875,0,3200,3200
14876,0,3200,3200
14877,0,3200,3200
14878,0,3200,3200
14879,0,3200,3200
14880,0,3200,3200
14881,0,3200,3200
14882,0,3200,3200
14883,0,3200,3200
14884,0,3200,3200
14885,0,3200,3200
14886,0,3200,3200
14887,0,3200,3200
14888,0,3200,3200
14889,0,3200,3200
14890,0,3200,3200
14891,0,3200,3200
14892,0,3200,3200
14893,0,3200,3200
14894,0,3200,3200
14895,0,3200,3200
14896,0,3200,3200
14897,0,3200,3200
14898,0,3200,3200
14899,0,3200,3200
14900,0,3200,3200
14901,0,3200,3200
14902,0,3200,3200
14903,0,3200,3200
14904,0,3200,3200
14905,0,3200,3200
14906,0,3200,3200
14907,0,3200,3200
14908,0,3200,3200
14909,0,3200,3200
14910,0,3200,3200
14911,0,3200,3200
14912,0,3200,3200
14913,0,3200,3200
14914,0,3200,3200
14915,0,3200,3200
14916,0,3200,3200
14917,0,3200,3200
14918,0,3200,3200
14919,0,3200,3200
14920,0,3200,3200
14921,0,3200,3200
14922,0,3200,3200
14923,0,3200,3200
14924,0,3200,3200
14925,0,3200,3200
14926,0,3200,3200
14927,0,3200,3200
14928,0,3200,3200
14929,0,3200,3200
14930,0,3200,3200
14931,0,3200,3200
14932,0,3200,3200
14933,0,3200,3200
14934,0,3200,3200
14935,0,3200,3200
14936,0,3200,3200
14937,0,3200,3200
14938,0,3200,3200
14939,0,3200,3200
14940,0,3200,3200
14941,0,3200,3200
14942,0,3200,3200
14943,0,3200,3200
14944,0,3200,3200
14945,0,3200,3200
14946,0,3200,3200
14947,0,3200,3200
14948,0,3200,3200
14949,0,3200,3200
14950,0,3200,3200
14951,0,3200,3200
14952,0,3200,3200
14953,0,3200,3200
14954,0,3200,3200
14955,0,3200,3200
14956,0,3200,3200
14957,0,3200,3200
14958,0,3200,3200
14959,0,3200,3200
14960,0,3200,3200
14961,0,3200,3200
14962,0,3200,3200
14963,0,3200,3200
14964,0,3200,3200
14965,0,3200,3200
14966,0,3200,3200
14967,0,3200,3200
14968,0,3200,3200
14969,0,3200,3200
14970,0,3200,3200
14971,0,3200,3200
14972,0,3200,3200
14973,0,3200,3200
14974,0,3200,3200
14975,0,3200,3200
14976,0,3200,3200
14977,0,3200,3200
14978,0,3200,3200
14979,0,3200,3200
14980,0,3200,3200
14981,0,3200,3200
14982,0,3200,3200
14983,0,3200,3200
14984,0,3200,3200
14985,0,3200,3200
14986,0,3200,3200
14987,0,3200,3200
14988,0,3200,3200
14989,0,3200,3200
14990,0,3200,3200
14991,0,3200,3200
14992,0,3200,3200
14993,0,3200,3200
14994,0,3200,3200
14995,0,3200,3200
14996,0,3200,3200
14997,0,3200,3200
14998,0,3200,3200
14999,0,3200,3200
15000,0,3200,3200
15001,0,3200,3200
15002,0,3200,3200
15003,0,3200,3200
15004,0,3200,3200
15005,0,3200,3200
15006,0,3200,3200
15007,0,3200,3200
15008,0,3200,3200
15009,0,3200,3200
15010,0,3200,3200
15011,0,3200,3200
15012,0,3200,3200
15013,0,3200,3200
15014,0,3200,3200
15015,0,3200,3200
15016,0,3200,3200
15017,0,3200,3200
15018,0,3200,3200
15019,0,3200,3200
15020,0,3200,3200
15021,0,3200,3200
15022,0,3200,3200
15023,0,3200,3200
15024,0,3200,3200
15025,0,3200,3200
15026,0,3200,3200
15027,0,3200,3200
15028,0,3200,3200
15029,0,3200,3200
15030,0,3200,3200
15031,0,3200,3200
15032,0,3200,3200
15033,0,3200,3200
15034,0,3200,3200
15035,0,3200,3200
15036,0,3200,3200
15037,0,3200,3200
15038,0,3200,3200
15039,0,3200,3200
15040,0,3200,3200
15041,0,3200,3200
15042,0,3200,3200
15043,0,3200,3200
15044,0,3200,3200
15045,0,3200,3200
15046,0,3200,3200
15047,0,3200,3200
15048,0,3200,3200
15049,0,3200,3200
15050,0,3200,3200
15051,0,3200,3200
15052,0,3200,3200
15053,0,3200,3200
15054,0,3200,3200
15055,0,3200,3200
15056,0,3200,3200
15057,0,3200,3200
15058,0,3200,3200
15059,0,3200,3200
15060,0,3200,3200
15061,0,3200,3200
15062,0,3200,3200
15063,0,3200,3200
15064,0,3200,3200
15065,0,3200,3200
15066,0,3200,3200
15067,0,3200,3200
15068,0,3200,3200
15069,0,3200,3200
15070,0,3200,3200
15071,0,3200,3200
15072,0,3200,3200
15073,0,3200,3200
15074,0,3200,3200
15075,0,3200,3200
15076,0,3200,3200
15077,0,3200,3200
15078,0,3200,3200
15079,0,3200,3200
15080,0,3200,3200
15081,0,3200,3200
15082,0,3200,3200
15083,0,3200,3200
15084,0,3200,3200
15085,0,3200,3200
15086,0,3200,3200
15087,0,3200,3200
15088,0,3200,3200
15089,0,3200,3200
15090,0,3200,3200
15091,0,3200,3200
15092,0,3200,3200
15093,0,3200,3200
15094,0,3200,3200
15095,0,3200,3200
15096,0,3200,3200
15097,0,3200,3200
15098,0,3200,3200
15099,0,3200,3200
15100,0,3200,3200
15101,0,3200,3200
15102,0,3200,3200
15103,0,3200,3200
15104,0,3200,3200
15105,0,3200,3200
15106,0,3200,3200
15107,0,3200,3200
15108,0,3200,3200
15109,0,3200,3200
15110,0,3200,3200
15111,0,3200,3200
15112,0,3200,3200
15113,0,3200,3200
15114,0,3200,3200
15115,0,3200,3200
15116,0,3200,3200
15117,0,3200,3200
15118,0,3200,3200
15119,0,3200,3200
15120,0,3200,3200
15121,0,3200,3200
15122,0,3200,3200
15123,0,3200,3200
15124,0,3200,3200
15125,0,3200,3200
15126,0,3200,3200
15127,0,3200,3200
15128,0,3200,3200
15129,0,3200,3200
15130,0,3200,3200
15131,0,3200,3200
15132,0,3200,3200
15133,0,3200,3200
15134,0,3200,3200
15135,0,3200,3200
15136,0,3200,3200
15137,0,3200,3200
15138,0,3200,3200
15139,0,3200,3200
15140,0,3200,3200
15141,0,3200,3200
15142,0,3200,3200
15143,0,3200,3200
15144,0,3200,3200
15145,0,3200,3200
15146,0,3200,3200
15147,0,3200,3200
15148,0,3200,3200
15149,0,3200,3200
15150,0,3200,3200
15151,0,3200,3200
15152,0,3200,3200
15153,0,3200,3200
15154,0,3200,3200
15155,0,3200,3200
15156,0,3200,3200
15157,0,3200,3200
15158,0,3200,3200
15159,0,3200,3200
15160,0,3200,3200
15161,0,3200,3200
15162,0,3200,3200
15163,0,3200,3200
15164,0,3200,3200
15165,0,3200,3200
15166,0,3200,3200
15167,0,3200,3200
15168,0,3200,3200
15169,0,3200,3200
15170,0,3200,3200
15171,0,3200,3200
15172,0,3200,3200
15173,0,3200,3200
15174,0,3200,3200
15175,0,3200,3200
15176,0,3200,3200
15177,0,3200,3200
15178,0,3200,3200
15179,0,3200,3200
15180,0,3200,3200
15181,0,3200,3200
15182,0,3200,3200
15183,0,3200,3200
15184,0,3200,3200
15185,0,3200,3200
15186,0,3200,3200
15187,0,3200,3200
15188,0,3200,3200
15189,0,3200,3200
15190,0,3200,3200
15191,0,3200,3200
15192,0,3200,3200
15193,0,3200,3200
15194,0,3200,3200
15195,0,3200,3200
15196,0,3200,3200
15197,0,3200,3200
15198,0,3200,3200
15199,0,3200,3200
15200,0,3200,3200
15201,0,3200,3200
15202,0,3200,3200
15203,0,3200,3200
15204,0,3200,3200
15205,0,3200,3200
15206,0,3200,3200
15207,0,3200,3200
15208,0,3200,3200
15209,0,3200,3200
15210,0,3200,3200
15211,0,3200,3200
15212,0,3200,3200
15213,0,3200,3200
15214,0,3200,3200
15215,0,3200,3200
15216,0,3200,3200
15217,0,3200,3200
15218,0,3200,3200
15219,0,3200,3200
15220,0,3200,3200
15221,0,3200,3200
15222,0,3200,3200
15223,0,3200,3200
15224,0,3200,3200
15225,0,3200,3200
15226,0,3200,3200
15227,0,3200,3200
15228,0,3200,3200
15229,0,3200,3200
15230,0,3200,3200
15231,0,3200,3200
15232,0,3200,3200
15233,0,3200,3200
15234,0,3200,3200
15235,0,3200,3200
15236,0,3200,3200
15237,0,3200,3200
15238,0,3200,3200
15239,0,3200,3200
15240,0,3200,3200
15241,0,3200,3200
15242,0,3200,3200
15243,0,3200,3200
15244,0,3200,3200
15245,0,3200,3200
15246,0,3200,3200
15247,0,3200,3200
15248,0,3200,3200
15249,0,3200,3200
15250,0,3200,3200
15251,0,3200,3200
15252,0,3200,3200
15253,0,3200,3200
15254,0,3200,3200
15255,0,3200,3200
15256,0,3200,3200
15257,0,3200,3200
15258,0,3200,3200
15259,0,3200,3200
15260,0,3200,3200
15261,0,3200,3200
15262,0,3200,3200
15263,0,3200,3200
15264,0,3200,3200
15265,0,3200,3200
15266,0,3200,3200
15267,0,3200,3200
15268,0,3200,3200
15269,0,3200,3200
15270,0,3200,3200
15271,0,3200,3200
15272,0,3200,3200
15273,0,3200,3200
15274,0,3200,3200
15275,0,3200,3200
15276,0,3200,3200
15277,0,3200,3200
15278,0,3200,3200
15279,0,3200,3200
15280,0,3200,3200
15281,0,3200,3200
15282,0,3200,3200
15283,0,3200,3200
15284,0,3200,3200
15285,0,3200,3200
15286,0,3200,3200
15287,0,3200,3200
15288,0,3200,3200
15289,0,3200,3200
15290,0,3200,3200
15291,0,3200,3200
15292,0,3200,3200
15293,0,3200,3200
15294,0,3200,3200
15295,0,3200,3200
15296,0,3200,3200
15297,0,3200,3200
15298,0,3200,3200
15299,0,3200,3200
15300,0,3200,3200
15301,0,3200,3200
15302,0,3200,3200
15303,0,3200,3200
15304,0,3200,3200
15305,0,3200,3200
15306,0,3200,3200
15307,0,3200,3200
15308,0,3200,3200
15309,0,3200,3200
15310,0,3200,3200
15311,0,3200,3200
15312,0,3200,3200
15313,0,3200,3200
15314,0,3200,3200
15315,0,3200,3200
15316,0,3200,3200
15317,0,3200,3200
15318,0,3200,3200
15319,0,3200,3200
15320,0,3200,3200
15321,0,3200,3200
15322,0,3200,3200
15323,0,3200,3200
15324,0,3200,3200
15325,0,3200,3200
15326,0,3200,3200
15327,0,3200,3200
15328,0,3200,3200
15329,0,3200,3200
15330,0,3200,3200
15331,0,3200,3200
15332,0,3200,3200
15333,0,3200,3200
15334,0,3200,3200
15335,0,3200,3200
15336,0,3200,3200
15337,0,3200,3200
15338,0,3200,3200
15339,0,3200,3200
15340,0,3200,3200
15341,0,3200,3200
15342,0,3200,3200
15343,0,3200,3200
15344,0,3200,3200
15345,0,3200,3200
15346,0,3200,3200
15347,0,3200,3200
15348,0,3200,3200
15349,0,3200,3200
15350,0,3200,3200
15351,0,3200,3200
15352,0,3200,3200
15353,0,3200,3200
15354,0,3200,3200
15355,0,3200,3200
15356,0,3200,3200
15357,0,3200,3200
15358,0,3200,3200
15359,0,3200,3200
15360,0,3200,3200
15361,0,3200,3200
15362,0,3200,3200
15363,0,3200,3200
15364,0,3200,3200
15365,0,3200,3200
15366,0,3200,3200
15367,0,3200,3200
15368,0,3200,3200
15369,0,3200,3200
15370,0,3200,3200
15371,0,3200,3200
15372,0,3200,3200
15373,0,3200,3200
15374,0,3200,3200
15375,0,3200,3200
15376,0,3200,3200
15377,0,3200,3200
15378,0,3200,3200
15379,0,3200,3200
15380,0,3200,3200
15381,0,3200,3200
15382,0,3200,3200
15383,0,3200,3200
15384,0,3200,3200
15385,0,3200,3200
15386,0,3200,3200
15387,0,3200,3200
15388,0,3200,3200
15389,0,3200,3200
15390,0,3200,3200
15391,0,3200,3200
15392,0,3200,3200
15393,0,3200,3200
15394,0,3200,3200
15395,0,3200,3200
15396,0,3200,3200
15397,0,3200,3200
15398,0,3200,3200
15399,0,3200,3200
15400,0,3200,3200
15401,0,3200,3200
15402,0,3200,3200
15403,0,3200,3200
15404,0,3200,3200
15405,0,3200,3200
15406,0,3200,3200
15407,0,3200,3200
15408,0,3200,3200
15409,0,3200,3200
15410,0,3200,3200
15411,0,3200,3200
15412,0,3200,3200
15413,0,3200,3200
15414,0,3200,3200
15415,0,3200,3200
15416,0,3200,3200
15417,0,3200,3200
15418,0,3200,3200
15419,0,3200,3200
15420,0,3200,3200
15421,0,3200,3200
15422,0,3200,3200
15423,0,3200,3200
15424,0,3200,3200
15425,0,3200,3200
15426,0,3200,3200
15427,0,3200,3200
15428,0,3200,3200
15429,0,3200,3200
15430,0,3200,3200
15431,0,3200,3200
15432,0,3200,3200
15433,0,3200,3200
15434,0,3200,3200
15435,0,3200,3200
15436,0,3200,3200
15437,0,3200,3200
15438,0,3200,3200
15439,0,3200,3200
15440,0,3200,3200
15441,0,3200,3200
15442,0,3200,3200
15443,0,3200,3200
15444,0,3200,3200
15445,0,3200,3200
15446,0,3200,3200
15447,0,3200,3200
15448,0,3200,3200
15449,0,3200,3200
15450,0,3200,3200
15451,0,3200,3200
15452,0,3200,3200
15453,0,3200,3200
15454,0,3200,3200
15455,0,3200,3200
15456,0,3200,3200
15457,0,3200,3200
15458,0,3200,3200
15459,0,3200,3200
15460,0,3200,3200
15461,0,3200,3200
15462,0,3200,3200
15463,0,3200,3200
15464,0,3200,3200
15465,0,3200,3200
15466,0,3200,3200
15467,0,3200,3200
15468,0,3200,3200
15469,0,3200,3200
15470,0,3200,3200
15471,0,3200,3200
15472,0,3200,3200
15473,0,3200,3200
15474,0,3200,3200
15475,0,3200,3200
15476,0,3200,3200
15477,0,3200,3200
15478,0,3200,3200
15479,0,3200,3200
15480,0,3200,3200
15481,0,3200,3200
15482,0,3200,3200
15483,0,3200,3200
15484,0,3200,3200
15485,0,3200,3200
15486,0,3200,3200
15487,0,3200,3200
15488,0,3200,3200
15489,0,3200,3200
15490,0,3200,3200
15491,0,3200,3200
15492,0,3200,3200
15493,0,3200,3200
15494,0,3200,3200
15495,0,3200,3200
15496,0,3200,3200
15497,0,3200,3200
15498,0,3200,3200
15499,0,3200,3200
15500,0,3200,3200
15501,0,3200,3200
15502,0,3200,3200
15503,0,3200,3200
15504,0,3200,3200
15505,0,3200,3200
15506,0,3200,3200
15507,0,3200,3200
15508,0,3200,3200
15509,0,3200,3200
15510,0,3200,3200
15511,0,3200,3200
15512,0,3200,3200
15513,0,3200,3200
15514,0,3200,3200
15515,0,3200,3200
15516,0,3200,3200
15517,0,3200,3200
15518,0,3200,3200
15519,0,3200,3200
15520,0,3200,3200
15521,0,3200,3200
15522,0,3200,3200
15523,0,3200,3200
15524,0,3200,3200
15525,0,3200,3200
15526,0,3200,3200
15527,0,3200,3200
15528,0,3200,3200
15529,0,3200,3200
15530,0,3200,3200
15531,0,3200,3200
15532,0,3200,3200
15533,0,3200,3200
15534,0,3200,3200
15535,0,3200,3200
15536,0,3200,3200
15537,0,3200,3200
15538,0,3200,3200
15539,0,3200,3200
15540,0,3200,3200
15541,0,3200,3200
15542,0,3200,3200
15543,0,3200,3200
15544,0,3200,3200
15545,0,3200,3200
15546,0,3200,3200
15547,0,3200,3200
15548,0,3200,3200
15549,0,3200,3200
15550,0,3200,3200
15551,0,3200,3200
15552,0,3200,3200
15553,0,3200,3200
15554,0,3200,3200
15555,0,3200,3200
15556,0,3200,3200
15557,0,3200,3200
15558,0,3200,3200
15559,0,3200,3200
15560,0,3200,3200
15561,0,3200,3200
15562,0,3200,3200
15563,0,3200,3200
15564,0,3200,3200
15565,0,3200,3200
15566,0,3200,3200
15567,0,3200,3200
15568,0,3200,3200
15569,0,3200,3200
15570,0,3200,3200
15571,0,3200,3200
15572,0,3200,3200
15573,0,3200,3200
15574,0,3200,3200
15575,0,3200,3200
15576,0,3200,3200
15577,0,3200,3200
15578,0,3200,3200
15579,0,3200,3200
15580,0,3200,3200
15581,0,3200,3200
15582,0,3200,3200
15583,0,3200,3200
15584,0,3200,3200
15585,0,3200,3200
15586,0,3200,3200
15587,0,3200,3200
15588,0,3200,3200
15589,0,3200,3200
15590,0,3200,3200
15591,0,3200,3200
15592,0,3200,3200
15593,0,3200,3200
15594,0,3200,3200
15595,0,3200,3200
15596,0,3200,3200
15597,0,3200,3200
15598,0,3200,3200
15599,0,3200,3200
15600,0,3200,3200
15601,0,3200,3200
15602,0,3200,3200
15603,0,3200,3200
15604,0,3200,3200
15605,0,3200,3200
15606,0,3200,3200
15607,0,3200,3200
15608,0,3200,3200
15609,0,3200,3200
15610,0,3200,3200
15611,0,3200,3200
15612,0,3200,3200
15613,0,3200,3200
15614,0,3200,3200
15615,0,3200,3200
15616,0,3200,3200
15617,0,3200,3200
15618,0,3200,3200
15619,0,3200,3200
15620,0,3200,3200
15621,0,3200,3200
15622,0,3200,3200
15623,0,3200,3200
15624,0,3200,3200
15625,0,3200,3200
15626,0,3200,3200
15627,0,3200,3200
15628,0,3200,3200
15629,0,3200,3200
15630,0,3200,3200
15631,0,3200,3200
15632,0,3200,3200
15633,0,3200,3200
15634,0,3200,3200
15635,0,3200,3200
15636,0,3200,3200
15637,0,3200,3200
15638,0,3200,3200
15639,0,3200,3200
15640,0,3200,3200
15641,0,3200,3200
15642,0,3200,3200
15643,0,3200,3200
15644,0,3200,3200
15645,0,3200,3200
15646,0,3200,3200
15647,0,3200,3200
15648,0,3200,3200
15649,0,3200,3200
15650,0,3200,3200
15651,0,3200,3200
15652,0,3200,3200
15653,0,3200,3200
15654,0,3200,3200
15655,0,3200,3200
15656,0,3200,3200
15657,0,3200,3200
15658,0,3200,3200
15659,0,3200,3200
15660,0,3200,3200
15661,0,3200,3200
15662,0,3200,3200
15663,0,3200,3200
15664,0,3200,3200
15665,0,3200,3200
15666,0,3200,3200
15667,0,3200,3200
15668,0,3200,3200
15669,0,3200,3200
15670,0,3200,3200
15671,0,3200,3200
15672,0,3200,3200
15673,0,3200,3200
15674,0,3200,3200
15675,0,3200,3200
15676,0,3200,3200
15677,0,3200,3200
15678,0,3200,3200
15679,0,3200,3200
15680,0,3200,3200
15681,0,3200,3200
15682,0,3200,3200
15683,0,3200,3200
15684,0,3200,3200
15685,0,3200,3200
15686,0,3200,3200
15687,0,3200,3200
15688,0,3200,3200
15689,0,3200,3200
15690,0,3200,3200
15691,0,3200,3200
15692,0,3200,3200
15693,0,3200,3200
15694,0,3200,3200
15695,0,3200,3200
15696,0,3200,3200
15697,0,3200,3200
15698,0,3200,3200
15699,0,3200,3200
15700,0,3200,3200
15701,0,3200,3200
15702,0,3200,3200
15703,0,3200,3200
15704,0,3200,3200
15705,0,3200,3200
15706,0,3200,3200
15707,0,3200,3200
15708,0,3200,3200
15709,0,3200,3200
15710,0,3200,3200
15711,0,3200,3200
15712,0,3200,3200
15713,0,3200,3200
15714,0,3200,3200
15715,0,3200,3200
15716,0,3200,3200
15717,0,3200,3200
15718,0,3200,3200
15719,0,3200,3200
15720,0,3200,3200
15721,0,3200,3200
15722,0,3200,3200
15723,0,3200,3200
15724,0,3200,3200
15725,0,3200,3200
15726,0,3200,3200
15727,0,3200,3200
15728,0,3200,3200
15729,0,3200,3200
15730,0,3200,3200
15731,0,3200,3200
15732,0,3200,3200
15733,0,3200,3200
15734,0,3200,3200
15735,0,3200,3200
15736,0,3200,3200
15737,0,3200,3200
15738,0,3200,3200
15739,0,3200,3200
15740,0,3200,3200
15741,0,3200,3200
15742,0,3200,3200
15743,0,3200,3200
15744,0,3200,3200
15745,0,3200,3200
15746,0,3200,3200
15747,0,3200,3200
15748,0,3200,3200
15749,0,3200,3200
15750,0,3200,3200
15751,0,3200,3200
15752,0,3200,3200
15753,0,3200,3200
15754,0,3200,3200
15755,0,3200,3200
15756,0,3200,3200
15757,0,3200,3200
15758,0,3200,3200
15759,0,3200,3200
15760,0,3200,3200
15761,0,3200,3200
15762,0,3200,3200
15763,0,3200,3200
15764,0,3200,3200
15765,0,3200,3200
15766,0,3200,3200
15767,0,3200,3200
15768,0,3200,3200
15769,0,3200,3200
15770,0,3200,3200
15771,0,3200,3200
15772,0,3200,3200
15773,0,3200,3200
15774,0,3200,3200
15775,0,3200,3200
15776,0,3200,3200
15777,0,3200,3200
15778,0,3200,3200
15779,0,3200,3200
15780,0,3200,3200
15781,0,3200,3200
15782,0,3200,3200
15783,0,3200,3200
15784,0,3200,3200
15785,0,3200,3200
15786,0,3200,3200
15787,0,3200,3200
15788,0,3200,3200
15789,0,3200,3200
15790,0,3200,3200
15791,0,3200,3200
15792,0,3200,3200
15793,0,3200,3200
15794,0,3200,3200
15795,0,3200,3200
15796,0,3200,3200
15797,0,3200,3200
15798,0,3200,3200
15799,0,3200,3200
15800,0,3200,3200
15801,0,3200,3200
15802,0,3200,3200
15803,0,3200,3200
15804,0,3200,3200
15805,0,3200,3200
15806,0,3200,3200
15807,0,3200,3200
15808,0,3200,3200
15809,0,3200,3200
15810,0,3200,3200
15811,0,3200,3200
15812,0,3200,3200
15813,0,3200,3200
15814,0,3200,3200
15815,0,3200,3200
15816,0,3200,3200
15817,0,3200,3200
15818,0,3200,3200
15819,0,3200,3200
15820,0,3200,3200
15821,0,3200,3200
15822,0,3200,3200
15823,0,3200,3200
15824,0,3200,3200
15825,0,3200,3200
15826,0,3200,3200
15827,0,3200,3200
15828,0,3200,3200
15829,0,3200,3200
15830,0,3200,3200
15831,0,3200,3200
15832,0,3200,3200
15833,0,3200,3200
15834,0,3200,3200
15835,0,3200,3200
15836,0,3200,3200
15837,0,3200,3200
15838,0,3200,3200
15839,0,3200,3200
15840,0,3200,3200
15841,0,3200,3200
15842,0,3200,3200
15843,0,3200,3200
15844,0,3200,3200
15845,0,3200,3200
15846,0,3200,3200
15847,0,3200,3200
15848,0,3200,3200
15849,0,3200,3200
15850,0,3200,3200
15851,0,3200,3200
15852,0,3200,3200
15853,0,3200,3200
15854,0,3200,3200
15855,0,3200,3200
15856,0,3200,3200
15857,0,3200,3200
15858,0,3200,3200
15859,0,3200,3200
15860,0,3200,3200
15861,0,3200,3200
15862,0,3200,3200
15863,0,3200,3200
15864,0,3200,3200
15865,0,3200,3200
15866,0,3200,3200
15867,0,3200,3200
15868,0,3200,3200
15869,0,3200,3200
15870,0,3200,3200
15871,0,3200,3200
15872,0,3200,3200
15873,0,3200,3200
15874,0,3200,3200
15875,0,3200,3200
15876,0,3200,3200
15877,0,3200,3200
15878,0,3200,3200
15879,0,3200,3200
15880,0,3200,3200
15881,0,3200,3200
15882,0,3200,3200
15883,0,3200,3200
15884,0,3200,3200
15885,0,3200,3200
15886,0,3200,3200
15887,0,3200,3200
15888,0,3200,3200
15889,0,3200,3200
15890,0,3200,3200
15891,0,3200,3200
15892,0,3200,3200
15893,0,3200,3200
15894,0,3200,3200
15895,0,3200,3200
15896,0,3200,3200
15897,0,3200,3200
15898,0,3200,3200
15899,0,3200,3200
15900,0,3200,3200
15901,0,3200,3200
15902,0,3200,3200
15903,0,3200,3200
15904,0,3200,3200
15905,0,3200,3200
15906,0,3200,3200
15907,0,3200,3200
15908,0,3200,3200
15909,0,3200,3200
15910,0,3200,3200
15911,0,3200,3200
15912,0,3200,3200
15913,0,3200,3200
15914,0,3200,3200
15915,0,3200,3200
15916,0,3200,3200
15917,0,3200,3200
15918,0,3200,3200
15919,0,3200,3200
15920,0,3200,3200
15921,0,3200,3200
15922,0,3200,3200
15923,0,3200,3200
15924,0,3200,3200
15925,0,3200,3200
15926,0,3200,3200
15927,0,3200,3200
15928,0,3200,3200
15929,0,3200,3200
15930,0,3200,3200
15931,0,3200,3200
15932,0,3200,3200
15933,0,3200,3200
15934,0,3200,3200
15935,0,3200,3200
15936,0,3200,3200
15937,0,3200,3200
15938,0,3200,3200
15939,0,3200,3200
15940,0,3200,3200
15941,0,3200,3200
15942,0,3200,3200
15943,0,3200,3200
15944,0,3200,3200
15945,0,3200,3200
15946,0,3200,3200
15947,0,3200,3200
15948,0,3200,3200
15949,0,3200,3200
15950,0,3200,3200
15951,0,3200,3200
15952,0,3200,3200
15953,0,3200,3200
15954,0,3200,3200
15955,0,3200,3200
15956,0,3200,3200
15957,0,3200,3200
15958,0,3200,3200
15959,0,3200,3200
15960,0,3200,3200
15961,0,3200,3200
15962,0,3200,3200
15963,0,3200,3200
15964,0,3200,3200
15965,0,3200,3200
15966,0,3200,3200
15967,0,3200,3200
15968,0,3200,3200
15969,0,3200,3200
15970,0,3200,3200
15971,0,3200,3200
15972,0,3200,3200
15973,0,3200,3200
15974,0,3200,3200
15975,0,3200,3200
15976,0,3200,3200
15977,0,3200,3200
15978,0,3200,3200
15979,0,3200,3200
15980,0,3200,3200
15981,0,3200,3200
15982,0,3200,3200
15983,0,3200,3200
15984,0,3200,3200
15985,0,3200,3200
15986,0,3200,3200
15987,0,3200,3200
15988,0,3200,3200
15989,0,3200,3200
15990,0,3200,3200
15991,0,3200,3200
15992,0,3200,3200
15993,0,3200,3200
15994,0,3200,3200
15995,0,3200,3200
15996,0,3200,3200
15997,0,3200,3200
15998,0,3200,3200
15999,0,3200,3200
16000,0,3200,3200
16001,0,3200,3200
16002,0,3200,3200
16003,0,3200,3200
16004,0,3200,3200
16005,0,3200,3200
16006,0,3200,3200
16007,0,3200,3200
16008,0,3200,3200
16009,0,3200,3200
16010,0,3200,3200
16011,0,3200,3200
16012,0,3200,3200
16013,0,3200,3200
16014,0,3200,3200
16015,0,3200,3200
16016,0,3200,3200
16017,0,3200,3200
16018,0,3200,3200
16019,0,3200,3200
16020,0,3200,3200
16021,0,3200,3200
16022,0,3200,3200
16023,0,3200,3200
16024,0,3200,3200
16025,0,3200,3200
16026,0,3200,3200
16027,0,3200,3200
16028,0,3200,3200
16029,0,3200,3200
16030,0,3200,3200
16031,0,3200,3200
16032,0,3200,3200
16033,0,3200,3200
16034,0,3200,3200
16035,0,3200,3200
16036,0,3200,3200
16037,0,3200,3200
16038,0,3200,3200
16039,0,3200,3200
16040,0,3200,3200
16041,0,3200,3200
16042,0,3200,3200
16043,0,3200,3200
16044,0,3200,3200
16045,0,3200,3200
16046,0,3200,3200
16047,0,3200,3200
16048,0,3200,3200
16049,0,3200,3200
16050,0,3200,3200
16051,0,3200,3200
16052,0,3200,3200
16053,0,3200,3200
16054,0,3200,3200
16055,0,3200,3200
16056,0,3200,3200
16057,0,3200,3200
16058,0,3200,3200
16059,0,3200,3200
16060,0,3200,3200
16061,0,3200,3200
16062,0,3200,3200
16063,0,3200,3200
16064,0,3200,3200
16065,0,3200,3200
16066,0,3200,3200
16067,0,3200,3200
16068,0,3200,3200
16069,0,3200,3200
16070,0,3200,3200
16071,0,3200,3200
16072,0,3200,3200
16073,0,3200,3200
16074,0,3200,3200
16075,0,3200,3200
16076,0,3200,3200
16077,0,3200,3200
16078,0,3200,3200
16079,0,3200,3200
16080,0,3200,3200
16081,0,3200,3200
16082,0,3200,3200
16083,0,3200,3200
16084,0,3200,3200
16085,0,3200,3200
16086,0,3200,3200
16087,0,3200,3200
16088,0,3200,3200
16089,0,3200,3200
16090,0,3200,3200
16091,0,3200,3200
16092,0,3200,3200
16093,0,3200,3200
16094,0,3200,3200
16095,0,3200,3200
16096,0,3200,3200
16097,0,3200,3200
16098,0,3200,3200
16099,0,3200,3200
16100,0,3200,3200
16101,0,3200,3200
16102,0,3200,3200
16103,0,3200,3200
16104,0,3200,3200
16105,0,3200,3200
16106,0,3200,3200
16107,0,3200,3200
16108,0,3200,3200
16109,0,3200,3200
16110,0,3200,3200
16111,0,3200,3200
16112,0,3200,3200
16113,0,3200,3200
16114,0,3200,3200
16115,0,3200,3200
16116,0,3200,3200
16117,0,3200,3200
16118,0,3200,3200
16119,0,3200,3200
16120,0,3200,3200
16121,0,3200,3200
16122,0,3200,3200
16123,0,3200,3200
16124,0,3200,3200
16125,0,3200,3200
16126,0,3200,3200
16127,0,3200,3200
16128,0,3200,3200
16129,0,3200,3200
16130,0,3200,3200
16131,0,3200,3200
16132,0,3200,3200
16133,0,3200,3200
16134,0,3200,3200
16135,0,3200,3200
16136,0,3200,3200
16137,0,3200,3200
16138,0,3200,3200
16139,0,3200,3200
16140,0,3200,3200
16141,0,3200,3200
16142,0,3200,3200
16143,0,3200,3200
16144,0,3200,3200
16145,0,3200,3200
16146,0,3200,3200
16147,0,3200,3200
16148,0,3200,3200
16149,0,3200,3200
16150,0,3200,3200
16151,0,3200,3200
16152,0,3200,3200
16153,0,3200,3200
16154,0,3200,3200
16155,0,3200,3200
16156,0,3200,3200
16157,0,3200,3200
16158,0,3200,3200
16159,0,3200,3200
16160,0,3200,3200
16161,0,3200,3200
16162,0,3200,3200
16163,0,3200,3200
16164,0,3200,3200
16165,0,3200,3200
16166,0,3200,3200
16167,0,3200,3200
16168,0,3200,3200
16169,0,3200,3200
16170,0,3200,3200
16171,0,3200,3200
16172,0,3200,3200
16173,0,3200,3200
16174,0,3200,3200
16175,0,3200,3200
16176,0,3200,3200
16177,0,3200,3200
16178,0,3200,3200
16179,0,3200,3200
16180,0,3200,3200
16181,0,3200,3200
16182,0,3200,3200
16183,0,3200,3200
16184,0,3200,3200
16185,0,3200,3200
16186,0,3200,3200
16187,0,3200,3200
16188,0,3200,3200
16189,0,3200,3200
16190,0,3200,3200
16191,0,3200,3200
16192,0,3200,3200
16193,0,3200,3200
16194,0,3200,3200
16195,0,3200,3200
16196,0,3200,3200
16197,0,3200,3200
16198,0,3200,3200
16199,0,3200,3200
16200,0,3200,3200
16201,0,3200,3200
16202,0,3200,3200
16203,0,3200,3200
16204,0,3200,3200
16205,0,3200,3200
16206,0,3200,3200
16207,0,3200,3200
16208,0,3200,3200
16209,0,3200,3200
16210,0,3200,3200
16211,0,3200,3200
16212,0,3200,3200
16213,0,3200,3200
16214,0,3200,3200
16215,0,3200,3200
16216,0,3200,3200
16217,0,3200,3200
16218,0,3200,3200
16219,0,3200,3200
16220,0,3200,3200
16221,0,3200,3200
16222,0,3200,3200
16223,0,3200,3200
16224,0,3200,3200
16225,0,3200,3200
16226,0,3200,3200
16227,0,3200,3200
16228,0,3200,3200
16229,0,3200,3200
16230,0,3200,3200
16231,0,3200,3200
16232,0,3200,3200
16233,0,3200,3200
16234,0,3200,3200
16235,0,3200,3200
16236,0,3200,3200
16237,0,3200,3200
16238,0,3200,3200
16239,0,3200,3200
16240,0,3200,3200
16241,0,3200,3200
16242,0,3200,3200
16243,0,3200,3200
16244,0,3200,3200
16245,0,3200,3200
16246,0,3200,3200
16247,0,3200,3200
16248,0,3200,3200
16249,0,3200,3200
16250,0,3200,3200
16251,0,3200,3200
16252,0,3200,3200
16253,0,3200,3200
16254,0,3200,3200
16255,0,3200,3200
16256,0,3200,3200
16257,0,3200,3200
16258,0,3200,3200
16259,0,3200,3200
16260,0,3200,3200
16261,0,3200,3200
16262,0,3200,3200
16263,0,3200,3200
16264,0,3200,3200
16265,0,3200,3200
16266,0,3200,3200
16267,0,3200,3200
16268,0,3200,3200
16269,0,3200,3200
16270,0,3200,3200
16271,0,3200,3200
16272,0,3200,3200
16273,0,3200,3200
16274,0,3200,3200
16275,0,3200,3200
16276,0,3200,3200
16277,0,3200,3200
16278,0,3200,3200
16279,0,3200,3200
16280,0,3200,3200
16281,0,3200,3200
16282,0,3200,3200
16283,0,3200,3200
16284,0,3200,3200
16285,0,3200,3200
16286,0,3200,3200
16287,0,3200,3200
16288,0,3200,3200
16289,0,3200,3200
16290,0,3200,3200
16291,0,3200,3200
16292,0,3200,3200
16293,0,3200,3200
16294,0,3200,3200
16295,0,3200,3200
16296,0,3200,3200
16297,0,3200,3200
16298,0,3200,3200
16299,0,3200,3200
16300,0,3200,3200
16301,0,3200,3200
16302,0,3200,3200
16303,0,3200,3200
16304,0,3200,3200
16305,0,3200,3200
16306,0,3200,3200
16307,0,3200,3200
16308,0,3200,3200
16309,0,3200,3200
16310,0,3200,3200
16311,0,3200,3200
16312,0,3200,3200
16313,0,3200,3200
16314,0,3200,3200
16315,0,3200,3200
16316,0,3200,3200
16317,0,3200,3200
16318,0,3200,3200
16319,0,3200,3200
16320,0,3200,3200
16321,0,3200,3200
16322,0,3200,3200
16323,0,3200,3200
16324,0,3200,3200
16325,0,3200,3200
16326,0,3200,3200
16327,0,3200,3200
16328,0,3200,3200
16329,0,3200,3200
16330,0,3200,3200
16331,0,3200,3200
16332,0,3200,3200
16333,0,3200,3200
16334,0,3200,3200
16335,0,3200,3200
16336,0,3200,3200
16337,0,3200,3200
16338,0,3200,3200
16339,0,3200,3200
16340,0,3200,3200
16341,0,3200,3200
16342,0,3200,3200
16343,0,3200,3200
16344,0,3200,3200
16345,0,3200,3200
16346,0,3200,3200
16347,0,3200,3200
16348,0,3200,3200
16349,0,3200,3200
16350,0,3200,3200
16351,0,3200,3200
16352,0,3200,3200
16353,0,3200,3200
16354,0,3200,3200
16355,0,3200,3200
16356,0,3200,3200
16357,0,3200,3200
16358,0,3200,3200
16359,0,3200,3200
16360,0,3200,3200
16361,0,3200,3200
16362,0,3200,3200
16363,0,3200,3200
16364,0,3200,3200
16365,0,3200,3200
16366,0,3200,3200
16367,0,3200,3200
16368,0,3200,3200
16369,0,3200,3200
16370,0,3200,3200
16371,0,3200,3200
16372,0,3200,3200
16373,0,3200,3200
16374,0,3200,3200
16375,0,3200,3200
16376,0,3200,3200
16377,0,3200,3200
16378,0,3200,3200
16379,0,3200,3200
16380,0,3200,3200
16381,0,3200,3200
16382,0,3200,3200
16383,0,3200,3200
16384,0,3200,3200
16385,0,3200,3200
16386,0,3200,3200
16387,0,3200,3200
16388,0,3200,3200
16389,0,3200,3200
16390,0,3200,3200
16391,0,3200,3200
16392,0,3200,3200
16393,0,3200,3200
16394,0,3200,3200
16395,0,3200,3200
16396,0,3200,3200
16397,0,3200,3200
16398,0,3200,3200
16399,0,3200,3200
16400,0,3200,3200
16401,0,3200,3200
16402,0,3200,3200
16403,0,3200,3200
16404,0,3200,3200
16405,0,3200,3200
16406,0,3200,3200
16407,0,3200,3200
16408,0,3200,3200
16409,0,3200,3200
16410,0,3200,3200
16411,0,3200,3200
16412,0,3200,3200
16413,0,3200,3200
16414,0,3200,3200
16415,0,3200,3200
16416,0,3200,3200
16417,0,3200,3200
16418,0,3200,3200
16419,0,3200,3200
16420,0,3200,3200
16421,0,3200,3200
16422,0,3200,3200
16423,0,3200,3200
16424,0,3200,3200
16425,0,3200,3200
16426,0,3200,3200
16427,0,3200,3200
16428,0,3200,3200
16429,0,3200,3200
16430,0,3200,3200
16431,0,3200,3200
16432,0,3200,3200
16433,0,3200,3200
16434,0,3200,3200
16435,0,3200,3200
16436,0,3200,3200
16437,0,3200,3200
16438,0,3200,3200
16439,0,3200,3200
16440,0,3200,3200
16441,0,3200,3200
16442,0,3200,3200
16443,0,3200,3200
16444,0,3200,3200
16445,0,3200,3200
16446,0,3200,3200
16447,0,3200,3200
16448,0,3200,3200
16449,0,3200,3200
16450,0,3200,3200
16451,0,3200,3200
16452,0,3200,3200
16453,0,3200,3200
16454,0,3200,3200
16455,0,3200,3200
16456,0,3200,3200
16457,0,3200,3200
16458,0,3200,3200
16459,0,3200,3200
16460,0,3200,3200
16461,0,3200,3200
16462,0,3200,3200
16463,0,3200,3200
16464,0,3200,3200
16465,0,3200,3200
16466,0,3200,3200
16467,0,3200,3200
16468,0,3200,3200
16469,0,3200,3200
16470,0,3200,3200
16471,0,3200,3200
16472,0,3200,3200
16473,0,3200,3200
16474,0,3200,3200
16475,0,3200,3200
16476,0,3200,3200
16477,0,3200,3200
16478,0,3200,3200
16479,0,3200,3200
16480,0,3200,3200
16481,0,3200,3200
16482,0,3200,3200
16483,0,3200,3200
16484,0,3200,3200
16485,0,3200,3200
16486,0,3200,3200
16487,0,3200,3200
16488,0,3200,3200
16489,0,3200,3200
16490,0,3200,3200
16491,0,3200,3200
16492,0,3200,3200
16493,0,3200,3200
16494,0,3200,3200
16495,0,3200,3200
16496,0,3200,3200
16497,0,3200,3200
16498,0,3200,3200
16499,0,3200,3200
16500,0,3200,3200
16501,0,3200,3200
16502,0,3200,3200
16503,0,3200,3200
16504,0,3200,3200
16505,0,3200,3200
16506,0,3200,3200
16507,0,3200,3200
16508,0,3200,3200
16509,0,3200,3200
16510,0,3200,3200
16511,0,3200,3200
16512,0,3200,3200
16513,0,3200,3200
16514,0,3200,3200
16515,0,3200,3200
16516,0,3200,3200
16517,0,3200,3200
16518,0,3200,3200
16519,0,3200,3200
16520,0,3200,3200
16521,0,3200,3200
16522,0,3200,3200
16523,0,3200,3200
16524,0,3200,3200
16525,0,3200,3200
16526,0,3200,3200
16527,0,3200,3200
16528,0,3200,3200
16529,0,3200,3200
16530,0,3200,3200
16531,0,3200,3200
16532,0,3200,3200
16533,0,3200,3200
16534,0,3200,3200
16535,0,3200,3200
16536,0,3200,3200
16537,0,3200,3200
16538,0,3200,3200
16539,0,3200,3200
16540,0,3200,3200
16541,0,3200,3200
16542,0,3200,3200
16543,0,3200,3200
16544,0,3200,3200
16545,0,3200,3200
16546,0,3200,3200
16547,0,3200,3200
16548,0,3200,3200
16549,0,3200,3200
16550,0,3200,3200
16551,0,3200,3200
16552,0,3200,3200
16553,0,3200,3200
16554,0,3200,3200
16555,0,3200,3200
16556,0,3200,3200
16557,0,3200,3200
16558,0,3200,3200
16559,0,3200,3200
16560,0,3200,3200
16561,0,3200,3200
16562,0,3200,3200
16563,0,3200,3200
16564,0,3200,3200
16565,0,3200,3200
16566,0,3200,3200
16567,0,3200,3200
16568,0,3200,3200
16569,0,3200,3200
16570,0,3200,3200
16571,0,3200,3200
16572,0,3200,3200
16573,0,3200,3200
16574,0,3200,3200
16575,0,3200,3200
16576,0,3200,3200
16577,0,3200,3200
16578,0,3200,3200
16579,0,3200,3200
16580,0,3200,3200
16581,0,3200,3200
16582,0,3200,3200
16583,0,3200,3200
16584,0,3200,3200
16585,0,3200,3200
16586,0,3200,3200
16587,0,3200,3200
16588,0,3200,3200
16589,0,3200,3200
16590,0,3200,3200
16591,0,3200,3200
16592,0,3200,3200
16593,0,3200,3200
16594,0,3200,3200
16595,0,3200,3200
16596,0,3200,3200
16597,0,3200,3200
16598,0,3200,3200
16599,0,3200,3200
16600,0,3200,3200
16601,0,3200,3200
16602,0,3200,3200
16603,0,3200,3200
16604,0,3200,3200
16605,0,3200,3200
16606,0,3200,3200
16607,0,3200,3200
16608,0,3200,3200
16609,0,3200,3200
16610,0,3200,3200
16611,0,3200,3200
16612,0,3200,3200
16613,0,3200,3200
16614,0,3200,3200
16615,0,3200,3200
16616,0,3200,3200
16617,0,3200,3200
16618,0,3200,3200
16619,0,3200,3200
16620,0,3200,3200
16621,0,3200,3200
16622,0,3200,3200
16623,0,3200,3200
16624,0,3200,3200
16625,0,3200,3200
16626,0,3200,3200
16627,0,3200,3200
16628,0,3200,3200
16629,0,3200,3200
16630,0,3200,3200
16631,0,3200,3200
16632,0,3200,3200
16633,0,3200,3200
16634,0,3200,3200
16635,0,3200,3200
16636,0,3200,3200
16637,0,3200,3200
16638,0,3200,3200
16639,0,3200,3200
16640,0,3200,3200
16641,0,3200,3200
16642,0,3200,3200
16643,0,3200,3200
16644,0,3200,3200
16645,0,3200,3200
16646,0,3200,3200
16647,0,3200,3200
16648,0,3200,3200
16649,0,3200,3200
16650,0,3200,3200
16651,0,3200,3200
16652,0,3200,3200
16653,0,3200,3200
16654,0,3200,3200
16655,0,3200,3200
16656,0,3200,3200
16657,0,3200,3200
16658,0,3200,3200
16659,0,3200,3200
16660,0,3200,3200
16661,0,3200,3200
16662,0,3200,3200
16663,0,3200,3200
16664,0,3200,3200
16665,0,3200,3200
16666,0,3200,3200
16667,0,3200,3200
16668,0,3200,3200
16669,0,3200,3200
16670,0,3200,3200
16671,0,3200,3200
16672,0,3200,3200
16673,0,3200,3200
16674,0,3200,3200
16675,0,3200,3200
16676,0,3200,3200
16677,0,3200,3200
16678,0,3200,3200
16679,0,3200,3200
16680,0,3200,3200
16681,0,3200,3200
16682,0,3200,3200
16683,0,3200,3200
16684,0,3200,3200
16685,0,3200,3200
16686,0,3200,3200
16687,0,3200,3200
16688,0,3200,3200
16689,0,3200,3200
16690,0,3200,3200
16691,0,3200,3200
16692,0,3200,3200
16693,0,3200,3200
16694,0,3200,3200
16695,0,3200,3200
16696,0,3200,3200
16697,0,3200,3200
16698,0,3200,3200
16699,0,3200,3200
16700,0,3200,3200
16701,0,3200,3200
16702,0,3200,3200
16703,0,3200,3200
16704,0,3200,3200
16705,0,3200,3200
16706,0,3200,3200
16707,0,3200,3200
16708,0,3200,3200
16709,0,3200,3200
16710,0,3200,3200
16711,0,3200,3200
16712,0,3200,3200
16713,0,3200,3200
16714,0,3200,3200
16715,0,3200,3200
16716,0,3200,3200
16717,0,3200,3200
16718,0,3200,3200
16719,0,3200,3200
16720,0,3200,3200
16721,0,3200,3200
16722,0,3200,3200
16723,0,3200,3200
16724,0,3200,3200
16725,0,3200,3200
16726,0,3200,3200
16727,0,3200,3200
16728,0,3200,3200
16729,0,3200,3200
16730,0,3200,3200
16731,0,3200,3200
16732,0,3200,3200
16733,0,3200,3200
16734,0,3200,3200
16735,0,3200,3200
16736,0,3200,3200
16737,0,3200,3200
16738,0,3200,3200
16739,0,3200,3200
16740,0,3200,3200
16741,0,3200,3200
16742,0,3200,3200
16743,0,3200,3200
16744,0,3200,3200
16745,0,3200,3200
16746,0,3200,3200
16747,0,3200,3200
16748,0,3200,3200
16749,0,3200,3200
16750,0,3200,3200
16751,0,3200,3200
16752,0,3200,3200
16753,0,3200,3200
16754,0,3200,3200
16755,0,3200,3200
16756,0,3200,3200
16757,0,3200,3200
16758,0,3200,3200
16759,0,3200,3200
16760,0,3200,3200
16761,0,3200,3200
16762,0,3200,3200
16763,0,3200,3200
16764,0,3200,3200
16765,0,3200,3200
16766,0,3200,3200
16767,0,3200,3200
16768,0,3200,3200
16769,0,3200,3200
16770,0,3200,3200
16771,0,3200,3200
16772,0,3200,3200
16773,0,3200,3200
16774,0,3200,3200
16775,0,3200,3200
16776,0,3200,3200
16777,0,3200,3200
16778,0,3200,3200
16779,0,3200,3200
16780,0,3200,3200
16781,0,3200,3200
16782,0,3200,3200
16783,0,3200,3200
16784,0,3200,3200
16785,0,3200,3200
16786,0,3200,3200
16787,0,3200,3200
16788,0,3200,3200
16789,0,3200,3200
16790,0,3200,3200
16791,0,3200,3200
16792,0,3200,3200
16793,0,3200,3200
16794,0,3200,3200
16795,0,3200,3200
16796,0,3200,3200
16797,0,3200,3200
16798,0,3200,3200
16799,0,3200,3200
16800,0,3200,3200
16801,0,3200,3200
16802,0,3200,3200
16803,0,3200,3200
16804,0,3200,3200
16805,0,3200,3200
16806,0,3200,3200
16807,0,3200,3200
16808,0,3200,3200
16809,0,3200,3200
16810,0,3200,3200
16811,0,3200,3200
16812,0,3200,3200
16813,0,3200,3200
16814,0,3200,3200
16815,0,3200,3200
16816,0,3200,3200
16817,0,3200,3200
16818,0,3200,3200
16819,0,3200,3200
16820,0,3200,3200
16821,0,3200,3200
16822,0,3200,3200
16823,0,3200,3200
16824,0,3200,3200
16825,0,3200,3200
16826,0,3200,3200
16827,0,3200,3200
16828,0,3200,3200
16829,0,3200,3200
16830,0,3200,3200
16831,0,3200,3200
16832,0,3200,3200
16833,0,3200,3200
16834,0,3200,3200
16835,0,3200,3200
16836,0,3200,3200
16837,0,3200,3200
16838,0,3200,3200
16839,0,3200,3200
16840,0,3200,3200
16841,0,3200,3200
16842,0,3200,3200
16843,0,3200,3200
16844,0,3200,3200
16845,0,3200,3200
16846,0,3200,3200
16847,0,3200,3200
16848,0,3200,3200
16849,0,3200,3200
16850,0,3200,3200
16851,0,3200,3200
16852,0,3200,3200
16853,0,3200,3200
16854,0,3200,3200
16855,0,3200,3200
16856,0,3200,3200
16857,0,3200,3200
16858,0,3200,3200
16859,0,3200,3200
16860,0,3200,3200
16861,0,3200,3200
16862,0,3200,3200
16863,0,3200,3200
16864,0,3200,3200
16865,0,3200,3200
16866,0,3200,3200
16867,0,3200,3200
16868,0,3200,3200
16869,0,3200,3200
16870,0,3200,3200
16871,0,3200,3200
16872,0,3200,3200
16873,0,3200,3200
16874,0,3200,3200
16875,0,3200,3200
16876,0,3200,3200
16877,0,3200,3200
16878,0,3200,3200
16879,0,3200,3200
16880,0,3200,3200
16881,0,3200,3200
16882,0,3200,3200
16883,0,3200,3200
16884,0,3200,3200
16885,0,3200,3200
16886,0,3200,3200
16887,0,3200,3200
16888,0,3200,3200
16889,0,3200,3200
16890,0,3200,3200
16891,0,3200,3200
16892,0,3200,3200
16893,0,3200,3200
16894,0,3200,3200
16895,0,3200,3200
16896,0,3200,3200
16897,0,3200,3200
16898,0,3200,3200
16899,0,3200,3200
16900,0,3200,3200
16901,0,3200,3200
16902,0,3200,3200
16903,0,3200,3200
16904,0,3200,3200
16905,0,3200,3200
16906,0,3200,3200
16907,0,3200,3200
16908,0,3200,3200
16909,0,3200,3200
16910,0,3200,3200
16911,0,3200,3200
16912,0,3200,3200
16913,0,3200,3200
16914,0,3200,3200
16915,0,3200,3200
16916,0,3200,3200
16917,0,3200,3200
16918,0,3200,3200
16919,0,3200,3200
16920,0,3200,3200
16921,0,3200,3200
16922,0,3200,3200
16923,0,3200,3200
16924,0,3200,3200
16925,0,3200,3200
16926,0,3200,3200
16927,0,3200,3200
16928,0,3200,3200
16929,0,3200,3200
16930,0,3200,3200
16931,0,3200,3200
16932,0,3200,3200
16933,0,3200,3200
16934,0,3200,3200
16935,0,3200,3200
16936,0,3200,3200
16937,0,3200,3200
16938,0,3200,3200
16939,0,3200,3200
16940,0,3200,3200
16941,0,3200,3200
16942,0,3200,3200
16943,0,3200,3200
16944,0,3200,3200
16945,0,3200,3200
16946,0,3200,3200
16947,0,3200,3200
16948,0,3200,3200
16949,0,3200,3200
16950,0,3200,3200
16951,0,3200,3200
16952,0,3200,3200
16953,0,3200,3200
16954,0,3200,3200
16955,0,3200,3200
16956,0,3200,3200
16957,0,3200,3200
16958,0,3200,3200
16959,0,3200,3200
16960,0,3200,3200
16961,0,3200,3200
16962,0,3200,3200
16963,0,3200,3200
16964,0,3200,3200
16965,0,3200,3200
16966,0,3200,3200
16967,0,3200,3200
16968,0,3200,3200
16969,0,3200,3200
16970,0,3200,3200
16971,0,3200,3200
16972,0,3200,3200
16973,0,3200,3200
16974,0,3200,3200
16975,0,3200,3200
16976,0,3200,3200
16977,0,3200,3200
16978,0,3200,3200
16979,0,3200,3200
16980,0,3200,3200
16981,0,3200,3200
16982,0,3200,3200
16983,0,3200,3200
16984,0,3200,3200
16985,0,3200,3200
16986,0,3200,3200
16987,0,3200,3200
16988,0,3200,3200
16989,0,3200,3200
16990,0,3200,3200
16991,0,3200,3200
16992,0,3200,3200
16993,0,3200,3200
16994,0,3200,3200
16995,0,3200,3200
16996,0,3200,3200
16997,0,3200,3200
16998,0,3200,3200
16999,0,3200,3200
17000,0,3200,3200
17001,0,3200,3200
17002,0,3200,3200
17003,0,3200,3200
17004,0,3200,3200
17005,0,3200,3200
17006,0,3200,3200
17007,0,3200,3200
17008,0,3200,3200
17009,0,3200,3200
17010,0,3200,3200
17011,0,3200,3200
17012,0,3200,3200
17013,0,3200,3200
17014,0,3200,3200
17015,0,3200,3200
17016,0,3200,3200
17017,0,3200,3200
17018,0,3200,3200
17019,0,3200,3200
17020,0,3200,3200
17021,0,3200,3200
17022,0,3200,3200
17023,0,3200,3200
17024,0,3200,3200
17025,0,3200,3200
17026,0,3200,3200
17027,0,3200,3200
17028,0,3200,3200
17029,0,3200,3200
17030,0,3200,3200
17031,0,3200,3200
17032,0,3200,3200
17033,0,3200,3200
17034,0,3200,3200
17035,0,3200,3200
17036,0,3200,3200
17037,0,3200,3200
17038,0,3200,3200
17039,0,3200,3200
17040,0,3200,3200
